1,1,1,3,0,0,0,2,5,15,5,6,0,15,21,2,2,8,13,2,0,5,6,2,4,4,14,2,3,2,5,1,1,2,6,0,0,3,9,1,7,2,6,0,10,46,4,6,13,2,3,3,1,4,7,0,29,4,4,4,20,6,5,11,21,9,1,3,7,0,5,2,0,2,1,11,2,4,7,2,7,1,7,0,7,2,1,1,3,5,4,1,17,2,3,6,7,14,4,4,0,2,0,1,2,5,17,9,0,2,4,11,0,0,3,4,1,0,1,0,7,2,2,1,0,1,0,2,2,3,0,0,2,0,10,3,0,0,1,0,2,2,3,1,3,0,0,0,9,10,1,0,1,9,1,0,0,3,1,0,4,1,1,14,4,12,10,1,2,4,5,7,4,7,6,1,2,1,12,61,12,6,1,1,9,1,4,0,2,7,6,8,13,1,2,4,3,13,6,6,2,0,9,1,2,4,3,4,1,6,0,1,0,4,7,10,2,6,14,0,5,2,1,17,0,0,16,2,0,7,1,6,15,2,11,21,2,7,2,0,3,1,1,0,0,2,3,9,1,8,10,10,4,1,13,7
0,0,6,4,1,3,1,4,2,11,8,1,0,2,13,1,8,19,15,1,1,1,4,1,6,2,6,5,1,2,1,0,1,2,3,20,1,3,4,1,2,1,11,3,13,20,7,0,11,3,5,0,3,1,8,1,14,2,7,4,32,3,12,5,12,1,1,0,2,0,5,0,2,0,4,4,2,0,0,2,2,2,7,0,1,1,2,2,11,3,12,2,3,1,1,2,0,6,0,1,0,0,0,3,1,6,9,1,1,1,0,1,1,1,4,3,3,1,0,0,2,1,0,2,0,1,0,3,2,16,0,0,8,1,0,0,2,3,0,3,0,5,4,4,5,0,1,10,6,1,1,1,1,0,0,0,8,0,4,0,2,0,4,12,7,17,2,2,4,10,4,2,3,1,8,3,2,1,2,66,24,1,1,0,5,1,3,2,1,7,2,6,7,2,1,10,5,7,5,7,2,3,3,1,1,0,12,2,2,1,2,7,3,8,2,4,4,3,8,13,4,2,2,11,1,6,12,8,6,6,2,6,5,1,16,8,0,11,3,0,2,2,4,0,4,0,0,0,3,1,8,25,1,0,1,7
0,1,3,2,2,0,2,0,6,7,18,2,0,2,12,3,1,20,6,0,2,7,2,0,3,5,0,2,0,0,6,2,0,2,4,5,0,2,0,0,7,3,8,1,15,37,12,0,14,1,0,2,0,6,5,2,23,5,4,7,23,1,17,5,12,2,1,0,9,0,3,3,1,0,4,0,0,4,0,2,2,18,11,1,2,0,6,0,2,7,9,4,13,3,2,0,4,11,1,3,5,1,1,0,0,0,9,1,2,3,1,3,3,3,2,3,2,1,0,1,1,1,4,1,0,1,0,2,0,6,0,0,3,3,1,0,1,3,0,1,0,4,11,0,2,1,5,0,4,4,2,1,0,1,1,2,1,0,0,3,0,2,0,24,6,15,5,0,0,11,6,3,5,1,6,1,3,1,19,49,7,3,3,7,5,0,5,0,1,2,13,7,12,1,1,3,1,0,7,0,2,2,5,2,0,1,1,2,0,5,2,3,2,3,0,1,3,4,5,1,4,1,0,13,1,0,15,0,1,19,0,0,13,5,16,18,0,31,4,0,4,2,0,3,2,3,3,6,0,6,10,18,4,1,4,8
1,1,2,4,0,1,1,6,12,19,4,7,1,26,16,2,5,10,12,5,1,6,2,0,6,3,3,0,0,1,3,5,2,2,7,13,1,4,6,0,6,4,3,1,10,46,9,1,17,1,6,2,0,8,2,0,31,1,0,3,19,2,3,9,4,3,5,0,8,0,5,3,1,0,9,1,2,4,3,6,1,1,9,0,0,0,0,0,3,2,4,2,10,1,2,0,9,17,4,2,1,1,2,0,1,2,15,3,2,2,0,10,2,2,1,1,1,1,0,0,5,0,5,0,9,10,1,14,0,0,0,0,2,1,6,0,0,2,1,0,0,0,4,0,3,0,2,1,1,0,2,0,0,1,0,0,1,0,0,0,1,0,17,8,2,7,8,2,0,5,11,12,2,5,1,1,1,0,10,38,6,1,1,1,7,1,0,0,1,5,6,4,12,0,0,2,1,2,8,1,4,1,5,1,0,0,6,2,1,5,1,1,0,6,0,6,2,1,2,1,1,2,3,4,1,1,7,0,15,4,1,1,5,5,11,17,3,44,5,4,6,3,2,3,2,1,1,6,2,2,8,25,1,3,1,6
2,0,2,7,1,1,0,3,3,9,6,6,1,0,11,3,9,15,6,2,2,2,2,2,4,8,11,2,3,1,2,1,2,0,2,2,0,1,4,1,6,1,7,2,13,34,10,2,15,5,0,2,0,5,0,4,29,1,4,8,19,0,12,6,1,1,1,1,6,0,10,4,1,0,8,0,0,3,0,0,2,6,2,0,4,0,1,0,1,10,8,2,10,1,1,2,1,10,1,1,1,1,1,0,0,1,10,1,0,2,0,1,1,1,3,1,0,0,0,0,2,0,2,1,0,1,3,1,4,1,1,3,1,0,5,0,1,1,3,2,1,4,10,0,3,0,2,1,33,7,0,0,1,0,0,0,1,1,4,4,3,0,4,10,3,17,3,3,1,9,15,2,7,0,3,1,4,0,22,47,8,1,0,1,0,2,8,1,1,6,1,5,14,0,0,6,1,0,11,5,3,1,4,2,1,1,0,2,1,3,2,9,1,10,1,1,3,3,9,1,2,1,1,15,2,5,10,1,9,6,2,1,5,3,22,14,1,26,3,3,1,3,1,2,1,1,9,7,3,3,15,25,0,1,3,7
3,1,3,14,1,1,2,4,4,5,2,0,3,1,3,1,7,12,4,5,2,5,0,0,0,5,7,0,1,9,4,7,0,0,2,4,2,0,0,3,6,2,10,0,12,12,2,1,9,1,2,0,1,9,1,2,9,7,4,4,20,2,11,4,5,6,2,0,3,3,6,5,2,3,2,0,3,5,0,1,2,3,2,2,3,0,4,0,3,4,11,2,8,3,2,2,2,5,2,4,1,1,3,0,1,6,7,4,2,4,1,4,2,0,0,1,1,0,3,0,6,2,3,3,2,7,1,6,2,7,1,1,1,0,2,2,0,2,0,4,3,4,2,1,3,1,0,0,4,1,1,0,1,5,9,5,0,1,1,1,2,1,10,12,8,17,2,1,0,13,0,13,3,2,7,1,5,1,8,54,7,3,0,0,11,1,4,2,1,4,8,9,6,0,0,10,4,1,10,3,5,2,2,1,0,1,0,3,1,2,2,2,2,7,4,3,3,1,3,6,4,2,0,12,1,10,21,1,4,11,3,1,5,4,17,7,4,32,9,1,2,2,0,2,4,1,6,1,2,2,7,13,1,3,0,7
1,2,0,7,1,0,0,5,2,13,13,3,7,1,11,1,17,17,11,1,3,5,0,2,5,21,5,1,5,1,4,0,0,3,0,2,2,5,0,0,4,3,7,1,9,37,1,3,14,1,3,1,4,4,0,3,23,3,7,5,18,5,8,5,2,3,1,2,5,0,5,4,3,1,4,0,2,2,1,6,4,4,4,1,3,4,6,4,1,3,7,1,5,2,3,3,7,10,0,1,0,0,1,0,1,0,10,1,2,2,0,2,4,2,1,0,3,0,3,0,1,0,1,4,0,0,0,1,2,4,1,2,9,1,3,2,2,1,0,0,0,0,1,3,1,0,2,0,2,9,0,1,0,5,0,0,1,1,1,3,14,0,0,8,2,13,7,2,3,11,12,1,3,2,5,1,1,0,16,64,10,0,0,2,2,0,2,3,0,14,9,2,11,0,3,10,2,1,8,0,4,1,4,2,3,2,0,2,1,7,3,3,0,6,0,1,5,7,9,2,1,5,1,10,2,2,14,1,0,9,0,8,2,2,13,9,5,12,1,2,3,2,1,4,0,1,3,11,1,0,9,25,0,0,8,3
1,0,3,3,5,2,1,1,2,7,4,2,2,1,15,0,8,19,6,6,5,3,0,0,6,11,16,1,2,0,4,3,2,5,2,11,1,10,2,2,2,3,12,2,12,24,5,1,7,1,1,0,2,10,1,2,20,3,1,5,20,4,15,2,8,5,1,0,6,0,9,7,2,2,1,0,1,7,0,3,2,4,3,1,3,0,4,1,1,3,11,2,9,1,1,2,5,8,4,3,4,0,1,0,1,2,9,4,1,5,1,1,4,6,3,2,3,0,1,0,2,0,1,1,0,8,0,0,3,6,2,0,3,2,3,2,2,1,11,0,0,0,5,2,8,0,2,0,5,2,3,0,2,0,1,2,0,1,0,6,1,1,5,7,6,16,1,3,0,12,5,1,3,5,7,1,2,0,18,43,8,1,5,8,4,1,1,1,2,5,5,10,8,0,1,6,4,5,10,4,7,5,4,0,9,4,19,0,1,3,9,1,0,6,3,2,1,6,12,12,1,2,3,27,0,0,12,1,7,9,0,2,6,0,16,12,2,16,9,2,0,0,0,7,3,0,1,5,5,2,6,12,0,0,2,5
0,2,4,11,1,1,4,1,5,8,10,8,3,9,12,1,15,14,5,3,1,3,0,2,2,1,1,1,4,1,3,1,0,0,1,5,1,0,1,1,1,0,11,0,9,36,2,2,10,4,1,3,4,0,2,2,22,3,1,3,18,1,12,7,9,0,0,3,7,3,11,3,1,0,3,0,2,2,1,4,4,1,3,4,0,0,1,0,6,4,8,0,6,1,2,4,2,8,2,3,0,1,0,2,5,2,10,3,1,5,0,1,1,2,0,4,0,2,0,0,3,1,9,1,7,9,0,9,1,3,0,0,4,1,2,4,0,2,0,1,0,7,3,0,3,0,2,1,3,2,1,0,3,2,2,1,0,2,0,3,4,1,4,3,8,12,2,2,5,8,3,6,6,0,4,1,0,2,14,42,8,3,0,3,5,1,2,0,1,2,4,7,12,0,0,7,0,1,12,5,6,0,6,0,6,0,0,5,2,3,1,4,1,6,4,2,9,2,7,2,3,1,1,11,3,2,13,0,13,5,2,7,7,2,24,13,3,53,5,0,3,2,1,8,2,1,5,4,2,1,12,24,2,0,1,7
0,0,0,3,0,0,2,5,1,12,4,6,2,0,7,3,16,17,7,6,2,5,2,0,5,1,19,1,0,0,4,4,2,1,1,4,0,2,1,1,4,0,7,0,10,43,5,0,11,5,3,0,1,8,1,2,23,3,2,7,19,5,8,3,4,4,0,0,7,1,7,2,2,0,8,1,1,6,0,10,2,4,2,3,4,1,2,0,3,4,8,0,20,0,0,1,5,10,3,1,1,1,0,2,1,3,13,1,2,4,0,1,2,0,4,0,3,0,3,0,1,1,3,4,0,1,0,2,3,5,1,0,5,0,4,0,2,1,7,0,1,1,5,0,0,0,1,0,4,1,0,1,0,2,1,3,1,0,0,0,0,2,6,15,3,9,3,4,1,8,7,5,3,0,4,1,1,1,23,50,9,3,0,3,19,2,2,2,0,8,6,9,14,0,1,3,3,3,9,3,2,2,3,0,1,2,2,2,1,3,3,1,1,5,0,0,3,5,7,3,5,3,3,11,0,5,15,0,5,4,0,7,2,0,19,18,0,22,5,0,1,2,0,3,2,0,1,5,0,0,14,23,2,0,1,3
0,0,1,4,0,1,2,2,2,11,4,4,3,0,10,2,8,11,3,1,4,5,1,0,3,2,9,0,0,0,3,2,1,0,3,4,1,1,0,0,2,0,4,0,7,39,7,3,12,2,3,2,5,0,1,6,27,2,5,2,16,3,5,9,1,4,0,0,13,0,6,2,1,1,4,5,0,3,2,7,0,8,1,3,5,1,4,1,3,4,9,1,10,1,1,3,3,10,1,4,2,1,1,0,2,0,12,3,3,6,1,2,1,0,5,1,3,0,0,0,0,0,1,4,1,4,1,0,1,3,1,2,2,1,5,0,3,2,1,1,1,1,2,3,3,0,2,1,6,3,0,0,2,0,1,4,2,0,4,5,5,2,1,29,6,8,2,4,0,6,2,4,3,0,9,3,2,0,21,47,9,4,3,4,9,3,3,0,1,7,2,3,10,3,0,4,2,0,10,3,6,0,10,1,1,1,0,1,0,9,2,1,1,3,0,0,1,7,1,1,3,1,1,6,2,8,9,3,1,2,1,6,5,3,19,22,1,24,5,1,5,1,0,5,1,4,3,4,5,4,7,10,1,0,3,4
0,0,0,7,2,0,6,1,7,7,6,1,6,0,13,1,15,13,7,2,1,0,1,2,3,6,8,0,1,2,4,5,2,0,2,1,1,0,4,0,3,1,6,0,9,29,3,8,10,3,0,0,1,3,5,2,19,3,6,5,19,2,5,5,2,5,1,1,3,0,3,2,3,0,1,0,1,5,1,3,1,10,5,2,3,2,0,0,2,3,9,2,8,2,1,0,10,9,0,3,1,2,1,0,0,0,15,1,0,4,1,2,3,3,3,1,2,1,4,0,0,0,2,2,0,0,0,1,1,2,0,0,0,1,2,1,0,9,0,0,0,2,4,2,3,0,2,0,3,4,2,0,0,1,1,8,0,0,0,3,5,0,9,32,3,6,4,1,0,9,5,4,3,0,2,2,0,1,22,44,7,3,2,3,8,0,0,2,0,8,12,12,8,0,2,4,5,1,11,2,8,1,1,0,0,1,4,1,1,2,2,0,1,5,1,5,2,1,2,2,3,1,0,10,0,9,10,1,2,3,0,2,6,5,20,17,6,26,3,0,1,0,0,9,1,1,11,2,2,2,13,13,0,0,0,4
1,0,1,0,6,0,1,7,6,17,1,6,2,0,14,9,2,2,11,10,2,5,1,0,4,5,2,0,0,0,1,4,8,4,7,3,1,1,7,1,4,0,4,0,6,81,9,4,17,0,12,0,0,1,3,6,44,1,3,7,20,6,7,7,0,0,2,2,5,9,2,3,1,6,1,0,3,7,1,2,0,0,0,2,3,0,1,1,6,3,3,5,11,2,1,4,1,13,2,3,0,0,0,0,0,0,15,5,0,1,4,1,0,2,0,4,3,1,7,0,1,2,2,1,1,0,5,0,0,2,4,3,4,0,12,1,4,4,3,1,0,1,0,1,2,0,1,0,8,1,0,4,3,0,0,1,8,0,4,5,4,2,1,5,6,3,5,10,13,4,7,0,8,1,2,0,4,1,4,26,6,2,0,1,4,3,2,0,0,12,8,3,14,3,0,2,4,0,0,1,5,0,9,1,0,0,1,0,2,1,1,5,0,2,8,1,8,0,2,2,0,1,2,4,3,1,8,3,2,18,0,2,6,0,4,27,0,4,14,3,9,0,0,4,1,12,4,3,2,6,14,5,0,0,0,4
1,0,0,2,1,2,2,1,4,9,3,2,0,1,11,1,9,14,7,4,4,2,3,3,3,4,6,4,12,2,1,1,0,1,3,1,1,0,0,1,2,2,8,1,13,24,3,6,10,4,0,4,1,0,1,1,17,3,0,4,17,2,11,10,6,5,7,0,5,0,2,2,1,0,3,8,0,2,0,9,1,0,3,3,1,0,3,1,2,5,8,3,6,3,1,1,2,10,2,0,2,1,1,28,0,11,10,6,0,2,1,1,0,0,2,2,0,0,1,0,3,0,2,3,0,2,0,16,0,2,2,0,6,0,1,2,1,0,0,3,0,0,3,2,1,0,0,0,4,3,1,4,0,0,0,0,1,0,0,0,0,4,1,1,6,14,7,0,0,9,4,0,1,2,9,3,2,1,11,56,15,3,0,0,18,0,1,0,2,5,3,4,8,2,2,5,4,0,5,7,7,1,9,2,0,1,1,4,0,3,3,1,1,4,1,3,4,9,7,2,0,1,0,15,0,0,8,1,2,7,1,5,3,1,15,15,3,7,4,0,3,1,0,0,4,1,0,1,0,3,6,21,2,4,14,5
1,2,4,1,0,0,0,2,5,13,10,4,0,0,23,3,8,17,14,0,2,5,8,0,5,5,2,1,4,3,4,3,7,1,6,12,0,4,7,1,2,1,9,3,10,43,1,1,14,6,2,1,0,0,2,2,28,5,3,5,21,1,6,7,17,5,1,0,9,0,8,1,1,0,3,2,1,5,6,3,2,4,4,2,4,0,3,2,4,2,6,2,13,3,2,10,2,11,1,1,0,2,1,0,0,2,12,3,0,3,0,0,7,1,3,2,2,0,0,0,0,0,2,1,5,11,2,2,1,4,0,2,2,2,4,1,3,0,1,1,1,0,5,0,1,2,4,0,4,3,0,0,1,5,0,3,2,1,1,2,2,0,0,6,3,18,2,2,1,6,3,0,5,1,4,1,1,0,8,46,10,0,0,2,3,0,2,1,3,4,13,7,11,1,6,1,1,1,8,3,7,3,8,2,1,1,2,2,0,4,2,3,0,3,1,5,6,7,2,1,2,3,1,13,1,9,13,3,5,9,0,5,8,4,16,18,1,35,6,4,5,3,2,4,4,1,2,6,3,1,10,8,2,0,3,7
3,1,1,7,0,0,1,1,6,10,8,7,1,18,14,3,2,10,7,3,2,1,1,0,4,6,1,0,0,8,2,2,4,0,4,10,0,2,3,1,2,1,5,0,8,45,3,2,11,1,1,3,3,7,1,2,29,2,2,3,18,2,5,4,4,3,2,0,11,0,5,3,0,1,0,0,2,2,2,7,1,1,1,0,0,3,2,1,2,4,5,3,9,2,1,3,0,11,2,3,0,3,0,0,2,3,13,1,2,3,1,5,1,0,0,0,3,0,0,0,4,1,0,0,2,9,0,5,1,1,0,1,3,1,1,1,1,1,1,7,0,0,1,1,4,0,0,0,5,3,1,2,5,2,1,2,4,0,2,0,3,1,13,7,4,17,2,1,2,9,4,9,4,1,1,3,0,1,5,43,6,2,0,0,3,0,0,0,2,7,8,6,11,1,2,2,3,3,7,2,0,1,5,0,2,0,0,5,0,4,0,1,0,3,5,2,4,3,4,1,2,1,1,5,1,1,15,3,16,8,1,5,11,1,17,22,4,18,4,7,4,3,0,3,2,2,3,8,10,2,13,11,3,0,18,4
0,0,0,3,2,1,1,2,4,10,3,1,1,0,15,4,3,10,24,0,1,5,1,1,7,1,5,2,4,1,1,0,2,0,5,0,0,0,5,0,5,0,6,0,7,38,6,9,8,3,1,1,0,5,1,0,28,4,2,2,16,2,7,5,2,3,2,2,3,0,5,3,2,0,3,3,0,6,0,7,3,6,3,1,6,2,1,2,6,4,6,1,10,1,4,6,6,12,0,1,1,0,1,0,2,1,11,2,0,1,0,2,1,0,10,3,2,1,2,0,5,0,2,6,0,0,0,0,3,2,2,0,0,0,1,1,5,0,3,10,0,3,10,0,2,1,0,0,3,2,0,0,2,9,0,1,1,0,2,0,0,0,0,12,5,8,18,4,1,5,6,3,4,1,4,1,2,1,8,59,19,6,4,1,26,0,5,1,0,9,11,11,12,1,1,4,2,1,3,4,1,0,6,1,4,12,1,2,1,2,1,1,0,7,3,7,7,6,13,1,1,1,0,13,1,4,8,1,0,7,0,2,4,4,11,17,2,5,2,0,8,0,1,0,2,2,1,6,0,0,10,14,2,0,8,5
1,0,0,0,3,0,0,1,5,6,0,11,3,4,9,0,13,13,17,3,2,6,3,0,4,4,4,1,4,4,1,3,0,4,5,4,0,2,8,0,4,3,6,2,12,24,3,0,8,0,2,3,0,7,1,0,25,5,1,1,18,4,12,6,3,2,0,2,2,2,3,1,1,1,2,0,3,2,6,5,1,1,1,3,3,1,1,1,1,1,9,2,4,2,2,3,1,6,2,2,0,0,2,0,0,6,7,4,4,3,2,4,3,2,6,3,1,0,2,2,4,0,2,0,9,17,4,5,2,4,5,2,2,0,2,8,2,3,5,1,3,4,6,1,4,0,0,1,2,1,2,1,1,1,1,0,1,1,3,1,6,0,1,4,5,4,5,2,3,9,6,1,3,1,2,2,2,2,5,45,9,0,1,1,5,5,3,2,0,10,12,8,9,2,3,9,1,1,4,4,2,3,3,0,0,0,0,1,0,3,1,0,0,5,8,3,0,5,3,29,3,1,0,9,0,5,8,2,7,4,0,3,8,1,12,8,1,22,5,0,4,3,1,3,2,3,2,2,0,5,11,11,1,3,10,6
2,0,6,3,0,0,0,2,8,14,5,5,1,0,15,0,2,12,8,2,1,4,1,0,6,2,6,1,2,4,4,3,1,1,7,20,0,0,1,3,2,0,6,1,4,44,7,1,17,0,0,13,0,1,5,0,33,2,3,1,18,0,4,5,4,5,0,1,1,1,6,5,0,2,0,4,0,5,0,4,2,4,2,2,1,0,1,0,2,6,4,4,8,0,0,4,2,12,0,3,0,1,2,0,1,7,14,4,1,2,1,1,0,2,5,2,3,0,1,0,0,3,0,4,1,0,0,4,0,2,1,1,3,0,1,0,0,1,1,0,1,5,1,0,0,0,1,0,5,2,1,1,3,3,0,1,0,0,5,3,2,0,0,20,4,6,7,1,2,7,5,3,4,0,7,1,2,0,4,57,21,2,1,0,4,1,7,0,0,2,11,8,12,0,2,2,0,1,4,2,10,1,6,0,0,3,1,3,1,5,2,1,0,3,3,0,3,7,7,3,5,2,1,13,0,0,9,6,9,9,1,5,6,3,9,21,2,12,5,0,5,0,0,4,2,4,2,0,2,2,15,12,1,0,1,6
0,7,4,3,1,3,0,0,6,13,1,7,0,2,13,1,1,10,17,1,0,11,3,1,6,3,0,1,0,2,4,4,3,2,5,6,2,2,4,0,4,2,7,1,6,50,5,3,13,1,4,1,0,1,2,0,40,1,3,2,17,4,5,9,4,5,1,0,1,0,5,1,2,2,1,1,3,2,3,10,2,1,3,3,1,1,1,0,4,6,4,1,11,3,2,3,2,12,0,1,0,0,2,0,0,0,11,0,1,3,0,7,1,2,4,2,3,0,0,2,1,2,15,3,7,5,1,6,5,7,1,0,5,1,8,2,0,3,2,1,0,1,5,1,3,0,0,1,5,3,1,7,3,1,3,2,1,0,2,4,2,3,0,13,4,4,8,2,0,6,2,2,2,0,1,2,1,1,5,41,11,3,0,1,3,2,4,1,1,16,6,9,11,1,6,3,2,5,3,4,1,0,11,4,0,0,4,0,3,1,3,2,0,2,3,7,3,5,6,1,2,3,2,5,2,2,8,3,2,7,0,1,9,3,8,13,0,47,9,0,3,3,1,3,2,12,5,5,7,4,9,9,2,0,3,3
9,1,2,5,0,0,0,0,3,14,1,3,0,3,19,3,3,16,2,2,1,0,4,0,1,3,1,2,0,0,2,1,2,0,7,10,0,2,0,1,8,1,3,0,7,56,8,1,16,0,0,2,1,4,2,2,37,0,7,1,39,1,3,13,3,4,0,2,7,0,5,0,2,0,1,1,0,6,3,6,1,2,4,1,0,1,1,1,8,6,2,1,14,2,1,5,3,16,2,2,2,0,1,0,1,7,15,1,4,1,2,1,1,0,2,0,2,1,0,0,4,1,1,3,1,2,0,4,2,16,0,2,2,0,4,0,0,0,1,14,1,4,12,0,1,0,3,1,6,4,0,8,3,3,0,1,0,2,0,4,0,0,2,11,3,10,6,1,4,3,4,3,7,3,1,1,0,0,10,26,17,1,1,0,4,1,0,0,0,8,2,9,15,0,2,2,4,1,9,3,3,1,7,1,4,0,1,1,1,5,0,4,1,5,3,2,3,6,2,1,3,3,0,6,2,3,15,1,7,11,1,2,7,4,11,31,3,19,2,2,5,4,1,5,2,3,3,2,4,0,9,8,1,0,2,2
0,4,1,4,3,0,0,2,3,9,10,7,0,11,15,1,12,16,9,2,0,7,4,4,7,4,4,10,2,1,3,4,1,0,5,2,0,0,6,3,1,1,13,0,7,34,5,2,15,5,2,4,0,0,1,1,23,1,0,1,18,2,9,5,15,2,1,1,4,0,7,1,4,1,6,0,1,2,2,2,1,7,2,4,3,0,2,0,1,7,8,2,5,0,0,4,6,12,4,1,0,0,1,0,2,1,9,1,0,3,0,5,0,1,1,1,2,0,0,1,2,1,1,1,1,1,0,4,0,5,1,0,2,0,2,0,1,1,0,0,0,0,5,0,2,0,1,0,4,1,0,3,1,1,1,1,0,3,0,1,2,0,6,12,5,16,11,4,2,7,11,5,4,2,7,2,1,0,12,47,7,1,1,4,5,1,2,0,0,3,4,4,11,0,1,4,0,4,7,5,2,0,8,0,1,0,1,2,1,3,1,0,0,6,3,4,0,1,4,2,1,2,0,12,1,1,11,0,7,5,0,3,1,3,20,19,0,34,4,0,3,2,1,10,2,1,5,2,9,1,10,26,1,1,2,6
0,0,1,3,3,1,2,1,4,6,1,3,2,1,7,0,3,9,9,4,3,0,2,0,2,1,4,2,1,7,1,0,0,4,5,2,0,3,3,6,3,3,8,0,11,32,3,6,10,2,1,1,0,1,6,0,18,1,0,0,18,2,5,9,13,6,4,0,3,0,13,0,0,0,3,2,3,8,6,4,0,3,2,3,4,0,2,1,0,2,7,2,5,4,0,1,5,9,5,1,0,1,0,4,0,6,10,7,4,6,1,2,2,0,5,0,4,0,3,1,3,0,1,9,1,10,0,5,0,3,1,1,6,0,7,2,0,0,4,1,3,4,5,1,2,2,2,0,3,5,2,1,6,0,0,0,0,1,1,3,2,0,4,6,4,19,4,2,4,12,3,0,4,2,5,3,1,1,6,51,5,3,1,0,9,0,0,2,0,5,6,7,10,3,3,8,2,0,2,0,12,0,5,1,3,10,1,1,1,3,0,4,3,7,3,3,3,4,9,5,6,1,1,15,0,1,10,1,11,2,0,4,6,0,11,11,2,14,3,2,3,2,0,2,1,2,1,5,1,5,4,9,2,0,1,2
1,2,0,5,3,0,3,4,5,12,6,3,0,4,12,1,7,10,8,4,2,3,1,1,10,2,8,0,2,1,0,2,0,0,5,10,0,1,4,1,5,0,8,0,8,48,15,3,14,0,1,7,0,1,2,0,29,6,3,2,18,6,6,8,9,3,0,12,7,0,2,3,0,0,1,5,2,4,0,3,2,4,1,1,2,0,2,0,3,10,6,5,11,5,3,9,3,11,0,1,2,1,0,1,2,1,14,3,2,2,1,0,1,0,1,5,1,0,0,0,1,2,4,3,0,0,0,5,1,4,0,1,6,0,1,0,0,2,3,3,1,5,2,1,3,5,2,1,4,2,0,2,2,3,0,1,3,2,3,0,1,1,2,19,2,10,3,2,0,9,1,7,11,0,3,2,0,1,4,47,15,3,2,2,2,0,4,5,0,2,14,6,13,0,3,3,2,1,5,1,6,6,2,0,1,2,2,2,1,4,5,0,1,6,0,3,4,2,1,0,1,2,0,9,0,2,10,0,1,6,0,2,4,5,11,19,2,15,3,0,4,5,0,3,1,0,0,2,0,3,11,14,0,0,2,5
0,0,3,9,0,0,0,0,7,8,4,4,1,3,13,3,9,12,7,0,2,3,0,0,5,0,4,4,0,1,2,2,1,2,3,1,1,0,9,1,5,1,10,2,5,36,6,1,15,0,3,1,3,3,3,2,23,7,0,9,24,5,8,7,11,3,5,2,5,0,9,1,1,2,5,0,2,6,0,6,1,4,4,1,1,3,1,2,7,5,10,2,9,2,3,1,1,9,7,2,1,2,1,0,0,1,10,5,2,3,1,3,2,0,3,2,4,2,2,1,1,1,5,3,0,2,0,2,3,3,3,0,2,0,1,0,1,2,0,0,1,4,2,0,0,0,5,0,1,0,0,1,1,3,0,1,2,1,2,1,1,0,0,13,6,8,6,3,0,5,0,7,6,0,6,1,0,1,4,39,11,1,1,2,1,0,4,1,2,2,8,6,12,1,0,3,8,1,5,2,7,3,6,0,2,2,2,1,0,5,1,2,1,4,3,1,2,5,6,3,3,1,2,14,1,2,12,3,8,10,0,2,5,1,14,12,0,32,4,0,6,2,1,2,6,4,1,1,1,3,7,22,0,3,1,6
0,0,1,5,1,1,1,2,7,11,0,5,0,11,10,3,5,9,11,2,2,9,0,0,5,3,6,0,0,2,0,3,1,1,4,3,1,1,0,0,2,1,8,0,8,40,6,1,10,1,1,1,2,3,0,1,24,4,0,4,18,3,4,9,3,2,3,0,7,0,4,4,5,3,2,0,1,4,0,6,1,0,2,2,3,0,1,0,0,6,5,5,10,4,4,1,1,11,1,1,2,1,1,0,4,0,11,4,0,1,0,7,1,2,2,1,1,0,1,1,5,1,3,0,1,7,0,11,0,2,0,1,1,1,6,3,1,1,4,7,3,5,4,1,3,0,1,0,4,4,2,0,1,1,0,1,3,0,0,0,1,0,10,6,4,21,6,3,1,9,2,6,6,2,2,1,1,1,12,43,10,5,0,0,14,0,3,0,1,4,6,8,12,0,1,5,2,1,2,5,4,2,7,0,2,0,2,1,1,3,1,0,0,6,1,1,4,4,1,4,3,2,2,16,1,0,7,7,12,6,5,1,7,3,16,19,2,31,0,2,6,1,1,2,2,2,3,5,1,1,8,15,1,0,17,2
4,2,0,6,0,1,1,2,2,10,2,4,5,1,17,0,16,18,8,7,1,3,5,0,1,2,4,1,1,0,4,4,0,0,3,4,1,3,1,0,4,1,13,3,8,31,2,1,11,3,7,0,2,3,1,0,19,6,0,1,17,4,7,8,18,3,0,0,6,0,7,6,1,2,1,0,0,2,4,5,6,7,6,1,4,0,0,1,0,2,7,4,12,2,1,4,2,10,1,0,0,3,2,0,0,2,12,3,3,1,1,2,1,0,4,2,3,0,3,0,0,2,2,1,1,0,0,14,0,9,0,1,2,4,5,4,1,2,0,1,0,1,5,0,2,2,2,1,3,3,1,0,1,0,0,0,0,0,2,2,2,0,2,18,2,16,2,1,0,7,4,1,5,0,3,1,1,0,11,55,11,0,0,3,1,0,3,0,2,5,4,5,8,0,2,4,0,0,7,6,6,1,6,0,3,3,1,1,3,3,3,2,0,6,2,3,8,4,1,5,1,1,0,11,1,0,16,0,0,14,0,2,15,2,24,16,2,33,6,0,5,1,2,6,2,2,1,5,10,2,8,27,2,0,0,1
2,0,1,1,1,0,4,1,8,11,2,5,9,2,11,4,7,5,8,8,4,5,2,0,7,5,6,0,2,0,1,5,0,1,10,1,0,0,0,1,5,1,5,1,5,72,6,0,11,0,11,2,0,1,2,0,47,2,0,1,19,6,7,8,4,2,1,2,3,0,4,1,1,0,0,0,1,3,0,5,0,0,0,3,1,0,3,0,1,3,5,0,3,2,1,2,2,11,4,5,1,1,1,0,0,0,14,1,2,5,2,7,1,1,0,3,6,0,2,1,1,1,2,4,3,3,3,0,0,1,1,5,2,0,3,1,10,2,3,2,0,3,0,5,2,0,0,0,4,3,1,1,2,1,0,10,1,0,2,20,3,0,1,6,1,0,8,2,8,6,6,2,6,0,2,0,1,2,0,17,2,2,3,1,19,0,1,1,0,13,12,13,14,6,1,5,5,1,3,3,1,2,8,2,3,0,1,0,7,2,0,7,0,5,7,2,1,0,4,5,2,2,0,14,2,0,1,1,4,5,0,3,7,1,4,60,0,3,8,0,4,1,4,8,3,10,2,3,1,13,9,7,0,1,4,5
1,1,2,4,1,0,1,2,10,10,2,1,1,0,11,0,6,13,6,1,2,5,1,1,5,6,9,0,1,1,4,3,1,0,7,3,1,2,0,1,4,5,14,1,11,43,1,2,13,3,4,0,2,5,3,2,25,1,2,8,19,4,13,6,5,2,0,1,5,0,8,0,2,0,0,0,1,4,1,5,1,1,1,2,1,1,3,3,4,8,9,4,10,2,1,1,2,8,1,2,0,0,1,1,1,0,9,1,0,3,0,2,3,0,1,0,6,1,1,0,1,4,12,2,1,0,3,2,2,1,1,2,3,0,5,2,1,1,4,1,1,0,1,5,2,0,1,0,1,0,1,1,1,4,1,3,1,1,2,2,3,1,4,7,11,7,5,7,1,8,2,2,8,1,4,1,0,0,10,43,7,2,0,2,6,2,7,1,0,7,6,9,11,5,2,4,1,2,11,6,3,1,2,2,4,2,7,0,2,0,2,4,1,3,1,2,4,2,10,3,2,0,0,10,3,2,11,2,6,3,0,3,8,2,10,15,2,26,7,2,2,5,0,7,5,4,2,1,0,1,7,10,1,0,1,7
1,0,6,6,2,0,1,6,7,15,1,7,0,6,23,1,11,20,16,4,3,7,3,0,5,1,4,1,11,3,3,0,1,2,4,1,0,1,2,2,4,0,11,0,4,55,6,4,12,5,3,0,1,0,2,0,34,3,5,3,22,5,3,11,5,2,4,3,5,1,7,4,0,1,2,0,2,3,0,5,2,2,2,1,7,0,2,0,6,4,4,3,8,9,4,5,4,12,1,2,0,1,0,0,0,4,14,5,0,1,1,15,0,2,3,1,5,0,3,0,2,5,6,4,0,1,1,3,1,0,0,0,8,2,2,1,0,1,5,3,0,0,4,1,5,0,0,0,7,2,1,2,1,1,0,2,1,0,1,2,2,0,5,7,6,18,7,2,0,4,4,7,5,2,3,1,1,0,12,46,4,0,0,1,5,1,0,7,0,6,1,11,13,1,2,4,1,4,2,5,10,2,2,0,22,3,0,2,1,2,0,1,0,3,2,7,8,3,9,3,1,5,3,15,0,1,9,1,6,7,1,2,7,3,14,22,1,5,5,0,2,5,0,1,1,1,2,6,0,0,14,10,2,1,0,7
0,1,6,1,2,4,1,2,5,11,6,6,0,1,15,0,5,9,14,5,3,1,1,1,5,2,1,4,1,1,1,1,3,0,14,3,1,2,5,3,11,0,7,0,5,49,8,0,13,6,2,8,0,0,3,0,35,7,0,3,21,8,7,6,3,1,1,1,5,0,5,0,2,0,6,0,2,5,0,7,2,0,6,1,0,0,0,0,3,3,4,0,9,1,0,0,1,12,4,0,0,0,2,0,1,3,14,7,3,4,2,0,0,1,0,0,3,0,0,0,3,0,3,0,2,6,0,6,2,3,1,1,4,0,8,5,5,0,1,0,0,0,6,1,7,1,3,0,8,4,0,0,5,0,0,1,2,0,1,1,9,0,10,7,3,12,5,1,1,7,4,0,5,1,2,1,0,0,2,35,11,0,1,0,8,0,0,0,1,5,14,8,12,0,1,1,1,0,3,5,6,2,7,1,2,0,1,1,0,4,2,2,0,4,1,0,9,2,8,0,2,3,0,9,0,11,10,0,11,11,1,2,7,1,8,25,0,42,6,0,2,0,3,3,2,4,0,4,2,3,17,19,0,0,1,3
0,0,1,1,4,0,1,4,7,13,4,6,2,7,9,4,2,3,11,3,3,5,2,1,3,7,4,0,0,1,0,1,1,1,1,1,4,1,1,0,3,1,4,4,11,76,5,3,12,4,11,2,2,0,1,1,53,3,1,7,18,4,8,14,3,3,1,1,7,6,3,1,3,1,4,0,1,5,6,6,0,3,0,2,1,0,0,4,3,5,5,0,5,1,2,3,9,15,0,0,0,2,2,0,5,2,10,0,1,0,2,1,1,1,2,0,1,1,1,0,2,0,3,1,0,0,1,1,2,0,3,5,1,0,2,0,5,4,4,1,3,1,1,1,0,0,0,1,8,7,1,3,1,1,1,2,1,2,2,20,1,1,4,8,3,1,7,3,0,7,13,1,2,5,3,0,2,1,9,17,0,4,3,4,8,1,1,1,0,13,15,9,10,7,1,7,4,0,0,0,1,1,19,0,2,0,13,0,6,3,0,0,0,2,2,3,7,1,3,3,2,0,0,5,0,2,8,0,5,3,1,3,3,1,5,50,1,6,9,6,5,2,2,1,3,17,2,1,3,6,10,4,0,1,0,8
2,7,1,3,0,1,0,0,6,6,10,4,0,1,12,2,21,14,3,3,2,0,1,0,4,0,15,0,1,1,2,3,3,1,12,5,0,0,6,0,4,0,7,0,16,23,13,3,16,2,1,2,3,1,1,0,22,3,8,6,23,0,14,5,9,3,4,5,5,1,7,0,2,1,4,0,3,2,3,4,3,5,6,2,3,0,6,0,0,2,10,2,5,1,0,2,0,7,0,0,0,2,1,0,1,9,9,1,2,1,0,19,0,0,0,2,1,0,1,8,4,1,0,1,4,3,0,8,0,5,0,0,0,0,5,0,0,0,4,0,0,2,4,1,1,0,0,0,2,1,0,1,0,0,0,1,0,0,2,4,4,0,0,9,7,7,6,2,1,13,1,0,4,0,5,1,0,0,7,47,6,5,1,0,4,0,5,2,0,2,2,5,6,0,2,7,4,5,5,1,3,2,3,1,0,1,3,2,1,4,1,0,1,6,3,10,5,4,4,3,2,3,0,19,0,1,9,3,7,8,3,4,15,6,15,10,0,29,11,2,2,1,2,3,3,4,1,6,0,4,10,12,0,1,0,12
1,0,0,2,4,1,0,3,4,13,12,6,0,0,17,3,11,12,14,0,0,6,9,0,8,3,2,0,1,0,3,2,3,0,7,6,2,2,1,1,4,2,7,0,5,50,4,0,17,4,3,0,1,0,2,0,34,2,5,3,23,4,4,5,1,4,5,0,6,0,7,0,4,1,2,2,1,6,0,9,2,9,9,0,2,0,2,0,1,4,5,1,15,0,2,5,6,15,3,1,0,0,1,0,0,2,14,7,1,2,0,1,3,0,1,3,0,0,0,0,2,0,3,1,2,1,0,5,2,12,0,0,7,0,3,6,2,0,6,1,2,0,3,0,2,0,2,0,9,4,2,0,1,1,0,2,1,1,0,1,2,3,0,20,4,7,6,2,2,7,10,2,6,1,4,1,0,0,6,34,11,0,0,0,4,0,1,0,1,8,1,4,14,2,2,4,0,1,9,2,6,0,10,0,2,0,19,3,2,3,6,1,2,5,3,3,8,6,6,5,2,1,1,17,0,9,9,0,3,5,1,6,3,3,10,22,1,19,2,0,3,2,1,2,1,1,0,1,3,2,13,8,1,0,0,6
1,0,2,1,1,0,0,2,4,11,1,4,0,0,12,4,0,8,9,9,3,2,0,0,5,4,3,0,2,1,1,3,0,4,33,1,0,0,0,1,3,2,5,0,14,63,8,0,11,0,10,0,6,1,0,1,33,2,1,0,20,3,10,6,5,1,2,1,3,1,7,0,14,6,3,0,3,3,1,12,0,2,0,4,1,1,1,4,1,19,8,2,12,6,0,2,2,12,2,0,0,0,0,0,0,2,11,1,1,0,0,1,0,0,1,1,7,0,1,0,1,0,1,2,1,0,4,1,0,2,1,1,1,0,2,3,7,3,1,1,1,1,1,3,0,1,0,0,0,3,1,3,0,0,0,9,1,0,2,4,1,0,0,2,6,1,4,1,5,8,4,0,9,0,3,1,0,1,1,10,2,1,0,0,2,1,2,3,0,11,6,5,11,6,2,4,3,3,0,1,1,0,5,0,2,0,2,1,2,0,1,1,0,3,1,0,6,1,4,3,2,1,0,11,1,0,6,5,3,11,1,3,5,0,5,64,1,0,12,2,8,4,0,8,3,5,0,0,1,4,16,3,0,0,1,5
0,0,4,2,1,0,3,3,9,15,4,6,1,1,21,0,5,6,10,4,2,6,0,1,3,4,8,0,0,2,4,6,2,0,2,8,0,1,2,1,4,0,5,0,5,41,1,4,13,2,2,0,3,0,0,0,24,2,1,5,14,1,3,11,5,3,1,3,6,0,10,4,1,2,4,5,0,1,2,4,1,4,4,1,1,0,1,0,3,7,5,0,8,0,1,0,6,12,0,0,0,0,0,0,0,1,13,4,1,0,1,1,2,0,3,6,1,0,0,0,4,2,2,2,6,6,0,8,1,2,0,1,0,1,4,1,0,1,0,0,0,3,2,0,0,0,1,1,2,3,1,4,0,3,0,1,0,0,3,3,2,1,7,9,4,18,4,3,0,3,1,1,5,2,3,2,5,1,12,41,2,1,1,3,3,1,0,1,0,4,5,5,14,0,1,1,1,3,3,5,9,1,5,0,2,10,4,0,1,1,0,1,0,3,6,2,0,3,5,1,2,2,0,9,0,0,7,0,7,4,0,1,2,2,9,17,2,44,3,4,4,1,2,6,3,3,6,5,3,6,11,15,0,0,2,4
0,1,0,4,1,0,1,2,5,11,2,1,1,4,13,1,3,10,13,6,0,1,1,2,3,3,3,1,1,1,1,0,2,1,3,4,0,1,7,1,6,0,5,0,12,39,4,2,12,4,2,0,0,5,5,1,27,3,1,1,20,1,3,6,5,1,2,3,13,0,5,2,0,2,0,0,2,3,5,2,3,9,3,2,4,2,0,0,4,5,5,0,13,1,4,6,4,11,1,2,1,0,0,0,0,1,13,2,1,2,5,26,1,3,6,2,3,0,7,0,1,3,3,4,1,8,0,1,0,6,0,0,5,1,0,0,0,0,1,1,1,0,7,0,1,0,4,0,4,3,2,0,3,7,1,0,0,0,2,1,0,2,0,9,4,17,3,1,4,5,5,0,4,0,4,4,0,0,21,62,12,4,0,0,4,5,2,1,1,9,6,9,12,1,3,3,3,1,7,1,6,0,4,0,1,4,2,2,0,1,1,2,0,4,2,19,2,5,4,0,3,1,0,8,0,0,13,1,3,10,0,10,4,2,7,17,3,21,2,0,2,2,0,3,2,3,4,10,0,2,14,8,0,0,4,3
1,1,1,0,4,0,1,3,0,8,2,3,0,1,6,2,3,7,7,4,4,3,1,0,2,9,6,0,1,1,0,1,2,2,12,1,0,0,0,1,4,2,11,0,11,42,4,2,6,1,7,6,0,6,0,1,25,1,2,7,18,6,14,4,3,1,0,0,0,0,3,0,1,1,2,0,3,3,7,5,1,0,1,10,0,1,2,0,2,4,11,1,8,1,1,1,2,6,0,3,0,1,0,1,0,3,7,1,0,1,0,2,0,3,1,1,3,0,4,0,1,0,3,1,0,0,3,0,1,2,11,1,1,2,1,0,11,5,4,1,0,0,1,2,3,0,0,0,4,3,0,1,1,0,1,14,0,0,21,29,6,2,4,3,7,1,2,2,4,10,1,1,3,1,2,1,1,0,7,14,2,0,0,1,8,0,1,0,0,13,17,5,8,4,0,4,3,1,0,3,3,0,6,0,2,0,0,1,2,2,0,5,2,5,5,1,3,0,0,3,2,0,0,10,1,4,6,3,4,5,0,4,11,0,8,60,3,0,14,7,2,2,0,6,5,9,0,0,1,17,11,5,0,0,1,9
2,1,2,2,1,0,3,1,6,10,0,3,1,0,19,3,2,9,6,3,2,3,4,0,2,1,11,0,0,0,2,3,3,5,8,1,1,2,6,1,2,0,8,0,9,40,3,4,11,1,0,0,2,1,1,0,27,1,7,2,20,2,11,6,10,3,1,1,2,0,3,0,0,0,0,0,3,6,1,8,1,3,3,3,5,1,2,0,2,3,8,3,9,1,1,1,11,12,4,2,0,2,0,0,0,1,12,0,6,1,0,3,1,0,4,7,1,1,0,0,0,2,1,3,0,1,0,7,0,4,2,0,2,0,3,0,1,1,1,0,1,0,4,2,1,0,0,0,4,5,1,2,2,1,1,3,1,1,1,4,4,1,1,14,4,9,5,1,4,9,3,2,3,1,2,2,1,1,8,50,13,1,2,0,4,3,4,0,3,4,1,7,10,1,4,5,5,7,7,1,5,0,3,1,3,0,0,0,4,2,5,1,1,12,1,5,3,4,9,26,0,0,1,10,1,2,11,7,3,5,1,1,5,4,9,16,0,11,2,9,2,1,0,0,3,3,1,9,1,0,5,6,0,0,1,5
2,1,1,3,1,0,1,0,5,9,6,1,0,0,16,2,7,15,13,5,5,4,0,2,7,5,2,1,0,2,5,5,0,2,6,9,0,0,2,3,7,0,7,0,5,35,8,1,17,0,0,3,2,0,1,0,26,0,1,6,19,1,4,6,6,2,3,0,2,1,8,2,1,0,3,0,0,3,0,2,1,2,4,0,0,0,4,0,4,4,5,1,11,1,0,0,5,13,4,1,1,3,2,0,0,3,9,1,1,3,0,21,3,0,1,0,4,1,0,7,4,1,3,1,2,4,0,11,1,4,1,0,1,0,1,2,3,3,0,0,2,1,6,0,2,0,1,0,3,0,2,1,0,2,0,3,0,0,2,0,1,0,3,11,7,20,2,2,2,5,11,1,6,2,6,1,4,0,15,39,6,1,4,2,3,0,0,1,4,1,12,7,11,0,1,2,2,1,6,2,7,0,5,0,2,0,1,0,3,7,1,1,0,2,5,0,2,2,5,3,1,3,1,6,0,0,13,0,8,10,1,4,14,1,13,14,1,29,3,4,2,2,1,5,4,2,2,2,1,2,4,14,2,0,2,6
3,0,0,2,0,1,0,3,2,11,1,5,0,1,18,1,5,15,9,3,0,4,0,0,3,6,6,2,1,0,0,8,1,3,2,4,0,1,12,1,6,1,9,0,10,34,2,1,10,2,9,0,0,0,1,0,25,2,6,1,19,4,5,6,7,3,1,4,7,0,3,1,0,3,4,12,0,5,0,3,2,5,8,2,7,0,2,0,1,3,6,1,7,5,1,4,12,10,0,0,1,0,2,0,0,1,12,2,4,0,0,0,0,0,10,3,0,0,0,0,3,4,1,8,1,0,2,1,1,5,0,0,2,2,4,0,0,0,1,1,1,0,3,0,2,0,2,0,2,2,0,1,2,4,0,0,2,0,0,0,0,0,3,26,5,9,8,2,1,8,3,4,4,3,3,1,3,0,9,43,3,2,0,1,6,1,0,2,0,5,0,4,10,1,1,5,4,2,5,3,6,1,4,0,0,8,18,1,3,7,4,1,1,6,2,3,3,4,6,38,2,2,0,10,2,3,8,1,5,9,0,3,5,3,7,14,0,10,3,0,1,3,1,4,1,0,3,2,5,2,13,13,0,0,2,1
3,1,1,7,1,0,1,0,5,8,3,3,5,17,10,0,12,14,16,4,1,2,6,4,8,3,7,1,1,0,5,4,1,1,7,6,0,2,4,0,3,3,7,2,9,26,7,2,14,0,4,2,1,2,0,1,19,2,2,9,17,4,7,8,16,4,0,3,6,1,3,10,3,5,3,0,0,6,0,2,1,8,2,5,0,3,1,1,9,7,7,4,3,1,2,1,2,10,9,3,3,2,0,0,2,2,10,2,0,5,2,10,2,2,1,0,4,1,0,0,3,0,0,1,1,0,0,3,2,6,1,0,5,2,2,0,0,1,1,1,0,0,0,0,2,0,2,0,5,1,2,1,2,1,0,3,1,0,0,3,0,0,3,4,7,14,5,0,1,10,4,2,5,3,2,2,1,0,10,41,11,7,1,6,1,1,2,0,0,2,7,7,10,1,2,3,4,4,9,5,5,0,8,0,0,2,4,2,1,6,2,3,1,3,4,1,5,3,13,1,1,2,2,14,0,0,10,5,1,6,0,3,9,2,15,13,1,21,6,0,2,4,2,5,5,3,2,2,1,4,6,18,2,5,1,8
2,2,2,0,2,0,0,9,4,10,0,6,1,8,9,5,2,11,5,0,0,1,0,0,3,1,2,1,3,1,1,1,0,0,6,0,1,0,0,1,20,1,6,3,7,40,2,2,11,0,2,1,0,1,0,2,28,4,10,1,19,3,4,16,4,3,6,1,2,0,1,2,3,2,2,1,4,17,1,0,0,2,1,2,2,4,0,0,7,4,7,4,8,5,1,2,2,10,2,3,2,1,1,0,1,4,9,0,3,3,0,2,6,4,1,3,0,1,3,1,1,4,0,1,0,0,0,3,0,1,4,2,2,17,1,1,0,1,4,2,0,2,19,0,2,5,0,0,2,4,1,1,1,0,1,1,0,1,3,3,0,1,5,5,5,2,10,4,5,8,0,2,7,1,4,9,2,1,2,11,0,0,15,0,6,2,0,0,1,6,1,2,12,1,1,30,3,0,2,4,7,1,22,1,3,1,9,0,2,8,3,5,1,3,4,2,5,0,4,23,3,3,2,7,2,0,3,2,0,6,4,5,2,2,4,18,0,0,25,4,3,2,2,1,7,0,2,7,3,2,6,5,14,0,0,7
2,1,0,5,1,0,1,1,0,10,9,3,0,0,11,0,13,11,11,4,1,4,0,0,3,12,2,0,1,2,5,1,2,1,1,1,1,1,0,3,7,2,9,0,7,40,4,2,11,2,0,20,0,2,1,1,31,1,11,6,22,6,10,7,1,5,1,1,5,0,6,1,0,2,3,0,3,3,0,3,4,9,1,1,0,0,2,1,3,5,6,0,7,4,1,8,7,10,0,2,1,0,0,0,0,3,10,2,2,1,0,1,5,1,3,0,0,0,0,0,1,0,2,1,0,0,1,0,0,3,0,0,3,1,0,0,0,0,2,0,0,0,2,2,5,0,1,0,3,2,2,0,1,0,0,1,2,0,2,0,2,0,0,24,6,8,5,1,0,7,8,4,6,2,5,1,0,0,22,53,2,0,1,1,1,1,5,2,1,3,16,9,12,0,0,3,0,0,8,0,5,0,3,0,1,2,3,0,1,2,2,0,1,4,2,1,4,5,9,3,4,1,0,10,0,7,14,0,3,16,0,2,7,2,17,17,3,22,17,1,1,0,0,4,2,0,5,5,0,1,8,11,0,0,2,6
0,0,0,8,0,0,2,5,4,10,6,8,0,1,10,2,5,12,12,4,1,6,3,0,5,4,4,0,1,3,4,0,0,0,2,0,0,0,3,1,1,1,9,0,14,42,1,3,11,5,3,1,3,5,2,0,25,0,2,4,18,5,5,7,1,1,1,1,4,1,4,4,0,0,0,1,2,3,0,4,2,3,2,1,4,2,3,0,2,11,8,2,13,1,4,5,1,12,0,4,0,2,0,0,1,0,12,0,2,6,3,5,0,0,2,3,2,1,2,0,6,1,0,4,1,0,0,2,0,1,0,1,2,0,4,2,0,2,0,3,0,4,3,1,2,0,1,0,4,2,1,0,1,7,0,0,0,1,2,1,2,1,0,10,4,10,5,3,0,9,8,8,2,0,4,1,3,0,17,66,18,3,1,1,5,0,3,1,0,9,4,5,13,0,0,3,3,0,6,1,5,1,3,0,1,6,1,1,0,4,5,4,2,7,3,9,6,3,3,2,4,1,0,16,0,2,12,1,2,6,0,3,3,1,15,13,2,12,4,1,0,8,3,3,3,1,0,7,1,1,17,17,0,1,11,10
5,1,0,7,2,1,1,1,0,5,7,1,0,0,7,1,12,12,9,2,1,2,4,1,4,2,7,0,3,2,3,3,4,1,1,1,2,2,0,2,5,2,16,0,12,24,8,0,8,2,2,3,2,2,0,0,21,6,0,8,23,4,11,2,10,6,3,1,2,1,8,3,2,0,5,0,2,0,3,4,0,3,0,2,3,1,3,0,2,5,14,6,5,5,2,3,4,5,1,2,1,0,0,0,0,2,6,1,5,5,1,1,0,1,0,2,8,1,0,0,0,3,4,2,0,3,0,1,4,0,0,1,3,0,3,2,1,4,11,0,0,2,6,1,4,0,0,3,4,2,1,0,2,2,0,1,0,0,2,0,3,0,6,5,7,23,1,0,0,14,1,9,10,1,7,3,1,0,15,71,5,2,2,2,7,1,4,2,2,8,5,4,7,5,0,7,3,0,7,4,3,3,7,1,4,0,1,0,4,4,3,5,1,11,2,4,2,2,12,5,3,0,2,13,0,12,11,0,7,7,0,10,6,2,25,9,3,21,9,1,6,3,0,2,4,2,0,4,0,0,8,22,1,0,1,8
0,4,1,4,0,2,1,5,4,10,16,7,10,0,9,2,10,17,9,2,7,4,3,0,2,23,2,0,0,0,2,0,0,0,4,1,1,1,6,0,2,5,8,2,9,32,2,1,8,1,8,3,1,0,0,0,19,2,2,4,18,4,9,7,4,5,3,2,11,0,8,0,0,0,6,0,1,2,0,4,3,4,4,0,1,0,0,0,1,5,8,7,10,0,2,1,4,8,3,2,1,0,1,0,0,0,9,5,5,1,3,1,0,2,1,0,3,2,0,0,0,4,4,1,2,1,1,0,1,0,2,0,1,1,1,2,1,0,2,2,0,3,2,2,1,1,1,0,13,2,1,5,0,1,0,4,0,0,2,0,4,0,2,9,5,9,2,0,0,10,7,3,1,0,7,1,0,3,2,43,12,1,1,1,3,0,5,3,1,4,8,7,8,1,0,11,2,0,5,1,4,0,1,3,0,0,0,1,2,2,0,3,0,6,1,1,2,4,2,4,2,2,0,3,3,1,10,6,0,8,0,3,5,4,16,14,0,7,1,11,2,2,0,5,4,2,0,8,0,7,9,25,1,0,6,4
2,1,3,0,1,0,2,3,1,12,2,7,3,1,13,1,6,8,8,6,4,8,4,0,5,3,1,2,0,4,1,1,2,2,10,11,0,0,3,4,7,0,3,0,6,63,9,4,16,10,8,0,1,1,1,1,32,3,3,1,16,7,5,7,3,3,0,1,4,3,0,1,1,5,1,1,0,6,2,6,1,1,3,4,0,0,2,1,4,3,4,0,6,2,0,0,1,11,0,0,0,2,1,0,0,0,13,3,1,0,4,6,1,1,2,0,1,0,4,1,1,4,2,2,0,1,1,3,2,4,1,1,1,2,3,0,2,3,5,0,0,1,1,1,1,1,1,0,4,3,1,0,0,0,1,2,0,0,0,2,1,0,1,10,4,5,7,4,2,6,3,2,9,2,5,0,1,2,5,34,12,1,1,3,9,2,3,0,1,6,6,7,15,2,0,2,3,6,2,6,4,2,9,1,4,0,2,1,4,5,1,3,0,2,7,3,4,4,1,2,1,0,0,2,0,4,6,6,2,6,2,4,5,1,1,14,0,5,4,3,4,3,2,7,3,7,1,0,2,11,12,2,0,2,0,7
2,0,0,3,2,0,0,3,3,3,3,4,0,1,3,5,10,7,5,5,6,5,2,0,3,5,10,1,1,1,3,2,7,1,3,12,0,0,3,0,4,3,10,4,13,37,3,4,7,4,3,0,0,2,0,7,19,3,0,6,16,3,17,3,4,5,0,1,0,0,3,0,8,0,1,0,2,5,0,1,1,0,1,3,0,0,2,0,4,6,12,0,6,2,0,1,1,6,0,1,2,4,1,3,2,1,6,2,1,0,1,15,3,6,3,1,2,1,2,0,0,0,2,4,0,1,0,3,0,1,1,4,1,1,4,0,4,1,2,4,0,0,2,3,1,0,0,0,0,1,0,0,3,2,0,6,1,0,1,7,3,1,6,5,10,5,1,1,1,11,5,1,7,2,3,1,3,0,5,33,1,0,1,0,2,6,0,1,1,11,9,7,7,1,1,6,2,1,2,6,5,0,3,0,3,1,2,1,4,0,2,2,1,6,11,4,6,1,3,5,3,4,0,14,4,0,13,0,1,5,2,3,7,4,7,15,1,7,12,3,4,2,1,11,6,10,3,2,1,7,9,3,1,0,1,9
0,1,4,4,1,0,1,4,2,9,11,3,1,0,6,0,14,15,10,1,2,8,1,0,4,3,0,0,3,4,1,1,0,1,1,7,1,1,6,0,2,1,12,0,11,30,9,2,11,2,5,3,1,0,3,1,21,0,0,6,19,5,9,3,1,2,2,3,3,0,11,6,3,0,2,0,3,1,0,2,3,6,9,4,1,1,3,1,3,4,9,6,8,1,7,5,3,11,0,2,1,0,0,1,0,5,9,1,1,0,4,0,0,1,6,3,4,0,0,0,3,6,6,3,4,0,1,9,1,5,0,0,8,0,3,0,0,1,5,6,4,0,3,5,1,1,2,0,3,8,1,0,0,0,0,2,0,1,0,0,3,0,0,5,7,19,5,3,0,12,3,1,2,1,2,3,1,0,6,48,10,0,2,0,7,0,4,0,0,9,15,2,10,0,4,5,7,1,4,2,7,2,6,1,6,9,6,2,2,3,1,2,3,6,0,1,4,3,0,1,2,3,2,8,2,9,10,0,1,3,4,7,2,4,14,11,6,17,4,0,1,1,1,2,3,1,1,4,1,2,7,9,1,0,3,5
0,1,2,4,1,0,2,0,9,10,1,1,1,0,11,1,8,10,8,3,4,4,0,1,3,2,11,3,0,5,5,6,1,0,2,4,0,1,0,0,7,0,7,0,9,38,6,1,15,0,0,0,3,1,4,2,22,3,6,4,21,5,6,6,2,3,1,0,3,0,7,3,1,0,3,0,2,7,0,3,2,10,2,3,3,0,2,0,1,2,6,3,7,2,3,9,10,14,1,2,0,0,1,1,2,1,15,1,0,3,0,0,3,2,2,1,2,0,1,0,2,2,1,0,1,0,0,0,1,2,3,0,3,4,2,0,4,2,0,0,1,4,6,0,2,0,2,0,3,5,2,0,1,4,0,1,5,0,1,3,3,1,6,17,2,7,4,1,0,7,4,5,1,1,4,1,3,1,13,41,5,0,1,3,4,0,2,0,0,2,8,6,12,1,0,4,2,1,6,0,9,1,4,0,0,1,0,2,2,5,7,5,0,5,4,6,6,3,2,3,8,2,0,8,1,1,6,0,1,6,0,0,1,2,18,12,0,27,3,0,5,1,0,9,4,1,4,6,3,1,11,19,1,0,2,3
0,0,0,1,2,0,0,11,7,14,2,3,0,0,11,2,4,3,7,6,8,10,0,0,6,7,4,0,5,1,4,6,6,3,10,4,2,0,5,0,3,1,4,0,9,76,1,2,11,18,11,0,1,0,1,2,42,4,2,4,16,7,10,11,2,2,4,0,1,0,5,1,7,4,0,0,0,0,0,5,2,0,2,0,0,0,3,1,4,7,6,0,6,1,1,0,0,11,0,0,0,0,1,2,1,0,14,1,2,0,0,5,1,0,2,0,1,0,0,0,2,0,2,2,0,0,5,0,3,3,1,1,2,0,2,1,4,3,2,2,0,0,1,2,2,0,2,3,7,3,2,0,1,5,0,10,0,0,1,36,0,2,0,9,4,1,4,4,0,4,0,1,5,0,2,2,1,0,2,5,1,2,1,4,1,3,1,2,1,16,6,5,11,6,0,4,2,4,2,2,5,0,5,0,0,1,0,0,4,2,1,3,5,8,3,4,2,1,1,1,0,0,1,8,0,1,4,5,5,9,3,1,1,1,5,70,1,0,14,1,4,7,7,15,6,5,1,1,1,1,26,2,1,1,1,4
2,0,4,1,1,0,0,2,1,8,2,4,4,1,8,5,10,9,10,5,6,7,0,0,1,5,6,0,0,0,0,10,0,2,4,2,3,0,0,0,7,0,11,1,11,44,6,1,7,7,9,1,0,0,4,0,28,3,0,2,17,6,16,12,0,1,0,0,2,1,3,1,3,1,1,0,0,3,1,3,2,1,1,8,0,1,6,0,12,5,9,0,13,2,0,1,3,7,1,1,3,3,0,0,0,0,8,3,3,3,0,1,1,4,0,5,2,0,5,1,1,0,2,3,1,2,2,5,0,2,8,1,3,1,2,0,1,5,2,4,0,0,0,1,4,2,0,1,0,2,1,0,4,1,2,1,0,1,7,19,1,1,0,9,4,2,2,4,10,10,4,2,3,1,3,4,3,1,9,8,1,2,0,0,4,3,1,1,0,16,11,7,9,7,1,8,9,1,1,4,2,1,7,1,0,0,0,0,2,2,1,2,1,5,7,0,1,0,2,3,2,5,1,11,1,2,2,5,11,6,0,6,4,0,7,62,0,3,14,2,8,1,0,2,3,17,6,0,3,12,9,8,0,0,1,8
0,1,0,0,5,1,0,4,5,11,3,5,5,1,10,1,5,10,9,6,5,3,4,0,4,6,1,1,5,2,2,6,1,0,16,18,1,6,5,3,6,2,5,3,16,61,4,7,13,1,1,0,0,1,1,0,35,2,10,2,19,2,5,8,2,1,3,1,5,1,1,0,1,1,2,0,3,1,1,4,0,0,2,0,2,1,1,0,2,4,4,4,12,6,2,2,2,11,0,1,0,0,2,0,0,3,13,1,1,1,5,4,0,1,0,2,3,0,1,0,1,1,3,3,0,0,5,1,0,4,1,3,1,0,3,0,6,2,1,0,0,0,2,2,0,0,0,0,2,5,3,1,1,1,0,8,0,0,1,13,0,0,2,4,4,3,3,1,0,6,3,0,6,0,3,1,0,0,2,23,3,0,1,1,1,1,5,4,1,8,5,12,12,1,1,0,1,2,1,3,4,0,2,0,4,2,0,1,2,5,0,3,0,2,6,3,4,2,2,4,0,7,0,6,1,1,8,8,8,3,0,7,3,3,6,25,0,4,5,3,6,8,2,25,3,3,1,1,1,1,10,5,3,0,2,4
1,0,0,2,5,0,0,3,7,12,0,2,0,4,10,4,2,4,9,3,2,7,0,1,3,2,3,0,0,2,4,3,4,0,5,2,2,1,0,0,4,0,6,0,7,66,8,1,12,2,12,1,0,3,2,1,45,2,4,1,20,4,6,10,5,0,0,2,4,1,6,0,2,2,0,0,2,4,1,1,2,3,0,1,0,0,2,0,2,1,6,3,7,3,2,3,1,12,0,3,1,1,1,0,0,0,14,1,2,3,1,1,1,0,0,3,1,1,0,0,0,0,3,1,2,0,9,0,3,5,1,2,3,0,3,5,4,1,2,3,0,2,1,2,0,0,0,0,3,1,0,0,2,0,1,20,0,0,1,17,1,0,1,10,4,2,7,2,4,8,0,0,6,0,3,1,2,0,8,29,0,2,2,3,5,0,2,0,0,8,14,8,10,9,1,7,4,1,0,3,5,1,9,0,2,3,0,3,5,2,1,10,0,3,5,1,2,2,1,6,0,1,1,4,3,1,5,3,2,4,0,3,2,0,7,28,4,3,11,0,8,3,0,0,5,6,0,3,1,1,17,9,0,0,0,6
1,0,2,4,0,6,0,1,3,9,9,4,2,6,11,0,4,10,10,1,7,4,0,2,7,3,3,0,4,4,2,3,1,0,6,1,0,0,0,2,4,0,10,0,10,35,5,4,12,3,2,3,4,0,3,1,23,1,0,4,17,1,4,4,1,8,1,0,5,0,4,9,2,2,0,0,3,3,2,2,2,7,3,0,2,0,0,0,2,5,8,3,5,1,4,0,0,8,1,3,2,4,0,0,0,4,8,1,2,2,4,2,6,1,4,4,2,0,1,0,2,1,25,4,3,3,0,1,3,1,0,1,5,1,1,3,0,2,1,1,1,0,4,1,2,0,0,0,5,6,4,0,1,1,0,1,0,1,0,1,5,2,6,3,4,14,7,3,0,7,1,1,3,0,6,1,1,2,19,46,5,1,0,1,5,2,4,1,1,7,10,3,13,1,1,4,2,1,7,3,10,1,8,0,0,14,1,2,3,4,1,0,1,5,1,0,7,1,6,1,4,3,0,7,0,11,9,0,5,6,0,2,6,3,19,10,2,36,6,1,7,3,2,2,2,1,1,4,1,0,10,18,0,1,0,6
5,0,3,0,3,0,3,2,5,9,2,2,0,0,10,2,9,5,9,7,4,1,0,0,4,2,1,1,0,0,1,4,5,2,6,1,3,1,9,0,7,1,6,0,6,61,2,0,9,0,9,0,0,1,1,1,33,3,1,11,17,4,11,8,5,4,6,1,1,0,4,0,2,1,1,0,2,5,3,2,2,0,6,0,0,1,2,0,8,8,6,2,14,2,1,2,0,10,0,2,1,0,1,4,1,1,14,0,2,1,2,0,1,2,0,2,11,0,11,0,2,1,3,3,0,0,6,0,5,4,3,2,3,0,0,0,0,1,2,2,0,0,2,0,4,0,0,2,9,3,0,0,6,0,1,0,1,2,0,5,0,4,1,4,3,1,1,4,3,7,4,0,4,0,6,4,0,2,2,15,0,2,7,1,10,4,0,3,0,18,10,15,11,11,1,8,6,0,0,2,1,1,8,1,3,1,1,1,5,1,6,2,1,8,11,0,3,2,9,5,2,1,1,13,1,1,2,8,4,17,1,0,6,4,4,68,2,1,3,1,4,4,2,11,1,5,4,0,1,10,9,4,0,1,5,5
3,7,2,0,0,3,4,8,5,13,4,7,1,21,10,7,1,4,8,5,3,7,4,0,2,1,3,3,1,4,1,1,9,12,6,1,4,2,0,0,11,10,4,2,8,43,8,3,10,2,4,0,6,2,0,8,28,11,12,1,16,11,8,10,3,2,2,1,3,0,2,3,0,1,1,2,0,19,3,4,2,1,2,4,1,3,2,6,3,5,5,4,9,8,3,1,1,10,0,2,2,3,1,0,0,3,17,1,2,0,0,2,4,1,1,0,1,1,1,3,2,1,1,3,1,0,0,2,1,0,0,1,3,0,3,2,1,1,2,6,1,0,3,1,1,0,0,1,6,6,2,0,2,2,0,0,0,3,2,0,0,5,1,18,5,2,6,7,0,13,7,0,10,0,4,2,1,2,3,11,1,0,4,1,11,1,2,1,3,7,1,3,13,5,2,13,2,2,1,5,5,1,7,4,2,0,1,4,0,9,8,0,2,10,2,2,7,4,4,2,3,0,1,5,5,0,1,0,0,8,1,6,0,7,4,22,1,1,8,2,9,1,1,1,5,1,0,2,2,2,3,4,11,5,1,4
1,6,4,0,1,0,0,6,2,11,4,8,3,37,10,15,10,5,5,4,3,7,0,1,2,0,7,1,5,1,0,0,4,1,1,0,2,0,0,5,4,10,6,1,7,33,10,2,14,1,1,1,2,3,4,5,20,5,17,3,21,2,8,6,3,3,1,4,2,0,2,2,1,1,0,1,2,6,3,7,2,0,0,1,0,0,3,2,0,1,5,1,7,4,0,3,0,10,1,3,3,7,0,3,0,5,11,1,9,0,0,2,3,0,0,1,4,0,0,2,0,28,3,7,0,0,1,0,1,2,1,0,3,0,2,2,1,1,4,1,0,3,0,0,1,3,1,0,1,0,0,1,2,1,1,0,0,2,0,0,0,1,1,17,6,1,6,2,2,6,2,1,13,1,4,4,4,0,3,10,5,4,3,0,5,1,0,1,5,7,0,4,14,7,1,13,4,5,4,8,4,3,10,2,1,2,1,3,0,3,3,3,0,8,6,1,6,0,5,4,1,1,0,7,2,0,4,2,2,1,0,1,0,6,3,7,5,2,4,3,4,3,3,0,3,1,1,4,3,1,1,5,11,1,2,7
1,0,1,0,0,0,0,2,5,14,1,2,1,0,18,3,1,13,16,2,1,5,1,0,9,4,1,0,3,2,1,2,1,3,9,2,0,2,8,5,8,2,4,0,8,54,5,3,13,4,2,0,0,0,4,0,36,2,4,0,17,4,2,10,3,3,3,2,6,0,9,4,0,1,3,3,2,4,0,8,1,3,0,0,8,0,2,0,0,11,4,0,12,4,2,0,5,14,0,4,0,0,3,0,0,1,13,5,1,0,0,7,0,1,9,3,4,2,6,0,0,0,6,9,2,3,0,4,1,1,3,1,1,0,3,2,0,0,2,0,0,1,5,0,2,1,2,0,6,0,1,0,1,0,1,0,2,0,0,3,3,0,3,6,2,14,6,3,5,4,9,0,8,0,4,3,3,1,11,64,13,2,0,5,8,0,2,0,0,7,6,14,14,0,1,5,7,2,6,6,4,1,5,4,4,11,1,1,2,5,3,1,0,7,2,3,8,6,2,1,4,4,0,9,0,0,10,1,2,6,0,6,7,0,8,24,1,36,2,0,6,2,0,6,2,2,3,5,3,0,10,16,0,0,0,3
0,2,1,5,0,1,0,2,4,11,2,7,8,0,8,0,3,17,11,5,2,2,0,0,2,3,2,1,2,1,3,4,9,2,3,1,0,1,0,1,4,2,8,0,7,43,5,2,12,8,1,0,0,0,0,0,28,2,0,0,19,1,9,12,2,0,2,1,6,0,6,0,1,2,0,0,0,1,0,3,3,0,0,1,0,2,0,0,3,6,6,2,8,2,2,1,4,12,1,1,0,1,4,0,1,1,12,3,1,2,1,4,1,2,0,5,1,0,0,0,5,6,5,0,1,1,0,3,2,4,0,1,5,0,3,4,0,2,0,2,0,2,4,1,1,0,3,0,16,3,0,2,2,5,1,1,0,2,2,3,0,0,0,4,4,2,6,1,1,7,5,2,3,0,2,3,1,0,1,44,15,1,0,0,3,2,3,4,1,2,5,7,13,0,1,4,3,3,5,2,7,2,5,0,5,0,1,5,0,3,3,1,0,5,4,2,2,7,4,5,2,1,0,7,1,3,13,1,5,5,1,1,11,2,9,12,3,19,1,0,2,1,0,2,0,2,0,3,1,4,11,28,2,0,3,5
0,1,1,2,1,1,1,16,7,12,0,7,1,3,16,2,7,15,8,3,1,2,5,2,7,3,7,1,0,3,0,7,1,3,1,3,1,9,7,2,10,1,9,1,7,38,2,4,11,2,4,0,0,2,2,0,28,2,6,2,20,6,8,7,5,4,0,0,1,0,7,9,0,1,1,0,0,4,0,1,1,1,3,1,0,0,6,0,0,3,6,0,10,0,1,0,1,10,1,3,0,1,1,0,0,0,12,1,2,4,0,0,0,0,0,1,4,0,0,1,1,0,5,0,1,0,0,1,1,9,0,0,0,0,4,2,1,1,2,2,4,1,3,2,1,0,1,1,7,2,1,4,3,1,0,1,0,1,1,2,0,1,4,27,3,11,2,4,1,6,10,2,5,0,6,1,0,1,6,48,5,0,0,1,2,0,0,2,2,6,3,5,12,1,1,4,6,0,5,1,4,1,0,0,0,0,32,1,1,4,9,3,1,3,1,2,4,5,1,26,2,2,0,16,0,0,8,1,6,9,0,3,8,5,11,18,1,10,3,0,4,2,3,5,5,2,2,4,1,1,7,9,0,1,3,10
1,3,1,5,2,0,0,2,3,8,9,9,0,0,10,2,11,23,8,9,6,3,2,0,10,8,6,0,2,0,5,2,7,1,2,13,0,4,0,0,5,2,8,0,10,31,6,0,11,0,3,1,1,1,1,0,22,3,2,5,23,3,11,4,13,3,3,0,7,0,3,0,1,3,1,1,0,2,2,1,5,1,1,2,3,0,2,0,3,4,9,2,3,1,0,1,1,7,0,1,1,0,0,2,2,0,10,0,1,1,0,0,4,0,1,2,1,1,0,0,2,0,6,0,3,0,0,5,0,0,1,1,3,0,1,1,2,1,1,1,0,4,5,1,4,0,1,0,2,2,2,1,3,3,1,2,0,1,1,0,2,0,0,9,8,11,4,0,4,8,9,0,5,3,5,2,2,0,9,47,8,1,1,0,10,0,2,0,0,6,11,3,9,2,1,2,4,1,7,2,6,2,8,0,2,0,1,2,1,2,1,7,0,3,4,2,0,1,8,2,3,2,1,14,5,0,19,2,6,15,0,4,11,0,26,8,0,35,6,2,6,0,3,3,7,2,0,3,3,3,8,16,2,1,1,6
0,0,2,2,2,1,0,3,4,12,3,2,1,1,12,2,2,8,17,7,8,4,0,0,4,12,1,2,3,4,0,0,1,2,4,3,1,2,0,2,3,2,5,2,9,70,3,2,10,0,10,0,0,2,0,1,48,0,1,2,16,4,4,12,3,0,0,0,4,0,7,0,3,0,0,0,3,0,2,4,0,0,2,1,3,0,3,0,4,8,4,10,18,4,1,2,1,15,0,1,1,0,1,0,5,1,11,1,2,2,2,2,0,1,0,0,10,3,0,3,0,0,3,3,1,0,1,0,1,6,1,0,3,0,1,1,8,6,5,0,0,0,1,0,2,0,2,0,4,3,0,1,1,4,0,3,1,0,1,13,1,2,3,7,4,1,3,5,1,4,8,1,12,1,4,0,5,1,3,6,2,0,2,1,7,4,0,1,0,17,13,5,11,11,3,8,7,0,0,3,4,0,9,1,1,2,1,1,8,1,2,4,0,5,12,2,4,2,4,5,1,2,1,3,1,3,1,1,6,1,0,3,2,0,4,50,0,2,7,3,6,2,1,2,2,8,3,0,1,2,10,2,0,1,4,2
0,9,3,1,2,2,0,2,1,14,9,6,9,6,17,2,2,6,13,5,0,4,1,1,7,2,4,0,2,5,3,1,2,2,3,2,0,6,0,0,7,2,4,1,8,55,3,4,13,1,3,0,1,1,4,1,37,5,3,1,18,1,2,10,8,2,2,5,2,0,7,3,3,0,3,0,0,4,9,3,1,1,2,1,0,1,1,0,1,7,3,1,8,2,0,3,1,14,2,1,1,0,3,0,0,0,16,1,0,0,4,2,3,0,5,3,3,1,2,0,0,8,5,2,4,2,1,7,1,2,0,1,2,0,3,1,0,1,1,5,0,1,3,0,1,0,0,2,1,3,1,1,1,0,1,2,0,0,0,2,1,1,0,9,2,11,11,1,3,4,5,3,6,0,5,1,0,0,9,30,16,0,0,0,5,2,11,0,1,4,10,6,17,1,1,2,6,6,4,7,1,5,3,0,0,0,0,3,0,2,3,2,0,2,7,0,4,4,4,1,2,3,2,11,3,0,8,2,3,14,0,2,5,2,10,25,1,27,3,0,2,3,2,3,2,3,0,1,0,1,6,17,0,0,4,2
0,0,7,0,3,1,0,2,1,9,4,2,14,0,8,1,6,10,10,17,6,2,2,0,5,8,3,0,1,0,1,19,1,2,14,1,1,3,0,1,4,3,10,2,13,50,8,0,11,1,6,1,0,1,2,0,30,2,3,8,20,3,12,4,5,2,1,1,1,1,2,2,0,0,1,0,3,2,3,4,1,0,0,1,0,7,5,2,2,5,9,2,12,4,2,13,1,7,0,5,1,0,1,0,0,0,7,0,0,1,0,4,2,5,0,3,1,0,0,1,4,1,2,1,1,1,0,0,1,5,1,3,2,0,4,0,1,4,4,0,0,0,1,1,0,0,1,0,1,2,3,0,2,1,0,2,0,0,0,1,0,1,0,8,6,1,1,1,9,10,2,5,2,1,3,0,1,1,0,17,2,1,3,4,4,3,3,1,1,7,5,6,11,1,0,1,1,0,1,1,0,0,2,2,3,0,2,0,2,3,2,2,1,1,1,0,4,0,4,5,2,0,1,9,0,0,3,24,2,10,0,6,6,1,12,67,0,9,9,14,2,6,1,16,7,1,1,4,0,27,7,10,0,1,1,9
0,0,0,4,3,0,0,0,6,8,5,1,0,1,7,0,6,9,5,3,3,1,0,2,2,3,5,0,2,1,3,4,0,1,2,5,1,2,0,0,6,1,6,1,10,40,4,1,11,3,1,0,0,0,2,0,32,2,1,7,23,4,8,4,2,3,2,1,2,0,2,2,2,0,9,0,1,7,5,6,0,2,1,4,0,0,4,2,3,6,10,0,5,2,1,4,1,10,1,0,4,3,0,0,1,2,8,1,1,1,1,7,3,2,0,2,1,0,0,0,4,0,8,1,1,2,0,0,4,9,0,1,6,0,0,1,7,5,5,3,0,0,2,3,4,0,1,2,2,4,1,0,6,1,3,7,2,0,0,2,3,0,8,6,7,7,6,7,1,9,5,3,4,1,3,0,4,1,6,35,4,1,2,1,6,1,1,0,1,6,4,9,9,1,0,3,4,0,3,2,5,1,8,0,1,1,0,1,2,0,2,5,2,4,7,13,3,3,5,4,2,1,0,14,0,0,5,4,4,4,0,3,1,2,7,11,0,25,9,0,4,3,2,8,5,4,9,5,0,4,4,10,0,0,3,6
1,1,5,3,1,0,0,0,5,10,3,1,0,1,18,2,2,19,11,3,2,5,1,0,5,3,4,0,0,0,2,3,0,2,11,2,0,1,3,1,3,0,8,1,10,39,5,1,13,0,4,0,0,0,2,0,29,1,0,1,24,0,7,4,1,5,4,1,0,0,5,2,1,0,0,0,0,5,2,7,0,2,2,5,0,1,2,0,5,6,7,2,11,2,2,8,7,9,1,3,1,0,2,1,3,4,9,3,1,1,2,13,1,0,2,2,0,0,0,1,1,2,9,1,5,2,0,7,3,2,0,1,1,2,4,0,1,0,2,0,0,0,6,0,1,0,2,1,4,5,0,2,0,1,0,0,1,0,0,0,1,0,0,9,7,7,2,1,0,7,4,3,4,2,2,2,1,1,11,34,8,2,1,0,4,1,1,1,0,4,4,4,14,1,0,3,0,10,9,6,7,3,4,1,25,0,0,1,1,2,1,1,1,3,2,4,2,6,3,1,2,2,1,14,1,2,11,1,5,5,1,4,12,1,13,13,1,37,6,1,2,1,1,3,3,4,1,3,2,4,7,11,0,0,2,9
0,0,0,5,0,0,0,2,4,9,9,2,3,13,8,0,22,17,6,2,2,7,0,0,3,3,8,0,0,0,5,2,2,1,4,1,0,0,2,1,0,1,9,2,11,24,3,2,9,1,4,1,1,2,0,3,18,3,3,6,19,4,13,9,3,1,2,0,6,0,1,0,1,0,2,2,1,3,0,1,1,8,5,2,0,2,1,1,0,1,8,0,6,6,2,2,2,8,1,2,1,0,1,0,0,0,8,1,0,3,0,2,1,0,6,3,1,0,1,0,3,0,18,3,0,1,0,0,0,0,2,1,0,0,4,1,2,1,3,0,1,1,2,1,0,1,1,0,4,2,0,1,0,1,0,4,0,0,0,1,1,1,6,5,11,6,3,3,5,8,1,4,3,2,4,1,2,0,19,43,2,1,2,3,2,0,0,2,0,7,2,7,9,0,6,5,2,1,7,2,7,1,2,0,0,2,3,2,1,0,0,0,1,5,2,2,2,2,6,4,0,2,0,17,0,2,10,0,8,7,0,1,9,0,20,11,1,30,3,0,1,1,0,3,2,1,4,3,2,1,10,29,0,0,1,4
1,0,1,6,1,0,0,3,0,9,5,4,5,1,7,1,7,18,6,4,3,7,0,0,3,5,11,1,4,1,2,2,1,5,2,3,1,2,0,0,3,1,10,0,16,21,1,3,6,3,3,2,2,1,0,1,13,4,4,3,15,6,13,4,7,3,0,0,8,1,7,2,0,2,0,0,4,3,0,1,2,6,5,1,2,1,4,0,2,4,10,3,9,1,5,1,3,6,2,0,1,1,1,1,0,6,8,0,5,0,0,1,0,3,1,0,1,0,1,0,2,1,3,2,4,0,0,0,1,1,0,1,4,0,4,2,0,4,1,2,0,5,3,0,5,0,1,0,0,5,0,0,3,7,0,2,4,1,5,0,6,0,0,11,9,10,3,4,1,12,4,1,1,0,7,1,4,2,9,54,8,5,2,0,1,1,1,0,3,15,7,9,9,0,0,5,0,1,5,3,3,1,0,3,0,5,1,2,1,0,8,0,0,8,1,5,2,4,4,1,0,2,0,11,0,2,15,1,3,9,0,12,6,0,15,10,0,17,6,0,2,1,0,2,6,2,0,5,0,1,17,20,1,0,0,8
2,0,3,5,2,0,0,0,1,9,8,7,1,2,12,0,12,11,9,2,2,1,1,0,4,4,5,1,1,2,5,3,3,0,10,13,3,1,0,0,3,0,6,0,9,46,9,2,14,0,3,2,2,1,2,1,24,1,0,5,20,2,10,7,10,4,1,0,5,0,5,0,2,4,8,0,1,4,0,3,2,7,6,0,2,0,3,3,1,12,6,4,17,1,1,3,3,12,0,2,2,1,1,0,2,2,11,2,0,2,3,0,3,1,0,4,1,0,0,0,4,3,4,0,3,3,0,7,1,0,0,1,0,0,2,0,1,0,1,0,0,4,6,1,2,0,0,0,0,1,0,0,3,0,1,2,1,2,1,0,3,0,0,11,7,11,3,1,0,7,5,3,4,2,5,1,3,0,23,39,10,1,1,0,8,3,2,0,0,3,5,9,12,2,2,3,4,1,6,2,3,0,5,1,0,3,3,2,1,1,0,0,0,4,1,1,4,9,2,4,0,2,0,15,1,2,9,2,3,4,1,0,7,1,11,18,2,18,2,2,5,3,0,6,1,0,0,2,1,3,10,11,0,1,0,4
1,3,5,6,1,1,1,2,7,13,6,2,9,1,18,1,18,12,10,3,2,5,4,1,5,5,4,0,2,3,2,1,1,0,7,9,0,0,4,0,2,1,5,0,8,41,6,0,12,1,2,0,0,6,2,1,25,3,2,4,16,4,3,5,2,1,0,0,8,0,0,3,1,0,1,0,1,0,0,7,2,1,4,3,2,3,1,0,2,5,5,3,11,0,1,1,2,13,1,2,0,0,0,0,0,0,12,0,0,3,1,10,3,1,0,2,0,0,0,2,3,1,0,1,0,1,0,0,3,4,0,0,1,1,4,0,1,2,0,0,1,3,3,2,1,0,1,0,2,3,1,1,0,1,1,0,0,2,0,3,3,1,0,3,4,13,1,1,0,8,5,5,1,0,3,1,0,0,12,45,10,5,1,2,8,3,0,0,0,4,2,7,13,1,0,4,1,3,7,3,3,0,4,0,1,0,1,3,0,5,0,1,0,3,4,12,4,3,1,3,2,3,0,11,1,1,13,1,3,4,0,4,4,2,22,15,1,23,6,0,1,4,3,3,2,4,1,6,0,3,8,19,0,1,1,5
4,1,2,4,8,0,1,4,1,6,4,5,3,0,6,5,12,18,4,3,1,2,1,2,4,1,7,3,2,0,4,1,2,0,9,3,1,0,2,0,4,1,8,1,12,32,5,1,10,1,1,0,1,0,1,4,22,3,4,7,19,2,12,5,1,1,2,0,4,1,5,4,2,0,2,0,0,6,1,5,2,2,1,0,0,0,4,0,3,12,11,0,8,1,4,3,2,10,1,1,5,0,3,0,0,1,6,0,3,7,0,2,1,2,1,2,4,0,0,0,0,2,0,2,0,1,3,0,2,1,0,1,15,3,2,8,2,1,1,1,2,0,5,1,2,0,5,0,3,1,1,0,0,1,1,0,0,1,2,4,2,5,4,4,7,8,5,4,0,12,16,4,3,3,4,1,2,0,11,45,4,3,4,7,6,4,1,1,0,3,8,6,9,1,3,6,3,2,6,3,4,0,1,0,0,0,18,2,0,3,2,0,0,6,1,4,4,1,1,4,1,1,0,13,0,6,12,0,2,4,0,8,3,2,22,14,2,15,8,1,1,4,0,7,1,3,9,3,1,0,10,29,0,0,1,4
0,1,1,0,1,0,0,2,1,11,3,5,2,0,10,2,5,7,7,9,7,5,2,0,3,9,2,1,2,1,2,3,5,2,8,1,0,0,6,0,4,4,6,1,11,62,4,0,10,1,5,4,0,0,2,0,37,2,1,4,18,3,8,10,1,0,0,2,3,2,5,3,3,0,1,2,0,0,0,1,0,1,3,1,0,3,3,0,3,4,6,2,12,0,2,1,4,13,1,3,1,0,1,0,0,2,11,0,0,5,1,2,0,6,1,1,4,0,0,0,2,0,7,2,2,1,0,1,4,5,0,2,0,0,1,1,0,5,1,0,0,1,1,0,1,0,1,2,4,3,1,1,1,2,0,10,0,4,2,23,0,0,3,12,2,3,10,2,9,5,5,3,10,1,5,0,2,2,1,11,2,0,1,2,3,3,6,0,2,13,6,5,12,4,3,2,0,0,0,1,0,1,3,1,2,2,0,0,3,0,1,8,0,1,1,2,3,0,1,5,0,6,0,3,0,2,6,10,3,3,1,0,6,2,9,33,1,2,9,5,4,3,0,10,3,11,3,0,4,11,10,8,0,0,2,7
2,4,1,2,2,0,2,5,4,10,8,3,3,22,9,8,6,7,8,4,4,5,0,0,4,4,5,0,6,2,1,0,0,2,5,1,1,0,0,1,11,5,4,1,6,42,5,0,11,5,1,6,0,2,1,0,27,3,9,3,18,3,6,6,2,1,0,3,2,0,4,6,1,3,2,1,0,14,21,4,1,1,1,1,1,2,0,7,2,4,5,0,5,8,2,1,0,11,5,2,4,0,1,0,0,3,13,0,4,0,0,3,3,3,5,0,2,1,0,0,2,0,6,2,0,0,0,0,2,0,0,0,5,8,5,5,1,1,8,1,2,0,7,6,1,5,3,0,7,1,0,4,1,1,0,0,1,4,3,0,1,2,0,8,6,3,8,1,0,10,7,5,8,1,2,0,3,1,3,11,0,0,0,1,8,0,1,2,3,5,0,7,11,2,0,3,1,3,0,5,6,2,8,1,1,1,2,0,1,6,3,2,0,7,4,2,3,2,2,6,2,1,0,5,10,1,3,1,1,2,3,2,0,5,7,26,5,0,4,0,7,2,0,5,4,1,4,0,2,5,9,6,8,2,7,6
1,0,1,3,1,1,0,1,1,10,2,4,2,0,10,0,9,9,11,4,2,6,1,0,0,3,7,2,0,2,7,2,0,0,8,1,0,0,0,0,4,4,8,1,9,43,1,0,12,1,0,0,1,7,1,1,27,0,5,1,22,0,6,9,3,3,1,0,3,0,7,1,2,2,6,0,1,4,1,12,1,3,2,0,2,1,2,0,3,8,6,2,22,3,5,7,5,10,0,1,0,1,1,0,3,1,15,1,0,5,0,2,3,1,1,0,0,0,1,0,0,0,0,1,1,0,0,0,4,4,3,2,1,1,2,0,4,1,1,1,0,0,5,0,1,0,1,1,2,2,2,1,3,0,0,4,0,0,4,4,1,0,2,14,4,5,3,1,0,5,7,2,4,0,3,3,0,1,22,43,9,0,0,6,8,1,1,1,1,3,3,12,11,0,1,4,2,1,7,0,0,1,6,1,3,1,0,2,0,3,0,1,1,4,0,0,4,2,8,4,1,1,2,7,1,7,14,0,2,6,0,2,2,0,11,20,1,19,3,1,2,1,1,6,2,1,7,4,2,0,14,11,3,0,1,7
0,0,1,4,0,0,0,1,1,13,0,2,0,0,15,2,0,10,6,0,2,5,0,2,5,4,1,2,0,1,1,0,0,0,6,0,0,0,0,0,0,1,5,1,7,37,7,8,14,4,0,1,1,1,1,1,23,1,3,2,22,2,0,6,2,4,1,1,4,0,7,2,0,0,0,0,2,4,0,2,4,3,4,2,8,1,1,0,2,1,3,3,11,0,0,2,8,13,4,2,2,0,1,2,1,1,14,1,1,2,2,0,1,2,0,1,3,3,3,0,3,1,1,2,4,2,1,0,2,2,0,1,7,0,1,2,2,2,0,0,0,2,1,0,4,0,3,0,6,1,2,2,1,6,0,0,2,1,0,3,4,1,3,14,4,9,10,0,0,6,0,4,2,1,6,2,0,0,9,46,10,0,0,0,4,2,3,0,0,4,6,3,14,0,3,6,1,1,3,1,5,0,5,1,1,6,3,1,0,4,4,5,0,3,3,1,6,7,0,1,5,2,0,4,1,0,7,3,2,8,0,10,5,1,11,14,2,15,0,0,7,9,0,1,0,3,2,2,1,2,6,11,0,0,2,2
4,0,2,1,3,2,1,2,3,12,3,7,1,0,12,1,3,8,12,1,1,1,1,0,8,1,3,0,4,4,0,0,1,1,3,4,0,3,4,0,4,0,8,1,8,39,4,11,11,3,1,1,0,0,4,0,25,1,0,4,19,1,7,7,2,2,1,0,3,0,11,1,0,3,0,0,0,2,0,3,2,2,2,1,4,0,1,1,4,0,6,0,4,1,2,1,5,11,1,2,3,1,0,1,4,4,13,1,0,3,3,12,3,1,3,1,1,1,2,0,2,2,15,3,5,1,0,0,0,0,0,0,4,0,0,4,4,0,3,0,0,0,3,0,2,0,1,0,4,1,0,0,0,1,1,0,0,0,1,2,4,0,0,7,6,11,6,0,1,9,2,2,7,0,2,1,0,0,12,52,6,2,3,1,0,1,2,0,3,4,12,4,11,0,1,2,0,0,4,6,2,1,6,0,1,4,1,1,3,4,1,2,0,2,1,11,1,4,2,1,2,4,1,5,0,3,16,2,2,2,0,3,4,1,11,11,0,20,4,0,4,7,1,3,6,0,1,1,0,0,7,16,1,0,0,8
0,0,1,2,1,3,1,0,4,9,4,2,2,1,7,1,4,15,11,1,3,3,2,0,5,5,3,1,4,5,2,0,1,0,4,0,0,0,3,4,0,0,9,0,12,30,5,3,8,3,0,1,3,3,0,0,19,3,0,4,20,5,8,4,5,5,2,0,4,0,2,4,0,0,0,1,1,4,2,3,2,2,2,5,1,0,4,0,1,10,8,1,6,1,1,3,8,8,5,2,0,2,1,0,1,3,11,1,1,1,1,0,0,0,5,3,4,2,3,1,2,0,8,5,0,0,0,1,1,1,0,0,2,0,0,1,0,1,1,1,0,4,9,1,1,0,2,0,2,0,1,0,2,5,1,4,0,0,0,0,2,1,0,3,4,12,4,0,1,10,3,3,3,2,7,3,0,0,4,48,16,0,0,0,5,0,6,1,2,5,11,13,8,1,2,4,6,0,7,1,7,2,3,0,0,4,5,0,1,0,5,3,1,7,4,3,3,3,2,1,0,1,0,10,1,4,7,0,0,6,0,5,3,2,15,6,3,14,6,1,2,2,2,5,4,0,5,1,0,3,3,22,2,0,0,8
3,0,1,4,1,0,2,2,2,11,1,5,1,0,12,5,8,14,11,2,1,7,1,1,7,0,7,1,2,0,2,2,2,3,4,3,0,0,3,0,0,3,8,0,11,35,4,3,9,3,2,1,2,2,3,0,23,1,1,1,20,3,9,7,13,1,1,2,2,0,12,0,0,4,4,0,1,1,0,2,2,4,3,3,1,5,7,0,0,8,7,2,9,2,2,3,4,9,2,0,0,1,1,0,2,3,11,7,0,1,0,3,2,2,3,2,4,0,2,0,3,0,14,3,10,5,1,4,0,1,0,0,2,1,4,3,0,0,2,2,0,2,5,0,3,0,2,0,4,2,2,2,1,3,0,1,2,1,0,1,0,1,0,10,6,11,6,3,2,7,3,1,3,2,4,2,0,0,6,33,17,3,2,0,2,2,3,0,0,7,7,10,12,0,4,4,0,0,8,4,3,2,9,0,3,5,0,1,1,0,1,0,0,10,4,3,3,4,5,3,1,1,7,11,0,1,11,0,1,4,1,3,5,1,14,20,0,36,5,0,7,1,0,3,2,2,1,2,4,4,7,18,0,0,1,8
1,0,1,3,4,0,0,8,2,13,7,5,0,0,11,5,1,4,15,10,7,2,0,0,8,0,1,1,2,7,0,2,4,1,13,3,1,0,0,2,1,0,6,0,14,78,5,2,11,6,6,0,0,0,0,2,41,3,1,5,19,3,11,5,1,2,6,7,8,6,1,5,4,7,6,0,1,5,1,3,2,0,0,1,6,0,1,0,1,13,5,5,9,1,0,7,1,11,0,6,1,7,0,1,1,4,18,0,0,0,0,3,0,0,1,1,7,0,3,0,1,0,2,2,2,1,1,0,3,2,0,2,3,0,1,2,0,2,4,0,1,3,2,0,4,0,0,3,6,2,3,0,0,0,2,5,2,0,3,1,4,1,0,19,6,3,9,4,3,5,6,1,5,2,2,0,1,0,5,10,0,2,2,2,6,6,2,0,0,8,4,5,12,3,0,1,1,2,0,0,2,0,6,0,0,1,0,0,2,5,1,1,1,2,1,2,5,0,2,0,4,0,0,3,2,0,2,6,0,6,0,4,8,2,5,66,2,4,10,0,13,6,0,2,4,4,2,1,3,5,11,4,0,1,2,6
1,2,0,0,1,0,0,2,1,7,1,5,0,0,7,0,10,12,10,3,2,5,1,1,2,4,5,0,4,0,0,3,0,0,1,1,0,2,1,0,2,2,16,0,13,34,8,0,7,0,3,1,1,0,2,1,26,4,1,3,16,5,11,4,5,0,2,0,0,3,8,0,1,1,2,0,6,1,1,3,2,0,4,7,2,2,3,1,6,0,10,1,7,4,0,3,4,8,1,1,2,0,0,0,0,2,7,0,2,1,0,1,21,0,0,1,2,4,0,0,1,0,1,3,0,6,1,1,1,3,3,0,1,0,4,0,1,0,2,3,0,6,2,1,4,0,2,5,10,4,1,3,5,2,3,0,0,1,1,2,4,0,0,6,7,3,1,1,0,12,9,1,3,2,8,1,1,0,1,24,10,0,2,0,6,3,1,2,0,6,9,4,7,1,1,9,2,2,3,2,0,2,4,0,1,0,5,0,1,3,3,1,1,9,6,3,3,9,3,3,2,0,0,9,0,1,7,9,3,4,1,2,10,2,14,27,4,13,5,1,4,0,2,5,1,13,5,0,1,1,2,12,1,0,1,4
7,1,1,0,6,0,0,3,3,9,1,4,0,0,8,2,5,6,11,6,3,3,0,0,3,13,6,0,3,0,2,1,1,7,5,5,2,7,13,0,9,1,8,0,13,56,4,1,11,3,5,5,0,1,3,0,35,3,3,4,18,6,18,10,4,0,0,0,6,3,7,0,1,1,0,2,2,6,8,3,0,0,2,3,0,0,3,1,4,9,6,2,7,2,1,8,3,10,0,4,0,9,0,1,2,2,8,1,4,0,0,1,2,1,1,0,6,2,0,4,2,0,0,1,2,0,0,0,1,1,1,3,2,2,3,0,4,3,2,0,1,1,2,2,1,7,1,0,2,3,0,2,0,4,1,0,1,2,1,0,1,0,1,5,5,0,4,3,3,9,12,0,6,0,5,1,3,1,1,9,0,1,1,0,3,7,0,1,3,8,4,18,13,5,0,4,2,0,0,2,4,4,5,0,2,0,0,1,2,2,4,0,0,4,3,0,4,1,1,4,2,2,0,7,0,2,2,1,3,1,6,7,2,0,6,16,1,1,16,1,6,0,1,0,5,6,3,4,0,5,9,4,0,0,5,8
0,1,3,0,3,0,0,4,5,17,0,6,1,1,14,4,1,1,11,4,3,4,0,0,6,2,2,0,4,0,1,3,3,0,9,1,0,0,0,0,9,2,3,0,5,65,5,1,14,0,11,0,0,0,1,2,38,1,0,0,23,4,1,8,4,0,1,1,3,1,3,0,1,0,2,0,0,4,2,2,3,0,4,3,2,0,1,0,3,6,3,0,8,2,0,2,2,14,0,0,1,2,0,1,1,2,16,3,3,0,1,3,0,7,0,1,2,0,0,0,0,2,0,0,0,0,3,0,6,2,0,3,2,0,3,1,3,5,5,1,0,2,1,0,5,5,0,1,5,3,2,0,1,0,0,6,0,0,1,20,2,1,0,7,2,0,7,4,3,4,2,0,8,1,2,0,3,0,0,9,2,0,2,2,5,2,2,3,0,12,4,4,16,4,0,2,2,0,0,1,6,2,4,0,1,0,0,1,3,2,0,4,0,2,3,0,4,1,3,1,0,6,0,4,4,0,4,7,3,5,0,4,5,0,4,59,0,1,2,3,8,0,0,4,3,9,3,2,3,10,10,4,0,0,0,3
0,1,2,0,0,0,0,2,3,14,0,4,0,9,12,2,5,5,11,0,1,1,0,0,6,0,3,0,1,0,0,5,0,1,6,4,0,1,1,4,6,1,2,0,6,62,2,0,13,4,6,0,1,2,1,0,39,2,8,1,18,2,5,10,7,1,0,1,2,0,7,0,0,6,0,0,0,8,1,12,2,0,6,2,0,4,1,0,7,10,5,2,12,4,0,7,1,12,0,0,0,0,1,1,1,0,15,0,0,5,1,0,1,0,1,1,1,2,0,1,1,0,1,0,0,0,5,0,4,0,1,2,0,1,5,0,2,1,1,0,1,1,2,0,1,0,0,1,5,1,0,0,2,0,2,1,0,0,0,3,0,1,0,11,6,0,4,1,0,5,7,0,8,2,2,7,0,2,3,10,0,1,2,0,11,6,3,2,0,11,14,7,12,5,1,7,1,0,0,3,0,0,9,2,0,1,1,3,3,4,1,1,0,2,3,0,6,0,4,1,2,0,0,6,1,0,1,7,6,6,0,0,3,0,3,31,0,0,7,0,2,2,0,6,0,14,7,1,1,17,11,2,1,0,2,7
2,0,6,0,1,1,0,4,6,9,0,3,2,0,10,7,4,9,10,2,2,3,2,1,3,4,3,1,6,0,2,0,1,1,3,1,3,0,2,0,4,0,8,1,7,47,6,1,7,2,9,0,1,1,1,0,30,5,2,2,16,4,13,5,4,0,2,1,3,1,1,1,1,3,2,3,0,1,8,2,1,1,0,3,0,1,4,0,5,6,7,0,5,0,0,4,2,7,0,2,1,1,1,1,0,0,10,4,0,1,2,6,0,3,1,1,2,0,0,0,0,2,1,3,0,1,1,1,1,1,1,6,2,0,1,2,7,5,5,4,0,3,0,1,2,1,2,1,5,5,0,1,1,3,0,9,2,0,2,21,0,2,2,6,7,6,3,1,1,9,2,0,3,3,5,0,2,1,2,18,2,3,0,0,9,2,2,4,1,4,17,5,12,16,2,6,6,1,3,3,4,2,11,0,2,0,1,0,8,2,3,1,2,5,5,2,2,3,1,5,2,3,0,8,1,1,2,0,2,9,1,2,4,3,9,42,2,1,9,5,5,1,1,4,6,12,5,1,2,9,3,9,0,1,0,5
0,0,0,0,1,0,0,3,5,16,0,5,0,0,10,5,1,1,13,5,4,5,1,1,8,3,5,1,2,5,1,7,1,0,8,1,1,2,1,0,6,0,7,0,9,78,8,0,13,1,10,1,1,2,1,4,54,2,0,3,21,2,7,15,0,3,0,0,1,3,0,2,2,0,3,0,2,1,8,12,1,1,1,1,0,1,0,1,13,10,2,1,12,2,0,1,2,17,0,4,1,0,0,2,0,0,17,1,0,1,0,3,0,0,1,4,4,0,1,0,0,0,1,2,0,0,1,0,0,1,1,0,2,0,3,0,0,2,4,1,0,0,2,0,0,0,0,1,4,0,1,0,1,2,0,4,1,0,0,20,2,0,1,15,4,1,4,5,7,5,2,1,2,2,1,0,1,0,3,5,0,0,1,4,4,1,1,2,2,12,9,2,14,2,3,4,7,0,1,0,1,0,8,0,1,0,10,3,2,8,2,6,2,3,8,2,7,0,1,1,0,6,0,2,4,4,1,11,4,7,0,13,6,0,5,72,2,2,3,9,4,2,0,5,3,5,1,0,1,12,12,2,0,1,0,3
2,1,4,0,1,1,1,3,1,14,4,3,3,4,13,1,1,2,12,1,0,4,1,0,6,2,2,1,1,4,2,1,0,3,9,1,1,1,1,1,4,2,4,0,7,68,7,0,13,7,6,1,0,1,3,1,41,0,1,1,18,5,5,9,4,1,3,0,4,0,8,0,3,3,1,0,0,2,0,4,0,1,1,4,3,0,3,2,3,5,3,3,13,1,0,1,3,12,0,4,1,0,1,1,0,0,12,2,3,0,0,2,0,3,1,0,3,0,0,0,2,0,0,0,0,0,1,1,5,2,9,3,5,0,5,1,4,5,4,3,1,1,2,1,3,0,0,1,4,4,2,3,8,0,0,19,0,2,15,30,0,1,0,16,4,1,10,5,1,4,9,1,7,1,4,2,1,0,5,12,0,3,0,0,5,5,0,0,0,18,15,6,14,4,3,3,3,1,1,3,2,0,8,2,4,0,5,0,2,3,1,0,0,2,0,0,7,0,5,3,0,2,1,7,1,2,2,3,4,0,0,6,5,1,1,53,0,0,7,5,3,2,0,2,1,7,1,0,1,2,13,4,1,1,0,7
1,1,0,2,2,0,0,2,3,7,1,4,0,1,6,1,5,13,8,2,2,2,1,0,1,3,4,0,1,0,3,1,2,3,4,3,2,0,0,0,7,1,10,1,12,43,4,0,8,1,2,2,0,2,2,1,27,2,1,6,20,2,15,7,0,0,0,0,4,0,6,2,1,1,1,5,5,3,5,5,0,2,3,1,0,0,0,0,6,6,10,2,5,0,0,1,0,9,0,2,3,0,0,1,2,2,6,2,3,2,2,2,2,1,0,2,4,0,0,0,1,4,4,0,3,1,1,2,0,2,0,1,1,0,2,1,5,0,7,3,2,0,4,1,2,1,3,1,5,3,0,2,0,2,1,0,1,0,0,8,1,0,0,3,7,6,2,1,0,10,5,0,3,2,6,0,4,0,3,30,8,0,2,4,2,0,0,1,0,4,6,3,8,9,2,6,3,0,7,5,3,0,3,0,6,1,1,0,4,4,1,1,0,8,4,1,1,3,2,5,0,3,0,9,0,1,8,1,1,4,0,4,3,0,11,12,0,27,7,3,6,6,0,1,3,4,2,1,4,2,5,11,2,0,0,6
0,0,0,1,5,1,0,2,3,5,0,2,0,13,7,1,8,10,9,8,2,2,1,2,6,0,15,0,3,6,1,2,1,5,2,2,0,0,0,4,12,2,11,2,13,29,3,1,6,0,0,1,1,3,2,2,24,6,5,7,17,2,15,9,7,2,6,0,6,0,2,0,3,1,0,0,1,3,2,7,5,1,1,3,1,0,6,0,6,3,12,0,6,1,3,2,0,5,1,3,3,1,0,1,0,3,7,1,2,2,2,2,0,6,2,3,5,0,2,0,3,1,0,4,3,0,1,3,4,5,1,1,5,2,3,1,0,4,4,5,4,0,0,0,5,14,2,1,3,2,1,0,1,3,0,12,7,0,8,4,5,1,1,7,8,3,8,3,6,10,7,2,5,4,6,2,0,1,1,26,4,4,1,2,10,1,1,1,0,9,7,4,4,4,2,10,5,1,1,4,1,1,3,3,1,0,2,0,2,1,1,2,0,2,2,3,2,0,13,4,8,3,1,17,1,1,5,4,1,4,1,4,0,7,10,22,3,1,10,0,10,6,1,3,8,5,2,4,4,3,10,10,4,1,2,16
0,4,2,5,0,0,1,5,0,10,5,5,0,0,8,0,3,13,16,2,7,2,0,1,3,5,2,0,2,5,6,2,1,1,4,1,0,0,1,2,3,2,7,1,7,38,4,3,11,1,3,2,0,1,1,1,27,4,2,7,22,3,4,8,0,3,1,3,8,0,4,1,0,1,2,1,0,4,1,1,1,4,4,0,1,1,0,0,3,3,6,1,13,1,0,2,2,10,2,3,0,0,2,0,0,0,11,3,1,2,2,0,2,1,1,1,2,0,0,0,1,1,9,1,0,1,1,3,0,1,0,0,5,3,2,3,1,1,1,3,2,1,8,1,3,2,3,1,7,3,2,1,1,4,1,2,0,0,3,2,0,0,2,7,4,8,4,2,2,8,6,1,6,1,2,2,1,0,15,38,12,3,6,2,6,0,3,1,1,2,5,3,11,0,2,4,3,0,8,4,7,0,7,0,0,3,0,1,1,4,2,2,1,4,1,0,0,3,6,3,2,2,2,9,4,4,9,2,4,3,0,4,5,3,19,7,2,24,4,0,1,2,1,1,2,2,7,2,1,2,10,16,1,0,2,6
0,1,1,2,0,0,1,3,3,6,0,3,0,4,5,0,3,11,10,5,1,1,0,1,5,2,7,2,4,6,5,5,6,2,5,3,2,0,6,0,7,1,7,0,12,40,8,3,12,0,1,1,0,0,2,0,23,3,1,1,22,2,17,8,5,1,1,2,4,3,8,1,3,2,0,0,3,6,5,4,1,2,5,1,0,1,4,1,4,5,8,1,6,2,0,3,2,9,0,0,1,3,0,0,4,0,11,2,2,0,2,1,0,0,1,1,2,0,2,1,6,2,4,4,2,11,2,1,1,1,0,0,4,0,0,0,2,4,2,0,0,0,2,0,1,1,0,1,3,2,0,2,1,1,0,2,0,0,1,3,1,6,0,5,5,0,5,2,2,10,7,1,4,0,3,0,3,1,1,28,4,1,2,0,0,2,2,0,1,8,3,2,10,2,1,6,4,0,3,2,5,0,10,1,2,7,1,1,2,3,1,2,0,3,3,0,0,2,3,7,1,1,1,8,3,2,4,4,2,9,1,3,1,1,8,12,1,16,7,1,4,3,0,2,5,7,3,0,2,6,13,8,0,0,3,6
0,2,1,2,0,0,0,4,5,12,6,2,0,1,10,1,6,13,12,1,4,2,2,0,3,1,1,2,0,2,1,0,0,3,8,1,0,2,1,2,3,0,6,1,7,68,9,0,10,0,9,1,0,0,2,0,41,2,0,3,18,5,6,7,2,1,6,2,2,0,4,4,0,0,7,0,3,4,1,2,0,0,0,4,1,1,0,1,10,2,6,2,9,1,0,0,3,10,0,3,0,1,2,0,0,2,12,1,1,2,1,3,0,1,0,0,2,2,1,0,0,0,3,1,1,0,2,2,2,4,1,0,0,0,2,0,4,7,3,0,2,2,0,0,2,0,0,1,2,1,1,0,3,1,0,5,4,0,0,18,0,5,1,11,7,2,5,2,2,6,3,0,2,2,3,0,3,0,1,13,6,1,0,0,7,0,5,0,0,12,10,4,11,5,1,5,7,2,0,0,3,0,7,4,1,1,2,0,6,3,0,5,4,3,0,0,1,0,1,1,2,3,0,5,0,2,4,2,1,9,0,7,2,1,11,59,0,1,6,6,8,5,1,8,4,4,6,1,3,3,11,8,2,3,1,6
2,1,2,0,1,0,0,1,6,14,1,1,0,0,12,1,4,5,16,9,1,2,2,0,4,0,4,1,2,0,0,0,0,0,16,1,2,0,0,0,5,0,4,0,9,80,10,1,12,1,6,1,0,0,3,1,51,1,2,2,17,6,11,6,1,0,1,2,4,1,4,1,0,2,4,0,1,8,2,8,1,0,0,2,0,0,2,1,2,15,4,4,10,2,1,10,0,12,0,8,0,0,1,1,0,0,14,1,0,2,0,1,2,8,1,1,4,0,0,0,0,0,0,4,0,0,1,0,2,3,0,0,2,0,1,2,0,0,2,0,0,1,2,0,1,1,1,0,2,3,0,4,0,0,1,3,0,0,2,11,1,0,0,11,4,2,6,3,0,4,6,0,9,2,2,0,2,2,2,10,2,1,4,0,6,0,2,0,0,12,11,15,14,6,1,5,5,1,0,3,2,0,9,0,3,0,2,0,4,0,3,5,0,6,10,0,3,0,5,0,1,0,0,6,3,1,2,3,5,8,0,6,5,1,2,71,0,1,3,4,7,4,6,14,2,3,0,0,1,5,17,3,0,0,3,5
1,1,2,1,0,0,1,5,3,11,8,12,0,0,10,3,12,13,12,0,0,5,1,1,6,0,2,2,3,1,0,2,0,1,5,0,0,1,6,1,4,0,8,0,11,45,3,3,11,4,2,3,2,0,0,2,32,1,3,2,18,2,7,8,11,1,0,0,3,0,4,0,0,5,6,0,0,2,6,1,1,4,4,1,6,2,2,0,1,6,7,0,13,0,4,3,8,10,0,5,3,3,0,0,0,1,10,3,2,3,0,2,1,1,7,2,3,0,5,0,0,1,11,3,1,0,0,8,2,5,0,0,1,0,6,1,0,1,0,1,0,0,6,1,2,0,2,0,1,3,1,1,4,2,0,2,3,1,1,1,0,0,7,2,5,9,8,3,1,6,7,0,3,0,4,2,1,0,19,40,2,2,0,0,4,1,0,2,1,10,5,7,14,2,3,2,3,6,4,0,1,1,3,0,0,6,0,1,2,4,3,1,0,7,0,2,4,0,7,1,1,1,1,6,1,3,8,2,9,5,0,2,6,1,8,21,1,29,4,0,1,4,0,0,2,0,5,1,2,0,7,20,3,0,2,7
0,0,0,0,1,1,0,1,4,12,2,2,0,0,7,5,6,11,14,2,5,3,1,1,4,3,8,1,0,2,1,0,1,2,18,1,1,0,2,2,5,4,9,0,13,48,5,1,8,0,10,1,1,0,0,0,36,3,0,4,18,5,13,4,0,1,2,0,1,8,5,1,0,1,1,0,6,5,8,5,2,1,2,3,8,4,5,0,4,10,10,1,18,2,2,1,2,7,0,3,0,0,0,4,0,0,10,2,1,6,0,9,1,1,0,0,2,0,0,0,2,1,6,2,2,0,1,1,1,2,5,0,2,0,2,0,2,3,2,0,1,0,0,0,1,0,0,0,4,3,1,0,2,0,1,1,0,0,3,23,1,1,1,5,6,2,0,1,0,11,1,0,4,0,8,7,2,0,1,15,1,1,0,4,8,0,1,0,0,8,20,9,9,6,2,7,4,1,0,2,3,0,10,1,3,0,0,0,5,3,1,2,0,5,5,6,1,1,2,2,3,1,0,10,0,0,1,0,3,2,0,7,4,0,9,50,1,2,7,1,3,0,0,2,3,10,2,0,1,0,3,4,0,0,0,9
1,0,1,1,0,0,0,1,0,7,1,0,0,0,8,0,2,8,7,5,4,4,1,1,3,1,4,0,3,0,1,2,0,3,1,1,0,0,1,1,0,1,7,0,7,40,2,1,7,2,10,0,2,3,3,2,27,1,0,6,16,3,9,7,2,3,1,1,3,0,4,2,0,0,1,0,0,3,0,7,1,1,7,2,1,0,4,0,3,6,7,3,7,6,1,2,2,7,0,0,3,0,0,1,0,2,9,0,3,2,1,2,1,0,0,1,2,0,1,0,2,0,2,1,1,2,3,0,2,1,5,2,5,1,4,5,10,2,1,4,0,0,1,0,4,1,2,7,3,2,0,0,0,2,0,9,9,2,2,18,0,0,1,10,5,4,6,2,1,7,10,1,7,1,4,8,0,0,2,18,0,1,4,3,7,5,4,1,1,8,27,8,11,11,2,10,6,1,0,1,4,0,6,1,4,0,4,1,5,0,3,1,0,6,17,4,2,0,12,4,3,5,0,12,4,1,2,5,2,1,0,3,2,1,9,47,1,2,6,7,1,5,1,0,4,8,0,0,0,0,4,8,0,0,2,3
1,0,1,5,0,0,0,4,6,10,3,3,0,2,15,1,11,8,10,7,1,3,1,1,5,5,4,0,0,2,5,2,0,1,5,1,1,2,2,0,6,3,7,0,10,33,5,0,13,2,3,1,2,0,4,1,25,2,2,1,20,2,11,3,2,0,1,1,3,0,3,1,1,0,2,0,2,6,0,8,3,5,1,2,0,0,2,1,3,2,8,5,7,2,1,2,3,10,0,0,0,2,1,1,0,0,10,1,2,3,1,3,0,1,0,2,2,0,0,0,1,0,12,2,0,0,0,1,1,0,0,1,0,3,1,0,2,2,1,0,0,1,3,2,0,0,2,0,1,1,0,4,1,1,0,2,0,0,0,3,1,1,0,11,6,5,8,1,0,8,6,3,5,0,5,1,2,0,15,40,8,0,3,4,4,1,3,0,0,1,4,6,12,0,0,5,3,1,6,2,5,1,4,0,9,3,1,0,0,4,0,5,0,4,0,2,3,3,5,1,0,1,1,21,1,3,8,0,1,3,1,3,2,2,11,13,2,21,3,1,0,1,0,3,2,3,4,0,4,0,12,15,0,0,0,3
3,0,0,4,2,1,0,1,5,10,1,5,1,6,9,0,13,6,12,1,0,3,2,2,4,1,3,2,0,7,4,2,5,0,5,6,2,0,5,0,3,1,9,0,7,41,12,5,10,2,2,1,2,0,1,0,28,5,1,0,17,0,6,8,1,6,0,0,1,0,8,0,1,3,0,0,0,4,0,3,2,2,1,0,2,1,0,1,1,5,6,1,4,2,2,1,1,9,0,1,3,3,0,0,0,1,11,0,3,0,0,14,0,1,3,0,0,0,1,0,2,2,1,1,0,0,0,2,1,4,0,0,6,2,5,0,1,1,0,0,0,0,2,2,1,0,1,1,5,5,3,1,0,0,0,2,0,2,3,0,1,0,1,14,2,11,12,2,0,7,3,1,4,0,7,2,0,0,6,31,13,1,0,0,3,1,1,1,1,1,2,12,10,1,0,3,1,0,7,1,8,1,6,1,0,3,2,0,1,4,1,3,0,4,1,10,1,2,1,1,1,1,3,14,0,7,10,2,2,8,0,2,2,0,9,16,2,20,3,2,4,2,0,0,5,2,0,2,0,2,11,13,0,0,0,7
0,0,0,0,11,0,0,5,2,12,2,3,3,1,9,0,2,3,4,9,5,4,0,0,3,2,3,2,6,0,5,7,1,0,12,1,3,3,0,0,6,0,4,1,11,51,6,1,9,1,9,0,0,0,4,3,33,2,0,2,13,4,8,6,3,0,0,3,1,4,2,0,2,0,0,0,0,6,0,5,1,2,0,5,0,0,3,1,9,7,4,3,3,2,3,1,3,12,2,2,0,0,1,2,0,1,14,1,3,0,0,2,2,1,2,2,2,0,2,0,4,0,2,2,3,1,5,1,1,0,6,2,1,2,3,2,4,7,5,0,0,2,2,1,0,1,1,1,4,2,1,0,2,0,2,3,3,1,4,1,0,4,1,3,2,2,4,3,3,5,2,0,2,1,5,1,3,0,1,3,0,0,0,1,6,1,0,1,1,11,13,4,8,6,1,1,4,3,1,1,5,2,5,1,1,0,2,1,6,3,1,0,1,2,3,2,0,1,0,0,2,0,1,7,0,1,3,2,5,15,4,2,5,1,0,52,5,4,8,0,7,2,2,8,2,5,3,2,1,7,8,5,1,0,3,4
0,0,1,0,0,2,0,2,4,14,0,6,0,0,11,1,2,4,10,3,1,4,0,0,11,0,2,0,0,1,0,0,0,0,0,2,0,1,0,0,6,0,4,0,6,43,6,1,12,0,3,0,0,0,1,1,32,4,4,2,19,4,7,10,0,0,0,0,4,0,4,0,0,0,0,0,0,2,0,4,0,0,0,1,1,1,2,0,1,1,4,2,6,1,1,1,3,12,0,0,0,0,2,0,0,2,12,0,0,0,0,0,1,0,0,0,0,1,0,0,0,0,2,0,0,0,0,0,0,1,0,0,3,0,2,2,0,0,1,0,0,0,1,0,0,0,3,1,6,4,1,0,3,0,0,4,1,0,0,0,2,0,1,8,4,0,5,3,2,6,9,0,3,0,2,1,0,0,1,2,1,2,1,0,2,0,0,0,0,4,0,4,12,0,0,1,2,2,1,1,3,1,1,0,1,0,0,0,0,3,0,2,0,2,0,0,2,0,1,3,1,0,0,6,0,0,0,0,1,1,0,2,1,0,6,16,0,0,4,0,2,5,0,3,1,1,3,0,0,0,5,3,0,0,4,3
4,1,0,1,0,0,0,0,8,13,1,2,1,0,11,0,2,5,7,3,0,3,0,0,6,1,2,0,2,2,0,0,0,0,6,2,0,2,0,0,6,1,7,0,7,40,5,1,12,2,0,0,0,0,0,0,22,3,0,1,15,1,5,7,2,1,1,0,5,0,4,0,0,2,2,0,2,3,0,1,0,1,0,0,0,1,2,0,1,5,5,1,7,1,0,2,0,10,0,2,0,0,0,0,0,1,10,1,0,0,0,5,1,1,1,0,1,1,1,0,0,1,3,0,0,1,0,0,1,0,1,2,3,0,0,0,2,0,0,1,1,0,0,1,0,0,0,0,2,0,2,0,1,0,0,0,0,0,0,0,0,0,0,10,5,0,4,1,0,5,1,0,3,0,3,0,0,1,1,7,1,2,1,0,3,2,0,0,0,0,3,3,11,4,1,3,2,0,0,1,3,1,3,0,2,1,0,2,0,3,1,3,3,6,5,5,6,0,0,1,3,0,0,6,0,0,0,0,1,1,0,2,0,1,7,16,0,0,3,1,3,1,0,1,1,2,0,1,0,2,8,6,1,0,0,4
0,0,0,0,1,0,0,7,4,12,0,3,1,1,13,0,4,4,8,2,2,4,0,0,5,1,5,0,0,0,1,0,4,1,2,0,0,1,0,0,6,2,3,0,5,45,5,3,13,1,2,0,0,0,2,2,28,0,2,2,22,3,5,9,6,3,0,1,2,0,8,0,0,0,0,0,2,1,0,1,3,0,0,3,0,0,1,1,0,3,3,2,10,2,0,3,1,12,0,0,0,0,1,0,0,0,12,4,0,0,2,0,0,0,1,0,2,2,0,0,0,0,0,0,0,1,0,0,0,0,0,1,2,1,1,0,0,0,0,0,0,1,0,1,3,1,1,0,2,1,2,0,2,0,1,2,0,2,1,0,0,0,0,7,1,0,4,1,3,4,1,0,7,0,1,1,2,0,1,9,0,0,0,0,4,1,0,1,0,1,2,8,12,2,0,0,6,0,1,1,5,2,1,0,0,0,0,0,1,1,1,1,0,0,3,0,0,0,3,0,1,0,0,6,0,0,2,0,1,0,0,6,1,0,2,16,0,1,4,0,2,5,0,1,2,3,0,0,0,1,3,1,2,1,1,3
1,0,3,0,0,0,0,0,2,9,2,2,3,1,9,2,7,8,7,3,2,4,2,1,5,3,7,0,0,6,0,0,1,0,3,1,0,0,0,1,2,0,5,0,7,38,6,2,13,0,1,1,1,0,2,1,24,0,3,1,18,3,8,8,3,1,0,1,3,0,5,0,1,1,1,0,1,2,0,3,1,0,0,0,1,0,3,0,0,3,8,0,3,0,0,0,1,8,0,2,1,0,1,0,0,0,9,2,3,1,0,3,2,1,2,1,1,0,0,0,4,0,1,0,0,1,0,0,1,1,0,2,4,0,0,0,1,0,0,0,1,1,0,1,1,1,0,0,2,4,1,0,1,1,0,1,0,0,0,0,0,0,0,7,3,0,2,1,4,6,4,0,0,0,4,0,3,1,2,14,0,3,0,0,2,2,3,0,0,4,0,4,8,4,2,3,1,1,0,0,1,0,2,1,1,0,0,0,3,3,3,2,0,5,1,2,3,1,2,5,1,3,0,10,2,1,1,1,1,0,1,2,0,0,4,12,0,1,3,0,6,2,0,2,2,1,0,0,0,2,4,1,0,0,0,2
0,0,0,0,2,1,0,4,3,8,0,1,0,0,9,2,8,4,4,0,1,5,0,0,4,3,3,1,0,1,1,1,1,4,3,0,0,0,0,1,2,0,10,0,9,34,3,3,11,0,1,0,1,0,2,3,17,5,1,3,20,4,12,4,3,1,0,2,2,0,9,0,0,2,1,0,2,0,0,1,0,0,0,3,0,0,1,0,1,2,9,3,5,2,2,3,0,8,0,2,1,0,0,1,0,1,11,0,3,2,0,1,1,0,0,0,1,0,0,0,2,0,1,0,1,1,1,1,0,0,1,0,0,0,2,0,0,1,0,0,0,0,0,0,0,0,2,0,0,1,1,0,0,2,0,0,1,0,0,2,0,0,2,1,3,1,4,1,0,9,2,0,2,0,4,1,0,0,1,8,0,0,0,0,2,0,0,2,0,2,1,5,11,1,3,4,1,1,2,0,2,0,0,0,0,0,2,0,0,2,1,7,4,5,2,6,3,0,5,4,1,0,0,7,0,0,0,0,3,1,1,1,0,0,8,12,1,1,6,6,1,1,0,1,3,0,1,1,0,0,4,8,0,1,2,6
0,0,0,0,0,0,0,2,4,13,3,5,0,0,12,5,7,6,10,3,3,4,2,0,9,3,3,0,1,2,0,0,3,0,3,0,0,2,0,0,8,0,6,0,6,38,4,0,9,0,2,1,0,0,0,1,24,3,0,4,20,2,8,7,0,3,0,0,2,1,5,0,0,2,1,0,1,3,0,3,1,1,0,2,0,1,0,0,1,6,6,1,8,1,0,2,0,10,1,6,0,1,1,0,0,0,11,0,0,3,0,2,0,2,0,0,2,0,1,0,1,0,2,0,1,0,0,1,0,0,0,0,2,0,2,0,0,0,0,0,0,0,2,0,3,0,1,0,2,1,1,0,0,0,0,1,0,0,0,0,0,0,0,12,2,5,5,4,0,7,1,0,1,0,5,0,1,0,4,6,5,3,2,0,5,0,1,0,0,3,2,7,10,1,1,2,2,0,1,0,1,0,1,1,0,0,0,0,0,2,0,5,0,2,3,0,1,1,3,1,1,0,0,4,1,2,2,0,2,4,0,1,0,0,4,13,0,1,4,0,1,1,0,4,2,2,2,0,0,1,5,4,0,0,1,4
2,0,0,0,1,0,0,1,7,12,2,2,0,0,11,0,4,4,15,4,0,3,0,0,4,1,3,0,1,0,0,0,0,0,3,0,2,0,0,0,8,1,3,0,4,35,6,1,12,1,0,0,1,1,2,0,26,4,1,1,20,0,5,5,5,0,0,0,2,0,2,0,0,2,0,0,0,1,1,3,2,0,0,0,0,0,2,1,0,3,6,0,5,1,0,2,1,12,0,0,0,0,2,0,0,0,13,2,0,3,1,0,0,0,0,0,0,0,0,1,0,0,1,0,0,0,0,1,0,2,0,2,2,0,0,0,0,0,1,1,0,1,1,0,0,0,0,2,5,2,0,0,1,0,1,1,0,1,0,3,0,0,0,8,4,1,5,1,0,8,3,2,0,0,3,0,0,0,0,10,2,2,2,0,2,0,0,0,0,2,4,5,16,0,0,2,0,0,0,0,2,2,4,0,0,0,2,0,1,6,0,1,0,2,0,2,6,0,4,2,0,1,0,7,0,0,0,0,2,4,0,1,0,0,4,14,0,0,1,0,1,3,2,1,1,2,5,0,0,0,9,7,0,0,0,3
0,2,0,0,3,0,2,1,3,12,0,2,0,0,10,2,6,2,7,7,2,4,0,0,4,1,6,0,1,0,0,2,0,1,4,0,0,0,0,0,3,0,5,0,6,42,5,3,11,3,0,0,0,0,2,0,28,4,1,0,18,1,6,7,8,0,1,0,3,0,5,0,0,1,1,0,1,6,0,4,1,0,0,0,0,0,2,1,2,0,5,0,7,0,0,1,4,12,0,1,0,1,3,0,0,1,10,3,1,0,2,1,1,0,0,0,3,0,3,1,0,0,1,0,1,0,0,2,2,0,0,0,3,1,1,2,0,1,2,0,0,0,0,0,2,0,1,0,4,3,0,4,1,0,0,2,0,1,2,2,0,0,0,6,2,0,4,1,0,5,2,0,3,0,4,0,1,1,0,4,1,0,0,0,0,0,0,0,0,1,2,6,14,0,0,3,1,0,0,3,2,2,4,0,1,0,0,0,0,3,0,4,0,3,3,1,2,0,2,3,0,1,0,12,0,0,0,1,2,6,0,0,0,0,2,19,0,1,2,1,2,3,0,5,1,3,1,0,0,2,8,3,0,0,0,4
3,0,5,0,1,2,0,2,5,9,0,4,0,0,9,1,5,11,12,1,1,2,0,1,5,0,5,0,2,0,0,0,0,1,2,0,0,0,0,0,2,1,6,0,10,35,2,0,10,1,1,0,0,2,1,0,23,1,2,6,18,1,11,5,1,0,3,2,0,2,3,0,1,0,0,0,1,1,0,1,2,0,0,0,0,0,3,2,1,2,13,0,8,3,2,0,0,10,1,0,0,0,1,0,0,1,8,0,0,0,0,0,1,0,0,0,6,0,0,0,0,0,1,0,0,1,0,0,0,0,0,0,6,1,1,1,0,1,2,6,0,4,1,3,2,0,0,0,3,2,0,1,0,0,0,1,2,3,4,0,1,0,1,4,4,0,1,1,1,8,2,0,1,0,3,0,1,0,0,15,0,1,0,0,7,3,0,1,1,1,1,7,10,0,3,3,1,1,0,1,1,0,3,0,1,0,0,0,1,1,0,1,1,4,2,2,5,0,5,3,2,0,0,14,0,0,0,1,0,2,0,3,0,2,6,19,0,1,5,1,5,2,0,3,5,2,0,0,0,2,6,7,0,0,0,6
1,1,1,0,0,0,0,1,2,8,0,1,0,1,7,0,8,11,13,7,3,6,1,0,1,0,10,1,0,4,0,1,0,1,3,0,0,0,0,0,5,0,7,0,10,38,5,1,11,3,1,0,0,0,5,1,23,7,1,2,20,1,14,6,8,2,4,0,2,0,1,0,2,0,5,0,2,0,0,5,0,0,1,3,1,1,4,0,1,7,8,0,9,0,0,3,1,9,0,1,0,0,2,0,0,0,9,1,0,0,2,1,0,1,0,1,0,0,3,0,1,0,1,0,1,0,0,1,1,0,0,1,0,0,2,0,0,3,0,0,0,0,0,4,0,0,0,0,2,3,0,0,2,0,0,0,3,0,0,1,0,1,1,6,5,0,3,3,0,9,2,1,3,1,6,0,2,2,1,17,3,1,0,1,4,0,0,0,1,1,2,4,8,0,0,4,4,0,2,0,3,1,0,0,1,0,0,1,0,1,0,2,0,4,5,3,3,0,5,3,1,0,0,9,0,0,0,1,0,3,0,3,1,0,8,15,0,0,6,1,1,1,0,1,2,1,1,0,0,0,5,9,0,0,0,5
1,1,1,1,2,0,0,1,2,7,3,2,0,2,6,2,3,9,6,3,1,2,1,0,4,1,10,1,0,0,0,0,0,1,4,0,0,0,1,0,1,0,9,0,12,27,2,2,8,0,2,0,1,1,1,1,16,7,3,2,18,3,16,7,3,0,1,0,1,0,5,0,0,0,0,0,1,1,0,2,0,2,0,1,0,1,4,0,0,2,9,0,13,4,0,2,0,7,1,2,0,0,2,0,0,2,9,3,3,1,0,2,4,2,0,1,1,0,2,1,1,0,2,0,1,0,1,0,0,0,0,1,2,0,2,0,0,0,0,1,0,0,0,1,0,0,0,0,2,1,0,0,0,2,0,2,0,0,0,1,1,0,0,5,3,0,4,1,0,11,1,0,4,0,3,0,0,0,1,15,1,1,2,1,4,0,2,1,0,3,1,5,7,0,1,3,0,1,2,0,2,1,3,0,2,0,1,2,0,1,0,3,0,3,0,3,2,0,0,3,1,0,0,9,0,0,1,0,1,0,0,2,0,0,5,10,1,0,6,3,3,0,0,0,3,1,0,2,0,0,4,9,1,0,1,7
1,0,0,0,2,0,1,1,1,10,1,6,0,2,8,1,6,7,9,2,2,2,3,0,3,0,6,2,0,0,1,0,2,4,4,0,0,2,0,1,3,0,9,0,8,31,6,1,10,1,1,1,0,0,2,0,22,2,1,5,18,3,13,5,4,2,0,2,0,0,2,0,0,3,1,0,3,2,0,1,0,0,0,0,1,0,1,1,0,6,9,1,7,2,1,2,2,9,1,2,0,0,1,0,0,2,8,1,0,2,0,2,1,2,0,2,3,0,0,0,0,0,1,0,0,1,0,1,0,0,0,1,3,0,2,0,0,0,2,1,1,1,1,0,3,0,0,1,6,2,2,0,1,0,1,0,0,1,1,0,1,0,0,9,3,0,2,1,0,8,2,1,1,1,1,0,0,0,2,19,1,2,1,0,2,0,2,0,0,1,3,5,11,1,2,3,3,0,0,2,4,2,3,1,2,0,0,0,0,2,2,1,0,4,0,4,3,0,3,2,0,1,2,11,2,1,0,0,0,0,0,5,0,1,4,9,0,1,5,0,2,2,0,1,3,0,0,0,0,2,4,4,0,1,2,4
0,0,1,0,1,0,0,1,4,11,0,8,0,0,10,4,4,4,7,4,1,0,0,0,6,0,3,0,1,0,0,5,4,0,7,0,1,1,0,0,3,0,8,0,5,50,3,2,14,0,0,1,1,5,0,1,30,2,0,1,20,1,7,5,9,0,0,1,2,3,3,0,1,2,4,0,3,3,0,0,2,2,1,0,3,4,1,0,0,10,5,2,13,5,0,5,3,12,0,0,1,1,0,0,0,2,13,0,2,0,0,0,1,1,0,4,1,0,0,0,0,0,4,2,0,1,1,0,0,0,0,2,0,0,0,0,0,0,2,1,0,0,4,3,2,0,0,0,3,2,1,1,0,2,2,1,0,0,1,0,0,0,0,7,3,0,5,0,1,6,6,2,4,1,3,0,0,1,1,9,1,1,2,0,3,0,0,1,1,4,3,6,10,0,2,3,1,0,2,3,2,3,2,0,1,0,1,1,4,1,1,2,1,3,1,3,3,0,3,1,2,2,0,5,0,0,0,0,0,0,0,4,2,2,1,23,0,2,5,0,1,2,0,3,2,0,2,2,1,5,6,3,0,0,2,7
0,0,0,1,4,0,0,0,3,9,3,6,0,0,9,0,2,4,6,5,0,4,0,0,6,2,3,0,1,2,2,0,0,1,3,1,0,2,1,0,3,2,7,0,6,37,1,1,11,5,0,2,1,0,3,1,20,2,1,2,20,0,12,6,8,0,0,0,2,2,6,0,1,1,3,0,2,2,0,2,1,3,0,2,1,0,2,0,1,1,6,1,9,2,0,1,2,9,1,0,1,1,0,0,0,2,9,0,0,1,0,2,1,1,3,0,1,0,0,0,3,0,1,0,4,0,0,1,1,0,0,2,0,0,0,0,0,2,0,0,1,1,3,1,0,0,0,0,1,2,0,2,1,0,0,0,1,0,1,2,1,0,3,4,9,2,4,0,1,7,1,1,3,0,2,2,2,1,1,14,3,0,0,0,2,0,0,1,0,1,1,9,9,1,0,3,0,1,2,0,6,0,2,3,1,0,0,0,0,0,3,1,1,6,4,1,3,1,6,4,2,1,0,7,1,0,2,1,2,4,0,2,0,1,6,13,0,4,5,1,3,3,0,4,1,0,0,2,2,0,3,6,0,0,2,3
0,0,0,0,0,0,1,1,1,13,0,3,0,0,13,0,2,1,6,5,0,3,2,0,1,1,6,0,0,3,0,0,2,2,5,0,0,0,0,0,7,1,3,1,4,49,4,2,14,1,1,0,0,0,3,1,30,3,1,0,18,2,7,6,1,1,0,2,5,0,6,0,0,4,2,0,0,2,0,3,1,1,1,0,1,0,1,1,3,1,2,1,14,1,0,2,0,14,0,3,1,0,2,0,0,0,15,0,1,0,0,2,0,0,0,0,2,0,0,0,0,0,3,0,0,0,0,0,0,0,0,1,1,0,1,0,0,0,3,0,0,0,1,0,0,0,0,0,2,2,1,0,0,0,1,2,1,3,1,0,0,0,1,7,0,0,7,1,1,4,0,2,2,0,1,0,1,1,0,2,0,2,0,0,4,0,0,0,0,2,0,2,14,1,0,1,1,1,0,0,2,0,4,0,0,0,1,2,2,8,0,4,0,1,2,2,9,1,2,1,3,1,0,6,0,0,0,0,3,5,0,1,1,0,1,18,2,0,1,4,2,3,0,2,1,1,1,0,0,1,3,0,0,0,1,4
1,1,0,0,0,0,1,1,2,10,1,3,0,2,11,1,3,6,10,2,3,5,2,0,3,0,3,0,1,0,1,0,3,2,4,0,1,2,0,0,3,0,6,0,7,36,5,2,9,0,2,0,1,1,1,0,23,1,0,2,15,1,4,6,5,1,0,3,1,0,5,2,1,0,1,2,2,1,0,4,0,1,1,2,3,0,3,0,2,6,5,3,10,0,1,1,1,10,0,2,2,1,6,0,0,0,10,3,0,2,1,0,0,1,1,0,1,0,2,0,4,1,3,0,1,0,0,4,1,3,0,0,1,0,0,0,1,1,1,3,0,1,1,1,1,0,0,0,3,1,0,1,1,0,0,1,0,0,0,2,0,0,1,11,5,1,3,2,0,7,6,0,5,0,3,1,0,1,1,15,1,2,1,0,3,1,0,1,0,0,1,4,13,1,0,5,4,0,0,1,6,0,2,0,3,0,2,2,1,3,1,4,1,4,1,2,4,0,2,3,0,0,0,6,0,0,0,0,2,0,0,2,0,0,9,12,1,5,1,0,1,2,0,1,1,2,2,1,1,2,1,4,0,2,3,2
1,0,0,0,0,0,0,4,4,11,0,3,0,4,9,2,5,8,11,3,1,6,1,0,6,3,3,5,1,3,1,0,0,0,5,5,6,1,0,3,2,1,3,1,8,53,10,2,11,0,2,1,1,2,1,4,32,4,2,1,17,5,5,12,3,1,1,0,4,0,4,1,0,0,2,1,0,3,0,3,0,1,0,1,0,1,0,0,4,12,4,0,7,2,0,3,0,12,1,0,1,0,0,1,0,0,10,1,1,0,0,4,4,1,1,0,1,2,2,0,0,4,2,0,1,1,1,0,4,0,0,3,4,4,5,1,0,0,2,1,1,2,1,2,0,0,1,0,2,4,2,2,0,0,1,2,5,1,6,0,1,0,1,6,1,1,5,3,2,3,6,2,12,0,2,1,0,5,0,8,0,2,2,0,3,2,0,1,0,6,2,7,11,0,0,3,2,6,1,0,3,1,2,0,4,0,1,0,0,0,1,4,0,4,1,1,7,0,1,4,4,1,0,6,1,0,7,1,4,6,0,2,0,2,5,29,0,2,3,3,4,1,1,1,4,4,5,0,0,2,10,6,1,1,1,10
0,0,1,0,0,0,0,4,5,12,0,3,0,0,12,1,0,2,11,1,0,2,0,0,3,1,0,0,1,2,1,0,1,1,2,0,1,1,0,0,5,0,5,0,4,46,7,2,12,0,1,1,0,1,1,0,33,0,0,1,15,1,2,7,1,2,2,0,1,0,7,3,1,0,2,0,6,2,0,2,1,0,1,0,0,2,0,1,1,4,7,0,9,0,1,1,4,12,0,3,0,0,1,0,0,1,12,4,0,1,3,2,2,0,0,0,2,0,0,1,0,0,3,0,0,0,0,0,1,1,0,1,4,0,1,3,0,2,0,0,1,0,2,0,0,2,0,0,4,2,2,0,1,0,0,0,1,0,0,1,0,0,0,6,3,2,5,0,0,6,2,0,3,0,2,0,1,0,1,5,1,1,0,0,4,0,1,0,0,3,1,5,13,1,1,3,0,1,0,2,2,0,2,0,1,0,0,0,0,0,0,4,2,5,1,1,5,0,0,1,2,1,0,1,1,0,0,1,1,0,0,6,1,0,4,20,1,2,1,4,5,5,0,4,1,1,0,0,0,0,9,4,0,1,0,6
2,1,0,1,1,0,0,3,2,10,1,3,0,4,8,2,4,4,7,3,1,5,2,1,4,0,2,1,0,0,0,0,2,2,0,0,0,1,0,2,5,4,6,2,8,30,1,0,8,0,0,0,3,3,2,0,22,2,1,0,15,9,11,4,8,2,0,3,4,2,4,0,0,1,0,1,3,4,1,1,2,0,0,1,2,4,0,3,1,3,7,5,4,6,0,3,2,7,1,0,0,0,0,0,0,2,10,1,2,4,1,0,5,3,1,0,3,1,0,0,0,1,0,1,0,1,0,2,0,0,0,3,2,0,0,0,0,0,0,0,0,1,0,0,0,0,0,0,1,3,0,0,1,1,1,0,0,0,0,1,1,1,0,2,1,0,3,1,0,6,1,0,2,0,3,0,0,0,1,9,0,0,0,0,2,0,1,0,0,3,1,5,7,0,1,6,2,3,1,2,2,0,3,0,0,0,7,0,0,5,1,4,1,6,1,1,4,3,3,2,2,0,0,8,2,2,2,5,1,2,1,2,0,2,4,11,1,4,4,3,5,2,0,0,3,2,0,0,1,1,4,8,1,3,1,5
2,0,2,0,2,0,0,2,5,9,0,6,1,0,8,0,1,10,6,2,4,3,2,0,1,1,2,0,0,0,2,0,1,0,2,1,0,0,0,0,2,2,8,0,8,26,3,1,8,0,2,0,0,0,0,0,13,3,1,0,18,3,8,4,2,1,1,0,1,0,4,1,0,0,3,0,3,3,0,1,1,2,0,4,0,0,0,1,2,1,8,1,6,1,2,1,4,8,1,0,0,2,0,1,0,2,8,1,2,1,0,0,0,0,2,0,2,0,0,0,3,0,5,0,0,0,0,0,0,0,0,0,2,0,3,1,1,3,1,0,2,0,2,0,3,0,1,0,3,2,0,0,0,3,0,0,0,0,0,0,0,0,0,3,10,1,1,3,0,11,0,0,3,1,5,0,3,0,1,15,3,2,0,1,3,0,3,1,0,5,3,7,8,3,0,4,1,0,1,1,3,0,4,0,4,0,0,0,1,2,2,1,1,5,2,0,0,1,3,1,1,0,0,9,0,0,0,0,2,0,0,2,1,1,5,7,1,0,5,1,1,2,0,0,4,1,0,0,0,0,2,7,0,1,0,6
0,0,2,1,0,1,0,2,4,12,0,4,0,0,9,2,4,5,7,1,2,6,0,0,3,1,3,1,2,0,0,1,1,2,5,0,1,0,0,2,3,1,6,1,9,36,3,3,12,0,2,0,1,2,1,1,22,2,0,4,20,2,9,7,7,2,1,0,0,0,4,1,1,0,0,0,0,2,0,1,1,0,0,2,1,0,0,1,0,4,6,1,8,1,0,1,4,10,1,0,0,1,0,0,0,0,11,3,1,0,4,1,0,0,0,0,1,0,0,1,0,0,1,0,1,1,0,0,0,0,0,1,3,0,2,1,0,0,0,0,1,0,0,0,0,0,0,0,2,1,0,0,2,0,0,3,1,0,0,2,0,1,0,9,6,0,3,1,0,6,1,1,0,0,1,0,0,0,0,16,0,0,0,0,1,0,1,1,0,4,0,5,11,0,0,3,2,0,0,3,1,0,1,0,4,0,0,1,0,1,1,1,1,3,4,0,0,1,4,0,1,0,0,7,0,0,2,1,1,1,1,1,1,0,6,11,3,2,3,3,2,1,0,1,2,1,0,3,0,3,2,5,0,0,1,4
2,0,1,0,1,2,1,6,2,11,1,4,0,1,8,4,2,3,5,3,1,5,0,0,2,0,2,0,0,0,4,0,4,1,2,0,0,1,0,1,4,2,4,0,9,45,3,1,12,0,0,1,0,2,2,1,25,0,0,2,21,1,4,6,3,1,1,0,5,0,6,0,0,0,2,0,1,1,0,1,1,0,0,1,0,0,1,0,4,8,7,0,11,4,0,2,2,10,1,3,0,0,2,0,0,2,12,1,1,1,1,0,0,0,0,0,5,0,0,0,1,1,1,1,1,2,0,1,2,0,0,0,3,0,0,2,0,1,0,1,0,0,1,0,7,3,0,0,2,3,1,0,1,2,0,3,0,0,1,1,0,0,0,13,3,1,3,3,0,6,2,0,0,0,3,0,1,3,0,22,2,2,2,0,3,1,3,1,0,1,2,8,11,1,0,0,0,0,0,1,3,2,3,0,1,0,2,0,0,2,0,3,1,2,2,1,3,0,8,0,2,2,1,8,0,1,0,2,2,0,0,1,1,1,4,9,0,2,9,0,3,3,0,1,3,2,2,0,2,3,4,9,0,0,4,4
0,0,1,0,0,1,1,2,1,10,1,6,1,1,8,0,5,6,7,3,0,4,1,1,3,1,6,0,0,3,2,0,0,1,4,1,0,1,0,1,4,1,7,1,9,31,4,1,9,3,3,2,0,0,2,0,21,3,1,2,15,3,12,5,3,0,0,0,1,0,4,1,0,0,2,0,0,1,0,0,0,0,0,1,0,1,2,0,1,1,8,1,9,1,2,0,1,9,0,2,1,0,1,0,0,0,11,1,0,0,0,4,2,0,0,0,0,0,0,0,0,0,3,0,0,0,1,1,3,0,0,0,0,0,5,0,0,0,0,1,0,1,1,1,0,0,2,0,5,2,2,0,0,0,1,0,0,0,0,1,0,0,0,5,10,3,3,5,1,9,1,0,4,2,8,0,1,1,2,19,3,1,1,0,1,0,1,0,0,1,4,3,10,0,0,5,1,1,0,0,6,0,2,0,1,0,0,2,1,3,0,1,0,5,3,1,1,0,5,5,1,0,0,14,0,0,1,0,1,0,0,5,3,0,7,8,0,5,3,0,3,0,0,2,2,5,0,0,1,1,2,9,0,1,2,3
0,4,1,0,0,1,0,5,3,5,0,1,1,1,4,1,8,9,10,1,0,6,1,1,1,3,5,0,4,0,2,1,1,0,1,1,1,0,0,0,2,1,12,0,11,17,1,0,6,3,1,2,0,0,1,0,12,1,0,2,16,4,12,4,3,0,0,0,1,0,2,1,1,2,0,0,2,0,1,3,2,0,0,3,0,2,3,1,1,3,11,2,4,3,0,0,0,5,1,2,1,0,1,0,1,1,4,0,2,2,2,1,2,0,0,1,3,0,0,2,1,0,1,0,0,0,2,0,0,1,0,0,6,0,1,1,1,1,0,1,0,0,0,1,2,0,3,0,3,0,0,0,0,0,0,0,1,0,1,0,0,2,1,4,12,4,1,1,0,11,0,0,1,1,8,0,0,2,2,21,0,0,0,1,0,1,1,2,0,1,1,8,6,0,1,7,2,1,0,4,1,1,6,0,0,0,1,1,1,3,0,1,2,6,2,5,2,0,8,4,0,1,0,14,1,1,3,3,0,4,0,2,0,1,12,2,0,3,8,0,3,2,0,0,4,2,0,2,0,0,3,6,0,0,0,8
0,1,1,0,0,1,1,1,0,10,1,2,0,2,10,2,8,5,10,0,1,3,1,0,3,2,6,0,3,0,0,0,0,1,7,0,0,0,0,1,6,0,6,0,6,44,6,1,12,0,2,0,0,1,2,1,26,1,2,2,19,2,9,8,2,1,0,0,1,1,5,0,0,0,9,0,0,1,0,2,1,0,0,1,0,2,1,0,0,4,5,8,15,2,0,3,1,11,0,1,2,0,1,0,0,0,12,3,2,1,0,2,0,1,0,0,0,0,0,0,1,0,0,0,0,1,0,0,0,2,0,2,3,0,0,0,0,1,1,0,0,1,0,0,1,0,0,0,4,2,0,0,0,0,0,3,2,0,2,1,2,0,0,3,3,2,4,1,0,6,2,0,1,0,3,0,1,0,2,15,1,0,0,0,2,1,0,1,0,2,2,6,12,0,1,4,4,1,1,0,4,0,6,0,0,0,0,0,1,2,0,6,0,4,2,4,3,0,4,2,1,0,0,10,0,1,2,0,0,3,0,1,0,2,0,15,1,2,1,1,1,0,0,6,2,0,0,1,0,0,2,1,0,0,0,3
1,0,0,0,1,0,0,3,6,11,1,2,1,0,11,3,6,8,3,4,1,2,0,0,1,2,2,0,3,0,2,0,1,0,4,0,0,0,0,0,5,2,5,0,7,45,2,2,11,0,0,0,0,2,1,2,30,2,3,1,19,3,4,8,7,4,0,0,1,0,3,0,0,1,0,0,3,2,0,3,0,1,0,4,1,1,3,0,0,2,5,2,13,4,0,2,2,12,0,1,0,0,1,0,1,1,14,4,2,0,0,2,1,0,0,0,2,0,0,0,1,0,1,0,3,0,0,0,3,0,0,0,4,0,1,0,0,0,2,2,0,1,3,0,3,0,0,0,2,2,0,0,0,0,1,0,0,1,0,0,0,0,0,4,3,0,3,0,1,6,2,2,3,0,2,0,1,1,1,14,2,1,1,0,6,0,1,2,0,1,1,6,12,1,1,2,2,5,2,0,4,0,1,1,5,0,0,1,1,0,1,3,0,3,2,2,3,0,11,1,3,0,0,11,2,0,0,0,2,10,0,3,0,1,8,22,2,0,3,3,1,7,0,0,1,1,0,0,0,3,12,10,0,0,4,3
4,4,0,0,0,0,0,2,3,7,2,3,0,0,7,1,5,7,5,1,4,4,0,0,2,2,2,0,0,0,0,0,0,2,4,1,0,0,0,0,4,0,8,0,10,38,10,0,8,0,0,2,0,0,0,0,25,4,1,6,18,3,12,9,2,0,0,1,2,0,6,0,0,2,3,1,3,5,0,2,1,0,1,0,1,0,1,0,3,4,7,1,6,2,1,1,2,10,1,3,1,0,0,0,0,0,10,2,0,2,0,2,0,0,1,0,2,0,0,0,2,0,4,0,0,2,1,0,1,0,0,1,0,0,2,2,1,0,2,0,0,1,3,0,3,1,0,0,5,4,1,0,1,1,0,0,2,2,2,0,0,0,1,8,8,1,6,1,0,10,4,0,5,1,3,1,1,0,1,17,4,2,3,0,3,0,1,0,0,1,3,8,9,1,1,5,0,0,0,0,2,0,2,0,0,0,0,0,0,2,0,2,1,6,3,0,1,0,3,3,2,0,0,9,2,0,2,0,3,3,0,1,0,0,10,17,0,1,3,0,5,0,0,2,1,1,1,0,0,0,5,6,0,0,2,8
1,0,0,1,0,0,0,5,2,14,0,1,0,0,11,2,3,5,10,3,2,5,1,0,4,1,4,0,1,1,0,0,3,1,6,0,1,0,1,0,1,0,3,0,5,35,7,2,12,0,2,0,1,0,1,0,22,0,1,0,18,2,7,6,3,1,2,0,0,0,4,0,0,0,1,2,1,2,1,3,1,0,0,0,0,0,3,0,0,3,5,0,12,0,0,2,3,11,0,0,0,0,1,0,0,0,11,2,1,0,0,0,1,0,0,0,0,0,0,0,0,0,1,0,0,2,0,1,0,0,0,1,2,0,2,1,0,1,1,1,0,1,5,2,2,0,1,1,4,0,0,1,0,0,1,0,1,0,2,3,0,0,3,10,1,2,6,1,0,4,0,1,2,0,2,2,0,0,1,5,0,0,0,0,1,1,0,1,0,3,2,5,13,0,1,3,2,1,1,0,1,2,1,0,1,1,0,0,0,2,1,1,0,4,0,0,2,0,4,3,1,0,0,5,2,0,1,1,1,3,0,4,0,0,2,10,1,0,2,0,0,0,0,3,2,1,1,0,2,0,2,1,0,0,1,2
0,0,1,0,0,0,0,2,4,10,4,2,0,0,9,0,4,6,4,3,1,2,0,0,5,1,1,0,1,0,2,0,1,0,2,1,0,0,0,0,4,2,8,0,7,34,4,3,10,0,2,0,0,0,1,0,22,1,0,2,18,2,4,12,2,3,0,1,0,1,3,0,2,0,5,1,1,1,0,3,0,0,0,1,0,0,0,0,1,5,5,0,8,0,0,0,6,12,2,1,0,0,0,0,0,1,11,0,0,2,0,0,1,0,1,0,3,0,0,0,4,0,2,0,0,0,0,0,0,2,0,0,1,0,0,2,0,0,0,1,0,0,0,0,1,0,1,1,1,0,1,0,2,2,0,0,0,0,0,0,0,0,0,7,5,0,7,3,0,7,2,3,1,3,2,0,4,0,0,7,0,0,4,2,2,0,1,0,0,3,2,7,10,0,2,2,5,1,0,0,8,0,1,0,2,0,5,0,0,0,0,1,1,2,0,2,2,0,4,1,2,0,0,4,1,0,0,0,0,0,0,1,0,0,6,13,4,1,3,7,2,1,0,4,2,0,0,0,0,0,3,4,0,0,5,6
2,0,0,0,1,0,0,2,4,9,3,3,0,0,10,0,3,12,8,0,3,2,1,0,4,2,4,1,5,2,1,3,0,0,4,0,1,0,0,0,1,0,6,0,9,34,3,0,9,4,0,1,0,1,0,0,16,0,3,4,17,0,6,5,6,2,1,1,1,0,3,0,0,0,1,0,0,0,1,2,0,2,0,0,3,0,1,0,3,3,8,1,11,2,0,1,0,9,2,0,0,1,0,1,0,5,10,2,1,0,2,0,1,1,1,0,0,0,0,0,1,1,2,0,2,0,1,2,0,6,0,0,1,0,1,1,0,0,0,1,0,0,1,4,1,1,0,0,2,2,1,0,1,0,0,1,1,0,1,0,1,0,0,7,8,0,3,0,4,7,3,0,2,0,3,0,1,0,3,14,0,1,1,0,2,1,1,0,1,1,1,5,9,0,4,4,1,1,1,0,1,0,3,0,0,0,1,0,0,1,1,0,2,2,0,1,3,0,5,2,0,1,1,3,1,1,0,1,0,0,0,3,0,3,7,16,0,0,5,1,6,3,0,0,4,0,0,0,0,1,5,5,1,0,0,7
1,1,0,0,1,1,0,2,1,12,0,1,0,0,8,2,2,4,5,1,1,2,0,0,0,2,1,0,2,0,0,0,1,1,2,0,0,0,0,0,3,1,8,0,8,37,4,2,9,1,3,1,2,0,1,0,23,1,3,2,17,5,8,7,1,2,1,0,1,0,2,1,0,0,0,0,0,0,1,1,0,1,0,1,4,2,2,0,0,2,8,5,14,4,0,1,0,10,1,3,2,0,1,0,0,1,11,1,1,3,3,3,0,1,0,0,3,1,1,0,1,2,0,1,0,0,2,3,1,1,1,0,1,0,2,0,0,0,1,1,0,0,0,2,1,0,0,0,1,3,0,0,1,1,0,0,0,0,0,1,1,1,0,4,4,0,3,2,2,7,3,0,3,2,0,0,0,1,1,11,5,1,0,0,6,2,0,0,0,4,2,1,11,0,1,4,5,5,2,1,5,3,2,0,0,0,1,1,0,1,0,3,1,4,1,0,3,0,2,4,2,0,1,6,3,0,2,1,1,2,0,2,0,0,5,11,2,2,6,4,1,1,1,2,3,4,2,0,0,0,1,3,0,1,3,3
0,0,0,0,2,0,1,2,3,9,1,3,0,0,11,0,0,4,5,5,1,4,0,0,2,1,5,0,3,0,0,0,1,0,4,0,0,0,0,1,6,1,10,0,9,28,1,1,8,0,3,0,0,1,0,0,17,4,1,1,15,5,10,7,2,0,2,1,0,0,6,0,0,3,0,0,1,2,0,2,1,0,0,2,2,0,1,0,0,2,7,2,6,1,1,0,1,9,0,1,0,0,0,0,0,1,12,1,0,0,0,1,0,0,0,0,2,0,0,0,1,0,0,0,0,0,0,1,0,2,0,0,0,1,2,0,0,1,0,0,0,0,1,0,0,0,0,1,2,1,0,0,1,0,0,0,0,0,2,0,2,1,0,4,3,1,2,3,0,8,1,0,0,0,2,0,1,0,0,5,4,0,1,0,2,1,0,0,1,2,0,3,11,0,0,4,2,2,0,0,3,0,1,0,0,0,0,2,0,2,1,3,0,8,2,2,2,0,0,2,1,0,1,8,1,0,1,0,3,3,0,1,0,1,5,11,0,1,3,3,1,0,0,1,3,2,2,0,0,1,2,3,0,0,0,4
1,0,1,0,0,0,0,1,1,9,0,1,0,0,11,1,5,3,10,1,2,2,1,2,2,2,0,0,0,2,0,0,2,0,2,1,2,0,1,0,7,0,6,0,6,33,10,0,9,1,1,0,0,0,2,1,23,2,0,3,19,3,9,1,2,1,0,1,0,1,6,0,0,0,0,0,1,3,0,0,2,0,0,1,0,0,0,0,2,2,5,0,2,0,0,0,1,11,0,0,1,0,0,0,1,0,9,3,0,1,0,0,3,0,3,0,0,0,1,0,0,0,0,0,3,0,0,0,1,1,0,0,3,0,0,0,1,2,2,0,2,1,1,0,1,0,1,1,3,3,3,0,0,0,0,0,0,0,2,1,0,0,0,9,6,5,7,0,0,6,1,0,4,1,3,2,2,0,0,16,0,1,0,0,4,2,1,2,0,4,4,4,10,1,0,3,0,0,0,2,3,0,3,0,4,0,0,2,1,5,0,4,0,2,2,0,1,0,4,2,1,0,0,6,0,2,3,1,0,0,0,3,0,0,5,13,1,4,3,0,2,1,0,0,5,1,1,1,0,1,2,4,0,0,2,4
1,1,0,0,2,1,0,0,0,8,0,1,0,1,6,0,11,9,7,3,2,4,0,0,1,1,6,1,0,0,0,1,0,0,3,0,0,0,1,0,2,0,8,0,9,32,4,2,9,0,1,1,1,2,3,0,26,3,1,0,23,0,7,7,1,1,0,1,1,0,3,0,0,1,1,0,0,0,0,0,1,1,0,2,0,2,3,0,2,2,9,4,10,2,0,0,2,9,0,3,1,0,0,1,0,2,9,0,1,1,0,0,4,0,0,0,1,1,0,0,1,0,1,0,0,0,0,0,0,2,0,0,1,3,2,1,0,1,0,0,1,0,1,0,1,0,1,0,2,1,1,0,1,0,0,0,2,0,0,1,0,1,0,5,2,1,5,1,0,10,4,0,3,0,5,0,1,0,0,19,2,2,0,0,4,0,1,0,0,1,0,4,8,1,1,3,2,0,1,2,1,1,1,1,0,1,1,2,1,0,1,4,2,4,3,1,1,0,7,1,4,2,0,12,3,1,0,0,1,2,1,1,0,0,8,11,0,0,5,0,3,2,0,0,3,1,0,0,0,1,5,8,0,0,6,8
2,0,0,2,2,0,0,2,6,10,1,4,0,0,14,2,9,8,9,5,0,1,0,0,4,0,5,0,0,0,2,0,3,1,4,0,0,0,0,1,4,1,6,1,7,38,0,2,8,0,2,0,2,1,0,0,25,4,1,3,16,3,10,6,6,3,1,1,6,2,7,0,1,1,0,0,1,0,1,3,2,1,1,2,1,0,1,4,0,8,6,2,10,3,1,1,0,9,0,0,0,1,0,0,0,1,10,1,0,1,0,4,0,0,2,0,1,0,0,1,1,0,2,1,1,0,1,0,3,1,0,0,1,0,1,0,0,0,0,2,0,1,2,0,0,0,1,2,2,0,0,0,0,0,0,0,0,0,0,0,2,0,0,9,3,0,8,3,0,7,6,0,6,0,6,0,2,1,1,21,2,8,5,1,6,0,2,0,0,3,0,12,9,1,0,3,1,0,0,2,2,1,3,0,2,0,0,0,2,2,0,0,1,5,2,3,2,0,3,1,1,3,0,12,0,1,0,0,2,3,0,1,0,0,0,20,0,1,3,0,3,3,1,1,2,1,2,0,0,8,5,3,0,2,0,5
3,2,2,1,1,0,0,3,5,8,0,4,1,0,8,2,5,3,8,6,1,5,2,0,3,0,6,0,2,5,1,1,0,2,3,0,0,1,0,0,8,0,6,0,10,32,6,1,10,2,2,0,2,0,0,0,20,3,0,1,19,4,10,6,2,1,1,0,0,1,3,1,0,1,2,1,3,4,0,2,0,0,0,2,2,0,4,0,1,6,8,3,2,4,0,2,1,10,0,2,2,2,2,0,0,1,8,0,0,0,0,0,1,1,0,0,1,0,1,0,0,0,2,1,1,0,0,0,0,1,0,1,1,0,2,0,0,0,0,4,1,2,2,0,4,0,0,1,5,5,1,1,0,0,0,1,1,0,0,0,0,0,0,3,2,1,2,1,0,9,0,0,3,0,3,0,0,0,0,9,1,0,0,0,4,0,0,0,0,5,0,7,11,1,1,5,3,1,1,2,4,0,7,0,1,0,2,1,0,1,2,3,1,5,0,2,7,1,8,4,0,1,1,15,0,0,0,2,1,5,0,0,0,1,6,8,0,1,6,0,2,0,0,0,1,2,2,1,1,0,2,5,0,0,0,4
1,0,0,0,3,0,0,1,4,8,0,2,1,0,9,3,3,2,8,2,0,2,2,1,5,0,1,0,1,2,0,0,1,1,4,0,0,1,1,0,5,0,5,0,9,40,5,1,9,1,1,1,1,0,0,1,26,7,4,3,18,1,9,5,5,0,3,0,3,1,1,0,3,0,5,2,3,1,0,1,2,0,1,1,0,0,1,0,1,3,5,0,11,2,0,1,1,10,0,2,0,0,0,0,0,0,9,1,1,2,0,1,1,0,0,0,1,0,0,0,2,0,1,0,0,0,0,0,0,1,0,1,3,0,1,0,2,1,1,1,2,1,1,0,2,2,2,0,5,0,0,1,0,1,0,0,0,0,0,1,0,1,1,6,5,1,4,1,0,6,6,0,6,1,3,0,1,1,3,12,5,2,1,0,5,1,0,1,0,3,2,6,9,1,0,4,0,1,1,0,1,0,4,1,1,0,4,2,2,3,1,5,0,5,0,4,4,0,2,3,1,0,0,6,1,0,0,1,5,2,0,3,0,1,8,15,0,2,2,2,5,1,1,1,0,1,1,0,0,2,3,5,0,0,3,0
0,0,2,0,0,0,0,1,9,16,1,7,0,0,15,3,1,3,9,2,0,3,0,0,5,0,1,0,1,1,3,0,1,0,0,0,0,0,0,0,3,0,0,1,1,49,1,2,16,1,1,1,0,0,2,0,29,1,0,3,19,0,1,11,0,0,1,0,2,0,3,0,0,2,0,0,0,0,0,1,0,0,0,0,0,1,1,0,0,4,1,1,9,2,0,3,1,16,1,0,0,0,0,0,0,1,16,1,1,1,0,1,0,1,0,0,1,0,0,0,0,0,2,0,0,0,1,1,0,0,0,1,0,0,0,1,0,0,1,0,0,0,3,0,0,0,0,0,2,1,1,0,1,0,1,0,0,0,0,0,0,0,0,7,0,0,6,3,0,1,3,2,1,2,1,1,2,0,4,3,0,0,0,0,1,0,0,0,0,0,1,3,17,4,0,0,0,2,0,0,3,0,2,0,0,0,0,3,1,6,0,3,0,0,2,4,3,0,0,0,1,0,0,2,0,1,1,1,1,0,0,2,0,0,1,9,0,1,1,0,0,0,0,2,0,1,0,0,0,2,1,0,0,0,0,0
0,0,0,0,0,1,0,4,4,15,0,2,3,0,10,3,1,5,11,1,1,5,2,0,2,0,3,0,3,4,0,0,1,1,2,0,0,1,1,0,2,0,5,0,8,45,7,4,12,2,5,0,0,0,1,1,36,1,0,1,18,6,6,9,3,1,3,1,1,0,2,0,0,0,2,0,4,0,0,5,0,0,2,1,2,0,1,0,1,10,5,3,9,2,1,1,1,12,0,3,0,0,1,0,0,3,14,3,0,1,0,2,1,0,0,0,1,0,2,1,1,0,0,0,1,1,0,0,1,1,0,2,6,0,8,0,1,0,2,1,1,3,1,0,1,0,0,1,3,2,2,0,1,0,0,1,0,0,0,0,0,0,0,9,3,1,5,4,1,7,4,1,6,0,3,0,2,0,2,8,1,0,0,0,5,1,1,0,0,5,0,6,11,0,1,2,2,2,0,0,3,0,4,0,0,0,0,0,3,3,0,2,0,2,4,0,2,0,1,2,1,0,0,4,1,0,0,1,0,7,0,1,0,0,3,14,0,1,3,0,6,1,0,2,3,3,0,0,0,1,4,3,1,0,0,4
0,2,0,0,2,1,0,2,4,4,3,1,0,0,5,1,4,7,4,2,4,0,0,0,1,2,5,1,1,0,3,1,0,0,0,1,0,0,0,0,3,3,12,0,14,16,2,3,6,0,0,0,0,0,1,0,9,3,0,4,18,2,15,2,5,0,1,0,0,0,6,0,0,0,0,0,1,0,0,1,0,0,1,1,0,1,1,0,2,1,13,0,2,2,1,0,0,4,0,1,1,0,0,1,1,1,5,1,1,0,0,1,0,1,0,0,3,0,0,0,1,0,2,0,1,1,0,2,0,1,1,0,3,0,0,1,0,2,1,0,0,0,0,0,1,0,0,0,1,0,0,1,0,1,0,0,0,0,0,1,3,0,0,2,8,0,0,0,0,13,2,0,1,0,7,0,2,0,0,21,1,4,1,0,3,2,1,2,1,0,1,13,5,0,0,8,2,0,0,1,4,0,3,0,0,0,0,0,1,2,1,0,1,10,4,2,2,0,5,4,3,1,1,13,1,1,1,0,0,4,0,3,0,0,15,12,0,1,5,0,2,0,0,1,5,0,0,0,0,0,5,11,0,0,1,4
1,0,4,2,2,1,0,2,4,6,2,4,0,1,8,0,6,9,13,2,3,2,0,0,6,0,4,0,6,1,1,0,3,3,4,4,0,1,0,0,1,0,11,0,10,31,1,1,8,2,1,1,0,0,0,0,22,1,0,4,19,5,10,6,5,1,0,2,0,0,2,1,2,0,1,0,0,2,0,1,0,0,0,3,0,0,0,0,0,0,9,1,6,1,0,0,0,7,1,3,1,3,2,0,0,0,9,0,5,1,2,1,3,1,1,0,2,1,0,0,1,0,1,0,0,4,2,2,0,0,0,1,0,0,2,0,0,0,0,0,0,0,0,0,2,0,0,0,0,0,1,0,0,0,1,1,0,1,0,0,4,0,0,3,4,5,2,0,3,11,4,1,2,0,2,0,1,1,0,24,0,2,0,0,3,0,5,2,0,4,2,4,8,1,2,3,2,1,1,7,5,1,2,0,3,0,0,0,0,0,0,8,3,4,5,2,3,0,0,2,1,0,1,7,2,0,4,0,1,5,0,5,0,1,10,7,0,0,8,2,0,1,1,0,5,0,2,0,0,1,2,11,1,0,1,7
2,0,0,0,1,0,0,0,8,11,1,2,0,0,11,2,3,1,6,3,3,2,0,0,3,0,4,0,0,2,2,1,0,0,11,0,0,1,2,0,5,0,2,0,4,53,4,1,14,0,3,2,3,1,2,3,26,2,1,1,17,3,8,11,3,0,0,2,5,0,3,1,0,0,0,3,3,3,0,3,1,2,0,2,2,1,2,3,2,5,3,1,15,4,1,1,3,15,2,1,0,0,3,0,2,0,12,0,0,0,0,2,0,1,0,1,1,0,0,0,3,0,2,0,0,1,0,1,1,0,0,1,1,0,2,1,0,3,0,0,0,0,2,0,0,0,0,0,2,1,1,0,0,1,1,0,1,1,1,0,0,0,0,7,1,0,1,1,0,5,8,0,6,1,0,1,2,0,2,6,1,1,0,1,3,0,0,0,0,2,3,3,12,0,1,2,0,0,1,0,4,0,1,0,2,0,3,1,0,3,0,1,0,3,1,0,5,1,0,2,1,0,0,2,0,3,0,0,1,0,0,0,0,1,3,24,1,0,1,1,3,2,0,4,0,1,0,0,0,1,12,2,0,0,1,1
0,0,0,0,0,1,0,1,3,8,0,0,0,1,8,1,3,4,9,5,1,4,2,0,2,0,7,0,1,0,0,0,1,0,3,1,0,0,0,0,4,3,12,2,11,34,4,0,9,1,1,0,3,2,1,1,22,3,2,1,16,2,8,7,5,2,0,0,7,0,5,1,0,0,1,0,3,3,0,2,1,1,0,1,0,1,0,0,4,3,9,2,12,3,1,4,1,9,0,3,1,2,1,1,1,0,12,2,0,1,4,1,0,1,0,2,3,0,1,1,3,0,1,1,1,1,1,0,3,0,0,1,3,0,0,3,0,1,1,1,0,1,1,0,1,0,0,0,3,0,0,0,0,1,0,0,2,1,1,0,1,0,0,7,6,1,3,0,0,9,6,0,4,0,5,0,2,1,2,12,0,1,2,0,6,0,1,1,0,1,0,5,9,1,0,5,2,0,2,0,4,1,3,2,3,0,5,2,0,0,0,4,0,8,5,2,1,1,5,5,1,0,2,9,0,0,0,2,0,2,0,0,0,1,7,15,1,1,4,0,1,0,1,1,2,0,2,1,0,1,9,8,0,0,0,2
1,0,3,0,3,0,0,7,3,15,0,3,1,0,11,4,5,8,7,2,1,9,1,0,4,0,5,0,0,1,1,0,1,3,5,0,0,0,1,0,1,1,6,0,8,49,4,1,12,11,3,0,0,1,5,3,32,2,1,2,16,3,12,10,3,0,0,1,3,0,5,0,0,2,2,0,2,0,0,2,0,0,0,1,0,1,1,0,2,4,6,1,8,2,0,2,2,11,1,1,0,0,1,0,1,1,12,1,0,0,3,0,0,0,1,1,1,0,0,0,3,0,0,0,0,0,0,1,1,3,0,0,2,0,3,1,3,0,0,0,0,1,1,1,0,0,1,1,3,3,1,0,0,1,0,2,2,0,0,0,1,0,0,8,6,0,6,4,2,7,2,0,4,0,5,0,3,1,0,7,1,1,0,0,0,1,1,1,0,5,2,8,13,1,0,4,3,0,1,0,3,1,3,1,2,0,2,0,0,1,1,4,1,4,2,0,4,0,3,3,0,0,0,14,0,0,0,1,5,2,1,1,0,1,7,18,0,1,6,0,2,4,0,2,1,1,1,0,0,0,1,2,2,0,0,3
2,0,0,1,0,1,0,2,5,12,0,5,0,0,12,2,4,6,7,2,0,5,0,0,4,0,2,0,3,0,2,0,0,0,3,0,1,0,0,1,4,0,3,0,6,44,7,0,12,1,5,1,1,0,1,0,25,1,0,1,17,4,3,6,5,0,1,1,6,1,7,0,1,0,0,0,0,2,0,3,2,1,0,0,1,0,1,0,0,2,3,5,10,2,0,10,2,12,0,0,1,0,1,0,0,0,13,1,0,2,2,3,2,0,0,1,5,0,0,1,1,0,0,0,0,1,1,0,3,1,2,2,0,0,0,0,0,0,3,3,0,0,1,1,2,1,0,0,4,0,1,0,0,2,0,4,0,0,0,4,0,1,0,4,2,1,3,1,0,5,0,0,2,0,2,0,0,0,0,12,3,0,0,0,3,1,0,0,0,4,2,2,13,1,1,3,2,0,0,1,2,0,3,0,0,0,2,3,1,2,1,4,1,3,1,2,1,0,4,5,0,1,0,5,3,0,1,1,3,0,0,4,0,1,5,18,0,4,0,0,2,0,1,1,0,6,3,1,0,0,1,6,1,0,7,2
0,0,0,1,0,0,0,2,4,12,2,1,0,1,10,0,6,5,9,3,1,6,1,0,6,0,3,1,2,1,1,0,1,0,3,0,0,0,0,1,3,0,5,1,5,41,5,1,12,4,4,3,2,1,3,0,27,1,0,1,21,4,5,8,3,0,0,0,2,2,0,0,0,4,2,0,1,6,0,1,0,0,1,1,3,0,1,0,1,5,5,2,7,1,1,2,1,12,0,2,1,1,1,0,1,0,12,0,0,0,0,1,1,0,0,1,1,1,0,0,2,1,0,0,0,0,0,0,1,0,2,1,1,1,3,1,2,1,0,0,1,1,2,0,0,1,1,0,2,2,2,1,0,3,1,1,2,0,3,3,0,0,1,5,3,0,5,3,0,8,1,0,3,1,3,0,1,0,1,6,1,2,0,0,4,1,0,1,0,3,0,0,13,1,0,3,5,1,1,2,2,0,1,0,1,0,1,0,0,5,2,1,0,3,1,3,5,2,1,2,2,0,1,4,0,1,1,0,4,1,2,3,0,0,3,11,1,0,2,1,3,2,0,0,2,3,1,0,0,0,2,3,0,0,0,5
2,0,0,1,1,0,0,3,8,18,1,4,0,1,13,5,2,4,7,3,2,3,0,0,2,0,0,0,1,0,2,0,2,0,4,2,0,1,0,0,2,0,4,0,5,53,6,3,13,0,3,1,4,0,1,1,36,0,0,1,19,5,4,8,2,1,0,1,3,0,5,0,0,4,3,1,0,2,0,0,0,0,0,0,0,3,1,0,0,5,3,2,10,3,0,2,2,13,0,2,1,0,0,0,0,2,13,1,1,1,1,0,0,0,0,2,4,2,0,1,1,0,2,0,0,0,0,1,1,1,0,2,1,0,2,1,1,0,1,0,0,1,4,0,0,0,1,0,5,1,0,0,0,0,0,0,2,1,0,0,1,0,0,6,1,0,7,5,3,3,3,2,3,1,3,0,1,0,3,9,1,1,0,0,4,1,0,0,1,6,2,6,13,0,2,1,1,6,0,0,7,0,8,1,0,0,2,1,1,4,0,1,0,1,1,2,4,0,0,1,3,0,0,4,0,0,1,0,1,3,0,0,1,0,1,24,0,4,4,0,2,1,0,6,4,0,0,0,0,0,4,1,0,0,1,2
0,0,0,0,1,0,0,2,3,10,1,5,0,0,11,3,3,7,9,3,3,4,0,0,3,0,1,0,1,0,0,0,0,1,0,3,0,1,0,0,1,0,7,0,9,38,5,0,10,0,1,2,0,1,1,0,26,2,1,6,17,5,8,5,2,0,0,0,3,0,5,0,0,0,0,0,1,2,0,0,1,0,0,3,0,0,3,1,2,3,7,0,10,0,0,1,0,9,0,5,2,0,0,0,0,0,10,2,1,0,0,2,0,2,0,0,0,0,0,0,0,0,2,0,0,0,0,0,1,1,1,1,2,1,0,0,0,0,3,1,0,0,1,0,3,0,3,0,2,1,1,0,0,1,0,2,0,0,0,1,0,0,0,8,5,1,5,0,0,9,0,0,2,0,5,0,0,0,0,9,0,0,0,0,6,2,1,0,0,4,0,7,9,0,2,4,2,3,0,3,1,0,2,0,2,0,1,2,1,1,1,0,1,5,1,0,6,0,2,3,0,0,0,5,0,1,0,1,2,0,0,1,0,2,4,14,0,0,4,0,0,1,0,1,1,1,0,0,0,3,5,3,1,0,2,3
2,6,0,1,2,2,0,2,3,9,0,2,0,0,10,2,3,7,14,3,2,4,0,0,2,3,1,0,1,0,1,0,0,0,3,0,0,0,0,3,2,0,7,0,7,33,6,2,9,1,4,1,1,0,1,0,23,1,0,2,15,2,9,2,6,0,2,1,5,0,8,0,1,0,1,0,5,3,1,2,2,0,0,0,1,1,1,1,3,6,7,2,3,0,0,2,2,8,0,1,0,0,0,0,0,2,9,0,1,1,2,0,0,0,0,0,0,0,0,1,0,0,0,0,0,1,0,0,0,0,0,1,7,0,1,0,0,0,0,0,1,0,0,1,1,1,0,3,5,2,0,1,2,1,0,1,0,2,0,2,0,0,0,7,5,0,8,2,0,7,1,0,3,0,3,0,1,0,3,9,2,0,1,0,2,0,1,1,0,4,4,5,8,1,0,2,0,0,0,0,2,0,2,0,2,0,4,0,0,4,1,2,0,2,1,1,0,0,2,1,1,0,0,6,1,0,0,0,2,1,0,2,0,0,5,11,0,1,5,0,1,4,1,1,3,4,1,0,0,0,4,8,0,0,0,6
1,0,0,0,0,0,0,4,1,16,2,4,0,0,13,2,5,8,14,2,1,8,0,0,7,2,1,0,2,3,0,0,0,5,3,3,1,2,0,0,3,2,3,0,8,51,4,2,13,3,3,2,0,5,1,1,30,1,0,5,14,3,4,6,1,1,3,1,8,0,6,0,0,0,0,0,0,3,0,3,0,1,1,0,0,2,1,0,1,6,3,0,11,2,0,3,3,13,0,2,2,0,1,1,0,0,16,1,2,1,1,2,1,0,0,0,2,0,0,1,0,0,2,0,0,0,0,1,0,2,0,1,3,0,3,3,0,0,4,1,2,0,2,1,0,0,3,0,3,1,1,0,2,3,2,5,0,1,3,0,0,2,0,9,7,6,6,3,0,3,6,0,4,0,1,1,1,0,1,16,3,0,0,0,4,0,1,0,0,6,3,2,14,1,0,1,0,0,1,0,1,1,4,0,0,0,3,2,0,3,0,3,0,2,2,0,6,0,2,1,4,1,0,3,1,2,2,0,0,6,0,3,1,0,4,27,1,1,4,2,5,4,0,0,2,0,0,1,0,5,9,7,0,0,3,5
0,0,0,2,1,1,1,2,4,12,0,4,0,1,11,1,3,5,7,2,1,2,2,0,1,0,6,0,0,1,1,0,1,0,1,0,0,0,0,0,2,1,7,0,6,40,5,1,11,1,2,0,0,2,0,0,25,2,3,0,19,1,5,7,3,0,0,1,5,0,4,0,0,0,4,0,0,4,0,3,0,0,0,0,0,0,2,0,0,2,6,0,8,2,1,1,3,11,0,1,0,0,0,0,0,1,13,1,2,2,0,2,0,0,0,1,4,0,4,0,1,1,2,0,3,1,0,0,0,0,1,1,4,0,2,1,0,0,0,0,0,0,0,0,2,0,2,0,2,0,0,0,0,0,0,0,1,0,2,0,0,0,0,6,5,0,8,1,4,7,1,0,4,0,2,0,0,1,1,13,1,1,2,0,4,1,2,3,0,2,1,4,13,0,1,1,3,1,3,0,5,0,2,0,4,1,1,3,0,3,0,0,0,1,0,1,1,0,9,1,1,1,1,9,2,0,0,1,2,1,0,3,1,1,3,10,3,1,4,0,2,2,0,2,4,1,0,0,1,1,1,4,0,0,3,5
1,0,0,0,1,0,0,1,3,9,0,3,0,1,8,2,8,7,9,2,5,2,0,1,3,1,4,0,4,0,3,0,2,2,1,0,0,0,0,1,8,0,7,0,6,39,2,1,9,0,0,0,2,0,2,0,26,3,0,2,14,1,12,5,0,0,0,1,1,0,5,0,0,2,0,0,0,2,2,2,0,1,0,2,0,0,4,0,1,5,8,0,11,1,0,4,0,10,0,0,0,0,0,0,0,1,9,0,2,0,1,0,1,0,0,1,0,1,0,0,0,0,2,1,0,0,0,2,1,0,0,2,2,0,1,2,0,1,1,0,2,0,1,0,2,1,0,1,3,1,2,0,1,0,0,2,0,0,1,1,1,0,3,8,5,3,7,3,0,7,5,2,4,0,4,0,0,0,4,10,0,3,2,0,4,1,0,1,0,1,2,7,10,0,0,2,3,1,0,0,1,0,1,0,0,1,1,2,1,1,0,1,0,2,1,1,1,1,2,2,1,0,0,11,1,2,2,1,2,3,0,1,0,2,7,13,1,0,4,0,2,2,0,1,4,2,2,2,0,0,6,9,0,0,2,5
0,1,1,0,0,0,0,4,5,12,2,4,0,0,12,0,4,6,14,5,3,5,2,1,5,1,1,1,0,0,2,1,2,0,2,0,0,0,0,0,6,1,2,0,3,52,3,2,13,4,2,1,1,1,2,0,32,1,0,3,16,2,5,11,2,0,0,1,4,0,5,0,0,2,3,0,3,5,0,6,1,1,0,1,0,1,1,0,3,5,3,2,8,0,1,2,2,12,0,1,0,1,0,0,0,0,13,1,0,0,2,0,1,1,0,2,3,1,0,0,1,0,3,0,1,0,1,0,2,1,0,0,5,0,1,2,2,0,2,1,0,0,1,0,0,1,2,0,9,2,0,0,0,0,0,3,0,0,1,2,1,0,0,12,2,1,11,2,1,3,2,0,3,0,1,1,1,0,1,7,0,0,2,0,2,1,0,1,0,1,0,8,12,1,0,2,0,0,0,1,5,0,4,1,1,0,1,0,0,3,1,4,1,4,3,0,1,0,3,1,0,1,0,3,0,0,2,0,0,1,0,2,0,0,2,26,2,1,0,2,0,3,0,2,1,4,4,1,1,0,3,3,0,0,4,1
0,0,0,0,0,0,0,0,1,10,0,2,0,5,8,1,2,6,8,2,3,3,4,0,2,0,4,0,2,0,1,1,2,0,2,0,0,0,0,1,8,0,6,1,10,42,4,2,10,2,2,1,0,1,2,0,27,2,2,4,18,2,7,7,2,0,0,1,2,0,8,1,0,1,2,0,1,7,1,4,1,0,0,1,1,0,6,2,3,3,8,1,9,0,1,4,2,9,0,2,1,0,0,0,0,1,10,4,0,1,0,1,3,1,0,1,2,0,0,0,0,0,4,0,1,1,0,1,0,0,0,2,2,0,1,1,0,1,0,0,0,1,0,0,3,0,0,0,2,1,0,2,1,2,1,1,0,0,0,0,0,0,0,7,6,1,4,1,0,7,2,0,4,1,0,0,0,0,2,15,1,1,0,0,3,0,1,1,1,2,1,7,10,0,2,4,2,0,3,0,2,0,3,0,1,0,1,3,0,0,5,1,1,4,1,2,3,0,2,2,1,0,0,10,0,0,1,2,2,1,0,2,0,0,9,19,3,2,5,0,3,1,0,1,2,0,0,0,2,2,8,4,0,2,1,7
2,0,0,0,0,0,0,0,2,11,0,1,0,0,10,2,1,1,11,4,0,1,1,0,4,0,3,0,0,0,1,0,0,0,2,0,0,0,0,0,3,0,5,0,6,34,5,3,10,0,2,2,0,0,3,1,26,1,0,0,17,6,9,14,6,1,0,0,4,0,2,0,1,0,1,0,1,2,0,1,1,0,0,1,3,2,3,0,1,0,6,4,10,1,0,7,3,10,1,1,0,0,0,0,0,0,10,2,0,0,4,2,1,0,0,1,4,1,0,0,0,2,0,0,1,0,0,1,1,2,0,2,0,1,0,1,0,1,0,0,0,1,0,2,2,0,2,0,2,2,1,1,0,0,2,0,0,0,1,0,0,0,0,6,2,0,4,1,2,6,3,1,1,2,5,0,1,0,0,10,1,0,1,0,2,1,0,0,0,0,2,4,10,0,1,3,2,0,0,3,2,0,5,0,6,0,0,1,0,3,1,2,0,4,2,0,3,0,7,3,2,1,0,9,0,1,2,1,3,1,0,2,0,1,2,5,0,0,2,0,0,1,0,0,3,1,0,0,0,0,1,3,1,0,1,2
1,0,0,1,1,1,0,4,1,13,2,2,0,0,12,1,4,4,9,0,2,3,0,0,5,0,4,0,2,0,1,4,1,1,6,2,0,1,0,0,0,1,4,1,7,39,7,2,12,1,3,0,0,0,2,0,22,2,0,2,17,2,7,10,3,1,2,2,5,0,6,0,1,0,2,1,2,2,0,3,5,0,0,1,0,0,3,1,1,6,5,0,9,0,0,2,4,11,0,2,0,0,1,0,0,0,13,1,0,0,1,0,2,0,0,0,1,1,0,0,0,0,0,0,0,0,0,4,0,0,0,0,6,0,2,3,0,0,0,1,0,0,4,1,1,0,1,1,8,1,2,1,1,1,1,0,0,1,1,0,0,0,0,6,4,3,1,2,0,5,4,0,2,0,1,0,0,0,0,8,2,1,0,0,3,0,0,1,0,3,0,0,12,1,1,3,1,1,2,5,1,0,2,0,1,0,2,0,0,2,0,1,0,3,1,2,1,0,5,0,0,0,0,7,2,0,0,1,2,1,0,3,1,0,7,19,3,3,1,4,2,0,0,0,1,0,2,0,2,1,3,7,1,0,4,4
1,1,0,0,1,0,1,4,3,8,1,1,0,0,8,1,11,10,7,0,2,2,0,0,3,0,9,0,1,0,0,0,2,0,10,1,0,0,0,0,2,2,5,0,8,32,1,2,10,0,1,0,0,1,1,1,22,3,1,0,16,1,12,2,11,1,1,1,7,7,7,0,0,1,3,0,0,8,0,6,1,2,0,1,3,0,5,0,1,1,7,2,10,2,1,2,3,8,4,0,0,0,2,0,0,0,8,1,2,0,2,0,2,0,3,0,3,0,1,1,2,0,1,1,0,0,1,0,0,0,0,2,5,1,0,0,1,3,1,0,0,0,1,0,1,0,1,1,6,0,0,2,0,0,1,2,0,0,0,1,2,0,0,8,6,0,4,1,0,6,1,0,1,0,4,0,3,0,4,13,1,3,0,1,4,1,0,0,1,5,2,9,9,0,1,2,3,0,3,0,0,0,5,0,4,0,0,2,0,2,1,3,1,3,2,1,2,1,3,3,2,0,0,18,0,0,2,0,4,0,0,2,1,1,10,15,2,2,4,0,4,3,1,0,3,2,0,0,0,2,8,8,0,2,0,5
0,0,2,0,0,0,1,3,5,11,1,4,5,1,11,2,6,5,8,3,6,4,0,0,6,0,2,2,4,3,0,0,4,2,4,0,1,0,3,0,5,0,4,2,7,40,7,1,12,0,0,2,0,0,0,0,21,2,0,3,20,1,6,5,3,1,1,0,1,0,6,0,1,0,1,0,0,2,0,1,3,0,0,0,1,0,2,0,0,3,5,0,8,0,4,4,1,12,0,1,0,1,0,1,0,2,11,1,1,0,0,1,0,0,0,2,1,0,0,0,0,0,0,1,0,0,1,1,0,0,0,0,2,2,1,0,0,0,1,1,2,0,2,0,1,0,1,0,4,4,2,0,1,2,0,1,1,0,3,1,1,0,0,6,1,3,4,1,1,6,1,0,4,0,1,0,1,0,2,17,0,1,1,0,2,1,1,1,0,2,2,7,10,0,0,2,2,0,0,0,1,0,1,0,1,0,0,2,0,2,3,5,0,5,6,0,5,1,2,4,1,0,0,10,0,0,1,1,2,4,0,1,0,1,8,8,1,2,3,2,4,2,2,1,1,0,1,1,0,0,7,9,0,0,1,3
0,0,0,0,0,0,0,0,8,12,0,5,0,0,12,1,4,2,11,3,2,1,0,0,3,0,0,0,0,0,4,0,2,1,5,0,0,0,0,0,7,3,4,0,4,44,9,4,12,1,2,1,0,0,2,0,29,1,0,2,16,0,9,9,0,1,0,1,0,0,10,0,0,0,2,0,3,0,0,4,0,0,0,0,1,0,2,1,0,5,4,0,3,0,0,1,3,12,0,4,0,0,1,2,0,0,12,2,1,0,0,3,0,0,0,0,2,0,1,0,1,0,2,0,0,0,0,1,0,1,0,0,1,0,2,0,1,0,1,2,0,0,0,1,0,0,0,0,4,1,1,1,0,0,0,0,2,0,0,1,3,0,0,5,9,0,5,2,0,4,1,2,1,0,1,0,3,0,1,14,0,2,0,0,1,0,1,0,0,1,2,9,12,1,1,1,1,0,0,0,8,2,5,0,2,0,1,1,0,1,0,1,0,1,3,3,3,0,3,1,0,0,0,6,0,0,1,0,0,3,0,1,0,0,11,10,0,0,3,0,2,3,1,0,3,0,1,2,0,0,3,10,0,0,0,3
1,0,1,1,3,0,0,4,3,7,0,3,1,2,8,5,8,8,6,0,2,7,1,0,6,0,8,0,1,5,2,0,0,1,3,0,0,0,0,1,2,0,9,0,7,31,4,1,11,2,3,0,1,1,3,0,28,1,5,0,16,1,3,5,7,4,0,1,5,0,8,0,0,6,2,0,0,3,0,3,1,0,0,2,0,0,3,0,0,10,5,0,10,3,0,3,2,9,0,1,1,2,1,1,1,0,8,1,1,1,2,1,1,1,2,0,2,0,0,0,1,0,1,0,1,0,1,2,2,2,0,2,3,0,1,0,1,0,1,2,1,0,4,2,0,1,1,0,4,1,1,2,0,1,0,0,0,0,0,0,2,0,0,5,3,0,5,3,0,7,7,0,2,1,5,0,2,0,0,13,1,2,1,0,0,1,2,1,0,3,1,5,10,1,0,2,5,0,0,1,1,1,2,0,3,0,0,0,0,1,0,1,0,3,0,4,4,3,4,5,0,0,1,11,5,4,3,3,0,0,0,2,0,1,6,13,0,1,5,1,2,3,1,3,3,2,2,4,0,2,2,6,0,0,2,5
0,0,0,1,2,0,0,1,4,9,0,1,1,0,9,1,3,8,12,2,3,3,2,0,6,2,4,1,0,2,0,0,0,0,2,2,0,2,0,0,3,0,9,0,7,43,5,0,9,0,1,0,3,0,0,0,29,2,1,3,18,2,7,7,5,0,2,1,4,0,4,0,1,0,1,0,1,8,0,2,2,0,0,1,0,2,2,0,1,2,8,2,7,0,2,2,0,9,2,2,0,0,1,0,0,0,10,0,1,2,1,0,0,0,0,1,5,1,0,0,0,0,0,0,0,0,0,0,1,1,0,2,1,1,1,4,1,0,1,0,0,0,0,0,2,0,3,3,1,1,0,2,0,1,3,1,2,0,1,0,0,0,1,9,6,0,7,0,3,11,0,0,3,0,4,2,3,0,0,16,0,1,1,0,1,1,0,1,3,0,4,5,11,0,0,3,1,0,0,0,4,1,3,0,1,0,0,1,0,4,1,2,1,4,6,0,1,2,5,4,0,0,0,8,0,1,0,0,4,3,0,2,0,0,6,11,1,0,4,0,1,1,1,1,3,1,1,0,0,0,6,4,0,0,0,4
0,1,0,0,1,0,0,0,5,10,0,3,0,3,10,3,1,5,8,1,0,3,0,0,3,0,9,0,0,0,2,1,4,1,7,1,0,3,0,1,5,0,6,0,5,41,6,0,11,2,1,0,0,1,2,0,28,2,0,0,19,1,6,6,4,0,0,2,1,0,6,0,0,2,0,0,0,2,0,4,3,0,0,1,0,0,4,0,1,6,6,0,7,1,1,3,1,10,0,1,0,0,0,0,1,0,11,4,1,1,0,1,1,0,1,2,0,0,1,0,0,0,1,0,1,0,0,4,0,0,0,0,1,1,4,1,0,0,0,0,0,0,0,0,0,1,0,0,4,4,1,1,0,3,0,0,0,2,0,1,0,0,0,7,3,0,3,0,1,8,1,1,1,0,3,0,0,0,0,6,0,1,0,0,2,1,0,1,0,1,1,4,10,1,3,3,2,1,0,0,3,0,2,0,0,0,1,1,0,3,0,2,0,3,0,1,6,2,2,2,1,1,0,7,1,0,1,0,0,2,0,2,1,1,3,14,1,0,2,1,1,1,0,3,1,0,1,1,0,3,5,4,0,0,0,5
2,0,0,0,2,0,0,1,2,12,0,3,0,2,9,1,7,3,4,1,5,2,0,0,2,0,5,0,1,0,0,1,3,1,6,0,0,0,0,0,5,1,3,0,6,39,3,1,12,0,1,2,0,4,3,0,25,2,1,0,17,7,6,7,8,1,2,0,0,1,0,2,0,2,1,0,1,2,0,2,0,0,0,1,0,1,4,0,5,3,5,3,6,1,0,6,2,10,0,0,0,1,1,0,0,0,9,2,0,0,1,0,0,0,1,0,0,1,0,0,1,0,0,0,0,0,0,0,0,1,0,0,1,1,2,0,0,0,2,0,0,1,0,3,0,0,1,0,2,2,0,0,2,1,0,1,1,1,2,0,0,0,0,7,2,0,9,2,2,5,1,0,6,1,5,0,0,2,0,9,0,0,1,0,6,1,0,2,0,6,1,4,9,0,1,6,3,1,1,1,2,2,4,1,0,1,1,0,0,1,0,5,1,2,2,0,9,2,7,0,4,1,0,11,0,0,0,0,2,4,0,1,1,3,2,15,1,0,4,0,1,0,0,4,4,1,2,0,0,7,4,2,0,2,0,4
1,0,0,1,3,0,0,3,2,11,0,5,1,1,7,1,3,6,9,3,2,3,0,0,2,0,6,0,2,1,0,0,3,0,6,0,1,1,0,0,4,0,5,0,6,38,5,3,11,0,3,0,0,0,1,0,26,2,1,2,18,3,7,7,4,1,1,1,4,0,1,0,1,3,2,0,3,3,1,1,0,1,1,1,0,1,0,0,0,3,6,1,8,2,0,3,4,11,1,3,0,0,0,0,0,1,10,2,1,0,0,2,1,2,1,0,1,0,0,0,2,1,2,0,0,0,0,0,0,0,0,0,2,0,2,2,0,2,3,0,0,0,0,2,0,0,0,0,5,0,0,0,0,0,0,1,1,1,1,2,1,0,3,7,8,0,4,3,0,10,3,0,2,0,3,0,1,2,0,10,1,0,0,0,3,0,2,1,0,4,1,2,10,4,1,4,1,0,1,2,0,0,3,1,0,2,0,1,0,4,1,4,0,5,0,1,1,1,4,3,3,0,0,8,1,0,0,1,4,0,0,0,0,0,6,12,0,1,0,1,3,3,0,1,0,1,1,0,0,1,4,3,0,0,0,1
0,0,1,1,1,0,0,2,2,13,0,5,1,0,11,1,2,5,7,1,3,5,0,0,2,1,4,0,2,1,0,0,2,0,6,0,0,2,0,1,2,0,6,0,10,39,6,1,11,1,3,2,0,0,3,0,28,5,0,3,25,4,5,9,3,4,2,1,3,0,5,1,0,0,1,0,1,1,0,2,1,0,0,1,2,0,1,0,1,4,5,2,10,0,0,0,2,11,0,0,0,0,0,0,0,1,11,2,1,0,4,0,0,0,0,0,0,0,0,0,1,0,0,0,0,0,0,0,1,3,0,2,6,0,1,0,3,1,0,0,1,3,1,0,0,0,0,0,2,1,4,2,0,0,1,0,0,1,0,0,0,0,0,3,2,2,2,2,0,6,3,0,4,0,2,1,2,0,1,12,0,0,1,0,4,0,1,0,0,4,2,5,11,0,1,1,3,0,0,0,2,0,3,0,1,0,0,1,0,4,0,2,0,2,2,1,1,0,1,1,0,0,0,3,2,0,0,0,1,0,0,2,0,1,6,9,1,2,4,0,1,0,0,0,1,1,1,0,1,1,2,7,1,0,2,5
0,0,0,0,2,1,0,1,0,8,1,2,0,0,9,1,3,6,4,4,1,2,0,0,3,0,2,0,3,0,0,0,3,1,4,0,0,1,0,0,5,0,7,0,10,32,1,1,10,6,1,1,0,0,1,0,24,1,2,3,18,5,10,7,2,0,1,0,3,1,7,1,0,0,2,0,1,3,0,3,0,2,1,2,1,0,3,2,0,3,8,4,7,2,2,0,1,9,0,2,0,0,1,0,0,1,8,0,0,1,0,0,1,0,1,1,2,0,0,0,1,0,2,0,0,0,1,0,0,0,0,0,1,0,2,0,0,3,2,0,1,0,0,0,1,0,0,0,2,0,0,0,0,0,0,1,0,2,2,2,0,0,0,9,6,0,5,1,0,8,1,0,2,0,5,0,1,1,0,17,2,1,1,0,1,1,0,2,0,5,2,6,11,1,1,5,1,1,1,0,2,0,1,0,1,0,4,1,0,2,0,3,1,6,0,0,2,1,2,7,1,0,0,10,0,1,0,1,2,2,0,3,1,0,6,9,3,0,5,3,0,0,0,2,2,0,0,0,0,0,6,3,0,0,0,2
2,0,0,0,0,0,0,1,1,12,0,4,0,0,13,0,4,4,6,5,1,0,1,0,4,1,1,0,0,1,2,1,0,0,3,0,1,0,0,0,3,2,4,0,8,42,6,4,13,0,0,0,1,0,1,1,25,4,1,3,17,1,6,10,2,0,0,0,5,0,4,0,2,2,3,0,1,1,0,2,0,0,2,1,0,0,0,1,0,5,4,2,11,3,0,0,0,12,1,2,0,0,1,0,0,0,13,1,0,2,0,0,0,0,0,0,0,2,1,0,0,0,1,0,0,0,0,1,1,0,0,0,0,1,3,0,0,0,0,0,0,1,1,0,1,0,0,0,3,1,0,2,0,0,0,0,0,0,0,1,0,0,0,8,2,2,4,1,0,4,3,0,3,0,4,1,1,0,0,5,1,1,0,0,4,1,0,1,0,2,1,6,13,0,2,2,1,1,1,1,4,0,1,0,3,0,0,1,0,0,0,3,0,3,2,0,2,1,1,2,0,0,0,3,1,2,0,0,0,4,0,0,0,1,4,17,0,0,1,3,4,1,0,1,0,0,0,0,0,1,3,3,0,0,0,1
0,0,1,1,1,0,1,1,2,8,2,1,0,0,7,2,4,5,10,0,1,4,3,0,6,1,3,1,2,0,0,0,0,2,5,2,0,0,0,0,1,1,6,0,11,33,4,0,9,0,2,2,0,0,1,1,22,2,0,3,18,3,6,8,1,1,0,0,3,1,4,1,0,0,0,1,3,0,1,1,2,0,1,2,0,0,1,1,3,7,8,0,5,0,0,0,1,12,1,4,1,2,1,0,1,2,8,1,2,0,0,3,0,0,0,0,1,0,0,1,3,0,4,0,0,0,0,0,1,2,0,0,1,1,2,0,0,1,0,0,0,0,1,2,2,1,0,1,3,1,0,1,0,1,0,1,0,1,3,0,0,0,0,7,6,3,4,1,0,7,1,1,0,1,4,0,1,0,0,7,3,0,1,1,4,2,0,2,0,5,0,2,9,0,1,5,0,1,1,0,0,0,3,0,1,1,1,2,0,2,3,1,2,5,0,3,3,0,4,3,2,0,1,6,0,0,1,2,0,3,0,1,0,0,7,12,1,1,2,0,0,1,0,0,2,2,4,2,0,0,3,4,1,0,0,2
0,1,1,0,2,0,1,1,3,12,1,2,0,0,12,3,3,3,7,3,1,7,0,0,2,0,4,0,1,0,1,0,1,1,6,0,0,1,0,0,2,0,4,0,8,45,5,2,11,1,0,3,0,1,3,0,29,4,0,3,16,1,7,5,4,0,1,2,2,0,3,0,0,0,4,0,1,1,0,1,4,0,0,1,2,1,1,0,0,2,5,1,9,2,0,1,2,12,0,3,0,0,0,0,0,0,12,0,0,0,2,0,1,2,1,0,2,0,0,0,2,0,2,0,0,0,0,0,0,0,0,2,2,0,2,1,1,0,0,0,0,0,2,2,2,0,0,0,6,1,1,0,0,0,0,0,1,0,0,1,0,0,0,9,3,0,2,3,0,5,6,2,6,0,4,0,2,1,2,7,1,0,1,0,1,1,0,0,0,1,1,6,14,1,0,2,0,0,1,0,3,0,5,0,4,0,1,0,1,2,0,3,0,1,0,0,2,0,5,0,0,0,0,7,1,0,3,1,2,0,0,1,0,0,5,23,0,0,3,3,1,1,0,3,4,4,2,1,0,7,9,3,1,0,0,7
0,0,0,2,0,0,0,4,3,17,1,3,0,0,18,2,4,4,5,1,0,3,0,0,4,0,0,0,2,0,1,0,1,0,4,1,1,0,0,0,2,1,2,1,2,51,3,4,15,6,4,0,1,1,0,0,31,2,2,3,17,5,2,13,2,0,0,6,6,0,3,0,2,0,2,1,0,1,0,4,1,1,0,1,2,1,1,0,0,5,2,4,12,2,0,2,3,14,0,3,0,0,2,0,0,0,15,2,2,0,0,0,0,0,1,0,3,0,1,0,0,0,2,0,0,0,1,0,0,1,0,0,2,0,3,2,0,0,0,0,0,1,1,0,1,0,1,0,4,0,1,0,0,0,0,0,1,0,0,2,3,0,0,6,2,0,5,1,2,2,5,0,1,0,0,0,0,0,1,4,0,2,1,0,0,0,1,0,0,5,0,4,16,0,0,1,1,1,0,1,2,0,5,0,0,0,0,4,1,10,0,1,0,1,1,0,3,1,1,1,0,2,0,2,2,1,0,0,1,3,0,9,0,0,3,17,3,1,1,0,3,6,0,1,1,0,0,0,0,4,5,5,0,0,5,2
2,1,0,1,0,0,3,2,1,12,1,3,2,0,11,3,1,4,12,0,1,5,2,0,3,0,1,0,0,1,1,1,1,1,9,2,0,0,1,0,3,1,6,2,7,51,5,2,12,1,1,0,0,0,2,1,30,0,0,1,15,3,8,9,0,0,0,0,3,0,7,0,0,0,2,0,4,2,0,1,0,0,0,1,0,2,0,0,2,6,6,3,7,1,1,2,0,13,0,2,0,0,1,0,0,2,13,1,0,2,4,3,1,0,0,1,4,0,0,1,0,0,2,0,0,2,0,0,0,2,0,1,1,1,2,0,1,0,1,1,1,1,1,0,4,0,0,0,2,3,2,1,0,1,1,0,1,3,0,2,0,0,0,6,5,2,4,1,2,6,4,1,3,0,3,0,0,1,2,9,3,2,0,0,2,2,1,1,0,3,1,9,12,0,1,1,0,2,0,0,0,0,4,0,0,1,0,0,2,4,2,1,3,1,1,3,3,0,4,2,0,1,0,5,1,1,0,1,1,10,0,4,0,1,5,24,0,4,5,1,2,2,0,4,9,1,0,3,0,1,7,9,1,0,3,7
1,0,4,0,1,0,0,3,3,11,2,3,0,0,9,0,4,4,10,2,1,4,0,0,7,2,3,0,1,3,1,0,0,0,6,0,0,1,0,0,4,2,6,2,9,44,1,1,10,3,2,1,0,0,2,2,28,5,2,3,16,4,11,4,3,2,0,0,5,0,2,0,0,1,0,0,0,4,0,2,0,2,0,2,0,1,1,0,2,5,6,0,7,0,0,0,3,11,0,1,0,0,0,0,0,1,9,1,1,0,0,0,0,1,0,1,0,0,1,0,0,0,2,0,0,0,0,0,0,4,2,0,2,0,4,0,1,1,2,0,0,0,1,1,1,1,0,0,6,3,1,2,0,0,0,2,1,0,0,2,0,0,0,9,5,3,4,2,0,8,2,0,6,1,5,0,2,1,1,12,3,0,1,1,6,0,0,0,0,6,1,3,13,1,0,3,0,2,1,0,2,0,5,0,0,0,1,0,1,6,0,5,1,4,1,0,6,1,3,1,2,0,0,7,1,1,2,0,1,0,1,4,0,2,4,21,1,1,4,0,5,2,0,1,2,1,0,0,1,0,5,2,0,0,1,3
1,0,0,0,1,3,0,4,1,11,0,3,1,2,12,1,6,7,9,3,2,3,0,0,1,0,2,0,1,0,0,0,0,0,2,0,0,0,0,0,2,1,6,1,6,37,3,1,10,0,2,2,0,0,1,1,21,0,0,2,18,4,9,8,2,0,0,1,3,0,5,1,0,2,3,0,0,2,0,2,2,1,0,0,0,0,3,0,1,4,6,1,12,3,0,2,0,10,2,0,1,0,0,0,0,0,11,1,1,0,3,0,1,1,0,1,5,0,0,0,0,1,2,0,0,0,0,0,0,0,0,0,2,0,2,0,0,0,3,1,0,0,1,0,4,0,0,0,4,1,0,0,0,0,1,2,0,0,1,2,1,0,0,2,2,1,4,0,1,6,2,1,2,0,3,1,0,0,2,14,0,1,0,0,5,0,1,0,0,2,0,10,10,0,1,3,3,2,0,2,1,0,3,0,1,0,1,2,0,2,0,4,1,3,1,1,1,0,6,2,0,0,0,8,0,2,2,1,1,1,0,4,0,0,9,20,0,2,3,4,5,4,0,3,3,2,1,2,0,1,3,8,0,1,6,6
1,0,0,0,0,0,0,2,3,11,0,5,1,2,9,0,4,4,10,0,1,4,1,0,2,1,3,0,0,0,0,1,2,0,4,0,2,0,0,0,5,1,4,0,8,38,8,2,11,0,2,1,0,0,1,1,23,3,1,1,21,4,5,7,0,4,0,3,2,0,6,1,1,1,0,0,2,1,1,3,2,1,0,1,0,0,3,0,2,1,7,0,5,0,1,9,0,11,0,2,1,0,0,0,0,1,10,3,2,2,4,1,0,1,0,1,3,0,0,1,0,2,0,1,0,0,1,1,3,0,1,0,1,0,1,0,0,1,1,4,0,1,0,1,1,0,0,0,1,1,0,0,1,0,0,0,0,1,0,1,0,1,0,6,5,0,4,2,2,6,2,1,5,2,3,1,0,0,1,12,3,1,0,0,1,1,2,0,0,2,1,4,9,0,0,3,1,1,1,0,5,0,1,0,0,0,2,0,1,1,4,5,0,3,2,2,3,1,1,3,0,0,1,3,0,1,1,3,0,0,0,0,0,0,6,8,0,0,6,0,1,3,0,0,2,2,0,0,1,0,1,6,0,0,1,4
1,0,0,2,0,0,0,3,6,8,0,1,0,0,8,1,1,8,12,2,1,3,2,0,4,0,3,1,1,0,0,0,4,0,3,0,0,0,0,1,5,2,7,0,8,36,5,0,10,0,0,0,0,0,0,0,20,2,1,3,17,0,6,7,2,2,1,1,2,0,5,1,0,0,0,0,1,2,0,4,0,0,0,1,0,0,1,2,0,6,7,0,6,2,0,2,0,9,0,4,0,1,1,0,0,1,10,2,0,3,1,4,0,1,0,0,4,0,1,1,5,0,2,0,3,0,0,1,0,1,1,2,1,0,0,0,1,0,0,1,0,5,2,0,0,1,1,0,3,0,1,1,0,0,0,1,2,0,0,1,2,0,1,11,5,1,2,0,3,7,1,0,3,2,0,0,1,0,1,13,0,5,0,0,5,1,2,0,1,2,0,3,18,2,1,3,1,1,2,0,1,0,3,0,2,1,1,0,1,2,0,5,1,4,2,0,1,0,4,3,3,0,0,6,0,0,1,2,2,1,0,1,0,0,10,10,2,0,3,0,0,0,0,2,4,2,0,0,1,3,1,8,0,0,0,3
0,0,1,1,3,0,1,1,3,7,0,1,0,2,8,1,5,10,7,3,1,2,3,0,2,0,9,1,2,0,0,0,0,3,5,0,1,0,0,0,4,1,9,0,8,31,1,1,8,0,0,2,0,5,1,0,20,2,1,0,14,2,9,5,5,1,0,0,6,0,4,0,0,4,0,1,0,5,1,1,0,1,0,1,0,1,1,3,0,8,8,0,3,1,2,0,0,7,0,2,1,2,0,0,1,3,8,0,3,1,0,0,1,0,0,1,3,0,1,0,2,1,0,0,0,0,0,0,1,2,1,1,1,0,2,1,0,0,1,1,0,0,0,1,3,0,0,0,1,1,0,1,0,0,0,1,0,0,1,0,0,0,0,6,6,1,3,2,2,8,3,0,4,1,4,1,1,0,1,17,0,1,1,1,4,1,3,1,0,2,1,12,7,0,0,2,3,0,0,2,3,0,2,1,2,0,2,3,0,2,0,1,1,2,4,2,5,0,5,5,0,3,0,8,0,0,3,0,0,6,2,2,1,0,8,18,0,2,8,1,2,3,0,2,5,2,1,0,0,1,9,11,0,1,0,7
0,0,1,0,0,0,1,3,6,14,1,6,1,1,12,1,1,1,5,4,1,7,0,0,9,1,4,0,3,0,2,1,1,0,5,2,0,0,0,0,1,1,6,0,5,40,6,1,12,2,1,0,0,0,2,0,26,3,2,1,17,3,4,8,1,0,0,2,0,0,3,0,0,0,1,1,0,2,0,2,1,1,1,2,0,0,1,0,0,1,5,1,6,0,0,2,2,12,0,0,0,1,1,0,0,0,12,1,0,0,0,1,1,3,0,0,0,0,2,0,0,0,0,0,0,0,0,0,0,0,0,1,4,0,1,0,0,0,0,1,0,0,1,0,1,2,0,0,3,4,0,0,1,4,0,1,0,1,1,0,0,0,2,11,5,0,7,2,1,5,6,2,4,0,1,0,1,0,0,8,3,0,0,0,1,1,0,0,0,3,2,7,14,1,0,2,2,1,0,0,3,0,6,0,1,0,4,0,0,2,0,1,0,4,2,0,1,0,2,1,0,1,0,8,0,0,0,0,1,0,0,1,0,0,1,14,0,0,2,0,0,0,0,2,2,2,0,1,0,2,1,2,0,0,1,6
0,0,0,0,0,0,0,0,2,10,1,1,0,1,10,1,2,6,8,0,1,3,0,0,4,1,3,0,2,0,0,0,6,0,0,2,0,1,0,0,6,1,4,0,4,33,3,2,11,1,0,1,0,2,2,0,21,3,3,3,19,2,7,11,4,0,0,0,7,0,5,1,0,1,2,0,1,3,0,1,1,1,0,0,1,1,3,1,0,6,4,0,9,1,0,3,3,12,0,2,1,2,1,0,1,1,11,1,2,3,0,3,0,0,1,0,1,2,0,1,3,0,2,0,0,0,0,3,0,0,1,0,1,0,0,0,0,0,0,0,0,0,0,0,0,0,0,1,3,1,0,0,1,1,0,1,0,0,1,3,0,0,0,7,2,0,7,0,2,4,0,0,2,1,0,0,2,0,0,7,0,0,1,1,0,0,0,0,1,1,2,1,10,1,0,1,2,1,0,0,4,0,3,0,1,0,1,3,1,6,1,0,0,1,1,0,5,0,3,2,3,0,0,3,1,0,2,0,1,0,0,0,0,1,3,10,6,0,4,3,2,2,0,2,3,0,0,0,0,2,5,2,0,0,1,6
1,0,1,0,0,0,4,5,6,15,0,6,0,2,12,1,0,1,13,2,0,7,1,0,6,1,0,1,1,0,1,0,1,0,4,0,0,0,0,0,6,0,2,0,4,51,2,1,14,0,4,0,0,3,0,0,34,0,3,1,17,4,4,10,4,1,1,1,1,0,5,0,0,0,0,1,2,9,0,3,0,0,0,0,0,1,1,1,0,3,3,1,7,0,0,3,1,13,0,4,0,0,2,1,1,0,13,0,0,2,0,1,1,0,0,0,1,1,1,0,1,0,2,1,0,0,3,0,1,1,3,1,4,0,6,0,0,0,0,0,0,1,2,0,0,0,0,0,4,2,1,0,1,0,1,0,1,0,1,2,0,0,0,5,2,0,13,6,7,2,3,0,5,0,2,0,1,1,0,1,1,0,1,0,1,1,0,0,0,6,1,3,13,1,1,0,3,2,0,0,3,0,4,0,2,1,1,0,3,4,2,3,0,2,2,2,3,1,1,0,2,4,0,4,0,1,1,0,0,6,0,6,0,3,4,15,0,2,2,0,1,2,0,1,3,0,2,3,0,3,5,3,0,0,3,3
0,0,1,1,0,1,0,0,4,12,0,2,1,1,10,3,5,6,12,1,0,5,0,1,4,0,2,2,1,1,1,0,2,0,4,1,0,0,0,0,4,3,6,2,6,41,1,3,9,2,0,0,1,4,2,0,25,0,0,2,14,2,6,4,4,2,0,1,2,0,0,2,0,1,0,0,3,4,0,2,1,0,2,2,1,0,1,0,3,5,6,0,4,1,0,3,2,10,0,3,0,0,0,0,0,0,12,0,2,0,1,2,0,0,3,0,6,0,0,1,4,1,1,0,0,0,0,2,1,0,0,2,3,0,0,2,0,2,4,1,0,2,1,0,0,0,0,0,3,2,2,0,1,0,0,0,1,2,0,1,0,0,0,8,5,0,7,1,0,5,7,0,6,0,3,0,1,1,2,15,3,2,2,0,4,2,0,0,3,4,2,11,12,0,0,2,2,0,1,1,2,0,2,0,3,0,2,3,0,1,0,6,1,2,1,0,5,1,6,1,2,0,0,5,0,1,1,1,3,0,0,1,1,1,9,20,0,1,3,0,2,8,2,3,5,1,3,1,0,2,10,12,2,1,4,4
1,0,0,0,2,0,0,1,0,10,0,1,0,0,10,3,6,6,10,0,3,1,0,0,7,0,5,0,1,0,0,0,4,2,7,0,0,0,0,0,5,2,10,0,9,38,3,0,10,3,2,1,0,1,2,0,24,5,1,2,19,1,8,7,2,0,0,1,4,0,5,1,0,1,0,0,2,1,0,6,0,0,0,0,1,0,0,0,2,3,7,3,14,2,0,1,2,9,0,2,1,0,2,0,0,1,9,1,1,2,0,0,1,0,0,0,2,1,0,1,0,1,2,0,1,0,1,0,1,2,1,1,0,0,1,0,0,0,0,1,1,0,0,0,3,0,0,0,4,1,0,0,0,0,0,0,0,0,1,0,0,1,0,6,3,1,5,1,0,7,0,0,1,0,2,1,1,0,1,14,2,1,2,0,6,0,0,0,1,3,2,9,11,1,0,4,3,1,0,0,1,0,4,0,1,0,2,0,0,6,0,0,0,5,0,1,3,0,1,2,0,1,0,6,0,1,2,0,0,2,0,1,1,2,7,18,0,1,3,1,2,4,0,3,4,2,0,0,0,2,7,6,0,0,3,3
0,2,0,0,0,0,0,1,4,12,0,4,0,0,11,0,3,5,13,0,0,4,0,0,2,0,2,0,0,0,0,0,2,1,8,0,1,0,0,0,3,1,3,0,6,53,4,3,15,0,3,0,0,0,4,0,34,0,0,1,21,3,7,9,5,1,0,0,6,1,7,0,0,4,0,0,2,2,0,2,0,0,0,3,0,0,4,0,3,5,4,0,11,0,1,1,2,13,0,1,0,1,0,0,0,0,13,1,0,1,0,0,0,0,0,0,2,0,1,0,1,1,2,0,0,0,0,0,0,1,0,0,4,0,2,1,0,0,1,1,0,2,2,0,0,0,0,0,5,4,0,2,0,0,0,2,0,0,2,0,0,0,0,5,4,2,5,1,0,5,3,0,2,2,0,0,0,0,1,8,1,2,0,0,4,0,0,0,0,2,0,7,12,0,0,4,1,5,0,2,5,0,4,0,0,0,1,3,1,2,0,5,0,5,0,2,2,0,4,2,3,0,0,4,1,1,1,0,1,9,0,2,2,0,3,26,0,3,6,2,8,2,0,0,0,1,1,1,1,2,8,7,0,0,4,4
0,1,0,0,0,1,0,0,3,9,0,2,0,1,9,0,2,4,9,2,1,3,2,0,5,0,5,0,0,0,3,0,0,1,3,0,0,0,0,0,4,0,7,0,7,39,2,0,10,6,0,0,0,2,2,0,20,4,2,4,20,5,11,2,1,0,0,1,1,1,3,1,1,2,3,0,0,2,0,1,2,0,1,2,1,0,3,1,0,6,7,0,4,1,0,1,0,10,0,2,0,0,0,0,0,0,11,3,1,1,0,1,0,0,0,0,1,0,1,0,0,0,2,0,0,1,1,0,1,2,0,1,3,0,1,0,0,1,2,1,0,0,2,2,1,0,1,0,2,3,0,0,0,3,0,1,1,0,2,2,0,0,0,2,8,0,2,2,0,7,7,0,3,0,4,0,1,0,0,8,0,1,0,0,2,0,1,0,0,1,0,9,11,1,1,4,2,0,1,0,0,1,1,0,1,0,0,0,0,2,0,3,0,5,3,1,4,0,3,4,0,0,0,8,0,0,0,1,0,2,0,0,0,1,7,23,0,0,4,0,1,2,1,6,2,0,1,2,0,2,12,7,1,0,1,4
0,0,0,0,0,1,0,0,4,8,4,2,0,0,8,1,6,6,7,0,4,2,0,0,4,2,3,1,0,0,0,0,0,2,0,2,0,0,1,0,4,0,7,0,10,30,5,1,11,0,0,1,0,0,1,1,22,2,0,3,16,0,10,8,2,0,1,0,2,0,5,0,0,0,1,0,0,5,0,3,0,0,0,3,0,0,5,0,0,5,8,0,7,0,0,0,0,9,0,0,2,0,0,0,0,0,11,2,1,1,0,0,2,0,0,2,1,0,0,0,0,0,3,0,0,1,0,0,1,0,1,0,2,0,0,0,0,0,2,1,1,0,2,1,2,0,1,0,2,2,0,1,0,0,0,1,0,0,0,1,0,1,0,4,7,2,3,0,0,8,0,0,3,1,3,0,1,0,5,12,0,0,0,1,1,1,0,0,0,1,2,6,10,1,1,3,3,0,0,0,2,0,2,0,0,0,0,1,0,0,1,2,0,4,1,0,3,0,1,1,2,1,0,8,0,0,0,3,0,0,0,3,0,1,9,9,0,4,5,5,1,0,0,0,2,0,2,2,0,0,2,6,0,0,2,4
0,3,0,0,0,0,0,4,3,10,0,5,1,1,9,3,5,3,7,3,1,6,1,1,2,1,0,1,0,0,0,0,2,1,1,3,1,0,1,0,6,2,6,0,6,48,3,3,11,1,4,0,0,3,0,1,32,1,4,6,19,6,10,9,2,0,3,6,3,0,0,2,1,0,0,1,0,0,0,2,0,0,0,0,0,0,3,0,3,2,5,2,10,1,0,2,1,10,0,3,1,1,2,0,0,0,11,1,0,0,1,0,2,1,0,0,3,1,0,0,0,0,1,1,0,0,2,1,1,0,0,1,0,0,2,0,0,1,2,0,0,0,2,0,0,0,1,1,6,5,0,0,0,0,1,1,0,1,4,0,2,0,0,9,2,0,9,5,1,5,8,3,3,1,6,0,1,0,1,11,1,0,2,0,4,1,0,2,1,5,4,5,10,1,0,2,0,3,0,0,3,0,2,0,0,1,1,1,2,4,1,4,0,0,1,1,2,0,2,1,1,0,0,7,0,1,2,0,2,1,0,3,1,2,2,19,3,1,5,4,1,2,1,1,5,3,0,1,0,2,6,4,0,0,0,6
2,0,0,0,1,1,0,2,9,13,0,3,0,0,9,0,6,3,11,4,0,4,0,1,9,0,4,0,1,0,0,1,2,1,2,0,0,0,1,0,2,2,5,0,4,40,1,1,10,0,2,1,2,3,1,0,27,1,1,1,17,3,7,9,3,3,2,0,0,0,3,0,2,1,0,0,1,3,0,1,0,1,0,1,0,0,2,1,0,3,4,2,3,0,0,0,2,11,0,1,0,0,0,0,1,2,12,0,1,2,0,0,2,1,1,4,4,1,0,0,0,0,1,1,0,0,0,0,0,1,0,0,2,0,3,1,0,0,1,2,0,0,0,0,0,0,0,1,4,0,0,2,0,0,1,1,1,0,0,0,0,0,0,5,2,2,5,4,3,6,4,0,5,0,1,2,0,0,0,12,1,1,1,0,5,1,0,1,0,1,0,3,12,0,1,4,3,2,0,1,3,0,7,0,0,0,1,1,1,6,1,1,0,4,2,0,5,0,2,2,1,2,0,8,1,2,2,1,1,4,1,1,1,0,3,14,0,0,0,2,0,0,0,1,0,0,0,1,0,0,3,4,0,0,1,1
0,1,0,1,0,0,0,2,1,8,7,1,0,2,9,3,7,9,7,2,7,1,0,0,5,6,6,0,0,0,0,1,0,0,5,0,1,1,1,0,2,3,8,0,12,32,2,0,9,1,1,4,0,0,3,0,23,3,0,9,20,1,14,3,2,0,0,0,2,0,7,0,0,0,0,0,0,3,0,1,0,0,0,2,0,0,3,0,0,6,7,1,12,0,0,5,4,9,1,2,0,0,1,0,0,1,8,1,0,1,1,1,2,0,0,0,3,1,0,0,0,1,6,0,0,1,2,0,0,0,0,2,2,0,1,0,0,1,0,2,0,2,0,0,2,0,0,0,3,0,1,2,0,0,0,0,0,0,2,0,2,0,0,3,5,3,2,0,2,8,2,0,3,1,3,1,2,0,1,8,0,1,0,0,4,2,0,0,1,1,0,4,9,0,0,0,1,1,0,0,2,0,4,0,0,1,1,1,0,4,0,0,0,0,1,0,5,0,2,0,1,0,0,6,0,0,0,0,1,2,0,7,1,0,7,17,0,1,8,1,0,0,0,0,7,0,1,0,0,0,2,7,2,2,3,8
0,3,1,0,1,0,0,3,1,9,0,2,0,0,9,0,5,6,8,5,2,4,1,1,3,1,5,0,1,1,1,3,1,0,4,0,1,1,0,0,4,1,6,1,7,37,3,1,9,2,1,1,0,0,2,0,22,1,0,2,19,3,9,7,6,1,0,2,4,0,4,0,0,0,1,0,2,2,0,4,1,1,0,1,4,0,2,0,2,8,8,2,7,0,1,1,4,8,2,3,1,3,2,0,1,3,9,1,2,0,1,1,1,2,1,0,0,2,3,1,0,0,1,2,0,0,0,1,0,0,0,0,1,0,2,5,0,1,0,3,0,1,0,0,1,0,0,0,2,2,0,2,1,0,0,4,0,0,1,1,1,0,0,6,4,1,5,1,1,10,3,0,10,0,1,1,1,1,6,13,0,1,0,0,1,1,3,2,1,3,5,7,10,0,2,6,3,0,1,0,3,0,2,0,2,0,3,2,1,6,2,1,0,8,2,1,3,0,0,4,0,2,0,8,2,0,0,0,1,1,1,0,1,1,3,17,1,2,0,0,2,1,0,0,1,1,2,0,0,1,4,5,0,0,0,1
0,1,0,0,0,0,0,4,5,11,3,7,0,0,12,0,0,4,5,2,1,5,0,0,7,1,1,0,0,0,0,0,2,0,3,0,0,0,0,0,5,0,4,0,8,45,3,2,12,1,1,0,1,1,2,2,34,3,0,0,21,2,6,7,3,1,1,0,3,0,4,0,0,0,0,0,0,1,0,4,0,0,1,2,0,0,0,1,0,6,4,0,8,0,0,0,2,13,2,3,0,0,0,0,0,0,13,1,2,1,0,2,0,0,0,0,1,2,0,0,0,0,3,0,0,2,0,1,0,2,1,2,0,0,1,0,0,0,3,0,0,2,0,0,3,0,1,0,2,2,0,0,0,2,0,2,1,0,1,1,0,0,0,9,4,2,14,2,1,5,7,2,8,0,2,0,1,0,0,6,1,2,2,0,2,0,0,0,0,2,0,2,13,0,0,2,3,1,0,1,3,0,1,1,0,0,2,0,2,1,2,2,0,2,5,4,1,0,2,1,0,0,0,3,1,2,0,2,2,0,1,2,1,1,2,16,0,2,2,5,2,2,0,1,1,0,0,2,0,2,1,2,1,0,0,2
0,0,2,0,2,0,1,2,7,9,0,3,0,0,10,1,4,4,10,3,3,3,4,0,3,0,5,1,0,0,1,0,1,1,3,0,1,1,0,0,1,1,5,1,7,34,2,1,9,2,1,0,1,1,0,0,22,2,0,4,16,3,5,9,2,0,2,1,3,0,4,4,0,1,0,0,1,3,0,2,3,0,0,1,0,1,1,0,0,2,5,1,11,1,0,0,4,11,0,0,0,0,2,1,1,2,10,1,3,0,0,2,2,1,0,0,2,0,1,1,3,0,2,0,2,2,0,0,0,1,0,0,1,0,0,2,0,0,0,0,1,0,1,1,0,0,0,1,0,1,0,1,0,0,1,2,0,1,0,1,2,3,0,10,2,2,4,4,1,6,0,0,5,1,3,0,2,0,1,11,0,0,0,1,2,0,0,0,0,1,4,5,11,1,0,4,1,1,0,1,2,0,1,0,0,0,2,0,0,3,1,1,0,5,1,1,4,1,7,4,2,1,0,8,1,0,0,0,1,0,0,2,0,0,2,15,2,1,1,0,2,4,0,0,0,1,4,0,0,0,8,3,0,0,1,2
1,0,2,1,1,0,1,3,5,12,1,4,1,0,10,2,7,4,6,7,1,4,3,0,1,3,8,0,3,0,4,0,0,4,2,0,0,1,1,0,8,0,7,1,9,35,2,4,9,0,3,0,0,0,1,1,23,2,0,2,17,5,7,6,4,2,1,0,2,1,10,0,1,2,2,0,4,2,1,6,1,1,2,6,1,0,3,0,0,1,7,2,8,2,0,2,1,9,0,1,4,0,2,0,0,0,10,0,1,0,0,1,0,0,0,0,0,0,1,0,0,1,3,0,0,0,2,0,1,0,0,0,3,1,1,0,0,0,1,0,0,1,0,0,2,0,0,0,2,1,1,0,0,0,0,0,0,0,1,1,1,0,1,7,6,0,2,5,0,7,0,0,1,0,4,0,4,0,1,18,2,0,2,0,0,0,0,0,0,4,2,4,9,0,1,5,0,1,4,2,7,0,0,0,1,0,0,0,0,2,3,5,0,5,4,2,4,1,5,3,2,2,0,14,0,1,3,1,4,2,0,3,0,0,8,10,1,1,5,5,2,0,0,2,1,1,0,2,0,1,1,9,0,0,3,2
0,0,0,0,0,0,0,3,3,12,5,2,0,3,13,1,4,9,5,2,1,1,0,0,5,1,4,0,1,1,0,0,2,0,2,1,1,0,0,0,2,2,5,0,6,39,4,2,12,0,1,1,0,0,4,0,23,1,1,4,17,1,4,9,1,0,0,1,2,0,6,1,0,2,1,0,0,1,0,2,0,0,0,1,2,0,2,0,3,5,5,2,7,0,1,3,1,12,0,1,0,2,0,0,0,0,12,1,0,0,2,0,0,0,0,1,0,0,0,0,0,0,3,0,0,0,1,3,0,5,0,1,1,0,0,0,0,0,0,6,0,1,2,0,0,0,1,1,3,0,1,3,0,1,0,1,0,0,0,7,0,0,0,2,2,2,4,1,0,5,0,0,1,0,1,1,0,0,2,11,1,0,1,0,1,0,0,1,1,2,2,7,12,1,0,5,3,2,0,1,2,1,2,0,0,0,1,0,0,1,0,5,0,7,1,0,5,0,2,4,1,0,0,6,1,0,0,1,3,3,0,0,0,1,7,13,0,2,1,1,4,2,0,2,0,0,0,0,0,0,6,7,0,0,5,2
2,0,0,0,2,0,1,2,9,10,1,4,0,1,9,4,7,6,17,2,2,1,1,0,3,0,3,0,0,3,1,0,1,1,4,0,0,0,4,0,3,2,11,0,9,33,6,1,9,0,0,1,0,0,1,0,24,3,1,1,20,1,13,7,3,2,2,1,2,0,5,0,0,0,1,0,3,1,0,4,2,1,0,1,0,1,3,0,1,2,7,2,10,1,0,1,0,10,0,2,0,1,0,1,1,0,9,5,0,0,0,0,0,1,0,0,2,0,1,0,0,0,1,0,0,1,1,0,0,0,0,0,2,0,1,0,1,0,0,0,0,0,1,0,0,0,0,1,3,4,0,0,0,0,0,0,0,1,1,0,0,0,0,11,7,1,3,0,0,7,1,0,1,0,7,0,1,0,2,16,2,4,0,0,5,0,2,0,0,3,4,6,9,1,0,4,3,0,1,0,2,1,5,0,0,0,1,0,0,5,2,2,1,4,3,1,2,0,8,3,1,1,0,13,0,2,1,1,1,4,0,3,1,0,8,13,1,0,5,0,1,1,2,1,3,1,0,0,0,1,7,8,1,0,3,5
0,1,1,1,2,0,0,2,6,11,3,6,0,0,12,1,8,5,10,0,2,2,3,0,4,2,1,1,1,0,0,0,0,0,5,0,0,0,0,3,6,0,4,0,7,43,4,1,13,3,2,1,0,0,3,0,28,0,0,4,20,1,7,5,1,0,1,1,1,0,1,0,0,1,1,0,4,4,0,3,0,0,0,2,1,0,3,1,0,2,5,0,7,0,1,0,1,12,0,0,0,0,2,0,0,0,12,1,0,0,0,2,0,1,0,0,1,1,0,0,2,0,2,0,0,0,0,0,0,0,0,1,1,0,0,0,0,0,1,0,0,0,1,0,0,0,1,0,0,0,0,0,0,0,0,0,2,1,0,0,0,0,0,3,7,2,2,0,0,5,5,1,7,0,1,0,1,0,0,11,0,3,1,0,5,0,0,0,0,2,1,4,13,0,0,2,1,0,1,1,1,0,3,0,0,1,2,1,0,7,0,3,0,3,1,8,2,1,2,2,0,0,0,7,0,1,0,1,1,1,1,1,0,0,3,21,0,0,2,0,1,2,0,0,1,4,2,0,0,0,10,4,0,0,1,2
1,0,0,1,1,0,1,2,1,11,0,0,0,0,9,0,8,5,10,0,1,4,1,0,5,0,5,2,0,0,0,0,0,0,6,1,0,0,0,0,6,1,6,0,8,41,5,1,11,5,3,1,0,0,3,1,28,5,2,2,17,4,13,6,2,0,0,1,1,1,5,0,0,0,0,0,1,3,1,1,3,0,0,0,0,0,2,0,2,8,7,1,4,1,1,1,3,10,0,1,0,0,3,0,0,0,10,3,0,1,3,0,0,3,0,0,5,0,0,0,0,0,0,0,0,1,1,1,0,0,0,0,5,0,3,0,0,5,1,1,0,0,0,1,1,0,1,0,2,0,0,0,0,1,0,0,1,1,0,0,0,0,0,8,3,1,6,3,0,7,6,2,5,0,3,0,0,0,1,10,0,1,0,0,1,1,0,1,0,4,3,11,12,1,0,6,0,0,2,0,2,0,4,0,0,0,1,1,0,2,0,3,1,10,1,3,5,0,5,3,1,0,0,10,0,1,0,0,1,4,0,0,1,0,6,23,2,1,1,0,3,2,1,2,0,1,2,0,0,2,7,4,0,1,2,1
0,0,1,0,2,0,0,0,6,10,1,3,0,1,8,1,2,5,6,0,0,4,0,0,4,1,6,0,0,2,0,0,0,0,9,0,0,0,0,0,2,0,5,0,9,36,3,0,11,0,1,1,0,1,5,0,21,2,1,1,21,0,14,8,1,3,2,0,4,1,4,0,0,3,1,0,0,3,0,2,3,0,0,2,0,0,1,1,0,4,7,3,7,0,2,1,3,13,0,1,0,1,1,0,0,0,10,0,0,0,4,2,0,0,0,0,0,0,1,0,1,0,1,0,0,0,0,2,0,3,0,2,3,0,2,0,0,1,2,0,0,0,0,0,0,0,1,0,7,3,1,0,0,2,0,0,0,0,0,0,0,0,0,3,5,0,4,1,0,8,2,1,0,0,2,1,0,1,1,10,0,2,0,0,4,0,0,1,0,1,0,6,10,0,2,4,2,0,0,0,0,0,2,1,0,0,1,0,0,4,0,3,0,4,4,1,1,0,3,2,2,1,0,9,0,0,0,1,2,5,0,1,0,1,6,13,1,3,1,0,1,0,0,0,0,0,1,0,0,0,4,5,0,0,0,6
0,3,0,0,1,1,1,0,4,8,1,1,0,0,8,1,7,7,7,2,0,4,3,0,4,1,8,0,1,0,1,0,1,1,1,0,1,0,1,0,6,0,8,0,7,33,9,2,10,0,4,1,2,1,0,1,26,3,1,0,17,4,10,6,5,0,2,0,2,1,2,0,1,0,0,0,2,1,1,4,1,0,1,1,1,0,3,0,1,4,7,2,5,0,0,3,2,10,0,0,0,0,1,0,1,0,7,1,0,0,1,1,0,0,0,1,0,1,1,0,0,0,0,0,1,0,0,0,1,1,0,0,1,0,3,0,1,0,4,0,0,0,1,1,0,0,0,0,2,1,0,1,2,0,1,0,0,0,3,0,0,0,1,8,6,2,8,1,4,8,7,0,4,0,6,0,0,2,1,11,0,2,0,0,7,2,0,3,0,2,1,5,11,0,0,3,3,4,1,3,3,1,2,0,3,0,1,1,0,2,1,4,0,4,0,1,1,0,5,3,0,1,0,13,0,1,3,2,3,3,0,1,0,0,8,13,0,0,4,2,1,1,0,0,2,2,0,2,0,2,3,7,0,1,0,6
0,0,0,0,0,0,0,0,4,8,0,1,0,0,8,1,5,6,5,1,2,2,0,1,1,0,5,0,0,2,0,0,2,3,1,1,0,0,0,0,3,2,9,0,11,30,3,1,7,0,0,2,2,0,0,0,16,1,4,3,18,1,10,7,1,0,3,1,1,0,1,0,0,0,0,0,1,3,0,1,1,1,2,1,0,0,6,1,1,0,8,0,9,2,1,2,0,8,0,0,1,0,2,0,0,1,11,1,1,1,3,0,2,0,0,1,3,1,0,0,1,1,2,0,0,1,0,1,0,0,0,0,0,1,0,0,1,0,0,0,0,0,2,0,1,0,1,0,2,0,0,1,1,0,0,0,0,1,0,0,0,1,0,4,3,1,4,2,3,8,0,0,1,1,7,0,0,0,0,13,1,2,1,0,0,0,1,0,0,1,3,2,10,0,1,4,4,0,1,0,4,0,1,0,2,0,0,1,1,3,0,0,1,4,0,0,2,0,0,3,2,2,0,10,2,3,0,1,1,1,0,1,0,0,7,9,0,1,4,0,0,0,0,0,3,1,0,0,0,3,3,6,0,0,1,5
2,2,0,0,2,1,0,1,2,6,1,1,0,0,5,0,2,9,6,8,4,1,2,0,0,2,7,0,1,0,1,0,1,0,2,1,0,0,0,0,3,0,11,0,11,19,4,1,6,0,0,1,0,0,2,0,12,0,4,6,16,6,14,4,1,0,0,1,3,0,5,1,0,0,0,0,1,1,1,1,0,0,0,2,3,0,3,0,0,4,11,2,9,2,2,1,0,6,0,1,1,0,0,0,0,0,5,2,1,1,0,2,3,0,1,0,0,0,1,0,1,1,1,0,1,1,0,1,0,1,0,0,3,2,1,0,0,0,0,0,0,2,0,0,0,0,1,1,4,1,0,0,1,0,1,0,0,0,3,1,0,0,0,4,6,3,3,0,0,13,1,1,5,0,2,1,0,1,2,15,0,2,0,1,1,3,2,3,1,2,3,5,8,0,0,6,3,0,1,1,2,1,1,0,0,1,2,1,0,1,2,1,0,6,2,4,3,0,3,5,2,2,1,16,1,0,2,0,0,1,1,1,0,1,14,3,1,3,6,2,2,1,1,0,5,1,0,0,0,0,4,13,0,1,0,5
0,1,0,0,1,0,0,0,7,5,0,4,1,0,6,0,6,3,4,0,0,2,1,0,3,2,6,1,2,2,2,0,0,0,3,1,0,1,0,1,2,0,9,0,10,24,1,1,8,2,2,0,0,0,3,0,16,3,0,5,17,2,11,6,5,0,3,1,1,0,2,1,0,0,0,0,1,2,0,3,0,0,0,3,2,1,2,1,2,4,10,0,7,2,1,1,2,8,0,1,1,0,2,1,1,0,8,1,2,1,1,2,1,1,1,1,0,0,0,0,1,1,0,0,3,0,0,2,1,0,1,0,4,2,0,0,1,3,0,0,1,0,0,0,0,1,0,0,4,0,0,1,0,1,1,1,3,0,0,0,2,0,0,5,7,2,5,0,0,10,1,1,1,1,6,0,1,0,2,14,0,3,0,0,3,1,0,0,2,2,3,7,9,1,2,5,1,0,0,2,3,0,7,1,2,0,0,1,1,4,2,0,2,5,2,2,0,0,3,4,2,0,0,16,2,1,1,1,3,1,2,1,1,1,6,6,0,2,3,0,0,1,0,0,2,0,0,0,1,0,2,6,1,0,0,3
1,2,2,0,1,0,0,2,9,9,1,1,1,1,8,2,4,4,10,1,3,5,0,0,2,1,3,0,0,0,0,0,1,1,4,0,0,0,0,0,2,0,8,0,10,36,8,0,8,1,2,2,0,0,0,0,21,3,1,1,17,5,9,6,3,1,1,2,1,0,4,0,0,0,2,0,4,2,0,1,1,0,0,4,0,0,6,2,1,6,8,2,8,1,0,5,1,8,0,4,0,0,1,1,0,0,8,1,3,0,1,2,0,1,0,1,3,0,1,1,0,0,2,0,0,0,0,0,0,0,1,1,4,0,3,0,0,1,0,1,0,0,2,0,4,1,0,0,5,2,0,0,0,1,0,1,1,0,0,0,0,1,1,6,13,1,5,2,0,9,0,1,1,0,4,0,1,0,1,17,1,1,0,0,3,0,1,6,0,3,1,4,8,0,2,7,2,0,1,1,1,0,2,0,2,0,0,0,0,3,1,1,1,7,1,4,3,0,3,5,2,0,0,6,1,1,3,3,3,4,1,1,0,3,11,13,1,1,3,0,2,1,0,3,1,1,0,2,0,1,6,10,0,0,0,3
0,0,1,0,0,0,0,0,1,8,2,0,0,0,8,0,4,5,7,1,2,2,0,0,5,2,4,0,2,0,2,1,0,2,9,1,0,0,0,0,5,2,8,0,10,38,5,1,9,1,1,2,1,0,0,1,23,1,2,3,19,1,14,6,7,0,0,0,1,0,3,0,1,0,3,0,1,3,1,1,1,1,0,2,2,0,3,0,1,3,8,2,13,2,0,3,2,9,0,3,3,2,2,0,0,0,9,2,4,0,5,4,0,0,0,0,1,0,0,1,4,0,8,0,0,1,2,1,0,1,0,0,5,0,0,0,0,1,0,2,0,0,1,0,1,0,1,0,3,1,1,0,2,0,0,0,0,0,1,0,1,0,0,5,6,0,2,0,0,8,2,0,3,1,5,0,0,0,0,9,2,2,0,0,2,0,0,0,0,5,1,5,8,0,1,5,4,0,0,0,3,0,5,1,2,2,1,0,1,3,2,0,0,8,1,3,3,0,1,4,1,0,0,12,1,0,0,0,1,3,1,1,0,1,6,15,0,2,3,0,3,3,0,4,0,0,1,1,0,0,6,8,0,0,1,2
1,0,0,1,1,0,0,3,3,12,3,2,1,0,11,1,2,4,14,1,0,3,2,0,2,0,1,0,0,2,0,0,1,2,4,0,0,0,0,0,6,0,6,0,6,45,8,1,11,0,0,2,0,1,2,0,28,3,0,1,15,1,6,11,1,1,0,0,5,0,8,0,0,0,2,0,0,7,0,1,0,2,1,1,3,0,1,1,0,5,6,3,9,2,1,1,1,11,0,2,1,0,1,0,0,0,12,1,1,0,0,2,2,0,0,0,2,0,0,0,1,0,0,0,2,1,1,1,0,2,0,0,1,0,1,0,0,0,1,1,0,0,1,0,0,0,0,0,2,1,1,0,1,0,0,0,0,0,0,0,0,0,0,10,3,0,4,3,0,8,2,0,2,0,3,0,1,0,1,12,2,1,1,0,2,1,1,0,1,2,1,5,12,0,2,3,0,0,1,2,4,2,4,0,0,0,2,1,0,3,2,2,0,4,1,1,3,0,6,3,3,1,0,7,2,1,2,0,1,2,0,4,0,1,8,17,2,1,3,0,3,1,0,0,2,1,2,0,1,2,6,11,0,2,3,2
2,0,0,1,2,0,0,1,3,9,0,1,0,0,8,2,3,7,10,3,3,3,0,0,1,0,3,0,0,2,1,0,2,1,6,3,1,0,0,0,8,0,10,0,8,32,3,3,8,0,1,1,0,0,0,0,19,1,1,2,17,3,12,2,2,0,0,0,1,0,3,0,1,0,0,0,2,1,0,1,0,0,0,3,0,0,1,0,0,2,8,0,6,1,0,0,0,8,0,3,0,0,0,0,0,2,9,0,2,0,2,3,0,0,0,0,1,0,0,0,0,0,1,0,0,1,1,0,1,2,0,1,5,0,1,0,0,0,1,0,0,1,2,0,2,0,2,0,4,2,1,1,0,1,0,0,1,0,0,0,0,0,0,6,7,1,4,2,1,9,3,2,6,0,4,0,0,0,0,17,2,2,1,0,2,1,3,0,0,1,0,4,10,1,0,4,5,0,1,1,1,0,3,0,0,0,0,1,0,3,1,2,2,4,4,0,3,0,5,2,2,0,0,7,0,0,0,0,0,1,0,2,0,0,8,14,0,2,4,0,0,1,0,0,3,0,0,0,0,0,7,5,0,0,0,7
1,0,0,2,0,1,0,1,4,9,2,2,1,0,8,1,6,7,10,1,2,4,0,0,5,1,0,1,0,0,0,0,0,0,0,0,0,0,0,0,7,0,6,0,6,28,4,1,9,2,4,2,1,0,2,0,20,2,0,3,20,0,6,6,3,1,1,1,3,1,6,0,1,2,2,0,1,3,0,1,1,0,1,2,3,0,1,0,0,5,6,4,11,1,0,2,3,11,0,1,0,0,2,1,0,1,9,4,0,1,0,1,0,0,3,0,1,0,0,0,1,0,3,0,0,0,0,0,0,4,0,0,2,0,3,0,0,0,3,0,0,1,0,0,0,0,1,0,5,1,1,1,0,0,0,0,2,0,0,0,0,0,0,8,6,0,1,0,1,7,1,0,3,0,3,0,0,1,0,6,0,1,0,0,1,0,2,0,0,1,0,6,9,0,2,4,0,0,0,1,0,1,2,0,3,0,0,0,1,2,0,1,1,4,0,0,4,0,1,2,1,1,0,8,0,0,0,0,2,0,0,3,0,1,7,10,1,0,3,0,2,1,1,2,2,0,3,0,0,2,2,4,0,1,0,2
0,1,0,0,0,0,0,1,2,13,0,2,0,2,15,0,4,4,11,0,1,3,0,0,4,0,1,1,3,0,0,0,1,0,6,0,0,0,0,1,3,0,3,0,6,45,11,2,13,2,3,1,0,0,1,0,32,3,1,2,19,4,6,12,1,2,0,0,1,0,2,0,0,0,2,0,0,2,0,3,0,2,0,0,0,0,2,0,0,3,4,1,12,0,0,4,2,13,0,0,0,0,1,0,0,1,12,1,0,0,0,0,2,1,0,0,0,1,1,0,0,0,3,0,0,0,0,0,0,2,0,2,2,0,2,0,0,0,0,0,0,0,1,0,0,0,1,0,4,2,2,0,0,1,0,0,0,0,0,0,1,0,0,6,4,0,6,1,0,4,1,0,3,1,4,0,1,0,1,7,0,0,0,0,2,1,0,1,0,3,1,5,12,1,1,2,3,4,0,0,4,1,3,0,0,0,1,1,0,1,0,1,1,2,1,1,5,0,1,2,0,0,0,5,0,1,0,1,0,0,0,2,0,0,3,13,0,1,1,0,1,2,0,1,2,1,0,0,0,1,4,1,1,0,1,2
0,1,1,0,1,0,1,1,3,11,2,6,0,0,11,0,5,5,8,2,3,3,1,0,5,2,1,0,1,1,2,1,3,4,0,0,2,0,1,1,6,0,5,0,5,41,3,2,12,1,1,1,1,0,1,0,30,0,0,2,17,1,5,5,0,2,1,0,2,0,2,3,1,3,1,0,0,2,0,2,1,1,0,0,1,0,1,0,1,6,3,1,4,0,1,1,2,11,0,1,1,0,2,0,0,0,13,1,2,0,1,1,0,0,0,0,2,0,0,0,0,0,5,1,0,0,0,0,2,0,0,2,3,0,4,1,2,0,2,1,3,0,2,0,0,0,1,0,6,3,0,0,1,0,1,1,0,0,2,0,0,0,0,15,3,3,12,2,0,4,3,0,5,1,4,1,0,1,0,8,3,0,0,0,7,2,0,2,1,2,1,0,12,1,2,0,2,0,0,0,3,0,3,0,0,1,2,2,0,2,1,0,0,1,0,1,3,1,2,0,3,0,0,3,1,2,2,2,0,1,0,0,0,0,7,14,1,0,6,0,0,1,0,0,3,3,1,0,1,0,2,2,0,0,3,3
0,0,0,1,0,1,2,5,5,14,1,4,0,0,11,4,3,2,11,1,1,4,0,0,8,0,3,0,0,5,0,0,2,0,7,0,0,0,1,0,4,1,3,0,3,50,8,2,13,3,2,0,2,1,3,1,31,2,0,0,19,1,2,10,0,0,0,0,2,3,4,0,0,1,3,0,0,3,0,3,0,1,1,1,0,5,1,0,2,8,3,0,12,3,0,0,4,13,0,0,0,0,1,1,0,0,13,0,2,4,1,3,1,2,0,0,0,1,1,1,0,0,3,2,0,0,2,0,3,2,0,1,2,0,1,0,0,1,2,0,0,0,2,0,3,0,3,0,2,2,0,0,2,4,4,0,0,1,0,1,0,0,0,10,3,0,8,5,0,4,3,1,2,0,1,0,0,0,1,5,1,0,0,0,4,0,1,1,0,1,0,2,15,1,2,4,2,1,0,2,4,1,4,0,0,0,1,0,1,2,0,0,0,5,3,2,3,0,1,3,4,0,0,2,0,0,2,0,2,3,0,3,2,0,5,14,1,2,0,0,4,2,3,2,0,1,0,0,2,4,13,3,0,0,3,1
0,0,1,1,1,0,0,4,5,11,0,3,0,0,10,1,2,5,6,1,0,3,0,0,4,0,3,0,1,0,0,0,0,0,7,2,0,0,0,0,3,1,5,0,7,42,4,0,11,2,4,0,1,1,3,0,26,3,2,2,18,2,7,12,1,2,1,2,4,1,4,0,1,0,1,0,2,0,0,1,4,0,0,1,1,0,2,2,0,2,6,1,4,1,0,4,2,11,1,1,0,0,2,1,0,4,11,0,0,0,0,0,0,0,2,0,0,0,0,0,0,0,1,0,0,0,0,0,0,0,0,0,2,0,2,0,0,1,1,0,0,0,1,1,2,1,1,0,2,4,0,0,0,0,0,0,0,0,2,1,0,0,1,11,5,2,4,2,0,9,5,0,3,0,5,1,2,0,2,9,2,1,0,0,1,1,2,1,0,5,0,9,14,1,0,4,1,0,0,0,3,1,3,0,0,0,0,3,1,5,1,4,0,4,2,1,5,0,3,1,0,1,0,7,0,2,0,1,0,2,0,1,0,0,2,11,0,1,2,0,2,0,0,0,2,1,3,1,0,2,11,3,0,0,6,3
0,0,0,1,0,0,1,1,5,11,0,3,2,0,12,1,3,6,13,1,0,4,0,0,2,1,3,0,0,3,0,0,3,1,5,0,0,4,0,0,3,2,8,0,11,38,6,3,10,1,1,0,2,1,1,1,21,1,3,3,17,1,9,8,3,2,2,0,4,1,7,0,0,1,1,0,1,2,1,1,1,0,0,2,0,2,4,0,0,0,6,1,9,0,1,2,1,10,0,0,0,1,0,0,0,1,10,1,0,2,1,1,0,1,0,0,1,0,0,1,0,0,0,0,0,0,1,0,0,3,0,2,3,0,2,0,0,0,0,0,0,0,1,0,3,0,0,0,3,1,1,0,1,0,0,3,0,0,0,0,0,0,0,9,5,0,4,1,1,7,7,0,3,0,4,0,0,0,1,7,1,2,0,0,2,2,0,0,0,1,0,2,10,0,0,1,2,1,2,3,2,0,6,1,3,0,2,2,0,3,2,3,1,4,2,1,1,0,0,2,1,3,0,11,0,0,0,0,1,9,0,5,0,2,6,19,2,3,6,0,3,2,0,5,5,0,2,0,0,0,4,4,1,0,0,7
0,2,2,0,0,0,0,2,1,12,0,5,0,0,11,5,2,5,10,2,1,10,1,0,6,0,2,1,0,3,0,0,2,1,3,1,0,0,0,0,2,1,5,0,4,41,4,1,12,0,3,1,0,1,2,0,31,3,0,1,15,2,3,7,0,0,1,1,1,0,1,0,2,0,0,0,2,1,0,0,2,0,0,1,0,3,1,0,0,3,4,2,5,1,0,4,4,11,0,0,1,0,3,1,0,1,12,3,0,3,0,1,4,0,0,0,0,0,1,0,2,2,0,0,1,0,0,0,1,4,0,0,2,0,2,0,0,0,1,0,0,0,1,0,3,0,1,0,4,2,3,1,0,0,1,0,0,0,0,0,0,0,0,11,3,0,5,2,2,4,5,0,3,0,3,0,0,0,0,6,0,0,3,0,1,0,2,0,0,2,1,3,12,2,3,4,2,1,1,1,0,1,2,1,0,0,1,0,2,2,1,2,1,4,0,1,3,0,1,3,1,0,0,4,2,0,2,2,2,0,0,3,0,1,3,16,0,0,0,0,4,0,1,2,0,1,0,2,0,1,4,5,0,0,7,2
0,1,3,0,1,0,0,1,3,9,0,3,0,0,10,1,4,8,11,0,1,4,0,0,5,0,4,0,2,4,1,0,0,0,0,0,0,0,1,0,4,1,7,0,9,31,5,0,10,1,0,0,0,0,2,0,23,4,1,0,20,2,7,7,1,1,0,1,4,0,1,0,1,1,1,0,1,2,0,5,0,0,0,1,0,0,1,0,0,4,7,0,11,1,0,1,1,10,0,1,1,0,0,0,0,1,10,0,2,0,1,0,1,1,0,0,2,0,0,0,2,0,1,1,2,1,0,1,0,0,1,0,3,0,1,0,0,0,0,1,0,1,2,0,0,0,0,0,2,3,1,2,0,1,0,0,0,0,1,2,0,1,0,10,6,4,6,1,0,8,4,1,1,2,0,0,1,0,0,17,5,1,0,1,2,0,2,1,0,0,1,4,11,0,2,3,0,0,0,0,2,2,1,0,1,0,0,0,0,3,0,4,0,3,4,2,3,1,5,2,2,0,1,9,1,0,1,0,1,0,0,3,0,0,9,8,0,3,3,2,2,1,0,0,3,0,1,0,0,0,1,11,2,0,1,3
1,0,0,2,1,1,0,0,3,7,0,2,1,2,7,1,2,2,5,1,1,1,1,0,2,0,4,0,0,0,1,0,2,0,1,0,0,0,0,0,1,0,7,1,8,27,4,1,8,0,1,0,0,3,1,0,16,3,1,2,15,3,4,7,6,2,0,1,6,0,4,1,0,2,3,0,0,3,0,3,2,1,0,1,2,0,7,1,1,7,7,0,6,0,0,0,1,8,0,0,0,0,0,0,0,0,9,1,1,1,0,1,2,2,0,0,1,0,0,0,1,2,1,0,0,1,0,3,1,0,0,0,1,0,0,0,1,0,1,0,0,0,2,0,0,0,0,0,0,0,0,0,0,0,0,0,0,0,0,0,0,0,0,8,6,6,4,1,0,8,0,0,4,1,5,0,2,0,2,9,0,1,0,0,6,0,2,0,0,2,3,4,11,1,1,4,3,0,0,4,2,0,2,0,0,1,1,2,0,1,2,2,0,4,0,1,2,0,1,2,1,0,0,10,2,0,1,1,1,1,0,0,1,1,8,10,0,4,3,0,1,1,1,0,5,1,1,0,0,2,5,5,0,1,1,4
0,0,0,0,2,0,1,4,6,10,1,2,0,1,10,3,1,3,5,2,0,2,1,0,5,0,4,0,2,1,0,1,2,0,2,0,0,0,0,1,4,2,6,0,9,39,1,1,11,4,2,1,1,0,1,1,20,1,0,5,17,5,9,6,1,1,1,1,4,1,2,0,2,0,1,0,1,1,0,4,0,0,0,3,2,1,2,0,1,5,5,2,12,2,0,0,1,11,0,2,0,1,1,1,1,0,12,0,1,0,1,0,0,0,0,0,3,0,0,0,0,1,0,0,0,0,0,0,2,0,0,2,1,0,1,0,0,1,0,2,0,0,0,0,2,0,0,0,1,0,0,0,0,1,0,0,0,0,2,1,0,0,0,7,2,1,6,2,2,5,3,0,4,1,1,0,0,0,1,7,2,0,0,0,1,0,0,0,1,6,1,6,11,3,3,5,4,2,1,1,0,1,3,0,1,0,0,2,0,4,0,5,1,4,0,1,8,1,2,3,2,3,0,9,0,0,0,1,1,1,0,0,0,0,4,17,0,0,2,0,2,1,0,0,1,2,1,0,0,1,5,5,0,0,0,4
0,0,0,1,0,2,1,1,4,10,0,5,1,0,8,1,5,7,16,7,3,7,0,0,5,2,11,1,2,0,2,0,0,1,3,0,0,0,0,0,7,1,6,0,10,40,7,0,10,2,1,1,0,1,1,3,25,2,0,2,18,5,5,6,6,2,1,0,11,1,5,1,0,2,1,0,1,2,0,3,3,1,1,2,2,1,1,0,5,4,6,2,9,8,0,8,0,9,1,3,1,1,0,1,0,2,8,2,4,1,0,2,2,2,0,2,6,1,0,0,0,0,2,0,0,0,2,1,0,0,1,1,4,0,2,4,0,2,4,3,2,0,3,2,6,0,0,0,7,1,0,1,0,2,0,1,0,5,1,1,3,0,1,8,7,1,4,2,1,8,2,2,4,1,5,1,0,0,2,21,2,2,1,1,5,2,1,0,5,7,12,1,9,0,0,4,0,0,1,0,3,0,1,0,0,0,1,0,1,1,1,1,0,3,3,0,3,1,5,2,0,1,0,7,3,3,4,1,3,3,0,5,1,0,9,18,2,2,8,1,5,2,0,5,3,0,2,0,1,4,7,5,0,1,7,9
1,0,1,0,2,0,0,2,2,10,1,0,0,1,10,1,7,5,7,4,1,2,1,0,4,1,5,0,2,0,0,0,0,3,3,2,0,1,0,0,1,0,7,0,8,34,4,0,9,0,3,0,0,2,0,0,23,1,2,2,18,3,8,4,3,1,0,0,4,0,5,0,0,1,2,0,1,2,0,1,0,0,0,3,0,0,1,0,1,5,8,0,8,0,1,4,0,9,0,2,1,3,0,0,0,1,9,1,1,1,1,1,0,1,0,0,0,0,2,0,2,0,0,0,0,2,0,1,0,2,0,0,2,0,1,0,0,0,0,0,0,1,1,0,1,0,1,0,4,3,0,1,0,2,0,0,1,0,3,1,0,1,0,6,4,2,3,1,0,9,6,1,5,1,5,0,0,1,1,17,1,1,0,1,4,0,2,0,0,3,2,9,11,0,1,4,2,1,2,2,2,1,2,0,2,0,0,1,1,0,2,1,1,4,0,0,2,0,4,5,1,0,1,11,1,0,1,0,2,0,0,5,0,0,2,14,0,0,3,0,3,0,0,1,3,0,1,0,0,2,8,5,0,0,0,6
1,0,0,0,0,0,0,1,6,7,1,0,0,3,7,5,3,4,13,0,0,5,0,1,2,0,2,0,1,0,0,0,1,0,3,0,1,0,0,0,2,0,8,0,9,29,1,0,8,0,0,0,2,0,4,0,15,5,0,1,17,8,10,2,2,0,2,1,3,0,6,1,0,0,0,0,1,4,0,1,1,0,1,0,0,0,3,1,0,7,9,2,6,0,1,0,0,7,1,1,0,2,0,0,0,6,9,0,0,1,0,7,2,2,0,2,2,0,0,0,4,0,1,1,7,2,0,1,1,0,1,0,0,1,0,1,1,2,1,1,0,2,0,0,1,0,1,2,5,3,0,1,0,0,0,0,1,1,1,0,1,2,0,5,2,0,3,0,0,11,1,0,4,0,3,1,2,0,0,12,3,3,0,1,6,2,0,9,0,1,1,8,8,0,0,5,0,1,2,0,1,0,2,0,2,0,2,2,1,2,0,1,0,6,1,4,3,0,2,5,1,0,1,9,1,0,2,0,0,5,0,2,0,1,8,10,1,2,3,0,2,0,0,1,3,2,3,0,0,1,3,11,0,0,0,8
1,1,0,0,1,0,0,1,1,17,1,6,0,0,13,1,0,1,10,4,1,1,0,0,3,2,2,0,0,1,0,2,0,1,3,1,2,0,0,0,9,0,5,1,4,43,9,0,12,1,1,2,0,2,0,0,25,3,1,0,18,2,10,7,4,0,0,2,4,0,1,0,2,1,0,0,0,1,0,0,1,0,1,2,1,0,1,0,0,2,5,0,12,1,0,2,0,12,1,2,1,0,0,0,0,0,14,0,3,1,1,1,1,0,1,0,2,0,1,0,0,0,1,0,0,1,0,0,2,1,0,0,1,0,3,0,1,0,2,0,0,0,1,0,1,0,0,0,3,2,0,0,0,0,0,0,0,0,0,2,0,0,1,11,2,0,5,2,0,5,6,0,6,1,5,0,0,0,1,12,0,0,0,0,1,0,1,0,0,3,1,5,13,2,0,4,4,0,0,0,5,0,3,0,1,0,1,3,0,2,0,2,0,3,0,1,5,0,3,2,3,0,0,6,0,0,0,0,0,1,0,2,0,0,3,17,2,0,3,0,3,0,0,0,2,1,1,0,0,1,3,2,0,0,2,1
0,0,0,0,1,0,0,0,2,14,0,3,0,2,12,2,1,0,7,0,0,4,1,1,2,0,1,0,0,0,1,0,0,0,6,0,1,0,0,0,1,2,2,3,3,47,3,2,14,3,0,1,1,2,1,0,29,1,1,2,12,2,5,3,2,0,0,0,2,0,4,0,0,0,2,0,2,2,0,2,2,0,1,0,1,0,2,2,2,4,3,1,11,3,0,4,1,12,0,2,0,0,0,1,0,0,12,2,1,1,0,1,0,1,2,2,0,0,0,0,0,0,1,0,0,0,0,2,0,3,0,0,2,0,2,0,0,0,0,1,1,1,1,1,2,0,0,1,2,1,0,1,1,1,0,0,4,1,0,0,0,0,0,9,1,1,0,1,0,2,4,0,5,1,2,0,1,1,1,2,0,2,0,0,4,0,1,0,0,3,0,6,14,2,1,0,1,3,0,2,2,0,2,0,2,1,2,1,0,1,1,4,1,0,0,2,5,0,2,1,1,0,0,1,0,0,0,1,2,1,1,3,0,0,3,21,1,1,6,4,1,1,0,2,4,0,1,0,0,1,6,1,1,1,1,5
1,0,0,0,2,0,0,1,8,10,0,5,0,1,9,3,2,7,9,6,2,2,3,0,8,4,5,0,0,0,1,1,2,1,3,1,1,0,0,0,6,0,5,0,7,34,1,0,11,0,0,1,0,1,3,0,18,3,1,3,14,1,8,4,2,1,0,1,1,0,1,1,1,1,1,0,2,1,1,4,4,1,0,1,0,1,1,1,0,5,5,0,6,2,0,2,0,11,1,1,0,0,0,0,1,0,12,1,0,3,0,4,0,0,1,0,3,2,0,0,0,1,2,0,2,2,1,0,0,0,0,2,3,0,1,0,0,1,1,0,0,1,1,0,2,0,0,0,3,3,0,0,1,0,0,2,0,0,0,0,3,0,0,6,4,3,3,2,1,6,2,1,1,0,2,0,0,0,0,17,0,7,0,0,2,2,3,0,1,0,1,1,10,0,0,3,2,1,0,3,0,0,3,0,1,0,2,0,3,4,1,3,0,4,3,2,2,0,3,2,0,0,0,6,1,0,3,0,1,2,0,7,0,0,9,13,1,2,2,0,3,0,0,0,2,1,2,0,0,1,5,7,0,2,1,2
1,0,0,0,0,0,0,1,6,12,3,1,0,0,11,1,0,3,11,2,3,3,3,0,3,1,1,0,0,1,0,0,0,0,7,0,0,0,0,0,5,1,5,0,4,50,3,2,14,0,1,2,0,1,1,1,35,0,3,2,19,2,6,11,2,0,0,0,1,1,2,0,0,2,0,0,0,2,0,0,1,0,0,1,0,0,0,0,1,5,4,2,5,1,0,2,2,13,0,0,0,0,1,1,0,0,14,1,0,1,0,1,1,0,2,0,2,0,0,0,2,0,3,0,0,0,0,2,1,1,0,1,2,0,1,1,0,1,0,0,1,1,0,0,2,1,0,1,2,2,1,0,0,0,0,0,0,0,0,0,1,0,0,8,1,2,15,1,0,5,5,0,3,0,1,0,0,0,2,9,1,1,1,0,5,0,0,0,0,3,0,8,14,2,0,4,0,3,1,0,1,0,3,0,0,1,1,2,1,0,0,3,0,1,0,0,2,0,0,0,2,1,0,2,0,0,2,0,0,0,0,7,1,0,7,26,1,0,2,6,6,5,0,2,3,1,4,0,0,1,9,4,1,0,4,5
1,0,0,0,1,0,0,1,2,10,0,3,1,0,10,0,3,2,4,3,1,0,0,0,4,1,5,1,1,2,2,0,1,0,9,0,1,1,0,0,1,0,7,0,11,33,2,2,10,0,0,1,0,0,1,0,20,2,0,0,18,4,9,4,5,1,1,1,1,0,12,0,1,1,7,0,1,2,0,3,1,1,0,0,1,0,2,1,1,8,6,2,14,2,1,2,2,10,0,1,0,2,0,0,0,0,11,1,1,1,0,1,1,0,0,0,1,0,0,0,0,0,2,0,0,1,1,0,1,3,1,1,3,0,0,2,0,0,0,0,1,0,2,0,4,0,0,0,3,3,2,0,0,1,1,0,0,0,0,0,1,0,0,4,5,0,2,1,1,7,5,1,4,0,5,1,2,0,0,13,1,0,0,0,2,2,2,2,0,1,2,8,10,1,0,2,1,1,0,0,4,0,3,0,2,2,0,0,1,2,0,1,1,2,2,2,0,0,7,2,2,0,0,12,0,0,1,0,0,1,0,3,0,0,4,9,0,2,5,3,1,3,0,2,4,1,0,0,0,2,1,3,0,0,0,6
0,0,0,0,0,0,0,2,2,14,3,3,0,0,11,1,2,3,8,2,2,3,3,0,4,2,2,1,0,0,1,0,2,0,5,0,0,0,0,0,3,0,4,0,5,40,3,1,10,2,0,0,1,0,0,0,28,0,0,7,16,0,7,6,1,0,0,0,2,0,3,0,0,0,6,0,2,0,1,4,1,0,0,0,0,0,3,0,0,5,4,1,6,0,0,3,2,11,1,1,0,0,3,0,0,0,11,2,0,1,0,0,3,2,0,0,0,0,0,0,0,1,3,0,0,0,0,1,0,0,0,1,3,0,0,0,2,1,3,0,0,0,0,1,3,0,0,1,3,1,0,1,1,1,0,0,0,0,3,1,1,0,0,7,5,2,7,2,0,5,3,2,6,0,4,2,1,0,2,4,1,2,1,0,1,1,0,1,2,0,4,3,14,2,1,1,4,1,1,1,1,1,1,0,2,0,1,1,0,3,1,2,0,1,0,2,0,0,2,1,2,0,0,7,0,0,1,0,2,3,0,3,0,1,4,20,1,0,4,0,0,5,0,2,5,4,0,1,2,5,7,5,0,0,2,2
1,0,2,0,1,2,0,0,4,11,2,4,1,1,10,1,7,10,12,5,3,2,0,0,4,3,4,0,3,1,1,0,2,2,9,2,0,1,1,0,3,1,7,0,12,33,3,1,10,2,0,0,1,1,3,1,24,2,0,2,18,4,16,9,3,3,0,2,5,0,5,2,3,1,0,0,4,3,1,3,1,1,0,2,0,0,0,2,2,3,9,1,10,0,0,0,2,9,0,2,0,1,1,0,0,0,10,1,1,0,0,5,0,0,0,0,5,0,0,0,4,2,2,0,1,2,0,0,0,1,0,0,3,0,0,1,0,0,0,3,1,1,2,0,4,0,0,0,2,2,1,0,0,2,1,0,0,0,1,0,2,1,0,7,6,2,6,1,0,10,5,0,2,0,5,0,1,1,2,31,2,3,1,0,11,3,2,0,0,5,3,5,10,0,1,3,1,0,0,2,3,0,4,0,0,2,6,1,0,3,1,1,0,4,2,4,2,0,4,1,0,0,0,14,3,1,1,0,1,2,0,2,0,1,7,9,0,1,4,0,2,2,0,2,2,0,0,4,0,1,1,8,1,1,6,4
0,0,0,0,0,1,0,2,8,12,0,3,0,0,9,3,2,5,11,2,0,3,0,0,9,0,0,0,0,0,0,0,3,1,5,2,1,0,0,0,4,0,8,0,11,40,5,2,12,0,1,1,0,0,2,0,29,4,1,0,16,1,7,8,3,1,1,0,1,0,3,1,1,1,0,0,2,3,0,1,0,1,0,0,0,0,1,0,0,5,7,0,6,1,1,0,1,10,0,2,0,1,2,0,0,1,10,0,0,1,1,0,1,0,0,1,3,1,0,0,1,1,2,0,0,0,0,0,0,0,0,2,0,0,2,0,0,0,1,0,0,0,2,0,4,0,0,0,2,1,1,1,0,0,0,0,1,1,1,0,1,0,0,9,7,0,2,6,1,6,0,1,4,0,3,0,1,0,1,10,1,1,1,0,2,1,2,0,0,1,0,6,10,0,0,2,5,0,0,0,0,0,4,0,0,0,0,0,1,5,4,0,0,3,2,1,2,0,1,1,1,1,0,8,0,0,2,0,0,1,0,1,0,0,1,16,0,0,4,0,4,1,0,0,3,0,0,0,0,0,4,3,0,0,1,5
3,0,1,0,2,1,0,3,1,10,0,3,1,1,12,0,3,4,11,1,1,3,1,0,1,2,6,0,2,1,0,0,1,2,2,0,0,0,1,0,6,1,5,1,8,34,3,0,12,0,0,0,1,0,1,0,23,1,0,2,19,4,9,7,4,1,2,1,4,0,8,0,1,0,3,0,0,2,0,2,2,0,0,2,2,0,5,0,1,11,6,4,8,3,1,2,0,10,0,0,0,0,0,0,0,0,10,2,0,0,2,0,0,1,0,1,3,0,0,1,0,3,0,0,0,1,1,0,0,0,1,1,1,0,2,0,1,0,0,0,0,2,1,0,0,0,1,0,3,3,1,1,0,0,0,1,1,3,0,0,0,0,0,8,2,2,5,0,0,7,3,0,0,0,2,0,0,1,1,12,0,1,1,0,3,0,0,0,0,0,0,4,11,1,1,2,1,1,0,1,2,0,1,1,0,0,1,4,0,3,0,2,0,2,0,2,1,0,0,2,0,0,0,9,0,0,0,0,0,0,0,0,0,0,2,13,0,0,4,0,0,1,1,0,2,0,4,1,1,1,4,3,0,0,4,5
0,0,0,0,1,0,0,3,2,10,1,2,0,0,10,4,4,4,11,1,0,3,0,0,1,0,7,2,2,0,0,0,1,1,3,3,0,0,0,0,4,1,4,0,7,40,4,1,12,1,1,1,1,1,2,0,31,1,0,2,19,1,5,7,7,1,0,1,4,0,4,0,0,0,5,0,0,1,0,3,1,0,0,1,0,3,1,0,1,10,6,1,11,0,0,3,3,11,0,1,0,0,1,0,0,2,10,4,0,0,2,1,1,1,0,0,0,0,0,0,0,1,1,0,0,0,0,0,2,0,0,0,1,0,2,2,0,1,2,0,0,0,2,1,2,0,0,1,3,0,2,0,1,0,0,2,0,1,0,0,2,0,0,13,2,0,3,3,0,7,3,1,3,0,1,0,0,1,0,14,0,2,0,0,2,0,1,2,0,3,0,4,12,0,3,1,0,0,0,0,0,0,1,0,0,0,1,1,0,2,3,2,0,2,1,0,3,0,6,0,2,1,0,8,0,0,0,0,3,0,0,2,0,0,7,13,1,3,3,0,2,2,0,0,3,0,1,1,0,1,4,4,0,0,0,4
1,0,0,2,2,0,0,1,3,8,0,1,0,2,11,3,1,9,4,1,2,4,1,0,3,0,6,0,0,0,0,0,0,0,7,0,0,0,1,0,3,0,8,1,9,29,0,2,9,0,1,2,0,1,0,1,18,4,0,2,19,4,11,3,2,0,0,0,1,0,9,1,0,0,3,0,1,6,1,6,0,0,0,1,1,0,1,0,0,2,7,0,9,0,0,2,1,9,0,1,1,2,0,0,0,2,8,1,3,1,0,1,0,0,0,0,3,0,0,0,2,0,2,0,0,1,0,0,1,0,0,0,2,0,2,0,0,0,0,1,0,0,1,1,0,0,0,0,3,4,0,1,0,3,0,0,1,0,0,1,0,0,0,6,2,2,3,1,1,7,0,0,4,0,0,0,0,0,2,10,0,0,0,0,4,0,1,0,0,1,1,2,9,0,0,6,1,1,0,0,2,1,3,0,0,0,2,0,0,3,0,2,1,5,1,0,4,0,1,6,3,0,0,9,1,0,0,0,0,3,0,4,0,1,6,13,0,3,2,2,0,1,0,1,3,2,0,0,0,1,3,3,0,0,0,4
1,1,1,0,2,0,0,0,1,6,0,1,0,0,7,1,5,10,11,2,2,3,5,0,1,0,6,0,0,0,3,1,3,1,3,1,0,0,0,0,2,0,7,0,9,24,4,0,8,0,1,1,0,1,2,1,18,6,1,3,18,1,10,10,0,3,0,1,2,1,2,0,3,0,0,0,0,3,0,1,2,1,1,4,0,0,5,0,0,4,9,0,7,0,2,2,2,10,0,0,0,0,0,1,1,2,7,2,0,2,2,0,0,0,1,0,3,0,1,0,3,0,1,0,2,0,1,0,2,1,1,0,3,1,1,1,1,2,0,6,2,0,0,0,4,0,1,0,2,1,2,2,2,0,0,1,2,0,0,2,0,0,0,9,5,1,6,1,0,9,4,1,2,2,2,0,2,1,0,18,1,3,0,1,3,1,1,0,1,1,1,1,7,0,1,6,0,0,2,0,1,1,2,0,2,0,1,1,0,2,2,0,0,7,0,0,0,0,7,2,2,0,0,5,2,1,1,5,3,5,0,0,0,2,14,11,0,0,3,0,1,4,0,2,2,2,1,0,0,0,5,7,1,1,1,3
0,1,0,0,0,0,2,3,1,12,3,3,0,0,11,3,2,2,10,0,1,5,0,0,4,1,0,1,0,0,3,0,0,1,8,0,0,0,0,1,4,1,6,0,5,49,3,1,12,0,0,1,1,0,1,0,29,3,1,2,18,3,5,5,1,0,0,0,2,1,2,1,0,0,1,0,3,2,1,1,0,1,0,2,0,0,0,0,0,9,4,6,9,2,0,4,4,12,0,1,0,0,0,0,0,0,12,1,1,1,1,0,0,0,0,1,3,1,0,0,0,0,3,0,1,0,0,0,0,2,0,1,1,0,8,0,0,0,2,0,0,0,1,0,1,0,1,1,6,2,0,0,0,0,0,0,0,0,0,0,1,0,3,9,4,0,6,2,2,3,4,0,5,0,2,0,1,0,1,5,0,0,1,0,4,1,0,0,0,2,2,8,13,0,0,2,2,0,1,0,2,0,2,0,1,0,1,1,2,1,0,0,0,3,2,0,1,1,0,1,0,0,0,2,0,1,1,0,3,1,0,1,0,0,7,19,0,0,1,1,2,2,0,3,2,0,1,2,0,3,8,3,2,1,1,3
2,0,1,0,1,0,1,2,2,11,1,2,0,0,9,1,4,1,6,0,0,3,0,0,4,0,4,0,0,0,2,0,0,2,3,1,1,0,0,0,5,0,4,0,4,31,5,0,9,1,2,0,1,0,5,1,20,2,2,2,15,3,4,11,6,1,2,1,2,1,2,0,6,0,2,1,1,4,1,1,1,2,0,1,1,2,2,0,0,6,4,0,1,2,2,1,1,9,2,1,0,1,3,1,0,0,10,5,0,1,2,1,1,0,0,2,1,0,3,0,4,2,1,1,1,0,0,0,2,1,1,0,5,0,2,1,0,2,2,2,0,0,0,2,1,1,0,0,4,1,0,0,0,0,0,4,0,2,1,1,1,0,0,5,3,0,5,4,4,4,2,1,6,1,3,0,1,1,1,3,0,4,1,0,0,0,0,0,0,5,3,4,10,0,0,3,1,5,2,3,1,0,7,1,1,1,1,0,2,3,0,0,0,2,2,2,1,1,3,0,3,2,0,9,0,0,3,0,3,3,0,2,1,1,0,10,0,1,1,0,2,1,1,2,0,1,2,0,2,1,3,3,0,1,1,4
1,1,0,0,1,4,0,1,1,6,3,2,0,0,7,1,5,7,5,1,1,2,1,0,1,2,3,0,2,0,1,0,1,1,4,0,0,0,0,0,0,1,6,0,12,27,2,4,10,1,0,1,0,1,4,0,17,3,0,4,19,4,10,4,0,0,0,0,0,0,2,0,0,0,0,1,2,1,0,2,0,0,1,1,1,0,1,0,1,2,9,2,8,2,0,1,1,9,0,0,0,0,0,0,2,1,8,2,0,0,3,0,1,0,1,1,4,0,0,0,0,0,3,0,0,0,0,0,1,1,0,1,5,0,0,1,0,1,1,1,0,0,3,1,0,0,0,0,3,0,1,0,0,1,1,0,0,0,3,0,1,0,0,3,5,1,1,0,1,10,2,0,2,0,4,1,1,0,0,17,0,0,0,0,1,1,3,4,2,0,0,7,8,1,1,1,1,0,0,1,1,1,2,0,0,0,1,2,0,3,0,1,0,1,4,0,2,0,5,0,2,0,0,7,0,2,2,1,1,1,0,3,0,3,5,10,0,2,9,0,0,1,0,0,4,2,2,0,3,0,2,7,0,0,0,7
2,0,1,0,1,1,3,1,2,7,0,5,0,2,13,2,4,3,8,2,1,2,0,0,3,0,6,1,2,0,2,0,1,1,2,0,1,0,0,1,5,3,7,0,5,34,2,0,8,3,1,0,1,2,2,0,28,3,0,0,13,3,7,7,6,1,0,0,2,1,6,0,0,0,0,0,0,0,2,3,2,0,0,0,2,0,3,1,2,6,5,2,10,2,0,3,1,7,0,1,0,0,2,1,0,0,8,0,0,0,2,4,4,0,0,0,1,0,0,0,0,1,0,0,0,2,1,1,0,0,1,0,2,0,0,0,1,1,2,0,0,1,1,1,1,0,1,1,4,0,0,1,2,0,1,0,0,0,6,2,0,0,2,3,2,7,5,2,1,7,4,0,4,0,6,0,1,0,1,8,2,0,0,0,4,1,1,2,0,5,2,4,10,0,4,6,4,0,1,3,3,2,1,0,1,0,1,2,0,2,0,3,1,6,3,2,2,0,1,2,1,1,0,10,1,0,1,0,0,3,0,3,0,1,7,23,2,1,1,0,4,2,1,2,4,2,3,0,1,1,8,6,0,2,3,2
1,0,0,0,1,0,1,1,3,11,1,3,0,1,7,2,3,3,4,3,1,4,0,0,2,0,6,0,0,0,0,0,2,0,2,0,0,0,0,0,7,0,5,0,11,34,4,2,11,0,2,1,0,2,1,0,23,3,0,2,18,1,7,9,3,1,1,1,6,0,1,0,0,3,1,0,1,2,0,0,0,0,0,3,2,1,1,1,1,7,6,3,9,3,3,2,0,13,0,2,1,1,0,0,0,0,9,0,1,0,0,1,1,0,0,0,1,0,1,0,0,0,1,0,0,0,0,0,0,0,0,0,3,0,3,0,1,3,1,1,0,1,3,1,2,0,0,0,3,3,0,0,0,3,0,3,0,0,0,0,0,0,2,5,8,0,3,3,0,7,2,2,1,0,3,3,0,0,1,11,1,1,3,0,0,0,1,0,0,2,2,8,11,1,0,3,5,1,1,0,1,2,6,0,0,0,1,0,3,2,1,1,0,3,1,1,3,2,7,1,1,0,0,4,2,1,1,0,1,2,0,2,0,1,5,11,0,0,2,1,3,1,0,0,3,1,0,5,0,0,2,3,0,0,2,2
1,0,0,1,3,1,1,3,1,14,0,4,0,0,9,2,2,4,12,2,2,4,1,0,6,0,8,2,2,0,4,0,0,0,6,0,0,1,1,0,4,0,8,0,9,32,6,0,10,2,2,0,0,0,2,0,23,1,0,2,21,3,8,7,3,0,0,0,1,2,2,0,0,2,0,0,1,1,0,0,0,1,0,0,1,0,1,0,1,7,6,0,7,1,1,4,2,10,0,1,0,0,1,0,0,0,11,0,2,0,0,1,0,0,0,1,2,0,0,0,4,0,2,0,0,1,0,0,0,1,0,0,2,0,3,0,1,1,2,1,0,1,1,0,0,0,1,0,7,1,1,0,0,0,1,0,0,0,1,0,1,0,0,8,4,0,5,3,1,9,1,1,2,0,3,1,0,0,0,12,1,0,1,0,1,1,1,1,0,3,0,6,13,0,2,1,1,0,1,0,2,1,6,1,1,0,2,2,0,4,1,1,1,2,1,0,2,0,2,0,1,0,1,13,0,1,1,0,0,0,0,4,1,0,5,12,2,1,5,0,2,2,1,0,4,0,1,0,0,2,3,4,0,0,1,6
0,0,1,0,1,0,1,4,2,13,0,3,1,0,10,1,4,3,8,0,0,8,3,0,4,0,3,0,1,0,0,0,1,5,5,2,0,0,1,0,6,1,3,0,8,48,3,2,12,3,4,1,0,0,1,2,29,3,4,0,15,3,7,5,2,3,1,1,0,0,3,0,0,0,0,2,1,5,0,2,2,0,0,2,0,0,3,1,2,4,4,0,9,3,2,2,0,12,0,0,1,0,0,0,0,0,12,0,0,1,0,0,0,5,0,0,1,0,0,0,0,0,1,0,0,1,0,1,1,1,0,0,1,0,4,0,1,1,1,1,0,0,0,0,0,0,1,0,2,6,2,1,0,1,0,1,2,0,3,0,0,0,3,11,3,0,11,4,1,4,2,0,3,0,1,0,0,0,2,5,2,3,2,0,2,1,0,1,0,5,0,7,12,0,1,1,1,1,0,0,2,0,1,0,0,0,0,1,0,1,0,2,0,1,0,1,2,0,2,1,1,1,0,6,0,0,1,0,1,6,0,1,1,0,2,25,1,2,4,2,3,0,2,5,2,1,0,0,2,6,9,4,0,0,0,5
0,0,1,0,0,0,0,3,7,12,4,5,0,1,11,1,6,6,10,1,4,8,0,0,4,4,2,0,1,1,0,0,1,3,0,0,0,0,0,0,6,0,3,0,5,42,9,2,12,0,4,1,0,0,1,0,33,2,0,4,20,1,6,7,4,2,0,0,0,0,5,0,0,0,0,1,0,3,0,5,0,0,0,1,0,0,1,0,1,4,3,0,6,3,0,2,4,13,0,0,0,0,0,0,1,0,14,5,0,2,3,0,1,0,0,0,0,0,0,1,0,0,3,0,0,0,0,0,0,0,0,0,1,0,1,0,0,0,1,0,0,0,0,0,0,0,0,0,2,3,0,0,1,1,0,0,0,0,0,1,0,0,0,10,4,4,6,1,1,5,3,1,1,1,2,0,2,0,2,9,1,0,1,0,2,1,0,0,0,3,0,1,13,2,1,1,1,1,0,0,2,0,5,0,0,0,0,1,0,6,2,2,0,1,0,3,3,2,8,0,0,0,0,6,0,0,0,0,3,2,0,4,0,1,3,14,0,1,2,0,2,3,0,0,2,3,1,0,1,4,3,3,0,0,0,2
4,1,0,0,1,0,0,2,6,10,1,5,0,1,10,1,9,10,6,3,0,1,0,0,3,0,5,2,1,1,0,0,3,5,3,0,0,1,0,0,5,1,11,0,10,34,1,0,8,0,1,1,0,1,2,1,20,1,0,1,17,3,11,5,1,1,0,4,2,3,3,1,0,1,1,0,1,3,0,0,0,0,0,3,1,1,2,0,0,2,9,2,3,3,1,1,1,8,3,2,1,1,2,0,0,1,8,1,0,0,0,0,1,0,0,2,2,0,3,0,4,0,0,0,3,0,1,0,1,0,0,0,3,0,1,1,1,0,1,0,0,1,1,0,1,1,0,0,2,0,0,1,1,0,1,1,0,0,1,2,2,0,0,2,4,1,2,1,0,9,0,0,2,0,4,0,0,0,0,15,0,2,1,0,3,0,2,2,1,0,3,7,8,0,0,5,2,0,0,2,1,0,4,1,4,0,1,0,0,7,1,8,0,8,5,1,3,0,5,3,1,2,0,11,1,1,1,1,2,0,0,1,1,0,7,12,0,3,4,0,5,0,0,0,4,1,0,1,0,0,3,7,0,0,1,7
2,0,0,0,0,0,0,2,4,14,1,3,1,1,12,1,4,6,11,3,3,5,0,0,4,1,2,1,1,0,1,0,2,0,2,0,0,4,1,0,6,0,3,0,3,46,3,4,12,3,2,0,0,0,0,0,26,2,5,1,17,3,3,8,1,0,1,0,6,1,4,0,0,6,3,0,0,3,0,6,0,1,0,0,0,0,0,1,1,3,3,0,7,2,0,2,2,12,0,1,0,1,0,0,0,0,13,1,0,1,0,0,0,0,0,0,2,0,1,0,0,0,1,0,1,0,0,3,0,1,0,1,7,0,4,2,0,0,0,1,0,0,0,0,1,1,0,0,7,0,1,0,0,1,0,0,0,0,0,1,0,0,0,9,1,1,2,4,5,4,0,1,3,0,2,0,2,0,3,9,0,1,0,0,2,0,0,0,0,5,3,6,14,1,1,3,3,1,0,1,3,1,2,0,0,0,1,2,1,2,4,3,0,4,3,1,3,0,2,2,0,1,0,4,0,0,2,1,2,3,0,2,0,0,4,19,3,0,0,1,2,1,0,1,0,0,1,0,0,1,10,3,1,0,1,3
2,0,2,0,4,0,0,1,2,11,0,2,1,1,9,0,1,2,7,0,2,6,0,0,4,2,2,0,1,3,1,1,1,1,7,1,0,1,0,0,5,2,4,0,5,37,6,1,11,0,2,0,1,0,2,0,22,1,0,0,20,2,6,7,5,3,0,1,1,0,1,0,0,2,2,0,4,3,0,1,3,0,0,0,0,0,0,2,1,7,5,1,6,0,1,3,3,10,0,0,1,0,1,1,0,0,10,1,0,0,2,0,0,0,0,0,1,0,0,0,0,0,1,0,0,0,0,0,3,1,0,1,8,0,1,0,0,1,1,1,1,1,0,1,6,0,0,0,6,0,3,1,1,0,0,2,0,0,2,2,0,0,0,7,1,1,2,1,0,7,3,3,2,0,2,0,2,0,0,2,1,3,2,0,2,0,0,0,1,1,1,6,10,0,1,1,1,0,0,1,2,0,2,1,0,0,0,0,1,1,1,0,1,2,1,2,2,0,0,1,3,0,0,4,0,0,0,1,1,0,0,2,0,0,2,10,2,2,8,0,2,1,1,1,2,1,0,0,0,1,7,5,0,0,1,4
0,0,0,0,1,0,0,2,8,13,0,4,0,0,12,3,5,5,10,5,1,2,0,0,4,0,3,0,0,0,4,0,2,0,1,0,0,0,0,0,5,0,5,0,6,46,3,2,12,0,1,0,0,0,2,2,26,1,2,1,17,1,4,10,5,0,1,0,1,0,5,0,0,0,2,0,1,1,0,3,0,1,1,1,1,0,1,0,0,6,4,0,6,1,0,2,2,12,0,0,0,2,1,0,0,2,12,2,2,0,1,0,0,1,0,0,3,0,0,0,0,2,1,0,0,2,2,1,2,0,1,1,2,0,1,0,0,0,1,1,1,2,0,0,0,0,1,0,2,0,0,1,0,0,0,0,1,0,0,0,2,0,0,5,4,0,4,1,0,6,1,0,3,0,4,0,1,0,0,11,1,1,0,0,0,0,4,0,0,3,0,3,12,0,0,3,1,0,0,0,10,0,3,0,1,0,0,1,0,6,0,1,1,4,5,0,2,0,2,1,4,1,1,2,0,0,2,0,1,0,1,4,0,1,3,12,0,0,1,3,1,1,0,1,1,2,2,1,0,1,4,5,0,0,1,2
0,2,0,0,1,0,0,0,1,10,1,0,0,0,11,3,2,6,13,0,0,6,0,0,4,1,2,0,1,0,0,0,0,0,10,0,0,1,0,1,5,0,6,0,6,38,4,0,10,0,2,0,0,0,0,0,25,1,1,5,16,2,9,11,5,2,3,3,4,0,3,0,1,0,2,0,3,1,0,3,0,0,0,0,2,0,0,0,0,3,7,3,9,0,0,2,2,10,0,2,0,1,3,0,0,1,12,3,5,2,0,1,2,1,2,0,1,0,1,0,0,0,1,2,0,1,0,1,0,0,0,1,4,0,2,0,0,0,0,0,0,5,1,0,0,0,0,0,7,1,0,1,0,1,0,0,0,0,1,0,1,0,0,11,6,0,2,0,1,9,3,1,5,0,2,1,0,1,0,11,4,2,0,1,3,0,0,0,0,2,4,5,11,0,1,2,0,0,0,0,0,0,2,0,0,1,0,1,0,1,1,2,2,4,2,0,2,0,3,4,1,0,0,6,0,2,0,1,0,0,0,3,0,2,4,14,0,1,5,0,1,1,1,1,2,3,1,0,1,2,6,8,0,0,0,5
0,0,0,1,2,0,0,3,2,9,0,4,0,0,10,3,3,3,11,2,2,2,1,0,5,2,2,1,1,0,0,0,1,2,13,2,0,0,0,0,9,3,6,0,10,42,5,0,9,0,2,0,1,0,3,0,25,2,2,2,17,2,9,9,4,0,0,0,7,0,6,1,0,1,2,0,2,4,1,3,0,0,0,2,1,0,1,1,2,3,6,3,12,0,0,2,2,9,1,1,3,0,2,0,0,0,11,0,2,3,0,3,1,2,1,2,0,0,1,0,0,0,2,0,1,0,1,0,1,0,0,1,6,0,0,0,0,0,0,1,0,1,1,0,1,0,0,0,6,3,0,3,0,0,1,1,1,1,0,1,1,0,1,2,3,1,5,2,0,7,4,0,2,0,7,1,1,0,4,10,0,0,0,0,4,0,0,0,0,5,3,8,11,0,0,3,5,0,1,2,0,0,3,0,3,0,1,3,0,1,2,1,0,3,1,4,3,0,0,2,2,0,0,9,1,1,0,0,0,1,0,2,0,0,7,24,0,0,4,1,1,0,2,3,1,0,1,1,0,3,6,5,0,0,0,3
1,0,1,1,0,0,0,4,3,11,1,2,0,1,9,2,1,5,9,1,1,8,0,1,5,0,1,1,1,2,1,1,2,1,2,0,0,0,0,0,3,1,5,0,5,33,3,3,12,0,3,0,0,1,2,1,21,1,1,0,18,3,5,5,3,0,2,1,2,0,3,0,0,0,1,0,0,8,0,1,1,0,0,2,0,0,1,1,1,2,6,0,11,2,0,0,0,10,0,1,0,0,0,3,0,1,12,2,0,1,0,0,0,0,0,1,2,0,0,0,1,1,2,0,2,1,0,0,2,0,1,1,0,1,2,0,2,1,0,0,0,0,2,0,3,0,1,1,1,2,0,0,0,0,0,0,2,1,0,1,0,0,0,5,3,0,4,3,3,6,1,2,3,1,1,1,0,2,0,6,2,0,2,0,5,0,3,0,0,3,0,4,11,2,1,2,2,3,0,1,1,0,1,0,1,1,1,1,0,3,0,3,0,2,5,0,5,0,4,1,1,2,0,5,0,0,1,1,1,1,0,1,0,0,4,5,2,2,3,5,5,0,0,1,2,0,0,0,0,0,4,5,1,0,3,5
1,0,1,0,1,0,0,7,6,13,2,4,0,0,11,2,7,2,9,5,0,5,0,0,5,1,4,0,0,1,1,0,1,3,3,0,1,1,0,0,3,2,8,1,8,44,2,1,12,0,2,0,0,1,1,3,29,2,0,2,18,4,8,7,0,2,1,1,2,0,2,0,1,1,2,0,3,2,0,5,0,0,0,2,0,0,1,0,2,4,6,2,8,1,1,3,0,12,0,0,0,0,1,0,0,0,11,1,2,1,0,0,1,1,0,1,3,0,0,0,1,1,3,0,0,0,0,1,0,0,0,2,0,0,2,0,0,0,0,0,0,0,1,0,0,0,0,0,1,1,0,0,0,0,0,1,1,0,0,0,0,0,2,6,2,0,4,1,2,5,0,0,1,0,2,0,1,0,0,7,3,0,0,0,4,0,1,2,1,2,2,6,12,0,1,5,0,0,0,1,3,0,5,0,1,0,1,0,0,4,1,1,0,3,3,1,9,0,2,3,0,0,0,6,1,2,2,0,1,0,0,4,1,1,5,20,1,2,4,0,6,2,0,2,1,0,0,0,0,0,10,5,0,1,0,1
1,0,0,0,1,0,0,1,1,10,0,0,0,2,9,0,4,4,11,1,1,5,0,0,1,1,7,2,2,0,1,1,1,1,0,0,0,0,1,2,2,0,5,0,6,31,2,1,10,0,2,0,1,3,3,0,20,0,0,0,16,3,8,7,5,0,0,0,7,1,4,0,1,0,2,0,0,1,0,2,1,0,1,3,0,0,2,0,0,5,5,3,8,3,0,1,2,9,0,0,0,0,0,0,0,2,9,3,0,0,0,5,1,0,0,0,2,1,0,0,3,0,0,1,2,0,1,0,0,3,0,1,5,0,3,0,0,0,1,0,0,0,0,0,1,0,4,0,4,1,1,0,0,0,0,0,0,0,0,1,1,0,0,5,4,0,5,0,0,5,4,0,3,0,4,0,2,0,0,10,1,1,0,1,3,0,2,0,0,3,1,5,11,0,0,2,4,0,1,2,4,1,2,0,2,0,0,2,1,3,0,1,0,3,2,0,4,0,8,2,0,1,0,11,1,0,0,0,1,0,0,0,1,0,4,7,0,0,4,1,0,2,0,0,5,5,1,1,0,1,3,5,0,1,1,5
0,0,1,0,1,1,0,1,2,14,1,2,0,0,11,1,5,5,9,0,0,6,4,0,4,0,1,0,2,0,0,0,0,0,0,1,0,0,0,1,2,0,4,0,5,33,2,0,12,3,1,0,0,1,1,0,20,0,0,2,18,4,7,6,2,1,2,2,0,0,5,0,1,1,1,0,0,1,0,1,2,0,0,2,0,0,4,0,1,2,5,0,9,2,2,2,2,11,0,0,1,0,0,0,0,1,12,1,1,0,1,0,1,1,1,0,4,0,0,0,2,0,3,0,0,0,1,0,1,1,0,0,3,0,3,0,0,1,4,2,0,1,1,0,3,0,0,0,5,2,0,0,1,1,0,0,0,2,1,0,0,1,0,7,4,1,7,1,0,6,1,0,1,0,3,0,0,0,0,7,2,0,0,0,1,1,0,0,0,3,2,5,12,1,0,1,1,1,0,0,0,1,3,0,0,0,0,3,1,4,0,1,1,3,0,1,1,0,2,1,1,0,0,8,0,0,0,0,1,1,0,0,0,1,4,10,1,0,3,0,1,3,0,0,1,1,0,0,0,3,7,3,1,0,3,3
1,2,0,0,1,0,0,3,2,9,1,1,0,0,9,3,1,4,11,3,0,3,1,0,2,0,3,0,0,0,1,0,3,2,1,3,0,1,0,0,0,1,7,1,8,32,9,1,9,1,0,1,1,3,2,1,23,2,1,1,15,2,7,7,2,1,0,1,4,0,3,0,1,4,2,2,1,1,0,3,0,0,0,3,1,0,4,1,0,4,8,0,11,0,1,1,0,9,0,0,1,1,1,0,2,4,9,4,1,0,3,0,2,1,0,1,4,0,1,0,2,0,0,0,1,0,0,0,0,2,2,0,2,1,3,5,2,1,0,2,1,0,1,0,5,0,1,1,3,3,0,3,0,0,0,2,0,0,2,1,2,0,1,5,5,4,6,1,3,8,2,0,3,0,5,0,1,0,2,11,1,2,0,0,3,1,1,2,3,1,2,2,10,0,2,1,0,1,2,0,1,1,3,0,1,0,0,0,1,3,2,1,0,4,0,2,0,0,1,1,1,1,0,7,1,0,2,0,1,6,0,2,0,0,4,10,1,1,5,1,0,0,0,1,7,1,1,0,0,0,3,2,0,1,2,6
0,0,0,0,2,0,0,2,2,12,0,6,0,0,11,3,5,1,11,2,1,7,0,0,5,1,1,0,1,2,0,1,1,2,6,0,0,0,0,0,3,1,5,0,8,50,7,2,10,0,2,0,0,0,1,3,33,0,0,2,18,3,7,5,11,1,1,0,1,2,5,1,0,0,3,0,0,3,1,3,1,0,1,3,0,0,3,0,1,3,5,1,13,1,1,1,4,11,0,1,0,0,1,0,0,0,16,1,2,2,1,2,2,3,0,1,5,0,0,0,0,1,0,1,0,0,0,0,0,1,0,1,0,0,1,0,1,0,1,0,0,0,1,0,1,0,1,0,3,2,2,0,0,0,0,2,1,1,2,0,0,1,0,9,5,1,6,2,0,9,3,0,2,0,4,0,1,1,1,11,1,1,2,0,7,0,1,1,1,2,2,5,11,2,1,2,3,0,0,1,1,0,2,0,0,1,1,1,1,5,0,0,1,3,0,1,5,0,5,1,3,1,0,10,0,0,0,1,0,7,0,10,1,2,5,18,3,3,4,0,5,1,0,2,3,1,2,2,2,6,9,6,0,1,6,5
0,0,1,1,2,0,0,4,1,11,1,2,0,2,9,1,2,2,5,0,0,3,0,0,5,1,13,0,0,0,0,0,1,1,0,0,0,2,0,0,3,1,8,0,9,39,2,0,11,4,1,0,0,0,1,0,26,5,0,0,16,4,9,9,2,1,0,4,1,0,5,1,1,1,0,0,0,3,0,4,1,0,0,3,1,0,6,0,3,6,6,0,7,0,0,3,1,10,1,1,1,1,0,0,0,0,12,1,2,1,1,2,0,0,0,0,0,0,0,0,0,0,0,0,0,0,0,1,1,0,0,1,0,0,1,1,0,2,1,0,0,0,1,0,1,0,0,2,1,2,0,0,0,0,1,0,0,1,0,0,0,0,0,5,3,0,2,1,0,9,2,1,6,0,4,0,0,1,2,10,1,0,0,1,2,0,0,0,0,3,1,8,11,1,1,2,4,0,0,0,1,0,4,1,2,0,0,0,0,2,0,1,1,2,0,2,6,1,2,2,0,1,0,17,0,0,1,1,0,0,0,1,0,0,3,13,0,0,5,0,1,4,0,1,3,3,0,0,0,0,5,2,1,1,1,4
1,3,0,0,0,1,0,0,4,9,7,1,0,5,8,1,5,5,10,1,3,3,0,0,5,3,3,0,2,0,0,0,1,0,2,0,1,0,0,0,0,3,5,0,7,30,6,1,11,1,1,2,0,0,0,0,17,1,0,4,21,2,6,6,1,1,1,2,3,0,6,0,2,1,2,0,1,0,1,1,1,0,1,1,0,0,3,0,4,3,8,1,8,0,1,2,2,9,0,1,0,2,2,0,0,0,8,0,1,0,1,0,1,1,0,1,1,2,0,0,2,0,4,1,0,0,0,0,4,3,1,0,1,0,2,1,0,0,1,0,1,2,0,1,1,0,0,0,7,1,0,0,0,0,0,0,0,3,1,0,1,0,1,7,5,2,2,0,2,7,0,1,2,3,5,0,1,0,1,10,2,1,0,0,1,1,0,1,0,1,2,7,8,0,1,3,4,0,0,0,3,0,4,0,1,0,1,1,0,2,0,0,0,5,2,0,2,0,1,3,1,0,1,5,0,1,2,1,0,0,0,2,1,0,5,8,0,4,2,0,5,3,0,1,2,0,0,1,0,1,3,1,0,1,3,3
0,0,0,0,1,0,0,1,0,8,1,3,0,1,7,0,1,5,8,2,0,0,0,0,3,1,1,0,0,0,0,0,0,0,3,0,0,0,0,0,4,1,7,0,8,26,2,2,8,1,1,0,0,3,2,0,19,8,3,1,19,1,10,4,2,1,1,1,1,1,5,0,0,0,2,1,0,3,0,3,0,0,0,4,0,1,3,1,1,5,9,2,11,1,0,3,1,7,0,0,0,0,2,0,0,2,8,0,1,0,0,0,0,0,0,1,6,0,0,1,0,0,1,0,0,0,0,1,0,1,2,1,3,0,0,0,0,0,0,0,0,2,1,0,0,2,1,1,4,2,0,0,0,0,2,1,0,0,3,0,2,0,0,3,8,3,1,0,2,7,5,2,4,1,4,0,1,0,0,12,0,3,0,0,3,0,3,0,0,1,0,4,7,1,1,3,0,2,0,1,0,0,2,0,0,0,0,0,0,1,2,2,0,3,2,1,3,0,4,2,1,1,0,13,0,0,4,0,2,9,3,5,0,1,9,10,2,4,5,2,1,2,0,0,3,0,0,2,2,4,4,14,0,0,0,8
0,0,1,0,0,0,0,2,4,13,0,1,0,1,11,1,2,6,10,3,1,1,1,0,6,1,1,0,0,0,0,0,1,0,4,0,0,0,0,2,3,3,3,0,7,48,5,2,13,1,2,0,0,1,3,0,31,0,2,3,16,2,3,8,7,0,0,1,8,0,5,0,0,2,0,0,2,3,0,2,1,0,1,3,0,0,0,1,4,7,5,1,7,0,0,1,1,11,0,1,0,0,0,0,0,0,11,0,0,0,2,0,0,0,0,0,3,0,0,2,0,0,2,0,0,0,0,1,1,0,0,1,2,0,3,0,0,0,2,0,0,1,2,0,0,0,0,0,3,0,0,0,0,0,0,0,1,0,1,0,0,0,0,4,2,1,5,1,1,5,6,1,5,0,1,1,0,0,2,13,1,1,0,0,4,0,0,0,0,1,2,5,12,0,0,3,2,1,1,0,0,1,1,0,1,0,0,3,1,2,1,0,2,3,0,4,3,0,6,2,0,0,0,6,1,0,2,2,0,4,0,0,0,0,6,23,0,4,2,0,2,3,0,1,0,2,0,2,0,0,10,8,0,0,3,3
1,0,0,0,0,0,0,0,4,10,1,3,0,0,11,2,3,6,7,1,4,3,1,0,1,2,1,0,1,1,2,1,12,0,4,1,0,1,0,0,3,2,4,0,5,43,6,2,11,0,0,1,0,1,0,1,29,4,0,1,17,1,4,5,2,2,0,2,3,0,9,0,6,1,3,0,0,3,1,3,0,1,0,1,0,0,2,0,2,4,3,1,12,1,1,1,2,11,1,0,1,1,2,0,0,1,11,1,0,1,0,4,0,0,2,2,0,1,0,1,2,1,3,1,0,1,0,0,0,1,0,0,0,0,1,4,0,3,0,0,0,0,1,2,2,0,0,0,3,0,1,0,0,0,0,5,0,0,0,2,0,2,0,8,1,2,5,0,0,4,4,0,1,0,4,1,1,0,0,8,0,1,1,2,1,1,1,0,0,2,1,6,11,1,0,0,1,0,1,0,8,0,3,0,5,0,1,7,0,2,2,0,0,2,3,0,3,2,4,0,2,1,0,9,0,1,1,0,0,3,0,2,0,0,8,13,4,2,3,0,1,1,1,5,1,3,3,0,1,3,4,5,0,2,0,5
0,1,0,0,0,0,1,5,7,13,2,4,0,2,8,4,7,1,9,0,0,6,1,0,4,0,5,0,1,3,0,0,3,1,11,0,1,0,0,2,4,2,2,1,6,50,3,2,14,0,5,0,0,0,0,1,35,0,4,2,16,4,5,7,1,0,0,0,3,2,6,1,1,3,3,0,0,3,0,3,0,0,0,0,0,1,1,1,1,5,3,6,17,1,0,2,1,14,0,1,0,0,2,1,0,0,14,1,1,0,0,1,1,2,1,1,6,0,0,0,0,0,0,0,0,0,0,0,0,0,0,1,4,0,2,0,0,0,2,3,0,1,0,1,0,1,0,0,7,1,1,0,1,0,0,0,1,0,0,0,0,0,0,10,2,1,6,3,2,7,1,1,3,0,2,1,0,1,0,8,0,0,0,0,1,2,0,2,0,1,0,5,14,0,0,1,2,4,0,0,0,0,1,0,0,0,1,1,0,3,1,0,0,2,0,3,2,0,2,1,0,0,0,5,1,0,4,0,5,4,0,2,1,0,0,19,0,0,2,1,5,3,0,6,1,1,1,1,0,0,6,2,0,0,4,3
2,0,1,0,1,0,0,0,2,11,0,5,0,0,11,1,2,2,13,1,0,9,1,0,7,0,3,0,0,0,0,0,4,0,0,1,0,0,2,1,6,1,5,0,3,41,3,0,13,1,1,0,2,0,4,0,24,2,0,1,20,0,6,3,4,1,0,0,11,0,15,0,0,0,1,2,1,1,0,1,0,1,0,0,2,1,1,0,1,4,3,0,11,0,0,1,3,12,0,1,1,0,0,2,0,0,13,3,0,1,0,1,1,0,0,0,1,0,0,0,2,0,1,0,1,3,1,0,0,0,0,0,1,0,1,0,1,1,0,1,1,2,0,0,4,0,0,0,6,0,2,2,0,0,1,1,0,1,0,1,0,0,0,12,4,0,5,0,0,4,2,0,5,1,2,0,1,1,1,8,1,1,0,0,1,0,1,0,0,2,0,6,13,0,1,3,1,2,1,0,3,2,4,0,0,0,1,1,0,2,2,2,0,2,1,0,3,0,2,3,0,0,0,4,0,0,0,2,0,0,0,0,1,1,3,17,0,4,1,0,0,0,1,6,4,1,1,0,0,3,3,3,0,0,5,2
