1,10,0,5,7,12,2,0,13,71,10,5,0,3,0,10,3,0,0,1,3,0,5,3,5,1,4,5,1,1,7,2,10,0,2,0,1,10,10,3,5,1,0,1,9,2,2,9,3,5,3,8,2,0,4,0,5,4,1,13,3,14,8,6,15,12,10,0,0,4,0,1,2,1,5,1,4,1,5,2,1,12,4,1,2,24,0,0,1,8,0,2,1,3,4,6,6,0,8,2,0,4,0,1,4,1,2,5,1,3,21,3,1,57,21,1,2,9,9,1,3,3,0,3,3,0,2,3,0,0,10,6,0,0,0,1,1,0,5,6,0,4,1,6,1,0,29,0,2,6,4,6,3,19,1,2,3,32,4,4,2,0,7,2,2,13,1,9,15,1,9,10,11,0,9,0,1,1,13,1,1,5,2,10,2,1,2,2,13,3,2,7,4,8,3,0,0,2,4,2,2,3,2,2,2,0,3,0,0,0,0,2,15,4,3,0,2,2,9,17,1,2,6,1,0,1,10,1,6,0,3,1,0,3,1,6,10,0,1,8,0,5,1,10,0,58,2,15,3,3,0,1,6,1,0,1
13,5,0,2,1,4,2,0,5,71,8,3,0,2,0,10,9,1,1,2,4,1,2,2,1,0,3,3,4,0,3,8,7,0,1,0,0,9,5,0,1,0,0,0,2,0,0,7,0,2,0,10,2,1,0,0,5,2,0,4,3,16,3,9,7,13,15,1,2,1,0,0,5,1,8,1,6,2,2,1,0,19,1,2,4,20,0,1,1,12,2,2,0,22,3,8,9,2,2,0,4,3,2,3,15,7,0,2,0,1,18,4,1,60,4,0,4,1,3,1,3,10,0,3,3,2,1,10,1,0,5,3,0,0,6,0,2,0,2,2,0,2,1,2,1,0,5,0,0,3,2,5,1,10,0,1,1,14,2,1,4,1,2,3,1,13,2,8,10,1,10,17,11,2,2,0,18,48,9,0,0,10,1,9,1,0,0,2,13,20,5,10,3,4,2,0,1,1,4,5,2,0,0,0,2,4,1,1,0,1,0,1,9,4,0,0,0,2,1,4,3,7,3,0,0,3,3,0,4,0,1,0,0,0,0,8,8,1,1,7,2,8,0,8,0,9,2,4,4,0,1,3,4,0,3,3
1,8,0,1,0,3,2,5,7,33,10,4,2,3,3,19,4,1,0,3,5,0,1,4,2,1,6,0,0,0,6,4,23,0,0,1,19,8,5,2,3,2,2,1,12,1,2,8,4,0,2,15,3,1,1,4,2,5,2,16,0,12,1,7,9,27,9,0,1,1,0,0,0,0,2,0,12,0,0,2,5,44,2,4,2,15,2,0,1,12,4,0,0,12,1,7,1,1,0,0,52,1,3,0,1,9,0,4,0,0,5,4,4,40,6,1,0,12,1,5,0,8,1,8,6,1,0,8,1,2,0,2,0,5,1,1,0,4,2,3,0,1,0,4,0,4,4,0,1,4,2,4,0,23,0,2,4,1,1,2,4,2,9,3,2,16,3,8,11,0,8,8,9,2,4,1,1,8,12,0,0,7,12,7,0,2,0,0,18,2,6,6,0,4,2,0,0,1,5,6,4,3,1,1,1,2,3,0,1,5,3,0,3,2,0,3,1,0,5,5,2,0,14,3,0,1,7,0,2,2,5,0,1,0,3,7,8,1,1,7,4,7,0,6,0,6,0,4,2,0,1,0,6,0,1,3
5,6,0,3,0,1,1,10,5,26,14,4,0,3,1,40,0,0,0,3,5,0,2,0,2,2,5,2,1,0,3,3,12,1,1,1,2,13,7,0,2,1,0,1,7,13,0,10,0,27,3,9,3,6,1,0,7,5,0,5,1,13,3,3,9,4,12,0,0,2,1,2,2,0,3,0,16,4,4,0,1,12,17,1,0,9,0,1,0,15,0,2,1,0,0,5,4,2,1,0,0,9,1,3,1,3,1,3,1,3,38,3,2,65,10,5,1,6,5,0,0,4,2,1,5,3,0,6,0,0,0,0,0,2,4,2,1,0,1,4,2,3,0,1,0,2,20,1,1,2,0,20,0,13,2,2,2,10,3,1,4,0,4,2,2,15,4,8,16,0,6,13,18,3,7,1,9,0,12,1,0,4,5,7,4,3,0,6,13,2,3,8,4,8,1,0,1,3,2,7,2,1,2,0,0,1,0,0,0,0,0,1,3,2,5,5,5,1,3,3,0,1,2,0,0,1,14,4,4,0,3,0,0,1,0,4,11,3,4,6,2,5,0,3,1,5,4,5,1,1,1,1,15,2,4,2
3,4,1,3,0,4,0,4,3,25,12,5,4,7,0,31,0,2,0,4,9,3,2,4,0,1,2,1,0,0,3,2,15,0,1,1,14,11,7,0,1,1,1,0,1,2,0,14,0,0,0,15,3,1,1,5,5,1,0,0,3,13,0,5,9,9,11,1,8,2,0,1,2,0,3,0,17,0,2,0,1,15,7,1,1,9,0,0,1,6,0,1,0,29,1,10,0,0,1,4,1,0,2,0,0,3,0,2,0,2,4,0,2,29,32,4,1,5,5,0,0,7,0,3,4,0,2,6,0,1,2,0,0,4,1,1,0,2,1,5,1,1,1,3,1,1,25,2,0,8,3,5,7,19,5,4,1,0,2,29,1,1,4,2,3,24,3,5,23,0,6,11,13,0,4,1,5,2,11,0,3,5,9,7,1,3,0,8,12,11,6,5,5,10,4,0,0,6,2,4,3,3,2,0,0,3,2,0,1,0,2,2,20,4,0,0,1,1,15,4,2,3,2,2,0,5,6,1,1,2,2,0,0,1,1,7,12,1,0,8,2,6,0,6,0,5,0,6,4,0,0,1,9,2,2,5
4,2,1,1,2,1,2,0,8,49,4,2,0,1,0,10,1,0,0,13,0,0,0,2,5,0,2,0,6,0,1,1,4,1,2,1,2,4,1,2,2,3,0,0,9,1,1,4,2,2,0,13,2,0,1,0,4,5,2,2,1,15,1,12,11,11,5,1,3,1,0,1,2,1,4,2,20,0,2,3,0,20,9,0,2,10,3,0,5,16,2,0,3,7,0,1,1,0,0,0,0,4,0,4,3,3,0,5,1,0,22,1,3,65,21,2,7,3,1,5,6,15,1,1,3,2,1,9,0,0,0,0,0,4,0,3,1,0,2,0,0,3,1,6,0,2,21,0,2,3,4,13,1,14,0,1,1,4,0,3,5,2,3,2,1,7,4,7,7,2,15,4,5,6,2,2,3,1,5,1,0,15,12,15,1,1,0,2,17,13,5,15,3,4,0,0,1,2,0,2,2,3,1,2,1,2,2,0,4,0,0,2,8,1,3,0,2,0,4,3,1,0,7,2,0,4,4,1,4,2,3,0,1,1,1,13,4,1,1,8,0,12,1,12,0,24,2,0,5,0,1,0,3,0,3,7
2,7,2,2,2,6,0,7,3,30,9,7,4,1,1,20,0,0,1,2,8,1,3,2,3,1,3,2,2,0,3,3,16,3,0,1,8,9,4,1,1,1,0,0,4,1,2,10,0,0,1,15,1,0,1,4,4,4,0,0,1,16,3,8,8,6,9,0,1,2,0,0,1,1,2,0,12,1,1,1,0,16,1,2,2,14,0,1,5,9,0,1,1,12,1,9,1,1,1,23,0,1,1,0,2,11,4,1,1,0,1,4,5,39,41,1,2,7,4,0,1,8,0,6,5,2,5,6,0,1,0,1,1,4,1,3,2,3,5,1,0,4,1,6,0,1,17,0,0,10,5,3,0,21,5,1,1,2,1,19,2,1,1,3,2,15,1,5,21,0,7,11,10,2,3,0,1,0,13,0,2,8,6,8,1,2,0,2,16,15,0,8,6,6,6,3,4,9,0,5,4,1,1,0,4,0,1,1,2,0,3,0,11,3,0,0,3,4,17,5,2,0,3,1,0,4,3,3,3,1,0,0,1,0,0,7,9,2,0,7,1,6,1,6,0,5,0,4,3,0,1,4,7,0,3,2
4,10,1,11,3,4,2,4,1,44,10,5,0,0,1,25,1,0,0,2,1,2,1,2,2,1,1,3,0,1,5,4,19,0,1,1,1,8,9,0,3,0,3,1,6,0,3,10,1,2,1,11,2,0,0,2,7,2,0,4,3,18,0,9,8,8,8,0,0,4,0,1,0,0,3,0,19,1,1,0,0,10,2,1,1,16,0,1,1,16,1,0,1,4,2,3,3,1,2,1,1,1,3,1,5,11,0,6,0,1,29,1,5,41,9,3,2,15,11,1,2,10,2,3,1,2,1,10,7,2,2,2,0,8,1,1,0,0,1,2,0,5,2,3,1,2,39,0,0,5,4,9,0,30,0,0,6,10,0,1,4,0,5,2,4,18,5,5,12,3,10,8,9,1,4,1,8,0,11,0,2,8,2,9,1,2,0,3,17,3,1,8,8,4,3,4,0,1,2,0,6,2,1,0,1,10,4,3,0,8,2,4,23,4,0,2,1,5,0,11,1,2,7,3,0,2,6,0,7,0,3,0,0,1,0,7,8,0,1,7,1,8,0,8,0,8,2,1,4,0,0,0,6,0,2,1
0,8,2,3,1,2,3,5,6,29,11,2,1,5,0,29,2,0,3,1,9,7,0,5,3,6,3,1,1,3,2,7,12,1,0,1,2,10,2,3,2,2,2,1,2,6,2,11,0,0,3,12,0,2,1,4,3,8,0,2,1,15,6,6,11,6,9,0,0,0,2,0,0,2,1,0,36,0,0,1,0,12,8,3,0,13,1,0,2,12,2,1,1,3,2,4,3,2,1,3,3,1,5,1,5,1,0,3,1,1,24,4,6,42,13,1,2,8,4,1,0,7,0,3,1,2,1,4,2,1,2,1,0,2,1,0,0,1,2,1,2,0,4,0,1,2,35,0,0,10,1,4,2,14,3,1,1,3,1,2,6,1,4,4,0,16,4,7,18,3,8,11,13,2,8,3,4,0,10,0,5,7,2,10,0,0,0,5,17,2,5,7,6,9,8,2,1,6,2,3,2,5,1,1,0,2,1,1,2,0,0,2,10,0,5,3,1,0,3,8,0,2,5,2,0,2,6,0,4,1,5,0,1,0,1,8,10,1,0,9,4,14,1,7,0,7,0,1,5,1,1,2,9,0,4,3
6,13,0,2,4,5,2,0,7,51,8,4,0,2,1,33,1,1,0,0,2,34,2,3,0,1,1,2,2,0,5,3,7,1,0,1,7,7,5,0,0,3,0,2,7,0,3,8,2,1,0,15,1,2,1,0,2,5,2,2,1,18,0,10,8,9,8,2,3,1,1,0,1,2,3,0,11,4,3,1,1,15,7,0,2,9,0,1,0,12,0,0,7,7,0,4,1,0,0,1,0,0,1,3,5,8,0,1,1,5,2,1,1,36,15,0,0,3,8,1,2,11,1,4,2,1,0,9,0,3,1,1,0,1,10,4,0,0,1,0,2,2,12,7,8,2,16,0,0,1,1,4,0,29,1,3,0,11,2,3,5,0,4,4,3,15,4,3,18,0,11,8,10,0,10,1,9,1,8,0,2,11,9,11,1,4,1,1,14,3,3,9,2,6,3,1,0,1,1,5,4,2,2,5,0,6,4,1,0,1,0,2,9,3,0,0,6,2,1,12,1,3,4,0,0,2,3,1,2,0,1,2,0,0,0,9,6,1,0,5,0,9,1,9,0,8,1,0,2,0,0,0,4,0,1,1
1,1,0,1,1,4,2,6,1,45,7,7,2,1,0,25,1,4,3,4,6,2,2,0,1,0,2,1,0,0,5,3,18,0,0,1,9,6,2,1,3,1,1,3,8,1,2,7,1,0,0,15,2,0,0,6,2,4,1,0,1,12,0,10,5,8,7,2,3,2,0,0,1,0,1,1,14,3,1,2,0,17,1,1,1,11,0,2,0,12,1,1,1,7,1,3,2,5,2,4,0,0,0,0,0,17,0,5,0,1,3,1,2,3,16,1,1,4,2,1,0,10,0,6,1,1,3,9,2,6,3,0,0,5,4,0,2,2,0,4,0,2,0,6,3,1,19,0,0,4,8,2,1,30,0,6,1,2,3,10,5,0,1,0,3,14,5,6,7,2,13,6,6,0,6,0,7,0,8,5,0,9,13,12,2,2,1,10,14,5,1,14,8,4,2,0,2,3,5,8,4,0,2,1,0,3,2,0,0,1,3,2,15,0,0,3,4,1,5,2,0,0,8,5,0,6,5,0,4,1,5,1,0,3,2,10,7,1,2,8,1,10,0,9,0,8,1,8,3,0,0,0,8,1,2,2
0,4,5,4,1,5,0,0,6,49,8,3,4,4,3,26,5,2,1,3,6,0,2,2,1,0,6,0,0,0,1,3,9,0,2,2,2,9,14,4,6,4,1,0,10,1,3,8,1,0,0,16,2,3,0,5,12,3,2,0,1,26,3,11,9,7,11,0,0,1,0,3,2,2,1,0,30,5,4,1,1,16,6,2,1,13,0,1,2,11,0,2,1,2,0,10,1,2,1,1,1,2,0,2,0,8,1,0,0,2,2,3,1,12,3,0,8,3,3,0,4,7,1,9,2,1,0,6,0,0,0,0,0,2,3,1,0,1,0,0,0,0,7,2,1,0,9,0,1,4,5,1,1,19,0,2,0,0,1,0,3,0,1,4,1,15,10,3,3,1,13,8,10,1,19,2,3,3,8,0,1,9,6,12,1,2,0,1,23,5,6,10,6,4,1,5,0,3,3,3,1,0,0,0,1,3,4,0,4,0,0,1,6,0,1,1,2,2,2,1,2,6,1,2,0,2,7,0,2,3,4,1,0,1,0,7,7,1,0,3,0,9,1,9,1,8,1,7,5,1,0,3,9,1,2,4
1,10,0,2,3,1,0,4,5,56,14,0,1,8,1,16,0,0,0,0,8,7,0,3,2,0,3,2,2,2,4,8,11,2,1,4,0,9,10,2,9,10,0,2,4,2,4,10,4,2,1,12,3,3,0,0,3,2,2,5,4,30,2,6,7,5,12,0,2,0,0,3,3,0,3,0,3,3,7,7,2,15,0,4,0,6,0,2,4,8,1,8,0,5,2,6,0,1,0,1,8,0,5,3,0,14,0,0,0,0,2,7,2,12,10,2,0,3,4,2,0,1,0,20,0,0,1,3,0,0,8,2,1,5,3,7,1,5,8,15,1,1,1,1,0,0,6,1,0,2,0,6,3,4,0,1,0,0,2,1,2,0,6,2,7,15,2,5,18,1,5,11,12,0,4,3,0,7,14,2,0,9,2,9,1,0,2,9,15,1,9,7,3,13,3,1,5,6,5,7,2,4,1,2,0,0,4,1,2,0,0,2,8,0,1,0,0,1,5,6,0,7,7,0,1,16,5,2,7,0,5,1,2,0,0,5,10,3,2,9,2,5,2,3,0,4,1,0,4,0,1,8,10,1,2,3
14,4,2,1,1,2,0,0,1,53,9,0,0,1,0,23,3,0,0,3,4,2,0,6,5,1,0,1,1,1,2,3,9,0,0,6,1,10,6,1,0,1,0,0,5,2,2,12,0,8,2,12,3,1,0,1,4,3,0,2,0,15,8,7,12,4,10,0,1,0,0,2,3,0,2,0,3,1,1,0,2,10,0,0,2,9,0,0,0,9,1,0,0,0,1,6,1,0,0,25,0,0,1,2,3,5,1,2,5,0,7,0,1,45,36,1,0,1,6,1,3,6,1,6,0,1,3,4,0,1,2,5,0,6,2,2,0,1,18,2,2,4,0,0,5,0,24,0,0,9,3,4,1,9,0,1,1,2,0,0,3,1,1,0,2,13,3,10,12,0,9,9,9,0,3,0,1,3,12,2,0,8,1,10,2,0,0,3,15,3,0,12,4,6,1,8,0,5,1,2,2,1,2,0,1,1,1,1,0,0,1,2,29,1,0,0,1,1,11,3,2,1,3,1,0,1,6,0,4,0,0,2,0,3,0,7,10,0,1,8,2,7,2,7,0,5,0,5,1,0,0,0,8,1,2,1
1,9,0,3,2,5,1,6,4,47,9,3,4,0,2,18,1,2,0,1,5,1,4,4,7,3,9,2,3,0,5,9,19,0,0,0,6,8,3,1,1,1,0,0,0,7,2,8,4,0,0,11,1,3,2,1,2,2,3,10,0,17,4,7,9,5,8,0,0,2,0,0,1,0,5,1,18,0,0,0,0,14,1,1,1,10,3,0,1,14,0,0,2,5,0,5,1,0,0,1,1,1,1,0,1,8,2,7,0,0,23,1,4,56,17,5,3,8,4,0,1,11,1,10,2,1,1,7,3,0,7,3,0,11,3,1,1,0,12,1,5,1,1,1,0,3,22,0,3,7,2,4,1,23,0,1,1,16,1,0,2,1,0,3,3,15,1,5,10,1,8,10,9,0,3,1,0,4,8,1,3,7,1,8,1,3,0,2,11,2,7,8,9,8,2,0,0,10,1,5,3,6,2,0,1,1,1,0,0,0,4,3,21,4,0,1,4,5,3,3,4,0,4,1,0,2,4,4,9,2,0,0,3,1,3,8,11,1,0,6,1,8,3,7,1,16,1,0,3,0,1,5,13,0,3,9
0,12,2,0,3,5,0,0,4,19,12,5,1,1,0,18,3,0,0,0,6,10,0,4,4,1,2,4,3,0,3,6,12,1,4,2,1,12,7,4,8,13,3,1,1,0,2,9,0,1,4,9,3,5,0,0,19,1,0,8,0,25,2,4,12,4,12,0,2,2,0,3,2,0,3,8,6,0,0,0,5,16,0,2,0,4,1,2,4,12,1,4,1,0,1,6,1,2,2,1,0,0,1,1,1,7,3,0,0,0,15,5,1,32,12,0,0,1,3,1,0,4,4,10,2,0,1,8,0,0,0,3,0,1,4,1,3,1,3,9,0,0,1,0,1,2,8,2,0,3,1,9,0,11,1,3,0,0,3,2,2,2,2,1,0,25,3,7,20,1,14,12,12,3,6,4,1,2,15,1,1,9,0,7,2,0,1,4,21,6,4,6,2,20,9,5,2,3,10,3,4,3,2,0,2,0,1,1,0,0,0,3,0,1,4,1,0,1,3,2,0,5,4,0,5,5,10,2,2,2,0,0,2,1,0,4,13,2,2,7,1,5,1,4,1,8,1,1,5,0,3,2,10,0,0,8
9,12,0,0,0,4,1,1,32,58,12,3,1,2,2,12,2,0,0,0,8,0,3,0,1,2,3,0,1,0,2,2,11,0,0,1,1,10,8,0,9,1,0,0,14,0,0,12,5,4,0,8,1,0,0,0,4,5,0,5,1,14,1,6,10,5,10,0,0,3,0,3,3,0,3,1,1,1,1,0,3,10,2,2,0,10,0,0,2,10,0,2,0,3,1,6,0,0,0,1,0,0,2,6,2,7,0,4,2,0,5,4,0,59,13,0,0,2,6,6,1,7,0,6,0,1,0,8,1,0,0,2,0,0,6,0,1,0,9,13,0,5,0,5,9,0,29,0,1,3,1,3,0,5,1,5,0,2,2,4,3,1,4,3,4,11,0,6,16,2,8,10,10,0,4,1,1,1,12,1,2,6,2,7,2,0,1,4,17,1,8,6,3,6,1,0,0,11,1,6,5,1,0,2,0,2,0,1,4,11,0,1,41,0,1,1,1,1,2,3,4,4,0,0,0,3,6,0,1,0,0,1,0,6,2,5,11,1,2,6,1,6,1,6,3,8,1,1,3,0,0,6,5,0,9,4
1,9,1,2,0,6,5,1,8,38,8,1,4,2,1,10,1,0,0,0,8,4,0,1,1,0,0,0,0,0,4,2,6,0,1,2,3,8,16,2,4,7,2,1,6,10,3,7,2,0,5,10,1,1,0,0,30,1,0,3,4,47,3,10,7,8,9,0,3,0,2,1,2,1,2,1,7,0,4,1,0,11,4,2,0,6,0,0,1,11,1,6,2,0,1,7,0,2,2,22,1,0,7,5,0,1,1,2,0,1,9,2,0,41,8,0,0,5,3,1,0,9,0,15,0,0,0,5,0,0,1,3,0,3,3,12,1,2,3,6,0,4,3,1,0,0,16,0,1,5,1,6,0,8,0,2,7,1,2,2,2,1,1,0,6,12,5,5,7,0,11,7,9,0,1,1,0,0,14,1,0,8,1,10,3,4,0,3,17,3,5,11,7,7,6,1,1,6,6,6,0,3,1,5,0,0,1,0,1,0,2,1,7,1,0,0,2,3,1,4,3,4,5,0,3,0,5,2,3,1,0,1,2,0,1,8,7,1,1,7,1,10,0,8,0,5,0,5,2,1,0,5,6,0,0,3
2,13,3,3,3,2,1,2,5,56,12,6,0,0,1,17,12,1,0,0,11,2,2,0,4,0,3,0,4,0,1,11,10,0,0,0,2,11,10,0,0,1,2,0,2,4,3,11,0,1,6,9,3,2,0,0,7,4,1,0,0,17,0,5,11,4,13,2,5,2,0,0,1,1,7,3,5,1,3,0,3,44,4,0,2,7,0,3,0,10,7,4,0,15,3,13,1,0,0,1,2,2,5,2,5,10,1,2,0,0,8,1,1,55,14,1,0,1,3,0,1,8,1,6,2,3,2,7,0,0,1,0,0,0,2,2,0,1,0,1,1,0,0,0,0,0,8,0,0,4,2,3,0,9,0,1,1,0,0,2,3,0,14,0,1,14,2,6,14,6,6,12,12,1,3,0,1,8,13,2,4,6,14,11,0,0,0,6,14,9,2,6,2,2,2,0,0,3,2,5,3,1,3,0,1,2,3,0,0,0,3,2,3,2,1,1,1,1,6,4,0,3,3,0,0,1,1,1,0,0,0,0,1,1,1,5,12,0,1,10,0,6,1,4,0,4,0,2,4,0,0,1,7,1,0,3
2,7,1,5,1,1,4,0,5,39,11,3,1,0,2,14,1,1,0,2,4,0,1,1,3,0,5,1,1,0,4,3,15,1,1,0,1,11,6,0,1,0,1,2,3,5,3,11,2,13,3,11,0,0,0,0,9,4,2,12,2,14,5,5,10,7,19,0,13,0,0,0,0,1,1,0,7,2,2,0,2,12,2,1,2,4,0,0,0,7,0,0,22,9,0,9,2,0,0,2,0,5,3,1,4,6,0,3,0,1,23,4,0,65,16,2,0,4,7,1,1,7,0,6,1,1,0,11,0,0,7,1,0,2,0,3,4,2,2,0,24,2,1,3,0,2,9,0,1,4,2,19,0,11,4,0,2,9,2,13,3,1,4,0,2,15,1,8,17,0,7,12,14,2,14,1,2,0,13,0,1,5,1,8,1,0,0,3,11,3,5,12,4,3,3,0,0,2,2,4,2,7,2,0,1,3,2,1,0,2,0,0,4,1,2,0,2,1,3,12,1,0,2,2,0,0,5,1,4,2,3,1,0,4,0,6,11,0,0,8,0,7,2,8,0,7,1,3,3,1,0,8,7,0,0,3
14,7,0,3,1,4,1,1,26,55,12,1,1,4,0,17,4,0,0,11,4,1,0,0,3,0,5,2,9,0,5,4,15,1,0,0,3,12,6,2,5,0,2,0,4,6,0,9,2,10,0,14,1,1,0,0,9,2,1,12,3,12,3,7,10,8,13,0,5,5,3,3,3,0,6,1,13,1,5,0,2,14,2,1,2,8,0,0,0,9,1,0,0,13,0,4,1,0,1,3,2,0,1,1,4,5,0,2,0,0,23,10,2,47,6,1,1,7,6,0,2,7,3,4,3,1,3,8,4,2,1,0,1,3,3,8,0,0,1,2,2,2,2,1,0,2,7,0,1,0,0,7,1,9,0,1,0,0,2,1,2,0,1,4,1,17,3,5,11,3,7,9,13,2,9,2,1,8,14,2,2,6,9,5,0,2,1,1,11,6,2,12,4,4,1,0,2,2,2,1,4,0,3,0,1,3,2,0,0,0,4,2,8,3,1,0,0,0,1,2,2,1,4,1,0,2,6,1,2,1,5,2,1,2,2,5,9,5,2,8,2,5,1,5,0,5,0,1,4,0,1,3,7,0,1,5
1,14,0,2,0,6,2,1,13,26,7,8,9,6,1,19,1,1,0,2,8,2,1,7,2,0,3,8,5,0,6,2,6,1,1,3,3,8,4,5,4,4,2,0,4,13,4,5,3,2,0,11,3,2,0,1,2,3,1,4,3,16,2,9,7,10,7,0,2,2,1,2,1,0,5,4,7,1,9,2,2,8,2,5,3,10,1,2,0,14,1,6,1,0,2,2,0,0,1,5,1,1,4,1,12,2,0,0,0,1,20,0,3,37,9,3,0,6,2,0,1,8,0,20,2,2,3,9,0,0,5,0,0,2,1,2,6,0,2,9,0,0,0,0,0,0,1,1,0,3,1,3,1,2,2,0,0,1,1,2,6,5,1,0,1,9,2,7,12,1,13,6,10,2,3,7,1,0,12,0,5,13,1,16,1,2,0,0,19,1,2,11,4,6,10,2,0,4,17,1,0,2,5,2,2,3,3,3,5,0,2,3,1,1,1,3,0,2,1,4,0,4,5,2,4,4,5,1,2,1,0,1,1,1,1,8,7,1,2,5,2,10,2,9,0,10,0,0,5,2,1,9,8,0,0,6
1,7,2,2,2,2,7,1,6,57,11,4,0,2,0,12,1,3,0,1,1,33,2,3,0,0,1,0,0,0,3,6,8,0,3,0,1,9,6,1,1,0,1,0,5,3,1,9,1,1,1,13,2,0,0,2,4,2,0,14,2,10,0,7,8,7,8,0,0,4,1,0,0,0,3,1,2,1,1,5,2,10,2,0,0,11,1,0,1,7,0,2,1,3,1,3,1,2,0,10,1,3,0,0,4,13,0,2,1,4,21,0,1,56,16,0,0,4,4,0,0,10,3,4,2,2,2,8,0,2,10,1,1,4,3,2,2,0,1,1,0,0,0,4,2,6,27,0,0,2,5,5,1,7,0,0,3,1,1,0,4,0,0,1,2,10,3,10,9,0,12,8,9,1,4,0,0,1,9,0,1,7,4,11,0,0,1,1,15,8,4,7,3,1,2,1,0,2,1,4,3,2,1,0,7,0,1,0,0,0,2,2,18,0,0,0,0,1,1,6,9,2,5,0,0,0,4,0,5,1,1,2,0,5,1,7,8,3,1,4,0,7,0,7,0,6,0,11,6,0,0,3,7,0,1,3
6,11,4,0,1,1,1,0,3,6,13,8,3,7,1,12,0,0,7,1,5,2,5,1,2,2,3,1,1,4,6,6,9,2,4,0,0,12,6,1,14,0,0,1,10,5,1,10,0,0,3,4,6,22,0,0,8,0,0,0,8,17,0,14,12,3,12,0,1,4,0,9,4,2,3,0,0,9,0,4,1,12,0,2,3,4,0,1,1,6,2,0,0,1,1,6,19,0,1,6,0,1,1,1,1,0,3,0,0,1,3,0,2,19,1,2,0,4,3,17,2,3,1,4,1,0,0,3,0,0,1,1,0,5,0,4,4,1,1,7,0,3,0,0,1,3,2,1,0,0,0,2,0,0,5,3,1,0,1,0,1,1,1,0,3,10,4,4,18,0,6,11,12,0,6,0,2,0,12,0,1,6,0,18,1,7,4,4,16,0,1,5,1,16,2,2,20,2,1,8,1,4,46,39,1,2,1,1,0,1,3,0,4,1,1,1,0,1,2,5,4,2,25,0,0,2,9,1,0,8,1,0,0,0,1,3,17,0,2,5,0,6,12,3,2,3,0,1,2,0,2,1,8,1,4,3
5,7,0,3,4,2,1,1,4,44,13,5,0,0,1,22,9,0,0,0,6,1,1,1,1,0,4,1,3,0,5,1,12,2,0,2,11,11,5,0,5,2,1,1,2,6,4,13,1,15,2,10,3,0,0,0,12,6,0,18,5,6,2,4,13,5,11,0,2,2,0,1,1,0,1,0,19,3,1,3,7,29,1,0,3,11,0,1,2,12,2,3,1,4,1,7,2,5,1,0,0,4,1,0,1,2,1,1,1,1,21,4,4,50,10,1,1,17,5,0,0,4,0,1,5,3,1,4,0,1,6,1,0,2,1,2,1,1,0,0,2,0,0,7,2,0,13,0,1,0,1,8,0,11,0,1,1,0,2,2,1,0,5,1,0,15,3,5,13,3,7,12,11,2,13,1,1,0,12,0,0,5,3,4,1,0,0,3,8,6,3,7,4,4,3,0,0,5,1,9,4,3,0,0,1,2,0,0,1,0,0,0,7,2,0,0,1,1,1,11,1,0,3,2,0,2,9,0,2,2,6,0,0,0,1,4,11,0,1,7,2,5,0,4,0,5,0,0,3,0,1,0,8,0,2,5
0,5,1,3,1,3,2,0,8,58,10,6,2,4,1,17,1,1,0,0,8,3,1,2,2,2,3,1,1,0,6,4,8,1,0,0,1,8,6,3,3,1,3,1,7,1,1,11,1,2,2,11,1,0,1,0,12,1,0,3,2,16,1,8,6,6,9,1,3,1,0,1,1,2,1,0,5,3,2,0,2,9,4,1,0,10,1,7,0,10,0,0,1,0,0,4,5,2,1,5,0,1,0,0,1,7,2,4,0,0,14,6,0,46,20,3,1,6,8,0,1,13,1,0,1,4,1,7,0,2,4,3,0,5,1,4,0,1,2,12,0,0,0,6,1,1,32,0,1,4,0,8,0,9,2,1,3,1,1,9,3,0,1,3,2,18,7,13,12,1,6,9,11,1,5,1,0,7,14,1,2,10,8,8,3,1,0,4,20,4,1,10,6,3,1,3,4,1,2,5,2,3,0,1,0,2,0,3,4,1,1,1,8,3,3,0,1,0,6,5,0,2,1,0,0,0,5,1,5,1,2,0,0,2,0,6,9,1,5,9,1,6,1,6,0,5,1,1,4,0,0,1,8,0,0,3
1,12,0,3,3,6,0,3,7,49,11,1,5,0,0,26,0,2,1,0,6,1,1,3,7,1,5,1,1,5,6,2,14,1,0,0,8,13,5,4,3,0,1,2,3,10,3,12,1,1,0,11,4,1,0,2,10,9,1,20,1,19,4,5,11,4,11,1,1,1,2,1,4,0,0,0,18,2,1,3,2,26,2,1,1,7,0,3,8,11,1,2,0,6,1,5,0,5,2,4,0,1,2,0,2,9,0,2,0,0,19,1,3,35,8,0,0,9,2,0,3,6,0,7,2,2,1,5,4,0,0,2,0,6,1,1,0,1,0,2,1,0,4,7,1,4,14,0,0,6,3,13,0,28,0,1,3,0,2,0,2,0,4,4,1,22,1,8,14,1,5,10,11,2,2,0,2,1,10,0,1,5,5,8,1,1,0,4,11,1,3,8,4,4,1,2,2,4,3,4,4,1,1,4,0,2,1,1,3,2,1,1,4,0,0,0,3,0,6,3,2,2,5,2,0,3,5,0,5,0,1,1,1,1,0,6,11,0,0,3,4,4,0,4,0,4,0,4,3,0,1,2,12,1,1,4
0,14,0,2,1,7,0,1,10,10,14,3,10,1,2,13,0,1,1,0,4,5,2,13,4,2,2,10,2,1,17,10,11,0,2,1,1,14,9,2,9,15,0,0,1,10,3,11,5,0,0,4,4,3,0,0,8,2,1,2,2,17,5,6,11,4,12,1,1,1,1,6,3,2,1,4,3,0,10,3,6,16,1,0,1,16,0,3,2,9,0,6,0,0,3,8,2,0,1,0,0,3,4,2,1,0,1,1,1,0,5,0,1,1,0,0,1,8,0,0,1,5,0,24,1,1,1,12,0,1,0,0,0,2,4,4,3,1,1,5,0,1,2,1,0,0,0,4,0,0,1,7,2,2,0,0,0,0,6,0,2,0,1,1,4,11,7,15,18,0,11,11,12,0,12,5,2,3,15,1,2,6,1,9,1,0,1,7,15,6,3,6,3,14,15,5,0,5,18,7,1,3,2,1,1,1,1,2,4,0,3,1,1,4,2,1,0,0,2,8,2,9,11,0,3,5,7,2,1,2,7,1,2,0,1,4,12,1,4,8,6,5,1,6,0,4,0,0,6,1,0,0,11,0,3,14
4,8,1,4,1,1,0,0,8,42,9,4,2,3,1,23,0,1,0,3,5,10,1,2,1,2,3,2,2,0,5,3,9,1,0,0,13,6,2,3,1,0,1,1,3,0,1,8,1,1,2,14,0,0,0,3,2,2,0,4,2,15,1,9,6,8,8,0,1,2,1,0,1,3,3,1,19,1,0,3,1,6,5,0,1,16,0,1,2,12,0,0,0,3,2,5,3,2,0,2,1,2,0,2,2,0,0,2,0,1,23,5,10,32,7,0,2,15,3,0,4,9,2,4,3,1,2,7,1,1,0,0,0,1,5,1,0,2,1,3,0,2,1,5,2,0,37,2,1,5,6,8,1,21,2,0,1,3,0,4,4,1,4,1,1,11,4,5,7,3,10,6,15,3,7,0,6,0,7,0,5,9,11,13,0,1,2,2,19,4,7,8,4,3,3,3,0,4,1,10,3,0,2,1,0,0,2,1,0,0,0,4,15,3,2,0,2,2,2,5,1,2,4,1,0,1,4,0,3,0,1,0,1,0,1,9,6,0,0,6,0,8,3,8,0,6,0,1,4,0,0,0,5,0,3,5
2,12,0,3,3,4,2,4,5,48,14,1,2,4,0,11,1,5,0,0,5,1,0,16,7,2,5,1,1,3,2,6,11,3,0,1,0,13,20,0,4,1,1,0,3,0,3,13,3,4,0,6,2,1,0,0,7,4,10,10,0,14,4,5,10,3,9,0,0,5,1,1,2,5,10,0,1,1,2,0,3,11,5,3,4,3,2,0,3,6,0,4,9,0,1,8,3,1,2,0,0,1,2,2,48,6,6,2,0,1,3,2,3,39,5,3,1,1,4,0,0,6,0,4,2,2,0,3,0,0,6,1,0,16,2,3,5,1,3,3,3,2,0,2,1,4,8,0,0,3,1,2,1,12,3,0,3,0,2,0,2,1,2,7,0,13,2,15,16,2,10,9,10,0,3,5,4,4,13,4,0,10,2,13,2,4,0,5,18,3,16,8,4,6,7,2,1,3,1,2,6,5,6,8,2,9,3,1,2,0,0,0,7,2,2,1,2,1,1,3,2,5,3,2,0,5,3,1,10,1,2,1,0,1,3,4,9,1,5,6,1,7,2,6,0,3,0,2,2,1,1,14,11,0,1,3
4,7,1,0,0,6,5,0,4,38,12,5,5,2,0,10,0,0,0,0,3,1,0,1,2,1,3,1,0,1,6,4,13,1,0,0,0,9,11,3,0,1,3,1,5,11,4,9,2,41,2,8,1,0,0,0,13,3,0,8,1,20,1,8,9,7,16,0,1,2,0,0,16,3,3,1,9,2,0,0,2,16,13,0,0,5,0,0,1,8,3,0,1,2,0,8,1,2,2,3,6,10,0,5,5,0,0,7,0,0,19,0,0,59,22,2,10,2,5,1,1,6,3,4,1,4,4,9,0,0,0,0,0,0,4,2,1,0,0,1,2,0,0,2,0,1,10,0,1,1,1,6,1,13,0,0,2,6,1,10,0,1,3,1,0,14,1,10,12,4,7,10,12,1,3,1,2,0,13,1,3,7,9,9,1,0,0,1,18,1,2,7,2,4,2,1,0,2,3,8,2,1,2,0,4,3,2,0,0,0,0,1,4,1,1,0,2,1,11,3,0,4,4,0,0,1,4,2,8,0,1,0,5,1,0,9,12,1,3,4,0,7,3,6,0,6,0,1,5,0,1,0,8,0,1,2
0,9,0,4,2,4,3,5,8,31,9,8,1,4,0,27,1,2,0,0,5,1,1,3,2,0,6,1,2,0,1,4,22,1,3,15,1,8,6,0,2,1,1,0,3,5,3,9,1,2,1,14,0,1,0,4,5,5,1,4,0,15,2,7,13,6,9,1,1,3,3,2,0,1,3,1,27,1,17,2,2,9,0,4,1,8,2,2,0,13,1,3,0,1,1,5,0,2,2,2,0,2,2,1,0,5,0,2,0,0,28,2,8,35,6,1,1,11,2,1,1,6,1,6,2,0,2,6,1,2,4,2,4,7,3,3,1,2,2,0,2,1,0,2,1,3,12,1,0,3,4,7,1,24,3,0,2,13,2,0,1,1,3,5,1,19,6,15,16,0,8,9,12,0,6,3,9,0,10,1,2,7,4,7,0,4,1,2,13,3,5,6,2,3,1,1,1,3,4,7,3,3,1,1,1,3,4,1,1,3,1,0,4,1,0,0,3,1,0,5,0,1,10,2,0,2,2,3,3,0,0,0,1,4,1,6,10,3,1,5,0,7,3,7,0,7,0,0,5,0,0,1,8,1,1,8
2,8,0,2,1,2,1,1,4,34,12,4,1,4,0,19,0,4,1,0,6,5,10,1,0,2,2,0,0,0,4,6,9,0,2,2,2,11,8,2,3,0,0,0,2,0,1,9,0,0,0,9,1,0,1,3,6,1,2,10,0,17,1,6,12,7,11,0,5,1,1,2,2,0,0,0,13,0,1,0,1,32,4,0,0,6,1,0,5,10,3,2,0,9,0,3,2,0,0,2,0,0,3,1,3,18,0,3,0,1,9,1,2,44,11,0,3,7,4,0,1,10,0,5,1,7,1,4,1,0,0,0,0,4,0,3,0,0,3,2,7,1,2,2,0,1,5,0,1,6,0,3,0,4,0,0,0,9,1,4,3,1,27,1,4,16,3,11,23,7,7,14,16,0,9,0,2,6,18,0,0,9,0,8,4,0,0,8,10,6,1,6,4,3,1,0,10,3,1,5,1,5,4,0,0,2,1,1,0,1,1,3,3,1,6,0,0,2,2,10,1,2,7,1,0,0,4,7,1,0,5,1,0,4,2,5,12,6,2,5,0,8,5,7,0,10,2,0,3,0,1,1,8,1,1,5
0,19,1,4,0,4,1,3,11,45,12,3,3,2,2,22,2,0,1,0,9,14,2,1,1,0,5,7,0,0,3,6,11,1,0,2,3,12,12,4,6,8,1,0,3,17,2,12,1,1,0,8,1,3,0,1,22,1,1,3,2,37,7,6,14,3,12,3,6,3,0,0,1,0,1,0,10,0,7,2,2,13,3,5,1,7,0,1,3,6,0,4,0,4,1,4,0,1,0,1,0,1,4,0,1,2,0,0,1,0,15,1,2,16,5,1,0,2,3,0,0,3,0,15,1,3,0,0,0,0,2,5,0,4,1,5,1,1,4,1,0,2,0,0,1,3,4,2,0,0,1,5,0,8,0,0,0,13,6,2,0,0,3,1,6,18,5,7,15,0,6,12,13,0,5,2,3,3,12,2,0,6,3,9,4,0,0,10,15,1,6,8,8,8,15,1,12,7,13,7,4,7,2,0,0,0,5,1,0,1,0,2,13,0,0,0,0,2,2,8,0,1,4,0,1,1,5,2,1,1,4,0,0,4,2,4,11,1,1,9,2,5,2,5,0,3,1,0,2,0,0,2,7,1,2,3
0,15,2,0,0,7,0,1,1,8,9,2,0,1,2,10,0,11,2,1,5,4,2,4,5,0,5,3,4,0,1,3,10,1,2,1,0,10,23,0,9,8,2,0,4,0,0,9,1,0,0,9,3,0,0,0,44,1,0,2,1,35,2,8,8,8,13,2,2,1,3,1,0,7,4,1,3,1,0,1,0,12,2,5,1,5,0,2,1,10,0,1,1,0,3,7,0,3,3,1,4,2,1,0,0,3,1,1,0,0,5,0,1,5,4,0,0,0,5,1,0,6,1,35,1,2,0,5,0,0,1,2,1,3,1,5,1,0,5,13,1,1,1,0,0,0,2,1,0,0,1,3,1,2,0,1,0,1,4,2,5,0,1,0,1,16,1,6,8,0,12,10,10,1,6,1,1,1,10,2,1,8,11,9,0,0,0,21,23,2,8,7,2,5,10,1,1,2,1,5,1,0,3,0,0,1,4,0,2,0,1,6,7,1,1,1,0,0,1,9,0,4,3,0,2,9,5,5,1,0,1,0,1,2,0,7,10,1,3,16,0,6,1,7,3,7,1,0,6,1,1,4,7,1,0,1
0,6,0,2,1,4,0,3,13,53,10,3,0,2,0,15,2,0,1,0,9,1,3,4,1,7,1,0,2,1,11,2,8,2,0,1,2,8,6,1,2,3,0,1,1,1,1,8,0,2,4,7,0,1,0,0,4,7,0,7,1,14,1,7,12,5,10,0,0,1,1,2,1,0,3,1,5,2,1,0,1,14,0,1,1,5,0,1,1,8,1,1,2,3,1,5,3,2,0,5,0,0,1,3,3,20,0,1,1,0,16,1,0,56,14,1,2,1,9,6,2,6,0,8,0,2,0,10,0,1,1,0,0,6,0,3,2,1,2,6,1,0,1,1,3,2,27,0,0,10,7,3,0,11,2,1,0,4,1,4,3,0,1,3,3,13,2,4,13,1,6,10,10,1,2,1,1,0,10,0,0,9,1,8,0,0,0,1,13,1,0,7,5,2,1,1,0,7,1,4,1,1,2,1,0,2,2,1,0,0,0,0,30,1,0,0,1,1,4,6,0,0,5,0,0,3,6,1,11,0,16,1,1,0,2,4,11,1,0,1,0,6,0,5,0,4,0,2,2,1,0,0,9,1,0,2
1,11,3,3,0,4,0,3,8,44,10,1,4,1,0,11,1,0,0,0,13,5,0,4,1,0,8,0,2,0,1,5,12,0,2,1,2,11,11,3,5,4,0,0,2,12,0,10,3,0,1,8,0,0,0,1,8,2,0,5,2,15,0,6,12,5,11,2,1,0,1,1,1,2,6,2,6,0,2,3,5,13,6,6,2,12,1,0,4,14,0,3,1,0,1,13,3,3,1,6,0,0,8,1,1,9,0,1,0,3,6,12,1,54,9,0,1,0,5,2,1,6,0,6,1,3,0,6,0,1,3,1,0,3,1,2,2,1,6,3,0,3,1,0,0,0,23,1,0,7,2,4,1,6,0,1,0,1,2,2,3,0,0,2,0,17,7,7,17,2,10,12,14,0,1,0,1,1,15,2,4,8,1,9,2,0,0,5,22,4,3,7,4,11,6,0,4,4,1,2,2,3,0,0,3,1,3,0,0,0,0,1,19,2,0,0,0,0,3,3,0,4,2,1,0,2,5,2,5,2,0,1,0,1,0,5,11,0,0,8,1,6,1,6,2,26,0,0,4,0,1,2,6,0,7,1
1,5,1,1,0,5,0,4,8,6,10,2,10,2,0,13,1,0,0,0,10,2,1,2,0,3,18,8,2,0,6,5,11,2,1,5,1,9,13,0,7,20,0,1,1,1,5,8,0,0,0,9,0,0,0,0,10,1,0,1,2,14,3,8,9,6,10,1,1,2,1,2,2,1,3,1,5,3,9,6,1,19,3,5,0,7,0,1,1,8,1,7,0,0,0,7,1,11,1,0,0,0,7,0,1,0,0,0,1,2,2,0,1,4,3,0,0,8,1,1,1,5,2,27,0,0,0,8,0,0,2,4,0,3,0,8,0,0,2,5,0,1,1,0,0,2,2,3,0,3,2,4,3,2,0,1,1,1,5,1,3,7,4,2,9,14,5,7,14,0,16,11,10,0,8,9,2,2,9,1,2,13,0,10,5,1,0,5,23,1,2,9,1,12,8,1,0,3,9,12,0,2,1,4,0,0,7,0,2,1,4,1,1,4,2,1,1,3,4,2,0,9,5,0,4,4,5,5,1,0,3,0,1,2,1,6,9,1,1,6,3,6,0,6,0,6,0,0,4,0,0,1,8,0,0,1
0,6,0,0,0,2,1,2,3,6,12,3,5,2,1,11,1,0,1,0,7,3,1,2,4,4,3,3,0,0,5,2,10,0,6,7,1,13,17,9,13,10,0,0,4,1,1,10,3,2,1,9,3,2,1,0,34,0,0,1,10,36,10,8,7,5,12,0,1,1,5,1,2,0,6,0,0,0,3,2,1,10,0,6,0,5,0,3,1,9,0,3,2,0,0,10,1,10,2,0,1,2,9,2,1,1,6,2,0,0,1,0,3,3,0,8,4,9,7,2,1,6,1,41,0,2,1,10,2,0,0,4,1,3,1,3,2,2,1,8,2,0,0,0,0,0,2,3,0,0,0,1,4,1,0,1,1,0,2,0,4,0,1,0,2,9,2,7,14,2,12,9,13,0,3,5,0,0,15,0,1,8,1,7,1,2,1,7,38,0,3,8,1,3,17,0,1,3,9,6,2,3,1,0,0,1,5,0,1,0,0,4,16,2,0,1,0,1,1,10,1,2,1,0,2,2,1,0,0,3,0,0,0,1,1,5,10,0,2,7,2,6,0,5,0,5,3,0,1,1,1,6,6,0,0,4
2,13,0,2,1,2,2,3,4,42,11,1,1,2,0,32,7,0,0,0,2,2,10,4,0,0,3,0,0,0,7,5,11,0,1,0,1,9,4,1,1,0,1,0,5,10,4,9,0,1,1,10,2,0,0,0,5,4,1,13,0,11,2,7,10,6,9,0,1,2,3,0,0,1,2,1,28,1,4,1,3,26,4,0,3,5,0,3,3,11,3,1,6,1,0,5,1,0,2,3,0,5,0,3,5,5,0,1,0,2,17,4,3,38,16,1,0,9,4,1,2,5,1,3,1,2,0,10,2,0,0,3,0,4,2,0,0,0,1,0,0,2,0,3,3,3,9,0,0,1,4,4,1,14,1,0,2,0,2,2,3,0,7,7,1,16,7,9,11,3,7,10,14,1,6,0,3,0,14,0,0,6,2,7,4,2,0,3,9,6,2,6,3,0,4,2,1,3,1,5,11,1,0,0,0,3,0,0,0,1,2,1,3,0,7,0,1,0,3,5,0,2,2,0,1,1,9,1,5,0,3,3,0,0,0,6,12,2,0,7,0,8,1,7,0,6,0,1,2,0,0,0,8,4,1,7
0,9,0,1,0,0,3,2,5,7,14,3,4,0,1,13,0,0,0,0,7,1,2,2,4,1,4,18,4,0,4,6,12,1,1,5,0,11,20,1,13,15,2,1,4,9,4,15,2,5,0,3,0,0,0,0,47,0,1,2,1,45,1,6,14,4,13,2,0,2,1,0,2,0,6,1,1,1,8,0,1,12,2,6,1,5,3,1,1,7,0,2,0,0,0,7,0,0,0,0,1,0,3,1,8,0,3,0,0,0,1,2,2,4,0,0,0,1,2,0,1,2,0,11,0,0,0,9,0,0,0,0,0,6,1,9,2,1,3,2,0,1,0,0,0,4,1,2,0,0,0,3,0,2,0,1,0,0,1,0,3,0,4,1,2,13,0,4,18,0,4,12,12,0,3,1,0,2,12,0,2,8,0,8,0,1,0,10,18,0,1,5,0,2,19,2,44,3,7,9,1,4,5,2,0,4,20,0,2,2,1,0,21,0,0,1,3,0,4,5,1,5,3,0,0,1,4,3,0,10,2,0,2,3,0,2,13,1,2,9,1,4,1,3,0,2,0,5,4,0,1,22,7,0,0,1
3,10,2,3,0,2,2,4,2,42,10,1,0,1,1,21,1,2,0,1,5,0,3,0,5,1,3,0,3,0,1,4,15,0,1,3,4,10,8,0,1,2,3,0,3,2,1,11,4,3,1,9,2,3,0,4,8,5,1,18,0,16,2,7,12,6,10,1,3,2,1,0,1,1,3,0,14,0,7,4,2,14,6,0,1,5,0,1,2,11,0,2,0,0,1,5,0,1,0,1,2,1,4,2,1,7,0,3,1,0,26,5,6,34,17,1,1,10,6,3,1,11,0,0,0,3,1,7,1,1,2,1,0,12,0,0,4,1,0,2,0,1,2,5,0,1,17,0,0,1,2,12,0,12,1,1,8,1,1,0,2,0,9,1,4,13,2,11,12,0,8,10,12,2,15,2,3,5,14,4,0,7,1,8,4,1,0,2,16,2,11,7,3,6,4,0,6,4,3,4,3,4,5,1,2,2,2,1,0,6,5,1,8,2,4,1,0,0,2,9,0,2,10,3,0,4,5,1,2,3,0,0,0,3,0,5,10,2,0,6,1,5,0,5,0,7,0,0,4,0,1,3,8,0,2,1
0,18,0,2,0,0,0,1,5,5,12,2,7,0,2,12,0,1,0,0,7,16,0,13,1,2,6,2,0,0,5,2,12,0,5,4,1,12,16,1,8,9,1,0,1,3,2,11,9,1,0,9,1,0,0,0,12,0,0,3,1,23,2,5,12,6,13,0,2,0,1,2,2,2,3,3,7,3,6,0,1,15,4,4,0,8,0,1,5,11,0,5,1,0,5,9,2,4,3,0,1,4,9,2,0,1,0,0,0,0,2,4,0,6,0,7,0,4,1,1,0,4,0,41,1,0,4,9,1,0,0,1,0,4,4,3,1,2,4,10,0,0,0,1,0,1,1,1,2,0,5,4,1,3,0,1,0,0,4,0,5,1,5,0,4,13,0,6,12,0,17,11,11,0,9,5,0,4,12,1,11,10,1,6,2,0,0,4,17,3,25,6,3,11,12,4,1,1,4,4,1,5,2,9,0,0,1,0,0,5,1,2,0,3,1,0,2,1,1,7,1,10,7,1,0,3,4,4,1,0,6,0,1,2,0,6,13,0,0,8,0,6,1,5,0,7,0,2,7,0,0,1,8,0,2,4
0,9,0,4,0,4,2,2,0,36,11,4,2,5,0,21,5,0,2,1,9,0,1,3,3,1,1,1,0,2,6,4,14,0,1,0,0,10,9,0,4,0,1,0,2,1,3,9,0,0,5,10,2,1,1,0,5,8,1,1,0,14,2,7,10,8,10,0,2,1,1,4,2,1,4,0,13,1,0,0,6,24,0,0,2,13,0,1,1,9,2,0,0,2,1,4,0,0,0,2,0,5,0,1,4,14,0,1,0,1,5,2,3,39,24,0,6,7,2,0,1,7,1,4,3,3,2,8,0,0,1,1,0,15,3,0,1,1,1,0,0,0,3,3,0,1,1,0,3,3,6,0,2,18,0,2,0,3,0,4,3,0,5,0,1,16,3,1,15,2,11,10,12,0,6,2,6,0,14,0,1,7,18,7,5,4,2,1,17,12,3,9,1,1,2,4,0,0,1,0,7,3,2,0,1,4,4,1,2,0,0,1,4,0,0,1,4,3,10,7,1,3,5,1,0,2,9,0,7,0,1,0,3,3,1,5,9,0,1,6,1,7,0,6,0,6,0,1,4,0,0,2,13,5,1,4
1,9,6,2,0,11,0,2,3,40,11,2,2,3,3,15,0,0,5,0,2,0,0,5,2,2,0,1,6,0,4,4,7,1,0,3,0,8,14,2,11,5,0,1,2,6,1,12,4,4,2,8,1,2,1,0,16,6,1,0,9,17,2,8,9,7,8,1,2,1,4,6,6,2,3,2,2,3,1,2,0,10,1,3,0,6,1,2,4,11,1,1,2,2,2,6,2,7,2,5,2,2,7,0,4,2,2,0,1,0,8,2,0,6,8,2,0,4,23,7,1,8,1,14,4,1,4,5,0,0,0,3,0,3,1,1,0,0,2,1,0,2,1,5,0,4,6,1,0,2,1,5,1,9,0,1,1,0,8,11,1,5,3,2,1,12,0,12,14,2,8,9,10,6,3,2,3,3,12,9,1,7,0,10,2,0,2,2,14,2,4,7,0,14,6,4,0,4,15,5,1,3,1,1,5,0,2,0,8,3,2,2,21,1,0,2,2,3,2,4,0,6,2,0,0,1,5,2,0,2,1,0,2,0,2,5,9,1,2,2,1,5,0,6,0,8,1,4,5,0,0,2,6,2,2,4
2,5,0,2,2,4,9,2,3,22,11,7,0,1,0,11,0,0,0,0,3,4,1,4,0,1,1,0,2,6,5,10,5,3,0,0,2,9,7,1,4,2,2,2,7,4,0,8,0,2,8,11,5,1,1,0,5,6,0,2,22,14,3,10,8,9,5,0,2,3,0,2,6,1,7,1,14,13,1,4,1,5,1,0,4,10,0,3,0,14,0,0,0,1,2,6,5,4,1,4,0,1,0,1,2,0,6,5,0,0,5,2,1,17,7,0,1,1,5,4,16,10,0,4,8,3,2,8,0,2,4,1,0,0,1,3,4,1,2,2,0,2,3,1,3,3,11,1,0,0,2,5,2,3,0,2,0,1,4,4,4,1,3,2,4,8,5,11,18,1,12,6,8,1,3,1,4,2,7,1,3,11,1,10,0,23,2,6,14,2,2,10,3,2,0,0,10,1,0,2,2,5,46,28,2,2,0,0,0,1,1,1,14,0,1,1,0,9,4,1,3,0,7,29,4,0,5,1,0,0,0,3,2,1,4,9,12,2,0,2,2,9,1,9,3,9,1,0,7,0,0,1,4,0,1,2
0,24,0,1,5,2,0,0,4,9,7,3,1,1,1,5,1,0,1,0,1,1,0,2,0,0,0,0,5,0,0,9,6,0,0,7,0,7,6,0,3,12,1,0,2,0,0,6,1,1,0,11,0,3,0,0,4,0,4,0,5,19,1,10,8,12,6,0,0,1,0,13,4,1,4,28,1,0,4,0,3,23,1,1,1,10,0,1,9,13,3,14,1,1,1,5,0,6,0,1,4,2,2,2,6,1,3,3,0,0,5,6,0,8,2,0,2,7,0,0,0,10,0,26,0,0,3,14,0,0,1,0,0,1,0,3,2,4,2,1,0,0,0,1,0,1,1,0,0,1,2,9,1,1,0,0,0,0,3,1,3,7,1,0,1,7,0,8,10,1,13,6,8,1,8,7,0,12,8,3,0,14,1,11,2,1,1,0,16,1,4,13,3,25,12,4,0,3,11,3,6,1,4,0,4,2,3,0,14,0,7,3,9,0,0,1,1,1,0,4,1,10,5,0,0,0,4,4,1,0,0,2,0,0,0,11,6,0,3,2,1,10,1,10,0,12,1,1,9,1,1,1,4,8,2,3
1,7,1,2,1,2,1,0,27,46,12,1,1,2,1,15,1,0,0,2,6,1,0,1,0,1,2,3,1,0,5,4,9,1,0,1,2,9,7,1,3,0,1,1,3,2,0,9,0,7,0,7,3,1,0,0,6,1,3,4,2,15,2,6,10,9,11,0,2,1,0,1,4,1,2,1,3,1,5,1,0,15,0,2,2,7,0,1,3,6,0,0,2,4,0,4,3,0,1,1,0,0,1,2,1,3,0,3,1,7,3,1,1,38,24,0,1,0,3,0,5,6,0,4,1,0,0,7,0,2,4,0,0,8,0,2,3,0,5,3,0,5,0,0,0,1,28,0,1,5,0,9,0,10,0,0,1,3,1,3,1,0,7,2,2,17,2,10,15,1,6,9,11,2,3,0,0,4,12,1,0,8,2,8,3,0,0,4,17,5,2,6,5,7,5,2,1,6,1,8,4,5,1,1,1,4,3,0,0,4,1,1,4,1,0,0,7,2,2,2,0,1,2,0,0,0,8,1,1,1,5,3,1,4,1,4,10,1,1,7,0,6,1,4,0,19,0,9,3,1,0,0,8,0,0,2
0,7,1,0,1,1,1,0,4,4,10,2,8,1,0,13,0,2,0,0,11,3,0,6,0,0,3,5,2,0,4,3,8,2,4,3,0,8,7,1,7,12,1,0,0,3,4,10,2,0,1,6,0,0,0,2,4,0,3,0,4,23,0,7,15,10,11,1,2,4,0,2,2,0,4,1,8,1,6,0,1,13,0,2,4,6,1,2,5,13,2,5,0,1,1,9,2,3,2,0,1,0,6,2,3,0,1,1,0,0,3,0,1,0,7,3,1,7,2,0,1,5,5,36,4,0,0,12,0,0,0,2,0,1,1,1,6,2,3,7,0,0,3,0,1,1,2,2,0,2,2,5,1,1,0,1,0,1,4,5,3,6,2,2,4,10,6,5,8,0,11,9,12,0,7,2,0,2,12,0,2,15,1,9,3,1,0,25,40,2,14,6,0,9,4,1,2,3,10,3,0,0,4,2,1,1,4,0,0,5,3,1,2,1,4,0,0,1,1,2,0,6,8,0,0,0,2,5,2,0,1,0,0,1,2,5,11,1,0,6,0,7,2,6,2,10,0,0,2,0,0,0,6,3,1,8
1,4,1,2,0,6,0,0,4,39,7,0,2,1,0,13,0,0,0,1,7,1,0,2,3,1,5,0,3,0,0,3,9,1,1,2,3,7,6,0,5,1,3,0,0,2,1,10,3,0,1,15,3,1,1,0,3,5,1,5,1,17,1,10,11,13,9,4,2,1,1,1,0,1,5,0,8,2,2,2,3,11,1,5,4,7,0,0,1,12,2,4,1,6,0,7,0,0,1,0,5,1,3,1,1,4,0,2,0,0,9,3,3,49,18,0,2,1,4,0,0,10,0,13,1,0,3,9,0,0,0,2,0,6,0,5,1,2,6,4,0,1,2,0,0,1,13,0,0,7,5,3,0,8,0,1,1,2,5,9,4,0,8,1,0,14,2,2,17,0,10,8,9,1,4,2,2,13,8,0,1,9,6,10,1,0,0,1,10,6,2,10,1,2,2,2,1,2,8,5,3,0,2,0,2,0,2,0,3,2,1,5,6,0,6,1,1,4,8,1,1,3,5,0,0,7,4,4,5,3,7,1,5,1,0,9,7,2,3,14,0,10,2,10,0,8,3,0,5,1,12,6,2,8,2,2
0,5,1,1,0,4,0,1,4,7,11,2,8,1,0,10,0,0,1,0,24,0,1,2,4,0,4,4,6,0,2,3,9,0,0,0,1,10,16,0,18,9,0,1,0,2,1,11,2,1,3,12,0,2,0,0,11,0,0,2,2,12,4,7,10,6,10,1,1,1,2,6,2,3,2,0,0,0,4,0,5,11,0,1,1,6,0,0,5,13,0,3,2,0,0,10,0,2,1,3,1,4,1,2,3,0,1,4,0,0,4,2,1,8,0,0,0,14,2,0,1,7,0,18,1,1,0,20,0,0,0,2,0,1,1,1,5,1,1,0,0,0,0,0,0,2,3,3,0,0,0,3,0,1,0,0,0,1,1,0,4,4,4,0,3,10,9,14,7,2,7,9,13,6,8,6,0,3,12,1,0,7,0,17,0,0,0,1,27,0,19,8,2,4,20,1,0,5,29,10,0,0,2,1,5,3,1,0,8,0,0,3,11,0,0,1,1,2,1,2,1,6,4,0,7,1,6,4,2,2,1,0,2,1,1,6,10,1,3,7,1,9,5,6,1,10,0,3,1,1,0,11,8,2,1,9
0,17,3,0,0,3,0,3,16,8,12,4,2,2,2,19,0,0,0,0,6,0,4,4,8,1,3,1,6,1,5,8,10,4,1,4,1,10,12,9,4,12,1,0,2,28,2,11,3,1,0,5,2,0,0,3,25,1,0,1,0,23,1,6,11,6,11,1,0,2,0,2,4,1,2,1,0,0,3,0,1,13,0,4,2,10,1,1,2,8,2,2,0,1,1,8,4,1,0,0,0,0,3,0,0,3,0,3,0,2,0,15,0,0,2,1,1,1,4,2,2,6,1,39,0,1,1,9,0,0,2,5,0,4,1,5,0,2,7,8,6,2,1,0,0,0,2,2,0,3,1,3,2,2,0,2,0,0,2,1,2,2,2,1,2,15,1,11,17,1,9,12,13,3,8,3,3,1,15,6,0,11,0,10,6,1,0,1,16,1,7,7,5,27,11,1,1,4,5,2,1,2,1,1,0,4,2,0,1,0,1,3,4,1,4,1,3,3,1,0,0,10,3,2,0,0,3,7,1,2,2,0,1,2,0,7,13,2,1,5,3,5,3,6,1,3,1,7,8,0,0,15,8,2,0,1
0,20,1,1,1,3,5,1,14,11,9,5,11,1,0,10,1,0,0,1,3,5,0,10,3,0,2,15,2,0,3,11,11,0,1,6,0,9,11,0,9,15,0,0,0,11,2,10,1,1,0,9,3,0,1,0,6,2,0,2,1,24,4,7,11,20,9,2,1,1,0,0,0,3,3,3,2,0,4,1,2,12,0,7,2,10,1,1,7,12,1,11,0,0,2,4,0,2,3,2,0,0,8,3,0,0,0,7,0,1,3,1,1,6,1,1,1,10,3,2,2,7,0,39,1,1,7,7,1,0,2,4,0,3,0,3,3,0,5,6,0,0,0,1,0,1,1,1,0,1,5,1,0,1,0,0,1,0,6,0,5,1,3,2,4,13,3,4,11,0,8,11,10,1,4,0,3,0,12,0,1,7,0,9,2,0,0,0,16,3,3,8,4,7,20,3,3,2,9,5,0,7,0,0,0,4,11,0,1,0,1,3,5,1,1,1,2,3,3,5,0,2,3,1,4,12,7,3,2,0,2,0,0,1,2,8,9,1,1,16,7,9,1,8,1,6,1,1,2,0,2,10,4,1,1,3
3,10,0,1,2,3,3,0,5,31,10,2,1,2,1,17,0,0,0,0,9,0,2,4,0,0,2,1,1,0,5,4,10,2,1,1,0,11,5,0,3,1,0,1,7,0,1,13,0,0,2,5,1,0,0,1,3,1,0,3,1,12,1,9,8,6,10,3,2,0,0,0,4,1,5,2,3,1,2,0,0,11,3,0,1,7,0,1,2,10,0,1,2,4,0,6,2,0,0,20,0,0,1,5,2,13,0,1,0,2,7,0,1,44,22,2,2,1,2,5,1,13,0,4,1,0,0,1,1,1,1,1,0,4,2,1,0,2,31,1,2,1,1,4,0,1,39,0,2,14,1,5,1,7,0,2,4,1,1,2,1,1,4,0,7,16,3,4,18,3,9,11,10,2,1,1,1,1,11,1,0,6,0,5,3,0,0,6,13,7,2,7,5,4,2,1,0,2,0,2,2,2,3,2,0,0,0,0,0,0,1,4,24,1,1,0,0,0,6,2,1,3,2,1,0,2,6,1,5,0,2,0,0,1,1,4,11,0,0,8,2,6,3,6,0,7,0,4,3,0,8,1,8,0,2,2
1,6,0,3,0,0,0,1,4,12,10,0,2,3,1,19,0,0,0,0,3,2,1,1,0,0,11,0,1,0,1,5,11,1,0,2,15,8,9,3,1,6,1,0,2,8,4,8,3,0,2,12,2,3,0,8,4,4,1,4,0,11,2,7,6,9,9,0,1,1,2,1,3,0,4,1,10,0,2,1,1,10,2,3,4,11,0,0,3,7,2,6,3,2,0,12,1,1,6,0,0,0,5,3,1,12,0,3,0,4,19,0,1,22,3,5,0,7,2,2,0,6,1,14,0,1,7,7,0,1,2,4,1,5,1,2,0,1,3,1,0,6,0,2,2,2,5,2,0,2,0,5,0,16,3,2,0,2,2,0,3,0,2,1,6,13,0,3,19,1,8,10,9,2,2,1,1,2,11,0,0,7,1,9,3,1,1,1,10,1,2,7,3,8,3,1,0,8,4,5,3,2,0,1,0,1,5,0,8,1,0,0,5,0,2,1,4,1,2,5,2,2,3,0,2,3,6,10,4,0,3,1,0,0,0,6,8,8,0,7,0,7,2,6,0,28,0,3,3,0,3,5,8,1,10,3
1,13,0,2,0,2,0,1,4,38,12,0,2,1,1,23,0,1,2,0,5,1,0,4,0,4,4,0,0,0,1,5,13,0,2,0,17,11,7,2,4,5,0,1,0,5,0,12,1,4,6,13,3,1,0,1,9,5,5,4,1,16,5,4,13,4,12,2,3,3,0,1,4,0,0,1,14,0,1,0,3,13,3,1,2,4,1,0,2,7,0,0,0,2,1,5,1,1,2,0,0,0,3,1,2,5,0,2,1,0,6,0,4,18,16,1,0,12,8,1,0,5,0,2,0,1,2,3,0,3,0,1,1,3,0,4,3,0,6,6,0,17,2,2,2,1,36,1,0,7,2,11,0,9,1,1,0,1,2,1,2,2,6,5,3,11,6,4,14,2,6,12,12,4,7,3,2,1,17,2,4,5,2,8,1,3,0,5,15,4,11,9,3,7,5,4,0,3,2,2,3,4,1,2,2,0,2,1,4,3,0,1,4,0,1,0,0,0,5,4,1,6,2,2,2,1,8,2,6,0,2,0,1,1,1,5,12,1,2,13,1,6,1,4,0,6,2,1,1,0,0,8,4,0,4,5
1,23,3,3,1,4,0,1,8,14,11,4,7,2,0,15,1,0,2,0,12,7,2,3,4,2,11,1,3,1,3,3,11,0,1,4,1,11,12,0,2,5,4,0,0,1,4,11,8,5,1,7,3,5,0,0,17,0,1,1,0,29,3,5,11,4,15,0,2,2,2,3,0,3,6,1,1,2,3,5,2,12,0,4,1,5,0,1,0,5,0,4,3,0,1,11,1,4,2,12,2,4,10,0,4,1,1,3,0,1,3,1,0,11,7,0,1,5,1,7,2,4,0,36,0,1,0,11,0,0,1,0,0,4,0,3,1,1,3,8,0,1,1,1,0,1,4,4,0,0,1,5,2,0,0,0,0,1,2,0,3,0,1,0,4,14,2,7,15,0,9,11,12,0,9,1,1,0,16,1,0,5,1,11,2,0,1,1,14,1,3,6,2,9,15,0,1,3,13,9,3,2,1,0,1,0,1,2,4,0,5,3,4,0,1,14,0,4,0,4,1,13,5,0,3,14,6,2,2,5,2,0,0,1,2,4,13,1,2,19,0,5,1,7,1,4,3,0,7,0,0,11,9,0,0,5
3,6,0,2,0,1,2,0,3,51,11,10,0,4,0,17,1,2,0,1,6,1,4,7,4,1,3,30,3,0,1,5,11,1,0,1,5,9,8,0,8,0,2,0,12,1,0,9,0,26,0,9,1,0,0,0,6,3,1,3,4,14,3,6,12,6,10,0,1,1,2,0,0,3,11,0,6,2,0,0,1,16,3,3,0,19,0,0,3,14,0,1,0,6,1,5,0,0,1,1,2,0,2,0,3,10,0,4,0,0,16,1,3,34,13,0,1,8,5,0,0,7,0,3,4,0,1,5,0,0,0,0,0,4,1,4,0,0,3,2,0,1,2,3,1,0,9,0,0,5,1,4,2,13,0,1,1,13,0,0,2,1,3,3,1,16,8,7,13,2,8,10,12,1,6,1,16,0,14,0,1,7,11,9,2,1,0,4,12,3,6,8,3,3,7,0,2,1,0,3,1,1,2,0,0,4,1,0,0,0,0,0,1,1,1,0,1,0,2,10,0,1,4,1,0,2,5,3,4,3,7,0,0,3,2,6,10,3,5,4,0,6,0,6,1,7,0,12,4,0,1,0,7,0,1,10
1,14,3,3,0,4,0,2,16,4,14,0,6,2,2,13,0,0,0,0,10,0,0,6,1,2,2,0,5,1,0,8,14,1,0,0,0,12,15,6,12,22,0,1,0,23,2,12,5,0,1,11,7,3,0,4,5,1,2,2,4,30,1,4,8,4,12,0,1,0,0,1,0,2,3,1,0,0,4,0,1,13,0,4,1,4,0,0,1,6,1,1,1,0,0,6,2,0,3,1,0,4,9,0,1,0,1,1,0,1,3,2,0,2,3,0,1,6,3,1,1,5,0,10,2,0,0,10,0,0,1,2,0,5,0,3,1,0,6,6,0,0,0,0,0,0,1,4,0,0,1,3,0,2,1,0,0,0,2,0,5,2,3,2,4,13,2,15,16,1,12,13,13,6,9,7,6,4,16,1,0,4,2,10,4,1,0,3,27,2,2,5,0,16,20,3,0,3,16,5,1,1,0,0,0,0,6,1,7,0,0,0,2,0,1,0,2,1,0,2,0,1,1,1,5,1,8,4,3,2,1,0,0,1,0,5,12,3,1,9,1,4,2,4,0,5,0,5,4,1,0,2,8,0,0,9
1,13,39,1,4,5,2,0,26,65,11,1,0,1,4,16,0,0,0,2,5,42,1,5,2,0,0,3,1,0,4,4,12,0,2,0,0,12,5,0,2,1,2,0,3,1,4,11,0,1,1,10,1,0,0,1,7,2,0,15,1,16,0,5,10,5,12,0,0,1,2,3,0,0,2,0,4,2,2,1,1,15,0,5,3,6,0,1,1,10,1,3,5,3,4,4,0,0,1,2,0,0,0,1,3,8,0,4,0,0,16,3,5,50,11,0,0,4,2,0,1,6,0,4,2,0,0,4,0,0,0,0,0,6,0,7,3,0,3,1,1,10,1,3,0,1,19,1,0,8,0,8,0,11,0,1,6,6,5,2,2,0,5,3,1,16,6,8,22,4,10,10,14,0,2,1,3,0,11,0,3,7,2,7,3,0,1,4,17,4,1,10,4,4,3,0,1,4,3,0,4,2,3,0,0,0,1,1,1,0,1,1,8,0,0,0,1,3,0,9,0,3,6,1,0,3,5,3,5,0,4,1,0,0,0,6,10,2,1,10,1,5,2,6,1,4,0,13,4,0,0,0,12,0,6,2
3,2,3,2,1,7,0,1,3,55,9,2,0,1,1,19,4,1,0,1,6,3,2,6,1,1,3,0,0,3,1,2,5,0,0,0,0,6,3,0,1,0,2,0,1,1,0,5,0,2,0,12,0,2,0,0,3,1,0,3,1,10,1,8,4,12,6,2,1,4,0,3,5,7,5,1,3,2,1,1,0,6,5,3,3,2,0,3,2,9,0,3,0,0,1,4,0,1,2,34,0,4,0,1,3,2,0,1,0,0,7,5,3,54,13,0,0,2,4,1,0,8,2,5,1,2,1,7,10,0,4,3,0,1,0,4,2,3,4,5,1,1,2,3,1,1,15,0,0,0,4,11,1,15,0,0,1,10,1,0,5,0,3,2,2,14,5,11,5,1,10,6,7,1,6,1,4,7,7,0,0,8,3,9,0,1,1,0,14,3,2,10,2,0,3,0,0,6,0,5,4,3,0,0,1,4,2,0,0,1,3,0,11,1,1,0,1,0,3,3,3,0,0,0,1,1,4,1,8,2,1,1,4,1,0,6,7,0,2,5,0,12,3,11,0,7,2,0,3,0,1,4,10,0,3,1
0,8,0,3,2,3,4,0,3,35,10,5,0,3,3,8,2,5,1,0,14,1,3,6,0,4,1,3,5,3,1,2,8,0,1,0,1,9,6,0,1,0,8,0,7,0,1,8,0,2,1,12,1,0,0,1,4,2,1,2,0,16,2,8,9,7,9,0,2,3,0,0,2,1,4,1,2,1,1,3,1,16,7,3,2,7,1,1,1,11,2,2,0,5,2,6,1,0,5,1,0,0,2,2,3,4,0,1,0,0,4,2,0,37,18,1,2,0,3,0,0,9,4,4,3,3,1,7,0,0,0,1,0,3,4,4,0,9,1,0,0,0,0,1,0,0,12,0,5,2,1,25,0,7,0,3,2,37,2,4,6,1,1,0,4,11,3,11,16,4,10,14,15,2,1,1,8,2,11,0,0,8,5,7,0,2,0,2,14,4,3,8,2,2,5,11,2,4,1,1,4,1,2,0,0,2,1,0,0,0,0,2,5,1,0,0,1,3,4,3,1,1,6,1,3,0,9,2,11,0,7,1,1,0,1,8,10,1,0,7,0,8,2,7,0,7,10,22,1,3,0,1,6,0,1,7
2,5,18,2,0,4,0,5,1,49,11,13,0,3,2,20,2,3,1,1,9,27,4,2,3,3,5,0,4,0,5,4,13,1,3,0,4,14,3,0,0,0,1,6,3,3,3,10,2,1,2,15,3,2,0,1,2,4,5,9,3,11,6,5,9,5,10,0,1,1,1,2,1,0,0,0,6,1,1,2,0,13,1,1,1,7,0,0,1,9,0,2,0,0,0,10,4,0,4,3,0,3,1,2,2,5,0,3,0,0,15,4,3,43,8,0,2,10,3,0,1,7,0,1,2,0,4,10,0,0,0,0,1,8,3,1,0,0,0,0,1,1,0,4,0,1,15,0,0,3,2,4,2,15,1,1,2,0,3,1,3,2,1,2,2,14,1,6,11,1,8,10,12,0,7,0,2,0,12,0,4,6,0,7,3,1,0,2,14,13,7,8,4,7,3,2,1,4,2,2,4,2,1,0,0,1,2,0,0,0,1,6,9,0,0,0,2,0,3,2,2,4,2,4,0,4,8,1,7,0,8,0,0,1,2,6,12,0,9,5,1,5,0,5,1,7,0,4,2,0,0,2,9,0,7,4
2,11,0,4,3,0,3,1,8,6,17,2,6,0,2,10,1,0,0,1,7,8,1,3,5,0,5,1,2,1,4,4,8,1,2,2,1,10,9,3,0,0,1,1,4,6,2,7,0,0,6,8,1,0,0,2,2,3,3,3,4,23,0,6,9,4,10,0,2,1,1,30,5,0,5,5,0,2,2,8,1,10,0,2,1,10,0,1,5,10,0,0,0,1,3,7,6,1,3,1,0,0,4,0,2,4,1,3,0,1,1,0,0,6,3,0,0,3,2,0,4,4,1,15,5,1,3,6,0,0,3,2,0,2,1,5,1,2,2,4,0,0,2,1,0,1,2,0,1,1,0,3,0,2,0,0,1,0,4,0,8,0,1,1,1,9,1,2,37,0,12,8,10,2,2,0,0,1,12,3,0,10,0,9,0,21,11,15,12,1,4,7,2,6,4,1,8,0,1,6,1,0,34,28,1,5,1,1,0,0,3,2,4,1,0,0,0,6,1,4,0,4,13,0,1,1,3,3,0,0,1,0,1,1,13,6,18,3,3,5,0,8,0,5,3,5,1,1,3,3,0,3,12,1,3,1
3,9,0,2,2,2,2,0,1,49,13,2,0,1,0,20,11,0,0,0,6,2,2,11,0,0,4,0,2,0,1,3,12,0,1,0,1,12,7,3,2,2,2,1,1,1,3,11,0,2,2,7,2,1,0,0,5,2,1,2,0,13,2,5,9,6,13,0,2,1,0,3,2,4,1,0,9,5,1,0,2,12,0,1,0,7,2,1,2,9,1,2,0,3,0,5,2,0,1,0,0,5,0,3,3,1,0,2,0,1,28,0,2,52,11,0,0,4,5,0,1,6,0,6,0,5,0,5,0,0,1,2,0,1,3,5,0,1,16,4,5,1,1,1,3,1,41,0,1,3,1,18,0,16,0,0,0,3,1,2,1,0,4,0,1,15,1,3,13,0,9,11,14,0,8,0,0,0,13,0,2,5,2,7,2,0,0,1,14,1,0,6,6,4,2,1,1,3,0,4,2,0,1,2,1,1,2,0,0,0,1,5,19,1,0,1,3,3,3,10,5,4,4,2,1,7,4,5,5,0,1,2,0,0,0,6,11,3,6,7,1,6,3,9,0,5,1,2,6,0,0,2,11,0,0,4
0,30,1,2,0,0,0,1,5,11,8,3,2,1,0,13,1,0,0,1,5,12,0,5,2,0,17,8,3,0,6,5,6,3,0,9,1,7,8,1,8,5,1,1,2,3,2,6,5,1,0,9,0,7,0,0,19,0,3,3,0,30,4,8,12,8,7,1,1,3,0,1,0,1,10,2,9,2,2,3,7,10,5,2,3,11,0,4,1,15,0,11,1,2,1,4,1,0,2,4,0,1,7,0,7,0,1,1,0,0,4,0,2,6,2,1,0,3,6,0,1,6,0,39,0,1,1,10,0,1,1,2,0,1,1,3,1,5,1,14,0,1,0,0,0,0,3,0,0,2,1,3,0,1,0,0,0,1,9,1,4,0,2,1,0,9,4,8,15,0,18,7,8,0,7,5,2,0,10,4,5,8,0,10,0,0,0,4,20,1,13,12,4,7,6,1,3,2,3,4,0,5,0,0,2,1,0,0,4,0,0,1,4,0,2,0,1,1,3,4,1,6,3,0,0,4,5,4,6,5,2,0,1,6,1,10,7,0,2,6,1,8,1,9,0,18,2,12,5,0,0,5,6,0,1,5
1,13,1,1,1,4,0,15,15,5,10,2,5,3,0,9,1,0,1,1,14,0,2,3,1,3,13,5,8,1,6,6,8,2,4,7,0,9,6,1,4,8,2,2,5,36,4,13,0,0,0,5,1,5,0,0,9,2,0,1,3,17,1,7,10,4,10,1,1,1,2,2,6,0,1,3,0,2,9,0,5,19,4,0,3,11,0,3,2,8,0,2,0,2,1,8,1,5,0,0,0,0,10,0,0,0,1,1,1,2,2,1,0,1,4,0,0,8,2,0,2,3,1,19,2,0,0,6,0,0,0,1,0,1,3,4,2,1,3,8,0,1,2,2,0,0,2,0,0,1,0,4,0,2,0,1,0,3,1,0,2,1,0,1,1,16,4,10,16,0,11,11,10,1,9,8,1,0,11,0,0,6,0,7,1,0,0,1,22,1,1,5,2,11,8,4,3,3,7,6,0,4,2,2,3,3,0,0,2,3,0,0,3,1,2,1,0,0,5,4,1,10,3,3,6,0,6,4,3,2,0,0,0,1,4,3,12,3,0,9,3,5,2,4,0,4,0,1,5,0,2,3,5,1,1,8
1,8,0,3,3,1,1,1,2,49,9,1,1,0,2,26,1,0,0,1,5,5,0,3,4,2,5,1,1,1,1,3,10,1,1,0,7,8,6,0,2,1,0,0,1,2,0,10,0,10,2,9,1,3,0,0,8,2,0,13,0,16,2,8,11,6,10,1,2,3,3,1,1,2,2,0,11,2,3,0,0,9,0,1,3,14,0,2,2,15,1,0,23,0,0,4,6,0,1,1,1,2,0,1,3,2,0,1,0,0,14,6,2,46,7,5,3,7,6,1,0,12,0,6,4,0,3,6,3,0,0,4,0,1,0,2,1,1,0,3,0,0,4,3,3,5,24,0,0,2,0,10,1,10,0,0,0,5,8,0,2,0,2,3,2,14,3,9,9,1,8,8,14,2,2,0,1,0,10,1,1,8,1,11,2,1,5,4,13,2,1,15,2,3,3,1,0,0,1,1,3,0,3,0,2,3,1,1,0,4,1,2,5,1,0,1,1,1,3,5,0,1,4,0,1,1,7,1,6,0,4,0,2,2,0,8,8,0,1,2,1,8,0,7,1,6,0,1,3,0,0,2,13,1,2,0
0,5,1,0,0,1,1,0,3,4,11,2,0,2,1,11,1,0,0,2,4,0,0,0,0,2,1,3,2,0,0,4,11,2,0,2,0,13,13,2,15,17,1,0,4,0,3,9,0,0,0,8,2,2,0,0,8,0,1,0,2,21,3,6,12,7,11,3,2,0,0,7,2,1,0,1,1,0,7,4,3,11,0,3,0,12,1,0,3,8,0,3,0,1,0,13,1,3,0,1,0,3,0,0,0,0,1,3,0,0,2,0,0,2,18,1,0,11,3,0,0,5,0,19,1,9,0,3,0,0,1,0,1,5,10,5,0,1,4,8,1,1,0,0,1,0,2,3,3,2,0,4,4,5,0,0,1,1,1,0,3,0,3,4,1,11,3,9,21,0,7,10,11,5,7,0,3,4,11,0,0,6,3,12,3,0,0,4,30,0,2,8,10,1,24,0,3,5,18,3,1,5,0,0,2,3,0,0,12,0,0,3,3,1,0,0,2,0,2,1,0,9,2,2,2,3,4,5,0,6,2,1,1,0,4,6,12,5,3,6,0,6,5,6,0,5,1,0,3,0,0,13,6,0,0,2
2,6,0,4,1,5,2,0,7,41,8,3,1,2,0,10,6,0,0,4,4,4,0,1,1,0,2,0,0,0,2,0,9,0,2,2,1,7,5,0,0,1,0,1,6,1,3,7,3,4,0,15,2,0,0,0,5,7,3,3,1,15,0,9,5,10,7,0,0,2,1,0,2,1,2,2,9,1,3,2,0,8,1,2,1,8,1,1,0,9,0,2,1,4,1,8,2,0,0,10,1,3,1,3,2,12,0,2,1,0,6,1,0,21,18,1,0,4,6,0,0,12,0,6,2,1,6,6,1,2,0,1,1,3,1,3,1,0,12,1,1,2,1,6,4,0,31,1,2,11,4,7,0,13,0,2,0,0,1,5,5,0,4,1,1,13,5,11,11,4,14,6,10,1,1,0,4,1,10,2,2,9,2,9,0,1,0,2,11,4,0,8,3,5,1,2,0,7,1,3,4,1,0,0,2,5,5,0,0,0,4,0,22,3,1,0,3,0,0,8,0,2,5,4,0,3,7,1,5,0,3,1,2,0,0,8,9,3,3,5,1,8,2,10,0,8,0,0,5,0,1,3,6,0,6,3
2,8,2,2,2,3,0,3,7,49,11,1,6,0,2,26,3,4,0,0,6,7,0,2,0,1,6,0,0,1,1,3,9,0,1,0,7,11,7,1,2,3,0,0,0,1,3,7,1,1,1,8,1,1,2,0,5,2,0,6,1,20,4,8,12,5,14,0,2,3,0,1,0,1,2,1,18,1,0,2,1,23,2,1,1,12,1,1,1,9,1,2,0,7,14,12,2,0,0,1,2,1,2,2,1,7,1,2,0,1,3,0,2,30,13,2,2,5,5,0,1,4,0,5,2,3,1,5,3,2,0,1,0,2,2,0,1,2,0,5,0,1,0,3,1,1,12,0,0,4,2,3,0,17,2,0,1,1,0,6,1,1,15,1,0,14,2,16,12,0,5,9,11,2,3,0,1,3,10,1,2,9,4,14,2,3,1,4,19,2,4,6,5,2,2,2,0,1,1,3,4,5,2,1,0,2,1,1,1,0,1,1,12,3,4,0,2,0,13,4,2,0,4,1,0,1,3,0,1,1,4,1,0,0,0,5,10,1,0,5,0,6,1,7,1,5,0,1,4,0,0,2,10,1,1,2
3,10,3,0,3,1,0,1,4,5,11,2,19,2,1,14,3,0,0,2,7,6,1,3,1,2,20,0,3,1,2,5,9,1,4,4,1,9,11,0,10,7,1,0,0,2,2,10,0,2,0,11,3,0,0,2,6,3,0,1,2,21,4,5,11,10,11,2,0,0,2,1,0,0,4,1,0,2,6,8,4,18,0,4,0,6,1,0,2,9,0,2,1,0,0,7,1,4,2,4,1,0,5,1,3,0,6,0,1,1,5,2,2,4,4,0,0,7,7,1,0,6,0,9,0,0,3,6,0,0,0,3,1,2,5,8,4,0,3,12,0,0,1,0,0,0,1,2,0,2,0,6,0,4,0,1,0,2,5,2,4,1,1,0,7,12,0,13,13,0,15,12,10,2,6,1,0,0,11,0,2,12,0,10,2,4,0,4,29,1,3,5,1,14,13,4,1,3,11,6,0,2,1,0,0,1,2,1,6,3,4,2,2,0,0,1,1,0,1,6,0,10,4,0,7,0,2,3,1,0,1,0,0,1,0,5,10,2,0,4,0,5,1,7,0,9,4,1,3,0,0,1,9,0,5,8
6,11,3,1,2,1,0,2,3,25,9,5,6,2,0,25,1,3,1,1,3,1,1,3,1,7,3,0,2,0,3,3,12,1,0,0,0,10,4,0,3,1,0,1,5,1,1,7,3,1,0,8,1,2,0,2,6,2,1,0,1,21,2,6,7,7,9,0,0,2,1,0,2,1,0,0,22,2,3,1,2,9,0,3,2,12,1,1,3,8,0,2,1,3,2,3,1,3,1,0,0,2,0,0,9,9,0,2,1,0,22,0,9,33,7,0,1,7,3,4,0,6,1,2,4,1,1,5,0,3,0,0,0,8,4,4,12,0,27,5,0,1,2,1,3,1,10,0,0,12,0,15,0,19,2,1,6,11,0,0,8,0,1,4,2,15,2,7,18,1,8,9,9,1,4,1,2,0,12,0,0,9,2,9,1,1,2,3,14,4,2,7,7,1,2,2,1,2,2,4,3,4,3,1,0,2,1,2,0,4,4,2,7,1,0,1,0,1,3,4,1,3,12,2,0,3,7,4,4,0,1,3,0,0,2,5,7,2,1,9,0,8,1,6,0,5,0,2,1,0,1,11,7,0,3,1
2,8,0,1,1,3,13,0,1,37,10,6,1,2,1,19,1,0,0,3,8,1,2,1,1,0,5,1,4,0,4,0,7,1,1,2,1,6,7,0,1,0,0,2,3,3,2,7,3,0,0,7,4,2,0,0,9,2,2,4,1,16,3,7,8,6,10,2,1,1,0,0,1,2,0,0,4,2,1,0,1,10,8,0,2,7,0,2,0,11,1,1,0,5,0,4,0,1,0,23,23,0,0,0,2,6,0,1,0,0,31,1,1,43,18,0,0,1,5,0,0,26,1,3,2,3,0,4,0,0,0,0,0,6,1,3,0,1,4,1,1,0,2,1,0,0,31,0,0,12,1,9,0,4,1,0,0,5,2,2,3,0,1,2,1,9,2,9,13,0,8,10,11,0,2,0,3,2,11,0,2,10,1,9,1,0,1,0,16,2,5,9,3,4,0,7,2,0,0,3,3,3,2,1,10,3,2,2,0,0,2,0,4,1,1,2,0,1,1,4,0,2,4,0,0,0,6,0,2,0,0,0,1,0,1,4,8,0,0,7,0,6,2,6,0,4,0,1,4,0,4,0,8,0,5,6
1,18,1,3,0,3,1,0,3,22,12,0,2,0,0,11,2,0,1,0,4,0,0,7,1,3,9,1,0,0,0,2,13,0,0,2,0,11,20,0,7,2,0,0,0,3,3,10,0,2,0,5,4,0,0,0,11,2,0,8,0,31,4,3,12,4,13,0,1,0,3,5,2,0,0,1,6,1,12,0,3,14,5,1,6,2,1,0,4,7,0,3,1,6,2,6,2,1,1,0,3,1,3,0,3,4,4,0,1,2,13,3,2,20,6,2,1,1,1,0,0,3,0,13,0,0,2,7,0,1,3,0,0,4,1,1,2,0,1,4,0,1,0,3,0,0,8,1,2,1,1,1,0,6,0,1,0,9,3,0,13,2,2,4,0,19,1,2,15,0,9,11,13,0,3,2,7,0,12,0,0,7,1,9,3,2,0,9,27,1,13,8,2,2,9,1,13,4,8,6,2,4,1,0,0,0,7,1,1,1,2,2,13,0,0,1,0,3,5,4,1,3,4,0,0,0,9,1,12,1,2,0,0,1,0,3,14,2,0,8,3,4,3,3,0,5,2,5,3,1,0,7,9,1,2,2
0,21,2,1,0,3,1,1,2,3,13,3,5,5,2,17,7,0,0,0,6,3,0,2,2,0,7,0,1,0,0,4,12,1,0,0,1,11,23,7,15,5,0,1,2,5,3,10,6,1,0,5,2,6,0,1,12,0,0,0,2,29,5,4,14,4,13,0,1,1,0,12,1,2,2,1,1,2,10,2,27,14,0,0,1,3,0,1,0,4,0,5,4,1,0,6,2,2,2,1,0,4,0,0,4,5,0,1,0,0,3,2,3,4,5,1,2,2,2,3,2,3,1,14,0,1,0,3,1,0,0,2,0,1,1,3,1,2,1,6,1,0,0,0,2,0,1,0,1,0,1,4,0,1,1,0,0,0,5,0,1,0,0,0,2,12,4,3,18,3,4,12,13,4,5,3,1,0,16,0,3,4,0,9,1,0,0,0,16,0,4,4,8,10,9,1,0,5,13,8,0,2,0,1,0,2,4,0,9,0,2,4,4,1,2,2,1,1,3,7,2,2,0,4,2,0,9,1,14,0,10,2,0,3,2,4,12,3,3,7,6,4,3,5,0,1,2,0,3,1,0,4,11,5,2,1
1,10,1,4,2,6,2,0,1,36,13,0,3,2,3,15,0,0,0,1,14,4,2,1,0,1,14,1,2,0,3,4,10,2,0,3,0,11,11,0,4,1,1,1,3,3,1,11,1,2,0,3,4,5,0,1,9,3,2,1,5,11,3,4,9,2,12,0,3,1,1,1,2,1,0,1,2,2,0,0,0,20,0,0,0,3,1,1,0,6,2,2,0,1,0,8,4,1,2,2,1,1,3,1,5,10,1,1,0,0,3,1,2,7,24,3,2,0,10,7,0,5,1,11,0,0,1,4,0,1,4,2,1,2,1,7,0,0,2,3,0,1,0,4,0,4,11,0,0,6,1,2,0,6,0,3,3,1,5,1,1,3,1,3,2,16,3,8,13,1,4,12,15,2,4,3,2,1,16,0,0,4,0,8,2,0,2,1,8,1,4,4,2,9,8,3,0,2,7,4,1,1,1,0,0,0,1,0,1,3,2,1,6,2,0,0,2,3,2,4,2,5,1,0,0,0,4,2,3,0,1,0,0,0,0,2,13,2,0,8,1,3,1,2,0,6,0,9,1,0,2,1,9,0,1,1
1,13,1,1,0,3,0,1,6,45,10,3,0,0,1,21,1,0,0,2,7,1,0,4,8,1,3,1,0,2,1,1,9,1,0,0,2,8,3,1,1,0,0,0,1,1,0,9,5,0,0,10,3,0,0,0,3,2,0,0,0,12,2,8,11,7,9,1,0,2,1,3,1,1,3,0,5,1,0,0,0,10,2,0,3,8,1,0,2,9,0,2,0,3,2,4,1,4,0,20,0,4,3,1,4,2,0,4,2,0,19,1,0,49,16,1,0,0,7,0,1,19,0,3,1,1,1,7,0,0,2,0,0,1,2,4,1,0,5,2,1,1,2,5,1,2,25,0,0,5,1,6,0,9,0,5,1,2,1,3,1,0,0,0,4,10,0,2,13,1,7,8,14,0,3,0,4,0,13,1,2,8,2,9,2,2,0,2,12,0,4,11,7,2,0,0,0,5,1,0,3,1,0,1,0,1,1,0,0,0,0,1,3,2,3,0,1,1,0,6,1,0,5,0,0,1,4,0,5,1,2,3,0,2,0,7,8,1,0,6,1,9,1,8,0,6,1,7,7,0,0,0,6,1,10,3
0,8,1,0,0,1,2,0,7,5,12,1,0,1,0,12,0,0,1,0,4,0,1,2,0,0,2,0,8,0,3,2,10,2,1,3,1,9,19,21,12,13,0,1,3,1,1,9,9,0,0,7,8,1,0,0,11,1,1,1,3,21,2,7,6,6,10,0,3,2,3,1,3,0,1,0,1,1,1,1,1,11,4,3,1,5,1,2,2,6,0,3,0,1,0,8,1,0,0,0,1,0,10,1,1,0,0,2,0,3,5,6,3,1,2,0,1,0,10,1,3,5,0,41,0,2,1,10,0,0,0,1,0,2,2,2,0,0,5,5,1,1,0,2,0,1,0,0,0,0,2,2,0,1,0,0,0,1,2,0,5,0,2,2,1,10,2,7,9,1,11,11,9,1,8,0,0,3,15,0,3,7,1,10,2,0,0,2,35,0,1,10,7,8,9,0,0,5,7,4,5,3,5,3,0,2,1,0,2,1,0,0,2,1,1,2,0,2,0,4,0,7,5,0,0,0,5,6,2,4,3,0,0,1,1,6,10,2,3,7,4,6,3,6,0,5,0,15,3,0,1,11,9,0,1,2
1,30,1,1,0,5,0,0,19,14,12,5,7,0,0,12,1,0,0,0,5,0,0,5,4,0,13,4,4,0,10,4,10,1,2,2,1,11,15,0,2,6,0,0,6,2,4,13,2,1,1,5,1,2,0,1,8,0,0,0,0,34,2,4,10,5,11,0,0,1,0,1,2,1,4,0,0,1,3,0,0,11,5,1,6,12,0,1,2,7,0,2,2,2,3,3,0,2,1,3,0,3,12,4,1,0,1,0,0,1,18,1,5,19,6,1,0,4,2,1,0,3,0,23,2,0,1,7,1,2,2,2,1,3,4,7,1,1,4,11,0,0,0,5,0,1,5,0,0,0,2,2,0,4,1,0,0,5,6,0,1,0,3,3,2,16,2,5,15,0,10,11,18,1,7,7,2,2,15,0,0,8,0,14,3,0,0,3,20,7,11,6,4,7,4,0,1,2,5,6,0,4,0,0,2,2,3,1,1,0,7,2,3,2,1,0,0,1,0,7,3,7,3,0,0,0,8,2,1,0,0,0,1,0,0,5,10,1,1,5,2,5,3,4,1,4,3,8,18,0,0,7,10,0,1,2
1,7,0,3,2,1,0,8,1,49,11,6,4,3,7,15,0,0,1,0,8,10,1,1,0,1,8,2,1,0,1,2,12,0,1,2,1,9,14,1,7,3,0,0,5,1,0,9,8,2,0,6,0,0,0,0,16,1,1,3,1,30,1,5,10,15,11,1,4,1,0,2,2,2,2,2,1,1,1,1,6,15,0,3,1,10,1,2,1,8,0,4,1,1,3,11,6,27,1,2,1,5,1,0,1,1,0,3,0,1,1,0,2,10,15,0,0,0,6,0,0,6,0,14,1,1,2,5,0,1,2,2,0,3,1,3,0,2,6,7,1,0,1,0,0,1,7,0,0,2,0,2,0,2,0,2,0,0,1,8,6,2,8,3,3,12,2,10,19,0,10,10,14,1,5,2,1,0,20,1,0,13,3,12,0,0,1,13,28,1,0,7,5,19,7,1,1,4,1,4,0,7,3,1,0,2,1,1,3,0,2,2,4,0,1,1,0,3,2,5,1,3,4,1,0,3,5,2,1,0,3,0,0,0,3,6,10,2,4,8,0,7,1,6,0,6,0,3,5,0,2,1,10,0,1,1
1,17,0,4,0,2,18,1,0,16,10,4,5,3,2,12,1,0,0,10,13,1,1,4,6,1,2,1,1,0,1,5,7,0,10,1,1,9,16,0,4,14,1,1,3,1,1,6,0,1,1,9,0,3,1,0,5,2,1,3,0,18,1,7,11,26,10,0,3,3,1,4,2,1,1,1,2,0,9,1,0,14,2,1,0,7,0,5,1,9,0,10,0,1,5,5,0,0,0,3,0,0,2,2,1,0,4,0,0,0,1,0,5,8,8,2,1,2,5,1,0,8,1,3,1,0,0,5,1,1,1,8,0,1,0,3,2,1,3,1,0,2,1,2,0,0,3,1,0,0,3,1,3,36,0,1,1,1,4,0,4,1,3,5,1,8,1,8,16,0,13,8,10,0,3,2,2,3,10,1,0,9,2,12,0,0,0,0,15,1,2,9,8,0,7,1,1,2,3,4,2,1,1,0,1,0,0,0,0,0,4,1,14,0,0,0,2,0,3,3,3,8,5,0,0,2,3,3,0,5,2,0,1,0,1,7,8,1,1,9,1,8,0,7,0,9,4,0,3,0,2,0,5,1,0,2
1,22,0,1,1,4,7,0,11,18,8,23,3,6,0,13,0,3,0,0,7,2,0,4,4,0,7,2,2,1,7,2,8,0,0,2,0,7,6,3,6,10,3,1,2,4,4,7,2,0,0,12,1,0,0,0,15,4,1,0,0,34,1,8,8,8,8,0,0,1,0,0,2,0,0,0,1,0,1,1,0,11,0,3,0,7,0,2,8,10,1,5,0,1,2,5,0,4,0,1,0,1,11,2,1,0,0,1,0,0,0,1,0,36,0,2,0,0,0,0,2,9,1,27,0,4,0,6,0,0,0,4,0,1,1,1,0,0,5,7,0,2,0,1,0,0,2,0,0,1,1,3,2,5,0,0,0,1,6,1,7,1,0,0,2,8,4,13,17,1,13,9,8,0,9,2,1,0,17,1,1,9,4,10,0,1,0,3,31,2,8,9,11,4,12,1,3,4,2,10,0,1,2,0,2,1,1,1,1,1,2,2,5,1,0,0,0,2,1,3,0,4,3,1,0,3,6,1,4,0,1,0,0,0,0,8,10,1,2,3,0,8,0,8,0,6,0,0,4,0,0,2,6,3,1,1
0,36,1,0,0,1,2,0,19,3,16,3,9,3,1,10,0,0,0,0,5,2,2,0,0,3,8,6,2,0,16,3,15,1,2,2,1,14,10,2,7,12,2,0,3,2,3,15,2,0,0,5,4,3,0,0,13,1,1,0,0,23,4,3,14,7,13,0,0,0,0,0,2,0,0,1,2,0,1,0,2,16,0,2,0,5,0,0,1,6,1,4,1,0,4,8,2,1,0,0,0,2,19,1,3,0,0,1,0,3,2,0,1,2,0,0,2,0,2,0,1,3,0,30,0,1,1,3,0,0,0,1,0,2,0,4,1,0,2,5,1,0,1,0,0,1,0,0,1,1,0,10,1,2,0,0,0,1,6,1,2,1,0,1,1,13,4,5,11,1,13,13,13,1,5,9,0,1,16,0,1,3,3,6,1,0,0,2,24,0,9,5,4,6,6,0,0,0,6,10,0,1,2,2,0,1,0,0,3,0,2,3,1,0,1,1,0,0,2,3,0,7,5,0,0,2,10,2,4,0,1,0,2,0,3,4,14,2,0,13,2,3,0,3,0,6,2,2,5,0,0,3,8,0,0,7
6,9,0,1,0,5,2,0,3,42,8,3,0,2,1,21,0,1,1,2,8,2,1,2,4,0,6,6,2,0,6,6,11,1,0,4,0,7,7,5,2,0,1,1,6,0,2,8,2,1,2,10,2,5,0,0,4,1,1,4,1,20,2,7,6,8,8,3,2,5,0,2,1,1,0,2,6,2,0,0,1,22,4,1,0,4,1,1,2,6,0,0,0,12,4,1,2,0,2,0,0,0,0,1,0,3,1,1,1,0,8,4,1,19,7,0,1,3,2,2,1,7,0,2,1,0,4,4,0,1,1,2,1,5,2,4,0,0,2,3,0,1,0,0,3,0,11,0,0,1,2,7,1,8,0,1,4,21,1,4,3,1,6,4,5,12,4,4,8,0,7,10,9,1,11,1,2,0,11,0,0,8,1,9,1,0,0,4,14,7,3,6,2,4,0,2,1,0,3,2,5,3,1,0,0,1,2,0,0,0,3,3,5,1,1,0,2,0,2,1,0,0,3,0,1,0,8,5,5,0,6,3,0,0,0,7,8,2,2,5,0,6,1,6,0,4,4,8,3,0,0,1,9,0,4,0
1,20,0,1,1,5,1,0,9,28,15,3,6,2,1,21,0,0,0,0,6,1,0,6,3,1,7,5,2,0,8,5,13,0,0,1,1,12,14,0,7,5,0,0,5,6,0,12,2,10,0,7,3,2,0,0,9,1,1,5,1,22,3,3,10,4,15,0,0,2,0,1,2,1,0,0,5,0,6,0,3,15,0,5,0,6,0,1,4,4,0,4,1,0,1,6,0,0,3,0,0,1,8,2,0,1,3,0,0,0,4,6,2,22,2,0,0,5,4,0,1,3,0,9,4,1,0,3,0,0,0,1,0,2,1,2,1,0,3,4,0,0,1,0,0,0,0,1,0,0,1,2,0,8,0,0,0,0,3,3,0,0,3,3,7,18,7,8,16,0,11,13,15,3,9,5,2,5,17,1,2,5,0,11,3,0,0,8,16,2,10,3,1,7,5,2,2,4,7,9,2,6,0,2,0,2,0,0,2,0,4,2,1,1,2,0,0,2,2,6,0,2,5,1,3,1,9,3,3,1,2,2,0,2,0,3,13,4,1,18,2,4,0,4,0,3,0,0,3,0,1,0,10,0,0,14
0,15,1,1,0,0,0,1,10,6,15,3,4,0,3,11,0,1,0,0,7,0,0,1,0,1,6,3,3,0,13,3,13,1,0,0,2,10,12,0,18,16,1,1,4,5,2,10,9,0,1,7,1,1,0,0,28,2,1,0,4,37,6,5,16,5,11,1,3,0,2,8,4,3,4,0,1,4,12,1,0,12,7,5,0,3,0,2,0,7,1,5,0,0,3,9,1,2,2,1,0,0,4,0,0,0,0,0,0,4,6,2,3,3,1,2,0,8,11,0,1,4,1,32,2,2,0,9,1,0,1,2,0,3,1,5,1,1,10,9,0,1,0,0,1,1,2,1,0,1,0,4,1,1,1,2,0,1,4,2,6,0,1,4,6,12,3,4,22,0,6,11,12,0,4,3,2,0,12,1,1,9,0,7,4,0,0,10,22,0,5,5,1,10,8,1,0,6,5,15,0,6,4,2,0,0,3,1,4,0,1,6,1,1,2,0,0,0,4,5,0,3,5,1,0,10,9,1,1,6,1,0,2,1,1,4,11,2,3,11,0,4,0,4,0,5,2,9,3,0,0,1,6,0,0,4
0,16,1,0,1,1,2,4,8,15,15,2,8,3,1,11,0,0,0,0,13,1,1,2,1,1,21,2,2,1,6,5,13,0,0,2,0,15,17,1,7,10,1,0,2,11,1,12,2,0,0,3,3,6,0,0,12,2,2,0,0,35,2,3,16,4,14,0,0,1,0,1,4,1,3,1,6,0,6,4,0,23,1,3,0,6,0,1,2,11,0,4,0,0,0,7,0,2,0,1,2,2,4,0,0,2,0,5,0,0,4,0,1,13,10,0,0,2,2,0,0,3,0,14,0,1,5,2,0,1,1,4,0,3,0,8,1,2,5,7,0,0,0,1,0,1,0,1,0,5,0,5,1,5,0,0,0,1,3,2,3,1,2,1,4,15,3,2,23,0,4,15,15,0,4,3,4,0,21,1,0,4,1,4,2,1,1,9,22,1,2,3,4,23,10,0,27,4,6,9,1,11,2,2,3,5,9,2,1,2,2,2,4,0,4,2,1,1,0,4,3,2,11,0,1,0,7,2,0,1,0,0,1,1,0,2,15,2,0,8,1,2,1,2,0,1,0,0,1,0,0,2,6,0,1,2
0,18,2,0,1,2,0,0,13,12,7,2,6,0,1,11,1,0,1,0,6,2,0,4,2,3,7,3,1,0,6,2,5,0,1,1,0,8,4,1,9,9,0,0,7,3,5,5,0,2,0,14,3,0,1,0,4,0,0,4,0,27,1,9,6,10,6,0,0,1,0,2,7,0,0,0,2,0,2,0,6,10,1,0,0,6,0,1,6,12,4,4,0,1,1,7,2,0,2,0,0,0,13,0,1,0,2,1,0,1,4,0,1,9,1,1,2,5,1,4,0,12,2,16,0,1,2,6,2,0,0,2,1,1,0,5,3,0,0,5,0,2,0,2,0,0,1,3,0,1,1,1,1,2,0,0,0,0,10,0,6,0,3,0,3,5,4,15,13,1,12,5,9,4,7,0,0,2,7,0,0,11,1,14,0,1,0,1,15,0,3,10,9,4,12,3,0,10,9,9,0,0,1,1,1,0,3,0,4,1,0,1,5,1,0,1,1,2,1,2,0,4,1,0,8,2,4,1,0,2,0,0,0,2,1,12,6,1,1,4,0,11,1,10,1,14,0,0,2,2,2,4,4,1,1,10
3,14,0,4,0,1,0,1,19,49,8,1,1,3,0,14,3,0,0,1,7,0,1,1,1,1,6,2,3,1,3,4,10,0,0,2,0,9,16,1,4,3,1,0,6,2,0,7,9,2,1,7,1,3,1,0,5,4,1,5,6,23,1,7,9,5,12,0,4,1,1,0,4,1,6,1,3,3,2,2,2,8,1,4,1,8,1,3,3,8,0,0,0,0,4,5,1,10,3,1,2,2,3,1,0,2,0,2,1,0,6,1,1,38,12,1,1,2,6,2,1,14,0,9,3,4,7,2,1,1,2,2,0,2,0,2,3,1,1,13,1,2,0,0,0,2,5,0,0,4,1,4,2,4,0,0,1,2,1,7,3,2,0,1,3,10,6,4,14,0,8,8,11,2,3,4,1,17,13,1,0,12,9,8,1,0,0,5,18,5,5,10,4,13,5,1,6,3,4,10,3,6,1,0,0,2,6,1,6,1,1,3,11,4,2,0,3,1,1,3,3,4,2,0,0,0,7,1,4,2,2,0,1,0,1,17,10,1,1,6,0,8,1,6,0,6,4,0,2,0,0,0,6,0,0,3
1,9,0,2,0,0,0,0,3,38,10,4,4,1,2,22,3,1,0,4,10,0,0,7,1,0,1,2,1,0,6,1,9,1,0,0,14,8,3,3,0,0,1,1,7,2,3,8,1,2,0,20,0,1,0,4,6,2,0,3,3,17,2,9,6,6,9,0,0,7,0,0,2,1,1,1,5,1,1,0,2,9,1,0,0,11,2,5,2,10,0,1,0,5,0,5,1,0,1,0,1,0,0,0,2,0,0,2,0,6,6,8,4,22,9,0,1,13,0,0,0,10,0,7,1,0,2,8,0,1,2,5,0,2,0,2,0,0,1,13,0,2,1,4,0,2,29,0,0,2,3,16,0,23,4,0,2,3,1,4,5,1,1,4,2,11,0,6,11,0,9,9,10,1,2,1,3,1,10,0,0,8,5,8,0,1,0,3,18,1,2,6,4,6,0,1,1,2,0,9,3,2,0,3,0,2,0,1,0,2,2,2,6,0,0,0,0,1,1,5,1,1,4,0,0,3,4,1,5,0,2,3,0,1,1,9,10,1,2,7,1,6,3,6,0,12,1,2,5,0,0,0,10,1,1,3
4,7,0,1,3,3,0,1,4,32,5,3,2,3,0,9,0,0,0,3,5,0,1,1,1,0,4,0,1,0,4,4,4,0,0,1,4,5,7,1,0,4,1,0,4,2,0,4,1,1,1,11,1,0,0,0,1,4,1,4,1,17,1,11,6,12,10,1,0,4,0,0,0,2,1,0,1,0,1,2,0,28,1,1,1,12,0,2,1,14,1,0,0,8,3,2,2,1,0,5,1,1,1,3,0,3,0,4,0,0,13,0,1,46,14,0,3,4,1,0,1,12,0,3,2,1,0,8,0,0,6,0,0,0,0,2,0,3,0,0,0,0,1,2,4,1,13,0,0,1,2,11,3,4,0,0,1,0,0,12,11,0,16,1,0,9,0,6,9,0,12,6,8,0,5,2,2,1,7,0,0,13,16,16,1,0,0,3,15,3,2,30,4,4,1,0,1,5,2,5,3,4,1,1,0,1,0,0,0,1,0,2,6,0,1,0,2,0,1,2,0,1,2,0,0,0,4,0,2,0,1,0,0,0,1,11,5,0,2,4,0,13,2,11,0,12,0,0,5,0,1,0,6,0,0,5
2,8,1,1,2,3,1,0,1,44,11,2,3,1,1,30,5,1,0,2,7,6,2,1,0,0,9,1,0,1,5,1,10,0,1,2,4,10,2,0,2,0,1,1,3,3,1,13,4,2,7,9,3,6,2,1,3,1,0,2,3,12,3,7,9,6,12,0,1,2,0,5,0,0,2,0,2,0,1,1,1,11,1,1,2,3,0,0,4,6,0,1,0,1,0,9,3,1,4,2,0,0,1,1,0,3,0,3,1,7,11,0,6,26,20,0,0,12,4,0,5,7,0,6,1,1,0,5,4,1,2,1,0,5,2,6,1,2,3,6,1,5,0,4,2,1,26,0,0,6,2,13,0,7,1,0,1,2,2,1,3,0,2,1,2,13,5,10,13,2,8,11,11,0,5,2,3,0,14,0,0,6,0,8,1,1,0,4,9,4,3,5,4,4,1,2,1,2,2,4,5,3,4,1,0,0,0,0,0,1,1,1,6,4,0,0,1,2,6,3,2,2,3,0,0,5,3,1,1,0,1,0,1,1,3,6,11,1,5,6,2,5,1,7,0,7,0,0,2,3,0,1,10,1,2,3
1,13,0,1,2,7,0,1,4,4,16,6,5,4,3,21,1,3,0,0,13,5,1,3,7,0,12,1,3,0,2,1,14,1,1,1,3,15,14,3,7,4,1,2,6,6,0,14,1,2,3,5,1,2,3,1,12,1,2,19,4,25,3,2,19,7,13,1,1,3,1,3,0,2,8,1,4,2,4,2,3,13,1,4,2,4,0,0,9,10,0,2,1,0,24,8,1,0,1,0,3,1,4,3,2,0,1,0,0,0,1,1,1,1,0,22,1,3,9,0,8,2,0,9,0,0,0,0,0,1,0,0,0,4,1,4,0,1,3,3,2,1,0,2,3,0,2,0,0,0,0,6,0,0,0,5,1,0,8,0,3,1,2,5,3,16,2,1,12,1,4,13,14,2,1,0,3,0,16,2,0,5,0,5,2,4,13,1,20,0,2,2,4,7,2,1,3,3,9,3,0,2,18,0,1,3,1,0,3,0,5,3,1,0,1,0,1,0,5,9,2,2,3,1,0,0,4,6,3,0,4,6,1,0,4,3,13,0,1,7,2,4,0,2,1,10,0,2,0,7,0,2,11,1,0,3
0,6,0,2,3,2,0,1,2,41,10,4,2,3,2,13,2,0,1,0,7,8,3,5,3,0,4,0,1,0,3,5,9,0,1,1,5,10,3,2,0,0,1,1,1,2,0,8,0,2,2,11,4,0,0,3,6,3,3,4,1,13,1,9,5,9,10,0,1,3,0,2,6,1,1,0,4,1,0,1,0,10,7,0,1,14,1,0,0,10,0,2,0,2,2,4,0,0,0,5,2,1,1,4,1,5,0,2,1,0,26,2,1,47,10,0,3,8,3,0,4,12,0,2,2,2,4,8,1,0,0,0,0,3,7,4,0,0,1,5,2,2,2,3,2,0,28,0,0,3,4,1,3,15,7,0,2,0,2,2,3,0,2,1,1,13,5,10,15,0,9,9,8,1,7,0,2,0,10,0,0,8,1,8,0,0,0,5,13,4,5,8,4,4,1,1,3,9,2,2,2,8,2,0,3,1,0,1,0,0,0,3,21,1,0,1,0,0,5,2,4,0,3,0,0,2,4,3,7,1,1,0,0,3,0,9,10,1,1,8,2,9,2,8,0,6,0,6,8,0,1,1,7,0,3,3
0,3,2,2,5,2,0,1,3,11,8,1,2,1,0,7,2,0,0,0,4,3,0,1,0,2,4,0,2,0,2,1,9,0,0,2,0,8,10,0,4,6,1,2,21,18,2,9,3,1,1,12,1,1,3,0,9,1,20,0,2,12,3,8,10,10,7,2,0,3,4,0,2,0,4,2,3,2,1,1,2,10,1,0,1,9,0,1,0,9,0,1,13,1,0,2,0,1,1,3,4,0,2,0,8,7,0,2,0,0,9,1,0,9,5,2,0,4,11,1,2,8,2,6,2,1,1,5,0,3,2,2,2,2,0,0,0,4,1,1,21,0,13,0,1,2,4,1,0,1,4,3,0,11,4,0,0,3,4,13,4,0,1,0,2,7,3,11,6,5,14,7,12,0,2,2,4,2,10,0,1,8,0,9,4,0,1,3,13,1,4,10,2,1,2,4,1,3,0,5,1,7,0,1,6,0,1,0,0,0,0,1,6,0,2,0,4,0,3,5,2,3,4,1,1,0,7,0,6,1,15,30,1,1,2,8,7,3,0,7,5,9,0,9,0,7,0,1,4,0,0,1,4,0,2,8
3,13,2,4,2,2,0,0,6,13,12,5,3,3,3,18,1,0,0,3,8,0,0,1,1,0,2,0,2,1,2,2,13,5,0,0,2,9,6,0,2,0,1,0,2,3,4,9,1,5,1,10,2,0,0,1,1,5,1,4,1,17,1,7,10,7,19,1,0,0,0,3,16,0,2,0,18,1,0,0,1,22,0,2,1,8,1,0,4,9,4,1,0,5,1,8,0,0,0,0,9,6,1,0,7,7,0,0,0,0,19,1,1,39,7,0,5,4,2,0,0,6,0,6,2,4,0,6,0,0,1,3,0,4,2,2,2,2,0,2,0,0,0,3,2,5,1,0,0,5,3,1,0,9,0,1,1,15,2,3,2,0,0,0,0,12,2,3,14,0,9,10,11,2,5,0,3,1,11,0,1,8,5,11,2,1,0,1,19,7,1,7,2,2,5,0,0,3,4,2,1,0,1,1,1,1,2,0,0,0,1,3,4,1,0,0,0,1,3,9,3,1,2,1,0,2,7,2,10,0,2,0,1,6,0,14,9,0,3,6,4,9,1,7,0,6,1,0,4,0,0,2,7,1,1,3
0,11,0,1,0,6,0,3,6,41,10,5,1,0,0,24,0,2,0,2,5,2,0,0,0,4,2,1,0,0,4,1,11,1,0,1,2,9,5,4,1,2,1,0,2,0,1,9,1,0,2,8,0,1,0,3,8,2,0,0,2,15,1,7,10,6,11,0,2,0,0,0,2,0,0,0,14,1,1,0,2,18,0,2,1,14,0,0,3,10,0,1,0,4,1,5,2,0,0,1,0,1,2,0,0,0,0,4,0,0,7,1,1,8,6,2,2,5,5,0,3,6,0,6,0,0,0,5,0,4,1,1,0,2,0,2,1,0,0,1,1,1,1,1,5,0,15,0,0,2,3,4,1,11,0,1,1,2,2,9,3,0,3,2,4,14,4,18,11,2,6,10,14,0,8,1,0,0,11,4,4,7,12,8,3,1,0,5,12,8,1,9,2,3,2,2,2,2,0,4,1,3,2,2,0,4,1,2,0,0,4,2,3,1,0,0,0,2,0,6,1,1,5,1,0,2,2,0,3,1,7,4,0,1,2,12,9,0,0,10,1,8,2,7,0,8,0,1,4,0,2,2,5,0,1,10
3,8,0,1,2,1,1,1,1,35,13,1,2,1,0,19,4,0,0,0,7,0,0,0,1,1,3,0,3,0,3,2,12,2,0,0,2,11,8,0,9,0,2,2,1,1,0,11,0,0,1,5,6,0,0,3,6,4,1,7,3,12,5,5,11,2,12,0,5,0,0,1,2,0,1,0,6,2,13,16,0,20,2,0,5,6,1,2,2,5,2,1,0,3,1,6,1,0,1,0,0,0,1,0,0,5,0,1,0,1,6,1,1,32,26,0,1,1,10,1,0,4,0,4,4,0,0,1,3,2,3,1,0,1,3,2,3,0,4,1,0,7,0,0,0,0,9,0,0,3,2,14,0,3,0,0,0,2,0,2,1,0,13,1,0,17,9,6,13,0,4,11,21,2,9,2,3,1,12,3,0,8,0,6,1,0,0,7,11,2,7,4,1,1,1,1,0,8,2,3,4,9,5,3,0,3,0,0,0,2,0,1,2,1,0,0,0,2,4,9,0,0,6,1,0,0,6,1,0,1,2,2,0,0,1,3,11,0,0,6,1,3,1,3,0,2,0,0,1,0,0,0,10,0,0,1
0,10,0,2,2,1,0,0,4,8,11,3,3,3,0,11,0,0,1,2,5,1,0,2,1,0,8,0,3,2,4,5,6,3,0,2,1,8,7,3,5,5,0,1,1,4,1,6,8,2,2,10,5,3,0,0,10,1,1,1,3,14,1,9,9,7,10,1,1,2,0,2,3,2,4,1,0,2,2,2,1,9,3,2,1,13,0,1,1,11,1,2,0,2,0,9,2,3,0,0,3,3,5,1,1,1,0,0,0,1,2,1,1,1,10,1,0,6,2,0,3,7,0,5,1,3,0,5,0,1,2,1,0,1,1,4,0,0,4,1,0,2,2,2,0,2,1,0,1,2,0,2,1,1,0,1,0,0,2,3,1,9,4,0,3,8,1,3,19,2,8,7,9,1,2,4,1,0,7,0,2,10,3,10,2,2,1,2,19,2,8,9,6,5,4,3,5,5,4,3,2,2,39,3,0,2,0,0,4,3,1,1,5,3,0,3,1,2,2,2,2,4,5,8,0,5,5,2,0,0,1,30,1,0,1,4,9,2,1,5,1,8,1,6,3,5,1,1,3,0,3,2,8,1,1,2
0,9,0,0,1,0,1,0,1,2,15,1,1,0,1,15,0,0,0,0,3,1,0,0,3,3,1,2,1,0,2,1,11,0,1,0,0,13,8,2,1,0,1,0,0,1,1,11,0,6,0,3,2,0,0,0,3,0,0,2,2,9,5,3,12,3,14,0,1,0,0,1,2,2,0,0,0,0,4,0,0,14,2,1,0,3,0,1,1,6,0,1,0,0,0,5,0,0,4,2,0,1,1,0,1,0,0,2,0,0,3,0,0,6,1,0,3,1,6,0,1,5,0,3,4,0,0,1,0,0,1,0,0,2,0,3,4,2,0,2,0,0,0,0,0,0,1,0,0,0,0,0,0,1,0,0,0,0,1,0,2,0,2,0,7,14,0,1,14,1,3,14,15,0,1,0,0,0,18,0,0,3,0,4,5,0,0,5,8,0,2,5,2,1,1,0,1,0,0,4,0,1,1,0,3,1,0,0,1,0,2,4,2,0,1,1,0,2,2,7,2,0,4,0,0,1,9,1,1,0,3,0,0,0,0,2,14,2,2,7,1,2,1,2,0,3,0,0,0,0,1,1,11,0,1,4
0,9,1,0,1,0,0,0,2,6,11,3,0,2,2,12,0,0,0,1,10,2,1,2,2,3,4,3,1,0,2,2,10,3,1,0,0,10,9,0,1,0,0,1,1,0,2,9,2,1,0,6,1,0,0,0,3,3,0,1,1,16,2,6,8,9,10,0,0,1,0,2,1,4,4,3,0,1,2,0,0,11,0,0,1,5,1,1,1,8,1,1,0,1,2,7,1,0,0,0,0,0,0,0,1,0,0,0,0,0,4,0,0,4,0,0,1,1,0,1,0,6,0,1,2,0,0,1,0,0,0,2,0,0,0,0,0,0,0,2,0,1,0,1,0,1,2,1,0,0,0,0,0,1,0,0,0,0,1,0,5,0,6,0,1,12,0,3,7,0,8,10,13,1,2,0,2,1,11,0,1,6,0,7,0,0,3,2,12,2,4,6,0,5,1,1,1,0,1,4,0,0,3,4,0,1,0,1,1,4,0,1,2,1,0,0,1,2,2,3,0,4,2,0,0,0,4,0,0,2,1,0,0,0,0,6,10,0,2,4,0,5,2,5,0,4,0,0,1,0,0,0,12,0,0,1
0,10,0,1,0,0,2,0,4,4,14,0,2,1,0,15,0,0,0,0,5,0,0,2,3,3,1,0,1,0,1,5,12,1,0,0,0,10,9,0,6,2,0,1,0,2,3,10,2,0,0,6,4,1,0,0,4,0,0,0,3,14,0,6,11,5,11,0,1,0,0,0,3,2,3,0,0,1,0,4,0,10,0,3,1,5,0,0,0,6,0,1,3,1,0,3,0,0,5,0,1,2,0,0,0,1,0,3,0,0,3,0,1,4,0,0,0,2,4,0,0,5,0,3,0,1,0,1,0,0,1,2,0,1,0,2,2,1,2,2,0,1,0,0,0,1,2,0,0,1,1,1,0,2,0,1,1,0,2,1,5,0,2,2,2,11,0,4,9,0,6,10,11,0,1,1,0,0,13,0,1,6,1,5,2,0,0,4,8,0,1,7,1,3,1,1,0,0,0,6,1,0,1,1,0,2,0,0,0,0,1,0,2,1,0,0,1,3,1,4,2,1,4,0,0,0,9,1,0,0,0,0,0,0,1,4,11,0,0,7,3,5,3,5,0,4,1,0,2,0,0,1,9,1,2,3
1,7,1,1,0,0,0,1,2,2,12,2,2,0,1,10,0,0,0,3,10,2,2,0,1,0,2,1,1,0,6,4,10,0,1,0,0,11,10,1,3,0,0,0,3,2,2,11,1,0,2,3,1,3,1,0,4,0,1,1,2,15,2,3,11,3,11,1,3,0,0,2,4,2,0,2,0,1,2,0,2,11,4,1,1,5,1,1,3,5,0,2,5,0,1,6,0,0,4,1,0,0,0,1,0,0,3,3,1,1,1,0,0,1,0,4,1,0,7,0,0,3,0,6,0,0,1,3,0,0,0,0,0,3,0,2,1,1,3,0,0,6,1,1,0,0,0,0,0,0,0,1,0,2,1,0,1,0,1,1,3,0,3,1,0,12,0,2,10,0,3,11,12,0,0,1,1,0,13,0,0,5,0,5,1,0,0,1,11,0,1,3,1,2,4,0,1,0,0,2,0,3,3,0,0,3,1,0,1,0,3,0,2,0,1,0,0,0,1,4,0,1,0,0,3,2,9,3,0,0,3,0,1,1,2,3,11,1,3,4,1,3,0,4,0,4,3,0,2,1,2,0,14,0,0,1
1,4,0,0,0,1,4,0,2,12,5,1,0,1,1,13,3,0,0,0,5,0,3,3,5,1,2,0,0,0,2,2,5,0,0,0,0,4,1,0,0,4,0,1,1,0,0,4,0,0,1,12,3,1,0,0,3,1,0,1,0,17,1,11,5,8,7,0,0,3,0,1,1,2,1,1,1,0,0,0,0,8,0,0,0,11,2,1,1,15,0,0,0,0,0,9,1,0,0,1,0,0,0,1,1,0,0,4,0,0,1,0,0,11,2,1,0,1,0,0,3,9,0,2,0,1,2,5,0,1,0,1,0,1,0,1,0,1,2,0,0,1,2,1,0,2,1,0,0,1,0,2,0,1,1,1,0,1,1,0,7,1,2,0,0,5,0,7,9,1,13,7,5,1,0,1,0,5,6,0,0,12,1,13,0,0,0,1,16,2,6,12,1,2,3,0,0,2,0,2,0,1,1,0,0,2,0,0,0,0,0,1,4,0,0,0,0,0,1,0,0,0,1,0,0,0,2,1,0,1,0,0,1,1,0,10,5,1,1,6,0,12,1,10,0,9,1,0,3,0,0,2,5,0,3,4
0,6,0,1,0,0,1,0,5,6,12,5,2,0,0,9,1,0,0,0,4,1,2,1,1,0,2,3,0,0,0,4,11,2,1,0,0,10,6,1,5,0,1,0,1,0,2,10,2,0,0,7,0,0,0,0,5,0,0,2,2,14,1,8,13,6,10,0,0,1,0,2,2,1,0,0,2,0,1,0,3,10,0,1,1,7,0,1,1,9,2,0,2,0,0,7,2,0,3,1,0,0,2,0,2,0,0,0,0,1,1,0,0,4,5,1,0,1,1,0,1,8,0,1,0,0,1,6,0,0,1,0,0,1,0,1,1,1,2,0,0,0,0,0,1,0,0,0,0,3,1,1,0,2,0,0,1,0,0,1,8,0,2,0,3,10,2,3,18,1,7,11,12,0,2,1,0,0,13,0,0,6,1,11,0,0,1,1,13,1,4,7,4,2,2,1,0,0,0,1,0,2,1,0,0,0,0,0,0,0,2,0,0,1,0,0,0,0,5,6,0,3,1,1,0,0,5,1,2,0,2,0,0,2,2,6,11,1,1,6,0,8,1,6,0,5,0,2,0,0,1,2,7,0,0,6
0,14,0,0,0,0,0,1,4,5,13,3,2,0,1,13,0,0,0,0,5,2,2,3,1,1,3,0,0,0,3,2,15,0,1,1,1,12,11,0,1,0,0,0,2,0,0,13,0,0,0,6,0,3,0,0,6,0,0,0,3,16,0,4,12,6,12,0,1,1,1,0,3,0,3,0,0,1,1,0,2,12,1,0,1,4,0,0,0,5,0,1,1,1,1,6,0,0,0,0,1,0,3,0,1,0,0,3,1,0,4,0,0,2,0,0,1,0,2,0,1,3,0,3,0,1,2,2,0,0,0,0,0,0,0,0,0,0,0,0,2,0,0,0,0,1,0,0,0,0,0,1,0,0,0,1,0,0,0,0,3,0,4,4,2,13,1,0,13,1,4,12,12,0,4,0,0,0,14,1,1,4,0,7,2,1,0,2,15,1,3,5,0,3,0,1,0,0,1,2,0,4,0,1,0,1,1,0,1,0,1,0,1,0,1,0,0,0,0,12,2,1,0,0,0,0,7,0,1,0,0,0,0,0,0,4,12,0,0,10,1,4,1,4,0,5,0,0,1,0,0,0,6,0,0,2
1,15,0,0,0,0,0,0,9,4,14,3,6,0,0,11,0,0,0,0,5,1,0,0,0,0,6,1,1,0,1,5,14,0,0,0,2,13,9,2,2,0,1,0,1,1,2,14,3,1,0,5,0,0,0,0,9,0,2,0,1,16,1,3,11,4,13,0,0,1,0,0,0,0,0,0,0,0,0,1,2,14,0,1,0,5,0,2,1,3,1,0,0,0,0,4,0,0,0,0,0,0,0,0,2,0,0,0,1,0,1,0,0,1,0,0,0,0,1,0,0,3,0,5,0,0,1,2,0,0,0,0,0,1,0,1,2,0,2,2,0,0,0,0,0,1,0,0,0,0,0,0,0,1,0,1,1,1,1,0,1,0,6,1,2,17,1,1,16,0,5,13,13,0,6,1,0,0,17,1,0,3,0,7,3,0,0,3,12,0,8,5,2,3,7,1,0,1,1,5,0,4,2,0,0,2,1,0,2,0,1,0,0,0,0,1,0,0,3,8,0,1,4,1,0,0,7,2,1,1,2,0,0,0,3,1,13,1,0,7,0,3,2,3,0,1,0,1,4,0,0,0,11,0,0,2
1,14,1,0,1,0,1,2,6,9,10,3,0,1,0,10,0,4,1,0,5,1,2,3,1,0,2,0,1,0,0,4,9,0,0,1,0,9,12,0,0,0,1,0,1,1,0,9,0,0,0,9,2,3,0,0,5,1,0,0,1,22,1,6,7,6,9,2,0,2,1,0,0,2,4,4,3,0,2,1,1,9,0,3,0,9,0,1,3,10,0,3,0,1,1,5,0,0,0,0,1,0,1,0,1,1,0,0,0,0,3,2,2,1,4,0,0,1,2,0,2,6,1,3,0,1,0,6,0,3,1,1,1,2,0,3,0,1,0,2,0,0,0,0,0,1,2,0,0,0,2,2,1,2,0,1,0,0,2,0,5,0,0,0,1,10,0,5,10,0,9,8,10,0,1,0,2,1,12,1,0,8,2,8,1,1,1,1,14,1,9,7,0,4,1,2,2,0,0,2,1,1,2,0,0,1,0,1,1,0,0,2,5,0,0,1,0,1,0,3,1,2,0,0,0,1,5,2,1,0,1,1,0,0,0,6,8,5,1,3,1,7,0,7,0,6,0,1,2,0,0,0,8,1,1,1
0,7,0,1,0,0,1,0,1,11,14,4,0,2,0,16,0,0,0,0,5,0,0,0,2,4,1,1,2,0,2,3,10,3,0,0,0,10,11,0,9,0,1,1,4,0,3,10,1,1,1,5,3,1,0,0,6,1,0,1,3,17,0,6,17,8,13,1,0,0,0,1,2,0,3,0,0,2,0,0,3,12,0,0,0,5,0,0,0,10,0,0,0,0,2,9,1,1,0,0,0,0,2,0,0,0,0,0,0,0,3,0,0,3,3,0,0,2,7,3,2,2,0,3,1,1,1,2,0,0,0,0,0,0,0,1,4,0,1,1,0,1,0,0,0,3,1,0,0,1,0,2,0,1,0,3,2,1,2,0,3,1,9,0,0,14,5,4,15,1,6,10,12,0,1,1,0,0,17,0,2,7,0,9,2,3,0,4,14,1,4,7,1,4,1,1,0,0,0,8,0,2,0,0,0,0,1,0,0,1,0,0,0,0,2,1,0,0,3,5,2,1,1,0,0,1,8,1,0,0,2,0,0,0,0,3,11,1,1,5,0,5,1,4,0,3,0,1,1,0,1,0,10,0,1,4
0,7,0,1,1,0,0,1,2,8,9,1,1,2,0,11,0,0,0,1,4,0,1,2,2,0,2,5,2,0,5,2,8,2,0,0,0,7,6,0,4,0,1,1,6,0,0,8,1,0,0,8,0,1,0,0,5,1,0,0,2,11,1,7,10,7,9,0,1,4,1,0,2,0,1,1,0,1,0,0,1,11,0,0,0,9,0,1,2,10,1,3,1,1,1,3,0,0,0,1,0,1,0,1,4,1,0,3,0,1,0,1,0,5,2,0,0,1,3,0,1,4,1,1,2,0,1,4,0,1,0,0,1,0,2,2,0,0,1,0,0,1,0,0,0,2,0,1,0,0,1,3,1,0,0,0,0,1,1,0,3,0,4,0,1,8,1,4,7,1,7,8,10,0,1,1,0,0,8,0,0,8,0,7,3,0,0,2,15,1,4,6,3,0,0,0,0,2,0,4,2,3,0,1,0,0,0,2,1,2,0,0,4,0,0,1,0,2,1,8,1,1,2,2,0,2,7,1,0,0,2,1,0,0,0,6,8,1,0,7,0,7,1,6,0,8,0,0,4,0,0,1,9,0,0,2
1,5,0,0,0,0,0,2,6,11,12,1,1,0,1,11,0,0,0,0,7,0,1,1,2,1,8,0,0,1,2,4,11,0,0,4,0,11,8,0,0,0,3,0,1,0,1,11,2,4,0,5,2,0,0,0,6,0,0,3,0,9,0,5,11,4,12,1,0,1,0,4,2,1,2,1,0,0,0,0,1,14,1,0,0,4,0,0,3,7,0,0,0,0,2,6,0,0,3,0,1,1,0,0,0,2,1,0,0,0,0,0,1,13,1,1,1,0,2,0,0,5,0,0,0,1,1,1,0,0,2,1,0,0,0,1,0,0,1,0,0,3,0,0,0,0,0,0,0,0,0,1,0,1,0,1,1,2,1,0,2,0,3,0,6,11,3,5,13,0,5,11,12,0,1,0,1,0,17,0,3,5,1,6,2,0,0,3,13,0,7,7,3,2,0,1,0,3,0,8,0,8,1,2,3,2,0,0,0,0,1,1,8,0,0,0,0,1,1,5,0,2,2,0,0,0,7,0,1,1,1,0,0,0,0,4,11,1,0,4,0,4,2,5,1,3,0,0,3,0,0,1,11,0,1,1
0,16,0,1,3,0,0,2,5,9,11,2,2,1,0,16,0,0,0,0,8,1,2,2,0,1,3,1,0,0,4,3,14,2,0,0,3,11,4,3,4,0,0,0,2,1,1,11,1,0,1,6,1,1,1,1,5,1,0,2,0,22,1,5,9,6,11,2,0,1,0,6,1,1,0,1,0,0,0,1,1,11,0,0,0,10,1,2,0,7,3,2,1,0,1,7,0,0,1,2,1,2,2,2,3,1,0,0,0,0,2,1,1,8,1,0,1,3,2,0,1,7,0,9,0,1,0,3,0,3,0,0,0,0,3,3,1,2,1,2,0,0,1,0,0,0,2,0,0,2,1,3,0,0,0,0,0,2,1,1,3,0,3,0,1,12,1,5,13,0,7,11,11,0,1,0,0,0,12,0,1,7,0,8,0,0,0,2,12,1,1,6,1,3,3,1,0,2,0,4,0,6,1,3,0,0,0,3,0,0,4,1,3,0,2,0,1,4,1,11,0,2,6,0,0,0,3,3,0,0,1,0,0,0,0,6,12,1,0,5,1,5,1,5,0,4,2,0,5,0,1,1,11,0,1,4
0,12,0,0,1,0,0,0,2,6,12,4,4,1,0,17,0,0,0,0,5,0,0,0,0,0,1,2,2,0,2,4,10,1,0,1,0,11,3,1,2,1,0,1,2,6,3,10,0,2,1,5,3,0,0,0,6,1,0,0,1,16,0,5,11,4,11,0,0,2,0,1,4,1,6,0,5,1,1,0,4,12,0,3,1,6,2,2,1,9,0,0,0,2,1,9,0,0,0,0,0,3,4,2,2,0,0,0,0,0,0,0,1,5,3,0,0,1,4,0,1,5,0,5,1,0,0,0,0,0,0,1,0,1,1,3,0,1,2,0,0,1,1,1,0,1,2,0,0,1,0,6,0,0,0,0,0,3,2,0,1,0,2,1,1,14,0,5,13,1,7,11,12,1,1,0,0,0,12,1,0,7,0,5,1,0,1,1,14,0,3,5,1,5,5,1,0,0,0,5,0,1,2,0,0,1,0,2,0,0,5,0,2,1,0,1,0,0,4,5,0,4,2,0,0,1,3,2,0,0,1,0,1,0,0,3,12,1,0,5,1,4,1,6,0,2,0,0,3,0,0,0,14,2,0,1
0,6,1,1,0,1,0,2,3,9,10,3,0,2,2,12,5,0,0,0,5,0,1,0,1,1,1,1,2,0,3,5,11,2,1,0,0,10,2,1,0,1,1,1,1,0,2,11,1,1,0,8,1,2,1,1,5,1,0,1,1,9,4,6,8,7,10,0,0,2,0,1,3,1,2,0,1,2,1,1,0,10,1,1,0,8,0,1,0,6,1,0,0,1,0,6,1,0,0,1,0,0,1,1,1,0,0,6,0,0,1,0,0,3,2,0,3,1,0,0,2,5,0,0,1,0,0,4,1,0,0,2,0,0,0,2,0,1,0,0,0,0,2,0,0,1,3,0,0,0,0,2,0,0,0,0,0,0,1,0,3,0,1,0,0,15,0,3,8,0,7,10,10,0,4,0,1,0,11,0,1,6,0,7,2,0,1,5,10,2,2,7,1,1,0,3,3,0,2,5,0,0,3,4,1,3,1,0,0,2,0,1,6,1,0,0,0,0,1,1,1,2,3,0,0,1,5,0,0,0,1,0,0,1,0,5,11,0,2,9,0,5,0,5,0,5,0,0,4,0,0,0,7,0,3,2
0,6,2,2,3,0,2,1,4,9,12,2,0,1,1,16,3,0,0,0,6,0,1,0,2,0,5,0,0,0,3,2,11,1,0,0,0,12,2,0,2,0,0,0,0,1,1,12,0,0,0,4,3,1,0,0,9,0,0,0,4,10,4,6,11,3,12,1,0,1,0,1,5,1,0,0,1,0,0,0,3,14,0,0,0,7,0,2,0,9,0,0,0,0,1,6,1,1,1,1,0,0,4,0,0,0,0,0,0,2,6,1,1,6,1,1,1,0,3,0,1,5,0,4,0,0,0,3,0,0,1,2,1,0,1,0,2,1,0,1,0,1,1,1,0,1,4,0,1,0,1,4,0,2,0,1,0,2,2,0,2,0,4,0,2,12,2,4,13,1,4,12,15,0,2,2,0,0,16,1,2,4,1,7,3,0,0,3,8,0,8,4,3,2,6,0,1,0,2,0,0,6,2,5,0,4,0,1,1,0,2,0,1,0,0,0,0,0,1,5,0,2,2,0,0,0,6,1,0,0,2,0,1,1,0,3,12,1,0,8,0,4,1,7,0,3,0,0,1,0,0,1,11,0,0,2
1,16,1,1,3,0,0,0,4,2,14,2,9,2,1,14,0,2,0,0,5,1,2,4,1,2,5,0,4,1,1,2,15,1,0,3,0,12,10,6,8,1,3,1,3,0,2,12,0,1,1,2,2,2,0,1,10,0,1,3,3,27,3,3,14,6,14,0,2,0,1,1,4,0,2,0,4,2,3,1,3,13,0,4,1,9,0,2,0,8,0,0,2,0,0,6,1,0,0,0,8,2,6,0,1,0,0,0,0,1,2,0,0,3,3,0,0,0,5,0,0,2,0,11,0,0,0,3,0,0,1,1,0,4,1,6,1,2,2,5,0,1,0,4,0,2,3,0,0,2,1,6,0,3,0,1,1,1,3,1,3,0,1,0,3,16,2,0,24,0,2,13,13,0,6,0,0,0,17,0,0,4,0,12,2,0,0,13,18,0,6,6,0,10,3,5,2,0,1,5,0,4,0,1,0,0,0,1,0,1,1,4,2,0,0,0,1,1,2,7,0,4,4,1,0,1,7,2,2,0,1,0,0,0,1,2,13,2,0,9,0,4,1,3,1,6,1,2,1,0,0,0,6,1,2,1
0,10,0,1,0,0,0,0,5,4,10,2,0,0,0,14,0,0,1,0,10,0,1,1,1,0,2,2,1,0,1,3,11,0,1,0,0,10,15,0,0,2,0,0,1,0,1,11,0,0,1,7,2,3,0,0,5,0,0,0,0,13,3,7,10,5,11,1,0,1,0,0,0,0,2,0,0,0,0,1,0,13,1,2,1,9,0,0,0,7,1,1,0,0,0,4,1,0,1,0,0,1,1,3,0,3,0,3,0,1,2,0,1,5,1,0,1,0,4,0,4,4,0,4,0,1,0,6,1,1,0,1,0,0,1,2,0,1,1,1,0,0,0,0,0,1,2,0,0,3,1,0,0,0,1,0,0,0,1,1,1,0,4,0,0,10,1,2,13,0,7,12,11,0,0,0,0,1,13,1,4,6,1,8,2,0,0,2,14,0,6,6,0,6,1,6,0,1,0,2,0,3,1,0,0,1,0,0,0,0,1,1,3,1,0,0,0,1,1,6,0,1,1,0,0,0,5,1,0,0,1,0,0,0,1,6,10,0,1,6,1,6,0,6,1,6,0,1,4,0,2,1,9,0,0,0
0,11,0,0,0,0,0,0,5,9,10,4,3,0,2,11,1,0,0,0,3,2,0,1,1,1,1,1,2,0,3,4,9,0,2,0,0,8,4,1,1,0,1,2,4,0,2,9,0,2,0,9,1,3,1,0,5,0,0,1,0,16,1,8,8,7,9,0,1,2,0,0,3,0,2,0,0,0,0,1,0,9,2,1,0,7,0,2,2,12,0,0,0,0,1,6,0,0,0,0,0,1,2,3,2,0,0,1,0,0,4,3,0,5,2,0,2,0,1,0,1,7,0,4,0,0,1,5,1,0,0,2,0,1,0,2,1,0,1,2,0,1,0,1,0,0,2,0,0,0,1,3,0,2,0,0,0,1,1,0,6,0,2,0,0,9,0,3,12,0,8,9,10,0,1,0,0,0,11,0,0,8,0,9,1,0,0,3,13,2,1,9,0,8,2,2,4,0,0,1,0,3,0,0,0,2,3,1,0,0,0,0,3,0,1,3,0,1,1,11,0,2,4,0,0,0,4,2,2,0,3,0,1,0,1,6,9,1,2,6,1,8,2,7,0,5,0,0,5,0,1,0,7,0,1,3
1,4,3,0,0,0,0,1,1,9,9,4,0,1,0,10,0,0,0,0,6,1,0,0,1,0,1,0,2,0,1,2,8,0,0,0,1,9,4,0,1,0,1,2,1,2,3,8,1,0,0,8,3,0,0,0,2,3,0,1,0,12,3,7,7,6,9,1,0,0,1,0,0,2,0,2,0,0,4,0,1,9,0,3,0,9,0,0,1,9,0,0,0,0,2,7,0,0,0,0,0,1,1,0,1,0,0,1,0,0,1,1,0,3,0,1,1,0,1,0,1,5,0,1,1,1,0,3,1,0,0,0,0,3,1,3,1,1,6,2,0,0,0,1,0,2,2,1,0,2,4,1,4,4,0,0,1,1,2,1,4,0,1,2,0,8,2,8,14,0,7,9,11,0,0,2,1,0,10,0,0,7,0,9,1,1,0,3,12,3,3,7,0,1,1,1,0,1,0,3,0,1,1,0,0,0,0,0,0,1,0,0,2,2,0,1,0,0,0,3,0,2,2,0,0,1,5,1,0,0,1,0,0,0,1,7,9,1,1,5,2,8,1,7,1,7,0,0,2,0,0,1,7,1,0,2
0,7,0,1,0,1,0,1,5,10,8,7,2,1,0,9,2,0,0,0,4,1,0,1,0,0,5,1,0,5,3,5,6,0,2,1,0,6,5,1,0,0,0,0,1,0,0,6,2,2,1,11,3,0,1,0,5,1,2,2,1,16,1,8,7,7,7,1,0,1,0,0,1,0,1,0,0,0,3,0,0,8,1,0,0,10,1,0,1,9,0,1,0,0,0,6,2,0,1,1,0,0,4,2,0,0,0,2,1,0,4,2,0,5,1,0,1,2,1,1,0,8,0,5,1,1,1,5,0,0,2,1,0,1,1,1,0,1,2,1,0,0,1,0,2,1,1,0,1,1,0,0,0,0,0,0,0,0,1,1,6,0,1,0,2,6,1,3,7,0,11,7,7,0,0,0,1,0,7,0,0,9,1,10,0,0,0,2,12,3,1,8,1,1,1,1,0,1,1,2,0,0,0,1,0,0,0,0,0,0,0,3,7,0,0,0,0,1,0,2,1,1,4,0,0,1,2,3,4,0,0,0,1,0,0,8,8,0,0,5,1,8,0,8,0,6,1,1,1,1,0,0,9,0,2,3
3,12,4,3,1,3,0,1,2,11,8,1,2,0,0,9,0,0,1,0,1,5,0,2,2,1,2,0,1,0,1,1,12,0,1,0,1,8,4,1,3,0,2,0,2,3,3,7,1,4,1,13,1,3,0,0,3,2,0,0,0,19,2,8,10,9,7,2,0,3,0,5,3,0,2,2,0,0,0,0,1,9,1,1,1,11,2,0,0,12,0,0,2,0,2,5,0,0,0,0,1,4,3,0,0,0,0,1,0,0,4,1,2,7,0,1,2,4,2,0,1,6,0,3,2,1,2,5,0,1,0,1,0,2,0,2,1,0,1,4,0,0,0,2,0,0,0,0,0,1,1,6,1,1,1,2,0,1,2,0,5,0,5,1,0,7,3,4,8,0,11,7,9,0,2,0,3,0,9,0,0,9,0,11,1,0,0,3,13,2,2,9,1,9,0,0,1,1,0,0,1,1,1,0,0,2,1,1,0,0,0,5,1,0,1,1,0,1,0,8,1,0,0,0,0,0,3,1,1,0,1,0,0,2,1,10,7,0,0,4,4,8,1,10,0,7,0,0,3,0,0,0,5,1,0,1
0,3,0,0,0,0,0,2,3,15,12,8,4,2,1,12,1,0,0,1,5,0,1,2,1,0,1,3,0,0,2,3,9,0,0,0,0,10,4,0,1,0,0,0,2,2,2,9,0,2,1,9,2,1,0,1,6,0,0,2,1,9,1,7,8,7,10,0,1,0,0,0,0,1,2,0,0,1,0,0,1,9,0,2,0,5,0,0,0,8,0,0,0,0,2,4,0,0,0,0,0,3,2,1,2,0,0,1,0,0,8,2,1,9,0,0,0,1,5,0,1,6,0,7,0,0,0,4,0,1,2,2,0,2,1,2,1,0,2,3,0,1,0,2,0,1,2,0,0,1,0,3,0,2,0,0,1,0,1,0,5,0,0,0,2,11,1,8,14,0,8,9,12,0,0,0,3,1,11,1,0,7,1,9,1,0,0,5,9,1,1,8,0,2,2,2,2,0,3,0,0,3,1,0,0,2,0,1,0,0,3,1,4,0,1,0,0,0,3,4,0,1,1,0,0,0,5,3,1,0,1,0,1,0,0,7,10,3,1,4,1,7,0,8,0,4,0,0,3,0,0,0,9,2,0,3
0,5,2,2,0,4,1,1,0,7,8,6,0,1,1,11,0,0,1,0,2,2,2,0,1,2,2,0,3,0,2,1,7,2,1,0,0,7,3,0,0,0,2,1,1,1,0,7,1,5,2,7,2,1,1,0,2,2,1,3,3,10,2,8,6,6,7,0,0,1,0,0,1,2,2,0,1,1,1,1,3,9,1,1,1,9,3,2,2,9,1,1,0,1,1,1,3,0,0,3,2,1,0,2,1,0,0,3,0,0,3,1,0,6,0,0,0,0,1,2,1,6,1,1,2,2,0,6,0,0,0,0,0,1,0,3,2,0,1,0,0,0,0,1,0,1,2,0,0,0,2,1,1,3,0,0,1,1,0,0,6,1,3,0,2,9,0,5,9,0,9,7,9,2,2,0,3,3,11,0,1,8,1,8,2,0,1,1,14,3,4,10,0,1,0,2,1,0,0,2,0,3,1,1,2,3,1,0,0,0,0,0,4,0,1,0,0,1,2,1,1,1,1,0,0,0,7,3,2,0,0,0,1,2,0,7,7,3,3,5,1,7,2,10,1,6,1,0,1,0,0,2,6,0,3,3
0,4,0,2,0,1,0,0,5,13,9,10,0,1,0,10,1,0,0,0,5,3,1,2,1,0,0,1,1,0,1,3,10,0,1,0,0,10,2,0,2,0,0,0,7,2,2,10,1,0,0,9,1,0,0,0,5,1,0,0,0,15,0,7,6,9,9,0,0,2,0,0,1,3,5,1,2,1,0,0,0,9,0,0,0,10,1,1,1,10,0,0,0,0,0,5,0,0,1,2,0,1,2,0,0,0,0,1,0,0,3,0,0,3,0,1,0,1,2,0,1,5,0,1,1,0,0,4,0,0,2,5,0,1,0,2,1,0,3,2,0,0,1,0,0,0,3,0,0,0,2,3,0,1,0,1,1,1,3,0,6,0,0,0,0,10,7,5,12,1,13,9,9,0,2,0,1,1,12,1,0,7,0,8,1,0,1,2,15,1,0,8,3,2,4,2,2,0,1,5,0,0,1,1,0,1,0,0,0,0,0,1,6,0,0,0,0,2,2,5,0,4,0,0,0,0,4,2,0,0,5,0,0,0,1,8,9,1,1,7,0,7,1,7,0,7,0,0,2,0,0,0,8,0,2,2
0,10,1,1,0,1,0,0,3,10,11,3,3,3,0,13,1,0,0,3,10,1,1,3,1,2,3,0,2,0,0,4,12,0,0,0,0,11,5,0,1,0,0,0,2,3,1,11,0,1,0,11,0,3,0,0,15,0,0,1,2,15,1,5,10,6,11,0,0,1,1,0,2,1,6,0,0,1,0,0,0,13,0,0,0,8,0,0,0,8,0,1,0,0,0,7,0,0,1,1,0,1,1,1,1,1,0,1,1,0,5,0,2,10,2,1,1,0,1,0,0,7,1,5,0,0,0,4,2,0,1,1,0,0,2,2,1,3,1,4,0,3,2,2,0,0,2,0,1,0,0,10,0,1,1,0,0,0,2,0,3,1,2,1,3,14,4,7,14,0,7,11,12,1,1,1,0,1,12,0,0,6,1,6,1,0,0,2,15,0,3,5,1,7,3,0,1,2,2,4,0,1,0,0,0,2,2,1,1,1,1,0,5,2,0,1,0,1,1,6,0,3,0,0,0,1,4,0,1,0,0,0,0,2,0,4,12,0,1,7,0,6,1,5,0,5,0,1,4,0,0,1,12,1,1,2
0,10,0,0,0,1,0,0,4,11,8,2,1,1,0,10,0,0,0,0,5,2,1,4,1,4,2,1,3,0,2,3,9,0,0,1,0,9,5,0,2,0,1,0,3,3,0,7,1,1,1,10,1,1,0,0,3,1,2,3,1,12,0,8,10,10,8,1,0,3,4,3,0,0,4,2,1,0,1,1,2,11,1,5,1,6,2,2,2,10,0,1,1,1,1,2,0,0,0,1,1,1,0,0,1,2,1,3,3,2,3,1,0,8,1,0,0,1,2,0,0,5,1,3,0,0,0,6,0,1,1,1,1,1,1,3,0,2,2,1,0,1,0,0,0,1,3,1,0,1,1,7,1,1,0,0,2,1,1,0,5,0,1,0,2,10,4,8,10,1,10,8,10,0,1,0,2,1,9,0,0,7,1,9,1,2,0,1,15,1,3,10,0,3,1,0,1,0,3,0,0,0,3,0,1,0,0,2,0,0,0,1,0,1,0,0,0,0,1,7,0,1,5,0,0,2,6,1,2,0,1,0,1,0,1,8,8,5,1,5,0,7,3,7,1,9,0,0,5,0,0,1,5,0,1,4
1,4,0,1,3,1,1,0,1,13,7,5,0,0,1,11,0,0,0,0,4,2,0,2,0,0,1,1,0,0,2,2,8,0,0,0,0,7,5,1,0,0,1,0,2,0,0,7,0,0,0,9,1,0,1,2,2,0,0,3,2,11,0,9,10,9,7,1,0,4,0,0,0,1,3,0,2,0,2,0,0,7,0,4,0,11,0,2,1,10,0,0,0,0,1,4,1,1,0,0,0,0,1,0,0,0,0,2,0,0,3,0,0,4,1,0,1,1,5,0,2,7,0,0,0,0,3,4,0,1,2,0,0,2,0,2,0,0,2,0,0,0,2,2,1,0,0,0,0,1,1,0,1,1,0,0,0,0,1,2,5,0,0,0,1,9,1,1,7,0,9,7,7,0,0,0,1,1,8,0,1,9,0,9,2,0,0,2,12,1,1,9,0,0,1,0,0,3,0,3,0,1,0,0,0,2,0,0,1,0,0,3,4,0,0,0,0,1,0,2,0,0,1,1,0,0,4,1,0,0,0,0,0,1,0,9,8,2,0,4,1,9,0,9,0,11,0,0,3,0,1,0,5,0,2,6
0,12,0,2,1,0,0,0,0,2,9,1,1,1,1,8,1,1,0,0,4,0,0,2,0,1,3,0,2,0,2,2,8,2,1,0,0,8,5,0,0,0,0,2,2,1,1,9,0,0,0,6,1,3,0,0,3,1,0,0,4,15,2,7,9,6,9,0,0,0,0,2,2,0,6,0,1,2,0,0,0,9,0,1,2,6,0,2,1,7,0,1,1,1,0,5,0,0,1,0,0,0,0,1,3,0,0,2,0,0,3,0,1,2,1,0,2,0,2,0,1,5,2,1,0,0,1,3,0,0,1,2,0,1,0,3,3,0,3,1,0,1,0,1,0,1,0,0,0,0,1,3,0,0,1,0,0,2,3,0,1,0,3,0,1,10,0,4,15,1,6,9,10,1,8,1,1,0,10,0,3,8,1,7,3,0,1,0,11,0,0,6,0,6,3,0,2,1,0,3,0,1,3,2,0,0,0,0,1,3,0,0,1,0,0,2,1,2,3,5,0,1,4,0,0,0,4,1,2,0,1,0,1,0,0,5,9,0,1,4,0,5,2,5,0,5,0,0,5,0,1,1,8,1,0,2
1,10,0,3,0,1,0,0,3,4,9,2,0,1,1,11,0,0,0,0,4,1,1,1,1,0,3,0,1,0,0,2,9,1,0,3,1,11,9,2,1,0,0,0,3,0,0,9,1,2,0,8,2,0,0,0,5,1,2,1,1,18,0,7,9,11,10,0,0,1,0,0,3,1,1,0,1,0,0,0,5,9,1,0,1,5,0,0,1,9,0,0,0,0,0,2,1,2,0,4,0,0,0,4,4,0,0,1,0,1,1,0,0,4,1,0,0,0,4,0,1,7,0,2,0,0,1,2,0,0,0,2,0,0,1,0,0,2,1,2,0,0,1,0,0,0,0,0,0,0,2,2,1,1,0,0,3,0,0,0,3,0,3,0,1,9,0,6,9,2,9,9,10,0,1,0,0,0,13,0,1,7,2,8,1,0,0,4,16,1,1,9,0,5,2,0,2,1,0,5,1,1,1,0,1,0,0,0,0,0,1,1,6,0,0,0,0,1,2,6,0,0,2,0,0,0,6,0,1,0,0,0,1,3,0,7,9,0,1,5,0,7,1,7,0,9,0,0,4,0,0,0,9,1,0,1
0,2,0,0,5,0,1,1,0,6,6,2,0,4,0,8,0,1,0,1,5,2,0,0,2,0,5,1,0,0,1,0,5,0,1,0,0,6,4,0,2,0,0,1,2,2,0,5,1,2,0,10,3,1,0,1,1,1,1,0,0,11,0,10,0,12,5,0,1,4,1,0,0,3,0,2,3,0,2,3,0,7,6,2,1,9,1,0,1,11,2,0,0,3,2,8,0,0,4,5,1,2,2,1,0,0,0,2,2,0,2,0,0,7,3,0,1,0,5,0,1,12,1,0,1,0,1,7,0,2,2,2,1,1,1,5,0,3,1,2,0,0,2,1,0,1,1,0,0,0,2,1,0,0,0,0,0,1,2,0,4,0,0,1,1,5,1,3,6,0,10,5,5,0,2,0,0,0,6,0,0,10,1,9,0,0,0,1,12,4,1,10,5,2,1,0,2,0,2,1,0,1,2,1,0,0,0,1,2,0,0,1,2,0,1,0,1,4,1,4,1,0,3,0,0,4,1,5,1,0,1,0,0,0,2,11,5,2,5,5,1,9,0,9,0,14,0,0,3,0,0,0,9,0,2,1
0,5,0,0,1,0,1,0,1,3,10,0,0,2,0,9,0,0,0,0,8,1,1,2,0,1,0,0,1,0,0,2,11,0,0,0,0,11,2,2,1,0,0,0,2,0,1,11,0,1,0,9,2,2,0,0,5,0,1,0,1,12,1,6,8,6,10,0,1,1,0,0,0,0,2,0,0,0,0,0,0,10,0,0,1,6,0,0,0,7,0,0,0,0,0,8,0,0,1,0,0,0,1,0,0,0,0,2,0,0,1,0,1,1,0,0,2,1,1,0,2,5,0,3,0,0,0,2,0,0,1,1,0,1,0,3,0,1,4,4,0,0,0,2,0,0,0,0,0,1,0,2,0,1,0,0,0,0,2,1,2,0,0,0,0,11,0,5,11,1,7,11,11,0,2,0,0,0,12,0,0,6,0,10,0,0,0,4,9,0,2,6,2,1,0,1,0,2,0,0,0,5,0,1,0,1,0,0,0,0,0,1,7,0,0,1,0,0,0,4,2,1,0,0,0,0,4,1,0,0,0,0,1,0,0,7,10,0,0,7,0,6,2,7,0,7,0,0,4,0,0,0,8,0,0,1
1,4,0,1,0,0,0,3,4,14,6,4,3,1,0,12,0,0,0,0,3,0,0,1,0,0,0,3,0,0,1,0,5,0,1,0,0,5,8,1,0,0,1,0,1,0,1,5,0,4,3,11,3,0,1,0,2,1,0,3,1,15,1,9,7,7,7,0,1,2,0,0,0,1,2,0,1,0,0,0,0,6,1,1,0,6,0,1,0,13,0,0,0,0,0,2,0,0,0,1,0,1,1,3,2,1,0,1,0,4,10,0,0,10,3,0,2,2,3,1,0,8,1,3,0,0,2,5,0,0,0,1,0,0,0,0,1,2,0,2,1,0,0,1,1,0,6,0,0,3,0,3,0,1,0,0,0,2,3,1,4,2,1,1,5,5,0,0,6,0,10,5,7,1,1,1,1,0,8,0,0,10,0,11,4,2,0,0,14,1,1,10,0,0,0,0,1,2,2,1,1,1,2,0,0,0,0,0,0,0,0,1,2,0,0,0,2,0,0,0,0,2,0,0,0,0,5,1,0,0,1,0,0,0,1,9,5,1,3,5,3,10,2,10,0,8,0,0,3,1,0,0,5,0,0,2
1,16,3,2,1,0,0,0,4,6,7,3,0,4,0,10,0,0,0,0,7,1,2,1,0,1,2,1,0,0,3,0,8,1,1,0,0,8,6,1,0,0,3,0,2,0,1,9,2,0,1,4,0,3,1,0,6,0,2,2,1,16,1,9,10,4,9,0,2,2,2,1,1,1,2,2,1,0,0,0,2,8,1,1,1,6,0,1,1,5,0,0,2,2,1,4,0,0,0,0,0,1,1,0,0,0,3,1,0,0,1,1,0,3,1,0,1,0,1,0,0,6,2,1,0,0,2,3,0,3,5,2,3,2,1,2,0,3,2,0,0,1,2,1,1,2,0,1,0,3,1,0,1,3,0,0,0,0,3,3,4,0,1,3,5,7,1,0,12,0,6,7,10,1,2,1,2,0,7,0,0,6,0,10,2,2,1,2,12,0,4,8,1,7,3,0,1,1,0,4,1,1,2,0,0,2,0,0,0,1,0,1,1,2,0,1,0,1,0,7,0,0,3,1,0,0,4,3,1,0,3,0,0,0,0,5,7,5,1,3,0,5,1,5,0,5,0,1,1,4,0,0,8,0,0,1
0,14,0,0,0,0,0,0,8,8,11,5,0,1,0,14,2,0,0,1,4,1,0,4,0,0,2,1,0,0,7,5,13,0,0,0,0,11,7,3,4,0,1,0,2,2,1,11,0,3,1,6,1,3,0,0,6,1,1,5,0,24,0,6,11,7,11,1,0,0,0,1,0,2,0,0,0,0,2,0,1,11,2,3,1,8,0,0,2,8,0,1,0,0,1,2,0,0,0,2,0,1,0,0,2,0,0,1,0,0,2,1,1,8,0,2,0,0,1,0,0,5,0,6,1,0,1,5,0,0,1,1,0,1,1,4,4,1,1,1,1,0,0,0,0,1,3,0,0,1,0,1,0,1,0,1,0,1,1,4,5,0,0,1,1,12,0,5,20,0,7,13,13,0,4,2,1,2,15,1,0,5,0,7,1,0,0,2,18,0,1,5,1,6,2,0,5,1,0,4,2,3,2,2,0,0,0,1,0,0,3,4,3,0,3,0,0,1,0,7,1,0,3,0,0,1,6,3,1,0,3,0,0,0,0,5,12,1,1,3,0,5,3,6,0,4,0,2,0,0,0,0,10,1,0,2
1,11,0,3,0,1,0,0,9,10,10,4,0,0,2,10,1,0,0,0,5,1,0,0,1,3,5,2,0,0,3,4,8,0,0,0,0,10,10,0,2,1,1,0,2,0,0,8,1,2,0,10,3,0,0,0,4,2,4,4,0,15,1,5,11,7,11,1,0,2,1,0,0,4,1,1,0,1,0,2,1,10,1,2,0,9,0,0,0,10,0,1,0,1,0,6,0,0,1,0,0,0,0,0,0,1,0,2,0,0,1,0,0,8,0,2,0,0,2,0,3,5,1,5,2,0,1,3,0,1,3,1,1,0,0,1,1,0,0,2,0,0,1,0,0,1,1,0,0,0,1,0,1,0,0,0,0,0,0,0,5,0,4,0,1,11,5,3,11,1,9,10,11,0,2,0,2,4,12,1,0,5,0,6,1,0,1,0,18,5,2,6,0,4,3,0,1,2,1,0,0,2,3,0,0,1,0,1,0,0,0,2,0,1,0,1,1,0,1,6,0,5,1,0,0,0,5,0,1,0,1,0,0,1,1,7,10,2,1,5,2,5,2,7,0,3,0,0,0,0,0,1,8,2,0,2
0,10,0,1,0,0,1,0,3,3,12,3,3,1,0,11,0,0,3,0,3,0,1,0,3,0,2,0,1,0,1,2,11,0,0,0,0,10,6,1,2,0,2,0,0,1,0,9,0,0,2,6,2,0,1,1,3,2,0,1,1,12,3,6,11,4,11,1,1,0,2,1,3,3,2,1,0,0,4,1,3,12,1,5,0,7,1,1,1,6,0,1,2,0,4,6,0,0,1,0,0,1,1,0,0,0,0,1,0,1,4,0,0,2,0,1,1,0,4,2,1,5,0,5,1,2,0,3,0,0,0,3,0,2,0,6,0,0,4,2,1,1,0,3,2,0,0,0,1,0,1,8,0,2,1,1,1,3,4,0,1,1,1,0,2,12,3,4,12,0,6,10,11,1,1,0,4,0,13,0,1,4,0,6,0,0,0,4,8,0,4,4,1,4,0,0,1,3,0,2,0,1,2,0,0,1,1,0,0,1,3,3,3,0,0,4,0,0,2,4,0,3,5,0,1,0,6,1,0,0,2,0,0,0,2,5,10,1,0,6,0,6,0,7,0,5,2,1,3,1,2,1,8,0,1,1
0,1,0,0,0,0,0,1,0,0,11,2,3,3,1,12,0,0,0,0,6,0,0,2,2,0,2,0,1,0,1,3,10,2,0,1,0,10,4,1,0,1,2,1,2,1,0,10,0,0,2,1,3,1,0,0,0,1,0,2,2,7,0,5,10,3,12,0,0,0,0,1,1,0,2,0,1,2,2,3,2,10,0,1,2,4,1,1,0,4,2,1,0,1,1,10,1,0,0,1,1,2,2,0,1,0,0,2,0,0,1,0,0,1,1,1,1,0,1,1,0,4,1,3,0,0,0,2,1,0,0,1,0,0,2,1,1,1,0,1,1,0,1,0,0,0,3,0,0,0,1,1,0,1,1,0,1,0,0,1,0,1,0,0,1,13,0,1,7,0,4,10,11,3,1,0,0,0,11,1,1,4,1,5,1,0,0,1,4,0,0,5,2,1,4,1,1,0,0,2,1,2,2,1,0,2,1,1,0,2,1,2,0,0,0,0,0,1,4,3,2,2,2,0,0,3,3,0,1,1,2,0,2,0,2,2,11,1,1,9,1,3,3,2,0,2,1,0,2,0,0,0,9,0,0,2
2,5,1,0,0,0,1,0,5,5,11,5,2,0,2,11,0,0,2,0,5,4,1,2,1,0,2,0,1,0,0,3,8,0,0,0,0,9,7,0,1,0,0,0,2,0,1,7,0,0,0,6,1,0,0,0,7,2,0,0,1,15,0,5,9,6,11,0,1,3,1,5,3,2,1,2,3,0,2,0,4,11,1,5,0,10,1,1,0,10,0,1,0,1,1,6,0,0,1,0,0,0,0,1,0,0,0,2,0,0,3,0,1,2,1,1,1,0,5,0,1,5,0,5,1,0,0,4,1,0,0,0,1,3,2,4,0,0,4,3,1,0,0,0,0,3,2,0,0,2,1,1,1,2,0,0,0,0,3,0,5,0,4,0,1,10,1,3,14,0,10,10,14,0,1,2,1,0,14,1,2,6,1,6,3,0,0,6,12,2,3,6,1,5,3,0,1,0,0,3,0,5,2,1,0,2,3,1,0,0,1,1,2,0,0,1,0,3,1,3,2,1,2,0,0,1,5,3,1,0,6,0,0,0,0,9,10,6,2,9,4,6,1,5,0,5,0,0,3,0,0,0,7,0,0,7
0,6,0,0,0,0,0,0,3,9,10,4,3,0,1,12,1,0,0,0,4,0,2,2,0,1,3,0,1,0,2,2,7,1,0,0,0,8,6,1,2,0,0,0,1,1,4,8,0,2,1,8,2,1,0,0,4,1,2,2,1,14,2,8,9,8,8,0,1,1,1,0,1,0,1,1,1,1,0,0,3,9,2,1,1,5,0,0,0,7,0,0,0,0,0,5,0,0,1,0,1,1,0,0,1,0,0,1,1,0,4,0,1,7,2,0,0,0,1,0,1,7,0,7,0,0,1,3,0,2,0,0,0,1,0,1,0,1,1,1,0,0,0,0,0,0,1,0,0,2,3,1,0,1,1,0,0,0,0,0,2,0,3,1,0,7,3,6,6,0,9,8,8,0,0,0,0,0,9,0,0,8,0,7,1,0,0,3,12,0,1,7,3,5,0,0,0,4,0,2,0,0,0,0,0,0,2,0,1,2,0,0,2,1,1,1,0,0,0,3,0,0,1,1,0,1,3,1,1,0,2,0,0,0,0,8,9,3,1,2,0,7,5,7,1,7,4,4,4,0,0,1,8,1,1,2
1,6,0,1,3,2,0,1,2,7,10,3,0,1,2,11,0,4,0,0,8,2,2,2,1,0,1,2,2,0,1,6,7,1,0,1,0,9,3,4,4,0,1,0,2,1,1,9,0,1,6,7,0,0,0,0,1,1,0,1,1,15,0,8,8,8,9,2,0,2,2,0,1,4,4,1,1,0,0,0,1,10,1,1,0,13,0,0,0,8,1,0,1,1,0,4,0,0,0,1,0,3,2,3,4,3,0,0,0,0,0,1,0,8,4,0,0,0,2,0,0,8,2,1,1,0,1,4,0,1,2,1,1,0,0,1,0,3,3,5,0,0,0,0,2,2,1,2,0,3,0,5,0,3,0,0,0,0,2,1,8,0,3,0,6,7,0,7,12,0,13,7,11,1,1,0,1,2,9,1,0,8,2,10,1,0,0,1,9,2,4,8,1,7,2,1,2,0,0,2,1,3,0,0,1,1,1,0,0,0,0,0,2,0,1,2,0,1,0,3,1,1,0,0,1,1,6,0,1,0,1,0,0,0,1,9,8,2,2,5,0,8,2,7,3,5,0,0,0,0,0,0,9,1,0,3
0,9,0,2,3,0,0,0,2,7,13,1,3,1,0,13,4,0,0,0,8,0,1,1,0,1,3,1,1,0,1,3,10,0,0,0,0,10,8,0,2,0,0,1,2,1,0,10,2,2,1,5,0,2,1,0,7,1,0,2,2,19,1,4,12,5,11,0,1,1,0,1,3,0,1,0,2,0,1,0,2,13,0,0,2,6,0,0,1,9,0,1,2,0,0,7,0,0,0,0,1,0,1,2,1,1,1,0,0,0,2,0,0,6,3,0,2,0,3,0,4,3,0,4,0,0,0,2,0,0,1,3,1,0,2,1,1,0,2,1,0,2,2,0,1,1,2,0,0,1,1,7,0,1,0,0,0,1,1,0,1,1,1,1,4,11,3,2,12,0,4,11,11,0,1,0,0,0,12,0,0,5,3,8,0,1,0,2,8,1,1,5,1,4,6,1,1,2,0,2,0,0,3,0,0,1,2,0,1,1,2,1,7,0,0,0,0,2,3,7,1,0,6,1,0,0,7,1,1,0,0,0,0,1,0,4,11,1,2,6,0,4,0,4,0,7,0,0,2,1,2,3,8,0,2,1
0,6,0,2,6,0,0,0,8,10,9,3,0,1,1,15,0,0,0,0,6,5,0,1,0,0,1,1,1,0,2,5,9,2,0,2,0,8,7,1,3,1,0,0,1,1,2,8,0,3,0,8,4,1,0,0,2,0,0,6,2,14,1,8,10,7,12,3,2,1,0,1,0,1,4,0,0,0,0,0,0,12,1,1,1,10,0,0,0,10,0,0,0,0,2,6,0,0,0,3,0,1,1,4,0,0,0,1,0,0,1,2,0,8,3,0,2,1,3,0,0,9,0,0,0,0,1,4,0,0,0,0,0,0,0,2,2,0,0,1,0,0,1,1,0,1,4,0,0,4,1,2,0,0,1,0,0,2,1,1,6,1,4,1,2,9,0,6,9,0,11,8,8,1,1,0,1,2,8,0,0,8,1,9,0,0,0,2,10,0,4,9,1,3,6,2,3,3,0,3,1,3,3,0,0,1,0,1,0,0,1,0,8,0,1,0,0,3,0,5,0,0,2,0,1,0,4,2,0,0,1,0,0,1,0,8,8,0,3,7,1,8,2,11,0,7,1,0,3,0,0,0,9,1,2,4
1,1,0,1,0,1,1,0,2,8,11,5,0,2,1,12,1,0,0,0,4,2,1,2,0,1,4,0,6,0,1,5,10,2,1,2,0,10,4,4,6,3,4,1,2,0,0,9,0,0,0,7,4,0,0,0,11,1,0,2,2,11,1,7,7,8,8,0,0,2,2,1,3,2,2,2,0,1,2,1,1,9,0,2,0,9,0,1,0,8,1,3,0,1,1,4,0,0,0,1,1,0,0,0,1,0,0,2,0,0,3,2,0,2,3,1,1,0,4,0,0,8,2,3,2,2,0,5,0,1,1,0,1,2,1,5,3,1,5,2,0,3,1,3,1,2,5,0,0,2,0,3,0,0,0,0,3,1,0,0,3,0,2,0,2,13,1,6,14,0,11,8,9,0,1,0,2,0,13,1,1,7,0,7,3,0,1,5,18,1,7,6,2,2,0,3,0,2,0,2,1,3,2,0,3,3,1,0,0,0,1,2,2,1,3,0,1,0,2,5,0,1,0,1,0,0,6,3,0,0,1,1,2,2,0,6,9,5,3,8,4,6,2,6,1,2,1,1,2,0,1,4,6,0,2,0
0,2,0,1,0,0,1,0,4,15,10,5,2,1,1,10,0,0,0,0,5,2,0,3,2,0,2,2,1,0,4,4,6,1,0,1,0,7,4,1,3,0,0,1,1,5,0,7,0,3,0,8,3,3,0,0,2,2,0,3,1,14,0,8,7,9,10,0,0,1,1,1,7,0,1,1,0,1,2,0,1,10,2,0,0,5,0,1,2,9,0,0,0,0,1,7,0,0,1,1,1,0,0,1,2,0,0,0,0,0,1,0,1,7,0,0,0,0,1,0,0,6,0,4,0,0,0,5,0,2,4,3,0,0,1,1,2,1,1,0,0,2,0,0,0,0,3,0,1,1,3,1,2,1,0,2,0,0,2,1,3,1,1,1,1,7,0,7,8,0,9,8,9,1,0,1,2,0,10,0,0,10,1,9,2,1,0,0,12,3,3,8,5,1,3,2,0,3,1,4,0,1,2,0,4,2,1,1,0,0,1,4,7,3,0,1,0,0,2,3,2,2,2,0,0,0,9,0,0,0,2,0,0,0,1,6,8,0,3,8,0,7,4,6,0,5,0,1,3,1,0,0,7,0,0,1
0,4,0,1,1,0,0,0,2,4,10,3,1,2,1,10,0,0,0,0,4,1,3,1,0,2,0,1,0,0,1,3,10,0,1,0,0,9,6,0,3,1,2,0,1,2,2,10,0,0,0,5,2,1,0,0,7,0,1,1,2,13,0,6,9,5,12,4,0,1,1,0,1,0,1,0,0,0,3,1,2,10,0,2,1,7,2,1,0,8,1,0,0,0,0,5,1,1,3,2,1,2,1,0,0,1,0,1,0,0,3,0,1,4,2,0,0,0,2,0,1,4,0,1,0,0,0,5,1,0,0,1,0,4,0,4,0,1,1,0,2,0,1,0,0,3,3,0,1,0,0,1,0,2,0,2,1,4,2,0,5,0,1,0,0,16,2,0,14,1,8,9,11,1,1,2,0,1,13,2,0,8,0,6,1,0,1,3,11,0,0,7,1,0,2,0,3,4,1,2,0,6,5,1,0,1,0,1,0,0,0,0,3,0,0,0,0,0,4,7,0,0,0,0,0,0,6,5,1,0,2,0,0,0,2,5,9,3,2,7,0,6,2,5,0,5,0,0,3,1,1,1,13,0,0,5
0,13,0,0,1,0,0,3,1,7,12,2,0,0,0,15,1,0,0,0,5,2,0,2,3,0,3,0,2,0,0,5,12,2,1,0,0,14,6,1,2,0,2,0,7,1,2,12,0,1,0,4,2,0,0,0,7,0,0,1,2,16,2,6,8,5,12,0,1,0,0,2,6,5,4,1,1,0,2,2,2,12,1,3,1,6,0,0,0,5,1,1,0,1,1,10,0,0,0,2,0,2,1,0,1,0,0,1,0,0,1,0,2,7,2,1,2,1,1,0,0,5,0,6,0,2,2,3,0,0,0,0,0,2,1,3,0,0,3,5,0,0,0,0,0,0,0,0,0,0,0,3,0,1,0,1,0,0,0,0,3,0,1,0,1,14,5,3,16,1,5,12,12,1,5,0,0,0,13,0,1,4,0,7,2,0,0,5,11,0,9,6,1,8,5,1,0,1,0,1,0,2,1,0,0,2,0,1,0,0,0,1,3,1,0,0,0,1,1,10,0,0,3,0,0,1,5,4,2,0,1,0,0,0,1,4,14,2,1,7,2,4,1,4,1,4,0,0,0,0,0,1,9,1,0,1
0,7,0,0,0,0,0,0,2,3,11,3,2,3,2,15,0,0,0,0,5,0,0,0,1,0,5,0,0,0,4,4,12,0,1,0,1,11,8,0,0,0,1,0,2,0,0,12,1,1,0,8,1,0,0,0,5,0,0,0,0,12,0,5,16,6,11,3,2,0,0,2,2,0,2,0,1,0,2,0,0,15,0,0,0,2,2,2,0,5,1,3,0,0,0,7,0,0,0,0,1,0,2,0,1,0,0,2,0,0,1,0,0,2,0,1,0,0,2,0,3,6,0,5,0,1,0,4,1,3,0,2,1,0,1,0,1,2,0,1,0,0,0,0,0,0,0,0,0,1,0,3,0,1,0,0,0,0,2,0,3,0,4,0,0,11,0,3,16,1,6,11,11,0,1,1,0,0,12,0,0,5,0,6,0,0,0,3,9,0,2,5,1,1,2,1,1,1,2,2,0,3,1,1,0,1,3,1,0,0,4,1,1,2,1,0,0,0,4,4,0,1,1,0,0,1,4,0,0,0,3,0,0,0,0,5,11,0,0,5,0,5,1,6,0,5,0,0,2,2,1,0,10,0,0,3
2,7,0,1,1,0,2,1,4,5,12,1,5,0,0,10,0,1,0,0,6,0,0,1,0,0,9,0,1,0,1,0,8,1,2,0,0,10,8,0,2,2,0,1,1,3,0,8,1,0,1,6,3,0,0,0,10,1,0,0,1,20,0,4,8,3,11,1,2,0,1,1,2,1,0,0,1,1,5,0,0,16,3,1,1,6,0,0,0,6,0,0,0,0,0,6,0,0,1,0,0,1,0,1,0,0,1,2,0,1,6,1,0,1,0,0,1,0,2,0,0,3,0,1,0,1,0,1,0,0,0,1,0,3,1,1,0,0,2,0,1,0,0,1,3,1,0,0,0,0,0,1,1,1,1,0,0,1,1,0,4,0,2,1,2,10,2,3,14,0,5,11,13,0,2,0,1,3,13,0,1,6,0,8,2,0,0,4,15,2,5,4,0,8,2,0,0,0,0,5,0,3,1,1,0,1,4,0,0,1,2,0,0,0,0,0,0,1,1,2,0,0,2,0,0,0,7,2,0,1,1,0,0,0,0,3,11,1,2,8,0,4,1,3,0,4,1,0,1,0,0,0,11,0,0,1
0,11,0,0,2,0,0,0,1,9,14,2,2,0,0,13,0,0,0,1,6,3,2,3,3,1,3,1,0,0,0,3,14,3,0,0,0,15,5,0,0,0,1,0,0,1,3,13,1,0,0,3,7,0,0,1,5,3,0,0,2,16,2,2,7,2,13,0,1,0,1,1,3,0,3,0,2,1,3,3,5,14,1,6,1,3,0,6,0,4,1,0,2,0,0,5,0,0,2,3,2,1,0,0,1,0,0,1,0,0,9,0,2,7,7,0,0,0,2,1,0,5,2,11,1,3,1,2,0,1,3,3,0,3,1,3,2,2,5,3,0,3,0,0,0,0,6,0,0,3,1,6,1,4,1,0,1,2,4,1,1,0,4,2,2,18,1,1,19,2,5,13,18,0,3,1,2,1,14,0,2,2,1,2,2,0,1,7,14,1,9,4,0,6,4,0,1,0,0,5,0,4,1,2,0,1,0,0,1,0,5,1,4,0,2,1,0,0,3,6,1,1,1,0,0,0,11,3,0,2,1,0,1,0,0,2,13,4,3,8,1,2,1,2,1,2,0,1,1,0,0,0,15,0,1,0
2,9,0,1,1,1,0,3,5,9,15,3,2,0,1,8,0,0,0,0,3,3,0,0,2,0,5,0,2,0,2,2,12,1,0,1,0,12,6,0,0,0,1,1,1,0,0,13,1,3,1,6,7,0,0,0,3,1,2,2,2,8,2,4,10,4,12,2,1,1,0,1,2,0,0,0,0,1,0,0,0,12,0,0,0,5,0,1,0,4,0,2,0,0,1,6,0,0,0,1,0,2,2,2,0,0,0,0,0,0,1,0,0,6,0,0,1,1,4,1,1,2,0,4,0,1,0,0,1,0,1,0,0,0,1,2,2,1,0,3,1,0,0,0,0,1,1,0,0,1,0,2,0,0,0,0,0,0,1,0,1,0,3,0,10,14,1,2,14,1,7,12,17,1,5,0,0,1,13,1,0,4,0,6,1,0,0,2,11,1,3,4,2,4,1,1,0,1,1,5,0,1,3,2,0,1,0,1,0,0,1,0,7,0,3,1,0,0,2,6,0,1,2,1,0,3,7,1,1,0,2,0,1,0,2,3,12,0,0,9,0,3,0,3,0,3,0,0,1,0,0,1,8,0,1,4
0,10,0,2,0,3,0,0,8,8,8,3,3,4,0,13,0,0,0,0,6,1,1,0,0,0,5,0,0,0,2,1,10,0,0,0,0,8,8,3,0,1,1,0,1,1,3,9,1,4,1,10,0,1,0,0,3,1,1,1,1,14,3,9,9,8,8,0,1,4,0,1,0,1,0,1,2,1,1,0,1,9,0,1,0,8,0,0,0,8,0,0,0,0,0,3,0,0,3,2,0,2,0,1,2,1,0,2,0,0,2,1,0,7,0,1,0,1,4,0,1,8,0,0,1,0,1,6,1,1,1,0,0,0,1,1,1,3,0,1,0,0,1,2,1,1,0,0,0,0,1,3,0,1,3,2,1,2,0,0,4,2,2,0,1,9,7,4,9,0,9,8,10,2,0,0,1,0,8,0,1,7,0,8,1,0,0,2,12,1,2,7,0,3,1,0,0,1,2,2,0,0,3,1,0,0,0,0,3,0,2,3,4,0,0,0,0,1,0,1,1,4,2,0,1,0,3,1,1,0,1,0,0,1,2,8,8,0,1,4,2,7,3,7,0,7,3,0,7,1,0,0,10,0,0,1
0,18,0,2,0,0,0,0,12,5,12,3,0,0,2,12,2,0,0,0,6,0,2,0,0,0,8,3,1,0,0,4,14,0,0,0,0,12,18,0,2,1,0,0,1,5,2,11,0,1,1,8,1,2,0,0,4,0,0,2,0,21,3,7,9,7,12,0,0,0,0,3,1,1,0,0,0,0,1,1,1,14,1,1,1,8,0,0,1,8,2,0,0,0,1,4,0,0,1,0,1,0,2,0,0,0,0,0,0,0,2,0,0,2,0,0,0,0,1,0,1,6,0,9,0,2,0,2,0,0,0,1,0,1,1,1,0,0,2,1,0,0,0,0,0,0,0,0,0,0,0,1,0,0,0,0,0,0,0,0,4,0,1,0,0,16,2,3,19,1,8,11,12,0,3,0,0,2,18,0,0,5,1,8,3,1,0,0,21,1,6,7,1,2,1,1,0,0,5,1,2,2,2,0,0,0,1,2,0,0,1,1,3,0,0,0,1,2,2,10,0,5,1,0,0,1,5,0,0,1,0,0,0,0,1,6,12,0,0,7,0,5,1,5,0,5,0,2,2,0,0,0,7,1,0,2
1,13,0,0,2,0,0,0,7,11,9,1,5,1,0,14,0,0,0,0,11,7,0,2,0,0,1,1,1,0,2,1,10,2,0,0,0,8,10,0,0,0,0,1,1,0,1,9,0,0,0,9,1,2,1,0,7,1,1,2,1,17,1,7,9,6,9,0,0,3,1,0,1,1,3,1,0,1,0,1,2,10,0,0,0,4,1,2,0,8,0,0,0,0,1,3,0,0,0,1,1,1,1,1,1,0,0,0,0,0,5,1,0,9,1,0,2,2,3,0,0,4,0,4,1,0,0,1,0,1,0,1,0,1,0,1,2,0,1,2,0,1,0,0,0,0,4,1,0,2,0,3,0,0,0,0,0,0,0,0,5,0,1,0,0,11,4,4,14,0,8,10,14,1,1,0,0,0,10,1,0,8,2,7,3,0,2,0,23,2,8,9,1,7,1,0,1,2,3,9,0,1,5,4,0,1,0,0,1,4,0,1,2,0,0,2,0,0,5,2,0,3,4,0,0,0,7,0,1,0,1,0,0,0,1,7,8,0,1,5,0,7,0,6,0,4,1,0,1,0,0,0,7,0,1,3
0,6,0,2,0,0,1,0,3,7,11,4,3,1,1,13,1,0,0,0,6,0,0,1,1,2,2,1,1,0,2,1,11,0,0,0,0,11,7,0,0,1,0,0,1,0,0,12,0,1,0,8,1,0,0,1,3,0,0,1,2,11,0,4,15,5,11,0,0,4,1,0,1,1,2,2,0,2,0,0,0,11,0,1,0,7,0,1,0,7,0,0,0,1,0,2,0,4,4,0,0,0,2,1,1,0,0,2,0,0,3,0,1,2,0,0,3,2,4,0,0,2,1,5,0,0,0,2,1,1,1,2,1,0,0,1,0,0,0,0,0,1,0,0,1,3,0,0,0,1,0,2,0,1,0,1,1,1,1,0,3,0,3,1,2,11,0,1,9,0,5,11,12,1,2,0,0,0,12,0,1,5,0,4,4,0,1,2,5,1,0,4,3,2,3,0,1,1,0,4,0,2,2,0,0,0,0,0,0,1,1,1,4,0,0,0,0,1,0,5,0,0,5,0,0,1,8,0,3,2,1,0,0,1,1,4,11,3,1,6,2,4,0,5,0,3,1,0,2,0,1,2,9,0,1,2
0,9,0,2,0,0,0,0,0,8,13,3,1,0,1,18,0,0,0,0,9,0,2,0,2,1,0,3,1,0,2,0,12,0,1,0,0,13,12,0,4,1,0,0,2,1,1,12,0,0,0,6,2,2,0,0,7,0,0,2,0,15,2,4,11,5,13,0,2,1,1,1,3,0,5,0,0,1,2,0,2,14,0,2,0,4,1,0,0,6,1,1,1,0,1,9,0,0,1,0,0,0,0,0,3,0,0,0,0,0,4,0,0,6,0,0,0,0,4,0,0,3,0,4,0,1,0,3,0,0,0,1,0,3,1,4,2,1,6,1,0,0,0,0,0,3,4,0,0,0,0,1,0,2,0,0,0,0,2,0,2,0,2,1,0,14,1,2,17,0,6,12,13,0,0,0,0,3,16,1,0,4,0,8,1,1,0,2,11,0,1,4,0,2,5,2,1,2,0,1,0,5,1,0,0,1,1,0,0,0,0,0,1,2,0,0,0,0,0,8,1,1,1,0,0,0,4,3,4,0,1,0,0,0,0,4,12,1,1,7,0,4,1,4,1,2,0,1,0,0,1,0,12,0,0,3
1,13,1,1,1,0,0,0,8,15,12,4,7,0,2,16,1,0,1,0,5,4,2,3,0,2,4,1,0,0,2,3,10,0,0,1,0,13,9,0,1,0,1,0,1,3,1,8,0,0,0,6,1,0,0,0,10,0,0,0,0,18,3,4,10,5,11,0,0,3,0,1,2,0,1,0,0,0,3,0,0,11,0,2,1,8,1,2,0,9,0,1,0,1,0,6,0,0,2,0,0,1,1,0,1,0,0,4,0,0,2,0,0,5,1,2,1,0,4,0,1,3,3,1,0,0,0,3,0,0,0,0,0,2,0,2,0,0,2,1,0,0,1,1,0,0,7,0,0,0,0,4,0,3,0,0,0,2,3,0,4,0,0,0,9,13,2,7,15,1,7,13,12,0,4,0,1,0,15,2,1,6,0,7,2,0,0,6,17,0,2,5,1,6,4,0,1,1,0,1,0,6,1,0,1,2,2,0,0,0,0,5,9,0,0,1,0,0,0,4,1,4,1,0,0,0,8,1,2,0,1,0,0,0,0,4,12,1,0,5,2,6,1,6,0,3,0,1,3,0,0,2,7,0,1,0
7,8,0,1,2,1,0,0,4,13,10,3,2,1,0,10,1,0,1,0,4,7,1,1,2,1,1,3,1,0,4,4,8,2,0,0,0,8,11,0,2,1,1,0,3,1,2,8,0,0,0,6,0,0,0,2,7,2,1,3,1,15,1,5,9,6,9,2,1,3,0,0,5,1,0,1,1,1,4,2,2,10,3,3,0,7,0,3,1,8,1,0,1,0,1,8,1,0,0,0,0,1,0,1,4,1,0,0,1,0,1,0,0,4,3,0,0,1,3,4,1,4,1,7,3,2,1,2,0,0,2,7,0,0,0,0,2,0,2,1,0,1,2,0,0,3,4,0,0,0,0,1,0,0,1,0,3,1,1,1,2,0,1,0,2,8,3,4,12,2,7,9,9,3,3,0,1,3,12,0,1,6,1,7,2,0,0,2,10,2,1,6,0,0,0,1,0,0,1,2,0,1,2,1,0,0,0,0,0,0,0,1,8,4,0,0,0,0,2,3,0,3,3,0,0,0,2,0,1,5,1,0,0,0,0,5,9,0,0,2,0,5,0,5,0,7,1,0,1,1,1,0,9,0,0,0
0,10,2,2,0,0,2,0,2,4,12,2,0,2,0,15,1,0,0,0,3,0,2,1,0,1,4,0,0,0,0,6,11,0,0,0,0,12,8,1,2,0,1,0,1,3,3,11,1,3,0,5,0,0,0,0,5,0,2,0,2,8,0,3,15,3,12,2,1,2,5,1,3,0,0,1,0,0,0,0,1,14,0,0,0,7,0,1,5,6,0,0,0,1,0,8,0,0,3,0,0,0,3,0,3,2,0,1,0,0,4,2,0,2,1,0,0,1,7,0,0,3,1,2,0,0,2,2,0,1,1,2,1,0,1,0,5,1,0,0,0,0,0,0,2,1,0,0,0,1,0,0,0,1,0,0,2,0,2,1,2,0,1,0,2,12,1,4,15,0,5,12,13,1,2,1,1,1,14,0,1,4,0,4,3,2,1,1,8,0,5,7,0,2,1,0,0,1,0,1,0,5,0,0,1,1,1,1,1,0,0,2,0,0,0,1,0,1,3,7,0,1,1,0,0,0,4,2,0,0,3,0,0,0,0,3,15,1,0,6,1,3,2,3,0,3,1,0,2,1,0,0,9,3,0,2
0,8,2,4,0,0,0,2,0,9,10,6,2,2,1,11,1,0,0,0,4,5,1,3,2,0,2,0,0,0,1,6,11,2,0,0,1,9,11,1,3,2,2,0,3,2,1,9,0,0,1,5,2,1,0,3,5,1,0,3,1,15,6,5,9,7,10,2,2,1,0,3,4,3,4,1,0,0,0,1,1,10,1,1,0,9,0,1,0,7,1,3,2,0,2,7,0,0,0,0,1,0,1,0,2,1,0,0,0,2,4,0,1,5,3,0,0,0,6,2,1,5,0,2,1,0,0,3,0,0,0,7,0,1,0,3,1,0,1,3,0,0,1,1,1,0,2,0,0,2,1,2,1,2,0,0,0,0,4,2,2,2,6,0,2,14,1,2,12,1,7,10,10,0,2,0,1,3,12,1,1,7,2,8,1,1,0,8,15,1,4,6,1,4,0,0,1,0,0,1,0,3,0,0,1,1,3,0,0,0,2,1,8,0,1,0,0,1,1,5,1,0,0,0,0,0,3,2,1,1,0,1,1,0,2,5,10,1,0,3,0,6,3,5,0,5,0,0,4,1,0,1,13,0,0,1
0,8,1,0,0,2,0,0,6,6,13,2,2,6,0,13,0,0,0,0,8,2,2,0,2,1,1,0,1,0,0,1,11,0,4,0,0,13,6,1,1,4,0,0,3,0,3,10,1,0,0,8,0,2,0,0,2,0,0,6,3,12,2,3,13,4,12,0,2,2,4,0,0,1,5,2,1,0,0,0,1,13,1,4,0,6,1,0,0,5,0,0,1,1,1,9,1,0,1,0,0,2,0,0,0,2,0,1,0,0,4,1,0,2,2,0,0,1,1,0,1,4,1,4,0,0,1,4,0,1,2,2,2,0,0,0,0,0,0,1,1,1,0,0,1,2,0,0,0,0,0,0,0,1,0,1,0,0,2,1,1,0,0,2,2,13,1,3,17,1,9,12,14,0,6,0,1,0,13,1,0,4,0,7,1,2,0,4,9,0,2,4,0,1,1,2,0,1,0,2,2,2,1,0,0,1,1,0,1,0,0,0,2,0,2,0,0,0,1,7,0,5,2,0,0,0,5,2,1,0,2,0,1,0,7,3,13,3,1,5,1,4,0,3,2,6,0,0,5,1,0,1,11,1,2,5
0,11,0,0,0,0,0,1,2,5,12,2,3,0,1,13,0,0,0,0,4,0,0,0,2,0,1,0,0,0,0,2,9,0,0,1,0,9,6,0,0,0,1,0,1,0,1,9,0,0,0,7,0,2,0,0,11,0,1,0,0,17,2,6,11,7,10,0,0,1,1,0,1,0,0,0,1,0,1,1,0,10,3,0,0,5,0,0,0,9,0,0,1,0,1,5,1,0,3,1,0,2,3,0,2,0,0,3,0,0,2,0,0,1,0,1,0,0,4,0,3,6,0,6,0,0,0,5,0,0,1,1,0,1,0,1,1,0,0,2,0,1,1,0,0,2,2,0,0,0,0,0,0,0,0,0,0,0,1,0,5,0,2,1,5,10,2,4,11,1,9,10,13,0,1,0,0,1,13,0,0,8,1,9,1,0,0,3,14,1,1,8,0,3,2,0,0,2,1,4,1,3,3,0,0,3,1,0,0,0,2,0,1,0,0,0,1,3,0,5,0,2,6,1,0,0,3,1,2,0,1,0,0,0,0,5,9,0,0,6,0,7,1,6,0,5,0,0,3,1,0,1,6,0,0,2
1,9,3,1,0,1,3,1,4,13,9,6,5,2,1,8,0,0,0,0,9,1,2,5,2,0,3,3,3,0,3,1,9,0,0,0,0,9,8,0,3,0,1,0,1,0,1,10,2,3,1,7,0,1,0,0,7,1,1,2,0,19,2,9,8,6,9,2,1,3,1,0,1,3,5,1,1,3,0,0,3,10,0,1,0,4,0,2,1,9,2,2,4,0,0,5,1,2,0,0,2,0,3,0,1,0,0,0,0,0,1,0,0,7,1,0,2,2,1,0,1,4,0,6,1,0,0,5,0,0,0,0,0,1,0,1,1,1,0,2,0,1,1,0,0,1,1,0,0,0,1,3,0,1,1,1,0,0,1,0,5,0,1,0,0,11,0,2,8,1,10,9,10,0,0,0,0,1,10,1,0,6,1,7,1,0,0,4,12,1,2,7,2,0,2,0,1,0,1,4,1,2,5,0,1,2,0,1,1,1,2,1,1,0,0,1,0,0,1,3,0,0,2,0,0,0,3,1,2,0,0,0,2,0,1,7,9,0,0,5,2,6,0,6,0,5,0,1,2,0,1,0,5,0,0,0
0,3,0,3,0,2,0,1,3,8,11,4,4,2,0,14,0,0,0,0,6,1,3,1,0,2,2,1,3,0,5,0,9,2,1,0,0,10,5,0,0,0,1,1,2,0,1,10,0,1,0,5,1,2,0,0,4,0,1,1,1,15,1,6,8,6,11,0,0,2,2,0,1,2,4,1,0,1,1,1,4,10,0,1,0,9,0,1,0,8,0,0,0,3,0,4,0,0,2,0,0,1,0,1,2,1,0,4,0,0,0,0,0,3,0,1,0,0,1,0,2,3,1,4,0,0,1,3,0,0,1,0,0,4,0,6,1,2,3,1,0,1,0,1,0,0,1,0,0,0,1,1,0,1,0,1,0,1,1,0,6,1,2,0,2,10,2,5,13,0,6,9,11,1,2,0,0,0,16,0,0,7,1,7,2,0,2,5,8,0,2,6,1,1,2,1,0,3,0,9,0,1,3,4,1,0,0,0,0,3,0,1,4,0,0,0,0,1,2,1,1,0,3,0,0,0,5,2,0,0,4,0,0,0,0,4,10,4,2,5,0,5,1,4,0,4,1,0,1,0,0,1,9,2,0,0
1,7,0,0,0,0,1,0,2,3,10,0,0,1,0,9,2,0,0,0,2,2,2,0,1,1,0,0,3,0,1,1,9,0,0,1,0,11,5,1,2,1,1,0,1,2,0,10,1,0,1,7,3,1,0,0,6,0,0,0,1,14,4,7,12,5,10,0,1,1,0,2,1,1,0,0,1,2,1,0,0,10,0,1,0,7,2,0,0,10,0,0,1,0,1,6,0,0,1,1,0,0,0,0,0,0,0,3,0,1,6,0,0,3,1,0,2,0,3,1,4,5,0,2,0,1,1,1,0,0,0,0,0,1,0,5,5,1,3,1,0,3,2,0,0,2,4,0,0,0,0,4,0,0,0,0,0,0,2,2,3,1,5,1,0,11,1,6,8,1,8,9,11,0,2,0,2,0,13,0,1,7,0,8,3,0,0,2,12,0,0,9,0,2,4,0,5,0,0,5,0,2,0,0,1,1,0,0,1,0,0,0,1,0,0,2,1,2,1,7,0,0,1,0,0,0,7,1,1,0,0,0,0,0,0,6,9,1,1,6,0,6,0,7,0,7,0,2,3,0,0,2,7,0,0,2
0,5,4,0,0,0,0,1,1,11,8,6,0,0,2,9,1,0,0,0,3,3,1,2,0,4,0,1,0,0,2,3,6,0,1,0,0,6,6,1,0,0,0,0,1,5,2,5,1,1,1,11,1,4,0,0,5,0,0,2,1,15,1,8,5,7,7,0,0,1,0,0,1,0,1,1,0,0,4,0,0,7,0,0,0,10,0,1,1,9,0,0,2,0,0,5,0,1,0,4,2,1,1,0,1,0,1,2,0,0,3,0,0,7,0,1,1,1,0,2,1,9,0,2,0,0,3,6,0,0,1,0,0,1,0,1,0,0,2,1,0,1,0,0,0,0,4,0,0,2,0,2,0,1,2,1,1,0,0,0,4,1,0,1,3,10,1,3,12,0,9,7,9,0,0,0,4,0,8,2,0,10,1,14,0,0,0,0,12,3,6,10,1,0,1,2,1,1,1,3,1,0,1,0,0,1,1,0,0,0,1,3,4,0,0,0,0,0,1,2,1,1,4,0,0,0,2,1,0,0,1,0,0,1,2,9,7,2,2,4,1,8,1,8,0,7,0,0,3,0,0,0,7,0,2,1
0,4,1,0,0,0,1,0,1,10,8,3,0,1,0,7,0,0,1,0,0,2,1,0,1,1,1,1,0,0,4,5,6,0,0,0,0,7,4,1,0,0,1,0,2,2,1,6,0,2,2,9,2,0,0,0,2,0,0,3,1,13,3,9,8,8,8,1,0,2,0,0,2,3,2,0,1,0,0,2,0,8,0,2,1,8,0,1,0,12,0,0,0,0,0,6,0,0,0,4,0,2,0,3,0,0,1,1,1,1,1,0,0,4,1,2,0,0,2,0,1,5,0,0,0,1,1,2,0,0,0,3,0,0,0,0,1,0,2,1,0,0,0,1,2,0,1,0,0,1,1,1,0,0,0,1,0,0,1,0,5,0,1,0,0,7,1,5,7,0,12,7,9,0,0,0,2,1,7,1,0,9,1,9,1,0,0,0,15,1,0,9,2,2,3,2,0,1,0,1,0,2,1,0,1,0,0,0,0,0,0,1,3,0,0,0,0,0,0,4,0,2,3,0,0,0,4,0,0,0,1,1,0,0,0,8,8,0,0,5,0,11,2,9,0,9,0,0,7,0,0,0,8,1,5,2
0,5,0,0,0,0,0,1,2,10,7,6,0,1,0,10,2,0,0,0,8,0,2,0,0,3,1,3,3,0,2,6,7,1,0,1,1,6,5,1,2,1,1,1,4,0,0,7,2,2,0,11,1,0,0,0,2,1,0,1,1,17,2,10,6,10,7,1,1,3,0,0,0,0,4,0,1,0,2,1,0,6,0,2,1,11,0,1,0,13,0,0,1,0,1,6,0,0,1,0,0,0,1,1,1,0,0,1,0,0,3,0,0,2,3,0,0,0,2,0,2,10,0,2,1,1,0,7,0,0,0,1,0,1,0,1,0,0,1,3,0,0,0,0,0,1,2,0,0,2,2,3,0,0,0,0,0,1,1,0,9,0,0,0,2,6,1,4,6,1,11,6,6,1,0,0,2,0,7,0,0,11,0,11,0,0,0,2,15,0,2,12,1,0,2,2,0,2,0,1,1,1,2,1,0,1,0,0,0,0,0,3,1,0,0,0,0,1,0,0,1,0,1,0,0,0,2,3,1,0,1,0,0,1,0,9,7,1,1,4,1,10,1,11,0,8,0,0,3,0,1,1,6,0,1,0
2,12,0,0,0,0,0,0,1,7,10,2,0,0,0,13,0,0,0,0,7,0,2,2,0,1,5,1,1,0,3,5,10,1,1,1,0,12,10,2,2,0,3,1,1,2,0,9,1,0,2,8,2,0,0,0,4,0,0,1,3,19,0,6,10,7,9,1,1,2,0,2,1,0,2,1,3,2,0,0,1,9,1,1,1,7,0,1,0,5,1,0,0,1,1,4,1,0,0,1,0,0,2,2,0,0,1,1,3,1,2,0,1,3,0,0,0,1,3,0,1,4,0,0,1,0,0,2,0,0,0,2,0,3,0,4,0,1,1,2,4,1,0,0,0,1,3,0,0,1,0,3,1,0,1,0,3,3,1,1,4,0,5,3,1,10,3,4,12,1,7,9,10,0,3,0,4,0,12,4,0,5,1,5,2,0,3,3,10,1,3,8,0,6,4,0,0,1,2,5,0,1,3,1,2,0,0,0,0,0,0,2,2,0,1,2,1,0,5,3,0,1,0,3,0,0,4,1,0,1,0,0,0,1,0,3,9,0,1,3,1,4,1,4,1,3,0,1,2,0,0,2,7,0,0,2
0,9,1,2,1,1,0,0,1,4,15,2,2,1,0,16,0,0,0,0,7,2,1,0,1,4,5,0,1,0,3,4,14,1,1,0,0,13,1,0,0,0,0,0,2,0,3,13,0,0,0,1,1,0,0,0,8,0,0,1,2,11,1,3,13,3,15,0,0,0,0,3,2,1,2,1,1,1,3,0,1,14,0,6,1,4,0,0,0,3,0,0,2,0,0,7,0,0,1,0,0,2,0,2,0,0,0,2,0,1,1,0,0,1,3,0,1,1,2,0,1,2,0,2,1,0,1,2,0,0,2,1,0,4,1,8,3,2,4,1,0,2,1,0,1,0,4,0,0,0,0,1,0,2,0,1,0,1,1,0,0,0,2,0,3,16,0,2,17,0,3,13,15,1,1,0,1,0,16,0,1,3,0,3,1,0,0,3,7,0,3,2,0,10,2,0,3,0,0,4,1,6,2,2,0,1,1,1,0,0,3,1,1,0,1,0,0,2,1,3,0,2,3,1,0,1,6,3,0,0,6,0,0,0,2,2,13,3,4,9,1,2,3,2,0,3,0,0,3,0,0,2,13,0,1,1
0,12,1,3,0,1,1,0,3,3,12,3,0,0,0,13,0,1,0,0,11,2,1,0,2,1,4,0,1,0,5,2,11,1,0,0,0,10,6,1,4,0,1,0,0,0,0,11,0,1,1,4,3,1,0,0,9,0,0,0,1,18,1,4,13,4,12,1,1,1,1,1,3,0,1,0,1,0,2,0,4,14,2,2,0,6,2,1,1,13,0,2,0,0,0,10,1,0,3,1,0,2,1,0,0,0,0,4,0,2,5,0,2,4,2,2,0,1,8,0,1,4,0,4,0,1,1,2,0,0,1,1,0,1,0,2,0,0,3,3,0,1,1,1,1,0,0,0,1,0,0,1,0,0,0,0,0,1,1,0,5,0,2,1,1,12,1,5,10,0,6,12,14,0,1,2,0,0,16,2,0,7,0,10,0,0,0,3,18,1,5,5,0,6,4,0,2,0,3,2,0,1,2,0,0,0,1,1,0,0,4,4,5,1,0,0,0,3,1,6,1,2,3,0,0,4,5,2,0,3,0,0,0,0,2,5,11,2,4,6,1,5,1,6,2,5,0,1,1,1,0,0,16,0,1,3
0,10,0,1,0,1,0,0,4,6,12,4,4,2,1,9,0,0,0,0,10,0,2,0,3,0,2,0,0,0,2,3,13,0,0,0,1,10,7,1,2,0,0,0,3,4,1,10,6,0,1,8,1,0,1,0,4,2,0,1,2,14,0,6,10,6,10,0,2,0,0,3,0,1,0,1,0,0,0,1,3,10,1,4,1,1,1,0,0,5,0,0,0,0,1,6,0,0,0,5,0,5,3,0,1,0,0,1,0,3,4,0,0,7,2,0,1,0,4,1,0,6,0,0,0,2,1,2,1,1,1,0,2,1,1,3,1,0,5,2,0,1,0,0,0,0,3,0,1,1,0,4,0,5,1,0,0,2,0,1,4,2,1,1,1,13,2,4,13,1,6,10,11,1,0,0,0,0,13,3,0,5,0,7,1,2,0,4,11,1,7,6,3,3,0,0,1,3,2,1,0,10,3,1,0,2,0,2,0,0,3,1,5,0,0,0,4,0,2,4,0,0,3,0,0,2,5,1,2,2,0,0,0,0,1,6,13,2,1,2,0,5,0,5,0,5,0,0,1,0,0,1,9,1,0,3
0,5,0,1,1,1,0,1,2,13,9,5,1,1,0,12,0,0,0,0,6,4,2,4,5,0,5,2,1,0,2,0,7,2,0,0,0,8,3,1,2,1,1,0,1,3,3,7,2,1,0,7,3,3,1,0,7,1,0,0,1,14,0,7,6,6,9,0,0,0,0,0,0,4,8,0,0,1,0,1,0,9,0,0,1,5,1,1,1,9,0,0,0,1,1,3,2,0,2,0,0,0,1,2,3,0,2,0,0,0,2,0,1,9,1,2,0,1,1,1,0,8,0,4,1,4,1,7,0,0,0,0,0,1,0,3,0,0,3,1,0,0,2,3,0,0,1,0,0,0,1,0,0,0,1,0,0,0,1,1,3,0,3,0,0,9,2,1,7,3,7,8,9,0,1,0,2,0,8,0,0,7,0,8,1,2,0,1,12,2,2,7,3,6,4,2,2,0,2,5,1,0,0,0,1,3,1,0,0,0,3,3,2,1,1,0,0,2,4,2,4,0,1,2,0,3,6,2,0,0,1,1,0,0,1,7,9,1,2,4,1,7,3,7,2,6,0,0,2,0,0,0,10,0,0,0
0,1,2,0,2,1,1,0,2,3,12,2,1,4,1,10,0,0,1,0,2,1,1,2,0,0,1,1,0,0,4,2,12,0,0,2,0,11,6,0,5,1,0,0,0,0,0,12,0,0,0,4,3,2,0,0,4,0,1,0,2,8,0,4,13,7,11,0,2,1,2,2,1,0,0,0,2,0,0,1,3,13,0,1,0,14,0,1,0,3,0,1,1,0,0,4,1,0,2,0,0,0,2,0,2,0,0,3,0,0,3,0,0,3,0,0,0,1,1,0,1,2,2,2,0,0,1,2,0,1,1,1,0,1,1,1,7,1,1,3,0,1,0,0,1,1,1,0,0,0,0,4,2,2,0,0,0,1,0,1,4,0,6,3,7,12,1,2,10,1,5,13,11,0,3,0,0,3,14,0,2,5,0,6,3,0,0,0,8,0,0,5,1,2,3,1,0,1,1,0,0,0,0,0,3,1,0,0,0,0,0,3,3,1,0,0,0,0,1,4,1,2,3,0,0,3,6,1,1,0,4,0,0,0,2,4,14,3,0,8,0,5,1,5,0,4,0,0,1,0,0,4,6,0,3,5
0,6,3,0,0,1,0,0,5,7,9,0,1,2,0,10,1,0,0,0,5,5,0,1,0,1,1,0,0,0,2,3,8,1,0,1,0,8,6,1,2,0,0,0,2,0,0,8,0,5,0,10,1,0,0,1,3,2,0,2,1,9,0,7,11,7,9,2,1,1,0,0,3,2,0,0,0,0,1,2,3,8,1,0,1,6,0,1,3,7,4,0,0,0,0,7,1,0,0,3,0,2,0,2,1,0,2,0,0,0,0,0,0,5,0,0,0,0,1,0,1,9,0,3,0,0,1,5,0,0,0,1,0,0,0,0,1,1,2,0,0,0,0,2,0,0,1,0,0,0,0,3,0,1,0,0,0,0,0,0,5,0,1,0,3,9,5,5,9,1,8,8,10,0,3,0,2,2,12,0,4,7,1,11,2,0,1,3,14,1,4,8,1,1,2,1,0,2,2,2,0,3,1,3,1,1,4,1,0,1,1,2,7,1,0,1,1,1,0,4,0,1,4,0,1,0,5,0,1,5,1,0,0,0,0,7,8,1,0,5,1,7,1,7,0,6,0,0,1,0,0,2,7,0,0,5
0,11,0,0,0,0,1,0,3,11,12,5,5,4,0,12,1,2,0,0,5,0,1,2,1,1,3,1,1,0,2,1,11,1,0,0,0,9,5,0,3,0,1,1,6,2,2,10,1,0,1,6,3,0,0,1,6,1,1,1,2,19,2,6,7,5,10,1,0,3,0,0,2,1,2,0,0,2,0,0,1,11,0,1,1,4,0,3,1,6,1,2,0,2,0,4,0,0,2,1,0,2,0,2,0,0,0,1,0,0,3,1,0,4,1,0,2,0,1,1,1,3,1,4,1,0,0,3,0,0,0,1,0,0,0,1,1,0,0,4,0,0,1,0,0,0,6,0,0,1,2,2,0,1,0,0,0,2,2,0,4,0,1,1,3,11,3,5,8,0,8,10,10,0,2,0,1,1,12,0,0,6,0,7,1,0,0,2,15,2,3,5,1,7,2,2,1,2,1,7,2,3,2,0,0,6,0,0,2,2,0,0,4,2,0,2,1,0,2,4,0,2,4,0,0,2,7,1,1,0,1,0,0,0,0,4,9,1,2,4,1,7,0,5,0,4,1,1,2,0,1,0,13,1,0,4
1,8,0,2,0,1,0,0,1,3,12,4,6,2,0,12,1,0,0,0,5,1,0,0,0,1,0,0,0,0,0,4,11,0,0,0,0,13,6,0,2,0,2,0,2,1,0,11,0,0,1,4,1,1,0,1,2,0,0,0,2,10,2,2,14,2,12,1,3,4,1,1,1,0,3,3,3,0,4,1,4,13,1,2,0,3,0,2,0,3,0,1,2,1,1,5,0,0,4,1,0,0,2,1,1,1,0,0,0,0,2,0,0,5,0,0,1,0,5,0,1,3,1,4,0,0,0,2,1,1,2,2,1,2,0,4,0,0,3,0,0,0,0,0,0,1,1,2,1,0,0,2,1,1,0,0,0,0,0,0,3,0,2,0,7,13,1,2,13,1,4,12,12,0,0,0,0,0,17,1,1,2,0,3,1,1,2,2,8,1,2,2,0,0,2,1,1,2,0,3,0,3,1,1,0,0,0,0,0,0,5,2,1,0,0,0,0,1,2,4,0,3,5,0,0,0,6,1,1,0,1,0,0,0,0,2,12,3,0,6,0,2,2,3,0,2,0,1,1,0,1,0,10,2,1,1
0,10,0,1,0,0,1,0,1,4,13,0,2,4,0,12,0,0,0,1,7,0,0,0,2,1,2,0,1,0,1,1,9,1,1,0,0,10,6,2,0,0,1,0,0,0,0,9,1,0,0,6,3,4,0,0,5,1,1,0,2,14,4,3,6,3,12,0,2,1,1,0,2,1,0,1,0,0,0,0,0,12,1,0,0,3,0,0,1,6,0,1,0,1,0,5,0,2,2,0,0,2,0,0,0,1,0,2,0,0,2,1,1,2,0,0,1,1,3,0,1,6,1,7,1,0,2,3,0,1,2,0,2,0,1,0,0,0,0,0,0,0,0,0,1,2,0,1,0,0,0,1,0,0,1,0,0,0,2,0,0,0,2,0,3,10,3,0,9,0,3,10,16,0,4,0,0,0,13,0,1,4,0,5,1,0,0,4,10,2,2,4,1,3,1,2,0,1,0,3,0,2,3,1,0,0,2,0,2,0,0,0,2,0,0,1,0,0,1,8,0,2,2,2,0,0,5,1,3,0,1,0,1,0,1,5,10,3,0,8,2,4,3,4,0,2,1,0,2,0,0,2,11,2,0,3
0,7,0,2,0,1,1,0,4,2,14,0,2,2,0,11,0,0,0,0,3,1,3,0,1,3,0,2,2,1,0,1,11,0,1,1,0,12,6,1,5,0,1,0,0,0,2,11,0,2,2,4,3,3,0,0,7,0,2,0,3,13,0,3,13,7,12,3,2,0,0,2,4,0,0,0,1,0,5,1,3,14,1,6,0,2,0,0,2,10,0,0,0,0,0,6,1,0,5,2,1,1,3,5,1,0,0,1,0,2,5,0,1,1,1,1,2,0,9,0,0,5,0,3,0,1,3,4,0,0,1,0,0,5,1,6,0,0,6,0,0,4,0,0,0,2,2,0,2,2,0,0,1,1,0,3,0,1,1,0,4,0,5,0,1,11,1,0,12,1,4,12,12,0,0,1,0,0,14,0,0,4,0,6,2,0,0,2,11,0,3,3,0,3,2,0,3,2,3,3,0,1,1,3,0,0,1,0,0,1,0,0,4,3,0,1,0,0,0,2,2,1,6,0,0,3,5,4,0,0,5,0,0,1,1,4,12,3,2,9,0,3,2,3,1,3,3,1,2,1,0,1,9,0,0,1
0,14,0,0,0,1,0,1,9,4,14,2,2,4,0,14,0,0,0,0,9,0,0,0,1,0,2,3,0,0,0,4,14,0,0,0,0,13,14,0,4,0,2,0,1,1,0,13,1,1,1,5,1,1,0,0,4,0,1,0,1,20,0,3,13,5,13,0,1,1,1,2,4,0,2,0,0,0,2,1,1,15,0,1,1,3,0,1,1,4,0,0,0,0,0,6,0,2,2,0,1,0,2,2,0,0,0,2,0,0,1,0,0,3,3,0,0,0,2,0,0,3,0,6,0,2,1,2,0,0,4,3,0,2,3,1,0,1,2,2,0,0,0,1,0,0,1,0,0,1,0,0,0,2,0,3,0,2,2,4,1,0,3,0,0,17,0,2,17,0,9,13,14,1,3,0,0,0,16,0,0,4,1,7,1,0,0,4,24,0,3,4,3,8,2,0,0,0,2,3,1,4,4,0,0,5,1,0,2,1,5,0,4,2,0,0,1,0,1,5,0,4,6,0,0,0,7,2,1,0,2,0,2,1,3,3,13,1,2,4,0,3,1,4,0,4,0,0,3,0,0,2,10,0,0,1
0,6,0,0,0,0,0,0,4,8,10,1,1,1,0,11,0,1,0,0,5,0,0,0,1,0,1,0,0,0,3,1,10,0,1,0,0,8,6,0,0,1,1,0,0,0,1,9,1,1,1,10,1,0,0,0,7,0,0,0,1,13,0,7,10,6,10,0,2,0,0,0,0,0,1,0,1,0,1,0,2,10,0,2,1,3,0,0,3,7,1,0,1,0,0,4,1,0,4,2,0,0,0,1,0,0,0,1,1,1,1,0,0,7,1,0,0,0,7,0,0,6,0,4,0,1,0,5,1,0,1,0,0,1,0,1,2,0,3,1,0,0,0,1,1,0,4,1,0,1,2,3,0,1,0,1,0,1,3,0,2,0,3,0,1,13,0,5,13,0,9,9,10,2,4,0,1,1,12,1,2,7,1,12,3,3,0,7,14,1,3,8,2,2,3,0,4,0,0,2,0,9,2,1,0,1,3,0,1,0,2,0,6,0,2,1,1,3,1,8,0,4,2,1,0,0,6,0,0,0,2,0,0,1,0,6,10,0,0,7,0,7,1,7,0,5,0,0,3,0,0,1,8,0,0,2
1,9,0,1,0,0,0,0,4,22,10,1,0,2,1,14,0,0,0,0,9,1,0,1,2,0,0,2,0,0,2,4,6,0,0,0,0,10,10,1,3,5,0,1,0,0,0,6,1,1,1,7,0,2,0,0,3,2,0,5,0,17,3,6,11,9,12,0,0,0,2,0,7,0,2,0,2,0,2,1,2,10,1,3,2,3,2,1,1,11,0,2,0,0,0,8,0,0,0,0,1,4,3,0,2,2,2,0,1,1,4,1,0,10,4,0,0,0,5,0,1,4,0,5,1,2,0,4,0,1,3,1,0,4,0,3,1,1,2,3,0,3,0,0,0,0,0,0,0,0,0,5,0,2,1,0,0,1,1,1,1,0,3,2,0,11,1,10,12,1,6,8,9,3,1,0,4,5,10,1,1,8,0,8,2,0,0,3,10,1,2,8,0,2,4,0,0,1,0,3,0,2,0,0,0,1,1,0,0,0,1,0,3,1,0,0,0,1,0,5,1,1,1,0,0,1,5,3,1,0,0,0,0,0,1,5,11,3,0,7,0,8,3,4,1,4,0,0,5,0,0,0,10,0,0,1
0,7,0,0,1,1,0,2,6,7,10,1,4,0,1,11,1,0,0,0,4,1,2,0,2,1,4,0,0,0,3,2,9,2,0,0,0,9,6,0,2,0,1,0,4,2,1,9,0,3,0,7,0,0,0,0,6,1,0,3,1,19,1,8,8,8,9,1,0,0,1,2,0,1,1,0,0,0,0,0,2,11,0,0,0,6,0,1,0,8,2,1,0,0,0,5,0,0,0,1,2,1,0,4,1,0,0,1,1,0,3,1,0,5,0,1,1,1,2,0,0,8,0,3,1,0,1,7,0,0,0,0,0,0,0,0,0,0,1,2,0,0,0,0,0,0,1,0,0,1,0,1,0,0,0,0,0,0,0,0,3,0,1,0,1,13,5,3,10,0,11,9,9,0,0,0,0,0,10,2,1,7,1,9,0,0,0,2,16,1,4,8,2,6,5,0,3,0,1,4,0,0,2,1,0,2,0,0,0,0,3,0,1,0,0,0,0,0,0,5,1,5,4,0,0,0,5,2,1,0,0,0,1,1,0,6,9,0,0,4,0,7,0,7,0,5,1,0,3,1,1,1,8,0,0,3
1,4,0,1,0,1,1,0,4,7,11,3,2,1,0,12,0,0,0,0,6,0,0,1,0,0,1,0,3,0,4,3,10,0,0,0,0,11,7,0,3,0,1,0,0,2,3,10,0,0,0,7,1,1,0,0,2,2,1,0,1,10,1,6,9,5,11,3,0,1,0,2,1,0,3,2,0,0,0,0,2,12,0,0,1,11,1,1,0,11,0,0,0,0,1,7,0,0,0,0,0,1,0,0,0,0,0,1,1,0,1,1,0,2,3,0,0,1,1,0,1,4,0,4,0,1,0,4,0,1,0,1,0,0,1,0,0,1,0,3,0,1,1,1,0,2,3,0,0,4,1,2,0,0,1,0,0,0,3,0,3,2,2,1,1,10,0,0,8,0,7,12,11,0,5,0,0,0,11,0,0,6,0,7,0,0,0,1,8,0,2,7,2,3,1,1,0,0,0,3,0,0,0,1,0,0,0,0,0,0,1,1,2,1,0,0,0,2,0,4,0,0,1,0,0,0,7,1,1,0,1,0,0,0,1,5,10,0,0,7,2,6,1,6,0,5,0,0,2,0,0,0,8,0,0,1
0,9,0,0,1,1,1,0,4,14,11,7,0,1,0,11,2,0,0,0,11,0,3,0,0,2,2,0,0,0,0,1,12,1,2,0,1,10,3,0,0,0,0,0,4,1,1,9,0,1,0,6,0,2,1,0,6,2,0,3,1,17,1,6,11,6,10,0,0,1,0,4,1,1,4,0,1,0,1,1,1,12,3,1,0,9,0,0,2,8,1,1,0,0,1,9,1,0,1,4,0,1,1,1,0,0,0,2,0,0,1,0,1,12,3,1,0,1,2,0,1,7,0,2,1,1,0,4,1,0,0,2,0,1,0,2,0,1,2,3,0,0,0,0,1,0,0,0,0,2,2,2,1,1,0,0,0,2,2,0,2,0,2,0,6,12,1,3,19,0,13,10,10,0,3,0,1,0,10,0,2,10,0,8,1,0,0,2,15,1,4,6,3,4,4,0,0,1,1,2,3,2,2,0,0,2,0,2,0,0,4,0,6,0,0,0,0,2,0,10,0,2,3,0,0,0,4,1,0,1,3,1,0,1,0,7,10,0,0,7,0,7,2,6,0,5,3,0,5,0,2,1,5,0,2,0
1,9,2,2,1,1,0,0,3,13,7,2,2,2,0,11,2,2,0,1,3,1,0,2,1,2,4,1,0,1,3,4,7,0,1,0,0,7,1,0,2,0,0,0,0,1,0,8,1,4,0,7,2,0,0,1,1,2,0,4,0,10,1,7,7,7,7,0,0,3,1,0,2,0,0,1,1,4,1,0,2,8,2,0,1,8,0,2,1,11,0,1,0,0,2,7,0,0,0,1,0,1,0,1,2,0,0,1,0,0,4,1,0,9,1,1,0,0,4,0,0,7,0,7,1,0,0,5,1,0,0,0,0,2,0,0,0,0,0,0,0,0,0,0,0,0,2,0,0,1,2,2,1,0,1,0,0,0,0,1,4,0,4,2,0,7,1,5,9,3,10,7,8,0,3,1,5,1,7,1,0,9,2,8,1,0,0,1,14,4,6,7,1,2,0,0,1,1,0,0,0,1,1,0,2,1,0,1,0,0,3,0,0,1,0,0,0,0,0,7,0,0,1,0,0,0,4,2,3,0,0,0,1,0,0,7,7,1,2,1,2,7,4,7,0,6,0,1,5,0,0,1,7,0,0,3
0,6,2,1,1,1,0,1,3,9,8,4,0,2,1,8,0,0,0,0,3,1,1,2,1,1,1,2,1,0,3,8,9,0,0,0,0,8,4,0,2,0,0,0,0,0,1,8,0,3,0,8,0,2,0,0,4,1,1,0,1,14,1,8,13,8,8,0,0,2,1,0,2,1,0,0,5,0,0,2,1,9,0,0,3,10,1,1,1,12,0,2,0,0,0,4,1,0,0,2,0,0,0,1,4,0,1,1,0,0,3,0,2,5,6,1,1,8,6,0,0,9,1,3,1,2,0,5,0,1,0,2,0,0,0,0,0,0,0,4,0,0,0,0,0,0,3,0,0,2,3,3,0,0,0,0,0,0,0,1,7,0,1,1,0,9,1,4,10,0,8,8,8,0,1,1,1,1,11,0,0,9,0,9,1,0,0,5,10,1,1,8,3,3,2,0,1,0,0,4,0,2,1,1,0,1,0,0,0,0,0,4,6,1,0,0,2,0,1,1,1,1,3,0,0,0,5,1,2,0,0,0,0,1,0,7,9,0,2,4,1,8,1,9,0,6,0,0,1,0,1,0,6,0,0,4
0,4,0,1,0,1,7,0,3,7,8,1,3,2,1,7,2,0,0,0,4,0,1,3,2,0,4,1,0,0,3,1,9,0,0,0,0,8,9,0,3,0,1,0,1,1,1,7,0,0,0,8,1,0,2,0,4,1,1,1,0,23,1,7,11,7,9,2,0,1,0,2,0,0,0,0,3,1,4,1,4,8,1,1,1,9,0,3,0,9,0,0,1,0,1,3,0,0,0,1,1,0,2,0,1,0,2,0,1,2,2,0,0,2,3,1,0,2,3,0,1,7,0,4,0,0,0,5,0,1,3,1,0,1,0,4,6,2,4,8,1,0,0,2,1,0,2,1,0,0,2,2,1,0,1,0,1,2,2,0,5,1,4,1,1,10,5,5,10,1,8,9,11,0,3,4,0,3,9,2,0,7,0,9,4,0,0,3,18,1,2,8,1,4,2,0,1,1,0,3,0,1,1,1,0,0,1,5,0,0,2,1,3,0,0,1,1,0,1,5,0,3,0,0,0,0,6,1,2,0,1,0,1,0,0,8,8,1,0,2,0,7,0,7,0,7,0,2,2,1,0,1,8,0,4,0
0,9,1,1,1,0,0,0,3,10,12,4,0,2,0,11,0,0,1,0,7,1,0,0,0,1,2,0,1,0,0,5,9,0,2,1,0,11,6,0,1,1,2,0,1,0,3,8,1,1,0,6,0,0,0,0,2,1,0,0,0,13,1,4,7,4,11,0,1,2,1,2,0,0,4,2,0,0,0,0,1,13,0,0,0,15,1,0,0,10,0,2,2,1,1,5,0,0,0,1,2,0,0,1,1,0,0,1,0,0,1,0,1,5,1,0,1,1,1,0,1,2,1,3,0,1,1,4,1,1,1,1,1,1,2,1,0,1,0,2,1,0,0,1,0,1,0,0,0,0,0,1,0,1,0,0,0,0,3,3,2,0,2,0,4,11,2,2,16,1,8,9,17,1,1,1,1,1,12,1,1,7,0,7,1,0,1,3,12,1,3,7,1,4,1,1,1,2,0,1,0,6,2,0,1,1,3,0,0,0,1,0,1,0,0,0,1,0,3,4,1,2,3,1,0,0,5,1,0,0,1,0,1,2,0,4,9,3,1,8,1,6,2,4,0,4,0,0,2,0,0,0,9,0,1,4
0,9,0,0,2,0,0,0,3,10,10,4,1,2,2,11,0,0,0,1,7,2,3,0,3,0,2,0,1,1,3,2,10,0,2,1,0,9,6,0,0,0,0,0,2,2,1,9,0,2,1,6,0,1,0,0,2,0,2,1,0,12,2,6,7,6,10,0,0,3,2,0,1,2,3,1,0,1,0,0,1,10,0,1,0,5,1,2,0,7,0,2,0,1,0,3,0,0,0,2,0,0,1,0,1,1,0,0,0,0,3,0,0,4,0,0,2,0,1,0,1,5,1,3,0,0,0,5,0,1,2,1,1,0,0,1,1,1,0,1,0,0,1,2,0,1,3,1,0,0,1,2,0,0,0,0,0,2,3,0,4,0,2,1,3,10,4,6,9,0,9,9,10,1,2,0,2,2,13,0,0,7,4,9,3,0,1,0,19,0,2,6,1,5,0,0,2,2,0,3,0,1,2,0,1,1,0,0,0,0,1,1,5,0,0,0,0,0,0,3,0,2,2,0,0,1,5,0,0,0,1,0,0,0,0,3,10,3,1,4,0,6,1,5,1,4,0,0,3,0,0,0,11,0,0,3
0,9,1,1,0,0,0,0,6,7,10,5,1,1,4,10,0,0,0,0,9,1,1,0,1,1,0,2,2,0,2,4,14,2,0,0,0,11,7,0,2,0,0,1,3,3,4,12,1,1,0,7,3,0,0,0,4,1,0,3,2,9,1,8,11,7,10,0,0,0,0,0,1,0,3,1,0,1,3,1,2,10,0,4,1,7,0,1,2,9,0,1,0,1,1,8,0,0,1,1,0,2,0,0,0,0,0,1,0,1,2,1,0,4,1,1,0,1,1,0,2,7,0,3,0,1,0,4,0,0,1,0,0,4,1,3,2,0,2,2,0,1,0,0,0,1,1,0,0,1,1,2,0,3,0,0,2,2,2,1,3,0,1,0,4,11,1,4,17,0,8,11,11,0,3,0,1,1,14,0,2,7,0,6,2,0,0,8,12,4,6,5,1,5,3,2,1,0,3,3,0,3,2,2,0,0,3,0,0,1,1,0,3,0,2,1,0,1,2,5,0,5,0,0,0,0,4,1,0,1,2,0,1,0,0,6,12,1,1,6,1,5,1,5,0,6,1,1,2,0,0,3,8,2,1,2
0,4,1,1,0,0,0,0,3,11,9,3,0,1,0,12,2,0,0,0,4,0,1,1,0,1,4,0,0,0,6,4,8,0,0,0,1,7,1,1,1,0,0,0,2,4,3,7,0,6,0,10,4,1,0,0,3,1,0,3,0,17,0,8,8,5,10,1,0,2,1,0,2,1,1,1,1,0,0,0,0,10,2,2,1,6,0,0,2,8,0,2,0,1,0,5,0,0,1,2,0,0,0,0,0,0,0,1,0,0,3,1,2,7,2,0,1,1,2,0,1,7,1,2,1,2,0,5,1,1,2,1,1,1,0,2,1,0,2,2,0,0,1,0,0,1,0,0,0,1,2,2,1,1,0,1,0,0,2,0,3,0,0,0,1,8,1,7,13,0,7,8,10,2,4,0,2,1,9,0,0,8,0,10,1,1,1,3,14,4,1,9,0,5,2,0,2,0,0,1,0,1,1,0,0,0,1,0,0,0,0,1,0,0,1,1,0,1,0,2,0,2,2,1,0,0,5,0,0,0,3,0,0,0,1,4,9,2,2,5,2,7,0,6,0,5,0,1,2,0,0,0,8,1,1,0
0,16,0,4,0,1,0,0,4,5,14,4,2,3,0,10,0,0,0,1,7,0,0,1,0,1,2,0,0,0,1,1,12,0,0,0,0,10,19,1,4,1,2,0,4,1,0,10,0,0,0,9,2,2,1,0,9,2,0,0,3,19,2,5,10,5,11,0,1,2,0,0,0,0,0,0,0,1,0,1,4,11,0,3,0,6,0,1,1,7,0,2,0,0,0,4,0,0,1,0,0,1,4,0,2,0,0,0,0,0,2,2,1,4,1,0,2,1,11,0,3,5,0,7,2,0,0,4,0,0,0,1,0,0,0,1,2,4,3,3,0,0,0,0,0,0,1,0,0,1,0,1,0,0,0,0,0,0,1,2,4,0,2,0,0,11,0,6,11,2,6,11,11,2,3,1,1,0,14,2,0,5,1,10,4,1,1,4,13,1,4,7,0,4,4,1,0,0,1,3,0,1,0,0,1,0,0,0,0,0,1,0,0,0,0,0,0,2,4,9,0,2,3,0,0,0,7,0,1,1,2,0,1,1,1,4,11,1,0,4,0,6,1,6,1,7,0,1,1,0,0,1,8,0,0,6
2,15,1,2,1,0,0,0,15,7,12,1,3,1,2,10,0,2,0,1,12,0,1,2,3,1,7,1,1,0,1,1,10,1,1,0,0,12,7,0,1,1,1,1,3,0,3,13,2,0,0,5,0,1,2,0,4,0,1,1,2,16,2,4,7,4,11,0,0,0,0,1,1,0,1,0,0,2,1,0,3,11,1,2,1,4,0,1,1,5,0,0,0,0,0,9,0,0,1,0,0,0,0,0,0,0,0,1,0,0,4,0,0,1,0,1,0,1,0,0,0,3,0,4,0,1,2,4,0,1,0,1,0,2,0,1,2,0,0,2,0,0,0,0,1,0,1,0,0,1,1,3,0,1,2,0,0,1,3,0,2,0,3,2,0,11,2,2,9,0,4,10,10,1,2,0,4,1,10,0,0,5,1,4,2,0,0,1,10,0,5,3,1,5,4,0,3,0,1,5,1,0,4,0,0,0,1,0,1,1,1,0,2,1,0,0,1,0,2,3,0,1,4,0,0,0,3,0,0,1,2,0,0,0,1,3,10,0,2,6,0,3,1,3,0,3,0,1,3,0,0,1,10,0,0,2
0,22,0,1,0,0,0,1,8,6,11,2,4,1,0,15,1,0,0,0,6,0,0,4,0,0,2,1,2,0,5,2,11,0,0,1,0,12,12,1,3,0,1,0,2,0,1,10,0,0,0,8,2,0,0,0,4,0,1,0,2,21,1,5,9,3,11,0,1,0,1,0,2,1,1,0,1,0,1,1,0,11,0,1,0,9,0,0,3,7,0,1,0,0,0,4,0,0,3,0,1,1,4,1,2,0,0,4,0,0,2,0,0,1,1,0,4,1,6,0,0,4,0,7,0,0,3,2,0,1,0,0,0,2,0,6,1,0,2,5,0,0,1,0,0,0,0,0,0,0,0,3,0,0,0,1,0,1,1,0,1,0,8,0,2,12,0,1,18,0,8,12,11,0,1,0,0,0,11,0,2,6,0,7,1,0,0,4,22,1,5,6,1,4,4,0,0,0,0,4,1,0,1,0,0,2,2,0,0,1,2,0,0,1,0,0,1,1,0,9,2,3,1,0,0,0,8,2,1,0,1,0,1,1,0,5,11,2,0,7,1,5,0,5,0,4,0,0,1,0,1,0,8,0,2,0
2,8,0,1,0,0,1,1,2,8,13,1,2,2,2,9,0,0,0,0,12,0,1,1,2,1,3,0,3,0,3,1,8,2,0,0,0,9,10,0,1,1,0,2,1,0,1,9,0,1,0,4,2,0,0,0,5,0,1,2,2,11,0,5,11,7,13,0,0,1,0,1,3,0,4,0,0,2,0,0,1,11,0,0,1,5,0,3,1,5,0,0,1,2,0,10,0,1,0,0,0,0,0,0,4,0,0,3,0,1,2,0,0,3,0,1,0,2,4,0,1,3,0,1,1,0,2,2,1,0,0,0,2,3,0,3,2,1,1,3,0,1,2,0,0,0,6,0,0,0,1,0,0,1,0,0,0,1,1,0,2,0,5,1,3,11,1,3,11,0,6,9,11,0,2,0,1,0,13,0,1,7,0,9,0,0,2,8,10,0,2,4,1,0,2,0,1,3,1,5,1,4,1,1,0,1,0,0,1,0,0,0,1,0,0,0,0,0,3,5,0,3,2,1,0,0,5,0,0,0,0,0,0,0,0,1,9,0,0,4,1,4,0,4,0,1,0,0,0,0,1,0,9,0,0,0
0,7,0,0,2,0,0,0,5,8,11,3,0,1,0,11,0,0,0,0,4,8,2,6,2,0,2,0,1,0,1,3,9,0,0,0,1,9,9,1,0,0,1,2,1,5,2,8,0,1,0,6,5,1,0,0,3,0,0,1,0,18,1,6,12,8,11,0,2,1,1,1,0,1,2,0,0,0,8,1,2,9,2,3,1,8,0,0,1,8,0,0,0,0,0,7,0,0,2,2,0,0,0,0,0,0,0,2,0,6,1,0,3,2,4,0,0,1,1,0,0,4,0,7,0,2,0,3,2,0,0,2,0,2,0,3,0,2,2,2,0,1,0,1,0,0,1,0,0,0,0,1,0,1,1,1,1,0,1,0,3,0,5,0,3,9,0,6,9,0,5,10,12,0,1,0,1,0,10,0,0,7,0,8,1,0,0,0,14,0,1,7,4,2,3,2,0,1,4,5,2,2,2,0,0,1,5,1,2,0,1,0,3,1,0,0,0,2,4,5,3,0,4,0,1,4,4,0,0,0,0,1,0,0,3,4,9,0,3,7,0,8,1,6,2,5,2,0,1,0,0,0,7,0,0,1
0,4,0,0,1,0,0,0,5,9,10,3,1,0,0,14,0,0,0,2,5,2,0,0,1,0,5,0,0,0,7,1,11,0,1,0,0,10,4,0,2,1,1,0,0,0,1,10,0,1,0,7,2,0,0,1,2,0,0,0,2,8,3,6,11,6,10,0,2,1,0,3,2,0,3,1,1,0,0,0,0,10,0,0,1,5,1,1,0,7,0,0,0,1,1,9,0,0,2,1,0,1,0,1,1,0,0,0,0,0,4,0,1,2,0,0,1,1,5,0,0,4,0,6,1,1,1,1,0,0,0,3,0,0,0,0,3,1,1,1,0,0,0,0,0,0,2,0,0,0,1,1,0,0,1,0,0,0,2,0,4,0,3,0,0,10,0,4,8,2,8,11,10,0,1,0,0,0,11,0,0,6,0,6,2,0,0,0,8,0,0,6,1,1,1,1,0,2,0,1,0,2,2,0,0,2,0,0,0,0,1,1,3,0,0,0,1,1,1,2,0,2,2,0,0,1,3,1,0,0,0,0,0,0,0,6,10,0,0,7,0,6,0,6,0,6,0,0,3,0,0,1,6,0,1,3
0,1,0,0,0,0,0,0,0,6,7,2,2,1,0,13,1,0,1,0,5,2,0,2,0,2,4,0,1,0,5,3,7,1,1,0,0,8,4,0,0,1,1,1,1,0,2,7,1,1,1,13,1,1,0,2,3,1,1,2,4,15,1,12,9,12,8,0,0,1,0,1,4,1,4,2,2,1,1,2,1,11,0,1,1,13,1,0,0,13,0,1,0,0,1,2,0,0,0,0,0,0,0,0,0,1,0,0,0,0,4,0,1,3,1,0,1,0,0,0,1,9,0,3,2,0,0,7,0,1,2,0,0,0,0,0,0,0,2,1,1,1,0,0,0,2,2,0,0,2,1,4,0,0,0,0,0,0,1,0,6,0,2,0,0,8,2,5,10,5,10,8,6,2,1,1,0,0,6,1,0,10,0,10,3,0,1,1,13,2,1,10,1,2,3,1,0,0,0,2,0,1,0,0,0,3,1,0,1,0,0,4,3,1,1,1,0,1,0,0,0,0,0,0,0,0,6,2,0,0,0,0,0,0,0,9,6,0,4,5,1,9,1,9,0,12,0,1,2,0,0,0,4,0,1,1
0,7,2,2,2,0,0,0,5,11,9,3,1,3,2,14,1,0,0,3,6,1,1,1,0,1,3,1,1,0,1,2,9,1,0,0,0,9,4,0,3,0,0,0,0,0,1,8,1,1,3,8,0,0,0,1,4,0,0,2,1,14,1,8,5,7,9,0,0,2,0,1,2,0,0,0,0,1,0,1,2,9,0,1,0,8,0,2,0,9,2,0,0,0,1,6,0,0,1,0,0,0,0,0,0,0,0,3,0,1,3,0,2,7,0,1,2,4,3,0,0,5,1,2,0,0,0,4,0,0,3,1,0,0,2,1,1,0,0,1,0,0,0,0,2,0,3,0,0,1,0,1,0,2,0,0,1,0,2,1,2,0,2,2,0,8,0,2,8,1,10,8,12,1,2,0,0,1,11,0,0,9,0,12,3,0,0,4,13,0,3,8,2,0,1,1,3,0,0,5,1,3,0,3,0,0,1,0,0,0,1,0,1,1,0,0,0,0,0,2,0,1,0,1,1,0,4,0,1,0,1,0,0,0,0,7,8,0,2,5,0,7,0,7,1,8,1,0,5,0,1,1,8,0,0,4
0,9,1,1,1,1,0,0,1,6,12,2,4,0,1,15,0,0,1,1,3,2,3,1,1,2,1,0,0,0,1,4,9,0,1,1,0,9,6,2,2,3,0,1,1,3,1,9,0,0,0,5,3,2,1,0,7,2,1,0,1,16,3,5,13,7,10,0,3,0,0,3,1,3,0,0,1,0,1,5,0,12,0,2,1,6,0,0,1,8,1,2,2,0,0,4,0,0,0,0,0,3,1,0,1,0,0,0,0,3,2,0,0,1,0,0,0,2,5,2,1,5,0,6,1,0,1,1,0,0,0,1,0,1,1,3,1,2,1,2,0,0,1,1,0,0,1,0,0,0,2,3,1,2,0,1,0,1,1,2,2,0,0,0,8,11,2,0,15,0,7,9,11,0,3,0,2,0,16,2,1,6,0,9,1,1,1,3,12,2,4,6,0,2,3,0,0,1,0,0,1,6,4,1,0,1,2,0,0,0,1,2,2,0,1,0,1,3,2,3,0,2,3,1,0,0,4,1,2,0,1,0,0,0,1,4,9,2,5,3,4,6,1,9,2,4,0,0,2,0,2,1,11,0,2,7
1,8,0,1,1,1,0,0,4,8,13,3,2,3,0,12,0,0,0,0,4,2,0,2,0,4,0,0,0,1,0,3,11,0,0,0,0,9,9,0,4,1,0,0,4,0,0,8,1,0,0,9,1,0,1,0,5,1,0,1,0,20,5,8,11,7,10,1,0,0,1,3,1,0,1,0,2,1,0,1,0,8,0,0,1,10,0,1,1,10,0,1,0,0,1,5,0,0,1,3,0,1,0,0,1,0,0,2,1,0,2,0,0,5,1,0,0,0,1,0,4,6,0,6,1,0,1,3,0,0,2,1,0,0,0,3,1,1,1,4,0,1,1,1,0,0,0,0,0,0,0,3,0,0,0,0,1,0,0,0,5,0,6,1,1,8,4,4,11,1,10,8,11,1,3,0,2,1,10,0,2,8,0,13,0,0,0,8,11,1,4,8,3,5,3,0,1,1,1,1,0,0,1,0,1,0,0,0,1,1,1,0,2,0,0,0,2,0,1,5,0,5,2,0,0,0,6,1,0,0,5,0,0,0,0,6,9,0,2,4,1,9,1,7,0,5,0,0,0,0,0,2,8,1,1,6
0,8,0,0,1,1,0,2,5,6,13,1,0,2,1,15,1,2,0,0,6,1,0,2,1,0,1,2,1,0,3,0,13,1,0,0,0,13,8,0,5,0,0,0,0,0,2,14,2,2,0,6,1,0,0,0,9,2,0,2,3,17,5,3,14,4,13,0,0,0,0,0,1,0,0,1,0,0,3,0,2,14,0,1,1,9,1,1,0,4,0,0,1,0,1,5,0,0,2,0,0,0,1,0,1,0,0,1,0,0,2,0,1,5,0,0,0,0,3,0,0,3,0,4,0,1,0,2,0,0,0,1,0,0,0,0,0,2,1,2,0,1,0,0,0,0,3,0,0,0,1,4,0,1,0,0,0,1,0,1,2,0,7,1,1,14,4,5,14,0,3,13,15,2,3,0,1,0,13,0,0,3,0,12,1,0,0,7,8,1,2,6,2,6,2,0,0,0,0,6,0,0,1,0,0,2,1,1,1,0,0,2,2,1,1,1,0,3,2,10,1,3,4,0,0,0,12,1,1,0,1,0,0,0,1,3,13,1,0,9,1,3,1,3,0,3,0,1,2,0,0,1,9,0,0,1
0,9,0,1,0,0,0,0,5,4,13,2,2,2,0,14,1,0,0,0,4,0,0,1,1,3,1,1,0,0,2,6,12,1,0,0,0,11,5,0,1,0,0,0,1,2,1,11,0,0,0,5,2,0,0,0,2,0,0,0,0,11,1,4,11,4,12,0,0,2,1,1,0,0,0,1,0,0,0,1,0,13,0,1,0,4,0,1,0,4,0,0,0,1,0,4,1,0,1,1,0,0,0,1,3,0,0,2,0,1,0,0,0,4,0,0,0,1,1,0,0,5,1,6,0,0,0,4,0,0,0,1,0,1,2,1,1,1,2,2,0,0,0,1,0,0,2,0,1,0,0,2,0,1,0,0,0,0,1,0,4,0,3,2,1,12,2,3,15,0,10,11,13,0,3,0,0,0,12,0,1,4,0,7,1,0,0,4,14,0,3,6,1,4,1,1,0,0,0,4,0,4,5,0,0,1,0,0,0,0,1,2,2,0,1,3,0,0,1,3,0,4,3,1,0,1,4,2,1,0,1,0,0,1,0,5,11,4,0,4,1,4,0,4,0,5,1,0,1,1,0,2,10,1,0,5
0,7,1,1,1,0,0,2,3,7,9,2,0,1,0,12,0,0,0,0,3,0,1,0,0,0,0,1,2,0,0,4,7,1,1,1,0,7,3,1,1,1,0,0,0,1,2,8,0,0,0,7,2,0,0,1,2,0,0,1,3,9,0,8,8,8,9,1,0,0,0,1,2,3,1,0,0,1,1,0,1,9,0,2,0,10,0,0,0,8,1,0,0,0,1,2,0,0,0,0,1,0,0,0,0,1,0,1,1,0,3,0,1,4,1,1,2,0,4,0,0,9,1,1,1,0,1,5,0,1,1,1,0,0,1,0,1,0,1,1,0,1,2,0,0,1,1,0,0,0,1,1,0,0,0,0,0,0,1,1,4,0,5,0,1,8,3,3,8,0,9,8,9,0,1,0,0,2,9,0,3,9,1,9,2,0,1,4,12,1,3,7,1,3,2,0,1,0,0,1,0,3,1,0,0,1,0,0,1,0,1,1,1,0,0,0,0,0,1,2,0,3,2,0,0,0,8,0,0,0,1,0,0,1,0,7,9,0,0,6,2,7,1,7,0,8,0,0,6,0,0,1,9,1,1,3
2,8,0,3,0,0,0,0,3,3,15,2,0,1,0,14,0,0,0,0,6,1,0,2,1,0,4,0,1,0,2,2,14,0,1,0,0,14,12,0,5,0,1,0,2,0,1,14,1,0,0,6,2,0,0,0,3,0,0,2,1,13,2,3,8,3,15,0,2,1,0,0,2,2,2,0,0,1,2,0,1,14,0,1,0,3,0,0,1,3,0,0,1,0,1,4,1,1,1,0,0,0,0,0,1,0,0,0,0,0,4,0,1,1,1,0,0,3,7,0,1,1,0,2,0,0,1,0,0,0,0,0,0,1,0,2,0,0,1,0,0,4,0,0,0,0,1,0,0,0,0,0,0,0,0,3,0,0,1,0,0,0,3,1,2,15,2,1,12,0,3,14,15,0,3,0,0,0,18,0,3,2,0,4,2,0,0,1,9,0,2,2,0,2,1,0,0,1,0,1,0,6,0,0,0,2,0,0,0,0,0,1,1,0,0,0,0,2,0,6,0,3,4,0,0,0,10,1,0,0,1,0,0,0,0,2,14,1,2,11,0,2,1,2,0,5,1,0,1,0,1,1,12,0,2,1
0,7,1,0,0,0,0,0,6,5,12,2,0,1,0,13,1,2,0,0,5,3,1,0,0,1,1,1,1,0,2,2,11,2,2,0,0,11,10,2,2,0,1,1,2,0,1,12,0,0,0,4,1,0,0,0,3,0,0,0,1,12,1,4,13,5,12,0,0,1,1,2,1,1,1,1,1,3,3,0,2,13,0,2,0,6,1,2,0,7,0,1,0,0,0,7,1,0,2,0,0,1,1,0,0,0,0,1,0,0,4,1,0,1,2,1,0,0,6,0,0,2,0,0,0,1,1,3,0,1,0,0,0,0,2,2,0,3,0,3,0,0,0,0,0,0,3,0,0,1,0,2,0,0,0,0,1,2,0,0,2,0,8,0,0,14,2,4,16,0,6,12,12,3,6,1,0,0,14,0,1,6,1,10,2,0,1,4,10,0,2,7,0,2,1,1,1,0,0,4,0,4,3,1,0,3,1,0,0,1,1,2,1,0,0,0,0,0,3,5,0,1,5,0,0,0,7,2,0,0,1,0,0,0,0,4,12,2,1,6,1,3,2,3,0,2,0,0,2,0,0,1,8,0,0,3
0,11,0,2,2,0,0,1,5,9,11,6,1,1,1,12,0,0,0,0,4,0,0,5,2,0,5,1,4,0,7,3,6,4,1,0,0,6,8,0,2,1,1,2,1,0,1,10,0,0,1,4,2,3,0,0,1,1,0,3,2,15,1,9,9,5,9,0,3,0,1,1,2,1,2,0,2,3,0,3,2,7,0,2,1,7,5,3,1,9,0,2,1,0,1,7,1,0,0,1,0,1,2,1,1,0,0,1,0,0,2,0,2,1,1,1,1,2,3,2,0,4,1,5,5,0,0,3,0,0,4,2,0,3,0,5,1,1,2,2,1,3,0,0,0,0,3,1,0,2,1,3,1,2,0,0,1,1,6,1,3,0,1,0,4,11,0,3,13,0,8,8,9,2,2,0,0,0,8,0,0,8,1,8,0,0,2,1,14,1,0,5,0,3,3,3,1,1,0,5,2,1,8,4,0,1,0,0,0,2,0,2,2,0,2,2,0,0,2,2,0,1,6,3,2,0,3,3,1,0,0,1,1,0,2,4,7,2,1,8,0,6,2,5,2,6,3,0,3,1,0,1,4,0,1,1
0,7,0,2,0,2,0,2,2,4,10,4,2,3,1,10,1,5,1,0,8,1,0,0,0,1,6,0,1,0,3,0,8,1,0,0,0,7,9,2,0,0,0,0,3,7,0,7,1,1,2,11,0,0,0,0,3,1,0,0,0,17,2,8,7,8,8,0,0,3,0,0,1,3,3,0,0,0,1,1,0,9,0,2,1,8,0,1,0,10,0,0,0,0,0,5,0,0,2,2,0,0,0,0,2,0,0,3,0,0,2,1,0,1,2,1,0,0,1,0,1,8,0,6,1,0,1,8,0,0,0,1,0,2,0,3,1,0,1,1,0,0,1,1,0,0,3,1,0,0,1,3,1,1,0,0,0,0,3,0,4,0,2,2,0,9,0,2,10,1,8,7,8,0,3,0,3,2,9,0,0,8,0,12,2,0,0,5,18,1,1,8,0,7,0,0,0,2,0,3,2,1,2,0,0,0,0,0,0,0,2,4,3,1,0,1,0,2,2,2,0,1,3,0,0,0,3,2,2,2,2,1,0,2,0,6,7,2,0,4,1,8,1,8,0,6,0,0,2,0,0,0,6,1,1,3
2,4,1,1,1,0,0,0,2,10,10,4,4,2,0,13,1,1,1,0,5,0,3,4,0,2,3,5,0,3,1,4,10,0,1,0,0,8,5,0,1,1,0,0,5,3,2,7,1,0,2,5,2,0,1,0,12,0,1,1,0,13,4,6,9,4,10,0,0,1,2,0,3,2,1,1,0,0,1,1,0,10,0,1,0,5,0,0,1,8,0,0,2,1,0,2,0,0,1,0,1,2,0,2,0,1,1,3,0,0,1,0,1,7,2,0,5,0,5,0,1,7,2,3,0,1,1,6,0,2,1,3,1,1,0,2,0,0,2,1,0,0,1,0,1,3,3,1,0,1,1,2,0,1,1,0,0,0,1,0,2,0,0,1,1,9,0,1,15,0,7,8,12,1,2,1,2,1,10,1,2,7,0,6,2,0,1,3,10,1,3,7,1,5,3,0,2,3,1,6,0,3,1,0,0,1,0,0,0,1,3,0,2,2,0,0,0,0,0,4,0,1,2,1,0,0,9,3,0,0,2,0,2,0,1,4,8,2,2,5,1,6,1,4,1,4,0,0,2,0,2,1,10,0,0,7
0,8,0,0,2,0,2,0,1,5,9,4,1,4,0,12,2,0,0,1,4,1,0,1,3,0,4,0,1,0,4,5,8,1,0,0,0,8,3,2,1,1,0,1,1,0,1,9,0,0,0,7,2,0,0,0,3,0,0,0,3,14,0,7,12,8,10,0,0,0,0,1,2,0,0,1,0,2,0,0,0,10,0,0,1,7,2,1,1,8,0,0,0,0,0,5,0,0,3,0,1,1,1,0,0,0,0,0,0,0,1,0,0,2,0,1,0,0,6,0,0,9,1,2,0,1,0,5,0,0,0,3,0,1,1,2,0,4,1,1,3,0,1,0,2,1,0,0,0,0,0,3,0,3,0,1,0,4,1,0,2,0,3,1,1,9,0,1,9,0,7,10,11,1,3,0,0,0,11,2,2,8,0,11,1,0,0,4,14,1,3,6,1,1,3,0,1,1,0,5,0,2,5,3,2,0,2,0,0,3,2,4,4,0,0,2,0,2,2,2,0,1,3,0,0,0,6,2,0,0,0,0,0,0,0,6,9,1,0,4,0,6,1,6,0,4,0,0,2,1,0,0,9,0,0,0
0,7,0,0,0,0,0,1,3,10,7,4,4,2,0,10,0,0,0,0,10,0,3,2,3,2,1,1,1,0,3,0,7,0,0,1,0,6,5,1,2,0,0,0,5,1,1,6,0,1,1,9,2,1,0,0,5,1,0,1,1,14,0,9,7,7,8,0,0,2,0,2,0,1,1,0,0,0,2,0,2,8,0,1,1,7,0,2,0,12,0,0,0,0,0,4,0,0,2,0,0,0,1,0,4,0,0,2,0,1,3,1,0,7,0,0,1,0,3,0,0,7,0,4,1,0,1,3,0,1,0,0,0,0,0,1,0,0,2,2,0,2,0,0,0,1,2,0,0,0,1,0,1,0,1,0,0,0,1,0,5,1,4,0,2,6,0,7,9,0,12,7,9,0,3,3,1,0,11,0,1,10,1,10,2,0,1,3,11,3,5,10,2,1,1,0,1,0,1,4,0,2,1,0,0,2,1,0,0,0,1,1,0,0,0,0,0,0,2,5,1,0,1,0,0,0,5,0,0,0,2,0,0,0,0,9,7,0,0,3,1,10,0,10,0,5,0,0,2,0,0,2,8,1,1,5
0,5,1,1,0,1,0,0,2,6,10,2,2,1,0,9,1,0,0,0,4,1,0,0,0,0,0,0,0,0,1,3,9,0,1,2,0,10,5,1,5,0,0,1,4,1,0,9,0,0,0,7,2,3,0,0,2,1,1,0,0,14,1,5,6,6,10,0,1,3,0,0,0,1,3,0,0,1,0,3,1,10,0,0,0,7,0,1,1,7,0,1,1,0,1,5,0,1,1,0,0,0,1,0,0,0,0,2,0,0,2,0,0,2,1,0,0,0,2,0,0,3,0,1,2,0,0,2,0,0,0,0,0,0,0,1,0,1,1,1,0,0,1,0,0,2,0,1,0,0,2,2,1,0,0,1,0,1,1,0,1,1,1,1,2,12,1,3,13,0,7,10,10,0,1,0,0,1,11,0,1,5,0,6,1,0,0,1,12,2,0,5,2,6,1,0,0,2,1,3,0,5,1,1,0,0,0,0,0,0,0,1,3,0,0,0,0,1,0,9,2,1,3,0,0,0,6,0,0,0,4,0,0,0,2,5,10,0,1,6,1,5,4,5,0,6,0,0,5,0,0,2,10,0,1,2
0,7,0,2,0,3,1,0,3,3,12,2,2,1,0,9,2,0,0,0,2,0,1,0,1,1,0,1,0,0,0,6,14,0,1,0,0,11,11,0,1,1,0,0,1,0,2,11,0,0,0,6,2,1,0,0,4,1,0,0,2,13,0,5,14,6,11,0,0,0,1,1,2,3,1,1,3,0,2,1,0,12,0,2,0,4,0,0,1,8,0,0,0,0,1,7,0,0,0,0,1,0,0,0,0,0,0,0,0,0,2,0,0,2,0,0,3,0,2,0,0,8,0,1,0,0,0,4,0,0,0,0,0,2,0,4,1,1,0,2,0,0,0,0,0,0,1,0,0,0,2,0,1,2,0,1,1,0,5,0,3,0,3,0,4,15,1,1,16,2,6,11,11,0,2,1,1,0,13,0,0,6,0,7,2,0,0,4,16,1,3,5,3,4,2,1,1,0,1,1,0,4,0,0,0,0,2,0,0,0,0,3,3,0,0,1,0,1,1,4,0,5,2,0,0,1,6,1,0,1,2,0,0,1,1,6,11,0,2,6,0,5,1,5,0,5,1,0,2,0,0,1,6,0,1,1
1,6,0,1,1,1,1,1,2,16,11,2,3,1,0,12,3,0,0,0,9,0,1,1,1,2,1,3,0,0,1,1,14,0,0,1,0,12,7,0,2,0,4,1,4,0,3,10,0,1,0,11,2,3,0,1,5,1,2,4,2,19,2,8,8,6,11,0,0,1,0,0,1,1,0,0,4,1,1,0,0,11,1,2,2,12,1,1,1,8,0,1,0,0,0,6,1,0,1,1,0,9,3,3,3,2,0,1,0,0,10,2,1,22,3,0,7,0,6,0,2,5,2,1,0,0,1,3,0,1,3,2,0,2,0,3,1,0,8,3,1,0,2,2,2,0,6,0,0,2,3,3,1,2,1,0,4,0,1,1,3,0,1,0,1,16,2,3,20,1,8,10,10,0,2,0,2,1,10,1,0,7,0,9,2,1,0,9,14,2,6,6,4,7,4,0,2,2,0,1,1,5,1,1,1,2,0,0,0,0,1,0,10,1,1,1,2,1,1,6,2,3,2,1,0,0,5,2,2,0,0,0,0,1,1,5,10,2,4,5,0,6,3,7,0,14,0,0,3,0,7,0,10,0,1,6
0,9,2,1,0,2,1,0,3,6,12,2,0,2,2,14,2,1,0,1,7,1,0,0,2,1,5,0,1,0,1,0,11,2,0,0,0,10,8,0,0,0,0,1,0,1,0,11,0,1,0,4,1,1,0,2,3,1,0,1,2,14,1,5,11,4,10,0,1,0,0,1,2,0,2,1,1,2,1,1,3,10,1,2,1,6,0,3,2,8,0,0,0,0,1,4,1,0,0,0,0,2,2,0,2,0,0,1,0,0,0,0,0,3,0,0,0,2,3,1,1,4,0,5,0,2,0,5,0,0,0,1,0,1,0,4,0,3,1,2,0,3,0,0,0,0,2,0,1,0,0,1,0,0,1,1,0,0,0,1,3,0,3,0,1,13,4,4,16,0,5,11,11,2,2,1,1,1,15,0,1,5,0,6,1,0,0,0,14,2,3,6,1,5,2,0,1,1,0,4,0,2,3,2,1,0,0,1,0,1,1,1,3,0,0,0,1,1,4,7,0,0,2,1,0,0,5,1,0,2,0,0,1,0,0,4,10,1,2,4,1,6,2,4,1,5,0,0,1,0,0,0,8,1,0,1
0,11,0,1,0,0,0,0,2,4,11,2,2,0,0,12,1,1,0,0,5,0,0,0,1,0,3,3,0,0,0,4,13,0,0,0,0,10,10,1,1,0,0,0,6,1,0,10,1,2,0,6,2,0,0,0,2,0,0,2,1,16,0,5,10,6,11,0,0,6,0,1,1,1,0,0,2,3,0,2,1,12,6,1,1,4,0,1,0,6,0,0,4,0,0,6,0,0,3,2,0,0,2,0,1,0,0,0,0,0,2,0,0,3,1,0,1,0,2,0,0,2,0,5,0,1,0,2,0,0,0,0,0,0,0,0,1,0,2,2,0,0,5,1,0,2,1,0,0,0,0,0,0,0,0,0,0,1,0,0,3,1,2,1,0,16,4,7,15,1,7,10,12,0,3,3,2,1,13,0,0,6,1,8,1,0,0,1,13,1,1,6,1,5,2,4,0,3,0,0,0,2,0,0,1,4,0,1,0,0,0,0,8,0,1,0,0,0,4,6,1,0,5,0,0,0,7,0,2,0,1,0,0,0,0,8,10,0,0,5,0,6,1,6,1,4,1,0,1,0,1,1,9,0,2,4
1,5,0,0,1,0,1,1,0,3,10,5,0,0,0,10,0,1,0,0,11,0,0,4,1,0,3,2,0,0,1,1,11,0,0,0,1,12,2,0,2,0,0,0,3,0,0,11,1,0,0,7,1,0,0,0,6,1,0,0,2,12,5,5,8,5,10,1,0,2,0,0,2,1,2,0,0,0,0,1,0,11,2,1,2,4,0,1,1,7,2,3,1,0,1,4,0,0,0,0,0,1,1,0,1,0,0,4,1,0,1,0,1,0,2,3,0,0,2,0,4,3,0,1,0,0,1,3,0,1,0,0,1,3,0,0,0,0,0,3,0,4,0,0,0,3,0,0,0,0,1,1,1,0,1,1,0,1,2,0,4,0,3,3,2,11,2,3,8,0,6,10,12,0,0,0,2,1,14,0,4,6,0,5,3,1,0,7,6,1,6,5,4,5,3,1,0,2,1,2,1,2,3,2,0,1,2,4,0,0,0,3,2,0,0,0,1,0,2,3,2,0,2,0,1,0,6,0,1,1,3,0,0,0,1,5,10,0,1,6,0,5,2,5,0,4,0,0,3,0,2,2,12,0,1,1
0,4,0,0,0,1,0,0,2,5,10,3,1,1,0,11,2,0,0,0,3,0,0,1,0,0,1,0,0,0,3,2,11,0,0,1,0,9,6,2,1,0,0,1,2,2,0,8,0,2,2,6,3,0,0,0,4,2,0,2,1,14,2,5,11,6,9,0,0,3,0,0,0,0,0,0,1,0,2,0,2,10,4,1,0,10,0,1,1,10,0,0,1,0,0,3,0,0,2,1,0,1,0,3,1,0,0,3,0,1,1,0,1,4,0,0,1,0,6,1,1,4,0,1,0,3,0,3,1,0,0,1,0,0,0,2,0,1,0,2,0,2,1,1,0,0,1,0,0,0,1,2,1,0,0,0,0,1,3,0,5,1,2,3,2,8,0,3,8,2,7,9,10,1,2,0,2,0,13,1,0,6,0,10,0,0,1,0,10,2,3,6,3,3,2,1,1,6,1,2,0,1,3,1,1,1,4,0,0,0,0,2,3,1,0,0,1,2,1,1,1,1,0,0,0,0,6,0,1,0,0,0,0,0,0,5,9,1,1,5,0,8,0,6,0,5,0,0,1,1,0,2,5,1,2,0
0,9,0,2,0,1,0,0,3,9,14,3,0,0,1,14,1,0,0,0,8,0,3,0,1,0,2,2,0,0,3,2,10,0,1,0,0,11,2,0,2,2,0,0,1,0,0,10,0,2,0,6,1,0,0,0,2,1,0,1,0,10,3,6,8,6,10,0,2,3,0,1,2,0,1,1,0,2,0,1,0,11,1,0,2,3,0,0,0,5,0,0,3,0,0,5,1,0,2,1,0,1,0,0,1,0,0,0,0,1,3,2,0,9,3,0,0,0,0,0,0,6,1,3,0,0,2,6,0,0,1,1,0,0,0,1,0,2,0,1,0,0,0,0,0,0,4,0,1,2,1,2,1,0,0,0,0,0,1,0,5,0,2,1,1,11,0,6,7,1,7,10,12,1,3,2,4,1,12,0,1,6,1,7,1,1,0,5,15,2,2,6,1,3,2,1,1,0,2,4,1,1,0,1,0,1,0,1,0,2,2,2,3,3,0,0,0,0,1,7,0,1,0,1,0,0,7,0,2,0,3,0,0,0,1,6,11,0,3,7,3,7,3,6,0,5,1,0,2,1,0,0,7,0,0,3
0,8,0,0,0,0,1,1,2,9,14,4,0,3,1,14,0,0,0,0,5,1,0,0,3,5,3,0,1,0,2,4,10,1,1,2,0,10,11,2,3,0,1,0,1,3,1,8,0,0,3,4,2,1,0,3,5,0,0,2,1,20,0,6,8,5,12,2,0,0,0,0,1,0,2,0,0,1,2,2,3,12,0,2,0,3,2,1,0,10,0,0,0,0,0,8,2,1,0,0,0,0,1,0,0,0,0,0,0,1,4,1,0,5,4,0,0,0,2,1,0,4,0,0,1,1,0,1,0,0,1,0,0,1,0,5,1,0,2,3,0,0,0,0,1,0,3,0,0,4,0,3,1,0,0,0,0,2,1,0,3,0,1,0,1,11,0,4,12,0,5,10,13,0,1,0,0,0,11,0,0,9,0,8,0,0,1,0,20,4,3,6,1,8,2,1,1,0,1,4,0,2,5,3,0,1,1,0,0,0,1,0,0,1,0,1,0,5,2,4,0,1,4,1,1,0,4,2,1,0,2,0,0,0,0,3,10,1,0,6,2,5,1,5,0,3,0,0,2,0,0,1,14,0,0,1
0,9,1,1,2,1,2,2,2,8,9,7,0,1,0,14,1,0,1,0,9,0,0,1,2,1,4,2,1,0,1,3,8,0,0,1,0,8,4,1,0,1,0,0,1,2,1,8,1,1,1,8,1,1,0,0,2,0,0,0,2,14,0,6,7,8,9,0,0,4,4,0,1,1,3,1,0,2,0,0,1,10,0,1,0,3,1,3,0,8,0,0,0,1,0,6,0,0,0,5,0,0,0,0,2,1,0,1,0,0,4,0,0,5,0,1,1,0,1,0,1,6,1,1,0,1,0,4,1,3,2,2,1,1,0,0,1,0,1,1,0,0,1,0,1,1,1,0,0,1,0,0,0,0,0,0,1,0,0,0,3,1,0,0,3,10,1,5,12,1,9,8,9,0,3,0,0,0,10,1,0,8,1,8,2,0,1,2,11,1,5,7,4,4,1,3,0,0,1,3,0,1,1,0,2,0,3,0,1,1,1,0,5,0,0,0,0,0,0,2,0,2,3,1,0,0,4,1,0,0,0,0,0,0,1,6,9,4,0,6,0,8,0,7,0,7,0,0,3,0,0,1,8,4,2,3
0,9,1,0,1,0,1,1,4,5,10,4,0,0,0,12,0,0,0,0,3,2,2,1,2,1,2,1,3,0,6,4,9,5,0,0,0,8,2,0,0,1,2,1,3,2,3,10,1,0,0,6,2,1,1,0,5,0,0,0,2,7,2,6,7,3,9,0,0,0,0,1,2,0,1,0,1,2,0,0,2,8,0,0,0,6,0,1,0,7,0,0,0,0,1,5,3,1,0,0,0,2,0,0,1,0,3,4,0,2,2,0,0,2,0,0,0,4,2,1,0,4,1,4,0,0,2,5,1,0,0,0,2,0,2,2,0,1,2,4,4,5,1,3,0,1,2,1,0,1,2,0,0,0,0,2,0,0,3,0,1,0,3,0,1,11,1,1,10,1,5,8,12,4,1,1,0,1,10,1,0,6,0,6,0,1,1,2,12,1,0,6,1,3,3,1,1,1,0,7,0,2,7,5,0,1,0,0,0,2,0,0,4,0,0,0,1,2,1,4,2,2,1,4,0,0,5,0,1,0,1,1,0,0,1,4,9,0,1,8,0,5,2,4,0,3,0,1,4,0,0,1,7,1,0,7
1,11,3,1,0,0,0,1,3,15,10,3,5,1,1,10,0,0,1,3,10,2,3,4,0,1,3,1,2,0,3,2,9,1,1,0,1,10,2,4,1,0,1,1,7,4,2,9,0,0,0,7,0,1,0,0,9,0,0,0,1,20,1,6,8,5,9,0,0,0,1,1,4,2,2,3,2,1,5,1,2,10,4,3,0,7,0,2,1,9,0,2,1,0,0,5,1,1,0,1,2,1,3,1,2,0,0,2,1,0,2,0,2,6,1,0,0,1,1,0,1,10,0,3,1,2,1,4,0,1,1,1,0,1,0,2,0,3,4,5,1,2,1,0,0,1,1,1,0,1,2,5,1,0,1,1,0,1,0,1,5,0,2,1,0,11,4,8,14,0,7,9,11,1,3,0,3,2,10,0,1,7,0,9,1,1,0,4,17,1,2,5,0,9,3,1,1,0,3,10,2,3,0,1,2,0,0,1,0,1,0,1,4,1,0,1,0,0,4,4,0,5,6,1,0,0,5,1,0,0,0,0,0,1,1,5,9,1,2,5,1,5,6,5,0,4,0,1,5,1,2,1,12,1,0,3
1,7,0,2,1,0,2,0,1,5,10,1,0,1,0,12,0,0,0,0,5,2,1,1,0,1,3,0,1,0,3,3,10,0,0,0,0,9,7,1,1,0,1,1,2,0,1,10,0,0,1,8,3,0,0,0,5,0,0,1,1,17,3,6,11,7,10,1,0,1,0,2,3,1,0,0,1,0,1,0,0,10,0,1,1,2,0,1,1,9,0,1,0,0,0,6,0,0,0,0,0,0,1,0,0,0,0,0,0,0,1,2,1,3,0,0,1,1,1,0,0,5,0,5,0,0,0,2,0,2,0,2,0,1,0,2,1,1,3,1,0,0,0,0,0,0,1,0,0,1,1,1,0,1,0,1,0,3,2,1,2,0,0,0,4,12,3,2,16,0,7,10,13,0,2,0,0,0,13,0,0,7,1,13,0,0,0,5,10,0,3,7,0,1,0,0,0,0,0,1,1,1,2,0,1,0,0,0,0,0,1,1,3,1,1,1,0,1,1,7,0,1,0,0,0,0,5,2,0,0,3,0,0,0,2,6,11,1,0,9,2,7,1,6,0,3,0,0,5,1,1,0,4,0,0,3
1,9,0,1,3,1,0,1,0,6,11,4,3,0,0,12,0,1,1,0,3,4,2,1,1,1,5,0,0,0,1,2,10,0,0,0,0,10,10,0,4,0,0,0,2,1,0,10,0,0,0,7,2,3,0,0,7,0,3,1,1,15,1,6,10,5,10,1,1,3,0,0,1,0,0,0,0,0,0,0,0,12,1,0,2,6,1,2,3,7,1,1,0,0,0,5,0,0,3,0,1,3,0,0,1,0,0,0,0,0,1,0,1,4,0,1,0,2,3,0,0,4,0,4,0,0,1,2,0,0,0,4,0,0,0,1,1,1,0,1,1,0,1,0,0,0,1,0,0,0,0,0,1,1,0,0,0,3,0,0,3,0,2,1,1,11,3,1,11,0,5,10,11,0,1,0,1,0,12,0,2,5,2,5,2,0,0,2,11,0,2,6,1,2,0,0,0,3,1,2,0,4,2,0,0,0,0,0,0,0,2,1,3,0,0,0,0,0,2,6,0,0,2,0,0,0,5,0,3,0,1,0,0,0,0,6,10,0,0,6,0,5,1,5,0,6,3,1,4,0,1,2,8,1,0,1
1,11,1,0,0,0,0,0,5,9,11,2,6,0,0,10,1,0,0,0,7,2,2,1,2,0,6,0,0,0,2,5,10,0,1,0,0,11,1,2,2,0,0,1,0,0,1,10,0,1,0,7,1,0,0,0,5,0,0,0,0,16,1,5,12,5,11,1,0,1,0,0,0,0,1,1,0,0,1,1,2,11,0,1,0,5,0,1,0,7,0,2,0,0,0,2,0,0,1,1,0,1,1,1,1,0,0,2,0,0,3,0,0,6,0,1,0,1,1,0,1,5,0,4,0,1,0,1,0,0,0,1,0,1,3,5,2,0,3,4,0,1,0,0,0,0,2,0,0,0,0,0,0,2,0,0,0,1,0,0,4,0,2,1,2,11,1,8,15,0,6,12,11,0,5,0,2,1,12,0,2,5,0,7,1,0,0,3,9,0,4,8,1,4,1,0,0,0,1,4,1,1,2,0,0,0,1,0,0,0,2,0,3,0,0,0,0,1,1,7,0,0,1,0,0,0,9,2,0,0,0,0,1,0,2,6,11,0,1,6,2,6,2,5,1,4,0,0,3,0,0,0,9,0,2,4
0,2,0,0,0,1,0,1,4,9,7,3,2,0,1,10,0,0,0,0,2,1,0,3,1,1,5,0,0,0,1,4,6,1,0,1,0,9,9,0,0,0,0,0,1,2,2,7,2,1,0,9,2,0,0,0,5,0,2,0,1,14,1,7,7,8,7,0,2,4,2,0,1,1,3,0,0,1,1,0,0,8,1,0,0,8,1,1,1,8,0,0,0,1,0,6,1,0,1,0,0,1,0,0,0,0,0,2,0,0,3,0,3,2,1,0,1,3,2,0,0,7,0,1,1,2,2,5,0,0,0,1,0,0,0,0,2,0,0,2,0,1,2,0,0,0,2,0,4,5,0,3,0,0,0,0,0,2,0,0,6,0,3,2,0,8,2,6,7,1,8,7,7,1,0,0,0,1,7,0,0,7,0,7,0,1,0,1,16,0,2,8,0,2,1,2,0,0,0,1,0,0,0,2,1,0,1,0,1,0,0,0,3,2,0,0,0,0,2,2,0,3,1,1,0,0,3,2,1,0,0,0,0,0,0,8,7,1,0,5,1,7,0,7,0,9,2,0,2,0,0,1,6,1,1,1
1,6,0,0,0,1,0,2,6,10,12,4,0,1,0,15,0,0,0,0,6,1,0,3,1,0,0,0,1,0,2,2,8,0,1,1,0,10,9,0,4,1,2,0,3,2,0,9,1,0,0,7,1,2,0,0,4,0,0,2,0,17,1,6,8,9,10,0,0,1,0,0,4,1,2,0,1,0,0,3,3,10,0,1,0,13,0,2,3,9,0,2,0,0,1,5,0,0,0,1,0,0,0,1,0,0,0,3,0,0,3,0,0,4,0,0,1,0,2,0,2,5,0,1,0,1,1,3,0,1,0,0,0,0,2,0,0,1,1,2,0,0,3,0,1,0,1,0,1,1,1,3,0,0,0,0,6,0,4,1,4,0,1,1,0,9,1,1,5,0,8,9,10,0,0,0,2,1,13,1,0,7,1,7,2,1,0,3,13,2,5,9,0,6,7,1,4,0,1,7,0,1,1,1,0,2,0,0,0,0,0,1,2,0,0,4,1,0,1,1,0,3,2,0,0,1,6,5,0,0,3,0,0,0,0,6,10,0,0,9,0,6,1,7,0,5,0,0,0,1,1,0,7,0,1,3
1,14,0,3,0,2,0,0,2,5,11,2,1,2,0,10,0,1,1,0,6,4,1,2,0,0,4,1,3,0,4,0,9,2,0,3,1,8,7,2,3,0,0,2,1,2,1,8,1,0,1,4,1,3,0,1,5,1,0,1,3,14,0,7,14,4,10,1,0,0,0,0,2,1,1,0,1,3,1,0,1,8,1,0,3,4,0,2,1,5,0,0,0,2,0,5,0,0,1,0,0,0,1,0,2,0,0,0,0,0,1,0,1,3,1,0,0,1,2,0,0,4,0,4,2,1,0,3,0,0,0,1,0,1,1,3,0,0,0,2,0,1,0,1,0,1,2,0,0,1,1,1,0,2,1,1,0,1,3,0,2,0,1,1,1,11,0,0,14,0,5,8,10,0,1,0,2,0,9,0,0,8,2,8,2,0,0,5,12,1,4,5,0,7,1,0,0,0,0,7,0,1,4,3,0,0,0,1,0,0,0,3,4,0,0,1,0,2,6,6,1,2,6,1,0,2,6,3,2,0,1,0,0,0,0,3,8,2,0,2,0,5,3,3,0,4,2,0,3,0,0,2,8,1,0,0
0,5,2,0,1,1,0,2,2,5,11,2,0,3,3,10,0,0,0,3,4,2,0,0,2,0,1,0,3,0,2,2,8,1,0,0,0,9,5,0,2,0,1,1,3,0,1,7,1,0,0,7,3,0,0,0,2,0,1,2,1,10,0,6,9,7,10,1,0,1,1,2,1,0,1,0,1,1,3,4,0,10,2,2,1,4,0,1,1,5,1,2,0,1,2,10,1,0,1,0,2,0,0,1,0,0,0,2,0,0,0,2,0,1,1,1,0,0,1,1,0,4,0,1,0,1,0,3,2,0,0,2,0,2,0,1,1,0,2,1,1,1,1,0,0,1,4,0,0,1,0,1,0,1,0,3,0,3,0,0,3,0,2,1,2,12,3,4,12,1,5,8,9,1,1,2,4,0,11,1,4,6,1,6,2,0,3,3,11,0,2,5,0,1,3,1,0,0,2,4,0,4,3,0,1,2,3,0,0,0,0,3,4,2,0,0,0,2,1,3,1,0,3,0,0,4,2,1,1,1,2,1,0,1,1,4,9,0,3,7,1,6,2,5,0,7,0,0,2,0,0,1,6,2,1,2
1,6,0,1,0,1,1,0,0,4,12,2,1,2,3,11,0,0,0,1,9,0,1,2,0,0,0,0,2,0,3,3,9,1,0,0,0,8,2,1,0,0,1,1,0,1,1,9,0,0,0,8,0,0,0,0,3,0,0,0,2,9,0,7,8,8,10,0,1,4,0,0,3,0,1,0,1,4,0,0,1,9,0,0,0,6,0,3,1,8,0,0,0,0,0,7,0,1,1,3,0,1,1,0,1,0,0,1,0,2,0,0,3,4,0,1,2,1,3,2,0,5,0,3,0,0,0,3,0,0,0,0,0,0,0,0,0,0,0,1,3,0,1,0,0,0,0,0,0,0,1,1,0,0,1,1,1,0,1,0,4,1,1,0,1,10,1,7,7,1,14,9,9,0,1,0,0,0,10,0,1,7,0,6,0,2,0,3,8,0,1,6,0,2,1,0,0,0,0,5,0,2,6,7,0,1,1,0,1,1,2,1,2,0,0,1,0,1,3,1,1,1,6,1,0,0,3,1,3,0,2,1,0,1,0,6,10,0,0,5,1,7,1,6,0,5,0,0,3,0,0,0,7,0,0,0
1,17,0,1,0,1,0,0,7,4,13,4,1,2,0,11,0,0,1,0,8,0,0,0,3,3,2,2,0,0,3,3,13,0,1,1,1,13,10,0,2,2,0,1,2,2,1,11,0,0,0,5,2,0,0,0,2,0,0,0,1,16,3,3,8,4,13,0,1,1,0,0,1,0,1,0,0,0,2,0,2,13,0,2,0,5,0,0,0,6,0,1,0,0,0,7,0,1,3,1,1,3,1,0,3,0,0,3,0,0,6,2,0,6,3,0,1,0,7,0,0,2,0,3,1,0,3,1,0,0,0,1,0,1,1,3,4,0,0,3,0,0,0,1,0,1,4,0,1,1,0,2,0,0,0,0,1,0,2,0,4,0,4,1,1,12,1,2,15,0,3,13,14,1,4,2,0,0,16,0,3,4,0,6,3,0,0,1,16,0,4,4,4,8,4,0,2,0,3,1,0,2,0,0,0,0,1,0,0,0,0,1,0,0,0,0,1,2,0,9,0,3,3,1,0,0,7,3,0,0,0,0,0,0,0,3,12,2,1,10,0,4,1,3,0,4,0,0,2,0,0,0,11,0,2,1
0,2,0,1,1,1,0,1,4,9,14,4,0,2,0,15,0,0,0,0,6,1,1,0,1,1,1,1,1,0,2,2,10,0,1,0,1,10,3,0,5,0,0,0,3,0,1,9,0,1,0,3,2,1,0,0,4,0,1,2,1,11,2,5,13,4,13,0,0,1,0,1,0,0,3,1,0,0,2,1,0,12,0,2,0,8,0,0,1,9,0,0,1,0,0,9,0,0,1,1,0,0,2,0,2,1,0,3,1,0,1,1,1,3,1,0,0,3,4,1,1,7,0,2,0,4,1,2,0,0,3,2,0,2,1,3,0,1,0,4,0,0,0,0,0,1,0,0,0,0,0,1,0,2,0,0,0,1,4,0,3,0,0,0,0,9,3,1,13,1,5,12,12,0,1,1,1,0,13,0,1,6,0,6,1,0,0,4,13,0,0,6,2,6,3,1,0,1,1,1,0,0,2,0,0,0,2,0,0,1,0,1,3,0,1,0,0,1,0,3,1,2,2,0,0,0,2,2,0,0,3,0,1,1,0,4,11,2,0,9,2,8,1,4,0,3,0,1,2,0,0,1,10,0,3,0
4,7,3,0,3,1,1,0,2,10,10,1,1,1,2,10,0,0,0,0,3,2,0,2,0,0,1,0,2,1,3,2,7,2,0,0,0,8,5,1,3,0,3,2,2,1,2,7,0,2,0,6,1,2,0,0,1,1,2,1,1,10,0,8,9,6,9,1,2,2,0,0,2,1,1,0,0,2,4,0,0,10,0,1,1,7,0,0,0,6,0,0,0,0,0,5,0,2,1,0,0,0,1,0,0,2,0,0,0,1,3,0,0,3,1,0,0,1,3,1,0,8,0,2,1,0,0,4,0,0,2,2,1,1,2,1,1,0,0,3,1,3,1,0,2,1,4,0,0,0,3,3,2,2,0,0,1,2,2,0,4,0,5,0,4,10,0,3,12,0,7,9,9,2,2,1,1,1,11,3,1,7,0,11,2,0,0,8,11,2,5,8,0,0,0,0,0,0,0,4,1,5,3,3,0,0,0,0,0,0,0,0,3,0,0,0,0,0,2,6,0,1,3,0,0,0,6,0,0,0,1,0,0,1,0,7,9,0,0,7,1,6,0,6,0,4,0,1,6,0,1,0,5,0,2,2
0,9,1,3,0,0,0,0,1,4,13,1,0,0,2,12,0,0,0,0,7,2,0,1,0,0,7,0,1,0,0,2,15,0,0,1,0,13,10,0,1,0,2,0,1,0,2,12,0,0,2,4,2,1,0,0,8,0,0,0,0,20,0,7,13,6,13,2,0,1,0,1,0,1,1,1,2,0,3,0,1,14,2,2,0,4,0,2,0,11,0,0,0,0,1,6,0,0,3,0,0,0,3,0,3,0,0,2,1,0,0,0,0,5,0,1,0,0,3,0,0,4,0,8,0,0,0,3,1,0,0,3,0,2,1,2,0,0,4,6,0,0,1,2,0,1,1,0,0,0,0,5,0,1,0,0,1,0,2,0,1,1,2,0,2,14,3,6,17,1,3,13,13,1,1,0,0,0,14,0,0,5,0,6,0,0,0,2,16,1,5,3,1,3,2,0,1,4,1,5,0,4,3,0,0,0,5,0,0,0,3,1,1,0,1,0,0,1,1,5,0,1,5,0,0,0,5,1,3,0,0,0,1,0,0,3,14,1,3,8,0,3,0,3,0,2,0,1,1,0,0,0,9,0,0,1
2,12,0,1,1,2,1,1,7,10,9,6,7,0,0,12,0,0,0,0,2,0,2,0,0,0,3,0,2,0,6,4,8,0,0,0,1,8,7,1,2,0,1,0,3,1,0,10,0,1,1,6,2,4,0,0,4,0,2,3,0,15,1,5,11,4,9,0,1,3,1,2,0,1,2,0,3,3,0,2,0,11,0,0,1,7,0,0,2,8,1,0,1,1,0,4,1,2,2,0,0,0,5,0,3,0,0,0,0,0,2,0,1,4,3,2,0,1,2,0,0,8,0,7,0,0,1,4,0,0,2,1,0,2,0,2,1,0,0,3,0,0,1,1,0,0,1,0,0,1,4,3,1,0,0,0,0,0,0,0,4,0,1,0,0,9,3,1,12,3,7,9,11,2,0,0,0,0,11,0,0,6,2,9,2,0,0,1,13,0,1,6,2,1,1,1,0,0,1,3,0,2,1,0,0,0,2,0,0,1,0,0,0,0,0,1,0,1,4,1,0,1,4,0,0,0,3,2,2,0,2,0,1,1,0,6,8,0,1,3,1,6,1,5,1,5,1,0,0,0,1,0,7,1,0,5
1,11,1,0,0,0,1,0,8,8,10,6,1,0,0,10,0,0,1,0,7,0,2,2,1,0,5,1,0,2,2,3,11,2,1,0,0,12,7,0,0,0,1,1,1,4,2,9,2,1,0,8,1,0,0,0,5,2,0,1,0,16,1,6,9,5,10,0,0,1,0,1,5,2,0,1,0,0,0,1,2,10,4,2,1,5,1,1,1,7,0,0,1,0,0,7,0,1,1,0,0,1,5,2,0,1,1,1,0,0,1,1,1,1,1,0,0,0,3,0,1,7,1,4,0,0,0,4,0,0,0,1,0,2,0,1,1,0,1,2,0,0,0,1,0,1,1,0,0,0,1,5,2,1,1,2,0,0,2,1,3,2,0,1,6,11,0,3,18,1,5,10,10,3,2,1,2,0,12,0,0,8,0,6,2,0,1,4,11,1,3,5,1,6,3,0,0,2,0,3,0,3,0,0,0,0,2,0,0,0,0,3,2,1,0,2,1,2,4,3,1,0,3,0,0,0,4,1,1,0,3,0,0,0,2,5,10,1,1,5,0,5,0,5,0,4,0,0,4,0,0,1,8,0,0,1
1,9,2,1,0,0,0,0,4,10,12,3,3,2,0,10,0,0,0,0,5,2,0,3,1,1,3,2,2,0,4,1,9,2,1,0,0,9,7,0,0,0,0,3,0,0,2,9,1,1,2,6,2,0,0,0,3,2,0,2,2,12,4,7,8,7,9,1,1,1,0,1,3,1,2,0,3,2,1,0,1,13,1,2,1,2,0,3,1,6,0,1,0,2,1,4,0,0,0,0,0,1,1,1,1,0,0,1,0,0,5,0,0,5,2,0,0,2,1,0,0,4,0,1,0,1,0,4,0,0,0,1,1,2,0,5,1,1,2,3,0,0,1,2,1,0,8,0,0,1,1,0,0,2,1,0,0,0,0,0,6,0,1,0,1,14,0,2,13,1,6,9,10,0,5,2,0,0,12,1,0,8,0,5,0,0,1,2,16,1,0,5,0,3,0,3,1,0,0,5,0,4,2,2,0,4,3,7,3,0,1,1,1,1,0,1,0,0,6,4,0,0,3,1,0,2,6,2,0,0,2,0,1,0,1,5,9,2,0,3,0,5,0,5,0,5,0,0,0,0,0,1,8,0,0,2
0,10,0,0,0,0,0,0,3,2,13,0,2,2,0,11,0,0,0,0,7,0,1,0,0,0,3,0,1,0,1,3,12,0,1,0,0,12,8,4,4,0,1,0,1,0,1,12,2,0,0,12,0,0,0,0,6,0,0,0,0,15,0,4,9,5,13,1,1,1,0,1,1,0,0,1,0,2,1,1,0,12,0,2,0,5,0,2,1,6,0,1,2,0,0,11,0,0,2,2,0,1,2,0,1,0,0,0,0,0,3,0,2,1,0,1,0,1,5,0,1,3,0,3,1,0,1,1,0,0,0,0,0,1,0,1,1,0,3,5,0,0,0,0,0,0,0,0,0,0,0,2,0,0,0,1,0,0,2,0,1,1,5,1,4,13,3,3,13,0,5,12,13,1,2,0,0,0,14,0,0,4,0,5,1,0,0,2,12,0,2,4,1,2,0,0,0,0,1,0,1,1,2,0,0,0,1,1,0,0,1,0,1,0,0,0,0,0,1,3,1,0,2,0,1,0,3,1,0,0,0,0,1,0,1,4,12,1,0,7,0,4,2,4,0,4,0,0,4,0,0,1,10,0,0,0
3,7,2,0,1,0,1,3,2,6,10,3,0,2,0,12,0,0,2,0,8,2,3,0,1,2,4,0,0,0,1,3,10,1,0,0,0,11,3,0,1,1,0,0,1,1,3,11,0,0,1,4,3,1,0,0,5,1,1,1,0,10,0,5,7,4,11,1,0,1,2,0,2,1,2,1,0,0,0,0,2,11,0,0,1,4,0,0,1,6,2,0,1,1,0,9,0,0,0,1,0,2,0,0,1,0,0,2,1,0,1,0,1,7,1,1,2,0,2,0,0,5,1,1,0,0,0,4,0,1,4,1,1,1,0,2,0,0,1,1,0,1,0,0,1,1,1,0,0,0,0,0,0,1,1,0,0,2,0,1,4,0,3,0,5,10,1,4,9,0,8,10,12,0,5,0,0,0,14,0,1,5,0,5,1,0,1,2,10,0,3,5,0,2,1,2,0,3,2,4,0,2,0,1,0,1,0,0,0,0,0,0,8,1,0,0,1,1,1,3,0,2,5,0,0,0,6,2,1,0,0,0,1,0,2,5,11,3,0,9,0,5,0,4,0,4,0,0,3,1,0,0,7,2,0,3
0,12,0,2,0,2,0,0,1,5,14,2,4,0,0,10,0,0,0,0,7,0,0,0,0,1,3,2,3,0,2,2,11,2,1,0,0,11,7,1,2,0,0,1,4,0,2,14,1,0,0,5,5,1,0,1,8,2,0,1,3,10,1,5,8,4,11,0,0,1,0,0,2,0,3,1,1,2,1,1,1,11,1,0,0,7,0,1,0,6,0,0,0,0,2,6,0,0,1,0,1,0,0,0,2,0,0,1,0,0,0,0,0,0,1,0,2,1,5,0,1,1,0,3,2,2,1,1,0,0,1,0,0,1,0,2,4,0,2,4,0,2,1,3,0,0,1,0,0,1,1,2,1,0,0,2,1,2,0,0,2,0,0,1,3,11,5,2,15,3,9,10,11,1,5,1,1,0,11,0,1,10,0,5,0,0,4,4,9,1,3,5,1,5,2,0,0,1,0,2,0,6,3,1,0,1,2,0,0,4,1,2,1,1,0,0,1,1,3,9,0,1,7,0,0,0,3,0,1,0,0,0,0,1,0,4,10,0,1,5,0,4,1,4,0,3,0,1,1,0,0,1,10,0,0,1
1,7,1,0,0,0,1,1,2,16,8,3,5,3,1,13,1,1,0,0,4,0,1,1,1,0,5,1,1,0,6,3,6,1,0,0,0,8,3,3,1,0,0,1,2,2,1,7,3,3,0,10,0,1,0,1,5,0,1,1,2,15,1,6,10,5,8,1,0,4,1,0,2,0,2,1,1,2,0,1,0,11,2,1,1,8,0,3,1,11,2,0,0,1,0,4,0,0,0,3,0,3,1,2,0,1,0,2,0,1,1,1,1,7,5,3,0,2,1,0,2,7,1,3,0,0,0,5,0,2,5,2,1,3,1,2,0,0,1,8,1,0,0,0,1,1,5,1,0,4,2,6,1,0,1,1,1,1,3,0,4,0,1,3,3,7,1,4,12,0,6,6,8,1,2,0,1,0,10,0,0,9,0,8,2,0,1,2,12,0,2,7,1,3,1,0,0,1,3,5,0,2,4,2,0,1,0,1,2,0,0,2,6,1,0,0,0,3,1,3,0,4,2,1,0,0,4,0,0,0,0,0,0,0,0,6,6,1,0,4,3,7,1,5,0,7,0,1,2,0,1,2,5,2,1,5
0,7,0,0,0,0,3,1,3,6,13,2,2,2,0,10,1,0,0,0,4,0,0,1,1,0,1,0,0,0,1,4,10,0,1,1,0,11,9,1,2,1,1,0,2,1,2,10,1,2,1,4,0,0,0,1,0,2,2,0,1,10,1,3,8,4,12,1,0,1,0,1,2,0,5,0,0,0,0,0,0,11,1,3,1,4,0,1,1,6,0,3,0,0,0,6,0,2,1,0,1,0,1,0,0,0,1,1,0,0,1,0,1,4,2,0,0,0,2,1,0,3,1,3,0,3,1,2,0,0,0,2,0,3,1,3,2,0,4,0,0,1,0,1,2,1,0,0,0,0,0,4,0,2,0,0,0,1,1,0,2,0,6,4,2,11,3,4,13,0,5,10,12,1,4,0,1,0,13,1,1,4,0,5,3,0,1,4,10,1,2,4,0,1,1,0,0,1,0,2,1,0,0,0,0,1,0,0,0,0,1,0,0,0,0,0,1,1,0,3,2,2,1,1,0,2,8,2,1,0,3,0,0,0,1,3,10,3,3,10,0,4,0,5,0,3,1,0,2,0,0,1,7,0,0,1
0,7,2,0,1,1,1,1,1,9,11,5,0,0,0,10,0,0,0,1,8,0,3,4,0,1,4,3,1,0,2,1,9,1,0,2,0,9,4,5,2,1,0,0,0,3,1,10,0,2,0,8,1,1,0,0,1,0,2,0,2,16,2,10,8,7,9,0,0,2,0,0,0,1,0,0,1,0,2,1,1,10,0,1,0,7,0,0,2,7,0,0,1,0,1,5,0,0,1,1,0,1,1,0,1,1,0,2,0,0,3,2,2,4,2,0,0,1,0,1,1,7,0,6,0,1,0,6,0,0,3,0,0,1,0,1,1,0,1,4,0,1,0,0,0,0,1,1,0,0,0,5,0,1,0,1,0,1,1,0,5,2,1,0,1,10,3,4,14,0,7,9,10,1,1,3,1,0,14,0,0,7,0,9,2,0,0,4,18,2,9,11,1,3,1,1,0,1,0,1,0,0,1,0,0,0,0,0,0,0,0,2,3,0,0,0,0,0,1,3,2,2,1,0,0,2,6,1,0,1,0,0,0,1,0,6,11,1,4,3,0,7,0,7,0,7,0,1,2,0,0,0,8,1,0,2
0,5,0,0,2,1,0,0,1,8,11,4,0,1,2,15,0,0,0,0,3,1,0,0,1,0,2,2,0,0,6,4,11,0,2,1,0,10,4,1,0,0,1,0,3,1,4,10,0,3,2,6,0,0,0,0,2,0,0,0,0,10,1,6,13,6,13,0,0,0,1,1,0,0,2,1,0,0,1,0,2,11,0,1,0,5,0,0,0,8,0,0,0,1,0,7,0,0,2,0,0,0,0,0,3,0,0,1,0,0,2,0,0,2,0,0,1,0,0,0,0,5,0,1,0,0,1,4,0,0,0,1,0,1,1,3,0,1,1,1,0,0,2,3,0,1,0,0,0,0,1,4,0,0,0,1,1,1,2,0,2,0,4,1,0,11,0,7,12,0,6,11,12,0,3,0,1,2,13,0,0,5,3,7,0,0,0,4,14,0,1,8,1,2,1,0,0,0,3,2,0,2,1,0,0,3,0,0,0,0,0,1,2,0,1,1,0,0,2,5,0,1,2,0,0,0,4,1,1,0,2,0,0,0,0,7,12,1,1,2,1,5,1,5,0,4,0,0,1,1,0,0,12,1,0,2
0,3,1,0,0,1,0,0,8,8,8,5,0,3,0,8,0,0,0,0,2,0,1,1,0,0,1,1,0,0,3,1,7,0,0,0,0,7,4,1,0,0,0,0,1,0,0,6,1,1,0,8,1,0,0,0,2,1,0,1,0,13,1,9,7,8,8,0,0,1,0,2,0,1,2,0,1,0,0,1,0,8,0,0,0,13,0,0,0,11,0,1,1,0,0,6,0,0,0,0,0,3,0,0,0,0,0,1,0,0,1,0,0,4,2,1,0,2,0,0,2,7,0,4,0,0,1,6,0,0,0,0,0,0,0,2,1,1,0,2,0,0,2,0,0,1,4,0,0,1,1,4,1,0,0,0,0,0,0,1,6,0,2,0,0,7,1,2,9,1,13,8,8,0,3,2,1,1,9,0,0,9,0,10,2,0,0,1,14,2,2,8,1,0,0,1,0,1,0,2,0,0,3,2,0,0,1,1,0,0,2,1,1,0,0,0,0,0,2,2,2,1,2,0,0,0,5,0,2,0,1,0,0,0,0,7,8,0,0,3,1,8,0,8,0,7,2,0,3,0,0,1,9,1,2,5
0,3,0,1,0,1,1,0,2,3,11,4,1,0,1,10,0,3,0,0,3,0,1,1,1,1,0,3,1,0,1,4,10,1,0,1,1,8,4,0,1,0,0,0,1,2,0,9,2,0,0,6,1,0,1,0,4,0,1,0,2,10,5,6,14,5,10,0,2,3,1,1,3,0,1,0,0,1,0,1,0,11,1,2,0,10,3,1,1,9,0,2,1,0,0,8,2,0,0,2,0,0,1,1,1,1,0,1,0,0,2,0,0,2,1,2,2,0,7,2,3,5,0,2,0,0,0,5,0,0,1,0,0,0,6,1,0,2,1,1,0,1,1,0,0,0,0,0,0,1,0,3,0,0,0,0,0,1,1,0,5,0,4,0,3,9,2,1,9,0,5,10,12,0,1,0,3,2,11,1,1,6,0,9,2,0,1,4,9,0,3,5,2,2,1,1,0,2,0,3,0,3,2,6,0,1,0,0,0,0,3,1,4,0,1,2,0,1,2,4,0,0,1,0,0,2,6,1,3,2,6,1,1,0,4,5,10,1,4,6,0,6,6,6,0,6,0,0,4,1,0,1,5,1,0,2
2,16,0,1,0,0,2,0,0,7,11,2,1,2,0,13,2,0,0,0,3,3,0,2,0,0,6,0,1,1,3,4,11,1,1,2,2,9,11,1,7,1,2,1,3,1,2,9,1,1,1,10,3,1,0,0,8,2,0,0,1,21,1,5,13,6,10,1,1,1,0,1,4,1,1,0,1,0,0,0,3,9,1,4,2,12,0,1,1,7,0,1,0,0,0,7,1,0,1,3,4,1,4,3,0,0,1,0,0,0,6,2,3,0,1,1,2,0,6,2,1,3,1,7,0,0,1,3,0,0,1,1,0,0,0,4,0,0,5,5,1,0,0,1,0,0,0,0,0,0,4,2,2,1,0,0,0,0,1,0,3,2,3,0,6,10,4,3,18,1,5,9,10,3,1,1,3,1,11,0,0,5,0,8,0,0,2,8,13,1,3,5,1,6,1,1,1,1,1,2,1,6,1,0,0,2,1,0,0,4,3,3,1,1,0,1,0,1,2,7,0,3,0,0,0,0,4,1,3,0,2,0,1,1,2,4,9,1,1,6,1,5,2,7,0,5,2,0,1,0,2,0,5,0,1,2
0,3,0,1,1,2,0,1,2,10,8,3,0,0,0,7,0,0,0,0,2,1,3,1,0,0,0,0,1,0,3,2,8,0,0,0,0,8,6,0,2,0,0,0,2,0,1,8,0,2,0,8,1,0,1,0,6,1,1,2,0,15,2,8,7,7,8,1,0,2,0,0,0,0,5,0,0,0,2,0,4,8,0,1,1,11,0,1,0,12,0,0,1,1,2,6,1,0,0,1,1,0,0,0,2,0,0,3,0,0,0,0,1,5,0,0,0,0,1,0,2,8,1,1,2,1,0,6,0,0,0,0,0,1,0,1,0,1,0,1,0,1,1,1,0,2,0,0,0,1,0,3,0,0,0,0,0,0,2,1,2,1,1,2,1,9,2,9,5,0,11,8,12,0,1,0,4,0,9,1,0,8,0,10,2,0,0,1,11,2,4,8,0,5,0,0,1,1,0,4,0,1,0,0,2,4,5,1,0,0,1,0,4,0,0,1,1,0,1,5,1,0,0,0,0,0,4,0,0,0,2,1,0,0,3,9,8,0,0,4,0,8,2,8,0,7,0,0,7,0,1,2,6,0,2,3
1,9,0,0,0,0,0,0,2,3,11,1,2,0,0,12,0,0,0,0,10,2,1,0,3,2,4,0,1,0,1,1,12,2,0,1,0,12,9,0,2,0,1,1,0,0,0,10,1,0,0,6,3,0,0,0,2,0,0,0,1,14,0,4,10,3,11,0,0,0,0,1,3,0,0,0,1,2,0,0,1,11,1,0,4,4,0,1,0,4,0,0,1,1,1,7,0,0,0,0,0,0,2,0,2,0,0,3,0,0,2,1,0,0,5,0,1,0,2,0,1,3,0,2,0,0,0,2,0,0,0,0,0,2,0,2,0,1,0,4,2,1,1,0,0,0,1,0,0,2,1,3,0,0,1,0,1,2,3,0,2,0,1,2,0,15,0,5,12,0,3,11,11,0,3,0,2,1,12,0,0,4,2,4,2,0,0,3,13,1,4,3,1,6,0,1,0,0,4,5,1,4,0,0,0,2,1,0,0,0,1,1,2,1,0,0,0,2,4,4,0,0,5,1,0,0,6,0,3,0,2,0,2,1,1,3,12,0,1,7,2,3,1,3,0,3,0,2,1,0,1,1,8,0,2,2
0,7,0,1,1,0,0,0,3,9,11,2,1,3,0,11,1,0,0,0,3,0,2,1,0,0,0,0,1,1,5,6,10,0,1,0,0,11,9,1,3,0,1,0,1,0,1,11,0,2,0,6,1,0,0,0,3,0,0,3,2,16,1,5,9,5,11,1,0,0,0,1,1,0,0,2,0,1,0,0,2,12,0,0,0,3,1,0,1,9,0,0,0,1,0,5,0,1,5,2,0,0,1,0,2,0,0,0,0,1,3,2,0,5,0,0,0,1,1,0,0,6,0,1,1,0,0,4,0,0,0,0,0,0,1,0,0,0,1,2,0,0,0,0,0,1,2,0,0,0,0,0,0,0,0,0,0,0,0,0,4,1,3,0,0,14,2,6,17,0,8,11,13,0,2,0,0,1,15,0,0,7,0,8,4,0,0,1,15,0,1,7,2,4,5,0,1,1,0,2,0,1,1,0,0,1,0,0,0,0,2,0,2,0,0,0,0,1,1,7,0,0,1,0,0,0,8,0,0,0,1,0,0,0,1,6,11,0,3,6,1,6,0,6,0,6,0,1,2,0,0,3,10,0,0,4
0,12,0,0,0,0,0,0,6,6,13,1,1,1,0,15,0,0,0,0,6,1,0,0,2,1,3,1,2,0,1,3,13,2,0,0,0,13,7,0,1,0,0,0,1,1,3,12,0,0,0,4,0,1,0,0,8,0,1,1,0,22,1,3,13,3,13,0,0,1,0,1,0,0,1,0,0,0,0,0,7,14,4,1,0,2,0,0,1,3,0,0,0,0,1,7,0,1,0,1,0,0,1,0,1,0,0,0,0,0,2,0,0,1,2,0,0,3,4,0,0,3,0,1,0,0,0,3,0,0,0,1,0,1,0,1,0,0,1,4,2,0,0,0,0,1,1,0,0,0,0,6,0,1,0,0,0,0,3,0,3,0,2,0,1,15,0,2,14,0,5,13,13,0,0,0,0,0,15,0,0,3,0,8,2,0,0,4,19,1,3,3,0,12,0,2,2,2,2,5,0,4,3,1,0,0,3,2,1,0,0,4,1,0,0,2,1,4,3,3,1,1,4,0,0,4,4,2,0,0,1,0,0,0,0,4,14,1,1,5,1,4,1,3,0,2,0,0,0,0,1,1,10,0,0,2
0,13,2,1,0,1,1,1,3,9,13,2,3,2,0,18,1,0,0,0,3,0,1,1,2,2,4,3,1,0,3,7,11,0,0,0,3,12,5,4,0,0,0,0,0,3,2,12,0,3,0,5,1,0,0,0,9,3,0,1,2,15,1,5,10,3,12,0,0,2,1,1,0,0,2,0,0,1,0,0,1,12,0,3,0,6,0,2,1,6,0,1,1,0,0,8,0,0,1,0,0,1,0,0,1,0,0,0,0,2,0,0,3,5,1,0,1,1,2,0,1,4,0,0,1,2,0,2,0,0,0,0,0,1,2,0,2,1,1,0,0,2,1,3,1,2,3,0,0,1,0,7,0,0,0,1,1,1,1,0,2,0,1,1,2,12,0,6,14,0,6,11,14,0,3,0,1,0,16,1,0,5,0,9,2,0,0,1,11,2,4,5,0,2,1,3,1,2,0,5,0,1,1,0,0,0,1,1,0,1,2,1,1,0,1,0,0,4,1,2,0,1,3,0,0,0,5,2,2,0,1,0,0,0,4,4,13,0,1,5,2,5,2,4,0,1,1,0,1,0,1,1,12,2,0,1
0,14,0,0,0,0,1,1,3,6,16,1,6,0,1,13,0,1,0,0,8,0,0,1,1,2,3,1,1,0,3,2,13,0,1,1,0,13,11,0,2,1,1,0,0,0,1,12,0,0,0,2,1,0,0,1,7,1,1,1,0,19,0,2,12,4,14,0,0,1,0,1,2,2,0,0,0,0,1,0,1,14,0,2,0,7,1,1,1,5,0,1,0,0,1,7,1,0,2,0,0,0,1,1,2,0,0,3,0,0,3,1,1,3,0,0,0,0,3,0,0,2,0,5,2,2,0,2,0,2,0,1,0,2,0,3,0,1,3,3,0,0,0,1,0,3,2,0,0,2,1,3,0,1,0,0,0,0,0,1,2,0,2,0,0,14,1,0,19,2,6,14,14,1,4,1,1,0,14,2,1,4,0,7,0,1,0,8,13,1,3,4,1,4,0,1,0,0,1,0,0,5,4,0,0,0,0,0,1,1,2,7,3,0,0,0,0,1,3,12,0,2,3,0,0,4,8,2,1,0,0,0,0,1,1,2,14,1,3,6,0,4,1,2,0,2,0,0,4,0,0,0,12,0,0,1
0,12,0,2,1,0,0,0,1,4,14,1,0,1,2,16,0,0,0,0,7,0,0,0,1,0,2,3,0,0,3,0,17,0,0,0,0,15,4,2,2,0,2,0,0,0,1,14,0,0,1,7,5,1,0,2,9,0,0,1,3,15,1,2,13,2,14,0,1,0,0,1,2,1,2,0,0,0,0,0,0,14,0,0,0,0,0,0,3,2,0,0,0,0,0,5,0,0,0,0,0,2,3,0,1,1,0,2,0,5,4,1,0,3,0,0,2,1,5,0,1,3,1,3,0,0,1,5,1,1,0,2,0,0,2,1,0,0,3,1,0,1,0,1,0,2,3,0,0,0,0,4,0,0,0,0,1,1,0,0,2,0,6,2,1,15,2,2,14,0,2,14,15,0,1,0,1,0,17,1,0,2,0,4,2,0,1,4,8,0,7,3,0,2,0,0,0,0,0,7,0,4,0,2,0,1,1,1,0,0,2,2,1,0,2,1,0,0,0,6,0,0,1,0,0,0,8,1,2,0,2,0,0,0,0,2,14,0,0,6,0,2,0,2,0,3,0,0,2,0,1,0,13,1,0,0
