4,12,9,1,13,1,1,13,1,5,1,0,1,1,0,0,3,5,2,30,4,10,9,11,3,4,1,2,1,2,4,4,0,2,7,0,25,3,4,12,1,11,0,2,0,1,2,7,12,1,1,2,7,1,7,0,3,1,1,1,0,2,1,1,13,1,8,13,4,5,15,0,0,23,1,0,0,3,0,22,0,3,4,18,1,0,1,1,7,12,2,1,10,1,1,4,4,0,1,0,3,0,4,8,0,2,0,6,2,1,5,1,1,4,5,1,0,5,2,4,4,4,3,5,5,1,3,1,14,1,4,10,8,0,2,4,1,1,48,1,0,0,3,11,1,13,3,6,2,3,1,1,0,0,0,4,1,1,1,0,6,11,6,1,3,7,10,1,0,3,8,2,4,0,5,3,0,0,3,9,13,4,15,1,13,9,11,7,5,0,0,13,2,3,9,0,4,2,25,0,0,9,2,3,1,2,4,2,2,0,18,27,0,0,0,5,1,88,6,5,9,1,5,1,2,8,1,8,2,2,8,1,0,6,3,1,1,5,1,11,4,16,1,2,0,3,0,4,3,13,2,0,0,14,2,3
2,3,5,0,5,0,5,10,1,2,5,3,13,5,2,1,5,7,5,16,7,0,2,9,2,1,0,0,1,0,2,0,0,2,2,1,3,9,0,1,0,10,1,12,1,3,1,5,12,4,1,4,3,0,4,5,10,0,0,0,0,0,2,1,8,2,2,7,10,19,6,9,0,4,2,2,1,30,3,53,9,3,2,18,7,0,6,2,11,8,0,2,4,3,5,3,0,2,0,1,1,0,18,6,1,2,1,6,16,3,1,5,2,0,0,3,0,8,1,1,1,3,2,13,3,2,6,1,10,0,6,6,3,1,7,6,1,1,13,2,1,2,0,5,1,10,0,6,0,6,0,5,1,0,0,2,3,0,1,2,13,11,0,1,0,6,16,2,0,2,0,0,0,1,6,4,1,0,2,8,8,1,9,0,8,8,2,8,3,4,3,5,5,1,2,7,5,4,11,1,1,5,3,1,1,2,0,1,3,1,7,23,2,0,0,1,0,69,8,6,4,2,4,1,1,4,2,10,1,1,2,0,1,2,3,0,3,3,3,1,0,9,2,2,2,2,1,5,2,2,0,0,2,10,0,0
0,7,7,0,5,0,2,0,0,4,3,1,4,0,4,0,1,6,5,32,7,0,8,1,1,0,2,2,3,0,12,7,0,2,2,2,6,4,2,2,0,10,0,0,0,0,2,3,22,2,1,5,0,2,2,0,2,1,0,1,2,1,0,0,11,2,0,10,6,7,9,34,1,0,0,1,0,47,1,21,3,8,0,12,4,12,7,2,10,11,1,4,4,5,6,1,4,1,0,1,1,0,4,7,3,0,0,2,8,3,3,0,5,3,3,2,2,1,1,0,3,0,1,2,0,2,6,1,13,0,6,5,1,2,0,1,2,2,2,1,1,1,7,1,1,11,6,9,1,0,2,18,1,0,1,3,0,0,1,1,7,10,24,3,0,7,8,2,4,3,1,3,0,0,6,4,2,0,2,6,12,1,12,0,15,4,0,10,11,1,1,11,2,1,5,1,4,0,12,1,0,3,5,0,1,5,1,5,1,5,19,5,2,2,4,1,3,55,8,2,10,1,1,4,0,4,2,10,2,0,4,4,4,0,3,6,1,6,4,2,1,35,2,6,1,1,0,0,7,5,3,0,0,11,0,0
0,1,6,1,11,1,2,8,3,2,1,2,7,1,1,2,5,5,2,22,8,2,5,3,0,0,3,1,0,1,0,1,1,2,2,3,5,0,1,0,1,6,0,3,4,0,1,5,19,1,1,1,1,1,3,0,11,2,1,3,6,3,3,0,10,2,0,10,6,12,13,2,0,1,1,3,1,3,3,14,3,1,1,15,1,1,1,1,10,10,2,0,3,1,2,1,3,1,0,0,3,0,2,11,1,2,2,7,5,2,9,1,4,3,1,2,0,3,2,0,1,1,0,1,2,0,0,1,15,0,5,6,0,0,0,8,0,1,8,3,7,2,2,2,0,14,1,0,1,2,44,3,4,0,0,8,2,13,1,1,8,10,8,2,0,11,10,5,1,2,4,2,0,1,5,3,0,0,1,8,11,0,12,0,13,4,2,5,6,2,7,2,1,2,1,5,3,0,70,3,3,4,4,1,1,3,3,2,1,1,3,7,3,1,1,3,1,81,13,1,10,2,12,7,2,6,4,8,1,3,6,2,2,2,0,0,2,3,1,1,3,31,1,2,5,3,0,3,0,1,1,0,7,12,0,0
1,1,4,1,2,3,1,0,0,1,2,0,3,1,8,2,2,7,0,15,6,2,1,1,6,2,0,4,2,1,2,7,0,3,0,11,6,5,1,2,2,8,0,6,1,0,3,5,8,4,2,2,1,1,7,0,2,4,2,2,5,6,0,10,9,2,7,7,9,3,5,5,4,0,4,2,2,7,4,10,1,20,4,11,0,3,4,7,8,9,1,4,5,8,6,3,6,0,9,5,5,2,7,9,0,0,0,0,8,2,6,1,1,1,1,2,4,5,2,1,2,0,5,2,8,3,8,3,9,0,8,7,0,0,0,7,2,3,1,6,0,2,2,4,0,9,1,4,0,2,1,1,1,0,1,2,1,2,1,0,14,7,24,0,3,10,15,7,3,1,11,3,2,9,10,2,3,0,0,7,9,2,9,2,7,9,27,7,7,6,1,5,3,2,6,0,1,2,8,3,2,2,4,3,0,3,0,5,2,2,0,2,6,0,0,2,1,30,8,0,3,7,7,2,2,6,0,11,0,4,1,0,1,0,3,1,4,2,2,0,4,59,3,3,2,1,7,2,4,1,4,1,12,12,0,2
1,2,3,2,5,0,1,4,0,4,2,3,8,0,0,7,8,15,0,15,11,0,5,3,0,4,2,0,0,0,3,0,0,1,3,0,3,1,1,2,1,6,1,3,0,0,0,4,6,6,0,1,1,0,3,1,1,2,2,0,4,1,0,0,6,0,0,4,10,4,6,1,0,0,2,1,0,26,4,7,22,23,5,12,1,0,4,1,13,6,0,7,1,0,4,1,3,0,4,0,1,0,1,5,8,1,1,1,6,4,4,0,2,1,1,0,4,3,0,3,2,0,1,11,2,1,0,1,10,0,11,4,11,0,2,4,0,1,32,0,7,0,1,4,0,6,1,5,1,0,0,2,1,4,0,4,0,1,2,0,17,12,11,1,3,14,15,3,0,1,6,0,1,0,10,3,15,0,1,13,6,4,7,2,9,6,1,11,4,2,3,4,1,3,4,0,3,0,8,1,2,2,7,3,0,5,1,3,1,0,6,3,5,1,0,1,0,60,14,1,5,4,3,1,2,6,0,14,1,0,2,0,0,1,3,1,0,3,3,12,3,51,1,3,11,5,1,0,3,5,3,0,6,8,0,1
0,7,6,1,8,1,1,0,1,0,5,2,1,0,11,2,4,9,1,21,8,4,3,2,6,0,2,1,4,0,1,2,1,2,1,6,8,7,3,2,1,8,2,10,0,0,1,4,11,3,2,4,1,1,2,1,1,1,1,3,3,3,0,2,9,2,4,10,5,0,9,0,0,1,0,0,1,2,1,13,6,23,9,12,1,3,4,6,11,10,3,1,5,5,3,3,5,2,3,1,2,0,11,12,1,4,2,7,10,1,0,1,0,4,1,0,8,5,2,2,3,5,2,7,4,3,7,2,16,1,7,5,0,2,1,2,1,3,9,10,1,0,0,3,0,9,2,5,0,2,0,0,1,3,0,2,1,2,0,3,9,6,0,2,3,9,8,2,5,3,11,8,1,0,7,1,0,1,2,5,9,1,9,4,9,5,8,6,10,1,4,7,1,1,13,2,3,2,14,1,0,3,3,3,4,2,2,3,0,3,3,3,1,0,0,8,2,48,9,2,6,4,1,3,0,9,3,12,0,1,4,1,1,2,1,2,3,2,3,1,4,28,0,1,20,0,0,1,0,4,14,0,15,13,2,0
0,7,3,0,2,0,3,7,0,8,2,0,2,2,12,0,2,7,0,16,9,2,2,6,0,2,3,2,5,0,6,8,1,2,2,13,8,7,0,7,1,13,1,1,0,0,0,3,18,1,2,0,1,0,6,0,0,0,2,1,0,0,0,0,8,3,0,8,9,1,8,25,5,0,0,2,3,26,3,11,10,11,1,10,4,3,3,5,14,9,0,5,2,6,15,1,3,2,0,0,1,0,16,10,1,2,1,0,5,3,6,3,6,5,2,0,1,5,0,2,2,4,1,4,6,0,7,2,13,0,9,5,1,0,0,4,0,3,24,11,0,0,1,8,0,8,3,7,0,37,0,0,3,0,4,3,2,1,0,1,8,15,0,0,0,8,11,4,5,5,6,2,6,0,7,3,0,0,1,10,9,3,8,0,9,5,4,8,7,1,3,3,1,5,3,1,2,4,11,1,0,3,5,0,1,3,5,2,0,2,8,6,2,1,0,3,2,71,9,4,6,4,13,1,0,9,2,10,1,1,5,2,3,2,1,1,0,0,4,3,3,14,1,4,2,0,0,2,0,5,1,0,6,9,0,0
2,0,3,0,3,0,4,7,1,2,3,1,2,2,9,3,5,6,1,22,6,0,1,1,0,1,2,1,1,0,2,0,3,5,0,1,11,1,2,0,0,10,1,8,0,1,1,8,9,6,4,4,2,1,6,0,4,1,0,1,4,1,2,3,9,1,2,12,6,6,9,13,2,19,2,1,0,10,5,15,2,11,3,11,2,0,4,3,7,9,7,3,2,3,5,1,5,0,1,2,3,1,5,7,4,4,2,5,3,0,6,1,1,5,0,1,1,10,1,1,3,0,2,3,1,1,9,4,11,1,5,6,2,3,1,3,0,1,8,3,3,0,6,3,0,9,1,5,0,2,0,1,1,1,0,4,2,1,0,3,8,13,0,0,1,9,8,2,5,2,3,3,1,1,5,3,3,1,1,5,10,0,14,1,9,3,18,9,6,1,2,6,0,5,10,0,4,2,16,2,2,0,1,20,2,6,3,1,3,3,19,11,4,0,1,1,3,55,7,2,3,4,9,1,1,13,7,12,1,6,13,0,2,1,2,1,3,2,1,3,2,31,2,2,5,4,0,2,0,2,0,0,9,10,2,2
1,3,4,1,0,0,2,5,0,1,3,4,3,1,3,0,2,12,1,16,13,1,4,2,1,6,2,3,2,1,4,4,1,1,0,2,8,1,0,3,1,13,0,1,1,1,0,2,6,2,1,3,4,0,7,0,0,0,5,2,4,2,0,1,5,1,0,4,10,4,7,7,0,1,0,0,1,6,1,7,6,12,2,6,1,0,1,2,13,4,1,3,0,2,2,1,2,0,3,0,3,0,31,4,1,6,1,5,6,2,6,1,1,3,2,0,3,3,2,1,3,2,2,3,4,0,6,1,11,0,16,5,2,0,1,3,1,2,14,1,5,0,4,2,1,5,3,7,0,44,2,0,2,0,0,3,5,0,0,4,13,10,0,0,1,10,17,4,1,1,3,1,1,0,10,4,0,1,2,10,5,0,5,0,5,6,4,13,7,0,2,7,0,1,4,4,4,0,9,0,2,3,4,0,1,4,0,0,0,2,30,8,0,0,1,0,11,73,16,2,7,7,4,1,1,1,3,13,0,2,4,0,2,2,2,0,2,2,7,3,4,27,2,4,3,1,0,3,4,20,1,0,5,10,6,4
0,3,2,0,1,0,0,2,0,1,0,3,4,1,6,0,3,10,3,20,10,7,7,1,3,1,4,1,1,1,5,13,0,2,1,0,11,2,1,1,0,12,0,1,0,1,0,3,12,7,0,1,2,0,3,2,1,0,1,3,7,2,0,0,8,0,3,9,10,1,6,39,0,1,1,0,2,15,3,8,4,20,2,7,4,2,2,1,10,8,2,1,1,4,7,0,5,1,2,0,1,0,13,8,0,0,0,8,0,5,3,1,2,0,1,1,15,1,1,0,3,4,3,1,2,0,11,0,20,1,10,7,3,0,0,1,0,1,7,8,2,1,0,2,0,8,1,8,0,4,0,0,0,1,0,0,1,0,1,0,14,10,6,0,1,10,14,3,5,1,3,4,2,0,10,2,1,0,3,9,8,0,7,2,8,5,3,11,3,1,1,4,0,0,22,0,3,4,8,0,1,2,6,1,0,1,2,5,0,1,0,13,1,1,2,0,0,68,10,12,9,4,1,3,3,5,7,11,1,2,13,0,0,1,1,0,0,2,3,2,3,5,1,1,3,1,0,1,3,5,1,0,3,8,1,1
0,5,10,2,1,0,1,3,1,1,7,2,3,1,8,2,2,7,0,17,10,4,5,1,0,2,3,2,5,1,20,1,0,2,3,2,14,21,3,9,7,9,1,1,1,1,0,3,8,4,1,10,3,1,3,2,3,1,0,2,1,1,0,4,6,0,1,11,8,5,7,1,3,2,2,2,0,3,5,13,2,8,2,11,1,0,0,0,14,8,1,2,4,3,3,2,4,0,0,3,1,3,8,8,11,0,0,0,1,2,3,4,0,6,2,0,2,1,1,0,2,1,2,4,6,2,6,4,13,1,8,1,4,0,1,1,0,2,5,5,2,0,1,4,0,8,2,4,2,2,0,0,0,2,0,0,2,0,2,1,7,10,8,0,0,9,14,3,3,3,1,0,0,0,7,4,2,1,2,8,6,2,6,1,7,5,1,11,6,1,2,9,0,0,8,0,2,1,8,2,0,5,3,0,0,4,0,4,0,3,3,8,0,1,1,0,0,68,11,0,10,2,2,3,1,5,8,10,1,2,0,1,0,4,1,3,2,11,0,7,4,28,1,2,3,1,3,3,2,6,0,0,5,9,0,3
6,3,4,2,21,0,2,11,1,1,7,3,0,3,1,2,4,8,1,22,13,1,3,7,5,0,0,2,0,1,5,1,0,3,1,3,7,1,0,3,1,6,0,2,0,1,1,4,15,1,1,6,3,0,5,1,2,0,2,3,1,1,1,0,10,2,0,11,6,4,8,19,0,0,2,1,2,19,1,12,3,6,0,16,3,0,2,2,10,12,1,0,5,0,0,1,7,1,6,1,1,2,6,8,0,2,2,5,6,2,0,5,7,0,0,11,1,19,1,0,2,6,1,8,2,2,2,3,13,0,6,4,3,0,0,3,0,0,35,1,0,1,0,1,0,11,1,5,0,1,2,1,1,0,0,1,2,12,1,1,8,9,0,0,1,9,11,2,2,1,1,1,12,1,6,1,0,0,1,6,11,0,10,1,11,3,2,9,3,8,2,4,1,2,11,3,2,2,10,2,1,6,0,4,2,2,0,1,1,0,5,38,2,3,0,1,2,65,8,2,10,1,5,1,0,9,0,9,0,0,1,1,2,2,0,1,1,4,1,0,0,14,3,3,10,1,2,1,2,5,3,0,3,10,1,0
1,1,12,0,3,0,0,7,0,1,6,3,0,6,2,0,2,6,0,19,9,5,4,2,5,2,3,7,0,1,8,1,0,0,3,4,14,0,6,2,3,6,0,1,0,2,1,3,12,5,0,5,3,0,4,3,0,2,0,1,4,1,1,1,8,1,0,10,6,0,8,18,0,0,4,3,0,4,1,12,0,2,1,10,2,0,1,2,13,8,1,4,4,0,4,1,6,0,2,4,1,0,43,8,2,2,2,3,2,1,1,2,1,3,1,3,1,31,0,0,1,5,2,4,3,2,1,1,12,0,8,8,6,0,3,2,1,0,20,4,0,0,0,3,2,10,1,0,0,2,0,0,0,2,1,2,1,0,1,1,6,8,7,1,2,9,12,4,0,1,1,3,1,0,7,1,1,1,3,6,8,1,8,0,8,4,6,11,4,2,2,1,4,3,0,2,2,1,50,2,0,1,4,0,0,1,2,1,0,0,4,15,3,4,0,1,0,37,12,5,6,1,3,6,0,14,0,12,1,1,1,2,0,0,3,0,0,5,1,0,2,6,0,0,2,1,1,3,2,4,0,0,6,10,1,0
0,7,11,3,4,0,2,5,0,0,1,2,0,3,6,0,4,8,0,23,7,1,4,11,0,1,1,0,3,0,1,0,0,1,7,8,35,3,2,3,2,18,0,1,2,0,0,4,9,1,2,4,2,0,6,0,4,2,1,1,3,5,0,1,9,1,0,11,8,4,7,5,2,3,2,0,2,26,2,11,8,4,3,11,2,2,3,1,9,9,2,3,4,4,2,7,1,1,6,0,0,3,2,6,8,2,4,3,7,7,3,1,4,4,0,0,7,1,6,2,5,1,3,2,3,0,2,0,10,0,7,3,0,0,0,2,0,0,8,4,0,1,0,4,0,11,2,4,2,1,0,9,0,1,0,0,1,0,0,0,8,8,6,2,0,8,11,4,0,5,1,1,2,2,7,8,1,0,3,7,8,2,9,0,9,7,4,8,6,0,6,2,3,2,7,2,3,0,9,2,0,4,3,1,3,2,1,1,1,0,53,32,5,0,0,1,10,63,10,1,8,3,2,2,10,19,1,11,0,2,5,2,0,3,3,1,0,5,5,1,3,5,2,4,8,1,0,5,2,9,4,0,12,8,2,2
1,0,18,1,1,1,0,2,5,1,8,21,1,3,8,0,0,3,0,79,4,1,6,0,2,0,1,7,0,0,31,0,0,1,1,6,9,3,4,0,7,1,1,1,0,1,1,3,13,3,1,25,5,0,2,2,1,0,2,1,1,0,1,0,17,1,1,11,4,0,11,1,0,0,0,2,0,1,2,15,0,2,0,13,2,0,2,3,10,13,1,8,1,2,0,0,9,2,2,0,2,1,3,17,6,1,4,40,3,0,4,2,0,1,0,6,2,1,11,3,6,7,1,2,0,0,1,1,42,2,4,9,0,0,7,1,0,6,1,1,1,3,6,2,4,18,1,1,0,6,0,1,9,1,4,3,6,1,0,5,6,5,0,2,0,8,4,1,0,7,0,1,0,2,4,1,0,1,0,7,13,0,13,1,12,1,3,4,3,1,5,4,0,6,1,0,0,0,14,0,0,0,0,3,3,0,3,2,0,0,3,3,1,0,0,2,1,18,6,0,9,2,2,2,2,1,0,9,0,4,3,0,2,7,0,1,3,22,0,0,0,5,2,0,3,0,1,0,3,1,1,0,0,12,2,3
0,4,8,0,3,1,1,9,1,2,1,2,0,1,1,1,5,6,0,22,7,9,10,11,1,0,0,0,1,0,2,2,0,0,0,13,15,3,2,10,0,11,1,1,1,0,1,2,11,0,2,1,0,0,2,1,2,2,0,0,1,0,0,0,10,1,0,6,7,4,11,2,1,6,3,3,3,3,3,16,23,0,7,18,0,0,5,2,10,9,2,0,7,6,0,0,2,0,5,2,1,0,7,5,1,4,0,3,2,1,2,3,1,0,2,4,0,4,1,2,1,2,2,17,3,2,0,1,9,0,8,5,0,0,1,4,0,0,24,0,3,0,1,3,0,10,2,4,0,4,0,0,0,0,1,1,3,1,0,0,9,7,6,1,0,9,14,1,0,3,1,4,0,0,7,1,1,0,5,8,11,2,12,32,9,5,3,10,1,1,9,5,4,4,2,0,0,0,12,0,0,4,3,3,1,4,0,1,0,3,4,42,1,0,1,1,2,59,12,0,26,5,1,3,0,15,1,19,0,1,0,0,0,2,1,0,2,4,3,6,1,12,0,3,0,2,1,1,2,5,1,1,1,15,0,1
1,3,5,2,5,1,2,6,1,11,2,8,3,1,6,4,4,7,0,16,6,2,2,2,1,1,0,0,1,0,15,3,0,0,1,1,12,1,0,1,0,10,0,2,1,0,0,2,10,2,1,11,2,1,3,0,1,2,1,2,5,3,1,2,7,1,0,10,7,10,10,1,0,1,2,3,0,12,3,9,15,3,3,12,1,4,2,1,10,9,2,2,5,3,3,2,2,0,1,1,4,0,6,9,10,3,3,1,1,2,10,2,1,2,1,1,6,14,0,2,4,1,4,4,3,0,1,3,11,1,6,4,0,0,0,2,2,0,19,3,0,0,2,1,1,9,0,1,0,8,0,17,4,0,0,1,1,0,0,2,10,8,0,8,2,9,8,7,2,1,1,2,5,0,7,3,0,0,1,6,8,2,9,2,7,3,12,6,7,0,6,3,0,0,5,2,3,3,11,2,1,2,3,0,0,4,2,1,0,2,25,27,2,1,0,0,27,59,9,0,5,4,3,1,2,13,0,12,0,0,1,0,1,0,4,2,0,7,0,1,1,6,0,1,0,1,0,2,1,1,2,0,0,9,2,1
1,4,2,0,28,1,2,14,2,5,50,3,9,0,1,0,2,7,1,17,6,1,3,7,1,0,0,0,2,1,1,1,1,1,0,0,11,0,2,4,0,6,1,0,1,3,1,1,13,2,2,4,1,1,4,2,3,0,2,1,4,2,0,3,7,1,0,9,6,2,7,2,4,1,8,1,4,13,3,14,14,7,4,14,3,0,3,6,12,9,0,1,2,0,6,1,3,3,1,3,5,0,8,9,13,1,1,5,18,2,4,11,1,1,2,1,4,6,1,1,3,0,3,6,4,3,1,1,11,0,6,2,0,1,0,0,2,1,7,3,0,1,2,1,0,11,0,2,0,1,0,1,0,0,2,1,3,0,0,0,12,6,29,0,4,10,7,1,7,1,2,2,0,2,6,3,0,1,0,6,9,2,11,1,13,1,3,8,3,1,3,1,1,4,3,0,6,5,11,0,2,2,6,2,1,5,3,0,1,0,3,21,2,1,1,0,1,59,7,0,3,2,4,0,0,2,0,12,1,2,2,0,2,0,2,0,1,4,1,3,1,7,0,0,0,0,0,1,1,1,0,0,0,9,2,0
0,0,8,1,4,1,0,9,3,3,1,0,1,2,0,0,1,2,3,29,2,4,5,1,5,1,1,0,2,1,3,2,0,0,2,2,10,1,2,0,0,4,1,0,0,0,0,1,12,3,1,0,1,0,5,1,1,2,0,3,1,2,6,2,12,1,1,11,4,7,9,16,0,1,3,3,2,40,1,13,11,4,4,16,0,2,6,3,9,13,0,4,9,3,9,0,5,2,2,14,0,0,0,16,0,5,2,2,2,1,7,2,1,5,2,0,3,3,4,0,5,2,1,6,2,1,0,1,14,0,2,6,1,3,2,4,1,1,14,1,0,0,4,3,2,16,1,3,0,1,14,0,1,0,0,4,3,11,1,1,7,5,0,0,6,3,7,2,0,2,3,1,1,0,2,4,0,1,0,4,13,1,12,0,16,8,1,3,5,4,3,11,0,2,9,7,6,2,17,2,1,2,4,5,0,2,7,1,2,0,4,29,2,1,20,3,5,66,3,0,8,2,7,0,1,11,0,8,0,0,2,2,7,2,0,1,4,2,3,1,0,18,2,0,11,0,2,1,2,2,0,0,5,12,2,2
4,7,3,1,3,0,3,8,5,2,1,0,7,7,2,0,2,11,0,13,8,0,2,7,0,2,4,1,0,4,3,0,4,0,2,1,7,38,3,4,2,12,2,3,4,3,4,7,15,7,1,4,2,4,7,1,5,6,0,1,1,5,2,0,6,0,1,9,7,3,9,0,0,1,2,1,0,11,3,21,1,0,1,11,3,0,3,4,9,8,3,2,2,1,0,0,3,1,1,2,2,0,11,4,3,3,1,0,11,6,3,5,0,1,2,0,8,16,2,3,3,1,2,12,2,1,0,1,8,0,9,5,0,1,1,2,1,1,6,1,0,1,1,5,0,7,0,5,0,0,3,0,1,2,0,1,3,4,1,3,10,12,0,1,0,6,10,1,0,6,9,2,3,2,7,4,1,0,2,5,8,1,6,2,6,10,2,8,7,2,3,9,3,4,5,2,4,4,10,0,1,4,7,1,0,3,2,2,4,2,11,34,2,5,0,0,0,61,11,2,7,3,6,2,1,2,2,8,1,0,6,2,3,1,0,0,3,4,4,2,2,18,0,5,2,1,0,1,1,6,1,0,0,10,4,0
5,1,14,4,1,0,2,7,3,1,7,18,1,1,5,1,4,7,2,23,9,2,7,2,7,3,1,1,1,0,7,6,0,0,1,3,9,1,5,0,1,2,1,0,0,0,0,4,13,0,2,3,0,0,5,3,3,0,4,1,7,2,0,0,7,8,0,8,8,4,10,4,2,0,2,5,1,13,3,14,6,5,1,12,3,2,2,1,11,9,2,9,5,2,8,0,7,0,3,1,0,1,0,10,10,1,1,5,3,2,2,3,4,3,4,0,1,5,6,1,5,1,1,6,7,8,0,3,17,1,8,4,1,3,2,3,0,4,1,0,2,2,1,0,3,10,1,2,1,2,0,0,2,0,3,0,2,22,0,0,8,9,20,0,1,9,12,1,2,4,0,0,1,2,7,1,0,0,0,9,11,2,9,1,7,1,0,10,2,2,5,3,0,0,4,0,0,0,11,2,0,2,3,1,0,3,0,0,1,1,13,6,0,0,1,3,1,38,10,1,13,1,4,1,1,13,4,11,4,9,4,1,1,3,0,1,3,20,1,1,1,29,4,1,0,2,1,2,0,4,0,1,1,11,0,0
0,4,4,1,2,2,2,3,0,2,1,2,0,0,2,0,3,9,1,12,10,3,4,4,0,1,1,3,0,1,2,0,0,2,1,2,10,1,1,1,1,6,0,3,0,0,0,3,8,3,1,2,1,0,3,0,1,2,0,3,4,1,1,0,5,0,0,12,9,0,6,2,0,0,2,0,0,8,1,8,4,8,4,8,0,0,2,1,10,5,2,0,1,0,2,0,1,1,1,0,5,0,26,6,0,0,2,4,3,3,1,7,1,0,3,1,0,11,0,0,0,0,1,14,3,0,1,0,9,0,12,5,2,0,0,2,0,1,19,6,0,0,4,1,1,6,1,3,0,0,0,0,1,0,1,7,2,0,0,0,13,13,4,0,3,10,11,5,0,2,2,0,3,1,9,2,0,0,0,9,8,1,5,3,5,3,20,11,3,1,0,2,2,0,21,2,6,4,41,1,0,6,4,1,3,3,2,3,1,0,13,42,1,1,2,3,2,58,10,3,9,1,6,12,0,21,3,15,0,0,1,0,2,0,2,0,0,7,1,2,2,13,1,0,6,0,1,1,0,2,2,0,15,8,0,1
1,13,7,0,11,1,1,10,3,0,5,0,5,1,1,0,4,3,0,29,4,1,3,14,1,1,0,0,1,0,5,0,0,0,0,3,4,0,1,3,1,3,4,0,1,1,1,2,11,1,3,6,1,0,4,1,5,5,0,1,4,1,1,1,11,0,2,11,7,0,10,3,0,0,8,4,0,19,2,20,11,3,0,25,1,6,4,3,6,11,7,0,6,0,4,6,3,4,0,0,7,2,19,8,7,4,4,4,3,2,2,7,5,3,3,7,8,5,0,0,4,7,3,8,3,4,0,2,14,0,3,3,0,0,0,3,0,0,6,2,1,1,0,0,0,11,1,4,0,2,0,1,2,0,0,0,1,0,0,0,5,3,2,0,4,10,9,2,0,5,1,3,2,2,3,2,4,0,1,3,11,0,12,4,21,1,1,8,6,4,4,2,3,5,5,0,3,2,12,0,0,4,4,0,0,1,2,0,5,2,3,5,6,0,0,7,3,37,15,0,6,1,9,0,0,2,3,8,2,1,1,0,5,2,6,1,3,3,4,2,0,13,16,2,1,2,0,0,3,6,4,3,15,14,1,1
1,4,1,0,15,1,1,8,0,2,2,0,10,1,3,0,2,5,1,16,7,4,2,1,2,1,1,0,1,2,3,1,1,0,1,0,3,1,1,5,0,9,2,13,1,1,1,8,11,4,4,1,0,0,4,0,2,1,0,0,5,0,1,0,8,2,1,46,6,6,12,35,3,0,2,0,2,37,1,16,1,0,0,13,1,0,5,4,8,14,0,1,8,1,4,4,5,1,0,13,0,1,7,7,2,2,0,1,5,3,2,4,4,1,1,2,0,1,2,2,2,2,1,8,2,2,1,0,14,1,7,4,1,0,1,3,0,4,4,0,0,0,1,1,2,10,3,5,0,2,0,0,0,0,0,0,1,1,0,0,11,6,0,0,0,5,12,2,0,1,3,2,0,3,6,3,0,0,5,6,14,2,10,0,10,6,0,10,4,2,1,14,1,4,1,0,6,1,20,0,0,1,3,6,1,2,4,4,1,2,3,14,4,0,0,0,0,56,7,0,8,1,0,1,0,8,2,14,0,1,9,0,1,4,0,2,4,4,1,5,2,8,1,2,3,0,0,2,2,11,0,0,4,12,0,1
0,3,4,0,9,1,3,7,0,2,1,2,0,1,1,1,2,13,0,18,11,0,11,8,3,4,5,1,4,0,1,0,0,1,1,2,13,1,2,0,0,15,1,2,0,0,1,2,7,2,5,0,2,1,5,1,3,2,1,4,1,3,1,0,10,0,0,11,9,3,3,2,0,0,1,2,0,2,0,8,8,9,3,6,1,0,2,3,11,6,1,5,5,0,5,0,0,0,1,2,0,0,28,4,0,1,1,3,3,3,8,0,3,0,3,1,1,15,3,0,4,1,2,9,1,2,0,6,9,2,9,3,2,1,0,3,1,1,25,6,0,2,1,0,1,8,1,6,1,0,2,1,2,0,0,2,0,1,0,0,11,15,4,0,1,11,11,2,0,1,3,1,4,1,9,2,0,0,0,9,7,2,6,2,7,3,19,9,6,2,2,5,2,5,3,4,4,2,7,3,0,1,7,1,0,0,3,1,3,1,5,20,1,0,3,2,4,63,16,4,13,2,6,10,1,12,0,18,2,1,3,1,0,8,2,0,3,4,2,4,1,14,0,0,5,3,1,2,4,2,1,0,4,11,8,2
2,1,3,2,3,0,2,7,0,0,2,3,4,1,6,1,2,5,0,29,5,4,3,5,2,0,1,0,0,1,2,1,1,0,6,0,6,3,1,1,2,22,0,2,2,1,0,6,15,3,3,11,1,2,7,2,5,1,1,1,1,2,1,0,10,2,0,10,8,8,8,22,2,0,2,0,3,41,3,16,2,4,7,17,1,2,3,4,7,12,1,2,1,3,6,3,3,1,0,0,3,0,2,7,0,1,0,5,2,4,6,3,1,2,0,0,3,6,2,0,2,4,4,8,1,1,5,2,16,0,5,4,0,0,0,1,2,3,15,2,0,1,0,2,0,10,3,3,0,0,0,1,1,0,0,2,5,14,1,0,7,5,13,0,2,7,7,2,4,3,4,6,1,2,5,3,1,2,2,9,10,2,10,1,12,10,1,6,8,1,4,5,1,0,5,2,6,1,10,3,0,3,4,1,1,3,1,1,2,1,12,31,3,0,1,0,1,66,6,0,8,1,2,1,0,11,0,6,1,0,0,1,1,4,2,1,1,6,3,1,3,14,4,2,4,1,1,2,2,5,2,0,1,11,0,1
2,0,21,1,3,2,2,3,3,3,0,16,1,2,2,2,3,4,0,65,6,1,5,1,7,0,2,4,0,1,14,0,2,1,3,1,3,1,7,2,4,2,0,3,0,8,2,8,13,0,3,12,0,0,4,1,8,2,5,4,3,12,2,1,18,1,0,15,4,1,8,1,0,2,0,6,2,1,4,15,1,0,1,15,0,0,2,1,10,10,8,6,6,1,0,0,8,0,5,0,3,0,4,16,4,2,4,9,9,0,2,4,1,3,9,2,2,1,6,7,9,1,0,4,3,9,4,1,14,4,5,9,0,0,0,4,1,4,1,0,1,7,21,2,5,15,2,0,0,4,0,1,2,3,2,1,3,0,0,2,5,6,0,1,1,4,7,1,0,4,1,0,2,2,4,3,0,2,2,4,12,1,10,3,11,1,2,3,0,3,3,2,1,2,0,1,1,0,13,0,0,1,2,1,3,3,0,2,1,0,1,1,1,1,2,3,2,13,6,1,4,0,2,1,2,5,1,6,5,20,3,1,2,4,0,3,2,38,2,3,1,10,5,3,1,3,3,1,0,4,3,0,0,15,3,5
0,1,5,0,4,1,1,8,2,3,3,4,1,0,9,0,4,8,0,17,12,0,1,7,0,1,4,0,4,0,1,1,0,0,4,3,12,11,2,1,0,10,0,0,0,0,1,7,9,3,0,1,2,0,4,0,3,9,2,2,4,0,0,0,7,2,0,7,10,5,8,2,0,0,0,5,1,6,5,12,1,11,0,9,0,1,3,2,14,7,2,1,2,5,5,1,5,1,0,3,1,1,14,5,7,0,1,4,3,1,5,0,2,4,5,3,3,2,3,1,2,7,3,9,3,4,5,0,10,1,10,2,0,1,0,0,1,0,15,2,1,2,1,3,1,6,2,7,1,0,2,0,0,1,0,2,1,0,1,0,11,22,0,2,3,9,16,3,2,1,5,1,0,1,9,4,2,0,3,10,8,1,7,2,9,8,3,11,6,0,4,7,0,4,3,1,3,1,12,0,0,5,4,12,2,6,7,1,1,3,3,6,3,0,3,0,0,63,15,2,14,4,3,1,1,8,0,14,0,2,11,0,1,1,0,1,2,6,0,2,2,15,1,5,1,0,1,2,2,7,1,1,6,6,1,2
0,2,4,3,3,2,0,9,0,1,1,0,2,1,0,0,1,10,0,29,7,1,5,12,2,0,1,0,4,0,2,0,0,1,5,3,25,3,4,1,0,10,0,3,0,0,2,2,9,0,2,8,3,0,9,0,5,9,13,0,4,0,0,0,9,0,1,11,7,3,6,3,0,1,4,3,2,1,4,12,15,3,6,11,2,3,6,3,10,9,2,3,3,2,2,0,3,0,6,5,10,0,12,16,1,6,3,9,2,2,4,2,6,4,1,1,0,7,5,1,3,0,2,11,1,2,0,0,11,3,9,6,1,0,1,1,0,2,20,16,2,1,3,4,1,14,1,7,1,2,5,1,0,0,0,4,2,0,0,0,11,9,0,2,0,12,13,8,1,1,9,2,2,0,7,8,0,0,5,7,9,0,11,0,10,3,2,7,3,0,3,3,5,1,7,2,4,3,12,3,2,4,3,0,0,12,3,0,0,2,4,18,4,0,0,4,0,62,9,2,5,1,6,4,0,18,0,12,0,0,2,1,0,3,4,1,4,3,4,3,2,9,0,5,1,5,0,7,5,5,1,0,18,14,0,2
0,1,18,4,7,1,2,6,2,2,2,13,1,2,3,2,5,3,1,25,7,8,11,1,6,0,6,1,2,2,14,0,0,1,0,2,9,2,4,1,2,12,1,4,1,2,0,1,14,1,0,8,3,1,1,2,10,3,0,3,6,3,0,1,10,1,0,15,3,10,10,0,0,2,4,2,2,6,1,12,2,1,1,12,0,2,2,2,11,10,5,2,8,2,2,2,7,1,1,4,3,3,6,10,6,7,2,0,1,2,4,22,0,2,1,1,1,5,7,2,3,8,2,10,3,3,5,1,20,0,6,4,3,0,1,3,1,2,2,4,1,2,0,3,2,13,3,2,0,3,1,1,1,0,0,4,4,1,0,0,5,6,1,1,0,8,7,0,0,0,3,2,1,1,5,3,0,1,0,7,12,1,11,3,10,3,3,5,2,0,6,2,0,0,3,0,1,0,61,0,0,2,3,3,1,1,0,1,1,0,6,10,2,0,0,6,2,47,6,3,6,0,1,5,2,6,0,9,4,6,6,1,3,3,0,0,3,10,4,1,1,8,1,0,2,1,3,0,2,2,0,2,9,12,1,0
2,4,6,2,0,1,5,3,0,1,0,2,0,2,10,0,8,7,1,31,7,2,10,2,0,1,1,2,4,0,5,5,1,0,1,3,2,7,1,0,1,18,1,2,0,0,0,11,14,3,1,5,4,1,5,1,4,0,1,1,0,3,1,1,10,5,1,11,4,0,10,6,7,0,0,4,1,5,1,14,0,4,2,13,4,0,4,3,6,16,7,4,4,4,16,1,6,1,3,2,3,0,2,10,1,3,3,6,2,2,4,0,0,7,2,1,1,4,2,3,4,2,1,0,2,2,6,0,17,0,4,9,0,1,0,4,3,2,7,4,0,1,3,5,0,11,1,10,0,1,2,1,2,0,0,7,2,6,0,3,5,10,0,0,2,7,7,2,4,5,5,3,0,1,3,3,2,3,3,4,13,1,10,0,11,6,1,3,6,0,1,6,1,2,18,1,6,1,14,2,3,2,4,0,1,1,8,6,1,0,25,3,4,2,1,2,3,52,6,0,5,3,6,2,1,18,3,10,2,1,1,0,5,1,0,1,1,4,5,6,3,27,1,0,4,1,0,1,0,6,4,2,7,12,2,0
0,0,9,0,12,1,0,6,3,0,9,1,6,3,1,1,3,4,0,25,5,6,5,0,0,0,0,0,2,2,2,0,0,3,5,1,16,0,2,1,0,3,0,8,0,1,0,1,16,0,3,8,7,0,6,2,1,1,1,4,1,2,0,0,10,2,0,10,9,8,10,27,0,1,4,4,3,43,2,19,11,9,0,13,2,0,5,1,10,12,2,5,6,0,2,1,0,1,7,0,9,0,0,16,10,1,2,6,12,0,3,3,2,1,3,0,3,2,8,2,7,3,0,1,2,0,0,1,12,1,5,4,1,0,0,3,0,1,6,0,0,0,3,2,1,12,1,3,1,1,4,0,1,0,1,5,1,1,0,0,9,7,2,1,2,8,8,4,0,5,2,2,1,0,6,1,1,2,1,5,11,2,13,3,11,2,0,11,4,2,2,6,11,1,15,1,3,0,12,3,1,1,3,0,3,3,5,2,2,0,22,3,3,0,0,3,1,55,6,3,6,1,6,2,0,3,0,8,0,5,0,2,2,1,1,1,4,4,3,2,0,11,0,0,0,0,1,0,0,3,1,1,1,11,1,2
1,3,42,3,2,0,1,5,1,1,1,27,2,4,2,0,1,5,2,28,8,1,7,2,2,1,1,1,0,1,4,1,0,1,6,2,1,7,3,0,3,3,6,1,0,2,0,5,12,1,4,4,0,0,6,3,10,0,4,4,3,0,1,1,12,0,2,18,5,3,15,10,0,0,2,2,0,6,1,18,6,0,1,12,1,1,4,1,11,10,1,5,6,1,1,0,4,0,1,1,1,1,9,10,4,3,2,14,4,2,2,2,1,4,4,2,2,3,6,5,8,23,2,2,0,6,2,3,15,0,5,7,2,0,2,1,0,2,2,1,2,1,1,3,4,18,5,2,1,2,7,0,1,0,1,2,3,1,2,1,7,7,0,0,7,6,7,0,2,9,0,4,2,2,4,1,2,1,2,4,12,3,10,0,10,5,0,7,6,0,1,3,1,1,0,0,1,1,13,3,1,0,1,1,2,4,1,1,2,1,14,4,0,1,0,7,0,43,9,4,4,2,1,1,2,5,1,7,1,24,0,1,1,1,2,3,3,25,4,3,1,6,2,2,0,0,0,1,1,3,3,0,3,23,2,3
5,1,7,1,2,1,1,9,3,3,7,3,1,0,1,1,1,9,0,16,10,2,3,5,6,1,4,0,1,1,13,2,3,9,4,1,20,2,7,2,3,5,0,6,0,1,3,1,8,0,3,12,2,1,1,1,4,1,1,2,1,1,1,0,5,0,0,36,8,1,7,6,0,0,2,4,1,11,0,6,1,1,1,6,3,0,1,3,11,6,1,4,3,1,6,0,0,1,0,2,0,0,11,4,6,2,0,3,7,1,0,2,6,1,0,3,0,11,2,1,1,4,0,3,2,0,4,1,21,1,9,3,0,1,3,1,1,2,28,3,1,0,0,1,1,7,0,2,0,1,0,0,7,1,1,2,3,1,2,3,14,11,3,1,2,13,12,5,1,3,1,4,2,2,9,1,0,1,1,9,6,0,7,2,6,6,7,15,3,1,4,2,2,1,1,0,1,1,8,0,1,2,5,1,1,2,2,2,2,1,1,10,2,2,1,0,0,47,11,2,4,4,3,2,3,7,1,14,0,2,2,0,2,0,2,0,1,6,1,1,2,10,1,3,3,1,2,1,1,0,0,4,3,5,5,0
0,1,19,4,0,0,0,2,0,1,6,5,1,3,7,1,3,6,1,22,4,1,6,7,12,2,2,4,0,1,18,2,1,0,5,0,21,1,4,0,1,5,1,1,0,1,0,3,13,0,3,6,0,1,3,3,11,0,1,1,0,1,2,0,12,2,0,12,3,3,12,6,0,0,0,3,1,9,0,13,1,6,0,13,2,3,4,2,9,12,4,5,11,0,5,0,8,0,2,0,1,2,14,8,2,2,0,6,6,1,7,3,0,5,2,4,1,2,2,2,2,9,0,0,4,4,1,2,17,0,4,5,0,0,1,5,0,1,6,4,1,1,1,1,5,14,2,0,0,2,0,0,3,2,0,0,3,0,1,0,6,5,0,3,0,6,6,1,0,5,3,4,0,0,3,0,0,1,0,4,13,0,12,0,11,2,2,3,1,1,2,5,0,2,5,0,1,1,13,1,0,0,2,1,0,2,3,0,0,0,6,14,0,1,0,1,1,50,7,1,12,1,1,0,1,17,1,13,1,3,5,3,2,1,0,0,2,19,2,0,0,11,3,2,7,1,2,0,1,7,0,0,3,14,2,0
1,4,9,0,7,0,7,5,0,1,1,3,0,4,4,3,2,4,0,21,4,10,3,0,3,1,0,0,1,2,1,1,0,5,1,4,18,5,0,6,0,5,2,1,1,0,0,7,12,3,2,3,2,0,6,2,1,0,0,2,1,2,0,0,12,0,1,10,10,0,9,1,0,0,4,0,0,4,2,11,1,1,5,14,3,0,3,4,8,11,2,0,5,3,2,1,4,0,6,1,1,1,6,10,7,4,0,5,9,1,2,7,0,3,0,2,0,2,2,0,1,5,1,4,3,0,0,0,14,1,5,4,1,1,0,2,0,2,33,1,1,1,1,4,2,12,1,12,0,0,0,0,1,0,1,0,2,0,3,0,4,5,16,0,2,9,10,4,0,2,4,3,0,0,4,2,0,0,1,5,11,2,11,28,11,4,4,6,3,1,6,2,1,1,10,4,3,1,16,1,0,6,3,1,5,1,1,1,2,2,53,15,2,3,0,0,0,69,4,1,8,2,5,2,2,16,1,8,0,0,2,2,1,1,1,0,1,9,0,1,2,14,3,1,0,1,0,3,0,6,0,0,6,15,0,1
0,1,27,2,2,0,2,2,1,2,3,7,1,1,0,1,2,8,0,65,8,0,10,1,5,2,2,1,3,1,16,4,2,0,1,0,7,0,1,0,1,0,1,1,0,1,1,4,9,0,0,19,0,0,1,8,0,0,0,2,1,1,4,0,11,2,0,14,6,1,11,2,0,4,0,8,3,3,2,13,1,4,0,11,2,0,5,1,11,11,3,9,53,1,3,1,5,0,3,2,1,2,2,11,4,2,2,4,5,0,0,3,1,3,3,3,4,1,4,0,2,1,0,4,1,2,2,3,31,0,7,7,0,0,1,4,1,1,0,1,0,1,1,2,11,13,5,1,0,5,0,2,4,6,2,1,2,0,0,0,9,7,0,2,1,6,10,0,2,8,0,2,0,0,7,2,0,2,0,7,10,0,11,2,10,2,0,10,4,0,4,4,3,3,2,1,1,2,9,3,0,1,5,0,0,2,2,2,1,1,2,3,0,1,0,2,0,11,6,3,2,0,1,7,1,9,0,6,1,3,3,0,2,2,1,0,2,21,0,0,0,12,0,2,0,0,1,1,0,1,0,0,3,10,1,2
1,4,3,0,5,2,3,12,2,3,6,6,0,1,5,1,4,6,0,16,6,0,2,8,0,2,0,0,0,3,5,0,1,1,5,0,0,4,1,10,0,6,3,0,0,1,0,4,16,2,1,1,2,1,4,3,0,1,2,1,2,3,0,0,9,1,2,9,6,3,7,8,0,0,0,1,2,9,2,11,19,9,0,10,2,1,10,1,7,11,4,2,1,0,3,0,1,1,1,2,4,0,23,9,2,1,1,3,9,1,6,6,1,1,3,2,9,1,1,0,6,0,3,12,0,0,0,1,10,0,6,3,1,2,3,2,0,1,20,8,1,1,0,3,0,10,2,5,0,2,0,0,0,1,0,0,5,0,0,1,9,7,10,0,1,10,10,5,0,0,6,3,1,1,7,5,1,0,0,6,11,0,11,14,9,8,2,10,2,0,1,5,3,3,10,0,4,2,11,1,0,2,3,0,1,3,2,3,3,1,0,10,2,1,2,1,10,55,9,0,9,4,1,0,0,9,1,14,2,0,3,1,0,2,2,0,2,6,2,2,4,6,2,1,1,3,0,2,2,9,0,0,2,9,1,1
3,1,4,0,4,1,1,7,0,2,1,1,2,0,11,1,3,5,4,18,5,1,1,3,2,2,0,1,4,2,3,1,0,0,0,2,2,2,0,0,0,15,1,14,0,0,1,5,11,7,3,11,0,0,4,1,0,1,0,1,3,0,0,1,10,1,1,14,7,3,11,25,3,0,1,3,1,40,2,13,7,1,5,13,1,1,3,2,9,12,2,3,2,0,14,3,7,2,0,0,5,0,3,9,2,0,1,5,4,3,6,7,3,4,1,0,0,1,1,1,2,0,1,4,0,1,1,2,13,0,5,5,1,0,0,3,1,0,14,0,0,0,0,2,6,11,1,3,0,0,8,4,0,0,0,0,0,10,0,0,8,7,0,0,0,11,10,1,0,3,7,4,1,0,7,5,0,0,0,8,11,2,10,0,10,3,2,6,6,0,1,6,0,1,10,0,4,0,12,0,0,1,3,1,1,1,3,3,0,2,25,16,3,1,6,3,5,61,5,3,8,2,2,0,0,5,3,9,3,2,0,0,0,2,0,3,1,2,1,0,3,14,0,2,2,0,0,3,2,2,1,0,2,12,3,1
0,1,7,2,0,1,0,5,1,4,1,2,4,0,1,1,0,7,0,24,5,2,3,2,1,0,0,0,0,0,1,1,0,2,0,1,3,2,1,0,0,4,0,1,0,0,1,1,14,0,3,3,1,0,7,0,3,1,4,2,1,1,0,0,11,1,0,10,7,3,7,2,0,1,2,0,2,3,1,12,5,1,0,18,2,0,3,1,9,12,4,1,5,1,3,0,4,2,0,2,4,0,44,9,2,2,3,2,2,3,4,4,6,4,0,2,7,5,0,1,1,1,3,5,1,0,1,0,13,0,5,4,1,0,0,0,0,3,13,3,1,2,2,4,0,11,0,9,0,0,0,0,1,2,1,8,1,0,0,0,8,21,24,0,6,7,9,8,0,1,0,1,3,0,6,2,0,0,1,6,12,2,11,1,11,5,0,6,2,1,2,0,2,1,10,1,2,0,13,2,0,2,1,1,1,0,2,0,0,2,10,43,1,0,0,3,30,69,8,0,7,3,2,3,0,5,0,9,2,1,7,0,1,5,2,1,3,4,3,7,1,28,0,8,0,0,0,1,0,8,1,0,1,11,0,1
1,4,7,0,8,0,4,10,4,2,4,0,1,2,7,0,2,5,0,26,6,6,6,5,0,1,1,2,0,0,5,5,2,0,0,1,9,1,3,0,0,4,0,1,0,0,0,1,17,1,1,1,1,0,4,0,0,2,0,1,2,3,1,0,8,5,0,12,8,7,8,35,1,0,1,2,2,27,2,30,9,11,4,14,1,1,3,3,13,12,3,6,8,5,5,2,4,0,0,2,0,1,7,6,1,1,0,3,0,3,2,0,2,5,4,2,0,1,3,1,2,2,0,9,3,2,6,3,12,0,7,6,2,0,1,1,1,2,19,1,2,0,1,2,0,11,1,6,0,1,7,0,0,0,0,2,1,0,0,2,8,6,1,0,1,9,9,2,3,5,2,3,2,1,7,2,1,0,6,5,9,0,9,4,13,3,1,8,8,1,5,13,6,2,1,4,5,0,14,1,0,1,3,0,7,5,1,2,3,0,11,10,4,2,3,5,0,58,7,4,3,2,6,2,0,4,3,7,2,1,3,0,2,4,1,0,3,2,5,0,2,20,2,1,11,0,0,1,1,4,2,2,4,11,0,0
6,1,3,1,11,0,1,5,2,2,2,3,0,3,7,1,2,5,1,14,6,1,6,2,5,1,0,3,2,1,4,0,0,1,0,1,16,1,1,3,0,5,2,0,0,2,0,1,14,3,1,5,5,0,4,1,0,2,2,4,4,1,0,1,8,2,1,10,8,1,9,3,0,0,4,1,0,0,4,15,3,0,7,11,1,1,4,2,11,10,0,0,7,2,0,1,5,3,19,1,12,0,7,9,5,3,1,1,5,2,2,3,1,0,1,7,2,9,2,2,2,3,5,5,3,1,0,5,13,0,6,4,1,0,40,1,0,4,41,7,1,0,0,1,0,9,3,5,0,0,0,0,1,2,0,1,3,0,0,2,5,7,13,1,0,10,6,8,0,2,2,0,4,0,6,1,0,0,0,8,10,1,11,2,10,6,17,12,2,1,1,3,0,0,0,4,3,0,10,1,0,2,2,1,4,1,1,3,1,1,2,7,1,0,0,0,0,59,11,3,8,1,4,1,1,16,1,12,0,3,2,1,2,3,1,0,1,7,1,1,4,5,2,5,1,0,1,3,1,1,1,0,8,11,6,1
1,0,3,0,11,0,1,1,0,1,3,1,2,2,3,0,4,10,1,17,8,0,4,4,0,3,4,0,3,0,2,3,0,6,1,3,4,5,3,4,0,11,0,0,0,0,0,2,10,1,1,1,1,0,2,2,1,1,0,0,1,1,0,2,8,0,1,10,8,3,6,2,2,0,2,3,5,8,2,12,1,12,0,8,3,3,4,1,12,9,2,2,1,5,3,0,4,0,2,0,1,0,6,8,3,1,0,1,3,0,2,4,0,0,3,7,6,4,1,2,4,2,2,2,1,1,1,0,10,1,9,6,0,0,0,4,1,4,6,3,0,2,3,5,1,10,4,6,0,1,1,3,0,0,0,3,2,0,1,1,13,12,16,1,0,8,10,6,1,1,4,1,0,1,11,3,0,0,0,8,8,0,9,0,19,4,2,8,7,2,1,12,7,2,7,1,4,2,10,0,1,1,7,1,0,1,1,4,2,2,3,14,8,0,2,10,1,56,9,5,5,5,0,0,0,4,1,10,1,2,8,1,1,1,2,28,1,1,15,1,2,20,2,0,26,1,2,0,1,1,3,1,14,10,0,2
0,1,7,1,6,0,2,0,0,0,1,1,0,1,4,2,3,7,1,26,9,1,2,4,6,0,1,0,0,1,2,1,0,0,1,0,19,1,2,2,1,11,0,1,0,0,1,2,11,3,3,2,2,0,8,11,3,2,3,2,5,2,1,0,10,2,0,15,8,0,8,5,0,1,1,0,2,6,3,12,1,6,4,11,0,1,1,3,12,10,1,5,2,3,4,0,4,1,2,1,7,0,21,7,7,1,1,2,8,3,2,2,2,1,1,2,8,11,1,2,4,1,2,0,1,1,0,1,17,6,8,5,1,1,0,1,0,2,8,9,1,1,4,3,0,11,4,5,1,4,0,0,1,1,1,5,1,0,0,1,12,6,2,1,0,11,13,4,2,2,4,2,1,0,6,4,1,1,2,6,11,0,10,20,10,5,12,7,5,3,0,4,0,3,9,6,2,0,11,1,0,5,5,3,1,2,2,2,5,1,1,2,2,0,1,1,5,66,9,2,9,4,4,0,2,5,0,6,1,0,10,1,1,3,3,1,1,5,0,5,2,15,3,3,14,1,0,1,0,6,4,1,3,13,0,0
0,7,4,0,2,0,0,5,3,2,1,2,1,2,9,2,0,10,0,13,9,2,0,5,0,2,0,0,1,1,1,0,1,1,1,1,29,7,2,2,0,11,1,2,0,0,0,3,7,7,3,1,0,0,2,1,0,2,0,2,1,3,1,3,6,2,3,6,13,0,6,7,1,2,3,3,2,13,3,9,5,4,6,9,0,0,4,6,11,6,1,0,3,1,4,2,3,2,4,4,1,0,9,7,1,1,1,2,6,5,5,5,6,1,4,5,0,11,1,0,2,1,3,10,4,1,1,3,10,1,10,7,9,1,2,3,0,1,7,4,0,5,2,5,0,7,4,9,1,4,1,0,2,0,1,2,0,0,0,4,11,9,14,0,1,12,18,3,3,2,4,1,3,0,9,8,2,1,4,11,7,1,8,1,7,7,10,10,3,1,2,11,0,0,2,2,4,1,10,1,1,4,6,5,2,6,2,1,2,2,17,9,0,0,0,2,1,54,9,0,6,4,0,1,2,16,5,11,2,0,13,3,0,4,0,0,5,0,5,3,1,33,0,5,2,1,0,1,2,9,1,0,16,9,15,0
4,1,8,0,3,1,1,0,0,2,5,4,0,0,6,2,7,9,0,15,9,2,1,2,20,1,1,0,0,1,2,0,0,0,1,3,5,1,1,7,2,8,2,1,1,0,1,2,7,4,1,4,1,0,7,0,3,1,0,0,4,3,3,4,7,1,11,7,9,1,8,1,0,0,3,1,1,1,2,8,2,9,6,15,0,1,2,4,13,7,1,0,1,1,1,0,5,0,1,1,1,1,10,8,3,1,1,3,15,2,0,2,0,0,1,2,0,17,2,0,4,1,0,12,0,1,4,0,8,2,9,5,3,0,1,2,0,0,9,7,2,1,2,1,0,7,3,2,0,1,0,0,2,1,0,4,1,0,0,0,11,9,0,1,1,12,12,4,0,1,12,1,2,0,12,1,0,0,2,10,7,1,6,1,6,2,3,13,5,2,5,9,1,1,8,8,1,5,7,1,0,2,8,2,1,1,0,5,1,2,3,5,0,1,0,8,0,27,13,2,6,4,10,2,0,7,0,13,1,1,4,1,2,3,0,3,0,6,1,0,2,47,6,1,4,2,1,1,1,0,11,0,20,7,1,1
0,1,24,3,3,0,1,5,1,2,2,3,1,1,2,1,4,8,2,14,9,3,7,5,8,1,0,0,1,0,18,1,1,0,10,3,18,0,2,3,0,3,0,1,0,0,1,0,9,0,7,7,1,1,5,2,0,2,3,2,2,2,1,0,6,0,0,8,8,1,8,20,1,15,1,9,3,6,6,10,1,3,0,9,0,0,0,2,10,7,0,4,4,2,2,1,2,0,1,0,2,3,1,9,8,0,0,2,5,1,2,19,3,4,6,1,1,4,2,2,3,3,3,1,4,4,0,1,12,2,8,3,1,1,0,3,3,0,15,0,2,1,0,1,1,12,1,1,0,4,0,2,2,2,1,2,2,0,0,2,7,9,5,1,1,10,11,1,0,2,2,1,0,2,10,1,0,0,0,6,8,0,8,3,6,1,13,9,5,1,1,7,3,0,1,0,0,1,14,1,0,3,4,5,0,3,1,1,0,1,6,3,1,2,1,0,0,50,9,0,22,2,11,0,1,7,3,11,1,0,1,1,1,2,1,0,4,4,1,5,1,14,0,1,1,0,2,1,1,3,2,1,0,9,2,2
0,4,24,0,1,0,0,0,2,0,1,9,0,1,10,1,8,8,0,25,11,2,5,3,10,1,3,1,2,0,14,0,1,4,3,4,2,2,7,0,4,5,1,3,0,1,1,8,8,3,2,24,5,2,3,16,1,2,4,6,0,2,8,1,6,3,3,7,10,2,7,7,1,0,0,4,5,2,5,9,1,2,3,5,5,1,2,1,13,5,2,7,0,1,1,1,5,3,4,2,0,0,1,4,15,3,2,10,2,3,4,23,0,4,2,13,2,1,2,4,1,0,3,2,3,2,6,2,8,0,10,16,0,0,3,3,0,3,0,2,1,0,0,2,3,8,0,0,0,2,0,0,2,0,0,2,3,0,1,1,10,9,0,3,0,9,14,2,0,1,6,6,0,2,10,1,0,2,3,9,5,0,5,1,4,1,5,10,3,0,1,6,2,1,0,1,3,2,6,0,0,0,8,1,0,1,1,1,4,2,5,2,0,3,0,1,0,13,11,1,1,3,0,4,3,6,0,9,0,1,2,0,1,2,0,0,1,19,1,0,0,8,3,3,1,0,2,0,0,4,5,1,1,8,0,4
1,2,2,0,17,0,2,3,1,1,17,1,0,4,4,0,5,12,0,17,12,4,3,1,0,1,1,1,1,1,0,2,0,1,0,0,20,2,1,1,0,4,1,7,1,0,0,4,8,2,0,3,0,0,6,0,11,4,2,0,4,0,1,0,6,1,0,6,10,0,6,2,0,6,2,3,0,14,2,9,3,10,0,9,2,0,1,2,14,6,5,1,2,0,5,2,0,2,1,2,1,1,4,7,0,2,0,0,13,2,4,0,2,0,3,1,0,17,1,1,4,2,5,17,5,0,0,0,10,1,10,5,1,0,0,0,2,4,7,0,0,2,6,3,0,8,3,3,0,4,1,0,2,0,0,2,0,0,0,0,16,11,0,0,1,13,14,1,0,3,2,0,0,0,10,5,0,0,0,11,8,1,8,1,7,6,19,13,3,1,5,2,1,1,1,1,4,4,6,2,1,3,4,49,2,5,3,0,0,0,7,13,2,1,1,17,2,39,11,2,7,2,2,2,0,5,1,11,2,1,4,2,2,1,1,1,2,3,3,4,1,10,0,6,12,2,0,0,0,6,0,0,13,8,3,1
0,3,9,4,2,0,1,2,0,1,2,16,0,0,6,0,4,5,0,54,6,1,6,5,5,2,1,8,0,0,17,2,0,1,7,0,7,4,6,7,7,3,3,0,1,1,0,1,11,4,1,37,2,2,2,2,4,3,1,1,1,1,0,5,14,0,1,12,6,2,11,2,1,0,0,0,2,2,3,15,3,0,0,12,1,2,2,1,9,12,2,0,2,0,0,5,14,0,0,2,0,7,0,21,11,0,1,5,3,2,7,8,1,2,5,6,0,0,4,1,0,6,1,9,5,0,1,0,11,0,5,5,2,2,0,6,0,1,2,0,1,0,1,0,4,14,2,4,0,6,0,3,2,1,0,1,2,0,0,3,6,5,0,5,1,8,6,3,0,2,0,3,0,1,4,3,1,0,3,6,12,2,11,1,11,3,0,6,0,2,3,19,2,1,0,1,0,1,19,2,2,0,1,0,1,0,3,2,1,2,3,4,0,1,0,3,2,15,6,2,4,1,0,0,1,6,1,10,0,4,6,0,1,4,0,7,2,19,0,0,1,4,0,1,0,2,11,2,2,5,1,0,1,12,0,2
1,4,11,2,4,1,5,6,0,3,18,8,1,1,2,0,4,9,0,27,4,3,6,4,2,1,4,0,3,4,6,9,0,2,0,2,4,0,15,0,0,4,5,2,0,0,0,0,12,0,3,4,2,0,7,20,12,0,2,0,1,0,5,0,12,3,1,15,5,0,14,2,1,0,0,4,2,8,10,16,1,2,2,14,3,6,7,3,5,12,1,5,14,1,6,0,7,0,1,0,1,9,1,11,5,4,1,8,1,1,0,10,3,3,1,5,3,3,0,0,2,2,1,3,2,3,3,5,17,1,4,10,2,2,0,0,1,2,0,1,1,0,3,0,4,14,1,17,0,1,0,0,3,1,1,2,0,1,0,1,6,12,0,3,0,10,7,0,1,0,3,3,0,0,6,2,1,7,0,4,11,1,11,0,10,2,0,5,4,0,4,0,1,0,1,1,2,2,12,2,4,3,4,2,1,3,1,2,2,3,8,0,0,4,0,2,0,19,9,1,7,0,2,2,0,5,0,8,0,8,19,2,5,3,0,4,6,13,0,3,0,9,0,4,3,1,3,2,0,13,10,0,5,16,1,9
1,2,25,2,4,1,1,2,4,4,0,4,2,2,5,0,3,6,0,74,6,2,6,0,11,1,0,1,2,1,2,0,0,0,3,0,7,3,1,2,0,6,0,3,1,0,0,8,11,1,4,3,1,0,7,0,1,6,3,1,2,12,1,0,12,34,0,9,6,0,11,5,0,1,0,6,1,2,4,10,5,0,1,11,6,3,9,1,5,10,8,6,12,3,3,1,8,0,1,2,4,4,5,14,8,1,0,3,8,1,3,4,1,3,1,10,3,3,3,4,2,4,0,3,1,6,2,7,12,1,5,4,0,0,0,3,0,1,0,0,1,1,4,1,6,13,0,1,0,4,0,1,1,5,0,2,0,1,0,0,7,5,2,0,0,5,7,2,7,4,2,2,0,0,6,3,1,0,0,7,10,2,11,1,9,2,1,9,4,1,4,4,0,1,1,1,1,0,11,2,0,1,4,3,3,2,0,1,1,1,2,1,1,0,1,1,1,23,5,1,6,3,2,0,1,3,0,9,3,21,2,1,8,2,2,2,3,33,1,0,3,10,1,4,0,0,1,0,1,1,0,2,4,12,3,5
0,2,7,0,9,1,1,2,3,4,1,1,0,0,3,0,2,3,2,28,4,3,4,1,2,1,2,0,0,0,2,1,0,3,0,1,14,0,0,2,0,6,2,1,0,0,2,3,14,2,4,4,1,0,4,0,1,0,0,0,0,0,0,5,12,0,1,9,3,1,13,11,0,0,2,1,1,5,4,13,7,10,4,16,3,1,3,2,9,11,2,0,6,0,1,0,4,0,5,0,0,0,34,17,5,1,2,5,9,2,2,3,0,0,1,20,2,11,1,1,7,6,0,10,1,3,0,1,12,0,4,7,0,0,2,2,0,0,18,6,5,0,4,1,1,12,1,7,0,2,0,0,2,1,0,3,0,0,0,0,6,5,5,0,4,7,6,3,1,1,1,3,3,0,4,1,0,0,1,3,12,1,12,2,11,2,8,5,4,0,2,1,0,2,5,1,4,0,25,0,0,4,2,1,2,0,4,1,3,2,2,5,0,0,2,0,0,49,4,0,22,1,1,0,1,19,0,11,0,1,4,0,1,0,5,1,3,4,0,1,0,12,1,1,5,0,0,0,1,3,3,0,12,12,3,0
0,1,17,1,1,2,2,3,2,7,7,1,1,1,6,5,2,10,1,44,8,3,5,2,1,1,2,0,8,0,6,0,0,1,5,14,6,4,3,0,1,3,2,0,0,1,0,2,10,2,2,7,0,0,2,0,6,0,4,0,1,6,2,5,11,0,1,7,8,1,8,1,1,3,0,1,0,0,1,12,1,0,2,10,0,1,3,0,15,9,1,0,21,4,0,0,7,0,0,1,4,1,4,9,1,4,0,2,4,0,1,2,0,2,2,6,0,4,1,0,2,1,0,8,3,2,7,0,22,0,10,4,0,1,0,2,1,4,0,0,1,9,1,1,4,8,1,0,0,7,0,1,1,0,0,2,4,0,0,1,6,8,2,0,0,9,8,4,1,1,0,4,1,0,7,4,0,2,0,11,9,2,10,0,7,2,0,11,3,2,3,5,1,1,0,2,1,2,10,3,0,3,3,0,0,4,3,4,0,3,10,3,0,1,2,0,0,34,13,5,8,1,1,1,0,8,0,10,0,21,5,0,2,3,0,0,1,37,1,1,2,7,1,1,3,1,8,4,0,3,0,1,1,9,4,5
0,3,7,0,4,0,1,3,2,0,2,0,0,0,5,1,0,5,1,20,5,0,6,0,0,0,0,0,3,1,2,2,1,0,1,15,33,0,0,5,0,5,0,12,1,1,0,4,10,3,0,5,2,1,3,2,6,5,2,1,2,2,2,3,13,1,0,11,4,4,11,9,0,11,3,1,1,3,1,13,8,11,1,13,0,3,1,2,5,13,2,1,5,2,0,0,6,0,1,2,2,1,0,8,6,1,0,4,2,2,6,2,0,4,5,1,2,13,0,1,3,5,0,4,1,1,3,2,12,0,4,10,1,2,1,3,1,2,4,6,0,7,0,1,1,13,3,2,1,0,0,0,3,3,0,2,3,2,1,1,9,11,4,3,1,6,11,1,1,2,1,6,0,0,4,1,1,4,2,4,10,3,13,1,11,2,5,6,4,3,1,6,0,2,3,4,5,2,14,1,0,2,3,2,0,4,6,2,2,0,2,26,5,0,16,1,2,60,7,5,7,0,0,2,0,9,4,12,0,5,20,0,4,0,0,1,1,2,3,1,2,14,0,1,2,1,0,2,1,3,0,1,6,14,7,0
6,0,5,1,8,0,2,9,1,0,2,0,9,2,1,2,2,6,2,25,7,2,2,6,2,1,0,0,1,0,1,2,2,3,1,1,5,3,7,1,2,9,2,1,0,0,1,3,10,4,2,4,1,0,5,1,2,0,1,1,2,0,2,1,9,2,0,15,8,12,7,29,1,1,2,1,1,16,0,9,3,8,2,10,1,2,1,1,12,9,5,2,5,1,6,1,5,0,1,1,1,0,9,5,2,2,2,1,4,3,3,1,8,2,1,4,5,11,5,0,5,0,1,13,4,1,2,1,13,2,6,3,3,0,1,0,0,0,7,2,3,2,7,3,1,9,0,4,1,1,1,1,0,1,0,0,4,1,0,1,8,8,5,0,3,6,10,1,0,3,3,1,5,3,7,4,0,0,2,8,10,0,9,5,23,1,8,9,6,1,6,7,1,4,3,2,3,2,13,2,0,7,4,1,1,3,6,5,1,3,2,31,3,0,0,2,4,61,11,1,8,1,3,1,1,7,1,12,0,1,4,1,0,0,1,3,0,6,0,0,3,15,8,1,4,1,0,2,2,1,2,0,6,13,0,0
1,7,1,3,4,1,0,11,0,5,1,3,3,0,2,0,0,9,0,22,5,3,1,5,0,2,1,0,0,1,2,2,1,1,1,2,6,10,6,7,1,11,2,2,1,0,1,1,12,2,2,1,1,1,5,1,1,3,3,1,1,1,1,0,10,2,8,9,6,1,8,4,1,1,0,1,4,14,2,15,0,8,1,12,2,2,8,6,12,11,2,1,6,2,6,1,2,1,0,4,1,0,2,8,1,7,0,3,0,8,5,15,1,4,0,3,4,6,1,2,3,5,1,9,5,1,0,2,11,2,5,4,3,0,0,4,1,1,12,1,1,1,5,6,2,12,1,8,1,0,0,0,2,1,0,7,4,0,0,1,7,9,8,2,1,6,8,3,0,1,0,0,1,1,5,2,1,0,4,6,11,0,12,3,9,1,1,8,3,5,0,5,3,1,4,3,2,5,15,3,0,2,3,1,1,4,11,1,1,5,2,11,3,0,12,3,2,63,13,0,6,1,4,1,2,12,3,8,1,0,1,0,0,3,3,1,0,0,3,11,1,30,0,0,2,1,0,1,7,7,0,0,17,19,0,0
1,3,4,2,24,0,0,2,3,1,8,0,16,2,2,1,9,4,0,14,2,2,2,2,2,3,2,1,4,2,6,4,0,3,1,0,0,1,1,3,3,1,3,0,1,3,3,41,33,2,3,3,1,0,6,1,2,1,6,2,0,1,6,1,9,2,3,8,2,0,11,2,0,1,0,3,1,2,3,11,2,0,0,10,0,0,6,2,7,10,2,1,3,2,0,2,7,0,3,2,2,0,1,8,2,2,3,1,5,0,1,5,2,3,1,0,4,0,1,0,3,2,1,0,0,3,2,5,13,9,2,6,1,4,1,4,1,2,11,1,3,0,11,6,0,12,1,2,0,36,0,3,4,3,4,2,5,6,2,2,6,3,0,1,0,2,5,1,2,3,3,1,5,0,2,3,1,0,2,2,11,0,10,3,11,2,1,2,0,6,1,3,2,3,1,0,0,2,20,3,1,7,6,0,1,4,0,1,2,2,1,3,0,16,15,1,2,17,7,1,16,1,4,7,1,1,0,3,0,1,3,0,12,1,1,1,2,7,0,0,0,6,2,4,1,4,1,0,1,3,1,0,3,13,1,2
5,2,8,0,8,0,0,4,1,0,1,5,3,1,0,0,5,7,2,26,7,14,5,0,4,0,2,2,2,3,4,1,1,0,1,5,11,1,3,0,2,11,2,2,2,1,0,2,10,1,0,5,0,1,5,2,3,2,2,4,2,1,4,1,7,1,0,28,5,1,11,6,2,1,1,1,2,11,3,12,3,3,2,13,0,1,2,2,14,10,0,0,4,0,3,2,3,1,1,1,2,3,31,6,1,3,0,4,4,3,2,3,1,2,3,4,12,12,3,1,3,4,4,8,1,0,1,1,16,0,7,5,0,2,0,2,0,1,27,12,0,0,0,3,0,8,2,9,0,0,2,0,1,1,0,2,2,0,0,0,8,9,0,2,1,6,11,1,2,1,3,0,0,0,7,4,3,0,3,5,9,0,10,5,7,4,3,9,2,3,3,1,0,5,9,4,2,1,21,1,1,8,8,0,1,5,4,1,2,1,8,8,0,0,5,0,3,71,11,0,27,3,11,2,6,12,0,8,3,5,3,2,1,0,1,2,0,11,2,1,1,22,5,3,0,2,3,1,1,3,2,0,9,12,0,0
2,1,33,0,1,1,0,1,1,0,5,7,1,1,6,1,9,9,1,60,11,4,5,3,3,0,2,2,1,1,2,0,0,0,1,5,26,0,3,0,1,3,3,2,0,0,1,2,11,0,2,2,4,0,2,0,11,2,5,2,1,0,2,3,9,4,0,10,7,1,7,11,0,2,0,4,1,1,1,14,2,2,1,10,3,0,5,1,9,11,3,4,10,1,4,0,5,0,0,1,0,5,5,10,5,1,2,2,1,0,1,8,4,2,6,2,3,3,0,5,1,1,1,3,2,1,1,2,11,0,8,4,1,0,0,1,1,5,0,0,0,0,2,2,7,11,1,0,0,0,3,0,1,1,2,1,0,1,0,0,9,9,4,3,0,9,13,0,0,3,0,1,1,0,7,0,1,1,0,7,10,0,9,2,8,1,0,8,13,1,7,13,3,2,0,2,2,2,11,1,1,2,3,8,4,5,1,1,1,0,8,10,0,4,0,1,5,14,9,2,7,3,1,8,4,5,0,16,0,2,2,0,0,3,1,0,0,2,0,0,1,9,2,3,0,0,1,0,0,4,0,0,0,10,1,1
0,5,3,0,2,2,4,3,0,2,7,1,3,0,4,2,3,11,0,28,11,5,11,4,1,1,3,0,1,0,2,0,1,0,2,0,4,1,3,0,0,3,0,8,0,0,0,0,20,2,0,4,2,0,1,1,1,0,1,1,2,3,2,1,9,2,1,9,11,8,10,7,0,0,4,1,2,9,2,11,18,4,0,9,2,0,3,2,15,8,1,0,3,1,0,0,6,0,2,2,1,0,29,11,2,0,0,3,7,4,0,0,2,0,4,0,0,7,1,1,7,2,4,4,7,2,1,0,10,0,10,5,6,2,0,1,1,1,19,6,2,1,1,2,0,6,3,7,2,0,0,0,0,0,0,2,0,0,0,1,11,13,10,0,0,12,13,3,0,1,1,1,0,0,9,2,0,1,0,9,6,0,7,0,6,3,0,9,2,2,4,1,0,0,4,2,3,1,8,2,2,7,9,4,9,0,1,2,1,2,29,8,1,0,2,0,14,57,11,5,8,5,0,1,1,0,0,12,1,1,1,2,1,2,0,0,2,4,1,3,0,42,1,9,6,5,1,3,0,2,2,0,2,7,0,2
0,4,5,0,0,3,0,7,2,2,1,3,3,0,5,1,3,7,0,30,5,3,5,2,0,2,3,2,1,0,4,1,0,2,4,0,12,2,1,0,1,19,0,2,0,0,0,2,11,1,2,11,1,0,6,0,6,3,0,3,2,15,0,0,12,2,1,24,5,1,9,3,1,2,1,7,1,11,3,12,10,6,7,12,3,1,3,2,7,11,6,3,4,3,2,1,10,0,2,2,1,0,13,13,0,3,1,5,18,3,6,5,0,3,3,3,0,8,2,1,6,3,0,5,3,0,0,0,18,0,6,7,0,1,1,4,0,1,9,1,0,0,1,4,2,12,3,5,1,0,10,0,0,0,1,4,4,0,0,5,8,7,0,0,0,7,10,4,0,3,7,2,1,2,7,2,3,1,2,8,12,0,12,6,11,5,3,11,6,2,1,8,0,2,1,0,3,4,12,1,0,1,4,0,6,5,5,4,0,2,1,16,2,0,0,0,1,49,5,2,2,2,3,0,1,7,0,7,0,0,1,0,0,2,3,0,0,5,3,2,2,24,1,0,1,0,1,4,0,1,1,1,5,14,0,1
1,1,22,1,0,0,2,2,1,0,6,5,0,5,6,0,6,5,1,32,8,5,3,5,4,0,7,1,0,3,6,3,2,5,3,0,2,0,5,0,4,6,3,0,1,1,1,1,15,0,1,20,1,4,9,7,1,0,3,1,2,1,0,2,9,1,0,12,4,3,15,3,0,1,0,3,3,1,2,15,1,2,0,13,2,0,0,0,13,12,1,1,4,4,0,0,9,2,5,1,15,0,6,11,2,3,3,21,0,0,0,9,1,0,2,6,0,4,1,1,3,2,1,9,6,2,6,0,11,1,9,8,0,0,2,0,3,5,4,2,2,3,4,0,3,10,1,1,0,2,0,0,3,0,1,5,0,1,0,2,5,7,2,3,1,5,5,4,4,1,5,1,0,1,4,3,4,4,0,9,14,2,8,3,9,1,3,7,6,0,5,4,4,2,2,4,0,1,13,3,0,1,5,2,19,3,3,5,1,2,4,5,1,0,2,3,1,29,13,0,5,2,1,2,0,6,1,5,2,3,3,1,0,1,0,0,4,12,2,0,1,10,1,0,1,0,2,0,1,0,0,0,4,23,0,4
5,1,6,0,0,1,2,4,1,3,1,1,1,1,1,1,2,7,2,28,5,3,2,0,0,2,1,0,1,1,5,0,0,1,2,4,11,2,0,1,1,9,0,0,0,0,0,1,11,0,0,7,1,0,4,0,6,5,1,2,0,0,0,0,11,1,0,6,6,9,10,21,2,2,5,2,2,13,4,11,7,1,3,15,1,0,5,2,9,11,1,1,3,1,7,1,6,0,0,6,2,3,12,10,7,4,0,8,12,1,4,3,3,0,5,3,0,11,5,2,4,2,0,15,2,1,0,2,16,0,6,3,1,1,0,3,0,0,22,0,1,0,3,2,0,11,1,1,0,0,17,0,0,0,0,5,2,0,0,4,9,7,3,0,1,6,8,3,0,3,5,0,0,0,5,0,0,0,3,5,11,0,11,6,12,5,1,8,3,0,3,5,1,0,8,2,0,1,14,2,1,0,5,8,0,11,2,1,2,1,7,28,1,0,0,3,1,61,7,10,3,0,1,1,0,9,0,9,0,2,2,0,5,3,1,0,3,10,0,1,2,12,2,0,1,1,1,2,0,8,1,1,1,12,3,1
3,0,26,1,2,1,5,1,3,2,0,10,2,0,1,2,3,7,0,74,6,5,10,3,10,3,1,0,1,0,11,0,1,5,3,3,20,0,5,3,1,2,1,1,1,0,3,6,13,1,1,3,6,1,3,0,2,0,2,5,2,1,2,0,14,7,0,13,6,0,10,2,1,0,1,8,3,1,3,16,4,2,0,12,1,1,2,1,12,9,14,4,46,2,3,4,7,0,0,0,1,4,2,8,10,1,4,8,12,0,0,2,1,2,1,8,1,3,9,6,1,1,0,4,0,7,1,1,10,0,6,4,0,0,0,1,1,0,1,0,1,1,0,1,2,13,3,0,0,2,1,0,0,0,0,2,1,0,0,0,7,7,1,0,0,6,6,1,0,3,1,2,0,1,6,0,0,0,0,6,10,0,9,1,9,1,1,8,2,0,1,3,0,2,0,6,4,0,11,5,1,0,5,1,1,3,3,2,0,0,17,6,1,3,0,4,1,16,10,1,9,2,2,7,2,9,1,9,0,26,0,3,1,1,0,0,1,17,0,1,0,7,0,1,2,1,1,0,0,0,1,0,0,13,7,2
0,8,2,1,1,2,4,1,2,1,1,2,0,0,3,0,4,6,0,15,9,9,3,2,1,2,0,3,0,0,4,1,1,1,0,1,10,1,2,3,8,2,0,1,1,1,0,5,9,3,2,3,0,3,1,1,3,10,1,3,5,1,0,0,6,0,1,10,12,0,10,0,0,0,1,5,0,12,1,21,2,6,0,10,0,0,2,1,14,10,4,2,1,1,2,0,3,0,25,1,0,0,11,8,0,2,1,6,2,3,0,1,5,2,5,23,0,5,7,5,1,4,0,7,7,0,2,1,7,2,9,5,2,2,2,1,3,0,1,0,3,0,6,1,4,7,0,2,1,0,0,22,8,1,0,3,1,0,0,25,7,9,0,1,1,11,9,3,1,6,2,11,1,1,15,2,0,3,2,8,19,0,8,7,6,1,3,9,2,1,2,4,1,1,2,0,1,3,12,10,7,3,1,5,0,3,2,1,0,1,0,2,0,1,0,3,0,15,11,1,10,2,2,1,3,4,2,9,0,0,3,0,1,1,0,0,2,5,0,2,0,10,2,12,2,4,0,0,1,2,2,0,3,11,1,0
2,4,6,0,8,3,0,13,1,3,1,6,1,1,0,2,4,8,2,27,7,3,1,3,1,0,3,0,0,0,0,1,0,0,0,0,12,8,2,1,1,9,1,1,0,0,0,4,9,3,0,1,1,1,3,2,7,8,0,3,0,0,1,0,8,1,0,9,8,7,10,2,1,0,1,2,1,12,0,9,1,2,4,9,3,3,4,3,12,8,1,3,3,3,3,5,5,0,2,19,0,1,3,11,1,0,2,3,1,1,6,4,2,1,0,0,1,8,1,3,4,1,2,8,3,1,0,5,12,4,9,6,1,0,3,7,3,2,25,2,0,3,1,2,0,9,4,5,2,0,14,0,0,0,0,0,1,0,0,0,9,13,0,1,1,9,12,2,0,3,2,2,4,1,8,5,1,1,3,7,9,0,9,3,7,3,2,10,6,0,2,4,2,1,6,1,4,1,20,1,0,1,3,1,1,2,3,2,3,1,7,17,0,1,0,0,1,56,9,3,9,4,5,1,0,6,0,17,0,0,1,0,0,3,3,1,3,2,2,1,1,5,2,5,10,1,0,0,0,2,0,0,7,9,0,1
0,1,12,3,0,0,0,3,1,3,1,8,1,1,1,0,3,11,1,51,8,1,1,6,7,2,2,12,0,1,8,1,0,0,11,2,5,5,4,13,7,2,0,0,0,2,0,4,10,1,2,5,1,2,3,0,34,13,4,2,2,1,0,2,7,0,0,14,9,2,10,2,0,0,0,6,1,3,3,13,2,1,1,9,0,0,3,8,11,8,1,3,1,3,0,1,1,0,0,3,2,0,1,8,8,5,0,6,3,1,0,10,0,0,1,2,0,3,4,2,3,3,1,4,13,2,1,0,12,0,8,2,0,2,2,3,1,8,1,2,0,0,2,2,3,10,3,3,1,4,0,0,4,1,4,0,2,0,1,2,7,10,0,0,0,8,11,0,0,2,1,2,0,0,10,1,0,3,2,12,9,1,10,1,9,1,0,8,0,1,2,8,1,3,1,1,0,0,10,5,2,0,6,0,3,1,0,0,0,0,4,0,1,1,0,3,3,13,11,0,7,0,2,3,0,3,1,8,0,2,4,0,1,5,0,0,2,12,1,5,0,11,3,2,0,1,1,2,8,1,0,0,3,10,3,4
0,0,2,3,0,0,0,1,1,1,0,2,1,1,1,0,3,9,0,18,9,2,2,1,0,0,1,1,1,0,3,0,0,1,1,22,16,1,1,1,1,9,1,16,0,0,0,3,13,2,1,5,1,0,7,7,3,1,3,1,0,2,2,0,8,1,0,7,9,4,8,1,2,3,1,2,3,2,1,8,0,14,3,13,0,2,0,1,12,7,0,1,5,0,2,0,3,3,1,2,5,0,19,5,1,2,2,3,12,1,2,1,0,1,3,0,7,21,1,2,2,1,0,1,2,4,1,3,12,0,10,7,2,0,0,1,0,8,5,12,0,1,1,5,0,7,3,7,0,3,1,1,0,0,0,1,3,1,1,1,12,9,1,3,1,10,19,3,0,2,3,2,2,1,11,4,0,1,1,12,7,2,9,2,6,7,5,10,7,3,2,8,2,5,7,0,7,2,14,2,0,3,4,1,1,7,2,1,1,0,5,5,2,1,0,0,0,56,14,0,5,3,0,7,1,9,0,14,0,1,4,1,0,0,2,0,0,4,2,1,0,11,2,0,1,1,2,2,1,7,0,0,2,12,1,1
2,7,8,1,5,2,1,5,1,3,3,2,1,1,4,1,2,8,0,18,8,4,3,1,2,3,2,1,1,0,2,0,1,0,2,1,22,1,1,2,0,9,2,5,0,0,3,10,11,1,3,4,0,0,2,1,3,2,2,1,1,3,0,0,6,0,1,47,8,2,9,24,1,8,1,3,0,14,1,10,3,11,0,8,1,1,2,0,10,5,4,1,5,4,2,0,3,3,1,0,5,0,17,5,3,4,0,1,4,0,3,3,4,1,0,0,1,2,4,2,5,1,2,9,2,1,6,3,10,1,9,2,0,0,1,3,2,0,1,0,1,0,3,1,2,5,3,5,0,0,2,0,0,2,1,1,1,0,2,1,9,8,0,0,0,9,12,3,0,4,2,3,2,2,9,3,0,0,1,7,5,1,6,1,8,3,4,10,6,0,3,11,0,2,4,2,6,0,10,1,1,1,6,0,1,0,0,4,2,2,4,23,0,1,0,1,1,48,9,0,6,4,4,0,0,7,0,14,1,0,7,0,1,0,3,1,1,14,1,6,2,8,1,1,4,2,1,4,2,8,1,0,9,9,3,1
1,3,7,0,1,2,6,2,0,2,1,5,2,3,1,2,5,6,2,33,7,5,1,3,6,2,0,0,6,0,2,10,0,1,2,2,5,2,1,0,1,14,0,1,2,2,3,3,11,0,3,3,0,1,5,17,2,0,2,0,1,0,1,0,8,1,1,14,7,16,11,0,2,2,2,1,5,0,11,13,12,3,11,10,6,0,5,3,7,9,1,0,1,3,2,0,3,1,1,0,5,8,5,3,3,3,1,3,2,2,5,0,1,1,2,1,3,2,0,2,1,0,0,0,1,1,0,6,10,5,7,11,2,0,0,0,0,2,1,1,4,2,8,2,0,10,2,3,0,2,0,2,8,2,1,4,2,0,3,1,4,9,0,2,2,8,10,0,1,0,2,2,2,5,7,2,1,16,1,8,9,0,7,2,7,2,1,10,4,1,2,2,1,1,0,0,0,0,10,1,0,2,5,0,2,2,5,0,10,0,1,0,0,0,0,3,0,14,8,0,3,2,2,11,1,0,2,10,0,6,39,1,3,2,0,2,1,6,0,2,0,4,1,2,1,2,7,1,2,4,20,0,1,11,13,1
2,6,5,1,2,3,2,3,5,2,2,2,0,1,11,1,21,11,3,19,10,2,4,1,1,1,1,2,2,0,12,6,2,0,3,0,5,2,1,0,0,5,2,2,0,0,0,4,8,4,5,3,0,1,5,0,2,0,2,2,4,4,0,0,6,1,1,9,10,3,9,1,3,0,2,2,2,6,3,11,7,2,4,8,1,4,2,4,9,6,2,4,5,3,5,0,5,0,0,1,4,0,5,8,1,2,0,2,4,2,3,2,0,5,1,1,0,2,2,0,1,2,2,5,3,1,5,1,6,0,9,5,3,0,31,2,4,1,12,4,0,0,0,1,1,6,0,7,0,2,3,0,2,0,0,3,2,0,0,0,9,11,5,2,1,11,14,5,9,1,2,3,1,0,7,1,1,2,1,8,6,0,6,1,11,5,2,9,7,3,4,7,2,1,18,3,3,2,9,2,0,3,4,1,2,6,2,2,0,4,23,6,1,0,0,3,2,49,10,1,6,5,0,2,0,10,2,12,0,3,3,2,0,5,0,0,2,3,1,0,1,15,4,3,2,0,2,3,0,5,2,2,19,7,5,1
6,1,7,1,2,1,2,2,1,1,4,1,3,2,3,1,1,5,1,15,8,1,2,1,0,1,1,0,0,0,6,0,2,3,2,5,22,3,0,10,1,4,1,8,0,0,0,2,10,3,1,6,3,0,4,0,3,0,1,0,6,2,0,0,7,0,1,11,6,6,6,3,0,1,2,1,1,6,2,12,6,2,2,11,0,0,1,4,15,7,0,1,6,0,2,0,5,0,6,5,0,1,39,11,1,1,0,1,6,4,3,5,1,2,1,4,8,3,0,1,2,5,4,5,1,0,2,1,10,0,8,8,1,0,0,2,1,1,13,1,0,1,0,2,1,9,5,3,0,2,1,0,1,0,0,2,0,2,2,0,13,11,0,1,1,9,9,1,2,0,1,3,0,0,7,1,0,1,0,6,9,0,8,1,7,4,10,12,3,2,5,0,0,3,5,1,2,4,15,1,3,1,2,1,1,1,1,3,6,2,17,19,0,0,2,0,1,57,9,2,9,4,2,1,1,18,0,7,3,0,1,0,1,3,0,1,1,3,0,0,0,4,2,0,14,2,0,4,2,4,3,0,3,9,0,0
0,0,23,13,0,1,2,4,11,0,3,11,2,1,8,0,2,5,0,34,6,0,12,0,3,1,0,0,0,2,6,1,0,0,4,1,2,20,1,0,1,4,3,1,2,4,1,7,14,4,3,7,2,0,6,0,0,2,1,2,0,1,4,2,14,0,1,13,3,2,13,12,1,1,3,3,2,1,2,20,1,0,6,15,1,1,12,4,8,22,7,6,20,0,6,1,4,1,0,0,1,3,0,10,7,0,0,16,1,1,2,2,2,4,2,0,6,3,6,1,1,3,1,2,1,1,2,6,24,0,3,7,0,0,7,12,0,0,1,0,0,1,0,0,8,14,1,1,0,0,3,0,3,0,3,0,3,1,1,0,5,8,0,2,2,7,3,1,0,3,0,6,4,0,4,1,0,2,1,3,12,0,13,1,14,0,2,3,1,2,2,1,0,3,1,5,0,0,16,6,0,0,3,4,0,1,1,3,0,1,7,3,0,1,1,2,0,18,8,0,4,2,1,8,1,2,2,12,0,3,2,1,1,2,0,1,0,11,0,1,0,9,1,1,4,0,4,2,0,3,3,2,0,16,1,0
2,5,16,0,2,0,1,4,0,4,0,5,2,1,5,2,2,6,0,31,6,1,6,4,1,0,1,1,0,2,1,4,0,1,1,6,7,1,1,0,2,10,0,0,0,0,0,2,13,2,1,5,5,3,2,3,1,1,0,1,2,2,2,0,13,2,0,12,6,6,13,0,1,0,1,3,1,9,1,15,5,6,3,13,0,0,1,2,10,13,3,2,6,6,6,0,2,1,2,0,6,1,1,6,0,1,2,0,2,0,6,2,0,4,0,1,9,1,1,0,1,1,2,1,2,1,7,0,16,1,5,6,5,0,0,4,0,1,2,0,0,0,1,3,0,13,3,7,0,0,0,0,1,0,0,1,2,1,0,1,6,3,20,1,1,4,7,2,0,3,1,0,0,0,3,3,1,0,1,5,13,1,12,5,12,2,1,8,5,1,4,7,2,4,4,1,6,0,15,1,0,2,4,1,0,2,1,2,1,0,38,4,0,0,1,1,0,64,4,0,24,1,5,0,3,2,2,5,0,1,8,4,1,1,1,0,1,7,2,2,2,14,1,0,3,0,0,0,1,10,0,0,0,13,0,0
1,1,8,1,1,1,0,2,0,0,1,2,3,3,2,0,2,3,0,16,4,0,1,0,5,1,1,1,1,1,5,0,0,0,2,2,31,1,0,2,0,5,1,1,1,0,0,5,13,0,0,8,1,0,4,2,3,2,0,1,0,3,2,3,12,4,0,8,7,5,12,21,0,1,0,0,0,10,1,14,3,8,1,17,0,0,2,7,7,11,0,0,7,4,4,2,2,0,0,1,3,1,7,13,2,2,0,1,0,3,0,1,3,6,1,3,4,9,0,3,1,0,2,1,3,2,0,2,14,0,5,9,2,0,0,1,0,3,5,11,1,0,1,4,0,14,0,3,0,1,0,3,1,2,0,2,2,0,2,0,5,5,6,0,0,4,5,6,1,0,2,1,0,0,4,2,0,1,1,3,13,1,14,2,11,1,0,5,5,2,0,1,0,2,13,1,3,4,14,1,1,5,1,1,2,2,1,0,5,2,6,1,2,1,0,0,0,50,4,7,4,1,2,3,2,13,0,11,0,2,1,1,0,0,2,0,0,4,2,1,0,7,0,1,10,0,4,0,2,2,0,2,0,18,1,0
0,1,5,0,6,0,0,5,1,1,3,1,0,1,5,0,1,8,0,16,8,1,1,3,2,1,0,0,0,0,1,0,1,1,0,1,26,3,1,5,0,8,2,6,0,1,0,2,8,1,3,8,1,0,2,1,4,9,0,0,0,0,0,1,7,0,1,8,9,6,9,3,0,2,1,1,1,8,3,8,4,1,5,9,2,1,2,2,10,8,1,38,2,1,3,0,2,0,0,2,0,0,5,7,1,2,1,0,5,1,2,2,1,2,3,5,3,10,5,0,3,2,2,13,2,1,0,3,7,1,9,2,0,0,0,1,2,0,21,4,0,0,0,2,0,7,12,6,1,1,1,0,0,1,0,1,2,0,0,0,10,9,1,2,2,11,12,6,0,2,0,2,0,1,9,3,1,0,0,8,7,4,10,0,7,4,2,10,2,0,3,5,1,1,6,0,1,0,8,0,2,8,6,1,0,3,1,0,6,3,6,9,3,2,0,0,0,35,8,0,1,3,7,1,0,11,1,13,0,1,5,1,3,4,1,0,1,2,2,0,2,21,3,1,7,1,0,0,0,3,0,0,13,8,1,0
2,1,34,2,0,0,2,2,1,5,2,6,0,1,1,3,5,6,1,60,4,2,2,0,4,3,2,0,0,2,7,0,2,1,0,3,7,1,3,1,2,1,0,0,0,0,2,0,10,0,0,3,1,1,1,3,5,2,0,0,0,0,0,0,17,0,0,12,6,6,9,1,0,1,1,5,1,0,3,11,1,0,0,12,2,0,1,4,9,11,0,3,38,1,0,0,7,0,1,0,2,1,2,9,4,0,0,4,3,0,0,2,0,0,0,3,1,1,2,0,0,5,1,4,0,0,4,1,11,0,5,8,1,0,3,9,0,0,0,0,0,3,2,3,0,13,0,1,0,6,0,0,0,1,0,1,2,0,0,0,6,5,0,1,0,5,7,0,1,7,2,3,0,0,5,0,0,4,3,4,10,0,14,3,10,0,2,8,1,3,4,22,0,3,0,2,1,1,16,2,0,1,2,0,0,0,4,3,1,0,1,1,0,9,1,5,1,14,11,0,3,2,1,4,2,2,0,7,0,26,2,0,2,4,0,0,7,17,1,0,0,12,5,2,0,1,13,3,3,1,1,0,2,12,10,4
0,1,8,1,2,0,0,2,2,6,1,1,0,2,1,4,1,9,1,26,6,0,3,8,0,2,3,0,1,0,3,1,2,1,2,4,19,5,2,6,0,3,0,3,1,1,0,6,12,1,2,2,0,1,3,0,2,1,2,2,0,1,3,1,10,3,0,9,7,2,10,11,2,21,1,4,0,4,1,15,1,2,8,12,0,0,1,0,9,10,0,2,1,3,4,4,3,3,0,0,2,1,7,9,12,4,1,6,3,2,6,3,5,2,1,9,0,7,0,2,6,2,0,26,3,6,1,2,11,1,6,9,1,0,1,0,0,1,4,1,0,1,2,3,0,10,0,2,1,0,0,2,0,2,0,4,0,0,1,1,8,10,0,1,0,6,10,2,0,3,2,1,7,2,7,3,1,1,2,6,12,2,10,1,10,2,8,13,6,0,2,6,1,0,0,2,3,1,11,1,1,6,4,5,4,4,4,1,0,0,7,38,2,0,0,0,1,65,7,2,4,2,4,1,0,10,0,11,1,0,1,1,0,2,0,0,4,3,1,2,1,17,1,1,1,0,2,2,1,7,0,0,7,11,1,1
2,2,20,0,1,0,0,6,2,1,1,17,1,0,2,1,4,6,0,20,8,3,4,6,7,1,1,0,4,0,11,0,0,9,6,1,7,2,3,7,5,2,1,2,1,0,0,1,11,1,3,14,3,1,2,4,4,1,3,3,4,1,1,1,6,5,0,47,8,0,9,16,1,3,0,1,1,4,1,13,1,0,0,12,3,0,3,2,8,8,3,0,4,2,3,2,2,1,0,0,1,2,12,6,4,0,0,8,1,1,1,7,4,2,1,4,2,11,3,2,2,4,0,5,4,1,0,1,10,0,8,3,0,1,0,6,1,2,13,4,1,1,1,1,3,11,1,1,0,1,0,1,3,1,0,0,3,0,2,1,5,9,2,0,2,10,11,6,0,8,1,2,0,0,7,1,0,0,4,6,6,1,7,1,8,3,2,12,1,1,1,8,2,2,1,1,0,0,11,8,0,6,9,6,0,12,4,0,1,1,3,1,7,2,0,2,1,59,13,1,11,2,4,6,4,5,1,10,0,1,2,1,3,2,4,0,5,4,1,5,0,12,3,2,2,2,0,1,1,6,1,0,2,10,4,0
4,5,9,3,4,4,3,4,0,2,0,9,2,0,4,0,23,9,2,22,10,2,1,7,4,1,1,1,0,2,3,0,1,1,1,0,5,2,0,2,0,4,0,0,0,0,0,0,8,0,1,0,0,2,3,2,2,0,1,1,1,2,0,0,7,1,0,8,10,12,7,1,0,1,3,2,1,16,1,12,17,5,3,10,0,0,7,1,11,9,4,0,2,1,2,0,1,2,4,0,2,0,5,9,0,10,0,0,7,4,6,6,5,1,2,0,1,5,0,0,6,0,1,6,3,1,2,1,7,13,9,1,1,8,1,3,1,1,7,1,2,1,3,0,0,7,1,5,0,2,2,0,3,2,0,0,4,0,0,1,9,8,1,0,1,11,10,3,0,1,3,1,2,0,9,3,1,0,0,10,7,1,7,3,7,4,1,10,2,2,4,4,2,0,7,2,1,0,9,1,0,1,7,2,0,4,3,2,5,4,1,5,2,1,2,0,3,41,13,6,10,5,2,2,0,1,0,8,2,0,1,0,4,6,0,3,1,2,6,2,1,9,2,2,1,3,0,1,1,3,2,1,6,8,1,1
4,4,5,1,5,1,0,8,3,0,2,3,2,1,4,0,3,9,2,24,6,0,9,2,3,1,1,0,0,0,4,0,0,1,2,2,13,0,2,0,0,9,2,3,0,0,0,2,9,2,2,4,1,1,1,0,2,5,2,1,1,1,0,0,7,2,1,7,9,13,11,7,1,0,3,2,1,8,2,11,31,2,1,13,0,0,5,2,10,8,1,0,5,0,1,4,3,0,3,0,2,1,3,7,1,3,0,9,3,2,6,0,2,2,1,2,1,7,1,1,1,2,2,4,3,0,0,1,11,1,6,7,0,0,0,0,1,0,30,2,0,0,3,3,0,9,3,5,0,0,7,1,1,0,1,2,1,1,0,1,10,7,0,1,2,11,8,0,0,0,2,2,1,0,6,4,0,1,0,6,8,2,8,0,9,2,1,6,4,1,6,0,1,1,6,3,4,2,21,1,1,3,6,0,2,2,1,5,2,1,0,32,2,1,0,3,0,48,8,1,4,4,9,2,0,1,0,11,0,2,1,0,1,1,3,2,1,5,0,1,2,5,0,1,1,3,0,6,4,2,1,2,21,9,1,5
0,2,43,1,0,0,0,3,5,1,2,32,1,2,0,0,2,4,0,71,3,2,10,0,14,0,1,1,0,1,10,3,0,0,2,0,7,2,3,1,1,0,4,0,0,0,0,0,14,0,0,3,0,0,4,2,27,2,2,2,1,1,5,0,14,0,0,13,2,1,11,9,0,0,0,2,3,1,0,14,2,3,0,13,2,0,2,2,10,13,3,1,4,2,0,0,8,0,0,0,0,3,1,12,2,1,2,8,1,0,2,4,2,3,3,1,0,2,3,3,1,4,0,2,2,6,2,1,13,0,3,5,2,0,0,4,0,0,0,0,0,0,1,1,5,18,0,0,0,1,0,0,0,0,0,0,4,0,0,0,4,3,1,0,0,4,5,2,0,2,0,1,0,1,4,0,0,1,2,2,13,0,14,0,13,2,1,4,4,2,1,14,1,1,0,1,0,0,14,2,0,0,0,1,0,1,2,0,0,1,0,0,1,0,0,2,0,16,6,1,5,1,2,4,0,7,1,4,0,26,3,1,1,7,0,0,3,22,0,0,0,9,2,1,4,0,2,0,1,4,0,0,0,16,1,3
1,3,12,1,2,0,0,3,0,1,15,3,8,1,1,2,1,4,0,15,8,1,2,4,3,1,6,0,1,1,4,0,2,0,3,2,9,3,0,6,1,6,1,2,1,0,0,3,13,1,2,4,2,1,8,1,1,0,1,1,2,2,0,0,8,0,1,11,6,2,9,11,0,0,3,0,3,14,4,11,9,6,1,9,0,0,2,0,13,6,4,5,1,1,1,0,5,0,3,7,2,3,3,3,1,2,0,2,9,0,2,2,0,0,1,1,3,3,2,1,4,3,6,12,0,1,2,2,12,0,8,2,0,0,2,1,0,1,21,2,0,0,0,2,0,9,0,1,0,0,1,0,1,2,0,1,2,0,1,1,5,19,0,1,1,8,10,1,1,4,7,2,4,0,5,2,1,2,1,6,8,0,8,1,6,3,1,6,6,0,2,14,2,1,5,3,0,3,10,2,1,3,5,0,1,0,3,1,0,0,28,3,0,2,0,2,2,52,9,0,8,2,6,1,1,3,2,7,1,1,3,0,0,1,1,1,1,3,3,6,0,8,1,0,2,0,2,1,0,1,0,0,4,9,1,1
0,1,17,4,0,1,0,4,1,1,6,9,2,0,2,0,0,3,2,30,5,1,6,0,8,0,0,1,0,3,8,6,0,0,3,0,9,1,7,1,0,11,0,0,1,2,2,2,14,0,5,6,0,0,3,0,11,0,2,2,2,2,0,5,13,1,0,15,2,1,14,4,0,0,0,2,1,17,1,17,0,2,1,14,2,2,1,6,8,13,10,4,9,0,4,0,6,0,0,0,3,1,4,14,3,1,1,4,1,1,6,6,0,1,4,0,1,3,2,1,3,5,0,6,1,6,2,1,15,2,4,9,3,0,1,4,1,2,2,1,0,4,3,1,5,19,0,0,1,1,2,0,1,2,1,4,3,1,1,0,7,4,1,0,0,4,6,0,0,0,0,0,1,1,2,1,0,1,2,2,14,1,13,1,13,2,0,2,6,0,2,6,3,1,1,2,1,1,17,4,1,1,4,0,15,4,1,0,0,0,5,20,3,1,0,3,3,48,9,1,6,1,2,1,2,8,1,8,0,11,2,2,0,4,2,2,0,13,1,0,0,4,1,2,4,0,3,0,0,0,1,1,2,21,0,2
0,1,16,4,0,3,1,2,3,0,0,23,2,1,6,0,1,8,0,72,5,5,8,3,12,1,1,0,0,2,20,2,0,3,1,31,13,1,3,0,3,0,6,1,3,0,0,2,13,1,6,6,2,1,2,2,4,0,2,3,0,3,0,0,14,1,0,13,5,3,11,6,2,1,0,3,1,2,1,16,1,1,2,12,1,1,2,6,8,11,0,5,12,3,0,0,8,0,2,1,5,1,1,18,13,3,2,2,1,1,1,23,1,3,5,1,2,4,2,2,4,2,3,5,4,4,1,5,15,0,6,9,1,0,1,4,1,4,0,3,1,0,1,3,3,15,0,1,0,5,1,0,0,5,0,2,1,0,0,1,9,6,2,1,0,6,8,0,0,2,0,0,0,2,5,0,0,4,0,7,12,1,14,4,11,1,0,5,1,2,2,7,1,2,1,2,1,0,12,2,0,0,4,1,0,1,2,0,0,0,4,1,0,2,2,2,1,18,8,1,10,3,1,0,1,2,1,8,0,4,1,0,3,3,1,1,2,28,2,1,0,6,2,7,0,0,1,3,1,0,3,0,2,11,0,1
0,4,40,2,3,3,0,1,5,3,1,6,1,0,7,3,5,5,0,50,4,5,7,0,8,2,0,3,4,1,4,3,1,0,3,2,1,3,0,1,1,0,5,2,4,3,0,6,14,1,6,0,1,0,2,0,4,0,3,0,0,0,0,0,11,1,1,18,3,3,8,9,0,1,0,4,2,0,4,16,2,0,0,14,5,1,15,3,8,16,7,4,4,1,5,0,4,0,0,2,0,0,1,14,3,1,2,17,1,1,4,4,1,7,2,1,1,1,0,4,7,6,5,4,0,0,1,1,12,1,3,4,0,0,0,1,2,0,1,0,0,1,1,1,2,15,1,0,0,4,2,0,0,1,2,3,1,1,0,0,5,3,1,0,1,3,7,2,0,1,3,1,0,0,5,1,1,2,1,3,14,0,12,3,11,1,2,8,1,2,1,2,1,1,0,4,1,0,14,7,0,1,3,1,35,3,1,4,0,1,4,5,4,1,1,4,1,19,5,2,8,4,2,4,2,8,1,8,0,8,3,4,2,5,3,6,3,25,1,3,1,4,3,6,6,2,2,1,0,9,2,0,1,18,4,2
0,0,9,1,1,0,1,2,2,0,7,15,1,0,1,0,2,6,0,42,9,7,6,2,11,0,0,2,0,0,5,1,1,0,2,0,6,1,10,1,2,2,0,0,0,3,1,1,10,1,1,1,0,1,2,2,26,1,1,2,3,0,1,7,9,1,0,9,9,0,10,0,0,0,0,2,0,0,0,16,2,2,0,11,1,0,1,0,13,9,7,5,1,1,2,0,9,0,0,0,0,2,3,21,5,1,3,10,9,0,2,5,0,1,1,0,0,2,4,2,2,0,2,5,7,3,1,0,9,1,9,3,2,1,2,1,1,2,0,0,0,0,14,0,5,10,0,0,0,1,1,1,0,1,0,2,1,0,0,0,6,8,0,1,0,12,11,1,0,5,0,5,0,0,7,6,0,1,0,11,10,1,8,1,8,0,0,8,1,1,3,6,2,3,1,1,0,0,10,1,0,0,7,2,2,2,4,2,0,1,3,5,1,0,0,0,1,14,10,0,2,2,0,3,1,2,0,11,0,7,4,0,0,8,3,2,6,22,1,0,1,8,1,5,1,2,2,2,2,0,0,0,2,12,0,3
0,2,12,1,4,1,0,6,1,2,4,6,0,5,3,1,3,8,0,23,8,1,6,6,1,0,1,0,1,0,2,1,1,0,1,0,25,6,0,7,0,2,2,2,0,0,0,2,10,2,3,4,2,0,7,0,11,3,4,0,7,4,0,0,7,0,1,9,7,6,7,6,0,1,1,2,3,11,2,28,6,0,2,13,5,1,2,2,11,9,2,3,5,1,1,0,2,1,1,3,2,0,18,10,1,1,1,9,13,4,2,2,2,2,1,2,0,18,5,2,1,1,5,8,1,0,0,2,11,1,8,4,1,0,0,2,1,1,12,1,0,0,0,1,0,7,3,4,0,0,6,13,0,2,0,0,1,1,1,1,12,14,2,0,0,10,14,5,0,2,5,0,1,0,7,3,0,1,2,7,10,0,7,2,8,2,8,8,2,2,4,3,1,1,8,1,1,1,15,2,1,4,7,6,1,5,3,0,1,1,14,7,1,0,1,2,0,28,13,0,4,2,3,3,0,3,0,11,0,0,4,0,2,2,2,1,3,14,1,1,4,24,0,10,4,1,0,1,3,4,2,0,7,19,2,3
0,0,2,1,3,0,0,1,0,2,2,1,0,5,3,3,4,7,0,18,8,5,5,6,1,0,1,0,0,1,4,3,2,1,2,2,20,2,1,1,2,14,3,0,0,0,0,2,10,3,0,6,0,1,5,0,3,6,2,2,4,1,0,0,9,2,2,12,7,3,8,13,0,5,1,3,3,4,5,11,0,11,2,9,0,0,5,3,10,9,2,0,0,3,6,0,4,0,1,1,1,0,9,4,0,2,1,9,2,5,4,1,4,1,1,1,0,3,0,0,4,1,3,7,3,0,4,0,11,0,7,10,1,0,2,1,0,0,3,3,0,2,1,5,0,10,5,5,0,0,0,0,2,0,0,5,0,0,1,1,9,8,0,0,2,10,10,5,2,5,3,3,1,0,7,2,1,0,1,8,10,3,10,0,9,3,1,9,8,1,4,5,1,3,4,1,2,1,10,1,1,2,5,10,0,10,1,1,2,1,2,30,3,2,3,0,1,49,10,1,4,3,3,1,1,3,2,14,1,0,8,0,2,2,0,0,2,0,0,1,2,14,1,5,6,2,0,1,3,3,3,0,2,12,2,0
0,30,4,0,0,1,1,9,41,2,2,1,0,0,3,0,0,16,1,12,9,0,4,3,0,2,0,0,0,7,7,0,1,7,5,3,7,24,2,0,0,2,2,1,26,6,0,5,8,3,2,9,1,0,1,0,1,1,1,0,3,2,3,0,8,1,2,6,9,2,7,5,0,2,0,1,2,6,4,7,2,1,1,6,2,1,5,3,10,7,0,0,1,0,1,0,1,0,2,2,1,0,1,2,2,2,1,2,0,1,1,2,3,4,2,3,3,0,1,0,1,1,2,8,3,0,0,0,8,1,10,4,0,0,12,32,2,1,1,15,3,0,0,3,1,7,2,0,0,0,2,0,0,0,16,5,1,0,0,2,11,9,0,0,0,19,11,4,0,2,4,0,2,0,9,2,0,0,0,10,5,0,6,3,6,4,3,10,0,1,0,1,0,0,2,1,1,1,8,0,2,1,5,1,1,4,0,1,6,2,3,4,0,0,1,1,1,19,11,1,0,4,2,1,0,2,1,10,0,1,2,0,1,1,1,0,0,2,0,2,0,8,0,0,1,0,1,2,0,3,2,5,0,5,13,1
0,2,7,0,3,1,2,5,1,3,1,3,0,1,3,0,4,5,0,27,4,1,3,1,2,0,4,0,0,0,1,1,0,0,2,1,19,0,0,2,0,5,3,0,2,2,1,1,11,4,5,5,0,2,4,2,7,2,2,1,4,2,0,2,11,0,0,12,14,7,10,17,0,0,5,4,1,13,7,11,4,9,1,10,2,1,6,3,6,9,1,0,8,5,1,0,6,0,4,0,5,0,4,8,4,2,1,4,5,1,1,2,0,0,1,9,2,13,2,1,1,2,1,2,5,4,0,1,11,2,4,2,0,0,0,0,0,1,6,2,0,1,2,0,0,11,2,4,1,0,1,1,1,2,1,2,1,0,1,0,11,5,11,1,5,8,7,4,0,4,3,3,1,1,5,1,0,1,2,4,11,3,10,1,10,4,2,5,2,1,1,9,1,1,3,1,4,0,10,1,0,1,4,5,1,6,2,0,1,1,16,3,1,2,1,1,1,49,10,3,10,1,2,3,0,4,1,8,2,0,12,1,1,2,0,4,4,4,4,0,2,13,1,7,4,0,3,0,0,7,0,1,5,12,1,0
0,2,24,0,0,2,0,1,1,9,2,5,1,2,3,0,7,7,0,66,6,3,4,7,2,2,2,1,0,1,10,10,0,1,3,0,5,5,5,2,7,2,0,0,2,2,0,11,11,0,3,19,3,0,2,2,6,0,2,4,0,1,1,0,12,0,0,12,5,0,8,4,0,0,1,2,1,2,2,15,3,0,1,12,1,1,7,6,8,13,9,5,6,0,7,0,11,0,0,1,0,1,0,11,5,3,1,4,3,2,10,12,1,0,1,2,2,1,3,6,4,2,6,7,1,1,2,2,12,0,5,8,0,0,2,3,0,3,1,0,0,1,4,4,3,12,0,1,1,8,0,1,0,2,0,3,0,0,0,0,7,8,2,1,2,5,10,4,0,4,0,2,2,0,6,0,0,1,5,6,12,0,12,3,11,2,3,8,0,0,6,14,0,0,0,1,0,2,12,4,2,0,4,4,2,5,3,2,1,1,3,2,0,0,3,1,1,20,8,0,6,2,2,5,0,5,1,7,9,11,4,2,2,3,0,0,0,20,0,1,0,5,0,3,0,1,8,0,0,1,0,0,1,11,7,1
1,1,26,4,2,0,1,2,0,2,3,5,1,2,10,1,2,7,0,41,7,2,4,5,12,0,2,1,0,0,5,2,0,3,5,1,5,7,5,2,0,1,1,1,0,0,0,0,11,0,2,2,0,1,2,0,16,0,3,3,2,2,2,2,13,6,0,28,9,1,10,5,0,2,2,3,0,4,4,13,3,2,1,13,1,1,4,1,9,14,2,3,23,1,2,0,2,0,3,1,4,0,1,13,5,2,1,8,3,0,2,2,3,4,1,8,1,6,4,2,4,0,0,4,7,0,4,2,12,1,6,10,0,0,0,2,0,5,0,2,2,1,1,4,1,11,0,3,0,3,0,0,2,0,0,1,1,1,0,0,7,6,1,1,0,6,9,0,0,0,0,0,0,0,5,1,1,1,1,5,11,0,11,0,9,1,0,10,3,0,5,0,0,1,1,1,1,0,14,3,0,1,3,1,2,0,1,1,0,0,5,7,0,1,0,1,2,32,12,3,11,1,1,7,2,11,2,14,5,13,0,1,3,3,2,0,4,29,2,0,1,9,5,4,8,1,2,3,1,2,1,1,2,12,0,2
0,2,7,0,1,0,0,4,1,4,4,3,1,2,7,0,4,6,4,15,8,1,3,3,5,4,0,1,4,1,6,0,0,4,3,4,13,4,4,0,0,17,4,1,0,0,0,10,6,5,5,8,3,0,4,0,0,2,1,0,3,3,0,1,6,2,3,7,8,5,6,2,1,0,3,0,1,14,5,7,0,3,0,10,0,2,1,5,8,6,2,1,4,2,3,6,1,0,0,3,2,1,9,6,4,1,0,1,1,2,6,3,0,0,1,1,2,7,1,1,2,4,1,3,4,0,1,0,9,0,7,4,1,3,0,3,1,1,9,1,0,1,0,3,0,10,4,1,0,0,0,3,1,1,0,4,3,10,2,0,9,9,0,8,0,8,15,2,1,2,4,1,9,2,8,4,0,1,0,6,8,3,6,1,6,3,2,8,6,1,1,11,2,2,3,3,5,1,11,1,2,2,6,1,2,1,2,0,2,5,17,22,4,1,1,2,13,54,11,1,5,2,5,3,0,10,1,8,2,1,0,1,0,2,0,0,2,4,1,2,1,7,0,0,1,2,1,5,1,5,0,0,5,7,3,0
1,1,5,0,1,1,0,3,1,6,2,0,1,1,4,3,4,8,1,15,10,2,2,8,0,4,5,0,1,0,5,2,0,0,5,0,2,3,1,0,1,6,2,1,0,3,0,2,8,3,1,7,2,2,2,3,4,2,1,4,1,1,3,0,6,0,1,7,9,6,5,1,1,0,0,2,4,5,7,9,5,3,4,6,1,3,3,3,15,5,2,2,2,1,1,1,2,0,3,3,0,3,3,7,1,3,3,3,8,0,0,3,0,2,2,3,3,6,2,0,1,2,0,4,1,2,1,1,8,0,9,5,2,0,2,3,2,3,4,5,1,0,1,3,1,6,4,5,0,1,2,4,0,1,0,3,1,0,1,1,13,10,0,1,0,10,13,1,0,3,5,1,1,0,8,4,0,1,4,8,10,4,6,3,6,4,0,10,4,1,3,12,1,1,22,0,1,0,32,0,0,1,6,7,4,2,1,3,1,2,27,3,0,1,0,1,0,27,13,1,8,3,1,24,3,5,0,9,1,1,0,1,1,0,3,0,1,4,3,0,1,28,2,0,2,1,0,0,0,2,1,0,15,9,0,11
1,2,5,0,4,2,1,4,3,1,1,1,0,2,4,0,1,6,1,16,11,2,1,6,2,2,1,0,1,1,0,3,1,0,0,4,15,0,0,0,0,5,0,0,0,0,0,1,13,5,1,1,1,0,0,1,8,1,0,1,2,1,0,0,10,3,0,11,7,0,9,2,2,0,1,1,3,3,2,10,4,8,2,12,0,0,4,2,16,7,1,4,9,3,2,2,2,1,1,1,3,0,7,9,1,0,0,1,6,1,1,1,1,1,1,2,3,5,0,0,5,0,1,6,3,0,7,0,8,1,11,3,0,0,1,3,2,1,2,0,0,0,0,2,0,8,1,3,0,0,0,0,0,0,0,0,3,0,2,0,9,11,2,0,1,9,14,3,2,3,4,6,1,0,6,2,0,0,0,7,8,0,7,2,6,5,1,8,7,0,3,6,1,0,10,0,2,0,13,0,0,3,7,5,1,4,4,1,0,3,1,2,0,0,5,0,3,53,13,5,10,2,9,0,1,1,0,16,3,1,11,2,1,5,4,0,2,6,2,4,1,15,6,4,12,1,0,1,1,7,1,0,9,8,0,2
0,1,6,0,18,0,0,7,2,0,7,1,9,1,1,2,2,3,0,22,6,1,1,2,0,0,0,1,1,1,2,1,0,0,2,3,3,0,3,1,0,1,1,1,0,1,0,0,15,1,6,1,0,1,2,0,2,0,1,1,3,1,3,0,13,0,1,15,3,2,7,19,1,0,1,3,0,27,2,18,3,3,3,17,2,2,3,4,10,13,17,3,6,1,2,1,3,2,0,1,3,0,2,14,1,2,1,4,4,0,2,0,3,3,1,0,0,9,2,0,4,7,2,5,4,0,0,0,14,0,4,6,3,1,0,3,0,1,10,0,0,2,3,2,0,14,1,0,0,0,5,1,0,1,0,6,3,8,0,0,5,2,0,1,1,3,9,1,0,0,2,1,3,1,2,1,0,0,6,2,13,1,13,0,13,2,0,3,2,1,0,6,1,3,0,1,2,1,15,1,0,2,2,0,0,2,5,0,2,1,2,5,4,0,0,5,0,37,4,2,1,0,5,2,0,9,0,11,0,1,3,0,0,1,1,1,2,3,1,1,1,12,2,2,15,0,1,3,0,7,5,0,4,16,3,0
0,1,32,7,0,3,4,1,1,1,1,4,1,0,3,0,2,7,1,47,8,1,4,1,21,2,1,9,0,2,4,6,0,0,2,1,2,2,0,0,2,1,3,0,0,2,0,4,9,2,5,1,1,1,5,2,28,4,3,2,4,1,1,0,8,0,1,13,9,1,12,0,0,1,0,0,1,4,3,12,0,1,0,10,1,0,2,2,15,9,1,4,22,0,2,0,3,1,0,1,0,1,5,7,5,2,0,2,3,2,1,7,2,0,5,0,0,1,5,2,0,4,0,4,2,1,1,3,9,1,8,4,1,0,1,2,0,0,0,1,0,0,2,2,2,11,0,1,0,0,0,0,1,1,0,2,1,0,0,0,7,8,1,0,0,8,12,6,0,3,1,0,1,1,7,1,0,5,1,10,8,1,9,2,7,1,0,9,6,0,2,20,0,1,2,0,1,1,9,2,0,3,6,0,0,2,0,1,1,2,2,3,0,3,0,3,1,15,11,0,1,2,1,3,0,4,0,10,2,7,1,0,1,2,0,0,4,15,0,0,1,7,10,5,1,2,1,0,0,2,0,0,3,10,3,3
3,1,3,1,1,0,1,5,2,1,7,0,1,2,1,0,3,2,0,14,5,0,1,2,0,0,1,0,0,0,3,1,0,0,0,1,2,0,1,0,1,1,0,0,2,1,3,1,11,0,2,2,0,0,1,0,1,0,1,2,1,1,0,0,8,0,0,9,4,2,12,0,0,1,1,2,2,3,0,12,1,1,1,11,0,0,5,2,7,12,2,2,2,1,0,0,2,0,2,0,4,0,1,11,0,3,1,2,5,0,0,4,2,5,2,1,1,4,0,2,1,2,2,7,2,0,0,2,10,2,4,4,0,0,0,2,0,1,1,1,0,0,1,1,0,13,0,2,1,1,1,0,1,1,0,5,1,0,1,0,4,4,0,0,0,4,3,3,0,2,0,2,1,1,3,1,0,0,1,3,9,0,10,1,11,2,1,4,0,0,0,3,0,3,0,0,3,0,11,0,1,1,2,1,1,3,2,0,1,1,1,6,3,1,0,1,1,12,5,3,4,2,5,0,0,3,1,4,0,0,1,1,2,1,0,1,4,2,2,0,0,9,0,1,0,0,0,0,1,3,0,2,1,11,1,1
0,6,8,0,0,1,0,1,0,1,2,2,0,0,1,0,2,5,1,22,5,1,3,3,1,2,0,0,1,1,6,0,0,2,1,1,4,2,4,0,2,1,2,1,1,2,2,7,9,2,5,6,0,0,2,0,3,0,0,1,1,0,1,0,8,0,1,10,6,1,8,2,0,0,0,3,1,2,1,12,0,0,1,10,0,1,1,2,9,10,3,1,8,2,1,0,4,1,3,2,0,0,2,11,2,0,1,3,2,0,1,2,0,1,2,0,0,1,1,2,2,0,0,1,3,1,1,1,9,0,5,2,0,0,0,0,0,0,1,0,0,1,0,0,1,10,0,2,0,1,2,0,0,1,0,1,2,1,1,0,5,7,1,0,0,5,7,1,0,1,1,1,0,0,5,1,0,1,0,5,9,0,10,0,8,1,1,7,1,1,0,0,0,2,0,0,0,0,9,2,0,0,2,1,0,2,1,0,1,1,2,1,1,0,0,0,1,14,5,4,5,2,2,2,0,1,0,6,0,1,1,0,2,0,0,0,1,3,0,0,0,5,4,0,0,0,1,1,1,4,0,0,2,10,5,2
0,0,5,2,0,1,0,0,2,0,0,1,0,0,1,2,4,5,0,24,4,5,4,1,1,1,0,0,0,0,5,0,1,0,0,0,2,0,1,0,2,4,1,0,1,0,4,3,12,0,4,4,1,0,4,1,3,1,0,2,1,0,0,0,11,1,0,11,4,0,11,1,1,0,0,1,2,0,1,13,0,2,0,13,0,0,3,2,7,12,1,0,3,0,0,0,4,0,1,0,0,0,1,9,0,1,2,4,1,0,5,3,1,1,4,0,0,3,1,2,4,1,1,4,2,4,0,0,12,1,4,6,2,1,1,3,0,0,0,1,1,0,2,1,0,15,2,1,0,0,0,0,0,1,0,0,0,0,0,0,6,4,1,1,1,6,6,0,0,1,0,4,1,1,5,0,0,0,2,4,12,1,16,1,11,0,0,6,1,1,2,2,0,1,2,0,0,0,13,0,0,0,2,2,0,1,2,0,1,0,1,0,0,1,0,0,0,15,4,1,1,2,1,0,1,2,0,7,0,0,0,1,1,0,1,0,2,6,2,0,0,5,2,1,1,1,0,0,0,0,1,0,1,14,0,0
0,0,8,1,0,0,1,1,3,2,0,0,1,2,0,0,1,5,0,27,3,1,5,1,0,1,0,1,0,0,2,0,1,0,0,1,7,0,1,1,0,0,0,0,0,0,0,0,12,0,3,5,0,1,3,0,2,0,1,0,1,0,1,0,12,2,0,10,3,1,13,2,0,1,3,2,1,2,1,14,4,2,1,13,2,0,5,3,6,14,4,2,5,1,4,0,2,0,1,0,1,0,1,9,0,0,0,4,2,0,4,4,0,0,2,3,0,3,1,0,1,1,0,1,3,3,0,0,12,0,4,3,0,1,0,2,1,0,0,1,0,0,0,1,0,15,0,1,0,0,0,0,0,1,0,1,0,0,0,0,5,3,1,2,0,4,6,2,1,2,0,1,0,1,4,2,0,0,1,4,13,1,13,5,14,0,1,5,2,2,2,3,1,1,0,1,0,0,14,1,1,0,3,0,3,1,0,1,1,0,2,1,0,1,0,2,4,15,8,2,5,2,0,1,0,1,0,4,0,1,2,0,1,0,0,0,2,3,0,1,0,1,0,1,1,1,1,0,1,0,0,0,0,15,1,0
0,3,0,1,2,2,2,0,1,0,3,1,0,0,1,0,1,12,1,10,11,1,0,3,0,1,0,0,0,0,2,0,0,2,0,3,4,2,1,0,0,0,2,0,0,2,1,1,5,1,2,1,0,1,2,0,1,0,0,2,1,1,0,2,4,0,1,7,11,0,3,1,1,0,1,1,0,2,2,7,7,0,1,7,1,1,1,0,14,4,1,1,1,0,1,0,1,0,0,3,0,0,10,5,2,1,0,0,8,3,0,1,0,1,1,10,0,3,1,0,1,0,0,7,1,1,0,1,4,1,13,2,2,1,1,1,0,0,0,0,0,1,0,1,0,5,0,2,0,0,0,0,0,0,1,0,3,0,3,0,10,11,0,0,0,12,15,0,2,1,3,0,0,1,11,1,0,1,0,13,4,2,4,3,4,3,0,12,0,2,2,0,2,1,0,1,1,0,5,0,0,2,7,3,0,2,0,1,1,2,1,6,0,0,0,0,0,16,16,0,1,8,0,3,1,2,0,12,0,1,0,0,2,0,1,0,0,2,0,1,0,8,0,3,1,1,0,0,1,1,0,0,3,4,0,2
0,3,7,1,2,0,0,4,0,5,2,0,0,0,2,1,4,6,0,22,5,2,0,0,0,0,1,0,0,1,4,0,1,2,2,0,3,4,0,1,0,2,0,1,0,1,1,2,9,1,0,2,1,1,3,0,4,0,1,3,0,0,0,0,10,0,1,10,5,0,4,2,1,0,1,0,2,2,0,14,0,2,1,10,1,0,2,1,8,11,5,1,2,0,0,2,8,0,0,0,0,1,0,8,3,1,2,2,2,2,0,2,0,1,0,1,0,0,2,0,6,2,0,3,1,0,1,0,9,0,5,4,0,1,0,3,1,0,0,0,0,1,4,3,0,12,1,2,0,0,1,1,0,3,0,2,2,0,2,2,4,5,1,0,0,7,7,1,0,1,0,2,3,0,7,1,0,1,1,6,9,0,10,0,10,2,2,7,0,0,0,1,0,1,1,2,2,0,9,1,0,1,2,0,1,2,0,1,0,1,3,0,1,1,0,1,0,13,5,3,7,3,0,1,0,1,5,9,0,0,1,2,1,3,1,0,2,8,0,1,1,10,4,3,3,1,0,0,0,0,0,1,1,10,2,2
0,1,8,0,1,0,0,1,1,1,1,5,0,1,0,1,2,4,0,21,6,0,2,4,1,1,2,1,0,0,0,0,1,0,0,0,1,1,4,0,0,1,1,0,0,0,0,1,13,0,1,0,0,0,1,0,1,0,2,4,3,0,1,0,11,1,1,12,4,0,7,0,0,0,0,3,2,0,1,14,0,2,1,12,0,0,5,1,8,10,0,2,4,0,1,1,2,0,1,0,0,0,1,5,0,2,0,2,3,2,2,0,1,2,1,0,0,1,2,0,4,0,1,1,1,0,0,0,11,0,5,2,1,0,0,2,0,0,2,0,1,2,4,0,0,11,0,1,0,0,0,0,0,0,0,1,2,1,0,0,3,5,0,1,0,5,5,1,0,2,0,2,2,0,4,1,0,1,1,4,11,0,11,0,11,0,1,5,0,1,2,5,0,4,0,2,0,0,11,1,1,0,3,1,1,3,1,0,0,2,4,1,2,0,2,2,1,15,5,0,6,1,0,0,0,4,1,9,1,0,0,0,3,2,0,0,1,10,1,0,0,10,1,0,3,1,2,0,1,0,0,0,4,13,0,0
0,0,10,0,2,0,0,0,1,5,0,1,0,0,0,0,3,4,0,24,4,2,4,2,1,0,0,0,0,0,3,0,1,0,0,0,6,1,0,2,1,0,0,2,0,1,2,0,14,0,1,2,0,0,0,0,4,0,0,2,0,1,0,0,12,2,0,12,6,0,10,2,0,0,0,1,0,3,1,12,4,1,0,12,0,0,2,0,7,11,5,0,7,2,3,0,1,0,0,0,4,0,0,8,0,0,0,0,1,0,1,1,0,6,5,4,0,2,2,0,2,3,1,4,2,2,0,2,13,0,5,5,0,0,0,2,1,0,0,0,0,2,2,0,0,12,0,0,0,1,0,0,0,1,1,1,2,2,0,0,6,5,0,1,1,4,6,0,0,3,0,2,0,0,5,2,0,0,2,4,11,1,12,1,11,1,0,4,0,1,0,2,0,1,3,0,1,1,12,2,0,1,4,0,0,2,3,0,0,0,2,4,0,1,0,0,1,15,4,0,3,3,2,2,1,3,0,7,0,1,1,0,1,2,0,0,0,9,0,0,0,7,6,1,3,0,1,0,2,1,1,0,0,14,1,0
0,0,5,6,2,0,0,0,1,0,2,2,2,2,0,3,4,9,1,18,7,2,0,3,0,0,0,0,1,2,4,0,0,1,0,4,1,3,1,0,1,1,0,1,1,0,0,0,8,0,2,1,1,1,1,0,2,1,2,0,3,0,2,1,7,3,0,6,7,2,8,1,1,0,1,2,0,1,2,14,1,2,0,10,2,3,3,2,12,9,1,3,6,1,3,0,1,0,1,0,0,0,5,6,0,1,1,0,0,4,0,0,2,1,3,1,0,7,0,1,1,0,0,10,1,0,1,1,8,0,7,2,0,0,1,1,0,0,1,0,1,0,0,1,1,10,0,3,0,0,2,0,0,0,1,3,1,1,0,1,8,7,0,0,0,9,10,0,0,2,2,0,0,0,7,1,0,0,0,7,9,1,8,0,7,2,2,7,0,1,2,2,0,1,0,1,2,1,8,4,0,0,9,9,0,3,0,0,0,4,1,5,4,1,3,1,1,20,12,0,6,1,1,1,0,0,1,9,0,0,2,5,0,1,0,2,0,0,0,1,0,11,0,2,0,1,1,0,0,1,0,0,0,8,0,1
2,3,4,1,0,2,0,2,0,1,0,2,0,1,1,0,3,3,0,23,6,0,3,2,1,1,0,2,0,0,2,0,0,0,1,1,6,0,2,0,2,0,0,1,0,0,2,3,14,0,2,0,0,5,3,0,1,2,0,1,0,2,1,0,9,2,0,15,4,1,6,1,0,0,0,2,0,1,1,13,1,1,0,10,1,1,4,2,13,10,0,1,3,0,1,2,3,0,0,0,4,0,0,14,0,1,1,3,1,0,1,5,0,0,2,1,0,1,0,4,3,6,1,4,2,3,0,2,11,1,9,9,0,0,0,5,2,0,0,0,1,3,2,3,0,12,0,2,0,1,0,0,1,5,0,2,3,1,0,0,6,7,0,1,0,6,9,1,0,1,2,0,0,0,5,0,0,1,4,5,10,0,10,5,9,1,0,5,0,3,2,0,0,0,0,0,1,0,13,2,0,2,3,1,2,4,2,0,0,0,2,0,0,0,0,3,0,23,12,0,9,3,1,0,0,3,0,10,0,0,0,1,1,2,0,1,2,4,2,2,1,2,1,2,3,0,0,0,1,2,0,0,1,11,2,0
0,0,1,0,2,0,1,3,1,0,1,4,1,0,0,0,0,5,0,19,8,1,1,3,0,0,0,0,0,0,1,0,0,1,3,1,3,0,2,0,0,0,1,0,2,0,0,5,11,1,3,0,0,0,2,0,2,2,0,0,5,0,3,0,7,2,1,11,6,0,11,0,0,0,0,2,1,0,4,11,1,0,0,10,1,0,3,2,14,7,2,1,2,1,1,0,1,0,0,0,2,0,2,8,3,1,0,2,1,1,0,0,0,2,4,4,0,1,2,3,0,2,0,4,1,5,0,0,10,0,8,7,0,0,0,1,0,2,1,0,0,0,3,1,1,11,2,1,0,0,1,0,1,2,0,0,1,1,1,0,6,7,0,0,0,7,10,0,0,0,1,2,0,0,6,3,0,0,2,7,10,1,7,2,7,1,1,7,0,1,1,1,0,0,0,1,1,0,10,0,0,3,4,0,0,4,0,1,0,1,0,2,3,2,0,0,0,26,11,0,4,1,1,0,0,1,0,10,0,0,1,0,0,2,0,0,1,2,1,1,0,6,1,0,0,1,0,0,2,2,0,0,1,10,0,1
0,0,5,0,2,0,0,1,3,3,1,2,0,0,0,0,0,3,0,26,3,1,4,2,1,1,0,0,4,0,1,0,1,1,0,1,1,0,1,1,0,1,1,0,0,0,0,3,13,0,4,1,0,0,0,0,3,0,0,2,0,0,0,0,14,0,0,12,3,0,11,5,0,1,0,1,2,0,0,16,1,0,0,14,1,1,0,1,9,17,5,4,7,1,3,0,2,0,0,0,1,0,0,12,1,0,1,2,2,0,3,2,0,3,1,6,0,2,4,1,3,2,4,5,1,3,0,0,13,0,4,7,0,0,0,3,0,0,0,1,0,3,0,3,0,14,0,0,1,0,0,0,0,2,1,2,2,0,0,0,4,4,1,1,2,3,6,1,0,1,0,2,0,4,3,0,0,0,3,3,17,0,14,1,13,0,1,4,1,2,0,0,1,0,0,1,0,0,13,0,0,0,4,2,3,1,0,0,0,2,1,2,1,0,0,3,0,14,3,0,8,1,2,0,1,3,1,6,0,2,3,0,1,2,0,0,0,2,0,0,0,9,1,2,0,0,0,0,0,2,0,0,0,13,0,0
0,0,13,1,1,3,1,0,2,0,1,1,0,3,0,0,3,4,1,35,4,1,6,1,1,0,0,2,0,0,2,2,1,2,1,0,10,0,2,0,3,1,3,0,1,0,2,2,14,1,3,4,0,2,4,1,3,1,2,5,2,2,3,1,11,2,0,10,5,0,12,1,0,0,0,0,2,0,1,13,1,1,0,13,0,0,1,2,6,14,1,1,4,1,4,0,3,0,0,1,1,0,2,8,3,2,1,6,2,0,3,1,0,3,3,0,3,1,3,3,4,1,1,5,1,1,0,0,12,1,5,3,0,0,1,2,2,1,1,0,3,0,0,1,0,12,0,1,0,0,0,0,0,0,1,5,1,0,0,0,6,4,0,2,0,6,12,1,0,2,0,2,0,0,5,1,0,1,1,4,12,1,12,1,11,4,2,5,0,0,2,0,1,1,0,3,1,0,12,0,0,0,4,0,2,2,5,0,0,1,3,0,0,1,1,0,1,14,9,0,9,0,3,1,0,4,0,11,2,0,0,0,0,4,1,0,0,5,1,2,0,6,3,0,3,1,1,0,0,2,0,0,1,12,1,1
1,0,7,0,0,0,1,0,1,2,1,1,0,1,1,1,3,4,1,22,4,0,3,1,0,0,0,1,3,0,3,0,1,2,0,1,4,1,4,1,0,5,2,1,1,0,2,3,12,0,5,5,0,1,8,1,1,2,1,1,2,0,1,0,8,2,0,8,4,0,8,2,0,1,0,1,1,1,1,11,2,1,1,10,2,0,3,0,11,11,0,2,2,1,3,1,7,0,1,1,0,0,1,5,0,2,5,10,2,2,0,2,0,1,1,3,0,3,0,2,2,0,0,8,2,2,1,0,10,0,6,4,1,0,1,1,0,1,1,1,1,1,2,1,0,10,0,0,1,0,3,0,0,2,0,1,1,0,1,0,6,8,1,1,0,8,5,1,1,2,0,3,3,1,4,0,0,0,2,5,12,0,10,1,8,2,0,7,0,0,2,0,1,0,1,0,0,1,13,0,0,0,2,1,2,5,0,0,0,1,2,4,0,0,1,0,0,17,7,4,10,1,1,3,0,2,1,7,1,0,0,0,0,2,2,1,0,9,0,0,0,7,2,1,0,0,0,0,2,1,0,0,0,11,0,0
1,3,5,1,0,4,1,0,0,0,0,5,0,0,1,0,3,5,1,17,5,1,1,0,1,0,0,0,1,2,2,0,0,0,0,1,1,1,0,0,0,2,1,2,0,0,0,1,12,0,3,2,0,0,4,0,3,1,3,0,1,0,0,0,10,1,0,13,4,0,13,2,0,0,0,0,2,1,1,13,1,0,0,12,1,0,2,3,8,12,3,2,5,0,1,0,3,0,0,1,2,0,2,12,0,1,0,4,4,3,0,1,0,2,0,0,0,3,0,0,2,0,6,2,3,0,0,0,12,2,5,4,5,0,0,3,0,0,1,0,0,0,0,1,1,14,0,1,0,0,0,1,2,3,0,2,1,0,0,1,5,4,0,0,0,6,5,1,0,3,0,3,1,0,4,0,0,0,2,5,13,0,11,0,10,0,1,6,1,0,0,2,1,2,0,1,0,0,12,1,0,2,3,1,5,0,1,2,0,1,0,2,1,0,0,2,0,17,5,1,4,1,0,3,0,0,1,6,0,0,2,0,1,2,1,1,0,1,0,0,0,6,2,0,1,0,1,0,0,2,1,0,1,12,1,1
0,2,8,0,1,1,0,0,2,3,0,0,0,1,2,0,1,2,0,18,4,2,1,0,0,1,0,1,0,0,2,1,0,0,1,0,3,1,1,2,1,0,1,0,1,0,0,9,14,1,1,4,3,0,0,2,2,1,0,0,4,0,1,0,11,1,1,11,3,1,11,2,0,0,1,1,0,1,2,14,0,1,1,13,0,0,7,1,7,11,2,2,6,0,2,2,4,0,1,1,2,0,0,6,2,1,0,1,2,2,1,1,0,1,3,4,0,1,2,4,2,0,1,1,0,1,1,4,12,0,4,9,2,0,1,3,1,0,0,0,1,0,2,3,1,12,0,0,0,2,0,0,0,0,0,5,3,1,0,0,6,8,0,3,0,5,5,1,2,3,3,5,0,0,3,1,2,0,1,3,11,0,11,2,11,1,0,10,0,0,0,4,1,2,2,2,0,1,14,1,0,0,2,0,0,1,4,0,1,2,0,2,0,0,0,0,2,18,5,0,0,0,2,2,1,1,2,6,3,0,3,0,3,2,1,2,2,9,0,0,0,5,3,0,3,0,0,1,0,1,0,0,0,15,0,0
0,1,7,2,0,0,0,1,0,1,2,6,1,0,2,1,5,5,0,46,5,1,4,4,5,0,0,0,1,0,6,2,0,0,2,1,6,1,3,2,0,2,2,2,0,0,0,9,12,1,2,4,1,0,9,1,2,0,3,0,0,0,0,0,10,7,1,10,6,1,10,2,2,0,0,4,1,0,2,13,1,0,0,15,1,0,2,5,11,11,4,1,5,0,2,0,5,1,0,0,3,3,3,14,5,1,1,4,5,0,2,0,1,3,0,0,0,4,2,7,4,3,1,1,2,2,0,3,13,0,6,9,0,0,0,5,0,2,0,0,0,1,11,2,3,12,1,0,0,2,0,0,6,2,1,3,1,0,0,0,4,6,1,0,2,4,8,4,0,5,2,1,2,1,4,2,0,0,5,4,14,1,11,0,10,0,3,10,0,1,2,2,0,2,3,2,3,1,14,1,1,1,6,0,5,1,0,1,0,0,4,4,1,0,0,1,2,17,7,2,9,3,1,7,0,1,0,9,0,5,0,0,0,1,0,0,2,8,0,0,1,6,2,1,2,1,0,1,0,1,0,0,2,12,5,0
0,2,7,0,3,0,1,2,0,3,1,2,1,0,0,0,3,7,0,21,5,1,2,3,1,0,0,0,2,1,3,0,1,1,2,3,2,2,0,0,0,1,1,2,0,1,0,2,10,0,0,2,1,0,2,1,1,1,1,3,3,0,1,2,9,0,0,9,6,2,7,5,1,0,1,0,1,3,1,11,0,1,0,11,3,0,5,2,6,11,0,1,4,4,4,1,1,1,0,0,1,0,6,7,0,0,2,1,2,0,1,2,1,3,3,3,0,0,2,1,3,0,0,1,2,0,0,1,9,2,6,5,1,1,1,3,0,2,0,1,0,1,1,4,0,10,1,2,1,0,1,0,2,0,0,0,1,0,1,1,6,6,0,1,0,6,9,0,0,2,0,0,1,0,5,0,0,0,0,5,11,1,9,1,9,0,1,7,1,1,1,2,2,0,0,2,2,0,9,2,0,0,4,2,1,0,4,0,0,0,2,0,0,0,0,0,3,9,9,1,5,2,4,0,1,2,0,9,0,2,2,0,2,1,0,2,1,4,0,1,0,6,0,0,1,1,1,1,1,0,0,0,2,10,1,2
0,1,6,2,0,0,2,1,0,1,3,3,1,0,0,0,2,5,2,21,7,4,0,1,3,1,0,0,1,1,1,0,0,0,0,1,7,0,0,1,1,4,0,1,0,0,0,1,13,0,2,5,0,1,5,0,1,0,1,3,2,0,1,0,8,1,0,8,6,0,8,2,0,0,0,1,3,0,2,12,2,1,0,10,2,1,5,1,10,11,1,0,4,1,0,3,2,0,0,0,0,1,4,10,0,1,0,8,3,0,0,0,0,6,0,0,0,1,1,0,2,0,1,1,0,0,1,2,10,1,6,3,1,0,1,1,0,1,0,2,0,0,3,1,0,11,0,3,0,0,0,0,0,1,0,5,2,0,0,1,8,6,0,0,0,6,7,0,1,3,0,2,0,1,8,0,0,0,3,7,11,0,11,0,9,2,2,6,0,5,1,1,1,2,2,3,0,0,12,1,0,0,1,1,4,1,7,1,2,2,2,4,1,0,0,0,0,15,9,1,8,3,5,2,0,3,0,10,4,1,1,1,1,0,0,0,0,2,0,0,0,6,0,1,0,0,0,0,1,2,0,0,0,10,0,0
0,3,2,3,0,0,0,0,0,1,1,3,3,0,1,0,4,6,0,16,5,1,1,1,0,1,0,0,0,0,2,1,0,0,1,1,2,1,1,0,0,4,1,0,0,0,0,2,12,1,2,2,1,0,3,1,0,0,5,0,2,1,0,0,9,0,1,10,4,0,12,1,0,0,0,0,2,1,1,16,1,0,0,13,0,0,3,0,7,10,2,0,1,0,0,0,2,2,2,1,1,0,3,7,1,1,0,6,8,1,1,2,1,0,2,0,0,3,0,1,5,1,0,4,2,1,0,1,11,0,7,9,0,0,1,1,3,0,0,0,2,0,1,1,0,10,0,0,2,0,0,1,0,1,0,2,4,0,0,3,7,5,1,1,1,7,9,0,0,0,0,5,0,2,4,1,0,0,0,4,10,0,10,0,12,2,1,5,0,1,1,0,1,0,0,0,1,0,11,3,0,1,1,2,1,1,1,0,0,2,0,1,0,1,0,0,0,12,11,2,2,1,2,2,0,2,1,9,1,0,0,2,0,1,0,0,1,0,0,0,1,5,0,2,0,0,0,0,0,2,0,0,1,10,0,0
0,0,7,0,2,0,1,0,0,1,0,0,1,0,0,0,0,8,1,19,7,1,5,1,0,0,0,0,0,1,1,1,0,1,0,0,5,0,0,0,0,0,1,0,0,0,0,0,9,0,1,4,0,0,1,1,5,0,3,2,0,0,0,0,8,1,0,9,9,0,6,2,1,1,0,2,0,0,0,11,1,0,0,9,0,0,1,0,11,10,2,0,4,0,2,0,2,0,0,1,0,0,5,4,1,0,2,3,3,2,1,0,2,1,2,3,0,4,4,1,2,2,1,8,2,1,0,1,9,0,8,5,2,0,1,0,1,1,0,0,0,1,3,1,0,9,1,0,0,1,0,0,0,2,0,2,2,0,0,1,9,8,0,0,0,7,7,0,0,0,0,0,4,2,7,0,0,0,0,8,9,0,10,0,9,1,1,9,0,0,1,0,0,1,1,1,0,0,10,2,1,0,3,0,1,2,0,0,0,1,0,2,0,0,1,4,0,19,11,0,6,2,0,1,0,4,1,10,1,1,0,1,0,1,0,1,1,8,0,2,0,4,1,1,0,0,1,1,0,0,1,0,1,9,4,1
0,1,9,0,0,0,1,2,0,1,0,3,1,0,2,0,2,8,0,27,7,3,2,3,0,0,1,0,0,0,2,0,0,0,0,1,7,1,1,0,0,1,1,1,0,0,0,7,9,2,1,5,0,0,5,0,2,0,0,1,1,1,8,0,9,0,0,11,7,0,9,0,1,0,1,0,1,0,0,11,1,3,1,10,0,0,1,0,12,11,0,0,3,0,1,0,1,1,0,2,0,0,4,6,1,3,0,7,3,1,3,2,1,2,2,1,0,1,5,3,2,0,1,2,2,2,0,2,10,0,8,10,0,0,0,4,0,0,0,0,1,1,9,4,0,9,0,0,1,0,0,1,1,0,0,8,1,1,0,0,10,8,0,0,0,8,11,1,0,1,1,0,0,0,7,2,0,0,2,7,9,0,10,0,9,2,1,8,0,2,0,2,1,1,0,1,3,0,10,0,0,2,4,1,3,4,4,1,0,0,5,2,0,0,0,0,0,16,7,0,9,5,1,2,1,1,0,9,0,0,1,1,2,1,1,2,4,2,0,0,0,5,1,1,0,0,0,0,0,1,0,0,4,9,3,0
1,0,3,1,0,4,0,0,1,1,0,0,0,1,0,0,3,9,0,14,6,1,1,0,1,0,1,0,1,1,1,0,0,0,4,0,5,1,0,0,0,2,1,2,2,0,0,1,12,0,6,3,0,0,3,0,1,1,3,0,2,0,4,0,9,1,0,10,5,1,9,3,1,0,0,2,0,0,1,12,0,3,1,10,0,0,2,1,9,11,4,3,4,1,3,2,4,0,0,1,0,1,3,11,1,0,0,8,0,3,1,1,1,7,4,0,0,2,2,1,0,2,0,5,2,1,0,2,9,2,6,6,0,0,0,0,1,0,1,2,0,1,0,0,0,11,0,2,0,0,3,0,2,0,0,0,3,0,1,0,8,6,0,1,0,7,7,0,1,1,1,2,1,0,6,0,0,1,2,6,10,0,9,2,9,3,0,8,0,1,1,1,1,1,2,0,1,0,13,1,0,0,6,0,0,2,1,0,1,1,2,4,0,0,1,0,1,22,8,0,1,1,2,5,6,3,0,10,0,0,0,0,2,0,0,0,1,1,1,1,0,9,1,1,0,0,0,0,0,1,0,0,1,9,0,1
0,6,4,1,1,0,0,0,3,2,1,2,0,1,1,0,1,7,0,17,7,0,4,2,1,2,1,0,3,1,3,0,1,0,1,2,1,1,2,0,2,0,3,6,0,0,0,4,10,2,3,4,2,0,5,0,0,0,1,1,0,0,0,0,10,2,1,7,6,1,12,3,1,0,0,4,2,0,1,13,2,0,3,10,1,0,1,2,10,11,2,4,2,1,3,3,4,1,1,1,0,0,4,8,1,0,0,5,0,0,3,1,2,4,1,2,1,3,0,0,1,1,0,0,3,1,0,0,10,0,6,2,0,1,0,1,0,0,1,0,1,1,0,0,0,10,0,0,0,0,2,1,0,2,0,0,1,2,0,2,7,5,1,1,0,5,6,1,0,0,0,0,1,4,5,0,0,0,1,5,12,0,10,0,11,0,0,5,1,0,4,0,0,2,1,1,0,0,11,0,1,0,4,1,0,0,1,1,0,1,2,0,0,0,0,0,3,12,7,0,5,1,0,1,1,3,0,10,1,1,0,0,1,3,0,0,0,4,1,0,1,11,3,0,5,0,0,3,0,2,0,1,0,10,3,1
0,4,7,1,1,0,1,1,0,3,3,1,0,1,1,0,0,10,2,19,7,2,1,3,0,3,0,0,0,3,4,0,3,0,1,3,3,0,2,0,3,0,2,0,0,0,1,3,8,2,1,4,1,0,5,0,6,0,2,0,2,0,2,0,7,0,3,8,9,1,5,2,0,0,1,0,1,2,3,9,2,0,2,8,2,0,2,1,10,9,0,1,2,0,2,2,7,0,2,0,0,2,4,5,1,1,1,4,0,0,0,1,1,0,4,0,0,1,3,1,2,5,0,5,6,0,1,0,8,0,7,3,0,0,0,0,0,1,1,2,4,0,0,1,0,8,0,0,1,0,0,0,1,0,1,0,0,1,0,0,8,7,0,1,0,10,10,1,0,2,0,0,0,0,8,1,0,1,3,7,9,0,7,2,7,0,2,11,0,0,0,2,0,2,1,0,0,0,9,1,2,0,2,0,2,5,1,2,3,2,3,1,0,0,0,0,1,14,8,0,6,4,1,2,0,1,2,9,0,1,0,1,0,0,0,1,0,2,3,2,0,9,0,0,3,2,1,1,1,3,1,0,0,8,0,0
0,3,13,1,0,0,3,1,0,0,2,6,0,0,0,2,3,5,0,29,5,2,3,3,0,0,0,0,1,1,5,5,0,2,0,1,8,2,2,0,0,2,0,0,0,1,0,3,12,0,1,6,1,0,0,0,1,3,0,0,0,0,1,0,10,1,1,10,6,1,11,2,0,1,0,1,2,2,2,13,3,0,0,13,1,0,5,2,8,13,0,1,10,0,3,0,4,0,1,2,4,0,2,4,0,3,0,3,2,1,1,1,2,4,2,4,0,2,5,0,2,0,3,5,1,1,0,1,14,1,5,6,0,0,0,1,1,0,2,0,1,0,0,4,0,12,1,0,0,0,0,1,0,1,0,2,0,0,0,2,4,5,0,0,0,7,7,1,0,1,0,3,1,1,4,0,0,0,0,4,12,0,13,1,11,0,1,5,1,1,2,1,3,1,0,0,0,1,13,0,0,0,2,7,3,2,4,1,0,0,4,1,0,0,0,0,0,18,7,3,5,2,0,0,0,2,0,11,2,3,2,0,2,0,0,1,0,5,1,0,3,10,5,2,1,0,2,0,1,1,1,0,2,12,1,0
0,2,8,0,1,0,0,0,0,1,0,1,0,0,1,1,1,6,0,20,5,1,1,2,0,0,0,0,0,2,5,0,0,0,0,0,3,2,2,0,1,1,1,1,3,0,1,0,10,2,0,5,0,0,3,0,4,0,0,3,1,1,2,0,10,0,0,12,5,0,12,0,2,1,0,2,2,0,3,15,0,2,2,11,1,0,0,3,6,9,1,2,3,2,5,0,6,0,0,1,2,0,2,6,0,2,1,1,5,1,3,0,0,6,2,2,1,2,5,4,2,4,0,5,3,1,0,0,11,7,5,8,1,0,0,3,0,1,0,0,0,1,9,1,2,11,0,1,0,0,0,0,2,1,0,7,2,0,0,1,5,9,0,0,0,5,8,0,1,2,0,1,1,0,6,1,0,2,2,6,10,0,9,0,9,2,0,6,0,0,2,1,0,1,3,0,1,1,12,0,1,1,4,0,0,3,2,0,1,0,7,0,0,1,0,1,1,16,8,2,4,2,3,1,1,2,1,9,4,6,0,0,3,1,0,0,1,7,1,2,0,9,1,1,3,0,0,0,1,1,0,0,0,10,0,0
0,1,0,1,0,1,0,0,0,1,0,1,0,0,0,0,0,8,0,14,7,4,1,3,1,0,0,0,2,0,1,0,1,0,0,3,2,2,0,0,1,3,0,0,0,0,0,3,10,0,1,0,0,0,3,0,1,0,5,0,2,0,1,0,9,0,0,13,8,1,11,0,0,0,0,0,1,0,2,12,1,1,0,11,3,0,1,1,10,9,1,3,4,0,3,0,1,0,0,0,1,0,3,7,0,1,1,3,0,1,0,0,0,4,1,1,0,2,0,0,0,4,0,5,1,0,0,0,10,0,7,4,0,0,0,3,0,0,2,0,0,0,1,3,0,10,0,4,0,0,0,0,0,0,0,0,1,0,0,0,10,7,0,0,1,7,11,0,0,2,0,1,0,0,7,1,0,0,1,7,10,0,10,1,9,3,0,8,0,0,1,0,0,1,0,0,0,0,10,2,0,1,2,0,0,4,1,0,0,2,2,0,0,0,3,1,1,17,12,0,7,3,0,1,0,0,0,9,0,0,0,1,1,2,0,0,1,1,0,0,0,6,0,1,0,0,0,0,0,3,0,0,0,9,0,1
0,1,7,1,0,0,1,0,4,0,0,1,0,0,1,0,4,7,0,25,7,3,0,0,0,1,1,0,0,1,0,0,0,0,0,3,2,1,1,0,0,2,1,0,0,1,0,4,11,2,0,2,0,0,1,0,1,0,1,1,1,0,2,0,8,1,1,10,6,0,6,1,0,0,0,1,2,0,2,10,2,1,1,11,2,0,3,1,8,9,0,0,1,0,0,0,2,0,0,1,0,0,3,8,0,1,1,1,1,3,0,0,0,4,1,0,0,2,0,1,1,2,1,2,1,0,0,0,11,1,6,8,1,0,0,3,1,3,2,0,2,0,4,1,0,11,1,1,0,1,0,0,0,0,0,9,2,2,0,0,6,6,0,1,0,7,11,0,0,2,1,1,1,0,7,0,0,0,2,6,10,1,9,0,8,0,0,6,0,1,2,1,0,1,0,1,1,0,10,1,0,0,3,2,0,1,2,0,0,0,2,3,1,1,0,2,1,12,8,0,5,1,3,0,0,0,0,12,1,0,0,1,0,3,0,0,0,0,0,0,0,15,2,2,0,0,2,1,0,1,0,0,0,11,0,0
0,3,10,1,0,1,0,2,1,2,0,5,0,3,1,0,3,9,0,22,8,4,3,0,1,3,0,0,2,1,0,0,0,0,2,4,6,2,0,0,0,1,1,0,0,0,0,3,9,1,0,1,1,0,3,0,0,0,0,1,1,1,1,0,8,1,0,9,8,1,8,1,0,1,0,0,1,0,2,8,2,2,0,8,0,0,1,1,10,10,0,0,1,0,1,0,3,1,2,1,0,1,4,7,0,1,2,8,2,0,0,0,0,2,0,4,0,4,1,1,0,0,0,2,1,1,0,1,8,1,8,4,0,0,3,1,0,0,3,0,0,0,0,1,0,8,2,0,0,0,0,1,0,0,0,1,0,1,0,1,10,10,0,0,0,8,10,0,0,1,4,1,0,0,8,1,0,0,0,8,8,0,8,0,8,1,0,8,0,1,1,1,1,1,0,0,2,0,11,0,0,1,4,0,6,1,1,1,0,0,2,4,0,1,0,0,0,13,8,1,13,1,2,1,0,1,0,11,0,1,1,1,1,0,0,1,1,2,0,2,0,9,0,2,1,1,1,0,1,1,0,0,1,9,1,0
0,0,3,1,1,0,2,4,0,0,2,1,1,0,0,0,0,9,1,12,8,2,0,0,2,0,0,0,0,2,0,2,1,2,1,2,1,1,0,0,2,0,1,0,0,1,0,0,8,0,0,4,0,0,2,0,0,0,1,4,0,2,2,0,9,0,0,8,8,1,7,1,0,3,0,0,3,1,1,12,1,1,0,13,6,1,2,1,10,8,0,1,5,2,0,0,2,0,2,4,1,0,2,5,0,0,3,5,6,0,0,3,1,1,2,2,2,1,1,2,0,0,1,3,0,1,0,1,8,2,9,2,0,1,3,1,0,1,0,0,0,1,0,0,0,11,2,1,1,1,0,0,3,0,0,0,1,0,0,0,10,8,0,1,2,11,10,4,0,2,0,0,1,2,8,1,0,0,0,8,8,0,10,0,8,3,0,12,1,1,0,2,1,4,2,2,3,0,10,1,2,1,5,0,1,3,1,0,0,0,1,2,1,0,1,1,1,12,10,0,5,5,0,1,1,0,6,11,0,0,0,0,2,0,0,0,1,1,0,1,0,9,0,0,1,1,1,1,0,1,0,0,0,10,0,0
0,3,1,0,0,0,1,0,2,2,1,1,0,0,0,0,1,4,0,16,6,1,1,0,0,1,0,0,0,2,0,0,0,0,0,0,1,1,0,0,0,2,0,0,0,0,0,1,12,0,0,1,0,1,1,0,1,0,1,1,0,0,0,0,10,0,0,11,5,0,9,2,0,0,0,3,1,2,0,12,0,1,0,11,2,0,1,2,13,11,2,2,1,1,2,0,0,0,0,0,2,1,1,10,0,0,1,2,0,2,2,1,0,2,0,1,0,0,0,3,1,5,1,0,2,2,0,1,10,0,6,9,1,0,0,0,0,0,0,1,2,1,1,2,0,10,0,2,0,0,0,0,0,0,0,0,0,0,0,0,4,6,2,1,1,7,8,2,0,1,1,0,0,1,6,0,1,1,2,6,11,1,10,0,10,1,1,8,0,0,0,1,2,0,0,0,0,1,11,2,0,0,1,0,3,0,1,0,1,0,2,0,0,0,1,0,1,12,7,0,3,1,0,1,1,0,0,10,0,0,0,0,1,1,0,1,0,1,1,0,0,7,1,2,1,0,0,0,1,0,0,0,1,10,2,1
0,1,4,0,0,0,0,0,0,4,0,0,1,0,1,0,1,10,0,13,11,1,0,3,0,0,0,0,0,1,4,0,0,1,2,1,9,2,1,0,0,1,0,0,0,0,1,0,6,1,0,3,0,0,0,1,4,0,0,0,1,1,1,0,4,1,0,7,10,1,6,1,0,0,0,2,2,3,0,7,0,1,0,6,0,0,1,2,13,6,1,1,3,1,0,0,5,0,0,3,2,0,2,6,1,0,0,2,0,1,1,1,2,4,1,1,0,5,3,0,1,6,2,6,1,1,2,0,6,0,11,5,0,0,0,0,2,0,0,0,2,1,0,1,1,7,1,1,1,0,1,0,1,1,0,0,1,0,0,0,12,10,0,0,0,11,11,2,0,1,0,0,1,0,10,1,0,0,1,10,6,0,5,0,4,0,0,10,0,0,1,2,0,1,1,0,1,0,9,1,0,0,7,0,1,4,0,1,0,1,1,4,2,0,1,0,0,18,12,0,3,4,0,1,0,3,0,12,1,1,0,0,1,0,0,0,1,3,0,1,0,13,1,0,1,1,0,0,1,4,0,0,0,7,1,1
0,0,6,0,0,0,0,1,0,2,0,4,0,2,0,0,1,7,0,18,6,1,5,2,0,0,0,0,0,1,1,2,0,0,0,2,5,1,3,0,0,2,0,2,0,0,0,3,10,0,2,2,0,0,1,0,1,0,0,0,0,0,2,0,9,2,0,10,6,1,12,1,0,0,0,3,2,1,0,11,1,1,0,11,0,1,1,2,10,9,2,1,3,1,2,0,0,0,1,0,1,0,1,9,1,1,0,1,4,0,3,1,2,5,3,1,1,0,2,2,4,2,1,2,2,3,0,0,11,1,6,10,0,1,0,3,0,0,0,0,0,1,2,2,0,10,2,3,0,4,1,1,0,0,0,3,3,2,3,1,4,9,0,0,0,6,8,0,0,2,1,2,1,0,7,0,0,0,3,6,9,0,9,0,9,0,1,9,0,0,1,0,0,0,1,0,0,0,11,0,0,0,2,0,3,2,0,0,1,0,2,2,0,0,0,0,0,18,9,0,5,2,0,2,0,1,0,8,0,2,1,0,0,1,0,0,0,4,0,1,0,12,1,4,2,0,0,1,1,4,0,0,2,10,4,1
1,0,10,0,2,2,0,3,0,1,2,1,2,0,1,0,5,4,1,37,4,1,4,3,2,1,0,0,3,0,2,0,0,1,3,0,7,1,0,1,1,6,1,0,0,0,0,4,14,1,2,1,0,1,5,1,4,2,1,1,0,0,0,2,14,0,0,13,4,1,5,3,0,2,1,1,1,0,0,12,0,0,0,12,2,0,4,1,8,12,1,6,7,2,4,0,3,0,0,0,0,0,0,8,1,2,0,11,7,0,2,0,1,2,3,0,0,2,3,2,1,0,0,3,0,0,2,1,12,1,4,6,0,1,1,1,1,0,0,0,0,0,6,1,0,12,0,1,1,0,0,0,0,2,0,1,3,1,0,1,4,4,0,0,0,5,4,1,1,2,3,1,0,1,4,1,0,0,1,4,12,0,12,0,13,3,1,5,1,0,2,2,0,0,1,1,0,0,13,2,1,0,2,1,10,2,0,0,0,0,2,3,2,1,0,0,2,23,5,0,10,2,4,1,0,4,0,7,0,0,0,0,3,3,1,0,0,6,0,0,0,8,0,2,2,0,0,0,2,1,1,0,0,12,2,1
0,2,6,0,1,1,0,2,0,3,0,0,0,0,1,1,1,6,1,16,7,0,0,7,0,0,0,2,1,0,3,0,1,0,1,1,7,4,2,0,1,2,0,0,0,0,0,2,12,0,4,2,0,1,3,0,2,0,0,2,2,0,1,2,8,0,0,10,6,1,10,0,0,1,1,0,1,1,3,12,2,1,0,12,2,1,0,3,12,9,0,1,3,0,2,0,4,0,1,0,1,0,6,9,1,1,0,0,0,2,0,0,2,2,2,1,0,3,1,0,2,2,2,3,1,2,0,0,10,1,8,6,0,0,2,3,1,0,0,0,0,0,1,1,0,11,3,1,0,0,0,0,0,0,0,1,1,0,0,1,9,7,2,1,0,6,10,1,0,2,1,2,0,0,6,3,0,0,0,6,11,0,9,0,8,3,1,6,0,0,2,5,0,1,1,0,2,1,13,1,0,3,3,3,0,5,1,0,1,2,1,5,1,0,0,2,0,24,8,1,9,4,1,0,0,0,0,8,2,2,1,0,4,1,0,0,0,1,0,0,0,7,0,3,1,1,0,0,1,0,1,0,1,10,0,0
1,0,9,2,0,0,0,1,4,1,0,3,2,1,0,0,3,3,0,27,3,1,1,0,0,0,0,0,0,2,2,0,0,1,1,1,2,2,0,0,2,1,1,0,0,1,4,8,14,0,3,5,0,1,2,1,0,2,2,1,0,1,2,0,11,1,1,12,2,2,9,1,0,0,1,0,0,0,0,14,1,0,0,14,0,3,5,3,7,13,0,2,5,1,1,0,5,0,1,1,5,1,1,7,0,2,2,5,8,0,0,2,0,2,0,0,0,0,0,3,4,2,0,3,0,1,1,1,14,0,4,10,0,0,0,2,0,1,0,4,2,0,7,2,0,13,0,2,1,0,1,0,0,2,0,5,1,0,0,0,4,2,0,0,0,2,2,0,0,0,0,0,0,1,2,0,1,0,2,2,14,1,13,0,11,1,1,4,1,1,1,0,0,1,0,0,0,0,13,4,1,0,3,0,2,0,6,1,1,0,0,0,2,1,0,3,1,21,6,1,7,2,3,0,0,1,0,5,0,3,1,0,0,2,0,2,0,4,1,0,0,4,2,0,1,0,2,0,1,1,0,0,0,15,1,0
0,0,0,0,0,0,1,1,0,0,1,2,0,2,4,1,2,4,0,11,6,4,2,1,2,0,0,0,1,2,1,1,2,1,0,0,2,1,1,0,2,2,0,2,1,1,1,2,10,0,0,2,0,0,0,1,3,0,0,0,0,0,1,0,8,1,1,7,6,2,11,4,0,0,1,2,1,0,0,12,0,1,0,10,2,0,2,1,10,11,1,2,1,1,0,1,1,0,0,0,1,0,1,10,0,1,1,4,3,0,1,0,0,3,0,1,1,0,1,1,1,2,0,0,0,0,1,0,9,0,7,4,0,1,0,0,0,1,1,0,0,0,2,1,0,10,0,0,0,0,0,1,0,0,0,0,1,1,0,0,4,4,1,2,2,5,7,1,1,3,0,3,1,0,6,0,1,0,2,4,9,0,11,2,8,0,1,7,3,0,3,1,1,0,2,1,1,0,9,1,1,0,3,0,1,2,1,0,0,0,3,3,0,0,0,1,0,13,6,2,3,1,0,1,0,0,0,11,0,0,0,0,0,0,1,0,1,0,0,0,0,4,0,1,0,0,0,0,0,0,0,0,1,9,0,0
0,6,4,2,1,2,0,0,1,4,0,0,1,0,1,0,0,11,1,16,11,3,1,2,1,1,1,0,0,2,4,0,0,2,1,1,6,0,3,0,1,1,1,0,0,0,1,1,5,2,1,6,0,1,7,0,0,0,2,2,0,1,0,0,6,0,1,8,11,1,5,3,2,2,0,0,1,2,4,6,1,2,1,8,5,0,1,2,9,6,1,0,4,2,2,0,1,0,1,1,1,0,2,4,3,0,0,2,2,1,0,1,4,1,2,1,0,7,3,1,1,1,2,4,7,0,0,2,5,1,11,6,2,0,0,0,0,1,1,0,1,1,1,1,0,7,0,2,1,0,0,0,0,1,0,0,4,0,0,0,11,10,0,0,1,9,14,2,0,2,3,1,2,4,9,2,1,1,0,10,6,1,5,2,5,3,1,12,1,0,2,3,1,1,0,0,2,1,6,2,0,3,6,0,1,6,0,0,0,3,0,2,1,0,0,0,2,13,14,1,10,4,2,4,0,4,2,12,0,2,2,1,0,1,0,0,0,6,0,1,0,7,0,2,2,0,0,2,0,1,0,0,2,5,2,4
0,0,5,0,1,1,1,0,0,0,0,0,0,2,3,0,4,9,0,10,8,3,1,2,1,0,0,0,1,0,2,0,0,0,0,0,5,0,0,0,1,3,1,1,0,1,0,0,7,2,1,1,0,0,1,0,1,2,1,0,1,0,0,0,5,1,2,6,8,2,7,1,0,1,2,1,1,0,2,9,2,3,1,8,0,0,2,2,13,5,0,0,1,1,0,3,2,0,1,2,3,0,0,6,1,0,1,0,0,0,3,1,1,0,3,2,0,7,2,1,0,0,0,6,0,6,0,0,7,0,11,1,2,2,0,1,1,0,0,0,0,2,1,0,0,6,0,1,0,0,0,1,0,0,0,1,1,0,0,0,8,11,1,1,0,8,13,3,0,1,2,1,0,1,8,0,0,0,1,8,6,0,5,0,5,1,0,9,0,2,2,3,0,3,2,1,2,0,9,1,1,0,5,0,0,1,2,0,0,1,4,4,0,6,2,0,0,13,9,0,3,3,0,3,0,2,0,14,0,0,0,0,5,0,0,1,0,4,0,0,0,11,0,2,1,1,2,0,0,4,0,0,0,8,0,0
0,0,3,2,2,0,0,1,1,4,2,5,0,0,2,1,3,6,1,14,7,2,0,6,2,2,0,1,3,3,4,0,1,0,1,1,6,0,2,0,1,2,1,1,0,0,3,2,9,1,1,6,1,4,2,1,0,1,0,1,0,0,0,1,7,1,1,9,6,2,8,3,0,1,2,3,0,0,3,14,2,1,0,8,1,1,1,1,9,7,3,2,0,0,2,0,3,0,3,4,0,0,6,7,2,0,3,7,8,0,0,2,3,2,0,2,0,0,1,0,0,0,0,10,0,1,0,0,8,1,7,6,1,0,2,2,0,0,1,0,0,3,2,0,0,8,0,0,0,1,0,1,1,2,0,2,0,1,1,1,5,7,2,1,0,10,9,1,1,4,1,1,0,0,9,0,0,1,2,6,9,0,7,1,7,2,0,9,1,1,3,4,2,0,0,1,2,0,9,0,5,1,2,0,0,2,0,2,0,2,0,5,0,1,1,0,3,17,7,1,8,1,3,2,0,1,0,12,2,0,0,0,1,3,2,0,4,1,1,1,0,5,1,4,4,1,0,0,0,1,0,0,2,7,1,2
0,0,9,0,3,0,0,1,1,1,0,3,0,3,1,0,3,4,1,21,4,1,2,2,0,0,2,0,0,0,2,0,0,0,0,1,2,0,1,0,0,2,0,0,0,0,0,5,12,0,2,2,0,0,1,0,2,0,1,0,2,0,0,0,11,1,0,12,4,1,9,2,0,0,0,1,3,2,0,12,0,0,0,13,1,0,2,1,8,13,1,0,6,1,1,0,5,0,1,2,0,0,4,6,2,1,1,2,0,0,2,0,0,2,1,1,0,1,1,2,1,0,0,6,0,3,1,0,12,1,4,5,0,0,0,3,0,2,1,2,1,0,1,0,0,14,1,0,0,1,0,0,0,0,0,6,0,0,0,0,5,4,0,1,2,4,11,1,0,2,2,1,2,0,4,1,0,0,1,4,13,0,12,2,13,3,2,4,1,0,1,3,0,2,1,3,1,0,12,1,0,1,1,4,1,0,7,0,0,1,8,3,2,1,2,1,1,19,6,0,5,0,4,2,0,0,1,9,1,2,1,0,1,2,1,0,3,3,3,0,1,7,4,2,2,0,1,0,1,1,0,0,1,13,2,1
0,2,9,0,0,2,1,0,5,1,1,3,0,0,1,0,1,6,0,21,7,1,2,1,1,1,0,0,0,1,6,0,0,4,4,1,3,4,3,0,0,0,3,1,0,1,0,6,9,1,4,5,0,0,1,0,0,0,0,2,1,0,0,0,8,0,1,10,6,2,11,0,0,1,0,0,3,3,3,12,1,1,2,10,1,2,3,4,9,9,1,2,2,2,4,2,3,0,3,1,0,0,6,12,2,1,0,6,1,1,2,2,0,1,1,3,0,0,1,2,2,1,2,2,2,0,0,2,9,0,8,3,0,0,0,0,0,0,0,0,0,1,2,1,1,10,1,1,0,1,0,0,1,1,0,0,0,0,0,0,5,8,0,0,0,7,9,0,0,1,0,2,1,0,6,0,1,1,1,6,12,1,8,0,9,1,2,7,0,0,2,3,4,2,2,1,0,0,14,3,0,1,1,3,6,3,6,2,2,2,4,3,1,1,2,1,7,18,7,1,9,2,1,3,0,3,0,8,0,0,0,0,0,1,0,0,1,2,0,3,0,6,1,2,0,0,0,0,0,1,0,0,1,10,0,0
0,1,6,1,0,2,3,3,1,5,1,4,0,2,5,0,2,7,2,23,7,3,2,2,2,1,0,1,0,2,2,1,1,1,1,1,4,3,0,3,0,3,2,3,2,1,2,1,11,1,6,0,0,0,4,1,4,3,3,0,3,2,2,0,8,3,1,11,9,1,9,1,0,1,0,2,1,0,4,16,3,5,0,9,1,0,1,3,11,8,2,2,2,0,3,1,3,0,1,0,0,0,2,5,2,0,0,3,4,0,0,0,0,1,4,0,0,1,0,1,3,3,2,2,0,0,1,2,8,0,8,4,0,0,2,2,0,1,1,0,0,1,2,3,0,9,0,3,0,1,0,0,1,1,1,1,2,0,0,0,8,7,0,5,0,7,12,0,0,2,1,1,0,2,8,2,0,0,1,7,8,0,10,1,11,4,2,7,1,3,1,2,1,2,0,0,3,0,10,2,0,3,3,4,1,1,3,1,3,1,0,3,0,3,0,0,1,16,10,4,6,2,0,3,0,3,0,9,2,0,5,1,1,0,0,4,0,2,1,0,0,4,0,0,0,1,0,3,0,0,0,0,1,10,0,2
2,1,4,0,4,0,1,1,1,1,1,0,1,1,0,3,3,7,1,18,8,0,4,1,1,3,0,0,0,1,3,0,0,0,2,0,5,1,1,0,0,1,0,1,0,2,0,0,10,0,1,3,0,1,3,0,2,0,3,1,0,1,0,3,7,1,0,6,9,0,8,1,1,1,1,1,2,1,1,9,3,1,0,12,1,1,2,4,12,7,4,2,1,1,0,1,2,0,2,0,2,0,4,3,0,2,0,2,1,2,1,1,0,2,3,5,0,8,2,0,0,1,0,9,2,3,0,3,8,1,10,4,0,0,0,1,1,0,2,0,0,0,0,0,1,7,1,1,0,4,0,1,0,1,0,0,0,0,1,0,7,9,0,3,0,8,11,1,0,0,0,0,0,0,7,1,0,0,0,8,7,0,7,1,7,3,1,7,1,0,3,0,0,2,0,3,1,0,17,1,0,3,4,6,2,1,1,0,2,2,1,5,2,0,2,1,1,17,14,1,2,4,1,5,0,1,0,7,0,1,0,0,2,0,0,1,0,4,0,0,2,5,0,2,2,1,0,1,0,0,1,0,0,11,1,0
0,0,0,1,0,0,0,3,0,0,0,1,2,1,0,1,3,4,0,23,6,0,3,1,0,0,2,0,2,1,1,1,1,0,0,0,4,0,3,0,2,1,0,2,0,0,1,3,14,0,4,2,0,0,3,1,0,1,2,2,1,0,0,0,10,2,0,14,3,2,10,3,0,0,0,2,2,0,1,15,3,3,0,13,1,2,3,3,10,10,2,4,4,0,4,0,0,0,1,1,1,0,2,13,0,0,1,1,3,0,0,0,2,3,1,1,0,3,1,1,2,3,0,0,2,0,0,1,12,0,6,3,0,0,0,2,0,2,0,0,0,1,2,1,0,13,1,1,0,0,0,1,3,2,1,1,0,0,0,0,5,5,0,0,1,5,8,0,2,3,0,2,0,3,4,0,0,0,4,4,11,0,11,2,11,1,0,9,0,4,2,3,1,0,0,1,0,1,12,2,0,2,0,1,1,1,0,0,1,0,3,2,0,0,0,1,0,18,7,0,10,1,0,1,1,3,0,6,0,0,1,2,0,0,1,0,0,5,0,0,0,5,1,3,2,2,0,0,0,1,0,0,0,12,0,1
0,0,5,2,0,1,2,1,1,0,0,2,0,1,1,0,3,4,0,24,3,3,0,0,4,1,0,0,0,1,5,0,1,1,3,1,8,0,1,2,0,5,3,1,0,0,0,4,17,2,4,5,2,1,4,1,2,1,1,1,0,0,1,0,11,0,2,14,4,0,10,4,0,0,0,0,2,3,2,16,1,1,0,13,4,0,6,2,9,11,0,0,2,0,3,2,2,1,1,0,0,0,2,12,3,1,0,6,2,0,2,1,2,2,2,2,0,2,1,0,4,2,0,3,0,1,0,0,12,1,4,4,0,0,0,4,0,1,0,0,0,2,4,1,2,12,2,1,0,1,0,0,0,1,0,6,1,1,0,1,5,3,0,0,0,4,6,0,0,3,0,1,1,0,2,0,0,0,1,2,11,0,10,0,12,2,1,4,0,3,0,1,0,2,0,2,0,0,14,2,0,0,2,1,0,1,5,1,0,5,2,3,2,1,0,0,1,19,4,0,4,0,2,1,3,3,0,7,2,0,0,0,1,3,1,0,4,2,0,2,0,8,5,0,3,0,1,1,1,3,1,1,0,13,0,0
0,1,4,0,0,0,0,1,3,2,0,3,0,3,1,0,6,4,0,24,4,1,4,2,2,0,0,0,0,1,2,0,0,1,0,0,4,0,0,0,1,2,0,1,0,0,1,8,15,0,1,3,0,0,4,0,3,2,0,1,0,1,1,0,11,1,0,12,5,0,9,0,0,0,0,0,0,0,0,12,1,2,0,13,0,0,2,0,8,13,4,0,2,1,1,0,2,0,0,0,1,1,1,18,2,1,1,2,1,2,1,0,1,1,4,0,0,1,4,6,3,0,2,2,1,0,0,3,12,0,5,3,0,0,0,1,1,0,0,0,0,0,1,4,0,12,0,0,0,0,0,0,0,0,0,0,0,0,0,0,6,4,0,0,0,7,5,1,1,3,2,4,0,0,7,0,0,0,0,4,12,2,12,0,12,2,1,6,1,0,2,3,0,0,0,0,1,1,12,0,1,1,1,0,1,0,0,0,0,0,1,0,1,0,0,0,1,14,4,0,2,1,1,1,0,3,0,7,0,2,0,1,1,1,0,0,0,6,0,0,0,5,0,0,2,0,0,0,0,1,0,0,0,12,0,0
1,2,11,2,0,0,0,1,0,2,0,5,2,0,0,0,0,6,0,25,5,2,5,0,0,0,0,1,1,0,3,0,1,0,1,0,2,0,0,0,2,0,3,0,0,0,1,1,12,0,2,0,0,0,4,0,1,0,2,0,1,0,1,0,11,1,0,11,4,2,11,1,0,0,1,0,1,0,1,14,0,1,2,12,1,0,2,2,12,11,1,3,8,0,4,0,0,0,0,0,0,0,1,12,0,0,0,4,3,1,2,0,1,4,2,0,0,2,1,1,4,2,2,1,1,1,0,0,13,0,7,5,0,4,1,1,0,0,0,0,0,0,1,1,0,12,0,2,0,0,0,1,0,1,0,1,4,0,0,1,7,4,0,1,0,4,5,1,1,0,0,2,0,0,4,1,0,0,1,4,12,0,11,0,12,1,1,5,0,2,1,1,1,0,0,0,0,0,12,2,0,1,2,2,0,1,2,0,0,1,1,1,0,1,0,0,0,14,7,0,2,1,1,0,0,1,0,6,4,0,0,0,2,2,0,0,1,11,1,0,0,8,0,0,1,0,3,1,0,1,0,0,0,12,0,0
0,0,2,1,0,0,1,0,1,2,3,4,0,0,0,0,3,5,0,38,4,0,6,3,2,1,0,0,0,1,0,2,0,0,1,3,8,1,1,0,3,1,0,0,1,1,0,2,12,0,2,5,1,1,6,0,3,2,3,2,5,0,1,1,12,0,0,16,4,0,12,2,0,0,1,0,2,0,2,16,0,1,1,12,1,0,0,3,9,13,0,5,4,1,5,0,3,0,4,1,0,1,10,11,0,2,0,11,1,1,1,4,0,0,1,0,0,2,1,1,2,2,1,6,3,1,0,1,12,2,10,8,0,1,0,1,0,0,1,1,1,0,10,0,0,12,1,4,1,4,0,2,3,1,0,4,1,0,0,1,5,4,4,1,1,4,6,2,1,1,0,1,0,7,4,1,0,0,1,5,13,1,12,0,13,3,4,5,1,1,2,1,0,2,0,0,0,2,12,0,1,4,4,1,3,1,3,0,1,3,3,3,3,0,0,0,3,19,7,1,9,0,1,4,0,3,2,8,0,0,0,1,0,1,0,0,0,5,0,0,0,8,1,5,0,1,1,0,0,0,0,0,1,13,1,0
0,3,6,0,1,1,0,3,0,2,0,3,0,0,1,0,3,3,0,20,4,0,5,1,0,1,1,0,1,0,2,0,0,0,1,0,7,0,2,0,0,0,0,1,1,1,0,0,12,0,1,4,0,1,3,1,1,1,0,2,1,1,2,0,10,1,0,10,4,0,13,1,0,0,0,0,2,1,1,14,1,0,1,11,0,1,1,0,8,11,0,3,2,0,1,0,1,2,0,0,4,0,1,9,2,3,1,1,4,3,0,3,1,5,0,2,2,5,3,1,1,3,2,3,2,1,2,1,11,2,4,6,0,0,1,3,1,1,0,3,0,0,1,2,0,10,1,0,0,2,1,0,0,0,1,2,2,1,1,0,5,7,0,0,0,4,6,1,0,1,0,6,2,0,4,1,0,1,1,4,10,1,10,1,10,5,1,6,2,0,2,2,1,0,1,0,1,1,14,2,0,0,2,3,1,0,2,0,0,0,1,7,0,0,0,0,0,16,6,1,3,1,1,1,0,4,0,6,0,2,2,2,1,4,0,0,0,4,2,0,1,4,0,1,0,0,0,0,0,2,0,0,0,10,0,0
0,0,8,1,2,0,0,0,0,0,1,3,0,0,0,0,2,5,1,23,6,2,1,1,1,0,0,0,1,0,3,1,0,0,0,1,1,0,0,1,1,2,0,0,0,0,0,3,12,0,1,1,0,0,3,0,3,0,2,1,4,1,0,0,10,1,0,11,5,1,8,3,0,1,0,1,0,4,5,15,3,4,0,12,0,0,2,4,10,11,0,3,8,1,3,1,6,0,0,0,3,0,3,13,0,1,0,2,0,0,2,5,0,2,2,0,0,0,0,1,4,0,2,1,1,0,0,1,13,0,6,8,4,0,1,1,0,2,0,0,0,0,0,2,0,13,0,1,0,0,0,0,1,0,0,5,4,0,1,0,4,5,0,0,0,4,7,0,0,1,0,0,0,1,4,0,0,0,3,4,12,1,12,0,12,1,1,6,1,1,0,1,0,0,0,1,0,0,12,2,1,0,0,1,0,2,1,1,1,3,0,1,0,0,0,0,2,16,7,0,5,2,1,1,1,4,0,9,2,1,0,1,2,0,0,1,2,11,0,4,0,4,0,2,3,0,0,0,1,3,0,1,0,13,1,0
0,1,17,1,1,0,0,1,0,0,1,5,1,4,2,1,4,3,2,26,5,3,0,2,3,1,0,2,1,1,4,1,0,0,2,0,3,2,0,0,1,2,1,1,0,1,0,1,14,3,2,8,0,1,3,0,4,1,1,0,0,0,0,0,9,1,1,13,3,0,8,2,0,0,0,0,0,2,1,14,0,1,2,12,2,0,5,1,8,11,2,1,4,2,3,0,6,0,1,3,0,1,0,6,1,1,3,4,4,0,2,3,1,2,1,0,0,0,1,0,0,4,1,2,0,1,1,1,13,1,5,9,0,0,0,2,0,1,2,0,0,0,0,1,2,10,0,2,0,0,0,0,1,0,0,1,1,1,0,1,4,6,0,0,1,5,7,1,0,4,0,3,0,0,3,0,0,1,0,3,11,0,10,0,9,1,2,7,1,1,0,2,2,3,1,2,0,0,12,1,1,0,0,1,0,0,1,0,0,1,3,0,1,0,0,1,0,23,5,0,4,3,3,0,0,5,0,8,0,3,1,0,3,0,0,3,3,9,0,0,0,8,6,5,1,1,3,0,0,5,0,0,0,13,2,0
0,2,10,0,0,1,0,2,2,3,3,4,1,0,2,0,1,9,1,26,7,1,7,7,1,2,1,0,0,2,5,0,2,0,2,2,10,2,4,2,0,0,2,1,0,1,0,3,16,2,1,2,1,0,1,0,3,0,0,0,0,0,0,0,8,0,1,9,6,1,9,0,1,0,0,0,2,6,1,16,6,2,0,12,1,0,3,0,11,9,0,2,7,0,2,0,2,0,0,1,5,0,6,7,1,3,1,0,1,2,3,1,1,2,1,0,0,3,0,1,1,3,0,4,1,1,0,1,9,0,7,8,0,0,0,1,0,0,2,0,0,0,1,0,0,8,0,0,0,0,0,1,0,5,1,0,0,0,0,0,5,7,0,0,1,6,7,0,1,2,1,1,0,1,6,0,0,0,0,5,9,0,8,0,8,0,1,7,1,0,1,0,0,1,1,2,0,0,12,1,1,0,3,2,4,4,0,0,1,2,4,3,1,0,0,0,0,20,9,1,2,3,1,1,2,5,0,10,0,2,4,1,1,3,1,0,0,1,0,0,0,6,0,0,0,0,1,0,2,3,1,0,0,9,0,0
0,2,5,0,1,2,0,1,0,3,0,0,0,2,0,0,0,4,0,21,4,0,2,2,1,0,0,1,0,0,1,2,0,1,1,3,6,0,1,1,1,1,0,0,0,0,0,2,11,2,0,0,1,2,5,0,5,1,1,1,1,0,3,0,10,0,0,7,5,2,9,0,0,0,0,1,0,1,1,11,0,2,1,11,0,1,2,0,9,10,0,3,4,0,1,0,5,0,1,1,0,0,0,9,0,0,2,3,2,0,1,2,0,2,3,1,0,1,2,2,1,2,0,3,1,0,0,2,12,0,4,5,0,0,0,1,0,1,0,0,0,0,1,1,1,11,1,1,1,2,0,0,0,0,0,0,0,0,0,0,4,5,0,0,0,4,6,0,1,2,1,4,0,0,4,0,0,0,2,4,10,0,10,1,12,1,0,9,0,0,0,4,1,2,0,3,1,1,12,0,1,0,4,4,0,1,2,0,0,1,1,2,1,0,0,2,0,14,7,1,3,2,1,0,0,0,0,7,0,0,2,2,0,0,0,4,1,7,1,0,0,5,2,2,2,0,3,0,1,1,0,0,1,11,0,2
0,2,4,2,0,0,0,5,2,0,1,0,0,0,1,0,3,4,0,23,6,1,0,3,1,0,0,0,0,1,0,0,0,1,3,1,4,0,1,0,0,0,0,1,0,1,0,2,14,1,1,2,0,0,4,0,1,1,3,0,1,0,0,0,10,0,0,10,2,0,10,1,0,1,0,2,2,3,0,16,2,0,0,14,1,1,6,9,9,12,1,3,3,0,2,1,0,0,2,0,1,0,1,8,0,2,1,2,5,0,0,0,1,3,2,4,0,2,0,1,2,6,0,1,1,1,0,0,11,1,6,6,0,1,0,0,0,1,1,0,0,1,6,0,0,10,1,0,0,0,0,0,2,2,0,5,1,2,1,1,6,5,0,2,0,4,8,0,0,0,0,2,1,3,4,1,0,0,0,4,11,0,11,1,11,1,1,7,0,4,2,1,1,0,1,1,1,0,14,2,0,2,1,0,1,0,6,1,0,0,1,1,1,0,0,1,0,20,9,0,5,1,4,0,0,2,0,12,0,0,0,0,3,2,0,1,0,2,0,2,0,11,0,2,1,0,1,0,1,2,0,0,0,11,0,0
0,5,11,2,0,3,0,1,0,1,1,4,1,0,0,0,1,7,2,33,5,2,4,2,0,0,1,1,1,0,1,0,1,1,0,3,5,1,1,1,1,1,0,1,1,1,1,1,12,1,8,3,0,0,1,0,4,0,4,2,1,0,4,0,12,0,0,10,7,0,11,3,0,0,0,0,3,0,2,13,2,1,0,10,2,0,1,3,7,11,3,4,8,0,2,0,6,0,1,0,1,1,1,12,0,0,0,3,1,1,0,1,0,5,3,0,0,4,7,1,6,4,2,4,2,2,0,0,11,0,5,6,0,0,0,0,1,1,1,0,0,0,2,1,0,11,0,1,2,0,0,0,0,1,1,1,0,0,0,2,10,7,0,1,0,5,6,2,0,1,0,3,3,0,5,0,0,0,1,5,10,0,10,1,11,2,1,6,1,3,2,2,0,3,0,1,0,0,12,2,0,1,5,0,1,4,4,1,1,1,1,1,1,0,0,0,2,16,5,0,6,2,3,0,1,2,0,9,0,0,1,1,1,1,1,0,1,6,0,1,1,10,1,1,2,0,1,0,0,6,0,0,1,10,0,0
0,1,7,1,1,1,0,3,0,2,0,0,0,0,0,0,2,5,0,24,5,1,3,1,1,0,0,0,0,0,4,1,0,0,0,4,7,0,2,1,1,0,0,1,0,0,0,3,18,0,0,3,0,0,5,1,2,1,3,0,1,2,1,0,11,1,0,10,6,1,7,2,0,0,0,2,0,3,2,12,5,1,0,12,0,0,4,3,10,12,0,0,7,0,0,0,4,1,2,0,1,0,6,14,0,2,0,4,2,0,0,0,1,1,0,0,0,6,3,1,0,2,0,3,0,1,0,1,12,1,5,11,0,0,0,2,2,2,2,0,1,1,1,2,1,12,1,0,0,0,0,0,0,0,1,3,1,0,0,0,8,5,4,1,1,4,8,0,1,3,1,2,0,0,4,3,1,0,0,5,13,0,11,1,11,1,1,4,1,2,0,2,0,0,0,1,1,0,12,1,0,2,3,1,0,0,1,0,0,0,0,4,1,0,0,1,1,16,6,0,4,3,1,1,1,2,0,7,1,1,1,1,1,1,1,0,0,7,0,1,0,7,1,2,0,0,0,1,1,4,0,0,0,12,3,0
0,1,1,0,1,1,0,5,0,2,0,3,1,0,0,1,3,4,0,16,5,0,0,4,0,0,0,0,0,0,3,0,0,0,1,1,3,0,1,0,1,4,0,1,0,0,0,6,12,0,1,4,0,0,3,3,1,0,0,2,0,0,0,0,11,0,0,12,4,2,12,2,0,1,0,2,0,0,2,12,1,1,1,11,1,1,2,3,8,11,0,1,4,0,0,0,6,0,2,2,1,0,3,11,1,1,1,5,1,1,0,0,2,2,2,3,0,3,0,3,2,4,0,4,2,0,0,0,11,0,5,7,0,0,0,2,0,0,0,1,0,2,2,2,0,12,1,0,0,0,0,0,0,0,1,1,2,0,0,0,4,5,0,0,0,8,6,0,0,3,1,4,0,0,5,1,0,0,5,4,12,1,11,1,11,1,0,8,0,1,1,2,0,0,3,1,0,0,13,1,0,0,2,0,2,1,1,0,2,1,5,3,0,0,0,0,1,19,5,0,3,3,1,3,0,2,0,8,0,0,0,0,0,0,0,0,0,2,0,0,0,6,2,2,1,0,0,0,0,4,1,0,0,13,3,0
0,2,9,0,1,2,0,1,0,5,1,6,1,3,0,0,5,9,2,25,8,1,2,8,1,1,0,0,1,0,1,0,0,2,0,1,9,1,2,0,0,5,0,1,0,0,0,2,10,2,4,0,0,1,3,0,1,1,2,0,2,1,0,0,6,2,0,5,10,2,8,4,0,0,2,2,2,2,3,10,2,3,1,10,2,1,3,2,13,8,3,3,0,0,6,1,1,0,2,1,1,0,5,9,0,1,2,4,3,0,0,1,1,3,1,1,0,4,0,3,3,0,0,3,3,0,1,0,7,0,8,5,2,1,1,1,0,0,0,0,0,0,0,5,0,8,1,5,1,2,0,0,1,0,0,3,0,0,0,2,8,8,0,5,0,9,10,1,0,0,0,0,1,0,8,2,1,1,2,8,7,1,8,0,6,2,1,9,1,0,3,1,0,0,0,0,0,0,9,1,0,2,5,0,0,4,1,0,0,0,1,0,0,1,0,2,0,21,11,0,7,5,2,3,0,5,0,9,3,0,1,0,0,1,1,1,0,2,1,2,1,6,1,3,1,1,0,0,0,1,0,0,3,8,4,0
1,3,4,0,0,0,0,4,0,1,0,3,0,1,3,0,3,2,0,18,3,3,1,1,1,0,1,0,0,0,2,1,0,0,0,0,1,0,3,1,1,0,3,2,2,0,0,0,14,0,3,2,2,0,1,0,2,1,0,3,1,0,0,0,9,4,0,11,4,0,11,3,0,1,0,2,1,0,0,14,0,0,1,12,4,0,2,1,8,12,1,0,3,2,1,0,4,1,0,1,1,0,2,8,0,2,3,1,1,1,2,3,0,2,3,2,0,0,2,1,1,2,2,3,4,0,0,2,14,0,4,6,1,3,1,2,0,0,1,1,1,0,3,1,0,12,2,1,0,0,2,0,0,2,2,1,0,0,0,0,10,4,1,2,1,5,4,3,0,5,1,1,1,0,3,0,1,0,2,3,18,2,11,4,10,1,2,4,0,2,1,4,0,3,0,0,0,1,14,1,2,0,3,1,0,2,1,2,0,0,0,3,0,0,0,0,1,18,4,2,2,6,0,2,0,1,0,9,0,3,4,0,2,4,0,0,0,5,2,4,1,9,4,0,1,0,1,0,0,2,0,0,1,13,0,1
0,1,5,0,0,1,1,1,0,4,2,4,0,0,3,0,2,8,0,16,6,3,7,4,1,2,0,0,2,1,5,3,0,1,1,0,4,0,2,0,0,2,2,1,1,0,2,3,7,1,3,3,1,0,3,0,1,1,3,0,2,1,1,2,7,3,1,8,7,0,3,3,1,0,1,1,0,1,1,9,2,1,0,8,0,2,2,3,9,9,1,2,2,0,3,1,2,0,0,1,0,0,4,6,1,3,0,1,2,1,1,2,0,2,1,1,0,5,0,1,1,1,1,3,2,0,0,1,7,0,6,4,3,0,0,2,1,1,0,0,0,0,1,1,2,8,1,2,0,1,0,0,0,0,0,1,0,0,0,1,8,6,1,0,0,7,8,1,0,1,2,0,2,1,7,2,0,1,0,7,7,3,7,2,7,2,5,7,1,0,1,1,0,1,1,0,0,0,8,1,0,0,4,0,0,3,2,0,1,1,3,3,0,0,1,0,1,14,9,1,3,1,1,0,0,0,0,9,2,1,2,0,1,1,0,2,0,4,0,0,0,8,1,1,0,1,0,0,0,1,0,0,0,7,0,1
0,0,7,0,2,0,0,2,0,2,0,1,0,0,0,0,0,7,0,24,6,0,3,4,2,0,0,0,0,0,0,3,1,0,1,1,4,0,2,0,0,2,1,1,0,0,0,0,10,0,1,4,0,0,0,0,0,1,3,1,4,0,2,0,9,3,0,13,9,1,12,2,0,2,1,0,3,0,5,10,0,3,0,10,1,0,3,1,11,10,2,1,8,0,1,0,1,0,1,0,0,0,0,3,1,2,0,5,0,0,0,0,2,1,2,1,0,2,7,0,0,0,1,4,2,2,0,0,10,1,8,7,0,0,1,3,0,0,1,0,0,1,3,0,0,10,0,0,0,1,0,0,0,0,0,3,1,0,0,0,8,7,0,1,0,8,10,0,0,0,0,2,2,1,6,2,0,0,1,6,10,2,10,1,9,1,0,8,0,0,0,0,0,1,2,0,3,0,10,1,2,1,2,4,3,7,1,0,1,1,3,3,0,0,0,0,1,22,6,2,7,2,3,4,0,1,0,7,0,0,1,2,1,2,1,0,1,7,0,0,1,8,1,0,0,2,0,0,0,1,0,0,0,11,0,0
1,3,4,3,2,0,0,1,1,4,0,1,0,1,0,1,2,4,1,26,4,2,4,1,1,2,1,1,0,1,2,0,1,0,2,0,2,0,2,0,4,0,0,0,0,0,0,3,13,2,1,7,0,0,4,1,2,2,3,0,1,1,0,0,9,0,0,11,3,1,12,1,0,0,0,2,3,1,1,13,0,1,0,12,0,0,1,1,7,12,1,0,3,0,2,1,1,1,0,1,4,0,2,9,0,1,1,7,1,1,2,3,0,4,1,4,0,0,4,4,5,1,0,0,3,0,0,0,13,0,7,5,1,1,0,1,0,0,0,1,1,0,2,1,0,11,0,0,0,0,0,0,2,1,0,3,1,0,1,1,4,4,0,0,0,3,4,0,0,1,0,0,0,1,4,2,1,0,0,4,12,0,10,3,9,2,0,6,3,1,1,0,2,1,0,2,1,0,14,2,2,1,2,0,7,3,1,1,2,1,2,0,0,0,0,0,0,18,8,1,5,1,1,1,0,0,0,7,0,0,0,2,0,0,0,0,0,3,2,1,0,3,2,1,1,0,0,0,0,1,0,0,0,15,0,0
0,0,5,1,2,0,0,4,3,3,0,2,1,1,0,0,4,6,0,15,7,0,1,1,0,0,0,0,0,1,0,0,3,0,0,3,2,2,0,1,1,0,0,1,1,0,0,1,11,0,1,2,0,1,4,0,0,2,1,2,2,0,1,0,8,0,0,15,6,0,9,2,1,0,0,0,1,2,0,15,2,4,0,10,0,0,1,3,11,10,1,2,3,0,1,1,1,0,0,0,1,0,1,4,1,1,0,4,0,0,0,2,0,3,1,1,1,3,0,0,0,1,0,1,0,1,0,0,10,0,7,7,0,0,0,4,0,0,0,1,0,0,3,1,0,14,0,4,1,0,0,0,0,0,0,2,1,0,0,0,7,10,0,0,0,8,11,1,1,3,1,1,1,2,6,1,0,0,4,6,10,1,10,0,8,0,3,8,2,1,3,1,0,4,0,1,1,0,12,1,0,0,1,0,0,1,4,0,0,0,1,1,0,0,0,2,1,13,10,0,5,3,2,3,0,1,0,9,1,0,0,0,0,3,0,1,1,2,0,0,0,6,1,2,2,0,0,0,0,3,1,0,1,11,0,2
0,0,3,4,2,1,1,0,2,3,4,1,0,0,1,0,3,5,0,19,9,2,2,0,0,1,0,0,2,1,2,1,1,0,0,1,6,1,2,0,0,0,1,0,0,1,0,4,10,1,2,3,0,1,1,0,3,0,0,1,1,0,0,1,8,0,1,10,7,0,5,2,0,1,0,2,4,1,2,13,1,4,0,9,2,1,3,2,10,8,2,3,10,0,1,0,2,0,0,2,3,0,2,4,1,0,2,0,3,1,1,1,0,2,0,1,0,3,5,1,5,1,0,2,2,1,1,1,8,1,7,5,0,1,0,1,0,1,0,1,0,0,1,1,0,8,0,1,0,1,1,0,2,0,0,0,2,0,0,0,6,7,0,0,1,7,10,0,0,1,1,0,1,0,9,1,0,1,1,6,8,0,8,0,8,2,0,8,1,2,1,0,1,1,2,0,0,1,9,0,0,0,2,0,0,1,1,0,0,2,3,1,0,0,0,0,0,12,8,0,2,2,0,1,0,3,0,11,0,1,0,0,1,1,1,0,1,6,0,0,0,9,2,0,6,0,0,2,0,1,0,0,3,9,4,1
1,1,2,0,4,0,0,4,0,2,0,0,0,0,2,0,3,11,2,6,12,1,0,2,2,0,0,0,0,2,1,0,0,0,1,0,7,2,1,0,0,1,0,0,0,0,0,1,5,0,0,1,1,0,0,0,3,1,0,2,1,0,0,0,4,1,0,3,11,0,8,2,0,0,0,2,0,1,1,7,1,1,1,8,2,0,1,2,16,4,0,1,3,0,2,0,2,0,0,1,0,0,4,2,0,0,1,0,1,1,0,3,1,0,3,4,0,7,1,1,1,1,1,7,4,2,0,1,4,0,12,2,0,0,0,0,0,0,0,0,0,0,0,2,0,4,0,3,0,0,0,0,0,0,0,0,1,0,0,0,12,12,0,0,1,12,15,1,0,0,1,0,0,0,11,1,0,0,4,12,4,0,4,0,4,2,0,14,0,0,1,0,0,1,0,1,2,0,6,0,1,0,6,1,0,1,0,0,1,1,2,2,0,1,0,1,3,15,13,0,6,6,0,4,0,1,0,14,0,0,0,0,0,0,1,3,0,0,3,0,1,8,0,1,0,0,1,0,0,4,2,0,0,4,0,0
0,0,6,2,0,2,1,0,1,5,1,2,0,0,2,0,5,8,1,22,6,1,4,5,1,0,0,1,0,1,2,0,2,0,0,1,1,1,2,0,0,1,1,0,0,0,0,2,10,0,2,2,0,0,3,1,2,0,2,2,0,0,0,0,10,2,0,9,7,0,11,1,0,0,0,0,1,0,1,13,1,2,0,11,0,0,5,3,8,10,0,0,4,0,0,0,2,0,0,0,1,2,0,10,0,1,0,1,0,2,0,4,1,1,1,0,0,2,1,2,4,1,0,2,0,3,1,2,10,0,6,9,0,0,1,2,0,0,0,1,1,0,4,4,0,12,0,1,0,0,0,0,2,1,0,2,2,0,0,0,8,6,0,0,0,6,10,0,0,0,1,1,0,1,6,0,0,1,1,6,10,2,10,1,10,1,2,9,0,2,0,1,2,0,0,1,1,0,10,0,0,0,4,1,0,1,2,0,0,1,2,1,0,1,0,1,3,14,9,0,7,3,0,0,0,1,0,10,0,0,0,0,1,0,0,0,0,1,0,0,0,4,1,0,0,0,0,0,0,1,0,0,0,11,0,0
0,3,2,0,0,0,0,1,2,0,0,1,0,0,3,0,1,6,0,23,5,5,6,2,0,0,1,1,0,0,1,1,0,0,0,1,6,2,2,0,1,0,1,0,0,0,0,4,11,1,2,1,0,0,5,0,0,0,2,0,0,0,0,0,10,2,1,11,5,1,10,1,0,0,1,1,0,0,1,12,1,0,0,11,0,0,0,2,9,10,7,1,3,0,0,0,5,0,1,0,5,1,2,9,2,0,0,1,1,0,1,0,1,0,4,0,1,9,0,3,4,1,0,10,1,2,2,1,10,0,5,6,0,0,0,3,0,0,0,0,0,0,0,1,0,10,1,0,0,0,0,0,0,0,0,1,1,0,0,0,7,7,1,2,1,7,7,0,2,3,1,3,2,0,6,0,0,2,1,5,11,0,10,1,10,3,2,6,2,0,3,3,0,1,0,1,0,0,17,2,0,0,3,1,0,1,0,1,1,1,2,2,0,0,0,3,1,20,5,1,4,1,2,1,0,2,1,8,1,0,2,0,1,3,0,0,1,7,1,0,0,8,1,0,3,1,1,0,0,2,0,0,1,10,3,0
0,1,5,3,0,1,0,0,1,1,0,7,0,0,0,0,0,3,0,30,2,1,4,0,1,0,0,1,0,0,3,0,0,3,1,0,2,0,0,1,1,0,3,0,0,0,0,4,14,0,3,4,1,1,8,0,2,0,6,3,1,0,0,0,13,0,1,12,2,0,14,0,0,0,0,0,1,1,0,19,1,3,1,15,9,2,3,0,4,15,4,3,5,1,3,0,3,0,0,0,1,0,0,12,0,1,2,6,1,1,1,1,0,1,1,2,0,0,3,3,3,3,2,0,1,4,0,0,17,0,2,6,0,1,0,2,0,0,0,0,3,0,0,1,0,15,0,1,0,1,0,0,2,0,0,1,2,0,0,1,5,2,0,1,1,5,4,0,0,0,0,6,0,0,2,1,0,0,1,2,14,0,14,0,13,1,3,6,2,0,1,1,1,0,1,1,0,1,15,4,1,0,2,0,2,0,0,0,0,0,0,1,0,1,0,3,1,16,6,3,4,0,1,1,1,1,0,7,0,0,0,0,0,2,0,0,1,2,0,1,0,5,2,1,2,1,0,0,0,0,0,0,1,14,0,0
0,2,8,2,2,1,0,0,0,1,0,1,0,1,1,0,3,8,0,22,6,1,1,1,1,0,0,0,0,1,4,2,0,1,3,2,2,1,2,0,0,1,2,0,0,0,0,1,10,2,1,6,2,0,4,1,3,5,1,1,3,1,2,0,10,0,1,13,6,2,8,3,0,0,2,2,3,0,0,13,2,0,1,12,2,0,5,2,10,12,6,1,13,1,3,1,2,0,1,0,1,0,0,8,0,1,0,7,8,0,1,4,0,1,2,6,0,0,4,0,5,3,1,5,1,4,0,1,10,0,6,2,0,0,0,1,1,0,1,1,0,0,1,2,0,10,1,0,0,1,0,0,1,1,0,0,0,0,1,0,6,6,2,1,0,6,9,2,0,0,0,4,1,0,7,1,0,1,1,7,11,0,12,2,12,1,0,12,1,3,2,1,2,1,1,1,0,0,10,2,0,0,3,0,1,1,2,0,2,0,2,1,2,0,0,2,0,19,8,0,8,1,2,8,0,1,0,12,0,1,2,0,3,0,0,1,2,9,1,1,1,7,0,1,1,0,1,1,1,0,1,0,1,12,0,0
0,0,12,0,0,3,0,2,3,2,0,3,2,5,0,0,1,3,0,32,2,0,1,2,1,0,0,2,3,2,1,0,0,0,0,1,4,0,0,0,0,1,0,3,0,0,0,0,19,0,5,1,0,0,3,1,2,1,1,1,0,0,2,0,14,0,0,17,2,1,9,3,0,0,1,2,1,3,0,18,1,1,0,14,0,0,4,2,7,15,4,5,6,0,2,0,3,1,0,0,1,0,0,10,0,0,3,3,2,1,0,0,0,0,0,0,0,1,5,0,2,2,0,3,0,1,0,0,14,0,2,9,4,0,0,3,0,1,0,0,0,1,6,1,1,17,0,0,0,0,0,0,1,1,0,8,1,0,0,1,3,4,0,1,0,5,3,1,0,1,0,4,0,0,2,3,0,0,0,2,14,2,14,0,14,1,0,2,1,1,1,3,0,0,1,0,0,0,14,1,0,0,3,0,0,0,0,0,0,1,1,2,2,0,2,1,2,21,4,3,7,2,1,0,0,3,0,7,0,4,0,0,0,1,0,1,1,11,0,0,0,4,0,0,3,1,1,0,0,2,0,0,0,16,3,0
1,1,7,1,4,0,1,6,0,2,0,4,1,1,0,0,4,5,0,23,5,1,4,5,0,0,0,0,1,0,0,1,0,0,1,1,3,1,5,2,1,2,3,0,0,1,0,1,10,1,3,0,1,1,5,1,1,0,0,0,1,1,2,1,7,0,0,7,5,1,9,3,0,0,0,1,0,1,1,11,0,3,0,11,2,2,2,1,12,12,0,1,3,3,2,0,2,1,0,0,2,0,3,4,0,4,1,2,1,0,0,0,0,2,1,5,1,0,0,0,0,0,0,6,0,4,0,1,10,0,5,1,0,0,1,2,0,1,1,0,0,0,4,3,1,10,0,2,0,0,0,0,0,0,0,3,1,0,0,1,5,7,0,0,1,5,9,3,1,3,0,0,0,0,5,2,0,0,3,6,10,0,10,1,7,1,2,6,2,2,4,3,2,2,0,0,2,0,12,1,0,1,2,1,3,0,1,1,2,0,2,0,0,0,0,1,3,17,8,0,11,1,3,3,1,0,1,8,0,0,1,1,4,1,0,4,0,4,0,0,0,7,1,4,1,0,1,1,0,2,0,0,0,11,0,1
0,1,5,0,0,0,0,0,0,6,0,0,1,0,2,0,2,6,0,14,5,2,0,2,1,0,0,0,0,0,3,0,0,0,1,0,4,0,3,2,0,4,0,0,0,0,0,3,14,0,0,0,1,0,2,0,2,2,1,1,4,1,0,0,9,3,0,10,5,0,12,2,0,0,1,2,3,3,2,12,6,1,0,11,4,0,1,1,10,12,0,0,3,1,0,0,3,0,0,1,0,0,2,10,0,2,2,4,4,1,0,1,0,2,4,1,0,1,3,1,1,2,0,2,1,0,0,0,10,0,5,8,0,1,0,4,0,0,0,0,2,0,1,3,0,11,0,0,0,3,0,1,1,1,0,0,2,1,1,0,7,6,0,2,0,5,7,0,0,3,0,1,0,0,6,0,0,1,4,5,11,0,10,0,10,0,0,6,0,2,6,4,1,1,0,1,0,0,12,0,1,1,4,2,0,0,1,0,0,0,0,1,0,0,0,0,3,13,6,3,2,2,0,3,0,0,0,9,0,0,1,0,1,3,0,0,1,1,1,0,2,8,0,2,1,0,0,0,0,0,2,0,0,12,3,0
1,1,1,0,2,0,1,0,2,2,1,0,1,0,0,1,3,7,1,11,7,2,0,2,1,1,1,0,0,1,2,0,1,0,1,2,6,2,2,0,0,2,0,1,1,0,0,1,8,1,0,0,0,1,1,0,1,0,1,1,2,0,0,0,7,0,1,10,7,2,8,1,0,0,0,1,0,0,0,9,4,1,0,8,1,0,2,0,12,8,1,0,1,1,1,0,3,0,2,0,1,0,5,8,1,4,1,3,0,0,1,0,0,1,3,1,0,9,0,0,3,1,2,5,0,2,2,1,8,2,8,8,0,0,2,2,0,0,2,0,1,1,6,0,0,11,2,1,0,0,0,0,0,1,1,2,1,0,0,2,8,10,0,1,1,6,10,0,0,4,0,2,2,0,7,1,1,1,1,6,8,0,9,1,7,1,2,8,1,3,4,3,1,3,0,4,2,0,12,1,0,1,3,3,0,2,0,1,1,0,6,2,0,0,2,0,0,15,7,0,11,2,0,2,1,0,0,7,0,2,1,0,1,1,0,2,2,2,1,0,0,8,0,1,0,0,4,0,1,2,0,0,0,10,0,0
0,3,11,0,0,1,4,3,2,1,1,3,1,0,2,0,4,4,0,29,4,1,6,4,0,0,1,0,0,0,6,2,2,2,2,0,3,2,2,0,2,0,2,2,0,0,0,4,12,0,3,5,2,0,0,0,4,1,0,2,2,0,3,0,12,1,0,12,4,2,12,3,1,0,0,1,0,1,1,12,3,2,2,11,0,0,3,1,7,11,1,2,8,3,2,1,3,0,0,0,0,1,2,6,0,2,0,1,2,2,2,1,0,1,0,1,0,2,6,2,0,1,1,1,2,1,0,0,11,0,4,3,0,0,0,1,0,0,1,0,0,1,0,0,1,11,1,2,0,2,0,2,2,1,1,0,0,0,0,1,5,5,0,1,0,4,7,2,1,2,1,2,4,0,4,1,0,0,0,4,11,0,13,2,11,0,4,7,1,2,2,1,1,0,1,0,0,0,11,0,0,0,3,0,1,4,0,0,1,2,0,1,0,0,2,1,1,21,5,0,8,1,2,1,0,1,0,6,0,3,0,0,0,1,1,2,0,5,0,2,0,7,3,2,1,0,0,0,1,1,1,0,0,13,0,0
0,1,3,2,0,1,0,0,2,0,0,2,1,0,0,0,2,3,0,24,2,1,3,2,2,0,0,1,0,0,0,1,0,1,0,0,1,0,0,0,0,0,0,2,0,1,1,1,14,0,1,1,0,0,2,0,4,1,2,1,0,0,1,0,14,1,0,12,2,0,14,1,0,0,0,1,1,0,0,17,2,0,0,15,0,0,4,1,5,14,2,3,2,1,1,0,4,0,0,0,1,0,0,10,0,1,0,3,4,0,2,1,0,4,2,0,0,0,2,0,3,3,1,0,0,0,0,0,14,0,2,11,2,0,0,1,0,0,1,0,2,2,1,4,2,15,0,0,1,1,0,0,0,2,0,1,1,0,0,0,4,2,0,0,0,4,8,0,0,1,1,3,0,0,3,0,0,0,0,3,15,1,15,2,13,0,2,2,0,0,0,1,0,1,1,3,0,0,14,0,0,0,1,0,2,1,1,0,1,1,1,0,0,0,1,0,1,18,4,0,6,1,0,0,0,1,0,3,1,0,1,1,0,1,0,0,6,7,1,0,0,7,2,1,4,0,1,0,0,1,0,0,0,15,1,0
0,0,3,0,1,2,0,1,1,1,3,4,0,2,1,0,1,4,0,11,6,0,1,0,0,1,0,0,0,3,5,0,1,0,0,0,3,2,2,0,0,2,3,1,0,2,0,2,10,2,4,4,0,0,1,0,0,2,0,0,2,0,0,0,9,1,2,10,4,0,8,2,0,0,1,0,2,0,2,11,3,3,0,10,0,3,3,2,7,10,0,0,2,1,0,0,5,0,1,1,1,0,1,11,1,0,0,0,0,0,2,2,1,4,1,1,1,0,1,0,0,2,0,3,2,1,1,1,10,1,6,5,0,0,0,0,3,1,1,1,0,0,0,0,1,8,0,1,0,0,0,0,0,1,0,2,0,0,2,0,6,6,1,3,1,10,9,1,1,0,0,1,1,0,5,1,1,0,2,5,8,1,9,1,6,2,1,7,3,0,1,0,1,1,0,2,0,0,10,1,0,1,3,2,1,3,1,0,1,1,0,1,0,0,0,0,1,13,6,1,7,1,1,0,0,1,1,12,0,1,2,1,1,1,0,0,2,3,0,0,0,5,0,1,3,1,1,2,1,2,0,0,0,9,1,0
0,2,4,2,1,0,2,1,0,2,2,0,0,0,2,0,3,7,0,21,5,2,3,0,1,0,0,0,1,0,3,2,0,0,0,2,1,0,0,0,1,2,0,0,0,0,0,5,11,1,0,3,0,0,4,0,1,1,3,0,0,1,0,0,11,1,0,9,5,2,11,1,0,1,0,0,1,0,2,14,3,0,0,12,4,0,5,3,9,11,0,0,2,1,0,0,9,1,0,1,1,0,5,10,0,0,3,6,6,0,0,0,1,1,1,6,2,0,0,7,3,2,2,4,1,0,0,0,11,0,5,9,0,0,3,3,0,0,0,2,0,1,3,3,0,13,0,0,1,0,1,1,0,1,0,2,1,0,2,0,7,6,1,1,0,7,7,3,0,0,2,0,0,0,5,1,1,1,0,5,11,0,11,0,11,2,0,8,0,1,0,0,1,0,0,2,3,0,13,2,0,3,3,0,1,0,0,1,0,2,0,2,0,1,0,3,0,23,8,1,10,1,3,6,1,1,1,9,5,0,0,0,3,1,0,0,0,4,1,3,1,7,0,0,1,0,0,0,0,1,0,0,1,11,1,0
0,1,14,0,0,1,4,5,1,1,2,2,0,2,0,2,4,5,0,33,5,0,5,3,2,2,0,1,2,1,2,0,1,0,2,0,3,0,1,1,1,2,1,0,1,0,0,4,11,0,2,4,0,0,3,0,5,2,0,0,4,0,0,0,10,2,0,12,4,1,9,3,1,0,0,3,1,0,1,13,0,0,2,12,1,1,1,2,12,10,0,3,4,1,2,1,3,0,2,3,0,0,5,12,1,3,3,4,0,1,3,3,0,1,0,1,0,2,1,1,2,4,0,4,0,0,0,0,12,0,5,6,2,0,2,0,0,0,0,3,1,0,8,1,1,11,0,2,0,0,0,0,0,0,0,1,1,0,0,1,4,5,3,2,2,5,6,3,0,3,0,2,1,0,6,1,0,0,0,4,10,0,12,1,10,3,3,5,1,0,3,2,2,3,0,0,3,0,12,0,0,1,1,0,0,0,1,2,1,0,2,3,2,0,2,3,0,17,8,0,9,1,0,2,1,3,0,9,0,2,0,1,1,2,0,1,0,9,0,3,0,6,2,0,1,0,3,0,2,2,0,0,0,12,0,0
0,0,12,0,0,0,0,1,1,1,0,5,0,0,1,1,2,6,0,26,5,1,0,1,1,1,0,0,0,1,3,2,0,0,0,0,5,0,0,0,0,1,1,1,0,0,0,3,11,0,2,3,0,0,2,1,3,2,1,0,0,0,2,0,11,0,0,8,5,0,10,3,0,0,1,0,0,0,0,15,0,0,0,12,3,0,1,3,7,12,0,3,3,0,5,0,4,0,0,0,2,0,2,5,0,1,0,5,4,1,0,5,1,4,0,1,0,4,1,1,1,3,0,2,1,0,0,1,11,0,6,5,1,0,1,1,0,1,0,0,3,0,0,1,0,11,0,0,0,0,0,0,0,1,0,0,1,1,0,1,7,5,0,0,3,5,5,0,0,4,0,2,0,0,5,1,0,0,3,5,13,0,11,0,11,2,2,10,3,0,0,4,2,3,3,0,1,0,12,0,1,0,3,0,1,4,2,0,1,1,2,1,2,1,1,2,1,17,6,2,5,4,0,5,0,3,0,10,1,1,1,0,2,0,0,0,1,5,0,1,0,9,2,2,0,0,0,0,1,3,1,0,1,11,0,0
0,3,12,3,1,2,0,3,2,0,2,3,0,2,3,1,2,8,0,31,8,1,2,1,2,2,0,0,0,1,1,1,1,1,0,2,5,3,2,0,0,1,2,0,2,0,0,8,10,1,2,3,2,0,6,0,1,0,2,0,1,1,2,1,10,1,2,9,6,0,6,0,0,0,0,3,1,1,1,11,5,1,1,8,1,0,2,3,11,7,3,2,2,0,3,1,1,1,0,4,8,0,2,9,4,2,2,0,3,2,2,4,2,1,2,1,0,3,1,1,2,0,2,5,1,1,0,0,10,0,7,4,1,0,0,0,0,2,0,0,0,0,3,1,0,8,0,1,0,1,1,0,4,1,0,1,1,0,1,0,6,8,1,1,0,8,6,1,1,2,0,3,2,1,7,0,0,0,1,6,8,0,7,0,7,0,0,9,3,1,1,1,0,0,1,2,0,0,10,1,0,1,3,0,0,2,4,0,0,1,3,9,2,0,2,0,1,15,13,1,4,1,4,7,0,2,1,8,0,1,1,1,0,1,0,0,1,0,0,1,1,7,0,0,0,0,0,0,1,3,1,0,5,8,0,1
0,2,2,0,0,0,2,2,0,3,2,1,0,0,1,0,3,7,0,20,8,1,3,4,1,1,0,0,1,0,3,1,0,0,1,4,6,1,1,0,1,0,0,0,0,0,0,0,10,0,5,1,1,0,0,0,1,0,0,0,1,1,0,0,8,1,0,10,7,3,8,2,0,0,1,0,2,1,2,15,6,0,0,10,0,0,1,2,12,10,4,2,6,0,4,0,6,0,1,0,1,1,1,8,1,2,0,1,2,0,2,2,1,0,1,0,0,4,3,0,0,0,0,5,2,0,0,0,8,1,8,3,0,0,1,3,0,0,1,2,0,0,0,1,0,9,0,0,0,0,1,1,0,1,0,1,2,0,0,0,7,8,0,0,0,8,9,0,0,0,4,2,0,1,8,1,0,0,3,7,8,0,8,0,8,0,0,8,0,1,2,1,0,0,0,1,0,0,17,0,0,0,4,1,1,2,1,0,1,1,3,3,0,0,0,1,0,18,9,4,4,0,1,1,0,1,2,8,1,0,4,0,1,0,1,1,1,3,2,0,0,9,2,0,0,0,0,0,0,1,0,0,1,8,0,1
0,0,7,0,1,1,1,2,0,0,3,2,0,0,1,0,1,2,0,19,3,1,4,2,1,1,0,5,0,0,4,0,0,0,0,1,0,0,3,0,1,2,1,0,0,0,1,2,12,1,1,2,1,1,0,0,2,0,0,0,2,1,0,0,11,0,1,15,2,0,7,0,0,0,0,2,2,3,1,13,0,1,0,11,1,1,4,2,6,11,1,3,6,0,1,1,3,2,0,1,3,2,2,11,1,1,1,2,1,1,2,2,0,2,1,3,0,0,1,0,1,0,0,0,2,0,0,0,13,1,4,7,1,0,0,2,1,2,0,2,2,1,5,1,0,12,0,0,0,1,0,0,0,0,0,2,1,0,0,0,4,4,0,0,0,3,4,0,2,0,0,1,0,0,3,0,1,2,2,3,11,0,11,0,11,1,0,6,0,1,0,2,0,1,2,0,0,0,12,0,0,0,2,1,0,2,2,0,0,2,0,0,0,1,0,0,0,12,3,1,1,0,0,1,0,0,0,7,0,1,1,0,1,0,1,0,1,7,0,0,0,10,1,2,3,0,0,0,0,1,0,0,2,14,0,1
0,2,3,0,2,2,0,4,2,2,0,5,0,1,0,1,0,7,1,15,7,0,3,1,1,0,1,0,0,0,2,0,4,0,0,0,5,0,0,0,1,0,1,0,0,0,0,0,10,0,0,2,0,0,3,0,1,1,0,3,4,1,1,0,8,1,0,10,7,1,8,2,0,0,0,1,3,1,2,12,2,2,0,9,2,1,1,0,12,8,1,3,4,0,2,0,5,0,0,1,0,0,7,9,3,3,3,1,4,0,0,0,0,2,3,6,0,4,0,0,1,0,1,7,3,0,0,3,8,0,9,5,1,1,1,2,1,0,1,0,1,0,3,2,0,8,0,0,1,0,1,0,0,1,1,9,0,1,0,0,6,9,0,0,2,7,10,2,1,4,1,0,2,0,8,2,0,0,0,6,9,0,10,2,8,5,4,8,0,1,2,3,0,2,0,2,1,3,12,1,0,1,3,5,1,4,4,1,4,2,0,9,0,2,0,4,0,19,11,2,6,1,4,2,0,1,1,13,0,0,3,0,0,1,1,0,1,2,0,0,0,15,0,5,1,0,1,0,2,0,0,0,0,8,2,0
0,1,1,1,1,1,1,3,0,3,1,1,0,0,1,0,1,9,1,14,8,2,2,3,1,1,0,0,0,0,2,1,1,0,1,0,10,2,1,0,0,1,1,0,0,0,1,1,6,1,1,2,0,1,1,0,0,0,2,2,1,1,0,0,6,0,1,4,8,1,8,5,0,0,0,0,2,3,6,9,0,1,0,8,1,0,2,2,11,8,1,1,4,0,0,1,4,1,1,5,0,1,1,4,1,0,0,4,3,0,0,1,1,1,2,3,0,4,0,0,2,0,0,6,0,0,0,2,8,0,8,4,0,0,0,1,0,1,0,0,0,0,1,0,1,6,2,0,1,0,1,0,1,1,0,3,0,0,0,0,9,8,0,2,0,8,12,0,4,1,0,0,1,1,8,2,0,1,0,9,6,0,8,0,6,2,1,8,0,3,3,1,0,4,2,7,2,0,8,1,0,2,2,1,3,1,1,0,0,2,3,6,2,0,1,0,1,14,10,2,4,5,2,3,0,1,0,11,0,0,0,0,0,2,0,0,0,1,0,0,0,9,0,1,2,2,1,1,0,1,0,1,1,6,2,1
0,0,5,0,2,0,1,2,0,4,0,1,0,1,7,1,6,7,0,17,8,1,3,2,1,0,0,0,0,2,1,1,0,0,0,0,2,2,0,1,0,2,0,1,0,0,1,1,8,2,5,2,1,0,4,0,0,0,2,0,2,2,2,2,7,2,0,10,8,3,6,2,1,0,0,0,0,2,2,9,3,4,1,9,0,3,3,4,12,9,0,1,3,0,1,0,1,0,2,0,1,1,3,7,1,4,0,3,1,1,0,0,0,1,2,4,1,2,0,3,2,2,0,2,0,0,0,0,8,0,8,8,2,0,1,1,1,0,0,0,2,1,6,2,0,9,2,1,1,3,0,1,0,2,0,3,1,0,0,0,9,8,0,2,0,8,12,0,0,0,1,2,0,0,8,1,0,0,0,8,8,1,8,1,7,2,2,10,1,1,0,2,0,0,1,1,1,0,7,2,0,2,5,0,0,2,4,0,0,2,4,1,2,3,0,1,0,13,9,0,7,3,2,2,0,0,0,9,0,0,0,0,2,1,0,1,1,1,0,1,0,7,0,1,0,0,0,0,0,1,0,0,0,7,1,0
2,3,2,2,0,1,1,0,2,2,1,3,0,2,1,0,3,7,1,23,8,1,3,1,4,1,0,0,0,0,3,0,7,1,0,4,7,5,1,0,0,2,1,2,0,0,1,2,7,0,0,2,2,0,4,2,8,1,2,0,1,0,1,0,6,0,0,6,8,1,7,2,0,1,2,2,1,2,1,8,0,3,1,6,0,1,0,1,14,9,3,3,5,3,2,0,0,0,2,0,0,0,4,6,0,2,0,5,1,2,3,1,2,4,0,2,0,2,3,1,4,1,0,1,2,1,0,1,6,0,8,3,0,1,0,0,1,2,1,2,0,1,0,1,1,9,1,1,0,0,0,0,0,0,0,2,1,1,1,1,9,8,1,3,0,9,13,2,1,1,0,1,1,3,9,1,1,3,5,8,6,1,6,2,7,1,0,11,1,0,2,1,1,0,0,2,1,1,6,1,0,2,4,3,0,3,0,1,0,1,7,4,0,1,0,2,3,18,8,1,5,5,0,1,0,4,0,9,0,1,0,1,0,1,1,1,1,6,0,0,0,4,1,2,1,0,2,1,1,2,1,0,0,6,0,0
0,2,3,0,1,2,0,0,0,0,0,1,1,0,1,0,6,3,0,24,3,3,0,1,0,0,1,2,1,1,3,0,0,4,0,0,1,0,1,1,0,2,1,2,2,1,1,2,14,0,3,3,0,1,2,0,5,1,1,0,0,0,0,0,13,0,1,14,2,1,10,0,1,0,0,0,1,1,0,15,4,2,1,14,3,0,3,3,5,14,1,3,7,2,2,0,2,0,2,1,1,0,1,11,1,0,6,4,4,1,1,0,0,2,0,0,0,2,1,0,4,2,1,2,0,0,2,0,12,0,4,3,0,1,0,0,0,0,0,1,0,1,2,1,1,12,0,0,0,0,0,0,0,1,0,0,1,1,1,2,2,7,2,2,0,4,7,2,0,0,0,2,4,0,4,1,0,0,1,2,13,1,12,0,13,7,2,5,2,0,3,0,1,0,3,1,1,0,12,1,0,1,0,0,1,0,2,1,0,0,1,0,0,0,0,0,2,15,4,1,3,0,2,3,0,4,0,11,1,0,0,1,1,2,0,0,0,3,2,0,0,7,0,0,1,1,1,0,0,2,0,0,0,12,0,1
0,2,10,0,0,1,1,0,1,1,1,7,0,0,1,0,5,5,0,26,7,0,2,3,0,0,0,0,0,1,1,0,1,0,0,3,4,3,2,0,1,1,1,0,0,0,0,1,16,0,0,2,1,0,1,0,0,0,0,1,5,0,0,1,9,0,0,9,5,2,12,2,1,0,0,1,1,0,1,12,3,1,2,12,2,0,4,0,10,11,0,0,5,1,2,2,0,0,0,0,1,0,5,5,1,1,1,4,0,0,1,0,0,0,2,2,0,4,0,1,0,2,0,7,3,1,1,0,11,0,7,2,0,0,0,0,0,0,2,0,0,0,0,1,0,9,0,0,0,0,0,1,0,1,1,0,0,0,0,1,7,7,1,0,1,5,10,1,0,3,2,0,0,0,5,0,0,0,1,5,10,1,9,0,9,0,1,8,0,0,4,2,0,3,0,0,0,0,12,0,0,0,2,0,2,3,0,0,0,0,1,4,1,1,1,1,1,20,7,0,8,1,0,2,1,2,0,9,0,2,0,0,0,0,0,0,0,6,0,0,0,6,1,0,1,0,0,0,0,4,0,0,0,10,1,0
0,0,6,1,1,2,1,1,1,0,0,1,0,1,3,0,3,7,0,16,6,0,2,1,1,1,0,0,0,2,5,1,0,1,1,0,2,2,1,1,1,2,1,2,3,0,2,1,9,2,4,8,0,2,3,1,1,0,2,0,1,1,2,0,8,1,1,11,7,0,6,1,1,0,0,1,4,1,1,13,0,1,0,10,1,0,3,1,8,8,4,3,4,2,0,1,6,0,2,1,0,0,5,10,3,1,0,3,4,0,0,1,0,1,1,0,2,2,1,3,6,1,2,3,1,2,0,2,11,0,6,7,2,0,1,2,1,0,0,1,0,0,2,1,0,8,0,3,0,0,0,0,1,1,1,0,1,1,0,2,8,8,1,1,0,8,13,0,1,3,0,2,2,2,6,0,0,1,2,6,8,1,9,0,8,2,2,7,2,1,1,3,1,3,4,0,2,0,10,1,0,0,3,0,1,0,1,1,0,1,8,5,1,1,0,1,0,15,9,2,6,4,2,2,1,2,0,14,0,1,0,0,1,0,3,1,0,0,4,2,2,9,3,0,4,1,1,0,0,2,2,0,1,10,0,0
0,2,6,1,0,1,0,0,1,0,0,2,0,1,1,0,2,4,1,18,6,2,1,0,1,0,0,1,0,0,2,0,0,0,1,0,5,0,0,0,2,2,0,0,0,0,0,2,12,0,0,9,0,0,3,1,2,1,1,2,0,2,1,0,10,0,0,9,5,0,14,2,0,0,0,2,1,0,2,14,1,0,0,11,0,0,0,1,9,10,1,1,0,1,1,0,3,1,0,0,0,0,1,7,0,3,1,1,2,0,1,0,0,4,2,0,0,6,0,0,0,2,0,5,1,0,0,0,10,1,6,8,0,0,2,2,0,1,0,1,0,0,1,0,0,11,0,2,0,2,0,0,3,0,0,1,1,0,0,1,5,7,3,1,0,6,8,1,0,2,2,2,1,0,5,1,0,0,1,5,10,0,10,1,11,2,0,7,3,1,1,2,0,1,0,0,1,0,15,2,0,2,4,4,0,0,2,0,0,1,1,5,0,0,0,0,2,18,7,0,2,1,2,0,0,2,0,12,0,0,1,1,0,0,0,0,2,7,0,1,1,6,1,1,1,0,0,0,2,1,0,1,2,11,2,2
1,1,9,2,2,2,0,1,0,3,1,4,1,0,0,1,3,5,0,30,5,2,1,1,0,1,0,2,0,0,2,1,1,0,0,1,7,0,0,0,3,0,1,0,0,0,0,0,10,1,0,0,1,0,4,0,0,1,1,2,0,1,0,0,11,1,0,12,6,0,10,2,0,0,0,2,0,1,3,10,6,2,0,10,0,0,1,6,7,10,0,2,3,2,0,1,1,0,0,2,2,0,7,11,0,2,0,1,4,1,1,1,0,5,1,2,0,0,1,0,3,2,2,4,3,2,1,4,12,0,6,5,1,0,2,1,3,0,0,2,1,1,4,3,2,11,0,1,0,1,0,0,1,2,0,4,3,0,0,2,7,6,0,0,0,7,6,0,0,2,0,0,1,2,5,0,0,0,1,5,11,0,12,0,10,0,1,5,0,1,1,3,0,1,2,1,0,0,10,1,0,2,1,0,3,1,7,0,0,1,1,1,0,0,0,2,0,16,8,0,12,2,7,5,0,1,0,8,0,3,0,2,1,1,2,0,0,3,0,4,1,9,3,4,0,1,0,0,0,1,1,0,4,10,1,0
0,0,10,0,1,2,0,2,0,1,0,1,0,2,0,0,2,6,1,24,5,1,4,2,2,0,0,0,0,0,2,1,0,0,2,0,8,1,2,0,0,1,2,1,0,3,0,0,9,0,1,0,0,1,1,1,5,0,0,1,3,0,2,1,9,0,0,13,6,0,8,1,2,0,0,0,0,1,1,10,0,1,1,12,0,1,0,2,10,9,1,0,3,0,1,0,6,3,0,0,0,4,1,5,3,1,1,2,1,0,3,1,0,2,1,2,1,0,1,2,7,4,1,3,0,6,0,0,9,0,5,3,0,0,0,0,0,0,1,0,0,1,0,2,0,9,0,3,0,1,0,0,0,0,0,1,1,0,0,0,6,5,0,0,1,5,5,1,1,4,1,4,1,1,5,0,1,1,1,5,9,1,9,2,9,1,0,5,0,1,1,6,2,1,0,0,0,0,11,0,0,1,2,1,0,4,1,0,1,1,3,1,0,1,1,1,1,19,5,1,8,3,0,1,1,0,0,5,2,2,2,0,4,1,0,0,0,7,0,0,0,6,4,0,1,0,2,0,0,0,0,0,0,10,0,0
1,2,10,2,0,2,3,4,1,2,1,4,1,3,0,1,3,6,1,28,5,1,3,0,2,3,0,1,3,0,2,1,1,0,0,4,3,1,1,0,3,2,0,1,0,0,1,5,10,0,2,6,0,0,5,1,3,5,3,0,1,2,2,0,8,2,0,6,5,0,11,5,0,0,1,2,0,1,0,13,1,3,1,9,4,0,4,0,7,10,1,2,4,1,0,0,1,0,1,0,1,0,1,6,0,1,2,1,3,1,0,0,0,2,1,0,1,1,1,1,2,2,1,1,1,0,0,3,8,0,5,5,1,1,0,1,0,1,0,0,0,0,4,2,1,10,1,3,0,1,0,0,0,0,0,6,0,0,0,0,5,6,0,1,1,6,8,0,0,3,1,3,0,0,7,1,0,0,2,5,10,0,8,3,8,2,1,7,1,0,1,3,2,1,3,0,1,2,10,0,0,0,4,1,1,3,8,1,0,0,3,2,0,0,1,1,0,12,5,0,3,5,2,1,0,2,0,10,0,1,0,1,4,3,0,2,4,5,0,0,0,9,2,4,0,0,1,0,1,5,0,0,1,8,2,2
0,3,6,0,0,1,1,4,0,2,1,2,0,0,0,0,0,5,0,17,9,1,3,2,3,0,0,0,0,0,2,0,3,0,0,2,4,1,0,0,0,0,0,0,0,0,0,0,12,0,1,0,3,1,1,0,1,0,0,0,1,0,0,0,7,0,0,8,5,0,7,2,0,1,0,0,2,1,1,13,1,1,0,9,2,0,2,2,15,7,1,1,2,1,2,0,0,0,0,0,0,0,4,7,0,0,0,1,1,2,0,0,0,3,2,1,0,0,2,0,3,0,3,2,4,1,0,1,8,1,9,9,1,0,0,2,0,1,1,0,0,0,1,2,0,8,0,0,0,0,0,0,0,0,1,0,1,2,0,0,7,9,1,0,0,7,11,0,0,0,1,5,0,0,7,0,0,0,0,5,7,1,8,1,9,1,0,10,0,1,0,0,0,0,3,0,0,1,13,0,0,3,1,1,2,4,3,1,0,2,3,4,0,0,0,1,1,18,9,0,6,1,3,2,0,0,0,15,0,0,1,0,3,1,3,1,1,3,1,4,0,8,2,2,0,1,0,0,0,0,0,0,0,8,0,0
2,2,9,2,0,1,0,3,0,2,1,1,0,3,0,1,6,5,0,17,6,5,0,0,2,0,0,1,0,0,2,2,1,3,3,0,3,0,0,0,0,4,0,1,0,0,0,0,11,0,2,2,0,0,2,0,2,0,4,0,0,0,1,0,8,1,0,10,5,0,8,1,0,0,0,0,3,0,0,13,0,0,0,11,0,0,4,2,11,8,1,1,1,1,2,0,1,0,2,0,4,1,6,7,0,3,0,3,5,1,1,0,0,2,2,1,0,1,7,0,5,0,1,4,0,4,0,2,10,0,7,5,5,3,0,1,1,0,0,0,0,0,1,1,0,9,0,3,0,1,1,0,0,0,0,2,0,0,1,1,7,9,0,0,0,6,7,1,0,2,0,0,0,1,7,1,1,0,0,4,9,3,10,1,8,0,1,5,1,0,1,1,3,0,0,0,0,0,17,3,0,0,1,1,3,3,1,1,2,0,4,0,0,0,2,3,0,20,10,0,10,3,1,9,1,1,2,9,1,1,2,1,0,1,0,1,1,5,0,2,0,5,1,3,2,0,2,1,0,2,1,0,1,12,1,0
1,1,3,0,3,1,0,2,1,3,1,0,3,0,1,0,2,5,0,19,5,1,2,0,0,2,0,0,0,0,3,0,1,1,1,0,3,2,2,0,0,0,1,0,1,0,0,2,10,1,2,3,1,0,0,0,2,0,0,2,1,1,0,0,9,0,1,8,5,3,9,2,0,0,0,0,0,3,1,11,1,1,1,11,0,0,2,3,10,11,2,0,3,0,1,0,5,0,0,2,0,0,2,8,1,0,1,1,1,0,0,1,0,0,3,1,1,1,0,0,0,2,0,1,2,0,0,0,10,0,6,4,0,0,0,2,2,1,0,0,0,0,0,0,1,13,0,1,1,0,0,3,0,1,0,2,0,0,0,1,7,6,0,1,0,5,8,1,0,0,0,2,0,1,5,0,0,0,1,5,11,0,11,2,9,0,0,6,0,2,0,0,0,0,0,1,0,0,10,1,0,0,3,1,1,2,0,0,1,2,2,2,1,0,1,0,0,13,7,1,6,2,1,0,0,1,1,7,0,0,2,0,1,1,0,0,1,4,0,0,0,4,0,1,0,1,0,0,2,2,1,0,0,10,1,0
0,2,5,1,1,1,1,3,0,5,0,0,0,3,0,0,0,9,0,18,10,2,2,0,0,0,0,0,2,0,1,0,1,1,1,1,3,2,0,0,0,3,1,0,0,0,1,3,7,0,0,1,0,0,2,0,0,1,0,0,1,1,0,0,5,2,0,4,10,1,5,2,0,0,0,2,0,3,0,7,2,1,0,7,0,0,1,1,15,6,1,2,1,1,2,0,4,1,0,0,1,1,2,9,0,0,0,4,3,1,0,0,4,3,2,1,0,6,2,2,2,4,0,1,2,1,1,0,8,0,10,8,0,1,0,3,2,3,0,1,0,0,0,0,1,10,1,0,0,1,0,0,0,0,0,2,1,0,0,0,9,9,0,0,0,10,11,1,4,0,0,0,0,0,9,3,0,0,4,9,7,0,5,0,5,2,1,9,0,2,0,0,0,0,3,0,2,1,7,0,0,1,6,0,2,3,0,0,0,0,4,4,0,0,1,1,1,15,11,0,7,3,1,1,0,7,2,10,0,0,1,0,2,1,4,0,1,2,4,0,0,13,0,0,1,0,1,0,0,0,1,0,2,7,1,0
0,1,8,0,0,1,1,3,4,2,0,0,0,1,1,0,3,4,0,15,6,0,6,1,1,2,1,2,0,0,2,1,1,0,1,1,3,1,1,0,0,4,2,1,0,0,0,1,12,2,4,4,0,1,1,0,4,0,1,0,3,1,0,0,9,1,3,12,4,0,9,1,0,0,0,0,3,2,2,13,2,3,2,11,1,1,2,1,10,10,4,3,4,1,3,1,1,0,0,0,0,0,1,10,2,0,0,6,0,0,6,1,0,1,5,0,0,1,2,0,9,0,1,1,0,1,0,1,12,0,7,5,1,1,1,1,0,0,0,1,0,1,0,0,0,11,1,0,0,1,0,0,0,1,0,0,0,0,0,0,5,6,0,0,0,5,8,0,0,2,0,2,2,1,4,0,0,0,1,4,10,1,9,0,10,0,0,5,1,0,1,0,0,1,0,0,0,0,11,0,2,0,4,0,3,1,1,1,1,3,3,2,0,0,0,0,1,17,6,1,4,2,2,1,1,2,0,7,0,0,1,0,3,1,0,0,1,2,0,2,0,3,3,0,0,0,0,0,1,1,0,0,1,11,2,0
1,4,3,0,1,0,0,3,3,4,1,0,0,2,1,2,2,7,1,10,7,3,1,3,1,5,0,0,1,0,1,0,0,1,1,0,3,1,3,1,0,2,2,2,1,0,2,5,7,2,3,3,0,2,2,0,4,0,3,0,4,0,0,1,6,1,2,10,7,1,5,4,0,0,0,2,2,1,6,7,3,2,4,9,2,0,2,4,12,6,1,0,3,2,6,1,0,0,4,1,2,0,4,5,4,2,0,3,4,3,2,1,3,3,1,3,0,2,0,1,0,1,3,2,3,0,1,1,7,1,7,4,0,1,1,2,3,1,1,3,0,1,0,2,0,7,2,2,0,0,1,0,0,2,1,2,1,0,0,0,9,11,0,2,0,8,9,1,2,2,0,1,1,0,7,1,0,0,1,6,6,0,7,2,7,1,3,8,1,0,5,0,0,0,2,1,0,0,8,0,2,2,3,2,3,1,4,0,1,1,1,2,0,1,0,2,1,14,10,0,7,1,2,5,0,2,2,9,0,0,3,0,0,1,0,2,1,2,0,1,1,9,0,1,0,1,2,1,0,4,0,0,3,8,0,2
0,1,7,0,0,1,0,1,0,2,1,5,0,2,1,0,2,6,0,20,6,3,3,0,1,0,1,0,1,1,4,0,0,0,1,2,10,2,0,0,1,2,1,0,1,0,0,7,10,0,1,6,0,0,2,0,1,0,1,1,2,0,0,0,10,0,0,16,7,0,8,1,0,2,0,3,0,0,1,11,0,1,0,10,1,0,2,3,9,11,2,2,9,1,2,0,0,0,0,0,0,0,2,13,1,0,0,4,1,0,0,2,0,2,4,0,0,4,0,4,2,0,0,1,3,0,1,1,10,2,7,10,0,0,0,1,0,1,0,0,0,4,0,2,1,10,0,0,0,0,0,0,0,0,0,2,0,0,3,0,9,6,0,0,1,6,11,1,0,3,0,2,0,1,7,1,1,0,1,6,11,0,10,0,10,2,2,7,0,1,0,4,3,0,0,1,2,1,12,0,1,1,4,1,0,0,2,0,0,1,4,3,3,1,0,1,1,14,6,0,6,2,2,3,0,0,0,10,0,0,3,0,0,1,0,0,1,1,0,0,0,10,0,2,0,0,0,0,1,1,3,0,2,11,5,1
1,1,4,4,1,0,1,1,0,2,2,1,1,1,1,1,1,3,1,25,5,0,3,3,2,0,1,0,0,0,0,0,1,2,0,2,5,3,0,1,1,1,0,1,0,0,1,2,12,3,3,3,0,0,3,0,2,0,0,0,1,1,1,0,8,1,0,10,3,1,12,3,0,2,1,1,5,1,1,14,2,3,0,10,1,0,2,3,11,10,3,1,5,0,1,0,2,0,0,2,2,0,0,12,1,2,0,3,0,2,3,1,0,2,4,0,0,5,2,0,0,1,0,6,0,1,1,1,10,0,7,6,1,0,0,1,0,0,4,0,0,2,6,4,0,9,0,0,0,4,0,0,1,0,0,6,1,0,1,1,3,5,0,1,1,4,7,2,1,1,0,2,0,2,4,1,1,0,1,4,9,1,9,0,8,1,5,4,0,2,0,1,0,1,0,1,2,0,11,0,0,1,1,2,1,1,2,0,1,0,2,1,1,0,1,1,3,16,5,2,7,1,1,0,0,3,1,8,1,0,1,1,1,1,3,1,1,2,3,3,1,11,0,3,0,2,1,1,1,3,0,0,3,10,1,1
0,2,6,1,0,1,0,1,1,0,1,3,0,0,0,0,4,5,1,26,5,1,4,0,0,0,0,1,0,0,4,1,0,0,0,1,5,2,1,0,0,2,0,2,0,0,0,2,13,0,0,3,0,0,2,0,1,0,1,1,0,0,0,0,10,0,0,10,5,2,11,1,0,0,0,0,0,2,3,12,3,1,1,12,1,0,0,0,9,11,0,1,7,2,2,0,5,0,1,0,0,0,0,11,1,0,0,2,1,0,3,0,0,4,0,1,0,3,0,1,1,2,0,4,1,0,0,0,12,0,5,3,0,0,2,2,0,0,1,0,1,1,2,0,3,11,0,1,0,0,1,0,0,1,0,3,0,2,0,0,7,5,0,1,1,5,8,1,0,1,0,1,0,0,5,0,0,1,2,5,11,0,11,0,11,0,2,5,0,0,0,0,1,1,0,0,1,0,11,1,1,0,3,1,1,0,0,0,0,0,1,0,0,1,0,1,1,16,7,2,5,5,1,0,2,2,0,9,0,3,0,0,0,1,1,0,0,6,0,2,0,5,0,1,0,0,0,0,0,1,0,0,2,13,1,1
1,3,3,0,0,1,0,0,0,2,0,0,0,2,2,0,2,6,0,17,8,2,1,2,2,1,0,1,0,0,3,0,0,0,1,3,2,0,1,0,1,1,1,0,0,0,0,4,10,1,2,4,0,0,2,1,2,0,1,0,1,1,1,0,7,1,1,10,6,2,5,1,0,0,0,0,0,1,2,13,4,1,1,11,2,3,0,1,16,7,1,2,0,0,0,1,2,0,0,1,1,0,2,8,1,0,0,2,2,0,0,1,0,2,0,1,0,1,0,1,1,1,0,1,0,0,1,0,9,0,9,5,1,0,0,3,0,1,0,0,1,0,0,3,0,9,2,0,0,0,0,0,0,1,0,1,2,0,0,0,7,9,0,1,0,7,9,1,1,1,0,2,1,2,6,0,1,0,2,6,7,1,8,1,7,1,0,7,0,0,3,2,2,1,0,0,0,1,9,0,0,0,4,0,0,1,0,0,0,2,2,3,0,0,1,0,1,13,11,0,4,2,3,2,0,0,0,7,1,0,2,0,2,2,0,1,1,2,0,0,0,7,1,3,0,0,1,0,0,3,0,0,0,10,0,0
3,0,4,1,0,0,0,2,0,3,1,3,2,1,0,1,2,2,0,22,2,1,2,2,1,0,0,1,0,0,1,1,0,0,1,0,3,0,1,0,1,1,0,1,0,0,0,1,13,0,6,2,0,1,1,1,2,0,1,2,0,0,0,1,13,0,0,16,2,0,8,1,0,0,0,0,1,1,1,16,2,0,0,14,0,0,2,3,9,14,4,3,4,1,1,0,1,0,0,0,1,0,0,12,0,3,0,2,0,1,0,0,0,6,1,0,0,0,1,1,2,2,0,0,2,2,0,1,13,0,2,6,0,0,0,5,0,0,0,0,0,0,1,0,0,17,0,2,0,1,0,0,0,0,0,3,1,1,0,0,3,3,0,0,0,2,4,1,0,1,0,1,1,1,2,0,0,0,2,2,13,0,16,1,13,0,0,3,0,0,0,0,0,1,0,0,0,0,13,1,0,0,2,0,1,6,5,0,1,0,1,0,1,0,0,1,0,15,6,0,2,0,3,0,3,1,0,7,0,0,0,0,0,1,0,2,1,2,0,0,0,11,4,0,0,0,1,0,1,2,1,0,1,15,3,1
1,1,1,0,0,1,1,3,0,5,2,1,0,0,0,1,5,1,0,25,5,3,2,0,1,0,0,0,0,0,1,1,0,1,3,1,4,2,0,0,0,3,0,1,0,0,0,1,14,1,3,1,1,0,0,0,1,0,1,0,1,2,1,0,10,0,0,14,4,0,14,2,0,0,0,2,2,2,0,17,0,0,1,11,0,0,3,2,9,13,1,4,4,2,2,0,2,0,0,0,2,1,3,8,0,1,0,1,1,0,1,0,0,1,2,1,0,2,0,0,2,1,4,0,2,0,0,0,12,0,5,3,0,0,0,1,1,0,0,2,0,3,3,0,1,11,2,0,0,1,0,0,0,3,0,2,0,1,1,2,4,5,2,0,0,5,8,0,0,5,0,1,0,4,5,1,1,1,2,4,10,0,11,0,12,2,0,6,0,1,0,6,0,4,0,1,0,1,11,1,1,1,1,2,2,1,2,0,1,0,0,0,1,0,1,0,2,18,6,0,4,0,3,0,0,2,1,5,1,0,0,0,3,6,1,0,0,3,0,1,1,9,1,3,1,0,1,1,0,2,0,0,1,12,2,0
0,2,11,0,1,1,0,0,0,1,1,2,2,0,0,0,3,5,0,23,5,0,5,1,3,0,0,0,3,1,2,1,0,0,2,0,5,0,1,1,0,2,0,0,4,0,1,4,15,1,4,3,0,1,2,1,3,0,2,3,0,0,0,1,9,4,0,11,5,0,11,2,0,2,0,0,0,0,1,15,3,1,0,12,1,2,2,1,11,12,5,4,1,2,2,1,1,0,0,0,1,1,2,9,1,1,1,0,2,0,2,2,2,2,1,0,0,1,2,3,3,1,0,4,2,1,1,1,11,0,6,6,2,0,0,2,0,0,0,0,0,0,8,4,0,11,0,2,0,0,0,0,2,5,0,1,2,0,0,1,3,5,0,0,1,6,9,1,0,1,2,3,3,2,4,1,0,1,1,4,15,0,11,0,9,1,0,6,3,0,0,0,0,0,2,0,2,0,13,1,1,0,4,3,2,4,1,0,2,1,0,4,0,0,0,3,0,18,7,2,5,4,3,1,0,1,0,7,0,3,1,0,1,3,0,0,1,7,0,1,0,4,4,1,2,1,0,0,0,4,1,0,1,15,0,0
0,2,9,1,3,1,1,0,0,3,2,1,3,3,0,2,4,8,1,18,8,1,1,5,2,0,0,0,0,0,1,0,0,1,0,0,3,0,4,0,0,3,0,1,0,0,1,5,7,0,1,6,0,1,3,1,0,1,2,0,0,0,0,0,7,4,0,7,9,2,8,2,0,0,0,0,2,1,4,8,3,3,1,8,1,0,0,1,10,7,0,3,0,1,1,2,0,2,3,0,1,0,1,5,0,2,0,4,6,1,0,5,0,3,2,0,0,2,4,3,2,2,0,1,1,2,0,1,7,0,9,4,0,0,0,2,3,2,0,1,0,0,0,1,0,7,0,0,2,0,0,0,0,1,0,2,1,2,1,0,12,8,0,0,0,8,11,0,0,2,3,2,0,0,9,2,0,0,0,9,8,0,9,1,7,2,2,9,1,1,2,2,0,2,1,0,1,0,10,1,0,1,7,1,1,3,2,0,0,1,1,1,0,1,1,0,0,11,10,0,2,6,2,3,0,0,0,11,0,0,0,1,1,0,0,0,4,2,2,1,0,6,1,0,4,0,2,1,0,1,0,0,0,7,0,0
1,2,7,1,0,1,2,3,2,3,0,1,0,1,1,0,0,6,1,23,5,1,1,2,1,2,0,1,1,2,2,2,1,1,2,1,5,0,1,0,0,0,1,0,0,1,0,3,9,2,5,6,0,0,6,0,0,0,1,1,2,3,0,0,10,2,1,11,5,0,8,2,1,0,0,2,0,1,3,11,1,0,0,10,3,1,3,2,11,9,4,2,8,0,2,3,2,0,0,0,0,1,2,8,3,2,0,5,4,0,0,2,0,0,3,5,0,3,4,2,1,1,1,2,2,1,0,0,9,0,5,5,0,1,0,0,0,0,0,0,2,1,5,0,0,9,1,0,1,1,0,0,0,0,0,4,0,1,0,1,10,10,0,3,2,5,7,0,0,4,1,0,0,1,5,0,0,1,0,5,9,0,10,2,10,2,0,5,0,1,1,5,2,3,1,2,0,1,11,1,0,0,6,2,2,2,1,1,0,2,1,1,0,0,2,3,1,14,7,0,2,2,2,4,0,0,0,5,0,0,0,0,2,0,2,0,1,6,1,0,0,6,0,0,2,0,0,0,0,5,0,0,1,10,2,0
1,0,4,0,0,1,0,3,1,2,1,1,2,0,0,2,1,5,0,19,6,3,3,4,0,1,1,0,0,0,2,0,0,0,2,3,5,2,0,0,0,0,0,0,0,0,0,1,11,0,1,0,0,0,3,0,0,1,3,1,0,1,0,0,10,2,0,9,6,0,11,1,0,0,0,0,2,0,1,12,2,1,0,12,0,0,4,1,9,11,3,1,2,3,1,1,3,0,3,1,0,0,2,11,0,1,1,2,1,2,0,0,0,3,1,2,0,3,0,1,3,0,0,4,3,0,0,0,12,0,6,6,0,1,2,1,0,0,0,0,1,0,0,3,0,11,1,0,0,0,1,0,0,0,0,1,0,0,0,0,8,7,1,2,0,5,8,1,0,2,4,4,1,0,6,1,0,0,1,5,10,1,10,1,9,3,0,6,2,1,4,2,0,1,1,0,1,1,14,1,0,0,2,1,0,2,2,0,0,1,1,2,0,1,0,1,1,20,9,0,3,2,0,2,0,2,0,8,1,1,0,0,0,1,2,0,1,3,1,1,2,6,0,1,0,0,0,0,1,2,0,0,0,10,0,0
0,3,2,0,0,1,1,1,0,3,0,3,0,0,2,0,0,9,1,12,9,2,1,1,2,0,0,1,0,2,2,0,0,1,2,2,5,2,1,0,0,2,0,1,0,0,0,2,6,2,1,0,0,0,1,0,3,1,0,0,1,1,2,0,6,1,0,6,9,0,6,0,0,0,1,1,1,1,2,8,2,1,0,6,0,0,1,1,9,6,5,3,0,1,0,0,3,1,0,1,4,0,4,8,0,0,0,0,1,2,4,0,1,5,6,0,0,4,3,1,2,2,0,7,1,1,0,0,6,0,10,2,0,0,0,4,0,0,2,1,0,0,4,4,1,8,1,0,0,0,0,0,1,1,0,2,2,0,0,0,10,12,1,0,0,9,11,0,0,1,3,2,1,0,10,2,0,0,1,10,7,1,8,1,6,1,0,11,2,1,1,2,1,1,1,0,2,1,6,0,0,1,4,0,0,6,2,1,1,0,1,3,0,0,0,0,1,15,9,0,5,3,1,0,0,2,1,13,2,0,1,0,2,0,0,0,0,3,1,2,0,10,3,0,1,0,1,1,0,1,0,0,1,6,1,0
0,0,4,0,0,1,0,1,0,1,0,1,0,0,1,1,3,3,0,22,2,1,3,1,0,0,0,1,0,1,2,0,0,1,0,0,1,0,1,1,1,1,0,1,0,1,0,4,14,0,3,4,1,0,3,0,1,0,1,0,0,0,0,0,13,0,0,11,3,0,13,1,0,0,0,2,1,2,0,17,1,0,0,13,0,0,1,2,9,15,2,3,5,1,2,0,3,0,0,1,0,0,2,8,0,0,1,2,3,2,0,0,0,3,1,0,0,0,2,3,3,2,0,0,1,0,0,1,13,0,3,10,0,0,0,1,0,0,0,0,1,0,0,4,1,14,0,0,0,1,1,0,1,0,0,2,2,2,3,0,4,2,0,0,0,2,3,1,0,1,0,0,0,0,3,0,0,1,0,2,13,0,13,1,14,0,1,2,0,0,0,0,1,1,0,1,0,2,14,1,0,1,3,1,0,2,1,0,1,0,1,0,0,0,0,3,1,17,3,0,1,1,0,0,0,3,0,4,1,1,1,0,0,1,0,1,0,5,0,3,2,3,0,0,0,0,0,0,0,3,0,0,0,15,0,0
1,2,10,2,0,1,0,0,0,3,0,4,0,0,1,0,4,5,0,29,4,0,1,2,1,0,0,0,1,1,1,0,0,2,0,1,2,0,0,1,0,0,0,2,0,1,1,3,14,0,2,0,0,0,1,0,2,0,1,1,0,0,0,1,12,1,0,13,4,0,10,3,0,1,0,0,0,0,0,15,2,2,0,15,1,0,4,2,9,12,2,3,6,2,4,0,2,0,0,0,0,0,2,9,0,0,1,1,4,1,1,1,0,1,0,0,0,1,0,2,3,1,2,1,1,3,0,1,16,1,4,5,0,0,1,1,0,0,0,0,0,1,3,3,0,13,3,0,0,1,0,0,1,0,0,1,0,1,2,0,5,4,0,0,0,3,7,3,1,3,0,2,1,1,3,1,0,0,0,3,15,0,12,0,12,1,2,5,0,0,0,1,0,1,0,0,1,0,13,2,0,1,2,1,2,0,1,0,0,1,1,1,1,0,0,0,0,14,7,1,3,2,0,3,0,0,1,5,0,2,0,2,4,2,2,0,0,2,0,0,0,4,1,0,1,0,0,0,0,3,0,0,0,14,0,0
0,1,5,0,1,0,1,3,0,1,2,4,1,0,0,1,0,6,0,39,7,3,3,0,1,2,0,1,0,2,3,0,1,0,3,0,11,6,3,1,1,3,1,0,1,1,1,3,14,0,5,8,0,1,9,0,2,0,2,4,3,0,3,1,10,0,1,10,5,0,7,6,0,1,0,2,6,4,2,12,1,5,1,10,1,1,0,0,11,12,4,5,14,1,5,0,5,0,1,3,0,0,4,8,2,2,1,10,6,1,1,1,0,3,3,0,0,6,3,1,7,3,1,1,2,3,0,3,10,0,6,8,1,0,2,1,0,0,3,3,2,0,1,2,0,11,0,0,0,5,0,1,3,9,0,0,1,2,2,0,7,5,0,2,0,6,7,3,1,5,1,0,0,2,5,0,0,0,1,5,10,0,10,0,11,6,2,6,0,0,2,1,6,1,1,2,0,1,10,4,4,1,6,1,5,2,2,2,3,0,3,9,0,0,0,0,1,22,11,0,8,3,1,3,1,4,0,7,0,1,0,2,0,1,0,1,0,3,1,0,0,5,1,2,0,1,0,2,1,3,0,0,0,11,5,0
0,0,4,1,0,0,0,1,0,0,0,5,1,0,0,0,1,6,0,25,6,3,2,1,2,0,0,0,0,0,2,0,0,1,1,3,4,2,1,0,0,1,0,1,0,0,0,6,13,0,0,0,0,1,3,0,1,0,2,1,3,1,2,0,10,1,0,9,5,0,8,2,0,0,0,1,1,2,1,12,0,1,0,12,1,0,1,3,10,10,1,2,4,0,2,0,0,0,0,0,0,0,3,7,0,2,1,1,3,0,0,0,0,1,2,0,1,0,1,3,1,1,0,2,2,1,0,2,11,1,6,5,0,0,0,1,0,0,0,0,0,5,6,2,1,10,1,1,1,0,0,0,0,0,0,8,1,2,0,0,9,8,1,0,0,5,8,0,0,3,1,1,1,0,5,1,1,0,1,5,10,1,10,3,10,1,2,8,0,0,0,3,0,0,2,1,0,0,12,0,1,2,2,1,0,4,3,2,0,0,4,3,1,1,0,2,3,20,7,0,4,3,4,0,0,2,1,9,0,1,1,0,3,3,0,2,0,1,0,1,0,5,0,1,0,1,1,0,0,3,0,0,1,10,0,0
0,3,2,0,0,1,0,3,0,0,0,1,0,2,0,2,2,9,0,18,7,6,1,0,0,1,0,0,1,0,0,0,0,0,0,0,7,0,1,1,0,1,2,0,1,0,0,0,11,1,2,1,0,0,0,0,0,0,0,0,1,1,0,0,8,1,1,9,7,1,6,2,0,0,2,1,0,0,2,14,7,0,0,9,2,0,2,3,14,8,0,3,4,1,5,1,3,0,0,0,0,0,8,7,0,7,1,2,1,3,0,1,1,4,3,3,0,4,0,0,1,0,1,4,4,0,0,0,9,0,7,4,0,0,0,1,1,2,1,0,0,0,0,1,1,9,2,3,0,0,1,0,1,0,0,0,3,0,0,0,10,9,0,0,0,7,7,0,2,3,3,1,0,0,8,0,0,0,0,9,9,0,8,1,8,1,0,9,0,0,4,2,0,2,0,1,0,1,11,0,1,0,4,0,1,3,2,1,1,2,1,3,0,0,1,3,0,16,9,0,3,3,1,1,1,1,0,15,0,0,0,1,0,0,0,1,1,3,1,0,0,12,2,2,0,0,1,0,0,6,0,0,0,9,1,1
0,2,1,0,1,0,1,3,2,1,3,2,0,0,2,0,3,6,0,17,6,2,4,3,0,3,0,1,2,0,4,0,0,1,0,0,4,2,1,0,1,0,2,2,0,0,2,5,8,2,2,3,0,0,0,0,2,0,0,4,1,0,0,1,6,0,2,6,7,6,5,5,1,0,1,2,2,2,4,13,0,1,1,8,0,1,0,1,9,7,4,3,4,2,3,1,1,3,1,3,0,0,1,4,3,3,0,1,0,0,0,2,0,0,0,3,0,3,0,0,2,0,2,1,0,1,0,0,7,0,6,3,0,0,0,3,0,3,2,0,1,0,1,1,0,7,2,1,0,0,0,0,0,0,0,0,1,0,0,0,7,6,1,2,3,7,12,0,0,0,1,1,0,2,8,2,0,1,1,8,9,2,8,0,6,0,2,7,1,0,0,1,0,0,4,1,0,0,7,2,0,0,2,0,0,1,2,4,0,3,2,1,3,0,2,1,1,9,9,0,6,3,2,2,0,0,0,10,2,1,2,0,0,0,1,5,1,3,0,1,0,7,1,2,1,0,1,1,2,3,2,0,2,7,0,1
1,1,6,0,1,1,0,2,1,2,0,1,0,2,1,0,2,5,1,18,5,0,3,3,1,2,0,3,0,0,0,1,1,0,0,1,3,1,5,0,0,0,0,0,0,0,0,1,10,0,2,0,1,0,2,2,3,4,0,1,2,1,0,0,11,0,0,8,6,0,7,0,0,0,0,1,0,0,3,10,1,2,2,12,0,0,6,1,8,10,4,2,1,0,2,0,2,2,0,0,5,1,1,6,1,7,1,2,3,1,0,2,0,3,2,0,0,3,0,1,1,0,0,2,0,1,2,2,10,0,5,6,1,0,2,0,0,2,1,0,1,1,1,2,0,10,1,0,0,1,0,0,0,1,0,2,2,0,1,0,4,4,0,0,1,7,7,1,0,0,3,0,1,0,4,2,0,1,1,5,10,0,12,0,10,4,1,4,0,2,2,1,0,1,0,1,1,1,13,1,0,0,4,1,1,3,1,1,1,1,1,0,0,0,0,1,0,16,5,1,7,1,1,0,0,0,0,7,1,0,0,0,0,0,0,1,0,3,0,0,0,6,1,1,0,2,0,0,1,1,0,0,0,11,0,1
0,2,4,0,0,0,1,2,5,0,2,2,1,1,1,1,1,5,0,14,7,0,2,2,0,4,0,0,0,0,1,0,0,2,0,1,4,0,1,0,1,1,2,2,0,1,0,2,11,2,2,9,0,0,2,2,1,0,1,2,0,0,0,0,9,1,1,10,6,1,10,2,0,1,0,1,1,2,2,11,0,0,0,11,1,0,0,0,13,10,2,1,5,2,1,0,2,0,0,0,0,0,2,6,1,0,0,0,4,0,3,0,0,5,2,0,0,4,0,0,2,7,0,5,0,1,0,1,12,0,6,4,0,0,0,2,0,2,3,1,2,0,0,3,0,9,0,0,0,0,3,0,1,1,0,1,0,1,0,1,7,6,1,1,1,5,6,1,2,2,4,1,0,0,5,0,2,1,2,5,9,0,10,0,11,0,1,6,0,2,2,2,0,2,0,0,0,1,15,1,0,1,2,0,1,0,2,0,1,1,2,2,0,0,0,0,1,17,8,0,6,4,4,2,0,0,1,10,0,2,3,2,2,1,0,0,1,5,0,0,0,7,0,2,0,0,0,0,2,1,0,0,0,10,3,0
0,0,14,0,1,0,2,1,0,0,0,2,0,0,0,0,6,2,1,31,5,0,2,1,0,0,0,2,0,0,3,0,0,0,1,0,1,1,0,0,0,1,1,1,0,0,0,1,14,0,0,2,0,0,2,0,3,0,0,0,1,0,1,0,11,1,0,14,4,1,12,2,0,0,0,0,3,4,1,14,2,1,2,12,5,0,3,3,9,11,1,4,7,0,2,0,5,0,2,1,0,3,2,9,0,3,4,1,6,0,1,0,0,2,0,0,0,0,3,0,1,3,1,2,1,2,1,1,12,2,5,7,1,0,0,0,0,0,0,2,0,0,4,3,2,11,1,0,1,0,1,0,1,1,0,0,0,0,0,0,3,6,0,2,0,5,7,0,0,2,0,0,1,0,4,1,3,2,0,3,11,0,11,1,11,1,2,6,0,0,2,1,1,3,2,1,0,0,13,0,2,1,3,0,0,0,2,0,1,0,0,3,0,0,1,2,3,17,5,0,5,1,0,0,0,0,1,14,0,1,1,1,1,3,0,0,0,7,0,0,0,9,3,0,1,0,0,0,2,1,0,0,2,14,0,0
0,2,3,0,0,2,0,1,0,1,0,1,0,0,0,0,0,4,0,16,4,1,2,2,0,0,0,1,0,2,2,0,0,1,1,2,7,0,1,0,0,2,0,0,0,1,1,3,12,0,3,3,0,0,0,1,0,0,1,2,0,1,0,1,12,0,0,13,4,2,11,6,0,0,0,0,1,1,0,18,1,1,0,12,1,0,2,4,8,13,0,4,2,1,1,1,3,0,0,0,0,0,0,12,1,0,0,2,2,0,7,0,1,2,1,0,0,2,0,1,1,5,2,5,1,0,0,1,13,0,4,9,1,1,1,3,1,0,1,1,0,1,3,1,0,14,0,1,0,1,0,0,1,4,0,4,0,0,0,1,5,4,0,2,0,7,4,1,0,0,0,2,1,1,4,0,0,0,0,4,12,0,12,0,12,0,0,4,0,0,1,1,0,1,1,0,0,0,16,0,0,0,3,0,0,3,6,0,3,0,1,2,0,0,0,2,0,20,4,0,5,1,2,1,1,1,0,9,1,0,1,0,1,3,0,2,0,2,1,0,1,10,0,0,0,0,0,1,0,0,0,0,0,13,4,0
0,5,3,0,1,0,0,2,1,2,3,1,0,0,1,1,1,4,1,16,7,2,0,1,1,1,0,1,1,0,4,0,1,2,3,0,6,2,2,0,1,2,1,0,2,0,1,7,10,1,3,4,0,0,1,1,1,0,0,3,2,2,0,1,9,0,2,12,4,0,7,1,0,0,0,1,0,0,1,11,1,1,1,11,0,1,1,0,9,11,2,1,3,1,3,1,3,0,0,1,2,0,0,9,1,2,0,4,2,0,1,1,0,2,2,2,0,5,2,3,3,5,0,5,1,0,0,0,10,1,4,5,0,0,0,2,1,0,1,0,0,2,0,4,1,12,0,3,0,0,0,0,0,0,0,0,1,1,0,0,6,7,0,0,0,8,5,1,1,2,0,5,1,0,4,0,0,0,1,4,12,0,10,3,9,1,1,4,1,0,2,2,1,1,3,1,0,0,11,0,0,0,3,0,0,2,2,0,1,2,2,1,0,0,1,1,0,15,6,3,10,3,1,0,1,2,0,4,0,0,1,0,0,0,0,0,2,3,0,2,0,5,1,0,1,0,0,1,0,3,0,0,3,10,2,1
0,3,11,0,1,2,1,3,1,3,0,3,2,1,0,1,2,7,0,30,9,0,3,2,0,0,0,0,1,1,1,0,2,0,3,1,6,0,4,0,2,2,1,0,0,0,1,2,10,0,0,6,0,1,4,1,2,0,3,1,3,1,0,0,7,1,0,10,6,1,10,2,0,0,0,2,0,0,1,11,1,2,1,11,4,2,4,1,10,11,2,3,9,0,2,3,3,0,0,2,1,0,7,4,0,1,0,4,1,1,1,1,1,3,0,2,0,6,1,0,1,1,1,2,1,1,0,0,9,0,12,4,1,0,2,3,0,2,4,1,0,5,4,5,0,9,1,2,0,0,0,1,1,0,1,7,2,0,1,1,7,7,1,3,2,10,9,5,0,1,4,2,1,1,6,1,1,0,2,6,9,0,7,0,7,2,2,8,1,1,4,1,1,0,0,3,0,1,16,2,0,1,5,0,0,2,2,0,0,3,0,1,0,0,1,1,1,22,11,0,10,1,2,4,2,3,0,9,0,0,0,0,0,5,0,0,0,7,0,3,0,14,2,5,0,1,1,1,0,3,1,0,3,10,0,0
0,1,3,1,2,0,1,2,0,1,1,6,0,0,1,0,1,7,0,18,6,0,2,3,0,1,0,0,0,0,4,0,1,0,1,3,2,2,4,0,1,2,1,2,0,1,0,5,10,1,1,3,0,0,4,1,1,2,4,2,2,0,0,0,8,0,1,8,5,0,10,3,0,0,0,1,1,0,2,12,2,0,0,9,2,1,3,2,9,9,1,1,1,0,1,0,2,0,2,1,0,0,3,7,1,2,2,2,3,1,0,1,0,2,3,2,0,2,5,4,5,0,0,6,2,1,0,1,9,0,6,9,0,1,0,3,0,0,0,0,0,1,2,2,0,10,1,0,0,0,0,0,0,2,0,2,2,0,0,0,5,9,0,1,0,6,6,0,0,1,0,0,1,1,6,0,0,0,2,5,9,0,10,0,8,1,1,8,0,1,0,0,0,0,0,0,0,0,11,1,0,0,3,0,2,3,1,0,0,1,0,1,1,0,1,1,0,14,8,2,1,1,2,4,0,0,0,10,0,0,0,0,0,0,0,0,3,0,0,0,0,8,0,1,0,0,0,0,0,3,1,0,0,9,3,0
2,0,4,0,1,1,0,3,0,3,4,2,0,1,1,0,2,6,0,13,8,0,1,0,1,1,0,3,1,2,2,1,0,0,0,0,7,0,1,0,0,2,1,0,0,0,0,2,8,2,4,2,1,0,1,1,0,0,0,0,1,0,0,0,7,0,1,6,6,1,5,2,1,0,0,0,3,5,1,9,1,1,0,9,0,0,2,3,12,8,2,1,3,3,1,1,1,0,0,2,4,0,2,8,1,2,0,1,0,1,1,1,2,0,0,0,0,0,1,0,2,1,2,2,1,0,0,2,9,0,10,5,0,1,0,2,0,0,1,1,2,0,0,1,0,9,0,0,1,0,0,1,0,1,0,0,2,1,0,2,8,7,0,0,0,6,8,0,1,0,0,0,1,0,7,0,0,0,2,6,8,0,8,1,7,2,0,7,0,0,1,0,0,0,1,0,0,1,8,0,0,0,2,0,2,1,2,0,4,1,4,3,2,0,0,1,3,13,9,2,4,3,1,2,0,0,1,9,2,1,2,0,0,1,1,3,1,5,0,3,0,9,3,2,2,2,2,0,2,3,0,0,4,10,2,1
0,0,7,1,0,0,1,1,0,1,2,5,0,0,1,0,3,6,0,27,6,3,3,2,2,1,0,1,0,1,0,0,0,0,0,0,7,0,1,0,1,1,1,0,0,0,0,1,13,0,0,3,0,2,3,0,2,1,1,2,1,0,0,0,11,0,0,13,4,1,7,4,0,0,0,0,2,1,1,13,4,0,2,12,1,1,5,1,11,10,1,0,4,0,2,0,2,0,0,0,2,0,1,6,0,0,1,0,2,0,4,0,0,3,1,1,0,3,3,0,2,1,0,5,4,1,0,0,10,0,6,7,1,0,0,0,1,1,2,0,2,0,3,2,0,10,1,0,1,0,2,0,0,0,0,5,0,1,0,0,6,7,0,1,0,5,7,0,1,1,2,0,0,0,5,0,1,0,0,4,10,0,10,3,10,0,1,7,0,0,4,5,0,2,3,0,0,0,12,0,0,0,2,1,0,4,4,0,1,0,0,1,1,0,0,0,0,22,6,0,3,1,2,1,0,0,0,9,0,0,1,0,2,3,0,0,0,4,0,0,0,7,2,1,1,0,0,0,0,0,1,0,0,10,1,0
0,0,9,0,0,1,0,0,1,1,0,0,0,0,0,0,0,5,0,16,5,0,1,0,2,0,0,0,2,0,4,0,0,0,0,1,4,0,0,0,0,1,1,1,1,0,0,3,11,1,1,4,0,0,0,0,4,0,0,0,0,0,0,0,10,1,0,12,5,0,7,4,0,0,1,0,0,0,1,12,0,0,0,11,0,0,3,4,11,11,0,3,5,1,0,0,4,0,0,1,4,0,1,10,0,0,0,3,1,1,0,2,0,2,0,0,0,3,0,2,3,2,0,2,0,1,0,0,12,0,5,3,0,1,1,1,1,1,1,0,0,1,0,1,0,11,0,0,1,1,0,0,0,0,0,1,1,0,0,1,7,5,0,0,0,5,7,1,0,2,0,1,0,0,6,1,0,0,0,5,11,0,12,1,10,0,2,7,1,0,1,2,0,0,2,0,1,0,13,1,0,0,4,0,3,2,1,0,0,0,5,0,1,1,0,0,1,17,5,1,0,3,0,3,0,2,1,7,0,0,5,0,0,2,0,0,1,4,1,1,0,11,1,0,0,0,0,0,1,1,0,0,0,13,2,0
0,1,7,2,0,1,1,1,0,2,0,3,0,2,0,1,1,5,1,30,5,2,3,2,5,0,0,2,1,2,2,0,0,0,1,3,4,1,2,0,0,1,0,0,0,0,0,2,13,0,2,0,0,0,0,0,2,1,0,1,0,1,1,0,10,0,0,11,5,0,9,2,0,0,0,0,0,1,1,13,1,1,0,12,2,0,1,2,10,11,3,1,5,0,0,0,4,0,2,0,2,0,0,13,0,1,2,3,2,0,1,1,0,1,1,1,0,3,3,1,1,4,1,5,0,0,0,0,13,0,5,10,1,0,0,3,1,0,0,0,1,0,2,2,0,13,2,1,0,0,2,0,1,0,0,2,5,1,0,0,6,5,0,0,0,6,7,0,0,0,1,1,0,0,5,0,0,0,5,5,11,1,14,0,10,0,0,6,2,2,0,0,0,1,0,1,0,0,15,0,1,0,2,2,7,4,2,0,1,0,4,0,0,0,1,0,0,17,10,0,8,3,1,1,0,1,0,9,1,2,0,0,0,1,0,0,0,4,1,0,0,3,2,3,0,0,0,1,0,0,0,0,0,13,0,0
0,0,9,0,0,2,1,0,0,4,1,2,0,0,1,0,4,6,0,24,6,2,4,1,0,0,0,0,1,0,1,0,0,0,1,0,5,0,0,0,0,2,1,0,1,0,0,0,11,1,0,4,0,0,3,1,1,0,1,1,1,0,0,0,10,0,0,19,5,0,10,1,0,0,0,0,0,0,1,13,5,0,0,12,0,0,0,1,7,12,0,1,4,0,1,0,2,0,1,0,3,1,4,5,0,2,0,3,0,0,1,3,0,2,1,0,0,2,0,0,1,4,1,0,0,0,0,0,11,0,6,2,0,0,0,0,0,1,1,1,0,1,2,1,0,10,0,0,0,0,0,0,0,0,0,0,0,0,0,0,9,6,0,0,0,7,8,0,0,3,2,2,1,1,6,1,0,0,2,5,12,2,10,0,10,2,1,5,1,0,0,1,2,3,1,0,3,1,11,0,0,1,1,1,1,1,5,0,1,3,3,2,0,1,0,1,3,19,8,0,11,2,2,0,0,2,0,10,2,0,0,1,1,3,0,1,1,5,0,3,0,8,2,1,1,0,1,0,1,1,1,0,0,12,1,1
1,2,8,1,1,1,0,1,0,3,1,4,0,1,2,0,3,8,0,17,7,0,2,1,1,0,0,0,2,0,1,0,0,2,1,0,7,2,0,0,1,2,0,0,0,0,0,2,9,1,4,6,1,1,0,3,1,1,2,0,1,2,0,1,7,3,0,6,7,0,7,0,0,0,0,4,2,0,0,9,0,1,0,8,1,2,6,1,10,10,3,4,7,1,5,0,3,0,1,0,3,1,2,6,2,1,0,8,3,0,1,0,0,0,0,4,0,2,0,0,1,2,2,5,1,0,0,1,9,0,7,4,0,0,1,2,0,0,0,0,0,1,1,0,0,8,1,1,0,1,0,1,1,1,0,1,1,0,1,0,8,8,0,0,0,10,9,1,1,3,1,1,0,0,7,0,0,0,1,7,9,1,11,1,7,0,0,8,1,1,1,4,0,0,0,1,0,0,10,1,0,0,3,0,0,0,0,0,0,1,1,2,0,0,0,1,1,14,9,1,8,5,3,1,1,0,0,8,0,1,0,1,0,0,0,4,1,2,0,0,0,3,0,3,0,1,1,0,0,1,0,1,0,8,0,0
0,3,0,0,1,0,0,0,1,1,2,0,0,1,2,0,1,11,0,12,10,1,4,1,1,2,1,0,0,0,3,0,1,0,0,2,3,0,5,0,1,2,1,0,0,0,0,2,7,1,3,3,0,1,0,0,0,0,0,2,2,0,0,0,6,1,1,5,9,0,9,3,0,0,0,0,0,2,2,10,1,2,1,9,0,0,2,1,11,6,0,2,1,0,2,1,1,0,1,3,0,0,3,3,1,1,0,1,1,1,0,1,2,0,0,8,0,2,0,0,1,0,0,10,2,1,1,0,6,1,10,3,0,0,0,1,0,0,1,2,1,1,0,1,0,5,0,0,0,1,1,0,0,1,0,1,1,0,0,0,9,10,0,0,1,9,10,1,0,1,2,3,2,1,9,0,0,1,5,9,5,1,5,0,5,0,1,10,0,0,0,1,2,0,1,1,0,0,6,0,1,1,4,0,0,1,1,1,2,2,2,4,0,0,0,1,0,11,12,0,1,5,1,2,0,6,0,12,1,0,1,0,0,1,1,0,2,1,0,0,0,7,0,0,0,0,1,1,1,2,0,0,2,6,1,1
2,0,12,0,1,0,0,2,0,2,3,1,2,5,0,0,1,4,0,29,5,1,3,2,1,0,0,2,0,0,3,0,0,0,1,2,6,0,3,0,1,0,1,2,1,0,0,1,11,0,2,4,0,0,7,0,2,0,4,2,0,0,0,0,10,0,0,11,4,0,7,1,0,0,0,0,1,2,0,13,2,2,0,12,1,0,2,1,10,10,1,1,7,0,2,0,6,0,0,0,5,0,1,9,0,4,1,12,2,0,1,7,0,7,1,0,0,1,2,2,2,4,1,2,2,5,0,1,10,1,5,6,0,0,0,0,2,1,1,1,0,1,1,0,0,11,0,1,0,0,1,0,0,0,0,4,1,2,0,0,5,5,0,0,1,5,6,1,0,1,0,1,0,0,4,0,0,0,0,4,10,0,10,0,10,0,3,5,0,1,0,1,0,0,0,2,0,0,12,0,2,0,2,1,1,2,4,1,1,1,3,2,0,0,0,1,0,16,5,0,2,1,2,3,0,2,0,8,1,2,0,0,6,1,0,1,4,7,0,1,0,15,2,0,3,0,1,0,1,2,0,0,1,15,0,0
1,4,2,2,1,0,1,2,0,7,0,2,1,1,1,1,1,5,0,20,7,3,2,3,1,0,2,1,0,0,1,2,0,0,2,0,0,0,3,0,3,1,0,0,2,0,0,0,10,0,2,2,0,1,5,0,3,0,2,5,0,2,0,0,5,0,0,7,4,0,9,0,0,1,1,1,1,0,1,10,0,0,0,10,1,0,1,1,12,7,0,2,2,0,0,0,3,0,0,1,2,0,2,5,3,3,1,4,0,5,0,2,2,2,0,2,1,2,0,0,2,1,1,5,2,0,1,2,9,0,8,5,1,0,0,1,0,1,1,1,2,1,0,3,0,8,1,0,0,1,0,0,5,1,0,3,0,0,0,0,5,7,0,1,1,5,11,2,0,0,0,1,0,0,6,1,0,0,1,5,7,0,7,0,5,1,2,9,2,1,1,0,0,0,0,0,1,1,13,0,2,3,4,0,2,5,1,1,2,1,1,2,1,0,0,1,0,18,9,1,4,4,1,0,2,1,0,9,0,2,1,0,3,3,0,1,2,1,1,2,1,2,2,0,0,1,0,2,0,0,4,0,1,10,2,1
0,2,2,1,0,2,1,2,0,5,0,3,0,0,0,1,1,8,0,18,10,1,2,1,1,1,0,0,1,1,0,1,1,5,1,0,7,1,0,0,1,0,0,0,0,0,0,4,13,0,4,0,1,1,4,0,0,1,2,0,3,3,0,0,6,0,0,8,8,0,8,1,0,0,0,1,0,0,1,17,3,2,0,10,0,0,0,2,12,7,2,1,4,2,3,0,2,0,0,0,1,0,4,10,0,3,1,1,1,2,0,0,1,2,0,0,0,3,1,2,3,2,1,4,2,0,0,1,7,2,10,3,2,0,0,3,2,0,1,0,0,0,0,3,0,7,0,1,1,0,1,1,3,0,0,0,1,0,0,0,8,11,0,1,0,7,12,1,0,0,2,0,1,1,7,2,1,1,1,7,6,0,7,0,6,2,0,11,0,1,2,0,0,0,0,0,1,0,10,2,3,1,4,2,1,1,1,0,0,1,1,5,0,0,0,1,0,20,12,1,5,0,3,1,0,3,0,11,0,0,0,2,0,2,1,0,0,0,1,0,0,9,1,1,0,1,0,0,0,2,1,0,0,7,0,2
0,2,10,2,0,1,4,0,3,0,0,2,0,1,1,0,3,4,0,33,5,2,5,1,0,1,1,0,0,0,4,0,1,1,1,0,2,1,1,0,1,0,1,0,0,0,0,6,16,3,2,5,1,0,2,0,1,0,2,1,0,0,3,0,10,5,1,16,2,0,9,3,0,0,0,2,0,0,2,15,2,1,0,13,0,2,2,2,11,12,4,3,2,0,2,0,6,0,0,0,2,0,4,7,2,3,0,2,1,0,2,2,0,1,0,0,0,3,2,4,4,1,0,4,1,1,0,0,13,0,4,8,0,0,0,3,0,1,1,0,0,2,0,3,0,11,0,1,0,2,1,0,1,4,1,1,0,2,0,0,1,3,0,0,0,4,6,1,0,2,1,2,0,1,3,0,0,0,2,1,12,0,11,0,10,1,2,3,1,2,0,4,1,0,0,0,0,0,19,3,0,0,2,2,0,0,0,0,1,1,1,1,0,4,0,0,0,17,6,0,4,1,0,1,1,1,0,8,0,2,0,1,0,1,0,1,0,6,0,0,0,4,2,2,1,0,1,1,0,2,0,1,1,13,5,1
2,1,10,0,2,1,1,1,0,2,2,4,0,2,2,0,4,4,0,20,7,1,3,0,0,0,0,0,1,0,1,2,0,0,1,5,5,1,1,0,0,2,1,1,0,0,0,0,14,0,1,3,0,0,5,0,3,1,0,0,2,0,1,0,9,1,0,9,5,0,8,1,0,0,0,0,0,0,0,12,1,1,1,11,0,0,1,2,10,9,2,1,3,0,0,0,2,0,2,3,7,0,1,6,0,2,0,3,1,1,0,0,0,3,2,0,1,0,1,0,0,2,1,5,2,1,0,1,12,0,6,6,0,0,0,4,0,0,0,0,0,4,3,1,0,12,0,0,0,1,1,0,0,0,0,6,0,0,0,0,6,8,0,0,0,5,8,0,1,0,1,0,3,0,5,1,1,1,4,5,10,0,10,1,9,1,0,5,1,0,2,1,0,1,1,0,1,0,11,1,1,0,2,0,1,2,1,1,2,0,3,2,0,1,0,2,1,15,8,0,11,2,3,0,1,3,0,8,4,1,0,0,2,0,2,1,0,8,0,1,0,5,1,2,0,0,1,0,1,1,0,2,0,12,0,0
0,1,5,1,0,0,0,0,2,4,1,6,1,4,1,0,2,3,0,25,4,2,4,1,2,0,0,0,0,1,3,0,0,0,0,0,3,1,0,0,0,0,1,1,0,1,0,4,12,0,1,2,0,1,1,0,2,2,1,0,1,2,4,2,10,2,0,9,5,1,11,4,1,1,0,3,3,0,0,13,0,2,0,11,2,1,1,1,7,11,3,1,6,0,1,1,8,3,0,0,0,0,2,10,2,2,2,10,6,1,2,3,1,4,1,3,0,1,3,1,6,2,0,3,0,2,0,2,12,0,4,7,0,0,0,2,0,2,0,0,0,0,0,1,0,10,4,1,0,0,0,1,1,2,0,2,0,0,0,0,4,4,0,1,0,5,7,1,0,1,2,1,1,1,5,2,1,0,0,3,11,1,10,2,10,2,0,4,1,0,0,2,2,0,1,1,1,0,13,1,0,1,0,1,1,1,2,1,1,1,0,0,1,2,0,0,0,12,7,2,5,1,0,5,0,0,0,6,0,1,0,0,2,1,2,2,1,7,1,1,0,6,2,1,1,2,0,0,1,2,0,0,1,10,0,2
1,0,9,0,0,0,0,2,0,0,1,3,0,1,1,0,3,6,0,21,6,2,2,0,1,0,0,0,0,2,4,0,1,1,4,2,10,1,0,0,1,3,0,2,0,0,0,2,13,0,1,2,2,0,3,0,2,0,1,1,2,0,2,0,9,1,0,10,5,0,12,1,0,0,0,2,1,3,0,11,2,4,0,10,1,0,5,0,9,11,0,3,2,1,7,0,5,0,0,0,1,0,3,7,1,1,1,5,0,0,0,0,3,2,1,2,1,1,2,0,1,1,0,0,0,0,0,0,10,0,6,3,0,0,1,1,0,0,1,2,0,1,1,0,0,9,0,1,1,0,0,1,0,0,0,2,1,0,0,0,6,6,0,2,1,9,8,0,0,3,5,2,0,0,9,0,0,0,1,5,11,0,9,1,9,2,1,9,0,0,1,3,1,2,3,1,0,1,11,0,0,2,1,0,1,3,2,0,1,1,2,3,0,0,0,0,2,16,8,0,10,2,3,2,0,2,0,9,0,0,1,0,1,1,1,0,1,6,1,0,0,10,1,2,2,0,1,0,0,1,0,0,2,10,0,1
1,1,6,1,1,0,0,2,2,0,5,3,3,0,4,0,0,2,1,19,1,1,1,0,1,2,0,1,0,3,5,0,2,1,0,0,1,2,0,1,3,0,2,2,1,2,0,6,14,2,4,5,0,1,2,0,2,1,2,0,0,1,0,1,10,1,4,12,1,2,12,2,0,0,1,1,4,0,2,16,0,2,1,11,1,2,0,6,3,12,3,1,6,0,0,0,1,0,0,2,0,0,1,7,2,1,1,2,0,0,0,3,0,4,0,0,0,0,1,1,0,1,1,0,0,1,1,1,11,1,1,3,0,1,0,2,1,1,0,1,0,2,1,1,0,12,0,0,1,1,0,0,0,1,0,1,1,1,0,0,2,4,0,0,0,3,3,5,0,1,1,1,1,1,1,0,0,0,2,1,13,1,12,1,10,0,2,3,4,2,0,2,1,1,1,0,0,0,12,2,0,1,1,1,1,0,4,0,3,2,0,1,0,1,0,0,0,13,2,0,4,0,0,0,0,2,1,5,0,0,1,0,1,1,0,1,1,1,0,1,0,7,0,1,0,0,0,0,0,2,0,0,0,12,1,0
0,3,4,0,2,1,0,2,0,2,1,2,0,1,0,0,0,4,0,17,4,0,3,3,0,0,0,0,0,0,5,0,0,0,0,0,4,0,2,0,0,1,2,1,0,1,0,1,13,0,1,4,0,0,3,1,1,0,2,0,0,0,0,1,13,0,0,13,3,2,11,2,0,0,0,1,0,1,0,15,1,0,0,13,0,0,3,2,8,13,1,2,5,1,0,0,3,0,1,1,1,0,1,11,0,3,1,3,5,0,0,2,1,2,1,2,0,1,2,2,2,1,0,5,0,0,0,0,12,0,4,3,0,1,0,1,1,0,1,0,0,0,2,0,1,12,1,0,0,0,0,0,0,0,1,0,1,0,0,0,3,5,0,0,0,7,4,0,0,0,2,4,0,0,4,0,2,0,0,3,13,0,12,0,12,2,0,5,2,1,2,0,0,3,0,0,1,0,16,0,0,0,0,2,1,3,3,2,1,0,4,1,1,0,0,0,0,17,6,4,8,1,2,3,0,2,0,9,2,0,2,0,1,2,0,0,2,2,1,0,0,7,2,0,0,0,0,0,0,2,1,0,0,13,0,0
0,0,4,1,0,1,2,3,2,1,0,3,0,0,3,0,4,7,0,20,5,2,4,4,0,1,1,0,0,0,4,0,2,0,1,1,2,0,2,0,0,0,2,3,0,0,0,3,10,2,4,2,0,0,3,2,2,0,0,0,2,0,0,1,9,0,2,11,6,1,6,5,0,1,2,1,0,1,2,10,0,1,1,9,0,0,2,0,9,10,0,1,7,0,0,1,1,0,1,1,1,1,3,8,3,0,2,0,2,1,2,2,0,3,3,1,0,0,2,0,2,2,1,1,1,0,0,0,10,1,5,6,0,2,0,1,0,0,0,0,1,0,3,1,0,9,0,1,0,0,0,0,0,1,0,1,0,1,1,0,7,5,0,0,0,5,9,0,2,6,2,0,0,1,5,3,0,0,1,8,9,1,9,1,9,4,1,6,1,0,1,2,0,3,1,0,1,0,12,0,0,2,4,1,2,3,2,0,1,3,5,0,1,1,0,5,0,12,8,3,4,1,4,0,0,2,0,11,0,1,3,0,2,0,0,0,1,3,0,3,0,11,0,0,1,0,1,2,0,4,1,0,0,11,0,0
0,3,5,0,0,2,1,0,1,1,1,4,0,0,2,0,2,8,0,24,7,3,2,1,2,0,1,0,1,1,1,0,0,0,1,2,14,0,0,1,0,0,0,1,1,0,0,3,11,1,2,3,0,1,3,1,4,0,1,2,2,2,0,1,8,0,1,13,6,2,11,3,0,2,0,0,1,8,0,12,5,1,2,10,0,0,3,3,10,8,0,0,9,2,3,0,1,0,1,1,0,0,6,6,1,1,0,2,1,1,0,0,1,3,0,1,0,6,1,1,0,0,0,3,3,2,0,1,11,0,7,9,0,0,1,2,1,1,0,6,0,0,1,0,0,11,0,0,0,0,0,0,0,1,0,0,1,2,0,0,7,9,0,0,0,6,10,2,0,4,0,2,1,0,6,1,0,1,0,5,10,0,9,0,8,2,1,9,3,0,0,2,0,1,0,3,0,0,10,1,0,0,4,0,0,2,3,1,2,0,4,7,0,0,0,1,1,22,8,0,4,3,1,0,0,5,0,8,0,1,2,1,1,1,0,0,1,2,0,0,0,8,3,1,3,0,0,0,0,3,1,0,5,11,1,0
2,0,1,1,0,0,0,0,2,0,3,0,1,1,2,0,1,5,0,10,4,0,2,1,1,2,2,0,0,0,3,0,1,0,1,0,3,1,1,0,0,1,2,0,0,1,0,6,10,2,3,3,0,0,2,0,2,0,2,1,0,0,2,0,10,3,2,10,6,0,4,2,0,0,1,0,2,1,4,12,0,0,1,9,3,0,2,0,10,9,1,0,5,0,0,1,2,2,2,2,1,0,2,8,2,2,3,5,2,0,0,2,3,2,0,0,0,5,0,3,3,3,0,2,1,1,1,3,9,0,4,4,0,0,1,3,0,0,0,0,0,0,0,1,0,10,0,0,0,1,0,0,0,0,0,3,0,0,0,1,7,4,1,0,0,4,5,0,1,1,0,0,1,0,5,0,0,1,2,4,9,1,9,0,9,0,0,6,1,1,0,3,0,2,3,1,1,0,14,2,0,0,2,0,2,3,1,0,1,2,3,0,0,1,0,1,1,10,6,1,4,1,1,6,1,1,0,10,0,0,4,0,1,2,0,3,1,1,2,1,0,8,0,2,0,0,2,0,1,2,0,0,0,11,4,2
1,1,3,0,2,0,0,2,0,4,1,1,0,1,0,0,5,6,0,18,7,0,0,4,2,0,0,0,0,0,2,0,0,1,2,0,2,1,0,0,0,4,0,0,0,0,0,1,8,1,1,2,1,0,1,0,1,1,0,0,2,0,1,0,7,1,0,5,6,0,12,2,0,0,0,1,2,1,3,11,5,2,0,9,0,1,1,3,11,8,4,2,4,1,1,0,4,0,0,0,1,0,5,4,1,4,1,6,4,2,5,0,1,2,1,2,0,6,1,0,6,3,1,4,0,3,1,6,9,0,7,1,0,0,0,2,1,0,1,0,1,2,0,0,0,9,0,1,1,0,1,0,2,2,0,1,3,1,1,1,6,8,0,0,0,8,10,0,0,1,1,2,0,1,6,1,0,1,2,6,8,0,10,0,8,1,0,7,0,4,2,2,0,1,0,1,1,1,8,3,0,1,3,2,1,1,0,2,1,1,2,5,0,0,1,1,1,22,8,0,3,2,1,0,0,4,0,8,1,0,2,0,0,2,0,2,3,4,0,0,0,13,3,1,0,1,1,0,1,0,2,0,3,9,2,0
0,0,6,2,0,1,1,1,1,1,1,2,0,0,1,0,2,4,0,25,3,0,4,4,0,0,0,0,1,0,3,2,0,0,1,0,1,0,2,0,2,1,2,1,0,0,0,7,14,1,2,1,0,0,4,1,2,0,1,3,1,0,0,0,11,1,1,10,3,0,13,5,0,0,0,2,2,0,1,16,0,1,0,13,0,0,1,3,7,12,2,3,2,0,1,0,3,0,0,0,0,0,3,10,1,1,0,2,1,0,1,0,0,2,0,0,0,2,0,1,3,1,1,1,2,0,0,1,13,0,3,2,1,0,0,0,0,0,0,0,0,1,3,1,0,12,1,0,0,0,0,0,0,0,0,2,0,1,0,0,4,3,0,1,0,4,4,0,0,1,1,1,0,0,3,0,0,0,1,3,12,2,12,0,11,0,1,11,0,2,1,0,0,0,1,0,0,0,15,2,0,0,3,0,5,2,3,0,1,3,3,0,0,0,1,1,1,14,5,0,2,1,1,0,0,0,0,10,0,0,0,0,2,1,0,0,0,2,0,0,0,9,2,0,2,0,1,0,1,3,1,0,0,14,0,0
0,1,3,1,0,0,2,1,0,1,1,0,0,0,1,0,0,7,0,19,9,3,2,3,2,0,0,0,0,1,1,0,0,0,2,1,6,2,3,0,0,1,0,0,0,0,2,1,10,0,2,1,0,0,0,2,3,0,1,1,2,0,1,0,7,0,0,8,7,0,9,1,0,0,0,0,2,2,1,12,2,2,2,10,0,0,1,0,11,9,1,0,2,1,3,0,1,0,0,2,2,0,4,6,0,2,0,1,0,0,1,0,1,1,2,2,0,4,0,0,1,0,0,5,3,0,0,1,12,0,8,4,0,0,0,2,0,2,0,0,0,0,0,1,0,8,0,2,0,0,0,0,1,0,0,2,1,0,0,0,7,8,0,0,0,8,8,0,0,1,0,2,0,0,7,0,0,0,1,7,9,0,8,0,7,1,0,7,1,0,1,3,0,2,0,0,1,0,9,1,0,0,5,0,0,3,0,0,1,0,2,4,1,0,1,0,1,15,9,0,10,2,2,0,0,4,0,8,0,0,1,0,0,0,1,0,1,1,0,1,0,4,1,1,0,0,0,0,1,2,0,0,0,9,0,0
1,2,1,1,2,0,1,0,1,2,2,1,0,0,0,0,0,6,1,18,7,0,3,0,0,1,0,1,0,0,1,1,0,0,1,3,4,1,0,0,1,1,1,0,0,0,0,2,10,1,2,0,1,0,2,1,0,4,0,1,0,1,2,1,10,0,0,10,7,1,7,4,0,0,1,1,2,1,1,11,1,2,1,11,1,0,4,2,11,9,5,2,8,0,2,0,2,0,1,1,1,0,1,11,0,0,0,1,3,1,0,1,0,1,1,0,0,1,0,1,1,0,0,3,1,0,1,1,10,0,7,5,3,0,2,2,2,0,0,0,1,0,0,7,0,10,0,1,1,2,0,0,0,0,0,8,1,1,0,0,7,14,0,3,0,8,10,3,2,2,0,0,1,2,6,2,0,0,0,7,12,0,9,0,9,1,3,11,0,1,2,2,0,1,2,0,1,1,10,0,0,0,4,0,0,4,1,2,0,0,0,2,1,0,1,0,1,15,8,0,6,0,0,3,0,1,0,11,0,0,0,1,0,5,1,0,1,0,0,2,0,13,1,0,0,0,0,0,1,2,0,0,1,10,0,1
1,3,8,0,0,1,4,0,3,1,2,2,1,1,1,1,4,5,1,31,5,1,4,0,2,3,0,0,1,1,1,0,0,0,1,0,8,1,1,1,1,0,1,0,0,1,0,4,12,1,1,7,0,0,3,1,0,0,1,3,4,0,4,1,11,3,1,8,5,0,9,3,0,0,0,1,1,0,3,12,0,1,1,14,0,0,0,1,10,14,4,0,10,1,0,3,2,0,2,1,3,0,2,13,2,0,0,2,9,4,0,2,0,4,1,2,0,3,1,1,2,1,0,1,2,0,1,0,12,0,6,7,2,0,0,3,0,1,0,0,3,1,3,3,0,11,1,2,1,0,0,0,0,2,1,4,3,0,0,1,9,4,0,1,0,5,12,0,0,4,1,1,0,1,5,2,2,2,0,4,11,0,10,1,10,3,0,7,0,1,1,4,4,4,0,1,1,0,13,0,0,2,3,3,0,4,1,0,2,2,5,1,0,0,0,0,0,18,7,1,13,1,2,5,0,1,0,8,0,0,0,0,1,2,1,0,0,1,0,1,1,9,0,2,1,1,0,1,0,3,0,0,1,12,2,1
1,2,5,1,0,1,1,1,0,1,0,5,1,0,0,0,2,5,0,18,7,0,2,2,1,1,0,1,0,1,0,0,0,0,1,0,7,0,0,0,0,2,0,1,0,0,0,4,12,0,1,2,0,0,1,0,0,0,1,1,1,0,2,0,8,0,0,9,6,2,8,2,0,0,1,0,2,3,1,11,1,1,0,11,0,0,2,2,12,9,1,1,6,0,1,0,2,0,0,0,0,0,2,5,0,0,0,2,1,1,0,0,0,0,2,0,0,0,0,2,0,5,0,2,4,0,0,2,9,0,7,3,0,0,0,0,0,1,1,0,1,0,3,5,0,10,0,1,1,3,1,0,1,0,0,5,2,0,0,0,5,8,0,0,0,6,9,0,0,1,3,1,0,1,6,1,1,0,0,6,10,0,9,0,8,1,1,7,2,1,2,1,0,1,0,3,0,0,13,1,0,1,2,0,2,2,0,0,0,0,2,1,0,0,0,0,3,25,9,1,14,3,3,1,0,2,0,10,0,0,2,1,2,1,1,0,2,2,0,4,0,4,1,3,1,0,0,0,1,0,2,0,0,9,0,0
0,2,6,1,0,3,0,2,1,3,0,3,1,0,2,0,3,4,0,26,5,2,2,1,1,0,0,0,0,2,1,0,1,1,0,2,4,0,0,0,1,1,0,2,0,1,0,3,12,1,2,2,0,0,2,0,1,0,0,1,1,0,0,0,11,2,0,12,4,1,9,2,1,0,0,0,2,0,1,13,3,1,0,12,2,0,1,4,8,11,3,3,5,2,2,0,2,0,0,0,1,0,0,9,0,0,0,1,4,0,0,0,0,2,1,0,0,0,0,2,3,0,0,1,1,1,0,2,11,0,6,6,0,1,0,3,0,0,1,0,0,0,1,1,1,11,1,0,1,0,0,0,0,0,0,2,1,2,0,0,6,7,0,0,0,6,7,0,0,0,2,2,0,0,7,0,0,0,0,4,11,1,12,0,12,0,1,6,0,0,3,0,0,0,0,1,1,0,12,0,0,0,2,0,0,3,2,1,0,0,2,1,0,1,0,1,0,17,5,0,7,2,2,0,0,2,0,8,0,2,1,0,2,1,0,0,1,7,0,0,0,7,1,0,1,0,0,0,0,0,0,0,1,12,0,0
1,0,4,1,0,0,0,1,2,2,1,1,0,0,2,0,2,5,0,20,5,2,2,1,0,2,0,0,1,0,2,0,1,0,1,0,2,2,3,0,0,0,2,0,0,0,0,2,11,2,4,2,0,1,2,0,0,4,0,0,1,0,1,0,10,0,2,9,4,0,10,1,0,0,0,0,1,2,4,11,1,1,0,10,0,0,2,6,9,10,1,2,3,1,4,1,3,1,1,2,0,0,0,11,2,1,0,3,0,0,1,5,0,4,0,4,0,7,2,0,1,2,0,6,1,2,0,0,10,0,4,6,0,0,0,5,0,0,3,0,0,0,0,1,2,13,0,2,0,2,0,0,0,0,0,0,2,0,0,0,4,4,0,0,0,4,7,1,1,0,2,0,0,1,4,0,0,0,0,4,10,1,11,0,10,0,0,6,1,0,2,0,1,0,0,0,1,0,10,0,0,0,0,0,0,3,5,0,0,2,2,4,1,1,1,1,0,19,6,1,8,1,3,3,3,0,1,8,0,1,1,0,1,0,0,1,3,1,1,0,0,8,2,1,0,0,0,3,0,2,1,0,2,11,3,0
0,0,8,2,0,1,0,0,0,0,2,2,0,3,1,0,3,3,0,34,2,1,6,0,2,2,0,0,1,1,4,0,2,3,0,1,3,3,0,0,1,2,1,2,0,0,0,3,13,1,3,5,0,1,2,0,2,0,1,1,0,0,1,0,13,3,1,14,2,2,11,4,0,0,0,0,3,3,1,16,1,2,0,13,0,0,3,3,8,13,0,5,3,0,4,1,1,0,0,1,0,0,1,8,1,1,1,7,5,0,2,2,3,4,0,0,0,0,0,1,1,1,0,0,0,1,0,0,14,1,3,5,0,0,0,1,0,4,0,0,0,1,2,2,0,15,1,0,0,0,0,0,0,2,0,1,0,0,0,1,3,2,0,0,0,2,3,0,0,2,0,0,0,1,2,0,0,0,0,2,13,0,14,0,13,0,0,2,1,0,0,4,0,2,2,0,1,0,14,0,0,0,1,0,1,0,1,0,0,2,2,3,1,1,0,0,1,15,3,0,11,0,0,0,2,4,0,9,1,2,2,1,1,0,1,0,1,4,0,0,0,7,3,1,1,0,1,0,0,2,2,0,0,13,0,1
1,0,6,0,1,1,0,2,0,1,0,2,0,3,0,0,2,2,0,25,2,0,6,0,2,0,0,0,0,0,3,2,1,2,1,2,8,0,0,1,0,3,0,0,0,0,0,2,14,0,1,6,0,0,3,2,0,0,2,0,1,0,0,0,9,2,0,13,2,1,11,4,0,0,0,0,3,1,1,16,0,1,0,16,2,0,4,1,11,15,7,0,9,1,1,0,4,0,0,0,1,1,0,9,1,0,1,5,7,0,0,1,0,5,0,0,0,0,6,0,1,1,0,2,1,1,1,1,14,2,2,8,0,1,1,1,0,1,0,0,2,0,2,2,0,15,1,1,0,1,0,1,2,1,0,4,2,2,0,1,4,2,0,0,0,5,6,0,0,0,0,4,2,3,2,1,0,0,1,2,15,0,14,0,9,2,1,4,0,0,0,0,2,1,0,2,1,0,15,1,0,1,2,0,2,2,2,0,0,0,1,2,0,0,0,2,3,19,7,0,6,1,2,0,0,1,1,5,0,1,1,1,1,2,1,0,3,3,1,1,0,2,1,0,6,1,2,0,0,1,0,0,1,15,0,1
1,2,9,0,0,1,2,3,0,1,3,1,0,0,0,2,5,4,2,25,5,1,5,0,2,0,2,0,3,0,4,0,0,2,0,0,5,1,0,0,0,3,1,0,0,0,1,1,12,1,2,7,0,0,3,0,2,0,1,0,1,0,2,1,11,0,0,10,4,0,7,4,0,0,0,1,3,1,0,13,0,0,0,15,1,0,1,0,11,11,2,2,7,0,2,1,1,0,0,0,2,0,2,9,0,1,0,1,5,1,2,0,0,4,3,3,0,4,2,0,0,1,0,5,1,1,0,2,11,1,5,3,2,0,0,1,1,0,0,0,1,2,2,3,0,13,0,2,0,0,0,0,3,0,0,2,1,0,0,0,5,5,0,0,0,4,11,2,0,1,0,1,0,0,5,1,0,0,0,4,11,0,12,0,10,4,1,6,0,1,2,2,0,1,0,1,1,1,12,2,1,2,2,3,0,3,2,0,0,1,2,4,1,0,0,2,1,23,7,1,9,2,1,0,0,0,0,10,0,0,1,1,3,2,1,1,2,5,0,1,0,11,2,1,0,1,0,1,2,3,2,0,1,12,1,0
1,1,4,1,0,1,1,1,1,0,1,0,0,1,1,3,1,3,0,21,4,1,7,2,3,1,1,0,1,2,1,2,0,0,1,2,7,1,0,1,1,0,1,0,1,0,0,0,12,0,1,4,0,1,1,0,2,0,0,0,0,1,0,0,11,1,0,7,4,1,12,1,0,0,0,1,0,0,0,15,2,1,0,11,1,0,4,1,10,11,2,0,5,0,3,1,0,0,0,0,1,1,0,13,0,0,0,2,2,2,4,2,1,5,5,2,0,2,2,0,5,0,0,4,4,0,0,0,11,0,5,9,1,0,0,3,1,0,0,0,0,0,1,3,0,14,0,1,0,0,1,0,1,0,0,3,0,2,0,0,6,5,0,4,0,4,8,0,0,3,0,3,0,1,4,1,1,0,1,4,12,2,12,1,11,1,1,9,1,1,1,0,0,0,3,0,0,0,11,1,0,0,3,0,1,7,1,2,0,0,1,4,0,0,0,0,0,18,5,0,2,3,1,1,0,1,0,6,1,0,0,0,0,3,1,1,0,3,0,0,0,1,2,0,2,0,0,0,0,0,2,1,1,11,1,0
