0,3,5,2,6,1,8,0,8,0,65,4,0,6,0,0,5,1,0,3,6,3,4,0,0,8,1,1,3,5,0,5,0,3,0,3,0,2,19,1,57,0,0,1,10,0,2,4,4,18,9,0,9,2,13,0,3,0,5,0,0,15,0,4,2,2,0,1,1,2,0,0,5,0,1,2,0,4,1,0,0,0,6,5,0,0,6,1,0,2,2,0,0,0,1,0,3,1,7,1,0,0,0,1,2,2,0,2,0,4,3,22,0,9,0,3,1,0,2,2,1,6,0,2,0,3,1,1,2,1,0,1,0,1,0,0,2,2,0,5,2,0,0,0,0,3,4,0,0,4,4,0,1,3,1,0,1,8,0,1,25,1,4,1,2,0,10,0,2,2,1,3,4,12,2,1,2,5,0,3,0,0,5,8,0,43,0,2,1,6,4,0,0,4,7,2,4,3,2,2,1,2,3,1,5,0,0,2,4,0,2,0,1,1,0,0,0,0,3,2,3,0,0,3,0,4,4,0,1,0,4,2,4,1,2,3,1,1,0,1,0,0,1,0,5,0,5,1,0,2,0,0,2,1,1,2
1,1,3,1,20,0,0,39,3,0,31,15,2,2,4,0,2,2,1,0,2,0,0,0,1,7,0,26,4,2,0,0,2,3,2,0,0,6,2,2,50,3,6,1,4,13,2,4,4,10,18,2,3,7,10,3,0,0,4,0,1,1,0,6,1,0,0,0,0,0,0,0,0,1,0,2,1,0,0,3,0,0,4,0,0,0,5,0,1,0,1,0,0,0,0,0,0,0,1,0,1,0,0,3,3,1,0,0,0,1,0,0,4,0,0,0,1,0,0,3,0,4,0,3,0,3,1,1,4,0,0,1,0,0,0,1,2,4,1,0,0,0,1,0,0,0,2,6,0,1,2,3,0,4,1,0,1,9,1,0,21,0,6,0,2,1,7,2,1,1,1,1,3,4,2,5,0,5,0,3,0,3,2,1,7,34,3,0,1,9,3,4,0,4,4,0,1,0,0,1,2,0,3,0,1,2,0,1,0,0,1,0,3,1,0,1,0,1,2,4,1,0,0,0,1,0,1,0,5,0,5,20,3,0,1,3,2,0,0,0,2,0,3,1,4,0,2,0,2,1,0,0,1,1,0,2
0,1,0,8,27,0,2,4,0,3,52,5,0,0,1,1,1,7,1,0,0,0,0,0,0,8,0,60,2,4,1,1,0,1,3,0,0,2,12,7,1,2,2,2,5,1,0,3,7,0,14,1,3,4,5,1,0,1,4,2,2,0,0,4,0,2,0,0,0,1,1,0,1,3,0,2,0,1,1,0,0,0,1,1,2,1,6,0,1,1,1,0,2,0,2,0,0,1,2,0,0,0,3,2,17,8,1,0,1,0,0,0,4,0,0,0,2,0,0,1,0,2,1,2,0,1,0,0,0,0,3,0,1,0,3,2,0,2,0,2,0,7,1,1,6,0,4,11,0,2,1,0,11,4,0,1,0,5,0,1,34,1,3,0,2,2,8,1,1,0,3,5,0,0,1,5,5,1,0,1,0,0,3,6,8,24,4,0,5,0,2,1,0,5,2,0,4,0,3,2,2,1,1,1,1,2,0,1,0,1,1,1,0,4,0,1,0,0,2,0,0,0,0,2,0,5,0,0,11,2,6,0,0,0,2,2,1,1,3,2,3,4,1,1,3,0,2,0,2,2,0,2,3,3,0,0
0,0,1,1,6,0,5,0,1,0,26,5,0,3,2,0,4,6,1,4,3,0,0,0,0,7,0,3,3,2,1,0,2,1,0,0,6,1,31,2,2,1,1,1,3,4,2,1,5,14,9,24,6,2,20,1,0,0,0,1,1,8,1,12,2,4,9,0,0,0,0,0,3,0,2,0,2,1,1,3,0,0,8,1,2,0,5,0,2,0,3,0,3,0,3,0,0,7,4,1,2,2,0,1,1,1,2,1,3,2,0,8,1,0,0,1,2,0,0,2,0,0,0,2,0,4,0,1,1,0,1,0,1,1,2,1,0,6,3,3,1,0,4,0,0,0,3,1,0,22,4,1,9,4,1,0,1,7,14,0,14,0,5,0,3,0,3,0,0,1,1,2,0,0,5,33,1,3,1,4,0,5,0,3,1,18,2,0,4,1,2,5,0,1,3,2,4,0,1,1,4,0,4,1,3,1,0,1,0,1,1,1,1,1,0,0,1,1,0,2,1,1,2,0,1,1,4,0,7,1,3,27,1,2,2,2,0,2,2,0,0,0,2,0,1,1,2,2,2,2,0,0,0,1,0,1
1,1,7,3,17,0,2,0,3,1,65,4,7,6,3,4,1,18,0,7,4,0,0,3,0,18,1,0,3,3,0,2,1,2,0,0,7,3,1,2,0,0,2,2,0,0,0,1,3,8,11,1,3,2,0,1,3,0,0,1,0,1,0,3,2,1,0,0,1,3,3,2,3,0,2,0,2,0,0,2,2,0,0,0,6,1,7,2,3,0,0,5,0,1,1,0,0,0,1,0,3,1,0,1,1,2,4,0,1,3,0,8,0,0,0,8,5,0,0,0,0,2,0,1,1,1,3,0,2,1,1,9,3,4,0,1,1,4,3,2,0,3,4,0,6,0,5,0,0,3,2,0,7,1,1,0,2,5,0,0,17,0,1,4,1,0,8,3,2,0,2,0,2,0,2,0,0,1,1,4,0,2,1,0,1,31,2,0,8,0,1,1,0,8,7,1,7,0,2,4,0,2,6,3,0,2,0,4,1,0,2,0,7,3,1,1,0,0,3,2,5,0,0,4,2,5,0,3,1,0,3,0,1,1,3,1,0,0,0,7,0,0,5,1,0,1,2,1,1,14,0,3,1,5,1,1
0,0,1,0,13,0,1,0,2,0,24,10,1,3,2,0,1,3,0,0,1,0,0,0,0,13,0,0,4,3,0,0,1,2,0,1,0,4,8,0,0,1,0,2,1,2,0,3,6,3,6,0,3,6,0,0,3,0,1,8,2,16,0,4,3,0,3,1,0,1,0,0,3,3,0,0,0,1,0,3,0,2,5,0,1,0,10,1,2,2,3,0,0,3,1,0,0,1,1,0,4,0,2,1,0,0,0,1,0,3,0,1,0,0,0,0,1,0,1,1,0,10,1,1,1,3,1,0,0,3,2,2,1,2,2,0,0,2,1,1,2,1,3,0,0,1,4,3,0,2,4,0,6,3,1,0,0,3,2,0,18,0,5,0,1,1,7,1,3,3,1,3,6,0,2,0,2,2,2,4,1,3,2,2,2,33,3,0,5,12,1,0,0,2,2,1,2,3,1,3,1,1,1,1,0,3,2,5,0,0,2,2,1,3,0,5,0,0,1,4,0,0,1,7,0,3,6,0,1,0,3,2,2,0,2,3,62,0,3,0,3,2,24,1,2,0,3,0,2,11,0,3,0,6,1,2
0,4,1,1,10,0,1,1,11,0,56,9,6,9,2,1,4,7,0,9,1,1,0,0,1,9,0,1,6,3,0,12,0,0,0,0,2,4,7,6,1,0,2,2,1,1,1,0,5,6,12,0,5,3,3,0,1,0,2,1,0,1,0,3,0,0,0,1,0,1,0,48,2,2,0,8,0,0,0,5,3,0,0,0,4,1,9,3,4,0,1,0,2,3,14,1,0,2,0,0,1,2,0,1,1,1,1,2,0,6,0,19,2,0,0,2,1,1,1,0,0,1,0,5,0,3,0,0,0,4,1,7,0,5,0,0,4,4,1,2,0,3,0,0,4,0,3,0,0,9,3,1,8,3,0,1,1,2,2,0,18,0,3,0,2,2,14,1,0,0,4,3,2,0,5,3,1,0,0,2,1,2,0,1,3,16,0,0,10,0,0,3,0,3,3,0,0,1,1,3,1,0,2,0,0,3,1,10,0,0,0,1,5,0,0,0,0,1,1,1,0,0,0,2,0,5,4,0,3,0,8,3,1,0,3,0,0,0,1,4,1,0,3,2,2,0,3,2,0,2,0,1,1,4,1,0
0,0,3,3,13,2,0,2,0,0,45,12,0,1,5,3,2,2,1,3,3,1,0,0,0,7,0,1,3,3,2,1,0,3,2,1,2,1,19,4,19,1,1,0,3,1,4,1,4,12,11,1,4,3,22,0,1,4,2,0,2,1,0,10,1,3,0,0,2,1,0,1,1,2,2,1,0,0,0,4,0,0,0,0,5,0,3,0,1,0,2,4,0,2,0,0,0,1,0,0,2,0,0,6,3,1,2,0,3,1,0,0,6,2,0,10,4,0,0,0,1,4,0,4,0,3,1,0,0,0,2,1,3,2,0,1,1,4,2,2,4,3,2,0,1,0,3,4,0,13,0,0,8,4,1,0,0,2,0,1,41,0,5,0,2,1,11,0,1,1,0,3,0,2,0,3,0,1,0,0,3,0,2,3,7,31,3,0,13,1,3,0,1,2,5,1,4,0,5,1,4,5,8,4,0,2,0,2,0,0,2,2,8,2,1,0,0,1,0,1,1,0,0,2,1,3,1,1,10,0,3,0,1,0,2,3,3,0,0,2,2,2,0,2,1,4,1,1,0,4,0,2,1,3,0,0
0,4,1,0,19,0,2,0,2,0,60,5,4,5,2,0,1,6,5,5,1,1,1,0,0,8,1,1,2,1,0,4,0,3,0,0,0,1,8,2,0,2,0,0,2,1,2,2,6,5,14,7,2,3,7,3,2,0,1,1,1,8,1,8,1,5,6,0,2,0,0,1,1,4,1,0,1,3,2,3,2,0,2,4,6,1,6,0,1,1,2,0,1,0,8,0,0,3,3,0,3,0,0,4,6,2,5,1,3,0,4,13,1,0,0,3,0,1,1,0,0,30,0,4,1,1,0,2,1,0,1,1,5,6,2,2,2,5,1,2,4,0,3,0,2,0,3,0,1,2,1,3,15,4,0,0,2,3,0,0,16,0,3,0,0,1,9,2,3,0,3,0,1,0,0,1,1,1,2,0,1,0,0,0,2,18,5,0,8,0,3,1,2,2,3,0,2,0,4,1,2,1,4,1,0,5,8,2,0,2,2,0,1,1,0,0,0,0,1,0,2,0,0,0,0,0,1,1,1,2,3,22,1,2,1,0,2,2,0,3,2,0,8,0,1,0,1,5,1,2,1,1,2,3,0,2
3,1,4,3,12,1,2,1,2,0,61,12,6,2,4,0,4,8,1,10,5,0,1,0,0,10,0,0,4,10,0,1,0,0,2,0,2,3,13,4,6,0,2,2,0,0,1,0,6,9,10,1,1,0,14,0,0,1,1,2,0,1,0,1,2,0,1,1,2,1,0,1,0,0,0,0,1,1,4,0,4,0,0,1,0,0,13,0,3,1,6,0,5,1,1,0,2,0,1,4,1,0,0,0,0,3,0,1,0,3,1,2,9,1,0,3,2,0,0,0,0,4,6,2,0,3,0,1,3,1,0,4,1,2,1,3,0,2,1,1,0,1,5,2,1,3,3,2,0,5,7,1,6,2,0,0,0,3,1,3,18,0,3,7,2,1,6,3,1,1,0,3,1,0,3,2,0,1,0,1,1,0,1,0,3,15,1,0,5,1,3,0,0,7,0,1,1,0,1,3,1,1,3,0,1,3,0,1,1,1,2,1,0,2,1,1,1,0,0,1,2,0,0,1,1,5,9,2,1,0,9,2,4,1,4,2,0,0,3,4,1,2,2,1,2,0,1,0,1,8,0,6,0,4,1,0
0,3,0,0,11,0,3,0,1,1,59,7,1,2,0,3,1,9,1,6,2,2,0,0,0,6,0,0,6,5,3,0,0,1,0,0,9,3,3,3,4,2,3,0,2,1,0,1,5,7,10,0,0,0,9,0,0,2,0,0,0,14,0,2,4,2,2,2,1,0,0,1,0,5,0,1,0,1,1,1,0,1,0,0,5,1,9,2,6,1,2,2,3,1,0,0,0,1,0,0,3,0,0,1,11,5,2,3,4,2,0,17,3,3,1,5,0,1,0,0,0,27,5,6,0,3,2,0,2,0,1,0,7,1,0,3,0,2,1,1,0,1,1,0,2,1,4,1,1,4,3,0,7,1,0,0,0,0,0,1,30,0,3,0,0,0,10,0,0,0,0,0,0,0,2,0,0,0,0,0,1,2,1,6,2,9,1,0,16,0,1,5,1,1,3,1,0,0,2,4,0,2,1,0,0,1,0,3,1,0,1,0,1,2,0,0,1,0,1,0,0,0,0,4,0,1,8,0,3,0,8,7,0,3,2,0,1,0,1,6,1,0,5,2,4,1,2,0,0,2,0,1,2,3,0,1
0,1,0,2,11,2,0,0,4,0,57,4,0,2,3,0,1,7,0,13,4,8,0,0,0,8,0,0,13,3,0,0,1,2,1,0,2,5,11,2,0,1,2,0,1,0,0,1,5,15,12,2,1,0,12,0,2,0,3,4,0,3,0,1,0,4,0,1,0,1,0,8,1,6,1,0,1,4,0,0,1,0,0,0,5,0,10,0,1,1,6,0,1,1,0,0,6,2,1,0,1,0,0,2,3,0,3,3,0,1,0,9,0,0,1,11,0,0,0,1,0,15,3,0,0,4,1,4,2,0,1,0,2,1,1,4,0,1,1,8,7,2,3,0,0,2,3,0,0,5,1,0,19,1,0,2,0,0,4,0,16,0,3,0,0,0,6,0,1,0,3,1,0,0,0,3,6,0,2,1,1,0,1,0,1,19,0,1,6,3,3,6,2,5,2,0,7,1,4,4,4,1,1,0,0,3,0,2,0,1,1,1,0,0,0,0,0,0,0,2,4,0,0,2,0,4,4,0,6,0,9,1,1,3,4,0,0,0,1,2,1,0,2,2,0,1,6,3,0,6,0,0,2,1,1,0
0,1,4,4,7,2,0,0,0,1,24,4,2,5,1,2,0,3,0,2,0,0,1,3,0,3,1,5,13,6,0,0,1,14,3,2,2,2,0,0,9,15,0,8,4,2,1,0,2,7,12,6,5,1,5,0,0,1,0,17,3,5,2,5,1,2,0,0,1,2,0,0,1,6,0,0,4,2,0,1,0,2,2,3,1,1,4,0,0,2,1,0,0,0,1,4,0,1,0,0,0,0,0,2,6,1,4,0,0,1,0,2,0,0,1,1,0,1,3,0,2,2,0,2,2,5,0,0,1,0,2,1,1,10,0,0,0,4,2,3,1,3,1,3,1,0,5,6,0,1,4,6,2,5,5,1,0,5,1,6,4,4,1,1,0,2,2,0,1,0,0,1,1,0,0,5,2,1,0,1,3,0,1,1,0,15,0,1,1,0,0,1,3,7,4,2,2,2,0,2,3,2,0,2,0,4,2,0,2,0,17,3,0,1,0,2,4,0,0,0,3,0,9,1,0,0,1,8,5,3,1,0,0,10,1,2,0,5,0,10,1,0,0,4,0,0,0,16,1,1,5,1,1,3,2,0
1,1,7,4,0,10,1,1,2,8,3,0,2,4,0,2,6,1,8,52,1,3,3,14,1,0,0,0,3,0,0,0,2,3,1,0,7,0,0,2,0,14,1,2,6,1,0,1,3,5,3,1,2,3,0,0,6,0,0,1,3,1,0,9,2,7,0,3,1,1,0,3,0,0,0,1,2,2,0,0,1,0,1,0,2,2,11,0,0,2,0,1,0,7,0,0,0,0,0,0,0,11,0,4,0,2,6,2,0,0,0,1,12,0,2,4,2,0,0,0,1,0,0,3,0,4,1,0,0,1,1,3,0,6,1,2,0,3,0,13,2,0,1,0,1,0,3,8,1,0,1,3,0,3,4,0,4,5,1,11,2,7,0,0,1,1,3,4,0,0,0,0,2,0,1,0,2,2,0,0,7,0,9,2,2,0,3,0,0,2,2,1,3,1,11,4,1,0,1,1,3,0,0,6,1,2,1,0,0,3,12,0,2,0,2,1,2,0,2,1,1,5,6,0,0,0,1,3,0,1,0,0,0,6,1,0,1,6,0,10,0,0,1,7,0,2,2,2,2,0,3,0,2,4,0,0
0,3,5,11,25,5,4,1,1,0,61,10,5,0,2,0,1,6,1,1,0,1,0,0,0,15,0,2,2,8,0,1,0,3,1,3,3,2,12,2,40,1,1,1,1,0,2,0,4,10,8,2,5,3,7,0,9,0,0,1,3,2,0,5,0,1,2,0,0,0,0,0,0,0,0,17,2,1,0,1,0,0,0,1,3,1,5,0,2,0,2,0,0,0,7,0,2,4,2,0,1,0,0,1,5,2,1,2,2,0,5,8,1,0,0,4,0,1,0,1,1,0,0,3,0,3,0,1,1,0,0,0,0,1,0,1,0,2,4,2,3,0,1,0,2,0,2,1,1,3,5,0,6,7,1,0,0,5,0,1,32,1,6,0,4,2,4,0,0,1,1,5,1,54,0,2,2,0,1,1,0,1,2,1,4,1,3,1,4,1,0,1,2,4,1,1,0,2,4,6,4,0,3,0,1,1,0,4,0,1,1,0,0,1,1,0,0,0,1,0,0,1,0,1,0,1,1,0,4,0,3,0,0,0,1,1,1,0,2,2,1,2,2,3,4,0,1,3,0,4,0,2,1,1,0,2
1,4,1,0,9,1,1,2,1,2,39,8,1,4,0,0,4,1,0,1,3,0,0,0,2,6,0,3,3,2,0,0,0,3,2,0,0,2,12,1,0,4,1,1,1,1,0,4,9,5,5,1,3,4,34,1,2,4,0,1,2,2,0,8,1,0,2,0,0,2,1,1,0,0,1,0,0,1,0,0,0,0,4,0,2,1,1,0,0,0,0,0,0,1,0,1,0,2,1,0,2,0,0,1,7,5,1,1,0,2,0,7,2,0,1,4,1,0,1,0,1,0,0,3,0,5,0,3,1,1,1,0,1,2,0,0,1,8,1,1,3,1,2,1,1,3,1,3,0,6,1,1,21,6,3,0,2,4,1,26,17,1,1,0,2,2,6,2,1,3,1,3,2,2,6,0,1,3,4,0,0,1,1,1,2,35,2,0,4,0,4,4,0,3,4,0,6,0,0,3,2,3,1,0,0,1,0,2,0,1,4,2,0,0,0,0,0,0,2,0,0,1,0,1,0,4,0,1,6,2,1,3,2,2,2,0,0,1,0,0,0,2,3,2,0,1,2,2,0,4,0,3,2,1,1,6
1,0,0,1,3,3,0,2,1,2,59,2,0,4,10,0,4,3,3,1,1,0,0,0,0,0,0,1,5,3,0,0,2,3,2,1,1,1,7,9,0,11,0,1,4,3,0,0,3,11,2,11,1,2,2,0,0,0,0,1,17,2,0,8,7,6,0,0,2,1,0,2,0,0,0,0,1,0,0,2,0,0,0,1,2,2,5,4,3,0,3,0,0,8,0,0,0,0,0,0,2,0,0,3,0,1,3,0,0,3,3,11,6,1,0,3,0,1,0,0,0,15,0,3,1,5,1,2,1,0,1,5,0,13,0,1,0,5,0,3,0,2,0,0,0,0,4,1,0,1,8,1,0,3,7,0,0,4,3,0,3,1,1,0,2,1,4,2,2,0,2,0,0,3,5,1,1,0,0,0,0,1,11,0,3,10,6,2,2,0,0,2,2,1,4,1,4,2,0,2,2,0,1,3,0,1,0,0,0,0,5,10,1,0,0,6,0,1,2,1,1,0,1,0,6,0,3,6,0,3,1,1,0,2,7,0,1,6,3,9,2,0,1,7,0,1,0,7,5,4,3,3,2,2,1,0
0,0,1,4,20,0,0,0,1,0,61,11,2,5,2,0,2,2,0,6,1,0,0,0,0,8,0,0,14,2,1,1,0,4,0,0,3,4,20,0,5,0,0,0,4,9,2,1,2,9,12,0,2,9,4,0,0,0,0,0,0,4,0,3,2,1,3,3,2,0,0,40,0,0,0,1,4,1,0,3,0,2,5,0,0,2,7,0,2,0,3,0,7,0,3,1,0,5,1,1,7,0,0,3,7,1,2,0,0,5,0,25,1,0,0,8,3,2,1,0,1,36,0,2,1,4,1,3,0,0,5,0,0,1,0,2,0,3,0,2,1,1,1,0,0,0,2,1,0,2,5,0,6,3,0,0,0,7,0,0,9,0,1,3,1,1,10,0,0,0,1,1,0,2,0,0,0,0,0,0,0,0,2,0,1,6,1,0,3,0,0,2,0,2,2,0,1,0,0,2,2,0,2,0,0,1,0,2,0,1,1,1,0,1,2,0,0,0,0,0,0,0,0,3,1,2,1,0,1,0,9,2,0,0,3,0,1,2,0,1,0,0,1,2,1,0,1,2,0,2,0,0,0,2,3,1
0,1,2,1,9,0,0,0,2,0,53,11,1,2,2,0,1,1,0,2,1,1,0,0,2,6,0,2,2,1,1,0,0,8,1,0,0,1,5,0,39,2,0,0,5,0,3,4,4,6,17,0,3,3,2,0,1,0,0,1,0,2,1,5,1,2,0,0,0,0,0,1,0,0,0,0,1,1,0,1,0,1,0,0,0,0,1,0,1,0,1,0,0,0,0,0,0,2,0,0,2,0,0,8,8,6,1,0,2,1,0,0,3,0,0,0,1,0,0,5,0,5,1,11,1,1,1,0,2,1,0,6,2,0,1,5,0,4,0,1,0,0,2,0,4,0,2,8,1,1,3,1,2,6,0,0,0,2,0,3,20,0,3,0,2,0,7,2,4,0,4,1,1,0,1,1,9,3,0,0,0,1,2,5,5,30,0,0,2,0,0,1,0,6,3,1,7,0,0,3,1,23,3,4,0,0,0,3,0,0,1,1,14,2,1,0,0,0,0,0,1,0,2,1,0,0,1,1,5,0,4,5,2,0,5,0,0,2,2,0,2,0,2,0,1,0,1,2,1,1,0,0,2,4,0,0
0,1,5,1,20,0,1,0,0,4,44,6,2,4,3,1,0,6,0,6,4,6,0,1,3,15,1,51,2,2,0,1,0,2,0,1,1,2,2,1,1,0,0,1,1,0,0,2,5,5,8,14,3,2,14,0,6,1,2,0,1,0,0,4,0,4,1,0,0,4,0,3,0,0,1,0,0,0,0,0,1,1,0,0,1,1,7,0,2,0,2,0,0,0,2,0,1,1,0,0,1,2,0,3,1,2,5,0,1,1,0,10,2,0,0,0,3,1,0,0,0,40,0,4,1,2,1,0,0,0,0,0,1,4,1,1,0,7,3,0,0,1,0,0,2,0,2,1,2,2,6,0,11,3,1,0,1,6,2,1,19,0,3,0,1,0,13,1,5,0,0,4,0,0,2,10,2,2,1,0,0,1,1,4,1,14,5,0,2,0,0,0,1,4,0,0,0,0,0,3,2,1,4,1,0,1,0,2,0,4,1,1,0,0,1,0,1,0,0,0,0,0,0,5,0,0,2,0,2,2,5,6,2,0,2,3,0,1,1,0,1,0,11,0,0,0,1,0,1,3,0,2,0,1,0,0
5,0,0,0,16,0,0,4,1,1,29,6,0,5,1,0,1,2,0,1,1,0,2,0,0,17,0,13,1,3,0,1,1,2,1,0,1,4,2,3,28,0,1,0,5,0,1,2,4,6,8,1,2,2,6,0,1,4,2,0,0,1,0,20,1,0,0,0,0,0,0,0,1,0,1,0,0,1,0,0,0,0,0,0,1,0,12,0,12,0,4,0,0,0,1,1,0,1,0,0,0,0,1,2,0,2,0,0,0,0,0,0,2,1,1,0,1,0,0,0,0,10,0,3,0,2,1,0,1,1,0,5,0,0,0,2,1,6,0,1,0,3,2,0,0,3,2,2,0,2,4,0,13,3,0,0,0,1,1,0,26,2,4,0,5,0,11,0,2,3,0,5,1,0,1,10,2,2,1,2,0,3,0,0,6,46,1,0,5,16,1,0,0,1,4,0,3,0,0,2,2,0,2,1,0,3,1,2,0,0,0,3,0,0,2,1,0,2,1,1,0,0,2,0,0,2,1,0,5,0,4,0,0,0,3,0,2,0,1,0,0,2,0,1,0,1,1,0,0,3,0,1,0,3,1,0
2,2,0,0,21,0,1,0,3,0,42,9,0,1,3,0,1,5,0,1,0,2,0,0,0,8,0,14,25,2,0,1,0,2,2,1,3,3,5,2,45,1,1,2,0,0,1,2,9,8,11,3,0,4,12,1,3,7,0,1,2,0,0,3,0,2,0,0,0,0,0,1,3,0,1,0,1,0,1,0,1,0,1,0,2,1,4,0,1,5,3,0,1,0,3,0,5,1,3,0,1,0,0,3,4,3,0,3,0,1,0,1,2,0,0,0,2,0,1,2,2,3,0,5,0,3,1,5,1,0,1,2,3,0,2,0,1,7,2,1,1,2,2,0,1,0,2,1,0,4,3,0,11,4,3,0,0,4,0,0,1,0,4,0,3,0,8,1,1,5,0,1,1,0,0,1,3,0,0,0,1,1,2,0,2,3,1,0,5,0,0,1,0,1,0,1,0,1,2,2,4,0,1,1,2,1,0,1,0,1,3,3,2,1,0,3,0,7,0,0,3,1,0,2,2,2,2,0,3,2,5,10,1,1,6,1,21,0,1,1,2,0,1,1,1,0,2,3,1,3,0,1,1,4,0,1
1,0,4,4,19,0,0,0,1,1,48,16,1,2,1,0,0,2,0,9,1,2,1,0,0,9,1,2,1,4,0,2,0,4,1,0,2,1,9,2,42,1,0,1,0,0,2,1,4,13,15,1,2,5,26,0,1,0,1,0,2,1,0,4,3,4,0,1,0,1,0,0,1,0,1,0,0,4,0,0,0,1,0,0,2,0,2,0,0,0,1,0,0,2,0,0,1,2,0,0,0,0,1,4,7,6,0,0,1,2,3,28,1,3,2,10,4,1,0,0,1,0,0,3,0,4,0,2,3,0,0,5,0,6,0,6,1,12,3,1,0,1,4,1,1,0,1,0,0,7,7,1,3,5,0,1,0,3,2,6,3,0,4,0,4,0,13,0,0,0,1,0,0,0,1,3,1,0,0,0,0,0,1,1,3,17,1,0,1,0,0,0,0,5,4,1,0,2,0,1,2,0,3,1,0,1,0,0,3,0,4,1,0,0,0,0,0,0,1,0,2,0,0,0,0,2,1,2,2,1,3,0,1,0,4,0,0,3,0,1,0,0,3,3,0,1,1,1,0,0,0,3,2,2,0,1
1,0,1,4,13,11,4,6,1,2,41,7,3,1,0,0,1,5,0,3,1,0,0,0,2,3,1,22,4,3,0,2,1,2,0,0,2,2,7,1,5,0,1,0,9,0,0,0,2,4,13,0,2,3,10,0,2,0,1,1,2,3,0,5,0,3,1,1,0,1,0,7,0,0,0,2,1,1,0,1,0,0,0,0,4,0,4,0,1,1,0,1,0,1,4,0,9,1,1,3,2,0,0,2,3,3,2,0,0,1,0,3,1,0,0,4,3,2,0,0,0,0,0,4,0,4,0,0,0,1,0,19,1,2,0,1,2,2,1,3,0,2,0,7,2,2,3,18,0,4,6,0,0,2,2,2,1,3,4,1,21,0,4,0,1,0,8,1,2,8,1,1,0,0,3,4,6,0,0,2,0,4,1,0,0,10,1,0,1,0,1,0,0,2,4,2,3,1,1,3,0,0,2,4,1,0,1,3,0,0,0,1,21,0,2,0,1,0,0,0,0,0,1,1,0,4,2,0,10,2,4,9,2,0,3,4,0,1,1,0,2,0,2,0,2,4,1,0,1,2,0,2,3,2,1,1
0,2,7,0,14,3,0,4,1,1,50,11,0,2,1,1,2,9,0,1,1,0,0,1,1,12,2,34,5,6,0,0,1,2,0,1,0,5,5,5,9,1,2,1,0,1,0,2,7,9,12,15,0,1,28,0,1,0,0,0,0,0,1,3,0,0,2,0,1,0,0,3,3,0,0,0,1,1,0,0,0,0,0,0,1,0,8,0,1,1,2,1,0,0,1,0,1,0,1,0,1,1,0,3,3,0,2,1,6,6,4,1,2,0,2,0,0,0,0,2,0,30,0,4,0,2,1,0,0,0,1,0,0,0,2,1,0,2,1,4,0,0,1,1,1,1,3,6,0,3,5,1,12,1,0,1,1,0,0,2,27,0,4,1,1,1,10,1,0,0,4,2,0,0,0,1,3,0,1,5,0,2,3,2,0,4,1,0,8,0,3,2,0,3,1,0,2,0,0,3,0,0,4,0,0,1,0,2,0,0,2,0,0,1,0,0,0,0,1,1,1,0,0,1,0,0,1,3,11,0,6,9,1,2,7,0,2,1,1,1,0,0,2,3,1,0,2,3,0,5,0,1,0,5,0,0
2,0,2,0,8,1,2,3,6,1,46,3,4,0,0,0,0,1,0,8,2,0,0,0,0,6,0,0,5,4,0,0,0,3,0,0,1,4,16,5,42,1,1,2,3,0,2,0,7,9,10,6,6,1,9,4,0,0,5,0,0,3,0,2,1,2,0,0,0,0,0,3,1,0,1,1,4,0,0,1,0,0,5,0,1,0,7,0,2,4,2,1,2,2,0,2,0,2,1,0,1,0,0,1,4,2,2,0,0,0,0,10,0,0,0,3,0,1,0,0,0,3,1,3,0,3,0,0,1,0,0,0,2,0,0,0,0,2,2,1,0,0,3,0,0,2,4,0,0,7,3,0,14,2,0,1,2,4,1,0,24,0,6,1,1,0,3,1,0,6,1,5,0,0,3,0,0,0,1,0,0,1,1,1,0,40,2,1,3,0,1,0,0,6,5,0,3,3,2,3,0,0,1,0,0,4,1,5,0,3,1,1,1,0,0,0,1,0,0,0,0,0,0,0,0,1,1,0,1,0,4,0,1,0,2,2,0,0,0,0,1,0,0,1,0,0,2,0,0,2,0,1,3,3,1,0
0,0,0,0,22,1,2,3,1,0,40,5,1,3,3,0,2,1,0,0,2,0,0,0,0,9,0,38,3,2,1,0,0,3,0,1,0,1,11,3,27,2,1,0,4,0,2,2,5,8,9,2,2,4,11,0,1,0,1,2,2,1,0,6,1,2,0,0,1,0,0,3,1,2,0,44,1,1,0,6,0,0,0,0,3,0,7,0,6,0,1,1,0,4,0,0,0,0,0,0,3,0,2,5,8,5,1,1,0,2,0,0,1,0,0,1,0,1,0,2,0,14,1,5,0,5,1,0,0,0,0,1,1,3,0,0,2,4,0,3,1,2,0,0,1,1,2,1,0,1,2,0,9,4,0,0,0,4,3,1,39,0,1,0,3,0,6,0,3,3,2,4,1,3,0,0,6,3,2,0,2,1,1,0,5,26,4,0,7,0,0,9,1,1,3,0,2,0,5,2,5,0,3,1,1,2,0,1,0,0,1,0,4,0,0,0,1,0,0,0,0,1,1,0,1,1,1,0,7,1,1,2,0,1,1,0,0,2,1,0,0,0,2,1,0,0,1,2,1,4,0,1,2,1,1,1
0,0,1,2,0,0,3,1,0,2,2,0,1,3,0,0,1,9,0,3,2,0,0,1,0,2,0,1,2,3,0,0,3,3,1,2,1,2,0,7,4,38,2,9,9,1,0,2,3,2,3,2,2,3,2,0,6,0,1,24,8,0,2,6,3,5,0,0,2,3,1,1,5,3,1,0,3,3,2,1,1,0,1,0,6,2,11,0,0,6,2,2,1,1,0,1,0,0,0,1,2,1,0,1,1,1,2,0,1,2,0,1,2,1,0,1,1,0,1,0,9,0,0,2,2,2,0,1,3,1,3,2,1,12,0,1,0,2,0,7,3,1,0,3,2,0,9,6,2,2,4,13,0,2,6,3,4,5,1,6,0,8,3,4,1,4,1,0,1,2,1,0,0,0,3,0,4,1,0,0,1,0,2,0,3,1,0,0,0,0,1,0,2,4,5,2,3,1,2,6,5,0,1,4,0,2,0,1,1,1,8,3,1,28,0,0,3,0,5,3,0,4,1,0,2,2,5,3,2,1,2,0,0,3,1,1,0,6,1,6,0,0,1,9,1,0,3,8,1,1,6,0,3,2,0,0
1,2,0,1,7,1,1,0,0,0,46,7,3,4,2,2,0,2,3,1,1,1,0,0,1,8,0,1,2,3,0,3,0,1,3,1,1,4,26,2,0,1,3,0,0,1,1,1,10,9,11,21,3,2,16,0,1,0,1,5,1,1,0,3,1,2,0,2,0,0,1,0,2,0,0,1,0,0,0,0,0,0,1,2,3,0,4,0,2,1,2,0,1,0,1,3,1,1,0,0,2,0,1,2,1,0,1,0,1,1,0,23,0,1,1,4,2,0,0,2,0,8,1,1,0,4,1,2,1,1,3,0,3,3,0,1,3,1,5,1,4,2,1,0,0,1,2,0,1,3,2,0,9,1,4,1,1,0,0,0,16,0,2,0,0,1,7,4,0,0,3,1,1,1,1,0,0,2,2,2,0,4,1,0,2,24,3,1,5,0,1,1,0,3,1,0,1,0,0,2,1,2,1,2,0,4,2,1,0,0,0,1,0,0,1,0,0,1,1,1,0,0,2,2,0,4,4,2,2,0,4,13,1,0,3,2,0,3,0,1,0,1,5,0,2,1,1,10,1,4,0,0,0,4,2,0
0,3,3,4,13,4,4,1,1,0,24,9,3,0,2,0,3,4,1,3,3,0,0,1,1,4,0,1,2,1,1,18,0,4,2,1,0,2,7,7,23,3,1,0,0,0,7,5,4,8,6,14,7,4,3,3,1,2,0,1,1,0,0,20,1,2,5,0,0,3,1,0,1,1,2,0,0,6,0,2,0,3,1,4,1,1,6,0,1,2,3,1,2,2,3,1,1,2,6,0,6,0,0,2,7,3,1,0,3,0,5,10,4,0,1,8,0,0,1,0,0,0,1,3,2,4,0,0,4,3,5,0,0,2,2,2,2,1,3,2,2,1,2,1,1,3,3,1,2,1,4,3,0,2,3,1,0,3,1,0,30,0,1,0,5,2,6,0,2,2,4,1,3,1,6,5,2,2,0,1,5,1,2,1,3,16,2,0,2,1,0,0,0,3,5,0,3,0,1,2,1,0,1,1,0,1,1,1,1,0,2,1,0,2,2,0,1,0,1,0,9,0,0,3,1,0,2,1,3,5,3,4,1,0,2,1,1,2,0,4,0,0,2,0,1,0,1,0,1,6,1,4,1,2,0,0
0,0,2,2,6,2,2,2,1,2,6,1,2,6,2,0,2,1,0,2,0,3,0,0,0,1,0,2,1,1,0,0,16,4,4,1,2,1,1,3,3,8,0,3,4,4,2,3,2,3,6,7,3,3,2,0,0,0,1,25,10,2,0,12,1,5,1,0,1,0,0,0,0,1,0,1,1,1,2,0,1,2,1,0,0,1,1,0,0,0,3,0,0,1,3,0,0,2,0,4,0,0,7,4,1,4,3,1,0,1,0,5,1,0,0,1,2,1,0,1,6,0,1,3,0,3,0,0,0,0,5,3,0,25,1,3,0,5,0,10,1,0,1,4,0,0,3,0,1,2,9,17,0,4,5,0,1,4,0,6,3,0,3,0,0,2,3,2,2,1,2,1,2,1,0,34,1,0,0,0,1,0,1,3,0,2,7,1,2,0,0,4,2,3,5,2,1,1,1,1,2,1,0,8,0,3,1,1,2,0,2,4,0,6,1,0,5,0,2,1,1,1,1,1,0,1,3,1,1,7,1,4,0,5,2,0,0,9,2,6,0,4,1,2,2,0,3,20,1,6,0,4,4,0,7,3
2,0,3,0,0,1,2,0,2,0,4,0,1,0,1,1,2,0,0,3,0,1,1,1,0,0,0,0,4,0,1,0,0,3,9,2,2,2,0,5,1,5,0,5,7,0,1,3,2,0,10,2,2,3,0,0,1,0,0,26,7,0,3,8,0,4,0,0,1,2,1,0,3,9,5,4,2,0,1,1,0,0,1,0,5,0,2,0,0,2,1,0,0,0,2,2,0,0,2,4,0,0,1,4,0,7,3,5,0,1,2,1,4,0,1,1,2,5,0,0,13,1,6,6,1,2,1,0,0,0,1,1,1,7,0,2,0,4,0,3,0,3,0,3,0,0,8,3,0,1,4,4,0,4,0,0,0,2,1,3,1,1,1,4,0,6,2,1,1,0,0,0,0,8,1,0,5,0,6,1,0,0,0,3,0,2,1,3,1,0,3,6,1,4,3,5,2,1,0,1,12,0,7,0,0,0,1,0,1,0,3,2,0,2,1,1,13,0,0,0,2,4,0,1,2,1,3,4,35,2,2,1,0,3,1,4,1,5,1,5,1,0,3,3,0,3,0,1,10,1,10,3,3,5,0,0
0,1,4,0,14,1,2,0,2,2,53,4,2,3,0,1,2,10,0,1,0,0,1,0,3,7,0,28,2,2,0,0,0,3,0,0,0,1,5,0,0,0,0,1,0,0,0,1,4,3,4,2,0,2,1,0,0,1,0,0,0,0,0,13,0,5,2,0,1,2,0,0,0,0,0,2,0,0,0,4,1,0,1,1,0,0,3,0,3,1,1,0,0,0,2,0,0,6,6,3,1,2,2,3,4,4,1,1,2,0,3,4,2,0,0,0,1,0,2,2,0,19,0,3,1,2,0,0,0,0,1,4,0,1,1,0,0,3,0,1,4,1,0,0,1,1,1,0,0,1,0,1,21,4,0,0,0,7,0,0,20,0,0,0,0,0,5,3,2,0,1,0,0,47,4,4,6,1,0,3,3,3,0,9,1,12,2,0,0,0,0,0,0,2,3,1,6,0,1,1,2,0,1,1,3,0,4,1,1,1,0,0,0,0,1,0,2,0,1,0,0,0,2,0,0,0,3,0,3,1,2,1,1,0,2,0,0,2,1,0,3,0,0,0,0,0,1,3,4,2,0,1,1,2,0,1
0,0,0,2,19,0,3,3,1,1,45,13,0,3,3,0,4,3,0,6,1,3,0,0,0,12,0,8,5,3,1,0,1,2,0,2,0,3,3,0,4,1,1,1,1,0,2,1,4,9,13,3,6,2,5,0,1,0,0,3,3,1,0,8,4,5,1,0,2,2,0,0,1,0,3,38,1,1,3,2,0,0,2,2,2,0,4,0,5,0,5,0,0,1,2,0,6,2,2,0,0,0,0,3,3,1,2,0,2,0,6,2,4,0,0,0,1,0,0,3,0,0,4,4,0,2,1,0,0,0,1,4,3,1,2,2,1,4,1,1,2,2,0,0,1,1,2,2,0,2,3,1,14,5,0,1,0,6,0,2,25,0,3,0,4,1,11,1,2,1,1,0,1,0,4,0,1,6,2,1,1,0,1,2,6,22,2,0,10,1,0,0,2,4,4,0,1,1,2,2,4,0,4,2,1,1,2,1,1,0,1,1,0,1,0,0,0,0,1,0,0,0,0,4,0,2,2,0,1,1,4,2,3,0,3,1,0,0,2,1,1,0,1,2,2,0,1,1,0,6,0,2,1,2,0,1
0,1,8,1,4,6,1,2,0,4,16,0,4,4,4,1,1,2,0,15,0,9,0,0,1,3,1,1,2,2,0,0,1,7,0,0,0,1,2,1,0,13,0,8,1,0,0,1,7,7,6,11,3,2,13,1,3,0,0,1,2,3,1,6,1,2,0,0,3,2,0,1,0,1,0,0,0,0,0,0,0,0,1,0,1,0,5,5,0,2,1,1,3,0,1,0,0,0,0,0,1,0,0,3,7,2,1,2,0,2,2,7,1,1,0,3,0,0,0,0,0,32,0,2,0,5,1,0,0,1,2,1,0,9,0,0,1,3,1,8,2,0,0,1,0,0,5,1,0,1,5,3,0,4,1,0,1,4,0,2,0,3,1,0,0,2,5,0,1,6,0,1,0,3,2,4,2,0,0,0,0,0,0,1,1,29,0,0,5,0,0,2,6,0,0,0,6,0,1,1,1,5,1,1,0,3,0,0,0,2,18,4,1,0,1,1,0,0,2,0,2,0,2,0,0,2,6,9,2,2,2,1,0,5,5,0,0,3,1,6,4,0,1,1,2,0,0,5,2,2,3,3,3,2,0,2
0,1,1,0,18,0,2,0,0,2,58,10,4,0,2,0,1,4,0,9,5,1,1,0,0,3,1,2,3,2,0,2,1,1,0,0,1,2,14,1,50,0,0,0,4,1,1,3,6,12,15,3,0,1,17,0,1,0,0,0,1,2,0,2,1,1,0,0,0,0,0,1,0,0,0,0,0,0,0,0,0,0,0,0,0,0,3,0,1,0,2,0,1,0,0,0,0,1,0,0,3,0,2,2,9,1,0,0,1,3,4,14,0,0,0,13,0,0,0,0,0,2,1,1,0,1,0,0,2,0,1,2,1,0,1,0,0,1,1,0,0,0,1,1,0,0,2,0,0,15,2,0,3,1,0,0,0,1,0,1,12,0,5,0,1,0,8,1,0,1,0,4,1,6,1,0,2,0,0,0,2,2,3,0,4,13,2,0,0,6,0,4,0,3,0,0,4,0,3,2,1,0,2,0,0,0,17,0,0,0,0,0,1,1,0,0,2,0,1,0,0,1,0,0,0,0,1,0,9,1,3,5,1,1,4,3,7,2,2,0,0,0,1,0,1,0,1,0,0,4,0,0,2,0,3,2
0,3,4,0,23,1,3,0,1,0,67,9,1,3,0,0,2,5,1,1,0,0,0,0,0,8,0,7,8,6,0,3,0,0,1,0,0,4,18,0,2,0,0,0,3,0,0,1,8,13,12,0,1,0,12,0,1,0,0,2,2,0,0,0,1,0,0,1,0,0,0,0,0,0,0,4,1,1,0,3,0,0,1,1,0,0,9,0,5,0,2,0,0,0,0,0,2,0,0,0,1,0,0,1,10,0,0,0,1,5,0,49,1,5,0,13,0,0,0,1,0,43,0,0,0,3,0,1,2,0,0,3,3,2,1,0,3,0,2,0,0,0,0,1,0,0,6,1,0,6,6,1,0,4,0,0,2,1,2,0,19,0,4,1,3,0,9,1,3,0,0,1,0,2,0,5,1,2,1,1,0,1,2,1,5,7,5,0,3,1,0,1,0,1,0,2,1,1,0,4,0,0,9,3,0,1,1,1,0,0,0,0,2,1,0,0,0,0,0,0,1,0,0,0,0,1,5,0,2,2,3,5,2,0,6,2,1,0,1,0,1,0,3,0,1,0,1,1,4,5,0,4,0,1,0,3
0,0,0,4,2,0,0,0,1,2,6,1,0,1,0,2,4,1,0,1,0,0,0,1,0,0,0,2,2,2,0,0,11,2,4,3,2,2,1,2,3,28,1,1,16,1,0,0,2,1,2,2,1,2,1,1,0,0,1,20,4,1,5,4,0,6,0,1,4,0,0,0,0,1,0,0,2,0,0,0,0,1,1,0,3,0,3,1,0,6,1,0,1,0,1,4,0,0,0,3,0,0,2,1,2,1,2,1,0,2,0,1,0,0,0,2,2,1,1,0,7,0,0,1,0,5,0,0,1,0,2,0,0,12,0,1,0,1,0,10,0,0,0,0,0,0,5,1,0,2,3,4,0,2,3,0,1,7,0,6,0,9,0,0,2,2,3,1,1,1,28,5,0,0,0,0,2,0,2,0,2,1,2,2,0,1,0,0,1,0,6,4,0,1,3,7,3,0,1,2,6,0,2,12,1,4,1,5,0,1,16,0,1,0,0,0,2,0,3,1,3,2,0,1,3,1,4,5,2,1,1,1,0,14,0,0,0,11,0,20,0,1,2,11,0,1,0,9,5,0,3,0,1,3,12,1
3,0,0,6,1,1,2,2,5,3,19,3,2,5,6,0,1,3,0,5,0,0,0,0,0,0,0,1,1,1,0,1,0,4,1,3,1,3,5,0,3,3,0,0,7,3,0,2,3,3,1,15,1,3,3,0,0,0,2,3,6,3,3,12,0,3,0,1,7,3,0,4,0,1,1,0,1,1,0,0,0,2,1,0,2,2,3,0,2,3,0,0,0,3,0,2,0,0,0,1,0,0,0,3,1,5,3,0,0,0,0,9,0,0,2,5,0,1,0,2,6,6,1,6,1,4,1,1,5,0,1,8,1,15,0,2,2,3,4,5,1,9,0,1,0,1,6,4,4,2,1,17,8,6,2,10,13,6,0,3,3,4,8,1,0,4,2,0,1,1,0,0,1,0,0,0,2,0,1,0,4,0,0,3,0,1,0,0,1,2,1,0,1,4,4,5,1,0,0,1,3,1,2,2,0,3,1,1,0,0,15,1,2,0,1,0,0,1,1,3,0,0,7,4,2,3,3,4,3,2,2,0,0,4,0,1,0,2,3,11,1,0,0,4,0,0,0,5,2,2,3,0,1,2,0,0
0,0,2,0,15,0,1,1,1,0,39,4,0,1,4,0,3,1,3,1,2,1,0,0,0,10,0,41,3,4,0,1,0,2,0,0,1,3,11,2,1,0,2,0,0,1,0,1,2,3,10,5,1,3,10,0,1,0,0,1,1,1,0,20,2,7,1,0,0,2,0,2,0,0,0,2,3,2,0,1,1,0,5,0,5,0,3,0,0,0,1,0,1,1,3,1,0,8,0,0,0,3,3,4,9,3,4,0,2,0,0,2,1,0,1,1,1,0,0,0,0,39,0,4,0,3,0,0,0,0,0,0,0,1,0,3,1,9,0,1,1,0,0,0,0,0,3,1,2,2,0,0,6,2,0,0,0,3,0,1,27,0,2,0,2,0,8,0,1,0,1,3,0,11,1,1,1,1,0,3,2,2,1,1,3,17,2,1,6,0,0,3,0,5,3,1,3,0,4,2,5,0,6,0,1,1,0,3,0,0,1,0,0,1,1,0,1,0,1,0,1,1,0,0,4,2,0,1,12,3,3,4,0,1,3,0,1,0,0,2,0,0,3,2,1,0,1,1,0,1,0,0,0,2,1,0
1,1,2,8,6,1,4,1,1,1,33,3,1,6,0,0,0,8,0,7,0,1,1,0,0,7,0,1,2,5,0,1,1,4,0,0,1,3,11,1,22,1,0,0,1,0,0,2,5,15,13,0,3,4,11,0,0,0,1,3,7,4,0,5,0,1,1,0,1,1,0,39,2,0,0,8,3,1,0,2,0,0,10,0,0,1,9,0,9,2,5,0,4,0,0,0,0,0,0,0,1,1,0,2,0,1,1,0,0,0,0,1,1,0,0,7,0,0,0,0,1,7,0,2,0,1,0,3,0,0,1,0,0,2,0,0,0,2,0,1,4,3,4,0,0,0,2,0,0,2,3,0,4,2,1,2,0,2,0,2,17,1,12,0,1,1,17,0,4,2,0,2,1,0,0,0,1,2,0,0,0,3,0,0,3,36,0,0,10,0,0,0,0,3,5,0,6,0,0,2,3,1,4,0,1,0,1,1,1,0,0,0,2,0,1,0,1,0,1,0,2,0,1,1,0,3,0,0,6,0,7,0,0,0,3,0,0,0,0,0,0,0,0,1,1,0,2,1,1,3,0,3,1,1,0,0
1,0,3,0,20,0,1,9,1,1,44,5,1,4,4,0,3,6,2,4,4,2,1,0,0,7,0,4,2,2,0,0,0,3,2,0,2,7,8,4,48,0,0,2,0,0,0,1,10,5,11,0,1,0,13,0,0,3,2,1,4,1,0,6,1,4,0,0,0,1,0,1,1,1,0,1,0,0,0,2,0,0,0,0,2,0,6,0,1,1,4,0,0,1,0,0,0,2,0,0,1,1,0,4,1,0,2,2,0,3,0,0,1,0,0,0,0,0,1,0,1,3,0,2,1,2,0,1,0,1,1,5,1,4,1,1,2,3,1,4,1,5,1,0,4,1,4,0,0,21,6,1,15,6,0,0,1,4,0,0,7,0,1,0,3,0,7,3,5,0,0,1,2,1,1,12,0,2,1,0,2,3,1,2,7,16,3,0,2,1,1,0,0,3,2,1,1,0,5,3,1,1,4,1,2,1,1,1,1,2,2,3,0,2,0,1,1,4,1,0,1,1,0,0,1,0,3,2,3,2,4,1,2,0,1,1,6,0,2,3,2,0,3,2,5,1,1,1,0,2,0,1,0,4,1,2
2,0,0,2,1,1,1,3,4,1,2,0,0,3,1,1,3,1,6,3,0,0,2,0,6,1,0,0,1,0,0,0,0,4,0,0,8,0,0,1,0,30,2,0,6,0,1,2,1,1,3,9,1,5,2,0,0,0,7,0,7,3,3,13,2,10,1,0,6,3,0,3,3,0,0,1,4,1,0,0,0,2,1,1,1,1,4,4,1,0,0,1,0,3,3,3,0,1,2,0,0,0,0,2,1,7,1,0,2,1,0,0,0,1,1,1,1,0,0,0,2,0,0,4,1,0,0,0,0,0,7,1,0,13,0,1,0,5,2,14,0,6,2,1,0,1,4,3,1,0,1,9,0,7,6,3,3,3,0,6,2,4,2,0,1,4,2,2,1,0,2,2,0,0,2,0,2,0,2,0,5,0,22,3,1,0,3,0,0,0,10,3,1,3,6,3,0,1,1,0,3,1,1,1,0,1,0,0,0,0,12,6,1,0,1,0,0,0,3,1,3,1,1,0,3,2,3,3,0,1,0,2,4,7,0,0,0,19,0,13,3,0,2,3,1,1,0,4,5,0,2,4,1,2,1,0
2,1,1,3,0,0,1,4,2,1,8,0,2,2,2,3,2,15,1,2,1,0,3,1,0,4,0,0,4,1,0,0,0,2,7,1,7,1,4,3,0,0,0,0,7,4,3,3,1,0,0,3,4,3,2,0,0,0,1,0,11,0,0,7,1,3,0,0,1,0,1,0,0,1,0,0,4,1,0,1,2,0,3,4,5,0,6,1,0,1,0,1,0,3,1,2,0,6,1,5,0,0,3,2,0,3,3,3,0,2,7,2,0,0,1,1,1,2,9,1,6,5,4,3,0,2,0,17,6,1,2,1,0,12,0,2,1,5,0,3,1,1,0,2,1,1,8,3,3,3,6,12,0,9,0,4,0,0,2,7,3,3,5,3,3,1,5,1,2,0,0,1,0,4,1,2,5,2,3,0,7,0,0,1,1,0,0,0,0,0,3,0,4,0,9,6,2,0,0,4,9,0,1,8,2,3,4,0,0,2,2,2,3,7,1,2,5,0,2,1,0,9,0,0,2,2,3,5,0,3,3,1,0,6,0,1,1,3,0,10,0,0,1,1,0,0,1,0,0,0,9,4,4,2,2,1
0,1,3,11,9,2,0,0,16,0,58,2,1,3,1,0,0,1,0,3,7,0,2,0,2,13,0,0,6,4,1,0,0,2,0,0,1,4,9,0,4,1,1,2,1,0,0,1,6,2,8,1,2,1,7,0,9,0,0,2,0,1,0,3,0,2,0,0,0,3,0,0,1,0,0,0,1,6,0,1,0,0,2,0,0,0,6,2,4,0,3,4,2,0,0,0,0,3,0,0,1,0,0,2,1,1,0,0,5,1,0,20,2,0,0,14,0,1,0,2,0,29,0,2,0,5,0,0,0,1,0,4,1,1,1,0,0,1,2,1,1,1,0,0,3,0,4,13,0,5,2,0,9,1,0,1,0,1,0,0,17,1,5,4,1,1,13,0,0,0,8,3,1,4,1,6,3,1,0,2,1,8,1,3,1,12,1,0,6,0,0,0,0,4,2,4,1,1,0,3,1,0,3,1,0,11,7,5,0,0,3,0,1,0,1,0,0,0,0,0,2,0,0,0,0,0,1,2,1,0,4,2,4,0,7,2,2,0,0,1,1,1,7,0,1,2,3,0,2,1,0,1,2,3,0,3
1,1,2,0,10,2,2,2,1,1,61,7,2,1,2,1,1,6,0,12,3,1,3,0,0,5,0,0,17,4,0,9,0,0,1,0,3,4,25,3,1,1,1,0,0,0,0,0,4,8,14,0,0,0,8,0,3,0,1,4,15,7,0,0,3,0,1,0,0,0,0,1,1,0,0,0,2,0,0,6,1,0,0,0,1,2,7,0,0,0,1,0,0,2,1,0,1,0,3,0,1,0,0,0,3,0,0,0,2,1,0,26,3,0,0,15,1,0,0,1,0,14,2,3,0,5,0,0,2,0,0,0,1,0,0,5,0,1,0,0,0,2,0,2,2,0,5,0,0,4,3,0,0,0,2,0,0,3,1,0,7,1,3,0,1,5,8,1,0,0,3,2,0,0,0,2,0,1,1,0,0,4,1,0,3,14,0,1,6,3,4,0,0,2,0,1,4,6,2,5,0,0,2,1,0,3,1,4,0,1,0,1,2,3,0,0,0,0,0,0,0,0,0,1,0,1,4,0,2,0,6,2,1,0,6,0,0,0,0,0,0,0,1,1,2,0,1,5,0,3,0,0,0,3,1,0
0,0,2,1,11,0,0,2,13,1,50,5,1,1,1,10,1,3,0,1,0,0,0,0,0,12,0,1,50,4,0,10,0,0,0,1,0,4,0,4,0,0,1,0,1,1,0,0,4,14,12,0,0,1,0,0,1,0,0,1,0,0,0,0,1,0,0,0,1,0,1,1,0,0,0,0,0,0,0,1,1,1,1,0,2,0,5,0,0,2,2,0,0,2,5,0,0,0,1,0,0,0,2,13,1,0,1,0,0,3,0,13,0,0,1,2,0,0,2,0,0,1,0,0,1,6,0,0,0,1,0,4,0,1,0,0,0,0,1,0,1,0,1,0,7,0,4,2,0,5,4,0,11,0,1,0,3,0,0,0,11,0,4,0,1,5,8,2,2,0,0,0,0,0,2,7,0,0,0,0,0,1,0,1,1,23,0,0,4,1,2,0,0,2,1,0,3,1,2,6,0,0,3,1,0,1,2,2,0,0,1,5,2,0,0,3,0,5,1,0,1,0,1,1,0,1,1,0,8,2,4,0,2,0,7,3,0,0,0,0,0,0,1,0,0,0,1,2,3,4,0,3,1,3,0,3
0,2,2,2,16,0,3,1,13,2,54,7,1,6,2,0,3,5,1,4,0,0,0,1,0,5,0,6,2,3,0,6,1,3,0,6,3,3,22,2,22,3,0,0,4,0,1,4,3,6,8,2,3,1,9,0,2,0,3,1,3,3,0,2,1,1,0,0,0,0,2,0,0,1,0,0,0,2,0,2,0,1,2,0,1,0,8,0,0,0,3,0,1,0,1,0,2,1,0,0,2,0,0,1,8,0,0,0,0,0,5,12,1,2,0,4,0,1,0,1,0,0,0,1,1,2,0,1,2,0,0,12,3,0,0,0,1,2,0,0,3,0,3,0,0,1,3,13,0,2,5,0,0,4,0,0,0,1,0,0,6,0,2,0,0,1,7,1,1,2,2,2,0,7,2,1,3,0,0,0,1,0,1,8,1,32,2,0,0,1,3,1,0,4,0,1,2,1,0,3,1,0,3,0,0,0,0,2,3,1,0,0,2,0,1,0,0,0,0,5,3,0,0,1,1,1,4,1,3,0,2,1,0,2,1,1,0,0,0,1,1,0,3,1,0,0,1,1,0,0,1,1,3,0,0,1
0,0,0,0,6,0,1,3,3,0,48,5,0,2,1,0,1,6,2,3,1,0,0,1,0,7,1,1,4,3,0,0,0,3,2,0,2,2,19,2,1,2,0,0,3,0,1,2,5,4,6,2,2,2,28,2,0,2,0,3,5,39,0,6,0,3,3,0,1,1,0,2,3,0,1,0,1,0,2,4,0,0,0,0,4,0,3,0,0,1,5,0,1,2,0,0,5,0,1,0,1,1,1,3,4,2,1,1,1,2,0,15,0,0,0,3,1,1,0,1,2,11,2,3,0,4,0,0,0,0,0,1,2,3,0,0,0,4,2,0,1,1,0,0,0,0,1,2,1,1,3,0,10,4,0,1,2,4,1,1,5,1,2,2,0,1,8,1,0,0,0,2,0,0,5,0,1,2,0,1,3,2,4,0,2,27,0,0,2,1,0,1,1,3,2,0,2,1,0,0,4,4,6,1,2,0,0,4,0,0,3,0,2,3,0,1,0,1,0,0,1,2,1,0,1,0,5,3,0,0,3,0,0,0,2,3,1,2,0,2,1,0,4,0,0,0,1,1,2,5,0,1,1,0,1,4
0,0,1,3,9,1,2,0,2,1,56,8,0,4,3,0,1,4,0,2,1,0,0,0,2,6,0,34,4,3,0,4,2,1,0,1,0,4,7,1,1,0,1,0,10,1,3,2,5,16,22,0,1,1,7,0,4,1,1,2,1,1,0,3,2,2,3,0,0,0,0,0,1,2,2,0,0,0,0,3,0,0,0,1,0,0,11,0,1,0,2,0,2,1,8,0,0,1,0,0,2,0,0,2,1,0,0,1,0,6,0,31,3,0,2,12,0,0,1,0,0,0,1,2,0,4,1,0,6,1,3,5,0,1,0,0,1,4,0,1,7,0,1,0,2,2,4,3,0,6,1,0,12,2,0,0,3,2,1,0,9,0,2,1,0,0,6,1,4,2,2,6,0,0,2,1,0,0,0,1,2,1,1,4,2,20,0,0,1,1,1,2,0,2,0,4,3,0,0,3,0,0,1,2,1,0,0,3,0,0,0,0,0,0,7,0,0,0,0,0,0,0,0,1,0,1,0,0,3,2,6,11,1,0,3,3,0,0,0,1,0,0,3,0,2,0,1,4,0,3,1,3,0,8,0,0
1,0,4,0,2,0,2,2,2,0,6,2,1,3,4,1,1,1,0,9,0,0,0,4,0,3,0,0,2,1,0,1,2,3,3,2,1,1,1,3,0,2,2,0,8,2,2,7,2,0,4,15,1,6,1,0,0,1,1,0,7,5,1,8,1,7,0,4,3,0,0,0,1,2,0,1,3,0,1,1,1,0,0,1,3,0,0,1,1,1,0,0,0,2,1,1,0,3,0,4,4,0,0,2,0,6,1,2,0,1,4,4,0,0,0,1,0,1,0,0,13,0,3,4,4,24,0,0,3,0,4,4,0,17,0,2,0,3,2,5,0,0,1,2,0,0,5,8,3,2,4,11,0,7,0,2,2,4,2,6,2,0,1,6,2,4,3,0,1,0,3,0,0,3,0,4,4,0,2,0,6,0,1,1,0,3,1,0,0,1,3,0,4,1,5,4,0,1,0,5,10,0,0,13,1,3,0,1,0,0,0,2,1,0,1,0,1,0,3,0,0,5,0,1,1,3,0,3,1,1,2,0,1,4,1,1,13,8,0,8,0,0,2,0,0,0,0,1,2,4,8,1,3,2,2,0
2,2,0,2,0,0,0,2,1,3,2,0,1,6,1,1,4,0,0,4,1,0,2,3,0,0,0,0,2,1,0,0,1,3,6,2,2,2,1,4,0,4,6,1,5,0,3,4,1,2,0,0,4,3,2,0,1,0,3,26,7,2,1,13,1,6,0,1,2,0,0,1,0,1,0,0,2,1,9,0,0,0,6,3,1,0,3,4,4,0,0,0,0,1,0,0,0,0,0,2,2,0,3,5,0,1,2,1,0,0,0,2,2,0,0,2,0,1,1,0,9,1,3,3,0,27,0,0,3,1,1,1,1,9,0,1,0,4,0,8,0,0,0,0,0,0,3,1,1,1,3,1,0,3,3,0,0,2,2,3,1,3,1,0,3,1,2,3,1,0,11,1,0,1,1,1,2,0,0,0,1,0,14,3,1,0,3,0,1,0,2,9,1,1,3,2,2,0,0,1,8,4,2,19,0,4,0,2,1,7,12,2,0,0,9,0,9,0,5,0,2,4,0,0,1,0,0,1,0,3,0,1,0,7,1,2,0,16,0,15,0,2,0,5,0,0,0,0,7,2,2,2,2,2,25,0
0,0,0,3,2,1,1,2,3,0,8,1,0,1,1,0,0,4,3,3,0,0,0,0,0,4,0,0,3,3,1,0,0,1,3,3,2,5,0,5,4,28,0,0,7,0,1,0,3,1,6,5,0,1,3,0,1,1,5,3,5,6,0,3,0,3,1,0,2,0,0,3,0,3,13,0,2,2,0,1,0,0,0,3,5,1,4,0,0,9,1,0,0,1,1,2,0,1,1,0,0,0,0,1,3,6,1,2,0,1,0,4,1,0,0,2,2,0,1,0,16,3,0,6,1,1,9,0,4,2,2,5,0,10,0,1,0,2,1,4,0,2,0,0,0,0,5,1,0,3,1,12,0,1,2,0,17,4,0,8,3,0,1,0,1,6,1,1,0,0,0,0,1,0,1,2,2,1,0,1,3,0,0,2,0,2,3,0,0,0,6,5,0,2,6,3,3,0,0,3,3,2,4,1,0,3,0,2,0,1,9,2,3,0,0,0,17,1,3,0,2,1,8,2,0,0,7,2,17,0,3,0,3,5,2,0,0,7,0,15,0,0,1,8,0,0,0,4,5,0,1,0,1,4,0,0
0,0,3,3,12,1,2,0,0,0,52,9,1,0,1,0,1,5,0,13,5,0,1,0,1,4,1,3,5,6,0,13,0,1,1,0,12,5,15,2,0,2,0,0,9,1,1,2,5,12,23,6,0,3,23,0,1,0,0,0,1,0,0,8,0,2,1,0,1,1,0,1,1,0,0,0,0,0,2,0,0,1,0,0,2,1,4,0,0,0,0,0,0,1,1,0,0,1,4,3,2,1,2,3,9,1,1,0,0,3,2,43,0,0,1,10,6,0,5,0,0,0,0,3,1,4,0,3,0,0,1,0,0,3,1,0,0,2,1,3,0,2,1,4,1,0,2,1,0,3,1,2,1,2,0,0,1,3,0,2,6,0,1,1,0,0,8,2,1,2,1,1,2,0,1,3,2,0,0,1,3,1,1,1,1,28,1,0,2,0,3,0,0,2,3,0,2,0,0,2,0,0,1,0,0,0,0,2,1,0,4,0,0,0,0,0,0,0,0,0,1,0,0,3,0,0,1,1,1,0,3,0,0,2,7,3,0,1,0,0,0,0,3,1,3,0,1,0,0,0,0,0,0,0,0,0
4,1,0,0,0,0,1,2,0,1,1,0,0,1,2,2,0,2,1,1,0,0,3,0,0,0,0,0,2,1,0,0,0,3,2,1,3,3,2,1,0,3,0,0,6,0,1,2,1,1,2,7,1,3,3,0,0,0,0,1,10,1,0,9,0,2,0,0,1,0,0,0,1,7,0,0,3,1,1,1,1,0,0,3,3,1,1,2,0,0,0,1,1,3,0,0,0,1,0,2,1,0,2,4,0,8,1,1,1,2,1,1,2,0,0,1,1,0,2,0,17,3,3,3,0,3,2,2,1,0,3,1,0,7,0,2,1,4,0,6,0,2,0,1,4,3,3,9,2,1,3,5,0,9,0,0,0,1,1,6,4,11,2,3,1,2,2,0,1,0,38,7,0,6,3,1,5,1,2,0,4,0,27,2,0,1,0,1,1,0,1,5,3,1,2,4,1,0,3,2,12,0,2,3,0,5,1,0,0,2,6,1,1,0,0,0,1,0,2,0,1,7,3,0,4,2,0,1,0,6,2,0,0,2,1,4,0,5,0,6,0,0,0,5,1,0,0,1,0,2,8,2,4,2,13,0
0,2,1,0,18,1,2,1,0,0,54,7,3,2,2,0,1,3,4,9,0,1,1,0,0,12,0,2,7,3,0,4,1,0,1,2,0,5,0,3,4,0,1,2,0,1,3,2,5,3,8,6,2,4,4,0,1,1,0,0,3,1,6,2,1,2,1,0,0,0,1,4,0,0,0,0,2,1,1,2,0,0,1,1,3,0,5,0,1,1,2,0,1,2,0,0,1,4,0,0,2,0,0,1,10,3,3,3,1,1,0,32,2,0,4,10,1,0,0,0,2,30,0,2,0,5,0,0,4,0,0,0,2,2,1,3,0,6,4,2,0,0,1,0,4,0,4,0,0,3,1,1,9,3,0,1,0,1,2,2,8,0,4,1,0,1,10,3,2,0,3,0,0,0,1,0,3,1,1,0,2,0,1,0,1,5,6,1,4,0,2,0,1,3,1,1,2,0,3,4,0,0,3,0,0,2,0,5,1,0,1,0,3,1,0,0,0,0,4,0,0,0,0,3,0,0,1,0,3,1,4,14,1,0,2,1,2,0,1,2,0,0,2,1,0,1,3,2,0,1,0,2,0,2,0,0
1,0,4,0,10,0,2,0,1,0,49,7,0,0,3,1,2,2,2,4,2,2,2,1,0,9,0,12,2,5,0,0,0,7,1,0,2,2,11,1,0,1,1,1,1,1,1,3,3,9,8,0,1,4,16,1,0,2,1,2,4,1,0,6,0,2,0,0,1,2,0,1,0,0,0,0,0,3,0,0,0,0,0,0,2,0,2,4,0,1,3,0,0,1,0,0,0,0,3,0,3,0,0,3,5,1,0,0,0,0,0,10,1,0,0,11,0,0,2,2,0,32,0,8,1,1,0,1,3,2,2,1,2,3,3,2,1,9,2,5,2,0,1,1,1,0,7,3,0,2,3,3,7,3,2,0,0,5,0,2,15,0,3,1,0,3,7,4,1,0,2,2,0,1,1,2,1,0,1,0,1,2,3,0,1,17,3,0,5,0,2,1,1,3,2,1,1,0,1,2,4,0,1,0,0,1,2,1,0,0,2,2,0,3,0,0,0,0,0,0,2,2,1,2,0,2,0,1,2,3,4,10,1,2,2,3,0,1,1,2,5,1,6,1,0,2,1,1,1,7,0,0,1,6,0,0
2,0,2,1,0,0,4,2,7,3,6,1,0,7,1,1,2,0,0,0,3,1,0,1,0,2,0,0,3,0,0,0,2,6,0,3,3,1,0,3,2,11,2,8,6,4,0,4,0,2,0,17,5,4,0,0,0,0,2,0,10,2,4,17,0,5,1,0,1,0,0,0,0,0,0,1,5,2,0,1,2,2,0,2,2,2,0,0,0,2,2,0,0,2,0,1,0,0,0,2,7,0,1,3,0,2,1,2,0,1,3,0,0,0,2,1,2,0,2,0,6,0,0,4,3,4,0,1,1,0,2,4,0,4,2,1,0,4,0,4,1,0,0,5,0,0,5,3,3,0,1,11,0,7,1,0,6,9,2,6,10,5,4,2,0,2,1,6,0,1,0,0,7,0,0,4,5,2,0,0,4,0,0,4,1,1,1,0,0,0,3,5,1,2,10,3,5,0,0,1,6,0,4,2,3,4,1,4,0,2,8,0,0,26,0,0,3,1,2,1,0,4,0,0,4,4,3,3,0,0,0,0,0,5,0,0,1,3,0,12,0,0,0,2,0,0,0,5,2,0,5,8,3,2,0,0
3,0,0,1,23,0,1,1,1,0,59,9,1,0,2,0,2,4,0,3,0,1,0,1,0,9,0,3,3,3,1,1,0,1,2,1,0,3,11,2,2,3,1,1,0,0,3,0,11,11,13,2,2,2,4,0,0,0,0,1,1,0,2,5,0,3,4,1,3,0,0,2,0,2,0,0,1,0,0,2,1,0,2,0,6,0,7,2,0,2,3,1,0,0,3,1,0,2,0,0,3,0,0,3,8,0,1,0,2,0,0,15,1,0,0,4,0,0,0,1,1,19,0,4,1,3,1,1,1,0,1,2,3,0,0,4,4,5,1,0,2,1,1,0,2,1,4,4,0,3,1,2,5,2,1,0,1,0,0,1,12,0,4,0,0,0,8,1,1,0,3,2,0,1,0,0,2,1,2,2,2,0,0,2,3,4,4,0,5,0,2,0,0,2,2,0,2,1,3,4,1,0,1,1,0,2,2,1,0,2,0,0,0,1,1,0,0,0,4,0,1,0,0,2,0,0,1,0,4,0,8,16,1,2,2,0,0,0,8,0,0,0,7,0,0,3,2,2,0,6,0,7,4,1,0,0
2,0,0,4,12,1,4,0,1,8,47,1,0,3,1,3,2,4,0,4,0,1,0,0,0,3,0,1,1,2,1,1,0,3,1,0,2,2,1,5,3,11,1,2,8,3,0,2,4,3,4,3,5,6,38,1,3,1,1,0,4,1,0,8,0,1,2,0,4,0,1,1,1,13,0,0,0,2,0,0,0,0,1,0,1,1,5,0,3,1,1,0,0,1,1,1,0,1,0,0,1,0,0,3,1,2,3,1,0,1,1,3,0,0,0,7,3,1,0,0,3,17,0,1,0,8,2,0,2,0,2,1,0,11,0,1,0,2,0,7,0,6,2,1,0,1,8,6,2,1,10,2,1,6,1,0,0,2,0,4,8,1,3,0,0,1,4,0,2,1,2,1,0,0,2,0,0,0,1,0,0,0,4,1,0,5,0,0,0,1,2,2,3,2,2,2,6,1,1,1,4,0,0,10,1,1,1,1,0,1,7,0,0,0,0,0,0,0,3,0,0,1,0,4,8,1,1,3,3,2,3,3,0,0,2,0,1,3,0,10,0,0,3,6,4,5,2,9,1,0,5,0,3,3,5,1
2,5,3,0,8,0,0,0,1,0,43,4,0,4,1,0,6,0,1,9,0,1,0,0,0,10,0,6,7,3,0,25,0,4,0,0,0,1,3,3,0,3,3,0,3,0,0,1,3,2,8,1,1,4,2,0,0,2,0,0,0,1,1,8,0,3,3,0,0,1,0,39,2,0,0,1,1,1,0,1,0,0,0,0,0,0,3,3,0,2,1,0,0,1,0,0,0,3,0,0,2,0,0,2,0,0,3,0,1,4,0,16,1,1,0,1,3,0,0,1,0,23,0,3,0,4,0,2,0,0,0,1,0,3,2,0,0,4,0,2,0,0,1,0,1,1,2,11,0,1,3,0,5,4,1,0,0,1,4,0,19,0,0,1,0,1,6,1,1,4,0,2,0,4,5,2,0,1,1,1,0,1,2,1,1,5,1,0,1,0,0,0,0,1,3,1,1,0,0,2,2,0,1,1,1,0,0,2,0,0,1,0,0,1,0,0,0,1,1,0,1,0,1,1,1,3,3,0,1,2,1,13,0,1,1,2,0,3,0,2,1,0,1,0,3,0,1,0,1,4,1,0,1,1,0,2
0,4,4,0,16,0,3,2,9,1,15,7,5,1,1,0,3,3,1,6,0,0,0,0,0,8,0,1,3,1,0,1,0,5,2,0,1,2,11,4,20,3,0,2,2,5,0,1,7,7,15,3,2,4,2,1,1,0,0,0,3,19,0,10,0,2,0,2,1,2,1,13,1,0,2,1,3,3,0,6,0,1,4,0,2,0,2,0,4,0,0,1,0,2,3,0,0,0,0,0,0,0,0,4,1,2,0,0,0,1,0,0,3,0,1,6,3,0,0,0,0,0,1,3,0,1,1,0,1,1,0,2,0,1,2,2,2,3,0,2,1,3,3,0,4,0,2,0,0,2,3,0,0,3,0,0,0,1,0,2,12,0,8,0,3,1,5,0,0,1,0,0,0,0,6,1,0,2,3,1,2,0,1,2,3,27,3,0,2,0,8,13,0,4,3,2,3,0,0,1,2,0,2,2,1,0,0,3,0,1,2,0,16,1,0,0,0,0,0,0,0,1,0,5,0,0,1,0,1,4,3,1,5,0,1,0,2,1,2,1,2,0,0,1,0,0,1,5,0,4,0,0,0,3,2,1
0,0,0,0,8,0,2,0,3,0,36,5,0,4,0,0,1,4,0,3,1,1,0,0,1,10,0,0,3,4,0,0,2,2,0,1,1,1,15,3,2,2,3,0,0,0,1,1,5,4,12,3,0,4,38,0,1,0,1,0,1,3,0,8,0,5,4,0,0,1,0,2,0,0,0,0,1,1,2,1,0,2,0,0,1,0,2,0,4,0,1,0,0,0,2,0,0,2,4,1,3,1,1,4,2,2,1,3,3,1,0,13,1,1,0,4,0,0,1,1,0,34,0,5,1,3,0,4,1,0,0,1,0,0,1,3,0,6,1,1,2,2,2,0,1,1,2,1,0,1,3,0,11,3,1,0,0,1,1,2,19,2,5,0,0,1,15,0,2,1,1,1,0,1,0,0,2,1,0,0,5,0,1,6,1,30,3,0,4,2,2,0,0,2,3,0,2,0,2,2,0,0,3,1,0,1,0,1,1,0,0,0,0,0,1,0,1,0,1,0,0,1,1,1,3,2,1,0,6,0,1,6,2,0,2,0,0,2,0,0,1,0,3,2,1,0,2,1,6,4,0,1,0,2,0,2
3,0,1,3,10,0,2,0,0,0,35,6,0,2,2,2,1,6,1,3,1,2,0,0,1,12,0,0,1,2,1,0,1,3,2,0,1,4,11,0,0,0,2,0,2,4,0,3,3,12,11,3,1,2,9,0,0,1,3,2,2,1,0,5,1,0,2,0,0,1,4,2,0,2,0,2,0,1,0,1,2,2,1,1,4,2,6,0,0,1,1,0,1,2,3,0,1,4,1,0,2,0,0,5,7,1,2,1,0,2,0,16,2,0,1,5,1,1,0,0,0,1,1,3,0,4,0,0,1,0,1,1,3,3,0,2,1,4,1,2,3,2,0,0,1,1,2,1,0,4,1,1,7,4,1,1,0,1,0,0,15,0,2,0,1,1,13,1,1,0,3,2,13,1,2,5,0,1,1,2,3,0,0,2,1,18,0,8,4,0,2,1,0,4,2,0,3,0,7,2,4,0,1,2,0,1,0,1,2,0,1,2,0,1,0,4,0,0,0,0,0,0,0,0,1,1,2,0,2,0,2,2,0,1,3,1,2,2,0,4,0,1,1,4,2,1,2,3,0,4,1,3,1,3,1,1
4,0,1,0,11,0,2,0,0,0,43,7,4,0,2,2,1,1,1,0,0,0,0,0,0,6,7,6,5,4,0,12,1,2,1,0,0,2,15,2,25,1,4,0,3,0,1,0,1,6,9,5,3,2,3,0,0,2,0,1,0,2,0,2,1,1,1,0,0,0,0,0,0,0,0,1,1,1,0,2,1,0,0,0,2,2,2,0,1,0,2,0,0,0,1,0,2,0,1,0,0,0,0,3,5,1,0,0,1,2,0,10,1,1,2,3,0,1,0,0,2,2,0,1,0,2,0,5,3,1,0,3,0,0,0,1,1,2,1,2,2,0,3,2,0,0,2,0,0,2,5,0,7,3,0,2,0,2,2,0,16,0,1,2,0,1,12,0,0,2,5,4,1,5,3,2,4,1,0,0,1,2,5,3,2,41,6,2,0,0,2,4,0,1,2,1,2,0,0,1,2,0,1,1,0,0,0,0,1,0,2,0,1,0,0,1,0,1,0,0,0,0,0,1,0,1,2,0,7,1,1,16,1,0,2,0,0,0,3,0,0,0,8,0,2,0,1,3,1,4,4,2,0,0,0,2
0,0,0,0,0,0,0,0,2,1,4,0,0,1,0,0,1,0,2,3,0,0,0,0,0,0,0,0,1,0,0,0,0,3,1,1,0,0,0,2,0,40,10,0,6,1,0,2,1,4,7,14,0,3,0,1,0,0,1,1,2,0,1,6,0,3,0,0,2,0,1,2,1,0,0,0,0,0,0,0,0,0,0,0,2,4,1,0,1,0,1,0,0,4,0,1,0,0,0,0,0,0,0,3,0,4,4,0,1,0,0,3,2,0,0,1,0,1,0,0,2,0,1,3,1,3,1,0,2,0,1,0,1,9,0,1,0,3,1,9,2,0,0,0,1,0,1,1,1,0,1,1,0,9,4,0,1,2,3,2,1,5,0,2,0,4,0,2,0,0,30,1,1,1,5,0,1,0,0,4,1,0,17,1,0,3,3,0,1,0,2,1,1,1,4,1,1,1,0,0,4,0,1,3,0,3,0,0,0,0,10,6,2,0,0,0,0,0,0,0,0,1,2,1,0,32,1,1,0,1,0,2,0,7,0,0,0,5,0,12,0,0,0,4,0,0,2,30,11,0,3,2,2,0,13,1
2,0,1,0,10,0,0,1,1,0,53,1,1,2,1,1,1,2,0,2,1,0,1,0,0,8,1,0,2,2,0,0,0,2,5,1,0,3,3,2,20,4,3,1,3,1,1,0,3,8,5,1,2,1,4,0,1,1,2,9,1,0,2,5,3,2,1,0,1,0,0,1,0,1,0,0,3,0,2,1,1,0,2,1,0,0,4,3,0,0,3,0,1,0,0,2,2,1,0,0,2,0,0,3,0,0,2,1,1,1,0,20,0,0,0,6,1,0,0,0,2,0,0,1,0,8,0,2,2,0,0,2,0,9,0,0,0,2,0,2,0,1,3,3,0,0,7,6,0,2,7,2,18,3,4,0,0,1,0,2,7,1,3,1,0,2,10,0,0,8,3,2,0,2,3,0,3,0,0,0,0,0,5,1,0,1,1,0,5,0,1,1,1,1,2,1,2,0,0,3,2,0,0,2,0,1,3,2,1,1,8,1,1,2,0,0,1,0,0,0,0,0,3,0,1,2,3,5,0,0,1,2,3,2,2,0,1,5,2,4,0,0,2,0,2,0,0,2,2,0,0,1,1,2,3,1
0,4,1,2,12,0,0,0,0,1,41,11,4,1,0,0,1,5,0,1,0,2,0,0,0,11,0,16,4,5,0,1,0,1,0,0,0,3,4,2,41,2,1,0,0,0,0,1,5,6,11,2,4,1,34,0,2,12,1,2,0,0,0,2,0,3,29,0,1,0,0,1,0,0,0,0,0,0,0,2,0,1,2,0,0,0,5,14,2,0,2,0,1,1,3,0,0,0,0,0,1,0,0,1,2,1,0,0,3,1,0,2,0,0,0,0,0,0,0,0,0,3,0,1,0,3,0,1,2,0,1,4,0,0,1,0,0,3,1,2,0,1,0,0,0,0,4,2,0,3,3,1,8,2,2,0,0,2,1,0,11,0,1,0,0,0,5,0,2,0,0,2,0,0,1,6,0,1,2,1,0,0,1,1,0,14,2,0,3,0,0,2,0,2,2,0,0,0,1,3,0,0,4,0,0,2,2,2,0,1,0,1,0,0,0,0,0,0,0,0,1,0,0,1,0,1,1,1,5,0,5,12,0,0,3,3,0,1,1,0,0,0,2,1,0,1,1,0,1,1,3,0,1,2,0,0
0,0,0,0,2,0,2,0,1,1,6,7,3,0,1,0,2,3,0,2,0,2,0,0,2,0,0,1,3,2,0,0,2,0,0,0,0,5,0,1,4,0,1,2,7,2,0,0,2,3,1,0,1,6,2,0,0,7,0,0,1,0,0,0,1,1,2,2,0,2,1,1,6,1,0,2,0,1,1,5,0,0,1,2,0,0,4,1,12,4,4,2,1,14,1,1,1,2,0,3,3,0,0,2,6,2,1,1,1,1,0,1,0,20,0,0,0,1,1,12,1,2,0,0,1,2,0,1,3,4,7,0,0,1,1,2,0,1,0,9,9,0,8,4,0,2,2,0,2,2,4,3,0,1,0,0,1,0,0,7,0,1,0,1,0,2,1,0,1,1,1,0,0,13,5,0,2,19,1,0,3,1,4,2,1,1,1,0,0,0,0,0,3,3,0,2,3,0,4,2,3,0,6,7,0,1,1,0,0,0,0,1,0,0,0,0,0,0,9,0,0,3,1,0,1,0,5,0,1,17,4,0,0,11,0,0,0,1,18,0,0,0,5,0,5,1,0,0,5,4,0,2,1,7,0,0
0,0,3,5,9,4,0,0,2,0,50,5,0,1,0,0,3,6,0,5,1,2,1,1,0,5,0,0,6,4,1,0,0,3,0,0,0,1,6,1,0,1,0,1,1,1,2,2,1,5,11,0,1,6,4,0,2,1,0,0,0,1,0,12,0,2,0,0,0,1,0,2,0,1,0,1,0,1,1,2,0,0,0,0,0,0,4,0,4,2,1,0,0,2,0,2,4,1,0,1,0,0,1,6,4,5,2,1,0,0,1,23,1,0,1,21,3,0,0,1,0,17,0,5,0,1,0,0,1,1,0,1,0,1,0,1,1,3,0,2,0,2,1,0,0,0,2,12,1,1,1,1,13,4,0,0,2,0,0,0,19,0,5,0,0,0,15,2,2,0,6,1,0,0,0,0,2,0,2,3,1,3,1,4,9,10,1,1,6,0,0,2,0,2,3,0,3,0,2,2,1,0,1,0,1,4,2,7,0,0,3,4,12,0,1,0,0,0,2,0,1,0,0,2,0,0,0,0,1,4,4,0,1,0,1,0,0,0,0,2,0,0,1,0,1,4,1,0,0,1,0,0,4,1,1,0
0,0,1,1,0,0,0,0,1,3,2,0,0,2,1,0,2,1,0,0,2,3,2,1,0,1,1,0,1,0,0,0,0,18,0,2,3,1,0,1,2,24,0,1,8,0,0,3,7,0,6,13,0,3,0,0,22,0,1,0,8,1,0,9,0,8,0,0,1,0,0,1,1,0,0,1,2,1,1,1,0,0,0,0,3,0,2,0,0,1,0,0,0,1,0,1,0,2,0,1,1,0,0,3,14,1,4,1,0,0,3,1,0,0,0,1,0,0,3,0,6,0,1,4,0,1,0,0,2,0,2,2,0,17,0,2,0,5,1,1,0,1,0,2,0,0,6,6,0,0,1,4,0,5,1,0,3,4,0,3,0,2,2,4,0,3,3,1,2,1,7,0,0,2,0,0,5,0,1,0,1,0,6,0,0,2,1,0,1,0,1,2,1,5,6,2,1,0,0,1,4,1,1,3,0,1,0,0,0,19,8,4,0,0,0,0,0,0,0,0,0,3,5,3,1,2,1,8,0,1,1,0,0,9,0,1,0,1,1,6,1,0,0,2,0,0,0,20,2,0,7,1,2,3,5,0
0,0,0,1,0,1,3,3,3,7,4,0,3,2,3,0,2,1,1,6,0,0,0,8,0,0,0,0,2,1,0,0,2,10,3,1,1,1,0,2,1,21,4,0,5,0,1,0,2,0,0,9,3,4,1,0,1,1,1,15,5,2,2,10,1,10,0,2,5,1,0,0,1,0,0,1,5,0,3,1,1,2,0,4,1,0,2,0,0,1,0,0,0,0,0,2,0,0,0,2,0,0,1,3,1,2,2,0,0,1,1,1,1,0,0,2,0,1,1,0,5,1,1,3,0,1,0,3,0,0,1,0,0,9,0,1,0,4,2,2,0,0,0,3,0,1,4,10,0,1,0,8,0,6,3,1,1,5,0,4,0,4,0,3,1,4,1,1,1,1,40,0,2,3,0,0,4,0,5,0,2,0,2,0,0,1,0,0,0,1,6,1,1,1,6,11,1,0,0,1,3,0,0,4,0,1,1,3,0,0,4,5,0,0,0,1,0,0,0,2,3,3,0,0,1,1,2,6,0,0,2,0,1,6,1,0,0,3,3,4,2,1,1,3,0,0,0,0,3,1,5,6,5,1,3,0
0,1,2,1,16,0,1,1,1,0,38,6,2,1,0,6,1,6,1,5,5,1,0,0,1,6,0,0,5,3,1,0,1,1,1,1,0,4,10,0,15,3,2,3,2,1,0,5,5,2,5,1,3,2,2,0,3,0,0,3,0,2,0,5,2,4,2,0,1,1,0,0,2,3,23,1,1,1,1,7,1,0,1,0,7,2,5,0,1,2,4,0,1,4,6,0,2,2,1,0,5,0,0,3,3,9,20,2,3,2,1,8,1,1,0,1,2,1,0,0,0,3,0,5,0,4,0,1,1,3,0,0,0,3,0,2,2,3,1,3,0,2,1,0,0,0,4,1,1,5,4,1,11,2,1,0,1,2,0,1,8,0,3,2,11,0,10,0,2,0,1,0,1,1,1,5,0,0,0,0,1,1,2,3,7,4,3,0,6,0,2,2,3,1,2,0,2,0,7,2,3,0,3,3,0,2,1,2,2,2,5,0,0,1,0,0,0,0,1,0,0,0,0,0,0,0,1,2,2,0,2,5,0,2,3,1,0,3,0,2,2,0,2,1,4,0,1,10,0,3,0,0,0,1,0,0
0,3,2,2,18,0,0,0,0,0,49,13,3,0,1,0,2,0,0,4,0,0,0,0,1,11,0,2,3,3,0,1,0,3,1,0,0,1,8,2,0,0,0,1,1,2,1,0,6,6,9,0,1,3,10,0,1,0,0,2,1,10,0,5,0,2,1,0,1,2,0,0,1,0,0,0,0,0,0,0,2,0,4,0,0,0,4,4,1,1,1,9,0,2,1,0,1,0,2,0,0,0,2,3,5,1,2,1,2,3,0,7,1,0,0,4,3,0,0,1,2,22,0,5,0,5,1,0,2,0,0,4,1,1,1,0,1,3,2,4,0,0,0,0,0,0,3,1,0,4,2,1,0,5,1,0,0,3,1,1,3,0,2,0,2,1,9,0,2,2,3,3,0,0,1,3,1,1,0,1,0,2,2,0,2,26,2,0,1,4,1,6,0,5,2,2,0,4,0,1,3,0,1,0,2,0,0,1,0,0,2,1,0,0,0,0,1,1,3,4,0,1,0,2,2,1,2,0,4,1,1,4,3,0,2,0,2,0,0,0,2,0,1,0,0,1,1,2,0,1,0,6,1,0,0,1
3,0,2,5,0,1,1,0,0,4,2,0,4,0,1,3,1,1,1,9,0,0,1,1,0,0,0,1,2,2,0,0,8,3,2,1,2,1,0,0,0,8,0,1,13,0,0,4,28,1,1,10,0,2,1,0,1,4,2,1,8,0,13,7,1,7,0,0,1,1,0,1,0,0,0,0,0,3,1,0,0,0,1,1,1,0,3,1,2,1,1,0,1,0,0,0,0,1,2,6,1,0,4,3,1,7,1,1,0,5,6,0,0,0,0,3,0,0,0,0,7,2,1,2,0,1,2,1,0,0,1,3,2,7,0,1,0,2,2,2,0,1,1,2,0,2,6,0,2,1,5,3,0,2,1,0,0,4,0,7,3,2,3,0,0,5,2,1,1,0,0,0,0,0,1,5,2,2,1,0,3,0,2,0,4,2,2,1,1,5,1,9,0,6,6,4,4,1,0,1,4,2,3,9,0,4,0,1,0,0,5,3,2,0,0,1,0,0,1,3,3,3,2,0,0,2,0,8,0,3,1,0,0,6,2,1,0,2,0,6,0,0,2,6,3,1,0,0,2,1,8,11,1,1,2,1
0,0,2,0,11,0,2,3,0,0,45,9,0,3,3,0,3,10,0,0,2,2,0,1,0,16,0,0,2,2,1,3,0,3,1,0,1,1,12,1,0,1,3,1,0,0,0,0,4,8,9,1,0,3,6,0,3,0,3,1,0,22,0,5,2,2,1,0,1,0,3,4,0,2,0,0,0,0,0,0,1,1,0,2,3,0,10,1,2,0,4,0,5,0,1,0,1,2,1,0,2,0,0,3,5,4,0,1,1,3,0,0,7,1,2,1,1,1,0,0,2,5,0,5,0,2,0,0,1,0,2,0,1,0,3,3,0,5,0,4,0,0,1,0,0,1,4,0,0,1,3,0,5,4,0,0,1,0,0,0,18,0,0,4,4,0,3,1,1,1,1,0,0,1,2,4,2,1,0,1,1,0,1,2,6,13,3,0,7,3,1,0,0,2,1,1,0,0,0,1,0,0,1,0,0,3,0,5,0,0,1,0,0,0,4,1,0,0,2,0,0,0,0,2,1,0,2,0,1,0,9,3,0,1,2,2,0,0,5,1,0,0,4,1,1,1,4,1,0,4,0,2,1,2,0,0
1,0,0,2,1,2,1,2,2,2,5,3,2,4,1,2,2,2,0,19,1,1,1,0,1,3,0,0,2,0,0,0,0,3,0,0,3,1,0,1,0,12,2,0,2,2,0,0,3,1,1,4,1,5,0,0,0,0,0,1,7,0,0,7,1,2,1,0,1,1,0,0,1,0,0,0,0,0,1,0,0,0,0,0,0,0,2,0,1,0,0,0,0,4,0,0,0,1,0,2,0,2,2,4,0,2,1,0,0,1,0,0,0,0,0,1,2,0,0,0,5,1,0,3,0,9,0,0,3,0,2,2,0,9,2,1,0,4,1,7,0,0,0,0,3,0,4,4,5,1,1,6,0,7,0,0,2,4,1,5,4,7,2,0,2,6,7,0,0,7,30,1,0,0,5,0,2,0,0,0,0,0,11,3,0,1,0,0,2,0,5,0,1,0,7,3,0,0,0,2,4,2,1,8,0,8,0,0,0,0,7,1,0,2,1,0,0,1,1,0,0,3,0,2,5,1,2,3,0,6,1,1,4,5,1,3,1,11,0,9,0,0,2,4,0,0,0,2,3,0,2,0,6,5,10,1
0,0,3,0,8,2,0,1,1,1,52,6,5,0,3,0,3,2,1,8,1,1,0,0,2,7,0,0,4,4,0,2,0,2,0,3,0,6,6,2,1,1,0,1,0,0,1,0,3,4,11,15,2,1,5,2,2,1,0,2,5,0,0,2,2,0,0,0,0,0,0,7,0,0,1,1,0,0,0,3,6,0,1,0,0,1,5,0,0,0,0,0,1,2,0,0,1,0,0,0,1,1,0,1,2,0,2,1,1,5,2,33,1,1,0,17,0,0,0,3,0,2,0,1,0,2,0,2,0,0,0,4,1,3,0,0,0,1,0,1,0,1,0,0,0,0,4,4,0,4,3,0,1,2,0,0,1,5,1,1,1,0,1,2,0,0,5,2,1,0,3,0,0,0,1,1,0,1,3,3,0,5,1,1,1,16,0,0,0,0,0,2,0,2,1,2,0,10,0,3,2,0,2,0,0,0,0,1,0,0,0,14,0,0,0,0,0,0,1,1,0,0,0,3,1,0,1,0,2,1,1,6,0,0,3,2,1,1,1,1,1,0,4,0,0,0,1,1,3,4,0,1,0,1,0,2
0,3,3,1,15,1,1,3,0,0,45,7,0,0,1,0,1,2,0,1,2,0,0,0,0,5,0,3,3,2,0,3,0,2,0,3,0,2,14,0,7,0,0,0,7,1,2,3,2,3,10,3,3,2,7,0,2,0,0,0,12,9,0,4,2,4,3,0,2,0,2,0,0,1,0,0,1,0,0,2,0,0,0,0,1,0,5,0,1,0,3,0,0,0,1,0,0,2,0,0,3,1,0,2,12,3,0,0,1,1,0,10,1,7,0,10,1,0,0,0,0,9,1,3,0,1,0,1,1,0,1,1,0,1,0,5,0,2,0,2,1,0,0,1,0,0,2,13,0,2,2,0,0,3,0,0,0,0,1,1,15,0,4,0,1,0,14,1,0,0,1,0,1,4,0,2,7,0,0,1,0,0,0,1,7,9,2,0,2,1,0,1,0,2,1,0,3,14,0,3,2,0,4,4,1,1,5,1,3,0,0,0,0,0,0,0,0,0,2,2,0,0,0,1,0,0,3,1,2,0,3,8,0,0,3,0,0,0,0,0,1,0,1,0,0,0,1,1,1,2,0,2,0,0,0,0
1,1,1,0,9,0,2,0,3,0,48,8,3,0,1,0,1,1,0,2,0,0,1,0,0,10,0,0,3,2,2,11,0,2,0,0,0,2,20,6,43,4,3,1,1,0,1,1,8,10,10,5,1,3,13,0,2,0,0,2,2,0,0,4,0,3,9,0,0,2,0,1,2,0,0,1,0,0,0,2,0,0,0,0,1,0,6,0,0,0,2,0,0,1,0,0,1,2,0,0,0,0,0,3,1,1,1,0,1,0,0,10,0,1,0,3,0,0,0,1,0,3,0,2,0,3,0,1,0,2,1,0,0,0,0,1,0,5,0,2,0,1,0,0,0,1,2,1,0,2,0,1,9,3,1,1,0,2,0,1,5,0,1,1,1,0,9,0,0,1,0,0,0,0,0,8,1,0,1,1,1,1,0,2,1,15,4,0,5,8,0,2,0,8,1,1,3,0,0,5,4,0,6,0,0,3,9,3,0,1,3,0,0,0,1,0,1,0,2,0,2,0,0,2,1,3,0,0,4,1,3,8,1,0,2,1,0,3,1,1,1,1,3,4,1,0,1,0,3,4,0,1,1,2,0,0
1,0,1,2,6,0,5,1,3,2,33,0,0,5,1,1,1,3,0,3,0,0,0,0,1,2,0,0,2,1,0,0,3,3,1,0,0,4,5,2,10,7,0,2,5,0,1,2,13,7,3,5,3,2,19,0,0,1,1,6,2,6,0,6,1,1,0,0,0,1,0,0,0,1,0,0,0,1,0,0,7,2,0,2,0,1,6,0,0,3,2,0,1,0,0,1,0,0,1,1,0,0,2,4,3,0,1,1,0,4,0,6,0,0,0,2,1,2,0,1,0,2,0,1,0,4,2,0,1,0,2,1,0,25,0,0,2,2,3,2,4,1,0,1,0,0,8,3,1,2,14,0,1,3,3,0,4,3,2,2,2,0,5,0,2,3,2,0,0,0,0,0,1,3,8,0,1,0,0,0,2,1,0,2,1,8,0,0,0,1,1,2,3,2,4,3,1,0,0,1,3,0,1,2,0,3,0,0,1,0,15,0,0,1,0,1,0,0,5,2,0,1,0,1,4,0,1,1,1,2,2,0,1,6,3,0,0,5,0,6,2,0,0,3,0,0,0,4,3,3,0,0,2,0,1,0
0,1,1,2,6,2,4,4,0,0,7,2,3,3,2,0,0,7,2,2,1,0,0,0,3,8,1,0,6,4,0,0,0,0,0,1,0,4,2,3,6,0,0,0,0,8,2,0,5,5,8,7,2,1,0,10,3,0,0,2,0,1,0,2,0,3,0,1,0,1,0,0,0,0,0,2,1,0,3,2,18,0,0,1,0,1,4,4,4,7,1,0,1,0,2,0,0,1,0,0,2,0,0,1,1,0,1,2,1,0,1,6,0,0,0,0,0,0,0,0,0,2,0,0,0,3,0,0,0,0,0,2,5,0,0,2,1,1,1,2,0,1,1,1,2,0,4,0,0,4,1,0,5,1,0,1,0,2,0,0,5,0,3,2,3,0,6,0,1,3,0,0,4,0,10,5,0,0,2,1,0,0,1,1,1,1,2,0,2,1,0,0,0,4,0,0,6,1,4,3,0,0,8,1,0,2,4,2,0,0,0,0,6,1,2,0,0,1,0,0,0,0,1,1,0,2,0,0,3,2,6,9,0,1,4,2,30,1,2,1,0,0,4,0,0,0,1,3,0,7,0,3,1,0,0,0
0,0,2,3,1,1,0,0,0,4,2,0,1,0,1,0,1,1,0,2,0,2,0,3,0,0,0,0,1,0,0,0,3,3,6,1,3,1,0,1,1,11,0,0,13,7,0,2,6,0,1,4,0,3,1,0,3,0,0,21,15,2,3,12,1,8,0,0,2,1,0,1,1,1,0,0,1,0,0,0,0,0,0,0,6,0,1,1,0,3,0,0,0,1,0,1,0,1,0,0,1,0,0,2,1,2,1,0,0,0,0,3,0,0,0,1,5,1,0,7,2,0,2,3,1,16,1,0,0,0,2,1,1,3,0,1,0,3,0,9,0,0,0,2,0,0,7,3,1,1,7,3,0,4,3,29,1,4,1,4,4,3,3,1,0,5,3,1,0,7,0,0,2,0,1,7,2,0,0,1,1,0,2,1,0,1,0,0,2,0,0,3,0,2,9,10,1,0,0,0,8,4,0,7,0,3,1,0,0,0,3,2,1,4,1,0,5,0,0,0,3,3,8,2,1,2,2,4,0,0,1,0,0,0,0,0,0,4,1,15,0,0,1,4,1,2,0,6,2,1,5,3,3,4,2,4
1,0,0,1,9,0,2,9,0,1,42,5,2,2,7,0,2,1,0,1,0,0,1,0,0,3,1,5,2,0,1,0,1,3,3,0,0,2,2,0,19,4,0,2,2,2,0,2,1,3,6,9,0,4,23,0,3,0,0,7,4,0,0,6,0,5,2,0,0,1,0,6,1,4,0,3,0,2,3,0,0,0,2,0,2,1,1,0,2,2,0,0,0,0,0,0,0,2,0,1,0,2,0,4,2,4,2,2,0,0,2,7,1,0,1,5,1,0,0,0,2,0,0,2,0,5,0,0,0,0,4,7,0,10,0,0,2,2,0,2,1,3,0,1,0,0,3,3,1,0,4,4,1,3,2,1,4,6,0,2,2,1,0,0,0,1,2,3,1,0,0,1,0,1,1,5,0,0,0,0,1,1,1,3,0,2,2,1,1,1,0,1,3,1,2,1,2,0,0,1,3,0,3,2,0,1,0,2,1,0,1,1,0,0,0,1,0,0,1,0,0,0,0,1,2,0,1,4,2,1,1,7,1,4,2,0,0,5,0,2,0,0,6,3,0,1,0,6,1,1,0,2,3,2,1,1
0,0,0,0,17,0,2,0,6,0,42,12,0,5,0,0,2,3,0,3,0,2,0,0,1,13,0,0,4,7,0,0,1,3,1,0,3,2,5,0,21,5,1,2,1,1,0,1,3,2,18,4,3,2,7,0,3,1,1,0,1,0,0,4,4,1,0,0,0,1,0,2,0,0,0,2,0,2,1,0,1,0,1,1,1,1,4,0,2,0,0,0,0,0,1,0,0,2,0,0,0,0,0,2,4,0,2,0,1,1,0,3,3,0,0,1,0,1,0,0,0,1,0,4,0,4,1,0,0,0,1,9,0,1,1,1,0,2,0,0,0,0,1,0,0,1,4,9,1,2,1,0,1,3,0,0,2,1,0,0,10,0,1,1,3,1,6,0,1,1,2,0,5,0,0,3,0,2,0,1,1,0,0,0,3,18,3,0,3,0,2,0,1,2,3,0,5,2,1,1,1,4,5,1,2,0,0,0,0,0,0,1,21,1,0,0,0,0,21,0,1,0,0,4,2,3,2,0,6,1,6,0,2,0,1,4,0,1,1,0,0,0,1,2,2,0,3,0,1,1,0,0,2,0,0,0
2,0,5,1,0,2,0,0,1,1,2,0,0,2,1,0,4,1,1,4,0,0,0,1,0,0,0,3,2,1,0,0,2,1,2,1,3,2,1,1,1,21,1,0,9,5,1,1,2,0,3,6,0,3,0,0,0,0,0,14,4,0,2,9,1,6,0,0,1,1,0,1,0,0,1,0,3,1,0,1,0,0,1,0,2,2,1,2,0,3,0,0,0,1,0,1,0,2,1,0,0,0,0,3,0,2,1,3,1,1,0,0,1,0,0,1,1,0,0,0,5,0,1,3,0,2,0,0,3,0,2,2,0,16,0,2,0,5,1,7,0,1,0,3,0,1,9,5,1,1,3,1,0,4,2,0,4,4,0,3,2,0,5,4,0,5,1,0,5,0,0,0,0,1,0,0,4,0,0,0,1,1,2,1,0,0,0,0,5,0,0,6,0,9,6,3,2,0,0,1,5,0,1,7,0,2,0,0,2,2,3,2,0,0,1,0,2,0,1,0,1,3,7,1,1,3,4,5,0,2,1,0,0,6,1,0,0,3,0,9,1,0,0,11,0,0,0,32,10,0,8,7,2,3,0,1
1,1,1,2,1,0,1,1,2,2,6,1,0,2,2,0,1,0,2,5,0,0,0,2,0,1,0,3,1,0,0,0,1,4,0,2,5,0,0,4,0,23,0,7,16,1,0,1,0,0,0,7,3,5,0,0,0,0,0,1,8,2,3,9,1,7,0,0,1,0,2,0,0,3,0,0,0,1,2,0,1,0,1,2,3,1,0,0,0,5,0,0,0,3,1,2,0,1,0,1,1,0,0,4,1,3,5,0,0,1,2,0,0,0,0,3,1,4,0,0,11,4,0,4,0,0,1,1,4,0,1,1,0,11,1,1,1,5,0,6,0,0,0,1,0,0,4,4,0,0,1,14,2,5,4,0,2,4,2,7,0,2,5,0,1,4,2,0,7,1,1,0,0,2,1,0,2,0,0,0,7,0,4,1,0,1,0,0,2,0,4,6,0,1,6,5,4,0,0,0,12,0,2,8,0,2,1,0,0,0,13,4,1,0,0,0,0,0,4,2,1,4,2,2,2,1,4,1,7,7,1,0,1,3,0,3,0,11,0,5,0,0,0,9,1,0,0,10,2,1,2,2,3,2,2,0
0,3,2,1,13,0,3,4,3,1,45,10,1,6,4,0,1,3,0,6,0,0,1,0,0,6,0,1,3,1,0,0,0,4,0,3,0,4,0,0,14,3,1,0,2,0,0,1,8,8,9,3,1,3,12,1,3,0,0,2,0,1,0,7,0,7,2,0,2,0,0,2,0,0,0,1,0,0,0,0,0,1,1,1,0,1,4,0,7,1,1,0,1,0,5,0,0,1,1,0,0,0,0,3,2,1,1,0,0,0,0,14,0,0,2,2,1,1,0,2,0,2,0,4,0,3,0,0,0,0,1,1,0,3,1,3,1,4,1,5,1,2,1,0,1,1,4,0,0,1,2,1,15,6,2,1,0,5,2,0,11,0,2,1,4,1,13,0,0,4,1,1,0,0,1,28,0,2,0,1,0,2,5,1,5,5,4,0,2,0,0,0,1,2,2,1,1,1,0,1,1,0,2,0,1,0,0,0,0,0,2,0,0,1,0,0,0,0,2,0,1,0,0,1,0,1,1,1,3,0,2,1,2,1,2,0,0,2,1,0,0,0,0,1,2,0,1,4,1,3,0,1,1,0,1,0
0,1,0,3,0,2,2,0,0,2,1,0,0,1,1,1,3,2,0,2,2,0,0,3,0,0,0,0,2,3,0,0,0,3,3,1,2,3,2,3,4,6,1,1,9,0,3,4,1,1,4,2,2,5,2,0,0,0,1,20,5,0,0,8,0,4,1,0,1,0,0,0,1,4,0,1,2,1,1,1,0,0,1,0,5,0,1,1,1,9,1,0,0,0,1,2,0,2,0,7,0,0,4,3,0,0,1,3,0,1,1,0,0,0,0,2,0,1,0,0,6,0,4,3,0,3,1,0,2,0,3,0,0,9,0,2,0,6,0,4,0,1,0,5,1,1,6,7,2,1,2,10,0,3,5,0,1,3,1,3,1,0,1,5,0,2,1,2,2,1,1,1,0,7,4,0,4,0,0,0,1,0,1,1,1,3,1,3,0,1,2,4,2,1,6,1,2,1,0,1,5,2,0,2,0,2,1,0,1,0,3,3,0,3,1,0,0,0,1,1,1,6,5,2,2,3,3,1,1,0,1,2,0,4,2,1,1,6,1,4,0,0,1,10,0,1,0,5,6,3,6,2,3,4,0,2
0,0,1,2,8,1,1,1,0,0,31,5,0,1,2,4,1,3,0,2,0,1,0,0,0,1,0,7,3,2,0,2,0,2,0,1,0,4,0,1,1,5,0,2,3,0,0,0,4,2,14,0,1,2,2,1,0,0,1,0,5,3,0,3,0,4,0,0,0,0,0,0,0,0,0,0,0,0,1,0,0,0,1,0,3,0,8,0,1,1,4,0,0,1,0,0,1,3,0,4,0,0,2,1,1,1,1,5,0,4,10,16,0,0,0,3,2,8,6,2,1,3,0,1,1,7,1,0,0,0,0,3,1,11,0,1,0,3,0,4,0,0,2,1,0,0,5,5,2,2,1,1,0,4,1,0,0,8,1,0,3,0,1,0,1,1,7,5,2,5,2,1,5,0,6,1,0,2,0,0,2,0,3,1,1,29,0,0,0,3,0,1,5,3,1,0,4,1,0,3,4,0,3,0,0,0,1,1,0,0,0,5,0,0,1,0,1,0,3,2,1,1,0,1,0,1,2,1,2,2,4,1,1,0,3,2,0,1,0,0,1,0,0,0,0,0,0,4,0,2,0,3,1,1,1,0
1,4,0,2,10,1,2,1,0,0,29,6,1,0,2,0,1,3,6,3,1,0,1,1,1,7,3,1,7,4,1,1,0,2,1,0,1,1,1,1,24,2,3,0,7,0,5,1,2,6,12,12,1,0,3,0,0,0,0,0,0,4,4,0,0,0,0,0,0,0,2,1,0,0,1,0,2,2,0,0,1,0,0,0,4,1,3,0,0,0,1,0,1,0,0,0,1,2,0,0,2,0,3,0,4,0,2,1,0,1,8,19,2,2,2,0,0,0,1,3,0,1,0,0,0,1,2,4,0,1,0,1,0,2,0,1,0,0,0,1,0,2,0,1,0,1,2,1,1,1,1,0,7,1,1,1,1,0,0,0,14,0,1,0,0,1,9,3,0,1,9,2,2,0,1,1,0,3,1,2,2,4,0,3,2,13,3,0,6,1,1,2,0,2,0,0,0,0,2,1,1,0,2,0,0,1,0,1,1,0,1,2,1,0,0,1,0,0,1,1,1,0,1,1,0,4,0,0,5,0,2,13,5,0,3,1,1,0,0,2,1,0,0,2,0,0,1,1,0,2,0,0,0,2,0,3
0,1,2,4,16,0,1,0,1,1,33,6,7,0,4,1,1,5,1,2,0,3,0,1,0,4,0,15,4,2,2,9,0,1,0,1,0,6,6,4,5,3,1,0,3,0,0,0,3,7,19,15,1,3,3,0,0,0,0,4,0,0,1,3,1,1,3,0,0,1,0,1,3,1,0,0,0,2,1,1,0,0,0,0,2,2,7,0,0,1,2,1,4,1,4,0,0,1,0,0,0,0,1,1,2,0,1,0,0,4,1,1,0,0,1,2,0,0,1,0,0,1,0,1,0,3,1,0,0,0,0,8,0,1,1,0,0,6,0,1,0,0,0,0,0,1,4,1,1,3,1,0,4,1,0,0,0,3,0,1,4,0,2,0,0,0,5,1,2,0,1,0,0,1,1,1,1,2,0,0,0,0,3,1,1,20,2,0,1,0,2,0,0,5,1,0,1,1,0,2,3,1,6,1,0,1,0,1,0,1,1,0,0,0,10,0,1,2,1,0,1,0,0,1,0,3,2,0,1,2,6,27,0,0,2,3,1,1,4,0,1,0,5,0,0,0,1,1,1,3,0,1,0,1,0,1
0,1,1,0,9,1,0,0,1,0,42,5,1,1,0,0,2,0,0,8,1,1,1,0,0,9,0,4,7,2,0,2,0,2,0,1,3,1,11,0,1,2,0,0,4,1,0,0,7,5,7,11,0,2,7,0,0,0,0,1,2,3,1,3,1,1,0,1,1,0,0,4,0,0,0,0,0,0,0,1,0,0,0,1,3,0,6,0,0,2,1,0,2,1,1,0,0,1,2,0,1,0,1,1,5,6,1,0,2,3,0,23,1,0,1,1,0,0,1,1,0,25,0,3,1,1,1,5,2,0,0,0,0,1,0,1,0,2,1,3,1,1,0,0,3,1,2,3,0,1,2,0,6,3,0,0,4,1,0,0,7,0,2,0,0,1,4,0,1,0,1,0,0,0,3,0,2,0,0,1,1,2,1,0,5,8,2,0,3,0,0,0,0,1,4,1,1,0,1,1,3,0,1,0,0,1,0,3,0,0,0,2,2,2,1,0,2,1,0,0,0,0,0,2,1,1,2,1,3,2,1,9,1,0,2,0,1,1,0,0,1,0,4,0,0,0,2,1,0,2,0,4,0,2,1,0
0,0,1,0,0,0,1,2,3,1,5,0,1,5,3,0,3,0,0,8,0,0,0,2,0,1,0,1,0,0,0,0,0,2,4,0,0,0,1,1,0,12,5,0,8,2,0,2,0,0,0,7,3,5,1,0,0,0,2,0,6,0,2,9,1,7,0,0,4,0,1,0,2,0,0,0,3,0,2,1,0,0,0,4,3,1,2,0,6,0,0,0,0,0,0,1,1,0,0,0,0,0,3,4,0,2,3,1,0,0,1,0,0,0,0,2,1,1,1,0,9,2,1,4,0,0,0,4,4,0,1,0,0,9,0,2,0,6,4,6,0,8,0,0,1,0,4,8,4,1,2,11,0,9,3,0,0,3,0,2,3,9,4,2,0,3,1,1,3,0,0,0,1,5,0,0,4,1,1,0,0,0,9,0,2,1,0,0,1,0,4,4,1,8,7,3,1,0,0,2,4,4,0,3,0,2,0,0,1,0,10,0,0,2,1,0,2,0,0,0,6,2,1,1,2,2,2,6,0,0,0,0,0,7,1,0,0,7,0,5,0,0,1,5,0,0,0,4,2,0,7,2,2,5,1,0
2,2,1,0,1,1,0,0,1,4,5,0,1,1,1,2,2,1,0,0,0,2,0,0,0,0,3,0,1,1,0,0,3,2,6,2,3,1,2,3,0,23,0,0,14,1,1,0,15,3,2,8,2,2,0,0,22,0,0,3,6,2,3,4,1,2,0,0,0,1,1,2,0,2,0,0,0,1,0,0,0,0,1,3,1,2,1,0,2,2,0,0,1,0,0,4,0,1,0,0,1,0,0,2,2,3,1,0,0,2,1,2,0,0,1,1,1,0,1,1,8,1,2,2,0,3,0,2,3,2,1,5,1,13,1,1,1,3,0,12,1,1,0,2,0,0,5,1,1,1,2,6,2,3,1,2,1,1,1,5,2,3,1,3,1,5,3,0,0,0,17,1,0,1,1,1,3,0,0,0,0,0,4,4,0,4,2,1,0,0,0,6,1,0,3,4,0,0,1,1,3,1,2,5,0,5,0,0,1,10,4,1,0,0,0,1,0,0,0,0,1,5,4,0,0,0,0,1,1,1,1,0,0,2,2,0,0,0,0,7,0,0,0,3,1,0,0,12,2,0,4,3,2,0,4,1
1,0,15,3,2,3,2,2,0,3,4,2,1,2,0,0,2,0,1,0,0,0,0,4,2,0,0,2,4,2,0,0,0,2,1,1,0,2,2,4,4,19,0,2,14,0,1,0,2,0,4,2,1,2,0,0,0,0,0,25,6,0,1,5,2,6,0,0,1,1,1,0,0,1,0,1,4,1,2,1,0,3,0,0,0,0,1,0,0,0,0,0,0,0,2,1,0,1,0,1,0,0,1,1,0,4,2,0,3,0,0,1,2,0,0,1,2,0,1,0,9,1,0,2,0,3,1,0,2,0,1,0,0,7,0,1,0,4,0,1,0,1,0,5,0,2,9,1,1,2,1,7,0,3,0,0,0,3,0,3,2,1,1,3,1,4,3,0,1,0,1,0,0,0,1,0,4,0,0,0,2,0,0,3,2,1,3,0,1,11,0,7,1,2,4,2,0,0,0,2,2,0,2,6,0,3,0,0,0,3,5,1,1,0,0,1,5,0,0,1,3,2,0,0,0,4,1,5,1,0,2,0,0,5,1,2,1,5,0,2,0,0,0,2,0,0,0,11,3,0,8,1,2,2,0,1
1,0,0,0,2,2,1,1,0,1,5,1,0,1,0,0,0,4,2,1,0,4,0,0,0,0,0,0,3,2,0,0,0,1,7,0,3,3,3,3,3,0,7,0,5,1,0,0,4,0,3,1,1,2,1,0,0,0,0,0,10,0,2,4,1,0,0,1,4,1,0,2,0,0,0,0,3,0,1,1,2,0,0,3,5,1,5,0,4,0,1,0,1,0,1,1,0,0,0,3,1,0,0,1,0,2,3,0,1,1,0,1,1,0,1,1,0,2,2,0,13,2,0,1,1,3,0,1,3,0,2,9,0,11,0,0,0,1,0,7,3,1,0,1,0,0,6,1,0,3,3,9,0,5,6,0,0,1,2,5,3,0,0,3,3,3,4,0,0,0,0,0,0,0,2,4,6,1,0,6,1,0,6,2,0,1,3,0,0,0,0,10,0,1,0,8,1,0,0,2,11,1,1,10,2,1,1,0,0,2,3,1,0,4,0,0,8,2,0,1,0,3,0,1,0,0,4,2,1,0,3,1,1,3,1,1,2,6,0,1,0,0,1,3,1,0,1,1,4,2,6,8,2,2,0,0
0,0,0,1,17,1,4,0,1,0,42,7,0,1,2,0,1,7,2,3,5,1,0,0,0,12,1,1,4,2,0,0,0,1,0,0,0,2,8,0,21,0,1,0,1,0,0,1,4,3,9,20,1,2,2,0,1,0,2,0,0,2,0,7,1,3,0,0,0,1,2,1,2,0,0,1,1,1,0,0,0,0,0,0,2,0,7,0,1,3,3,0,0,0,2,0,0,2,0,1,1,0,0,0,1,3,1,0,0,0,1,10,2,0,1,1,0,0,0,0,0,4,3,2,0,2,2,2,1,1,0,2,1,0,1,0,1,3,0,1,2,3,1,0,0,0,3,7,1,3,2,2,6,4,0,1,0,3,0,0,11,0,0,0,0,0,5,2,0,2,2,2,0,1,1,0,3,0,0,3,2,1,0,1,0,4,2,0,4,0,0,2,0,2,2,1,1,1,0,1,2,0,1,0,0,2,2,2,0,0,1,0,0,0,0,0,0,0,0,0,1,0,1,2,0,1,2,0,2,0,4,10,1,0,3,2,2,0,0,1,0,1,0,1,1,0,3,2,1,3,0,1,3,2,0,2
0,0,0,1,10,0,1,0,4,1,36,8,0,5,0,0,2,2,0,0,0,0,1,0,1,7,0,10,24,1,0,0,1,4,0,1,0,2,6,1,0,4,0,0,2,0,1,4,6,5,10,4,1,3,5,1,1,0,0,2,2,2,0,8,3,5,0,0,0,1,1,0,1,0,0,0,0,1,0,1,0,1,1,0,0,1,2,0,0,7,1,1,0,0,3,0,0,0,0,0,1,0,0,3,1,4,0,0,0,2,0,9,2,0,0,0,1,0,0,0,0,21,1,5,0,4,0,0,0,0,0,3,2,0,0,1,0,3,0,0,0,0,1,0,2,1,1,0,0,2,3,1,7,3,0,0,2,1,0,0,16,0,2,1,1,0,5,2,2,1,0,0,0,0,1,4,2,2,2,0,0,3,2,0,0,7,0,0,1,0,3,2,0,2,5,0,1,0,0,1,0,0,1,0,3,0,0,2,0,0,1,1,0,0,0,0,0,5,4,0,2,0,0,0,0,0,3,0,6,1,1,3,0,0,1,0,1,1,0,0,0,0,1,0,2,0,1,4,1,0,0,3,0,0,1,0
0,0,1,0,2,0,2,2,1,4,7,1,1,1,0,1,1,3,0,1,3,1,0,0,0,0,0,0,4,4,0,0,0,5,4,0,1,3,1,1,4,10,0,1,8,3,0,0,3,2,2,6,1,0,0,0,1,0,0,9,10,1,1,4,0,5,0,0,1,0,0,1,0,1,0,0,2,3,2,1,1,1,0,0,5,0,4,1,5,2,1,1,1,0,0,0,0,0,0,1,2,0,4,1,0,2,1,0,0,2,4,2,0,0,0,2,0,1,1,0,4,3,1,1,0,5,0,0,2,0,2,1,0,14,0,1,0,1,2,3,1,1,1,0,0,0,6,3,4,3,3,2,1,1,3,1,0,4,2,4,0,2,1,1,0,1,2,3,0,0,19,0,0,1,0,1,1,0,1,1,0,1,1,1,1,0,1,0,0,0,5,2,2,1,2,1,0,0,0,3,2,1,3,1,0,4,2,0,0,0,1,0,0,0,0,0,0,1,1,1,3,1,0,5,0,2,0,7,1,0,2,0,1,5,3,1,0,4,0,2,1,0,2,12,1,0,1,4,4,1,33,2,1,3,3,1
0,0,0,0,0,0,0,0,1,0,2,0,0,1,0,0,3,1,0,1,0,0,0,0,0,1,0,0,3,0,0,0,0,2,0,0,0,1,0,2,1,1,0,1,0,0,1,1,1,0,0,1,1,3,0,0,0,1,1,0,4,0,0,7,0,2,0,0,2,1,0,0,0,0,0,0,0,0,0,0,0,0,0,0,1,0,2,0,0,0,2,1,0,0,0,0,0,3,0,0,2,0,0,1,0,0,2,0,0,1,0,0,2,0,1,0,0,1,0,0,0,0,0,3,0,1,1,0,0,0,0,0,0,0,0,0,0,3,0,2,0,0,0,0,0,0,1,1,0,1,0,0,0,4,0,0,1,0,1,1,1,0,1,0,0,0,0,0,0,0,0,0,0,0,0,0,0,0,0,0,1,0,0,0,0,0,0,0,0,0,0,0,0,2,4,0,2,0,0,1,2,0,0,1,0,1,0,0,0,0,0,0,0,0,0,0,0,0,0,0,0,0,0,1,0,1,1,0,1,0,0,0,0,0,1,0,0,1,0,0,0,0,0,2,0,0,0,0,0,1,0,0,0,1,0,0
0,0,2,0,0,1,2,1,2,1,6,0,1,2,0,0,1,4,0,1,1,0,0,0,0,0,0,0,4,4,0,0,0,2,0,0,0,3,0,1,1,1,0,0,0,0,0,0,3,0,2,3,1,2,1,0,2,0,0,0,0,0,0,2,0,0,0,0,1,0,0,0,0,0,0,0,0,0,0,0,0,0,0,1,0,0,4,0,0,2,5,0,0,0,0,0,0,1,0,0,2,0,0,0,0,1,0,0,1,1,0,1,1,0,0,0,0,0,0,0,0,3,0,1,0,3,0,0,0,0,0,0,0,4,0,0,0,1,0,0,0,1,0,0,0,0,3,0,0,3,2,1,0,4,1,0,0,0,2,0,1,0,1,0,0,0,1,1,1,0,0,0,1,0,0,0,0,2,0,0,1,0,1,0,1,0,0,0,0,0,0,0,0,2,1,0,0,0,0,3,0,0,1,0,1,1,0,0,0,0,1,1,0,0,0,0,0,0,1,0,0,0,0,0,0,0,0,0,0,0,0,1,0,0,1,0,0,0,0,0,0,0,0,1,0,0,0,1,0,1,0,1,0,0,0,0
0,0,0,0,1,0,0,0,3,1,5,0,0,0,2,0,1,2,0,1,0,0,0,0,0,0,2,0,3,1,0,0,0,0,0,2,1,1,0,3,0,0,0,0,0,0,1,0,1,1,1,0,1,1,0,0,0,0,0,0,0,0,0,2,0,1,0,0,0,1,0,0,1,0,0,0,0,0,0,0,0,0,1,0,2,0,3,0,0,2,0,0,0,0,0,0,0,1,0,0,0,2,0,1,1,0,1,0,0,0,0,0,1,0,1,0,0,0,0,0,1,1,0,1,0,2,0,0,0,0,0,1,0,1,0,0,1,1,1,0,0,2,0,0,0,0,1,0,0,2,0,0,0,2,1,1,0,0,0,1,0,0,1,0,0,0,0,1,1,0,0,1,0,0,1,1,0,0,0,0,0,1,3,1,1,1,0,0,1,0,2,1,1,3,1,0,1,0,0,1,1,1,1,0,0,2,0,0,0,0,0,0,1,1,1,0,0,1,1,0,0,0,0,1,0,1,1,0,0,0,1,1,0,1,0,1,0,0,0,0,0,0,0,0,0,0,1,1,0,0,0,0,0,0,0,1
0,0,0,0,0,0,0,0,2,0,3,0,0,2,3,0,1,0,0,3,0,1,0,0,0,0,0,0,1,0,0,0,1,4,1,0,0,0,0,0,1,2,0,0,0,0,2,3,1,0,0,1,0,3,1,0,0,0,2,0,2,0,0,9,0,4,0,0,1,1,0,0,0,0,0,0,0,0,0,0,0,1,0,0,0,0,1,0,0,0,0,0,0,0,0,0,0,1,0,0,0,0,0,4,0,0,2,0,0,0,0,0,0,0,0,0,0,0,0,0,0,0,0,4,0,0,0,0,0,0,1,0,0,1,0,0,0,4,0,1,0,1,0,0,2,0,1,0,0,0,0,0,0,4,0,0,0,0,1,2,1,1,1,0,0,0,1,1,2,1,0,1,0,0,0,1,0,0,0,0,0,0,0,0,0,0,2,0,0,0,0,0,0,2,4,0,0,0,0,0,2,0,0,1,0,0,0,0,0,0,0,0,0,0,0,0,0,1,0,0,0,0,0,0,0,0,1,0,0,0,0,0,0,1,0,0,0,2,0,1,0,0,0,0,0,2,0,0,1,1,0,0,1,0,2,0
0,3,1,1,1,3,1,0,1,0,5,1,0,0,1,0,1,5,0,1,1,0,0,0,0,0,0,1,4,3,0,0,0,1,0,0,1,5,0,1,0,1,1,0,2,0,0,1,3,2,3,2,1,1,0,0,2,5,0,0,0,1,0,4,0,0,0,2,0,1,0,0,2,0,1,1,0,1,0,2,0,0,0,0,0,0,6,1,0,0,0,0,0,1,1,0,1,3,0,0,1,0,0,2,0,0,0,0,1,3,1,1,0,0,0,0,0,0,0,0,1,0,0,1,0,2,0,0,0,1,0,0,0,1,1,0,0,1,0,0,0,2,0,0,0,0,5,1,0,3,0,1,0,1,0,0,0,0,0,0,0,0,1,0,1,0,0,0,0,0,0,1,0,0,2,0,0,0,1,0,0,0,0,1,1,1,1,0,0,0,0,0,1,0,1,2,1,1,0,2,3,0,2,1,4,0,0,0,1,0,1,0,3,1,0,0,0,0,1,0,1,0,0,0,0,0,1,0,0,0,1,0,0,0,2,0,0,0,0,2,0,0,0,0,0,0,0,0,1,0,0,0,1,0,0,0
0,0,0,0,0,0,0,0,0,0,1,1,0,3,1,0,1,0,0,1,0,0,2,0,1,0,0,0,1,0,0,0,0,5,0,0,0,0,0,1,0,1,1,0,1,1,0,3,1,0,0,3,2,4,0,0,0,1,0,0,2,0,0,8,0,5,0,0,4,3,0,0,0,0,0,0,1,0,0,0,0,0,1,0,2,0,0,0,1,0,0,0,0,0,0,0,0,3,0,0,1,0,0,2,0,1,0,0,0,0,0,0,1,0,0,0,1,0,0,1,0,0,0,4,0,0,1,0,1,0,2,0,0,2,0,1,0,4,0,2,0,0,0,0,0,0,0,1,1,0,1,0,0,4,0,1,0,0,0,1,0,1,1,0,0,0,1,0,1,0,1,1,0,0,0,2,1,0,0,0,0,0,0,0,0,0,1,0,0,0,1,0,0,1,3,1,2,0,0,0,3,0,2,1,0,1,0,0,1,0,0,0,0,4,0,0,0,0,1,0,1,1,0,0,0,1,1,0,1,0,0,0,0,1,0,0,0,2,0,1,0,0,0,0,0,0,0,0,1,2,0,0,2,0,0,0
0,0,0,0,0,1,0,0,0,0,1,0,0,0,0,1,2,0,0,1,0,0,0,0,0,0,1,0,2,1,0,0,0,3,1,0,0,1,0,0,0,2,0,0,0,2,0,0,1,0,0,0,3,3,0,0,0,0,0,0,2,2,0,8,0,2,0,0,3,1,0,0,0,1,0,0,0,2,1,0,0,0,0,0,1,0,2,0,0,1,1,0,0,0,0,0,0,2,0,0,1,0,0,0,0,1,1,1,0,1,0,0,1,0,0,0,3,0,0,0,0,0,0,3,3,1,1,0,1,0,0,0,0,2,0,1,0,3,0,1,0,0,0,0,0,0,1,2,0,1,0,0,0,4,2,0,0,0,0,1,2,0,1,0,0,0,1,0,0,0,0,0,1,0,0,1,1,1,0,0,0,0,1,1,0,1,0,0,0,0,0,0,0,2,4,0,0,0,0,2,1,0,1,2,0,0,0,0,1,0,4,0,0,1,0,0,0,0,2,0,1,0,1,0,1,0,0,0,2,0,1,0,0,0,1,0,0,3,0,1,0,0,0,1,0,0,0,0,2,0,0,0,0,0,0,0
0,0,0,0,0,0,1,0,3,0,3,0,2,1,0,0,3,1,0,1,0,1,0,0,0,1,0,0,3,1,0,0,0,3,1,0,0,1,0,3,1,6,0,0,0,0,1,2,1,0,1,1,1,4,0,0,0,0,0,0,2,1,0,8,0,2,0,0,0,2,0,0,0,0,0,0,0,1,0,0,0,0,0,0,1,0,1,0,0,0,0,0,0,0,0,1,0,2,0,0,0,0,1,1,0,1,0,0,1,1,0,1,0,0,0,0,1,0,0,0,0,0,1,3,0,3,0,0,0,0,0,0,0,3,0,1,0,3,1,3,0,0,0,0,0,0,1,1,0,1,0,1,0,5,1,0,0,1,0,1,2,0,1,0,1,1,0,0,0,0,4,0,1,0,0,0,0,0,0,0,0,0,0,1,0,1,0,0,0,0,0,0,0,2,3,0,0,0,0,2,0,0,0,0,0,1,0,0,0,0,1,0,0,0,0,0,0,0,0,0,1,1,0,0,0,0,0,0,0,0,1,0,0,1,1,0,0,4,0,1,0,0,1,1,0,0,1,0,2,2,0,0,0,0,1,0
0,0,0,0,0,1,0,2,0,1,2,0,2,0,0,0,0,4,0,2,0,0,0,0,0,0,0,0,2,2,1,0,0,3,0,0,0,3,0,1,1,4,1,0,0,2,0,2,2,0,0,1,1,2,1,0,0,0,0,0,1,0,0,5,0,2,0,0,0,1,0,0,2,0,0,0,1,1,0,0,0,1,0,0,0,0,1,0,0,0,1,3,0,0,0,0,0,1,0,0,1,0,0,2,0,0,1,0,0,2,0,0,1,0,0,0,0,0,0,0,0,0,0,2,1,2,0,0,0,0,0,0,0,0,0,0,0,2,0,1,0,2,0,0,0,0,3,0,0,2,2,0,0,2,0,3,0,0,0,2,1,0,1,0,0,1,0,0,0,0,0,1,0,0,2,0,0,0,0,0,0,0,1,1,0,0,0,0,2,0,0,0,0,1,2,0,1,0,0,3,2,0,0,2,0,0,0,0,0,1,3,0,0,3,0,0,0,0,1,0,1,0,0,0,0,0,1,1,1,0,1,0,0,1,2,0,0,0,0,1,0,0,1,1,0,0,0,0,0,1,0,0,1,0,0,0
0,0,0,0,0,1,0,1,0,0,3,0,0,1,1,0,2,2,0,1,0,0,0,1,0,0,2,0,1,0,0,0,2,1,3,0,0,1,0,1,2,1,1,0,1,0,2,1,1,1,2,1,1,3,0,0,1,1,0,0,1,1,0,4,0,0,0,0,1,0,0,0,0,0,0,0,0,0,0,0,0,0,0,0,1,0,0,0,1,0,1,0,0,1,1,0,0,1,0,0,0,0,0,3,0,3,1,0,1,0,0,1,1,1,1,0,0,2,0,0,1,0,0,1,0,0,0,0,0,0,0,1,0,0,0,0,0,1,0,1,0,0,0,0,2,0,1,0,0,0,2,0,0,2,0,1,0,0,2,1,1,0,1,0,0,0,1,1,3,0,0,1,0,0,1,1,0,1,0,0,1,0,0,1,3,1,0,2,0,0,0,1,0,0,0,0,0,0,0,1,4,0,1,0,2,1,1,0,0,0,0,0,0,0,0,0,0,0,1,0,0,1,0,0,1,0,0,0,1,1,0,0,0,0,0,1,0,0,1,0,0,2,1,0,1,0,0,1,1,1,1,1,2,1,1,0
0,1,2,1,0,0,0,0,1,0,4,0,0,1,0,0,2,2,0,1,0,0,0,0,0,0,0,0,4,1,0,0,0,2,0,0,0,1,1,0,0,0,0,0,0,1,1,1,3,1,1,2,1,3,1,0,1,1,0,0,1,1,0,6,0,1,2,0,3,0,0,0,2,1,0,0,0,0,0,0,0,0,0,0,0,0,1,0,0,1,0,0,0,0,0,0,1,1,0,0,0,0,0,2,0,3,1,0,0,1,0,2,3,0,0,2,1,0,0,0,0,0,0,3,0,2,0,0,1,0,1,0,0,0,1,0,0,3,0,5,1,2,0,0,0,0,2,0,0,1,0,0,0,3,1,0,0,0,0,0,1,0,1,0,0,0,2,1,1,0,0,1,1,0,0,1,0,0,0,0,0,0,0,0,0,0,0,0,0,0,0,0,0,0,1,0,1,0,0,1,2,0,1,1,2,0,0,0,0,0,0,0,0,0,0,0,0,1,0,0,0,0,0,1,1,0,1,0,0,0,1,0,0,0,1,0,0,0,0,0,0,0,0,0,0,0,0,0,0,0,0,0,1,0,0,0
0,0,2,0,0,1,0,0,4,0,4,0,2,2,2,0,3,1,1,2,1,0,0,0,0,1,0,1,3,1,0,0,0,4,0,0,0,2,0,1,4,2,0,2,0,0,0,1,2,0,0,0,1,2,1,0,0,1,0,1,0,0,0,4,1,1,0,0,0,1,0,1,2,0,1,0,0,0,1,0,0,0,0,0,0,0,3,0,0,0,2,0,0,0,0,0,0,1,0,0,0,0,0,2,0,1,0,0,0,2,0,3,0,0,0,0,0,0,0,0,0,0,0,2,0,2,0,0,0,0,1,0,0,1,0,0,0,2,0,2,0,1,0,0,0,0,2,0,0,1,1,1,0,4,1,0,0,0,1,0,0,0,2,0,0,1,1,1,1,0,2,0,1,0,0,0,1,1,0,1,0,0,3,1,0,0,0,0,1,0,0,0,0,0,3,0,1,0,0,1,2,0,0,0,0,0,0,0,0,0,2,0,0,0,0,0,0,0,0,0,0,0,0,0,1,1,0,0,0,1,2,0,0,0,3,1,0,2,0,0,0,0,0,1,0,0,0,0,1,1,0,0,1,0,0,0
0,0,0,0,0,0,1,0,0,0,1,0,1,2,5,0,0,2,0,2,0,1,0,0,1,0,0,1,1,0,0,0,0,4,0,0,0,5,0,0,3,1,0,1,0,0,1,1,3,0,0,1,1,3,0,0,0,0,0,0,0,0,0,6,0,3,0,0,0,4,0,0,0,0,1,0,0,0,0,1,0,0,0,0,0,0,3,0,0,0,0,0,0,0,0,0,0,2,2,0,1,0,0,3,0,0,2,0,1,0,0,2,1,0,0,0,0,0,0,0,0,0,0,3,0,1,0,0,0,1,1,0,0,2,0,0,0,3,1,1,0,1,0,0,1,0,3,0,0,1,0,0,0,3,2,0,0,1,0,0,0,0,2,1,0,0,1,0,2,1,0,0,1,1,1,0,0,0,1,0,0,0,2,0,0,0,0,0,0,0,0,0,1,0,0,0,0,0,0,0,0,0,0,1,1,1,0,0,1,0,0,0,0,1,0,0,0,0,0,0,0,0,1,0,1,0,0,2,0,0,0,0,0,1,1,0,0,3,0,3,0,0,0,0,1,1,0,0,0,1,0,0,1,1,1,0
0,0,1,0,0,0,0,0,0,0,0,0,0,1,0,0,0,1,0,0,1,0,0,0,0,1,0,1,0,1,0,0,1,3,2,0,0,1,0,0,0,1,0,0,0,0,0,1,2,0,0,0,0,3,0,0,0,0,0,1,2,0,0,6,0,1,1,0,2,0,0,1,1,0,0,0,1,0,0,0,0,0,0,0,1,0,0,0,1,0,0,0,0,0,0,0,0,1,1,0,3,0,0,4,0,3,1,1,1,0,0,0,1,1,0,1,0,2,0,0,0,0,0,3,0,3,0,0,0,0,1,0,0,0,0,0,0,3,0,1,0,0,0,0,0,0,1,1,0,0,1,0,1,3,1,2,2,0,0,1,0,0,3,0,0,0,1,0,0,0,0,1,2,0,2,0,1,0,0,0,1,0,0,0,1,0,1,0,0,0,0,0,0,0,0,0,3,0,0,1,5,0,1,1,0,0,0,0,0,0,1,1,0,0,0,0,0,0,0,1,0,1,0,0,0,0,0,0,0,0,0,1,0,1,0,0,0,2,0,0,1,0,3,1,0,0,1,2,1,0,0,1,2,0,0,1
0,0,0,0,1,3,0,0,0,0,2,0,0,2,0,1,1,2,0,1,0,0,0,0,0,0,0,1,3,2,0,0,0,2,0,0,0,2,0,1,1,1,0,0,0,1,0,0,2,0,0,0,0,2,0,0,0,0,0,0,1,0,0,4,0,0,0,0,1,0,0,1,1,0,0,0,0,0,0,0,0,0,1,1,0,0,3,0,0,0,1,0,1,0,0,1,0,0,0,0,1,0,1,2,0,1,0,0,0,1,0,1,0,1,0,0,1,0,1,0,0,2,0,2,0,2,0,0,0,0,0,0,0,2,0,0,0,2,0,7,1,3,0,0,0,0,3,0,0,2,2,0,0,2,1,1,0,0,1,0,0,0,2,0,0,1,3,0,1,4,1,0,0,0,0,0,0,0,0,0,0,1,2,1,0,0,1,0,0,0,0,1,0,0,1,0,0,0,0,2,1,0,1,0,1,0,0,0,0,0,2,0,0,0,0,0,0,0,0,0,0,0,0,0,1,0,1,0,2,0,1,1,0,0,1,1,0,0,0,0,0,0,0,0,0,0,0,1,2,0,0,1,0,0,0,0
0,0,1,0,0,0,2,0,2,0,3,0,0,2,2,0,2,1,0,0,0,0,0,0,0,0,0,0,3,1,0,0,0,3,0,1,0,1,0,2,0,0,0,0,0,3,1,1,2,0,0,0,1,2,0,0,1,3,0,1,1,0,0,6,0,1,0,0,1,0,0,0,1,0,0,0,1,1,0,0,0,0,0,0,0,0,3,0,0,1,3,0,0,0,0,0,0,1,0,0,3,0,0,2,0,1,0,0,0,0,1,2,0,0,0,0,0,0,1,0,1,1,0,3,0,2,0,1,0,0,0,1,0,1,0,0,0,3,0,4,0,0,0,0,0,0,1,0,0,1,3,1,0,3,0,0,0,0,0,1,1,0,1,0,0,1,1,1,1,0,0,0,0,2,0,1,0,0,0,0,0,0,0,0,0,0,0,0,0,0,0,1,1,2,3,0,0,0,0,1,4,0,0,1,0,0,0,0,0,1,2,0,1,0,0,0,1,0,0,0,0,1,0,1,0,1,0,0,2,0,1,0,0,0,1,1,0,0,0,0,0,0,0,0,1,0,2,0,0,0,0,0,0,0,0,0
3,0,0,0,1,1,0,0,4,1,2,0,0,2,1,0,1,1,0,1,0,0,0,0,0,0,3,0,0,1,0,0,1,3,0,2,1,0,0,0,0,2,0,0,0,0,0,0,1,0,0,0,0,2,0,0,0,0,0,0,0,2,1,4,0,1,0,1,0,0,0,0,1,0,1,0,0,0,0,1,0,1,1,2,0,0,3,1,0,0,0,2,0,0,0,0,0,1,0,0,1,1,0,0,0,0,2,0,0,0,0,0,0,1,1,1,0,0,0,0,1,0,0,2,0,0,0,0,0,0,1,1,0,2,0,0,4,2,0,1,0,2,0,0,0,0,1,1,0,0,1,0,0,2,2,1,0,0,0,1,2,0,0,0,0,0,0,1,0,0,1,1,0,0,0,1,0,0,0,0,1,0,0,1,0,1,0,1,0,1,1,1,0,3,2,0,0,0,0,1,1,2,0,0,0,0,0,0,1,0,1,0,1,0,0,0,0,0,0,1,0,0,0,1,0,0,0,0,0,0,0,1,0,1,0,0,0,1,1,0,0,0,1,1,0,1,0,0,0,0,3,0,1,0,0,1
0,0,1,0,0,1,0,0,3,0,7,0,0,3,1,2,3,2,0,2,0,0,0,0,0,0,0,0,5,2,0,1,0,1,0,0,1,2,0,1,0,0,1,0,1,1,0,0,2,0,3,0,3,2,0,0,0,1,0,0,0,0,0,3,0,1,0,1,3,1,1,1,0,0,2,0,0,1,0,0,0,0,0,0,0,0,2,0,1,1,1,0,0,1,0,0,0,2,0,0,1,0,0,0,0,1,0,0,0,0,0,2,0,0,0,0,1,0,0,0,1,2,0,2,1,1,1,0,0,0,0,0,0,2,0,0,0,2,2,0,0,2,0,0,0,0,2,2,0,2,1,0,0,2,3,1,1,0,0,0,2,0,0,0,0,0,2,2,1,0,0,0,0,0,0,1,0,0,0,0,0,0,0,0,1,2,1,0,0,0,0,0,0,0,4,0,3,1,0,2,1,0,1,0,0,1,0,0,0,0,2,0,0,0,0,0,0,0,1,1,0,0,0,1,1,0,0,0,0,0,1,1,0,1,2,0,0,3,0,2,0,0,0,0,0,1,0,0,0,1,0,0,0,0,0,0
0,0,0,0,2,0,2,0,1,1,7,1,0,1,0,0,2,3,0,1,0,0,0,0,0,0,0,0,3,2,0,0,1,1,0,0,0,2,0,3,2,1,0,0,0,1,0,0,2,1,2,1,2,2,1,0,0,0,0,0,0,1,0,5,0,2,3,0,1,1,0,0,0,0,0,0,0,0,0,0,0,0,0,0,0,0,4,0,0,0,0,0,0,0,0,0,0,0,0,0,0,0,0,1,0,1,0,0,0,1,0,0,0,0,0,0,1,0,0,0,0,2,0,2,0,3,0,0,1,0,0,0,0,0,0,0,0,2,2,1,0,2,0,0,0,1,3,0,0,2,0,0,0,2,1,1,0,0,0,0,3,1,1,0,0,0,1,0,2,1,0,0,0,0,0,2,0,0,0,0,0,0,0,0,0,0,0,0,0,0,0,0,0,1,2,0,1,0,0,4,3,0,0,1,1,0,0,0,0,0,0,0,0,0,0,0,0,0,1,0,0,0,0,0,0,1,1,0,0,0,3,2,0,1,1,0,0,3,0,0,0,0,0,0,0,0,0,0,2,2,0,0,0,0,1,0
0,1,0,0,1,1,0,0,1,0,1,0,1,3,0,0,4,0,0,4,0,0,0,1,0,0,2,0,4,1,1,1,0,4,0,0,0,0,0,3,0,1,0,0,0,0,1,1,0,0,0,0,2,2,0,0,0,0,1,0,0,1,0,9,0,0,0,0,1,0,0,0,1,0,0,0,1,0,0,0,0,0,0,0,0,0,0,0,0,0,0,0,0,1,0,0,0,1,0,1,0,0,0,1,0,1,1,0,0,0,0,0,0,0,0,2,1,0,0,0,0,0,0,3,1,0,0,0,0,1,0,0,0,0,0,0,0,3,0,2,0,0,0,0,0,0,0,0,0,0,3,0,0,3,1,0,1,0,0,0,1,1,1,1,0,1,1,2,1,0,2,0,0,0,0,1,0,0,0,0,1,0,1,0,1,0,0,0,1,0,0,0,0,0,3,0,1,0,1,0,4,0,0,0,1,0,0,0,0,0,1,0,0,1,0,0,1,0,3,0,0,2,1,0,4,1,0,0,0,0,0,0,0,0,0,0,0,1,0,0,0,0,0,0,0,0,0,1,1,1,0,1,0,1,0,0
0,0,1,0,0,1,0,0,1,0,1,0,0,0,0,0,3,0,0,0,0,0,0,0,0,0,0,0,2,0,0,0,0,5,0,0,0,1,0,1,0,3,0,0,0,0,0,1,0,0,0,2,0,4,0,0,0,0,0,0,0,1,0,10,0,4,0,0,0,0,0,0,1,0,0,2,0,0,0,0,0,0,0,0,0,0,0,0,2,0,0,0,0,0,0,0,0,2,0,0,2,0,0,3,0,2,0,0,0,0,0,0,0,0,0,1,2,0,0,0,0,0,0,4,0,1,0,0,0,0,0,0,0,0,0,0,0,4,0,2,0,0,0,0,0,0,1,0,0,0,0,0,0,4,0,0,0,0,0,1,1,0,1,0,0,0,1,1,3,1,1,0,1,2,0,0,1,0,0,0,0,0,2,0,0,0,1,0,1,0,0,0,1,2,4,0,0,0,0,0,5,0,0,0,1,0,0,0,0,1,0,0,0,0,1,0,0,0,0,0,1,0,0,2,0,1,0,0,0,0,0,0,0,0,3,0,0,1,0,0,0,0,0,0,1,0,0,0,2,0,0,0,0,0,2,0
0,0,0,0,1,1,0,0,0,0,2,0,0,1,0,0,1,1,0,2,0,1,0,1,0,0,0,0,1,0,0,0,0,3,0,0,0,1,0,1,1,4,0,0,0,1,0,1,1,1,0,0,1,2,0,0,1,0,1,0,0,1,0,4,0,2,0,0,2,1,0,1,1,0,0,1,0,1,0,0,0,0,0,0,0,0,2,0,0,0,1,0,0,0,0,0,0,1,1,0,1,0,0,2,0,1,0,2,1,0,0,1,2,0,0,1,1,0,0,0,0,1,1,2,1,3,0,0,4,0,0,0,0,1,0,1,0,3,0,1,1,0,1,0,1,0,1,0,0,1,1,0,0,3,1,0,0,2,0,1,0,1,0,0,1,2,0,0,0,0,0,0,1,0,0,3,1,0,0,1,1,0,0,0,0,0,1,0,0,0,1,0,0,0,2,2,0,0,0,0,3,0,0,1,1,0,0,0,1,1,0,2,0,0,3,0,0,0,0,3,0,0,1,0,1,1,1,0,0,0,1,1,0,0,1,2,1,0,0,0,1,0,0,1,1,1,0,2,0,1,0,1,1,0,0,0
0,0,1,0,2,1,1,0,1,0,2,0,0,0,1,0,2,0,0,0,1,1,0,0,0,0,1,1,2,0,0,0,0,3,0,0,1,0,0,0,0,5,0,1,0,0,0,2,1,0,0,3,0,2,0,0,1,0,2,0,1,1,0,9,0,2,0,0,0,2,0,0,1,0,0,0,0,1,0,0,0,1,0,0,0,0,0,0,0,1,0,0,0,0,0,1,0,2,1,0,0,0,0,3,2,3,2,1,1,0,0,0,3,0,0,0,1,1,1,1,2,2,0,4,0,3,0,0,0,0,0,0,0,2,0,0,0,6,0,2,0,0,0,0,0,0,0,0,0,0,0,0,0,4,0,0,0,0,0,0,0,1,2,0,0,1,1,0,2,0,0,1,0,1,1,1,1,0,1,0,1,0,0,1,0,1,0,0,2,0,0,3,1,2,1,0,2,0,0,0,1,1,0,0,1,0,0,1,1,0,3,0,0,2,0,0,0,0,1,0,2,0,0,0,0,0,0,1,0,0,0,0,0,0,1,0,0,2,1,2,0,0,0,4,1,0,0,1,1,1,0,0,0,0,0,0
0,0,0,0,0,0,0,0,0,0,1,0,1,1,1,0,0,1,0,1,0,2,0,0,0,2,0,0,1,1,0,1,0,2,0,0,0,1,0,0,2,0,1,0,0,0,0,1,1,0,1,0,0,2,1,0,0,1,1,0,0,0,0,2,0,0,0,0,0,1,1,0,0,1,0,0,0,2,1,0,0,1,0,5,1,0,2,0,2,0,0,0,0,1,0,0,0,2,0,0,1,1,0,3,0,1,1,1,0,0,0,0,1,0,1,1,1,0,0,1,1,1,0,2,1,5,1,0,0,1,2,0,1,1,0,2,0,2,0,0,0,1,1,0,0,0,4,0,2,1,1,2,0,4,2,0,0,0,0,0,0,0,0,0,1,1,0,0,1,0,0,0,0,0,0,0,0,0,0,0,0,0,0,1,0,2,0,0,1,0,0,2,0,1,1,0,0,0,1,4,1,0,1,0,0,1,0,2,1,2,3,0,1,0,3,0,2,0,0,0,0,0,0,0,1,2,0,1,0,1,1,0,0,0,0,1,0,0,0,0,0,0,0,1,0,0,0,1,1,0,0,0,1,0,0,0
0,0,1,0,0,2,1,0,2,0,5,0,0,2,1,0,1,1,0,1,1,1,0,0,0,0,0,0,4,2,0,0,0,1,0,0,0,3,0,1,0,0,1,0,0,0,2,0,2,0,1,0,2,2,0,0,1,0,0,0,1,0,0,6,0,1,0,0,0,0,0,3,0,0,0,0,0,1,0,0,0,2,0,0,0,1,4,0,0,1,3,0,0,0,0,0,0,1,0,0,0,0,0,1,0,1,0,0,0,2,0,3,0,0,0,0,0,0,0,0,0,2,0,2,1,2,0,0,2,1,0,0,2,2,0,0,0,3,0,0,0,2,1,0,0,0,2,0,0,2,0,1,0,2,1,1,0,0,1,0,1,0,1,0,0,0,2,2,2,1,2,1,1,1,0,0,0,1,0,0,0,0,2,1,0,1,0,0,0,0,0,0,0,1,4,0,0,0,0,2,1,0,4,1,0,0,0,1,0,0,1,0,0,0,0,0,0,0,1,0,0,0,0,1,0,0,0,0,0,0,1,0,0,0,1,1,0,1,0,0,0,0,0,0,1,0,0,0,0,1,0,0,0,0,0,0
0,2,0,3,2,0,0,0,0,0,4,1,0,2,1,0,1,1,0,3,0,0,0,0,0,0,0,2,2,1,0,0,0,3,2,0,0,1,1,1,4,1,0,0,0,1,0,1,1,0,3,0,1,3,0,0,0,0,2,0,2,2,0,7,1,2,0,0,2,0,0,0,0,0,0,0,1,0,0,0,0,0,0,0,2,0,2,0,0,0,2,0,0,0,0,0,0,1,0,0,1,0,0,2,0,2,0,0,2,1,0,0,0,0,0,0,5,0,0,0,0,0,1,3,0,1,0,0,1,0,0,0,0,0,0,1,0,3,0,4,0,0,0,0,0,0,1,2,3,1,0,1,0,3,0,3,0,0,0,2,1,1,1,0,0,0,4,0,0,0,1,1,1,0,0,1,1,0,0,0,0,0,1,0,0,0,0,0,0,0,1,1,0,1,1,0,1,0,0,1,4,0,5,2,1,1,0,0,0,0,1,0,0,0,0,0,0,0,1,0,0,1,0,0,0,0,0,1,0,0,1,0,0,0,1,1,0,1,0,0,0,0,0,0,0,0,0,1,0,1,0,0,1,0,0,0
0,0,0,0,0,1,0,1,1,0,2,0,0,0,0,0,2,2,1,1,2,0,0,1,1,0,0,1,3,1,0,1,0,1,0,0,0,3,1,0,1,1,0,1,0,0,1,1,2,1,3,0,2,3,0,0,0,0,0,1,0,1,0,6,0,2,1,0,0,2,0,0,0,1,1,0,1,1,1,0,0,0,0,4,1,1,0,0,0,0,0,0,0,1,0,0,0,1,0,0,0,0,0,1,0,5,3,0,0,2,0,1,1,0,0,1,1,1,0,0,0,0,0,2,2,2,0,0,0,0,2,0,0,2,0,1,0,2,1,1,0,0,0,0,0,0,2,0,1,1,1,0,0,2,0,0,0,0,0,0,1,2,0,0,1,0,1,1,2,4,0,0,0,3,0,1,2,0,0,0,0,0,0,1,0,1,0,1,2,1,0,3,0,0,2,0,0,0,0,4,1,1,1,0,0,1,1,0,0,0,3,0,0,0,1,0,0,0,1,1,0,0,0,0,0,1,0,1,1,1,1,1,0,1,1,0,1,2,0,2,1,0,4,2,0,0,1,3,1,1,0,0,0,0,0,0
0,0,0,1,0,0,1,0,1,0,3,0,0,0,0,0,1,4,1,0,0,0,0,1,0,1,0,1,2,2,0,1,0,1,0,0,0,2,0,0,0,1,0,0,0,2,0,0,2,0,0,0,0,1,0,0,0,0,0,0,0,0,0,3,0,1,1,0,0,0,0,0,0,1,0,0,0,2,1,0,0,1,0,2,0,0,5,0,0,0,3,0,0,1,0,0,0,1,0,0,0,0,0,1,0,2,0,0,1,0,0,0,1,0,0,1,1,0,0,0,0,2,0,1,1,2,0,0,0,0,0,0,0,1,0,0,0,2,0,2,0,0,0,0,0,0,4,0,0,2,2,1,0,1,0,0,0,0,1,0,1,0,0,0,1,0,1,0,1,0,0,1,0,0,0,0,0,0,0,0,0,0,1,1,0,0,0,0,1,0,0,0,0,2,1,0,0,0,0,3,2,0,1,0,0,1,0,0,0,0,0,0,0,1,1,0,0,0,0,0,1,0,0,1,0,0,0,0,0,1,1,0,0,1,0,1,0,0,0,0,0,0,0,0,0,0,2,0,0,3,0,0,1,0,0,0
0,0,0,0,0,1,0,0,1,0,1,0,0,1,1,0,2,1,0,2,1,1,0,0,0,0,1,0,3,2,0,0,0,3,0,0,0,1,0,1,1,2,2,0,0,1,1,1,1,0,0,0,1,3,0,0,0,1,0,0,1,1,0,9,0,0,0,0,2,3,0,0,1,0,0,0,0,2,0,0,0,0,0,0,0,0,2,0,0,0,1,0,0,0,0,0,0,0,0,0,0,0,0,2,0,2,0,0,0,1,0,0,0,0,0,1,1,0,0,0,0,0,0,3,0,1,0,0,0,0,0,0,0,2,0,0,0,3,0,7,0,3,0,0,0,0,1,0,0,1,3,1,0,4,1,0,0,0,0,1,2,0,1,0,0,0,1,0,2,1,0,0,3,1,1,0,1,0,0,0,0,0,1,2,1,1,2,1,1,0,0,2,0,0,2,0,0,0,0,1,3,1,3,0,0,0,0,0,0,1,0,0,0,0,0,0,0,0,1,0,0,0,0,1,0,1,0,0,0,0,1,0,1,0,1,1,0,3,0,0,0,0,0,0,0,0,0,0,1,1,0,0,0,0,0,0
0,0,0,0,1,3,0,0,1,0,2,1,0,1,0,0,3,0,0,0,0,0,0,0,1,0,0,0,3,1,0,0,0,0,0,0,0,1,0,1,0,0,0,0,0,2,1,0,1,1,1,0,2,3,0,0,0,0,0,0,1,0,0,4,0,1,1,0,1,0,0,1,0,0,0,0,0,0,0,0,0,0,0,0,0,0,2,0,0,2,0,0,0,0,1,0,0,0,0,0,1,0,0,2,0,0,2,0,0,0,0,0,1,0,0,0,1,0,0,0,0,0,0,3,0,3,1,0,1,0,1,0,0,0,0,0,0,3,0,6,0,1,0,0,0,0,2,0,0,1,0,0,0,3,1,0,1,0,1,0,1,0,1,0,0,0,1,0,1,1,4,0,0,0,0,1,0,0,0,0,1,0,4,1,0,1,3,1,1,4,1,3,0,1,3,0,0,0,0,1,1,0,1,3,0,1,0,0,0,0,7,1,0,1,0,0,1,0,3,0,0,0,0,1,2,1,2,0,1,0,1,0,0,0,0,0,0,1,0,2,0,0,0,1,0,0,0,0,3,1,0,0,1,0,1,1
0,0,2,0,2,1,1,2,0,0,5,0,0,0,1,0,1,3,1,0,0,0,0,0,0,0,2,3,2,1,0,1,0,4,0,0,0,1,1,2,1,0,0,2,0,1,0,1,3,3,1,1,0,1,0,0,0,1,1,0,2,0,0,3,0,1,0,0,1,0,0,0,0,0,0,0,0,1,0,0,0,0,0,0,0,0,1,0,0,0,0,0,0,0,0,0,0,1,0,0,0,0,0,0,0,1,1,0,0,0,0,1,0,0,0,0,2,0,0,0,1,0,0,1,0,3,0,0,1,0,0,0,0,3,0,0,0,3,1,2,0,0,0,0,0,0,4,0,1,1,0,0,0,3,1,1,0,0,0,0,1,1,1,0,0,1,1,0,0,0,0,1,0,0,1,1,0,0,0,0,0,0,3,0,0,1,0,0,2,0,0,1,0,2,2,0,6,0,0,1,1,0,4,0,0,2,0,0,0,0,1,2,0,0,0,0,0,0,1,1,0,0,0,1,0,0,0,1,1,0,1,0,0,2,1,1,0,0,0,0,0,0,0,0,1,0,1,1,1,1,0,0,0,0,0,0
0,0,1,0,0,0,0,0,2,0,3,0,0,0,0,1,0,2,1,0,0,0,0,0,0,1,0,1,1,1,1,2,1,0,0,0,0,1,1,0,0,0,1,1,0,0,0,0,1,0,0,0,0,1,0,0,1,0,1,0,1,1,0,1,0,0,0,0,0,0,1,0,0,1,1,0,0,0,0,0,0,0,1,5,1,0,1,0,0,2,2,0,0,1,0,0,2,1,0,0,1,0,0,1,0,0,0,0,0,0,0,0,0,0,0,1,0,2,0,0,0,1,0,1,1,3,2,0,1,1,0,1,0,2,1,0,0,1,0,0,1,0,1,0,0,0,4,1,0,1,1,0,0,2,1,1,0,0,1,0,1,0,1,0,0,0,1,0,0,0,0,0,0,2,0,0,0,0,0,0,0,1,1,0,0,0,0,0,0,1,0,1,0,2,1,0,0,0,0,2,0,0,1,0,0,1,0,1,1,1,1,0,0,2,0,1,0,1,1,0,1,0,0,1,0,1,0,0,3,0,2,0,0,0,1,0,1,0,0,0,0,0,0,1,0,0,1,0,1,0,0,0,0,0,0,0
0,0,0,0,2,0,1,0,1,0,2,1,1,1,1,0,1,2,0,0,0,0,0,1,0,0,1,0,3,3,0,0,0,1,0,0,0,2,0,3,3,0,0,0,0,0,0,0,2,1,2,2,0,1,0,0,0,0,0,0,0,1,0,3,0,1,0,0,0,0,0,1,0,0,0,1,0,0,1,0,0,0,0,0,2,0,3,0,0,0,0,0,1,0,1,0,0,0,0,0,0,0,0,1,0,2,0,0,0,2,0,2,3,0,1,0,1,0,0,0,1,0,0,1,0,2,0,0,0,0,1,2,0,0,0,0,1,1,0,0,0,0,0,0,0,0,3,0,0,2,1,0,0,1,0,1,0,0,0,0,0,0,1,0,0,0,0,1,1,0,0,1,1,1,1,1,0,0,0,0,0,1,1,1,1,0,0,1,0,0,1,1,0,1,1,0,0,0,0,2,1,0,1,0,0,1,0,0,1,0,0,0,0,2,0,0,0,0,1,0,0,0,0,0,0,0,0,0,0,0,2,0,0,0,1,0,0,1,0,1,0,0,0,3,0,0,1,1,1,0,1,0,0,0,0,0
1,0,0,0,0,3,0,0,1,0,1,0,0,2,1,0,2,3,0,5,0,0,0,0,0,0,0,1,2,1,0,0,1,1,1,0,0,1,0,1,0,1,0,0,0,0,1,0,1,0,0,0,0,4,1,0,0,0,0,0,1,0,0,4,0,0,2,0,0,0,0,1,1,0,0,0,1,1,0,0,0,0,0,1,0,0,1,0,0,0,1,0,0,0,1,0,0,1,0,0,0,0,0,3,0,0,0,0,0,0,0,0,0,0,0,0,1,0,0,0,0,0,0,3,0,1,1,0,0,0,1,0,0,2,0,0,0,3,0,4,0,1,0,0,0,0,2,2,0,1,0,0,0,9,2,0,0,0,2,0,1,0,3,0,0,0,1,1,1,1,0,0,0,1,0,0,1,0,0,0,0,1,2,1,0,0,5,0,0,0,0,1,0,1,1,0,0,0,0,1,2,0,1,0,1,0,0,0,0,0,0,0,0,0,0,0,0,0,1,0,0,0,0,0,0,1,0,0,0,0,1,0,0,0,1,0,0,1,0,0,0,0,0,0,1,2,2,0,0,1,0,0,0,0,0,0
0,0,0,0,0,0,0,0,0,0,0,0,0,0,1,0,2,0,0,1,0,0,1,0,0,0,2,2,1,0,0,0,0,3,0,0,0,0,0,0,0,10,0,0,1,1,1,4,0,0,1,0,0,5,0,0,0,0,2,0,1,0,0,11,2,4,0,0,0,0,0,0,0,0,1,0,0,2,0,0,0,0,0,0,1,0,0,0,1,1,0,0,0,1,0,1,0,2,0,0,0,0,0,2,0,4,1,0,0,0,0,0,0,0,0,0,0,0,0,0,0,0,0,4,0,1,1,0,0,0,0,0,0,1,0,0,0,4,0,1,0,0,0,0,0,0,0,0,0,0,1,0,0,6,0,0,0,0,0,0,1,1,1,0,0,2,0,0,2,0,4,0,1,0,0,0,0,0,0,0,1,0,1,0,0,0,0,0,1,0,0,0,0,0,4,0,1,0,0,0,7,0,0,2,1,1,0,2,0,0,1,1,0,0,0,0,0,0,1,1,1,0,0,0,1,0,0,0,0,0,1,1,0,0,0,0,0,4,0,0,1,0,0,3,0,0,0,4,3,0,0,0,0,0,4,0
0,0,0,0,0,4,0,0,1,1,2,0,2,0,1,1,1,0,0,2,0,0,0,4,0,0,0,0,1,1,0,0,0,2,0,0,0,1,1,0,0,2,0,0,0,0,0,2,1,0,0,2,2,3,0,0,0,0,2,0,1,2,0,6,0,1,0,0,0,1,0,0,0,1,0,0,0,1,0,0,0,0,0,0,0,0,2,0,1,0,0,2,0,0,0,1,0,2,0,1,0,0,0,3,0,1,1,0,0,0,0,1,1,0,0,0,2,0,0,0,0,0,0,3,0,3,0,0,0,1,0,0,0,2,0,2,0,3,0,0,2,0,0,0,0,0,1,0,0,1,0,0,0,3,0,1,0,0,0,0,0,0,2,0,0,1,0,0,0,0,2,0,0,0,1,0,0,0,1,0,2,0,2,1,0,1,0,0,0,0,0,1,0,1,5,0,1,0,0,1,1,0,1,1,1,2,0,0,2,1,2,0,1,1,0,0,0,0,0,0,0,0,2,0,2,0,0,1,1,2,1,0,0,4,1,0,0,0,0,0,1,1,0,4,1,0,0,2,1,1,0,0,0,0,0,0
0,0,0,0,0,0,0,1,0,0,1,0,0,0,1,0,2,0,0,2,0,0,0,0,0,0,0,0,1,0,0,0,1,5,2,0,0,0,1,0,0,4,0,0,0,1,0,0,1,0,1,0,0,4,0,0,0,0,0,0,3,1,0,7,0,1,2,1,2,0,0,0,0,0,0,0,0,0,0,0,0,0,0,0,1,2,1,1,0,0,0,0,0,0,0,0,0,0,0,0,0,0,0,3,0,2,2,1,0,1,0,0,0,0,0,0,0,2,0,0,1,1,0,4,0,0,1,0,0,0,0,0,0,2,0,0,0,4,0,3,0,0,0,1,0,0,0,1,0,0,0,0,0,4,0,0,1,1,0,2,0,0,2,0,0,0,3,0,1,0,0,0,1,0,1,0,0,0,0,0,1,0,0,0,0,0,2,0,0,0,2,0,0,2,2,0,0,0,0,0,4,0,0,0,0,0,0,0,0,0,2,0,0,0,0,0,1,0,0,0,1,0,0,1,0,2,1,0,0,0,0,0,0,0,1,0,0,0,0,0,1,0,0,3,0,0,0,2,1,0,0,0,3,1,0,0
0,0,2,0,0,1,0,0,1,1,2,0,0,1,1,0,2,0,0,0,0,0,0,0,0,0,0,0,3,1,0,0,0,2,0,0,0,1,0,1,1,0,1,0,0,0,1,0,1,0,0,2,2,3,1,0,0,0,0,0,1,0,0,6,0,1,0,0,0,1,0,0,1,0,0,0,0,1,0,0,0,0,0,0,0,0,2,0,0,0,0,0,0,0,0,1,0,1,0,0,0,0,0,1,0,1,0,0,0,0,0,0,0,0,0,0,0,0,0,0,0,1,0,3,0,2,0,0,1,0,0,0,0,0,0,0,0,3,0,2,0,0,0,0,0,0,2,0,0,1,0,0,0,3,0,0,0,1,0,0,2,0,1,0,0,1,1,3,1,0,0,0,0,0,0,0,1,1,0,0,0,0,0,1,0,1,0,0,0,0,1,0,0,0,4,0,0,0,0,1,2,0,0,0,0,0,0,0,0,0,1,0,0,0,2,0,0,1,0,0,0,0,1,1,3,0,2,0,0,0,1,0,0,0,1,1,0,0,0,0,0,0,0,0,0,0,0,0,0,0,0,0,1,1,0,0
1,0,0,0,0,1,2,1,1,1,6,0,0,0,1,0,1,5,0,1,0,0,0,0,1,0,0,0,4,5,0,1,0,0,0,0,1,7,5,3,0,0,0,0,0,0,0,0,4,1,1,0,1,0,3,0,0,0,0,0,0,1,1,0,0,0,0,0,0,0,0,0,0,0,0,1,0,0,0,0,0,0,0,0,0,0,6,0,0,0,3,0,0,0,0,0,0,0,0,0,2,0,0,2,0,0,2,0,1,0,0,1,0,3,0,1,0,0,0,0,0,2,0,0,0,2,0,0,0,0,0,0,0,0,1,0,0,0,0,0,0,1,0,0,0,0,4,2,0,4,3,0,0,0,1,0,0,0,1,0,0,0,0,0,0,0,2,0,0,0,0,0,0,0,0,0,1,1,0,0,0,0,0,0,0,0,0,0,0,0,0,0,0,2,0,0,1,0,0,4,0,0,3,0,0,0,0,0,0,0,0,0,0,0,0,0,0,0,0,0,0,0,0,0,0,0,1,0,0,0,2,0,0,0,2,1,1,0,0,0,0,0,0,0,0,0,1,0,1,2,0,0,0,0,0,0
0,0,0,0,0,0,2,0,0,0,2,1,0,1,3,0,1,0,0,0,0,0,0,1,0,1,0,0,3,2,0,0,0,2,0,0,0,4,0,0,1,2,0,0,0,0,1,1,2,1,0,0,0,2,0,0,0,0,0,0,2,2,0,3,0,3,1,0,0,1,0,0,0,0,2,0,0,0,0,0,0,0,0,0,1,0,1,0,0,0,0,0,0,0,0,0,0,0,0,0,0,1,0,2,0,0,0,0,0,0,0,3,0,0,0,0,1,0,0,0,0,1,0,2,0,2,0,0,0,2,0,0,0,0,0,0,0,2,0,1,0,0,0,0,0,1,2,0,0,2,0,1,0,2,0,0,0,0,0,1,0,0,1,0,0,0,1,0,0,0,0,0,0,0,2,0,0,0,0,0,0,0,1,0,0,0,0,0,0,0,0,0,0,0,0,0,3,0,0,2,1,0,1,0,0,0,0,0,0,0,0,0,1,0,0,0,0,0,1,0,0,0,0,0,0,0,2,0,0,0,2,0,2,0,0,3,0,1,0,0,0,0,0,2,0,0,0,0,1,0,0,1,0,0,1,0
0,0,1,0,0,2,0,0,1,0,1,0,1,2,0,0,1,2,0,0,0,4,0,0,0,0,0,0,2,1,0,0,0,2,0,0,0,1,0,3,0,3,0,0,0,0,0,1,1,0,0,1,0,3,1,0,0,0,0,0,0,2,0,4,0,2,1,1,0,0,0,0,1,0,1,0,1,0,1,0,0,0,1,0,0,0,2,0,0,2,0,0,0,0,1,0,0,0,1,0,1,0,0,3,0,3,0,0,0,1,0,0,0,0,0,0,1,0,0,0,2,0,0,3,0,1,0,0,1,0,1,0,0,3,1,0,0,3,0,4,0,1,1,0,1,0,1,0,0,1,0,0,0,4,1,0,0,0,0,0,0,2,2,0,0,1,1,0,1,1,0,0,0,0,0,6,0,0,0,1,0,0,5,0,0,0,0,0,0,2,0,0,2,0,4,0,0,0,0,1,2,0,0,0,0,1,0,0,0,0,4,0,0,2,2,0,0,0,4,0,1,0,0,3,1,1,0,0,0,0,1,0,0,0,1,1,0,3,0,0,1,0,0,0,0,0,0,2,0,0,0,0,0,0,0,0
0,0,0,1,0,0,0,1,3,0,3,1,0,2,1,0,1,2,0,0,1,0,0,0,0,0,0,1,3,2,0,0,0,2,0,1,0,2,0,4,1,0,0,1,2,0,3,1,2,0,1,0,4,2,2,0,0,1,0,0,1,0,0,6,0,0,0,0,1,2,0,0,1,0,0,1,0,0,1,0,0,0,0,1,0,1,3,0,1,0,0,0,0,0,1,0,0,1,0,0,0,1,0,1,0,0,0,0,0,2,0,1,0,0,1,0,0,0,0,0,0,1,0,2,0,2,0,0,0,0,0,0,0,1,1,0,0,2,1,0,1,2,0,0,1,0,2,1,0,2,1,1,0,4,0,0,1,0,1,0,2,0,0,0,0,0,1,0,1,0,1,1,0,0,0,0,0,1,0,0,1,0,0,0,0,1,0,0,0,0,0,0,0,1,3,0,1,0,0,3,0,0,1,2,0,1,0,0,0,0,0,0,0,1,3,0,0,1,0,0,0,0,1,0,1,0,0,0,0,0,1,1,0,1,0,2,0,0,0,0,0,0,0,2,1,1,1,0,0,0,0,0,1,0,0,0
0,0,0,1,0,2,2,0,1,3,3,0,0,1,1,0,3,3,0,0,0,0,0,0,0,0,0,2,4,2,0,0,2,2,0,0,0,3,1,3,3,3,0,0,0,0,1,1,2,0,1,2,0,2,1,0,1,1,0,0,0,1,0,4,0,0,0,0,0,0,0,0,0,0,0,0,0,0,0,0,0,0,0,0,0,0,5,1,0,0,3,0,1,0,0,0,3,0,0,0,2,1,0,2,0,1,1,0,0,1,0,1,1,0,0,0,0,0,0,0,0,0,0,2,0,1,1,0,0,0,0,0,1,1,0,1,0,2,0,0,0,0,0,0,0,0,3,1,0,2,2,0,0,2,0,0,0,0,2,0,0,0,0,0,1,1,0,0,0,0,0,1,0,0,1,0,1,0,0,0,0,0,0,1,0,0,0,0,1,0,1,0,0,1,2,0,0,0,0,4,1,0,0,0,1,0,0,0,0,1,0,0,0,1,0,0,0,0,1,1,0,0,0,0,0,0,1,4,0,0,1,0,0,1,0,1,0,1,0,0,0,0,0,0,0,0,1,5,0,1,0,0,0,1,0,0
1,0,0,1,0,0,1,0,0,0,2,1,1,2,2,0,2,2,0,2,0,0,0,0,0,0,1,0,4,2,0,0,0,4,0,0,0,2,0,2,2,0,0,0,0,1,1,0,2,0,1,0,0,2,1,0,1,0,0,0,1,0,0,5,0,0,0,0,1,0,0,0,0,0,1,0,0,0,0,0,0,0,0,0,0,0,4,0,0,0,2,0,0,0,0,0,0,0,0,0,1,0,0,3,0,0,1,0,0,2,0,1,0,0,0,0,1,1,0,0,0,0,0,2,0,2,0,0,0,2,0,0,0,2,0,0,0,2,0,1,0,1,0,0,0,0,3,1,0,2,3,2,0,3,1,0,0,0,0,0,0,0,0,0,0,0,0,0,0,1,0,0,1,1,1,0,0,0,0,0,0,0,1,0,1,0,1,0,0,1,0,0,0,2,1,0,0,1,0,1,1,0,0,1,0,0,0,0,0,0,0,0,0,0,0,0,0,0,1,0,0,0,0,0,1,0,1,0,0,0,1,0,0,0,1,0,1,1,0,1,0,0,0,0,0,1,0,0,1,0,0,0,1,0,0,0
0,0,2,1,0,0,3,0,0,5,4,0,1,1,2,0,0,3,0,4,0,0,0,0,0,0,0,0,5,3,0,0,0,1,0,0,0,4,0,3,7,0,0,0,0,0,0,0,3,0,0,0,0,1,0,0,0,0,0,0,0,0,0,2,0,1,0,0,0,1,0,1,1,0,1,0,0,0,0,0,0,0,0,0,1,0,7,0,0,0,2,0,0,0,0,0,1,1,0,0,0,0,0,1,0,0,0,0,0,0,0,1,0,0,0,0,0,0,0,0,0,2,0,1,0,2,0,0,0,1,0,0,0,0,0,0,0,1,0,1,2,1,0,0,0,0,3,0,0,3,2,0,0,1,0,0,0,0,0,0,2,0,2,0,0,0,0,0,1,0,0,0,0,0,2,0,1,1,1,0,0,0,0,3,1,1,1,0,0,0,0,0,0,3,1,0,1,1,0,3,0,0,2,0,0,1,0,0,0,0,0,0,3,0,1,0,0,2,0,0,0,0,0,1,0,0,0,0,0,1,3,1,0,0,1,2,0,1,0,0,0,0,0,0,1,0,3,0,0,2,0,0,0,0,0,0
0,0,0,0,1,0,2,0,1,0,3,0,0,0,0,0,1,0,1,0,0,0,0,0,0,1,0,0,2,1,0,0,0,3,0,0,0,3,0,1,0,1,0,0,0,0,0,4,1,0,1,2,0,3,0,0,0,0,0,0,1,0,0,8,0,4,1,0,0,0,0,0,0,0,0,1,0,0,1,0,0,0,0,1,1,0,1,0,0,0,0,0,0,0,1,0,0,0,2,0,0,0,0,3,0,0,0,0,0,0,0,1,1,0,0,0,0,0,0,0,1,0,1,3,0,1,0,0,0,0,0,0,0,1,0,0,0,4,0,0,0,0,0,0,0,0,1,0,0,1,0,0,0,4,0,0,0,0,0,0,1,0,2,0,0,0,0,0,3,0,0,0,2,2,0,0,1,0,0,0,0,0,0,0,0,0,0,0,3,0,0,1,0,0,2,0,1,0,0,1,0,0,0,0,0,0,0,0,0,0,1,1,0,1,0,0,0,0,0,0,1,0,0,0,1,0,1,0,1,0,1,0,0,0,2,0,0,0,0,1,0,0,0,0,1,1,0,0,0,0,0,0,2,0,2,0
0,0,0,0,0,0,0,0,0,0,3,0,0,2,2,0,1,0,1,1,0,0,0,0,0,2,0,0,2,1,0,0,0,3,0,0,0,2,0,0,1,3,0,0,0,1,0,1,2,0,0,2,0,2,0,0,0,0,0,0,0,0,0,6,0,0,1,0,1,0,0,0,3,0,3,0,0,1,0,0,0,0,0,0,0,0,2,0,0,0,0,0,0,0,0,0,0,0,0,0,0,0,0,4,0,3,0,0,1,1,0,0,2,0,0,0,1,0,0,0,0,1,0,2,0,5,0,0,0,0,0,1,0,0,0,0,0,3,0,4,0,0,0,0,0,0,3,1,0,1,2,1,0,3,0,0,0,0,0,0,1,0,2,0,0,0,2,1,1,0,0,0,0,1,1,1,0,0,0,0,0,0,1,0,0,0,1,0,0,0,0,1,0,1,2,0,1,0,0,1,2,0,0,0,0,0,0,0,0,0,2,0,0,1,0,0,0,0,0,0,2,0,0,1,0,0,1,0,3,0,1,1,0,0,1,0,0,0,0,0,0,0,1,2,0,0,0,2,1,1,0,0,0,0,0,0
0,0,0,0,1,2,0,0,1,0,2,0,0,0,3,0,2,0,0,1,1,1,0,0,0,0,0,0,4,1,1,0,0,3,4,0,0,1,0,0,1,3,0,0,0,0,0,0,1,0,2,0,0,3,0,0,0,0,0,0,4,1,0,6,0,3,1,0,2,0,0,0,0,0,1,0,0,0,0,0,0,0,0,0,4,0,1,0,0,0,0,0,0,0,0,0,0,1,0,0,0,0,0,2,0,1,2,0,0,0,0,2,0,0,0,0,0,0,0,0,0,1,1,3,0,2,0,0,0,0,0,0,0,1,0,0,0,3,0,1,0,0,0,0,0,0,1,0,0,1,0,0,0,4,0,0,0,0,0,1,1,0,0,0,0,0,0,0,0,0,1,0,0,0,0,0,0,0,0,0,0,0,0,0,0,0,0,0,0,0,0,1,0,1,3,0,1,0,0,2,0,0,1,0,0,1,0,0,1,0,1,0,1,1,0,0,0,1,0,0,0,0,0,0,0,0,0,0,2,0,1,0,0,0,0,0,0,0,0,1,0,0,2,3,0,0,0,3,3,0,0,0,0,0,0,0
0,0,2,0,0,3,0,0,1,0,1,0,0,0,0,0,3,0,0,2,0,1,0,0,0,0,0,0,2,0,0,0,0,4,1,0,0,0,0,1,0,5,0,1,0,0,0,2,0,0,0,0,1,5,0,0,1,0,1,0,6,0,0,10,0,3,0,0,0,2,0,0,0,0,0,1,0,2,0,0,1,0,0,0,2,0,0,0,0,0,0,0,0,0,0,0,0,2,0,0,0,0,0,3,0,2,0,0,0,0,1,0,1,0,0,0,1,0,0,0,0,0,0,4,0,1,0,0,1,0,0,0,0,2,0,0,0,4,0,4,0,0,0,0,0,0,0,1,0,0,0,1,0,4,1,2,0,1,0,0,2,0,0,0,0,2,1,0,0,0,0,0,0,0,0,0,0,0,0,0,1,0,2,3,0,3,0,0,1,0,0,2,0,3,6,0,1,0,0,1,2,0,0,0,0,1,0,1,0,0,6,0,0,0,0,0,0,0,0,0,2,0,0,0,0,0,0,0,0,0,0,0,0,0,1,1,0,2,0,0,0,0,0,1,2,0,0,1,3,0,0,0,1,0,0,0
1,0,0,0,0,0,0,0,1,0,0,1,0,2,0,1,1,0,1,2,0,0,0,0,0,1,0,0,1,0,0,0,1,2,2,0,0,0,0,0,0,2,0,0,0,1,1,1,1,0,0,0,2,4,0,0,0,0,0,0,2,1,0,7,0,3,1,0,1,0,0,2,0,0,0,0,1,0,0,0,0,0,0,0,2,0,2,0,2,0,0,1,0,0,0,0,0,2,0,0,2,0,0,3,0,0,1,2,2,0,0,0,3,1,0,0,1,2,0,0,0,0,0,3,0,2,3,0,0,0,0,0,0,3,0,0,0,5,0,5,0,0,0,0,0,0,1,0,0,0,0,0,0,3,1,1,0,0,0,0,3,0,1,0,2,0,2,1,0,0,0,0,0,0,1,1,1,0,0,0,2,0,5,1,1,1,3,1,1,0,0,1,0,2,4,0,0,0,0,0,1,0,0,2,0,2,0,0,0,0,5,0,0,2,1,0,1,0,1,0,2,0,0,1,0,0,1,0,0,0,0,0,0,2,1,0,0,3,0,0,0,0,1,5,0,0,0,1,2,2,0,1,2,3,0,0
0,0,1,0,0,0,0,0,2,0,1,1,0,2,2,0,3,0,0,0,0,0,0,0,0,0,0,0,3,0,0,0,0,5,0,0,0,0,0,0,0,2,0,0,0,1,0,3,0,0,0,0,2,4,0,0,0,0,0,0,3,1,0,9,0,2,0,0,0,1,0,0,0,0,0,0,0,1,0,0,0,0,0,0,1,0,0,0,0,0,0,0,0,0,0,0,0,2,0,0,0,0,0,1,0,2,0,0,0,1,0,0,0,0,0,0,1,0,0,0,0,0,0,4,0,0,0,0,0,0,0,2,0,1,0,0,0,4,0,0,0,0,0,0,0,0,1,3,0,0,0,0,0,4,1,0,0,0,0,2,3,0,1,0,0,0,1,1,0,0,0,0,0,0,0,0,1,0,0,0,0,0,0,1,0,0,0,0,0,0,0,0,0,1,5,0,0,0,0,0,2,0,1,1,0,0,0,0,0,0,1,0,0,0,0,0,1,0,1,0,0,0,0,0,0,0,0,0,0,0,0,0,0,0,0,0,0,2,0,0,0,0,0,0,0,0,0,0,1,0,0,0,1,0,0,0
0,0,0,0,2,0,0,1,1,1,3,1,1,0,0,1,1,2,0,0,1,0,1,0,0,0,0,0,3,2,1,0,0,2,2,0,0,2,2,1,3,2,0,0,0,0,2,0,2,0,0,0,1,2,0,0,0,0,0,0,4,0,0,6,0,2,0,0,0,1,0,0,1,0,0,0,0,0,0,0,0,0,0,0,3,0,5,0,0,3,2,0,2,0,1,0,0,1,0,0,1,0,0,1,0,0,0,0,0,2,0,2,0,0,0,1,2,0,0,0,0,0,1,2,0,2,0,0,1,0,0,1,0,0,0,0,0,2,1,0,0,3,0,0,0,0,2,1,0,2,2,1,0,2,0,1,1,0,0,1,3,0,1,0,0,0,1,1,1,0,0,0,0,1,0,0,0,0,0,0,0,0,0,0,0,0,1,0,0,0,1,0,0,0,3,0,0,0,1,3,1,0,0,0,0,0,0,0,0,1,0,0,0,1,0,0,1,0,0,0,1,1,0,1,0,1,3,0,0,0,1,0,0,1,1,0,0,0,0,1,0,0,0,0,0,0,0,2,1,0,0,0,0,0,0,0
1,0,0,0,0,2,1,0,0,0,0,0,0,2,1,0,3,0,2,2,0,0,0,1,0,0,0,1,2,0,0,0,0,4,1,0,0,0,0,0,0,5,2,0,1,0,0,2,0,0,0,2,0,5,0,0,0,0,0,0,4,0,1,9,0,2,1,0,2,0,0,0,1,0,0,0,0,0,0,0,0,0,0,0,1,0,0,0,0,0,0,0,0,0,0,0,0,1,0,0,1,0,0,2,0,2,0,1,0,0,0,0,0,0,0,1,3,0,0,0,0,1,0,4,1,1,1,0,2,0,0,2,0,1,0,0,0,4,0,6,2,3,0,0,0,0,1,1,1,1,2,0,0,5,0,0,0,1,0,1,0,1,2,0,0,0,1,0,0,0,3,1,0,0,0,0,0,0,0,0,0,0,3,1,0,1,1,0,1,0,0,0,1,1,4,0,1,0,0,0,5,0,0,1,0,0,0,1,0,0,1,0,0,0,0,0,0,0,0,0,3,1,0,2,1,0,1,1,0,0,0,0,0,1,0,0,0,0,0,4,0,0,1,5,0,0,0,0,2,0,0,0,0,0,3,0
0,0,0,0,0,1,0,0,2,1,4,0,0,0,1,0,4,0,0,1,0,0,0,0,0,0,0,0,4,0,0,1,0,2,0,0,0,1,0,2,0,1,0,0,0,0,1,0,1,1,2,1,1,3,0,0,0,0,0,1,3,2,0,7,0,2,0,0,0,2,0,0,1,0,0,0,0,1,0,0,0,0,0,0,0,0,1,0,0,0,0,0,1,0,0,0,0,2,0,0,0,0,0,1,0,3,0,0,0,1,1,3,0,0,0,0,4,0,1,0,0,0,0,3,0,0,1,0,1,0,0,2,0,3,0,0,0,3,2,2,0,1,0,0,1,0,1,5,0,0,0,0,0,4,0,3,0,0,1,2,6,0,0,0,0,0,1,0,1,0,0,1,0,1,1,0,2,1,0,0,0,0,3,1,1,1,0,0,3,0,1,0,0,2,3,0,0,0,0,0,4,1,0,4,0,0,0,1,0,2,0,0,0,1,0,0,1,0,1,0,0,0,0,2,1,0,1,0,0,0,0,0,0,0,1,0,0,3,0,2,0,0,0,0,1,1,0,0,2,0,0,0,0,0,3,0
0,0,1,0,0,3,0,0,2,1,3,0,0,2,0,0,2,1,0,0,0,0,0,0,0,0,1,0,2,1,0,0,0,3,0,1,0,1,0,1,1,2,0,0,0,0,1,2,4,1,0,0,0,2,3,1,0,0,0,0,1,0,0,4,0,0,0,0,2,1,0,0,2,1,0,0,0,2,0,0,0,0,0,0,1,0,1,0,2,0,0,0,0,0,0,1,0,4,0,0,0,0,0,1,0,1,1,1,0,1,0,0,0,0,1,0,1,0,0,0,1,0,0,2,0,1,0,0,0,0,0,0,0,0,0,1,0,3,0,0,0,0,2,0,0,0,2,1,0,1,0,1,0,3,1,1,0,0,0,1,1,0,1,0,0,1,0,1,0,0,0,0,1,0,0,0,0,0,0,0,0,0,0,1,0,2,0,0,0,0,1,1,0,0,4,0,0,0,0,1,2,0,0,1,1,0,1,0,0,0,1,0,1,0,1,0,0,3,0,0,0,0,0,1,1,0,1,0,0,0,0,0,0,0,1,0,3,0,0,0,0,0,0,0,0,0,1,0,0,0,0,0,0,1,0,1
0,0,2,0,0,0,1,0,2,0,1,1,0,1,0,0,1,0,0,0,0,0,0,0,0,0,0,0,0,0,0,0,0,3,0,0,0,0,0,1,0,3,0,1,0,0,0,1,0,0,0,0,0,5,0,0,0,1,1,0,0,2,0,7,1,2,0,0,2,1,0,0,1,1,0,0,4,1,0,0,1,3,0,0,2,0,0,0,0,0,0,0,0,0,0,0,0,0,0,0,1,0,0,2,0,3,1,1,0,0,0,1,0,0,0,0,2,1,0,1,0,1,0,4,0,1,2,0,0,0,1,0,1,0,0,0,0,4,0,5,0,0,0,0,0,0,0,1,0,0,0,1,0,4,0,0,1,0,0,0,0,1,3,0,0,0,3,0,0,0,1,0,0,0,0,1,1,0,0,0,0,0,1,1,1,1,1,0,1,0,0,0,0,0,6,0,2,0,0,0,2,1,1,0,0,0,0,1,0,0,1,0,0,4,0,0,0,0,1,0,0,0,0,1,4,0,1,0,1,0,0,0,0,0,0,0,0,0,0,0,1,0,0,1,1,0,0,4,1,0,0,1,0,1,0,0
2,0,1,0,0,0,0,0,2,1,3,0,0,0,0,0,3,0,1,2,0,0,0,0,0,0,0,1,3,0,0,1,0,3,1,0,0,0,0,1,0,6,0,0,1,1,1,2,1,0,0,4,1,3,0,0,2,0,0,0,3,1,0,10,0,4,0,0,1,0,0,0,1,0,0,0,0,1,0,0,0,0,0,0,2,0,2,0,0,2,1,0,0,1,2,1,1,3,0,0,2,0,0,0,0,2,0,0,1,0,0,0,2,0,0,0,2,0,1,0,0,1,1,4,1,2,0,0,1,0,0,0,0,0,0,0,0,4,0,1,0,1,0,0,0,0,0,1,0,0,0,0,0,5,0,0,0,0,0,1,4,1,1,0,1,2,3,2,2,0,3,0,2,2,1,0,0,0,0,0,0,0,0,0,0,2,0,0,4,0,1,1,1,1,3,0,2,0,0,0,4,0,0,0,0,0,0,2,0,0,0,0,0,2,2,0,0,0,1,0,2,1,1,2,0,0,0,1,0,1,0,0,0,0,0,1,0,2,0,0,0,0,0,1,1,0,0,0,3,0,0,0,0,0,2,0
0,1,2,0,0,0,1,0,0,0,2,0,1,1,0,0,1,1,0,1,1,1,0,0,0,1,0,4,2,2,0,0,0,2,0,0,0,2,0,0,4,1,0,1,0,0,0,3,2,0,1,0,0,2,2,0,1,0,0,0,1,1,0,3,0,2,0,0,2,1,0,0,0,0,1,0,0,1,0,0,2,0,1,0,1,0,4,0,0,1,1,0,1,0,0,0,0,1,0,0,1,0,0,1,0,0,0,0,1,1,0,2,0,0,0,0,0,0,0,0,0,0,0,2,0,2,1,0,0,0,0,0,0,0,0,0,0,2,0,0,0,1,0,0,0,0,2,2,0,1,2,0,0,3,0,0,0,0,0,1,1,0,1,0,0,0,3,0,0,0,0,0,0,1,0,0,0,0,0,0,0,0,0,1,0,1,0,0,0,0,0,0,0,0,2,0,0,0,0,2,2,0,0,2,0,1,0,1,0,1,3,0,0,2,0,0,0,0,1,0,0,0,0,0,0,2,1,0,0,0,1,0,1,0,2,0,0,1,0,0,0,0,0,1,0,0,0,0,0,0,0,0,2,0,0,0
1,1,0,0,0,1,1,0,1,0,3,0,1,0,1,0,0,0,0,0,1,1,1,0,0,0,1,0,2,1,1,0,2,1,0,0,0,1,1,1,3,0,0,0,0,1,0,2,1,1,2,0,0,1,1,0,0,0,0,0,1,1,0,3,0,1,0,0,1,0,0,0,0,0,0,0,0,1,0,0,0,0,0,0,2,0,2,0,0,0,0,0,0,0,0,0,1,1,0,0,1,0,0,1,0,2,0,0,0,1,0,1,0,0,1,0,1,0,0,0,1,2,0,2,0,1,1,0,0,0,0,1,0,0,0,0,0,2,0,0,0,0,1,0,0,0,1,1,0,1,0,0,0,2,1,1,0,0,1,1,2,0,2,0,0,0,3,0,0,0,0,1,0,1,0,2,1,1,0,0,1,0,0,2,0,2,0,1,0,0,0,0,0,1,0,0,1,0,0,2,1,0,3,2,0,1,1,0,0,0,2,0,0,0,0,0,1,0,2,0,0,0,0,0,0,0,1,0,1,0,2,0,0,0,0,0,0,0,0,0,0,0,0,2,0,0,0,0,0,0,0,0,0,0,0,0
0,0,1,0,0,1,1,0,3,2,5,0,0,1,1,0,2,3,0,1,0,0,0,0,0,1,0,1,2,2,0,0,0,1,0,0,0,2,2,0,1,2,0,0,0,0,0,1,2,1,0,0,0,2,0,0,0,0,0,0,0,0,0,3,0,1,2,0,1,1,0,6,2,0,0,0,0,0,1,0,0,0,1,2,0,0,4,0,0,2,3,0,0,0,0,1,0,2,0,0,0,0,0,1,0,1,1,0,0,1,0,0,0,0,0,0,0,1,0,0,0,3,0,2,0,2,1,0,0,3,1,0,0,1,0,0,0,2,0,2,1,0,0,0,0,0,4,1,1,2,2,3,0,6,2,1,1,1,0,0,2,0,1,0,1,1,0,1,1,0,0,1,0,1,1,0,0,0,0,0,0,0,0,1,1,0,2,0,1,0,0,2,0,0,4,0,2,0,0,2,2,0,1,0,0,1,0,0,0,0,2,0,0,0,0,0,0,0,0,0,0,0,0,2,0,0,1,0,1,0,3,0,0,0,1,0,0,2,0,0,0,0,0,0,0,0,0,2,0,3,0,0,1,1,0,0
0,0,0,0,0,1,2,1,0,1,1,0,0,1,1,0,0,0,0,1,0,1,1,0,0,0,0,0,1,1,0,0,0,2,1,0,0,1,2,0,0,3,0,1,0,1,0,1,1,0,0,0,0,3,1,0,0,0,0,0,3,0,0,7,0,1,0,0,2,2,0,0,1,0,0,0,0,1,0,0,0,0,0,0,2,0,1,0,0,1,0,0,0,0,1,0,0,1,0,0,1,0,1,2,0,3,0,0,0,1,0,0,0,0,0,0,1,0,1,0,0,0,1,3,0,1,0,0,0,0,0,0,0,0,0,0,0,3,1,2,0,0,0,0,0,0,1,0,0,1,1,0,0,3,0,0,2,0,0,1,0,1,3,0,1,1,2,0,0,0,0,0,0,0,0,0,1,0,0,0,0,0,1,1,0,0,0,0,0,0,1,1,0,1,1,0,2,0,0,1,0,0,1,0,0,0,0,2,0,0,2,0,1,1,0,0,1,0,0,0,1,1,0,0,0,0,0,0,0,0,1,0,0,0,2,0,0,0,0,1,0,0,1,0,0,0,0,1,2,1,0,0,0,0,0,0
0,0,1,4,0,0,0,0,1,4,5,0,0,0,1,0,0,3,0,2,0,0,0,0,0,0,0,1,2,2,0,1,0,1,0,0,0,3,0,2,4,1,1,0,0,0,0,1,6,0,1,0,0,2,1,0,1,0,1,1,1,3,0,5,0,3,0,0,0,0,1,0,3,0,0,0,0,0,0,0,0,0,0,0,0,0,5,0,0,0,1,0,1,1,0,0,0,1,0,0,0,0,0,2,0,0,0,0,0,1,0,1,0,0,0,0,0,0,0,0,0,4,0,2,1,2,0,0,0,0,0,0,0,0,1,0,0,2,0,0,0,1,0,0,0,1,2,0,0,3,0,1,0,2,1,0,0,0,0,0,0,0,1,0,0,0,1,1,1,0,0,0,0,1,0,0,0,0,0,3,0,0,2,0,1,0,0,0,0,0,1,1,0,3,3,0,1,0,0,2,1,1,0,0,0,0,0,1,0,0,0,0,0,0,1,0,0,0,2,0,1,0,0,0,1,2,0,0,0,0,1,0,0,0,0,0,0,2,0,1,0,0,0,0,1,0,0,0,1,1,0,0,0,0,0,0
0,0,0,1,0,0,0,0,1,0,2,0,0,0,0,0,0,3,0,0,0,0,0,0,0,0,0,0,2,2,0,0,0,3,0,0,0,2,0,2,1,0,2,0,0,0,0,2,2,0,0,0,0,2,1,0,0,0,0,3,1,1,0,3,0,1,0,0,0,1,0,0,0,0,2,0,1,1,1,0,0,0,0,0,0,0,6,0,0,1,4,0,1,0,0,1,0,0,0,0,0,0,0,2,0,0,1,0,0,0,0,1,0,0,0,0,0,0,0,0,0,2,0,2,0,1,0,0,2,0,0,0,1,3,0,1,0,2,0,0,0,0,1,0,0,0,3,1,0,2,3,0,0,2,1,0,0,0,2,1,0,0,1,0,0,0,1,0,0,0,0,1,6,0,0,0,0,0,0,1,2,0,0,1,0,3,0,0,0,1,0,2,0,1,4,0,0,1,1,3,1,0,1,0,0,0,0,1,0,0,3,0,1,2,0,1,0,1,1,0,1,0,0,1,1,1,1,1,2,0,0,0,0,2,1,1,0,1,0,0,0,0,0,3,1,1,0,1,0,1,0,0,1,0,0,0
1,0,1,0,0,2,1,0,4,1,3,0,0,1,0,0,3,1,0,1,0,1,0,0,0,1,0,0,2,0,0,0,0,4,0,0,0,0,3,2,1,2,1,0,0,2,1,1,1,0,0,0,3,3,0,0,0,0,0,0,1,0,1,7,0,2,0,1,0,1,0,0,0,0,0,0,0,1,0,0,1,0,0,0,1,0,0,0,0,1,2,0,0,0,1,0,0,3,0,0,0,0,0,2,0,2,0,0,0,1,0,1,2,0,0,1,0,0,0,0,0,0,1,3,0,1,0,0,1,0,1,0,0,5,0,1,0,4,0,0,0,1,0,1,0,0,2,0,0,0,2,2,0,5,2,0,0,0,1,1,3,2,2,0,0,1,0,0,1,0,0,0,0,0,0,0,1,0,0,0,0,1,0,0,0,1,0,0,1,0,0,0,0,0,1,0,1,1,0,0,4,0,0,1,0,0,0,0,0,1,1,0,1,2,1,0,0,0,0,0,1,0,1,0,0,2,0,0,0,0,0,0,0,0,2,1,0,0,0,0,0,0,0,0,1,0,1,0,0,1,0,0,2,0,0,0
0,2,2,0,0,1,0,0,2,0,1,0,0,1,0,0,2,0,0,3,0,0,1,0,0,0,0,0,1,0,0,0,0,4,0,0,0,0,0,1,0,1,1,1,0,2,0,2,1,0,0,0,2,4,1,0,0,0,0,0,0,1,0,8,0,2,1,0,1,3,0,1,1,0,0,0,0,2,0,0,0,0,0,0,0,0,0,0,1,1,0,0,0,2,0,0,1,4,0,0,0,0,0,2,0,0,0,0,0,1,0,1,1,0,0,0,0,0,0,0,0,0,0,4,0,0,0,0,0,0,0,0,0,2,1,0,0,4,1,3,0,3,0,0,0,0,0,1,0,0,0,0,0,5,0,0,0,0,1,0,3,0,2,0,0,0,0,0,3,0,0,0,0,2,2,0,2,0,1,0,0,0,1,2,0,2,0,0,0,0,1,1,0,1,3,0,1,0,0,0,4,0,1,0,0,0,0,0,0,0,0,0,0,1,0,0,0,0,1,0,1,0,0,2,0,1,1,0,0,1,0,0,0,1,0,0,0,2,0,1,0,0,0,0,0,0,0,0,1,1,0,2,1,0,0,0
0,0,1,0,1,0,0,0,0,0,5,1,0,3,1,0,2,3,0,1,0,1,0,0,0,0,0,0,3,2,0,0,0,2,1,0,0,2,0,0,0,2,1,0,0,0,0,1,2,0,2,2,2,2,0,0,1,0,0,1,2,0,1,4,0,1,0,0,0,0,0,0,0,0,0,0,0,0,0,0,0,0,0,1,0,0,4,0,0,0,3,0,0,0,0,0,0,0,0,0,0,0,0,2,0,1,0,0,0,2,0,1,0,0,0,0,1,0,0,0,1,1,0,2,1,2,0,0,0,0,0,0,0,2,0,0,0,2,0,0,0,1,0,0,0,0,3,0,0,2,2,0,0,3,1,0,0,0,0,0,1,0,3,0,0,0,1,0,2,0,1,1,1,1,0,0,0,0,0,0,1,0,0,0,1,1,0,0,0,0,0,3,0,0,1,1,2,0,0,2,0,0,0,0,0,0,0,0,0,0,1,0,0,1,0,0,0,0,0,0,0,0,0,0,0,1,2,0,0,0,1,1,0,0,1,0,1,0,0,0,0,0,0,1,0,1,0,0,0,0,0,0,2,0,1,0
0,0,0,0,0,0,0,0,0,0,0,0,0,2,0,0,1,1,0,0,0,0,0,0,0,0,0,0,1,0,0,0,0,4,0,0,0,0,0,0,0,1,0,0,0,0,0,2,1,0,0,0,0,3,0,0,0,0,0,0,4,0,0,8,0,3,0,0,3,1,0,0,0,0,0,1,0,0,0,0,0,0,0,1,2,0,0,0,0,0,0,1,0,0,0,0,0,1,0,0,2,0,0,4,0,1,1,0,0,0,0,0,0,0,0,2,0,0,0,0,0,0,0,4,0,1,0,0,0,0,0,0,0,0,0,0,0,4,0,1,0,0,0,0,0,0,1,3,0,0,0,0,0,4,0,0,0,1,0,3,1,0,0,0,0,0,0,0,1,0,2,1,0,0,0,0,1,0,0,0,0,0,0,0,0,0,0,0,1,0,0,0,0,0,2,0,1,0,0,1,3,0,2,2,0,1,0,0,0,0,0,0,0,0,0,0,0,0,0,0,0,2,0,1,0,0,0,0,0,0,0,0,0,0,0,0,0,2,0,0,1,0,0,0,0,1,0,0,2,0,0,0,3,0,0,0
2,0,1,0,0,1,1,0,1,1,2,1,0,2,4,0,2,3,0,0,0,0,0,0,0,0,1,0,2,1,0,1,1,2,0,0,0,3,0,0,0,1,0,0,1,1,0,1,2,0,0,1,0,1,0,0,0,0,0,0,0,0,0,1,0,0,0,0,0,3,0,0,1,0,0,0,1,0,0,0,0,0,0,3,0,0,2,0,0,1,0,0,1,0,0,0,0,0,0,0,1,0,0,3,0,1,0,0,0,0,0,0,1,0,0,2,0,0,0,0,0,1,0,1,0,3,0,0,0,0,0,0,0,2,0,0,0,2,0,2,0,0,0,0,2,0,2,0,0,2,1,0,0,2,0,3,1,0,1,0,1,0,1,0,0,1,1,0,1,0,0,1,0,0,1,1,0,0,0,0,0,0,0,0,0,0,1,0,0,0,0,0,0,0,0,0,3,0,1,2,2,0,2,1,0,1,0,0,0,0,1,0,0,0,1,0,0,0,0,0,2,0,0,1,0,0,0,1,4,1,1,0,0,0,2,0,0,1,0,0,2,0,1,0,0,1,0,0,1,1,0,0,0,0,0,0
0,0,1,1,0,0,0,0,1,0,3,1,0,0,2,0,0,1,0,3,0,0,0,0,0,1,1,1,3,2,0,0,0,2,0,0,0,3,0,0,0,1,0,0,0,0,0,2,3,0,1,1,1,2,1,0,0,0,0,0,0,0,0,3,0,1,0,0,1,4,0,0,2,0,0,0,0,1,0,0,0,0,1,0,0,0,3,0,0,0,3,0,0,0,1,0,0,1,0,0,1,0,0,2,0,0,0,0,1,1,0,1,0,0,0,0,0,0,0,0,0,1,0,2,0,2,0,0,0,1,0,0,0,5,0,0,0,2,0,2,0,0,0,0,0,0,3,0,1,2,0,1,0,2,3,0,0,0,2,0,1,0,0,0,0,0,2,1,1,0,0,1,0,1,2,0,0,0,1,2,0,0,0,1,1,0,0,0,0,0,0,1,1,1,3,0,0,0,0,2,2,0,0,0,1,3,0,0,0,0,3,0,0,1,0,0,0,0,0,0,1,0,0,1,1,0,0,0,0,0,2,0,0,0,3,1,0,3,0,0,0,0,0,0,1,1,0,0,1,0,0,0,3,0,0,0
0,1,2,0,0,1,1,0,2,0,3,1,0,0,0,0,3,3,0,1,0,0,0,0,0,1,0,0,3,1,0,0,0,4,1,0,0,2,1,0,0,2,0,0,0,0,2,0,1,0,0,0,1,4,0,0,0,0,0,1,2,0,0,7,0,2,1,1,2,1,1,0,0,0,0,0,1,0,0,0,0,0,1,0,2,0,2,0,0,0,1,0,1,0,0,0,0,3,0,0,0,0,0,2,0,0,0,0,1,0,0,0,1,0,0,0,0,0,0,0,0,0,0,3,0,1,0,0,1,0,0,0,0,1,0,0,0,3,0,1,1,2,0,0,0,0,2,1,0,1,1,0,0,3,1,1,0,0,1,1,0,0,2,0,0,0,0,1,1,0,0,0,0,0,1,0,0,0,0,0,0,0,2,0,0,0,0,0,1,0,0,0,0,2,3,0,2,1,0,0,1,0,0,1,0,0,1,0,0,0,1,0,0,1,0,0,0,0,0,0,1,0,0,1,0,0,0,0,0,1,1,0,0,1,0,0,0,0,0,0,0,0,0,0,0,0,0,0,0,1,0,0,1,1,0,0
0,0,0,0,0,1,0,0,1,0,1,0,1,1,0,0,3,2,0,0,0,3,0,0,0,0,0,0,2,0,0,0,0,3,0,0,0,0,0,0,0,2,1,1,0,1,1,3,0,0,1,1,1,4,0,0,0,0,0,0,2,3,0,7,0,2,0,0,0,0,0,0,0,0,0,0,0,0,0,0,0,0,0,0,1,0,0,0,0,0,0,0,0,0,0,0,0,0,0,0,1,0,0,5,0,0,0,0,0,0,0,1,1,0,0,0,1,0,0,0,0,1,0,4,0,2,0,0,1,0,0,0,0,0,0,0,0,4,0,4,1,0,0,0,0,0,1,0,0,0,0,1,0,5,1,1,1,0,0,0,1,0,2,0,0,2,2,1,2,0,0,0,5,0,0,0,2,0,1,0,0,0,0,1,0,0,1,1,0,0,0,0,0,0,5,0,1,0,0,0,5,0,1,0,0,0,0,1,0,0,2,0,0,3,0,0,2,0,0,0,1,0,0,0,2,0,0,0,0,0,0,0,0,0,0,0,0,0,0,0,1,0,0,0,0,0,0,3,2,0,0,0,1,0,0,0
0,0,0,0,2,0,0,0,1,0,4,0,0,2,1,0,2,0,1,1,0,0,0,0,0,0,0,0,3,1,0,0,1,2,0,0,0,1,0,2,0,2,0,0,0,0,3,0,1,0,1,0,0,3,0,0,0,0,0,0,1,0,0,8,0,2,1,1,0,0,0,0,0,0,0,0,0,0,0,0,0,0,1,0,1,1,1,0,0,0,0,0,0,0,0,0,0,1,0,0,0,1,0,2,0,0,0,0,0,0,0,2,0,0,0,0,0,0,0,0,0,2,0,3,0,4,0,0,2,1,0,0,1,2,0,0,0,3,1,1,1,0,0,0,0,0,2,1,0,1,0,0,0,5,1,0,0,0,1,1,2,0,1,0,0,0,1,0,1,0,0,0,0,0,2,1,0,1,0,0,1,1,1,0,0,0,0,0,1,0,0,0,0,1,3,0,0,0,0,1,0,0,1,0,0,0,0,0,0,0,0,0,0,1,0,0,0,0,0,0,0,0,0,0,1,0,1,0,1,0,1,0,0,0,0,0,1,1,0,1,0,0,0,0,1,0,0,0,1,1,0,0,0,0,0,0
0,0,0,0,1,2,1,1,0,0,3,1,1,1,1,0,2,2,0,3,0,0,0,0,0,0,0,0,3,0,0,0,0,2,1,0,0,1,0,0,0,0,3,0,1,1,0,0,1,0,3,0,0,3,0,0,0,0,0,0,3,0,0,5,0,1,0,0,2,1,0,0,1,0,1,0,0,0,0,0,0,0,0,0,1,0,1,0,0,0,1,0,1,0,0,0,0,1,0,0,0,0,0,3,0,1,1,0,0,0,0,1,0,0,0,0,1,0,0,0,0,1,0,3,0,0,0,0,0,0,0,0,0,0,0,0,0,3,0,6,0,1,0,0,0,0,1,1,0,1,1,0,0,4,1,1,0,1,0,1,0,0,1,0,0,1,3,0,0,1,0,0,1,0,1,0,0,0,0,0,1,0,0,0,0,1,4,0,0,1,0,3,0,2,3,1,0,0,0,0,1,0,0,0,0,0,0,0,0,0,0,0,0,1,1,0,0,2,2,0,1,0,1,1,0,0,2,0,1,0,1,0,0,0,0,0,0,0,0,0,0,0,0,0,0,0,0,0,0,0,0,0,0,0,0,0
0,0,1,0,0,1,0,0,1,0,1,0,0,2,2,0,2,1,0,0,0,1,0,0,0,0,0,0,3,0,0,0,0,3,1,0,0,0,0,0,0,2,0,0,0,2,1,2,0,2,0,0,0,3,0,0,0,0,0,0,2,1,0,11,0,3,0,0,3,1,0,0,0,0,0,0,0,0,0,0,1,0,1,1,0,1,1,0,0,0,0,0,0,1,1,0,0,1,4,0,2,0,0,4,1,4,1,0,1,0,0,0,0,0,0,1,2,0,0,0,0,0,0,4,0,1,0,0,0,0,0,0,0,0,0,0,0,4,0,2,0,0,0,0,0,0,0,1,0,0,2,1,0,5,0,0,0,0,0,1,2,0,2,0,0,0,2,3,2,0,0,0,1,1,0,0,0,1,0,0,0,1,1,0,0,0,0,0,0,0,0,1,1,1,2,0,0,0,0,1,2,0,0,2,0,0,0,0,0,1,0,0,0,0,0,0,0,0,0,0,1,0,0,0,0,0,0,1,0,0,0,0,0,0,0,0,1,0,0,0,0,0,0,1,0,0,0,2,1,1,0,0,0,0,0,0
0,0,0,0,1,0,0,0,3,0,4,0,1,1,0,0,2,1,0,1,0,0,0,0,0,1,0,0,4,2,0,0,0,2,0,0,0,2,0,1,0,2,1,0,0,1,0,1,2,0,2,0,1,4,0,0,0,0,0,0,1,3,0,6,0,2,0,0,1,1,0,0,0,0,0,0,0,0,0,0,0,0,1,0,0,0,2,0,0,1,1,0,0,0,0,0,0,0,0,0,1,0,1,3,0,0,1,0,0,2,0,1,1,0,0,0,1,0,0,0,1,1,0,2,0,5,0,0,0,0,0,0,0,1,0,0,0,2,0,0,0,0,0,0,0,0,2,1,0,2,0,0,0,2,0,0,0,0,0,1,1,0,0,0,0,0,2,1,0,1,0,0,0,0,0,1,0,0,0,0,0,0,0,0,0,0,0,0,0,0,0,0,0,0,2,0,1,0,0,1,2,0,0,2,0,1,0,0,0,0,0,0,0,1,0,2,0,0,0,0,0,1,0,0,0,0,0,0,0,0,1,0,0,0,2,0,0,2,0,0,0,0,0,0,0,1,0,1,2,0,0,0,1,1,0,0
0,0,0,0,0,0,0,0,1,0,8,0,0,1,2,0,1,2,0,1,0,0,0,0,0,0,0,0,3,0,0,0,1,3,1,0,0,3,3,0,1,3,0,1,0,2,0,1,1,0,1,3,0,1,2,0,0,0,1,0,3,2,0,6,0,2,0,0,1,1,0,0,0,0,0,0,0,0,0,0,0,0,0,0,0,0,3,0,2,0,1,0,1,0,0,0,0,0,0,0,2,0,0,3,0,0,0,0,0,0,0,1,0,0,0,0,0,0,0,0,0,1,0,3,0,4,0,0,1,1,0,0,1,2,0,0,0,3,1,4,0,0,0,0,0,0,1,2,1,1,2,2,0,3,1,0,0,1,0,1,1,0,3,0,0,1,2,0,2,0,2,0,0,1,1,1,0,1,0,2,0,0,3,0,2,1,1,0,0,0,0,1,2,2,2,1,0,0,1,0,1,0,1,0,0,2,0,0,0,0,2,1,1,1,0,0,0,0,2,0,0,0,0,0,0,0,2,0,0,0,1,0,0,2,0,0,0,4,0,2,1,0,0,0,0,0,1,2,1,1,0,0,0,1,2,1
0,0,1,0,1,0,0,1,1,0,5,1,0,1,0,0,0,1,0,0,0,0,0,2,0,0,1,0,2,2,0,0,1,1,0,1,1,2,0,1,1,0,0,0,0,0,1,1,2,0,1,0,0,1,2,1,1,1,0,0,2,0,0,3,0,1,0,1,0,0,0,1,0,0,0,1,0,1,0,0,0,0,0,1,0,0,3,0,0,0,1,0,0,0,0,0,0,0,0,0,2,0,0,2,0,2,1,1,0,0,0,0,0,0,1,0,0,1,0,0,1,0,0,1,0,2,0,0,0,1,0,1,0,0,0,0,0,2,0,0,1,0,1,0,0,0,2,0,0,1,1,0,0,3,0,1,0,0,1,0,1,0,0,0,0,0,2,0,0,0,0,4,0,0,1,1,1,3,0,0,1,0,0,1,0,0,0,1,0,0,0,0,0,1,1,0,1,0,0,2,1,1,0,0,0,2,0,0,1,0,0,0,0,0,0,1,0,0,0,0,0,0,0,0,0,0,0,0,1,0,0,0,0,1,0,0,0,0,0,0,0,0,0,1,0,1,0,1,0,1,1,0,2,0,0,2
0,0,0,0,0,0,0,0,0,2,2,2,1,1,1,0,1,2,0,0,0,0,0,0,0,0,2,0,3,2,0,0,0,1,0,0,0,2,0,0,0,0,0,0,0,1,0,1,2,0,0,0,2,1,1,0,1,0,0,0,0,2,0,3,1,1,0,0,1,1,0,2,0,0,0,0,0,0,0,0,0,1,0,2,3,0,4,0,0,0,1,0,2,0,1,0,0,0,0,0,1,0,0,1,0,1,0,0,0,1,0,1,0,0,1,0,0,0,1,0,1,1,0,1,0,1,1,0,0,0,0,1,0,0,0,0,0,1,0,0,0,1,0,0,0,0,2,0,0,2,1,0,0,1,0,1,0,0,0,0,2,0,0,0,0,0,0,2,0,0,0,1,0,1,1,2,0,0,0,1,1,1,1,1,0,0,0,1,0,0,0,0,0,2,3,0,0,1,1,2,2,0,3,1,0,1,0,0,0,1,0,0,0,1,1,0,0,0,0,0,0,1,0,0,0,0,1,0,1,0,1,0,0,0,1,0,0,0,2,0,0,0,0,0,0,0,0,0,0,0,0,1,0,0,0,0
0,0,0,0,0,0,1,0,0,0,1,0,0,1,1,0,1,0,0,1,0,0,0,0,0,0,0,0,2,1,0,0,2,4,0,0,0,2,0,0,0,6,1,0,0,0,0,0,2,0,1,3,1,3,1,0,0,0,0,0,0,4,0,7,0,1,1,0,0,0,0,0,2,1,1,0,0,0,0,0,2,3,0,0,0,0,1,0,0,0,0,0,0,0,2,0,1,1,0,0,0,1,0,2,0,3,0,0,0,1,0,2,4,0,0,0,3,0,0,0,0,1,0,3,0,1,0,0,0,0,1,0,0,2,0,0,0,3,0,3,0,0,0,0,0,0,1,0,0,1,0,0,0,4,1,0,0,0,4,1,0,1,2,0,0,0,2,1,1,0,0,0,0,0,0,0,0,0,0,0,0,0,0,0,1,0,0,0,2,0,0,2,1,1,1,0,1,0,0,1,3,0,2,0,0,0,0,0,0,0,1,0,0,0,1,0,0,0,0,0,0,1,0,0,1,0,0,0,0,0,1,0,0,0,1,0,0,2,0,0,1,0,0,1,0,0,0,9,1,2,0,1,2,1,0,0
0,0,4,0,0,2,1,0,1,0,4,0,0,1,1,0,0,1,0,4,0,0,0,0,0,0,0,0,1,1,0,0,0,4,0,0,0,1,2,1,0,2,0,0,0,0,1,1,2,2,2,0,2,2,2,0,0,2,1,0,1,2,0,7,0,1,0,0,0,3,0,0,1,0,0,0,0,1,1,0,1,0,1,0,0,0,1,0,0,0,0,0,0,0,0,0,0,2,0,0,0,0,0,3,0,0,0,0,0,1,0,0,1,0,0,0,0,0,0,0,0,0,0,4,0,1,1,0,0,0,3,0,0,0,0,1,0,3,0,1,0,0,0,0,0,0,4,0,0,1,3,0,0,3,1,0,0,0,0,0,1,0,0,0,0,0,2,1,0,0,0,0,0,1,0,0,1,0,0,0,0,0,0,1,0,1,0,0,1,0,1,0,0,1,4,0,2,0,0,1,3,0,0,1,1,0,0,1,0,0,0,0,0,1,0,0,1,0,0,1,0,0,0,4,0,0,2,0,0,0,2,0,0,0,1,1,1,0,0,0,0,0,0,1,0,0,0,0,1,0,0,0,3,0,0,0
0,0,0,0,1,1,1,0,0,1,3,1,0,0,0,0,1,1,0,0,0,1,0,0,0,1,0,0,3,3,0,0,0,2,0,0,0,2,1,1,2,1,0,0,0,0,0,0,2,0,1,0,0,2,0,0,0,0,0,0,3,0,0,4,0,0,3,0,1,1,0,0,1,0,0,0,0,0,0,0,0,0,1,1,0,0,3,0,0,0,0,0,0,0,1,0,0,1,0,0,0,0,0,2,0,0,0,0,0,1,0,1,0,0,0,0,0,0,0,0,0,1,0,2,0,2,0,0,0,0,0,0,0,0,0,0,0,2,0,2,0,0,0,0,0,0,3,1,0,2,1,0,0,2,0,0,0,1,0,2,0,0,1,0,0,0,0,0,0,0,2,0,0,0,0,0,0,0,1,0,0,0,2,1,0,0,2,0,0,0,0,0,0,0,2,0,0,0,0,2,0,0,2,1,0,1,0,0,0,0,0,0,1,0,1,0,1,0,0,0,0,0,0,1,0,0,0,0,0,0,2,1,0,0,0,1,0,0,0,0,0,0,1,0,0,0,0,0,0,1,0,0,0,0,0,0
0,0,4,0,0,2,0,1,1,0,2,0,0,1,1,0,2,0,0,0,0,1,0,0,0,0,0,0,2,0,0,0,0,2,0,0,0,1,0,1,0,10,0,0,1,0,0,3,3,0,0,2,0,3,0,0,0,0,0,0,2,2,1,9,1,4,1,1,2,1,0,0,2,0,0,0,1,1,0,0,6,2,1,0,1,0,2,0,0,0,0,0,0,1,0,0,0,1,0,0,0,0,0,3,0,2,1,0,0,1,0,0,0,0,0,0,0,0,0,0,0,0,0,4,0,0,0,0,0,0,1,0,0,4,0,1,0,3,0,3,0,0,0,3,0,0,2,1,1,0,1,0,0,6,1,0,7,2,0,0,0,0,2,0,0,2,2,0,1,0,0,0,0,1,0,0,1,0,0,0,2,0,1,1,0,0,0,0,0,0,0,1,0,0,6,0,3,0,0,0,0,0,1,0,0,1,0,0,0,0,8,1,1,2,1,0,1,0,3,0,1,0,0,0,1,1,0,1,5,0,1,0,0,1,1,0,0,5,0,2,0,0,1,1,0,0,0,1,2,1,0,0,0,0,1,0
0,0,0,0,0,1,0,1,2,0,5,0,0,0,1,0,0,1,0,1,1,1,0,0,0,0,0,0,2,1,0,0,0,1,1,0,0,5,0,0,1,1,0,1,0,0,0,2,3,0,2,1,0,1,1,0,0,0,0,0,1,2,0,3,0,1,0,0,0,0,0,1,0,0,0,0,0,0,0,0,0,0,2,0,0,0,5,0,0,0,3,0,0,0,0,0,0,0,0,0,1,0,0,1,0,0,0,0,0,0,0,1,0,0,0,1,0,0,0,0,1,1,0,1,0,5,1,0,0,0,0,1,0,1,0,0,0,3,0,1,0,0,0,0,0,0,3,1,1,3,2,0,0,3,1,1,1,0,1,1,0,0,1,0,0,0,2,1,1,0,0,0,0,0,0,1,0,0,0,0,0,1,2,0,0,0,0,0,2,0,0,0,0,2,1,0,0,0,0,1,2,0,0,0,0,1,0,1,0,0,1,0,0,1,0,0,0,0,0,0,1,0,0,1,0,0,0,0,0,0,1,0,0,0,2,0,0,2,0,0,0,0,0,0,0,0,0,1,2,0,0,2,1,0,2,0
0,0,1,0,0,0,0,0,1,0,2,1,0,1,1,0,1,1,0,0,0,1,0,0,0,2,0,0,1,0,0,0,0,3,3,0,0,1,0,1,1,2,0,0,0,1,1,1,1,0,0,1,0,3,0,0,1,0,0,0,4,1,0,6,0,1,0,0,1,0,0,0,1,0,0,0,0,2,0,0,0,0,1,0,2,0,1,0,0,0,0,0,0,1,1,0,0,2,1,0,1,0,0,3,0,3,0,0,0,0,0,0,0,0,0,1,1,0,0,0,0,0,1,3,0,0,0,0,0,0,1,0,0,0,0,0,0,4,0,2,0,0,0,0,0,0,0,1,1,0,2,0,0,4,0,0,1,0,0,2,1,0,2,0,1,1,1,1,1,0,0,0,1,0,1,2,1,0,0,1,0,0,0,0,0,1,0,0,0,0,0,1,0,0,2,1,0,0,0,0,2,1,2,1,0,0,0,0,0,0,2,0,0,1,1,0,1,0,0,0,0,2,0,0,0,0,0,0,0,0,0,0,0,0,0,0,0,1,0,0,1,0,0,0,1,0,0,1,2,0,0,0,1,0,0,0
0,0,0,0,1,0,3,0,1,0,4,0,1,0,0,0,0,1,1,0,0,0,1,1,0,0,0,0,4,1,0,0,0,1,0,0,0,3,2,3,2,0,0,0,0,2,0,1,3,0,0,1,1,1,1,0,1,0,0,0,1,0,0,2,0,1,0,0,2,0,0,1,0,0,0,0,0,1,0,0,0,0,1,0,1,0,5,0,0,0,1,0,2,0,0,0,0,0,0,0,1,1,0,2,0,0,0,0,0,0,0,2,0,0,0,3,1,0,0,0,0,1,0,1,0,3,0,0,0,0,0,0,0,1,0,0,0,1,0,0,0,0,0,0,0,0,3,0,0,3,1,0,0,1,1,0,1,0,0,1,2,0,2,0,2,0,2,0,0,0,1,0,0,0,0,0,0,1,0,0,0,0,1,0,0,0,0,0,0,0,0,0,0,0,3,0,1,0,1,1,1,0,1,4,0,0,0,0,1,1,2,0,0,0,3,0,0,0,1,0,0,0,0,0,0,0,2,0,2,0,2,0,0,0,1,0,0,0,0,0,0,0,0,0,1,0,0,0,0,1,0,0,0,1,0,0
0,0,1,1,0,0,2,0,1,0,2,0,1,1,2,0,1,3,1,3,0,0,0,0,0,1,1,3,2,2,0,0,0,2,1,0,0,2,0,2,4,2,1,0,0,0,1,0,2,0,0,1,2,2,2,0,0,0,1,0,2,0,0,4,0,1,1,0,0,0,0,1,1,0,0,0,0,1,0,0,0,0,1,0,0,1,3,0,0,0,1,0,0,0,0,0,0,1,0,1,0,0,0,1,0,0,1,0,0,2,0,0,0,0,0,1,0,0,0,0,0,0,0,2,0,3,0,0,0,0,1,1,0,1,0,0,0,2,1,0,0,0,0,0,0,0,2,0,1,2,2,0,0,2,1,1,0,0,0,0,1,2,2,0,0,1,4,0,2,0,2,0,0,1,0,0,0,1,1,0,1,0,1,1,1,1,1,0,0,0,0,0,0,3,1,0,0,0,0,3,0,0,1,0,0,1,0,0,0,0,0,0,0,0,0,0,0,0,0,0,0,0,0,0,2,1,1,1,1,0,2,0,0,1,1,0,0,2,0,0,1,0,0,2,0,0,0,2,1,1,0,0,0,1,1,0
0,0,1,0,0,1,1,0,1,0,3,2,0,3,0,0,1,3,0,0,0,0,0,0,0,0,0,2,2,2,0,0,1,2,0,0,0,1,2,1,0,2,0,0,0,0,0,2,1,1,1,1,1,3,3,1,1,0,0,0,2,0,0,9,0,4,0,0,2,1,0,0,1,0,0,0,0,2,2,0,0,0,0,0,1,0,4,0,0,0,2,0,0,0,0,0,0,1,0,0,3,0,0,2,0,2,0,0,0,1,0,0,0,0,0,0,1,0,0,0,0,1,1,3,0,1,0,0,0,0,0,0,0,1,1,1,0,3,1,0,0,0,0,0,0,0,1,1,0,1,0,0,0,3,0,0,0,0,1,1,3,0,1,0,0,0,0,1,1,0,0,1,0,0,0,0,2,0,0,1,0,0,1,1,1,0,0,0,0,0,0,0,0,2,3,0,3,0,0,0,3,0,3,1,0,0,0,0,0,1,2,0,0,0,0,0,0,0,0,0,1,1,0,0,0,0,1,0,0,0,1,0,0,0,2,0,0,2,0,0,0,0,0,1,0,0,0,1,1,2,0,0,1,0,0,0
0,0,0,0,0,0,0,0,2,1,2,0,1,3,1,0,3,2,0,2,1,0,0,0,0,0,0,0,2,1,0,0,0,5,1,0,0,2,0,3,1,3,1,1,0,0,1,1,1,0,1,2,2,3,1,0,0,0,0,0,0,1,0,6,0,2,0,0,0,0,0,1,2,0,0,0,0,1,0,0,0,1,0,0,0,0,3,0,0,0,2,0,1,0,1,0,0,2,0,0,0,0,0,2,0,1,0,0,0,1,0,1,0,0,0,0,1,0,0,0,0,0,0,3,0,0,0,0,0,0,1,0,0,3,0,2,0,3,0,0,0,0,0,0,0,0,1,2,0,1,2,0,0,4,2,1,0,0,2,1,3,0,1,1,0,0,2,0,0,0,3,0,0,0,1,0,0,2,0,0,1,0,2,0,0,0,0,0,0,0,0,4,0,2,3,0,1,0,0,1,2,0,1,0,1,0,0,0,0,0,2,0,0,0,1,0,0,0,0,0,0,1,0,0,0,0,0,0,0,1,1,0,0,2,1,1,0,0,1,0,0,0,0,1,0,0,0,0,1,0,0,0,0,0,1,0
1,0,0,0,2,0,0,0,0,0,1,0,0,1,2,0,0,3,0,1,0,0,0,0,0,0,0,1,0,0,0,0,0,3,0,0,0,0,0,1,0,4,0,1,0,0,1,2,0,1,0,1,0,3,1,0,1,0,0,0,3,0,0,6,0,3,0,0,1,1,0,0,0,0,0,0,0,0,0,0,0,0,0,1,1,0,1,0,0,0,0,0,0,1,0,0,0,1,0,0,0,0,0,2,0,1,1,0,0,1,0,0,0,0,0,0,2,1,1,0,0,1,0,3,0,0,1,0,1,0,2,0,0,1,1,1,1,3,1,2,1,0,0,0,0,0,1,0,0,0,1,0,0,3,0,0,0,0,0,2,0,0,1,0,0,1,2,1,0,0,0,0,0,0,0,0,0,0,0,0,0,0,1,0,0,0,0,1,2,1,0,0,1,1,3,0,2,0,0,0,2,0,0,2,1,0,0,0,0,0,1,1,0,2,0,1,0,0,0,0,1,1,0,0,1,0,0,0,0,0,0,0,1,0,1,0,0,2,0,1,0,0,0,0,1,0,1,0,3,0,0,1,1,0,1,0
0,0,1,0,0,0,0,0,1,0,1,1,0,1,0,0,1,0,0,0,0,0,0,0,0,0,0,0,1,0,0,0,0,3,0,0,0,0,0,1,0,2,0,1,0,2,1,2,0,1,0,1,1,5,0,0,0,0,0,0,1,1,0,10,0,3,0,0,3,3,0,0,1,0,0,0,0,0,0,0,0,0,0,0,0,0,0,0,0,1,0,0,0,0,0,0,0,0,0,0,2,0,0,2,0,1,1,0,0,0,0,0,0,0,0,0,0,0,0,0,0,0,0,4,0,0,0,0,0,0,0,0,0,0,0,0,0,4,0,3,0,1,0,0,0,0,0,2,0,0,0,2,0,5,2,0,0,0,1,0,2,0,3,0,0,0,2,0,4,0,0,0,0,0,1,3,0,0,0,0,0,0,2,0,2,0,0,0,1,0,0,0,0,0,4,0,0,0,0,0,4,1,0,2,0,0,0,0,0,0,2,0,0,0,0,0,0,0,0,0,0,0,0,1,0,0,0,0,0,0,0,0,0,0,0,0,0,2,0,0,1,0,0,0,0,0,0,0,1,2,0,0,0,0,0,0
0,0,2,0,2,1,0,0,1,0,5,1,0,2,0,0,1,0,0,2,0,0,0,0,0,0,0,2,1,1,1,0,0,2,0,1,0,2,0,1,0,5,0,2,0,1,0,1,1,0,1,2,3,3,0,0,0,0,1,0,1,1,0,7,0,2,1,1,2,1,0,0,2,0,0,1,0,1,1,0,0,0,0,0,0,0,2,0,0,0,0,0,0,0,1,0,0,0,0,0,0,0,0,2,0,2,0,0,0,0,0,1,0,0,0,0,1,0,0,0,0,0,0,3,0,1,0,0,2,0,1,0,0,0,0,1,0,3,0,3,0,1,0,0,0,0,1,0,0,1,0,0,0,3,1,0,1,0,0,1,1,1,1,0,0,0,4,1,0,0,3,0,3,0,2,0,0,1,0,0,4,0,0,1,0,0,1,0,0,0,1,0,0,1,4,0,0,0,1,3,2,0,1,1,1,1,0,0,1,0,2,0,1,1,0,0,0,0,1,0,2,1,0,0,1,0,0,0,2,0,1,1,0,0,0,0,0,2,0,1,0,0,0,1,2,1,0,0,0,2,0,0,2,0,0,3
0,0,0,0,0,1,1,0,2,0,9,1,0,0,2,0,2,3,0,3,0,0,1,0,0,1,0,0,4,1,0,0,0,0,0,0,0,4,0,1,2,1,0,0,0,0,0,1,3,1,4,0,0,1,1,0,0,0,0,0,0,0,0,1,0,1,0,0,0,0,0,0,0,0,0,0,0,0,0,0,0,0,0,0,0,0,2,0,0,0,1,0,0,0,0,0,0,2,1,0,0,0,0,2,0,1,2,0,0,2,0,4,1,0,0,0,1,0,0,0,0,0,0,1,0,5,0,0,0,0,0,0,0,4,0,0,0,1,0,2,0,0,0,0,0,0,4,0,0,2,1,0,0,1,0,0,1,2,0,0,0,0,1,0,0,0,2,0,0,0,0,0,0,0,1,0,0,0,0,0,0,0,0,0,0,0,1,0,0,0,0,0,0,0,2,0,1,0,0,1,1,0,2,0,0,0,0,0,0,0,2,0,0,1,0,0,0,0,0,0,0,0,0,0,0,0,1,0,0,0,3,0,1,0,3,1,0,0,0,0,0,0,0,0,0,0,0,0,0,1,0,0,0,0,0,0
0,0,0,0,1,0,0,0,1,0,6,0,0,0,0,0,0,1,1,1,0,0,0,0,0,0,0,1,2,2,0,0,2,0,0,0,0,2,1,1,0,0,0,0,0,0,0,0,2,0,3,0,0,2,2,0,0,0,0,0,0,0,0,5,0,1,1,0,1,0,0,0,0,0,0,0,0,0,0,0,1,0,0,1,0,1,3,0,0,0,2,1,1,0,0,0,0,0,0,0,0,0,0,0,0,0,0,0,0,1,0,3,0,0,0,2,0,0,1,0,0,3,0,2,0,1,0,0,1,0,0,0,0,0,0,0,0,2,0,1,1,0,0,0,0,0,2,0,0,2,0,0,2,3,0,1,1,1,0,0,2,1,2,0,1,0,5,2,0,0,1,1,0,0,0,0,1,0,0,1,0,0,0,0,2,1,0,0,2,0,3,0,0,0,3,0,3,0,0,2,3,0,1,0,0,1,0,1,0,0,2,0,0,0,1,0,0,0,0,0,1,0,0,0,0,0,1,0,1,0,2,0,0,0,1,0,0,0,0,0,0,0,0,0,0,0,0,0,0,0,0,0,0,0,0,1
0,0,0,0,0,0,0,0,0,0,0,0,0,0,1,0,2,0,0,1,0,0,1,1,0,0,0,0,2,0,0,0,0,3,1,0,0,0,0,0,0,5,0,0,0,1,0,1,0,0,0,2,1,4,0,0,0,0,0,0,3,0,0,9,0,5,0,0,2,2,0,0,0,0,0,0,0,0,0,0,0,0,0,0,0,0,0,0,0,0,0,0,0,0,0,0,0,1,0,0,1,0,0,4,0,0,0,1,0,2,0,0,0,0,0,0,1,0,0,0,1,0,0,4,0,2,0,0,0,0,0,0,0,0,0,0,0,4,0,2,0,0,0,0,0,0,1,1,0,0,0,0,0,4,0,0,0,0,0,2,1,0,1,0,1,1,0,0,0,0,1,0,0,0,0,1,0,0,0,0,0,0,3,0,0,0,1,0,0,0,0,0,0,1,4,0,0,0,0,0,4,0,0,2,0,0,0,0,0,0,1,0,0,0,0,0,0,0,0,0,0,0,0,0,0,0,0,1,0,0,0,0,0,0,1,0,0,2,0,0,0,0,1,1,0,0,0,1,2,0,0,0,2,0,1,0
0,0,0,1,0,1,0,0,2,0,1,0,1,1,1,0,2,0,0,1,0,1,1,0,0,0,1,0,2,1,0,0,0,2,0,0,0,1,0,0,0,1,0,0,0,1,1,0,1,1,0,0,1,3,0,0,3,0,1,0,1,0,0,6,0,2,0,0,0,3,0,0,1,0,0,0,0,1,0,0,0,0,0,0,1,0,2,0,0,0,1,0,0,0,0,0,0,1,0,0,0,0,0,0,0,2,1,0,0,0,0,1,1,0,0,0,3,0,1,0,0,1,0,3,0,3,0,0,0,1,1,0,0,1,0,1,0,3,1,3,0,1,0,0,0,0,1,2,0,1,1,2,0,4,0,1,0,0,1,1,0,0,1,0,0,0,1,0,3,0,1,0,0,2,3,0,1,0,0,1,0,0,0,1,1,1,0,0,2,0,1,0,1,0,4,0,0,0,0,1,2,2,0,1,0,1,0,0,0,1,4,0,0,0,0,1,1,0,4,1,0,0,0,1,0,0,1,0,0,0,1,0,0,1,1,1,0,3,0,1,1,0,0,0,0,0,0,0,3,1,0,0,0,0,0,0
0,0,0,0,2,0,1,1,1,0,3,1,0,1,0,0,1,1,0,1,0,0,0,0,0,0,0,0,2,2,0,0,0,2,0,0,0,2,0,3,5,0,0,0,0,1,1,1,2,2,3,1,0,2,1,0,0,0,0,0,1,0,0,6,0,2,0,0,1,1,0,0,0,0,0,0,0,1,0,1,1,0,2,0,2,0,3,0,0,0,0,0,0,0,0,0,0,2,0,0,0,0,0,0,0,1,1,0,0,1,0,0,0,0,0,0,2,0,0,0,0,0,0,2,1,4,0,0,0,0,0,0,0,0,0,1,0,2,1,0,0,0,0,0,0,1,2,1,0,2,0,0,0,2,0,0,0,0,0,0,1,0,1,0,0,1,1,1,2,0,0,0,0,0,0,2,1,1,0,0,0,0,1,1,1,0,1,0,2,0,0,0,0,1,3,0,0,0,0,2,1,0,0,0,0,0,0,0,0,0,0,0,0,0,0,0,0,0,1,0,0,0,0,1,1,0,0,0,0,0,2,1,0,0,1,1,0,1,0,0,0,0,1,0,0,0,1,0,1,1,0,0,0,0,1,0
0,0,0,0,2,0,0,0,2,1,7,1,0,2,0,0,1,1,0,0,0,0,0,0,0,0,0,0,0,0,0,0,1,3,1,1,0,1,0,1,0,3,0,1,0,0,0,1,1,0,5,1,0,3,1,0,0,0,0,0,0,2,0,6,0,2,0,0,1,0,0,0,1,0,1,0,0,0,0,0,0,0,0,0,0,1,1,0,1,0,1,0,0,0,1,0,0,0,0,0,0,0,0,3,0,1,1,0,0,0,0,0,0,0,0,0,0,0,0,0,0,0,0,3,0,1,0,0,0,0,0,0,0,0,0,0,0,3,0,1,1,0,0,0,0,0,2,0,0,1,0,0,0,4,0,0,0,0,0,0,0,1,4,0,1,2,4,0,1,0,0,0,1,1,0,0,1,1,0,0,0,0,2,0,0,1,1,0,0,0,0,0,0,3,2,0,1,0,0,1,2,0,1,0,0,0,0,1,0,0,0,0,0,2,0,0,1,0,0,0,0,0,0,1,0,0,0,0,0,0,1,0,0,0,0,0,0,0,0,1,0,0,0,2,0,0,0,4,3,0,0,0,1,0,0,0
0,0,0,1,0,0,0,0,0,0,1,0,0,1,2,0,2,0,0,0,0,0,0,0,0,1,0,0,1,0,0,0,0,5,0,0,0,0,0,0,0,5,0,0,0,1,0,2,0,0,1,0,0,4,0,0,0,0,1,0,1,2,0,9,0,2,0,0,1,1,0,0,1,0,0,0,0,1,0,0,0,0,0,1,0,0,0,0,0,0,0,0,0,0,0,1,0,1,1,0,2,0,0,2,0,2,0,0,0,0,0,0,0,0,0,0,0,0,0,0,0,0,0,4,0,0,1,0,0,0,0,0,0,0,0,0,0,4,0,3,0,0,0,0,0,0,1,0,0,0,0,0,0,4,0,0,1,0,0,0,1,0,2,0,0,1,1,0,1,0,2,1,1,0,0,1,0,0,0,0,0,0,3,0,0,0,0,0,0,0,1,1,0,1,2,0,0,0,0,0,3,0,0,1,0,0,0,0,0,0,1,0,0,0,0,0,0,0,0,0,0,0,0,0,0,0,0,0,0,0,0,0,0,0,0,0,0,1,0,0,0,0,0,1,0,0,0,2,1,0,0,0,0,0,1,0
0,0,2,0,2,1,0,0,1,0,5,1,0,1,0,0,1,1,0,0,0,1,0,0,0,0,0,0,4,2,0,0,0,1,0,0,0,2,0,3,2,0,0,0,0,0,1,1,2,1,2,0,0,1,1,0,0,0,0,0,0,0,0,5,0,0,0,0,0,1,0,0,0,0,0,0,0,0,0,0,0,0,0,0,2,0,1,0,0,0,1,0,0,0,0,0,0,2,0,0,0,0,0,0,0,1,1,0,0,1,0,3,1,0,0,0,1,0,0,0,0,2,0,2,0,2,0,0,0,0,0,0,0,0,0,1,0,2,0,0,0,1,0,0,0,0,2,0,0,2,1,0,0,2,0,0,0,0,0,0,2,0,1,0,0,0,1,0,0,0,0,0,0,0,0,0,1,0,0,0,0,0,0,1,0,1,1,0,0,0,0,0,0,1,3,1,0,0,0,2,1,0,2,0,1,0,0,0,0,0,1,0,0,0,1,0,0,0,1,0,0,0,1,0,0,0,0,0,0,0,2,0,0,0,0,0,0,0,0,0,0,0,0,0,1,0,0,0,0,0,0,1,1,0,0,0
0,0,2,0,0,1,0,0,1,0,2,0,0,0,1,0,3,0,1,2,0,0,0,0,0,0,0,1,1,0,0,0,1,3,1,0,1,0,0,2,0,2,0,1,0,1,1,2,0,0,1,3,1,3,0,1,0,0,0,0,4,1,0,7,1,4,0,1,0,0,0,1,2,0,0,1,0,0,0,0,0,0,0,1,1,0,1,0,1,1,0,1,0,0,1,0,0,3,0,0,3,0,0,2,0,4,0,0,0,0,0,0,0,0,0,0,0,0,0,0,0,0,0,3,0,1,3,0,1,0,1,1,0,3,1,1,0,3,1,0,1,0,0,1,0,1,0,2,0,0,1,0,0,4,0,0,0,0,0,2,1,0,0,0,0,1,0,0,2,1,0,0,0,0,0,0,2,1,0,0,2,0,2,1,1,0,0,0,0,0,0,1,0,5,2,0,2,0,1,0,1,0,0,0,0,0,0,1,0,0,0,0,0,1,0,0,3,1,0,0,2,1,0,0,1,2,0,1,0,0,0,0,0,0,0,0,0,1,0,1,0,2,0,1,0,0,0,1,0,0,0,1,2,1,0,0
0,0,0,0,0,1,0,0,2,0,4,0,0,2,0,0,0,1,1,0,1,0,0,0,0,0,0,1,2,1,1,2,1,1,0,0,0,1,0,0,0,3,0,0,0,2,0,1,3,0,0,0,0,2,0,0,0,1,2,0,0,0,0,4,0,1,0,0,0,2,0,1,0,1,0,0,1,1,0,0,0,0,0,5,0,0,1,0,0,2,1,1,0,1,0,0,2,0,0,1,0,0,0,5,1,1,0,0,1,1,0,2,0,1,1,2,4,0,2,0,0,1,0,2,4,4,0,0,1,0,0,0,1,2,1,0,0,2,0,3,0,1,0,0,0,0,2,0,0,1,1,1,0,5,1,2,0,0,1,0,1,0,2,0,0,1,2,2,2,0,3,1,0,2,0,0,0,0,0,4,1,0,3,1,0,2,1,0,1,0,0,2,0,1,1,0,0,0,0,1,0,0,0,0,0,2,0,0,0,0,1,0,1,1,0,0,0,0,2,0,0,0,0,0,0,0,1,0,0,0,2,0,0,0,2,1,0,1,0,0,0,0,0,0,0,0,0,1,0,0,0,1,0,0,0,0
0,0,1,0,1,0,0,0,1,0,3,0,0,1,2,0,1,0,0,0,0,0,1,0,0,0,0,0,2,0,0,0,0,4,3,0,0,1,0,2,0,1,0,0,0,0,1,3,1,0,1,0,0,3,0,0,0,1,0,0,3,1,0,7,0,1,0,0,0,0,0,0,0,0,1,0,0,0,0,0,0,0,0,0,1,0,1,0,0,0,0,1,0,0,1,0,0,1,0,0,0,0,0,3,0,1,0,0,0,0,0,0,0,0,0,0,0,0,0,0,1,0,1,3,0,2,0,0,1,0,0,0,0,0,0,0,0,3,0,0,0,0,0,0,0,0,2,1,1,1,0,0,0,3,0,0,0,0,0,0,2,0,3,0,1,0,1,1,0,0,2,0,0,1,0,0,0,0,0,0,1,0,1,0,0,0,0,0,0,0,0,0,0,1,3,0,1,0,0,0,2,0,1,0,0,1,0,0,0,0,2,0,0,0,0,0,0,0,0,0,0,1,2,0,0,0,1,0,1,0,1,0,0,0,0,1,0,1,0,1,0,0,0,6,0,0,0,1,0,0,0,0,1,0,1,3
0,0,0,0,0,0,1,0,2,1,5,0,0,1,1,0,6,5,0,0,0,0,0,0,0,0,0,0,4,2,0,0,0,1,1,1,0,2,2,0,1,1,0,0,0,0,1,2,2,1,0,2,1,2,1,0,0,1,0,0,2,0,0,5,0,3,0,0,0,0,0,0,1,0,0,0,0,1,0,0,0,1,0,0,2,0,5,0,0,1,4,1,0,0,0,0,0,2,0,0,2,0,0,1,0,1,1,0,0,1,0,0,0,0,0,0,1,0,0,0,0,0,0,2,0,2,0,0,1,0,0,0,0,0,0,1,0,2,0,1,0,1,0,0,0,0,4,1,0,2,4,0,0,2,0,0,0,0,1,1,0,0,0,0,0,1,1,0,1,0,1,0,0,0,1,0,0,0,0,0,0,0,1,0,0,0,0,2,0,0,0,0,1,0,3,0,1,1,0,1,1,0,1,1,0,0,0,0,0,0,1,0,1,0,1,0,0,0,0,0,0,0,1,1,0,0,1,1,0,0,2,0,0,0,1,1,0,0,1,0,0,0,0,0,0,0,1,1,0,0,0,0,1,0,1,0
0,0,0,0,1,0,0,0,0,0,2,0,0,0,0,0,0,0,0,1,0,0,0,1,0,0,0,0,1,1,0,0,0,2,0,0,0,1,0,1,0,1,0,0,0,0,0,0,1,0,1,0,0,3,0,0,0,0,0,0,1,0,0,5,0,3,0,0,2,1,0,1,0,0,0,1,0,0,0,0,0,0,0,0,1,0,1,0,0,0,0,0,0,0,0,0,0,2,0,0,1,0,0,2,0,1,1,1,0,0,0,1,2,0,0,0,0,1,0,0,0,2,0,3,0,2,0,0,0,0,1,0,1,0,0,0,0,3,0,0,0,0,0,0,0,0,1,1,0,1,2,0,0,3,0,0,0,1,0,1,1,0,3,0,0,0,2,1,1,0,0,0,0,0,0,0,1,0,0,0,1,0,2,0,0,0,0,0,0,0,0,0,0,2,3,0,0,0,0,1,1,0,1,0,0,2,0,0,0,0,0,0,0,0,1,0,0,0,0,0,0,0,2,0,0,0,2,0,1,1,1,1,1,0,0,0,0,1,0,0,0,0,0,3,0,0,0,0,0,1,0,0,0,0,0,0
0,0,1,0,0,1,0,2,0,0,2,0,0,2,2,0,1,2,0,1,0,0,0,0,0,0,0,0,2,1,0,0,0,1,0,0,0,2,0,0,0,1,0,0,0,0,1,0,2,0,1,1,1,1,1,0,0,0,0,0,1,1,0,3,0,0,0,0,2,1,1,1,2,0,0,1,0,0,0,0,0,0,0,1,0,1,2,0,0,0,0,0,0,0,0,0,1,1,0,1,0,0,1,2,0,1,0,0,0,1,0,0,0,0,1,0,1,0,1,0,0,1,0,2,0,1,0,0,0,0,1,0,0,2,0,1,0,2,0,2,1,1,0,0,2,0,6,1,0,2,3,0,0,3,1,0,0,0,0,0,1,0,1,0,0,1,1,0,0,0,0,0,0,0,1,0,1,0,0,0,0,0,0,0,0,1,0,0,0,0,0,1,0,0,3,1,0,0,0,2,1,0,0,0,1,0,0,0,1,0,1,0,0,0,1,1,0,0,0,0,0,0,0,2,0,0,0,0,0,0,3,1,0,0,2,0,0,0,0,0,1,0,0,1,0,0,0,0,0,0,0,1,0,0,0,0
0,0,0,0,0,1,1,0,2,0,2,0,0,1,0,0,3,0,0,0,1,1,1,0,0,0,0,1,4,0,0,0,0,3,0,1,0,0,0,3,0,1,0,0,1,0,2,2,0,0,0,3,1,4,0,0,0,0,2,0,1,0,0,11,0,3,0,0,0,2,0,0,1,0,0,0,0,2,0,0,0,0,0,0,0,0,0,0,0,0,0,0,0,1,1,0,0,0,0,0,0,0,0,3,0,0,0,0,0,1,0,0,0,0,0,0,2,0,0,0,0,0,0,4,0,1,1,0,3,0,0,0,0,3,0,0,0,4,1,2,0,1,0,0,0,0,0,1,0,0,0,0,0,4,0,1,0,0,0,0,1,0,1,0,1,2,0,1,0,0,0,0,0,0,0,0,2,0,1,0,0,0,0,1,0,1,0,0,2,0,0,0,0,2,4,0,2,0,0,0,4,1,0,0,0,0,0,1,0,0,3,0,0,0,0,0,0,0,0,0,1,0,0,0,0,0,0,0,0,0,0,0,0,0,0,0,0,1,0,0,0,0,0,0,0,0,0,0,0,0,0,0,0,0,1,0
0,0,1,0,2,0,1,0,1,0,6,0,0,0,0,0,1,0,0,2,0,0,0,0,0,0,0,0,4,3,0,0,0,1,1,0,0,3,0,3,2,0,1,0,0,1,0,1,3,0,3,0,1,1,1,0,1,0,0,0,0,0,0,3,0,1,0,0,1,1,0,0,0,0,0,0,0,0,0,0,0,0,1,0,1,1,5,0,0,0,0,0,0,0,1,0,0,1,0,0,1,0,0,0,0,0,0,0,0,1,0,3,0,0,1,1,0,0,0,0,0,0,0,1,0,3,0,0,0,0,0,0,0,2,0,0,0,1,0,1,0,0,0,0,0,0,3,1,0,3,0,0,0,1,0,0,0,0,2,1,2,0,0,0,0,0,1,0,0,0,0,1,0,1,0,1,0,1,0,0,0,0,1,0,0,0,0,0,0,1,1,0,1,0,1,0,2,1,0,4,0,0,3,3,0,1,0,0,0,0,0,0,0,1,1,0,1,0,1,0,0,1,0,0,1,0,3,0,1,0,3,0,0,0,0,0,0,0,0,0,0,0,0,0,0,0,0,0,0,1,0,0,0,1,0,1
1,1,0,1,0,0,1,0,0,1,2,0,1,1,0,0,3,3,0,0,0,0,0,0,0,0,0,1,2,2,0,0,0,2,0,0,0,2,0,1,1,4,0,0,0,0,0,2,2,1,0,2,0,2,1,0,1,0,0,0,2,1,0,5,0,4,0,0,0,2,1,2,2,0,0,0,0,0,0,0,0,0,0,0,3,0,5,0,0,0,2,0,0,0,0,0,0,2,1,0,0,0,0,3,0,0,0,0,0,3,0,0,0,0,0,0,0,0,0,0,0,2,0,2,0,2,0,0,0,1,0,0,0,0,0,1,0,2,0,1,0,1,0,0,0,0,2,0,0,2,1,1,0,2,1,1,1,0,2,0,1,0,1,0,0,0,1,0,2,0,0,0,0,0,1,0,1,0,0,0,2,0,2,1,0,1,2,0,2,0,0,2,0,1,2,1,1,0,0,1,2,0,2,1,0,0,0,1,0,0,2,0,0,3,0,1,1,2,0,0,1,0,0,1,1,0,0,0,0,0,2,0,0,0,2,1,0,1,0,1,0,0,0,2,0,0,0,0,1,0,0,0,1,0,2,0
0,0,0,0,1,1,0,0,0,0,2,0,0,1,0,1,1,0,0,2,1,1,0,0,1,0,0,0,1,0,0,0,0,3,0,0,0,0,2,0,0,1,0,0,0,2,0,1,0,0,0,0,1,3,0,0,0,0,0,0,5,0,0,9,0,3,0,0,2,0,0,1,0,0,0,0,0,1,0,0,0,0,0,0,2,0,0,0,1,0,0,0,0,1,0,1,0,1,0,0,0,0,0,4,0,3,1,0,0,0,0,0,2,0,0,0,2,0,0,0,0,0,0,4,0,0,0,0,0,0,0,0,0,3,0,0,0,4,0,3,0,0,0,0,0,0,0,2,0,0,0,1,0,4,3,0,0,0,0,2,2,1,2,0,0,1,1,0,0,0,0,0,1,1,3,2,0,0,0,0,0,0,1,1,0,2,4,0,1,0,0,1,0,1,3,0,2,0,0,0,2,0,0,1,1,0,0,0,0,0,1,1,0,0,0,0,0,0,0,0,2,0,0,1,1,0,1,0,0,0,0,0,0,0,1,0,0,1,0,0,0,0,0,0,0,0,0,0,0,0,0,0,1,0,1,0
0,0,0,0,0,1,1,0,3,1,4,0,0,1,0,0,2,1,0,1,1,0,0,0,0,0,1,0,3,3,0,0,0,2,0,0,0,3,0,3,2,2,0,0,0,1,1,0,2,1,0,0,1,1,0,0,1,0,0,0,2,1,0,4,0,2,0,0,1,0,0,0,1,0,0,0,0,0,0,0,0,0,0,0,1,0,3,0,0,0,2,2,0,0,0,0,0,1,0,0,1,0,0,1,0,2,1,0,0,0,0,2,0,0,0,0,0,0,0,0,0,1,0,2,1,2,1,0,0,1,0,0,0,1,0,0,0,2,0,0,0,0,0,0,0,0,2,0,0,2,2,1,0,4,1,0,0,0,1,0,0,0,1,0,1,0,0,0,1,1,0,0,0,0,0,1,0,0,0,0,0,0,2,1,0,0,1,0,0,0,1,0,0,1,2,0,0,0,0,2,0,0,0,0,0,0,0,0,0,0,0,0,0,0,0,0,0,0,0,0,0,0,0,0,0,0,0,0,0,0,1,0,0,0,1,1,0,0,0,0,0,0,0,0,0,0,0,0,0,0,0,0,0,0,0,0
0,1,1,0,0,0,0,0,1,1,3,0,0,0,0,0,2,2,0,0,0,0,1,0,0,0,0,0,4,2,0,0,0,2,0,1,1,2,1,0,0,0,0,1,0,0,0,1,2,0,0,0,0,1,0,0,1,0,0,0,1,1,0,3,0,1,0,1,0,0,1,0,1,0,2,0,0,2,2,0,0,0,0,0,0,0,1,0,2,0,2,0,0,0,0,0,0,1,0,1,3,0,1,0,0,0,0,0,1,0,0,1,0,0,0,0,1,2,1,0,0,1,2,1,1,1,0,0,0,0,0,0,1,0,1,0,2,1,0,2,0,1,0,0,1,0,3,0,0,2,3,0,1,2,1,0,0,0,2,1,1,0,0,0,0,0,1,0,1,0,0,0,0,2,0,0,0,0,0,1,2,0,0,1,0,0,0,0,0,0,0,1,0,1,3,1,0,1,0,2,0,0,0,0,1,0,0,0,1,0,0,0,0,0,0,1,0,0,2,0,0,0,1,1,0,0,1,0,0,0,1,0,0,0,0,0,0,0,0,0,0,0,0,0,0,0,0,0,0,0,0,0,0,0,0,0
1,0,0,0,0,0,1,0,1,0,1,0,0,0,1,0,2,1,0,1,0,0,0,0,0,0,0,1,2,1,0,0,0,2,0,0,0,1,0,0,0,1,0,0,0,0,1,1,1,0,1,0,2,3,0,0,0,0,0,0,0,1,0,6,0,3,0,0,0,2,0,0,0,0,0,0,0,0,0,0,0,1,1,0,0,0,2,0,0,0,1,0,0,0,1,0,0,1,0,0,1,0,0,3,0,2,1,0,0,1,0,1,0,0,0,0,0,0,0,0,0,0,1,3,0,1,0,0,0,0,0,0,0,1,0,1,0,3,1,1,0,0,0,0,0,0,2,0,0,1,0,0,0,3,0,0,1,0,0,1,1,1,3,0,0,0,1,0,1,1,0,1,0,1,0,1,1,0,0,1,0,0,1,1,0,0,0,0,1,0,0,0,0,1,2,0,2,0,1,1,0,0,1,1,1,0,0,1,1,0,1,0,0,0,1,0,0,0,0,1,1,1,0,0,0,0,0,0,0,0,0,0,0,0,1,0,0,0,0,0,0,1,0,0,1,0,0,0,1,0,0,1,0,0,0,0
0,0,0,0,0,2,1,0,0,0,1,0,0,1,0,0,1,2,0,1,0,1,0,0,0,1,0,0,1,1,0,0,1,2,0,1,1,2,1,0,0,4,0,0,0,0,0,2,3,0,1,2,0,3,0,0,2,0,0,0,0,0,0,9,0,2,1,0,1,1,0,0,1,0,1,0,0,0,0,0,0,0,0,1,0,0,1,0,0,0,1,0,0,0,0,0,0,1,0,0,3,0,0,2,0,3,0,0,0,0,0,1,0,0,0,0,4,0,0,0,0,1,0,3,1,1,0,0,0,0,0,0,0,0,0,0,0,3,0,2,1,0,0,0,0,0,1,0,0,1,2,0,0,5,1,1,0,0,0,0,0,0,0,0,0,0,1,1,0,0,0,0,0,0,2,0,0,0,0,0,0,0,0,1,0,1,0,0,1,0,0,0,0,0,2,0,2,0,0,1,2,0,0,0,0,0,0,0,0,1,1,0,1,1,0,0,0,0,1,0,1,0,0,0,2,0,0,0,0,0,1,0,0,0,2,0,0,0,0,0,0,0,0,0,0,1,1,1,1,1,0,0,2,0,2,0
0,1,0,0,0,2,0,0,1,0,3,0,0,0,1,0,2,1,0,2,0,0,1,0,0,0,0,0,2,1,0,0,0,4,0,0,0,1,0,0,0,0,0,0,0,0,0,0,1,1,0,2,1,3,1,0,0,0,0,0,1,2,0,6,0,0,0,0,1,0,0,0,2,0,0,0,0,0,0,0,0,1,0,0,0,0,2,0,0,0,0,0,0,0,1,0,0,1,0,0,0,0,0,2,0,3,0,0,0,1,0,0,0,0,0,0,2,0,0,0,0,1,0,3,0,1,0,0,0,0,1,0,0,1,0,0,0,3,0,5,0,2,0,0,0,0,2,1,0,1,0,0,0,3,1,1,0,0,0,0,0,0,1,0,0,2,1,0,1,0,0,0,0,0,1,0,1,1,0,0,0,1,0,0,0,0,1,0,0,0,0,0,0,0,1,0,0,0,0,1,3,0,1,0,1,0,0,0,0,0,0,0,0,0,1,0,0,0,0,0,0,0,0,1,2,0,1,0,1,0,1,0,0,0,1,0,0,0,0,0,0,0,0,0,2,0,0,2,0,0,0,1,0,0,0,0
0,0,1,3,1,6,2,0,0,1,6,1,1,2,0,0,3,1,0,2,0,0,0,0,0,2,0,5,5,2,0,1,1,1,0,0,0,2,0,1,8,0,0,1,2,0,0,0,2,0,4,1,0,2,3,0,0,0,1,0,2,0,0,3,0,1,1,0,0,0,1,1,1,0,1,0,0,0,0,0,0,0,1,0,1,0,8,1,0,0,2,0,0,0,0,0,1,0,1,0,0,0,0,5,0,1,3,1,0,2,0,3,1,1,0,4,2,0,0,0,0,3,0,2,1,5,1,0,0,2,1,0,0,0,0,0,0,2,0,4,0,0,0,0,0,1,2,0,0,2,1,0,0,2,1,0,0,0,0,0,1,0,0,0,0,0,5,0,0,0,0,0,0,0,1,1,0,0,0,0,0,0,2,2,1,7,3,0,0,0,0,0,0,1,3,1,0,0,0,3,1,0,1,0,0,0,0,1,1,0,1,0,0,1,1,0,0,0,1,0,1,0,0,1,2,1,1,0,0,0,2,0,0,0,1,0,2,1,0,0,0,0,0,0,0,0,1,0,1,1,0,0,0,1,0,0
0,0,1,0,0,0,1,0,1,0,2,0,0,0,0,0,0,2,0,3,2,0,0,1,0,0,0,0,1,1,0,0,0,2,1,0,1,1,0,1,0,3,2,0,0,0,0,2,1,0,1,0,0,2,1,0,1,0,0,0,0,0,0,4,0,1,0,0,3,3,0,0,0,0,0,0,1,3,0,0,0,0,0,0,0,0,1,0,1,0,1,0,1,0,0,0,0,1,0,0,0,0,2,2,0,0,0,0,0,0,0,0,0,0,1,0,0,0,0,0,0,0,0,4,1,0,0,0,0,0,2,0,0,3,1,0,0,3,1,1,0,0,2,0,0,0,1,1,1,1,1,0,0,2,1,0,0,0,0,0,1,1,0,1,0,2,1,1,1,0,0,0,5,2,2,0,2,0,0,1,1,0,0,1,0,2,1,1,2,0,0,0,1,0,4,0,1,1,0,1,0,1,0,0,0,0,0,0,0,0,2,0,1,0,0,0,0,0,3,0,1,0,0,0,2,0,2,2,1,0,0,1,0,2,0,0,0,2,0,0,1,1,0,4,0,0,0,1,1,1,0,0,2,0,0,0
1,0,1,0,0,2,0,1,0,1,1,0,1,0,1,0,0,2,0,3,0,1,0,0,0,0,0,0,1,1,0,0,0,3,0,0,0,2,0,0,0,0,0,0,0,0,1,1,2,0,0,0,1,2,0,0,1,0,0,0,0,1,0,5,0,0,1,0,2,0,0,0,1,0,0,0,0,1,0,0,0,0,0,0,0,0,3,0,1,0,4,0,0,1,0,0,0,1,0,0,0,0,0,2,0,2,1,0,0,1,0,1,0,0,0,1,1,0,0,0,0,1,0,2,0,1,0,0,0,0,1,0,0,0,0,2,0,2,0,3,0,0,0,0,0,0,2,0,0,1,2,0,1,5,1,0,0,0,0,0,3,0,3,0,2,0,1,0,0,0,1,1,0,0,1,0,0,0,1,2,1,1,2,0,0,0,0,0,2,2,0,1,0,0,2,0,0,0,0,1,0,0,0,0,0,1,0,0,0,0,2,0,0,0,1,0,0,0,0,0,0,1,0,1,0,0,0,0,0,0,1,0,0,1,1,0,0,0,0,0,0,0,0,1,0,2,1,0,1,1,0,0,0,0,0,2
0,0,2,0,0,1,1,0,1,2,2,0,0,1,0,0,4,3,0,0,0,2,0,0,1,1,0,0,4,1,0,0,0,3,0,0,0,1,0,0,0,1,0,0,0,0,0,0,1,0,0,0,0,3,0,0,1,0,0,1,0,0,0,6,0,2,1,0,0,1,0,0,2,0,0,0,1,0,0,0,0,0,0,1,1,1,3,0,0,0,1,0,0,0,0,0,0,0,1,0,0,0,0,2,0,2,0,0,0,0,0,0,0,0,0,0,0,0,0,1,1,0,0,3,0,1,1,0,0,0,1,0,0,2,0,0,0,3,0,5,0,0,0,0,0,2,3,1,0,1,2,0,0,3,1,1,1,0,0,0,3,0,0,0,0,0,0,1,0,0,0,0,1,0,0,0,2,0,0,0,0,0,0,1,0,1,1,0,1,0,0,1,0,2,4,0,1,1,0,1,3,0,0,1,1,0,0,0,1,0,5,0,0,1,3,0,0,0,1,1,1,0,0,1,0,0,1,1,0,0,1,0,0,0,1,0,0,1,0,1,0,0,0,0,0,0,1,0,1,0,0,0,0,1,0,0
0,0,1,0,0,1,0,0,1,0,0,0,0,0,0,0,2,0,0,1,1,0,0,0,0,0,0,0,1,0,0,1,0,3,2,0,0,0,0,0,0,1,0,1,0,0,0,1,0,0,0,0,2,2,0,0,0,0,0,0,0,0,0,6,0,1,0,1,0,2,0,0,0,0,0,0,0,0,0,0,0,1,0,0,0,0,0,0,1,0,1,0,0,0,1,2,0,1,0,0,0,0,0,2,0,0,2,0,0,0,0,1,1,1,0,0,1,1,0,0,1,0,0,3,0,1,0,0,0,1,1,0,0,0,0,0,0,3,0,2,0,0,0,0,0,0,0,0,0,0,0,0,0,3,0,0,0,1,0,0,0,0,3,0,0,0,2,1,1,2,0,0,0,0,1,1,0,0,0,0,1,0,2,0,1,0,1,1,0,0,0,0,0,1,2,0,2,0,1,0,1,0,0,0,0,0,0,0,0,0,1,0,0,0,0,0,1,0,0,1,0,0,0,1,2,1,0,0,0,0,0,0,0,0,0,0,0,1,0,0,1,2,1,1,0,0,0,0,1,1,0,1,0,1,0,0
0,0,0,0,0,0,0,0,2,0,1,0,0,0,0,0,3,1,0,0,2,0,0,0,0,0,0,0,3,0,0,0,0,2,3,0,1,0,1,1,0,0,0,1,0,1,2,0,4,0,1,0,2,2,0,0,0,1,0,0,5,0,0,4,0,1,0,0,2,1,0,0,0,0,0,0,0,1,1,0,2,2,1,0,2,0,0,0,2,0,0,0,0,0,0,0,0,1,0,0,0,0,1,1,0,3,1,0,0,0,0,1,0,0,0,0,2,1,1,0,0,0,0,3,0,0,1,0,0,0,2,0,0,1,0,0,0,3,0,2,0,0,0,0,0,1,1,0,0,0,0,0,0,3,0,0,1,0,0,1,1,1,0,0,1,1,2,0,0,0,0,0,0,0,1,0,1,0,0,1,0,0,2,1,0,0,0,1,0,0,1,0,0,0,3,0,1,0,0,0,1,1,0,0,0,0,0,0,0,0,4,0,0,0,1,0,2,0,2,1,2,0,0,0,0,0,0,1,0,0,0,0,0,0,0,0,0,0,0,0,0,2,1,1,1,0,0,0,0,0,0,0,1,0,0,0
0,0,1,0,0,3,2,1,0,0,1,0,2,0,0,0,3,5,0,1,0,0,1,0,0,0,0,0,3,0,0,0,0,3,0,0,0,2,1,4,0,1,0,0,1,0,1,0,1,1,0,0,3,4,0,0,0,0,0,0,2,1,0,7,1,1,0,0,0,0,0,0,0,0,1,0,1,2,0,0,0,0,0,0,0,0,1,0,0,0,1,0,0,0,0,0,0,1,0,0,0,0,0,3,0,0,3,0,0,2,0,0,0,0,0,1,1,0,0,0,0,1,0,3,0,1,0,0,0,0,0,0,0,2,0,0,0,3,0,3,0,1,0,1,0,0,2,5,0,1,1,0,0,4,3,0,0,1,0,2,1,0,0,0,0,0,0,0,1,0,0,1,0,0,0,0,0,0,0,0,0,0,0,2,0,4,1,0,1,0,0,1,0,0,2,0,0,0,0,1,2,1,0,0,0,0,0,0,0,0,1,0,0,1,0,1,0,2,0,0,1,0,0,0,1,0,0,1,0,0,1,0,0,0,1,0,5,2,0,0,0,0,0,0,1,2,0,0,4,0,0,0,1,1,0,0
0,0,0,0,0,0,0,0,0,0,0,0,0,1,0,0,1,0,0,1,0,1,0,2,0,0,0,0,1,0,0,0,1,2,0,0,0,0,0,0,0,2,0,0,0,0,1,1,0,0,0,2,1,4,0,0,1,0,0,0,2,1,0,9,0,3,0,0,1,1,0,0,0,0,0,0,0,0,0,0,0,2,0,1,1,0,0,0,0,0,0,0,0,0,0,0,0,1,0,0,0,0,0,4,0,1,2,0,0,0,0,0,0,0,0,1,1,0,0,0,0,1,0,4,0,0,0,0,1,0,0,0,0,3,0,0,0,5,0,0,0,0,0,0,0,0,0,1,0,0,0,0,0,6,1,0,0,0,1,1,1,0,2,0,0,0,0,0,1,0,0,0,0,0,0,0,0,0,0,0,0,0,2,0,0,0,0,1,0,0,0,0,0,4,4,0,1,0,0,0,4,0,0,1,0,0,0,0,0,0,2,0,0,0,1,1,0,0,0,0,0,0,1,0,0,1,0,0,0,0,0,0,0,0,0,0,0,1,0,0,0,0,0,0,0,1,0,0,2,0,0,1,1,0,1,1
1,0,0,0,1,0,1,0,0,0,2,0,0,1,0,0,0,1,0,0,0,0,0,0,1,0,2,1,0,0,0,0,1,2,1,0,0,2,1,1,0,3,0,0,0,0,0,3,1,0,1,0,2,2,0,0,0,0,0,1,2,0,0,5,0,3,0,0,1,1,0,0,0,0,0,0,0,0,0,0,0,0,0,0,2,0,1,0,0,0,0,0,0,0,1,1,0,0,0,0,1,0,0,4,0,4,1,0,0,0,0,0,0,0,1,0,0,0,0,0,1,0,1,4,0,1,0,0,0,0,0,0,0,0,0,0,0,5,0,0,0,0,0,0,0,0,0,1,0,0,0,1,0,5,0,0,0,0,0,0,0,0,1,0,0,1,0,0,3,0,0,2,0,1,0,1,1,0,0,0,0,0,0,0,0,0,2,0,0,1,0,0,0,0,2,0,1,0,0,1,2,0,1,1,0,1,0,0,0,1,0,0,0,1,0,0,0,0,0,0,0,1,0,1,0,1,0,0,0,0,0,0,0,1,0,0,0,0,0,0,0,0,0,1,0,0,0,0,0,0,0,0,3,0,0,1
0,0,0,1,0,2,1,0,0,2,1,0,0,1,2,0,1,3,0,0,0,2,0,0,0,0,0,0,3,1,0,0,0,2,0,0,1,1,0,1,4,3,0,0,0,2,1,1,1,0,1,0,2,2,1,0,0,0,0,0,0,1,0,8,0,1,0,0,1,3,0,0,0,0,1,0,0,0,0,0,0,0,0,1,0,0,2,0,0,0,0,0,0,0,0,0,0,0,0,0,1,0,0,2,0,1,0,0,0,1,0,1,0,0,0,0,0,0,0,0,0,0,0,3,0,1,1,0,1,0,1,0,0,1,0,1,0,3,1,1,0,2,0,0,0,0,1,0,0,1,1,1,0,4,2,0,0,0,1,0,1,1,0,0,0,0,0,0,3,0,0,1,0,2,4,4,3,1,0,1,1,0,0,1,1,1,0,0,0,0,1,1,1,0,0,0,1,0,0,1,0,0,1,0,0,0,0,0,0,1,2,1,0,1,3,0,1,0,1,0,0,0,0,0,0,0,1,0,0,0,1,1,1,0,0,0,0,1,0,0,0,0,0,0,0,0,0,1,0,1,0,0,2,0,0,0
0,1,0,0,0,0,0,0,1,0,3,0,2,1,1,0,1,1,0,1,0,0,0,1,0,0,0,0,1,1,0,0,0,2,0,0,0,1,0,1,1,3,0,0,0,0,1,2,1,0,0,0,0,2,1,0,0,0,0,0,0,0,0,6,0,1,0,0,1,2,0,0,1,0,0,0,0,1,0,0,0,0,0,0,0,0,2,0,0,0,0,0,0,0,0,0,1,1,1,0,1,0,0,1,0,1,1,0,1,0,0,1,1,0,0,0,1,0,0,0,0,0,0,2,2,1,0,0,3,0,0,0,0,1,0,0,0,3,0,1,0,1,0,0,0,0,3,1,0,1,0,1,0,3,1,0,1,1,0,0,0,2,3,0,0,0,2,0,1,1,0,0,0,0,0,0,1,1,0,0,3,0,0,3,0,1,0,0,0,0,0,0,0,1,3,0,0,0,0,1,1,0,2,0,0,0,0,0,0,0,4,1,0,0,1,0,1,0,0,0,0,1,0,1,0,0,2,0,1,0,1,0,0,0,0,0,3,0,0,0,0,0,0,1,0,1,0,0,1,0,0,0,2,0,0,0
0,0,0,2,1,0,0,0,0,0,5,1,1,2,0,0,0,1,0,0,0,1,0,1,0,0,0,0,2,2,0,0,0,1,0,1,0,2,2,1,4,1,0,0,2,0,0,0,2,2,3,2,1,1,4,0,1,0,0,0,0,0,0,3,0,0,0,0,1,0,0,0,0,1,0,0,0,0,0,0,0,0,0,1,0,1,2,0,1,0,1,1,0,0,2,0,0,0,0,0,0,0,0,1,0,0,0,0,0,1,0,2,0,0,0,0,0,0,0,0,0,1,0,1,0,2,0,0,1,0,2,0,0,0,0,2,0,1,0,0,0,2,0,0,1,0,3,0,0,2,1,1,0,3,0,1,0,0,0,0,1,0,2,0,1,0,1,0,0,1,0,0,0,0,0,1,2,2,0,0,0,0,0,0,0,0,0,0,0,1,1,0,0,0,2,0,0,0,0,3,0,0,0,0,0,0,0,0,0,0,0,0,1,0,0,0,0,0,0,0,0,1,0,0,0,1,2,0,0,1,1,1,0,0,0,1,0,0,1,0,0,0,1,1,0,1,0,0,0,1,0,1,1,0,1,2
0,0,0,0,0,0,0,0,0,0,1,1,0,1,1,0,2,0,0,0,0,0,0,0,0,0,0,0,2,0,0,0,0,4,0,0,0,1,0,1,0,2,0,0,0,0,1,0,0,0,0,0,2,3,0,0,0,0,0,0,2,1,0,9,0,1,1,0,1,3,0,0,1,0,0,0,0,1,0,0,0,1,1,2,0,0,2,0,0,1,0,0,0,0,0,0,0,0,0,0,1,0,0,3,0,0,0,0,0,0,0,0,0,0,0,0,1,0,0,0,0,0,0,4,0,0,0,0,1,0,0,0,1,1,0,1,0,4,1,0,0,0,0,0,0,0,2,0,0,0,0,0,0,5,1,2,0,0,0,1,2,0,2,0,0,0,1,0,2,0,1,0,0,1,1,0,1,0,0,0,0,0,1,1,0,0,0,0,1,0,0,0,0,0,5,0,1,0,0,0,2,0,1,1,0,0,0,0,0,1,1,0,1,0,1,0,0,0,1,0,0,0,0,1,1,0,0,0,0,0,0,0,2,0,1,2,0,0,0,1,0,0,0,0,0,0,0,1,0,1,0,0,0,0,3,0
0,0,0,0,2,0,2,0,0,0,6,0,0,1,1,1,0,5,0,0,0,0,0,0,0,0,0,1,2,2,0,0,0,2,0,0,1,3,0,1,0,0,0,0,0,0,0,2,3,0,0,0,0,1,0,0,0,0,0,0,1,0,1,2,0,1,0,0,2,1,0,0,0,0,0,0,0,0,0,0,0,0,1,0,2,1,4,0,0,0,0,1,0,0,0,0,0,1,0,0,0,0,0,1,0,0,1,0,0,1,0,2,0,0,0,0,0,0,0,0,0,0,0,1,0,1,0,0,0,0,1,0,1,1,0,2,0,2,0,1,0,1,0,0,0,0,4,1,0,2,0,0,0,2,0,0,0,0,0,1,0,0,0,0,0,0,0,1,2,0,0,0,1,3,1,0,1,0,0,0,0,0,1,0,1,0,0,0,0,0,0,0,1,1,2,0,2,0,0,2,0,0,2,0,0,1,0,0,0,0,0,0,1,0,0,0,0,0,0,0,0,0,0,0,1,0,0,0,0,0,3,0,0,0,3,1,0,1,0,0,0,0,0,0,0,0,0,0,0,3,0,1,1,0,2,1
0,0,0,0,3,2,0,0,0,0,6,0,0,0,1,0,0,0,0,3,0,1,0,0,0,0,0,0,2,1,0,0,0,3,0,0,0,2,0,2,3,3,0,0,0,1,0,1,2,0,3,0,0,2,0,0,0,0,0,1,1,0,0,6,0,1,0,0,2,1,0,0,0,0,0,0,0,0,0,0,0,0,0,0,0,1,2,1,0,0,0,0,1,0,0,0,0,1,0,0,2,0,0,4,0,4,1,0,0,1,0,2,1,0,0,2,0,0,0,0,1,1,0,2,0,2,0,0,0,0,0,0,0,0,0,0,0,2,0,2,0,0,0,0,0,0,4,1,1,2,0,0,0,3,1,0,0,0,0,0,1,0,2,0,1,0,1,1,0,0,0,0,0,0,0,1,0,0,0,0,0,0,2,1,0,0,2,0,1,0,0,0,1,1,3,0,0,0,0,1,4,0,0,0,0,0,0,0,1,0,0,1,0,2,0,0,0,0,0,0,0,0,0,3,0,0,1,0,1,0,1,1,0,0,1,0,0,1,0,0,0,0,0,0,0,0,0,1,0,1,0,0,0,0,0,0
0,0,1,0,0,2,0,1,1,0,3,0,0,1,0,0,3,2,0,1,0,1,0,0,1,0,0,0,2,1,0,0,1,4,0,0,1,2,0,1,1,2,0,0,0,0,0,3,3,0,0,4,1,3,0,0,0,0,0,0,0,0,0,7,0,2,0,0,1,3,0,0,1,1,0,0,0,2,1,0,0,0,0,0,0,1,2,0,0,1,0,1,0,0,0,0,0,1,0,0,1,0,0,1,0,0,0,0,0,0,0,0,0,0,0,0,0,0,0,0,0,1,0,3,0,1,1,0,0,0,0,0,0,2,0,2,0,3,0,1,0,0,0,0,1,0,3,2,1,1,1,0,0,3,1,0,0,0,0,0,0,0,0,0,0,0,0,0,2,0,0,0,0,0,0,1,0,0,0,0,0,0,0,1,0,1,0,0,2,0,0,0,1,0,6,0,0,0,0,2,3,0,1,0,0,1,0,0,0,0,1,0,0,1,0,1,0,0,3,0,0,0,0,0,0,3,1,1,0,0,0,0,0,0,0,0,0,0,0,0,0,0,0,0,0,2,0,0,0,0,0,0,2,1,0,0
0,0,0,0,0,0,0,0,1,1,2,0,0,2,0,0,2,0,0,0,0,0,0,0,0,0,0,0,1,0,0,0,0,2,0,0,0,0,3,1,0,5,0,1,0,0,0,0,0,0,1,2,0,4,0,0,0,0,0,0,1,5,1,7,0,1,0,0,0,0,0,0,0,0,0,0,0,0,0,0,0,2,0,0,0,0,0,0,0,0,0,0,0,0,2,0,0,1,0,0,0,0,0,1,0,5,1,0,0,0,0,0,0,0,0,2,1,1,0,0,0,0,0,4,0,0,0,0,0,0,0,0,0,1,1,0,0,4,0,2,0,0,0,0,0,0,3,0,0,0,1,1,0,5,0,0,0,0,1,2,3,0,4,0,0,2,4,0,0,0,1,0,0,0,2,1,1,0,0,0,1,0,2,0,0,0,0,0,0,0,0,1,0,0,3,0,0,0,0,0,0,0,0,0,0,0,0,0,0,1,0,0,0,1,0,0,0,0,0,0,0,0,0,0,2,0,0,0,0,0,0,0,0,0,0,0,0,0,0,0,0,0,0,1,0,1,0,4,0,0,0,0,0,0,1,0
0,0,0,0,0,0,0,1,0,0,2,0,0,2,1,0,3,0,0,3,0,0,1,0,0,1,0,0,4,1,0,0,0,3,0,0,0,1,1,0,2,3,0,1,0,0,0,2,1,1,1,2,0,2,0,0,0,0,0,0,2,0,0,8,0,2,0,0,0,0,0,0,0,0,0,0,0,0,0,0,0,0,0,0,0,0,1,0,0,0,0,0,0,0,0,0,0,1,0,0,0,0,0,2,0,0,1,0,0,0,0,2,3,0,1,0,3,1,0,0,0,0,0,3,0,2,1,1,0,1,0,0,0,0,0,0,2,3,0,2,0,0,0,0,0,0,1,0,0,1,0,0,0,4,0,0,0,1,0,0,0,0,0,0,0,0,1,0,1,0,0,0,2,0,0,1,0,0,0,0,0,0,0,0,0,0,0,0,0,0,0,0,0,0,3,0,1,0,0,0,1,0,0,1,0,0,0,0,0,0,1,1,0,1,0,0,0,0,1,0,1,0,0,1,1,0,0,0,0,0,1,0,1,0,0,0,0,1,0,1,0,0,0,0,0,0,0,1,1,0,0,0,0,0,0,0
0,0,0,0,1,1,0,0,0,0,4,0,0,1,0,0,2,0,0,2,0,0,0,0,0,1,0,0,2,0,0,0,0,3,0,0,0,3,0,0,1,6,1,1,1,0,0,2,3,1,2,0,0,2,0,0,0,0,0,0,0,0,0,7,0,1,0,0,0,2,0,1,0,0,0,0,0,3,0,0,0,0,0,0,0,0,2,0,0,0,0,0,0,0,0,0,0,3,0,0,0,0,0,0,0,2,1,0,0,2,0,3,4,0,0,1,1,0,0,1,0,0,0,2,0,1,1,0,0,0,2,0,0,0,0,0,0,2,0,3,0,0,0,0,0,0,2,1,0,2,0,0,0,2,0,0,0,0,0,0,1,0,2,0,0,0,4,0,1,0,0,0,0,0,0,0,2,0,0,0,1,1,0,2,0,2,0,0,0,0,0,1,0,1,2,0,0,0,0,0,2,0,3,1,0,1,0,0,0,0,1,0,0,1,0,0,0,0,2,0,2,0,0,1,1,0,1,0,0,0,1,0,0,0,1,1,0,1,0,0,0,0,0,1,0,0,0,2,1,0,0,0,0,0,0,0
0,0,0,0,0,0,1,0,0,0,2,0,1,1,0,0,0,1,0,1,0,0,0,0,0,0,0,0,1,1,0,0,0,3,0,0,0,2,0,2,2,0,0,0,0,1,0,1,2,1,0,0,0,2,0,0,1,0,1,0,2,1,0,3,1,0,2,0,1,1,0,3,0,0,0,0,0,0,1,0,0,0,0,1,1,0,3,0,0,1,0,0,0,0,0,0,0,3,0,1,1,0,0,2,0,0,0,0,0,1,0,0,0,0,0,0,0,0,0,0,0,0,0,2,1,5,0,0,0,0,1,0,0,1,0,0,0,3,1,3,0,1,0,0,0,0,2,1,0,1,1,0,0,6,1,1,1,1,0,0,0,1,3,1,0,0,1,0,1,0,1,0,1,0,0,0,0,0,0,1,0,0,0,0,0,0,1,0,0,0,0,0,0,1,4,0,1,0,0,3,1,0,0,1,0,0,0,0,0,2,0,0,1,1,0,0,0,0,0,1,0,0,0,0,0,0,0,0,0,0,1,1,0,1,2,0,0,3,0,0,0,0,0,1,0,0,0,1,1,1,0,0,0,0,0,0
0,0,0,0,1,0,0,0,1,0,3,1,0,0,1,0,1,2,0,0,0,0,0,0,0,0,0,0,2,2,0,0,0,2,0,0,0,2,0,0,0,2,0,0,0,0,0,2,2,0,1,2,0,2,0,0,0,0,1,0,2,0,0,5,0,3,0,1,0,0,1,0,1,0,0,0,0,0,0,0,0,1,0,0,0,0,4,0,0,0,3,0,0,0,1,0,0,1,0,0,0,0,0,3,0,0,0,0,0,1,0,0,0,0,0,0,1,0,0,0,0,2,0,2,0,2,0,0,0,0,0,0,0,1,0,0,0,2,0,1,0,0,0,0,0,0,2,1,0,2,1,0,0,2,0,0,0,0,0,1,0,0,1,0,0,0,0,1,1,0,0,0,0,0,0,0,0,0,0,0,0,0,1,0,0,0,0,0,0,0,0,0,0,2,1,0,0,0,1,2,0,0,0,0,2,0,0,0,0,0,0,1,1,0,0,0,0,1,0,0,0,0,0,0,1,1,1,0,2,0,2,2,0,0,2,0,0,0,0,0,0,0,0,0,0,0,0,0,0,0,0,0,1,0,0,0
0,0,1,0,0,0,0,0,0,0,3,0,0,0,0,0,0,3,0,1,0,0,0,0,0,0,0,0,2,2,0,0,0,0,2,0,0,2,0,0,2,1,0,0,2,0,1,1,2,0,3,0,1,2,1,0,3,0,0,0,2,1,0,4,0,3,0,0,0,0,0,1,0,0,0,0,0,0,0,0,0,0,1,0,1,0,5,0,0,0,4,0,1,0,0,0,0,1,0,0,1,0,0,1,0,3,0,0,1,1,0,0,1,0,0,1,0,0,0,0,1,1,0,2,0,2,0,1,0,0,0,0,0,0,0,0,0,2,0,0,0,0,0,0,0,0,2,1,0,2,1,0,0,2,1,1,0,0,0,0,1,0,1,0,0,1,1,0,0,0,1,1,0,0,1,0,0,0,0,1,0,0,1,0,0,0,0,0,0,0,0,0,0,1,1,0,1,0,0,2,2,0,2,0,0,0,0,0,1,1,0,0,0,0,0,0,0,0,0,0,1,1,1,0,0,0,0,1,0,0,1,0,0,0,2,0,0,0,0,1,0,0,1,0,0,0,0,0,2,1,0,0,1,0,0,0
0,0,1,0,1,0,0,0,1,2,3,0,1,1,2,0,3,0,0,0,0,0,0,0,0,0,0,0,5,1,0,0,1,3,0,0,0,1,0,3,0,1,0,0,0,0,2,0,1,0,1,2,0,4,0,0,0,0,0,0,1,1,0,7,0,2,0,0,1,0,0,0,2,0,0,0,0,1,0,0,0,0,0,0,1,0,1,1,0,0,0,0,1,0,0,0,0,1,1,0,0,0,0,0,0,2,1,0,0,0,0,1,0,0,0,0,2,0,0,0,0,2,0,3,0,2,0,0,1,0,0,0,0,0,0,0,0,3,1,2,0,1,0,0,0,0,1,1,0,1,0,0,0,4,0,0,1,0,1,1,0,0,0,0,0,0,1,0,0,0,0,0,0,0,1,0,0,0,0,0,1,0,0,0,0,0,0,0,0,0,0,0,0,0,3,0,0,0,0,1,0,2,0,0,0,0,0,0,0,0,1,0,0,2,0,0,0,0,1,0,0,0,0,0,1,1,1,0,1,0,1,1,0,0,0,0,0,2,0,1,0,0,0,1,0,0,0,2,2,0,0,0,0,1,0,0
0,0,1,0,0,0,0,1,1,1,0,0,0,1,2,0,2,0,0,0,0,0,1,0,1,0,0,0,2,0,0,0,0,4,0,0,0,0,0,0,1,5,0,0,0,2,1,2,0,0,0,1,4,4,1,0,0,0,1,0,0,0,0,11,0,3,0,0,1,1,0,0,0,0,0,0,0,0,0,0,0,0,0,0,0,0,0,0,1,0,0,0,0,0,0,0,0,2,1,0,2,0,0,3,0,1,0,0,0,0,0,0,0,0,0,0,0,1,0,0,0,0,0,4,1,2,0,0,0,0,0,0,1,0,0,0,0,4,0,2,0,0,0,0,0,0,0,0,0,0,0,0,0,4,0,1,0,0,0,0,1,1,1,0,0,0,1,0,1,0,0,0,1,1,0,2,0,0,0,0,2,0,0,0,0,0,0,0,1,0,0,1,0,3,3,0,0,0,0,0,1,0,0,0,0,0,0,0,0,0,2,1,0,1,0,0,0,0,0,0,1,0,0,0,0,0,0,1,0,0,0,0,0,1,1,0,0,0,0,0,0,0,0,3,1,0,0,1,1,0,0,0,1,0,0,0
0,0,0,0,1,0,0,0,0,0,2,0,0,2,1,0,0,1,0,1,0,0,0,0,0,0,0,0,1,1,0,0,0,2,0,0,0,1,0,1,0,1,0,0,0,1,0,0,1,0,1,0,0,3,0,0,0,0,0,1,1,1,0,7,0,2,0,1,3,2,0,0,0,0,0,0,0,1,0,0,0,0,0,0,0,0,1,0,0,0,0,1,0,0,1,0,0,0,0,0,1,0,0,2,0,1,2,0,0,1,0,1,0,0,0,0,0,1,0,0,0,1,0,3,0,1,0,0,1,0,0,0,0,0,0,0,0,3,0,3,0,1,0,0,0,0,1,2,1,1,0,0,0,3,0,0,0,0,0,2,0,0,2,0,0,0,2,0,0,0,2,0,0,0,0,0,1,0,0,0,0,0,3,1,1,0,0,0,0,0,0,0,0,0,2,0,0,0,0,1,2,0,2,1,1,0,1,0,0,0,1,0,0,1,0,0,0,0,1,0,0,1,0,1,0,0,2,0,0,0,1,1,0,0,0,0,0,0,0,1,0,0,0,1,0,1,0,0,0,0,0,0,2,1,0,0
0,0,0,0,0,1,1,0,4,1,6,0,0,0,0,0,2,1,0,0,0,0,1,0,0,0,0,1,3,0,0,0,2,4,1,0,0,0,0,1,0,1,0,0,0,0,3,1,0,0,1,1,0,3,0,0,0,0,1,0,1,2,0,10,0,1,0,0,0,1,0,0,1,0,0,0,0,1,0,0,0,0,0,0,0,0,0,0,0,1,0,0,0,1,0,0,0,1,0,0,1,0,0,2,0,0,0,0,0,0,0,0,0,0,0,2,1,0,0,0,0,0,0,4,0,0,1,0,1,0,0,0,0,1,0,0,0,4,0,2,1,0,0,0,0,0,1,0,0,0,0,0,0,6,0,0,1,0,1,0,3,0,2,0,0,0,2,1,0,0,0,0,0,0,0,0,1,0,1,0,0,0,0,1,0,1,0,0,2,0,0,0,0,0,5,0,1,1,0,0,4,0,1,1,0,2,0,1,0,1,3,0,1,1,1,0,1,0,2,0,1,0,0,0,0,0,2,0,0,0,0,0,0,0,1,0,0,0,0,0,0,0,0,0,0,0,0,1,0,0,0,0,2,0,0,0
0,0,0,0,0,1,0,2,2,1,3,0,0,2,1,0,1,1,0,0,1,0,2,0,0,0,0,0,1,1,0,0,1,2,0,1,0,1,0,1,0,0,0,0,0,0,0,1,1,0,2,1,0,1,2,0,0,0,0,0,1,0,0,4,0,1,0,0,1,0,0,0,2,0,0,1,0,0,1,0,0,0,0,0,1,0,1,0,0,0,0,0,0,0,0,0,0,0,0,0,1,0,1,1,0,1,0,0,0,1,0,0,0,0,0,0,0,0,0,0,0,0,0,2,0,1,1,0,1,0,0,0,0,0,0,0,0,2,0,1,0,0,0,0,0,0,1,1,0,1,0,0,0,3,0,0,0,0,0,1,1,2,1,0,0,0,3,0,0,0,0,0,1,0,0,1,1,0,0,0,0,0,0,0,0,1,0,0,0,0,1,1,0,2,0,0,1,0,0,1,3,0,1,2,0,1,1,0,0,0,0,0,1,1,0,0,0,0,1,0,0,0,0,1,0,0,0,0,0,0,2,2,0,1,1,0,0,0,0,0,0,0,0,0,1,0,0,0,0,0,0,0,1,0,0,1
0,0,0,0,1,1,4,0,1,0,5,0,1,0,1,0,0,6,0,3,1,0,0,0,0,0,0,0,3,3,0,0,0,1,0,0,0,3,1,3,1,1,0,0,0,0,0,0,4,1,2,2,1,0,0,0,1,0,0,0,0,1,1,1,0,0,0,0,0,1,0,2,0,0,1,1,1,1,0,0,0,0,0,0,0,0,5,0,1,0,3,0,1,0,0,1,1,0,0,0,0,0,0,0,0,0,0,0,1,1,0,1,0,1,0,1,0,1,0,0,1,2,0,0,0,2,0,0,0,0,0,0,0,2,1,0,0,1,0,0,3,1,0,0,0,0,4,0,1,3,3,0,0,1,0,0,0,0,2,0,2,0,3,1,1,1,3,1,0,0,0,1,0,0,1,0,1,0,0,0,0,0,1,0,0,1,1,0,0,0,1,0,0,0,0,0,1,1,0,4,1,1,1,0,0,1,1,0,0,1,0,1,0,1,0,0,0,0,1,1,0,0,0,1,0,1,1,0,0,0,2,0,0,0,1,2,0,0,0,0,0,0,0,0,2,0,0,0,0,1,0,0,0,0,0,0
0,1,1,0,1,1,1,0,0,1,4,0,0,2,0,0,1,3,0,1,0,0,0,0,0,0,0,0,3,2,0,0,0,3,0,0,0,3,0,2,2,0,0,0,0,0,0,0,2,0,2,0,0,2,0,0,1,0,0,0,0,3,0,3,0,1,1,0,0,1,0,1,1,0,1,0,0,0,0,1,0,0,0,0,0,0,6,0,0,1,2,0,1,0,0,0,0,1,0,0,1,1,0,4,0,1,1,0,0,0,0,1,0,0,0,2,0,1,0,0,0,0,0,2,0,1,0,0,0,0,0,0,0,1,0,0,0,2,0,1,1,1,0,0,0,0,4,0,0,2,3,0,0,3,1,0,0,0,1,0,1,0,2,0,0,0,0,0,0,0,0,0,0,0,0,0,0,1,0,0,0,0,1,0,1,0,0,0,1,0,0,1,0,0,3,1,1,1,0,1,1,0,1,0,0,0,0,0,0,0,0,0,0,1,1,0,2,0,1,0,0,0,0,0,0,1,1,0,1,0,0,0,0,1,0,0,0,0,0,0,0,0,0,1,0,0,0,1,0,0,0,0,0,0,1,1
0,0,0,0,0,0,0,0,0,0,2,1,0,0,0,0,0,0,1,1,0,0,0,0,1,0,1,0,2,1,0,0,0,1,0,0,0,1,2,1,3,2,0,0,0,0,1,0,3,1,1,0,0,2,1,0,0,1,0,0,1,0,0,5,0,2,0,0,1,1,0,0,1,0,0,0,0,0,0,0,0,0,0,0,0,0,1,0,0,0,1,0,0,0,0,0,0,1,0,0,0,0,0,3,0,0,1,0,0,1,0,1,0,0,0,1,0,0,0,0,0,0,0,2,0,1,0,1,1,0,2,1,1,1,0,0,0,2,1,0,0,0,0,0,0,0,2,0,0,1,0,1,0,2,1,2,0,0,0,2,1,0,1,0,0,1,3,1,1,0,0,0,0,0,0,0,0,0,0,0,0,0,2,0,0,0,0,0,1,1,0,0,2,2,2,1,2,0,0,2,1,0,0,0,0,1,0,1,0,0,0,0,0,1,0,0,0,0,2,0,0,0,0,0,0,0,0,0,0,0,1,0,0,0,1,0,0,0,0,0,0,0,0,0,0,3,1,0,0,0,0,0,1,0,1,0
0,0,0,0,0,0,1,0,0,0,2,0,0,0,0,0,1,1,0,3,0,0,0,0,0,1,0,0,3,1,0,0,0,4,0,0,0,1,0,3,4,2,0,2,0,0,1,1,1,1,2,0,2,3,0,0,0,0,1,0,1,0,0,6,0,3,1,0,1,2,0,0,0,0,0,0,0,0,0,0,0,0,0,1,0,0,1,0,0,0,0,0,0,0,0,0,0,1,0,0,0,1,0,2,0,2,2,0,0,1,0,4,2,0,0,0,1,1,0,0,0,1,0,4,0,4,0,0,0,0,0,0,0,2,0,0,0,3,1,3,0,0,0,0,0,0,1,0,0,1,0,1,0,5,1,0,0,1,0,0,1,0,2,0,0,0,1,0,1,0,1,0,1,1,0,2,0,0,0,0,2,0,1,0,1,0,0,0,0,0,0,1,0,2,3,0,1,0,0,2,1,0,1,0,0,2,0,0,1,0,1,0,0,0,1,0,0,0,0,0,1,0,0,0,0,0,1,0,1,0,1,1,0,0,0,1,0,2,0,0,0,0,0,4,1,0,0,1,0,3,0,0,1,0,1,1
0,0,1,0,0,1,0,0,0,0,3,0,0,0,0,0,2,1,0,1,0,1,0,0,0,0,1,0,2,1,0,0,0,2,0,0,0,2,0,2,2,1,0,0,0,0,1,1,2,0,1,0,1,2,1,0,0,0,0,0,2,1,0,4,0,2,0,0,0,0,0,0,0,0,0,0,0,0,0,0,0,0,0,1,0,0,2,0,0,0,1,0,0,0,0,0,0,0,0,0,0,0,0,4,0,1,1,0,0,1,0,0,0,0,0,0,0,0,0,0,0,0,0,2,0,3,0,0,0,0,1,0,0,0,0,0,0,3,1,0,0,0,0,0,0,0,1,0,0,1,2,0,0,3,1,0,0,0,0,0,0,0,1,0,0,0,0,0,1,0,1,1,0,1,2,0,0,0,0,0,1,0,2,0,0,0,0,0,0,0,0,1,1,4,3,0,0,0,0,3,1,0,0,1,0,2,0,0,0,1,0,1,0,1,0,0,0,0,0,0,0,0,0,0,0,0,1,0,0,0,0,0,0,0,0,1,0,1,0,1,0,0,0,0,0,0,0,0,0,1,0,0,0,0,0,0
0,0,0,0,0,1,0,0,0,0,2,0,0,0,0,0,1,1,0,0,0,0,0,1,0,0,0,0,2,1,0,0,0,3,0,0,0,2,0,1,0,3,0,0,0,0,0,2,2,1,1,0,0,2,0,0,0,0,0,0,0,0,0,5,0,1,0,0,0,1,0,1,1,0,1,0,0,1,0,0,0,0,0,0,0,0,2,0,0,0,3,0,0,0,0,0,0,3,0,0,0,0,0,1,0,1,1,1,0,1,0,1,0,0,1,0,1,0,0,1,1,0,0,2,0,3,0,0,0,0,1,0,0,0,0,1,0,2,0,3,0,0,0,0,0,0,2,0,0,1,0,0,0,4,0,0,1,0,3,0,0,0,2,0,0,0,1,0,1,0,0,0,0,0,1,0,2,1,0,0,0,0,0,1,0,1,0,0,0,0,0,0,0,2,1,0,0,0,0,1,2,0,1,0,0,1,0,0,0,0,2,0,0,1,0,0,0,0,2,1,1,0,0,1,0,0,1,1,0,0,1,0,0,0,2,1,0,1,0,0,0,0,0,0,0,0,0,0,0,1,0,0,0,0,0,0
0,0,0,0,0,0,1,0,1,0,1,0,0,0,0,0,1,1,0,1,0,0,0,0,0,0,0,0,2,1,0,0,0,3,0,0,0,1,0,4,2,2,0,0,0,1,1,1,1,0,0,0,1,3,2,0,0,0,2,0,1,0,0,6,0,2,0,0,3,1,0,0,1,0,0,0,0,0,0,0,0,0,0,0,0,0,1,0,0,0,0,0,0,0,1,0,0,2,0,0,0,0,0,3,0,0,1,0,0,0,0,0,0,0,0,0,0,0,0,0,0,0,0,3,0,2,1,0,0,0,0,0,0,1,0,0,0,3,0,0,0,1,0,0,0,0,1,0,0,1,0,1,0,3,2,0,0,0,0,0,3,0,1,0,1,0,1,0,0,0,1,0,1,0,0,2,0,1,0,0,0,0,0,0,0,0,0,0,0,0,0,1,0,1,3,0,0,0,0,1,1,0,1,1,0,0,0,0,0,1,0,0,0,0,0,0,0,0,0,1,0,0,0,0,1,0,1,0,0,0,1,0,0,0,0,0,0,1,0,0,0,0,0,0,0,0,0,0,0,2,0,0,2,0,0,0
0,0,2,0,0,1,0,0,1,1,1,0,0,2,0,0,2,0,0,1,0,0,0,1,0,0,0,0,2,0,0,0,0,3,0,0,0,0,0,0,0,1,1,0,0,0,0,3,0,0,0,1,1,4,0,0,0,0,0,0,0,0,0,9,0,4,0,0,2,1,0,0,0,0,0,0,1,1,1,0,0,0,0,0,0,0,1,0,0,0,0,0,0,0,0,0,0,2,0,0,0,0,0,1,0,2,0,0,0,1,0,0,1,0,0,0,1,0,0,0,0,0,0,4,0,0,0,0,1,0,0,0,0,2,0,0,0,4,1,2,0,1,0,0,0,0,0,0,0,0,0,0,0,7,1,0,0,0,1,0,4,0,3,0,0,0,1,1,2,2,1,1,1,0,1,0,1,2,0,0,1,0,3,1,0,2,0,0,1,0,0,0,0,5,5,0,2,0,0,0,3,0,0,1,0,0,0,0,0,1,2,0,0,1,0,0,0,1,1,0,0,0,0,0,0,0,0,1,0,0,0,0,0,0,2,0,0,0,0,0,0,0,0,0,1,0,0,0,0,1,0,0,1,0,0,0
0,0,2,0,0,0,0,0,0,1,5,1,0,3,1,0,1,0,0,3,0,0,0,0,0,0,0,1,1,0,0,1,0,5,1,0,0,0,0,0,0,3,0,0,0,0,0,2,1,1,0,1,1,3,1,0,0,0,0,0,2,1,0,7,0,1,0,0,0,1,0,0,0,1,0,0,0,1,0,0,0,0,0,2,0,0,1,0,0,0,0,2,0,1,0,0,0,2,0,0,0,0,0,3,0,1,1,0,0,1,0,3,0,0,0,1,1,0,0,0,0,1,0,2,1,2,0,0,0,0,0,0,0,5,0,0,1,3,0,2,0,1,1,0,0,1,2,0,0,0,0,0,0,4,2,0,0,0,1,0,1,0,0,0,0,0,0,0,1,0,0,0,0,0,2,0,0,1,0,0,0,0,0,0,0,0,0,1,2,0,0,0,0,1,3,0,0,0,0,1,3,0,0,1,0,1,0,0,0,0,1,0,0,1,0,0,0,0,0,1,1,0,0,0,0,0,0,0,1,0,1,0,0,1,1,0,0,2,0,3,0,0,0,0,0,1,0,0,0,0,0,0,3,0,0,0
0,0,2,0,0,1,0,0,1,0,4,1,0,3,1,1,2,2,0,4,0,0,0,0,0,0,0,0,2,1,0,0,1,3,0,0,0,2,0,1,1,2,0,0,0,1,0,2,2,0,2,0,0,3,0,0,0,0,0,0,1,0,0,10,0,2,0,0,2,1,0,0,1,0,0,0,0,0,0,0,0,0,0,0,2,0,1,0,0,0,0,0,0,0,1,0,0,2,0,0,1,0,0,1,0,1,1,0,0,0,0,2,0,0,0,1,1,0,0,0,0,1,0,3,0,0,0,0,0,1,1,0,0,1,0,0,0,3,0,1,0,0,0,0,0,0,1,0,0,1,2,1,0,4,1,0,0,0,0,0,1,1,0,0,0,0,2,0,0,0,0,1,0,0,0,0,1,0,0,0,0,0,1,0,0,1,0,0,0,0,0,0,0,1,2,0,2,0,0,1,2,0,1,1,0,0,0,0,0,1,0,0,0,0,0,0,0,1,0,0,0,0,0,0,0,1,1,1,1,0,1,0,0,1,0,0,0,2,0,0,0,0,0,0,0,0,0,0,0,1,0,0,1,1,0,0
0,0,0,0,0,1,0,0,0,0,0,0,0,0,0,0,2,0,0,1,0,0,0,0,0,0,0,0,2,0,0,0,0,5,3,0,0,0,0,0,0,3,0,0,0,0,0,1,2,2,0,1,1,4,0,0,0,1,0,1,0,0,0,7,0,3,0,0,0,2,0,0,0,0,0,0,0,1,0,0,0,0,0,0,0,0,1,0,1,0,0,0,0,2,0,0,0,2,1,0,1,0,0,2,0,1,1,0,1,0,1,0,1,1,0,0,1,2,1,0,0,0,0,4,0,1,1,0,0,0,0,0,0,0,0,0,0,3,1,3,0,0,0,1,0,0,0,1,0,0,1,0,0,4,1,0,0,0,0,1,3,0,1,0,0,2,0,0,0,0,1,0,1,0,1,0,2,0,1,0,1,0,2,2,2,1,2,1,0,0,0,0,1,0,2,0,0,0,1,0,2,1,0,1,0,1,0,0,1,1,3,0,0,0,1,0,0,0,1,1,0,0,0,1,0,0,1,2,1,0,0,0,0,2,1,0,0,1,0,1,0,2,2,4,0,0,0,1,2,1,0,2,0,2,1,0
0,0,1,0,0,1,0,0,1,0,1,0,0,2,0,0,1,0,0,0,0,0,0,0,0,0,0,0,0,0,0,0,1,6,1,0,0,0,0,0,0,3,0,0,0,0,0,1,1,0,0,2,0,4,1,0,0,0,0,2,2,1,0,9,0,4,0,0,3,0,0,0,0,0,0,0,1,1,0,0,0,0,0,0,1,1,1,0,0,0,0,1,0,0,0,0,0,0,0,0,1,0,0,4,0,0,0,1,0,0,0,0,1,0,0,0,0,0,0,0,1,0,1,4,0,2,0,0,0,0,1,1,0,0,0,0,0,5,0,5,0,0,0,0,0,0,0,1,0,0,0,1,0,4,1,0,0,1,1,1,3,0,3,0,1,2,2,0,0,0,0,0,0,0,0,1,1,0,0,0,1,0,1,0,0,0,0,0,1,0,0,0,0,0,6,0,1,0,0,0,4,0,1,2,0,0,0,0,1,0,0,0,1,2,1,0,0,0,1,1,0,0,0,0,0,0,0,1,0,0,0,0,0,1,0,0,0,3,0,1,0,0,0,1,0,0,0,3,2,0,0,2,1,0,1,0
0,0,0,0,4,1,0,0,2,0,7,1,0,0,0,0,2,0,0,0,0,1,0,0,0,2,0,0,2,1,0,0,0,1,0,0,0,2,1,2,3,2,0,1,0,0,0,1,2,0,4,0,2,2,0,0,0,0,0,0,5,1,0,5,0,1,0,0,0,3,0,0,0,0,1,0,0,0,0,0,0,1,0,0,1,0,3,0,0,0,1,0,1,0,1,0,0,2,0,0,0,0,0,2,0,1,0,0,0,0,0,3,0,1,2,1,2,0,0,0,1,1,0,3,0,3,0,0,0,0,0,0,0,1,0,0,0,2,0,1,1,0,0,0,0,0,2,0,1,1,0,0,0,3,0,0,0,0,0,0,2,0,1,0,0,0,2,2,1,0,1,0,1,0,0,0,1,1,0,0,0,0,1,2,0,0,2,0,0,0,0,0,0,2,2,0,0,0,0,2,1,1,0,1,0,1,0,0,0,1,1,0,0,2,0,0,0,0,1,0,0,0,0,0,0,0,2,0,1,0,1,0,2,0,1,0,0,2,0,1,0,0,0,0,0,0,0,0,2,1,0,0,1,0,2,0
0,0,1,0,0,1,0,0,3,0,2,0,0,1,0,0,2,0,0,0,0,0,0,0,0,0,0,0,1,0,0,0,0,4,0,0,0,0,0,1,0,5,0,0,0,0,2,1,0,0,0,3,2,3,0,0,0,0,0,0,2,1,1,8,0,3,0,0,2,2,0,0,0,0,0,0,0,1,1,0,0,1,0,0,1,0,0,0,0,0,0,1,1,0,0,0,0,2,0,0,1,0,0,2,0,1,1,0,0,0,0,0,0,0,0,2,1,0,0,0,0,0,1,4,0,0,1,0,1,0,1,0,0,2,0,0,0,4,0,0,0,0,0,0,0,0,0,4,0,0,0,0,0,4,0,0,0,0,1,1,3,0,1,0,0,0,1,0,0,0,0,0,2,1,1,0,2,0,0,0,1,0,0,3,0,1,1,0,1,0,0,0,0,0,5,0,1,0,0,0,1,0,0,1,0,0,0,0,0,0,5,0,0,0,0,0,1,0,5,0,0,0,1,0,0,0,0,1,1,0,0,0,0,1,0,0,0,1,0,0,0,0,0,0,0,1,0,0,0,0,0,0,2,0,0,0
0,0,0,0,0,1,1,0,1,0,3,0,2,0,1,0,1,2,0,1,0,0,0,0,3,1,0,0,2,1,0,1,0,4,0,0,0,1,0,0,0,2,0,1,0,1,0,2,1,0,1,2,1,3,1,0,0,1,1,1,1,0,0,8,0,3,0,0,0,2,0,1,1,0,0,0,0,1,0,0,0,1,0,0,0,0,1,0,0,0,2,0,0,0,0,0,0,1,1,0,1,0,0,4,1,1,0,0,1,2,0,2,1,0,0,0,4,0,0,0,0,2,0,3,0,1,0,0,0,0,0,0,0,0,0,0,0,3,0,2,0,0,0,0,0,0,1,1,0,1,1,0,0,3,0,0,0,0,0,0,0,0,2,0,1,0,1,0,3,0,0,0,0,2,0,0,0,0,0,0,0,0,1,1,0,1,0,0,0,0,0,1,0,1,3,0,0,0,0,1,3,0,0,0,0,1,0,0,0,0,2,0,0,1,2,0,0,0,1,0,0,0,1,0,1,0,1,0,0,0,1,1,0,2,0,0,0,4,0,1,0,0,0,2,1,0,0,6,3,3,0,1,1,0,1,0
