0,6,0,1,0,1,0,1,26,0,5,0,0,0,0,1,0,5,0,0,2,10,0,0,1,0,0,3,1,2,1,3,0,1,1,5,0,1,1,3,5,2,0,0,0,3,6,1,4,1,3,0,0,10,0,0,0,0,2,0,1,1,1,3,0,0,2,1,3,2,2,0,0,5,0,1,3,0,3,0,0,12,3,11,0,0,8,12,2,0,0,3,3,7,37,3,1,1,0,0,1,5,1,3,0,1,11,3,3,4,1,0,4,1,1,2,0,2,0,0,1,0,0,1,2,5,2,0,2,13,5,3,0,1,3,0,1,1,0,1,0,1,2,0,10,1,3,0,2,2,0,2,3,1,1,4,4,3,4,0,0,1,21,1,6,3,2,12,0,2,2,7,0,1,5,4,0,1,8,7,1,0,3,0,1,0,1,0,1,3,0,8,0,0,3,20,1,1,13,5,1,1,7,2,25,8,0,0,0,2,0,1,4,1,38,1,3,0,3,0,6,5,3,39,2,5,0,0,5,3,0,7,2,1,0,2,3,0,11,4,0,10,3,0,3,0,3,1,3,5,2,1,1,2,9,2
2,5,0,1,0,1,1,0,14,0,0,0,4,9,1,1,0,0,1,0,2,6,2,6,0,0,0,3,2,1,2,6,0,0,0,3,0,0,2,1,0,2,0,1,0,0,3,0,0,0,1,3,1,2,0,1,0,11,4,5,0,1,0,1,0,1,0,0,29,3,1,0,1,1,4,2,1,4,4,2,1,1,4,8,3,0,33,1,5,1,0,3,6,4,0,1,4,2,3,0,0,0,3,5,3,26,2,0,0,1,1,2,5,0,4,3,2,2,2,3,0,1,0,2,3,5,0,3,3,0,2,1,0,0,2,0,2,1,0,0,0,0,2,1,1,3,4,0,0,0,0,0,0,5,0,1,0,1,0,1,0,0,13,0,8,7,0,0,0,2,1,1,1,1,1,3,0,1,3,0,3,0,5,1,0,0,0,2,2,2,0,3,1,4,2,5,0,5,9,5,0,0,1,27,46,15,0,0,1,0,3,8,1,1,2,0,2,2,0,0,0,1,0,11,0,1,7,1,5,14,0,8,0,0,0,1,0,0,3,1,0,3,2,2,4,4,0,0,9,8,2,3,2,0,10,1
0,0,3,1,1,1,1,2,26,6,0,0,3,0,0,0,0,0,1,0,2,4,0,1,0,0,1,0,0,0,6,6,0,1,1,4,0,3,2,4,1,0,1,1,1,4,4,1,0,1,1,0,0,3,0,3,1,1,0,7,1,0,1,0,0,1,0,0,3,1,1,0,3,0,0,2,0,1,0,1,0,0,1,5,2,0,7,4,2,3,0,0,2,7,1,0,5,0,4,0,1,1,3,7,1,4,3,0,4,2,0,1,13,1,0,6,0,7,1,3,1,1,1,0,2,5,0,1,2,14,2,1,1,1,1,1,0,1,1,2,0,1,0,0,0,2,2,0,0,3,0,0,0,2,0,4,2,3,0,0,0,1,30,6,2,14,1,1,0,1,5,2,0,2,2,1,2,1,0,3,0,1,3,1,10,0,1,0,0,5,0,1,1,2,2,1,6,3,7,3,2,0,0,3,42,3,1,0,1,0,13,57,2,6,3,2,4,1,0,0,4,4,4,3,2,1,0,1,3,10,2,9,0,0,1,2,1,0,0,0,0,19,4,1,2,5,5,1,4,4,0,2,2,1,4,3
1,2,3,0,0,2,1,0,5,0,1,4,1,1,0,0,0,0,2,0,1,3,1,4,0,0,2,3,0,0,1,4,1,1,1,1,0,3,0,1,1,0,1,0,0,1,2,2,3,0,1,3,1,0,0,5,0,0,0,8,0,7,2,0,0,1,2,46,10,3,0,0,1,7,0,1,7,1,1,4,0,0,4,7,5,1,16,15,1,4,0,0,1,5,2,2,0,0,1,1,5,13,0,7,1,0,4,0,1,2,0,0,4,0,1,6,0,3,1,1,1,1,1,3,3,4,1,5,1,4,2,1,0,0,0,0,0,31,0,0,0,1,2,0,0,1,3,3,0,2,0,2,58,0,0,1,1,2,1,0,0,2,24,1,7,4,2,0,0,2,2,0,1,0,0,1,0,2,5,1,3,2,1,1,0,0,1,0,1,4,0,0,0,0,3,1,7,1,3,8,1,1,1,9,42,3,3,2,1,0,1,0,1,0,0,0,2,2,1,2,8,3,0,18,0,2,0,0,4,3,0,8,1,2,0,0,0,0,5,0,0,4,1,2,8,0,0,1,4,3,0,0,0,0,3,2
1,1,1,0,0,1,1,0,6,5,1,0,6,2,0,0,0,0,0,1,1,0,0,0,3,7,0,0,0,0,5,1,1,0,2,3,0,4,0,4,2,4,2,0,0,3,3,0,8,1,0,2,0,1,0,1,1,0,1,4,1,1,2,1,0,1,0,0,1,0,0,4,2,3,0,0,2,1,0,0,0,0,0,9,11,1,0,3,4,0,0,0,3,5,0,1,2,1,1,0,9,1,0,2,0,0,0,0,0,3,0,0,4,0,4,13,0,5,0,4,2,0,4,0,2,3,0,14,6,7,13,2,1,1,0,2,0,3,3,1,0,2,3,1,0,3,2,19,0,12,4,2,0,4,1,3,0,6,0,0,0,0,41,0,6,11,4,0,0,2,35,4,3,3,4,1,0,1,1,0,0,0,5,0,5,0,2,0,2,7,29,2,5,1,3,7,1,0,9,1,0,0,0,0,21,4,1,1,1,0,3,0,4,7,0,0,6,0,0,1,0,4,4,0,2,0,0,0,6,11,0,8,1,0,4,3,2,0,2,0,1,0,2,1,0,3,1,1,4,6,0,1,3,1,1,3
1,1,0,2,1,3,1,0,9,0,0,0,1,0,2,0,0,0,2,3,4,14,1,0,0,0,0,0,0,1,2,4,0,1,1,1,0,3,1,3,2,0,2,1,0,0,8,0,0,2,0,3,0,16,0,5,1,1,1,3,0,2,2,0,0,0,0,1,1,5,0,0,2,4,0,0,0,1,1,0,0,0,1,6,1,0,3,12,2,1,0,0,2,9,0,3,0,1,0,0,1,10,0,3,0,2,10,3,5,4,0,2,9,1,1,3,1,17,0,1,2,0,1,0,2,1,1,14,4,1,4,1,0,0,0,0,0,1,0,0,1,2,1,0,0,0,4,0,2,3,1,1,0,6,0,4,1,2,0,1,0,0,28,0,11,6,14,2,1,0,9,1,0,7,25,4,0,11,0,0,1,5,5,0,0,0,0,0,2,3,0,1,1,1,1,9,3,0,1,2,0,5,4,0,42,2,6,2,0,0,0,0,2,1,2,1,9,0,0,0,0,2,0,5,2,6,0,1,3,11,0,8,1,0,0,3,2,0,7,0,0,7,4,0,3,8,4,0,1,5,0,0,0,0,6,4
1,1,1,0,3,0,5,2,2,7,0,1,1,33,1,0,0,0,1,0,2,0,0,0,0,6,5,2,0,4,1,8,4,0,4,2,1,0,0,5,1,0,0,6,1,22,1,3,0,0,2,4,0,0,3,2,1,7,3,1,0,1,0,0,0,2,5,2,6,1,0,1,0,7,0,0,2,7,2,5,3,1,0,21,5,17,1,3,1,8,4,0,1,3,0,2,0,33,0,1,2,2,0,26,2,0,4,0,6,1,0,0,3,11,12,4,1,0,1,1,0,2,0,1,3,13,0,1,9,0,1,0,1,7,1,17,0,0,1,2,0,2,0,7,1,4,5,0,11,3,0,0,0,1,3,0,8,2,4,0,7,1,7,0,3,0,1,0,0,1,1,4,1,2,6,4,4,2,3,5,0,14,0,1,0,0,11,0,3,1,5,0,0,2,0,0,0,0,2,4,3,0,1,5,3,3,0,3,0,2,0,1,1,3,1,0,2,1,0,1,1,2,4,1,1,0,1,3,4,0,0,0,0,2,0,1,1,0,3,2,0,0,0,0,0,2,1,3,0,1,0,0,1,2,3,1
2,7,0,3,0,1,0,1,26,2,0,1,1,0,0,2,0,1,2,1,9,6,1,1,5,1,0,2,0,0,0,2,0,3,0,2,2,5,0,2,1,0,2,2,1,0,3,1,0,0,0,1,0,0,0,0,0,1,0,5,0,0,0,0,0,4,0,2,13,0,2,0,2,1,2,1,3,1,1,0,0,1,1,4,2,0,11,4,2,0,0,2,2,5,1,2,0,0,1,1,1,10,0,6,0,13,2,1,3,1,0,4,6,0,0,2,2,6,0,4,2,2,2,0,3,3,0,0,1,20,4,1,0,2,0,0,1,2,1,2,0,6,2,1,1,5,2,1,0,2,0,0,3,2,1,1,1,1,1,1,1,2,27,3,1,11,8,2,1,0,4,1,0,1,14,1,2,0,4,2,0,7,17,1,0,0,1,1,2,2,0,4,1,0,2,3,1,1,28,4,1,0,0,4,32,3,0,4,0,0,0,3,3,0,3,1,2,2,1,0,2,1,3,10,0,3,0,7,5,5,2,5,1,1,4,4,1,0,3,0,0,15,0,0,2,0,4,2,22,3,1,0,2,0,17,3
0,1,2,6,0,2,2,0,13,1,2,3,0,3,0,0,0,0,4,1,1,4,0,0,1,0,3,1,4,1,3,5,0,0,2,1,0,4,1,4,2,1,1,3,0,6,5,2,1,0,2,6,0,1,1,3,2,0,0,3,0,2,2,2,0,2,1,2,2,3,0,1,8,2,1,0,10,5,4,3,3,1,0,13,14,0,5,3,2,3,0,0,2,4,0,1,1,4,0,1,2,6,1,6,1,2,1,0,2,5,1,5,5,0,5,6,0,3,0,1,2,1,2,0,5,6,0,6,2,6,1,3,0,1,1,1,0,1,0,1,1,2,0,0,2,1,4,2,0,1,0,1,35,2,1,4,2,2,2,2,0,1,22,0,8,7,3,4,0,0,2,0,0,4,3,5,1,0,4,0,4,1,7,1,5,1,1,1,2,2,1,0,3,1,3,3,4,2,3,19,4,0,4,2,31,3,0,5,0,1,3,3,2,0,2,0,1,1,0,1,0,1,0,4,3,7,0,2,2,6,0,5,1,4,0,1,3,0,2,0,0,7,1,1,6,1,3,4,4,5,1,0,1,0,13,1
1,2,1,0,0,2,6,0,16,0,0,0,2,0,1,0,0,0,1,0,0,0,1,1,1,0,2,1,3,0,1,3,0,1,1,3,1,5,0,4,0,2,1,2,3,1,4,2,0,0,1,3,1,0,0,0,0,0,0,4,1,2,3,1,0,1,0,0,5,2,1,2,1,6,1,1,1,0,0,0,1,0,0,2,1,1,0,6,3,2,0,0,1,10,0,1,2,0,1,0,6,5,0,4,1,0,3,0,5,17,0,2,6,0,1,3,2,14,0,1,2,1,0,0,1,6,0,6,3,10,6,0,0,3,1,0,4,0,1,1,0,7,3,15,0,1,1,0,1,3,3,1,4,1,2,0,1,4,0,4,0,1,33,0,3,3,0,3,1,1,2,1,0,3,1,0,0,0,2,1,2,0,5,2,15,1,0,0,0,3,0,1,4,3,1,1,0,2,10,2,0,1,0,1,42,5,1,3,0,0,0,0,4,0,0,0,4,0,0,0,3,3,9,17,1,5,0,1,3,5,0,10,2,5,3,7,0,0,11,0,0,6,3,0,7,0,18,1,2,4,0,1,0,0,0,4
0,0,0,0,1,1,11,0,5,18,0,1,1,20,0,0,0,2,3,0,3,0,1,0,4,7,1,2,2,1,2,3,0,1,0,1,0,2,2,2,0,0,0,2,3,12,3,0,0,0,1,0,3,0,0,2,2,0,0,4,0,0,1,0,0,4,6,0,0,2,0,1,0,2,1,1,0,4,0,7,2,1,0,15,2,8,1,0,3,2,0,0,2,6,0,1,4,17,0,0,14,3,0,9,0,0,5,0,4,5,5,0,0,5,5,1,2,6,1,1,1,1,1,3,3,5,1,2,3,4,3,1,0,10,0,9,0,2,2,0,0,0,0,4,2,1,3,2,2,7,3,0,0,0,3,1,0,0,0,0,1,1,30,3,4,4,1,0,3,2,0,0,5,2,1,3,0,1,0,3,1,7,3,4,0,1,1,1,4,2,4,5,1,0,0,2,0,0,0,6,0,2,6,5,10,2,0,3,0,6,0,0,2,4,3,1,5,0,1,1,3,2,0,14,1,0,0,4,3,0,0,1,1,0,4,7,0,0,0,1,0,1,3,0,2,0,3,0,11,3,0,2,2,1,3,4
1,2,0,1,0,2,11,1,13,7,1,0,3,3,1,1,0,5,1,0,1,0,1,1,1,4,5,0,2,1,3,2,0,3,3,2,0,3,0,5,0,0,2,1,0,6,1,2,0,1,1,3,1,0,0,1,2,2,1,2,0,2,0,3,0,2,2,1,1,0,1,2,2,2,0,1,3,0,0,1,0,2,0,4,5,1,0,23,4,0,0,1,3,18,0,0,2,3,0,0,2,1,0,7,0,2,5,5,4,4,1,1,7,1,1,4,1,4,0,2,2,1,0,1,2,3,2,7,2,12,7,0,0,6,0,1,0,3,0,1,0,2,1,0,2,4,2,0,0,10,0,3,3,1,1,5,3,0,1,5,1,1,20,0,6,3,0,2,2,2,1,5,1,2,1,3,2,2,1,0,1,4,7,0,1,0,0,2,1,4,0,2,2,0,0,1,0,1,2,3,0,1,2,3,30,0,0,0,0,1,0,1,2,0,3,1,4,0,0,0,33,8,2,4,0,1,0,1,2,1,0,8,1,1,2,2,1,3,15,1,0,20,1,0,4,0,0,2,1,9,0,2,2,1,1,3
1,0,1,0,0,2,2,0,5,0,0,0,0,0,0,0,1,3,0,0,0,1,0,0,0,1,0,2,3,1,2,5,0,0,0,4,1,2,4,0,3,5,0,0,1,1,2,1,0,0,0,1,0,2,0,0,0,1,5,0,0,0,0,0,2,1,0,1,1,1,0,0,0,7,2,0,1,2,1,0,1,0,3,5,5,2,24,6,3,0,0,0,3,2,0,0,2,0,0,1,0,0,2,4,2,1,2,1,4,3,0,3,5,1,1,1,0,2,0,0,0,0,1,0,1,4,0,9,3,3,5,2,0,0,1,0,0,4,0,0,0,0,1,6,1,2,1,0,1,8,0,0,3,3,0,1,0,2,1,2,0,0,26,2,7,3,0,4,0,0,3,1,0,0,6,3,0,0,3,0,2,0,5,1,1,0,1,0,0,3,0,1,0,0,3,2,1,6,15,2,0,5,2,13,28,9,0,1,1,0,2,30,3,0,1,0,3,1,4,0,0,5,0,27,1,0,0,1,3,8,1,8,0,0,0,1,4,0,1,0,0,9,0,0,2,6,1,0,2,4,0,39,2,1,18,8
2,0,5,7,6,1,0,0,4,3,1,3,10,2,0,2,0,2,2,1,1,0,1,0,0,2,1,13,4,2,2,3,6,2,6,4,1,2,1,0,3,2,1,1,0,0,1,1,0,2,6,0,0,0,2,2,5,0,2,1,1,7,0,1,0,0,4,3,0,1,1,0,1,6,0,0,0,12,2,0,8,0,1,8,1,3,3,1,10,2,5,3,3,3,0,0,0,4,0,0,2,2,21,2,0,1,7,0,1,2,0,0,0,56,4,3,4,0,0,0,12,0,1,1,33,3,11,11,2,0,9,1,0,1,0,3,0,0,0,0,0,1,3,2,0,0,7,0,1,0,0,1,0,1,0,5,8,1,3,1,0,1,0,14,1,0,5,9,1,0,1,0,1,6,1,2,0,0,1,1,1,1,6,0,1,7,0,0,3,0,0,1,0,0,0,0,0,1,1,3,1,0,2,1,1,3,0,0,0,0,0,1,0,1,0,1,0,0,1,3,0,0,0,0,0,2,1,1,1,0,1,1,1,0,1,0,2,0,0,1,0,5,3,0,0,1,8,0,0,6,1,0,2,0,2,0
1,8,0,1,5,3,0,1,17,1,0,0,1,0,0,0,0,0,1,0,1,1,1,0,0,0,2,1,2,1,0,8,0,2,1,6,0,4,2,2,6,1,1,1,0,13,4,4,0,0,2,0,0,0,0,2,0,0,1,2,0,1,0,0,0,1,0,0,1,0,1,1,1,1,0,1,0,2,0,0,1,1,3,13,3,2,21,4,2,2,0,0,4,5,26,3,1,0,0,1,0,12,1,7,1,0,1,0,3,4,0,0,7,2,0,3,3,2,1,0,2,0,1,3,5,11,1,1,5,8,3,4,0,2,2,1,0,0,1,0,0,4,0,1,4,0,2,0,0,3,1,0,0,1,1,1,3,1,0,2,0,1,28,2,9,9,2,1,1,0,4,0,0,6,4,1,0,0,0,2,0,0,11,1,3,0,0,1,1,2,6,2,1,0,4,0,2,5,14,8,1,0,4,4,28,4,0,0,0,5,1,5,6,2,1,2,3,1,1,1,0,2,0,12,0,2,0,0,5,17,2,5,1,2,1,4,2,0,9,4,0,3,4,2,1,1,2,4,2,9,0,0,0,1,29,5
0,1,2,0,0,3,0,0,20,3,1,0,0,4,4,1,0,0,2,0,0,6,2,11,0,0,1,3,2,0,0,7,0,5,0,4,0,5,1,2,5,1,1,0,0,3,2,0,9,0,4,4,2,2,1,0,0,3,0,2,0,0,2,0,0,0,1,0,1,0,0,0,0,1,1,1,0,0,1,0,0,0,1,7,9,0,3,13,3,1,0,3,1,3,0,0,0,3,0,0,0,3,0,6,0,1,3,0,0,1,1,4,5,0,2,2,1,3,0,0,1,0,0,0,2,5,2,2,1,7,1,0,2,1,0,0,0,0,1,1,0,4,2,1,0,2,3,2,0,2,0,3,0,0,0,3,1,2,1,0,0,0,28,0,6,4,0,4,8,0,2,1,0,0,2,2,0,0,2,1,6,7,13,0,0,1,0,0,0,7,2,2,0,2,1,12,3,15,3,1,3,2,3,4,30,3,0,3,1,0,0,0,2,0,0,0,2,1,0,0,8,2,2,13,0,1,5,1,6,3,1,6,2,4,2,1,4,0,0,1,4,19,0,1,5,3,6,3,2,6,0,0,1,0,11,4
0,1,0,2,1,0,2,1,3,6,0,3,0,7,0,0,2,13,0,1,0,4,0,3,0,2,1,2,0,2,1,4,0,1,3,4,0,1,1,0,0,1,0,0,1,2,1,1,1,0,1,0,1,0,0,0,0,0,1,0,2,1,4,1,0,4,1,0,8,0,1,0,0,5,3,0,2,1,2,0,0,4,1,5,4,3,2,5,6,1,0,1,0,4,30,0,0,4,1,1,4,3,6,4,0,4,4,0,1,8,0,1,0,0,11,1,2,0,0,1,2,0,2,2,3,0,3,0,1,9,5,0,0,1,3,1,1,1,1,0,0,1,4,0,0,0,2,2,1,20,2,0,20,5,0,0,2,0,2,1,0,0,12,0,7,3,1,0,0,0,2,2,0,1,0,3,0,2,0,0,0,1,4,1,3,0,0,0,0,3,1,1,1,0,0,7,1,3,10,0,0,0,2,0,25,0,0,0,0,0,2,0,3,0,0,2,4,0,0,0,24,4,2,19,1,1,0,1,1,10,0,9,0,4,0,2,3,1,5,1,3,12,6,1,0,2,1,1,1,5,0,1,5,0,21,3
3,2,1,0,0,0,2,0,7,0,2,1,3,0,5,0,0,0,1,0,1,1,1,0,0,0,1,3,0,0,1,5,0,2,14,3,0,2,0,1,1,46,2,0,0,8,2,4,10,1,2,1,1,0,0,0,0,2,3,10,0,1,3,0,0,1,0,2,6,0,1,0,0,14,0,0,1,7,0,2,0,0,3,8,1,1,6,1,2,1,3,3,1,3,0,1,0,0,0,0,0,1,4,4,1,2,0,1,1,3,0,0,4,0,0,3,0,1,0,0,0,0,0,1,2,2,0,0,2,1,9,0,2,2,1,1,3,0,0,0,1,0,0,0,1,0,2,4,1,6,1,1,6,2,0,3,0,0,0,1,0,2,17,0,3,7,4,1,0,1,1,0,0,2,3,3,1,3,5,1,0,0,8,2,6,0,1,0,0,3,1,4,0,1,0,10,4,6,22,2,0,0,5,4,37,4,2,1,0,0,1,0,2,1,0,0,3,0,3,1,0,2,0,4,0,3,0,0,6,10,0,10,0,1,2,8,1,0,2,6,0,11,2,0,2,0,0,1,2,3,0,3,0,0,23,3
0,2,0,1,3,3,3,0,3,2,1,0,0,8,0,1,1,0,0,0,2,0,0,1,2,0,0,1,1,0,4,3,1,2,1,4,0,2,1,0,3,0,0,1,0,1,7,1,3,2,1,2,0,0,0,1,0,0,2,2,4,0,0,0,0,2,0,0,2,0,1,4,1,2,0,0,1,1,3,1,1,0,5,7,1,0,2,1,1,0,0,1,1,10,0,3,3,1,0,1,0,19,1,5,2,1,0,0,1,2,0,1,5,0,0,3,1,2,0,0,0,0,0,2,3,4,1,2,7,0,1,0,2,0,0,0,0,1,0,0,0,0,2,0,2,3,4,0,2,4,0,1,1,1,0,1,0,2,3,0,0,0,18,1,4,3,0,0,0,1,4,0,0,10,57,1,1,1,1,4,2,1,11,0,0,0,0,2,2,2,0,0,5,0,1,2,0,5,6,3,1,1,1,11,35,7,0,0,0,0,1,0,1,0,0,1,3,0,3,0,4,2,0,2,1,1,3,0,5,5,1,16,0,0,3,0,0,0,4,2,0,26,3,0,3,15,3,1,6,4,0,1,2,0,9,2
1,3,0,0,0,2,0,0,2,0,0,1,0,0,0,0,1,0,0,1,4,5,0,0,0,1,1,3,2,0,1,7,1,0,1,4,0,1,1,2,1,0,1,3,0,3,2,0,2,1,1,0,0,0,0,0,0,3,0,2,0,0,1,0,0,0,1,7,8,1,0,0,1,1,1,4,21,1,0,5,6,3,0,3,6,0,8,6,4,1,0,1,2,7,2,3,1,0,1,0,1,6,2,6,2,0,3,0,3,3,0,0,5,1,0,1,0,2,1,2,0,3,2,0,2,2,0,15,2,2,4,1,0,2,0,0,2,7,0,0,1,0,2,0,0,1,2,3,0,17,0,1,49,3,0,0,0,3,1,1,0,0,28,0,10,11,5,2,0,2,1,1,1,1,2,0,1,2,6,3,4,2,4,1,0,0,0,0,1,2,0,4,1,0,0,0,0,0,3,7,1,2,2,1,35,3,0,3,1,0,0,5,2,1,0,2,3,0,2,0,0,4,2,12,1,2,0,0,2,9,1,2,0,1,2,1,2,0,6,7,0,21,0,2,1,0,0,0,2,12,0,0,0,0,9,3
3,3,1,1,0,1,0,0,14,0,0,0,0,9,0,0,2,0,0,0,4,5,0,13,2,1,0,1,1,0,0,11,0,2,0,2,0,5,2,2,1,0,1,3,0,3,5,1,0,0,1,1,0,4,0,2,0,11,3,4,0,1,0,1,0,0,2,1,12,0,0,0,0,4,0,0,2,1,2,0,0,3,0,5,3,0,24,6,2,0,0,1,2,4,0,6,3,0,1,0,0,2,0,9,1,3,7,0,3,3,0,3,0,1,0,2,0,7,0,2,1,0,0,4,4,4,0,5,3,8,3,1,0,1,0,0,0,0,0,0,0,1,3,3,0,2,3,0,0,1,0,1,1,2,0,1,2,0,1,1,1,0,17,0,6,6,3,0,3,0,4,1,0,0,2,1,0,0,2,0,0,0,0,1,0,0,1,3,1,2,0,3,7,1,2,0,1,2,4,3,0,0,2,4,33,7,0,1,0,0,0,8,1,1,0,0,7,1,4,0,0,2,0,23,2,0,0,0,5,9,1,8,0,2,0,2,7,0,9,0,2,0,0,0,6,3,1,0,0,6,0,0,0,0,5,3
0,6,1,0,1,0,1,1,1,0,1,0,0,3,1,0,0,1,1,2,1,4,0,1,1,1,3,3,2,1,1,5,2,1,0,3,1,2,2,3,3,0,1,3,0,3,1,0,0,0,2,2,0,1,0,3,0,1,1,1,1,0,1,2,0,2,0,0,4,0,1,0,0,8,0,1,3,2,1,1,0,1,2,4,3,0,14,2,2,3,1,0,2,6,0,1,2,1,1,1,1,15,0,3,1,0,0,0,2,4,0,2,12,3,0,5,1,2,0,1,1,0,3,3,3,6,1,8,4,3,3,3,4,2,1,0,0,0,1,0,0,1,0,0,2,1,2,0,2,3,0,0,6,1,1,0,2,0,0,2,1,0,24,5,8,10,3,1,0,1,5,0,0,6,0,0,0,4,5,2,0,3,7,1,0,0,2,1,3,2,0,3,0,0,2,1,2,3,10,4,0,1,3,9,35,1,0,2,0,0,4,8,2,0,6,0,4,1,4,0,0,3,1,21,0,2,2,5,3,6,0,8,0,1,2,1,2,0,4,1,0,5,0,1,3,5,1,0,4,4,0,12,0,1,11,3
1,4,0,0,0,0,6,0,8,0,0,0,1,1,4,0,1,9,1,0,1,4,1,0,2,0,1,0,0,1,0,5,0,1,0,2,2,4,2,1,1,30,1,0,0,12,6,0,14,0,1,5,0,0,4,1,1,2,0,3,0,1,0,1,0,0,0,3,11,0,0,0,0,10,1,4,37,2,3,0,1,2,3,10,7,0,5,1,3,2,0,0,1,7,1,0,1,2,0,5,0,5,2,4,1,1,0,0,1,2,0,2,1,6,3,4,1,3,1,2,2,0,0,0,3,5,0,3,1,1,3,0,0,0,1,0,2,2,0,1,1,0,1,0,1,2,3,0,2,6,0,0,0,1,1,4,2,2,1,2,0,0,25,0,2,7,0,0,0,0,2,0,0,1,2,1,0,0,0,2,2,2,8,0,2,0,1,0,0,1,2,1,0,0,0,0,0,1,20,4,0,3,2,0,25,4,0,0,0,0,0,1,1,0,2,2,2,1,0,0,1,3,2,4,0,1,0,0,4,6,2,10,0,2,1,4,1,1,0,1,0,2,0,0,3,2,4,3,6,8,1,0,0,0,21,2
1,1,0,1,0,0,1,1,6,0,2,0,2,0,0,1,0,12,1,0,0,1,3,17,0,0,0,4,0,1,2,3,0,3,1,1,1,1,0,0,0,0,1,0,1,4,4,0,0,1,1,0,0,0,0,3,0,1,0,3,0,1,0,0,2,1,0,1,28,2,1,0,0,9,0,0,3,0,1,0,0,6,1,7,6,0,4,0,1,3,1,0,1,11,1,0,6,3,0,0,3,4,0,5,0,14,1,1,5,8,4,1,5,1,0,2,0,1,0,0,0,0,1,0,3,3,0,0,1,1,2,0,0,1,1,1,1,0,0,3,2,0,2,0,2,1,3,0,0,6,1,1,0,4,1,4,0,1,0,2,4,1,15,0,2,10,1,0,0,0,1,1,0,3,1,1,2,1,0,1,3,0,7,1,0,0,0,2,2,2,0,4,3,1,4,18,0,19,5,2,3,10,2,3,36,8,0,1,0,3,0,35,1,0,0,0,2,0,6,0,1,3,0,19,0,0,0,0,6,5,0,4,0,1,0,4,2,0,2,1,0,4,1,1,0,2,2,3,0,5,0,1,1,0,7,1
3,4,0,5,0,3,0,0,5,0,2,0,2,1,0,0,1,0,0,0,1,5,0,2,0,0,1,1,1,0,1,2,0,0,1,1,0,4,0,4,0,0,2,1,0,2,1,0,0,0,1,2,0,1,0,0,0,0,0,6,1,0,0,1,0,1,3,1,7,0,1,2,2,1,1,1,3,0,1,1,1,1,0,2,2,1,8,4,3,0,0,0,3,2,1,1,0,1,0,0,1,24,1,8,0,0,0,0,2,11,0,0,7,0,1,1,1,4,1,0,1,0,3,0,2,0,1,11,4,15,5,1,3,0,1,2,0,3,1,0,1,5,1,0,3,4,1,2,0,3,3,2,42,4,0,2,2,1,0,1,3,0,21,1,5,12,12,3,0,2,2,0,0,0,1,0,4,0,0,1,4,0,2,0,3,0,1,0,4,2,1,4,2,0,2,1,3,3,5,5,0,2,0,2,34,2,0,3,1,0,0,4,2,1,2,0,4,0,0,1,17,3,3,18,0,3,3,1,2,10,1,12,2,1,1,3,1,0,4,0,0,1,2,2,1,4,4,1,8,6,1,1,3,0,5,2
0,1,0,1,0,1,1,0,14,0,2,0,1,0,1,0,1,0,0,0,2,5,0,8,1,0,1,1,1,0,0,3,0,2,0,2,3,5,0,2,2,6,2,0,0,2,1,0,0,0,1,5,0,0,0,1,2,2,3,2,0,2,0,0,0,0,0,1,6,0,0,0,0,4,0,1,2,1,0,1,0,10,0,4,3,2,3,5,3,1,0,1,3,3,0,2,0,0,0,3,0,11,0,4,2,4,3,0,7,3,1,1,0,0,0,1,1,3,0,1,1,0,0,1,2,2,4,2,5,1,34,2,2,1,0,4,0,2,0,0,1,1,5,1,0,0,2,2,0,7,0,1,15,2,0,1,2,1,2,0,1,0,29,1,4,7,0,18,1,0,1,0,0,3,2,1,1,0,4,1,2,1,9,0,11,0,0,0,0,3,0,5,0,0,1,11,0,0,10,4,0,2,3,1,21,2,0,0,0,0,0,2,4,0,0,1,6,0,2,0,5,4,1,10,0,3,6,1,3,6,0,5,0,0,1,2,0,0,1,0,1,1,1,0,2,2,1,1,0,3,1,1,0,0,6,4
0,6,2,2,1,2,0,0,26,0,0,0,0,1,0,0,1,0,2,1,1,3,2,0,1,0,3,2,0,1,0,5,2,1,2,3,0,2,0,3,4,0,2,0,1,0,5,3,0,2,0,0,1,1,1,0,0,5,0,4,0,1,0,1,1,2,0,0,0,0,0,0,1,3,0,0,4,1,3,1,0,0,0,10,2,0,13,13,2,2,0,3,1,3,0,4,1,0,3,0,3,2,1,5,0,0,2,1,2,3,1,1,13,1,1,4,0,6,1,2,3,1,1,1,3,7,2,3,4,10,1,4,2,0,1,2,2,1,1,0,0,1,1,0,2,0,2,1,0,2,0,0,2,2,1,3,1,1,1,1,1,0,35,1,6,9,2,0,0,1,4,6,0,1,3,3,0,1,1,2,2,1,8,0,3,0,1,2,1,5,0,3,1,0,1,0,0,8,11,2,0,5,3,3,34,2,0,1,0,0,0,40,2,0,0,1,3,0,0,2,0,1,2,25,0,1,0,0,3,12,0,3,0,0,1,5,0,0,6,3,0,7,3,1,3,5,3,0,1,6,0,1,1,1,24,3
0,0,0,1,0,3,3,0,4,8,0,0,0,20,1,0,0,1,1,0,0,4,1,0,0,7,5,0,1,1,2,2,0,0,3,0,2,2,0,3,2,0,1,6,2,17,12,1,0,0,1,1,1,1,3,0,0,0,0,3,3,1,0,0,0,0,1,0,1,3,0,0,1,0,1,1,0,2,0,1,2,1,0,15,1,3,0,4,2,3,0,0,0,2,0,2,4,30,0,0,29,2,0,1,3,0,5,0,3,3,0,1,1,7,7,6,1,1,0,1,0,0,0,3,2,6,0,6,2,4,4,0,0,9,1,7,0,3,1,0,1,1,2,8,3,2,4,1,1,3,0,0,0,2,1,0,0,1,3,0,1,1,10,0,5,0,0,0,0,1,3,1,0,5,2,3,0,1,3,5,2,5,30,2,2,1,1,0,2,3,7,1,6,1,0,2,17,0,2,2,0,0,7,1,1,4,1,1,1,3,2,0,4,0,6,0,3,1,0,1,4,2,0,5,5,1,0,1,4,2,1,2,0,2,0,1,7,1,1,5,0,3,6,0,1,2,0,1,1,10,1,0,3,1,0,2
1,2,0,1,0,0,3,0,21,4,0,10,2,0,1,0,0,0,1,1,3,3,0,1,1,0,2,3,4,2,0,4,0,0,2,2,0,3,0,3,1,0,2,0,0,3,2,0,2,0,3,4,0,0,1,3,0,2,1,3,0,6,0,0,0,2,0,0,1,0,0,0,2,2,4,1,2,0,0,0,2,0,1,7,4,0,4,6,2,1,0,0,1,3,1,0,3,2,1,0,2,7,0,4,7,0,2,3,4,3,2,5,3,0,3,2,0,5,0,0,1,0,0,1,2,11,3,2,4,7,6,2,0,2,1,1,0,0,1,0,2,3,2,2,7,4,2,1,1,2,1,0,36,6,0,3,0,4,1,1,3,0,16,1,3,4,3,3,0,2,3,1,0,0,0,0,1,1,4,0,1,1,4,1,0,0,1,0,1,2,0,3,2,0,2,1,0,1,8,20,2,2,1,1,23,3,0,2,0,0,0,0,2,1,1,1,3,0,0,0,2,2,7,7,3,3,0,4,5,3,0,5,0,3,0,4,1,0,2,2,1,0,0,2,5,0,0,3,3,6,1,0,2,0,8,2
2,3,0,2,1,0,0,0,13,0,1,1,0,4,1,0,18,0,1,31,1,0,1,2,0,1,1,3,0,1,1,7,0,0,0,1,0,2,3,1,1,0,0,0,0,1,0,0,0,0,0,0,0,0,0,1,0,0,2,1,0,0,1,0,3,0,1,0,0,2,1,0,1,23,0,16,1,3,0,0,20,0,1,11,4,1,21,4,2,1,0,4,5,7,1,1,5,0,0,0,1,2,1,4,2,2,5,1,4,5,1,2,0,3,3,2,0,1,1,0,0,0,5,0,2,7,2,2,3,9,5,1,0,3,0,0,1,4,0,0,3,1,2,0,2,2,5,1,0,4,0,3,49,4,0,1,1,3,0,1,0,0,15,0,3,6,0,5,0,0,1,0,0,0,1,0,0,0,0,1,3,1,7,0,0,1,1,0,2,2,0,1,2,0,4,2,3,1,6,7,1,7,1,0,8,3,0,3,0,0,1,0,7,1,0,1,4,1,5,1,2,3,3,12,0,1,0,2,4,5,2,9,0,3,0,8,2,0,4,2,0,1,1,0,0,0,0,0,5,6,1,1,1,2,15,3
1,2,0,2,0,0,3,1,9,0,1,0,0,2,0,0,1,1,1,0,2,1,0,0,1,1,0,1,0,0,0,9,0,2,6,4,2,1,0,0,0,0,0,0,0,8,6,0,1,0,4,2,0,1,0,4,0,3,4,2,1,0,2,0,0,2,3,54,4,1,2,0,2,4,0,0,5,2,3,0,1,1,5,15,4,0,3,1,3,1,1,1,1,3,0,11,3,0,0,2,1,2,1,4,0,0,4,1,2,8,0,0,2,3,1,2,0,0,1,0,1,0,0,0,3,3,0,0,3,9,2,2,0,2,0,1,1,2,0,0,1,1,2,0,4,1,3,0,3,3,0,0,35,0,1,3,3,5,3,0,2,1,19,0,5,6,3,1,0,1,7,0,0,8,1,2,0,0,0,0,11,0,4,0,13,0,1,0,0,8,0,2,0,0,1,0,4,0,2,10,0,6,0,2,33,5,0,5,1,1,6,4,3,0,0,2,4,1,0,3,0,4,2,3,0,0,1,0,1,7,0,5,1,0,0,1,0,0,0,0,0,1,1,1,7,3,1,0,3,9,0,0,0,1,4,5
1,4,1,0,0,0,1,0,13,3,0,0,1,5,0,0,0,0,5,0,4,7,1,1,0,1,2,2,1,2,2,3,2,0,2,1,2,4,1,4,1,0,2,1,2,1,8,0,0,0,1,1,0,1,0,1,1,1,0,4,0,3,1,0,0,0,0,2,2,2,1,0,0,13,2,1,5,5,0,0,1,0,0,10,4,1,18,8,2,0,0,1,0,3,1,1,0,7,0,1,4,10,0,8,0,0,3,1,4,3,1,1,8,0,6,3,2,6,0,1,1,2,0,0,4,7,0,6,4,16,3,3,0,4,2,0,2,0,2,0,1,2,1,0,2,2,5,0,0,4,1,3,0,0,0,0,1,0,5,0,1,2,30,7,3,5,1,7,0,0,0,1,1,0,1,0,1,0,3,1,0,10,12,1,0,1,1,1,1,2,1,0,1,0,0,0,2,0,16,4,1,1,1,3,20,3,0,1,0,0,0,1,3,1,0,1,5,0,0,0,1,2,3,2,0,0,0,1,3,6,0,4,0,0,2,2,2,0,1,0,1,6,0,1,0,1,1,1,1,3,0,0,2,0,5,3
3,1,2,4,2,2,2,0,2,2,0,2,2,1,1,1,4,0,2,0,1,3,1,1,0,2,0,2,2,3,2,2,0,0,0,2,1,2,3,0,1,0,1,0,0,3,0,1,0,0,2,1,1,1,0,0,1,0,2,1,0,1,0,2,0,2,1,0,0,0,1,0,0,4,9,2,0,4,2,1,12,0,0,8,0,2,15,10,1,1,1,0,1,6,3,3,1,3,0,2,0,1,2,7,0,1,5,0,3,3,0,1,7,1,3,2,0,1,0,1,0,0,1,2,4,6,0,3,3,3,5,0,2,1,2,0,1,1,0,1,0,0,2,2,2,1,4,1,2,1,0,3,0,1,1,2,0,2,0,0,1,0,19,1,7,3,1,4,2,0,0,2,0,2,0,3,0,1,9,0,2,1,7,4,6,0,1,1,2,2,0,3,0,4,0,1,0,6,0,2,0,0,1,1,44,2,1,1,0,0,0,40,2,1,3,1,2,0,1,0,2,4,0,6,0,0,0,0,2,5,0,4,0,3,0,1,0,0,2,3,1,2,2,1,2,5,0,0,2,7,0,0,0,1,11,3
2,1,4,1,0,2,1,1,5,0,0,0,1,0,2,0,0,0,1,1,2,9,0,0,1,1,0,4,1,0,1,4,0,0,2,1,0,3,2,2,0,1,2,0,0,2,2,0,0,1,1,1,0,0,0,2,1,0,1,2,0,0,2,2,0,0,2,0,28,0,0,0,3,4,4,0,5,4,1,2,2,0,1,8,3,3,26,4,2,2,0,0,2,3,0,1,4,0,0,2,1,6,2,8,1,2,3,0,6,4,0,1,11,2,1,5,0,7,0,2,1,0,0,1,4,3,0,2,2,4,3,3,0,2,1,0,0,1,0,0,1,2,1,21,1,1,2,0,0,4,2,0,1,3,1,3,2,1,2,0,1,0,27,0,4,10,4,8,0,0,3,1,3,1,2,1,1,1,4,3,9,0,2,0,1,0,0,0,3,2,1,5,5,2,0,0,1,0,22,2,0,0,0,1,33,4,0,2,0,0,0,2,1,0,1,1,3,0,0,1,2,2,2,23,0,0,0,1,2,10,1,5,4,1,2,3,1,0,3,0,0,6,1,0,4,1,0,1,4,5,1,3,1,0,12,1
1,1,0,0,0,0,2,0,5,0,1,4,1,1,0,0,0,0,2,0,3,2,0,0,2,0,0,3,0,0,1,5,3,3,5,4,0,0,0,1,3,36,1,0,1,4,11,1,4,2,0,5,0,1,0,1,0,0,5,0,1,0,0,0,0,0,1,0,7,1,0,0,0,5,0,0,1,1,0,1,0,0,4,8,2,0,18,4,1,1,1,0,1,4,0,1,1,1,1,0,0,2,1,4,6,1,1,0,5,3,1,10,0,0,1,3,2,2,0,0,0,0,0,1,4,5,0,1,3,1,2,1,0,0,1,1,0,2,0,0,1,0,0,0,0,2,3,11,0,4,0,0,1,7,0,1,0,2,0,1,0,0,20,1,2,4,0,0,0,0,4,3,0,4,3,0,1,0,4,0,0,1,6,0,0,0,0,0,0,1,1,1,1,0,1,1,0,0,25,4,0,8,2,0,22,4,0,0,1,1,0,13,2,0,0,0,2,0,0,0,23,2,0,34,1,3,0,0,2,1,0,9,2,1,0,3,1,0,2,1,3,6,2,0,3,5,1,0,2,4,0,0,1,0,8,1
0,1,1,0,0,1,1,0,6,1,1,0,1,0,0,3,4,1,1,3,0,0,0,1,0,0,0,1,0,1,2,1,1,0,0,1,0,3,1,1,0,11,1,0,0,4,4,0,2,0,0,7,0,0,0,0,0,0,0,2,0,0,1,0,0,0,0,2,2,0,0,0,2,6,1,1,2,1,0,1,0,0,0,2,3,0,4,8,2,1,1,0,1,9,2,0,2,2,0,0,1,1,1,5,1,0,0,0,6,2,0,1,9,3,0,1,1,1,0,0,0,0,1,0,1,5,0,1,2,1,9,4,3,1,1,0,1,1,0,0,0,1,0,1,0,0,2,2,0,15,1,1,9,6,0,3,0,1,0,0,1,1,18,2,5,11,2,1,0,0,0,0,0,6,2,3,0,2,2,4,0,1,14,2,0,0,0,1,0,4,2,6,2,0,0,7,8,0,13,1,0,0,3,1,23,3,0,0,1,3,0,12,2,0,0,1,3,0,2,1,22,3,0,24,0,1,0,0,3,6,0,6,0,0,0,3,0,0,8,7,0,6,3,0,2,0,2,0,3,5,0,0,0,0,32,1
0,0,0,2,1,0,0,0,8,0,2,0,0,0,4,0,0,0,1,0,0,5,0,0,0,0,0,0,0,6,0,2,1,3,0,4,1,3,3,0,3,5,1,0,0,10,7,1,0,0,1,2,0,1,3,1,0,1,0,3,0,0,2,0,0,1,1,0,8,1,0,0,0,2,0,0,4,0,0,0,0,4,0,3,1,0,3,4,4,0,1,5,3,2,26,0,2,0,0,0,0,2,8,1,1,0,0,0,5,4,3,3,10,2,0,0,1,1,1,0,2,1,5,0,0,0,0,3,6,4,5,1,0,0,2,0,2,2,0,0,0,1,0,0,0,1,0,0,0,7,0,0,3,2,0,0,0,0,0,2,0,0,32,1,5,15,0,3,0,0,1,8,0,1,2,1,0,0,7,0,2,0,6,0,39,1,0,0,3,8,0,1,0,1,5,1,1,5,9,2,0,0,2,1,37,2,1,3,0,1,0,0,5,0,1,2,6,0,0,0,3,4,0,9,0,2,0,0,6,11,0,8,0,3,4,3,2,0,3,2,2,10,1,0,3,5,1,0,5,18,2,1,0,1,20,5
0,8,0,0,2,3,2,0,2,5,0,0,0,13,0,2,0,0,3,0,0,4,1,0,2,7,1,43,5,1,1,3,0,0,8,0,0,4,0,1,2,0,1,2,2,32,49,3,1,0,1,2,0,1,3,0,1,0,0,2,1,3,0,2,0,0,0,0,0,0,0,0,4,1,0,0,0,1,2,0,1,0,0,11,3,0,1,0,2,2,0,0,0,5,0,0,1,42,0,0,3,2,1,4,0,1,2,0,2,2,6,0,0,6,1,2,1,0,0,1,1,0,0,5,2,7,0,11,2,3,3,0,0,0,4,17,0,0,0,1,0,3,1,7,0,0,2,2,0,1,0,1,1,0,0,2,0,1,0,0,1,0,2,4,6,0,0,0,0,1,0,2,0,4,0,3,0,1,3,0,3,2,11,4,0,0,3,0,2,2,3,2,0,1,0,0,0,1,0,3,2,1,4,0,2,2,0,0,1,1,7,0,3,0,0,0,2,1,0,0,0,4,0,1,0,0,0,5,3,1,0,2,0,3,0,1,2,1,1,2,0,3,4,0,2,0,1,1,0,5,0,0,0,1,0,3
1,2,1,0,0,3,0,0,5,5,0,1,0,10,0,0,3,0,2,0,1,3,2,1,0,5,0,0,1,4,1,2,0,5,0,9,0,2,0,0,1,0,0,1,0,9,6,1,2,0,2,1,2,2,1,0,0,0,0,2,2,2,0,0,5,1,0,3,2,0,1,0,2,1,3,1,0,2,0,2,5,1,0,12,5,2,2,1,2,3,2,0,0,6,0,0,2,25,0,0,1,3,0,6,0,1,1,1,3,3,0,2,0,3,6,3,1,1,0,5,0,0,0,8,4,11,1,3,6,8,5,0,1,1,2,1,0,2,0,1,4,1,3,0,1,2,3,0,1,1,0,3,2,1,2,3,0,0,0,0,2,0,10,0,7,2,8,0,0,7,1,2,3,7,3,2,0,1,3,4,1,2,11,0,4,0,2,0,0,1,5,4,0,0,1,2,0,2,15,2,0,3,4,2,21,6,0,1,0,0,2,1,1,0,0,0,2,1,0,4,1,1,1,2,1,0,0,0,6,8,0,4,0,0,0,0,1,0,7,2,0,40,1,1,1,3,0,0,1,7,0,0,0,1,1,1
0,1,0,0,0,3,4,0,15,0,0,1,0,1,1,1,0,4,1,0,3,5,0,1,2,2,2,3,0,2,0,7,2,2,1,3,0,2,1,3,3,1,2,1,1,2,1,0,0,0,1,4,0,0,0,1,0,0,0,2,0,0,0,1,0,0,1,1,2,1,1,0,3,5,1,1,0,1,1,0,0,0,1,9,1,0,17,7,1,1,0,1,1,3,2,2,2,1,6,1,1,6,0,6,2,0,1,0,5,1,1,2,4,0,0,7,0,3,0,0,1,0,3,1,3,7,1,3,2,10,1,1,1,1,2,0,0,3,3,0,0,2,1,0,1,0,4,0,0,2,0,3,3,2,0,2,1,2,2,1,1,0,19,1,6,8,5,0,0,2,0,0,0,2,1,0,0,4,5,3,1,1,6,1,4,0,0,0,0,1,1,2,2,0,1,1,1,7,2,4,1,2,0,3,41,5,2,4,0,0,2,28,2,0,2,1,3,1,1,2,4,6,0,21,0,1,0,1,5,7,1,7,0,4,1,2,1,0,3,0,0,1,3,0,5,6,0,0,3,12,1,0,0,0,11,3
1,2,4,0,0,0,1,0,0,1,1,2,0,0,2,0,1,0,1,0,0,0,0,1,0,0,0,0,0,2,1,2,2,1,5,0,0,1,1,2,0,4,6,1,0,4,2,1,0,4,0,1,1,2,3,0,0,3,1,0,0,1,1,0,0,0,0,3,2,12,0,7,0,1,1,0,3,1,1,1,1,7,0,5,0,0,0,0,41,0,2,1,0,2,0,2,6,2,1,0,1,0,4,3,3,0,2,0,1,2,2,0,3,1,0,3,1,1,0,1,1,0,0,1,1,2,0,0,2,0,4,2,0,3,3,0,19,0,3,1,1,11,0,0,9,2,26,3,2,0,0,2,0,0,1,6,0,3,0,3,0,7,4,0,6,0,0,0,0,0,0,0,0,2,1,0,0,2,1,1,1,0,0,0,1,0,0,12,1,2,0,0,0,1,1,0,8,1,1,1,20,7,0,0,5,1,0,7,4,0,0,0,2,2,0,16,3,1,4,2,0,2,0,1,2,2,0,2,2,7,1,5,1,0,0,1,4,1,2,6,2,6,54,2,0,2,1,0,0,5,0,4,6,2,0,7
1,5,0,0,1,1,3,1,2,1,0,0,0,2,1,0,0,0,1,1,2,5,0,2,0,0,1,2,0,2,1,4,0,2,1,3,1,2,0,0,4,0,1,0,0,2,4,4,0,1,0,1,0,0,1,0,1,7,3,4,0,1,1,1,0,3,1,0,15,1,0,0,1,6,0,2,0,1,1,1,0,4,0,2,5,0,22,0,3,0,1,0,2,2,0,0,2,4,4,0,1,24,0,4,1,0,0,0,3,4,0,1,8,0,0,1,1,5,0,2,2,1,8,1,2,1,0,1,4,6,7,0,3,2,0,0,3,3,1,0,0,2,1,1,2,2,4,0,0,5,1,0,3,4,0,1,3,2,2,1,1,1,27,3,5,13,3,0,1,0,3,1,0,1,0,2,5,0,4,1,2,0,7,5,0,0,0,0,2,5,0,1,0,0,0,0,0,5,6,3,2,2,2,4,31,3,0,1,0,0,0,26,4,2,3,1,4,1,0,1,1,2,0,9,0,1,0,0,2,12,0,5,1,1,1,1,2,0,2,6,0,0,0,1,7,1,0,3,20,4,0,0,1,0,18,4
2,1,2,2,0,5,3,0,1,7,1,0,0,15,0,0,0,0,2,0,0,0,1,4,0,2,2,9,2,1,1,5,0,3,0,5,0,2,0,4,0,11,3,8,1,14,1,10,26,0,0,2,0,2,1,1,0,0,0,3,0,2,0,0,3,0,1,1,0,0,0,0,0,9,0,1,1,4,0,1,4,1,0,12,8,1,0,1,1,2,0,1,2,7,2,1,11,32,0,0,22,1,0,5,1,0,1,0,1,2,0,1,4,3,13,7,3,0,0,0,0,0,1,2,4,11,0,3,1,0,1,1,0,3,1,6,2,0,0,0,0,0,2,1,1,0,5,0,2,0,0,1,0,0,0,5,1,0,2,0,2,0,8,0,4,0,1,1,0,1,5,0,0,2,0,2,0,2,1,0,1,0,3,1,2,0,1,0,4,0,9,2,0,1,0,7,0,0,9,3,1,0,4,0,13,5,0,1,0,0,1,0,0,0,1,0,0,2,2,1,1,0,0,1,2,1,0,1,4,1,1,5,0,2,1,3,0,0,3,0,1,1,6,0,0,0,2,6,1,3,0,0,0,1,8,0
2,0,0,3,0,4,3,4,8,4,0,0,0,2,1,0,2,0,2,0,4,1,1,4,6,0,1,0,0,1,49,4,0,0,3,4,1,5,1,4,3,0,3,5,0,1,2,0,1,0,0,2,0,0,1,2,1,0,0,3,0,0,2,0,0,1,0,4,0,0,1,0,3,3,0,0,2,3,11,0,4,3,3,6,5,0,0,4,2,0,2,1,2,10,1,1,0,4,1,2,0,2,1,5,1,1,0,0,2,8,1,0,3,1,0,3,0,6,1,1,1,1,1,2,2,1,1,0,4,10,5,1,0,0,0,2,1,4,1,0,0,2,3,0,1,6,2,0,0,11,1,1,4,2,1,8,1,2,1,0,0,1,33,1,4,11,0,0,0,2,0,2,3,0,0,3,0,4,3,3,2,0,6,3,1,0,0,0,2,11,1,1,4,0,3,5,4,1,1,2,1,3,1,0,29,2,1,0,0,2,1,1,3,0,1,5,4,0,0,0,0,5,2,7,0,0,0,1,3,1,0,3,0,1,2,3,0,1,1,0,0,5,1,0,0,0,2,5,3,4,2,0,0,0,2,3
0,1,0,0,0,2,2,0,5,2,0,0,0,3,4,0,1,5,1,0,3,0,0,2,0,6,0,1,1,2,1,4,2,0,0,1,0,9,0,2,1,10,2,5,0,3,4,0,7,0,0,1,0,0,0,2,0,0,1,2,0,0,0,0,0,0,0,1,10,4,1,3,4,4,0,0,4,1,1,1,0,0,1,7,4,1,1,4,6,0,0,2,2,5,7,0,1,1,0,0,7,1,10,4,0,0,1,0,3,9,5,0,5,0,4,4,0,3,0,0,2,0,0,0,2,6,1,10,3,4,8,0,1,1,1,0,0,0,0,0,0,2,1,1,1,4,1,2,1,13,0,0,7,2,0,3,2,1,2,0,0,0,33,0,4,7,3,12,0,1,2,1,0,1,2,0,0,0,3,2,1,2,11,1,0,0,0,0,0,7,0,0,0,0,1,8,2,3,14,4,0,3,0,0,26,5,1,0,0,0,2,4,6,0,0,1,5,0,0,2,6,5,0,11,0,3,3,0,12,6,1,4,0,0,1,2,7,0,4,1,2,1,1,3,4,4,1,2,2,12,0,0,0,1,3,6
0,1,1,2,0,4,1,0,4,1,1,1,1,1,1,1,2,0,0,0,1,1,0,3,1,0,1,2,0,0,0,1,0,0,0,2,0,7,1,2,4,10,2,0,3,6,8,0,2,1,0,1,0,0,0,3,0,1,0,5,1,0,6,0,0,2,0,0,6,0,0,2,0,6,1,0,6,2,0,0,0,0,0,1,10,0,1,2,4,1,0,2,1,3,2,3,4,2,0,0,0,3,2,2,1,0,5,6,2,10,1,3,3,0,2,9,3,7,0,1,2,1,2,3,4,5,0,1,4,3,6,4,0,0,1,1,0,0,0,0,0,5,1,2,3,1,0,1,1,5,0,1,4,4,1,0,3,2,0,1,1,0,38,1,7,11,0,0,0,3,4,1,0,5,1,0,1,1,1,4,0,0,11,0,3,0,1,0,0,8,0,3,0,0,0,0,4,2,9,1,0,3,1,0,24,0,0,1,1,0,1,0,6,1,1,1,6,0,3,1,3,4,1,5,0,8,0,0,3,6,0,6,2,1,1,5,4,0,6,1,0,0,0,3,8,0,2,1,1,3,0,1,4,0,8,4
0,0,1,0,1,2,2,0,2,6,0,2,0,7,0,2,2,0,1,0,1,2,0,9,0,1,2,1,0,1,4,1,1,2,2,1,1,0,0,2,0,2,2,4,0,9,5,1,0,0,1,2,0,0,3,0,0,0,0,4,0,1,0,1,0,2,3,0,1,0,0,0,0,3,0,0,2,3,1,0,4,1,1,3,20,1,1,2,4,5,0,0,2,1,0,0,0,18,0,0,11,1,1,3,0,0,1,1,5,4,1,0,2,5,13,0,2,4,0,0,1,0,1,0,2,3,0,0,7,0,4,0,0,3,3,5,0,1,0,0,1,4,1,1,0,0,1,0,5,5,0,14,0,2,0,3,0,2,2,1,0,0,14,0,4,3,0,0,3,0,11,0,0,6,3,2,0,0,6,3,3,1,3,0,0,0,1,3,0,5,1,3,0,0,0,2,0,3,0,0,0,2,1,1,18,0,2,1,0,0,0,0,3,2,2,0,6,1,0,0,0,4,1,1,0,0,0,0,4,4,0,5,0,0,0,2,3,0,1,0,0,0,3,0,0,9,1,1,3,4,0,45,0,0,0,4
0,1,0,0,0,5,2,0,1,11,1,0,1,32,0,0,2,1,4,1,1,1,0,0,0,1,1,13,0,2,5,4,1,0,7,4,1,2,0,0,2,0,2,1,0,17,2,12,1,0,1,0,0,0,8,1,1,0,0,0,0,0,0,38,26,5,7,0,1,1,1,0,1,1,0,0,0,3,2,1,1,0,0,20,2,3,0,1,1,0,4,1,1,5,3,1,2,32,1,0,3,2,0,4,0,0,1,2,4,2,4,0,0,3,10,3,1,0,0,0,0,0,0,4,4,7,0,5,1,0,2,0,0,2,0,5,1,0,0,1,3,3,0,4,1,0,5,0,2,0,1,1,0,0,0,4,1,5,3,0,0,0,1,0,9,1,0,0,0,0,1,1,0,2,1,6,0,0,2,0,1,1,3,0,0,0,8,0,2,1,0,1,1,0,0,0,0,0,0,5,0,0,15,0,0,4,0,4,0,0,4,1,1,0,1,2,0,0,0,0,5,4,0,1,0,0,0,2,3,4,0,1,0,0,0,2,1,0,3,3,0,0,5,1,0,0,0,2,0,2,2,0,0,0,0,2
1,1,0,1,2,3,2,0,3,9,0,2,6,34,0,0,1,0,3,0,0,1,0,0,0,3,1,1,1,1,5,5,1,5,5,2,0,2,0,2,1,0,1,2,0,24,39,8,2,0,0,0,1,1,4,1,3,0,0,0,0,1,0,1,3,0,1,0,0,0,0,0,0,3,0,0,0,0,0,1,0,0,0,13,2,0,1,0,1,4,1,1,0,6,1,0,2,37,0,0,13,2,1,6,1,0,0,0,1,2,1,1,0,5,14,6,1,1,0,7,0,0,1,1,4,21,1,4,2,2,3,1,0,1,1,9,0,1,0,0,2,4,1,2,0,0,5,0,2,1,0,0,2,0,0,0,0,3,1,0,3,0,3,1,2,0,2,0,0,1,0,1,2,7,5,3,1,0,9,4,4,3,4,3,0,1,1,0,0,3,4,0,1,0,0,0,0,0,0,3,0,0,9,1,0,4,0,3,0,0,2,0,2,0,0,1,2,0,0,0,2,3,0,2,7,0,0,0,3,3,0,2,0,0,0,0,0,0,3,2,0,4,4,0,3,1,1,2,0,3,0,3,0,1,1,1
0,1,0,2,4,1,3,1,8,0,3,0,0,0,2,2,1,0,2,0,3,0,0,1,0,0,1,1,0,0,0,4,0,0,0,2,0,1,2,0,5,11,0,2,0,19,13,1,8,1,1,1,0,0,0,3,0,3,6,1,3,1,2,0,1,2,3,0,3,0,1,0,4,3,0,2,17,1,2,1,2,3,3,8,3,0,12,2,3,2,0,1,1,3,7,1,1,0,0,0,2,3,0,8,1,2,1,0,1,6,0,0,2,0,3,2,1,1,0,0,0,0,1,0,2,2,1,2,4,0,5,0,0,1,0,1,1,1,0,0,1,1,0,6,4,5,2,5,0,12,0,0,11,2,0,2,0,4,1,1,0,0,16,0,2,5,0,4,0,0,1,2,0,7,0,1,0,2,1,0,1,2,6,1,1,0,2,0,0,6,1,2,0,1,1,0,4,3,7,1,1,1,2,0,31,3,0,3,0,0,1,33,2,0,1,0,3,1,0,1,1,3,1,0,0,3,1,1,4,2,0,6,0,1,3,2,6,0,2,4,0,1,1,1,3,7,3,1,0,5,3,12,1,0,12,2
0,0,0,0,0,1,1,0,3,10,0,0,1,24,0,0,0,0,2,3,3,0,1,0,2,5,2,1,2,1,2,3,0,0,3,0,2,2,0,1,3,3,1,0,0,28,1,0,3,0,0,1,8,0,3,0,0,0,1,0,0,0,1,0,0,1,9,1,2,1,0,0,2,3,0,1,1,0,0,1,0,1,0,17,0,0,2,0,1,5,0,0,0,3,0,1,0,19,0,0,13,4,0,4,0,2,4,0,6,3,0,0,3,7,2,3,1,1,0,31,0,1,1,5,5,9,1,13,2,0,1,0,0,6,5,10,1,3,0,1,1,5,0,12,3,2,4,0,3,1,0,2,2,0,12,0,2,0,1,0,4,0,3,9,9,1,0,0,0,0,2,2,2,0,0,6,0,4,0,5,4,9,2,0,2,0,4,0,0,5,4,6,0,0,0,0,0,0,3,3,0,1,11,1,3,3,0,2,0,4,0,1,1,3,0,0,1,0,1,0,0,2,1,0,0,2,0,0,3,2,0,0,1,0,0,1,0,0,2,2,0,3,1,0,0,0,1,2,1,1,0,0,0,0,0,1
2,2,0,0,0,1,2,0,10,8,2,0,0,0,0,2,0,6,4,0,1,2,1,0,3,4,1,6,1,1,2,3,1,1,3,4,1,0,0,1,0,0,3,2,0,24,9,6,0,0,3,2,1,0,1,0,0,3,0,0,0,2,0,0,0,1,7,0,1,2,1,0,4,5,2,0,2,3,1,2,7,4,0,13,4,2,1,0,1,2,2,1,3,8,3,3,1,16,0,2,8,2,0,14,3,1,0,2,1,3,1,0,1,4,9,4,2,0,0,0,0,0,0,3,4,10,1,2,2,2,1,1,0,2,2,11,3,0,0,7,2,1,1,2,1,2,6,2,0,4,0,0,8,0,0,2,0,0,2,3,1,0,15,0,5,4,0,0,0,0,2,2,0,2,3,0,0,2,3,1,2,3,0,1,3,1,0,0,0,0,1,0,0,0,0,0,0,8,4,14,3,0,1,0,20,5,0,2,0,1,0,1,0,0,6,1,1,0,0,0,0,0,1,1,0,0,0,0,2,6,0,3,0,4,2,5,3,0,0,0,0,8,7,1,0,0,3,1,1,11,1,0,1,2,17,1
1,0,0,0,0,7,5,1,11,7,5,0,1,21,0,0,0,0,2,0,0,10,1,6,1,2,0,2,1,2,1,2,1,0,4,0,0,0,0,0,1,0,0,5,0,17,1,5,1,0,0,3,0,2,5,0,2,1,0,0,0,2,1,1,1,1,0,0,1,0,1,1,0,3,2,0,0,2,0,0,2,0,0,6,1,1,1,1,3,5,0,0,1,5,0,2,2,44,0,3,9,2,0,2,1,2,1,0,2,2,0,10,1,6,7,3,1,1,0,2,0,0,0,3,1,11,1,9,3,5,5,3,0,0,0,1,0,2,1,0,3,3,2,3,0,1,4,1,1,1,0,0,3,1,1,13,0,1,5,0,0,0,6,2,4,0,0,0,0,0,0,1,0,6,2,3,0,2,9,4,5,1,31,4,3,0,2,0,0,3,9,4,1,0,0,0,0,0,1,5,0,0,1,0,0,4,0,0,2,0,3,0,4,0,1,1,3,0,0,0,0,2,1,4,4,0,0,0,2,2,0,1,0,1,2,0,0,0,0,3,1,6,5,2,1,2,0,6,0,10,2,1,2,0,0,3
0,1,0,0,1,0,6,0,8,8,1,2,0,7,0,0,0,0,2,0,0,4,1,2,1,2,5,4,0,1,3,3,0,13,14,0,0,2,0,2,0,0,3,5,3,28,5,7,3,0,2,3,0,2,6,0,0,3,0,1,0,0,1,1,1,1,5,0,0,0,0,1,0,3,2,0,1,4,2,1,11,0,0,16,5,2,0,0,1,6,1,3,0,3,0,1,2,50,0,0,31,2,0,3,0,0,0,0,1,1,0,0,0,4,20,4,1,0,0,2,0,0,0,0,3,13,1,3,3,0,1,0,0,2,5,11,2,2,1,0,0,0,1,1,1,0,5,0,6,1,2,0,0,0,0,6,0,1,5,0,16,0,2,0,1,1,2,0,1,1,2,1,1,2,2,0,0,1,0,3,2,2,1,3,2,2,3,0,2,2,3,0,0,1,0,0,1,3,0,4,3,0,7,0,0,4,0,0,0,2,1,0,1,0,0,0,2,1,0,3,2,1,0,0,1,0,0,1,4,6,0,0,0,1,0,1,1,0,0,1,0,2,4,0,1,0,0,0,2,5,2,0,0,0,0,1
0,0,2,0,0,0,4,0,5,13,0,0,1,7,2,1,0,0,3,0,1,3,2,1,1,10,1,43,0,2,3,4,1,0,0,1,1,1,0,1,3,0,1,1,7,22,3,5,0,1,1,1,0,1,1,0,4,7,2,8,0,0,0,0,0,2,1,1,1,0,0,0,5,3,0,0,1,2,1,3,2,1,0,13,0,0,0,2,2,4,0,0,1,4,0,2,2,33,0,2,4,2,1,6,1,1,3,0,4,3,3,0,1,12,14,3,1,1,1,0,0,1,2,2,3,11,0,2,2,0,1,1,0,4,3,7,0,1,0,1,0,1,0,4,2,3,3,1,0,2,1,1,0,0,0,0,1,2,2,1,0,1,2,0,3,1,0,0,0,1,0,0,2,1,2,6,0,1,3,4,0,6,1,0,1,0,7,0,0,1,3,0,0,0,0,0,0,4,1,8,0,1,5,3,2,4,2,0,0,0,8,2,1,4,2,1,5,0,1,0,1,1,0,0,1,0,0,0,4,2,1,0,1,3,0,0,1,0,0,1,0,4,2,0,3,0,0,1,0,3,1,0,0,1,0,1
0,4,1,2,0,2,1,1,1,2,0,1,3,0,1,0,1,6,2,0,0,1,0,1,3,1,1,1,2,1,1,5,0,3,1,3,1,1,3,1,2,5,1,1,0,7,2,0,1,0,0,0,0,0,0,0,0,0,7,1,0,0,1,0,1,1,2,0,2,0,0,1,1,9,0,0,2,2,0,0,0,1,1,4,2,1,2,5,3,0,0,0,2,1,2,0,3,0,3,1,1,0,3,7,4,1,5,1,0,3,0,1,3,0,0,5,1,4,6,0,1,0,3,2,1,3,0,10,9,4,4,3,2,0,0,1,0,1,1,0,0,3,4,0,1,1,1,3,0,13,0,1,49,1,0,2,3,2,0,2,0,0,23,0,6,7,0,4,0,1,3,2,0,0,2,2,1,0,0,0,1,0,5,0,2,0,5,0,0,3,1,4,1,2,0,0,1,1,15,14,0,2,1,0,22,1,0,1,2,0,0,1,3,0,1,0,6,0,0,0,1,4,0,5,0,2,0,0,4,6,0,4,0,6,3,2,2,1,1,0,0,4,1,1,2,3,1,1,6,9,8,0,3,0,16,4
2,0,0,0,2,0,0,0,8,0,0,0,2,1,2,0,2,8,1,2,0,3,0,0,1,1,1,3,0,0,1,7,1,1,2,3,1,1,0,3,0,1,3,1,0,3,4,3,1,1,2,2,0,2,1,0,1,0,0,1,0,1,0,1,0,4,0,0,3,0,1,4,0,3,0,0,8,0,0,1,0,0,1,8,7,2,4,5,3,2,0,1,4,5,2,0,1,8,0,0,0,1,1,6,2,7,0,0,3,1,1,1,3,2,3,2,1,4,0,2,1,1,2,2,2,7,0,1,2,7,2,6,0,0,0,3,1,1,0,0,0,3,1,1,7,2,3,3,2,6,0,0,5,4,1,4,1,1,0,0,0,0,18,0,1,3,0,2,0,0,0,0,1,3,1,0,0,2,3,1,2,0,2,2,6,0,0,0,4,2,2,2,0,1,0,0,0,2,9,4,0,3,2,5,35,5,0,2,0,11,1,36,1,0,0,0,2,0,0,0,6,2,0,6,2,6,0,1,2,4,0,7,0,0,1,3,3,0,5,1,0,21,5,1,3,3,5,0,7,2,0,1,0,4,11,2
1,0,1,0,0,3,1,1,7,2,0,0,2,3,0,0,0,0,0,5,0,6,2,0,2,0,5,1,2,1,2,2,2,4,3,1,0,2,1,3,1,0,1,0,1,3,3,2,1,0,1,4,0,0,0,0,4,2,2,2,1,0,2,2,0,2,1,0,4,0,0,2,1,12,6,1,2,2,0,6,3,1,1,9,1,3,9,10,2,3,0,0,0,9,3,1,1,6,0,0,2,1,2,4,0,1,9,0,4,3,0,1,1,5,5,3,1,3,1,0,1,0,0,2,4,4,1,1,1,3,5,1,0,3,1,1,0,0,1,0,1,5,2,0,0,1,2,0,0,6,2,2,9,3,1,8,2,0,1,0,0,0,14,0,12,5,0,4,0,0,1,3,1,1,2,8,0,1,4,2,2,1,11,0,0,1,0,0,0,4,0,2,0,0,0,6,5,1,1,2,0,0,5,0,29,3,0,2,2,1,1,0,1,2,1,0,4,1,0,0,2,2,1,5,0,0,0,0,4,6,2,2,1,2,1,1,0,0,12,2,1,9,1,0,4,1,1,3,5,2,0,0,2,1,11,4
2,2,1,0,0,3,0,0,11,3,1,3,4,1,0,0,0,0,1,0,1,4,0,0,0,0,0,0,1,3,3,6,0,1,1,1,0,3,3,4,1,5,1,0,1,8,3,1,0,0,2,4,0,0,0,1,0,1,1,2,0,2,2,0,0,2,1,0,1,0,0,0,2,1,0,1,2,1,1,1,0,3,0,7,0,0,1,12,3,1,0,0,1,9,0,1,2,2,0,1,1,5,0,7,0,0,2,0,2,4,1,2,11,1,0,6,4,3,0,0,1,2,0,1,2,0,0,4,2,10,4,1,0,2,0,0,1,1,0,0,1,5,0,1,3,2,2,0,0,9,0,1,15,4,0,3,3,2,3,7,1,0,27,0,2,7,0,3,0,1,0,3,0,0,1,3,1,2,1,1,0,1,3,0,6,0,0,0,3,4,0,0,5,3,2,0,0,0,4,14,0,4,0,0,22,2,3,4,0,0,0,1,2,1,0,0,3,0,1,2,1,2,0,2,2,2,0,2,4,7,0,8,0,3,2,7,0,0,4,1,0,6,2,0,13,0,2,4,5,11,3,1,0,0,18,2
0,0,3,1,0,5,0,0,9,1,0,1,1,1,1,0,0,0,1,2,0,3,0,2,1,0,1,4,0,0,3,4,0,2,0,8,0,0,5,1,3,2,0,0,1,0,4,0,6,6,0,2,0,0,0,1,0,0,0,2,0,0,0,0,0,1,2,0,1,0,0,0,0,3,0,0,7,2,0,2,1,0,0,9,10,0,3,1,3,1,2,0,2,9,1,5,1,1,0,3,1,3,1,5,2,1,1,0,3,5,1,0,7,1,1,3,0,3,1,1,0,0,0,0,3,8,0,4,1,0,3,1,0,1,1,3,0,2,0,1,0,2,0,5,0,0,8,6,4,14,1,3,24,6,0,4,0,2,2,9,0,0,13,0,4,4,5,0,1,0,2,0,0,4,1,3,0,0,1,1,10,10,6,1,1,1,0,0,0,1,0,1,3,0,2,0,1,0,13,11,1,1,4,3,34,2,0,1,0,0,0,5,1,0,0,0,3,2,0,0,19,3,0,14,0,3,0,1,5,8,0,3,0,3,0,2,2,0,6,1,2,14,3,1,2,0,1,1,4,1,1,0,0,0,18,2
0,5,1,0,3,0,1,0,3,8,0,0,0,16,0,0,1,1,5,0,0,5,1,1,0,2,0,2,1,3,3,4,1,4,4,0,1,3,1,0,1,0,3,0,0,4,6,6,0,0,1,0,0,1,1,0,1,0,0,0,0,0,0,1,1,2,1,1,0,0,0,0,1,3,2,1,1,1,1,0,7,0,0,14,9,2,1,0,0,5,1,1,0,5,0,0,1,18,0,1,6,2,1,6,2,0,2,0,0,0,0,1,0,45,21,6,2,2,0,2,0,0,0,3,5,11,3,2,2,0,0,0,0,2,3,7,0,1,1,0,1,0,4,0,0,0,7,0,1,0,0,1,0,0,2,8,0,0,2,0,11,0,0,1,5,0,0,1,0,0,3,0,3,2,1,3,0,0,4,0,1,5,1,1,4,0,0,0,2,0,11,0,0,2,0,0,0,1,1,5,0,3,3,0,1,4,0,1,2,1,0,0,2,0,0,0,0,0,0,3,0,5,0,0,2,0,0,0,7,2,2,0,0,3,2,0,3,0,0,3,0,13,19,0,1,2,0,1,0,1,0,0,0,1,0,0
0,1,0,0,5,0,1,0,5,0,3,0,2,1,1,0,0,5,0,0,1,7,1,4,0,1,0,0,2,2,0,5,0,0,0,1,1,2,0,2,0,2,1,0,4,2,1,0,3,1,2,1,0,0,3,0,0,15,3,0,1,1,1,1,0,1,0,0,3,3,0,1,0,3,3,0,1,1,0,1,1,0,1,7,1,0,1,8,6,1,0,1,1,8,0,0,1,1,1,1,0,20,0,2,0,13,6,2,0,1,1,0,12,1,4,5,2,0,1,3,0,0,1,2,2,6,1,10,4,5,4,1,0,1,0,0,1,1,0,0,0,0,1,0,0,0,5,0,2,6,0,2,1,1,1,4,0,3,0,8,0,2,24,1,2,8,0,0,0,0,0,4,1,1,18,0,1,0,2,2,0,1,7,0,0,0,1,1,0,2,2,6,4,1,0,20,3,0,14,2,1,0,2,0,29,5,2,1,1,1,0,0,1,1,1,0,3,0,2,0,2,4,3,6,0,1,1,0,3,11,0,4,0,3,1,0,1,1,1,1,2,2,0,1,1,5,1,0,1,5,0,0,0,0,3,2
1,2,0,3,0,4,4,0,17,0,5,2,1,0,2,0,0,0,2,0,5,3,3,2,0,0,0,2,0,1,1,5,0,0,0,5,1,4,3,2,1,0,2,0,0,7,9,0,0,0,3,3,0,0,0,0,1,3,0,2,1,2,1,3,0,1,2,0,0,5,0,0,0,4,0,2,4,3,3,1,1,0,0,9,2,0,6,4,1,2,0,1,1,3,3,3,2,1,1,4,0,3,0,8,0,1,0,0,0,7,0,0,0,2,0,3,0,8,2,1,2,1,2,0,4,9,0,2,2,5,1,0,0,1,1,0,2,2,0,0,3,4,1,0,1,0,4,0,2,3,0,1,16,2,2,2,0,1,0,4,2,2,23,2,1,5,5,2,0,0,3,1,1,2,4,1,0,3,1,3,1,1,3,1,0,1,0,0,2,3,1,0,2,1,0,0,1,5,5,9,1,2,4,4,27,3,0,0,2,0,0,27,2,0,0,0,2,0,0,0,1,3,0,5,1,3,0,0,3,4,0,4,1,1,0,1,1,0,1,1,1,1,0,1,2,3,2,1,2,16,0,1,0,0,17,2
2,0,1,0,0,2,6,0,3,5,0,0,1,3,0,0,0,0,3,0,4,2,0,0,0,0,1,2,1,1,2,6,0,0,1,2,0,6,1,2,5,0,2,2,0,2,4,1,7,1,1,3,0,1,0,1,7,2,1,2,1,0,2,2,0,3,0,1,19,1,0,0,1,4,5,2,0,0,1,2,1,0,3,8,10,0,0,4,3,1,1,0,2,4,1,1,0,1,0,0,1,7,0,5,0,2,1,0,1,1,1,2,5,0,0,3,0,3,0,0,2,11,2,3,4,5,0,14,2,9,1,1,0,1,1,0,0,0,0,0,0,5,1,0,1,3,4,0,0,3,0,0,1,3,0,5,1,1,0,0,2,0,20,7,3,8,4,0,0,0,3,0,0,0,6,0,0,1,0,2,3,0,13,0,0,0,0,0,1,1,0,4,1,0,2,23,4,7,0,7,1,2,2,1,14,2,0,1,1,1,0,0,2,0,0,1,2,1,0,2,8,1,3,3,0,4,0,1,4,3,0,5,1,0,7,0,1,0,0,1,2,7,0,0,3,0,0,0,5,3,0,1,3,0,7,1
1,1,0,0,1,2,0,0,16,0,3,4,1,1,0,0,1,1,3,0,0,0,1,2,1,0,3,2,2,0,2,7,0,0,0,4,1,0,0,1,0,0,1,0,0,5,5,0,0,0,1,3,0,0,0,0,0,1,0,0,0,0,0,1,0,0,2,0,3,4,1,0,2,2,0,1,1,0,0,0,1,0,2,7,3,0,5,5,1,1,0,1,5,3,1,0,2,1,0,0,3,1,2,4,3,1,2,0,2,2,0,3,0,2,1,2,0,1,0,1,0,0,2,1,2,2,1,4,3,8,24,3,4,0,1,0,0,0,0,1,1,0,2,0,1,3,2,1,0,10,2,1,21,3,0,2,1,4,0,6,0,1,25,0,10,2,2,3,0,0,4,0,1,1,0,1,0,2,0,2,1,6,2,0,2,0,2,0,2,1,3,0,0,0,3,0,0,5,3,15,1,1,1,0,12,2,0,4,0,0,0,22,3,1,0,2,2,0,2,1,0,1,1,5,1,4,0,1,3,3,2,6,0,2,1,1,2,2,1,0,0,6,3,0,2,10,0,3,4,6,2,0,0,2,21,2
0,0,0,0,0,0,1,5,5,8,1,2,2,14,0,0,1,0,4,1,1,3,1,0,0,1,1,21,0,3,1,4,0,0,4,0,0,2,0,1,4,0,1,0,5,17,1,4,0,0,1,2,1,1,6,0,0,0,0,1,0,0,0,0,0,0,7,0,0,0,0,0,2,4,1,0,0,2,0,1,0,0,0,14,3,8,1,0,0,2,2,1,2,6,0,0,1,44,0,0,20,3,0,5,1,0,0,0,0,0,2,1,0,2,9,4,1,0,0,1,0,0,1,3,4,6,1,13,0,0,0,1,1,1,6,9,0,2,0,0,1,0,3,8,0,0,7,0,0,0,1,3,0,0,0,27,0,2,0,0,1,0,0,1,3,0,0,0,0,0,0,1,2,7,0,3,0,0,12,0,1,1,10,2,1,0,5,0,1,1,0,2,0,0,0,0,0,0,0,4,1,0,3,0,1,4,0,1,0,0,3,0,0,0,1,0,2,0,0,1,1,0,0,2,0,1,0,0,5,1,0,2,0,3,0,0,0,0,0,1,0,4,4,0,1,2,0,2,0,0,2,0,0,1,0,0
1,8,0,0,2,1,1,0,3,3,1,3,1,4,1,0,1,0,1,0,1,0,0,0,1,2,1,5,1,1,1,1,0,0,0,3,0,1,0,2,1,2,3,1,0,14,13,2,1,1,4,2,1,0,0,0,0,0,0,2,0,0,1,1,0,0,2,0,0,0,1,1,1,5,0,0,2,4,1,1,1,0,3,8,3,0,1,2,3,0,1,0,1,2,2,2,0,6,0,1,2,2,1,2,0,4,3,0,3,7,0,0,3,3,7,1,2,3,0,1,1,0,0,1,2,4,1,7,2,3,4,3,0,3,0,2,0,1,0,3,1,5,1,0,3,2,2,0,0,2,0,0,11,2,1,4,0,0,1,0,0,0,15,0,7,4,2,0,0,1,0,0,0,1,0,2,0,0,3,0,1,3,4,1,22,0,2,0,0,4,3,3,0,0,0,4,0,2,5,5,1,0,2,1,16,2,0,3,0,4,0,2,2,0,0,0,4,1,0,1,2,3,2,5,0,0,0,2,6,3,1,4,0,2,0,2,1,0,3,0,0,7,10,0,1,1,1,4,18,6,0,0,1,0,5,3
2,6,0,0,0,2,1,0,10,0,0,0,0,1,0,0,0,0,0,1,0,10,0,3,0,0,0,0,1,1,0,1,0,0,0,3,2,2,1,1,4,2,1,0,0,1,3,0,0,0,0,0,0,0,0,1,1,0,0,2,0,0,1,1,0,1,1,1,2,1,0,0,1,1,0,1,29,0,0,0,2,0,1,1,0,0,25,11,3,0,0,1,2,2,2,12,2,1,1,0,2,4,2,3,2,0,3,0,3,2,0,2,4,2,0,2,0,5,0,0,3,0,2,1,1,4,0,8,3,4,4,5,0,0,0,0,1,2,0,0,0,3,1,0,0,1,1,3,0,0,1,0,44,3,0,1,0,2,3,0,1,0,18,0,5,1,2,5,0,1,4,0,1,1,1,1,0,0,3,2,0,0,2,1,0,0,0,0,2,3,0,1,0,0,1,0,0,5,5,8,0,2,4,6,24,2,1,0,0,0,0,6,4,0,0,0,5,0,1,1,0,6,0,17,0,0,1,0,2,5,0,6,0,0,0,3,2,0,4,1,0,1,3,0,1,0,1,1,2,7,0,0,0,0,8,5
1,5,0,0,0,2,1,0,4,14,0,0,0,29,0,0,1,0,3,0,0,2,1,0,2,0,0,0,4,1,2,2,0,0,0,0,0,0,0,0,0,1,1,0,0,7,0,0,0,0,0,0,1,0,6,1,0,0,0,1,0,1,1,0,0,2,1,0,0,0,0,0,0,3,0,1,0,3,1,2,9,1,0,19,0,1,3,3,2,1,2,0,5,3,1,2,1,18,0,1,1,2,1,3,1,0,5,0,7,3,0,0,0,8,10,2,2,0,0,0,0,0,0,1,2,6,1,0,2,0,3,0,0,4,0,2,0,1,3,1,4,7,0,6,2,2,5,0,0,1,2,1,0,2,3,0,0,1,0,0,0,0,4,5,11,0,0,0,6,1,0,0,0,1,4,6,0,7,0,2,1,7,0,1,0,1,3,0,6,3,20,4,0,0,0,0,1,0,0,4,0,0,7,2,0,2,0,1,0,0,0,0,2,3,2,1,4,0,0,0,1,2,1,0,0,2,0,7,2,0,1,0,1,3,6,7,0,0,5,4,1,9,29,1,1,1,1,0,0,2,0,0,0,0,0,1
0,2,0,1,1,3,0,0,3,0,0,2,0,1,1,1,1,0,3,6,4,1,1,0,0,0,0,4,0,3,3,6,0,1,3,1,0,5,0,2,4,1,1,2,0,4,4,2,0,1,1,3,0,0,4,0,0,1,0,6,0,0,0,2,0,0,0,1,7,2,0,0,4,4,0,0,2,5,2,0,1,2,0,8,7,0,1,3,4,0,0,2,2,6,0,2,0,1,0,0,1,7,6,10,0,6,1,1,4,3,1,0,1,0,9,4,0,6,0,0,0,0,2,3,2,4,0,0,4,1,5,1,1,5,1,0,0,3,0,0,0,0,4,0,1,5,2,0,1,5,0,0,1,7,0,3,2,0,1,2,2,0,31,1,4,8,0,1,0,1,0,1,1,2,4,1,0,0,2,0,0,3,16,0,2,0,2,2,2,3,0,3,3,0,5,0,0,0,11,2,2,1,0,0,23,3,0,1,0,0,0,0,2,0,0,3,4,1,0,0,3,3,1,4,0,1,0,0,6,6,2,7,0,1,0,6,2,0,4,0,0,1,3,1,4,0,3,1,1,5,3,2,2,0,14,2
0,3,1,0,0,2,1,0,8,17,0,0,0,30,0,1,0,0,4,0,0,1,0,0,2,3,1,2,1,2,3,2,0,0,0,1,0,0,0,0,3,0,2,4,0,14,0,0,0,0,0,0,1,0,5,0,2,0,0,0,0,1,0,1,0,1,1,1,0,1,1,0,1,2,0,0,0,5,0,4,8,1,0,19,0,5,4,1,2,3,1,1,2,8,0,1,6,28,0,0,0,3,0,14,0,0,2,0,1,5,0,2,0,7,7,2,1,2,0,0,0,0,0,4,5,7,3,2,1,0,2,0,1,4,1,10,0,0,0,0,1,1,1,8,3,2,3,1,0,2,0,0,0,0,8,1,3,4,3,0,2,1,3,3,4,1,4,0,0,0,1,0,0,6,0,4,0,2,1,1,1,11,1,3,0,0,2,0,2,2,6,2,0,0,0,0,0,0,1,4,0,0,6,2,3,3,0,4,1,4,0,2,1,2,0,2,3,1,2,0,1,2,0,2,1,0,0,0,2,3,0,1,0,1,1,0,1,0,1,1,0,4,5,0,1,0,0,1,1,2,0,0,0,0,0,1
1,3,0,3,0,1,1,0,3,13,0,0,0,29,0,0,0,0,4,0,0,0,0,1,0,13,1,28,1,1,1,3,1,0,4,0,0,0,0,3,0,0,0,0,5,17,0,3,0,0,3,2,0,1,6,0,1,0,0,0,1,1,0,1,0,0,1,1,1,0,2,0,0,2,0,0,2,3,0,1,0,2,0,19,2,1,4,0,2,2,0,2,2,7,0,0,6,18,0,0,5,1,0,3,0,0,3,0,2,1,2,0,0,1,6,3,1,0,0,0,0,0,0,2,3,8,0,0,1,1,1,0,1,8,1,15,0,0,0,0,0,9,2,6,2,2,4,2,7,3,0,1,1,0,0,0,1,2,0,0,4,1,3,8,4,0,2,0,0,0,0,0,0,2,1,4,0,2,0,2,2,5,1,0,0,0,1,0,8,2,2,1,0,0,0,0,0,12,1,3,1,1,11,0,1,4,3,1,0,2,4,0,2,3,0,0,1,0,0,1,1,1,0,0,2,0,0,5,7,1,0,0,1,3,0,5,1,0,0,1,0,3,4,0,0,0,0,0,0,5,0,1,0,1,0,1
2,0,1,0,1,1,1,0,9,3,1,0,3,0,0,0,0,0,0,29,5,2,0,0,0,1,1,3,0,1,1,4,0,1,1,2,0,3,0,2,2,0,1,0,1,0,3,0,1,2,1,0,0,0,0,0,2,1,0,3,1,0,5,1,0,6,0,0,2,2,1,1,0,10,2,0,3,0,1,0,0,0,0,7,4,1,2,6,3,0,0,0,2,1,7,1,6,2,3,1,2,1,3,3,1,0,1,0,5,3,0,0,7,2,4,1,1,4,0,2,1,2,3,3,1,2,0,4,3,9,3,0,3,0,1,0,1,1,0,0,0,1,2,0,3,4,2,2,1,1,0,0,3,0,1,2,1,2,1,2,1,1,38,45,6,13,3,3,0,1,0,1,1,1,2,1,0,0,0,1,2,4,9,6,8,1,0,0,1,5,0,3,1,0,0,1,2,4,6,1,0,1,4,1,13,3,0,0,0,0,2,1,4,0,0,3,6,1,0,1,4,4,3,5,0,0,3,2,4,14,0,1,1,0,2,0,2,0,2,1,0,1,3,1,4,0,1,2,6,3,0,0,1,1,9,3
3,3,0,0,0,0,4,0,4,0,0,0,5,1,0,0,0,0,0,0,0,3,0,0,1,1,0,0,0,0,0,9,0,1,1,3,0,0,5,0,2,7,0,0,0,24,5,0,26,0,3,5,1,0,0,2,0,4,2,4,0,1,0,0,0,2,0,0,7,0,0,0,1,9,1,0,9,2,1,0,0,0,1,8,1,0,12,0,2,1,0,1,1,3,3,1,0,1,1,1,0,1,0,2,0,0,2,0,1,1,0,1,3,0,1,3,1,0,0,0,0,0,1,1,3,3,1,4,1,1,1,1,2,1,0,1,1,1,0,0,0,0,5,0,0,3,3,0,0,2,0,0,2,1,1,0,0,0,0,1,3,1,12,1,4,7,0,0,0,1,1,1,0,4,0,1,0,0,3,1,2,0,9,1,28,0,0,0,1,2,0,0,0,0,1,3,0,5,4,3,0,2,1,2,14,3,0,1,0,0,0,3,1,0,0,0,2,0,0,2,6,1,0,2,0,5,2,1,5,10,0,11,1,1,0,1,5,0,2,0,0,5,2,1,4,12,1,0,12,2,0,0,2,0,15,1
0,1,0,0,0,0,0,0,2,8,0,1,0,23,0,1,1,1,4,0,0,0,3,1,1,2,1,2,3,1,2,5,0,0,0,3,1,3,0,1,0,1,1,0,1,12,0,2,1,0,0,0,3,1,4,0,0,2,0,5,1,0,1,0,0,1,0,0,8,0,1,0,2,2,1,0,0,2,0,1,6,0,0,22,1,8,0,0,8,6,4,1,11,7,2,1,6,29,0,0,3,1,0,3,0,0,1,0,0,3,2,4,0,5,4,3,1,0,0,5,0,0,1,2,4,11,0,2,2,0,1,1,0,1,0,5,2,0,2,0,1,3,0,3,1,0,4,0,0,1,0,0,1,0,8,1,0,2,0,0,0,0,3,3,4,0,7,0,0,0,1,1,2,4,2,3,0,1,2,3,2,10,18,1,2,0,0,0,0,2,5,4,0,0,0,0,0,1,1,3,4,0,9,7,7,3,0,3,2,2,9,0,1,1,0,0,0,3,0,0,0,1,0,4,1,0,0,0,2,2,0,0,0,0,0,1,4,0,0,4,0,2,2,0,1,3,1,0,0,7,1,0,1,0,0,1
1,0,1,2,1,2,2,1,2,0,0,0,0,0,2,0,0,0,1,0,1,1,0,0,0,2,4,0,1,0,2,4,0,0,0,0,2,6,1,9,0,0,2,1,1,1,0,0,2,0,1,1,1,0,1,3,2,1,1,2,0,2,3,1,0,0,0,0,2,1,1,2,1,4,0,2,0,1,0,2,0,0,1,5,0,0,1,14,2,2,0,0,1,5,1,0,1,1,0,1,4,36,0,7,0,2,6,1,1,5,0,0,8,1,1,6,0,8,1,3,1,0,5,0,2,3,0,10,2,7,2,1,1,2,0,0,2,1,1,1,0,2,2,1,2,0,2,1,0,6,2,0,1,2,0,3,1,2,0,0,0,1,19,1,4,7,2,2,1,1,0,0,1,1,3,2,0,0,1,1,1,0,5,0,5,0,0,0,2,3,0,0,6,0,0,0,1,0,2,2,0,8,0,0,27,3,1,0,0,0,0,0,3,0,0,1,2,1,0,0,4,3,2,9,2,0,0,0,3,5,0,4,1,0,0,5,4,0,17,2,0,6,1,1,3,0,3,2,1,8,0,0,0,2,3,2
0,0,0,1,0,0,0,0,3,13,1,0,0,23,0,1,0,0,2,0,0,0,3,0,1,2,0,27,1,1,2,3,1,1,4,0,0,1,0,0,1,0,1,0,0,24,6,5,1,0,0,2,11,0,2,0,2,4,0,6,0,1,0,1,0,1,2,0,1,0,0,0,0,1,1,3,1,2,0,1,2,2,1,13,2,5,0,0,2,4,4,0,1,3,0,1,1,24,0,0,9,1,1,14,0,2,0,0,1,0,2,2,0,3,2,2,2,0,0,0,0,0,0,5,2,8,3,0,2,0,1,0,0,2,1,3,0,0,0,0,0,1,0,4,1,1,2,0,0,0,0,0,0,0,7,1,0,0,1,1,12,3,1,5,2,1,6,0,0,0,0,1,2,1,1,4,6,1,3,0,0,6,0,9,1,0,0,0,0,2,6,3,1,2,2,0,0,0,2,2,0,0,0,0,0,2,0,0,0,0,0,0,1,0,0,0,3,0,0,0,1,1,0,0,0,0,0,0,5,0,1,0,0,1,0,2,2,0,1,1,0,9,12,16,0,0,0,1,4,3,0,0,1,0,2,3
3,1,0,0,0,0,0,0,1,0,0,8,0,0,1,0,1,10,0,0,0,2,0,0,0,1,0,0,1,0,0,2,0,1,1,2,1,0,0,0,3,0,0,0,0,13,1,1,18,1,0,3,0,0,0,5,0,2,2,0,0,0,0,1,0,1,0,0,1,0,0,0,1,6,1,0,2,1,1,0,0,1,4,1,1,0,2,0,4,0,0,2,2,3,0,0,1,0,0,0,0,2,0,3,0,4,0,0,2,3,0,0,3,1,0,0,0,0,0,1,0,4,1,1,1,2,0,2,4,2,4,0,0,0,0,0,0,0,2,0,2,2,0,2,2,4,1,0,0,1,0,1,16,4,0,0,0,3,0,1,21,0,20,2,6,3,2,0,0,2,0,0,1,1,0,1,0,4,3,0,7,0,2,0,20,2,1,44,1,5,0,0,2,0,0,0,2,2,1,4,0,3,2,1,20,1,3,0,0,0,0,3,4,0,2,2,5,0,0,2,0,6,0,0,0,0,2,2,7,4,0,4,1,2,0,3,3,0,0,2,0,5,2,3,1,0,1,0,1,5,0,0,0,1,5,3
1,1,0,2,0,1,4,1,3,0,0,2,0,0,0,0,1,0,5,0,1,1,0,0,0,1,1,0,0,0,1,4,0,1,0,1,0,2,4,1,0,1,2,1,0,9,2,2,5,0,2,0,0,0,1,0,0,2,0,2,0,0,0,0,0,3,1,3,2,2,0,1,1,4,0,0,5,2,3,2,0,3,1,7,1,0,2,7,3,1,0,0,2,5,35,0,1,0,0,1,0,0,1,5,0,0,1,0,0,3,0,0,0,1,0,2,0,2,0,0,0,0,1,1,2,2,0,0,3,4,2,2,4,0,1,3,1,1,0,0,1,0,2,0,2,3,2,1,0,11,0,0,27,6,1,0,1,1,1,1,0,0,13,0,3,9,0,1,0,0,4,2,0,0,0,1,0,0,0,1,2,0,7,2,5,0,0,1,1,4,0,0,1,0,0,4,0,1,4,9,0,1,0,0,25,2,0,1,0,0,0,0,2,0,1,2,4,0,0,1,5,2,0,8,1,2,1,1,6,2,0,7,0,0,0,4,2,0,7,2,2,0,1,3,1,0,1,0,2,13,0,3,4,0,19,7
0,3,0,1,1,0,0,0,6,0,0,3,0,5,1,0,1,0,2,0,2,5,2,0,0,1,0,3,3,0,1,6,0,0,3,5,0,1,1,2,1,3,1,0,0,13,10,0,0,2,1,3,0,2,1,0,0,4,0,2,0,0,1,0,0,2,0,2,1,0,0,0,0,4,0,0,15,2,0,0,1,2,0,9,4,1,5,5,2,5,0,0,1,2,11,1,1,3,0,1,0,1,2,5,3,2,3,0,2,2,0,1,4,1,1,2,1,2,0,0,1,2,1,0,2,7,0,2,3,5,3,2,0,2,1,1,0,1,0,0,1,2,0,0,0,0,2,0,0,4,0,1,28,1,1,1,3,1,1,2,1,1,18,0,7,3,8,7,0,3,2,1,0,7,3,0,0,2,1,0,1,0,1,0,2,0,1,0,0,2,0,1,0,0,0,0,4,0,4,5,1,0,2,1,27,3,0,3,6,0,0,15,3,1,1,0,3,0,0,2,7,2,3,6,0,0,0,0,3,1,5,6,0,3,0,3,1,0,1,0,1,3,2,0,5,0,0,1,5,7,2,0,0,0,11,2
2,1,0,0,1,0,2,0,1,6,1,0,0,3,0,0,3,0,0,0,1,4,2,3,0,1,0,0,0,1,3,1,0,0,1,2,0,1,0,0,2,2,2,1,2,3,2,1,1,1,2,4,0,0,1,1,0,0,19,6,0,4,0,1,3,0,1,0,1,0,0,0,1,3,0,2,2,2,0,1,0,2,1,3,4,0,8,4,4,1,1,0,1,1,0,0,2,8,0,0,2,4,2,4,0,2,3,0,3,5,1,0,2,2,10,0,1,0,0,1,0,6,0,4,2,2,0,1,6,0,7,1,1,0,2,4,0,0,0,0,0,0,4,2,2,2,0,1,4,10,2,3,2,5,2,1,0,0,0,1,0,1,25,1,9,6,0,1,0,0,4,2,0,0,2,2,2,1,4,1,1,2,0,2,0,0,2,0,0,4,1,0,1,1,1,3,0,6,2,2,0,2,3,0,19,1,6,1,0,0,0,1,2,0,1,0,4,0,3,0,6,7,0,26,0,0,1,1,4,5,0,0,0,0,0,4,1,0,7,0,2,4,1,1,1,0,1,0,5,7,1,2,0,0,1,6
0,0,1,2,0,0,0,0,5,0,0,0,1,0,0,0,1,0,0,0,3,1,1,1,0,0,1,0,0,0,1,0,0,0,4,2,1,0,1,0,0,0,0,0,0,9,9,0,3,1,2,0,0,1,0,1,0,0,0,1,0,0,1,0,0,1,0,0,6,0,0,0,0,6,1,0,2,3,0,0,0,0,0,0,0,0,5,6,4,3,0,2,2,5,1,1,0,0,0,0,0,0,2,3,6,2,5,0,0,18,2,32,2,0,2,5,0,7,0,1,0,1,2,0,1,2,0,0,3,1,4,2,1,0,0,2,0,2,0,0,1,0,0,0,2,0,0,1,1,1,0,6,20,1,0,10,0,2,0,0,0,0,30,0,6,4,4,1,1,2,3,0,0,2,2,0,0,4,1,3,0,1,2,1,1,1,2,0,2,4,1,1,0,0,0,0,6,0,1,0,2,0,2,1,20,0,0,0,0,0,1,0,3,1,4,1,9,0,1,0,0,4,1,1,0,0,0,0,5,4,1,3,0,1,0,1,0,0,2,5,0,0,0,0,2,6,0,0,3,6,0,1,2,0,1,5
0,2,2,0,0,1,0,0,14,2,0,0,0,5,0,0,0,1,1,0,0,3,3,0,0,6,0,1,1,2,1,6,1,0,2,4,0,3,1,2,0,1,0,0,0,2,6,1,3,2,1,1,0,1,1,1,0,0,1,1,0,1,0,0,0,2,0,0,23,1,0,0,0,5,0,0,4,3,0,2,4,1,2,9,1,0,7,1,2,5,3,0,2,2,0,0,1,10,0,1,3,1,2,3,2,0,1,0,1,1,0,0,6,3,9,2,1,3,0,0,0,4,0,1,3,3,1,1,1,2,1,0,0,1,0,2,1,2,0,0,0,1,0,1,0,0,3,0,2,1,0,0,32,1,0,1,0,2,0,0,2,0,15,3,7,2,7,3,0,0,3,3,0,3,2,5,0,2,3,3,3,7,2,3,2,1,0,1,2,4,6,0,0,1,0,1,2,1,2,10,0,0,5,1,19,2,0,0,2,2,1,2,0,3,0,0,2,0,0,0,1,4,0,3,3,1,0,0,5,6,1,3,0,2,0,0,2,0,2,4,0,9,6,0,6,0,0,1,1,2,2,2,0,2,8,3
2,0,1,0,0,0,1,0,2,5,0,1,1,3,1,0,0,0,1,0,0,0,3,0,0,3,1,3,0,4,1,3,0,0,1,0,0,1,0,0,3,0,0,1,1,0,0,5,2,0,1,1,0,0,2,1,0,3,0,1,1,0,1,1,0,1,1,0,1,2,0,0,2,2,0,0,0,1,1,1,1,1,1,7,1,0,1,0,1,2,0,0,1,3,0,0,2,16,2,0,1,1,3,3,1,3,1,0,3,3,0,1,1,2,14,2,3,1,0,1,1,0,0,1,3,6,0,4,0,0,0,0,0,2,2,1,0,0,0,0,1,0,2,0,0,0,16,1,0,0,0,0,0,0,2,5,0,1,3,0,8,6,1,0,2,0,1,11,0,0,0,0,9,3,1,5,1,1,1,3,2,3,3,4,3,0,0,1,1,0,9,0,2,0,1,0,1,0,1,2,3,0,5,1,3,3,2,0,22,2,2,0,1,0,2,1,3,1,1,4,0,0,0,1,0,1,2,0,2,1,1,0,0,0,8,1,4,0,2,4,0,9,49,0,0,0,5,26,0,1,1,2,1,0,0,1
1,1,0,0,2,0,0,0,10,0,0,0,0,0,0,0,2,1,0,0,0,16,0,0,0,1,0,1,0,5,3,4,0,1,0,1,1,3,1,1,0,4,1,0,0,3,9,0,3,0,0,0,0,0,0,0,1,1,0,2,0,0,0,0,1,0,0,0,3,1,1,1,1,1,1,0,0,0,0,0,0,0,0,6,4,0,2,1,2,1,0,0,1,5,0,0,3,0,0,1,0,5,0,4,0,2,6,0,2,2,1,0,13,0,2,2,0,0,0,0,5,0,1,0,2,5,1,5,1,2,2,0,0,0,2,0,2,0,0,0,0,0,1,2,0,1,4,1,0,2,0,0,2,1,0,2,1,2,0,0,0,0,16,0,3,7,1,12,0,0,1,1,0,5,44,1,0,0,7,1,0,3,3,5,6,0,0,0,1,2,0,1,0,0,0,15,1,4,22,2,0,2,2,0,29,5,1,0,0,0,0,0,2,0,0,1,2,0,0,0,1,2,0,2,0,0,2,0,5,7,0,4,0,1,0,1,7,0,9,1,0,9,1,1,1,4,0,0,6,2,11,0,1,2,3,4
0,0,0,0,1,0,1,0,4,6,0,0,1,10,0,0,0,0,1,0,1,1,1,0,0,15,1,0,1,2,4,2,0,0,1,0,0,0,0,0,1,1,1,0,0,7,2,1,2,0,1,1,0,0,1,0,0,4,1,0,0,1,1,0,0,1,0,3,2,0,0,0,0,5,0,1,1,1,2,0,2,0,0,11,5,3,8,0,2,3,0,0,3,5,0,0,2,20,0,0,0,3,0,2,2,2,3,1,1,3,2,1,0,4,6,3,2,2,0,4,0,0,0,1,4,6,0,11,2,3,3,0,0,8,0,3,0,1,0,0,0,0,0,7,1,4,2,0,1,3,0,0,7,0,0,9,1,0,1,0,0,0,5,0,5,0,2,5,0,0,0,0,1,5,3,4,0,2,0,1,1,14,14,1,4,0,1,0,0,4,11,0,1,0,0,0,0,0,2,2,0,2,5,0,3,1,0,0,0,2,5,6,4,0,1,1,2,1,0,1,1,3,0,0,2,0,0,0,4,6,1,3,0,2,0,1,2,1,0,3,0,12,25,0,1,0,0,1,0,8,1,0,0,1,1,2
0,0,0,0,0,2,0,0,4,4,0,0,0,10,0,1,0,0,3,0,0,0,0,0,0,0,0,5,0,1,1,4,2,0,20,0,1,1,0,0,1,0,4,2,1,21,9,2,1,0,1,1,0,0,6,0,2,2,0,2,0,0,1,0,0,3,4,0,1,0,0,0,1,6,0,0,1,4,1,1,0,1,1,25,1,6,0,0,0,10,1,1,0,6,1,0,1,33,0,0,8,2,1,6,1,1,0,0,0,0,1,2,0,8,11,4,2,0,0,0,0,0,0,3,5,8,0,6,1,0,1,0,0,1,3,15,1,1,0,0,3,0,5,1,1,1,5,0,2,0,0,3,0,0,0,1,0,0,0,0,21,0,2,0,7,0,2,0,0,0,1,1,3,5,0,5,0,1,0,2,2,4,33,2,0,0,4,0,0,1,8,6,3,0,0,0,0,0,2,4,0,0,6,0,3,3,0,0,0,3,0,0,0,0,2,1,4,1,0,0,0,2,0,0,4,0,0,1,3,0,3,0,0,1,0,0,7,0,0,1,0,2,4,0,1,0,0,0,0,2,0,0,0,0,0,1
0,3,0,1,1,0,2,0,3,0,0,1,0,1,0,0,1,1,1,0,2,4,0,6,0,0,0,3,0,0,1,3,0,0,5,3,1,3,2,1,2,0,0,2,2,18,1,0,4,1,0,1,0,1,1,5,2,10,4,4,0,0,1,2,0,2,0,1,18,0,0,1,0,3,1,1,2,1,0,3,2,0,0,6,2,0,7,2,2,2,1,0,2,2,1,2,5,4,1,1,1,1,1,8,4,0,0,0,1,4,0,0,7,0,3,2,1,4,0,0,0,1,0,4,4,10,2,1,3,0,1,2,0,2,0,0,0,0,0,0,0,2,1,0,2,1,3,0,1,1,0,0,0,3,1,5,0,1,0,2,1,0,15,0,3,6,2,2,1,0,0,0,0,2,4,0,1,1,2,3,1,1,4,8,35,0,0,0,0,3,0,4,1,0,0,0,1,0,3,2,2,2,0,2,19,2,3,2,5,0,1,0,2,1,0,0,2,1,1,1,0,2,0,3,1,2,1,0,4,10,0,4,0,1,0,1,3,0,5,4,0,3,0,1,1,0,0,1,3,7,2,1,1,0,6,2
0,1,0,0,2,0,4,0,4,6,0,0,0,6,0,0,2,0,2,0,1,2,2,2,2,8,1,0,1,1,2,3,0,3,2,0,0,1,0,2,0,0,0,0,0,11,23,0,3,0,1,0,1,0,4,1,0,0,0,0,0,0,0,0,0,2,0,0,0,0,1,1,1,4,1,0,0,4,0,0,2,0,0,17,1,0,2,0,2,3,0,2,1,6,1,0,1,18,0,0,2,1,0,3,0,0,3,0,3,3,2,0,0,6,4,4,1,0,0,0,0,0,1,6,3,8,1,2,2,0,1,1,0,4,0,0,0,0,0,0,0,0,0,4,1,2,4,0,1,1,0,0,1,0,0,3,0,1,1,0,7,0,3,0,4,0,2,1,0,0,0,0,1,1,3,3,0,1,0,3,0,14,14,1,0,2,2,0,1,3,20,2,0,0,1,0,2,0,1,6,4,1,2,5,0,3,1,0,3,2,5,1,1,6,3,1,1,0,0,0,3,1,2,2,1,0,1,0,3,1,0,1,0,1,0,1,2,0,0,4,0,16,23,0,0,0,3,4,0,2,0,0,1,0,0,1
1,0,0,2,1,0,3,0,3,1,0,0,0,5,1,0,2,0,0,0,2,4,1,12,0,0,0,0,0,1,0,3,0,0,2,1,0,5,3,1,1,5,2,2,0,29,2,0,1,2,0,0,0,1,0,0,1,2,4,2,1,0,0,0,0,2,1,0,6,2,0,0,11,3,1,0,2,0,0,0,0,0,1,2,0,0,19,0,4,0,2,0,3,2,1,6,0,1,1,0,5,1,1,5,0,0,2,0,1,3,2,0,3,1,0,1,0,1,1,0,0,0,0,1,1,4,1,1,2,4,2,4,0,0,0,0,0,0,0,1,1,1,1,7,1,0,1,0,0,1,0,0,0,1,0,1,0,1,0,0,0,1,19,1,3,4,0,5,0,0,0,0,1,7,2,0,0,2,0,1,1,0,4,0,5,0,0,0,0,2,0,0,0,0,1,16,2,0,2,1,6,1,0,4,27,6,0,1,3,6,0,9,2,0,0,0,4,0,3,2,0,2,4,7,1,0,1,0,3,8,1,5,0,0,0,3,0,0,0,2,0,1,2,1,1,2,1,0,3,3,0,2,0,1,3,2
0,3,1,0,0,2,1,0,6,4,0,5,1,1,0,0,0,0,0,0,5,1,0,4,1,0,0,2,0,1,0,5,1,0,2,2,0,3,3,1,1,2,1,0,0,13,5,0,2,2,1,3,1,0,0,0,0,0,4,2,0,0,0,2,0,0,0,0,3,1,0,0,0,4,0,0,5,2,2,0,2,0,3,7,1,0,1,1,1,0,0,2,1,3,2,0,1,0,0,0,1,3,0,7,1,1,1,0,0,1,0,3,6,1,1,3,1,4,7,0,1,1,0,0,3,4,1,14,1,9,2,0,0,3,2,0,1,1,2,0,0,3,5,0,3,5,3,0,0,3,0,0,19,0,0,1,0,1,2,3,1,0,14,1,4,2,1,1,0,0,1,0,0,1,1,2,0,0,0,1,0,2,0,0,1,0,3,0,0,1,0,1,2,0,3,1,0,2,2,8,0,1,0,1,10,3,0,1,0,0,1,1,1,0,3,1,2,0,1,1,1,4,0,7,0,0,0,0,7,2,0,5,0,3,0,3,1,0,2,0,0,1,0,0,4,0,0,3,9,6,19,3,6,0,14,3
0,1,0,1,0,0,1,1,5,0,0,5,0,0,1,0,1,7,1,0,1,2,0,2,2,0,0,2,0,1,1,4,1,0,2,1,0,3,1,0,0,1,0,0,1,2,1,1,0,0,3,0,0,0,0,0,0,2,0,1,2,0,2,2,1,0,0,1,1,0,0,0,0,4,0,0,11,2,0,5,9,0,0,9,0,0,5,0,5,2,0,0,1,2,1,0,1,5,0,0,3,3,4,5,5,1,3,0,1,4,1,0,5,1,5,1,1,1,1,0,0,0,0,2,1,4,1,2,3,0,3,1,0,2,0,0,0,1,0,1,0,1,1,0,3,0,1,0,0,7,0,1,38,1,0,1,0,1,2,0,3,0,17,0,6,3,5,2,0,2,0,1,0,0,3,1,0,2,0,2,1,0,0,3,0,0,0,1,1,3,2,0,0,1,0,0,4,0,1,10,0,1,0,0,31,2,0,1,0,1,1,34,3,0,1,0,4,0,0,3,1,3,1,3,0,2,3,0,2,4,0,3,0,2,0,3,4,0,0,3,0,5,5,1,0,2,0,2,1,4,2,0,0,0,3,4
0,2,0,0,0,0,2,0,1,0,2,2,0,0,1,0,0,1,4,0,0,0,1,0,1,0,0,1,0,1,0,5,2,1,1,2,0,2,0,1,1,8,1,1,0,10,23,2,0,2,1,5,1,3,3,0,1,1,0,1,0,0,2,0,0,0,0,0,0,0,0,0,0,6,0,0,2,3,0,1,0,0,0,7,0,0,2,3,2,3,0,1,1,3,4,1,1,0,0,0,0,0,0,6,1,0,0,0,2,1,0,2,4,1,3,5,1,4,3,0,1,0,3,0,3,1,0,1,5,6,1,0,3,1,2,0,1,0,0,0,4,3,2,0,0,1,3,10,2,8,1,0,28,2,0,4,0,2,0,0,1,0,8,0,6,5,2,3,0,0,1,0,0,1,0,2,0,0,2,3,3,0,3,1,1,0,1,0,2,1,0,1,0,1,0,0,1,7,2,8,0,0,2,0,18,4,1,1,0,0,1,1,1,1,1,0,2,0,0,0,2,3,2,7,1,1,0,1,4,3,0,1,0,3,1,1,0,0,2,0,0,2,3,0,1,7,0,0,2,11,1,2,0,0,8,2
4,0,1,0,1,0,4,0,4,10,0,0,2,22,0,0,1,0,2,0,1,0,0,2,1,9,0,1,1,2,2,4,0,0,2,0,0,0,0,0,1,0,0,6,0,22,3,1,0,0,2,0,1,0,4,0,2,1,1,0,0,1,2,0,0,0,8,0,0,0,0,0,0,2,1,0,1,3,0,1,3,0,0,17,2,1,3,0,1,4,0,0,0,4,1,0,5,23,0,1,10,5,0,6,0,0,2,0,0,0,1,2,1,5,21,4,1,1,0,0,0,0,0,6,3,12,0,3,0,3,0,1,1,3,1,8,1,0,0,0,0,1,2,4,3,2,4,0,5,2,1,1,0,2,0,1,0,3,0,1,0,0,0,1,5,1,0,0,1,0,1,1,2,6,3,8,0,1,0,3,1,3,1,0,0,1,4,0,1,0,6,5,0,2,0,1,0,0,2,6,1,0,2,1,0,5,0,1,1,1,1,1,1,1,0,0,0,0,1,0,5,0,0,10,1,0,0,0,3,1,0,0,0,1,1,0,1,0,1,1,0,0,7,1,1,0,0,0,0,0,0,1,0,1,0,0
2,2,5,1,0,1,2,3,1,0,0,0,1,0,2,0,3,0,2,1,2,1,5,3,0,3,0,1,4,0,0,2,2,0,4,1,0,0,0,2,0,1,1,0,1,0,4,2,0,7,0,0,1,1,2,0,0,5,0,0,1,1,0,4,0,1,1,0,1,1,0,1,1,6,0,0,1,1,1,0,1,0,0,2,1,1,1,1,3,0,0,0,0,1,0,1,1,0,3,0,0,0,1,2,1,0,2,3,1,2,12,1,2,3,0,4,3,1,0,0,1,0,0,1,2,0,2,6,3,1,3,0,0,4,0,0,0,2,3,0,0,1,1,1,4,0,13,5,0,1,1,0,3,2,0,6,0,1,2,1,3,5,5,1,4,1,0,4,0,0,0,0,9,0,3,1,1,1,3,0,1,2,2,1,4,0,1,11,0,2,0,0,0,0,0,2,3,0,4,1,2,2,0,0,2,2,0,0,11,1,0,1,3,0,0,9,2,0,3,0,4,2,0,10,2,2,0,2,3,1,2,2,3,1,0,4,1,1,1,1,3,6,42,1,0,0,2,18,3,2,1,2,3,2,2,4
2,1,2,0,3,1,1,0,2,8,0,0,0,4,0,1,1,1,2,0,0,3,5,0,0,7,0,2,0,1,1,2,3,7,1,0,0,0,0,0,1,0,0,2,0,11,1,1,1,0,1,1,0,0,2,0,1,0,0,0,0,0,0,0,0,0,0,0,1,0,1,0,0,2,0,1,0,1,1,0,5,0,0,10,3,2,2,1,3,4,0,0,0,2,0,1,0,23,1,0,0,2,1,2,1,0,3,4,1,2,1,0,0,1,20,2,1,0,0,9,0,0,0,2,2,4,5,6,5,2,2,0,0,6,1,0,0,0,0,0,2,1,1,4,0,2,2,1,0,1,0,0,2,0,1,2,6,0,1,0,19,0,3,1,3,0,0,0,0,1,0,0,0,2,1,1,0,0,0,4,0,11,17,1,0,3,2,1,1,4,1,2,0,0,0,0,2,0,1,4,0,2,4,1,0,2,0,2,0,3,2,0,2,0,4,1,1,1,0,0,0,2,0,0,0,1,0,2,4,2,0,2,0,2,3,1,5,0,0,3,0,0,2,0,0,0,2,16,2,8,0,0,0,3,1,3
0,0,1,1,0,1,6,0,0,9,0,0,0,13,2,0,2,0,1,0,1,0,1,0,3,7,1,1,1,2,2,1,1,0,2,0,0,0,0,0,1,1,0,0,0,8,1,0,0,0,1,0,1,0,2,0,0,1,1,0,0,0,0,0,0,0,0,0,0,1,2,1,0,2,1,0,0,1,0,4,3,2,0,8,7,0,0,0,3,7,0,0,4,4,1,1,0,19,0,1,0,1,0,1,2,0,1,0,5,6,0,1,0,6,7,1,3,0,0,0,0,0,0,0,2,10,0,0,6,0,3,0,0,3,1,4,0,0,1,0,1,5,0,4,2,2,3,0,12,2,1,11,1,1,6,0,0,1,2,6,1,0,6,12,3,0,0,0,1,2,2,0,0,0,9,1,0,2,3,29,1,4,2,3,0,0,4,0,3,3,6,0,0,0,0,0,0,0,2,1,1,0,1,0,0,1,0,1,0,2,0,1,3,0,1,0,4,0,1,0,0,3,0,2,2,0,0,0,2,3,0,3,0,0,0,1,5,0,0,1,0,3,8,0,1,0,0,0,0,3,0,0,3,0,0,4
1,2,0,1,0,0,2,0,9,0,0,0,1,0,0,0,0,0,0,0,0,0,0,0,2,0,1,0,0,0,1,3,0,1,2,2,0,6,1,3,1,1,1,0,1,3,6,0,0,2,1,1,0,0,1,0,0,1,6,3,0,0,3,1,0,1,1,1,0,0,0,1,0,5,0,0,1,1,0,2,2,2,0,4,4,0,0,9,2,1,0,2,1,5,0,1,0,0,1,1,2,3,0,4,1,0,7,0,1,5,0,0,12,0,3,1,0,4,0,1,1,0,0,0,6,2,0,10,1,6,6,0,0,2,0,0,1,0,3,0,0,3,2,1,0,0,2,2,1,4,0,1,26,4,0,3,3,1,2,2,1,0,20,1,4,4,1,10,0,0,0,0,0,5,1,1,0,0,0,2,3,2,0,1,0,0,1,0,0,2,1,0,1,0,1,2,3,1,1,11,1,2,1,1,16,2,0,1,1,0,2,0,2,0,1,0,2,0,0,1,1,2,1,1,0,2,1,0,6,4,0,2,0,1,0,1,1,0,11,0,0,7,0,2,3,0,2,2,4,5,1,2,0,0,7,1
0,4,0,0,0,1,2,0,2,0,1,0,0,1,1,0,0,0,3,0,0,1,0,0,0,0,0,0,1,1,2,8,0,0,0,3,0,1,0,0,6,0,0,0,0,3,1,1,0,1,1,0,0,1,1,0,1,2,1,1,2,1,0,3,0,1,1,0,1,0,0,0,1,10,0,0,1,6,2,0,1,0,0,8,2,0,18,4,1,2,0,1,4,3,0,1,2,0,0,0,0,3,1,3,0,0,1,1,0,1,0,0,2,0,0,3,0,0,0,0,0,0,0,2,3,5,2,1,2,1,2,1,12,0,2,0,1,0,0,0,0,1,1,5,1,0,3,0,1,3,2,0,2,0,1,1,0,1,1,1,1,0,7,0,5,5,0,0,0,0,4,0,0,2,1,2,0,2,9,1,4,0,5,0,0,0,0,0,0,1,0,4,0,1,0,1,1,3,6,3,2,0,2,7,24,3,0,1,0,0,0,25,1,0,1,0,4,0,1,1,1,2,0,5,0,0,0,0,3,8,0,5,0,0,0,4,3,1,9,2,1,2,2,2,2,2,1,0,0,2,0,13,0,0,11,2
0,3,1,0,0,1,0,0,4,11,0,0,0,12,0,0,0,0,3,0,0,2,2,0,0,0,0,6,0,1,3,4,0,0,0,0,0,2,0,0,2,0,0,0,2,6,0,0,0,0,1,1,0,0,4,2,0,1,0,2,0,0,0,1,0,3,4,0,0,0,0,0,0,2,0,2,2,8,0,1,7,1,0,14,0,4,0,1,2,4,2,1,1,4,1,2,1,26,0,0,9,3,0,3,0,2,2,2,4,4,1,1,0,8,9,2,1,0,0,0,0,1,0,1,4,7,0,1,2,0,2,0,0,1,1,4,0,0,0,6,1,0,1,5,1,0,5,0,0,2,1,0,2,1,2,3,0,1,1,0,2,0,5,0,5,0,1,0,0,1,0,1,0,6,1,4,0,2,0,2,1,4,0,0,0,0,0,0,2,3,20,2,0,1,0,0,1,0,0,2,0,0,3,0,0,2,0,2,1,2,0,0,1,0,0,0,0,1,0,0,0,1,0,0,1,0,0,1,2,0,1,0,0,0,0,2,7,0,1,5,0,14,28,1,3,0,0,5,2,8,0,0,0,0,1,2
0,0,0,0,0,0,1,0,0,0,0,0,0,0,0,0,0,0,1,0,0,0,0,0,0,0,0,0,0,1,0,3,0,0,2,0,0,0,0,0,1,0,0,0,1,1,2,0,0,0,2,0,0,0,0,0,0,0,0,0,0,0,1,0,0,0,0,0,1,0,0,0,0,3,0,0,1,2,1,0,0,0,0,7,2,0,1,0,1,1,0,1,0,3,1,1,2,0,0,0,1,0,0,1,2,0,0,0,1,1,0,0,0,1,0,3,0,0,0,0,0,0,0,0,3,1,0,0,1,1,2,1,0,2,0,0,2,0,0,0,0,0,2,0,1,0,4,0,0,0,0,0,0,1,1,0,0,4,0,1,0,0,1,0,3,0,0,0,0,1,1,1,0,0,0,1,0,1,0,0,0,0,0,0,0,0,1,0,0,1,0,0,0,0,0,0,0,0,0,2,0,0,1,0,0,2,0,1,0,0,0,0,1,0,0,1,1,0,0,0,0,1,0,1,0,0,0,1,1,1,0,1,0,0,0,1,1,0,0,0,0,0,1,0,0,0,0,0,0,1,0,0,0,0,0,1
0,1,0,0,0,0,1,0,0,1,0,0,0,0,0,0,1,0,0,1,0,0,0,0,0,0,1,0,0,0,0,2,0,0,1,0,0,0,0,0,0,0,0,0,0,1,0,0,0,1,0,0,0,0,0,0,0,0,1,0,1,0,0,1,0,0,0,0,1,0,0,0,1,0,0,0,0,0,1,1,0,1,0,5,2,0,1,0,3,2,1,0,0,1,0,0,1,0,0,1,0,0,0,2,1,0,0,1,1,1,1,0,2,1,2,1,0,1,0,0,0,0,0,2,1,1,1,0,2,1,3,0,0,2,0,0,1,0,0,0,1,0,1,0,1,0,1,0,0,0,0,0,1,2,0,0,0,0,0,0,0,0,1,0,4,0,0,0,0,1,1,0,1,0,1,1,0,0,0,0,2,1,0,0,0,2,1,1,0,3,0,1,0,0,0,0,0,0,2,1,0,1,1,0,1,2,0,0,0,0,0,0,2,0,0,1,3,0,0,1,1,2,0,1,0,0,0,0,2,0,0,1,0,1,0,1,3,0,2,0,0,0,2,2,0,0,0,2,0,3,1,1,1,1,0,2
0,0,0,0,0,0,0,0,0,0,0,0,0,0,0,0,1,0,1,0,0,1,0,1,0,0,0,1,0,0,2,2,0,0,0,1,0,0,0,0,0,0,0,0,0,0,0,0,0,0,0,0,0,0,0,0,0,0,0,0,0,1,0,0,0,1,0,0,0,0,1,0,0,4,0,0,0,1,2,1,0,0,0,6,0,1,1,1,2,1,0,0,0,2,0,0,0,0,0,0,0,0,1,3,0,1,0,0,1,2,0,0,0,0,0,2,0,0,0,0,0,0,0,0,2,4,0,0,2,0,2,0,0,1,0,1,0,1,0,0,0,1,1,0,0,0,2,0,0,0,0,0,0,2,1,0,1,1,0,0,0,0,4,0,2,0,0,0,1,0,0,0,0,0,0,0,0,0,0,0,0,0,0,0,2,0,0,0,0,2,0,0,0,0,0,0,1,0,2,1,1,0,0,0,1,4,1,1,1,0,2,0,2,0,0,0,3,0,1,0,1,2,0,2,0,0,0,0,2,0,0,1,0,1,0,3,0,0,2,0,0,0,0,0,3,0,1,0,0,1,0,1,0,0,0,1
0,0,0,0,0,0,2,0,0,1,0,0,1,0,0,0,0,0,4,0,0,0,2,0,0,0,1,0,0,0,2,3,0,0,0,0,0,0,0,0,0,0,1,0,1,2,0,0,1,0,2,0,0,0,0,0,0,0,0,1,0,0,0,0,0,0,0,0,1,0,0,0,0,5,0,0,0,1,1,0,0,0,0,8,0,1,0,0,1,3,0,0,1,3,0,0,0,1,0,0,1,2,0,2,0,0,0,0,0,1,0,0,0,1,0,3,0,0,0,0,0,0,0,0,3,3,0,0,1,0,1,0,0,0,0,2,0,0,0,0,0,0,1,0,1,0,3,0,2,1,0,0,1,0,0,0,0,3,0,0,0,0,2,0,2,0,0,0,0,0,2,0,0,0,0,3,0,0,0,1,0,0,0,0,1,0,0,0,1,1,0,1,0,0,0,0,0,0,1,3,0,0,1,0,1,3,0,0,1,0,0,0,1,0,0,0,2,0,0,0,0,1,0,0,0,0,0,0,2,1,0,1,0,0,0,2,0,0,0,0,0,0,0,0,1,0,0,0,0,1,0,0,0,0,0,2
0,0,0,0,0,1,1,0,1,4,0,1,1,0,1,3,0,0,0,3,0,0,0,0,1,0,0,2,1,1,0,2,0,3,0,0,0,1,0,0,0,0,0,0,0,0,4,0,0,0,0,1,0,0,0,0,0,0,0,0,0,1,0,2,1,0,0,0,0,0,1,0,0,3,0,0,0,1,0,0,2,1,0,9,2,1,1,0,3,1,0,1,1,3,0,0,0,0,0,0,1,0,1,3,0,1,0,0,0,2,0,2,0,0,2,2,1,0,0,0,0,0,1,0,2,4,1,0,2,1,2,0,0,0,0,0,1,0,0,0,0,0,3,1,0,0,2,0,0,0,0,0,2,0,0,0,0,0,1,1,0,0,3,0,2,1,1,0,0,1,2,0,0,0,1,1,0,1,5,0,2,1,0,2,0,0,0,0,2,3,1,2,0,0,0,0,0,0,0,2,0,0,2,0,0,3,0,0,0,0,0,0,2,1,0,0,2,0,0,0,0,2,0,0,0,1,0,0,2,1,0,1,1,2,0,0,2,1,0,0,0,1,0,1,1,0,0,0,0,2,0,0,0,0,0,2
0,0,0,0,0,0,0,0,0,1,0,0,0,0,0,0,0,0,4,0,0,0,0,0,0,0,0,3,0,1,3,4,0,0,1,2,0,2,0,0,0,0,1,0,0,3,1,2,0,0,0,2,1,0,0,0,0,0,0,0,0,0,0,0,0,1,0,0,0,1,0,0,0,3,0,0,1,0,1,1,1,0,1,13,0,0,0,0,0,3,1,0,1,4,0,1,2,1,0,0,2,1,0,3,2,0,0,0,0,0,1,0,0,1,0,5,0,0,0,0,0,0,0,0,4,6,1,1,0,1,0,0,0,0,0,0,0,0,0,0,0,0,1,0,1,0,5,0,0,0,0,1,0,0,0,1,1,2,0,0,0,0,0,0,0,0,0,0,0,1,0,0,0,0,0,1,1,0,0,2,0,0,0,1,0,2,0,0,2,0,0,0,0,0,0,0,0,0,0,4,0,0,1,0,0,4,0,0,0,0,2,0,1,0,0,1,0,0,0,1,0,1,0,0,0,0,0,1,3,1,0,0,0,1,1,0,1,0,0,0,0,2,1,0,0,0,0,0,0,1,0,0,0,0,0,0
0,0,0,0,0,0,0,0,0,0,0,0,0,0,0,0,0,0,0,0,0,0,0,0,1,0,0,1,0,0,0,2,0,0,1,0,0,0,0,0,0,1,0,0,0,0,0,0,0,0,0,0,1,0,0,0,0,0,0,0,0,0,0,0,0,0,0,1,0,0,0,0,0,4,0,0,3,0,0,1,0,0,0,4,1,0,0,0,2,3,1,0,0,2,0,0,2,3,0,0,1,1,1,1,0,0,0,0,1,2,0,0,1,1,1,2,1,0,0,0,0,0,0,0,3,1,0,0,1,0,2,0,0,1,0,0,1,2,0,0,0,1,1,0,1,0,2,0,0,3,0,0,4,3,0,0,0,1,2,0,0,0,3,0,3,0,0,0,0,1,0,0,0,1,0,3,0,0,0,0,1,0,1,0,0,0,0,0,3,4,0,0,0,0,0,0,0,2,0,2,0,0,0,0,1,3,0,1,0,0,0,0,1,0,1,0,3,1,0,1,0,2,0,2,1,0,0,2,2,1,0,3,0,1,0,0,0,0,0,0,0,1,3,0,1,0,0,0,0,2,0,0,1,1,0,1
0,0,0,1,0,1,0,0,0,0,0,0,0,1,0,0,0,0,2,0,0,1,1,0,0,1,0,5,0,0,1,3,1,0,1,0,0,0,0,0,0,0,1,0,0,1,3,1,0,0,0,0,0,0,0,0,0,0,0,0,0,1,1,4,0,1,0,0,0,0,0,0,0,1,1,0,1,0,0,2,0,1,0,8,1,0,2,0,1,7,0,0,0,3,0,0,1,2,0,0,2,1,0,3,0,1,1,0,0,1,0,1,0,2,0,3,0,0,0,0,0,0,0,0,3,4,0,0,2,0,1,0,0,1,0,0,1,0,0,0,0,0,2,0,1,0,3,0,0,0,0,0,0,0,0,0,0,1,0,0,1,0,1,0,1,0,0,0,0,0,1,0,0,0,0,1,0,0,0,1,0,0,1,0,0,0,0,0,0,1,2,0,0,0,0,0,1,0,0,3,0,0,1,0,1,4,0,0,0,0,3,0,1,0,0,0,2,1,0,1,0,1,0,0,0,0,0,0,4,1,0,0,0,2,0,0,1,0,0,0,0,2,4,0,1,1,0,0,0,1,0,0,0,0,0,1
0,1,0,0,0,0,1,0,0,0,0,0,0,0,0,0,0,0,1,0,0,0,1,0,0,0,0,0,0,0,1,2,0,0,0,0,0,0,0,0,0,0,1,0,0,0,0,0,0,0,1,0,0,0,0,0,0,0,0,1,0,0,0,0,0,0,0,0,2,0,0,0,0,0,0,1,0,0,0,0,3,0,0,8,3,0,0,0,2,0,0,0,0,2,0,0,0,1,0,2,1,0,1,2,1,1,0,0,2,2,0,0,0,0,1,2,0,0,1,0,0,0,0,0,2,4,1,0,2,3,3,0,0,1,2,0,2,0,0,0,2,0,3,0,1,0,3,0,0,0,0,0,0,1,0,0,0,2,0,0,0,0,4,0,3,0,0,0,0,1,3,0,0,0,0,1,0,0,0,0,0,0,0,0,1,1,2,1,2,2,0,1,0,0,1,0,1,0,1,2,0,0,2,0,0,2,0,0,0,0,0,0,3,0,0,0,2,0,0,0,0,2,0,3,1,0,0,0,2,2,0,2,0,0,0,1,2,0,0,0,0,0,0,0,1,0,0,0,0,1,1,0,0,1,0,1
0,0,0,0,0,1,0,0,0,0,1,0,0,0,1,0,0,0,1,0,0,0,0,0,0,0,1,0,0,0,0,2,0,0,0,0,1,0,0,0,0,0,2,0,0,4,1,2,3,0,0,0,0,0,1,0,0,0,0,0,0,0,0,0,0,1,0,0,2,0,0,0,0,2,0,0,1,2,2,3,0,0,0,5,2,0,0,0,2,1,0,2,0,3,0,0,1,1,0,0,0,2,0,4,0,1,0,0,0,0,0,0,0,2,0,2,2,0,0,0,0,0,0,0,3,2,1,0,0,0,6,0,0,1,1,0,0,0,0,0,0,1,1,0,1,1,3,0,3,1,0,2,0,1,0,0,0,0,1,0,0,1,6,0,2,0,0,0,0,0,3,0,0,0,0,1,0,0,0,0,0,1,3,0,0,0,0,0,1,1,0,0,0,0,0,0,0,0,0,2,0,0,0,0,0,3,0,0,0,0,0,0,1,0,0,0,1,0,0,0,0,1,1,1,0,0,0,0,2,0,1,0,0,1,0,1,1,0,1,1,0,1,1,0,0,0,0,0,0,1,0,0,0,0,0,3
0,0,0,0,0,1,1,0,0,0,0,0,0,0,0,0,0,0,3,0,0,0,0,0,0,0,1,2,0,0,0,2,0,1,1,0,0,0,0,0,0,2,1,0,0,1,0,0,1,0,1,0,0,0,0,0,0,1,0,0,0,0,0,0,0,1,0,0,2,1,0,0,0,8,1,0,3,0,0,0,0,0,0,5,1,2,0,0,2,1,0,0,1,3,1,1,1,0,0,0,0,0,0,3,0,0,0,0,1,2,0,0,0,0,0,2,0,0,0,0,0,0,0,0,2,1,0,0,1,1,3,0,0,1,0,0,0,0,0,0,0,0,2,0,0,0,2,0,0,1,0,0,0,0,0,0,2,0,0,0,0,0,3,0,2,0,0,0,0,0,0,0,0,0,0,2,0,0,0,0,1,1,0,0,0,0,0,0,1,3,0,0,0,0,0,1,0,2,0,2,0,1,0,0,1,2,0,1,0,0,0,0,2,0,0,0,2,0,0,0,0,2,0,0,1,0,0,1,4,0,0,0,0,1,0,0,1,0,1,0,0,2,2,0,0,3,1,0,0,3,0,0,0,0,0,2
0,0,0,0,0,1,0,0,0,0,1,0,0,0,0,1,0,0,1,0,0,0,1,1,2,0,0,3,0,0,2,3,0,0,2,0,2,1,1,0,0,0,1,0,0,1,2,1,0,0,3,0,1,1,0,0,0,0,0,0,2,0,0,0,0,0,0,0,1,0,0,0,0,2,0,0,1,1,2,1,0,0,0,10,1,0,0,0,1,1,0,0,0,3,0,0,3,1,0,0,1,1,0,3,1,0,0,0,2,1,1,0,0,0,0,3,0,1,0,2,0,0,0,0,3,5,0,0,1,1,1,0,0,3,1,0,0,2,0,0,0,1,4,0,1,0,3,0,0,0,0,0,0,1,1,2,0,1,1,0,1,0,1,0,1,0,0,0,0,0,0,0,0,0,0,1,0,0,0,0,0,1,0,1,0,0,0,0,0,1,0,0,0,0,0,0,0,0,0,3,0,0,0,0,1,4,0,2,0,0,0,0,2,0,0,0,2,0,0,0,0,1,0,1,0,0,0,0,4,1,0,0,0,1,0,1,0,0,0,0,0,1,0,0,0,0,0,0,0,2,0,0,0,0,0,1
2,0,0,0,0,0,0,0,2,0,0,0,0,1,0,0,0,0,3,0,0,1,1,1,0,0,0,0,0,1,1,3,0,1,2,0,3,0,0,0,0,0,0,2,0,0,0,0,0,0,0,0,0,0,0,0,0,0,0,1,0,0,2,0,0,0,1,0,0,0,0,1,0,3,0,0,0,2,1,0,0,0,0,9,1,2,1,0,1,0,1,0,1,3,0,0,4,1,0,0,1,2,1,1,0,0,0,0,0,1,1,0,0,0,1,3,0,0,0,0,0,0,1,0,3,6,0,1,2,0,1,0,1,0,0,2,0,0,0,0,0,0,1,0,1,0,3,0,0,0,0,0,0,1,0,3,0,2,0,0,0,0,3,0,4,0,0,0,0,1,0,0,0,0,1,0,0,0,0,0,1,0,0,0,0,0,1,0,1,1,0,1,0,0,0,0,0,0,0,3,2,0,0,0,0,3,0,0,0,0,0,0,1,0,0,2,2,0,0,0,1,1,2,0,0,0,0,0,1,1,0,1,0,0,0,1,0,0,0,0,0,0,0,0,1,0,0,0,0,1,0,0,0,0,0,1
0,1,0,0,0,0,1,0,0,0,0,0,0,0,0,0,0,0,2,0,0,0,0,0,0,0,0,1,0,0,1,5,0,0,2,2,0,0,0,0,0,0,1,0,0,4,0,3,1,0,0,0,0,0,0,0,0,0,0,1,0,1,0,0,0,0,0,0,1,0,0,0,0,4,0,0,0,1,1,0,0,0,0,9,0,0,0,0,0,3,0,2,0,6,0,1,0,2,0,0,0,2,0,4,0,1,0,0,0,1,1,2,0,1,0,4,1,0,0,0,0,0,0,0,5,9,0,0,1,0,0,0,0,1,0,1,0,0,0,0,0,0,1,1,0,0,5,0,0,0,0,0,0,0,0,0,0,0,0,0,0,0,0,0,0,0,0,0,0,0,0,0,0,0,0,1,0,0,0,3,0,0,0,0,0,0,0,0,1,0,1,0,0,0,0,0,0,0,0,4,0,0,0,0,0,4,0,0,0,0,0,0,0,0,0,0,1,0,0,0,2,0,0,0,1,0,0,1,2,0,0,0,0,0,0,0,1,0,0,0,0,0,4,0,2,0,0,0,0,0,0,0,1,0,2,0
0,0,0,0,0,0,0,0,2,0,0,0,0,0,0,0,0,0,2,1,0,1,3,0,0,0,0,4,0,0,0,3,0,0,1,0,0,0,0,0,0,0,0,0,0,0,0,1,0,0,0,0,0,1,0,0,0,0,0,0,0,0,1,0,0,0,0,3,2,0,0,0,1,2,1,0,2,1,0,0,0,0,0,6,0,0,1,0,1,1,0,0,1,4,0,0,2,2,0,0,0,1,0,3,0,2,0,0,0,2,1,1,0,0,1,2,1,0,0,0,0,0,0,1,3,5,0,0,1,0,2,0,0,0,0,0,0,0,0,0,0,0,1,0,0,0,3,0,0,0,0,0,1,0,0,0,0,1,0,0,0,0,3,0,2,0,1,0,0,0,0,1,0,0,0,1,0,0,0,0,2,0,0,0,0,0,0,0,2,2,0,0,0,1,0,0,0,0,1,2,1,0,1,0,0,2,0,1,1,0,0,0,1,0,0,0,2,0,0,0,1,1,0,0,1,0,0,1,2,0,0,1,0,0,0,1,1,0,0,0,0,3,2,0,0,1,0,1,0,2,0,0,0,0,0,1
0,0,0,0,0,0,0,0,0,0,0,0,0,0,0,0,0,0,1,0,0,1,0,0,0,0,0,1,0,0,0,2,0,0,0,1,1,0,0,0,1,0,0,0,0,0,0,0,0,0,1,0,0,1,0,0,0,0,0,0,0,1,0,1,0,0,0,0,1,0,0,0,0,2,0,0,1,2,1,2,0,1,0,7,0,0,1,2,2,2,0,0,0,4,0,0,1,1,0,1,0,1,0,4,1,1,1,0,1,2,0,1,0,1,0,2,0,0,0,1,0,0,0,0,2,4,0,0,1,0,3,1,0,1,0,0,0,0,0,0,1,2,1,0,0,0,2,0,0,0,0,1,0,3,0,0,1,1,0,0,0,0,4,0,3,0,0,0,0,0,0,1,0,0,1,1,0,0,0,2,0,1,2,0,0,0,0,0,1,2,0,2,0,0,0,0,0,0,1,2,0,0,0,0,1,2,1,0,0,1,0,0,2,0,0,0,2,0,0,0,0,2,0,0,1,1,1,1,1,0,0,1,0,1,0,1,0,0,1,0,0,0,3,0,1,0,0,0,0,3,0,1,0,0,0,2
1,0,0,0,0,0,0,0,0,0,1,0,0,1,0,0,0,0,2,0,0,1,2,0,0,0,0,1,0,1,1,3,0,1,1,0,0,0,0,0,0,0,0,0,0,0,0,0,1,0,1,0,0,1,0,0,0,0,0,0,0,0,0,0,0,0,0,3,3,0,0,0,0,3,0,0,4,2,1,1,0,0,1,7,0,0,0,0,3,2,0,0,0,3,0,2,0,0,0,0,1,2,0,2,0,0,0,0,0,1,0,1,2,0,0,2,1,0,0,1,0,0,0,0,3,4,0,0,0,1,1,0,0,1,0,0,1,0,0,0,0,0,1,0,0,0,3,0,0,1,1,0,0,1,0,1,0,2,1,0,0,0,2,0,2,1,0,0,0,1,1,0,0,0,2,3,0,0,0,0,0,0,2,0,0,0,0,0,0,2,0,0,0,0,0,0,0,0,0,2,0,0,0,0,1,2,0,0,0,0,0,0,1,0,0,0,1,0,0,0,0,1,0,0,0,1,0,0,2,2,0,0,0,1,0,0,0,0,1,0,1,1,3,1,0,0,0,0,0,1,0,0,0,0,0,1
1,0,0,1,1,1,1,0,0,0,1,0,0,1,0,0,2,0,0,0,0,1,0,0,0,0,0,2,1,0,0,1,0,0,0,0,0,0,0,0,0,1,0,0,0,1,0,0,0,0,1,0,0,0,0,0,0,0,0,0,0,1,0,0,0,0,0,1,0,0,0,0,1,1,1,0,0,2,0,2,1,1,0,3,0,0,0,1,3,1,0,1,2,1,0,1,2,0,0,1,1,0,1,2,0,0,0,0,1,3,0,0,0,0,0,3,0,0,0,0,0,0,0,0,2,1,0,0,2,0,3,0,0,1,0,1,0,0,0,0,0,1,1,2,0,0,1,0,0,2,0,1,1,1,0,0,0,0,0,0,2,0,9,0,5,0,0,0,0,1,3,1,0,0,0,2,0,0,0,0,0,0,2,0,1,0,0,0,3,3,0,0,0,0,0,0,0,0,1,0,0,1,0,0,1,2,0,1,0,0,0,0,3,0,2,1,3,0,0,0,2,3,0,1,0,0,0,1,2,1,0,1,0,0,0,0,1,0,1,1,0,1,2,0,1,2,0,0,0,4,0,1,0,1,1,3
0,0,0,0,0,0,1,0,1,0,0,0,0,0,0,0,0,0,0,0,0,2,1,0,0,0,0,0,1,0,0,2,0,0,3,0,0,0,0,0,0,0,0,0,1,3,0,2,0,0,2,0,0,0,1,0,1,0,0,0,0,1,0,0,0,0,0,1,0,0,0,0,1,2,0,0,0,2,1,1,0,1,0,3,1,2,1,3,2,2,0,0,1,2,0,1,1,1,0,0,1,1,0,1,0,0,1,0,1,3,0,0,1,0,0,1,1,0,0,0,0,0,0,0,2,4,0,0,2,0,3,0,0,3,1,1,0,0,0,0,0,0,0,0,0,0,2,0,0,0,0,0,0,0,0,1,0,1,0,0,0,0,5,0,4,0,0,0,0,1,0,1,1,0,0,2,0,0,0,0,2,0,0,0,0,0,0,0,1,2,0,0,0,0,0,0,0,0,0,1,0,0,0,0,0,1,0,0,2,0,0,0,2,0,0,0,4,0,0,0,0,3,0,0,3,0,0,1,2,2,1,2,0,0,0,1,0,0,0,0,0,0,1,0,1,0,0,0,0,3,0,0,0,0,2,3
0,0,0,0,0,0,0,0,0,0,0,0,0,0,0,0,0,1,1,0,1,0,0,0,0,0,0,0,0,0,0,3,0,0,0,1,1,1,0,0,0,0,0,0,0,0,0,0,0,0,0,0,0,0,0,0,0,0,0,1,0,0,0,0,0,0,0,0,1,0,1,0,0,3,0,0,0,3,2,0,0,0,0,9,1,0,0,0,1,0,0,2,0,5,0,2,1,1,1,1,0,0,0,3,0,0,0,0,0,0,0,1,0,0,0,3,0,0,0,3,0,0,0,0,3,5,0,0,1,1,1,0,0,4,1,0,0,0,0,0,0,0,2,0,0,0,3,0,1,0,0,0,1,1,0,0,0,2,1,0,1,1,0,0,3,2,2,0,0,0,0,1,0,0,1,2,0,0,0,1,2,0,0,0,0,1,0,1,0,0,0,0,0,0,0,1,1,0,1,3,0,1,2,0,1,3,0,0,1,0,1,1,0,0,0,1,0,1,1,0,1,1,0,0,0,0,0,1,1,1,0,0,1,0,0,0,0,0,0,1,0,1,0,0,0,2,0,0,0,0,0,0,0,0,0,0
0,0,0,0,0,0,2,0,1,0,0,0,0,1,0,0,0,0,1,0,0,0,0,1,0,0,0,3,0,0,0,4,0,0,1,0,0,2,0,0,0,0,1,1,1,1,0,1,0,0,1,0,1,0,0,0,0,0,0,0,0,0,0,0,0,0,2,0,1,0,0,0,0,3,0,0,0,3,2,0,0,0,2,11,0,0,1,0,0,2,0,1,0,4,0,0,2,0,0,0,0,1,0,3,1,0,0,0,0,0,0,1,0,0,0,4,1,0,0,0,0,0,0,0,4,3,1,2,0,0,0,1,0,2,3,1,0,0,0,0,0,0,3,0,2,0,4,0,0,0,0,0,0,0,0,0,0,0,1,0,0,0,0,0,0,0,0,0,0,0,0,1,0,0,0,0,0,0,0,0,0,0,0,0,0,0,0,0,0,0,0,0,0,0,0,0,0,0,0,4,0,0,0,0,1,4,0,1,0,0,0,0,0,0,0,0,2,0,0,2,1,0,0,1,0,0,0,0,2,2,0,0,0,1,0,0,0,0,0,0,0,1,2,0,0,0,0,0,0,0,0,0,0,0,0,0
1,0,1,0,0,1,0,0,0,0,1,0,0,0,0,0,0,0,3,0,1,0,0,1,0,0,0,2,0,1,1,4,0,0,2,0,2,0,1,0,1,0,1,0,0,1,0,1,0,0,3,0,0,2,0,0,0,0,0,0,1,0,1,2,0,0,0,0,1,0,0,1,0,3,0,0,0,2,0,1,0,0,0,14,0,0,0,0,0,3,0,1,0,4,0,0,4,0,0,0,1,1,0,3,0,0,0,0,0,0,0,0,0,1,1,4,0,0,0,1,0,0,0,0,4,4,0,0,0,0,0,0,0,1,0,0,2,0,0,0,0,0,2,0,0,0,4,0,0,0,0,0,0,0,1,0,0,2,0,0,0,0,1,0,3,0,0,0,0,0,0,0,0,0,0,3,0,0,0,0,1,0,1,0,1,0,2,0,1,1,0,0,1,0,0,0,0,0,0,4,0,0,1,0,1,4,0,1,0,0,0,0,0,0,0,0,0,0,0,0,1,0,0,0,1,0,0,1,3,2,0,0,0,1,0,0,1,0,0,0,0,1,4,0,0,0,0,0,0,2,0,0,0,0,0,0
0,0,0,0,0,0,0,2,0,0,1,0,0,1,0,0,0,0,5,0,0,3,1,2,0,1,0,0,2,0,2,3,0,0,0,0,1,0,0,0,1,0,0,0,0,0,0,0,0,0,0,0,0,0,0,0,2,0,0,0,1,0,0,0,0,0,2,0,0,0,0,0,3,2,1,1,0,2,0,2,0,0,0,8,2,1,1,0,1,2,0,0,0,5,1,2,0,1,0,0,4,3,0,3,0,0,2,1,1,2,0,1,0,0,1,2,0,0,0,0,1,0,0,0,3,7,1,0,1,1,2,0,0,2,1,0,0,0,0,0,1,0,0,0,0,1,4,0,0,0,0,0,0,0,0,0,0,1,0,0,0,1,4,0,2,0,1,0,0,1,0,1,0,0,1,0,0,0,0,1,0,0,1,1,0,0,0,0,0,1,0,0,1,0,0,0,0,0,1,3,0,0,2,0,0,3,0,0,0,0,0,0,2,0,1,0,1,0,0,0,0,1,0,3,0,0,0,0,3,2,0,1,0,0,0,1,0,0,0,0,0,1,3,0,0,1,0,0,0,1,0,0,0,0,2,1
0,0,0,0,2,0,0,0,1,1,1,0,0,0,0,0,0,1,0,2,0,0,0,0,0,0,0,0,0,2,0,2,1,0,0,1,0,0,1,0,0,1,2,0,0,3,0,1,0,0,1,0,0,0,0,1,0,0,1,0,0,1,0,0,2,0,0,0,2,1,0,0,1,1,1,0,0,1,1,2,1,0,0,6,2,0,0,0,1,0,0,1,0,3,1,1,0,1,0,0,0,0,0,1,0,0,0,0,0,2,1,0,0,0,0,2,1,0,0,0,0,0,0,0,2,1,0,0,2,1,1,0,0,1,0,0,0,0,2,0,0,0,1,0,0,0,2,0,2,0,0,2,0,0,0,0,0,1,1,0,0,1,2,0,1,0,0,2,0,3,0,2,0,0,0,1,1,0,2,1,0,2,0,2,0,1,0,0,0,1,1,1,0,1,1,1,2,0,1,2,2,0,0,0,0,3,1,0,0,0,0,0,2,0,0,0,2,0,0,0,0,2,0,2,1,1,0,0,2,1,0,2,0,2,0,0,3,0,0,0,0,0,0,0,0,0,0,0,0,2,1,0,0,0,0,2
0,0,0,0,0,1,0,0,1,0,0,0,0,0,0,0,0,0,0,0,1,1,0,0,0,0,0,1,0,0,0,1,0,0,0,0,1,0,0,0,0,1,1,0,0,1,1,0,0,0,0,1,0,0,0,0,0,0,0,0,0,2,0,1,0,0,0,0,0,0,0,0,0,5,0,0,0,2,1,1,0,0,0,4,1,0,0,1,2,1,1,0,0,2,1,1,1,0,0,0,2,0,2,2,0,1,0,0,5,3,0,0,0,0,0,1,0,0,0,0,0,0,0,1,2,4,0,0,3,0,4,0,0,2,0,0,2,0,0,0,1,1,3,0,0,0,2,0,0,0,1,0,0,3,1,0,0,0,0,0,0,0,8,0,4,0,1,0,0,1,2,0,0,0,0,0,0,0,0,0,0,0,0,0,1,0,0,0,1,2,0,0,0,0,0,0,0,0,0,1,0,0,0,0,1,2,0,0,0,0,0,1,2,1,0,2,5,0,0,0,2,3,0,3,0,0,0,1,1,0,0,0,0,0,0,1,0,0,1,0,0,1,0,0,1,0,0,0,1,4,0,1,0,0,1,3
0,1,0,0,0,0,0,0,0,0,0,0,0,0,1,0,0,0,1,2,0,4,3,0,0,0,0,1,3,0,1,3,0,0,0,0,0,0,0,0,0,0,1,0,0,2,4,2,0,0,0,0,0,0,0,0,0,0,0,0,0,1,0,0,0,1,0,0,0,1,0,0,0,6,0,0,1,1,0,1,0,0,0,10,3,2,0,0,1,4,0,1,1,4,3,1,1,1,0,0,1,0,1,3,0,1,0,0,1,1,1,1,0,2,0,3,0,0,0,0,0,0,0,0,3,4,0,0,1,0,1,0,0,0,1,0,1,0,0,0,0,0,0,0,0,0,3,0,1,0,0,0,0,0,0,0,0,0,0,0,0,0,4,0,1,2,3,0,0,1,0,0,0,0,2,3,0,0,2,3,2,0,2,0,0,0,0,0,2,2,1,0,0,0,0,0,0,0,0,3,0,0,0,0,0,4,0,0,0,0,0,0,1,0,0,0,2,0,0,0,1,1,0,1,0,0,0,1,2,2,0,1,0,1,0,0,0,0,0,0,0,0,2,0,1,0,0,0,2,1,0,0,0,0,0,1
0,0,0,0,0,0,0,0,0,1,0,0,0,0,0,0,0,0,0,0,0,1,0,0,0,0,0,0,0,0,0,2,0,0,0,0,0,0,0,0,0,0,0,0,0,0,0,1,0,0,0,0,0,0,0,0,0,0,0,0,0,0,1,0,0,1,0,1,0,0,0,0,0,5,2,0,1,1,1,0,1,0,0,9,1,0,0,1,2,2,0,1,1,3,0,1,1,2,0,0,0,1,1,3,0,1,0,0,1,1,0,0,0,0,0,2,1,0,0,0,1,0,0,0,2,7,2,1,3,2,2,1,1,3,2,0,0,0,0,0,0,1,3,0,1,0,2,0,0,0,0,0,1,0,0,0,0,0,0,0,1,0,4,0,3,0,0,1,1,0,0,1,1,0,2,1,0,0,0,0,2,0,0,0,0,0,0,0,1,2,2,0,0,0,0,4,4,0,0,2,3,0,0,0,1,2,1,0,4,1,3,0,2,2,0,0,2,0,0,0,1,2,0,2,1,0,1,0,2,3,0,2,0,1,0,1,5,0,0,3,0,0,2,0,0,1,0,0,0,4,1,0,0,0,0,2
0,1,0,0,0,0,0,0,1,1,1,0,1,0,0,0,1,2,0,0,0,0,0,0,0,0,0,0,1,0,1,2,0,0,0,0,0,0,0,0,0,0,0,0,1,0,0,0,0,0,1,0,0,0,0,0,0,0,0,0,0,0,0,0,0,0,0,0,0,0,0,0,0,1,0,0,0,1,1,0,0,0,0,5,3,0,0,1,1,1,0,0,1,3,0,0,0,0,0,0,0,2,1,2,0,2,1,0,0,1,0,0,0,0,0,2,0,0,0,0,0,0,0,0,2,0,0,0,2,1,1,0,0,3,1,0,0,1,0,0,0,0,2,0,0,0,2,1,0,0,2,0,0,0,1,0,1,1,1,0,1,0,2,0,2,1,0,1,0,0,0,1,0,0,0,2,0,0,0,1,2,0,0,1,0,0,0,0,0,1,0,0,0,0,1,0,0,0,2,2,0,1,0,0,0,2,0,1,0,0,1,1,2,0,0,2,2,0,0,0,2,2,0,1,0,1,0,0,2,0,1,0,0,0,0,0,1,0,0,0,0,0,0,0,1,0,0,0,1,1,0,0,1,0,0,1
2,0,0,0,0,0,0,0,0,0,0,0,0,0,0,0,0,0,2,0,0,0,0,0,0,0,0,2,1,0,2,3,0,1,2,1,0,0,0,0,1,0,0,1,1,1,1,1,0,0,0,0,0,0,0,0,1,0,0,0,1,0,0,1,1,1,0,0,0,0,0,0,1,4,1,0,1,3,1,0,1,0,0,6,1,0,1,1,0,0,1,1,0,4,0,1,0,2,0,0,2,0,0,1,0,0,0,0,0,2,1,0,0,0,0,3,2,0,0,0,1,0,1,0,3,6,1,0,2,1,1,0,0,2,0,0,1,0,0,0,0,0,4,0,0,0,3,0,2,0,0,0,0,0,0,1,0,0,1,0,0,0,1,0,0,1,0,0,0,1,0,0,0,0,0,2,0,0,0,1,2,3,0,0,0,0,0,0,0,1,0,0,0,0,0,1,1,0,0,4,2,1,0,0,0,3,0,1,4,1,1,0,0,0,0,0,0,0,1,0,1,0,1,2,0,0,0,0,2,0,2,0,0,0,0,1,2,0,0,1,0,0,0,2,0,0,0,0,0,0,0,0,0,0,0,0
0,0,0,0,0,0,1,0,2,0,0,0,1,0,0,0,0,0,2,0,0,0,3,0,0,0,0,2,1,0,0,4,0,0,0,1,0,1,0,0,0,1,0,0,0,0,0,0,0,0,1,0,0,0,0,0,0,0,0,0,0,1,0,0,0,0,0,0,2,0,0,0,0,3,0,0,1,1,0,0,0,0,0,8,3,1,0,0,2,2,1,1,1,3,1,1,0,6,0,0,0,0,0,2,0,0,0,0,0,2,0,0,0,1,0,2,0,0,0,0,0,1,1,1,2,4,0,0,3,0,2,0,0,0,0,1,0,0,0,0,0,0,0,0,0,0,3,0,0,0,0,0,0,0,0,1,0,0,1,1,1,0,3,0,2,0,2,0,0,2,0,1,0,1,1,1,0,0,0,0,0,1,2,0,0,0,2,0,1,2,0,0,0,0,0,0,0,0,1,2,0,1,0,0,0,2,0,0,1,0,0,0,2,0,0,0,3,0,0,2,0,2,0,2,0,0,0,0,4,0,0,1,0,1,0,0,3,0,0,0,0,1,4,0,2,0,0,1,1,6,0,0,0,0,0,2
0,0,0,0,0,0,0,0,1,0,0,0,1,2,0,0,0,0,3,0,0,2,1,0,0,0,0,3,0,1,1,3,0,0,0,0,0,0,0,0,1,1,0,0,0,3,0,2,0,0,0,0,0,1,0,1,0,0,0,0,0,0,0,2,0,0,0,2,1,0,0,0,0,1,0,0,0,1,0,0,0,0,0,10,0,0,0,0,1,0,0,0,0,4,1,2,1,0,0,0,0,0,2,2,0,5,1,0,1,2,1,0,1,0,3,4,0,0,0,1,1,0,0,0,3,5,0,0,1,1,2,0,0,1,0,1,2,0,0,0,0,0,2,2,0,0,4,0,1,0,0,0,0,0,0,0,0,1,0,0,0,1,1,0,2,0,0,0,0,0,0,0,0,0,0,1,0,0,0,1,0,1,0,0,1,0,3,0,1,1,0,0,0,0,0,0,0,0,0,3,0,0,0,0,0,2,0,4,0,0,0,0,1,0,1,0,2,0,0,1,0,1,1,2,0,0,0,1,2,0,0,1,0,1,0,0,0,0,0,0,0,1,1,0,0,0,0,0,0,2,0,0,0,0,0,1
0,1,0,0,0,0,0,0,0,0,1,0,1,0,1,0,1,0,2,0,0,0,0,0,1,0,0,1,2,1,1,2,1,0,0,0,0,0,0,1,0,0,0,1,0,0,0,0,0,0,1,0,0,0,0,0,0,0,0,0,0,1,0,2,0,0,0,0,1,0,0,0,0,1,1,0,0,0,1,1,0,0,0,5,1,0,0,0,1,1,0,0,1,3,0,1,0,1,0,0,1,1,1,0,0,0,0,1,0,1,0,1,1,1,0,2,0,0,0,0,0,0,0,0,2,2,1,1,1,2,1,1,0,1,0,0,1,0,1,0,0,0,2,0,0,0,2,0,0,0,2,0,0,0,0,0,1,2,1,0,0,1,0,1,1,3,3,0,1,0,0,0,0,0,1,0,1,1,0,0,1,0,1,0,0,0,0,0,0,1,0,0,0,0,1,0,0,0,1,2,0,0,0,0,1,2,0,0,0,0,0,0,2,1,0,0,2,0,0,0,0,2,0,0,1,0,1,0,1,0,0,1,1,1,0,1,2,0,1,0,0,1,0,0,0,0,0,1,0,2,0,0,0,0,0,1
0,0,0,0,0,0,0,0,1,0,0,0,0,0,0,0,0,0,1,0,1,1,1,0,0,0,0,1,0,0,0,2,0,1,1,0,0,0,0,0,0,0,0,0,0,2,1,0,0,0,2,0,0,0,0,0,0,0,0,0,0,0,0,0,0,0,0,0,0,0,0,1,0,4,0,0,0,0,1,0,1,0,0,7,2,0,1,0,2,1,0,0,0,2,0,1,0,0,0,0,0,1,3,2,0,1,0,0,0,2,0,0,1,0,0,2,1,0,0,0,0,1,0,0,2,3,0,0,2,1,2,0,0,1,0,0,0,0,0,0,0,0,0,0,0,1,2,0,1,0,0,0,0,0,0,1,0,1,1,0,0,0,3,0,4,0,0,0,0,0,0,0,0,0,1,2,0,0,0,0,0,0,0,2,0,0,3,0,0,2,0,0,0,0,0,0,0,0,0,2,0,0,1,0,0,2,0,0,0,0,0,0,2,0,0,0,3,0,0,1,0,2,0,0,1,1,0,1,2,2,0,2,0,2,0,1,0,0,0,0,0,0,0,0,2,0,0,0,1,3,0,0,0,0,0,2
0,0,0,1,0,0,0,0,1,0,0,0,0,3,0,0,0,1,2,0,0,0,1,0,0,0,0,1,0,1,0,3,0,0,0,0,0,0,0,0,0,0,0,1,0,0,2,0,0,0,0,0,0,1,0,0,0,0,0,0,0,1,0,0,0,0,0,1,0,0,0,0,0,5,0,0,0,0,0,0,0,1,0,9,0,0,0,0,1,1,0,2,0,3,0,0,0,1,0,1,0,3,3,2,0,1,0,0,2,2,0,0,0,1,1,3,0,1,0,0,0,0,0,0,4,7,0,1,4,0,1,0,0,0,1,1,2,0,0,0,0,0,1,1,0,0,3,0,0,0,0,0,0,0,0,0,0,1,0,0,0,0,1,0,2,0,0,0,0,0,1,1,0,0,0,2,0,0,0,0,0,0,0,0,0,0,2,0,0,2,0,0,2,0,0,1,0,0,0,3,0,0,0,0,0,3,0,0,0,0,0,0,1,0,0,0,1,0,0,0,1,1,0,1,0,0,0,0,3,0,0,1,0,2,0,1,1,0,0,0,0,0,0,0,1,0,0,0,0,3,0,0,0,0,0,1
0,0,1,0,0,0,0,0,2,1,1,0,0,0,0,0,0,1,1,0,1,0,0,0,0,0,0,0,1,0,1,2,1,0,0,0,1,0,1,2,0,0,0,0,0,4,0,1,0,0,0,0,1,0,0,1,1,1,0,0,0,0,0,2,0,0,0,0,0,0,0,1,0,3,1,3,0,2,1,0,0,0,0,7,1,0,0,0,1,0,0,0,0,2,1,0,0,0,0,0,0,2,1,3,0,0,1,1,1,1,0,1,0,1,0,2,0,0,2,0,0,0,0,0,2,4,0,0,0,3,1,2,0,2,3,0,1,0,0,0,0,0,0,0,0,0,3,0,1,2,0,0,0,1,0,1,0,1,0,0,0,0,2,0,1,0,1,0,0,0,0,0,0,1,3,0,0,0,0,1,0,1,2,0,0,0,1,0,0,4,1,0,0,0,0,0,0,0,0,2,0,0,0,0,0,2,0,1,1,2,0,0,4,0,3,1,1,0,1,3,0,1,0,1,1,0,0,0,2,2,0,0,1,0,0,0,3,0,0,0,0,2,3,0,1,0,0,0,0,1,0,0,0,0,0,1
0,0,0,0,0,1,0,0,2,1,0,0,0,0,0,0,0,1,1,0,0,0,0,0,0,0,0,2,2,2,1,2,0,0,0,0,2,0,1,0,0,0,0,0,0,2,0,0,1,1,0,0,0,0,0,0,1,0,2,0,0,1,0,0,0,1,0,0,0,0,0,0,1,1,0,0,0,2,1,1,1,0,0,7,0,0,2,0,2,3,0,1,0,2,0,1,0,0,0,0,1,0,1,3,0,0,2,0,1,2,0,0,0,1,2,2,0,1,0,0,0,0,0,0,2,0,1,0,2,1,3,0,0,1,1,0,0,1,0,0,0,1,1,0,0,0,2,0,0,1,0,0,0,0,0,2,0,2,0,0,1,0,4,0,3,0,0,0,0,2,1,0,0,0,0,1,0,0,0,0,0,0,2,0,0,0,2,0,0,2,0,0,0,0,0,1,1,0,0,2,1,1,1,1,0,3,0,1,0,0,1,1,2,0,0,1,2,0,0,0,1,2,0,2,0,0,0,0,2,1,0,2,2,0,0,0,1,0,0,0,0,0,2,0,0,0,0,0,1,4,1,0,0,0,0,5
1,0,0,0,0,0,0,0,0,0,0,0,0,0,0,0,0,0,2,0,0,0,1,0,0,0,0,1,0,1,0,4,0,1,0,0,0,2,0,0,1,0,0,0,0,1,0,2,0,0,0,1,0,0,0,0,1,0,0,1,0,0,0,0,0,0,1,0,0,2,0,0,0,3,0,1,0,1,0,1,0,0,0,11,1,0,0,0,1,4,0,1,0,4,1,2,0,0,0,0,0,3,0,4,1,3,0,0,0,0,1,1,0,2,0,4,1,0,0,0,0,0,0,0,4,3,0,0,0,1,0,0,0,0,0,0,0,0,0,0,0,0,1,0,0,0,4,0,0,0,0,0,0,0,1,0,0,0,0,0,0,0,0,0,0,0,0,0,0,0,0,0,1,0,0,0,0,0,0,2,0,2,2,0,0,0,0,0,2,0,0,1,0,0,0,0,0,0,0,4,1,0,0,1,0,4,0,0,0,1,0,0,0,0,0,0,1,0,0,0,0,0,0,0,0,0,0,0,5,1,0,0,0,0,0,0,6,0,0,0,0,0,2,0,0,0,0,0,0,0,3,1,0,0,0,0
0,0,0,0,0,0,0,0,1,0,0,0,0,0,0,0,0,0,2,0,0,2,3,0,0,0,0,0,1,0,0,3,0,0,0,0,2,0,0,0,0,0,0,1,0,0,2,1,0,1,1,0,0,0,0,0,0,0,0,0,0,1,0,1,0,0,0,0,0,0,0,0,0,2,1,0,0,2,1,0,0,0,0,7,0,0,0,0,1,0,0,2,0,3,0,0,0,0,0,0,0,0,0,2,0,0,0,0,0,1,0,0,0,0,0,3,0,0,0,0,0,0,0,0,3,0,0,0,2,1,1,0,0,3,0,0,0,0,0,0,0,0,2,0,0,0,3,0,0,0,0,0,0,0,0,0,0,1,1,0,0,0,1,0,2,0,0,0,0,0,1,0,0,0,0,1,0,0,0,0,1,1,0,0,0,0,0,0,0,1,0,0,0,0,0,0,0,0,0,2,0,0,2,1,0,3,0,1,0,0,0,0,1,0,0,0,2,0,0,0,2,1,0,1,0,0,0,0,5,2,1,0,1,1,0,1,1,0,0,0,0,1,1,0,0,0,0,0,0,1,0,0,0,0,0,1
1,0,1,0,0,0,0,0,1,0,0,0,0,0,3,0,0,0,0,0,0,2,0,0,0,0,1,0,0,0,0,0,0,0,0,0,1,0,0,0,0,0,0,0,0,0,0,1,0,0,0,0,0,0,0,0,0,0,0,0,0,0,1,0,0,0,0,0,1,0,0,0,2,1,0,0,1,0,0,0,0,0,0,1,0,0,0,0,4,0,0,0,0,1,3,0,0,0,0,0,0,1,1,1,0,0,0,0,1,3,0,0,0,0,1,0,0,0,0,0,0,1,0,0,0,0,0,0,4,0,6,0,0,0,0,0,0,0,0,0,1,2,1,0,0,1,0,0,0,0,0,0,2,3,0,0,0,0,0,0,0,0,7,0,4,0,0,0,0,0,0,0,0,0,0,0,0,0,2,0,0,0,2,1,0,0,2,0,1,4,1,1,0,0,0,0,0,1,2,0,0,0,0,0,1,0,0,0,0,1,0,0,4,0,0,0,4,0,0,0,2,4,0,4,0,0,0,0,1,1,0,3,0,0,1,2,0,0,2,1,0,0,1,0,1,1,0,0,0,4,0,1,0,0,1,5
0,0,0,0,0,0,0,0,0,0,0,0,0,0,0,0,0,0,0,0,0,0,0,1,0,0,0,0,0,0,1,2,0,0,0,1,0,0,0,0,0,0,0,0,0,3,0,1,0,0,0,0,0,0,0,0,0,0,1,0,0,0,0,0,0,0,0,3,0,0,0,0,0,2,0,0,1,2,0,1,0,0,0,5,0,0,0,0,2,2,0,3,1,2,0,0,1,0,0,0,1,2,1,2,0,0,1,0,0,2,0,0,0,2,0,2,1,0,0,0,0,1,0,1,2,4,0,0,2,0,2,0,0,2,1,0,0,1,1,0,0,1,0,0,0,1,2,0,1,0,0,0,0,0,0,0,0,2,0,0,0,0,2,0,2,0,0,0,0,0,0,0,0,0,0,0,0,0,0,1,0,1,0,0,0,0,1,0,1,2,0,2,0,0,0,0,0,0,0,2,0,0,0,0,0,2,0,0,0,0,0,0,2,0,0,0,2,0,0,0,0,2,0,0,0,0,0,0,2,0,0,2,0,0,0,1,0,0,0,0,0,0,0,0,0,0,0,0,0,2,0,0,1,0,0,1
0,0,0,0,0,0,0,0,2,0,0,0,1,0,1,0,0,0,3,0,0,3,0,0,0,0,1,2,0,0,0,4,0,1,1,0,0,1,0,0,0,0,0,0,1,3,2,0,0,0,0,0,0,0,0,0,0,0,0,0,0,0,0,0,0,1,0,2,0,0,0,0,0,5,0,0,0,1,0,1,0,0,1,10,0,0,0,0,1,0,0,1,1,3,0,0,2,0,1,0,1,1,0,3,0,1,0,1,0,1,0,2,1,0,5,3,0,0,0,1,0,0,0,1,3,7,0,0,1,0,1,0,0,0,1,0,0,0,0,0,0,1,1,0,1,0,5,0,0,0,1,0,0,0,0,0,0,0,1,1,0,0,2,0,1,0,1,0,1,1,0,0,0,0,0,0,0,0,0,1,0,0,0,0,0,0,0,0,0,1,0,0,0,0,0,1,0,1,2,2,3,1,1,0,1,4,0,0,2,0,0,0,1,0,1,0,1,0,0,3,0,1,0,3,0,0,0,0,1,2,0,2,1,2,0,0,0,0,0,0,0,0,2,0,2,0,0,0,0,1,0,0,0,0,0,2
0,0,0,0,0,0,0,0,0,0,0,0,0,0,0,0,0,0,0,0,0,0,0,0,0,0,1,1,0,1,0,3,0,1,0,0,2,0,0,0,0,0,0,0,2,1,0,0,1,0,2,0,0,0,0,0,1,0,0,0,0,1,1,1,1,0,0,0,2,1,0,0,0,3,2,0,1,2,0,1,0,0,0,9,0,1,0,0,1,1,0,0,2,4,0,0,0,1,0,0,1,1,0,3,2,2,0,0,1,1,0,0,0,0,1,3,0,0,0,0,0,0,0,1,3,4,1,0,1,0,2,0,1,0,1,0,0,0,0,0,0,0,2,0,2,0,3,0,0,1,0,1,1,0,0,0,0,3,1,0,0,0,4,0,4,0,0,0,0,0,1,1,0,0,0,2,0,0,0,0,1,1,0,0,0,0,2,0,0,2,0,0,0,0,0,1,2,0,0,3,1,0,0,0,1,4,0,0,0,0,0,0,1,0,0,1,0,0,0,0,3,1,0,0,1,0,0,0,2,0,2,1,0,1,0,0,5,0,0,0,0,0,0,0,0,0,0,0,0,1,0,0,0,0,1,0
0,0,0,0,0,1,1,0,0,1,0,0,0,0,0,0,0,0,1,0,0,3,0,0,0,0,1,0,1,0,0,2,0,0,0,0,0,0,0,0,0,0,2,0,0,0,3,0,0,0,1,0,0,0,0,0,0,0,0,0,0,0,0,0,0,0,1,0,0,0,1,0,0,2,0,0,0,4,1,0,0,0,1,7,1,1,1,0,2,1,0,1,2,3,0,0,1,0,0,0,0,0,1,2,0,0,1,0,0,2,0,1,0,0,0,2,0,0,0,0,0,0,0,0,2,2,1,0,2,0,4,0,0,0,0,0,0,1,0,0,0,0,2,0,0,0,2,0,0,0,0,0,0,1,0,0,0,0,0,0,0,0,5,0,3,0,0,0,0,1,0,0,0,0,1,2,0,0,0,0,1,0,2,0,0,0,0,0,1,3,0,0,0,0,0,2,0,1,0,2,0,0,0,0,0,3,0,2,0,0,0,2,2,0,1,1,4,1,0,0,3,2,0,2,0,0,0,0,2,0,0,0,0,1,1,3,1,1,0,0,0,0,3,1,1,1,1,0,0,3,0,1,0,1,0,3
0,0,0,0,0,0,0,0,0,0,0,0,0,0,0,0,0,0,0,0,0,1,0,0,0,0,0,0,0,1,0,1,0,0,0,0,1,1,0,0,1,0,0,0,0,2,0,1,0,0,1,0,0,0,0,0,0,0,0,2,0,0,0,1,0,0,0,0,0,0,0,0,0,2,0,0,0,1,0,0,0,0,0,3,0,0,0,0,3,2,0,0,1,1,0,0,0,1,0,0,1,0,1,2,0,1,0,0,2,3,0,0,0,0,1,1,0,0,0,0,0,0,0,0,2,2,0,0,2,0,3,1,1,0,0,0,0,1,1,0,0,1,0,0,0,0,1,0,0,1,0,0,2,4,2,0,0,0,0,0,0,0,5,0,5,0,0,0,0,0,1,0,0,0,0,1,3,0,0,2,0,0,0,0,0,0,0,0,2,4,1,0,0,0,0,1,0,0,0,1,0,0,0,0,1,2,0,0,3,1,0,0,2,0,1,1,4,0,0,1,0,3,0,0,0,0,0,0,1,0,0,1,0,2,0,1,0,0,1,0,0,0,0,0,1,0,0,0,0,3,0,0,0,0,0,2
0,0,0,0,0,0,0,0,2,1,0,0,0,0,0,0,0,0,0,4,0,1,1,0,0,0,0,0,0,0,1,3,0,0,1,0,2,0,0,0,0,0,0,1,0,0,0,0,1,0,0,0,0,0,0,0,0,0,0,2,0,0,0,0,0,0,0,0,0,0,0,0,0,6,0,0,0,1,2,1,1,0,1,2,0,2,0,2,3,0,0,1,1,2,0,2,0,0,0,0,1,0,1,1,1,2,1,0,1,3,0,1,0,0,0,1,0,1,0,0,0,0,0,0,1,3,0,0,4,0,3,1,0,0,0,0,0,0,1,0,0,2,0,0,0,1,1,0,0,1,0,0,1,0,0,0,0,0,0,0,0,0,9,0,3,0,0,0,0,2,1,0,0,0,1,0,0,0,0,0,0,0,0,0,0,0,0,0,0,3,0,0,0,0,0,3,0,2,4,1,0,0,0,0,0,2,0,0,0,0,1,1,3,1,0,0,5,0,1,1,2,3,0,0,0,1,0,0,2,0,0,2,0,0,0,1,0,0,1,0,0,0,0,0,1,0,0,0,0,3,0,0,0,0,0,4
0,0,0,1,0,0,0,0,1,0,1,0,0,0,0,0,0,0,1,0,0,2,0,0,0,0,0,0,0,1,1,3,0,0,0,0,0,0,1,1,0,0,0,0,0,0,0,0,0,0,1,0,0,0,0,0,0,0,0,0,0,1,0,0,0,0,0,0,0,1,0,0,1,2,0,0,1,1,0,3,0,0,1,5,0,0,0,1,2,0,0,0,0,3,0,0,0,0,0,0,0,1,1,2,0,1,1,0,0,2,0,1,0,0,1,2,0,0,0,0,0,0,0,0,3,2,0,0,1,0,2,0,1,2,2,1,0,0,0,0,0,0,1,0,1,0,2,0,1,0,0,2,0,0,0,0,0,1,2,0,0,0,3,0,2,0,0,1,0,0,0,0,0,0,0,1,0,0,0,0,0,0,0,0,0,0,0,0,0,2,0,0,0,0,0,0,0,0,0,2,0,0,1,0,0,3,0,0,0,0,0,0,2,0,0,0,2,0,0,0,1,2,0,1,0,0,0,0,2,1,0,1,0,1,0,2,0,0,0,0,0,1,1,1,0,0,0,1,0,3,0,0,0,1,0,2
0,1,0,0,0,0,0,1,2,0,0,1,0,2,0,0,0,0,2,0,0,3,2,0,0,0,1,1,2,0,1,2,2,1,0,0,0,0,0,0,0,0,0,1,0,1,0,0,0,0,0,0,0,0,0,0,0,0,0,0,1,0,0,0,0,0,0,0,0,1,1,0,0,3,0,0,1,0,1,0,0,0,0,7,0,0,0,1,2,0,0,0,0,4,0,0,0,1,0,0,1,2,0,3,0,0,0,0,0,2,0,1,0,0,0,2,1,0,0,0,0,0,0,1,3,4,2,0,1,0,2,0,0,1,0,0,1,1,0,0,1,1,1,0,1,0,3,0,1,0,0,0,1,0,0,0,0,1,0,1,0,0,3,0,2,0,0,0,0,0,1,0,0,0,0,1,0,1,1,0,0,0,0,0,0,0,0,0,0,1,0,0,0,0,0,0,0,0,0,2,0,0,0,0,0,2,0,0,0,0,0,0,1,0,0,0,1,0,0,0,0,1,0,0,0,0,0,2,2,1,0,4,1,1,0,0,0,0,0,0,0,2,2,0,1,4,0,0,0,1,0,0,0,0,1,1
0,1,0,0,0,0,0,0,0,0,0,0,0,0,0,0,0,0,0,0,0,0,0,1,0,0,0,0,0,1,0,2,0,1,0,0,0,0,0,0,1,0,0,0,0,2,1,1,0,0,1,0,0,0,0,0,0,0,0,0,0,0,1,0,0,0,0,0,0,0,2,0,0,1,0,0,1,2,0,2,0,0,0,7,0,1,0,0,1,5,0,3,1,3,0,0,0,0,0,0,2,1,0,1,1,0,0,0,0,1,0,0,0,3,1,2,0,0,0,0,0,0,0,0,2,2,0,0,1,0,1,0,0,0,0,0,0,0,0,0,0,0,1,0,0,0,2,0,0,1,0,1,0,0,1,0,0,1,0,0,1,0,1,1,1,0,0,0,0,1,0,0,0,0,0,1,0,0,0,1,1,1,3,0,0,0,0,0,0,1,3,0,1,0,0,0,0,0,0,2,0,1,0,0,3,3,0,1,2,0,0,0,1,0,0,1,1,0,0,0,2,1,0,0,0,0,0,0,1,1,0,0,0,1,0,1,1,0,0,2,2,0,2,0,1,0,0,0,0,2,0,0,0,2,1,1
0,0,0,0,0,0,0,0,2,0,0,0,0,3,0,0,0,0,1,0,0,0,1,0,0,0,0,3,0,0,1,3,0,0,2,0,0,0,0,0,1,0,0,0,0,0,0,1,0,0,1,1,0,0,0,0,0,0,0,0,0,1,0,0,0,0,0,2,1,0,0,0,0,3,0,0,1,2,0,0,0,0,0,11,1,0,0,0,1,3,0,0,0,4,0,0,2,1,0,0,3,1,0,3,0,1,0,0,1,1,0,1,0,2,1,3,0,0,0,0,0,1,0,0,3,5,0,0,1,2,1,0,0,2,0,0,0,0,0,0,0,0,3,0,1,0,3,0,0,1,0,0,1,0,0,0,0,0,0,0,2,0,3,0,1,0,0,0,0,0,0,0,0,1,1,1,0,0,0,0,0,0,0,1,0,0,0,0,0,1,0,0,1,0,0,0,0,1,0,2,2,0,0,0,1,3,0,2,0,0,1,1,2,0,0,0,2,0,0,0,0,1,0,1,1,0,0,0,2,1,0,1,1,1,3,0,3,0,0,0,0,3,5,0,0,0,1,0,0,4,0,0,0,0,0,1
1,0,0,0,0,0,0,0,2,0,0,1,0,1,0,0,1,0,3,0,0,1,3,0,0,0,0,3,0,0,0,4,1,0,1,0,1,2,0,0,0,0,0,0,0,1,3,0,0,0,1,0,0,0,0,0,0,0,0,0,0,0,0,0,0,0,0,0,1,0,0,0,1,3,1,0,0,3,0,1,0,0,0,12,2,0,0,0,0,4,0,1,0,4,0,0,2,1,0,0,4,0,1,3,1,2,0,0,0,0,0,1,0,0,3,5,0,0,0,0,0,0,0,2,4,7,0,0,3,2,0,0,0,2,1,0,2,0,0,0,0,0,0,0,0,0,4,1,0,0,0,0,0,0,0,1,0,2,1,0,1,0,0,0,2,0,1,0,0,0,0,0,0,0,1,3,0,1,3,2,0,1,0,0,0,1,0,0,2,0,0,0,0,0,0,0,1,0,0,4,2,0,0,0,0,4,0,1,7,0,0,0,1,0,0,0,0,1,0,3,0,1,0,1,1,0,0,1,3,2,0,0,0,1,0,0,3,0,0,0,0,1,2,0,0,0,0,0,0,0,0,0,0,0,0,0
0,0,0,0,0,0,0,0,0,1,0,0,0,0,0,0,0,1,1,0,1,0,0,1,0,0,0,1,0,0,0,3,0,0,1,0,0,0,1,0,0,1,0,0,0,1,0,0,0,0,1,0,0,0,0,0,0,0,0,2,0,0,0,0,0,0,0,0,1,0,0,0,0,2,0,0,0,1,1,0,0,0,0,4,0,3,0,0,1,3,0,0,0,3,0,0,1,0,0,0,2,2,0,3,0,1,0,0,0,1,0,0,0,2,0,3,0,0,0,0,0,0,0,0,3,2,1,0,0,1,2,0,0,1,0,0,0,0,0,0,0,0,2,1,0,1,3,1,0,0,0,0,0,0,0,0,0,0,0,0,1,1,1,0,1,1,1,0,0,0,1,0,0,0,1,2,0,0,0,1,1,0,0,0,0,0,0,1,0,1,1,0,0,0,0,0,0,0,1,3,0,0,1,0,1,3,0,1,0,0,0,0,0,0,0,0,0,1,1,0,0,0,0,0,0,0,0,1,2,1,0,0,0,1,0,0,0,0,0,0,0,2,1,0,1,0,0,0,0,0,0,0,0,0,0,0
1,0,0,0,0,0,3,0,0,0,0,0,0,0,0,0,0,0,1,0,0,0,0,0,0,0,0,1,0,0,0,2,1,0,0,0,1,1,0,0,0,0,0,0,0,1,0,1,1,0,0,0,0,1,0,0,0,0,0,1,0,0,0,0,0,0,0,0,0,0,0,0,0,2,1,0,0,2,0,2,0,0,0,6,1,0,0,0,2,3,0,1,0,3,0,2,1,0,0,0,0,2,0,2,0,0,0,0,1,2,0,0,0,1,0,2,0,0,0,0,0,1,0,0,2,0,0,0,2,2,2,0,0,1,1,0,0,0,0,0,0,0,1,0,0,0,2,0,0,0,0,0,0,1,0,0,0,0,0,0,0,0,5,0,3,1,0,0,0,2,2,1,0,0,4,1,0,0,0,2,1,1,2,1,0,0,0,0,0,3,2,0,0,0,0,1,0,0,0,2,0,0,1,0,0,2,0,1,0,0,0,1,2,0,0,1,4,0,0,1,2,2,2,2,0,0,0,0,2,4,0,0,0,0,0,1,2,0,0,0,0,2,3,0,1,0,0,0,1,2,0,0,0,1,1,2
0,1,0,0,0,0,1,0,0,0,0,0,0,3,0,0,0,0,2,0,0,2,1,1,0,1,0,9,2,0,0,5,0,1,4,1,0,0,0,0,0,1,0,1,2,4,0,1,0,0,1,0,1,0,0,0,0,0,0,0,0,1,0,0,0,0,0,0,0,0,0,0,0,4,0,0,0,2,0,0,0,0,0,14,1,1,1,0,0,3,0,1,1,5,0,0,1,1,0,0,5,1,0,3,0,2,0,0,0,0,0,0,0,1,1,4,2,0,0,0,0,0,0,0,4,9,0,0,0,2,0,0,0,2,1,0,2,0,0,0,0,0,2,0,1,0,5,0,0,0,0,0,1,0,0,0,0,1,1,0,0,0,0,0,0,0,0,0,0,0,0,0,0,0,0,1,0,0,0,1,0,0,0,0,0,0,0,1,0,0,1,0,0,1,0,0,0,0,1,4,0,1,1,0,0,4,0,1,0,0,3,0,2,0,0,0,0,0,0,0,0,0,0,2,1,1,0,0,3,1,1,0,0,1,1,1,0,0,0,0,0,0,2,0,0,0,0,0,0,1,0,0,0,0,0,0
0,0,0,0,0,0,0,0,0,0,0,0,1,0,0,0,1,0,2,0,0,0,3,0,0,0,0,2,0,0,0,4,0,0,4,0,0,0,0,0,0,0,0,0,0,2,0,3,0,0,1,1,0,0,0,0,0,0,0,1,0,1,0,0,0,1,1,0,0,0,0,0,0,5,1,0,0,3,0,1,3,0,0,14,4,5,3,0,0,5,0,1,0,4,0,0,0,2,0,0,6,1,0,4,1,2,0,0,0,0,0,1,0,2,0,4,2,0,0,1,0,0,0,0,4,10,2,0,1,0,0,0,0,2,1,0,0,0,0,0,0,0,2,0,0,0,4,0,0,0,0,0,0,0,1,0,0,0,0,0,1,0,0,0,0,0,1,0,0,0,1,0,0,0,1,3,0,0,0,1,0,0,0,0,0,0,0,0,0,0,0,0,1,0,0,1,0,0,0,4,0,0,1,0,0,4,0,0,0,0,0,0,2,0,0,0,0,1,0,0,2,0,0,0,1,0,0,0,3,0,0,0,0,2,0,0,1,0,0,1,0,1,2,1,0,0,0,0,0,0,1,0,1,0,0,0
0,0,0,0,0,1,0,0,1,0,0,0,1,0,0,0,0,0,1,0,0,0,0,0,0,0,0,0,0,0,1,3,0,0,0,0,0,0,0,0,0,0,0,0,0,2,0,0,0,0,0,1,1,1,0,0,0,0,0,0,0,0,0,1,0,1,0,0,0,0,0,0,0,2,0,0,1,2,2,1,2,0,0,8,0,0,0,1,1,1,0,1,0,4,0,0,3,0,0,0,2,1,0,3,2,0,0,0,1,2,0,0,0,1,0,3,0,0,0,0,0,0,0,0,3,2,0,0,1,2,1,0,0,2,1,0,1,4,0,0,0,0,2,0,2,0,3,0,0,0,0,2,0,0,0,0,0,2,1,0,0,0,2,0,1,0,0,0,0,0,0,1,0,1,0,3,0,0,2,1,1,1,0,3,0,0,0,0,0,2,1,0,0,0,0,1,1,0,0,3,0,0,0,0,0,3,0,0,0,0,0,0,1,0,0,0,1,0,0,0,0,1,2,1,0,0,0,0,1,0,0,0,0,2,0,1,1,0,0,0,0,0,1,0,0,0,0,0,0,1,0,0,0,0,0,0
0,0,0,0,0,0,0,0,3,1,0,0,0,2,0,0,0,0,4,0,0,1,2,0,0,0,1,2,2,1,1,4,0,0,0,0,0,1,0,0,1,0,0,0,0,0,2,0,0,1,1,0,0,0,0,0,0,0,0,0,0,1,0,0,0,0,0,0,0,0,1,0,0,4,1,0,0,1,0,1,1,0,1,10,2,0,0,0,0,0,0,0,1,5,0,0,1,0,0,1,1,0,0,2,0,1,0,0,0,1,1,2,0,0,0,4,0,0,0,0,0,0,0,1,4,6,1,0,1,1,1,0,0,1,0,0,0,0,0,0,1,0,3,0,0,0,4,0,0,0,0,1,0,0,0,0,0,1,1,0,0,0,1,0,2,0,1,0,0,0,0,0,0,0,0,3,0,0,0,0,2,0,2,0,0,1,0,0,1,1,0,0,0,1,0,0,3,0,0,3,0,0,1,0,0,2,0,1,0,0,0,0,0,0,1,0,0,1,0,1,2,0,0,0,2,0,0,1,3,1,1,0,0,2,0,0,1,0,0,0,0,0,1,0,0,1,0,0,0,1,0,0,0,0,0,0
1,1,0,1,0,1,0,0,0,0,3,1,0,1,0,0,0,0,0,0,3,1,0,1,0,0,0,3,0,0,3,2,0,0,1,0,0,1,0,0,0,0,1,0,1,4,0,0,0,0,2,1,0,0,0,0,0,0,0,0,0,0,0,0,0,0,0,0,0,1,0,0,1,3,1,0,0,1,0,1,2,0,0,7,0,0,0,0,2,2,2,1,0,2,0,2,2,1,0,1,0,0,2,4,0,0,0,0,4,2,2,0,0,1,0,2,1,1,1,0,2,0,0,1,2,3,0,0,2,0,3,0,0,2,0,0,2,3,0,1,0,0,1,0,2,0,3,0,0,0,0,0,2,2,0,0,0,1,1,0,1,0,2,0,2,0,0,0,0,1,0,2,1,0,4,1,0,2,1,1,1,0,2,1,0,0,0,0,0,2,2,0,0,0,1,0,0,0,1,2,0,0,0,1,0,4,0,1,0,0,0,0,4,1,0,0,3,0,0,0,1,2,0,1,1,0,0,0,2,0,1,0,0,1,0,2,0,0,0,0,0,0,3,1,0,1,0,1,1,2,0,0,0,0,0,2
0,0,0,0,0,2,1,0,0,0,1,0,0,2,0,0,0,0,1,0,1,0,0,0,0,0,0,0,0,1,0,2,0,0,0,0,1,0,0,0,0,3,1,0,0,1,0,0,0,0,1,0,0,0,0,2,0,0,1,0,1,0,0,0,0,0,0,0,1,2,0,0,0,1,1,0,0,2,0,1,0,0,0,5,0,0,2,0,1,1,0,1,0,3,0,0,3,0,0,0,3,0,1,2,0,1,0,0,2,2,0,0,0,1,0,2,0,1,0,0,0,0,0,0,3,2,0,0,1,1,2,0,0,1,0,1,0,0,0,0,0,0,2,0,1,2,3,0,0,0,0,0,0,0,0,0,0,1,0,1,0,0,5,0,3,0,0,0,0,0,1,0,0,0,0,1,0,0,1,0,1,0,0,0,0,0,0,0,1,1,0,0,0,0,0,0,0,0,2,2,0,0,0,1,0,3,0,0,0,0,0,1,1,0,0,1,1,0,0,0,1,2,0,6,0,0,0,1,1,0,0,0,0,0,0,1,1,0,1,0,0,0,1,0,0,0,1,0,0,3,0,0,0,0,0,1
0,0,0,0,0,0,0,0,0,0,0,0,0,0,0,0,0,0,1,0,1,0,0,0,1,0,0,0,0,0,1,3,0,0,0,1,0,0,0,0,0,0,1,0,0,1,0,2,2,0,2,0,0,0,0,0,0,0,0,1,0,0,1,0,0,0,0,0,0,0,0,0,0,2,0,0,0,1,1,1,0,0,0,7,1,0,0,0,2,1,0,0,1,4,0,0,0,0,0,0,1,3,0,3,0,0,0,0,0,1,0,0,0,1,3,3,1,0,0,0,0,0,0,0,4,2,0,0,1,2,1,0,0,1,1,0,0,1,0,0,1,0,2,0,0,0,3,0,0,0,0,0,1,0,0,0,0,4,1,0,0,0,2,0,2,0,0,0,0,0,1,0,0,0,0,1,0,0,1,1,1,0,0,0,0,0,0,0,0,2,1,0,0,0,0,0,0,0,0,3,0,0,1,0,2,3,0,0,0,0,0,0,0,0,0,1,1,0,0,0,1,1,0,1,1,1,0,0,0,2,0,1,0,2,0,0,4,0,0,0,0,0,1,0,0,0,0,0,0,2,0,0,0,0,0,0
0,0,1,0,0,0,1,0,3,0,0,0,1,2,1,0,0,0,1,0,0,4,1,0,0,0,0,2,2,1,0,3,0,0,1,0,1,0,1,0,1,1,1,0,0,1,0,0,1,0,1,0,0,0,0,0,1,0,0,0,0,1,0,0,0,0,0,2,0,0,0,0,0,4,1,0,0,2,2,0,1,0,0,6,0,1,1,2,1,1,0,2,1,4,1,0,1,1,0,0,0,1,1,3,0,2,0,0,0,2,0,1,0,0,0,3,0,0,0,4,0,0,0,0,3,2,1,0,3,0,2,0,0,3,0,0,1,0,0,0,0,0,2,0,0,0,3,0,1,0,0,0,0,0,1,0,0,0,1,0,0,0,1,0,5,0,0,0,0,0,0,1,0,0,0,3,0,0,3,0,2,2,0,0,1,0,5,0,0,2,0,0,0,0,0,1,0,1,4,3,0,1,1,0,0,1,0,1,0,0,0,0,1,0,0,1,2,0,0,0,0,1,0,1,0,0,0,1,4,1,0,0,0,1,0,0,0,0,0,0,0,3,2,0,0,0,0,0,0,2,1,0,0,0,0,1
0,0,0,0,0,1,0,0,0,0,0,0,0,0,0,0,0,0,2,0,0,0,1,0,0,0,0,1,0,0,1,2,0,1,0,0,0,0,0,0,0,0,0,0,1,0,0,0,0,0,1,0,0,1,0,0,0,0,0,0,0,0,0,0,0,2,0,0,0,0,0,0,0,2,0,0,0,1,0,0,0,0,0,4,0,0,0,0,2,3,0,0,0,2,0,0,1,0,0,0,1,2,1,2,1,0,0,0,1,2,1,0,0,2,0,2,1,0,0,0,0,0,0,0,2,2,0,2,2,0,2,0,0,0,0,0,0,1,0,0,0,0,1,0,0,0,2,0,0,1,0,1,2,2,0,0,0,1,0,0,0,0,4,2,3,0,0,0,0,1,1,0,0,0,0,1,0,0,2,1,0,0,1,0,0,0,0,0,0,2,2,0,0,0,0,0,0,0,0,2,0,1,0,0,1,3,0,0,0,0,0,0,2,0,0,0,2,1,0,0,2,2,0,3,1,1,0,0,2,0,0,1,0,2,0,1,1,0,0,0,0,0,2,0,1,0,0,0,0,2,0,0,0,0,0,1
1,0,0,0,2,0,0,0,0,0,0,0,0,1,0,0,0,0,1,0,0,2,0,0,0,0,0,0,0,1,1,2,0,0,1,1,0,0,1,0,0,0,0,0,0,1,0,2,2,0,1,1,0,0,0,0,0,0,0,0,0,1,0,1,0,0,0,0,2,0,0,0,0,4,0,0,0,2,0,1,0,0,0,6,1,0,1,2,2,1,0,0,1,2,0,0,1,2,0,0,1,1,1,0,1,0,0,0,0,2,0,0,0,1,1,2,0,0,0,0,0,0,2,0,2,4,0,0,2,1,2,0,0,2,1,0,0,1,0,0,0,1,1,0,1,0,2,0,0,0,0,0,0,2,0,1,0,1,0,0,0,0,5,0,2,2,0,0,0,0,0,0,1,0,2,0,0,0,0,0,2,0,0,0,0,0,0,0,1,2,0,0,0,0,0,1,0,1,2,1,2,0,0,0,0,3,0,1,2,1,0,2,3,0,0,0,3,0,0,0,1,2,0,1,0,0,0,0,0,0,0,2,0,0,0,1,0,0,3,0,0,0,0,0,1,0,1,0,0,4,0,0,0,0,0,2
0,0,0,0,0,0,1,0,0,1,0,1,0,1,0,0,0,0,0,0,0,0,4,1,0,0,0,0,0,1,0,2,0,0,0,0,1,0,0,0,0,0,0,0,0,1,0,0,0,0,1,0,1,0,1,0,0,0,0,0,0,1,0,0,0,0,0,0,1,1,0,0,0,0,0,0,0,1,0,0,0,0,0,8,2,0,1,0,2,1,0,1,1,2,0,0,0,0,0,0,1,1,0,1,0,1,0,0,1,2,0,1,0,2,2,3,0,0,0,0,0,0,0,1,3,4,0,0,2,1,2,0,1,1,0,0,0,3,0,0,2,2,0,1,0,0,3,0,0,0,0,0,0,4,0,0,0,2,0,0,0,0,3,0,2,0,1,0,0,1,0,0,0,0,1,0,0,0,0,0,0,0,0,1,0,0,1,0,1,3,0,0,0,0,0,0,0,0,0,2,0,0,0,0,0,4,0,1,0,1,0,1,3,0,0,1,4,0,0,1,2,2,0,4,1,0,0,0,2,4,0,1,0,1,1,1,5,0,0,1,0,0,2,0,0,0,0,0,1,4,1,0,0,0,0,1
0,2,0,0,0,1,0,1,1,0,0,0,0,0,0,0,0,0,1,0,1,1,0,0,0,0,0,0,0,3,1,2,0,0,1,0,1,0,0,0,1,0,0,0,0,0,1,0,0,0,1,0,0,0,1,0,0,0,0,0,0,0,0,0,0,1,0,0,0,0,0,0,0,2,0,0,1,2,1,0,0,0,1,8,0,0,0,1,2,0,0,2,1,2,0,0,0,1,0,0,0,1,0,2,0,0,1,0,2,2,0,1,0,0,1,2,1,0,0,0,0,0,1,0,2,5,2,1,1,0,2,0,0,2,0,0,1,1,0,0,0,1,4,0,0,0,3,0,3,0,0,4,1,3,0,0,0,1,2,0,0,0,4,0,3,0,0,0,0,0,0,0,0,1,0,0,0,0,0,0,0,1,0,0,0,0,1,0,0,2,0,2,0,0,0,1,0,0,0,3,0,0,0,0,0,3,0,1,0,0,0,0,2,0,0,0,1,0,0,0,2,2,0,3,0,0,0,0,2,1,0,1,0,0,1,1,0,0,2,0,0,1,0,0,4,0,0,0,1,3,1,1,0,0,1,2
0,0,0,0,1,0,2,0,0,0,0,0,0,4,0,1,0,0,2,0,0,0,1,0,0,1,0,1,1,0,1,4,0,0,3,0,0,0,0,0,0,0,0,0,0,0,3,0,0,0,1,1,1,1,0,0,0,0,0,0,0,0,0,0,0,0,0,0,0,0,0,0,0,3,2,0,1,3,1,0,0,0,0,9,3,0,0,0,1,0,0,0,0,3,0,0,0,1,0,0,2,0,0,2,0,1,0,0,0,1,0,0,0,0,2,3,0,0,0,1,1,0,0,0,3,6,0,0,1,0,3,0,1,3,1,0,1,0,0,0,0,0,2,0,2,3,3,1,2,0,0,1,0,1,1,1,0,2,2,0,0,0,1,0,1,0,0,0,1,1,0,0,0,1,0,3,0,0,0,0,1,0,0,0,0,0,0,0,0,1,0,0,0,0,0,0,0,0,0,3,0,0,0,0,0,3,0,1,0,0,0,0,1,0,0,0,1,0,0,1,1,1,0,1,0,0,0,0,3,0,0,0,0,1,0,1,2,0,1,0,0,1,0,0,1,0,0,0,0,1,0,0,1,0,0,0
0,0,0,0,0,0,2,0,1,0,0,0,0,0,1,0,0,0,0,1,0,3,0,0,1,0,0,0,0,0,0,0,0,0,0,0,0,1,0,0,0,0,0,0,0,1,0,0,0,0,0,0,0,0,0,0,0,0,0,0,0,0,0,0,0,0,0,0,0,1,0,0,0,2,2,0,0,0,0,0,0,0,0,1,1,1,3,1,4,0,0,0,1,1,0,3,0,0,0,0,0,1,0,0,0,0,2,0,2,4,0,0,1,0,0,0,0,0,0,0,0,0,0,0,0,1,0,0,4,0,5,0,1,0,0,0,0,1,0,0,0,1,0,0,0,0,1,0,0,0,0,0,3,3,0,1,0,0,0,0,0,0,8,2,4,1,0,0,0,2,0,0,0,0,1,0,1,0,0,0,0,0,2,0,0,0,0,0,0,4,0,2,0,0,0,0,0,0,1,0,0,0,0,0,1,0,1,0,0,0,0,0,4,0,0,0,5,0,0,0,0,4,0,2,0,0,0,0,2,1,0,1,0,0,0,3,0,0,0,0,0,1,0,0,1,0,0,0,1,4,0,1,0,0,1,4
0,0,1,0,0,0,0,0,1,0,0,0,0,0,0,0,0,0,2,0,0,0,0,0,0,0,0,2,0,1,2,3,0,0,0,1,0,0,0,0,0,0,1,0,0,2,0,2,1,0,0,0,0,1,0,0,0,1,0,0,0,0,0,0,0,0,0,0,0,0,0,0,0,2,0,0,0,1,0,1,0,0,0,7,0,0,0,0,1,4,0,0,0,3,0,0,2,0,0,0,1,1,0,2,0,0,0,0,0,0,1,0,1,3,0,3,0,1,0,0,0,0,0,0,4,3,1,0,0,1,0,0,0,1,0,0,1,0,0,0,0,0,2,0,0,0,3,0,0,0,0,0,0,0,1,1,0,2,1,0,0,0,0,0,2,0,0,0,0,0,0,0,0,0,1,2,0,0,0,3,1,0,1,0,0,0,0,0,1,0,0,0,0,0,0,0,0,0,0,3,0,0,0,0,0,3,0,1,0,1,0,0,0,0,0,1,1,0,0,0,0,0,0,0,0,0,0,1,1,0,0,0,0,1,0,0,0,0,0,0,0,0,3,0,0,0,0,0,0,0,0,1,0,0,0,0
0,2,0,0,0,0,0,0,2,0,3,1,1,0,0,0,1,0,1,0,0,1,0,1,0,0,0,1,1,0,1,1,1,1,0,0,0,0,0,0,0,0,0,0,0,0,2,0,0,0,0,0,0,0,0,0,1,0,0,0,0,0,0,0,0,1,0,0,1,1,0,0,1,2,0,0,0,1,0,1,0,0,0,2,0,1,0,2,2,0,0,1,1,2,0,1,0,1,0,0,2,1,1,2,0,0,1,0,0,2,0,0,0,0,0,1,0,0,1,0,0,0,0,0,1,2,0,1,2,1,2,0,0,0,0,0,0,0,2,0,0,0,1,1,0,0,1,0,0,0,1,0,0,0,0,0,1,0,0,0,0,0,2,1,3,2,1,0,0,0,1,0,2,0,0,1,0,0,2,0,1,0,0,0,0,0,1,0,0,2,0,3,0,0,0,1,0,2,3,1,0,0,0,0,0,1,0,0,0,0,0,0,2,0,0,1,4,0,0,0,1,3,0,0,0,1,0,0,2,1,0,1,0,0,0,0,1,0,0,0,0,0,1,1,0,3,0,0,0,2,0,0,1,0,1,2
1,0,0,0,0,0,0,0,1,0,0,0,0,0,0,0,0,0,0,0,0,1,0,0,0,0,0,1,1,0,0,2,0,0,3,1,0,0,0,0,0,0,0,0,0,0,0,2,0,0,0,0,0,1,0,0,0,0,0,0,0,1,0,0,0,0,0,0,0,1,0,0,0,2,0,0,0,3,2,1,0,0,0,6,0,1,0,1,2,0,0,0,1,3,0,0,0,4,0,0,3,0,1,2,0,2,0,0,2,2,0,0,0,0,1,2,0,0,0,0,0,0,0,1,2,5,0,1,2,1,2,0,1,0,0,1,1,1,0,0,0,0,1,0,1,0,2,0,1,0,0,0,1,1,0,0,0,2,0,0,2,0,4,0,2,0,0,0,0,2,2,0,0,1,0,1,0,0,1,0,1,0,0,0,1,0,0,0,0,2,0,0,0,0,0,1,0,0,0,2,2,0,0,0,0,3,0,0,0,0,1,0,2,0,0,0,3,0,0,1,2,2,0,2,0,0,0,0,2,1,0,0,0,1,0,2,1,0,0,0,0,1,1,2,0,0,0,0,1,2,0,1,0,0,2,3
0,1,2,0,1,1,0,0,0,0,1,0,1,0,0,0,0,1,1,0,0,0,0,1,1,0,1,2,1,0,0,2,0,0,3,0,0,1,1,0,0,0,2,0,2,0,0,0,0,0,1,0,0,0,1,1,0,1,0,1,2,1,0,0,0,0,0,0,0,0,0,0,1,4,0,0,0,1,1,0,0,0,0,6,0,0,1,0,1,1,0,0,0,3,0,1,0,2,0,0,0,0,1,4,0,0,1,0,2,0,1,1,2,2,0,2,1,2,0,0,0,0,0,0,3,2,0,0,0,2,1,0,0,2,1,0,1,0,0,0,0,0,0,0,0,0,3,0,0,0,0,0,0,0,0,0,0,0,1,3,0,0,0,1,0,0,0,0,0,0,1,0,0,0,1,2,0,0,0,1,1,1,1,0,1,0,0,0,1,0,0,1,0,0,0,0,0,0,1,2,1,0,0,0,0,2,0,0,0,0,0,0,0,0,0,0,0,0,0,0,0,0,1,1,0,0,1,1,1,2,0,0,0,0,1,0,0,2,0,0,0,0,2,0,0,0,0,0,1,2,0,1,0,0,0,0
0,0,1,0,0,0,0,0,0,0,1,0,0,1,0,0,0,0,3,0,1,1,0,0,0,0,0,1,0,0,0,4,0,0,3,0,0,2,0,0,0,0,0,0,1,4,0,1,0,1,2,0,0,0,0,0,0,0,0,0,0,1,0,1,2,0,0,0,0,0,1,0,0,3,0,0,0,3,0,0,1,0,0,11,0,0,0,0,0,3,1,2,0,4,0,0,2,0,0,0,0,1,0,4,0,0,0,0,0,0,1,1,0,0,1,4,0,0,0,0,0,0,0,0,5,4,1,0,1,1,0,0,0,2,1,1,1,0,0,0,0,0,2,0,1,0,4,0,0,0,0,0,0,0,0,0,0,0,0,0,1,0,1,0,1,0,0,1,0,0,1,1,0,0,0,3,0,0,0,1,1,0,0,0,0,0,0,0,0,0,0,0,0,0,0,0,0,0,0,4,0,1,1,0,0,4,0,0,0,0,0,0,0,0,0,1,0,0,0,1,0,0,0,0,1,0,0,0,4,2,0,0,0,3,0,0,1,0,0,0,0,1,3,0,0,0,0,0,0,0,0,0,0,0,0,0
0,0,0,0,0,0,1,0,0,0,0,0,0,0,0,0,0,0,0,0,0,0,1,0,0,0,0,0,0,0,1,3,0,0,1,0,0,0,0,0,0,1,0,0,0,0,1,1,0,0,1,0,0,0,0,0,0,0,0,1,0,0,0,0,1,0,0,0,0,0,0,0,0,4,0,0,2,1,0,1,1,1,0,6,1,2,0,0,1,1,0,0,0,3,0,0,0,0,0,0,2,2,1,3,0,0,0,0,0,2,0,0,0,0,0,3,0,0,0,0,0,0,0,0,3,3,0,1,1,1,3,0,0,1,0,0,0,0,0,0,0,0,1,0,1,0,3,0,0,0,0,0,1,1,0,0,0,4,0,0,0,0,1,0,3,0,0,0,0,0,0,3,0,0,1,2,0,0,0,0,1,0,0,0,0,1,2,0,0,2,0,0,1,0,0,1,1,0,0,3,0,1,0,0,2,2,0,0,0,0,0,0,1,0,0,0,1,0,0,1,0,1,0,1,1,1,0,0,4,3,0,1,0,0,0,0,0,0,0,0,0,0,0,0,0,0,0,0,0,1,0,0,0,0,2,1
0,1,0,0,0,0,0,0,1,0,0,0,0,1,0,0,0,0,4,0,0,0,3,2,0,0,0,5,0,0,0,4,0,1,0,0,0,0,0,0,0,0,0,1,0,0,0,0,1,0,0,0,0,0,0,0,1,0,0,0,0,0,0,0,0,0,0,0,0,0,0,0,0,4,0,0,0,2,0,0,0,0,1,9,0,0,0,0,0,2,0,0,0,5,0,0,2,3,0,0,2,0,0,4,0,0,0,0,0,0,0,0,0,2,3,4,1,0,0,1,0,0,0,0,4,5,0,0,0,0,0,0,0,0,0,0,0,0,0,0,0,0,1,0,0,0,4,0,0,0,1,0,0,0,0,0,1,0,1,0,1,0,0,0,2,0,1,1,0,0,0,0,0,0,1,3,0,0,0,0,1,0,0,0,0,0,0,0,2,0,1,0,0,0,0,0,0,0,0,4,0,0,0,0,0,4,0,0,0,0,0,0,0,0,0,0,0,0,0,2,1,0,0,0,0,0,0,1,3,1,0,0,0,2,0,0,0,0,0,0,0,5,3,0,0,0,0,0,0,1,0,1,0,0,0,0
0,0,0,0,0,1,0,0,0,0,0,0,0,0,0,0,0,0,1,0,0,0,0,0,0,0,0,2,0,0,1,4,0,0,0,0,0,1,0,0,0,0,0,0,0,0,0,0,0,0,0,0,0,0,1,0,0,0,0,0,0,0,0,0,0,0,0,0,0,0,2,0,0,5,0,0,0,3,0,1,0,1,0,12,0,0,0,0,0,2,0,1,0,6,0,0,4,0,1,0,2,0,0,3,0,1,0,0,0,0,1,1,0,1,0,4,0,0,0,0,0,0,0,1,4,5,2,0,0,3,0,0,0,3,2,0,0,0,0,0,0,0,1,0,2,0,6,1,0,0,0,1,0,0,0,0,0,0,1,0,1,0,0,0,1,0,1,0,0,0,1,0,0,0,0,4,0,0,2,1,3,0,3,0,0,0,2,0,1,0,0,0,1,0,0,0,0,0,0,4,1,1,0,0,0,4,0,0,0,0,1,0,0,0,0,0,0,0,0,0,0,0,0,0,1,0,0,1,2,1,1,0,0,0,0,0,2,0,0,0,0,0,2,0,0,0,0,0,0,0,0,0,0,0,0,0
1,0,0,0,0,0,0,1,0,0,0,0,0,0,0,0,0,0,0,0,0,2,0,0,0,0,0,0,0,0,0,1,0,0,0,0,0,0,0,0,0,0,1,0,0,0,0,0,0,0,1,1,0,0,0,0,0,0,0,0,0,1,0,0,0,1,0,1,0,1,0,0,0,4,0,0,3,2,0,0,0,1,1,3,0,0,1,1,3,0,0,0,1,2,0,1,0,0,0,0,0,0,2,1,0,0,1,0,2,3,0,0,1,0,0,1,0,0,0,0,0,0,0,0,1,0,0,0,3,1,3,0,0,2,0,0,0,0,0,0,0,0,1,0,1,0,1,0,0,1,0,0,0,1,0,0,0,1,0,0,0,0,5,0,4,3,0,0,0,1,0,1,1,0,0,2,0,0,0,0,3,0,0,0,0,1,1,0,1,3,0,0,0,0,0,1,0,0,0,1,0,0,0,0,2,1,0,0,0,0,0,0,3,0,0,0,3,0,0,0,1,3,0,0,1,0,0,1,1,3,0,0,0,0,0,4,0,0,0,0,0,0,0,0,0,0,0,0,1,3,0,0,0,0,1,2
0,1,0,1,0,0,3,0,0,0,1,0,0,3,1,1,0,0,2,0,0,0,0,0,0,0,0,3,0,0,0,2,0,3,0,0,0,0,0,0,0,0,0,1,0,2,0,2,1,0,0,1,0,0,0,0,0,0,0,0,0,0,0,0,0,0,0,2,1,0,0,0,1,4,0,0,1,1,0,1,0,0,1,3,2,0,1,2,2,3,0,0,2,3,1,1,0,0,0,0,1,1,1,3,0,0,0,0,0,3,0,1,1,2,0,1,0,0,0,0,0,0,0,1,3,4,0,0,2,1,4,2,0,0,0,0,1,0,0,0,0,1,2,0,0,1,2,0,0,0,0,1,3,0,0,0,0,1,1,0,2,0,7,0,3,0,0,0,0,0,0,0,0,1,1,1,0,0,1,0,1,0,0,0,2,0,1,0,0,2,0,0,0,1,0,0,1,1,4,1,0,1,0,0,2,1,0,0,0,0,0,3,1,0,0,0,2,0,0,0,2,2,0,2,1,0,0,0,2,1,0,3,0,0,0,2,0,0,0,0,0,5,5,0,2,0,0,0,0,2,0,0,0,0,2,1
0,0,0,0,0,0,0,0,0,0,0,0,0,0,0,0,0,0,2,0,0,0,0,0,0,0,0,2,0,0,1,3,0,0,1,1,0,0,0,0,0,1,1,0,1,2,0,2,1,0,1,0,0,0,0,0,1,0,0,1,0,0,0,0,1,0,0,0,1,1,0,0,0,4,1,0,1,0,1,0,0,0,0,9,0,0,1,0,1,2,0,0,0,3,0,1,0,0,0,0,0,0,0,1,0,0,0,0,1,1,0,0,0,0,1,3,0,0,0,0,0,0,0,0,3,3,0,0,1,0,1,0,0,0,0,0,1,0,0,0,0,0,2,0,0,0,3,0,0,0,0,0,1,1,1,0,0,1,1,0,0,0,2,1,3,0,0,0,0,1,0,0,0,0,1,2,0,1,0,2,1,0,0,0,0,0,1,0,1,3,1,0,0,0,0,0,0,0,0,3,0,0,1,0,0,3,0,2,0,0,1,0,1,0,0,0,0,1,0,0,0,1,0,1,0,0,0,0,3,0,0,0,0,0,0,0,1,0,2,0,0,1,1,0,1,0,0,0,0,1,0,0,1,0,0,1
0,0,0,0,0,0,2,1,0,0,0,0,1,0,0,0,0,0,0,0,0,2,0,0,0,0,0,0,0,1,0,1,0,0,0,0,0,0,0,0,0,0,0,0,0,0,0,0,2,0,0,0,0,0,0,0,0,0,0,0,0,0,0,0,0,0,0,0,0,0,0,0,0,3,0,0,0,1,2,0,0,0,0,2,1,1,0,0,3,2,0,1,3,3,1,1,0,0,0,0,1,0,0,1,0,0,0,0,0,3,0,0,0,0,0,1,0,0,0,0,0,0,0,0,1,0,0,0,3,0,4,0,0,2,0,0,0,0,0,0,0,0,2,0,3,0,2,0,0,0,0,1,0,0,0,0,0,0,0,0,0,0,5,0,5,0,0,0,0,1,0,0,0,0,0,0,1,0,0,0,1,0,0,0,1,1,0,0,1,3,1,0,0,0,1,0,0,0,0,1,0,1,0,0,1,0,0,1,0,0,0,0,3,0,0,1,4,0,0,0,0,3,1,1,0,0,0,1,2,2,0,2,0,1,0,2,2,0,3,0,0,0,1,0,1,0,1,0,0,3,0,0,0,0,0,3
0,2,0,1,0,0,0,1,0,2,0,0,0,0,0,0,0,0,1,0,2,0,0,0,0,0,0,3,1,0,0,2,0,4,0,0,0,0,0,0,0,0,2,0,0,1,2,0,2,0,1,0,1,0,1,1,2,1,0,0,0,1,0,0,0,1,0,0,1,1,0,0,0,1,0,0,1,0,2,0,0,0,0,7,1,0,0,1,1,0,0,1,3,3,1,2,1,0,0,0,1,1,1,3,0,0,1,0,0,1,0,1,0,0,1,2,0,1,0,0,0,0,1,0,5,6,0,0,2,1,1,1,0,0,0,0,0,0,0,1,0,2,3,0,0,0,4,0,1,0,0,0,1,0,1,0,1,0,2,0,0,1,3,0,1,0,0,1,0,0,1,0,0,0,0,1,0,0,1,0,1,1,1,1,1,0,0,0,0,1,0,2,0,0,0,1,0,0,0,2,1,1,4,0,2,2,0,0,0,0,0,0,2,0,0,0,1,0,0,1,2,1,1,0,0,0,0,0,1,0,0,1,0,2,0,0,0,0,0,0,0,0,0,0,0,0,0,0,0,1,0,0,0,0,0,1
1,0,0,0,0,1,1,1,3,0,0,0,0,0,0,0,0,0,0,0,0,1,0,0,0,0,0,0,1,1,0,2,0,0,1,1,0,2,0,0,0,0,0,0,0,0,0,1,0,0,0,0,1,0,0,0,0,0,0,0,0,0,0,0,1,1,0,2,1,1,0,0,0,2,0,0,0,1,2,0,0,0,0,8,1,0,0,1,2,1,0,0,0,2,0,0,1,0,0,0,1,0,1,1,0,0,0,1,0,1,0,2,0,0,0,3,1,2,0,0,0,0,0,1,2,3,0,0,2,2,3,0,1,3,0,0,1,1,0,0,0,1,2,0,0,0,2,0,0,1,0,0,1,0,0,0,0,2,1,1,2,0,4,0,2,0,2,0,0,1,0,1,0,0,0,1,0,0,0,0,0,0,1,1,0,1,0,0,0,2,0,0,0,0,0,1,1,0,0,2,1,0,0,0,0,3,0,1,0,0,0,0,3,0,1,0,3,0,0,0,0,2,0,2,1,0,0,0,2,0,0,1,0,0,0,1,3,0,1,0,0,1,0,1,2,0,0,0,0,3,0,1,0,0,0,1
2,0,0,0,0,0,0,0,0,1,0,0,0,2,0,0,1,0,0,0,0,2,1,1,1,0,0,0,0,0,0,1,0,0,3,0,0,0,0,0,0,0,1,0,0,1,0,0,0,0,1,0,0,0,0,0,0,0,0,0,0,0,0,0,0,0,0,0,0,0,0,0,0,2,0,0,1,0,0,1,1,0,0,3,0,0,0,0,3,3,0,0,1,3,0,0,1,0,0,0,0,0,0,2,0,1,1,1,0,1,0,0,1,1,2,1,1,0,0,0,0,0,0,0,2,3,0,0,3,2,2,0,0,0,1,0,0,0,0,0,0,1,1,0,0,0,1,0,0,0,0,0,1,0,0,0,0,0,0,0,0,0,2,0,2,0,0,0,0,0,0,0,0,0,0,1,0,0,0,1,0,0,0,0,0,0,0,0,0,2,0,0,0,0,0,0,0,0,0,1,0,0,0,0,1,1,0,0,1,0,0,0,2,0,1,0,4,0,0,1,0,2,0,1,0,0,0,0,2,0,0,1,0,2,0,2,0,0,0,0,0,1,0,0,0,0,1,0,1,3,0,0,0,0,0,2
0,1,0,0,0,2,0,0,3,2,0,0,0,5,0,0,0,0,2,0,0,0,0,0,0,0,0,3,0,0,0,4,0,0,2,2,2,1,0,0,0,0,0,1,0,0,2,6,0,0,1,0,0,0,2,0,1,0,0,0,0,0,0,0,0,1,0,0,0,0,0,0,4,2,1,2,0,2,2,1,1,0,0,14,1,0,0,0,1,1,0,1,1,5,0,0,2,6,0,0,4,2,0,4,0,0,0,0,1,1,2,2,0,1,8,3,1,0,0,2,0,0,0,2,4,5,0,1,1,0,1,0,0,1,1,0,2,0,0,0,0,0,3,0,0,0,3,0,0,0,0,1,0,0,0,0,0,1,1,0,3,0,1,0,4,0,1,0,0,0,2,1,0,1,0,1,0,0,1,0,1,0,1,1,0,0,0,0,0,1,0,0,0,0,0,0,0,0,0,3,0,0,2,0,0,5,0,0,0,0,0,0,0,0,0,0,0,1,0,1,1,1,0,0,1,0,0,0,1,1,1,0,0,1,0,0,3,0,0,0,0,1,0,1,0,2,0,4,0,2,0,0,0,0,0,1
0,0,0,0,0,0,0,0,1,0,0,0,0,0,0,0,0,0,1,0,0,1,1,0,1,0,0,0,0,1,1,2,0,1,0,0,0,0,0,0,0,0,0,0,0,4,1,0,2,0,1,0,0,0,0,0,0,0,1,2,0,1,0,0,0,0,0,1,1,0,0,0,0,0,0,0,1,1,0,0,0,0,0,3,0,0,0,0,2,1,0,0,0,3,1,0,0,0,0,0,2,2,0,1,1,1,0,0,0,3,0,0,0,1,1,1,1,0,0,0,0,2,0,0,2,4,1,0,3,1,3,0,0,1,0,1,0,0,0,0,0,0,0,0,0,0,3,0,0,0,0,0,1,0,0,0,0,1,1,0,0,1,2,0,3,0,0,0,0,1,0,0,0,0,1,2,0,0,0,0,0,0,0,0,0,1,1,0,0,2,1,2,0,0,0,0,0,0,1,2,0,0,0,0,1,3,0,0,0,0,0,0,2,0,0,0,3,1,0,0,1,2,0,2,1,0,0,0,2,1,1,0,0,0,0,1,0,0,1,0,0,0,0,0,3,0,0,0,1,5,0,0,0,0,1,2
1,0,0,0,0,1,0,0,0,0,0,0,0,0,0,0,0,0,3,0,0,1,0,0,0,0,0,2,0,0,1,4,0,0,0,1,0,0,0,0,0,0,1,0,0,4,2,3,0,0,0,0,1,0,1,0,0,0,0,0,0,0,1,0,0,0,0,0,0,0,0,0,0,4,0,0,0,2,1,0,1,0,0,8,0,0,0,0,0,3,0,2,0,4,0,1,2,1,0,0,0,1,0,4,0,0,0,0,0,1,1,0,0,3,0,3,1,0,0,0,0,0,0,0,4,6,0,0,0,0,1,0,0,1,0,0,0,0,0,0,0,0,0,0,0,0,4,0,1,0,1,3,0,0,0,0,0,0,1,0,0,0,2,0,1,0,0,0,0,0,1,1,0,0,0,0,0,0,0,2,0,0,2,0,0,0,0,0,0,0,3,1,0,0,0,0,0,0,0,3,0,0,0,0,0,3,0,1,0,0,0,1,0,0,0,0,0,0,0,0,0,1,1,0,1,1,0,0,2,0,1,0,0,1,0,1,2,0,0,0,0,0,1,0,0,0,0,0,0,2,0,0,1,0,0,0
0,0,0,0,0,0,1,0,1,0,0,0,0,0,0,0,0,0,2,1,1,2,0,0,1,0,0,0,0,1,0,3,0,0,2,0,0,0,0,1,0,0,0,0,0,2,0,0,0,0,1,0,1,0,0,0,0,0,0,0,0,0,0,1,0,0,0,0,0,0,0,0,0,2,0,0,0,2,2,0,0,0,0,6,2,0,0,1,2,2,0,0,0,4,1,0,1,1,0,0,1,1,0,2,1,0,0,0,1,2,0,0,0,1,0,3,0,1,0,0,0,0,0,0,3,4,1,0,1,1,2,0,0,2,0,0,0,0,0,0,0,0,2,0,1,0,3,0,0,0,1,0,0,0,0,0,0,1,2,0,1,0,1,0,1,0,0,0,0,0,2,1,0,0,0,2,0,0,0,0,0,1,0,0,0,0,0,0,2,2,0,0,0,1,0,0,0,0,0,3,0,0,0,0,0,2,0,0,1,0,0,0,1,0,0,1,2,0,0,0,0,1,0,2,1,0,0,3,3,2,0,1,0,1,0,0,0,0,1,0,0,0,1,0,0,0,0,0,0,2,0,0,0,1,0,1
2,0,1,0,0,0,1,0,1,0,0,1,0,0,0,0,0,0,0,0,0,2,1,0,0,0,0,0,1,0,1,2,0,0,3,0,1,0,0,0,0,0,1,0,1,2,1,0,1,0,0,0,0,0,0,0,0,0,0,0,0,1,0,1,0,0,0,0,0,0,0,0,0,3,0,0,2,1,0,1,0,0,0,4,1,0,2,0,3,0,1,0,3,3,0,2,1,0,0,0,0,0,0,0,1,0,1,0,0,3,0,0,0,0,0,1,0,1,0,1,0,0,0,0,1,1,0,1,2,0,3,1,0,0,0,1,2,0,1,0,0,0,1,0,3,1,2,0,0,0,0,0,2,0,0,1,0,1,0,1,3,0,6,0,5,0,0,0,0,1,1,1,0,0,0,1,0,0,1,0,0,2,1,0,0,0,0,0,0,3,0,0,0,0,0,0,0,0,0,1,0,1,1,0,1,2,0,1,0,0,1,0,3,0,0,1,3,0,0,0,0,3,0,3,0,0,0,0,0,0,1,3,0,1,1,2,0,0,0,1,0,0,0,0,0,1,0,2,0,3,0,0,0,0,3,3
0,0,0,1,0,0,1,0,0,0,0,0,0,0,0,0,0,0,1,0,0,0,0,0,0,0,0,1,0,0,2,3,0,1,0,1,0,1,0,0,0,0,1,0,1,2,2,3,0,0,1,0,0,0,0,0,0,0,0,0,0,0,0,1,0,0,0,0,1,0,0,0,0,4,0,1,0,1,1,1,0,0,1,12,2,0,0,1,1,2,0,1,0,3,0,2,1,1,0,0,0,0,1,2,0,1,1,0,3,1,1,1,0,1,0,3,1,0,0,2,0,0,0,0,3,5,0,0,2,1,1,0,0,2,0,0,2,0,0,0,1,0,1,0,0,1,3,0,0,0,0,0,0,1,0,0,0,2,0,0,0,0,3,0,3,0,0,0,0,0,0,1,0,0,0,3,0,0,0,2,1,0,0,0,0,0,0,0,1,1,0,0,0,0,0,1,0,0,0,3,0,0,1,0,0,3,0,2,0,0,0,0,2,0,0,2,1,0,0,1,5,1,0,3,0,1,0,0,2,0,0,0,0,0,0,1,1,0,0,0,1,1,0,0,0,0,0,0,0,1,0,0,1,0,0,1
0,1,0,0,0,1,0,0,0,0,0,0,0,1,1,0,0,2,1,0,0,0,0,0,0,0,0,1,2,0,1,2,0,0,1,0,0,0,0,0,2,1,0,0,0,0,0,0,2,0,2,0,0,0,0,0,0,0,0,0,2,0,0,1,0,0,0,0,2,0,0,0,0,3,0,0,0,3,2,1,0,0,0,5,0,0,0,3,2,2,0,2,1,3,0,1,0,0,0,2,1,1,3,2,1,0,2,0,3,2,0,0,0,1,1,3,1,0,0,1,0,0,1,0,2,2,0,0,2,0,2,0,0,0,1,1,0,1,0,0,0,0,1,0,0,0,2,0,0,0,0,0,0,0,0,0,0,1,0,0,0,0,8,0,2,0,0,0,0,1,0,2,2,0,0,0,0,0,1,0,1,0,0,0,0,0,0,1,0,2,0,0,0,0,0,0,0,0,4,2,0,2,0,0,1,3,0,1,0,0,1,0,2,0,0,0,4,0,0,0,1,2,0,1,0,0,1,0,2,1,0,0,0,0,0,1,1,0,0,0,0,0,0,0,2,0,1,0,0,3,0,0,0,0,0,2
0,0,0,0,0,2,0,0,0,0,1,0,0,1,0,0,0,0,3,0,0,0,1,0,0,0,1,2,0,1,0,4,0,0,1,0,0,0,0,0,0,0,0,0,0,1,0,1,0,0,0,0,0,0,0,0,0,0,0,0,0,0,0,0,0,0,0,0,0,0,0,0,0,4,0,0,0,2,0,0,2,0,0,11,1,0,0,0,2,2,0,0,0,5,0,0,4,0,0,1,3,1,0,2,0,0,0,0,0,0,1,1,0,1,1,4,2,0,0,0,0,0,0,0,4,10,1,0,0,2,0,0,0,3,2,0,0,0,0,0,0,0,1,0,0,0,4,0,1,0,1,1,0,0,0,0,0,1,0,1,1,0,0,0,0,0,0,0,0,0,0,0,0,0,0,1,0,0,0,1,0,0,0,0,0,0,0,0,2,0,1,0,0,1,0,0,0,0,0,4,0,0,1,0,0,4,0,1,0,0,0,0,1,0,0,0,0,0,0,0,0,0,0,0,0,1,0,0,3,1,0,0,0,1,0,0,0,0,0,0,0,0,2,0,0,0,0,0,0,0,0,0,0,0,1,0
0,0,0,0,0,0,1,1,0,0,0,0,0,0,0,0,0,0,0,0,0,0,2,0,0,0,0,0,0,0,1,2,0,0,1,0,0,1,0,0,0,0,0,0,1,0,0,1,1,0,2,0,0,0,0,0,0,0,1,0,0,2,0,1,0,0,0,0,1,0,0,0,0,5,0,1,0,1,2,1,0,0,0,5,0,0,0,0,1,2,0,0,0,3,0,0,2,1,1,1,2,0,0,2,0,0,0,0,0,1,0,0,0,0,1,2,0,0,0,0,0,0,1,0,3,4,0,0,1,0,1,0,0,1,0,1,0,1,0,0,1,0,1,0,1,0,2,0,0,0,0,0,1,0,0,0,0,1,0,2,1,0,1,0,3,1,1,0,1,0,0,0,0,0,0,1,3,1,0,0,1,0,0,1,1,0,0,0,3,0,0,0,0,0,1,1,0,0,0,1,0,0,1,0,0,1,0,0,2,0,0,0,0,0,0,1,0,0,0,1,0,1,0,0,0,0,0,0,2,0,1,1,0,1,1,0,0,0,0,0,1,3,1,1,1,0,0,0,0,1,0,1,0,0,0,1
0,0,0,0,0,0,0,0,2,0,0,0,0,1,0,0,0,0,0,0,1,0,0,1,0,0,1,0,2,0,2,2,0,0,0,0,0,0,1,0,0,0,0,0,0,3,0,0,0,0,1,0,0,0,0,0,0,0,0,0,0,0,0,0,0,0,0,1,0,1,0,0,0,1,0,0,0,1,0,0,0,0,0,8,4,0,0,0,2,2,0,0,1,2,0,1,1,1,0,1,1,1,0,2,0,1,0,1,1,2,0,0,0,1,1,2,1,1,1,0,0,0,0,1,2,5,0,0,3,0,2,0,1,0,1,2,4,0,1,0,1,0,1,0,0,0,3,0,1,1,2,0,0,1,0,5,0,1,0,0,2,0,3,0,3,0,0,0,0,1,0,0,0,0,1,1,0,0,1,1,0,1,3,1,0,0,1,0,0,2,0,0,0,0,0,0,0,0,2,2,0,2,0,1,0,2,0,1,0,0,1,0,2,0,0,0,3,0,0,0,2,2,0,0,1,0,0,0,5,2,0,2,0,2,0,0,1,0,1,0,1,0,0,1,0,3,1,1,0,5,0,0,0,0,1,2
0,0,0,0,0,0,0,0,2,0,0,0,1,1,0,1,0,0,1,0,0,2,0,1,0,0,0,2,0,0,1,3,0,0,1,0,0,1,0,0,0,0,1,0,0,2,1,2,0,0,0,0,0,0,0,0,0,0,0,0,0,0,1,0,0,0,0,2,3,0,0,0,0,5,0,0,3,2,0,0,0,0,0,6,0,0,0,0,1,4,0,1,1,4,1,0,0,0,0,0,1,0,0,3,0,0,0,0,1,2,0,0,0,0,0,2,1,0,0,0,0,0,0,2,3,1,0,0,1,0,2,0,0,1,0,0,0,0,0,0,0,0,1,0,0,0,4,0,0,0,0,0,2,1,0,0,0,0,0,0,3,0,3,0,2,0,0,0,0,0,0,0,0,0,0,0,0,0,1,0,0,0,0,0,0,0,0,0,1,1,0,0,0,0,0,0,0,0,0,3,0,0,0,0,2,2,0,0,0,0,0,0,1,0,0,0,1,0,0,2,0,1,0,0,0,0,0,1,3,0,0,0,0,1,0,1,0,0,0,0,0,0,1,0,1,0,0,0,0,1,1,0,0,0,1,1
1,0,0,0,0,0,0,0,1,0,0,0,1,3,0,0,0,0,1,0,0,0,0,0,0,0,0,2,0,1,0,4,0,0,2,0,0,1,0,0,0,0,1,0,1,3,0,1,1,0,1,0,0,0,0,0,0,0,0,0,0,0,0,0,2,0,0,0,0,0,0,0,0,2,0,0,1,2,1,2,0,0,0,7,0,0,1,1,1,1,0,1,0,3,1,0,2,2,0,0,2,0,0,1,1,0,0,0,0,1,0,0,0,0,1,3,0,0,0,0,0,0,0,0,3,3,0,0,2,3,1,0,0,1,0,0,1,1,0,0,0,0,2,1,1,0,3,0,0,0,1,0,0,0,0,1,0,1,0,1,0,0,1,0,4,0,0,0,0,0,1,1,0,0,0,3,0,1,0,0,2,0,2,0,1,0,0,0,2,1,0,0,0,0,0,0,0,0,1,2,0,1,0,0,1,2,0,1,0,0,0,0,2,0,0,0,0,0,0,0,0,1,0,0,2,0,0,1,1,0,0,0,0,0,0,1,0,0,0,0,0,0,2,0,0,0,0,0,0,0,0,0,0,0,0,1
0,0,0,0,0,0,0,0,1,0,0,0,1,0,0,0,0,0,3,0,0,0,1,0,0,0,0,3,0,1,1,4,0,0,2,0,0,0,0,0,0,0,0,0,2,3,0,2,0,0,0,0,0,0,0,0,0,0,0,1,0,0,0,0,0,0,0,0,0,0,0,0,0,2,0,0,0,1,1,0,0,0,0,8,0,0,0,0,0,2,0,0,0,5,0,0,4,1,0,0,5,1,0,3,0,0,0,0,0,0,0,0,0,3,0,4,0,0,0,0,0,0,0,1,4,4,0,0,0,0,0,0,0,0,0,0,1,0,0,0,0,0,1,0,0,0,4,0,0,0,0,0,0,0,0,0,0,2,0,0,1,0,0,0,0,0,0,0,0,0,0,0,0,0,0,3,0,0,0,0,1,0,0,0,1,1,0,0,2,0,2,0,0,0,0,0,0,0,0,3,0,0,0,0,0,4,0,0,1,0,0,0,0,0,0,0,0,0,0,0,0,0,0,0,1,0,0,1,3,1,0,0,0,2,0,0,0,0,0,0,0,0,3,0,0,0,0,0,0,0,0,0,0,0,0,0
1,0,0,0,0,0,0,0,1,0,1,0,3,1,0,0,0,0,1,0,0,0,0,0,0,0,1,2,0,0,0,3,0,0,4,0,0,0,0,0,0,0,0,0,1,0,2,2,1,0,0,1,0,2,0,0,0,0,0,0,0,1,0,0,0,0,0,0,0,0,0,0,0,3,1,0,0,2,1,1,1,0,0,10,2,0,0,0,1,2,0,0,0,3,0,0,1,1,0,0,2,0,0,2,0,0,0,0,0,1,0,0,0,1,1,3,0,0,0,0,0,1,0,1,3,4,1,1,3,0,2,0,0,3,0,0,3,1,0,0,1,1,2,1,0,0,3,0,0,1,0,0,0,1,1,1,0,1,2,0,1,0,2,0,2,0,0,0,0,0,1,0,0,0,1,1,0,0,0,0,0,0,0,0,0,0,0,0,0,1,1,0,0,0,0,0,0,0,0,3,0,0,0,0,0,4,0,0,0,1,0,0,1,0,0,0,2,1,0,0,5,1,0,1,0,0,0,0,3,1,0,0,0,4,0,1,2,0,0,0,0,1,2,0,1,0,0,0,0,2,0,0,0,0,0,1
0,1,0,0,0,0,0,0,0,0,0,0,0,0,0,0,0,0,0,0,0,2,2,0,0,0,0,0,0,0,0,1,1,0,1,0,1,0,0,0,0,0,1,0,0,1,0,1,1,1,1,0,0,0,0,0,0,0,1,0,0,0,0,0,0,0,0,0,0,0,0,0,0,1,0,0,1,1,0,0,0,0,0,3,2,0,3,0,3,1,0,0,0,1,1,0,2,0,0,0,1,0,0,1,1,1,1,1,0,3,0,1,1,0,1,1,0,0,0,0,0,0,0,0,1,1,0,0,3,0,3,0,0,0,0,0,1,2,0,0,1,1,1,0,1,0,1,0,0,1,1,0,0,0,0,0,0,0,0,0,1,0,6,0,5,1,0,0,0,0,0,0,0,0,0,1,0,0,0,0,2,0,1,0,0,0,0,0,1,4,0,0,0,0,0,0,0,0,0,1,0,0,1,1,1,2,0,0,0,0,0,0,3,0,0,0,4,0,0,0,0,3,0,2,0,1,0,1,0,2,1,2,0,0,0,3,0,0,1,0,0,0,0,0,2,0,0,0,1,3,0,0,0,0,1,4
0,0,0,0,0,0,0,0,0,0,0,0,0,0,0,0,0,0,2,0,0,1,0,0,1,0,0,1,0,0,1,3,0,1,0,0,0,1,0,0,0,0,0,0,0,0,1,1,0,0,0,0,0,0,0,0,0,0,0,0,0,0,0,0,0,0,0,0,0,0,1,0,0,4,1,0,0,2,1,1,0,0,0,3,0,0,3,0,1,1,0,2,0,3,0,0,1,0,2,0,0,2,0,2,0,0,0,0,2,1,1,0,1,1,0,3,0,0,0,0,0,0,0,1,4,2,0,2,1,1,1,0,0,1,0,0,1,2,0,0,0,1,1,0,0,0,3,0,0,1,0,0,2,1,0,0,0,2,0,0,0,0,3,1,1,1,0,0,0,0,1,1,1,0,0,1,0,0,0,2,1,0,2,0,0,0,0,0,0,2,0,0,0,0,0,0,0,0,0,3,0,0,1,0,0,2,0,0,0,0,1,0,1,0,0,0,2,0,0,1,0,1,0,1,0,1,0,1,3,5,0,1,0,0,0,1,2,1,0,0,0,0,2,0,0,0,0,0,0,1,0,0,0,0,0,1
0,1,0,0,0,0,0,1,0,0,0,0,0,0,0,0,0,0,2,0,0,0,0,0,0,0,1,2,1,1,1,5,0,0,0,1,1,0,0,0,0,0,0,0,0,2,1,0,0,0,1,0,0,0,2,0,0,0,0,0,0,0,0,0,0,0,0,0,0,0,0,0,0,3,0,0,0,1,0,1,0,1,0,9,0,0,0,0,0,1,2,0,0,4,0,0,2,1,0,0,0,3,0,3,0,1,0,0,0,0,0,1,1,0,0,4,0,0,0,0,0,0,0,0,4,7,0,0,0,0,0,0,0,0,0,1,0,0,0,0,0,1,2,0,0,0,4,0,0,0,0,0,0,1,0,2,0,1,0,0,0,0,0,0,1,0,0,0,0,0,0,0,0,0,0,1,0,1,0,0,1,1,1,0,0,0,0,0,0,0,0,0,0,0,0,0,0,0,0,4,0,0,0,0,1,4,0,0,0,0,0,0,0,0,0,0,0,0,0,0,0,0,0,0,0,0,0,0,3,0,0,0,0,1,0,0,1,0,0,0,0,0,0,0,0,0,0,0,0,0,0,0,0,0,0,0
0,0,0,0,0,0,0,0,0,0,0,0,1,0,0,0,0,0,1,0,1,2,1,0,0,0,0,1,0,0,0,1,0,0,0,0,0,0,0,0,0,0,1,0,0,1,0,0,0,0,0,1,0,0,0,0,0,0,0,0,0,0,0,0,0,0,0,0,0,0,0,0,0,1,1,0,1,1,1,1,0,0,0,3,1,0,0,0,2,1,0,0,1,3,1,1,0,0,0,0,0,1,1,1,0,0,0,0,1,3,0,0,0,0,0,1,0,0,0,0,0,0,0,0,2,0,0,1,3,0,3,1,0,2,1,0,0,0,0,0,0,0,2,0,0,0,2,0,0,0,0,0,0,1,1,0,0,0,0,0,0,0,2,0,3,0,0,0,0,0,1,1,0,0,0,1,0,0,0,0,2,1,1,0,0,0,0,0,0,4,0,0,0,0,0,0,1,0,0,1,0,1,0,0,0,1,0,1,0,0,0,0,2,0,0,0,3,0,0,0,0,3,0,0,0,0,0,0,1,2,0,1,0,1,0,1,1,0,2,0,0,0,0,0,2,0,0,0,1,3,0,0,0,0,1,2
0,0,0,0,0,0,0,0,0,1,0,0,1,0,0,0,0,0,2,0,0,0,2,0,0,0,0,2,3,0,1,5,0,0,0,0,0,0,0,0,0,0,1,0,0,1,0,0,0,0,1,0,0,0,0,0,0,0,0,0,0,0,0,1,0,0,0,1,1,0,0,0,0,4,0,0,1,1,2,0,0,0,0,13,0,0,0,0,1,3,0,0,0,4,0,1,1,1,0,0,2,1,0,4,1,0,0,0,0,0,0,0,0,3,0,4,1,3,0,0,0,0,0,0,4,4,1,0,0,1,0,1,0,2,1,0,0,1,0,0,1,0,3,1,0,0,4,0,0,0,0,1,1,1,0,0,0,0,2,0,1,0,0,0,0,0,1,0,0,1,0,0,1,0,0,4,0,2,0,3,0,1,0,0,0,0,0,0,1,0,2,0,0,1,0,0,0,0,0,4,1,0,0,0,1,5,0,4,0,0,0,0,3,0,0,0,0,0,0,0,0,0,0,1,3,1,0,1,5,1,0,0,0,1,1,0,0,0,0,0,0,0,5,0,0,1,0,0,0,1,0,0,0,0,0,0
0,0,0,0,0,0,0,0,2,0,0,0,1,1,0,0,0,0,3,0,0,3,1,0,1,0,0,4,0,1,2,3,0,0,0,0,0,0,0,0,1,0,0,0,1,1,0,0,1,0,2,0,0,0,0,0,0,1,0,0,0,1,0,0,0,0,0,1,0,0,0,0,0,3,0,0,1,1,0,0,0,0,0,8,4,0,0,1,1,0,1,2,2,5,0,0,2,1,0,0,0,1,0,2,0,2,0,0,0,2,0,1,0,2,1,2,1,0,0,0,0,0,0,0,3,3,1,0,2,0,2,0,1,1,3,0,0,0,0,0,0,1,1,0,0,0,3,0,0,0,0,1,1,2,1,1,0,1,0,0,3,0,3,0,5,1,1,1,0,0,0,1,0,0,0,2,0,0,1,1,2,1,2,0,1,0,3,0,0,2,0,2,0,0,0,0,0,2,0,2,5,0,0,0,1,3,0,0,1,0,0,0,1,1,0,0,0,0,1,0,1,1,0,1,0,0,0,0,1,0,0,0,0,0,0,0,0,0,1,0,0,1,2,0,1,0,0,1,0,2,0,0,0,0,1,1
0,0,0,0,0,0,0,0,0,0,0,0,0,0,0,0,0,0,2,0,0,0,0,1,0,1,0,2,0,0,2,3,0,0,0,1,0,0,0,0,1,0,1,0,1,4,0,2,0,0,0,0,1,0,0,0,0,0,0,1,0,0,0,0,0,0,0,0,0,0,0,0,0,2,0,0,0,2,1,0,0,0,0,6,0,0,0,0,1,2,0,0,1,3,0,0,0,0,0,1,2,2,0,3,0,1,0,0,0,1,0,0,0,2,1,3,0,0,0,0,0,0,0,0,3,5,0,0,1,0,1,0,0,1,0,0,0,0,0,0,0,1,0,0,0,1,4,0,0,0,0,0,1,0,0,0,0,1,0,0,0,0,2,0,2,0,0,0,0,1,1,0,0,0,0,1,0,0,0,2,0,2,0,0,0,0,0,0,0,2,3,0,0,0,0,0,0,0,3,3,0,0,0,0,3,4,0,0,0,0,0,1,1,0,2,0,2,0,0,0,0,1,0,2,0,0,0,0,2,0,0,1,0,1,0,0,0,0,0,0,0,0,0,0,0,0,0,0,0,1,0,0,0,0,0,1
1,0,0,0,1,0,0,1,1,1,1,0,1,0,0,0,0,0,0,0,1,0,0,1,0,0,0,1,1,0,1,3,0,0,0,1,1,1,1,0,0,1,0,0,0,2,0,0,1,1,2,0,0,0,0,2,0,0,0,0,0,1,1,0,1,0,0,1,0,0,0,0,0,2,0,0,0,5,1,1,0,1,0,7,0,0,0,1,1,3,0,1,0,2,0,0,1,0,0,0,0,1,0,2,0,0,1,0,2,1,0,0,0,1,0,2,2,0,0,0,0,0,0,0,2,2,1,1,1,0,1,0,0,3,0,1,1,1,0,0,0,0,3,1,0,1,2,1,0,0,0,0,0,0,0,0,0,0,0,0,0,0,2,0,1,0,0,1,0,0,1,1,0,0,0,1,0,0,0,0,2,0,1,0,0,2,0,0,0,3,1,1,0,1,0,0,0,0,0,2,1,0,0,0,3,2,0,1,0,0,0,0,2,0,0,0,1,0,0,0,0,1,1,1,1,3,0,0,1,0,0,1,0,1,1,1,0,0,0,1,0,0,0,0,1,0,0,0,1,1,0,1,2,0,1,2
0,0,0,0,0,0,2,0,0,0,0,0,0,0,0,0,0,0,1,0,0,0,1,1,0,0,0,0,0,0,0,4,0,0,2,0,0,1,0,0,0,0,0,0,0,0,1,0,0,0,1,0,0,0,0,0,0,0,0,0,0,1,0,0,0,0,0,0,0,0,0,0,0,1,0,0,0,1,1,0,0,0,0,6,2,0,0,0,1,1,0,0,0,3,0,0,2,0,0,1,1,0,0,3,0,0,0,0,1,1,0,0,0,1,1,3,0,0,0,0,0,0,0,0,3,3,0,0,1,1,1,0,0,1,1,0,1,0,0,0,0,0,2,1,0,0,4,0,0,0,0,0,1,0,0,0,0,2,0,1,0,0,1,0,1,0,0,0,0,0,1,1,0,0,0,1,0,1,0,0,1,0,1,0,0,1,1,0,2,1,1,0,0,0,0,0,0,0,0,2,0,0,0,0,1,2,0,2,0,0,0,0,1,0,0,0,1,0,0,0,0,1,0,0,0,0,0,0,2,2,0,1,0,0,0,0,1,0,1,0,0,0,1,0,1,0,0,0,0,1,0,0,1,0,0,1
0,1,0,0,0,1,0,0,2,0,0,0,0,0,0,0,0,0,1,0,0,0,0,0,0,0,0,1,1,0,0,3,0,0,2,1,0,0,0,0,0,0,0,0,0,0,1,0,2,0,0,0,0,0,0,0,1,0,0,0,0,0,0,0,0,1,0,0,1,0,0,0,0,2,0,0,0,2,2,1,0,0,0,9,3,0,0,0,1,0,1,1,0,4,0,0,0,0,0,0,0,0,0,3,0,0,0,0,0,2,0,0,0,0,0,3,2,0,0,0,0,0,0,1,3,2,0,0,2,1,1,1,0,1,1,0,1,1,0,0,0,0,2,1,1,0,3,0,0,0,1,0,2,0,0,0,1,0,0,0,0,0,1,0,3,0,0,1,1,0,1,0,0,0,0,2,0,0,0,0,2,0,1,0,0,0,0,0,1,2,0,0,0,0,1,0,0,0,1,3,1,0,1,0,1,3,0,1,0,0,1,0,1,0,0,1,1,1,0,0,0,1,0,0,0,0,0,0,2,0,0,1,0,0,0,1,1,0,0,0,0,0,0,0,0,0,0,0,0,1,0,0,0,0,0,0
0,0,0,1,1,1,0,0,0,0,0,0,0,0,0,0,0,0,1,0,0,0,0,0,0,0,0,1,0,0,0,2,1,1,0,0,0,0,0,0,0,0,2,0,0,0,1,1,0,0,2,0,0,0,0,0,1,0,0,0,0,1,0,0,0,0,0,0,0,1,0,1,0,2,3,0,1,1,1,1,0,1,0,5,1,0,3,2,1,1,0,0,1,2,0,1,0,0,0,0,2,0,1,2,0,0,0,0,1,1,0,1,0,0,0,2,0,0,0,0,0,0,0,0,2,2,0,0,2,1,1,0,0,2,1,1,0,0,0,2,0,2,2,0,0,0,2,0,1,0,0,0,0,1,1,2,1,0,0,0,0,0,3,0,1,1,0,1,0,2,0,1,0,0,0,1,0,0,0,0,1,0,0,1,1,2,0,0,0,3,0,0,0,0,0,0,0,0,2,2,0,0,0,0,0,2,0,0,1,0,0,0,2,0,0,1,3,1,0,1,1,1,1,2,0,0,0,0,1,1,0,0,2,1,0,0,1,0,0,0,0,0,0,0,0,0,0,0,0,1,0,0,0,0,0,1
0,0,0,0,0,2,0,1,0,0,1,0,0,0,0,0,0,0,0,0,0,2,0,0,0,1,0,0,0,0,0,1,0,0,0,0,0,0,0,0,0,0,0,0,0,0,0,0,0,0,0,0,0,0,0,0,0,0,0,0,0,0,0,0,0,0,1,0,1,1,0,0,0,1,0,0,2,0,1,2,0,0,0,2,2,0,0,0,3,1,0,1,0,1,2,1,1,0,0,0,0,0,0,1,0,0,0,0,0,3,1,0,0,0,0,1,0,0,0,0,0,0,0,0,1,0,0,1,3,0,3,0,0,0,0,0,1,1,0,0,1,1,1,0,0,0,1,0,0,0,0,0,0,1,0,0,0,0,0,1,0,0,3,0,3,1,0,0,0,1,0,0,0,0,2,1,0,1,0,0,2,1,2,0,0,0,2,0,1,3,1,0,0,1,0,0,0,0,1,1,0,1,1,0,1,1,0,0,0,0,1,0,3,0,1,1,5,0,0,0,2,3,0,3,1,0,0,1,3,2,0,2,0,1,0,4,0,0,0,0,0,0,0,2,1,0,0,0,0,3,0,0,0,0,1,4
3,0,0,0,0,0,0,2,0,0,1,0,1,1,1,0,3,0,0,0,0,2,2,0,0,0,0,0,0,1,0,1,0,0,0,0,1,1,0,0,0,2,0,0,0,3,0,0,1,0,0,0,0,0,0,0,0,0,0,0,0,0,0,0,0,0,0,0,1,0,1,0,2,3,0,0,0,1,1,2,1,0,0,2,1,0,1,1,3,0,0,2,2,2,1,2,1,2,0,0,0,0,3,0,0,0,1,0,4,4,0,0,0,0,0,1,0,0,0,1,0,0,0,0,1,0,0,0,3,0,4,0,0,1,0,0,1,2,0,0,0,2,2,0,0,0,1,0,0,1,0,1,3,1,0,0,0,1,0,0,1,0,10,0,4,0,0,0,0,2,1,1,0,1,0,0,0,0,1,0,0,0,0,0,2,0,2,0,0,3,0,0,0,0,0,0,0,1,2,1,0,0,1,0,1,1,0,0,0,1,0,1,3,0,0,0,5,0,0,1,2,3,0,2,0,0,0,0,0,0,0,0,0,1,0,2,1,0,0,0,0,0,0,0,0,0,0,0,0,3,0,1,0,0,0,3
0,0,0,0,0,0,0,0,0,0,0,0,1,1,0,0,0,0,2,0,0,0,1,0,1,0,0,2,0,0,0,3,0,0,3,0,0,0,0,0,0,0,0,0,0,1,0,2,1,0,0,0,0,0,0,0,0,0,0,1,0,1,0,0,0,0,0,0,2,0,0,0,0,2,1,1,0,0,1,0,2,1,0,7,1,0,0,0,1,3,0,0,0,4,0,0,2,2,0,0,2,2,0,2,0,2,0,0,0,1,0,0,0,1,1,3,2,0,0,0,0,0,0,1,4,7,0,0,1,0,1,0,0,1,1,1,1,0,0,0,1,0,3,0,0,0,4,0,1,0,0,0,0,0,0,0,0,2,0,0,0,0,2,0,2,0,0,0,0,0,0,0,0,0,0,1,0,0,0,1,1,0,0,1,0,0,0,0,1,1,0,0,0,0,0,0,0,0,2,3,0,0,0,0,0,3,0,0,2,0,0,1,0,0,0,0,1,0,0,1,0,1,0,0,0,0,0,1,1,2,0,0,0,1,0,1,2,0,0,0,0,3,4,2,0,0,0,0,0,0,0,0,0,0,0,0
0,0,0,0,0,0,0,0,0,0,0,0,0,0,0,0,0,0,0,0,0,1,0,2,0,0,0,2,1,0,0,2,0,0,2,0,0,0,0,0,0,0,0,0,0,1,0,0,1,0,2,0,0,0,0,0,0,0,0,0,0,1,0,1,0,0,1,1,0,0,0,0,0,1,0,0,0,2,1,0,0,0,0,6,1,0,0,0,2,2,0,0,1,3,0,0,2,0,0,0,1,1,0,3,1,1,1,0,0,2,0,0,0,1,0,2,0,0,0,0,0,0,0,0,3,1,0,0,1,0,2,0,0,1,1,0,0,1,0,0,0,1,1,0,0,0,2,0,0,0,0,0,0,0,0,0,0,1,0,1,0,0,2,0,3,0,0,0,0,1,0,0,0,0,0,1,0,0,0,0,2,1,0,0,0,0,1,0,1,2,0,0,0,0,0,0,0,0,1,2,0,0,0,0,0,3,0,0,0,0,0,0,1,0,1,0,3,1,0,1,0,2,0,2,0,0,0,1,2,0,0,1,0,1,0,1,0,0,0,0,0,0,1,0,1,0,1,0,0,2,0,0,0,0,0,2
0,0,0,0,0,0,1,1,2,0,0,0,0,0,0,0,0,0,1,0,0,0,1,0,0,1,0,0,0,0,0,2,1,0,0,0,2,0,1,0,1,0,0,0,0,1,1,0,0,0,2,0,0,0,0,0,0,0,0,0,0,2,0,0,1,0,0,0,0,0,1,0,0,2,0,1,0,2,4,3,0,1,0,8,0,0,0,0,1,2,0,2,1,2,0,0,0,0,1,0,0,0,1,1,0,0,0,0,0,1,0,0,0,0,0,3,0,0,0,0,0,0,0,0,2,1,0,0,2,1,1,0,0,2,1,0,0,1,0,0,0,1,3,0,0,0,2,0,0,0,0,1,0,0,0,0,0,0,2,0,0,0,1,0,2,0,0,0,0,2,2,0,0,0,1,2,1,1,3,0,2,0,0,1,0,0,0,1,1,3,1,0,1,0,0,0,0,0,0,2,1,0,0,0,0,1,0,1,0,0,0,0,1,0,0,0,1,0,0,2,0,1,0,0,0,0,0,0,0,1,0,1,0,0,0,0,0,0,1,0,0,0,0,0,0,0,0,1,0,1,0,1,0,0,0,1
1,0,0,0,0,1,0,0,0,0,0,0,0,0,0,0,0,0,0,0,0,1,0,0,0,1,0,1,0,1,1,3,0,0,0,0,0,0,0,0,0,0,0,0,1,0,0,1,0,0,1,0,0,0,0,0,0,0,0,0,0,0,0,0,0,0,0,0,0,0,0,0,0,5,0,1,0,2,2,1,0,1,0,8,1,0,0,0,1,1,0,0,0,3,0,0,1,0,0,0,0,1,0,3,0,0,0,0,1,1,0,1,0,0,0,3,1,0,0,0,0,0,0,1,3,2,0,1,0,3,1,0,0,2,0,0,1,2,0,0,0,0,2,1,0,0,3,0,0,1,0,0,1,1,0,0,0,0,2,0,1,0,2,0,1,0,0,0,0,1,1,0,0,0,0,0,0,0,0,0,0,0,0,0,0,0,0,0,0,2,0,0,0,0,0,0,1,0,0,3,0,0,0,0,1,3,0,2,0,0,0,0,2,0,0,0,1,0,0,1,0,1,0,0,0,0,0,1,3,0,0,1,0,3,0,1,0,0,0,0,0,0,0,0,0,0,0,1,0,1,0,0,0,0,0,0
1,0,0,0,0,0,0,0,0,0,0,0,0,2,0,0,0,0,2,0,0,0,0,0,1,0,0,2,0,0,1,3,1,0,0,1,0,0,0,0,0,0,0,0,0,3,2,0,0,0,1,0,0,1,0,0,0,0,0,0,0,1,0,0,1,0,0,0,0,0,0,0,0,2,1,0,0,1,0,0,0,0,1,7,2,0,0,1,1,0,0,1,1,3,0,0,2,1,0,1,0,3,1,3,0,0,1,0,1,1,0,0,0,0,0,3,0,1,0,0,0,0,0,1,3,5,1,0,2,0,1,1,0,1,1,2,0,0,0,0,1,0,0,0,0,0,3,0,1,0,1,0,0,0,0,0,0,2,1,0,0,0,2,0,2,0,0,0,0,0,0,0,0,0,0,1,0,0,0,0,0,0,0,0,0,0,0,0,0,1,0,0,0,0,0,0,0,0,1,3,0,0,1,0,0,3,0,0,0,1,0,0,2,0,1,0,1,0,0,0,2,1,0,0,2,0,0,0,2,1,0,0,0,1,0,0,2,0,0,0,0,2,2,0,0,0,1,0,0,1,0,1,0,0,1,1
0,0,0,0,0,1,0,0,0,0,1,0,0,0,0,0,0,0,2,0,0,2,1,0,0,0,0,1,1,0,0,3,0,0,0,0,1,0,0,1,1,0,1,0,1,0,3,0,0,0,0,0,0,0,0,0,1,0,0,0,0,0,0,0,0,1,0,0,0,0,0,0,0,3,0,0,0,4,0,0,0,0,1,8,0,0,0,0,1,1,0,1,1,4,0,0,0,0,0,0,0,1,0,3,0,0,1,0,2,1,0,0,1,0,0,3,1,0,0,0,0,0,0,0,3,3,0,0,2,0,1,0,0,2,1,0,1,0,0,0,0,0,2,0,1,0,3,0,0,0,0,0,1,0,0,0,0,0,1,0,0,0,1,0,1,0,0,0,0,1,0,0,0,0,0,0,0,0,0,0,0,0,0,0,0,0,0,0,0,1,0,0,0,1,0,1,1,1,0,2,0,1,1,0,0,3,0,0,0,0,0,0,1,0,0,0,1,0,0,1,1,1,2,1,0,0,0,0,1,0,0,0,0,1,1,1,0,0,1,0,0,0,0,0,0,0,0,1,0,2,0,0,0,0,0,1
1,0,0,2,0,0,0,0,3,0,0,0,0,0,1,0,0,0,2,1,0,2,2,0,0,0,0,0,1,0,0,3,1,0,3,1,0,3,1,0,0,0,0,0,0,1,3,0,2,0,2,1,0,0,0,0,0,0,1,0,0,0,1,0,0,1,0,0,5,0,0,1,1,5,0,1,9,2,0,0,1,0,0,8,2,0,3,3,2,3,2,0,3,2,1,0,0,0,0,0,0,0,1,3,0,1,2,0,2,4,1,0,0,0,1,2,0,0,0,0,0,0,0,0,2,4,0,0,3,0,2,0,0,0,1,0,1,0,0,0,0,0,0,0,0,2,2,0,0,3,0,0,0,0,1,0,0,3,1,0,0,0,10,0,3,1,0,0,0,1,0,1,0,0,0,1,0,0,0,0,2,0,0,1,1,0,0,0,0,2,0,0,0,0,0,0,0,0,1,2,0,0,0,1,3,2,0,0,4,0,1,1,2,0,0,0,4,0,0,1,1,2,0,3,0,1,0,0,3,1,0,2,0,1,0,2,0,0,2,0,0,1,0,0,2,1,1,0,0,4,0,0,0,0,0,1
0,0,0,0,0,0,1,1,2,2,0,0,0,0,0,4,0,0,1,0,0,1,0,0,0,0,0,1,0,1,2,3,0,0,2,0,0,0,0,0,0,0,0,1,0,0,0,1,0,0,1,1,0,0,0,0,0,0,0,0,0,0,0,0,0,0,2,0,2,0,0,0,0,1,3,0,0,0,0,0,1,0,0,14,1,0,0,1,1,3,0,0,0,3,0,0,2,1,0,0,2,1,0,0,0,0,0,0,0,1,0,0,0,0,2,3,0,0,0,0,0,0,0,1,3,6,1,0,2,4,1,0,0,1,1,1,1,0,0,0,0,0,2,0,0,0,3,0,0,0,0,0,0,1,0,1,0,3,1,0,2,0,1,0,1,1,0,0,0,2,0,0,1,2,1,0,0,0,0,0,1,1,0,0,0,0,1,0,1,1,0,0,0,0,0,0,0,0,1,3,0,0,0,0,0,3,0,0,0,0,4,0,1,0,0,0,1,0,0,1,2,1,0,1,0,0,0,1,2,1,0,0,0,0,0,1,4,0,2,0,0,0,0,0,1,0,0,0,0,2,0,1,0,0,0,1
0,0,0,1,0,0,0,0,0,0,0,0,0,0,0,0,0,1,1,0,0,0,0,0,0,0,0,1,0,0,1,3,0,0,2,0,0,0,0,0,0,0,0,0,0,4,0,0,0,0,1,0,0,0,0,0,0,0,0,0,0,0,0,0,0,0,0,0,0,0,1,0,0,2,0,0,1,0,2,0,0,0,0,8,0,0,0,1,1,0,0,0,0,3,0,0,1,0,0,0,0,2,0,3,0,1,1,0,2,1,0,1,0,0,2,3,1,0,0,0,0,0,0,0,3,5,0,0,1,3,1,1,0,2,0,0,1,0,0,0,0,1,2,0,1,1,3,0,0,0,0,0,0,3,0,0,0,1,0,0,1,0,2,0,2,0,0,0,0,0,2,0,0,0,0,3,0,0,0,1,4,2,0,0,0,0,0,0,0,2,0,3,0,0,0,0,0,0,0,3,0,0,0,0,0,3,0,1,0,1,0,0,2,0,0,1,2,0,0,1,0,1,0,0,0,0,0,0,1,1,0,0,0,1,0,1,1,0,1,0,0,0,0,0,0,0,1,0,0,2,0,0,0,1,0,0
0,0,0,0,0,0,0,0,2,0,2,1,0,1,1,0,0,0,2,0,0,2,2,0,0,0,0,0,1,0,1,3,0,0,0,0,1,0,0,0,1,0,1,2,0,0,2,1,0,0,2,0,0,2,0,1,0,0,0,0,1,1,0,0,0,0,0,0,1,0,0,0,0,4,2,1,0,2,2,1,0,0,0,9,0,0,0,1,1,1,0,1,1,4,0,0,1,0,0,0,0,0,0,3,0,1,0,0,0,1,0,0,0,0,1,3,1,0,0,0,0,0,0,1,3,3,0,0,2,2,2,1,0,2,0,0,0,0,0,0,0,1,0,0,0,0,3,0,0,0,0,1,0,0,0,0,0,0,2,0,2,0,3,0,1,0,0,0,0,1,1,0,0,0,0,2,0,1,1,1,2,0,0,0,0,0,0,0,0,2,0,1,0,0,0,0,0,0,0,3,0,0,1,0,0,3,0,0,0,0,0,0,1,0,0,0,1,0,0,0,0,1,0,0,2,2,0,0,4,0,0,1,0,0,0,0,1,0,1,0,1,0,1,0,0,0,1,1,0,1,0,0,0,1,0,1
0,0,0,0,0,0,0,0,1,0,0,0,1,1,0,0,0,0,2,0,1,0,1,0,0,0,0,2,1,2,1,4,0,0,0,0,0,0,0,0,0,0,0,1,1,0,0,0,0,0,2,0,0,0,0,0,0,0,0,0,0,1,1,0,0,0,0,1,0,0,0,0,0,2,0,0,1,1,1,0,0,0,0,8,0,0,0,0,0,1,0,0,0,4,0,0,1,0,0,0,1,2,0,2,0,1,0,0,0,1,0,0,0,0,0,4,0,0,0,0,0,0,0,0,4,3,0,0,1,2,1,0,0,2,0,0,0,1,0,0,0,0,3,0,0,0,4,0,0,0,0,0,0,0,0,0,0,1,3,0,1,0,0,0,1,0,1,0,0,0,0,0,0,0,0,1,0,0,0,0,0,1,0,0,0,0,0,0,0,0,0,0,0,0,0,0,0,0,0,4,0,1,0,0,1,3,0,1,0,0,0,0,0,0,0,0,0,0,0,0,0,0,0,0,0,0,0,0,2,2,0,0,1,0,0,0,1,0,1,0,1,0,1,0,1,0,0,0,0,0,0,0,0,0,0,0
1,0,0,0,0,0,0,0,1,0,0,0,3,2,0,0,0,0,2,0,2,0,1,0,0,0,0,1,0,1,0,4,0,0,0,0,0,1,0,0,0,0,0,0,0,2,0,1,0,0,3,0,0,0,0,0,0,0,0,0,0,1,0,0,0,0,0,0,0,0,0,0,0,4,1,0,1,4,1,0,2,0,0,11,0,0,0,0,0,3,0,2,0,4,0,0,2,1,0,0,2,0,0,3,1,0,0,0,0,0,0,0,0,0,1,4,0,0,0,0,0,0,0,1,4,1,0,0,1,2,0,1,0,2,0,3,0,0,0,0,0,0,2,0,0,0,4,0,0,0,0,0,0,0,1,0,0,0,1,1,1,0,0,0,0,0,0,0,0,0,0,0,0,0,0,2,0,0,0,3,2,0,0,0,1,0,0,0,3,1,2,0,0,0,0,0,0,0,1,3,3,0,0,0,0,3,0,0,0,0,0,0,0,0,0,0,0,0,0,0,1,0,0,0,1,0,0,1,1,0,0,0,0,1,0,0,1,0,0,0,0,0,0,0,0,0,0,0,0,0,0,0,0,0,0,0
0,0,0,1,0,0,0,0,0,0,0,2,0,0,0,1,0,0,1,0,1,0,0,0,1,0,0,2,1,0,1,3,0,1,2,0,0,0,0,0,0,0,0,0,0,1,0,0,0,0,0,0,1,0,0,0,0,0,0,0,0,0,0,0,0,0,0,0,0,0,0,0,0,3,0,0,0,2,0,0,1,0,0,5,0,0,0,2,1,4,0,1,0,4,0,0,1,2,2,0,1,1,2,4,0,4,2,0,0,1,1,2,1,1,4,2,0,0,0,0,0,0,0,1,4,5,0,1,1,2,2,0,0,2,0,0,0,0,2,0,2,0,2,0,0,0,4,0,0,1,0,0,0,0,1,0,0,0,1,0,1,0,1,0,2,1,0,0,0,0,0,0,0,1,0,2,0,1,0,1,0,1,0,0,0,1,0,0,0,0,0,0,0,0,0,1,0,0,1,2,1,0,0,0,0,2,0,1,0,0,0,0,0,0,0,0,0,2,1,1,2,0,0,1,0,0,0,0,4,2,1,1,0,2,0,0,2,0,1,0,0,1,2,0,3,0,0,0,0,2,0,0,0,0,0,0
0,0,1,0,1,0,0,0,0,0,1,0,1,0,0,0,0,1,1,0,0,0,1,0,1,1,1,0,0,0,1,3,0,0,0,0,0,0,0,0,0,0,1,0,0,1,0,0,0,0,1,0,0,0,0,0,0,0,0,1,1,0,0,0,0,0,0,0,0,0,0,0,0,1,0,1,0,1,1,1,0,0,0,6,0,0,0,0,0,2,0,0,0,3,1,0,0,0,0,0,1,4,0,3,0,0,0,0,0,0,1,0,0,1,1,3,1,0,0,0,0,0,0,1,3,2,0,0,0,0,0,0,0,2,0,0,0,0,0,0,0,0,2,1,0,0,4,0,2,0,0,1,0,1,0,0,1,2,1,0,0,0,0,3,2,0,1,0,0,1,0,0,0,0,0,3,0,1,1,1,2,0,1,0,2,0,0,2,0,0,0,0,0,0,0,0,0,0,0,3,0,0,0,0,0,3,0,1,0,0,0,0,0,0,0,0,0,0,0,0,0,0,0,0,1,0,1,0,1,2,0,0,0,2,1,0,0,0,0,0,0,0,0,0,0,1,0,1,0,0,0,0,0,0,1,0
0,0,1,0,2,1,0,0,0,0,0,0,2,0,0,0,0,1,2,0,0,0,0,0,0,1,0,2,0,0,2,2,0,0,0,0,1,0,0,0,0,0,1,0,1,1,0,2,0,0,0,0,0,0,0,0,1,0,0,0,0,0,0,0,0,1,0,0,0,0,0,0,0,4,0,0,0,1,0,1,0,0,1,6,0,0,0,0,1,2,0,0,0,3,0,0,0,0,0,0,1,1,0,1,0,0,1,0,0,1,1,0,0,2,0,2,0,0,0,0,0,0,0,0,3,1,0,0,1,1,1,0,0,1,0,0,0,1,0,0,0,0,2,0,0,0,4,0,0,0,0,0,1,0,1,1,0,1,0,0,0,0,1,0,2,0,0,0,0,0,0,0,0,0,0,1,0,0,0,1,0,1,1,0,1,1,0,0,0,1,1,0,0,0,0,0,0,0,0,2,0,0,0,0,2,2,0,0,0,0,0,0,1,0,0,1,2,0,0,0,2,1,0,0,0,2,0,0,2,0,0,2,0,3,1,0,0,0,0,0,0,0,1,0,2,0,0,0,0,1,1,0,0,0,0,1
0,1,0,0,0,0,0,0,0,0,0,0,0,0,0,0,0,0,1,1,1,1,0,0,0,0,0,1,1,1,1,2,0,0,1,0,0,2,0,0,0,0,1,0,0,0,0,1,2,0,1,0,0,1,0,0,0,0,0,0,0,0,0,2,0,0,0,1,0,0,1,0,0,3,1,0,1,1,0,1,1,1,0,5,0,0,2,2,2,0,0,4,0,2,0,0,0,0,0,0,0,1,0,2,0,0,1,0,1,2,0,1,1,1,0,2,1,1,0,0,0,1,0,0,3,2,1,0,2,0,2,0,0,1,0,0,0,1,0,0,0,0,1,0,0,0,2,0,0,0,0,0,3,0,1,0,0,0,0,0,0,0,6,0,1,0,1,0,0,2,0,1,0,0,4,1,0,0,1,0,1,3,0,1,1,0,1,1,0,1,0,0,0,1,0,2,1,0,0,2,2,0,1,0,2,1,0,0,0,0,0,0,1,0,0,0,2,0,0,0,1,1,0,2,0,0,0,0,1,0,0,2,1,0,0,1,1,0,1,0,0,0,2,1,0,0,0,0,1,1,0,1,1,0,0,1
0,0,0,0,0,0,0,0,0,0,0,0,0,0,0,0,0,0,0,0,0,1,0,0,1,0,0,0,0,0,0,3,0,0,1,0,0,0,0,0,0,0,0,0,0,0,1,1,0,0,1,1,0,1,0,0,2,0,0,0,1,1,0,0,0,0,0,0,0,0,0,0,0,3,0,0,0,2,3,0,1,0,0,8,1,0,0,0,1,1,0,0,0,3,0,0,3,1,0,0,1,3,0,1,0,0,0,0,1,2,0,0,0,0,1,3,2,0,0,0,0,0,0,0,3,7,0,0,2,1,1,0,0,2,0,0,1,1,0,0,0,0,2,0,0,0,3,0,0,0,0,0,1,0,0,0,0,2,0,0,1,0,1,0,2,0,0,1,0,0,0,1,1,0,0,2,0,0,1,0,2,0,1,0,0,0,0,0,0,2,1,0,0,0,0,0,0,0,0,3,0,0,0,0,0,3,0,0,0,0,2,0,1,0,0,0,2,0,0,1,0,1,0,1,0,0,0,0,2,0,1,1,0,0,0,2,1,0,0,0,0,2,0,0,1,0,0,1,0,2,0,0,0,0,1,2
0,0,0,0,0,1,2,1,0,0,0,0,0,0,0,0,0,0,2,0,0,1,2,1,0,0,1,0,0,0,1,2,0,0,1,0,0,1,0,0,0,0,0,0,0,1,0,1,0,0,2,1,0,0,0,0,0,0,0,0,0,0,0,0,1,0,0,0,0,1,0,0,0,0,0,0,1,1,2,1,0,0,0,6,0,0,0,2,2,1,0,1,2,3,0,0,0,0,0,0,0,0,0,2,0,0,0,0,0,2,0,0,0,0,1,2,0,0,0,0,0,0,0,0,2,0,0,0,2,1,2,0,0,2,0,0,0,1,0,0,0,2,1,0,0,0,2,0,0,0,0,0,2,0,0,0,0,2,1,0,0,1,3,0,5,0,0,0,0,1,1,2,0,0,1,2,0,0,2,0,1,0,1,0,0,0,1,0,0,3,1,0,0,0,0,0,0,0,0,1,0,0,2,0,0,2,0,2,0,0,1,0,2,0,0,0,3,1,0,0,0,2,0,2,0,0,0,0,0,1,0,1,0,1,0,1,1,0,1,0,0,0,1,0,1,0,0,0,0,2,0,0,1,0,0,2
0,0,0,0,0,0,0,0,0,2,0,0,0,0,0,0,0,1,0,0,2,1,0,0,0,0,0,1,1,0,0,4,0,0,1,1,0,0,0,0,0,0,0,1,1,3,1,0,0,0,3,0,0,0,0,0,0,0,0,0,0,0,0,0,0,0,0,0,0,0,0,0,0,3,1,0,0,2,0,1,1,0,1,10,0,0,1,0,0,1,1,4,0,5,0,0,0,0,0,0,0,1,0,3,0,0,0,0,0,0,0,0,0,0,1,4,0,0,0,0,0,0,0,1,4,5,0,1,1,1,1,3,0,2,1,1,1,1,0,0,0,0,3,0,0,0,4,0,2,0,0,0,0,0,0,1,0,1,2,0,0,0,0,0,1,0,0,0,0,0,1,0,0,0,0,1,0,0,0,0,2,0,0,1,0,0,0,0,0,1,0,0,0,0,0,0,0,0,0,3,0,1,1,0,0,4,0,1,0,0,0,0,0,0,0,0,0,0,0,0,1,0,0,0,0,0,0,0,1,0,0,0,0,0,0,0,1,0,0,0,0,0,0,0,0,0,0,0,0,0,0,0,0,0,1,0
0,0,0,0,0,0,0,0,0,0,0,0,0,0,0,0,0,0,1,0,0,0,2,0,0,0,0,0,0,0,1,2,0,0,0,0,0,0,0,0,0,0,0,0,0,2,0,0,0,0,0,0,0,0,1,0,0,0,1,0,0,0,0,0,0,0,0,0,0,0,0,0,1,0,0,1,1,2,1,0,0,0,0,6,1,0,0,1,2,2,0,0,1,2,0,0,2,0,0,0,1,1,0,2,0,0,0,0,0,2,0,0,0,1,0,2,0,0,0,0,0,0,0,0,2,1,0,0,3,2,3,0,0,1,0,2,0,0,0,0,0,1,2,0,1,0,3,0,0,0,0,0,0,1,0,0,0,1,0,2,0,0,3,0,2,0,0,0,0,1,1,0,0,1,0,1,0,0,0,0,0,0,0,1,3,0,0,0,1,2,0,0,0,0,0,0,0,0,0,2,0,0,0,0,3,2,0,0,0,0,1,0,2,0,0,1,3,0,0,0,0,2,0,0,0,0,0,0,3,3,0,0,1,1,0,0,0,0,0,0,0,0,1,0,1,2,0,0,0,3,0,0,0,0,4,2
0,0,0,0,0,1,3,0,2,0,1,0,0,0,0,0,0,0,1,0,0,0,0,0,0,0,0,1,1,1,1,3,0,0,1,1,0,0,0,0,0,0,0,0,0,4,0,0,0,1,0,0,0,0,0,0,2,0,0,0,0,0,0,0,0,0,0,0,0,0,2,0,0,0,0,0,0,1,2,0,2,0,0,11,0,0,0,0,1,2,0,0,0,5,0,0,2,0,1,0,0,2,0,2,0,1,0,0,0,1,0,1,0,2,2,3,0,0,0,0,0,0,0,0,4,1,0,1,1,1,1,0,0,1,1,0,1,0,0,0,0,0,1,0,0,0,3,0,0,0,0,0,0,0,1,1,0,3,1,0,1,0,1,0,2,0,0,0,0,0,0,0,0,0,0,1,0,0,0,1,1,0,1,0,0,1,0,0,2,1,1,0,0,0,0,0,3,0,0,4,0,0,0,0,0,3,0,0,0,0,0,0,1,0,0,0,2,0,0,1,1,1,0,0,0,1,0,0,3,0,0,1,0,0,0,1,1,1,1,0,0,0,0,2,1,0,0,0,3,2,0,0,0,0,0,1
1,2,0,1,0,0,2,0,3,0,0,0,0,0,0,0,0,0,1,0,0,0,1,0,2,1,1,3,1,0,1,3,0,0,0,0,0,0,0,0,0,0,0,0,0,0,0,0,0,0,1,0,0,0,0,0,0,0,0,0,0,0,0,0,0,1,0,3,2,0,0,0,0,1,0,0,1,0,1,0,1,0,0,6,0,0,0,0,1,1,0,0,0,4,0,0,3,1,1,0,0,0,0,3,0,0,1,0,0,2,0,0,0,0,0,2,0,0,0,0,0,0,0,0,3,3,0,0,2,1,4,1,0,2,1,0,3,1,0,0,1,0,2,0,0,0,4,0,0,0,0,1,0,0,1,0,2,0,1,0,1,0,2,1,2,0,0,0,0,0,0,0,0,1,0,0,0,0,0,0,0,1,0,0,0,1,0,0,0,1,0,1,0,0,0,0,0,0,0,2,1,0,0,0,0,2,0,0,0,0,1,0,1,0,0,0,0,0,0,2,2,1,0,3,0,0,0,1,2,0,1,0,0,3,0,0,2,0,0,0,0,1,1,0,1,0,0,0,0,3,0,2,0,0,0,1
0,0,0,0,0,0,0,0,0,0,0,0,0,1,0,0,0,0,1,0,0,0,0,0,2,0,0,1,0,1,0,3,0,0,1,0,0,1,0,0,1,0,0,0,0,0,0,0,0,1,1,0,0,0,0,0,0,0,0,0,0,1,0,0,0,0,0,0,0,1,0,0,0,3,1,0,0,3,0,2,0,0,0,7,0,0,0,0,1,3,0,0,0,3,0,0,1,0,0,0,1,1,0,3,1,1,0,0,1,0,0,2,1,1,0,3,0,1,0,0,0,0,0,1,5,2,0,0,0,0,0,0,0,3,1,0,4,0,0,0,0,0,0,0,0,0,4,0,1,0,0,0,0,0,0,1,0,0,0,0,0,0,0,0,1,0,0,0,0,0,0,0,1,0,1,1,0,0,0,0,3,1,1,0,0,0,0,0,0,0,0,0,0,0,0,0,0,1,2,3,3,1,3,0,0,3,0,1,0,0,0,0,0,0,1,0,0,0,0,0,0,0,0,0,0,0,0,0,3,0,0,0,0,2,0,0,1,0,0,1,0,2,4,0,1,0,0,0,0,0,0,1,0,0,0,0
0,0,0,0,0,0,0,0,1,0,0,0,0,1,0,1,0,0,1,0,0,0,0,0,0,0,0,1,1,0,0,3,0,0,3,0,0,0,0,0,0,0,0,0,0,0,0,1,0,0,0,0,0,0,0,0,0,0,0,0,0,1,0,0,0,1,0,1,1,0,0,0,0,3,0,0,2,1,0,0,0,0,0,7,1,0,0,0,1,1,0,1,1,5,0,1,1,1,0,0,1,1,0,3,0,0,0,0,0,1,0,1,0,0,0,3,0,1,0,0,0,0,0,2,3,3,1,0,1,0,1,0,0,0,0,1,1,1,0,0,0,0,3,0,1,0,3,0,0,0,0,0,0,0,0,0,0,0,0,0,1,0,1,0,1,0,0,0,0,0,0,0,0,0,0,0,0,0,0,0,1,0,1,0,0,0,1,0,0,1,0,0,0,0,0,2,0,0,0,3,0,0,1,1,0,3,0,1,0,0,1,0,1,0,0,0,2,0,0,0,0,1,0,0,0,0,0,0,2,1,0,0,0,1,0,1,0,0,1,0,0,0,2,0,0,0,0,0,1,2,0,0,1,0,1,1
0,0,0,0,0,0,1,0,0,0,0,0,0,2,0,0,0,0,3,0,0,0,1,0,1,0,0,3,0,1,0,2,0,1,1,0,0,1,0,0,0,1,0,0,0,0,2,0,2,0,0,0,0,0,0,0,0,0,0,0,0,0,0,0,0,0,0,0,2,0,0,0,0,2,0,0,0,0,0,2,1,0,0,7,1,0,0,1,2,0,0,0,0,3,0,1,1,1,0,0,1,0,1,4,0,0,0,0,0,2,0,1,0,0,2,2,0,0,0,0,0,0,0,1,3,4,0,1,3,0,2,0,0,2,0,0,0,0,0,0,0,0,2,0,0,0,3,0,0,0,0,0,0,0,0,0,0,0,2,0,0,0,2,0,3,0,0,0,0,0,0,1,0,1,0,0,0,0,0,0,1,0,1,0,1,1,0,0,0,1,0,0,0,0,1,0,0,0,1,2,2,0,0,0,1,3,0,1,0,0,2,0,1,0,0,0,1,2,0,2,2,2,0,0,0,0,0,0,3,1,1,1,1,3,0,0,2,0,0,0,0,1,1,0,0,0,0,0,0,3,0,0,0,0,1,1
0,0,0,0,0,0,0,0,1,1,0,0,0,0,0,0,0,0,2,2,2,1,0,0,0,0,0,1,0,2,0,2,0,0,0,0,0,0,0,0,0,1,0,0,0,0,0,0,0,0,0,1,0,0,1,0,0,0,0,0,0,0,0,0,0,0,0,0,1,1,1,0,0,4,0,0,0,0,0,0,0,0,0,8,1,0,0,0,3,4,0,1,1,3,0,0,0,0,0,0,0,2,0,2,1,2,0,0,0,2,0,0,0,0,1,3,0,0,0,1,0,0,0,1,3,4,2,0,1,0,2,0,0,2,1,1,0,0,0,0,0,1,2,0,1,0,2,0,0,0,0,0,0,0,0,0,0,0,0,0,1,0,2,0,2,0,0,0,0,0,1,0,0,0,2,0,0,0,0,0,1,0,0,0,0,0,1,0,0,1,0,0,0,0,0,0,0,0,1,2,0,1,0,0,0,2,0,0,3,2,0,0,1,1,0,0,4,0,0,1,0,2,0,1,1,0,0,0,2,2,0,0,0,1,0,1,1,0,0,0,0,0,0,0,0,0,0,0,0,2,2,0,0,0,1,1
0,1,0,0,0,0,1,0,0,0,0,0,0,0,1,0,1,0,0,0,1,0,0,0,0,0,0,0,0,1,0,1,0,0,0,0,0,2,0,0,0,0,2,0,1,0,0,0,0,0,1,0,0,0,0,0,1,0,1,1,0,1,0,0,0,0,0,0,1,0,1,0,1,0,0,0,0,1,0,0,0,0,0,3,0,0,0,0,2,0,0,0,2,2,0,1,0,0,1,0,0,0,0,0,0,0,0,1,0,2,0,1,1,0,0,1,0,0,0,0,0,0,0,0,1,1,0,2,2,1,4,0,0,2,1,0,1,2,0,1,0,0,1,0,0,0,1,0,2,0,0,0,1,3,0,0,0,1,0,0,0,0,2,0,2,0,0,0,0,1,0,0,0,0,0,0,0,0,0,0,0,0,0,1,0,0,0,0,0,2,1,0,0,0,0,0,0,1,0,1,0,0,2,0,0,1,0,0,0,0,0,1,2,0,0,2,2,0,0,0,0,2,0,2,0,0,0,0,2,2,0,0,0,1,0,1,1,0,0,0,1,0,0,1,0,0,0,0,0,2,0,1,0,0,0,2
1,0,0,0,0,0,0,0,0,0,0,0,0,0,0,0,0,0,0,0,0,1,0,0,1,0,0,0,0,0,0,3,0,1,2,1,0,0,0,0,1,0,0,0,0,2,0,0,1,0,0,0,1,0,0,0,0,0,0,0,0,0,0,0,0,0,0,1,2,0,0,0,0,1,1,0,3,2,0,0,0,0,0,5,1,0,2,0,2,1,0,1,0,3,0,0,3,0,0,0,0,1,2,1,0,0,0,0,0,2,0,0,0,1,0,2,0,0,0,0,0,0,0,0,2,2,0,0,2,0,2,1,0,1,0,0,0,0,0,1,0,2,1,0,0,0,2,0,0,0,0,0,1,1,0,0,0,2,0,0,1,0,4,0,3,1,1,0,0,0,0,0,0,0,0,0,0,0,0,1,1,0,0,0,0,0,0,0,0,2,1,0,0,0,0,0,0,0,0,2,0,0,0,0,0,2,0,0,0,0,0,0,3,1,0,0,4,0,0,0,1,2,0,0,0,1,0,0,2,1,0,2,0,0,0,1,1,0,1,0,0,0,1,0,2,0,1,0,0,3,0,0,0,0,0,2
0,0,0,0,0,0,2,0,1,0,0,0,0,0,0,0,0,0,1,0,0,0,0,0,1,0,0,1,0,1,1,4,0,0,0,0,0,0,0,0,0,1,1,0,0,0,0,1,0,0,2,0,1,0,0,0,0,0,0,0,0,0,0,0,0,0,0,0,0,0,0,0,0,1,0,0,1,2,0,1,1,0,0,9,1,0,1,0,1,1,0,1,0,3,0,1,1,0,0,0,1,0,0,2,0,0,0,0,1,1,0,0,0,1,1,3,0,0,0,1,0,0,0,0,3,3,1,0,1,0,1,0,0,3,0,0,1,0,0,0,0,0,2,0,0,0,3,0,0,0,0,0,0,0,2,0,0,0,0,0,0,0,1,0,1,0,0,0,1,0,1,1,0,0,0,3,0,0,0,0,3,0,1,0,0,1,0,0,0,1,0,0,0,0,0,1,1,0,0,3,0,0,1,0,0,4,0,1,0,0,0,0,1,0,0,0,2,0,0,0,2,2,0,0,0,1,0,0,3,1,0,1,0,1,0,1,0,0,1,0,0,0,1,0,1,0,0,0,0,2,0,0,0,0,0,1
0,1,0,0,0,0,0,0,0,0,0,0,0,0,0,0,0,0,1,0,0,0,1,1,0,0,0,1,1,1,0,4,0,0,0,0,0,0,0,0,0,0,1,0,0,0,0,0,0,0,2,0,0,0,0,0,0,0,0,0,0,0,0,0,0,1,0,0,1,0,0,0,0,2,0,0,1,3,0,0,1,0,0,11,2,0,1,0,0,3,0,1,0,6,0,0,3,0,0,0,1,1,0,1,0,1,0,0,0,0,0,0,0,0,1,4,0,0,0,0,0,0,0,0,4,3,0,0,0,0,0,0,0,2,1,0,1,0,0,0,0,0,6,0,0,0,4,0,0,0,0,0,0,0,1,0,0,1,0,1,1,0,0,0,1,0,0,0,0,0,1,1,0,0,0,4,0,0,0,0,1,1,2,0,0,0,0,0,2,0,0,0,0,0,0,0,0,0,0,4,0,0,0,0,1,4,0,0,0,0,1,0,0,0,0,1,0,0,0,0,0,0,2,0,0,0,0,1,3,1,0,0,0,1,0,0,2,0,0,0,0,0,2,0,0,0,0,0,0,0,0,0,0,0,0,0
0,0,0,0,0,1,2,0,0,0,0,0,0,0,0,0,0,0,2,0,0,0,1,0,0,0,0,2,0,1,1,3,0,0,0,0,0,1,0,0,1,0,0,0,1,0,1,1,0,0,0,0,0,0,0,0,1,0,0,0,0,0,0,1,0,1,0,0,0,0,0,0,0,1,0,0,0,0,0,0,0,0,0,6,0,0,0,0,1,2,1,0,0,3,0,0,1,0,1,0,1,2,0,2,0,1,0,0,0,2,0,0,0,1,0,3,2,0,0,0,0,0,0,0,3,3,0,0,2,1,2,0,0,1,1,0,0,0,0,0,0,0,0,0,1,1,3,0,0,0,0,0,0,0,0,1,0,2,1,0,1,0,1,0,2,1,0,0,0,1,0,0,0,0,0,1,0,0,0,0,1,0,2,0,0,1,0,0,2,2,0,0,0,0,0,1,0,0,0,3,0,0,0,0,0,2,0,0,0,0,0,0,1,0,0,1,2,0,0,0,2,1,0,0,0,0,0,1,2,1,0,1,0,0,0,1,1,0,0,0,0,0,1,0,0,1,0,0,0,1,0,0,0,0,0,1
0,0,0,0,0,1,0,0,0,0,0,0,2,1,0,0,0,0,2,0,0,1,1,0,0,0,0,1,0,1,0,4,0,0,0,0,0,0,0,0,0,0,0,0,0,0,1,0,0,0,0,0,0,0,0,0,0,0,0,0,0,0,0,0,0,2,0,0,0,0,1,0,1,4,0,0,1,2,0,1,0,1,0,11,1,0,0,0,0,0,0,0,0,5,0,0,0,1,0,0,1,1,0,5,0,1,0,0,0,1,0,0,0,0,0,3,1,0,0,0,0,0,0,0,4,0,0,0,1,2,1,0,0,3,1,0,0,0,0,0,0,0,3,0,0,0,4,0,0,0,0,0,0,0,0,0,0,0,2,1,0,0,0,0,5,0,0,0,0,0,1,0,0,0,2,4,0,1,1,0,2,0,0,0,0,0,0,0,0,2,0,1,1,0,0,0,0,1,0,3,0,0,3,0,0,3,0,0,0,0,0,0,2,0,0,0,0,1,0,0,2,1,0,0,1,0,0,0,4,0,2,0,0,2,2,0,1,0,0,0,0,0,2,0,1,2,0,0,0,0,1,0,0,0,1,0
0,0,0,0,0,0,0,0,1,1,1,0,2,0,0,0,1,0,3,0,0,0,0,1,0,0,0,0,0,1,2,3,0,0,0,2,0,0,0,0,0,0,2,0,0,2,0,2,0,1,0,0,0,0,0,0,0,0,0,0,0,0,0,0,0,0,0,1,0,0,0,0,0,3,0,0,1,1,0,0,0,1,0,6,0,0,0,0,0,1,0,0,0,3,1,1,0,0,0,0,0,1,0,2,0,0,0,0,0,0,0,0,0,1,0,3,0,0,0,0,0,0,0,0,3,4,1,0,0,1,0,0,1,1,0,0,0,0,0,0,0,0,1,0,0,0,4,0,1,0,0,0,0,1,0,0,0,0,0,1,0,0,0,0,0,0,0,0,0,0,1,0,0,0,0,1,1,0,0,3,0,0,1,1,0,1,0,0,0,0,1,1,0,1,0,0,0,0,0,4,1,0,1,0,1,3,0,0,0,0,1,0,1,0,0,0,0,0,0,0,0,2,0,1,0,0,0,0,1,1,0,1,1,2,0,0,0,0,0,0,0,0,0,0,0,0,0,0,0,0,0,0,0,0,0,1
0,0,0,0,0,0,1,0,1,1,0,0,0,0,0,0,1,0,0,0,1,0,1,0,0,0,1,0,0,0,0,0,0,0,0,0,1,0,0,0,0,1,0,0,0,0,0,0,0,0,0,0,0,0,0,0,0,0,0,0,1,0,0,1,0,0,0,0,0,1,0,0,0,3,1,1,0,0,0,0,0,1,0,0,1,0,0,4,4,1,0,1,2,0,0,0,0,0,0,0,1,1,3,1,0,0,2,0,1,4,1,1,0,0,0,0,0,0,0,0,0,0,0,0,1,0,0,0,4,0,6,1,0,0,0,0,0,0,0,0,2,1,0,0,0,3,0,0,0,3,0,0,1,3,0,1,0,0,0,0,0,0,9,0,4,1,0,0,0,0,1,1,0,0,0,0,0,0,0,0,0,1,1,0,0,1,0,0,1,4,0,0,0,0,0,0,4,0,4,1,0,3,0,0,0,0,0,0,0,0,0,0,3,0,0,0,3,2,0,0,7,4,0,6,0,0,0,0,2,0,1,2,1,0,0,0,0,0,1,0,0,0,0,0,1,0,0,0,2,4,0,0,0,0,1,4
1,0,0,0,0,0,1,0,0,0,0,0,0,0,0,0,0,0,1,0,0,1,0,0,0,0,0,1,0,0,0,2,0,2,0,1,0,0,0,0,1,0,0,0,0,0,0,0,1,0,1,0,0,1,0,0,0,1,1,0,0,0,0,0,0,0,0,1,0,3,0,0,1,3,0,0,3,1,1,2,0,0,0,6,0,0,2,0,2,1,0,0,0,2,2,0,0,0,0,0,0,0,0,1,0,1,0,0,1,0,0,0,0,0,0,2,0,0,0,0,0,0,0,0,2,1,0,0,2,1,2,0,0,1,0,0,0,0,1,0,0,1,1,0,1,0,2,0,0,0,0,0,1,2,0,1,0,2,0,0,0,0,4,0,3,0,0,0,0,1,0,0,0,0,0,1,0,0,0,2,0,1,3,0,0,0,1,0,0,4,0,0,0,0,0,0,1,0,0,2,0,0,0,0,1,2,0,0,0,1,0,0,2,0,0,1,2,0,0,0,1,2,0,4,0,0,0,0,1,2,0,0,0,0,0,2,2,0,1,0,0,0,0,2,0,0,0,0,0,4,0,0,0,0,1,2
0,0,0,0,0,0,0,0,1,0,0,0,0,0,0,0,0,0,2,0,0,0,0,0,1,0,0,1,0,0,0,3,0,2,1,0,0,0,0,0,0,0,0,0,0,1,2,0,0,0,0,0,0,1,0,0,0,0,0,0,0,0,0,0,0,0,0,0,0,0,0,0,0,2,0,0,1,0,0,0,0,0,0,7,1,0,0,1,1,2,0,0,1,3,0,1,2,0,0,0,0,0,0,3,0,0,0,0,1,1,0,0,0,0,0,3,1,2,0,0,0,0,0,0,3,4,1,0,1,1,1,0,0,0,1,2,1,1,0,0,0,0,2,0,0,0,3,0,0,0,1,1,0,0,0,0,0,0,1,1,1,0,1,0,1,0,0,0,0,0,1,0,0,0,1,1,0,0,2,1,1,0,0,0,0,0,0,0,1,1,0,0,0,0,0,1,0,1,0,3,2,0,0,0,0,3,0,0,2,0,0,0,1,0,0,0,2,0,0,1,0,1,0,0,0,0,0,1,4,0,0,0,0,2,0,1,0,0,0,0,0,0,0,0,0,0,0,0,0,1,0,0,0,0,0,1
1,0,0,0,0,1,0,0,0,1,0,0,0,3,0,0,0,0,2,0,0,0,1,0,0,0,0,1,0,0,2,4,0,0,5,0,0,0,1,0,0,0,0,0,2,2,2,1,0,0,0,0,0,0,0,0,0,0,0,0,0,0,0,0,1,0,0,0,1,0,0,0,0,2,0,0,2,2,1,3,1,1,0,14,2,0,0,0,0,1,0,0,0,6,2,1,2,0,0,0,1,2,0,2,2,1,0,0,0,0,0,0,0,0,3,4,0,0,0,0,0,0,0,0,4,5,1,0,0,2,1,0,0,1,0,1,1,0,0,0,0,0,1,2,1,0,5,0,0,0,0,1,0,0,0,3,0,3,0,0,1,0,0,0,0,0,0,0,0,0,1,0,0,0,0,0,0,0,0,0,0,0,0,0,0,0,0,0,1,0,0,0,0,0,0,0,0,0,0,4,0,0,1,0,0,4,0,0,0,0,1,0,1,0,0,3,1,0,0,0,0,0,0,0,0,0,0,0,2,3,0,0,0,0,0,0,2,0,0,0,0,1,5,0,0,0,0,0,0,1,1,0,1,0,0,0
0,0,0,0,0,0,1,0,0,0,0,1,0,0,0,0,0,0,0,0,0,0,0,0,0,0,0,1,0,0,0,2,0,0,0,0,0,0,0,1,0,0,0,0,0,0,0,0,0,1,1,0,0,0,1,0,0,0,0,0,0,0,0,0,0,0,0,0,0,0,0,0,0,1,0,0,0,1,0,1,1,0,0,4,1,0,0,0,2,0,0,1,0,2,0,1,0,0,0,0,1,0,0,1,1,1,0,0,1,1,0,0,1,1,0,1,0,0,1,0,0,0,0,0,2,1,0,1,2,0,2,0,0,2,1,1,0,0,1,0,0,0,5,0,2,0,2,0,0,0,0,1,0,1,0,1,0,1,1,1,0,0,1,0,1,1,1,0,0,1,0,0,0,0,2,0,0,1,0,0,0,0,0,0,0,0,0,1,1,2,0,0,1,1,0,0,1,0,0,1,0,1,0,0,0,1,2,1,0,0,0,0,2,1,0,1,1,0,0,1,0,1,0,1,0,1,0,1,1,2,0,1,1,0,0,0,0,0,0,0,0,0,1,0,0,0,1,0,0,1,0,1,1,0,0,1
0,1,0,0,0,0,0,0,0,0,0,0,0,0,0,0,0,0,1,0,0,0,0,0,0,0,0,1,0,0,0,2,0,0,0,0,1,0,0,0,0,1,0,0,0,1,0,0,0,0,0,0,0,0,0,0,0,0,0,1,0,0,1,0,0,0,0,0,0,0,0,0,0,2,1,0,0,0,0,0,0,0,0,5,1,0,0,0,2,0,0,0,0,2,0,1,0,0,0,0,1,1,0,1,0,0,0,0,2,2,1,0,0,0,0,2,0,0,0,0,0,2,0,0,2,4,0,0,4,1,3,0,0,1,0,0,0,0,0,0,0,1,3,0,1,0,3,0,0,0,0,1,0,0,0,1,0,1,1,0,1,0,1,0,2,0,0,0,0,0,1,0,0,0,0,0,0,0,0,0,0,0,0,0,0,0,1,0,0,2,0,2,0,0,0,0,0,0,0,2,0,0,0,0,0,4,0,0,0,0,0,0,2,0,0,1,5,0,0,0,2,2,0,3,0,1,0,0,3,1,0,1,0,1,0,0,3,0,1,0,0,0,1,1,1,0,0,1,0,2,0,0,0,0,0,1
0,0,0,0,0,0,0,0,0,0,0,0,0,0,0,0,0,0,1,0,0,2,0,0,0,0,0,0,0,0,1,3,0,0,2,0,0,0,0,0,0,0,0,0,0,0,1,0,0,0,1,0,0,1,0,0,0,0,0,0,0,0,0,1,0,0,0,0,1,0,0,0,0,2,0,0,0,1,1,1,0,0,0,6,0,1,0,1,1,1,0,1,1,4,0,0,3,0,0,0,1,1,0,2,0,0,0,0,0,1,0,1,0,0,0,3,0,1,0,0,0,0,0,0,3,1,0,0,1,2,1,0,0,0,0,0,0,0,0,0,0,0,2,0,1,0,3,0,0,1,0,0,0,0,0,0,0,1,0,0,1,0,2,0,2,0,0,0,0,0,0,1,0,0,0,3,0,0,0,0,2,0,0,1,0,0,0,0,2,2,0,0,0,0,0,0,0,0,1,2,0,0,0,0,0,3,0,0,0,0,0,0,1,0,0,0,1,0,0,0,1,1,0,1,0,0,0,1,2,0,0,1,0,2,0,1,0,0,0,0,0,1,2,0,0,0,0,0,0,1,1,0,0,0,0,1
0,0,0,0,0,0,1,0,0,0,0,0,0,0,0,0,0,0,2,0,0,0,0,0,0,0,0,1,0,0,2,3,0,0,0,0,0,1,0,0,0,0,0,0,1,0,1,0,0,0,0,0,0,0,0,0,0,0,0,0,0,0,0,0,1,0,0,0,0,1,0,0,1,2,0,0,1,0,0,1,0,0,0,9,1,1,0,0,1,1,0,0,1,4,0,0,2,0,1,0,2,0,0,3,0,0,0,0,1,1,0,0,0,0,1,3,0,0,0,0,0,0,0,0,3,4,0,0,2,0,1,0,0,4,1,0,0,0,0,1,0,0,1,0,0,2,4,0,1,0,0,0,0,0,0,0,0,2,0,0,3,0,1,0,2,0,2,0,0,1,0,2,0,1,0,2,0,0,0,0,2,0,0,1,1,1,2,0,0,2,0,0,0,0,0,0,0,0,0,3,1,2,1,0,0,4,0,1,0,0,0,0,1,0,0,1,1,0,0,2,0,1,0,2,0,0,0,0,2,1,0,0,0,2,0,0,1,0,1,0,0,0,0,1,0,0,0,0,0,2,0,0,1,2,0,3
0,0,0,0,0,1,0,0,0,0,1,0,0,1,0,1,0,0,3,1,0,1,0,0,0,0,1,2,1,0,1,3,0,0,5,0,0,0,0,0,0,0,0,0,1,0,2,1,0,0,0,0,0,1,0,1,0,0,0,0,0,0,0,0,0,0,0,0,0,0,0,0,0,2,0,1,1,0,1,0,1,0,1,8,1,0,4,0,0,3,1,0,0,3,0,0,2,1,0,0,3,1,0,3,0,1,0,0,0,0,0,1,0,0,0,3,0,0,0,0,0,0,0,0,3,6,0,0,1,2,0,0,0,1,0,0,0,1,0,1,1,0,2,1,0,1,3,0,0,0,0,0,0,0,0,2,1,2,1,0,1,0,0,0,3,0,0,0,0,0,1,2,0,0,0,3,0,0,0,0,0,0,1,2,0,1,0,0,0,0,0,0,0,0,0,0,0,0,0,3,1,0,1,0,0,3,0,1,1,0,0,0,1,0,0,0,0,0,0,0,0,0,0,0,0,0,0,0,3,1,0,0,0,1,0,0,2,0,1,0,0,0,2,0,0,1,0,0,0,1,0,0,0,0,0,0
0,0,0,0,0,0,3,0,0,0,0,0,0,0,0,0,0,0,3,0,0,0,1,0,0,0,0,2,0,0,1,3,1,0,1,1,1,1,0,0,0,0,1,0,0,3,0,2,0,0,0,1,0,1,0,0,1,0,0,0,0,0,0,0,0,0,0,0,0,0,0,1,1,4,0,0,0,0,1,0,0,0,0,6,3,1,0,0,1,1,0,0,0,4,0,0,0,0,0,0,0,0,0,2,0,0,0,0,0,2,1,1,0,0,0,2,0,0,0,0,0,0,0,0,3,4,0,0,1,0,2,1,0,3,1,0,0,1,0,0,0,0,2,0,1,0,4,0,0,2,0,0,2,1,0,0,0,1,2,0,0,0,2,0,2,0,0,1,0,1,3,0,0,0,0,2,0,0,0,1,1,0,2,0,1,0,0,1,0,2,0,0,0,0,0,0,0,0,0,2,0,0,0,0,0,2,0,1,0,0,0,0,1,0,0,0,1,0,0,1,0,1,0,1,0,0,0,1,2,0,0,1,1,1,0,0,1,0,0,0,0,0,0,0,0,0,0,0,0,2,0,0,0,0,0,1
1,1,0,0,0,1,0,0,0,0,0,0,0,1,1,1,0,0,0,0,1,1,1,0,0,0,0,2,0,0,1,4,0,0,1,0,1,1,0,0,0,0,0,0,0,0,1,1,0,0,2,1,0,0,0,0,0,0,0,0,0,1,0,1,0,1,0,0,0,0,1,0,0,2,0,0,0,3,3,3,0,0,0,15,2,0,0,0,0,0,0,2,0,4,0,0,1,2,0,0,2,1,0,3,0,2,0,0,0,0,0,0,0,0,0,4,1,0,0,3,0,0,1,0,4,6,1,0,3,0,0,0,0,2,2,1,0,0,0,0,0,0,1,0,0,0,4,0,0,0,0,0,0,0,0,3,0,1,1,0,1,0,1,0,2,0,0,0,0,0,1,0,0,0,0,4,0,1,0,0,3,0,0,0,0,0,0,0,0,1,0,1,0,0,1,0,0,0,0,3,0,0,0,0,0,4,0,0,0,0,1,0,1,0,0,0,1,2,0,0,1,0,4,0,0,0,0,0,3,1,1,0,0,1,0,0,1,0,0,0,0,0,0,0,1,0,0,0,0,0,0,0,0,0,0,0
0,0,0,0,0,0,0,0,2,0,2,0,0,1,0,0,0,0,3,0,0,0,0,0,0,0,0,2,0,0,1,3,0,0,3,0,0,1,0,0,0,0,2,5,0,3,0,1,0,0,1,0,0,0,0,0,0,0,0,0,0,0,0,0,0,0,0,0,0,0,0,0,0,1,0,0,0,1,0,0,0,1,0,9,0,0,0,0,0,1,0,1,0,3,0,0,3,2,0,0,3,1,1,2,0,1,0,0,0,0,0,0,0,1,1,3,0,1,0,1,0,0,0,1,3,3,0,0,0,1,0,0,2,0,0,1,1,0,0,0,0,0,2,0,0,0,3,0,1,0,0,0,0,1,1,0,1,1,0,1,0,0,0,0,0,0,0,0,0,0,0,1,0,1,0,4,0,0,0,2,1,0,0,0,0,0,0,0,1,0,2,0,0,0,0,0,0,0,0,3,1,0,0,0,0,3,0,1,0,0,0,0,0,3,0,2,0,0,0,1,0,0,0,0,1,0,1,3,2,0,1,0,0,2,3,0,0,0,0,1,0,1,4,1,4,2,1,0,0,1,0,0,0,0,0,0
0,0,0,0,0,0,2,0,0,0,0,0,1,0,0,0,0,0,2,0,1,1,1,0,1,0,0,2,0,2,0,3,0,0,0,0,0,0,0,0,0,0,0,1,0,0,1,1,1,0,0,0,0,0,0,0,0,0,0,1,0,0,0,2,0,0,0,0,0,0,0,1,0,2,0,0,1,1,1,0,1,0,0,8,0,0,0,1,0,5,0,0,0,5,1,0,1,1,0,0,4,2,1,1,0,0,0,0,1,2,0,3,0,2,0,3,1,0,0,0,0,0,0,0,4,5,0,0,2,2,2,0,0,2,1,0,0,0,0,0,0,0,5,0,0,0,4,0,0,0,0,1,2,1,0,0,0,1,2,0,0,0,1,0,1,1,1,1,0,0,0,0,0,0,0,5,0,1,0,3,0,1,0,0,0,0,0,0,0,0,0,0,0,0,0,0,0,0,0,4,2,0,0,0,0,2,0,1,0,0,0,0,0,0,0,0,1,0,0,0,2,1,0,4,1,0,0,1,2,1,0,0,0,1,0,0,2,0,0,0,0,0,2,0,0,0,0,0,1,0,0,0,1,0,0,2
0,0,1,0,0,0,0,0,1,1,1,0,1,0,0,0,0,0,1,0,0,1,0,0,0,0,0,0,2,2,2,5,0,1,1,0,0,0,0,0,0,0,0,2,0,0,1,0,1,0,1,0,0,0,0,0,1,0,0,0,1,0,0,2,0,0,0,0,0,0,0,0,2,1,0,0,0,2,2,1,0,0,0,11,2,0,0,1,0,2,1,0,0,5,0,0,2,1,0,0,1,0,0,0,0,0,0,0,0,0,0,0,0,1,1,3,0,0,0,0,0,0,0,1,3,2,0,0,0,1,0,0,0,1,1,0,0,0,0,0,0,0,2,0,0,1,3,0,1,0,0,0,0,0,0,0,0,3,1,0,0,0,0,1,4,1,0,0,0,0,2,1,0,0,0,2,0,0,0,0,1,1,0,1,0,0,2,0,1,1,0,0,0,0,0,0,1,0,0,4,1,1,1,0,0,3,0,2,0,1,0,0,0,1,0,1,0,0,1,0,0,0,1,0,1,0,0,1,1,0,1,0,0,0,0,0,3,0,0,0,0,0,1,0,0,0,0,1,0,1,2,0,0,0,0,0
2,0,0,0,0,1,0,0,1,0,0,0,1,0,0,0,0,0,2,0,0,1,3,1,1,0,0,2,1,0,1,3,0,1,1,0,0,1,0,0,0,0,0,0,0,1,5,0,0,0,1,0,0,0,0,0,0,0,0,0,1,0,0,0,0,0,0,1,0,1,1,0,0,3,1,0,0,2,2,0,0,0,0,10,1,0,0,0,1,2,0,2,0,3,0,3,1,0,0,0,0,0,0,2,1,0,0,1,1,3,0,0,0,0,1,3,0,1,0,1,0,0,0,0,3,6,1,0,1,0,1,0,1,1,1,0,0,0,0,0,0,0,0,1,0,0,3,0,2,0,0,1,1,1,0,1,0,3,1,0,0,0,2,1,1,0,0,0,0,1,2,0,0,0,1,0,0,0,0,0,0,0,2,0,0,0,1,0,0,1,0,0,0,0,0,0,0,0,1,3,0,0,2,0,1,2,0,0,0,0,2,0,1,0,0,0,1,0,0,3,0,1,0,1,0,0,0,0,4,3,0,0,0,1,0,0,1,0,1,0,0,1,4,0,1,0,0,1,0,4,0,0,0,0,1,0
