1,6,1,2,2,2,1,0,0,6,1,0,0,7,0,1,13,0,0,12,3,0,0,0,0,1,6,3,5,0,3,2,0,1,0,0,10,0,0,1,0,2,1,2,0,1,5,6,2,3,1,4,0,0,1,1,5,0,1,5,2,1,0,1,4,1,11,7,0,4,7,2,12,2,0,8,0,2,2,0,0,9,2,3,6,8,2,1,7,9,16,4,14,5,4,0,0,2,1,1,0,0,3,1,4,12,0,0,1,0,5,2,0,0,2,0,0,2,6,1,2,2,14,10,2,0,1,5,0,3,6,6,5,0,3,46,2,4,1,1,6,1,3,0,9,6,0,2,1,0,4,1,1,13,24,1,18,0,1,1,3,4,0,1,3,3,1,3,1,3,4,1,1,0,1,1,7,0,3,0,1,2,0,0,0,0,3,0,2,3,0,4,3,3,0,0,0,0,6,1,0,3,1,4,0,1,0,1,3,1,2,0,5,1,5,6,3,0,10,2,7,4,2,3,1,1,1,0,2,1,12,0,0,1,3,0,4,14,2,0,0,3,5,7,2,3,5,2,5,0,0,1,0,9,3,7
1,1,0,5,2,4,2,9,0,2,0,0,0,2,7,4,3,0,5,1,0,0,0,0,0,0,1,0,3,0,3,2,1,3,2,0,0,0,3,0,1,1,0,8,1,3,0,2,6,5,0,0,0,2,0,2,1,0,37,24,4,3,1,6,1,1,0,3,2,1,5,1,12,10,0,2,1,3,4,46,1,0,4,0,0,22,0,3,0,0,0,0,21,7,0,0,0,1,0,0,0,1,3,0,5,3,0,1,0,0,0,0,0,0,2,1,0,4,5,3,2,0,9,0,1,1,0,1,2,1,4,0,4,5,0,3,0,4,3,3,0,3,0,4,7,3,5,3,0,3,2,2,1,3,9,3,4,2,1,29,0,2,1,0,1,9,0,3,4,5,2,0,1,0,0,0,1,0,2,0,1,3,0,0,0,2,1,0,0,2,0,1,4,4,0,0,3,1,1,4,0,0,3,3,0,0,4,0,1,1,0,0,1,0,1,1,3,1,5,0,2,2,1,0,0,4,1,0,0,3,13,36,1,0,5,0,3,4,0,0,0,4,4,3,0,1,0,2,0,0,1,0,0,2,2,1
1,1,0,5,4,0,2,0,1,1,0,1,0,7,6,0,3,1,1,0,0,0,0,0,0,1,5,0,2,0,1,0,0,10,0,1,4,0,3,2,0,0,3,6,1,5,7,5,4,2,1,0,0,0,0,2,4,0,18,8,1,1,2,2,2,1,0,7,2,3,10,4,3,1,1,3,0,1,0,1,0,4,0,0,1,0,0,2,0,0,4,0,26,4,0,6,0,1,1,1,2,1,2,0,12,1,0,0,1,3,6,1,1,0,6,1,1,2,8,0,0,0,9,4,1,1,0,4,0,4,8,10,3,3,1,1,0,3,0,14,4,0,3,8,2,5,2,4,0,0,2,1,1,5,6,0,1,0,0,7,0,0,0,0,3,10,0,1,0,6,8,3,1,1,0,4,0,1,1,0,1,3,0,0,2,2,4,0,0,1,0,1,1,2,3,3,0,1,0,3,1,0,1,5,1,0,6,0,3,0,1,6,2,0,6,0,14,4,1,0,1,0,1,6,1,1,1,0,20,0,25,1,1,1,3,0,2,10,1,6,2,6,4,16,2,1,9,2,4,2,0,2,1,1,1,8
9,0,0,13,2,0,2,1,0,0,1,0,0,3,11,0,11,0,0,8,6,0,0,0,0,0,6,0,2,0,2,4,1,2,0,30,0,1,0,1,1,1,0,4,1,5,1,6,3,1,2,1,0,1,1,1,4,2,42,1,3,2,32,2,6,0,0,4,1,2,2,1,2,2,2,2,0,2,5,2,1,11,1,1,4,1,2,5,0,0,1,0,6,1,0,0,0,0,0,4,3,6,3,0,7,2,1,13,3,1,0,1,1,0,3,0,5,2,4,2,4,1,11,2,1,1,0,2,1,2,5,1,2,6,0,2,0,3,2,1,0,1,3,0,2,5,2,3,0,0,1,0,0,9,5,0,0,1,0,3,1,2,0,0,1,8,0,8,1,3,6,0,4,1,0,3,0,1,2,0,0,2,0,1,0,3,4,1,0,1,1,1,0,14,0,0,5,10,0,2,0,0,2,4,0,3,0,0,0,0,0,1,0,0,8,0,4,2,6,0,3,1,2,7,1,0,2,0,6,7,7,16,0,7,1,1,3,7,0,0,7,1,6,1,0,3,3,1,2,0,0,4,0,2,3,1
0,0,1,0,5,0,0,0,0,0,2,0,3,1,7,0,13,1,1,0,0,5,0,0,0,2,4,1,3,0,3,1,3,3,0,1,1,0,0,2,0,0,0,6,0,7,5,6,4,4,1,0,0,0,1,0,1,0,14,1,4,0,1,6,2,12,0,0,0,2,6,3,12,0,1,1,0,4,0,1,5,3,0,0,3,11,0,3,1,4,3,0,12,4,1,2,0,2,0,0,0,1,6,0,9,0,0,0,4,0,1,1,4,1,10,15,0,3,4,0,0,0,2,0,2,0,0,3,1,8,9,1,4,2,7,21,0,12,1,3,0,4,7,1,1,1,4,3,0,2,0,0,0,2,11,1,0,0,1,0,0,2,0,2,2,30,1,2,3,4,4,0,1,0,2,9,0,1,3,0,4,3,0,0,0,6,3,0,1,1,1,3,0,1,2,3,0,1,0,4,1,0,2,4,1,0,4,0,4,0,0,4,1,0,7,6,3,0,3,0,1,0,0,2,0,1,2,1,12,7,27,0,1,0,2,1,2,4,0,0,11,5,4,9,1,1,1,3,0,2,1,0,0,1,2,2
0,0,1,6,1,0,1,1,0,0,0,0,0,7,2,0,3,0,0,0,0,0,0,1,0,0,4,0,1,0,0,0,1,1,1,2,0,2,0,1,0,1,1,3,4,23,1,1,2,7,1,1,1,1,0,0,1,0,43,25,2,0,7,0,4,3,0,0,0,4,9,4,0,0,0,4,0,0,1,0,1,12,0,2,0,0,1,0,0,0,2,1,4,4,0,0,0,1,0,1,0,1,1,2,6,5,0,0,3,1,0,3,0,0,5,0,1,4,1,1,1,0,5,0,0,0,0,5,1,7,11,7,6,0,3,1,0,1,12,3,0,3,11,2,9,6,3,4,0,0,0,0,2,11,34,0,10,0,0,0,0,0,2,0,4,8,1,3,0,17,6,0,3,0,0,1,0,0,2,0,1,3,0,5,0,0,4,0,3,1,0,2,0,1,0,0,1,1,0,0,0,0,0,1,0,0,0,0,1,0,1,5,3,1,9,2,3,0,1,0,0,1,2,6,3,0,0,0,18,3,14,6,0,1,0,0,4,13,2,1,4,2,6,4,0,3,1,2,3,1,0,0,0,5,2,10
1,3,1,0,0,2,0,0,0,1,1,0,7,2,5,0,8,0,1,0,0,4,0,1,7,0,4,0,2,0,3,1,4,2,0,3,2,2,0,0,1,0,1,6,4,0,4,2,5,7,0,1,1,2,1,0,2,0,0,1,5,0,1,4,1,4,0,0,0,17,4,0,19,0,1,1,0,5,5,2,4,2,6,0,2,4,1,2,0,8,0,0,11,2,1,1,0,2,0,4,0,1,4,1,9,1,0,1,3,0,1,0,1,0,2,11,4,4,9,3,0,0,6,0,0,1,0,5,1,1,5,0,3,4,5,3,3,11,4,3,0,0,11,0,1,1,7,3,2,1,1,0,0,1,3,0,0,0,0,0,0,2,2,5,1,22,2,4,5,5,2,3,1,0,2,0,2,0,5,2,5,6,0,0,2,5,5,1,1,1,3,1,0,1,1,0,1,4,1,6,0,0,4,3,1,0,1,0,4,0,1,1,1,0,4,2,6,1,7,2,2,1,1,2,0,1,4,4,12,1,25,1,0,0,1,1,7,5,2,2,6,3,0,26,0,2,7,5,2,12,2,2,0,2,2,1
1,1,0,4,3,0,0,1,0,0,0,0,0,3,3,0,12,2,1,4,0,0,2,0,0,4,4,0,1,0,3,0,0,2,0,2,7,2,2,4,0,0,2,6,11,26,6,2,6,2,0,0,0,1,0,3,1,0,43,41,2,0,2,3,3,3,20,10,1,2,1,5,9,0,1,3,0,1,1,6,0,10,1,0,1,0,0,4,0,1,0,0,21,4,0,5,0,2,0,1,0,1,1,0,11,7,0,0,0,2,2,0,1,0,4,1,1,2,8,0,3,0,8,7,1,2,1,1,4,2,3,0,6,2,0,4,0,0,0,2,3,2,16,0,1,10,2,1,0,2,0,1,3,3,16,0,0,0,1,2,1,1,1,0,3,3,4,2,1,6,2,2,1,2,0,2,0,1,4,0,1,1,1,0,0,1,2,0,1,0,1,1,0,2,0,0,3,0,1,2,0,0,1,2,1,1,0,0,0,3,0,0,0,0,0,1,3,0,2,0,0,0,1,6,0,0,10,0,2,4,27,0,1,4,5,0,3,9,1,6,2,0,2,2,2,1,1,3,0,0,0,1,1,4,3,5
3,1,0,15,0,1,0,1,2,2,0,3,0,3,6,1,1,0,0,9,1,0,0,0,1,5,1,0,3,0,8,0,0,3,0,30,3,1,0,0,1,0,1,8,0,26,0,6,5,7,1,0,0,2,1,0,0,1,34,3,3,0,0,3,1,4,0,2,0,1,1,1,3,1,1,3,0,4,1,1,1,2,0,0,2,0,0,3,0,3,0,4,3,6,1,2,0,7,0,7,0,0,2,0,7,2,0,5,9,0,0,0,1,0,6,0,0,1,5,0,0,1,4,6,0,2,0,9,1,1,8,2,3,0,2,5,1,0,0,2,0,2,6,1,4,1,3,0,1,1,0,3,0,12,7,0,0,0,0,0,0,1,0,0,3,9,0,3,1,5,1,2,4,1,0,1,0,0,3,0,2,4,2,0,0,4,2,0,0,2,0,1,0,6,1,1,2,2,4,8,0,0,5,5,3,3,1,0,2,5,0,0,2,0,6,1,6,0,4,0,1,1,3,3,0,1,0,1,4,11,18,31,1,0,1,2,4,5,2,2,1,3,11,7,0,2,3,4,2,3,1,2,4,1,3,3
0,2,1,0,6,3,0,1,0,0,0,1,0,4,14,0,10,0,1,0,0,0,1,0,3,1,2,0,3,0,2,1,0,4,0,1,0,0,0,0,0,1,0,5,8,1,6,9,3,2,0,0,0,2,0,2,1,2,7,7,4,2,4,3,4,4,2,0,0,2,2,3,4,1,0,2,0,2,4,0,0,10,0,0,0,1,0,3,0,1,0,0,12,3,0,1,0,0,0,1,0,0,2,0,6,13,0,0,3,1,0,0,6,1,5,0,6,6,5,0,0,1,5,8,0,1,0,2,0,2,3,6,3,2,1,4,0,5,2,7,2,0,5,0,2,2,9,4,1,0,1,1,2,4,21,0,1,1,1,0,0,3,0,0,2,6,5,3,2,4,2,1,3,3,0,3,0,0,4,0,3,3,0,0,2,0,4,0,0,0,1,1,3,7,1,0,0,1,2,8,0,0,2,4,1,0,0,1,0,0,4,9,4,3,9,4,3,0,4,1,1,0,0,12,0,0,5,1,14,3,18,7,0,9,2,0,2,8,1,1,6,2,2,4,0,1,7,2,4,2,0,1,0,7,3,2
0,1,0,3,2,1,0,5,4,8,0,2,0,5,0,0,4,0,0,0,1,0,3,0,0,0,3,0,0,0,2,1,0,2,0,0,10,0,0,2,0,0,1,5,1,6,9,5,4,10,2,1,0,0,0,2,4,0,6,4,1,0,3,1,1,4,0,6,0,4,2,2,6,0,0,5,1,2,4,0,1,10,1,0,0,0,0,1,0,0,1,2,24,6,2,2,0,0,0,1,0,0,2,0,8,7,1,0,2,1,3,3,3,1,3,5,1,3,5,0,2,2,8,3,1,0,0,2,1,5,7,7,8,4,3,4,0,0,1,9,2,1,19,0,3,9,4,1,3,0,0,2,0,3,6,0,0,0,0,0,0,2,0,0,5,4,3,4,0,4,2,1,2,2,0,5,0,0,3,0,1,1,1,1,0,2,3,0,1,1,1,2,5,1,1,0,0,2,1,5,0,0,0,4,1,1,1,0,0,0,0,7,0,0,5,3,7,0,3,2,2,1,1,6,0,2,5,3,4,0,27,0,0,0,1,2,5,9,1,5,2,3,5,12,0,2,2,3,1,0,2,3,1,3,3,4
3,0,1,1,3,1,2,1,1,1,0,2,0,5,3,1,8,0,1,0,1,4,0,0,0,3,4,0,1,0,4,0,0,1,0,0,6,3,0,6,0,0,0,5,3,13,11,2,3,3,0,1,0,0,1,1,7,0,1,2,4,0,5,4,4,1,0,0,2,3,9,7,4,0,3,4,3,1,0,0,1,13,0,0,0,1,0,2,0,0,0,0,11,6,0,3,0,0,0,0,1,0,1,0,7,11,0,0,0,1,0,3,1,0,3,3,1,1,6,0,1,0,4,2,4,0,2,3,2,3,6,8,5,1,2,4,0,1,0,1,0,6,19,0,12,7,5,2,0,1,0,1,1,19,30,0,1,0,0,0,0,1,0,0,3,7,0,3,0,3,4,0,2,1,0,2,0,1,3,0,3,1,0,0,1,2,2,1,0,0,0,0,0,1,1,1,1,1,0,3,0,0,0,4,1,1,0,0,1,1,0,10,0,1,9,2,6,2,2,1,2,1,0,5,0,1,3,0,15,8,21,0,1,2,13,0,1,5,2,3,1,8,3,6,0,0,3,3,0,0,0,0,1,11,2,3
2,0,0,1,2,0,1,3,0,0,2,16,0,3,2,4,3,0,1,0,1,0,2,1,1,1,2,0,0,0,3,3,0,2,1,0,1,0,0,3,0,0,1,6,1,3,1,2,3,7,2,1,0,4,0,0,1,0,25,1,4,1,1,4,1,2,2,8,1,4,6,0,9,1,1,6,0,4,1,2,1,0,0,0,0,2,1,3,0,2,0,4,5,8,0,2,3,1,0,0,0,0,0,4,5,3,3,5,0,0,0,0,0,0,1,1,0,2,5,1,2,0,11,0,0,1,0,3,3,3,3,4,3,1,0,2,3,1,7,0,1,1,3,2,4,3,10,1,1,0,1,0,1,4,13,0,3,0,2,21,25,4,0,0,5,5,0,1,6,11,5,2,0,1,0,1,1,0,2,0,0,0,0,0,0,5,3,0,3,0,0,1,0,4,1,0,3,0,0,6,2,1,3,23,0,1,0,6,3,5,5,1,10,1,2,3,0,0,4,0,1,1,2,10,2,2,0,0,2,1,9,0,0,2,2,0,1,9,1,0,3,1,1,0,1,3,2,3,0,0,0,0,1,1,3,6
0,1,1,0,0,6,1,8,3,0,1,0,0,2,1,1,5,0,1,0,0,8,0,0,0,7,2,0,3,3,4,0,0,3,0,0,5,3,0,2,0,0,0,6,0,1,0,1,3,2,2,3,0,2,0,0,2,14,4,0,3,0,0,3,7,0,25,4,1,2,1,1,31,0,0,9,0,5,0,2,0,0,0,0,0,0,0,3,0,6,7,3,19,4,17,0,0,2,1,4,0,0,0,0,4,6,0,0,1,1,0,0,0,0,1,0,1,1,5,1,0,0,3,1,0,0,0,2,0,5,4,1,1,2,0,15,0,2,0,2,4,2,14,0,4,3,1,1,1,0,0,0,0,9,2,0,0,0,2,3,0,4,0,0,1,12,0,1,1,3,4,0,1,0,0,2,0,0,1,0,0,3,0,0,0,0,2,0,1,0,1,7,2,1,0,0,0,0,1,4,0,0,5,5,2,5,0,1,5,2,11,0,0,1,6,5,1,0,7,0,1,0,4,3,0,4,0,11,1,0,15,2,0,0,1,1,6,6,1,0,0,0,1,13,0,0,5,1,4,0,2,0,0,5,1,4
0,0,0,1,5,1,1,6,0,1,0,0,0,5,6,1,2,0,0,0,0,0,0,0,0,2,4,0,2,2,1,0,0,1,1,7,1,0,1,0,2,2,1,3,3,19,2,4,3,3,1,1,0,0,1,1,0,0,29,2,2,3,4,2,2,0,0,3,0,3,5,1,4,0,0,6,0,1,2,3,1,4,1,1,1,1,0,1,0,0,0,0,16,4,0,0,0,3,1,3,0,2,2,3,8,6,0,0,0,1,0,0,0,2,4,0,1,5,5,0,3,1,3,5,0,1,0,2,2,3,6,1,9,2,0,32,1,5,1,4,44,2,7,1,7,4,4,3,0,0,7,1,0,18,10,0,0,1,1,11,1,0,1,0,3,1,2,1,0,5,5,0,3,1,0,0,0,0,1,0,0,1,0,0,0,0,2,0,2,2,0,1,0,1,1,1,0,3,0,2,0,0,0,1,1,2,0,0,0,3,6,6,8,1,1,2,3,0,2,0,1,0,0,5,0,0,2,2,0,0,29,49,1,0,3,0,2,11,1,1,4,1,1,6,0,1,1,2,5,0,3,0,1,1,2,6
2,2,0,2,1,0,2,1,1,1,1,2,0,5,3,0,4,0,4,8,15,2,0,0,0,4,1,0,2,0,1,0,1,2,0,0,4,1,0,0,0,0,2,6,0,10,1,3,6,4,0,0,0,1,0,0,0,1,8,0,1,0,0,3,8,3,0,5,0,4,3,3,21,0,0,4,0,1,7,0,2,1,3,0,1,2,3,1,0,2,17,4,12,4,8,1,0,0,1,0,0,2,1,0,10,1,0,0,0,1,0,1,0,0,1,0,0,3,9,1,1,0,4,1,0,0,0,4,6,5,7,0,3,1,3,1,0,2,5,0,0,1,14,1,2,3,1,6,1,2,1,0,0,5,1,0,0,0,0,2,8,2,0,1,3,9,0,1,1,7,5,1,6,0,2,1,0,0,1,0,0,2,0,0,0,3,3,0,0,0,0,8,2,9,2,0,19,5,0,7,0,7,1,4,1,5,0,0,1,3,3,0,0,0,5,7,4,0,4,0,0,1,1,2,0,0,1,0,0,6,15,8,0,10,3,0,0,9,2,1,0,0,4,5,0,1,1,1,2,0,0,1,0,1,1,3
0,0,0,0,0,0,1,4,0,3,0,2,3,4,5,1,7,0,0,9,0,0,0,0,0,8,1,0,3,0,3,0,0,7,0,1,4,0,1,4,0,0,1,3,3,0,3,2,0,5,0,3,0,1,1,0,0,1,27,0,5,3,11,4,2,5,5,4,0,1,6,5,27,0,0,2,0,4,6,0,0,5,2,0,0,0,1,5,0,11,11,1,5,4,2,0,0,0,0,0,0,3,0,0,2,6,0,5,0,2,0,0,0,0,1,0,0,0,4,1,3,0,11,1,0,1,0,1,7,4,1,0,6,0,1,53,0,0,0,1,1,3,2,0,3,3,8,2,1,2,0,1,0,10,38,0,2,0,1,7,0,2,1,1,1,8,0,1,1,2,1,0,0,0,2,0,0,2,1,0,1,4,0,1,0,1,2,1,3,0,0,1,2,0,1,0,1,0,1,6,0,0,4,4,0,5,0,0,5,4,4,1,5,0,2,1,0,0,3,0,1,0,2,2,0,0,3,0,1,0,5,3,0,5,3,0,0,5,1,1,0,0,1,0,0,1,2,2,2,1,1,1,0,2,3,2
0,1,1,1,8,1,19,1,0,0,14,3,3,1,4,0,0,0,0,2,0,0,1,0,0,0,1,0,2,2,5,1,0,3,0,1,3,1,1,3,5,0,0,4,17,4,3,1,1,3,8,1,5,15,0,6,3,3,6,1,4,0,0,5,5,2,3,0,3,1,2,0,5,0,3,4,0,6,2,8,0,1,0,0,2,1,0,3,0,0,0,0,0,3,1,1,0,0,0,3,0,0,1,1,1,1,0,1,0,0,2,0,1,1,2,0,1,1,0,3,2,1,2,0,1,0,1,2,1,1,6,2,1,1,1,2,0,0,0,1,9,2,3,0,12,3,4,1,1,0,0,0,0,4,0,0,2,1,1,2,4,0,2,0,1,3,0,0,1,0,3,0,2,2,0,1,1,1,1,0,36,4,2,0,0,11,6,0,1,0,0,3,1,1,1,4,9,0,0,4,0,0,22,46,0,0,0,0,0,0,0,3,18,0,2,1,0,3,4,0,0,0,9,18,0,0,1,8,0,0,9,5,0,0,2,2,6,4,1,0,2,0,0,0,1,0,0,0,0,0,0,0,1,1,1,2
0,0,0,2,3,0,1,4,3,0,3,0,1,2,0,0,1,0,1,0,0,0,0,0,0,0,2,0,5,0,2,1,0,11,0,2,11,0,1,3,0,0,0,4,18,6,0,4,1,0,0,0,1,1,0,0,0,0,39,44,3,1,2,3,0,1,0,6,0,2,1,0,15,0,0,2,0,2,2,1,0,0,1,0,0,0,0,2,0,0,0,0,17,4,0,0,1,1,0,1,0,0,0,1,3,3,0,0,3,1,1,2,3,0,2,2,1,2,3,0,1,0,6,3,1,0,0,2,1,2,4,6,2,0,7,3,0,3,0,2,1,1,10,1,0,2,6,1,0,1,1,4,0,20,29,0,4,0,1,0,0,1,0,0,2,4,1,4,0,2,4,0,2,0,1,0,0,0,3,0,2,2,0,0,0,2,3,0,0,0,0,1,33,0,0,0,0,3,4,2,0,1,2,1,0,0,0,3,1,1,0,6,0,2,5,2,3,2,2,0,3,1,1,1,0,1,1,0,4,5,8,1,0,0,6,0,0,4,0,1,0,1,10,5,0,0,2,1,2,0,1,0,0,1,2,2
1,2,2,2,0,0,0,2,0,1,3,0,0,7,1,0,2,0,1,0,0,1,0,0,0,0,4,0,2,0,2,0,0,5,2,9,3,1,0,0,0,4,3,6,3,18,0,10,2,1,0,1,1,1,4,1,0,0,51,0,3,0,53,2,0,2,0,4,0,1,4,0,3,1,0,3,0,2,1,1,1,2,2,1,1,13,1,4,0,0,0,1,4,2,1,2,0,2,0,1,3,0,1,1,10,2,0,13,0,1,1,1,0,0,3,15,1,3,3,1,0,1,3,3,0,0,0,1,0,6,8,2,2,4,1,9,0,10,0,0,2,0,0,3,1,1,1,0,1,0,0,0,0,10,15,0,2,0,0,20,0,1,0,0,1,8,1,6,0,3,3,0,1,0,2,2,0,1,2,3,1,3,1,0,0,1,5,0,0,1,0,0,0,5,0,0,0,4,0,2,0,0,1,5,0,2,3,0,0,3,1,1,0,0,4,1,7,0,3,1,0,0,2,1,0,1,2,0,7,1,8,23,0,0,1,0,0,3,0,0,0,7,4,4,0,1,0,1,1,0,0,0,0,3,2,5
0,0,0,1,1,0,3,4,3,1,1,0,0,3,1,3,1,0,1,0,0,0,0,0,0,1,6,0,1,0,1,0,0,1,0,2,0,2,0,1,0,0,1,5,1,1,4,3,5,1,2,0,0,2,0,0,2,1,21,2,2,2,0,1,1,0,0,4,0,2,3,2,3,7,0,3,0,1,3,8,2,3,2,3,1,1,2,2,0,0,0,5,5,8,0,0,0,0,0,1,1,12,2,2,12,6,0,2,0,1,0,0,2,0,4,0,0,4,3,1,0,0,13,0,1,1,0,2,1,2,4,0,2,0,0,2,0,0,3,0,0,2,0,0,6,3,1,3,1,3,0,0,2,6,15,0,0,0,0,13,0,0,0,2,2,5,0,2,0,7,2,0,2,1,1,1,0,1,3,1,2,1,1,0,0,2,2,0,0,0,0,1,2,4,0,0,1,1,0,2,0,1,0,1,1,0,4,0,0,0,1,22,2,0,12,0,8,0,2,0,1,0,12,6,0,0,2,0,1,3,13,44,0,5,2,1,1,8,1,0,1,1,5,5,3,2,1,3,4,0,1,0,1,6,2,10
1,5,2,0,1,0,0,3,0,1,10,16,1,4,0,26,1,0,0,0,0,0,2,3,0,1,2,0,1,2,2,3,2,1,7,0,3,5,0,4,8,0,0,1,2,2,4,0,0,1,14,2,1,0,0,0,1,1,0,0,2,0,0,1,0,1,0,3,3,4,4,0,1,0,2,3,0,1,0,9,2,1,3,0,1,1,0,2,2,2,0,1,0,5,1,2,11,2,0,1,0,1,0,1,0,3,7,1,0,1,0,0,0,4,2,0,0,1,0,1,2,0,3,9,4,3,0,3,0,3,8,0,2,1,0,2,0,0,0,1,2,1,0,0,0,4,2,0,0,0,0,0,0,1,0,2,12,0,0,0,0,1,2,0,3,1,0,0,2,0,8,1,2,1,0,3,0,0,0,0,0,1,0,1,0,13,9,4,0,0,1,0,1,2,4,0,21,4,0,12,0,1,44,44,0,0,0,0,0,0,0,0,14,1,0,3,0,0,2,0,0,1,1,0,10,2,1,0,0,3,3,9,1,0,14,0,5,8,6,0,0,0,0,0,1,2,1,0,1,1,0,0,0,2,0,2
3,13,0,4,0,1,0,0,0,5,3,0,3,1,7,2,5,2,1,0,1,0,4,0,0,1,4,0,3,0,3,0,6,8,2,0,6,1,0,11,0,0,2,5,3,15,1,7,2,8,0,5,0,2,1,0,1,0,19,7,5,1,1,3,1,1,5,5,0,1,4,0,15,0,2,2,0,4,2,4,0,2,3,0,0,12,0,3,0,0,0,0,14,2,0,0,0,1,0,0,4,0,1,0,3,3,1,0,3,0,9,0,0,1,4,0,0,3,3,1,3,4,10,12,0,0,0,2,1,1,3,0,1,0,0,13,1,1,0,1,7,3,11,1,5,11,5,0,0,1,0,1,1,8,9,1,3,0,1,2,0,2,0,1,1,10,0,3,2,3,1,0,1,0,0,0,0,1,2,0,2,3,0,0,0,0,3,2,0,0,0,3,0,3,0,0,0,1,1,7,0,1,2,3,1,0,0,0,3,4,9,0,1,0,1,3,1,2,4,0,3,0,2,0,0,0,1,0,2,3,14,8,0,0,2,2,0,4,0,6,1,0,1,5,2,2,1,1,0,0,0,0,0,1,4,2
3,1,2,7,2,0,1,0,0,1,0,0,0,4,8,0,8,0,3,1,0,0,1,0,0,3,1,0,3,0,5,2,0,8,2,2,0,0,3,0,1,0,0,3,2,5,0,3,0,2,2,1,1,2,0,0,2,2,6,2,5,0,0,5,2,6,0,0,2,1,1,0,25,1,0,1,0,4,2,1,1,0,0,0,2,5,0,4,0,1,0,11,7,8,0,1,3,0,1,1,0,2,2,2,4,0,1,0,3,2,1,1,1,1,2,1,0,1,2,2,2,0,9,2,0,0,0,1,0,1,10,3,1,3,0,6,2,1,0,2,1,3,13,1,4,1,1,2,0,1,0,2,1,12,2,2,9,0,2,10,0,2,1,0,1,3,1,3,2,3,0,0,0,0,0,0,2,0,1,0,1,3,0,4,0,4,2,0,0,0,1,1,3,4,0,1,4,1,1,11,0,6,9,14,0,9,1,0,3,6,5,10,13,3,11,6,0,0,3,1,5,0,14,2,0,0,3,0,2,0,16,0,0,0,4,0,1,7,1,1,1,4,3,3,1,1,6,1,4,0,1,1,0,1,4,1
0,6,2,0,1,2,0,1,0,1,5,3,1,2,0,2,4,0,0,0,1,1,0,0,3,1,3,1,4,0,7,1,0,6,1,0,1,2,0,3,0,0,1,6,5,23,0,3,4,1,2,1,0,3,0,2,0,0,35,10,5,2,19,7,3,3,0,6,1,1,1,0,3,1,1,1,0,3,0,0,1,1,0,0,0,1,0,4,0,1,0,0,10,3,0,1,2,2,0,2,0,1,1,0,7,6,3,1,1,2,0,2,0,0,2,8,0,4,3,3,1,0,7,1,1,1,0,0,0,2,10,3,2,3,0,10,1,0,8,3,1,3,13,1,0,7,4,2,1,0,0,1,0,10,4,2,1,0,0,4,0,0,0,0,1,5,0,1,1,5,2,1,6,0,2,1,1,1,5,2,4,3,0,1,0,1,7,0,0,2,0,1,0,4,0,0,2,3,0,12,0,2,2,7,0,0,0,0,1,6,0,0,2,0,0,5,2,2,7,0,0,0,1,1,1,3,3,0,3,1,10,10,0,3,5,5,4,3,3,2,3,2,8,9,1,2,0,3,3,1,1,0,2,5,1,2
1,3,0,0,1,0,0,0,1,3,2,0,0,3,1,1,2,1,0,0,2,0,1,0,2,1,2,0,1,0,3,1,1,2,0,7,8,0,0,0,0,0,0,5,0,5,2,10,3,14,0,1,0,5,0,0,0,1,15,1,1,1,0,3,3,1,0,1,0,3,4,2,15,1,0,4,0,4,0,0,2,7,0,0,0,0,1,2,0,4,11,0,7,11,3,1,0,0,0,0,0,0,0,1,5,6,0,3,0,0,0,3,1,0,3,1,0,3,3,0,4,0,9,4,0,0,0,2,4,2,4,2,3,5,1,9,1,3,1,1,1,1,4,0,4,4,1,0,0,0,0,0,4,13,10,1,11,0,6,12,0,2,1,1,3,6,0,1,5,2,2,0,6,0,1,1,1,1,1,1,0,1,0,0,0,3,4,1,0,3,0,0,4,1,0,0,1,2,0,6,0,0,0,3,1,0,0,1,5,0,0,0,3,0,4,5,5,0,2,0,2,3,0,9,0,1,2,0,3,5,16,9,0,0,4,1,4,9,0,0,2,0,6,0,5,1,0,2,1,0,0,1,0,2,1,5
1,0,1,5,0,0,0,1,1,0,0,0,0,4,5,2,6,0,2,0,12,0,0,0,0,0,7,0,2,0,2,1,0,2,0,0,0,0,0,4,0,0,2,7,0,12,1,3,7,0,2,0,0,3,1,0,3,2,9,3,3,3,1,2,1,3,0,4,0,3,3,0,2,0,1,2,0,2,0,1,0,9,0,1,0,1,1,4,0,6,0,4,19,3,6,1,0,4,3,3,0,2,1,0,12,10,2,0,1,1,0,3,1,0,2,2,7,2,9,3,2,0,4,6,0,0,0,2,2,5,6,2,2,10,2,3,0,0,0,3,33,0,8,1,4,4,1,4,0,1,0,0,0,21,10,4,5,2,1,23,2,1,1,0,4,5,0,4,0,6,2,2,4,1,0,3,2,0,2,0,0,2,0,0,0,0,2,0,0,4,0,0,0,1,2,1,0,2,0,3,0,0,5,7,1,1,0,0,1,0,4,3,1,0,2,1,10,0,4,2,1,0,5,1,0,2,4,0,0,1,19,11,0,0,7,0,3,9,0,2,6,0,2,5,1,1,2,2,5,3,0,0,2,4,2,4
1,4,0,15,1,1,9,0,0,0,13,19,0,3,1,15,0,0,0,0,1,0,1,3,0,0,1,0,3,2,4,1,1,2,4,0,2,1,0,2,0,1,0,2,10,9,3,1,0,1,8,0,2,0,0,1,1,1,0,3,8,1,1,5,0,3,1,1,1,2,7,1,2,0,1,3,12,2,1,9,2,1,1,0,6,1,0,3,0,0,1,1,0,5,0,1,2,0,0,0,0,0,1,0,1,1,0,2,0,0,1,0,0,1,0,0,0,0,1,2,2,0,2,2,6,0,0,1,0,2,2,0,2,1,0,4,2,1,0,3,2,1,0,0,0,3,5,2,0,2,1,2,2,5,0,0,7,0,2,0,1,0,0,0,2,2,2,0,11,0,2,1,0,0,0,3,1,0,0,0,0,2,1,0,0,7,9,1,0,0,5,1,0,0,2,0,16,0,4,16,0,4,47,42,0,1,0,0,1,2,2,0,11,0,1,6,3,1,5,0,2,1,11,5,0,13,0,0,0,1,0,1,0,0,4,2,11,8,0,0,0,0,0,0,3,3,1,1,1,0,0,0,0,2,0,3
0,0,2,2,3,0,1,3,0,1,0,0,0,5,10,0,13,0,1,6,0,0,0,0,0,3,4,0,0,0,2,0,0,1,0,22,4,3,2,5,0,0,0,3,1,7,4,1,4,4,1,1,0,1,1,0,0,0,21,0,0,0,2,2,5,0,0,3,0,4,7,6,5,2,0,5,0,2,1,1,2,5,2,0,5,0,1,5,0,0,0,1,10,4,0,0,0,4,0,1,0,0,1,1,7,9,0,4,0,3,0,0,0,0,6,0,2,1,6,0,2,0,6,3,3,0,0,4,1,4,8,1,5,3,1,8,0,1,2,5,0,0,9,0,4,4,1,5,0,0,0,0,1,3,5,0,2,0,0,1,0,2,0,0,4,7,3,2,1,3,7,3,2,1,0,0,0,1,2,2,2,0,0,0,0,2,4,0,0,4,0,2,0,10,1,0,0,2,0,1,0,0,0,1,0,0,0,1,1,0,1,1,0,0,1,0,9,0,2,1,1,1,2,6,0,5,6,0,3,2,8,1,0,13,4,1,1,17,4,6,0,7,4,1,0,2,1,3,4,0,1,0,2,3,2,4
5,1,0,0,1,3,0,2,0,2,2,0,0,2,10,4,3,17,0,0,0,2,0,0,0,3,2,2,2,0,3,0,0,7,0,1,6,0,0,7,0,0,0,6,0,2,4,5,2,1,2,2,0,5,0,0,3,1,32,0,12,1,0,2,0,0,0,0,0,2,3,1,7,0,1,2,1,2,10,0,0,3,0,0,1,1,1,3,1,2,1,1,2,6,1,2,0,1,1,2,0,0,0,2,4,7,1,7,0,1,0,2,1,43,3,0,1,2,8,0,5,0,5,11,0,0,5,2,2,4,2,2,5,0,2,2,12,2,2,2,11,4,4,0,4,2,1,2,1,0,3,0,2,5,9,1,6,1,0,13,0,1,0,1,2,5,4,5,0,5,1,0,0,1,3,1,1,0,4,2,1,3,0,0,0,3,3,0,0,0,10,1,1,2,0,0,1,0,4,3,0,0,0,4,2,2,0,0,1,5,3,2,7,0,2,1,5,0,3,0,3,0,4,4,0,1,5,2,5,10,10,0,0,0,1,0,3,10,0,1,0,1,6,0,2,6,0,4,2,0,1,0,0,0,2,3
2,2,4,1,0,1,0,3,0,4,0,0,0,2,7,4,7,0,2,0,5,0,0,0,0,3,3,0,6,0,2,0,3,2,0,27,2,1,0,1,0,0,0,4,0,15,0,4,1,4,0,2,0,2,1,0,1,0,34,2,2,0,8,2,7,6,0,1,0,2,4,1,12,3,1,2,0,2,5,1,0,3,1,0,0,3,1,2,0,2,2,2,1,3,0,0,0,0,1,4,0,0,0,2,5,5,0,21,6,0,1,0,0,0,1,14,0,5,7,3,0,0,2,5,0,1,0,4,0,2,5,0,2,0,2,3,0,8,1,1,3,0,8,1,4,4,10,3,2,1,0,1,0,8,2,0,5,4,0,1,0,3,0,0,2,10,0,1,0,1,3,0,3,0,2,1,0,0,1,0,1,4,0,0,0,2,2,2,0,5,0,2,0,1,0,2,0,0,1,3,0,0,5,5,0,4,1,2,1,4,1,0,5,0,2,4,3,0,5,1,0,0,0,3,1,0,5,0,1,6,20,4,0,0,1,2,4,7,0,1,6,0,3,13,0,3,2,2,2,2,4,2,0,2,2,4
0,8,0,5,1,0,0,3,0,1,1,0,0,4,1,1,5,0,0,3,0,0,0,0,0,0,3,0,1,0,2,0,0,1,1,0,1,0,0,1,0,0,1,5,2,7,1,7,5,9,3,0,0,1,0,0,0,0,4,5,2,0,0,2,2,1,0,3,1,3,6,7,2,0,1,3,1,2,2,0,2,2,0,0,0,0,0,1,1,0,0,1,19,4,0,4,0,1,0,1,0,0,2,1,11,8,0,0,0,1,0,2,4,5,6,0,0,4,7,0,1,0,23,5,0,1,0,7,0,4,3,2,3,2,2,2,0,5,1,2,4,0,0,0,4,4,6,2,0,1,0,1,3,9,3,0,2,0,1,4,0,0,0,1,4,6,0,10,0,6,5,3,2,2,0,2,0,0,4,0,3,3,0,0,0,1,4,0,0,0,0,2,0,5,2,0,7,3,2,3,0,0,1,4,1,0,0,0,2,0,0,1,1,0,1,1,5,0,1,1,2,0,0,2,0,1,3,0,3,0,25,40,0,0,2,1,3,11,0,6,2,0,1,4,0,2,2,3,1,1,2,1,0,2,3,5
1,0,1,0,2,0,0,0,5,2,2,0,0,2,4,1,5,0,0,0,1,0,0,0,2,0,5,0,1,1,2,0,1,3,0,0,0,0,0,1,0,1,0,3,0,12,0,5,2,4,1,0,0,6,0,1,0,0,33,20,1,0,7,4,2,1,0,2,0,2,4,1,1,5,0,2,0,2,4,1,0,0,1,0,10,8,1,3,1,1,1,6,1,9,2,0,4,5,0,3,0,0,0,0,5,4,0,0,1,1,10,1,0,0,1,7,1,1,6,0,0,0,5,4,0,1,0,2,1,3,2,1,2,8,1,10,3,0,1,2,22,0,9,0,0,2,2,1,0,0,1,0,0,5,2,0,0,0,0,7,2,0,0,2,2,1,0,1,0,3,1,0,0,0,1,0,1,0,1,0,0,2,0,0,0,0,1,1,0,0,3,0,0,5,0,0,2,0,0,4,0,0,1,1,0,0,0,0,0,1,7,0,0,11,5,1,1,0,4,0,1,0,2,8,6,2,1,0,14,0,14,7,4,0,1,1,1,9,0,0,8,0,2,13,0,1,2,3,0,0,3,0,0,1,4,3
1,1,1,0,4,2,1,1,0,1,1,0,0,4,4,1,3,0,2,0,1,0,0,0,0,0,3,0,3,2,2,0,0,3,0,0,0,0,0,0,0,1,1,4,11,5,1,8,2,1,1,0,0,1,0,1,1,0,9,5,4,1,1,3,4,2,0,4,0,1,0,0,4,0,0,1,2,3,0,18,0,1,0,0,3,0,0,3,0,0,0,1,13,2,0,2,0,0,0,5,1,1,2,0,6,3,0,0,1,0,0,0,1,0,4,1,5,3,4,0,1,0,12,4,1,2,3,1,0,1,5,0,3,1,1,3,0,2,1,6,6,3,0,1,3,6,12,3,1,2,0,0,1,5,22,0,1,0,2,11,0,1,0,0,1,6,0,2,1,3,5,1,1,0,0,2,0,2,2,1,1,4,1,0,0,0,2,0,2,2,0,0,20,12,1,0,3,0,4,6,0,0,5,8,1,2,3,1,0,4,1,15,0,0,10,13,5,0,3,0,1,0,3,3,0,1,2,0,1,0,12,47,0,0,1,1,3,4,2,2,2,2,3,4,1,0,5,7,2,0,0,4,0,3,3,3
1,0,2,2,1,1,0,2,0,0,7,3,1,1,0,0,1,1,0,0,2,0,0,2,9,0,5,5,2,0,5,1,0,4,0,0,2,0,0,11,1,0,0,12,3,2,0,2,3,7,1,1,3,0,0,5,2,0,0,2,4,0,0,6,1,2,0,0,0,6,2,0,1,1,1,2,1,4,0,1,1,0,2,0,2,0,3,8,4,1,0,1,1,8,26,2,7,1,0,1,0,2,2,3,1,1,0,1,5,1,0,0,0,0,0,2,1,4,5,0,2,3,4,0,2,0,2,2,0,2,1,1,2,4,0,4,1,0,0,2,1,2,1,2,0,4,3,0,1,0,0,1,0,6,3,18,7,0,1,2,0,1,0,2,2,1,1,1,2,0,3,0,0,1,0,1,1,0,0,0,0,4,0,0,0,3,9,0,1,0,1,0,0,6,2,0,1,1,13,6,0,0,27,25,0,1,0,4,0,18,0,0,18,0,0,19,0,2,3,1,0,0,7,7,0,0,2,2,0,0,0,5,0,0,0,0,1,5,0,0,0,2,0,0,1,1,4,0,2,3,0,0,0,0,1,1
0,0,0,0,2,0,1,3,0,0,1,0,0,3,1,0,1,0,0,0,0,0,0,0,0,0,2,0,2,1,2,0,0,2,0,1,8,0,0,2,0,1,0,3,0,15,1,10,1,1,0,2,1,4,0,1,1,1,48,2,3,2,31,4,1,2,0,2,0,2,1,2,8,0,1,2,0,2,1,0,2,5,0,0,0,0,2,2,0,1,1,1,11,4,1,0,0,0,0,0,0,0,1,0,1,4,0,2,1,0,0,1,0,0,1,0,0,1,2,0,0,0,4,3,0,0,1,2,0,2,4,7,4,0,0,30,0,1,0,1,23,1,7,1,7,3,2,1,0,0,1,0,0,22,8,0,5,2,9,13,2,0,0,0,2,6,0,2,1,0,4,0,0,0,0,0,0,0,4,0,1,3,0,0,0,0,1,0,0,1,1,2,1,6,0,0,0,0,0,3,0,0,3,4,0,0,0,1,2,1,14,0,0,0,6,0,1,0,2,0,0,0,0,4,0,1,1,0,10,0,17,4,0,0,3,0,1,5,0,0,0,9,2,6,0,0,1,2,1,0,0,3,0,0,2,2
4,2,0,1,1,1,1,0,0,1,1,2,0,3,7,1,4,0,0,10,2,0,0,0,0,0,5,0,2,2,2,0,3,3,0,2,0,3,0,8,0,1,2,4,1,10,2,1,3,0,0,2,0,1,0,0,1,0,5,0,2,1,0,2,0,0,0,3,2,2,4,1,8,0,0,4,2,5,3,0,2,1,0,0,0,0,3,5,0,1,4,1,6,4,13,3,0,0,0,4,1,1,2,2,4,3,0,2,0,0,0,3,3,0,2,0,2,2,5,0,1,9,7,3,1,1,0,6,1,3,7,0,3,0,2,56,0,4,0,2,2,4,9,0,10,7,2,4,1,1,1,2,2,15,9,0,1,0,0,6,1,2,0,0,2,5,0,1,0,4,2,0,1,0,1,1,0,0,1,0,1,2,0,0,0,3,3,4,0,1,0,6,0,12,1,0,0,0,1,6,0,1,2,2,0,5,0,0,2,4,6,0,2,1,0,5,1,0,2,1,2,1,2,0,0,0,7,0,4,0,15,29,1,4,0,1,2,6,2,2,0,0,3,10,1,1,2,1,2,0,1,1,1,4,2,2
2,0,0,9,7,0,2,0,0,1,19,6,0,3,2,0,0,0,0,0,0,0,0,0,0,0,2,0,2,6,3,1,0,1,0,3,2,0,0,3,2,0,1,2,3,3,4,2,0,2,12,0,2,11,0,5,1,0,0,2,8,0,0,7,0,1,1,2,1,3,3,3,2,0,2,4,0,3,0,1,0,0,0,0,4,0,0,2,1,0,1,0,0,5,0,0,1,0,2,1,0,1,2,0,1,4,0,1,0,0,0,0,0,5,0,1,0,4,1,2,3,0,2,0,1,0,2,2,0,3,4,0,2,0,0,2,0,0,1,0,3,0,1,3,2,3,2,1,0,0,0,0,1,0,0,0,8,0,0,0,0,1,2,0,3,1,2,0,7,0,5,0,0,1,1,11,0,0,0,0,0,2,0,0,0,8,3,0,1,0,0,1,3,0,0,3,24,0,0,2,0,3,53,53,0,0,0,9,1,1,0,0,7,0,1,1,0,3,2,2,1,0,7,30,6,1,0,0,1,2,1,0,2,0,10,0,11,5,2,0,0,0,0,0,1,0,0,0,1,0,0,0,1,0,0,1
0,1,2,0,2,0,0,1,2,4,1,0,2,4,2,0,10,0,0,0,1,1,0,0,0,2,9,0,2,0,2,0,0,3,0,1,16,1,0,3,1,5,0,2,13,11,2,6,2,2,2,0,0,3,1,0,1,1,34,20,3,0,3,2,1,3,8,2,0,2,1,2,3,0,0,3,0,2,0,4,0,4,3,3,0,0,1,3,0,1,0,0,3,4,0,2,0,3,0,0,0,1,0,0,2,8,0,0,0,0,1,0,0,0,2,1,0,2,2,2,0,0,2,2,0,0,0,2,0,2,4,4,2,0,4,19,0,4,4,1,5,4,13,0,4,4,4,0,0,0,0,4,0,6,28,0,6,0,0,6,1,1,0,0,2,6,0,2,0,1,3,0,1,0,2,0,0,0,2,0,2,2,0,0,0,1,3,1,5,0,1,1,0,1,0,0,0,0,1,2,0,1,3,5,0,8,0,0,1,0,0,0,0,0,13,0,2,0,4,0,2,0,3,8,2,0,0,0,1,0,17,10,1,4,4,1,0,5,1,0,5,2,1,3,0,0,1,2,2,0,1,0,0,7,3,5
0,0,0,0,0,0,1,1,0,3,0,0,0,4,0,1,3,0,0,2,0,0,0,1,0,0,2,0,2,0,3,0,0,4,1,3,3,0,0,3,0,0,0,5,1,29,0,8,4,0,0,0,0,4,2,2,1,0,30,5,2,1,1,2,4,3,0,5,0,2,4,0,2,1,0,2,0,2,4,1,2,3,0,0,1,2,0,6,0,2,0,0,10,3,0,0,0,0,0,3,0,1,1,0,8,4,0,0,1,0,0,0,1,0,2,1,0,0,6,0,1,0,2,4,1,0,0,1,1,2,12,0,2,5,3,2,1,2,2,1,22,0,12,1,2,1,3,3,0,0,0,1,0,13,4,0,0,6,0,16,2,4,0,0,2,5,1,4,1,6,2,3,4,0,1,5,0,1,1,0,0,2,0,0,0,0,2,0,0,2,0,2,0,0,0,1,0,0,0,3,0,0,2,7,1,0,0,0,0,2,1,1,0,1,2,0,3,0,3,1,1,2,2,1,3,0,1,0,12,8,15,35,1,0,4,0,4,11,8,1,2,0,5,12,2,1,1,4,1,0,0,1,2,6,3,2
1,1,0,4,3,0,1,0,1,0,6,0,0,5,2,0,4,0,0,2,0,0,0,1,0,0,6,0,2,3,7,0,0,4,0,2,4,2,1,6,0,0,2,4,2,0,4,10,2,6,0,4,0,0,3,1,1,0,4,7,5,0,0,8,1,2,5,10,0,2,2,1,2,0,0,3,0,7,1,3,1,2,1,0,1,0,0,3,0,0,0,0,14,5,2,0,4,1,0,1,1,1,2,0,4,7,0,0,0,7,0,0,0,4,3,0,0,2,3,0,6,1,23,2,1,0,1,1,0,2,1,6,3,0,2,3,0,1,2,1,8,0,0,0,3,8,3,0,0,1,3,2,1,4,24,17,7,0,1,9,3,0,0,0,2,7,0,2,3,2,2,5,0,3,0,4,1,0,2,0,1,2,0,0,0,0,4,0,1,0,0,0,0,3,0,1,9,1,0,4,1,4,2,11,1,0,0,0,0,3,0,3,9,0,13,0,1,0,4,0,1,1,2,1,1,0,0,0,0,2,5,18,0,0,3,0,0,6,1,2,1,10,0,1,1,1,0,2,0,0,0,0,0,3,3,3
2,2,1,2,4,1,0,3,1,1,7,5,2,2,2,1,3,0,2,0,0,1,1,1,0,0,1,2,1,0,4,3,0,1,4,0,10,2,0,0,0,0,2,3,4,13,3,2,5,6,4,3,1,2,1,1,3,0,31,4,3,0,2,2,1,2,0,2,0,2,6,0,1,0,1,3,0,4,6,2,0,3,1,0,4,0,0,4,0,5,1,0,7,4,2,2,2,0,1,1,0,0,1,2,11,4,5,1,0,0,3,2,1,1,4,0,0,3,5,1,2,1,3,5,0,0,0,0,1,2,3,1,7,7,1,4,1,1,1,3,5,2,2,3,3,5,4,1,0,0,0,2,2,7,1,2,2,0,2,6,9,5,0,3,2,6,1,1,7,2,2,0,0,2,0,2,2,1,2,0,1,2,1,0,0,1,1,0,0,0,2,0,2,5,5,0,3,1,3,4,0,1,3,3,0,0,0,3,0,6,0,2,4,1,7,1,0,2,3,0,1,0,0,2,5,8,0,0,1,2,19,16,1,0,3,2,8,4,5,7,1,0,3,3,2,1,4,4,2,1,0,1,2,1,2,5
2,9,1,1,1,1,0,1,1,0,1,1,2,2,1,2,4,0,0,0,0,0,0,0,0,4,1,0,2,0,3,0,1,3,0,0,2,0,0,2,0,0,1,5,0,7,0,9,0,3,5,1,0,3,0,0,1,0,14,0,3,0,5,4,6,1,22,2,0,1,1,0,15,0,0,6,2,3,6,0,0,0,0,0,2,0,2,6,0,8,14,4,5,3,26,0,0,1,1,4,1,0,0,0,3,5,0,1,0,1,0,1,2,0,2,0,0,3,3,0,0,0,5,0,1,0,0,7,2,4,2,1,1,2,0,17,0,3,0,1,2,5,9,6,2,2,4,0,0,0,0,0,0,21,15,0,9,0,0,0,6,3,0,0,1,4,0,2,0,7,4,0,0,0,0,3,0,0,2,0,1,3,0,0,0,2,1,0,3,0,0,0,0,5,0,0,0,0,3,3,0,0,1,2,1,0,0,0,4,1,6,0,0,0,6,0,1,0,4,2,1,0,3,4,4,0,3,0,0,3,12,3,2,0,2,0,2,8,2,4,0,0,5,5,0,1,1,3,1,0,2,1,0,1,4,1
0,1,1,0,1,0,1,1,0,2,2,0,2,6,0,1,11,0,5,1,1,2,0,0,0,0,2,1,2,2,3,4,1,7,1,0,4,1,0,0,0,0,0,3,4,3,3,2,2,0,1,0,0,0,0,0,2,0,3,0,5,2,0,4,5,0,0,0,1,3,8,1,15,0,3,2,0,6,2,1,4,1,1,0,0,0,2,2,0,0,6,1,7,4,0,0,0,1,0,0,1,1,2,0,10,1,0,1,2,1,3,3,1,1,2,7,1,4,8,0,2,0,8,2,0,2,1,2,0,2,6,7,2,0,3,3,0,1,2,2,0,4,14,2,4,3,7,3,0,0,0,1,1,4,3,0,3,0,0,2,0,2,0,1,2,6,0,5,2,5,2,4,1,4,0,1,0,0,4,0,2,4,0,0,0,3,3,0,0,2,0,1,3,3,1,4,3,0,0,3,0,2,1,4,1,0,0,1,4,2,1,12,11,2,13,4,5,1,3,2,1,0,0,3,0,0,2,1,8,2,19,4,2,1,6,2,1,12,2,4,5,4,3,9,2,1,4,2,2,0,0,3,0,1,3,6
1,4,0,2,5,2,1,0,0,2,0,2,10,6,2,0,10,2,0,0,0,1,0,0,0,3,2,0,2,0,0,3,2,1,1,0,9,0,0,1,0,1,3,3,3,5,1,8,4,10,0,1,0,2,1,0,0,0,3,0,2,1,2,0,1,1,0,3,1,3,5,2,8,0,3,3,0,2,1,0,3,5,1,0,0,3,1,2,1,10,9,0,14,3,1,1,0,0,0,1,1,3,6,3,6,4,0,0,9,0,1,1,2,0,6,3,4,5,5,0,2,0,3,2,0,0,0,6,0,5,11,0,8,1,2,36,0,14,1,1,6,1,5,0,9,6,1,1,1,1,1,2,1,9,10,0,3,2,0,0,0,1,0,1,3,7,0,9,0,6,3,0,1,0,0,0,0,0,4,0,4,0,0,0,0,0,3,0,0,1,0,1,0,0,0,1,1,1,1,1,0,0,0,2,1,0,0,0,1,0,2,0,1,0,11,1,4,0,1,1,1,4,0,8,0,0,3,1,3,5,20,1,1,0,4,2,1,11,2,2,4,0,1,8,0,0,0,3,6,2,2,0,0,1,3,5
1,1,0,1,2,0,1,1,1,0,0,3,0,4,7,0,3,1,0,0,0,3,1,0,1,3,5,0,0,1,0,1,0,0,0,0,8,2,0,0,0,0,0,3,5,22,0,4,5,1,1,3,0,0,0,0,0,0,9,0,0,0,0,0,6,1,4,2,1,4,5,4,17,0,1,7,2,2,0,0,1,8,0,0,0,0,4,0,0,0,0,1,18,5,0,2,0,5,0,3,0,2,8,0,11,8,0,7,2,1,0,3,3,0,3,1,1,3,5,0,1,1,6,2,0,0,0,14,1,4,14,4,4,1,3,12,1,2,2,0,1,1,24,0,6,5,7,3,1,1,0,0,0,9,6,0,0,0,0,5,0,2,1,0,4,4,0,3,2,5,4,0,1,0,0,1,0,1,3,0,1,3,0,0,0,0,4,0,0,0,0,2,1,0,0,0,0,0,1,2,0,0,0,1,0,0,1,0,0,0,2,0,2,0,2,0,2,0,3,0,0,0,1,1,0,1,2,0,0,0,19,10,0,2,1,2,1,15,3,0,9,0,2,0,0,2,0,2,4,2,0,1,0,0,3,5
2,0,0,0,1,6,0,2,0,1,5,0,0,6,3,2,8,1,1,12,0,0,0,1,7,7,4,8,0,0,4,4,0,4,12,1,1,0,1,1,0,0,0,4,4,8,2,2,2,4,9,0,0,2,0,1,1,0,0,0,5,1,1,3,3,1,0,0,2,5,2,0,11,2,1,4,0,7,0,0,0,0,0,0,1,5,0,2,0,3,0,1,2,5,1,1,1,1,1,0,0,3,1,0,6,1,5,0,0,0,0,0,0,2,3,12,3,1,3,0,3,0,4,0,0,1,0,5,0,7,3,0,3,0,2,3,1,5,1,2,0,1,9,0,0,3,5,2,0,1,0,0,1,3,1,1,0,0,0,3,0,2,0,0,4,4,1,1,2,17,2,0,0,0,0,1,2,0,3,0,0,1,0,0,0,3,4,0,0,0,0,2,0,1,1,0,7,0,0,2,0,1,5,22,0,0,0,0,0,2,0,0,2,1,9,7,1,0,2,0,0,1,8,1,1,4,2,0,3,0,9,0,0,2,1,1,0,7,0,0,1,1,1,8,1,4,2,8,0,3,0,0,2,1,0,2
0,1,2,1,3,1,0,2,0,0,0,0,0,3,16,0,20,1,1,5,1,0,0,1,0,2,4,1,3,1,3,1,1,4,0,3,7,0,1,0,2,0,0,6,0,1,4,7,0,11,0,1,0,4,0,1,5,1,27,1,2,0,9,3,1,1,11,1,1,4,1,4,15,0,1,2,0,2,0,1,1,3,0,1,0,0,0,4,0,6,3,2,9,4,6,1,0,2,0,0,1,1,1,1,5,3,0,8,1,0,1,0,0,2,1,0,0,1,5,0,1,0,1,5,0,2,0,4,0,2,4,1,1,2,2,21,1,1,0,1,3,3,3,1,4,3,2,2,0,0,0,0,0,12,24,0,3,1,0,3,1,2,1,1,2,10,0,1,0,4,4,0,1,1,3,1,1,1,1,0,0,2,0,0,3,0,2,2,3,3,0,0,0,0,0,0,0,0,0,3,0,1,1,0,0,0,0,0,3,3,4,1,0,0,5,3,0,0,4,0,1,0,1,1,0,0,0,0,0,0,9,0,0,0,3,2,4,6,0,0,1,4,3,3,2,2,0,6,5,0,0,1,0,3,2,2
2,1,0,1,3,0,1,0,1,0,2,0,1,3,0,1,1,0,0,0,4,0,0,1,1,2,2,1,2,0,2,0,3,1,0,4,2,3,0,8,0,0,0,3,3,0,7,0,1,0,12,2,5,2,0,1,2,1,0,14,13,0,1,6,1,2,0,0,1,1,2,3,5,0,1,9,0,7,1,8,0,0,1,0,5,3,0,11,9,0,0,0,2,4,16,0,2,3,0,0,0,2,0,1,3,2,4,1,1,0,0,1,0,5,0,13,0,3,3,2,0,0,1,0,1,0,0,1,1,2,4,1,1,3,1,4,3,0,1,0,1,1,0,5,0,4,4,2,1,0,0,1,0,2,0,4,2,0,0,1,0,4,3,2,1,2,0,0,0,0,5,0,0,3,1,0,1,1,3,0,1,2,1,1,1,3,11,0,0,0,1,1,0,1,1,0,3,0,0,5,1,2,32,30,2,0,0,1,3,6,1,0,10,0,0,1,0,2,3,2,2,1,7,17,2,5,1,3,1,2,0,6,0,0,2,0,7,4,0,1,1,2,2,0,0,0,0,0,1,7,0,0,4,0,0,4
0,15,2,23,0,0,2,11,0,2,1,0,1,6,4,2,5,1,1,0,18,3,0,0,0,1,4,0,2,0,2,0,0,7,0,0,0,0,0,2,0,0,0,4,2,0,0,1,1,8,0,0,1,0,3,0,3,1,28,1,5,0,0,2,1,2,0,2,0,3,3,1,26,2,2,3,1,6,2,1,1,2,0,0,0,0,2,2,0,0,0,13,7,11,1,1,0,9,2,3,1,0,1,0,6,0,0,0,1,1,0,2,0,1,2,13,0,2,2,1,0,0,6,0,1,1,0,8,0,3,6,0,2,1,3,13,3,3,0,6,1,0,24,0,9,2,5,2,0,1,0,0,0,1,0,0,3,2,0,10,0,0,1,1,3,3,0,5,2,2,3,0,2,0,2,0,1,0,4,0,5,2,0,0,0,4,7,0,1,1,0,2,0,0,0,0,1,1,0,4,0,0,2,2,0,0,1,0,3,4,5,1,0,0,1,2,1,1,2,0,4,0,2,3,0,2,0,0,0,0,12,1,0,0,2,1,2,5,0,0,5,0,10,5,0,1,3,3,1,0,1,0,0,0,3,3
2,7,0,0,4,0,6,2,0,0,11,2,0,2,4,1,1,1,0,0,0,0,4,0,1,0,3,0,3,4,6,1,0,3,1,0,2,3,0,2,0,0,1,2,1,5,2,3,0,1,22,0,3,0,0,0,1,5,1,0,9,0,0,2,0,1,1,3,2,2,4,0,3,3,3,3,0,6,0,1,0,0,2,0,1,0,0,5,1,1,0,1,0,4,0,0,7,0,0,0,0,1,0,0,12,0,0,0,0,18,1,0,0,9,0,0,0,3,0,0,12,0,2,3,1,2,2,3,0,2,4,0,3,3,0,5,0,0,0,3,1,2,0,3,1,3,2,1,0,0,1,0,3,0,0,22,6,0,1,0,1,0,0,4,2,2,0,0,7,3,2,0,0,1,0,0,1,0,0,0,0,2,0,2,0,12,5,0,0,0,0,0,0,1,0,0,33,0,1,3,0,2,42,23,0,0,1,0,0,0,2,0,2,0,0,1,0,0,2,1,0,0,10,3,2,0,0,0,0,0,5,5,3,0,6,1,4,9,0,0,1,1,1,0,1,4,0,0,1,3,0,0,0,0,3,0
1,0,1,0,4,12,3,0,0,0,6,0,0,0,2,1,0,1,0,13,2,1,0,0,0,1,1,9,5,4,5,5,0,5,2,0,1,0,1,3,0,0,0,6,4,5,1,2,2,1,3,0,0,1,0,1,2,1,0,2,17,0,2,5,0,6,0,2,0,0,0,0,4,0,3,1,0,6,0,2,0,0,1,0,7,4,0,4,1,1,0,0,0,4,1,0,3,1,0,5,0,1,4,0,0,1,0,0,0,0,1,0,0,5,0,0,0,0,0,7,0,0,1,0,2,2,1,0,0,0,4,0,1,0,1,5,3,0,0,2,0,2,0,1,12,6,3,0,0,1,0,0,0,5,1,6,2,1,0,0,0,0,1,1,0,4,1,1,2,0,0,1,3,2,0,0,0,1,0,0,0,5,0,0,0,9,6,0,1,0,0,0,1,0,0,0,7,0,0,5,0,2,56,30,0,0,0,4,0,4,0,0,4,0,0,2,0,4,4,1,1,0,16,43,5,2,0,0,0,3,2,25,1,0,3,0,12,0,2,1,1,1,0,1,0,8,2,0,0,0,1,0,0,2,1,0
2,0,0,1,3,0,2,0,0,0,2,8,13,3,0,23,0,0,0,0,1,0,1,0,0,0,2,0,3,2,4,2,0,6,1,0,2,1,0,5,14,1,0,2,1,3,6,0,0,0,4,0,0,2,0,2,1,0,3,1,2,0,0,5,0,1,0,2,0,2,3,0,3,0,0,2,0,2,1,0,1,0,0,1,2,0,0,2,0,0,0,1,0,4,1,0,3,0,1,0,0,2,1,0,0,0,0,0,0,0,0,0,0,5,3,1,0,4,0,3,1,0,3,0,1,1,0,4,0,2,6,2,2,0,4,2,8,0,1,0,11,2,2,0,0,5,3,0,0,0,2,1,1,0,3,1,6,0,0,0,0,2,1,0,2,2,0,1,14,0,2,3,3,1,0,16,0,0,2,1,0,2,3,0,0,2,5,1,1,0,0,0,0,6,2,0,10,0,0,6,0,3,54,52,0,0,0,16,0,0,0,0,7,3,1,2,1,0,3,0,1,0,3,0,0,0,0,0,0,1,1,3,2,0,8,0,16,4,7,0,1,1,0,7,0,4,3,2,1,0,0,1,0,2,1,2
14,0,0,15,0,1,0,1,0,2,3,0,2,2,9,1,6,0,1,6,4,3,0,0,0,7,1,0,3,0,3,3,0,4,0,0,1,0,0,2,0,1,0,5,3,7,0,6,2,0,2,2,0,7,0,0,2,1,11,0,3,0,1,4,5,0,8,0,0,2,2,2,27,3,0,9,0,3,0,2,0,2,6,0,0,0,0,3,0,3,0,9,1,4,2,2,0,5,0,5,0,0,0,0,4,0,0,0,0,0,2,0,1,0,2,4,0,3,3,1,4,0,3,7,0,0,0,9,0,5,3,2,10,1,0,24,13,3,4,1,2,0,12,0,8,2,9,1,1,1,0,0,1,12,1,0,3,0,0,5,0,1,0,0,1,8,0,1,4,2,1,1,0,0,0,0,0,0,2,1,0,3,0,0,0,2,3,0,0,0,0,1,0,0,1,0,0,0,0,7,0,0,8,9,0,4,0,0,1,3,4,1,4,0,1,2,1,5,4,0,0,0,4,3,0,0,0,0,1,2,11,1,0,0,0,0,4,6,1,0,1,0,1,4,0,1,1,1,2,0,2,0,0,0,1,4
1,1,1,0,6,16,4,2,1,0,12,0,0,2,5,1,1,0,0,2,1,0,0,0,1,1,3,2,3,3,3,2,0,3,0,0,4,0,0,0,0,0,1,3,6,6,4,1,0,0,8,1,4,0,0,0,1,5,0,1,4,0,0,10,0,1,0,0,4,4,2,1,5,0,7,3,0,4,0,7,1,0,2,0,1,2,0,3,0,1,0,2,0,4,0,0,5,1,2,1,0,1,3,0,0,4,1,0,0,2,0,2,0,6,0,0,0,2,1,0,3,0,1,3,2,0,3,5,0,1,2,0,1,1,1,5,0,1,0,0,0,0,0,0,1,1,3,0,0,0,1,0,1,2,2,3,1,0,0,0,0,0,0,2,1,3,0,0,1,1,2,0,0,3,0,0,4,0,2,1,0,3,1,0,0,14,7,0,1,0,0,0,1,3,0,0,8,4,1,4,0,3,35,36,1,10,0,9,2,0,0,0,0,0,0,0,0,1,3,1,4,1,11,5,2,9,0,0,2,21,0,1,0,0,5,1,8,3,0,1,0,0,0,4,2,0,2,0,2,4,0,0,2,5,0,0
1,0,3,11,2,0,4,2,0,2,0,5,0,4,4,4,3,0,2,1,0,3,0,0,0,0,3,0,4,0,4,0,1,7,1,0,23,1,0,4,0,0,1,5,8,10,0,3,7,4,0,0,0,1,0,1,3,1,49,1,6,1,5,2,1,0,1,1,0,2,8,0,8,1,2,3,1,2,0,0,1,0,0,0,0,0,2,3,0,0,0,0,5,4,0,0,0,3,0,2,0,0,0,0,6,5,0,2,5,0,0,1,2,0,6,15,0,2,2,1,1,1,6,6,2,0,1,11,0,6,7,0,4,0,4,7,1,0,1,22,0,2,5,0,6,3,8,1,1,0,0,0,0,9,4,2,2,1,1,6,0,0,0,0,2,7,0,2,0,4,2,1,2,0,2,0,0,0,1,1,0,3,0,0,0,1,3,0,1,0,0,0,1,4,1,0,1,2,0,3,0,1,1,1,1,0,1,0,0,2,8,0,3,1,4,1,1,1,3,0,0,0,3,5,0,0,2,1,1,1,7,0,0,0,1,0,0,6,3,1,2,1,3,2,0,0,1,3,2,0,0,0,0,5,1,1
2,2,1,6,4,19,2,0,0,0,13,7,1,6,0,1,2,0,0,0,0,1,2,2,1,1,0,0,5,3,5,0,0,4,1,0,2,2,1,0,12,0,0,5,4,3,0,3,0,0,4,1,0,0,2,1,6,2,0,1,6,0,0,8,0,3,1,0,0,0,0,2,6,0,1,0,2,4,0,3,0,0,0,0,0,0,0,4,0,0,1,1,0,2,0,0,7,0,0,2,0,1,1,4,0,0,1,0,0,4,0,0,0,6,0,0,0,3,0,1,8,0,0,0,3,3,2,0,1,0,1,2,0,1,0,4,0,0,0,1,11,0,1,3,0,1,3,0,4,0,0,0,0,1,1,15,7,0,0,0,0,0,1,0,0,4,0,1,9,1,2,4,0,1,0,7,2,0,2,1,0,5,1,5,0,6,8,0,1,0,1,0,0,2,0,1,12,2,0,5,1,1,61,49,0,0,0,1,0,5,0,0,8,0,3,2,1,1,5,2,0,0,15,4,0,0,1,0,1,5,1,2,0,0,5,0,8,0,1,1,3,0,0,2,1,3,2,0,0,2,0,1,1,0,4,2
0,12,2,1,9,1,3,0,0,0,0,1,0,5,0,1,7,0,0,0,0,0,0,0,3,1,1,0,1,1,2,0,0,4,0,0,8,2,1,1,0,0,0,4,4,2,10,2,2,4,2,0,0,2,2,1,4,0,3,9,1,0,1,2,1,1,1,11,1,2,8,4,4,0,0,4,1,2,1,0,1,9,1,4,2,2,2,2,0,4,4,1,15,3,1,0,0,1,0,0,3,1,1,0,5,11,0,4,2,0,0,1,0,0,3,3,1,1,5,3,0,0,6,0,2,0,2,2,2,2,7,3,4,0,2,7,4,1,2,5,0,2,11,0,1,2,1,1,0,0,1,0,0,15,27,0,2,1,0,0,0,2,0,0,2,7,1,1,0,4,2,0,1,1,3,1,1,0,1,0,0,2,0,0,0,0,4,0,1,0,0,2,0,1,0,0,0,1,1,3,0,0,3,3,0,0,0,0,0,2,1,6,4,0,5,3,2,1,3,0,2,1,3,5,0,0,1,1,15,5,17,0,0,0,4,0,0,8,0,2,5,10,0,5,2,1,0,3,3,1,0,0,0,3,2,4
3,0,0,0,2,2,3,0,0,0,12,0,0,1,2,0,0,0,0,6,0,0,0,0,0,0,0,2,4,2,6,3,0,6,0,0,0,2,0,1,1,0,0,4,9,5,2,3,0,0,6,0,0,0,0,2,1,0,0,0,16,0,0,5,0,3,0,0,2,0,1,0,5,0,9,5,0,8,0,4,0,0,0,1,2,0,0,4,0,0,0,0,0,5,0,0,7,1,0,0,0,0,2,2,0,0,1,1,0,6,0,0,1,10,0,0,0,1,0,3,6,0,0,3,3,2,0,1,1,0,4,0,0,0,2,4,0,0,2,1,0,0,0,0,1,3,3,0,0,0,0,0,3,2,1,3,9,0,2,0,2,0,0,0,0,4,0,1,7,0,1,0,2,1,0,0,1,0,0,0,2,4,0,0,0,7,5,0,2,0,0,0,0,2,2,0,34,0,0,4,0,1,46,40,0,1,0,5,0,2,0,0,0,0,0,0,0,0,7,1,1,0,9,27,4,0,0,0,0,0,0,45,1,2,7,1,8,1,0,1,0,1,0,1,2,1,0,1,0,0,1,0,2,1,0,0
0,5,0,2,1,1,0,4,0,0,1,0,2,3,0,2,7,0,0,0,1,0,0,0,0,2,3,0,2,1,3,0,5,5,0,3,3,1,1,5,0,2,1,4,2,5,3,5,2,2,1,1,0,0,1,2,0,0,33,14,2,3,23,2,0,2,0,6,0,2,4,0,12,1,2,2,0,2,1,0,3,4,3,0,0,8,0,2,0,0,0,0,23,4,1,0,1,1,0,3,0,3,3,2,4,5,0,15,1,0,1,2,2,0,2,2,0,7,8,0,0,0,7,10,0,0,7,4,1,2,7,2,5,0,0,17,0,0,0,2,8,1,14,0,2,2,3,0,0,0,0,0,0,12,8,1,2,0,0,0,0,1,1,1,2,8,1,2,1,3,2,1,1,2,1,1,0,1,2,0,1,4,0,0,0,0,6,0,1,0,0,1,0,1,0,0,0,1,0,2,0,0,0,3,1,1,0,0,0,0,5,0,1,1,9,0,2,0,2,1,1,0,4,2,0,0,1,2,5,0,21,1,0,0,2,0,4,10,3,0,0,2,1,1,1,4,3,2,1,1,0,0,0,5,5,4
2,0,0,0,0,2,0,3,0,0,1,2,1,2,10,2,0,0,0,0,0,0,0,0,0,8,2,0,2,0,6,2,0,3,0,9,0,0,0,2,0,0,0,3,0,3,0,3,1,2,1,1,0,5,0,0,3,1,19,1,3,0,5,3,2,5,1,3,0,2,4,0,12,0,1,3,0,2,1,0,1,3,0,0,0,0,1,4,0,0,0,1,8,5,2,0,0,0,0,1,6,0,6,0,6,3,0,24,1,1,0,1,1,0,4,3,0,3,5,0,2,2,3,2,1,0,0,4,8,4,4,2,5,0,4,4,0,6,1,0,2,1,0,0,4,7,3,2,0,0,0,0,0,7,18,0,0,2,0,15,1,2,2,0,2,3,1,2,0,3,2,0,1,0,1,1,0,1,2,2,1,2,0,0,0,2,3,0,0,0,0,4,1,0,0,1,4,0,0,2,0,0,7,4,0,1,0,0,4,4,1,2,3,0,6,1,5,0,3,0,2,1,0,2,0,4,8,0,2,0,7,1,0,1,1,0,1,6,1,0,3,1,1,6,0,1,2,2,1,1,0,0,0,2,5,3
0,0,1,0,4,0,0,0,0,0,2,1,0,3,6,1,5,0,0,0,2,0,0,0,0,5,3,1,4,0,3,0,2,5,0,0,1,0,0,3,0,0,0,5,7,3,3,3,2,3,2,0,0,1,0,0,1,0,9,18,4,0,14,3,0,9,1,5,5,1,6,6,5,0,1,1,0,3,2,0,2,3,0,12,0,0,0,3,0,0,1,0,14,2,1,0,0,0,0,0,0,0,0,0,2,1,0,2,3,0,0,2,0,0,3,0,0,1,4,0,0,1,7,2,3,1,0,1,0,3,3,7,1,0,2,1,0,0,0,8,3,2,3,7,3,4,4,1,0,0,1,1,1,6,36,0,11,1,0,0,0,0,0,2,1,11,2,2,5,3,1,0,1,1,3,1,0,0,2,0,1,10,0,0,0,0,1,0,4,0,1,2,1,1,1,0,2,1,0,4,0,1,4,4,0,2,0,1,0,2,0,0,0,0,13,5,3,0,3,1,0,0,1,6,0,1,0,0,12,0,11,4,0,0,1,0,2,5,1,0,4,17,0,8,0,1,1,2,4,0,0,0,0,1,2,2
0,0,1,2,1,1,0,0,1,0,2,2,1,3,3,3,6,0,1,0,4,0,0,1,0,0,2,0,2,1,2,1,0,10,1,8,4,1,0,0,0,1,0,5,0,13,0,7,3,0,0,1,2,4,1,1,0,1,28,0,2,6,1,2,2,4,0,0,0,2,5,2,6,15,0,2,0,2,2,4,4,2,0,0,0,1,0,2,0,0,0,0,8,6,0,0,1,0,0,0,0,0,4,0,10,4,0,1,2,1,1,0,1,0,6,10,0,3,8,0,2,0,5,1,3,1,0,6,1,2,4,1,2,9,2,15,1,0,0,0,16,2,18,1,2,9,5,3,0,0,0,0,0,12,8,0,2,0,1,1,4,2,0,0,2,3,1,2,1,4,2,0,3,1,1,2,0,1,3,2,3,3,0,0,0,2,3,0,0,1,0,1,0,1,0,0,0,0,0,4,0,0,3,1,2,1,0,0,0,0,1,0,3,0,0,0,4,1,3,0,0,0,1,1,0,0,2,0,9,1,9,1,2,0,3,1,2,9,3,1,2,0,3,2,0,1,1,4,2,1,3,0,1,4,8,6
1,0,0,4,3,2,0,2,0,0,1,1,0,4,6,0,6,0,2,0,1,0,0,0,0,0,1,2,2,1,3,0,1,6,0,1,16,2,2,5,0,2,0,6,1,28,6,5,3,1,1,0,0,0,0,2,0,0,2,1,2,1,15,6,8,2,3,4,1,2,2,4,22,0,0,2,0,2,0,0,2,1,1,0,0,0,2,2,2,0,0,1,6,3,0,0,0,4,0,4,2,0,3,0,6,2,0,0,1,1,0,1,0,4,4,0,4,2,7,0,0,0,3,4,0,1,0,6,1,2,3,0,2,2,1,3,1,1,0,2,0,2,15,0,2,2,14,3,1,1,0,2,1,2,1,0,5,0,2,0,0,1,0,0,2,12,1,3,2,6,3,3,1,2,2,1,0,0,1,0,0,3,0,0,3,2,3,0,1,0,0,1,0,4,1,1,0,1,0,2,0,1,0,2,1,0,0,0,0,1,0,0,0,1,2,1,5,0,2,1,2,0,2,0,0,2,3,0,0,1,23,1,0,0,4,0,5,11,1,8,6,0,0,2,0,2,2,3,0,1,1,1,2,3,2,2
2,0,0,3,1,0,1,11,1,1,0,2,0,2,11,1,2,0,0,11,1,0,0,0,0,1,4,0,2,1,2,2,0,2,0,32,10,1,0,0,0,0,0,4,0,10,1,0,1,6,0,3,0,2,1,0,2,0,45,2,2,0,1,2,1,2,0,0,0,2,1,1,11,1,0,6,0,3,1,2,1,0,0,0,1,0,0,2,0,4,0,0,11,4,0,0,0,1,0,1,0,0,1,0,3,4,0,3,0,0,0,0,0,0,2,0,0,2,4,0,1,1,4,2,0,0,0,5,1,5,2,2,2,1,4,29,0,0,4,1,6,2,1,1,1,3,4,0,0,1,0,1,0,13,11,0,2,0,1,19,2,3,0,0,2,3,0,3,10,2,6,0,0,0,0,1,0,0,2,0,0,2,0,0,0,1,6,0,0,0,0,1,0,4,0,0,8,0,0,2,0,0,4,4,1,2,0,0,2,3,0,2,2,5,2,1,1,0,3,1,1,0,1,3,0,0,2,0,0,0,6,4,0,1,3,1,0,4,0,0,3,0,2,1,2,0,1,1,1,0,0,0,1,1,2,2
0,0,1,1,3,1,2,0,1,0,1,6,0,2,1,0,1,0,0,0,0,0,0,0,0,0,1,0,3,2,2,0,0,4,7,0,1,5,0,0,0,0,0,2,0,1,0,1,0,0,2,0,0,1,0,4,1,3,0,2,2,1,0,42,0,1,0,1,1,2,3,0,4,0,3,2,0,2,0,13,0,0,1,0,4,1,5,2,1,0,0,0,0,3,0,0,6,0,0,2,0,5,1,1,0,0,1,0,0,1,10,0,0,8,0,2,0,3,0,0,2,0,2,0,2,4,0,3,0,2,6,2,2,0,0,4,0,0,0,0,12,1,0,0,6,6,1,2,1,0,0,0,0,2,0,1,5,0,0,0,0,2,0,0,2,3,1,0,0,0,2,1,0,0,0,8,0,1,0,0,1,2,0,1,0,0,2,0,0,0,0,1,0,3,0,1,9,0,0,3,1,0,48,39,0,0,0,0,0,4,0,0,21,2,0,2,1,0,2,0,0,0,6,28,0,0,1,0,0,3,2,0,1,0,0,0,3,5,0,1,0,0,0,2,2,3,1,0,0,0,0,0,0,2,0,3
3,1,2,6,6,0,3,0,0,1,9,0,1,2,0,0,0,0,0,0,0,0,1,2,0,0,1,9,4,1,4,2,0,3,0,1,1,0,0,2,0,0,0,3,4,1,11,3,0,0,3,1,4,1,0,0,1,0,0,0,4,1,0,4,0,3,0,1,4,1,0,1,3,0,0,2,1,3,0,5,2,0,0,0,9,2,0,3,0,0,0,0,1,2,0,0,2,0,0,1,0,1,1,0,1,1,0,1,0,1,0,0,0,0,0,0,0,0,0,2,6,0,2,4,4,1,0,1,0,1,1,0,1,0,1,2,1,2,0,0,0,0,0,0,0,2,2,0,0,0,2,0,0,0,0,0,2,2,0,0,0,1,0,0,1,3,1,0,6,0,3,0,2,0,0,0,1,1,1,0,0,4,0,0,0,7,8,0,0,0,1,1,0,1,0,0,13,0,0,4,0,2,47,41,0,1,0,12,0,3,0,1,2,0,0,3,0,4,3,0,0,0,12,38,7,0,0,0,0,0,0,24,1,0,23,0,6,2,0,1,0,0,0,0,1,0,0,0,3,1,0,0,0,0,0,2
0,1,0,0,1,6,1,2,0,0,0,0,0,4,0,0,2,0,0,0,0,0,0,0,0,0,3,0,1,0,1,0,2,1,0,1,4,3,0,0,0,0,0,5,0,2,2,5,3,10,0,2,0,2,3,1,0,0,41,3,1,0,16,1,1,0,0,5,1,3,7,1,2,0,0,3,0,2,0,2,0,3,0,0,0,0,0,1,0,1,0,1,10,4,0,0,0,5,1,0,0,4,1,0,6,8,0,30,0,3,0,2,1,0,3,1,7,0,4,0,0,0,5,14,0,0,1,4,0,4,7,1,3,5,0,3,1,3,2,1,4,0,1,0,7,3,1,2,0,2,1,1,4,3,20,3,3,0,0,7,0,1,11,0,3,2,1,1,1,6,3,0,3,0,0,1,0,0,1,2,0,3,0,0,0,0,3,1,0,0,2,2,0,7,0,1,0,3,0,2,0,0,1,5,1,0,0,0,1,1,0,0,0,1,3,8,4,0,1,2,0,1,0,1,0,0,3,1,0,0,12,3,0,0,1,0,0,10,0,0,3,0,1,1,0,2,1,1,2,1,0,0,1,2,2,6
1,2,1,0,2,0,1,0,0,0,5,0,0,3,0,1,0,0,0,1,1,0,0,1,0,0,0,0,2,3,5,3,0,2,0,0,1,10,0,0,0,0,0,3,0,1,1,0,0,0,3,0,2,0,2,0,0,0,0,1,10,0,0,2,0,3,3,1,0,2,6,0,2,0,2,2,0,3,0,0,2,1,1,1,1,0,0,3,1,1,0,0,0,5,1,0,4,0,0,4,0,1,3,1,0,2,2,0,0,0,1,1,0,0,0,0,0,0,0,0,4,9,2,0,3,2,0,3,0,2,2,2,2,0,0,6,0,2,1,1,1,1,1,0,0,2,2,3,0,0,0,0,0,2,3,19,6,0,2,0,0,2,1,1,2,2,0,0,35,2,5,1,2,4,1,7,1,1,1,0,0,4,9,0,1,5,5,0,2,0,2,0,0,3,0,0,22,1,3,2,1,5,42,26,0,1,0,1,0,0,0,0,1,2,0,12,0,0,5,0,1,4,5,3,0,0,0,0,0,0,0,24,0,0,2,2,3,4,0,1,0,0,0,0,2,0,0,0,5,0,0,0,1,2,0,1
3,2,0,1,3,1,2,0,0,2,2,1,0,3,3,2,7,0,2,0,2,1,1,1,0,1,4,0,2,1,2,0,0,7,0,0,6,0,0,1,0,0,0,6,7,13,2,4,4,0,0,0,0,0,0,0,2,0,13,0,5,0,6,2,2,12,0,1,1,2,4,2,11,1,0,2,0,5,0,0,0,3,0,0,0,0,6,2,0,0,0,0,5,5,0,1,0,4,0,8,0,2,1,0,6,3,0,7,2,3,0,4,0,0,4,2,0,2,1,0,1,1,6,0,2,0,0,3,0,2,9,3,7,2,0,25,0,1,0,1,6,1,18,0,2,3,5,1,1,1,0,1,2,4,7,0,1,0,1,0,0,2,1,1,2,10,1,5,0,7,5,0,3,0,0,0,0,0,4,0,6,3,0,0,0,1,4,0,1,0,0,2,1,0,0,0,1,0,0,4,0,0,1,1,0,0,1,1,0,0,1,10,1,0,8,2,5,1,2,0,0,1,2,2,0,2,2,1,0,0,14,1,1,0,3,0,0,8,0,0,5,1,0,3,0,0,1,4,1,3,1,1,1,4,4,6
0,0,0,1,0,0,0,2,1,2,0,0,0,3,3,0,1,0,1,0,0,0,0,0,0,1,4,0,2,0,2,0,1,2,0,0,2,0,0,1,1,0,1,4,2,3,0,8,3,7,2,2,0,1,1,0,3,0,17,1,2,0,1,5,0,3,0,5,0,2,2,3,13,4,0,2,0,2,1,4,1,2,0,0,0,1,0,2,0,2,0,1,9,11,1,1,0,0,1,0,2,0,1,0,6,1,0,0,1,0,0,0,1,0,2,5,0,3,6,0,1,0,5,2,1,0,0,2,0,4,5,3,2,2,1,5,0,0,3,7,25,1,17,0,2,8,11,1,0,0,2,0,0,8,5,0,3,0,1,5,0,0,0,0,2,6,0,1,1,3,3,2,2,0,0,0,0,0,2,0,1,3,0,0,0,2,2,1,0,2,0,1,0,0,1,0,0,1,0,4,0,0,2,3,1,1,1,0,0,0,1,1,1,0,7,1,5,0,2,1,0,1,1,4,0,0,0,1,12,0,15,2,1,0,4,0,5,12,2,3,6,0,7,5,2,0,1,2,3,0,0,2,0,2,1,1
2,0,0,0,8,0,2,1,0,1,8,1,0,2,1,0,0,0,0,3,2,0,0,1,1,0,7,0,2,6,4,2,0,1,2,0,1,2,0,0,5,0,1,4,0,2,4,1,1,0,5,1,1,0,1,2,0,2,0,2,4,0,0,1,0,0,0,0,1,7,2,9,2,1,0,3,0,2,1,9,2,0,1,0,2,1,0,1,1,0,2,0,0,3,0,0,3,0,0,1,0,0,3,0,0,1,1,3,1,0,1,0,0,1,0,0,1,3,0,0,9,8,2,7,4,2,0,2,0,2,4,0,1,1,1,6,3,0,0,0,4,0,0,2,1,1,4,2,0,0,0,0,0,0,2,4,1,0,0,0,0,0,1,2,2,1,0,0,16,0,2,1,2,4,0,9,2,0,0,0,0,3,0,0,0,13,5,0,0,0,1,0,1,2,1,0,3,4,1,3,0,0,45,26,0,0,0,2,1,3,0,0,2,0,0,3,0,0,4,2,0,0,11,33,1,3,1,0,0,0,0,1,0,0,10,1,7,6,0,1,1,0,0,0,3,2,1,0,1,1,0,1,1,0,2,2
0,8,3,4,1,0,1,0,0,1,2,1,4,3,8,1,5,0,2,0,3,1,0,0,0,0,2,0,1,0,3,0,0,2,1,0,2,0,0,0,0,0,1,4,0,17,2,4,2,5,2,0,0,0,0,4,3,0,2,1,2,2,0,4,0,2,0,4,0,2,5,1,3,0,1,2,2,2,0,0,0,0,1,0,3,0,0,3,0,0,0,0,10,4,0,0,0,3,0,7,0,0,3,0,5,7,0,0,1,2,3,0,2,14,4,1,0,1,4,1,0,0,3,1,1,3,1,4,0,2,13,1,2,1,0,3,0,1,0,1,8,0,8,0,1,3,3,3,1,0,1,3,0,4,5,1,0,5,0,5,0,1,0,0,2,6,0,2,2,4,3,7,2,4,1,1,0,0,8,3,1,3,2,1,0,7,6,0,0,1,0,0,0,0,0,0,2,1,1,5,0,0,12,15,4,3,0,3,2,7,1,0,3,0,3,2,3,1,3,0,1,0,1,5,0,1,1,0,0,2,28,30,0,1,1,1,5,9,5,10,4,0,0,4,0,3,3,2,4,2,0,0,1,5,2,2
1,16,0,2,2,0,0,4,1,1,2,1,0,2,4,1,3,0,0,1,2,2,0,0,0,0,1,0,3,0,2,0,4,5,0,0,2,0,2,0,0,0,0,4,0,13,0,4,4,7,0,2,1,1,1,1,4,0,27,5,3,0,2,2,3,9,7,6,1,2,0,1,13,1,0,3,0,4,5,2,5,2,0,1,1,5,4,2,0,2,0,6,8,3,9,0,1,1,0,5,0,4,0,0,3,1,0,0,2,1,2,0,1,1,1,1,0,2,4,0,1,0,4,1,1,0,0,4,2,1,5,0,2,2,0,12,0,2,2,4,0,2,5,0,5,2,5,1,2,1,1,1,0,16,4,0,0,1,1,8,1,1,0,0,1,3,3,2,1,1,1,0,1,0,0,1,0,0,2,1,1,2,0,1,0,0,1,0,0,0,0,0,1,1,1,0,0,0,0,2,0,2,0,0,0,0,1,0,1,1,0,0,0,0,0,0,0,1,2,0,0,0,2,0,0,1,1,0,3,0,16,8,0,1,1,0,1,6,1,2,0,0,8,11,0,0,3,3,0,0,0,1,0,4,4,4
0,0,0,0,4,0,1,1,0,5,0,0,0,3,0,0,5,1,0,0,0,0,2,0,0,1,3,0,0,0,1,0,0,2,0,2,0,1,0,1,0,0,3,5,2,3,2,3,2,3,0,1,0,2,0,0,2,1,15,3,1,0,13,4,7,2,0,9,1,3,7,6,2,0,0,3,0,1,4,1,0,6,1,8,1,1,1,1,2,0,1,3,30,4,0,0,0,0,0,0,0,0,1,1,5,5,0,0,1,2,0,0,3,0,2,0,0,1,5,0,4,1,14,1,0,0,1,4,1,3,8,4,4,1,1,1,0,1,0,0,2,0,3,0,0,5,0,1,0,0,11,0,0,10,9,0,1,0,18,9,0,1,0,1,3,5,0,1,0,1,4,1,0,0,0,0,1,0,1,0,1,2,0,0,0,0,4,0,0,0,0,2,0,2,0,0,0,1,0,1,0,0,1,1,0,6,1,0,0,2,0,2,3,1,2,2,7,1,3,0,1,0,2,3,0,1,4,0,4,1,14,16,0,0,3,1,1,10,0,0,1,9,3,1,0,0,1,3,4,0,3,0,0,3,1,3
0,0,6,0,1,0,3,0,0,0,17,0,2,2,1,0,0,0,0,4,1,2,0,0,0,0,2,0,3,7,4,4,0,2,1,2,3,1,0,0,2,0,0,2,15,6,1,8,0,0,19,5,3,1,0,1,1,2,0,0,2,0,0,2,0,1,1,0,2,2,2,0,4,0,3,2,0,2,0,4,0,0,3,0,1,1,0,2,0,0,0,0,0,3,0,0,2,0,0,1,0,0,1,0,0,1,1,0,1,0,1,0,0,6,0,2,0,0,0,3,2,4,2,7,1,0,1,2,1,4,5,1,2,0,1,2,0,0,2,1,1,0,0,0,0,11,1,2,0,0,0,0,0,1,0,15,2,1,1,0,0,2,0,3,2,2,1,0,15,3,2,2,2,0,1,1,0,0,0,0,0,2,0,0,0,4,3,0,0,0,2,0,2,3,4,0,32,0,0,3,0,1,33,36,0,0,0,0,2,0,0,0,0,0,2,8,0,0,5,0,2,1,9,1,0,0,0,0,1,1,1,0,1,0,4,1,15,4,2,0,0,0,0,0,2,0,4,0,0,1,1,0,1,0,0,3
3,3,0,2,2,0,10,0,0,1,5,1,0,2,2,1,0,0,0,0,0,0,1,0,0,0,0,0,3,3,4,1,0,5,0,2,4,2,0,0,0,0,0,4,6,3,1,2,1,1,10,0,0,0,0,3,4,4,0,2,5,0,1,4,1,1,0,0,3,0,0,1,6,0,1,1,0,4,0,5,0,0,0,0,5,1,0,4,0,1,0,0,0,4,0,0,6,0,0,3,0,0,1,0,1,0,0,0,1,4,0,0,2,3,1,0,0,2,0,0,4,0,2,0,2,1,1,1,0,0,3,0,0,0,0,4,1,0,0,0,0,0,1,1,11,0,1,0,0,0,0,2,0,2,1,2,7,0,0,0,0,0,0,2,2,4,0,1,5,1,1,0,1,1,0,2,0,0,0,0,0,4,0,0,0,4,2,1,0,0,0,0,1,0,1,0,15,1,0,7,1,0,48,38,0,0,0,0,0,2,0,1,12,0,0,2,1,0,4,2,0,0,8,38,3,0,1,0,0,0,0,23,1,0,2,0,5,2,0,1,0,0,0,0,1,0,2,0,0,0,1,0,1,4,2,1
3,10,2,2,3,0,2,9,2,0,3,0,0,3,9,2,10,0,1,1,0,1,0,11,1,4,3,0,2,2,2,1,9,4,1,5,0,2,0,4,0,3,0,4,2,8,0,5,4,9,2,1,0,4,1,1,0,0,14,0,2,1,0,2,3,1,0,4,0,3,3,0,4,0,3,9,1,3,0,0,1,0,0,0,3,2,0,2,0,2,1,0,8,3,1,1,0,3,0,1,0,0,0,2,6,1,0,0,4,1,0,0,1,0,3,1,0,4,3,0,1,1,10,2,1,1,0,6,0,2,3,1,4,1,2,7,1,0,0,0,0,1,6,0,2,2,1,1,0,0,1,0,0,3,0,0,0,0,1,2,0,3,0,1,2,7,0,2,0,2,2,0,0,0,0,1,0,1,1,1,0,3,0,1,0,2,2,0,0,2,0,1,0,10,0,0,1,1,0,3,0,0,1,1,0,0,0,0,1,0,15,0,0,0,6,2,1,1,6,3,1,0,9,1,0,0,5,0,1,0,7,3,0,1,1,1,0,4,0,2,0,2,2,1,2,0,2,1,1,2,5,0,0,0,1,3
0,0,2,0,3,0,0,0,0,0,5,0,0,3,2,0,2,0,0,0,0,0,1,0,0,0,2,1,2,4,2,0,0,1,0,0,1,2,1,0,0,0,1,3,2,4,0,1,0,0,3,2,0,1,0,0,1,0,0,0,3,0,1,2,0,0,2,0,1,4,3,0,2,0,8,3,0,1,0,3,0,0,0,0,2,0,0,2,0,0,2,0,1,4,0,0,2,0,0,2,0,0,1,0,0,1,0,0,1,0,0,0,2,8,1,0,0,3,1,3,2,0,2,0,1,2,2,4,2,3,4,0,3,0,0,3,1,0,0,1,0,3,1,0,3,5,1,1,0,0,0,1,0,1,0,6,2,1,0,0,0,0,0,1,3,1,1,0,21,0,2,1,2,0,1,3,0,0,1,0,1,1,0,0,1,8,3,0,1,0,1,3,1,0,0,0,7,0,0,3,1,0,43,32,1,10,0,0,0,3,0,0,2,0,2,1,0,1,3,1,1,0,8,36,0,1,1,0,0,5,1,32,0,0,2,1,10,8,0,0,10,0,14,1,1,1,6,1,1,0,0,0,0,2,1,1
0,5,0,11,1,0,0,1,0,1,1,1,0,2,5,0,4,0,3,1,0,0,0,0,0,0,4,1,2,1,2,1,1,2,1,36,0,2,0,1,0,1,1,4,1,14,1,3,3,3,4,0,0,1,0,3,1,0,30,8,3,1,5,2,6,0,0,9,1,3,2,0,3,0,0,3,0,2,5,0,0,0,0,0,0,0,0,2,0,2,0,2,10,3,3,0,0,1,0,1,0,0,1,0,5,3,1,1,0,5,0,1,0,0,4,12,0,3,3,3,1,2,6,7,0,1,0,8,0,3,3,4,2,0,0,36,0,0,1,3,1,0,0,1,3,4,1,2,0,0,2,4,0,13,2,0,2,2,1,1,0,1,0,0,2,9,1,1,2,3,5,0,1,0,0,6,0,0,2,0,0,3,0,1,1,0,3,2,0,0,0,0,0,4,0,0,0,0,0,7,1,0,7,7,1,0,0,5,0,5,1,0,1,0,0,1,2,0,2,0,0,3,1,0,0,1,2,0,1,1,3,1,0,0,1,0,2,7,1,1,0,0,7,2,0,1,2,1,2,0,0,1,0,1,2,2
3,0,0,0,1,0,2,0,0,0,4,1,0,2,1,1,3,0,1,0,1,0,3,1,0,0,1,5,4,2,3,0,1,2,0,2,3,0,0,6,1,0,0,3,3,0,4,1,0,3,2,0,4,1,0,1,1,1,0,2,16,0,0,4,0,1,0,1,0,2,2,1,2,3,6,2,3,6,0,3,0,2,0,0,2,0,0,3,1,3,0,0,1,4,0,0,1,6,0,0,0,1,0,0,1,2,0,0,0,6,0,0,0,8,0,0,0,9,0,11,0,0,2,0,1,0,2,1,1,5,1,0,1,0,1,3,10,0,0,1,4,2,0,0,1,3,3,0,0,0,0,1,0,0,2,6,3,0,3,0,0,0,0,0,2,2,0,2,13,0,6,0,1,1,0,0,0,0,1,0,1,2,0,0,0,1,3,0,0,0,0,1,0,0,5,0,4,0,1,6,6,0,46,45,1,4,0,0,1,6,1,2,6,3,0,8,0,0,4,0,1,0,1,0,2,5,1,0,0,11,0,0,0,0,2,0,6,5,0,0,0,1,3,0,1,7,2,1,0,1,1,1,0,2,6,1
0,3,1,1,3,0,2,3,0,0,6,0,16,5,0,0,0,0,2,1,0,0,1,2,2,0,3,3,4,0,2,0,0,2,2,0,14,1,3,27,1,22,0,2,14,2,2,3,0,0,1,1,3,1,0,0,0,0,0,0,5,1,3,2,0,0,3,2,0,3,3,0,2,2,1,3,0,2,10,1,0,0,1,0,1,0,2,2,1,0,0,0,1,3,0,1,0,0,0,6,0,0,2,1,0,2,0,1,1,1,0,0,0,1,0,2,0,2,0,1,0,0,2,0,2,0,0,3,0,2,2,0,2,1,0,5,0,0,0,4,1,6,0,0,0,2,1,0,1,1,0,1,1,0,0,0,1,1,0,1,0,0,6,1,2,2,2,0,0,0,6,2,1,1,0,1,1,0,2,0,0,3,0,1,6,3,10,2,1,0,2,0,0,0,0,1,3,0,0,3,0,1,13,16,1,0,0,0,0,2,0,0,2,0,0,0,0,2,6,1,0,0,3,1,0,2,2,1,0,1,8,1,5,0,8,0,8,4,3,0,0,0,0,0,0,2,4,0,0,0,0,0,1,1,0,3
0,1,0,4,2,0,2,0,0,1,22,2,12,3,0,5,0,0,0,0,1,0,2,3,0,0,0,0,4,1,3,0,1,3,0,1,5,1,0,4,1,0,0,3,4,5,5,3,0,0,2,0,3,31,0,4,0,0,0,1,10,0,1,7,0,1,1,0,0,2,2,0,2,0,0,2,0,4,0,0,1,0,0,0,5,0,0,3,0,0,0,0,0,5,0,0,1,0,0,1,0,0,0,1,1,1,0,1,0,1,0,1,0,0,0,2,0,0,6,3,1,2,1,0,2,0,0,2,0,1,4,1,1,0,2,2,0,0,1,0,4,1,2,0,0,2,2,3,0,0,1,0,0,1,0,1,0,1,0,0,0,0,1,0,2,3,0,1,0,0,2,10,1,1,0,0,0,1,4,0,0,2,0,0,0,4,5,1,0,0,0,0,1,0,0,0,10,3,0,9,1,1,49,30,0,0,0,0,0,17,0,0,9,0,0,1,0,0,3,0,1,0,14,8,1,0,0,0,0,5,4,26,1,1,4,0,9,2,2,1,2,4,0,0,3,0,0,0,0,0,0,1,0,0,2,1
2,0,1,1,3,0,3,0,0,0,2,0,1,1,0,2,0,0,0,0,2,0,0,0,0,0,0,0,4,3,5,0,1,4,1,26,1,2,1,2,5,0,0,5,5,2,1,1,0,1,4,1,0,0,1,8,2,0,0,0,7,0,0,8,0,2,0,1,0,0,0,0,4,0,1,0,3,5,1,1,0,0,1,0,0,1,0,4,0,0,0,0,0,4,0,0,4,1,2,0,0,1,1,0,0,0,0,1,0,0,0,0,0,3,0,0,0,1,3,0,1,1,0,1,2,1,0,2,0,0,1,0,0,0,0,7,11,0,2,1,4,0,0,0,0,1,2,0,0,0,0,2,0,0,0,2,6,0,2,0,0,0,0,0,0,5,0,0,0,0,0,0,4,0,6,1,1,1,0,0,0,4,0,0,0,4,3,0,1,0,0,1,0,13,0,0,7,0,1,9,0,2,46,46,0,0,0,0,0,1,0,0,4,0,1,1,0,0,4,0,0,0,5,6,1,3,1,0,0,1,0,43,0,0,11,0,8,0,0,0,3,0,0,0,0,1,0,1,0,0,0,0,5,2,2,0
0,1,0,1,1,0,0,2,0,2,8,0,0,2,5,1,5,0,1,0,1,0,0,0,2,0,1,0,4,1,3,1,0,5,1,0,0,0,0,3,0,0,0,6,6,4,1,2,4,1,1,0,0,2,0,0,1,0,6,24,3,0,3,4,1,1,6,2,2,1,2,0,11,0,2,1,0,4,1,5,1,6,1,6,1,0,1,4,0,2,2,0,7,4,0,0,0,3,0,3,0,0,0,0,8,5,0,5,1,0,0,0,0,0,1,0,0,0,5,2,3,0,8,2,0,0,0,2,0,1,3,3,1,1,1,4,4,3,0,0,1,2,0,0,1,6,5,1,0,1,2,0,0,4,11,0,2,0,0,4,0,1,1,0,1,3,1,2,4,4,0,3,3,1,0,0,0,1,2,0,0,3,0,0,0,3,2,0,2,0,0,3,21,1,0,2,5,0,1,5,2,1,6,12,0,0,1,2,1,4,0,1,1,0,3,2,3,0,3,0,2,0,2,1,0,0,2,0,0,1,12,21,0,0,4,1,3,4,3,0,0,6,1,3,0,0,0,2,0,0,1,1,0,2,4,1
1,0,1,1,4,0,0,1,0,0,12,0,1,1,0,0,0,0,0,0,0,0,0,0,0,0,0,0,5,2,7,0,0,7,0,0,3,1,2,5,2,0,0,4,6,7,1,1,3,0,9,1,2,2,0,1,1,1,0,0,9,0,1,29,0,1,0,1,1,0,0,1,5,0,2,0,0,6,0,4,1,0,0,0,2,1,0,4,1,0,0,0,0,4,0,0,2,1,0,2,0,0,2,0,1,5,0,0,0,0,0,0,0,3,0,0,0,2,0,2,8,0,0,6,4,0,0,0,0,0,0,0,0,2,1,3,1,0,3,0,13,3,0,1,1,2,3,0,0,0,0,0,0,1,0,4,8,0,0,0,0,0,0,0,0,4,0,3,2,0,1,1,2,2,1,0,1,0,1,0,0,4,0,0,0,9,9,0,2,0,3,1,0,2,0,0,8,0,1,12,1,0,35,36,0,0,0,0,1,12,0,0,1,0,0,1,0,7,4,0,0,0,12,1,0,0,0,0,0,3,0,17,0,0,4,4,7,0,2,0,3,0,0,0,3,0,1,2,0,0,0,1,1,0,0,0
2,1,5,3,2,0,2,0,0,0,3,6,0,6,0,1,1,0,1,1,0,0,2,1,0,0,0,0,5,6,7,6,0,5,0,0,2,0,1,1,0,0,0,4,5,3,3,1,0,0,8,0,0,5,1,4,0,4,0,1,10,1,0,6,0,1,7,0,0,0,0,4,5,0,7,4,1,7,0,2,0,0,0,0,0,1,0,4,3,3,0,0,0,4,0,0,2,1,2,0,0,0,2,0,0,2,0,1,0,1,1,0,1,9,0,0,0,6,0,1,1,0,0,0,2,0,0,0,0,0,4,0,0,0,2,4,0,0,0,2,2,2,0,1,4,1,4,0,0,0,1,0,1,3,3,19,9,0,0,0,0,0,0,0,0,4,1,0,2,0,2,1,0,2,0,0,0,0,1,0,0,4,0,0,0,1,4,0,2,0,0,0,0,3,1,1,22,1,3,7,1,3,49,44,0,5,1,0,1,0,0,0,17,1,0,0,0,0,5,0,2,0,3,5,1,4,0,0,0,1,0,6,1,0,6,0,8,0,0,0,3,0,0,0,0,3,5,0,0,0,0,0,1,1,0,0
3,1,3,1,8,1,2,0,2,5,4,0,1,2,0,0,0,0,1,0,0,1,0,0,1,1,0,23,6,1,5,1,0,4,0,3,6,0,0,1,2,0,0,5,0,2,4,5,1,2,2,0,1,0,0,4,1,0,0,3,6,0,0,4,0,6,2,0,1,1,4,0,4,0,3,0,0,4,0,1,1,0,1,0,0,1,0,4,0,0,0,0,0,3,0,0,1,0,3,0,0,1,1,0,0,0,0,2,0,2,0,0,0,4,0,0,0,5,0,1,3,5,0,0,2,1,0,1,0,0,5,0,0,0,0,5,0,0,0,0,0,1,0,1,0,0,3,0,0,0,1,2,0,2,0,8,12,1,1,0,0,1,3,0,1,4,0,1,20,0,1,0,0,1,2,1,0,0,5,0,1,4,0,0,0,2,8,0,1,0,0,0,0,2,0,0,18,1,0,7,2,0,50,50,0,0,0,0,0,11,0,2,4,0,3,0,0,3,4,4,0,0,6,7,0,0,1,0,0,0,0,4,2,0,4,0,7,0,1,0,1,0,0,0,0,0,0,1,0,0,0,0,1,0,3,2
0,3,1,1,2,0,0,2,1,0,5,0,0,3,0,0,2,0,0,0,2,0,2,0,0,1,4,0,1,0,9,4,0,2,0,3,3,1,1,0,1,0,0,3,2,22,1,1,2,0,2,0,0,3,0,2,1,1,26,2,4,0,2,1,2,0,0,4,0,3,6,0,4,0,0,4,0,1,0,0,0,2,0,0,2,0,0,2,0,0,0,0,7,5,1,2,0,2,0,1,0,0,0,0,8,6,0,11,1,0,0,1,0,1,2,0,0,1,3,0,2,1,3,7,0,0,1,3,0,3,5,1,3,0,0,2,0,0,0,0,0,0,1,0,0,3,4,3,0,0,1,3,0,5,15,1,5,1,0,3,1,0,0,1,3,2,0,0,0,3,2,3,1,1,0,1,1,0,1,0,1,1,0,0,0,5,2,1,1,0,1,2,5,4,1,0,4,1,0,2,1,12,1,7,0,0,0,0,0,2,2,0,1,1,0,0,1,1,2,0,2,2,5,5,0,0,0,0,0,2,14,8,0,0,6,1,5,10,1,4,2,1,2,3,3,2,3,2,1,2,0,1,2,1,2,3
0,2,0,1,0,1,0,4,0,0,0,1,0,4,7,0,5,0,1,0,2,1,0,0,0,4,2,0,0,0,1,0,0,0,0,3,0,0,2,2,1,0,0,2,0,1,0,1,1,4,2,3,0,0,0,0,0,0,17,0,8,0,0,0,3,6,2,5,0,4,9,1,14,0,0,5,0,7,0,20,1,1,0,0,0,6,0,1,0,1,0,0,0,6,0,0,0,2,0,1,0,1,1,0,3,1,0,2,0,0,0,0,1,0,6,0,0,1,1,1,1,3,7,1,4,2,1,10,0,4,6,0,4,4,0,4,1,1,0,2,1,2,3,0,1,6,3,1,0,0,0,0,0,1,4,0,0,2,1,0,0,1,13,0,8,6,0,3,0,1,4,0,0,1,0,0,0,0,5,2,2,0,0,0,1,1,3,0,0,0,0,0,2,3,0,0,0,0,0,3,0,0,0,10,0,5,1,0,0,0,1,0,1,1,5,6,1,0,1,1,0,0,1,3,0,2,0,0,0,4,10,7,1,0,4,0,4,12,0,0,3,1,7,0,0,8,1,1,1,0,0,0,1,4,9,4
3,0,0,9,3,0,2,1,0,0,2,1,0,5,0,3,2,0,0,0,1,1,0,0,0,3,6,0,2,2,4,1,0,2,0,16,3,4,0,2,0,1,0,6,0,0,1,1,5,13,0,0,0,1,0,0,1,0,26,0,2,2,1,3,1,0,0,3,0,2,3,0,16,0,0,2,1,2,0,0,0,0,1,0,1,0,1,3,0,0,0,0,12,3,0,1,0,0,0,1,0,1,1,0,8,3,0,5,0,0,0,1,0,0,4,6,1,1,9,1,0,1,11,11,2,0,0,14,0,2,3,1,2,1,0,4,0,0,2,3,0,0,1,0,3,4,1,1,1,0,0,1,1,1,4,0,4,0,0,2,0,0,2,0,2,5,0,3,0,5,2,3,5,1,1,2,0,1,1,3,1,3,0,0,0,1,3,0,2,0,0,1,0,7,0,0,1,1,0,2,0,0,0,3,1,0,0,0,0,1,6,1,1,1,1,0,9,0,2,0,2,0,1,2,0,1,2,0,1,0,8,3,0,0,2,0,1,8,1,4,0,1,4,1,0,1,1,5,1,1,0,0,0,0,1,4
0,0,1,6,4,0,1,5,0,0,1,0,0,6,9,2,4,0,1,0,0,0,0,0,1,1,2,0,1,2,4,1,0,3,0,8,1,0,0,3,0,0,0,2,0,3,0,2,1,0,1,0,0,0,0,0,0,1,19,14,1,0,1,2,1,0,2,4,0,2,3,0,2,0,0,2,1,4,0,4,1,0,0,2,2,15,0,3,0,2,0,5,3,4,0,0,1,0,1,2,0,0,0,0,3,1,1,1,14,2,0,1,0,0,3,15,1,2,1,0,0,0,7,0,0,0,0,5,0,6,7,0,2,1,0,12,0,1,0,1,3,1,8,0,1,4,2,2,0,0,0,0,0,2,2,0,0,0,0,6,0,0,0,1,2,12,0,6,1,1,2,1,3,1,1,0,1,1,2,0,0,1,0,0,0,0,2,9,0,0,0,1,0,1,0,0,1,1,0,4,0,0,3,7,0,0,0,0,2,1,7,7,1,1,11,0,1,2,4,0,0,0,1,2,2,4,0,0,6,0,9,0,1,1,1,0,0,12,0,0,2,2,1,9,0,2,2,2,2,0,1,1,2,0,4,3
0,0,0,2,0,0,3,0,1,0,1,1,0,4,3,0,6,0,0,0,2,0,0,1,0,3,2,0,4,0,2,1,1,2,0,2,2,0,0,1,0,1,0,4,0,14,1,2,2,10,0,0,0,1,1,0,2,3,32,0,3,0,2,4,3,0,0,0,0,1,4,5,5,2,2,1,0,2,2,0,1,7,3,0,0,2,0,2,0,0,0,0,7,2,0,0,0,0,0,4,3,0,1,0,8,6,0,2,2,0,1,1,2,0,6,13,0,5,2,1,0,2,1,6,1,0,0,8,0,1,6,2,2,1,6,7,0,4,1,5,0,1,0,0,22,2,0,2,0,1,0,0,0,10,4,0,0,0,0,6,0,0,0,0,1,3,0,4,0,2,2,0,1,2,0,1,0,1,2,0,0,3,0,0,0,1,3,0,0,0,0,0,0,2,0,0,1,0,0,5,0,2,1,1,0,3,0,0,1,1,2,1,0,2,2,1,0,0,2,1,0,2,5,0,0,1,1,1,2,0,3,7,0,0,3,2,1,6,1,1,0,0,2,2,0,2,2,2,1,0,0,2,0,0,1,1
3,0,5,1,2,0,5,0,0,1,8,1,2,2,1,0,1,0,0,7,0,0,0,0,0,0,0,0,4,6,5,3,0,3,1,0,2,0,0,0,2,0,0,3,0,2,0,1,0,0,9,1,7,0,0,4,0,0,0,1,14,0,0,3,2,2,0,0,1,0,0,2,3,0,0,0,1,3,0,7,2,0,1,0,3,0,0,3,1,1,0,2,0,2,0,0,4,0,0,1,0,2,1,0,0,0,1,2,0,0,0,0,0,1,0,0,0,3,0,6,9,0,0,3,4,0,0,0,0,0,6,0,0,0,1,3,2,0,0,0,19,2,0,0,0,1,3,0,0,0,0,0,0,1,0,14,1,0,1,0,0,1,0,2,0,5,0,0,9,2,1,0,1,2,0,0,2,1,1,0,0,5,0,0,0,12,5,1,0,0,0,0,1,0,1,2,11,0,0,6,1,2,40,33,0,0,4,0,3,2,0,0,8,0,0,0,0,4,4,0,0,0,2,22,0,2,1,0,0,0,0,0,0,0,7,0,3,0,0,0,1,0,1,1,1,1,0,1,0,0,0,0,3,0,1,0
1,0,3,0,3,2,3,0,0,0,7,1,0,2,0,0,0,0,0,0,0,0,0,0,0,0,1,1,3,5,3,0,0,2,1,0,1,6,0,0,1,0,1,2,4,3,1,1,0,0,3,2,0,2,0,1,1,0,3,0,5,0,1,33,0,1,2,0,2,2,3,0,3,2,5,2,0,3,1,6,0,0,0,0,2,0,0,2,0,0,1,1,1,4,0,0,1,0,0,0,0,0,0,0,1,1,0,0,0,0,0,0,0,7,0,0,0,3,0,0,0,1,2,0,3,0,1,5,0,2,11,0,3,0,3,2,0,0,0,3,0,3,2,0,4,3,3,2,0,0,0,1,1,1,1,7,5,0,0,3,0,0,0,0,2,2,0,0,1,0,1,0,5,2,1,0,0,0,0,0,0,2,0,0,0,6,2,0,1,0,0,1,0,3,0,1,11,0,0,2,0,0,43,27,0,0,0,0,1,4,0,0,2,2,2,4,0,3,3,0,0,1,6,39,1,1,0,0,0,4,1,17,0,0,0,2,5,6,1,1,2,1,0,0,0,3,5,0,0,1,0,0,0,3,0,1
3,0,0,0,2,0,3,0,0,0,19,0,0,3,1,1,0,0,0,2,0,0,1,0,0,0,3,1,2,2,3,0,1,1,0,0,3,0,0,2,1,0,1,1,4,4,1,0,0,0,4,1,0,15,0,0,0,0,1,1,2,0,2,29,0,1,0,0,0,3,3,0,2,0,0,3,0,1,0,3,0,5,2,0,0,0,0,1,0,0,4,0,1,4,0,0,3,0,0,0,0,2,1,0,0,2,0,0,0,0,0,1,0,1,0,0,0,0,0,0,5,0,3,5,3,0,0,3,0,3,5,0,3,0,0,1,4,1,0,2,0,0,1,0,1,4,1,1,0,0,0,0,0,2,1,1,8,0,0,0,0,0,0,0,6,1,0,0,1,0,4,0,3,2,0,0,2,0,0,0,4,1,0,0,0,5,12,0,0,0,0,1,0,2,0,0,13,0,0,1,4,2,35,30,0,0,0,0,0,3,0,0,24,0,0,4,0,5,1,1,0,1,12,0,0,2,2,0,1,0,2,1,2,0,8,1,3,4,0,0,0,0,0,0,1,0,0,0,0,0,0,0,0,3,0,1
0,0,0,4,0,0,0,3,0,2,0,1,0,6,0,1,0,0,0,2,6,2,0,0,0,2,1,0,1,0,3,0,4,2,1,0,1,1,0,0,0,0,1,5,2,10,0,3,4,7,0,0,0,0,0,0,0,0,1,0,4,0,1,1,1,3,0,2,1,3,2,0,5,1,0,4,0,1,7,0,3,0,0,0,0,0,0,2,0,0,1,0,0,4,1,2,0,3,0,1,1,1,8,0,6,1,0,0,9,2,1,0,0,0,5,13,0,3,2,0,0,0,7,1,0,1,0,4,0,4,3,2,3,0,1,2,1,3,0,3,0,1,8,0,4,3,8,3,0,1,0,0,0,6,0,0,1,2,2,1,0,0,0,0,3,10,0,4,5,2,3,1,0,0,0,0,0,0,3,0,3,5,0,0,0,0,4,0,0,0,0,1,1,0,0,0,0,1,0,3,0,0,1,1,1,0,0,0,0,0,1,5,0,0,5,2,2,1,2,0,0,1,0,0,0,2,1,0,2,2,23,23,0,1,1,0,0,12,0,0,0,2,6,11,3,3,0,2,0,0,0,0,0,5,4,2
0,0,0,9,1,1,0,0,0,1,3,1,1,3,0,1,4,0,1,0,1,0,0,0,0,0,3,0,4,1,3,1,2,3,0,0,7,0,0,4,0,0,3,5,1,12,1,1,3,5,0,0,0,1,1,1,5,0,18,0,4,0,11,3,2,3,0,1,0,1,1,3,4,0,0,1,0,3,1,2,1,2,0,0,0,0,0,3,0,2,0,0,7,5,0,5,0,1,0,0,1,2,2,1,5,7,0,0,3,0,3,0,0,0,6,11,0,3,4,0,2,1,2,3,2,0,0,1,0,1,4,1,2,1,0,2,0,3,1,5,0,1,1,0,5,1,2,2,0,0,0,0,1,5,9,0,1,2,0,0,0,0,3,1,1,8,2,1,0,2,3,3,0,1,1,1,0,1,2,0,1,3,0,0,0,2,2,0,1,0,0,1,1,2,0,0,1,0,0,6,0,0,3,6,0,0,1,0,2,4,4,1,2,0,6,1,3,4,4,0,2,1,2,4,0,0,1,0,8,0,15,0,0,0,5,0,0,5,1,1,2,2,0,1,0,1,0,2,0,2,0,0,1,1,1,4
2,3,0,0,5,0,0,0,0,1,1,1,0,2,0,0,6,0,1,0,1,1,0,0,0,0,2,0,5,0,2,1,0,2,0,3,3,0,0,0,0,0,1,3,1,1,0,3,2,13,0,2,0,1,0,1,0,0,26,6,3,0,1,6,0,1,1,6,2,1,0,0,3,1,0,1,0,2,0,0,4,4,1,0,6,0,1,2,0,0,0,0,2,2,0,1,0,1,1,0,0,0,0,0,1,1,0,0,1,1,0,0,1,0,1,1,0,1,2,0,1,0,4,1,0,0,0,1,4,1,7,2,1,7,2,5,0,0,4,3,1,6,8,3,4,3,4,0,0,0,0,0,0,12,2,2,0,0,0,12,1,0,0,2,1,3,3,2,0,5,5,0,0,0,0,0,1,1,2,0,2,5,0,0,0,1,4,0,0,1,2,1,1,6,0,0,1,11,1,2,0,0,2,4,0,0,1,1,0,2,4,1,0,0,1,3,1,0,3,1,1,0,1,0,0,1,0,0,1,0,9,8,0,0,4,1,1,4,0,0,2,0,1,5,0,0,6,4,0,0,2,0,0,3,3,14
0,1,0,0,3,0,0,0,11,0,5,0,1,6,1,0,0,0,0,9,0,0,8,0,2,0,1,0,2,4,4,0,0,2,0,0,2,0,1,2,2,0,0,2,2,3,1,0,0,0,4,1,2,1,0,1,2,0,2,0,5,0,1,3,0,2,0,0,0,3,0,0,2,2,2,2,0,4,0,2,0,0,0,0,1,1,0,4,1,1,0,0,0,5,0,0,12,2,0,2,0,0,2,2,0,2,1,1,0,4,0,0,0,0,2,4,0,0,1,1,1,4,2,1,1,0,0,1,2,2,2,0,1,0,0,4,1,0,1,1,2,4,0,0,3,5,6,1,0,0,0,1,0,1,0,2,2,0,1,0,0,0,0,0,2,2,0,1,8,0,2,2,0,2,0,5,0,0,4,0,0,2,0,0,0,5,3,1,2,0,0,1,0,0,0,0,14,1,0,2,0,0,27,24,0,0,0,0,0,1,0,0,6,0,0,1,1,1,3,3,0,0,2,26,0,13,0,0,0,5,2,18,0,3,3,2,7,3,1,0,2,0,0,0,1,3,0,0,0,0,0,0,3,0,1,2
1,0,0,0,1,0,0,0,0,2,0,0,0,3,0,1,0,0,0,0,1,0,0,0,0,0,0,0,2,1,3,0,0,3,0,0,0,0,1,0,0,0,0,3,0,1,0,3,1,0,1,1,0,1,0,1,2,0,0,0,2,0,0,3,0,1,0,0,0,0,0,0,3,0,0,0,0,3,1,0,0,0,1,1,1,0,0,3,0,0,0,0,0,1,0,0,0,0,0,0,0,0,2,0,0,0,0,0,0,0,0,0,0,0,0,0,0,0,0,1,0,0,1,0,0,1,0,0,0,0,0,0,0,2,0,3,0,0,1,0,0,1,0,0,0,2,0,0,0,1,0,1,0,0,0,0,0,1,0,0,0,0,1,1,0,3,0,1,1,0,0,0,0,0,0,0,2,0,0,0,0,4,0,0,1,0,2,0,0,0,1,0,0,0,0,0,1,0,0,3,0,0,2,1,0,0,0,0,0,1,0,0,1,0,0,0,0,0,3,0,2,0,0,0,0,0,0,0,0,0,0,0,0,0,0,0,1,0,1,1,0,1,0,0,1,0,1,3,0,0,1,0,0,0,0,1
0,0,2,0,0,0,2,0,0,0,1,1,0,4,0,0,0,0,0,0,0,0,0,0,0,0,2,0,2,0,3,0,0,2,0,0,0,0,0,0,0,0,0,4,0,0,0,3,0,0,1,0,0,1,0,1,2,1,0,0,2,0,0,2,2,2,0,0,0,1,1,0,3,0,0,1,0,6,1,0,1,0,0,0,0,0,0,3,0,0,0,0,0,3,0,0,0,0,0,0,0,0,0,2,0,1,0,0,0,0,0,1,0,0,1,0,0,0,0,0,0,0,1,0,0,0,0,2,0,1,3,1,1,0,0,1,0,0,0,1,0,1,0,0,1,2,1,0,0,0,0,1,1,1,0,0,0,1,0,0,0,0,0,0,1,2,0,1,0,0,1,1,1,0,0,0,1,0,0,0,1,2,0,0,1,0,3,0,0,0,0,2,0,0,0,0,2,0,0,2,0,0,4,2,0,0,0,0,0,2,0,1,1,0,0,1,1,2,3,0,0,2,3,1,0,0,0,0,0,0,0,1,0,0,0,0,0,1,1,0,0,0,0,0,1,0,0,1,0,0,0,0,0,1,0,1
1,0,1,0,0,1,0,1,0,1,1,0,0,1,1,0,0,0,0,0,0,0,0,0,0,0,1,0,2,0,2,0,0,2,1,0,0,0,0,0,0,0,0,3,0,1,0,0,1,0,0,0,0,3,0,0,0,0,0,0,4,0,0,2,0,2,0,0,1,1,2,0,2,2,0,1,1,4,0,0,0,0,1,1,1,2,0,2,2,0,0,0,0,3,0,0,0,0,0,0,0,0,0,0,0,1,2,0,1,0,0,0,0,0,0,1,1,0,0,0,0,1,2,0,1,0,0,1,0,1,1,0,1,1,0,2,0,0,0,0,0,0,1,0,0,1,2,0,0,0,0,2,0,0,1,0,0,1,0,0,0,0,0,2,1,2,0,0,0,0,1,0,0,0,2,0,1,0,0,0,0,3,0,0,0,0,2,0,0,0,1,0,0,3,0,0,0,0,0,4,0,0,1,1,0,0,0,0,0,1,0,0,0,0,0,0,0,0,2,0,0,1,2,0,0,0,0,0,0,0,0,0,0,0,0,0,0,2,0,0,0,0,0,0,0,0,0,0,1,1,0,0,2,0,0,1
0,0,1,1,3,0,1,2,0,0,0,0,0,3,0,0,0,0,0,0,0,0,0,0,0,0,2,0,1,1,2,0,0,1,0,0,0,0,1,0,0,0,0,1,1,0,0,0,0,0,0,0,1,0,0,0,1,0,0,1,1,0,0,1,0,1,0,0,0,3,1,0,1,0,0,3,0,1,0,1,0,0,0,0,1,1,0,1,0,0,0,0,0,5,0,0,0,0,0,1,0,0,0,0,1,3,0,0,0,0,0,0,0,0,0,1,0,0,0,0,0,0,3,1,0,0,0,1,0,3,6,0,3,0,0,3,0,0,0,0,1,1,0,0,2,3,2,1,0,0,0,0,0,1,0,0,0,0,0,0,0,0,0,0,3,1,0,0,0,0,4,0,0,0,0,0,0,0,0,0,0,1,0,0,0,0,3,0,0,0,0,0,0,0,0,0,0,0,0,1,0,0,2,1,0,2,0,0,0,0,0,0,2,0,1,1,0,0,1,0,0,0,0,0,0,0,0,0,0,0,1,0,0,0,0,0,0,7,0,0,0,0,0,0,0,0,0,0,1,0,0,0,0,1,0,5
0,0,0,0,0,0,0,0,0,0,2,0,0,2,3,0,0,0,0,0,0,0,1,0,0,1,1,0,1,0,2,0,0,2,0,0,0,0,0,0,0,0,2,2,0,0,0,1,0,1,0,0,0,0,0,0,0,0,1,0,1,0,0,2,0,0,0,0,2,2,5,0,1,0,0,4,0,2,0,0,0,0,0,0,1,0,0,2,0,0,0,5,0,4,0,1,0,0,0,0,0,0,0,0,1,0,0,1,0,0,0,1,2,0,0,1,0,0,0,1,0,0,4,0,2,0,0,4,0,2,4,0,3,0,0,3,1,1,0,2,0,1,0,0,0,2,3,1,0,0,0,2,0,0,0,0,1,0,0,0,0,0,0,0,3,2,0,0,1,0,0,0,0,0,0,1,0,1,1,0,1,1,0,0,0,1,3,0,0,0,0,0,0,0,1,0,1,0,0,3,0,7,2,3,0,8,0,0,1,3,0,0,5,0,1,2,0,0,2,0,0,0,2,0,0,1,0,0,1,0,1,0,0,0,0,0,0,6,0,0,0,0,0,0,0,2,0,0,0,0,0,0,0,1,0,3
0,0,1,0,2,0,0,0,0,1,1,1,0,4,0,0,0,0,0,0,0,0,0,0,0,0,2,0,2,0,2,0,0,2,0,0,1,0,0,1,0,0,1,2,0,0,0,1,0,0,0,1,0,0,0,2,0,0,0,0,2,0,0,4,0,3,0,0,0,2,2,0,4,0,0,2,3,2,0,0,0,0,0,0,0,2,0,2,0,0,0,0,1,3,0,0,0,0,0,0,0,0,0,0,0,0,0,0,0,0,0,0,0,0,0,0,0,0,0,0,0,0,2,0,0,0,0,2,0,2,6,0,2,0,0,1,0,0,0,2,5,4,3,2,0,2,1,1,0,1,0,0,0,0,0,1,0,0,0,0,0,0,0,0,2,2,0,0,1,0,1,0,0,0,0,0,0,0,0,0,0,2,0,0,0,0,3,0,0,0,0,1,0,0,0,0,1,0,0,2,0,1,1,3,0,1,0,0,0,1,0,0,2,1,0,0,1,0,2,0,0,0,0,3,0,0,1,0,0,0,3,2,0,0,0,0,1,6,0,0,0,0,0,2,0,0,0,1,0,0,0,0,0,0,0,1
2,0,0,0,0,0,0,0,0,2,2,0,1,2,0,1,0,0,0,0,1,0,0,0,0,0,0,0,2,0,4,0,0,3,0,0,0,0,0,0,0,0,1,3,0,0,0,1,0,0,1,0,0,0,0,0,2,1,0,0,2,0,0,3,0,1,1,1,0,1,1,0,3,2,0,1,0,3,0,0,0,0,0,0,3,0,0,3,0,0,0,0,0,3,0,0,0,0,0,0,0,0,0,0,0,1,0,0,0,0,0,0,0,0,0,0,0,0,0,0,0,0,1,1,0,0,1,0,2,1,2,0,1,0,1,1,0,0,0,0,0,1,0,0,1,2,1,1,1,0,0,0,0,3,0,0,0,0,0,0,0,0,0,1,1,3,0,0,3,0,1,1,4,0,0,0,0,0,1,0,0,3,0,0,0,0,2,0,0,0,2,0,0,0,0,0,2,0,0,4,0,1,5,4,1,0,1,0,0,5,0,0,0,0,0,1,0,0,3,0,0,0,3,0,0,0,0,0,0,0,0,0,0,0,0,0,1,1,0,0,0,1,0,0,0,0,1,0,0,0,0,0,0,0,0,1
1,1,0,0,3,0,1,0,0,0,1,0,0,1,0,0,0,0,0,0,0,0,0,0,0,0,1,0,3,0,3,0,0,3,0,0,0,0,0,0,0,0,0,3,0,0,0,1,0,0,1,0,0,0,0,0,2,0,0,0,3,0,1,4,0,1,0,0,0,1,0,0,3,1,0,1,1,3,0,0,0,0,0,0,0,0,0,3,0,0,0,0,0,3,0,0,0,0,1,1,0,1,0,0,0,1,0,0,0,0,0,0,0,0,0,0,0,0,0,0,0,0,1,0,0,0,0,1,0,1,2,0,1,0,0,1,0,0,2,1,3,0,0,0,1,3,1,1,0,0,1,0,0,0,0,0,0,0,0,0,0,0,0,1,1,3,0,0,0,0,1,0,1,0,1,0,0,0,4,0,0,3,0,0,0,0,4,0,0,0,0,0,0,0,0,0,1,0,0,6,0,0,9,8,0,0,0,0,0,5,0,0,2,0,0,1,0,0,4,0,0,1,3,4,0,0,0,0,0,0,0,1,0,0,0,0,2,1,0,0,0,0,0,0,1,1,0,1,0,0,0,0,0,0,0,0
0,0,0,0,0,0,1,1,0,0,1,1,1,2,1,0,0,0,0,0,1,0,0,0,0,0,1,0,1,0,2,0,0,1,2,1,0,0,2,0,0,0,0,1,0,0,1,0,0,0,0,1,0,0,0,0,0,0,0,0,1,0,0,1,0,2,0,0,1,2,6,0,2,0,0,3,0,1,0,1,1,0,0,1,0,0,0,1,1,0,0,0,2,4,0,0,0,0,0,0,0,1,0,1,0,1,0,0,0,0,0,2,0,2,1,0,0,1,1,0,0,0,2,1,0,0,0,4,0,2,2,0,2,0,1,1,0,1,1,0,0,1,0,0,0,4,1,1,0,0,3,2,1,0,1,2,0,0,0,1,1,0,1,0,2,1,1,1,0,0,2,0,0,0,0,0,0,1,2,0,0,1,0,0,0,1,3,0,0,0,0,0,0,0,0,0,0,0,0,1,0,0,0,0,0,0,0,0,0,1,0,0,1,0,0,1,0,0,1,1,1,1,0,0,0,0,0,0,0,0,0,0,0,0,0,0,1,5,0,0,0,0,2,0,0,1,0,1,0,0,0,0,2,0,1,2
0,0,0,0,0,0,0,0,0,1,2,0,0,2,0,0,0,0,0,0,1,0,0,0,0,0,0,0,2,0,3,0,0,3,1,0,0,0,0,0,0,0,0,3,2,0,0,2,0,0,0,0,0,0,0,1,1,3,0,0,2,0,0,4,0,2,0,0,0,1,3,0,3,1,1,2,0,3,2,0,0,0,0,0,2,1,0,4,0,0,1,0,0,4,0,0,0,0,0,0,0,1,0,0,0,0,0,0,0,0,0,0,0,0,0,1,1,0,1,0,0,0,1,0,2,0,0,0,0,1,3,0,1,0,2,3,0,1,0,1,0,2,2,0,0,3,2,1,0,0,0,2,0,1,0,1,0,0,0,0,0,0,0,0,2,3,0,0,0,0,0,0,1,0,0,0,0,0,1,0,0,3,0,0,0,0,1,0,0,0,0,0,0,0,0,0,2,0,1,5,0,0,2,3,0,0,0,0,0,1,0,0,0,0,0,0,0,0,4,0,0,0,4,0,0,0,0,0,0,0,3,1,0,0,0,0,0,3,0,0,0,0,0,0,0,0,0,0,0,0,0,0,0,0,0,0
0,1,0,0,0,0,2,0,0,0,2,0,0,2,2,0,0,0,0,0,0,0,0,1,0,0,1,0,2,1,3,0,0,2,0,1,1,0,0,1,0,0,1,2,0,0,0,2,0,0,2,0,0,1,1,0,1,1,2,0,3,0,0,2,0,1,0,0,0,1,2,0,2,0,0,1,0,2,1,0,0,0,0,0,0,0,0,2,1,0,0,0,0,2,0,0,0,0,0,1,1,0,0,0,1,0,1,0,0,0,0,0,0,0,0,0,0,1,1,1,0,0,1,0,1,0,0,1,0,1,3,0,1,0,0,3,1,0,1,1,1,1,0,0,0,1,1,0,0,0,0,0,0,0,0,0,0,0,0,2,0,0,0,0,1,2,0,0,2,0,1,0,0,1,0,1,0,0,3,0,0,2,0,0,0,1,2,0,0,0,0,2,0,0,1,0,1,0,0,2,1,0,0,2,0,2,0,1,1,0,0,1,0,0,0,0,2,0,2,0,0,2,1,0,0,0,0,0,0,0,1,0,0,0,0,0,1,2,0,0,0,0,0,0,0,0,0,0,1,0,1,1,0,0,0,2
0,0,1,0,0,1,1,0,0,0,0,1,0,3,0,0,0,0,1,0,0,1,0,1,0,0,2,0,2,0,3,0,0,2,0,0,0,0,0,1,0,0,0,3,0,0,0,3,0,0,0,0,1,2,1,1,1,1,0,0,4,0,0,2,0,1,0,0,1,2,4,0,2,1,0,2,0,2,1,0,0,0,0,0,0,0,0,3,0,0,0,0,0,3,0,0,0,0,0,0,0,1,0,0,0,2,0,2,0,0,0,0,0,0,0,0,0,0,0,0,0,0,2,0,1,0,0,1,0,2,1,0,1,0,0,2,0,1,1,2,3,2,0,0,0,3,1,2,0,2,0,2,0,0,0,0,2,0,0,2,1,0,0,0,2,2,0,1,0,0,2,0,1,0,0,0,0,0,0,0,0,2,1,0,0,0,3,0,1,0,2,0,0,0,0,0,1,0,0,4,0,0,1,1,0,0,0,0,0,3,0,0,2,0,0,0,0,0,4,0,1,0,2,1,0,0,0,0,0,0,0,0,0,0,0,0,0,5,0,0,0,0,0,0,0,0,0,0,0,0,0,0,0,0,1,1
1,0,0,1,2,0,0,0,0,0,0,0,0,0,0,0,0,0,0,0,0,0,0,0,0,0,0,0,4,0,4,0,0,4,0,2,0,0,0,0,0,0,0,4,0,0,0,0,0,0,0,0,0,0,0,2,0,0,0,0,4,0,0,7,0,2,0,0,0,1,0,0,4,0,0,0,0,4,0,0,0,0,0,0,1,1,0,7,0,0,0,0,0,4,0,0,0,0,1,0,0,0,0,2,0,0,0,0,0,0,0,0,0,0,0,0,0,1,0,1,0,0,0,0,0,1,1,0,0,0,1,0,1,0,0,3,1,0,1,0,1,2,0,3,1,0,3,0,0,1,0,0,0,0,2,0,3,0,0,0,0,0,0,0,0,4,0,0,0,0,0,0,1,0,1,0,0,0,0,0,0,4,0,0,0,0,0,0,0,0,0,0,1,0,0,0,1,0,0,4,0,1,4,6,0,0,0,0,0,5,0,0,1,0,1,0,3,1,6,0,0,0,1,0,0,0,0,0,0,0,0,0,0,0,0,0,0,0,0,0,1,0,0,0,0,0,0,0,0,0,0,0,0,0,1,0
3,0,0,0,1,2,0,1,0,0,2,1,0,2,0,0,0,0,0,0,0,0,0,0,0,1,3,0,1,0,2,0,0,2,0,0,0,0,0,0,0,0,1,2,0,0,0,0,0,0,0,0,0,0,0,0,0,0,0,0,1,0,1,4,1,1,0,0,1,2,3,0,2,0,0,3,0,2,0,0,0,0,0,0,0,0,0,2,0,0,0,1,0,4,0,0,0,0,0,1,0,0,0,0,0,0,0,0,0,0,2,0,0,0,0,1,0,0,0,1,0,0,2,0,0,0,0,2,0,4,6,0,2,0,0,2,0,0,0,0,0,0,3,0,0,2,5,0,0,1,0,0,0,1,0,0,0,0,0,0,0,0,0,1,2,3,0,0,0,0,1,0,0,0,0,0,1,0,0,0,0,2,0,0,0,0,2,0,0,0,0,3,0,0,0,0,0,0,0,2,0,0,2,0,0,0,0,0,0,1,0,0,0,0,0,0,0,0,2,0,1,0,3,0,0,0,3,0,0,0,2,2,0,0,0,0,0,6,0,0,0,0,0,0,1,0,0,0,0,0,0,0,0,0,0,1
0,0,1,0,0,0,0,3,0,0,1,0,0,2,0,0,0,0,0,0,0,0,0,2,0,0,0,0,3,0,4,0,0,3,1,0,0,0,0,0,0,0,0,3,1,0,0,3,0,0,0,1,0,0,0,1,1,1,0,0,3,0,0,3,1,1,0,1,0,1,1,0,3,1,1,1,0,3,0,0,0,0,0,0,0,0,0,3,0,0,0,0,0,2,0,0,1,0,0,0,0,0,0,0,0,0,1,1,0,0,0,1,0,0,1,0,0,0,0,0,0,0,1,0,0,0,0,2,0,1,3,0,1,0,1,3,0,0,0,0,0,0,0,0,0,1,1,0,0,0,3,0,0,0,0,1,1,0,0,0,0,0,0,0,3,3,0,1,1,0,2,0,0,0,1,0,0,0,1,0,3,3,1,0,0,0,4,0,0,0,0,0,0,0,0,0,0,0,0,3,0,0,2,4,0,0,0,0,0,0,0,0,0,0,0,0,0,0,3,0,0,0,3,0,0,0,0,0,0,0,0,1,0,0,0,0,1,4,0,0,0,0,0,0,0,1,0,1,0,0,0,0,0,0,1,1
0,0,1,0,1,0,0,0,0,2,0,0,0,0,0,0,0,0,0,0,3,0,0,0,0,0,1,0,3,0,5,0,0,4,0,0,0,0,0,0,0,0,0,4,2,0,0,3,0,0,1,0,0,3,1,0,2,0,1,0,3,0,0,5,0,0,0,0,0,0,0,0,4,0,0,0,0,4,0,1,1,0,0,0,0,0,0,4,0,0,0,0,0,3,0,0,0,1,1,1,0,0,0,0,0,0,0,2,0,0,0,0,0,0,0,0,0,0,0,0,0,1,0,0,0,0,0,1,0,0,0,0,0,0,1,2,0,1,0,0,0,1,0,0,0,0,2,0,0,1,0,0,0,0,0,0,0,0,0,0,0,0,0,0,0,4,0,0,0,1,0,2,0,3,3,0,0,0,0,0,1,4,0,0,1,0,4,0,0,0,0,1,0,1,0,0,2,0,0,4,1,2,4,4,0,0,1,0,0,1,0,0,0,3,0,0,0,0,5,0,1,1,1,0,0,1,0,0,0,0,0,0,1,0,0,0,0,0,0,0,0,0,0,0,0,0,0,0,1,0,0,0,0,0,1,0
1,0,0,0,0,1,0,0,0,3,0,0,0,0,0,1,0,0,0,1,2,0,0,0,0,0,0,0,4,0,4,0,0,5,0,0,0,0,0,0,0,0,0,4,0,0,0,6,0,0,0,0,0,1,0,0,0,1,0,0,4,0,0,6,0,1,0,0,0,1,0,0,4,1,0,0,1,4,0,2,1,0,0,0,0,1,0,4,0,0,0,0,0,1,0,0,0,0,0,1,0,0,0,0,0,0,0,0,0,0,0,0,0,0,0,0,0,2,0,4,0,0,0,0,1,1,0,0,0,0,1,0,0,0,0,3,0,0,0,0,0,1,0,0,0,0,3,0,0,0,0,0,0,0,0,0,2,0,0,0,0,0,0,0,0,4,0,0,1,0,0,0,0,0,0,0,0,0,3,0,0,4,0,0,0,0,0,0,0,0,0,0,0,0,0,0,0,0,0,5,0,0,7,7,0,0,0,0,0,2,0,0,2,0,0,0,0,0,4,0,0,0,2,0,0,0,0,0,0,0,0,0,0,0,0,0,0,1,0,0,1,0,0,0,0,0,0,0,0,0,0,1,0,0,0,0
0,0,1,1,0,0,0,0,0,1,3,0,0,2,0,0,0,0,0,0,1,0,0,0,0,1,0,0,4,0,4,3,0,3,0,0,0,0,0,0,0,0,0,3,0,0,0,3,0,0,2,0,0,1,1,0,2,2,0,0,3,0,0,3,0,3,0,0,2,0,1,0,3,2,1,0,0,3,0,1,0,0,0,0,0,2,0,4,1,1,0,0,1,2,0,0,0,0,0,0,0,0,0,0,0,0,0,0,0,0,1,0,1,0,0,0,0,2,2,1,0,1,0,1,2,1,0,0,1,0,0,0,0,1,0,2,0,0,0,0,0,3,0,0,0,2,1,0,0,0,0,0,0,0,0,0,0,0,0,1,0,0,0,2,0,3,0,0,5,0,1,0,0,1,0,0,0,0,2,0,0,3,1,0,1,1,0,0,0,0,1,0,0,0,0,0,2,1,0,4,0,0,5,3,0,0,0,0,0,4,0,0,1,0,0,1,0,1,4,0,0,0,2,3,0,0,1,0,0,0,0,0,0,0,1,0,0,1,1,0,0,0,0,0,0,0,0,0,0,0,1,0,0,0,1,0
0,0,0,0,0,0,2,1,0,1,0,0,0,4,2,1,0,0,0,0,0,0,0,0,0,0,2,0,0,0,1,0,0,0,0,0,0,0,0,0,0,0,1,0,0,0,1,1,0,0,1,1,0,0,0,0,1,0,2,0,0,0,2,0,1,0,0,0,0,4,3,0,0,0,0,4,0,0,1,0,1,0,0,0,0,0,0,1,0,0,0,0,0,4,0,1,0,0,0,0,0,0,0,0,0,1,0,1,1,1,0,1,0,0,0,0,0,0,0,0,1,0,4,4,0,0,0,2,0,4,6,0,4,0,0,0,0,0,0,0,1,1,0,0,3,3,1,1,0,0,0,0,0,5,1,0,0,0,0,0,0,0,0,0,4,0,0,0,1,0,3,0,0,0,0,0,0,0,0,0,1,0,0,0,0,0,3,0,0,0,0,1,1,0,0,0,0,0,0,2,0,0,0,0,1,0,0,0,0,0,0,0,0,0,0,1,0,0,1,0,0,2,0,0,0,0,0,0,0,0,2,1,0,1,1,0,0,13,0,0,1,1,0,1,0,0,0,1,0,0,0,0,1,0,0,2
0,0,0,0,2,0,0,0,0,0,1,0,0,2,0,0,0,0,0,0,1,0,0,0,0,0,2,0,2,2,2,0,0,2,0,0,0,0,0,0,0,0,0,2,1,0,0,2,0,0,0,0,0,0,0,0,1,0,0,0,3,0,0,2,0,1,0,0,0,2,3,0,2,0,0,2,0,2,0,0,0,0,0,2,1,0,0,2,0,0,0,0,0,3,1,0,0,0,0,0,0,2,1,0,0,1,0,1,0,0,0,0,0,0,1,0,1,0,0,2,0,0,2,2,0,0,0,1,1,2,4,0,2,0,0,1,0,0,0,2,0,1,0,0,0,2,1,2,0,0,0,0,0,0,1,0,0,0,0,0,1,0,0,0,2,2,0,1,1,0,2,0,0,1,1,0,0,0,1,0,0,2,0,0,0,0,3,0,0,0,0,0,0,0,0,1,1,0,0,2,0,0,2,2,0,0,0,0,0,1,0,0,0,0,0,0,0,0,3,0,2,1,3,0,0,0,0,0,0,0,0,0,1,0,0,0,0,4,0,0,0,0,0,1,0,1,1,1,0,0,0,0,0,0,1,2
0,1,0,0,0,0,0,0,0,0,0,1,0,2,1,0,0,0,0,0,0,0,0,0,0,0,2,0,2,0,3,0,0,2,0,0,0,0,0,0,0,0,0,2,0,0,1,0,0,0,0,0,0,0,0,0,0,0,2,0,2,0,0,2,0,1,0,1,0,2,3,0,3,0,0,3,0,2,1,0,0,0,0,0,1,0,0,2,0,0,0,0,0,4,0,0,0,0,0,0,0,0,0,0,0,0,0,1,0,0,0,1,0,0,1,0,0,1,0,0,0,0,2,0,0,0,0,3,0,2,4,1,2,0,1,2,0,0,0,0,0,0,0,0,1,2,2,2,0,0,0,0,0,1,2,0,0,0,0,1,0,0,0,0,2,3,0,1,0,0,2,1,0,0,0,0,0,0,1,0,0,2,0,0,0,0,3,0,1,0,0,0,0,0,0,0,0,0,3,2,0,0,0,0,0,0,0,0,0,0,0,0,0,0,1,0,0,0,2,0,0,1,1,1,0,0,2,0,0,0,0,1,0,0,0,0,0,4,0,0,1,0,1,0,0,0,0,2,1,0,0,0,0,0,1,2
0,0,0,2,0,0,0,0,0,0,0,0,0,1,0,0,0,0,0,0,0,0,0,0,0,0,1,1,3,0,4,0,0,3,0,0,0,0,0,0,0,0,0,3,2,0,0,2,0,0,1,0,1,2,0,0,1,1,1,1,3,0,1,6,0,3,0,0,0,1,2,0,3,1,1,1,0,3,1,0,0,0,0,1,0,2,0,3,0,1,0,0,0,3,0,0,0,2,0,0,0,1,0,1,0,1,0,0,0,1,0,1,0,0,0,0,0,2,0,0,0,1,2,0,0,0,1,0,1,1,2,0,1,0,0,4,0,0,0,2,0,2,0,0,0,1,2,1,0,0,0,0,0,0,0,2,1,0,0,0,0,0,0,0,1,3,0,0,2,0,1,0,0,0,0,0,0,0,2,0,0,3,0,0,0,1,2,0,1,0,0,0,0,0,1,0,0,0,0,3,1,0,4,5,0,0,0,0,0,1,0,0,1,1,0,0,0,0,3,0,0,0,0,2,0,0,0,0,0,0,1,0,0,0,0,0,0,3,0,0,0,0,0,0,0,0,0,1,0,0,0,0,0,0,1,1
0,0,0,0,4,2,1,0,0,0,1,0,0,1,0,4,0,0,0,0,0,0,0,1,0,1,1,1,2,3,3,0,0,3,0,0,0,0,1,0,0,0,0,3,0,0,0,0,0,0,1,0,0,0,0,0,0,1,0,0,2,0,0,3,0,3,0,2,0,1,4,0,3,0,1,2,2,3,1,0,0,0,0,1,1,0,0,3,1,0,0,0,1,6,0,0,0,0,0,1,0,0,1,0,0,3,0,0,0,0,0,0,1,0,0,0,0,0,0,2,0,0,1,0,0,0,0,1,0,1,2,0,1,0,0,3,0,1,0,1,1,1,0,0,0,3,3,1,0,0,0,0,0,2,0,0,0,0,0,0,1,0,0,0,1,3,0,0,0,0,1,0,0,2,0,0,0,0,0,0,0,3,0,0,0,0,1,0,2,0,1,0,0,0,0,0,0,0,0,3,0,2,5,5,0,0,0,0,0,0,0,0,0,0,0,0,1,0,3,0,2,0,0,1,1,0,1,0,1,0,0,1,0,0,2,0,0,6,1,0,0,0,0,0,0,2,0,1,0,0,0,0,0,1,1,1
0,0,0,0,1,0,0,0,0,0,1,0,0,1,0,1,0,0,0,0,0,0,0,0,0,0,1,0,1,1,3,0,0,2,2,0,0,0,0,0,0,0,0,3,0,0,6,0,0,0,0,2,0,0,1,1,1,1,0,0,1,0,0,5,0,4,1,0,0,2,2,2,1,0,0,2,0,1,2,1,2,0,0,0,2,0,1,3,0,0,0,0,0,5,0,0,0,0,0,0,0,0,0,0,0,1,1,0,0,0,0,0,0,0,0,0,0,2,0,0,0,0,2,0,2,0,0,1,0,1,1,0,1,0,0,3,0,1,0,0,1,0,0,0,0,2,2,1,0,0,0,0,1,0,1,0,0,0,0,1,0,0,0,1,2,3,1,0,1,0,2,0,0,0,0,0,1,0,0,0,0,2,0,0,0,3,6,0,1,0,0,0,0,0,2,0,0,0,1,3,0,0,1,3,0,0,0,1,0,0,1,0,0,0,0,2,0,0,3,0,1,0,1,0,0,1,0,0,0,0,0,0,0,0,0,0,0,4,0,0,1,0,0,1,0,0,0,0,0,0,0,0,1,0,0,3
2,2,2,0,0,1,2,0,0,0,2,0,0,2,0,0,0,0,0,0,1,0,0,0,0,0,1,0,2,0,2,0,0,2,0,0,0,0,0,0,0,0,0,2,0,0,0,2,0,0,0,0,0,1,1,0,1,1,0,0,1,0,0,2,0,0,0,0,0,2,3,0,2,0,0,3,0,2,0,0,0,0,0,1,0,0,0,2,0,0,0,2,0,2,0,0,0,0,2,0,0,0,1,0,0,1,0,0,0,0,0,0,1,0,0,0,0,0,1,0,0,0,2,0,0,0,0,2,1,2,5,0,2,0,0,3,0,1,0,2,0,2,0,0,2,2,1,1,0,0,0,1,0,4,0,0,1,0,0,1,0,1,0,0,2,2,1,0,0,1,3,0,1,0,1,0,0,0,0,0,1,2,1,0,0,0,6,0,0,0,0,0,0,0,0,0,0,0,0,2,0,2,0,1,0,0,0,0,0,1,0,0,1,1,0,2,0,0,2,1,0,0,3,0,0,0,0,0,0,0,0,1,1,1,0,0,0,6,0,0,0,0,0,0,0,0,0,1,1,0,0,0,0,0,0,3
1,0,0,0,0,0,0,0,0,1,1,0,0,0,0,0,0,0,0,0,1,0,0,0,0,0,0,0,3,0,3,0,0,4,0,0,0,1,0,0,0,0,0,6,2,0,0,1,1,1,2,0,0,8,0,0,2,2,1,2,3,0,1,4,0,1,0,0,0,0,0,0,3,0,1,0,0,3,0,1,0,0,1,1,1,0,0,3,3,0,0,0,0,2,0,0,0,0,3,0,0,0,0,0,0,0,0,0,0,0,0,1,1,0,0,1,0,2,1,4,0,0,0,1,0,0,0,0,0,0,3,0,0,2,0,4,0,1,0,1,0,0,0,0,0,0,2,0,0,0,0,0,0,3,3,0,0,0,0,0,0,0,0,2,0,3,0,0,2,0,0,0,0,0,1,0,1,0,2,0,0,4,0,0,0,0,0,0,0,0,1,0,0,0,0,0,0,0,1,4,0,1,6,5,0,0,0,0,0,2,0,0,2,1,0,0,0,0,3,1,2,0,0,1,0,1,1,0,0,0,0,1,0,1,0,0,1,1,0,0,1,0,1,0,0,0,0,0,0,1,0,0,1,0,0,1
4,0,0,1,0,3,0,0,0,1,1,0,0,1,0,0,0,0,1,0,1,1,0,0,0,0,1,0,2,0,3,0,0,2,0,0,0,0,0,1,0,0,0,2,2,0,0,1,0,0,0,0,0,2,0,0,2,0,5,0,3,0,3,2,0,0,0,0,1,2,2,0,2,1,0,1,0,3,1,0,0,1,1,1,0,0,0,2,0,0,0,0,0,2,0,0,0,0,0,1,0,1,0,0,1,0,0,0,1,1,0,0,0,0,0,1,0,3,0,0,0,0,3,1,2,0,1,1,0,1,5,1,1,0,0,4,0,0,3,3,0,1,1,0,0,1,3,1,1,0,0,1,1,3,0,0,0,0,0,1,0,0,0,0,1,3,1,0,0,0,2,0,4,0,1,0,1,0,0,0,0,2,0,0,0,0,3,1,0,0,0,0,0,0,0,0,0,4,0,2,0,2,2,5,0,1,0,0,1,6,0,1,0,1,0,2,0,0,2,0,0,1,2,1,0,0,0,0,0,0,0,0,0,0,0,1,0,2,0,0,1,0,0,0,0,0,3,1,1,0,0,0,0,0,0,1
2,0,1,0,1,0,0,0,0,2,1,0,0,3,0,0,0,0,0,0,0,0,0,0,0,0,2,0,1,0,2,0,0,1,0,0,0,2,0,0,0,0,0,2,0,0,0,1,1,0,0,1,0,2,0,0,1,0,0,0,1,0,0,2,0,1,0,0,1,1,1,0,1,0,0,1,0,2,1,0,0,0,1,0,1,0,0,2,0,0,0,0,0,2,0,0,0,0,0,0,0,0,0,0,0,0,0,0,0,0,0,1,0,0,0,0,1,0,0,0,1,0,2,0,0,0,0,1,0,2,1,0,1,4,0,2,0,0,0,0,0,0,1,0,0,3,3,1,0,0,0,0,0,1,1,0,0,0,0,0,0,0,0,2,1,2,0,0,0,1,1,0,0,1,1,0,1,0,1,0,0,2,0,0,3,0,1,0,0,0,1,0,0,1,0,0,1,0,0,2,0,0,1,1,0,0,1,0,0,2,0,0,1,0,0,1,1,0,4,0,1,1,1,0,0,0,0,0,0,0,0,0,0,0,0,0,1,2,0,0,0,0,0,0,0,1,1,0,0,0,0,0,0,0,0,0
0,0,1,0,1,0,0,0,0,2,1,0,1,1,0,0,1,0,0,0,2,1,0,0,0,0,1,0,3,1,1,1,0,3,2,2,0,0,1,0,0,0,0,3,0,0,0,3,1,0,0,0,0,0,0,1,1,1,0,0,4,0,0,3,0,0,0,0,0,1,2,0,3,0,1,1,0,3,1,2,1,0,0,0,2,0,1,5,1,0,0,0,0,1,0,0,0,0,0,0,0,0,1,0,0,0,1,0,1,0,0,0,0,1,1,0,3,1,0,0,0,0,1,0,0,1,0,0,0,0,1,0,0,1,0,3,0,1,0,0,1,1,0,0,0,0,3,0,0,0,0,0,0,0,0,0,0,0,0,0,0,0,0,0,0,3,0,0,0,1,0,1,0,0,1,0,0,0,0,0,0,3,0,0,2,1,0,0,0,0,0,0,0,0,1,1,0,0,0,3,0,0,7,5,0,0,0,1,0,7,0,0,2,0,0,1,0,0,3,1,1,0,4,0,0,1,0,1,0,0,0,0,0,0,0,0,2,0,0,0,0,0,0,0,0,0,0,0,0,0,0,1,0,0,0,0
1,1,0,0,0,1,0,0,0,0,2,0,0,3,0,0,0,0,0,1,1,0,0,0,1,0,2,0,1,0,3,0,0,2,0,3,0,0,0,0,0,0,1,2,1,0,0,3,0,0,0,0,0,0,0,0,2,0,1,0,1,0,0,3,0,1,0,0,0,2,2,0,2,0,0,2,0,2,0,0,0,0,0,0,0,0,0,2,0,0,0,0,0,2,0,0,0,0,0,1,0,0,0,0,0,1,0,0,0,4,0,0,1,0,0,0,0,2,0,0,0,0,2,0,0,1,0,2,0,2,6,0,2,0,1,2,0,0,0,1,0,1,1,0,1,2,0,1,0,0,3,0,0,0,1,0,1,0,1,0,0,0,0,0,3,2,0,0,0,0,1,0,3,0,0,0,0,0,2,0,3,2,0,0,0,0,3,0,0,0,0,1,0,0,0,0,1,1,0,2,0,0,5,5,0,0,0,0,0,3,0,0,2,0,0,3,0,0,2,0,0,2,4,0,0,0,1,0,0,0,1,1,1,0,0,0,0,5,0,0,0,0,0,0,0,0,0,0,1,0,0,0,0,0,0,1
0,1,0,0,1,0,1,0,0,0,0,0,0,2,0,0,0,0,0,1,0,0,0,0,0,0,1,0,2,1,2,0,0,2,0,4,0,0,1,0,0,0,1,2,0,1,2,2,0,0,0,0,0,0,0,1,1,0,1,0,2,0,0,3,0,5,0,2,0,2,3,0,2,0,0,2,0,2,1,2,0,0,0,0,0,0,0,2,0,0,3,0,2,3,2,0,0,0,0,0,0,1,1,0,0,0,0,0,1,0,0,1,0,0,1,0,2,0,0,0,0,1,3,0,0,0,0,3,0,2,3,0,2,0,0,4,0,2,0,0,0,0,0,0,0,2,1,0,0,0,0,0,0,0,1,0,2,0,0,0,0,1,0,0,2,2,1,1,1,0,1,0,0,1,0,0,0,0,1,0,0,2,0,0,0,0,3,1,1,0,0,0,0,0,0,0,1,0,0,2,0,0,2,1,0,0,0,0,0,2,0,0,0,0,0,0,0,0,2,0,0,0,0,0,0,0,1,2,0,0,0,0,0,0,0,0,0,4,0,0,0,0,1,2,0,2,0,1,0,0,0,0,0,0,1,1
1,0,0,0,1,0,1,0,0,0,3,0,0,2,0,1,0,0,0,0,0,0,0,0,0,0,1,0,3,1,4,0,0,3,0,0,0,0,1,0,0,0,0,3,0,0,0,2,0,0,0,0,0,0,0,1,1,0,0,0,3,0,0,4,0,2,0,0,0,1,1,0,3,0,1,1,0,3,1,0,0,0,0,0,1,0,0,3,0,0,0,0,0,4,0,0,0,0,0,0,0,0,0,1,0,0,0,0,0,1,0,0,0,0,0,0,0,0,0,2,0,0,1,0,0,0,0,1,0,1,1,0,1,1,0,3,0,0,0,0,0,1,0,0,0,2,2,0,0,1,0,0,0,0,0,0,1,0,0,0,0,0,0,0,1,3,0,1,0,0,1,0,0,1,0,0,0,0,1,0,0,3,0,0,0,0,2,0,1,0,0,0,0,0,0,0,1,0,0,3,0,0,1,1,0,0,0,0,0,3,0,0,2,0,0,0,0,0,3,0,0,0,1,2,0,0,0,0,0,0,0,0,0,0,0,0,0,2,0,0,0,2,0,1,0,0,0,3,1,0,0,0,0,1,0,2
0,0,0,0,0,0,0,0,0,1,0,0,0,2,0,0,0,0,0,0,0,0,0,0,0,0,2,0,1,0,2,0,0,1,0,0,1,0,0,0,0,0,0,2,0,0,2,2,0,0,0,0,0,0,0,0,0,1,0,1,1,0,0,1,0,2,0,0,0,3,5,0,1,0,0,3,0,1,1,0,0,1,0,0,0,0,0,2,0,0,0,0,0,3,0,0,0,0,0,0,0,2,0,0,0,1,0,2,0,2,0,1,0,0,0,1,1,0,1,0,0,0,2,0,0,0,0,2,0,3,3,0,3,0,1,2,0,0,0,0,0,1,2,0,0,5,2,0,0,0,0,0,0,2,3,0,3,0,0,0,0,0,0,0,3,1,0,0,1,0,2,0,0,0,0,0,0,0,0,0,0,1,0,0,0,0,2,0,0,0,0,0,0,1,1,0,0,0,0,2,0,0,1,0,0,0,0,0,0,1,0,1,0,0,0,1,0,0,2,0,1,1,0,0,0,0,0,0,0,0,2,1,0,0,0,0,0,4,0,0,0,0,0,0,0,0,0,0,0,0,0,0,0,1,0,3
0,0,0,0,0,0,2,0,0,0,0,0,1,1,0,0,0,0,0,0,0,0,0,0,0,0,1,0,3,0,3,0,0,3,0,3,0,0,0,1,0,0,0,3,0,0,1,1,0,0,0,0,1,0,0,0,2,0,0,0,4,1,0,3,0,1,1,0,0,1,1,2,3,0,2,1,0,3,0,0,1,0,0,0,0,3,0,3,0,0,0,0,0,3,0,0,0,0,0,1,0,0,1,1,0,1,0,1,0,0,0,1,2,0,0,0,0,1,1,0,0,0,1,0,0,0,0,1,0,1,1,0,2,0,3,2,0,0,0,1,0,1,0,0,0,1,1,0,0,1,1,0,0,0,0,1,0,1,0,0,0,0,0,0,1,3,0,0,0,0,1,0,0,0,1,0,0,0,0,0,0,3,0,0,0,0,1,0,0,0,0,0,0,0,0,1,1,0,0,4,0,0,5,4,0,0,0,0,0,0,0,0,1,0,0,0,0,0,3,0,0,0,3,0,0,0,0,0,0,0,0,0,0,0,0,0,1,4,0,1,0,0,0,0,0,0,0,1,0,0,0,0,0,0,0,1
2,0,1,0,0,1,0,0,0,0,0,1,0,2,0,0,1,0,0,0,0,0,0,0,0,0,2,0,2,0,2,0,0,2,0,0,0,0,0,0,0,0,0,2,0,0,0,0,0,0,0,0,0,0,0,0,0,0,0,1,2,0,0,4,0,1,0,0,0,2,4,0,2,0,0,2,0,2,0,1,1,0,0,1,0,0,0,2,2,0,0,0,0,4,0,0,0,0,0,0,0,1,0,0,0,2,0,0,0,0,1,1,0,0,0,0,0,0,0,2,0,0,2,0,0,0,0,2,0,3,5,2,2,0,1,3,0,0,0,1,0,0,0,1,3,2,3,1,0,1,0,1,0,1,2,0,5,0,0,0,0,0,0,0,2,2,0,0,0,0,2,0,0,0,0,0,0,0,0,0,0,2,0,1,0,0,3,2,0,0,0,0,0,0,1,0,1,1,0,4,0,0,5,5,0,0,0,0,0,4,0,0,0,0,0,0,0,0,3,0,0,0,0,0,0,0,1,0,0,0,0,1,0,0,1,0,0,6,0,0,0,0,2,0,1,2,0,0,0,0,0,0,0,1,0,2
0,2,0,0,2,0,1,0,0,1,1,0,0,1,0,0,0,0,0,0,1,0,0,0,0,0,0,0,3,0,3,2,0,3,0,0,0,0,0,0,0,0,0,3,0,0,0,0,0,0,0,0,0,0,0,0,0,1,0,0,3,0,0,4,0,2,1,0,0,1,4,1,6,1,0,1,0,3,0,0,0,1,0,0,0,0,0,5,0,0,0,3,0,5,0,0,0,0,0,0,0,0,0,0,0,2,0,0,0,0,0,0,0,0,0,0,1,0,0,2,0,0,2,1,1,0,0,3,0,1,1,0,1,0,0,7,0,0,1,0,0,2,0,0,0,1,4,1,0,0,0,0,0,1,1,0,4,0,0,1,0,0,2,1,1,3,0,1,0,0,0,0,1,0,0,0,0,0,0,0,0,3,0,0,0,0,2,0,0,0,0,0,0,0,0,0,0,0,3,5,0,0,3,5,0,0,0,0,2,0,1,0,1,0,0,2,0,0,3,0,0,0,2,1,0,0,1,0,0,0,0,0,0,0,0,0,1,1,0,0,0,0,0,0,0,0,0,1,0,1,0,0,0,0,1,1
0,0,0,0,1,0,1,0,0,0,2,1,0,3,0,2,0,0,0,0,1,0,0,0,0,0,2,0,2,1,2,0,0,2,0,0,0,0,0,0,0,1,0,2,0,0,0,1,1,0,0,0,0,0,0,0,1,0,1,0,2,0,1,2,0,1,0,0,0,2,2,0,2,0,1,2,0,2,0,0,0,0,0,0,1,0,0,2,0,0,0,0,0,3,0,0,0,0,0,0,0,0,1,0,0,1,0,1,0,0,0,1,0,0,0,1,0,0,0,0,0,0,2,0,0,0,0,2,0,2,5,0,2,0,0,3,1,0,0,1,0,1,0,0,0,4,1,1,0,1,0,0,0,1,1,0,0,0,0,0,0,0,0,0,2,2,0,0,2,0,2,0,0,1,0,0,0,0,0,0,0,2,0,0,0,0,3,0,1,0,0,0,0,0,0,0,0,0,0,4,0,0,3,2,0,0,0,0,0,2,0,0,1,0,0,0,0,0,3,0,1,0,0,1,0,0,0,0,1,0,2,0,0,0,0,0,0,4,0,0,0,0,0,1,0,1,0,0,0,1,0,0,0,1,0,2
0,0,1,0,1,0,0,0,0,1,3,0,0,0,0,0,0,0,0,0,2,0,0,0,0,0,0,0,3,0,4,0,0,4,0,0,0,0,0,0,0,0,0,4,0,0,0,0,0,0,0,0,0,2,0,1,2,0,0,0,3,0,0,4,0,1,0,0,0,0,1,0,4,0,0,1,0,4,0,0,0,0,0,0,0,0,0,4,0,0,0,0,0,5,0,0,0,0,0,0,0,0,0,0,0,0,0,1,0,0,0,0,0,0,0,0,1,0,0,0,0,0,1,0,1,0,0,0,0,0,1,0,0,0,0,4,0,0,0,0,0,1,0,0,0,0,3,0,0,0,0,0,0,0,0,0,0,0,0,0,0,0,0,1,0,4,0,0,0,0,0,0,0,0,1,0,0,0,0,0,0,4,0,0,0,0,1,0,0,0,0,0,0,0,0,0,0,0,1,5,0,0,1,1,0,0,0,0,0,3,0,0,0,1,0,0,0,0,4,0,0,0,3,0,0,0,1,0,0,0,0,1,0,0,0,0,0,1,0,0,0,0,0,0,0,0,0,1,0,0,0,1,0,0,1,0
0,0,0,0,3,0,2,0,0,0,0,0,0,2,0,0,2,0,0,0,0,0,0,0,1,0,1,0,2,1,2,1,0,2,0,1,0,0,0,1,0,0,0,2,0,0,4,1,0,0,0,0,1,0,0,2,1,1,0,0,2,0,0,2,0,1,0,0,0,2,3,0,3,0,0,2,0,2,0,0,0,0,0,0,1,0,0,2,0,0,0,0,0,4,0,1,0,0,0,0,0,0,0,0,0,0,0,0,0,0,0,0,0,0,0,0,0,0,0,0,0,0,2,0,0,0,0,2,0,2,2,0,3,0,1,4,0,0,0,1,0,2,0,0,0,2,2,0,0,0,0,0,0,2,1,1,0,0,0,0,0,0,1,0,2,2,0,0,0,0,3,0,0,2,1,0,1,0,1,0,0,2,0,0,0,1,4,0,1,1,0,0,0,0,0,0,0,0,0,2,0,0,2,1,0,0,0,0,0,0,0,0,0,0,0,0,0,0,2,0,0,0,0,1,0,2,1,0,0,0,0,0,0,0,0,0,1,5,0,0,0,0,0,0,0,0,0,1,1,0,0,0,0,0,1,1
1,0,0,0,1,0,0,0,0,0,1,0,0,2,0,0,0,0,0,0,0,1,0,0,0,0,1,0,2,1,2,0,0,2,0,0,0,0,1,0,0,0,1,2,0,0,1,0,0,0,0,0,0,0,0,1,1,0,0,0,2,0,0,2,0,1,1,0,0,3,1,0,2,0,0,2,0,2,0,2,1,0,0,0,1,0,0,2,0,0,0,0,0,4,0,0,0,0,0,0,0,0,1,0,0,1,0,1,0,1,0,0,0,0,0,0,0,0,0,0,0,0,2,0,1,0,0,2,0,2,3,0,2,0,0,2,0,0,0,0,0,0,0,0,1,2,1,2,0,0,0,0,0,0,0,0,0,0,0,0,0,0,0,0,2,2,0,0,0,0,1,0,0,0,0,0,0,0,0,0,0,2,0,0,1,0,2,0,0,0,0,0,0,0,1,0,0,0,0,2,0,0,2,1,0,0,0,0,0,1,0,0,0,0,0,0,2,0,2,0,0,1,1,0,0,0,0,0,0,0,0,1,0,0,0,0,0,4,0,0,0,0,0,0,0,2,0,0,1,0,0,0,0,0,0,2
0,0,0,0,4,1,2,1,0,0,4,2,1,2,3,0,1,0,1,0,0,0,0,0,0,0,2,0,4,0,2,0,0,2,0,5,0,0,3,1,0,2,0,2,0,0,0,1,0,0,0,0,0,1,0,0,1,0,0,0,2,0,0,2,0,6,2,0,0,2,2,2,4,0,0,2,0,2,0,1,1,0,0,0,0,0,0,2,0,3,0,1,0,3,0,0,0,0,0,0,0,0,0,0,0,0,0,0,1,0,0,1,0,0,0,0,0,0,0,0,0,0,2,0,0,0,0,4,0,2,2,1,2,0,0,2,0,0,0,0,0,0,1,0,0,3,1,0,0,0,0,0,0,0,0,0,0,0,0,0,0,0,0,0,2,2,0,0,0,0,2,0,0,0,0,0,0,0,0,0,0,2,0,0,0,0,2,0,0,0,0,0,0,1,0,0,0,0,0,2,0,2,1,3,0,0,0,0,0,5,0,0,0,0,0,1,0,0,2,0,0,2,4,0,0,0,0,0,0,0,1,0,0,0,0,0,0,4,1,0,0,1,0,0,0,0,0,0,0,0,1,0,0,0,2,2
0,0,1,0,0,2,0,0,0,1,0,0,0,1,0,1,0,0,0,0,1,2,0,0,3,1,0,1,3,0,5,0,1,3,0,1,0,0,0,1,0,2,0,4,1,0,0,1,0,0,0,1,0,2,0,1,1,0,0,0,3,0,0,4,0,4,0,0,0,0,0,0,3,0,1,0,0,5,0,1,0,0,0,0,0,1,0,4,0,0,0,0,0,3,0,0,0,0,0,0,0,0,1,0,0,0,0,0,0,0,0,0,0,0,0,0,0,1,0,2,0,0,1,0,0,0,0,0,1,0,1,0,0,0,0,2,0,0,0,1,0,0,0,0,0,2,1,0,0,0,0,1,0,0,0,0,2,0,1,0,0,0,0,0,0,4,1,1,0,0,0,0,1,0,2,0,0,0,0,0,0,3,0,0,0,1,1,0,0,0,2,0,0,0,0,0,1,0,0,4,0,1,2,5,0,0,0,0,0,5,1,0,2,0,1,0,0,2,4,0,1,1,2,1,0,1,1,0,0,0,0,0,0,0,0,0,0,0,0,1,0,2,0,0,0,0,0,2,0,0,0,0,0,0,1,0
0,0,0,0,0,0,0,0,0,0,2,2,0,4,0,0,0,0,0,0,0,0,0,0,0,0,1,0,2,0,2,0,0,2,0,0,1,0,0,1,0,0,1,2,0,0,0,1,0,0,0,0,0,1,0,0,1,0,0,1,2,0,0,2,0,0,0,0,1,2,2,0,2,1,0,2,0,2,0,0,1,1,0,0,0,0,0,2,0,0,0,0,0,4,0,1,0,0,0,0,0,0,0,1,0,4,0,0,0,1,0,0,0,0,0,0,0,0,1,0,3,0,3,0,0,0,0,3,0,2,2,0,2,0,0,1,0,1,0,1,0,1,0,1,0,2,1,1,0,0,0,0,0,2,4,0,0,0,0,0,0,0,0,1,2,2,0,1,1,0,1,0,4,0,1,0,0,0,1,1,0,2,0,0,0,0,4,0,0,0,0,0,0,0,0,0,2,0,0,2,0,1,0,1,0,1,0,0,2,4,1,0,2,0,0,6,0,0,2,0,0,0,2,0,0,0,0,0,0,0,0,0,0,0,0,0,0,6,0,0,0,0,0,0,0,0,0,0,0,0,0,0,0,1,0,4
1,1,1,0,0,0,2,1,0,1,1,0,0,1,0,0,0,0,0,0,0,1,1,0,0,0,1,0,3,0,3,0,0,3,1,2,0,0,1,0,0,0,0,3,0,0,0,2,0,0,0,0,0,0,0,0,2,0,3,1,3,0,0,3,0,2,0,0,0,1,2,0,3,0,0,1,0,3,0,1,1,0,0,0,0,0,0,3,0,0,0,0,0,2,0,0,0,0,0,0,0,0,0,0,0,1,0,0,0,1,0,0,0,0,0,0,0,0,0,0,0,0,1,0,0,0,0,1,0,1,2,0,1,0,0,3,0,0,0,1,0,0,1,0,0,1,1,1,0,0,0,0,0,0,1,0,1,0,0,0,0,0,0,0,1,3,0,0,2,1,1,0,0,1,1,0,0,0,2,0,0,3,0,0,0,0,2,0,0,0,0,0,0,0,0,0,0,0,0,3,0,0,3,3,0,0,0,0,0,2,0,0,0,0,0,2,0,0,3,0,0,1,1,0,0,0,0,0,0,0,0,0,0,0,1,0,0,3,0,0,0,0,0,0,0,0,0,0,0,0,0,0,0,0,0,2
0,0,0,0,0,0,0,1,0,0,1,0,0,2,0,0,0,0,0,0,0,0,0,0,0,0,1,0,1,1,2,0,0,1,1,0,0,0,0,0,0,0,1,2,1,1,4,2,1,2,0,0,0,1,0,0,0,0,2,0,1,1,0,1,0,0,0,0,0,3,4,0,1,0,0,3,0,1,0,0,0,0,0,0,0,0,0,2,0,0,1,0,1,3,0,0,0,0,0,0,0,0,0,0,0,3,0,1,0,0,0,0,0,0,1,0,0,1,0,1,0,1,2,2,2,0,0,3,0,3,4,0,2,0,0,3,0,1,0,2,0,1,0,1,0,4,2,1,0,1,0,0,0,0,1,0,2,1,0,0,0,0,0,0,3,1,2,1,0,0,2,1,1,0,0,1,0,0,1,0,1,1,0,0,0,1,2,0,0,0,0,0,0,0,0,0,0,0,0,2,0,1,0,0,0,0,0,0,1,0,0,1,0,0,0,1,0,0,2,0,0,1,0,0,0,1,1,0,0,0,0,0,0,0,0,0,1,8,0,0,0,0,0,0,0,1,1,0,0,0,0,0,0,1,1,6
0,0,0,0,0,0,0,0,0,0,0,0,0,2,0,0,0,0,0,0,1,0,0,0,0,0,1,0,1,0,3,0,0,1,0,0,0,0,0,0,0,0,0,2,1,0,1,1,1,0,0,0,0,3,0,0,1,0,1,1,1,0,0,2,0,1,0,0,1,3,3,0,1,0,0,3,0,1,1,1,0,1,1,0,0,0,1,2,0,0,0,0,0,4,0,0,0,0,1,0,0,0,0,0,0,0,1,1,0,0,0,0,0,0,0,1,0,0,0,1,0,3,1,1,0,0,2,0,0,1,1,1,0,0,0,4,0,0,0,1,0,0,0,0,1,2,1,1,0,1,0,0,0,0,0,0,1,0,0,0,0,0,0,0,2,2,1,0,0,1,2,0,0,0,0,0,0,1,0,0,1,1,0,0,0,0,2,0,0,0,0,0,0,0,0,0,0,2,0,2,0,0,1,2,0,0,0,0,0,0,0,0,1,0,0,0,0,0,3,1,0,0,1,0,0,0,0,0,0,0,1,0,0,0,0,1,0,4,0,0,0,0,0,0,0,0,2,1,0,0,0,0,0,0,1,1
0,0,0,0,1,0,0,1,0,0,2,0,0,2,1,0,2,0,0,0,1,0,0,0,0,0,2,0,2,1,2,0,0,2,1,1,0,0,0,0,0,0,0,2,0,0,2,0,0,0,0,0,0,0,0,1,0,0,1,1,2,0,1,2,0,2,0,0,0,2,2,0,2,0,0,2,0,2,0,0,0,0,0,0,0,0,0,2,1,0,0,0,0,4,0,0,0,0,0,0,0,0,0,0,0,1,0,2,0,0,0,2,0,0,0,2,0,0,0,1,0,0,2,1,0,0,0,3,0,2,6,0,2,0,0,2,0,0,0,0,0,1,0,1,0,3,2,0,0,0,0,0,0,0,0,0,0,0,0,1,0,0,0,0,2,2,0,0,0,0,2,0,0,0,0,0,0,0,0,0,0,2,0,0,0,0,4,0,0,0,0,0,0,0,0,0,1,0,0,2,0,0,3,4,0,0,0,3,0,1,0,0,1,0,0,0,0,0,2,2,0,0,3,0,0,0,0,0,0,0,0,0,0,0,0,0,0,4,0,0,0,1,0,0,0,0,0,0,1,1,0,0,0,0,0,1
0,0,0,0,0,0,0,0,0,0,0,0,0,1,0,0,0,0,0,0,0,0,0,0,0,0,0,0,4,0,4,1,0,4,0,0,0,0,0,0,0,0,0,4,1,0,0,1,0,0,0,0,0,0,0,0,0,3,0,1,4,0,1,6,0,2,0,0,0,0,0,0,4,1,0,0,1,4,0,2,0,0,0,0,0,1,0,4,0,0,0,0,0,3,0,0,0,0,0,0,0,0,0,0,0,0,0,0,0,0,0,0,0,0,0,0,0,0,0,0,0,0,0,0,0,0,0,0,0,0,1,0,0,0,0,4,0,0,0,0,0,1,0,0,0,3,2,0,0,1,0,0,0,0,0,0,5,0,0,0,0,0,0,0,0,4,0,0,1,0,2,0,0,0,0,0,0,0,0,0,0,4,0,0,0,0,2,0,0,0,0,0,0,0,0,0,1,0,0,4,1,0,5,5,0,0,0,0,0,3,0,0,0,0,0,1,0,0,4,0,0,1,2,1,0,0,0,0,0,0,0,2,0,0,0,0,2,0,0,0,0,0,0,1,0,0,0,0,0,0,0,0,0,0,0,0
1,0,1,0,3,0,0,0,0,0,2,1,0,1,0,0,0,0,0,0,1,0,0,0,0,1,0,0,3,1,3,0,0,3,0,0,0,0,0,0,0,0,0,3,0,0,0,4,0,0,1,0,0,1,0,1,2,0,0,0,3,0,0,3,0,2,0,0,0,1,1,0,3,0,0,1,0,3,0,0,0,0,0,0,3,0,0,3,0,0,0,0,3,2,0,0,0,0,0,0,0,0,1,0,0,0,0,0,0,1,0,0,0,0,0,0,0,0,0,0,0,0,1,0,0,0,0,0,0,1,6,0,1,0,0,3,0,1,0,0,0,0,1,1,1,1,1,0,0,0,2,0,0,2,0,0,1,0,0,0,0,0,0,0,1,3,0,0,3,0,4,0,1,0,0,0,0,0,0,0,1,3,0,0,0,0,1,0,1,0,0,0,0,0,0,0,0,0,1,5,0,0,10,8,2,0,0,3,1,3,0,0,3,0,0,0,0,0,3,0,1,0,0,2,0,0,0,0,0,0,0,0,0,0,0,0,1,2,0,0,0,0,0,0,0,0,0,1,0,1,0,0,0,0,0,1
0,0,0,0,1,2,0,0,0,0,3,0,0,0,0,3,0,0,1,0,1,0,0,0,0,1,0,0,4,1,4,0,0,4,0,6,0,0,0,3,0,0,0,4,0,0,2,0,0,1,0,0,0,0,0,2,3,1,1,0,4,0,0,4,0,1,1,0,0,1,0,0,4,1,0,0,0,4,0,1,0,0,0,0,0,1,0,4,1,0,0,0,0,4,0,0,0,0,0,0,0,0,0,0,0,0,0,0,0,1,0,0,0,0,0,0,0,0,0,3,0,0,0,0,0,0,0,0,0,0,2,0,0,1,0,3,1,0,1,2,0,2,0,2,0,2,2,0,0,0,4,1,0,0,0,0,1,0,2,0,0,0,2,0,1,4,0,0,2,0,1,0,0,1,0,0,1,0,1,0,0,4,0,0,0,0,4,0,0,0,0,0,0,0,0,0,2,0,0,5,2,0,10,6,0,0,0,1,0,6,0,0,0,0,0,0,0,0,4,1,0,0,5,2,0,0,0,0,0,0,0,0,0,0,0,0,0,0,0,0,0,0,0,0,0,0,0,1,0,0,0,0,0,0,1,0
0,0,0,1,0,0,0,0,0,0,0,0,0,1,0,1,0,0,0,0,0,0,0,1,0,0,1,0,3,0,2,0,0,3,0,0,0,0,0,1,0,0,0,3,0,0,0,1,0,0,3,0,0,1,0,0,3,1,0,0,3,0,1,3,0,0,0,0,0,1,1,0,3,0,0,1,0,3,0,0,0,0,0,0,0,0,0,3,0,0,0,0,0,3,0,0,0,0,0,0,0,0,0,0,0,1,0,0,0,2,0,0,0,0,0,0,0,0,0,0,0,0,1,0,0,0,0,1,0,1,1,0,1,0,0,3,0,1,0,0,0,0,0,0,0,1,1,1,0,0,1,1,0,0,1,0,0,0,0,0,0,0,0,0,1,3,0,0,0,0,1,0,0,0,1,0,0,0,0,0,0,3,0,0,0,0,2,0,0,0,0,0,0,0,0,0,0,0,0,4,0,0,3,3,0,0,0,0,0,1,0,0,0,0,0,0,0,0,3,0,0,0,2,2,0,0,0,0,0,0,0,2,0,0,0,1,0,2,0,1,0,0,0,0,0,0,1,1,0,0,0,0,0,0,0,1
1,0,1,2,1,1,1,0,0,1,1,1,1,1,0,2,0,0,0,0,1,0,0,0,0,0,1,0,3,1,3,1,0,3,0,0,0,0,0,0,0,0,0,3,0,0,0,0,0,0,2,0,0,4,0,0,3,1,0,0,3,0,1,3,0,3,0,0,1,1,1,0,3,1,0,1,0,6,0,3,0,0,0,0,0,0,0,3,0,2,0,0,0,4,0,0,0,1,0,0,0,0,0,0,0,1,0,0,0,0,0,0,0,0,0,0,0,1,0,1,0,0,1,0,0,0,1,1,0,1,1,0,1,0,1,1,0,0,3,0,0,1,1,1,0,1,0,0,0,0,0,0,0,2,1,0,0,0,0,0,0,1,0,1,1,3,0,0,4,0,1,3,0,0,1,0,0,0,0,0,0,3,0,1,0,0,4,0,0,0,0,0,0,0,0,0,0,0,1,4,0,1,4,3,0,0,0,0,0,0,0,0,0,0,0,0,0,0,3,0,0,0,0,0,0,0,0,1,0,0,0,0,0,0,0,0,0,3,0,1,0,0,0,0,0,0,0,0,0,0,0,0,0,1,0,1
1,0,2,0,2,1,0,1,0,0,1,0,1,2,0,0,0,0,0,0,0,0,0,0,0,0,1,1,2,1,3,0,0,2,0,0,0,0,0,0,0,0,0,2,0,0,2,1,0,0,3,0,0,0,1,0,0,0,0,0,2,0,0,2,1,2,0,0,0,1,2,0,2,0,0,1,0,2,1,3,0,0,0,2,2,0,0,2,1,0,0,0,0,2,0,0,0,0,0,0,0,0,1,0,0,1,4,0,0,1,0,0,0,2,0,1,0,0,0,1,0,0,1,0,1,0,1,0,1,1,2,4,1,0,0,2,0,1,0,0,0,0,0,0,0,2,1,1,0,0,1,0,1,1,1,0,0,2,1,0,0,0,3,0,1,2,1,0,1,0,2,0,1,0,0,0,0,0,0,0,2,2,0,2,0,2,1,0,1,0,0,0,0,0,2,0,0,0,1,3,0,1,8,8,0,1,0,7,0,2,0,0,0,0,0,0,0,0,3,0,0,0,1,5,0,1,0,0,0,0,0,0,2,1,0,0,3,2,0,0,0,0,0,0,0,0,0,0,0,0,0,0,0,0,0,1
1,0,3,0,1,0,0,0,0,0,2,0,2,2,0,0,0,0,0,0,0,1,0,0,0,0,0,0,3,2,4,1,0,4,0,0,0,0,0,0,0,1,0,4,0,0,0,2,0,0,1,0,0,1,0,1,2,0,0,1,3,0,0,4,0,0,0,0,0,0,0,0,4,0,0,1,0,4,0,2,0,0,0,0,3,0,0,4,0,0,0,0,0,2,0,0,0,0,0,0,0,0,0,0,0,0,0,0,0,0,1,0,0,0,0,0,0,1,0,0,0,0,0,0,0,0,0,0,0,0,0,0,0,1,0,0,0,0,1,0,0,2,0,0,0,2,0,0,0,0,0,1,0,1,0,2,0,0,0,0,0,0,0,0,0,4,1,0,2,0,1,0,3,2,0,0,0,0,2,0,0,4,0,0,1,0,3,0,0,0,0,1,0,0,0,0,3,0,2,7,0,0,12,12,1,1,0,0,0,7,0,1,1,0,0,2,0,0,5,0,0,0,2,3,0,0,0,0,0,0,0,2,0,0,0,0,0,2,0,1,0,0,0,1,0,0,0,0,0,0,0,1,0,0,0,0
0,0,0,1,0,0,0,1,0,1,1,1,0,2,1,0,1,0,1,0,0,1,0,0,0,0,1,0,4,0,5,0,0,2,0,0,0,0,0,0,0,0,0,3,0,0,0,0,0,0,0,0,0,0,0,0,0,0,0,0,2,0,0,2,0,2,0,0,0,2,1,0,2,2,0,2,0,2,1,1,0,0,0,0,0,0,0,3,0,0,0,0,0,5,0,0,0,0,0,0,0,1,0,0,1,1,0,0,0,0,0,2,0,0,0,2,0,0,1,0,0,0,2,0,0,0,0,1,0,2,3,0,3,1,0,1,0,0,1,0,0,0,0,0,2,3,2,0,0,0,0,1,0,1,0,0,1,0,0,0,0,0,0,0,2,4,2,0,0,0,1,0,0,0,2,0,0,0,0,0,0,2,0,0,0,0,3,0,0,0,0,0,0,0,0,0,2,0,0,3,0,0,0,3,2,0,0,0,0,2,0,0,2,0,0,0,0,0,3,0,0,0,2,1,0,0,0,0,0,0,2,0,0,0,0,0,0,2,0,0,0,0,0,0,1,0,0,1,0,0,0,0,0,0,0,1
1,2,0,0,2,0,1,0,0,0,1,0,0,2,0,0,0,0,0,0,1,1,0,1,0,0,1,0,2,2,3,0,0,2,0,0,0,0,2,0,1,1,1,2,0,0,1,4,0,0,0,0,0,0,0,1,0,0,3,0,2,0,2,2,0,0,0,1,0,1,3,0,2,0,1,1,0,2,0,0,1,0,0,0,1,0,0,2,0,0,0,0,0,1,0,0,0,1,0,0,0,1,1,0,0,3,0,1,0,0,0,1,0,0,0,0,2,0,0,1,0,0,3,0,0,0,0,0,0,1,3,0,1,2,0,1,2,0,0,2,0,2,1,0,0,1,1,1,0,0,4,0,0,4,2,0,0,0,1,1,1,0,0,0,1,2,1,0,0,1,0,0,0,2,1,0,0,0,0,0,0,2,0,0,0,0,3,0,2,0,0,0,1,0,1,0,1,0,0,2,0,0,0,1,1,1,0,0,0,2,0,1,0,1,0,0,0,0,2,0,0,0,0,0,0,0,0,1,0,0,1,2,0,0,0,0,0,1,0,0,0,0,1,0,0,1,0,0,0,0,0,0,0,0,1,2
1,0,1,0,9,1,2,0,0,1,3,0,1,3,0,0,1,0,1,0,0,0,0,0,0,2,1,0,3,2,3,0,0,3,0,0,0,0,0,0,0,0,0,3,0,0,2,5,0,0,2,0,0,2,0,1,2,3,0,1,3,0,0,5,0,1,0,0,0,1,2,0,3,1,2,1,0,3,0,2,0,0,0,0,2,0,0,3,0,0,0,0,0,1,0,2,0,1,0,0,0,0,1,0,0,2,0,1,0,0,0,0,0,0,1,0,1,0,0,0,0,0,3,0,1,0,0,1,0,1,1,0,1,0,0,2,0,0,0,1,2,0,0,0,0,2,0,1,0,0,1,1,0,0,0,0,0,0,0,0,0,0,0,0,1,3,0,1,1,0,1,1,0,1,0,0,0,0,1,0,0,3,0,0,0,2,1,0,4,0,0,0,0,0,0,0,1,1,1,8,0,0,8,6,0,0,0,2,0,2,0,0,0,0,0,0,1,0,3,0,0,1,0,3,0,0,0,0,0,0,0,0,0,0,0,0,0,3,0,0,0,0,0,0,0,0,0,3,0,0,0,1,0,0,1,3
1,1,0,0,0,0,1,1,0,0,1,0,0,2,1,0,1,0,0,0,0,0,0,0,0,0,2,0,2,0,2,2,0,2,0,1,0,0,0,0,0,1,0,2,0,0,0,2,0,0,0,0,0,0,0,0,0,0,0,0,2,0,0,2,0,1,0,3,0,2,1,0,3,0,0,2,0,3,0,0,3,0,0,0,1,0,0,2,0,0,0,0,0,3,0,0,0,0,0,1,0,0,0,0,0,1,0,0,1,0,0,1,0,0,1,0,0,1,0,0,1,0,2,0,0,0,0,2,0,2,2,0,2,1,0,2,0,1,1,2,2,0,0,0,1,3,2,0,0,0,0,1,0,0,1,0,0,0,1,0,0,0,0,0,2,2,0,1,2,0,2,0,1,0,0,0,0,0,0,0,1,2,0,0,0,0,3,0,0,0,0,0,0,0,0,0,0,0,0,2,0,0,2,2,0,0,0,0,0,0,0,0,0,0,0,0,0,0,2,0,0,0,0,0,0,0,0,1,0,0,0,0,0,0,1,0,2,6,0,0,0,0,0,0,0,1,0,1,1,0,0,0,0,1,0,2
0,0,0,0,0,0,0,0,0,0,0,0,0,2,0,0,0,0,0,0,1,0,0,0,0,0,1,0,2,0,3,0,0,2,0,1,0,0,0,0,0,0,0,2,1,0,0,2,0,0,1,0,0,0,0,0,2,1,1,0,2,0,1,2,0,1,0,0,0,2,2,0,2,0,0,2,0,3,0,0,0,0,0,0,0,0,0,2,0,0,0,0,1,4,0,0,0,0,0,0,0,0,0,1,0,1,0,0,1,0,0,0,0,0,0,0,0,1,0,0,0,0,3,0,0,0,0,1,1,2,4,0,2,0,0,3,0,0,0,1,1,0,0,0,1,2,1,2,0,0,0,0,0,1,2,0,0,0,0,0,0,0,1,0,2,2,0,0,0,0,2,0,0,1,1,0,0,0,1,0,1,2,0,0,0,0,3,0,0,0,0,0,0,0,0,0,0,0,1,2,0,0,0,0,0,0,0,0,0,3,0,0,0,0,0,0,1,0,3,0,2,0,3,0,0,1,1,0,0,0,1,0,0,0,0,0,0,5,0,0,0,0,0,0,0,0,0,1,0,0,0,0,0,0,0,3
0,2,0,0,0,0,1,1,0,0,1,1,3,3,2,0,0,0,0,0,2,0,0,0,0,0,1,0,1,0,4,0,0,2,0,0,0,0,0,1,0,0,0,3,1,0,0,4,0,0,1,0,0,2,0,0,0,1,1,0,1,0,0,4,1,1,0,0,0,2,5,0,3,0,0,3,0,2,2,0,0,0,0,1,0,0,0,3,0,0,0,0,0,4,0,0,0,0,0,0,0,1,0,0,0,1,2,0,0,0,0,0,3,0,0,1,0,0,0,0,0,0,2,0,0,0,0,3,0,1,1,0,1,0,3,2,0,0,0,1,0,2,0,0,0,4,1,1,0,0,0,0,0,0,0,2,0,0,0,0,0,0,0,0,3,3,0,0,0,0,1,0,0,0,3,0,1,0,0,0,0,1,0,1,0,2,2,0,0,0,1,0,0,0,0,0,0,0,0,3,1,0,6,7,0,1,0,0,1,3,0,0,2,0,0,0,1,0,3,0,2,4,3,1,0,0,0,0,0,0,0,0,0,0,0,0,0,4,0,0,0,0,0,0,0,0,0,0,1,1,0,0,0,2,0,2
0,0,0,0,0,0,0,0,0,0,1,0,0,1,0,0,0,0,0,0,0,0,0,0,0,0,1,0,3,0,3,0,0,3,0,0,0,0,0,0,0,0,1,3,0,0,0,0,0,0,2,0,0,0,2,0,0,0,0,0,3,0,2,4,0,1,0,2,0,1,4,0,3,0,0,1,0,3,0,1,1,0,0,0,0,0,0,4,0,0,0,1,0,4,0,0,0,0,1,0,0,3,0,0,0,2,0,0,0,0,0,0,0,1,0,0,0,0,0,0,0,0,1,1,0,1,0,1,0,1,2,0,1,0,0,3,0,0,2,1,0,0,0,0,1,1,3,0,0,0,0,1,0,1,1,0,2,0,0,0,0,0,0,0,1,3,0,0,0,0,0,0,0,0,0,0,0,0,0,0,0,3,0,0,0,0,1,0,0,0,0,0,0,0,0,0,1,0,0,3,0,0,2,3,0,0,0,0,0,2,0,0,0,0,0,0,0,1,3,0,0,0,2,0,0,0,1,0,0,0,0,0,0,0,0,0,0,4,0,0,0,0,0,0,0,0,0,0,0,0,0,0,0,1,0,3
1,1,0,0,1,0,0,1,0,2,4,0,0,2,0,1,1,1,0,0,3,0,0,0,0,0,1,1,2,0,2,0,0,3,0,2,0,1,0,0,0,0,0,2,0,0,0,4,1,0,0,0,0,1,0,3,1,0,0,0,2,0,0,3,0,2,0,0,0,1,0,0,3,0,0,2,1,3,0,0,0,0,1,0,1,0,0,2,1,0,2,0,0,1,0,0,0,2,0,0,0,0,0,1,0,0,1,0,0,0,0,0,0,0,0,1,0,0,0,0,0,0,1,0,0,0,0,1,0,1,1,0,0,2,0,2,0,0,0,0,2,2,0,0,0,3,1,0,0,0,2,0,0,0,2,0,2,0,0,1,0,0,0,1,1,2,1,2,0,0,1,0,0,0,0,0,1,0,0,0,0,4,0,1,0,0,2,0,0,0,1,0,0,0,0,0,0,0,0,2,0,1,4,3,1,0,0,0,0,3,0,0,2,0,0,0,0,0,2,0,0,0,1,1,0,0,1,0,0,0,0,0,1,0,0,0,1,2,0,0,0,1,0,0,0,1,0,1,0,0,0,2,0,1,0,1
0,0,0,0,0,0,0,0,0,1,0,0,0,2,1,0,0,0,0,0,0,0,0,0,1,0,1,0,2,0,4,0,0,2,1,0,0,0,0,0,0,0,0,2,0,0,0,2,0,0,0,1,0,0,0,0,1,1,4,1,4,0,0,3,0,0,0,1,0,2,3,0,2,0,0,2,0,2,0,0,1,0,0,0,0,0,0,4,0,0,0,0,4,4,0,0,0,0,0,0,0,0,0,0,0,1,0,0,0,0,0,1,0,0,1,0,0,1,0,0,0,1,2,0,0,0,0,1,0,2,3,0,2,0,0,2,0,1,1,2,2,0,0,0,0,2,2,1,0,0,0,1,0,1,5,1,2,0,0,0,0,0,0,0,2,2,0,2,1,0,2,0,0,0,3,0,0,0,0,0,0,2,0,0,0,1,3,0,0,1,2,0,0,1,0,0,1,0,0,5,0,0,4,3,0,0,0,0,0,3,0,0,0,1,0,2,0,0,2,0,0,1,0,0,0,0,0,0,0,0,0,1,1,0,0,0,0,4,0,1,0,0,0,0,0,1,0,0,0,0,0,1,0,0,1,1
0,0,0,1,3,0,2,0,0,0,1,0,0,1,0,3,1,0,0,0,0,0,0,0,0,0,1,0,3,3,4,1,1,4,0,1,0,1,1,1,0,0,0,3,0,0,0,1,2,0,2,0,0,0,1,2,0,1,1,0,3,0,3,3,0,1,0,0,0,1,3,1,3,0,0,1,0,3,0,0,1,1,0,0,0,0,0,3,0,0,0,0,1,3,0,0,0,0,0,0,0,1,1,0,1,1,0,0,1,0,0,0,0,0,0,0,0,1,0,0,0,0,1,0,1,0,0,1,0,1,1,0,1,0,0,3,0,1,0,0,0,1,0,0,0,1,3,0,0,0,0,1,0,0,0,0,2,0,0,0,0,0,0,0,1,3,0,0,0,0,1,1,0,1,1,0,0,0,0,0,0,3,0,0,0,0,2,0,1,0,0,0,0,1,0,0,0,0,0,3,0,0,3,4,0,0,0,0,0,1,1,2,1,0,0,0,1,0,3,0,2,0,2,2,0,0,0,0,0,0,0,0,0,0,0,0,0,3,0,0,0,0,0,0,0,0,0,2,1,0,0,1,0,1,0,3
0,1,0,0,0,0,1,0,1,2,1,0,1,0,0,0,0,1,0,0,1,4,0,0,0,1,0,0,2,0,4,1,0,2,1,0,0,0,0,0,0,0,0,3,1,2,0,3,0,0,0,2,0,0,1,0,1,1,0,0,2,0,0,2,0,1,0,0,0,3,1,0,2,0,0,1,0,4,0,0,0,0,1,0,0,0,0,3,0,0,0,1,0,2,0,0,0,0,0,1,0,2,2,0,0,1,0,0,0,0,0,0,0,0,0,0,0,0,0,0,0,0,0,0,3,0,1,1,0,1,0,0,2,0,0,3,0,0,2,0,1,1,0,0,0,1,3,0,0,0,0,0,0,0,0,0,0,0,0,0,0,0,0,0,1,2,0,0,0,0,0,0,1,0,0,0,0,1,1,0,0,2,0,0,0,0,1,0,0,0,0,0,0,0,1,0,0,0,0,3,0,0,2,4,0,0,0,0,0,4,0,0,0,0,0,1,0,0,4,0,0,0,2,1,0,1,3,1,0,0,0,0,0,0,0,0,0,2,0,2,0,1,0,1,3,2,1,2,1,2,1,0,1,3,0,0
0,0,0,1,0,0,1,0,0,0,2,0,1,1,0,0,0,0,0,0,0,0,0,0,0,0,0,0,3,0,4,0,0,3,0,0,0,0,0,0,0,0,1,3,0,0,0,3,0,0,1,0,0,0,0,0,1,1,1,1,3,0,0,3,0,1,0,0,0,1,1,0,3,0,0,1,0,3,1,1,0,0,0,0,1,0,0,3,0,0,0,0,0,3,0,0,0,0,0,0,0,0,0,0,0,1,0,0,0,1,0,0,0,0,0,0,0,0,0,0,0,0,1,0,0,0,0,1,0,1,3,0,1,2,0,2,0,0,0,1,0,1,0,0,0,2,2,1,0,0,0,0,1,0,0,0,2,0,0,0,0,0,0,0,1,3,0,0,0,0,2,0,0,0,0,0,0,0,2,0,0,3,0,0,0,0,3,0,0,0,0,0,0,0,0,0,1,0,0,6,0,1,4,3,0,0,0,0,0,1,0,0,3,0,0,0,0,0,3,0,0,0,0,3,0,0,0,0,0,0,2,0,0,0,0,0,0,3,0,0,0,1,0,0,0,0,0,3,0,0,0,1,0,2,0,1
0,0,0,0,0,0,0,0,0,0,1,0,0,1,0,0,0,0,0,0,1,0,0,0,0,0,0,0,4,0,4,0,0,4,0,0,0,0,0,0,0,0,0,4,0,0,0,2,0,0,3,0,0,0,0,0,2,2,0,0,4,0,0,4,0,0,0,0,0,0,0,0,4,0,0,0,0,4,0,0,0,0,0,0,0,0,0,4,0,0,0,0,0,3,0,0,0,0,0,2,0,0,0,0,0,0,0,0,0,0,0,0,0,0,0,0,0,0,0,1,0,1,0,0,0,0,0,0,0,0,1,0,0,1,0,4,0,0,0,0,0,1,0,0,0,0,2,0,0,0,0,0,0,1,2,0,0,0,0,0,0,0,0,0,0,4,0,0,2,0,0,0,0,0,1,0,0,0,0,0,0,4,0,1,0,0,3,0,0,0,0,0,0,0,0,0,0,0,0,4,0,0,3,4,0,1,0,0,0,1,0,0,0,0,0,0,0,0,4,0,0,0,3,0,0,2,0,0,0,0,0,0,0,0,0,0,0,0,0,0,0,0,0,0,0,0,0,0,0,0,0,0,0,0,0,0
0,0,1,0,1,0,1,0,0,0,0,0,0,1,0,0,0,0,0,0,1,0,0,0,0,0,0,0,3,1,4,0,0,3,0,0,0,0,1,0,0,0,0,3,0,0,1,2,0,0,0,0,1,0,0,1,0,1,0,1,3,0,0,3,0,2,1,0,0,1,2,0,3,1,0,1,0,3,0,0,0,0,0,0,0,0,0,4,1,0,0,0,0,3,0,0,0,0,0,1,0,0,1,1,0,1,0,0,0,0,0,0,1,0,0,0,0,1,0,3,0,0,1,0,1,0,0,0,0,1,2,0,0,0,2,4,0,0,0,0,0,2,0,0,0,1,4,1,0,0,0,0,0,0,0,0,0,0,0,0,0,0,0,0,1,3,1,0,0,0,0,0,0,1,0,0,0,1,0,0,0,3,0,0,0,0,3,0,1,0,0,0,0,0,0,0,1,0,0,3,0,0,2,5,1,0,0,0,0,2,0,0,1,1,0,1,0,0,4,0,1,1,2,0,0,0,1,0,0,0,0,1,0,0,0,0,0,2,0,0,0,1,0,0,0,0,0,0,0,0,0,0,0,0,1,0
1,0,0,0,0,0,0,0,0,2,0,0,0,1,0,0,0,0,0,0,2,0,0,0,0,1,2,1,2,0,2,0,0,3,0,1,0,3,2,0,0,0,0,2,0,0,0,4,1,0,1,0,0,4,0,4,0,0,0,0,2,0,0,2,0,1,0,0,0,1,2,0,2,0,0,1,0,2,0,0,1,0,1,0,1,0,0,2,1,0,0,0,1,2,0,0,0,1,0,0,0,1,0,0,0,1,0,0,0,0,0,1,0,0,0,0,0,1,0,0,0,0,1,1,1,0,0,2,0,1,1,1,1,3,1,2,0,0,0,2,0,2,0,0,0,1,2,0,0,0,1,1,0,0,1,1,1,1,0,0,0,0,0,1,1,2,0,0,0,0,1,0,2,0,0,0,1,0,0,0,1,3,0,0,1,0,1,0,0,0,2,0,0,1,0,0,0,0,0,4,0,0,5,5,0,0,0,0,0,6,0,0,3,1,0,0,0,0,2,0,0,0,0,1,0,0,0,0,0,0,0,0,0,0,0,0,1,2,0,0,0,0,0,0,0,0,0,0,1,0,0,0,1,0,0,1
1,1,0,0,1,0,1,0,0,1,0,0,0,0,0,1,1,1,0,1,0,0,0,0,1,0,0,0,3,0,3,0,0,3,0,0,0,2,0,0,0,0,0,3,0,0,0,3,1,0,0,1,0,1,1,0,1,1,0,0,3,0,0,3,0,2,1,0,0,0,0,1,3,0,0,0,0,5,2,1,0,0,1,0,3,0,0,3,0,0,0,0,0,1,0,0,0,0,0,0,0,0,1,1,0,0,0,1,0,1,0,0,0,0,0,1,1,0,0,1,0,0,0,0,1,0,0,0,0,0,0,0,0,2,1,2,0,0,0,1,0,1,0,0,0,0,3,0,0,1,1,1,0,0,2,0,0,0,0,1,0,0,2,2,0,3,0,2,1,0,0,0,0,0,0,0,1,0,0,0,1,5,0,0,0,0,2,0,0,0,3,0,0,0,0,0,2,0,0,4,0,0,0,1,0,0,0,0,0,0,0,0,0,0,0,0,0,0,3,1,0,0,1,0,0,0,0,0,0,0,0,0,0,0,0,0,0,0,0,0,0,0,1,0,0,0,1,1,1,1,0,2,1,0,0,0
1,1,1,0,0,2,0,0,1,1,1,0,1,0,0,0,1,0,0,0,3,3,0,1,0,0,0,1,2,0,3,1,0,3,0,1,0,0,0,0,0,0,0,3,0,1,0,2,1,0,2,0,1,1,0,0,1,1,0,0,2,0,0,3,0,0,1,0,0,0,0,0,2,0,0,2,0,2,0,0,0,0,1,0,1,2,0,3,0,0,0,0,0,3,0,0,0,0,0,0,0,0,0,0,0,0,0,1,0,0,0,1,1,0,0,0,0,0,1,0,0,0,0,0,0,0,0,0,0,0,2,0,0,2,0,3,0,0,0,0,0,1,2,0,0,0,2,0,0,0,0,0,0,0,1,0,0,0,3,2,0,0,0,2,1,3,1,1,0,0,0,1,0,2,1,0,3,1,2,0,0,4,0,0,2,0,2,0,0,0,1,0,0,0,0,0,0,0,0,3,0,0,4,4,1,0,0,0,0,0,0,0,0,0,0,0,0,0,5,0,0,0,2,0,0,1,1,0,0,0,0,0,0,0,0,0,0,1,0,0,0,0,0,0,0,0,0,0,0,0,0,0,1,0,1,0
0,0,0,0,2,0,1,0,0,0,0,0,0,2,0,0,0,1,0,0,0,0,0,0,0,1,1,0,2,0,2,0,0,2,0,0,0,0,0,0,0,0,1,2,0,0,0,3,1,0,0,0,0,0,0,0,0,0,0,0,2,0,0,2,0,1,0,0,0,2,1,0,2,0,2,2,1,2,0,0,0,0,1,0,0,1,0,2,0,0,0,0,1,3,0,0,0,0,0,0,0,1,0,0,0,1,0,1,0,0,0,1,0,0,0,0,0,0,0,2,0,0,3,0,0,1,0,2,0,2,5,1,2,0,0,1,0,1,0,1,0,2,0,0,1,2,1,0,0,0,0,0,0,3,1,0,1,1,0,0,0,0,0,0,2,2,0,0,0,0,2,0,0,0,2,0,0,0,0,0,0,2,0,0,0,0,3,0,0,0,0,0,0,1,0,0,1,1,0,2,0,1,2,1,0,0,0,0,0,2,0,0,0,0,0,0,0,0,2,0,0,0,0,0,0,0,1,0,0,0,1,0,0,0,0,0,0,4,0,0,0,0,0,0,0,0,0,1,1,0,0,0,1,0,0,2
0,0,0,0,0,0,1,0,0,1,1,0,0,0,1,0,0,0,0,0,2,0,0,0,0,0,0,0,2,0,4,0,0,3,0,0,0,0,0,0,0,0,0,4,2,0,0,2,0,0,1,1,0,1,0,0,2,0,0,0,2,0,0,4,1,0,0,0,0,1,1,0,2,0,0,2,0,3,0,0,0,0,0,0,0,0,0,4,0,0,0,0,0,4,0,0,0,0,0,0,0,0,0,1,0,0,0,0,1,0,0,0,0,0,0,0,0,0,0,0,0,0,0,0,0,0,0,0,0,0,2,0,0,0,0,4,0,0,0,0,0,2,0,0,0,1,2,0,0,0,0,0,0,0,1,1,2,0,0,0,0,0,0,0,2,4,0,1,3,0,0,0,0,0,2,0,0,0,0,0,3,2,0,0,0,0,2,1,0,0,0,0,0,0,0,1,1,0,0,5,0,1,5,7,0,2,0,1,0,3,0,0,1,0,0,0,0,0,5,0,0,0,2,0,0,0,0,0,0,0,0,1,0,0,0,0,0,4,0,0,0,0,0,0,0,0,0,0,0,0,0,0,0,0,0,0
1,0,1,1,0,0,1,1,0,0,2,0,0,1,0,2,0,0,2,0,0,0,0,0,0,0,1,0,2,0,2,1,0,3,2,0,0,0,0,0,0,1,0,2,0,2,0,0,0,0,0,1,0,0,2,0,1,0,0,0,2,0,0,2,0,2,0,3,0,1,1,0,5,0,0,1,0,3,0,2,0,0,2,1,0,0,0,3,0,0,1,0,0,3,0,0,0,0,0,1,0,0,0,0,1,0,0,0,0,0,0,0,0,2,2,0,0,0,0,4,0,0,1,1,0,0,0,1,0,2,2,0,1,0,0,2,0,0,1,3,0,1,0,0,0,2,1,0,0,0,0,0,0,0,0,1,0,0,1,0,0,1,0,1,1,2,0,0,0,1,1,0,0,0,0,0,0,1,0,0,1,2,0,0,0,0,1,0,0,0,0,0,0,1,0,0,1,0,0,2,1,0,2,2,0,0,0,0,0,1,0,0,1,0,0,1,0,0,3,0,0,2,1,1,0,0,0,1,0,2,0,1,0,0,0,0,0,4,0,0,0,0,0,0,0,0,0,1,0,1,0,0,0,0,0,1
0,0,0,0,0,0,0,0,0,0,0,0,0,3,0,0,0,0,0,0,0,0,0,0,0,0,3,0,1,0,0,0,0,1,0,1,0,0,0,0,0,0,0,1,1,0,0,2,0,0,0,0,1,2,1,0,0,0,1,2,1,0,0,1,0,1,0,0,1,3,3,0,1,0,0,3,0,1,0,0,0,0,0,0,1,0,1,1,0,0,0,0,0,3,0,0,0,0,0,0,0,0,0,0,0,2,0,2,0,0,0,2,0,0,0,1,0,0,0,0,0,0,3,0,0,0,1,4,0,4,7,0,3,0,0,1,0,0,0,1,0,0,2,0,2,3,1,1,0,0,0,0,0,0,0,0,0,0,0,0,0,0,0,0,3,1,0,0,1,0,4,0,0,0,2,0,0,0,0,0,0,1,0,0,0,0,3,0,0,0,0,1,0,0,0,0,0,0,0,1,0,0,0,1,0,0,0,0,0,1,0,0,0,1,0,0,0,0,2,0,0,1,0,0,0,0,1,0,0,0,3,0,0,0,0,0,0,6,0,1,1,0,0,0,0,0,0,1,0,1,0,0,0,0,0,2
0,0,0,2,1,0,1,2,1,0,1,0,0,1,0,0,1,0,0,0,0,0,0,2,1,0,1,0,2,0,2,0,0,2,1,0,0,0,0,1,1,0,0,2,1,0,1,2,0,2,0,1,0,1,0,0,0,1,0,0,2,0,1,2,0,3,2,0,1,1,5,0,5,0,0,1,0,2,1,0,0,2,0,0,0,1,2,2,0,0,0,0,2,3,0,0,0,1,0,0,0,0,0,0,0,2,0,1,0,4,0,0,0,0,0,0,6,0,0,0,0,0,5,2,0,0,0,1,0,2,3,0,1,0,0,2,0,0,0,0,1,0,0,0,0,1,2,0,0,0,0,0,0,0,2,0,0,0,0,0,1,0,0,0,1,2,0,0,5,1,1,1,0,0,1,0,0,0,1,0,0,2,0,0,0,0,1,0,0,0,0,0,1,0,0,0,0,0,0,2,1,0,6,6,1,1,0,0,0,3,0,1,2,0,0,0,0,1,2,1,0,1,2,4,0,1,1,0,0,0,0,0,0,0,0,0,1,4,0,1,0,0,0,0,0,0,0,0,0,1,0,0,0,2,1,4
0,0,0,1,0,1,0,0,0,0,4,0,0,0,0,0,0,0,0,0,2,0,0,0,0,0,0,0,4,0,4,0,0,4,0,0,0,0,0,0,0,0,0,4,0,0,0,2,0,0,1,0,0,0,0,0,2,1,0,0,4,0,1,5,0,2,0,0,0,0,0,0,4,0,0,0,0,4,0,2,1,0,0,1,0,0,0,4,0,0,0,0,0,2,0,0,0,0,0,0,0,0,0,1,0,0,0,0,0,0,1,0,0,0,0,0,1,1,0,1,0,0,0,0,1,0,0,0,0,0,0,0,0,0,0,5,0,0,0,0,0,1,0,0,0,1,2,0,0,1,0,0,0,0,2,0,2,0,0,1,0,0,0,0,0,4,0,0,0,0,2,0,0,1,0,0,0,0,1,0,0,4,0,0,0,0,0,0,0,0,0,0,0,0,0,0,0,0,1,4,0,2,4,4,0,0,0,0,0,0,0,0,1,0,0,0,0,0,4,0,0,0,1,0,0,1,0,0,0,0,0,0,0,0,0,0,0,0,1,1,0,0,1,0,0,0,0,1,0,0,0,0,0,0,1,0
0,0,0,0,4,0,2,0,0,2,1,1,0,3,0,0,1,0,0,0,1,0,0,0,1,0,0,1,3,0,3,1,0,3,0,0,0,0,0,0,0,0,0,3,1,0,0,2,0,0,0,0,0,1,0,0,1,1,1,0,3,0,0,3,0,2,0,0,0,1,1,0,3,0,0,1,0,3,2,0,0,0,0,0,0,0,0,3,0,0,0,0,0,3,0,0,0,0,0,1,0,0,0,0,0,0,0,0,0,0,0,0,0,0,0,0,0,0,0,0,0,0,1,0,0,0,0,1,0,1,2,0,1,0,0,3,0,0,0,1,0,3,0,0,2,1,1,1,0,0,1,0,0,0,1,1,0,0,0,0,0,0,0,0,1,3,0,0,1,0,1,0,0,0,0,0,0,0,0,0,0,3,0,2,0,0,0,0,0,0,0,0,0,0,0,0,0,0,0,4,0,0,2,1,0,1,0,0,0,3,0,0,1,0,0,0,0,0,3,0,0,0,2,0,0,0,0,0,0,0,0,0,0,0,0,0,2,1,0,1,0,0,0,0,0,0,0,2,0,0,0,1,0,0,0,1
0,0,0,1,0,0,0,0,0,2,1,0,0,3,0,0,0,0,4,0,0,0,0,0,0,1,2,0,2,0,1,0,0,2,0,0,0,0,2,0,0,0,1,2,0,0,0,1,0,0,0,0,0,0,0,0,1,0,0,0,2,0,2,2,0,3,0,0,0,2,7,1,2,6,1,2,0,2,1,0,0,0,0,0,2,1,0,2,1,0,0,0,1,5,0,0,0,0,0,1,0,1,0,0,0,0,0,1,0,0,0,1,0,0,1,0,1,1,0,0,0,0,2,1,0,0,0,3,0,2,2,0,2,1,0,0,0,0,0,0,0,0,0,2,1,3,0,0,0,0,0,0,0,2,0,0,0,0,0,1,0,0,3,1,2,2,2,2,0,0,1,0,0,0,2,0,0,0,1,0,0,3,0,0,1,0,3,0,0,0,0,0,0,0,0,0,1,0,0,3,0,0,0,0,0,0,0,0,0,1,0,1,0,0,0,1,0,1,2,0,0,0,1,1,0,0,0,0,0,0,0,0,0,0,0,0,0,8,0,1,0,0,0,1,0,2,0,2,0,0,0,0,0,0,2,1
1,0,0,0,0,0,1,0,0,2,3,0,1,1,0,1,0,0,0,1,1,0,0,0,0,0,0,0,4,0,5,2,0,4,0,0,0,0,0,1,0,0,0,4,0,0,0,3,0,0,1,0,0,1,0,1,0,0,0,0,4,0,0,4,1,1,0,0,0,0,0,0,4,0,0,0,0,4,0,1,0,0,0,0,0,0,0,4,0,0,0,0,0,2,0,0,0,0,0,0,0,0,0,0,0,0,0,0,0,0,1,1,0,0,0,0,0,0,0,1,0,0,1,0,1,0,0,0,1,0,0,1,0,0,1,3,0,0,1,0,0,1,0,0,0,0,2,0,0,0,2,0,0,0,1,0,0,0,0,0,0,0,1,0,0,4,0,0,1,0,0,0,1,0,4,0,0,0,0,0,0,4,0,0,0,0,7,0,0,0,0,0,0,0,0,0,2,0,1,5,0,0,3,4,0,0,2,0,0,5,0,0,2,0,0,0,0,0,4,0,1,0,2,2,0,0,1,0,0,0,0,0,1,0,0,0,2,0,0,1,0,0,2,0,0,0,0,1,0,0,0,0,0,0,0,0
0,0,0,1,0,0,0,0,0,0,0,0,0,3,0,0,0,1,0,0,0,0,0,0,0,0,3,0,1,0,1,0,0,1,0,0,1,0,0,0,0,0,0,1,0,1,1,0,0,0,0,0,0,0,0,0,0,0,1,0,1,0,1,1,0,2,0,0,0,3,2,0,2,0,0,3,0,1,0,1,0,0,0,0,0,0,0,1,0,0,0,0,0,4,0,0,0,0,0,0,0,0,0,0,0,1,0,0,0,0,0,1,0,0,0,0,0,0,0,0,0,0,4,0,1,0,0,4,1,3,4,1,3,0,0,3,0,0,0,0,0,0,0,0,1,3,1,2,0,0,0,0,0,0,1,0,0,0,0,0,0,0,2,0,3,1,0,0,0,0,3,0,0,0,1,0,0,0,0,0,0,1,0,0,0,0,5,0,0,0,0,0,0,0,0,0,0,0,0,1,0,0,1,1,0,0,0,0,0,2,0,0,0,0,0,1,0,0,1,0,0,0,1,0,0,0,0,0,0,0,1,1,0,0,0,0,0,4,0,0,0,0,0,0,0,0,0,0,0,0,0,0,0,0,0,2
1,2,0,0,1,0,0,0,0,1,3,1,0,1,0,0,0,0,0,0,0,0,0,0,0,0,1,0,3,1,3,2,0,4,0,0,0,0,1,0,0,0,1,3,0,0,1,0,0,0,1,0,0,0,0,2,1,1,0,0,3,0,1,4,0,1,0,0,1,2,4,0,4,0,1,1,0,3,0,0,0,0,0,0,1,0,0,4,1,0,3,0,1,4,0,0,0,0,0,1,0,1,0,0,0,1,0,0,1,1,0,0,0,0,0,2,0,2,0,0,0,0,1,0,1,0,0,2,0,1,5,0,1,0,1,3,0,1,3,1,2,1,0,0,0,1,2,1,0,0,0,0,0,3,5,0,1,0,0,7,1,0,0,0,1,4,0,2,0,0,1,0,0,1,3,0,0,1,0,0,0,3,0,0,0,0,4,0,1,0,0,1,2,0,0,1,0,0,1,4,1,0,5,7,0,0,0,0,0,1,0,0,3,0,0,2,0,0,3,0,0,2,1,0,1,0,0,0,0,0,0,0,0,0,1,0,1,6,0,0,0,0,2,0,0,0,1,0,0,0,0,0,0,4,0,2
0,0,0,1,0,0,0,0,0,1,0,1,0,2,0,0,0,0,0,0,1,0,0,0,0,0,2,0,1,0,2,0,0,1,0,2,0,0,0,0,0,0,0,2,1,0,0,1,0,0,0,0,0,1,0,0,1,0,1,0,1,0,0,2,0,0,0,0,0,3,4,0,1,0,0,3,0,1,0,0,0,0,0,0,0,0,0,2,0,0,0,0,0,4,0,0,0,0,0,0,0,0,0,0,0,2,0,1,0,1,0,0,0,0,0,0,0,0,0,0,0,0,2,0,0,0,0,1,1,2,5,0,3,0,0,1,0,1,0,0,1,0,2,0,3,2,1,0,0,0,2,0,0,0,2,0,2,0,0,0,0,0,0,0,3,2,0,0,0,0,2,0,0,0,0,0,1,0,0,0,0,1,0,0,0,0,4,0,0,0,0,0,0,0,0,2,0,0,0,2,0,0,2,0,0,0,0,0,0,3,0,0,2,0,0,2,0,0,2,0,0,0,1,1,0,0,0,0,1,0,4,1,0,0,0,0,0,9,0,0,0,0,0,0,0,0,0,2,0,0,1,0,0,0,0,3
0,0,0,1,0,0,0,0,0,0,1,0,0,1,0,0,0,0,0,2,0,0,0,0,0,0,1,0,4,0,3,0,0,3,0,0,0,0,0,0,0,0,0,3,0,0,0,0,0,0,1,0,0,1,0,0,1,3,1,0,3,0,2,3,0,2,0,0,0,2,1,2,3,0,0,1,0,3,1,1,0,0,0,0,0,0,0,4,1,0,0,0,0,4,0,0,0,2,0,0,0,3,0,0,0,0,0,1,0,0,0,0,1,0,0,0,0,0,0,0,0,0,1,0,1,1,0,1,0,1,4,0,1,0,1,5,0,0,1,3,0,1,0,0,1,1,2,0,0,0,0,0,0,1,3,1,1,0,0,0,0,0,0,0,1,3,1,0,1,0,1,0,0,0,1,0,0,0,0,0,0,3,0,0,0,0,3,0,1,0,0,0,0,0,0,0,0,0,0,3,0,0,2,2,0,0,0,0,0,0,0,0,0,0,0,0,0,0,3,0,0,0,2,0,0,1,0,0,0,0,0,0,0,0,0,0,0,1,0,0,0,0,1,0,0,0,0,0,0,0,0,0,0,0,0,1
1,0,0,0,0,0,1,0,0,0,1,0,0,2,0,0,0,0,0,0,0,0,0,0,0,0,0,0,3,0,3,0,0,3,0,0,0,0,0,1,0,0,0,3,0,0,1,0,0,0,0,0,0,0,0,0,2,2,0,0,3,0,0,3,1,1,0,0,1,0,0,0,3,2,0,0,0,3,0,1,1,0,0,1,0,0,0,4,0,0,0,0,0,4,0,0,2,0,0,0,0,0,0,0,0,2,0,0,0,2,1,0,0,0,0,0,0,0,0,3,0,0,1,1,0,0,0,0,1,0,0,0,0,0,0,3,0,0,3,0,0,4,0,1,0,0,2,1,0,1,0,0,0,0,3,1,2,0,0,0,0,1,0,0,0,3,0,0,3,0,0,0,0,2,1,0,1,0,2,0,0,3,0,1,0,1,2,0,0,0,0,0,0,0,1,0,0,0,0,4,0,0,2,2,0,0,0,0,0,2,0,0,0,2,0,0,1,0,4,0,1,0,0,1,0,0,0,0,0,0,0,1,0,0,0,0,0,1,1,0,0,0,0,0,0,0,0,0,0,0,0,0,0,0,0,0
0,0,0,0,0,1,0,1,0,0,2,0,0,2,0,0,0,1,0,0,0,1,0,2,0,0,3,0,1,0,1,0,0,1,0,0,0,0,0,0,1,0,2,1,0,0,0,1,0,0,0,0,0,0,0,0,1,0,0,0,1,0,1,1,0,1,1,0,1,2,6,0,3,0,1,2,2,2,0,0,3,2,0,0,0,0,0,1,0,0,0,0,1,4,0,0,0,0,0,0,0,3,0,0,0,1,0,0,0,0,0,2,0,0,1,1,0,1,0,0,0,0,3,2,0,0,0,2,0,2,3,0,2,0,0,1,0,0,1,3,0,1,0,0,0,1,2,1,0,0,0,0,0,1,3,0,0,0,1,1,1,0,0,0,2,1,1,1,2,1,2,0,0,0,0,0,0,0,1,0,0,2,1,0,2,0,3,0,0,0,0,0,2,0,0,0,0,1,1,2,0,0,3,0,2,3,2,0,0,1,0,0,0,0,0,0,0,0,2,0,0,3,0,0,0,0,0,0,0,0,0,1,0,0,0,0,1,7,0,0,0,0,0,0,0,1,0,1,0,0,0,0,0,0,1,2
0,0,2,0,1,0,3,0,0,1,2,0,0,2,1,0,2,0,2,0,1,2,0,0,0,0,2,0,1,0,2,1,0,1,0,0,0,0,0,1,0,0,1,2,0,0,0,1,0,0,0,0,0,0,0,1,1,0,0,0,1,0,0,3,0,1,1,0,0,2,3,0,2,0,0,2,0,1,0,1,0,1,0,0,0,1,0,2,0,0,0,0,0,5,0,0,0,0,0,1,0,0,0,3,0,3,0,0,0,0,0,0,0,0,1,0,0,3,0,1,0,0,3,0,0,0,0,1,0,2,4,0,2,0,0,2,0,0,0,0,0,1,2,0,0,3,3,0,0,0,0,0,0,0,0,0,0,0,0,0,0,0,0,0,2,1,0,0,0,0,1,0,0,0,0,0,1,0,0,0,0,2,0,0,0,0,2,0,0,1,0,0,0,0,2,0,0,0,0,4,0,0,1,4,0,0,0,0,0,4,1,0,1,1,1,1,0,1,3,0,0,0,2,0,0,0,0,0,0,0,2,2,0,1,0,0,1,7,0,0,0,0,0,0,0,0,0,2,0,0,0,0,0,4,0,3
0,0,1,1,0,1,3,0,0,0,2,0,0,3,0,0,1,0,0,1,1,0,0,0,2,1,1,0,4,0,3,0,0,2,0,1,0,0,0,1,0,0,0,3,0,0,2,1,0,0,0,1,0,0,0,1,1,0,0,1,2,0,0,2,0,2,0,0,0,3,5,0,3,0,0,2,0,2,0,0,0,2,1,0,0,1,0,3,0,0,0,0,0,4,0,1,0,0,0,0,0,0,0,0,0,4,0,0,0,0,0,1,0,0,0,0,1,0,1,0,0,0,2,0,1,0,0,1,0,2,1,0,2,0,0,3,0,2,0,1,0,1,0,0,2,3,2,0,0,0,0,0,0,3,0,0,1,2,0,0,0,0,0,0,2,2,0,0,0,0,3,0,0,0,0,0,0,0,0,0,0,2,0,0,0,0,0,0,0,0,0,0,0,1,0,0,0,0,0,2,0,0,3,2,0,0,0,0,0,1,0,0,1,0,1,0,0,0,4,0,1,4,2,2,0,0,0,0,0,0,0,0,0,0,0,0,0,6,0,0,0,1,0,0,0,0,0,1,0,0,1,0,0,0,0,2
1,0,0,0,0,0,0,0,0,0,5,0,0,1,0,0,0,0,0,1,1,0,0,1,0,2,0,0,3,0,4,1,0,3,0,0,0,0,0,0,0,0,0,3,0,0,0,1,0,0,0,0,0,0,0,0,1,2,0,0,3,0,0,3,0,2,0,0,0,3,2,0,3,0,0,1,0,3,0,0,1,0,0,1,0,0,0,5,0,0,0,0,0,4,0,0,0,0,0,0,0,0,0,0,0,0,0,0,1,0,0,0,0,0,0,0,0,0,0,0,0,0,2,0,0,0,0,0,0,1,3,0,1,1,0,4,0,0,0,0,1,0,0,0,0,1,3,1,0,2,0,0,0,0,0,0,1,1,0,0,0,0,0,0,1,3,0,0,2,0,0,0,0,0,0,0,0,0,3,0,0,3,0,0,0,1,4,0,0,0,1,0,0,0,0,0,0,0,0,3,0,0,2,3,0,0,0,0,0,3,0,0,0,0,0,2,0,0,3,0,0,0,1,1,0,0,2,0,0,0,0,0,0,0,0,0,0,3,0,0,0,0,0,0,0,0,0,0,0,1,0,0,0,0,2,0
0,0,0,1,2,0,0,2,0,0,0,0,0,2,0,0,0,0,0,0,0,0,0,0,0,0,1,1,1,0,6,0,1,1,0,0,0,0,0,0,0,0,0,2,0,0,0,2,0,0,0,0,0,1,0,0,2,0,2,0,1,0,0,2,0,1,1,0,0,2,3,0,1,0,1,2,0,1,0,0,0,0,0,0,0,1,0,4,1,0,0,0,0,3,0,0,0,0,0,0,0,0,0,0,0,2,2,0,0,0,0,1,0,0,0,0,0,0,0,0,0,0,2,0,0,0,1,1,0,2,3,0,1,0,0,3,0,0,2,1,1,1,0,0,1,3,1,2,0,0,0,0,0,0,1,0,0,0,1,0,0,0,0,0,2,2,0,0,2,0,1,0,0,0,0,0,0,0,3,0,1,1,0,0,0,0,3,0,0,0,0,0,0,0,0,0,1,0,0,2,0,0,2,3,0,0,0,0,0,1,0,0,0,0,0,1,0,0,3,0,0,2,1,1,0,0,0,0,0,0,0,1,0,0,0,0,0,2,0,0,0,0,0,0,0,0,0,0,0,0,0,0,0,0,0,2
0,1,0,0,0,0,1,0,0,0,3,0,0,2,0,1,0,0,0,0,3,3,0,0,0,0,1,0,4,0,3,0,0,3,0,0,0,0,0,0,0,0,1,3,1,0,0,2,0,0,0,0,0,0,0,0,0,1,0,0,3,0,0,5,0,2,0,0,0,1,3,0,5,0,0,1,0,4,1,1,0,0,0,0,0,1,0,3,0,1,0,0,0,3,0,0,0,2,0,0,0,1,1,0,4,0,0,0,0,0,0,0,0,0,0,1,0,1,0,1,0,0,1,0,1,2,0,1,0,2,4,0,1,0,0,2,0,0,0,2,2,0,3,1,0,1,2,0,0,0,0,0,0,0,0,0,0,0,0,0,0,0,0,1,1,3,0,0,0,0,0,1,0,0,1,0,1,0,0,0,0,3,0,0,0,0,1,0,0,0,0,1,0,0,0,0,1,0,0,3,0,2,3,5,0,0,0,0,0,5,0,0,2,0,0,0,0,0,3,0,0,2,1,3,0,0,4,0,0,0,3,2,0,0,0,0,1,4,0,0,2,0,0,0,3,0,0,2,0,1,0,0,0,0,0,0
1,0,0,0,1,0,0,1,0,0,2,0,0,1,0,0,0,0,0,0,2,1,1,0,0,2,1,0,2,0,3,0,0,2,0,0,0,0,0,1,0,0,0,3,1,0,1,2,0,0,0,0,0,0,0,1,1,1,0,0,2,0,0,3,0,1,0,1,0,2,1,0,2,0,0,2,0,2,0,0,0,0,0,0,0,1,0,3,0,0,0,0,0,3,0,0,0,1,0,0,0,0,0,0,0,0,0,2,1,0,0,0,0,0,0,1,0,1,0,0,0,0,1,0,0,0,0,2,0,1,5,1,1,0,0,3,0,0,0,0,0,0,1,0,2,2,2,0,0,0,0,0,0,0,1,0,0,0,0,0,0,0,2,0,2,3,0,0,0,0,1,0,0,0,0,0,1,0,0,0,0,2,0,0,0,0,4,0,0,0,2,2,0,0,0,0,0,0,0,3,0,0,1,1,0,1,0,0,0,0,0,0,0,1,0,0,0,0,3,0,0,0,2,0,0,0,0,0,0,0,0,1,0,0,0,0,0,5,0,0,0,0,0,0,0,0,0,0,0,0,0,0,0,0,0,1
0,0,0,0,0,0,0,0,0,2,1,0,2,3,2,0,2,0,0,0,0,0,0,0,0,0,1,0,4,0,4,1,0,3,0,0,0,0,0,0,1,0,0,3,0,0,0,1,0,0,0,0,0,0,0,0,1,0,0,0,3,0,1,3,0,2,0,0,0,1,1,0,3,0,0,1,1,3,0,1,1,0,0,0,0,0,0,3,0,0,0,0,0,3,0,0,0,0,0,0,0,0,0,0,0,0,0,0,0,0,0,0,0,0,1,0,0,1,0,0,0,0,1,0,1,0,0,0,0,1,1,0,1,0,1,1,0,0,0,0,0,1,0,0,0,2,1,0,0,0,0,0,0,1,0,1,0,0,0,0,0,0,0,0,1,3,0,1,4,0,1,0,0,0,2,0,0,0,2,0,1,3,0,0,0,0,2,0,0,0,0,0,0,0,0,0,3,0,1,3,0,0,4,5,0,0,0,0,0,4,0,0,0,0,0,1,0,0,3,0,0,0,1,2,0,0,0,0,1,0,0,0,0,0,0,0,1,3,0,0,0,0,0,0,0,1,0,1,0,0,0,0,0,0,1,0
0,0,0,0,1,1,0,0,0,1,1,0,0,0,0,0,0,0,0,0,0,0,0,0,0,0,0,0,4,0,4,1,0,4,0,0,0,0,0,0,0,0,0,4,0,0,0,1,0,0,2,0,0,0,0,0,1,1,0,1,4,0,0,4,0,0,0,0,0,0,0,0,4,0,0,0,0,4,0,0,0,0,0,0,0,0,0,4,0,0,0,0,0,3,0,0,0,0,0,1,0,0,1,0,0,0,0,0,0,2,0,0,0,0,0,0,0,0,0,1,0,0,0,0,0,0,0,0,0,0,1,0,0,0,0,3,1,0,0,2,0,0,0,0,0,3,2,0,0,0,0,0,0,1,0,0,0,0,0,0,0,0,0,0,0,4,0,0,3,0,0,0,0,0,0,0,0,0,0,0,0,4,0,0,0,1,3,0,0,0,0,0,1,0,0,0,1,0,0,4,0,0,6,6,0,0,0,0,0,0,0,0,0,0,0,0,0,1,4,0,0,0,3,3,0,0,0,0,0,0,0,0,0,0,0,0,0,0,0,0,0,0,0,0,0,0,0,0,0,0,0,0,0,0,0,0
1,0,2,0,2,1,1,1,0,2,1,0,0,2,2,1,0,0,1,0,4,1,0,0,2,1,1,1,2,0,3,1,0,2,0,0,0,0,0,1,0,0,0,2,0,0,0,2,1,0,1,0,0,0,0,0,0,0,0,0,2,0,0,2,0,0,0,0,0,1,3,0,2,0,0,1,0,2,0,0,0,1,1,0,1,0,0,2,2,0,0,0,0,2,0,0,0,0,0,1,0,1,0,0,0,2,0,0,0,0,0,0,0,0,0,1,1,0,0,0,0,0,1,0,1,0,0,2,0,1,2,0,1,2,0,1,0,2,1,1,3,1,1,0,0,1,1,2,0,0,0,4,0,1,4,0,4,0,0,0,0,0,0,4,1,2,0,0,0,0,1,0,0,1,0,0,1,0,0,0,0,2,0,0,0,1,1,0,0,0,1,0,0,1,0,0,1,0,4,3,0,0,4,1,0,0,0,0,0,3,1,0,0,0,0,0,0,0,2,0,0,0,1,0,0,0,0,1,0,0,0,0,0,0,0,0,1,4,0,0,0,0,0,1,0,0,0,0,1,1,0,0,0,0,0,0
1,0,0,1,0,0,0,0,0,0,0,1,0,1,1,0,0,0,0,0,0,0,0,0,0,0,0,0,1,0,3,0,0,2,0,0,0,0,0,0,0,0,0,3,0,0,0,1,0,0,0,0,0,0,0,0,0,0,2,0,1,0,0,3,0,3,0,0,0,2,2,0,1,0,0,3,0,1,0,1,0,0,0,0,1,0,0,3,0,0,0,0,0,7,0,0,0,0,0,0,0,0,0,0,0,1,0,1,0,0,0,0,0,0,0,0,0,0,0,0,0,0,1,0,1,0,0,1,0,2,2,0,2,1,2,4,0,1,0,0,0,1,0,1,2,1,3,2,0,0,0,0,0,1,0,0,1,0,0,0,0,0,0,0,3,2,0,1,0,0,1,0,0,0,0,0,0,0,1,0,0,2,0,0,0,0,3,1,0,0,0,1,0,0,0,1,0,0,0,4,0,0,2,3,0,1,0,0,0,3,0,0,0,0,0,1,1,0,3,0,0,0,1,1,0,1,0,0,0,0,2,0,0,0,0,0,1,6,0,0,0,1,0,0,0,0,0,0,2,0,0,0,0,3,0,0
0,0,0,0,0,0,0,0,0,0,3,0,0,0,0,0,1,0,0,0,1,0,0,1,0,0,0,0,4,0,4,1,0,4,0,0,0,0,0,0,0,0,0,4,0,0,0,0,0,0,0,0,0,0,0,0,0,0,0,0,4,0,0,4,0,1,0,1,0,0,0,0,4,0,0,0,1,5,1,1,0,0,0,0,1,1,0,4,0,0,0,0,0,4,0,0,1,0,0,1,0,0,0,0,0,0,0,0,0,0,0,0,0,0,0,0,0,1,0,0,0,0,0,0,0,0,0,0,0,0,0,0,0,1,0,4,0,0,1,1,0,2,0,0,0,0,4,0,0,0,0,1,0,0,0,0,4,0,2,0,1,0,0,0,0,4,0,0,0,0,4,0,0,0,0,0,0,0,1,0,0,4,0,0,0,0,4,0,0,0,0,0,0,0,0,0,0,0,0,4,2,0,4,4,0,0,0,0,0,0,0,0,2,0,0,0,0,0,4,0,0,1,1,0,0,0,1,0,0,0,0,0,0,0,0,0,1,0,1,1,0,0,0,1,1,0,0,2,0,0,0,0,0,0,2,0
0,0,0,0,0,2,1,0,0,1,2,0,0,1,0,0,0,0,0,0,1,0,0,0,0,0,1,0,2,0,3,0,0,2,0,0,0,0,0,0,0,0,1,3,0,0,0,0,0,0,0,0,0,1,0,0,0,0,0,0,2,0,0,3,0,1,0,0,1,1,1,0,2,0,0,1,0,4,0,0,0,0,0,0,0,0,0,3,0,0,0,0,0,4,0,0,1,0,0,0,0,1,0,0,0,0,0,1,0,0,0,0,0,0,0,0,0,1,0,0,0,0,1,0,0,0,0,1,0,1,1,0,1,1,0,2,0,1,0,0,1,1,2,1,0,1,2,0,0,0,1,0,0,3,0,1,0,0,0,0,0,0,0,0,1,3,0,0,0,0,0,0,1,1,0,0,1,0,0,0,0,2,0,0,0,0,2,0,0,0,0,0,1,0,0,1,1,0,0,3,0,0,2,3,0,0,0,1,0,1,0,0,1,0,0,0,0,0,3,0,0,0,0,2,0,0,0,0,0,0,0,0,0,0,0,0,0,2,0,0,0,0,0,0,0,0,0,1,0,0,0,0,1,0,0,0
0,0,0,0,1,0,0,0,0,0,0,0,0,2,0,0,1,1,0,0,0,0,0,0,0,0,3,0,2,0,2,0,0,2,0,0,0,0,0,0,0,0,1,2,2,0,1,2,0,0,0,0,0,0,0,0,0,1,1,0,3,2,2,2,0,1,0,0,0,1,0,0,2,1,0,1,0,2,0,0,0,0,0,0,1,0,2,2,0,0,1,0,0,2,1,0,0,0,0,1,0,0,0,0,0,1,0,1,0,0,0,0,0,0,0,0,0,0,0,0,0,0,1,0,0,0,0,1,0,1,2,0,1,0,0,1,0,0,0,0,1,1,0,0,1,2,1,0,0,0,0,0,1,0,0,0,1,0,0,0,0,0,0,0,1,2,0,0,0,1,1,0,0,0,1,0,0,0,0,0,0,2,0,0,0,1,3,0,0,0,0,0,0,0,0,1,1,0,0,2,0,0,1,1,0,0,0,0,0,0,0,0,0,2,0,0,0,0,3,1,1,0,0,4,0,0,0,0,0,0,1,0,0,0,1,0,0,2,0,0,0,0,0,0,0,0,0,1,0,0,0,1,0,0,0,1
0,1,0,0,0,0,1,0,0,0,2,0,0,2,0,0,0,0,1,0,2,0,1,0,0,1,2,2,2,0,3,0,0,2,0,2,0,0,0,0,0,0,0,2,0,4,2,1,0,0,1,0,0,0,1,0,3,0,2,0,2,0,2,3,0,0,0,1,0,3,3,2,2,2,0,2,0,2,1,0,1,0,0,0,1,2,0,2,0,0,0,0,0,4,0,2,0,0,0,1,0,0,0,0,0,3,0,0,1,0,0,1,0,0,0,0,0,0,0,0,0,0,3,1,1,0,0,2,2,2,5,1,2,0,0,2,0,0,0,1,0,1,0,0,2,2,2,1,0,0,0,1,0,2,5,0,0,0,0,0,0,0,0,0,2,2,0,0,0,0,3,0,0,0,1,0,0,0,0,0,0,2,0,0,0,0,3,0,0,0,0,0,0,0,0,0,1,0,1,2,0,0,0,0,0,0,0,0,0,1,0,0,0,0,0,0,0,0,2,0,0,0,2,0,0,0,1,0,0,0,3,0,0,0,0,0,1,4,0,0,0,0,0,1,0,0,0,1,0,0,0,0,0,4,0,2
0,0,1,0,0,5,0,0,0,0,0,0,0,1,0,0,0,0,3,0,0,0,0,0,0,0,1,0,2,0,4,1,0,3,0,3,0,0,0,1,0,0,0,3,0,0,1,1,0,0,0,0,0,1,0,1,1,0,2,2,2,0,1,6,0,1,0,0,0,1,0,0,3,0,0,2,0,3,0,0,0,0,0,0,0,1,0,3,0,0,0,0,0,3,0,0,0,0,2,1,0,0,0,0,0,0,1,0,0,0,0,0,1,0,0,0,0,1,0,0,0,0,1,0,0,0,0,2,0,1,3,0,1,0,0,2,0,1,0,1,0,3,0,1,0,1,2,1,0,1,0,0,0,0,1,0,2,0,0,0,0,0,2,1,1,3,0,0,0,0,1,1,0,1,0,0,0,0,1,0,0,3,0,0,0,1,2,0,0,0,0,0,0,0,0,0,3,0,1,3,0,0,5,9,0,0,0,1,0,8,0,0,5,0,0,2,0,0,5,0,0,0,2,2,0,0,0,0,0,1,2,1,0,0,0,0,0,4,0,0,1,0,0,0,0,0,0,0,0,0,0,0,0,1,1,1
0,0,0,0,1,0,0,0,0,0,0,0,0,2,0,0,0,0,0,0,1,0,0,1,0,0,1,0,2,0,3,0,0,2,0,0,0,0,0,1,0,0,0,2,0,0,0,0,0,0,0,0,0,1,0,0,2,1,1,0,2,0,0,3,0,1,0,0,0,2,2,0,2,0,0,2,0,2,0,0,0,0,0,0,0,1,1,3,0,0,0,0,0,5,2,0,0,0,0,0,0,0,0,0,0,0,0,0,0,0,0,0,0,0,1,0,0,1,0,1,0,0,2,0,0,0,0,1,0,2,4,0,1,0,0,5,0,0,0,0,2,0,0,0,1,4,2,0,0,0,0,0,0,1,0,0,1,0,0,0,0,0,0,0,2,2,0,1,0,0,1,0,0,0,1,0,0,0,1,0,1,2,0,0,0,0,3,0,0,0,0,0,0,1,0,0,0,0,1,2,0,0,1,1,0,0,1,0,0,2,0,0,0,1,0,0,0,0,3,0,0,0,0,0,0,0,0,0,0,0,1,3,0,0,0,1,0,3,0,0,0,0,0,0,0,1,1,3,0,0,0,0,0,0,1,1
1,1,1,0,0,0,0,0,0,0,1,0,1,1,0,0,0,0,0,0,0,0,0,0,0,0,0,0,3,0,5,0,0,4,0,0,0,0,0,0,0,0,0,4,1,0,0,3,0,0,0,0,0,1,0,0,1,0,0,0,3,0,0,4,1,4,0,0,0,0,0,0,4,3,1,0,0,5,1,0,0,0,0,0,1,0,0,4,0,1,0,0,1,3,0,0,0,0,0,2,0,0,0,0,1,0,0,0,0,1,0,0,0,0,1,0,0,1,0,1,0,0,0,1,1,0,0,0,1,0,0,0,1,0,0,4,0,2,0,1,0,1,0,0,0,2,2,0,0,0,0,0,0,1,0,1,1,0,0,0,0,0,0,0,0,4,0,2,0,0,2,1,0,0,3,0,2,0,0,1,0,4,0,0,0,0,3,0,0,1,0,0,0,0,0,0,0,0,1,4,0,0,3,3,0,1,0,0,0,4,0,0,1,1,0,1,0,0,4,0,1,0,1,1,0,0,0,0,0,0,0,0,0,0,0,0,0,0,0,1,0,0,1,0,0,0,0,1,0,1,0,0,1,0,0,0
0,0,0,1,0,0,0,0,0,0,0,0,0,0,0,0,0,0,0,0,1,0,0,0,0,0,0,0,3,0,3,0,0,3,0,0,0,0,0,0,0,0,0,3,0,0,0,1,0,0,0,0,0,0,0,0,2,0,0,0,3,0,0,3,0,3,0,0,0,1,1,0,3,0,0,1,0,3,0,0,0,0,0,0,0,0,0,4,0,0,0,0,0,4,0,0,0,0,0,0,0,0,0,0,0,1,1,0,0,0,0,0,0,0,0,0,0,0,0,2,0,0,1,0,0,0,0,0,0,1,1,0,1,1,0,3,0,0,0,0,0,1,0,0,0,3,3,0,0,0,0,0,0,0,0,1,1,0,0,0,0,0,2,0,1,3,0,0,1,0,0,0,0,0,1,0,0,0,1,0,0,3,0,2,0,1,3,2,0,0,0,0,0,0,0,0,0,0,0,4,0,0,1,2,0,0,0,0,0,1,0,0,0,0,0,0,0,0,4,0,0,0,0,0,0,0,0,0,0,0,1,0,0,0,0,0,0,2,0,0,0,0,0,0,0,0,0,2,0,0,0,0,0,0,2,1
0,0,0,0,0,0,1,2,0,0,0,1,0,5,0,0,1,0,0,0,0,0,0,0,0,0,1,1,1,0,3,0,0,1,2,0,0,0,1,0,0,0,0,2,0,0,1,2,0,1,0,0,0,0,1,0,0,0,0,0,1,0,0,1,0,1,1,0,0,2,3,0,1,0,0,2,0,2,0,0,0,0,0,1,0,0,0,3,0,0,0,0,0,4,0,0,0,0,1,0,0,1,0,0,0,0,4,0,0,0,0,0,0,0,0,0,1,0,0,0,0,0,2,0,0,0,1,3,0,2,2,0,4,0,0,1,0,0,2,0,0,1,0,2,0,2,1,0,0,0,0,0,0,0,3,0,1,0,1,0,0,0,0,0,2,1,0,1,0,0,2,0,0,0,0,0,1,0,0,0,0,2,0,0,0,1,2,0,0,0,0,0,0,0,0,0,0,0,0,1,0,0,0,1,0,0,0,0,0,0,0,0,0,0,0,0,0,1,2,0,0,0,1,0,0,0,0,0,1,0,0,0,0,0,1,0,2,5,0,0,0,0,0,2,0,1,0,2,1,0,1,0,0,0,1,1
0,0,1,0,2,0,0,0,0,0,1,0,0,1,0,0,0,0,0,0,1,1,0,0,0,0,0,0,4,1,4,0,0,4,0,0,0,0,1,0,0,0,0,4,1,0,1,2,0,0,1,0,0,0,0,0,2,0,0,0,4,0,0,4,0,0,0,0,1,0,0,0,4,0,0,0,2,4,2,0,1,0,0,0,0,0,0,4,0,0,0,1,0,2,0,0,0,1,0,0,0,0,0,0,0,0,0,0,0,0,0,0,0,0,0,0,0,1,0,0,0,0,0,0,1,0,0,0,0,0,0,0,0,0,1,2,0,0,0,0,2,3,0,1,0,1,1,0,0,0,1,0,0,1,0,0,0,0,0,0,0,0,0,0,0,5,0,2,0,0,2,0,1,1,1,0,0,0,0,0,0,4,0,0,1,0,2,0,1,0,0,0,0,0,0,0,2,0,1,5,0,0,3,2,0,0,0,0,0,4,0,0,0,0,0,2,0,0,4,0,0,0,2,0,0,0,0,0,0,0,0,0,0,0,0,0,0,0,0,0,0,0,0,0,0,0,0,3,0,0,0,2,1,0,0,0
0,0,0,0,0,0,0,1,0,0,0,0,0,2,0,0,0,0,0,0,0,0,0,0,0,0,2,0,1,0,1,0,0,1,0,0,2,0,0,1,0,0,0,1,0,0,0,0,0,0,0,0,0,2,0,0,0,0,2,2,1,1,0,1,0,1,0,0,0,2,4,0,1,0,1,2,0,1,1,0,2,0,0,0,1,0,0,1,0,1,0,0,0,3,0,1,0,1,0,0,0,0,0,0,1,1,0,0,0,0,0,0,0,0,0,0,0,0,0,0,0,0,2,0,1,0,0,1,1,2,6,0,2,0,0,2,2,0,0,1,0,1,2,0,1,2,2,2,1,0,0,0,0,0,2,0,0,0,3,0,1,0,2,1,2,1,1,2,0,0,2,0,0,0,0,0,0,0,0,0,0,1,0,0,0,3,3,1,0,0,0,0,0,0,0,0,0,1,0,1,0,0,2,0,0,0,0,0,0,0,0,0,0,0,0,1,0,0,1,0,0,1,0,1,0,0,1,0,0,1,2,0,0,0,0,0,0,6,0,0,0,0,0,0,1,1,0,1,0,0,1,0,0,0,0,4
0,1,0,0,1,0,1,0,1,0,1,1,0,4,0,0,0,1,0,0,0,0,0,0,0,0,1,0,0,1,2,0,0,1,1,0,0,0,0,0,0,0,0,2,0,1,0,2,0,0,1,2,0,0,0,1,0,0,0,0,1,0,0,2,0,1,1,0,0,2,4,0,1,0,2,3,0,2,0,0,0,0,0,0,0,1,0,3,1,1,0,0,1,3,0,0,0,0,1,1,0,1,1,0,0,0,0,0,0,0,0,0,0,0,1,0,0,1,0,2,0,1,3,2,1,0,0,1,1,1,3,0,2,1,0,2,0,1,0,1,0,1,0,1,1,3,2,2,0,1,0,0,0,1,0,2,0,0,0,0,0,0,0,0,2,2,0,1,0,0,1,0,0,0,0,0,0,0,1,0,0,1,0,0,0,0,1,0,0,0,0,0,0,0,1,2,2,1,2,4,0,0,3,0,0,0,0,0,0,3,0,1,2,0,1,1,0,0,2,0,0,0,0,1,0,0,2,0,0,0,0,0,0,1,0,0,0,8,0,1,0,0,0,0,3,3,2,3,0,0,0,0,0,2,1,2
0,0,0,1,2,0,1,0,0,0,0,0,0,2,0,0,0,0,0,0,2,0,0,0,0,0,1,0,3,0,2,1,0,3,0,0,0,0,0,0,0,0,0,3,2,0,0,2,0,0,1,1,0,2,0,0,1,1,0,1,3,0,0,3,0,1,0,0,0,1,1,1,3,0,0,1,0,3,1,0,0,0,0,0,0,0,0,3,0,0,0,0,0,3,0,0,0,0,0,1,0,0,0,0,0,0,0,0,0,0,0,1,0,0,0,0,0,0,0,0,0,0,2,0,0,0,0,2,0,1,1,0,1,0,0,2,0,2,1,0,0,0,0,1,1,1,1,0,0,1,1,2,0,0,1,0,0,0,0,0,0,0,0,0,1,3,0,1,1,0,1,0,0,0,0,1,0,0,0,0,3,3,0,0,1,3,2,3,0,0,1,0,1,0,0,0,3,0,1,4,0,0,4,4,0,1,0,0,0,2,0,0,0,0,0,1,0,0,3,0,0,0,0,0,0,0,0,0,0,0,1,0,0,0,0,0,0,3,0,1,0,0,0,1,0,0,0,1,0,0,0,1,0,0,0,1
1,0,2,0,0,0,0,0,0,3,0,0,0,1,0,0,0,0,0,0,1,0,0,0,0,1,0,0,3,0,4,0,0,3,0,0,0,2,1,0,0,0,0,3,0,1,0,2,1,0,0,2,0,1,0,0,1,1,0,0,3,0,0,3,0,0,0,0,1,0,0,0,3,1,0,0,0,4,0,1,0,0,2,0,1,0,0,3,0,0,0,0,0,1,0,0,0,0,0,0,0,0,0,1,0,0,1,0,0,1,0,0,0,0,0,0,0,0,0,0,0,0,0,0,0,0,0,0,0,0,0,0,0,2,0,3,0,0,0,0,0,1,0,0,0,1,0,0,0,0,0,0,0,0,1,0,1,0,0,0,0,0,1,2,0,3,0,2,2,0,1,0,0,0,0,0,1,0,1,0,0,4,0,0,0,0,1,0,0,0,1,0,0,0,0,0,0,0,0,4,0,0,1,1,0,0,0,0,0,3,0,0,2,0,0,0,0,0,3,0,1,0,0,2,0,0,1,2,0,0,0,0,0,0,0,0,0,0,0,0,0,0,0,0,0,0,1,2,0,0,0,0,1,0,0,0
0,1,1,0,2,0,0,0,0,0,0,0,1,3,2,0,0,0,0,2,2,1,1,0,0,1,0,1,3,1,2,0,0,2,0,0,0,0,0,0,0,0,0,2,0,0,0,0,0,0,0,0,0,1,0,0,1,0,0,0,2,0,0,2,0,3,1,0,0,2,2,1,2,2,0,2,0,4,0,0,0,0,0,0,0,0,0,2,0,0,1,0,0,4,0,0,0,0,0,0,0,0,0,0,0,1,0,0,0,0,0,0,0,0,0,0,0,0,0,1,0,0,2,0,0,0,0,2,0,2,3,0,4,0,1,0,0,0,0,3,1,1,0,0,0,2,0,1,0,0,1,0,0,1,2,0,0,0,0,0,0,0,0,0,2,2,0,0,0,0,2,0,0,1,0,0,1,0,0,0,0,2,0,0,0,0,4,0,0,0,0,0,0,0,0,0,2,0,0,2,0,0,0,1,0,0,0,0,0,0,0,0,0,0,0,0,0,0,2,0,2,0,0,0,0,0,0,0,0,0,1,1,1,0,0,0,0,3,0,0,0,0,0,0,0,0,0,0,0,1,0,0,0,0,0,2
0,0,0,0,0,0,1,0,0,0,0,0,0,4,1,0,0,0,0,0,0,0,0,0,0,1,2,0,0,0,0,0,0,1,0,0,0,0,0,0,0,0,1,0,0,0,0,0,1,0,0,0,0,0,0,0,1,0,1,1,0,1,0,0,0,0,0,1,0,4,3,0,0,0,1,4,0,0,0,0,0,0,0,0,0,0,0,1,0,0,0,0,0,5,0,0,0,0,0,0,0,1,0,0,1,3,0,0,0,0,0,2,0,0,0,0,0,0,0,0,0,0,4,2,0,0,0,3,0,4,8,0,4,0,0,1,0,0,0,2,0,0,0,0,2,4,1,1,0,0,0,0,0,1,2,0,0,0,0,0,0,0,0,0,4,1,0,0,0,0,2,0,0,0,0,0,0,0,0,0,0,0,0,0,0,0,5,0,0,0,0,1,0,0,0,0,0,1,0,0,0,0,1,0,0,0,0,0,0,0,0,0,0,0,0,0,0,0,0,0,0,0,0,0,0,0,1,0,0,0,1,1,0,0,0,0,0,9,0,0,0,0,1,0,0,0,0,0,0,0,0,0,0,0,0,3
0,0,0,0,0,0,1,0,0,0,0,0,0,2,2,0,1,0,0,0,0,0,0,0,0,2,1,0,1,0,1,0,0,2,0,1,0,0,1,0,0,0,1,2,0,0,0,0,0,0,0,0,0,0,0,1,2,0,0,2,1,0,0,3,0,0,0,0,0,2,0,0,2,0,0,3,0,2,0,0,0,0,0,0,0,0,0,2,0,0,0,0,0,4,0,0,0,1,0,1,0,1,0,0,1,0,0,0,0,0,1,0,0,0,1,0,0,1,0,0,0,0,2,0,1,0,0,2,0,2,2,0,2,1,0,3,0,0,0,0,2,2,0,1,0,4,2,2,0,0,0,0,0,2,1,1,3,0,0,0,0,0,0,0,2,2,0,1,0,0,1,0,0,0,0,0,0,0,1,0,0,2,0,0,0,0,2,0,0,0,0,0,0,0,0,0,0,0,0,2,0,0,1,1,0,0,0,0,0,2,0,0,1,1,0,1,1,0,3,0,0,0,1,2,0,0,1,0,0,0,0,0,0,0,0,0,0,7,0,0,0,0,0,0,0,1,0,1,0,0,0,0,0,2,1,4
0,0,0,0,0,0,0,3,0,0,0,0,0,2,0,0,0,0,0,0,0,1,0,0,1,0,2,0,0,1,1,0,0,1,0,0,0,0,0,0,0,0,1,1,0,0,0,1,0,0,0,0,0,0,0,0,1,0,0,0,0,0,0,1,1,0,0,1,0,2,3,0,2,0,1,3,0,0,0,0,0,0,0,0,1,1,0,1,0,0,0,1,0,5,0,0,0,0,0,0,0,0,0,0,0,0,0,0,0,1,0,0,0,0,1,0,1,1,0,0,0,0,2,0,0,0,0,3,0,2,2,1,2,2,0,2,1,0,0,1,0,2,0,0,0,2,1,0,0,0,0,0,0,0,0,0,2,0,0,0,0,0,0,2,2,1,0,1,0,0,1,0,1,0,0,0,1,0,1,0,0,1,0,0,0,3,2,0,0,0,0,0,0,0,0,0,2,0,0,2,0,1,0,0,0,1,0,0,0,0,1,0,0,2,0,0,0,0,1,1,0,2,1,0,0,0,1,0,0,0,0,0,0,0,0,0,0,5,0,0,0,0,0,0,0,2,0,1,0,0,1,0,0,0,2,2
0,6,0,0,0,1,0,0,0,0,2,0,1,1,0,1,0,0,3,0,2,0,0,0,0,3,1,0,6,0,4,1,0,3,0,1,0,0,1,1,0,0,0,3,0,0,0,2,0,0,0,0,0,0,1,0,3,0,2,0,3,0,0,3,0,6,1,0,0,1,2,0,3,0,0,1,0,3,1,0,1,0,0,0,0,3,0,4,0,1,0,0,0,4,0,0,0,0,0,0,0,1,1,0,3,1,0,0,0,0,0,0,0,0,3,0,1,0,0,3,0,0,1,0,0,0,0,2,0,1,5,0,0,0,0,3,0,0,1,0,0,0,0,1,1,2,1,0,0,0,1,1,0,0,0,1,0,0,0,3,0,1,1,1,1,3,0,3,0,0,0,1,0,0,2,0,1,0,4,0,0,3,0,0,0,1,4,0,0,2,0,1,0,1,0,0,1,0,0,3,1,1,3,7,0,3,1,1,3,3,0,0,9,0,0,0,0,0,3,1,0,0,5,2,0,0,0,0,0,0,0,0,0,0,0,0,0,3,0,0,0,0,0,0,0,0,0,2,1,0,0,0,0,1,1,0
1,0,1,0,0,1,1,0,0,1,1,1,0,0,0,0,0,0,0,0,0,1,0,0,0,0,0,0,3,0,4,0,0,3,0,0,0,0,0,0,0,0,0,3,1,0,0,1,0,0,2,0,0,1,0,2,0,0,0,0,3,0,0,3,0,2,0,0,0,1,1,0,3,0,0,1,0,3,0,0,1,0,0,0,0,1,0,3,0,0,1,2,0,3,0,0,0,0,0,3,0,0,0,0,0,1,0,1,0,0,0,1,0,0,1,0,2,2,0,0,0,0,1,0,0,0,0,1,0,1,1,0,1,1,0,3,0,0,1,0,1,0,0,0,0,0,3,0,0,0,0,0,0,1,0,1,1,0,0,0,0,0,0,0,1,3,0,0,0,0,1,0,4,0,1,0,0,0,0,0,0,3,0,0,0,0,4,0,0,0,0,0,0,0,0,0,0,0,0,10,0,0,4,7,0,0,0,0,0,4,0,0,3,1,0,3,1,0,3,0,0,0,1,2,0,0,1,0,0,0,0,0,0,0,2,0,0,2,0,0,0,0,0,0,0,0,0,1,1,0,0,1,0,3,0,1
1,0,0,2,0,0,2,0,0,0,2,0,0,1,0,0,0,1,0,0,0,0,0,0,0,0,1,0,4,0,3,0,0,3,0,0,0,0,0,0,0,0,0,3,0,0,0,1,0,0,0,0,0,0,0,0,0,0,0,0,3,0,0,3,0,3,0,0,0,1,3,0,3,0,0,1,0,3,0,1,0,2,0,0,0,0,0,3,0,0,0,0,0,3,0,0,0,0,0,0,0,0,0,0,0,0,0,0,0,3,0,0,0,0,0,0,0,1,0,1,0,0,2,0,1,0,0,1,0,1,1,0,1,0,0,3,0,0,0,0,0,0,0,0,0,3,3,0,0,0,0,0,0,0,0,3,1,0,0,0,0,0,0,0,1,3,0,0,0,0,1,0,0,0,0,0,0,0,1,0,0,3,0,0,0,1,3,0,0,0,0,0,0,0,0,2,0,1,0,3,0,0,3,2,0,3,0,1,0,2,0,0,3,0,0,1,0,0,4,0,0,0,1,0,0,0,0,0,0,0,0,0,0,0,0,0,0,4,0,0,0,0,1,0,0,0,0,1,1,0,0,0,0,3,0,1
0,0,1,0,0,0,0,0,0,1,3,2,0,3,1,0,0,0,0,0,2,3,0,0,0,0,0,0,3,0,3,1,0,3,0,0,0,0,0,0,0,0,0,3,0,0,0,1,0,0,0,0,0,0,0,0,2,0,0,0,3,0,0,4,0,2,0,0,0,1,2,1,3,2,0,1,0,3,2,0,1,0,0,0,1,1,0,4,0,0,0,0,0,4,0,0,0,1,0,0,0,0,0,0,0,2,1,0,0,0,0,0,0,0,0,0,0,0,0,1,0,0,1,0,0,0,0,0,0,1,5,0,1,0,2,3,0,0,0,1,0,1,0,2,0,2,1,0,0,2,0,0,0,0,2,0,0,0,0,0,0,0,0,0,1,3,0,1,0,0,2,1,0,2,0,0,0,0,0,0,0,3,0,0,0,0,2,0,0,0,0,0,0,0,0,0,1,0,0,3,0,0,3,4,0,0,0,0,0,1,0,0,1,0,0,1,1,0,3,0,0,2,5,0,0,0,0,0,0,0,0,0,0,1,0,0,1,2,0,1,0,0,0,0,0,0,0,0,1,0,0,0,0,0,0,2
0,0,1,0,0,0,0,0,0,1,2,0,0,2,0,0,0,0,0,1,0,0,0,0,0,0,0,0,4,0,4,1,0,4,0,1,0,0,0,0,0,0,0,4,0,1,1,2,0,0,0,0,0,0,0,0,2,0,0,0,4,0,0,4,0,1,0,0,0,0,0,0,4,0,0,0,0,4,1,0,0,0,0,0,0,0,0,4,0,0,0,0,0,2,0,0,0,0,0,1,0,0,0,0,0,0,0,0,0,0,0,0,0,0,0,0,1,0,0,1,0,0,0,0,1,0,0,0,0,0,0,0,0,0,0,1,0,0,0,0,0,0,0,0,0,0,0,0,0,1,0,0,0,0,0,0,1,0,0,0,0,0,0,1,0,4,0,0,0,0,2,1,0,0,0,0,0,0,2,0,1,4,0,0,0,0,2,0,0,0,0,1,0,0,0,0,3,0,0,4,0,0,3,4,0,0,0,0,0,1,0,0,0,0,0,0,0,0,4,0,0,0,2,1,0,0,0,0,0,0,0,0,0,0,0,0,0,0,0,0,0,0,0,0,0,0,0,1,0,0,0,1,0,0,0,0
1,0,0,0,0,4,0,0,0,2,0,0,0,0,0,0,0,0,0,0,1,0,0,0,0,0,0,0,3,0,3,3,0,3,0,4,1,2,0,1,0,0,0,3,0,0,0,1,1,0,3,2,0,0,0,2,2,2,0,1,3,0,0,3,0,1,0,0,0,0,0,0,3,0,0,0,0,4,0,0,0,0,1,0,1,1,0,3,0,0,0,0,0,2,0,0,0,0,0,0,0,0,0,0,0,0,1,0,0,0,0,0,0,0,0,1,0,0,0,0,0,0,0,0,0,0,0,0,0,0,2,0,0,2,1,2,0,0,0,0,1,0,0,0,0,0,0,0,0,0,2,1,0,0,1,0,1,0,0,0,0,0,0,2,0,3,0,0,2,1,0,0,0,0,0,0,1,0,1,0,0,4,0,1,1,0,0,0,0,0,1,0,0,1,0,0,1,0,1,3,0,0,5,5,0,0,0,0,0,1,0,0,0,0,0,0,0,0,3,0,1,0,1,0,0,0,0,0,0,0,0,0,1,0,0,0,1,0,0,1,0,0,0,0,0,0,0,1,0,0,1,0,0,0,1,1
1,0,0,2,1,0,0,0,0,1,1,1,1,0,0,2,0,0,0,0,0,0,0,0,0,0,0,0,4,1,4,0,0,4,0,1,0,0,0,1,0,0,0,4,0,0,1,3,0,0,1,1,0,0,0,1,2,4,0,1,3,0,0,4,0,4,0,1,0,0,0,0,3,2,0,1,0,4,3,2,0,0,0,0,2,1,0,4,1,0,1,0,0,3,0,0,0,0,0,0,0,0,0,0,0,0,0,0,0,2,0,0,0,0,2,0,0,0,0,0,0,0,1,0,0,0,0,0,0,0,0,0,0,0,0,4,0,1,1,0,0,1,1,0,0,0,3,0,0,0,1,0,0,0,0,1,0,0,0,0,0,0,1,0,1,4,0,0,0,0,1,0,0,1,0,1,0,0,0,0,0,3,0,0,0,0,2,0,0,0,0,0,0,0,0,0,0,0,0,6,0,0,4,7,0,0,0,0,0,1,0,0,2,0,0,0,0,0,5,0,0,0,2,0,0,0,0,0,1,0,0,2,0,0,0,0,2,2,0,0,0,0,1,0,0,0,0,2,0,0,0,0,1,0,0,0
0,0,0,0,0,0,0,0,0,0,0,0,0,1,0,0,0,0,0,0,0,0,0,0,0,0,1,0,2,0,4,1,0,2,0,0,1,0,0,0,0,0,0,3,1,0,0,3,0,0,0,0,1,0,0,1,2,0,0,1,2,0,0,2,0,2,0,0,0,2,1,0,2,0,1,2,0,2,0,0,0,0,0,0,0,0,0,4,0,0,0,0,0,4,0,0,0,0,0,0,0,0,0,0,1,1,0,0,0,0,0,0,0,0,0,0,0,1,0,0,0,0,1,0,0,0,0,0,0,2,2,0,1,0,0,3,0,0,1,1,0,1,0,1,1,2,3,1,0,0,0,0,0,0,0,0,1,0,0,0,0,0,0,0,3,3,0,0,0,0,0,0,0,1,0,0,0,0,0,0,0,2,0,0,0,0,1,0,0,0,0,0,0,0,0,0,0,2,0,3,0,0,1,0,1,0,0,0,0,0,0,0,0,0,0,1,0,0,3,0,0,0,1,1,0,0,1,0,0,0,1,0,0,1,0,0,0,4,0,0,2,0,2,0,0,0,0,1,0,0,0,1,0,0,3,1
0,0,0,0,0,0,0,0,0,0,0,0,0,1,0,1,0,0,0,0,2,0,0,0,0,0,0,1,2,0,4,0,0,3,0,0,1,0,0,0,0,0,0,4,2,0,0,0,1,0,3,1,0,0,0,0,1,2,0,0,2,0,0,5,0,0,0,0,0,1,1,0,3,0,0,1,0,3,0,1,0,0,0,0,0,0,0,4,0,0,0,0,0,5,0,0,0,0,0,0,0,0,0,0,0,0,0,0,0,0,0,0,0,1,0,0,0,0,0,0,0,0,0,0,1,0,0,1,0,0,2,0,0,0,0,6,0,0,0,1,0,2,1,0,0,0,4,0,0,1,0,0,0,1,0,0,0,0,0,0,0,0,0,0,1,4,0,0,1,0,0,0,0,0,0,0,0,0,0,0,0,3,0,0,0,0,2,0,0,0,0,0,0,0,0,0,1,0,1,4,0,0,2,3,0,0,0,0,0,0,0,0,0,0,0,0,0,0,7,0,0,0,0,1,0,0,0,0,0,0,1,1,0,0,1,0,0,1,0,0,0,1,1,0,0,0,0,0,0,0,0,0,0,0,0,0
0,1,0,0,1,3,1,1,0,2,2,0,2,1,0,0,0,0,0,2,0,1,0,0,0,0,1,0,3,0,4,0,0,3,0,0,0,0,0,0,1,0,1,3,0,0,0,1,0,0,0,0,0,0,0,0,2,0,0,0,3,0,1,5,0,2,0,0,0,1,1,0,3,1,0,1,0,3,0,1,0,0,0,0,0,0,0,3,0,0,0,1,0,3,0,0,0,0,0,1,0,0,0,0,2,0,0,0,0,0,0,0,0,2,1,0,0,0,0,0,0,0,1,0,1,1,0,1,0,1,4,0,1,0,0,2,1,0,0,0,0,1,0,0,0,1,1,1,0,0,1,1,0,0,0,0,1,0,0,0,0,0,0,1,1,3,1,0,0,0,0,0,0,0,1,0,0,0,3,0,0,3,0,0,0,0,1,0,0,0,0,1,0,0,0,0,1,0,2,4,0,0,5,6,0,0,0,5,0,5,0,0,1,0,0,2,0,0,3,0,0,0,0,0,0,0,0,0,0,0,0,0,0,0,0,0,0,2,0,0,0,1,0,0,0,1,0,0,0,0,0,0,0,0,0,0
0,0,0,0,0,0,0,0,0,0,1,0,2,1,0,2,0,0,0,0,1,0,0,0,0,0,1,0,3,0,2,0,0,3,0,0,0,0,0,1,0,0,0,3,1,0,0,1,0,0,0,0,1,1,0,1,0,0,0,0,3,1,0,3,0,2,1,0,0,2,1,0,3,0,0,1,0,3,0,0,1,0,0,0,0,0,0,3,0,0,0,0,0,3,0,0,0,0,0,2,0,1,0,0,0,1,0,0,0,0,0,0,0,0,0,0,0,0,0,1,0,0,3,0,1,0,0,0,1,1,2,0,1,0,0,3,0,0,3,0,1,0,0,0,1,2,3,1,0,0,1,0,0,0,0,0,0,0,0,0,0,0,0,0,1,3,0,0,0,0,2,1,1,0,2,0,0,0,0,0,0,3,0,0,0,0,1,0,0,0,0,0,0,0,0,0,0,0,0,3,0,0,2,4,0,0,0,0,0,2,1,1,2,1,0,0,0,0,3,0,2,1,3,1,0,0,0,0,0,0,0,0,1,0,0,0,0,2,0,0,0,0,0,0,0,0,0,2,1,0,0,0,0,0,0,1
1,0,0,0,0,1,0,0,0,0,3,0,0,2,0,0,0,0,0,0,1,0,0,0,0,0,1,1,4,0,3,1,0,3,0,0,1,0,0,0,0,0,0,3,1,0,0,4,0,2,1,0,0,1,0,0,1,1,0,0,2,0,0,3,0,1,0,0,0,1,1,0,3,0,0,1,0,3,0,0,0,0,0,0,0,0,0,4,0,0,0,0,0,2,0,0,0,0,0,1,0,0,0,0,0,1,0,1,0,0,0,0,0,1,0,0,0,0,0,0,0,0,1,0,1,0,0,1,0,1,2,0,1,0,0,2,0,0,0,0,0,2,1,0,0,2,2,1,0,0,0,0,0,0,1,2,0,0,0,0,0,0,0,0,1,4,0,0,0,0,1,0,0,0,0,0,0,0,0,0,0,3,0,0,0,0,2,0,0,0,0,0,0,0,0,0,1,0,2,4,0,0,3,3,0,0,0,3,0,4,0,0,0,0,0,0,1,0,3,0,1,0,1,1,0,0,1,0,0,0,2,0,0,0,0,0,1,2,0,0,0,0,0,0,0,0,0,1,0,0,0,0,0,0,1,1
1,0,0,0,1,0,4,0,0,0,0,0,0,3,0,0,0,0,0,0,0,0,0,3,0,0,1,0,2,1,4,0,0,2,0,0,0,0,0,1,1,0,1,2,0,0,0,2,1,0,0,0,0,0,0,0,1,0,0,0,2,0,1,2,0,0,0,0,0,2,2,0,2,0,0,1,1,2,0,2,0,0,0,0,1,1,0,3,0,0,0,0,1,3,0,0,0,0,0,0,0,0,1,0,0,1,0,0,0,0,0,0,0,0,0,0,0,0,0,0,0,0,1,0,0,0,0,0,0,1,2,0,1,1,0,1,1,2,0,0,0,1,0,0,3,0,2,1,0,0,0,1,1,0,0,1,0,0,0,0,1,0,0,1,2,2,0,0,0,1,0,0,0,0,0,0,0,0,0,0,0,2,0,0,1,0,2,1,1,0,0,0,1,0,0,0,0,0,2,2,0,0,4,0,1,0,1,1,0,1,0,0,0,0,0,0,0,0,2,0,0,0,1,2,0,0,1,1,0,0,0,0,0,0,0,0,0,3,0,0,2,0,0,0,0,0,0,0,0,0,0,0,0,0,1,1
1,0,0,0,0,0,0,0,0,0,0,0,0,3,0,0,0,0,0,0,0,0,0,0,0,0,2,0,2,0,2,0,1,2,0,0,1,0,0,0,0,0,0,2,0,0,0,2,0,1,1,1,0,2,0,0,0,0,0,2,2,1,1,2,0,0,0,0,1,2,2,0,2,0,0,2,0,2,1,0,0,0,0,0,0,1,0,2,0,0,0,0,0,3,0,0,0,0,0,1,0,0,0,0,0,0,0,0,0,0,0,0,0,0,0,0,0,0,0,0,0,0,2,0,0,0,0,2,0,2,4,0,2,0,0,4,0,0,0,0,0,0,0,0,0,2,1,0,0,0,1,0,0,0,0,1,0,0,0,0,0,0,0,0,2,2,0,0,1,0,2,0,0,0,0,0,0,0,0,0,0,2,0,0,0,0,3,0,0,0,0,0,0,1,0,3,0,0,0,5,0,0,1,2,0,0,0,0,0,2,0,1,0,0,0,1,0,0,2,0,0,1,1,0,0,0,0,0,0,0,0,4,0,0,0,0,1,5,0,0,0,0,0,3,0,0,0,2,0,0,0,0,0,0,2,0
0,0,0,0,1,0,2,0,0,0,0,0,0,3,0,0,0,0,0,0,0,0,0,0,0,0,2,0,2,0,2,0,0,3,0,0,0,0,0,1,0,0,0,2,0,0,0,0,0,0,0,0,0,1,0,0,0,0,0,0,2,0,0,5,0,1,0,0,0,2,5,0,3,0,0,3,0,2,0,3,0,0,0,0,0,0,0,2,0,0,0,3,0,4,0,0,0,0,0,0,0,0,0,0,1,2,0,0,0,0,0,1,0,0,0,0,0,0,0,0,0,0,2,0,0,0,0,2,1,2,2,0,2,0,0,2,0,1,1,2,0,2,0,0,0,2,2,1,0,1,0,0,0,1,0,0,3,2,0,2,0,0,0,0,2,2,0,0,1,0,2,0,0,0,0,0,0,0,0,0,0,2,0,0,0,3,3,0,0,0,0,0,0,0,0,0,0,0,0,2,0,0,6,2,0,0,0,0,1,0,0,0,0,0,0,0,0,0,2,0,0,2,0,3,0,0,0,1,0,0,1,1,0,0,0,0,0,5,1,0,0,0,0,0,0,0,0,1,0,0,0,0,0,0,0,2
1,0,1,0,0,0,0,0,0,2,2,0,0,1,0,0,0,0,0,0,0,3,0,0,2,0,0,0,2,2,5,0,0,3,0,0,0,0,0,0,0,0,0,3,1,0,0,3,1,0,0,0,0,2,0,0,2,0,1,0,2,0,0,3,0,0,0,0,0,0,1,1,2,2,0,1,0,2,0,0,0,0,1,0,1,1,0,3,0,0,0,0,0,2,0,0,0,0,0,0,0,0,0,1,0,0,0,0,0,0,0,0,0,0,0,1,0,1,0,0,0,0,1,0,1,0,0,0,2,0,0,0,0,2,0,3,0,0,0,0,0,3,0,0,0,0,1,0,0,1,0,1,0,2,0,1,0,0,0,1,0,0,0,2,1,3,0,0,1,0,1,0,3,0,1,0,1,0,0,0,0,4,0,0,0,0,3,0,0,1,1,0,0,0,0,0,1,0,0,3,0,0,1,3,1,0,0,0,0,4,0,0,3,1,0,4,0,0,3,0,0,0,0,0,0,0,0,0,0,0,0,0,2,0,0,0,2,1,0,0,0,1,0,0,0,0,0,3,0,0,0,0,0,0,0,0
0,0,1,0,2,0,0,0,0,0,1,0,0,2,0,0,0,0,0,0,0,0,0,0,0,0,0,0,5,1,4,0,0,4,0,0,0,0,1,0,0,0,0,4,0,0,1,2,0,1,0,0,0,0,0,1,1,0,0,0,4,0,0,6,0,2,0,1,0,0,0,0,4,0,1,0,0,4,0,2,0,0,1,0,0,0,0,4,0,0,0,0,0,2,0,0,0,0,0,0,0,0,0,0,0,0,0,0,1,1,0,0,0,0,0,0,0,0,0,0,0,0,0,0,1,0,0,0,0,0,1,0,0,0,0,2,0,0,0,0,0,1,0,0,0,0,1,0,0,0,0,0,0,0,0,1,1,0,0,0,0,0,0,0,0,4,1,1,0,0,0,0,0,1,0,0,0,0,1,0,0,4,0,0,0,0,1,0,1,0,0,0,0,0,0,0,2,0,0,5,0,0,4,3,0,0,0,0,0,3,0,0,2,0,0,0,0,0,5,0,1,0,0,2,0,0,0,0,0,0,0,0,0,0,0,0,0,0,1,0,0,0,0,0,1,0,0,0,1,0,0,0,1,2,1,0
1,2,0,1,1,0,0,3,0,0,1,0,0,3,1,0,1,0,0,0,0,0,0,0,0,0,2,0,2,0,2,0,0,2,0,0,0,0,0,0,0,0,0,2,0,0,0,1,0,0,0,0,0,1,0,0,0,1,0,0,2,0,0,2,0,1,0,0,0,2,1,0,2,0,0,2,0,3,0,0,0,0,0,0,1,0,0,2,0,0,0,0,0,3,0,0,0,0,0,0,0,0,0,0,0,1,0,1,0,1,0,0,0,0,0,1,0,0,0,0,0,0,2,0,0,0,0,3,0,2,3,0,2,0,0,2,0,0,0,0,1,1,1,0,0,2,2,0,0,0,0,1,0,1,0,0,2,0,0,0,0,0,0,0,2,2,0,0,0,0,2,0,0,0,1,0,0,0,0,0,0,2,0,0,0,0,3,0,0,0,0,0,0,0,0,0,1,0,0,2,0,0,1,1,0,0,0,0,0,3,0,0,1,0,0,0,0,0,2,0,0,0,1,1,0,0,0,0,0,0,0,0,0,0,0,0,0,5,0,0,0,0,0,0,0,0,0,2,0,0,1,0,0,1,0,1
0,0,1,0,0,0,0,0,0,0,1,0,0,1,0,0,0,0,0,0,2,0,0,0,0,0,1,0,3,0,3,0,0,3,0,0,0,0,0,0,0,0,0,3,0,0,1,3,0,0,0,0,0,0,0,0,2,0,0,0,3,0,0,3,0,1,0,0,0,1,1,0,4,0,0,1,0,3,2,0,0,0,0,0,3,0,0,3,0,0,0,1,1,2,0,0,0,0,0,0,0,0,0,0,0,0,0,0,0,0,0,0,0,0,0,0,1,0,0,0,1,0,2,0,0,0,0,2,0,1,3,1,1,1,0,2,0,0,0,0,3,0,2,0,0,1,2,1,0,0,1,0,0,0,1,0,2,2,0,0,0,0,0,1,1,3,0,0,0,0,3,0,1,0,1,0,0,0,1,0,1,3,0,0,0,0,1,0,0,0,0,0,0,0,0,0,1,0,0,3,0,0,5,6,0,0,0,1,0,6,0,0,1,0,0,1,0,0,3,0,0,0,3,1,0,0,0,0,1,0,1,0,0,0,0,0,0,2,0,0,0,0,0,0,0,0,1,0,0,0,0,0,0,0,0,1
2,0,0,0,0,1,0,0,0,0,1,0,0,2,0,0,0,0,1,0,0,0,0,0,1,1,0,0,3,0,3,1,0,3,0,0,0,0,0,0,0,0,0,3,0,0,0,2,0,0,0,0,1,0,0,0,0,0,0,0,3,0,0,3,0,1,0,0,0,1,1,0,3,0,0,1,0,3,0,1,1,0,0,1,0,0,0,4,0,0,0,0,0,4,0,0,0,1,0,1,0,0,1,1,1,0,0,0,0,0,0,1,0,0,1,1,0,0,0,3,0,0,2,0,1,1,0,0,0,1,5,0,1,0,0,4,0,0,0,1,0,4,0,0,0,1,4,1,0,0,1,0,0,0,0,0,0,0,2,0,0,0,0,0,1,3,1,0,0,0,0,0,0,0,0,0,1,0,1,0,0,3,0,0,1,0,0,0,0,0,0,0,0,0,0,0,1,1,0,3,0,0,1,4,0,0,0,0,0,1,0,0,1,0,0,1,0,0,3,0,0,0,2,0,0,0,0,0,0,0,0,0,0,0,0,0,0,2,0,0,0,0,2,0,0,0,0,0,0,0,0,0,0,2,1,0
0,0,0,0,0,0,0,0,0,0,0,0,0,2,0,0,0,0,0,0,0,0,0,0,0,0,1,0,2,0,2,0,0,2,0,0,0,0,0,0,0,0,1,2,0,0,0,2,0,0,0,0,0,0,0,0,0,0,0,0,2,0,0,2,0,1,0,0,0,3,3,0,2,0,0,2,0,2,0,1,0,0,0,0,0,0,0,3,0,0,0,0,0,2,0,0,0,0,0,0,0,0,0,0,2,2,0,0,0,0,0,1,0,0,0,0,0,0,0,0,0,0,3,1,0,0,0,2,0,2,4,0,2,0,0,2,0,0,0,2,0,1,0,1,0,3,1,2,0,1,0,1,0,1,0,1,1,0,0,0,0,0,0,0,2,2,0,1,0,0,2,0,0,0,0,0,0,0,0,0,0,2,0,0,0,0,4,0,0,0,0,0,0,0,0,0,0,0,0,2,0,0,0,0,0,0,0,0,0,0,0,0,0,0,0,0,0,0,3,0,0,1,0,0,0,0,0,0,0,0,1,0,0,0,0,0,0,3,0,0,0,0,0,0,0,0,0,2,0,0,0,0,0,4,1,1
2,0,0,2,1,0,0,0,0,1,3,0,1,0,0,0,0,0,0,0,1,0,0,0,0,0,0,0,3,0,3,0,1,4,0,0,0,2,1,0,0,0,0,3,0,0,0,2,1,0,1,2,0,0,0,4,0,1,0,0,3,0,0,5,0,1,1,0,0,0,0,0,3,0,0,0,0,3,0,0,0,0,1,0,1,0,0,3,0,0,0,0,0,1,0,0,0,0,0,0,0,0,0,0,0,0,0,0,0,0,0,1,0,0,0,0,0,0,0,0,0,0,0,0,0,0,0,0,2,0,0,0,0,3,0,3,0,0,1,1,0,0,0,0,0,0,5,0,0,0,0,0,0,0,1,1,2,0,1,0,0,0,0,1,0,3,0,0,0,0,1,2,0,1,0,0,1,0,0,0,1,4,0,0,0,0,1,0,0,0,1,1,0,0,0,0,0,0,1,3,0,0,3,3,0,0,0,0,0,1,0,0,1,0,0,0,0,0,4,0,1,0,1,1,0,0,0,0,0,0,0,0,0,1,0,0,0,0,1,0,0,0,0,0,0,0,0,0,0,0,0,0,0,0,0,0
0,1,0,0,0,0,2,1,0,0,1,0,0,2,0,0,1,0,0,0,1,0,0,0,0,0,1,0,2,0,2,0,0,2,0,0,0,0,0,0,0,0,1,2,1,0,0,0,0,0,0,0,0,1,0,1,0,0,0,1,2,0,0,2,0,2,0,0,1,2,3,0,2,0,0,3,0,2,1,2,0,1,0,0,0,0,0,2,0,0,0,0,0,4,0,0,0,0,0,0,0,0,0,0,0,1,0,0,0,0,0,0,0,0,0,0,0,0,0,0,0,0,2,1,0,0,0,2,0,2,4,0,2,0,0,1,0,0,0,0,1,1,0,0,1,3,1,0,0,0,0,1,0,0,0,1,0,0,0,0,0,0,0,0,2,2,0,0,1,0,2,0,0,0,0,0,0,0,0,0,0,2,0,0,0,0,3,0,0,0,0,0,0,0,0,0,1,0,2,2,0,0,2,3,0,1,0,0,1,0,0,0,0,0,0,3,0,0,4,0,0,0,0,1,0,0,0,0,0,0,0,0,0,0,0,0,0,5,0,2,0,0,0,0,1,0,0,1,1,0,0,0,0,0,0,2
0,0,0,0,0,0,0,0,0,0,1,0,0,0,0,0,0,0,2,0,1,0,0,0,0,0,0,0,3,0,4,1,0,3,0,0,0,0,0,1,0,0,0,3,0,0,0,4,0,0,3,0,0,1,0,0,1,1,1,1,3,0,0,3,0,1,0,0,1,3,1,1,3,0,0,1,0,3,0,0,0,2,0,0,0,2,0,3,0,0,0,0,0,2,0,0,0,0,0,0,0,0,0,0,0,0,0,0,0,0,0,0,0,0,0,0,0,0,0,0,0,1,0,0,0,0,0,0,0,0,0,0,0,0,0,3,0,0,0,0,0,1,0,0,0,2,4,0,0,0,0,2,0,0,0,0,1,0,0,0,0,0,2,0,0,3,1,0,2,0,0,1,0,0,0,1,2,0,0,0,0,3,0,0,0,1,0,1,0,0,0,1,0,0,0,0,0,0,0,3,0,0,1,2,0,1,0,0,0,4,0,0,0,1,0,0,1,0,4,0,1,0,1,2,0,0,0,0,0,0,0,0,0,0,0,1,0,0,0,0,1,0,0,0,0,0,2,3,0,0,0,0,0,0,0,0
0,0,1,0,2,0,0,0,0,1,1,0,0,1,0,0,0,0,0,0,1,0,0,0,0,0,1,0,3,0,3,0,0,3,0,0,0,0,0,0,0,0,0,3,0,0,0,0,0,0,1,0,0,1,0,0,0,0,0,0,3,0,0,3,0,1,0,0,0,2,1,0,3,0,0,1,0,3,0,1,0,0,0,0,0,0,0,3,0,0,0,0,0,4,0,1,0,0,0,0,0,1,0,0,0,1,0,0,0,0,0,0,0,0,0,0,1,0,0,0,0,0,2,0,1,0,0,1,0,1,2,0,1,0,1,3,0,0,1,1,0,0,0,0,0,1,1,1,0,0,1,0,0,0,0,0,0,0,0,0,0,0,0,0,1,3,1,0,1,0,1,0,1,0,2,0,0,0,0,0,0,3,0,0,0,0,3,0,0,0,0,0,0,0,0,0,0,0,0,4,0,1,3,3,0,0,0,0,0,1,0,0,0,0,0,0,0,0,3,0,0,0,2,1,0,0,0,0,1,0,1,0,0,0,0,0,2,3,0,0,0,0,0,0,0,0,0,0,1,0,0,0,0,0,0,1
0,0,2,0,2,0,1,0,0,1,1,0,0,2,0,0,0,0,0,2,0,0,0,0,0,0,1,0,3,1,4,2,0,3,0,0,0,0,1,0,0,1,0,3,0,0,2,1,0,0,0,0,0,2,0,1,1,0,0,0,3,0,0,3,0,3,0,0,1,1,1,0,3,0,1,1,0,4,0,0,0,0,0,0,2,0,0,4,0,0,0,0,0,5,0,0,0,0,0,0,1,0,1,0,0,1,0,1,0,0,0,0,1,0,0,0,0,1,0,2,0,0,2,0,0,0,0,0,0,1,1,0,1,0,0,2,0,0,0,0,0,1,0,1,0,3,1,0,0,0,0,0,1,0,0,0,0,0,0,0,0,0,1,0,1,3,0,0,1,0,0,0,0,0,0,0,0,0,0,0,0,3,0,0,0,0,0,0,0,1,0,0,0,0,0,0,2,0,1,3,0,0,2,2,0,0,0,0,0,4,0,0,1,1,0,1,0,0,3,1,0,0,1,0,0,0,3,0,0,0,0,0,0,0,0,0,1,3,0,0,0,0,1,0,0,1,0,0,0,0,0,0,0,0,2,2
0,0,0,0,0,1,0,0,0,0,1,0,0,0,0,0,0,0,0,0,2,0,0,0,0,0,0,0,4,0,4,1,0,4,0,1,0,0,0,0,0,0,0,4,0,0,0,0,0,0,1,0,0,0,1,0,2,1,0,0,5,0,0,4,0,1,0,0,0,0,0,0,4,0,0,0,1,4,0,1,2,0,0,0,0,0,0,4,1,0,0,0,0,4,0,0,0,0,0,1,0,0,1,0,0,0,0,0,0,0,0,0,0,0,0,0,0,0,0,0,0,0,0,0,0,0,0,0,0,0,1,0,0,0,0,5,0,0,0,0,0,1,0,0,0,1,2,0,0,0,0,1,0,1,2,0,0,0,0,0,0,0,0,0,0,4,0,0,0,0,0,0,1,0,0,0,0,0,0,0,0,4,0,0,0,0,0,0,0,0,0,0,0,0,1,0,0,0,0,4,0,0,1,2,0,1,0,0,0,1,0,0,0,0,0,0,0,0,4,0,0,0,3,0,0,1,0,0,1,0,0,0,0,0,0,0,0,1,0,0,0,0,0,0,0,0,0,1,0,0,0,0,0,0,0,0
0,0,0,0,0,0,0,0,0,1,0,0,0,3,1,0,0,0,0,1,0,0,0,0,1,0,1,0,1,0,2,0,0,3,0,0,1,0,1,1,0,0,0,2,0,0,1,1,0,0,0,0,0,0,0,0,1,0,0,0,1,0,2,1,0,1,0,1,0,2,5,0,1,3,1,2,0,1,0,0,0,1,0,0,0,0,0,2,1,1,0,0,3,3,0,0,0,0,0,1,0,1,0,0,0,0,0,0,0,0,0,1,0,0,1,0,0,1,0,0,0,0,2,1,0,0,0,1,0,2,2,1,2,1,2,0,1,1,0,0,1,1,0,0,0,3,0,1,0,1,1,0,1,3,1,1,1,0,3,0,0,0,0,1,2,1,2,1,0,0,3,0,0,0,1,1,0,0,1,0,0,1,0,0,1,2,3,1,0,0,0,3,0,0,0,0,2,1,1,2,0,1,0,1,0,0,0,0,0,1,0,0,0,3,0,0,0,0,2,0,0,0,0,2,0,0,1,0,0,1,0,0,0,0,0,0,0,6,0,0,0,0,0,0,0,2,2,1,0,0,0,0,0,0,1,5
0,1,0,0,0,0,1,0,0,0,1,0,0,2,0,0,0,0,0,0,1,0,0,0,0,0,1,0,2,0,2,0,0,2,0,0,0,0,0,0,0,0,0,2,0,0,0,1,0,0,0,0,0,0,0,0,1,0,0,0,2,0,0,2,0,2,0,0,0,2,4,0,2,0,0,2,0,2,0,0,0,0,1,0,0,0,0,2,0,0,0,0,3,3,0,0,0,0,0,0,0,0,0,0,0,1,0,0,0,0,0,0,0,0,0,0,0,0,0,0,0,0,2,1,0,0,0,2,0,3,7,0,2,0,1,4,0,0,0,0,2,2,1,0,0,3,2,1,0,0,1,0,0,2,0,0,2,0,0,0,0,0,0,0,2,2,0,0,0,0,2,0,0,0,0,0,0,0,0,0,0,2,0,0,0,0,2,0,0,0,0,0,0,0,0,1,0,1,0,2,0,2,2,2,0,0,0,0,0,3,0,0,0,0,0,1,0,0,3,0,0,0,0,0,0,0,1,0,0,0,1,0,0,0,0,0,0,6,0,0,1,0,0,1,1,0,0,1,2,0,0,1,0,1,0,2
0,1,0,1,2,2,1,1,0,0,1,0,0,2,0,0,0,0,1,0,2,0,0,0,0,0,2,0,2,0,1,0,0,3,0,1,0,0,0,0,0,0,0,2,0,0,0,1,0,0,1,1,0,1,0,0,0,1,0,1,2,0,1,2,2,0,0,0,0,2,3,0,2,0,0,2,0,2,0,0,0,0,0,0,0,0,0,2,1,0,0,0,0,3,0,0,0,0,0,0,0,0,0,0,0,2,0,0,0,1,0,1,0,0,0,1,0,0,1,1,0,0,2,0,0,0,0,4,0,2,3,1,2,0,0,2,0,0,0,0,0,0,1,0,0,2,2,1,0,0,0,0,0,0,1,0,0,0,0,0,0,0,0,0,2,2,0,0,1,0,2,0,0,0,0,0,0,0,0,0,0,2,0,0,0,0,2,0,0,0,0,1,0,0,0,0,0,0,0,2,0,0,0,0,0,0,0,0,0,0,0,0,0,1,0,0,0,0,2,0,0,0,1,2,0,0,0,0,0,0,0,0,0,0,0,0,0,3,0,0,0,0,0,0,0,1,0,2,0,0,0,0,0,0,0,1
0,1,0,1,1,0,0,1,0,0,0,0,0,2,0,1,0,0,0,2,1,0,0,0,0,0,1,0,2,0,3,0,0,2,0,0,0,0,0,1,0,0,0,2,0,0,0,1,0,0,0,0,0,0,0,1,1,1,0,0,2,0,0,2,0,4,0,1,0,4,3,0,3,0,0,2,0,3,0,1,0,0,0,0,0,2,0,3,0,1,0,0,0,4,0,0,0,0,0,0,0,1,0,0,1,2,1,0,0,0,0,1,0,0,1,0,0,1,0,0,0,0,2,0,0,0,0,4,0,2,5,0,2,0,0,3,0,0,1,0,0,0,0,0,1,2,3,1,0,0,0,0,0,0,3,0,0,0,0,2,0,0,0,0,2,2,0,1,0,0,1,0,0,0,0,0,0,0,1,0,0,2,0,0,0,2,2,0,0,0,0,0,0,0,0,0,0,0,0,2,2,0,4,2,0,2,0,0,1,1,0,0,0,0,0,2,0,0,2,0,1,3,0,4,0,0,0,0,0,0,0,1,0,0,1,0,0,4,0,0,1,0,1,0,0,1,0,1,0,0,1,0,0,0,1,2
0,0,0,0,1,1,0,0,0,0,2,0,0,2,0,0,0,0,0,0,2,0,0,0,0,0,1,0,3,0,3,1,0,3,0,0,0,0,0,0,0,0,0,3,0,0,0,0,0,0,0,0,0,0,0,0,1,0,0,0,3,0,0,3,0,0,0,0,0,1,0,0,3,1,0,1,0,3,0,0,0,0,0,0,0,0,0,3,0,0,0,0,0,4,0,0,0,0,0,0,0,0,0,0,0,1,0,1,0,0,0,0,0,0,0,0,0,1,0,1,0,0,1,0,0,1,0,1,1,1,3,0,1,0,0,3,0,0,0,0,0,3,0,0,1,2,2,1,0,0,0,1,0,1,0,0,1,0,0,0,0,0,0,0,1,3,0,0,0,0,1,0,0,0,0,0,0,0,0,0,1,3,0,0,0,0,3,0,0,0,0,0,0,0,0,0,0,0,0,3,0,0,1,0,0,0,0,0,0,3,0,0,1,0,0,1,0,0,3,0,0,0,1,1,0,0,0,0,0,0,0,0,0,0,0,0,0,1,0,0,0,0,1,0,0,0,0,1,0,0,0,0,0,0,1,1
0,0,0,1,0,0,0,0,0,0,0,0,0,3,0,0,0,0,0,0,1,0,0,0,0,1,1,0,2,0,1,0,0,2,0,0,0,0,0,0,0,0,2,2,1,0,0,2,0,0,0,0,0,0,0,1,1,1,0,0,2,0,0,2,0,0,0,0,0,3,2,0,2,0,0,2,0,2,0,0,0,0,0,0,0,0,0,2,0,0,0,0,0,3,0,0,0,0,0,0,0,0,0,0,1,2,0,0,0,0,0,1,0,0,0,0,0,0,0,0,0,0,2,0,0,0,0,2,1,2,5,0,2,0,0,1,0,1,0,1,0,2,0,1,1,2,1,1,0,2,1,0,0,1,2,0,0,0,0,0,0,0,0,0,2,2,0,0,0,0,0,0,0,0,0,0,0,0,0,0,0,2,0,0,0,0,2,0,0,0,0,0,0,0,0,0,2,0,1,4,0,0,1,1,0,0,0,0,0,1,0,0,0,0,0,0,0,0,2,0,0,0,1,0,0,0,1,0,0,1,0,0,0,0,0,0,0,5,0,0,1,0,0,0,0,0,0,0,0,0,0,0,0,4,0,2
1,0,0,0,0,0,0,0,0,0,3,0,0,2,1,0,0,0,0,0,1,0,0,0,1,0,0,0,3,0,3,0,0,3,0,0,0,0,0,0,0,0,0,3,0,0,0,1,1,0,1,0,0,0,0,0,2,0,0,0,3,0,0,5,0,0,0,0,0,1,1,0,3,0,0,1,0,3,0,0,0,0,0,0,0,0,0,3,0,0,0,1,0,3,0,0,0,0,0,0,0,0,1,0,0,2,0,1,0,0,0,0,0,0,1,0,0,0,0,0,0,0,1,0,0,1,0,1,0,1,1,0,1,0,0,2,0,0,0,1,0,1,0,0,0,1,2,0,0,0,1,1,0,2,0,0,0,0,0,0,0,0,0,1,1,3,0,0,2,0,1,0,0,0,0,0,0,0,0,0,0,3,0,0,0,0,2,0,0,0,0,0,0,0,0,0,1,0,0,3,0,0,2,3,0,0,0,0,0,3,0,0,1,0,0,0,0,0,3,0,0,1,0,0,0,0,0,0,0,0,0,0,0,0,0,0,0,1,0,0,0,0,0,0,0,0,0,0,0,0,0,0,0,0,0,1
0,0,1,0,0,0,2,1,0,0,1,1,0,2,0,0,1,0,0,0,1,0,0,0,0,0,1,0,3,0,4,0,0,3,0,1,0,0,0,0,0,0,0,3,0,0,0,2,0,0,0,0,0,1,0,2,1,0,0,1,3,0,0,3,0,1,0,0,0,1,2,0,3,0,1,1,0,3,1,0,0,0,0,1,0,1,0,3,0,0,0,0,0,3,0,0,0,0,0,0,0,0,0,0,0,3,2,0,0,4,0,1,0,0,0,0,0,1,0,1,0,0,1,1,0,0,0,1,0,1,1,0,1,0,0,2,0,0,0,0,0,1,0,0,0,1,1,0,0,0,1,0,0,0,0,0,0,0,0,0,0,0,0,0,1,3,0,0,0,0,1,3,0,0,2,0,1,0,1,0,0,3,0,0,0,0,3,0,0,0,1,1,0,0,0,1,1,0,0,4,0,1,3,2,0,0,0,0,0,5,0,0,0,0,0,1,0,0,3,0,0,0,0,2,0,0,0,0,0,0,0,0,0,0,0,0,0,3,0,0,0,0,0,0,0,0,0,3,0,0,0,2,0,0,1,1
0,0,0,1,1,0,1,0,0,1,3,0,2,1,0,0,0,0,1,0,0,0,0,0,0,0,1,0,2,1,3,0,0,2,0,1,0,0,0,0,0,0,1,2,0,0,0,0,0,0,0,0,0,0,0,0,0,0,0,0,2,0,0,2,0,1,0,0,0,3,1,0,2,0,0,2,0,2,0,2,0,0,0,0,0,0,0,2,1,0,0,0,0,3,0,0,0,0,0,0,2,0,0,0,0,1,0,0,0,0,0,0,0,0,0,0,0,0,0,2,0,0,1,0,0,2,0,1,0,1,1,0,1,0,1,2,0,0,3,0,0,2,0,0,0,2,2,3,0,0,1,0,0,0,0,3,0,0,0,0,0,0,0,3,1,2,0,0,0,0,1,0,0,1,0,0,0,2,0,0,0,2,0,0,0,1,1,0,1,0,0,0,0,0,1,1,0,0,1,6,0,0,2,2,0,0,1,0,0,2,1,1,0,3,0,1,0,3,3,1,1,1,2,0,0,0,0,0,0,0,0,0,0,0,0,0,0,2,0,1,0,0,0,0,0,0,1,2,0,0,0,2,0,0,0,2
0,0,0,0,0,0,0,1,0,0,1,0,0,2,0,0,0,0,0,0,0,0,0,0,0,1,2,0,2,0,2,0,1,2,0,2,1,0,0,0,0,1,1,2,1,0,0,3,0,0,0,1,0,0,0,0,2,1,0,0,2,0,0,3,0,2,0,0,0,2,3,0,3,0,0,2,0,2,2,0,0,0,0,0,0,0,0,2,0,0,3,0,0,2,0,0,0,0,0,0,0,0,0,0,0,0,0,0,1,0,0,0,0,0,0,0,0,0,0,1,0,0,3,0,1,0,0,2,0,2,4,0,2,0,1,1,0,0,0,0,0,1,4,0,2,3,2,2,0,1,0,0,0,0,1,0,0,0,0,0,0,0,0,0,2,3,0,0,1,0,2,0,0,0,1,0,0,0,0,0,0,2,0,0,0,0,2,0,1,0,0,1,0,0,0,0,2,0,0,2,0,0,1,1,0,1,1,0,0,0,0,0,0,0,0,0,0,0,2,0,1,0,1,0,0,0,0,0,0,0,1,0,0,0,0,0,0,4,0,0,1,0,0,0,0,1,1,0,0,0,0,0,0,0,1,1
0,0,0,2,1,1,0,1,0,0,2,0,0,2,1,0,0,0,0,0,1,0,0,0,0,0,1,0,4,0,3,1,0,4,0,0,0,0,0,0,0,0,0,3,0,0,0,3,0,0,1,0,0,0,0,0,1,0,0,0,3,1,0,3,1,2,0,0,2,1,1,2,3,2,0,1,0,5,0,1,0,0,0,1,0,2,0,3,0,0,0,0,1,1,0,0,0,0,0,0,0,0,1,0,0,0,0,2,0,1,0,0,0,0,0,0,3,2,0,0,0,0,2,1,0,0,0,1,0,1,2,0,1,0,1,1,0,0,1,0,1,1,0,0,0,2,1,1,0,1,0,0,0,0,3,0,0,0,1,0,0,0,0,1,1,4,2,0,0,0,3,0,2,0,0,0,0,1,0,0,0,3,0,0,0,1,2,0,0,0,0,0,0,0,0,0,2,0,1,5,0,0,2,4,0,0,0,0,0,5,0,1,0,1,0,0,0,0,4,0,0,0,4,1,0,0,0,0,0,0,0,1,0,0,0,0,0,1,0,0,0,0,0,0,0,0,0,0,0,0,0,0,0,0,0,1
1,0,0,1,0,0,0,0,0,0,1,1,0,0,0,0,0,0,0,1,0,0,0,0,0,2,0,1,4,0,5,0,1,3,0,0,0,0,0,2,0,0,0,3,0,0,1,2,0,0,0,0,1,2,1,1,1,0,0,0,5,0,0,3,0,1,0,0,0,0,0,0,3,1,0,0,0,3,1,0,0,0,0,0,0,0,0,3,0,0,0,0,0,2,0,0,0,0,1,1,1,0,0,0,0,0,3,0,0,0,0,0,0,0,0,0,0,1,0,1,0,0,1,1,0,0,1,0,0,0,0,0,0,1,1,3,0,0,2,0,1,2,0,1,0,0,2,0,0,0,0,0,0,0,2,0,0,0,2,0,0,0,0,0,0,4,1,0,1,0,0,0,2,0,2,0,1,0,0,0,0,3,1,0,0,4,0,0,0,0,0,0,0,0,0,1,0,0,0,5,0,0,3,5,0,0,0,0,0,3,0,0,1,0,0,0,0,3,6,2,0,0,1,1,0,0,1,0,0,0,0,0,1,0,0,0,1,1,0,0,0,0,0,0,0,0,0,1,0,0,2,0,0,0,2,0
0,0,0,1,0,3,0,0,0,0,1,1,0,1,0,0,2,0,1,0,1,1,0,0,2,0,1,0,1,0,2,1,0,2,0,0,0,0,0,0,0,0,0,2,1,0,0,0,0,0,0,0,0,0,0,0,1,0,2,0,1,0,1,2,0,1,0,0,0,2,3,0,2,1,0,3,0,3,0,0,0,0,0,0,0,0,0,2,0,0,0,0,1,4,0,0,0,0,0,0,0,2,0,0,0,1,1,0,0,2,0,0,0,0,1,1,0,1,0,0,0,0,2,0,1,0,0,2,0,2,7,0,2,0,0,4,0,0,0,1,0,1,3,0,2,2,3,2,0,0,0,2,0,0,2,0,1,1,0,1,0,0,0,2,2,2,0,0,0,0,2,0,0,0,0,0,1,0,0,0,0,2,0,0,0,0,3,0,0,0,1,0,0,0,0,0,0,0,0,2,0,0,1,2,0,0,0,0,0,3,0,0,1,0,0,3,1,0,3,0,0,3,1,0,0,1,0,2,0,0,2,0,0,0,0,0,0,6,0,0,0,1,0,0,0,0,0,0,0,0,0,0,0,0,0,2
1,0,0,0,0,0,0,0,0,0,1,0,0,3,0,0,0,0,0,0,0,0,0,0,0,0,1,0,2,0,2,0,1,2,0,0,0,0,0,1,0,0,0,2,1,2,0,4,0,1,4,0,0,6,0,0,3,0,1,0,2,0,0,4,0,1,0,0,2,2,1,0,2,0,0,1,0,3,0,0,0,1,1,0,0,0,0,2,0,0,0,0,0,2,0,0,0,0,4,1,1,0,0,0,1,0,0,0,0,0,0,0,2,0,0,1,0,1,0,0,0,1,1,0,0,0,0,1,0,1,1,0,1,0,0,0,0,1,0,1,0,1,0,0,0,1,1,0,0,0,0,0,0,0,1,0,0,0,0,0,0,0,0,0,1,2,1,0,1,0,1,0,0,0,1,0,0,0,0,1,0,2,0,0,0,0,3,1,0,0,0,0,0,0,0,0,0,0,0,2,0,0,5,7,0,0,0,0,0,4,0,1,3,0,0,0,0,0,3,0,0,0,1,0,0,0,1,0,0,0,0,1,0,0,0,1,0,3,0,0,0,0,0,0,0,0,2,0,2,0,0,0,0,0,0,1
0,0,0,1,0,0,0,0,0,1,2,0,0,0,1,0,0,0,0,0,0,0,1,0,0,0,0,0,4,0,4,1,0,4,0,0,3,0,1,1,0,0,1,4,0,1,0,2,0,0,0,0,0,5,0,2,1,1,0,0,4,0,0,6,0,0,0,0,0,0,0,1,4,0,1,0,0,4,0,0,0,0,0,0,1,0,0,6,0,0,0,0,0,2,0,0,0,1,0,1,0,0,0,0,0,0,0,0,0,0,0,0,1,0,0,0,0,0,0,1,0,0,0,0,0,0,0,0,0,0,4,0,0,0,0,4,0,0,3,2,5,3,1,1,0,1,3,0,0,0,0,0,0,0,1,0,4,0,0,0,0,0,0,0,0,4,0,0,0,0,2,0,1,0,0,0,0,0,0,0,1,4,0,0,0,0,4,0,0,0,0,0,0,0,0,0,0,0,0,4,0,0,7,7,0,0,0,0,0,4,0,0,1,0,1,0,0,1,4,0,0,1,2,1,0,0,0,0,0,0,0,0,0,0,0,0,0,0,0,0,1,0,0,0,0,0,0,2,0,2,0,0,0,0,0,0
