1,1,1,3,0,0,0,1,0,4,4,1,0,15,10,1,1,8,4,1,0,3,4,1,1,3,13,2,3,2,3,1,0,2,2,0,0,2,7,1,3,2,4,0,7,7,1,5,2,2,2,2,0,3,5,0,3,1,4,2,5,5,4,4,20,3,1,0,3,0,0,2,0,1,0,11,2,2,5,2,2,1,7,0,7,1,0,0,2,0,3,1,9,0,3,2,3,2,4,3,0,2,0,1,2,5,4,6,0,1,2,9,0,0,2,4,0,0,1,0,7,2,1,1,0,0,0,2,2,2,0,0,2,0,10,2,0,0,0,0,2,0,3,1,3,0,0,0,4,8,0,0,0,8,1,0,0,2,1,0,3,1,1,2,1,11,7,1,1,3,0,7,1,6,5,1,1,0,9,54,11,6,0,1,8,1,4,0,2,2,5,4,2,1,1,4,3,13,6,5,0,0,8,1,2,1,0,2,0,1,0,0,0,4,5,10,2,6,12,0,1,2,1,16,0,0,15,1,0,6,0,2,14,2,8,2,2,7,0,0,1,1,1,0,0,2,0,9,1,5,6,7,2,1,8,5
0,0,6,4,0,2,1,1,1,5,8,0,0,1,7,1,5,10,5,1,0,0,4,0,2,2,3,4,1,1,1,0,1,0,3,20,0,3,3,0,1,1,4,3,6,3,2,0,6,3,5,0,1,0,8,0,3,0,2,0,18,1,4,2,10,1,1,0,1,0,2,0,2,0,0,4,0,0,0,1,2,1,7,0,0,1,0,2,8,3,6,1,0,1,0,1,0,1,0,0,0,0,0,0,1,4,3,1,1,0,0,0,0,1,4,1,1,1,0,0,1,1,0,2,0,1,0,3,1,16,0,0,6,0,0,0,2,1,0,2,0,5,4,1,3,0,1,10,3,0,1,0,1,0,0,0,7,0,2,0,0,0,3,7,2,17,1,0,0,3,2,1,1,1,4,3,0,1,2,47,22,1,0,0,0,1,0,1,0,2,2,1,1,0,1,7,2,6,4,7,1,3,1,1,0,0,12,1,2,0,2,3,1,5,1,2,0,3,8,11,2,2,2,5,0,6,12,7,6,6,1,4,5,1,12,1,0,11,0,0,2,0,4,0,0,0,0,0,3,0,6,20,0,0,1,0
0,1,3,2,1,0,2,0,1,1,18,0,0,1,7,0,1,17,1,0,0,2,1,0,1,5,0,2,0,0,6,2,0,1,3,4,0,1,0,0,3,0,3,1,7,5,11,0,5,1,0,0,0,6,4,1,7,0,4,4,13,1,6,1,10,2,0,0,3,0,1,3,1,0,4,0,0,3,0,0,2,18,9,0,1,0,2,0,0,2,4,2,2,2,1,0,2,3,1,3,5,0,1,0,0,0,2,0,1,2,0,0,3,3,2,3,0,0,0,0,1,1,2,1,0,0,0,1,0,4,0,0,0,3,1,0,1,3,0,0,0,4,9,0,0,0,4,0,2,2,2,1,0,1,0,2,1,0,0,3,0,2,0,21,3,14,2,0,0,4,2,3,2,1,3,1,2,1,18,38,7,3,3,7,3,0,5,0,1,1,13,1,3,0,0,1,1,0,6,0,2,1,2,1,0,1,0,0,0,4,1,3,1,1,0,0,1,4,1,0,2,1,0,5,0,0,13,0,0,11,0,0,11,5,12,3,0,31,1,0,0,2,0,2,0,1,3,6,0,2,8,11,2,0,0,2
1,1,2,4,0,1,1,1,8,7,4,1,1,26,7,2,4,8,3,1,0,2,2,0,1,3,2,0,0,1,3,5,2,0,2,11,1,4,5,0,4,2,2,0,5,6,3,0,6,1,1,2,0,8,2,0,5,1,0,2,4,0,1,2,3,2,4,0,3,0,2,3,1,0,8,1,0,2,3,5,1,1,9,0,0,0,0,0,2,0,1,0,6,1,2,0,5,5,4,2,1,1,0,0,1,2,4,2,2,1,0,9,2,2,1,1,0,1,0,0,5,0,4,0,9,10,1,14,0,0,0,0,0,1,3,0,0,2,0,0,0,0,4,0,1,0,1,1,0,0,0,0,0,1,0,0,1,0,0,0,1,0,17,1,1,7,0,0,0,1,5,11,1,3,1,1,1,0,9,34,5,1,1,1,5,1,0,0,1,2,5,2,2,0,0,1,1,0,8,1,1,1,1,0,0,0,4,0,0,1,0,0,0,5,0,6,0,1,1,0,0,1,3,1,0,1,7,0,13,4,1,0,5,4,8,5,1,42,5,1,3,3,2,3,2,0,1,6,2,2,3,24,1,3,1,6
2,0,0,6,1,0,0,3,2,3,6,4,1,0,4,2,3,8,2,0,1,0,0,2,1,7,3,2,2,0,2,1,0,0,1,2,0,0,4,1,0,0,2,1,4,10,0,2,5,1,0,1,0,3,0,4,10,0,3,7,4,0,0,2,0,1,1,0,2,0,8,4,1,0,6,0,0,2,0,0,1,6,2,0,3,0,1,0,0,2,2,1,5,1,1,1,1,4,1,1,0,1,1,0,0,1,3,1,0,2,0,1,1,1,3,1,0,0,0,0,1,0,0,1,0,1,0,1,1,1,1,3,0,0,4,0,1,0,2,2,1,0,9,0,3,0,2,0,30,6,0,0,0,0,0,0,1,0,3,4,3,0,4,1,1,16,1,1,0,3,10,2,2,0,3,1,4,0,22,40,6,0,0,1,0,2,7,1,0,6,1,1,7,0,0,3,0,0,11,5,2,1,0,1,1,1,0,1,0,2,1,4,1,5,0,0,2,3,7,0,1,1,1,7,0,3,10,0,8,4,1,1,5,3,12,3,1,26,2,3,0,2,0,2,0,0,8,7,3,3,15,18,0,1,2,3
3,0,1,12,0,0,2,3,3,1,2,0,3,1,0,0,3,6,4,3,0,4,0,0,0,5,3,0,0,9,3,6,0,0,1,3,2,0,0,3,5,0,3,0,3,0,0,1,4,0,1,0,1,5,0,0,1,4,3,1,8,1,2,0,3,5,2,0,2,0,1,5,1,1,1,0,2,5,0,1,1,3,2,1,2,0,0,0,2,0,3,0,0,1,2,2,2,0,1,2,0,1,2,0,0,4,3,3,2,3,0,0,2,0,0,1,1,0,1,0,3,2,2,3,0,6,1,5,2,7,0,0,1,0,1,0,0,2,0,1,3,4,1,0,1,1,0,0,2,0,0,0,0,3,9,5,0,0,1,1,1,0,10,11,3,17,0,0,0,5,0,13,1,2,0,1,5,0,8,45,4,1,0,0,7,0,3,2,1,4,7,5,0,0,0,2,4,0,10,2,2,0,1,1,0,1,0,2,0,2,2,2,1,2,3,2,2,1,0,1,2,2,0,5,1,10,20,1,4,8,3,0,5,4,14,2,3,31,5,0,2,2,0,2,2,1,4,1,0,2,7,6,0,2,0,2
1,1,0,7,1,0,0,3,0,2,12,2,7,0,2,0,13,13,5,0,2,1,0,2,2,21,3,0,5,0,4,0,0,0,0,1,2,5,0,0,0,2,3,1,4,10,0,1,6,1,1,1,4,4,0,3,7,1,7,1,5,3,2,0,1,2,1,1,1,0,2,3,2,0,2,0,1,1,0,1,2,4,4,0,3,2,4,4,0,0,3,1,1,2,3,0,6,2,0,0,0,0,1,0,1,0,2,0,1,1,0,0,4,2,1,0,3,0,3,0,1,0,1,4,0,0,0,1,2,0,0,1,5,1,0,2,2,1,0,0,0,0,1,3,1,0,2,0,0,3,0,1,0,1,0,0,1,1,1,1,13,0,0,4,1,13,0,0,2,5,10,1,1,2,2,1,0,0,14,55,9,0,0,2,2,0,2,1,0,12,8,1,3,0,3,6,2,0,8,0,4,1,2,2,1,2,0,2,1,3,3,1,0,2,0,0,2,7,7,0,1,1,1,3,2,2,14,1,0,8,0,5,2,2,11,2,5,11,1,1,1,2,1,4,0,1,3,11,1,0,4,23,0,0,8,2
1,0,3,2,0,0,0,0,1,3,4,1,0,0,10,0,1,13,3,1,1,0,0,0,2,9,5,0,0,0,3,3,2,5,0,9,1,10,2,2,2,1,2,2,2,9,1,0,3,1,0,0,1,8,0,2,7,0,0,3,4,1,1,2,5,4,0,0,6,0,3,7,1,2,1,0,0,6,0,2,2,3,3,0,2,0,0,1,0,2,3,2,5,1,0,1,4,4,4,2,3,0,1,0,1,2,4,3,1,5,0,1,4,5,3,2,1,0,1,0,0,0,0,1,0,8,0,0,2,3,2,0,2,1,2,2,2,0,11,0,0,0,5,1,8,0,2,0,2,2,3,0,2,0,1,1,0,0,0,6,1,1,5,2,1,15,1,1,0,1,3,0,3,5,3,1,0,0,18,28,8,1,3,8,2,1,1,0,1,3,3,1,4,0,0,2,2,5,9,4,6,5,3,0,9,4,16,0,1,3,9,0,0,1,2,0,0,6,0,9,1,1,3,8,0,0,10,0,6,7,0,0,6,0,10,7,2,16,4,0,0,0,0,7,0,0,1,3,5,2,4,7,0,0,1,1
0,2,2,10,0,1,3,1,1,2,10,4,2,9,6,1,11,11,4,0,0,3,0,2,1,1,0,1,1,0,1,1,0,0,0,3,1,0,0,1,0,0,5,0,2,13,0,0,4,3,1,3,4,0,1,2,7,2,0,1,5,1,2,1,0,0,0,1,6,0,4,3,1,0,1,0,1,2,0,2,2,1,1,1,0,0,0,0,4,0,2,0,1,1,2,2,2,2,2,1,0,0,0,2,5,2,4,1,1,4,0,0,1,2,0,4,0,2,0,0,2,0,9,1,7,9,0,8,1,2,0,0,3,1,2,3,0,1,0,1,0,7,3,0,2,0,2,0,3,1,1,0,1,1,0,1,0,0,0,3,4,1,4,3,2,12,2,2,4,2,2,6,4,0,2,1,0,2,14,27,4,1,0,3,2,1,0,0,0,2,4,3,6,0,0,2,0,1,12,4,3,0,4,0,5,0,0,2,1,3,1,0,0,2,3,1,3,1,3,1,3,1,1,3,0,2,13,0,12,5,2,6,7,2,15,4,2,50,2,0,1,2,1,8,0,0,5,3,1,1,10,14,2,0,1,4
0,0,0,3,0,0,1,0,0,4,4,2,0,0,2,1,8,7,4,6,0,2,2,0,1,0,12,1,0,0,3,4,0,1,0,3,0,1,1,1,2,0,2,0,2,17,0,0,4,4,0,0,1,8,1,1,8,1,2,0,6,1,0,1,3,4,0,0,4,0,2,1,2,0,6,0,0,4,0,6,1,4,2,2,4,0,2,0,2,0,3,0,15,0,0,1,5,3,3,1,0,1,0,0,0,3,6,1,1,4,0,1,2,0,4,0,1,0,3,0,1,1,2,4,0,1,0,1,3,4,0,0,3,0,2,0,0,0,7,0,1,1,5,0,0,0,1,0,3,1,0,1,0,2,1,1,0,0,0,0,0,1,6,10,1,6,2,1,1,1,5,4,2,0,1,1,0,1,21,40,9,3,0,3,16,2,2,0,0,3,6,6,5,0,1,1,1,0,8,1,0,2,2,0,1,2,1,0,1,1,3,1,1,2,0,0,1,5,7,2,4,1,0,4,0,5,15,0,5,4,0,2,2,0,14,8,0,19,2,0,0,1,0,2,0,0,0,2,0,0,9,16,2,0,0,0
0,0,1,4,0,0,1,1,0,2,4,0,3,0,1,1,7,6,0,0,2,3,1,0,1,2,7,0,0,0,3,2,0,0,0,3,1,0,0,0,0,0,2,0,3,7,1,3,3,1,3,2,5,0,1,6,9,1,5,2,5,2,3,1,0,4,0,0,5,0,0,1,1,1,3,5,0,3,0,4,0,8,1,3,4,1,2,1,3,0,5,0,3,0,1,1,2,1,1,3,2,1,0,0,2,0,2,0,1,4,1,0,0,0,4,1,3,0,0,0,0,0,1,4,1,3,1,0,1,3,0,0,1,1,3,0,3,2,1,1,1,1,2,2,2,0,2,1,3,1,0,0,1,0,1,3,0,0,4,3,3,1,1,22,5,5,1,3,0,3,1,3,1,0,6,3,2,0,20,42,8,2,2,4,8,1,2,0,1,7,2,2,1,3,0,3,1,0,10,2,4,0,5,1,0,1,0,0,0,2,2,0,1,1,0,0,0,7,1,0,3,1,1,5,0,8,9,3,1,2,0,2,4,3,17,6,1,23,2,0,3,1,0,5,1,3,2,4,4,2,3,9,1,0,1,2
0,0,0,7,0,0,5,1,5,0,5,1,6,0,4,1,14,10,1,1,1,0,0,2,0,6,6,0,0,2,3,5,1,0,0,1,1,0,4,0,0,1,3,0,5,3,0,5,2,3,0,0,0,2,4,2,3,2,6,2,6,0,1,0,0,3,1,1,2,0,2,2,2,0,1,0,1,4,0,2,1,10,4,1,2,0,0,0,1,0,5,0,5,2,0,0,9,1,0,2,0,2,0,0,0,0,7,0,0,2,0,0,2,2,1,1,1,1,4,0,0,0,0,2,0,0,0,0,1,0,0,0,0,1,1,1,0,9,0,0,0,1,4,2,2,0,2,0,2,3,1,0,0,1,1,8,0,0,0,3,5,0,9,26,2,4,0,0,0,3,1,4,2,0,1,2,0,0,22,41,6,2,1,3,5,0,0,1,0,6,7,9,1,0,2,3,2,0,11,1,4,1,0,0,0,1,0,1,1,2,1,0,1,2,1,2,1,1,1,1,3,1,0,6,0,6,10,0,2,3,0,1,6,5,16,5,6,26,1,0,1,0,0,6,1,1,9,2,0,1,7,12,0,0,0,1
1,0,1,0,6,0,1,1,0,2,1,3,1,0,2,6,2,2,2,5,2,1,1,0,0,5,2,0,0,0,0,4,8,4,6,3,1,1,7,1,0,0,3,0,6,38,4,0,5,0,7,0,0,0,0,4,14,1,1,6,6,2,7,0,0,0,2,1,0,9,0,3,1,2,1,0,3,5,1,2,0,0,0,2,0,0,1,1,4,2,3,2,2,1,0,4,0,1,2,3,0,0,0,0,0,0,2,3,0,1,4,0,0,1,0,3,3,1,7,0,1,2,0,1,1,0,5,0,0,2,4,2,0,0,5,1,3,4,1,1,0,0,0,1,1,0,1,0,0,0,0,4,3,0,0,1,8,0,4,3,4,2,1,1,6,3,0,5,10,4,1,0,3,1,2,0,4,1,1,21,6,1,0,1,4,3,2,0,0,8,8,2,2,3,0,2,3,0,0,1,1,0,6,0,0,0,0,0,2,0,1,0,0,1,7,1,3,0,2,2,0,0,0,3,2,1,7,3,1,14,0,2,5,0,4,11,0,2,14,0,7,0,0,2,0,12,4,3,2,5,10,5,0,0,0,3
0,0,0,2,0,2,2,0,3,3,1,1,0,1,5,0,4,6,3,1,0,2,3,3,2,3,1,4,12,0,0,1,0,0,3,0,1,0,0,1,0,1,2,1,5,9,1,6,4,3,0,0,1,0,1,0,5,2,0,0,4,1,0,3,2,5,4,0,4,0,1,2,1,0,2,8,0,1,0,5,1,0,2,0,1,0,0,0,2,2,1,0,5,3,1,0,0,3,2,0,1,1,0,28,0,11,5,4,0,0,1,1,0,0,1,2,0,0,1,0,3,0,0,3,0,2,0,16,0,2,1,0,4,0,0,2,1,0,0,3,0,0,3,2,1,0,0,0,1,2,0,3,0,0,0,0,0,0,0,0,0,4,1,0,1,14,6,0,0,1,2,0,1,1,3,3,2,0,10,47,14,2,0,0,17,0,1,0,1,3,2,1,3,2,2,2,3,0,4,6,6,1,8,2,0,1,0,3,0,2,0,0,0,2,1,2,0,9,4,0,0,1,0,7,0,0,7,0,0,6,1,3,3,1,8,5,3,6,0,0,1,0,0,0,0,0,0,1,0,3,4,15,1,4,13,1
1,2,4,1,0,0,0,1,0,3,8,1,0,0,13,0,5,11,5,0,2,2,7,0,2,5,2,1,4,3,4,2,1,1,0,9,0,3,7,1,1,0,6,2,7,4,0,0,4,1,1,1,0,0,0,2,4,2,1,3,8,1,3,0,16,5,1,0,5,0,7,1,1,0,1,2,1,2,6,2,2,4,4,2,4,0,1,2,4,0,4,2,4,1,2,6,2,1,1,1,0,2,0,0,0,1,2,3,0,2,0,0,7,1,3,2,1,0,0,0,0,0,2,1,5,10,1,2,0,4,0,0,0,2,2,1,3,0,1,1,1,0,5,0,0,1,2,0,1,2,0,0,1,4,0,2,1,0,0,2,2,0,0,0,1,18,0,2,1,4,1,0,2,1,3,1,1,0,8,42,10,0,0,2,0,0,2,1,3,4,13,3,1,0,1,1,0,1,7,3,4,2,6,1,0,0,0,1,0,2,2,0,0,2,1,4,0,7,2,0,2,3,1,11,1,8,13,0,4,7,0,3,8,4,13,3,0,35,4,0,4,0,1,3,2,0,2,3,2,0,4,7,0,0,0,3
0,0,1,7,0,0,1,0,5,1,8,3,0,16,5,1,2,9,1,0,1,0,1,0,0,5,1,0,0,7,2,2,0,0,1,7,0,1,3,1,1,0,3,0,6,7,1,0,1,0,0,1,0,4,0,0,4,1,0,3,5,0,5,1,2,2,2,0,7,0,2,3,0,0,0,0,1,1,1,3,1,0,1,0,0,3,2,0,1,0,3,2,2,0,1,0,0,1,1,0,0,1,0,0,2,3,3,0,2,3,1,3,1,0,0,0,0,0,0,0,4,1,0,0,1,9,0,5,0,0,0,0,0,1,1,0,1,1,1,7,0,0,1,1,3,0,0,0,0,1,0,0,5,0,1,1,4,0,1,0,3,1,12,1,4,15,0,0,0,5,2,9,2,1,1,2,0,0,5,41,6,0,0,0,1,0,0,0,0,6,8,1,2,0,0,1,2,2,7,1,0,1,3,0,0,0,0,2,0,2,0,0,0,2,5,1,1,2,2,0,2,1,1,4,1,0,15,3,13,8,0,1,11,1,17,4,3,18,3,4,2,0,0,3,1,1,1,8,9,0,10,11,3,0,14,3
0,0,0,3,1,1,0,1,1,2,3,0,1,0,7,2,2,8,13,0,0,2,1,0,2,1,0,1,4,1,0,0,0,0,2,0,0,0,5,0,0,0,4,0,3,5,2,9,1,2,0,1,0,4,1,0,3,2,2,0,4,0,2,1,0,1,2,2,1,0,0,3,1,0,1,3,0,5,0,4,1,6,3,1,6,1,1,1,6,1,3,1,7,0,4,4,4,3,0,0,0,0,0,0,2,1,3,2,0,0,0,0,1,0,10,1,2,0,2,0,5,0,2,6,0,0,0,0,3,1,0,0,0,0,1,0,5,0,1,10,0,3,10,0,2,1,0,0,1,2,0,0,2,9,0,0,0,0,1,0,0,0,0,2,2,8,8,1,0,2,0,0,1,1,2,1,0,0,6,53,17,5,1,1,19,0,5,0,0,6,10,2,2,0,0,4,1,0,3,4,0,0,5,1,4,11,0,1,0,1,1,1,0,7,2,2,3,6,10,1,0,1,0,8,1,4,7,1,0,7,0,1,3,1,8,2,2,4,0,0,6,0,0,0,0,2,1,6,0,0,5,12,2,0,8,2
1,0,0,0,1,0,0,1,3,3,0,9,2,4,6,0,9,9,9,1,1,1,2,0,2,2,0,0,4,1,1,3,0,3,2,4,0,1,7,0,2,1,1,2,6,11,1,0,4,0,2,2,0,6,0,0,14,1,1,0,8,3,3,3,0,2,0,2,0,0,1,1,1,1,2,0,0,0,5,2,1,0,1,1,2,1,0,0,0,0,3,0,2,1,1,3,0,2,1,2,0,0,0,0,0,5,3,3,3,2,2,4,1,0,1,1,1,0,0,0,3,0,1,0,9,17,3,5,0,3,3,1,0,0,2,7,1,0,3,0,1,3,5,0,3,0,0,1,1,0,2,0,1,1,0,0,0,1,3,1,5,0,1,1,2,4,3,1,2,3,1,0,1,1,1,2,2,2,5,38,8,0,1,1,4,4,3,1,0,4,11,1,3,0,1,4,1,1,3,4,1,2,0,0,0,0,0,1,0,1,0,0,0,1,8,1,0,4,1,26,1,0,0,3,0,4,8,1,6,3,0,2,8,1,6,0,1,22,3,0,2,2,0,3,0,3,1,2,0,5,4,7,1,3,10,4
2,0,6,3,0,0,0,2,4,4,5,1,1,0,5,0,0,10,2,1,1,1,0,0,4,1,4,1,0,2,3,2,0,1,1,20,0,0,1,3,0,0,4,1,2,7,2,0,7,0,0,13,0,1,2,0,5,0,3,0,5,0,2,2,3,2,0,0,0,0,1,5,0,0,0,4,0,4,0,3,2,4,2,1,0,0,0,0,2,1,2,2,0,0,0,1,0,2,0,1,0,1,0,0,1,7,3,1,1,1,0,0,0,2,4,2,3,0,1,0,0,2,0,4,1,0,0,4,0,1,1,0,0,0,0,0,0,0,1,0,1,5,1,0,0,0,1,0,2,1,0,1,3,2,0,1,0,0,5,2,2,0,0,14,2,6,4,1,2,4,2,3,3,0,5,1,0,0,4,53,21,0,0,0,2,0,7,0,0,0,10,5,2,0,1,1,0,1,4,2,5,1,4,0,0,3,0,3,1,0,2,0,0,1,1,0,1,7,7,2,1,1,0,12,0,0,8,6,6,9,1,3,5,3,6,5,2,10,3,0,0,0,0,4,1,2,2,0,2,0,9,10,1,0,0,1
0,4,2,2,0,2,0,0,2,5,1,2,0,2,5,0,1,9,7,0,0,4,1,1,0,3,0,1,0,0,2,4,1,0,0,6,1,2,4,0,1,2,2,0,3,19,3,0,5,0,1,0,0,0,2,0,20,0,3,1,6,3,2,6,3,1,1,0,1,0,4,0,1,0,0,1,2,1,1,7,0,1,3,0,0,0,1,0,3,3,1,0,4,2,2,1,1,3,0,0,0,0,0,0,0,0,3,0,0,0,0,6,1,1,2,1,0,0,0,1,0,1,11,3,4,4,0,6,3,6,0,0,1,1,8,1,0,3,2,1,0,0,4,1,2,0,0,1,3,1,0,7,3,1,2,2,0,0,2,3,1,3,0,3,0,4,2,1,0,1,1,2,1,0,0,2,1,1,5,30,11,3,0,1,2,2,1,0,1,12,6,5,3,0,5,2,0,5,3,3,1,0,9,4,0,0,2,0,3,0,1,1,0,1,3,5,1,5,4,0,0,1,2,3,0,1,8,3,2,7,0,1,9,3,2,3,0,45,7,0,2,3,1,3,0,10,4,3,5,2,6,5,1,0,0,0
8,0,2,5,0,0,0,0,1,4,1,0,0,0,7,0,2,11,2,1,1,0,4,0,1,3,1,0,0,0,2,1,0,0,1,10,0,1,0,1,1,0,2,0,2,8,6,1,5,0,0,2,0,0,1,0,9,0,7,0,25,0,0,4,3,4,0,1,3,0,2,0,1,0,1,1,0,3,3,1,1,2,2,0,0,0,0,1,7,0,1,0,5,1,1,2,1,4,1,1,0,0,1,0,1,7,3,1,4,0,2,0,1,0,2,0,2,1,0,0,4,1,1,3,0,2,0,4,1,16,0,0,1,0,2,0,0,0,0,14,1,4,10,0,0,0,3,1,2,2,0,8,1,3,0,0,0,1,0,0,0,0,2,5,2,10,0,0,1,1,0,2,2,2,0,1,0,0,9,22,17,0,1,0,1,1,0,0,0,4,0,7,3,0,1,1,3,1,9,0,1,1,3,1,3,0,0,1,1,5,0,1,1,3,0,2,0,5,2,0,3,2,0,3,0,3,13,0,5,8,1,0,6,4,10,2,1,19,0,2,4,0,1,1,1,0,1,2,4,0,3,7,0,0,1,1
0,4,0,3,2,0,0,0,1,1,10,2,0,11,7,1,10,12,2,2,0,1,3,4,1,3,0,10,0,1,2,4,0,0,2,2,0,0,6,3,0,0,7,0,3,2,1,0,8,2,1,3,0,0,0,1,1,0,0,0,6,0,2,1,14,2,1,0,1,0,4,1,4,0,5,0,1,1,2,1,1,5,2,3,3,0,0,0,1,1,4,0,1,0,0,2,3,4,4,0,0,0,0,0,0,1,0,0,0,2,0,3,0,0,1,1,1,0,0,1,1,1,0,1,1,1,0,4,0,4,1,0,1,0,2,0,1,0,0,0,0,0,5,0,1,0,1,0,2,0,0,2,0,0,0,1,0,0,0,0,2,0,6,1,3,16,1,0,2,3,6,2,4,2,4,2,1,0,10,42,6,1,0,4,3,1,2,0,0,0,2,2,3,0,1,3,0,2,6,2,2,0,8,0,0,0,1,1,1,2,1,0,0,4,1,4,0,1,4,1,0,1,0,5,1,1,10,0,7,5,0,1,1,2,18,2,0,33,1,0,1,1,1,9,0,1,4,2,9,0,5,23,1,1,1,2
0,0,0,3,1,0,1,0,2,1,1,0,2,0,2,0,0,6,6,2,2,0,2,0,1,1,4,2,1,6,1,0,0,1,3,2,0,2,3,6,0,2,2,0,5,11,2,5,4,2,0,1,0,0,4,0,7,0,0,0,5,1,0,3,6,4,3,0,2,0,11,0,0,0,3,2,2,8,6,1,0,3,1,1,4,0,0,1,0,2,1,2,2,4,0,1,4,2,5,1,0,1,0,2,0,4,2,7,2,2,1,2,0,0,5,0,2,0,3,1,3,0,0,9,1,9,0,3,0,1,0,1,4,0,3,2,0,0,4,0,3,1,4,0,2,2,1,0,1,3,2,1,6,0,0,0,0,1,1,2,2,0,4,1,1,19,3,1,2,5,3,0,2,2,2,3,1,0,6,46,4,0,0,0,6,0,0,0,0,4,4,1,3,0,2,4,1,0,2,0,9,0,3,1,0,10,0,0,1,1,0,1,2,3,2,2,1,4,3,2,3,0,1,5,0,1,9,1,11,2,0,3,6,0,7,8,2,12,2,0,3,1,0,2,0,2,0,4,1,3,3,6,2,0,0,1
1,2,0,4,2,0,3,1,0,3,6,2,0,3,3,0,0,6,2,1,1,0,1,1,4,1,0,0,0,1,0,2,0,0,3,9,0,1,4,1,3,0,4,0,2,20,11,3,6,0,1,7,0,0,2,0,10,2,3,1,7,5,0,3,9,3,0,12,5,0,1,3,0,0,0,4,1,2,0,1,1,4,1,0,2,0,0,0,1,6,2,5,5,4,3,8,0,3,0,1,2,1,0,0,2,0,5,2,2,2,1,0,1,0,1,5,1,0,0,0,1,2,3,3,0,0,0,5,0,4,0,0,3,0,1,0,0,2,0,3,1,5,2,0,2,2,1,0,1,2,0,2,2,3,0,1,3,1,0,0,1,1,2,14,1,9,2,0,0,2,0,3,5,0,1,2,0,1,4,39,12,3,0,2,0,0,4,3,0,0,14,1,4,0,0,1,2,0,5,0,5,5,1,0,0,2,1,2,1,2,5,0,0,2,0,3,0,2,0,0,0,2,0,0,0,2,10,0,0,5,0,1,4,5,7,8,2,15,1,0,3,3,0,3,0,0,0,1,0,2,8,13,0,0,2,1
0,0,3,9,0,0,0,0,7,2,3,0,0,2,7,1,5,9,2,0,0,2,0,0,2,0,1,4,0,1,2,2,0,0,3,1,1,0,9,1,1,0,5,2,1,12,4,0,9,0,2,1,2,3,2,1,9,2,0,9,11,1,0,2,9,1,4,2,3,0,3,1,1,0,3,0,0,5,0,5,1,4,4,1,0,3,0,1,7,2,6,2,4,0,3,0,0,2,7,1,0,2,0,0,0,1,3,4,1,2,0,0,2,0,2,2,4,0,2,1,0,0,5,3,0,2,0,1,1,2,1,0,0,0,1,0,1,2,0,0,0,4,2,0,0,0,1,0,0,0,0,1,1,3,0,1,0,1,1,1,0,0,0,4,1,8,1,2,0,1,0,6,4,0,2,1,0,0,4,36,10,0,0,0,1,0,4,0,2,2,7,5,2,1,0,1,5,1,5,2,5,3,6,0,1,2,1,1,0,3,1,2,0,2,3,1,2,4,4,1,2,1,2,7,0,2,12,3,7,9,0,2,5,1,12,3,0,32,1,0,4,0,1,2,1,1,0,0,1,1,7,21,0,1,1,2
0,0,1,5,0,1,1,0,3,2,0,3,0,10,2,1,4,6,0,1,2,2,0,0,2,3,2,0,0,0,0,3,0,0,1,3,1,1,0,0,0,0,4,0,2,7,1,0,2,0,0,0,2,2,0,0,4,2,0,2,5,1,1,1,1,2,3,0,4,0,0,3,4,0,1,0,0,1,0,4,1,0,2,1,3,0,0,0,0,2,2,4,6,3,4,1,1,3,1,1,0,1,0,0,4,0,2,2,0,1,0,6,0,1,0,1,0,0,0,0,5,1,1,0,1,7,0,10,0,2,0,1,0,1,1,2,0,1,3,7,3,5,4,1,1,0,1,0,1,2,0,0,1,1,0,1,3,0,0,0,1,0,9,3,2,20,3,0,0,6,0,5,2,1,0,1,1,0,12,37,10,5,0,0,10,0,3,0,1,2,4,4,3,0,1,2,1,0,2,3,1,2,4,0,2,0,0,0,1,1,1,0,0,2,1,1,3,3,0,0,1,1,2,6,0,0,7,4,6,4,5,1,7,2,9,3,2,27,0,0,1,0,0,2,1,2,1,3,1,0,6,8,1,0,15,1
3,1,0,6,0,1,0,0,1,1,1,3,5,1,10,0,12,16,5,5,1,1,5,0,0,2,1,1,1,0,2,4,0,0,1,4,1,2,1,0,1,0,6,3,3,5,0,1,3,0,6,0,1,1,1,0,4,4,0,1,6,1,1,1,17,3,0,0,1,0,3,6,0,1,0,0,0,2,4,2,2,6,6,0,1,0,0,0,0,0,3,0,1,0,1,2,1,2,1,0,0,3,1,0,0,2,4,2,3,1,0,0,1,0,4,2,2,0,3,0,0,2,1,1,0,0,0,14,0,7,0,0,0,3,1,4,1,2,0,0,0,1,5,0,1,1,2,0,1,0,1,0,1,0,0,0,0,0,2,2,2,0,2,14,2,16,1,0,0,3,0,1,1,0,2,1,1,0,9,47,11,0,0,3,0,0,3,0,2,3,4,3,1,0,2,1,0,0,7,0,5,1,4,0,0,3,0,1,1,1,3,0,0,2,2,1,0,4,1,3,1,1,0,2,0,0,15,0,0,14,0,1,15,2,20,6,2,31,3,0,3,1,1,3,2,1,0,5,10,1,6,24,2,0,0,1
2,0,1,1,1,0,2,1,4,3,2,1,9,2,3,4,5,4,3,5,3,1,0,0,0,3,0,0,1,0,0,5,0,1,6,1,0,0,0,1,3,0,2,0,2,40,3,0,2,0,8,0,0,0,2,0,27,2,0,1,4,5,4,3,0,1,0,1,1,0,3,1,0,0,0,0,1,2,0,2,0,0,0,3,1,0,2,0,1,2,2,0,1,1,0,2,1,2,4,2,0,0,0,0,0,0,6,1,0,3,0,4,1,0,0,1,5,0,2,0,1,0,0,4,1,0,2,0,0,1,1,3,0,0,1,0,10,1,1,1,0,0,0,4,0,0,0,0,2,3,0,0,2,0,0,10,1,0,0,20,1,0,1,2,0,0,0,2,8,2,2,2,3,0,1,0,1,2,0,8,0,2,3,0,12,0,0,1,0,13,10,11,6,6,1,3,5,0,3,2,1,1,6,2,2,0,1,0,7,1,0,3,0,2,7,1,1,0,4,3,2,0,0,10,1,0,0,1,2,2,0,2,6,0,3,47,0,1,7,0,1,1,3,8,2,9,0,3,1,11,4,2,0,1,0,4
1,1,1,4,0,0,1,0,3,3,2,0,1,0,4,0,2,10,2,1,1,1,1,1,1,4,5,0,1,1,4,3,1,0,6,3,1,2,0,1,0,3,8,0,6,17,0,1,4,2,3,0,1,5,0,1,11,0,2,6,5,2,4,0,0,2,0,0,4,0,2,0,2,0,0,0,1,2,1,2,0,1,1,1,1,1,1,2,4,3,4,2,2,2,0,0,0,1,1,2,0,0,1,0,1,0,1,0,0,1,0,2,1,0,1,0,1,0,1,0,1,4,10,2,0,0,2,2,1,1,0,1,1,0,3,1,1,1,4,0,1,0,1,5,1,0,1,0,0,0,1,1,1,4,0,3,0,1,2,2,3,1,4,4,5,7,0,3,1,3,0,2,5,1,0,1,0,0,9,32,5,2,0,2,2,2,5,0,0,6,2,7,2,4,1,2,0,2,9,6,2,1,2,1,1,2,7,0,2,0,1,0,0,2,1,2,1,2,3,0,2,0,0,1,1,2,11,2,5,2,0,3,8,1,8,6,2,26,3,1,2,4,0,7,2,4,1,1,0,1,4,7,1,0,1,3
1,0,6,5,2,0,1,4,3,3,1,3,0,6,14,1,7,15,6,1,2,3,2,0,2,0,0,1,10,3,0,0,1,1,3,1,0,1,2,2,1,0,7,0,1,14,1,3,3,5,1,0,1,0,0,0,11,1,0,0,5,3,0,2,1,2,3,2,3,0,1,4,0,1,0,0,1,0,0,4,2,1,2,0,7,0,0,0,6,1,1,3,4,9,4,3,3,3,0,0,0,1,0,0,0,4,4,4,0,0,1,14,0,1,3,1,2,0,3,0,0,5,6,4,0,1,1,2,1,0,0,0,8,2,1,1,0,1,4,3,0,0,4,1,4,0,0,0,4,1,0,1,0,1,0,2,1,0,1,1,2,0,5,2,2,18,0,1,0,1,2,7,4,2,2,1,1,0,10,35,4,0,0,1,0,0,0,7,0,2,0,5,3,0,1,3,1,4,2,3,9,2,1,0,21,3,0,1,1,1,0,0,0,2,2,1,6,3,6,2,0,4,3,8,0,0,8,0,5,6,1,2,6,3,11,5,1,3,1,0,2,0,0,0,0,1,1,6,0,0,5,8,2,1,0,5
0,1,6,1,1,4,1,2,2,3,3,4,0,0,7,0,2,7,10,5,0,1,0,1,4,1,0,4,1,1,1,1,2,0,4,3,1,0,5,3,5,0,3,0,1,12,3,0,3,4,0,6,0,0,2,0,9,6,0,0,5,5,2,3,1,1,1,0,4,0,1,0,2,0,6,0,2,0,0,5,2,0,6,1,0,0,0,0,3,0,1,0,0,0,0,0,0,3,4,0,0,0,1,0,1,3,3,5,2,0,1,0,0,0,0,0,3,0,0,0,3,0,1,0,2,4,0,6,2,0,1,0,1,0,6,5,5,0,0,0,0,0,6,1,7,1,2,0,4,0,0,0,5,0,0,1,2,0,1,1,8,0,10,2,1,11,2,1,1,3,2,0,2,1,0,1,0,0,2,30,10,0,1,0,6,0,0,0,0,2,14,3,3,0,0,1,1,0,3,4,3,2,4,0,1,0,0,1,0,2,1,0,0,2,1,0,5,2,8,0,2,2,0,6,0,11,10,0,10,11,1,2,7,1,4,8,0,41,3,0,2,0,3,1,0,3,0,4,2,2,8,15,0,0,1,1
0,0,1,0,1,0,1,1,5,4,1,0,0,6,1,1,0,0,4,3,2,1,1,1,0,5,0,0,0,0,0,0,1,0,1,1,3,0,1,0,2,1,0,4,0,39,1,2,4,1,10,0,2,0,1,1,31,1,0,3,3,3,1,5,0,3,1,1,5,4,0,1,2,0,0,0,0,2,6,5,0,1,0,2,1,0,0,3,2,5,0,0,2,1,0,0,5,7,0,0,0,0,0,0,5,2,2,0,0,0,1,0,0,0,1,0,0,1,0,0,2,0,1,1,0,0,1,1,1,0,3,3,1,0,1,0,5,4,4,1,2,0,0,0,0,0,0,1,6,4,0,1,0,0,1,2,0,0,1,20,1,1,4,1,0,0,0,2,0,1,2,1,1,3,0,0,1,1,6,13,0,2,3,4,7,0,1,0,0,11,14,0,2,6,0,5,1,0,0,0,0,1,17,0,1,0,13,0,6,1,0,0,0,0,2,1,4,1,2,1,0,0,0,0,0,2,8,0,4,2,1,0,3,0,1,30,1,5,6,6,2,2,2,1,1,14,2,0,3,6,5,0,0,1,0,1
1,7,0,3,0,1,0,0,0,1,9,1,0,0,6,0,10,11,0,1,0,0,1,0,1,0,3,0,1,1,1,3,2,0,8,3,0,0,6,0,3,0,3,0,7,2,11,3,7,2,0,0,2,0,0,0,2,1,7,5,5,0,1,0,6,3,4,1,3,1,1,0,1,0,4,0,3,0,3,1,3,3,5,0,3,0,0,0,0,2,2,1,2,0,0,1,0,1,0,0,0,0,1,0,0,9,4,1,0,0,0,14,0,0,0,2,0,0,0,8,3,1,0,1,1,3,0,8,0,5,0,0,0,0,3,0,0,0,0,0,0,1,3,0,1,0,0,0,0,1,0,1,0,0,0,1,0,0,1,3,3,0,0,1,1,6,2,0,0,3,0,0,1,0,2,1,0,0,5,34,5,4,1,0,0,0,5,0,0,1,2,2,1,0,2,5,0,3,4,1,2,1,0,0,0,1,1,2,0,0,1,0,1,4,1,9,2,4,0,1,1,1,0,8,0,1,7,1,5,8,3,3,15,6,9,1,0,28,5,1,1,0,2,3,1,0,0,5,0,3,6,9,0,0,0,6
0,0,0,2,1,1,0,2,2,3,11,2,0,0,8,2,11,8,3,0,0,1,7,0,1,2,1,0,0,0,2,2,0,0,2,6,0,1,1,1,2,0,3,0,2,12,1,0,7,4,2,0,1,0,2,0,11,0,4,3,11,2,0,0,1,4,4,0,4,0,2,0,4,1,1,2,0,4,0,7,1,8,9,0,1,0,0,0,0,1,1,0,8,0,2,2,4,6,3,0,0,0,1,0,0,2,5,7,1,1,0,0,2,0,1,3,0,0,0,0,2,0,1,1,2,1,0,5,2,10,0,0,5,0,1,4,1,0,5,1,2,0,2,0,0,0,2,0,5,2,0,0,1,1,0,1,0,1,0,0,2,3,0,10,1,7,1,1,0,3,4,2,4,1,2,1,0,0,5,26,11,0,0,0,4,0,0,0,1,4,1,2,4,0,2,2,0,1,9,2,3,0,8,0,0,0,17,1,1,3,5,0,2,1,0,3,7,6,6,4,1,1,1,13,0,9,9,0,1,5,1,1,3,2,9,7,1,18,0,0,0,2,1,1,0,0,0,1,3,0,12,8,1,0,0,3
0,0,1,1,1,0,0,0,2,3,1,1,0,0,4,2,0,5,5,9,1,0,0,0,2,4,1,0,1,0,1,3,0,3,29,1,0,0,0,1,1,0,1,0,9,39,5,0,3,0,9,0,6,0,0,1,17,0,0,0,6,2,4,1,2,0,2,0,2,1,2,0,13,3,2,0,2,2,1,8,0,1,0,3,1,0,0,4,0,18,3,2,6,4,0,0,1,3,2,0,0,0,0,0,0,1,3,0,1,0,0,1,0,0,0,1,7,0,1,0,0,0,1,2,1,0,3,1,0,1,1,1,0,0,0,1,5,2,1,1,1,0,1,2,0,0,0,0,0,1,0,2,0,0,0,9,1,0,2,1,1,0,0,1,3,0,1,0,4,2,4,0,7,0,2,1,0,1,1,2,0,1,0,0,1,1,2,1,0,10,5,1,3,6,1,1,0,2,0,1,1,0,4,0,0,0,1,0,2,0,0,0,0,0,1,0,3,0,0,0,0,0,0,3,0,0,5,5,3,9,1,1,5,0,3,54,0,0,10,2,7,1,0,8,2,4,0,0,1,3,15,1,0,0,0,1
0,0,4,2,1,0,1,0,5,2,1,1,1,1,9,0,2,4,5,0,0,4,0,1,1,0,8,0,0,0,2,6,1,0,1,8,0,1,2,1,2,0,4,0,4,6,0,0,2,1,0,0,3,0,0,0,3,2,1,1,3,0,2,3,1,1,1,1,4,0,0,4,1,0,2,5,0,1,1,0,1,4,4,1,1,0,1,0,3,1,3,0,0,0,1,0,4,2,0,0,0,0,0,0,0,1,2,2,1,0,1,1,0,0,3,6,1,0,0,0,4,2,0,2,6,6,0,8,1,2,0,1,0,0,3,0,0,1,0,0,0,2,2,0,0,0,1,0,2,3,0,2,0,3,0,0,0,0,0,0,1,1,4,1,3,17,1,1,0,2,0,1,1,0,2,1,2,0,12,40,2,0,1,3,3,0,0,0,0,2,5,3,4,0,1,1,1,1,3,5,2,1,4,0,2,10,4,0,1,1,0,0,0,2,3,2,0,3,3,1,0,2,0,9,0,0,6,0,7,4,0,0,2,2,8,6,1,43,2,0,4,1,2,4,1,1,6,5,3,6,9,14,0,0,2,1
0,1,0,4,0,0,0,0,3,3,2,0,0,1,3,0,1,7,4,0,0,0,1,2,2,1,2,1,0,0,0,0,0,0,3,4,0,1,7,1,1,0,2,0,7,12,1,1,3,4,2,0,0,5,0,0,9,1,0,0,6,0,0,2,1,1,2,3,6,0,5,2,0,2,0,0,1,3,4,2,2,8,3,0,4,2,0,0,1,2,2,0,5,0,4,1,1,3,0,1,0,0,0,0,0,1,5,0,0,2,4,21,1,3,5,1,0,0,6,0,0,3,3,4,1,7,0,1,0,5,0,0,2,1,0,0,0,0,0,1,1,0,6,0,1,0,3,0,0,2,0,0,3,7,0,0,0,0,1,0,0,2,0,4,1,17,1,1,1,2,4,0,3,0,3,4,0,0,21,52,10,4,0,0,0,3,2,0,1,8,6,8,4,0,1,1,1,1,6,1,5,0,4,0,0,4,0,2,0,0,0,0,0,1,0,19,1,5,0,0,1,1,0,5,0,0,9,1,3,6,0,8,4,2,6,6,3,18,0,0,0,1,0,2,0,1,4,10,0,0,10,6,0,0,3,2
0,0,0,0,2,0,0,1,0,3,2,0,0,1,1,1,2,3,1,3,2,2,0,0,0,6,2,0,0,0,0,1,2,0,8,1,0,0,0,1,3,1,3,0,3,25,1,0,1,1,6,3,0,0,0,1,15,1,1,2,4,3,4,0,1,1,0,0,0,0,1,0,1,0,0,0,1,1,7,5,0,0,0,7,0,1,1,0,2,3,4,0,1,1,1,0,1,1,0,1,0,0,0,1,0,0,1,0,0,1,0,0,0,3,1,1,2,0,4,0,0,0,2,1,0,0,3,0,0,2,11,1,0,1,1,0,11,5,3,1,0,0,0,1,2,0,0,0,3,2,0,1,1,0,0,13,0,0,21,29,1,2,4,2,3,0,0,2,4,3,1,0,1,1,1,1,0,0,7,2,1,0,0,0,5,0,0,0,0,13,16,2,2,4,0,2,3,0,0,3,3,0,4,0,2,0,0,0,2,0,0,3,0,3,3,1,2,0,0,3,0,0,0,3,0,4,4,3,3,5,0,1,11,0,1,54,1,0,8,7,1,0,0,6,2,8,0,0,1,14,6,1,0,0,0,2
0,0,0,2,0,0,3,0,4,4,0,2,1,0,13,3,2,6,4,1,0,1,4,0,2,1,6,0,0,0,2,3,3,5,5,1,1,2,6,1,0,0,1,0,2,18,2,3,4,1,0,0,0,1,0,0,13,0,5,0,6,0,2,2,8,3,1,1,0,0,1,0,0,0,0,0,1,6,1,5,0,2,3,2,4,0,0,0,2,1,2,2,3,0,0,0,7,6,4,1,0,2,0,0,0,1,5,0,6,1,0,3,0,0,4,7,1,1,0,0,0,2,0,3,0,1,0,5,0,4,1,0,0,0,3,0,1,0,1,0,1,0,2,2,1,0,0,0,2,3,0,0,2,1,0,1,0,1,1,3,4,1,1,12,1,9,2,1,3,3,3,1,2,1,0,2,0,0,8,40,12,0,1,0,2,2,4,0,2,2,0,2,3,1,1,1,2,1,7,1,3,0,3,1,3,0,0,0,3,0,5,0,0,6,0,1,0,4,9,23,0,0,0,1,0,2,10,7,3,3,1,0,5,4,4,8,0,10,0,3,1,1,0,0,0,3,1,9,1,0,4,1,0,0,0,1
1,1,1,3,0,0,0,0,3,2,3,0,0,0,8,2,5,12,5,2,2,2,0,2,5,2,2,1,0,0,2,5,0,2,3,9,0,0,2,3,3,0,3,0,2,9,4,0,8,0,0,1,2,0,0,0,7,0,1,4,3,1,0,2,6,1,2,0,2,0,4,2,1,0,1,0,0,1,0,2,1,2,4,0,0,0,1,0,3,3,2,0,5,1,0,0,2,2,2,0,1,0,1,0,0,3,2,0,1,2,0,20,2,0,1,0,3,1,0,7,2,1,1,1,2,4,0,11,1,4,1,0,0,0,0,2,3,3,0,0,0,0,5,0,0,0,1,0,1,0,1,1,0,2,0,1,0,0,2,0,1,0,3,3,4,18,1,0,1,2,11,0,3,1,2,1,0,0,15,37,6,0,2,1,1,0,0,1,1,1,11,2,2,0,0,2,1,1,6,2,2,0,3,0,0,0,0,0,0,5,0,0,0,2,1,0,2,2,5,3,1,1,1,4,0,0,13,0,8,7,1,0,14,1,10,4,0,28,0,0,1,1,1,5,1,1,0,2,1,2,2,12,1,0,0,1
3,0,0,2,0,0,0,2,1,3,0,1,0,0,10,1,0,10,1,1,0,3,0,0,1,4,5,2,0,0,0,8,0,2,1,3,0,0,12,1,2,0,5,0,5,8,0,0,2,1,8,0,0,0,1,0,7,0,6,0,6,3,2,2,6,3,1,4,4,0,1,0,0,0,4,12,0,4,0,2,1,5,7,0,7,0,1,0,1,0,2,1,1,3,1,2,10,2,0,0,1,0,0,0,0,1,2,0,2,0,0,0,0,0,10,3,0,0,0,0,3,4,0,8,0,0,1,1,0,5,0,0,0,1,2,0,0,0,0,0,1,0,2,0,0,0,1,0,0,0,0,0,2,2,0,0,2,0,0,0,0,0,2,22,1,9,2,1,1,2,0,4,1,3,1,1,3,0,9,31,2,1,0,0,0,0,0,0,0,2,0,0,2,1,0,2,4,2,5,1,6,0,3,0,0,8,17,1,2,3,4,0,1,3,2,1,0,4,1,36,2,2,0,2,1,1,8,1,5,6,0,1,5,3,5,3,0,10,1,0,1,0,0,3,0,0,3,2,5,1,7,9,0,0,0,0
1,0,1,7,1,0,0,0,2,3,3,2,3,16,5,0,6,8,9,1,0,2,5,4,5,3,1,1,1,0,4,3,0,1,7,6,0,1,3,0,1,1,1,0,2,13,5,0,9,0,4,2,1,1,0,1,9,2,2,8,6,2,3,3,8,4,0,2,5,1,0,10,3,2,2,0,0,2,0,0,1,8,2,1,0,3,0,0,8,4,1,1,2,1,1,0,1,5,8,3,3,1,0,0,0,0,4,0,0,5,0,8,1,2,0,0,1,0,0,0,2,0,0,1,0,0,0,2,1,6,1,0,5,2,1,0,0,0,0,0,0,0,0,0,1,0,2,0,4,0,2,0,2,0,0,3,0,0,0,3,0,0,0,0,2,13,1,0,0,1,1,1,1,1,0,2,1,0,10,30,8,5,1,6,0,0,0,0,0,0,6,3,4,0,0,1,1,4,4,3,4,0,7,0,0,1,1,1,0,4,2,0,0,2,1,1,1,3,5,0,1,1,2,7,0,0,10,0,0,5,0,2,8,2,10,6,1,21,1,0,1,0,2,5,0,2,2,1,1,2,5,11,1,3,0,1
1,1,2,0,1,0,0,8,2,2,0,3,1,8,2,3,0,3,2,0,0,0,0,0,3,0,1,1,3,1,1,1,0,0,1,0,1,0,0,1,17,1,1,2,1,8,0,2,4,0,1,1,0,1,0,1,6,2,9,0,3,1,1,8,1,3,6,1,0,0,0,2,3,2,1,1,0,17,1,0,0,2,0,1,2,4,0,0,6,1,1,1,2,5,1,0,2,2,2,1,2,0,0,0,0,3,2,0,3,1,0,1,6,3,1,0,0,1,0,0,0,2,0,0,0,0,0,2,0,0,0,0,0,17,0,0,0,0,4,2,0,1,19,0,0,4,0,0,1,2,0,1,1,0,1,1,0,0,1,3,0,1,5,3,1,0,4,2,1,3,0,2,5,1,2,9,2,1,1,5,0,0,15,0,5,0,0,0,1,3,0,1,4,1,0,28,3,0,2,4,4,1,18,1,3,1,7,0,1,3,3,0,0,1,3,0,2,0,1,21,0,1,2,1,1,0,0,0,0,1,4,4,2,2,1,7,0,0,22,1,0,1,2,0,3,0,2,7,3,2,2,1,14,0,0,2
0,1,0,5,0,0,1,0,0,3,8,1,0,0,4,0,10,10,2,0,0,3,0,0,1,12,0,0,1,2,5,1,1,0,1,1,1,1,0,3,6,2,4,0,1,14,1,2,4,2,0,19,0,1,1,1,15,1,9,1,7,5,1,0,1,5,1,1,3,0,3,1,0,1,1,0,2,1,0,2,4,9,0,0,0,0,0,0,2,2,1,0,2,3,1,5,7,3,0,1,1,0,0,0,0,2,3,1,1,1,0,0,3,1,3,0,0,0,0,0,0,0,0,1,0,0,0,0,0,2,0,0,2,1,0,0,0,0,1,0,0,0,2,1,2,0,1,0,1,2,1,0,1,0,0,1,0,0,1,0,2,0,0,19,2,8,3,1,0,1,6,4,3,2,2,1,0,0,20,40,2,0,1,1,0,0,4,1,0,3,15,1,4,0,0,1,0,0,6,0,4,0,1,0,1,1,0,0,0,0,1,0,0,2,1,0,1,5,3,0,3,1,0,0,0,7,14,0,2,14,0,1,7,2,11,6,3,22,14,0,0,0,0,4,0,0,3,3,0,1,4,6,0,0,0,2
0,0,0,7,0,0,1,4,1,2,6,6,0,1,2,2,2,10,3,1,0,2,2,0,1,3,2,0,0,2,2,0,0,0,1,0,0,0,3,0,0,0,5,0,10,13,0,3,3,5,2,0,1,5,0,0,11,0,2,2,4,4,1,2,1,1,0,1,4,0,1,4,0,0,0,0,1,2,0,2,2,3,2,1,3,2,1,0,2,9,4,0,5,1,4,1,1,4,0,1,0,2,0,0,0,0,4,0,0,3,1,4,0,0,2,1,0,0,2,0,4,1,0,4,1,0,0,1,0,0,0,1,0,0,4,2,0,2,0,0,0,2,2,0,1,0,1,0,1,0,0,0,1,6,0,0,0,1,1,0,2,1,0,4,1,10,3,2,0,4,8,8,2,0,1,1,2,0,17,59,18,3,0,1,4,0,3,1,0,8,2,3,4,0,0,1,1,0,5,1,1,1,1,0,0,6,1,1,0,3,5,0,0,5,1,7,2,3,2,0,3,1,0,8,0,2,11,1,1,4,0,2,3,1,13,3,2,12,1,0,0,3,1,1,0,1,0,7,1,1,14,10,0,1,11,5
4,1,0,7,1,0,0,1,0,0,6,0,0,0,2,0,3,8,3,2,0,0,2,1,1,2,2,0,2,0,1,3,2,0,0,1,2,2,0,2,4,1,5,0,4,2,1,0,1,1,0,3,2,2,0,0,6,3,0,5,7,0,2,0,2,4,2,0,1,0,6,3,2,0,5,0,0,0,3,4,0,3,0,1,2,1,1,0,2,3,5,6,3,3,1,0,3,0,0,0,0,0,0,0,0,1,0,1,2,3,0,0,0,1,0,0,2,0,0,0,0,1,1,2,0,3,0,1,0,0,0,0,1,0,1,1,1,4,11,0,0,0,6,1,3,0,0,1,1,1,0,0,0,0,0,1,0,0,2,0,3,0,6,1,4,19,0,0,0,6,0,6,4,1,2,3,0,0,14,51,4,1,0,2,3,0,2,2,1,6,2,3,0,5,0,2,2,0,7,3,3,3,2,1,4,0,1,0,3,1,3,1,0,4,2,2,2,1,4,2,2,0,1,5,0,9,10,0,5,7,0,5,6,2,15,2,1,14,5,1,2,1,0,2,1,1,0,4,0,0,7,7,0,0,0,4
0,4,0,4,0,1,1,3,3,1,14,6,10,0,1,2,7,11,2,1,2,1,2,0,1,22,1,0,0,0,2,0,0,0,0,1,0,1,4,0,0,2,3,2,3,3,0,0,1,1,7,2,0,0,0,0,3,0,2,0,6,0,3,3,0,4,0,0,6,0,2,0,0,0,2,0,0,1,0,2,2,4,4,0,1,0,0,0,0,0,3,0,3,0,1,0,4,1,3,1,1,0,1,0,0,0,1,4,4,1,3,0,0,1,1,0,1,1,0,0,0,2,1,0,1,0,1,0,1,0,2,0,1,1,1,1,0,0,1,0,0,3,1,1,0,1,1,0,13,2,1,2,0,1,0,2,0,0,1,0,2,0,2,3,2,8,1,0,0,4,4,2,1,0,4,1,0,2,2,40,10,1,0,1,1,0,4,1,0,3,8,2,1,0,0,5,2,0,5,1,4,0,0,1,0,0,0,1,1,1,0,1,0,2,0,1,1,3,2,0,0,2,0,1,0,1,10,6,0,7,0,1,4,3,10,0,0,7,1,11,0,1,0,3,3,0,0,7,0,7,5,23,1,0,1,2
0,1,2,0,1,0,2,2,0,4,2,3,3,0,3,0,3,7,3,3,2,2,4,0,2,1,0,1,0,3,1,1,2,2,5,11,0,0,2,1,5,0,1,0,4,37,2,2,8,4,6,0,0,0,0,1,12,2,1,1,5,4,4,2,1,3,0,0,2,2,0,1,1,1,1,1,0,3,2,3,0,1,3,3,0,0,1,0,4,2,2,0,4,2,0,0,0,3,0,0,0,1,0,0,0,0,5,1,1,0,2,5,1,1,1,0,0,0,3,1,1,3,2,2,0,1,1,3,1,4,1,0,0,2,3,0,1,2,4,0,0,1,1,0,0,0,1,0,2,2,1,0,0,0,1,2,0,0,0,1,1,0,1,3,4,3,2,3,2,4,1,1,4,1,5,0,1,2,4,31,12,1,1,3,7,2,2,0,1,3,5,5,7,2,0,0,0,6,2,6,2,0,6,1,3,0,0,1,4,2,0,1,0,0,5,1,0,3,0,0,1,0,0,1,0,4,5,6,2,5,2,2,4,1,1,2,0,3,2,3,4,1,0,3,2,7,1,0,2,8,8,1,0,1,0,4
0,0,0,2,0,0,0,1,1,1,0,3,0,0,1,4,3,3,5,2,2,1,2,0,3,4,4,1,0,1,0,1,6,0,3,12,0,0,3,0,2,3,3,3,5,28,2,1,3,4,3,0,0,1,0,6,15,1,0,0,3,1,5,0,1,2,0,1,0,0,1,0,8,0,1,0,1,3,0,0,0,0,0,1,0,0,0,0,4,5,2,0,3,0,0,0,1,2,0,1,1,1,0,3,2,1,2,1,1,0,1,15,1,6,2,1,2,1,1,0,0,0,0,4,0,1,0,3,0,1,1,2,0,0,2,0,3,0,2,4,0,0,2,1,0,0,0,0,0,1,0,0,3,0,0,6,1,0,0,6,1,1,6,4,5,4,0,1,1,3,5,1,4,0,0,0,0,0,3,26,1,0,1,0,1,5,0,0,0,11,8,3,2,1,1,3,1,0,1,6,1,0,1,0,1,1,1,1,3,0,1,1,1,1,10,3,4,1,0,3,0,3,0,4,4,0,12,0,1,3,2,1,7,2,1,14,0,7,8,3,4,2,0,11,1,9,3,2,0,7,9,1,1,0,1,5
0,1,4,4,1,0,1,0,0,2,7,2,1,0,2,0,11,10,6,0,0,1,1,0,4,1,0,0,2,3,1,0,0,0,1,7,1,1,6,0,1,0,4,0,4,8,5,1,5,2,3,2,1,0,3,0,6,0,0,2,5,3,0,1,0,2,1,0,3,0,10,5,3,0,2,0,1,1,0,2,3,6,9,0,1,1,3,0,3,0,2,3,3,1,5,1,2,4,0,2,0,0,0,1,0,4,3,1,1,0,3,0,0,1,6,3,2,0,0,0,2,5,4,3,3,0,0,8,1,4,0,0,7,0,1,0,0,1,4,6,3,0,3,4,1,0,2,0,1,6,1,0,0,0,0,2,0,1,0,0,3,0,0,2,2,18,2,0,0,3,0,1,1,0,0,3,0,0,6,37,8,0,0,0,3,0,4,0,0,7,15,1,2,0,1,2,3,0,3,2,4,2,4,1,3,9,3,2,2,0,1,0,0,2,0,0,1,3,0,0,2,2,2,0,1,9,9,0,0,2,4,7,2,3,9,2,5,17,1,0,1,1,1,2,1,0,0,3,0,2,5,6,1,0,1,3
0,1,0,4,0,0,2,0,2,2,1,0,1,0,3,1,6,8,3,0,1,2,0,1,0,2,7,2,0,3,5,6,0,0,0,3,0,0,0,0,2,0,2,0,4,8,0,0,6,0,0,0,2,0,0,2,6,1,5,2,4,3,1,3,1,2,0,0,2,0,5,2,1,0,3,0,2,5,0,1,1,10,2,1,3,0,0,0,1,0,2,0,3,1,3,7,10,6,0,2,0,0,0,0,2,1,4,0,0,2,0,0,2,2,2,1,2,0,1,0,1,2,1,0,1,0,0,0,0,2,0,0,2,3,2,0,1,2,0,0,1,4,3,0,1,0,2,0,1,1,1,0,0,3,0,1,2,0,1,2,3,0,6,16,1,7,2,1,0,2,3,5,1,1,1,1,2,0,12,36,5,0,1,3,1,0,2,0,0,1,8,1,3,1,0,1,0,0,6,0,6,1,1,0,0,1,0,1,2,3,7,1,0,1,4,3,2,3,2,0,8,1,0,5,0,1,6,0,1,5,0,0,1,2,13,3,0,25,1,0,0,0,0,9,3,1,4,5,3,0,8,14,1,0,0,1
0,0,0,1,1,0,0,8,0,3,2,0,0,0,2,2,1,1,3,3,6,4,0,0,2,6,0,0,4,1,1,6,6,3,5,1,2,0,5,0,1,0,1,0,4,41,1,1,2,15,9,0,1,0,0,2,20,1,0,2,4,4,2,4,0,2,3,0,0,0,1,0,7,0,0,0,0,0,0,2,2,0,2,0,0,0,0,1,3,3,2,0,0,1,0,0,0,2,0,0,0,0,0,1,1,0,3,0,1,0,0,5,1,0,2,0,0,0,0,0,2,0,2,2,0,0,4,0,3,2,1,1,2,0,0,1,4,3,2,2,0,0,0,2,2,0,2,3,4,1,2,0,1,4,0,10,0,0,1,35,0,1,0,6,1,0,0,2,0,1,0,1,1,0,1,2,0,0,2,0,0,0,0,4,0,3,1,2,1,13,6,0,2,5,0,2,0,0,0,1,0,0,3,0,0,0,0,0,3,0,0,1,4,6,1,0,0,1,0,0,0,0,1,1,0,1,4,5,5,3,3,1,1,0,2,58,1,0,12,1,3,5,7,14,2,5,1,1,1,0,21,0,1,1,0,1
1,0,4,0,0,0,0,2,0,3,2,0,3,0,2,4,6,5,6,2,5,5,0,0,0,5,3,0,0,0,0,8,0,1,2,1,0,0,0,0,2,0,3,1,2,23,3,0,2,3,8,1,0,0,2,0,14,0,0,1,4,3,2,4,0,0,0,0,1,0,0,0,1,0,1,0,0,1,1,1,1,0,1,4,0,1,3,0,12,4,2,0,1,1,0,1,3,2,0,0,2,1,0,0,0,0,3,0,1,0,0,1,1,2,0,5,2,0,5,1,0,0,2,3,1,2,2,1,0,1,8,1,1,0,2,0,1,3,2,1,0,0,0,0,1,0,0,1,0,0,0,0,4,0,2,1,0,1,7,18,1,0,0,3,1,2,0,3,9,2,3,1,2,1,2,3,3,1,7,6,0,1,0,0,1,3,1,1,0,15,10,1,3,7,0,3,4,0,1,4,1,1,5,1,0,0,0,0,2,1,0,0,0,1,6,0,0,0,1,1,1,5,0,4,1,2,2,5,7,2,0,2,3,0,3,53,0,3,8,2,7,1,0,0,1,15,6,0,1,11,7,1,0,0,0,2
0,1,0,0,3,0,0,2,2,3,3,1,5,1,2,1,1,6,2,5,5,2,4,0,1,6,0,0,4,0,0,6,1,0,11,18,0,6,5,3,3,1,2,2,11,33,3,5,3,1,1,0,0,1,0,0,18,0,9,1,5,2,4,5,1,1,2,1,5,0,1,0,1,0,1,0,3,1,1,0,0,0,1,0,1,0,0,0,2,2,1,3,10,3,1,2,0,3,0,0,0,0,0,0,0,1,3,0,1,1,3,4,0,1,0,2,2,0,1,0,0,1,1,3,0,0,5,1,0,2,0,0,0,0,1,0,2,2,1,0,0,0,2,1,0,0,0,0,0,0,1,0,1,1,0,8,0,0,0,12,0,0,1,0,1,3,1,1,0,2,1,0,5,0,1,0,0,0,1,21,3,0,1,1,1,0,5,1,0,7,4,7,3,1,1,0,1,0,1,3,0,0,2,0,4,2,0,1,1,0,0,1,0,1,5,3,2,2,0,4,0,5,0,0,1,1,6,7,8,2,0,5,3,3,2,17,0,3,3,1,2,8,0,25,1,2,1,0,1,0,7,2,3,0,2,2
0,0,0,2,4,0,0,3,2,3,0,1,0,4,2,1,0,0,0,3,1,3,0,1,0,2,2,0,0,2,1,3,1,0,2,1,1,0,0,0,2,0,3,0,3,35,3,0,3,2,12,1,0,3,0,1,29,1,0,0,5,4,2,5,2,0,0,0,1,1,3,0,2,0,0,0,0,2,0,1,0,2,0,1,0,0,0,0,2,0,2,2,0,0,0,0,1,3,0,0,1,1,0,0,0,0,5,0,2,2,1,0,0,0,0,1,0,0,0,0,0,0,3,1,2,0,9,0,3,4,1,1,2,0,2,5,4,1,2,3,0,2,0,2,0,0,0,0,2,0,0,0,2,0,1,20,0,0,1,17,1,0,1,1,2,2,3,1,0,3,0,0,3,0,1,0,2,0,8,22,0,1,2,3,4,0,2,0,0,7,12,4,2,8,1,6,2,0,0,2,3,0,7,0,0,2,0,3,5,0,0,9,0,1,4,1,2,2,0,5,0,1,1,1,3,1,3,3,2,3,0,2,2,0,3,21,1,3,8,0,7,1,0,0,3,2,0,3,1,0,11,4,0,0,0,1
0,0,2,4,0,5,0,0,0,1,5,0,1,6,4,0,1,7,7,1,4,2,0,2,2,1,0,0,4,2,2,2,0,0,1,1,0,0,0,2,0,0,4,0,2,6,1,4,4,3,0,1,3,0,2,1,4,0,0,1,4,0,1,1,0,5,1,0,4,0,0,7,2,0,0,0,2,1,1,2,1,5,3,0,2,0,0,0,2,1,4,3,1,1,3,0,0,1,1,0,2,3,0,0,0,3,1,0,2,1,1,1,2,0,3,1,0,0,1,0,2,1,22,2,2,3,0,1,0,1,0,0,0,1,0,2,0,2,0,1,1,0,3,1,0,0,0,0,0,0,1,0,1,1,0,1,0,0,0,1,5,1,6,1,2,10,4,2,0,2,1,1,1,0,3,1,0,1,17,39,5,0,0,1,5,2,4,0,0,6,7,1,5,0,1,3,1,1,7,3,7,1,4,0,0,13,0,1,3,2,0,0,1,3,0,0,3,1,0,0,2,1,0,2,0,10,9,0,5,6,0,1,5,2,17,0,2,33,3,0,2,1,2,2,0,1,1,4,1,0,7,15,0,0,0,3
1,0,3,0,2,0,1,2,2,3,0,1,0,0,3,2,4,2,6,6,0,0,0,0,3,1,1,1,0,0,1,4,2,1,2,1,3,1,9,0,4,1,1,0,1,36,2,0,3,0,7,0,0,1,1,0,20,0,1,4,5,1,2,2,0,4,6,1,0,0,3,0,2,0,0,0,2,5,3,2,0,0,6,0,0,1,0,0,8,5,1,1,6,0,0,0,0,3,0,1,0,0,0,0,1,1,5,0,1,1,0,0,0,2,0,1,5,0,10,0,1,0,0,2,0,0,6,0,4,4,3,1,0,0,0,0,0,1,1,1,0,0,0,0,2,0,0,2,6,1,0,0,5,0,0,0,1,1,0,4,0,4,0,2,0,0,0,4,3,1,1,0,1,0,1,4,0,1,0,3,0,0,6,1,10,4,0,2,0,16,8,10,3,8,1,3,5,0,0,1,0,1,6,0,1,0,0,0,5,0,1,2,0,2,7,0,0,1,1,2,0,1,0,3,1,1,1,7,2,15,1,0,6,4,1,56,1,1,3,1,4,2,2,10,0,4,2,0,0,8,6,2,0,0,2,4
2,7,2,0,0,0,4,6,2,3,2,2,0,21,2,6,1,1,2,4,3,4,1,0,1,1,3,3,0,4,1,1,6,12,2,1,3,1,0,0,8,10,0,2,1,11,3,2,2,2,1,0,6,2,0,7,8,5,12,0,3,5,0,3,1,2,1,0,3,0,0,2,0,0,0,2,0,19,3,1,1,0,1,3,1,3,0,5,3,1,0,0,2,8,2,0,0,2,0,1,2,2,1,0,0,3,8,0,0,0,0,1,3,0,1,0,1,1,0,1,2,1,0,2,1,0,0,1,0,0,0,1,3,0,2,2,1,1,1,6,1,0,1,0,0,0,0,1,1,2,2,0,2,2,0,0,0,2,2,0,0,5,1,8,3,2,1,3,0,8,1,0,6,0,1,2,0,1,3,5,0,0,2,1,7,0,2,0,3,5,1,0,4,5,1,11,2,1,0,3,2,1,5,4,0,0,1,4,0,2,8,0,1,5,2,0,1,4,1,1,1,0,1,0,5,0,1,0,0,4,1,4,0,7,0,9,1,1,6,2,5,0,1,0,2,1,0,0,2,1,0,1,11,5,1,1
1,6,3,0,0,0,0,4,2,3,3,8,2,37,3,14,2,0,3,4,1,3,0,1,2,0,0,1,5,1,0,0,3,0,1,0,2,0,0,5,4,7,1,1,2,12,2,1,5,1,0,0,2,2,2,4,6,2,17,0,7,1,0,2,1,1,0,2,1,0,1,1,1,1,0,1,1,5,3,5,1,0,0,0,0,0,0,2,0,0,0,0,3,4,0,1,0,3,0,2,3,7,0,3,0,5,3,1,9,0,0,0,3,0,0,1,4,0,0,2,0,28,2,7,0,0,1,0,0,1,1,0,3,0,1,2,1,1,4,1,0,2,0,0,1,3,1,0,1,0,0,1,2,1,1,0,0,2,0,0,0,1,0,8,2,1,3,1,1,0,0,0,12,0,1,4,4,0,2,2,1,1,3,0,3,1,0,1,5,5,0,1,7,7,1,9,2,1,4,8,4,3,9,2,0,2,0,2,0,2,3,0,0,3,6,0,6,0,3,1,0,1,0,0,2,0,4,1,1,1,0,0,0,6,0,2,3,2,2,0,4,0,2,0,2,0,1,3,3,1,0,0,11,1,0,1
1,0,1,0,0,0,0,1,0,3,1,0,1,0,8,3,0,13,5,1,1,1,1,0,3,2,1,0,1,2,1,2,0,0,6,2,0,2,7,4,3,1,3,0,2,6,0,2,2,4,1,0,0,0,0,0,5,0,1,0,5,2,0,1,0,3,2,0,1,0,4,0,0,0,2,3,0,1,0,3,1,2,0,0,7,0,0,0,0,0,2,0,4,3,2,0,2,3,0,4,0,0,1,0,0,1,3,5,0,0,0,7,0,1,9,3,0,1,5,0,0,0,4,9,0,3,0,4,0,1,2,0,0,0,2,0,0,0,0,0,0,1,3,0,2,0,2,0,2,0,1,0,1,0,0,0,0,0,0,2,3,0,3,3,2,14,2,2,2,2,1,0,3,0,3,3,2,0,11,59,10,2,0,5,4,0,2,0,0,3,6,4,2,0,0,5,5,2,6,5,3,1,3,4,4,11,0,1,0,2,3,0,0,7,0,2,2,6,1,1,2,3,0,5,0,0,10,1,0,6,0,3,7,0,6,7,1,32,1,0,4,0,0,6,1,1,1,5,3,0,7,16,0,0,0,1
0,2,1,5,0,0,0,2,0,3,2,3,8,0,3,0,0,12,2,0,1,0,0,0,1,1,1,1,1,1,1,4,7,2,3,1,0,1,0,1,1,1,3,0,1,13,2,0,4,5,1,0,0,0,0,0,9,1,0,0,5,0,1,2,1,0,1,1,2,0,3,0,0,1,0,0,0,0,0,2,1,0,0,0,0,1,0,0,3,2,1,1,5,1,1,0,4,4,1,0,0,0,2,0,1,1,4,2,0,1,1,4,1,0,0,4,0,0,0,0,5,2,4,0,0,1,0,3,2,3,0,1,4,0,2,3,0,0,0,2,0,1,4,1,1,0,2,0,13,3,0,2,2,5,1,1,0,0,1,0,0,0,0,1,2,2,1,1,1,1,3,1,1,0,1,3,0,0,0,34,15,1,0,0,3,2,2,1,1,1,4,1,5,0,0,1,2,3,5,2,0,2,4,0,2,0,1,4,0,1,2,0,0,1,1,1,1,6,1,0,2,1,0,4,1,2,13,1,3,5,1,0,11,2,8,4,2,19,0,0,1,1,0,2,0,0,0,3,1,3,10,25,2,0,3,1
0,1,0,1,0,1,0,13,2,4,0,2,1,1,9,1,5,13,3,2,0,0,2,2,3,3,3,0,0,1,0,6,0,3,1,3,0,9,4,1,3,0,2,0,1,11,1,3,4,2,1,0,0,0,1,0,9,0,3,0,5,1,0,0,1,3,0,0,0,0,1,9,0,1,0,0,0,1,0,0,1,1,3,0,0,0,0,0,0,0,1,0,3,0,0,0,0,3,1,0,0,0,0,0,0,0,4,1,0,1,0,0,0,0,0,1,2,0,0,1,0,0,0,0,0,0,0,1,1,8,0,0,0,0,0,1,1,0,2,0,4,0,3,1,1,0,1,1,6,2,0,2,3,1,0,1,0,1,1,1,0,1,4,26,1,11,1,1,0,1,8,2,3,0,3,1,0,0,6,42,3,0,0,1,0,0,0,0,2,3,3,1,3,0,0,3,1,0,5,0,4,0,0,0,0,0,31,0,0,0,9,2,0,1,0,2,0,3,0,24,0,2,0,7,0,0,7,0,6,5,0,3,8,4,8,7,0,8,0,0,4,2,3,5,0,0,2,4,1,0,6,5,0,0,0,6
1,2,0,5,0,0,0,2,1,2,6,5,0,0,5,1,7,14,3,4,2,3,2,0,7,7,4,0,2,0,4,2,4,0,0,12,0,3,0,0,3,1,2,0,4,11,4,0,6,0,1,0,1,1,1,0,10,1,1,3,10,2,1,2,10,2,0,0,2,0,0,0,1,0,1,0,0,2,1,1,4,1,0,0,2,0,0,0,3,1,2,1,2,1,0,1,0,2,0,1,0,0,0,0,2,0,2,0,0,0,0,0,2,0,1,2,1,0,0,0,1,0,4,0,3,0,0,5,0,0,0,1,2,0,1,1,1,0,0,0,0,4,4,1,2,0,0,0,0,1,0,1,1,2,1,2,0,0,1,0,2,0,0,6,1,10,2,0,3,2,3,0,4,2,0,1,0,0,9,35,7,0,1,0,8,0,2,0,0,5,9,1,2,0,0,1,2,0,7,0,3,0,6,0,0,0,0,0,1,0,1,1,0,1,2,1,0,1,4,0,1,1,1,4,2,0,15,2,6,14,0,2,10,0,13,3,0,34,1,2,4,0,2,3,1,0,0,2,1,2,4,8,1,0,1,1
0,0,2,2,2,0,0,1,2,2,3,0,1,0,2,0,1,5,9,7,8,2,0,0,0,12,1,1,1,4,0,0,1,0,1,3,1,0,0,1,1,1,2,2,6,34,1,0,2,0,9,0,0,1,0,0,26,0,0,1,4,1,2,3,3,0,0,0,2,0,3,0,3,0,0,0,1,0,2,1,0,0,1,0,1,0,3,0,4,1,2,4,7,3,1,0,0,4,0,0,1,0,1,0,5,0,2,0,1,2,0,1,0,0,0,0,9,2,0,3,0,0,2,2,1,0,0,0,1,6,0,0,2,0,0,0,6,5,5,0,0,0,1,0,0,0,0,0,1,2,0,1,1,2,0,3,0,0,0,11,0,2,1,1,1,1,2,2,1,2,0,1,7,1,3,0,2,1,3,4,0,0,1,1,7,4,0,0,0,14,12,2,2,10,0,7,5,0,0,3,1,0,7,0,0,1,1,0,7,0,2,0,0,3,9,1,0,1,4,5,1,2,1,3,0,0,1,0,4,1,0,2,2,0,1,32,0,1,5,0,4,2,1,1,1,8,1,0,0,1,9,1,0,0,1,1
0,9,3,1,0,2,0,1,1,3,9,2,9,5,7,1,1,6,8,0,0,1,0,1,1,2,2,0,2,2,3,1,1,0,1,2,0,6,0,0,3,1,1,1,2,12,1,1,3,0,1,0,0,0,0,0,7,1,0,0,6,0,0,2,7,2,1,4,2,0,4,1,2,0,2,0,0,3,9,3,1,1,2,1,0,1,0,0,0,0,1,0,3,0,0,2,0,4,2,1,0,0,1,0,0,0,4,1,0,0,2,1,2,0,5,3,1,1,1,0,0,8,5,2,3,2,1,7,0,1,0,0,1,0,2,1,0,1,1,4,0,0,3,0,1,0,0,2,0,3,0,1,1,0,0,0,0,0,0,0,1,1,0,4,1,11,0,0,1,2,2,3,2,0,4,1,0,0,6,25,16,0,0,0,3,2,11,0,1,3,9,4,5,0,1,1,0,3,4,5,1,5,2,0,0,0,0,2,0,1,1,0,0,1,5,0,1,4,2,0,0,3,2,7,1,0,8,1,2,8,0,0,5,2,5,7,1,26,0,0,0,0,2,3,0,0,0,1,0,1,4,15,0,0,1,0
0,0,7,0,2,0,0,2,0,5,1,0,14,0,2,1,0,2,1,17,3,1,1,0,1,6,2,0,0,0,1,19,0,1,9,1,0,3,0,0,1,2,2,2,5,23,2,0,3,0,3,0,0,0,2,0,11,1,0,5,6,1,3,1,0,1,1,1,1,0,0,0,0,0,0,0,0,0,2,2,0,0,0,1,0,0,3,2,1,2,2,0,5,1,1,11,0,2,0,0,1,0,0,0,0,0,2,0,0,0,0,3,1,4,0,1,0,0,0,1,2,0,0,1,1,1,0,0,0,0,0,2,0,0,1,0,0,4,3,0,0,0,0,0,0,0,1,0,0,1,3,0,2,1,0,1,0,0,0,1,0,1,0,2,2,0,0,0,9,2,2,2,1,0,0,0,0,1,0,4,0,0,1,3,2,1,2,1,0,7,4,2,3,1,0,0,0,0,0,0,0,0,2,0,1,0,2,0,2,0,0,0,1,0,0,0,0,0,0,3,1,0,0,1,0,0,3,20,0,10,0,1,4,0,3,51,0,9,3,12,1,1,0,16,1,1,1,0,0,22,4,3,0,0,0,4
0,0,0,3,0,0,0,0,4,3,4,1,0,1,2,0,2,5,3,0,1,0,0,2,0,1,0,0,0,0,2,3,0,0,1,5,1,2,0,0,3,1,0,1,1,19,2,0,5,3,0,0,0,0,1,0,20,0,1,3,7,3,0,1,0,2,1,0,1,0,0,0,1,0,4,0,0,4,5,3,0,2,1,1,0,0,1,1,3,2,2,0,0,0,0,2,0,4,1,0,1,0,0,0,1,1,3,0,0,1,1,7,2,2,0,1,1,0,0,0,4,0,6,1,1,2,0,0,4,6,0,0,3,0,0,1,7,2,5,0,0,0,1,0,0,0,1,0,1,0,0,0,6,1,3,7,0,0,0,2,3,0,8,4,1,6,2,6,0,2,3,2,3,1,0,0,2,0,6,24,4,1,2,1,5,1,1,0,0,6,3,4,3,1,0,1,0,0,3,2,2,1,8,0,0,1,0,0,2,0,1,1,0,1,2,13,1,3,0,2,0,0,0,5,0,0,5,2,3,4,0,1,1,0,4,5,0,24,4,0,1,2,2,8,1,3,9,2,0,4,4,5,0,0,3,2
1,0,4,2,1,0,0,0,0,2,3,1,0,0,8,0,2,13,2,1,1,2,0,0,3,2,3,0,0,0,2,3,0,1,2,2,0,0,3,1,1,0,3,1,2,10,1,0,4,0,3,0,0,0,1,0,11,0,0,0,9,0,5,0,0,5,3,0,0,0,2,1,0,0,0,0,0,2,2,4,0,1,2,3,0,0,2,0,4,1,2,1,0,0,2,2,0,2,0,1,1,0,0,0,2,2,2,0,0,0,2,12,0,0,1,1,0,0,0,0,1,1,7,0,5,1,0,6,1,2,0,1,0,1,3,0,1,0,2,0,0,0,5,0,0,0,0,1,1,1,0,2,0,1,0,0,0,0,0,0,1,0,0,3,1,5,0,1,0,2,0,1,2,0,0,2,0,0,10,24,8,1,0,0,3,0,0,0,0,2,4,2,6,1,0,1,0,10,8,6,7,3,3,1,20,0,0,0,1,1,1,1,0,1,2,3,1,6,2,0,2,2,1,13,0,2,11,1,3,5,1,0,12,1,6,4,0,34,3,0,0,0,1,3,1,3,0,2,2,2,5,6,0,0,0,5
0,0,0,5,0,0,0,0,1,1,6,1,3,13,0,0,18,11,2,0,1,5,0,0,1,1,5,0,0,0,4,2,0,0,1,0,0,0,1,1,0,1,5,0,5,1,0,1,1,1,0,0,1,2,0,1,1,1,3,2,7,2,6,1,0,1,0,0,4,0,0,0,0,0,0,2,0,3,0,1,1,8,3,1,0,0,0,0,0,0,4,0,3,0,1,2,2,1,1,0,1,0,0,0,0,0,1,0,0,2,0,0,1,0,6,1,0,0,1,0,2,0,16,3,0,1,0,0,0,0,0,0,0,0,1,1,2,1,0,0,0,1,2,0,0,1,1,0,1,1,0,1,0,0,0,3,0,0,0,1,1,1,6,3,6,5,0,1,2,4,1,4,1,2,1,1,2,0,17,38,0,1,1,3,1,0,0,1,0,4,2,6,0,0,6,1,1,0,7,1,6,1,1,0,0,2,0,0,1,0,0,0,0,1,0,2,0,2,1,0,0,1,0,9,0,2,10,0,8,2,0,0,7,0,14,1,0,29,2,0,0,1,0,3,2,1,3,2,1,1,7,23,0,0,0,4
0,0,0,5,0,0,0,0,0,2,3,1,5,1,1,0,4,11,0,0,0,2,0,0,1,4,8,1,1,1,1,2,0,5,1,1,1,2,0,0,0,1,4,0,8,4,0,1,1,3,0,1,2,0,0,0,2,2,3,0,4,1,4,1,2,3,0,0,6,1,4,2,0,0,0,0,0,2,0,1,1,6,5,0,2,1,4,0,0,1,3,2,5,1,5,1,2,1,1,0,0,0,0,0,0,0,2,0,3,0,0,0,0,2,1,0,0,0,1,0,1,0,0,2,3,0,0,0,1,1,0,0,3,0,1,1,0,4,0,1,0,4,2,0,3,0,0,0,0,5,0,0,3,7,0,2,4,1,5,0,6,0,0,8,4,10,0,0,1,5,0,0,1,0,3,1,4,0,9,46,6,1,1,0,0,1,0,0,2,10,4,3,4,0,0,2,0,0,5,2,2,1,0,3,0,5,0,1,1,0,6,0,0,3,1,3,2,4,4,0,0,2,0,7,0,2,12,0,2,7,0,10,6,0,10,3,0,16,2,0,0,1,0,2,2,2,0,5,0,1,13,12,1,0,0,4
2,0,3,5,0,0,0,0,0,3,7,2,1,0,4,0,12,11,4,1,1,0,0,0,0,2,1,0,0,2,4,3,0,0,2,13,2,0,0,0,1,0,3,0,2,10,6,0,6,0,1,2,2,0,2,1,4,0,0,4,5,1,1,0,8,3,1,0,0,0,1,0,1,0,3,0,0,1,0,1,1,6,6,0,0,0,0,1,0,2,2,0,2,1,1,2,2,2,0,1,0,0,0,0,2,2,3,1,0,2,0,0,3,0,0,2,0,0,0,0,3,2,2,0,3,3,0,5,1,0,0,0,0,0,2,0,1,0,0,0,0,4,6,1,2,0,0,0,0,0,0,0,1,0,0,1,1,0,0,0,3,0,0,5,2,10,2,1,0,2,4,3,2,1,3,1,2,0,19,34,10,0,1,0,4,2,2,0,0,1,4,3,2,1,1,2,2,0,6,2,1,0,3,1,0,3,0,1,1,0,0,0,0,3,1,0,1,5,1,1,0,1,0,7,0,2,8,1,3,4,1,0,6,1,9,5,1,18,0,0,2,0,0,5,0,0,0,2,0,0,6,10,0,0,0,0
0,3,5,6,0,0,0,0,2,1,5,0,8,1,8,1,14,10,5,0,2,1,4,1,1,4,1,0,0,0,2,1,0,0,1,8,0,0,4,0,2,0,3,0,3,4,0,0,2,0,0,0,0,3,0,1,1,1,2,4,4,1,2,0,0,1,0,0,3,0,0,2,1,0,0,0,0,0,0,5,2,1,4,3,0,2,0,0,2,0,3,0,3,0,1,0,1,3,0,2,0,0,0,0,0,0,2,0,0,3,0,10,2,1,0,2,0,0,0,2,3,1,0,1,0,1,0,0,2,2,0,0,0,0,2,0,0,1,0,0,1,1,2,1,0,0,1,0,0,0,0,1,0,0,0,0,0,0,0,2,3,0,0,1,3,10,0,0,0,5,1,3,1,0,3,1,0,0,12,40,8,2,0,2,6,3,0,0,0,2,2,5,3,0,0,2,0,3,5,1,2,0,1,0,0,0,0,0,0,4,0,1,0,2,2,11,0,3,0,0,1,2,0,9,0,1,11,1,1,4,0,1,3,2,18,3,1,21,4,0,0,3,3,2,1,1,0,4,0,3,6,17,0,1,1,3
3,1,2,4,7,0,1,2,0,1,2,2,3,0,2,3,6,9,1,0,0,0,1,2,2,0,1,3,0,0,2,1,0,0,6,3,1,0,2,0,1,1,3,0,5,11,0,0,4,0,0,0,1,0,0,4,9,0,4,6,6,1,2,3,1,1,1,0,4,1,3,4,1,0,2,0,0,5,1,2,2,2,1,0,0,0,1,0,3,5,4,0,6,1,4,0,2,5,1,1,5,0,2,0,0,0,1,0,0,5,0,0,1,2,1,2,2,0,0,0,0,2,0,2,0,0,3,0,1,1,0,1,13,2,1,8,2,1,0,0,2,0,5,1,1,0,4,0,0,1,1,0,0,0,1,0,0,0,2,4,1,5,2,1,3,8,1,0,0,3,13,3,2,3,1,1,0,0,10,34,2,0,3,6,6,0,1,0,0,2,6,2,1,0,1,1,2,0,4,1,2,0,0,0,0,0,17,2,0,2,2,0,0,1,1,1,2,1,1,0,1,1,0,3,0,6,10,0,0,4,0,6,3,2,17,7,0,15,7,0,1,1,0,7,0,0,8,3,1,0,8,22,0,0,0,4
0,1,1,0,0,0,0,2,0,5,0,2,2,0,3,1,0,1,1,5,2,1,1,0,1,8,0,0,1,0,0,3,3,1,3,1,0,0,6,0,2,3,0,1,5,36,3,0,4,0,5,3,0,0,1,0,20,1,0,2,6,2,3,5,0,0,0,2,0,1,2,0,3,0,1,0,0,0,0,0,0,1,3,1,0,1,2,0,2,3,0,1,4,0,2,0,1,4,0,0,0,0,1,0,0,1,4,0,0,1,1,1,0,6,1,1,3,0,0,0,0,0,0,2,0,1,0,0,4,3,0,2,0,0,1,1,0,5,1,0,0,0,0,0,0,0,0,1,1,3,0,0,1,1,0,10,0,4,2,22,0,0,2,6,0,0,4,2,9,0,4,3,4,0,2,0,1,2,0,1,1,0,1,1,2,3,6,0,0,12,4,2,5,2,2,1,0,0,0,1,0,0,2,0,2,0,0,0,3,0,1,8,0,0,1,2,1,0,0,2,0,6,0,0,0,2,5,10,3,3,1,0,6,0,0,19,0,1,5,5,3,0,0,9,0,10,2,0,1,11,9,0,0,0,2,2
2,4,1,1,2,0,2,3,3,1,8,0,3,22,1,6,3,4,3,3,1,0,0,0,3,4,2,0,5,1,0,0,0,1,3,0,1,0,0,1,10,4,2,1,2,7,1,0,1,0,0,4,0,1,0,0,5,1,9,2,3,2,2,1,1,1,0,1,0,0,3,6,1,2,2,1,0,14,21,1,0,1,1,1,1,2,0,7,2,3,2,0,1,7,2,1,0,3,4,0,3,0,0,0,0,3,5,0,2,0,0,2,2,1,4,0,1,1,0,0,2,0,3,2,0,0,0,0,0,0,0,0,1,8,0,3,1,1,7,1,1,0,6,5,1,4,3,0,2,1,0,4,1,0,0,0,1,4,2,0,0,2,0,3,4,3,3,0,0,6,0,3,6,1,1,0,1,1,1,6,0,0,0,1,6,0,1,2,3,2,0,0,1,2,0,1,1,3,0,5,3,2,7,1,1,1,2,0,0,5,2,0,0,5,2,0,1,2,1,5,0,0,0,0,10,0,3,0,0,0,2,0,0,3,3,3,5,0,2,0,4,1,0,0,3,1,0,0,1,2,0,3,8,2,3,4
1,0,0,3,1,0,0,0,0,1,2,0,2,0,1,0,9,7,1,4,0,4,0,0,0,1,7,0,0,2,5,2,0,0,1,1,0,0,0,0,1,2,4,1,4,4,0,0,2,1,0,0,1,6,0,1,4,0,4,0,8,0,3,1,2,3,1,0,1,0,3,1,2,2,3,0,0,2,0,11,1,3,2,0,2,1,1,0,1,0,4,1,11,0,5,6,5,1,0,1,0,1,0,0,3,0,6,1,0,4,0,1,2,0,0,0,0,0,1,0,0,0,0,1,1,0,0,0,2,3,2,0,0,1,2,0,1,1,0,1,0,0,3,0,0,0,1,0,0,1,0,1,2,0,0,4,0,0,1,4,1,0,0,8,3,3,0,0,0,3,2,1,2,0,3,1,0,0,21,40,8,0,0,6,4,0,0,0,1,2,3,8,1,0,1,3,1,1,6,0,0,0,5,0,1,1,0,1,0,1,0,0,1,3,0,0,0,2,8,3,1,1,2,6,0,7,12,0,0,5,0,1,2,0,10,1,1,19,2,1,1,0,1,3,1,0,4,3,2,0,5,10,3,0,0,4
0,0,0,4,0,0,0,0,0,2,0,0,0,0,4,0,0,8,2,0,2,2,0,2,2,4,0,2,0,0,0,0,0,0,0,0,0,0,0,0,0,1,4,1,5,6,0,8,3,4,0,1,1,0,0,0,2,1,1,2,4,2,0,0,2,2,1,0,4,0,4,2,0,0,0,0,1,4,0,1,4,3,4,2,6,1,1,0,2,0,2,2,4,0,0,2,6,2,3,1,2,0,1,0,1,1,3,1,0,0,1,0,1,2,0,1,1,1,3,0,3,1,0,2,4,0,0,0,0,1,0,0,2,0,0,2,1,2,0,0,0,2,1,0,4,0,1,0,2,0,0,1,1,5,0,0,0,0,0,1,4,1,1,10,3,9,10,0,0,3,0,3,2,0,5,2,0,0,9,45,9,0,0,0,3,1,3,0,0,4,6,2,2,0,0,5,0,0,3,1,3,0,3,0,0,6,0,1,0,1,4,0,0,2,2,1,0,6,0,0,2,2,0,2,0,0,7,2,0,6,0,7,4,1,9,7,1,15,0,0,5,8,0,1,0,1,2,2,1,2,4,10,0,0,1,2
1,0,0,1,0,2,0,0,0,3,1,3,1,0,5,0,0,4,5,1,0,0,0,0,1,0,0,0,1,4,0,0,1,0,0,3,0,3,4,0,1,0,1,1,2,10,1,9,4,3,0,0,0,0,2,0,6,0,0,1,6,0,0,2,1,1,0,0,3,0,11,1,0,3,0,0,0,0,0,2,1,2,2,0,4,0,0,0,4,0,1,0,2,0,2,0,5,4,1,0,3,1,0,0,3,4,5,1,0,3,3,11,0,0,3,1,1,1,2,0,2,2,13,3,3,0,0,0,0,0,0,0,0,0,0,2,1,0,1,0,0,0,1,0,1,0,0,0,1,0,0,0,0,0,0,0,0,0,0,1,4,0,0,2,1,10,4,0,1,3,2,2,3,0,1,1,0,0,11,43,6,1,2,1,0,0,1,0,2,3,12,0,3,0,0,1,0,0,4,5,1,1,5,0,1,4,0,1,3,0,0,0,0,1,1,10,0,4,0,0,1,3,1,0,0,3,16,2,1,2,0,0,4,0,8,3,0,19,0,0,3,6,1,2,0,0,0,1,0,0,5,11,1,0,0,2
0,0,1,2,0,2,0,0,0,1,4,0,2,0,0,1,3,12,4,1,2,0,1,0,0,4,3,1,4,2,0,0,0,0,1,0,0,0,3,2,0,0,3,0,7,2,1,2,1,3,0,1,3,1,0,0,3,2,0,2,6,2,3,1,0,4,1,0,4,0,0,1,0,0,0,1,1,2,2,2,1,1,2,3,1,0,0,0,1,3,4,1,2,0,1,0,8,1,5,2,0,2,1,0,0,2,3,1,1,1,0,0,0,0,5,3,3,0,3,0,2,0,8,5,0,0,0,1,0,0,0,0,1,0,0,0,0,0,0,1,0,3,7,0,1,0,1,0,0,0,0,0,2,5,0,3,0,0,0,0,1,1,0,0,3,12,0,0,1,4,1,3,1,2,5,2,0,0,4,41,16,0,0,0,3,0,6,0,2,4,9,8,0,1,1,3,1,0,7,0,3,2,1,0,0,3,1,0,0,0,4,1,1,5,0,2,2,3,1,1,0,1,0,4,1,4,7,0,0,6,0,4,3,2,11,1,1,14,1,0,1,0,1,4,1,0,4,0,0,1,1,20,2,0,0,3
1,0,1,4,0,0,0,1,0,3,0,2,1,0,2,0,5,12,2,1,1,1,1,0,2,0,5,0,0,0,2,2,1,2,2,3,0,0,3,0,0,1,3,0,6,6,1,3,1,3,1,0,2,0,3,0,2,0,1,1,7,1,2,0,8,1,1,0,2,0,3,0,0,0,2,0,0,0,0,2,1,4,3,0,0,4,2,0,0,1,3,0,2,2,1,2,3,1,0,0,0,1,0,0,2,3,3,7,0,1,0,2,2,1,3,1,2,0,2,0,0,0,13,3,10,5,1,4,0,1,0,0,1,0,3,3,0,0,1,2,0,2,4,0,1,0,1,0,2,2,1,2,1,3,0,1,2,1,0,1,0,1,0,0,3,7,2,1,1,3,0,1,1,2,1,1,0,0,6,26,16,2,0,0,2,2,1,0,0,6,6,1,3,0,2,2,0,0,8,4,2,2,8,0,3,5,0,0,0,0,0,0,0,6,2,3,2,4,4,2,1,1,7,6,0,1,11,0,0,2,1,0,5,1,8,5,0,33,2,0,5,0,0,3,2,1,0,2,3,2,2,15,0,0,0,2
0,0,1,2,3,0,0,3,0,4,6,0,0,0,3,3,1,0,6,7,5,1,0,0,5,0,1,1,1,6,0,2,4,1,3,3,1,0,0,2,1,0,1,0,9,35,3,1,3,0,4,0,0,0,0,2,19,1,0,2,4,1,4,1,0,2,6,5,0,4,0,5,4,6,3,0,0,3,1,2,0,0,0,1,0,0,0,0,1,9,1,0,2,1,0,2,0,3,0,2,0,7,0,1,1,3,8,0,0,0,0,2,0,0,1,1,0,0,1,0,0,0,1,2,1,1,1,0,1,2,0,1,0,0,0,0,0,2,3,0,1,2,1,0,1,0,0,0,2,0,3,0,0,0,1,5,1,0,2,1,3,1,0,11,1,1,4,3,2,1,3,0,2,1,1,0,1,0,3,2,0,2,2,2,2,5,1,0,0,3,3,2,3,2,0,0,1,2,0,0,0,0,2,0,0,1,0,0,2,1,0,1,0,1,1,2,1,0,0,0,2,0,0,2,0,0,2,6,0,5,0,2,7,1,1,49,2,3,3,0,12,3,0,2,1,3,2,0,3,4,6,0,0,1,0,3
0,1,0,0,1,0,0,2,0,1,0,3,0,0,0,0,4,5,3,2,1,3,1,0,0,3,2,0,1,0,0,3,0,0,0,1,0,1,1,0,1,0,9,0,4,16,4,0,1,0,1,1,0,0,1,1,12,0,1,2,4,2,2,0,3,0,1,0,0,2,8,0,0,1,1,0,3,1,1,3,1,0,4,2,0,0,0,1,3,0,3,0,5,4,0,2,4,3,1,0,1,0,0,0,0,2,2,0,0,0,0,0,21,0,0,1,0,4,0,0,1,0,0,3,0,6,0,0,1,0,3,0,0,0,2,0,0,0,2,1,0,0,1,1,1,0,2,5,9,2,0,1,5,0,3,0,0,0,1,0,1,0,0,1,1,1,0,1,0,4,5,0,2,2,1,1,0,0,0,7,0,0,2,0,1,3,1,0,0,5,6,1,1,0,0,4,2,2,2,1,0,1,2,0,1,0,5,0,1,0,2,0,0,3,5,2,1,6,2,2,1,0,0,4,0,0,7,7,2,3,1,0,10,1,6,20,3,12,2,0,3,0,2,3,0,12,5,0,1,1,0,3,1,0,0,0
7,1,1,0,5,0,0,2,1,2,1,3,0,0,1,0,2,0,7,2,0,2,0,0,1,12,2,0,1,0,0,1,1,6,4,5,2,6,13,0,3,0,1,0,6,31,2,1,3,3,5,2,0,1,3,0,20,0,3,3,4,4,9,4,2,0,0,0,3,3,5,0,0,1,0,1,1,4,8,2,0,0,2,2,0,0,1,1,4,6,1,2,2,1,0,3,2,3,0,2,0,9,0,1,0,2,2,0,0,0,0,1,2,1,1,0,6,2,0,4,0,0,0,1,1,0,0,0,1,0,1,1,1,1,3,0,4,1,2,0,0,1,0,1,0,7,1,0,0,1,0,1,0,1,0,0,0,2,0,0,1,0,1,1,2,0,1,2,3,2,8,0,3,0,2,1,2,1,1,4,0,1,1,0,3,7,0,1,2,7,4,15,6,3,0,1,0,0,0,1,0,4,2,0,2,0,0,0,2,0,0,0,0,0,1,0,4,1,0,2,2,1,0,2,0,2,1,1,2,0,6,6,2,0,1,6,1,1,13,0,5,0,1,0,2,5,3,3,0,5,6,2,0,0,1,3
0,1,3,0,3,0,0,1,1,8,0,2,1,0,6,4,0,0,4,3,3,3,0,0,1,2,0,0,3,0,0,3,1,0,6,1,0,0,0,0,5,0,1,0,0,30,1,0,4,0,10,0,0,0,0,2,14,0,0,0,5,2,0,2,2,0,0,1,1,1,0,0,0,0,2,0,0,2,2,2,0,0,4,3,0,0,0,0,3,4,0,0,3,2,0,2,0,4,0,0,1,0,0,1,1,1,7,3,0,0,0,2,0,7,0,1,1,0,0,0,0,2,0,0,0,0,3,0,3,0,0,3,0,0,0,0,3,5,4,0,0,1,1,0,1,5,0,1,2,2,1,0,1,0,0,6,0,0,1,20,1,1,0,1,1,0,4,3,3,0,1,0,3,1,0,0,3,0,0,0,1,0,0,2,1,2,1,2,0,10,3,1,7,4,0,1,1,0,0,0,1,2,2,0,0,0,0,1,2,0,0,3,0,0,1,0,0,1,1,0,0,6,0,0,4,0,4,7,3,5,0,1,5,0,0,50,0,1,1,3,7,0,0,3,2,8,3,0,3,10,8,0,0,0,0,2
0,1,1,0,0,0,0,1,1,4,0,1,0,9,2,1,1,3,7,0,0,1,0,0,4,0,2,0,0,0,0,5,0,1,5,2,0,0,1,4,3,0,0,0,1,33,1,0,3,4,6,0,0,0,0,0,24,0,8,0,4,1,2,4,3,0,0,1,1,0,2,0,0,6,0,0,0,7,1,9,2,0,6,1,0,4,1,0,4,6,1,2,4,1,0,4,0,3,0,0,0,0,0,1,1,0,5,0,0,4,0,0,1,0,1,1,0,2,0,1,1,0,1,0,0,0,5,0,3,0,1,2,0,1,3,0,2,1,1,0,0,0,0,0,0,0,0,1,3,0,0,0,2,0,2,1,0,0,0,3,0,1,0,5,4,0,3,1,0,1,4,0,4,2,0,7,0,1,3,3,0,1,1,0,9,6,1,2,0,10,14,2,3,4,0,5,1,0,0,2,0,0,9,2,0,0,1,1,2,1,0,0,0,1,0,0,2,0,3,1,2,0,0,3,0,0,0,6,6,5,0,0,3,0,0,19,0,0,5,0,1,1,0,6,0,13,2,0,0,16,9,0,1,0,0,5
1,0,6,0,1,0,0,1,6,4,0,1,0,0,1,3,4,2,1,0,0,1,0,1,1,4,1,0,1,0,0,0,0,0,2,1,2,0,2,0,3,0,2,1,1,26,1,0,2,0,9,0,1,0,1,0,18,2,1,2,3,1,6,2,4,0,1,0,1,1,0,0,1,0,1,3,0,1,8,0,1,1,0,2,0,0,2,0,5,5,1,0,0,0,0,2,0,2,0,2,1,0,0,1,0,0,3,3,0,0,1,5,0,3,1,0,0,0,0,0,0,2,0,3,0,1,0,0,1,1,1,6,0,0,1,1,7,4,5,4,0,0,0,0,0,1,1,0,1,2,0,0,0,1,0,8,1,0,0,21,0,2,2,2,2,0,0,1,0,2,2,0,2,1,1,0,2,0,1,5,0,2,0,0,9,1,0,2,0,3,12,2,3,15,0,2,6,1,0,2,0,1,9,0,1,0,0,0,6,0,1,1,1,1,2,1,1,3,1,2,1,3,0,1,1,1,1,0,1,2,1,0,4,0,1,35,1,1,4,5,4,0,1,4,2,10,3,0,2,7,1,0,0,1,0,2
0,0,0,0,0,0,0,2,1,6,0,1,0,0,3,3,1,0,2,4,4,2,0,1,1,3,0,0,2,4,0,7,0,0,2,1,1,1,1,0,4,0,3,0,3,33,1,0,3,0,9,1,0,0,0,0,23,0,0,3,4,2,4,8,0,2,0,0,0,2,0,0,2,0,0,0,0,0,8,11,0,0,0,1,0,0,0,1,12,4,1,0,5,0,0,0,0,3,0,1,0,0,0,0,0,0,5,0,0,1,0,2,0,0,1,4,2,0,0,0,0,0,0,0,0,0,1,0,0,1,1,0,1,0,3,0,0,2,3,1,0,0,0,0,0,0,0,0,1,0,0,0,1,0,0,3,1,0,0,20,0,0,1,5,3,1,1,4,7,1,1,0,1,0,0,0,0,0,3,2,0,0,1,3,3,0,1,2,0,12,9,0,4,2,2,2,7,0,1,0,1,0,3,0,0,0,4,2,2,0,1,3,2,1,8,1,2,0,0,1,0,6,0,0,3,3,0,11,3,7,0,8,6,0,4,50,0,1,3,8,0,0,0,3,1,4,1,0,1,12,4,2,0,0,0,0
1,1,2,0,0,0,0,1,1,5,4,0,3,0,3,0,0,0,5,1,0,2,1,0,3,0,0,1,0,1,1,1,0,2,4,1,1,1,0,1,2,2,0,0,3,35,5,0,4,3,4,0,0,1,0,1,20,0,0,0,4,3,1,3,0,1,2,0,0,0,1,0,3,2,0,0,0,1,0,2,0,0,0,1,0,0,0,0,1,3,0,1,4,1,0,0,0,4,0,4,1,0,0,1,0,0,4,1,1,0,0,1,0,0,0,0,3,0,0,0,0,0,0,0,0,0,1,0,5,2,8,3,1,0,1,1,4,5,3,2,1,1,1,1,1,0,0,0,1,3,2,1,8,0,0,19,0,0,14,30,0,1,0,4,1,0,6,2,0,1,2,0,5,0,1,2,1,0,5,2,0,3,0,0,2,1,0,0,0,13,15,2,4,4,0,1,2,0,0,3,0,0,2,1,2,0,3,0,2,0,0,0,0,1,0,0,1,0,0,0,0,0,0,2,0,1,2,2,3,0,0,3,5,0,0,43,0,0,4,5,3,2,0,2,0,6,1,0,0,2,11,0,0,0,0,4
0,1,0,1,1,0,0,0,1,3,1,1,0,1,2,0,2,7,1,0,1,1,0,0,0,1,1,0,0,0,2,1,2,2,1,3,2,0,0,0,5,1,2,1,4,26,1,0,3,1,1,0,0,2,1,1,16,0,1,2,7,0,5,5,0,0,0,0,4,0,0,1,0,0,0,4,0,2,5,5,0,2,3,1,0,0,0,0,6,1,2,2,3,0,0,1,0,4,0,2,0,0,0,1,2,1,2,1,1,0,1,2,0,1,0,2,2,0,0,0,1,2,4,0,2,1,0,0,0,0,0,1,0,0,1,1,5,0,6,2,1,0,4,1,1,1,3,1,4,1,0,1,0,0,0,0,1,0,0,8,0,0,0,0,1,4,0,1,0,2,3,0,1,2,0,0,1,0,3,21,8,0,2,4,0,0,0,1,0,4,6,0,2,8,0,1,1,0,6,4,1,0,3,0,6,1,1,0,4,4,1,0,0,2,0,1,1,3,2,0,0,3,0,4,0,1,8,1,1,4,0,0,3,0,5,7,0,27,5,3,6,3,0,1,1,4,2,0,4,2,3,3,2,0,0,4
0,0,0,1,3,1,0,2,0,2,0,1,0,12,0,1,1,6,3,5,1,2,0,0,1,0,7,0,2,0,1,0,1,1,0,1,0,0,0,2,7,1,4,2,4,12,1,0,1,0,0,1,0,0,1,2,12,3,5,5,5,2,4,2,2,0,6,0,5,0,1,0,3,0,0,0,1,1,2,5,2,0,1,2,0,0,1,0,5,0,3,0,2,1,0,1,0,1,0,3,2,0,0,0,0,1,3,0,0,0,1,0,0,5,1,1,3,0,1,0,2,1,0,3,0,0,1,2,1,0,1,1,0,0,3,0,0,3,2,0,2,0,0,0,2,10,0,0,3,0,0,0,0,1,0,12,7,0,7,3,0,1,1,3,1,1,7,3,6,3,1,1,5,1,1,1,0,1,0,6,0,1,1,1,3,1,1,0,0,5,5,2,1,4,0,6,1,1,1,3,0,0,2,2,1,0,2,0,2,0,1,2,0,0,1,0,2,0,1,0,7,2,0,7,1,0,3,1,0,0,1,1,0,3,3,11,2,0,5,0,8,2,1,2,3,5,1,1,2,2,8,4,4,0,2,4
0,0,1,5,0,0,0,1,0,3,0,2,0,0,3,0,1,7,6,1,2,1,0,1,1,0,0,0,2,1,5,2,1,0,2,1,0,0,0,2,1,1,1,1,1,11,1,2,4,0,1,2,0,1,0,1,10,1,2,4,11,2,0,3,0,2,1,0,2,0,1,0,0,0,1,1,0,4,0,0,1,3,4,0,0,0,0,0,3,0,1,1,3,0,0,0,1,3,1,1,0,0,0,0,0,0,4,2,0,2,0,0,1,0,0,0,0,0,0,0,1,1,6,1,0,1,1,0,0,1,0,0,3,2,1,2,1,1,0,3,0,0,8,0,2,0,3,1,4,1,1,1,1,3,0,2,0,0,2,2,0,0,0,3,1,7,2,0,0,2,0,0,5,0,1,2,0,0,15,25,11,1,3,2,0,0,0,0,0,1,5,1,4,0,0,1,1,0,8,3,6,0,5,0,0,3,0,0,1,2,2,0,1,2,1,0,0,3,5,0,1,1,2,7,1,3,9,0,1,3,0,3,5,1,12,2,1,23,2,0,1,1,1,1,0,0,4,2,1,0,4,14,1,0,0,3
0,1,1,2,0,0,1,2,1,1,0,3,0,4,0,0,2,5,3,4,0,0,0,1,4,2,2,1,1,5,2,5,5,0,2,3,0,0,5,0,3,0,2,0,4,15,5,3,5,0,1,0,0,0,1,0,8,3,1,1,7,1,5,1,2,0,1,2,2,3,4,1,3,0,0,0,3,6,5,3,1,2,5,1,0,0,2,0,4,1,2,0,2,0,0,2,0,3,0,0,0,0,0,0,3,0,2,2,1,0,1,1,0,0,1,1,2,0,2,0,5,1,4,4,2,10,1,1,1,0,0,0,0,0,0,0,2,2,2,0,0,0,2,0,0,0,0,1,1,1,0,2,1,1,0,0,0,0,0,0,0,6,0,2,2,0,2,2,2,4,7,0,3,0,1,0,3,0,1,20,4,1,2,0,0,1,2,0,1,8,3,0,2,2,1,4,3,0,2,1,3,0,8,0,2,7,1,1,2,0,1,1,0,2,2,0,0,2,2,4,1,0,0,4,1,0,4,3,2,7,1,3,1,0,2,2,0,16,2,1,4,2,0,1,0,5,3,0,2,3,11,3,0,0,3,1
0,2,1,0,0,0,0,3,4,4,2,1,0,0,3,0,2,3,7,1,1,1,0,0,2,0,0,2,0,0,1,0,0,2,2,1,0,2,1,2,2,0,1,1,1,34,3,0,3,0,8,0,0,0,1,0,18,1,0,0,3,3,1,2,0,0,6,0,1,0,2,4,0,0,5,0,2,2,1,2,0,0,0,3,0,0,0,1,8,2,1,0,0,0,0,0,0,3,0,0,0,0,0,0,0,1,5,0,0,0,1,2,0,1,0,0,1,0,0,0,0,0,0,0,1,0,2,0,1,4,1,0,0,0,1,0,4,7,2,0,1,1,0,0,1,0,0,1,1,0,0,0,3,1,0,5,4,0,0,18,0,4,1,4,1,0,2,0,0,1,1,0,1,1,0,0,1,0,1,3,0,0,0,0,7,0,4,0,0,8,10,0,3,5,1,3,5,0,0,0,2,0,6,2,1,1,0,0,5,0,0,1,0,1,0,0,0,0,0,0,0,0,0,0,0,1,2,1,1,5,0,4,2,0,5,43,0,0,3,5,6,1,1,6,1,3,4,0,3,0,6,2,0,3,0,1
0,1,2,0,0,0,0,1,4,6,1,1,0,0,4,0,0,0,7,7,1,1,1,0,1,0,0,1,1,0,0,0,0,0,5,1,2,0,0,0,2,0,0,0,3,45,3,0,4,0,5,0,0,0,2,1,29,0,2,2,5,2,2,2,0,0,0,0,1,0,2,0,0,1,3,0,0,6,2,5,0,0,0,0,0,0,0,0,2,4,0,0,5,0,0,7,0,4,0,4,0,0,0,1,0,0,4,0,0,1,0,1,2,8,1,0,2,0,0,0,0,0,0,4,0,0,0,0,1,3,0,0,0,0,0,0,0,0,2,0,0,0,0,0,0,1,1,0,0,2,0,2,0,0,1,3,0,0,0,11,0,0,0,3,1,0,3,0,0,0,1,0,5,2,0,0,1,0,1,0,0,0,1,0,5,0,2,0,0,11,10,3,4,5,0,3,1,0,0,2,1,0,7,0,0,0,1,0,4,0,0,3,0,1,10,0,1,0,0,0,0,0,0,0,3,1,1,3,4,0,0,0,5,0,0,47,0,0,0,2,5,1,6,13,0,3,0,0,1,4,8,0,0,0,0,3
0,1,2,1,0,0,0,0,0,1,8,6,0,0,1,0,11,9,8,0,0,1,1,1,3,0,0,2,3,1,0,2,0,0,1,0,0,0,6,1,0,0,3,0,6,2,1,0,1,3,0,0,0,0,0,0,1,0,0,2,5,0,4,1,9,1,0,0,2,0,2,0,0,0,6,0,0,0,5,0,1,4,4,0,6,0,1,0,0,0,4,0,6,0,4,0,7,1,0,2,3,2,0,0,0,1,1,1,2,1,0,0,0,1,7,2,2,0,5,0,0,1,11,3,1,0,0,5,1,1,0,0,1,0,1,0,0,1,0,0,0,0,5,0,2,0,2,0,1,2,0,1,3,1,0,0,0,1,0,0,0,0,7,1,4,9,0,1,0,3,4,0,1,0,2,2,1,0,12,36,2,1,0,0,3,0,0,2,1,7,4,3,2,0,2,1,1,0,3,0,1,1,0,0,0,5,0,0,1,0,3,0,0,6,0,2,1,0,4,0,1,1,1,4,0,3,6,0,6,4,0,0,5,0,5,3,0,29,2,0,0,0,0,0,2,0,0,1,0,0,2,17,3,0,0,2
0,0,0,0,0,0,0,1,3,8,2,1,0,0,2,5,2,2,4,2,2,3,0,1,1,3,1,0,0,0,0,0,0,1,12,1,1,0,0,0,3,0,2,0,2,28,2,0,2,0,9,1,0,0,0,0,22,2,0,2,4,3,4,3,0,1,1,0,0,8,2,0,0,0,0,0,1,1,8,1,1,0,0,3,7,0,0,0,1,5,2,0,6,1,0,0,1,2,0,1,0,0,0,0,0,0,3,1,0,5,0,3,0,0,0,0,0,0,0,0,0,0,2,2,0,0,0,0,0,2,4,0,0,0,2,0,2,2,1,0,0,0,0,0,0,0,0,0,1,0,0,0,2,0,1,1,0,0,0,22,0,1,1,1,2,0,0,1,0,2,1,0,3,0,1,7,2,0,0,1,0,0,0,4,5,0,0,0,0,6,15,1,3,5,0,4,3,0,0,1,0,0,9,1,1,0,0,0,5,1,0,1,0,1,4,0,1,1,0,1,0,1,0,1,0,0,0,0,3,1,0,3,4,0,6,37,1,2,3,0,2,0,0,0,0,10,2,0,1,0,1,1,0,0,0,1
0,0,0,0,0,0,0,1,0,2,0,0,0,0,2,0,1,1,3,5,2,2,0,0,1,1,0,0,0,0,0,1,0,2,0,1,0,0,1,1,0,1,2,0,2,21,0,0,2,0,10,0,1,0,0,1,12,1,0,1,4,3,3,2,2,0,0,0,3,0,1,2,0,0,1,0,0,1,0,3,1,0,5,1,0,0,1,0,3,3,2,3,2,0,1,2,0,2,0,0,2,0,0,0,0,0,3,0,3,0,0,0,0,0,0,0,1,0,1,0,0,0,2,0,1,0,3,0,0,0,4,2,1,0,4,5,10,1,1,0,0,0,0,0,2,0,0,6,1,0,0,0,0,1,0,9,8,0,1,16,0,0,1,4,1,0,1,2,0,2,1,0,5,1,2,7,0,0,0,4,0,0,0,3,4,1,0,1,0,8,24,2,3,9,0,4,5,0,0,1,0,0,4,1,1,0,1,0,4,0,1,0,0,2,16,0,0,0,2,2,0,4,0,4,2,0,0,5,1,0,0,1,1,0,2,37,1,0,0,7,1,1,0,0,2,7,0,0,0,0,2,2,0,0,1,1
1,0,1,5,0,0,0,1,2,1,2,1,0,0,8,0,6,5,0,3,1,2,0,1,1,5,2,0,0,2,5,1,0,1,1,1,1,2,1,0,2,2,3,0,4,2,0,0,3,1,1,1,1,0,0,1,2,2,1,1,5,1,3,1,0,0,1,0,3,0,2,1,1,0,1,0,0,5,0,4,3,4,1,0,0,0,1,1,0,0,3,2,2,1,1,0,1,2,0,0,0,2,0,1,0,0,3,0,2,2,0,3,0,0,0,2,0,0,0,0,1,0,8,2,0,0,0,1,1,0,0,0,0,3,1,0,2,2,0,0,0,0,3,2,0,0,1,0,0,1,0,4,0,1,0,2,0,0,0,3,1,1,0,2,4,5,0,0,0,3,5,2,2,0,4,1,0,0,14,35,7,0,2,4,2,0,3,0,0,1,3,2,3,0,0,2,2,1,6,2,3,1,2,0,6,3,0,0,0,1,0,1,0,2,0,2,1,3,1,1,0,1,1,13,1,0,8,0,0,3,1,0,2,2,9,1,2,21,1,1,0,0,0,2,1,1,1,0,4,0,9,15,0,0,0,1
0,0,0,3,0,0,0,0,2,2,1,0,1,6,2,0,13,5,2,1,0,1,2,2,3,1,2,2,0,0,4,2,2,0,3,4,0,0,4,0,0,1,3,0,2,7,4,2,3,1,0,1,2,0,1,0,5,1,0,0,4,0,2,1,1,4,0,0,0,0,4,0,0,0,0,0,0,1,0,1,1,2,1,0,2,1,0,0,1,0,2,1,2,1,2,0,1,2,0,1,1,2,0,0,0,1,4,0,2,0,0,14,0,1,1,0,0,0,1,0,2,2,1,1,0,0,0,2,1,3,0,0,4,2,2,0,0,1,0,0,0,0,1,1,1,0,0,0,2,1,0,0,0,0,0,1,0,0,1,0,1,0,1,2,1,11,2,0,0,3,1,0,3,0,3,1,0,0,6,29,13,0,0,0,1,0,0,0,1,0,1,6,2,1,0,1,0,0,5,1,6,1,6,1,0,3,2,0,1,2,1,2,0,1,0,7,1,2,0,0,0,1,3,6,0,5,8,1,1,6,0,0,2,0,7,3,2,20,1,0,0,1,0,0,2,1,0,2,0,2,9,9,0,0,0,3
0,0,0,0,11,0,0,3,1,5,2,0,2,1,3,0,0,1,3,7,3,3,0,0,3,0,2,1,6,0,3,5,1,0,10,1,2,0,0,0,3,0,1,1,4,31,4,0,3,0,7,0,0,0,2,1,18,0,0,1,4,3,2,2,0,0,0,2,0,1,1,0,2,0,0,0,0,5,0,4,0,0,0,3,0,0,0,0,8,2,1,0,0,0,0,1,0,4,0,1,0,0,0,1,0,0,6,1,2,0,0,0,1,1,0,1,2,0,0,0,1,0,2,2,0,1,4,0,0,0,5,1,0,0,1,2,1,5,2,0,0,0,0,0,0,0,0,0,1,2,1,0,1,0,0,3,3,1,1,0,0,4,0,2,0,0,1,2,0,1,1,0,1,0,0,0,0,0,0,1,0,0,0,0,6,0,0,0,1,8,8,0,3,4,0,0,4,0,0,1,1,0,3,0,0,0,0,1,2,1,0,0,0,0,1,0,0,0,0,0,0,0,0,3,0,1,2,2,5,11,4,1,5,0,0,43,0,1,5,0,7,1,2,7,1,4,3,1,1,7,5,1,1,0,0,3
0,0,0,0,0,2,0,1,2,3,0,1,0,0,2,0,0,1,2,1,0,2,0,0,2,0,2,0,0,0,0,0,0,0,0,0,0,0,0,0,2,0,1,0,2,6,2,1,2,0,2,0,0,0,0,0,5,2,0,1,5,3,4,0,0,0,0,0,0,0,1,0,0,0,0,0,0,0,0,0,0,0,0,0,0,0,1,0,0,0,2,1,1,0,0,0,0,2,0,0,0,0,1,0,0,0,2,0,0,0,0,0,0,0,0,0,0,0,0,0,0,0,1,0,0,0,0,0,0,1,0,0,0,0,2,0,0,0,0,0,0,0,0,0,0,0,1,0,0,0,0,0,0,0,0,0,0,0,0,0,0,0,0,1,0,0,1,2,0,2,1,0,2,0,1,0,0,0,0,0,1,0,1,0,1,0,0,0,0,1,0,2,2,0,0,1,0,0,1,0,1,0,1,0,0,0,0,0,0,2,0,0,0,1,0,0,1,0,0,1,0,0,0,2,0,0,0,0,0,0,0,1,0,0,1,2,0,0,1,0,0,0,0,0,0,0,0,0,0,0,2,1,0,0,0,0
2,0,0,0,0,0,0,0,1,4,0,0,0,0,3,0,0,2,4,0,0,1,0,0,3,0,0,0,1,2,0,0,0,0,2,0,0,0,0,0,1,0,1,0,3,11,1,0,3,0,0,0,0,0,0,0,7,2,0,0,4,0,2,2,2,1,0,0,1,0,2,0,0,0,0,0,0,0,0,1,0,0,0,0,0,0,0,0,0,1,1,0,0,0,0,0,0,3,0,2,0,0,0,0,0,0,3,1,0,0,0,0,0,0,1,0,0,0,0,0,0,0,1,0,0,0,0,0,0,0,0,0,1,0,0,0,1,0,0,0,1,0,0,0,0,0,0,0,1,0,2,0,0,0,0,0,0,0,0,0,0,0,0,5,1,0,2,0,0,1,1,0,1,0,1,0,0,0,0,1,1,1,0,0,2,1,0,0,0,0,0,0,3,1,0,1,0,0,0,0,0,0,1,0,0,0,0,0,0,1,0,0,0,1,0,0,1,0,0,0,2,0,0,1,0,0,0,0,0,1,0,1,0,0,3,4,0,0,0,0,2,1,0,0,0,0,0,0,0,0,2,3,1,0,0,0
0,0,0,0,0,0,0,0,1,2,0,1,1,1,2,0,2,2,1,0,0,0,0,0,1,0,2,0,0,0,0,0,0,0,0,0,0,0,0,0,0,0,3,0,2,6,1,0,2,0,0,0,0,0,0,0,3,0,0,0,6,2,3,4,4,2,0,0,1,0,2,0,0,0,0,0,0,0,0,1,0,0,0,3,0,0,0,0,0,0,2,1,1,0,0,0,1,2,0,0,0,0,0,0,0,0,2,1,0,0,0,0,0,0,0,0,0,2,0,0,0,0,0,0,0,0,0,0,0,0,0,0,1,0,0,0,0,0,0,0,0,0,0,1,1,0,0,0,0,0,1,0,0,0,1,1,0,0,0,0,0,0,0,2,0,0,2,0,0,3,0,0,0,0,1,0,0,0,0,3,0,0,0,0,1,0,0,0,0,0,1,0,2,0,0,0,4,0,0,0,0,0,0,0,0,0,0,0,0,0,0,0,0,0,1,0,0,0,3,0,0,0,0,5,0,0,1,0,0,0,0,2,0,0,2,0,0,0,2,0,0,0,0,0,1,0,0,0,0,0,0,1,1,1,0,2
0,0,0,0,0,0,0,0,0,2,0,0,0,1,2,1,2,2,2,2,0,0,0,0,0,0,0,0,0,0,0,0,0,0,0,1,0,0,0,0,1,0,2,0,2,8,2,1,2,0,0,0,0,0,0,0,5,0,0,0,4,1,1,2,2,0,0,0,2,0,2,0,1,0,1,0,1,0,0,0,0,0,0,0,0,0,0,0,0,0,2,0,2,0,0,0,0,2,0,1,1,0,0,0,0,0,3,0,1,0,0,1,0,0,0,0,0,0,0,0,0,0,0,0,0,1,0,0,0,1,0,0,2,0,0,0,0,0,0,0,0,0,0,0,0,0,0,0,0,0,0,0,1,0,0,0,0,0,0,0,0,0,0,1,1,0,0,0,0,2,0,0,0,0,2,0,0,0,1,5,0,1,0,0,1,0,1,0,0,1,0,1,2,0,1,1,1,0,0,0,1,0,0,1,0,0,0,0,1,1,2,0,0,1,0,0,1,0,2,1,0,0,0,3,2,0,0,0,0,0,0,0,0,0,1,3,0,0,1,0,0,0,0,0,1,1,0,0,0,0,0,1,0,0,0,1
0,0,0,0,0,1,0,2,2,2,0,0,0,0,2,2,4,3,1,0,0,1,0,0,1,0,0,1,0,0,0,1,0,3,2,0,0,0,0,1,0,0,4,0,2,13,0,0,2,0,0,0,0,0,2,0,5,1,0,2,4,1,2,1,0,0,0,2,2,0,4,0,0,0,0,0,2,0,0,0,0,0,0,1,0,0,0,0,0,1,2,2,2,0,1,2,0,2,0,2,0,0,0,0,0,0,2,0,0,0,0,1,0,0,0,0,1,0,0,0,2,0,0,0,0,0,1,1,0,0,0,0,0,0,1,0,0,0,0,0,0,0,0,0,0,0,1,0,0,0,1,0,0,1,0,0,0,0,0,0,0,0,2,0,1,0,0,0,0,2,0,0,1,0,1,0,0,0,1,4,0,0,0,0,0,0,0,2,0,0,1,0,3,1,0,1,1,0,0,0,0,0,0,0,0,0,0,0,0,1,0,2,1,2,0,2,0,0,2,1,1,0,0,0,0,0,0,0,2,1,0,1,0,0,4,4,0,1,2,0,0,1,0,1,1,0,0,1,0,0,2,4,0,1,2,2
0,0,0,0,0,0,0,1,2,3,3,1,0,0,3,2,4,4,1,0,2,0,0,0,3,3,1,0,0,0,0,0,0,0,1,0,0,1,0,0,2,0,2,0,2,9,1,0,2,0,1,0,0,0,0,0,3,0,0,3,4,0,3,2,0,0,0,0,0,0,0,0,0,0,0,0,0,0,0,1,0,0,0,0,0,0,0,0,0,1,2,0,1,0,0,1,0,2,0,2,0,0,0,0,0,0,2,0,0,0,0,2,0,2,0,0,0,0,0,0,0,0,2,0,0,0,0,0,0,0,0,0,0,0,0,0,0,0,0,0,0,0,1,0,0,0,1,0,0,1,0,0,0,0,0,0,0,0,0,0,0,0,0,4,1,2,0,0,0,3,0,0,0,0,2,0,1,0,2,3,0,1,0,0,2,0,0,0,0,2,1,0,2,0,0,1,1,0,0,0,1,0,1,0,0,0,0,0,0,1,0,0,0,1,1,0,0,0,1,1,0,0,0,1,1,0,1,0,0,0,0,0,0,0,1,5,0,0,1,0,0,0,0,4,1,0,0,0,0,0,1,1,0,0,1,1
0,0,0,0,0,0,0,0,2,3,0,0,0,0,3,0,0,1,5,0,0,2,0,0,0,0,0,0,0,0,0,0,0,0,1,0,0,0,0,0,0,0,1,0,1,11,2,0,2,0,0,0,0,0,1,0,8,1,0,0,4,0,1,2,2,0,0,0,0,0,1,0,0,0,0,0,0,1,0,2,0,0,0,0,0,0,0,0,0,0,2,0,1,0,0,0,0,3,0,0,0,0,0,0,0,0,4,0,0,0,0,0,0,0,0,0,0,0,0,0,0,0,0,0,0,0,0,0,0,1,0,0,0,0,0,0,0,0,0,0,0,0,1,0,0,0,0,0,2,0,0,0,0,0,0,1,0,0,0,0,0,0,0,4,2,0,1,1,0,2,1,2,0,0,2,0,0,0,0,3,1,1,1,0,0,0,0,0,0,0,2,2,7,0,0,1,0,0,0,0,0,0,2,0,0,0,2,0,0,1,0,0,0,1,0,0,1,0,0,1,0,1,0,1,0,0,0,0,0,1,0,0,0,0,1,6,0,0,0,0,1,0,0,0,0,0,3,0,0,0,6,1,0,0,0,2
0,0,0,0,0,0,0,0,0,3,0,0,0,0,3,1,0,0,2,2,0,1,0,0,0,0,1,0,0,0,0,0,0,0,1,0,0,0,0,0,0,0,1,0,1,15,3,1,3,0,0,0,0,0,1,0,10,0,0,0,5,1,1,2,4,0,0,0,2,0,2,0,0,0,0,0,0,2,0,1,0,0,0,0,0,0,0,0,2,0,1,0,3,0,0,0,2,3,0,1,0,0,0,0,0,0,3,2,0,0,2,1,0,0,0,0,0,0,0,0,0,0,0,0,1,0,0,0,1,0,0,0,1,0,0,0,0,0,0,0,0,0,0,0,1,0,0,0,2,0,0,2,1,0,0,0,0,0,0,0,0,0,0,2,0,0,2,0,0,1,1,0,0,0,0,0,0,1,0,0,0,0,0,0,0,0,0,0,0,0,0,2,3,0,0,1,0,0,0,2,0,0,1,0,0,0,0,0,0,1,0,0,0,1,0,0,0,0,0,1,0,0,0,1,0,0,0,0,1,2,0,0,0,0,1,8,0,0,0,0,1,2,0,0,0,1,1,0,0,2,5,1,0,0,0,1
1,0,1,0,0,0,0,0,1,1,0,0,0,0,1,0,3,5,3,0,0,0,0,0,0,0,3,0,2,0,0,0,0,0,0,0,0,0,0,0,0,0,2,0,3,5,1,0,2,1,0,0,0,0,1,0,3,1,1,1,4,0,3,0,0,0,0,0,0,0,0,0,0,0,0,0,0,0,0,0,0,0,0,0,0,0,1,2,1,1,3,0,0,0,0,0,0,2,1,0,0,0,1,0,0,0,1,0,0,0,0,0,1,0,0,0,3,0,0,0,0,0,1,0,0,0,0,0,0,0,0,0,2,0,0,0,0,0,1,2,0,0,0,1,1,0,0,0,1,1,0,0,0,0,0,1,1,2,1,0,0,0,0,2,1,0,0,0,0,3,1,0,1,0,2,0,1,0,0,2,0,0,0,0,1,0,0,0,0,0,0,0,2,0,1,1,0,0,0,1,1,0,1,0,0,0,0,0,0,0,0,0,0,1,1,0,1,0,5,2,1,0,0,5,0,0,0,1,0,2,0,0,0,1,4,2,0,0,1,1,1,0,0,0,1,0,0,0,0,0,0,2,0,0,0,2
0,1,0,0,0,0,0,0,1,3,0,0,0,1,2,0,1,0,2,3,0,1,0,0,0,0,1,1,0,1,0,0,0,0,0,0,0,0,0,0,2,0,1,0,1,10,1,0,3,0,0,0,0,0,0,0,7,1,1,0,5,0,2,3,2,1,0,0,0,0,0,0,0,0,0,0,0,0,0,2,0,0,1,0,0,1,1,0,0,1,1,0,2,0,0,1,0,4,0,0,0,0,2,0,0,0,3,1,0,0,0,0,0,1,0,1,0,0,0,0,0,0,1,0,0,0,0,0,1,0,0,0,0,0,1,0,0,2,0,0,0,0,0,4,0,0,0,0,0,0,0,0,1,0,0,0,0,0,0,0,0,1,0,0,1,0,1,1,0,1,0,0,2,1,2,0,1,1,0,3,0,0,0,0,0,0,0,0,0,0,1,1,3,0,0,2,2,0,0,0,1,1,0,0,0,0,0,1,0,0,0,2,0,1,4,1,1,0,1,1,1,0,0,2,0,0,0,0,0,0,0,0,0,0,0,2,0,0,0,1,0,1,0,0,0,0,0,0,0,0,0,1,0,0,0,0
0,1,0,0,0,0,0,0,1,3,0,0,0,0,3,0,1,1,2,0,0,0,1,0,2,0,0,1,0,0,0,0,0,0,0,0,0,0,0,0,0,0,2,0,1,10,1,2,3,0,1,0,0,1,0,1,5,0,0,1,4,0,1,3,0,0,1,0,1,0,0,0,0,0,0,0,0,0,0,0,0,2,0,0,0,0,0,0,0,0,1,0,5,0,0,1,0,3,1,1,0,0,1,0,0,0,4,2,0,0,0,2,0,1,0,0,1,0,0,0,0,0,1,0,1,0,0,0,0,0,0,0,0,0,0,0,0,0,0,0,0,0,0,0,0,0,0,0,0,0,0,0,0,0,0,0,0,0,0,0,0,0,0,3,0,0,0,0,0,1,0,0,1,0,0,0,0,0,0,3,0,0,0,0,0,0,1,0,0,1,0,0,3,0,1,0,0,1,1,0,2,1,1,0,1,0,0,0,0,0,0,2,0,0,0,1,0,0,0,0,0,0,0,1,0,0,1,0,0,0,0,2,0,0,2,3,0,0,1,3,0,0,0,0,1,0,0,2,0,0,1,4,0,0,1,1
0,0,0,0,0,0,0,1,1,3,0,3,0,1,2,0,1,1,1,1,0,1,0,0,0,0,2,0,0,0,1,0,0,0,1,0,0,1,0,0,2,0,1,0,2,11,2,0,3,0,1,0,0,0,1,0,9,1,1,0,5,0,2,1,0,0,0,1,0,0,1,0,0,1,1,0,1,0,0,1,0,0,0,0,0,0,1,0,0,4,2,0,3,2,0,1,2,3,0,0,0,0,1,0,0,0,2,0,0,1,0,0,0,0,0,1,0,0,0,0,0,0,1,0,0,0,0,0,0,0,0,0,0,0,2,0,0,0,0,0,1,1,0,0,0,0,0,0,3,0,0,0,0,0,0,0,0,0,1,0,0,0,0,3,0,0,1,0,0,2,0,0,1,1,0,0,0,0,0,5,0,1,0,0,1,0,0,0,0,0,1,2,4,1,1,1,0,0,0,1,1,1,1,0,1,0,0,0,0,0,0,0,0,1,0,0,0,0,1,0,0,0,0,4,0,0,0,0,0,0,0,1,0,1,0,0,0,0,0,0,0,1,0,1,0,0,0,0,0,1,0,1,0,0,1,0
0,0,0,0,0,0,0,0,1,3,0,5,0,0,3,3,1,2,0,3,0,0,0,0,1,0,1,0,0,0,0,0,0,0,0,0,0,1,0,0,0,0,1,0,1,12,1,0,3,0,0,1,0,2,0,0,7,0,0,0,5,0,0,1,3,0,0,1,0,0,1,0,0,0,0,0,0,0,0,0,0,2,1,0,0,1,0,0,0,2,1,0,4,1,0,2,0,3,0,0,0,1,0,0,0,0,3,0,1,0,0,0,0,0,0,1,1,0,0,0,0,0,2,0,0,1,0,0,0,0,0,0,0,0,0,0,0,0,0,0,0,0,1,0,0,0,0,0,0,0,0,0,0,0,0,0,0,0,0,0,0,0,0,0,0,0,1,0,0,1,1,0,0,0,1,0,0,0,0,3,0,1,0,0,0,0,0,0,0,1,0,2,3,0,2,1,1,0,0,1,0,3,1,0,0,0,1,0,3,0,0,1,0,1,0,3,1,0,1,1,1,0,0,0,0,0,0,0,0,0,0,2,0,0,0,3,0,0,0,0,0,0,0,0,0,0,0,0,0,2,0,1,0,0,1,0
0,0,0,0,2,0,0,0,1,2,0,1,0,0,2,0,0,0,1,2,0,0,0,0,0,1,0,0,0,0,1,0,0,0,1,0,0,0,0,0,1,0,1,0,1,7,0,1,4,0,0,0,0,0,1,1,5,0,0,0,5,0,3,2,0,0,0,0,0,2,1,0,1,0,1,0,0,1,0,1,0,2,0,1,0,0,0,0,0,0,1,1,2,1,0,1,0,2,0,0,0,0,0,0,0,1,2,0,0,0,0,0,0,0,3,0,0,0,0,0,0,0,0,0,2,0,0,0,0,0,0,0,0,0,0,0,0,2,0,0,1,0,1,0,0,0,0,0,0,0,0,0,0,0,0,0,0,0,0,1,0,0,0,0,1,0,2,0,0,1,1,0,0,0,0,0,1,1,0,1,0,0,0,0,0,0,0,0,0,0,0,2,2,1,0,0,0,1,1,0,3,0,2,3,0,0,0,0,0,0,1,0,0,2,2,0,1,1,0,0,2,1,0,0,0,0,1,0,0,2,0,1,0,0,2,1,0,3,2,1,2,0,0,0,0,0,0,2,0,0,0,1,0,0,0,0
0,0,0,0,0,0,1,1,0,4,0,1,0,0,4,0,0,0,0,0,0,1,0,0,0,0,0,0,0,0,0,0,2,1,1,0,0,0,0,0,0,1,0,1,0,14,1,1,4,1,1,0,0,0,0,1,9,0,1,0,3,1,0,2,0,0,0,0,0,0,2,0,0,0,0,0,0,1,0,2,0,1,0,0,0,0,0,0,1,0,0,1,6,0,0,1,0,4,0,0,0,0,0,0,0,0,5,0,1,0,0,0,0,0,0,0,2,0,0,0,0,0,1,0,0,0,0,0,0,0,0,0,0,0,0,0,0,0,0,0,0,0,0,0,0,0,0,0,0,0,0,0,0,0,0,0,0,0,0,0,0,0,1,1,0,0,4,1,0,0,0,0,1,0,0,0,0,1,0,0,0,0,0,0,4,0,0,0,0,1,0,0,4,0,0,0,0,1,0,0,0,0,0,0,0,0,1,1,0,1,0,1,0,0,0,0,3,1,0,0,0,1,0,0,0,0,0,0,1,0,0,0,0,0,0,8,0,0,0,4,0,0,0,0,0,1,0,0,0,0,1,0,0,0,0,0
0,0,0,0,0,0,1,0,1,2,0,1,0,1,3,0,0,2,2,1,3,5,0,0,1,0,0,0,0,0,0,0,0,2,0,0,0,1,0,0,0,0,1,0,1,6,2,0,2,0,1,0,0,1,0,0,4,0,0,1,3,1,1,1,4,1,0,1,1,0,1,1,0,0,0,0,0,1,0,2,0,0,0,1,1,0,0,0,0,0,1,0,1,0,0,0,1,2,0,0,0,0,3,0,0,0,2,1,0,0,0,0,0,0,1,0,0,0,1,0,0,0,1,0,0,0,0,4,0,0,0,0,0,0,0,0,0,0,0,1,0,0,0,0,0,0,0,0,0,0,0,0,0,0,0,0,0,0,0,0,0,0,0,4,1,0,2,0,0,1,3,0,2,0,0,0,0,0,0,2,0,0,0,0,0,0,0,0,0,0,0,0,2,1,0,1,2,0,0,0,3,0,1,0,0,0,0,1,0,1,0,1,0,1,0,0,1,0,1,0,0,0,0,0,0,0,0,0,2,0,0,0,0,0,5,2,0,3,0,0,0,1,0,0,1,1,0,1,1,1,0,0,0,2,0,1
0,0,0,0,0,0,0,0,1,3,0,0,0,0,3,0,0,0,3,0,0,4,0,0,1,0,0,0,0,0,0,0,0,0,1,0,1,0,0,0,0,0,0,0,1,16,3,1,4,0,0,0,0,0,1,0,10,0,0,0,5,0,0,3,0,0,0,0,0,0,2,0,0,0,1,0,0,1,0,3,0,0,0,0,0,0,0,0,0,0,0,0,3,2,0,2,0,4,0,0,0,0,0,0,0,0,4,0,0,0,0,1,0,0,0,0,0,0,0,0,0,0,0,0,0,0,0,0,0,0,0,0,0,0,0,0,0,0,1,0,0,0,0,0,0,0,0,0,0,0,0,0,0,0,0,1,0,0,0,0,0,0,0,3,0,0,1,0,0,0,3,0,0,0,0,0,0,0,0,0,0,0,0,0,1,1,0,0,0,3,0,4,4,0,0,0,0,0,0,0,2,0,0,0,1,0,0,0,0,0,0,1,0,1,1,0,1,0,0,0,0,0,0,0,0,0,1,0,0,1,0,0,0,0,0,5,0,1,0,2,0,1,0,0,0,0,1,0,0,0,3,0,0,0,0,0
0,0,0,0,0,0,0,2,2,4,0,2,0,0,4,0,0,0,1,1,0,2,0,0,0,0,0,0,1,0,0,0,0,0,1,0,0,0,0,0,2,0,1,0,0,16,2,1,4,0,1,0,0,0,0,0,12,0,0,0,4,1,0,3,0,0,0,0,1,0,3,0,0,0,0,0,0,1,0,1,0,0,0,0,0,0,0,0,0,1,1,0,3,0,0,0,1,4,0,1,0,0,0,0,0,1,4,3,0,0,2,1,0,0,0,0,2,0,0,0,0,0,1,0,0,0,0,0,0,0,0,1,1,0,0,0,0,0,0,0,1,0,1,0,0,0,0,0,2,0,1,0,0,0,0,0,1,0,0,0,0,0,0,1,0,0,1,0,0,1,0,0,1,0,0,0,0,0,0,0,0,0,0,0,1,0,0,0,0,1,0,2,4,0,1,0,0,0,0,1,2,0,2,0,0,0,0,0,0,0,0,1,0,1,0,0,1,0,0,0,1,1,0,0,0,0,0,0,0,0,0,2,1,0,0,7,0,1,0,2,2,1,0,2,0,0,0,0,0,0,2,0,0,0,0,3
2,0,0,1,0,0,0,0,0,0,0,0,0,3,1,2,3,3,1,1,1,1,0,0,1,0,1,1,0,0,0,0,0,0,0,0,0,0,0,0,1,1,3,1,3,0,0,0,1,0,0,0,1,1,0,0,3,1,1,0,4,7,7,0,2,0,0,0,0,0,0,0,0,0,0,0,0,0,0,0,2,0,0,1,0,0,0,0,1,0,3,2,0,0,0,1,0,0,0,0,0,0,0,0,0,0,0,1,0,0,0,0,0,1,0,0,0,0,0,0,0,1,0,0,0,0,0,0,0,0,0,0,0,0,0,0,0,0,0,0,0,0,0,0,0,0,0,0,0,0,0,0,1,0,1,0,0,0,0,0,0,0,0,0,1,0,0,1,0,3,0,0,0,0,2,0,0,0,0,7,0,0,0,0,0,0,0,0,0,2,1,2,0,0,1,3,1,2,1,0,0,0,2,0,0,0,2,0,0,0,0,1,0,4,1,1,1,0,0,1,1,0,0,5,0,1,1,0,0,0,0,0,0,0,0,0,0,3,0,0,2,0,0,0,1,0,0,0,0,1,0,2,1,2,0,2
2,0,0,0,0,0,0,1,0,3,0,1,0,0,2,0,1,4,2,1,3,1,0,0,0,0,2,0,0,0,0,0,0,0,2,0,0,0,0,0,1,1,1,0,1,7,1,0,2,0,1,0,0,0,0,0,5,0,1,0,3,2,1,3,0,0,0,0,0,0,1,1,0,0,0,0,0,1,0,1,0,1,0,1,0,0,0,0,0,0,1,0,0,1,2,0,2,2,1,0,0,0,0,0,0,0,2,1,0,0,0,0,0,0,2,0,0,0,0,0,1,0,2,0,0,0,0,0,0,0,0,0,1,0,2,1,1,1,1,0,0,0,1,0,0,0,0,0,1,0,0,0,0,0,0,0,0,0,0,0,0,0,0,1,0,0,0,2,0,1,0,0,0,0,0,0,0,0,0,2,0,1,0,1,0,0,0,0,0,2,2,0,2,2,0,1,1,0,1,1,0,0,2,0,4,0,0,0,1,2,1,1,0,1,0,0,0,1,0,0,0,0,0,1,0,0,0,0,0,0,0,1,1,1,0,1,0,0,0,0,1,0,0,0,1,0,0,0,0,0,0,0,0,1,0,0
0,0,0,1,0,0,0,0,1,2,0,1,0,0,2,1,1,0,1,1,0,1,0,0,0,1,1,1,1,0,0,1,0,0,0,0,0,0,0,1,1,0,2,0,2,6,0,1,3,0,0,0,0,0,0,0,4,1,0,0,5,0,4,3,3,0,0,0,0,0,0,0,1,0,0,0,0,1,0,0,0,0,0,0,0,0,0,0,0,0,2,1,3,1,0,1,1,2,0,0,0,1,0,0,0,0,3,0,1,0,3,0,0,0,0,0,0,0,0,1,0,0,0,0,0,0,0,0,0,0,0,0,1,0,0,0,0,0,0,0,0,0,0,0,0,0,0,0,1,0,0,0,1,0,0,1,0,0,0,0,0,0,0,1,1,0,0,0,0,2,0,0,0,0,0,0,0,0,0,4,0,0,0,0,1,0,0,0,0,1,0,0,2,0,0,1,1,0,0,2,1,0,0,0,3,0,0,1,0,0,1,0,0,1,3,0,0,0,0,0,0,0,0,3,0,0,0,0,1,0,1,0,0,0,2,1,1,0,1,0,0,0,0,0,1,0,0,0,0,0,0,2,0,0,0,2
0,0,0,0,0,0,0,2,2,4,1,1,0,0,4,1,0,0,4,0,0,2,0,0,2,0,0,0,0,0,0,0,2,1,1,0,0,0,0,0,1,0,0,0,1,16,1,0,4,0,0,1,0,0,1,0,10,0,0,0,6,0,0,2,0,0,0,0,1,0,2,0,0,0,0,0,0,1,0,1,0,0,0,0,0,0,0,0,0,3,0,0,3,0,0,0,0,4,0,1,0,0,1,0,0,0,4,0,0,0,0,0,0,0,0,0,1,0,0,0,0,0,1,0,0,0,0,0,2,0,0,0,1,0,0,0,0,0,0,0,0,0,0,0,1,0,0,0,1,0,1,0,0,0,0,0,0,0,0,0,0,0,0,7,0,0,0,0,0,0,0,0,0,0,0,0,0,0,0,0,0,1,0,0,3,1,0,0,0,1,0,0,4,0,0,0,0,0,0,0,2,0,1,0,0,0,1,0,0,2,0,1,0,0,0,0,3,0,0,0,1,0,0,0,0,1,0,1,1,0,0,0,0,0,0,5,0,1,2,0,3,0,0,0,0,0,0,0,0,0,3,0,0,0,0,0
0,0,0,0,0,0,0,2,0,4,1,2,0,1,1,0,2,3,1,1,0,2,0,0,1,0,1,0,0,0,0,0,0,1,1,0,0,1,0,0,2,0,1,0,2,8,0,1,3,3,3,0,0,0,0,0,6,1,0,1,5,2,2,2,0,0,0,0,0,0,0,0,0,0,0,0,0,1,0,0,0,0,0,1,0,0,1,0,0,1,2,0,4,0,1,0,0,2,0,1,1,0,1,0,0,0,3,0,0,0,0,0,1,0,0,0,0,0,0,0,0,0,3,0,0,0,1,0,1,0,0,0,0,0,4,0,0,0,0,0,0,0,0,0,0,0,2,0,2,0,0,0,0,0,0,0,0,0,0,0,0,0,0,0,3,2,1,2,1,3,0,0,1,0,1,0,0,0,2,6,0,0,0,0,0,0,0,0,0,1,0,0,2,0,0,1,0,1,0,0,2,0,0,0,0,0,0,0,1,1,0,1,0,1,0,0,1,0,2,0,0,0,0,4,0,0,0,0,1,0,0,0,0,0,3,2,0,3,1,0,0,0,0,0,1,2,0,0,0,0,1,5,0,0,0,1
0,0,1,0,0,0,0,3,1,2,0,0,0,0,1,1,2,1,0,0,0,2,0,1,1,2,1,0,0,0,0,0,0,0,0,0,0,0,0,0,0,0,3,0,3,5,0,0,2,3,1,2,0,0,0,0,4,0,0,1,4,1,2,1,0,0,0,0,0,0,1,0,0,0,0,0,0,0,0,0,0,0,0,0,0,0,0,0,0,2,3,0,1,0,0,0,0,1,0,0,1,0,1,0,0,0,1,0,0,1,0,0,1,0,0,0,1,0,0,0,0,0,0,0,0,0,0,0,0,1,0,0,3,0,1,1,0,0,0,1,0,0,0,1,0,0,2,0,0,0,0,0,0,0,0,0,1,0,0,0,0,2,0,0,2,2,0,1,0,3,0,0,0,1,3,0,0,0,1,6,0,0,0,0,0,0,0,0,0,1,0,1,2,0,1,5,1,1,0,2,1,0,2,0,0,0,1,1,1,0,0,1,0,4,1,0,0,0,3,2,0,1,0,5,0,0,0,1,0,1,0,0,0,1,2,1,0,0,0,0,1,0,0,0,0,1,0,0,0,0,0,2,0,0,0,0
0,1,0,0,0,0,0,0,0,2,1,0,0,2,2,1,1,1,3,0,0,0,0,0,0,0,1,0,0,0,0,0,0,0,3,0,0,0,0,0,1,0,0,0,2,12,2,0,4,0,1,0,0,0,0,0,8,1,0,0,7,0,3,1,1,1,0,0,0,0,1,0,0,0,0,0,0,0,0,1,0,0,0,1,0,2,0,0,0,0,1,2,5,0,0,0,0,3,0,0,0,0,0,0,0,0,3,1,1,0,0,0,0,0,0,0,0,0,0,0,1,0,0,0,0,0,0,0,0,0,0,1,2,0,0,0,0,0,0,0,0,1,0,0,0,0,0,0,2,1,0,0,0,0,0,0,0,0,0,0,0,0,0,1,0,1,2,0,0,2,0,0,1,0,0,0,0,0,0,6,0,0,0,0,0,1,0,0,0,1,1,3,3,0,1,1,2,0,0,0,2,0,3,0,0,0,0,0,0,2,0,3,0,1,0,2,2,0,0,0,1,0,0,3,0,0,0,0,0,0,0,1,0,0,0,2,1,0,0,0,0,0,0,2,0,0,0,0,0,0,1,0,0,0,0,1
0,0,0,0,0,0,0,0,2,4,0,2,0,0,4,2,0,1,2,1,0,2,0,0,1,1,0,0,0,0,1,0,0,0,4,0,0,0,0,0,3,0,0,0,0,17,1,0,4,0,0,0,0,0,0,1,11,0,0,0,5,0,0,3,0,0,0,0,0,0,2,0,0,0,0,0,0,0,0,1,0,0,0,0,0,0,0,0,0,1,0,1,5,0,0,0,1,4,0,0,0,0,1,0,0,0,5,1,0,0,0,0,0,0,0,0,0,0,0,0,0,0,1,0,0,0,0,0,3,0,0,0,2,0,1,0,0,0,1,0,0,0,2,0,0,0,0,0,2,0,0,0,0,0,1,0,0,0,0,0,0,0,0,2,0,0,2,0,0,0,0,0,0,0,0,0,1,0,0,0,1,0,0,0,2,0,0,0,0,0,0,5,4,1,0,0,0,1,0,0,3,0,1,1,0,0,0,1,0,0,0,0,0,1,2,0,0,0,0,0,0,0,0,1,0,0,0,0,0,5,0,0,0,0,1,9,0,0,0,0,1,1,0,0,0,0,0,0,0,0,5,0,0,0,2,0
0,0,0,0,0,0,0,2,1,4,0,3,0,0,4,1,0,0,2,0,0,0,0,0,0,0,0,0,0,0,0,0,0,1,2,0,0,0,0,0,0,0,0,0,1,19,3,0,4,0,0,1,0,0,0,0,11,1,1,1,6,0,0,4,0,0,0,1,1,0,1,0,0,0,1,1,0,2,0,0,0,0,0,0,0,0,0,0,0,1,0,0,3,2,0,1,1,5,1,2,0,0,0,0,0,0,4,2,0,1,0,2,0,0,0,0,1,0,0,0,0,0,0,0,0,0,0,0,0,0,0,1,0,0,0,1,0,0,2,0,0,0,3,0,2,0,0,0,1,1,0,0,1,0,0,0,0,0,0,0,0,0,0,5,0,0,4,0,0,0,3,0,3,0,0,0,0,0,1,5,1,1,0,0,1,0,0,0,0,0,0,1,4,1,1,0,0,0,0,0,1,0,1,0,0,0,0,0,0,1,0,0,0,1,1,0,0,0,0,0,0,0,0,0,1,0,2,0,0,0,0,1,0,0,1,8,0,0,0,0,2,0,0,1,0,0,1,0,0,0,2,0,0,0,2,2
1,0,0,0,0,0,0,1,0,2,0,1,0,0,2,1,1,1,2,1,0,1,0,0,1,1,2,0,0,1,0,0,0,1,0,0,1,0,1,0,0,0,1,0,3,7,0,0,3,0,0,0,1,0,0,0,4,0,0,0,6,0,2,1,0,0,1,0,0,0,0,0,0,0,1,0,0,1,0,2,0,0,0,0,0,0,1,0,0,0,2,0,3,0,0,0,0,2,0,0,0,0,0,0,0,0,2,0,0,0,0,0,0,0,0,0,0,0,0,0,0,0,0,0,0,1,0,0,0,0,0,0,0,0,0,1,0,1,0,0,0,0,1,0,1,0,0,0,2,0,0,1,0,0,0,0,0,0,0,1,0,0,0,3,0,2,3,0,0,2,0,0,1,0,0,0,0,0,0,1,0,0,0,0,1,0,0,0,0,1,1,0,3,0,1,2,1,0,0,0,0,0,0,0,0,0,0,0,0,0,0,0,0,2,0,0,0,0,1,1,1,0,0,2,2,0,0,1,0,0,0,0,0,0,1,3,1,0,0,0,0,0,0,0,0,0,0,0,0,0,0,1,0,0,0,0
0,0,0,0,0,0,0,1,1,3,0,1,0,0,3,0,2,2,2,2,0,0,0,0,1,0,0,0,0,0,0,0,1,0,2,0,0,0,0,0,2,0,1,0,1,12,1,1,3,0,1,0,0,0,0,0,6,0,0,0,4,2,1,4,0,2,0,1,0,0,0,0,0,0,2,0,0,0,0,0,0,0,0,0,0,0,0,0,0,0,1,0,3,0,0,0,1,3,0,0,0,0,0,0,0,0,4,0,0,1,0,0,1,0,0,0,0,0,0,0,0,0,0,0,0,0,0,0,0,0,0,0,0,0,0,1,0,0,0,0,0,0,0,0,0,0,0,0,0,0,0,0,2,0,0,0,0,0,0,0,0,0,0,4,0,0,1,1,0,1,1,2,1,0,1,0,0,0,0,2,0,0,1,0,1,0,0,0,0,3,0,5,3,0,0,0,3,1,0,0,1,0,1,0,0,0,0,0,0,0,0,1,1,0,0,0,0,0,2,0,0,0,0,3,0,0,0,0,0,0,0,1,0,0,2,6,0,1,1,4,1,0,0,1,1,0,0,0,0,0,1,1,0,0,1,1
0,0,0,0,0,0,0,1,0,1,2,0,0,0,1,0,2,6,1,0,3,0,0,0,0,2,3,1,2,0,0,1,0,0,2,0,0,0,0,0,1,0,3,0,4,4,0,0,1,1,0,1,0,0,0,0,2,0,0,3,5,0,4,1,1,0,1,0,0,0,0,0,0,0,0,0,0,0,0,0,0,0,0,0,1,0,1,0,1,0,3,0,3,1,0,0,0,1,1,0,0,0,0,0,0,5,2,2,0,0,0,0,1,0,0,0,0,0,0,0,1,1,2,0,2,0,0,1,0,3,0,0,0,0,1,0,0,0,0,1,0,0,1,3,1,0,0,0,1,0,0,0,1,0,0,0,0,0,0,0,0,0,0,1,3,0,0,0,0,3,1,0,0,0,2,0,0,0,1,6,0,0,0,0,0,0,0,0,0,0,0,1,1,0,2,2,0,0,0,0,0,0,1,0,0,0,0,0,0,1,1,0,0,2,0,0,0,0,4,1,0,0,0,0,0,0,0,0,0,0,0,1,0,1,4,2,0,0,1,1,2,1,0,0,1,0,0,0,0,0,0,2,1,0,0,1
0,0,0,0,0,0,0,2,1,5,0,1,0,0,3,1,1,0,0,0,0,2,0,0,0,1,1,0,0,0,0,0,0,1,0,0,0,0,0,0,1,0,1,0,1,12,2,0,3,0,2,0,0,0,1,0,8,0,0,0,4,2,0,3,1,0,1,0,0,0,0,0,0,0,0,0,0,0,0,0,0,1,0,0,3,0,0,0,0,1,1,3,4,1,0,0,0,3,1,0,1,0,0,0,0,0,4,1,0,1,1,1,0,0,0,0,0,0,0,0,0,0,0,0,0,0,0,0,0,0,0,0,1,0,2,0,0,0,0,0,0,0,0,0,0,0,0,0,1,0,0,0,0,0,0,0,0,0,0,0,0,0,0,1,1,0,1,2,0,1,1,0,1,0,0,0,0,1,1,1,1,0,0,0,3,0,0,0,0,2,1,0,3,0,0,1,1,1,0,0,1,2,2,0,0,0,1,1,0,1,0,1,0,1,1,0,1,0,2,1,1,0,1,1,0,0,0,0,0,0,0,1,0,0,0,6,0,0,2,0,0,0,0,0,0,0,0,0,0,0,1,0,0,0,0,0
0,0,0,0,0,0,1,1,2,4,0,0,0,0,3,0,0,1,2,1,0,3,0,0,1,0,0,0,0,0,0,0,0,0,1,0,0,0,0,0,2,0,2,0,1,10,1,0,2,0,2,0,0,0,0,0,7,2,0,0,2,1,2,1,1,0,0,0,0,0,3,0,0,1,0,0,0,0,0,2,0,0,0,0,1,0,0,0,0,1,1,0,3,0,0,0,0,3,0,1,0,0,0,0,0,0,4,1,0,0,0,0,0,0,0,0,0,0,0,0,0,0,0,0,0,0,0,1,0,0,0,0,0,0,1,0,0,0,0,0,0,0,0,0,0,0,0,0,1,0,0,0,0,0,0,0,0,0,1,0,0,0,0,3,0,1,0,2,0,1,0,0,0,0,0,0,0,0,0,0,1,0,1,0,0,0,0,0,0,1,0,2,3,0,0,1,0,0,0,0,0,0,0,0,0,0,0,0,0,2,0,0,0,1,0,0,0,0,0,1,0,0,0,0,0,0,1,0,0,2,0,0,0,1,2,6,0,0,0,0,0,0,0,1,0,1,1,0,0,1,1,1,0,0,0,1
0,0,0,0,0,0,0,0,0,3,0,0,0,0,4,1,1,0,2,0,0,0,0,1,0,0,0,0,0,0,0,0,1,0,1,0,0,0,0,0,3,0,1,0,1,10,4,0,3,0,0,0,0,0,1,0,6,1,0,0,6,0,2,0,0,0,0,0,0,0,1,0,0,0,0,0,1,1,0,0,0,0,0,0,0,0,0,0,0,1,1,0,0,0,0,0,0,3,0,0,0,0,0,0,0,0,3,0,0,0,0,0,0,0,0,0,0,0,0,0,0,0,0,0,2,0,0,0,1,0,0,0,1,0,0,0,0,0,2,0,0,1,1,0,1,0,0,0,1,0,1,0,0,0,0,0,0,0,0,0,0,0,0,3,2,2,0,0,0,1,0,0,2,0,1,0,0,0,0,4,0,0,0,0,2,0,0,0,0,1,0,0,4,0,0,1,0,0,0,2,1,0,0,0,3,0,0,1,1,1,0,2,0,1,1,0,0,0,0,1,0,0,0,2,0,1,0,0,0,0,0,0,0,0,0,3,0,1,0,0,0,1,0,0,0,0,0,0,0,0,0,1,0,0,0,0
0,0,0,0,1,1,0,0,0,2,0,0,0,0,2,0,0,3,1,1,0,2,0,0,0,0,1,1,0,0,0,0,0,0,0,0,0,0,0,0,0,0,2,0,2,8,1,1,2,0,1,0,0,1,0,0,5,1,0,0,8,0,2,1,0,1,0,1,0,0,2,0,0,1,1,0,0,0,0,0,0,0,0,1,0,2,1,0,0,0,2,1,4,0,0,0,1,2,0,1,0,0,0,1,0,2,2,0,0,1,0,0,0,0,0,0,1,1,0,0,0,0,1,0,0,0,0,0,0,1,0,0,0,0,0,0,0,0,0,0,1,0,0,0,1,0,0,0,0,0,1,0,0,0,0,0,2,0,0,0,0,1,0,2,1,0,2,0,0,2,0,0,0,0,1,0,1,0,0,3,0,0,0,0,1,0,1,0,0,0,0,0,2,0,1,0,1,0,1,0,1,0,0,0,0,0,0,0,0,0,1,0,0,1,1,0,1,0,0,0,1,0,0,2,0,0,0,0,0,1,0,0,0,0,2,2,0,0,2,0,0,1,0,0,1,0,0,0,0,0,1,1,0,0,1,2
1,0,0,0,2,0,0,0,1,2,0,0,0,0,2,0,3,1,1,0,0,0,0,0,2,0,1,0,0,0,0,0,0,0,0,0,0,0,0,0,1,0,2,0,2,8,0,0,1,0,0,0,0,0,0,0,7,1,0,1,4,1,3,1,1,1,0,0,2,0,0,0,0,0,0,0,0,0,0,0,0,1,0,1,0,0,0,2,0,2,2,0,0,3,0,0,0,2,0,0,0,0,0,0,0,0,2,0,0,1,0,3,0,0,0,0,0,0,0,0,1,0,0,0,1,0,0,0,1,1,0,0,0,0,0,0,0,0,0,0,0,0,0,0,0,0,0,0,0,0,0,0,0,0,0,0,0,0,0,0,0,0,0,1,1,0,1,1,0,2,1,0,2,0,0,0,1,0,0,7,2,4,1,0,0,0,0,0,0,1,0,7,2,0,0,1,0,0,0,2,0,0,1,0,0,0,0,0,0,1,0,0,1,3,1,1,0,0,1,0,1,3,0,4,0,1,0,0,1,2,0,0,0,0,0,7,0,1,1,0,1,2,0,0,1,0,0,0,0,3,0,0,0,2,0,1
2,1,2,1,1,0,0,0,2,2,0,1,0,0,2,0,3,1,1,4,0,0,2,0,1,0,2,0,1,0,1,1,0,1,0,0,0,0,0,0,3,0,2,0,2,6,1,1,2,0,0,0,0,0,0,0,4,1,0,0,4,0,3,3,2,0,0,0,0,0,2,1,0,0,0,0,1,0,0,0,0,0,0,0,1,0,3,0,0,1,2,0,0,3,0,0,0,3,0,0,1,0,0,0,0,0,2,0,0,0,0,0,0,0,0,0,1,0,0,0,0,0,0,0,0,0,0,0,0,0,0,0,0,0,0,0,0,0,0,4,0,2,1,0,2,0,0,0,1,1,0,0,0,0,0,1,0,0,0,0,0,0,0,0,0,0,0,0,0,2,0,0,0,0,0,0,0,0,0,2,0,0,0,0,2,0,0,0,0,1,0,1,3,0,0,1,1,0,0,0,2,0,0,0,0,0,1,0,0,0,0,2,1,1,0,0,2,1,6,1,0,0,1,8,0,0,0,1,0,2,0,0,0,1,2,2,0,0,1,0,2,0,0,0,0,0,0,1,0,0,0,1,0,0,0,1
0,0,0,0,1,0,0,0,0,2,0,0,1,0,2,1,0,0,2,0,0,0,0,1,2,0,0,0,0,2,0,0,0,0,0,0,0,0,0,0,2,0,1,0,1,7,0,0,2,0,0,1,0,0,0,0,5,0,0,3,3,0,2,0,1,0,3,0,2,0,0,0,1,0,0,2,2,0,0,0,1,0,0,1,0,0,0,0,0,0,1,0,4,0,0,1,1,2,0,0,0,0,0,0,0,0,2,0,0,0,0,0,0,0,0,0,0,0,0,0,1,0,0,0,0,0,0,0,0,1,0,0,0,0,1,0,0,0,0,0,1,1,0,0,0,1,2,0,1,0,0,0,0,0,0,0,0,0,0,0,0,1,1,1,2,0,1,0,0,1,2,0,3,0,1,0,0,1,1,2,3,0,0,0,1,0,0,0,0,0,1,2,2,0,0,1,0,0,0,0,0,0,0,1,0,0,0,1,2,0,1,1,0,1,0,0,0,0,1,1,0,0,0,0,1,0,0,1,2,0,0,1,0,0,3,4,0,0,1,1,0,1,0,0,0,0,0,0,0,0,0,2,0,0,1,0
0,0,0,0,0,0,0,0,2,5,0,0,0,0,4,1,1,0,5,0,0,3,0,0,2,0,0,0,1,0,2,0,1,0,0,0,0,0,0,0,0,0,0,0,0,12,0,0,4,0,0,0,0,0,1,0,8,0,0,1,4,0,0,2,0,0,0,0,1,0,1,0,0,1,0,0,0,0,0,0,0,0,0,0,0,0,0,0,0,1,0,0,1,0,0,0,0,4,0,0,0,0,0,0,0,0,4,1,0,0,0,0,0,0,0,0,0,0,0,0,0,0,0,0,0,0,0,0,0,0,0,0,0,0,0,0,0,0,0,0,0,0,1,0,0,0,0,0,2,1,0,0,1,0,0,0,0,0,0,0,0,0,0,4,0,0,3,0,0,0,0,1,0,1,0,0,0,0,0,0,0,0,0,0,1,0,0,0,0,0,0,0,5,1,0,0,0,0,0,0,0,0,0,0,0,0,0,0,0,2,0,1,0,0,0,0,1,0,0,0,0,0,0,0,0,0,0,0,0,0,0,1,0,0,0,3,0,0,0,0,0,0,0,1,0,0,0,0,0,0,1,0,0,0,0,0
0,0,0,0,0,1,0,1,1,3,0,0,0,0,2,0,0,0,3,0,0,1,0,0,0,0,0,0,0,2,0,0,0,0,0,0,0,0,0,0,0,0,2,0,4,7,1,0,2,1,1,0,0,0,1,0,5,1,0,0,4,2,3,2,1,1,1,0,0,0,0,0,0,0,1,0,2,0,0,1,0,0,2,0,1,0,0,0,0,1,2,1,2,1,0,0,0,2,0,0,0,0,0,0,0,1,4,0,0,0,0,0,0,0,0,0,0,0,1,0,0,0,0,0,0,0,0,0,0,0,0,0,2,0,1,0,0,0,0,0,0,0,0,0,0,0,0,1,0,0,1,0,0,0,0,0,0,0,0,0,0,0,0,2,2,0,1,1,0,2,0,0,2,0,3,0,0,0,2,1,1,0,0,0,2,0,0,0,0,1,0,2,2,0,0,1,0,2,0,0,0,0,0,0,0,0,0,0,0,0,0,2,0,1,0,0,1,0,1,1,0,0,0,1,0,0,0,0,0,1,0,1,0,0,2,2,0,0,1,0,2,0,0,0,1,0,0,0,0,0,1,0,1,0,0,2
0,1,0,0,0,0,0,1,0,0,0,0,0,0,1,0,1,1,1,0,1,0,0,0,0,1,0,0,0,0,1,0,0,0,0,1,0,0,0,0,0,2,4,0,4,0,0,0,0,0,0,0,0,0,0,0,0,0,0,0,4,1,5,0,0,0,0,0,0,0,2,0,0,0,0,0,1,0,0,0,0,0,0,1,0,0,0,0,0,0,4,0,0,1,0,0,0,0,0,0,0,0,0,0,0,0,0,0,1,0,0,1,0,0,0,0,0,0,0,0,1,0,0,0,1,1,0,0,0,0,0,0,0,0,0,0,0,0,0,0,0,0,0,0,0,0,0,0,0,0,0,0,0,0,0,0,0,0,0,0,2,0,0,0,4,0,0,0,0,4,0,0,0,0,3,0,0,0,0,5,1,3,0,0,0,0,0,2,0,0,0,3,0,0,0,3,0,0,0,0,1,0,0,0,0,0,0,0,0,0,0,0,0,3,2,1,0,0,0,2,1,0,0,4,0,0,0,0,0,1,0,2,0,0,6,1,0,0,1,0,0,0,0,0,1,0,0,0,0,0,0,3,0,0,0,1
0,0,4,0,0,0,0,0,1,1,2,0,0,0,3,0,0,5,6,0,1,0,0,0,2,0,0,0,4,0,0,0,0,3,0,0,0,0,0,0,0,0,3,0,3,3,0,0,1,0,0,0,0,0,0,0,2,0,0,2,4,0,4,2,0,0,0,0,0,0,0,0,0,0,0,0,0,0,0,0,0,0,0,0,0,0,0,0,0,0,3,0,0,0,0,0,0,1,0,2,0,0,0,0,0,0,1,0,0,0,0,0,0,0,0,0,0,0,0,0,0,0,0,0,0,4,0,0,0,0,0,0,0,0,0,0,0,0,0,0,0,0,0,0,0,0,0,0,0,0,0,0,0,0,0,0,0,0,0,0,4,0,0,0,2,1,1,0,2,3,1,0,0,0,0,0,0,0,0,11,0,0,0,0,0,0,5,0,0,3,0,0,2,0,1,1,1,0,1,3,1,0,1,0,0,0,0,0,0,0,0,6,2,0,1,0,0,0,0,0,0,0,0,0,0,0,0,0,0,0,0,4,0,0,6,0,0,0,3,0,0,1,1,0,3,0,2,0,0,0,0,9,0,0,0,3
1,0,0,0,0,0,0,0,2,3,0,0,0,0,3,1,0,0,2,1,0,0,0,0,2,0,1,0,0,2,0,0,0,0,2,0,0,1,0,0,1,0,0,0,1,16,1,0,4,0,1,1,3,0,0,1,10,0,1,1,5,0,2,3,0,0,0,1,1,0,0,0,0,0,0,1,0,1,0,0,1,0,0,1,2,0,0,0,0,0,0,0,4,0,0,0,2,4,0,0,0,0,0,0,0,0,4,0,0,0,0,1,0,0,0,0,1,0,0,0,0,0,1,0,0,1,0,0,1,0,0,1,0,0,1,0,0,0,0,0,0,0,0,0,0,0,0,0,0,0,1,0,0,1,0,0,0,1,1,0,0,0,0,5,0,0,1,0,0,1,2,0,2,0,0,1,0,0,0,3,1,1,0,0,0,0,0,0,0,1,0,0,4,0,1,0,0,0,0,0,1,0,0,0,0,0,0,1,0,2,0,0,0,0,0,0,4,0,0,0,0,0,0,1,0,0,0,0,0,0,0,0,0,1,0,5,0,0,0,0,0,0,0,0,0,1,0,0,0,0,0,0,0,0,0,0
0,0,0,0,0,0,0,0,1,2,0,0,0,0,2,0,0,0,3,1,0,0,0,0,1,0,4,0,0,0,0,0,0,0,2,0,0,0,0,0,0,0,5,0,4,8,1,0,2,0,0,0,0,1,0,0,4,2,2,0,3,1,5,2,1,1,0,0,2,0,2,0,0,0,0,0,1,0,0,0,0,0,0,0,0,0,0,0,0,1,2,0,3,0,0,1,0,2,0,2,0,2,0,0,0,0,4,0,0,1,3,1,0,1,0,0,1,0,1,0,0,0,0,0,0,0,0,0,0,0,0,0,1,0,0,0,0,0,0,1,0,0,0,0,1,0,0,0,0,0,0,0,0,1,0,0,0,0,0,0,0,0,0,4,0,1,1,0,0,2,0,0,2,0,0,0,1,0,0,0,0,0,0,0,0,0,0,0,0,0,0,3,3,0,0,1,0,0,0,0,1,0,2,0,1,0,0,1,0,0,0,1,0,4,0,1,0,0,1,1,1,0,2,5,0,0,0,1,0,2,0,0,0,0,1,2,0,0,2,0,0,0,1,0,1,0,0,0,0,0,1,1,0,0,0,1
1,0,0,0,0,0,0,0,0,2,0,0,0,0,2,0,0,2,1,0,0,0,1,0,0,0,3,0,0,0,0,0,0,1,0,0,0,0,0,0,0,1,2,0,2,7,2,0,3,0,0,0,0,1,0,0,4,2,0,0,4,0,3,3,3,0,0,0,2,0,1,0,0,0,0,0,0,0,0,0,0,0,0,0,0,1,1,0,2,0,2,0,2,0,0,1,0,2,0,0,0,0,0,0,0,0,2,1,0,0,2,0,0,0,0,0,1,0,0,0,0,0,0,0,0,0,0,0,0,0,0,0,0,0,0,0,0,0,0,0,0,0,0,0,0,0,0,0,0,0,0,0,0,0,0,0,0,0,0,0,1,0,0,0,2,0,1,0,0,3,1,0,0,0,3,0,1,0,0,4,0,0,0,0,0,0,1,1,0,0,0,3,2,0,0,1,0,0,0,0,0,1,0,0,0,0,0,0,0,0,1,0,1,1,1,0,0,0,1,1,0,0,0,4,0,0,0,0,2,2,0,0,0,0,2,3,0,1,1,0,0,1,0,0,1,0,0,0,0,0,0,1,0,0,0,1
2,0,0,0,0,1,0,0,2,2,0,1,0,0,3,0,3,4,4,1,0,1,0,0,0,0,1,0,3,0,1,0,0,0,0,0,0,0,0,1,3,0,1,0,1,6,2,0,2,1,2,0,0,0,0,0,4,0,0,0,3,0,1,1,3,0,1,0,1,1,1,0,0,0,0,0,0,0,0,0,1,0,0,0,0,0,0,0,0,0,1,1,1,0,0,1,0,2,0,0,1,0,0,0,0,0,2,0,0,0,0,0,1,0,0,0,1,0,0,1,1,0,0,0,0,0,1,0,2,0,1,0,0,0,0,0,0,0,2,2,0,0,0,0,2,1,0,0,1,0,0,0,0,1,0,0,0,0,0,0,0,0,0,0,0,0,0,0,0,1,0,0,1,0,1,0,0,0,0,7,0,0,0,0,1,0,0,0,0,0,0,0,2,0,0,1,2,0,0,0,1,0,1,0,0,0,0,0,0,0,0,1,0,1,0,1,0,0,4,4,0,0,0,5,2,0,1,0,0,0,0,2,0,1,4,0,0,0,0,0,0,0,1,1,0,2,0,0,0,0,0,5,0,0,0,0
0,0,0,1,0,0,0,0,2,2,2,0,0,0,2,0,4,1,0,2,0,0,0,0,2,0,0,1,0,0,0,0,0,0,0,0,0,0,0,0,2,0,1,0,2,7,0,0,3,0,0,0,0,0,2,0,4,0,0,0,7,0,1,1,3,0,0,0,0,2,0,0,0,0,0,0,0,0,0,0,0,0,0,0,1,0,0,0,0,0,2,0,0,0,0,1,0,3,0,0,0,0,1,0,1,0,2,0,0,0,0,0,0,0,0,1,0,0,0,0,1,0,0,0,0,0,0,0,0,0,0,0,0,0,0,0,0,0,0,0,0,0,0,0,0,1,1,0,0,0,0,0,0,0,0,0,0,0,0,0,0,0,0,0,2,0,2,0,0,3,0,0,1,0,1,0,0,0,0,2,0,2,0,0,1,0,0,1,0,0,0,0,4,0,0,1,0,0,0,2,1,0,0,0,0,0,0,0,0,2,1,0,0,1,1,2,0,2,1,1,2,0,0,0,0,0,0,0,2,1,0,0,0,0,0,1,0,0,0,0,0,0,0,0,0,2,0,0,0,0,0,1,0,0,0,0
2,0,0,0,0,0,0,1,0,3,0,0,0,0,2,0,1,2,2,2,1,1,0,0,0,0,0,0,1,0,0,0,0,0,1,1,0,1,0,0,0,0,2,0,2,8,0,0,2,0,1,0,1,0,0,1,5,0,0,1,5,2,3,2,0,0,0,0,0,0,0,0,0,0,0,0,0,0,0,0,0,0,0,0,0,1,0,0,0,0,2,0,1,1,0,0,1,2,0,0,1,0,0,0,0,2,2,0,0,0,1,0,0,0,0,0,2,1,0,1,1,0,0,0,0,0,0,1,0,0,0,0,0,0,1,1,0,0,0,0,0,0,1,0,0,0,0,0,0,0,0,0,0,0,0,0,0,0,0,0,1,0,0,0,1,0,2,1,1,2,0,0,1,1,1,0,0,0,0,4,0,0,0,0,0,0,0,0,1,1,0,0,2,0,0,1,0,3,0,0,2,0,1,0,0,0,0,0,0,0,0,0,0,1,0,0,1,0,0,1,1,0,0,1,0,0,0,0,0,3,0,0,0,0,0,4,0,3,3,0,1,0,0,0,1,0,0,0,0,0,1,1,0,0,0,1
0,0,0,0,0,0,0,0,0,2,0,0,0,0,5,0,1,4,2,1,1,2,0,0,2,0,1,0,0,0,0,0,0,0,0,0,0,0,0,0,1,0,2,0,2,8,0,0,2,0,0,0,0,0,0,0,5,0,0,3,4,1,2,1,0,0,0,0,0,0,1,0,0,0,0,0,0,1,0,0,0,0,0,2,0,0,0,0,1,0,2,0,2,0,0,1,0,2,0,0,0,0,0,0,0,0,2,0,0,0,0,0,0,0,0,0,0,0,0,0,0,0,0,0,0,0,0,0,1,1,0,0,0,0,0,0,0,0,1,0,0,0,0,0,2,0,0,0,1,0,0,0,0,1,0,0,0,0,0,0,0,0,0,3,0,1,3,0,0,2,0,0,0,0,1,0,0,0,0,2,0,0,0,0,1,0,1,0,0,2,0,2,2,0,1,0,0,0,0,0,1,0,0,0,0,0,0,0,0,0,0,0,0,0,0,0,1,0,0,0,0,0,0,1,0,0,0,1,2,0,0,0,0,0,3,4,0,0,3,0,0,1,0,0,0,1,0,0,0,2,2,2,0,0,0,2
1,0,0,1,0,0,0,2,1,4,0,0,0,0,5,0,1,0,1,0,0,2,0,0,1,0,0,0,0,0,0,0,0,0,2,0,0,0,0,3,2,0,0,0,0,14,1,1,3,1,2,0,1,0,1,0,11,0,0,0,3,1,0,0,4,0,1,0,2,0,3,0,1,0,0,0,0,2,1,2,2,0,0,0,1,0,0,1,0,3,0,2,2,0,0,0,1,3,0,0,0,0,0,0,0,0,3,0,0,0,1,0,0,0,0,0,0,0,0,1,0,0,0,0,0,1,0,0,0,0,0,1,2,0,1,0,0,0,0,0,1,0,0,0,0,1,0,1,1,0,0,0,2,0,0,0,0,0,0,2,0,0,0,1,0,0,4,1,0,0,0,0,0,0,0,0,0,0,1,0,0,0,0,0,0,0,0,0,0,1,3,1,3,0,0,0,0,0,0,0,0,0,0,0,1,0,1,0,0,0,0,1,0,0,0,0,0,0,0,0,0,0,0,1,0,0,0,0,2,0,0,0,0,0,0,7,0,0,0,0,0,2,1,1,0,2,0,0,0,0,2,1,0,0,0,1
1,0,0,0,0,0,0,2,1,5,1,0,0,0,4,1,0,0,3,0,0,3,0,0,3,0,0,0,0,0,0,0,0,0,0,2,0,1,0,0,1,0,0,0,4,19,1,0,4,0,1,0,0,4,0,1,9,0,0,2,4,1,0,3,0,0,0,0,4,0,1,0,0,0,0,0,0,0,0,1,0,0,0,0,0,2,0,0,0,0,0,0,4,0,0,2,0,4,0,2,0,0,0,0,0,0,4,0,0,0,0,1,0,0,0,0,2,0,0,0,0,0,0,0,0,0,0,0,0,0,0,0,1,0,1,0,0,0,0,0,0,0,0,0,0,0,1,0,0,0,0,0,0,1,0,1,0,0,0,0,0,0,0,3,0,0,2,1,0,0,4,0,2,0,0,0,0,0,0,0,3,0,0,0,1,0,0,0,0,1,0,1,4,0,0,0,0,0,1,0,0,0,1,0,0,0,0,1,0,2,0,2,0,0,0,0,2,0,0,0,1,1,0,0,0,0,0,0,0,2,0,0,0,0,0,11,0,0,1,0,4,1,0,0,0,0,0,0,0,2,7,0,0,0,2,0
0,0,0,0,0,0,0,0,1,3,0,1,0,0,3,0,0,0,4,0,0,0,0,0,1,0,2,0,0,0,1,0,0,0,0,0,0,0,0,0,1,0,0,0,1,11,3,0,4,0,0,0,0,0,0,0,8,0,0,0,4,0,1,3,0,0,0,1,0,0,0,0,0,0,0,0,0,4,0,1,0,0,0,0,0,0,0,0,0,0,1,0,1,0,0,0,1,4,0,0,0,0,0,0,0,0,3,0,0,0,0,0,0,0,0,0,0,0,0,0,0,0,1,0,0,0,0,0,0,0,0,0,0,0,0,0,0,0,0,0,0,0,0,0,0,0,1,0,2,0,0,0,0,0,0,0,0,0,0,0,0,0,0,3,0,0,2,0,0,1,0,0,1,0,0,0,0,0,0,0,0,0,0,0,0,1,0,0,0,1,0,0,4,0,0,0,0,0,0,0,2,0,1,0,0,0,1,0,0,1,0,0,0,0,0,0,0,0,1,0,0,0,0,2,0,0,0,0,1,0,0,0,0,0,0,4,2,0,0,0,0,1,0,0,0,1,0,0,0,0,1,0,0,0,0,1
0,0,0,0,0,0,0,1,0,2,0,1,0,0,2,1,3,0,3,0,3,1,0,1,1,0,2,0,0,0,2,0,0,1,0,0,0,0,0,1,1,0,1,0,1,9,1,0,2,0,0,0,0,0,2,0,6,0,0,0,3,0,3,2,0,0,0,0,0,0,1,0,0,0,0,0,0,1,1,0,0,0,0,0,0,0,1,0,1,1,1,0,3,0,0,0,0,3,0,0,0,0,0,0,0,1,2,0,0,0,0,0,0,0,0,1,0,0,0,0,0,0,0,1,0,0,0,0,1,0,0,0,1,0,0,0,0,0,1,0,0,0,1,0,0,0,0,1,0,0,1,0,1,0,0,0,0,0,1,0,0,0,2,2,1,2,4,2,0,1,0,1,0,0,1,0,0,0,1,1,0,0,1,0,1,1,0,1,0,0,1,4,2,0,0,1,1,1,0,0,0,0,1,0,0,0,1,0,0,0,0,0,0,1,0,0,0,0,0,1,0,0,0,2,0,2,2,0,2,1,0,1,0,2,1,4,0,0,0,0,1,0,0,1,1,1,2,0,0,0,2,1,0,0,0,0
0,1,0,0,0,0,0,3,1,3,0,1,0,0,3,0,0,0,3,0,1,1,0,1,1,0,0,0,0,0,1,0,0,0,0,0,0,0,0,0,1,1,0,0,0,14,2,2,3,4,1,1,1,1,1,0,9,0,0,0,3,1,2,0,1,0,0,0,0,0,1,0,0,0,1,0,2,3,0,1,0,0,0,0,0,0,0,0,3,2,0,0,0,0,0,2,0,3,0,0,0,1,0,0,0,0,3,0,0,0,2,0,0,0,0,0,2,0,0,0,0,0,1,0,0,0,0,0,1,0,0,0,4,0,0,1,2,0,0,1,0,0,0,0,0,1,0,0,2,1,0,0,0,0,0,2,0,0,1,2,1,0,0,2,0,0,4,2,0,0,0,0,0,0,0,1,0,0,1,1,0,0,1,0,1,1,0,1,0,1,0,0,3,0,0,0,0,0,0,0,1,0,3,1,1,0,0,0,0,2,0,2,0,0,0,0,1,0,0,0,0,1,0,0,0,0,1,0,0,1,0,0,0,0,0,9,1,1,0,0,0,1,0,2,1,2,2,0,1,0,0,0,0,0,0,1
0,0,0,0,0,0,0,0,0,4,0,1,0,1,3,1,0,0,4,0,0,3,1,0,0,0,0,0,0,0,0,0,0,0,1,0,0,0,0,0,3,0,1,0,3,19,4,0,4,2,1,0,0,0,2,0,14,0,1,0,4,1,1,3,0,0,0,0,1,0,3,0,0,0,0,0,1,0,0,2,0,0,0,0,0,0,0,0,0,2,0,0,3,0,0,1,1,4,0,1,0,0,0,0,0,0,4,1,0,1,0,0,1,1,0,0,1,0,0,0,0,0,3,0,0,0,0,0,0,0,0,0,0,0,1,1,0,0,0,0,0,0,0,0,1,0,0,0,0,0,0,1,1,0,0,1,0,0,0,0,0,0,0,5,0,0,2,1,0,1,2,0,1,0,0,0,0,0,0,3,0,1,0,0,3,0,0,0,0,2,0,0,4,0,0,0,1,0,0,0,0,0,1,0,0,0,0,1,0,0,0,0,0,0,0,0,0,0,2,0,0,0,0,0,0,0,0,0,1,0,0,1,0,0,0,8,1,1,0,0,0,0,0,0,0,0,0,0,0,0,4,0,0,0,0,3
0,0,0,0,0,0,0,0,0,3,0,1,0,0,3,1,0,0,5,2,0,1,0,0,1,0,0,0,0,0,0,0,0,0,0,0,0,0,0,0,1,0,1,0,1,8,2,0,2,0,0,1,0,0,2,0,8,0,0,0,4,1,1,5,2,1,0,0,2,0,1,0,0,0,1,0,0,2,0,0,0,0,0,1,0,0,0,0,1,0,1,0,1,0,0,5,0,3,0,0,0,0,0,0,0,0,3,0,0,0,1,0,0,0,0,0,2,0,0,0,0,2,0,0,0,0,0,0,0,0,0,0,0,0,0,0,0,0,0,0,0,0,0,0,0,0,0,0,0,0,0,0,0,0,0,0,0,0,0,0,0,0,0,3,0,0,1,1,0,1,0,0,0,0,2,0,0,0,0,1,1,0,1,0,1,0,0,0,0,0,0,3,3,0,0,0,0,0,0,1,0,0,1,0,1,0,0,1,0,0,0,0,0,0,0,0,2,0,1,0,1,0,0,2,0,1,2,1,0,0,0,0,0,0,1,3,0,0,1,0,0,1,0,0,2,1,0,0,0,0,1,1,1,0,0,1
1,0,0,0,0,0,0,2,0,3,0,1,0,0,3,1,2,3,2,0,0,1,0,0,1,0,2,0,0,0,0,4,0,0,0,0,0,1,0,0,0,1,2,0,3,6,1,0,2,0,1,0,0,0,0,0,4,0,0,1,4,1,2,3,0,0,0,0,0,0,0,0,0,0,0,0,1,0,0,1,1,0,0,1,0,0,2,0,0,0,2,0,1,0,0,0,0,2,0,0,0,0,0,0,0,0,2,0,0,0,0,0,0,0,0,0,0,0,0,0,0,0,0,0,0,0,0,3,0,0,0,0,1,0,1,1,0,0,0,1,0,0,1,0,1,0,0,0,1,0,0,1,1,1,0,0,0,0,1,0,0,0,0,2,2,2,0,1,0,2,1,0,1,0,1,0,0,0,0,5,1,0,0,0,0,0,0,0,0,1,0,0,2,1,1,2,1,0,1,3,0,0,0,0,0,0,0,0,0,0,0,0,0,2,0,1,0,0,1,0,0,0,0,2,0,0,0,0,2,0,0,1,0,0,3,3,0,3,0,0,0,0,0,0,0,0,0,0,2,1,0,5,0,0,2,1
0,0,0,0,0,0,0,3,1,2,1,0,0,0,2,0,0,2,1,0,0,0,0,0,2,0,2,0,0,0,0,0,0,0,7,0,0,0,0,0,1,0,0,0,1,12,0,0,3,0,1,0,0,0,0,1,8,1,0,0,5,0,3,2,0,1,0,1,0,5,4,0,0,1,1,0,0,7,0,2,1,2,0,1,1,0,0,0,1,1,1,1,4,1,0,1,1,2,1,0,0,0,1,0,0,0,2,0,0,0,0,0,2,0,2,0,0,0,0,0,1,0,0,0,0,0,0,0,0,0,0,0,1,1,0,0,0,3,1,0,0,0,1,0,0,0,0,1,3,0,0,0,0,0,1,2,0,0,0,1,2,0,0,4,0,0,3,1,0,1,0,0,0,0,0,0,3,0,0,0,0,0,0,0,2,1,0,0,0,3,0,2,2,0,0,0,1,0,1,0,0,0,4,0,1,0,0,2,0,1,0,1,0,1,1,0,1,1,0,1,0,0,0,3,0,0,0,0,4,0,0,0,0,1,1,5,2,0,1,0,0,0,0,0,0,0,0,0,0,0,0,0,0,2,0,0
0,0,2,0,0,0,0,0,0,2,0,1,4,1,2,0,2,2,3,0,0,0,0,0,1,0,0,0,1,0,0,0,2,1,0,0,0,0,0,0,3,0,1,0,2,8,3,0,3,0,0,0,0,0,0,0,5,0,0,1,5,0,3,1,0,0,1,0,0,0,1,0,0,0,0,0,0,1,0,0,1,0,0,0,0,0,0,0,0,0,2,0,1,0,2,0,1,3,0,0,0,0,0,0,0,2,3,0,0,0,0,1,0,0,0,0,0,0,0,0,0,0,0,0,0,0,1,1,0,0,0,0,1,0,0,0,0,0,0,0,0,0,0,0,0,0,0,0,1,0,0,0,0,0,0,0,0,0,0,0,0,0,0,2,0,0,0,0,0,2,0,0,2,0,0,0,0,0,0,2,0,0,0,0,0,0,1,0,0,0,0,3,2,0,0,0,0,0,0,0,0,0,0,0,1,0,0,1,0,0,3,0,0,1,1,0,0,0,1,1,0,0,0,4,0,0,0,0,2,0,0,0,0,0,4,2,0,0,1,0,0,0,2,0,1,0,0,0,0,0,2,4,0,0,0,1
0,0,0,0,0,0,0,0,2,3,0,2,0,0,3,0,0,0,3,1,0,1,0,0,1,0,0,0,0,0,2,0,0,1,0,0,0,0,0,0,3,0,1,0,1,11,2,1,3,0,0,0,0,0,0,0,7,0,0,0,4,0,1,2,0,0,0,0,0,0,2,0,0,0,0,0,0,0,0,1,0,0,0,0,0,0,0,0,0,0,1,0,0,0,0,0,0,3,0,1,0,0,0,2,0,0,3,0,0,0,0,1,0,0,0,0,1,0,1,0,0,0,1,0,0,0,0,0,0,0,0,0,0,0,1,0,0,0,0,0,0,0,0,0,0,0,0,0,3,1,0,0,0,0,0,0,0,0,0,1,0,0,0,1,3,0,2,1,0,1,0,0,1,0,0,0,1,0,0,3,0,1,0,0,0,0,0,0,0,0,0,1,3,0,0,1,1,0,0,0,4,0,3,0,0,0,0,0,0,1,0,0,0,1,1,3,0,0,0,1,0,0,0,2,0,0,0,0,0,0,0,0,0,0,2,1,0,0,0,0,0,0,0,0,1,0,0,0,0,0,0,2,0,0,0,0
0,0,0,0,0,0,0,0,0,2,0,2,0,0,2,3,0,2,5,0,0,0,1,0,2,0,2,0,1,2,1,0,0,1,0,0,0,0,0,0,0,0,3,0,2,11,3,0,3,0,0,0,0,0,0,0,11,0,1,0,4,0,0,1,1,4,0,1,2,0,0,0,0,0,0,0,0,0,0,0,0,0,0,1,0,0,1,0,0,0,1,0,3,1,0,2,1,3,0,0,0,0,0,1,1,0,3,0,0,1,1,1,0,0,0,0,0,0,0,0,0,0,0,0,0,0,1,0,0,1,0,0,3,0,0,0,0,0,0,1,0,0,2,1,0,0,0,0,1,0,1,0,0,1,0,0,0,0,0,0,0,0,0,4,0,0,3,0,0,2,0,0,0,1,1,0,1,0,0,0,0,0,0,0,0,0,0,0,0,0,0,1,4,0,0,0,2,0,0,1,0,0,1,0,1,0,0,0,0,1,0,0,0,2,0,0,0,0,0,0,0,0,0,2,4,3,1,1,0,0,0,0,0,0,2,7,0,1,2,1,2,1,0,1,0,1,1,4,0,0,0,2,0,0,0,1
0,0,0,0,0,0,0,1,0,2,0,0,0,0,2,1,1,2,3,0,0,0,0,0,1,0,2,1,0,0,0,0,0,0,0,0,0,0,0,0,0,0,2,0,2,7,0,0,2,0,0,0,0,0,0,0,5,1,0,0,4,0,2,0,1,0,0,0,0,0,2,0,1,0,0,0,1,2,0,0,1,0,0,0,0,1,2,0,0,0,3,0,1,0,1,0,0,2,1,0,0,0,0,0,0,0,2,0,0,0,0,0,0,0,0,0,0,1,0,0,0,0,0,0,0,0,0,0,1,0,0,1,0,0,0,1,1,0,1,0,0,0,0,0,0,0,0,0,0,0,0,1,0,0,0,0,2,0,0,0,0,0,1,1,2,0,2,0,0,4,0,0,1,0,1,0,2,0,0,5,0,0,0,0,0,0,0,0,0,0,0,0,3,0,0,2,0,0,0,0,0,0,0,0,0,0,0,0,0,0,0,1,0,2,0,0,0,0,2,1,0,0,0,4,0,1,0,0,1,0,0,0,0,0,3,3,0,0,0,0,0,1,0,0,0,1,1,0,0,0,2,2,0,0,0,0
0,0,0,0,0,0,0,0,0,2,0,0,0,1,2,0,1,2,1,0,0,2,0,0,1,0,3,0,0,0,0,0,0,0,3,1,0,0,0,1,1,0,3,0,2,9,1,0,2,0,1,0,0,0,0,0,7,0,0,0,4,0,2,3,1,0,0,0,1,0,1,0,0,0,0,0,0,1,0,3,1,0,0,1,0,0,1,0,0,2,2,0,3,1,0,3,0,2,0,1,0,0,0,0,0,0,2,0,0,0,0,1,0,0,0,0,0,0,0,0,0,0,0,0,1,0,0,0,0,0,0,0,0,1,0,0,0,0,0,0,0,0,0,0,0,1,0,0,1,1,0,1,0,3,0,0,0,1,0,0,0,0,0,3,1,0,0,0,0,5,0,0,0,0,0,0,0,0,0,4,0,1,0,0,2,0,0,1,0,0,0,0,2,0,0,2,1,1,0,0,1,0,0,0,0,0,0,0,0,0,0,0,0,2,0,0,1,0,1,1,1,0,0,4,0,0,1,0,0,0,0,0,0,0,1,5,0,0,0,1,0,1,0,2,0,0,1,1,0,1,3,1,0,0,0,0
1,0,0,0,2,0,0,0,0,3,0,0,0,1,0,0,3,2,1,0,4,0,0,0,0,0,2,0,1,0,0,1,1,0,1,0,0,0,0,0,1,0,1,0,2,4,0,0,2,0,0,0,0,2,1,0,3,0,0,0,4,1,3,0,2,0,2,0,0,1,0,2,0,1,0,0,0,1,0,0,0,0,0,0,0,1,3,0,1,0,2,1,1,1,0,1,0,1,0,0,0,0,0,0,0,0,1,0,0,0,0,0,0,0,1,0,0,0,0,0,0,0,0,0,0,0,0,0,0,0,0,0,0,1,1,0,0,0,1,0,0,1,0,2,0,0,0,0,1,0,0,0,1,1,0,0,0,1,1,0,0,0,0,2,0,0,3,0,0,2,0,0,0,1,0,0,0,1,0,5,0,0,0,0,0,1,0,0,0,0,1,1,1,0,0,6,2,0,1,1,0,1,1,0,0,1,0,0,0,0,0,4,1,2,1,0,5,1,3,0,4,1,0,5,0,0,0,0,1,0,0,0,0,2,1,1,1,0,0,0,0,0,0,0,1,1,0,0,0,1,0,1,0,2,0,1
1,0,0,1,1,0,0,2,1,4,0,3,0,0,3,0,0,0,1,3,1,2,0,0,1,0,0,0,0,1,0,0,1,0,1,0,0,0,0,0,1,0,0,0,0,11,1,2,3,0,2,0,0,0,0,0,9,0,0,0,4,2,0,2,1,1,0,0,2,0,0,0,0,0,1,0,0,1,0,0,0,1,1,1,0,1,0,0,0,1,0,1,5,2,0,2,1,3,1,2,0,0,0,0,0,0,3,0,0,0,0,0,0,0,1,0,1,0,0,0,1,0,1,0,0,0,0,0,0,0,0,0,0,0,2,2,0,2,3,0,0,0,0,0,0,0,0,0,1,0,0,0,0,0,0,1,1,0,0,1,1,0,0,2,0,0,0,2,0,0,0,0,0,0,0,0,1,2,0,0,1,0,0,0,0,0,2,0,0,2,0,0,3,0,1,0,1,0,1,0,0,0,1,1,0,1,0,0,0,1,1,1,0,0,0,0,0,1,0,0,2,0,0,0,0,0,0,0,1,0,0,0,0,0,0,4,0,0,0,0,2,1,0,0,0,0,1,0,0,1,2,0,0,0,0,0
0,0,0,0,1,0,0,0,1,3,0,2,0,0,3,1,0,0,3,0,0,0,0,0,0,0,2,0,0,0,0,0,0,0,4,0,0,0,0,0,0,0,2,0,3,14,0,0,3,0,0,2,0,0,3,0,10,0,0,1,5,1,2,2,2,1,1,1,1,0,2,0,0,0,0,0,0,0,0,1,0,0,0,0,0,0,1,0,1,1,1,0,3,0,0,0,0,3,0,0,0,0,0,0,0,0,3,0,0,0,0,0,0,0,0,0,0,0,0,0,0,0,0,0,0,0,0,0,0,1,0,0,2,0,0,0,2,0,0,0,0,0,0,0,0,0,0,0,1,0,0,1,0,0,0,0,0,1,0,0,0,0,0,0,0,0,1,0,0,1,2,0,2,0,1,1,1,0,0,1,0,0,0,0,2,0,0,0,0,2,1,3,3,0,0,0,2,0,0,0,0,0,2,0,0,0,0,1,0,2,0,1,0,0,1,0,1,0,0,0,0,0,0,0,0,0,0,0,1,0,0,0,0,0,0,6,0,0,1,0,1,0,0,0,0,0,1,0,0,1,2,0,0,0,0,2
0,0,0,0,1,0,0,0,0,1,1,0,0,0,1,0,0,0,0,2,0,0,0,0,1,0,0,0,0,0,0,0,0,0,1,0,0,0,0,0,0,0,1,0,2,7,0,0,3,0,0,1,0,0,1,0,7,0,0,3,4,2,5,2,0,0,0,0,0,0,3,0,0,0,0,0,0,1,0,1,0,2,0,2,0,0,1,0,0,2,2,1,2,1,1,0,0,2,0,0,0,0,0,0,0,0,1,0,0,0,0,0,1,0,1,1,2,0,0,0,1,0,1,0,0,0,1,0,0,0,0,0,0,0,1,0,0,1,2,0,0,0,0,0,0,0,0,0,1,0,0,0,0,0,0,0,0,0,1,1,0,0,0,2,1,0,0,0,0,2,0,0,0,0,2,0,1,1,0,4,1,0,1,0,1,0,0,0,0,1,1,3,2,0,0,1,0,0,1,0,0,0,1,0,0,0,4,1,0,0,0,0,1,1,0,0,0,1,0,3,0,0,0,3,0,0,0,0,1,0,0,0,1,0,0,1,0,0,0,0,0,0,0,0,0,0,0,0,0,0,2,0,0,0,0,0
0,0,0,0,0,0,0,0,1,4,0,1,0,0,4,0,0,0,2,1,0,0,0,0,2,0,0,0,0,0,1,0,0,0,0,0,0,0,0,0,2,1,0,0,0,13,0,1,4,0,0,0,0,0,0,0,8,0,0,0,4,0,0,3,0,0,0,0,2,0,3,0,0,0,0,0,0,1,0,1,0,0,0,0,0,0,0,0,0,2,0,0,2,0,0,0,0,4,0,0,0,0,0,0,0,0,4,1,0,1,0,0,0,0,0,0,0,0,0,0,0,0,0,0,0,0,0,0,1,0,0,0,0,0,0,0,0,0,0,0,0,0,0,0,0,0,0,0,2,1,0,1,0,0,0,0,0,0,0,1,0,0,0,3,0,0,0,0,0,0,1,0,0,0,0,0,1,0,0,0,0,0,0,0,1,0,0,0,0,1,0,4,5,0,0,0,0,0,0,0,2,0,0,0,0,0,0,1,0,0,0,0,0,0,2,0,0,0,0,0,0,0,0,0,0,0,0,0,0,0,0,0,0,0,0,4,0,0,0,0,0,0,0,0,0,0,0,0,0,0,0,0,0,0,0,0
0,0,0,0,0,0,1,1,0,3,0,0,0,0,2,0,0,0,3,0,0,3,0,0,0,0,0,0,0,0,0,0,0,0,2,2,0,0,0,0,0,0,1,0,3,7,0,0,2,0,1,1,0,0,0,1,4,0,0,1,3,1,1,2,0,0,0,0,0,1,0,1,0,0,0,0,3,0,0,0,0,0,0,1,0,0,1,1,2,0,1,0,2,0,0,0,1,5,1,2,0,2,1,0,1,1,3,0,0,0,0,1,0,0,0,0,1,0,0,0,3,0,0,0,0,0,0,0,0,0,0,0,0,0,1,0,0,0,0,0,0,0,1,0,0,0,0,1,1,1,0,1,0,0,0,0,0,1,0,0,0,0,0,1,1,0,0,1,0,1,0,0,0,1,0,0,1,0,0,2,1,0,0,1,0,1,0,1,0,2,0,0,2,0,1,1,0,1,0,0,0,0,0,0,1,0,0,1,0,1,1,0,1,1,0,1,1,0,0,0,0,0,0,0,0,0,0,1,0,3,0,1,0,0,1,4,1,0,0,0,0,1,0,0,0,0,0,0,0,0,1,1,0,0,0,0
0,0,0,0,1,0,0,0,1,3,0,0,0,0,3,1,1,1,2,0,0,0,0,0,1,0,1,0,0,0,0,0,1,0,2,0,0,0,0,0,0,0,1,0,2,9,1,1,3,0,0,0,0,0,0,0,6,1,0,0,5,0,1,1,2,0,1,1,0,0,0,0,0,0,3,0,1,0,0,0,1,0,0,0,0,0,0,0,0,1,2,0,1,0,0,1,2,3,0,0,0,0,0,0,0,0,3,0,0,0,0,0,0,2,1,0,0,0,0,0,0,0,0,0,0,0,0,0,0,0,0,0,1,0,0,0,0,0,0,0,0,0,0,1,0,0,0,0,2,1,0,0,0,0,0,0,0,0,0,0,0,0,0,4,1,0,1,0,0,2,1,0,2,0,2,0,0,1,0,3,0,0,0,0,0,0,0,0,0,0,0,2,4,0,0,1,0,0,0,0,2,0,0,0,3,0,1,0,0,0,0,2,0,1,0,0,2,0,3,0,0,0,0,3,0,0,1,0,0,0,0,0,0,0,2,4,0,0,0,2,0,0,0,2,0,2,0,0,0,3,4,2,1,0,0,1
0,0,0,2,0,0,0,0,1,3,1,1,0,0,3,1,3,3,0,0,0,0,0,0,2,0,0,0,0,0,0,0,1,0,0,1,0,0,0,0,2,0,1,0,1,10,0,1,3,2,0,0,1,0,0,0,7,1,0,1,5,0,2,4,1,0,0,2,0,0,1,0,2,0,0,0,0,1,0,1,1,0,0,1,2,1,1,0,0,1,1,1,5,1,0,0,1,3,0,1,0,0,0,0,0,0,3,1,1,0,0,0,0,0,0,0,2,0,1,0,0,0,0,0,0,0,0,0,0,1,0,0,0,0,0,0,0,0,0,0,0,0,0,0,0,0,0,0,0,0,0,0,0,0,0,0,0,0,0,0,0,0,0,2,1,0,0,0,0,1,0,0,0,0,0,0,0,0,0,0,0,0,0,0,0,0,0,0,0,0,0,0,3,0,0,1,1,0,0,0,0,0,1,0,0,0,0,0,0,2,0,0,0,1,1,0,1,0,1,1,0,0,0,2,0,1,0,0,0,0,0,0,0,0,2,1,1,0,0,0,0,0,0,0,0,0,0,0,0,0,1,2,0,0,1,0
0,0,0,1,0,0,0,1,1,3,0,1,0,0,3,0,1,2,1,0,0,0,1,0,0,0,0,0,0,0,0,0,0,1,0,0,0,0,1,0,1,1,1,0,1,13,1,1,3,0,0,0,0,0,1,0,9,0,0,0,5,0,1,3,0,0,0,0,1,0,0,0,0,0,0,0,0,1,0,1,0,0,0,0,0,0,0,0,0,3,1,0,1,0,0,0,0,3,0,0,0,0,0,0,0,2,3,1,0,0,1,0,0,0,0,0,1,0,0,0,0,0,0,0,0,0,0,0,0,0,0,1,0,0,1,0,0,0,1,0,0,1,0,0,1,0,0,0,0,0,0,0,0,0,0,0,1,0,0,0,0,0,0,1,1,1,2,0,2,1,2,1,0,0,0,0,0,0,1,4,0,1,0,0,0,0,1,0,0,1,0,4,3,0,0,0,0,2,0,0,0,0,0,0,0,1,0,0,0,0,0,0,1,0,0,0,0,0,1,0,0,0,0,0,1,0,0,0,0,3,0,0,0,0,1,5,0,1,1,0,0,2,0,0,2,1,0,0,0,0,0,1,1,0,2,1
1,0,0,0,1,0,0,0,1,1,0,0,0,0,1,0,3,2,1,2,0,0,0,0,1,1,2,0,0,0,1,0,0,0,1,0,0,1,0,0,1,1,2,0,4,5,0,0,2,0,0,0,0,0,1,0,3,2,1,0,5,1,5,0,0,0,0,0,0,0,0,0,0,0,0,0,0,0,0,0,0,0,0,0,0,0,0,0,1,1,3,0,0,0,0,0,0,1,0,1,0,0,0,0,0,0,1,0,1,0,0,0,0,0,0,0,0,0,1,0,0,0,0,0,0,0,0,0,0,0,0,0,0,0,0,0,0,0,1,0,0,0,0,0,0,0,0,0,1,2,0,0,0,0,0,1,0,0,0,0,0,0,0,0,2,1,1,0,0,3,1,0,3,0,2,0,1,0,0,5,0,0,0,0,3,0,0,0,0,2,0,1,2,0,0,0,0,0,1,0,0,0,0,0,0,0,0,0,0,1,0,0,0,1,1,0,1,0,1,0,1,0,0,5,0,0,1,0,0,0,0,0,0,0,1,2,0,1,3,0,0,0,0,0,2,0,0,0,0,0,0,1,0,0,0,2
0,0,0,0,0,0,0,0,0,4,0,1,0,0,6,0,0,1,2,0,0,1,0,0,1,0,0,0,0,0,0,0,0,0,0,0,0,0,0,0,0,0,0,1,0,15,0,1,4,0,0,0,0,0,0,1,10,0,0,0,4,0,0,3,1,0,0,0,1,0,2,1,0,0,0,0,0,1,0,1,0,1,0,0,0,0,0,0,0,2,0,1,3,1,0,1,0,4,0,0,0,0,0,0,0,0,5,0,0,0,0,0,0,0,0,0,1,0,0,0,0,0,1,0,0,0,0,0,0,0,0,0,0,0,0,0,0,0,0,0,0,0,1,0,0,0,0,0,1,0,0,0,0,0,1,1,0,0,0,2,0,0,0,0,0,0,2,0,0,0,0,0,0,0,0,0,0,0,0,1,0,0,0,0,0,0,0,0,0,0,0,2,4,0,0,0,0,1,0,0,0,0,0,0,0,0,0,1,0,1,0,2,0,0,0,0,1,0,0,0,0,0,0,0,0,0,0,1,1,0,0,1,0,0,0,8,0,0,0,3,2,1,0,1,0,1,1,0,0,0,1,0,0,1,3,0
0,0,0,0,0,0,0,1,1,3,0,4,0,1,3,0,1,1,3,0,0,0,1,0,1,0,0,0,0,0,0,0,1,0,1,0,0,0,0,0,2,0,0,0,3,14,3,0,4,0,0,0,0,0,0,1,7,1,0,0,6,2,0,1,0,1,0,2,1,0,1,0,0,0,0,0,2,1,0,0,1,1,0,1,0,0,1,0,1,0,1,0,1,0,0,4,0,3,0,0,0,0,0,0,0,0,3,0,1,0,0,0,0,0,0,0,1,0,0,1,0,0,0,0,0,0,0,0,0,0,1,0,1,0,0,0,0,0,0,1,0,0,0,1,0,0,0,0,0,0,0,0,1,0,0,0,0,1,0,0,0,0,0,3,1,0,2,0,0,1,0,0,2,0,1,0,0,0,0,1,0,0,0,0,1,0,0,0,0,0,0,1,3,0,0,0,0,0,0,0,2,0,0,0,0,0,1,0,0,1,1,2,0,1,0,0,1,0,0,2,0,0,0,0,0,0,0,2,0,0,0,0,0,0,1,2,0,0,1,0,0,0,0,0,0,1,0,0,0,0,0,1,0,0,0,1
0,0,0,1,0,0,0,0,2,1,0,0,0,0,1,0,0,3,5,1,1,1,1,0,2,0,1,0,1,0,0,0,0,0,0,0,0,0,0,0,1,0,2,0,3,4,1,0,2,0,0,0,0,0,0,0,3,1,0,1,5,0,2,0,1,0,0,1,0,0,1,0,0,0,0,0,0,1,0,0,0,0,0,0,0,0,1,2,0,0,3,0,1,0,0,0,0,1,0,1,0,0,0,0,0,0,2,1,0,1,0,0,0,0,0,0,1,0,0,0,0,0,0,0,1,0,0,0,0,0,0,0,1,0,0,0,0,0,0,0,0,1,0,0,0,0,0,0,2,0,0,0,0,0,0,1,0,0,0,0,0,0,1,2,3,1,0,0,0,3,0,0,1,0,0,0,0,0,0,6,0,1,0,0,0,0,1,0,1,0,0,1,1,0,1,0,0,0,0,0,0,0,1,0,0,0,0,0,0,0,0,0,1,1,2,0,0,0,2,0,0,0,0,3,0,0,0,0,0,0,0,1,0,0,5,0,1,0,2,0,0,0,0,1,2,0,0,0,0,0,0,3,0,0,0,2
0,0,0,0,0,0,1,0,0,3,0,0,0,1,3,0,0,2,1,1,0,0,0,0,0,0,4,0,1,0,0,0,0,3,3,0,0,0,0,0,0,0,1,0,2,13,0,0,3,0,0,1,0,4,1,0,7,0,1,0,3,0,4,2,0,0,0,0,4,0,2,0,0,1,0,0,0,1,0,1,0,0,0,0,0,0,0,0,0,4,1,0,1,0,0,0,0,3,0,1,0,2,0,0,0,0,4,0,0,1,0,0,0,0,0,0,2,0,1,0,0,0,0,0,0,0,0,0,0,1,0,1,0,0,2,1,0,0,0,1,0,0,0,1,2,0,0,0,1,0,0,1,0,0,0,1,0,0,0,0,0,0,0,1,2,0,1,0,1,1,0,0,1,0,1,0,0,0,1,4,0,0,1,0,3,0,0,0,0,1,0,6,3,0,0,0,0,0,0,0,1,0,1,1,0,0,0,0,0,1,0,0,0,0,1,0,0,0,0,1,0,1,0,1,0,0,1,0,0,2,0,1,0,0,2,11,0,0,2,1,2,0,0,2,1,1,1,0,0,0,4,3,0,0,0,1
0,0,0,0,0,0,0,0,2,1,0,2,1,1,1,0,1,1,0,2,1,0,0,0,0,1,2,0,1,0,1,0,0,0,1,0,0,0,0,0,0,0,5,0,4,4,0,0,1,0,0,0,0,0,0,0,3,3,0,1,4,1,4,1,1,0,0,0,0,0,0,0,0,0,0,0,0,0,0,0,0,0,1,2,0,0,1,0,0,0,3,0,0,0,0,0,0,1,0,0,0,1,0,0,0,0,1,0,0,0,0,0,0,0,0,0,0,0,2,0,0,0,0,0,0,0,0,0,0,0,0,0,0,0,0,0,0,0,0,0,0,0,0,0,0,2,0,0,0,2,0,0,1,1,0,0,0,0,0,0,0,0,0,0,2,0,1,0,0,3,0,0,0,0,1,0,1,0,0,5,3,0,0,0,0,0,0,0,0,0,1,4,3,0,0,1,0,0,0,0,1,0,1,0,0,0,2,0,0,0,0,0,0,1,2,0,1,0,1,0,0,0,0,7,0,0,0,0,0,0,0,0,0,0,0,1,0,0,2,0,0,0,0,0,2,0,0,0,0,0,0,1,0,0,0,4
0,0,0,0,0,0,0,0,0,3,0,0,0,0,3,1,1,0,4,0,0,1,0,0,2,0,1,0,0,0,0,0,1,0,0,0,0,1,0,0,2,0,1,0,1,9,0,1,3,0,0,0,0,0,1,0,5,0,0,1,5,1,2,4,1,0,0,0,3,0,2,0,0,0,0,0,0,0,0,0,1,0,0,0,1,0,1,0,0,4,1,0,2,0,0,2,0,3,0,0,1,2,0,0,0,0,3,0,1,3,0,2,0,0,0,0,0,1,0,0,0,0,1,0,0,0,0,0,0,0,0,0,0,0,0,0,0,0,0,0,0,0,0,0,0,0,0,0,0,0,0,0,1,0,0,1,0,0,0,2,0,0,0,5,0,0,2,0,0,1,0,0,1,0,0,0,1,0,0,1,0,0,0,0,0,0,0,0,1,0,1,0,3,0,0,1,0,0,0,0,0,0,1,0,0,0,1,1,0,3,0,0,0,1,0,0,0,0,0,1,1,0,0,0,0,0,0,0,0,0,0,0,0,0,0,0,1,0,0,0,0,0,0,0,0,0,0,0,0,0,0,0,0,0,0,0
0,0,0,0,0,0,0,1,0,4,0,1,0,0,3,1,0,1,2,0,0,2,1,0,1,0,0,0,0,0,0,0,0,0,0,0,0,0,0,0,2,0,1,0,1,11,0,0,3,0,1,0,0,2,0,0,7,0,3,1,5,1,0,3,0,0,0,1,0,0,0,0,0,0,0,0,0,0,0,1,0,0,0,0,0,0,0,1,0,1,1,1,2,0,0,0,1,3,0,3,0,0,1,0,0,0,3,0,0,0,0,1,0,0,0,0,0,0,1,0,0,0,1,1,0,0,3,0,0,0,2,0,0,0,1,0,0,0,0,0,0,0,1,0,0,0,0,0,1,1,1,0,0,0,1,0,0,0,0,0,0,0,0,0,1,0,5,2,5,1,0,0,0,0,1,0,0,0,0,1,0,0,0,0,1,0,0,0,0,2,1,0,4,1,1,0,0,1,0,0,0,0,1,0,0,0,0,0,1,2,0,0,0,0,0,1,1,0,0,0,0,0,0,0,0,0,0,0,0,5,0,1,0,1,1,3,0,2,1,0,1,0,0,1,1,0,0,3,0,1,1,1,0,0,2,2
0,0,0,0,0,1,0,0,1,4,0,0,0,0,3,1,1,0,3,0,0,2,0,0,0,0,2,1,0,0,0,0,0,0,2,0,0,0,0,0,1,0,1,0,2,13,0,0,3,0,0,0,0,1,0,0,7,0,0,2,4,1,3,1,0,0,0,0,1,0,0,0,0,0,0,0,0,0,0,0,0,0,0,0,0,0,0,0,0,2,1,0,3,0,0,2,1,3,0,2,0,0,0,0,0,0,3,0,0,0,0,2,0,0,0,0,0,0,0,0,0,0,0,0,0,0,0,0,0,0,0,0,0,0,0,0,0,1,2,0,0,1,1,0,0,0,0,0,2,0,1,0,0,0,0,0,0,2,0,0,0,0,0,2,2,0,1,0,0,1,0,0,1,0,1,0,1,0,1,2,0,0,1,0,0,2,0,0,0,1,0,2,3,0,0,1,0,0,0,1,1,0,2,0,2,0,1,0,0,0,0,3,0,1,0,0,1,0,1,1,0,0,0,0,0,0,0,0,0,0,0,0,0,0,1,5,0,0,0,0,1,0,0,2,1,0,1,0,0,0,4,1,0,0,1,1
1,0,0,0,0,0,0,0,0,2,0,1,0,0,2,0,1,4,3,0,1,0,0,0,0,0,1,0,0,0,0,0,0,2,0,0,0,0,0,0,1,0,6,0,2,6,0,0,2,0,0,0,0,0,0,0,4,0,0,0,4,0,2,2,0,0,0,0,1,0,1,0,0,0,0,0,0,0,0,1,0,0,0,0,0,0,0,0,0,0,2,0,3,0,0,0,0,2,0,0,1,0,0,0,0,0,2,0,0,1,0,0,0,0,0,0,0,0,0,0,0,0,0,0,0,0,0,0,0,1,0,0,0,0,0,0,0,0,0,0,0,0,0,0,0,0,0,0,1,1,0,0,0,0,0,0,0,0,0,0,0,0,0,0,1,0,0,0,0,2,0,0,0,0,1,1,0,0,0,4,0,0,0,0,0,0,0,0,0,0,1,0,2,0,0,1,3,0,0,0,0,0,2,0,0,0,0,0,0,1,0,0,0,1,0,0,1,0,0,1,0,0,0,1,0,0,0,0,0,0,0,0,0,0,3,3,0,1,1,0,0,0,0,0,1,1,0,0,0,0,1,2,0,0,3,1
0,0,0,0,0,0,0,1,2,5,0,0,0,0,4,0,0,1,4,0,0,2,0,0,0,0,0,0,0,0,0,0,2,0,3,0,0,0,0,0,0,0,0,0,0,24,1,2,4,0,1,0,0,0,1,0,15,0,0,0,5,1,0,2,1,0,0,0,1,1,1,0,0,4,0,0,1,1,0,2,0,0,0,3,0,0,0,0,3,2,0,0,4,0,0,1,1,4,0,0,0,0,0,0,0,0,4,0,0,0,0,0,0,0,0,0,0,0,1,0,0,0,0,0,0,0,0,0,0,0,0,0,0,0,1,0,0,0,1,0,0,0,0,0,0,0,0,0,1,2,0,0,0,0,0,0,0,0,2,0,0,0,0,2,0,0,1,1,0,0,2,0,1,0,0,0,0,0,0,0,0,0,0,0,1,0,0,0,0,1,0,4,4,0,0,1,0,0,0,0,1,0,1,0,0,0,1,1,0,0,0,3,0,2,0,0,1,0,0,0,1,0,0,0,1,0,1,0,1,7,0,0,2,0,0,16,0,0,3,2,4,0,0,0,0,1,0,0,1,1,6,2,0,0,0,1
0,0,0,0,0,0,0,0,1,1,0,0,0,0,1,0,2,3,2,1,0,0,1,0,1,0,2,0,0,0,0,0,0,0,0,0,0,0,0,0,2,0,3,0,3,5,1,0,1,0,0,0,0,0,0,0,3,2,1,0,4,2,5,0,1,0,0,0,0,0,0,0,0,0,0,0,0,0,0,0,0,0,1,1,1,0,1,1,0,1,3,0,0,0,0,0,0,2,0,0,0,0,0,0,0,0,2,1,0,1,0,0,0,0,0,0,0,0,0,0,0,0,1,0,0,0,0,0,0,1,0,0,0,0,0,0,0,0,0,1,0,0,0,1,0,0,0,0,0,0,0,0,0,1,0,0,0,0,0,1,0,0,0,0,3,0,0,0,0,3,3,0,1,0,1,0,1,0,0,4,0,0,0,0,1,0,1,0,0,0,0,3,1,0,0,3,1,0,0,0,0,0,0,0,1,0,0,0,0,0,0,1,0,4,3,1,0,0,2,3,0,0,0,5,0,0,0,0,0,1,0,0,0,0,2,4,0,0,1,0,0,0,0,1,0,0,0,0,0,1,2,1,0,0,0,0
0,0,0,0,0,1,0,0,1,2,4,0,0,0,2,0,2,1,2,0,3,0,0,0,1,2,1,0,0,0,0,0,0,0,0,0,0,0,1,0,1,0,2,0,2,7,2,1,3,0,0,1,0,0,0,0,5,0,0,2,4,0,2,2,1,0,0,0,0,0,0,0,0,0,0,0,0,1,0,0,0,0,0,1,0,0,0,0,0,0,2,0,0,0,0,0,0,2,0,0,1,0,0,0,0,0,2,0,0,1,0,0,0,0,0,0,0,0,0,0,0,0,3,0,0,1,0,0,0,0,0,0,0,0,0,0,0,0,0,0,1,0,0,0,1,0,0,0,1,0,0,1,0,0,0,0,0,0,0,0,0,1,0,3,2,2,2,0,0,2,0,0,0,1,0,0,0,0,1,6,0,0,0,0,1,0,0,0,0,1,1,0,2,0,0,0,0,0,0,0,1,0,0,0,0,0,0,0,0,0,0,2,0,0,0,0,0,0,0,0,0,0,0,1,0,0,0,0,0,0,0,0,0,0,6,1,0,2,2,2,0,0,0,0,1,0,0,0,0,0,0,6,0,0,1,2
0,1,0,0,0,0,0,1,1,1,0,1,0,1,1,1,2,1,1,0,1,0,0,0,0,1,0,0,0,0,0,0,0,0,0,0,1,0,1,0,0,1,0,0,2,7,0,0,3,1,1,0,0,0,0,1,6,0,1,0,5,0,2,2,2,0,0,0,0,0,0,0,0,0,0,0,0,0,0,0,0,0,0,0,0,0,0,0,3,1,2,0,1,0,0,0,0,2,0,1,0,0,1,0,0,0,1,1,0,0,1,0,2,1,0,0,0,0,0,0,0,0,0,0,0,0,2,1,0,0,0,0,0,0,0,0,0,0,0,0,0,0,0,0,0,0,0,0,3,3,0,0,0,0,0,0,0,0,1,0,0,0,0,3,1,0,1,0,1,2,1,2,0,1,1,0,0,0,0,6,0,0,2,0,0,0,0,0,0,1,1,1,2,0,0,2,0,0,0,0,0,0,0,0,0,0,1,1,1,0,0,1,0,0,0,1,0,0,2,0,0,0,0,2,0,0,0,0,0,0,0,0,0,0,0,2,0,1,1,1,0,1,1,0,0,2,0,0,0,0,1,2,0,0,0,2
0,0,0,0,0,0,0,1,2,4,0,1,0,0,2,0,2,1,5,1,0,2,0,0,3,0,1,0,0,0,0,0,0,0,0,0,0,0,0,0,0,0,1,0,1,12,0,1,2,0,1,0,0,2,1,0,9,0,0,0,3,1,0,2,1,2,0,0,0,0,3,0,1,0,0,0,1,1,0,1,0,0,0,0,0,0,0,0,0,1,1,0,2,0,0,0,0,3,0,0,0,0,0,0,0,0,3,0,1,0,0,0,0,0,0,1,1,0,0,0,0,0,0,0,0,0,0,0,0,1,0,0,1,0,1,0,0,0,0,1,0,0,0,0,0,0,0,0,1,0,0,2,0,0,1,0,1,0,0,0,0,0,0,1,0,0,1,2,0,2,3,0,1,0,0,0,0,0,0,5,1,0,1,0,3,1,0,0,0,0,0,0,3,0,1,1,0,0,0,0,0,0,3,0,0,0,0,0,0,2,0,0,0,1,0,0,2,0,1,1,1,0,0,2,0,0,2,1,1,1,0,0,0,0,3,5,0,0,0,0,0,0,0,1,0,0,0,0,0,0,1,4,0,0,0,1
0,0,0,1,0,0,0,0,0,2,3,0,0,0,2,1,2,3,1,1,2,0,0,0,1,2,3,0,0,0,0,0,0,0,3,0,0,0,1,0,1,0,2,0,3,9,2,0,2,0,1,0,0,0,0,0,5,1,0,3,5,0,4,1,0,0,0,0,1,0,3,0,0,0,0,0,0,0,0,1,0,0,0,0,0,0,1,0,0,4,2,0,3,0,0,3,1,2,0,0,0,0,1,0,0,0,2,1,0,0,0,0,0,0,0,0,1,0,0,0,0,0,3,0,0,0,0,0,0,0,0,1,0,0,0,0,0,0,0,0,0,0,0,0,0,0,0,0,0,0,0,0,0,0,0,0,0,0,0,0,0,0,0,1,2,1,1,0,0,3,1,0,1,1,2,0,1,0,0,5,0,0,0,0,0,1,0,0,1,0,0,2,2,0,0,0,0,0,0,0,0,0,1,0,0,1,0,0,0,3,0,0,0,0,0,0,2,0,1,0,0,0,0,2,0,0,0,0,1,0,0,3,0,0,2,5,0,0,2,0,0,0,0,0,2,0,1,0,0,0,0,1,1,0,0,2
0,0,0,0,0,0,0,0,0,2,0,0,0,0,2,0,0,0,4,0,0,2,0,0,1,0,1,0,1,0,0,0,1,0,3,0,1,0,0,0,0,0,1,1,2,12,2,1,3,0,0,0,0,0,2,0,7,1,0,1,6,2,3,2,2,0,0,1,0,0,1,0,0,0,0,0,2,0,0,0,0,0,0,1,3,0,0,0,0,0,3,0,3,0,0,1,1,2,1,3,0,3,1,0,0,0,3,0,2,0,1,1,0,0,0,0,0,0,2,0,0,0,0,0,0,0,0,0,0,0,0,0,0,0,1,0,0,0,0,1,0,0,0,0,1,0,0,0,1,1,0,0,0,0,0,0,0,0,0,0,0,0,0,2,0,0,3,0,0,2,0,0,3,0,1,1,0,1,1,2,0,0,0,0,0,1,1,1,0,1,0,2,2,0,0,1,0,0,1,0,1,0,0,0,2,0,0,0,0,1,0,0,0,2,0,0,0,0,0,1,0,0,0,2,0,0,0,0,0,1,0,0,0,0,0,5,0,0,0,0,0,0,0,0,0,1,2,0,0,0,1,0,0,0,0,1
0,0,0,0,0,0,0,3,1,3,0,3,0,0,3,0,0,0,0,0,0,0,0,0,3,1,1,0,0,0,0,0,2,0,0,0,0,0,0,0,1,0,0,0,1,12,1,0,4,0,0,0,0,0,0,2,10,2,0,0,7,0,2,2,1,0,1,0,0,0,3,0,0,0,0,0,0,1,0,2,0,0,0,0,0,0,0,0,0,2,0,0,1,0,0,0,0,4,1,0,0,0,0,0,0,0,3,0,1,0,0,1,0,0,0,0,1,0,0,0,0,0,0,0,0,2,0,0,0,0,1,0,0,0,0,0,0,0,0,0,0,0,0,0,0,0,0,0,0,1,0,0,0,2,0,0,1,0,0,1,0,0,0,0,0,0,5,0,0,1,1,2,3,0,0,0,0,0,0,1,0,1,0,0,1,0,0,0,0,0,0,1,4,0,0,0,0,0,0,0,0,0,0,0,0,0,0,0,0,0,0,0,0,0,0,3,1,0,0,0,0,0,0,2,0,0,0,1,0,0,0,0,0,0,0,2,0,1,0,1,1,1,0,0,0,0,0,0,0,0,0,0,0,0,0,1
0,0,0,0,0,0,0,2,3,3,0,0,0,0,3,0,0,1,4,0,0,0,0,0,2,0,0,0,0,0,0,0,0,0,0,0,0,0,0,0,0,0,0,0,1,12,1,1,4,0,0,0,0,0,0,0,9,0,0,0,4,0,1,3,0,0,0,0,1,0,0,0,0,0,0,0,1,1,0,1,0,0,0,0,0,0,1,0,0,0,0,0,3,1,0,0,3,4,0,0,0,0,1,0,0,0,4,0,0,0,0,0,0,0,0,0,2,0,0,0,0,0,1,0,0,0,0,0,0,0,0,0,0,0,0,0,0,0,0,0,0,0,0,0,0,0,0,0,0,0,0,0,0,0,0,1,0,0,0,1,0,0,0,5,0,0,1,0,0,1,0,0,0,0,0,0,0,0,0,2,0,0,0,0,1,0,0,0,0,0,0,2,4,0,0,0,0,0,0,0,1,0,1,0,0,0,1,0,0,0,1,0,0,0,0,0,2,0,0,0,0,0,0,1,0,0,0,0,0,0,0,0,0,0,0,5,0,1,0,0,0,1,0,0,0,1,4,0,0,0,3,0,0,0,1,1
0,0,0,0,0,0,1,0,2,3,1,4,0,0,3,1,1,1,0,4,0,0,1,0,1,1,2,0,1,0,2,0,0,0,1,0,0,1,0,0,4,0,1,1,1,13,0,1,3,0,1,0,0,0,0,0,10,1,0,0,4,2,3,4,1,1,0,0,0,0,5,0,0,0,0,0,0,0,0,0,0,0,0,0,1,0,1,0,0,0,1,0,0,0,0,0,0,3,0,0,1,0,0,0,0,0,3,0,1,0,0,1,0,0,0,0,0,0,1,0,0,0,2,0,0,0,2,0,0,0,0,0,0,0,0,0,0,0,0,0,0,0,0,0,0,0,0,0,0,0,0,0,0,0,0,0,0,0,0,0,1,0,0,2,1,0,1,0,0,1,0,0,0,0,0,0,1,0,0,4,0,0,2,0,0,0,0,0,0,1,2,1,3,0,1,1,0,0,2,0,4,0,0,0,0,0,0,0,0,2,1,4,0,1,2,0,0,0,4,1,1,0,0,5,0,0,0,0,1,2,0,0,0,0,0,4,0,0,0,2,1,0,0,1,0,0,0,1,0,1,0,1,0,0,1,0
0,0,0,0,0,0,0,1,1,4,0,0,0,0,4,0,0,0,0,0,0,0,0,0,2,0,0,0,1,0,0,0,0,0,0,0,0,0,0,0,0,2,0,0,0,14,0,0,4,0,0,0,0,0,2,0,8,0,0,0,4,0,0,3,0,0,0,0,0,0,0,0,0,2,0,0,0,1,0,0,0,0,0,0,0,0,0,0,3,1,0,0,4,0,0,0,1,4,0,0,0,0,0,0,0,0,5,1,0,0,0,0,0,0,0,0,0,0,0,0,0,0,0,0,0,0,0,0,0,0,0,0,0,0,0,0,0,0,0,0,0,0,1,0,0,0,0,0,2,0,0,0,0,0,0,0,0,0,0,1,0,0,0,0,0,0,2,0,0,0,0,0,0,0,0,0,0,0,1,0,0,0,1,0,1,0,0,0,0,1,0,3,4,0,0,0,1,2,0,1,0,0,1,0,0,0,1,0,0,0,0,3,0,0,0,0,3,0,0,0,0,0,0,0,0,0,0,0,0,0,0,0,0,0,0,7,0,0,0,0,3,1,0,1,0,0,0,0,0,0,5,0,0,0,1,1
0,0,0,0,0,0,0,0,1,2,0,0,0,0,3,0,3,3,3,0,0,1,0,0,0,0,0,0,0,0,1,0,0,0,0,0,0,0,0,0,0,1,3,0,2,4,0,0,2,0,0,0,0,0,1,0,3,1,0,0,4,0,2,1,2,2,1,0,0,0,1,0,0,0,0,0,2,0,0,0,1,0,0,1,0,0,0,0,0,0,2,0,1,0,0,0,0,3,0,0,0,0,0,1,0,0,2,0,0,0,0,0,0,0,0,0,0,0,0,0,0,0,0,0,0,0,0,0,0,0,0,0,0,0,0,0,0,0,0,0,0,0,0,0,0,0,0,0,0,1,0,0,0,0,0,0,0,0,1,0,0,0,0,2,2,1,1,0,0,2,0,0,0,0,2,0,0,0,0,7,1,2,0,0,3,0,1,0,0,1,4,1,2,0,0,1,1,0,0,0,0,0,2,0,0,0,0,0,0,0,2,0,1,1,2,0,1,0,0,0,0,0,0,2,0,2,0,0,0,1,0,0,1,0,2,1,1,0,2,0,0,0,0,0,1,0,0,0,0,0,2,5,1,0,0,2
0,1,0,0,0,0,0,1,3,4,0,1,0,0,4,1,0,0,5,0,0,0,1,0,1,0,0,0,0,0,0,0,0,0,1,0,0,0,0,0,3,0,0,0,1,14,1,1,4,0,0,0,0,0,1,0,8,0,0,0,4,0,0,1,0,0,0,0,1,0,0,0,0,0,0,0,0,2,0,0,0,0,0,0,0,0,1,0,0,0,0,0,1,0,0,0,0,4,0,0,0,0,0,0,0,0,4,0,0,0,0,0,0,0,0,0,1,0,0,0,0,0,0,0,0,0,0,0,0,0,0,0,0,0,0,0,0,0,0,0,0,0,1,0,0,0,0,0,0,0,0,0,0,0,0,0,0,0,0,0,0,0,0,1,0,1,0,0,0,0,3,0,2,0,0,0,0,0,0,0,0,0,1,0,2,0,0,0,0,0,0,1,4,0,0,0,0,0,0,0,0,0,1,0,0,1,1,0,0,1,0,1,0,0,0,0,0,0,0,0,0,0,0,0,0,0,0,1,0,0,0,0,0,0,0,7,0,0,0,0,0,0,0,0,0,0,2,0,0,0,5,0,0,0,1,0
0,0,0,0,0,0,1,0,0,2,0,0,0,0,2,0,6,0,2,0,0,0,0,0,0,0,4,1,0,0,0,0,0,0,1,0,0,0,0,0,1,1,1,0,2,8,2,0,3,0,1,0,0,0,1,0,7,2,1,0,4,1,5,2,1,0,0,0,0,0,0,0,0,0,0,0,0,1,0,0,1,0,0,0,0,0,1,0,0,0,2,0,0,1,0,0,1,3,0,1,0,0,2,0,0,0,2,1,0,1,1,0,0,1,0,0,3,0,0,0,0,0,0,0,0,1,1,0,0,0,0,0,1,0,0,0,0,1,0,0,0,0,0,0,0,0,0,0,1,0,0,0,0,0,0,0,1,0,0,0,0,0,0,3,0,0,0,1,0,2,1,0,1,0,1,0,0,0,0,4,0,0,0,0,0,1,0,1,0,1,1,4,2,0,0,1,0,0,1,0,1,0,2,0,0,0,0,0,0,1,0,0,0,2,1,0,1,0,5,1,1,0,0,4,0,1,0,0,1,1,0,0,0,0,3,4,0,0,0,0,0,2,1,0,0,0,1,0,0,0,1,1,0,0,2,0
0,0,0,0,1,0,0,0,2,1,0,1,0,1,1,1,2,2,0,0,0,0,0,0,1,0,4,0,0,0,0,0,0,0,0,0,0,0,0,0,0,0,1,0,3,8,1,0,3,0,0,0,0,1,2,0,5,0,0,0,8,0,5,4,1,2,2,0,0,0,3,0,0,2,0,0,0,0,0,1,1,0,0,0,0,0,1,0,0,2,3,0,1,0,0,0,0,3,0,0,0,0,0,0,0,0,2,0,0,0,0,0,0,0,0,0,0,0,0,0,0,0,0,0,0,0,0,0,0,2,0,0,0,0,0,0,0,0,0,0,0,0,0,0,0,0,0,0,2,1,0,0,0,0,0,0,0,0,0,0,0,0,0,0,3,0,1,0,0,3,0,0,0,0,0,0,0,0,1,6,0,0,0,0,0,0,0,1,0,0,0,3,1,0,0,1,0,0,0,0,0,0,1,0,0,0,0,0,0,1,0,0,0,1,2,0,0,0,2,0,0,0,0,3,0,0,0,0,0,2,0,0,0,0,2,3,0,2,0,0,0,0,0,0,0,0,0,0,0,0,1,1,0,0,0,0
0,0,0,0,0,0,0,0,2,3,0,1,0,0,3,0,0,0,3,0,0,2,1,0,1,0,0,0,0,0,0,0,0,1,1,0,0,0,1,0,1,0,0,0,0,14,2,1,4,0,1,0,0,0,0,0,11,1,0,0,3,1,0,3,0,0,0,0,1,1,0,0,0,0,0,0,0,0,1,1,0,0,0,0,0,0,0,0,0,1,0,0,1,0,0,0,0,4,0,0,0,0,0,0,0,0,3,0,0,0,0,0,0,0,0,0,0,0,0,0,0,0,0,0,0,0,0,0,0,0,0,0,1,0,1,0,0,0,2,0,0,0,0,0,0,0,0,0,1,0,0,0,0,0,0,0,0,0,2,0,0,0,1,3,1,1,5,1,2,0,1,0,1,0,0,0,0,1,0,0,0,0,0,0,0,1,0,1,0,1,0,0,3,0,0,0,0,2,0,0,0,0,0,0,0,0,1,0,0,2,0,1,0,0,0,0,1,0,0,0,0,1,0,0,0,0,1,0,1,3,0,0,0,0,0,6,0,0,0,0,0,0,0,0,1,1,0,0,0,2,1,0,0,0,0,0
0,0,0,0,0,0,0,0,3,2,0,1,0,0,3,0,2,1,1,1,0,0,0,0,0,0,1,0,0,1,0,0,0,1,0,0,0,0,0,0,0,0,2,0,2,6,0,1,2,0,0,0,0,0,0,0,4,0,0,0,4,0,1,3,1,0,0,1,0,0,0,0,0,0,0,0,0,0,0,0,0,1,1,0,0,0,0,0,0,0,2,0,1,0,1,0,0,2,0,0,0,0,1,0,0,1,3,0,0,1,0,0,0,0,0,1,0,0,0,0,1,1,0,0,0,1,0,1,0,0,0,0,0,0,0,0,0,0,0,0,0,0,0,0,0,0,0,0,0,0,0,1,0,0,0,0,0,0,0,0,0,0,0,0,2,1,1,0,0,2,0,0,0,0,2,0,0,0,0,4,0,0,0,0,0,0,1,0,0,1,1,0,2,0,0,2,0,0,1,0,1,0,0,0,0,0,0,1,0,1,0,0,1,2,0,0,0,0,0,2,1,0,0,1,1,1,0,0,0,0,0,0,0,0,2,1,0,1,0,0,0,0,0,0,0,0,0,0,0,0,1,3,0,0,0,0
0,0,0,0,0,0,0,0,0,4,1,0,0,0,3,0,1,2,2,2,0,1,0,0,0,0,0,0,0,0,0,0,1,0,0,0,0,0,0,0,2,0,1,0,1,8,2,0,3,0,0,0,0,0,1,0,5,0,0,0,5,0,0,1,1,0,0,0,3,0,4,0,0,0,0,0,0,0,0,0,0,0,0,0,0,0,0,0,0,0,1,0,4,0,0,0,0,3,0,0,0,0,0,0,0,0,3,0,0,0,0,0,0,0,0,0,0,0,0,0,0,0,0,0,0,1,0,1,0,0,0,0,0,0,0,0,0,0,0,0,0,0,0,0,0,0,0,0,3,0,0,0,0,0,1,0,0,0,0,0,0,0,0,2,0,0,0,0,0,1,1,0,2,0,0,0,0,0,0,3,0,0,0,0,0,0,0,0,0,0,1,0,3,0,0,1,0,0,0,0,0,0,1,0,0,1,1,0,0,1,1,0,0,1,0,0,2,0,2,1,0,1,0,1,0,0,1,0,0,0,0,0,0,0,1,1,0,0,0,0,0,0,0,0,0,0,0,0,0,0,1,1,0,0,0,1
0,0,0,0,0,0,0,0,3,2,0,1,0,0,3,0,3,2,2,0,0,2,1,0,0,2,1,1,0,0,1,0,0,0,0,0,0,0,0,0,0,0,3,0,2,8,0,0,2,0,0,0,0,0,1,0,5,1,0,2,4,1,3,2,1,0,1,0,0,0,0,0,0,0,0,0,0,0,0,0,0,0,0,0,2,0,0,0,0,0,3,0,2,1,1,1,1,2,0,0,0,0,0,0,0,0,2,0,1,1,0,2,0,0,0,1,0,0,0,0,0,0,0,0,1,0,0,1,0,0,0,0,2,1,0,0,0,0,0,0,0,0,0,0,0,0,0,0,2,0,0,0,0,0,1,1,1,0,0,0,0,0,0,3,3,0,3,0,0,2,0,0,0,0,3,0,0,0,1,6,0,1,0,0,1,0,0,0,1,2,2,4,2,0,0,1,1,0,0,1,1,0,3,0,1,0,0,1,0,2,1,0,0,1,1,1,0,0,2,1,1,0,0,6,0,0,0,0,0,0,2,0,0,0,2,0,0,1,1,0,0,0,0,0,1,0,0,0,0,0,0,3,0,0,0,1
0,0,0,0,0,0,0,0,3,2,0,0,1,0,2,0,1,0,1,0,1,1,0,0,0,0,0,0,0,0,0,0,0,0,2,0,0,0,0,0,1,0,2,0,3,11,3,0,2,0,0,2,0,0,0,0,4,2,0,1,4,1,2,2,0,0,0,1,1,0,2,0,0,0,0,0,2,0,0,0,0,0,0,1,0,0,3,0,1,4,2,0,1,1,0,3,0,2,0,0,0,0,1,0,0,0,2,1,0,0,1,1,0,0,0,0,0,0,0,1,0,0,1,0,0,0,0,0,0,0,0,0,2,0,0,0,0,1,0,1,0,0,0,0,1,1,0,0,0,1,0,0,0,0,0,0,0,0,0,0,0,0,1,2,4,1,2,0,0,2,0,0,0,0,2,0,0,0,1,6,0,0,0,0,0,0,0,0,0,0,0,2,2,0,1,2,1,0,1,0,0,0,0,0,0,0,0,0,0,0,0,0,0,2,1,3,0,0,0,1,1,0,0,2,1,0,0,2,3,0,1,0,0,3,5,5,0,1,1,0,2,0,0,0,0,0,0,2,0,1,2,5,0,0,0,1
0,0,0,0,0,0,0,0,0,2,2,0,0,0,2,0,1,3,3,0,1,1,0,0,0,1,1,0,0,0,1,0,0,0,1,1,0,0,0,0,0,0,2,0,2,7,2,0,2,0,0,1,0,0,0,0,4,0,0,2,4,0,2,2,3,0,0,0,0,0,0,0,0,0,0,0,0,0,1,0,0,0,0,0,0,0,0,0,1,0,2,0,0,0,0,0,1,2,0,0,3,0,0,0,0,0,2,0,0,0,2,0,0,0,0,0,0,0,0,0,2,0,6,0,0,0,0,1,0,0,0,0,0,0,0,0,0,0,0,0,0,0,0,0,0,0,1,0,1,0,0,0,1,0,0,0,0,0,0,0,0,0,0,2,2,0,0,0,0,2,0,0,0,0,2,0,0,0,0,3,0,0,0,0,0,0,0,0,0,1,0,1,2,0,0,2,1,0,0,0,1,0,1,0,0,0,1,0,0,1,0,0,0,2,0,0,0,0,0,2,1,0,0,1,0,0,0,0,0,0,0,1,0,0,3,2,0,2,0,0,1,1,0,0,0,0,0,0,0,0,1,2,0,0,0,0
0,0,0,0,0,0,0,0,0,3,0,0,0,0,3,0,0,0,5,0,0,0,1,0,1,0,0,0,0,2,0,0,0,1,2,0,0,0,0,0,2,0,2,0,1,13,3,0,3,0,0,1,0,0,1,0,9,1,0,0,4,1,2,5,0,1,0,0,0,0,4,0,0,0,2,0,0,3,0,0,0,0,0,0,0,0,0,0,0,3,1,0,3,0,0,1,1,3,0,1,1,0,1,0,0,0,3,1,1,0,0,0,1,0,0,0,0,0,0,0,0,0,0,0,0,0,0,0,0,1,0,0,0,0,0,0,0,0,1,0,0,0,0,0,0,0,0,0,1,0,1,0,0,0,0,0,0,0,0,0,0,0,0,6,0,0,1,0,0,3,1,0,0,0,1,0,0,0,0,0,0,0,0,0,0,0,0,0,0,1,0,1,3,0,0,1,0,0,0,0,2,0,1,0,0,0,1,0,0,0,1,0,0,1,0,1,0,0,1,1,2,0,0,1,0,0,1,0,1,0,0,2,0,1,1,2,1,0,0,0,1,0,0,0,0,1,0,0,0,0,0,2,0,0,0,0
0,0,0,0,0,0,0,0,1,2,0,0,0,0,1,0,1,2,1,0,1,0,0,0,0,0,1,0,0,0,0,0,0,0,0,0,0,0,0,0,3,0,2,0,2,6,0,1,3,0,0,0,0,0,0,0,3,0,0,1,5,1,3,0,0,0,0,0,0,0,0,0,0,0,0,0,0,0,0,0,0,0,0,1,0,0,1,0,0,1,2,0,1,0,0,0,0,2,0,0,0,0,0,0,0,0,2,0,2,0,0,0,0,0,0,0,0,0,0,0,0,0,0,0,0,0,0,0,0,1,0,1,0,0,0,0,0,0,0,0,0,0,1,0,0,0,1,0,0,2,0,1,0,0,0,0,0,0,0,0,0,0,0,1,1,0,0,0,0,3,0,0,2,0,2,0,0,0,0,5,1,0,0,0,1,0,1,0,0,0,0,2,2,1,0,1,1,0,1,0,0,0,1,0,0,0,0,0,0,1,0,0,0,1,0,0,3,0,2,0,0,0,0,3,0,0,0,0,0,0,0,0,0,0,3,1,0,0,1,0,0,0,0,0,0,0,0,0,0,0,1,2,0,0,0,1
0,0,0,0,0,1,0,1,2,1,0,0,0,0,1,1,1,3,4,0,1,0,0,0,2,0,0,1,0,0,0,0,0,0,0,0,0,0,0,0,1,0,3,0,3,3,0,0,1,0,0,0,0,0,0,0,2,0,0,1,4,0,1,1,1,0,1,1,0,0,0,0,1,0,2,0,1,0,0,0,0,0,1,1,0,0,1,0,0,1,3,2,2,0,0,1,0,1,0,1,0,0,0,1,0,1,1,0,0,0,0,1,0,0,0,0,1,0,0,0,0,0,0,0,0,0,0,0,0,0,0,0,1,0,0,0,0,0,0,0,0,1,0,0,0,0,1,0,2,0,0,1,0,0,0,0,2,0,0,0,0,0,0,2,4,0,0,0,0,3,0,0,1,0,2,0,0,1,0,4,0,1,0,0,0,0,1,0,0,0,0,2,1,0,1,2,0,0,0,0,0,0,1,0,1,0,0,0,0,1,0,0,0,2,0,0,0,0,1,1,0,1,0,3,0,0,0,0,0,0,0,1,0,0,2,1,1,0,1,0,1,1,0,0,1,0,0,0,0,0,0,1,0,0,0,1
0,0,0,0,0,0,0,1,0,5,0,1,0,0,4,0,0,0,4,0,0,1,0,0,1,0,0,1,1,0,0,0,1,0,2,0,0,0,0,1,0,0,0,0,0,13,3,0,4,2,2,1,0,0,0,0,10,0,0,0,4,1,0,6,0,2,0,0,1,0,0,0,0,0,0,0,0,1,0,0,0,2,0,0,0,0,0,0,0,1,0,0,3,0,0,0,1,4,0,0,0,0,0,0,0,0,4,0,0,0,0,0,0,0,0,0,0,0,0,0,0,0,0,0,0,0,0,0,0,2,0,0,0,0,2,0,0,0,0,0,0,0,1,0,0,0,1,0,3,0,0,0,0,0,0,0,0,0,0,0,0,0,0,3,0,0,2,1,0,0,0,0,0,0,0,0,0,0,1,0,0,0,0,0,0,0,0,0,0,1,0,1,4,1,1,0,0,4,0,0,0,0,1,0,0,0,0,0,0,0,0,0,1,0,0,0,3,0,0,0,0,0,0,0,0,0,0,0,0,0,0,0,0,0,0,2,0,0,0,0,1,1,0,0,0,0,0,0,0,0,2,0,0,0,0,1
0,0,0,0,0,0,0,1,3,3,0,2,0,0,3,0,0,0,3,2,0,1,0,0,2,1,0,0,1,0,1,0,0,1,0,0,2,0,1,0,0,0,0,0,0,11,1,0,4,0,0,0,0,0,0,0,8,0,0,0,3,1,0,2,0,0,0,0,1,0,0,0,0,2,0,0,0,2,0,0,0,0,0,0,0,0,0,0,1,2,0,1,3,0,0,1,0,3,0,0,0,0,0,0,0,0,3,0,1,0,1,0,0,0,0,0,0,0,0,0,0,0,1,0,0,0,0,0,1,0,0,0,0,0,0,0,0,0,0,1,0,0,1,0,0,0,1,0,2,3,0,0,0,0,1,0,0,0,1,0,0,0,0,3,0,0,6,2,0,0,0,0,3,0,0,1,0,1,0,0,1,0,0,0,2,1,0,1,0,0,0,0,3,0,1,0,0,0,0,0,1,0,0,0,0,0,0,0,0,2,1,0,0,0,0,0,1,0,0,0,0,0,0,0,0,0,1,1,0,0,0,0,0,0,0,3,0,0,0,0,0,1,0,0,1,1,0,0,0,0,0,0,0,0,0,0
0,0,0,0,0,0,1,1,3,5,0,3,0,0,2,2,0,0,3,0,0,1,0,0,3,0,0,0,0,4,0,0,1,0,1,0,0,0,0,0,0,0,0,0,0,14,2,0,4,0,1,0,0,0,1,0,10,0,0,0,4,1,0,2,0,0,0,0,1,1,1,0,0,0,3,0,0,0,0,1,0,0,0,1,0,1,0,0,0,3,0,0,6,2,0,0,3,4,0,0,0,0,0,0,0,0,4,0,0,2,0,1,0,1,0,0,0,0,0,0,0,0,2,1,0,0,0,0,2,1,0,0,1,0,1,0,0,0,0,0,0,0,0,0,0,0,0,0,0,0,0,0,2,0,0,0,0,1,0,0,0,0,0,6,1,0,4,2,0,1,0,1,1,0,0,0,0,0,0,0,0,0,0,0,0,0,0,0,0,1,0,1,4,0,1,2,0,0,0,1,2,0,2,0,0,0,0,0,0,0,0,0,0,1,2,0,0,0,0,1,0,0,0,0,0,0,1,0,0,1,0,0,0,0,0,1,0,0,0,0,0,0,0,2,0,0,0,0,0,3,3,0,0,0,0,0
0,0,0,1,0,0,0,0,1,2,0,1,0,0,2,0,0,2,2,1,0,1,0,0,2,0,0,0,1,0,0,0,0,0,2,0,0,0,0,0,2,1,1,0,1,12,1,0,3,0,0,0,0,0,1,0,8,0,0,1,4,0,1,3,0,1,0,0,1,0,2,0,0,0,0,0,0,0,0,1,0,0,0,0,0,0,0,1,0,2,1,0,0,0,0,1,1,3,1,0,0,0,0,1,0,3,3,0,0,0,0,0,0,0,2,0,0,0,0,0,0,0,0,0,0,0,0,0,0,0,0,0,2,0,0,0,0,0,1,0,0,0,1,0,0,0,0,0,2,0,0,0,0,0,0,0,0,0,0,1,0,0,1,2,2,0,0,0,0,2,5,0,1,0,2,1,0,0,0,3,0,0,0,0,1,0,2,0,0,0,0,3,3,0,0,0,0,0,0,0,0,0,0,0,0,0,0,0,0,2,0,1,0,0,1,0,0,0,1,0,0,1,0,0,0,1,0,0,0,0,0,0,0,0,1,0,0,0,1,0,0,0,0,0,1,1,1,0,0,1,4,0,0,0,2,1
0,0,0,0,0,0,0,0,2,4,0,0,0,0,4,0,0,0,5,0,0,2,0,0,1,0,0,0,0,0,0,0,2,0,2,0,0,0,0,0,1,0,1,0,0,8,2,1,4,0,0,0,0,0,0,0,6,0,0,0,4,0,0,3,1,0,0,0,1,0,2,0,0,0,0,0,1,2,0,0,0,0,0,0,0,0,0,0,0,0,0,0,4,0,0,1,1,4,0,0,0,0,0,0,0,0,4,1,0,0,1,1,0,0,0,0,1,0,0,0,0,0,0,0,0,0,0,0,0,1,0,0,2,0,1,0,0,0,0,0,0,0,0,0,0,0,0,0,2,1,0,0,0,0,0,0,0,0,0,0,0,0,0,3,1,0,0,0,0,0,0,0,2,0,0,0,0,0,0,0,0,0,0,0,0,0,0,0,0,0,0,0,4,0,0,0,0,0,0,0,1,0,3,1,0,0,1,2,0,1,0,0,0,0,0,0,1,0,0,0,1,1,0,0,0,0,0,0,0,0,0,0,0,0,0,2,1,1,0,0,0,1,0,1,0,0,0,0,0,0,0,0,0,0,0,0
0,1,0,0,0,0,0,0,0,2,0,1,0,0,2,0,2,1,0,0,1,2,0,0,2,0,2,0,0,0,0,0,1,0,0,0,0,0,0,0,0,1,1,0,1,8,0,0,2,0,1,0,0,0,0,0,5,3,0,0,4,0,1,1,0,0,0,0,1,0,0,0,1,0,0,0,0,1,0,0,2,0,0,0,0,1,1,0,0,0,1,1,2,0,0,4,2,2,0,0,0,0,1,1,0,0,2,3,0,0,0,0,0,0,0,0,0,0,0,0,1,1,0,0,0,0,0,0,0,0,0,0,0,0,0,0,0,0,0,0,0,0,1,0,2,0,1,0,2,0,0,1,0,0,0,0,0,0,0,0,0,0,0,0,1,0,1,0,0,1,0,0,1,0,0,0,0,0,0,1,0,0,1,0,0,0,0,0,0,0,0,0,2,0,2,1,0,1,0,0,0,0,0,1,0,0,1,0,0,0,0,0,1,1,0,1,0,0,0,1,0,0,0,2,0,0,1,1,1,0,0,1,0,1,1,4,0,0,0,0,1,0,1,0,0,1,0,2,0,0,0,0,0,0,4,1
0,1,0,0,0,0,0,0,2,2,0,1,0,0,2,0,0,0,4,0,0,0,0,0,2,0,0,0,1,0,0,0,0,0,0,0,0,0,0,0,0,0,1,0,2,9,2,0,3,1,0,0,0,0,2,0,7,1,0,0,6,0,1,2,1,0,0,0,1,0,1,0,0,0,0,0,0,0,0,2,0,0,0,0,0,0,0,0,0,2,2,0,3,0,0,0,1,3,0,1,0,0,0,0,0,0,2,0,0,0,0,0,0,1,0,0,0,0,0,0,0,0,0,0,1,0,0,0,0,0,0,0,1,0,1,0,0,0,0,1,0,0,0,0,0,0,0,0,0,1,0,0,0,0,0,0,0,0,0,1,0,0,0,2,0,0,2,0,0,2,1,0,1,1,0,0,1,0,0,3,0,0,0,1,0,0,0,0,0,0,0,0,3,0,0,1,0,0,0,0,1,2,0,0,0,0,0,0,0,1,0,0,0,1,0,0,0,0,2,1,0,0,1,1,0,0,0,0,0,0,0,0,0,0,0,2,0,1,0,0,1,0,0,0,0,0,0,0,0,0,0,1,1,0,0,0
0,0,0,0,0,0,0,0,1,1,0,1,0,0,0,0,0,0,0,0,0,0,1,0,1,0,0,0,0,0,1,0,2,0,1,0,0,0,0,0,1,0,3,0,3,7,0,0,2,0,0,0,0,0,0,0,3,1,0,0,4,1,2,2,2,0,0,0,2,0,1,1,0,0,1,0,0,0,0,0,1,0,0,0,0,0,2,0,0,3,2,0,2,0,0,0,0,2,0,0,0,0,0,0,0,0,2,0,0,1,0,0,1,2,0,0,0,0,0,0,1,2,0,0,0,1,0,0,0,0,0,0,0,0,0,0,0,0,0,0,0,0,0,0,0,0,0,0,0,0,0,0,0,0,0,0,0,0,0,0,0,0,0,2,2,3,0,1,0,3,0,0,1,0,3,0,1,0,0,2,0,1,0,0,2,0,1,0,0,2,0,2,4,1,1,1,0,0,0,2,0,0,0,0,0,0,0,0,0,0,2,0,0,1,0,1,0,0,0,0,0,0,0,4,2,0,1,1,0,0,0,0,1,0,3,1,0,0,2,0,0,0,1,0,2,0,0,0,0,0,0,3,0,0,0,1
0,0,0,0,0,0,0,1,2,2,0,0,0,0,2,1,0,0,0,0,0,0,0,0,1,0,0,0,2,1,0,0,0,0,2,0,0,0,0,0,1,0,1,0,2,8,0,1,3,0,0,1,0,0,0,0,4,0,0,1,4,1,1,2,0,0,1,0,1,0,0,0,1,0,1,0,1,0,0,0,0,0,0,0,0,0,0,0,0,1,1,0,2,1,0,0,0,3,0,0,0,0,0,1,1,0,2,0,0,0,1,0,0,0,0,0,1,0,0,0,0,1,0,0,0,0,0,0,0,0,0,2,0,0,0,0,0,0,0,2,0,0,0,0,2,0,0,0,0,0,0,0,0,1,0,0,0,0,1,0,0,0,0,0,1,0,0,0,2,1,1,0,0,1,1,0,0,0,0,1,0,0,0,0,0,0,0,0,1,1,0,0,3,3,2,2,1,2,0,0,0,1,1,0,0,0,0,0,0,0,0,1,1,1,0,0,1,0,1,2,0,1,0,0,0,0,0,1,0,0,0,0,0,0,2,1,0,0,0,0,0,0,0,0,0,0,0,0,0,0,0,2,0,0,0,1
0,0,0,1,0,2,1,0,0,2,0,1,1,0,2,1,5,4,7,1,0,2,0,0,2,0,3,0,0,0,0,0,0,0,0,0,0,0,0,0,2,1,2,0,3,12,2,0,2,0,0,0,0,0,0,0,5,0,0,0,5,0,1,1,5,0,0,0,4,1,2,0,0,0,0,0,0,0,0,0,1,0,0,0,0,1,0,0,2,0,2,0,2,7,0,7,0,2,0,1,0,1,0,0,0,1,3,1,2,0,0,0,0,1,0,0,2,0,0,0,0,0,0,0,0,0,0,0,0,0,0,0,0,0,1,1,0,1,3,0,0,0,2,1,1,0,0,0,2,0,0,1,0,0,0,0,0,0,0,1,0,0,0,2,1,0,0,0,0,3,0,1,1,0,1,0,0,0,2,9,0,0,0,0,2,0,0,0,0,1,6,0,2,0,0,0,0,0,0,0,1,0,0,0,0,0,1,0,0,1,0,0,0,0,0,0,1,1,5,0,0,0,0,3,1,0,0,0,0,0,0,2,0,0,0,6,2,0,6,0,1,0,0,2,2,0,0,0,0,1,1,1,0,0,1,5
1,0,0,0,1,0,0,1,0,2,1,0,0,0,2,1,2,1,3,0,0,1,1,0,1,0,0,0,0,0,0,0,0,2,3,0,0,1,0,0,0,0,2,0,2,11,0,0,2,0,0,0,0,1,0,0,9,0,1,1,4,0,2,1,1,0,0,0,0,0,1,0,0,0,2,0,1,0,0,1,0,0,0,3,0,0,0,0,0,3,2,0,0,0,0,0,0,2,0,1,0,1,0,0,0,0,2,0,0,1,0,0,0,1,0,0,0,0,0,0,0,0,0,0,0,0,0,0,0,0,0,0,1,0,0,0,0,0,0,0,0,0,1,0,1,0,0,0,2,0,0,0,0,0,0,0,0,0,1,0,0,1,0,2,0,0,1,0,0,2,4,0,3,0,2,0,0,0,0,3,0,0,0,0,2,0,2,0,0,0,1,3,3,0,0,1,0,0,0,0,0,0,0,0,0,0,0,0,0,0,0,0,0,1,0,0,1,0,2,1,1,0,0,3,1,0,1,0,0,0,0,3,0,0,0,8,0,0,1,0,1,0,0,1,1,0,0,0,0,2,5,0,0,0,0,1
1,0,0,0,0,0,0,1,0,1,0,0,0,0,1,2,0,1,0,0,0,0,0,0,0,0,1,0,0,0,0,0,0,0,0,0,1,0,0,0,1,0,2,0,2,4,0,0,1,0,0,0,0,0,2,0,2,2,0,0,3,5,5,0,0,0,0,0,0,0,1,0,0,0,0,0,0,1,0,0,0,0,1,0,0,0,1,0,0,2,2,1,2,0,0,0,0,1,0,0,0,0,0,0,0,4,2,0,0,1,0,2,0,0,0,2,1,0,0,0,0,0,0,0,0,0,0,1,0,0,1,0,0,1,0,0,1,1,1,0,0,1,0,0,1,0,1,1,1,1,0,1,0,0,0,0,1,0,1,0,1,0,0,0,0,0,1,0,0,2,0,0,1,0,1,1,1,0,0,1,1,0,0,0,1,1,0,1,0,0,0,3,2,0,0,2,0,0,1,0,0,0,0,0,0,0,0,0,1,0,0,1,0,2,0,2,1,0,0,2,0,0,1,1,0,0,1,0,0,3,0,1,0,0,3,1,1,0,0,0,0,0,0,0,1,1,2,0,0,0,0,4,0,0,0,1
0,1,0,0,1,0,0,0,0,4,0,2,0,0,3,1,0,0,1,1,0,0,0,0,0,1,0,0,0,0,0,0,0,0,0,0,0,0,0,0,3,0,2,0,1,13,2,0,3,0,0,1,0,2,0,0,7,1,1,0,5,0,3,4,0,0,0,0,2,0,0,0,2,0,0,0,0,0,0,0,0,0,0,0,0,0,1,0,0,1,1,0,5,1,0,1,0,3,1,0,1,0,0,0,0,0,4,0,3,1,0,1,0,0,0,0,0,0,1,0,0,0,0,0,0,0,0,0,1,0,0,0,0,0,1,0,0,0,1,0,0,0,1,0,0,0,0,0,0,0,0,0,0,0,0,0,0,0,0,0,0,0,1,3,0,0,0,0,0,1,2,0,2,1,0,0,0,0,1,7,0,0,0,0,0,0,0,0,0,1,0,0,4,1,0,1,1,0,0,0,1,0,1,0,0,0,0,2,0,0,0,1,0,1,0,0,1,0,0,1,1,0,0,3,0,0,0,0,0,0,0,0,0,0,0,5,1,0,1,0,1,0,0,0,0,0,0,0,0,0,1,0,0,0,1,0
0,0,0,0,0,0,0,0,1,3,0,0,0,2,3,0,1,0,1,0,0,1,0,1,1,0,0,0,0,0,0,0,0,0,0,0,0,0,0,0,1,0,0,1,0,8,0,2,3,0,0,0,0,1,1,0,6,1,0,0,2,1,0,0,2,0,0,0,0,0,0,0,0,0,1,0,0,2,0,0,0,0,0,0,0,0,0,2,0,0,0,1,2,1,0,0,1,3,0,1,0,0,0,0,0,0,3,0,0,0,0,1,0,0,2,0,0,0,0,0,0,0,0,0,0,0,0,2,0,0,0,0,0,0,0,0,0,0,0,0,0,0,0,0,0,0,0,0,0,1,0,0,0,0,0,0,0,0,0,0,0,0,0,2,0,0,0,0,0,0,1,0,1,1,0,0,0,0,0,1,0,1,0,0,1,0,0,0,0,0,0,1,3,0,1,0,1,1,0,0,0,0,0,0,0,0,1,1,0,1,1,2,0,0,0,1,2,0,0,1,0,0,0,0,0,0,0,0,0,0,1,0,0,0,2,3,0,0,0,1,0,0,0,0,2,0,0,0,0,0,2,0,0,1,0,1
0,0,0,0,0,0,0,0,1,3,0,1,0,0,2,0,0,0,1,1,0,0,0,0,3,0,1,0,0,0,0,1,2,0,2,1,1,0,0,0,4,0,0,0,2,11,0,0,3,0,0,0,0,0,0,0,4,2,1,0,3,0,1,0,1,1,0,1,1,0,0,0,0,0,0,0,0,0,1,4,4,1,0,0,0,1,0,0,0,2,0,0,3,1,0,1,0,3,0,0,0,0,0,0,0,0,2,0,0,2,0,0,0,0,1,0,1,0,0,0,0,1,1,0,0,0,0,0,0,0,0,1,2,0,1,0,0,0,0,0,0,1,1,0,1,0,0,0,0,0,0,0,0,0,0,2,0,0,0,0,0,0,0,2,0,0,0,0,0,1,1,1,0,0,0,0,0,0,0,0,0,0,0,0,0,1,0,0,0,0,0,1,3,0,0,0,0,0,0,1,0,0,0,0,0,0,1,0,0,0,1,1,0,1,0,0,0,0,1,0,0,0,0,0,1,0,0,0,1,1,0,0,0,0,1,6,1,1,0,0,1,0,0,0,0,1,2,0,0,1,1,0,0,0,1,0
0,0,0,0,0,0,0,1,2,4,0,1,0,0,3,0,0,0,3,0,0,1,0,0,1,0,0,0,0,0,0,0,0,0,3,0,0,0,0,0,2,0,0,0,0,17,2,0,4,0,1,0,0,1,0,0,12,0,2,0,6,1,0,5,0,0,0,0,1,1,1,0,0,0,0,0,0,1,0,0,0,0,0,0,0,0,0,0,1,1,0,2,2,0,0,1,1,4,0,0,0,0,0,0,0,0,4,0,0,0,0,0,0,0,1,0,0,0,0,0,0,0,0,0,0,0,0,0,0,0,0,1,0,0,1,1,0,1,0,0,1,0,0,0,0,0,0,1,0,0,0,0,0,0,0,0,0,0,0,0,0,0,0,3,0,0,9,1,0,0,0,0,1,0,0,0,0,0,1,0,0,0,1,0,1,0,0,0,0,1,0,1,4,0,0,1,0,0,0,0,0,0,1,0,0,0,0,2,0,0,0,0,0,0,0,0,2,0,0,0,1,0,0,0,0,0,1,0,0,0,0,1,1,0,0,8,1,0,0,0,1,0,0,0,1,1,1,0,0,0,1,0,0,0,3,3
0,0,0,0,0,0,0,0,0,3,0,0,0,0,3,0,1,1,0,1,1,0,0,0,2,0,2,1,0,2,0,0,0,0,1,0,0,0,0,0,0,0,2,0,2,8,1,0,3,0,0,0,0,0,1,0,2,0,0,0,6,1,1,1,1,1,0,0,0,0,2,0,0,0,4,0,0,1,0,1,0,0,0,0,0,0,0,1,0,2,1,0,4,1,0,0,1,3,0,0,0,0,0,0,0,0,3,1,0,0,0,0,0,0,0,0,1,0,0,0,0,0,0,0,0,0,0,0,1,0,0,1,2,0,0,0,0,0,0,0,1,0,0,0,2,0,0,0,2,1,1,0,0,1,1,0,0,0,0,0,0,0,0,2,0,0,1,0,0,1,0,0,1,0,0,0,0,0,0,2,0,0,0,0,1,0,0,0,0,0,0,0,3,0,0,0,0,0,0,0,1,0,0,0,0,0,0,0,0,1,0,0,0,0,0,0,0,0,1,0,1,0,0,1,0,0,0,0,0,0,0,1,0,0,1,1,0,0,1,0,1,1,0,1,1,0,0,0,0,0,0,0,0,0,0,1
0,0,0,0,0,0,0,1,0,3,3,0,0,0,3,0,2,2,0,0,2,0,0,0,0,1,0,0,0,0,0,0,0,0,0,0,0,0,0,0,1,0,1,0,1,8,0,0,2,0,0,0,1,0,0,0,7,0,0,3,3,0,2,2,0,0,0,0,0,0,0,0,0,0,2,0,1,0,0,0,0,0,0,0,0,0,0,0,0,2,1,0,0,0,0,0,0,3,1,0,0,0,1,0,0,0,3,1,0,1,0,0,1,0,0,0,0,0,0,0,0,0,2,0,0,0,0,0,0,0,0,1,0,0,0,0,0,0,2,0,0,0,0,1,1,0,0,0,1,0,0,1,0,0,0,0,0,0,0,0,0,0,0,0,1,1,0,0,0,2,1,2,3,0,1,0,1,0,0,0,0,0,0,0,0,0,0,0,0,0,0,0,3,1,1,0,1,0,0,0,0,0,0,0,0,0,1,0,0,0,0,0,0,0,0,0,0,0,0,0,0,0,0,0,0,0,0,0,0,0,0,0,0,0,2,4,0,0,1,0,0,3,0,0,2,1,0,1,0,0,2,2,0,0,0,1
0,0,0,0,0,0,0,0,2,1,2,2,0,0,3,0,2,5,2,0,0,0,0,0,0,1,0,0,1,0,0,0,0,0,1,0,0,0,1,0,0,0,2,0,3,6,1,0,2,2,0,0,0,0,2,0,5,0,0,1,6,0,2,3,0,0,0,0,1,0,1,0,0,0,0,0,2,0,0,1,1,0,0,0,0,0,0,0,1,0,3,0,1,0,0,0,2,2,0,0,0,0,0,0,0,0,1,1,0,0,0,3,0,0,0,0,2,0,0,0,0,0,2,0,0,1,0,0,0,0,0,0,0,0,0,0,0,0,0,0,0,0,0,0,0,0,0,0,0,0,0,0,0,0,0,0,0,0,0,0,2,0,0,4,3,0,2,0,0,3,2,0,1,0,1,0,0,0,0,10,0,2,1,0,3,0,0,0,0,1,0,0,2,0,0,0,0,0,0,0,0,0,0,0,0,0,0,0,0,0,0,0,0,0,0,3,0,0,1,0,0,0,0,3,3,0,0,0,0,1,0,0,0,0,3,2,0,0,3,0,0,0,0,0,1,0,0,0,0,0,0,1,0,1,0,2
0,0,0,0,0,0,0,0,4,2,0,1,0,0,2,0,2,2,3,1,0,1,0,0,2,0,0,0,0,0,0,0,0,0,2,0,0,0,0,0,1,0,3,0,2,9,2,1,3,0,0,0,0,0,0,0,7,0,0,0,4,0,3,1,0,0,0,0,0,0,1,0,1,0,0,0,1,0,0,1,0,1,0,0,0,0,0,0,0,0,2,0,1,0,0,0,0,2,0,0,0,0,0,0,0,0,2,0,0,0,0,0,0,0,0,0,0,0,0,0,0,0,0,0,0,0,0,0,0,0,0,0,0,0,0,0,0,0,0,0,0,0,1,0,0,0,0,0,0,0,0,0,0,0,0,0,0,0,0,0,0,0,0,3,2,0,2,1,0,2,0,0,0,0,1,0,0,0,1,4,0,1,0,0,0,0,0,0,0,0,0,5,2,0,0,1,3,0,0,0,0,0,2,0,0,0,0,0,0,2,2,0,0,1,0,1,0,0,1,1,0,1,0,4,0,0,0,0,0,0,0,0,0,0,0,5,0,0,1,0,1,0,0,0,1,0,0,0,0,0,2,1,0,0,0,3
0,0,0,0,0,0,0,0,1,3,0,2,0,0,3,0,1,0,4,0,0,2,1,0,1,1,0,0,0,1,0,0,1,2,0,0,0,0,1,0,1,0,1,1,1,10,2,0,3,0,0,0,0,0,1,0,8,0,0,2,4,1,2,3,0,0,0,1,1,0,7,0,0,0,1,0,0,1,0,1,0,0,0,0,0,0,1,0,0,4,1,0,1,2,0,1,0,3,0,0,0,0,0,0,0,0,3,1,0,0,1,0,0,0,0,0,0,0,0,1,0,0,0,0,0,0,0,0,0,0,0,0,0,0,1,0,0,0,0,0,0,0,0,0,0,0,0,0,1,1,0,0,0,0,0,0,0,0,0,0,0,0,0,3,0,0,2,0,0,2,0,0,0,0,0,0,0,0,0,2,0,0,0,0,2,0,0,0,0,0,0,1,3,0,0,0,0,0,0,0,2,0,0,0,0,0,0,1,0,1,0,0,0,0,0,0,0,0,0,0,0,0,0,2,0,0,0,0,0,0,0,0,0,0,0,3,0,0,1,0,0,1,0,0,0,0,0,0,0,0,2,0,0,0,0,2
0,0,0,0,0,0,0,1,0,3,0,1,0,0,3,0,0,0,3,1,0,1,0,0,0,0,1,0,0,0,0,0,0,1,1,0,0,0,0,0,2,0,0,0,1,10,2,0,4,0,1,0,0,0,1,0,8,0,0,0,5,1,0,2,3,1,0,0,1,0,1,0,0,0,2,0,0,0,0,1,0,0,0,0,0,0,0,0,0,2,1,0,5,0,0,2,2,4,0,1,0,0,1,0,0,0,3,1,0,0,0,1,0,0,0,0,0,0,0,0,0,0,0,0,0,0,0,0,1,0,0,0,0,0,1,0,0,0,0,0,0,0,0,0,0,0,0,0,1,0,0,0,0,0,0,0,0,1,0,0,1,0,0,4,0,0,0,1,0,1,1,1,1,0,0,0,0,1,0,1,0,1,0,0,1,0,0,0,0,1,0,0,4,0,1,0,0,0,0,0,0,0,0,0,0,0,1,0,0,0,2,2,0,0,1,0,1,0,0,0,0,0,0,2,0,0,0,0,1,0,0,0,0,0,0,0,0,0,0,0,1,0,0,0,0,0,0,0,0,0,0,0,0,0,0,0
0,0,0,1,0,0,0,0,0,2,0,0,0,0,4,1,0,4,1,0,0,0,0,0,1,0,0,0,0,0,0,0,0,0,0,0,0,0,0,0,1,0,2,0,3,7,0,1,2,0,1,1,0,0,0,1,5,0,0,1,4,0,3,1,0,0,0,0,0,0,3,0,0,0,0,0,1,1,1,2,0,0,0,0,1,0,0,0,0,0,2,0,1,0,0,2,0,2,0,1,0,0,0,0,0,2,2,0,1,1,0,1,0,0,0,0,1,0,0,0,0,0,1,0,0,0,0,0,0,0,0,0,0,0,0,0,0,0,0,0,0,0,0,0,0,0,0,0,0,0,0,1,0,0,0,0,1,0,0,0,0,0,0,4,1,1,0,0,1,2,0,0,1,0,0,0,0,0,1,3,0,0,0,0,1,0,0,0,0,0,0,1,2,0,0,1,0,0,0,0,0,1,0,0,0,0,0,0,0,0,0,0,0,1,0,0,0,0,0,1,0,0,0,0,1,0,0,0,0,3,0,1,0,0,4,4,0,3,1,0,0,0,0,0,1,1,0,0,0,0,1,2,0,0,0,1
0,0,0,0,0,0,0,0,0,1,0,0,0,0,2,1,4,5,0,1,1,1,0,0,0,0,3,0,0,0,0,1,0,0,2,0,0,0,0,0,1,0,3,0,3,5,1,0,1,0,0,0,0,0,1,0,4,1,0,1,4,1,4,1,0,0,0,0,0,0,2,0,0,0,0,0,0,2,0,1,0,0,0,3,0,0,3,0,0,2,3,0,3,0,0,0,0,1,0,0,0,0,0,1,0,0,2,0,0,0,0,0,0,0,0,0,0,0,0,0,0,0,0,0,0,0,0,0,0,0,0,0,0,0,0,0,1,0,0,3,0,0,0,0,1,0,0,0,0,1,0,0,0,0,0,1,0,0,0,1,0,0,0,0,3,1,1,0,0,3,2,0,0,0,2,0,0,0,0,7,0,0,0,0,3,0,0,0,0,0,0,1,1,0,0,3,0,0,0,0,0,0,0,0,0,0,0,1,0,0,0,0,0,3,0,0,0,0,2,2,0,0,0,3,0,0,0,1,0,0,0,0,0,0,4,4,0,0,0,0,0,0,0,1,0,1,0,0,0,0,1,2,0,0,0,0
0,0,0,0,0,0,2,1,0,4,0,1,0,0,3,1,0,0,3,0,0,3,0,0,0,0,0,0,0,0,1,0,0,1,4,0,0,0,0,1,0,0,0,0,1,14,1,0,3,0,0,0,1,0,0,0,10,2,0,0,4,0,1,0,1,0,0,0,0,1,2,0,0,0,0,0,2,1,0,0,0,1,0,0,0,0,0,0,0,5,0,2,5,0,0,4,2,4,0,1,0,0,0,0,0,0,4,1,0,1,1,0,0,0,0,1,1,0,0,0,0,0,0,0,0,0,0,0,0,0,0,0,1,0,3,0,0,0,0,0,0,0,1,0,0,0,1,0,2,1,0,0,0,0,0,0,0,0,0,0,0,0,0,2,1,0,1,0,0,0,0,0,1,0,1,0,0,0,0,1,0,0,1,0,0,1,0,0,0,0,0,0,4,0,0,0,0,0,0,0,0,0,0,0,1,0,0,0,0,0,0,0,0,0,0,0,0,0,0,0,0,0,0,0,0,0,0,0,0,1,0,0,0,0,1,4,0,0,0,0,0,0,0,1,0,0,0,1,0,1,0,0,1,0,1,0
1,0,0,0,0,0,1,2,1,5,0,1,0,0,3,1,0,0,1,0,0,2,0,0,2,0,0,0,0,0,1,0,0,2,1,0,0,0,0,0,1,0,0,0,0,11,1,0,3,0,2,0,0,0,1,0,7,0,1,1,4,2,0,3,0,0,0,0,0,0,0,0,0,0,0,1,0,1,0,0,0,1,0,1,0,0,0,0,0,0,0,0,0,2,2,0,0,3,2,0,0,0,0,0,0,0,3,0,0,0,1,0,0,0,0,2,1,0,0,0,1,0,0,0,0,0,0,0,0,0,0,0,1,0,2,1,0,0,2,0,0,0,0,0,0,0,0,0,1,0,0,0,0,0,0,0,0,0,0,1,0,0,0,1,0,0,3,1,1,0,1,0,1,1,0,0,1,1,0,0,0,1,0,0,0,0,0,0,0,3,0,0,3,0,0,0,0,0,1,0,0,0,1,1,0,0,1,0,0,0,0,0,0,0,0,0,0,1,0,0,1,0,0,0,0,0,0,0,1,0,0,0,0,0,0,3,0,0,0,0,0,0,0,0,0,0,0,0,0,0,2,0,0,0,0,0
0,1,0,0,0,0,0,0,0,2,0,2,0,0,2,0,0,1,3,0,0,1,0,0,1,0,0,0,1,0,0,0,0,1,3,0,0,0,0,0,0,0,1,0,2,8,1,0,3,0,0,0,0,0,1,0,7,0,0,0,4,0,0,1,0,0,0,0,0,0,2,0,0,0,0,1,0,0,0,1,0,0,0,0,0,0,0,0,0,0,1,0,1,0,0,0,1,3,0,0,0,0,0,0,1,1,4,1,0,0,0,0,1,0,0,0,2,0,0,0,0,0,1,0,0,0,0,0,0,0,0,0,1,0,0,0,0,0,1,0,0,0,0,0,0,0,0,0,2,0,0,0,0,0,0,0,0,0,0,0,1,0,0,0,1,0,0,0,0,2,1,0,0,0,1,0,0,0,0,5,0,0,0,0,1,0,1,0,0,0,0,0,3,0,0,0,0,0,0,0,0,1,2,0,0,0,0,0,0,3,0,0,0,0,1,0,2,0,0,0,0,0,0,0,0,0,1,0,0,0,0,1,0,0,1,5,0,0,1,0,0,0,0,0,1,1,0,0,0,0,1,1,0,0,0,3
0,0,0,0,0,0,1,0,0,3,0,0,0,0,5,0,0,1,4,1,0,0,0,0,3,0,1,0,1,0,0,0,0,0,1,0,0,0,0,0,0,1,1,0,1,11,1,0,3,2,0,0,0,0,0,0,9,0,0,0,4,1,2,1,0,0,0,0,1,0,3,0,0,0,0,0,0,0,0,1,1,0,0,0,0,0,0,0,0,0,1,0,3,1,0,1,1,3,0,0,0,0,1,0,0,0,3,0,0,0,0,0,0,0,0,0,0,0,0,0,0,0,0,0,0,0,0,0,0,0,0,0,2,0,0,0,0,0,1,0,0,0,0,0,0,0,0,0,3,0,0,0,1,0,1,0,0,0,0,1,0,0,0,1,0,2,0,1,0,1,1,0,0,0,1,0,0,0,0,4,1,0,0,0,1,0,0,0,0,1,0,1,4,0,0,1,2,0,0,1,0,0,0,0,0,0,0,1,0,0,0,0,0,1,2,0,0,0,0,0,0,0,0,1,0,0,0,0,0,0,0,1,0,0,2,8,0,0,0,0,2,0,0,0,0,0,1,0,0,0,4,2,0,0,0,1
0,0,0,0,0,0,0,0,1,2,0,0,0,1,2,0,0,1,2,0,0,1,0,0,0,0,0,0,0,0,0,0,2,0,0,0,0,0,0,0,0,0,2,0,3,10,0,2,3,0,0,0,0,0,0,0,7,1,0,0,5,0,2,4,2,0,0,1,3,0,0,0,0,0,1,0,1,0,0,0,0,0,0,1,2,1,1,1,0,4,1,1,3,0,0,0,0,3,0,0,0,0,0,0,0,0,2,0,0,0,0,1,0,0,0,0,0,0,0,0,0,0,0,0,0,0,0,0,0,0,0,0,0,0,0,0,0,0,0,1,0,1,1,1,1,0,0,0,0,0,0,0,0,0,0,0,0,0,0,0,0,0,0,2,3,0,1,0,0,1,0,0,0,0,0,0,0,0,0,1,0,1,0,0,0,0,0,0,0,1,2,3,3,0,0,0,2,0,0,0,0,0,1,0,0,0,0,0,0,0,0,0,0,0,0,0,0,0,0,0,1,0,0,0,1,0,0,0,0,1,0,1,0,0,3,4,0,0,1,0,1,1,0,0,2,0,0,3,0,0,0,2,0,0,0,1
1,0,0,0,2,0,0,0,1,2,0,1,0,0,3,0,0,1,3,0,1,1,1,0,2,0,5,0,1,0,0,0,0,0,0,0,0,0,0,0,1,0,3,0,2,5,1,0,2,0,0,0,0,0,0,0,4,1,0,0,5,0,2,1,0,0,0,0,0,0,0,0,0,1,0,0,0,0,0,0,0,0,0,0,0,0,1,0,0,0,2,0,0,0,0,1,1,2,0,0,0,0,0,0,0,0,3,0,1,0,0,0,0,0,0,0,0,0,0,0,0,0,0,0,0,0,0,0,0,0,0,0,1,0,0,0,0,0,0,0,0,0,0,0,0,0,0,0,2,0,0,0,0,0,0,0,0,0,0,0,0,0,0,0,1,0,0,0,0,2,0,0,0,0,1,0,0,0,0,3,1,0,0,0,0,0,0,0,0,0,0,2,4,0,0,0,0,0,0,0,0,1,3,0,0,0,0,0,0,2,0,0,0,0,0,0,0,0,0,0,0,0,0,5,0,0,0,0,0,0,0,0,0,0,2,2,0,1,2,0,0,0,0,0,1,0,0,0,0,0,1,1,0,0,0,2
0,0,0,0,0,0,0,1,0,2,0,0,0,0,2,0,0,0,2,0,0,2,1,0,1,0,0,0,1,0,0,0,0,2,2,0,0,0,1,0,2,0,1,0,1,9,1,0,2,0,0,0,0,0,1,0,5,2,0,0,2,0,2,1,0,0,0,0,0,0,1,0,0,0,0,2,0,1,0,2,0,0,0,0,0,0,1,1,0,3,1,0,1,0,0,1,0,2,0,0,0,0,0,0,0,0,2,0,0,0,0,0,0,0,0,0,0,0,0,0,0,0,0,0,0,0,0,1,0,0,0,0,1,0,0,0,1,1,0,0,0,0,0,0,0,0,0,0,0,1,0,0,0,0,0,0,0,0,1,0,0,0,3,3,0,0,3,1,0,1,0,0,1,0,0,0,0,0,0,1,1,0,2,0,0,1,0,1,0,2,0,4,2,0,1,0,1,0,0,0,0,0,0,0,0,0,0,0,0,0,0,0,0,0,0,1,1,0,1,0,0,0,0,2,0,0,1,0,0,3,0,0,0,0,0,2,0,0,1,0,0,0,0,0,2,1,0,0,0,1,1,3,0,0,0,2
0,0,0,0,0,0,0,0,1,2,0,1,0,0,2,0,3,4,2,0,1,2,0,0,1,0,1,0,1,0,0,0,0,0,0,0,0,0,0,0,2,0,2,0,2,6,2,1,2,0,2,0,0,0,0,0,5,0,0,1,6,1,2,1,2,1,0,0,0,0,1,0,0,0,0,0,0,0,0,0,0,0,0,1,0,0,0,0,0,0,2,0,1,0,0,0,1,2,0,0,0,0,0,0,1,0,3,3,0,1,0,0,0,0,0,0,0,0,0,0,0,0,0,0,0,0,0,0,0,0,0,0,0,0,0,0,0,0,0,0,0,0,0,0,0,0,0,0,0,0,0,0,0,0,0,0,0,0,0,0,0,0,0,1,3,0,0,0,0,2,0,0,0,0,1,0,0,0,0,5,0,0,0,0,0,0,0,0,0,0,0,1,2,1,0,1,1,0,0,0,0,0,2,0,0,0,0,1,0,1,0,1,0,1,0,1,1,0,4,0,0,0,0,4,0,0,0,0,0,1,0,1,0,0,2,1,0,0,1,0,1,0,0,0,1,0,0,0,0,0,0,2,0,0,0,1
1,0,0,0,0,0,0,1,3,3,1,2,0,0,3,1,0,0,2,0,0,0,0,0,2,0,0,0,0,0,0,0,0,1,3,0,0,0,0,0,1,0,2,0,1,12,1,0,3,0,0,0,0,1,0,0,8,0,0,0,4,0,1,3,0,0,0,1,0,0,1,0,0,0,1,0,0,1,0,0,0,0,0,0,0,0,1,0,0,0,1,0,1,1,0,0,1,3,1,1,0,1,1,0,0,0,3,0,0,0,0,0,0,0,0,0,0,0,0,0,0,0,0,0,0,0,0,0,1,0,0,0,2,0,0,0,0,0,0,0,0,0,0,0,0,0,0,0,2,0,0,0,0,0,0,0,0,0,0,0,0,0,0,1,0,0,1,0,0,1,0,0,0,0,1,0,0,0,0,1,0,0,0,0,1,0,0,0,0,0,0,1,3,0,0,1,0,0,0,0,0,0,2,1,0,0,0,0,0,2,0,0,0,3,0,0,1,0,0,0,1,1,0,1,0,0,1,0,1,0,0,0,0,0,0,3,0,2,0,0,2,0,0,0,0,0,0,0,0,0,2,0,0,0,0,2
0,0,0,0,0,0,0,0,1,3,1,0,1,0,3,1,0,0,4,0,2,2,0,0,2,0,0,0,0,0,0,0,1,0,1,0,0,1,1,0,4,0,0,0,0,8,1,1,3,0,0,0,0,0,0,0,6,0,0,0,3,0,0,1,0,0,1,0,0,0,1,0,0,0,0,0,0,0,0,1,0,1,0,0,0,0,0,0,0,0,0,0,1,0,0,1,0,3,0,0,0,0,0,0,0,0,3,0,0,0,0,0,0,0,0,0,1,0,0,0,0,0,1,0,0,0,0,0,0,0,0,0,2,0,1,0,0,0,0,0,0,0,0,0,0,1,0,0,3,0,1,0,0,0,0,0,0,0,0,0,0,0,0,3,0,1,0,1,0,0,0,1,2,0,0,0,0,0,1,0,0,0,0,0,2,0,0,0,0,0,0,1,3,1,0,0,0,0,0,1,0,1,1,0,0,0,0,0,0,0,2,1,0,0,1,0,1,0,0,0,0,0,0,0,0,0,0,0,0,0,0,0,0,0,0,5,1,0,0,1,1,0,0,1,0,0,0,0,0,0,3,0,1,0,0,2
0,0,2,0,0,0,0,1,0,3,0,0,0,0,2,0,0,0,2,0,0,1,0,0,1,0,0,0,0,0,0,0,1,0,1,1,0,0,0,0,1,1,0,0,1,12,3,1,4,0,1,0,0,0,0,0,7,0,0,0,6,1,2,3,2,3,0,1,0,0,1,0,0,1,1,0,2,0,0,0,1,0,0,0,0,0,0,0,0,1,1,0,3,0,1,3,0,3,0,0,0,0,0,0,0,0,3,0,0,0,0,0,0,0,0,0,0,0,0,0,0,0,0,0,0,0,0,0,0,0,0,0,1,0,1,0,0,0,0,0,1,1,0,0,2,0,0,0,1,0,1,1,1,0,0,1,0,0,2,1,0,0,0,5,0,1,1,1,0,3,1,1,0,0,0,0,0,0,0,1,0,1,0,0,2,0,0,0,0,1,0,0,3,0,1,0,0,0,0,0,1,0,0,0,0,0,0,0,0,0,0,0,0,1,0,1,0,0,0,0,1,0,0,0,0,0,0,1,0,0,0,0,0,0,1,1,0,0,2,0,0,0,0,0,0,0,0,0,0,0,2,2,0,0,1,1
0,0,0,0,0,0,0,0,2,3,0,0,0,0,3,1,3,2,3,1,0,0,0,0,1,0,0,0,0,0,2,0,0,0,0,0,0,0,0,0,2,0,1,0,1,10,0,1,3,0,0,0,0,0,0,0,6,0,0,0,4,0,1,3,0,0,0,0,0,0,1,0,0,0,0,0,0,0,0,1,0,0,0,0,0,0,0,0,0,0,1,0,0,0,0,0,0,3,0,0,0,1,1,0,0,1,3,0,0,0,1,0,0,0,0,0,1,0,0,0,0,0,0,0,0,0,1,0,0,0,0,0,0,0,0,0,0,0,0,0,0,0,0,0,0,0,0,0,0,0,0,0,0,0,0,0,1,0,0,0,0,0,0,2,1,0,0,0,0,2,0,0,0,0,1,0,1,0,0,3,0,0,0,0,0,0,2,0,0,1,0,1,3,0,0,0,0,0,0,0,3,0,0,0,0,0,0,1,0,1,0,0,1,0,3,0,1,0,0,0,0,0,0,0,0,0,0,0,0,0,0,1,0,0,0,0,0,0,1,0,0,0,0,0,1,0,0,0,0,0,2,2,0,0,0,1
0,1,0,0,0,0,0,0,0,2,0,0,0,0,2,0,0,2,5,0,0,0,0,0,0,0,0,0,0,0,0,0,0,0,0,0,0,0,0,0,1,0,2,0,2,7,2,0,2,0,1,0,0,0,0,0,5,0,0,1,4,1,4,3,1,2,1,0,1,0,1,0,0,0,0,0,0,1,0,2,0,0,0,0,0,0,0,0,0,1,3,1,5,0,0,1,0,2,0,0,0,1,1,0,0,0,3,0,1,1,0,0,0,0,1,0,0,0,0,0,0,0,1,0,0,0,0,1,0,0,0,0,1,0,0,0,0,0,0,0,0,4,0,0,0,0,0,0,2,0,0,1,0,0,0,0,0,0,0,0,0,0,0,0,4,0,0,0,0,3,0,0,0,0,1,0,0,0,0,4,4,2,0,1,2,0,0,0,0,2,3,1,2,0,1,0,0,0,0,0,0,0,1,0,0,0,0,1,0,0,0,0,1,0,1,0,0,0,0,1,1,0,0,2,0,1,0,1,0,0,0,1,0,0,1,2,0,0,3,0,0,1,1,1,0,2,0,0,1,2,1,6,0,0,0,3
0,0,0,0,1,0,0,0,0,1,0,0,0,0,1,0,1,1,1,1,0,0,0,0,0,0,2,0,0,0,0,0,0,1,1,0,0,0,0,0,2,3,3,0,4,4,0,0,1,0,0,0,0,0,0,0,0,0,0,1,5,1,6,1,2,0,0,0,3,0,0,0,0,0,1,0,0,1,0,2,0,0,0,1,0,0,1,0,0,1,3,2,3,0,0,1,0,1,0,0,1,0,0,0,0,0,2,0,2,1,0,1,1,0,0,0,0,0,1,0,0,0,1,0,1,0,0,0,0,0,0,0,1,0,0,0,0,0,0,0,0,0,0,0,0,0,0,0,0,0,0,0,0,0,0,1,1,0,0,0,0,0,0,0,2,0,0,0,0,3,1,0,1,0,4,0,0,0,0,3,0,0,0,0,2,0,0,0,0,2,0,1,2,0,0,0,1,0,0,0,0,0,0,0,0,0,0,0,0,0,0,0,0,0,0,1,0,0,0,0,0,0,0,4,0,0,0,0,0,1,0,1,0,0,3,4,0,0,3,0,0,0,0,0,1,0,1,0,0,2,1,3,0,0,0,3
1,0,0,0,0,0,0,0,1,2,0,0,0,0,2,0,0,1,0,0,1,2,0,0,1,0,1,0,0,0,0,0,1,0,1,0,0,0,0,0,2,0,3,0,2,6,0,0,2,0,0,0,0,1,0,0,4,0,0,0,5,1,3,2,0,0,0,0,0,0,1,0,0,0,0,0,0,1,0,1,0,0,0,0,0,0,1,0,0,0,4,0,5,1,0,0,0,2,0,0,0,0,0,1,0,0,3,0,0,0,0,0,0,0,0,0,0,0,0,0,1,0,0,0,1,1,0,0,0,0,1,0,0,0,0,0,1,1,0,0,0,0,0,0,0,0,0,0,0,1,0,0,0,0,0,0,0,0,0,1,0,0,0,1,0,0,0,0,0,3,0,0,1,0,0,0,0,0,0,1,0,0,0,0,1,0,0,0,0,0,0,0,2,0,0,2,1,0,0,0,0,0,0,0,1,0,0,0,0,0,0,0,0,2,2,0,0,0,1,1,0,0,0,3,0,0,0,0,0,1,0,0,0,0,3,0,0,0,0,3,3,0,0,0,0,0,0,0,0,0,1,3,1,0,2,0
0,0,0,0,0,0,0,4,1,5,1,1,0,0,4,1,3,0,2,1,0,1,0,0,2,0,0,0,0,0,0,0,0,0,3,0,0,0,0,0,0,0,0,1,1,17,0,0,4,0,1,0,0,0,1,3,10,0,0,0,6,1,0,2,0,0,0,1,1,0,0,0,0,0,0,0,0,1,0,2,0,0,0,0,0,0,0,0,2,2,0,0,2,0,0,0,0,4,0,0,0,0,0,0,0,0,4,0,0,0,0,0,0,1,0,0,1,0,0,0,0,0,1,0,0,0,0,1,0,0,0,1,0,0,1,0,0,0,0,0,0,0,0,0,0,0,0,0,1,1,0,0,0,0,0,0,0,0,0,0,0,0,0,2,0,0,2,1,0,0,0,0,0,0,0,0,0,0,0,0,0,0,0,0,0,0,1,0,0,1,0,1,4,0,0,2,0,0,0,0,0,0,2,0,0,0,0,0,0,3,0,1,0,0,1,0,6,0,0,0,0,0,0,0,0,0,0,0,0,0,0,1,1,0,0,7,1,0,1,0,3,0,0,2,0,0,0,0,0,0,5,0,0,1,0,0
0,0,0,0,0,0,0,0,0,4,0,0,0,0,4,0,0,0,4,0,0,1,0,0,1,0,0,0,0,0,0,0,1,0,0,0,0,0,0,0,0,0,0,0,1,12,1,0,4,0,0,0,1,0,1,0,9,0,0,0,5,0,0,3,0,0,0,0,3,0,0,0,0,0,2,0,0,0,0,0,0,0,0,0,0,0,0,0,0,3,0,2,1,0,0,0,0,4,0,0,0,0,0,0,0,0,4,0,0,0,0,1,0,0,0,0,0,0,0,0,0,0,0,0,0,0,0,0,0,3,0,1,0,0,1,0,0,0,0,0,0,0,0,0,0,0,0,0,1,1,1,0,0,0,0,0,0,0,0,0,0,0,0,3,0,0,2,0,0,0,2,0,1,0,0,0,0,0,0,1,0,0,0,0,1,0,0,0,0,1,0,0,4,0,0,0,0,0,0,0,0,0,0,0,0,0,0,2,0,2,0,0,0,0,0,0,2,0,1,0,0,0,0,0,0,0,0,0,0,0,0,0,0,0,0,1,0,0,0,0,0,0,0,0,1,0,0,0,0,0,0,0,0,0,0,0
0,0,0,0,0,1,0,0,0,3,0,0,0,0,3,0,2,2,2,0,0,0,1,0,1,0,0,0,1,0,0,0,0,0,0,0,0,0,0,0,1,0,1,0,1,10,1,0,3,1,0,0,0,0,1,0,5,0,0,0,5,0,1,2,1,0,2,2,0,0,2,0,0,0,1,0,0,0,0,1,1,0,0,0,0,0,1,0,0,2,1,0,2,0,0,1,1,3,0,0,0,0,0,0,0,0,4,0,0,0,0,0,1,0,0,0,1,0,0,0,0,0,1,0,0,0,0,0,0,0,0,0,1,0,0,0,0,0,0,0,0,0,1,0,0,0,0,0,2,0,0,0,0,0,0,0,0,2,0,0,0,0,0,0,2,0,3,0,0,1,1,0,0,0,0,0,0,0,0,2,0,0,0,0,0,0,0,0,0,0,0,0,4,0,0,1,0,0,0,0,0,0,0,0,0,0,0,1,1,1,0,1,0,1,0,0,0,0,2,0,0,0,0,3,0,0,0,0,0,0,0,0,0,0,1,2,0,0,0,0,0,0,0,0,0,0,0,0,0,0,1,1,0,0,1,0
0,0,0,0,0,0,0,0,2,4,1,0,0,0,4,1,0,0,3,0,0,2,0,0,2,0,0,0,0,0,0,0,1,0,0,0,0,0,0,0,0,0,0,0,0,10,2,0,4,0,0,1,0,0,0,0,7,0,0,0,3,0,0,3,1,0,0,0,0,0,2,0,0,2,0,0,0,1,0,2,0,0,0,0,0,0,0,0,0,1,0,0,4,0,0,1,0,4,0,0,0,0,0,0,0,0,4,0,0,0,2,0,0,0,0,0,1,0,0,0,0,0,0,0,0,0,0,0,0,0,0,0,1,0,0,2,1,0,0,0,0,0,0,0,0,0,0,0,0,1,0,0,0,0,0,0,0,0,0,0,0,0,0,1,0,0,1,0,0,0,1,0,2,0,0,0,0,0,0,1,0,0,0,0,1,0,0,0,0,0,0,1,4,0,0,0,0,0,0,0,0,0,0,0,0,0,0,0,0,0,0,0,0,0,0,0,0,0,0,0,0,0,0,0,0,0,0,0,0,2,0,1,0,0,0,5,0,0,0,0,0,0,0,0,0,0,0,0,0,0,2,0,0,0,1,1
0,0,0,0,1,0,0,0,1,3,0,1,0,0,3,0,2,1,4,0,1,0,0,0,0,1,0,0,0,2,0,0,0,0,2,0,0,0,0,0,0,0,1,0,1,12,2,0,3,0,1,0,0,0,1,0,9,0,0,0,4,1,2,2,0,0,0,0,0,0,2,0,0,0,1,0,0,1,0,1,0,0,0,1,0,0,0,0,1,1,1,0,2,0,0,0,0,3,0,0,0,0,0,0,0,0,3,1,0,1,0,0,0,0,0,0,0,0,0,0,0,0,0,0,0,0,0,0,0,0,0,0,0,0,0,0,0,0,0,0,0,0,0,0,0,0,0,0,1,1,1,0,0,0,0,0,0,0,0,0,0,0,0,2,1,1,1,0,0,1,0,0,0,0,2,0,0,0,1,1,0,0,0,0,1,0,0,0,0,0,0,3,3,0,0,0,2,0,0,0,1,0,2,0,0,0,0,0,0,3,0,0,1,0,0,0,1,0,1,0,0,0,0,3,0,0,0,0,0,0,0,3,0,0,0,5,3,1,1,0,2,0,0,0,1,1,0,0,0,1,1,1,0,1,0,1
0,0,0,0,1,0,0,0,0,3,1,2,0,2,3,0,0,0,1,0,0,1,0,0,2,0,2,0,0,0,0,0,0,0,0,0,0,2,0,0,1,0,1,0,3,14,0,0,3,4,0,0,0,0,1,0,11,2,0,0,3,1,2,3,0,1,0,3,0,0,0,0,0,0,0,0,0,0,0,0,0,0,0,0,0,0,0,0,2,1,1,0,1,0,0,0,0,3,0,0,0,0,0,0,0,0,3,0,0,0,1,0,0,0,0,0,0,0,0,0,0,0,0,0,0,0,0,0,0,0,0,0,0,0,0,1,0,0,0,0,0,0,1,0,0,0,0,0,0,0,0,0,0,0,0,0,0,0,0,0,0,0,0,3,1,0,1,0,0,1,2,0,2,0,2,0,0,0,0,2,0,0,0,0,0,0,0,0,0,2,0,1,3,0,0,1,2,0,0,0,0,0,2,0,1,0,0,0,0,1,0,0,1,1,0,0,1,0,0,1,0,1,0,2,0,0,0,0,0,0,0,0,0,0,0,7,0,0,0,0,1,1,0,0,0,0,0,0,0,0,4,0,0,0,1,1
0,1,0,0,0,1,0,0,1,3,4,0,0,0,1,0,3,2,2,0,0,1,0,0,1,0,3,0,1,0,0,0,0,0,0,0,0,0,0,0,0,1,1,0,2,7,3,0,3,0,0,1,0,0,0,0,3,0,0,2,6,0,1,0,0,1,1,2,1,0,1,0,0,0,2,0,1,0,1,0,0,0,1,0,0,0,2,0,0,1,1,0,3,0,1,0,1,2,0,0,0,0,2,0,0,0,2,0,0,0,1,0,0,0,0,1,1,0,0,0,0,0,2,1,0,0,0,0,0,0,1,0,0,0,0,0,0,0,0,0,0,0,0,0,0,0,0,0,1,0,0,0,0,0,0,0,0,0,0,0,0,0,1,3,2,2,0,0,1,2,0,0,1,0,1,0,1,0,0,1,0,0,0,0,0,0,0,0,0,0,1,0,2,0,0,0,0,0,0,0,1,0,1,0,1,0,1,0,0,1,0,0,0,2,0,0,1,0,1,0,0,0,1,0,0,0,2,0,0,0,0,1,1,0,1,1,0,1,1,0,1,0,0,0,1,0,0,0,0,0,0,0,0,0,1,1
0,0,0,0,1,0,0,1,0,1,1,1,0,1,1,0,0,2,2,1,0,0,0,0,0,1,1,0,0,0,0,0,0,0,0,0,0,0,0,0,1,0,2,0,2,3,0,1,1,0,1,0,0,0,0,0,2,3,1,0,4,1,3,0,1,0,0,0,0,1,1,0,0,0,0,1,0,0,0,1,0,0,0,1,0,0,1,1,0,0,2,1,4,1,0,3,1,1,0,0,0,0,0,0,0,2,1,0,1,0,0,0,0,0,0,0,0,0,0,0,0,0,1,0,0,0,0,1,0,1,2,0,1,0,0,0,0,0,0,0,0,2,1,0,0,2,1,1,0,0,0,0,0,0,1,1,0,0,2,0,1,0,0,1,2,0,0,0,0,2,2,0,1,0,0,0,0,0,0,5,0,1,0,0,0,0,1,0,0,0,0,1,1,1,0,1,0,0,0,0,0,0,1,0,0,0,0,0,0,0,2,1,0,1,2,0,0,0,3,1,1,0,0,5,0,0,1,0,1,4,1,1,0,0,3,0,2,3,1,1,0,2,0,0,1,0,0,0,2,2,0,6,0,0,0,3
0,0,0,0,0,0,0,1,1,4,0,1,0,0,4,1,0,3,4,1,0,0,0,0,4,0,0,0,0,0,0,0,0,0,2,0,0,0,0,0,2,1,0,0,1,18,2,1,4,0,1,0,0,0,1,0,12,0,0,1,4,0,0,2,0,0,0,0,1,0,3,0,0,0,0,0,0,2,0,0,0,0,0,0,0,0,0,0,0,1,0,0,1,0,0,1,1,4,0,1,0,0,0,0,0,0,4,0,0,0,0,0,0,0,0,0,1,0,0,0,0,0,0,0,0,0,0,0,1,0,0,0,1,0,2,0,0,0,1,0,0,0,1,0,0,0,0,0,1,0,0,0,0,0,0,0,0,0,0,0,0,0,0,1,0,0,0,0,1,0,2,0,1,0,0,0,0,0,0,0,0,0,0,0,0,0,0,0,0,0,0,3,4,0,0,0,0,1,0,0,0,1,0,0,0,0,0,0,1,0,0,0,0,0,0,4,1,0,0,0,0,0,0,0,0,0,1,2,0,2,0,0,0,0,0,9,0,0,0,0,1,0,0,1,0,0,0,0,0,0,2,1,0,0,2,0
1,0,0,0,0,0,0,0,0,1,0,0,0,0,3,1,1,2,2,0,2,0,0,0,0,1,1,0,0,0,0,0,1,0,0,0,0,1,0,0,1,0,3,0,3,6,1,0,2,0,0,0,0,1,0,0,4,1,0,0,4,1,3,0,1,0,0,2,0,0,3,0,0,0,1,0,0,0,0,0,0,0,0,0,0,0,2,0,0,1,2,1,2,0,0,0,1,2,0,0,1,0,2,0,0,0,2,1,0,1,0,0,0,0,0,1,0,0,0,0,0,0,1,0,0,0,0,0,0,0,0,0,0,0,0,0,0,1,0,0,0,0,0,2,2,0,0,0,1,0,0,0,0,0,0,3,0,0,0,0,0,2,0,2,1,2,4,0,0,2,1,0,0,0,2,0,0,0,0,5,0,1,1,1,1,1,0,0,0,2,1,2,2,0,0,0,0,0,0,0,1,0,1,0,3,0,1,1,0,0,1,0,0,0,1,0,0,0,2,0,0,0,0,4,0,0,1,0,0,0,0,0,0,0,5,2,0,2,2,0,0,1,0,0,1,0,1,0,1,0,1,2,0,0,0,2
0,1,0,0,0,0,1,0,3,3,0,0,0,0,3,2,2,0,5,0,0,1,1,0,1,0,1,0,0,3,0,0,1,0,4,0,0,0,0,0,2,1,1,0,1,12,0,1,3,0,0,0,0,0,0,0,10,0,0,0,3,0,1,1,1,0,0,0,0,1,2,0,0,2,3,0,0,1,0,1,0,0,0,0,0,0,1,1,0,2,1,1,3,0,0,1,1,3,0,0,0,0,0,0,0,0,3,1,0,0,0,0,1,0,1,0,1,0,0,0,0,0,0,0,0,0,0,0,0,0,0,0,1,0,0,0,0,0,0,0,0,0,0,1,0,0,0,0,3,1,1,0,0,0,0,0,0,0,0,0,0,0,0,3,0,0,0,0,0,1,0,0,0,0,1,0,0,0,0,1,0,0,0,0,1,1,0,0,0,0,0,2,3,0,0,0,0,0,0,0,0,0,0,0,0,0,0,0,0,0,0,0,0,0,0,1,0,0,1,0,0,0,0,2,0,0,0,0,0,1,0,0,1,0,0,4,0,0,1,0,0,1,0,0,1,0,0,0,0,0,0,2,0,0,0,1
2,0,1,0,1,0,0,0,0,3,0,3,0,0,3,1,1,1,2,1,0,2,1,0,1,0,1,0,0,0,0,0,2,0,0,1,0,0,0,0,3,0,1,0,1,14,0,0,3,1,0,0,2,0,0,0,6,2,0,0,4,0,3,1,0,0,0,0,5,0,3,0,0,0,0,1,0,0,0,0,0,0,0,0,2,0,0,0,0,0,1,0,2,0,0,1,1,3,0,0,0,0,0,0,0,0,4,1,0,1,0,0,0,0,0,0,0,0,0,0,1,0,1,0,0,1,0,0,0,0,0,0,0,0,0,0,0,1,0,1,0,2,0,0,1,0,0,0,1,0,0,1,0,0,0,0,0,0,0,0,0,0,0,4,1,0,2,0,0,1,1,0,1,1,1,0,0,0,0,3,0,0,0,0,0,0,0,0,0,1,0,4,4,0,0,1,0,0,0,0,0,0,2,0,0,0,0,0,0,0,0,1,0,1,0,0,2,0,0,1,0,0,0,2,0,0,0,0,0,0,0,0,1,0,0,9,0,0,0,0,0,0,0,3,0,1,0,0,0,2,2,0,0,0,4,1
