0,1,7,0,1,5,0,1,10,10,0,1,12,43,0,0,0,0,4,0,0,1,2,0,0,4,10,39,1,2,1,4,1,1,4,1,1,1,0,2,6,0,5,1,3,21,18,9,0,0,4,4,4,0,12,0,0,0,0,3,3,5,0,54,0,1,2,1,0,0,0,0,0,2,12,0,1,4,2,3,1,3,1,9,8,2,5,0,0,0,0,1,1,3,0,0,1,32,1,1,3,2,0,5,1,0,0,0,0,13,2,1,0,0,13,4,1,0,1,3,3,1,0,7,2,5,1,1,2,1,1,2,2,3,4,6,2,4,1,1,3,2,1,2,3,2,4,0,4,1,3,0,0,1,4,9,1,0,1,0,0,0,1,1,10,2,1,0,0,2,0,2,0,4,5,10,0,3,1,2,2,4,1,3,1,0,2,7,3,0,0,4,1,9,0,0,0,3,0,3,0,1,19,0,2,4,1,1,7,3,1,1,4,3,2,0,2,4,0,1,8,0,4,1,4,1,0,1,3,2,4,0,0,2,1,2,4,0,0,1,0,4,1,1,0,1,0,0,0,2,10,0,0,2,0,0
0,0,1,0,0,1,5,1,13,9,2,1,1,30,4,1,1,0,1,1,6,3,3,0,1,5,6,1,4,1,2,11,2,0,0,1,2,6,1,2,2,0,1,0,0,12,0,1,1,4,1,1,0,1,7,0,0,1,1,2,0,0,0,0,0,1,0,9,13,2,0,1,2,4,3,1,3,3,0,1,2,0,0,13,9,0,1,0,0,1,0,0,1,5,1,0,7,50,0,0,0,5,0,2,0,0,2,1,1,2,0,0,0,5,13,6,1,0,0,5,2,1,0,5,1,8,0,11,1,0,1,5,0,4,2,1,2,1,5,0,1,0,0,3,2,0,6,0,0,2,2,0,0,0,0,6,0,0,2,1,0,17,0,13,7,0,5,4,0,0,1,3,0,8,3,5,6,1,4,4,1,5,29,4,3,4,4,3,1,0,12,0,0,0,2,0,1,1,1,5,2,0,6,0,4,2,0,2,3,2,1,0,1,0,2,1,0,1,0,3,2,1,0,1,0,0,0,1,4,2,0,1,0,0,2,0,10,0,1,0,1,6,6,0,0,0,0,1,0,6,3,3,0,1,0,2
1,0,0,0,0,2,1,0,2,16,0,2,0,39,1,0,3,1,2,0,3,4,1,0,2,5,8,0,5,2,1,12,2,0,1,0,1,1,1,2,0,0,3,1,3,20,0,1,1,0,1,0,7,0,1,0,3,2,1,1,0,3,0,2,0,4,1,3,0,0,2,6,4,2,0,1,2,3,3,7,4,1,0,23,5,0,7,1,1,4,2,0,5,6,1,0,1,34,0,0,0,2,0,4,0,2,3,1,3,2,1,0,1,6,23,2,1,0,0,0,2,2,1,3,8,4,1,3,2,0,2,3,1,6,6,0,2,0,3,8,1,0,0,7,2,3,5,1,1,2,0,0,2,0,11,2,1,4,4,6,0,5,0,2,0,1,0,0,1,0,0,3,1,1,0,5,0,3,3,9,1,15,13,5,2,3,1,3,0,1,4,3,0,0,0,0,1,0,5,10,4,3,3,0,2,4,1,1,1,5,1,0,1,7,2,3,1,0,0,0,1,0,1,0,3,0,3,1,6,0,0,1,0,1,1,1,1,0,5,5,0,3,2,0,0,1,1,1,0,0,1,0,2,0,0,3
1,2,0,0,0,2,3,0,9,8,0,0,2,19,1,0,1,1,1,1,3,5,0,1,1,2,3,1,2,3,3,2,2,21,30,3,0,2,2,0,2,0,0,0,0,5,2,2,0,0,1,0,0,0,11,3,0,5,1,1,0,5,0,0,34,3,0,1,0,0,0,0,0,2,1,0,3,1,0,4,0,1,0,16,8,2,2,2,0,5,0,0,2,5,1,0,2,34,0,0,0,2,1,1,1,0,1,0,3,1,1,0,1,7,24,2,1,0,0,0,1,0,0,2,1,10,1,1,1,3,1,4,0,3,0,0,2,0,0,0,0,0,0,11,2,1,3,2,0,1,0,5,0,1,1,4,0,2,1,0,0,1,0,0,4,0,2,0,3,2,0,3,0,5,0,5,0,1,0,4,0,11,4,5,1,1,2,1,2,1,10,0,0,0,0,0,0,1,2,5,0,0,7,0,2,4,2,0,5,1,9,0,1,0,0,2,1,0,0,20,1,0,0,0,5,2,0,2,4,1,2,1,1,0,0,3,2,0,1,2,2,29,47,0,6,1,0,2,0,2,3,1,0,0,0,0
1,0,0,0,1,1,9,0,2,13,2,0,0,46,0,3,0,1,3,0,3,0,1,3,2,3,5,22,6,1,2,5,0,0,1,1,1,0,1,3,1,0,0,2,4,25,1,0,1,0,2,3,0,1,7,5,0,3,0,1,1,2,0,1,0,2,12,1,1,0,1,1,2,2,0,0,0,5,2,1,4,0,1,25,4,5,3,3,3,0,0,2,2,4,1,2,0,25,1,1,6,4,0,5,0,0,4,0,0,0,4,0,4,5,5,4,3,1,0,0,1,3,0,2,4,10,1,1,11,0,1,1,2,5,0,22,0,4,0,3,1,2,2,11,3,3,5,0,7,3,1,0,0,0,0,1,0,1,5,4,2,1,1,0,1,1,2,0,0,0,0,0,3,2,1,0,0,3,7,4,0,12,0,5,0,0,17,3,1,1,1,2,0,0,1,1,0,0,3,11,0,0,1,4,0,4,0,1,0,2,0,0,0,6,0,5,1,3,4,1,1,1,0,1,2,1,1,4,2,0,1,0,0,0,0,0,1,0,0,3,1,8,1,0,5,0,1,0,0,1,0,0,0,0,0,4
0,2,0,0,2,3,3,0,2,11,0,0,4,45,0,0,2,0,5,0,0,1,0,0,1,1,6,0,1,1,2,3,0,1,0,3,0,0,1,1,1,1,0,1,0,19,1,1,1,0,3,0,0,0,11,1,2,4,0,4,0,3,0,0,4,4,0,1,1,2,2,1,1,3,1,1,2,8,1,1,34,0,1,20,1,2,3,1,0,6,2,1,1,7,1,7,7,40,0,0,3,2,0,8,0,0,3,0,3,2,2,1,0,12,12,3,2,0,0,0,1,0,0,2,4,12,1,5,0,5,0,1,1,5,2,0,0,0,0,5,0,2,5,8,1,2,4,0,2,1,0,1,0,0,13,1,0,0,3,1,0,0,1,3,12,1,0,0,0,1,1,3,1,3,9,10,0,4,4,1,1,4,3,8,0,0,0,1,2,0,7,3,0,0,0,0,0,0,0,4,0,0,11,0,0,10,0,1,0,5,1,0,0,0,2,2,0,3,1,1,3,0,0,1,1,3,0,2,6,3,0,0,0,3,1,0,0,0,1,1,0,1,4,0,0,0,1,3,0,2,0,0,0,0,0,2
1,0,3,0,5,5,5,0,9,1,0,0,0,1,0,1,0,0,1,2,4,1,3,1,0,1,4,1,2,3,0,1,2,0,1,6,1,4,2,5,1,39,4,3,0,2,10,0,4,0,4,5,0,0,0,0,0,1,2,8,0,0,6,0,1,0,0,1,3,0,2,2,1,1,0,0,10,5,2,1,3,0,3,11,17,1,1,6,9,1,0,0,1,5,0,0,4,2,1,0,2,4,0,10,0,0,2,0,0,5,1,2,9,1,6,4,2,5,0,1,5,0,1,1,7,2,0,2,11,10,2,5,0,0,1,0,3,0,2,0,0,2,2,4,2,3,1,8,1,15,4,1,0,2,0,9,3,1,6,0,1,3,29,0,2,6,2,2,3,1,2,2,1,1,1,5,1,1,1,0,4,1,12,2,0,0,1,2,2,4,1,2,4,0,2,0,2,0,4,1,0,2,3,0,24,6,0,2,1,1,2,0,1,0,0,0,2,0,0,1,7,2,2,4,0,5,1,2,6,0,0,4,1,0,7,0,2,0,1,2,0,10,0,0,1,2,0,8,0,1,1,1,0,0,2,2
1,3,3,0,1,2,1,0,7,16,1,0,0,41,0,4,0,1,3,0,3,1,2,0,3,14,4,0,2,1,1,4,1,0,0,2,2,4,0,2,1,0,0,0,3,26,0,0,0,0,3,5,3,1,10,0,1,0,3,2,0,2,0,1,23,0,1,7,8,1,5,3,1,0,0,0,0,5,1,4,13,2,0,14,5,1,4,3,0,2,0,2,1,2,2,0,3,23,0,0,1,1,1,1,0,0,7,0,2,1,1,0,1,6,14,1,1,1,0,2,3,1,1,1,1,4,3,2,0,0,0,3,1,6,1,8,1,1,0,1,1,0,5,4,4,1,1,3,0,4,1,1,2,0,0,3,0,1,1,0,1,2,1,2,9,2,15,0,0,1,1,16,1,6,5,7,0,2,0,2,1,20,1,3,0,7,4,3,0,3,6,5,5,1,0,1,0,0,0,2,0,1,10,2,2,1,1,1,0,3,0,1,1,8,0,4,0,1,1,1,0,2,1,12,2,0,0,1,3,1,0,0,0,0,0,2,1,0,1,0,0,1,2,1,2,0,1,1,5,3,2,1,5,0,0,3
0,0,1,0,1,4,1,0,6,5,2,0,1,19,0,1,0,1,4,0,1,0,0,0,0,9,9,12,2,6,5,2,3,0,7,1,0,3,1,0,0,1,1,1,2,21,1,5,0,0,4,2,3,2,7,0,2,2,2,1,0,1,0,1,0,4,2,0,0,3,0,0,6,1,1,0,1,1,0,3,6,2,0,11,2,2,1,0,1,6,0,0,1,6,0,1,1,24,0,1,8,2,0,7,3,0,4,1,0,4,4,1,1,6,11,1,1,2,2,0,4,0,1,2,1,7,1,3,1,1,0,3,2,6,0,13,1,0,1,0,0,1,2,6,2,1,4,1,2,2,0,0,1,0,1,9,0,3,5,0,2,2,1,0,2,1,5,0,1,0,1,4,0,6,3,6,0,3,0,0,3,17,2,4,0,3,3,4,1,1,21,1,1,1,0,0,1,2,4,5,1,2,4,5,5,5,2,2,3,2,3,0,0,5,5,2,0,3,0,2,0,2,1,1,3,0,1,2,5,3,0,0,0,3,1,1,1,0,2,1,0,16,30,2,6,1,3,2,1,4,1,1,0,0,1,1
3,0,0,0,0,1,3,0,2,11,0,1,0,46,0,0,0,0,2,0,2,1,0,1,4,1,2,0,2,2,2,4,0,0,0,2,0,0,0,3,1,0,1,0,3,8,0,3,0,0,1,0,0,0,2,1,4,4,1,0,0,2,0,1,6,5,0,3,1,0,2,0,0,3,0,0,0,5,0,3,4,6,0,17,7,7,1,0,0,5,0,0,0,4,0,1,6,27,0,1,7,3,1,4,0,0,3,1,5,1,1,1,0,8,10,3,1,2,1,0,1,23,0,4,4,4,5,1,3,1,0,1,0,5,0,18,1,2,4,2,1,0,7,13,1,1,6,0,1,2,1,5,0,1,10,2,1,2,2,1,8,3,1,2,8,0,3,0,0,0,0,1,0,0,2,6,0,3,0,8,3,12,2,3,0,0,4,1,6,0,2,6,1,0,0,0,0,1,3,5,5,2,13,2,0,7,0,3,0,5,2,0,2,2,0,0,1,5,4,0,0,2,0,0,1,0,2,2,5,0,0,0,0,1,3,0,3,0,1,2,0,3,1,0,0,1,0,0,0,1,1,0,1,0,0,2
0,0,0,0,1,0,3,0,4,19,0,1,1,38,0,2,0,2,4,0,2,0,1,0,4,13,2,1,3,1,3,4,0,1,1,0,0,1,0,2,0,0,0,2,4,22,0,0,0,0,1,0,8,0,0,2,2,0,0,4,0,1,1,0,0,4,6,0,0,1,0,1,0,2,1,0,0,3,0,5,3,1,0,21,4,11,2,0,0,2,0,0,1,4,0,1,7,28,0,0,17,4,0,5,0,1,4,0,2,2,5,0,0,5,8,3,1,1,3,1,1,0,1,3,5,3,1,1,0,0,0,3,0,12,0,11,0,2,0,0,0,0,1,13,3,2,4,0,3,3,0,0,0,0,9,1,0,1,0,0,1,1,3,5,3,0,0,0,3,1,0,1,5,4,0,6,0,3,0,2,2,11,1,5,0,4,3,1,6,2,4,5,0,0,0,0,0,0,0,9,0,2,8,5,0,4,0,3,0,7,0,0,0,5,4,0,2,0,1,1,3,0,0,13,2,0,0,6,4,0,0,0,1,0,2,3,0,0,1,1,0,1,5,0,0,0,3,0,1,0,1,1,3,0,0,2
6,0,0,0,0,0,1,0,6,5,0,2,0,41,0,1,1,0,2,5,2,0,0,0,0,11,4,1,2,2,0,5,0,0,0,2,6,1,0,0,4,2,0,1,0,13,0,9,1,4,1,8,13,0,4,1,1,0,1,1,1,5,4,0,3,0,9,2,0,0,2,0,2,8,0,0,3,5,2,1,1,1,0,18,7,1,2,1,1,0,0,7,2,2,3,0,7,12,1,1,6,1,1,2,0,2,1,1,1,2,1,3,0,1,0,5,0,0,1,1,0,0,1,0,2,4,0,1,1,2,1,3,6,7,2,6,2,0,2,0,0,1,1,6,2,3,12,1,1,1,0,4,1,3,14,3,1,2,5,2,2,0,0,5,10,1,2,2,2,1,0,0,0,2,4,6,3,6,2,0,1,7,0,1,0,2,5,3,3,2,0,4,0,0,0,0,2,1,4,5,4,1,3,0,1,4,1,2,2,1,3,1,0,8,2,0,5,0,0,1,3,1,0,2,0,2,3,3,4,1,3,0,3,0,2,0,3,0,1,4,0,1,5,6,0,0,2,9,0,0,1,5,0,8,0,1
0,1,0,2,8,0,0,0,3,1,0,1,0,14,0,3,0,6,1,1,0,2,3,0,0,1,13,0,2,7,0,2,1,1,3,4,3,2,1,7,0,4,1,8,12,5,4,21,3,0,1,0,1,5,0,0,1,1,2,0,0,12,1,2,1,0,0,0,2,1,1,0,1,5,0,0,1,12,1,2,1,0,0,7,2,0,6,0,2,1,0,1,0,4,3,0,3,8,0,0,3,4,0,2,1,0,0,1,1,2,0,2,0,3,9,2,0,0,0,0,2,1,0,0,3,4,0,0,1,1,31,5,0,1,0,0,4,1,0,0,1,2,2,0,4,3,6,0,0,0,8,0,0,1,4,2,1,6,10,0,1,1,1,0,1,0,0,2,0,0,1,3,0,0,2,2,1,2,1,1,3,1,3,3,0,3,1,3,1,2,2,0,17,1,1,1,7,0,8,3,3,0,1,0,0,5,4,0,3,3,3,0,0,2,2,9,2,1,0,3,1,1,1,0,0,0,4,0,5,1,0,0,0,0,1,0,0,1,7,0,0,0,1,12,2,0,0,17,0,1,21,15,1,4,0,0
0,0,0,1,0,0,0,0,10,3,0,0,3,14,1,1,0,0,1,0,0,0,1,0,0,0,4,2,1,3,1,1,0,2,44,1,0,2,0,2,0,0,2,5,2,33,3,7,0,0,1,0,0,0,6,4,1,0,0,1,0,1,0,2,0,2,0,3,0,0,1,0,1,0,0,0,0,1,0,0,10,1,1,9,39,3,4,1,0,0,0,3,3,5,0,0,0,47,0,0,36,2,1,1,0,0,0,1,0,1,0,0,0,2,29,2,1,0,0,0,1,0,0,5,1,9,0,4,3,0,1,3,0,2,0,12,2,0,0,0,1,1,2,2,3,1,3,0,1,2,2,0,0,0,1,16,13,0,4,0,3,0,1,0,1,0,0,1,0,0,1,2,1,7,0,4,0,1,8,1,1,4,1,3,2,0,0,3,4,2,1,1,0,0,1,0,1,1,1,1,2,1,4,0,0,4,0,0,0,0,3,2,1,0,0,1,1,0,0,2,1,0,1,0,0,0,0,1,4,2,1,1,0,1,0,0,1,0,0,0,0,2,5,0,0,0,0,0,0,4,2,0,0,0,0,0
1,0,2,0,0,2,1,0,7,8,1,4,2,6,0,0,0,0,1,0,1,0,0,0,1,11,5,6,4,1,1,3,2,0,0,3,0,3,0,1,2,0,1,4,1,23,1,0,1,4,4,1,1,1,4,1,0,0,0,1,0,1,0,1,0,2,12,0,5,1,1,0,1,2,0,0,0,5,0,1,4,2,1,15,4,3,1,3,3,9,0,2,2,4,1,0,3,47,0,1,2,2,0,3,0,0,3,1,2,2,0,0,2,12,18,2,1,2,0,26,2,0,0,2,2,3,3,10,2,0,1,2,2,6,4,8,0,0,0,1,1,1,2,4,3,2,2,1,0,3,0,0,1,0,0,11,2,1,2,1,0,1,2,0,4,2,0,0,1,0,2,8,2,2,1,6,0,2,1,6,4,12,11,4,0,0,1,2,2,2,13,4,2,0,0,0,1,0,2,3,0,1,9,2,0,3,1,1,1,2,1,0,0,4,1,1,0,1,1,0,1,1,1,0,4,2,0,2,3,1,0,0,3,1,0,1,3,1,3,7,0,47,6,0,0,0,0,7,4,4,3,0,0,0,0,0
1,1,0,1,2,0,1,0,9,6,1,0,2,30,2,1,0,3,1,0,0,4,1,0,4,4,7,0,3,2,2,4,1,0,1,1,0,4,1,2,1,0,0,0,0,17,3,3,1,0,4,2,1,0,5,7,1,1,0,3,0,2,0,1,0,1,0,0,0,0,1,1,0,1,1,0,1,2,0,10,7,1,2,21,1,12,0,1,1,3,0,0,2,3,0,1,2,22,0,0,12,2,1,1,2,0,2,0,2,6,2,2,3,8,14,6,1,0,0,0,3,11,0,4,3,4,0,2,1,0,0,4,0,6,1,25,2,0,1,0,3,1,0,8,2,1,4,0,2,4,1,2,1,0,4,4,0,3,4,2,0,0,2,2,1,0,0,1,2,2,0,3,1,5,2,6,0,2,1,0,2,5,18,3,0,0,2,2,0,0,4,0,4,1,4,0,0,0,0,3,0,0,6,0,0,6,1,2,4,1,1,5,0,2,3,0,1,3,0,5,2,0,1,1,0,0,0,4,7,0,1,1,0,1,0,0,4,0,3,0,0,5,2,0,0,1,0,1,0,1,3,0,0,0,0,0
1,0,0,1,2,1,1,1,18,13,0,0,1,27,1,1,3,0,1,4,0,1,2,0,0,4,9,28,1,1,1,8,0,0,1,0,1,2,2,2,1,0,0,0,6,6,3,2,0,0,0,1,0,2,5,0,0,0,0,0,0,0,0,1,9,3,1,0,1,0,1,0,0,2,1,0,3,3,1,0,3,2,2,15,9,28,0,0,1,2,0,0,1,2,1,0,3,33,0,0,11,5,0,3,0,0,0,0,1,0,0,0,0,1,20,3,1,0,0,3,3,0,0,1,3,5,6,3,0,1,0,4,1,1,3,1,0,0,1,0,0,0,5,0,0,1,8,0,1,0,2,2,6,0,1,17,1,0,4,0,0,0,1,0,15,1,1,0,3,0,2,3,0,1,1,8,0,0,1,0,3,2,4,4,1,0,0,2,2,3,3,1,4,0,0,0,0,0,0,3,0,1,5,0,0,7,1,0,2,1,1,0,1,1,0,2,3,0,0,1,10,1,2,0,1,0,0,2,8,1,1,0,0,3,0,0,2,0,0,0,0,15,19,0,0,1,1,2,1,0,5,0,0,0,0,0
4,0,0,0,2,5,2,3,17,0,0,1,1,2,0,2,9,3,0,1,5,0,0,0,1,28,9,2,8,6,2,1,2,0,1,1,1,1,0,1,2,1,0,3,1,8,1,0,0,1,0,1,2,0,1,0,0,0,4,3,0,4,1,1,0,0,0,0,0,0,0,0,1,6,0,0,2,9,0,0,1,1,0,6,3,0,4,1,2,2,0,2,0,2,3,0,9,12,0,1,3,2,0,6,0,5,1,2,0,3,0,0,0,2,2,2,0,0,2,49,2,1,1,1,3,2,0,0,1,6,0,4,0,3,1,1,0,0,0,0,1,2,2,0,1,19,3,1,0,0,1,0,2,1,4,3,0,6,5,9,0,0,3,1,1,1,13,3,1,1,0,9,0,9,0,5,11,1,2,0,2,5,1,7,0,0,0,2,2,0,1,0,6,0,0,0,1,0,9,2,0,0,2,0,2,3,3,1,0,0,0,0,0,2,0,5,0,1,0,0,0,1,0,4,1,0,0,3,10,1,0,0,0,0,1,0,0,1,5,0,1,10,1,7,0,0,2,13,0,0,8,22,0,0,3,1
0,5,0,1,1,1,0,4,6,16,0,0,0,21,0,0,2,2,2,0,0,8,3,1,0,0,4,1,1,2,4,2,0,2,0,1,1,1,0,1,1,1,0,1,0,13,0,1,1,1,0,1,5,0,5,1,3,3,0,1,0,0,0,0,0,0,0,3,0,0,0,0,3,0,0,0,0,3,1,1,0,0,1,12,6,1,0,0,0,1,0,0,4,6,1,0,3,43,0,0,2,3,0,2,0,0,2,0,1,5,0,0,0,5,6,2,1,0,0,6,3,1,0,5,1,8,0,6,2,1,0,3,1,1,55,2,1,0,2,18,1,0,2,14,0,1,3,0,1,2,0,2,1,1,10,3,0,1,6,1,2,1,4,2,5,0,8,0,0,0,1,3,0,3,2,4,23,2,8,0,1,3,6,3,0,0,1,3,2,0,0,2,1,0,0,0,0,0,0,2,0,0,3,1,0,4,2,1,0,3,0,1,0,0,2,4,1,0,2,1,3,0,2,0,0,0,0,4,6,1,1,1,0,0,2,0,5,0,0,2,0,0,0,0,0,0,3,3,0,1,1,0,0,0,1,1
0,3,1,1,2,3,0,0,12,10,1,0,1,11,0,0,0,1,4,1,0,11,1,0,3,15,2,2,4,1,3,4,0,1,6,1,0,3,0,1,1,0,2,0,0,15,1,4,1,2,4,5,0,2,2,0,0,0,1,1,0,1,0,1,0,4,0,1,7,2,0,0,1,0,0,2,0,4,2,0,3,0,0,15,2,0,1,0,0,3,0,0,3,4,0,2,0,54,0,0,1,2,1,9,1,0,2,0,1,0,2,11,0,7,9,5,1,0,2,1,1,0,0,6,8,7,0,10,4,6,1,2,0,3,0,1,0,1,0,0,2,0,1,1,1,0,3,3,0,1,0,1,0,0,3,2,2,5,2,1,6,0,1,0,2,1,0,0,0,4,0,2,2,5,2,7,0,1,0,3,2,4,8,4,2,0,3,2,0,1,22,2,0,0,0,0,11,0,4,2,3,0,2,0,1,2,0,0,2,2,3,1,3,0,0,0,3,0,1,0,0,1,0,0,4,1,0,0,2,4,0,0,5,1,2,1,6,0,0,4,1,13,21,0,5,1,0,2,0,8,2,0,1,0,0,2
0,0,0,0,1,0,3,0,7,12,2,1,2,19,1,0,0,0,2,1,1,0,1,0,1,2,2,0,1,1,1,4,1,1,7,3,2,1,0,1,1,0,0,0,0,7,2,0,0,0,0,1,1,0,7,0,0,0,0,0,0,0,0,0,1,0,0,0,3,0,1,0,1,0,0,0,0,2,2,1,6,2,1,10,14,6,2,1,0,2,0,0,0,6,1,0,1,36,1,0,0,3,2,2,1,0,5,1,1,1,0,2,0,5,10,2,1,0,0,1,2,0,0,1,1,7,1,9,0,1,1,3,0,7,1,0,0,0,1,1,0,1,1,7,1,1,3,0,0,1,1,0,0,0,5,2,2,2,0,1,0,1,0,13,6,0,0,5,0,3,1,8,3,7,1,9,0,5,3,3,4,13,29,7,1,0,2,4,0,2,11,2,0,1,1,0,2,0,0,2,0,1,11,2,0,3,1,3,4,2,5,0,0,1,0,0,1,1,1,1,2,2,1,0,1,0,0,1,3,4,0,1,2,1,3,2,11,0,1,2,0,3,7,0,0,2,1,3,0,11,0,0,0,0,0,1
2,1,0,1,4,0,0,2,7,0,0,2,0,4,0,2,2,0,2,1,1,0,1,7,2,6,12,0,2,3,0,1,2,0,0,2,4,0,0,7,2,3,0,10,1,4,0,0,2,0,0,1,2,8,4,0,0,0,1,0,0,3,0,2,1,1,4,0,0,0,2,0,1,5,0,0,1,14,0,0,1,0,0,17,2,0,7,2,6,11,0,0,0,2,20,1,8,10,3,0,0,2,1,1,2,1,0,4,0,4,1,3,0,2,2,4,0,0,0,1,1,2,0,0,1,4,0,0,3,2,18,4,3,3,1,1,2,0,1,0,0,3,3,1,3,1,3,1,0,4,4,0,2,1,2,3,2,6,4,0,1,2,3,0,2,1,0,5,2,1,3,7,0,2,1,2,0,2,3,0,1,2,16,5,0,0,0,4,7,0,4,0,7,0,2,1,0,1,7,1,2,0,0,1,0,3,6,1,1,1,4,1,0,1,0,7,3,0,4,0,2,4,1,5,1,2,2,1,6,0,0,0,0,1,3,3,6,0,12,0,0,1,1,7,0,0,0,8,3,1,11,14,0,0,0,0
2,0,1,0,1,1,0,0,14,7,0,0,0,15,1,0,1,2,1,1,0,0,0,0,0,2,6,17,1,2,1,1,1,4,13,2,0,1,0,2,1,0,2,1,2,23,1,3,0,0,1,3,4,0,2,0,2,8,1,3,0,0,0,2,0,3,1,2,0,0,0,0,3,1,2,1,0,2,0,0,7,0,0,10,2,6,0,1,1,3,2,0,0,4,0,0,0,41,0,1,5,2,0,4,3,0,3,2,2,0,0,0,0,5,25,2,1,0,1,1,1,1,0,1,2,8,1,1,0,0,0,4,1,1,0,14,1,3,3,0,1,7,2,4,2,0,3,1,0,3,0,0,0,1,2,4,1,2,0,1,2,3,0,0,2,1,2,1,0,0,0,2,0,4,2,5,1,1,0,6,3,4,0,3,3,0,0,3,0,0,6,3,1,2,2,2,0,0,8,1,54,0,2,1,1,3,2,1,5,1,6,0,1,2,0,4,6,1,0,2,3,4,0,1,0,0,0,0,3,0,1,1,1,1,2,0,1,0,1,2,1,1,2,1,0,2,0,1,0,1,3,1,0,0,1,0
2,0,0,0,0,1,0,0,1,3,1,0,9,14,1,1,0,1,1,0,0,4,4,2,0,4,4,0,1,3,1,5,1,14,1,2,0,5,1,0,0,0,0,1,0,19,36,1,0,2,2,3,10,0,11,0,0,1,1,0,0,5,1,1,1,0,0,1,2,1,0,0,3,2,1,0,0,1,0,4,5,0,3,19,10,0,1,0,1,5,1,1,2,8,0,0,1,30,1,0,5,2,0,3,2,2,1,1,0,3,2,0,0,9,22,2,1,0,0,0,2,0,1,0,4,4,0,4,1,1,0,2,1,3,3,0,3,0,2,2,2,1,2,3,2,2,6,0,13,2,0,9,0,0,13,4,1,1,1,8,0,0,2,11,1,0,1,0,6,0,1,3,0,4,1,4,0,2,14,4,6,2,2,6,0,0,1,4,0,0,3,3,0,0,0,1,1,0,1,2,0,0,2,1,0,2,3,2,0,0,0,0,0,0,1,1,1,0,0,3,0,2,0,0,4,0,0,0,1,4,0,0,0,0,0,0,16,0,1,0,1,0,1,3,0,2,2,2,0,5,2,1,0,0,0,0
0,0,1,0,2,5,2,0,5,6,1,0,0,13,0,0,1,1,2,0,0,0,2,1,0,6,8,1,1,6,1,4,1,0,5,1,1,5,1,0,2,1,4,0,3,11,0,5,2,0,3,1,0,0,8,0,0,0,1,2,0,2,0,1,0,1,2,4,0,0,0,0,1,3,2,0,0,4,1,4,4,1,1,19,5,0,2,0,1,2,0,1,6,8,0,1,1,32,0,0,1,2,0,3,1,1,2,0,3,3,2,3,1,7,16,2,2,0,1,1,2,7,0,6,2,8,0,8,2,2,1,2,0,6,0,5,2,2,0,1,1,0,1,6,1,3,3,1,2,3,0,0,0,0,0,5,1,3,5,1,2,0,1,0,7,0,1,0,1,1,2,3,0,2,0,8,0,2,1,1,2,9,7,5,0,0,2,3,0,1,21,5,0,0,2,0,0,2,1,3,1,0,4,0,2,4,0,3,4,6,7,0,0,0,1,0,1,0,1,0,0,4,0,0,8,1,0,0,7,4,1,1,0,2,0,0,13,0,1,3,3,10,35,0,1,2,0,1,1,2,0,0,0,0,0,1
0,0,0,1,1,0,0,1,4,8,0,0,0,26,1,0,1,1,3,0,0,0,0,0,0,5,4,3,1,2,1,4,2,1,11,1,0,2,0,0,0,0,0,7,0,21,0,3,0,0,1,3,0,3,13,0,0,0,1,0,0,0,0,0,0,0,12,0,1,1,2,0,0,2,1,1,0,1,0,4,11,0,2,22,23,2,1,0,0,4,2,5,2,4,0,0,4,31,0,0,2,5,0,2,1,1,4,2,2,1,2,1,0,4,13,5,1,0,0,1,2,0,0,3,5,13,1,2,0,0,0,1,0,2,2,6,0,0,0,1,4,0,0,2,2,0,5,0,4,2,0,0,0,0,0,1,1,3,1,1,6,0,0,0,1,0,0,0,0,1,2,2,0,9,0,5,0,1,0,3,3,7,1,2,0,1,8,1,0,1,9,0,0,1,0,0,0,1,0,3,0,3,7,0,0,3,0,0,2,4,0,1,1,0,0,0,1,3,0,0,9,0,0,0,3,1,0,0,3,5,0,0,2,1,0,2,4,0,0,4,0,16,9,1,2,0,1,1,0,1,1,0,0,0,0,0
0,0,0,1,0,2,1,0,9,9,1,0,1,23,1,0,2,2,2,0,2,0,1,1,0,13,10,1,2,3,2,2,2,2,0,3,1,1,1,3,1,2,2,1,0,26,3,3,1,0,1,3,3,1,5,4,0,2,0,1,0,2,0,0,0,0,0,0,0,0,0,0,0,4,1,0,0,1,1,3,2,0,1,18,1,1,5,0,0,3,0,0,1,4,0,3,4,41,0,0,4,1,1,4,0,0,5,0,1,3,1,15,0,9,22,2,1,0,0,52,3,0,1,7,3,9,0,9,1,2,0,3,0,5,3,0,2,1,1,4,1,0,1,5,3,2,2,1,0,2,0,0,2,0,6,13,1,0,1,1,0,0,1,1,1,6,4,1,0,0,1,3,0,4,0,4,0,3,1,5,1,11,22,5,2,1,1,2,0,0,2,1,0,2,1,0,1,0,1,4,0,0,2,2,0,3,1,3,0,2,1,0,0,4,3,0,2,3,0,0,0,1,1,0,1,0,0,0,3,1,2,0,0,4,1,1,1,0,3,7,0,7,3,0,0,1,0,4,0,1,3,2,0,0,0,0
3,0,0,0,3,6,1,2,18,1,1,0,1,4,0,1,3,1,1,1,2,0,2,0,0,3,7,1,4,8,1,3,1,0,2,2,3,7,10,3,1,0,0,7,1,3,5,1,1,1,1,0,0,19,0,1,1,0,3,0,0,3,4,1,1,0,0,2,0,2,1,1,1,7,1,1,0,11,0,2,1,0,1,13,6,0,9,2,1,3,0,3,0,2,2,0,7,0,0,1,0,6,2,3,2,0,6,3,0,3,0,3,1,0,6,2,2,1,4,13,7,4,1,2,2,6,0,1,2,2,1,7,4,2,4,0,4,2,5,2,0,6,2,3,2,1,5,7,1,1,1,8,0,0,4,3,2,6,4,0,0,2,1,1,2,3,0,0,0,0,1,3,3,3,2,3,6,3,0,0,2,2,1,3,0,1,0,2,2,0,0,1,5,0,0,1,1,0,6,2,4,3,3,0,2,3,1,1,1,0,1,1,2,2,0,3,0,0,0,3,5,0,0,2,2,0,3,0,4,2,8,0,1,0,0,0,3,2,9,0,0,0,1,8,1,0,0,15,1,0,13,16,0,0,1,0
0,0,0,1,2,0,2,0,5,10,0,0,1,27,0,1,3,0,2,0,0,1,0,0,3,0,8,4,1,2,1,2,0,0,2,0,0,2,0,1,1,0,0,2,1,9,1,3,0,1,1,1,1,1,5,0,0,3,2,1,0,2,0,1,9,1,2,0,0,0,0,1,0,1,0,7,4,3,3,1,7,3,0,9,3,5,3,0,0,2,0,0,1,3,0,0,2,20,0,0,2,2,0,6,10,1,6,0,0,3,0,0,1,5,7,3,3,0,1,1,2,0,0,2,2,4,3,2,1,1,0,2,1,5,0,5,2,1,0,2,0,0,3,4,1,1,3,1,0,2,0,0,0,0,2,2,2,3,1,0,0,4,0,1,8,0,0,0,3,2,0,2,0,5,4,5,0,1,0,1,2,17,2,3,0,0,3,2,5,0,20,2,2,3,0,0,1,2,0,3,6,0,6,3,4,4,1,3,0,4,2,1,1,4,4,0,2,0,0,1,3,1,2,0,2,0,2,4,4,1,2,2,1,3,0,5,3,0,0,1,0,11,24,2,0,3,4,1,1,5,2,0,0,0,0,4
1,0,1,0,3,0,0,1,7,5,0,0,0,3,0,1,2,2,1,3,0,0,1,0,2,0,10,0,2,5,1,1,36,0,3,3,2,4,0,0,4,0,0,10,0,24,2,3,5,2,0,1,0,0,3,0,0,0,0,1,4,2,0,0,1,0,3,0,0,0,0,0,0,0,1,12,0,5,0,1,11,0,0,5,10,0,0,1,2,2,0,1,5,3,0,0,3,36,0,1,1,5,0,1,4,1,2,0,2,1,0,0,0,3,25,2,1,5,2,1,2,0,1,4,1,8,0,2,1,0,1,4,1,1,2,0,1,2,0,0,2,0,4,2,1,1,2,4,0,1,0,0,1,0,0,5,1,0,2,0,1,0,1,0,1,0,2,0,1,0,0,26,1,5,4,5,0,1,1,0,0,8,11,4,0,0,0,4,0,0,8,0,1,1,0,0,6,0,3,2,0,0,7,0,0,4,3,2,1,0,2,0,0,0,0,2,3,2,0,2,3,0,0,0,12,0,1,2,6,1,0,1,0,1,2,0,8,1,1,1,0,4,25,0,11,0,2,2,0,0,43,0,1,1,0,1
3,0,1,0,1,2,5,0,8,12,0,0,2,4,6,1,0,3,2,2,3,0,0,0,5,6,7,0,4,7,1,2,3,19,1,2,1,1,0,5,0,0,1,3,1,7,1,4,0,0,0,2,0,1,5,0,0,0,1,0,0,5,0,0,0,4,0,0,0,1,4,0,0,1,1,0,0,3,1,0,6,0,1,12,3,0,4,0,1,5,1,1,1,4,0,5,4,40,0,1,0,2,0,3,3,1,0,0,14,2,0,1,1,14,12,5,1,1,2,0,2,0,0,7,4,7,5,3,5,0,0,2,0,1,1,1,1,0,0,5,0,1,0,8,0,0,7,0,7,0,1,0,0,0,0,4,0,2,6,0,0,0,0,0,6,0,0,1,0,0,1,5,0,0,3,4,0,2,2,4,1,5,2,3,1,0,0,2,2,1,7,3,1,0,0,1,1,0,2,6,1,0,14,2,0,5,1,0,12,1,1,0,0,1,0,7,1,3,0,0,0,0,0,0,2,0,0,1,4,4,0,1,1,2,1,0,1,0,0,2,1,19,24,2,14,3,4,2,0,4,2,0,0,3,0,0
2,1,0,0,1,3,1,0,4,2,0,0,0,5,1,1,0,1,2,0,1,0,0,0,1,3,7,0,1,5,1,1,2,0,0,4,2,1,0,5,2,0,1,7,0,13,1,2,2,2,0,0,2,0,1,2,2,0,0,0,0,6,3,2,0,0,0,1,0,0,0,1,5,5,0,0,0,10,1,1,0,2,2,17,2,0,5,2,1,3,0,0,0,1,6,0,0,9,2,1,20,4,5,1,3,1,0,2,2,2,1,1,0,8,7,1,0,0,1,1,5,2,2,3,2,0,0,9,2,1,13,6,6,2,0,1,2,1,2,0,5,6,1,3,2,2,1,1,0,3,1,0,1,1,4,5,1,3,3,2,0,0,0,1,4,0,0,0,0,2,0,3,0,1,2,4,0,3,0,1,0,13,23,4,0,2,4,4,2,1,3,0,0,1,0,16,1,0,0,2,4,1,3,0,2,2,3,0,3,2,3,3,0,8,1,6,1,0,1,0,1,0,0,0,3,2,0,1,3,0,1,0,1,0,2,1,0,2,3,0,6,0,1,3,0,0,0,12,0,6,6,6,3,1,0,1
1,1,1,0,3,1,0,0,1,11,0,2,2,23,0,2,0,1,4,0,2,2,0,1,0,6,4,24,2,3,3,1,0,0,3,0,1,3,0,1,1,1,2,0,1,14,0,4,0,0,1,2,0,2,6,3,0,0,1,2,0,0,0,0,0,1,1,0,8,0,1,0,2,1,0,0,0,0,0,2,3,1,0,26,3,7,0,0,0,1,0,1,1,8,0,0,5,47,0,1,1,3,0,1,1,0,2,0,4,0,0,6,0,5,20,6,2,1,1,2,2,0,0,1,6,4,1,5,0,3,0,4,1,3,1,6,0,0,1,1,0,0,2,4,1,1,5,1,5,0,0,16,0,0,4,5,0,0,0,0,0,1,0,0,6,0,0,0,1,1,0,5,0,5,0,4,0,1,6,0,1,2,14,8,0,0,4,3,1,0,1,1,0,0,0,0,1,1,0,1,0,2,2,0,3,4,0,0,3,4,4,0,0,1,0,2,2,1,0,0,0,0,0,0,2,0,0,1,4,0,0,4,0,1,1,0,1,0,1,4,0,6,1,0,0,0,0,1,0,3,2,0,0,0,1,0
3,0,0,0,1,1,1,0,6,16,1,0,1,21,0,2,2,3,2,1,0,1,0,1,1,10,4,2,5,5,2,3,2,0,0,1,1,5,0,1,2,1,1,0,0,13,1,1,0,0,0,0,0,0,0,0,0,2,1,0,1,0,0,0,0,4,0,8,2,0,1,0,1,0,2,0,1,1,0,1,4,2,2,11,6,11,1,0,0,3,1,0,4,2,0,1,5,35,0,0,2,1,0,2,5,2,5,0,2,1,1,0,0,8,13,3,1,0,1,0,5,17,0,4,1,2,1,9,2,1,6,3,0,6,0,10,1,0,1,2,0,0,2,8,2,3,4,0,0,3,1,0,0,0,1,3,2,0,2,0,1,1,0,1,6,0,0,0,1,1,1,3,1,5,5,6,0,1,0,8,1,8,24,4,1,1,3,2,3,1,11,0,0,1,0,0,1,14,3,2,0,1,5,2,2,3,3,3,3,4,2,1,1,2,1,0,2,1,1,5,6,3,0,0,2,0,0,1,6,2,1,0,0,0,2,0,6,0,3,2,0,7,5,0,1,0,1,3,0,6,1,1,0,0,0,0
0,2,0,0,1,1,0,1,8,12,1,0,6,26,0,3,1,0,2,0,0,2,0,0,2,0,6,0,0,1,1,6,0,0,3,1,0,3,0,0,5,1,2,2,3,12,1,14,0,0,0,2,0,0,10,1,0,0,0,1,0,3,0,5,0,4,7,4,0,1,1,0,0,2,8,1,3,0,0,2,6,1,0,17,11,7,1,1,1,1,0,1,3,5,4,0,5,29,4,0,6,4,0,4,1,0,0,0,1,4,8,0,0,2,14,1,1,0,0,7,2,1,0,6,2,6,1,0,2,0,1,3,1,1,1,13,0,1,1,0,5,2,5,2,1,0,1,0,0,0,3,0,0,0,0,5,0,5,0,0,6,0,2,1,7,3,10,1,1,1,1,2,0,8,2,5,0,0,0,0,1,3,6,3,1,1,1,2,2,1,0,0,0,2,0,0,0,1,0,7,4,0,8,1,1,3,0,3,0,6,1,1,3,0,0,3,0,1,0,0,6,4,0,0,0,0,0,0,3,1,0,3,0,2,0,1,5,0,0,1,0,2,0,0,0,0,0,0,0,1,1,0,0,0,1,0
0,0,5,0,0,1,1,0,10,11,0,0,0,21,0,0,0,1,6,0,0,0,1,0,0,9,2,0,1,2,3,4,0,10,6,0,0,2,0,0,1,0,1,7,2,31,0,0,0,0,2,1,7,0,3,1,0,0,1,3,0,0,0,0,0,4,1,0,0,0,1,0,0,1,1,0,0,2,0,0,12,1,0,13,14,1,2,0,0,4,2,0,1,5,2,0,8,39,0,0,20,3,0,2,0,0,1,1,0,2,4,0,0,9,19,3,1,0,0,2,1,0,0,5,3,7,0,13,0,0,1,2,0,0,1,8,0,0,0,0,1,1,3,2,0,1,4,0,1,0,0,1,0,0,10,3,0,3,0,0,5,0,0,1,4,0,1,0,0,0,0,2,0,5,1,4,0,1,0,0,1,0,2,5,0,0,0,1,0,1,9,5,0,0,0,0,0,1,1,5,1,2,6,0,0,3,1,1,0,1,1,0,0,0,0,0,1,1,0,0,4,1,0,10,0,0,0,0,8,2,0,0,0,0,0,0,2,0,2,1,0,8,9,0,0,1,2,1,0,6,2,2,0,2,0,0
0,1,0,0,0,0,0,1,8,10,0,2,1,14,0,1,0,0,1,0,1,4,2,0,1,3,1,60,0,2,1,4,0,1,2,0,0,0,0,2,2,2,4,0,8,31,2,3,0,0,1,0,0,2,3,0,0,1,2,3,0,2,0,1,0,5,1,0,1,1,0,5,2,3,1,3,1,2,0,2,14,0,0,12,6,18,2,0,0,4,2,0,1,7,0,1,1,44,0,1,6,2,1,4,1,0,1,0,4,1,1,0,2,10,22,4,1,1,0,0,3,0,0,3,4,10,3,2,2,4,0,2,1,3,0,13,0,0,0,1,0,0,3,4,0,0,8,2,0,1,0,1,1,0,0,5,0,0,1,0,1,0,0,1,2,0,0,0,0,0,0,0,4,0,0,4,0,0,2,3,1,8,0,0,2,0,3,0,0,0,6,0,0,0,0,0,0,3,1,4,2,0,4,0,3,4,0,2,1,4,7,0,0,0,0,0,2,2,1,0,2,1,0,2,0,0,1,0,6,2,1,0,0,0,0,0,2,0,0,2,1,17,12,0,4,0,1,3,4,1,0,0,1,0,0,0
6,3,0,2,3,1,0,2,3,0,0,0,0,1,0,2,0,1,1,2,4,1,2,0,1,3,9,9,6,8,5,3,1,0,2,2,3,1,1,5,2,1,2,6,1,18,26,2,0,0,1,0,1,2,0,0,1,0,0,1,0,4,0,0,1,0,2,0,1,1,0,0,0,16,1,0,0,4,0,1,1,2,1,13,2,0,8,0,3,3,0,6,0,3,2,1,6,19,0,1,0,4,1,1,1,2,0,2,1,2,1,1,0,2,2,3,0,0,3,1,1,1,0,2,2,6,0,1,0,2,1,8,0,0,0,12,2,0,0,0,4,1,0,3,1,1,2,1,14,0,2,1,0,0,6,3,0,4,7,0,0,0,1,2,5,0,2,6,0,6,2,3,0,0,1,3,7,1,1,0,5,1,4,4,0,0,0,3,1,2,1,0,5,0,1,0,1,0,2,3,0,0,3,1,4,4,0,0,3,1,4,0,1,2,0,4,1,0,0,1,1,2,0,5,1,0,1,4,1,0,0,0,0,0,1,2,2,1,6,0,1,0,0,13,0,2,0,13,0,1,5,13,1,0,0,0
1,1,1,0,0,0,1,0,6,5,0,1,0,29,1,0,3,0,1,0,0,0,3,0,1,5,5,0,2,1,1,2,1,1,0,9,2,6,0,2,2,0,0,1,0,18,7,2,2,0,4,0,4,1,3,0,0,0,0,0,2,1,0,0,7,1,0,4,1,0,1,0,3,1,4,1,1,4,0,2,7,0,0,14,7,2,1,0,0,1,2,0,1,4,0,0,2,39,0,0,1,2,0,3,0,0,0,1,3,3,0,1,0,5,5,3,1,0,0,49,3,0,0,7,3,10,1,3,3,13,0,3,1,1,2,2,0,1,0,1,2,1,5,2,1,2,2,0,1,1,0,3,1,0,8,6,0,1,0,0,1,0,1,0,5,2,9,0,0,8,1,2,3,8,3,6,0,5,3,4,0,3,3,2,3,0,4,2,0,0,3,4,0,0,0,0,0,1,2,3,0,2,4,0,0,2,1,1,1,0,2,1,0,0,1,1,0,1,0,8,1,0,1,0,1,1,0,0,3,1,0,0,0,1,0,1,8,0,2,3,0,2,1,0,0,1,0,2,0,4,3,0,0,1,0,0
0,0,0,1,0,2,4,1,7,12,0,0,4,14,0,0,1,4,2,1,1,0,0,0,0,26,9,1,4,4,1,1,1,7,0,1,0,0,0,1,2,3,1,1,0,24,1,0,0,0,2,4,1,2,2,0,0,1,0,0,0,0,0,3,1,0,0,0,1,0,0,1,1,5,0,0,0,2,4,2,7,1,0,14,1,0,0,0,2,1,0,0,1,5,2,1,5,32,0,0,1,2,1,1,0,0,2,0,5,1,0,2,0,4,18,1,1,0,0,49,4,0,0,3,1,5,0,9,2,7,1,5,0,4,3,1,0,0,3,1,0,0,1,4,1,2,3,1,0,1,1,0,0,1,0,7,0,3,3,0,1,0,0,0,3,3,1,0,0,1,2,4,3,4,1,5,0,3,0,1,0,19,15,4,2,0,0,3,3,0,3,1,0,0,1,1,3,1,0,5,0,1,4,1,0,2,5,1,2,4,4,0,0,0,2,2,1,2,0,0,0,0,0,0,0,1,2,2,7,1,0,0,0,0,0,0,1,0,2,3,0,8,5,0,1,1,0,1,0,3,2,0,1,0,0,0
2,0,0,0,0,0,0,0,11,23,0,0,0,41,0,0,0,1,4,1,0,0,3,1,0,1,3,2,3,1,3,6,0,1,1,1,0,3,0,1,2,1,0,0,0,5,0,1,0,0,0,1,9,0,2,0,1,2,0,0,0,0,0,1,3,1,0,3,3,0,0,0,1,3,1,1,0,2,2,1,4,0,0,15,6,1,1,0,0,3,0,0,0,5,0,0,3,38,0,0,5,2,0,3,0,0,5,0,1,0,0,0,0,3,6,3,3,1,0,24,0,0,0,1,3,6,0,0,0,0,0,1,0,3,0,5,0,0,0,0,1,9,4,1,0,0,4,1,0,1,0,2,0,2,21,4,0,4,0,0,0,0,0,3,4,1,4,0,1,0,0,1,1,4,2,5,0,2,0,5,0,2,4,5,0,1,1,1,0,3,0,2,4,3,0,0,0,1,0,4,4,0,14,1,3,4,1,2,1,3,2,1,0,0,1,1,3,0,1,30,6,3,0,1,0,1,0,2,2,4,2,0,0,0,5,0,4,1,1,6,0,7,3,0,1,2,1,4,0,12,0,0,0,0,0,0
1,3,1,0,0,1,3,1,4,9,4,0,1,34,0,3,0,0,1,0,1,1,1,0,0,16,3,1,0,5,5,10,1,0,0,1,3,2,0,1,1,0,1,0,2,18,0,2,2,1,1,1,2,1,2,0,1,1,0,0,0,2,0,1,0,1,0,0,3,1,1,1,1,1,1,0,0,2,0,3,1,1,0,17,3,0,1,0,1,2,2,2,1,6,0,2,7,28,0,0,0,3,0,3,1,0,5,0,3,3,0,1,0,12,10,3,1,0,1,10,1,1,2,3,4,11,1,7,2,3,2,2,1,6,0,1,4,1,0,3,4,6,1,3,2,5,7,0,0,3,1,1,4,0,1,8,0,2,4,0,0,2,0,3,1,4,0,0,0,0,2,3,1,6,0,2,0,4,8,8,3,8,8,7,1,2,1,2,5,3,7,1,1,0,0,3,1,0,3,3,0,2,4,1,0,7,0,3,1,3,6,0,4,5,2,0,1,1,0,0,0,1,1,0,3,1,0,0,3,0,1,0,1,2,1,4,3,0,2,1,0,5,4,0,0,0,1,1,2,2,1,0,4,0,2,3
0,1,0,2,6,3,1,0,3,1,0,1,0,1,0,0,0,1,2,4,1,0,7,1,0,2,12,2,0,1,1,0,2,0,1,2,3,6,2,5,0,0,1,10,0,7,2,4,0,3,0,0,2,0,2,0,0,2,10,21,0,4,0,0,0,0,1,1,1,0,0,1,0,3,1,0,0,6,2,1,0,1,2,2,0,1,9,0,3,0,0,3,0,5,12,0,6,6,1,0,20,0,2,0,1,2,1,0,2,7,0,1,0,0,2,0,0,0,1,0,3,4,0,1,0,0,0,0,1,2,12,4,0,1,2,0,2,2,3,0,0,0,0,2,0,21,0,0,0,0,3,4,0,0,3,5,3,3,8,1,0,0,2,8,0,1,3,1,0,3,4,4,3,1,0,2,2,0,0,0,0,1,1,3,0,1,5,5,2,5,0,1,1,4,2,2,6,0,12,6,0,1,0,0,0,5,4,0,1,5,1,0,2,5,1,8,0,0,2,2,0,0,2,8,0,0,1,2,3,1,0,2,0,0,1,0,2,1,2,0,0,6,1,3,0,1,5,6,3,0,15,17,0,3,0,0
2,0,0,2,0,2,2,0,5,7,0,1,1,17,1,0,0,0,3,1,1,1,1,0,0,1,3,1,0,1,0,2,1,1,1,2,2,1,2,4,4,1,0,2,2,10,0,3,0,1,1,1,5,0,4,0,2,5,6,0,0,5,2,1,3,0,0,1,2,0,0,1,2,3,0,3,1,1,1,1,7,0,0,14,3,0,1,0,0,5,1,2,1,2,2,2,2,24,0,1,2,3,0,2,2,1,6,3,4,1,0,1,3,8,6,2,0,0,1,4,2,0,1,1,2,9,1,3,6,3,0,2,0,6,0,0,3,0,3,0,3,3,1,8,3,4,2,1,21,1,1,4,0,3,15,3,0,3,2,2,0,0,1,5,2,1,1,1,3,4,2,1,1,1,5,3,1,4,28,5,4,7,1,2,0,3,3,2,4,1,5,0,1,1,0,0,3,0,0,4,2,0,1,0,0,3,0,0,0,2,0,4,1,6,0,1,3,0,0,0,1,2,0,1,3,2,2,4,6,0,2,0,1,0,0,3,2,1,4,1,0,2,2,2,0,1,1,5,2,0,0,2,0,0,8,2
1,0,2,1,1,0,2,1,3,14,0,1,1,30,0,0,2,1,2,0,0,0,2,0,0,3,7,8,1,3,3,4,0,0,0,1,2,5,0,5,5,0,0,9,1,20,2,4,1,0,0,2,1,3,11,0,0,0,0,5,0,4,1,2,0,0,3,1,0,1,0,1,0,1,0,1,0,11,2,6,4,2,0,25,3,19,1,1,0,3,3,0,0,3,0,4,8,32,0,0,31,1,0,6,0,0,1,0,2,4,2,0,1,11,3,3,1,0,0,0,2,0,0,2,2,7,2,1,5,0,0,3,0,4,2,13,3,0,0,0,0,0,3,6,1,3,4,1,6,2,0,3,0,0,1,2,0,1,3,0,1,1,0,0,3,1,3,1,1,0,1,2,0,3,3,6,1,5,0,0,2,5,1,2,0,0,8,3,0,1,1,6,0,0,0,0,0,0,1,6,1,1,3,0,1,3,1,2,0,4,0,0,0,1,4,0,4,0,0,0,3,0,0,3,3,2,1,2,8,0,1,0,1,0,1,0,1,2,0,1,0,2,4,0,0,0,0,1,8,0,2,1,0,0,0,0
1,2,0,1,0,1,2,0,7,9,0,0,0,23,0,0,1,0,3,2,0,1,2,0,0,18,0,4,0,1,1,4,0,0,5,0,0,5,0,1,1,0,1,4,1,29,0,2,0,0,5,0,4,0,5,0,0,1,0,2,1,1,0,0,0,4,18,1,1,0,1,0,0,6,0,0,0,7,1,2,3,0,2,26,2,2,1,6,0,6,0,1,6,5,3,2,0,22,0,0,17,3,0,9,2,1,2,0,1,0,1,0,0,6,5,5,1,0,0,0,0,0,0,3,4,11,5,1,1,1,0,0,0,7,1,13,0,0,0,2,0,3,0,5,2,3,6,2,0,3,0,0,0,0,0,2,0,1,1,0,7,1,1,0,9,0,5,0,1,0,0,12,0,2,5,4,1,1,0,6,1,7,5,0,0,0,1,2,3,2,3,4,0,0,0,0,0,0,0,8,0,0,5,1,2,4,0,0,0,1,0,0,2,1,0,1,0,0,1,1,1,3,1,0,2,0,0,0,6,1,0,0,0,3,0,0,1,0,0,1,0,7,2,1,0,0,1,1,0,1,1,0,0,0,0,0
0,0,0,0,0,0,2,0,0,0,0,1,1,14,0,0,0,0,3,0,0,3,0,0,0,1,3,1,0,2,2,4,0,5,0,3,3,0,1,2,2,1,1,14,0,15,1,7,0,0,2,0,0,0,13,0,1,0,0,2,0,1,1,0,1,0,1,1,2,0,0,0,0,8,0,0,0,4,0,0,6,1,0,15,1,0,3,1,2,7,2,3,3,6,1,2,1,29,3,0,23,0,1,4,1,0,0,0,0,7,2,3,3,10,9,6,2,0,0,0,0,6,0,2,4,13,0,0,2,2,4,1,1,2,0,13,0,0,0,1,0,14,2,4,4,1,5,1,4,2,0,10,0,0,1,0,0,2,0,0,0,0,0,0,3,0,0,1,0,1,1,0,0,1,1,2,1,1,7,3,1,4,0,2,0,0,13,2,3,1,2,0,0,0,1,0,1,0,0,4,4,0,2,0,3,4,0,3,0,2,0,0,0,0,0,0,0,0,0,0,0,3,0,0,0,0,4,1,2,9,0,1,1,0,2,1,1,1,1,2,0,1,2,0,2,1,0,0,0,2,2,2,0,10,0,0
4,1,0,1,2,0,0,1,0,3,0,0,0,0,0,0,8,5,3,0,0,0,0,3,0,1,14,0,3,49,0,2,4,0,0,1,2,0,1,3,0,1,0,1,2,0,0,1,0,1,3,3,0,1,0,0,1,0,1,5,0,6,2,0,0,1,2,0,0,1,1,0,4,5,0,1,0,11,1,1,0,0,0,3,3,0,16,0,1,2,0,3,0,2,15,1,4,1,1,4,0,1,0,1,0,0,2,1,0,2,1,0,0,0,3,1,2,0,0,0,3,0,0,1,1,2,0,0,1,3,0,6,0,1,0,1,6,1,0,1,1,0,1,0,0,2,3,0,3,0,0,0,0,0,4,3,1,4,4,0,2,1,4,15,1,1,2,1,1,6,9,3,7,5,0,5,0,0,0,0,3,1,0,4,0,0,0,4,1,0,3,1,10,0,0,0,2,2,11,0,0,2,0,0,1,3,6,0,2,0,0,0,0,5,0,6,0,0,1,0,0,0,0,0,0,2,4,1,2,4,0,0,0,0,0,0,1,0,8,0,0,0,0,9,1,0,0,14,1,0,50,26,0,0,0,0
3,2,3,0,4,2,1,2,2,5,0,0,1,0,2,0,2,5,6,7,0,1,0,0,0,5,15,1,1,2,0,1,1,0,1,3,2,0,7,3,2,5,1,3,0,2,0,5,2,2,1,0,1,2,2,0,0,1,1,7,0,3,0,1,1,1,0,1,2,1,0,0,2,8,2,0,1,6,1,2,0,1,0,5,2,0,12,1,4,1,0,1,1,4,7,0,5,0,4,1,2,2,1,1,3,0,1,1,4,2,0,2,0,10,6,1,0,1,3,8,4,3,0,0,1,2,4,2,2,3,1,5,5,1,1,0,3,4,0,0,2,1,2,1,5,2,2,0,1,0,1,0,0,0,2,6,0,5,1,0,0,0,8,0,4,4,3,2,2,2,5,4,0,2,0,3,1,3,3,0,1,2,4,3,0,0,3,6,0,3,1,0,4,0,2,11,1,8,7,2,1,0,2,0,11,3,2,3,3,1,4,7,1,0,1,3,0,0,0,0,2,0,0,2,0,2,1,1,4,0,0,2,0,0,0,1,4,1,8,0,1,0,1,3,0,2,0,8,1,3,11,13,0,0,7,0
0,1,1,0,0,4,0,1,3,13,0,8,0,14,0,0,1,1,1,1,1,7,1,0,1,0,3,1,0,3,1,1,1,1,1,1,1,2,0,1,5,0,1,11,0,24,0,2,0,0,0,1,0,0,3,2,0,1,1,0,0,1,0,0,3,0,14,0,2,0,1,0,1,2,0,1,0,5,1,0,6,0,1,7,9,7,0,0,1,12,27,0,1,7,1,0,0,37,0,1,0,2,0,33,0,0,1,0,1,5,0,0,0,7,4,3,1,1,0,0,2,1,0,1,2,9,1,7,2,0,2,2,1,2,0,11,2,0,0,0,0,1,2,1,3,1,5,1,6,1,0,1,0,1,1,6,0,0,3,5,3,1,0,10,1,2,1,1,0,1,0,2,3,6,1,3,0,5,7,8,1,5,28,4,1,1,8,3,3,0,4,2,0,0,1,0,0,0,1,1,0,2,1,0,0,3,1,1,0,1,0,0,0,0,0,0,1,3,1,6,5,0,1,0,2,0,0,3,3,4,0,0,0,0,0,0,0,0,2,3,0,1,0,0,1,0,1,0,0,4,0,0,0,0,0,0
13,2,0,0,2,0,3,0,13,0,3,0,3,0,0,0,3,6,1,2,0,0,0,1,0,1,11,2,0,5,2,2,2,0,4,1,3,1,0,1,2,1,0,2,0,1,0,6,0,1,2,1,0,0,2,1,0,0,0,1,0,4,3,0,0,1,0,0,0,1,1,2,4,5,0,3,0,6,0,1,2,1,0,8,4,0,6,3,0,3,0,3,4,1,6,0,10,2,1,0,0,4,0,7,0,6,9,5,0,2,1,1,0,5,4,1,0,0,1,0,3,1,0,0,1,3,0,1,0,1,0,3,5,1,0,0,4,0,0,0,3,1,0,0,0,0,5,0,0,0,0,3,0,0,4,5,0,2,9,0,1,0,1,1,2,2,9,2,5,4,6,3,0,2,0,3,11,1,0,1,6,3,1,4,3,2,0,3,1,1,2,0,0,0,0,0,0,1,8,2,1,0,1,0,0,3,3,0,0,0,0,1,0,1,2,2,0,0,0,2,0,0,0,0,2,3,0,0,1,0,1,0,1,0,2,2,0,4,10,0,0,3,1,22,0,1,0,28,4,0,49,7,2,0,0,1
5,0,1,0,1,0,0,1,8,0,1,0,0,4,0,0,1,2,1,3,3,0,1,0,0,3,16,7,1,6,1,2,3,0,0,3,2,1,2,5,4,0,0,2,0,20,1,4,2,1,1,0,0,0,0,1,4,1,1,0,0,3,0,0,0,4,1,0,0,1,1,0,2,1,1,0,0,8,0,0,11,0,3,9,7,2,6,1,0,0,2,0,1,0,2,0,3,15,0,2,2,3,0,1,1,1,0,1,0,1,1,0,0,3,3,1,0,0,2,0,3,0,0,1,0,8,1,1,1,2,0,5,0,0,3,20,3,0,7,0,1,1,2,1,1,3,1,2,0,0,0,2,0,3,2,4,2,4,3,0,2,2,3,2,2,0,4,8,3,1,1,6,11,3,4,5,4,4,0,0,3,6,2,5,0,3,1,7,3,0,15,0,0,0,0,0,1,0,1,2,0,2,1,0,1,3,1,6,0,1,2,1,2,0,0,4,1,0,1,0,2,4,0,0,0,9,3,4,3,2,2,0,1,1,4,0,1,3,5,1,2,21,11,3,0,0,1,5,0,0,14,10,0,1,1,3
0,0,3,0,0,1,0,0,1,0,0,0,0,3,0,0,0,1,4,2,3,0,0,2,0,3,6,3,0,2,1,4,1,0,0,1,4,1,0,3,0,0,0,11,2,1,1,2,0,0,2,0,0,7,1,0,2,0,3,2,0,5,0,0,0,0,2,0,0,5,3,0,0,8,1,0,1,11,1,2,1,1,0,29,3,1,8,0,2,4,0,0,1,4,9,0,17,1,1,2,1,3,0,0,4,0,2,3,0,10,0,0,0,2,2,3,0,0,5,2,2,3,0,2,4,5,1,3,1,2,10,5,0,4,0,1,5,0,0,0,0,2,1,0,2,3,3,3,2,3,5,0,2,0,4,1,0,10,4,0,0,0,1,0,1,0,0,1,0,0,0,3,0,1,0,2,0,1,0,2,0,2,0,2,0,0,2,1,1,0,9,0,10,2,0,3,1,1,14,5,1,2,0,0,1,3,0,1,2,2,0,2,2,2,0,9,1,0,1,0,0,2,1,0,0,0,2,0,6,4,1,0,0,0,1,3,1,0,8,1,3,1,4,14,3,0,2,8,0,1,49,15,0,0,0,0
3,2,0,0,2,1,0,0,1,1,1,5,3,2,0,2,0,4,1,3,0,1,1,3,0,2,17,0,1,13,2,1,2,0,0,2,4,5,6,4,0,0,0,1,0,2,0,4,1,1,0,0,1,2,0,0,2,0,2,6,0,5,0,1,1,0,0,0,0,0,0,0,0,7,0,1,0,6,1,0,2,0,0,6,5,0,4,1,1,6,0,1,0,2,4,1,5,2,3,0,0,1,0,1,0,0,0,0,1,5,1,0,0,2,3,1,0,1,0,1,3,5,1,2,1,0,2,0,1,1,0,3,0,1,1,2,4,0,0,1,1,0,1,0,4,6,4,1,2,0,1,3,1,0,2,3,2,6,9,3,0,0,6,2,0,0,15,5,3,0,7,3,0,2,3,4,1,4,0,1,0,2,5,3,0,1,2,4,3,0,0,0,4,2,4,2,4,1,4,4,0,0,1,4,4,5,4,1,3,2,1,0,1,2,1,7,0,0,2,2,2,6,3,1,0,15,0,2,6,0,0,1,0,1,1,0,0,1,10,0,0,1,2,3,0,0,1,3,0,0,51,31,0,1,1,0
2,5,2,0,1,1,1,4,7,0,3,1,1,3,0,1,1,0,4,2,2,2,2,0,1,5,5,39,1,24,0,1,1,1,0,3,1,1,1,6,1,0,0,8,1,9,3,6,1,4,0,0,0,1,0,1,2,1,0,0,3,4,4,0,1,1,1,0,0,0,0,0,4,4,0,0,1,9,1,0,2,1,2,10,6,0,9,3,1,1,1,1,1,2,5,1,2,10,3,0,0,1,0,9,1,1,1,2,2,3,1,2,0,1,4,2,0,0,2,1,2,1,0,4,2,1,0,0,0,1,0,3,0,1,1,0,0,0,1,0,0,6,0,3,2,1,5,0,3,0,0,2,2,1,1,4,0,6,3,0,0,0,0,0,0,0,11,4,6,0,1,6,9,0,0,3,1,1,2,1,1,2,0,3,0,0,9,3,1,0,4,0,0,0,0,0,0,0,1,5,0,0,0,0,5,4,2,0,0,0,3,2,0,5,0,3,1,2,0,1,1,2,0,0,0,0,4,0,3,0,0,0,0,0,2,2,2,1,9,1,0,0,0,4,0,5,1,7,1,2,9,12,2,0,0,0
1,1,0,0,2,1,2,0,6,7,0,0,0,16,0,0,0,1,2,0,0,2,1,0,1,7,6,5,0,1,1,4,0,0,2,0,0,1,0,1,1,2,0,2,3,23,0,1,0,0,3,0,1,1,2,0,0,1,0,4,0,0,0,2,0,4,4,0,2,0,0,0,0,2,0,0,0,2,0,0,10,1,0,15,0,0,1,0,0,1,8,0,7,5,0,0,4,43,0,0,11,5,1,6,1,1,4,1,1,2,1,2,0,8,21,3,1,0,0,1,1,0,0,1,4,13,2,8,0,2,0,4,0,4,2,1,1,0,3,0,1,1,1,4,1,4,5,0,0,2,1,0,0,0,0,2,0,1,2,0,3,0,3,0,5,0,0,1,0,0,0,1,0,5,1,5,0,4,0,3,2,4,0,2,0,0,4,3,5,0,27,3,0,1,1,0,0,0,0,6,0,2,9,1,2,4,0,1,1,2,0,0,0,1,1,0,2,1,0,0,1,0,0,0,2,0,0,1,3,1,2,1,2,2,0,0,1,0,0,3,0,8,36,0,2,1,0,5,0,3,0,1,0,2,0,0
0,1,2,1,7,1,1,0,8,16,0,0,1,30,0,4,0,0,3,0,0,0,0,2,0,5,11,7,3,1,2,3,0,0,0,3,1,1,0,0,0,3,2,3,3,20,0,6,0,0,0,9,5,3,8,4,1,1,0,1,0,2,0,3,0,0,5,0,1,0,4,0,2,2,0,1,0,3,1,1,6,0,2,11,3,3,9,0,1,0,1,4,7,6,2,0,1,19,0,1,2,2,0,3,2,0,1,3,0,7,5,0,0,5,4,2,1,0,3,1,3,0,0,2,4,5,2,1,4,1,1,3,2,3,0,11,1,0,2,4,2,1,2,6,2,3,3,1,2,3,1,0,0,0,2,16,1,4,4,0,3,2,0,4,2,0,0,0,1,0,2,4,1,4,2,6,0,3,3,0,2,5,3,4,0,1,0,4,0,1,0,0,1,1,0,0,0,0,2,3,7,0,4,1,1,2,0,2,0,4,2,0,1,0,1,2,3,1,0,0,1,0,1,6,2,0,0,0,3,3,1,1,0,2,4,0,3,0,4,1,0,3,1,1,1,2,0,0,0,3,5,5,0,0,0,1
4,0,0,0,2,0,1,0,7,0,0,0,3,10,0,1,1,1,1,1,1,0,0,0,0,3,10,0,1,2,0,1,1,0,0,2,1,5,7,0,0,1,2,4,2,13,1,1,0,0,3,0,1,1,1,0,0,1,1,1,0,6,11,37,2,0,0,0,0,1,0,0,0,4,0,0,0,9,1,1,3,2,1,12,2,1,9,1,0,2,0,1,0,1,4,1,3,10,0,0,2,2,0,1,2,0,3,5,1,1,0,1,1,2,5,3,0,0,0,2,2,1,0,0,3,3,0,1,0,2,0,9,1,3,0,0,6,0,0,1,3,3,1,5,2,3,2,0,1,0,1,4,0,0,10,3,0,4,5,0,0,1,2,4,10,2,1,2,1,3,2,5,4,2,1,7,5,3,1,0,2,3,3,3,1,0,2,3,1,0,1,0,1,0,1,0,2,0,9,3,2,2,3,0,7,3,0,0,5,0,1,0,0,11,2,3,0,1,1,0,1,0,0,2,1,1,0,1,1,0,1,0,0,0,2,0,1,1,6,2,0,0,4,6,0,0,0,25,0,0,17,11,0,1,0,2
0,0,0,0,0,1,2,0,10,6,0,0,1,9,0,3,0,1,3,0,5,2,0,0,1,10,4,25,1,1,0,2,2,0,0,1,2,2,1,3,4,0,4,1,1,12,0,1,1,0,1,0,2,1,4,1,0,3,1,0,1,1,1,1,1,3,1,0,0,0,0,0,0,2,0,1,0,2,1,0,2,1,1,11,4,2,2,0,0,2,0,0,3,2,1,1,1,34,0,0,1,2,0,2,0,0,3,0,0,3,0,0,1,7,19,3,1,0,0,1,2,0,1,1,2,5,2,4,0,1,0,4,0,5,1,13,1,1,0,0,0,0,2,6,1,2,2,1,1,2,0,0,1,0,6,5,0,0,1,0,1,0,0,1,4,0,1,0,0,1,1,2,0,1,1,7,0,3,0,1,1,7,1,5,1,0,3,2,3,0,25,0,0,0,0,0,0,0,0,6,2,2,3,1,1,2,0,0,2,2,1,1,0,2,2,2,1,0,1,1,3,0,2,1,1,4,2,0,5,2,1,0,0,1,0,0,1,3,2,5,0,37,27,1,1,2,0,3,2,4,1,2,1,0,0,1
3,0,1,2,1,0,0,0,5,8,0,0,0,26,0,0,2,1,2,0,3,0,0,0,0,5,6,8,4,6,1,2,1,0,1,1,1,2,0,5,2,2,3,0,1,20,0,0,6,0,1,2,6,1,4,0,1,0,0,0,0,3,0,1,0,0,1,1,1,0,0,0,0,0,1,1,1,3,0,0,12,1,0,8,1,14,2,0,0,1,0,0,0,4,0,0,3,33,0,0,5,1,1,1,0,0,3,1,2,1,1,4,0,9,25,2,1,0,0,1,1,0,1,4,2,7,0,8,0,0,0,5,0,0,0,7,1,0,0,0,0,2,0,4,0,1,2,0,0,0,0,0,2,0,5,3,2,1,4,2,2,3,4,1,5,0,2,1,1,0,1,2,1,1,0,5,0,3,0,0,1,3,6,4,0,0,0,3,0,2,13,6,1,0,2,0,0,6,2,2,44,0,11,1,1,5,1,0,0,1,6,0,0,1,0,1,5,2,1,0,1,0,0,8,2,0,2,0,8,1,0,0,1,0,1,0,0,0,1,6,0,10,14,0,2,2,0,1,1,3,3,1,0,0,1,0
2,3,0,0,5,1,1,1,1,2,0,0,1,0,0,0,1,0,2,0,0,2,0,0,2,3,19,0,11,9,2,3,4,0,0,5,4,2,2,0,0,0,1,0,0,0,1,0,0,2,0,0,0,1,0,0,0,0,0,1,0,2,0,0,0,0,2,0,0,0,1,0,0,3,0,0,0,7,0,0,0,1,0,3,4,1,3,0,1,0,5,0,0,0,1,0,6,0,1,0,0,0,0,0,2,0,2,1,0,2,0,0,0,1,6,0,0,0,3,0,2,4,0,1,0,0,1,0,0,5,0,7,1,3,0,0,4,2,0,2,2,1,0,3,3,3,1,2,0,0,1,0,2,0,6,5,2,4,5,1,1,0,5,1,0,4,29,7,3,2,3,6,0,2,6,4,4,4,0,0,1,0,3,5,0,1,1,5,1,0,0,2,6,0,0,0,1,0,11,1,0,0,1,0,0,0,7,1,3,7,3,0,0,0,1,3,0,1,2,0,0,3,3,3,1,11,2,8,5,0,2,1,0,0,2,0,0,1,8,0,0,1,3,12,1,0,1,7,1,0,48,5,0,1,1,0
1,5,1,0,0,3,2,0,3,16,0,0,0,24,0,2,5,0,1,0,0,0,0,4,0,2,6,0,4,1,1,2,2,0,0,2,3,4,0,5,0,0,0,1,1,19,1,2,0,0,1,2,4,0,3,0,13,3,1,1,5,0,0,0,0,1,1,2,8,1,2,1,2,0,0,0,1,5,0,0,10,1,0,12,4,3,4,0,1,6,0,1,1,2,1,0,0,33,0,0,1,4,0,3,1,0,0,0,1,3,1,0,0,11,20,3,1,0,0,4,2,1,0,2,1,7,2,0,0,0,0,4,0,2,17,2,0,0,1,1,2,0,2,0,0,2,3,0,9,0,1,0,0,0,19,3,0,0,7,2,1,1,1,6,5,0,6,0,0,0,1,4,0,0,2,10,0,2,3,8,1,2,0,4,0,0,5,4,0,3,3,2,0,1,1,0,1,0,5,2,1,0,6,0,4,2,0,0,1,0,1,0,0,2,0,2,2,1,1,0,7,2,0,0,0,3,3,0,2,0,0,0,0,1,1,0,1,1,4,0,0,0,2,0,0,1,0,4,0,0,1,0,0,0,0,0
4,1,8,0,0,2,1,0,5,12,1,0,0,21,0,0,2,0,1,0,2,1,2,0,1,2,8,1,3,3,1,2,0,36,3,1,2,0,0,3,0,1,0,4,1,14,2,1,0,1,1,3,0,3,1,1,0,0,2,3,0,0,0,1,0,2,0,0,0,2,0,0,4,0,0,0,1,4,0,3,4,0,1,14,1,1,0,0,1,4,0,2,0,4,0,1,3,19,0,0,2,1,1,2,3,1,4,0,1,2,0,1,0,4,12,1,3,0,0,1,3,0,0,3,3,11,1,1,3,2,0,3,0,4,5,4,1,0,0,0,1,1,0,4,1,4,1,0,1,2,1,1,1,1,0,8,1,0,2,0,0,1,1,0,2,0,0,0,2,0,1,5,1,1,0,4,0,1,0,1,1,17,0,6,1,0,1,3,2,0,12,1,0,2,1,2,0,3,5,2,33,1,10,4,1,4,1,0,2,2,5,0,1,2,0,3,0,1,0,0,0,5,3,1,2,0,0,4,4,2,0,0,0,0,0,0,1,0,4,2,0,3,10,3,0,2,2,0,0,3,0,0,0,0,0,0
0,2,2,1,1,1,1,0,6,6,1,0,1,25,3,0,2,1,1,0,1,0,9,0,4,19,2,2,4,3,1,3,1,0,1,0,0,2,1,5,1,0,0,1,1,25,7,1,0,0,1,0,3,0,3,0,1,0,4,1,0,1,0,0,0,0,0,2,0,0,3,2,0,2,0,0,0,3,2,2,0,1,1,10,3,0,4,2,3,3,0,0,2,1,0,1,1,22,1,0,1,1,0,5,1,0,4,0,4,2,1,0,3,8,15,5,1,1,1,0,1,0,1,5,2,6,2,0,2,1,0,2,0,6,4,7,1,0,6,1,0,1,0,6,2,1,4,0,17,2,4,2,2,1,1,1,0,3,0,0,2,0,0,2,1,0,1,0,3,0,1,1,4,2,2,2,0,2,15,4,1,6,2,3,1,3,2,4,7,1,0,5,0,0,1,0,0,0,1,3,1,2,1,1,4,1,0,2,2,2,3,0,0,3,2,0,1,1,0,1,4,2,0,0,0,0,1,0,2,0,0,1,3,0,1,1,3,0,0,1,0,3,3,1,0,1,2,0,1,1,3,1,2,1,1,0
0,0,0,0,0,4,2,0,6,5,0,3,0,4,1,0,0,0,5,0,0,6,0,1,0,0,3,2,0,3,1,6,0,6,0,0,0,1,1,1,0,0,0,1,5,11,4,3,1,1,2,3,0,1,2,1,0,1,0,1,0,2,0,1,0,3,6,0,2,2,0,0,0,3,0,0,1,7,0,2,13,1,0,19,10,0,5,0,0,1,0,1,0,6,0,4,0,24,1,0,3,7,0,2,1,2,0,0,0,1,2,0,2,5,9,3,1,0,0,0,2,0,0,4,3,8,3,1,5,1,0,1,0,1,0,11,0,0,1,0,1,0,3,1,0,0,7,1,3,1,2,0,0,0,0,7,0,1,3,2,3,0,0,2,11,1,1,0,0,0,7,3,1,2,1,5,0,3,0,0,2,12,0,3,1,5,0,1,2,3,18,1,1,2,0,0,1,1,2,4,0,0,11,0,0,2,1,0,0,3,1,0,0,1,3,4,0,4,0,6,1,3,0,0,0,0,0,0,2,2,1,0,0,0,0,2,0,0,0,0,1,22,23,0,0,0,4,0,3,4,0,1,0,0,1,0
4,2,0,0,1,0,0,0,1,0,0,0,0,0,2,0,1,0,0,1,0,3,0,1,0,0,4,0,0,6,1,2,1,0,0,3,0,0,0,1,1,4,0,0,0,6,0,0,0,0,6,1,0,0,0,0,1,1,0,0,0,1,0,0,0,4,2,0,3,0,1,0,0,7,0,0,9,3,0,1,2,0,0,2,5,1,7,7,1,0,0,1,1,4,36,0,1,0,0,0,0,0,0,2,2,0,0,1,5,1,0,0,0,0,3,0,0,0,0,0,1,0,0,0,0,0,0,0,5,0,3,3,0,0,0,0,4,0,0,0,0,0,0,2,0,1,0,3,0,3,0,0,5,1,1,5,0,0,1,0,1,1,27,1,1,6,2,4,0,0,1,9,1,2,0,4,0,0,0,0,1,0,8,3,3,0,0,4,0,1,0,0,2,0,2,2,0,0,6,1,0,2,0,0,12,2,1,0,1,1,0,39,1,0,1,0,2,0,1,0,37,1,1,11,0,1,0,0,2,6,0,5,0,0,0,2,0,2,6,0,2,2,0,2,0,8,2,1,0,6,3,2,1,0,22,2
0,2,0,0,2,1,1,0,6,6,0,0,1,15,0,0,1,0,1,0,0,2,0,0,1,8,3,12,1,1,2,3,0,0,1,0,0,0,0,1,1,0,3,0,0,15,15,3,1,0,3,3,1,0,4,0,0,0,0,1,0,1,0,1,0,1,2,0,0,0,1,0,0,3,0,0,0,6,2,2,1,0,4,18,2,0,1,2,0,4,1,2,0,4,1,2,2,23,0,0,6,2,1,2,1,3,3,0,0,2,1,0,0,7,10,3,2,0,0,0,1,0,0,2,3,7,1,3,0,0,0,3,0,6,0,15,2,0,0,3,1,8,0,4,3,2,4,0,0,2,0,0,0,0,3,3,0,0,3,0,1,0,0,0,3,0,0,0,0,0,0,2,0,5,0,6,0,1,1,1,1,9,1,2,0,0,4,1,1,3,13,1,0,0,0,0,0,1,1,3,1,1,2,1,0,6,1,3,1,3,1,0,0,0,0,0,0,1,0,1,0,0,0,1,1,1,0,3,4,0,1,0,0,0,0,0,0,0,3,2,0,15,23,0,0,1,0,2,25,1,0,0,0,0,1,0
2,1,0,0,0,0,1,0,4,6,0,0,0,9,0,2,0,2,2,1,0,0,0,0,4,2,3,2,1,1,3,4,0,2,0,0,0,1,2,4,0,0,1,1,2,7,0,0,0,0,3,1,1,1,7,0,0,0,0,2,0,4,0,0,0,0,0,2,0,0,1,0,3,0,0,1,0,4,2,1,5,0,2,22,2,1,0,0,3,5,2,1,0,5,0,1,0,28,0,1,0,2,0,3,1,0,1,0,3,0,0,1,0,9,11,3,3,0,0,2,1,0,0,2,4,8,1,7,1,4,1,3,0,5,0,1,1,0,2,0,0,1,7,5,1,3,4,0,0,1,0,2,0,0,0,2,0,1,1,0,0,1,0,1,5,0,0,0,0,0,1,1,0,5,0,6,0,1,0,1,2,6,11,1,1,0,0,3,1,0,14,1,0,0,0,0,1,4,1,2,1,1,5,0,0,3,0,1,4,1,9,0,0,1,0,1,0,1,0,0,1,0,1,0,6,2,1,0,3,7,3,0,0,0,1,1,4,0,1,4,1,14,26,0,35,1,0,0,0,8,3,2,0,0,0,0
2,2,0,2,0,2,6,0,0,0,1,0,0,1,0,1,0,0,0,0,1,0,1,1,0,0,6,0,0,3,1,2,2,0,0,1,2,1,0,2,0,2,4,0,0,0,1,1,1,1,1,0,0,1,2,0,0,0,0,0,0,4,1,0,1,1,1,2,0,2,0,1,1,6,1,0,0,12,2,2,4,0,0,22,6,0,8,1,1,0,1,0,4,3,9,1,6,5,0,0,0,2,0,2,1,1,3,4,0,1,0,0,0,0,2,2,0,0,2,0,2,0,0,0,3,2,1,1,2,2,0,11,1,4,2,1,3,2,0,4,5,3,7,0,0,2,5,1,0,1,1,2,0,4,4,2,0,3,6,0,0,0,0,0,1,2,0,0,3,6,3,4,0,0,0,3,0,2,0,0,3,1,0,6,0,0,0,2,1,0,3,0,4,0,0,3,0,3,10,3,0,0,2,1,0,3,0,0,2,1,3,1,0,8,1,1,0,0,0,1,4,0,0,0,1,0,0,0,4,3,0,0,0,1,3,0,7,0,10,2,0,0,0,22,1,1,0,19,1,1,46,13,0,1,0,0
0,3,2,0,0,1,1,0,3,19,0,1,0,17,0,1,0,2,1,2,6,0,6,0,3,1,8,4,2,6,2,1,0,0,2,0,0,1,0,2,6,1,0,2,1,23,0,1,0,0,1,3,2,0,1,0,1,1,0,10,0,1,0,1,0,0,6,1,0,0,0,0,0,1,0,0,3,7,1,5,11,0,0,9,4,2,1,0,0,2,0,2,0,1,1,0,1,37,1,1,30,2,0,3,1,0,1,2,0,1,0,0,0,6,10,1,2,0,0,8,2,1,0,2,2,4,0,3,0,2,0,4,1,4,4,14,1,0,1,0,0,0,5,7,1,1,2,2,0,2,0,1,1,1,5,5,0,0,2,0,4,0,1,6,3,4,8,0,0,0,1,6,3,0,3,5,0,6,1,1,4,5,0,4,0,0,2,2,0,0,2,10,0,1,1,0,0,0,1,2,1,2,2,0,1,1,2,1,4,3,2,3,0,1,0,0,1,0,1,0,3,2,0,0,1,1,0,0,4,0,0,0,0,0,0,0,1,0,1,1,0,0,2,0,2,0,1,0,0,0,1,0,0,0,0,1
1,1,0,2,0,1,2,1,1,1,0,0,3,1,0,0,0,0,6,0,0,5,0,0,0,0,10,0,6,35,0,1,1,0,0,2,1,1,0,1,0,1,0,4,0,0,0,1,0,0,0,0,0,0,0,0,0,0,0,0,0,2,2,0,6,0,0,0,0,0,0,0,1,10,0,0,2,13,2,0,3,1,0,7,7,0,5,1,3,0,1,30,3,1,12,2,7,1,0,0,2,7,0,12,1,0,2,2,0,1,0,0,2,3,4,1,0,0,0,1,3,1,0,0,1,1,0,0,1,2,0,3,1,0,1,0,1,0,0,0,0,1,1,0,3,0,1,0,1,0,4,0,1,2,5,3,0,2,1,0,0,0,1,0,0,2,2,3,1,0,0,4,0,1,0,3,2,0,0,0,0,0,0,3,0,0,0,3,1,0,1,0,9,0,0,1,1,0,8,3,1,2,0,0,0,2,2,0,3,1,0,0,0,3,1,4,0,1,2,5,3,1,0,0,0,5,1,0,3,2,0,0,0,2,2,1,1,1,8,1,0,0,0,11,0,2,1,12,0,1,48,16,0,0,0,1
3,1,1,1,6,0,1,2,2,3,1,1,0,2,1,2,1,3,3,2,0,0,5,0,1,1,9,1,2,46,0,3,1,0,0,4,6,1,0,6,0,0,0,1,0,0,0,2,0,1,0,2,1,0,0,0,2,0,0,2,0,1,3,0,2,0,0,1,0,0,0,1,4,9,0,0,0,5,0,0,4,0,1,3,3,1,4,1,2,0,0,7,3,1,10,2,2,1,1,1,1,2,0,3,1,2,1,1,0,2,0,2,0,1,4,2,0,0,7,0,3,1,0,0,1,2,0,0,3,1,0,6,2,1,1,0,2,0,0,0,1,2,0,0,0,1,2,0,9,0,1,1,0,4,4,3,0,2,2,0,0,0,1,4,0,1,0,2,1,2,3,5,1,2,1,3,0,1,0,0,0,2,0,5,0,0,0,3,1,0,0,1,3,1,0,0,0,0,7,2,3,1,0,0,0,2,5,0,2,1,2,1,0,5,0,5,0,0,0,2,0,0,0,0,0,1,5,0,2,0,0,0,0,1,5,1,1,2,7,0,2,1,0,8,1,0,0,10,1,1,49,26,0,0,0,1
3,0,0,1,0,2,3,1,5,9,0,1,0,10,4,2,2,3,1,0,3,0,0,1,3,10,3,3,1,1,1,5,1,0,0,0,2,1,0,1,1,0,2,7,1,26,2,2,39,0,2,0,0,2,0,0,3,2,3,0,0,2,1,0,0,1,0,1,0,1,1,0,1,5,2,1,0,2,1,2,5,0,0,17,2,2,2,3,1,5,0,1,3,5,0,0,0,24,6,2,13,1,1,1,5,1,7,0,6,2,0,0,0,6,12,4,1,2,1,0,2,0,1,5,3,4,1,3,3,1,0,1,0,3,0,2,0,0,1,0,3,1,3,6,1,4,4,1,2,3,5,0,4,0,1,3,0,2,1,0,2,0,0,1,3,0,0,0,2,0,1,1,1,2,2,7,0,2,3,15,0,6,1,6,0,6,2,1,1,1,11,2,0,0,0,2,1,0,1,6,0,0,4,3,2,5,1,1,0,1,1,0,0,8,5,1,0,0,0,0,1,0,1,1,3,0,0,1,6,0,0,1,0,5,1,3,1,0,1,0,2,5,2,0,1,0,0,2,1,0,2,0,3,0,0,1
1,0,0,0,2,3,0,0,9,7,0,0,0,5,1,0,3,0,2,1,1,1,0,0,0,3,5,6,1,2,2,1,5,2,1,0,0,0,0,0,0,0,0,4,2,23,16,3,0,0,1,2,0,0,1,2,0,0,0,1,0,2,0,0,0,1,0,1,4,0,2,0,1,0,0,0,0,2,0,0,7,3,0,9,5,1,3,0,0,4,0,2,0,5,4,0,2,37,0,0,20,3,0,1,0,24,0,0,0,1,1,1,0,6,9,3,1,0,2,0,3,1,0,1,1,9,1,4,0,2,0,3,1,0,4,4,2,1,0,0,0,0,0,2,0,0,6,4,0,1,0,0,0,0,0,3,0,0,0,0,4,0,1,0,1,1,0,0,0,1,0,3,2,7,0,5,3,0,3,1,1,4,14,4,0,0,0,3,1,0,8,0,0,0,1,0,2,0,0,1,0,0,2,0,1,3,1,0,1,0,2,0,0,0,0,1,1,1,0,0,0,0,1,0,0,0,1,3,2,1,0,0,0,3,0,2,2,23,3,3,1,5,4,3,0,1,1,1,0,3,0,8,0,1,1,0
4,2,0,0,14,0,1,0,4,2,0,2,0,11,0,0,4,7,3,0,1,1,2,1,0,8,12,0,6,5,1,3,3,1,0,3,1,3,0,7,0,0,1,7,0,9,1,0,0,1,0,0,1,2,1,0,0,1,1,1,0,4,0,0,0,0,0,0,1,1,2,0,1,5,0,0,1,12,1,4,0,1,0,14,2,0,8,1,2,2,0,1,1,4,6,1,4,8,1,4,0,1,0,2,2,3,1,5,0,1,0,1,0,2,3,2,0,0,0,0,2,0,0,1,2,2,0,2,1,1,0,7,1,0,0,5,1,0,0,3,3,1,0,2,1,4,1,0,0,0,1,1,1,2,10,4,0,6,4,4,1,0,0,2,1,1,1,1,6,2,0,5,0,1,0,3,0,1,0,1,2,4,11,3,1,0,0,2,4,0,1,2,2,1,0,0,0,0,2,3,0,1,3,0,3,3,3,0,4,0,6,0,0,6,1,4,0,0,2,2,3,0,5,1,0,1,1,2,4,0,1,0,1,1,3,0,1,1,6,1,1,2,1,8,0,2,1,8,0,3,8,10,0,0,0,0
0,0,0,0,1,2,7,0,6,14,0,0,3,31,0,0,1,0,2,3,2,1,0,1,1,3,7,0,3,3,1,1,1,2,0,1,1,0,0,2,1,1,2,0,6,8,0,0,0,1,0,1,2,2,0,0,3,0,2,2,1,1,0,0,5,2,1,0,0,0,2,0,0,1,0,0,0,5,2,10,0,1,0,11,3,1,1,0,1,0,0,0,0,1,0,1,6,23,0,1,0,1,0,1,0,0,4,0,5,3,1,0,0,8,9,1,1,0,0,0,3,0,0,8,1,3,0,4,1,0,0,3,1,7,0,0,1,0,1,1,2,2,2,16,2,6,1,1,0,3,0,8,0,0,5,3,0,0,4,1,0,7,2,3,15,0,0,0,1,0,1,3,1,0,1,9,0,3,0,9,4,13,1,6,0,0,3,4,3,0,3,2,3,0,0,0,0,0,2,4,0,0,3,0,0,5,2,2,1,2,0,0,1,4,0,2,0,1,0,0,6,0,4,0,2,0,1,2,2,0,0,0,0,0,1,0,3,0,3,1,0,4,2,0,1,0,0,0,0,0,1,0,0,0,0,2
7,2,14,1,39,0,0,0,1,4,4,0,1,1,0,0,1,8,1,0,0,4,1,0,0,3,12,1,2,36,1,1,3,0,0,3,1,0,0,2,1,0,1,2,1,1,0,2,1,0,0,0,0,0,1,0,0,0,0,1,0,4,0,1,1,0,0,0,0,0,1,0,1,7,0,0,1,4,1,0,0,1,0,6,3,1,10,0,3,0,1,8,0,1,7,0,1,0,1,0,0,1,0,1,0,1,1,0,0,2,0,0,0,1,3,1,0,0,0,0,2,0,0,0,1,1,0,0,0,1,1,4,0,1,0,0,3,0,0,0,0,1,1,1,0,5,4,1,0,1,0,1,0,1,4,3,2,3,9,0,0,1,0,0,2,1,22,5,1,3,4,3,10,0,1,3,2,2,1,0,0,1,4,3,0,1,0,2,1,0,2,0,0,0,0,1,1,0,2,3,0,0,0,3,1,1,1,0,3,0,0,0,0,3,3,3,0,0,1,0,0,0,0,0,0,1,0,1,2,0,2,0,0,1,1,0,1,0,7,0,0,1,1,4,0,0,2,2,0,0,48,13,1,0,0,0
1,0,0,0,2,2,0,0,1,8,0,0,0,9,0,0,0,1,2,0,1,0,0,1,1,1,2,8,2,4,3,4,1,2,1,1,1,2,0,0,0,0,0,1,7,10,1,9,0,1,3,5,0,0,4,0,0,0,1,0,0,2,0,1,5,0,1,0,0,0,0,0,0,2,0,0,0,5,2,1,9,1,1,17,1,0,2,0,2,3,1,0,1,4,0,0,0,28,1,0,1,2,0,7,1,1,0,1,1,9,1,1,0,5,13,5,1,0,0,0,0,1,0,3,4,9,5,0,2,2,0,1,0,2,2,12,2,0,0,2,2,12,2,2,1,1,5,0,0,0,1,0,1,0,2,4,0,0,2,0,22,0,2,0,1,0,2,0,0,0,1,2,0,4,2,1,5,4,3,2,2,2,0,2,1,0,1,1,0,0,15,0,0,0,0,1,0,0,1,3,1,0,0,0,1,5,1,0,0,0,1,0,1,0,0,3,3,1,0,1,2,0,0,1,1,0,0,0,1,2,0,2,1,3,0,0,3,0,0,1,0,11,14,0,0,0,0,3,0,0,3,2,0,0,0,0
0,0,1,3,0,0,3,0,5,14,0,0,8,13,0,0,2,0,3,0,0,4,1,0,0,1,1,13,0,1,1,3,0,1,0,1,0,1,0,0,4,0,0,0,2,14,0,0,0,1,2,0,0,0,3,0,0,0,0,2,0,3,0,0,17,0,9,3,0,0,0,0,0,5,0,1,3,5,0,1,3,2,0,13,5,7,1,2,0,2,1,0,5,3,0,0,1,29,0,0,4,1,1,2,3,1,2,0,4,3,1,0,0,4,14,2,2,0,0,0,1,0,1,5,2,9,3,6,1,0,0,2,1,3,0,7,0,1,1,1,1,3,0,3,1,1,2,0,0,3,1,1,0,0,0,2,0,1,0,0,1,1,1,0,8,1,0,0,2,0,1,3,0,0,2,6,3,0,0,0,5,3,0,2,0,0,8,1,1,2,17,6,1,0,2,1,0,0,2,3,3,1,3,0,2,3,0,0,1,2,0,0,0,0,0,2,5,0,0,0,0,0,0,0,0,0,0,3,1,1,1,1,0,0,1,0,0,0,1,0,1,8,18,1,0,0,0,1,2,4,1,1,0,0,0,1
0,1,2,0,2,3,2,0,12,10,0,1,0,11,0,0,0,0,1,0,0,0,0,0,0,3,7,25,2,3,3,4,1,2,0,2,1,0,0,1,0,0,0,0,2,10,2,5,1,1,1,1,0,0,2,0,0,1,1,1,0,1,1,3,0,0,7,2,2,0,0,0,0,2,0,0,0,3,1,1,2,4,0,18,2,1,2,0,0,2,3,1,3,7,0,1,3,27,0,1,3,1,0,2,0,0,3,0,0,0,0,0,1,5,6,3,1,0,5,0,0,0,0,4,2,2,2,3,0,2,0,6,0,4,1,11,4,0,0,1,0,0,3,5,2,2,2,1,0,1,1,0,1,0,1,6,0,0,1,0,2,1,1,1,5,0,0,1,0,3,2,4,0,8,0,4,0,1,0,1,0,3,6,4,3,0,3,1,0,1,30,2,0,0,0,0,0,0,0,3,0,0,5,0,0,4,2,1,1,2,8,1,1,0,3,2,1,0,0,0,3,1,0,0,4,0,0,3,9,4,0,0,2,1,2,2,2,0,1,4,1,13,18,0,0,0,1,0,0,4,6,1,0,0,0,0
0,1,1,0,2,2,0,0,4,6,0,0,1,17,0,0,2,1,2,0,2,0,0,0,0,1,3,1,3,1,0,3,1,0,11,0,0,1,0,1,0,1,0,3,2,8,0,2,0,1,1,0,1,2,5,1,0,1,0,5,0,2,0,0,12,0,0,0,0,1,0,0,0,1,0,0,0,5,0,4,0,3,1,10,6,0,1,0,2,1,1,1,0,5,2,1,6,18,0,0,2,2,0,2,0,1,1,0,0,1,1,0,0,4,11,3,0,0,0,1,1,3,0,8,3,11,2,4,6,8,2,1,0,0,4,20,1,0,0,0,4,1,6,2,0,6,5,0,0,0,2,4,0,0,1,7,1,5,1,3,0,0,0,1,7,1,0,1,2,2,2,3,2,5,6,10,3,2,0,1,3,4,0,2,1,0,11,4,1,1,4,1,2,0,0,1,0,0,3,4,0,2,7,0,1,5,1,1,0,0,1,0,0,2,1,1,1,0,0,0,2,0,0,2,4,1,1,2,5,1,0,0,0,0,0,0,5,2,2,0,0,4,2,1,0,1,0,2,0,1,3,6,0,0,2,0
2,0,0,0,0,0,2,1,5,3,1,0,0,1,0,1,0,1,1,0,1,2,1,0,0,1,1,1,2,1,1,4,0,0,1,1,1,7,0,1,0,14,1,1,1,5,1,1,0,4,0,1,4,0,2,0,0,0,0,0,0,0,0,0,0,1,2,0,1,0,4,0,0,1,0,0,0,6,0,3,13,2,0,24,4,1,2,0,1,4,0,0,5,6,0,1,2,33,2,0,2,3,0,3,1,0,0,0,3,0,1,1,0,6,31,5,1,1,2,0,0,1,0,1,4,14,0,0,1,2,0,0,0,0,0,0,0,0,0,12,0,1,11,0,0,3,6,0,0,0,1,2,0,1,11,0,0,2,0,0,1,1,0,0,4,0,2,1,0,2,1,4,0,1,0,3,0,2,4,7,0,3,0,1,0,0,1,4,1,1,4,2,0,0,0,0,0,0,0,5,0,1,4,1,0,4,0,1,0,2,0,0,0,0,0,1,0,1,0,0,0,0,1,0,0,1,1,0,4,1,0,1,0,4,0,0,1,0,1,1,0,5,10,0,3,0,1,0,1,1,0,1,1,0,1,0
6,2,2,0,1,2,3,0,0,0,1,0,1,1,4,0,1,1,0,0,2,1,1,0,1,6,11,1,11,8,1,2,4,1,0,3,2,0,2,2,0,1,1,1,0,2,0,1,0,0,0,1,1,0,1,0,0,0,1,0,0,2,0,4,1,0,0,0,0,5,2,0,0,2,0,0,0,17,0,0,0,1,0,17,1,0,10,0,0,2,1,1,0,0,0,1,6,0,0,0,1,7,0,0,4,2,0,3,1,5,0,0,1,3,4,1,1,0,0,0,2,2,0,1,2,1,0,5,0,2,3,5,1,1,0,1,0,5,1,1,0,2,2,0,1,2,1,0,0,0,9,0,0,1,7,3,2,4,7,5,0,0,4,1,0,1,0,5,1,1,3,7,0,3,2,2,2,1,0,0,2,0,1,4,1,0,1,2,1,0,0,0,12,1,2,0,0,1,14,1,0,0,0,0,0,5,7,1,1,2,1,0,0,0,0,3,1,0,2,1,0,4,6,1,0,1,0,3,5,0,1,0,0,0,5,0,0,2,16,0,0,0,0,9,2,2,0,10,3,12,49,2,0,0,0,0
2,0,2,0,4,0,4,0,3,5,0,0,1,4,4,0,3,1,1,0,0,0,0,0,0,6,3,0,1,1,1,2,0,0,0,0,1,1,0,3,0,1,0,4,0,5,0,4,1,0,0,0,0,2,2,0,0,1,0,2,0,6,0,1,0,1,0,0,1,0,0,1,0,5,0,1,0,2,0,0,1,0,0,8,0,1,3,0,3,6,0,0,1,6,7,2,1,30,0,0,3,1,0,0,0,0,0,2,1,1,1,0,0,8,6,2,0,1,0,0,1,0,1,3,1,9,0,0,2,2,0,2,2,0,1,6,1,0,0,0,5,0,2,0,2,1,6,0,0,0,0,2,0,0,0,1,0,3,4,0,3,2,1,2,2,1,0,2,0,2,3,1,0,9,0,1,1,2,0,3,1,1,9,2,0,0,2,4,2,0,25,1,2,0,3,2,1,0,2,2,29,1,3,0,0,3,1,1,1,0,2,0,0,8,1,2,1,0,0,0,2,0,1,2,0,1,0,1,4,0,1,1,0,0,2,0,8,1,0,1,1,9,23,4,0,3,0,2,2,1,0,7,0,0,1,2
0,0,0,0,2,0,0,0,3,6,0,0,0,23,0,0,1,1,2,0,0,2,1,1,1,1,5,0,1,4,3,2,0,0,2,0,1,1,0,1,0,1,0,0,1,8,4,2,0,0,0,0,3,0,5,0,0,2,1,2,0,1,0,0,3,1,0,1,23,0,0,0,1,0,0,0,0,1,0,0,6,0,0,8,3,2,3,1,0,4,1,0,2,3,0,0,5,31,1,0,3,3,0,2,3,0,2,1,2,1,2,2,0,11,11,2,1,2,2,22,2,1,1,2,7,9,0,0,0,4,2,2,0,3,41,5,2,0,2,4,0,3,0,5,1,0,3,2,3,2,0,1,3,0,6,2,0,1,2,0,1,0,1,3,7,0,7,1,1,0,0,2,0,1,5,8,0,0,2,5,9,4,1,3,0,1,0,2,1,2,4,0,0,0,0,0,0,0,0,3,0,0,5,0,1,3,1,1,0,1,0,0,3,1,1,0,1,0,0,0,1,1,0,0,0,0,0,0,3,0,0,0,0,0,2,0,1,2,1,0,0,1,1,0,0,0,0,1,0,2,1,0,0,0,0,0
3,1,1,1,15,4,2,2,1,0,1,0,3,0,0,0,2,2,1,3,1,0,1,0,1,4,14,1,3,4,1,1,1,0,0,2,2,2,1,1,0,2,0,8,6,1,1,1,0,1,0,0,0,14,1,0,0,1,0,1,0,1,4,0,0,0,0,0,1,0,0,0,1,9,0,1,0,8,0,0,0,1,0,8,3,6,5,0,0,5,2,1,1,3,2,2,5,1,0,0,0,3,1,1,2,1,2,1,0,1,0,1,4,2,3,1,0,0,1,0,2,0,0,0,2,1,0,1,0,2,0,5,5,1,0,0,7,0,0,0,0,1,0,1,2,1,1,0,0,0,2,0,0,0,7,3,0,5,2,0,0,0,2,2,0,3,0,1,3,1,0,5,0,3,0,3,2,1,1,1,1,0,2,4,0,2,13,3,7,0,1,1,2,0,0,1,3,0,9,1,1,1,1,0,0,2,4,1,2,0,1,0,0,2,2,4,2,0,0,1,1,1,1,0,0,2,0,2,4,0,4,0,0,1,3,1,1,1,11,0,0,1,0,10,0,0,0,11,0,0,46,12,0,0,1,0
4,0,1,0,7,1,1,0,2,0,1,0,4,0,0,0,0,4,1,0,0,0,0,0,0,1,13,1,3,10,1,0,2,0,0,1,1,2,0,2,1,4,1,6,3,4,2,0,1,1,2,2,0,2,0,1,2,0,0,3,1,5,1,0,7,1,4,0,1,7,1,0,2,5,0,0,1,8,0,0,3,0,0,4,4,0,10,1,3,2,1,1,0,0,4,0,5,0,0,1,0,3,0,1,0,0,2,3,1,2,1,0,0,0,3,0,1,0,2,0,3,0,1,0,0,3,1,3,2,2,0,4,0,1,0,0,2,0,0,0,2,1,2,0,1,2,1,1,0,0,1,1,1,2,1,3,2,2,7,0,0,2,1,2,0,0,37,8,3,2,4,5,1,0,2,2,2,3,4,1,0,5,1,3,1,1,0,4,2,0,0,1,1,1,1,2,0,0,5,2,2,0,0,0,2,2,0,0,0,0,5,0,2,1,3,5,0,2,0,1,0,1,0,0,2,5,5,1,3,1,0,1,0,0,3,0,0,1,9,0,1,2,0,10,0,1,5,8,0,0,46,21,0,0,0,0
0,1,0,0,3,0,0,0,7,9,0,0,0,9,0,1,0,0,2,0,0,3,6,0,1,1,7,4,2,3,2,2,4,0,4,2,5,2,0,5,2,1,3,0,1,25,1,1,4,1,1,2,0,2,1,3,0,0,0,3,0,0,2,0,0,3,0,2,7,0,0,0,0,3,1,1,2,0,2,1,7,1,0,11,3,0,2,1,1,8,1,1,2,2,1,0,0,37,0,1,0,2,0,7,0,3,1,0,2,2,2,0,0,7,14,1,1,0,1,0,2,0,0,7,2,5,0,2,0,1,1,3,1,2,0,3,1,2,0,0,0,1,1,1,1,0,1,1,0,1,1,0,0,1,0,3,0,0,0,2,1,0,5,12,8,0,3,1,0,1,2,2,0,4,0,5,6,5,1,4,5,3,2,6,0,0,5,4,3,1,5,0,0,0,0,0,2,2,1,1,0,1,3,0,0,3,1,0,3,1,4,0,1,4,1,0,2,0,0,3,1,1,0,1,1,0,0,1,1,0,1,1,0,0,0,0,1,1,1,2,0,8,8,0,0,1,1,2,1,4,1,1,0,0,0,1
2,1,0,1,2,0,4,0,5,0,0,0,0,0,0,0,2,0,2,0,2,1,0,0,0,3,10,0,4,2,0,4,1,0,0,1,1,0,6,1,1,1,0,6,1,4,0,6,0,32,1,1,1,4,0,2,0,0,1,1,0,5,2,2,0,0,1,0,3,0,2,0,1,5,0,0,0,23,1,0,1,2,0,13,8,0,7,1,0,0,2,0,2,1,1,4,3,0,0,0,0,0,0,1,0,2,0,1,0,1,0,0,1,0,3,1,0,0,1,0,2,0,0,1,1,1,0,0,1,1,3,4,4,0,1,0,3,2,1,0,3,2,0,1,0,0,2,1,0,0,2,1,1,1,7,6,0,5,2,0,0,0,0,0,0,2,0,2,0,0,1,4,0,0,1,3,0,0,0,0,0,4,0,7,0,0,1,3,2,3,1,0,5,0,1,0,2,1,6,1,1,0,1,0,1,2,5,0,1,2,0,2,0,3,1,4,2,0,1,2,1,0,0,0,0,1,1,0,3,2,0,0,0,0,2,2,3,1,11,0,13,0,1,6,0,0,0,9,1,3,41,7,0,0,0,1
0,2,3,0,0,1,0,1,1,10,2,0,2,19,1,0,0,1,2,2,0,1,0,0,0,1,4,0,0,1,1,5,2,0,0,1,1,0,3,2,0,1,0,4,0,13,0,0,0,3,0,1,0,0,10,0,0,0,0,0,0,1,0,0,0,1,1,3,2,0,0,0,2,4,0,0,3,1,2,0,3,1,2,19,3,1,0,0,1,4,0,0,2,6,1,0,1,21,0,0,0,3,0,5,1,1,1,0,1,1,0,0,0,5,5,5,1,0,1,0,2,0,0,1,2,5,5,0,0,0,2,3,0,2,0,6,2,2,1,0,1,0,5,1,1,2,6,0,10,0,1,0,1,3,0,3,0,3,0,1,3,0,0,1,0,0,4,13,1,0,0,3,0,3,1,3,0,0,0,4,2,1,7,2,0,1,1,2,6,3,2,1,0,0,0,0,1,0,1,3,0,0,2,0,2,6,3,1,6,1,2,0,0,1,0,1,1,0,0,0,3,2,0,0,0,2,0,0,3,3,0,1,1,0,1,0,9,0,0,0,1,20,2,0,0,6,0,3,0,10,5,2,0,0,0,0
1,2,1,7,0,0,1,0,7,9,0,0,0,17,0,0,0,2,4,0,1,0,1,2,1,0,6,14,1,1,1,2,0,2,0,0,0,6,0,1,1,0,0,0,1,4,1,3,0,0,1,0,0,0,2,0,0,3,2,0,0,1,0,0,1,1,3,0,1,2,1,0,0,6,0,0,0,2,4,0,11,2,1,11,5,1,1,1,0,2,0,1,4,4,1,0,1,18,0,1,3,1,0,2,2,0,6,0,1,3,0,0,0,9,12,2,1,0,0,1,2,0,1,1,2,6,1,3,0,0,0,2,0,4,1,4,3,1,0,1,0,1,4,5,2,1,2,0,0,2,0,0,1,0,0,4,2,1,1,0,1,0,1,0,0,0,0,0,1,0,0,2,0,2,1,5,0,4,0,0,0,16,0,3,1,1,3,3,0,3,17,0,0,2,0,1,0,2,1,3,2,3,2,0,0,2,2,0,2,1,4,0,0,5,1,1,0,1,0,1,1,1,0,0,0,0,0,5,3,0,0,0,1,0,0,0,3,0,0,2,2,13,19,0,0,2,0,2,0,2,1,0,1,0,1,1
0,0,0,1,0,0,1,0,6,7,0,1,0,12,0,0,0,0,2,0,0,0,0,0,2,0,1,1,0,2,1,7,0,2,1,0,0,2,0,2,1,1,0,1,0,3,1,1,1,0,1,2,0,0,2,0,0,3,0,0,3,3,0,2,3,0,2,3,3,0,2,0,0,2,1,0,1,3,1,1,5,0,0,23,2,3,0,0,2,9,0,0,3,7,1,0,1,32,0,0,0,3,2,2,2,0,0,0,1,1,0,2,0,8,15,3,1,1,0,0,0,1,0,5,4,7,3,1,2,0,1,0,0,3,2,3,1,3,1,1,0,2,1,1,0,0,6,0,0,1,1,3,1,1,0,1,0,1,3,3,7,0,4,0,4,0,1,1,0,0,0,0,0,2,1,1,0,1,0,10,0,2,0,15,1,0,0,0,3,1,15,0,0,0,0,0,0,0,0,3,0,0,0,0,3,5,0,0,0,1,0,0,1,0,1,0,4,1,0,3,2,1,0,1,2,0,0,0,7,7,3,2,1,0,0,0,4,0,0,5,1,18,31,0,1,0,0,1,0,2,0,0,0,0,1,1
1,0,1,0,0,0,1,0,2,9,0,0,1,11,0,2,0,0,5,0,2,2,0,0,2,9,9,8,0,3,1,1,3,0,0,2,2,0,0,1,0,0,1,1,1,9,0,3,0,0,0,0,0,3,3,0,3,1,0,4,0,1,0,2,0,1,1,0,0,0,0,3,1,0,0,0,0,3,0,1,3,0,0,12,8,0,6,0,0,2,0,0,1,5,5,0,2,25,0,0,12,2,0,1,1,0,1,0,1,2,0,0,1,5,7,1,1,0,0,0,3,0,0,3,2,9,0,4,1,0,0,4,0,4,0,4,1,0,0,0,0,1,2,3,2,2,1,0,0,1,1,0,1,0,0,3,0,0,2,0,4,0,0,2,3,0,0,0,0,0,0,4,0,3,1,7,0,2,2,3,2,1,1,5,0,0,1,3,3,1,18,1,1,0,1,0,0,0,1,2,1,0,2,0,1,4,0,0,1,0,0,0,0,1,1,2,1,0,0,0,1,1,0,0,2,0,0,0,3,0,0,0,0,1,0,0,0,0,2,1,2,23,21,0,0,0,0,3,0,7,4,3,1,0,0,1
4,0,0,0,11,0,3,1,1,0,0,0,2,1,0,1,0,6,1,0,0,5,0,1,1,1,18,0,1,5,0,2,1,1,0,2,1,2,0,2,1,0,0,10,0,0,0,1,0,0,0,1,0,0,0,0,1,0,0,1,0,1,1,1,1,0,0,0,1,0,1,0,0,6,0,0,0,12,0,0,0,1,0,2,3,0,3,0,1,2,0,1,0,0,12,1,2,0,0,1,1,4,0,1,0,1,0,3,0,1,1,0,0,2,4,1,0,0,1,1,4,0,0,0,0,0,0,0,1,2,1,9,1,0,3,0,2,0,0,0,4,5,5,1,0,1,3,0,0,0,1,1,0,5,3,4,0,4,2,0,0,0,0,8,0,1,1,4,3,2,7,5,0,2,1,4,0,2,0,0,4,4,0,4,0,0,0,4,0,0,1,0,1,0,2,0,1,0,5,0,0,1,1,2,3,0,4,0,2,2,2,0,0,9,3,3,0,1,0,0,1,3,0,1,1,2,1,3,4,0,2,0,2,1,0,2,1,0,8,0,0,0,0,9,0,0,0,15,1,0,47,24,0,4,0,0
0,1,0,0,1,2,4,0,11,12,2,1,1,17,0,1,1,0,2,0,0,2,0,0,0,8,3,7,1,1,2,3,0,0,0,2,1,2,0,2,2,0,1,0,3,16,2,1,0,0,3,0,0,0,4,0,0,0,0,2,4,0,0,0,0,4,0,0,0,0,1,0,0,3,0,0,1,1,0,0,7,2,0,15,1,12,0,0,0,3,0,0,1,3,1,1,1,26,0,0,2,3,0,3,2,0,1,0,0,1,0,0,0,6,13,3,1,0,1,1,1,3,0,0,3,7,0,5,2,0,0,1,0,2,0,9,1,0,1,0,0,1,2,2,0,0,4,0,0,1,2,1,0,0,2,6,0,0,5,0,3,0,1,0,3,1,1,0,0,1,1,1,0,3,3,6,0,2,0,2,2,6,1,1,0,0,2,1,3,0,19,6,0,2,0,0,2,1,2,4,0,1,4,0,0,3,0,0,0,1,3,0,0,1,1,0,1,2,0,0,2,0,0,0,0,0,0,1,7,0,0,1,0,1,0,0,2,0,0,5,0,16,17,0,0,1,0,1,4,2,2,0,1,3,0,0
0,0,0,0,0,1,1,0,4,6,0,0,0,2,1,1,0,0,3,0,0,2,0,0,0,11,2,0,1,1,2,4,0,5,0,2,2,0,0,5,1,0,1,3,0,16,1,3,0,0,0,0,0,0,2,0,0,0,0,0,0,1,1,1,1,0,0,0,0,0,0,0,1,3,0,0,1,1,0,0,4,0,1,15,1,2,3,0,0,5,0,0,2,3,3,0,3,25,0,0,1,1,2,3,1,0,1,0,1,0,0,4,0,3,17,3,1,0,0,6,1,0,0,2,3,8,0,8,3,2,0,3,1,4,1,0,2,0,0,1,2,0,0,6,1,2,4,0,0,1,0,1,0,0,0,3,5,6,1,0,17,0,0,0,0,0,0,0,0,1,0,1,0,0,1,2,2,3,0,4,1,11,17,3,0,1,1,2,0,2,0,0,0,1,0,0,2,0,0,3,0,1,5,1,1,4,0,2,0,2,1,0,0,2,3,1,1,0,0,0,0,0,0,0,0,0,1,0,3,0,4,0,0,0,1,0,1,2,1,2,3,5,1,0,1,0,1,23,0,3,3,3,0,0,0,0
3,2,4,0,2,0,1,1,0,0,0,0,0,1,2,0,0,1,0,0,0,1,0,0,1,6,10,1,0,1,1,3,1,0,0,2,3,2,0,3,0,1,0,9,0,2,0,1,2,0,1,0,0,0,0,0,0,0,4,1,0,3,2,0,0,0,3,3,0,0,2,1,2,4,0,0,1,15,0,3,0,0,0,25,1,2,7,0,4,2,0,3,4,4,2,1,4,0,2,0,1,2,0,3,1,0,0,1,1,1,0,0,1,4,4,4,0,0,1,0,1,3,0,2,4,1,1,0,0,7,0,1,3,2,0,1,4,1,0,0,0,7,2,0,2,2,3,0,0,1,0,1,0,0,3,1,1,4,7,0,0,2,4,0,0,3,0,0,2,1,1,1,4,1,4,1,1,1,0,0,1,1,0,2,0,1,0,2,2,0,0,0,0,0,1,0,3,0,0,3,0,0,2,0,0,4,0,0,0,1,1,0,2,4,0,2,1,0,0,3,0,2,3,0,1,1,1,7,2,1,0,0,0,0,2,2,0,3,9,1,0,9,3,5,0,0,1,0,0,0,39,16,0,0,0,0
0,1,1,0,1,0,2,0,2,11,0,0,0,21,0,0,0,1,2,0,1,0,1,1,1,5,5,0,3,1,3,2,0,0,0,1,1,1,0,0,2,0,1,1,2,8,0,0,0,1,0,1,5,0,4,0,0,2,1,0,0,1,0,0,0,1,4,0,0,0,0,0,0,0,0,0,0,4,0,1,5,0,0,10,6,2,0,0,0,2,0,0,0,1,0,0,0,24,0,0,5,2,0,1,0,0,6,0,2,2,1,0,0,8,16,2,1,0,0,0,1,0,0,0,1,5,0,2,0,1,0,4,0,3,1,0,1,0,0,4,1,2,1,8,2,4,2,1,4,2,1,4,1,1,1,3,0,1,2,0,0,0,0,1,7,0,0,0,0,1,1,3,2,2,3,9,0,4,0,1,3,11,1,4,1,0,2,3,2,1,19,2,1,1,2,0,1,0,0,2,0,1,6,0,1,3,0,2,2,2,0,1,0,5,0,0,0,0,0,0,3,0,0,0,0,1,0,2,3,0,1,0,0,0,0,0,2,0,1,2,0,6,29,1,1,0,1,2,0,3,2,0,0,0,0,0
0,0,0,0,1,4,0,0,4,10,2,2,1,21,0,0,3,0,2,0,0,1,1,0,1,0,5,1,1,3,1,1,1,0,3,2,6,1,1,1,2,1,1,1,0,20,0,0,0,0,4,1,0,0,4,1,0,0,3,0,0,0,0,0,0,0,0,1,0,0,2,0,0,0,0,0,0,1,0,0,3,2,0,9,3,0,0,0,0,2,1,0,0,2,0,0,3,29,0,0,20,2,0,4,1,0,1,0,1,0,2,3,0,7,11,2,1,0,1,2,2,0,0,2,1,8,1,5,0,1,1,3,0,1,0,1,2,0,1,1,2,6,1,4,0,0,4,1,0,1,1,1,0,0,0,4,1,1,0,0,0,1,0,0,1,0,0,0,1,1,2,3,0,7,0,6,0,1,11,1,3,3,1,5,1,0,2,3,3,2,7,1,0,0,1,0,0,3,0,5,0,3,2,0,0,6,2,2,2,1,2,0,2,2,2,0,1,1,2,0,0,0,0,1,5,0,0,1,4,0,0,2,0,0,0,0,2,0,1,1,0,2,2,0,1,0,1,2,0,0,1,1,1,0,0,0
9,1,0,0,0,2,4,1,0,0,0,0,4,1,0,1,3,3,1,0,6,0,0,0,2,0,7,0,0,9,2,2,3,0,1,2,6,2,0,3,0,1,0,6,0,10,0,1,0,1,1,1,0,0,0,0,1,1,1,1,0,2,1,0,2,0,0,0,0,0,1,0,1,9,0,0,0,6,0,0,3,4,1,7,6,0,11,1,2,5,0,0,2,2,4,6,4,0,1,0,1,3,2,0,0,1,1,4,0,3,2,0,4,2,2,3,1,2,1,1,1,4,0,2,1,3,0,0,0,3,2,4,0,0,0,0,1,0,2,0,1,4,2,0,0,1,2,0,1,1,0,1,22,3,3,3,1,4,1,0,0,0,8,3,2,3,5,2,1,1,4,2,3,0,0,3,0,1,0,1,0,1,0,2,0,0,2,4,1,0,2,0,4,0,0,1,0,1,9,5,1,0,3,0,7,3,0,0,1,0,0,0,0,2,0,1,2,1,2,3,1,0,3,1,0,0,5,0,4,3,0,0,0,0,3,0,0,0,6,0,0,0,1,5,2,0,0,6,0,1,1,8,0,0,6,0
1,0,0,0,0,0,0,0,0,0,0,0,0,0,0,3,0,0,1,0,0,0,0,0,0,0,6,0,1,1,0,0,3,0,0,2,1,0,0,1,1,2,1,0,0,0,0,0,0,1,0,0,0,0,0,0,0,0,1,0,0,0,0,0,0,1,0,0,1,0,0,1,0,0,0,0,0,1,1,0,1,0,3,1,5,0,0,0,0,0,0,1,1,0,0,0,0,0,0,0,0,2,0,0,0,0,0,0,0,1,1,0,0,0,4,0,0,0,0,0,3,0,0,0,0,0,0,0,0,0,0,4,0,0,0,1,1,0,0,1,0,0,0,0,0,1,0,0,0,0,0,0,1,0,0,4,0,0,3,0,0,0,0,0,0,0,0,0,1,0,1,4,0,0,0,4,0,0,0,0,0,3,1,4,0,0,0,4,0,0,0,1,0,0,0,0,2,0,0,0,0,1,0,0,0,1,0,0,3,1,1,0,0,1,0,0,0,0,0,0,0,0,0,0,0,0,0,1,0,0,0,0,0,0,0,0,0,1,1,0,0,0,1,0,0,0,1,2,0,0,2,0,0,0,0,0
0,0,0,1,1,0,0,0,0,0,0,0,0,1,0,0,0,0,1,0,1,0,0,0,0,0,6,1,0,1,0,2,0,0,0,2,1,0,0,1,0,1,0,0,0,0,0,1,0,1,0,0,0,1,0,0,0,0,0,0,0,0,1,0,0,1,0,0,1,0,1,0,1,3,0,0,1,2,1,3,0,0,1,8,1,0,0,0,0,1,0,1,0,2,0,0,0,0,0,0,0,2,0,1,0,0,0,0,0,0,0,0,0,1,2,2,2,0,0,0,2,0,0,0,2,1,0,0,0,2,0,3,1,1,0,0,1,0,0,0,0,0,3,1,0,0,2,0,0,0,0,0,0,0,1,2,0,0,2,0,0,0,0,1,0,0,0,0,0,1,2,4,0,0,0,2,0,0,0,0,0,1,0,2,0,0,0,3,0,0,0,1,0,2,2,0,1,0,0,1,0,1,0,0,1,4,1,0,4,1,0,0,0,3,1,0,0,0,0,1,1,0,0,0,0,0,0,0,1,0,0,0,0,0,1,0,0,0,0,0,0,1,1,0,0,0,0,1,0,1,2,1,0,0,0,0
0,1,0,0,1,1,0,1,0,0,1,0,0,0,0,0,0,1,1,0,0,1,0,0,0,0,3,1,0,1,0,2,0,0,0,1,0,0,0,2,0,0,0,0,0,0,0,0,0,0,2,0,0,0,0,0,0,0,0,0,0,0,0,0,0,0,0,1,1,0,0,0,0,0,0,0,0,3,1,0,0,0,0,6,1,0,1,0,0,1,0,0,1,2,0,0,0,0,0,0,2,1,0,1,0,0,0,0,0,2,0,0,0,0,4,2,0,0,0,0,1,0,0,1,2,4,0,0,1,0,0,2,0,1,0,0,0,0,0,1,0,0,0,2,0,0,2,0,0,0,0,0,0,1,0,2,0,1,1,0,0,0,0,0,0,0,0,0,0,0,1,2,0,0,0,3,0,1,1,0,0,0,0,2,0,0,0,4,0,0,0,0,0,0,2,0,1,0,0,2,0,0,2,0,1,3,0,1,3,1,0,0,0,1,0,1,0,0,1,1,1,1,0,0,0,0,1,0,2,0,1,0,0,0,1,0,3,0,0,0,0,0,0,0,0,1,0,0,0,1,0,0,0,1,0,1
0,0,0,0,3,0,0,0,1,0,0,0,0,1,0,0,0,0,1,0,1,0,1,0,0,1,5,0,1,1,1,1,0,0,0,0,0,0,0,0,0,0,0,0,0,0,0,0,0,0,0,0,0,0,0,0,0,0,0,0,0,2,0,0,0,0,0,2,0,0,0,0,0,1,0,0,0,1,1,0,0,0,0,3,2,0,2,0,0,1,0,0,0,1,2,0,1,1,0,0,1,1,0,1,1,0,0,3,0,2,1,0,0,0,3,1,0,0,1,0,3,0,0,0,1,2,0,0,1,1,0,3,0,0,0,0,2,0,0,0,0,0,1,1,0,0,1,0,0,0,1,0,0,0,0,4,0,0,2,0,0,0,0,0,0,0,1,0,1,0,0,3,0,1,0,3,0,0,0,0,0,2,0,3,0,0,0,4,1,0,0,0,0,0,0,0,0,0,0,3,1,1,0,0,0,3,2,0,2,0,0,0,0,0,0,0,0,0,1,1,0,0,0,0,0,0,0,0,2,0,0,0,0,0,0,0,0,0,3,0,0,1,1,0,0,0,1,1,0,0,1,1,0,0,0,0
1,0,0,0,0,0,0,1,1,0,0,0,0,0,0,1,0,0,0,0,0,0,0,0,0,0,2,0,0,1,0,2,0,0,0,1,3,0,1,3,0,0,0,0,1,2,0,0,0,2,0,0,0,0,2,0,0,0,0,0,0,0,2,0,0,0,0,0,0,0,0,0,0,1,0,0,0,4,0,0,0,1,0,5,0,0,0,0,4,0,0,0,1,1,3,0,0,0,0,0,2,1,0,1,0,0,0,0,0,2,0,0,0,0,2,2,0,0,1,0,1,0,1,0,1,3,0,0,1,0,1,3,1,0,0,0,0,0,1,0,0,1,0,0,0,2,2,2,0,0,0,0,1,1,0,3,0,0,2,0,0,0,5,0,2,0,0,0,0,2,0,1,0,0,1,1,0,1,0,0,0,0,0,1,0,0,0,2,4,2,0,0,0,0,0,6,1,8,2,1,1,1,0,0,1,4,0,0,0,0,1,4,1,1,1,1,1,0,0,1,4,1,1,1,0,0,0,1,6,1,0,0,0,1,1,0,0,0,3,0,0,0,0,0,0,1,1,1,0,2,1,0,0,0,0,0
0,0,0,0,0,0,0,1,0,0,0,0,1,0,2,1,0,2,2,0,0,0,0,0,0,1,8,0,1,2,0,0,2,0,0,3,0,0,0,2,1,0,0,0,0,0,0,1,0,0,0,0,1,0,0,0,0,0,0,2,0,0,0,0,0,1,0,0,0,0,0,0,0,1,0,1,0,3,0,0,1,0,0,0,4,0,0,1,0,1,0,1,1,0,0,0,0,0,0,0,0,0,0,0,2,0,0,0,0,0,0,1,0,1,4,0,0,0,1,0,4,1,0,0,0,0,0,0,0,0,1,5,0,0,0,0,1,0,0,0,0,0,0,0,0,0,0,0,0,0,0,0,1,0,0,5,0,0,1,0,0,0,0,0,0,0,0,0,2,0,0,4,0,0,0,4,0,1,0,0,0,0,0,4,0,0,0,4,0,0,1,0,2,0,1,1,0,0,1,1,0,1,1,1,0,3,2,0,2,1,0,0,0,3,0,0,0,0,1,0,1,0,0,1,0,0,1,0,4,0,0,1,1,1,1,0,0,0,4,0,0,0,0,0,0,3,0,1,0,0,7,1,0,0,0,0
0,0,0,0,0,0,0,0,0,0,0,0,0,0,0,3,0,0,1,0,0,0,0,0,0,0,3,1,0,0,0,2,1,0,1,2,1,0,0,0,0,0,0,0,0,0,0,0,0,1,1,0,1,0,0,0,0,0,0,0,0,0,0,0,0,0,0,0,0,0,0,0,0,1,0,0,0,1,0,0,1,0,0,5,2,0,1,3,0,0,2,0,0,3,0,0,1,4,0,0,0,1,0,1,0,0,0,0,0,0,0,1,0,1,5,2,1,0,0,0,2,0,0,1,2,7,0,0,1,1,0,2,0,2,0,0,4,0,0,0,0,0,3,1,0,0,3,0,0,0,0,0,0,0,0,2,0,1,4,0,0,0,0,0,0,0,0,0,1,0,0,2,0,0,0,2,0,0,0,0,0,0,0,2,0,0,0,2,0,0,0,0,0,0,0,2,2,1,0,3,0,2,0,0,0,2,0,0,2,0,1,0,0,0,0,0,0,2,0,0,2,0,0,1,1,0,0,0,2,1,0,0,0,1,0,0,1,0,2,0,0,1,4,0,0,0,0,0,0,0,1,1,2,0,0,0
0,0,1,0,4,0,1,0,2,0,1,0,2,0,0,1,0,2,1,0,0,0,0,0,0,1,6,1,0,4,0,1,1,0,0,2,2,0,0,0,0,1,0,0,0,1,0,1,0,0,0,0,0,0,0,0,0,0,0,0,1,0,0,1,0,0,1,0,0,0,0,1,0,1,0,0,0,2,0,0,0,0,0,3,1,1,0,0,1,0,1,0,0,1,0,0,1,0,0,2,0,0,0,0,0,0,0,0,0,0,0,0,0,1,3,1,0,1,0,0,2,0,0,0,3,1,0,1,0,0,1,2,0,0,0,1,0,0,0,0,0,2,0,0,1,0,2,0,1,0,0,1,1,1,0,2,0,1,2,0,0,1,0,2,0,0,1,1,1,1,0,2,4,0,1,2,0,1,0,0,0,0,1,2,1,0,0,2,0,0,0,0,0,1,0,0,0,0,1,2,1,2,0,0,0,2,2,0,2,1,0,0,0,1,0,0,0,0,0,1,1,0,0,0,0,0,1,0,3,0,2,0,0,1,2,0,0,0,3,0,0,0,0,0,0,0,0,0,0,1,6,0,0,0,0,0
1,0,0,0,2,0,0,1,3,0,0,0,0,0,0,0,0,0,2,0,0,0,0,0,0,0,6,1,1,1,0,3,1,1,0,0,0,0,0,0,0,0,1,0,0,0,0,0,0,0,0,0,0,1,0,0,0,0,0,0,0,0,0,0,0,0,0,1,1,0,0,0,0,2,0,0,0,1,0,0,1,0,0,6,6,0,0,0,0,0,0,0,0,2,0,0,2,0,0,0,0,1,0,2,1,1,0,0,0,1,0,1,0,0,2,2,0,0,3,2,3,0,0,0,2,2,0,0,1,0,0,2,0,0,0,0,1,0,0,0,0,0,1,0,0,1,2,1,0,0,0,0,0,0,0,2,0,0,2,0,1,0,0,0,0,0,1,0,2,0,1,3,0,2,1,4,0,0,0,3,0,1,0,2,0,0,0,2,1,0,0,0,0,0,2,0,0,0,0,2,0,0,0,0,0,2,2,1,1,1,0,0,0,1,0,0,0,0,0,0,0,0,0,1,1,0,0,1,4,1,0,0,0,2,0,0,0,0,2,0,0,1,1,0,0,1,0,1,0,0,1,0,0,0,0,0
1,0,0,0,2,0,0,0,2,0,0,0,1,0,0,1,1,1,0,0,0,1,0,0,0,0,5,0,0,0,0,1,3,0,2,1,1,0,0,1,0,1,0,0,0,1,1,0,0,0,1,0,0,0,0,0,0,0,0,0,0,1,0,0,0,0,0,0,0,0,0,1,0,0,0,0,0,1,0,0,1,0,0,5,4,0,0,1,0,1,0,0,0,0,0,0,0,0,0,0,1,0,0,0,1,0,1,0,0,1,0,0,0,0,2,2,0,0,0,0,2,0,0,0,0,6,0,1,0,1,0,5,0,0,0,1,2,2,0,0,0,1,0,1,2,1,0,3,0,2,0,0,0,1,0,4,1,0,2,0,0,0,0,1,0,0,0,0,2,0,0,3,0,0,0,3,0,0,0,1,1,2,1,4,0,0,0,4,0,0,0,1,0,1,1,0,1,1,0,2,0,2,0,0,0,2,0,0,1,0,0,0,0,1,0,2,0,0,0,1,0,0,0,0,0,1,0,0,2,0,0,0,0,1,1,0,1,0,2,0,0,0,1,0,0,0,0,0,0,0,0,0,0,0,0,0
0,0,0,0,0,0,0,0,1,0,0,0,1,0,0,1,0,0,2,0,0,2,0,0,0,0,2,1,1,1,1,2,0,3,1,1,1,3,0,0,2,1,0,0,1,0,5,1,0,1,1,0,0,0,0,0,0,0,0,0,1,0,0,0,0,0,0,0,0,0,0,0,0,3,0,1,1,5,0,0,0,0,0,5,1,1,0,0,0,1,0,3,0,3,0,0,1,0,0,0,3,1,0,2,0,0,1,0,0,0,0,0,0,0,1,2,1,0,0,0,0,0,1,0,2,2,0,0,1,1,0,1,1,0,2,2,1,2,0,0,1,0,1,0,1,0,2,0,0,0,0,0,0,0,0,1,0,0,0,0,0,0,0,0,1,1,0,0,0,0,1,1,0,0,0,1,0,1,0,0,0,0,1,1,0,0,0,1,0,0,0,0,0,1,2,1,0,0,0,2,0,1,1,0,0,3,0,0,2,0,0,0,0,0,0,0,0,0,0,1,0,1,1,0,0,0,0,0,1,0,1,1,0,0,1,0,0,0,0,0,1,0,0,1,0,0,0,0,0,1,0,1,0,0,0,0
0,0,0,0,0,1,0,0,2,0,0,0,1,0,1,1,0,1,3,0,0,0,0,0,0,0,6,1,3,5,1,2,0,0,0,0,0,0,0,0,0,0,0,0,0,0,0,0,0,0,0,0,0,0,0,0,0,0,0,0,0,0,0,0,0,0,0,0,0,0,0,0,0,1,0,0,0,2,0,0,2,0,1,5,4,0,1,0,3,0,0,1,0,2,0,0,1,0,0,0,0,4,0,1,2,0,0,0,0,1,0,0,0,0,2,2,1,0,1,2,1,0,0,0,1,1,1,0,1,0,0,4,0,2,0,0,2,0,0,0,0,0,0,1,0,0,2,2,0,0,0,0,0,0,0,3,0,0,1,0,1,1,0,2,0,1,0,0,2,1,0,3,0,0,0,3,0,0,0,0,0,1,1,2,0,0,0,2,0,0,0,0,1,1,0,0,2,0,0,2,0,1,1,0,0,5,2,0,1,0,0,0,0,0,0,0,0,3,0,1,1,0,0,0,0,0,1,0,5,0,1,0,0,0,0,0,1,0,1,0,0,0,0,0,0,1,0,1,0,1,1,1,0,0,0,0
0,0,0,0,0,0,0,0,0,0,0,0,0,0,0,3,0,0,3,0,0,0,1,0,0,1,6,0,3,0,0,0,2,0,0,2,1,0,0,2,0,0,0,0,0,0,0,1,0,0,0,0,0,1,0,0,0,0,0,0,0,1,0,0,0,0,0,1,0,0,0,0,0,1,0,0,0,5,0,0,0,0,0,4,2,1,2,0,0,0,0,2,3,0,0,0,0,1,0,0,0,1,0,0,1,0,0,0,0,1,1,0,0,0,3,1,0,0,0,0,3,0,0,1,0,1,0,0,0,3,0,4,1,0,0,0,2,1,0,0,0,0,1,1,0,0,0,0,0,0,1,0,0,0,1,5,0,1,2,0,0,1,0,0,0,0,0,0,0,0,1,4,0,0,1,3,0,3,0,0,0,0,1,4,0,0,0,4,0,1,0,0,0,0,0,0,0,0,2,1,0,0,0,0,0,4,2,0,0,1,0,0,0,0,0,0,0,0,1,0,0,0,0,1,0,0,2,0,1,1,0,0,0,0,2,0,0,0,2,0,0,0,0,1,1,0,0,1,0,0,4,0,0,1,0,0
0,0,0,0,2,0,0,0,0,1,0,0,0,0,2,2,1,0,4,0,0,0,0,0,0,0,8,0,2,0,0,0,0,0,0,2,1,0,0,2,0,0,0,0,0,0,0,0,0,0,0,0,0,0,0,0,0,0,0,0,0,1,0,1,0,0,0,0,0,0,0,0,0,0,0,0,0,1,0,0,0,0,0,0,3,0,0,1,0,0,0,1,1,0,2,0,0,0,1,0,0,0,0,0,2,0,0,0,0,2,0,0,0,1,5,0,0,0,0,0,3,0,0,0,0,0,0,0,0,0,0,4,0,0,0,0,1,0,0,0,0,1,2,1,1,0,0,1,0,0,0,0,0,0,0,4,0,0,1,0,0,1,0,1,0,0,1,1,1,0,1,4,0,1,1,4,0,0,1,0,0,2,0,4,0,0,0,4,0,0,1,0,0,0,1,0,0,0,1,1,0,0,0,0,0,3,0,0,0,1,0,0,0,0,0,0,0,0,1,0,2,0,0,0,0,1,1,1,1,0,0,0,1,0,2,0,1,0,3,0,0,0,0,0,0,1,0,0,1,0,6,3,0,0,0,0
0,0,0,0,0,0,0,0,1,2,1,0,0,0,1,1,0,0,0,0,0,0,1,1,0,2,1,0,0,1,0,2,0,0,0,3,2,0,1,1,0,1,0,0,0,1,0,1,0,0,1,0,0,0,0,0,0,0,0,1,0,0,0,0,0,0,0,0,1,0,0,0,0,0,1,0,2,1,0,0,0,2,0,6,2,0,0,1,0,1,0,0,0,1,0,0,0,0,1,0,0,1,0,1,1,0,0,1,0,1,0,0,1,0,2,2,0,0,0,0,1,0,0,0,1,3,0,0,0,1,0,2,1,1,0,1,3,0,0,0,0,1,2,1,0,0,1,1,0,0,0,0,1,0,0,2,0,0,1,0,1,0,0,0,0,0,0,0,0,0,1,1,0,0,0,2,0,0,0,0,0,0,1,3,0,1,0,2,1,1,1,1,0,1,0,0,0,1,2,2,1,1,1,0,2,3,0,0,3,0,0,0,1,0,1,0,0,0,0,0,1,0,0,2,0,0,0,0,2,0,0,1,2,1,0,0,0,1,0,0,0,0,3,0,0,0,0,0,0,0,0,0,0,0,0,1
0,0,0,0,1,2,0,0,1,0,0,0,0,0,0,2,0,1,1,0,0,0,0,0,0,0,6,1,1,1,1,1,2,0,0,1,1,0,0,0,0,0,0,1,0,0,0,0,0,0,2,0,0,0,0,0,1,0,0,0,0,1,0,0,0,0,0,0,0,0,1,0,0,0,0,0,0,4,1,1,0,1,0,8,3,0,0,0,0,1,0,0,2,1,0,0,0,0,0,0,0,1,1,1,0,0,0,0,0,0,0,0,0,0,2,2,1,0,0,0,2,1,0,0,1,1,0,0,0,0,0,5,0,0,0,0,2,0,0,0,0,0,1,0,0,0,1,0,0,0,0,1,0,0,0,3,0,0,1,0,0,0,0,0,1,0,0,0,1,0,0,3,1,2,0,5,0,0,0,0,2,2,0,3,0,0,0,2,0,0,1,1,0,0,2,0,0,0,2,1,0,3,2,0,0,3,0,0,1,0,0,0,0,0,0,2,0,0,1,0,0,0,0,2,3,1,0,0,0,0,0,1,0,0,0,1,0,0,1,0,0,0,0,0,0,0,3,2,0,0,3,0,0,0,0,0
0,0,0,0,0,0,0,0,2,0,0,0,0,1,1,0,1,0,1,0,0,1,1,0,0,2,4,0,2,0,0,1,1,0,1,1,1,0,0,1,1,0,0,0,0,2,0,1,0,0,0,0,0,1,0,0,0,0,0,1,0,0,0,0,0,0,0,0,0,0,0,0,0,1,0,0,0,0,0,0,1,0,0,4,5,2,0,0,0,2,0,0,1,1,0,0,0,2,0,0,2,0,0,2,0,0,0,0,0,1,0,0,0,1,3,1,0,0,0,0,2,0,0,0,1,2,0,0,0,3,0,3,0,0,1,0,1,1,0,0,0,0,1,0,0,0,1,0,0,0,0,0,1,0,0,4,0,0,0,0,0,0,0,0,2,0,0,0,1,2,0,3,0,0,0,5,0,0,0,2,2,1,0,3,0,0,0,3,0,1,1,1,0,0,0,0,0,0,1,2,0,0,0,0,0,2,0,1,2,1,0,0,0,0,0,1,0,0,0,0,1,0,0,0,0,0,1,1,2,0,0,0,0,1,1,0,0,0,0,0,0,0,1,0,2,0,0,0,0,0,2,1,0,0,0,0
0,0,1,0,0,1,0,1,0,0,0,0,0,1,0,2,0,2,2,0,0,3,0,0,0,0,2,2,0,0,0,3,0,0,1,1,1,0,0,0,0,0,0,0,0,2,0,2,0,1,2,0,0,0,0,0,0,0,0,0,0,0,1,0,0,0,0,0,0,0,0,0,0,2,0,0,0,3,0,0,0,0,1,11,5,0,0,0,0,1,0,1,0,3,0,0,1,1,0,0,2,4,0,2,1,1,0,0,0,0,0,0,0,1,2,4,1,0,0,0,1,0,0,0,2,1,0,0,1,0,0,3,0,2,0,0,1,0,0,0,0,0,1,1,0,0,3,0,0,0,0,0,1,0,0,3,0,0,1,0,1,0,0,1,1,0,1,0,2,1,0,1,0,0,0,2,0,1,0,2,1,0,0,1,0,0,0,2,2,2,0,0,1,0,1,0,1,0,0,2,0,2,1,0,0,4,0,1,1,0,1,0,0,1,0,0,0,1,0,1,1,1,0,0,0,0,0,0,0,1,0,0,0,0,0,0,0,0,1,0,0,1,2,0,0,1,0,0,0,1,3,2,0,0,0,0
0,0,0,0,1,0,0,0,0,0,0,0,0,0,0,1,0,0,1,1,0,2,1,0,0,0,5,2,2,0,1,2,0,1,0,0,0,1,0,0,0,0,0,0,0,1,1,0,0,0,1,0,0,0,0,0,1,1,0,0,0,1,0,0,0,0,0,0,0,1,1,0,0,1,0,0,0,0,2,0,0,0,0,6,1,0,0,0,0,2,0,0,1,3,0,0,0,0,0,1,0,3,0,2,1,0,1,0,0,1,0,0,0,1,2,2,0,0,0,0,2,2,0,1,2,4,0,1,0,0,0,3,0,2,0,1,3,0,0,0,0,0,1,1,0,2,2,1,0,0,0,0,0,0,0,2,1,1,2,0,0,0,0,0,0,0,0,0,0,0,0,2,0,0,0,2,0,0,0,1,1,1,0,2,0,0,0,2,0,0,0,0,0,0,0,0,0,0,0,2,0,1,2,0,0,4,1,1,2,1,0,0,0,0,0,0,0,0,0,0,1,0,1,0,0,0,2,2,1,0,0,0,0,1,1,0,0,0,0,0,0,4,0,0,0,1,0,1,0,1,2,0,0,0,0,0
0,0,0,0,0,1,0,0,3,0,0,0,0,0,0,1,1,2,2,0,0,0,0,0,0,2,6,0,0,0,0,0,0,0,1,1,0,0,0,0,1,1,0,0,0,0,0,2,0,1,0,0,0,0,0,1,0,0,0,1,0,2,0,0,0,0,0,0,0,1,0,0,0,0,0,0,0,4,0,0,0,1,1,2,2,0,0,0,0,0,0,0,2,0,1,0,0,0,0,0,0,1,0,0,0,0,0,0,0,1,0,0,0,0,3,1,0,0,0,0,2,0,0,0,0,1,0,0,0,2,0,5,0,1,1,0,2,1,0,0,0,0,1,1,0,1,1,1,0,0,0,0,1,0,0,4,0,0,1,0,0,1,1,0,0,0,0,0,0,0,0,4,0,1,1,3,0,0,0,0,0,1,0,4,0,0,0,3,0,0,0,0,0,0,0,0,2,1,2,2,0,0,2,0,0,3,3,0,2,0,0,0,0,3,0,0,0,1,2,2,2,0,0,0,0,0,0,2,1,0,0,0,0,0,1,0,0,0,1,0,0,0,0,0,0,0,0,2,0,0,0,0,0,0,0,0
1,1,0,0,0,0,0,0,0,0,0,0,0,0,0,1,0,0,0,0,1,0,0,0,0,0,7,0,2,4,1,0,2,0,0,3,1,1,0,2,0,0,0,0,0,0,0,0,0,0,0,0,0,0,0,0,0,0,0,0,0,0,0,0,1,0,0,0,0,0,0,0,1,0,0,0,0,1,0,0,1,0,0,0,2,0,1,1,0,0,0,0,1,0,2,0,0,0,0,0,0,0,0,0,0,0,0,1,0,3,1,0,0,1,4,0,0,0,0,0,4,0,0,0,0,0,0,0,1,0,0,4,0,1,0,0,0,0,0,0,0,0,0,1,0,0,0,1,0,0,0,0,1,0,0,4,0,0,1,0,0,0,0,1,0,0,2,0,0,0,0,4,0,0,0,4,0,1,0,0,1,1,0,4,0,0,0,3,0,0,0,0,0,0,0,1,1,0,1,2,0,0,0,0,0,5,3,0,2,0,0,0,0,2,0,0,0,0,0,1,2,1,1,0,0,0,0,1,3,0,0,0,0,0,0,0,0,0,2,0,0,1,0,0,0,0,1,0,0,0,3,0,0,0,0,0
0,0,0,1,0,1,0,0,1,0,0,0,0,0,0,2,1,0,0,0,0,0,0,0,1,1,6,0,0,2,0,0,4,0,0,2,0,0,1,1,0,0,0,1,0,0,0,0,1,0,0,0,0,2,0,0,0,0,0,1,0,0,0,0,1,0,0,0,0,1,0,0,0,0,0,0,0,0,0,0,1,1,0,1,3,0,0,0,1,0,0,0,2,0,0,0,1,0,0,1,0,4,0,0,2,0,1,0,0,3,0,0,0,0,5,0,0,0,0,0,3,0,0,0,0,0,0,1,0,0,1,4,1,0,1,0,1,0,0,0,1,2,0,1,0,0,0,0,0,0,0,0,0,0,0,4,0,0,0,0,0,0,2,1,1,0,3,0,2,1,1,3,0,0,0,3,0,0,0,0,0,2,1,3,0,0,0,4,0,1,0,1,2,0,0,0,1,0,0,3,1,0,2,0,0,1,0,0,3,1,1,0,0,2,1,0,1,0,0,0,0,1,0,1,0,0,0,1,2,1,0,0,0,0,0,0,0,1,2,1,0,0,0,0,0,1,0,1,0,1,4,1,0,0,0,1
0,1,0,1,1,0,1,0,0,0,0,0,0,0,0,0,0,1,1,0,0,0,0,0,1,0,8,0,0,3,1,2,0,0,0,0,0,0,0,1,0,1,0,1,0,0,0,0,1,1,1,0,0,0,0,1,0,0,0,0,0,1,0,0,0,0,0,0,1,0,2,1,0,1,0,0,0,2,0,0,2,0,0,5,7,0,0,1,0,1,0,0,1,1,0,0,0,1,0,0,0,0,0,1,0,0,0,1,0,1,0,0,0,0,5,1,0,0,1,0,2,0,0,0,1,1,0,0,1,1,0,3,1,2,1,0,0,2,1,0,1,0,1,0,1,0,1,3,0,0,0,0,0,0,0,3,0,0,1,1,1,0,0,0,0,0,0,0,0,0,0,4,0,1,0,3,0,0,0,0,1,2,0,4,0,0,2,3,0,1,0,0,1,0,2,1,0,0,2,1,0,0,0,0,0,4,3,1,1,0,1,0,0,2,0,0,0,0,1,0,1,0,0,0,1,0,0,0,4,1,0,0,0,0,2,1,4,0,3,0,0,0,1,0,0,1,0,1,0,2,3,0,0,0,0,0
0,0,1,0,2,0,0,0,3,0,0,0,0,0,0,0,0,0,0,0,0,0,0,0,1,0,7,0,0,2,0,1,0,0,0,2,0,0,0,0,1,1,0,0,0,0,0,0,0,1,0,0,0,0,0,0,0,0,0,0,0,0,0,0,1,0,0,0,0,0,0,0,0,0,0,0,1,2,0,0,1,2,0,3,4,0,0,1,1,0,3,0,1,1,1,0,2,0,0,0,0,1,0,1,0,0,0,0,0,1,0,1,0,0,2,2,1,0,4,0,2,0,0,0,1,2,0,0,0,2,1,5,0,2,0,0,0,0,0,0,1,0,2,0,0,3,1,3,0,2,0,0,0,0,1,3,0,0,2,0,0,1,3,0,1,0,0,0,0,0,1,3,0,0,3,2,0,0,0,0,1,3,0,3,0,0,0,4,0,0,0,0,0,0,1,0,0,0,0,2,0,0,0,0,1,4,0,0,1,0,0,1,0,1,1,0,0,0,0,0,2,0,0,1,0,1,0,1,2,1,0,1,0,0,0,0,2,0,2,0,0,1,0,0,0,0,0,0,0,0,0,1,0,0,0,0
0,1,0,0,0,2,0,1,0,0,1,1,0,0,0,0,0,0,0,0,1,0,0,1,0,0,2,1,0,2,0,3,0,0,1,0,0,0,0,1,0,0,1,0,1,0,2,0,0,0,3,1,0,1,0,0,1,0,0,0,0,2,0,0,0,0,1,0,0,0,0,0,0,2,0,0,0,3,1,0,0,0,0,11,3,0,0,0,0,2,1,2,0,3,0,0,1,1,0,0,1,1,0,4,1,1,0,0,0,0,0,0,0,0,1,3,0,0,0,0,0,0,0,0,3,6,0,1,2,0,0,1,0,4,0,0,3,1,0,0,1,0,3,0,0,0,3,0,0,0,0,0,0,0,1,1,0,1,2,0,0,0,0,0,0,0,0,0,0,0,0,1,0,1,0,2,0,0,0,0,2,0,0,1,0,0,0,1,0,0,0,0,0,0,0,0,1,0,0,3,0,0,0,0,2,4,0,1,2,0,1,0,0,1,0,0,1,1,0,1,2,1,1,0,0,1,0,0,1,0,0,0,0,1,0,0,2,0,0,0,0,0,1,0,0,0,0,0,0,1,0,0,0,0,1,0
0,0,0,0,1,0,1,0,0,1,0,0,0,1,1,1,1,0,3,0,0,0,0,0,0,1,5,3,1,1,0,1,1,0,0,2,2,0,0,0,0,0,0,0,0,2,0,0,0,0,0,0,0,0,0,0,0,0,0,0,0,1,0,0,0,0,0,0,0,0,0,1,0,0,1,0,0,0,0,0,0,0,0,6,4,0,0,1,0,1,0,0,1,1,0,0,0,1,0,0,2,3,0,1,4,1,1,1,0,0,1,1,0,3,4,1,0,0,0,0,3,0,0,1,1,3,0,0,2,2,1,3,0,1,0,0,1,0,0,0,0,1,2,0,1,0,1,0,0,0,0,0,1,0,0,3,0,0,2,0,0,1,1,1,1,0,1,0,4,0,1,3,0,1,0,3,0,0,0,1,0,2,3,3,0,0,0,4,0,2,1,0,0,0,0,0,0,0,2,2,0,0,1,0,0,2,0,1,0,0,0,0,0,0,0,1,0,0,0,0,2,0,0,1,0,0,1,1,2,0,0,0,0,0,1,0,1,0,3,0,0,0,0,0,1,1,0,1,0,0,2,1,0,0,0,1
0,1,3,0,0,0,0,0,3,0,0,0,3,0,0,1,0,1,0,0,0,0,1,0,0,0,11,1,1,1,2,1,1,0,1,2,2,0,0,0,0,1,0,1,0,0,2,1,1,0,0,0,0,2,0,0,0,0,0,0,0,1,0,0,0,0,0,0,0,0,0,0,0,2,0,0,0,2,0,1,0,0,1,3,0,0,0,0,0,1,0,1,0,1,0,0,2,0,0,0,1,1,0,2,1,1,0,1,0,1,0,0,0,0,3,1,1,1,1,1,1,0,0,1,1,3,0,0,0,1,0,3,0,0,0,1,1,0,0,0,1,0,0,1,0,2,1,4,1,3,1,0,0,1,0,3,1,0,1,3,0,0,0,0,0,0,0,1,0,0,0,3,0,1,2,3,0,0,0,0,0,1,0,3,0,0,0,3,0,0,1,2,0,1,0,0,0,0,0,1,0,0,2,1,0,1,1,0,2,0,0,0,0,2,0,0,1,0,2,0,1,0,0,2,0,2,0,5,4,1,0,0,0,0,1,1,1,1,1,0,0,1,1,0,0,1,0,1,1,0,4,1,1,0,1,0
0,0,0,0,0,0,0,0,0,0,0,0,0,0,0,0,0,0,1,0,1,0,0,0,0,0,4,0,0,1,1,1,0,0,0,1,1,0,0,1,0,0,0,0,0,0,0,0,0,1,0,0,0,0,0,0,0,0,0,0,0,0,0,0,0,0,0,0,0,0,0,0,0,0,0,0,0,2,2,0,1,0,0,3,4,1,1,0,0,0,0,2,0,1,0,0,1,0,0,0,0,2,0,1,0,0,0,0,0,0,1,1,0,0,3,1,0,0,1,0,3,0,0,0,1,0,0,0,0,1,0,4,0,0,0,0,3,0,0,0,0,0,2,1,0,1,2,0,0,0,0,0,0,0,0,3,0,1,2,0,0,0,0,0,2,0,0,0,0,0,0,3,0,0,1,5,0,0,0,0,0,1,0,3,0,0,0,3,0,0,0,0,1,1,0,0,1,0,0,1,0,1,1,0,0,2,1,1,3,0,0,0,0,1,0,0,2,1,1,0,2,0,0,1,0,0,0,1,1,0,0,0,0,0,0,0,1,0,1,0,0,0,0,0,0,1,0,2,0,0,1,0,0,0,0,0
1,0,0,0,2,0,0,0,0,0,0,0,0,0,1,0,1,0,0,1,0,1,0,0,0,0,8,0,1,2,0,1,2,0,0,3,1,0,0,2,0,0,0,0,1,0,0,1,0,0,0,0,0,0,0,1,0,0,0,1,0,2,0,1,0,0,0,0,0,0,0,0,1,1,0,0,0,1,0,0,1,0,0,5,2,1,0,0,1,1,0,2,1,1,3,0,0,1,0,0,0,2,0,1,0,1,0,0,0,3,0,0,0,0,3,1,1,0,0,0,3,0,0,0,1,1,1,0,1,0,0,4,0,1,0,0,2,0,0,0,0,0,1,0,0,1,1,2,0,0,0,0,0,0,0,3,0,0,1,0,0,0,0,1,0,0,0,0,0,0,0,3,0,0,2,4,1,0,0,0,2,1,0,3,0,0,0,3,0,0,0,0,0,2,1,0,0,0,1,1,0,0,0,0,1,2,0,1,1,1,0,0,0,1,0,2,1,1,0,0,0,0,0,0,0,0,0,0,2,0,0,0,0,0,2,0,2,1,1,0,0,3,0,0,0,0,0,0,0,0,4,2,0,0,0,0
0,0,3,0,2,0,0,0,0,0,0,0,4,0,2,0,1,2,1,0,0,0,1,0,0,7,7,1,2,4,1,2,0,0,0,1,0,0,0,0,0,0,1,0,0,1,0,2,0,1,0,0,0,0,0,0,0,0,1,0,0,3,0,0,0,0,0,0,0,0,0,0,0,3,0,0,0,0,1,0,0,0,0,4,1,1,0,0,0,1,0,0,0,2,0,0,1,1,0,0,0,3,0,1,0,0,0,0,0,2,1,0,0,1,2,2,0,0,0,0,3,0,0,0,2,2,0,0,0,0,0,2,0,0,0,0,2,0,0,0,0,0,1,0,0,1,2,0,0,0,0,0,0,0,0,2,2,0,0,0,0,0,0,0,0,0,2,1,1,0,0,2,0,1,2,2,0,0,0,1,0,2,1,2,0,0,0,2,1,0,0,3,0,0,0,0,0,0,0,2,1,0,0,0,1,3,1,1,0,1,0,0,0,0,0,0,0,0,0,0,1,1,0,1,0,1,0,5,2,0,0,0,0,1,1,0,0,0,0,0,0,4,0,0,0,0,0,0,0,0,2,4,0,0,0,0
0,0,5,0,0,1,0,0,0,0,0,0,0,1,0,1,0,0,1,1,0,2,1,0,0,1,5,5,0,0,1,2,1,0,0,1,1,0,0,2,1,0,0,0,2,0,0,2,0,0,0,0,0,3,0,0,0,0,0,0,0,0,0,3,0,1,0,0,0,0,0,0,0,0,0,0,1,1,0,0,0,0,1,6,3,0,0,0,0,2,0,3,0,7,0,0,0,0,0,0,1,1,0,1,0,0,0,0,0,1,2,1,0,0,3,2,0,0,1,0,2,0,0,0,2,3,0,0,0,1,0,2,0,0,0,0,0,1,0,0,1,0,1,2,0,0,3,0,0,0,1,0,0,0,0,2,0,1,0,0,0,0,0,0,0,1,0,0,1,0,0,2,0,2,0,2,0,1,0,0,0,1,0,2,0,0,0,3,0,0,0,0,0,0,0,0,1,0,2,2,0,0,1,0,0,4,0,1,1,0,0,0,0,1,0,0,0,0,1,0,2,0,1,0,0,0,0,0,1,0,0,1,0,0,0,0,1,1,0,0,0,1,0,1,1,0,0,0,1,0,1,0,0,0,0,0
2,0,0,0,3,0,0,0,0,0,0,0,0,0,0,0,0,0,1,0,0,0,0,0,0,0,5,0,1,3,0,1,1,0,0,2,1,0,0,1,0,0,0,0,0,0,0,0,0,0,1,0,0,0,0,0,0,0,0,0,0,0,0,1,0,0,0,0,0,0,0,0,0,1,0,0,0,2,0,0,0,0,0,3,2,0,0,0,0,0,0,0,0,1,0,0,0,1,0,0,0,1,0,1,0,1,0,0,0,2,0,0,0,0,3,1,1,0,0,0,2,0,0,0,1,1,0,0,0,1,0,4,0,0,0,0,0,1,0,0,0,0,0,0,0,1,1,2,0,0,0,0,0,1,0,3,0,1,1,0,0,0,2,0,1,0,0,0,3,0,1,5,0,0,1,4,0,1,0,0,2,1,0,3,0,0,0,3,0,0,0,0,1,1,1,2,2,0,1,3,0,0,1,0,0,1,1,0,1,1,0,0,1,1,0,1,0,0,1,0,1,0,0,0,0,0,0,0,3,0,0,1,0,1,0,0,0,0,1,0,0,0,0,0,0,0,0,0,1,0,1,1,0,0,0,0
0,0,1,0,3,0,0,0,0,0,1,0,4,0,0,0,0,1,1,0,0,0,0,0,0,0,0,1,0,0,0,3,0,0,1,0,0,0,0,0,1,0,0,0,0,0,0,0,0,0,2,0,0,1,0,0,0,0,0,0,1,1,1,0,0,0,0,0,0,0,0,0,0,1,0,0,0,0,2,0,0,0,0,7,2,0,0,0,0,2,0,0,0,2,0,0,0,0,0,1,0,1,1,2,0,0,0,0,0,0,1,1,0,5,0,3,0,0,0,1,0,1,0,0,3,1,1,0,0,0,4,2,0,4,0,0,1,0,0,0,0,0,2,0,0,0,3,0,0,0,0,0,0,1,1,2,0,1,0,0,0,0,0,1,0,0,0,0,1,0,0,0,0,0,0,2,0,0,0,1,1,1,1,2,1,0,0,1,0,0,2,1,0,0,0,0,0,0,0,3,0,1,0,0,0,4,0,0,0,0,0,0,0,0,0,0,0,0,1,1,0,0,0,0,0,0,1,0,2,2,0,0,0,0,1,0,0,0,0,0,0,2,0,0,0,0,1,0,1,1,2,0,0,0,0,0
0,1,0,0,2,0,0,0,0,0,0,0,0,0,1,0,1,0,1,0,0,2,0,0,0,3,7,0,1,1,0,1,0,0,0,0,0,0,0,2,0,0,0,0,0,1,0,0,0,0,1,0,0,0,0,0,0,0,0,0,0,1,0,0,0,0,0,0,0,0,0,0,0,0,0,0,2,1,1,0,1,0,0,2,2,1,0,0,0,0,0,0,0,1,1,0,0,0,1,0,0,0,1,2,0,0,1,0,0,2,2,1,0,0,3,1,0,0,0,2,3,0,0,0,1,2,0,1,0,1,0,3,0,0,0,0,2,1,0,0,0,1,2,0,0,2,1,0,0,1,0,1,0,0,0,3,0,1,1,0,0,0,0,1,1,0,0,0,0,1,0,3,0,0,0,4,0,0,0,0,1,3,0,3,0,0,0,3,0,0,1,0,0,0,0,0,0,0,0,2,0,0,0,0,1,2,1,1,2,2,0,0,0,0,0,2,1,1,1,0,0,1,1,0,0,0,0,0,0,0,0,0,1,0,1,0,0,0,0,0,0,0,0,0,0,0,0,1,1,0,2,2,0,0,0,0
1,1,0,0,0,0,2,0,0,0,0,0,0,0,0,0,1,0,2,0,1,0,0,1,1,0,6,0,4,3,0,1,1,0,2,2,1,0,0,1,0,2,0,1,1,1,0,0,0,0,0,0,0,1,0,0,0,0,0,2,0,2,0,1,0,0,0,0,0,0,3,0,0,1,0,0,0,1,0,0,0,0,0,2,2,3,0,0,0,2,0,0,0,1,2,0,0,0,0,0,2,0,0,1,0,0,1,0,1,0,0,3,0,1,2,1,0,0,0,0,2,0,0,0,1,2,0,0,1,1,0,2,0,0,0,0,2,1,0,1,0,0,1,1,0,0,1,0,3,0,1,0,0,0,0,2,1,0,0,0,0,0,0,0,0,0,0,0,2,0,0,2,0,0,0,3,0,0,0,0,0,0,0,2,0,1,0,3,0,0,0,0,0,0,0,3,0,0,0,2,0,0,1,0,0,4,1,4,1,1,2,0,0,0,0,0,0,2,0,0,0,0,0,0,0,1,0,0,3,1,0,1,2,0,1,0,0,0,2,0,0,1,1,1,1,0,0,2,0,0,4,3,0,0,0,0
0,1,0,0,0,1,0,0,3,1,0,0,0,0,0,0,0,0,2,0,0,3,1,0,0,0,4,3,0,3,1,2,1,0,0,0,0,0,0,1,0,1,2,1,0,0,0,1,0,0,0,0,0,1,0,0,0,0,0,0,0,0,0,0,1,1,0,0,0,0,1,0,0,2,0,0,0,3,1,0,0,1,1,9,4,0,0,0,0,1,2,0,0,3,0,0,1,0,0,0,1,0,0,2,0,0,0,0,1,1,0,0,0,0,3,2,0,0,0,0,1,0,0,0,2,5,0,0,0,1,0,2,0,0,1,1,0,0,0,0,0,0,0,1,0,0,3,1,1,0,0,0,0,0,0,2,0,1,1,0,0,0,0,0,1,0,1,0,0,0,0,2,2,1,3,3,0,0,0,0,0,1,3,3,0,0,0,2,0,2,0,0,0,1,0,0,0,0,0,2,0,2,3,1,1,2,2,1,1,0,0,0,0,0,0,0,1,0,0,1,2,0,0,0,0,0,0,0,1,1,0,1,0,1,0,0,0,0,2,0,0,0,0,0,0,0,0,0,0,2,2,1,0,0,0,0
2,0,2,1,1,1,0,0,0,0,1,1,1,0,0,1,0,1,2,0,0,1,0,0,0,1,4,0,0,0,1,0,1,0,0,1,1,1,0,1,1,0,1,0,0,0,0,0,0,0,0,0,0,1,0,0,0,1,0,0,2,1,1,0,0,0,0,0,1,0,0,0,0,0,0,0,0,4,1,0,0,0,0,3,1,0,0,0,1,0,0,0,0,0,0,0,0,0,0,0,0,0,1,0,1,0,0,0,0,2,0,0,0,1,2,0,0,0,0,0,2,0,1,0,0,0,0,0,2,0,1,2,0,0,0,0,0,0,0,0,0,1,0,1,1,2,1,1,0,0,0,1,0,2,0,2,0,0,2,0,0,0,0,1,1,0,0,0,0,0,0,2,0,0,0,2,0,0,0,0,0,0,1,2,1,0,0,2,0,1,0,1,0,0,1,0,0,0,0,1,0,1,1,0,0,1,0,0,1,0,1,0,1,0,0,0,1,0,0,0,0,1,1,0,0,0,1,0,5,2,1,3,0,0,2,1,2,0,4,0,0,0,0,0,0,0,1,0,0,1,2,1,0,1,1,1
0,0,0,0,0,0,0,0,0,0,0,0,0,0,0,0,0,2,0,1,0,0,0,0,0,0,3,0,2,0,0,1,0,0,0,1,0,0,0,0,0,0,0,0,0,0,0,0,1,2,0,0,0,0,0,0,0,0,0,0,0,1,0,0,0,0,0,0,0,0,0,0,0,0,0,0,0,2,0,0,1,0,0,2,3,0,1,0,0,0,0,0,1,1,0,0,0,0,0,0,0,1,0,1,1,0,0,0,0,1,0,0,0,0,4,1,0,0,0,0,2,0,0,0,1,1,0,0,0,2,0,4,0,1,0,1,3,0,0,0,0,0,1,1,0,1,1,0,0,0,0,0,0,0,0,3,0,1,0,0,0,0,0,0,0,0,0,0,2,0,0,3,0,1,1,3,0,1,0,0,0,1,1,3,0,0,0,3,0,0,0,0,0,1,0,0,1,0,0,2,0,1,0,0,0,2,2,2,2,0,0,0,1,2,0,1,0,0,0,1,0,1,1,0,0,1,0,0,2,1,0,0,0,0,0,0,1,0,1,0,0,0,0,0,0,0,0,1,0,0,1,0,0,0,0,0
0,0,0,0,0,0,0,0,0,0,0,0,0,2,0,0,0,0,1,0,0,0,0,1,0,0,0,7,0,0,1,4,0,0,0,0,0,0,0,0,0,0,0,0,1,0,0,0,0,0,1,0,0,0,0,0,0,0,0,0,0,0,0,0,0,0,0,0,0,1,1,1,0,4,0,3,0,4,1,0,0,0,2,10,0,0,0,0,0,3,0,1,0,5,0,0,0,0,0,0,2,0,0,4,0,0,0,0,1,0,0,1,0,0,1,4,0,0,0,1,0,0,0,1,4,4,0,0,0,2,0,1,0,3,0,0,0,0,0,0,0,0,1,0,0,0,5,0,0,0,0,2,0,0,0,0,0,3,0,2,0,0,0,0,3,0,0,0,0,0,0,1,0,0,0,2,0,1,0,0,1,0,0,0,0,0,3,0,0,0,0,0,0,0,0,0,0,0,2,2,3,0,0,0,1,3,0,1,0,0,0,0,2,0,0,0,1,0,0,1,0,0,0,1,1,0,0,0,2,0,0,0,0,0,0,0,0,0,0,0,0,0,0,0,0,0,0,0,1,0,0,0,0,0,0,0
1,0,0,0,0,0,0,0,0,0,0,2,0,0,1,0,0,0,2,0,0,0,0,1,0,0,3,1,2,0,2,2,0,0,1,1,0,0,0,0,0,0,0,0,0,0,0,0,0,0,0,0,0,1,0,0,0,0,0,0,0,1,0,0,0,0,0,0,0,0,1,0,0,2,0,0,0,1,0,0,1,0,0,4,1,0,0,0,0,0,0,1,0,3,1,0,1,0,0,0,1,2,0,2,0,0,0,0,0,1,0,0,0,0,2,2,0,0,0,0,2,0,0,1,2,4,0,0,0,0,0,2,0,0,0,0,0,0,0,0,0,1,0,2,0,1,2,1,0,0,0,0,0,0,0,2,1,0,2,0,1,0,0,0,0,0,0,0,1,0,1,2,1,0,0,2,0,0,0,0,0,0,0,2,0,0,0,2,0,0,0,0,0,0,0,0,0,0,0,2,0,0,0,0,2,3,0,0,0,0,0,0,0,0,0,1,1,0,0,0,1,0,0,0,0,1,0,0,2,1,0,1,0,0,0,0,0,0,3,0,1,0,0,0,0,1,0,0,1,0,1,0,0,0,0,0
0,0,3,0,5,0,0,1,0,0,0,0,1,0,0,0,1,2,0,0,0,2,0,1,0,0,4,1,3,0,0,2,2,0,0,0,0,0,0,1,0,2,0,0,1,0,1,0,0,0,0,0,0,0,0,0,0,0,0,0,0,1,0,0,0,0,0,0,1,0,0,0,0,2,0,0,3,4,0,0,0,0,0,3,2,0,1,0,0,1,0,3,1,1,1,0,0,0,0,0,0,1,1,1,0,0,1,0,0,3,1,0,0,0,2,1,0,0,1,1,3,0,0,0,1,0,0,0,1,0,0,3,1,0,0,0,2,0,0,0,0,0,0,1,0,1,2,1,0,0,0,0,0,0,0,3,0,0,2,0,3,0,0,0,0,0,0,0,1,0,1,2,0,0,0,2,0,0,1,0,2,2,1,3,1,1,0,3,0,1,1,0,1,0,0,0,1,0,1,1,0,0,0,0,0,2,1,0,0,0,0,4,0,1,2,0,0,0,0,0,0,0,0,0,1,1,0,5,2,0,0,0,1,2,5,0,1,0,1,0,0,0,0,0,0,0,0,1,0,1,1,0,0,0,0,0
1,0,0,0,0,0,0,0,1,0,1,0,0,0,1,0,0,0,1,0,0,0,0,0,0,0,5,1,0,1,0,1,1,0,0,1,2,0,0,1,1,0,0,0,1,0,0,1,0,1,0,0,0,0,0,0,0,0,0,0,0,1,0,0,0,0,0,1,0,0,0,0,0,1,0,0,0,0,2,0,0,0,1,7,1,0,0,0,0,1,0,0,0,1,0,1,0,0,0,0,0,2,0,1,0,0,2,0,0,0,0,0,0,0,3,2,0,0,1,0,2,0,0,1,1,2,0,1,2,1,1,5,0,0,0,0,2,0,0,1,0,0,1,0,0,3,1,1,1,0,0,0,2,0,1,3,0,1,6,1,0,0,0,1,0,0,1,0,2,0,0,3,0,1,2,2,0,0,0,0,1,3,1,3,0,0,0,3,0,0,1,0,1,0,0,0,0,0,0,3,2,2,0,1,0,2,0,0,1,0,2,0,0,1,0,0,0,0,1,2,1,0,1,0,0,0,0,0,1,0,1,0,0,0,1,0,0,0,1,0,0,1,1,0,0,0,0,2,0,0,2,0,0,0,0,0
0,0,0,0,0,1,0,0,0,0,0,0,0,1,0,0,0,0,0,0,0,0,0,1,0,0,3,0,0,4,0,2,1,0,4,1,1,0,0,1,1,0,1,1,0,1,2,0,0,0,2,1,0,0,0,0,0,0,0,0,0,1,0,1,0,0,0,0,0,0,0,0,0,1,0,0,0,5,2,0,1,0,0,7,5,0,0,0,1,0,1,0,0,2,0,0,0,0,0,0,0,1,0,2,1,0,0,0,0,1,0,0,1,1,2,2,1,1,0,0,1,0,0,1,2,2,0,0,1,0,0,1,0,0,1,1,1,1,0,0,0,0,0,0,0,0,3,0,0,0,0,0,0,0,0,1,0,1,3,1,0,0,0,0,2,0,0,0,0,0,2,2,0,1,1,5,0,0,0,0,1,4,0,1,0,0,1,2,1,0,0,1,2,0,0,0,0,0,0,2,0,2,0,0,1,4,0,2,3,1,0,0,0,0,0,0,0,1,0,1,0,0,0,0,0,1,0,1,1,0,0,0,0,0,0,0,1,0,0,0,0,0,2,1,0,0,0,2,0,0,0,1,0,1,0,0
1,0,2,0,0,0,0,0,1,0,0,0,0,0,0,1,0,0,3,0,0,1,0,0,1,0,3,1,1,0,1,2,1,0,0,1,0,0,0,1,1,0,0,0,0,0,0,0,0,0,1,0,0,0,0,0,0,0,0,0,0,2,0,0,0,0,0,0,0,0,0,0,0,1,0,0,0,1,3,0,1,0,0,7,4,1,1,0,0,0,0,0,0,1,1,0,1,0,0,0,0,1,0,1,0,0,0,0,0,1,0,0,0,0,2,2,0,1,0,0,2,0,0,0,1,0,0,0,0,0,0,3,0,1,0,0,0,0,0,0,0,0,1,0,0,0,2,0,0,0,0,0,0,0,1,3,1,0,0,0,1,0,0,0,0,0,0,0,0,0,1,2,0,2,0,4,0,0,1,3,0,0,3,2,0,0,0,3,0,0,0,0,0,0,0,0,0,0,0,3,0,2,0,0,0,5,0,1,0,0,0,0,0,0,0,1,0,1,0,0,0,0,1,0,0,0,0,1,1,0,0,1,1,0,0,0,1,0,0,0,0,0,2,0,2,0,0,0,0,1,2,1,0,0,1,0
0,1,0,0,0,1,0,0,0,0,0,0,0,0,1,0,0,0,0,0,1,0,1,0,0,0,2,0,1,0,0,3,0,0,3,0,0,0,0,1,0,0,0,0,0,0,4,1,0,0,2,0,0,0,0,0,0,0,0,0,0,0,0,0,0,0,0,0,0,1,0,0,0,1,0,0,1,1,4,0,3,1,1,12,3,0,0,0,0,1,0,0,0,3,0,2,4,0,0,0,1,0,0,3,0,1,0,0,0,1,0,1,0,0,1,3,1,0,0,0,0,1,0,0,3,7,1,0,1,2,0,1,1,0,0,0,0,0,0,0,0,0,4,1,0,0,4,1,0,0,0,0,0,0,1,4,0,3,0,0,3,0,0,0,1,0,3,0,1,0,0,2,0,0,0,2,0,0,0,0,1,0,0,1,0,0,1,1,0,0,0,0,0,0,0,0,0,0,0,3,0,0,2,0,0,3,0,0,0,0,0,1,0,0,0,0,0,0,0,1,2,0,0,0,0,0,0,0,3,0,0,1,0,1,0,0,2,0,0,0,0,0,1,0,0,0,0,0,0,1,0,0,0,0,0,0
0,1,0,0,0,0,0,0,1,0,0,0,0,0,0,0,0,1,3,0,0,0,0,0,0,0,3,1,1,2,0,2,1,0,0,1,3,0,0,0,0,0,0,0,0,1,1,0,0,0,0,0,0,0,0,0,0,0,0,0,0,0,0,0,0,0,0,0,0,0,0,0,0,1,1,0,0,2,0,0,0,2,0,5,5,1,0,0,0,1,0,0,0,2,1,0,2,0,0,0,0,1,0,1,0,0,0,0,0,1,0,1,0,1,2,2,0,1,0,0,1,0,0,0,1,3,0,0,0,0,0,2,0,1,0,0,0,0,0,0,0,0,2,0,0,0,2,0,1,0,0,0,0,0,0,3,0,0,1,0,0,0,0,0,0,0,0,0,1,2,0,2,0,1,0,2,0,0,0,0,1,0,1,2,0,0,0,3,0,0,0,0,0,0,1,0,0,0,0,2,0,1,0,0,0,4,0,0,0,0,0,0,1,1,0,0,0,1,1,0,1,0,0,0,1,1,0,0,2,0,0,1,1,0,0,0,0,0,2,0,0,0,0,0,0,0,0,1,2,0,0,0,0,0,1,0
0,0,0,0,2,0,0,0,0,0,0,0,0,0,0,0,0,0,2,0,0,1,0,1,0,0,3,2,2,0,3,2,0,0,0,0,0,0,1,1,0,0,0,0,1,0,0,0,0,1,1,0,0,2,0,1,0,0,0,1,0,1,0,1,0,0,0,0,0,0,0,0,0,2,0,0,0,0,2,1,0,0,0,7,3,0,0,0,0,1,0,0,1,4,1,2,0,0,1,0,0,3,0,2,0,0,0,0,0,0,0,0,0,0,3,2,0,0,1,0,1,0,0,0,1,5,0,0,0,0,0,3,0,0,0,0,2,0,0,0,0,0,0,0,1,0,3,0,0,0,0,0,0,0,0,2,0,0,0,0,0,0,0,0,0,0,0,0,0,1,0,2,0,1,0,2,0,0,0,0,0,1,1,2,0,0,0,3,0,0,0,0,0,0,0,0,2,0,1,2,0,0,2,0,0,3,0,1,3,1,0,0,0,1,0,0,0,1,1,0,2,1,1,0,0,1,0,0,2,0,0,0,0,0,1,0,0,0,1,0,0,0,0,0,0,0,0,1,0,0,3,0,1,0,0,0
0,0,0,0,0,0,1,0,0,0,0,0,0,0,0,1,0,2,1,0,1,0,0,0,0,1,5,0,1,2,1,1,0,0,0,2,2,0,0,1,0,0,0,0,0,1,0,0,0,1,0,0,0,0,0,0,0,0,0,1,0,1,0,1,0,0,0,0,0,0,0,0,0,0,0,0,0,3,1,0,1,0,0,6,2,0,1,0,0,1,0,0,0,1,0,0,0,0,0,0,1,2,0,1,0,1,0,2,0,2,0,0,0,3,4,1,0,0,0,0,3,0,0,0,1,2,0,1,0,0,0,3,0,0,0,0,0,0,0,0,0,0,0,0,1,0,1,0,0,0,0,0,0,0,0,3,0,1,0,0,0,0,0,0,0,0,0,0,0,0,1,4,0,1,0,4,0,0,0,0,1,2,0,3,0,0,0,3,0,0,0,0,0,0,0,2,0,0,0,2,0,0,1,0,0,1,0,0,1,0,1,0,0,1,0,1,0,1,0,0,0,0,0,0,0,1,0,0,2,1,0,0,0,0,0,0,1,0,3,0,1,0,0,0,0,0,0,0,0,0,4,1,0,0,0,0
1,0,0,0,1,0,0,0,3,0,0,0,0,0,0,0,0,0,0,0,0,0,0,0,0,4,9,0,3,6,1,0,0,0,0,2,2,0,1,1,0,0,0,0,0,0,0,0,1,0,0,0,0,0,0,0,0,0,0,2,0,2,0,0,0,0,0,0,0,0,1,0,1,0,0,0,0,1,0,0,3,0,0,2,5,0,2,0,0,0,0,4,0,0,0,0,1,0,0,2,0,3,0,0,1,0,0,1,0,0,0,0,0,1,4,0,0,0,2,0,4,2,0,0,0,0,0,0,0,0,0,4,0,0,0,0,0,0,0,0,0,0,0,0,1,1,0,0,0,0,1,0,0,0,0,4,0,0,0,0,0,0,0,1,0,0,2,1,1,0,2,6,1,1,2,4,0,1,1,0,1,1,0,4,0,0,1,4,0,0,0,0,0,0,1,1,1,2,0,0,0,1,0,0,0,0,2,0,2,1,0,0,0,0,0,2,0,0,0,0,1,0,0,0,0,0,0,0,3,0,0,0,0,0,1,0,0,0,2,0,0,0,0,0,0,0,0,0,0,0,5,3,0,0,0,0
1,1,5,0,1,0,0,0,0,0,0,0,1,0,1,0,0,0,1,0,0,1,0,0,0,3,9,2,1,1,0,0,1,0,0,0,0,0,4,1,0,1,0,0,0,0,0,0,0,0,0,0,1,2,0,0,0,1,1,0,0,3,0,0,0,1,0,0,0,0,1,0,0,1,1,0,0,4,1,0,2,0,1,0,4,1,2,0,0,0,0,0,0,0,1,0,0,0,0,0,0,0,0,0,0,0,0,0,1,2,0,0,1,0,4,1,0,1,1,0,4,0,0,1,0,0,1,0,1,1,5,3,1,0,0,0,7,0,0,1,0,0,0,1,2,0,0,1,0,2,1,1,1,0,0,3,1,0,2,0,0,0,0,2,0,0,1,2,0,0,1,4,0,0,1,3,0,2,1,0,0,2,1,3,0,0,1,4,0,0,0,2,3,0,0,1,0,0,1,0,0,0,1,0,0,1,0,0,0,0,0,1,0,2,0,0,0,0,1,0,1,0,0,0,0,1,0,4,2,1,0,0,0,0,2,0,0,0,1,0,0,0,0,0,1,0,0,0,0,0,6,2,0,0,0,0
2,1,1,0,0,0,0,0,0,0,0,0,1,0,0,0,0,2,0,0,0,0,0,0,0,0,5,0,0,2,2,0,3,0,0,3,0,0,0,0,0,1,0,0,0,0,0,0,0,0,0,0,0,0,0,0,0,0,0,0,0,1,0,0,0,0,0,0,0,0,0,0,0,0,0,0,0,1,0,0,1,0,0,1,2,1,3,0,1,0,0,0,0,0,0,0,1,0,0,0,0,3,0,0,0,0,1,0,0,0,0,0,0,1,3,0,0,0,0,0,4,0,0,0,0,0,0,1,0,1,0,5,0,0,0,0,1,0,0,0,0,1,1,1,0,1,0,0,0,0,0,0,0,0,0,4,0,0,0,0,0,0,0,0,0,0,0,0,1,0,0,4,0,0,1,3,0,0,0,0,0,1,0,4,0,0,0,2,0,0,0,0,0,1,0,0,0,0,0,0,0,1,0,0,0,2,1,0,2,0,0,0,0,1,0,1,0,0,2,0,1,0,0,0,0,0,0,0,2,0,0,0,0,0,1,0,1,0,2,0,0,0,0,0,0,0,0,2,0,0,3,2,0,0,0,0
0,0,0,0,0,0,1,0,0,0,0,0,0,0,0,1,0,3,0,0,0,0,0,0,0,0,3,0,0,3,1,2,2,0,1,3,1,0,0,0,0,0,0,0,0,2,0,1,0,0,0,0,0,0,0,0,0,1,0,0,0,0,0,0,0,0,0,0,0,0,1,1,0,0,0,0,1,4,0,0,1,0,1,8,1,0,1,0,0,2,0,2,0,2,0,0,2,1,0,0,0,2,0,1,0,0,1,0,0,0,0,0,0,3,2,2,0,0,0,0,2,0,0,0,2,0,2,0,0,1,1,3,0,1,3,0,1,0,0,2,0,2,2,0,0,0,2,0,0,1,0,0,0,0,0,2,0,1,2,0,2,0,0,0,0,0,0,0,0,1,0,2,0,0,0,4,0,0,1,2,1,0,0,2,0,0,2,1,2,0,0,0,0,0,0,0,1,0,0,3,0,1,1,0,1,4,2,0,1,0,0,0,0,0,0,0,1,0,1,1,0,0,0,0,0,0,0,2,3,0,0,1,0,1,0,0,0,0,1,0,0,0,0,0,0,0,0,1,0,0,3,0,0,0,1,0
1,0,3,0,0,1,1,0,1,0,1,0,0,0,1,0,2,2,0,0,0,1,0,0,0,4,8,0,0,7,1,0,1,0,0,3,1,0,1,2,1,0,0,0,0,2,0,0,0,0,0,0,0,0,0,0,0,1,0,1,0,0,0,0,0,0,0,0,0,1,0,1,0,1,2,0,0,1,0,1,1,1,0,0,1,0,0,0,2,0,0,0,2,0,0,0,0,0,0,0,0,0,1,0,1,0,0,0,1,2,0,0,0,1,2,0,0,0,1,0,2,0,0,0,0,0,1,0,1,2,1,2,0,0,1,0,0,1,0,0,1,2,0,0,0,1,1,0,0,0,0,0,1,1,0,2,0,0,1,0,0,0,2,0,1,0,7,1,1,1,0,2,4,2,0,2,0,0,1,0,1,0,1,4,0,0,0,2,0,1,0,0,0,0,1,0,0,0,2,0,1,1,0,0,0,2,1,1,3,0,0,0,1,0,0,1,2,0,1,1,3,1,0,3,0,0,0,0,2,0,0,0,0,0,2,1,0,0,3,0,0,0,0,0,1,0,0,1,0,1,6,1,0,0,0,1
3,0,0,0,2,0,0,0,1,0,0,0,0,0,0,1,1,0,0,0,1,0,0,0,0,3,8,1,1,7,0,0,2,0,0,3,1,0,0,2,1,0,0,0,0,1,0,0,0,0,1,1,0,0,0,0,0,0,0,0,0,1,1,0,0,0,0,0,0,0,0,0,0,0,0,0,0,3,0,0,0,0,0,1,0,0,3,0,0,0,0,0,0,0,1,0,0,0,2,0,2,2,1,0,0,3,0,0,0,2,0,0,0,0,3,0,0,0,0,0,2,0,0,0,0,0,0,0,1,0,0,4,0,0,0,0,0,0,1,0,0,0,0,1,0,0,2,1,0,0,0,0,0,0,0,3,0,1,2,1,0,1,0,0,0,1,1,1,0,1,0,3,0,0,1,3,0,0,0,0,0,1,2,3,0,0,0,3,1,1,0,0,1,2,0,0,4,0,0,1,0,2,1,0,0,2,2,0,3,0,0,0,0,3,0,4,1,2,0,1,3,0,0,1,3,0,0,0,3,0,0,0,2,0,0,0,0,0,2,1,0,1,0,0,0,0,4,1,0,1,6,2,0,0,1,0
2,0,0,0,0,0,0,0,1,0,0,0,0,1,0,2,0,0,0,0,0,0,0,0,0,1,5,0,1,0,0,1,0,0,1,1,1,0,2,1,0,1,1,1,0,0,0,1,0,0,1,0,0,0,0,0,0,0,1,0,0,0,0,0,0,0,1,0,0,0,0,0,0,1,0,0,1,0,0,0,1,0,0,2,3,0,1,0,0,0,0,1,0,1,0,0,0,3,1,0,0,0,0,1,0,0,1,0,0,1,1,0,0,1,3,1,0,0,1,1,3,0,1,1,1,2,0,1,0,1,0,3,0,0,1,0,1,0,0,0,0,0,0,0,0,0,1,0,0,0,0,1,0,0,0,3,0,0,0,0,0,0,0,1,0,0,0,0,1,0,0,4,0,0,2,3,0,0,0,0,1,2,0,3,0,0,0,3,0,0,0,0,0,0,0,0,2,1,0,3,0,2,0,0,0,2,0,0,1,0,0,0,2,1,0,0,0,2,1,1,1,0,0,0,0,4,0,0,2,0,0,0,0,1,0,0,1,0,2,0,0,0,0,0,0,1,0,1,0,1,2,1,0,0,0,0
0,0,2,0,0,0,1,1,2,0,0,0,1,0,1,1,1,1,1,0,0,0,0,0,0,1,5,1,1,1,0,1,0,0,1,0,0,0,1,2,0,0,0,0,0,2,0,0,0,0,1,0,0,2,0,0,0,0,0,1,0,0,0,0,0,0,0,1,0,0,0,0,2,0,0,0,0,0,0,1,0,1,0,2,3,1,0,0,1,2,2,0,0,0,0,0,2,0,0,1,2,0,1,1,0,0,0,0,1,4,0,0,1,1,3,0,0,1,1,1,2,0,0,3,0,0,0,0,0,0,0,4,0,1,0,0,2,0,0,0,1,1,0,0,1,2,0,0,0,0,2,0,0,0,0,3,0,0,1,0,0,0,0,0,0,0,0,0,1,0,0,3,0,2,1,3,0,0,0,0,1,2,0,3,0,0,0,4,0,0,1,0,1,0,0,0,1,0,3,0,0,1,0,0,0,1,1,0,1,0,1,0,0,1,0,0,0,0,0,0,1,0,0,0,1,0,0,0,2,0,0,0,0,0,1,0,1,0,2,2,0,0,1,0,1,1,0,2,0,0,3,1,0,1,1,0
3,0,0,0,0,0,0,0,1,0,0,0,0,0,0,0,0,2,1,0,0,0,0,0,0,0,8,1,0,8,1,2,0,0,0,2,0,0,0,1,0,0,0,0,0,0,0,1,0,2,1,0,0,0,0,0,0,0,0,1,0,0,0,0,0,0,0,0,1,0,0,0,0,2,0,0,1,2,1,0,0,0,1,7,2,0,0,1,1,0,0,1,1,1,0,0,4,0,0,1,0,5,0,2,0,1,2,0,1,0,0,0,0,1,2,2,0,0,0,1,3,0,0,0,1,4,0,0,0,2,0,4,0,4,3,0,2,1,0,0,0,0,2,2,0,1,2,3,0,0,0,0,1,1,0,4,0,0,3,0,0,0,0,0,0,0,2,0,0,0,1,4,1,1,1,4,0,0,0,0,0,0,2,4,0,0,0,2,0,0,0,0,0,0,0,2,1,0,2,1,0,1,1,1,0,3,1,1,1,1,0,0,1,3,1,0,0,1,1,0,0,0,0,1,1,1,0,0,2,0,0,0,0,1,1,0,0,0,2,0,0,0,4,0,0,0,0,0,0,0,3,1,0,0,0,0
2,0,1,0,3,1,0,0,0,1,0,0,0,0,0,2,0,1,1,0,0,1,0,0,0,0,6,1,2,5,1,1,0,0,0,2,2,0,1,0,0,1,2,0,0,0,0,0,1,0,0,1,0,0,0,0,0,0,0,0,0,2,0,1,0,0,0,0,0,0,0,0,0,0,0,0,1,3,0,0,2,0,0,2,7,0,0,1,1,0,0,4,0,0,0,0,0,0,0,1,0,0,0,0,0,2,0,0,0,1,0,0,0,0,3,1,0,0,1,0,4,0,0,0,0,0,0,0,0,0,0,4,0,0,0,0,0,0,0,0,0,0,1,0,0,0,1,0,0,0,0,0,0,0,0,4,0,0,0,1,0,0,0,0,1,0,0,0,2,0,2,4,0,0,2,3,0,0,0,0,0,0,0,3,0,0,0,4,1,0,0,0,1,0,0,0,0,0,0,2,0,1,1,0,1,1,1,0,1,0,0,0,0,2,0,0,0,1,0,0,1,0,0,0,0,0,0,1,0,0,0,0,1,0,0,0,0,0,1,0,0,0,0,0,0,0,0,0,0,0,3,0,0,0,0,0
1,0,0,0,0,0,0,0,0,0,0,0,0,0,0,0,0,1,2,0,1,2,0,0,0,0,6,0,0,1,1,0,1,0,0,2,0,0,0,0,0,0,0,0,0,0,0,0,0,0,0,0,0,0,0,0,0,0,0,0,0,0,0,0,0,0,0,0,0,0,0,0,0,0,0,0,0,1,0,0,2,0,0,0,5,0,0,0,2,0,0,0,1,0,0,0,1,1,0,1,0,1,0,0,2,0,1,0,0,1,0,0,0,1,3,0,0,0,2,0,3,0,0,0,0,1,0,1,1,0,1,3,0,0,0,0,0,0,0,0,0,0,0,0,0,0,0,0,0,0,0,0,0,0,0,3,0,0,0,0,2,2,1,1,1,0,0,0,1,0,0,4,0,1,1,3,0,0,0,0,0,0,0,3,0,0,0,3,0,1,1,0,0,1,1,0,2,1,0,2,0,1,0,0,0,3,2,1,2,0,0,0,1,0,0,0,2,2,1,0,0,1,0,2,1,0,0,1,1,0,0,0,0,0,0,1,0,0,1,0,0,0,0,0,0,0,0,1,1,1,3,0,0,1,0,2
1,0,1,0,0,2,0,0,2,0,0,0,0,1,0,0,0,0,1,0,0,0,0,2,1,2,5,0,1,2,0,2,0,0,1,1,3,0,1,1,2,0,0,0,0,0,0,0,0,2,0,0,0,1,0,0,1,0,0,0,0,1,0,1,1,0,0,1,0,0,0,0,0,0,0,0,0,1,0,0,0,1,1,6,3,1,0,0,0,1,0,0,3,2,0,0,1,0,0,0,0,2,0,2,1,1,0,0,0,2,0,1,0,0,2,2,0,0,0,0,2,0,0,0,2,1,0,0,0,0,0,3,0,1,1,0,3,1,0,0,0,0,1,0,1,1,3,0,0,0,0,0,0,0,1,2,0,1,0,0,1,2,0,1,3,0,1,1,4,0,0,2,0,1,1,4,0,2,0,0,2,2,0,2,1,1,1,2,0,0,0,0,0,0,0,0,0,0,0,2,0,1,1,0,0,4,0,0,0,1,0,0,0,0,0,0,0,0,0,0,1,2,1,0,0,0,0,3,3,6,0,0,0,1,1,1,0,0,0,0,0,0,1,0,0,0,0,1,0,1,5,1,0,0,0,0
0,0,0,0,0,0,2,0,2,0,0,0,0,3,0,0,0,0,1,0,0,0,0,0,0,0,3,1,0,0,0,2,0,0,0,2,0,0,0,2,0,0,0,0,0,0,0,0,0,0,1,0,0,0,0,0,0,0,0,0,0,1,0,1,0,0,0,0,0,0,1,0,0,1,0,0,0,0,1,0,1,0,0,9,2,0,1,0,0,2,0,0,2,2,0,0,0,1,0,0,0,0,0,2,0,1,0,1,0,0,1,0,0,1,2,2,0,0,0,0,2,0,0,0,3,4,0,0,1,2,0,2,0,2,0,0,0,0,0,0,2,1,2,0,1,0,2,0,0,0,0,0,0,0,0,2,0,0,1,0,0,0,0,0,0,0,0,0,0,0,0,2,1,1,0,2,0,0,0,0,0,0,0,2,0,0,0,2,0,0,0,0,0,0,0,0,0,0,0,3,0,0,0,0,0,3,1,1,0,0,0,0,1,0,0,0,0,0,1,1,2,0,0,0,0,0,0,0,4,1,1,0,0,0,2,1,1,0,3,0,0,0,0,0,0,0,0,0,0,1,2,0,0,0,0,0
1,0,0,0,1,0,0,1,0,0,1,0,1,0,0,0,0,2,0,0,0,0,1,0,0,1,4,0,1,1,0,2,0,1,2,0,1,1,0,2,0,0,0,0,0,0,1,0,0,0,2,0,0,1,0,0,0,0,0,1,0,1,0,0,0,0,0,0,2,0,0,0,0,2,1,1,0,2,1,1,2,1,0,8,2,0,2,0,0,1,0,0,0,3,0,0,3,2,0,0,2,1,0,1,0,0,0,0,0,0,0,0,0,0,2,2,0,0,2,0,2,0,0,0,2,0,0,0,1,0,0,3,0,2,0,0,1,1,0,0,0,0,3,0,0,0,2,1,0,0,0,0,0,0,0,2,0,0,0,0,2,0,0,0,0,0,0,0,0,0,0,3,0,1,0,4,0,0,1,0,0,1,0,6,0,0,0,2,0,0,1,0,0,0,0,0,1,2,0,3,0,2,0,0,0,2,2,0,0,0,1,0,0,0,0,0,0,0,0,0,2,0,0,1,0,0,0,1,2,0,0,0,0,1,0,0,1,1,1,0,0,0,2,0,0,0,0,0,0,0,2,2,0,0,0,0
0,0,0,1,0,0,0,0,1,0,0,0,0,0,0,0,0,2,2,0,1,0,0,0,0,2,5,1,4,0,1,2,0,0,0,0,0,0,3,2,0,1,0,1,0,0,1,0,0,0,1,0,1,1,0,0,0,0,0,0,0,0,0,0,0,0,0,0,0,0,0,0,0,1,2,0,1,1,0,2,0,0,0,6,1,0,0,1,1,1,0,0,0,2,0,0,2,0,1,0,0,0,0,1,1,4,0,0,0,1,1,0,0,0,3,2,0,3,1,2,2,0,1,0,3,2,0,0,1,0,0,3,0,2,0,0,1,1,1,0,2,0,2,0,0,0,2,0,0,0,0,1,0,0,0,2,0,0,1,0,0,0,0,1,1,0,0,0,1,0,0,2,0,1,1,3,0,0,0,0,0,0,1,2,0,0,0,2,1,0,0,0,0,2,2,1,0,0,1,3,0,0,0,0,0,4,2,1,0,0,1,0,0,0,0,0,0,0,0,0,2,0,1,0,1,1,0,2,4,0,0,0,0,2,0,0,2,0,1,0,0,0,1,0,0,0,0,0,0,0,1,0,0,0,0,0
1,0,0,0,0,0,0,0,0,0,0,2,0,0,0,0,0,1,1,0,0,0,0,0,0,0,7,0,5,1,1,2,3,0,1,1,2,0,0,0,0,0,0,0,0,0,0,0,0,0,1,0,0,0,0,0,0,0,1,0,0,0,0,0,3,1,0,0,0,1,0,0,0,2,0,0,0,0,0,0,0,0,1,6,5,0,0,0,2,2,0,0,0,2,0,0,0,0,0,0,0,2,0,1,0,0,0,0,0,1,1,2,0,1,4,2,0,0,0,0,1,0,0,0,2,1,0,0,1,0,0,2,0,3,0,0,1,2,0,0,0,1,1,1,0,1,2,0,1,0,1,1,0,0,0,2,0,1,3,1,1,0,2,0,2,0,0,0,1,0,1,4,0,0,0,4,0,0,0,0,3,3,0,2,0,0,1,3,0,0,1,0,1,0,1,0,0,0,0,2,0,2,2,0,0,2,0,1,0,1,0,0,0,0,0,0,0,0,0,0,0,0,0,1,0,0,2,0,1,0,0,0,0,0,0,0,2,2,2,0,0,0,3,0,0,0,0,0,0,0,1,0,0,0,0,0
1,0,0,0,4,0,0,0,0,0,0,0,0,0,1,0,0,0,0,0,0,0,0,0,0,0,7,0,0,0,0,1,3,0,0,2,2,0,1,2,0,2,0,0,0,0,0,1,0,1,0,0,0,1,0,0,0,0,2,2,0,0,0,1,0,0,0,0,0,0,0,0,0,0,0,2,1,1,0,0,0,0,0,2,3,0,0,0,1,0,0,2,0,1,0,0,2,1,0,0,0,2,0,0,1,0,0,0,0,1,0,1,0,0,3,1,0,0,1,0,3,2,0,2,0,1,0,2,0,0,0,4,1,1,0,0,0,0,0,0,0,0,1,1,0,0,1,1,0,0,0,0,0,0,0,3,0,0,0,1,0,0,0,0,2,0,0,0,1,0,0,4,1,0,2,3,0,0,0,0,0,3,1,3,0,0,0,3,1,0,0,1,0,1,1,0,1,0,1,1,0,2,0,1,1,1,0,0,2,1,1,0,0,0,0,0,0,1,0,0,1,1,0,0,0,0,0,0,1,1,0,0,2,0,1,3,1,0,0,0,0,0,0,0,0,1,0,1,0,0,7,0,0,0,0,0
1,0,0,0,0,0,0,0,0,0,0,0,0,2,0,0,0,0,1,0,0,0,0,0,0,0,0,1,0,0,0,4,0,1,0,0,0,0,0,1,0,0,0,0,0,3,1,1,0,0,3,0,0,0,1,0,0,0,0,0,0,0,0,0,0,0,0,1,0,0,0,0,0,1,0,0,1,2,0,1,0,0,0,10,2,0,0,0,0,2,0,0,0,4,0,0,4,0,0,0,2,1,0,3,0,0,0,0,0,0,0,0,0,1,0,4,0,1,0,2,0,0,0,0,4,6,0,0,0,1,0,0,0,1,0,0,0,0,0,0,0,0,1,0,1,0,4,0,0,0,0,0,0,0,0,0,0,1,1,0,1,0,0,1,0,0,0,0,0,0,0,0,0,1,0,2,0,1,0,2,1,1,1,0,0,0,0,1,1,0,1,0,0,0,0,0,1,0,0,4,0,0,0,0,2,4,0,3,0,0,1,0,1,0,0,0,0,0,0,3,0,0,0,0,1,0,0,1,2,2,0,0,0,0,0,0,1,1,1,0,0,1,1,1,0,1,0,0,0,0,0,0,0,0,0,0
1,0,0,0,1,0,0,0,0,1,0,0,0,0,0,3,0,0,3,0,0,0,0,0,0,0,5,0,1,0,0,0,1,0,0,1,0,0,0,0,0,0,0,0,0,0,0,0,0,1,0,0,0,0,0,0,0,0,0,0,0,1,0,0,0,0,0,0,0,0,0,0,0,0,0,0,0,2,0,0,1,0,0,2,6,0,1,1,0,0,0,1,1,0,1,0,0,0,0,0,0,0,0,0,2,0,0,0,0,1,1,0,0,2,6,0,0,0,1,0,4,0,0,0,0,0,0,0,0,1,0,4,0,0,0,0,2,0,0,0,0,0,0,1,1,0,0,1,0,0,0,0,0,0,0,4,0,0,1,0,0,0,0,1,0,0,3,0,2,1,0,4,0,0,0,4,0,0,0,0,0,1,0,5,0,0,0,4,0,0,1,0,0,0,0,0,0,0,0,2,0,0,0,0,0,1,0,0,0,0,0,0,0,0,0,1,0,0,0,0,1,0,0,0,0,0,0,0,0,0,0,0,0,0,0,0,0,0,3,0,0,0,0,0,0,0,0,0,0,0,3,0,0,0,0,0
0,0,0,0,1,1,0,0,0,0,0,0,0,0,0,0,0,0,1,0,0,1,0,0,0,0,4,0,1,2,0,2,1,0,1,1,1,1,0,0,0,0,0,0,0,0,1,1,0,0,1,0,0,1,0,0,0,0,0,0,0,1,0,0,0,0,1,0,1,0,0,0,0,3,0,0,2,1,1,0,0,0,1,6,3,0,0,0,0,1,0,2,1,3,1,0,2,1,1,0,0,0,0,1,0,0,0,0,0,0,1,1,0,0,3,2,0,0,1,0,2,0,0,0,2,3,1,0,0,0,0,2,0,0,0,1,1,1,0,0,0,0,0,0,0,1,2,0,0,0,0,1,0,0,0,2,0,1,0,1,0,0,0,0,0,0,0,0,1,0,1,2,0,0,2,2,0,0,0,1,0,1,1,3,0,0,0,2,0,0,1,0,0,1,0,1,0,0,1,2,0,0,3,0,0,3,0,2,2,0,0,0,0,1,0,0,0,0,0,0,0,1,0,0,0,0,0,0,3,0,0,0,0,1,2,0,0,0,0,0,1,1,0,0,0,0,0,1,0,0,1,0,0,0,0,0
0,0,4,0,4,0,0,1,0,0,1,0,1,1,0,0,0,0,0,0,0,0,0,0,0,0,3,1,2,0,0,2,1,0,0,2,1,0,0,1,0,0,0,0,1,0,0,0,1,0,1,0,0,0,0,0,1,0,0,0,0,0,0,0,0,0,0,0,0,0,1,0,0,6,0,0,1,2,0,0,1,0,0,6,3,1,1,0,1,2,0,2,0,2,0,0,1,0,0,0,0,0,1,2,1,0,0,0,2,0,0,0,0,0,2,3,0,2,1,0,2,0,0,0,2,2,1,0,1,1,1,1,0,1,0,0,0,0,0,1,1,0,1,0,0,0,3,0,0,0,0,0,1,0,0,1,0,0,1,0,0,1,0,1,1,0,0,1,0,1,0,1,2,1,1,1,0,0,0,0,1,1,0,1,0,0,0,1,0,0,0,0,1,0,0,0,1,0,0,3,0,0,1,0,1,2,0,3,0,1,1,1,1,0,0,1,1,0,2,1,1,1,0,0,0,0,0,1,1,1,1,0,0,0,0,0,1,0,0,0,0,0,0,0,1,0,0,0,0,1,4,1,0,0,0,0
0,0,1,0,2,0,0,0,0,0,0,1,0,0,1,2,1,1,1,0,0,0,1,0,0,0,5,0,5,0,0,1,0,0,0,1,2,0,0,2,2,0,1,0,0,0,1,0,1,0,2,0,1,1,0,0,0,0,0,0,0,0,0,0,0,0,0,0,0,0,1,0,0,1,0,0,0,1,0,0,0,0,0,4,1,1,0,0,0,0,1,0,0,1,0,0,1,0,0,0,0,1,0,1,0,0,0,0,0,0,0,0,0,1,3,1,1,2,0,0,2,0,0,0,1,2,1,0,1,0,1,3,0,0,0,0,1,1,0,0,0,0,1,1,0,0,2,2,0,0,0,0,0,0,0,4,0,1,2,0,0,0,0,0,0,0,0,0,1,0,0,4,0,0,2,4,0,0,0,0,3,1,0,3,0,0,0,4,0,0,0,0,1,0,0,0,0,1,0,1,0,1,0,0,2,1,0,0,0,1,0,0,1,0,0,0,1,1,0,2,1,0,0,0,0,1,1,1,1,0,0,0,0,0,0,0,1,0,2,0,0,0,0,1,0,0,0,0,0,0,0,0,0,0,0,0
0,0,1,0,2,0,0,1,0,1,0,0,0,0,0,0,1,0,0,0,0,0,0,0,0,0,7,0,1,0,0,0,2,0,1,2,0,0,0,3,0,2,0,1,0,0,0,0,0,2,0,0,0,1,1,0,0,1,0,0,0,1,0,1,0,0,0,0,0,0,0,0,0,0,0,0,0,0,0,0,0,0,0,0,2,1,0,0,1,0,2,1,0,0,0,0,1,0,0,0,1,2,0,1,0,0,1,0,1,4,0,0,1,1,3,0,0,2,0,1,2,0,0,0,0,1,2,1,0,0,1,4,0,0,1,0,1,0,0,0,0,0,0,0,0,1,0,0,0,0,1,0,0,0,0,3,0,1,1,0,1,0,1,2,0,0,0,1,1,0,1,4,1,0,2,2,0,0,1,0,1,1,0,3,1,0,0,3,0,0,1,0,0,1,0,0,0,0,1,0,0,1,1,0,0,0,0,0,0,0,0,0,1,0,0,2,0,0,0,0,0,0,1,0,0,2,0,0,3,0,0,0,0,0,3,0,0,1,3,0,0,0,2,1,0,0,0,2,1,0,3,1,0,0,1,0
0,0,0,0,2,1,0,0,0,0,0,0,0,0,0,0,2,0,2,0,0,0,1,0,0,1,3,0,1,3,2,2,1,1,0,1,1,0,0,1,0,0,0,0,0,2,1,0,0,0,0,0,0,0,0,0,0,0,0,0,0,1,0,0,0,0,0,0,0,0,0,0,0,1,0,0,0,0,1,0,1,0,0,4,4,0,1,0,0,0,0,0,0,1,0,0,2,1,0,0,2,5,0,0,0,0,2,0,0,2,0,1,0,0,2,2,0,0,0,1,2,0,0,0,1,5,0,2,0,1,0,3,0,0,0,0,1,0,0,0,0,0,1,0,0,2,1,1,0,0,0,0,0,0,0,3,0,1,0,0,1,2,0,0,0,0,0,0,0,0,0,2,0,0,0,2,0,0,0,0,1,2,1,3,0,0,1,2,0,0,1,0,0,0,0,1,1,0,0,2,0,1,0,0,0,2,1,0,1,0,1,0,0,0,0,1,0,0,0,0,1,0,0,0,0,0,0,0,0,0,0,0,0,0,0,0,0,0,0,0,0,0,1,0,0,0,0,2,0,0,1,0,0,0,0,0
0,0,0,0,0,0,0,0,1,2,0,0,0,0,2,2,0,1,0,0,0,0,0,1,0,0,7,0,1,1,0,0,1,0,0,2,2,0,0,1,0,0,0,0,0,0,0,0,1,0,0,0,0,1,0,0,0,0,0,2,0,2,0,0,0,0,0,0,0,0,0,0,0,0,0,0,0,2,0,0,0,0,0,2,4,0,2,1,0,0,0,2,1,0,2,0,0,0,0,0,0,1,0,0,0,2,0,0,0,4,0,0,0,1,5,0,0,0,0,1,4,0,0,0,0,0,0,0,0,0,0,4,0,0,0,0,0,0,0,0,0,1,0,0,0,0,0,0,0,0,0,0,0,0,0,4,1,0,0,0,1,0,0,0,0,0,0,0,1,0,0,4,0,1,0,4,0,0,0,0,0,1,1,4,1,0,0,4,0,0,0,0,0,0,2,0,0,0,0,2,0,1,1,0,0,1,1,0,1,1,0,0,0,1,0,2,0,0,0,0,2,0,0,0,0,0,0,0,1,0,0,1,2,0,2,0,0,0,0,0,1,0,0,1,0,0,0,0,0,0,5,4,0,0,0,0
4,0,0,1,1,0,0,0,0,0,1,0,0,0,0,3,0,2,1,0,0,0,1,1,0,0,8,1,1,2,0,1,1,0,0,1,0,0,0,1,0,1,0,0,0,0,0,0,0,0,0,0,0,0,0,0,0,0,0,0,0,0,0,0,0,0,0,0,0,0,0,0,0,0,0,0,0,2,0,0,2,0,0,3,4,0,0,0,0,1,0,1,0,0,0,0,0,0,0,0,1,1,0,1,1,0,0,0,0,0,1,0,0,1,3,0,0,0,1,0,1,0,0,0,0,1,1,1,1,0,1,4,0,0,0,0,1,0,0,0,0,1,0,1,0,0,0,0,0,1,0,0,0,0,0,4,0,1,1,0,0,0,0,0,0,1,0,0,1,0,1,4,0,2,0,3,0,0,2,0,3,1,0,4,0,0,0,4,1,0,0,1,0,0,1,0,1,0,0,1,0,1,1,0,1,4,3,0,2,0,0,0,0,0,0,0,1,1,1,0,0,0,0,1,1,0,0,1,4,1,0,0,0,0,0,0,0,0,3,0,0,0,0,0,0,0,0,0,0,0,3,0,0,0,1,0
1,0,0,0,0,1,0,0,0,0,0,0,0,0,0,1,0,0,1,1,0,0,0,0,0,0,2,0,0,0,0,3,0,0,1,1,1,0,0,0,0,0,0,0,0,3,1,0,0,0,1,0,0,0,0,0,0,0,0,0,0,0,0,0,0,0,0,0,0,0,1,0,0,1,0,0,0,1,0,0,1,0,1,7,4,2,1,0,0,3,0,0,0,3,0,0,0,0,0,0,2,4,0,2,0,1,1,1,0,0,0,0,0,2,1,3,0,0,0,0,1,0,0,0,2,4,0,0,0,1,0,2,0,0,0,0,1,0,0,1,0,0,1,0,1,0,4,0,1,0,0,0,0,0,0,3,0,1,1,0,0,0,0,0,0,0,0,0,0,0,0,1,0,0,0,1,0,1,1,0,0,0,0,1,0,0,0,2,0,0,1,0,0,0,1,1,1,0,0,3,0,1,1,0,0,4,0,0,1,0,0,0,0,0,0,0,0,0,0,0,0,0,0,0,0,0,1,0,3,1,0,0,0,0,1,0,1,0,0,0,0,0,2,0,2,1,0,1,0,1,0,0,0,0,0,1
0,0,0,0,0,0,0,1,0,1,0,1,0,1,0,2,0,0,2,0,0,1,1,1,0,0,7,0,2,5,0,1,0,0,0,1,0,1,0,1,0,0,0,0,0,0,2,0,0,0,3,1,0,0,0,0,0,0,0,0,0,3,0,2,1,0,0,1,0,0,0,0,0,2,0,0,0,3,2,0,1,0,0,7,5,0,1,0,0,0,1,0,2,1,2,0,2,1,0,0,0,3,0,0,0,0,0,1,0,1,1,0,0,0,4,1,0,0,0,1,2,0,0,2,1,2,1,0,0,0,0,4,0,2,0,0,1,0,0,0,0,0,1,1,1,0,2,1,0,0,0,0,1,0,0,4,0,1,2,1,1,0,0,0,1,0,5,2,0,0,1,3,0,1,0,3,0,0,0,0,1,1,1,3,0,0,1,3,1,0,0,0,0,0,0,0,1,0,1,1,0,0,0,0,1,3,0,1,0,0,0,0,0,0,0,1,0,0,1,1,0,1,0,0,1,0,0,1,0,1,0,0,0,0,2,0,0,0,0,0,0,2,0,0,0,0,0,0,0,0,8,7,0,0,0,0
0,0,2,0,2,1,0,0,1,0,1,0,3,1,0,1,0,2,0,0,0,0,0,0,0,0,1,0,1,1,0,1,2,0,1,2,2,0,0,1,2,0,1,0,0,0,0,0,0,0,2,0,0,0,0,1,0,0,0,0,1,1,1,0,0,0,0,1,0,0,0,0,0,1,0,0,0,1,0,0,0,0,0,4,2,1,2,0,0,0,0,0,0,1,0,1,0,1,0,0,0,0,0,1,0,0,1,1,0,0,0,0,0,0,1,1,0,0,0,0,1,0,0,1,2,1,0,0,0,1,1,3,0,0,0,0,4,0,0,1,0,0,2,0,0,1,2,0,0,0,0,0,0,1,0,4,0,0,2,0,0,0,0,2,1,0,0,0,0,0,0,4,0,0,2,1,0,0,0,0,1,1,1,2,1,0,0,2,0,1,0,0,0,0,0,0,0,0,0,0,0,2,0,0,1,2,0,1,2,0,0,0,0,0,0,1,0,0,0,0,0,0,0,0,0,0,1,0,2,0,0,1,0,1,2,0,1,0,0,0,0,0,0,0,0,0,0,0,0,1,1,0,0,0,0,0
1,0,0,0,0,0,0,0,0,0,0,0,1,0,0,0,1,0,0,0,0,0,0,0,0,0,0,0,0,1,0,4,1,1,2,0,0,1,0,1,0,0,0,0,0,2,1,1,0,0,0,0,0,0,0,0,0,0,0,0,0,0,0,0,0,1,0,0,0,0,0,0,0,3,0,0,0,5,1,1,0,0,0,12,1,0,0,0,0,2,0,0,0,3,0,0,2,0,0,0,0,0,0,2,1,1,0,0,0,0,0,1,1,0,0,4,0,0,0,0,0,0,0,0,3,1,0,0,0,0,0,1,0,2,0,0,0,0,0,0,0,0,2,0,0,0,4,0,0,0,0,1,0,0,0,1,0,1,1,0,2,0,0,0,1,0,1,0,1,0,1,0,1,0,0,2,0,1,0,1,2,1,1,0,0,0,0,1,1,0,0,0,0,0,0,1,0,0,0,4,0,1,0,0,1,5,0,1,1,0,0,0,0,0,0,0,0,0,0,0,0,0,1,0,1,0,0,2,5,0,0,0,0,2,0,0,0,0,0,0,0,0,2,0,0,0,0,0,0,0,0,0,0,0,0,0
0,0,0,0,4,0,0,0,3,0,0,0,0,0,1,0,1,0,0,0,2,0,0,0,0,1,9,0,2,0,0,1,1,0,0,3,1,0,0,3,3,0,0,1,1,1,0,0,1,0,0,0,0,0,0,0,1,0,0,1,0,0,0,0,0,0,0,0,0,0,1,0,0,1,0,0,0,0,0,0,0,0,0,3,2,1,0,0,0,0,0,0,0,1,0,0,0,0,0,0,0,1,2,1,1,1,0,0,0,0,0,3,0,0,3,1,0,0,1,0,4,0,0,0,1,2,0,0,1,1,0,4,1,0,0,1,1,0,0,0,0,0,1,1,0,0,1,2,2,0,0,3,1,0,0,3,0,0,3,0,0,0,0,0,0,0,1,0,0,1,0,3,0,2,0,3,0,0,0,2,0,1,0,3,0,0,0,3,1,0,0,0,2,0,0,0,1,0,3,2,0,0,2,0,1,2,2,1,1,2,1,0,1,1,0,0,1,1,0,0,0,0,0,1,0,1,0,0,2,0,0,0,0,0,1,0,0,2,0,0,0,0,2,0,0,1,0,1,0,0,0,0,0,0,0,0
0,0,0,0,1,1,0,0,1,0,0,0,2,0,0,0,0,0,1,0,0,2,0,0,0,0,4,1,1,0,0,2,1,0,0,2,1,1,0,3,0,0,1,0,0,2,0,0,0,0,1,0,1,0,0,1,0,0,0,0,0,0,0,0,1,0,0,0,0,0,1,0,0,2,0,0,0,2,1,0,2,0,0,5,2,0,0,0,0,1,0,1,0,2,0,0,1,1,0,0,1,0,0,2,0,0,0,0,0,1,0,1,1,0,2,2,0,0,1,0,2,1,0,0,2,1,0,0,1,1,0,2,0,2,0,0,0,1,0,0,0,0,1,1,0,2,2,1,0,0,0,0,0,0,0,2,0,0,1,0,0,0,0,1,1,0,0,0,1,0,2,4,0,1,2,3,0,3,1,0,0,2,0,3,0,0,0,2,1,0,0,0,0,1,0,0,0,0,0,1,0,0,0,0,0,1,1,1,1,0,1,0,0,4,0,1,0,1,0,0,0,0,4,0,3,1,1,1,1,1,0,0,0,1,0,0,1,0,0,0,0,2,0,0,0,0,0,0,0,1,1,0,0,0,0,0
0,0,1,0,0,0,0,0,0,0,0,0,0,0,0,1,0,0,3,0,0,1,0,0,0,1,3,1,1,1,1,2,0,0,1,0,0,0,0,1,0,1,1,1,0,0,0,0,0,0,0,0,0,0,0,0,0,0,0,0,0,1,0,0,0,0,0,0,0,0,0,0,0,1,0,0,0,2,0,0,0,0,0,6,4,2,0,0,0,1,1,0,0,3,0,0,0,0,0,0,0,0,0,0,1,1,1,0,0,1,0,0,0,1,2,2,0,0,1,0,1,0,0,1,1,0,0,0,0,0,0,2,0,0,0,0,1,0,0,0,0,0,0,1,0,0,2,0,0,0,0,0,0,0,0,3,0,1,0,0,0,0,0,0,0,0,2,0,1,0,1,2,0,1,1,3,0,0,0,0,0,4,0,2,0,0,0,3,0,0,1,0,0,0,0,0,0,0,0,1,0,0,1,0,0,3,0,1,1,0,1,0,0,0,0,2,0,1,0,0,1,0,0,0,0,0,0,0,1,1,0,0,0,0,0,0,0,0,2,0,0,0,0,0,0,0,0,0,0,0,1,1,0,0,0,0
1,0,0,1,0,0,0,0,3,0,0,0,0,0,0,0,0,1,1,2,0,1,1,1,0,1,9,0,0,1,0,1,2,0,0,3,2,0,0,1,0,1,0,0,0,0,0,2,0,4,0,0,0,5,0,0,0,0,0,2,0,2,0,0,0,0,0,0,0,0,1,0,0,2,2,0,1,4,0,0,0,1,0,3,2,0,1,0,0,0,0,1,0,1,1,0,2,0,0,0,1,0,0,0,0,0,0,1,0,1,0,0,0,1,3,2,3,0,0,0,4,0,0,0,0,2,0,1,0,0,0,4,0,0,0,0,2,1,0,0,0,1,0,1,1,1,1,1,0,2,2,0,0,0,0,3,1,1,3,0,0,0,0,1,0,0,0,0,5,0,1,3,0,1,1,3,0,1,0,0,0,3,0,5,0,0,0,4,0,0,0,0,0,2,0,0,0,0,2,3,0,2,0,0,0,1,3,0,3,1,1,0,0,4,2,1,0,0,2,0,2,1,1,0,0,3,0,0,6,0,0,0,0,0,0,1,2,0,1,0,0,0,0,1,0,1,0,1,1,0,10,0,0,0,0,0
3,0,0,0,0,0,0,0,0,0,0,0,0,0,0,0,0,0,2,0,0,0,0,0,0,0,3,1,1,3,1,3,0,1,0,0,0,0,1,1,0,0,0,0,0,0,1,1,0,0,1,0,0,1,0,0,0,0,0,0,0,0,0,0,1,0,0,0,1,0,0,0,0,1,0,0,0,0,0,0,0,1,0,5,2,0,1,0,1,1,0,0,0,2,0,0,1,0,0,1,0,2,0,1,2,0,0,0,0,0,0,0,0,3,1,3,0,0,0,0,2,0,0,0,2,2,1,1,1,0,0,3,0,0,1,1,1,0,0,0,0,0,2,0,0,0,4,0,1,0,0,0,0,0,0,2,0,0,2,0,0,1,0,0,0,1,1,1,0,0,0,1,0,0,0,2,0,0,0,1,0,2,0,1,0,0,0,3,0,0,0,0,0,0,2,0,1,0,0,3,1,0,0,0,0,5,1,0,2,0,1,0,0,1,0,0,0,0,0,0,2,0,0,0,0,0,0,0,4,1,0,0,0,1,0,0,1,0,3,0,0,0,0,0,1,0,0,0,0,1,3,0,0,0,0,0
2,0,0,0,1,1,0,0,2,0,0,0,1,0,1,0,0,1,0,0,0,2,1,0,0,0,4,1,0,2,1,1,1,0,0,0,1,0,0,2,0,1,0,0,0,0,0,1,0,0,0,1,1,0,0,0,0,0,0,0,0,0,0,0,0,0,0,0,1,0,0,0,0,0,0,0,0,2,1,0,1,0,0,3,3,0,0,1,1,0,0,0,1,2,0,0,0,0,1,0,1,0,1,0,0,0,0,0,0,1,1,0,0,0,2,1,0,0,0,1,2,1,0,0,1,1,1,0,1,0,1,2,0,1,0,0,0,0,0,0,0,0,0,0,2,1,1,0,0,1,0,0,2,0,0,2,0,0,2,0,0,0,1,0,1,1,2,0,2,0,1,3,0,0,1,3,0,1,0,0,0,0,0,2,0,0,0,2,0,1,0,0,0,0,0,0,0,0,0,3,0,0,0,0,0,3,0,0,0,0,0,1,1,0,0,0,1,0,0,0,1,1,0,0,0,0,0,0,3,2,0,1,0,1,1,0,1,0,1,0,0,0,0,0,0,0,0,0,1,4,2,0,0,0,2,1
0,0,0,1,1,0,0,0,0,0,0,0,0,0,0,3,0,2,0,0,1,2,0,0,0,0,4,1,2,2,1,2,2,0,0,2,0,0,0,2,0,0,1,0,0,0,0,0,0,1,0,0,0,0,0,0,0,0,0,1,0,1,0,0,0,0,0,0,0,0,0,0,0,0,1,0,0,3,1,0,1,0,0,7,2,1,1,0,0,1,0,0,0,1,0,0,0,0,0,0,0,0,0,0,2,0,0,0,0,1,0,0,0,0,4,1,0,0,0,0,2,0,1,0,0,1,0,0,0,1,0,4,0,0,0,0,0,0,0,0,0,0,0,1,0,1,1,3,0,0,0,0,0,1,0,3,0,0,3,0,0,0,0,0,0,0,0,0,2,1,2,3,1,0,0,2,0,0,0,0,1,0,0,3,0,0,0,3,0,0,0,0,0,1,0,0,0,0,0,1,0,2,0,0,0,3,1,0,0,1,1,0,1,0,0,0,0,1,0,0,1,0,2,1,1,1,0,1,1,0,0,1,0,0,1,0,0,0,1,0,0,0,0,0,0,0,0,1,1,0,2,1,0,0,1,0
0,1,0,0,3,0,0,0,1,0,0,1,0,0,1,0,0,0,2,0,0,1,0,0,0,0,6,0,1,4,2,2,2,0,0,2,1,0,0,1,0,2,0,0,0,0,0,0,0,1,0,0,1,2,0,0,0,0,0,0,0,1,0,0,0,0,0,0,0,0,0,0,0,0,0,0,0,2,0,0,1,0,0,6,3,0,0,0,0,1,1,1,1,2,0,0,1,0,0,0,0,2,0,2,0,0,0,0,0,1,0,1,0,1,3,3,0,0,0,1,1,0,0,1,2,2,0,0,1,2,0,3,0,1,0,0,1,0,0,1,1,0,2,0,0,1,2,0,0,0,0,0,0,1,0,3,0,2,2,0,0,0,0,0,0,0,3,1,2,0,0,2,1,2,0,2,0,1,0,0,0,4,1,2,0,0,0,1,0,0,0,0,1,0,0,0,2,0,0,3,1,0,0,0,0,2,1,1,1,1,0,0,1,1,0,0,0,1,1,2,0,0,0,0,0,0,0,0,4,1,0,0,0,0,0,0,0,1,0,0,0,0,3,0,0,2,0,0,0,0,0,0,0,0,0,0
0,0,0,0,0,0,0,0,6,0,0,0,0,0,0,1,0,1,2,0,0,0,0,1,0,1,7,0,1,0,0,1,0,0,0,1,0,0,0,1,0,0,0,0,0,0,0,0,0,0,1,0,0,0,0,0,0,0,0,0,0,1,0,0,0,0,0,0,0,0,0,0,0,1,0,0,1,2,0,0,2,0,1,4,4,0,0,1,1,1,0,0,1,1,0,0,1,0,0,1,1,0,0,1,2,0,1,0,0,0,0,0,0,2,4,1,0,0,1,0,1,0,0,1,1,0,0,0,0,1,1,4,0,1,1,0,1,0,0,0,0,0,1,0,0,1,1,1,0,1,0,0,0,0,0,3,0,1,1,0,0,0,0,2,1,2,0,1,2,0,0,3,0,0,1,5,0,0,0,0,0,1,0,3,0,0,2,3,1,0,1,0,0,1,1,0,2,0,0,2,1,1,2,0,0,3,1,0,3,0,1,0,0,2,0,0,0,1,1,0,2,1,0,0,1,0,0,1,1,0,0,0,0,1,0,0,2,0,2,0,0,0,1,0,0,1,0,2,0,0,4,0,0,0,0,1
1,1,0,0,0,2,0,0,1,2,0,0,0,1,0,0,0,0,2,0,0,0,1,0,1,0,4,1,2,4,1,2,1,0,0,1,0,0,0,0,1,0,0,0,1,0,0,0,0,0,0,0,0,1,0,0,0,0,0,0,0,0,0,1,0,0,0,4,0,0,0,0,0,0,0,0,0,2,2,1,1,1,2,10,2,0,0,0,0,2,0,1,0,2,1,0,0,0,0,0,1,1,0,0,1,1,1,1,0,1,0,1,0,0,2,2,1,0,0,0,2,0,0,0,2,0,0,0,1,0,0,3,0,1,0,1,0,0,0,0,0,0,0,0,0,0,2,0,0,0,0,0,0,0,0,2,0,0,0,0,4,0,0,1,2,1,1,0,2,1,1,3,0,1,0,5,1,1,0,0,0,1,0,2,0,0,1,3,0,0,0,0,0,2,0,0,2,0,1,2,0,1,2,0,0,4,2,1,1,0,1,0,0,0,0,1,2,2,0,0,0,0,0,0,0,0,0,0,2,0,0,0,0,1,0,0,1,0,0,0,0,0,0,0,0,0,0,0,0,0,3,0,0,0,0,0
2,0,0,0,0,0,0,0,1,1,0,0,0,0,0,2,0,1,0,0,1,0,0,1,0,0,8,0,2,3,1,0,1,0,0,2,2,0,0,2,0,0,0,0,0,0,0,0,0,0,0,0,0,0,0,0,0,0,0,1,0,0,0,0,0,0,0,0,0,0,0,1,0,0,0,0,0,5,0,0,3,0,0,1,3,0,0,0,0,0,0,0,1,0,0,0,0,0,0,1,0,1,0,0,2,0,0,0,0,2,2,0,0,0,4,0,0,0,3,0,4,1,0,1,0,0,0,0,1,1,0,4,0,0,1,0,1,0,0,0,1,2,0,0,0,1,0,0,0,0,0,0,0,2,0,4,0,0,2,0,0,0,0,0,0,0,1,0,0,0,0,5,0,0,0,4,0,0,0,0,0,0,0,4,0,0,0,4,0,0,0,0,0,0,0,3,0,0,1,0,0,0,2,1,0,0,1,0,1,1,0,0,0,1,0,0,0,0,0,0,0,0,0,1,0,0,0,0,2,0,0,0,0,0,1,0,1,0,2,0,0,0,1,0,0,1,0,0,0,0,3,1,0,0,0,0
1,0,0,0,1,0,0,0,1,0,0,0,0,0,1,4,0,2,0,0,0,0,0,0,0,2,6,0,1,1,0,1,1,0,0,2,0,0,0,2,1,0,0,0,0,0,0,0,0,0,0,0,0,0,0,0,0,0,1,0,0,1,0,0,0,0,0,0,0,0,0,0,0,0,0,0,0,1,0,0,0,0,0,2,2,1,0,0,0,0,0,0,1,0,0,0,1,0,0,0,0,3,0,0,1,1,0,0,0,0,0,0,0,0,4,1,1,0,1,0,3,0,0,0,0,0,1,0,0,1,0,4,0,0,0,0,2,0,0,0,0,0,0,1,0,0,0,0,0,0,0,0,0,0,0,4,0,0,0,0,0,0,0,0,0,0,0,0,1,0,2,3,0,0,0,3,0,0,0,0,0,0,0,4,0,0,0,4,1,0,1,1,0,0,0,0,1,0,0,2,0,1,0,0,0,2,1,0,3,1,1,0,0,1,0,2,0,0,0,0,3,0,1,0,0,0,0,0,2,0,0,0,0,0,3,0,0,0,1,0,0,0,0,0,0,1,0,1,0,0,5,2,0,0,1,0
2,0,0,0,0,0,0,0,2,0,0,0,0,1,0,0,0,0,3,0,0,0,0,0,0,0,4,3,3,4,1,3,2,0,0,2,0,0,1,2,1,1,1,0,0,3,0,2,0,0,1,2,0,1,0,0,0,0,1,0,0,1,0,0,0,0,0,0,0,0,1,0,0,2,0,0,1,2,1,0,0,0,1,12,2,0,0,0,0,2,0,0,0,2,0,1,0,0,0,0,2,1,0,2,0,1,0,0,0,0,1,0,0,3,1,3,1,0,0,0,1,0,0,1,2,6,0,0,1,0,1,3,0,0,0,1,0,1,0,0,0,0,0,0,0,0,3,0,0,0,0,0,0,0,0,2,0,0,2,0,0,0,0,1,0,0,0,0,1,1,0,1,1,0,0,3,0,2,0,3,0,2,2,2,0,0,0,2,0,0,0,0,0,0,0,0,0,0,1,3,0,0,0,0,0,4,1,0,0,1,2,0,0,0,1,0,0,3,0,1,2,0,0,0,0,0,1,1,1,0,0,1,0,0,1,0,1,0,2,0,1,0,0,0,0,1,0,0,0,2,2,1,0,0,0,0
0,0,0,0,0,0,0,0,0,1,0,0,0,0,1,1,0,0,0,0,0,0,0,0,0,0,2,3,1,1,0,3,0,0,2,0,0,0,3,2,0,0,0,0,0,1,1,1,1,0,1,0,0,1,0,0,0,0,2,0,0,1,0,0,0,0,0,0,0,1,0,0,0,1,0,0,0,0,0,1,0,0,0,5,3,0,1,0,0,0,0,0,2,1,0,0,0,2,0,0,2,0,0,0,0,0,0,0,0,2,0,0,0,0,1,2,0,0,0,0,2,0,0,0,1,5,0,0,1,0,0,3,0,0,0,1,1,0,0,0,0,0,1,1,1,1,1,1,0,0,0,0,0,0,0,4,0,0,0,0,3,0,0,0,0,0,1,0,1,0,1,2,1,0,0,2,0,1,0,0,0,0,0,3,0,0,0,3,1,0,0,0,0,0,0,0,0,0,0,2,1,0,0,0,0,4,0,1,1,0,1,0,0,0,0,1,0,0,1,0,1,0,0,1,0,0,0,0,2,1,0,0,0,0,0,1,0,0,0,0,0,0,2,0,2,0,0,0,0,0,1,1,0,0,0,0
1,0,0,0,0,0,0,1,0,1,1,0,0,3,0,0,1,0,1,0,0,0,1,0,0,1,3,1,2,0,0,1,1,0,0,1,0,0,0,1,0,3,0,0,0,1,0,0,0,0,2,0,0,0,0,2,0,0,0,0,0,0,0,0,0,0,0,0,1,0,0,0,1,1,0,1,0,1,1,1,4,0,0,3,2,0,1,1,0,0,0,1,0,1,0,0,1,0,0,0,1,1,0,1,0,1,0,1,0,0,1,1,0,0,3,1,1,0,2,0,1,0,0,0,1,1,0,1,0,0,0,3,0,0,0,0,2,0,0,0,0,0,0,0,0,0,1,0,0,0,0,0,1,0,0,2,0,0,0,1,0,1,0,0,0,1,0,0,1,1,0,4,0,0,0,2,0,0,0,0,0,0,0,2,0,0,1,3,1,0,1,0,0,0,0,0,0,1,0,0,1,1,2,0,1,1,2,0,2,0,0,1,0,1,0,1,1,2,0,1,1,0,0,0,0,0,0,0,1,0,0,0,3,0,0,1,0,0,1,0,0,1,0,0,0,0,1,0,0,3,0,0,0,1,0,1
3,0,0,0,2,0,0,0,0,0,0,0,0,0,0,2,0,1,1,0,0,0,0,0,0,0,6,0,1,2,0,0,2,0,0,3,2,0,2,1,0,1,1,0,0,0,0,0,0,0,0,0,0,0,0,0,0,0,1,1,0,3,0,0,0,0,0,0,0,0,0,0,0,0,0,0,0,1,0,0,1,0,0,0,3,0,2,0,0,0,0,0,1,0,0,0,0,0,0,0,0,1,0,0,2,0,0,0,0,0,0,0,0,1,5,0,0,0,0,0,3,0,0,0,0,0,0,1,0,0,0,4,0,0,0,0,2,0,0,0,1,0,0,1,0,0,0,0,0,0,0,0,0,0,0,5,0,1,1,0,0,0,0,0,0,0,3,1,1,0,0,4,0,0,0,4,0,0,0,0,0,2,1,4,0,0,0,4,0,0,0,0,0,0,0,0,0,0,0,0,0,0,0,0,0,2,1,0,1,0,0,0,0,0,0,0,0,0,0,0,0,0,0,0,0,1,0,0,1,0,0,0,0,0,0,0,0,0,4,0,0,0,0,0,0,0,0,0,0,0,6,1,0,0,0,0
0,0,0,0,2,0,0,0,2,0,0,0,1,0,1,0,0,1,0,1,2,0,0,0,0,0,6,0,2,2,1,1,2,0,0,2,1,0,1,0,0,0,0,0,1,0,0,0,0,0,0,0,0,1,0,0,0,0,0,0,0,1,0,0,0,0,0,0,0,0,0,0,0,1,1,0,1,1,1,0,0,0,0,4,1,0,0,0,1,0,0,1,1,2,1,0,0,0,0,0,0,2,0,1,0,0,0,0,3,3,1,0,0,0,3,1,1,0,0,0,2,0,0,0,1,1,0,0,2,0,1,2,0,1,0,0,4,0,0,0,0,0,1,0,0,0,1,0,0,0,0,0,1,0,0,2,1,0,2,1,0,1,1,0,1,0,4,0,1,1,0,2,0,0,4,2,0,0,0,0,0,0,1,2,0,0,3,2,1,1,1,0,0,1,0,0,1,0,0,2,0,2,0,0,0,2,0,0,1,0,0,0,1,1,1,0,1,1,0,0,1,1,0,1,0,0,0,2,2,0,0,0,0,1,2,0,3,0,2,0,0,0,0,0,0,0,0,0,1,2,6,0,0,0,0,1
0,1,0,0,1,0,0,0,0,0,0,0,0,1,0,1,0,0,0,0,0,0,0,0,0,0,2,0,1,0,0,3,0,0,1,2,1,0,1,0,1,0,0,0,0,1,1,0,0,0,1,0,1,0,0,0,0,0,0,0,0,1,0,0,0,0,0,0,0,0,1,0,0,0,0,0,0,1,0,0,0,0,0,8,3,0,0,0,0,2,0,0,0,3,0,0,1,0,0,0,1,3,0,2,1,0,0,0,0,0,0,0,0,2,2,3,0,0,0,0,1,0,0,0,2,4,0,0,1,2,0,2,0,2,0,1,0,0,0,0,0,0,1,0,1,0,3,1,0,0,0,0,0,0,0,3,0,2,2,0,1,1,0,0,1,1,0,2,1,0,0,1,0,0,0,2,0,0,0,2,1,0,1,1,0,0,0,2,0,0,2,0,0,1,0,0,0,0,0,2,0,1,0,0,0,3,1,2,1,0,0,0,1,0,0,0,0,0,0,0,2,0,0,0,0,1,1,0,2,2,0,0,0,0,1,1,2,0,0,0,0,0,0,0,0,1,0,0,0,0,2,0,0,0,0,0
0,0,0,0,0,0,0,0,1,0,0,0,0,0,1,0,1,1,1,0,2,0,0,1,0,1,2,0,1,1,0,1,0,0,0,1,0,0,0,2,0,1,0,2,0,2,1,0,0,0,1,0,0,0,0,0,0,0,0,0,0,0,0,0,0,0,0,0,0,0,1,0,0,0,0,0,1,1,0,0,0,0,0,6,0,0,0,0,0,2,0,0,0,1,0,0,0,0,0,0,4,1,0,1,0,0,1,0,0,2,0,0,0,2,3,2,0,0,0,1,3,0,0,0,1,3,0,1,0,2,0,4,0,1,1,0,1,1,0,1,0,0,1,0,0,1,1,0,0,0,0,0,0,0,1,3,0,1,3,0,0,0,0,1,0,1,0,0,0,0,0,3,0,0,0,3,0,0,0,1,0,0,3,3,0,0,0,3,0,0,3,0,0,0,0,0,1,0,1,2,0,1,0,0,1,4,0,1,1,0,0,0,0,0,0,0,0,0,1,0,0,0,0,0,0,0,0,0,4,1,0,0,0,0,0,0,0,0,3,0,1,0,0,0,0,0,0,1,0,1,0,0,0,0,0,0
0,0,0,0,1,0,0,0,1,0,0,0,0,0,0,1,0,0,0,0,0,0,0,0,0,0,5,0,2,2,0,0,3,0,0,1,1,0,0,4,0,3,0,0,0,0,1,0,0,0,0,1,0,0,0,0,0,0,0,0,0,0,0,0,0,0,0,0,0,0,0,0,0,0,0,0,0,1,0,0,2,1,0,0,4,0,0,0,0,0,0,0,0,0,1,0,0,0,0,0,0,2,0,0,0,0,0,0,0,1,1,0,0,0,4,0,0,0,3,0,4,0,0,0,0,0,0,0,0,0,0,4,0,0,0,0,0,0,0,0,0,1,0,0,0,0,0,0,0,0,0,0,0,0,0,4,1,0,1,0,0,0,0,1,0,0,0,1,2,0,0,4,0,1,1,4,0,0,0,0,0,1,0,4,0,0,0,4,0,0,0,0,0,0,0,0,0,0,1,0,0,0,0,0,0,2,2,0,1,0,0,0,0,1,0,1,0,0,1,0,0,0,0,0,0,1,0,0,4,0,0,0,0,0,0,0,0,0,1,0,0,0,0,0,0,0,0,1,0,0,3,1,0,0,0,0
0,1,0,0,0,0,0,0,0,0,0,0,0,1,0,0,0,0,2,0,0,0,0,0,0,0,2,2,0,0,1,2,0,0,0,1,1,0,0,0,0,0,0,0,0,2,0,0,0,0,0,0,0,0,0,0,0,0,0,0,0,0,0,0,0,0,0,0,0,0,0,0,0,1,0,0,0,1,0,0,1,0,0,6,2,0,0,0,0,2,1,0,0,2,0,0,0,0,0,0,1,3,0,3,1,1,1,0,0,0,1,0,0,2,1,3,0,0,0,0,2,0,0,0,2,2,0,1,0,0,0,2,0,0,0,0,1,0,0,0,0,0,1,0,0,0,2,1,0,0,0,0,0,0,1,2,0,1,1,0,0,0,0,0,0,0,0,0,0,0,0,2,0,0,1,2,0,0,0,0,0,0,0,2,0,0,1,2,0,1,0,0,0,1,1,0,1,0,0,3,0,1,0,0,0,5,0,0,4,0,0,0,0,0,0,0,0,0,0,2,0,0,0,0,0,0,0,0,3,1,0,0,0,1,0,0,0,0,1,0,0,0,0,0,1,0,0,1,0,0,0,0,0,0,0,0
1,0,0,0,2,0,0,0,0,0,0,0,0,0,1,1,1,4,0,0,1,1,0,0,0,0,11,0,0,3,0,0,1,0,0,2,1,0,0,0,0,2,0,0,0,0,0,0,0,2,0,0,0,0,0,0,0,0,0,1,0,0,0,1,0,0,0,0,0,0,0,0,0,0,0,0,0,3,0,0,0,0,0,6,5,1,2,1,1,0,0,0,2,0,1,0,1,1,0,1,0,2,0,0,1,0,0,1,0,0,0,0,0,1,5,0,0,0,2,0,2,0,0,0,0,0,0,0,0,1,0,4,0,0,0,1,0,0,0,0,0,0,0,1,2,0,1,2,0,2,0,0,0,1,0,5,0,0,2,1,1,1,0,0,0,0,0,0,1,0,0,4,1,0,0,3,0,0,0,0,1,2,0,5,0,0,0,4,0,0,0,1,1,0,1,0,1,0,1,1,0,3,2,0,1,4,0,0,1,0,0,0,1,3,0,1,0,0,0,1,0,0,0,1,0,2,0,0,3,0,0,0,0,0,0,1,0,0,2,0,0,0,0,0,0,1,0,0,0,0,4,1,1,0,0,0
3,0,1,0,0,0,0,0,2,2,1,0,0,0,0,0,2,2,2,0,0,0,1,0,0,0,5,1,2,1,1,1,1,0,1,3,0,0,1,4,0,0,4,0,0,0,0,1,0,3,1,1,0,0,0,0,0,0,0,0,0,1,0,0,0,0,0,0,0,0,0,0,0,1,1,2,0,1,0,0,0,0,0,2,0,0,0,0,0,0,0,0,0,1,1,0,0,0,0,0,0,0,0,1,0,0,0,0,0,0,0,1,0,0,2,1,0,2,1,0,1,0,0,0,1,1,0,0,1,1,0,3,0,7,2,0,1,0,0,0,0,0,1,0,0,0,2,0,0,0,0,0,1,0,0,2,0,0,2,1,0,0,0,0,0,1,3,0,4,0,1,2,2,2,0,2,0,1,0,0,0,1,2,4,0,0,1,2,0,3,0,0,0,0,0,0,0,0,0,1,1,1,0,0,0,3,2,0,3,0,1,0,0,0,1,1,0,1,1,1,1,1,1,1,0,0,0,0,2,0,4,0,0,0,1,0,1,0,3,3,0,1,0,0,0,1,0,0,0,0,5,2,0,0,0,1
0,0,0,0,0,0,1,0,1,0,0,0,0,0,0,0,0,1,1,0,0,0,1,1,0,0,2,1,1,2,1,2,1,0,0,1,0,0,0,1,0,0,1,0,0,1,0,2,0,0,0,0,0,0,0,0,0,0,0,0,0,1,0,0,0,0,0,0,1,0,0,0,0,1,0,0,1,2,0,0,1,0,0,6,0,2,1,1,1,1,0,0,0,2,0,0,1,0,0,2,0,1,0,2,0,0,1,0,0,1,0,1,0,2,1,2,1,0,0,0,1,0,0,0,2,2,0,1,0,1,1,2,0,1,0,0,2,0,0,0,0,2,1,0,1,1,2,0,0,0,0,0,0,0,0,2,0,1,1,0,0,0,1,0,1,0,0,0,0,0,0,1,0,0,1,1,0,0,0,1,0,0,0,1,0,0,0,2,0,0,0,0,0,0,0,1,0,0,0,3,0,0,0,0,1,2,1,0,0,1,1,0,0,0,0,0,1,0,0,0,0,1,0,0,0,0,0,1,2,0,0,0,0,0,0,1,4,0,2,0,0,0,1,0,0,0,0,0,0,2,3,1,0,0,0,0
2,0,0,0,0,2,0,0,0,1,0,1,0,0,0,0,0,0,1,0,1,0,0,0,0,0,5,0,1,3,1,2,0,0,1,0,0,0,0,1,0,0,1,0,0,0,0,0,0,0,0,0,0,0,0,0,0,0,0,0,0,1,0,0,0,0,0,0,0,0,1,0,0,1,0,0,0,2,1,0,2,0,0,7,2,0,1,0,0,0,0,1,0,2,0,0,0,0,1,0,1,2,0,2,2,1,1,1,0,0,0,0,0,0,2,2,0,0,0,0,1,0,0,0,2,2,0,0,1,1,0,2,0,2,0,0,1,0,0,0,0,0,1,1,1,0,2,0,1,0,0,0,0,0,0,2,0,2,2,0,0,0,0,0,3,0,1,0,0,0,0,3,0,0,1,6,0,0,0,0,3,2,0,2,0,0,2,2,0,1,0,1,0,0,0,0,1,0,0,3,0,1,3,0,0,3,2,0,3,0,0,0,1,0,0,1,0,1,0,2,1,0,0,0,0,1,0,0,2,0,0,0,0,0,0,0,1,0,1,0,0,0,0,0,0,2,0,2,0,1,1,0,1,0,0,0
2,0,0,0,0,0,0,0,0,0,0,0,0,0,0,2,0,1,1,0,0,0,0,1,0,0,3,0,1,1,1,2,0,0,1,0,0,1,0,1,0,1,1,0,0,0,0,0,0,0,2,0,0,0,0,0,0,0,1,0,0,1,0,0,0,0,0,0,0,0,0,0,0,0,0,0,0,0,1,0,2,0,0,4,4,0,0,0,0,1,0,0,1,2,0,0,2,0,0,0,1,1,0,2,0,0,0,0,1,0,0,1,0,1,2,2,0,0,1,0,2,0,0,0,2,1,0,0,0,1,0,2,0,1,0,0,1,0,0,0,0,0,2,1,0,0,2,0,0,0,0,0,0,0,0,2,0,2,2,0,0,0,0,1,0,0,0,0,0,1,0,2,0,0,0,3,0,1,0,0,1,1,0,2,0,0,0,2,1,0,0,0,0,0,0,0,0,0,0,1,0,0,0,0,1,2,0,1,1,1,0,0,0,0,0,0,0,0,0,0,0,0,0,0,0,0,0,0,1,0,0,0,0,0,1,2,0,0,1,0,0,0,1,0,0,0,0,0,0,0,2,0,0,0,0,0
0,0,0,1,0,0,1,0,1,0,0,0,0,2,0,0,0,1,1,0,0,1,0,0,0,0,6,0,0,1,0,1,1,0,0,3,2,0,0,1,0,0,0,0,0,0,0,0,0,0,0,0,0,0,0,0,0,0,0,0,0,0,0,1,0,0,0,0,0,0,0,0,0,1,0,0,1,1,0,0,0,0,0,2,1,0,0,0,0,1,0,0,1,1,0,0,0,0,1,0,0,1,0,1,0,1,0,0,0,1,0,1,0,0,4,2,0,0,1,0,3,0,0,0,1,1,0,0,0,0,0,3,1,0,0,0,1,1,0,0,0,0,0,2,0,0,1,1,1,0,0,0,0,0,0,3,0,0,2,0,0,0,0,1,0,0,0,0,0,0,0,3,1,1,2,3,0,2,0,0,0,1,1,3,0,0,0,3,0,0,0,0,0,0,0,0,2,0,1,3,2,1,1,0,0,2,1,0,3,0,0,0,0,1,0,0,0,1,0,2,0,0,1,0,0,0,0,2,4,1,0,0,0,0,1,0,0,0,0,0,0,0,0,0,0,0,0,1,0,0,0,1,0,1,0,0
3,0,0,0,0,0,0,0,0,0,0,0,1,0,0,0,0,0,1,0,1,0,2,1,0,0,6,0,3,1,2,1,0,0,0,0,0,0,0,1,0,0,0,0,0,0,0,0,0,0,0,0,0,0,0,0,0,0,0,1,0,0,0,0,0,0,0,0,0,0,0,0,0,1,0,0,0,0,0,0,0,0,0,3,1,1,0,0,0,0,1,0,0,1,0,0,0,0,1,0,0,2,0,0,1,0,0,0,0,1,0,0,0,1,3,1,1,0,1,0,2,0,0,0,1,0,0,0,0,3,0,5,0,2,1,0,1,0,0,0,0,0,2,2,0,0,1,2,0,0,0,0,0,0,0,3,0,0,1,0,0,0,0,0,1,1,0,0,0,0,0,4,0,0,1,3,0,0,0,0,1,1,0,3,0,0,0,3,0,0,0,0,1,2,0,0,1,0,2,1,0,1,2,0,0,3,1,0,3,0,1,0,2,1,0,2,0,1,0,0,0,0,0,0,1,0,0,0,3,2,1,0,0,0,1,0,0,0,1,0,0,0,1,0,0,0,2,2,0,0,2,0,0,0,0,0
0,0,0,0,1,0,0,0,0,0,0,1,0,0,0,1,0,1,2,0,0,0,0,0,0,0,1,2,0,2,3,2,0,0,0,1,0,0,2,1,0,0,1,0,0,2,0,1,0,1,0,0,0,0,0,0,0,0,0,0,0,0,0,0,0,0,0,0,0,1,0,0,0,1,1,0,0,0,1,0,2,0,0,7,1,0,1,0,0,1,0,0,0,2,0,0,1,0,0,0,1,2,0,2,1,0,0,0,0,1,0,1,0,1,1,3,3,0,2,0,1,0,0,0,3,4,0,0,0,2,0,2,0,0,1,0,0,1,0,0,0,0,2,1,0,0,2,1,1,0,1,0,0,1,0,3,1,1,1,0,0,0,0,0,0,0,0,0,1,0,0,2,0,0,1,2,0,0,0,1,0,2,1,2,1,0,0,1,0,0,0,1,0,0,0,0,0,0,0,3,0,0,1,0,0,3,0,0,1,0,1,0,2,2,0,0,0,0,0,1,0,0,0,1,0,0,0,0,1,1,0,2,1,0,0,0,0,0,2,0,0,0,0,0,0,0,0,0,0,0,0,0,0,0,0,0
1,0,1,0,1,1,0,0,1,1,0,1,4,1,0,0,0,1,1,0,1,0,0,1,0,0,7,1,1,4,1,2,1,0,2,1,1,2,0,1,1,0,0,0,0,0,1,0,0,1,1,0,0,0,0,0,0,0,0,2,0,2,0,0,0,0,0,0,0,0,0,0,0,1,0,0,0,1,2,0,2,0,0,8,2,0,0,0,0,0,0,0,0,2,0,1,2,0,0,1,0,2,0,0,2,1,0,0,0,0,0,2,0,0,2,2,0,0,3,1,2,0,0,0,2,1,0,0,1,0,0,2,0,2,0,0,3,0,0,0,0,0,0,2,0,2,3,2,0,0,0,0,1,0,0,2,1,2,2,0,0,1,0,0,0,0,1,0,2,0,0,3,0,1,1,2,0,1,0,0,0,1,1,2,0,0,0,2,0,0,0,0,0,0,0,1,0,0,0,3,0,0,1,0,0,2,3,0,1,0,0,1,0,2,0,0,0,0,0,0,0,0,0,0,0,0,0,0,2,1,0,0,1,0,0,0,1,0,0,0,0,0,0,0,0,0,0,0,0,0,4,3,0,0,1,0
1,0,5,0,2,0,1,0,0,0,0,0,0,0,0,0,0,1,0,0,1,2,0,0,0,2,4,0,2,1,0,0,0,0,0,1,1,0,0,1,0,1,0,0,0,0,0,0,0,1,0,0,0,0,0,0,0,0,1,0,0,1,0,0,0,0,0,0,0,0,0,0,0,0,0,0,0,1,0,0,0,0,0,3,5,0,4,0,0,0,0,4,0,0,0,0,0,0,0,0,0,0,0,0,2,0,0,0,1,3,1,0,0,1,3,0,1,0,0,0,3,0,0,1,0,0,0,0,1,1,1,4,0,0,0,0,1,0,0,0,0,0,0,0,1,2,0,1,0,0,0,0,0,0,0,4,0,0,1,0,0,1,0,0,1,0,0,0,0,0,1,4,1,1,0,2,0,0,0,0,0,0,0,4,0,0,0,4,0,0,0,0,0,1,1,0,1,1,0,1,0,0,0,0,0,4,1,0,1,1,0,0,0,0,0,2,1,1,0,0,3,0,1,2,0,0,1,0,1,0,0,0,0,0,0,0,0,0,2,0,0,2,0,0,0,0,0,0,0,0,5,5,0,0,0,0
0,0,0,0,0,1,0,0,0,0,0,0,0,0,0,1,0,0,2,0,0,0,0,0,0,0,3,1,0,4,1,2,1,0,1,1,0,0,0,0,0,0,2,0,0,0,0,0,0,0,0,0,0,0,0,1,0,0,0,0,0,1,0,1,0,0,0,0,0,0,1,0,0,0,0,0,0,0,1,0,0,0,0,4,2,0,0,0,0,0,0,1,0,2,0,0,0,0,0,0,0,1,0,2,1,0,1,0,1,0,1,0,0,0,2,2,0,0,0,0,2,0,0,0,2,1,0,0,1,0,0,4,0,1,1,0,1,0,0,0,0,0,2,0,1,0,2,0,1,0,0,0,0,0,1,2,0,2,3,0,0,0,0,1,0,0,0,0,0,0,0,2,0,2,0,2,0,0,0,0,1,1,0,2,0,0,0,2,0,0,0,0,0,0,0,0,0,0,0,2,0,2,0,0,0,3,1,1,3,0,0,0,0,0,0,1,1,1,0,1,2,0,0,0,0,0,0,0,2,1,0,0,0,1,0,0,3,0,0,0,0,0,0,0,0,0,0,0,0,0,1,1,0,0,0,0
0,1,0,0,3,1,0,0,0,0,0,0,0,0,0,0,0,3,0,0,0,0,1,0,0,0,6,2,1,0,1,1,1,0,0,1,0,0,1,0,0,0,1,0,0,0,0,0,0,0,0,0,0,0,0,0,0,0,0,0,0,0,0,0,1,0,0,0,0,0,0,0,0,1,0,0,1,2,0,0,0,0,1,3,3,0,0,0,0,1,0,1,0,1,1,0,1,0,0,0,1,2,1,1,1,0,1,0,0,1,0,0,0,1,3,1,0,0,0,0,3,0,0,0,1,2,0,2,0,0,0,3,0,1,0,0,2,0,0,0,0,0,1,0,0,0,1,1,0,0,0,0,0,0,0,3,0,0,2,0,0,0,0,0,1,0,0,0,0,0,0,3,0,1,0,3,0,0,0,0,2,1,1,3,0,1,0,2,0,0,0,0,0,0,0,0,0,0,0,1,0,5,2,0,0,2,2,1,3,0,0,0,1,2,0,1,0,0,1,0,0,1,0,0,0,0,0,0,2,0,0,0,0,0,0,0,0,0,0,0,0,0,1,0,0,0,0,1,0,0,0,0,0,0,0,0
0,0,0,0,0,0,0,0,0,0,0,0,0,0,0,0,1,2,0,0,1,0,0,0,0,0,4,0,1,0,0,1,1,0,0,2,1,0,0,3,0,0,0,0,0,0,0,1,0,0,1,0,1,0,0,0,0,0,0,0,0,2,0,0,1,0,0,0,1,0,1,0,0,0,0,0,0,0,0,0,2,0,0,2,2,1,1,0,0,0,0,0,0,2,0,0,1,1,0,1,0,0,0,0,0,1,0,1,0,0,0,0,0,0,4,1,0,0,2,0,2,0,0,2,1,1,0,0,1,0,0,3,0,0,0,0,0,0,0,0,1,0,1,1,0,3,1,1,0,0,0,1,0,0,0,3,1,0,1,0,0,1,0,0,1,0,0,0,0,0,0,6,0,0,0,4,0,0,0,0,0,1,0,3,0,0,0,4,0,0,0,0,0,0,0,0,0,0,0,2,0,0,1,0,0,3,2,0,3,0,1,0,0,1,0,0,0,0,0,0,1,0,0,0,0,0,1,0,2,1,0,0,0,0,0,0,0,0,1,0,0,0,1,0,0,0,0,0,0,1,0,0,0,0,0,0
1,0,0,0,2,0,0,0,0,1,0,0,0,0,1,0,0,1,2,1,0,0,0,0,0,0,5,0,1,5,0,1,0,0,0,1,0,0,0,4,0,1,0,0,0,1,0,1,0,0,0,1,0,0,0,0,0,0,0,0,0,0,0,1,0,0,0,0,0,0,0,0,0,1,0,0,0,2,0,0,1,1,0,3,2,0,0,0,0,1,0,2,1,1,0,0,1,0,0,0,0,1,0,1,0,0,0,1,0,0,1,0,0,0,3,1,0,0,0,0,3,0,0,0,1,0,0,0,0,1,0,3,0,0,0,0,0,0,0,0,0,0,1,0,0,0,2,0,1,0,0,0,0,0,0,3,0,0,0,0,0,0,0,0,0,0,0,0,1,0,1,5,0,0,1,5,0,0,0,0,2,1,0,3,0,0,2,3,0,0,0,2,0,1,0,0,0,0,0,1,0,1,2,0,0,1,2,1,1,1,1,0,0,1,0,0,0,0,0,0,2,0,0,0,0,0,0,2,3,1,0,0,0,0,0,0,1,0,2,0,0,0,0,0,0,0,0,3,0,0,4,1,0,0,0,0
1,0,0,0,0,0,0,0,0,0,0,0,0,0,0,1,0,2,1,0,0,0,0,0,0,0,5,1,2,0,0,1,1,0,0,2,1,0,0,2,0,1,0,0,0,1,0,0,0,0,0,0,0,0,0,0,0,0,0,0,0,0,0,0,0,0,0,0,0,0,1,0,0,1,1,0,0,3,0,1,0,0,1,2,3,0,0,0,0,0,0,0,1,1,1,0,0,0,0,1,0,1,0,1,1,0,0,1,0,4,0,0,0,0,3,1,0,0,0,1,4,0,0,1,1,0,0,0,0,0,0,3,0,0,0,1,1,0,0,0,0,2,0,1,0,1,1,0,0,0,0,0,0,1,0,3,0,0,2,0,0,0,0,0,0,0,0,0,0,0,0,3,0,0,0,3,0,0,1,0,1,0,0,3,0,0,1,3,0,2,0,0,1,0,0,0,0,0,3,2,0,0,1,0,0,2,0,2,0,0,0,0,0,1,0,0,0,0,0,2,1,1,0,0,0,0,0,0,3,0,0,0,0,0,2,0,0,0,0,0,0,0,0,0,0,0,0,0,0,0,0,0,0,0,0,0
0,0,1,0,0,3,0,0,0,0,0,0,0,0,1,0,0,0,0,0,0,0,0,1,0,0,6,0,1,2,2,2,0,0,2,1,0,1,3,0,0,0,0,0,0,1,0,1,4,0,0,1,0,3,1,0,0,0,0,0,0,2,0,1,0,0,1,0,0,0,0,0,0,2,0,1,0,2,0,0,6,0,1,12,10,1,0,0,0,0,0,1,3,3,0,0,2,1,0,0,1,0,0,1,1,0,0,0,0,0,1,0,0,0,4,2,0,1,0,0,2,0,0,0,2,3,1,1,0,2,0,3,0,0,0,3,4,0,0,0,0,1,3,1,0,0,2,0,0,0,0,0,0,0,0,5,0,0,1,0,1,0,0,0,3,0,1,0,1,0,0,3,0,1,1,2,0,0,0,1,1,3,2,3,1,0,0,2,0,0,0,2,0,0,0,0,5,0,0,2,0,0,1,1,0,2,1,0,7,2,0,0,0,0,0,1,0,0,0,0,0,4,3,0,0,2,0,2,4,1,0,0,0,1,0,0,2,0,0,0,0,1,2,0,0,0,0,2,0,0,3,0,0,0,0,0
1,0,0,0,3,0,0,0,0,0,1,0,2,0,0,0,0,0,1,0,0,1,0,0,0,0,5,1,5,2,0,1,0,0,0,1,1,1,0,2,0,0,0,0,0,0,0,0,0,1,1,0,0,0,0,0,0,0,0,0,0,1,0,0,0,0,0,0,0,0,1,0,0,3,1,0,0,0,0,1,1,0,1,2,2,0,0,1,1,0,0,0,0,2,0,0,1,0,0,0,0,0,0,2,0,0,1,0,2,1,1,0,0,1,2,1,0,0,1,0,2,1,0,0,1,1,0,2,0,0,1,2,1,0,0,0,1,0,0,0,1,0,1,0,0,0,1,1,0,1,0,0,0,0,0,2,0,1,1,0,0,0,4,0,2,0,3,0,0,0,1,3,0,0,3,3,3,1,1,0,0,2,0,2,0,2,1,3,1,2,0,0,0,0,0,0,0,0,0,1,0,0,0,0,0,3,1,1,0,1,1,0,1,1,0,0,1,0,1,0,0,1,1,3,0,1,0,1,1,0,0,1,1,0,0,0,0,0,0,1,0,1,1,0,1,0,0,0,0,1,4,2,0,0,0,1
0,0,0,0,0,1,0,0,0,0,0,1,0,0,0,0,1,0,0,0,0,0,0,0,1,0,4,0,2,3,0,1,0,1,0,1,0,0,0,1,0,0,0,0,0,0,0,0,0,0,2,0,0,1,0,0,0,0,0,0,1,3,0,0,0,0,0,0,0,0,0,0,1,3,0,0,0,2,0,0,1,0,0,4,6,0,0,0,0,2,0,4,0,1,2,0,1,0,0,1,0,0,0,0,0,0,0,0,0,1,0,0,0,0,2,1,0,0,2,0,2,0,0,0,2,0,0,0,0,0,0,4,1,1,0,0,1,0,0,0,0,0,1,0,0,1,1,0,0,0,0,0,0,0,0,3,0,1,1,0,0,1,0,0,0,0,0,0,0,0,1,4,0,0,0,5,0,0,0,1,2,2,0,4,0,0,1,3,0,0,1,1,0,0,0,0,0,1,0,1,0,0,1,0,1,2,2,0,0,1,0,0,0,0,3,0,0,1,2,2,0,0,0,0,0,0,0,0,3,0,0,0,0,1,1,0,0,0,1,0,1,0,0,0,0,0,0,0,0,0,1,0,0,0,0,0
0,0,1,0,2,1,0,0,0,1,1,0,2,0,0,0,0,2,0,0,0,0,0,0,0,1,3,0,1,0,0,1,2,0,1,1,1,0,1,1,2,0,0,0,0,0,0,0,0,1,2,0,0,0,0,0,0,0,0,0,1,2,1,0,0,0,0,0,0,1,0,0,1,1,0,0,0,0,0,0,1,2,0,3,1,0,0,0,1,1,1,0,1,1,0,0,0,1,2,0,0,2,0,1,0,1,0,0,0,1,1,0,0,0,4,1,0,3,0,3,1,0,0,0,1,2,0,0,0,0,0,3,0,0,0,2,1,1,0,0,0,2,0,0,0,1,3,0,0,0,1,0,0,1,0,2,0,0,2,0,0,1,0,2,0,0,0,0,0,1,0,2,1,0,1,3,0,0,0,0,1,0,1,2,1,0,0,3,0,0,0,1,0,1,2,0,0,0,0,2,0,1,0,0,0,2,1,0,2,0,0,0,1,2,0,1,1,2,0,1,1,0,0,0,0,1,2,0,3,0,1,0,0,0,1,0,0,0,0,0,0,0,1,0,0,0,0,0,0,0,4,1,0,0,0,0
1,0,0,0,0,1,0,0,0,0,0,0,0,0,1,0,0,1,0,0,2,1,0,1,0,1,5,0,2,3,0,0,2,0,0,3,2,0,0,3,0,0,0,0,0,0,0,0,0,0,0,0,0,0,0,0,0,0,0,0,0,2,0,1,0,0,0,0,0,0,0,0,0,0,0,0,0,1,0,0,1,0,0,2,1,0,0,0,0,1,0,0,0,0,0,0,0,0,0,0,0,0,0,0,2,1,0,1,0,1,0,0,0,0,3,1,0,0,0,0,3,0,0,0,0,1,0,0,0,0,0,4,0,0,0,0,1,0,0,0,1,0,0,0,0,0,0,2,0,0,0,0,0,0,0,4,0,0,1,0,0,0,0,0,1,0,0,0,0,0,0,4,0,0,1,3,0,1,0,0,1,1,1,4,0,0,0,3,0,0,0,0,0,0,0,0,2,0,0,1,0,2,0,0,0,1,2,0,1,1,0,0,0,0,0,0,1,1,1,0,0,0,0,0,0,1,0,1,1,0,0,0,0,0,1,0,0,0,1,0,0,0,0,0,0,0,0,0,0,0,2,0,0,0,0,0
2,1,0,0,0,0,0,2,1,1,0,0,0,1,2,2,0,1,3,0,1,0,0,0,0,0,3,0,0,0,2,0,2,0,1,1,0,0,0,0,1,0,0,0,0,2,0,0,1,1,0,0,0,0,0,0,0,2,0,0,1,1,0,0,0,2,0,0,1,0,0,0,0,0,1,0,0,0,0,0,3,0,0,0,3,0,1,0,0,0,0,0,1,2,0,0,0,1,0,0,1,0,1,0,1,1,1,0,0,3,0,1,0,2,4,2,1,0,1,0,2,0,2,1,0,0,0,0,0,0,0,2,0,0,0,0,2,0,0,0,0,1,1,0,0,0,0,0,0,0,0,0,0,0,0,2,0,0,1,0,0,1,0,2,0,0,0,0,0,0,0,3,1,0,2,2,0,0,0,0,0,0,1,2,0,1,0,1,0,0,0,0,1,0,0,0,0,2,0,2,0,1,0,0,0,2,1,0,1,0,1,0,0,1,0,1,0,0,0,0,0,1,0,0,0,0,0,0,1,1,0,1,0,0,1,0,2,0,0,0,0,1,0,1,1,0,1,1,1,0,1,2,0,0,0,0
0,1,3,1,3,0,0,0,3,0,0,0,0,0,0,1,2,1,0,0,0,1,0,1,2,1,8,0,1,3,1,0,3,0,0,3,1,0,0,0,0,0,2,0,0,0,0,0,0,0,0,0,0,2,1,0,0,0,1,1,0,1,0,1,0,0,0,0,0,0,0,0,0,0,0,0,0,1,0,0,1,0,0,6,3,0,0,0,0,0,0,0,0,1,0,0,0,1,0,0,0,1,0,1,0,0,0,0,0,3,1,0,0,0,3,2,0,0,1,0,3,0,0,0,0,0,0,0,0,0,0,5,0,0,0,0,0,0,0,0,0,0,1,0,1,0,0,0,0,0,1,0,0,0,0,4,0,0,2,0,1,0,0,0,0,0,0,1,2,0,0,4,0,0,3,3,0,0,0,0,1,2,0,4,0,0,0,3,0,0,0,0,0,1,0,0,0,1,1,1,0,0,1,0,0,3,2,0,3,0,0,0,0,3,0,1,0,0,1,0,0,0,1,0,0,1,1,0,2,0,0,0,1,0,2,0,0,0,2,0,0,0,0,0,0,0,1,1,0,0,4,1,2,0,0,0
1,0,0,0,0,0,0,0,1,0,0,0,0,0,0,0,0,1,0,0,1,0,0,0,0,0,6,0,2,2,0,0,1,0,0,2,2,0,0,2,0,0,0,0,0,0,0,0,0,0,0,0,0,0,0,0,0,0,1,0,0,0,0,0,0,0,0,0,0,0,1,0,0,0,0,0,0,2,1,0,0,0,0,0,2,0,1,0,0,0,0,0,0,0,0,0,0,0,0,0,0,0,0,0,1,0,0,0,0,1,0,0,0,1,4,0,0,0,0,0,3,0,0,0,0,0,0,0,2,0,0,5,0,0,0,0,1,0,0,1,0,0,0,2,0,0,0,0,0,0,0,0,0,0,0,4,0,0,1,0,0,0,0,2,0,0,0,0,0,0,1,5,0,1,0,4,0,0,0,0,0,1,1,4,0,0,0,4,0,0,0,2,0,0,0,0,1,0,0,1,0,1,0,0,0,2,4,0,4,1,0,0,0,1,0,0,0,0,0,2,0,0,0,1,0,1,0,1,4,0,0,0,0,0,0,0,1,0,5,0,0,0,0,0,0,0,0,0,0,0,1,0,0,1,0,0
0,0,0,0,0,0,2,0,0,0,0,0,0,0,0,0,0,0,2,0,0,0,0,0,0,0,2,2,1,0,1,2,0,0,0,0,0,0,0,2,0,0,1,0,0,4,0,2,0,0,0,0,0,0,1,0,0,0,0,0,0,1,0,0,0,0,0,0,0,0,0,1,0,2,0,0,0,2,0,0,0,0,1,6,2,1,0,0,0,2,1,0,0,2,0,0,2,0,0,0,1,1,0,2,0,0,0,0,0,0,2,1,0,3,2,2,0,0,0,2,2,1,0,0,2,6,0,1,0,1,0,2,0,0,0,0,0,0,0,0,0,0,0,1,0,0,2,2,0,0,0,1,0,0,0,2,2,0,0,0,0,0,0,0,0,0,0,0,0,0,0,2,0,1,1,2,0,0,0,2,0,0,1,2,0,0,0,1,0,0,1,0,0,0,0,0,0,0,0,3,0,0,0,0,0,3,1,1,0,0,0,0,0,0,0,0,0,0,0,0,1,0,0,0,0,0,1,0,0,0,0,0,0,0,0,0,0,0,1,0,0,1,0,0,0,0,0,0,0,0,1,0,0,0,0,0
1,1,0,0,0,1,0,0,0,0,0,0,0,0,0,1,0,0,0,0,0,0,1,0,1,0,4,0,1,0,1,2,1,0,0,1,0,0,0,2,0,0,0,0,0,0,0,0,0,0,0,1,0,0,0,0,0,0,0,0,0,2,0,0,0,0,0,0,0,0,0,0,0,0,0,0,1,2,0,1,1,1,0,8,4,0,0,1,0,2,0,2,2,2,1,0,2,0,0,0,0,1,0,0,1,0,0,2,0,1,0,3,0,0,2,2,0,0,0,0,2,1,0,1,1,5,0,0,1,2,0,3,0,2,1,0,0,1,2,0,0,0,0,0,0,0,2,0,0,0,1,0,0,0,0,2,0,1,0,0,0,2,0,1,0,0,0,0,1,2,0,2,0,2,0,3,0,0,0,0,0,2,0,2,0,0,1,2,0,0,0,0,0,1,0,1,3,1,1,3,0,0,2,0,0,4,0,1,0,0,0,0,1,0,0,0,0,0,0,0,3,0,0,0,0,0,0,0,2,0,0,0,0,0,0,0,1,0,0,0,1,2,2,0,0,0,0,0,0,2,0,2,0,0,0,0
0,0,0,0,2,1,0,0,1,0,0,0,0,0,0,1,0,3,1,1,0,0,0,0,1,2,8,0,2,2,0,0,0,0,0,0,0,0,0,2,0,0,0,0,0,0,0,1,1,0,0,0,0,0,0,0,0,0,0,1,0,0,0,0,0,0,0,0,0,0,0,0,0,0,0,0,0,0,1,0,1,0,0,0,3,0,1,0,0,0,0,1,0,0,0,0,1,0,0,0,0,1,1,0,1,0,1,1,0,2,0,0,0,0,4,0,0,0,2,2,4,0,0,0,0,1,0,0,1,0,0,5,0,0,0,0,0,2,0,0,0,0,0,0,0,1,0,0,0,0,0,0,0,0,0,4,1,0,0,1,0,0,0,2,0,0,1,0,0,0,0,5,0,0,1,4,0,0,0,0,1,3,0,4,0,0,0,5,0,0,0,0,0,1,0,1,1,0,0,0,0,1,1,0,0,1,2,0,3,1,0,0,0,1,0,0,0,1,1,0,0,0,0,0,0,1,0,0,2,0,0,0,0,0,0,0,1,1,2,0,0,0,1,0,0,1,0,1,0,0,4,0,0,0,0,0
0,0,0,0,0,0,0,0,0,0,0,1,0,2,0,0,0,0,0,0,0,0,1,0,1,0,4,1,4,2,0,3,1,0,0,1,0,0,0,0,0,0,0,0,0,0,0,0,0,0,1,0,0,0,0,0,0,0,0,0,0,0,0,0,0,0,0,0,1,0,0,0,0,0,0,0,0,1,0,1,0,0,1,6,3,1,0,0,0,2,0,0,0,2,0,0,3,0,0,0,0,1,0,1,0,1,3,0,0,0,0,1,0,1,2,2,0,0,0,0,1,0,0,0,2,4,0,1,0,1,0,4,0,0,1,1,2,0,0,0,0,0,1,0,0,1,2,1,0,0,0,0,0,0,0,2,0,1,1,0,0,0,0,1,1,1,1,0,0,1,0,2,1,0,0,2,0,0,0,1,2,0,1,2,1,0,0,2,2,0,0,0,0,0,0,0,1,0,0,2,0,1,0,0,0,3,2,2,3,0,0,0,1,2,0,0,0,0,1,0,0,0,0,0,0,0,0,1,1,0,0,0,0,0,0,0,1,0,1,0,0,0,1,0,1,0,0,2,0,0,0,0,0,0,0,0
0,0,0,0,0,0,0,0,0,0,0,2,0,0,1,0,0,0,0,0,0,0,0,0,0,0,6,0,2,2,0,1,1,0,0,2,0,0,0,2,0,0,0,0,0,0,0,0,0,1,0,0,0,0,0,0,0,0,0,0,0,0,0,0,0,0,0,0,0,0,0,0,1,0,0,0,0,0,0,0,0,0,0,2,1,0,0,0,0,0,0,3,0,0,1,0,0,0,1,0,0,3,0,0,0,0,0,0,0,1,0,0,0,0,3,0,0,0,1,0,2,0,0,1,0,0,1,0,2,0,0,5,0,0,0,0,0,0,0,1,0,0,0,0,0,1,0,2,0,0,0,0,0,0,0,4,0,0,2,1,0,0,0,2,0,1,0,1,2,1,0,4,0,1,1,3,0,0,0,0,0,0,0,4,0,0,0,4,0,0,0,2,0,0,1,1,2,1,0,2,0,1,0,1,2,2,1,0,3,0,1,0,0,0,0,1,1,1,0,0,1,0,1,0,0,0,0,0,2,0,0,0,0,0,1,0,0,1,2,0,0,0,0,0,0,0,1,0,0,0,3,1,1,0,0,0
1,0,0,0,0,0,0,0,1,0,0,0,0,0,0,2,0,0,2,0,0,0,0,0,0,0,3,2,2,0,0,2,0,0,1,0,0,0,0,2,0,1,0,0,0,1,0,0,0,0,0,0,0,0,0,0,0,0,0,0,0,1,0,0,0,0,0,1,0,0,1,0,0,2,0,0,1,0,1,0,1,0,4,6,2,0,0,0,0,0,0,2,0,2,0,0,0,1,0,0,0,2,0,2,0,3,0,0,0,0,0,0,0,1,2,2,1,0,1,0,1,0,0,0,2,2,0,0,0,0,0,2,0,0,0,2,0,0,0,0,0,0,0,0,0,0,2,0,0,0,0,0,0,0,0,2,0,0,0,0,0,0,0,0,0,1,0,0,0,0,0,2,0,0,0,2,0,0,0,0,0,2,1,2,0,0,0,2,0,1,0,0,2,0,1,0,0,0,1,2,0,0,2,0,0,3,0,0,0,1,0,0,0,0,0,0,1,0,0,0,0,0,0,0,0,1,1,3,2,1,0,0,1,1,2,1,0,0,1,0,0,2,0,1,0,2,0,0,1,0,1,1,0,0,0,0
1,0,0,0,0,0,0,0,1,0,0,1,0,0,0,1,1,1,3,0,0,0,0,0,0,0,5,0,1,1,1,1,1,0,0,1,1,0,2,1,0,3,3,0,0,0,0,0,0,0,0,0,0,1,0,0,0,0,0,0,0,0,0,0,0,0,0,1,0,2,0,0,0,1,0,0,0,1,0,1,1,1,0,5,3,0,0,0,0,1,0,0,1,1,2,0,4,0,3,0,1,1,0,0,2,1,0,0,0,1,0,0,0,1,2,1,0,0,0,1,2,0,0,0,1,0,0,0,1,1,0,2,0,0,0,0,1,2,0,0,1,0,2,1,0,0,1,0,1,0,0,0,1,0,0,2,0,1,1,0,0,0,0,0,0,0,0,0,1,1,0,2,1,0,1,3,0,0,0,1,0,1,1,2,0,0,0,3,2,0,0,0,1,1,1,1,1,0,0,1,0,0,0,1,0,1,0,0,1,1,0,0,0,4,1,0,0,0,0,3,0,1,0,0,0,0,1,1,1,0,0,0,0,0,0,1,0,0,1,0,0,0,1,0,0,1,0,0,0,0,0,0,0,0,0,0
0,3,0,0,0,0,0,0,2,0,0,0,0,0,0,0,0,0,0,0,0,0,0,0,1,1,2,2,1,0,1,2,1,0,0,2,0,1,0,0,1,0,0,0,0,0,0,0,0,0,1,0,0,0,1,0,0,0,0,0,0,1,0,0,0,0,0,2,0,0,0,0,0,1,0,0,0,0,1,0,0,0,0,7,1,1,0,0,0,1,0,0,0,2,0,0,3,1,0,0,0,0,0,2,0,0,0,0,0,0,1,0,0,0,2,2,0,0,1,0,1,1,0,0,2,1,0,0,0,1,0,4,0,1,1,0,3,1,0,0,0,0,1,1,0,0,3,2,0,0,0,1,0,0,2,2,2,0,3,0,1,0,1,1,3,0,0,0,1,0,0,2,0,0,2,3,0,1,1,0,2,1,0,2,0,0,1,1,2,0,0,1,1,0,0,0,0,0,0,3,0,0,0,0,0,2,1,2,1,0,0,0,0,0,0,0,2,0,0,0,1,0,0,1,0,1,0,2,2,0,0,0,0,0,0,0,1,0,0,0,0,1,1,1,0,0,0,0,0,0,1,1,1,0,0,0
0,0,0,0,0,0,0,1,0,0,0,0,0,0,1,0,0,1,0,0,1,0,1,1,0,0,7,0,2,2,0,0,2,0,0,1,0,0,0,3,0,1,0,0,0,0,0,0,0,1,0,0,0,2,0,0,0,0,0,0,0,0,0,0,0,0,0,0,0,0,0,1,0,0,0,0,0,3,2,0,1,0,1,0,4,0,0,0,0,0,0,1,0,0,0,0,0,0,0,0,0,1,1,0,0,0,0,0,0,2,2,0,0,0,4,0,0,0,0,0,4,0,0,0,0,0,0,0,0,0,0,5,1,0,0,0,0,0,0,1,1,0,0,0,0,3,2,0,0,0,1,0,0,0,0,4,0,0,1,0,0,0,0,1,0,0,0,0,0,0,1,4,1,1,0,4,0,0,0,0,1,1,0,4,0,0,0,4,0,0,0,0,1,0,0,0,2,0,3,1,0,0,1,0,0,1,1,0,3,0,1,0,2,0,0,3,0,0,0,0,1,0,0,0,0,0,0,0,0,0,0,0,0,0,1,0,0,0,0,0,0,0,0,0,0,0,0,1,1,0,1,1,0,0,0,0
1,0,1,0,1,0,0,0,0,0,0,0,1,0,0,0,0,1,2,0,0,0,0,0,0,0,3,0,1,1,0,1,2,0,0,2,2,0,0,2,1,0,0,0,0,0,0,0,1,0,0,0,0,0,0,0,0,0,0,0,0,1,0,2,0,0,0,0,0,0,0,0,0,0,0,1,0,1,2,0,0,1,0,2,0,0,0,0,0,0,0,0,1,1,0,0,0,0,0,0,1,1,0,0,0,0,0,0,0,0,1,0,0,0,2,2,1,0,0,0,2,0,0,0,0,2,0,0,0,0,0,2,1,0,1,1,0,0,0,1,0,0,0,1,1,0,1,1,0,0,0,0,0,1,0,3,0,0,1,0,0,0,0,0,0,1,0,0,2,0,0,2,0,0,0,2,0,0,0,0,0,0,0,2,0,0,0,4,0,0,0,0,0,0,1,1,1,0,0,2,0,1,0,0,1,2,3,2,3,0,0,0,0,1,0,2,0,0,0,1,0,0,0,0,0,1,1,0,3,1,1,1,0,0,1,0,0,0,1,0,0,0,1,1,1,0,0,1,0,0,1,1,0,0,0,0
1,0,1,0,2,0,0,0,1,0,0,0,0,0,1,0,0,2,2,0,0,0,1,0,0,1,6,0,1,5,1,2,1,0,0,1,0,0,0,0,0,0,1,1,0,2,0,1,0,0,1,0,0,0,0,0,0,0,0,1,0,0,0,0,0,0,0,0,0,0,0,0,1,1,0,0,0,0,0,1,0,0,0,5,1,0,0,1,0,0,0,2,0,2,1,0,1,1,0,0,1,1,0,0,0,0,0,0,0,2,1,0,0,1,3,2,0,0,0,0,2,0,0,0,2,0,0,0,1,0,1,2,0,0,0,0,0,1,0,0,0,0,0,1,0,0,2,1,0,1,0,0,0,1,0,2,0,0,0,0,1,0,0,0,0,1,0,1,0,0,0,2,0,1,2,2,0,0,0,1,0,0,1,2,0,1,0,3,1,0,2,0,0,2,0,0,1,0,1,2,1,1,1,0,0,3,0,0,4,0,0,0,0,2,0,0,0,1,0,0,0,0,0,0,0,1,0,0,2,0,0,0,0,0,0,0,2,1,0,0,0,1,1,0,0,0,0,0,0,1,5,1,0,0,0,0
0,0,0,0,2,0,0,0,0,0,0,0,0,0,0,0,0,0,0,0,0,0,1,0,0,1,6,0,1,2,0,1,1,0,0,1,2,0,0,2,0,0,0,0,0,2,1,0,0,1,0,0,0,1,0,0,0,0,1,0,0,0,0,1,0,0,0,4,0,0,0,0,0,2,0,0,0,2,0,0,0,1,0,3,1,0,0,0,0,0,0,4,0,1,0,0,0,0,0,0,0,0,0,3,0,1,0,0,0,1,1,1,0,0,3,3,0,0,0,0,2,0,0,3,1,1,0,0,0,0,0,3,0,0,1,0,2,0,0,0,0,0,0,0,0,0,1,0,1,0,0,0,0,0,0,3,0,0,0,0,1,0,0,0,0,0,2,0,0,0,1,3,0,1,0,3,0,0,0,0,0,2,1,3,0,0,1,3,0,0,0,0,1,0,0,2,2,0,2,2,0,1,1,2,0,3,1,1,0,0,0,0,0,0,1,0,1,1,0,0,1,0,0,0,0,0,1,2,3,0,0,0,0,0,1,0,1,0,1,0,0,0,0,0,0,0,0,0,0,0,0,0,0,0,0,0
0,0,0,0,0,0,0,0,0,0,0,0,0,0,0,0,0,0,0,0,0,0,0,0,1,0,2,0,0,0,0,2,1,0,1,1,0,0,0,1,0,1,1,0,0,0,0,0,0,0,1,0,0,0,0,0,0,0,0,0,0,1,0,0,0,0,0,0,0,0,0,1,0,0,0,0,0,0,0,1,0,0,0,5,2,0,0,0,0,1,0,0,0,2,0,0,0,0,0,0,0,0,0,1,0,0,0,0,0,0,0,0,0,1,2,2,0,0,0,0,1,0,0,0,2,0,0,0,0,2,1,3,0,2,0,0,0,0,0,0,1,0,3,0,2,2,2,0,0,0,1,0,0,0,0,2,0,0,3,1,0,0,0,1,1,0,0,0,0,0,0,2,0,1,0,4,0,0,0,0,1,2,2,2,0,0,0,2,1,1,0,0,0,0,0,0,0,0,0,2,0,0,0,0,0,3,2,0,1,0,0,0,0,1,0,0,0,0,1,1,0,0,0,0,0,0,0,1,5,0,0,0,0,0,0,0,2,0,3,0,0,0,2,0,0,0,0,1,0,0,0,0,0,0,0,0
2,0,0,0,0,1,0,0,1,0,0,0,0,0,0,0,2,2,2,0,0,0,0,0,0,2,3,1,2,1,1,2,0,0,2,2,1,1,0,1,0,0,0,0,0,0,0,0,0,1,2,1,0,0,0,0,0,0,0,0,0,0,0,0,0,2,0,0,0,0,0,0,0,2,0,0,0,2,2,0,1,0,0,6,5,0,0,0,0,2,0,0,0,2,0,0,1,0,0,0,1,0,0,2,1,1,0,0,0,0,0,2,0,1,3,2,0,0,1,0,1,0,0,0,2,4,0,0,0,1,0,2,0,1,0,0,0,0,0,0,1,0,1,0,0,0,2,0,0,0,0,0,0,0,0,2,0,1,0,0,1,0,0,0,1,0,0,0,0,0,0,2,0,0,0,4,0,0,0,0,1,0,0,2,0,0,1,2,0,0,0,0,0,0,0,0,0,0,0,2,0,1,0,0,1,4,2,1,1,0,0,0,0,0,0,0,0,0,0,0,0,0,0,0,0,0,0,0,1,0,0,0,0,0,0,0,0,0,2,0,0,0,0,0,0,0,0,1,0,0,0,0,0,0,0,0
0,0,0,0,2,0,0,0,0,0,0,0,2,0,0,0,0,1,0,0,0,0,0,0,0,0,6,0,1,2,2,1,2,0,0,2,1,0,0,2,0,1,1,0,0,0,0,0,0,0,0,1,0,1,0,0,0,0,1,0,0,0,0,0,0,0,0,0,0,0,0,0,0,0,0,0,0,1,0,0,0,0,0,2,2,0,0,0,0,1,0,0,1,1,0,0,0,0,0,0,1,2,0,0,0,0,1,0,0,0,1,0,0,2,3,1,0,0,1,1,3,0,0,0,0,1,0,1,0,1,0,5,0,0,0,0,1,0,0,0,0,0,0,1,0,0,1,1,0,0,0,0,1,0,0,3,0,0,2,0,0,0,0,0,0,0,0,0,0,0,0,3,0,0,0,3,0,0,0,0,0,3,0,3,0,2,2,4,2,0,0,0,0,0,1,0,1,0,0,3,0,1,0,1,0,2,3,0,3,0,0,0,0,2,0,0,0,0,0,0,0,0,0,0,0,0,0,0,1,0,0,0,0,0,2,0,0,0,1,0,0,0,1,0,0,0,0,0,0,0,3,2,0,0,0,0
0,0,0,0,2,1,0,0,1,0,0,0,1,0,0,2,1,0,1,1,0,0,0,1,0,0,7,0,1,1,0,0,1,0,0,3,3,0,0,0,1,0,0,0,0,0,0,0,0,0,0,0,0,1,0,0,0,0,0,0,0,1,0,0,0,0,0,0,0,0,0,0,0,0,0,0,0,0,0,0,1,0,0,0,6,0,0,0,0,0,0,0,1,0,0,0,0,0,0,0,0,4,0,0,2,1,0,1,0,0,1,0,0,0,4,0,0,0,1,0,4,0,0,0,0,0,0,3,0,0,0,5,0,0,0,0,2,0,0,1,0,0,1,1,0,0,0,1,0,0,0,0,0,0,0,4,0,0,1,1,0,0,0,1,0,1,2,0,1,0,0,4,0,0,0,4,0,0,0,0,0,2,0,4,0,0,0,4,0,0,0,0,1,1,0,0,0,0,0,0,0,1,1,0,0,1,0,0,2,0,0,0,0,1,0,0,0,0,0,0,0,0,0,1,0,0,0,1,2,0,0,0,0,0,1,0,1,0,1,0,0,0,0,0,0,1,0,1,0,0,2,1,1,0,0,0
2,0,0,0,0,0,0,0,0,0,0,0,1,0,1,2,1,1,1,0,0,0,0,0,0,0,4,1,0,2,1,1,3,0,0,1,1,0,0,2,0,0,1,0,0,0,0,0,0,0,0,0,0,0,0,0,0,0,0,1,0,0,0,0,0,0,0,0,0,0,0,1,0,3,0,0,0,1,1,0,1,0,0,2,4,0,0,0,0,1,0,0,0,1,0,0,1,0,0,0,0,1,0,0,0,0,0,0,0,0,0,0,0,1,3,1,0,0,1,0,3,0,0,1,1,0,0,0,0,0,0,3,0,0,0,0,0,0,0,0,0,0,0,0,0,0,1,0,0,1,0,0,0,0,0,3,0,1,2,0,0,0,0,0,0,0,2,1,0,0,0,3,2,0,1,3,0,0,0,1,0,0,1,3,1,0,0,3,2,0,0,0,0,1,0,0,1,0,0,2,0,0,0,0,0,1,0,1,1,0,0,0,0,1,0,0,0,1,0,0,0,0,0,0,0,0,0,1,3,0,0,0,0,0,0,0,1,0,4,0,0,0,1,0,0,0,0,0,0,0,3,1,0,0,0,0
0,0,0,0,0,0,0,1,0,0,0,0,0,0,0,0,0,1,0,0,0,0,0,1,2,0,9,1,1,1,0,0,1,0,0,4,4,0,0,0,0,0,0,0,0,0,0,0,1,1,2,0,0,0,0,0,0,0,0,0,0,3,0,1,0,0,0,0,0,0,0,0,1,0,0,0,0,0,0,0,1,0,0,0,5,1,0,0,0,0,0,0,0,0,0,0,1,0,0,0,0,1,0,0,2,0,0,3,0,1,1,0,0,0,4,0,0,0,1,0,1,0,0,0,0,0,0,1,0,1,0,4,0,0,0,0,3,0,0,0,0,0,0,3,0,0,0,1,0,0,0,0,0,0,0,4,0,1,0,0,0,0,0,0,3,0,0,0,1,1,0,6,0,0,1,4,0,0,0,0,1,1,0,5,0,0,0,4,1,0,0,0,1,1,0,0,2,0,1,1,1,1,0,0,0,1,1,0,3,0,0,0,0,4,1,0,0,1,0,3,0,0,0,0,0,0,0,0,2,0,0,0,0,0,1,0,1,0,0,0,0,0,0,0,0,2,0,2,0,0,3,0,0,0,0,0
0,0,1,0,0,0,0,0,0,0,0,0,0,0,1,0,0,0,2,0,0,0,1,0,0,0,5,0,2,0,0,0,1,0,0,2,1,0,0,0,0,0,0,0,0,0,0,0,0,0,0,0,0,0,0,0,0,0,0,0,0,1,0,1,0,0,0,1,0,0,0,0,0,0,0,0,0,2,0,0,1,0,0,1,7,0,0,1,0,0,0,1,3,0,0,0,0,1,0,0,0,0,0,0,2,0,0,0,0,2,0,0,0,1,4,0,0,0,0,0,4,0,0,0,0,0,1,0,0,0,0,4,0,0,0,0,0,0,0,0,0,0,0,0,0,0,0,0,1,0,0,0,0,0,0,4,0,0,1,1,0,0,0,0,0,0,0,0,3,0,0,4,0,1,1,4,0,1,0,0,0,1,0,4,0,0,0,4,0,0,1,0,0,0,1,0,0,0,0,3,0,0,0,0,0,3,1,0,2,0,0,0,0,1,0,0,0,0,0,0,1,0,0,0,0,0,0,0,2,0,0,0,0,0,0,1,0,0,1,0,0,0,0,0,0,0,0,0,0,0,2,1,0,0,0,0
0,1,0,0,0,1,0,0,1,1,0,1,0,0,0,0,0,0,1,0,0,0,0,0,0,0,3,1,1,2,0,3,0,0,0,1,0,0,0,1,0,0,0,0,0,2,0,0,0,0,0,0,0,0,0,0,0,0,0,0,0,0,0,0,0,0,0,0,0,0,0,0,0,2,0,0,0,1,0,0,1,2,0,11,1,0,0,0,0,1,0,0,1,3,0,2,2,1,0,1,1,1,0,0,2,0,0,1,1,1,1,1,0,0,2,3,0,0,0,0,0,0,0,1,3,3,0,0,0,2,0,1,0,5,2,0,1,0,0,0,0,1,5,0,2,0,3,0,0,1,0,0,0,0,1,1,0,2,0,0,0,0,1,1,2,1,1,0,0,0,0,2,1,0,0,5,0,1,0,0,1,4,0,1,0,0,0,1,4,0,1,0,0,0,1,0,0,0,0,3,1,1,2,0,0,6,0,0,0,0,0,0,0,1,0,1,0,1,1,0,3,0,0,0,0,0,0,1,2,0,0,0,0,1,0,0,1,0,1,0,0,1,0,0,0,0,0,0,0,0,0,0,0,0,0,0
0,0,3,0,1,0,0,0,0,0,0,0,1,2,0,0,1,0,0,0,0,0,0,0,1,0,2,2,2,0,0,2,1,0,0,2,1,0,0,1,1,0,0,0,1,1,0,1,0,0,1,1,0,0,0,0,0,0,0,1,0,3,0,1,0,0,0,0,0,0,0,0,0,2,0,0,0,2,1,1,0,0,0,7,1,0,0,0,0,2,2,2,0,2,1,0,1,0,0,0,0,1,0,1,0,0,1,0,0,1,0,2,0,0,2,2,0,0,0,0,2,0,0,0,2,2,0,1,0,1,0,4,1,0,0,1,0,1,0,1,0,0,3,0,0,1,4,0,0,0,0,0,0,0,0,2,0,2,0,0,0,0,0,1,1,0,0,0,0,0,1,3,0,2,0,4,0,1,0,0,3,1,0,2,0,0,0,2,1,0,1,0,1,0,0,0,0,0,0,0,0,0,0,0,0,1,1,1,1,0,0,0,0,0,0,1,0,0,0,0,0,0,0,0,0,0,0,1,0,0,1,0,0,0,0,0,0,0,0,0,0,0,1,0,0,0,0,1,0,0,0,0,0,0,0,0
0,0,0,0,2,0,0,0,0,0,0,0,0,0,0,0,2,0,0,0,1,0,0,0,0,0,5,1,2,2,0,1,0,0,0,1,1,0,0,1,0,0,0,0,0,0,0,0,0,0,1,0,0,0,0,0,0,0,0,0,0,2,0,0,0,0,0,0,1,0,0,0,0,0,0,0,0,1,0,0,0,0,0,2,3,1,0,0,0,1,0,0,1,1,2,0,0,1,2,0,1,1,0,1,0,1,0,0,0,1,1,1,0,0,3,1,0,0,0,0,2,1,0,0,1,1,2,0,0,4,0,3,0,1,1,1,2,2,0,0,0,0,1,0,0,0,1,1,0,1,0,0,0,0,0,4,0,1,1,0,1,0,0,0,0,0,0,0,1,0,0,3,0,0,0,4,0,0,0,0,0,0,0,3,0,0,0,3,0,0,0,0,0,0,1,0,0,0,1,1,1,1,0,0,0,2,0,0,1,1,2,0,0,0,0,1,0,0,0,0,0,0,1,0,0,1,0,1,0,0,0,0,0,0,0,0,0,0,1,0,0,0,1,0,0,0,0,0,0,0,0,0,0,0,0,0
0,0,0,0,2,1,0,0,0,0,0,1,0,0,0,2,0,2,0,0,0,0,0,2,0,0,6,0,2,4,0,0,0,0,0,0,2,0,0,5,2,0,0,0,0,1,0,0,2,0,0,0,0,1,0,0,0,0,0,0,0,1,0,0,0,0,0,0,1,0,1,0,0,0,0,0,0,1,0,0,1,0,0,0,2,0,2,0,1,0,0,2,1,0,1,0,0,0,0,0,0,0,0,1,0,1,2,0,0,3,1,0,0,0,3,0,0,0,1,0,3,0,0,1,0,0,0,0,0,2,2,4,1,0,0,0,1,0,0,0,0,0,0,0,0,1,1,1,0,1,0,0,3,0,0,4,1,0,0,0,0,0,4,0,1,0,1,2,3,0,0,3,0,1,0,3,0,0,2,0,0,0,0,3,0,0,0,4,0,1,0,0,1,0,0,0,0,0,1,1,0,0,0,0,2,2,3,1,1,1,0,0,0,0,1,0,1,1,2,0,0,1,0,2,0,0,1,0,2,0,0,2,0,0,0,0,1,2,1,0,0,0,0,0,0,1,0,0,0,1,3,1,0,0,0,1
0,0,1,0,1,0,0,0,0,0,0,0,0,0,0,0,0,0,1,0,0,0,0,0,0,1,3,0,1,2,0,1,0,0,0,0,0,0,0,0,0,0,1,0,0,0,0,0,0,0,1,0,0,0,0,0,0,0,0,0,0,1,0,0,0,0,0,0,1,0,0,0,0,1,0,0,0,0,0,0,1,0,0,3,4,1,1,0,0,0,0,0,0,1,0,0,1,0,0,0,0,1,0,1,0,0,0,0,0,0,0,1,0,0,3,1,0,0,0,0,3,0,0,0,1,1,0,0,0,0,0,3,0,0,0,0,2,0,0,1,0,0,0,0,0,1,1,1,0,0,1,0,0,0,0,3,0,0,1,0,0,1,0,0,0,0,1,0,0,0,1,3,3,1,0,3,0,0,0,0,0,2,0,3,0,0,0,4,1,0,0,0,0,0,0,0,0,0,1,1,0,0,0,0,0,3,2,0,2,0,1,0,0,1,0,0,0,0,0,0,1,0,0,0,0,0,2,2,3,0,1,0,0,1,1,0,0,0,2,0,0,1,1,0,0,1,0,0,0,0,0,0,0,0,0,0
0,0,0,1,0,0,0,0,1,0,0,0,0,0,0,0,0,0,2,0,0,0,0,0,0,0,3,1,2,0,0,2,1,0,0,1,1,0,0,1,0,0,0,0,0,1,0,0,0,0,0,0,0,0,2,0,0,0,0,0,0,0,0,0,1,0,0,0,1,2,0,0,0,1,0,0,0,2,0,1,2,0,0,5,2,0,0,0,0,0,0,0,0,2,0,0,1,0,0,0,0,2,0,2,0,0,0,0,0,0,0,0,0,0,3,2,1,0,0,0,1,0,0,0,2,1,0,0,1,1,0,3,0,1,0,0,2,1,0,0,0,0,2,1,1,0,2,2,0,0,0,0,0,0,0,2,0,0,2,0,0,0,0,1,0,0,0,0,0,0,0,2,0,0,1,2,0,0,0,0,0,0,0,2,0,0,0,2,0,0,0,0,0,1,0,0,0,0,1,4,0,0,0,1,1,3,1,1,1,1,0,0,0,0,0,0,0,0,1,1,2,0,0,1,0,0,0,0,2,0,1,0,0,1,1,0,2,0,0,0,0,0,0,0,0,0,0,0,0,0,1,0,0,0,0,0
0,0,0,0,0,0,0,0,0,0,0,0,0,0,0,3,0,1,1,0,0,0,1,2,0,0,3,0,3,1,1,2,0,0,1,1,0,0,1,0,0,0,0,0,0,0,0,0,0,0,0,0,0,0,0,0,0,0,0,0,0,0,0,0,0,0,0,0,0,0,0,0,0,1,1,0,0,1,0,1,1,0,0,3,3,0,0,0,0,0,0,0,2,2,0,0,0,0,0,0,0,2,0,0,1,1,0,0,0,2,0,0,0,0,4,1,0,0,1,0,3,0,0,0,1,1,0,0,0,0,0,3,0,1,0,0,3,1,2,0,0,0,0,0,0,0,1,1,0,0,0,0,0,0,0,4,0,1,1,0,0,0,0,0,0,0,0,0,0,0,0,3,0,0,0,3,0,0,0,0,0,0,0,3,0,0,0,3,0,0,0,0,0,0,0,0,1,0,1,1,0,1,0,0,0,1,0,0,2,1,0,0,1,1,0,0,0,1,0,0,1,0,0,0,1,0,0,0,1,0,0,0,0,0,1,0,0,0,1,0,0,0,0,0,0,1,1,1,0,0,1,1,0,0,0,0
3,1,1,0,1,0,0,0,0,1,0,0,0,0,0,0,0,2,1,1,0,0,0,0,0,1,7,1,5,2,1,1,0,0,0,1,1,0,0,0,0,0,0,0,0,0,0,0,0,0,0,0,0,0,0,0,0,0,0,0,0,0,0,0,0,0,0,0,0,0,0,0,0,1,0,0,0,1,0,1,1,0,0,3,2,0,0,0,0,0,0,0,0,1,0,0,0,0,0,0,0,2,0,1,0,2,0,0,0,1,0,1,0,0,3,1,0,0,0,0,3,0,0,0,1,0,0,0,1,0,0,4,0,1,1,0,1,0,0,2,0,0,1,0,1,1,1,0,0,0,0,0,0,0,0,3,0,0,1,0,0,0,0,2,0,0,0,0,2,1,1,4,1,0,1,3,0,1,0,0,1,1,0,4,0,0,0,2,2,2,0,1,0,1,0,0,1,0,0,2,0,0,3,0,0,1,2,0,2,1,0,0,0,1,0,0,0,0,1,1,1,0,0,0,1,0,0,1,2,0,0,0,0,0,2,0,2,0,2,0,0,0,0,0,0,0,0,2,0,0,2,2,0,0,0,0
0,0,0,0,1,0,0,0,1,0,0,0,0,0,0,0,0,3,1,0,0,0,0,0,0,0,7,1,3,6,0,0,1,0,1,1,2,0,2,3,0,1,0,0,0,1,0,0,0,1,1,0,0,0,0,0,0,0,0,2,0,0,0,0,0,0,0,0,0,0,0,0,0,0,0,0,0,1,0,0,2,0,0,0,3,1,0,0,0,0,0,0,0,0,0,0,1,0,0,0,0,1,0,1,0,0,0,0,0,0,0,0,0,0,4,1,0,0,3,0,4,0,0,2,0,0,0,0,0,0,0,4,0,0,0,0,3,0,0,0,0,0,0,0,0,0,0,0,0,0,0,0,0,0,0,4,0,0,1,0,0,0,0,0,0,1,1,0,2,3,0,5,0,0,0,4,1,1,0,0,0,2,1,4,0,0,0,5,0,0,0,0,0,0,0,1,1,0,0,1,0,0,0,0,0,1,3,0,1,3,1,0,0,2,0,0,0,0,1,0,0,0,0,0,1,0,0,0,2,0,0,0,0,0,1,0,0,0,1,0,0,0,0,0,0,1,0,2,0,0,5,2,0,0,1,0
0,1,0,0,0,0,0,0,1,0,0,0,0,0,1,0,0,0,2,0,0,0,0,0,0,0,6,0,0,2,1,2,1,0,0,2,1,0,0,1,0,0,0,0,0,0,0,0,0,0,0,0,0,0,0,0,0,0,0,0,0,0,0,0,0,0,0,0,0,0,0,0,0,0,0,0,0,0,0,0,1,0,0,4,5,0,0,1,0,1,0,0,2,1,0,0,2,0,0,0,1,1,1,0,0,0,0,0,1,0,1,0,0,1,2,2,0,0,1,0,2,1,0,0,0,0,0,0,0,1,0,4,0,1,0,1,1,1,0,0,0,0,0,0,1,1,1,0,0,0,0,0,0,1,0,4,0,0,2,0,0,0,0,1,0,0,1,0,1,0,0,2,0,0,1,3,0,0,1,0,1,0,1,3,0,0,0,3,2,1,0,0,0,0,1,0,0,0,0,4,0,1,0,0,0,4,1,3,3,2,0,0,0,0,0,0,1,1,0,0,1,0,0,0,0,1,0,1,1,0,0,0,0,0,1,0,0,0,2,0,0,1,0,0,0,1,0,0,0,1,4,1,0,0,0,0
2,0,0,0,1,0,0,0,0,0,0,0,0,0,1,0,2,2,0,1,0,0,0,1,0,0,10,0,2,2,2,0,1,0,0,1,0,0,0,1,0,0,0,0,0,1,0,0,0,0,0,0,0,0,0,0,0,0,0,0,0,1,0,0,1,0,0,2,0,0,0,0,0,1,0,0,0,2,1,0,0,0,0,1,1,0,2,0,0,0,0,2,0,1,0,0,1,0,0,0,1,1,2,1,0,0,1,0,0,1,1,0,1,0,4,3,0,1,0,2,3,0,0,0,0,0,1,0,0,0,0,5,0,0,0,0,4,0,0,0,0,0,0,0,0,0,0,0,0,0,0,0,0,0,0,4,0,0,0,0,0,0,0,1,0,0,1,0,0,0,0,4,1,0,2,4,0,0,0,0,1,2,1,4,0,0,0,3,0,0,1,0,1,2,0,0,3,0,1,0,0,2,0,0,0,1,4,1,4,1,1,0,0,2,0,1,1,0,1,1,0,0,0,1,0,2,0,0,4,0,0,0,0,0,1,0,1,0,2,0,0,0,0,0,0,1,0,0,0,0,5,1,0,0,0,0
4,0,0,0,2,0,0,0,1,0,0,0,0,0,0,2,0,0,0,0,0,0,0,1,0,1,9,0,4,2,0,0,0,0,0,0,0,0,1,1,0,1,1,0,0,1,0,0,1,1,0,0,0,0,0,0,0,0,0,1,0,0,0,0,0,0,0,0,0,0,0,0,0,1,0,0,0,0,1,0,1,1,0,1,3,0,0,0,0,1,0,0,0,0,0,0,0,0,0,0,0,3,0,0,0,1,0,0,0,2,1,0,0,0,4,0,0,0,0,0,4,0,0,0,0,0,0,0,0,0,0,4,0,0,0,0,3,0,0,0,0,0,0,0,0,0,0,1,0,0,0,0,0,1,0,4,0,0,1,0,0,0,0,2,0,1,0,1,2,0,1,4,0,0,1,4,0,0,1,0,1,4,0,4,0,0,1,5,1,0,1,0,0,0,0,0,1,0,2,2,1,1,0,0,0,0,3,0,2,0,0,0,0,1,1,1,0,1,0,0,1,0,0,0,0,0,0,1,1,1,0,1,0,0,0,1,0,0,3,0,0,0,0,0,0,0,0,3,0,0,6,2,2,0,0,0
1,1,0,0,1,0,0,0,0,0,0,0,0,0,3,0,0,1,1,1,0,0,1,0,0,0,5,1,1,1,1,2,0,0,0,1,1,0,0,1,0,0,1,1,0,3,0,1,0,1,1,0,0,1,0,0,0,0,0,1,0,0,1,1,0,0,0,0,0,0,0,0,0,0,0,0,0,0,1,0,0,0,0,4,2,0,0,0,0,3,0,1,0,2,0,0,2,2,0,0,2,1,0,0,0,0,0,0,0,1,0,3,0,2,2,3,1,0,0,0,0,0,0,0,1,4,1,0,0,0,0,3,0,0,0,0,4,0,0,0,0,0,1,0,0,0,2,3,0,0,0,0,0,1,0,2,0,1,0,0,1,0,0,0,0,0,0,0,2,0,1,2,0,0,2,6,1,1,0,3,1,1,0,2,0,0,2,2,1,0,2,0,0,0,0,0,0,0,0,3,0,2,1,0,0,3,0,0,3,0,0,0,0,1,0,0,0,1,0,0,1,0,1,0,1,0,0,2,3,0,0,0,0,1,1,1,0,0,0,0,0,0,2,0,0,0,0,0,1,0,2,1,0,0,0,0
1,1,0,0,1,0,0,0,0,2,0,0,0,0,1,2,0,2,1,0,0,0,1,0,0,0,8,0,3,1,1,0,0,0,0,2,1,0,0,1,0,2,0,0,0,0,0,0,0,0,1,0,0,0,0,0,0,0,0,0,0,0,0,0,1,0,0,0,0,0,0,0,0,1,0,0,0,2,1,1,1,0,0,0,4,0,0,0,0,0,0,0,0,0,0,0,0,0,0,0,0,2,0,1,0,0,1,0,0,2,1,0,0,0,4,0,0,0,1,0,3,0,0,0,0,1,0,0,0,0,0,6,0,0,0,0,1,0,0,0,1,0,0,1,0,1,0,1,0,0,0,0,0,0,0,4,0,0,2,0,0,0,0,2,0,0,0,0,3,0,0,4,0,0,3,4,0,0,0,0,0,1,0,5,0,0,1,3,0,0,0,0,0,2,0,0,0,0,0,1,0,2,0,0,1,1,2,1,3,0,2,0,0,1,0,1,0,0,1,1,0,0,0,0,0,0,0,2,2,0,0,0,0,1,1,0,0,0,1,0,0,0,0,0,0,0,0,2,1,0,3,0,0,2,0,0
0,0,0,0,3,1,0,0,0,0,0,0,1,0,0,0,0,0,1,0,0,0,1,0,0,0,9,1,1,3,0,1,1,0,0,2,0,0,2,0,0,0,0,0,0,0,0,1,0,2,0,1,1,0,0,0,0,0,0,0,0,1,0,2,0,0,1,0,0,0,0,0,0,0,0,0,1,2,0,1,0,0,0,4,4,0,0,0,0,0,0,0,0,1,0,0,1,0,0,0,1,2,2,1,2,0,0,0,0,2,2,0,0,0,3,1,0,1,1,0,3,0,0,0,1,1,1,0,0,0,0,3,0,1,0,1,0,0,0,2,0,0,1,0,0,1,1,0,0,0,1,0,0,0,0,5,2,0,2,0,0,0,0,0,1,0,1,0,3,0,0,3,0,0,1,3,0,0,0,0,0,1,0,3,0,0,3,3,0,1,0,0,1,0,0,0,0,0,2,2,1,0,0,1,0,2,2,0,0,3,2,0,1,2,0,0,2,0,1,0,0,0,0,2,0,1,0,0,2,0,0,0,1,0,2,0,2,0,1,0,0,0,2,0,0,0,0,0,0,1,4,3,0,0,0,0
