5,0,4,2,1,0,1,0,0,0,0,0,0,4,1,0,1,0,0,0,0,0,0,1,0,0,0,5,0,1,0,2,7,1,9,0,2,0,0,2,1,0,1,0,1,0,0,0,5,25,0,1,10,1,2,0,0,3,0,2,2,9,10,0,1,1,1,3,1,7,1,1,3,2,0,0,3,0,4,1,0,5,0,4,0,1,4,2,6,1,5,0,3,0,0,2,9,0,8,1,2,0,14,4,3,1,0,3,4,6,4,0,2,7,2,1,0,3,3,0,1,0,0,2,9,0,8,0,6,6,4,24,0,2,1,1,1,4,0,5,0,6,0,0,7,0,10,0,0,2,0,2,1,2,0,22,0,3,2,2,3,5,8,0,10,0,1,0,1,1,0,4,1,0,6,0,1,4,3,0,3,0,0,2,2,0,0,8,2,2,2,3,3,3,1,2,8,0,2,0,20,3,0,0,2,0,0,0,10,0,1,0,2,3,1,22,2,2,1,1,3,2,0,1,3,3,4,2,1,6,1,2,4,4,4,2,0,0,2,1,22,7,73,8,0,2,1,1,3,5,5,8,11,6,6,2
0,2,11,0,1,0,0,0,0,0,0,0,1,0,0,1,0,0,0,0,0,0,4,0,0,1,0,3,0,2,0,1,6,1,3,1,0,0,0,2,0,7,0,2,3,1,2,1,0,1,1,3,6,3,2,1,0,1,1,2,1,1,1,1,0,1,0,10,1,5,1,0,3,0,2,0,1,0,5,1,1,5,1,1,0,0,1,1,42,1,2,0,4,1,1,0,1,0,14,0,0,0,6,1,3,2,0,0,2,3,2,0,4,5,3,6,7,2,1,2,6,0,0,1,3,0,4,0,5,2,4,1,2,5,0,3,12,3,0,5,1,6,0,0,4,2,8,8,1,2,19,2,1,3,0,9,0,2,4,1,4,3,5,0,8,1,2,0,4,3,1,0,2,0,2,1,0,9,3,0,2,0,0,0,4,1,0,12,4,4,0,0,2,3,1,2,3,1,1,0,3,1,4,1,2,0,1,6,7,1,3,0,3,5,1,0,5,1,2,0,1,3,0,0,1,3,1,0,10,3,2,1,0,2,0,2,1,1,7,4,12,2,54,4,1,0,1,0,2,3,11,2,7,0,8,8
0,1,7,0,0,2,2,4,3,3,0,0,0,0,3,0,4,1,0,0,4,1,0,5,0,0,6,1,1,2,4,1,9,0,5,0,0,1,0,5,1,0,1,1,0,2,5,1,0,2,4,0,2,4,8,0,0,0,0,1,1,1,0,0,0,0,1,1,1,1,6,0,1,1,2,0,5,2,2,0,0,2,0,0,1,3,3,6,4,0,1,0,2,1,0,0,6,2,1,2,0,0,5,1,1,0,3,0,0,8,1,1,7,4,3,0,4,2,2,3,0,2,0,0,0,2,1,0,3,10,3,2,2,2,3,0,0,5,4,0,4,1,0,2,5,0,2,6,4,0,0,1,2,0,0,1,4,5,2,6,1,5,2,0,2,1,0,0,4,8,3,2,3,1,6,0,1,1,4,0,2,1,2,1,5,1,0,20,1,2,3,4,0,2,1,3,10,5,3,0,3,0,1,0,0,14,0,3,34,0,0,0,4,2,0,1,5,0,3,0,0,5,0,0,1,3,0,0,5,7,8,5,2,0,0,2,0,1,11,9,9,2,54,1,0,4,0,1,1,5,0,4,27,1,0,5
5,1,19,1,0,1,0,1,0,0,0,0,0,1,0,1,0,2,0,0,4,1,5,7,1,0,4,1,3,6,0,1,4,1,1,0,1,0,0,1,0,1,0,0,2,2,0,2,6,1,5,0,0,3,1,3,1,2,1,0,0,3,3,0,1,1,0,0,3,3,0,1,19,0,0,0,3,2,0,2,1,1,0,2,1,2,1,3,4,2,2,1,3,0,1,1,0,0,2,1,2,0,6,3,0,0,1,0,3,2,0,0,1,4,3,8,3,2,0,1,2,2,0,0,1,1,8,0,3,0,3,0,0,1,0,0,0,0,0,0,1,2,0,2,2,7,20,3,1,1,0,0,2,2,1,11,2,4,2,4,9,3,3,2,7,0,0,2,4,1,2,0,32,0,5,0,5,5,1,8,2,1,0,0,9,1,0,13,1,2,2,4,5,0,0,0,8,0,2,0,1,0,0,2,6,0,1,0,5,3,1,0,2,0,0,0,2,0,3,1,1,2,0,2,3,0,2,0,9,1,5,2,1,1,1,1,1,0,18,5,0,6,58,1,1,1,4,39,3,2,12,3,4,1,4,5
1,2,12,1,1,4,4,3,3,1,0,0,0,0,1,0,2,7,0,2,7,1,13,0,1,1,3,4,1,6,1,5,8,0,6,0,1,0,0,0,0,0,1,0,1,3,0,0,0,5,0,0,0,1,6,0,1,4,1,1,0,3,0,0,0,1,1,0,1,0,1,1,5,0,1,0,0,4,1,1,1,3,1,1,4,2,6,5,4,2,2,1,0,7,0,0,6,1,5,2,1,1,7,6,1,0,0,2,1,1,2,0,7,7,0,5,0,6,3,0,0,2,1,0,0,1,5,1,1,1,2,0,2,3,0,1,3,8,4,0,1,0,0,4,13,3,5,4,3,4,17,3,1,1,0,0,1,3,2,1,2,3,5,1,2,0,0,0,1,7,3,2,2,1,13,0,1,0,3,0,3,5,1,1,4,2,1,9,0,1,0,8,1,2,0,3,8,0,3,0,1,1,0,0,2,0,3,0,1,0,1,1,2,2,1,2,3,1,1,0,1,2,0,2,2,1,1,1,3,0,11,6,0,1,0,2,0,1,9,2,14,3,57,1,0,3,4,8,1,1,2,3,15,3,4,6
1,1,14,1,0,2,0,0,0,12,1,0,0,1,9,1,3,0,0,0,0,0,0,2,0,0,2,6,2,4,0,2,5,1,3,0,0,0,0,1,2,0,0,0,1,1,1,1,0,4,2,0,2,2,4,1,0,0,0,1,2,2,4,0,0,1,0,6,1,0,2,0,3,0,0,1,1,0,2,0,0,0,0,4,0,2,1,2,5,0,2,1,2,0,1,0,3,1,9,0,1,0,5,2,1,0,2,0,4,1,2,0,5,6,1,3,0,2,0,1,0,0,0,2,1,0,2,0,3,6,4,2,1,0,0,0,1,0,1,4,0,2,0,0,7,0,0,5,2,14,0,2,1,0,3,7,1,33,1,4,4,2,1,0,1,1,0,0,0,4,0,0,4,1,11,0,0,0,4,0,2,0,0,1,10,3,3,13,0,2,1,1,4,2,0,0,15,0,0,0,5,2,0,1,1,0,2,11,4,1,10,1,2,4,0,0,4,0,2,2,2,1,0,2,5,2,3,0,3,1,1,1,1,0,1,1,1,1,12,3,21,4,56,3,1,0,2,13,0,9,0,11,7,7,1,7
1,3,10,1,0,1,1,5,0,0,0,2,0,0,1,0,3,0,1,0,6,0,9,0,0,0,1,7,0,1,0,2,19,0,7,1,0,0,1,3,2,0,0,2,4,1,1,0,4,5,5,1,0,3,4,0,0,12,2,0,0,5,1,0,3,2,1,3,3,0,1,1,2,1,0,2,1,0,1,0,1,3,0,3,2,0,1,1,5,0,7,6,0,1,0,2,6,2,7,0,1,0,7,3,1,1,2,0,1,3,1,0,11,9,0,6,0,4,0,2,1,4,0,2,0,0,6,0,5,5,5,0,1,5,0,3,0,3,1,0,1,1,2,2,11,1,0,3,1,1,6,4,0,1,0,0,3,4,0,5,2,5,4,3,2,1,2,0,0,4,0,3,0,0,10,0,1,2,0,0,2,3,1,1,7,1,1,10,1,2,0,3,2,0,0,0,3,0,2,0,1,3,0,2,3,0,2,0,4,4,2,0,2,0,0,7,3,1,1,3,0,3,0,1,0,2,1,2,14,4,7,4,0,1,1,5,1,2,7,3,27,5,59,2,1,5,9,1,0,4,1,4,10,0,4,5
4,0,1,0,0,0,2,6,1,0,0,0,1,2,1,0,2,1,1,0,2,2,0,0,0,0,0,1,0,2,3,1,10,0,3,0,3,0,0,4,1,1,0,1,0,3,0,1,1,2,2,0,1,3,8,1,0,3,0,0,2,2,3,1,0,0,2,4,2,3,1,1,0,0,0,1,1,0,2,1,0,2,1,0,1,0,1,3,24,0,0,1,2,0,3,1,0,0,3,0,0,0,5,3,2,0,4,0,2,3,5,1,2,7,1,3,2,3,0,0,0,3,0,0,0,0,2,0,3,2,4,1,1,3,0,1,2,3,0,2,0,22,0,3,3,0,20,6,1,4,1,3,0,0,1,10,2,7,2,5,0,6,5,1,8,0,0,0,1,2,1,3,1,1,6,0,0,5,0,3,1,2,0,0,5,3,2,16,0,4,0,2,2,1,0,0,5,5,1,0,16,23,1,0,0,2,1,0,11,1,1,0,6,0,2,14,7,1,1,2,0,8,1,3,1,1,0,0,7,2,6,3,8,1,0,2,0,0,10,3,17,3,48,2,1,11,0,0,0,3,5,1,15,5,1,6
3,0,7,1,1,0,1,6,3,0,0,0,0,1,0,0,1,0,0,0,3,1,2,2,0,0,0,2,0,5,1,1,7,0,3,1,4,1,0,2,0,0,0,1,1,4,1,0,1,9,1,0,3,1,5,2,0,4,0,1,0,5,2,1,4,1,0,1,2,2,1,6,6,0,1,0,3,0,1,2,0,1,0,1,1,1,1,4,4,1,0,0,0,0,3,1,0,1,8,2,1,2,3,1,11,0,6,1,1,3,1,0,3,6,0,6,3,3,1,2,1,2,0,0,1,1,12,0,4,2,4,1,3,3,1,0,0,2,3,0,1,6,0,1,1,2,4,4,0,3,1,2,0,2,0,7,0,5,4,4,4,2,7,2,6,0,1,1,1,2,2,2,27,0,4,1,2,6,2,7,1,2,0,1,7,3,2,8,0,6,1,5,3,2,4,0,7,0,7,2,0,2,0,1,3,3,0,0,6,0,0,1,3,2,0,1,6,0,2,0,0,3,0,5,4,3,2,0,6,3,3,9,3,2,4,2,2,0,11,3,4,1,48,2,1,2,1,31,1,3,2,2,8,3,3,8
2,0,9,1,0,2,1,4,1,1,0,1,0,0,3,0,2,0,0,0,1,1,2,0,0,1,0,2,0,4,0,2,6,0,8,0,1,0,0,3,1,0,0,1,0,4,0,1,0,1,1,2,0,1,4,0,1,3,1,0,0,0,2,0,0,0,0,18,2,1,1,0,3,1,0,2,3,0,3,0,1,3,0,6,2,0,1,2,4,0,5,0,2,3,0,1,4,1,5,0,2,0,4,4,1,0,2,0,1,1,0,0,3,7,0,2,2,3,0,0,0,0,0,3,0,0,2,1,2,1,2,2,0,2,0,0,0,1,2,3,0,1,2,0,3,1,2,2,0,5,0,0,0,0,0,5,10,4,1,4,4,4,1,0,1,0,4,0,1,2,0,0,1,1,8,1,1,1,1,6,3,0,0,0,5,2,0,29,0,2,2,3,3,0,0,5,9,0,3,1,8,2,0,0,12,0,2,1,8,4,0,0,2,0,0,18,2,0,2,0,0,1,0,6,0,2,2,15,3,4,4,3,0,0,0,2,0,0,7,4,9,6,62,3,0,0,1,2,4,2,0,4,28,11,5,5
1,0,13,2,1,0,0,8,0,0,2,6,0,0,9,2,2,1,1,0,2,2,0,0,0,0,2,2,1,3,2,5,12,0,6,0,3,2,0,3,3,2,0,2,1,2,3,1,0,3,1,0,1,1,4,0,0,0,1,0,0,4,4,1,0,1,0,0,1,0,0,2,0,0,1,2,1,0,3,2,0,0,0,3,0,0,0,0,3,1,0,0,2,1,0,2,12,0,7,0,1,0,5,5,9,1,2,1,3,0,1,0,5,8,0,3,2,3,1,0,0,3,0,1,15,2,0,0,2,0,5,1,2,8,1,3,5,6,3,2,1,1,1,6,21,0,2,5,1,4,0,1,0,1,0,7,5,6,0,3,2,5,1,0,0,3,3,2,3,0,0,3,3,0,7,1,0,0,0,0,4,2,1,0,6,1,1,11,0,0,0,3,1,1,2,1,17,0,1,0,2,3,0,0,0,2,0,0,2,1,0,0,1,1,0,1,2,0,3,1,3,0,0,3,0,0,0,0,3,2,6,4,2,0,2,1,0,1,13,2,4,1,55,4,0,1,2,1,1,1,3,9,11,8,1,7
1,0,17,1,0,0,1,4,4,0,0,2,0,0,5,5,2,0,0,1,0,5,0,0,0,0,0,4,1,5,1,2,6,0,7,1,0,1,4,7,0,3,2,3,2,3,1,0,2,2,3,1,0,3,4,0,1,1,0,2,1,6,7,0,1,0,0,2,2,0,6,4,0,0,1,3,0,0,0,0,1,0,1,0,0,0,0,1,4,2,0,1,1,2,0,0,7,8,3,0,1,0,6,6,1,0,1,0,2,3,2,0,6,9,2,3,1,4,1,1,0,0,1,2,0,0,3,1,5,0,1,1,0,4,1,3,8,5,3,1,0,0,3,4,9,0,5,3,0,0,0,1,1,0,0,5,3,5,2,6,5,2,0,2,0,2,14,0,0,3,0,1,5,2,5,0,0,0,1,10,4,0,0,0,7,1,1,24,0,0,1,7,0,0,1,1,6,0,3,0,6,0,1,0,4,2,0,0,2,1,0,0,1,1,1,2,3,0,2,0,0,0,1,1,4,5,0,5,3,2,8,2,1,2,4,0,1,1,7,3,11,6,58,3,0,5,2,5,2,2,0,5,4,3,3,4
1,0,2,0,0,2,1,0,5,0,0,0,0,0,0,0,3,3,0,1,0,2,0,2,0,1,0,4,2,0,2,6,0,0,4,3,1,1,3,0,3,5,0,0,1,1,2,1,0,0,0,1,0,2,1,0,0,1,3,0,1,0,0,0,0,4,0,1,0,1,0,0,1,4,1,0,0,1,1,0,1,2,3,1,3,2,23,7,5,0,1,0,2,1,0,1,2,0,1,1,0,0,3,6,2,1,2,0,3,3,0,2,5,3,0,0,0,4,0,1,0,1,0,2,0,3,0,6,2,3,4,2,0,0,1,0,0,4,0,0,0,0,0,6,1,2,0,0,1,7,0,0,3,3,0,2,0,0,0,2,0,1,26,2,4,2,0,3,0,1,5,3,1,0,8,1,0,1,3,1,3,0,5,1,0,0,0,0,0,2,0,1,2,0,2,3,0,4,11,1,0,3,2,8,25,8,0,0,3,0,0,22,2,0,1,1,3,1,4,0,0,5,0,27,1,0,0,0,1,5,1,9,0,0,1,2,3,0,0,0,0,10,43,1,2,6,2,0,2,3,0,30,2,6,12,7
1,1,0,1,0,0,4,0,15,0,1,0,0,0,0,4,0,3,0,0,1,4,0,0,0,0,5,2,0,2,1,4,1,2,3,5,0,5,0,0,0,19,0,0,0,2,9,1,58,0,0,6,3,0,2,0,0,5,3,0,1,0,4,0,0,0,1,15,8,1,0,0,0,4,0,0,3,0,0,0,0,0,0,0,3,3,1,0,5,0,0,0,2,0,0,0,2,4,0,2,1,0,4,1,1,12,1,0,2,4,0,0,0,1,1,2,0,2,0,0,0,0,0,1,1,0,1,1,4,1,5,1,0,0,0,0,0,1,0,0,0,0,0,2,1,0,0,7,0,3,0,0,3,4,1,0,0,1,1,0,3,1,29,0,5,6,0,0,0,0,1,7,1,0,0,0,0,0,0,0,0,0,13,0,0,0,2,2,1,8,1,0,1,0,0,1,0,2,19,0,0,1,5,0,16,4,1,3,0,3,0,7,4,0,0,1,6,0,1,0,3,4,2,10,4,2,2,0,2,4,0,10,0,1,0,3,1,0,7,1,5,1,1,2,2,1,0,0,11,11,0,2,0,1,22,3
4,3,2,0,0,0,1,2,0,6,0,0,0,0,2,0,0,0,0,0,4,0,2,6,0,2,0,1,0,2,0,1,16,0,8,0,4,0,0,3,3,1,1,2,1,0,2,1,0,21,0,1,1,2,10,0,0,0,0,0,0,2,5,5,0,1,1,9,1,6,1,1,0,0,7,4,1,0,1,0,0,3,0,6,1,0,4,1,12,1,1,0,3,2,0,1,1,0,9,0,0,0,6,3,0,0,0,0,0,3,4,2,4,7,0,12,3,4,0,1,0,0,0,1,3,1,21,2,3,1,3,1,0,0,1,0,1,1,1,0,1,6,3,3,0,1,6,6,3,0,0,1,3,1,1,7,3,4,0,2,3,6,6,0,3,3,2,3,0,4,9,0,2,0,4,0,0,7,0,0,3,1,0,1,4,0,0,27,1,3,0,1,2,2,1,0,6,1,3,1,0,2,0,3,2,0,0,1,13,1,1,1,3,1,0,4,1,0,6,2,2,3,0,0,1,5,2,0,6,2,3,3,0,0,4,16,1,0,8,6,2,3,49,9,2,0,4,3,1,6,0,2,8,6,2,10
5,1,11,0,1,1,1,0,0,0,1,0,1,0,2,0,3,1,0,0,2,0,1,0,0,0,0,5,1,3,0,1,18,0,3,0,0,0,0,1,0,2,0,1,1,0,0,1,2,1,1,2,1,2,3,1,0,5,0,0,0,11,4,0,0,0,0,0,3,3,1,0,2,2,0,2,3,0,0,0,0,2,0,3,3,3,2,2,5,0,1,0,2,1,0,0,0,0,10,0,1,1,8,1,0,1,3,1,4,4,0,0,3,5,0,1,0,4,1,0,4,3,0,1,1,0,8,0,4,0,5,1,4,10,1,1,3,2,1,5,0,1,1,4,0,2,19,4,0,3,0,1,2,0,0,4,1,2,2,3,0,3,7,1,8,4,0,1,1,1,0,1,1,0,8,0,4,19,3,1,1,0,2,1,7,0,0,23,0,3,0,1,3,0,1,0,3,0,0,0,4,0,0,0,0,3,0,0,3,0,0,0,3,1,0,0,4,0,1,0,1,3,0,1,4,2,0,5,9,5,0,3,1,0,1,1,0,0,10,2,27,1,50,1,0,3,4,1,2,3,3,2,10,4,0,6
0,1,0,5,1,0,2,2,6,1,0,6,0,0,3,2,3,13,1,1,0,3,1,3,0,0,0,5,1,1,1,1,0,1,3,4,0,1,1,0,0,1,0,0,1,3,1,1,2,0,0,2,1,1,0,1,1,2,2,0,5,0,4,0,0,1,1,1,11,0,0,0,0,4,2,0,2,2,1,0,0,2,2,2,2,0,0,6,6,0,1,0,4,2,33,0,0,0,1,2,1,2,8,2,0,5,3,0,2,6,0,0,2,1,1,0,0,1,0,0,0,1,4,4,2,0,0,0,2,10,4,2,0,0,1,0,0,1,0,0,0,1,0,0,0,0,0,3,0,23,0,0,19,5,0,2,2,2,0,0,0,0,11,0,1,2,0,0,1,1,2,0,0,0,2,0,0,2,0,0,2,0,3,0,4,0,0,0,0,2,0,0,0,0,0,7,0,3,12,0,0,1,1,0,27,1,1,1,1,0,1,0,2,0,1,0,4,0,0,0,29,3,0,21,0,1,1,0,2,9,0,10,0,2,1,2,2,0,9,5,4,21,3,1,6,3,2,1,0,7,0,3,10,2,22,3
4,1,2,0,0,1,0,0,1,1,0,1,0,0,0,0,2,0,0,3,2,2,1,1,0,0,2,1,1,1,0,3,6,0,3,0,1,0,0,0,2,3,0,2,0,2,0,0,0,2,1,1,0,1,6,0,0,2,0,0,0,0,1,0,0,3,0,14,1,1,0,0,4,1,0,2,1,0,1,0,1,2,0,5,1,6,1,2,6,0,0,0,1,0,2,1,0,1,1,0,0,0,4,4,0,0,2,0,3,2,21,2,3,3,0,4,3,2,0,2,1,0,0,0,3,0,2,0,3,1,4,12,0,1,0,3,1,2,0,2,0,3,0,0,2,5,18,4,0,0,1,1,0,0,0,8,0,1,0,1,1,5,5,0,3,0,3,5,1,0,0,1,2,0,4,0,1,5,0,0,3,1,0,0,3,2,0,5,0,2,0,0,4,3,0,1,6,0,2,0,1,43,3,0,5,0,0,0,12,0,0,1,2,0,0,36,2,0,1,2,8,2,0,3,2,2,2,0,4,1,2,2,0,1,7,15,1,0,2,4,17,3,60,4,0,1,4,5,0,2,0,2,2,4,3,4
0,0,14,0,0,0,0,0,0,2,0,1,0,0,1,0,3,4,1,1,0,1,1,3,0,0,0,3,0,2,0,1,1,1,3,0,1,1,0,3,0,2,0,1,2,0,3,3,0,1,0,0,1,2,0,0,0,0,0,1,1,3,1,0,0,2,0,3,3,1,1,2,1,3,0,4,0,0,0,3,0,1,2,1,0,0,0,2,5,0,4,0,1,1,0,2,4,0,1,0,4,0,3,2,0,0,0,0,1,2,3,0,3,3,1,2,0,1,0,1,0,0,0,0,1,0,0,1,3,13,3,0,1,2,2,0,4,0,0,5,0,4,0,2,1,1,10,3,3,1,0,1,7,0,0,10,0,3,0,2,1,5,3,0,2,9,1,0,0,0,2,3,0,0,4,0,2,1,0,0,2,0,0,0,4,0,1,2,1,4,0,0,1,0,1,8,4,0,0,0,2,53,0,0,4,1,2,10,22,2,4,5,2,2,0,1,4,4,8,0,0,2,1,0,3,3,3,0,17,5,2,2,1,1,1,1,6,4,4,1,3,2,58,1,0,9,3,2,1,2,1,4,4,1,6,2
6,0,0,0,0,2,0,0,0,0,0,1,0,1,1,0,2,0,0,0,0,0,7,3,0,0,0,3,1,1,0,2,4,1,2,0,1,0,0,1,2,0,0,0,1,0,0,0,2,3,1,0,1,2,3,0,0,2,0,0,0,5,4,0,3,1,0,1,3,6,1,0,6,1,4,0,1,0,0,0,2,1,0,0,1,1,1,0,3,1,2,1,1,0,1,0,2,1,8,0,4,1,5,2,0,0,0,0,0,1,0,0,2,3,1,7,3,2,0,0,2,3,0,2,1,0,5,0,2,1,2,1,1,0,0,0,2,1,3,2,0,0,0,0,0,1,18,6,0,8,3,0,2,1,0,5,5,2,0,3,32,8,3,1,6,0,2,5,2,6,1,0,22,0,5,0,1,7,4,1,5,1,1,0,5,3,4,5,0,1,1,2,3,2,0,0,9,0,0,1,0,3,1,0,4,3,0,0,23,6,0,1,2,2,0,1,3,0,6,1,0,1,1,5,1,1,0,0,2,2,1,3,1,0,6,5,8,0,6,2,2,1,60,3,1,2,3,31,2,1,1,6,3,4,2,5
0,0,4,0,0,1,1,1,0,0,0,1,0,2,1,0,2,0,0,0,0,0,0,2,0,0,0,2,2,3,0,2,10,0,6,1,0,1,1,2,0,7,2,0,0,0,0,0,0,2,0,0,0,1,4,1,0,5,0,0,0,0,0,0,0,0,1,0,1,6,0,0,0,0,3,0,1,1,2,0,0,3,0,0,0,0,1,1,19,0,0,0,0,0,0,0,1,0,14,0,0,0,5,7,0,0,1,2,4,3,8,0,10,7,1,4,1,3,1,0,0,1,0,0,2,0,1,0,2,2,4,0,3,0,0,1,1,5,1,4,2,6,1,0,5,3,17,4,0,1,0,0,0,1,0,5,0,5,0,5,8,6,3,0,3,1,1,0,1,1,0,0,7,1,4,1,4,46,0,0,3,1,3,1,4,2,0,14,0,17,1,0,3,3,0,0,1,0,1,0,10,0,0,0,3,0,2,1,5,0,0,0,2,0,1,0,5,0,1,0,0,1,0,1,1,2,0,0,2,1,1,4,1,2,3,0,2,1,6,0,11,2,49,2,0,0,2,4,2,2,0,4,8,0,1,6
6,0,17,2,1,3,0,5,2,0,0,1,0,0,2,0,3,0,1,1,2,1,1,0,0,1,1,0,2,5,0,2,2,0,3,0,0,1,1,2,16,0,0,2,3,2,1,0,0,1,0,0,0,1,3,0,0,1,0,1,0,3,2,1,0,34,0,1,3,4,0,0,2,3,0,0,5,0,1,0,1,7,0,0,3,1,4,1,6,1,2,0,3,1,0,0,0,0,9,0,1,1,6,2,2,0,1,1,5,4,6,0,3,7,0,3,2,3,0,2,0,1,0,1,1,1,6,0,2,4,3,0,0,2,0,0,0,1,1,4,0,7,2,1,0,0,26,5,0,2,0,0,0,1,0,11,3,3,1,3,1,2,11,1,3,1,0,1,3,3,1,0,8,0,6,0,0,6,1,0,2,3,1,0,4,0,2,0,0,2,3,2,7,9,0,0,1,0,1,0,0,0,0,0,3,0,0,0,13,1,3,0,2,0,1,0,5,2,1,1,0,2,0,0,4,1,0,1,3,3,0,3,0,1,2,1,0,1,4,2,0,1,48,2,0,2,1,2,1,13,1,2,2,15,4,7
0,0,2,1,0,0,0,0,2,1,0,0,0,0,1,0,4,0,0,0,0,1,1,1,0,0,0,1,0,0,0,1,2,0,5,0,1,0,0,3,2,0,1,1,3,0,2,1,5,6,0,6,1,2,5,1,0,46,0,1,0,1,0,2,0,0,0,1,2,0,1,1,0,0,1,3,1,0,0,0,0,1,0,1,1,0,1,1,4,0,1,1,1,1,0,0,2,0,6,2,0,1,7,1,10,3,1,1,2,3,2,1,4,3,1,3,1,4,0,3,0,1,0,0,1,1,11,0,3,9,4,2,0,1,0,1,7,2,2,1,1,0,0,2,1,1,16,6,0,4,7,2,1,1,1,6,7,2,0,1,1,2,7,0,3,3,1,0,0,0,2,2,0,0,5,0,0,0,0,0,1,0,0,1,3,0,3,6,0,3,2,0,3,3,0,3,2,3,1,0,1,0,0,1,2,1,0,1,22,1,1,0,3,1,1,19,14,0,8,1,7,3,1,1,1,4,3,0,9,2,1,1,2,0,0,9,0,1,2,3,5,7,50,1,0,1,4,0,2,4,4,3,3,3,1,7
1,0,5,1,0,0,0,1,1,1,0,0,0,0,0,0,1,0,0,0,0,0,0,10,0,1,1,1,0,1,0,2,2,0,11,0,0,0,2,0,0,1,2,0,1,5,6,4,1,1,0,13,1,1,3,0,0,9,0,0,0,3,0,0,0,1,0,0,3,2,0,0,0,1,3,1,4,2,1,0,0,7,0,1,1,1,2,2,8,0,3,1,4,0,0,3,7,1,2,0,1,1,2,1,0,0,0,4,4,9,2,0,7,4,3,8,1,3,0,0,0,3,0,0,0,0,0,0,2,5,2,2,0,1,0,0,6,5,2,4,0,1,1,3,1,4,3,4,0,1,2,1,1,2,0,5,0,3,0,0,1,2,6,0,3,2,0,0,1,0,1,0,1,4,5,1,0,24,1,2,2,1,0,0,4,0,0,9,0,3,2,1,1,3,0,7,9,0,1,0,8,0,1,0,2,0,1,6,41,5,0,2,2,0,1,1,2,0,1,1,0,2,1,0,2,3,0,1,15,4,0,0,0,0,4,4,2,1,3,6,5,5,43,11,0,2,2,1,3,3,8,10,4,0,1,7
0,0,1,0,1,2,1,3,3,1,0,0,0,0,2,0,3,0,1,0,1,0,0,0,0,3,0,1,0,6,0,2,6,0,6,0,3,1,0,2,0,0,0,0,0,1,2,2,1,2,1,0,3,2,3,1,0,3,0,1,0,0,2,0,0,0,0,1,4,1,2,1,0,1,0,1,1,0,1,0,0,3,0,1,0,0,0,3,4,0,1,0,4,2,0,1,1,0,2,0,7,0,3,4,0,0,1,0,1,3,1,1,4,5,1,4,1,3,0,0,0,0,1,1,3,1,3,0,4,5,4,1,0,1,0,3,3,1,3,0,0,0,2,0,0,0,10,3,1,3,1,1,0,1,0,7,3,6,1,4,4,4,5,0,4,0,2,18,0,2,3,1,22,0,4,0,0,1,0,3,2,1,0,1,9,2,1,8,1,2,0,2,2,0,1,1,14,1,1,0,3,0,0,0,1,0,1,0,38,4,2,3,2,0,0,2,7,2,4,2,4,2,2,9,4,2,0,1,7,0,1,5,2,1,2,2,4,1,5,4,0,3,51,2,2,3,1,28,10,5,0,6,14,2,1,5
4,1,3,2,1,3,1,0,0,1,0,0,0,1,0,0,2,0,0,1,6,2,4,2,0,1,0,6,2,1,0,5,6,0,7,0,0,0,1,0,0,0,0,1,2,0,2,4,9,3,1,0,0,3,5,0,1,12,0,0,1,5,0,0,0,1,1,2,1,2,3,1,0,0,0,2,0,0,3,1,0,1,0,3,0,1,1,0,7,0,1,0,0,0,1,1,0,1,2,0,0,0,2,1,3,2,0,2,1,1,4,2,6,6,0,1,0,4,0,0,0,0,0,0,0,0,4,0,2,1,3,0,0,0,0,1,1,3,3,1,2,3,1,2,0,1,10,3,0,8,0,1,0,0,1,6,0,3,1,4,0,2,1,2,6,0,0,0,0,3,1,3,4,1,6,0,1,23,0,1,3,0,2,0,3,0,0,21,1,1,0,0,2,0,0,0,4,1,3,0,14,1,0,0,4,0,1,2,6,0,3,1,1,0,0,1,3,0,1,3,6,3,0,4,3,4,0,0,2,1,0,9,1,1,1,1,1,1,4,0,15,2,45,2,0,2,2,21,0,1,4,5,6,7,2,4
3,0,2,0,0,2,0,3,4,1,0,0,0,0,4,0,3,2,0,0,2,2,0,1,0,0,1,2,0,0,0,1,16,0,3,0,4,0,0,0,0,0,4,1,2,1,1,1,0,2,0,0,0,2,7,0,1,0,1,0,0,0,6,1,0,0,0,4,2,4,0,2,0,4,2,4,1,2,1,1,0,1,0,0,3,8,1,5,15,0,3,4,1,0,0,1,0,1,2,0,1,0,4,3,0,0,4,2,3,3,1,0,5,4,0,1,2,2,0,1,1,1,0,0,0,0,1,0,3,5,6,0,0,1,1,0,1,0,5,0,1,2,0,0,3,4,21,5,1,0,0,2,2,4,0,13,0,4,1,3,7,5,5,0,6,2,0,5,1,1,1,1,3,2,5,1,1,16,6,0,1,1,3,0,9,3,2,31,0,4,0,4,0,3,0,1,7,0,0,0,0,7,0,0,3,0,0,0,21,0,1,2,3,6,0,0,2,0,3,1,1,3,1,2,3,3,0,2,2,9,2,5,1,2,1,1,4,0,6,1,14,3,56,3,3,0,1,4,4,4,1,2,16,3,1,5
3,3,6,0,0,3,2,0,8,2,0,0,0,1,0,0,8,0,0,0,0,6,0,0,0,2,1,3,0,1,0,2,0,5,5,3,0,6,0,3,1,0,2,0,0,0,4,1,0,1,2,1,1,1,0,1,0,1,1,5,0,0,0,1,0,0,3,8,0,0,0,0,0,18,2,1,14,14,1,1,11,1,0,0,5,0,13,3,4,1,2,0,1,1,22,1,1,0,1,0,0,1,1,5,2,0,6,0,1,3,2,2,6,2,0,0,0,7,0,1,1,0,3,0,0,2,1,2,3,4,2,6,0,0,0,1,0,2,2,1,0,2,0,0,1,1,1,1,1,2,0,1,5,1,0,4,2,3,0,1,1,1,23,0,9,7,7,3,0,0,1,2,1,2,4,1,0,1,6,0,2,0,9,1,2,0,0,4,0,2,0,2,0,0,0,0,2,4,8,1,2,4,2,0,27,3,1,1,0,0,3,12,3,0,4,0,7,0,0,1,1,4,1,11,2,0,2,0,5,8,1,5,0,1,0,3,2,1,2,14,0,5,3,1,4,1,2,1,5,2,2,2,0,1,10,2
3,0,7,0,0,1,3,4,1,0,1,0,0,0,2,0,2,0,0,0,1,3,0,1,0,0,1,2,0,2,0,2,12,0,4,0,1,0,2,1,8,2,0,1,0,0,0,0,0,6,2,1,1,4,1,0,0,1,2,0,0,12,1,2,1,0,0,4,5,4,0,4,0,1,4,0,3,2,1,0,0,1,0,2,0,0,0,0,5,0,2,1,1,1,0,0,4,1,5,0,1,0,5,2,19,0,1,1,2,2,2,0,5,6,0,4,1,2,4,1,0,5,0,0,0,0,13,0,3,3,5,0,1,1,0,2,2,1,0,1,0,0,0,2,3,0,0,3,4,3,0,3,0,1,0,11,0,4,3,2,2,2,5,1,10,0,1,0,0,4,4,0,20,0,5,0,1,5,1,0,2,0,0,2,5,3,0,12,0,2,0,0,1,3,0,0,4,0,0,0,6,0,0,0,0,2,1,0,4,0,1,0,2,1,0,0,3,0,0,1,0,2,0,5,3,4,0,0,3,2,3,4,0,1,1,1,2,1,5,1,9,3,45,2,1,1,3,26,1,2,4,5,7,5,3,3
3,0,5,1,1,1,4,0,1,0,0,0,1,6,1,0,10,0,0,0,0,3,0,2,0,5,1,8,1,2,0,1,11,1,4,0,0,0,0,1,0,0,0,0,1,2,0,1,0,1,1,0,0,1,4,0,0,1,0,0,0,2,3,0,0,1,0,1,1,5,2,0,6,4,1,8,3,0,3,2,0,3,1,1,3,3,0,2,7,1,3,2,2,2,4,0,1,0,1,0,2,0,3,5,1,1,1,1,1,1,1,1,3,4,1,7,0,4,0,0,0,0,1,9,2,1,0,1,2,3,1,2,1,2,1,0,2,2,2,7,1,8,0,6,4,0,2,6,1,3,1,1,1,2,4,14,0,0,1,1,2,1,4,0,5,1,1,1,0,0,3,1,13,0,3,0,3,17,1,1,4,0,4,0,3,2,4,29,0,1,7,0,4,0,0,0,2,0,0,1,15,1,0,1,2,1,2,3,4,0,1,1,5,0,8,0,3,1,1,0,0,1,0,4,2,2,0,0,6,1,0,2,2,0,22,13,0,0,3,1,8,6,21,2,0,0,5,31,3,7,10,5,3,4,2,3
1,3,2,1,1,1,1,0,0,0,0,1,0,0,1,0,1,2,1,2,3,2,6,2,0,1,3,3,2,2,0,1,7,0,7,0,0,0,0,2,0,7,0,2,4,1,1,3,24,1,2,0,0,1,3,1,0,12,2,1,0,8,6,2,0,0,0,1,2,2,2,0,11,0,1,0,0,0,1,1,0,4,0,2,1,1,2,3,4,0,0,0,2,2,2,1,1,0,0,0,1,0,4,3,4,0,0,0,3,2,1,0,8,2,0,6,2,4,0,0,0,1,0,0,1,0,8,0,2,0,2,0,0,3,2,1,0,3,3,0,0,1,2,5,1,1,5,5,0,1,0,0,1,1,2,6,4,0,1,4,4,3,7,0,2,0,0,2,1,2,1,2,17,0,7,0,0,0,1,0,4,1,2,1,9,0,0,11,2,3,0,0,0,1,0,3,2,3,4,1,5,0,1,0,2,2,3,0,20,0,0,2,3,1,0,0,3,0,0,1,2,2,1,4,3,3,3,1,1,2,4,3,0,0,2,1,3,1,2,6,20,3,50,3,0,0,7,27,2,2,1,2,8,2,3,3
1,3,0,0,0,0,2,5,9,2,0,0,2,1,0,0,1,0,1,0,2,6,0,0,0,0,5,1,2,1,3,1,2,1,2,2,2,6,0,3,2,0,4,0,4,0,4,0,2,2,0,0,0,2,7,1,2,3,0,3,0,0,1,2,0,25,0,0,2,3,0,0,0,10,1,1,6,1,1,2,0,1,0,1,2,0,6,5,6,0,2,0,2,0,0,2,0,1,2,1,3,6,1,4,0,2,4,0,5,1,3,2,7,4,2,1,1,5,0,1,1,1,2,0,3,2,2,3,5,9,2,2,0,1,2,0,0,0,1,1,1,1,0,1,1,2,14,2,1,4,0,1,0,2,0,0,1,2,0,3,2,3,22,7,5,6,0,2,1,1,1,1,0,1,5,0,0,1,3,2,2,8,4,0,2,0,2,3,0,3,0,1,1,0,0,2,4,2,16,2,0,5,1,1,11,2,0,1,2,0,0,1,5,0,1,1,7,1,0,1,0,3,2,3,0,0,0,1,3,4,1,4,1,0,1,1,2,0,4,0,0,6,23,2,1,1,0,0,1,2,1,2,5,4,3,3
2,1,9,0,0,0,3,0,1,0,0,0,1,0,1,0,0,1,1,0,4,0,1,6,0,0,0,3,1,4,0,1,10,0,4,0,0,0,1,0,0,0,0,7,2,0,3,1,1,48,6,1,2,1,2,1,1,0,0,1,1,1,2,7,1,5,0,3,1,2,0,3,10,1,2,2,0,1,0,0,0,0,2,1,1,1,1,0,5,2,0,1,1,2,0,0,4,0,5,1,0,1,3,3,2,0,0,3,2,2,2,0,5,3,0,6,3,2,1,1,2,1,0,0,0,0,5,0,5,2,1,2,0,1,0,0,1,0,0,0,0,1,1,1,3,1,4,1,1,1,1,1,0,0,1,3,0,0,0,3,0,3,1,1,6,0,3,2,0,0,1,0,0,1,3,0,2,1,0,2,2,0,1,0,4,0,1,5,0,10,2,0,2,0,0,1,6,0,0,1,0,0,0,1,3,1,0,4,30,1,4,1,3,0,2,1,3,0,4,0,0,2,0,4,2,4,1,0,12,1,0,3,0,0,1,3,1,0,4,0,7,2,44,3,0,2,0,1,2,1,8,5,6,5,4,6
0,0,5,0,2,0,4,0,0,0,0,1,0,0,2,0,1,0,1,0,2,1,0,0,0,3,0,4,0,1,0,1,10,0,2,1,0,0,0,3,3,1,0,3,2,1,1,0,0,1,0,1,4,1,3,1,0,3,3,0,1,0,2,0,0,0,0,3,3,1,1,1,1,0,1,1,3,0,4,1,0,2,0,1,0,2,0,12,29,0,2,0,2,1,0,0,0,0,20,1,1,1,7,4,1,0,1,1,0,2,1,4,1,7,1,7,7,2,0,0,0,1,1,1,2,0,2,1,6,2,5,1,4,1,2,2,0,1,1,5,2,4,3,0,1,4,29,4,0,3,2,3,2,0,0,5,0,6,4,4,4,7,4,1,7,2,1,1,8,2,0,0,0,1,5,1,2,0,2,1,5,0,1,2,3,0,0,7,2,2,0,0,2,0,1,1,4,1,2,1,22,1,1,0,0,1,1,3,6,1,0,1,3,1,2,1,3,3,0,0,1,3,1,2,0,4,0,8,0,1,3,7,1,0,2,5,2,0,5,1,1,4,51,6,1,4,1,3,3,2,2,5,6,4,2,5
3,1,0,0,0,1,1,0,4,0,1,4,1,2,0,0,0,0,0,0,2,1,0,1,2,1,0,1,0,1,0,2,3,3,9,2,0,0,0,1,3,25,0,1,2,4,8,0,4,5,0,5,0,1,2,1,0,1,5,1,1,0,1,0,0,0,2,0,6,6,0,0,0,3,1,0,1,0,0,2,0,1,4,0,3,0,7,3,5,1,2,0,3,1,0,1,1,0,0,0,0,0,1,2,5,1,2,1,7,4,1,10,2,2,0,0,0,2,0,0,0,0,0,0,0,0,0,1,5,2,3,1,0,0,1,0,0,2,1,1,1,2,0,1,1,3,0,10,0,3,0,0,2,6,0,10,0,2,0,2,1,1,16,1,5,3,0,1,0,0,4,4,1,4,5,0,1,0,2,0,1,0,5,0,1,0,1,1,0,5,1,1,2,1,1,1,4,0,14,1,0,8,2,0,13,0,0,0,8,1,1,9,4,0,0,1,4,0,0,0,22,4,0,19,0,3,0,0,5,1,0,8,0,1,0,3,0,0,1,1,2,5,44,1,2,3,1,0,2,3,0,1,0,0,7,3
0,0,3,3,1,1,1,0,0,0,0,3,1,1,0,1,3,0,2,2,0,2,0,3,0,1,0,6,0,4,2,0,3,0,4,0,0,2,0,0,0,4,1,1,0,1,2,0,2,4,0,4,0,0,6,0,0,3,0,3,1,1,4,6,0,0,0,1,3,0,0,0,1,1,0,1,3,1,0,0,0,0,0,0,2,0,1,1,3,2,1,0,1,3,1,0,14,1,3,0,3,1,2,4,1,0,2,0,0,2,1,1,4,4,1,1,1,2,0,0,0,0,3,2,1,1,1,0,3,4,5,3,3,1,0,0,8,2,1,0,0,1,0,3,2,0,9,7,0,19,0,0,2,5,0,7,0,0,1,0,1,4,10,1,3,3,1,5,0,0,0,0,2,4,4,2,0,1,0,2,2,0,0,2,1,2,0,3,0,1,0,2,3,0,1,8,6,0,6,0,3,0,0,1,8,1,1,0,12,2,5,5,2,0,0,8,3,2,3,1,4,1,0,7,2,0,0,0,3,4,0,4,1,0,0,3,0,1,5,7,4,5,57,4,0,0,4,11,3,4,1,2,2,3,1,4
3,0,2,1,0,1,0,0,0,0,0,1,0,2,1,1,2,0,0,1,0,0,2,0,0,2,1,3,1,1,1,4,5,0,7,0,0,1,0,1,1,0,1,0,2,0,4,0,0,20,1,0,0,2,8,0,0,6,0,0,0,2,1,1,0,2,4,1,1,1,1,1,1,0,9,0,1,0,8,0,1,2,0,0,1,1,0,2,4,1,2,0,0,0,1,0,2,1,8,1,1,0,6,2,10,1,0,1,2,0,12,0,9,5,1,1,6,4,0,2,2,6,1,6,2,1,27,0,1,3,1,1,1,2,1,0,6,3,3,1,0,0,1,1,0,2,6,5,0,5,0,0,0,1,0,6,2,1,1,1,0,7,1,0,5,2,1,5,1,0,0,2,7,0,7,0,2,9,1,0,5,0,1,0,12,0,0,8,0,0,0,1,5,4,0,3,9,0,1,0,0,0,1,0,0,2,0,0,19,0,0,1,0,0,0,1,0,0,2,1,1,2,1,1,3,0,2,0,8,1,1,2,0,2,3,3,1,1,1,3,18,3,62,5,0,2,6,4,2,2,2,13,5,2,2,5
2,3,3,2,7,2,1,0,9,1,4,0,1,2,0,1,1,2,1,0,1,3,4,0,0,3,1,6,1,0,1,6,7,1,4,0,1,4,0,1,3,1,0,2,0,1,4,0,2,2,0,1,0,0,2,0,1,1,0,1,0,0,1,0,0,0,0,4,3,1,0,1,0,2,1,0,8,1,1,0,2,0,1,1,3,0,13,10,5,1,0,1,1,3,15,0,0,2,1,5,1,1,0,4,0,5,1,5,5,2,0,1,5,2,1,1,1,3,0,0,5,3,0,0,1,44,6,1,3,0,4,5,0,0,0,0,0,0,0,1,0,1,0,0,0,3,0,0,0,6,0,0,1,2,1,2,5,1,2,0,0,2,14,1,5,7,3,5,1,2,1,0,0,0,5,0,0,0,3,0,3,0,4,0,1,2,0,1,2,2,1,3,0,3,1,9,0,2,10,4,1,0,4,2,18,0,0,3,0,0,1,6,2,0,0,0,4,0,0,0,2,2,0,11,0,3,1,1,3,3,0,2,1,0,3,5,1,0,1,0,0,6,2,1,0,2,1,3,9,3,2,3,0,2,9,3
1,2,0,0,1,0,3,0,2,0,0,0,0,0,0,0,0,0,1,0,4,4,0,1,1,1,0,3,0,9,0,3,0,1,3,2,1,0,0,0,0,1,0,1,0,2,1,0,0,1,0,1,0,1,0,0,0,0,1,0,1,0,1,1,0,1,0,2,7,1,0,1,7,2,0,2,1,2,2,0,1,1,0,3,2,0,9,4,5,0,4,2,5,6,0,2,1,0,0,0,1,1,0,5,1,1,1,1,2,3,0,2,3,1,3,0,0,3,0,0,0,0,2,0,1,3,3,0,6,4,10,3,0,0,0,1,1,3,0,0,0,8,0,0,0,3,9,1,0,8,1,0,2,4,1,10,0,0,1,8,0,2,13,1,2,3,1,1,0,0,1,1,1,1,9,0,3,1,8,0,1,0,9,1,1,1,0,0,2,3,0,1,2,0,2,2,2,1,14,0,1,17,0,2,13,2,1,1,10,0,1,1,5,0,0,0,5,0,0,0,2,3,1,8,0,0,2,1,6,2,0,6,2,3,0,1,1,0,18,2,1,14,48,2,2,4,8,0,6,3,4,3,1,1,9,6
2,0,4,0,0,7,0,1,2,0,0,0,0,0,4,0,3,0,0,0,4,2,0,2,0,0,0,4,0,3,0,1,10,1,4,0,4,0,0,0,0,0,0,2,2,1,1,0,0,2,0,0,1,2,6,0,1,0,1,1,0,0,1,0,0,0,2,8,1,8,1,0,3,2,4,0,0,0,1,1,0,0,2,1,1,0,0,4,8,0,0,0,1,1,1,1,0,0,3,1,2,1,7,1,1,0,2,0,1,7,0,0,3,5,0,3,2,2,1,0,0,1,0,0,0,0,3,2,3,0,8,0,1,0,0,0,0,1,7,0,0,2,2,4,1,0,10,4,0,1,0,2,3,1,0,4,2,4,2,2,3,3,9,0,7,1,2,1,6,2,5,2,2,1,9,2,1,1,5,0,1,1,0,1,9,5,0,23,1,3,4,3,1,4,2,1,11,1,0,0,0,1,1,2,1,2,2,2,28,3,0,0,4,0,0,0,3,0,3,0,0,3,0,3,3,3,0,0,8,5,3,2,1,0,1,4,2,0,7,0,7,3,50,3,1,2,0,4,6,3,6,2,9,1,0,7
2,1,0,0,5,1,0,0,9,0,0,0,0,0,0,1,0,0,0,1,0,21,1,2,0,0,0,1,0,1,0,4,1,0,3,3,2,1,0,1,1,2,1,1,2,1,2,0,3,2,0,0,0,1,1,1,0,11,0,2,0,1,0,1,0,1,0,1,17,1,0,0,4,2,2,0,3,0,1,0,0,0,0,4,0,0,29,17,4,1,2,0,2,12,0,2,1,0,1,1,0,0,5,4,0,12,3,0,3,4,1,1,8,2,1,1,0,4,0,0,0,0,0,2,0,0,1,0,2,0,5,0,0,0,1,0,0,0,0,0,0,0,0,3,0,2,0,0,0,2,0,1,3,2,0,2,0,0,1,1,0,2,26,0,2,1,2,0,0,2,0,14,0,0,6,0,0,0,0,1,3,0,7,0,3,1,0,0,0,2,0,3,9,0,0,0,1,0,32,1,0,1,0,0,31,1,0,0,1,0,0,1,4,0,1,0,6,1,2,0,2,3,1,24,2,0,8,0,6,6,0,7,0,0,0,9,0,0,7,0,0,15,3,3,3,0,2,0,0,4,1,2,0,1,10,3
3,0,18,0,1,0,3,8,0,0,0,1,1,1,5,0,1,1,4,0,0,1,0,0,0,0,0,2,2,1,6,2,0,1,5,1,0,0,0,2,1,0,0,0,1,1,1,3,0,2,0,0,2,2,6,1,0,1,1,0,3,0,0,1,1,4,0,1,2,3,1,2,2,0,1,0,0,0,1,0,1,2,2,1,5,2,1,6,21,2,2,1,0,0,1,0,4,0,7,0,1,1,4,3,0,0,3,0,4,0,2,0,4,10,2,4,0,3,0,3,0,2,0,0,1,0,5,0,3,1,2,0,0,0,0,0,0,4,5,2,1,9,0,1,0,1,19,8,0,2,12,1,2,2,0,6,0,4,2,4,4,2,2,0,4,1,1,3,0,2,0,3,3,0,5,1,0,17,0,0,3,1,0,2,4,2,0,4,1,2,0,1,1,2,2,2,9,1,0,1,1,0,1,0,1,2,1,4,25,2,2,0,3,1,2,3,2,1,4,0,2,1,2,2,2,0,1,0,3,1,1,2,3,0,0,0,2,1,13,2,5,2,50,2,0,5,0,2,3,6,17,4,2,2,3,3
8,2,0,1,1,1,0,2,2,1,1,0,0,3,0,0,2,1,1,1,2,3,2,3,1,0,3,7,0,2,0,3,0,1,1,0,1,0,0,0,3,3,0,0,0,0,1,1,6,1,1,0,1,0,0,0,0,1,5,0,0,0,6,0,0,9,0,2,1,0,1,0,1,6,1,0,4,0,0,0,0,3,3,3,0,3,1,4,3,0,2,1,2,1,0,1,1,2,2,1,3,1,3,1,0,1,0,1,1,2,1,1,4,1,6,1,0,1,0,0,0,0,0,4,0,1,0,3,3,0,3,6,5,0,1,2,0,2,2,0,1,0,0,2,0,2,5,4,0,4,0,1,2,3,0,6,0,2,1,1,2,4,14,1,4,6,0,1,0,1,1,3,1,0,8,2,0,3,1,3,0,1,6,0,0,0,0,4,3,3,1,0,2,0,0,3,10,2,11,5,0,0,2,1,10,0,0,0,3,0,8,1,4,0,0,18,4,2,4,0,6,2,1,4,2,1,2,0,4,3,0,4,1,2,0,4,1,0,2,2,18,4,50,3,1,0,6,0,1,6,1,1,2,6,7,5
1,1,4,1,0,0,4,5,2,0,0,1,0,0,3,0,5,1,1,0,3,1,0,0,0,0,0,3,0,3,3,2,7,0,2,0,1,0,0,7,1,1,0,2,1,0,1,2,0,1,1,0,1,1,8,0,1,1,0,0,5,3,2,0,1,1,0,2,2,1,0,0,0,0,1,3,1,0,3,0,0,1,1,2,1,0,1,0,4,0,3,0,2,0,1,1,4,4,1,1,0,1,4,3,2,0,2,4,4,2,1,0,10,6,2,9,3,3,0,2,0,0,0,0,0,0,10,0,4,11,5,1,0,1,12,2,1,19,5,1,1,0,0,0,5,1,3,12,3,2,0,3,0,0,0,1,2,8,1,4,4,3,2,5,4,0,3,0,0,2,0,2,1,5,7,0,1,1,0,0,3,0,0,0,4,1,2,13,0,2,0,0,1,1,0,0,6,1,0,0,1,0,1,1,0,3,0,1,5,1,3,1,4,2,1,0,3,0,4,1,0,2,0,1,1,2,0,2,8,6,7,6,3,1,1,1,2,1,8,0,18,0,48,1,2,7,1,2,0,3,0,3,8,4,2,8
0,1,5,1,0,1,0,0,0,0,0,9,0,2,1,0,3,0,2,0,2,1,7,0,0,1,0,2,1,1,0,2,9,0,7,0,1,0,1,1,0,0,0,0,1,1,0,2,1,2,3,0,0,3,2,1,0,3,0,0,0,4,2,1,0,0,1,1,1,2,0,1,4,0,1,0,2,0,4,1,1,2,0,0,0,0,2,2,4,10,5,0,0,1,1,2,6,0,2,0,1,0,9,2,8,0,3,3,2,1,3,0,4,7,1,1,2,3,1,0,0,0,1,0,0,0,4,0,1,0,3,25,0,0,0,0,12,4,2,0,0,1,0,2,13,0,10,2,1,3,2,0,2,0,0,7,0,9,0,2,1,2,3,0,4,1,0,6,0,0,0,0,3,0,6,0,1,3,2,1,3,0,0,1,6,0,0,8,0,3,0,0,3,0,0,0,6,0,7,0,9,1,0,0,2,2,1,0,7,4,6,0,6,2,0,27,1,1,4,0,3,1,0,1,0,0,0,0,4,1,3,2,4,0,2,4,0,0,4,4,15,10,57,4,0,1,1,6,5,2,5,3,7,3,1,4
2,0,11,0,1,1,1,2,0,0,0,0,0,1,1,0,2,1,0,0,1,0,1,0,0,2,1,4,1,7,2,2,13,2,8,0,0,0,0,2,0,2,0,2,0,0,0,2,0,4,1,0,1,2,8,0,2,4,0,0,0,4,0,0,0,1,0,2,2,0,4,0,2,0,0,0,0,0,3,0,0,1,1,3,0,2,3,4,4,0,0,0,0,1,0,1,0,0,2,0,0,1,4,3,4,0,2,1,1,2,1,1,6,8,2,4,0,4,0,2,1,0,1,3,0,0,12,0,5,1,4,0,0,5,1,0,1,0,2,2,0,0,0,1,1,0,0,4,3,3,4,1,0,0,0,7,4,8,2,4,1,1,0,3,2,2,4,3,6,0,3,0,3,1,6,0,0,17,4,0,4,1,1,4,7,5,0,7,0,0,0,9,1,1,2,1,11,2,3,0,0,1,0,1,1,0,0,1,6,0,1,0,2,1,0,21,1,1,4,0,3,0,2,0,3,0,1,1,0,2,0,1,0,1,6,4,0,0,8,1,10,5,45,7,0,0,3,1,5,2,3,6,5,2,1,5
0,0,2,0,0,2,0,0,4,0,0,0,2,0,1,4,0,1,0,0,1,1,4,4,0,0,5,3,2,2,3,3,2,0,4,1,1,2,0,2,3,1,0,0,0,1,5,0,1,1,1,2,2,3,2,2,1,2,1,1,0,1,0,2,0,1,0,0,0,1,0,0,0,1,0,0,4,0,0,0,0,1,0,0,4,1,1,1,4,0,0,3,2,2,1,0,4,0,0,0,1,1,0,8,0,0,0,0,2,0,0,2,11,6,1,3,0,3,0,0,0,1,1,1,1,0,4,0,2,3,0,0,0,0,0,0,1,2,0,0,1,0,0,1,0,10,1,3,0,7,0,0,1,0,0,2,1,5,0,5,1,2,11,2,2,3,0,0,2,1,12,2,1,3,6,0,1,2,1,0,17,0,5,2,5,1,0,1,1,6,0,7,2,0,0,7,4,1,3,0,0,9,1,0,7,1,1,0,5,1,16,2,1,0,0,1,1,0,3,1,3,1,0,4,1,4,0,9,6,1,0,8,0,0,2,2,5,0,2,1,3,1,42,1,2,1,5,6,4,10,0,5,4,1,1,3
1,1,0,0,0,2,1,0,4,1,0,0,0,1,0,0,0,1,0,0,0,1,0,0,0,0,1,1,3,12,0,5,2,3,2,3,0,1,1,0,0,0,0,3,0,2,4,0,0,0,0,1,0,0,0,1,0,1,1,0,0,0,1,0,0,3,0,0,0,0,0,2,1,4,1,0,1,0,0,0,0,6,0,2,0,0,10,15,3,0,0,1,1,1,12,0,1,1,0,0,0,1,2,1,1,0,8,1,1,3,1,0,15,1,0,3,0,4,0,2,2,0,2,0,0,2,0,0,6,1,5,2,0,0,0,0,0,0,0,1,1,2,0,0,0,1,1,7,1,4,0,0,5,5,1,1,0,1,0,0,0,0,13,0,3,2,1,2,1,2,0,8,1,4,1,0,0,0,2,1,1,2,7,3,1,0,1,0,0,4,0,2,1,0,4,9,0,0,10,1,0,3,1,3,22,1,0,0,0,1,2,6,3,0,13,0,3,0,0,0,26,3,2,22,1,3,0,2,2,9,0,12,0,0,0,2,2,0,4,0,1,3,8,2,12,3,0,0,14,7,11,1,10,1,12,3
5,0,3,0,0,0,3,0,4,0,1,0,0,2,0,2,1,0,1,0,2,3,0,3,0,0,1,9,0,2,0,2,0,0,4,1,3,2,0,0,1,3,0,1,0,2,4,1,5,0,2,2,0,1,2,0,0,5,0,1,0,1,1,0,0,6,0,1,4,2,0,2,3,3,1,0,2,1,1,1,0,3,0,0,3,1,3,2,9,0,0,0,2,1,1,2,0,0,1,0,0,1,1,3,0,1,5,0,0,3,1,0,3,4,0,1,1,6,0,0,0,0,2,2,9,0,3,0,5,1,3,0,1,0,0,0,0,0,0,0,0,2,0,1,0,6,8,4,2,3,0,1,4,2,1,8,0,1,0,2,0,1,17,0,11,5,1,2,0,3,0,0,0,1,2,0,2,26,1,0,6,1,4,3,3,0,1,3,1,3,3,1,3,2,4,10,0,2,4,2,1,2,0,0,6,1,0,0,1,0,25,0,3,0,0,0,5,2,1,1,4,3,0,6,2,4,1,0,4,3,1,4,1,1,0,1,3,1,2,0,4,4,39,2,6,1,3,2,1,3,5,6,1,5,5,6
0,1,5,0,1,0,0,1,1,0,1,0,1,0,0,0,2,1,0,0,8,2,4,7,0,1,1,3,0,13,0,3,6,0,4,0,1,0,0,1,0,0,0,0,0,0,0,0,1,15,1,0,0,2,3,0,0,6,0,1,1,1,0,0,0,0,1,0,1,0,1,0,8,0,2,1,1,0,3,2,0,3,2,2,0,1,0,3,5,0,1,0,6,0,0,3,2,0,4,0,0,2,5,1,2,0,1,2,1,1,1,0,8,4,1,8,2,5,0,1,0,7,1,1,0,0,16,0,5,0,5,8,0,0,1,3,2,0,1,0,1,2,0,3,1,4,3,3,0,1,2,1,2,3,0,2,0,3,1,1,2,7,6,1,4,1,0,0,0,2,0,1,0,0,5,0,4,12,0,0,3,1,0,0,6,0,0,5,0,2,0,0,2,9,1,12,9,2,2,1,9,1,0,1,2,1,0,0,25,0,0,1,2,1,0,4,2,0,3,3,2,2,2,2,0,4,0,0,7,1,0,0,2,3,0,3,2,0,3,4,21,1,53,2,2,0,2,3,1,3,14,2,3,2,1,3
0,0,4,0,0,4,2,0,25,1,0,1,1,1,0,1,1,0,1,0,0,2,3,0,2,0,1,0,0,5,2,3,1,0,4,3,0,5,0,4,2,3,1,0,3,2,2,1,0,2,1,4,0,1,2,1,0,1,0,1,0,0,2,0,0,0,0,1,4,1,0,3,5,4,0,0,6,0,2,1,0,0,0,2,2,1,0,5,4,0,0,0,2,11,0,3,2,1,0,0,0,5,1,2,1,1,14,0,3,17,0,0,8,1,0,3,1,8,0,2,1,0,1,0,1,1,3,9,3,14,4,3,0,0,2,0,0,0,1,0,1,4,0,0,1,3,2,1,0,4,2,1,0,0,0,5,2,0,0,0,0,1,17,0,3,9,1,6,1,0,0,1,0,9,11,0,1,0,0,0,2,2,11,1,1,0,1,2,0,3,0,1,4,1,0,0,0,0,3,2,0,6,1,0,26,0,0,4,0,0,1,1,3,0,0,0,4,0,0,0,1,3,0,3,0,4,0,1,4,7,0,8,2,5,3,6,2,0,8,2,0,4,4,0,5,2,1,4,5,5,0,2,0,1,6,4
1,1,3,3,0,0,3,1,1,1,0,0,0,1,4,0,0,0,0,0,1,1,2,2,0,3,0,5,1,2,0,2,5,1,3,0,1,0,0,2,0,0,0,2,3,2,0,1,1,28,1,0,0,2,3,0,0,1,0,0,1,11,1,6,0,3,0,0,2,1,0,0,3,2,1,0,1,0,0,1,1,1,0,2,3,0,1,0,4,0,1,0,1,2,1,3,3,0,17,0,0,0,3,2,17,0,3,3,0,4,1,0,5,1,1,6,4,1,0,0,1,3,2,5,13,1,2,0,4,7,3,0,2,3,3,1,5,0,2,3,2,0,1,6,4,0,0,6,0,5,2,3,1,1,0,4,3,2,0,1,1,6,5,1,5,0,0,0,0,1,3,0,7,1,7,0,0,6,1,1,2,0,2,0,3,0,2,18,1,4,0,0,4,1,0,0,3,2,2,0,2,3,0,0,0,2,1,0,6,0,0,0,4,1,0,2,7,0,1,0,0,3,1,0,0,5,0,0,6,3,0,2,1,2,2,2,0,0,2,3,16,2,51,4,0,0,1,9,0,3,1,5,5,1,2,7
3,2,0,0,0,1,0,0,2,0,0,1,2,2,0,1,2,0,0,1,0,3,0,0,1,1,1,4,1,1,0,4,0,2,3,5,1,1,1,1,1,2,0,0,0,0,7,0,1,0,0,3,0,0,0,1,1,1,1,5,2,0,1,2,0,0,2,1,1,0,1,1,0,7,0,0,1,2,2,0,0,0,1,1,5,0,24,4,4,0,0,0,1,0,0,1,1,0,2,0,5,7,0,4,6,0,1,0,2,4,0,0,13,13,4,0,7,3,1,0,0,1,0,4,0,4,2,0,4,1,2,1,3,0,1,2,1,1,0,0,2,0,0,1,0,2,0,4,0,3,0,0,10,0,0,3,0,0,0,0,2,2,16,2,11,9,4,3,0,0,1,0,1,2,4,0,0,12,3,1,2,1,5,0,2,0,0,1,3,2,1,1,0,0,0,1,3,2,11,2,0,2,3,15,34,6,0,0,2,1,0,4,2,0,0,1,4,0,2,1,0,5,0,13,1,3,0,1,1,7,0,9,0,0,1,2,0,0,8,3,1,14,7,2,1,3,3,0,1,2,2,3,1,3,14,3
2,0,2,1,1,1,2,0,3,0,0,0,0,0,0,0,0,2,0,10,0,1,0,2,0,1,3,2,0,5,2,1,0,1,4,0,1,5,0,1,2,8,0,0,0,2,2,0,24,0,0,4,1,1,6,1,1,3,2,2,1,0,3,1,0,2,0,3,4,1,0,0,0,7,0,5,4,1,0,1,1,0,0,2,7,2,2,5,6,0,0,0,4,4,2,1,2,0,1,0,2,0,3,2,0,0,5,0,4,8,0,1,2,1,1,2,0,4,0,0,1,0,0,0,1,0,4,1,4,0,2,1,1,0,2,0,0,2,1,0,1,1,1,3,1,0,0,2,1,7,6,0,5,0,0,3,1,2,0,0,0,2,21,1,3,8,0,6,0,2,0,1,1,1,8,1,0,0,0,0,1,1,8,0,1,0,1,0,1,4,1,1,1,0,0,13,4,12,14,0,0,1,1,1,9,2,0,0,7,0,0,5,3,0,0,0,4,1,0,1,9,3,0,2,1,2,6,1,3,1,2,7,1,0,1,3,0,1,1,2,7,1,38,2,3,0,1,1,5,4,8,1,1,0,11,5
3,0,14,0,1,0,3,6,2,0,0,0,0,0,1,1,2,0,0,0,4,3,4,2,0,0,0,5,0,7,1,3,9,0,3,0,0,1,0,1,1,0,0,1,0,1,0,1,0,9,3,0,0,1,4,1,0,1,0,1,0,1,4,0,2,1,0,0,1,0,1,0,2,0,3,3,3,1,1,0,0,2,0,0,3,2,1,2,4,0,0,0,1,0,0,3,4,4,6,2,1,0,6,3,13,0,4,2,3,3,1,0,6,8,1,3,5,4,3,4,0,0,2,2,3,0,11,0,2,3,5,0,0,3,1,0,5,6,4,1,0,0,0,4,0,0,9,5,0,0,1,1,0,1,0,3,0,6,1,3,0,4,4,1,2,1,1,0,3,1,1,1,0,0,4,0,0,1,0,1,4,0,5,0,11,1,2,4,0,4,1,1,1,1,0,0,6,3,0,0,1,3,0,0,0,1,0,0,7,2,0,0,2,0,3,0,3,1,4,0,4,2,0,10,4,1,0,0,1,5,1,3,2,2,0,0,0,0,7,0,8,0,40,2,0,0,1,4,2,2,3,2,6,1,3,7
0,0,7,0,0,0,0,3,2,1,0,2,2,0,1,0,3,0,2,1,4,1,0,4,0,0,1,4,0,3,0,3,2,0,6,0,0,0,1,1,2,0,0,1,0,2,2,3,2,2,1,0,0,3,1,0,0,0,0,0,0,1,0,2,1,1,0,1,3,1,0,1,2,0,0,1,3,0,1,0,0,2,0,2,0,1,2,0,4,1,3,4,0,1,1,0,2,0,3,0,0,0,5,1,0,0,1,7,5,2,0,0,3,6,0,8,4,3,0,2,0,1,3,0,0,1,2,0,1,8,3,2,0,0,0,2,0,5,2,0,2,0,4,1,1,3,5,7,0,0,3,1,0,3,0,5,0,5,1,3,3,7,3,3,1,0,1,0,1,4,2,1,30,0,5,4,3,5,1,2,3,2,0,1,7,1,1,4,1,1,0,6,4,0,1,0,4,0,1,0,4,3,1,0,3,2,0,0,4,1,0,0,1,1,0,8,2,0,4,0,0,1,0,8,1,3,0,0,7,1,2,5,0,0,3,3,0,1,8,3,1,3,49,3,1,1,2,46,1,2,1,5,7,2,1,4
1,0,7,1,0,0,4,1,1,0,0,2,0,0,1,1,6,0,1,0,0,3,2,1,0,0,1,2,1,1,0,1,7,0,3,0,1,1,4,0,0,1,2,1,1,1,1,3,4,3,0,3,0,1,2,4,3,8,0,2,0,10,0,0,0,1,0,1,2,6,0,11,1,5,1,0,2,0,2,1,0,4,1,1,0,3,7,6,5,2,1,1,1,2,0,2,0,0,3,0,3,0,3,3,1,0,0,1,5,3,1,1,2,7,0,0,0,1,0,0,0,1,0,3,0,0,13,0,4,10,5,1,0,5,1,1,0,0,0,1,0,4,0,1,2,0,2,3,2,0,0,0,0,0,0,9,1,2,1,2,3,2,9,2,4,3,6,0,0,1,0,0,0,0,7,1,1,2,1,0,1,0,2,0,7,1,1,9,0,4,0,1,3,1,2,2,6,1,1,0,2,1,0,0,2,3,0,1,25,0,1,1,3,1,0,5,3,2,1,0,3,3,0,4,1,2,3,0,5,5,4,3,2,0,0,3,1,1,8,3,12,2,51,4,2,0,2,1,1,4,8,7,6,1,2,6
2,3,3,0,1,1,0,0,7,1,1,2,1,0,1,0,2,0,0,2,3,4,0,1,0,0,1,4,0,1,0,2,1,0,3,1,0,2,1,3,0,0,0,1,0,2,1,0,2,2,0,4,0,0,3,3,0,1,1,1,0,0,2,7,0,0,1,3,5,1,0,0,0,7,0,1,2,2,4,0,2,2,1,0,0,0,5,11,4,1,1,0,2,4,8,0,4,1,1,0,1,0,2,4,0,1,6,1,3,6,4,1,3,4,0,2,0,2,4,0,0,0,0,0,0,2,1,3,3,4,4,2,1,0,2,0,1,2,0,0,0,4,0,4,5,1,7,4,1,9,2,0,11,4,1,8,3,5,0,2,0,1,10,0,9,1,0,4,1,1,2,0,0,0,3,0,1,1,5,3,2,0,5,0,1,0,0,8,0,3,0,2,2,0,1,3,1,0,3,1,6,0,0,0,8,0,0,1,8,0,1,1,3,0,0,3,5,0,0,0,0,4,1,3,3,6,1,0,7,2,3,4,2,0,0,0,2,0,9,11,4,7,40,3,4,3,1,1,1,4,0,4,3,1,5,6
2,1,9,0,0,1,4,0,0,0,0,0,0,1,9,0,0,0,1,0,1,0,3,0,0,0,0,2,2,8,0,1,8,0,2,0,2,1,0,2,3,2,0,2,1,1,3,0,1,17,6,0,0,3,5,2,0,1,1,0,0,6,0,5,1,1,0,0,1,1,2,1,0,0,1,1,1,0,3,0,0,0,0,3,1,1,1,2,3,0,1,0,0,1,0,0,2,0,6,0,0,0,5,1,18,1,0,9,1,2,8,0,1,6,3,3,5,1,0,4,1,0,3,0,2,0,9,4,2,3,6,3,2,2,1,0,0,0,3,0,1,2,0,5,2,1,3,7,1,3,0,1,1,2,1,5,2,3,1,1,2,5,3,1,5,3,1,1,0,0,2,0,19,2,3,1,0,4,1,1,2,0,0,0,4,1,2,6,1,4,2,6,0,1,0,0,0,0,0,0,1,2,0,0,0,0,0,1,5,0,0,0,2,0,0,2,2,0,1,0,2,3,0,1,1,3,0,0,3,2,3,5,2,0,0,1,1,1,5,2,3,2,51,4,1,0,0,23,3,2,0,1,5,6,1,12
3,0,2,0,0,1,0,0,1,0,0,1,0,0,1,0,2,0,0,0,3,1,0,3,0,0,0,1,0,0,0,2,4,0,7,0,1,0,1,0,0,4,8,4,1,3,1,1,0,12,0,18,1,2,5,1,1,18,0,0,0,1,1,0,0,1,2,2,3,0,0,0,1,1,0,0,2,1,4,1,0,1,1,2,1,0,3,0,4,0,1,0,3,1,2,1,15,1,1,0,0,1,3,2,0,0,2,0,2,1,3,1,3,3,0,3,1,2,0,1,0,1,0,1,0,0,4,1,2,5,2,9,0,1,0,1,6,0,0,2,0,2,1,0,1,0,10,5,5,1,2,2,0,0,0,9,4,0,0,4,1,10,4,0,3,0,0,9,3,1,0,0,12,0,3,2,0,1,2,1,3,0,0,1,1,2,0,10,0,2,1,2,0,2,0,4,7,0,1,0,2,3,1,1,2,0,0,0,27,0,2,2,2,2,0,1,3,0,7,3,0,1,1,4,0,1,0,0,6,0,3,2,0,1,0,2,0,2,1,4,6,5,60,3,1,4,3,24,1,3,7,5,3,4,4,5
1,1,0,1,0,0,1,0,7,3,3,1,0,0,1,1,1,0,0,3,2,3,2,1,0,0,1,0,0,1,2,1,3,0,0,5,0,1,1,0,1,5,0,0,0,3,5,0,3,2,0,2,0,0,0,0,0,0,13,1,0,0,1,0,0,0,1,3,5,1,0,0,2,11,0,1,4,3,0,1,1,0,0,2,3,2,3,1,4,0,0,0,4,0,0,0,0,0,1,4,1,0,2,3,0,1,2,0,3,9,0,1,3,0,1,0,0,0,1,0,0,1,0,0,0,2,0,1,6,4,4,0,1,0,0,0,2,1,0,0,0,1,1,0,1,1,0,1,0,8,0,0,38,1,1,1,0,2,1,3,0,0,28,2,12,3,2,6,1,0,8,4,2,2,2,0,0,0,2,0,0,5,0,1,1,0,0,0,4,5,1,1,0,0,0,0,0,10,6,6,0,2,3,1,29,3,1,0,0,0,0,13,5,2,0,0,6,0,5,1,3,4,0,6,3,1,0,0,4,4,0,7,0,0,0,2,1,0,2,2,0,2,2,0,2,5,1,0,0,8,1,1,0,1,5,3
2,2,4,2,0,0,1,0,0,0,0,0,0,0,3,0,0,1,0,1,0,1,0,0,0,0,0,0,0,1,0,1,3,1,2,0,1,0,0,1,0,0,1,0,1,2,1,0,0,2,0,0,1,1,3,0,0,2,0,1,0,1,3,1,1,0,0,39,1,2,0,1,2,0,0,1,2,0,1,1,4,0,2,3,3,0,3,5,8,2,2,1,2,0,0,1,13,2,4,0,2,1,1,5,0,0,2,1,2,3,0,1,3,2,0,4,4,1,0,4,0,0,0,0,0,0,4,0,3,5,4,0,0,0,2,3,1,0,2,1,1,3,0,2,0,1,5,4,7,0,0,0,2,3,0,3,0,0,5,4,1,3,6,0,7,0,0,0,4,2,0,1,1,1,6,0,0,0,1,1,2,0,2,2,3,0,5,3,0,6,3,2,1,2,0,1,4,1,2,1,3,20,0,0,3,0,0,7,4,1,25,0,4,0,0,0,5,1,0,1,1,4,1,1,1,1,0,0,4,7,0,2,0,1,0,1,0,0,3,3,22,3,49,5,2,3,1,0,1,6,1,2,11,0,1,5
1,1,3,0,0,1,0,0,1,0,1,2,1,0,5,0,1,0,1,0,2,1,0,9,0,0,1,2,0,1,0,2,12,2,6,0,0,0,0,2,1,0,1,0,0,2,5,0,0,3,1,11,0,1,6,0,1,2,0,1,0,7,2,1,0,0,2,0,3,0,1,1,2,0,0,4,1,0,0,1,0,0,0,2,2,0,0,1,4,0,2,1,1,0,0,1,3,2,0,0,1,0,3,1,0,0,4,0,1,3,0,0,1,3,0,1,2,3,0,0,0,2,0,2,0,0,5,0,3,1,4,21,1,4,0,1,3,0,1,0,0,0,0,0,1,0,2,5,0,1,1,0,0,2,5,7,3,3,0,4,1,4,4,0,3,2,0,10,1,2,1,0,10,0,4,0,0,4,0,0,2,0,1,0,2,1,0,13,1,3,0,0,1,1,2,7,6,2,1,0,1,1,0,1,1,0,0,0,19,1,0,14,4,4,0,1,5,0,4,0,0,2,0,6,4,4,0,0,10,2,1,6,1,1,2,3,1,0,10,2,17,1,43,3,1,2,3,17,1,2,2,4,9,1,1,3
0,0,7,0,1,1,2,6,1,0,0,0,0,0,2,0,2,0,1,0,1,2,0,1,0,0,0,3,2,3,7,1,11,0,2,0,1,1,1,2,0,2,0,1,0,1,2,0,0,2,1,0,1,1,4,0,0,0,1,1,1,9,2,0,2,1,1,2,3,1,1,0,1,1,0,0,1,0,1,0,0,1,1,1,0,0,1,1,5,0,0,0,3,1,0,0,0,0,2,0,0,1,5,2,6,0,2,0,1,2,1,0,2,5,0,2,0,1,1,4,0,2,0,0,1,0,14,0,4,2,5,1,0,0,1,1,1,0,2,0,2,0,0,4,0,0,1,6,1,0,4,0,1,0,0,2,3,3,1,1,3,1,9,1,9,1,1,1,4,0,3,1,0,0,6,0,1,11,1,2,3,0,0,0,5,1,0,1,2,3,0,2,0,5,0,0,9,9,5,0,6,3,0,0,3,2,0,2,3,0,42,0,4,1,1,1,6,1,7,0,0,4,3,5,1,4,0,1,0,1,0,3,0,1,1,3,0,0,13,1,18,0,32,2,3,2,2,1,0,3,0,2,9,0,4,8
0,1,5,1,0,6,4,0,1,0,0,0,0,0,0,0,0,0,0,0,2,1,1,5,0,0,0,6,0,3,0,1,17,0,5,0,1,0,0,0,0,1,1,2,1,0,1,0,1,4,0,0,0,2,0,0,0,5,0,0,0,12,3,5,0,0,0,0,1,1,0,1,2,1,0,0,0,1,0,1,0,0,0,0,0,0,2,0,5,0,0,1,2,1,1,0,0,0,2,0,0,1,4,4,8,0,2,0,2,4,7,0,8,2,0,2,4,2,2,0,0,0,0,2,1,1,1,0,3,3,3,1,0,6,0,1,0,1,0,1,1,1,0,0,1,0,3,3,0,1,0,1,4,1,0,5,1,0,0,1,0,4,6,0,3,2,2,0,0,0,2,0,13,0,7,0,1,11,0,1,3,0,2,0,8,1,0,20,1,3,3,0,3,1,0,2,5,0,2,0,4,2,1,0,0,0,2,0,10,1,0,0,3,0,0,5,5,2,1,1,0,3,3,2,2,2,4,0,9,6,0,1,0,0,1,3,2,0,2,1,21,0,49,2,1,2,7,16,1,7,3,2,3,5,1,5
0,2,0,0,0,0,1,0,0,0,0,1,0,0,0,0,0,0,0,0,0,0,1,3,0,0,0,2,0,2,0,1,1,0,4,0,0,0,0,1,1,0,2,0,2,0,0,0,1,21,1,0,0,2,5,0,0,1,0,1,0,0,2,1,0,2,1,0,3,3,0,0,2,0,3,0,2,2,0,0,0,0,0,2,0,0,0,0,4,0,0,0,2,1,1,0,4,0,0,1,0,0,2,1,1,0,1,0,2,3,2,0,6,2,0,0,0,1,0,0,1,0,0,0,8,1,6,0,3,4,3,5,0,1,0,1,3,0,4,1,0,1,0,2,2,0,16,3,1,1,2,0,0,0,1,5,0,0,0,1,3,5,5,1,3,3,0,0,4,0,0,1,2,0,10,0,3,23,1,0,3,0,2,0,1,0,0,0,0,4,0,0,5,6,0,0,10,0,0,0,1,0,1,0,1,0,0,0,17,2,39,0,3,0,0,17,4,0,8,3,11,3,0,1,0,1,0,1,4,2,2,2,0,0,0,2,0,0,2,1,8,3,41,1,1,1,3,0,0,3,2,2,1,0,4,6
1,6,0,2,0,1,1,0,5,0,1,5,0,0,0,2,0,0,0,0,1,0,0,0,0,0,1,2,1,1,0,0,0,0,4,2,0,4,0,3,1,3,1,2,0,13,4,0,2,2,0,0,0,2,2,0,2,3,0,3,1,0,3,1,0,0,1,1,0,0,1,1,0,2,1,0,3,0,0,0,1,0,1,1,3,0,0,0,5,1,0,0,2,1,8,0,0,0,0,0,0,4,1,5,0,0,1,0,3,3,1,0,5,3,0,0,3,6,0,1,2,0,2,0,0,0,8,7,3,3,1,3,0,0,1,0,0,3,0,0,0,1,0,0,0,2,1,1,1,3,0,0,10,2,0,2,1,0,0,5,3,3,27,1,9,8,2,0,0,2,3,0,3,0,4,0,1,1,4,1,3,0,5,0,21,0,1,0,1,2,0,2,0,0,1,4,0,4,6,8,0,0,4,1,20,0,0,0,0,1,0,2,2,1,1,0,3,0,0,0,3,4,1,5,0,1,0,0,3,2,2,4,1,2,2,1,0,0,2,0,0,2,24,2,3,0,7,2,9,6,0,2,3,3,11,5
3,1,2,0,0,0,3,0,0,0,0,0,0,0,1,0,1,0,0,0,0,0,1,2,1,1,1,2,0,1,0,3,5,1,6,1,0,0,0,0,0,2,1,1,0,0,0,1,1,3,2,0,0,3,6,0,0,0,0,0,1,4,4,0,0,0,0,0,1,5,0,1,1,1,1,0,1,0,0,0,1,3,0,0,0,0,1,0,4,1,2,1,1,0,1,0,3,2,6,1,6,0,4,5,0,2,0,0,1,1,2,1,3,5,0,6,1,4,0,0,0,0,0,2,5,0,6,0,5,6,4,2,0,2,0,1,2,1,0,0,0,4,5,0,0,0,8,3,0,2,0,0,1,0,0,8,0,2,1,3,1,6,8,0,7,0,0,16,1,1,0,0,23,0,4,0,0,1,4,0,3,2,1,0,5,0,0,14,0,1,4,0,3,0,1,3,3,0,3,0,7,1,0,0,1,0,0,0,18,0,0,0,1,0,2,0,1,0,3,0,1,1,1,1,1,2,0,0,0,6,2,5,0,0,0,0,6,0,3,2,5,4,51,3,0,0,1,27,3,2,3,4,7,1,2,2
0,4,0,2,1,2,7,1,5,0,0,1,2,2,0,0,0,0,0,0,2,0,3,1,3,0,0,1,0,0,1,0,1,0,3,0,0,8,0,2,0,0,2,2,1,1,1,1,0,0,2,0,0,1,0,3,0,0,4,6,1,1,6,0,0,2,0,0,0,1,0,0,3,0,0,0,0,0,1,0,0,1,2,2,0,0,1,9,6,0,1,0,1,1,1,2,0,0,0,0,1,6,1,4,0,0,3,0,3,4,2,1,7,2,0,0,1,5,0,0,1,1,1,0,1,1,0,6,3,0,2,1,0,0,0,2,0,2,1,0,0,3,1,1,2,2,1,0,0,3,2,4,26,4,0,4,1,1,0,2,0,1,33,0,4,5,1,2,0,1,1,5,0,0,3,0,0,0,0,0,3,17,0,0,1,0,0,1,0,3,0,1,5,0,0,1,4,0,1,15,0,7,0,0,27,0,1,0,1,1,1,1,4,1,3,1,6,0,1,1,4,3,3,8,0,1,0,0,2,1,0,5,1,3,0,1,2,0,5,3,0,18,4,1,1,0,1,3,5,5,0,1,0,1,7,6
1,0,1,0,1,0,1,0,1,0,1,1,0,0,4,0,4,0,0,0,3,1,1,3,1,0,0,2,0,0,0,2,12,0,2,1,2,0,1,4,0,4,1,0,0,0,3,1,2,6,3,1,2,5,3,0,0,1,0,1,0,3,0,2,0,2,0,0,2,1,0,0,2,0,1,2,0,2,1,1,0,0,0,2,1,2,2,4,4,4,7,2,1,0,1,0,2,0,7,0,0,0,5,1,4,1,1,1,2,6,4,1,1,2,2,0,1,1,0,0,1,1,2,0,1,0,0,0,2,0,5,1,1,2,0,3,4,4,5,0,1,1,1,0,11,0,5,3,1,5,5,1,0,0,0,5,4,7,2,3,4,5,5,0,5,2,5,0,0,1,2,3,6,1,5,0,1,0,3,1,1,0,0,0,7,1,2,9,1,2,2,0,0,2,1,1,4,0,1,1,1,2,1,0,1,1,0,0,9,2,1,1,3,2,3,6,3,0,5,2,1,2,0,1,1,5,2,0,2,2,2,2,0,0,2,11,1,2,6,1,10,2,42,6,1,2,1,3,2,2,5,2,7,6,1,5
2,2,1,0,1,16,0,0,2,5,1,0,1,7,1,2,7,1,2,2,0,2,0,1,5,0,0,0,4,12,2,0,1,0,3,2,2,4,2,0,2,2,4,0,0,4,2,2,3,2,5,4,0,0,1,3,0,0,1,0,4,0,0,0,0,2,1,0,0,1,0,0,18,1,0,1,0,2,0,0,0,1,0,0,1,0,4,0,3,12,0,2,0,0,1,1,1,0,0,4,0,0,6,2,5,5,0,0,3,2,0,3,5,4,0,1,0,4,0,1,1,2,0,1,0,4,0,0,2,2,2,0,15,0,1,0,0,2,2,0,4,1,6,0,5,0,0,0,0,0,4,11,2,5,0,11,0,1,7,1,1,1,5,0,2,0,1,0,0,1,5,1,3,0,2,5,2,3,2,1,4,1,1,0,3,2,1,0,2,2,2,2,0,1,0,2,0,0,5,2,1,2,0,0,0,0,1,0,0,0,0,1,4,0,0,1,0,0,0,0,0,1,1,2,5,2,5,0,3,3,1,6,4,2,1,1,4,0,1,0,0,2,2,2,4,1,1,0,3,2,2,5,1,2,21,2
1,4,1,0,0,1,6,0,9,1,1,0,0,0,0,0,0,0,0,1,0,2,1,0,0,0,0,2,1,1,1,2,0,1,2,2,0,5,0,4,2,0,1,2,0,0,2,0,0,0,1,2,0,0,0,2,0,0,1,3,0,0,0,0,0,0,2,1,2,0,0,0,1,6,0,0,4,0,2,0,0,0,0,1,1,1,4,3,5,0,0,4,3,3,23,0,0,0,0,1,0,2,0,6,0,1,0,0,6,3,1,1,4,2,1,0,1,7,0,1,1,2,0,0,0,1,0,2,4,1,3,1,1,0,0,0,0,0,2,0,1,2,2,0,0,4,2,0,0,2,3,0,3,1,0,4,3,2,1,0,0,0,23,0,4,7,2,11,0,2,3,0,0,2,3,1,0,0,5,1,3,3,9,0,3,0,0,1,1,4,0,5,0,0,0,17,2,1,7,0,0,2,0,0,19,0,0,0,0,0,3,2,3,0,0,1,6,0,0,1,7,3,2,13,0,3,0,0,1,2,1,9,1,0,0,4,0,0,1,1,1,11,1,1,7,2,1,1,25,3,1,1,0,1,15,4
0,1,12,0,0,0,5,5,2,2,0,2,0,2,1,0,1,0,2,1,3,0,2,1,4,3,2,2,2,5,3,3,3,0,9,0,1,1,0,3,0,1,0,0,3,1,0,0,0,2,0,0,0,2,4,0,0,4,0,0,2,1,2,0,9,2,0,0,2,4,0,1,1,3,0,0,1,1,4,1,0,1,1,0,0,1,6,10,4,0,1,1,0,1,1,0,0,0,2,0,2,0,6,3,1,0,1,1,3,2,3,0,4,9,24,22,4,3,1,0,0,13,1,1,20,0,10,0,1,1,2,0,0,0,0,0,2,2,0,0,0,0,1,4,0,1,2,10,1,3,3,0,1,0,7,2,0,4,1,4,0,1,3,0,4,0,1,0,0,0,2,0,1,0,5,2,0,2,0,0,6,2,0,0,5,0,0,4,0,1,2,1,1,2,0,0,11,1,2,1,2,0,2,4,1,1,0,0,6,1,6,0,4,0,1,1,4,1,5,0,1,2,0,5,3,1,3,0,1,1,3,2,1,1,27,2,0,0,8,1,3,5,32,2,1,2,0,0,0,2,3,3,6,1,2,4
7,0,6,0,0,1,3,0,2,0,0,1,0,1,1,0,0,0,0,0,0,2,1,4,0,0,2,1,0,4,0,1,7,0,2,0,3,1,0,0,2,1,0,1,0,2,1,1,3,1,1,0,0,1,4,0,1,4,0,1,0,3,0,0,0,0,0,0,2,2,0,1,0,0,1,0,1,0,2,1,0,0,0,0,0,0,1,0,4,2,0,1,1,1,0,0,3,0,12,1,1,1,4,3,0,0,3,0,4,3,9,0,3,2,0,7,2,13,0,1,0,1,0,0,13,0,18,1,6,3,3,1,1,1,0,0,0,0,2,1,1,0,0,2,1,1,26,5,1,0,0,1,1,0,2,7,0,0,1,1,1,5,5,3,6,1,1,2,0,1,2,0,4,0,4,0,3,1,2,2,3,1,0,0,2,1,0,3,0,3,1,0,4,2,0,0,7,2,1,0,0,0,2,1,1,0,1,0,3,6,2,0,4,1,0,3,9,2,1,0,3,7,0,0,2,0,3,0,9,3,1,4,0,0,0,8,1,2,0,4,6,1,40,1,1,1,1,0,0,3,2,1,3,1,0,9
0,0,0,3,0,1,0,0,14,0,0,0,4,0,0,0,0,0,1,0,1,10,0,2,0,0,1,1,1,0,0,1,1,0,2,0,1,1,1,1,1,5,0,1,0,2,1,0,0,0,0,0,0,2,0,3,0,0,0,3,0,0,0,0,0,0,0,0,15,1,1,0,2,4,4,0,3,2,1,0,0,1,0,1,4,0,23,13,4,0,0,0,2,4,2,1,0,0,0,2,0,0,1,7,0,14,5,0,5,5,0,0,12,1,0,0,0,6,0,0,2,1,1,0,0,0,1,0,3,2,6,1,0,0,0,0,0,1,0,0,0,1,0,3,0,2,1,0,0,0,0,0,2,3,0,6,1,1,1,1,1,0,25,0,4,6,0,1,0,2,3,5,0,0,2,0,0,0,1,2,1,0,9,0,1,0,3,0,0,4,0,6,2,0,2,0,0,0,9,2,0,3,0,2,16,3,0,1,0,1,0,0,3,2,0,0,4,0,0,1,9,3,0,11,0,1,0,0,3,10,0,6,3,1,2,11,1,0,9,0,1,20,2,1,1,0,0,1,5,4,1,1,0,0,15,4
2,0,6,0,0,0,1,4,0,4,0,0,1,0,1,0,3,0,0,0,1,1,0,4,1,0,0,0,0,3,0,1,4,0,3,1,2,3,1,1,0,0,32,0,0,2,0,6,1,1,1,0,0,2,6,0,0,0,0,0,0,6,2,1,1,0,0,33,2,0,0,3,0,0,1,3,1,0,0,0,0,2,0,0,0,1,1,2,4,0,2,2,1,2,1,1,3,2,0,0,1,1,2,3,2,0,1,1,1,4,1,0,5,7,0,0,0,2,0,0,0,0,0,0,10,0,2,1,4,0,3,1,0,2,1,1,0,1,4,0,2,2,1,0,1,1,4,3,0,0,1,3,1,0,0,5,1,4,1,4,3,2,2,0,3,1,0,0,1,2,0,0,0,0,2,0,0,0,1,0,2,1,1,0,3,3,1,1,0,2,2,3,0,2,0,3,10,0,0,0,1,3,0,0,5,0,0,3,5,1,0,1,3,0,0,0,3,0,5,0,0,2,0,2,0,1,1,2,2,6,13,8,1,0,0,1,0,1,4,0,1,4,45,3,1,3,0,0,5,2,2,4,21,2,2,5
1,0,1,0,0,0,1,0,0,1,0,0,0,0,0,0,0,0,0,0,0,0,0,1,0,0,0,2,0,0,0,2,11,0,5,0,0,0,1,3,0,8,8,0,0,0,4,0,0,13,2,2,0,2,6,0,0,17,0,1,1,2,3,3,0,0,0,0,2,0,0,0,1,2,0,0,0,0,2,0,1,1,0,1,0,1,0,1,3,0,1,0,0,0,1,0,4,0,2,0,0,0,6,2,1,0,0,2,7,2,2,0,2,4,2,2,3,2,0,0,0,0,1,0,1,0,3,0,2,3,2,1,1,1,0,1,3,0,0,2,0,2,0,1,0,0,12,3,0,2,15,1,2,2,0,5,1,1,0,2,2,7,5,1,2,0,1,1,0,1,0,1,6,0,2,0,0,13,1,0,2,0,0,0,3,0,1,5,1,2,1,0,0,2,3,1,3,0,2,2,0,2,0,0,1,1,0,0,8,1,3,0,2,0,1,16,2,0,0,0,7,3,0,1,1,0,0,0,8,3,0,1,2,2,3,9,0,0,3,3,8,2,46,7,3,0,1,2,4,3,5,2,2,3,3,4
3,0,10,1,0,0,1,0,0,0,0,0,0,2,0,0,1,3,0,0,0,0,0,0,0,3,1,10,0,0,0,3,3,0,7,0,4,1,0,0,0,0,4,1,1,0,0,2,0,2,1,1,0,2,2,1,0,6,0,1,0,2,1,0,0,1,0,1,1,1,0,0,1,1,0,0,0,0,8,2,0,1,1,0,0,0,3,1,4,0,1,3,1,2,0,0,3,1,6,0,0,0,2,4,0,0,0,0,1,0,1,0,4,4,0,6,0,10,1,0,0,0,0,0,4,2,9,0,3,0,1,0,3,2,1,5,0,0,1,1,0,0,0,2,0,0,5,4,0,0,2,1,0,0,0,7,1,1,0,0,1,2,0,1,2,0,0,0,1,1,2,0,13,0,5,0,1,1,0,0,4,0,0,1,6,5,0,4,0,1,0,0,0,3,2,0,6,0,4,0,1,1,0,0,4,0,2,1,14,0,4,0,2,0,0,12,0,1,2,0,9,1,0,12,2,0,1,0,1,3,0,0,4,2,1,7,2,0,0,2,11,4,39,4,1,0,5,19,1,0,5,6,0,2,1,6
0,0,4,0,0,1,1,0,1,0,0,0,0,0,0,3,0,0,0,0,0,0,2,0,0,1,1,2,0,5,0,1,10,0,5,0,1,0,0,3,1,1,0,0,0,0,4,0,3,11,0,1,2,3,4,0,0,11,0,0,0,2,4,6,0,0,0,0,1,1,1,1,2,0,0,0,1,0,3,0,0,1,0,1,1,0,2,1,4,0,1,1,0,4,0,2,0,1,1,2,1,2,6,2,4,0,2,1,1,2,3,0,4,4,1,1,3,3,0,0,0,1,0,5,14,1,0,0,2,6,4,1,0,1,0,2,6,2,4,0,0,0,0,0,0,0,2,6,0,1,0,4,0,1,0,12,3,3,2,1,4,6,2,0,2,2,0,0,0,3,0,0,15,0,4,0,5,0,3,0,2,0,2,0,10,1,1,4,1,2,0,0,2,0,1,1,8,0,0,0,3,1,1,0,0,1,0,1,11,0,0,0,2,0,0,1,3,1,2,0,0,3,0,3,4,1,0,0,4,1,1,1,1,1,0,6,0,1,4,1,5,7,44,3,1,4,1,11,1,2,0,2,4,1,2,10
3,1,3,0,0,0,4,0,0,0,0,1,0,2,1,1,2,0,0,0,2,2,0,5,1,2,0,0,0,2,0,1,3,0,4,0,2,0,1,1,0,0,2,4,3,2,1,2,1,3,0,0,2,2,1,0,0,3,0,0,0,3,2,2,0,1,0,0,4,0,0,0,1,2,1,1,2,0,0,0,0,3,0,3,0,0,3,1,4,1,0,0,3,0,0,0,0,0,1,0,1,1,5,2,3,1,1,0,12,2,1,0,5,4,1,3,7,5,0,1,0,2,0,1,1,2,20,0,1,2,4,0,3,1,1,2,3,0,2,1,0,1,0,2,0,0,10,4,0,4,0,4,2,1,1,9,2,2,2,3,3,6,4,0,3,0,6,0,0,3,0,0,14,0,7,1,3,10,2,0,3,0,0,3,6,1,0,7,0,4,0,0,2,0,0,0,2,0,2,0,0,0,0,1,4,0,0,2,15,1,2,1,2,1,1,3,2,2,3,0,3,1,0,3,3,2,2,0,3,1,1,3,0,1,0,0,0,0,5,6,6,3,38,2,1,0,4,24,1,2,9,3,4,1,4,4
4,2,10,0,0,0,0,0,0,0,2,0,1,2,0,6,1,0,0,1,1,0,2,0,0,0,2,10,1,1,0,0,2,0,7,0,0,0,0,1,0,0,3,0,0,0,0,0,2,3,0,3,0,3,2,1,0,0,0,1,0,3,4,3,1,7,1,4,3,0,0,1,2,2,2,0,0,0,0,1,1,4,0,3,1,0,1,0,3,0,3,1,0,1,0,1,1,2,1,0,2,0,4,4,1,0,2,0,3,0,4,0,8,3,0,1,1,3,0,0,0,0,2,2,1,2,6,2,0,3,0,2,1,0,1,0,0,4,2,1,0,1,0,4,2,4,8,3,0,0,2,0,1,0,0,10,5,0,1,1,1,3,1,2,2,2,2,5,1,1,0,2,1,0,4,0,2,5,0,1,4,0,1,0,4,0,0,1,0,2,1,0,3,0,4,1,10,0,5,0,12,0,0,0,4,1,7,1,13,1,2,1,1,0,0,2,2,1,6,0,1,1,1,1,6,1,1,1,2,2,0,0,0,0,0,1,0,0,1,1,11,6,44,4,0,0,3,0,6,2,18,4,0,7,1,7
0,2,8,0,0,0,0,0,0,1,1,0,1,0,3,0,1,0,0,0,6,0,3,1,0,3,11,4,0,1,0,3,6,0,14,0,0,0,0,0,0,2,1,1,1,1,0,0,1,3,3,0,2,2,3,0,0,5,0,0,0,0,1,3,1,1,0,9,2,1,1,0,7,0,0,0,4,0,1,0,0,0,0,3,2,0,1,2,4,1,1,0,0,2,0,1,8,0,0,0,1,1,1,3,0,2,0,0,2,1,8,0,5,5,1,5,1,4,0,1,0,2,0,4,0,0,2,0,2,0,0,3,1,1,1,0,0,1,0,0,1,4,0,0,1,9,3,3,1,5,0,0,0,0,8,1,0,2,1,2,3,2,0,0,2,0,0,2,1,1,2,3,3,1,8,1,0,3,0,0,4,1,0,1,3,2,2,6,0,0,1,0,0,2,8,0,6,0,1,0,0,1,0,1,4,0,3,0,4,3,2,3,3,0,0,0,1,3,1,0,0,1,0,0,1,3,6,0,2,1,0,1,0,1,15,1,1,0,2,1,1,7,13,3,0,0,2,17,0,0,1,5,5,2,1,0
3,0,3,0,0,1,0,0,0,0,0,1,0,1,2,0,1,0,0,0,0,1,1,2,0,0,1,4,0,2,0,1,11,0,4,0,2,0,2,0,0,0,0,0,1,7,3,0,1,1,3,1,1,1,6,0,0,3,0,0,0,4,2,2,0,0,0,2,1,1,1,0,6,1,0,0,4,0,0,1,0,1,0,1,0,1,1,3,5,0,0,1,2,0,2,0,2,0,6,0,0,1,2,2,0,1,2,0,2,5,0,0,1,2,0,7,0,2,0,0,1,0,0,0,4,0,7,0,3,1,5,0,0,0,0,1,0,0,0,2,0,4,0,0,0,0,5,5,0,4,3,1,3,0,0,7,0,2,0,1,4,7,7,1,7,2,0,11,0,1,0,0,25,0,7,0,0,2,0,0,2,0,2,0,1,1,0,21,0,3,1,0,0,1,0,1,3,0,0,0,5,2,0,0,4,0,0,0,8,0,0,3,3,0,3,0,4,0,3,0,3,7,0,3,1,1,0,0,2,3,2,1,0,0,0,3,0,0,3,2,6,4,44,3,2,1,3,31,0,4,7,1,12,0,6,5
0,0,0,0,0,2,0,0,1,0,0,3,0,0,1,0,1,0,0,0,0,0,0,0,0,0,0,0,0,0,0,0,0,0,0,2,0,0,0,0,4,13,0,0,0,14,1,0,1,0,2,1,0,0,0,0,0,1,2,3,0,0,0,0,0,1,1,7,23,0,0,0,0,2,0,0,8,2,1,2,0,0,0,1,0,0,9,9,4,1,0,0,2,1,0,1,2,0,1,0,0,2,1,1,1,0,2,0,1,4,2,0,8,0,1,0,0,1,2,0,0,0,0,0,0,0,0,3,5,5,5,0,1,0,0,0,0,0,1,0,0,1,0,2,5,2,0,4,0,10,0,1,36,3,0,1,4,1,0,0,2,0,18,0,8,4,3,2,1,1,0,0,0,5,0,0,1,3,0,1,0,0,1,1,0,0,1,0,1,4,0,1,3,1,0,0,3,1,7,3,0,0,1,1,30,2,0,0,0,0,0,6,5,0,0,0,6,1,1,1,6,5,0,15,0,1,0,0,3,7,0,8,0,2,1,1,0,0,6,2,0,1,1,0,0,2,0,0,6,8,0,1,2,0,14,4
4,0,3,0,0,1,2,0,0,3,0,0,0,3,1,0,1,0,0,0,0,1,1,2,0,0,0,2,0,1,0,1,4,0,3,0,1,0,0,1,0,2,0,3,0,1,1,0,1,1,1,0,0,2,5,0,0,0,0,0,0,0,0,0,0,1,0,5,4,2,0,0,1,3,1,0,0,0,1,1,1,1,1,0,3,1,0,3,19,1,0,0,0,0,0,0,4,0,1,0,0,0,4,3,1,0,1,0,2,2,0,0,3,4,0,6,2,2,0,1,0,1,0,1,0,0,3,0,3,2,4,0,0,1,0,0,6,1,1,4,0,3,0,0,1,0,13,3,0,2,1,0,0,1,0,6,0,1,1,1,0,3,4,0,5,0,0,3,0,1,0,0,1,0,2,1,0,0,0,0,2,0,0,0,6,0,0,7,3,2,0,0,1,2,0,1,8,2,1,0,9,44,0,2,1,2,2,6,15,2,16,2,2,1,0,1,4,1,3,0,2,2,1,4,1,0,0,0,5,1,1,3,0,0,2,2,0,0,2,0,11,3,47,3,0,6,0,3,1,2,1,6,7,4,7,4
3,2,1,0,0,0,0,2,2,1,1,0,1,1,1,0,2,1,0,0,1,2,0,3,0,1,0,1,0,4,0,0,5,1,3,0,0,0,0,2,0,0,0,1,0,0,2,0,2,0,0,0,1,0,6,0,0,4,0,1,1,1,1,1,0,0,0,8,5,2,0,0,0,1,1,2,0,1,2,1,1,1,0,3,3,1,5,6,3,1,0,0,1,0,0,1,0,1,0,0,0,0,3,1,2,1,1,2,1,1,2,2,2,3,0,3,2,3,0,1,0,0,0,1,0,0,7,1,2,5,4,0,2,0,1,2,1,0,1,0,1,2,0,0,3,1,8,4,1,3,0,1,3,2,0,4,4,2,1,3,3,7,7,1,1,3,0,4,1,1,3,3,18,0,2,0,0,3,2,0,1,0,1,3,6,0,0,19,1,1,0,0,3,5,2,1,2,0,1,4,0,1,1,1,5,1,0,0,22,0,0,2,1,0,0,1,3,0,0,1,3,3,0,3,1,2,1,1,1,0,3,3,0,0,5,3,0,0,2,0,8,0,38,2,0,2,0,15,2,2,1,4,10,0,1,4
0,0,1,1,2,1,0,0,2,2,1,0,1,0,1,0,2,2,0,2,0,4,0,0,0,1,0,1,2,1,1,2,2,0,0,1,1,3,1,1,1,36,0,0,1,7,3,0,2,0,0,3,0,0,0,2,0,3,5,1,1,0,2,1,0,0,0,2,5,1,0,0,0,3,1,1,22,0,1,3,0,3,0,1,0,0,18,8,3,1,0,0,3,4,1,0,0,0,0,1,0,3,1,3,4,1,5,0,0,3,0,0,4,0,2,0,0,2,0,0,0,0,0,1,0,2,0,1,8,2,6,0,0,0,0,0,2,2,0,0,1,0,0,0,1,3,1,4,0,2,0,1,4,4,0,4,0,2,1,0,0,1,23,1,4,11,5,0,0,1,0,0,0,5,6,0,1,1,1,4,0,0,8,0,1,1,1,1,0,3,0,4,1,0,2,0,0,1,10,0,0,2,0,1,21,1,0,0,0,1,0,4,3,1,0,1,6,0,0,0,8,3,3,17,2,2,1,0,8,7,1,5,1,1,2,1,2,1,3,1,3,0,2,0,3,1,0,0,4,5,0,1,0,1,9,7
1,1,12,0,0,0,0,1,0,0,0,0,0,0,0,0,2,1,0,0,2,1,0,2,0,1,0,4,0,2,4,3,4,0,5,0,0,0,0,0,0,0,0,1,1,1,1,0,0,1,1,0,1,2,6,1,0,4,0,0,0,3,0,0,0,1,2,1,1,2,0,0,0,1,1,1,1,0,0,0,0,0,1,1,0,3,1,2,16,1,2,1,1,0,2,0,1,3,5,0,0,0,4,3,12,0,4,0,3,3,0,0,3,3,0,4,1,5,0,2,0,0,0,0,0,0,19,0,3,2,3,2,3,1,1,0,0,4,1,0,4,0,1,1,1,3,8,4,0,4,0,0,1,1,0,5,0,3,0,2,1,3,3,1,7,0,1,1,0,3,3,0,3,0,3,0,1,17,0,0,2,0,0,0,2,0,0,2,0,2,0,0,0,2,0,1,4,1,1,0,3,1,0,2,0,0,0,1,10,0,2,0,3,0,0,0,41,0,14,0,7,4,0,3,0,1,2,0,3,0,0,1,2,1,0,8,2,0,4,1,3,5,36,3,0,6,0,1,1,2,0,2,2,1,2,8
0,3,1,2,0,2,0,0,18,1,0,2,0,0,0,0,3,0,0,0,0,6,0,1,0,0,1,0,0,0,1,8,0,0,1,4,0,4,3,1,0,0,1,0,0,3,6,0,0,1,1,0,0,1,1,1,2,1,1,1,0,0,1,2,0,1,0,0,7,2,0,1,1,4,0,1,8,0,0,0,0,1,1,0,3,2,5,4,5,0,0,0,2,1,0,7,0,0,0,1,4,5,1,4,0,0,3,0,3,5,0,0,6,1,0,0,0,3,0,0,1,2,1,1,0,0,0,4,3,15,4,0,1,1,1,1,0,0,1,1,0,2,0,0,3,4,0,0,0,5,0,0,28,0,0,2,0,0,1,1,0,1,17,2,6,4,1,3,0,0,3,0,0,0,1,0,1,1,0,0,1,0,1,0,1,1,2,1,4,3,0,1,3,0,2,3,3,6,5,11,1,3,1,1,17,0,0,0,1,0,0,7,4,1,0,0,4,0,1,3,1,4,0,4,3,0,0,1,4,7,1,4,0,1,2,4,0,0,3,0,0,0,2,1,1,0,0,1,5,7,0,1,0,0,12,3
5,0,7,0,0,0,3,0,0,0,0,3,0,0,1,0,1,0,2,0,2,0,4,0,3,0,0,6,0,7,0,5,5,0,6,0,2,0,0,0,0,0,0,1,0,0,1,1,0,5,1,0,0,3,2,0,0,2,1,0,0,4,1,2,0,3,1,1,1,2,0,0,1,0,0,0,0,0,0,0,0,3,0,2,0,0,1,1,12,0,0,1,1,0,0,0,0,0,7,0,1,1,5,4,3,0,2,0,4,1,0,1,4,3,0,3,0,3,0,0,0,1,0,0,2,0,4,0,1,0,3,1,0,1,0,2,0,4,1,1,1,5,0,0,2,4,6,4,0,0,0,0,1,0,0,3,0,1,0,2,2,1,3,1,4,0,0,0,0,0,0,0,2,0,4,0,0,17,1,1,3,0,6,0,4,0,0,3,1,2,0,0,4,0,0,0,2,0,0,0,15,0,1,0,3,0,0,0,4,0,1,0,1,0,0,0,1,0,7,0,1,41,0,3,4,0,0,0,6,6,1,0,0,0,0,1,0,1,1,1,18,1,40,3,0,1,2,3,1,2,0,4,4,3,1,5
2,2,4,0,1,1,0,5,1,0,0,0,0,0,4,0,4,0,0,0,3,3,0,4,0,0,0,2,0,3,3,1,14,1,5,1,1,0,0,4,0,0,0,2,0,0,3,1,2,9,2,0,0,1,2,0,0,5,0,0,0,1,4,0,0,0,0,0,1,1,0,2,1,1,0,0,1,0,2,0,0,0,1,1,0,2,1,1,4,0,0,0,2,0,0,0,0,0,3,5,0,0,6,2,3,0,2,3,2,2,0,0,7,4,0,3,3,1,1,1,1,1,0,0,1,0,1,2,3,0,3,1,0,0,0,0,0,0,0,0,1,2,0,0,0,0,2,4,1,2,0,1,0,2,0,7,1,3,2,4,1,3,4,1,3,0,4,3,2,2,2,0,8,1,5,1,0,16,0,0,2,0,0,2,3,1,0,14,1,4,0,0,1,1,0,0,3,1,1,0,5,0,0,0,0,4,0,0,2,0,1,0,3,0,0,0,4,1,2,0,0,2,0,2,0,1,0,0,1,1,0,1,1,1,2,1,0,0,5,1,14,1,40,4,0,0,1,28,1,2,1,5,8,2,0,3
1,0,9,0,1,1,0,0,1,6,0,0,1,0,1,0,1,0,2,1,2,1,0,2,0,0,0,2,0,1,0,2,1,0,6,0,0,0,0,1,0,0,2,0,2,0,0,1,2,5,1,0,1,3,1,0,0,2,0,2,0,0,1,0,1,0,0,4,2,0,0,0,5,0,1,1,0,0,2,0,0,2,0,0,0,1,1,1,4,2,4,0,0,0,1,1,6,0,0,0,1,4,2,4,5,0,0,1,2,1,1,1,4,3,1,9,2,3,0,3,0,2,0,0,0,0,15,1,0,7,0,0,5,2,2,2,2,2,2,0,1,1,0,0,8,0,11,2,0,0,3,0,0,0,0,4,1,1,0,0,6,3,0,1,2,1,0,0,2,1,0,0,7,0,5,1,0,2,1,0,3,0,0,0,3,1,0,6,0,0,0,0,1,0,2,2,1,0,2,0,1,0,1,0,6,1,2,2,29,1,3,0,0,1,0,7,0,0,5,0,0,1,0,3,1,8,0,0,1,0,7,1,1,1,1,1,1,0,0,1,13,2,42,3,0,0,0,29,2,0,2,4,2,2,1,4
0,0,6,0,0,1,2,0,0,1,0,1,1,0,2,0,0,0,1,0,1,0,2,0,0,1,1,1,0,0,0,1,2,1,2,0,1,0,0,0,1,1,0,1,0,2,3,2,1,9,2,0,0,2,1,0,0,3,0,0,0,1,1,1,1,3,0,1,2,0,0,0,1,3,1,1,1,0,0,2,0,1,0,0,0,1,1,2,4,1,0,1,3,2,0,1,0,0,2,0,0,1,6,2,0,0,0,1,2,3,0,0,4,4,0,2,2,1,1,2,0,1,1,1,3,1,1,0,4,1,6,2,0,1,0,1,2,2,0,0,1,2,0,1,2,3,2,2,0,1,0,0,0,1,0,7,4,1,1,3,0,4,5,0,3,2,2,0,0,0,0,0,22,0,2,2,3,8,1,1,1,0,1,1,4,0,1,2,0,3,3,0,2,0,1,2,5,2,1,0,3,2,1,0,1,0,0,0,9,0,1,0,3,2,0,7,3,0,0,3,2,3,1,5,1,1,0,0,1,0,2,2,0,0,4,3,0,0,6,0,6,2,40,2,0,0,1,21,1,3,7,2,4,4,5,9
4,2,2,0,3,1,0,0,3,1,2,0,2,0,0,0,2,2,0,0,1,3,4,0,0,4,2,2,0,1,0,1,6,0,2,2,1,1,1,1,4,14,0,1,1,0,0,2,0,2,8,0,0,0,2,1,0,0,0,0,0,0,1,0,0,2,0,0,0,0,0,0,0,3,0,0,2,10,0,0,7,3,2,1,1,0,0,7,3,0,1,0,1,0,0,1,0,0,0,0,0,2,3,1,0,0,5,6,2,5,2,1,3,39,0,0,1,3,0,0,2,0,1,1,0,2,8,1,4,1,28,3,0,1,1,1,0,2,1,0,1,0,0,1,1,0,1,0,0,1,1,0,4,1,0,5,3,0,0,2,0,0,10,11,3,3,3,3,0,1,1,1,0,4,1,0,0,0,0,2,1,1,1,0,1,2,0,1,0,4,1,0,4,0,0,5,0,1,3,1,0,2,2,0,3,0,1,2,0,1,1,0,4,3,0,3,8,2,1,0,6,3,0,3,0,4,1,0,1,0,0,3,1,0,3,3,2,3,2,0,0,1,2,0,4,3,2,4,2,5,1,0,0,0,5,3
1,0,1,0,0,0,0,0,6,0,0,3,0,0,0,0,0,0,0,1,0,2,0,0,0,0,1,1,0,0,0,3,1,1,5,1,1,2,0,1,0,6,0,0,0,10,1,0,0,2,1,0,0,1,0,0,0,3,0,2,0,0,0,0,0,1,1,0,4,0,0,0,1,0,0,0,1,0,0,0,0,1,1,0,1,0,12,6,5,0,0,0,1,2,13,0,0,0,0,1,3,1,1,5,0,0,1,1,5,6,0,0,10,3,0,1,0,3,2,0,0,1,1,0,0,3,0,4,2,5,2,1,2,0,1,0,0,0,0,0,0,1,0,0,0,0,0,1,0,2,0,0,10,3,0,2,0,0,0,3,4,0,16,0,3,8,2,3,0,1,0,0,1,0,2,0,0,0,0,0,4,0,7,1,2,0,0,0,0,2,0,0,1,0,0,0,1,0,10,14,1,3,0,2,32,2,0,0,1,0,0,15,2,1,0,1,4,2,4,0,0,4,0,11,1,0,0,0,2,5,1,7,0,1,1,5,2,0,3,4,3,9,10,1,2,1,2,0,1,12,2,2,2,1,28,3
2,4,1,1,4,0,0,0,20,2,0,0,0,2,1,5,1,0,0,0,2,3,0,1,0,0,0,0,2,3,0,5,1,0,3,3,1,3,2,1,1,0,1,0,1,0,3,1,0,1,0,1,0,2,2,0,0,0,0,1,0,0,0,1,0,1,1,0,2,2,0,1,2,0,0,1,1,3,2,0,0,1,1,1,0,5,21,6,4,0,0,0,1,0,0,0,1,0,1,0,3,7,1,5,2,0,0,1,3,2,0,2,6,2,1,1,0,6,0,1,2,1,0,2,1,1,0,0,2,2,4,1,2,0,0,0,0,0,0,0,0,2,0,0,1,0,1,0,0,1,0,0,0,2,0,0,1,0,0,1,0,16,30,1,6,3,1,0,0,1,0,0,1,0,4,0,0,0,0,1,2,0,6,0,5,0,0,2,0,2,0,2,0,0,1,0,2,0,12,1,0,1,1,1,23,4,0,0,1,1,4,8,2,0,1,0,3,0,3,0,1,3,1,8,0,3,0,0,3,5,0,3,1,0,0,3,0,0,1,1,2,2,4,2,1,0,0,2,1,2,1,2,0,2,8,2
1,0,0,0,0,0,1,1,6,0,1,0,0,3,0,0,1,0,0,0,0,1,0,3,0,0,0,0,1,7,0,3,1,0,2,2,0,7,0,3,0,0,1,1,0,5,3,1,0,1,2,3,0,0,2,0,0,1,0,3,0,0,3,0,0,0,0,24,0,1,0,0,4,0,0,0,7,0,2,1,1,2,0,2,3,0,1,0,5,0,0,0,2,4,1,2,0,0,0,0,3,6,0,4,2,1,0,3,3,1,0,0,5,3,2,1,0,7,0,1,1,0,1,0,2,0,0,1,4,3,4,1,0,0,0,0,0,1,0,2,1,1,0,0,1,1,0,0,0,8,0,0,0,0,0,4,1,0,0,0,1,1,28,0,5,9,1,0,0,0,1,0,3,0,4,0,1,1,0,1,3,3,6,5,14,1,1,1,0,2,0,2,2,0,0,0,1,1,1,3,2,2,2,0,25,1,1,2,0,1,2,1,2,0,0,1,3,0,0,0,1,2,1,9,0,1,0,0,2,4,0,3,1,0,1,3,1,0,2,2,0,1,6,1,3,4,1,3,0,4,0,6,1,3,3,5
1,0,1,0,0,0,1,3,0,1,0,0,1,1,2,0,0,0,0,2,2,0,3,0,0,0,0,2,1,1,0,1,9,0,3,1,0,0,0,0,2,0,0,2,0,6,0,1,4,3,0,0,0,1,1,0,0,1,0,0,0,2,2,1,1,0,0,2,2,0,2,1,1,0,0,1,1,0,1,1,0,0,0,1,0,0,2,0,3,1,1,0,1,2,0,0,3,0,2,2,0,0,5,3,2,2,1,0,0,2,2,1,2,6,1,3,3,10,0,0,0,1,0,1,0,0,4,0,4,1,4,2,0,1,0,1,0,2,0,0,3,0,2,0,2,2,5,3,0,3,0,2,0,1,0,4,0,3,1,2,1,5,3,0,5,0,0,0,0,1,2,0,24,1,2,0,0,4,1,0,2,2,1,1,4,1,0,4,1,2,0,1,1,2,0,0,5,0,2,0,4,0,1,0,1,0,1,0,4,0,0,0,3,0,0,1,5,1,7,0,0,3,0,3,0,3,0,2,1,1,5,5,3,1,0,0,1,0,9,3,1,6,41,4,0,0,0,31,0,2,5,2,7,1,2,2
4,0,2,0,0,0,0,1,1,0,1,1,0,0,1,0,0,2,0,0,0,2,1,1,0,0,0,0,0,2,0,1,4,0,2,1,0,1,0,0,9,0,0,1,1,1,0,0,0,1,1,0,0,1,3,0,0,0,0,1,0,0,0,0,0,34,1,1,1,0,0,2,0,2,0,0,2,0,3,0,0,0,2,0,1,0,0,0,6,0,0,0,3,3,0,0,4,0,5,0,0,0,3,2,0,0,1,0,1,4,4,0,1,2,0,1,0,1,0,0,0,1,0,1,7,1,1,0,3,0,5,1,1,0,0,1,0,0,0,0,0,4,1,1,0,0,8,3,0,1,0,2,2,0,0,7,0,2,0,3,0,1,4,2,6,0,0,1,0,0,0,0,1,0,2,0,0,1,1,0,1,0,1,0,2,0,0,1,0,3,0,0,2,7,0,1,3,0,0,0,0,1,0,1,1,0,0,3,27,1,15,0,3,4,1,0,5,0,2,0,0,4,0,0,0,3,0,0,1,1,3,2,0,1,0,5,0,0,2,2,4,4,39,1,2,4,1,0,1,21,0,3,2,16,0,5
0,1,0,0,0,0,3,0,1,0,0,0,1,0,2,0,4,0,1,2,1,0,0,0,1,0,0,2,3,2,0,5,4,0,6,0,0,0,1,1,1,2,0,0,0,0,1,4,2,5,1,0,1,1,2,0,1,2,0,0,0,3,6,1,0,1,0,0,2,0,0,0,1,0,0,0,1,0,0,1,0,2,0,1,0,0,0,1,4,0,0,0,2,1,0,1,1,0,11,0,2,0,3,1,0,0,1,0,3,0,1,0,4,4,1,4,3,7,2,2,0,1,0,0,6,1,0,0,3,0,2,0,0,5,0,1,4,1,5,0,1,0,0,0,0,2,11,4,0,4,0,0,0,0,0,7,2,5,1,4,3,8,2,1,0,0,1,0,1,1,1,0,23,1,5,0,0,4,2,0,5,0,0,0,3,2,0,3,0,0,2,0,3,1,0,1,11,0,0,0,0,5,2,0,3,1,0,0,3,0,0,1,4,0,0,0,2,0,1,0,0,0,0,2,0,1,0,1,3,1,0,2,0,0,1,1,0,0,3,1,1,5,44,3,2,2,1,31,1,0,2,5,3,3,1,2
0,0,0,0,0,0,2,0,0,0,0,0,0,0,0,0,0,0,0,0,1,0,1,2,0,0,0,0,0,0,0,0,1,0,2,0,0,0,0,0,0,0,0,0,0,0,0,0,2,0,0,0,0,0,0,0,0,0,0,0,0,0,1,0,0,0,0,0,0,0,0,0,0,0,0,0,0,0,0,0,0,0,0,1,0,0,0,0,4,0,0,0,1,1,0,0,0,0,0,0,1,0,1,1,0,1,1,0,1,2,0,0,1,1,0,0,0,1,0,0,0,1,0,0,0,0,0,0,3,0,6,0,0,0,0,0,0,0,0,0,0,1,2,1,0,0,1,0,0,3,0,1,1,2,0,1,0,2,0,0,1,1,3,0,3,1,0,0,0,1,1,0,0,1,1,0,0,0,0,0,1,0,0,0,1,0,0,0,0,3,0,0,0,0,0,0,1,0,0,1,0,0,0,0,0,1,2,0,0,1,0,0,3,0,0,1,4,0,1,0,0,3,0,2,0,0,0,0,1,1,1,1,0,0,0,1,0,0,1,0,0,0,1,0,2,0,0,0,1,3,0,1,0,1,1,3
0,0,1,0,0,0,0,0,0,1,0,0,0,0,0,0,2,0,0,0,0,0,0,1,0,0,0,0,0,0,0,0,0,0,3,0,0,0,0,0,0,0,0,1,0,1,0,0,1,0,0,0,1,0,0,0,0,1,0,0,0,0,0,0,0,0,0,1,0,1,0,0,0,1,0,0,1,0,0,1,0,0,0,1,0,0,2,2,5,0,0,0,1,0,0,0,0,0,0,0,1,0,1,1,0,0,1,0,2,2,0,0,2,2,0,0,0,3,1,0,0,0,0,0,0,0,0,0,2,0,3,0,0,0,0,0,0,3,0,0,0,0,0,0,1,1,0,0,0,1,0,0,1,2,0,0,0,0,0,0,1,0,5,0,2,0,0,1,0,4,1,0,1,0,2,0,1,0,0,0,2,1,0,1,2,0,0,1,0,2,0,0,0,0,0,1,1,0,1,1,0,0,1,0,0,2,0,0,0,0,0,0,2,0,0,0,3,0,0,0,1,2,0,4,1,0,0,0,0,1,2,0,0,1,0,2,0,0,2,1,0,3,5,1,2,0,0,0,0,2,0,3,1,2,0,2
1,1,0,0,0,0,1,0,0,0,0,0,1,0,0,0,1,1,0,0,0,1,0,0,0,0,1,0,0,0,0,1,0,0,3,0,1,1,0,0,0,0,0,0,0,1,0,0,0,2,0,0,0,0,0,0,0,0,0,0,0,0,0,0,0,2,0,0,0,0,0,0,1,1,0,0,1,0,0,0,0,1,0,0,0,1,0,0,4,1,1,0,1,0,0,2,0,0,0,0,1,0,0,1,0,0,0,0,0,1,1,0,2,2,1,0,0,2,0,0,0,0,0,3,0,0,0,0,2,0,1,0,0,0,0,0,0,0,0,0,0,0,0,0,0,0,0,0,0,1,0,0,0,0,0,0,0,0,0,0,1,0,3,0,3,0,0,0,0,0,0,0,0,0,4,1,0,1,1,0,2,0,0,1,1,1,2,2,0,2,0,0,1,0,0,0,1,0,2,0,0,1,0,0,2,0,0,0,0,0,0,0,2,0,0,0,3,0,0,0,0,2,0,1,1,0,1,0,2,0,0,0,0,0,1,1,0,0,1,0,0,3,4,2,2,0,0,0,1,2,0,2,0,3,1,2
0,0,0,0,0,0,0,0,1,0,0,0,0,0,0,0,1,0,0,0,0,1,0,0,0,0,1,0,0,0,0,1,1,0,1,1,0,0,0,0,0,0,0,0,0,3,0,0,0,2,0,0,0,0,0,0,0,1,0,0,0,0,0,0,0,1,0,1,1,0,0,0,0,0,0,0,0,0,0,0,0,1,0,0,0,0,0,0,4,0,0,0,1,0,0,0,0,0,0,0,1,0,1,1,1,0,1,1,2,3,0,0,1,1,0,0,0,1,0,0,0,0,0,0,0,1,0,0,3,1,3,1,0,0,0,0,0,0,0,0,1,0,0,0,2,0,0,0,0,0,0,0,0,0,1,0,0,0,0,0,1,0,5,1,4,1,0,0,0,0,1,0,1,0,1,0,1,0,0,0,1,2,2,0,1,0,1,1,0,4,0,0,0,0,0,0,0,0,0,0,0,0,0,0,0,0,0,0,0,0,0,0,3,0,0,0,4,0,0,0,0,3,0,0,0,0,0,0,1,2,0,2,1,0,0,1,1,0,1,0,0,0,4,1,3,0,3,0,1,3,0,2,1,1,1,3
0,0,1,0,0,0,1,0,0,0,0,0,0,0,0,0,2,0,0,1,0,0,0,4,0,1,0,3,0,1,0,3,3,0,7,0,2,0,0,0,1,1,0,0,0,0,0,0,0,0,0,0,0,0,1,2,0,4,0,0,0,0,0,2,0,0,0,0,0,0,0,0,1,0,0,0,1,0,0,0,0,1,0,0,0,0,0,1,4,0,0,0,0,1,0,0,0,0,0,0,0,0,1,2,0,0,0,0,3,1,1,0,3,3,0,1,0,3,0,1,0,0,0,1,2,0,2,0,1,0,1,0,0,1,1,0,0,1,0,0,0,0,0,0,0,0,0,1,0,0,0,0,0,0,2,0,0,0,2,0,2,0,2,0,1,0,0,0,0,0,1,1,0,0,4,0,0,0,1,0,3,0,0,1,1,2,0,6,0,1,0,1,1,0,0,0,6,0,3,0,0,0,0,0,0,1,0,1,3,0,1,0,1,0,0,1,2,0,1,0,0,1,0,0,1,0,0,0,0,0,0,1,0,1,0,2,0,0,1,1,0,1,5,1,0,0,1,1,0,2,8,3,0,2,2,3
0,0,0,0,0,0,3,0,0,0,0,0,1,0,0,0,3,0,0,0,0,1,1,2,0,0,0,0,0,0,0,0,0,0,0,0,0,0,0,0,0,0,0,0,0,0,0,0,0,0,0,0,0,0,0,0,0,1,0,0,0,0,1,1,0,0,0,0,1,0,0,0,1,4,0,0,0,0,0,1,0,1,0,1,2,0,0,4,4,0,0,1,0,1,0,2,0,0,0,0,0,0,0,0,0,0,0,0,1,4,0,0,0,0,0,0,0,0,0,0,0,0,0,0,0,0,0,0,4,1,5,0,0,0,0,1,0,0,0,0,1,0,0,0,0,1,0,0,0,0,0,0,1,1,2,2,1,1,0,0,0,0,7,0,5,1,0,3,0,3,0,0,0,1,1,0,0,0,1,0,0,0,3,0,0,0,2,0,0,4,1,0,0,0,0,1,1,2,1,0,0,1,0,0,1,0,0,0,0,0,1,0,4,0,1,0,6,0,1,0,2,4,0,2,0,0,0,0,2,1,0,4,0,1,0,1,0,0,1,2,0,0,0,0,0,0,0,1,0,4,0,0,0,0,0,4
0,0,0,0,3,0,3,0,1,0,0,0,0,0,0,2,2,0,1,3,0,0,0,1,1,0,0,0,0,3,0,1,0,0,1,0,0,0,0,1,0,0,0,0,0,0,0,0,0,1,0,0,0,0,0,0,0,0,0,1,0,0,0,0,0,1,0,0,1,0,0,0,0,0,0,1,0,0,4,0,0,0,0,2,0,1,1,0,3,0,1,0,1,0,0,0,0,0,0,0,1,0,1,1,0,0,0,0,1,2,0,0,1,1,0,0,0,1,0,0,0,0,0,2,0,0,0,0,2,0,2,0,1,0,1,1,0,0,0,0,1,0,1,0,1,0,0,0,0,0,0,0,1,3,0,0,0,0,0,0,4,1,3,1,3,2,1,0,3,1,0,0,0,1,1,0,1,1,1,0,1,0,1,2,0,0,1,0,0,2,0,0,0,0,1,1,0,0,1,0,0,0,1,1,1,0,1,0,1,0,0,0,2,0,0,0,2,0,0,0,1,3,0,4,0,0,0,0,0,0,1,2,0,0,1,1,0,1,0,0,0,0,1,1,1,0,0,0,0,2,0,3,1,1,1,2
1,1,0,0,0,0,0,0,0,0,0,0,0,0,0,0,2,0,0,0,0,1,0,0,0,0,1,0,0,0,0,1,0,0,2,0,1,0,0,0,0,0,0,1,0,0,0,0,0,2,0,0,0,0,0,0,0,1,0,0,0,0,1,0,0,2,0,1,1,0,0,0,0,4,0,0,1,1,0,1,0,2,0,0,0,1,1,1,4,0,0,0,1,0,5,0,1,0,0,1,0,0,0,0,0,0,1,0,1,3,0,0,1,1,0,0,0,1,0,0,0,1,0,0,0,0,0,1,3,0,3,0,0,0,1,0,0,1,0,0,0,0,0,0,1,0,0,0,0,0,0,0,6,1,0,0,0,0,0,0,2,0,7,0,3,1,1,1,0,2,0,0,0,1,1,0,0,0,0,0,1,0,0,0,0,0,0,0,1,3,0,0,0,0,0,0,1,0,0,0,0,0,0,0,0,1,1,0,0,0,0,0,3,0,4,0,5,0,0,0,1,3,0,2,0,0,0,0,1,2,1,2,0,0,0,0,1,0,2,2,0,0,1,1,0,0,0,0,1,5,0,2,0,1,4,4
0,0,1,0,1,1,0,1,1,0,0,0,0,0,0,0,2,0,0,1,1,0,0,3,0,1,1,1,0,0,0,1,1,1,5,0,0,1,1,0,0,0,1,0,1,0,0,0,0,0,0,1,0,2,1,0,1,0,0,0,1,0,0,0,0,0,0,0,0,0,0,0,0,0,0,1,0,0,0,0,1,0,0,0,0,0,2,2,4,0,0,0,0,1,0,0,1,0,1,0,1,0,0,2,0,2,3,0,2,1,0,0,3,3,0,0,0,3,0,0,0,1,0,0,0,0,0,0,1,0,1,0,0,0,0,0,0,0,0,1,1,0,0,0,0,2,0,0,0,0,0,0,0,0,0,0,0,2,0,3,1,0,4,0,3,0,0,1,0,0,2,0,2,1,4,0,0,1,0,0,3,0,0,0,2,0,0,2,0,1,1,0,0,0,0,0,0,0,0,0,0,0,0,0,0,1,0,0,0,0,0,0,1,1,0,0,2,0,0,0,0,2,0,0,0,0,0,2,0,0,0,1,0,0,0,1,0,0,1,0,0,1,4,1,0,0,1,0,2,1,0,4,0,2,1,1
0,0,0,0,0,2,2,0,0,0,0,0,0,0,1,1,0,0,0,0,0,0,1,0,0,0,0,0,1,0,0,0,0,0,2,0,0,0,0,0,0,1,2,0,0,0,0,0,1,1,0,1,0,1,0,0,0,1,0,1,0,0,0,0,0,0,0,0,0,0,0,0,0,1,0,0,0,0,0,0,0,1,0,1,1,0,1,0,4,1,1,0,0,0,0,0,0,0,0,0,1,0,0,0,0,0,1,0,0,3,1,0,1,1,0,1,0,1,1,0,0,0,0,0,0,0,1,0,5,0,2,0,0,0,0,0,0,0,0,0,1,0,0,0,0,0,0,0,0,0,0,0,1,1,0,0,0,0,0,0,1,0,3,0,3,2,0,0,1,0,0,0,2,0,2,0,0,0,0,0,1,0,3,1,1,0,0,0,2,3,0,0,0,1,0,0,1,0,1,0,0,1,0,0,1,0,0,0,0,0,0,1,3,0,0,0,4,0,0,0,1,3,0,0,0,1,0,0,2,2,0,3,0,3,2,0,0,0,1,1,0,2,5,2,1,2,0,1,2,4,1,0,0,2,1,4
0,0,1,0,0,0,1,0,1,0,1,0,2,0,0,0,1,1,0,0,0,0,0,1,0,0,0,0,1,0,0,1,2,0,2,1,0,0,1,0,0,0,1,0,0,1,0,0,0,0,0,0,0,0,0,1,0,0,0,0,1,1,0,1,0,0,0,0,1,0,1,0,0,2,1,1,0,0,0,1,0,0,0,2,0,0,0,0,3,0,0,0,2,0,0,0,0,0,0,0,0,0,0,1,0,0,0,0,2,2,0,0,1,1,0,0,0,1,0,0,0,0,0,0,0,0,0,0,2,0,3,0,0,0,0,0,0,0,1,0,0,0,0,0,0,0,1,0,0,0,0,0,1,3,0,1,0,0,0,0,1,0,3,0,2,0,1,0,0,1,0,0,1,1,2,0,0,0,0,0,2,0,0,0,0,0,2,0,0,2,0,0,0,0,1,0,1,1,1,0,0,0,0,1,1,0,0,0,1,0,4,0,2,0,0,2,3,0,2,0,0,2,1,2,0,1,0,1,1,0,0,3,1,0,0,2,0,0,1,1,0,1,5,0,1,0,0,0,0,2,3,1,0,3,0,1
1,0,1,2,0,1,1,0,1,0,0,0,0,0,0,0,0,0,0,2,0,2,1,0,0,0,1,1,0,0,0,0,0,0,2,0,2,0,0,0,0,0,0,0,1,2,0,0,0,3,0,0,0,1,0,0,1,0,0,0,0,0,0,0,0,0,0,1,1,0,0,0,1,2,0,0,0,1,2,3,0,1,0,2,0,0,2,1,4,1,1,0,1,1,2,3,0,0,0,0,0,0,0,0,0,0,2,0,4,3,1,0,2,1,0,0,0,1,0,0,0,1,0,0,0,0,0,0,4,0,2,0,0,0,0,0,0,1,0,0,0,1,0,0,1,0,0,0,0,0,0,0,1,2,0,0,0,1,0,0,0,0,3,1,2,0,0,1,0,0,0,0,0,1,2,0,0,0,0,0,1,0,0,0,1,1,2,1,2,3,0,1,0,0,0,2,0,1,1,0,0,0,1,1,1,0,0,0,0,0,0,0,3,0,0,0,3,1,0,0,0,3,0,2,0,1,0,1,0,0,0,1,0,0,0,3,0,0,0,0,0,0,3,0,1,0,0,0,1,3,0,1,0,1,0,3
2,0,0,0,0,0,0,0,1,0,0,0,0,0,0,0,1,0,0,0,2,1,1,2,0,0,1,0,0,0,0,2,0,0,2,0,0,0,0,0,0,0,0,0,0,0,0,0,1,0,0,0,0,1,0,0,0,0,0,0,0,0,0,0,0,1,0,0,2,1,0,0,1,1,0,0,2,0,0,0,0,0,0,1,1,5,1,1,4,0,0,0,1,1,0,1,0,0,0,0,0,0,2,1,0,0,0,0,0,3,0,0,1,1,0,0,0,1,0,0,0,1,0,2,0,0,1,0,4,0,3,0,0,0,0,0,0,0,1,0,0,0,0,0,0,0,0,0,0,0,0,0,0,1,0,0,0,0,0,0,0,0,6,0,4,0,0,0,0,0,0,2,0,0,1,0,0,0,0,0,2,1,1,0,0,0,1,2,0,3,0,0,0,0,0,2,1,1,0,0,0,1,0,0,3,0,0,0,0,0,0,0,3,0,0,0,4,2,0,0,1,3,0,2,0,1,1,0,1,1,0,2,0,1,1,2,0,0,1,0,0,1,1,0,0,0,2,0,0,3,1,2,1,1,1,3
1,0,0,0,1,1,1,0,1,0,0,0,0,0,0,0,0,0,0,0,0,0,0,0,0,0,0,0,0,0,0,0,0,0,2,0,1,0,0,0,0,0,0,1,0,0,0,0,0,0,0,1,0,0,1,0,0,1,0,0,0,0,0,0,0,2,0,0,0,0,0,0,0,1,0,0,3,0,1,0,0,0,0,0,2,0,0,1,4,0,0,0,2,0,0,2,0,0,0,1,0,0,1,0,3,1,0,0,1,5,0,0,0,0,0,0,0,0,0,0,0,0,0,0,0,0,0,0,4,0,4,0,0,0,0,0,0,0,0,0,0,0,0,0,2,0,0,0,0,0,0,0,1,0,0,3,0,0,1,0,0,0,7,0,4,1,0,0,0,1,0,0,0,0,0,2,0,0,0,0,0,0,3,1,0,0,1,0,0,4,0,0,0,0,0,2,2,1,0,1,0,2,0,0,4,0,0,0,0,0,0,0,4,0,0,0,5,0,0,0,3,5,0,3,0,0,0,0,2,1,0,1,0,1,0,0,0,0,0,0,0,0,0,0,1,2,0,1,0,2,0,0,1,0,0,3
0,0,0,0,0,0,1,0,0,1,0,0,0,1,1,0,0,0,0,0,1,0,0,0,0,0,0,0,0,0,0,1,0,0,2,0,0,0,0,0,0,1,0,0,0,1,0,0,2,0,0,1,0,0,0,0,0,1,0,0,0,0,1,0,0,2,0,0,5,1,0,0,1,0,1,0,2,0,0,1,0,0,0,2,0,0,0,1,5,0,0,1,2,0,0,1,0,0,0,0,0,0,0,0,0,0,0,0,1,2,0,0,2,1,1,0,0,1,0,0,0,2,0,1,0,0,0,0,3,0,2,0,0,0,0,0,0,0,0,0,0,0,0,0,2,0,0,0,1,0,0,0,0,0,2,0,0,0,0,2,0,0,4,0,5,0,0,0,0,1,0,1,0,0,3,0,0,0,0,0,1,0,0,0,2,0,0,0,1,4,0,0,0,0,0,0,0,0,3,0,0,0,0,0,1,0,0,0,0,0,0,0,3,0,0,2,4,0,0,0,1,3,0,1,0,0,0,0,4,1,0,2,0,0,0,2,0,0,0,0,0,0,3,2,1,2,0,0,0,3,0,1,0,2,0,2
1,0,0,1,0,0,1,1,1,0,0,0,0,0,0,0,0,0,0,0,0,1,0,1,0,0,0,0,0,0,0,0,0,0,4,0,0,0,0,0,0,0,2,0,0,0,0,0,0,1,0,0,0,2,1,0,0,0,0,1,0,0,0,0,0,0,1,0,0,1,0,0,0,0,0,0,1,0,0,1,0,0,0,1,1,0,0,1,4,0,0,0,1,1,0,0,0,0,0,0,1,0,0,1,0,0,0,0,0,2,2,0,3,1,0,0,0,1,0,0,0,0,0,0,0,1,0,0,3,1,2,2,0,0,0,0,0,0,0,0,1,1,0,0,0,0,2,0,0,0,0,1,0,0,1,0,0,0,0,0,0,0,7,0,4,1,0,0,0,1,0,0,0,1,4,0,0,0,0,1,1,0,0,0,2,0,0,0,0,4,0,0,0,1,0,0,0,0,0,0,0,1,0,0,1,0,3,0,0,1,0,0,3,0,2,0,2,0,0,0,1,3,0,2,0,0,0,0,1,2,0,3,0,0,0,2,2,0,2,0,0,1,2,1,2,1,0,0,1,4,0,2,0,2,2,3
1,0,0,0,0,0,0,1,1,0,0,0,1,0,0,0,1,0,0,1,0,3,0,0,0,0,0,0,0,0,0,0,0,0,1,0,0,0,0,0,0,0,0,0,0,0,0,0,3,0,0,0,0,0,1,0,0,4,0,0,0,0,0,0,0,0,0,0,2,0,0,0,0,2,0,0,0,0,0,0,0,0,0,0,0,0,2,0,4,0,0,0,1,1,0,0,0,0,0,0,0,0,0,1,0,0,1,0,3,3,0,0,2,1,0,2,0,2,0,0,0,0,0,3,0,0,2,1,3,0,4,0,0,0,0,0,0,0,0,0,0,1,2,1,0,0,1,0,0,0,1,0,1,0,0,0,1,0,0,0,0,0,3,0,3,0,0,0,0,0,0,0,1,0,1,0,0,0,0,0,1,0,0,0,1,0,0,1,0,3,1,0,0,0,0,0,0,0,1,0,0,2,0,0,0,0,0,0,1,0,0,0,3,0,0,1,4,0,0,0,0,3,0,0,0,1,0,1,2,0,0,2,0,0,2,1,0,0,1,0,1,1,4,1,0,2,1,0,1,3,0,2,0,1,1,4
0,0,0,0,0,1,1,0,2,0,0,0,0,0,0,0,1,0,0,0,2,0,0,0,0,0,1,1,0,1,0,1,1,0,5,0,0,1,0,0,0,0,0,0,0,0,0,0,0,3,0,0,0,1,0,0,0,0,0,0,0,0,0,0,0,0,0,0,0,0,0,1,0,1,0,0,0,0,1,0,0,1,0,1,1,1,1,0,4,0,0,0,1,0,0,0,0,0,1,0,0,0,0,1,0,0,0,0,3,4,2,0,4,3,0,0,0,4,0,0,0,0,0,1,0,0,0,0,2,1,1,5,0,0,0,0,0,0,0,0,0,0,0,0,0,0,1,2,0,0,0,0,1,1,0,0,0,0,0,0,0,0,2,0,1,0,0,0,0,1,0,0,2,0,4,1,1,1,0,0,3,1,0,0,1,1,3,2,0,1,0,0,1,0,0,0,1,0,2,0,0,0,0,0,0,0,0,0,2,0,0,0,1,1,0,2,2,0,0,0,0,3,0,1,0,0,0,1,1,0,0,0,0,1,0,1,0,0,2,1,1,2,7,1,2,1,1,2,2,2,0,4,0,2,2,3
1,1,1,0,0,0,1,0,1,0,0,1,0,1,0,0,2,0,0,0,0,1,0,0,0,0,0,0,0,0,0,2,1,0,4,0,1,0,0,0,0,0,0,0,0,0,0,0,2,3,0,0,0,1,2,0,0,1,0,0,0,0,2,0,0,0,0,3,3,0,0,1,1,2,0,0,2,0,0,0,0,1,0,0,0,0,0,0,4,0,1,0,1,0,0,1,0,0,0,1,0,1,1,1,0,1,1,0,0,1,0,0,3,3,0,0,0,3,0,2,0,0,0,0,0,0,1,1,2,0,2,1,0,0,0,1,0,0,0,0,1,1,0,0,1,0,0,0,0,0,0,0,0,2,0,0,0,0,0,1,2,0,4,0,1,0,0,1,0,0,1,0,1,0,3,0,0,0,0,0,3,0,0,0,0,1,0,3,0,1,0,0,0,0,0,0,0,0,1,0,0,0,0,0,3,0,0,1,0,1,1,0,1,0,0,0,1,0,0,0,0,1,0,0,1,1,0,0,1,0,1,1,0,0,2,1,0,0,1,1,0,0,6,2,0,0,0,0,0,1,0,3,0,2,0,0
1,1,0,2,0,0,0,0,0,0,1,0,0,0,0,0,0,0,0,0,0,5,1,1,0,0,0,0,0,0,1,0,0,0,0,0,2,0,0,0,0,0,0,0,0,0,0,0,0,0,0,0,0,0,0,1,0,0,0,0,0,0,0,1,0,0,0,0,1,0,0,0,0,2,0,0,0,0,0,0,0,0,0,2,1,0,1,3,4,0,0,1,2,0,1,2,0,0,0,0,0,0,1,0,0,0,1,1,1,4,0,0,0,0,1,0,0,0,0,0,0,1,0,0,0,0,0,0,4,0,5,1,0,0,0,0,0,0,0,0,0,4,0,0,0,0,0,0,0,0,0,1,0,3,1,0,0,0,0,0,0,1,7,1,4,0,0,0,1,0,0,0,0,0,2,0,0,0,0,0,0,0,0,1,0,0,1,1,0,4,0,0,0,0,0,1,1,2,0,0,0,0,0,0,0,0,0,0,0,0,0,0,4,1,0,2,6,0,0,0,0,4,0,0,0,0,0,0,0,0,0,4,0,0,1,0,0,0,2,0,0,0,0,0,0,3,0,0,0,5,0,0,0,0,0,3
1,0,0,1,0,1,1,0,0,1,0,0,0,0,0,1,0,0,0,0,0,0,1,0,0,1,0,0,0,0,0,0,0,0,0,0,0,0,0,0,0,0,0,0,0,1,1,0,0,1,0,0,0,0,0,0,0,0,0,0,0,0,0,0,0,0,1,0,0,1,0,0,0,4,0,0,0,1,0,0,0,0,0,3,0,0,1,0,4,0,1,0,1,1,0,0,0,0,0,0,0,0,2,0,1,0,1,0,1,3,0,0,0,0,0,0,0,0,0,0,0,0,0,0,0,0,0,0,4,1,3,0,0,0,0,0,0,2,0,0,0,0,0,3,1,1,0,0,0,0,0,0,0,1,0,0,0,0,0,0,0,0,6,0,4,0,1,1,0,1,0,1,0,0,2,0,0,0,0,0,0,0,0,0,0,0,1,0,1,4,0,3,0,0,1,0,0,0,4,0,0,2,0,0,1,0,1,0,0,0,0,0,4,0,0,0,4,0,0,0,1,4,0,0,0,0,0,0,1,1,0,3,0,1,0,2,0,0,0,0,0,1,0,0,1,0,0,0,0,4,0,0,0,0,1,5
0,0,0,0,0,1,1,0,3,0,0,0,0,2,0,0,0,0,0,0,0,4,1,0,0,0,0,0,0,1,0,0,0,0,0,0,0,0,0,0,0,0,0,0,0,1,0,0,0,0,0,0,0,0,1,0,0,0,1,0,0,1,1,0,0,0,0,0,0,0,0,1,3,2,1,0,0,0,1,2,0,0,0,1,1,1,1,1,4,0,0,0,2,1,0,0,0,0,0,0,0,0,0,0,0,0,2,0,2,3,0,0,1,2,0,0,0,2,0,0,0,0,0,0,0,0,0,0,4,1,4,1,0,0,2,0,0,0,0,0,0,0,0,0,0,0,0,0,0,1,0,0,4,4,0,0,0,1,0,0,0,0,4,0,3,0,0,0,0,3,0,2,0,0,2,0,0,0,0,0,0,0,0,0,0,0,1,0,1,4,0,1,0,0,0,1,0,0,1,0,0,0,0,0,0,0,0,0,0,0,0,2,4,0,3,0,6,0,1,0,1,3,0,3,0,0,0,0,1,0,0,2,0,0,0,2,1,0,2,0,0,1,2,1,1,0,0,0,0,3,0,3,0,1,1,3
1,0,0,0,0,0,1,0,0,0,0,0,0,0,0,0,1,0,0,0,0,1,1,0,0,0,2,0,0,0,0,1,0,0,2,0,0,0,0,0,0,0,0,0,0,0,0,0,0,1,0,0,0,2,0,0,0,0,0,0,1,0,0,0,0,0,0,2,0,1,0,0,0,3,1,0,0,0,1,0,0,3,0,0,0,1,1,3,5,0,1,1,0,0,1,1,0,0,0,0,2,0,1,0,0,0,0,0,0,1,0,0,3,2,0,0,1,2,0,0,0,0,1,0,0,2,1,0,3,0,1,0,1,0,0,1,0,3,0,1,0,2,0,0,4,1,0,0,2,0,0,0,1,0,1,2,0,1,0,0,0,1,5,0,3,1,0,1,0,1,0,0,0,0,2,0,0,1,1,0,1,0,0,0,1,0,1,2,1,3,1,0,0,0,0,0,0,0,2,0,0,1,0,0,1,0,0,0,1,0,3,0,3,0,0,0,4,0,0,0,0,2,2,3,0,0,0,0,1,0,1,4,1,1,0,2,0,0,0,0,0,0,2,0,1,2,0,2,2,3,0,6,0,1,2,2
0,2,0,1,3,0,0,0,1,0,0,0,1,1,2,0,1,1,0,0,1,0,0,3,0,0,0,0,0,0,0,3,0,0,1,0,0,0,0,0,0,2,0,0,1,0,0,0,0,1,1,1,0,0,0,0,0,0,0,0,0,0,0,1,0,0,0,0,0,1,0,0,1,0,1,0,0,0,0,0,0,0,1,2,0,0,1,0,4,0,0,0,2,2,0,0,0,0,1,0,0,0,0,2,0,1,0,0,1,3,0,0,1,1,1,0,0,1,0,1,0,0,1,1,0,1,0,0,4,2,2,0,0,1,0,0,1,0,0,1,1,2,0,0,0,0,0,0,0,1,0,0,0,0,1,0,0,0,0,0,0,0,7,0,5,0,0,0,0,1,0,0,0,0,1,0,0,1,0,0,1,0,0,1,0,0,0,0,0,3,0,1,0,0,0,0,1,0,1,0,0,1,0,0,2,2,1,0,0,0,0,0,3,0,0,1,5,0,0,0,0,3,1,5,0,0,0,0,0,0,0,3,0,0,0,3,0,0,1,1,0,0,2,2,0,0,1,0,1,3,1,1,0,0,0,3
0,0,0,0,0,0,0,2,0,0,0,1,1,0,0,0,2,0,0,0,0,0,0,0,0,0,0,2,0,0,0,2,2,0,5,0,1,0,0,0,1,1,1,0,0,0,0,0,1,3,0,0,0,2,1,0,1,1,0,1,0,0,2,0,0,0,0,0,0,0,1,0,0,0,0,0,0,0,2,0,0,2,1,1,0,0,0,0,4,1,2,1,0,1,0,0,0,0,1,0,4,0,0,1,0,0,0,0,2,0,1,0,3,3,0,0,0,3,0,0,0,1,0,2,0,0,0,0,1,0,1,0,0,0,0,1,0,0,0,0,0,0,1,0,0,0,1,0,0,1,0,0,0,1,0,1,0,0,1,0,2,0,2,0,1,1,0,0,0,0,0,0,0,0,3,0,0,1,0,0,3,1,0,0,1,0,0,2,0,1,0,0,2,0,0,0,0,0,4,0,0,1,0,2,1,0,0,0,0,0,0,1,1,0,2,1,1,0,0,0,2,2,0,0,0,0,0,0,1,0,0,0,0,0,0,0,0,0,0,1,0,2,4,2,1,1,1,0,1,2,0,4,0,4,2,1
0,0,2,1,0,0,3,1,3,0,0,0,0,0,1,0,1,0,0,0,0,0,0,0,1,0,0,3,1,0,0,2,1,0,2,0,0,0,0,0,0,0,3,0,0,1,0,0,1,1,0,0,0,0,1,0,0,2,1,0,0,0,0,0,0,0,0,0,1,0,0,0,1,0,0,0,2,0,0,1,0,1,0,0,2,1,0,1,4,1,1,0,2,0,0,2,0,0,0,0,0,0,0,1,0,1,0,0,3,3,0,0,1,1,0,0,0,1,0,0,0,0,0,0,0,0,0,0,3,0,3,0,0,1,0,0,0,0,0,0,0,0,0,0,1,0,0,0,0,3,0,0,1,0,0,2,0,1,0,0,0,0,6,0,3,1,0,0,0,2,0,0,0,1,2,0,0,1,0,0,1,0,3,0,0,0,2,1,0,3,0,0,0,0,0,2,0,3,1,0,0,2,0,0,0,0,0,0,0,0,0,0,3,0,0,1,3,0,0,0,0,3,0,1,0,0,0,0,2,1,0,2,0,2,0,0,1,0,3,1,0,3,4,1,0,4,0,1,1,3,1,2,1,0,1,3
1,0,1,0,0,1,1,0,0,0,0,0,0,2,0,0,0,0,0,0,0,1,0,0,0,1,0,0,0,1,0,0,2,0,4,0,0,0,0,1,0,1,0,0,0,1,0,0,0,0,0,0,0,0,0,0,0,0,0,0,0,0,1,1,0,1,0,0,2,0,0,0,2,0,0,2,5,0,0,1,0,1,1,2,1,1,1,0,3,0,0,0,0,0,0,0,0,0,0,1,2,0,1,2,0,0,0,0,5,1,0,0,3,2,0,0,0,2,0,0,0,3,0,2,0,0,1,0,2,0,1,0,0,0,0,0,0,1,0,0,2,1,0,0,0,0,1,1,0,1,1,0,4,2,1,2,0,1,1,1,0,0,8,1,4,0,3,5,0,1,1,2,0,0,4,0,3,0,3,0,2,0,0,0,3,4,1,0,0,2,0,0,0,0,0,0,1,0,0,1,0,0,0,0,2,0,0,0,0,0,0,1,2,0,0,1,1,0,0,0,0,2,0,2,0,0,0,0,0,1,0,0,0,2,0,3,0,0,0,1,0,1,2,1,2,0,0,1,2,1,2,4,0,0,0,2
2,1,0,0,0,0,0,0,1,0,1,0,1,1,0,0,1,0,0,0,0,0,0,1,0,0,0,0,1,0,0,0,0,0,2,0,0,0,0,0,0,0,0,1,0,0,0,0,0,0,0,0,0,0,0,0,0,0,0,1,0,0,0,1,0,0,0,0,1,0,0,0,0,0,0,0,0,1,1,1,0,0,0,2,0,0,0,1,3,0,0,0,0,0,1,1,0,0,0,0,0,0,1,1,0,0,0,0,0,2,1,0,1,1,0,0,0,1,0,0,0,0,0,1,0,0,0,0,2,1,2,0,0,0,0,0,0,0,0,0,0,0,0,0,1,0,0,0,0,0,1,1,0,2,0,0,1,0,0,1,0,0,3,0,2,1,0,1,0,0,0,0,0,0,1,0,0,0,0,0,2,0,0,0,1,0,0,0,0,3,0,2,0,0,0,0,0,0,5,0,1,1,0,0,2,1,0,0,0,0,1,0,2,0,1,0,3,0,0,0,1,3,0,1,0,0,0,0,1,0,0,0,1,1,0,1,0,0,1,1,0,1,4,3,3,0,0,0,1,3,0,2,0,1,0,2
0,0,0,0,0,0,0,0,0,0,0,0,1,0,1,0,0,1,0,0,0,0,0,0,0,0,1,0,0,0,0,0,0,0,0,0,0,0,0,0,0,0,0,0,0,0,0,0,3,0,0,1,1,0,0,0,0,0,1,0,1,0,0,0,0,1,0,3,1,0,0,0,1,3,0,0,0,0,0,1,0,0,0,2,0,1,0,0,4,0,0,0,3,0,1,0,0,0,0,0,1,0,2,0,0,2,0,0,4,3,0,0,0,0,0,0,0,0,1,0,0,0,0,0,0,0,0,1,4,0,3,0,0,0,0,0,1,0,0,0,1,1,0,0,0,1,1,0,0,2,0,0,0,2,0,0,0,1,0,0,1,0,5,0,3,0,0,0,1,1,0,0,0,0,2,1,0,0,0,0,0,0,0,0,0,0,0,0,1,4,1,0,0,0,0,1,0,0,1,0,0,0,0,0,1,3,0,0,0,1,0,0,4,0,0,0,5,0,0,0,2,4,0,2,0,0,0,0,1,2,0,3,1,0,1,4,1,1,1,0,0,1,0,0,1,3,3,0,1,3,0,4,0,1,0,5
0,0,0,1,1,0,0,0,0,0,0,0,0,1,0,0,1,0,0,0,0,1,1,2,1,0,0,0,0,0,0,2,2,0,3,0,1,0,0,0,0,0,0,1,0,1,0,0,4,0,0,0,2,1,1,0,0,1,0,0,0,0,2,1,0,2,0,1,8,1,0,0,0,0,0,0,1,0,0,0,0,0,0,1,0,0,3,0,5,0,0,0,0,0,1,0,0,0,1,0,0,0,1,2,5,5,0,0,2,2,0,0,2,2,0,1,0,2,1,0,0,0,0,1,0,0,0,0,2,1,4,0,0,0,0,0,0,0,0,0,0,0,0,0,3,0,0,0,0,0,0,0,2,2,0,1,0,0,0,0,0,0,7,1,2,0,0,0,0,0,0,0,0,1,2,0,0,0,0,0,3,0,0,1,3,0,0,2,1,2,1,0,0,0,0,0,1,0,2,0,0,0,0,0,0,1,0,0,0,1,1,0,2,0,0,1,0,0,0,0,0,2,0,0,0,0,0,0,3,1,0,0,0,0,0,1,0,0,0,1,0,2,2,1,1,0,0,0,0,1,0,2,0,2,0,2
0,4,1,0,0,0,0,0,4,0,1,0,0,0,3,0,1,1,0,0,0,1,0,0,0,0,1,0,2,0,0,1,0,0,1,0,0,0,0,0,0,2,0,1,0,1,0,0,3,1,0,0,1,0,0,0,0,0,2,1,0,1,0,0,0,0,0,0,0,2,0,0,1,0,0,0,0,0,0,1,0,0,0,0,0,0,1,0,4,0,0,0,1,0,1,1,0,1,0,0,1,0,1,1,0,1,1,0,2,1,0,0,1,1,1,0,0,1,0,0,0,0,0,1,0,0,1,0,3,0,1,0,0,0,0,0,1,0,0,0,0,1,0,0,0,0,1,1,0,0,0,0,0,0,0,0,0,0,0,0,0,0,7,0,4,0,0,0,1,1,1,0,0,0,3,0,0,0,0,0,1,0,1,1,1,0,2,0,0,3,0,1,0,0,0,1,0,0,2,0,0,2,0,1,0,0,0,0,0,0,2,0,3,0,2,1,3,0,0,0,3,3,0,2,0,0,0,0,1,1,0,3,0,0,0,2,0,0,1,0,0,1,4,0,1,2,0,0,0,3,0,1,0,1,0,2
2,0,0,0,0,0,0,0,0,0,0,0,0,0,0,0,1,0,0,0,0,2,0,0,0,0,0,0,0,0,0,1,0,0,2,0,0,1,0,0,0,0,0,0,0,2,0,0,0,1,0,0,0,0,0,1,0,0,0,0,0,0,0,1,0,0,0,0,0,1,0,0,0,4,0,0,0,0,0,0,0,0,0,1,0,0,3,1,4,0,0,0,2,1,0,0,1,0,0,0,0,1,0,1,0,1,2,0,2,3,0,0,1,1,1,0,0,1,0,0,0,0,0,1,0,0,0,1,3,0,3,0,0,0,0,0,0,0,0,0,0,1,0,0,1,0,0,0,0,1,0,1,0,0,0,0,0,0,0,0,1,0,6,0,3,0,0,0,0,0,5,0,0,1,2,0,0,0,0,0,1,0,0,2,0,0,0,0,0,3,0,0,0,0,0,0,1,0,2,0,0,0,0,0,0,1,0,0,0,0,0,0,3,0,0,1,6,0,0,0,0,3,0,3,0,0,0,0,1,0,0,2,0,0,0,3,0,0,0,0,0,1,1,0,0,0,0,0,1,3,0,1,1,1,0,3
0,0,0,0,0,0,1,0,0,0,0,0,0,0,0,0,0,0,0,0,0,0,0,0,0,0,0,0,0,0,0,1,0,0,3,0,0,0,0,0,0,0,0,1,2,0,1,0,0,0,0,0,0,1,2,0,0,1,0,0,0,0,0,0,0,0,0,0,2,0,0,1,0,0,0,0,2,0,0,1,0,1,0,3,0,1,1,2,5,0,0,0,1,1,0,4,0,0,0,0,0,0,1,2,0,0,1,0,2,2,0,0,2,2,0,0,0,2,1,0,0,0,0,0,0,0,0,0,2,0,3,0,0,0,0,0,0,0,0,0,0,1,0,0,1,1,1,0,0,2,0,1,0,0,0,0,0,0,0,0,0,0,4,0,3,0,0,0,0,0,1,0,1,0,2,0,0,0,0,0,2,1,0,0,2,0,0,0,0,2,0,0,0,0,0,0,0,0,0,0,0,0,0,0,1,0,0,0,0,1,0,1,2,1,0,0,3,0,0,0,0,2,0,1,0,0,0,0,0,1,0,1,0,0,0,1,0,0,1,0,0,2,3,1,1,0,0,0,1,2,1,2,0,3,3,2
2,0,0,0,0,0,0,0,0,0,0,0,0,0,0,0,0,0,0,0,0,0,1,0,0,0,1,1,0,0,0,1,0,0,2,0,0,0,0,0,0,3,0,0,0,0,0,0,3,0,0,0,0,0,0,0,0,1,0,1,0,0,2,0,0,0,1,1,3,1,0,0,3,0,0,0,0,0,2,1,0,1,0,0,1,0,0,1,4,0,0,0,1,0,0,2,0,0,0,0,0,0,0,1,0,0,2,0,2,3,0,0,1,1,1,0,0,1,0,0,0,2,0,0,0,0,0,0,3,0,3,2,0,0,0,0,0,0,0,0,0,1,0,0,2,0,0,0,0,0,0,0,0,0,0,1,0,0,0,2,2,0,7,0,4,0,0,0,0,0,0,0,0,1,2,0,0,0,0,0,1,0,0,0,1,0,1,0,0,3,0,0,0,0,0,1,2,0,2,0,1,1,0,0,3,1,0,0,0,0,0,0,3,0,0,1,4,0,0,0,0,3,0,0,0,0,0,0,1,0,1,0,0,0,0,2,0,0,0,1,0,1,1,1,1,0,0,0,0,3,0,1,0,1,0,2
1,0,1,0,2,0,0,0,1,0,0,0,0,0,0,0,3,0,0,0,2,3,0,0,0,0,0,0,0,1,0,1,0,0,1,0,0,0,0,0,0,0,0,0,0,0,0,0,0,2,0,0,0,1,0,0,0,0,0,0,0,0,0,0,0,0,0,0,0,1,0,1,0,0,1,2,1,0,0,1,0,0,1,0,0,0,1,1,4,0,0,1,2,1,1,1,1,0,0,0,0,0,1,1,0,1,0,1,1,4,0,0,1,1,2,0,0,1,0,0,0,0,0,1,0,1,0,0,3,0,3,0,0,1,0,0,0,5,0,0,2,0,0,0,1,0,0,0,0,3,0,0,3,0,0,0,0,0,0,1,0,0,8,0,3,1,0,0,0,0,1,0,2,0,2,0,0,0,1,1,1,0,1,0,0,1,0,1,0,3,1,1,0,0,1,0,0,0,0,0,0,1,0,0,1,0,0,0,1,0,0,1,3,0,0,3,4,0,0,0,0,3,0,2,0,0,0,0,1,1,0,2,0,0,2,1,1,0,0,1,0,0,3,0,0,0,0,0,0,4,0,1,0,4,2,3
0,0,0,0,0,1,0,0,1,1,0,0,0,0,0,0,0,0,0,0,0,3,2,0,0,0,0,2,2,1,0,1,0,0,2,0,0,0,1,0,0,0,0,1,0,0,0,0,0,1,0,0,0,1,0,0,0,2,1,1,0,0,0,0,0,1,0,0,0,1,0,0,1,1,0,0,1,0,1,2,0,3,0,0,0,1,2,2,4,0,0,0,1,1,2,0,0,1,0,2,1,0,0,3,2,0,1,0,1,2,0,0,2,2,0,0,1,2,0,1,0,0,0,0,0,0,4,1,3,0,2,0,0,0,1,0,1,0,0,0,0,1,1,0,0,0,0,0,0,0,0,0,0,1,0,0,0,0,0,0,0,0,4,0,2,0,0,1,1,1,1,0,0,0,3,0,0,1,0,0,2,1,0,0,2,1,1,1,1,3,0,0,0,0,0,0,0,0,1,0,4,0,0,0,1,1,0,0,0,0,0,0,3,1,0,0,3,0,0,0,0,2,0,1,1,0,0,1,1,0,1,1,0,1,0,1,3,0,0,0,1,0,2,1,0,0,0,0,2,2,1,2,0,2,0,2
1,1,1,0,0,0,3,0,1,0,1,0,0,0,1,0,0,0,0,1,1,0,0,0,0,0,1,0,0,0,0,0,1,0,0,2,1,0,0,0,0,0,0,0,0,0,1,0,1,0,0,1,0,0,0,0,0,0,0,0,0,0,0,1,0,0,0,1,0,1,1,0,0,1,0,0,0,0,0,1,0,0,0,0,0,0,1,0,3,0,0,0,1,1,0,0,0,0,0,0,0,0,1,0,0,0,0,0,1,3,0,0,1,0,0,1,0,0,0,0,0,0,0,0,0,0,1,1,5,0,4,0,0,0,0,0,1,0,0,2,1,0,0,0,1,1,0,0,0,1,0,0,1,0,0,0,0,0,0,0,0,0,5,0,3,0,0,0,0,2,0,0,0,1,0,0,0,0,0,0,0,0,0,0,0,0,1,0,1,3,0,0,1,0,2,0,1,0,1,0,1,0,0,0,0,0,0,0,0,0,0,3,3,2,0,0,4,0,1,0,0,4,0,2,0,0,1,1,2,1,0,4,1,1,0,0,1,0,0,0,0,0,1,1,4,2,0,0,0,3,0,3,0,0,0,4
1,1,0,0,0,0,0,0,0,0,0,0,0,1,0,0,1,0,0,0,0,1,0,0,0,0,0,0,0,0,0,1,0,0,1,1,0,0,0,0,0,0,0,0,0,1,0,0,0,0,0,0,0,0,1,0,0,0,1,0,0,0,0,0,0,1,0,0,0,1,0,0,0,1,0,0,0,0,0,0,0,0,0,1,0,0,0,1,4,0,1,0,1,1,0,1,0,0,0,0,0,0,3,1,0,0,1,0,2,2,0,0,1,1,0,0,0,1,0,1,0,0,0,0,0,0,0,0,3,0,3,0,0,0,0,0,0,2,0,0,0,2,0,1,1,0,0,0,0,0,0,1,1,1,0,0,0,0,0,0,0,0,4,0,4,0,0,0,0,1,0,0,0,0,2,0,0,1,0,0,1,0,0,0,0,0,0,0,0,3,0,0,0,0,0,0,1,1,1,0,0,0,0,0,1,1,0,0,0,0,0,0,3,0,0,0,2,0,0,0,1,3,0,1,0,0,0,0,1,0,1,0,0,0,0,1,0,0,4,0,0,0,2,1,1,0,0,0,1,3,0,1,0,1,1,3
2,1,0,0,1,0,1,0,0,1,0,1,0,3,0,1,0,0,0,0,1,0,0,1,0,0,0,0,0,0,0,2,1,0,9,0,0,0,0,0,0,0,0,1,0,0,0,0,0,2,0,2,0,1,1,0,0,2,0,0,0,0,0,0,0,1,1,0,0,0,0,1,0,0,2,0,0,0,0,0,0,0,0,1,0,2,1,0,4,0,0,0,0,0,0,0,0,0,0,0,0,0,1,3,1,0,0,0,0,1,2,0,4,4,0,0,0,5,0,0,0,0,0,2,0,1,1,0,0,0,0,0,0,0,0,0,1,0,0,0,0,0,0,0,0,0,0,0,0,1,0,0,0,0,0,0,0,0,0,0,1,0,0,0,3,0,0,0,0,0,1,0,0,0,4,0,0,2,0,0,4,0,0,0,4,0,0,2,1,1,0,0,0,0,0,0,0,0,1,1,1,0,0,0,0,0,0,0,0,0,0,0,0,0,0,1,0,0,0,0,0,0,0,1,0,0,0,1,0,0,0,0,0,0,1,0,0,0,0,1,0,2,6,2,0,1,0,0,3,0,2,3,1,2,0,1
0,1,1,0,0,0,0,0,0,0,0,0,0,3,1,0,0,0,0,0,0,1,1,0,0,0,1,2,0,0,0,1,1,0,2,0,1,0,0,0,0,0,0,0,0,0,0,0,1,0,0,0,0,0,0,0,0,1,0,0,1,0,0,2,0,1,0,1,0,0,0,0,0,1,0,0,0,0,0,0,0,0,0,2,0,1,0,0,4,0,0,1,1,0,0,0,1,0,0,0,0,0,0,2,1,0,0,0,0,2,0,0,3,2,0,0,0,2,0,0,0,0,0,1,0,0,0,0,2,0,2,0,0,0,0,0,1,0,0,0,0,2,0,0,1,0,0,0,0,0,0,0,0,0,0,0,0,0,0,0,0,0,3,0,3,0,0,0,0,0,0,0,0,0,2,1,0,0,0,0,2,0,2,0,3,1,1,0,0,2,0,0,0,0,0,0,0,0,0,0,0,0,0,0,0,0,1,0,0,1,0,0,2,0,0,0,1,0,0,0,1,2,0,2,0,0,0,0,1,2,0,0,0,0,0,0,0,0,0,0,0,0,2,2,0,0,0,0,3,2,0,2,0,2,0,3
0,0,0,1,0,0,0,0,1,0,0,0,0,3,0,0,0,0,0,0,0,0,4,1,0,0,1,0,0,1,0,0,2,0,3,0,2,0,0,0,1,1,0,0,0,2,0,0,1,0,0,0,0,0,0,0,0,1,1,3,0,0,0,0,0,0,0,1,6,1,0,0,1,0,0,1,3,0,1,1,1,2,0,0,0,0,0,2,4,2,1,0,1,0,0,0,0,0,0,2,0,0,1,1,0,0,0,0,1,3,0,0,1,1,1,1,0,1,0,0,0,0,0,0,0,0,0,0,3,3,3,0,2,0,0,0,0,1,0,0,0,1,0,0,1,0,0,1,0,0,0,1,0,0,0,0,0,0,0,0,1,0,7,0,3,1,0,2,0,0,0,0,0,0,1,0,0,0,0,0,1,0,1,0,1,1,1,1,0,3,4,0,1,0,0,0,1,0,1,0,0,1,0,2,1,0,0,0,0,0,0,0,3,0,0,0,5,0,0,0,0,3,0,0,0,0,0,0,0,3,0,1,0,0,0,0,0,0,0,0,0,0,3,0,3,0,0,0,1,3,0,1,0,1,1,3
0,1,2,1,0,0,1,0,0,1,0,0,0,0,0,0,0,0,0,0,1,0,0,1,0,0,1,0,0,2,0,0,0,0,2,0,2,0,0,0,0,1,0,0,0,0,0,0,0,0,0,0,0,1,0,1,0,3,0,0,0,0,0,0,0,0,0,0,1,1,0,0,2,0,1,0,1,1,1,2,0,1,0,0,0,0,2,1,4,0,0,1,0,2,0,1,0,0,0,0,0,0,1,0,1,0,1,0,2,2,0,0,1,1,0,0,0,1,0,1,0,0,0,0,0,0,2,0,3,1,3,1,0,0,0,0,0,0,0,0,1,2,0,0,1,0,1,0,0,2,0,0,0,2,0,0,0,0,0,0,0,1,5,0,2,0,1,2,0,1,0,2,2,1,3,0,0,0,0,0,2,0,0,0,2,0,0,0,0,3,0,0,0,0,0,0,0,0,0,0,1,0,0,0,0,3,0,0,0,0,0,0,3,0,0,1,4,2,1,0,0,3,0,2,0,0,0,0,2,3,0,2,0,1,0,1,0,0,2,1,0,0,1,0,2,0,0,0,1,2,0,1,0,1,0,4
1,1,2,0,0,0,1,3,0,0,0,0,0,0,0,0,2,0,1,1,0,0,0,2,0,0,1,1,0,0,0,1,0,0,3,0,0,1,0,0,0,0,1,0,0,0,0,0,1,0,0,1,0,0,0,0,0,0,0,0,0,0,0,1,0,0,0,0,1,1,0,0,0,1,0,0,0,0,0,3,0,1,0,1,0,0,1,1,4,1,1,0,2,1,0,0,0,0,1,1,2,0,0,1,0,0,0,0,0,5,1,1,2,2,0,0,0,2,0,0,0,0,0,2,0,0,0,0,2,0,2,0,0,0,0,0,0,0,0,0,0,0,0,0,0,0,0,0,0,0,0,0,0,0,0,0,0,0,0,0,0,0,5,0,2,0,0,0,0,0,1,2,1,0,2,1,0,1,0,1,2,0,0,0,1,0,0,3,3,2,0,0,1,0,0,0,0,0,4,0,0,0,0,0,0,0,0,0,2,0,0,4,2,0,0,0,3,0,0,0,3,2,0,1,1,0,1,1,0,0,0,1,0,1,0,2,1,0,1,0,0,2,2,1,2,0,0,0,0,3,2,2,0,1,1,2
0,0,0,0,0,0,1,0,0,0,0,0,0,0,0,0,1,0,0,0,0,0,0,0,0,0,1,0,0,1,0,1,2,0,3,0,1,1,0,0,0,0,0,2,0,1,0,0,4,1,0,0,0,1,0,0,0,1,1,0,0,0,0,0,0,0,0,3,0,1,0,0,0,0,0,0,0,0,0,0,0,1,0,1,1,0,1,0,5,0,0,0,1,0,0,1,0,0,0,1,0,0,1,2,0,0,0,0,2,1,1,0,2,3,0,0,0,2,0,0,0,0,0,0,0,0,0,0,3,0,1,0,0,0,0,0,0,0,1,0,0,0,0,0,1,0,0,0,0,1,0,0,0,1,0,1,0,0,0,0,1,0,2,0,1,1,0,1,0,0,0,0,1,0,4,0,1,0,0,0,2,0,1,0,1,0,0,2,1,2,0,0,0,0,0,0,0,0,0,0,1,0,0,0,0,0,0,0,0,0,0,0,2,0,0,1,3,2,0,0,2,2,0,1,0,0,0,0,2,1,0,0,0,0,0,1,0,0,0,2,0,2,3,1,0,0,0,0,0,1,2,2,1,1,1,3
0,2,3,0,0,0,0,0,0,0,0,0,0,0,0,0,2,0,0,0,0,0,0,1,0,0,0,4,0,1,0,2,0,0,4,0,0,1,0,0,0,0,0,0,0,0,0,0,0,0,0,0,0,0,0,0,0,1,0,0,1,0,1,0,0,3,0,0,1,1,0,0,0,0,0,0,0,0,4,0,0,0,0,3,1,2,0,0,4,0,0,0,1,0,0,0,0,0,0,0,3,0,0,2,0,0,0,0,2,1,0,0,3,3,0,0,0,2,0,0,0,0,0,2,0,0,0,0,2,1,1,0,0,0,0,0,1,0,0,0,1,1,0,0,0,0,0,1,0,0,0,0,0,1,0,0,0,0,0,0,0,0,2,0,1,1,0,0,0,0,1,0,0,0,3,2,0,0,0,0,4,0,0,0,0,0,0,4,0,2,0,0,2,0,0,0,2,0,0,0,3,2,0,0,1,0,0,0,2,0,0,0,3,1,0,4,1,3,1,0,0,1,0,1,2,0,0,0,1,0,1,1,0,0,1,1,0,0,0,0,0,1,6,0,1,0,0,0,0,1,3,3,2,1,1,1
0,0,0,0,1,0,0,0,0,0,0,0,0,0,0,0,0,0,0,2,0,1,0,0,0,0,0,0,0,1,0,2,0,0,1,0,0,0,0,0,0,0,0,0,0,0,0,0,0,0,0,0,0,0,1,0,0,0,0,0,0,0,0,0,0,1,1,0,0,0,0,0,1,1,1,0,0,0,0,0,1,0,1,0,0,0,2,2,3,0,0,1,2,0,0,0,0,0,0,0,0,0,1,1,0,0,0,0,2,2,0,0,2,2,0,0,0,2,0,0,0,0,0,0,0,0,0,0,3,0,2,0,0,0,0,0,0,0,0,0,0,0,0,0,1,0,2,0,0,1,0,0,0,0,1,0,0,0,1,0,0,0,4,1,4,0,0,0,0,1,0,0,0,0,3,1,0,1,0,0,1,0,0,0,1,0,0,1,0,3,0,0,0,0,0,0,1,0,0,1,0,0,0,0,1,0,0,0,0,0,0,0,4,0,0,1,4,0,0,1,2,3,0,0,1,0,1,0,1,0,1,2,0,0,0,1,0,0,1,1,0,0,4,0,0,0,0,0,0,2,0,2,2,2,0,3
0,0,0,0,0,0,0,0,0,0,0,0,0,0,0,1,0,0,0,0,0,2,2,1,0,0,1,0,0,0,0,1,0,0,0,0,0,0,0,0,0,0,0,0,0,0,0,0,0,0,0,0,0,1,0,1,0,0,0,0,0,0,0,0,0,1,2,1,2,0,0,0,2,3,0,0,1,0,0,0,0,1,0,0,0,0,0,2,3,0,0,0,0,0,0,1,0,0,0,0,0,0,2,0,0,2,0,0,0,2,0,0,1,1,0,0,0,0,0,0,0,1,0,0,0,0,0,1,3,0,3,0,0,0,2,1,2,2,0,1,1,0,0,1,1,1,0,1,0,0,0,0,1,2,0,0,1,2,0,0,0,0,2,0,2,0,0,0,0,0,0,1,0,1,1,1,0,0,0,0,1,0,0,1,0,2,1,2,0,4,0,0,0,0,0,2,0,4,1,0,0,0,0,0,5,0,1,0,0,0,0,1,3,0,0,1,4,0,0,0,1,2,0,1,2,0,0,0,0,0,0,1,0,0,0,1,0,0,2,0,0,0,2,0,1,3,0,0,0,2,0,1,1,1,0,2
1,1,1,0,0,0,1,1,0,0,0,0,0,0,0,0,0,0,0,0,1,0,0,0,0,0,0,0,0,0,0,1,0,0,1,0,0,0,0,0,0,0,0,0,0,3,0,0,1,2,0,0,0,1,1,0,0,0,0,0,1,0,0,0,0,0,0,0,0,0,0,0,0,2,1,0,2,0,0,0,0,1,0,1,0,0,2,0,4,0,0,0,1,0,0,0,0,0,0,0,0,2,0,1,0,0,0,0,1,3,0,0,3,1,0,0,0,1,0,0,0,0,0,1,0,0,0,2,3,1,3,0,0,0,0,0,0,1,0,0,0,0,0,0,0,1,0,0,0,1,1,0,1,0,0,0,0,1,0,0,0,0,6,0,3,0,1,0,0,1,0,0,0,0,1,0,0,0,0,0,1,0,0,0,1,1,1,0,0,4,0,1,0,0,0,0,0,0,2,2,0,0,1,0,2,0,0,0,0,0,0,3,3,0,0,0,4,0,0,0,0,3,0,2,0,0,0,0,1,1,0,1,0,0,1,1,0,0,0,0,0,0,2,0,0,0,0,0,0,3,0,2,0,2,1,3
1,0,1,1,0,0,0,0,0,0,2,0,2,0,0,0,0,1,0,0,0,1,0,0,0,1,0,0,0,0,0,0,0,0,0,0,0,0,0,0,1,4,0,0,1,4,0,0,4,0,0,0,0,0,1,0,0,1,1,0,1,0,1,0,0,0,0,0,3,2,0,0,0,1,2,0,1,1,0,0,0,1,0,1,0,0,2,1,3,0,0,0,1,1,1,0,0,0,0,1,0,1,2,0,1,0,0,4,4,2,0,0,1,1,1,0,0,1,0,0,1,1,0,0,1,0,0,2,3,0,3,0,0,0,0,0,1,0,0,0,0,0,0,0,1,1,1,0,0,0,0,1,2,3,0,0,0,0,1,0,0,0,6,1,3,0,0,0,0,1,2,0,0,0,1,0,0,0,1,0,0,0,1,0,1,0,0,0,0,3,0,0,0,0,0,0,0,0,1,0,0,2,0,2,3,0,0,0,0,0,0,1,4,0,0,0,2,0,0,0,1,3,0,4,0,0,1,0,3,0,0,1,0,0,1,2,1,0,1,1,0,0,0,1,0,0,0,0,0,3,0,0,0,0,1,2
0,0,0,0,0,0,1,0,1,0,0,0,0,0,1,0,2,0,0,0,1,1,1,2,0,0,1,3,1,0,0,0,1,0,0,0,0,0,0,1,0,2,0,2,1,0,1,0,2,0,0,0,0,0,0,1,0,0,0,0,0,0,0,0,0,1,1,4,7,2,0,1,0,3,1,1,5,0,0,1,0,1,0,0,1,0,0,0,4,0,0,0,3,1,0,0,1,0,1,0,0,0,1,1,1,3,1,0,0,3,0,0,0,0,0,0,0,0,1,0,0,1,0,0,0,0,0,0,4,2,7,0,0,0,0,0,2,0,0,0,0,1,1,0,5,2,0,0,0,2,0,0,1,1,0,0,0,0,0,0,0,0,10,0,4,0,0,0,0,2,0,0,0,1,0,2,0,0,0,0,0,0,1,0,0,0,2,0,1,4,1,0,0,0,0,0,0,0,0,0,0,0,0,0,1,1,0,0,0,0,0,0,4,0,0,0,4,0,1,0,1,4,0,2,0,0,0,1,1,1,1,1,1,0,0,2,1,0,0,0,0,0,0,1,1,1,1,0,0,4,0,4,0,0,1,3
0,0,0,0,0,1,0,0,1,2,1,0,0,0,0,0,0,0,0,0,0,0,0,0,0,0,0,0,0,0,0,0,0,0,0,1,0,0,0,0,0,0,0,0,0,0,0,0,0,1,0,0,0,0,0,1,0,2,0,0,0,0,0,0,0,0,0,0,0,0,0,0,2,0,0,0,0,0,0,0,0,0,0,1,0,0,0,0,3,0,0,0,0,0,0,0,1,0,0,1,0,0,1,0,0,0,0,0,3,2,0,0,0,0,0,0,0,0,0,0,0,0,0,0,0,0,0,0,3,0,3,0,2,0,1,0,0,3,0,0,0,3,1,0,1,0,1,0,0,0,0,0,1,3,0,0,0,0,0,0,0,1,3,0,2,0,0,1,0,0,1,0,0,0,1,0,0,0,0,0,0,0,0,1,0,1,0,0,0,3,1,2,0,1,0,0,0,1,1,1,2,0,0,0,0,1,0,0,0,0,0,0,5,0,0,0,4,0,0,0,0,2,0,4,0,0,0,0,1,0,0,1,1,1,0,3,0,0,0,0,0,0,0,0,2,0,0,0,1,3,0,0,0,0,1,5
1,1,0,0,0,0,0,0,0,0,0,1,0,0,0,0,2,0,0,0,0,0,0,0,0,0,2,1,0,0,1,1,1,0,3,1,0,0,0,0,0,0,0,0,0,0,0,0,0,1,0,0,0,1,1,0,0,0,3,1,0,0,1,1,0,0,0,0,0,0,0,1,0,0,1,0,2,0,0,0,0,0,0,2,0,0,2,0,4,0,0,0,1,0,0,0,0,0,1,0,1,1,0,1,1,0,0,0,3,6,0,0,2,2,0,2,0,2,0,0,0,0,1,0,0,1,0,0,2,0,2,0,0,0,0,0,0,0,0,0,0,1,0,0,1,0,0,1,0,1,1,0,3,0,0,1,0,0,0,0,0,0,4,0,4,1,1,0,0,1,0,0,0,0,2,0,2,0,0,1,2,0,0,1,1,1,0,2,0,2,0,0,0,0,0,0,1,0,1,0,0,1,0,0,1,0,1,1,0,0,0,0,2,0,0,0,3,0,0,0,0,3,0,2,1,0,0,0,1,0,0,0,0,2,0,2,3,0,1,1,0,0,3,1,2,0,0,0,0,3,0,2,0,1,3,3
1,0,1,0,0,0,0,0,1,0,1,0,0,0,0,0,1,0,0,0,0,0,0,0,0,0,0,0,0,0,0,1,0,0,3,0,2,1,1,1,0,1,0,0,0,3,0,0,2,1,0,0,0,1,1,0,1,0,1,0,0,0,1,0,0,1,0,0,0,1,0,1,0,2,0,0,1,0,0,1,0,0,1,1,0,0,0,2,4,0,0,1,3,0,2,0,0,0,0,0,2,1,3,0,0,0,0,0,1,3,0,0,3,2,1,0,0,1,0,0,0,0,0,0,0,0,0,0,3,1,3,0,0,0,1,0,0,0,0,1,0,1,0,0,0,0,0,0,0,0,0,0,3,0,0,0,0,0,0,1,0,0,10,0,4,5,0,0,0,1,1,0,0,1,1,1,0,2,1,0,1,0,1,0,6,0,0,1,0,3,1,0,0,0,0,0,0,0,3,0,0,0,0,1,2,1,0,0,0,0,0,0,3,0,1,0,5,0,0,0,1,3,0,0,0,0,0,0,1,3,0,3,0,0,0,0,0,0,0,1,3,0,3,1,0,4,0,0,0,3,0,2,0,0,2,4
1,1,0,0,0,1,0,0,2,0,0,0,0,0,0,1,1,0,0,0,1,0,0,0,0,0,0,0,0,0,0,0,0,0,0,0,0,0,0,0,0,0,0,1,0,4,0,0,0,0,0,2,0,0,0,0,0,0,2,0,0,0,2,0,0,0,0,2,2,0,0,0,1,2,0,0,2,2,0,2,0,0,0,3,0,0,0,3,4,1,0,0,2,0,1,2,0,0,0,1,0,0,0,0,1,0,1,0,2,5,0,2,2,0,0,0,0,0,0,0,0,0,0,0,0,0,0,0,4,0,5,0,0,0,2,0,0,1,0,0,0,1,2,0,1,1,0,0,0,3,0,2,0,2,2,0,0,0,0,0,0,0,11,0,4,2,1,0,0,1,1,0,0,0,2,0,1,0,1,0,0,0,2,0,0,0,0,0,0,4,0,0,0,0,0,0,0,0,1,0,0,0,0,0,0,1,3,0,0,0,0,1,4,0,0,0,5,0,0,0,2,4,0,3,0,0,0,0,1,4,0,2,0,0,0,2,1,0,0,1,0,0,0,0,2,0,1,0,0,4,1,3,0,0,0,4
2,1,1,1,0,0,2,0,3,0,0,0,0,2,0,0,0,0,0,0,1,0,2,0,0,0,1,0,0,0,0,0,0,0,1,0,0,0,0,0,0,0,0,0,0,0,0,0,0,0,0,1,0,0,0,0,0,0,0,0,0,0,0,0,0,0,0,0,0,0,0,0,0,0,0,0,0,0,0,0,0,0,0,1,0,0,0,0,4,0,0,0,0,0,0,0,0,0,0,1,0,0,1,2,1,0,0,0,1,3,0,0,1,1,0,0,0,1,0,0,0,1,0,0,0,0,0,0,3,0,4,0,0,0,0,0,0,1,0,2,0,2,0,0,1,0,0,1,0,4,0,1,0,1,0,1,0,0,0,0,1,0,5,0,5,1,0,0,0,0,1,0,0,1,2,0,0,0,0,0,1,0,2,0,0,1,1,0,0,4,1,0,0,0,0,0,1,0,0,1,2,0,0,0,0,0,0,0,0,0,2,0,3,1,1,0,4,0,0,0,2,3,0,1,0,1,0,0,1,1,0,2,1,3,0,1,0,0,2,0,0,0,2,0,1,0,0,0,1,4,0,1,0,0,0,3
0,1,0,0,0,0,1,0,0,0,0,0,0,1,0,0,0,0,0,0,0,0,0,0,0,0,0,0,0,0,0,0,0,0,0,0,0,0,0,0,0,0,0,1,1,0,0,0,1,0,0,0,0,0,0,0,0,0,0,0,0,0,1,0,0,1,0,0,2,1,0,0,0,1,0,1,2,0,0,1,0,0,0,0,0,1,0,0,4,1,1,0,3,1,0,1,0,0,0,0,1,0,0,1,0,0,0,0,1,3,0,0,1,1,0,0,0,1,0,0,0,0,0,0,0,0,0,1,4,0,3,2,1,0,0,0,0,2,0,0,0,3,0,0,1,3,0,0,0,3,0,0,4,1,0,1,0,0,0,1,0,1,4,0,4,0,0,0,0,0,0,0,0,1,1,0,0,0,0,0,1,0,0,0,0,1,0,0,0,3,0,0,0,0,0,3,0,1,2,0,1,2,2,2,1,1,0,0,1,0,0,0,4,0,0,2,3,0,0,0,4,3,0,5,0,1,0,0,4,2,0,1,1,0,0,1,0,0,1,0,0,0,1,1,0,0,2,0,0,2,0,1,1,0,0,5
1,1,0,0,0,0,1,0,0,0,0,1,0,0,0,1,0,0,1,0,1,2,0,0,0,0,0,0,0,0,1,0,0,0,2,0,0,0,0,1,0,0,0,1,0,1,0,0,0,1,0,0,0,0,0,0,0,1,0,0,0,0,0,0,0,0,0,1,0,0,0,0,0,3,0,0,0,1,0,0,0,0,0,4,0,2,3,0,4,1,1,1,0,1,4,3,0,0,0,2,1,0,2,2,0,0,1,0,0,2,2,1,1,0,0,0,0,0,0,0,1,0,1,1,0,0,0,0,4,0,3,1,0,0,0,0,0,2,0,0,1,1,0,0,1,0,0,1,0,1,1,0,4,4,0,0,1,2,1,0,0,0,8,0,2,1,2,0,0,1,2,0,3,0,4,0,0,0,2,0,0,0,2,1,2,0,2,0,0,4,0,0,0,0,1,0,0,0,0,1,1,0,0,2,0,0,0,0,0,0,1,0,5,1,0,2,4,0,1,0,1,3,0,2,0,0,0,0,2,2,1,0,0,2,0,3,0,1,2,1,0,1,1,0,1,0,0,0,1,6,0,1,1,0,3,3
0,0,1,0,0,0,3,0,2,0,0,0,0,0,0,0,0,0,0,0,0,0,0,0,0,0,1,0,0,1,0,0,0,0,2,0,0,0,0,0,0,0,0,1,0,1,0,0,0,0,0,4,1,0,1,0,0,1,0,0,0,0,0,0,0,0,0,0,0,1,0,0,1,1,0,0,0,0,0,1,0,1,0,0,1,0,0,0,4,0,1,0,1,1,0,1,0,0,1,0,0,0,2,1,0,0,1,2,2,3,0,0,1,1,0,0,0,1,0,0,0,0,0,0,0,0,0,0,3,0,2,0,0,1,0,0,0,0,0,0,0,3,0,1,0,0,0,0,0,0,0,1,0,0,0,0,0,0,0,0,0,0,3,0,6,0,0,0,0,1,2,0,1,0,2,0,0,3,0,0,1,0,0,1,1,1,0,0,0,3,1,0,0,0,0,0,2,0,0,0,4,0,0,0,0,0,0,0,2,0,0,0,3,0,0,0,4,0,1,0,0,3,0,1,0,0,0,1,2,1,0,2,0,0,0,2,0,0,1,0,0,1,3,1,1,0,0,0,1,2,0,1,0,1,0,3
0,0,0,1,0,0,0,0,0,0,0,0,0,2,0,0,3,0,0,0,0,0,0,1,0,0,0,1,0,0,0,2,1,0,2,1,1,0,0,0,0,0,0,0,0,0,0,0,0,0,0,0,1,0,1,0,1,0,1,0,0,0,0,0,0,1,0,2,0,0,0,0,1,1,0,0,0,0,1,0,1,1,0,0,1,0,0,0,3,0,0,0,0,0,0,2,0,0,0,0,1,0,0,2,0,0,1,0,3,2,0,0,2,2,0,0,0,2,1,0,0,0,0,1,0,0,0,0,2,0,2,0,0,1,1,0,0,0,0,1,0,0,0,0,0,0,0,0,0,0,0,0,0,1,0,2,0,0,0,0,0,0,3,0,3,0,1,1,0,2,0,0,1,0,2,0,0,1,0,0,2,1,2,0,0,1,1,1,0,3,0,0,0,0,0,0,0,0,0,0,0,1,0,0,1,1,0,0,0,0,0,0,2,0,0,0,3,0,0,0,0,2,0,2,0,1,0,0,1,0,0,1,0,1,0,0,1,0,1,1,0,0,3,0,1,0,0,1,1,2,0,3,1,1,1,2
1,0,0,0,2,0,0,0,1,1,0,0,0,0,0,0,1,0,0,0,1,0,0,0,0,0,0,1,0,2,0,2,0,1,7,1,0,0,0,0,0,1,0,0,0,0,1,0,0,2,0,0,0,1,0,0,0,2,1,0,0,0,0,0,0,0,0,0,0,1,0,1,0,3,0,0,0,3,0,0,0,0,0,1,0,0,0,0,5,0,0,0,0,0,0,0,1,0,0,0,0,0,1,2,0,0,0,0,2,2,1,0,2,2,0,1,0,4,1,0,0,0,0,1,0,1,0,0,4,0,3,0,0,0,1,0,0,1,0,0,1,1,0,1,2,0,0,0,0,0,1,0,1,1,0,0,1,0,1,0,0,0,6,0,2,0,0,1,0,0,0,0,0,0,2,1,0,5,1,0,2,0,0,0,1,0,0,3,1,2,0,0,0,0,0,0,0,2,2,0,2,2,0,3,5,0,0,1,0,0,1,1,2,0,0,3,3,0,0,0,1,2,0,0,1,1,0,1,2,0,0,1,0,1,0,3,0,0,2,0,1,2,2,1,1,1,0,0,0,2,0,4,0,1,0,1
1,0,2,0,0,0,1,1,0,0,0,0,0,2,1,1,0,0,0,0,0,1,1,0,0,0,0,1,0,0,0,1,0,0,2,0,0,0,0,0,0,0,0,0,0,0,0,0,0,1,0,0,0,1,0,0,0,0,0,0,0,0,0,0,0,0,0,0,1,0,0,0,0,1,0,0,0,0,0,0,0,1,1,0,0,0,0,0,4,1,1,0,1,0,0,0,0,0,0,0,1,1,0,2,0,0,0,0,2,2,0,0,2,2,0,0,0,2,0,1,0,0,0,1,0,0,0,0,2,0,2,0,0,0,0,0,0,0,0,2,0,0,0,1,1,0,0,0,0,2,0,0,2,0,0,0,0,0,0,0,0,0,3,0,4,1,1,0,0,0,0,0,0,0,2,0,0,0,0,0,2,0,0,0,2,0,0,2,0,3,0,0,0,0,0,1,0,0,2,2,0,0,2,0,2,0,0,0,0,0,0,0,2,0,0,0,4,0,0,0,0,3,0,1,0,0,0,0,1,1,0,2,0,1,0,0,0,0,0,1,0,0,3,0,1,2,0,0,1,4,0,2,0,1,3,2
0,0,0,0,0,0,1,0,0,0,0,0,0,0,0,0,1,0,0,0,0,0,0,1,0,0,0,0,0,1,0,1,0,1,3,0,0,0,0,1,1,1,1,0,0,0,0,0,2,1,0,1,0,1,0,0,0,1,1,0,0,0,0,1,0,0,0,0,2,0,0,0,0,1,1,0,2,0,0,1,0,1,0,1,0,0,3,1,4,0,1,0,2,0,0,1,0,0,1,0,1,1,1,0,0,0,1,0,0,3,2,0,3,2,0,0,0,2,0,0,0,0,0,0,2,0,0,0,2,0,2,0,0,0,0,0,0,2,0,0,0,0,0,0,1,1,0,0,0,2,0,0,1,0,1,0,0,0,0,2,2,0,4,0,2,0,0,0,0,1,0,1,0,0,2,1,0,0,0,0,2,1,0,0,0,0,0,0,0,2,0,0,1,1,0,0,0,0,2,0,0,0,0,0,3,0,1,0,0,0,1,0,2,0,0,2,4,0,1,0,1,2,0,1,0,0,0,0,2,0,0,1,1,0,1,1,0,0,2,0,0,3,3,1,0,0,0,0,1,3,1,3,0,1,2,3
2,0,1,1,0,2,1,0,2,0,0,0,0,0,0,1,1,0,0,0,0,2,0,0,0,0,1,0,3,0,0,1,0,0,3,0,0,0,0,0,0,0,0,0,0,0,0,0,0,1,0,0,0,1,0,0,0,0,0,0,0,0,0,0,0,0,0,1,5,1,0,0,0,0,0,1,0,0,2,0,3,2,0,1,0,0,2,0,4,2,2,0,0,0,0,2,0,0,1,0,2,0,0,2,0,0,1,0,3,2,0,0,2,2,0,0,0,2,0,0,0,0,0,1,0,0,0,1,3,0,2,0,0,0,0,0,0,0,0,0,0,1,0,2,0,0,0,0,0,0,0,0,1,0,0,1,0,0,2,0,0,0,6,0,2,0,0,0,0,0,0,0,1,1,3,0,0,1,1,0,2,0,0,1,2,0,0,2,0,2,0,1,1,0,0,0,1,0,2,0,0,0,0,0,3,2,0,0,0,0,0,0,2,0,0,0,4,0,0,0,0,2,0,2,0,0,0,0,2,1,0,2,0,0,0,2,0,0,0,0,0,2,4,0,1,0,0,0,2,2,1,2,0,1,2,2
1,0,0,2,0,0,0,0,0,0,0,0,1,0,1,0,2,0,0,0,0,2,1,0,0,0,0,0,1,1,0,0,0,0,2,0,2,0,0,0,0,0,0,0,0,2,0,0,3,0,0,0,0,0,0,1,0,0,0,0,0,0,0,0,0,0,0,0,0,0,0,0,0,2,0,0,0,0,0,0,0,1,1,2,0,0,0,0,3,1,1,0,1,1,0,0,0,0,0,1,1,1,1,1,0,0,1,1,2,2,2,0,1,1,0,0,0,1,0,0,0,0,0,0,0,1,0,0,4,0,3,0,0,0,0,0,0,2,0,0,0,2,0,0,0,0,0,0,0,2,0,0,1,1,0,1,0,2,1,0,2,0,7,0,2,0,0,2,0,0,0,0,0,1,1,0,0,1,0,0,2,0,0,3,1,0,0,1,0,3,0,1,0,1,0,1,0,0,0,0,2,1,0,0,1,0,0,0,0,0,0,0,4,3,0,2,4,0,0,1,1,2,0,1,1,0,0,2,3,0,1,1,0,1,0,4,1,0,2,0,0,1,1,1,2,1,0,0,0,4,1,1,0,0,2,0
1,0,0,1,0,0,0,0,0,0,0,0,0,0,0,0,1,0,0,0,0,2,0,1,0,0,0,0,1,0,0,1,0,0,0,0,1,0,0,0,1,1,0,0,0,0,0,0,2,0,0,0,0,0,0,1,0,0,1,0,0,0,0,0,0,2,0,1,2,0,0,0,0,1,0,0,1,0,0,1,0,0,0,1,0,4,0,1,4,0,0,0,1,1,0,2,0,0,0,0,1,0,2,1,0,1,1,0,1,3,1,0,0,0,0,0,0,0,0,0,0,2,0,1,0,0,0,0,4,0,4,0,0,0,0,0,0,0,0,0,1,1,0,0,0,0,0,2,0,3,0,0,1,3,0,1,0,0,0,0,0,0,6,0,5,0,0,0,0,3,0,1,0,1,1,1,0,0,0,1,0,0,1,0,0,0,0,0,0,4,0,0,0,0,0,0,0,0,1,0,0,2,1,0,2,3,0,0,2,0,0,0,4,0,0,0,5,0,0,0,2,4,0,5,0,0,0,0,2,0,0,2,0,1,0,2,1,0,2,0,0,0,1,0,0,0,0,0,0,4,0,0,0,0,0,3
0,0,0,1,0,0,1,0,1,1,0,0,0,0,0,0,0,0,1,0,0,0,0,0,1,0,0,2,0,1,0,0,0,0,2,0,0,0,0,0,0,0,1,0,0,1,0,1,0,2,0,0,0,0,1,0,0,1,0,0,0,0,0,0,0,0,0,0,0,0,0,0,0,0,0,0,0,0,0,0,1,0,0,0,1,0,0,0,3,0,0,0,2,1,0,0,0,0,1,0,1,0,1,2,0,0,0,1,2,0,0,1,2,3,2,0,0,2,0,0,0,0,0,0,0,0,0,0,1,0,0,0,0,0,0,0,0,0,1,2,0,2,0,0,0,0,1,0,1,0,0,0,1,0,2,1,0,0,0,0,1,0,1,0,0,0,0,1,1,0,0,1,2,0,3,0,0,0,0,1,2,0,1,0,3,0,0,0,0,1,0,0,1,1,0,0,0,2,0,0,0,0,0,0,1,0,0,0,2,0,2,0,1,0,0,0,1,0,0,1,1,2,0,0,0,0,0,0,0,1,0,1,0,1,3,0,1,1,0,3,0,4,6,3,1,1,0,1,3,1,1,3,0,2,1,1
0,0,0,0,0,1,3,0,1,0,0,0,0,0,0,0,0,0,0,0,0,0,1,0,0,0,0,0,1,0,0,0,0,0,0,0,0,0,0,0,0,0,0,0,0,0,0,0,0,0,0,0,0,0,0,0,0,0,0,0,0,0,0,0,0,0,0,1,0,0,0,0,0,1,0,0,2,0,1,0,0,0,0,0,2,0,0,0,4,1,0,0,2,2,0,3,0,0,0,0,0,1,1,0,0,0,0,0,2,4,0,0,0,0,0,0,0,0,0,0,0,0,0,0,0,0,0,0,4,0,4,0,0,0,0,0,0,0,0,0,0,0,0,0,1,0,0,0,0,2,0,1,1,0,0,2,0,0,0,0,0,0,5,0,4,1,0,0,0,2,2,0,0,0,0,0,0,0,0,0,0,0,3,1,0,0,1,0,0,4,0,0,0,0,0,0,0,0,0,0,0,2,0,0,1,0,0,0,0,0,0,0,4,0,0,0,4,0,0,0,0,4,0,0,0,0,0,0,2,0,0,2,0,1,0,0,0,0,0,0,0,0,0,0,1,0,0,1,0,4,0,0,2,0,0,4
0,0,0,0,0,0,0,0,0,0,0,0,0,0,0,0,1,0,0,0,0,0,0,0,0,0,0,1,0,0,0,1,0,1,4,0,0,1,0,0,0,0,0,0,0,0,0,0,2,0,0,0,0,2,0,0,1,3,0,0,0,0,0,2,0,1,0,0,0,0,0,0,1,2,0,0,0,1,0,0,0,0,0,1,0,0,0,1,4,0,0,0,0,1,0,0,0,0,0,0,0,0,1,1,0,0,1,0,3,2,0,1,3,2,0,1,0,2,0,0,0,0,0,0,0,0,0,0,2,0,3,0,0,0,0,0,0,2,0,0,0,0,0,1,0,0,0,0,0,1,1,0,1,0,0,0,0,0,0,1,1,0,3,0,2,0,0,0,0,0,0,0,0,0,2,1,0,0,0,0,2,1,0,0,1,1,2,1,0,2,0,0,0,0,0,3,0,2,0,0,2,1,0,0,1,1,0,0,2,0,0,0,2,0,0,0,2,0,0,0,0,2,0,1,0,1,1,1,4,0,0,2,0,1,0,1,0,0,1,1,0,0,2,1,1,4,0,0,1,2,0,2,0,2,0,2
1,0,1,1,0,0,1,0,0,0,0,0,0,1,0,0,0,0,0,0,0,1,0,0,0,0,1,1,0,0,0,0,0,0,3,0,1,1,0,0,0,0,0,0,0,4,0,0,4,1,0,0,0,1,0,0,0,0,0,1,1,0,1,0,0,0,0,1,3,1,0,0,1,4,0,0,1,0,1,1,0,1,0,1,0,0,1,1,4,1,1,0,0,1,0,0,0,0,0,0,0,0,2,2,0,0,0,0,2,2,0,0,2,2,0,0,0,3,0,0,0,0,0,0,0,0,0,0,2,1,3,0,0,0,0,0,0,1,0,0,0,1,1,0,0,0,0,0,0,1,0,0,1,0,0,0,0,0,0,0,1,0,4,0,3,0,0,1,1,0,0,0,0,1,2,0,0,0,0,0,2,0,0,0,5,0,0,2,0,3,0,0,0,0,0,0,0,1,2,0,0,0,0,0,0,1,0,0,0,1,0,1,2,1,1,0,4,1,0,0,2,2,0,1,0,0,0,1,1,0,0,3,0,0,0,0,0,0,0,1,0,1,4,2,0,0,0,0,1,2,0,2,0,1,1,3
1,0,0,1,0,1,1,1,0,1,0,0,0,1,1,0,0,0,0,0,0,1,0,0,0,0,0,0,0,0,0,1,0,0,1,1,2,1,0,0,0,0,0,1,0,1,0,0,0,0,0,0,0,0,1,0,0,0,1,1,0,0,1,0,0,0,0,0,3,0,0,0,1,1,2,0,1,0,0,1,0,0,0,0,0,0,2,0,4,0,1,0,1,1,0,0,0,0,0,2,1,0,0,1,0,0,1,0,2,2,0,0,1,1,0,1,0,1,0,0,0,1,1,0,0,0,1,0,3,0,3,1,1,0,0,0,1,0,0,0,0,0,0,0,0,2,1,0,0,0,0,0,1,2,0,0,0,0,0,0,0,0,5,0,4,0,0,0,0,0,2,2,0,0,4,0,0,0,0,0,1,0,0,0,0,0,0,0,0,4,0,0,1,0,0,0,0,0,1,0,0,1,0,2,0,0,0,0,0,0,0,1,3,1,1,0,4,0,0,0,0,3,0,1,0,0,0,0,2,0,0,2,0,0,0,2,0,0,1,0,0,0,1,1,0,0,0,0,0,3,0,2,0,1,0,2
1,0,1,0,1,0,0,0,1,0,0,1,1,1,0,0,0,1,0,0,0,0,0,0,0,0,1,0,0,1,2,0,0,1,1,1,1,0,0,0,0,0,0,0,0,1,0,0,1,0,0,0,0,0,0,0,0,0,1,0,0,0,0,1,0,0,0,0,3,1,0,0,0,4,0,2,0,2,0,1,0,1,0,0,0,0,0,0,4,0,0,0,2,0,0,0,0,1,0,0,0,0,0,1,0,0,0,0,2,2,0,0,1,1,0,0,0,1,0,0,0,0,1,0,0,0,1,0,4,0,3,1,0,0,0,1,0,0,0,0,1,0,0,0,2,0,1,0,0,1,0,1,2,2,0,0,1,0,0,0,0,0,6,1,4,1,1,0,0,0,1,0,0,0,2,0,0,0,1,0,1,0,1,0,2,0,0,0,2,4,0,1,0,0,0,0,0,0,0,0,0,0,0,0,1,0,0,0,0,0,0,1,3,0,0,1,4,0,0,0,0,3,0,0,0,1,3,0,2,1,0,2,0,0,1,2,0,0,1,0,0,0,1,2,0,0,0,0,1,2,0,1,1,0,0,3
0,0,1,1,0,1,0,1,1,0,0,0,0,1,0,0,1,0,0,3,0,0,0,0,0,0,0,2,0,0,0,1,0,0,1,0,0,0,0,0,0,0,0,0,0,1,0,0,1,0,0,0,0,0,0,0,0,0,0,0,0,0,0,0,1,0,0,2,1,0,0,0,1,0,0,0,1,0,0,1,0,0,0,3,0,0,0,1,4,1,1,1,0,0,0,0,0,0,0,0,1,0,1,1,0,0,0,0,2,2,0,1,1,1,0,0,0,1,0,1,0,0,0,0,0,0,0,0,3,0,2,2,1,0,0,0,0,0,1,0,0,0,2,0,0,1,2,2,0,0,0,0,0,1,0,2,0,0,0,0,0,0,3,1,3,0,0,1,0,0,0,0,2,0,2,0,0,0,0,0,2,1,2,0,1,0,0,0,0,2,0,0,0,0,0,0,1,0,1,0,0,0,0,0,0,0,0,0,1,0,0,0,2,0,0,0,3,1,0,0,0,2,1,1,0,2,0,0,0,0,0,1,0,0,1,1,0,0,2,1,1,0,3,2,0,0,0,0,0,2,0,1,0,1,0,4
1,0,0,0,0,0,1,0,0,0,0,0,0,0,0,0,0,0,0,0,0,0,0,0,0,0,0,0,0,0,1,0,0,0,1,0,0,0,0,0,0,1,0,0,0,0,0,0,0,0,0,0,0,0,0,0,0,2,2,0,1,0,2,0,0,1,0,1,2,1,0,0,0,1,1,0,1,0,0,1,0,0,0,1,0,1,0,0,5,0,0,0,3,0,0,0,0,0,0,0,1,0,0,1,0,0,0,0,1,2,0,0,3,2,0,0,0,0,0,0,0,0,0,0,0,0,1,0,4,0,2,0,0,0,1,0,0,0,0,0,0,1,1,0,2,0,0,1,0,1,0,0,0,1,0,1,0,0,0,1,3,0,3,0,3,1,0,0,0,1,0,0,2,0,4,0,0,0,0,0,2,0,0,0,1,0,1,2,0,4,0,0,0,0,0,0,0,0,2,0,0,2,0,0,1,0,0,0,1,0,0,0,4,0,0,0,4,0,0,0,0,2,0,1,0,0,0,0,2,2,0,3,1,0,0,1,0,0,0,0,1,0,4,1,0,3,1,0,0,3,0,1,0,0,0,3
0,1,0,1,3,0,2,0,0,0,0,0,0,0,0,0,0,0,0,0,0,1,1,0,0,0,0,0,0,0,0,0,0,0,1,0,0,0,0,0,0,0,0,0,0,0,0,0,0,1,0,0,0,0,0,0,0,0,0,2,0,0,0,1,0,0,0,0,1,0,0,0,0,0,0,0,0,0,0,0,1,1,0,1,0,0,0,0,4,0,0,0,3,0,0,0,0,0,0,2,0,0,0,0,1,1,0,2,2,4,0,0,0,0,2,0,0,0,0,0,0,1,0,0,0,0,0,0,4,0,6,0,0,0,0,0,2,0,0,0,0,3,0,0,0,0,0,0,0,2,0,0,2,0,1,0,0,2,0,0,0,0,5,0,4,1,0,0,0,0,0,0,0,0,4,0,1,0,0,0,0,0,1,0,0,0,1,0,0,4,1,0,0,0,0,2,0,2,1,0,0,1,0,0,2,0,0,0,1,0,0,1,4,0,0,0,5,0,0,0,0,4,0,4,0,0,0,0,1,3,0,2,0,1,1,3,0,0,1,0,0,0,0,0,1,0,0,0,0,5,0,1,0,0,2,4
0,0,0,0,0,0,1,0,0,0,0,0,0,0,1,0,1,0,0,0,0,0,0,0,0,0,0,0,0,0,0,1,0,0,2,1,0,0,0,0,0,0,0,0,0,0,0,0,0,1,0,0,0,0,1,0,0,1,1,0,0,0,0,0,0,0,0,1,0,2,0,1,0,3,0,0,2,1,2,2,0,1,0,1,0,0,0,2,4,0,0,0,3,0,0,0,0,0,0,0,0,0,0,2,1,0,0,0,2,2,0,0,2,2,0,1,0,2,0,0,0,0,1,0,0,0,0,0,2,0,2,0,0,0,0,0,0,0,0,0,0,0,0,0,0,0,1,0,0,1,0,0,0,0,0,0,0,0,0,0,1,0,4,0,2,2,0,1,0,1,0,0,0,1,2,0,0,0,0,0,2,0,0,0,1,1,1,1,0,2,0,0,0,1,0,1,0,0,1,1,0,0,0,0,1,0,0,0,0,0,1,0,2,0,0,1,2,0,0,0,1,2,0,1,0,0,0,0,1,2,0,1,0,0,0,1,0,0,2,0,0,1,3,2,0,0,1,0,3,2,0,4,0,3,0,0
0,0,1,0,0,0,1,0,0,1,0,0,0,1,0,0,2,0,0,1,0,1,0,1,0,0,0,3,0,1,0,3,1,0,6,0,0,2,0,1,0,0,0,0,0,0,0,0,0,6,0,0,0,0,0,0,0,2,0,0,0,0,1,0,0,0,0,1,0,0,0,0,2,2,0,0,0,0,0,1,0,0,0,1,0,0,0,1,6,1,0,0,1,0,0,0,0,0,1,0,1,0,2,2,1,0,0,1,2,2,1,0,2,2,0,1,0,2,0,0,0,0,0,1,0,0,2,0,2,0,4,0,0,0,1,0,0,0,0,1,0,1,1,2,1,0,0,0,0,1,0,0,3,0,0,1,0,0,0,0,2,0,4,0,2,0,1,0,0,0,0,0,1,0,3,0,0,0,1,1,5,0,1,0,1,1,0,2,1,2,0,0,0,0,0,0,3,0,0,0,1,1,0,0,3,0,1,0,2,1,1,2,2,0,0,1,3,1,0,0,1,2,0,0,0,0,0,0,2,0,0,1,0,0,0,0,0,0,0,0,3,2,8,1,0,1,2,0,0,2,3,2,0,1,1,2
0,0,0,0,0,1,0,0,0,0,0,0,0,0,0,0,0,0,0,0,0,1,0,0,0,0,0,0,1,0,0,0,0,0,1,0,0,0,0,0,0,0,0,0,0,0,0,0,0,1,0,0,0,1,0,0,0,1,0,0,0,1,0,0,0,0,0,0,0,1,0,0,1,0,0,0,1,0,0,0,1,0,0,0,2,0,0,0,3,0,0,0,0,1,0,1,0,0,1,0,0,0,1,1,0,0,0,0,2,3,0,0,1,1,0,0,0,1,0,1,0,0,0,0,0,0,1,0,3,0,4,0,0,0,0,0,0,0,0,1,0,0,1,0,1,0,2,0,0,0,0,0,1,2,0,2,0,2,0,0,0,0,5,0,4,0,0,0,0,1,1,1,0,0,2,0,0,0,0,0,1,0,4,1,1,0,1,0,0,3,0,0,1,0,0,0,1,0,0,0,0,1,0,0,0,1,0,0,0,0,0,0,3,0,1,1,5,0,1,0,0,3,0,2,0,0,0,1,2,0,0,1,0,0,1,1,0,0,0,1,0,2,3,1,0,0,0,0,1,3,0,1,1,0,1,4
1,0,1,0,2,0,0,0,0,0,1,0,1,0,0,0,0,1,0,0,0,0,0,1,0,1,1,0,0,0,1,2,0,0,5,0,0,0,0,0,1,0,1,1,0,0,0,0,0,2,1,0,0,2,1,0,1,3,0,0,1,0,2,0,0,0,0,0,1,0,0,0,0,0,0,0,0,1,1,0,0,0,1,1,0,0,1,0,3,0,0,0,0,0,0,0,0,0,0,0,1,0,0,2,0,0,0,0,1,0,0,0,3,3,0,1,0,3,0,0,0,1,0,0,0,0,0,0,0,0,0,2,0,0,0,0,0,0,0,0,0,0,0,0,1,0,1,0,0,2,2,0,0,1,0,0,0,0,2,0,1,0,0,2,1,0,0,1,0,0,1,0,0,0,3,0,0,1,0,1,3,1,1,0,4,0,0,3,0,0,0,0,0,0,0,0,0,0,1,0,0,0,0,0,0,1,0,0,0,0,0,0,0,1,0,0,0,0,0,0,0,0,0,0,0,0,2,0,0,0,0,0,1,0,1,2,0,0,0,2,0,4,4,2,0,0,0,0,1,0,1,4,0,0,1,0
0,0,2,0,0,1,0,0,1,0,0,0,1,0,0,1,1,0,0,0,1,1,0,0,0,0,1,1,0,0,0,2,0,0,2,0,2,2,0,0,0,0,0,1,0,0,0,0,0,0,0,0,0,0,0,0,0,2,0,0,0,0,0,0,0,0,0,0,0,1,0,0,2,0,0,0,0,0,0,0,0,0,1,3,1,0,1,1,4,0,0,0,1,0,0,1,0,0,0,1,0,0,1,1,0,1,2,1,1,3,0,0,1,1,0,0,0,1,0,0,1,1,0,1,0,0,0,0,3,0,3,0,0,0,0,1,0,0,0,0,0,1,0,0,1,0,0,0,0,0,0,1,1,2,1,0,0,0,1,3,0,0,6,0,3,0,0,1,0,1,1,0,0,0,1,0,0,0,1,0,2,0,0,1,0,1,0,1,0,4,0,0,0,0,0,1,1,1,1,0,0,0,0,0,1,0,0,0,0,0,0,5,3,0,0,1,3,0,0,0,0,3,0,0,2,0,0,0,3,0,1,0,0,3,0,2,0,0,0,2,0,1,1,2,2,6,0,0,0,3,0,3,0,0,3,2
0,0,0,0,0,1,2,0,0,1,0,0,0,1,0,0,0,0,0,1,1,0,0,0,0,0,1,1,0,0,0,2,0,0,3,0,0,0,0,0,1,0,0,0,0,0,0,0,1,1,0,0,0,1,0,0,0,0,0,1,0,0,0,0,0,0,1,1,0,1,5,0,2,0,0,1,0,0,1,0,0,1,0,0,1,0,0,0,3,0,1,0,0,2,0,0,0,0,0,0,2,2,1,0,1,2,0,0,2,1,0,1,2,2,1,0,0,2,1,0,0,0,2,2,0,0,0,0,2,2,3,0,1,2,0,0,0,0,0,0,0,0,1,0,0,1,0,1,0,0,0,0,0,0,0,0,0,2,0,0,0,0,3,0,2,0,1,0,0,0,1,0,0,0,2,0,0,0,0,0,2,1,0,0,2,2,2,2,0,1,1,0,2,0,0,1,0,0,1,0,1,1,0,1,1,0,0,0,0,1,1,1,1,0,0,0,3,0,0,0,0,3,0,0,1,0,0,0,1,0,0,1,0,1,0,0,0,1,0,0,1,3,5,1,1,0,0,0,1,2,0,2,0,0,3,2
0,0,0,0,0,0,1,0,0,0,0,1,0,0,0,0,2,0,0,0,0,0,0,0,0,0,1,0,0,0,0,2,0,0,2,0,1,0,0,0,0,0,0,0,0,0,0,0,0,1,0,0,0,1,0,0,1,0,0,0,0,0,0,0,0,1,0,3,3,0,1,0,0,0,0,0,0,0,0,0,0,0,0,1,0,0,0,0,4,0,0,0,0,0,0,2,0,0,0,1,0,0,0,1,1,0,0,0,3,2,0,0,3,2,0,1,0,2,0,0,0,0,0,0,0,0,0,0,2,0,2,0,0,0,0,0,0,1,0,0,0,0,0,0,1,0,0,0,0,0,0,0,0,0,0,0,0,0,0,0,0,0,3,0,4,0,1,0,0,0,3,1,2,1,2,0,0,0,0,0,2,0,0,0,1,1,0,0,0,2,0,0,0,0,0,0,0,0,0,0,0,1,0,0,1,1,0,0,1,0,0,0,2,0,0,1,2,0,0,0,0,2,0,0,0,0,0,0,0,1,1,0,0,0,0,2,0,0,0,0,0,0,3,1,1,0,0,2,1,2,0,2,0,2,1,1
0,3,0,1,0,0,0,0,1,0,0,0,0,1,1,0,2,0,0,0,0,3,0,0,0,0,0,0,1,0,0,0,0,0,1,1,0,0,2,0,0,0,0,0,0,1,0,0,2,0,0,0,0,0,0,0,0,0,0,0,1,0,0,0,0,0,0,0,0,0,0,0,1,5,0,1,5,1,0,0,0,0,0,0,0,2,1,2,5,0,0,0,2,0,0,0,0,0,0,0,1,1,0,1,0,1,2,6,1,4,0,0,2,0,0,0,0,6,0,1,0,1,0,1,0,0,0,0,4,0,4,0,2,0,0,0,0,2,0,0,0,1,1,0,1,0,0,0,0,1,0,1,3,0,0,0,0,0,0,0,1,0,12,2,3,0,0,0,0,1,1,2,0,0,1,0,0,1,1,0,0,0,0,1,1,0,0,0,1,4,0,1,0,0,0,0,1,1,4,0,0,0,1,0,2,3,0,0,0,0,2,1,4,0,0,0,6,0,2,0,5,5,0,8,1,0,0,0,2,0,0,5,1,2,0,1,1,0,3,0,0,0,1,0,2,0,0,0,0,4,0,1,0,0,0,4
0,0,0,0,0,1,1,0,0,0,0,0,0,0,0,0,0,0,0,1,0,1,0,0,0,0,1,1,0,0,0,2,0,0,2,0,0,0,0,0,0,0,0,0,0,1,0,0,1,2,0,1,0,1,0,0,1,2,0,0,0,0,0,0,0,0,0,2,0,0,0,0,1,1,0,1,3,0,0,0,0,1,0,0,0,0,0,0,4,0,1,0,0,0,0,1,0,0,0,0,1,0,2,2,1,0,0,0,3,2,1,0,3,3,0,0,0,3,0,0,0,0,0,1,0,0,2,0,2,0,1,1,0,0,0,0,1,2,0,0,0,0,0,0,0,0,1,1,0,0,0,0,0,1,0,0,0,0,0,0,1,0,2,0,1,2,0,0,1,1,0,0,0,0,3,0,0,1,0,0,2,0,3,1,2,0,0,1,0,2,0,0,0,0,0,0,1,0,2,0,0,0,1,0,1,0,0,1,1,0,0,0,2,0,0,0,3,0,0,0,1,1,0,0,0,0,0,0,1,2,0,0,0,0,1,2,0,0,1,0,0,0,5,1,1,0,0,0,0,1,0,3,0,2,1,2
2,0,0,0,1,1,1,3,1,0,0,0,0,1,0,0,1,0,0,1,0,1,2,0,0,0,0,0,0,0,0,0,2,1,0,0,2,0,0,0,0,0,0,2,0,0,0,0,0,1,1,1,0,0,0,0,0,1,0,0,0,0,1,0,0,0,0,0,0,1,0,0,0,1,0,0,0,0,0,0,0,0,0,1,1,0,1,0,2,0,0,0,2,1,0,0,0,0,0,0,2,1,1,0,0,1,0,1,0,2,0,0,0,0,1,0,0,0,0,0,0,0,0,1,0,1,0,1,3,0,2,0,0,0,0,0,0,0,0,0,0,0,0,0,0,0,0,0,0,1,0,0,1,0,0,0,0,0,0,0,0,0,3,0,2,1,2,0,0,0,0,0,0,0,0,0,0,0,0,0,0,0,3,4,0,0,1,0,0,3,0,0,0,1,0,0,0,1,0,0,0,1,0,0,2,1,0,0,1,0,0,1,3,2,0,1,4,0,1,0,2,2,0,1,0,0,0,1,1,2,0,3,0,2,0,1,0,0,0,2,1,1,1,0,1,2,0,1,0,4,0,0,1,2,1,2
1,0,1,0,0,0,2,0,2,0,0,0,1,0,0,0,0,0,0,0,0,0,0,0,0,1,0,0,0,1,0,0,1,0,1,0,1,0,0,0,0,0,0,0,0,0,0,0,0,0,0,0,0,0,0,0,0,0,0,0,0,0,0,1,0,0,0,1,0,1,0,0,0,1,0,0,1,1,0,0,0,1,0,1,0,0,0,0,5,0,0,1,1,1,0,0,0,0,0,0,0,0,0,0,0,0,0,0,0,3,0,0,1,2,0,0,0,2,0,0,0,1,0,1,0,0,0,0,3,1,2,0,1,0,0,0,0,0,0,1,2,0,0,0,0,0,0,0,0,2,0,1,0,1,1,0,0,2,0,0,0,0,3,0,3,0,0,0,0,2,2,0,0,1,3,0,0,1,0,0,1,0,2,0,1,1,3,3,0,3,0,0,0,0,0,0,0,0,1,0,0,0,0,0,0,0,0,0,0,0,0,0,4,0,2,0,3,0,0,0,0,3,0,1,1,0,0,0,1,0,0,0,0,2,0,1,0,0,2,1,0,0,3,2,4,0,0,0,3,2,0,2,0,2,1,3
2,0,1,0,1,1,1,0,1,0,0,1,0,0,0,0,3,1,0,0,0,3,2,1,0,0,0,1,0,1,0,3,0,1,4,0,1,0,0,0,0,1,0,1,0,1,0,0,0,1,0,0,0,1,1,0,3,1,0,0,0,0,0,0,1,0,0,1,4,1,0,0,0,0,0,0,2,0,2,0,0,0,0,2,0,1,2,1,6,0,0,0,0,0,0,0,0,0,0,0,3,0,0,3,0,0,0,0,2,1,0,0,3,3,0,1,0,3,0,1,1,2,0,1,0,0,1,0,2,1,1,0,0,0,0,0,0,0,0,0,0,0,0,0,0,0,2,1,0,2,0,0,0,0,1,0,0,1,0,0,3,0,3,0,2,0,0,3,2,0,0,0,2,0,3,0,0,2,0,0,3,0,0,0,0,0,1,2,0,1,1,0,0,0,0,0,0,0,0,0,0,0,1,0,0,0,0,0,0,0,0,0,2,0,0,0,0,1,0,0,0,1,0,1,0,0,0,0,1,0,1,1,0,0,0,0,0,0,0,1,0,0,6,2,0,0,1,0,0,1,0,3,0,1,0,2
0,0,0,0,0,0,1,0,0,0,0,0,0,0,0,0,0,0,0,1,0,1,0,0,0,0,1,0,0,0,0,0,0,0,2,0,0,0,0,0,0,0,0,0,0,0,0,0,0,1,0,0,0,1,0,0,0,0,0,0,0,0,0,0,0,1,0,1,0,0,0,0,0,0,0,0,1,0,2,1,0,0,0,1,2,0,1,1,4,0,0,0,0,0,0,2,0,1,0,1,1,0,0,0,0,0,3,0,4,3,1,0,1,2,0,0,0,1,0,1,0,0,0,2,0,1,0,0,3,0,4,0,0,0,0,0,0,0,0,0,0,2,0,0,1,0,0,0,0,0,0,0,0,1,0,4,0,1,0,0,0,0,7,0,4,1,1,1,0,1,0,0,0,0,2,0,0,2,1,2,1,0,3,0,1,1,1,3,0,3,0,0,0,0,0,0,1,2,2,0,1,1,1,0,0,1,0,0,0,1,0,0,3,0,0,0,3,1,0,0,2,3,0,1,1,1,0,0,1,0,1,2,1,1,0,2,0,0,1,5,0,1,1,1,1,0,0,1,1,4,0,2,0,1,0,2
0,0,0,0,1,0,2,0,0,0,0,0,0,3,0,1,1,0,0,0,0,2,0,0,0,0,0,1,0,1,0,1,0,0,5,0,0,0,0,1,0,1,1,0,1,1,0,0,0,0,0,0,0,0,1,0,1,1,1,1,0,0,0,0,0,1,0,0,1,2,0,0,0,0,1,0,1,0,0,0,1,1,0,1,0,0,3,0,5,1,0,0,0,0,1,0,0,0,0,0,0,0,1,2,0,0,0,0,2,3,3,0,2,2,0,0,0,2,0,0,1,0,0,1,0,2,1,0,2,0,3,0,0,0,0,0,0,0,0,0,0,1,0,0,1,0,0,0,0,1,3,1,0,0,0,0,1,3,1,0,0,0,3,1,2,0,0,1,0,0,0,0,0,0,4,0,0,0,0,0,2,0,0,0,1,0,0,0,0,2,0,0,0,0,0,0,0,0,5,0,4,0,0,0,0,0,0,0,0,0,1,0,2,0,0,3,3,0,0,0,0,2,0,2,0,0,0,0,0,0,0,1,0,0,0,2,0,0,2,1,0,2,5,2,1,0,0,0,0,2,1,5,0,2,0,2
0,0,0,0,0,0,2,0,3,0,1,0,0,0,1,1,2,0,1,1,0,1,2,0,0,0,0,0,0,0,0,0,0,0,0,0,2,0,1,0,0,0,0,0,0,3,1,0,1,1,0,0,0,0,0,0,0,0,0,0,0,0,1,0,1,0,0,1,0,0,0,0,1,1,0,0,1,1,0,0,0,0,0,0,0,0,0,0,4,0,0,1,2,0,0,1,0,0,0,0,0,0,0,0,1,0,0,0,1,4,0,1,0,0,0,0,0,0,0,0,0,2,0,0,0,1,0,0,4,2,4,0,0,1,0,0,0,0,0,0,0,1,0,0,0,0,0,0,0,0,0,0,1,0,0,0,0,0,0,0,0,0,7,0,5,1,0,0,0,0,2,2,0,0,2,0,0,0,2,0,0,0,1,0,0,0,0,0,1,4,0,0,0,0,0,0,0,1,0,1,0,1,0,0,0,0,0,0,0,0,0,0,4,0,0,0,6,0,1,0,0,4,0,1,0,0,0,0,1,1,0,3,0,2,0,2,0,0,0,0,0,0,0,0,0,3,0,0,0,4,0,0,0,0,0,4
0,0,0,0,0,0,3,0,1,0,0,1,0,3,1,1,1,1,0,0,0,0,0,0,0,0,1,0,0,0,0,2,0,0,1,0,0,0,0,0,0,0,0,0,0,1,0,0,0,0,0,0,0,0,0,0,0,1,0,0,0,0,0,0,0,0,0,2,3,0,0,1,1,1,0,0,0,0,0,2,0,0,0,0,1,1,0,1,4,0,0,0,3,0,0,0,1,0,0,0,1,0,0,1,0,0,0,0,2,2,0,0,1,1,0,1,0,1,0,0,0,2,0,0,0,0,0,1,3,0,4,0,0,0,0,0,0,0,0,0,0,0,0,0,1,0,0,0,0,0,0,0,0,1,0,0,0,0,0,0,1,0,5,1,3,0,0,0,0,2,0,0,0,1,1,0,0,0,0,0,1,0,0,0,0,0,1,1,0,3,1,0,0,0,0,0,1,0,0,0,0,0,1,0,0,0,0,0,1,0,0,0,3,0,0,0,3,0,0,0,1,3,0,1,1,0,0,0,2,0,0,0,0,1,0,3,0,0,1,0,1,0,3,0,0,0,1,0,0,3,0,1,0,1,2,4
1,0,1,3,0,1,0,0,0,0,0,0,0,0,2,1,1,2,0,3,0,1,0,1,0,0,0,2,0,1,0,2,1,0,3,0,0,0,0,0,0,0,0,1,0,2,0,0,0,1,0,0,0,1,1,0,0,1,0,0,0,0,0,0,0,0,0,0,0,0,0,0,2,2,0,0,1,0,1,0,0,0,0,0,0,0,2,2,4,0,0,0,1,2,1,0,0,0,2,0,0,0,1,1,0,0,1,0,2,2,0,0,2,2,0,3,0,2,0,1,0,1,0,0,0,0,0,0,2,0,4,0,1,0,0,0,0,1,0,0,0,1,0,1,0,0,0,3,0,0,0,0,0,1,2,0,0,0,0,0,2,0,8,1,2,1,0,1,0,1,0,0,1,0,2,0,0,0,0,0,2,1,0,1,4,1,1,2,0,2,0,0,0,0,0,1,0,0,2,0,0,0,0,0,1,1,0,0,0,1,1,0,2,1,0,0,4,0,0,0,1,2,0,2,0,0,0,0,2,2,0,0,0,0,0,2,0,0,0,1,0,0,4,0,3,0,0,0,0,4,0,6,1,2,1,1
0,0,1,0,0,0,0,0,0,0,0,0,0,0,0,0,0,0,0,0,0,0,0,0,0,0,0,2,0,1,0,3,0,0,2,0,1,0,0,0,0,1,0,0,0,0,0,1,1,1,0,0,0,1,0,0,0,0,1,0,0,0,0,0,0,1,0,1,1,0,0,0,1,1,0,0,1,0,0,0,0,0,0,0,0,1,0,0,3,0,0,0,2,0,1,0,0,0,0,0,0,0,1,1,0,0,0,0,5,2,0,0,3,3,0,0,0,2,0,0,0,0,0,0,0,0,1,0,3,0,2,0,0,0,0,0,0,1,0,0,0,0,0,0,1,0,0,0,0,1,1,0,2,0,0,1,0,0,0,0,2,0,1,0,1,0,0,0,0,0,0,0,2,0,3,0,1,0,0,0,3,0,0,0,1,0,1,0,1,2,0,1,0,0,0,0,0,0,1,0,0,1,0,1,1,0,0,0,3,0,3,0,3,0,0,0,2,0,0,0,0,2,0,0,0,0,0,0,0,0,0,1,0,0,2,3,0,0,0,0,0,0,8,1,0,1,1,0,1,1,2,3,0,1,0,0
1,0,0,1,0,0,1,0,0,1,0,0,0,0,2,0,0,0,0,1,0,0,0,1,0,0,1,0,0,0,0,1,0,0,1,1,0,0,0,0,0,0,0,0,0,0,0,0,2,0,0,0,0,0,0,0,0,0,0,0,0,0,1,0,0,3,0,0,2,2,0,0,0,2,1,0,1,0,0,2,0,0,0,1,0,0,0,1,4,0,0,0,2,1,0,1,0,0,0,0,0,0,0,0,1,0,1,2,1,2,0,0,1,1,0,0,0,2,0,1,0,0,0,0,0,0,0,0,3,0,3,0,0,0,0,0,0,0,1,0,0,0,0,0,0,0,0,0,0,1,0,1,1,3,0,0,0,0,0,1,1,0,5,0,3,0,1,0,0,1,0,0,0,0,1,1,0,0,1,0,1,1,2,0,1,1,1,1,0,3,0,0,0,1,0,0,0,0,2,0,0,1,0,1,2,0,0,0,0,0,0,0,4,1,0,0,3,0,0,0,1,3,0,3,0,0,0,0,2,0,0,1,0,0,0,3,0,0,0,0,0,0,2,1,0,0,0,0,1,3,0,0,0,0,0,4
0,0,0,0,0,1,3,0,1,0,0,0,0,0,0,0,0,0,0,1,0,3,1,0,0,0,1,0,0,0,0,0,0,0,0,0,0,0,0,0,0,0,0,0,0,1,0,0,1,0,0,0,0,0,0,0,0,0,0,0,0,0,0,0,0,1,0,1,3,0,0,0,0,2,0,0,2,0,0,0,0,1,0,0,0,0,0,0,4,0,0,0,1,1,1,0,0,0,0,0,0,0,1,0,0,1,0,0,0,4,0,0,0,0,0,0,0,0,0,0,0,1,0,0,0,0,0,0,4,0,4,0,0,0,0,0,0,0,0,0,0,1,0,0,2,0,0,0,0,0,0,0,1,0,0,0,0,0,0,0,0,0,5,0,4,3,0,0,0,1,0,0,0,0,3,0,0,0,0,0,0,0,2,0,0,0,1,0,0,4,2,0,0,0,0,0,0,1,0,1,0,0,0,0,1,0,0,0,0,0,0,0,4,0,0,0,4,0,0,0,0,4,0,1,0,0,0,1,2,3,0,2,0,0,0,1,0,0,1,0,0,0,0,0,4,0,0,0,0,4,0,0,0,1,0,3
0,0,0,0,0,0,0,0,1,0,0,0,0,0,0,0,1,0,0,1,0,0,0,1,0,0,0,1,0,0,0,1,0,0,1,1,0,1,0,0,0,2,0,0,0,0,1,0,0,1,1,0,0,1,0,0,0,0,0,0,0,0,1,1,0,0,0,2,3,0,0,0,0,0,0,0,3,0,0,0,1,1,1,0,0,2,1,0,5,2,2,0,2,1,0,0,0,0,0,0,0,0,0,1,0,0,1,0,2,2,0,0,1,3,0,0,0,1,0,0,0,1,0,0,0,0,0,1,3,0,2,0,0,1,0,0,0,1,0,0,1,2,0,0,0,0,0,1,0,6,0,1,3,3,0,0,0,0,0,0,1,1,6,0,2,0,0,0,0,1,1,3,1,0,2,0,0,0,0,0,1,0,0,1,0,0,0,2,0,3,0,0,0,0,0,0,0,0,0,1,0,1,1,0,2,2,0,0,0,0,0,0,3,0,0,0,5,0,0,1,1,3,0,4,0,0,0,0,1,0,1,1,0,0,0,2,1,0,2,1,0,1,2,0,1,0,0,0,1,3,0,1,0,1,1,3
1,0,0,1,0,0,1,0,0,0,0,0,0,0,0,0,1,0,0,0,0,1,1,1,0,0,0,0,0,0,0,2,0,0,2,0,0,0,0,0,0,0,1,0,0,1,0,0,1,0,0,0,0,0,2,0,0,1,0,0,0,0,0,0,0,0,0,0,0,0,0,0,1,1,0,0,0,0,0,1,0,1,0,0,1,0,0,0,5,0,1,0,0,0,0,0,0,0,0,0,1,0,1,3,0,1,0,1,2,1,0,0,3,3,1,0,0,2,0,0,0,0,0,0,0,0,0,0,4,0,1,0,1,0,0,0,0,0,1,0,0,0,0,0,0,0,1,0,0,0,0,0,0,2,0,0,0,0,0,0,0,0,3,0,3,0,0,1,0,1,1,1,0,0,3,0,0,1,0,0,2,1,1,0,0,0,1,3,0,2,0,0,1,0,0,0,0,0,0,0,0,0,0,0,0,0,0,0,1,0,1,0,2,0,0,0,5,0,1,0,2,2,0,1,0,0,0,0,0,2,0,0,0,1,1,2,0,0,3,0,0,2,8,0,2,0,0,0,1,1,1,2,0,2,1,2
0,0,0,0,0,0,0,0,0,0,0,0,0,0,0,0,1,0,0,0,1,1,2,0,0,0,0,0,0,0,0,0,0,0,0,0,0,0,0,0,0,0,0,0,0,1,0,0,0,0,0,0,0,0,1,0,0,0,0,0,0,0,0,1,0,3,0,0,0,0,0,0,1,1,0,2,0,0,0,1,0,0,0,0,0,0,0,1,4,1,0,0,2,1,0,0,0,0,1,0,0,1,1,0,0,0,0,0,3,3,0,0,2,2,1,1,1,1,0,0,0,0,0,0,0,0,0,2,4,0,3,1,0,0,0,1,0,1,0,1,0,1,0,0,0,0,2,1,0,0,0,1,1,1,1,0,0,0,0,0,0,0,3,0,5,0,0,0,0,1,1,0,0,0,2,0,0,0,0,2,1,0,0,0,0,0,0,0,0,3,0,0,0,0,0,0,0,0,1,0,0,0,0,0,0,0,0,0,0,0,1,2,4,0,0,0,6,0,0,0,0,4,0,1,0,0,0,1,3,1,0,2,0,0,0,3,1,0,0,1,0,1,2,0,0,0,0,0,0,3,0,1,0,4,2,3
0,0,0,0,0,0,0,0,0,0,0,0,0,0,0,0,0,0,0,0,0,1,0,0,0,0,0,0,0,0,0,0,0,0,0,0,1,0,0,0,0,0,0,0,0,0,0,0,0,0,0,1,0,0,1,0,0,0,0,0,0,0,0,0,0,1,0,0,0,1,0,0,1,0,0,0,1,0,0,0,0,0,0,0,0,0,1,1,4,0,0,0,1,1,2,1,0,0,0,0,0,0,2,0,0,0,0,0,1,4,0,0,0,0,0,0,0,0,0,0,0,1,0,0,0,0,0,0,4,0,4,1,0,0,0,0,0,0,0,0,0,1,0,0,0,0,0,0,0,0,0,0,0,0,0,0,0,0,0,0,0,0,5,0,5,0,0,0,0,1,0,0,0,0,1,0,0,0,0,0,0,0,1,0,0,0,2,0,0,4,0,1,0,0,0,0,0,0,2,1,0,2,0,0,0,0,0,0,0,0,0,0,4,0,0,0,7,0,0,0,0,4,0,0,0,1,0,0,1,1,0,2,0,1,0,2,1,0,2,1,0,0,0,0,1,2,0,1,0,4,0,0,0,0,2,5
0,0,1,0,0,0,0,0,1,0,0,0,0,0,0,0,2,0,0,0,0,0,0,0,0,0,0,0,0,0,0,2,0,0,3,0,0,1,0,0,0,0,0,0,0,0,0,0,1,2,0,0,0,1,2,0,0,0,0,0,0,0,1,0,0,0,0,0,0,0,0,0,0,0,0,0,0,1,0,0,0,0,0,1,0,0,1,0,4,0,0,0,0,1,0,0,0,0,0,0,0,0,0,0,0,0,0,0,3,1,0,0,2,2,0,0,0,2,0,1,0,0,0,2,0,0,0,0,2,0,3,0,0,0,0,0,0,0,0,0,0,2,0,1,0,0,0,0,0,0,0,2,0,2,2,0,0,0,0,0,0,0,3,0,3,0,1,0,0,1,0,0,0,0,3,0,0,0,0,0,2,0,0,0,0,0,0,1,0,2,0,0,0,0,0,0,0,0,0,0,0,0,0,0,0,1,0,0,1,0,0,0,2,0,0,1,3,0,0,0,1,2,0,0,0,0,0,0,1,0,0,0,0,1,0,3,1,0,1,1,0,0,4,2,1,1,0,0,0,2,0,3,0,3,0,1
0,0,0,1,0,2,1,0,1,0,2,0,0,1,0,0,0,0,0,1,0,0,2,0,0,0,0,0,0,0,0,0,0,0,0,0,2,0,0,0,0,0,0,0,0,1,0,0,0,1,0,0,0,0,0,0,0,0,0,0,0,0,0,0,0,0,0,0,2,0,0,0,0,0,0,0,1,0,0,2,0,0,0,2,0,0,0,0,4,0,0,0,2,0,0,3,0,0,0,1,0,0,0,0,0,0,0,0,2,3,0,1,1,0,0,0,0,0,0,0,0,1,0,0,0,1,0,0,4,1,4,0,1,1,0,0,0,1,0,0,1,1,0,0,2,0,1,0,0,0,0,2,4,2,0,1,0,1,0,0,0,0,7,0,5,2,0,0,0,4,0,1,0,1,3,0,0,0,2,0,0,0,1,2,0,0,0,0,0,4,0,2,0,0,0,0,1,0,0,1,0,1,1,1,0,0,0,0,0,2,0,0,4,0,3,0,5,0,0,0,1,4,0,2,0,0,0,0,1,2,1,1,0,0,0,2,2,0,2,0,0,0,1,1,1,0,0,2,2,4,0,3,0,0,3,4
1,0,1,0,3,0,0,0,0,0,1,0,3,0,0,0,1,1,0,1,0,3,0,0,0,1,0,0,0,0,0,0,0,0,1,0,0,0,0,0,0,2,0,0,0,0,0,0,0,1,0,1,0,1,0,2,0,0,0,0,2,0,1,1,0,1,0,1,2,1,0,0,2,0,0,0,5,2,0,0,0,3,2,1,0,0,2,3,3,1,1,2,3,2,1,0,0,0,0,0,1,0,0,2,1,0,1,0,0,2,0,0,1,2,1,1,0,1,0,0,0,0,0,1,0,0,0,0,3,1,5,0,0,0,1,0,0,0,0,0,0,0,0,0,0,0,1,1,0,2,0,1,0,3,0,2,0,0,1,0,0,0,5,1,2,0,0,0,0,0,0,0,0,0,4,0,0,0,0,1,2,0,1,0,2,1,0,1,1,2,0,0,1,0,0,0,0,1,2,0,0,2,0,1,1,0,0,0,1,0,0,1,2,0,1,0,2,0,0,0,0,2,0,0,0,0,1,0,3,0,0,1,0,0,1,2,1,0,1,0,0,0,2,0,0,1,1,0,0,4,0,1,2,1,3,2
0,0,0,0,0,0,0,0,0,0,0,0,0,0,0,0,0,0,0,0,0,1,1,0,0,0,0,0,0,0,0,2,1,0,3,0,3,0,0,0,0,0,0,1,0,2,0,0,0,0,0,1,0,2,1,0,2,0,0,0,0,0,0,0,0,0,0,0,1,1,0,0,0,0,0,0,0,0,0,0,0,0,0,1,0,0,3,0,5,0,0,0,0,0,0,0,0,0,1,2,0,0,0,2,0,0,0,0,3,1,0,0,3,2,0,1,0,2,0,0,0,0,0,0,0,0,0,0,2,0,2,0,1,0,1,0,1,1,0,0,0,1,0,0,1,2,0,0,0,0,0,0,1,0,0,0,0,0,0,0,0,1,2,1,2,1,0,0,0,0,0,0,0,0,3,0,0,2,0,0,2,0,0,1,5,0,0,1,0,2,0,0,0,0,0,0,0,0,0,3,0,0,0,0,0,0,0,0,2,1,0,0,2,1,0,0,3,0,0,0,0,2,0,0,0,0,0,0,3,0,0,1,0,0,0,1,0,0,0,1,1,0,4,0,0,0,0,0,0,3,0,2,0,1,3,2
1,0,0,0,0,0,1,3,0,0,0,0,0,0,0,0,0,0,0,0,1,1,0,0,0,0,0,0,0,0,0,0,0,0,2,0,0,0,0,0,0,0,0,0,0,0,0,0,0,1,0,0,0,0,0,0,0,0,0,1,0,0,0,0,0,1,0,0,0,1,1,0,1,0,1,0,0,0,0,1,0,0,0,2,1,0,2,2,4,0,1,0,2,1,1,2,0,0,0,0,0,0,0,1,1,0,3,0,4,3,1,0,1,1,0,1,0,1,0,0,0,0,0,0,0,1,0,0,3,4,4,3,0,0,0,0,0,1,1,0,0,2,0,0,1,0,0,0,0,0,0,1,0,1,2,0,0,0,0,0,0,1,7,1,4,0,0,0,0,1,0,1,1,0,1,0,0,0,0,0,1,0,0,0,1,0,0,0,0,3,0,0,0,0,0,0,0,0,2,0,0,0,0,0,0,1,0,0,0,2,0,0,3,0,0,0,4,0,0,0,1,3,0,3,2,0,0,0,0,1,0,0,0,0,0,3,1,0,2,0,0,1,1,1,2,0,0,0,1,3,1,3,0,1,0,4
0,0,0,0,0,0,2,0,1,1,0,0,0,1,0,0,1,0,0,0,0,1,0,1,0,0,0,0,0,0,0,1,0,0,1,0,0,1,0,0,0,0,0,0,0,0,1,0,1,0,0,0,0,0,1,0,0,0,0,0,0,0,0,0,0,1,0,1,1,1,0,0,2,0,0,0,1,0,0,1,0,0,0,0,0,0,0,1,4,0,0,0,0,0,0,1,1,0,0,0,1,0,0,1,0,1,2,0,2,2,0,0,1,1,1,0,0,1,0,0,0,0,0,0,0,0,0,0,3,0,4,0,0,0,0,0,0,0,1,0,0,1,0,0,1,0,0,0,0,1,0,1,1,0,0,1,0,0,0,0,0,0,3,0,3,0,0,1,0,0,0,0,1,0,1,0,0,0,0,0,1,0,1,0,0,0,0,1,0,3,0,0,0,0,0,0,1,0,0,0,0,1,0,0,0,0,0,0,0,0,0,0,3,0,0,0,4,1,0,0,0,3,0,0,0,0,0,0,2,0,0,2,0,0,0,2,0,0,1,1,0,0,2,0,1,0,0,0,0,3,0,1,0,1,0,4
0,0,2,0,0,0,1,0,0,0,0,1,1,0,1,0,1,1,0,0,1,0,0,0,0,0,0,0,0,0,0,1,0,0,3,0,2,1,0,0,0,1,0,0,0,0,0,0,1,1,0,2,0,1,0,1,0,3,0,0,0,0,1,1,0,0,0,0,0,1,0,0,1,3,0,0,0,0,0,1,0,0,1,1,0,0,1,1,4,0,0,0,1,1,0,0,0,0,0,0,0,0,0,2,0,0,1,0,1,2,0,0,3,2,0,0,0,2,0,0,0,0,0,1,0,0,0,0,2,0,2,0,0,0,0,0,0,1,0,0,0,0,0,0,0,0,0,0,0,0,0,0,0,0,0,0,0,0,0,0,1,0,4,0,2,0,0,0,0,0,0,1,0,0,2,1,1,0,0,0,2,0,0,0,1,2,1,0,1,2,0,0,0,0,0,0,0,1,0,0,0,1,0,1,0,0,1,0,1,0,0,0,2,0,1,0,2,0,0,0,0,2,0,1,0,1,0,0,2,0,0,1,0,0,0,0,0,0,1,0,0,0,3,0,2,0,1,0,1,3,0,3,0,1,1,3
1,0,0,0,0,0,0,0,0,0,0,0,0,2,0,0,1,0,0,0,1,0,0,1,0,1,0,1,0,1,0,1,0,0,1,0,1,0,0,0,1,1,1,0,2,0,0,0,0,0,0,0,0,0,1,0,0,1,0,0,2,0,1,0,0,0,0,0,0,0,0,0,1,2,0,0,1,1,1,0,0,1,0,1,0,0,0,1,4,0,1,0,0,0,0,0,0,0,0,0,0,0,1,0,0,0,1,0,2,2,0,0,1,2,0,0,0,1,0,0,0,1,0,0,0,0,0,0,2,0,2,0,0,2,0,0,0,1,0,2,1,1,0,0,0,0,0,0,0,0,0,0,0,1,0,0,0,0,0,2,1,1,4,0,3,0,0,0,0,2,1,0,1,0,3,0,0,1,0,0,1,0,1,0,0,0,0,1,1,2,0,1,0,0,0,0,0,1,0,0,1,1,0,0,0,2,3,0,0,0,0,0,4,0,0,0,3,0,0,0,0,2,0,4,1,0,0,0,0,0,0,2,0,1,0,0,0,0,1,1,0,0,1,1,4,0,1,0,0,2,0,2,1,0,0,4
0,0,0,0,0,0,1,0,1,1,0,0,0,1,1,0,1,0,0,0,0,0,0,0,0,0,0,1,0,0,0,2,0,0,4,0,0,0,0,1,0,0,0,0,0,0,0,0,0,2,0,0,0,1,1,1,0,2,0,0,0,0,1,0,0,0,0,0,1,0,2,0,0,0,0,0,1,0,1,0,0,0,1,1,1,0,1,0,4,1,0,0,0,0,0,0,0,1,0,0,1,0,0,2,0,0,0,1,2,1,1,0,3,3,0,0,1,3,0,0,0,0,0,0,0,0,0,0,3,0,1,0,0,0,0,0,0,0,0,1,0,1,1,0,0,0,0,1,0,0,0,0,0,1,0,1,0,0,0,1,0,0,2,0,3,0,0,0,0,1,1,0,0,0,4,0,0,2,1,0,3,0,0,0,1,0,1,1,0,1,1,2,0,0,0,0,0,0,1,0,0,0,0,0,0,0,0,0,1,0,0,0,1,0,0,3,0,0,0,0,0,1,0,1,0,0,0,1,2,0,1,1,1,0,0,1,0,0,2,0,0,0,4,1,1,1,0,0,0,1,0,3,0,6,3,1
0,0,0,0,0,0,1,0,0,0,0,0,0,1,0,0,1,0,0,1,0,0,0,0,0,0,1,2,0,0,0,3,0,0,4,0,0,0,0,0,0,0,0,0,0,0,0,0,0,3,0,0,0,2,0,0,0,2,1,0,1,0,0,0,0,4,0,0,1,1,0,0,1,2,0,0,0,0,2,1,0,3,1,0,0,1,2,1,4,0,1,0,0,0,0,2,1,0,0,1,1,0,0,3,0,0,0,0,3,1,0,1,3,3,0,0,0,3,0,0,0,0,0,1,0,0,0,0,1,1,1,0,0,0,2,0,0,0,0,2,2,1,0,0,0,0,2,0,0,0,0,0,1,0,0,0,0,1,1,3,0,2,1,0,2,0,0,3,0,0,2,1,2,0,3,0,0,1,0,0,3,0,1,0,2,0,0,1,0,1,0,0,0,0,0,1,0,1,2,0,0,0,0,0,0,2,0,0,0,0,1,0,1,0,0,1,2,1,0,0,0,2,1,0,0,0,0,0,0,0,0,1,0,0,0,1,0,0,1,1,1,2,7,3,1,0,0,2,0,1,2,4,1,1,1,1
0,0,1,0,0,0,1,0,1,0,0,0,0,0,0,0,0,0,0,0,0,2,0,0,0,0,2,0,0,1,0,0,0,1,1,0,0,0,0,0,0,0,0,0,0,3,0,0,5,0,0,0,0,0,2,0,0,0,0,0,0,0,0,0,0,0,0,1,0,1,0,0,0,2,0,0,0,0,0,2,0,3,0,0,2,0,1,1,6,0,2,0,0,0,0,1,0,0,0,0,1,1,1,1,0,0,0,0,2,3,0,0,2,1,1,0,0,1,0,0,0,0,0,0,0,1,1,0,3,0,3,0,0,0,0,0,0,0,1,0,0,0,0,0,0,0,0,0,0,4,0,0,1,0,0,0,0,0,0,0,1,0,7,1,4,1,0,0,0,0,0,0,0,1,2,0,0,0,0,0,1,0,1,0,5,0,0,2,0,3,0,0,0,0,0,0,0,2,1,0,0,0,0,0,0,1,0,0,0,0,0,0,3,0,0,0,4,0,0,0,2,3,0,2,0,0,0,0,0,0,0,1,0,0,0,3,0,0,1,1,0,0,3,1,0,0,0,0,1,3,0,2,0,0,0,3
1,0,0,0,0,0,1,0,1,1,1,0,0,1,0,0,1,1,0,0,1,0,1,0,0,0,0,0,0,0,0,1,1,0,1,1,1,0,0,0,0,0,0,1,0,0,0,0,0,1,0,0,0,0,0,0,0,0,0,0,0,0,0,0,0,0,0,1,0,0,0,0,2,0,0,1,0,1,0,1,1,1,0,2,0,0,1,0,3,1,1,0,1,0,0,1,0,0,0,0,1,0,1,1,0,0,0,0,2,1,0,0,2,2,0,0,0,2,0,0,0,0,0,0,0,0,0,0,2,0,1,0,1,0,1,0,1,0,1,0,0,0,1,0,0,0,0,0,0,2,0,0,1,0,0,1,0,0,0,0,0,0,2,0,2,0,0,0,0,1,0,1,0,0,2,0,0,0,0,0,2,0,1,0,0,1,0,0,0,1,1,1,0,1,0,0,0,0,1,0,1,0,0,0,1,0,0,0,0,0,1,1,3,0,2,0,2,0,1,0,2,1,0,2,0,0,0,0,0,0,0,2,0,1,0,0,0,0,0,0,0,0,3,0,0,0,0,0,0,1,0,4,0,3,3,2
0,0,0,0,0,0,0,0,1,0,0,0,0,1,0,0,1,0,0,0,0,1,0,0,0,0,0,0,0,0,0,1,1,0,1,1,0,0,0,0,0,0,0,0,0,0,0,0,0,0,0,0,0,0,0,0,0,0,0,0,0,0,0,0,0,0,1,0,0,0,0,0,0,0,0,0,0,0,0,0,0,0,1,1,0,2,0,0,6,0,0,0,1,1,0,0,0,0,1,1,1,1,0,1,0,0,0,0,4,2,0,0,1,1,1,0,0,1,0,1,0,0,0,1,0,0,0,1,3,0,4,0,0,0,1,0,0,0,0,1,1,0,1,0,0,0,0,0,0,0,0,1,1,4,0,0,0,0,0,0,1,0,6,0,5,0,0,1,0,0,3,0,0,1,1,0,1,0,0,0,1,0,0,0,2,0,0,0,1,4,0,0,0,0,0,0,0,1,1,0,0,0,0,0,0,0,0,0,0,0,0,1,3,0,0,0,4,0,0,0,0,4,0,0,0,0,1,0,2,0,0,0,0,0,0,2,0,0,2,1,0,1,3,1,1,0,0,0,0,2,0,3,0,0,1,3
0,0,0,0,0,0,0,0,0,0,0,0,0,0,1,0,1,0,0,1,2,2,1,0,0,0,0,1,0,0,1,0,0,0,1,0,1,0,0,0,0,0,0,0,0,0,0,0,0,1,0,0,0,1,0,0,0,0,0,0,0,0,0,0,0,0,0,0,0,1,0,0,0,1,1,0,1,0,0,1,0,0,0,1,0,1,1,0,4,0,0,0,1,0,0,0,1,0,0,0,0,0,1,0,0,0,0,0,1,2,1,0,1,1,0,0,0,1,0,1,0,0,0,1,0,1,0,0,4,3,2,0,0,1,0,0,0,1,0,0,1,1,2,0,0,0,0,0,0,0,1,0,1,2,0,0,0,0,0,0,1,0,4,0,3,1,0,0,0,1,0,0,0,0,2,0,1,0,0,0,1,0,0,0,0,0,0,0,0,3,1,0,1,0,0,0,0,0,1,0,0,1,0,0,0,0,0,0,0,0,0,0,3,0,0,0,4,0,0,0,0,3,0,2,0,0,0,0,1,0,0,2,0,0,0,2,0,0,0,2,0,0,4,0,1,0,0,0,0,3,1,1,0,0,0,4
1,0,0,0,0,0,0,0,0,0,0,0,0,0,1,0,1,1,0,3,0,2,0,0,0,0,0,0,0,0,0,0,0,0,3,0,1,0,0,0,0,0,1,0,0,1,0,0,1,3,0,0,0,1,0,0,0,0,0,0,0,0,0,0,1,0,0,2,1,0,0,0,0,2,0,0,2,3,0,1,0,1,0,1,0,1,2,2,4,1,0,2,2,0,1,0,2,0,0,0,0,0,0,1,0,0,2,1,1,2,1,1,1,1,0,0,0,1,0,1,0,1,0,0,0,0,0,0,4,0,2,1,0,0,0,0,0,0,0,0,0,0,0,0,0,1,0,0,0,0,0,0,0,0,2,0,0,0,0,0,0,0,4,0,2,0,0,0,0,0,2,1,0,0,2,0,0,0,0,0,2,0,1,0,1,1,0,0,0,2,0,0,0,0,0,0,1,0,1,1,2,0,1,0,0,1,0,0,0,0,0,1,2,0,1,0,2,1,1,0,0,2,0,1,1,0,0,1,0,0,0,0,1,0,0,2,0,1,0,0,0,2,1,0,0,0,0,0,1,2,0,1,0,2,0,2
0,1,0,0,0,0,0,0,1,0,2,0,0,0,0,0,1,0,0,0,0,0,0,0,0,0,1,0,0,0,0,0,0,0,0,0,1,0,0,0,0,1,0,0,0,1,0,1,1,0,0,0,0,0,0,0,0,0,0,0,0,0,1,1,0,0,0,0,0,1,0,0,0,1,0,1,0,1,0,0,0,1,0,1,0,0,0,0,3,1,0,0,2,2,0,0,0,0,1,0,0,0,0,0,0,0,1,0,0,3,0,0,0,0,0,0,0,0,1,0,0,0,0,0,0,0,0,0,3,0,3,0,0,0,0,0,1,0,0,0,0,1,0,0,1,2,0,0,0,1,0,1,0,1,0,0,0,1,1,1,0,0,5,0,3,0,1,0,0,1,0,0,2,0,1,0,0,1,0,0,0,0,0,0,1,0,0,0,3,3,0,0,0,0,0,0,0,1,1,0,0,0,0,1,1,1,0,0,0,0,1,0,3,0,0,0,4,0,0,0,0,3,0,0,0,0,0,0,5,0,0,2,0,1,0,1,0,0,2,0,0,0,1,1,2,3,1,0,0,2,0,0,0,0,0,4
0,0,2,0,1,0,0,0,2,0,0,0,0,0,0,0,1,0,0,0,0,1,0,0,0,0,1,3,0,0,0,1,0,0,4,0,2,0,0,1,0,0,0,0,0,0,0,0,1,1,0,0,0,0,1,0,0,1,0,0,0,0,3,0,0,1,0,7,2,0,0,0,0,2,0,2,2,0,0,1,0,0,0,0,0,0,0,0,5,0,0,0,0,1,0,1,1,0,0,0,2,0,1,1,0,0,0,0,3,2,2,0,4,2,0,0,0,2,0,0,0,1,0,3,0,0,2,0,2,3,3,0,0,0,1,1,1,0,0,0,1,0,1,1,3,0,0,1,0,2,3,0,1,1,1,0,1,0,1,0,1,1,5,3,2,0,0,0,0,0,0,0,0,0,2,1,1,2,0,2,2,0,0,0,0,0,1,2,0,2,0,0,2,0,0,0,2,0,1,0,2,0,0,0,0,0,0,0,4,1,1,0,3,0,0,0,1,0,0,0,3,2,0,1,0,0,0,0,3,1,0,0,2,0,1,4,0,0,2,0,5,5,11,2,0,1,0,0,2,2,0,3,2,1,5,2
1,0,0,0,0,0,0,0,0,0,0,0,0,0,0,0,0,0,2,0,0,1,0,0,0,0,0,0,1,0,0,0,0,0,1,0,0,0,0,1,1,3,0,0,3,2,0,1,0,2,3,0,0,6,0,1,1,0,1,1,0,0,0,0,0,0,0,0,2,3,0,0,0,3,0,0,2,0,0,0,1,1,2,0,0,0,2,0,3,0,0,0,0,5,0,2,0,0,2,0,1,0,1,0,0,0,0,0,0,2,0,0,1,1,0,0,0,1,0,0,0,0,0,0,0,0,1,0,2,0,2,0,0,0,0,0,0,0,0,0,0,0,0,0,0,0,0,0,0,0,0,0,0,0,0,1,0,0,0,0,0,0,3,0,2,1,1,0,0,0,0,0,1,0,1,0,0,0,0,0,1,2,0,0,2,0,0,2,0,2,0,1,0,0,0,0,3,0,3,0,0,2,0,1,1,1,0,1,0,1,0,1,2,0,0,0,4,0,0,0,1,2,3,1,0,0,0,0,1,0,4,4,0,0,0,3,0,0,0,0,0,1,2,1,2,0,5,0,1,2,1,3,0,0,1,2
0,0,0,0,0,0,1,0,0,0,0,0,0,0,0,0,1,0,0,0,0,1,0,1,0,1,0,0,0,0,0,2,0,0,2,0,0,1,0,0,0,3,0,0,0,0,1,0,3,1,0,0,0,1,0,0,0,1,0,2,1,0,0,0,0,0,0,0,0,0,1,0,0,1,0,0,0,1,1,1,0,0,0,1,0,0,0,0,4,0,0,0,2,1,0,0,0,0,0,0,0,0,3,0,1,2,1,0,0,2,2,0,2,1,1,0,0,2,0,0,0,0,0,0,1,1,0,0,3,0,3,0,1,0,0,0,0,2,0,1,0,1,0,0,0,0,0,0,0,0,0,0,1,0,0,0,0,0,0,0,0,0,4,0,4,0,0,0,0,0,1,0,0,0,2,0,0,0,2,0,1,0,0,0,0,1,1,0,0,4,0,0,0,0,0,0,0,0,1,0,0,0,1,0,0,1,0,0,0,0,0,0,3,1,0,0,4,0,0,0,0,3,0,3,2,0,0,0,0,1,0,1,0,0,0,2,0,0,0,0,0,3,2,0,2,1,1,0,0,3,0,1,0,1,0,4
1,1,0,1,0,0,0,0,0,0,0,0,0,1,0,0,2,0,0,0,1,0,1,0,0,0,0,0,0,1,0,0,0,1,3,0,0,0,0,1,3,0,0,0,0,1,0,0,0,1,0,1,0,1,0,1,1,0,1,1,0,0,1,0,0,2,0,0,0,1,0,0,0,2,0,1,0,0,0,0,0,0,0,0,0,0,0,0,4,0,0,0,1,0,1,2,0,0,1,0,1,0,1,1,0,0,0,0,3,2,1,0,2,1,0,0,0,1,0,1,0,1,0,0,0,0,0,0,3,0,5,0,0,0,0,0,0,1,1,1,0,0,0,1,2,0,0,0,0,0,0,0,0,1,0,0,0,0,0,1,1,0,5,1,3,0,0,0,0,0,1,0,0,1,1,0,0,1,0,0,1,0,0,0,1,0,1,0,2,3,0,1,0,1,0,1,0,1,1,0,0,0,0,0,0,1,0,0,0,0,0,0,3,1,0,0,4,0,0,0,0,3,0,2,0,1,0,2,1,0,1,1,0,1,0,1,0,0,0,1,0,1,1,0,3,1,1,0,1,3,0,2,0,2,2,5
0,0,0,2,0,0,0,1,0,0,0,0,0,0,0,0,0,0,0,0,0,0,0,0,0,0,0,2,0,0,0,0,0,0,0,0,0,0,0,0,0,1,0,0,0,1,0,0,1,0,0,0,0,0,0,0,1,0,0,0,0,0,1,0,0,0,0,2,2,0,0,1,0,1,0,0,1,0,0,2,0,0,0,0,1,0,0,1,3,0,0,0,2,1,0,1,0,1,0,0,2,0,1,0,1,0,0,1,0,2,0,1,0,1,0,1,0,0,0,0,0,1,0,0,0,0,0,0,3,0,3,0,0,1,0,0,1,1,0,1,0,1,0,0,2,0,0,0,1,1,0,1,1,2,1,0,0,0,0,1,1,0,4,0,3,0,0,1,0,1,0,0,0,0,1,0,0,0,0,1,0,0,0,0,1,0,0,0,0,3,0,0,0,0,0,0,1,0,0,0,1,1,0,0,0,1,0,0,0,0,0,0,3,0,0,0,3,0,0,1,0,3,0,1,0,0,0,1,1,1,0,1,0,0,0,1,0,0,0,0,0,0,1,0,0,0,0,0,0,3,0,0,0,0,0,3
0,0,0,0,0,0,3,0,0,0,0,0,0,0,0,0,1,0,0,0,0,0,0,0,0,0,0,0,0,0,0,0,0,0,0,0,0,1,0,0,0,3,0,0,0,1,0,0,0,0,0,0,0,0,1,0,0,0,0,0,0,0,1,0,0,1,0,0,5,0,0,0,0,0,0,0,5,0,0,0,0,0,0,1,2,1,3,0,4,0,0,0,0,1,0,0,1,0,0,1,0,0,0,0,0,0,0,5,2,3,0,1,0,0,0,0,0,1,0,0,0,0,0,0,0,1,0,0,4,0,4,0,0,0,0,0,0,0,0,0,0,0,0,0,1,0,0,0,0,0,0,0,0,2,0,0,0,0,0,0,0,0,7,0,4,1,0,0,0,2,0,1,0,0,2,0,0,0,0,0,0,0,0,0,1,0,0,0,0,4,1,0,0,0,0,0,0,0,0,0,0,0,1,0,3,1,1,0,0,1,0,0,4,0,0,1,5,0,0,0,1,4,0,1,1,1,0,0,3,1,0,1,0,0,0,2,0,0,0,0,0,0,0,0,2,0,0,0,0,3,0,0,2,1,1,4
0,0,0,1,1,0,0,0,0,0,0,0,0,0,0,0,2,0,0,0,1,0,1,0,0,0,0,0,0,0,0,0,1,0,0,0,1,0,0,0,0,0,0,0,0,1,0,0,0,0,0,1,0,1,0,0,0,0,0,0,0,0,0,0,0,1,0,0,2,4,0,0,2,2,1,0,2,2,0,0,0,0,0,1,0,0,1,2,4,0,0,0,2,0,0,0,2,0,0,0,2,1,2,0,0,0,1,0,1,4,0,0,0,0,1,0,0,0,1,0,0,0,0,0,0,0,0,2,4,0,6,0,0,0,0,0,0,1,1,0,0,0,0,0,1,0,0,0,0,3,0,0,1,3,0,0,0,0,0,0,0,0,11,4,5,1,0,0,0,1,0,0,0,2,0,0,0,2,0,0,0,0,1,0,1,0,1,0,0,4,0,1,0,0,0,0,0,0,1,0,0,0,1,0,0,2,0,0,0,0,0,0,4,0,0,0,5,0,0,0,2,5,0,3,0,0,0,0,1,2,0,4,0,0,0,2,0,0,1,0,0,0,0,0,2,0,0,0,1,4,0,0,0,0,0,4
0,0,0,0,0,0,0,0,0,0,0,0,0,0,0,0,0,0,0,0,0,1,0,0,0,0,1,0,0,0,0,0,0,0,0,0,0,0,0,0,0,0,0,0,0,1,0,0,0,0,0,0,0,0,0,0,0,0,0,0,0,0,0,0,0,0,0,1,0,0,0,0,2,0,0,1,2,0,0,1,0,0,1,1,0,0,1,1,4,0,0,0,0,1,0,1,0,0,0,0,1,0,2,0,0,0,0,0,1,4,0,0,1,0,0,0,0,0,0,2,0,0,0,0,0,0,0,0,4,0,4,0,0,0,0,0,0,1,1,0,0,0,0,0,0,0,1,0,0,1,0,0,0,2,0,0,0,0,0,0,0,0,6,0,4,1,0,0,0,2,0,0,1,0,0,0,0,0,0,0,0,0,1,0,0,0,0,0,2,4,0,0,0,0,0,1,0,0,0,0,0,0,1,0,0,1,0,0,0,0,0,1,4,0,0,0,7,0,1,0,2,4,0,1,0,0,0,0,2,1,0,2,0,0,0,1,0,0,2,0,1,0,1,0,2,0,0,0,0,5,0,1,0,1,0,4
0,0,0,0,0,0,1,0,0,0,0,0,0,1,0,0,0,0,0,0,0,1,2,0,0,0,1,1,0,0,0,1,1,0,1,0,0,2,0,0,0,0,0,0,1,0,0,0,1,0,0,0,0,1,0,0,0,0,0,0,0,0,0,0,0,0,0,2,0,0,0,0,1,0,0,0,0,0,1,0,0,0,0,0,2,0,1,0,4,0,0,1,0,0,0,1,0,0,0,0,0,0,0,0,0,0,0,0,0,3,0,0,1,1,0,0,0,1,0,0,0,0,0,0,0,0,0,0,3,0,3,0,0,0,0,0,1,0,0,0,0,0,0,1,0,1,0,0,0,1,0,0,1,0,0,2,0,0,0,0,0,0,4,0,3,1,0,0,0,1,2,0,0,0,1,0,0,0,0,0,1,1,3,1,1,0,2,0,1,4,0,0,0,0,0,0,0,0,0,2,0,1,0,0,0,0,0,0,0,0,0,0,3,0,0,1,5,0,0,1,0,3,0,1,1,0,0,0,2,1,0,3,0,2,0,0,0,0,0,0,0,0,2,0,0,0,0,1,0,4,1,1,0,1,0,3
0,0,0,0,1,1,0,1,0,0,0,0,0,1,0,0,1,0,0,1,1,0,0,0,0,0,0,2,0,0,0,1,1,0,1,0,1,0,0,0,0,0,0,0,0,0,0,0,0,0,0,0,0,0,0,0,0,0,0,0,0,0,0,0,0,1,1,0,0,2,0,0,3,1,0,0,0,0,0,1,0,1,1,0,1,1,1,0,5,0,1,0,2,1,0,1,0,0,1,0,1,0,0,1,1,0,0,0,3,2,0,0,2,2,0,0,0,2,0,0,0,1,0,0,0,0,0,0,3,0,2,0,0,0,0,0,1,0,0,1,1,1,0,1,1,2,0,0,0,1,0,0,0,0,0,0,0,1,2,2,0,0,4,0,3,0,0,1,0,0,0,0,0,0,4,0,0,0,0,0,1,0,3,0,0,0,1,1,0,4,0,0,1,1,0,0,0,0,0,0,2,1,0,0,0,1,0,0,2,0,1,0,3,0,1,0,4,0,0,0,3,3,0,4,0,0,0,0,2,0,0,2,0,0,0,0,0,0,0,0,0,0,3,0,1,0,0,1,0,3,1,3,1,1,2,3
0,0,1,0,2,0,0,0,1,0,1,0,2,0,0,1,1,1,0,0,0,3,0,0,0,0,0,0,0,0,0,0,0,0,0,0,1,1,0,0,0,0,0,0,0,0,1,0,2,0,0,0,0,0,0,0,0,0,0,0,1,0,0,0,0,1,0,1,3,1,0,1,0,3,0,0,0,1,0,1,0,0,0,0,0,0,0,1,4,0,1,0,1,1,0,0,1,0,0,2,0,0,1,0,0,0,1,0,3,2,1,1,0,0,0,0,0,2,0,0,0,2,0,1,0,0,0,0,3,0,3,0,0,0,0,0,0,0,0,0,0,2,0,0,0,0,1,0,1,1,0,0,0,2,1,0,0,1,0,0,0,0,5,2,3,0,2,0,0,0,0,0,0,0,1,0,1,0,0,0,0,0,1,0,2,0,0,0,0,3,0,0,0,0,0,0,1,0,1,0,0,0,0,0,1,0,0,0,0,0,0,0,4,0,0,0,6,1,0,0,1,3,0,1,0,0,1,0,1,0,0,0,0,0,1,2,0,0,1,0,0,0,2,1,1,0,1,0,1,3,0,0,0,0,0,3
0,0,0,0,2,1,0,0,1,3,1,0,0,0,0,1,0,2,1,1,0,0,0,1,0,0,0,0,0,3,0,0,0,0,3,1,0,1,0,0,0,0,1,0,0,0,0,0,1,1,0,0,0,1,3,0,0,0,0,1,0,0,1,0,0,1,0,0,2,0,1,1,0,0,0,0,0,0,1,0,0,0,0,0,0,0,2,2,3,0,0,0,0,1,0,1,0,0,1,0,0,1,1,1,1,0,1,0,0,1,1,1,2,2,0,0,0,2,0,0,0,0,0,1,0,0,0,0,1,0,1,2,3,0,0,0,0,0,3,0,0,0,0,0,0,0,0,0,0,1,0,0,0,1,0,0,0,0,0,0,0,1,1,0,1,0,0,0,0,0,0,0,0,0,2,0,0,0,0,0,2,0,0,0,2,1,0,1,0,1,1,1,0,1,0,0,0,0,4,1,1,0,0,0,0,0,0,0,0,0,0,0,2,0,0,0,2,0,0,0,1,1,0,1,1,1,0,0,1,0,1,2,0,1,0,0,0,0,0,2,0,1,3,2,2,0,0,0,1,1,1,2,1,1,0,2
2,0,0,0,0,0,0,0,0,0,0,0,0,0,1,0,0,0,0,0,1,1,0,0,0,0,1,1,0,0,0,2,0,0,2,0,0,0,0,0,0,0,0,0,0,0,0,0,0,1,0,0,0,1,0,0,0,1,0,0,1,0,0,1,0,0,0,0,1,0,0,0,0,0,0,0,0,0,1,0,0,1,0,1,0,0,1,0,4,0,2,0,1,0,1,0,0,0,0,2,2,0,1,0,1,0,0,0,3,2,0,0,2,2,0,0,0,1,0,0,0,0,0,0,0,0,0,0,4,0,2,0,0,0,0,0,0,0,0,0,0,2,1,0,0,0,0,0,0,0,0,0,0,3,0,0,0,1,0,0,1,0,4,0,3,0,0,0,0,0,2,0,0,0,2,0,0,0,0,0,1,0,0,0,0,0,1,1,1,4,0,0,0,0,0,1,0,0,1,0,0,1,0,1,1,0,1,0,0,0,0,0,3,0,0,0,3,1,0,0,1,3,0,1,0,0,0,0,0,2,0,2,0,1,0,0,0,0,1,0,0,0,4,1,1,0,0,0,1,3,0,2,1,0,2,3
0,0,1,0,0,0,2,0,0,0,0,0,0,0,0,0,1,0,0,0,2,0,0,1,0,1,0,0,0,0,0,1,0,0,3,0,0,1,0,0,2,0,0,0,0,0,0,0,0,3,0,1,0,2,0,0,0,0,0,0,1,0,0,0,0,0,0,0,2,0,0,0,1,1,0,1,0,0,0,0,0,0,0,1,0,0,4,0,4,0,0,0,0,1,0,0,0,0,1,0,0,0,0,2,1,1,0,0,3,2,0,0,2,2,0,0,0,2,0,0,0,4,0,0,0,0,1,0,2,0,2,0,0,0,0,0,0,0,0,0,0,0,0,0,0,0,1,0,0,0,0,1,1,1,0,0,0,0,0,1,1,0,3,0,3,1,0,0,0,1,1,0,1,0,3,0,0,0,0,0,2,0,1,0,1,0,0,1,0,2,0,0,0,0,0,0,0,0,0,0,0,0,0,0,0,0,0,0,1,1,0,0,2,0,0,0,4,0,0,0,2,3,0,0,0,0,0,0,1,1,0,1,0,0,0,1,0,0,0,0,0,0,5,1,1,0,0,0,1,2,1,2,1,0,0,1
1,1,0,0,0,0,4,0,0,0,0,0,0,0,0,0,2,0,0,0,1,1,0,0,0,0,0,1,0,0,0,2,0,0,4,0,0,0,0,0,0,0,0,0,1,3,0,0,0,0,0,0,0,1,1,0,1,2,0,0,0,0,1,0,0,1,0,0,1,0,0,0,1,0,0,0,0,0,2,0,0,1,0,1,0,0,1,0,5,0,0,0,0,0,0,0,0,0,0,0,0,0,0,2,0,0,0,0,2,2,0,0,4,2,0,0,0,2,0,0,0,1,0,1,0,0,1,0,2,0,2,0,0,0,2,0,0,0,0,0,0,0,0,0,0,0,0,0,0,0,0,0,0,0,1,0,0,0,0,2,0,0,4,0,2,1,0,0,0,1,0,0,1,0,3,0,1,0,0,0,2,0,4,0,3,0,0,3,0,2,0,0,1,0,0,0,1,0,1,0,0,0,1,0,1,0,0,1,0,0,0,0,2,0,0,0,3,0,0,0,0,2,0,0,0,0,0,0,0,3,2,2,0,0,0,1,0,0,1,1,0,1,3,0,0,0,0,0,1,2,0,2,0,2,6,3
0,0,0,0,0,0,2,0,2,0,0,1,0,0,0,0,1,0,0,0,1,0,0,0,0,0,0,0,0,1,0,0,0,0,5,0,0,0,0,0,0,0,0,0,0,0,0,1,1,1,0,0,0,2,0,2,0,1,0,2,1,0,0,0,0,0,0,0,0,0,0,0,0,2,2,0,0,0,0,0,0,0,1,2,0,0,1,1,4,0,0,0,0,1,0,0,0,0,0,1,0,0,0,0,0,0,1,0,2,2,0,1,2,2,0,0,0,2,0,0,0,2,0,2,0,0,0,0,3,0,2,1,0,0,0,0,0,0,0,0,0,3,0,1,0,0,0,0,0,0,0,1,0,0,0,0,0,1,0,0,0,0,4,0,3,0,0,0,0,0,2,0,1,0,2,0,0,0,0,0,2,0,0,0,2,0,1,2,0,2,0,1,0,0,1,0,0,0,3,0,2,1,0,0,0,1,0,0,0,0,0,0,3,0,1,1,4,0,2,0,2,3,0,1,0,0,0,1,1,0,0,4,0,0,0,0,0,0,0,2,0,1,3,0,1,0,0,1,0,2,0,2,0,1,1,2
1,0,0,0,0,0,0,0,0,0,0,0,0,0,0,0,0,0,0,0,0,0,0,0,0,0,0,0,0,0,0,0,1,0,0,0,1,0,2,0,0,0,0,1,0,1,0,0,1,0,0,0,0,0,0,0,0,0,0,0,0,0,0,0,0,0,0,0,0,0,0,0,0,1,0,2,0,0,0,0,0,0,0,1,0,0,1,2,4,0,0,1,3,0,1,0,0,0,0,0,0,0,1,0,0,0,2,0,2,4,0,0,0,0,1,0,0,0,0,0,0,0,0,0,0,0,0,0,4,0,4,1,0,0,0,0,0,0,0,0,0,2,0,0,0,1,0,0,0,0,0,0,1,0,1,0,0,0,0,0,0,0,4,0,4,0,0,0,0,1,2,0,0,0,0,0,0,0,0,0,0,1,0,0,0,0,0,0,0,4,0,0,0,0,0,0,1,0,0,0,0,1,1,0,1,0,0,0,0,0,0,1,4,0,2,1,6,0,0,0,1,4,1,2,0,1,0,0,3,1,1,1,0,0,0,3,0,0,4,0,0,0,0,1,3,1,0,0,1,4,0,1,0,0,0,5
1,1,0,0,0,0,0,0,0,0,0,0,0,0,0,0,1,0,0,0,0,1,1,1,0,0,0,0,1,0,0,1,0,0,1,0,0,0,0,0,0,1,0,1,0,2,0,0,1,1,0,0,0,1,1,0,0,1,0,0,0,0,0,0,0,0,0,0,3,1,0,0,0,4,0,0,2,1,0,0,0,0,0,0,0,0,1,2,4,1,0,0,1,0,0,0,0,0,0,0,0,0,1,1,0,0,1,0,1,3,0,0,1,1,0,0,1,1,0,0,0,0,0,1,0,0,0,0,3,0,3,0,0,0,0,0,0,1,0,0,0,0,0,0,1,1,0,0,0,2,1,0,1,0,0,0,0,0,0,0,1,0,5,1,3,0,0,0,0,1,0,0,1,0,1,0,0,1,0,0,1,0,1,0,0,0,1,1,0,3,0,0,0,0,0,0,0,0,0,0,0,1,0,0,0,0,0,0,0,0,0,0,3,0,0,1,4,0,0,0,0,3,0,0,0,0,0,0,0,0,0,1,0,0,0,3,0,0,1,0,0,0,2,0,0,0,0,0,0,3,0,1,0,2,0,3
0,0,0,0,0,1,0,0,0,0,0,0,0,1,0,1,1,0,0,0,0,1,0,0,0,0,0,0,0,1,1,1,0,0,2,0,0,0,0,0,0,0,0,1,0,0,0,0,1,0,0,0,0,0,0,0,0,0,0,0,0,0,1,0,0,1,0,1,0,0,1,0,0,1,0,0,1,0,0,0,0,1,0,1,0,0,0,0,4,0,2,0,0,0,1,0,0,0,0,0,1,0,0,2,0,0,1,0,3,4,0,0,2,2,0,1,0,2,0,0,0,0,0,1,0,0,1,0,3,0,2,0,0,0,0,0,0,1,0,0,0,2,0,0,0,0,0,2,0,0,0,1,2,3,0,0,0,0,0,0,0,0,5,0,2,0,0,0,0,1,0,0,2,0,2,0,0,0,0,0,2,0,1,1,0,0,0,0,2,2,0,0,0,0,0,1,0,3,2,0,0,0,0,0,0,2,0,0,1,0,1,3,3,0,0,1,4,0,0,0,3,2,0,3,0,0,0,0,2,0,0,2,0,0,0,1,0,0,2,0,1,0,3,1,1,0,1,1,0,2,0,3,0,1,0,3
1,0,1,0,0,0,0,0,0,0,0,0,0,1,0,0,0,0,0,1,1,0,2,1,0,0,0,0,0,0,0,1,0,0,2,0,3,0,0,0,0,0,0,0,0,0,0,0,0,0,0,0,0,1,0,1,0,0,0,0,0,0,1,2,0,0,0,2,0,1,0,0,1,2,0,0,3,0,0,0,0,0,1,0,0,0,1,0,4,0,0,0,0,0,0,2,1,0,0,0,0,0,0,0,0,0,1,2,2,2,0,0,2,2,0,0,0,2,0,0,0,0,0,0,0,1,0,0,3,0,5,0,0,0,0,0,0,0,0,0,0,0,0,0,2,0,0,1,0,1,0,0,1,0,1,0,1,2,0,1,0,0,4,0,2,0,0,0,0,0,2,0,0,0,2,0,0,0,0,0,1,0,0,0,1,0,0,1,0,3,0,0,0,0,0,0,0,0,0,0,0,3,1,0,2,1,0,0,0,0,1,0,3,0,0,2,3,0,1,0,0,2,0,3,0,0,0,0,0,0,0,1,0,3,0,2,0,0,0,1,0,1,3,0,1,0,0,0,0,2,0,2,0,2,0,3
0,0,0,0,0,0,1,0,0,0,1,0,0,0,0,0,1,0,0,0,0,1,1,1,0,0,0,0,0,2,0,1,3,0,2,0,1,0,0,0,0,0,0,0,0,0,0,1,0,1,0,0,0,1,1,0,0,0,0,0,0,0,1,0,0,0,0,0,0,0,0,0,0,0,0,0,0,0,0,0,0,1,1,0,0,0,2,2,4,0,0,0,1,1,0,0,0,0,0,0,0,0,0,2,0,0,2,0,2,2,0,0,2,2,0,0,0,2,0,0,0,0,0,0,0,0,0,0,2,0,2,0,0,0,0,0,0,1,0,1,0,0,0,0,0,0,2,0,0,0,0,0,0,1,1,1,0,0,0,0,0,0,3,0,2,0,0,0,0,2,0,1,2,0,3,0,0,0,0,0,2,0,0,1,1,0,0,0,0,2,0,0,0,0,0,0,0,0,1,1,0,0,0,0,0,0,0,0,0,0,0,0,3,0,0,0,2,0,0,0,0,2,0,1,0,0,0,0,0,1,0,1,0,0,0,1,0,0,0,0,0,1,3,1,0,0,0,1,1,2,0,2,0,2,0,2
1,0,1,1,0,1,1,0,0,0,0,0,0,1,0,0,1,0,0,0,1,3,0,0,0,0,0,1,0,0,0,1,1,0,5,0,0,0,0,1,0,0,0,0,0,0,0,0,1,0,1,0,0,0,0,0,0,2,0,0,0,0,0,0,0,0,0,0,0,0,0,0,0,0,0,0,0,0,0,0,0,0,0,0,0,0,0,0,4,0,0,0,0,1,0,0,1,0,0,0,0,1,1,3,0,1,1,0,3,1,0,0,3,3,0,0,0,3,0,0,0,0,0,2,0,0,0,0,2,1,1,1,0,0,1,0,0,1,0,0,0,0,0,0,0,0,1,0,0,0,0,0,0,0,0,0,0,0,0,0,0,0,2,0,2,1,0,2,0,0,1,0,0,0,5,0,0,1,1,0,3,0,2,0,2,0,0,0,0,1,1,0,0,0,0,0,0,0,0,0,1,0,0,0,0,0,0,0,0,0,0,0,1,1,0,1,1,0,0,0,0,1,0,0,1,0,0,0,0,2,1,0,1,1,0,1,0,0,0,0,0,3,5,3,0,0,0,0,2,1,0,3,0,1,2,3
1,0,0,0,0,0,0,0,0,0,0,0,0,0,0,0,1,0,0,0,0,1,0,0,0,0,0,0,0,0,0,1,0,0,1,0,1,0,0,0,0,0,0,0,0,0,0,0,1,0,0,0,0,1,1,0,1,0,0,0,0,0,1,1,0,0,0,0,1,0,0,0,0,0,0,0,3,1,1,1,0,0,0,2,0,0,0,1,5,0,1,0,0,2,0,1,0,0,0,1,0,0,1,1,0,0,2,0,1,3,0,0,2,1,0,0,0,1,0,0,0,0,0,1,0,0,0,0,3,0,3,0,0,0,1,0,0,0,0,0,0,1,0,1,0,0,0,0,0,2,0,0,3,1,0,0,0,0,0,0,1,0,6,0,3,1,0,1,0,2,0,0,1,0,2,0,1,0,0,0,1,0,0,0,0,0,1,1,0,3,0,0,0,0,0,0,0,0,1,0,0,0,0,0,0,0,0,0,0,0,0,0,3,0,0,1,4,0,0,0,0,3,1,0,1,0,0,0,1,1,1,1,0,0,0,2,0,0,3,1,0,0,2,1,1,0,0,0,0,3,0,1,0,1,0,3
0,0,0,0,0,1,1,0,1,0,0,0,0,0,0,0,0,0,0,0,0,2,0,1,0,0,0,0,0,0,1,0,0,0,0,0,0,0,0,0,0,0,0,0,0,1,1,0,0,0,0,0,0,0,0,0,0,0,0,0,0,0,0,0,0,1,0,0,0,0,0,0,0,1,0,0,0,0,0,2,0,0,0,0,1,1,1,1,4,1,0,0,3,1,0,1,0,0,0,0,0,0,0,0,0,0,0,0,2,4,0,0,0,0,0,0,0,0,0,0,0,0,0,0,0,0,0,0,4,1,5,0,1,0,1,0,0,0,0,0,0,0,0,0,0,1,1,0,0,1,0,0,2,1,0,0,1,0,0,0,0,0,7,0,4,0,1,0,0,2,0,2,0,0,1,0,1,0,0,0,0,0,0,1,0,0,0,0,0,4,0,0,0,1,0,0,0,0,0,0,0,0,0,0,0,1,1,0,0,0,0,1,4,0,0,0,6,0,0,0,3,4,1,2,0,0,0,0,3,0,0,3,0,0,0,2,0,0,1,1,0,1,0,0,0,0,1,0,0,4,0,0,0,0,1,4
0,0,1,0,1,1,2,0,0,1,1,0,1,0,0,0,1,1,1,0,0,0,2,0,0,1,0,0,0,0,0,0,0,0,1,0,0,0,0,0,1,1,0,1,0,0,0,0,0,0,0,1,0,0,2,0,0,1,0,0,1,0,1,0,0,0,0,0,1,0,0,0,1,1,0,0,0,0,0,1,0,1,0,0,0,0,0,0,3,0,0,0,1,0,2,1,0,0,0,0,0,0,2,1,0,0,0,0,1,2,0,0,1,1,0,1,0,1,0,0,0,1,0,0,0,0,0,0,3,0,2,0,1,0,0,0,0,3,0,0,0,2,0,0,0,0,1,0,0,2,0,0,1,1,0,1,0,0,1,0,0,0,3,1,2,1,0,0,0,1,0,0,1,0,1,0,0,0,0,0,1,0,2,0,1,0,0,0,0,2,0,0,0,0,0,0,0,0,0,0,0,0,0,0,1,1,1,0,0,0,0,0,2,0,0,1,5,0,0,0,0,2,0,1,0,0,1,0,0,1,0,1,0,0,1,1,0,0,1,1,0,0,2,0,1,0,0,0,1,2,0,1,0,1,0,2
3,1,1,0,0,0,0,0,0,0,1,0,1,0,0,0,1,0,0,0,0,0,0,2,1,0,0,0,1,0,0,0,0,0,1,0,0,0,0,0,0,0,0,0,0,0,0,0,0,0,0,0,0,0,0,0,0,0,0,0,0,0,0,0,0,0,0,0,0,0,0,0,0,0,0,0,0,0,0,0,1,0,0,0,0,0,1,1,3,0,0,0,2,0,0,0,0,1,0,0,1,0,1,0,0,1,1,0,2,3,0,0,1,1,1,0,0,0,0,0,2,0,0,0,0,0,0,0,3,1,3,1,0,0,0,0,0,0,0,0,0,1,0,0,1,1,0,0,0,1,1,0,0,1,0,0,1,0,1,0,0,0,4,0,3,1,1,0,0,0,1,0,0,0,3,0,2,0,0,0,1,0,0,0,1,1,1,1,0,3,0,1,2,0,1,1,0,1,1,0,0,1,0,0,4,2,0,0,0,0,0,0,3,0,1,0,5,0,0,0,1,4,1,2,0,2,0,2,1,1,0,1,0,1,0,3,1,1,1,0,0,0,1,2,0,3,0,0,0,4,0,0,2,0,0,4
0,0,0,0,0,1,0,0,2,1,1,0,0,0,0,0,1,1,0,0,0,1,2,0,0,0,0,0,0,0,0,0,0,0,0,1,0,0,1,0,0,0,0,0,0,1,0,0,0,0,0,0,0,0,2,0,0,0,0,1,1,0,0,0,1,1,0,1,1,1,0,0,2,1,0,0,3,0,0,0,0,0,0,0,0,0,0,0,4,0,0,0,0,0,0,2,0,0,0,0,0,0,2,0,1,0,1,1,0,3,0,0,0,0,0,0,0,0,0,0,0,1,0,0,0,0,0,0,3,0,3,0,0,0,0,0,0,0,0,0,0,1,0,0,1,0,1,0,0,0,0,0,0,0,0,1,0,0,0,0,0,0,3,0,3,0,0,0,0,1,0,0,0,1,0,0,0,0,0,0,0,0,1,0,0,1,0,0,0,3,1,1,0,1,0,1,0,0,0,0,1,1,0,0,0,0,0,0,0,0,0,0,4,0,0,0,4,0,0,0,0,3,0,1,0,0,0,0,2,1,0,3,1,1,0,2,0,0,0,0,0,0,0,0,1,0,0,2,0,3,0,0,0,0,0,4
0,0,0,0,0,0,0,0,0,0,0,0,0,0,0,0,2,0,0,0,0,0,1,0,0,1,0,0,0,0,0,2,0,0,5,0,1,0,0,0,0,0,3,1,0,0,0,0,0,4,0,0,0,3,1,1,0,1,0,0,1,0,1,1,0,0,0,0,0,0,0,0,1,0,0,0,0,0,0,0,0,2,0,1,1,0,1,1,6,0,2,0,2,1,0,0,0,0,0,0,3,0,1,3,1,0,2,0,1,1,2,0,4,3,0,0,0,3,0,0,0,0,0,1,0,1,0,0,1,0,0,0,0,0,0,0,0,1,0,1,0,0,0,1,0,2,2,0,0,2,0,0,0,0,0,2,0,0,0,2,0,0,3,0,0,0,0,0,1,0,0,0,0,0,4,0,0,0,0,0,3,0,0,0,0,1,0,3,0,1,0,1,0,0,0,0,0,0,0,3,1,0,0,0,0,0,0,0,0,0,0,0,1,0,0,2,0,1,0,0,1,2,0,1,0,0,0,0,3,0,1,0,0,0,0,0,0,0,0,3,0,3,6,4,1,0,0,0,3,1,0,4,2,0,3,2
1,0,1,0,0,1,0,1,0,0,0,0,0,0,0,1,1,0,1,0,0,1,0,0,0,0,1,1,0,0,0,1,0,0,3,0,1,0,0,0,0,0,0,0,0,1,0,0,0,2,0,0,0,0,0,0,0,1,0,0,0,0,1,0,0,0,0,0,0,0,0,0,0,1,0,0,1,0,0,0,0,0,0,0,0,0,0,0,4,0,0,0,2,0,0,1,0,0,0,0,1,0,3,1,0,0,0,0,3,2,1,0,2,2,0,1,0,2,0,1,0,0,0,1,0,0,0,0,2,0,2,0,0,0,0,0,0,0,0,0,0,0,0,0,1,0,0,0,0,0,0,0,0,0,0,0,0,0,0,0,1,0,4,0,2,0,0,0,0,2,1,0,3,0,2,0,0,0,0,1,2,1,0,0,1,0,1,1,3,2,1,0,0,0,0,0,0,0,6,0,0,0,0,0,0,0,0,0,0,0,0,0,2,1,0,0,3,0,0,0,3,2,0,1,1,1,1,0,2,0,1,0,0,0,0,2,0,0,1,2,0,2,4,1,1,0,0,0,1,2,0,2,0,0,1,3
0,0,0,0,0,0,1,0,1,0,0,0,0,0,1,0,1,0,0,0,0,0,0,0,0,0,1,0,0,0,0,1,0,0,1,0,0,0,0,0,1,1,0,0,0,2,1,0,1,1,0,0,0,1,0,0,0,1,1,0,0,0,0,0,0,2,1,0,0,1,0,0,1,4,0,0,2,0,0,0,0,0,0,0,0,0,0,0,4,0,0,1,0,0,0,0,0,0,0,0,0,0,1,2,0,0,0,0,1,3,0,1,1,1,0,0,0,1,0,0,0,0,0,1,0,0,0,0,3,0,3,0,0,1,0,0,0,0,0,0,1,0,1,0,0,0,0,0,0,0,0,1,1,1,0,0,0,0,0,0,0,0,5,0,3,0,0,0,1,1,0,0,1,0,2,0,0,0,0,0,2,0,0,0,0,0,0,1,0,3,0,0,0,0,0,0,0,1,0,0,0,1,0,0,0,0,0,0,0,1,0,0,3,0,0,0,5,0,0,0,1,3,0,0,0,0,0,0,2,0,0,3,0,0,0,1,0,0,0,0,0,0,2,0,0,3,0,0,0,3,0,3,0,2,0,2
0,1,0,0,0,0,1,0,0,0,0,0,0,0,0,0,0,0,0,0,0,1,3,1,0,0,0,1,0,1,0,0,0,0,1,0,3,0,0,0,0,0,3,0,1,2,1,0,1,1,0,0,0,0,0,0,0,1,0,0,0,0,0,0,0,0,0,1,0,1,0,0,1,2,0,0,1,0,0,0,0,0,0,0,1,1,1,1,6,0,0,0,1,0,0,0,0,0,0,0,1,0,0,0,0,1,2,0,0,3,1,0,2,1,0,0,0,0,0,0,0,0,0,1,0,0,0,0,4,0,3,0,0,0,0,0,0,2,0,0,0,0,0,0,1,1,0,0,0,2,0,0,2,1,0,0,0,0,0,1,0,0,8,0,5,2,0,0,0,1,0,3,0,1,3,0,0,1,0,0,0,0,0,0,0,0,1,0,0,4,0,0,2,1,0,0,0,1,0,0,0,1,0,0,2,0,0,0,3,0,1,1,4,0,0,1,6,0,0,0,1,3,0,0,0,0,0,1,1,0,0,3,0,3,0,2,0,0,0,0,2,0,4,0,2,0,0,0,1,3,0,2,0,0,1,2
1,0,0,0,0,0,0,0,0,0,0,0,0,0,0,0,1,0,0,0,1,1,0,1,0,0,0,0,0,0,0,1,0,0,1,0,0,0,0,0,0,1,0,0,0,1,0,0,0,1,0,0,0,0,0,0,0,0,0,0,0,0,0,0,0,0,0,0,1,0,0,0,0,0,0,0,1,0,0,0,0,0,0,0,0,0,0,0,4,0,0,0,1,1,0,0,0,0,0,0,1,0,0,2,0,0,0,0,2,3,0,0,1,1,0,1,0,1,0,0,0,0,0,0,0,0,0,0,3,1,6,0,0,0,0,0,0,1,0,0,1,1,0,0,2,0,2,0,0,1,0,0,1,0,0,1,0,0,0,0,0,0,3,0,4,0,0,1,0,1,0,0,1,0,2,0,0,0,0,0,1,0,0,0,1,0,0,1,0,3,0,0,0,0,0,0,1,0,2,0,0,0,0,0,0,1,0,0,0,0,0,0,3,0,0,1,4,0,0,0,1,3,0,1,0,0,0,0,0,0,0,1,1,1,0,2,0,0,1,0,0,0,2,1,0,0,0,0,1,3,0,2,0,0,1,3
0,1,0,0,0,0,0,0,0,0,0,0,0,1,0,0,0,0,0,0,0,1,1,0,0,0,0,0,0,1,0,1,0,0,2,0,1,0,0,0,0,0,2,0,0,1,0,0,0,1,0,0,0,1,0,1,0,0,0,0,0,0,1,0,0,0,0,0,1,1,0,0,0,2,0,0,1,0,1,0,0,1,0,0,1,0,1,0,4,1,1,0,0,1,0,1,0,0,0,0,3,0,0,2,0,0,0,0,2,2,0,0,2,2,0,0,0,2,0,0,0,0,0,0,0,0,0,0,3,0,2,0,0,0,0,0,0,0,0,1,2,1,0,0,0,0,0,0,0,0,0,0,1,1,1,1,0,0,0,0,1,0,3,0,3,0,0,1,0,0,0,0,0,0,2,1,0,0,1,0,2,0,0,0,1,0,0,2,0,2,0,1,0,0,0,0,0,0,1,0,0,0,0,0,0,1,0,0,0,0,0,0,2,0,1,0,4,0,0,0,0,2,0,1,0,0,0,0,1,0,0,2,0,0,0,1,0,0,0,1,0,0,2,0,1,0,0,0,0,2,0,3,0,2,1,3
0,0,0,0,0,0,4,0,1,0,0,0,0,0,0,0,1,0,0,0,0,1,1,0,0,0,0,0,0,0,0,1,1,0,2,1,0,0,0,0,0,0,0,0,0,0,0,0,0,1,0,1,0,1,1,0,0,1,0,0,0,0,0,0,0,0,0,1,0,1,0,1,0,1,1,0,0,1,0,1,0,2,0,1,0,1,0,0,4,0,0,0,1,0,0,1,0,0,0,1,0,0,0,1,0,0,0,0,3,3,0,0,1,1,0,1,0,1,0,0,0,0,0,0,0,0,0,0,3,0,3,0,0,0,0,0,0,0,0,0,0,0,0,0,0,0,0,0,0,1,0,0,1,1,0,0,0,0,0,0,0,0,3,0,4,0,0,0,0,1,0,0,0,0,2,0,0,0,0,0,1,0,0,0,0,0,0,0,0,3,0,0,0,0,0,0,0,0,0,0,0,0,0,0,1,0,0,0,0,0,0,0,3,0,1,0,2,0,0,0,1,3,0,1,0,1,0,0,0,0,0,1,0,0,0,2,0,0,2,0,0,0,3,1,0,2,0,0,1,4,0,1,0,1,0,3
1,0,0,0,1,0,0,1,0,0,0,0,0,1,0,0,0,0,0,0,0,1,0,0,0,0,2,0,1,0,0,0,1,0,1,0,1,0,0,0,0,1,0,0,0,2,0,0,0,0,0,0,0,0,0,1,0,0,0,0,0,0,1,0,0,0,0,0,1,0,0,0,1,1,0,0,1,1,0,0,0,1,0,2,0,0,0,1,4,0,1,0,1,1,1,0,0,0,1,1,2,1,2,1,1,0,1,0,3,3,0,0,1,1,0,0,0,1,0,0,1,0,0,1,0,0,0,0,3,0,4,0,1,0,0,0,0,1,0,0,0,0,0,0,0,0,0,0,0,0,0,0,0,2,0,0,0,0,0,0,1,0,7,0,3,0,0,2,0,0,0,0,0,0,3,0,1,0,0,0,1,0,0,1,1,0,1,0,1,3,0,0,0,1,0,1,0,1,6,0,0,0,0,0,0,1,2,0,0,1,0,0,3,0,0,0,4,0,0,0,1,3,0,2,0,0,0,0,0,0,0,3,0,0,0,1,0,0,0,0,0,0,1,1,1,0,0,0,0,4,0,2,0,0,2,5
0,0,0,1,0,0,0,0,0,0,0,0,0,0,0,0,1,0,1,0,1,1,0,0,0,0,1,0,0,0,0,1,0,0,2,0,1,0,0,0,0,1,1,0,0,1,0,0,1,0,0,0,0,0,0,0,0,0,0,0,0,0,1,0,0,0,0,3,3,1,0,0,0,6,0,0,1,1,0,1,0,1,0,0,0,0,1,0,4,0,0,0,1,1,0,1,0,0,0,0,0,0,1,1,0,0,1,0,1,3,1,0,1,1,0,0,0,1,0,0,0,1,0,0,0,0,0,0,3,0,2,0,0,0,0,0,0,1,1,0,0,0,0,0,1,1,0,0,0,1,0,0,2,1,0,0,0,1,0,0,0,0,7,1,4,0,0,0,0,0,0,0,1,0,2,0,0,0,1,0,1,0,0,0,0,0,0,0,0,3,0,0,0,0,0,0,0,0,1,0,1,1,0,0,1,0,0,0,0,0,0,0,3,1,1,1,5,0,2,1,3,4,0,0,1,0,0,0,3,0,0,2,0,0,0,2,0,0,1,0,0,1,5,0,0,0,0,0,0,4,0,1,0,1,1,3
0,0,0,0,0,0,0,1,0,0,0,1,0,0,0,3,0,0,3,0,0,0,0,1,0,0,0,3,0,0,0,1,1,0,1,0,0,1,0,1,0,0,0,2,0,0,0,0,0,0,0,1,0,0,1,1,0,0,0,0,0,0,1,0,0,0,0,0,0,0,0,0,0,2,0,0,0,0,1,0,0,0,0,1,0,1,0,0,3,0,0,0,1,0,0,0,0,0,0,0,3,0,2,2,1,0,2,1,3,2,0,0,2,2,0,0,0,1,0,0,0,0,0,1,0,1,0,0,3,0,1,0,0,0,0,0,0,0,1,1,0,0,2,0,0,0,0,0,1,0,1,0,0,0,0,2,0,0,0,1,2,0,3,0,2,1,1,0,0,1,0,0,1,0,2,0,0,0,0,0,2,0,0,1,1,0,0,1,2,3,0,0,1,1,0,0,1,0,0,1,1,1,1,0,0,0,0,0,0,0,0,0,2,1,0,1,1,0,0,0,0,1,0,0,0,1,0,1,1,0,0,1,0,0,0,1,0,0,2,1,0,0,4,0,2,0,1,0,0,1,0,3,0,1,3,1
1,0,0,0,0,0,0,0,0,0,0,0,0,0,0,0,0,0,0,0,0,2,1,0,0,0,0,0,0,0,0,1,0,0,0,1,0,0,0,0,1,0,0,0,0,1,0,0,0,0,0,0,0,0,1,0,0,0,0,0,0,0,0,0,0,0,0,1,0,0,0,0,1,1,0,0,3,0,1,0,0,0,0,3,0,0,3,0,4,0,0,0,5,2,1,0,2,0,0,0,1,0,1,0,1,0,1,0,1,3,1,0,0,2,1,0,0,0,0,0,0,1,0,0,0,0,0,0,4,0,5,1,0,0,0,0,0,0,0,0,0,1,1,1,0,1,0,0,0,0,0,0,0,3,1,0,0,0,1,0,0,0,11,1,4,0,0,0,0,2,2,0,1,1,2,1,0,0,0,0,0,0,0,0,1,0,0,0,0,4,0,0,0,0,0,3,0,2,1,0,0,1,0,0,1,2,0,0,0,0,1,0,4,1,0,0,4,0,0,0,1,4,0,2,1,0,0,0,4,0,0,2,0,0,0,1,2,0,2,0,0,0,0,0,4,0,1,0,0,4,0,0,0,1,0,5
1,0,0,1,0,0,3,0,1,0,0,0,0,0,0,0,0,0,0,2,1,0,0,1,0,0,0,1,0,0,0,0,0,0,0,0,1,0,0,0,0,0,0,0,0,0,0,0,1,0,0,1,0,0,0,0,0,0,0,0,0,0,0,0,0,0,0,0,1,0,0,0,0,2,0,0,1,0,0,0,0,0,0,0,0,0,0,0,4,0,0,0,2,0,0,0,0,0,0,0,1,1,1,1,0,0,1,0,2,5,0,0,1,0,0,0,0,0,0,0,0,2,0,0,0,0,0,0,4,0,5,0,1,0,0,0,0,0,0,0,1,1,0,0,0,1,1,0,0,2,0,0,4,0,0,0,0,0,0,1,0,1,8,0,4,1,0,1,0,0,0,1,0,0,2,0,0,0,1,0,0,0,1,0,0,0,0,0,0,4,0,0,0,0,0,2,1,2,1,1,0,2,0,0,1,1,0,0,0,0,0,2,4,0,0,1,7,0,0,0,2,5,0,4,0,0,0,0,3,2,0,1,0,0,0,5,0,0,0,0,0,0,0,0,4,0,0,0,0,4,1,1,0,0,0,3
0,0,0,0,0,1,1,1,2,0,1,1,0,0,1,0,0,0,0,0,0,1,0,0,0,1,1,0,0,0,1,0,0,0,2,0,0,0,3,0,0,0,4,0,0,1,1,2,0,2,1,2,0,1,2,0,0,1,0,0,0,0,2,0,0,0,1,0,0,0,0,0,0,2,0,0,1,1,1,0,0,1,0,1,0,1,1,0,4,0,0,0,0,0,0,1,0,0,1,1,1,0,0,1,1,0,0,1,1,2,0,1,1,1,0,2,1,1,0,0,0,0,0,0,0,0,0,0,2,0,2,0,0,0,0,0,2,0,0,0,1,0,1,0,0,0,0,1,0,0,0,0,0,3,0,0,0,0,0,0,1,0,4,0,3,0,0,0,1,0,2,2,1,2,1,0,0,0,0,0,1,0,0,0,0,1,0,0,0,3,0,0,0,0,0,0,0,0,2,0,0,0,0,0,0,2,1,0,1,1,0,0,2,0,0,0,3,0,1,0,0,2,0,0,0,0,0,0,2,1,0,0,0,3,0,1,0,1,0,2,0,0,3,3,3,0,0,2,2,3,3,1,1,0,3,2
1,0,0,0,0,0,2,0,2,0,0,0,0,0,0,0,0,0,0,0,0,0,1,0,0,0,0,0,1,0,0,0,0,0,0,0,1,1,1,0,1,0,0,0,0,0,0,0,0,0,0,0,0,0,0,0,0,0,1,0,0,0,0,0,0,0,0,0,0,0,0,0,0,1,0,0,0,1,0,0,1,1,0,1,0,0,0,0,4,0,0,0,0,1,0,0,0,0,0,1,0,0,2,0,0,0,1,0,1,4,0,0,0,0,0,0,0,2,0,0,0,0,0,0,0,0,0,0,4,0,5,0,0,0,0,0,0,1,0,0,0,2,0,0,1,1,0,0,0,1,0,1,1,2,0,0,0,0,0,0,1,0,9,0,6,0,0,0,0,1,1,2,0,0,0,0,0,0,0,0,0,0,0,0,0,0,1,0,0,4,0,0,0,0,0,0,0,2,1,0,0,1,0,0,0,3,0,0,0,1,0,0,4,0,0,0,4,0,1,0,6,4,0,7,0,0,0,0,1,0,1,2,0,1,0,0,0,0,3,0,0,0,1,2,3,0,0,0,1,4,0,1,0,0,0,5
1,0,0,0,0,0,0,1,0,0,0,0,0,0,0,0,0,0,0,0,0,3,0,1,0,0,0,1,0,0,0,0,0,0,2,0,0,0,0,0,0,0,0,1,0,1,0,1,3,0,0,3,0,1,0,0,0,1,0,0,0,0,0,0,0,0,2,0,1,2,0,1,0,3,0,0,0,0,0,0,0,0,1,1,0,0,3,1,4,0,0,0,2,2,0,1,1,0,0,0,0,0,0,1,1,0,0,0,2,3,0,0,2,1,0,0,0,1,0,0,0,1,0,0,0,0,1,0,3,1,3,0,0,0,0,0,0,0,0,0,0,0,0,0,1,0,0,0,0,1,0,0,1,0,0,0,0,0,0,0,1,2,9,0,5,0,0,1,0,1,3,0,0,0,1,0,0,0,0,0,1,0,0,0,1,0,0,0,4,3,0,0,0,0,0,7,1,6,3,0,0,0,0,0,1,1,0,0,0,0,0,3,3,0,0,0,5,0,1,0,3,3,0,1,0,0,0,0,1,0,2,1,0,0,0,1,0,0,1,1,0,1,2,0,0,0,0,0,1,3,1,1,0,2,1,3
