7,1,4,5,7,2,1,1,4,0,2,3,9,3,2,3,7,5,0,4,1,1,7,0,0,6,2,6,3,2,1,2,8,0,19,4,3,1,0,1,2,4,4,1,7,2,0,3,1,1,15,1,1,2,1,1,6,3,0,0,2,2,1,0,7,1,3,1,1,4,3,0,4,1,0,0,3,6,3,0,3,2,1,7,5,0,2,2,5,1,9,0,0,0,1,0,3,10,0,2,2,2,4,1,0,15,3,1,2,3,3,0,10,4,0,0,18,3,0,3,7,0,10,1,10,24,19,4,0,1,35,2,4,0,0,1,2,0,1,0,0,0,0,0,6,0,2,0,3,0,1,1,1,2,4,7,3,2,2,2,0,0,0,28,1,0,5,4,14,0,0,1,3,1,4,0,7,0,2,3,5,1,7,2,7,7,0,0,7,0,0,1,0,0,0,0,1,1,2,11,2,0,4,1,4,0,0,0,2,0,0,0,0,3,2,4,0,6,1,1,1,6,3,2,2,3,2,0,3,0,0,2,3,0,2,0,1,0,0,1,0,19,6,0,1,0,5,2,4,4,3,5,2,3,2,0
3,0,19,3,5,0,2,0,1,1,6,3,6,0,4,4,2,3,0,1,0,2,12,8,1,6,5,7,0,7,9,3,4,2,14,0,2,2,5,1,1,0,1,1,1,4,0,0,1,0,3,4,0,0,10,2,4,4,0,1,5,0,0,1,0,0,2,3,0,2,0,1,1,3,0,0,3,2,5,0,0,3,0,0,0,0,0,5,25,2,1,3,1,3,4,0,0,18,1,0,0,0,1,2,0,4,5,32,7,1,2,2,3,9,2,1,2,3,0,0,5,0,12,0,1,0,12,0,0,1,15,0,0,1,0,0,0,2,0,0,0,5,3,3,0,0,2,0,1,0,2,0,5,3,1,14,2,1,3,0,2,1,0,25,3,1,2,2,0,1,1,2,1,2,7,0,1,0,1,2,5,3,1,1,1,4,1,0,6,0,0,1,3,1,0,0,0,3,2,0,0,0,1,3,1,0,0,13,2,2,0,1,0,3,1,2,1,2,1,0,1,3,1,0,1,13,3,1,1,0,0,0,0,2,7,2,1,4,0,2,0,9,6,5,0,0,2,1,6,4,0,2,2,2,0,2
1,2,11,4,17,2,0,3,3,0,4,0,2,3,0,1,6,3,2,1,0,0,18,0,2,3,5,9,0,4,1,3,12,1,20,1,2,0,2,0,1,1,0,3,2,0,1,0,1,1,5,2,0,2,3,0,2,1,2,1,3,0,2,0,3,1,0,1,0,0,1,3,1,2,1,4,2,1,1,1,1,1,0,2,0,0,0,3,3,0,0,3,0,1,0,4,3,20,2,0,1,0,4,1,1,2,4,15,1,2,0,1,2,3,0,0,0,2,0,2,0,0,2,5,0,0,8,0,6,4,27,0,1,2,0,1,1,0,4,0,0,7,5,1,0,0,6,0,8,1,2,0,1,4,2,27,9,11,7,14,0,2,0,15,4,1,0,1,0,1,0,8,1,11,2,0,0,1,0,4,2,0,2,0,5,10,0,1,1,0,3,2,1,0,0,0,3,2,2,0,0,0,4,2,2,0,1,0,0,1,1,0,0,11,0,0,20,0,1,1,1,1,0,1,0,8,8,0,0,1,0,0,0,4,5,3,0,2,0,0,0,3,3,3,0,3,2,1,1,0,5,3,0,5,2,1
0,2,15,8,10,2,0,1,4,1,3,3,15,2,2,6,0,8,1,0,2,1,16,3,2,3,3,7,0,3,6,0,2,0,11,0,5,1,9,1,2,2,0,1,0,0,0,0,3,2,4,1,0,0,1,0,2,0,0,2,1,1,0,0,1,2,0,0,3,1,0,0,0,5,0,0,7,6,0,0,0,1,0,0,6,0,2,0,14,0,5,3,0,1,3,0,3,0,3,0,0,1,0,4,0,1,5,14,2,2,6,0,2,2,0,0,24,2,0,1,5,0,6,1,6,1,24,5,2,2,34,0,0,0,1,1,2,1,1,0,0,4,6,6,1,0,5,1,1,0,2,1,0,1,0,15,14,5,3,2,1,3,0,9,1,2,3,3,8,0,1,0,3,12,2,0,1,0,0,3,4,0,5,0,5,9,2,1,2,1,0,2,1,0,0,0,1,0,2,1,0,0,2,0,0,0,0,3,0,0,0,0,1,3,1,0,0,0,0,0,1,0,0,0,2,9,2,5,2,0,6,1,1,4,5,1,0,4,1,1,0,9,4,3,9,1,2,2,3,2,4,3,4,2,2,0
4,3,16,2,39,1,5,6,4,1,3,0,4,2,6,4,24,4,0,1,0,0,8,1,2,7,5,7,0,1,2,5,19,0,13,1,8,0,0,3,2,20,1,0,0,2,0,0,1,0,2,1,0,1,2,0,2,4,3,0,3,0,5,0,2,0,6,2,0,0,0,0,0,0,1,0,1,0,1,0,0,1,1,0,1,0,1,0,1,1,0,1,1,0,0,1,2,0,0,1,2,3,6,8,0,0,4,7,1,0,1,1,1,2,1,0,0,3,0,0,0,1,8,2,8,9,0,3,0,0,14,1,1,1,0,2,1,1,1,0,2,1,0,7,0,0,5,0,3,3,4,2,0,5,0,7,4,9,6,5,0,3,3,3,1,4,3,4,0,1,4,6,0,11,3,2,2,1,0,1,2,5,9,2,5,6,1,1,6,3,1,1,0,1,1,0,0,2,1,0,1,0,7,3,1,2,0,0,0,0,1,0,3,6,1,0,0,0,1,1,0,1,3,3,0,2,3,0,1,1,28,1,1,4,3,0,0,3,0,0,3,1,3,0,0,2,1,0,0,2,2,1,2,1,0,1
3,0,5,12,18,0,0,2,1,0,4,1,4,4,1,5,3,5,2,0,0,3,14,4,1,2,1,5,0,1,5,2,4,0,11,1,1,0,0,1,2,4,0,0,0,0,1,2,2,1,12,3,0,0,2,1,2,2,1,0,2,0,4,0,0,1,0,0,0,1,0,0,2,2,0,0,9,3,1,0,1,0,54,0,30,0,2,5,11,2,4,2,1,1,0,0,2,1,9,0,1,0,0,1,0,2,2,10,0,1,5,0,2,29,0,0,3,3,0,4,2,1,3,2,4,2,20,3,0,4,19,5,1,3,0,1,0,0,0,1,0,3,1,5,0,0,2,0,2,0,2,1,2,4,0,6,3,3,2,3,0,1,0,10,2,0,1,1,2,0,2,1,1,7,3,0,0,0,0,0,2,1,3,1,5,3,1,1,0,1,2,2,0,0,0,1,1,1,2,0,0,0,2,2,0,0,0,3,0,2,3,0,0,6,4,0,0,3,0,0,1,0,0,1,1,7,2,1,1,1,2,1,2,6,3,2,0,0,1,1,0,5,4,1,0,1,0,3,1,1,1,4,0,2,1,0
2,1,10,1,14,0,1,1,0,3,2,0,8,0,2,6,5,2,0,0,3,0,3,0,0,7,5,8,0,5,1,3,15,0,23,6,4,1,1,3,1,24,2,0,0,1,0,2,2,2,7,0,0,0,2,3,0,12,1,2,4,0,6,1,1,1,9,0,2,3,0,1,2,2,1,2,2,6,2,0,29,4,3,0,1,0,0,0,18,2,4,1,1,0,2,0,3,0,0,1,0,0,3,7,0,0,1,3,3,0,1,0,2,6,0,0,3,4,1,4,2,0,7,2,7,3,6,0,0,1,16,0,0,0,0,0,3,2,0,0,2,5,9,7,0,0,4,0,1,5,1,1,0,2,1,18,7,7,2,5,1,1,1,5,4,2,0,6,0,0,1,3,2,9,4,0,1,0,0,1,2,2,3,0,3,3,1,1,9,1,0,0,0,1,0,0,1,0,1,1,0,0,7,0,0,2,0,0,3,0,5,0,7,11,1,0,0,0,1,0,3,0,2,0,0,4,2,0,0,1,10,0,0,1,4,4,1,0,0,1,2,2,4,1,0,5,0,0,0,5,0,4,4,2,1,1
1,0,7,1,22,0,0,0,2,1,1,0,4,0,0,4,2,1,0,2,1,1,8,0,0,9,7,10,0,13,0,2,18,2,23,0,3,0,0,1,0,9,0,0,2,2,1,0,0,0,9,5,0,0,2,0,0,3,4,2,1,0,4,0,3,0,0,4,2,2,1,1,1,1,0,4,0,0,4,1,0,3,2,0,0,1,2,0,4,0,0,0,0,0,0,6,0,1,0,0,3,1,1,2,0,4,3,21,2,0,2,3,3,3,0,0,0,8,1,1,14,1,15,4,0,4,17,2,0,0,20,2,2,0,0,2,0,0,3,2,0,1,10,2,0,1,2,0,7,0,4,0,2,2,2,16,2,2,2,5,1,1,0,18,4,2,2,1,1,0,1,2,0,5,3,0,0,1,0,3,4,1,6,1,4,5,0,2,3,0,2,0,1,0,1,1,0,2,2,0,1,0,2,1,0,0,0,1,0,0,0,0,3,8,1,0,0,0,0,1,2,0,0,1,0,10,2,2,1,3,0,1,31,0,3,3,0,7,0,1,1,14,6,8,1,4,1,0,13,0,1,4,0,3,1,3
3,1,5,5,9,2,1,0,1,2,2,5,3,1,3,3,1,4,2,0,2,3,5,2,1,4,5,3,0,0,3,1,6,3,18,1,8,0,1,0,1,5,0,1,3,0,0,1,2,3,6,4,0,1,2,4,1,6,1,0,3,0,1,0,2,0,7,0,0,1,0,0,1,1,2,0,6,1,1,0,1,1,0,0,1,0,2,2,33,1,4,0,0,1,0,0,3,4,0,0,5,0,1,5,0,0,5,17,7,2,5,9,4,56,0,0,5,4,1,1,3,0,1,2,4,22,9,2,0,1,23,2,1,0,0,0,0,2,1,1,0,3,0,6,1,0,8,0,1,3,4,0,1,1,0,11,3,2,2,6,0,0,0,7,1,5,3,1,3,0,0,0,1,8,3,0,0,4,1,1,3,1,1,0,3,9,0,4,1,0,0,1,1,0,0,1,0,2,0,3,1,0,0,1,0,1,0,0,6,3,0,0,2,6,0,1,0,5,1,1,0,0,2,2,0,5,2,1,2,0,1,3,1,0,1,5,0,5,1,4,0,11,5,1,0,1,0,0,4,0,1,3,0,3,2,2
6,1,6,6,14,0,0,1,1,4,4,0,4,0,0,5,2,5,0,1,0,2,6,0,3,4,4,0,0,7,2,2,3,0,15,3,1,0,3,0,4,0,0,0,0,1,0,2,2,8,9,0,0,1,2,2,1,3,2,0,3,1,1,0,1,2,2,1,2,0,0,2,2,0,3,0,2,16,0,0,4,1,2,0,0,0,0,4,4,1,0,3,0,0,0,0,3,0,1,0,0,2,2,0,0,0,2,16,1,3,2,0,1,2,1,1,0,1,0,5,0,0,4,3,0,0,9,2,0,2,19,5,5,1,0,0,0,2,2,0,7,14,0,1,0,0,3,0,1,1,2,5,1,4,3,22,7,15,7,5,2,0,0,14,2,2,3,16,3,2,1,1,1,6,3,0,0,0,0,4,1,1,3,0,4,5,0,1,8,6,1,2,2,1,0,0,0,0,0,0,0,1,4,1,0,0,0,1,0,0,1,0,0,5,2,0,0,0,0,0,0,1,2,3,0,11,3,0,4,0,2,22,1,0,5,5,2,7,4,0,2,2,2,0,0,0,1,3,4,1,3,1,1,2,0,0
4,0,11,0,19,1,3,4,0,0,4,1,5,0,0,2,4,5,0,1,0,0,5,0,0,3,10,3,0,3,1,4,13,0,23,7,3,0,1,2,0,32,1,0,3,1,1,0,3,11,5,1,0,0,1,0,0,12,0,2,3,4,4,0,0,0,0,2,0,2,0,1,1,1,1,3,1,10,2,0,1,1,2,0,0,0,0,0,3,0,0,1,0,0,0,3,5,0,0,0,1,2,0,1,0,0,1,4,5,2,0,1,1,51,0,0,3,3,0,3,0,2,5,2,1,1,14,2,1,1,10,1,1,0,1,1,0,0,1,0,1,2,0,4,2,0,5,0,1,1,3,0,0,2,4,10,4,1,2,5,1,7,1,8,3,1,1,3,0,1,0,3,1,9,2,0,0,1,1,1,1,1,19,0,5,5,1,2,2,1,0,4,2,0,0,0,0,0,1,1,0,0,0,0,1,0,0,0,0,1,1,1,8,7,0,0,0,0,2,0,5,0,1,1,0,1,5,0,1,0,8,3,1,2,3,0,0,0,1,0,1,0,2,3,0,1,1,0,2,1,0,2,8,1,1,0
7,2,8,4,10,0,0,10,1,0,4,2,7,0,0,1,0,4,0,4,0,5,11,0,1,3,5,4,1,4,2,0,15,0,19,9,7,1,0,12,3,11,0,0,5,1,0,1,1,11,15,4,0,0,1,0,8,1,0,1,3,1,3,0,2,0,0,1,1,2,0,0,1,1,0,1,0,16,7,0,0,0,2,0,0,0,0,1,2,0,0,7,2,1,0,0,3,0,1,0,1,0,0,1,0,2,1,9,0,1,0,0,0,44,0,0,0,1,2,4,0,1,1,0,4,0,10,0,0,3,31,0,0,25,0,2,0,0,1,0,7,3,0,1,0,0,4,0,2,0,3,0,0,7,9,12,1,7,4,4,1,2,0,9,8,2,1,5,2,0,1,2,0,6,0,0,0,2,1,5,1,4,4,0,5,8,0,0,2,0,2,2,0,0,0,0,1,3,0,2,0,0,2,0,0,0,3,0,1,3,0,0,0,5,2,0,0,0,2,0,4,0,0,0,0,1,3,0,1,0,0,1,0,0,4,0,0,1,0,1,0,0,0,2,0,0,2,0,2,1,0,0,0,1,0,1
1,0,8,3,11,0,0,0,0,0,3,1,5,1,0,3,0,3,0,2,0,0,5,1,1,2,0,8,0,5,3,4,8,1,6,0,2,1,0,0,4,11,0,0,1,1,1,0,1,5,2,1,0,1,1,4,2,1,1,0,3,3,8,0,0,1,4,1,0,1,0,0,1,0,0,1,6,5,4,0,4,0,17,2,0,1,1,5,9,1,1,4,2,1,0,1,1,33,2,2,0,0,5,5,0,3,6,27,7,3,2,0,2,2,0,1,5,3,0,0,2,0,10,1,11,0,15,0,1,2,12,1,2,1,0,1,1,0,0,3,1,7,0,0,0,0,4,0,1,0,0,1,1,2,1,3,2,0,5,0,0,2,0,19,1,0,0,0,5,2,0,0,0,3,1,1,0,3,0,0,1,2,5,0,6,7,0,5,2,0,0,0,1,2,0,3,1,0,0,3,3,0,1,0,1,0,0,0,3,1,3,2,0,2,1,0,0,0,1,0,0,1,2,1,2,6,3,0,1,0,0,1,0,3,4,0,1,2,1,3,6,11,3,2,0,2,0,1,12,5,3,4,1,1,5,0
5,0,6,0,0,0,2,0,1,0,0,1,0,1,3,0,1,1,0,0,0,5,0,3,0,0,0,11,0,2,0,4,7,0,12,0,3,0,1,0,0,0,1,0,1,0,0,0,10,3,2,1,0,3,4,0,0,39,0,0,1,5,5,1,0,1,0,1,1,0,0,1,0,0,1,2,1,0,1,0,0,9,0,0,1,1,1,0,10,0,2,0,1,0,0,1,0,0,8,0,1,1,3,3,0,0,1,0,5,0,2,0,13,5,0,1,1,4,0,0,0,0,0,0,0,0,6,0,0,5,1,1,0,0,0,2,6,1,1,5,0,1,0,1,7,2,5,4,1,2,10,1,0,0,1,10,1,1,0,2,2,6,0,0,1,0,0,0,1,0,1,1,3,1,6,1,2,1,0,0,5,0,0,0,5,0,0,7,2,0,0,1,1,5,0,1,13,0,1,0,11,1,0,0,3,0,0,0,9,0,4,1,0,0,0,9,0,1,0,1,4,1,0,1,1,2,1,1,4,0,0,10,0,0,0,1,2,8,2,2,20,8,61,9,0,0,5,1,2,0,1,4,3,4,1,5
6,2,7,6,14,1,1,1,0,2,4,1,6,0,0,2,3,5,5,2,0,3,20,0,2,2,3,9,0,2,6,1,7,5,16,4,2,1,0,1,1,1,1,0,0,3,0,0,2,2,11,0,0,2,3,0,0,4,3,2,2,1,1,0,2,1,12,1,3,2,0,5,0,0,1,0,0,0,1,0,5,2,0,0,2,2,1,9,8,0,0,2,0,0,3,0,1,0,4,0,1,0,5,3,0,0,0,18,8,3,0,0,7,2,1,0,2,3,0,1,7,1,1,4,7,1,13,5,0,2,9,0,3,0,0,1,1,3,1,1,0,3,0,5,2,0,5,2,1,5,0,0,20,2,3,17,3,0,4,2,0,1,0,15,2,1,3,4,3,2,0,1,3,8,2,0,0,0,0,0,15,1,5,1,4,19,0,1,7,2,0,0,0,0,0,0,1,0,1,2,1,0,2,0,0,0,0,1,2,5,0,1,1,4,2,2,1,0,0,0,6,1,1,1,1,10,4,1,4,0,0,0,0,0,3,10,0,1,0,0,0,8,5,2,0,4,1,3,13,2,3,4,2,0,2,0
2,0,3,3,9,0,0,1,2,2,1,0,4,0,1,4,2,3,1,2,0,1,6,0,0,2,3,10,0,2,2,0,11,1,21,2,2,4,0,0,2,1,0,0,2,2,0,0,0,1,3,2,0,1,3,1,1,4,0,5,2,4,0,11,2,2,0,0,0,0,0,0,1,0,0,1,3,1,1,0,0,2,0,1,0,0,1,0,5,1,1,1,0,0,2,0,2,5,0,1,5,1,5,4,0,0,1,13,2,2,2,0,3,3,0,0,0,3,0,0,0,2,2,1,0,0,2,6,2,0,27,0,0,1,0,35,3,0,0,0,7,0,3,2,0,0,3,1,2,1,2,2,0,1,0,7,5,3,3,0,0,0,0,7,3,0,1,6,3,1,3,0,0,5,3,0,3,0,0,1,3,1,2,1,4,3,2,4,1,1,2,0,0,0,0,0,0,0,2,1,1,1,2,0,1,0,1,2,1,2,1,0,2,5,0,0,0,2,1,0,1,3,1,3,1,5,2,0,4,1,5,47,0,1,3,0,0,1,1,0,1,14,7,2,6,0,0,0,19,4,5,3,0,4,3,0
1,0,6,5,2,4,1,1,0,1,2,1,2,0,0,1,3,2,2,1,1,0,2,1,0,1,0,3,6,6,2,2,0,0,10,6,0,0,0,1,1,2,1,2,3,2,0,21,3,9,4,1,0,4,0,0,4,9,0,1,1,3,2,2,0,0,2,0,2,0,0,1,1,0,1,1,0,10,2,0,3,0,0,1,0,2,1,1,1,2,3,0,0,0,0,1,0,1,4,1,0,0,1,4,0,0,2,1,2,1,1,2,3,36,0,0,1,1,0,0,23,0,0,2,3,1,7,0,0,3,7,1,0,0,2,2,7,3,5,2,0,0,1,2,5,0,3,0,1,3,0,0,0,1,6,4,1,0,0,0,2,1,1,16,1,0,2,2,4,0,1,1,8,0,3,0,0,8,1,8,5,0,5,0,3,4,0,9,1,1,0,1,1,3,1,6,4,0,0,1,3,0,4,2,2,0,0,0,3,0,3,0,0,1,0,2,0,0,1,3,0,1,1,1,1,2,7,0,1,2,6,0,0,0,3,6,0,0,1,5,22,17,4,4,0,0,2,6,5,7,4,6,1,3,2,2
1,1,10,2,7,0,0,1,1,0,4,0,10,0,3,5,3,5,2,0,0,5,13,0,0,3,1,2,3,9,0,1,5,0,6,0,3,1,5,0,2,2,3,2,0,0,0,0,0,5,5,0,4,3,2,0,1,4,2,1,3,1,2,0,0,0,11,0,2,2,0,0,1,0,0,0,3,16,1,2,9,0,4,0,0,0,1,2,6,0,23,2,1,0,1,0,0,0,2,1,0,0,6,4,0,0,1,9,4,4,2,0,2,61,1,1,3,2,0,0,1,0,12,2,7,0,14,14,0,3,12,1,0,2,0,0,0,0,0,0,0,3,3,1,0,0,2,1,1,5,0,0,6,2,1,11,9,8,2,2,1,2,0,11,0,2,1,3,1,0,0,0,0,3,3,0,0,0,1,0,4,2,3,1,5,9,0,0,4,0,0,0,2,0,0,2,0,0,0,0,1,0,2,1,0,0,1,2,1,1,0,0,1,3,0,0,0,0,0,0,3,0,0,1,0,3,2,0,1,0,2,1,0,0,2,1,0,1,1,1,0,18,4,2,0,0,0,0,6,3,1,2,0,1,1,1
2,5,8,4,7,3,1,2,1,1,2,1,4,3,3,6,3,5,5,2,0,2,9,3,0,4,2,9,0,13,3,3,7,1,8,1,3,0,0,4,1,4,0,0,3,1,0,0,0,3,3,0,1,2,2,1,3,1,0,0,4,1,1,0,0,0,0,0,0,0,0,1,1,0,1,0,7,0,1,0,0,1,1,0,0,2,1,2,6,0,1,0,0,1,0,0,0,2,0,0,2,0,0,2,0,1,3,11,3,0,1,0,3,14,0,3,0,3,0,1,1,0,0,2,0,0,21,1,0,0,29,0,0,0,1,0,0,0,1,1,0,0,0,6,0,0,1,0,1,0,0,1,0,4,3,2,10,3,5,0,2,4,0,15,0,0,0,0,0,1,3,1,1,3,5,1,0,1,2,0,4,1,3,1,4,13,1,2,12,0,0,0,2,0,0,0,2,2,1,0,1,0,4,0,2,0,0,0,2,6,2,0,1,5,1,0,0,1,0,0,2,0,2,0,0,13,1,6,5,0,8,0,23,0,1,21,0,2,0,0,0,0,3,5,0,0,2,4,0,1,0,13,1,1,2,1
4,1,6,4,9,0,0,3,6,1,5,1,12,0,2,3,4,6,2,2,2,3,16,1,2,5,2,2,2,4,5,2,8,0,6,0,4,1,1,0,0,2,0,0,2,0,0,1,0,1,3,1,1,1,2,1,0,1,1,0,1,0,1,1,1,1,0,1,1,1,0,0,3,3,0,0,6,2,3,0,1,5,2,1,0,2,1,5,8,0,5,9,0,0,0,0,1,10,2,0,1,0,0,4,1,3,1,34,4,5,2,1,2,61,0,1,5,3,0,0,1,2,0,4,2,0,11,6,2,0,23,0,0,0,0,0,0,0,3,0,0,0,0,3,0,0,2,0,2,0,1,1,0,1,1,8,4,6,4,2,0,5,0,5,3,0,1,6,6,0,1,1,2,7,2,0,0,0,1,1,3,0,1,2,2,6,1,3,3,0,0,2,0,2,0,0,0,0,1,3,0,0,2,0,1,0,0,0,2,0,0,0,0,4,0,5,1,2,0,0,0,0,1,2,1,5,1,4,4,2,3,0,0,3,3,2,0,0,1,1,0,14,5,2,1,3,1,0,2,2,3,2,1,2,2,0
2,0,6,3,12,1,0,0,1,2,4,0,6,0,1,6,4,6,1,2,0,1,10,8,0,3,5,2,1,5,0,2,11,1,11,5,0,0,1,4,1,1,0,0,4,2,0,5,0,0,13,0,0,0,5,2,1,6,2,1,2,1,1,0,0,0,1,0,0,0,0,0,0,14,1,0,3,4,1,0,0,0,1,0,2,6,1,3,8,0,0,0,0,4,0,0,3,44,2,0,0,1,0,2,0,1,0,32,3,1,3,0,2,23,1,0,2,2,0,0,5,0,1,1,0,2,18,2,0,0,16,0,1,9,0,1,0,1,1,0,0,4,0,1,0,0,5,0,2,0,3,1,4,3,0,9,5,0,3,1,2,3,0,14,0,0,2,2,6,0,0,1,0,9,1,0,0,0,0,2,2,1,5,0,2,4,0,1,2,0,0,3,1,0,0,0,0,0,4,0,1,0,1,0,0,0,1,2,0,0,0,0,2,7,0,0,0,0,1,0,0,0,3,2,1,3,3,0,0,0,0,0,0,0,3,0,0,0,0,0,0,5,2,0,0,1,0,1,0,0,0,1,0,1,0,0
0,4,6,3,9,1,0,3,1,2,5,0,6,1,0,1,10,10,1,3,0,3,14,0,0,3,1,5,0,5,1,2,6,1,7,0,3,0,1,0,1,3,0,0,0,0,0,0,2,1,2,0,0,0,4,1,2,0,0,0,2,0,3,0,1,0,1,0,0,0,0,0,1,1,0,0,6,3,1,0,0,0,36,0,0,0,3,2,17,1,1,0,1,0,3,0,0,12,1,0,3,0,3,3,0,9,2,41,5,3,0,0,1,2,0,1,10,3,0,1,0,1,2,1,4,1,15,1,1,3,32,1,1,3,0,0,1,1,1,2,1,7,0,1,0,0,7,1,2,1,0,1,1,3,2,16,5,0,3,0,0,0,0,10,0,4,2,1,2,1,4,1,0,7,4,0,0,1,2,2,2,0,2,3,3,9,2,0,5,0,2,1,0,1,0,1,1,0,0,0,0,0,0,0,2,0,0,1,0,3,0,0,1,1,0,0,1,0,0,0,1,0,0,2,0,10,3,0,1,0,2,1,0,1,3,4,0,9,1,0,0,3,3,1,0,3,0,0,7,1,1,2,1,2,0,1
2,1,9,4,5,0,0,0,0,3,1,1,12,0,0,3,6,2,1,0,0,2,11,0,3,3,1,13,0,14,0,3,10,0,11,11,1,0,0,1,0,2,1,0,1,1,0,0,1,4,6,1,0,1,2,1,7,2,0,1,3,1,6,0,1,0,0,1,0,0,3,0,0,1,0,0,0,4,5,0,4,0,2,0,1,0,1,0,7,3,7,1,1,0,0,0,1,3,2,2,0,2,1,2,0,1,4,6,0,1,3,0,3,3,1,2,5,4,20,0,6,2,7,5,4,10,16,4,0,2,15,0,0,0,0,1,0,0,0,0,3,5,0,3,1,0,3,2,2,1,1,0,1,1,0,3,0,0,2,0,1,1,0,5,1,0,2,14,6,0,1,3,0,3,4,0,0,1,0,0,3,1,5,1,5,10,0,3,5,1,0,0,4,0,0,0,1,0,0,0,3,0,3,2,0,0,0,0,3,2,2,0,0,7,1,1,0,0,0,0,0,2,3,1,1,10,2,0,0,0,7,2,2,2,5,2,0,3,0,0,1,10,5,1,0,2,1,1,0,12,6,5,6,3,1,0
3,6,10,4,11,0,3,1,1,2,2,1,4,0,2,2,1,4,4,2,1,2,13,1,0,5,2,7,2,8,2,0,9,1,5,0,1,0,0,1,2,6,1,1,1,3,0,2,1,0,7,0,4,0,2,2,3,5,1,0,4,0,2,0,1,0,0,0,2,1,0,3,0,2,2,1,6,2,3,1,5,1,2,0,3,0,0,2,10,0,0,0,1,0,1,1,0,20,1,2,3,1,1,1,0,1,6,12,2,6,5,2,2,3,0,5,0,2,0,0,24,0,1,1,2,0,4,2,6,0,17,0,1,1,0,2,2,0,0,0,2,4,0,1,1,0,2,0,2,2,0,0,1,2,2,10,3,3,6,0,5,1,0,11,0,0,0,2,0,1,1,0,0,4,2,0,1,2,0,0,1,1,2,0,4,1,2,0,14,2,1,2,1,0,0,0,0,2,1,2,1,0,3,2,5,1,2,0,2,2,2,0,0,2,3,0,0,0,2,0,0,0,1,1,2,9,2,6,1,2,0,3,6,1,4,1,0,0,0,0,1,1,3,1,3,0,0,0,36,2,3,5,0,4,2,0
3,0,9,5,12,1,3,2,1,2,2,0,2,0,1,3,1,6,2,2,0,1,17,1,2,1,3,8,1,8,4,0,6,0,20,0,0,0,0,1,0,5,1,0,1,3,0,0,3,2,4,1,2,2,4,1,2,5,0,2,3,0,2,1,0,0,0,1,0,1,2,0,0,1,1,0,2,0,5,0,0,0,1,1,1,2,1,2,8,1,2,0,1,0,0,0,0,8,7,0,0,0,1,2,0,5,5,22,3,4,7,3,5,54,0,1,2,2,0,0,0,0,1,0,1,0,13,0,3,0,12,2,0,1,1,0,0,0,0,0,0,2,1,0,0,0,2,0,1,2,2,1,1,1,2,11,6,6,1,4,4,0,0,9,2,1,1,3,3,0,0,4,0,6,4,0,1,0,1,2,2,0,1,3,5,5,1,4,7,0,0,1,1,0,0,0,1,0,0,1,0,0,2,0,0,1,0,0,0,2,2,1,1,8,1,0,0,0,1,1,0,0,2,2,1,11,1,4,2,0,2,25,1,1,1,0,1,2,3,3,0,6,4,2,1,3,1,1,6,1,5,3,2,3,0,0
4,2,10,5,11,0,0,2,3,2,3,2,9,0,4,4,7,4,1,7,0,2,8,5,1,2,3,3,0,3,1,6,4,1,10,0,0,1,2,0,1,11,0,0,2,1,0,0,0,1,7,1,0,2,0,7,1,1,3,2,4,1,2,1,5,1,0,1,0,3,0,0,0,0,0,0,2,13,6,1,1,2,0,2,0,0,2,4,5,3,1,0,1,0,0,0,1,0,0,0,0,1,5,0,0,0,2,5,11,1,1,0,1,3,0,0,1,1,2,1,2,0,22,0,0,0,7,0,0,0,21,1,0,0,1,0,1,0,0,0,0,3,6,2,0,0,4,0,2,1,0,0,0,3,1,11,8,0,7,1,0,2,5,8,0,0,0,10,5,0,0,0,0,5,1,0,2,1,4,2,2,0,9,0,4,5,2,1,16,5,0,1,0,0,0,0,1,1,1,0,1,1,0,0,0,1,2,0,0,0,0,1,0,5,1,4,1,12,1,0,3,2,1,1,0,1,3,1,1,1,3,0,1,0,3,0,1,1,0,3,0,4,2,1,0,0,1,5,2,1,1,1,0,2,1,1
4,1,15,3,14,1,0,4,0,1,2,0,8,0,0,2,4,3,6,4,1,7,19,1,0,1,3,5,0,6,1,2,9,3,20,0,4,0,1,1,2,3,3,1,3,0,0,2,1,1,7,2,1,0,3,1,1,3,3,3,3,3,2,0,0,0,1,0,2,0,0,0,1,0,0,0,3,1,1,0,1,0,1,1,0,0,1,4,3,0,1,0,0,0,0,0,5,32,2,0,0,0,1,1,1,0,1,26,3,2,3,0,3,33,0,1,0,2,0,0,5,0,0,1,0,2,18,13,0,2,18,3,0,0,0,1,0,2,2,1,0,0,0,5,1,0,2,0,1,2,3,0,1,3,1,18,3,6,4,5,5,4,0,8,0,0,1,1,2,0,0,0,2,8,2,0,0,0,2,0,2,0,2,0,5,9,2,0,1,0,1,2,0,0,0,0,0,0,2,4,0,0,2,0,2,0,0,1,2,1,1,0,1,6,0,0,0,1,1,0,3,1,1,3,1,5,3,5,0,1,1,3,0,5,6,0,0,0,0,2,3,6,5,0,0,3,1,1,23,0,2,5,0,1,2,1
5,0,4,0,5,0,1,0,0,1,2,2,4,0,2,1,4,2,0,0,3,0,0,0,4,2,1,1,0,1,0,3,3,0,8,0,0,0,1,1,2,4,1,2,0,1,1,2,1,4,4,1,0,3,5,1,2,0,0,1,2,2,4,2,0,16,0,0,1,3,0,0,16,0,0,1,1,1,0,0,0,7,1,3,0,0,1,1,4,6,1,0,2,1,1,1,4,0,5,0,2,2,5,2,2,0,1,2,2,0,1,0,2,4,0,1,1,3,0,5,0,5,0,1,3,1,3,0,0,0,3,1,2,4,0,2,3,2,2,1,0,0,0,4,0,0,26,5,0,1,1,0,0,2,0,8,5,4,2,3,5,3,1,4,2,0,1,17,2,0,0,2,4,0,3,1,1,6,5,1,5,0,2,0,8,3,0,19,1,0,0,2,1,0,0,1,5,0,2,0,2,2,0,1,6,0,3,0,9,1,0,0,0,3,1,2,1,1,1,0,2,0,0,2,2,4,2,0,2,0,3,8,0,0,5,0,0,2,9,4,9,0,51,2,0,4,4,6,4,2,2,4,9,4,0,2
2,2,5,8,12,1,0,3,2,0,2,0,4,0,0,2,6,6,2,0,0,1,13,0,2,4,5,8,0,1,2,2,4,1,13,2,1,3,2,2,7,3,0,1,1,0,0,2,4,5,9,6,3,2,1,3,1,2,1,3,2,0,7,1,2,0,2,4,0,0,0,4,0,3,1,0,0,10,7,0,0,3,0,1,0,0,1,2,7,2,3,0,5,0,1,0,6,1,2,0,1,0,1,4,0,3,2,13,2,1,3,0,2,11,0,0,8,2,0,2,0,1,12,1,1,1,9,0,0,2,16,4,0,0,1,0,0,0,0,1,0,2,0,1,0,0,14,0,2,0,4,1,1,3,1,5,1,14,6,3,1,1,0,12,4,2,0,5,1,0,0,1,3,5,3,0,0,1,1,1,3,2,2,0,4,6,0,0,4,4,0,2,0,0,0,0,2,0,0,2,0,0,2,0,0,1,1,0,2,1,0,0,3,7,1,0,0,0,0,0,0,1,1,4,0,5,2,0,3,2,2,0,0,1,3,4,0,4,1,0,0,5,4,2,1,3,1,0,2,0,0,2,0,1,0,0
4,0,8,4,7,1,0,0,2,2,3,10,11,1,1,5,1,4,3,4,0,1,0,0,1,3,5,7,0,10,1,1,5,1,8,0,0,0,0,1,3,2,1,1,2,1,1,0,0,0,7,1,0,0,2,2,2,5,0,0,4,0,2,0,2,0,5,2,6,0,0,0,1,0,2,0,1,1,6,0,0,1,0,5,0,1,0,1,2,3,3,0,1,0,1,2,3,28,0,2,0,1,7,2,0,0,3,4,2,5,3,1,1,2,5,0,6,2,0,3,6,0,7,0,3,1,4,0,0,1,3,3,4,0,1,0,0,0,0,3,0,0,0,1,1,0,3,0,1,2,1,0,0,2,0,2,5,1,3,3,3,0,0,14,3,0,1,0,3,0,1,2,1,12,2,0,0,1,1,0,5,1,3,1,3,17,1,2,11,2,2,1,1,3,3,1,2,0,3,15,1,1,1,1,7,3,1,0,5,0,1,21,0,4,0,6,1,18,3,0,6,3,0,0,0,1,2,5,3,3,8,0,1,1,3,0,3,1,2,0,1,13,2,1,0,3,3,1,1,6,1,6,9,3,5,2
4,0,14,5,19,1,2,3,1,0,4,1,11,2,1,6,1,4,1,2,1,0,11,3,3,3,0,8,0,1,2,1,8,1,10,0,0,0,1,0,4,8,2,0,0,1,0,3,0,5,6,2,0,0,2,2,2,5,0,1,4,2,1,1,3,0,1,0,1,2,6,2,3,0,2,1,1,5,2,3,1,0,2,0,1,1,1,6,29,1,0,2,2,3,0,0,0,9,1,0,1,0,2,8,0,0,1,5,3,5,0,0,2,2,4,1,2,2,0,0,3,3,6,3,15,0,12,1,11,1,25,0,0,0,0,1,3,3,0,1,0,1,6,6,1,0,6,2,2,0,0,1,1,2,0,9,3,0,3,1,0,0,2,5,3,1,7,6,2,1,0,0,0,1,4,1,1,1,0,6,2,0,4,2,4,8,0,2,1,0,1,4,1,2,0,0,1,0,2,0,1,1,1,0,1,0,0,0,1,3,0,0,0,2,2,3,0,3,1,0,0,0,1,0,1,9,2,4,2,0,6,0,0,2,2,2,0,5,1,3,1,7,4,0,1,1,0,0,0,3,4,2,0,1,3,0
0,0,7,1,15,2,1,0,1,0,5,1,5,0,0,0,2,3,1,2,0,0,2,0,5,4,2,6,0,6,1,4,16,1,16,0,8,1,0,0,6,2,1,2,0,2,2,1,1,2,2,1,3,2,2,0,0,1,0,0,2,1,3,0,3,1,0,2,0,0,0,0,2,0,0,4,1,0,4,0,1,0,0,1,0,2,1,6,18,1,0,5,3,1,2,1,1,1,8,0,3,1,2,3,1,0,4,20,7,0,1,1,2,4,0,3,0,2,0,0,4,2,1,2,1,1,12,0,2,0,14,0,2,1,0,2,0,1,2,1,0,2,1,1,0,0,10,1,2,0,1,5,0,2,0,15,1,3,2,5,0,1,1,3,1,1,2,1,1,0,1,2,0,4,2,0,2,1,0,1,3,2,2,0,7,7,0,8,1,1,0,1,2,0,0,0,0,2,2,0,0,1,2,0,0,0,0,1,0,2,1,0,5,9,0,2,2,0,0,0,1,0,0,0,0,9,2,1,2,2,8,2,1,1,6,2,0,1,2,3,0,10,10,3,0,7,2,1,3,0,2,1,3,3,1,0
0,0,10,3,8,1,0,0,1,1,2,0,3,7,4,2,3,6,1,0,0,0,15,1,0,3,2,9,0,1,3,2,5,0,5,1,0,0,4,0,0,1,0,1,1,1,0,0,0,4,3,1,0,0,0,0,3,1,1,0,1,1,0,0,0,0,0,0,0,1,0,1,0,0,0,2,9,4,2,0,7,1,1,0,1,0,0,2,2,0,1,2,0,0,2,0,1,22,2,0,0,1,0,3,0,2,2,25,13,2,3,1,6,32,0,0,8,2,0,0,8,0,1,1,0,2,4,3,8,0,15,2,0,0,0,0,2,0,0,0,0,0,0,2,0,0,2,0,1,2,0,1,1,1,0,10,10,0,3,0,4,1,0,7,1,0,1,1,0,0,2,1,1,19,3,0,0,0,0,1,2,0,2,3,4,10,3,2,0,0,0,0,0,0,0,0,2,0,3,12,0,0,2,2,0,1,0,0,0,12,1,0,0,2,1,2,0,2,0,0,1,0,0,0,0,12,6,3,0,0,1,1,0,2,2,3,0,0,1,1,0,9,4,2,0,1,1,0,2,3,1,4,0,1,1,0
4,1,5,6,9,2,3,1,1,1,2,0,4,2,3,5,2,5,0,3,1,1,13,0,0,3,7,7,0,4,4,2,5,0,9,4,3,1,0,1,1,1,2,0,1,0,1,1,1,4,6,0,0,2,4,2,0,3,1,1,1,0,0,0,1,0,1,1,1,0,0,0,0,0,0,0,1,2,2,0,0,1,1,3,1,0,0,3,5,0,2,1,1,0,1,0,1,2,2,1,2,0,1,3,0,3,1,38,2,4,3,1,3,3,0,2,1,6,0,1,2,1,1,2,1,0,12,15,0,1,5,0,1,0,0,0,0,1,0,1,10,2,0,0,0,0,1,1,1,1,2,0,2,3,0,9,7,0,2,1,0,0,0,14,3,6,2,8,4,1,2,3,2,9,3,0,0,2,0,3,3,0,3,2,3,7,1,3,12,0,1,0,1,0,0,0,0,0,1,0,0,1,2,0,0,0,1,2,0,0,0,1,0,7,0,1,0,1,1,0,0,0,2,2,0,19,1,1,1,1,0,49,7,3,9,4,0,0,1,1,0,4,8,2,0,3,0,0,3,3,5,4,1,5,3,1
2,0,7,2,6,0,1,0,1,2,2,0,5,0,6,1,2,3,0,0,0,0,6,0,0,5,0,14,0,3,2,7,7,0,24,1,4,1,2,0,1,3,3,1,2,1,0,0,1,2,3,2,0,2,0,0,3,7,0,0,2,0,1,0,1,0,0,0,0,2,0,0,0,0,0,1,1,4,1,0,0,1,0,0,1,2,2,1,4,1,0,0,2,0,1,0,1,11,2,0,0,0,16,2,0,0,1,3,6,4,3,0,2,58,0,0,1,2,1,0,2,0,31,0,5,0,9,1,2,0,2,0,0,0,0,0,0,0,0,1,0,0,0,0,0,0,2,0,1,0,0,0,0,2,0,0,1,1,4,0,0,0,0,17,0,0,0,6,0,0,0,0,0,1,2,0,0,0,0,2,3,0,5,3,4,3,0,1,16,0,0,1,0,0,0,0,0,0,1,2,0,0,2,0,0,0,0,1,0,0,0,1,1,3,0,1,1,0,0,0,0,1,1,0,0,1,2,2,4,1,0,50,0,1,4,0,0,2,0,0,0,4,3,1,0,1,9,2,21,3,1,3,0,1,3,2
1,0,13,8,4,0,2,0,3,2,1,0,15,2,0,2,3,5,5,2,1,6,19,0,0,2,2,10,0,12,0,3,8,0,10,1,1,0,2,1,0,5,0,1,2,1,0,0,1,1,5,0,0,2,1,0,1,0,0,1,1,0,2,0,0,0,8,2,0,0,0,1,0,0,0,0,1,12,3,0,3,0,7,1,0,0,1,0,3,1,2,0,0,1,0,0,0,2,0,0,0,0,3,1,0,0,0,14,2,7,1,0,2,3,0,2,3,3,3,3,0,0,5,0,2,0,9,1,0,4,31,1,0,1,0,2,0,0,1,0,0,1,0,4,1,1,7,1,2,0,0,0,0,2,2,15,7,4,1,0,0,0,0,13,2,0,2,6,1,1,0,0,1,2,3,0,0,0,0,1,8,0,6,1,2,13,0,2,6,1,0,0,1,0,2,0,1,0,1,0,0,0,1,0,1,0,0,0,0,5,0,1,0,2,0,1,0,2,2,0,1,2,1,1,0,4,1,2,2,3,6,2,0,1,2,0,0,0,1,2,0,9,5,1,0,0,6,4,4,7,1,4,0,3,7,1
2,0,6,4,13,1,1,3,1,5,4,1,14,0,1,5,43,4,8,1,3,0,10,0,2,4,1,12,1,9,2,0,8,0,7,8,0,1,0,0,1,0,0,0,2,0,0,0,0,0,4,2,5,0,0,0,0,6,0,0,3,0,1,0,9,0,15,1,0,1,1,2,0,1,0,0,2,1,6,0,9,1,2,0,0,0,0,8,5,0,3,1,0,0,2,0,1,5,1,1,0,1,1,3,0,4,4,5,0,2,1,0,1,62,0,0,5,1,0,0,7,0,5,0,5,38,8,1,0,0,3,1,0,0,0,1,0,0,0,0,0,1,1,1,0,0,4,0,3,0,1,0,4,3,1,8,6,1,3,0,0,2,0,10,0,2,1,5,2,0,1,1,0,8,0,0,0,0,2,4,0,0,5,0,5,16,0,0,2,3,0,2,1,0,1,0,1,0,0,8,1,0,1,0,3,0,0,0,0,0,0,0,1,3,0,0,0,0,0,0,1,1,1,1,0,3,4,0,1,0,1,0,0,1,5,3,0,0,0,0,0,7,0,0,0,0,1,0,1,3,0,0,0,0,0,0
9,0,3,0,2,0,5,0,0,0,2,3,2,0,0,1,1,2,1,0,0,0,0,6,0,2,1,3,0,6,1,5,11,3,5,0,0,2,1,0,3,2,0,1,0,0,3,1,2,10,3,0,0,2,11,1,0,6,0,0,2,4,5,0,0,0,1,0,1,2,1,0,0,0,0,0,1,1,0,0,0,0,0,0,1,0,1,1,2,0,0,0,0,0,0,0,3,0,20,0,4,0,7,4,0,0,0,1,5,1,3,0,4,3,2,2,1,19,1,0,1,6,1,0,0,0,14,0,0,0,2,0,1,1,1,0,1,3,0,1,0,0,0,2,0,1,17,4,0,0,0,0,0,2,0,6,1,1,2,2,0,4,0,2,5,0,1,1,0,4,4,1,0,0,7,0,0,3,2,3,2,0,2,0,4,1,2,5,0,0,0,0,2,1,1,0,11,0,0,0,0,2,0,0,1,1,0,0,27,1,2,0,1,5,1,3,0,0,4,2,4,0,0,3,2,2,6,0,1,0,0,2,6,0,2,4,0,0,1,1,6,3,52,6,0,6,1,0,4,3,5,4,4,3,1,7
5,0,5,5,5,0,0,0,1,2,2,0,5,0,2,3,5,4,0,2,0,2,10,1,2,3,1,6,0,6,2,2,8,2,8,6,4,0,0,0,2,8,1,0,0,1,0,0,0,0,6,3,0,1,0,0,0,3,0,0,3,0,2,0,1,0,2,2,0,6,0,0,2,0,0,0,2,0,1,0,0,1,1,0,2,0,0,0,7,0,4,0,1,3,0,0,4,2,9,1,2,1,4,2,0,4,3,8,5,2,2,0,2,34,0,2,2,2,0,2,3,1,8,3,8,0,18,19,0,3,19,1,0,0,0,1,0,0,5,0,0,0,1,1,0,0,2,0,3,0,1,0,1,2,0,5,1,2,3,0,1,5,0,21,0,2,4,3,0,0,1,1,1,3,4,0,1,0,0,1,2,0,2,0,2,5,2,0,7,0,0,1,0,0,0,0,0,0,1,0,0,0,1,0,1,0,2,1,1,0,2,0,0,0,2,0,0,0,0,0,0,0,0,1,0,6,4,0,3,0,1,3,45,0,2,0,1,1,0,1,1,6,7,0,2,0,2,2,5,2,6,4,1,2,2,0
1,0,9,2,9,1,1,3,1,0,3,1,3,1,1,2,3,1,2,5,0,0,11,1,0,2,5,10,0,6,0,2,6,2,13,0,9,0,3,0,0,3,1,0,1,2,0,2,2,6,6,0,1,1,5,0,3,1,1,0,1,0,0,0,3,0,2,2,1,1,0,0,0,0,0,1,2,5,1,0,0,2,4,2,1,1,2,6,5,0,0,1,0,0,3,0,0,10,5,1,7,1,0,3,0,0,1,26,2,2,2,4,3,54,0,2,7,3,0,0,1,0,0,1,0,1,9,3,9,0,9,1,2,0,0,0,0,0,0,0,0,2,1,2,0,0,4,1,1,2,3,0,2,2,1,14,2,0,3,2,1,1,1,7,2,1,1,3,1,1,1,0,1,5,3,0,1,1,0,3,5,0,1,1,3,9,0,1,2,0,0,0,0,0,0,0,0,0,0,2,0,1,1,0,2,1,1,0,5,5,0,0,1,5,3,1,1,0,0,1,1,0,1,2,0,11,1,7,1,0,1,1,1,2,2,2,0,1,0,0,0,8,5,1,0,0,1,0,17,1,0,2,1,4,4,1
4,0,8,5,10,0,0,3,0,2,3,0,9,0,0,2,1,3,0,2,0,1,7,0,3,5,0,9,0,11,0,1,8,1,3,1,2,1,0,0,2,5,1,1,1,0,0,0,2,0,7,1,0,0,0,0,2,1,0,0,3,0,2,0,0,1,0,0,0,3,0,0,0,0,0,0,4,3,1,0,11,3,0,1,0,1,0,0,3,0,2,2,1,1,0,0,1,3,4,0,2,1,0,0,0,5,3,29,5,1,3,1,1,26,0,0,0,1,0,0,2,0,6,1,17,0,18,26,0,0,35,1,0,0,0,1,0,0,3,1,0,1,0,1,0,0,3,0,1,0,0,0,0,3,3,3,8,1,5,1,2,0,0,16,1,0,1,1,0,0,2,3,0,1,4,0,0,0,0,1,1,0,4,0,5,5,3,0,5,0,2,0,0,0,0,0,0,0,0,0,0,1,5,2,1,0,0,14,0,0,1,2,0,3,0,0,0,0,0,0,1,0,1,1,0,7,3,4,2,0,0,14,11,3,3,1,1,1,1,1,0,11,1,0,0,1,0,0,2,5,5,2,1,2,0,0
2,0,5,2,9,0,5,1,1,0,1,2,8,0,3,1,6,5,2,1,0,1,7,2,3,3,2,4,0,3,1,3,7,2,9,1,2,0,1,1,0,9,1,0,0,1,0,0,0,2,2,0,1,3,0,2,0,2,1,1,4,1,0,0,1,0,4,1,1,0,0,0,0,1,1,3,4,9,3,0,0,0,6,0,1,0,1,3,16,0,1,1,0,0,3,0,1,10,3,1,2,3,0,2,0,0,1,25,9,5,5,0,5,2,0,0,7,3,0,3,6,2,0,0,1,1,14,3,0,4,25,1,1,0,0,1,0,2,4,1,0,6,2,7,0,0,3,0,2,0,6,1,0,2,0,21,7,4,7,4,0,3,0,8,0,1,1,2,5,1,0,1,0,7,3,1,0,2,0,4,5,2,2,3,5,8,0,2,5,1,0,0,0,0,0,1,1,1,2,9,2,0,1,1,0,0,0,0,0,2,2,0,0,12,1,1,0,1,1,0,0,0,0,4,1,9,3,2,1,1,0,1,0,2,3,1,1,8,0,0,0,11,1,2,0,5,2,0,2,1,3,3,0,2,0,0
2,0,0,2,2,9,1,1,1,3,5,0,1,6,1,7,3,1,0,1,1,0,0,2,1,0,0,0,2,8,1,2,2,0,7,3,1,0,4,0,0,0,3,0,0,1,0,5,0,5,1,3,1,0,1,7,0,1,0,0,0,0,0,0,0,0,0,0,11,0,0,0,38,1,0,0,8,0,3,0,0,5,0,3,1,0,2,6,3,0,0,0,2,0,0,5,0,0,3,4,1,0,0,3,0,0,5,0,2,0,0,1,4,3,0,2,1,3,0,0,0,3,2,0,0,1,0,0,2,0,0,0,23,1,2,1,3,0,2,0,0,23,1,4,3,1,1,0,1,0,0,9,0,5,3,6,0,0,1,8,3,1,1,0,0,0,8,2,1,0,17,0,2,6,3,0,0,2,1,0,6,1,2,6,3,1,3,2,0,1,2,1,1,1,0,1,0,0,9,1,3,3,0,0,0,0,20,0,2,0,3,0,7,0,2,2,9,0,0,0,0,3,11,3,4,4,2,0,1,5,1,4,10,1,0,0,2,1,2,0,1,0,4,0,1,1,1,0,3,0,0,4,0,3,3,4
4,4,7,4,14,0,1,1,3,0,2,1,6,0,1,0,7,3,17,0,0,0,10,32,0,3,2,5,0,8,2,1,13,0,13,0,1,0,0,2,2,12,0,2,0,0,1,1,0,6,4,0,2,1,1,1,1,4,1,0,4,0,4,1,1,0,2,0,1,2,1,0,2,0,0,2,1,0,1,0,0,2,0,1,0,0,2,0,4,0,2,2,2,0,1,3,2,0,3,1,1,1,1,5,2,0,2,5,2,0,2,0,4,6,0,2,2,4,0,3,0,2,3,0,0,0,3,0,3,3,13,0,1,2,1,2,6,5,4,0,1,1,4,1,3,1,3,2,3,3,1,2,0,1,2,5,4,13,2,2,15,0,0,4,0,0,5,0,0,1,0,2,1,7,4,0,0,0,0,2,2,2,2,0,5,1,0,8,1,0,0,0,1,0,0,0,0,1,1,0,0,0,4,1,6,5,0,1,3,2,1,1,0,8,1,0,0,0,4,0,1,0,1,0,1,1,2,0,2,6,6,5,1,2,3,0,3,1,3,0,2,4,4,2,0,9,1,0,2,3,0,3,5,1,2,1
3,0,3,2,9,0,1,1,7,4,3,3,10,1,0,3,7,4,0,1,2,1,0,0,1,7,2,3,2,5,0,1,9,1,11,21,5,1,0,1,0,11,1,0,1,4,0,2,0,1,5,2,0,0,1,0,3,15,1,0,5,0,1,0,1,0,4,2,4,2,0,1,0,1,0,0,0,11,2,2,1,2,6,1,0,0,0,4,6,0,7,3,2,1,0,1,4,0,1,0,2,0,0,6,0,1,3,5,1,1,2,0,4,53,0,0,2,1,1,0,11,1,6,6,3,3,10,7,0,1,27,0,0,1,0,0,0,1,0,0,1,7,4,2,0,0,4,1,3,3,0,0,0,4,5,5,6,4,4,0,0,1,0,12,1,0,2,6,0,0,0,6,1,6,1,0,0,1,0,1,1,5,5,3,5,7,0,2,1,2,0,0,1,1,0,2,0,0,0,0,0,1,2,0,2,1,0,0,1,0,1,0,1,4,0,0,0,1,1,0,0,1,1,1,0,1,3,0,2,0,2,0,1,0,3,0,1,0,0,0,0,2,3,0,0,0,1,1,0,3,7,4,2,1,3,0
1,0,12,6,10,0,0,0,0,2,5,0,10,0,2,4,3,4,0,3,1,2,5,0,2,7,1,6,1,11,0,0,7,0,4,4,8,1,1,7,5,12,0,0,0,1,0,0,3,2,4,0,0,0,0,4,3,14,1,1,4,0,3,2,1,1,30,0,3,0,0,1,1,0,0,1,1,1,6,0,0,0,1,2,0,0,3,1,8,1,7,1,0,0,0,0,5,1,1,0,2,0,6,8,1,0,4,5,0,2,1,1,0,48,1,0,4,4,1,0,2,1,3,1,2,3,8,1,0,2,11,1,1,1,3,0,1,1,0,0,0,2,1,5,0,0,4,0,2,0,1,0,2,4,1,2,2,0,7,1,1,1,0,13,0,2,0,8,3,0,0,1,1,5,1,0,0,0,0,2,0,1,4,1,6,9,0,1,1,2,2,0,0,0,0,0,1,0,1,0,0,0,1,0,0,0,0,0,2,3,0,0,1,5,1,1,0,0,0,0,1,0,2,2,0,2,4,0,0,0,3,2,0,1,4,0,0,2,0,0,1,4,0,2,0,1,0,0,0,3,1,3,0,1,0,2
0,3,11,1,23,0,0,2,0,0,4,0,7,2,1,2,2,5,1,1,2,0,3,4,0,3,3,10,0,1,0,1,14,2,8,0,1,0,1,1,6,2,0,0,2,0,0,1,0,3,5,0,0,1,0,2,2,1,0,0,2,1,5,3,2,0,5,0,0,1,0,0,0,2,1,0,2,0,1,1,0,1,8,1,0,1,0,1,12,0,0,3,1,0,2,0,4,2,2,2,0,0,6,12,1,1,1,1,2,1,2,0,2,3,0,3,0,3,0,1,0,1,2,1,12,0,3,1,0,0,12,1,0,0,0,1,0,0,1,0,0,5,0,3,0,1,4,0,0,0,0,3,0,2,0,5,6,0,5,0,0,0,1,3,0,1,0,0,0,3,0,1,0,4,4,0,1,3,0,0,1,1,4,1,5,0,1,7,4,0,2,2,2,0,0,1,3,0,0,0,0,0,1,0,1,7,1,1,6,1,10,4,1,4,0,0,0,0,2,1,0,0,3,3,0,3,4,1,4,1,6,3,1,2,7,0,0,1,2,1,18,2,4,1,0,0,2,3,2,10,1,1,8,2,0,3
5,0,10,0,2,0,0,0,0,0,1,0,1,1,0,1,0,2,0,0,0,0,1,1,0,7,0,3,0,6,0,2,20,1,7,1,2,1,2,4,1,0,1,0,4,0,0,1,3,8,2,0,1,2,3,1,1,0,1,5,1,15,4,0,0,2,1,0,3,2,0,0,0,0,2,3,0,0,0,0,0,2,0,3,0,0,0,0,4,1,1,1,1,1,0,1,4,0,4,0,0,0,2,4,1,0,0,2,2,0,3,0,6,4,0,2,0,3,0,0,1,0,1,0,1,3,0,0,4,4,0,3,1,2,0,3,3,0,12,5,1,1,0,4,0,3,20,5,1,0,0,0,0,1,0,7,1,0,2,3,2,7,0,3,1,0,0,0,3,2,0,0,2,1,6,0,0,11,2,0,3,0,1,0,4,0,2,3,1,0,2,1,0,0,0,4,5,0,0,0,13,0,0,0,1,0,4,0,9,1,1,1,0,0,0,17,0,0,1,2,1,0,0,0,6,1,3,3,10,1,1,2,1,0,4,1,0,3,0,3,3,4,52,4,0,2,1,1,1,0,0,7,8,4,1,8
7,0,11,1,4,0,1,0,0,3,1,0,4,3,1,1,1,4,0,1,0,1,3,5,0,2,0,14,0,3,0,3,8,0,7,0,3,1,1,1,1,2,1,0,2,0,2,0,0,5,2,0,0,5,3,1,1,8,0,0,2,2,2,0,0,7,1,3,2,4,0,0,4,0,0,0,0,1,1,1,0,2,3,0,0,2,2,1,8,0,0,3,0,0,0,1,0,0,4,2,1,0,2,3,0,0,1,3,1,1,6,0,2,12,0,4,1,2,4,0,0,0,0,2,28,0,6,1,0,0,3,1,1,1,0,0,1,2,2,1,0,4,1,2,0,3,13,3,1,2,1,1,0,1,0,4,1,1,1,4,1,1,0,5,4,0,1,1,3,0,0,0,9,0,1,0,2,14,3,1,3,0,3,0,8,1,0,4,1,0,2,0,4,9,0,1,2,0,0,0,6,2,0,1,1,0,1,0,7,0,18,1,1,0,0,2,1,1,4,4,0,0,1,0,2,0,2,0,3,1,2,1,0,2,3,0,1,0,2,3,6,2,36,2,0,1,4,2,2,1,3,5,2,3,0,5
4,0,6,4,6,1,0,0,0,1,4,0,4,0,1,5,0,5,0,1,0,2,12,0,0,3,1,8,0,3,0,2,9,0,6,2,1,1,2,0,0,7,1,0,7,1,0,0,2,3,1,1,4,1,4,1,2,2,0,1,2,2,3,0,1,0,5,0,1,1,0,1,0,1,1,1,7,1,1,0,0,1,0,0,1,0,0,1,11,0,1,9,2,0,0,0,1,43,1,0,0,2,5,2,0,2,0,20,16,1,1,0,2,3,0,2,2,10,0,2,0,2,7,0,8,33,8,3,8,0,16,0,0,0,0,1,0,0,0,0,0,5,0,5,1,0,2,0,1,0,1,3,1,3,0,5,7,0,4,0,0,0,2,3,0,2,2,9,0,0,1,2,1,2,3,0,1,1,0,0,2,0,2,0,4,2,0,0,14,0,0,0,1,2,0,0,2,1,3,0,6,0,1,0,0,0,0,0,1,4,1,0,0,7,0,0,0,2,0,0,1,0,1,2,2,8,6,3,6,0,3,0,0,1,2,1,0,0,1,1,0,6,3,2,4,1,0,1,1,2,7,3,0,0,5,2
0,0,5,1,1,1,0,6,3,1,1,0,1,0,0,0,2,1,2,0,1,3,0,0,0,1,0,2,2,0,2,4,5,0,6,0,0,0,0,7,2,12,17,2,0,3,0,1,1,3,1,0,0,3,4,2,0,7,0,0,1,7,5,0,0,0,0,0,1,0,4,0,1,0,0,0,0,1,3,1,0,0,2,2,0,1,2,3,6,0,5,0,1,0,0,0,11,2,0,0,1,0,3,6,0,0,0,0,2,0,4,0,6,8,0,3,1,3,1,0,3,4,0,0,2,4,5,0,0,1,2,1,0,3,0,0,5,0,1,0,0,0,2,0,0,0,6,6,2,2,2,2,2,1,0,5,0,4,1,2,2,3,0,1,0,0,4,0,2,1,0,2,2,1,6,0,1,0,2,0,3,1,1,0,8,1,1,19,0,12,1,7,0,0,0,0,4,1,0,0,3,8,0,0,0,0,0,1,14,1,0,2,0,2,0,1,0,0,1,3,0,1,1,0,4,5,1,0,12,0,5,2,0,2,8,0,0,3,6,0,2,3,48,6,0,2,1,1,0,1,2,5,5,9,1,5
3,1,6,5,8,0,2,2,2,2,7,1,16,1,2,0,1,2,2,0,0,0,5,0,0,3,2,0,0,6,0,6,6,1,12,3,2,0,0,1,1,0,0,1,4,3,0,2,1,3,4,0,0,3,1,1,5,3,0,0,5,7,1,3,1,0,25,0,2,0,0,1,0,0,2,0,2,0,2,0,1,3,0,0,0,0,2,0,4,1,3,0,0,2,0,0,1,0,9,1,0,0,0,6,5,0,2,7,2,0,1,0,4,3,1,4,3,5,0,0,2,2,4,3,5,1,10,2,1,1,22,0,2,3,0,3,0,0,1,1,1,1,1,6,4,0,2,1,0,4,2,2,18,0,0,3,1,0,1,1,1,2,0,7,1,2,2,16,3,1,1,1,3,3,6,0,0,3,0,5,4,0,2,0,7,8,1,9,2,1,0,0,1,1,0,0,3,0,1,2,0,0,2,0,0,1,1,0,3,0,2,0,2,3,0,2,1,0,1,0,0,2,0,1,0,8,3,0,4,1,4,0,1,2,6,3,0,1,0,1,11,10,3,6,0,0,2,0,1,2,2,5,1,1,3,1
3,2,4,0,2,1,0,0,1,1,3,0,4,5,0,2,1,2,1,0,1,0,4,2,1,1,0,1,0,7,0,1,5,0,3,2,1,1,1,2,21,0,2,1,1,1,1,3,1,3,0,0,2,1,6,1,0,0,0,0,2,3,2,1,0,50,0,2,2,2,0,2,3,4,2,2,3,5,3,4,0,2,2,0,0,2,0,0,6,0,1,7,0,2,0,0,0,0,15,0,1,0,7,3,0,0,2,2,7,2,1,0,1,3,4,5,0,2,1,2,0,2,0,1,9,0,2,0,0,2,6,2,3,0,0,0,1,0,4,2,0,9,5,0,0,1,19,5,0,1,0,3,0,3,2,8,0,6,3,2,0,3,1,2,2,0,0,0,0,0,1,2,3,0,1,0,3,1,0,0,2,0,2,0,3,1,0,0,0,0,2,1,1,3,0,0,9,0,0,1,1,0,1,0,0,0,0,0,11,1,6,0,1,0,0,3,0,0,5,0,1,0,0,1,2,4,3,0,5,0,1,1,0,1,3,2,2,0,3,5,2,1,42,1,0,1,0,1,1,2,1,4,1,10,0,4
3,0,1,0,2,21,1,2,1,2,6,1,2,5,0,1,21,2,0,7,1,0,3,1,2,0,1,2,3,9,0,1,0,0,10,2,3,0,1,0,2,1,4,2,0,0,1,4,0,6,5,1,1,1,0,2,0,1,1,0,0,0,4,0,0,0,1,2,21,0,0,3,36,3,0,2,5,0,5,0,0,9,0,0,1,0,1,4,2,2,0,0,0,1,0,1,0,0,1,2,4,0,0,6,1,0,3,1,2,2,0,1,2,2,0,1,1,2,1,0,0,0,1,1,0,0,1,0,0,0,0,1,13,0,1,1,0,0,2,0,4,7,1,1,1,1,1,0,1,0,1,13,0,4,1,5,0,0,0,10,2,0,1,6,1,2,7,0,1,0,27,13,3,5,2,3,1,0,0,0,7,1,3,1,2,1,1,3,0,0,4,1,0,1,1,4,1,0,4,11,6,5,0,0,1,0,0,1,4,0,1,0,3,0,1,1,0,1,1,0,0,4,6,3,0,3,1,2,0,0,1,6,0,1,1,0,2,5,2,0,0,1,3,2,2,2,0,2,3,0,0,3,0,2,0,2
4,0,17,0,7,0,3,5,3,0,1,0,2,0,1,0,11,2,0,0,3,2,3,0,0,1,1,8,0,6,1,4,13,0,4,1,0,1,0,1,1,0,0,1,0,0,0,0,1,10,3,0,0,2,4,1,0,0,0,1,1,1,4,0,2,1,0,0,2,0,1,0,1,0,3,2,1,0,0,0,0,1,0,0,1,1,2,2,2,0,0,0,1,0,0,1,4,6,8,2,1,1,7,7,13,0,5,4,2,1,1,0,7,9,1,6,0,5,2,4,0,0,2,3,3,1,9,0,0,3,10,0,0,3,0,3,5,4,4,1,0,0,1,4,0,0,9,6,0,0,2,1,0,2,0,6,2,8,2,2,0,4,0,3,0,0,1,1,3,0,1,2,1,3,4,0,0,1,0,3,5,0,1,0,14,3,1,6,0,2,1,1,1,1,0,0,4,3,0,0,0,2,0,0,1,1,0,0,4,2,0,0,0,0,3,0,0,0,4,0,4,0,0,10,3,1,1,0,1,4,1,2,1,1,1,2,1,0,6,1,8,0,14,3,0,0,1,3,2,0,2,3,3,5,1,5
2,0,6,7,11,0,0,1,1,1,4,2,7,0,2,2,1,4,4,0,0,3,13,0,3,2,2,0,0,4,4,1,4,0,9,0,2,1,1,0,1,7,2,0,1,0,0,1,0,1,4,0,0,0,1,2,5,1,1,0,3,2,0,0,1,3,3,0,0,0,1,1,0,1,0,0,0,16,5,0,2,1,2,0,0,0,2,0,6,3,7,2,1,1,1,0,0,1,0,0,1,0,8,2,0,1,2,22,7,3,9,2,1,52,0,0,9,1,0,1,1,0,5,3,0,7,9,2,0,1,26,3,0,1,0,0,0,0,0,0,0,2,0,0,1,0,3,0,5,0,0,2,0,3,6,0,2,9,3,2,0,3,1,6,1,1,3,0,5,0,2,2,0,7,3,0,0,1,0,6,2,1,3,0,5,4,1,3,3,3,0,1,1,0,0,0,2,0,4,1,1,0,1,0,0,0,0,0,0,0,1,1,0,7,1,1,0,0,0,0,2,0,1,3,2,5,3,0,1,3,4,1,0,3,3,4,0,2,1,1,0,10,1,1,0,0,0,0,0,4,1,1,0,1,1,0
6,4,16,3,10,1,1,2,1,1,1,1,2,0,2,2,2,3,0,0,0,0,15,0,1,5,4,11,0,5,1,2,9,1,17,0,1,7,0,0,0,2,1,0,1,2,0,1,1,2,4,2,0,3,2,0,5,0,0,0,2,4,1,0,1,2,1,1,1,1,0,1,0,0,0,0,2,0,9,0,1,2,2,1,0,0,2,0,16,0,3,6,0,0,1,1,1,23,0,0,2,1,3,2,0,1,0,4,5,1,2,0,3,52,0,2,3,4,0,1,1,1,4,2,1,34,9,1,2,0,8,1,0,0,1,3,0,0,0,1,0,2,0,0,0,0,4,2,2,0,3,0,0,1,3,5,2,2,8,1,2,3,0,11,5,0,1,3,0,0,0,0,0,6,3,0,0,1,0,2,3,0,1,2,2,4,0,1,1,0,1,0,1,0,0,0,0,0,0,0,0,0,2,0,0,0,0,0,1,0,0,0,0,7,0,0,0,0,0,0,0,8,2,0,1,4,1,1,1,6,3,2,0,2,3,0,0,0,0,4,2,10,5,2,1,0,3,0,4,2,1,4,1,1,1,0
4,1,4,0,9,0,0,1,0,3,1,0,1,0,1,1,2,2,0,0,3,0,6,3,2,1,1,3,1,3,0,2,10,1,9,4,0,1,0,1,0,0,0,0,1,0,0,0,8,4,5,0,0,1,1,1,2,2,0,2,4,5,1,15,0,0,0,1,1,2,0,1,0,0,0,2,0,1,7,0,1,1,0,0,0,0,0,0,3,1,1,0,0,3,1,2,4,0,4,0,5,1,5,8,0,0,0,2,1,0,7,0,5,14,0,3,0,4,1,2,0,0,0,1,1,1,11,0,0,4,2,0,0,3,2,0,5,5,1,1,0,0,2,10,2,1,8,4,1,3,0,1,0,1,1,6,2,5,3,2,4,2,0,5,6,0,3,4,1,3,0,1,1,1,4,0,0,1,3,5,3,0,1,0,6,3,0,16,1,0,0,0,0,1,0,3,1,0,0,0,9,1,0,0,1,0,0,0,14,7,0,1,0,2,0,5,0,2,0,0,0,0,1,1,1,9,2,0,6,1,2,4,0,1,1,0,1,0,5,3,12,6,11,5,0,5,2,3,4,0,6,8,5,4,3,3
4,0,5,3,11,0,0,1,4,0,4,1,6,2,0,2,10,2,2,2,0,0,5,0,1,2,6,7,1,5,2,2,8,0,14,6,0,0,0,1,0,1,2,2,0,1,0,3,1,0,6,3,6,0,2,1,3,2,1,0,5,0,4,0,2,0,5,0,0,1,0,0,0,0,0,0,0,0,4,0,1,0,0,1,0,0,1,3,7,0,3,0,1,0,1,0,5,1,2,0,6,1,0,7,0,1,0,17,3,4,1,0,3,24,1,0,2,3,0,0,0,2,6,5,1,11,12,1,1,0,29,0,1,0,0,0,0,0,1,0,0,3,1,1,2,0,2,0,2,1,1,0,14,4,2,4,4,3,2,0,0,2,0,3,1,4,0,6,9,0,1,1,2,8,3,0,0,0,0,3,3,0,2,1,6,8,1,1,1,2,0,2,0,0,0,1,2,0,1,2,0,2,1,0,0,0,0,0,1,1,0,0,0,5,0,2,0,1,0,0,0,0,1,1,1,6,3,1,3,4,0,0,0,7,3,7,0,2,3,0,0,9,4,3,0,0,0,0,2,2,3,2,3,3,0,1
1,0,6,3,12,1,1,1,0,9,3,1,8,2,0,3,0,4,0,5,0,2,8,0,5,2,1,5,0,18,2,0,16,1,6,16,0,0,1,0,0,7,0,0,1,1,0,1,1,1,2,2,0,0,5,0,2,0,2,0,3,0,0,3,1,1,9,2,0,3,1,0,0,0,0,0,0,2,1,2,22,1,6,1,0,0,0,1,5,1,0,0,1,0,0,0,1,3,1,0,0,1,3,0,1,1,1,14,2,0,3,0,0,56,0,0,4,1,0,0,0,0,1,3,1,42,12,1,2,3,20,1,0,0,0,0,0,0,0,0,0,0,0,2,0,1,3,1,3,0,0,0,1,2,1,3,2,7,1,4,0,3,1,17,0,3,1,4,4,0,2,0,0,1,1,0,0,0,0,3,1,0,4,0,5,10,0,0,4,2,0,0,0,1,0,0,0,0,1,1,0,0,2,3,0,0,0,0,2,0,0,1,0,4,0,0,0,3,1,0,0,0,1,0,0,1,5,0,0,0,4,1,0,6,4,2,0,2,0,0,0,11,0,0,0,0,7,0,4,10,3,1,0,2,0,0
4,0,6,0,0,0,0,0,1,0,0,1,0,2,0,0,0,0,0,0,1,1,2,4,0,0,0,10,0,1,0,1,20,2,9,0,0,0,1,0,0,0,2,0,3,3,6,1,1,5,5,0,0,5,7,0,0,9,0,0,2,2,2,1,0,0,0,2,1,0,0,0,9,0,0,0,0,0,0,1,0,1,0,2,0,0,2,0,4,0,2,1,1,0,0,0,0,2,4,1,0,0,1,4,1,0,0,0,4,2,1,0,8,4,0,0,1,5,1,0,0,0,0,2,0,0,2,0,1,0,0,0,0,0,0,0,0,0,0,4,0,0,0,0,0,3,0,2,1,4,0,1,0,0,0,4,0,0,0,1,2,8,0,0,3,0,0,0,1,2,1,0,13,0,4,0,1,9,0,0,4,1,0,0,4,1,1,12,1,0,1,0,3,1,0,1,3,0,3,0,1,3,0,0,2,0,1,0,17,5,6,0,0,1,0,7,0,2,0,1,0,2,0,5,2,2,0,1,1,0,3,1,0,0,5,0,0,0,2,0,15,2,53,4,0,1,4,14,4,1,16,6,9,11,2,2
0,0,4,4,7,3,0,6,1,1,1,1,4,0,4,1,2,3,4,0,0,2,9,1,0,1,4,7,0,4,9,4,9,0,7,0,1,0,0,1,0,0,2,2,5,2,1,0,1,3,9,1,0,2,1,0,5,0,0,0,1,0,0,0,1,1,1,0,0,1,0,3,0,0,0,0,6,0,2,0,3,0,13,2,1,0,0,5,6,1,1,4,0,1,2,0,2,0,3,0,3,0,0,3,0,3,0,11,1,2,2,2,3,3,1,1,0,4,1,0,0,2,7,0,5,0,15,2,0,1,9,1,0,1,2,0,0,0,2,1,0,3,6,4,0,0,1,0,1,0,1,1,2,2,2,17,4,7,3,6,0,1,0,11,3,1,0,3,0,0,1,1,1,4,5,0,1,0,0,2,3,5,1,1,4,5,0,0,2,1,21,0,1,1,0,0,1,1,2,0,0,0,1,0,2,0,1,5,0,0,5,0,0,2,0,0,0,0,0,0,2,1,3,2,1,13,1,6,0,2,4,5,15,6,1,7,1,0,0,1,0,6,4,1,0,0,3,1,1,1,0,4,0,2,4,0
2,1,6,3,11,2,0,1,0,3,2,2,2,1,2,1,2,2,2,0,0,0,14,0,1,2,5,8,0,5,1,3,3,0,16,2,3,1,0,0,1,5,3,0,4,0,1,0,1,7,5,0,0,1,2,2,3,3,3,0,2,0,3,0,0,2,1,1,1,1,0,0,1,2,1,0,1,2,1,0,1,0,0,1,0,0,2,1,4,0,0,1,0,1,2,1,0,3,0,0,0,0,0,6,0,2,1,13,4,6,1,0,3,47,1,3,0,6,1,3,6,0,6,2,0,18,9,1,10,1,12,5,0,1,0,2,3,0,0,0,0,1,1,2,0,0,1,2,1,0,3,0,0,1,0,1,4,2,5,1,1,4,0,6,0,2,1,1,3,2,1,0,0,5,3,0,0,0,0,5,4,1,2,0,2,4,0,0,1,1,0,2,0,0,0,0,2,0,3,0,1,0,3,0,3,0,0,0,1,22,0,1,1,5,2,0,1,0,0,0,4,5,0,0,0,2,1,6,3,0,2,1,0,2,1,3,0,2,1,2,0,7,4,5,0,3,3,0,2,5,2,3,0,2,1,0
0,0,6,3,12,0,3,3,2,1,4,1,6,0,1,3,2,2,0,2,4,2,4,0,1,2,3,9,0,6,6,1,6,3,10,0,3,0,0,0,1,6,0,0,0,0,1,0,2,6,4,2,1,2,1,1,1,2,1,1,3,0,3,1,1,0,0,3,0,0,1,0,1,0,0,6,1,1,1,0,3,1,2,0,0,0,3,0,11,0,1,0,1,0,0,3,2,7,0,1,4,1,0,8,0,0,3,7,2,1,1,0,14,5,0,0,3,3,0,4,2,2,4,1,43,1,4,2,0,1,9,1,2,0,3,0,0,1,2,1,0,2,0,7,0,0,2,0,3,1,7,0,0,4,0,12,1,0,2,5,0,3,0,5,5,1,3,0,2,0,0,0,0,5,2,0,0,0,0,0,4,0,2,1,4,8,0,0,8,0,0,0,0,0,0,0,0,0,1,1,4,0,3,0,0,0,2,0,1,0,9,2,2,8,9,4,2,1,0,0,2,0,1,1,0,2,2,0,3,1,2,0,2,2,2,0,0,1,1,0,0,3,2,3,2,2,0,1,3,1,1,2,1,0,2,0
1,2,8,3,5,0,0,6,0,1,2,0,6,0,1,1,1,4,2,3,0,9,10,1,5,1,2,6,0,2,1,2,3,0,9,1,2,1,2,0,0,0,1,1,0,1,0,1,0,4,5,4,1,2,2,0,2,5,0,0,3,0,1,0,1,0,17,0,0,0,0,0,0,0,0,0,3,0,5,0,1,0,0,0,0,1,0,3,5,2,2,0,6,0,1,0,6,7,2,0,1,1,4,3,0,4,4,4,2,0,1,0,3,7,0,1,1,3,0,3,2,0,36,5,0,0,13,2,10,4,27,1,0,2,0,0,1,1,2,0,0,0,0,4,1,0,4,1,1,3,0,0,1,1,0,4,0,0,1,1,0,0,0,3,1,0,0,5,3,2,0,0,4,1,5,0,0,0,0,1,3,3,3,0,3,15,0,1,0,2,1,0,0,0,0,0,1,1,2,0,0,0,2,0,0,0,0,0,1,2,0,0,2,2,0,3,0,0,3,0,0,1,0,0,0,9,1,5,0,0,4,6,1,2,1,4,0,0,1,2,2,8,8,5,1,0,1,3,9,3,1,3,0,2,2,0
1,1,1,3,1,0,1,0,0,0,0,0,3,0,0,0,1,1,1,0,0,0,1,2,0,1,0,2,1,2,0,3,1,0,8,0,0,0,0,0,1,0,2,0,2,0,0,0,1,15,1,0,0,3,4,0,0,3,0,1,0,0,2,2,0,0,10,0,1,1,0,0,0,0,1,0,2,3,1,0,0,0,0,1,0,0,1,0,3,0,0,0,0,0,0,0,1,2,1,0,0,0,2,4,1,1,2,4,3,0,2,0,7,50,0,0,0,4,0,0,1,0,0,0,9,1,9,0,0,4,5,6,0,1,0,1,2,0,4,2,0,1,0,2,1,0,10,4,1,0,2,0,0,0,1,2,0,0,0,1,3,1,1,1,1,1,1,0,4,0,0,2,3,0,10,0,3,18,1,0,6,0,0,0,3,1,0,2,0,2,0,0,4,5,0,0,8,0,1,0,1,0,1,0,0,0,1,0,11,1,23,0,0,0,0,18,0,0,8,3,8,0,0,0,1,1,0,0,1,0,8,0,0,1,2,1,0,0,1,2,8,5,25,3,0,1,2,0,2,0,2,6,1,3,1,4
2,0,5,6,14,1,5,3,0,0,3,0,8,0,2,5,9,4,0,4,2,1,7,1,1,2,3,6,1,0,2,0,5,0,8,0,3,0,1,0,3,6,0,0,0,0,0,0,2,2,6,0,0,1,1,1,0,1,2,0,3,0,2,0,2,0,12,0,1,0,0,0,2,0,0,2,1,6,1,0,1,0,7,0,0,1,0,4,2,0,8,0,1,1,3,1,0,3,0,0,1,0,5,1,0,4,0,6,1,1,3,0,4,3,1,0,10,1,0,1,38,0,4,1,0,16,8,5,0,1,25,1,4,0,1,1,0,0,1,0,0,1,1,1,1,0,3,0,3,1,0,0,2,3,1,7,5,0,4,0,0,1,0,11,0,0,1,3,4,0,1,0,0,8,1,1,0,0,0,3,1,0,4,0,4,15,1,0,3,1,0,0,0,0,0,0,0,1,0,2,0,0,0,1,1,0,0,0,0,0,0,0,1,3,0,3,0,0,1,0,0,0,1,2,1,4,3,0,1,0,1,0,0,1,3,3,0,0,0,1,0,5,1,0,1,1,0,0,1,1,0,1,1,1,2,0
3,0,5,1,15,0,1,1,1,0,4,0,10,0,1,6,5,5,0,0,1,0,7,0,2,2,3,9,0,6,1,2,6,0,6,0,2,0,1,0,2,0,0,1,3,0,0,0,0,2,7,1,0,2,5,0,0,3,1,0,3,3,3,0,0,0,0,0,0,1,1,2,1,1,0,0,0,1,0,0,1,0,1,0,0,0,0,3,7,0,1,1,1,0,0,0,1,4,2,0,3,0,0,2,0,5,0,16,4,1,2,0,10,3,0,1,2,2,0,0,0,1,1,1,4,2,20,1,4,0,24,1,0,2,0,0,2,1,0,0,0,4,3,0,0,0,4,0,1,1,0,0,0,2,0,3,6,2,1,2,1,1,3,15,0,1,2,4,4,1,0,3,5,8,1,0,0,1,2,0,1,0,4,0,6,7,0,2,3,0,2,0,2,0,1,1,2,0,3,5,2,1,1,1,0,0,0,0,4,0,0,0,0,5,2,0,0,9,3,0,2,0,1,1,0,8,3,2,0,4,2,1,0,0,3,4,1,1,2,1,3,15,4,1,0,1,1,7,3,1,3,2,1,0,0,0
2,0,12,1,2,0,1,2,1,1,1,0,2,0,4,0,1,2,1,2,1,1,0,0,0,1,1,2,1,4,0,2,4,0,6,0,1,1,1,3,2,0,0,1,0,5,0,0,0,2,1,1,1,5,1,1,1,3,0,1,0,7,2,0,0,0,0,0,1,1,0,3,0,1,2,6,0,3,2,2,0,1,2,1,0,1,2,0,2,0,0,1,0,0,0,0,1,3,5,0,0,0,3,3,0,0,2,0,3,0,1,0,2,7,0,2,0,3,3,1,0,0,1,0,1,2,0,0,2,3,0,1,0,4,0,0,7,0,2,2,3,1,6,1,0,4,2,5,0,1,1,2,0,0,0,12,2,5,2,4,6,2,0,2,0,0,0,1,0,1,0,0,20,0,3,1,0,0,5,8,3,1,1,0,7,3,0,9,0,1,0,2,0,1,5,0,6,1,1,0,4,0,0,0,0,0,1,0,1,1,0,0,0,0,0,0,0,1,7,2,0,0,3,4,2,3,2,0,7,2,3,7,0,1,2,0,1,1,8,2,5,4,40,2,0,2,0,31,2,0,1,3,3,4,0,0
4,0,5,1,7,0,3,0,0,3,1,2,1,2,4,1,2,1,1,2,0,0,4,1,0,9,2,1,0,12,1,1,5,2,15,4,1,1,0,2,0,8,0,1,4,2,0,0,0,0,2,2,3,0,2,0,0,3,1,1,2,0,3,4,0,0,36,3,2,2,0,1,0,1,0,0,1,5,9,0,0,1,1,1,0,0,4,1,10,1,6,3,0,1,0,2,4,1,1,1,0,0,0,6,0,0,1,3,1,3,5,0,3,41,0,0,0,4,0,0,6,0,1,4,1,0,7,0,1,1,7,1,1,0,1,1,0,0,0,1,1,5,0,1,0,0,1,0,2,0,0,0,0,1,2,4,0,0,2,0,0,3,0,10,5,1,2,2,0,0,0,3,1,8,4,0,0,0,1,1,5,3,5,0,7,8,0,4,2,1,0,1,0,0,0,0,4,0,4,1,1,0,0,0,3,1,2,0,1,0,2,0,4,7,4,1,0,0,1,0,1,0,3,0,1,0,2,1,4,0,5,2,0,1,1,0,0,0,0,1,0,6,5,4,1,1,1,1,4,0,2,4,1,3,3,1
0,0,12,3,2,0,0,0,0,0,2,0,2,3,4,0,5,3,0,1,3,12,0,3,0,1,1,0,0,1,1,2,11,1,6,0,2,0,0,0,3,0,1,0,0,1,2,3,0,5,0,0,2,1,3,1,0,4,0,0,1,3,5,0,0,0,0,0,1,2,0,2,0,0,0,0,0,0,0,1,0,2,1,0,0,0,1,1,2,2,0,2,0,0,0,0,0,0,2,0,1,0,3,2,2,0,1,3,2,3,1,1,4,7,0,1,0,2,0,0,0,0,0,2,2,0,3,5,2,5,4,16,0,3,1,1,1,0,3,1,1,1,2,1,2,10,7,4,0,0,0,0,0,1,0,7,0,4,2,5,5,4,0,3,0,0,3,1,0,0,0,0,1,0,4,2,0,4,0,3,2,3,2,0,6,1,0,10,0,0,0,0,2,0,0,3,8,0,2,0,2,2,0,0,2,1,1,4,13,0,0,0,0,4,0,2,0,1,1,0,1,0,0,1,1,1,2,0,4,0,3,5,0,1,2,0,1,1,4,2,7,3,47,4,0,2,1,7,1,0,2,2,8,4,2,3
5,0,11,0,1,2,0,1,1,0,1,0,2,1,3,1,4,1,2,1,1,0,0,0,0,2,0,1,2,6,0,4,5,1,6,0,1,0,0,0,0,0,0,0,1,2,0,0,16,6,1,1,2,4,3,0,0,3,0,0,1,3,5,0,0,0,1,0,1,1,0,2,0,0,0,0,0,0,2,0,0,0,0,1,0,0,1,2,5,0,1,1,1,1,0,0,1,0,5,4,0,0,6,2,5,0,0,2,2,1,1,0,3,6,0,0,0,4,0,1,0,0,1,0,1,0,7,0,0,1,5,20,1,1,0,0,4,1,1,3,1,0,1,1,0,1,17,5,3,6,1,1,0,1,0,12,3,7,5,3,2,2,3,2,5,1,2,0,1,2,3,1,3,0,11,0,0,0,0,0,3,0,1,0,5,1,0,11,0,0,1,0,0,1,1,0,7,0,0,0,2,1,0,0,0,0,0,1,6,0,2,1,0,0,0,3,0,0,0,0,0,0,0,0,4,2,2,0,4,1,0,2,3,0,2,1,0,0,5,4,4,2,49,3,0,0,1,4,0,0,1,7,11,2,3,3
1,3,6,4,9,2,2,1,2,1,5,5,4,1,3,5,1,3,1,1,0,3,7,1,3,4,3,6,0,1,3,2,15,2,18,0,3,1,0,2,1,7,2,42,3,1,0,0,2,4,9,0,1,6,2,0,1,4,1,1,4,1,10,0,3,0,0,2,0,1,0,1,0,0,0,1,1,4,1,0,10,1,2,1,0,1,1,0,6,0,1,0,0,1,1,2,1,0,1,0,4,0,0,3,1,1,0,6,3,3,2,0,2,8,1,1,0,2,0,0,1,1,1,2,0,1,3,1,0,0,3,0,0,0,0,3,0,4,1,0,0,9,1,3,0,0,3,0,2,4,1,0,8,3,1,22,2,0,2,5,1,0,0,10,2,2,0,4,1,0,0,0,0,12,2,0,2,3,0,0,6,1,2,0,4,4,0,4,0,0,0,0,1,2,0,1,2,2,0,0,3,2,1,2,0,0,0,3,5,0,6,0,1,11,0,1,0,0,1,0,1,0,1,0,0,6,4,0,0,0,2,0,0,1,2,4,0,3,1,1,2,1,5,1,0,6,1,2,2,0,4,3,3,12,0,1
3,0,3,4,5,1,0,0,1,2,2,1,7,0,0,5,10,2,0,1,0,1,9,1,3,2,1,7,1,5,2,2,2,2,8,1,0,0,1,0,0,5,0,1,1,0,0,0,3,5,3,1,0,1,0,0,3,1,1,1,3,0,0,0,2,1,0,0,1,0,0,0,4,0,0,0,2,3,1,0,2,2,2,0,2,0,0,4,8,0,4,0,0,1,1,0,1,7,0,1,0,1,0,4,0,5,1,17,2,3,3,0,2,49,0,2,0,2,0,0,14,1,5,1,3,6,11,2,0,0,11,0,0,0,0,1,0,0,0,0,0,1,0,4,0,0,7,2,1,1,1,0,4,1,1,9,3,0,2,0,0,0,1,12,1,2,2,3,0,0,0,0,0,0,3,1,2,0,0,0,7,0,2,0,2,13,2,1,0,1,3,1,0,2,0,0,3,1,1,7,2,0,0,1,0,1,0,8,0,1,0,0,1,3,1,0,0,0,1,0,0,1,1,2,0,8,1,3,0,1,3,1,1,1,1,2,0,0,0,3,0,5,2,2,0,0,0,0,0,2,2,2,1,1,0,2
2,2,15,0,0,0,1,1,0,0,1,4,1,2,3,2,1,1,0,1,0,0,0,0,0,0,1,4,1,2,2,7,9,0,5,0,2,0,0,1,0,1,0,0,0,1,5,2,0,6,3,3,0,2,6,0,1,5,0,0,1,7,2,0,1,0,2,1,1,15,1,2,1,0,0,0,0,0,6,0,0,2,0,1,0,0,1,1,9,1,5,2,2,0,0,1,4,1,3,0,0,0,0,4,0,0,0,0,1,0,2,0,3,4,0,6,0,3,0,0,0,2,0,1,1,1,0,0,2,3,1,2,0,7,3,1,4,2,0,0,0,4,0,1,0,0,33,5,1,2,5,0,0,1,0,5,0,2,2,3,1,6,1,4,5,0,0,1,0,0,0,1,1,0,4,0,1,1,1,0,3,0,1,0,5,1,1,19,1,0,0,0,1,3,0,0,4,1,1,0,6,0,0,2,0,0,0,1,3,0,0,0,0,1,1,5,0,0,3,4,0,0,0,0,0,2,1,0,3,1,1,4,1,0,2,0,0,1,9,2,2,3,48,3,1,1,0,1,2,1,1,11,3,8,1,1
3,1,6,5,12,0,0,1,0,1,2,3,2,1,4,1,1,4,1,1,0,1,2,1,0,4,2,0,0,1,0,0,6,0,8,3,2,1,2,2,3,1,0,1,2,0,0,0,3,4,9,4,0,0,3,0,0,1,2,0,2,3,1,0,0,0,0,0,1,0,0,0,1,0,0,0,1,9,0,3,0,0,0,1,0,1,0,1,3,0,3,11,1,0,0,0,4,0,0,0,3,1,1,0,0,1,0,18,0,4,2,1,1,28,0,2,0,2,0,2,0,0,1,2,7,1,9,3,0,3,18,1,0,0,0,0,0,4,9,0,1,2,0,1,0,0,2,0,2,0,1,1,0,2,1,35,3,8,3,7,0,1,1,10,0,4,2,4,0,0,1,1,0,10,1,0,1,0,0,4,1,2,3,2,3,5,1,0,1,2,2,1,0,0,0,0,1,0,2,1,0,0,1,0,1,0,0,2,1,0,0,0,0,7,0,2,0,0,2,0,0,0,2,3,0,12,3,0,1,0,0,0,0,0,2,4,0,3,3,1,0,1,1,0,0,0,10,2,0,0,1,1,1,3,1,2
1,0,4,0,3,0,0,0,0,2,1,0,1,0,0,1,0,2,0,0,0,0,0,1,0,1,0,2,0,2,0,2,13,0,6,0,0,0,1,3,0,8,9,1,0,0,4,0,0,14,3,2,0,3,2,0,0,15,0,1,2,2,4,2,0,0,2,1,1,0,0,0,0,0,0,0,0,0,2,0,0,1,0,0,0,1,1,0,2,1,2,0,0,0,1,0,4,0,2,0,1,0,5,3,1,0,0,3,6,0,1,0,3,39,2,1,3,3,0,1,2,0,1,0,1,0,4,0,0,3,0,1,0,1,0,1,3,0,0,2,0,0,0,1,0,0,15,3,0,1,15,0,0,2,0,5,1,1,1,2,1,7,0,4,0,0,1,2,0,1,0,0,6,0,2,0,0,14,0,0,4,0,1,0,5,0,1,6,1,0,1,0,1,2,3,0,5,0,1,0,0,1,0,0,0,0,0,0,8,1,5,0,0,0,0,15,0,0,0,0,7,1,1,0,1,0,1,0,7,3,0,0,0,1,4,7,0,1,4,1,9,1,16,7,0,0,1,4,3,4,6,3,2,4,3,2
0,0,10,4,8,3,1,0,1,13,3,0,12,0,5,3,37,6,0,0,2,0,7,0,0,4,3,17,0,5,0,1,7,0,2,0,2,0,2,0,2,1,1,0,0,0,1,1,0,0,2,1,0,0,0,0,3,0,0,0,11,0,2,0,3,0,5,0,0,2,0,0,3,0,1,0,1,1,1,0,1,0,10,0,1,0,0,3,18,0,4,0,1,0,1,0,1,0,1,0,0,1,0,1,1,0,2,10,3,4,5,0,0,1,0,2,3,1,0,0,0,3,7,3,6,30,3,0,2,0,10,0,1,0,0,0,0,1,1,1,0,1,0,1,0,0,4,0,1,0,0,0,0,4,1,1,6,1,5,0,0,2,0,10,2,0,0,6,0,3,1,0,1,2,2,0,0,0,0,4,1,0,4,2,3,3,0,0,3,2,0,1,0,0,1,0,1,0,0,4,0,0,2,1,0,0,1,0,0,0,0,2,0,1,0,0,0,1,0,0,0,0,0,1,0,3,4,1,0,0,3,1,0,1,5,3,1,0,0,0,0,1,0,0,0,0,0,1,0,3,2,0,0,2,0,6
4,0,4,1,5,2,0,0,0,1,4,1,3,1,0,3,0,3,4,0,1,0,3,2,3,6,2,4,0,3,1,1,4,1,5,8,0,0,0,0,1,3,2,0,2,0,0,1,0,4,6,1,0,1,2,0,1,7,0,0,3,3,5,1,0,0,0,0,9,2,1,0,0,0,3,0,0,12,3,0,7,0,1,0,0,1,2,1,10,0,8,1,2,2,0,0,5,5,1,1,1,1,1,5,0,3,1,6,2,7,2,0,2,25,0,1,0,3,0,2,22,5,0,0,2,4,10,1,0,0,15,0,0,0,1,0,0,0,0,0,0,4,1,2,1,0,2,0,2,0,1,0,1,7,0,0,0,3,2,0,0,2,0,30,2,0,2,13,2,0,0,1,1,6,4,0,0,0,0,3,3,1,3,0,7,7,2,3,4,0,0,3,0,0,0,0,0,0,0,0,1,0,2,0,0,0,0,0,1,0,0,0,0,4,0,0,0,0,0,1,0,1,3,0,0,3,2,0,1,0,0,1,0,1,2,3,0,1,0,0,0,1,2,1,0,0,0,0,2,3,0,2,0,2,1,0
0,1,5,8,8,1,1,3,1,0,2,4,8,0,2,4,2,8,1,3,2,9,15,0,0,2,5,9,0,5,0,2,3,0,10,0,1,0,2,0,2,4,0,0,0,2,0,0,2,1,3,3,0,1,2,0,1,3,1,0,2,2,1,0,0,1,27,1,0,1,0,2,1,1,0,0,0,1,3,0,2,1,0,0,1,0,2,1,36,0,4,0,0,1,0,0,6,3,3,1,0,5,3,2,1,0,0,14,2,2,2,0,1,5,2,0,5,1,0,0,3,0,3,2,2,24,22,3,1,1,9,1,0,0,1,0,0,1,1,1,0,0,1,5,1,0,4,1,1,0,0,0,0,2,0,1,7,1,6,3,1,0,1,6,3,0,1,4,2,1,0,3,1,6,2,0,0,0,3,1,1,0,4,0,4,7,1,0,4,2,0,0,0,0,1,0,0,0,2,1,0,0,1,1,1,0,0,0,0,0,0,0,0,5,2,0,0,0,0,0,0,0,1,2,1,5,3,0,5,0,2,0,0,0,3,3,0,1,0,2,1,8,3,1,0,0,1,0,1,1,1,1,0,1,0,0
4,1,6,6,5,2,0,0,0,2,5,1,11,7,0,2,3,5,1,1,2,0,5,0,0,2,2,6,1,0,0,2,10,0,4,1,0,0,0,1,3,5,0,1,2,0,0,1,0,3,7,0,0,1,0,0,3,0,0,0,3,2,3,1,1,0,1,0,0,0,1,0,1,2,1,0,2,8,1,1,0,1,2,0,6,1,0,2,9,2,0,0,0,4,1,1,1,2,1,1,1,3,5,1,2,0,2,0,1,3,3,0,2,3,0,0,2,2,1,1,1,0,1,4,0,0,8,2,0,1,8,1,0,0,4,0,1,1,0,0,0,0,0,4,1,0,5,0,3,1,2,1,0,2,1,6,2,3,3,1,1,1,0,21,0,0,5,2,0,0,1,1,0,2,1,1,1,1,1,1,1,0,3,1,5,3,0,1,10,1,1,0,0,0,1,0,5,0,1,5,2,0,0,3,1,0,1,0,0,1,1,1,0,3,1,2,2,0,2,0,0,0,0,0,0,1,3,0,2,2,2,36,1,2,4,1,0,1,0,1,2,11,4,1,0,0,5,2,16,0,5,2,1,3,5,0
2,1,7,4,10,5,0,2,0,0,6,0,8,0,4,4,1,4,4,0,0,1,12,1,0,3,1,3,1,2,3,0,11,0,33,4,4,0,0,0,3,3,1,0,0,1,0,0,0,3,7,1,1,0,0,1,0,2,1,0,8,0,3,1,0,1,1,0,1,0,0,0,0,2,0,1,2,5,1,0,1,0,7,0,2,1,0,3,4,0,1,1,1,3,2,0,1,0,1,5,0,2,0,5,0,0,4,2,0,0,2,0,0,0,1,0,6,0,0,0,2,1,1,0,0,0,2,0,0,0,0,1,0,0,0,0,0,0,0,0,1,1,1,2,0,0,4,0,2,1,0,0,0,4,4,1,2,1,5,1,0,2,0,5,0,0,0,2,0,0,2,2,0,8,0,0,0,1,0,0,0,1,7,0,4,10,0,0,0,1,0,0,0,1,0,0,0,1,0,0,0,3,0,0,0,0,2,6,0,0,0,1,0,1,2,0,0,1,0,1,0,0,1,0,0,9,4,0,4,1,9,35,1,2,6,2,3,1,0,0,1,0,0,1,2,1,0,4,0,2,0,4,0,0,0,0
0,0,10,0,14,2,0,0,0,0,3,1,6,0,1,1,1,3,0,0,0,1,11,1,1,0,0,3,0,3,0,2,15,0,11,0,1,0,4,0,0,0,0,0,0,2,3,0,1,4,6,0,1,3,1,0,1,2,0,1,1,5,1,2,0,0,0,0,0,0,0,1,3,0,0,0,1,2,1,0,0,1,0,0,0,1,0,1,23,0,3,1,0,0,0,0,1,0,5,2,0,0,0,5,1,2,2,4,6,1,1,0,2,2,0,1,1,2,0,0,1,1,4,6,4,0,16,0,0,0,10,2,0,0,0,0,0,1,0,2,0,3,1,0,0,0,7,2,0,3,2,0,5,0,0,4,5,3,1,2,1,2,1,10,1,0,1,8,1,1,2,0,9,1,4,0,0,2,0,0,4,0,2,0,4,4,0,14,2,0,1,0,1,0,1,0,3,0,1,0,6,1,1,0,1,0,1,1,5,0,0,2,0,6,2,2,0,0,2,0,1,4,0,1,2,6,2,1,1,1,4,0,0,0,2,1,0,0,2,2,5,10,15,4,0,1,1,4,4,2,11,9,6,3,6,0
2,1,8,10,5,0,2,1,0,1,3,0,11,0,0,3,4,7,0,2,3,0,6,2,0,3,0,10,0,2,3,1,4,0,6,0,1,0,0,1,1,0,1,2,0,0,1,0,0,0,1,1,1,0,3,0,2,1,2,1,6,1,0,0,1,0,0,2,0,4,0,0,0,0,0,1,2,1,0,0,3,1,1,0,1,1,2,4,12,0,11,3,1,0,0,0,3,14,1,0,1,2,2,2,0,1,2,21,4,3,3,1,6,4,1,0,6,2,0,1,10,1,1,1,0,0,8,2,0,0,36,2,0,1,0,0,1,0,0,0,0,2,5,1,0,1,1,0,2,0,0,0,0,1,2,6,12,6,2,0,0,1,1,12,0,0,0,4,0,0,2,0,0,2,5,0,0,0,1,1,3,0,1,1,3,10,1,0,9,2,0,0,0,0,0,0,0,0,1,0,0,0,1,1,0,0,0,0,0,2,0,0,0,2,0,0,0,1,1,1,0,1,0,0,1,10,1,2,0,0,0,0,0,0,1,2,0,3,0,0,0,9,3,1,0,0,0,0,2,2,1,2,0,1,0,0
6,1,6,2,12,0,0,1,0,1,2,0,7,2,1,2,7,5,0,0,0,2,4,1,1,3,0,11,2,13,2,3,8,0,5,0,3,0,0,1,0,1,0,1,1,1,0,0,0,2,7,1,0,1,0,0,1,1,0,1,2,2,0,0,0,0,0,0,3,0,0,0,0,2,0,0,1,1,1,1,1,1,2,1,0,0,0,1,3,0,2,1,0,0,1,0,0,1,2,0,2,3,0,2,1,0,0,16,3,6,1,0,4,3,0,0,0,4,0,1,0,2,3,1,1,0,12,1,1,0,24,1,0,2,0,0,1,2,1,0,0,3,0,0,0,0,2,0,2,1,0,1,0,2,0,12,3,1,2,1,2,0,0,18,1,0,0,7,0,0,0,0,0,2,2,0,1,0,1,2,2,0,3,1,5,8,0,2,0,1,0,0,1,0,0,0,4,0,0,4,1,0,0,1,0,0,0,1,6,2,3,0,0,5,0,1,0,4,2,0,0,0,2,3,0,18,3,0,1,0,1,0,23,0,3,8,0,0,0,0,2,15,4,3,0,4,0,1,2,2,3,12,2,1,1,0
1,1,12,1,10,1,0,2,0,2,1,1,4,1,1,2,2,5,2,4,2,2,7,0,6,1,3,7,0,3,2,2,7,0,11,0,0,0,0,1,1,3,0,1,1,0,0,1,0,2,6,1,0,0,3,0,1,2,4,1,1,0,0,0,0,0,0,0,0,0,0,0,3,5,0,0,0,3,4,0,2,0,2,1,0,1,2,1,19,0,3,0,0,0,0,0,1,19,1,0,1,1,1,1,0,1,1,21,2,2,3,0,4,4,1,1,1,3,0,3,3,0,2,0,0,0,16,3,1,0,20,1,4,0,1,0,0,0,1,1,0,1,0,1,0,0,2,0,2,0,0,0,1,1,2,7,1,4,1,1,0,2,0,7,4,2,1,4,2,0,0,0,1,5,3,0,0,1,0,5,3,0,1,0,5,7,0,1,3,0,0,3,0,1,0,0,0,0,2,1,2,4,2,0,0,0,0,0,0,0,0,0,2,4,1,0,0,0,1,1,0,0,0,1,2,5,2,3,0,0,0,0,0,1,2,3,0,1,1,2,0,14,6,3,0,2,0,2,5,2,3,4,0,1,3,1
3,0,8,0,0,1,0,0,0,0,0,0,2,0,0,0,2,0,0,0,3,0,0,1,0,0,0,1,0,5,0,5,6,0,7,0,2,0,0,1,0,0,1,1,1,0,0,0,2,3,0,0,2,2,8,0,0,6,0,1,0,0,1,1,1,1,0,0,1,0,0,1,0,0,1,0,0,0,4,0,0,5,0,0,0,1,6,0,4,2,1,0,0,0,0,1,0,0,6,4,0,0,4,4,0,0,0,0,3,1,7,1,7,5,0,5,2,21,0,1,0,3,0,1,0,0,3,0,1,4,0,2,0,2,0,0,1,0,0,1,2,0,0,2,1,0,31,5,0,2,3,0,0,0,2,9,5,4,1,4,3,3,0,0,7,0,1,14,0,0,1,0,7,0,4,0,0,4,2,0,4,0,0,0,7,0,1,5,0,0,0,2,1,0,0,0,0,0,0,0,0,4,0,0,3,0,0,0,13,0,0,0,0,0,0,19,0,0,1,0,4,0,2,2,2,2,0,0,5,0,1,1,0,1,3,0,0,1,5,5,8,8,45,5,0,4,1,1,3,0,2,4,2,15,3,6
2,0,5,0,5,1,1,0,1,0,1,0,6,0,0,2,23,1,0,1,0,5,4,3,1,2,0,9,0,3,2,3,5,0,10,2,1,0,0,3,1,1,1,2,3,1,0,3,4,2,4,4,1,1,2,3,2,9,1,1,1,0,0,0,2,1,0,0,2,0,1,1,1,1,0,0,1,5,0,2,1,1,5,5,0,2,2,2,18,0,8,5,1,0,0,0,1,1,2,0,0,0,1,2,0,0,1,24,5,0,1,1,4,4,0,0,6,4,0,0,2,1,4,1,1,1,3,4,0,0,11,1,0,1,3,1,0,2,0,0,0,6,1,2,1,0,1,0,2,0,1,1,5,4,0,12,3,0,2,1,0,1,1,8,2,0,0,2,5,0,1,2,1,6,6,1,2,2,2,2,3,1,1,0,1,5,2,1,4,0,0,1,0,0,0,1,2,0,1,5,3,0,1,0,0,3,0,1,2,0,0,0,0,4,0,3,0,0,1,0,3,1,1,1,1,6,4,1,3,0,1,1,1,3,1,0,0,0,1,0,0,5,7,1,0,0,2,0,0,1,3,3,0,2,0,2
2,0,6,0,1,0,0,6,0,0,1,0,1,0,2,1,3,1,0,0,0,0,1,3,1,1,0,2,0,1,2,2,12,1,5,0,2,1,1,4,1,0,1,2,1,0,1,0,0,3,2,0,0,2,5,0,0,1,0,0,2,3,1,0,1,1,0,1,2,0,0,1,3,0,1,0,0,0,0,0,0,0,0,1,0,0,0,1,3,0,0,1,0,0,1,1,1,2,4,2,9,1,6,1,0,1,0,0,1,8,0,0,4,5,0,5,1,4,0,0,2,1,0,1,4,0,5,0,0,2,2,0,0,2,0,1,0,0,0,2,0,0,2,0,0,1,3,4,1,1,0,2,0,1,0,5,1,2,0,3,5,5,0,1,1,0,0,9,0,1,0,2,20,0,4,0,2,3,0,1,3,3,1,0,6,1,2,12,0,2,0,1,3,0,1,0,9,0,2,0,8,0,0,0,3,0,0,0,4,0,0,1,1,0,0,5,0,0,2,0,0,4,0,3,0,1,1,1,1,1,3,1,1,1,1,0,1,1,4,2,1,2,39,4,0,2,0,26,4,0,4,5,12,2,1,2
3,0,7,4,5,3,0,0,1,2,5,0,13,1,0,3,1,8,0,0,0,0,8,0,1,3,3,8,0,2,2,1,4,0,2,0,0,0,1,0,2,0,1,0,2,0,0,1,0,5,2,1,0,1,1,0,2,2,1,1,3,2,3,2,1,1,5,0,0,1,0,0,0,3,0,0,0,0,0,0,0,1,0,0,5,1,1,3,17,0,3,0,1,0,0,0,2,10,1,3,1,2,3,0,0,0,3,17,3,2,1,0,0,4,0,1,3,2,0,0,1,1,8,1,0,2,6,0,0,0,17,1,0,6,0,0,0,0,1,2,6,1,0,1,0,0,4,0,1,0,2,0,6,6,0,8,4,0,5,1,1,1,1,15,1,0,0,1,0,0,0,2,0,1,1,0,0,2,0,7,1,0,5,0,4,12,5,0,22,0,0,0,0,0,0,0,0,0,1,0,2,1,0,0,1,0,0,0,1,1,0,0,0,1,0,0,0,2,1,0,0,0,0,0,1,2,4,1,3,1,0,6,0,2,5,0,0,1,0,9,0,1,0,1,0,0,1,0,2,2,0,1,0,3,2,0
2,0,3,3,11,0,1,4,1,0,2,0,7,1,0,3,2,3,0,1,1,3,4,0,3,3,3,3,0,0,8,2,2,1,15,0,4,0,0,0,0,3,0,1,1,2,1,2,2,1,8,1,19,0,0,1,1,3,1,0,8,0,2,0,2,1,1,3,1,1,0,0,0,4,0,2,1,2,2,1,2,0,1,3,0,2,2,2,13,1,0,0,1,0,0,0,4,4,2,0,0,0,2,1,0,0,2,15,9,1,3,0,2,3,0,0,3,2,0,2,2,0,8,2,1,9,11,1,1,0,16,0,1,1,0,1,0,1,2,0,2,2,0,1,1,0,3,0,1,0,2,0,0,2,0,2,0,8,2,4,1,0,0,7,2,0,1,3,2,1,1,0,0,4,2,0,1,1,0,0,2,0,3,0,4,1,0,1,3,0,0,1,0,0,0,0,0,0,1,0,0,2,0,0,0,0,0,0,1,0,1,0,0,7,1,3,0,1,0,0,1,1,1,2,0,4,2,0,1,3,1,1,0,1,2,3,1,1,0,1,0,8,2,2,0,1,0,2,5,1,1,2,0,1,3,1
0,0,8,2,11,3,0,2,1,1,3,0,8,0,0,5,2,10,1,3,0,4,17,0,1,2,1,5,0,5,2,1,9,0,3,0,1,1,2,1,1,2,2,0,1,0,0,0,0,4,1,3,7,1,0,0,3,2,2,1,4,0,13,2,0,0,0,0,0,1,0,0,0,24,1,2,1,5,0,2,0,2,0,1,1,0,1,4,31,1,2,0,0,1,0,0,2,26,1,2,1,2,0,2,0,2,1,13,1,0,0,0,1,6,1,1,0,2,0,1,0,1,4,1,0,0,4,0,3,1,12,1,1,1,1,0,0,0,1,0,0,3,3,1,1,0,3,0,3,0,0,0,0,6,1,1,5,1,10,0,1,1,1,5,1,0,0,1,0,0,1,5,1,1,2,0,0,1,0,1,1,0,6,0,3,2,3,2,4,0,0,0,0,0,0,0,0,0,1,0,0,0,1,0,1,0,0,0,2,0,0,0,0,3,0,1,0,0,0,0,0,0,0,1,0,9,3,0,0,0,5,0,0,1,4,1,0,1,0,0,0,1,4,0,0,1,2,0,0,0,4,1,0,3,1,0
3,1,3,5,5,1,2,2,1,0,2,1,4,1,0,1,2,2,2,0,1,1,5,2,1,1,1,4,0,2,1,1,3,0,9,1,2,0,0,0,1,4,1,0,0,0,1,3,1,2,9,1,0,1,1,2,2,4,1,1,3,2,0,1,0,0,1,0,6,1,0,0,0,0,0,0,5,5,4,0,0,0,4,1,5,0,0,1,4,0,4,2,1,0,0,0,2,1,1,0,0,0,2,1,0,3,2,17,9,1,4,1,2,41,3,0,3,2,0,0,4,0,2,2,1,4,7,2,1,3,17,2,0,0,0,0,1,0,0,1,0,2,2,4,0,2,2,0,1,0,0,3,3,2,0,2,1,2,2,1,0,2,0,12,0,0,1,5,2,2,0,0,1,4,2,0,0,0,0,3,2,1,1,0,2,4,2,0,0,1,0,0,0,0,0,0,3,0,3,0,1,0,0,1,1,0,0,0,1,0,0,0,1,2,0,3,0,1,0,1,0,0,0,0,0,4,1,0,2,1,1,0,0,4,2,5,0,2,0,0,0,4,3,2,1,0,1,2,1,1,0,3,2,3,1,0
0,0,19,0,0,1,0,4,1,0,1,0,0,4,7,0,4,0,1,0,3,0,0,4,0,1,0,5,0,3,1,13,2,1,6,0,0,0,0,2,0,5,1,0,1,2,0,2,2,6,3,1,2,2,3,0,0,7,1,0,0,1,2,0,0,4,1,0,3,1,0,2,1,1,0,0,0,0,1,0,0,0,1,1,0,0,1,0,4,1,0,0,0,1,0,0,1,0,1,2,1,0,3,2,2,0,1,0,1,0,1,2,4,6,1,1,1,4,0,1,0,1,1,1,1,2,3,0,0,0,4,0,0,2,0,0,0,2,2,0,2,0,0,1,0,1,8,4,3,7,0,2,0,0,0,7,2,4,1,4,1,2,0,0,3,2,0,0,1,0,1,0,2,1,11,0,0,9,1,0,4,2,2,1,3,1,2,3,1,0,2,2,2,0,1,0,1,0,0,0,8,0,2,0,2,0,0,0,5,1,1,0,0,0,1,3,0,0,2,0,0,0,0,0,0,5,1,0,6,0,4,2,0,0,0,1,0,0,3,3,10,6,42,3,0,1,4,7,1,1,4,5,2,3,1,8
1,2,9,1,4,0,1,1,1,1,2,0,4,0,1,2,3,3,2,1,2,1,8,2,0,4,0,0,4,3,0,2,4,0,6,0,0,0,0,2,2,3,1,0,1,0,4,2,0,8,2,0,1,2,0,0,3,5,0,0,3,1,2,4,0,0,1,1,2,1,0,1,0,1,1,0,0,4,0,1,0,2,0,0,0,0,0,0,1,1,3,0,1,0,1,1,1,2,2,0,1,0,2,3,1,0,3,8,1,1,12,0,4,23,0,3,1,2,0,0,1,0,0,1,2,0,3,6,0,1,6,0,0,6,0,0,1,2,2,0,0,1,0,4,2,0,9,5,0,0,0,0,0,2,0,4,0,0,4,1,2,4,0,5,1,1,0,4,0,0,0,0,3,0,4,0,0,1,3,0,2,2,2,2,6,0,0,11,1,0,0,0,0,0,0,1,2,0,4,0,2,1,0,0,1,0,0,0,6,1,0,1,1,0,0,5,0,0,3,0,2,0,0,8,2,6,4,2,2,0,2,24,3,0,4,6,0,2,1,1,3,5,6,2,1,0,2,10,3,0,1,3,1,2,3,2
1,2,5,0,3,0,0,2,3,0,3,1,4,1,2,2,2,3,1,1,3,1,1,0,1,1,1,1,0,0,1,1,8,0,5,0,3,3,1,2,1,2,1,0,0,0,4,1,0,2,0,0,0,2,6,0,1,0,0,0,3,1,4,0,0,0,1,5,1,4,0,0,1,0,3,1,0,0,6,1,0,1,0,0,0,0,0,1,3,0,1,0,1,0,0,0,2,0,7,1,0,0,5,3,0,0,0,0,1,26,2,1,1,5,4,7,1,1,0,0,1,2,0,2,4,0,0,1,0,0,2,0,0,2,0,1,0,1,0,8,0,0,0,0,2,0,15,2,2,0,0,0,1,2,0,4,3,3,3,3,2,5,0,3,0,0,0,0,0,0,1,0,0,0,2,0,0,1,0,1,1,1,3,0,7,2,0,16,2,1,0,1,0,0,0,0,3,0,1,0,0,1,0,0,0,0,0,0,4,0,0,0,0,0,0,0,0,1,0,1,1,0,0,0,0,2,3,0,0,1,6,1,0,0,12,0,1,0,6,4,0,2,36,3,0,4,3,0,1,0,0,1,8,13,2,4
0,1,10,0,3,1,0,0,0,2,3,6,3,0,0,1,3,3,1,0,0,1,2,0,2,4,1,5,0,4,1,1,3,1,1,0,0,0,0,1,2,0,0,0,0,0,0,0,4,2,3,0,0,1,3,1,0,8,0,0,3,2,3,7,0,0,0,14,1,3,2,0,1,0,2,1,1,2,0,0,0,3,1,0,0,0,0,2,1,0,2,2,0,1,0,0,4,1,0,0,1,0,3,1,1,1,0,0,0,0,0,0,5,6,2,15,3,1,0,1,0,11,1,1,2,0,14,0,0,1,4,0,0,2,1,0,2,2,1,0,0,0,0,5,1,1,4,4,0,1,0,0,1,3,0,0,1,3,3,1,1,2,0,6,0,3,0,0,2,0,1,0,5,1,2,0,0,1,1,1,2,1,4,1,9,1,3,7,0,0,0,2,1,0,1,0,2,0,0,0,1,1,0,1,0,0,0,0,7,0,0,0,0,0,2,0,0,0,0,2,0,0,0,2,1,2,6,10,3,0,2,2,0,0,4,0,1,1,5,0,17,0,29,2,0,0,4,1,1,0,0,2,4,0,0,2
2,0,4,2,6,0,3,1,0,1,1,0,2,1,2,0,2,1,0,2,1,2,6,0,0,1,1,2,1,1,1,2,17,0,12,1,2,0,0,0,2,3,0,2,0,2,0,2,1,5,7,0,0,1,3,0,0,2,0,0,0,2,1,0,0,0,0,0,0,0,2,1,0,0,0,0,0,6,3,0,2,1,1,1,0,0,0,0,4,1,1,1,0,0,0,0,3,0,2,2,2,0,2,3,2,2,2,18,9,2,2,2,4,3,1,2,1,11,0,0,0,1,1,2,1,0,8,0,1,0,18,2,0,1,0,0,0,0,0,0,2,2,2,0,1,1,2,0,0,2,0,1,0,1,1,5,1,4,1,5,0,3,0,6,2,0,0,1,0,1,3,0,6,4,3,0,0,5,1,0,4,2,1,0,4,2,0,6,2,0,0,1,1,2,0,0,4,0,2,0,3,0,1,0,2,1,0,0,3,1,0,0,1,4,0,0,0,2,6,0,0,1,0,1,0,2,2,1,0,0,4,4,2,1,1,1,0,1,6,2,1,5,7,5,0,1,0,6,2,0,3,4,5,2,2,0
2,0,5,2,1,2,1,0,0,0,2,1,2,1,2,3,5,3,0,0,0,0,10,0,0,7,0,6,0,1,1,2,5,0,6,1,0,0,0,2,2,5,1,0,0,0,0,1,2,4,3,0,0,3,0,2,1,0,1,0,1,1,0,1,7,0,4,0,1,1,3,0,0,1,0,1,1,5,4,0,0,1,33,1,2,0,1,0,11,1,1,2,0,0,1,0,0,15,0,0,1,0,0,3,0,0,1,27,7,9,1,0,4,40,0,1,2,5,0,0,0,0,0,4,0,1,4,1,0,1,6,0,0,0,0,1,0,0,0,0,0,3,0,3,0,0,1,0,2,0,1,0,0,2,0,5,4,1,3,1,0,0,0,6,0,0,0,1,4,0,0,0,0,1,3,0,0,0,1,2,3,0,1,0,2,4,0,2,1,0,0,0,0,0,0,0,0,0,2,11,1,0,2,0,0,0,0,0,0,0,0,0,0,1,0,1,0,0,0,1,0,0,0,0,0,1,1,1,0,0,1,0,0,0,2,0,0,1,0,2,0,4,4,2,1,1,1,1,0,0,1,4,0,2,0,1
0,1,2,0,2,0,3,0,1,0,2,0,4,0,2,0,5,3,1,2,1,0,1,0,2,1,0,2,3,2,1,6,4,0,6,1,0,0,1,1,2,2,0,0,0,0,1,4,2,5,2,0,1,1,1,0,1,2,0,0,2,3,7,1,0,1,0,0,1,0,0,0,1,1,0,0,0,0,0,0,0,2,0,1,0,0,0,3,2,0,0,0,0,0,0,0,2,0,11,0,1,0,3,2,0,0,1,0,2,0,2,0,1,2,2,3,3,5,2,2,0,0,0,3,6,1,0,0,1,0,3,0,0,5,0,1,3,1,5,0,1,0,0,1,0,1,14,4,0,3,0,0,0,1,1,8,2,3,1,4,2,8,2,3,0,0,2,0,1,1,1,0,22,1,2,0,0,4,2,1,3,0,2,0,5,3,0,2,0,0,2,0,3,1,1,1,11,0,0,0,0,5,2,0,3,1,0,0,4,0,0,2,2,0,0,0,0,0,1,0,0,0,0,3,0,2,2,0,0,1,1,1,0,0,4,1,0,0,3,0,1,3,39,2,0,3,1,30,2,0,2,2,3,1,0,1
1,0,1,0,1,0,0,0,0,1,1,0,1,1,0,0,2,1,0,1,0,0,0,0,0,1,1,0,0,0,0,1,1,0,3,0,0,0,0,0,1,0,1,1,0,0,0,1,1,2,1,0,0,1,2,0,0,0,1,1,1,0,2,0,1,1,0,2,0,1,3,1,0,0,0,0,0,1,0,2,0,0,0,1,0,0,1,0,3,1,0,0,0,0,0,0,0,0,0,0,3,0,0,3,0,0,0,0,1,0,1,0,2,2,0,1,0,2,0,1,0,0,0,0,0,0,0,0,1,0,0,0,0,0,0,0,0,0,0,0,0,0,0,0,0,1,1,0,0,0,0,0,0,1,0,0,0,0,1,0,2,0,0,2,0,0,0,0,0,0,0,0,1,0,2,0,0,0,0,0,3,0,2,0,3,0,0,2,1,0,0,0,0,1,0,0,0,0,2,1,0,0,0,1,0,0,0,0,0,0,0,0,0,0,0,0,0,1,1,0,1,0,0,1,0,0,1,0,0,0,0,0,0,0,1,0,0,0,1,0,0,1,3,2,0,0,0,0,1,0,0,1,0,1,0,0
0,0,2,1,1,1,1,0,1,0,2,0,2,0,0,1,0,2,0,0,0,0,0,2,1,1,0,4,0,0,1,0,0,1,1,1,0,1,0,0,2,0,1,0,0,1,0,0,1,0,1,0,0,0,0,0,0,0,0,0,2,0,2,0,0,0,0,0,0,0,0,0,0,1,0,0,0,1,0,0,0,0,0,0,1,0,0,0,1,0,1,1,1,0,0,0,1,1,1,0,1,1,1,1,0,0,0,0,1,0,2,1,1,4,0,0,0,1,0,0,0,0,0,1,1,0,0,1,0,0,1,1,0,0,0,0,0,0,0,0,0,1,0,1,0,0,2,0,1,0,0,0,1,2,1,2,0,0,3,0,1,0,1,3,0,0,0,1,0,0,1,0,0,0,1,0,0,1,2,0,1,0,2,0,4,0,0,0,1,0,0,0,0,0,0,0,2,0,1,0,2,0,1,0,0,0,0,0,0,1,1,0,0,0,0,0,0,0,0,1,0,0,0,0,1,1,2,0,1,0,2,1,1,0,2,1,0,1,1,1,0,2,1,1,0,0,1,0,2,0,2,1,0,0,2,1
1,0,2,0,3,0,0,0,0,0,2,0,4,0,0,0,1,2,0,0,0,0,0,2,0,2,0,1,0,0,1,2,0,0,2,0,1,0,0,0,2,0,0,0,0,0,0,2,1,1,2,0,0,0,0,0,0,2,0,0,1,0,2,0,0,0,0,0,1,1,0,0,0,1,0,0,0,0,0,0,0,1,2,1,0,0,0,0,3,0,1,0,0,1,0,0,1,0,0,2,0,0,1,1,0,0,0,0,1,0,0,0,2,4,0,0,0,2,0,0,0,0,0,0,1,0,0,0,0,0,0,0,0,0,0,0,0,0,0,0,0,0,0,0,1,0,2,0,0,0,0,0,0,1,0,0,0,0,1,1,1,1,0,3,1,0,0,0,0,0,0,0,0,0,2,0,0,0,0,0,2,2,3,1,3,0,0,1,1,0,0,0,0,0,0,0,0,0,2,0,0,1,0,1,1,0,1,2,0,0,0,0,0,0,0,0,0,1,0,0,0,0,0,0,0,0,2,0,0,0,0,0,0,1,2,0,0,0,0,2,0,1,2,0,0,0,1,1,1,0,0,2,0,1,0,2
0,0,2,0,1,1,0,0,0,1,1,0,2,0,0,1,0,1,0,0,0,0,0,1,0,2,0,0,0,1,0,2,0,0,5,0,0,1,0,0,0,0,0,0,0,0,0,0,0,3,0,0,0,1,2,0,0,0,0,0,1,0,0,0,0,0,0,0,0,0,0,0,0,0,0,0,0,3,0,1,0,0,1,1,0,0,1,0,4,0,1,0,1,1,0,1,0,0,0,0,0,0,1,4,0,0,0,0,2,2,2,0,3,3,0,1,0,3,0,0,1,0,0,1,0,0,1,0,0,0,1,1,0,0,0,0,0,0,0,0,0,0,0,0,0,0,1,0,0,0,0,0,0,1,0,0,0,0,1,0,0,0,0,2,0,0,0,0,0,0,2,0,0,0,3,0,0,2,0,0,3,0,1,0,4,0,0,1,0,0,0,0,0,0,0,0,0,0,1,0,2,0,0,0,0,0,0,0,0,0,0,0,0,1,0,0,0,0,0,0,0,3,0,0,1,0,1,0,0,0,0,0,0,0,2,0,0,0,0,1,0,1,4,1,0,0,0,0,1,1,0,3,2,3,1,0
0,2,3,0,4,1,0,0,1,0,3,0,6,0,1,0,2,4,0,0,0,0,0,0,0,2,0,1,0,0,1,1,0,0,1,0,0,0,1,0,2,0,1,0,0,1,1,1,1,1,0,0,0,0,0,0,0,0,0,0,3,0,3,0,0,0,0,0,0,0,0,0,0,0,0,0,0,1,0,0,1,0,0,0,0,0,1,0,2,0,1,0,1,0,0,0,0,8,2,0,1,3,1,6,1,0,0,2,1,2,0,0,4,1,0,0,0,1,0,0,7,0,0,0,1,2,0,1,1,0,2,1,0,0,0,1,3,0,0,0,0,0,0,0,0,0,3,0,0,0,1,0,0,4,0,1,0,0,2,1,0,1,0,5,0,0,1,0,0,0,0,1,0,1,2,0,0,0,0,0,1,0,3,0,3,1,0,2,0,0,0,0,0,0,0,0,0,0,0,0,0,0,0,0,0,0,1,0,0,0,0,0,0,0,0,0,0,0,0,1,0,0,0,0,1,1,3,1,1,2,2,0,0,0,3,1,0,1,1,1,0,0,1,0,1,0,0,0,0,1,0,1,1,2,1,0
0,0,2,0,0,1,0,0,0,1,1,0,0,1,0,0,3,0,0,0,0,0,0,0,0,0,0,2,0,0,0,3,1,0,7,0,1,0,0,0,0,0,0,0,0,0,0,1,0,2,0,0,0,2,1,0,0,0,0,0,0,0,0,1,0,1,0,0,0,0,0,0,0,0,0,0,0,0,0,0,0,0,0,1,0,1,2,0,4,0,1,0,0,0,0,1,0,0,2,1,1,0,0,5,0,0,0,0,2,0,0,0,4,4,0,3,0,4,0,0,0,0,0,2,0,0,0,1,0,0,0,0,0,0,1,0,0,0,0,0,0,0,0,0,0,0,1,1,0,0,0,0,0,0,0,2,0,0,0,0,0,0,0,1,1,0,0,1,0,0,0,0,1,0,4,0,0,3,0,0,6,0,1,0,4,1,0,3,0,0,0,0,0,0,0,0,0,0,1,0,0,0,0,0,0,0,1,0,1,0,0,0,0,0,0,0,0,1,0,0,0,2,0,2,0,0,0,0,1,0,0,1,1,0,1,0,0,0,0,1,1,1,7,1,0,0,2,0,2,0,5,4,1,3,2,1
0,1,2,0,1,0,0,0,0,0,1,0,1,1,0,1,1,1,0,0,0,0,0,0,0,1,2,1,0,0,0,1,1,0,4,0,0,0,0,0,0,0,0,0,0,0,0,0,0,1,0,0,0,1,1,0,0,0,0,0,1,0,2,0,0,1,0,0,0,0,0,0,3,0,0,0,0,0,0,0,0,1,0,1,0,3,0,0,3,1,3,0,0,0,0,0,0,3,0,0,5,0,0,3,0,0,0,0,2,0,0,0,3,3,0,0,0,3,0,0,0,0,0,1,0,0,0,0,0,0,1,2,0,0,1,0,0,0,0,0,0,0,0,0,0,0,2,0,1,0,0,0,0,1,0,3,0,1,1,0,1,0,0,2,1,0,0,0,0,1,0,2,2,0,3,0,0,0,0,0,3,0,1,0,3,0,0,3,0,0,0,0,1,0,0,0,1,0,1,0,0,0,0,0,0,0,0,0,0,0,2,0,1,0,0,0,0,0,1,0,1,0,0,0,0,0,3,0,1,0,1,0,0,0,1,1,0,0,0,0,0,1,8,0,0,0,1,0,1,0,1,3,0,3,1,2
0,0,2,0,1,0,0,0,0,0,2,0,2,0,0,1,0,2,0,0,0,0,0,1,0,0,1,3,0,0,0,0,2,0,3,1,0,0,0,0,1,0,2,0,0,0,1,0,1,3,0,0,0,2,1,0,0,1,0,0,1,0,1,0,0,0,0,0,1,0,0,0,0,0,0,0,0,0,0,0,0,1,0,0,0,0,1,1,3,0,2,0,0,0,0,0,0,0,0,0,1,0,0,2,0,0,0,0,2,0,1,0,3,3,0,1,1,3,0,0,0,0,0,2,0,0,1,0,0,0,0,0,0,0,0,0,0,0,0,0,0,0,0,0,0,0,1,0,0,1,0,0,0,1,0,0,0,0,1,0,3,0,0,1,0,0,0,2,0,0,0,4,3,0,3,0,0,2,0,0,3,0,1,0,4,0,0,2,0,0,0,0,0,0,0,0,0,0,5,0,1,1,0,0,0,0,0,0,2,0,0,0,0,0,0,0,0,0,0,0,1,1,0,1,0,0,1,0,0,1,0,0,0,0,3,1,0,0,0,2,0,3,8,1,0,0,1,2,2,0,1,4,0,4,2,0
1,1,2,0,3,0,1,0,0,1,2,0,2,0,0,0,2,2,0,0,0,1,0,0,0,2,0,1,0,1,0,2,0,0,2,0,0,0,0,1,2,0,0,0,0,0,0,0,0,1,0,0,0,0,1,0,1,1,0,0,2,1,2,0,0,0,0,0,1,1,0,0,0,0,0,0,0,1,1,0,0,0,0,0,0,0,2,0,2,0,1,0,1,0,0,0,0,0,1,0,0,2,1,2,0,0,1,0,1,0,0,0,2,2,0,0,0,2,0,0,0,0,0,2,0,0,0,0,0,0,0,0,0,0,1,0,0,1,0,1,0,0,0,1,0,0,2,0,0,0,0,0,0,2,0,0,0,0,2,2,0,0,0,3,2,1,0,0,0,0,0,0,0,0,2,1,1,1,0,0,2,0,2,0,2,0,0,4,1,0,2,0,2,0,0,0,0,0,0,0,1,2,0,0,0,0,0,2,0,0,0,0,0,1,0,0,1,0,1,0,0,0,0,1,1,0,2,0,0,2,1,2,0,0,3,0,0,0,0,0,0,0,5,0,0,0,0,0,0,1,0,3,2,3,0,0
0,0,2,0,3,0,1,0,0,0,0,0,3,0,0,1,1,2,0,0,0,0,0,1,0,0,0,0,1,0,1,2,1,1,8,0,0,0,0,0,0,1,2,1,1,0,1,0,1,2,1,2,0,3,1,0,0,2,0,1,0,0,0,0,0,0,1,0,0,0,0,0,0,0,0,0,0,0,0,0,0,0,0,0,0,0,2,0,3,1,2,0,0,1,0,0,0,0,1,0,1,0,0,2,0,0,0,0,2,0,1,0,3,2,0,1,0,3,0,0,0,0,0,0,0,0,1,0,0,0,1,1,0,0,0,0,1,0,0,0,0,1,0,0,0,0,2,1,0,0,0,0,0,0,1,2,0,0,1,0,1,0,0,0,0,0,0,1,0,0,1,0,2,0,2,0,0,1,0,0,4,0,1,0,4,1,0,2,0,0,0,0,0,0,0,0,0,0,0,0,0,0,0,0,0,0,0,0,0,0,0,0,0,0,0,0,0,0,0,0,0,0,0,0,1,0,1,0,1,0,0,0,0,0,3,0,0,0,0,0,0,4,2,1,0,0,1,1,3,1,2,2,0,5,3,0
0,0,2,0,1,1,0,0,1,0,2,0,2,0,0,1,1,2,0,0,0,0,0,0,0,1,1,1,0,0,0,1,1,0,3,1,0,0,1,0,0,0,0,0,0,1,0,0,1,0,0,0,0,0,0,0,0,1,0,0,2,0,1,0,0,0,0,0,0,1,0,0,0,0,1,1,0,0,0,0,0,1,2,0,0,1,1,0,5,0,2,1,0,0,0,0,0,1,1,2,1,1,0,3,0,0,0,0,1,1,1,1,2,2,0,0,1,2,0,1,0,1,0,0,0,0,0,0,0,0,0,0,0,1,2,0,0,0,0,0,0,0,1,0,0,0,2,0,0,1,0,0,0,1,0,0,0,0,2,1,1,1,0,2,0,0,2,0,0,0,1,0,1,1,2,0,0,0,0,0,3,0,1,2,2,1,2,2,0,1,0,0,0,0,0,0,0,0,0,0,0,1,0,0,0,0,0,0,2,0,0,0,0,0,1,1,0,1,1,0,0,0,0,1,0,0,1,0,1,0,0,0,0,1,1,0,0,0,0,0,0,0,3,1,0,0,1,0,1,1,1,2,0,2,1,0
1,1,1,0,1,0,1,0,1,0,1,0,1,2,0,0,2,1,0,0,0,0,0,1,1,2,0,2,0,1,0,2,0,0,6,0,1,0,0,0,1,0,0,0,2,1,0,0,0,2,0,0,0,0,1,0,2,2,0,0,1,0,2,1,0,0,1,1,2,1,0,0,0,0,0,0,0,0,0,0,0,0,0,1,0,0,0,0,3,1,0,0,0,0,0,0,0,0,0,2,1,0,1,2,0,0,0,0,1,1,1,1,3,3,0,0,0,3,0,0,0,0,0,0,0,0,0,0,0,0,0,1,0,0,0,0,0,0,0,0,0,0,0,0,0,0,1,0,0,0,0,0,0,1,0,0,0,0,2,0,1,0,0,2,3,0,0,1,0,0,1,0,0,0,3,0,0,2,1,0,3,0,1,0,1,0,0,3,1,0,0,0,0,0,0,0,0,0,1,0,0,0,0,0,0,0,0,0,2,0,1,0,0,0,1,0,0,0,1,0,0,0,0,0,0,0,1,0,0,0,0,0,1,0,2,0,0,0,3,2,1,3,6,2,0,2,1,0,1,1,1,3,0,3,3,1
0,0,2,0,2,0,0,0,0,0,1,0,2,1,0,0,3,1,0,0,0,0,0,0,0,1,0,2,0,0,0,4,0,0,4,0,1,0,0,1,0,0,0,0,0,0,0,0,2,3,0,0,0,4,0,1,1,3,0,0,1,0,0,0,0,1,1,0,1,1,0,0,1,0,0,0,0,0,0,0,0,0,0,1,2,0,1,0,4,0,0,1,0,0,0,0,0,0,0,2,0,1,1,2,0,0,0,0,4,0,1,0,3,3,0,0,0,3,0,0,0,0,0,2,0,1,0,0,0,0,0,0,0,0,0,0,0,0,0,0,0,0,0,0,0,0,1,0,0,1,0,0,0,0,0,0,0,0,0,0,1,1,0,1,0,0,1,0,0,0,0,0,0,0,3,0,0,0,0,0,3,1,1,0,2,3,0,4,0,0,0,2,0,0,1,0,1,0,1,0,0,0,0,0,0,0,0,0,2,0,0,0,0,0,0,0,0,0,1,0,0,1,0,0,0,1,1,0,0,0,0,0,1,1,1,0,0,1,0,1,0,1,6,0,0,0,1,0,0,0,3,3,1,3,0,2
0,0,3,0,1,0,0,0,0,0,1,0,1,0,0,0,1,1,0,0,0,0,0,0,0,0,0,4,0,0,0,3,1,0,4,0,0,0,0,0,1,0,3,0,0,0,0,0,1,2,0,0,0,1,1,0,0,1,0,0,1,0,1,0,1,0,0,0,0,0,1,0,0,0,0,0,0,2,1,0,0,0,0,0,0,0,1,0,6,1,0,0,0,0,0,0,0,0,2,0,0,0,0,2,0,0,0,0,0,0,0,0,3,3,0,2,0,3,0,0,0,0,0,0,0,0,1,0,0,0,1,0,0,2,1,0,2,1,0,0,0,0,0,0,0,0,1,1,0,0,0,0,0,1,0,2,0,0,1,1,2,0,0,2,0,0,0,0,0,0,1,0,1,0,3,0,0,0,0,0,3,1,1,0,4,1,2,2,1,0,0,0,0,0,0,0,0,0,0,0,0,0,0,0,0,0,0,0,0,0,0,0,0,0,0,0,0,0,0,0,0,0,0,0,1,0,2,0,3,0,1,0,0,2,2,0,0,1,0,0,0,0,5,2,0,0,1,3,1,0,1,3,0,1,0,0
0,0,1,0,0,0,0,0,0,1,1,0,1,0,0,0,2,1,0,0,1,0,0,0,0,1,1,0,0,1,1,2,3,0,7,0,0,0,0,0,1,0,1,1,0,0,1,1,0,2,1,0,0,1,0,0,0,0,0,0,1,0,2,0,0,0,0,2,0,0,0,0,1,0,2,0,0,0,0,0,1,2,0,0,0,1,1,1,4,1,0,0,0,0,0,1,0,0,1,0,1,0,0,2,1,0,0,0,1,0,0,0,3,4,0,0,0,3,0,0,0,0,0,1,0,1,0,0,0,1,0,0,0,0,0,0,0,0,0,0,0,0,1,0,0,0,1,0,0,0,0,0,0,1,0,0,0,0,1,1,0,0,0,1,0,0,1,0,0,0,0,1,0,0,2,0,0,1,0,1,3,0,1,0,2,1,1,1,0,0,0,1,0,0,0,1,0,0,2,0,1,0,0,0,0,0,0,0,0,0,0,0,0,0,0,0,0,0,2,0,0,3,0,0,0,0,1,0,1,1,1,0,0,0,1,1,0,1,1,0,0,2,4,1,0,0,0,0,1,0,1,3,1,2,2,0
0,0,4,0,2,1,0,0,1,0,2,0,2,0,0,0,0,2,0,0,0,0,0,0,2,0,1,1,0,0,0,1,2,0,7,0,0,0,0,0,1,0,1,0,0,0,1,2,0,2,3,0,0,0,1,0,1,0,0,0,1,0,1,0,0,0,0,1,0,0,0,0,0,0,0,0,0,0,0,0,0,1,0,0,1,0,3,0,2,0,0,0,0,0,0,0,1,0,0,0,2,0,0,2,0,0,1,0,1,0,1,0,3,2,0,3,0,2,0,2,0,0,1,0,0,0,0,0,0,0,1,0,0,0,0,0,0,0,1,0,0,0,0,0,0,0,4,0,0,0,0,0,0,0,0,0,0,2,0,0,0,0,0,2,0,0,1,1,0,0,1,0,1,0,2,0,0,0,0,0,2,0,2,0,6,1,0,2,1,0,0,0,0,0,0,0,0,0,1,0,0,0,0,0,0,0,1,0,0,0,0,0,1,0,0,0,0,0,0,0,0,1,0,0,0,1,3,0,3,2,0,0,0,0,3,0,0,1,0,1,0,2,4,3,0,0,1,0,3,0,0,2,0,1,1,0
0,0,2,0,3,0,0,0,0,0,1,0,3,0,0,1,1,1,1,0,0,1,0,0,0,1,0,2,0,0,1,1,0,1,5,0,0,0,0,0,1,0,0,0,0,0,0,0,0,1,0,0,0,1,0,1,0,3,0,0,0,0,1,0,0,0,0,0,1,1,0,0,1,1,0,0,0,4,0,0,0,1,0,1,0,0,0,0,6,0,0,0,0,0,0,0,0,1,0,1,0,0,0,1,0,0,1,0,1,0,2,0,3,4,0,0,0,3,0,0,2,0,0,0,0,0,0,0,0,0,0,0,0,0,0,0,0,0,0,0,1,0,0,0,0,0,2,0,0,0,2,0,0,0,0,1,0,1,0,0,0,0,0,1,0,0,0,1,0,0,0,0,0,0,3,0,0,0,0,1,3,1,1,0,2,2,1,0,0,0,1,0,0,0,0,0,0,0,3,0,0,1,0,0,0,0,0,1,0,0,0,0,0,0,0,1,0,0,0,0,0,0,0,0,0,0,1,0,0,1,3,0,0,0,1,2,0,0,0,1,0,1,5,3,0,0,0,0,2,1,0,5,0,2,1,1
1,0,3,0,4,0,0,1,0,1,3,0,3,1,0,0,2,3,0,0,0,0,0,0,0,2,0,3,1,0,1,1,1,0,1,2,1,0,0,0,0,0,0,0,0,0,0,0,1,3,1,0,0,1,0,0,0,1,0,0,3,0,1,0,0,0,0,0,0,0,1,0,0,0,0,0,1,3,0,0,0,0,0,0,0,0,1,0,1,0,0,0,1,0,0,1,0,2,1,2,1,1,1,1,0,0,0,0,1,1,1,0,1,8,0,0,2,1,0,0,1,0,1,0,0,1,0,0,0,0,3,1,0,0,0,0,0,0,0,0,0,0,1,2,0,0,3,0,2,0,0,0,0,2,0,3,0,0,2,0,0,0,0,4,0,0,0,0,0,0,0,0,1,0,1,0,0,0,1,1,1,2,3,0,5,2,0,1,0,0,0,0,0,0,0,0,1,0,0,0,0,1,0,0,0,0,0,0,0,0,0,0,0,0,0,0,0,0,1,0,0,0,0,0,1,0,3,0,0,0,0,0,1,0,3,0,0,0,0,1,0,3,4,1,0,0,1,0,2,1,1,2,0,0,2,0
0,0,2,0,3,0,2,1,0,0,2,1,4,0,0,2,1,3,0,0,0,0,0,0,1,1,0,5,0,0,1,1,2,0,5,0,0,0,0,1,0,0,0,1,0,0,0,0,0,3,1,0,0,0,0,1,0,4,0,0,2,0,2,0,0,0,0,0,0,1,0,0,0,0,0,0,1,2,0,0,0,0,0,0,0,0,1,0,1,0,0,1,1,0,0,0,0,1,0,1,0,0,0,0,0,0,1,0,0,0,0,0,2,1,0,0,0,2,0,0,0,0,0,0,0,0,0,0,0,0,1,0,0,0,0,0,0,1,0,0,1,0,1,3,0,0,4,0,1,0,1,0,2,2,0,1,2,1,0,0,1,0,0,2,0,0,1,0,0,0,1,0,1,0,1,0,0,1,0,2,2,0,2,0,3,2,0,1,1,0,1,0,0,0,0,0,0,0,2,0,0,0,0,0,0,0,0,0,1,0,0,0,0,0,0,0,0,0,0,0,0,1,0,0,1,1,3,0,0,0,0,2,0,0,3,1,0,1,0,0,0,1,3,1,0,0,0,0,1,0,0,2,0,1,0,0
0,0,0,0,1,0,0,0,0,0,0,0,0,1,0,0,2,0,0,0,0,0,0,0,0,0,0,2,0,0,0,2,2,0,6,0,0,0,0,0,0,0,0,0,1,0,0,0,0,2,0,0,0,2,1,0,1,0,0,0,0,0,0,0,0,2,0,0,2,1,0,0,3,1,0,0,0,0,0,0,0,0,0,3,0,0,2,0,5,0,0,0,0,0,0,0,1,0,0,1,1,0,0,2,0,0,0,0,1,1,1,1,4,4,0,0,0,4,0,0,0,0,1,0,0,1,0,0,0,0,0,0,0,0,0,0,0,1,0,0,0,0,0,1,0,0,0,0,0,0,0,0,0,0,0,0,0,0,0,1,0,0,0,0,1,0,0,0,0,0,0,0,0,0,4,0,0,0,0,1,4,0,0,0,2,1,0,2,0,0,0,0,0,0,0,0,0,0,2,0,1,2,0,0,0,0,0,0,2,0,3,0,0,0,1,0,0,0,0,0,0,0,0,2,0,0,0,0,2,0,1,0,0,0,0,0,0,0,1,0,0,3,6,2,0,1,1,0,2,1,3,4,1,4,0,0
0,0,0,0,0,0,0,1,0,0,0,0,0,0,0,0,0,0,0,0,0,0,0,0,0,0,0,1,0,0,0,2,2,0,6,0,1,0,0,1,0,0,0,0,0,0,0,0,1,4,0,0,0,1,1,1,1,1,0,0,1,0,0,0,0,0,0,0,1,0,0,0,0,0,0,0,0,0,1,0,0,0,0,2,0,0,2,0,5,1,0,0,0,0,0,1,0,0,0,0,0,0,0,3,0,0,0,0,4,1,0,0,4,4,0,0,0,4,0,0,0,0,0,1,0,0,1,0,2,1,0,0,0,0,1,0,0,0,0,0,0,0,0,0,0,0,1,0,1,0,0,0,0,0,0,0,0,0,1,0,2,0,0,0,0,0,0,0,1,0,2,0,0,0,4,0,0,0,0,0,5,0,0,0,4,0,0,0,0,0,0,0,1,0,0,0,0,0,3,0,0,3,0,0,2,0,0,0,0,0,0,1,0,0,0,0,0,0,1,0,0,0,0,0,0,0,0,0,0,0,0,0,0,0,0,0,0,0,0,2,0,1,6,1,0,0,1,0,3,0,0,4,0,3,2,1
0,0,1,0,3,1,0,1,0,0,1,0,1,1,0,2,2,1,0,0,0,0,0,0,0,0,2,2,0,0,0,2,0,0,4,0,0,0,0,0,0,0,0,0,0,0,0,2,0,1,0,1,0,2,0,0,0,0,0,0,1,0,0,1,0,0,0,0,0,1,0,1,1,0,0,0,0,0,0,0,0,0,0,0,0,0,2,0,3,1,0,0,0,1,0,0,0,0,1,1,2,0,0,4,0,0,0,0,1,1,3,0,3,3,0,0,1,3,0,0,0,0,0,2,1,1,0,0,0,0,1,0,0,0,0,0,0,0,0,0,0,1,1,1,0,0,3,0,0,0,0,0,0,0,0,1,0,0,0,0,1,0,0,1,1,0,0,2,0,0,2,1,2,0,3,0,0,1,1,1,3,0,1,0,2,1,0,1,0,0,0,0,0,0,0,0,1,0,0,0,2,1,1,0,0,0,0,0,1,0,1,0,0,1,0,0,0,1,0,0,0,0,0,0,0,0,1,0,0,0,1,0,0,0,2,0,0,2,0,2,2,1,7,2,0,0,0,0,3,0,1,3,0,3,4,0
0,0,2,0,4,3,0,0,1,0,2,0,3,1,0,2,1,3,0,0,0,0,1,0,1,1,1,0,0,0,2,1,0,0,3,0,0,0,0,0,3,1,0,0,1,0,0,0,0,0,0,0,0,2,0,0,1,1,0,0,2,0,1,0,0,0,0,0,0,0,0,0,1,0,0,0,0,0,0,0,1,0,0,0,0,1,2,1,2,0,0,0,1,0,0,0,0,2,0,0,0,0,1,2,0,0,0,1,2,1,1,0,2,2,0,0,0,2,0,0,0,1,1,2,0,0,0,1,0,0,0,1,0,0,0,0,0,0,0,1,0,2,1,0,0,0,2,0,1,3,0,0,0,2,0,0,0,1,2,0,0,1,0,2,1,2,0,0,0,0,0,3,1,0,2,0,0,1,0,1,2,3,4,1,4,0,0,1,1,0,0,1,0,0,0,1,0,0,0,0,1,0,0,0,0,0,0,0,1,0,0,0,1,2,0,0,0,1,1,0,0,0,0,0,0,0,2,0,3,0,0,0,1,0,5,1,0,1,0,0,0,1,3,0,0,1,4,1,1,0,1,3,0,2,1,0
1,2,5,0,0,2,0,0,0,1,1,0,2,0,0,0,1,1,1,0,0,0,0,0,0,0,1,1,0,0,0,4,1,2,3,0,0,0,0,1,1,0,0,1,1,2,0,1,0,2,0,0,0,1,0,0,0,1,0,0,1,0,2,0,0,0,0,2,0,1,0,0,1,0,0,0,0,0,0,0,0,2,0,1,1,0,3,0,3,0,1,0,0,0,0,0,0,0,0,0,0,0,0,2,0,0,0,0,1,0,0,0,3,3,0,1,0,3,0,0,0,0,0,1,0,0,0,0,0,0,0,0,0,0,1,0,0,1,0,1,0,0,0,0,0,0,1,0,0,0,0,0,0,1,0,0,0,0,2,1,0,0,1,1,3,0,0,4,0,0,0,0,0,0,3,0,0,0,1,0,3,0,1,0,4,0,0,3,0,2,0,1,2,1,0,0,0,0,0,0,0,0,0,0,0,0,0,1,1,1,3,0,0,0,0,2,0,0,0,0,0,2,0,0,0,1,1,1,0,0,1,1,0,0,2,0,0,0,0,0,1,1,5,1,0,0,0,0,1,0,0,3,3,1,0,1
0,0,2,0,3,0,0,1,1,1,3,1,2,0,0,0,1,2,0,1,0,2,0,0,3,1,0,2,0,1,1,1,0,0,5,0,0,0,0,0,2,0,0,0,0,0,0,0,0,0,0,2,0,1,0,0,0,0,0,0,2,0,2,0,0,0,1,0,0,0,0,0,1,0,0,1,3,0,0,0,2,0,0,0,0,1,0,0,1,0,1,0,0,0,0,0,0,2,0,0,0,0,0,0,0,1,0,0,1,1,0,0,2,2,0,0,0,2,0,0,1,0,2,0,0,1,0,1,0,0,1,1,1,0,0,3,0,0,1,0,1,0,1,0,1,0,2,1,0,0,0,0,0,3,0,0,0,0,2,0,1,0,0,2,0,1,0,0,0,0,2,2,0,0,1,0,1,0,0,1,2,0,3,0,2,0,0,0,1,0,0,0,1,0,2,1,0,0,1,1,0,0,0,0,1,1,0,0,1,1,0,0,0,1,0,0,0,0,0,0,1,0,0,0,1,0,2,0,0,0,1,2,0,0,4,1,0,0,0,0,1,2,2,2,0,1,3,0,0,0,0,3,0,0,0,0
0,0,2,0,2,0,0,0,1,0,1,1,2,0,1,0,3,1,1,0,0,0,0,0,0,1,1,1,0,0,1,2,3,0,6,0,0,0,0,0,1,0,0,0,0,0,0,0,0,1,0,0,0,1,1,0,0,1,0,0,1,1,1,0,0,0,0,0,0,0,0,0,0,0,0,0,0,0,0,0,0,0,0,0,0,1,1,0,3,0,2,1,0,0,0,0,0,1,2,0,1,0,0,3,0,0,0,1,2,3,2,0,3,3,0,3,0,3,0,0,1,1,0,0,3,0,1,0,0,0,0,0,0,0,0,0,0,1,0,0,0,0,0,1,0,0,1,1,0,0,0,0,1,1,0,3,0,0,1,1,1,0,1,2,0,0,0,0,0,0,1,3,0,0,3,0,1,0,1,0,3,0,1,0,6,2,0,6,1,0,0,0,0,0,0,0,0,0,1,0,1,2,0,0,0,1,0,0,2,0,0,0,0,0,0,0,0,0,1,0,0,0,0,0,0,0,1,0,4,0,0,1,0,0,1,0,0,1,0,1,0,3,5,1,0,0,1,1,2,0,1,3,0,3,1,0
0,1,3,0,5,0,1,0,1,0,3,0,7,0,0,1,1,3,0,1,0,0,0,2,2,3,0,2,0,0,0,0,1,0,3,1,0,2,0,0,1,0,0,0,2,0,1,1,0,1,1,0,0,1,1,0,1,0,0,0,2,0,2,0,0,0,0,0,0,0,0,0,0,0,0,0,0,0,0,1,0,0,1,0,0,0,0,0,2,0,1,0,1,0,0,2,0,2,0,0,2,0,0,1,2,0,0,0,0,0,0,0,1,2,0,0,0,1,0,0,0,0,0,0,2,0,3,0,0,0,0,5,0,0,0,0,0,0,0,1,0,0,0,0,0,0,4,0,0,0,0,2,0,2,0,0,0,0,2,0,3,0,0,5,0,1,0,3,0,0,0,0,3,0,1,0,0,1,0,0,1,0,3,3,5,0,1,3,2,0,0,0,0,0,0,0,2,0,0,0,1,1,0,0,0,0,1,0,2,0,0,1,1,1,0,1,0,0,1,0,0,1,1,1,1,0,3,0,0,0,1,0,0,0,3,0,0,0,0,3,0,1,4,0,1,0,0,4,2,0,0,1,2,1,1,1
1,1,2,0,3,0,1,0,0,1,3,0,1,1,0,0,1,1,0,1,0,0,0,0,2,1,0,0,0,1,0,1,0,0,4,0,0,0,0,0,2,0,1,1,0,0,0,0,0,1,1,1,0,1,0,0,0,1,0,0,1,0,1,1,0,0,0,0,0,0,0,0,0,0,0,0,0,0,0,0,0,1,0,0,0,0,0,0,3,1,1,0,0,0,0,0,0,0,0,0,1,0,0,3,0,0,0,0,2,0,1,0,3,3,1,1,0,3,0,0,0,1,0,1,0,0,0,0,0,0,0,0,0,0,0,0,0,1,0,1,0,0,0,0,0,0,1,0,0,0,0,0,0,1,1,0,0,0,0,2,0,0,0,3,0,0,0,0,0,0,0,2,0,0,3,0,0,0,0,1,3,0,1,0,3,0,0,1,0,0,0,0,0,0,0,0,0,0,1,0,0,0,0,0,0,0,0,0,1,0,0,0,0,0,0,0,0,0,0,0,0,0,0,1,0,0,1,0,0,0,0,0,0,0,1,0,0,0,0,0,0,2,3,2,0,0,0,0,2,1,1,4,0,1,2,1
0,0,1,0,0,0,3,0,0,1,0,0,0,0,0,0,1,0,0,0,0,0,0,0,0,0,2,3,0,1,0,3,0,1,5,0,0,0,0,1,0,0,0,0,0,0,0,0,0,1,0,2,1,2,1,0,1,3,0,0,1,0,0,0,0,1,0,1,0,0,0,1,0,0,0,0,1,0,1,0,0,3,0,0,0,1,1,1,4,2,4,0,0,0,0,0,0,0,0,1,2,0,0,3,0,0,0,0,2,1,0,0,4,4,0,0,0,4,1,0,0,0,0,0,0,0,0,0,0,1,0,2,0,0,2,0,0,0,0,0,0,0,0,0,0,0,1,0,2,0,1,0,0,0,0,0,0,0,1,0,0,0,0,0,0,0,0,0,0,0,0,0,0,0,4,0,0,0,0,0,4,0,0,0,3,1,1,0,0,0,0,0,0,0,0,0,0,0,3,0,1,0,0,0,1,0,0,0,1,0,3,1,0,0,0,0,0,0,0,0,0,0,0,0,0,0,2,0,2,0,0,0,0,0,1,1,0,1,1,0,0,3,7,1,0,0,1,0,2,0,1,4,1,3,3,0
0,0,3,0,2,1,0,0,0,0,2,0,2,0,1,2,0,2,1,0,0,0,0,0,0,1,0,2,0,1,1,0,1,0,4,0,0,0,0,0,2,0,1,0,0,0,1,0,1,2,1,2,0,1,0,0,0,5,0,0,2,0,3,0,0,0,1,3,0,1,0,0,0,0,0,0,0,1,0,0,0,1,1,0,0,0,1,0,7,1,1,0,0,0,0,1,0,0,0,0,0,0,1,2,0,0,0,0,1,0,1,0,2,2,0,0,0,2,0,0,0,0,1,1,0,1,2,0,0,0,1,0,0,0,0,0,0,2,0,0,0,0,0,0,2,0,2,0,0,0,1,0,0,2,0,0,0,0,1,1,0,0,0,3,0,0,0,0,0,0,0,0,3,0,2,0,1,0,0,0,2,0,2,2,4,1,0,2,0,1,1,1,1,0,0,0,1,0,1,0,2,0,2,0,1,0,0,0,0,0,0,0,0,0,0,0,0,0,1,0,1,0,0,0,0,0,2,0,0,0,0,0,0,0,2,0,0,0,0,2,0,1,5,2,0,1,1,0,2,1,0,3,0,1,0,0
2,1,2,0,0,0,0,0,1,0,1,1,1,1,0,1,2,1,0,0,1,0,0,0,0,0,1,2,0,0,0,2,0,0,5,0,0,0,0,0,1,0,0,0,1,0,0,0,0,1,0,2,1,1,0,0,0,2,0,0,1,0,1,0,0,0,1,0,0,1,1,0,0,0,0,0,1,0,0,0,0,0,0,0,0,0,0,0,4,0,1,0,0,0,0,0,0,1,0,1,1,0,1,3,1,0,0,0,2,0,0,0,4,3,1,0,0,4,0,0,1,0,0,0,0,2,2,0,0,0,0,0,0,0,0,0,0,0,0,0,0,0,0,0,0,0,1,0,2,1,0,0,0,1,0,1,0,0,1,3,0,0,0,1,3,0,0,0,0,0,0,1,0,1,3,0,0,0,1,0,3,0,1,0,3,0,0,3,1,0,0,0,0,0,1,0,0,0,1,0,0,0,0,0,0,4,3,0,0,0,0,0,0,0,0,1,0,0,0,0,0,0,0,0,0,0,1,0,5,0,1,0,0,0,1,0,0,2,0,0,0,2,4,3,0,1,1,0,1,0,0,3,1,2,2,1
2,0,2,0,1,0,1,0,0,0,1,0,1,0,0,0,3,1,0,0,0,0,0,0,1,1,0,2,0,0,0,3,0,0,3,0,0,0,0,1,1,0,0,0,0,0,0,0,0,1,1,0,0,2,0,0,0,1,0,0,1,0,1,0,0,2,0,1,1,0,1,0,0,0,0,0,0,0,0,0,0,1,0,1,0,1,0,0,3,1,1,0,0,0,0,0,0,0,0,0,0,0,0,2,0,0,1,0,1,0,0,0,3,3,1,0,0,3,0,0,0,0,0,0,0,0,0,0,0,0,0,0,0,0,0,0,0,0,0,1,0,0,0,0,0,0,1,0,0,0,0,0,0,1,0,0,0,0,1,1,1,0,0,2,2,1,0,0,0,0,0,0,0,2,3,0,0,0,0,0,3,0,1,0,1,1,0,4,0,0,0,1,2,0,0,0,0,0,1,0,2,2,1,0,1,0,0,0,0,0,0,0,0,0,0,1,0,1,0,0,0,0,0,0,0,0,1,0,0,0,1,0,0,0,1,0,0,0,1,1,0,1,5,1,0,0,1,0,2,0,0,3,1,3,1,1
0,0,2,0,3,0,0,0,0,0,2,0,3,0,0,1,3,3,1,0,0,0,0,0,0,2,0,1,0,0,1,2,0,0,3,0,0,0,1,0,1,0,0,0,0,0,0,0,0,3,1,0,0,0,0,0,0,0,0,0,1,0,1,0,0,0,0,0,1,1,0,0,0,1,0,0,0,2,0,0,0,1,0,1,0,1,0,0,2,0,0,0,0,0,0,1,0,0,0,0,1,0,0,2,0,0,0,0,2,0,0,0,2,2,0,0,0,2,0,0,0,0,0,1,0,0,1,1,0,0,1,0,0,0,0,0,1,0,0,0,0,0,0,1,0,0,3,1,1,1,0,0,0,1,0,2,0,0,1,0,1,0,0,3,0,0,0,2,0,0,1,0,0,0,1,0,0,0,0,2,2,0,2,0,2,2,0,0,0,0,0,0,1,0,0,0,0,0,0,0,3,0,0,1,0,0,0,0,1,0,0,0,0,0,0,0,0,0,0,0,0,0,0,0,0,0,2,0,0,0,0,0,0,0,2,1,0,0,1,1,1,1,5,2,0,0,0,1,0,0,0,2,0,1,1,2
1,1,3,0,1,2,0,0,0,3,1,1,2,0,0,0,2,1,0,0,1,0,1,1,0,1,1,3,0,1,0,2,0,0,6,0,0,0,0,1,1,0,0,0,0,0,0,0,1,2,1,0,0,2,0,0,1,4,0,0,2,0,1,0,0,0,1,0,0,0,0,0,0,0,0,0,0,0,0,0,0,1,0,0,0,0,1,0,4,1,1,0,0,0,0,0,0,0,0,1,1,0,0,0,0,0,0,0,0,0,2,0,3,3,0,0,0,3,0,0,0,0,0,0,0,0,0,0,0,0,0,1,0,0,0,0,0,0,0,0,0,0,0,0,1,0,1,0,0,0,1,0,0,1,0,0,0,0,2,0,1,0,0,2,0,0,0,0,0,0,1,1,2,0,3,0,0,0,1,1,3,1,1,0,2,0,1,1,0,1,0,0,0,0,0,0,0,1,2,0,1,0,0,0,0,0,0,0,0,0,0,1,0,0,0,0,0,0,0,0,0,0,0,0,0,0,2,0,0,0,0,0,0,0,1,0,0,0,0,0,1,1,7,3,0,0,1,0,1,0,0,3,0,1,0,0
0,0,1,0,0,0,0,0,0,0,1,0,1,0,0,0,3,1,0,0,0,0,0,0,0,1,0,1,0,0,0,3,1,1,3,0,0,0,0,0,1,0,0,0,0,0,0,1,0,1,0,0,1,0,1,0,3,1,0,0,1,0,2,0,0,0,3,0,2,0,0,0,0,0,0,0,0,1,1,0,0,1,1,1,0,0,0,0,4,0,2,0,0,0,0,0,0,0,0,0,0,0,0,3,0,0,0,1,3,0,0,0,4,5,0,0,0,4,1,0,1,1,0,1,0,0,0,0,0,0,2,0,0,0,0,1,0,0,0,2,0,1,0,0,0,0,5,1,0,2,1,0,0,1,0,2,0,0,2,0,2,0,2,1,2,1,0,0,0,1,0,0,4,0,3,0,0,0,0,0,3,0,1,0,1,1,0,3,0,0,0,0,1,0,1,0,0,0,0,0,0,2,0,0,0,0,0,0,0,0,0,0,0,0,0,0,0,0,0,0,0,0,0,0,1,0,3,0,0,0,1,0,0,0,3,1,0,1,0,1,4,0,8,3,0,0,0,0,0,0,0,4,0,3,0,1
0,0,3,0,6,1,0,0,1,0,3,0,5,0,0,2,2,4,0,1,0,1,0,0,0,2,0,1,0,0,1,1,1,0,1,0,0,0,0,0,3,0,0,0,0,0,0,0,0,1,1,1,1,1,1,0,1,0,0,0,3,0,4,0,0,0,0,0,0,0,0,0,0,0,0,0,0,0,0,1,0,1,0,0,0,0,0,0,1,0,1,0,0,1,0,0,0,4,0,0,0,2,2,0,0,0,0,0,1,0,0,0,2,4,0,0,0,1,0,0,1,0,0,0,2,6,1,0,0,1,2,0,0,0,0,1,0,0,0,0,0,0,0,0,0,0,4,0,0,1,1,3,0,3,0,1,0,0,3,1,1,0,0,5,0,0,3,0,0,0,0,0,0,0,1,0,0,1,0,1,1,0,3,0,4,0,0,1,0,0,0,0,1,0,0,1,0,0,1,0,0,0,0,0,0,0,1,0,1,0,1,0,0,1,0,0,0,0,0,0,0,0,0,0,0,2,3,0,0,0,0,0,0,1,3,0,0,1,1,1,0,1,2,1,0,0,0,0,0,0,0,1,0,1,1,0
0,0,2,0,0,0,0,0,0,0,0,0,1,0,0,0,3,0,0,0,1,0,0,1,0,1,0,0,0,2,0,3,2,0,6,0,1,0,0,1,1,0,2,1,0,0,1,0,0,0,0,0,0,2,3,0,0,0,0,1,0,0,0,1,0,0,1,0,0,1,0,0,1,0,0,0,0,0,0,0,0,0,0,1,0,0,1,0,4,0,1,0,0,0,0,0,0,0,0,0,0,0,0,3,0,0,0,0,5,0,0,0,4,4,0,1,0,4,0,0,0,0,0,1,0,0,2,0,0,0,0,0,0,0,0,1,0,0,0,0,0,0,0,0,0,0,2,0,0,0,0,0,0,0,0,0,0,0,0,0,0,0,1,0,0,1,0,0,0,0,0,0,1,0,5,0,0,0,0,0,4,0,0,0,1,0,0,3,0,0,0,0,0,0,0,0,0,0,1,0,0,0,0,0,0,0,0,0,1,0,0,0,0,0,0,0,0,0,1,0,0,0,0,0,0,0,0,0,1,0,1,0,0,1,0,0,1,0,0,4,0,0,6,1,1,2,0,2,3,1,2,4,1,5,0,0
0,0,1,0,1,0,1,0,0,1,1,0,2,1,0,2,1,1,0,0,0,0,0,0,1,0,0,0,0,1,0,1,0,0,4,0,0,0,0,0,0,0,0,1,0,0,0,0,0,0,0,0,0,1,1,0,1,0,0,0,1,0,0,0,0,0,0,0,0,0,0,0,0,0,0,0,0,0,0,0,0,1,0,1,0,0,2,0,3,1,1,0,0,0,0,0,0,0,0,0,0,0,0,1,0,0,0,0,0,1,1,0,3,3,0,0,0,3,0,0,0,0,0,0,0,0,0,0,0,0,0,0,0,0,0,0,0,0,1,0,0,0,0,0,0,0,1,0,1,0,0,0,0,1,1,0,0,0,0,1,0,1,0,1,0,0,0,0,0,0,0,0,0,0,3,0,0,0,0,1,3,1,2,0,3,0,0,1,0,0,1,0,0,0,0,0,0,0,2,0,0,0,1,0,0,0,0,1,1,0,0,0,0,0,0,0,0,1,0,0,0,0,0,1,1,0,1,0,0,0,0,0,0,0,1,0,0,0,0,1,0,3,5,3,0,0,0,1,3,1,2,4,0,1,2,0
1,0,4,0,4,0,0,0,1,1,4,0,4,0,0,2,1,4,0,0,0,0,0,1,0,4,0,0,1,0,0,0,1,0,0,0,0,0,1,0,1,0,0,0,0,1,0,0,0,0,1,0,0,0,0,0,0,1,0,0,3,0,2,1,0,0,0,0,0,1,0,0,0,0,1,0,0,0,0,0,1,0,0,0,0,0,0,0,0,0,0,0,0,0,0,0,1,1,0,0,0,2,0,0,1,0,0,0,0,2,0,0,0,0,0,0,0,0,3,0,2,0,1,0,1,3,0,0,0,1,0,0,0,0,1,0,0,0,0,0,0,0,0,2,0,0,4,0,2,0,0,0,0,3,0,0,0,0,3,0,0,0,0,5,0,0,2,0,0,0,0,0,0,1,0,0,0,0,0,1,0,1,4,1,3,0,0,0,0,1,0,0,0,0,0,0,0,0,0,1,0,0,0,0,0,0,0,0,2,1,0,0,0,0,1,1,0,0,2,0,0,2,0,1,0,0,3,0,0,0,0,0,0,1,3,0,0,1,0,0,1,2,0,0,0,0,1,0,0,2,0,0,1,0,0,3
0,0,4,0,2,0,0,0,0,0,2,0,4,0,0,2,1,2,0,0,0,0,0,0,0,4,0,2,0,0,0,1,0,0,3,0,0,0,1,0,0,0,0,0,0,0,0,0,0,0,0,0,0,0,2,0,0,0,0,0,2,0,1,0,0,0,0,0,0,0,0,0,0,0,0,0,0,1,0,0,0,0,0,0,0,0,1,1,2,0,0,0,0,0,0,0,0,0,0,2,0,0,0,2,0,0,0,0,2,0,0,0,2,2,0,1,0,2,0,0,1,0,0,0,0,0,0,0,0,1,1,0,0,0,0,0,0,0,0,0,0,0,0,1,0,0,3,0,2,0,0,1,0,2,0,0,0,0,1,0,0,0,0,2,0,0,0,0,0,0,0,1,0,0,2,0,0,0,0,0,2,2,2,0,3,2,0,1,0,0,1,1,0,0,0,0,0,0,0,0,2,0,0,0,0,0,0,0,0,0,0,1,1,0,0,0,0,0,0,0,1,0,0,0,0,0,3,0,0,0,0,0,0,1,2,0,0,1,0,0,0,0,4,1,0,0,0,0,1,0,0,2,1,0,0,0
0,0,1,0,2,0,0,0,1,1,1,0,2,2,0,0,1,1,0,0,2,0,0,5,0,1,1,2,0,1,0,3,0,0,4,0,0,0,0,0,1,1,0,1,0,0,0,0,2,0,0,5,0,3,0,0,0,4,0,0,1,1,1,0,0,0,0,0,0,0,0,0,1,0,0,0,0,0,2,1,0,0,0,0,0,0,1,1,3,0,0,0,0,0,0,1,0,1,0,0,0,0,2,3,0,0,0,0,2,0,0,0,3,3,0,0,2,3,0,0,0,0,0,1,2,0,0,0,0,0,0,0,0,0,0,0,0,0,0,0,0,4,0,1,0,0,1,1,0,0,0,0,0,1,0,0,0,0,1,1,0,0,0,1,0,0,0,0,0,0,1,0,2,0,3,0,1,1,0,0,3,0,1,0,3,0,0,4,0,0,0,0,0,0,0,0,1,0,0,0,3,0,0,0,0,0,2,0,6,1,4,0,0,0,0,0,0,3,0,0,0,3,0,2,0,0,1,0,0,0,0,0,0,0,1,0,0,1,1,0,0,0,3,2,0,0,0,0,1,0,0,3,0,0,0,1
0,1,1,0,2,0,1,0,0,0,1,0,1,0,0,2,2,1,0,0,0,1,0,0,0,0,1,1,1,0,0,3,1,0,6,0,0,1,0,0,1,0,0,0,0,0,1,0,0,2,0,0,0,1,0,0,0,1,0,0,1,0,2,1,0,0,1,0,1,0,2,0,0,0,0,0,0,0,0,0,0,1,0,1,2,0,0,1,4,0,1,0,1,0,0,0,0,1,0,2,2,1,2,3,1,0,0,0,1,1,2,0,3,3,0,0,1,3,0,0,3,0,0,2,3,0,0,0,0,0,1,0,0,0,1,0,0,0,0,1,0,0,0,1,1,0,1,0,0,1,0,1,0,1,0,1,0,0,1,1,0,0,0,1,1,0,0,0,0,0,2,1,0,0,3,0,0,1,0,0,3,1,1,0,2,0,0,0,0,0,0,0,0,0,0,0,0,0,1,0,0,1,1,0,0,0,0,0,1,0,2,0,2,0,2,1,0,0,0,0,0,0,0,0,1,1,1,0,0,0,0,0,0,1,1,0,0,1,0,1,0,2,4,0,0,0,0,0,0,0,0,3,0,2,0,1
3,0,3,0,5,0,0,0,1,0,2,0,5,2,0,0,0,3,0,0,0,0,0,2,1,2,0,1,0,0,0,0,0,0,4,0,0,1,0,0,2,0,0,1,1,0,0,1,0,3,4,1,0,1,0,1,0,0,0,0,3,0,2,0,0,0,0,1,0,0,0,0,0,0,1,0,0,1,0,0,1,0,0,0,0,0,0,0,1,0,0,0,0,0,0,0,0,1,0,0,0,0,0,2,1,0,0,0,3,0,2,0,1,1,0,0,0,2,0,0,2,0,0,1,1,0,0,0,0,0,0,1,0,0,4,0,0,0,0,0,0,0,0,0,1,0,3,0,0,0,1,0,0,2,1,0,0,0,3,4,0,0,0,3,0,0,0,0,0,0,0,0,0,0,1,0,0,0,1,0,2,0,2,0,5,0,1,0,1,0,1,0,0,0,0,0,1,0,0,0,0,0,0,0,1,0,0,0,2,0,0,0,0,0,0,0,0,0,0,0,0,1,1,2,0,1,2,0,0,0,0,2,0,1,3,1,0,0,0,0,0,1,1,1,0,0,0,0,2,0,0,3,3,1,0,0
0,0,4,0,1,1,0,0,1,0,2,0,4,0,0,2,0,4,0,0,0,0,0,0,1,1,0,3,0,1,0,0,0,0,3,0,0,0,1,0,1,0,0,1,0,1,0,0,0,1,0,2,0,1,1,0,0,1,0,0,2,0,1,0,0,0,0,1,0,1,2,0,1,0,0,0,0,4,0,0,0,0,0,0,0,0,0,0,2,0,0,0,0,0,0,0,0,1,0,0,0,2,2,1,0,0,0,0,1,0,1,0,1,2,0,0,0,1,0,0,0,0,0,0,0,0,0,0,0,0,0,1,0,0,0,1,0,0,0,0,0,0,0,0,0,0,2,0,1,0,1,0,0,2,0,1,0,0,1,0,0,0,0,3,0,1,0,0,0,0,0,2,2,0,1,0,1,0,0,0,1,0,2,1,3,0,0,2,0,0,1,0,1,0,0,0,0,0,0,0,0,2,1,0,0,0,1,0,0,0,0,0,0,1,1,0,0,0,0,1,0,0,0,0,0,0,3,1,0,0,0,0,0,0,2,0,0,0,0,1,1,0,2,1,2,0,1,0,1,0,0,1,1,1,0,0
0,0,6,0,6,0,0,0,0,0,2,1,6,0,0,0,1,3,0,0,0,0,0,0,2,2,1,1,0,0,0,2,1,0,2,0,0,1,0,0,1,0,0,0,0,0,0,0,0,0,0,0,0,0,1,0,0,1,0,0,3,0,1,0,0,0,1,0,0,0,0,0,0,0,0,0,0,3,3,0,0,0,0,0,1,0,0,0,1,0,0,0,1,0,0,0,0,1,0,0,2,0,1,1,0,0,0,0,2,0,0,0,1,1,2,0,0,2,0,0,2,0,0,2,0,1,0,0,0,0,0,0,0,0,0,2,1,0,0,0,0,1,0,0,0,0,3,0,1,0,1,0,0,2,1,2,0,0,2,2,0,0,0,2,0,0,1,0,0,0,0,0,0,0,1,2,0,0,1,2,2,0,3,0,4,0,1,0,0,0,0,0,1,0,2,0,1,0,1,0,0,0,0,0,1,0,0,0,1,0,0,0,1,0,0,0,0,1,0,0,0,0,0,1,1,0,3,0,0,1,1,0,0,1,3,0,0,1,0,0,0,0,2,1,1,0,1,1,0,1,2,2,2,1,0,0
0,0,2,0,0,1,1,0,1,1,1,0,1,0,1,0,2,1,0,0,0,1,0,0,0,0,0,0,1,1,0,3,1,0,3,1,0,0,0,0,0,0,0,2,0,0,0,0,0,3,0,0,0,0,0,0,1,0,0,0,0,0,0,1,0,0,0,1,0,0,0,0,2,0,0,0,0,0,0,1,0,0,0,0,0,0,2,0,3,1,0,0,1,0,1,0,0,0,1,0,0,0,0,2,0,0,1,0,2,0,0,0,3,2,0,1,0,3,0,0,0,0,0,0,0,0,0,0,0,0,1,0,0,0,0,0,0,0,0,1,0,1,0,0,0,1,1,0,1,0,0,0,0,1,0,0,0,2,1,0,1,1,0,0,0,0,0,1,0,0,0,0,0,0,2,0,0,1,2,0,3,0,0,0,1,2,0,0,0,2,1,1,0,1,0,0,0,0,1,0,1,1,0,0,1,0,0,0,0,0,0,0,1,0,0,0,0,0,0,0,0,0,0,1,0,0,0,0,0,1,0,1,0,1,1,0,0,0,0,1,0,0,3,1,0,0,0,0,3,0,0,4,1,2,0,1
1,0,2,0,2,0,0,0,0,0,1,0,2,0,0,0,1,1,0,0,0,0,0,0,0,0,0,2,0,0,0,4,3,0,6,0,0,0,0,0,0,0,0,0,0,0,0,2,0,1,1,0,0,1,0,0,1,1,0,0,1,0,1,0,0,2,0,0,0,0,0,0,3,0,0,0,0,0,0,0,0,0,0,0,2,0,0,0,3,0,0,0,0,0,0,0,0,0,0,0,0,0,0,3,0,0,0,0,2,0,0,0,3,3,0,0,0,3,0,0,0,0,0,2,0,0,1,0,0,1,0,0,0,0,0,0,0,1,0,0,0,0,0,0,0,0,1,0,0,0,0,1,0,0,0,1,1,0,0,1,3,0,0,1,0,1,0,0,0,0,1,0,1,0,3,0,0,2,0,1,3,2,1,0,5,2,1,1,0,0,0,0,1,0,0,0,0,0,0,0,1,0,0,0,0,0,0,0,1,0,2,0,0,0,0,0,0,0,0,0,0,0,0,1,0,0,1,0,3,0,1,0,0,0,2,0,0,0,0,0,1,1,7,1,0,0,1,0,1,0,2,3,0,2,0,0
0,0,3,0,1,1,1,0,0,0,1,0,1,0,0,1,0,1,0,1,1,0,0,1,1,1,1,0,0,2,1,2,1,0,3,0,1,1,0,0,0,0,0,0,0,0,0,0,0,0,0,0,0,0,1,0,0,0,0,0,1,0,0,0,0,2,0,0,0,0,0,0,0,0,0,0,0,0,1,0,0,0,0,0,0,0,0,0,3,0,0,0,0,0,0,0,0,0,0,0,0,0,0,2,0,0,0,0,3,0,0,0,3,3,0,2,0,3,0,0,0,0,0,2,0,0,1,0,0,0,1,0,0,0,0,0,0,0,0,0,1,0,0,0,0,0,5,1,1,0,0,0,0,1,1,1,0,0,0,1,0,0,1,1,1,0,0,1,0,0,0,0,2,0,3,0,0,0,0,0,3,0,1,0,4,1,0,0,0,0,0,0,0,0,0,0,1,0,1,0,1,0,0,0,0,0,0,0,1,0,0,0,0,0,0,0,0,0,0,0,0,0,0,2,0,0,1,0,0,0,0,1,1,0,2,0,0,0,0,1,0,1,7,2,0,0,0,3,1,0,0,3,0,4,2,0
1,2,1,0,0,0,1,0,0,0,0,0,0,2,0,0,0,0,0,1,0,0,0,1,0,0,0,1,0,1,0,1,1,0,6,0,1,0,0,0,0,0,0,0,0,0,0,0,0,2,0,1,0,1,0,0,0,2,0,0,0,0,0,0,0,0,0,0,0,1,0,0,0,1,0,0,0,0,1,0,0,2,0,0,0,0,2,0,6,0,0,0,0,0,0,0,0,0,0,0,0,0,1,3,1,0,0,0,2,0,0,0,4,4,0,0,0,4,1,0,0,0,0,2,0,0,3,0,0,0,0,0,2,0,1,0,0,0,0,2,0,1,0,0,0,0,4,0,0,0,0,0,0,0,0,0,0,0,1,1,3,0,0,0,2,0,1,2,0,0,1,0,4,0,4,0,0,2,0,0,4,0,0,0,5,0,0,1,0,0,0,0,0,0,0,0,0,0,3,0,2,0,0,0,0,0,0,0,1,0,1,0,0,0,0,3,0,0,0,0,0,0,0,0,0,0,0,2,0,0,0,1,0,0,2,0,0,0,1,0,0,2,12,1,0,0,1,0,2,0,2,4,2,5,0,0
2,1,2,1,0,0,0,0,0,2,1,0,0,1,0,2,2,0,0,0,0,0,0,0,0,0,2,4,0,1,0,6,3,1,6,0,0,0,0,0,0,0,1,2,0,0,0,0,0,1,0,1,0,3,0,1,0,4,0,1,0,0,1,0,1,0,1,2,1,0,1,1,1,0,0,0,0,0,0,1,0,1,0,2,2,1,2,0,4,0,1,0,2,0,0,0,0,0,0,0,1,0,1,2,0,0,0,0,4,0,0,1,5,3,0,0,0,3,0,0,0,0,0,0,0,0,2,0,0,0,0,0,0,0,0,0,0,1,0,1,0,2,1,2,0,0,0,1,1,2,0,1,0,0,1,2,0,1,0,0,0,0,1,0,0,0,0,3,1,0,0,0,0,0,3,0,0,0,0,0,3,0,0,0,3,0,0,3,0,0,0,0,2,0,0,2,2,0,1,0,1,1,0,0,0,0,0,1,1,0,2,0,0,0,0,1,0,0,1,1,0,0,0,2,0,0,0,0,0,0,0,0,0,0,0,0,0,0,0,1,4,3,7,4,0,0,0,1,1,0,0,3,1,1,1,0
0,0,3,0,0,0,0,0,0,0,0,0,0,0,0,0,1,0,0,0,0,0,0,0,1,0,0,0,0,0,0,1,2,0,5,0,0,0,0,0,0,0,1,0,0,1,0,0,1,1,0,0,0,1,1,0,0,1,0,0,0,0,0,0,0,0,0,0,0,0,0,0,0,0,0,0,0,0,0,0,0,1,0,0,0,0,1,0,4,1,1,0,0,0,0,0,0,0,0,0,1,0,0,4,0,0,0,0,2,1,1,0,4,4,0,0,0,4,0,0,0,0,0,1,1,0,0,0,0,0,0,0,0,0,0,0,0,0,0,0,0,0,0,0,0,0,0,0,0,0,0,0,0,0,0,0,0,0,0,0,2,0,0,0,0,0,0,0,0,0,1,0,3,0,4,0,0,0,0,0,4,0,0,0,2,0,0,4,0,0,0,0,0,0,0,0,0,0,2,0,0,0,0,0,0,0,0,0,0,0,0,0,0,0,0,0,0,0,0,0,0,0,0,0,0,0,0,0,0,0,0,0,1,0,2,0,0,0,0,1,0,3,7,3,0,0,0,1,3,0,0,4,0,4,2,0
0,0,2,0,5,0,0,0,0,1,2,0,2,0,0,0,2,2,1,0,0,0,0,0,1,2,0,0,0,0,2,1,0,0,3,0,0,2,0,0,2,0,1,0,0,0,0,3,0,4,0,0,0,2,0,0,1,1,0,1,2,0,2,0,0,1,0,0,0,0,0,0,0,0,0,0,0,4,0,0,0,0,0,0,2,0,1,1,2,0,0,0,0,0,0,0,0,1,0,0,1,0,0,1,0,0,0,0,0,2,0,0,2,2,0,1,1,2,0,0,0,0,0,0,1,0,1,0,0,0,0,0,0,0,0,0,0,0,0,0,0,1,0,0,0,0,2,1,0,1,0,0,1,2,0,1,0,0,2,0,2,1,0,3,0,0,0,1,0,0,0,1,1,0,1,0,0,0,1,1,2,0,2,0,3,1,0,0,0,0,0,0,0,0,0,0,0,0,1,0,0,0,0,1,0,0,0,0,1,0,1,0,0,0,0,0,0,0,0,0,0,0,0,0,2,0,2,0,0,0,1,0,1,0,4,3,0,0,0,1,0,3,4,1,0,1,1,3,2,0,2,4,0,1,0,0
0,1,2,0,2,1,0,0,0,0,1,0,2,1,0,0,4,1,0,0,1,0,1,0,1,1,0,2,0,0,0,3,5,0,6,0,0,0,0,0,1,0,0,0,0,1,1,0,0,2,1,0,0,1,1,1,0,3,0,0,1,0,1,0,0,0,0,0,1,0,0,0,0,1,0,0,0,0,1,0,0,1,0,0,0,0,2,0,4,0,1,0,0,0,0,0,0,0,0,1,2,0,0,2,1,0,0,0,2,0,0,0,3,5,0,0,1,3,0,0,0,3,0,1,0,0,2,0,0,0,1,0,0,1,0,0,1,2,0,0,0,0,0,1,0,0,5,1,0,0,0,0,0,1,0,0,0,0,3,1,0,1,0,2,1,0,0,1,1,0,1,1,2,0,3,0,0,2,0,0,3,1,1,0,2,1,1,3,0,0,2,0,0,0,0,0,2,0,2,0,0,0,0,0,0,1,0,0,0,0,0,0,0,0,0,0,0,0,1,0,0,0,0,0,0,0,2,0,2,0,0,0,0,0,3,0,0,0,1,1,1,0,8,1,0,0,0,0,1,0,0,3,0,3,1,3
1,0,3,0,0,0,0,0,0,0,0,0,0,2,0,0,1,0,0,1,0,0,0,1,0,0,0,3,0,1,0,1,0,0,7,1,0,1,0,0,0,0,1,1,0,0,0,0,1,3,0,0,1,3,3,0,0,4,0,0,0,0,0,0,0,0,0,0,1,0,0,0,0,0,0,0,0,0,0,0,0,1,0,0,0,0,0,0,4,2,2,0,0,0,0,0,0,0,0,0,4,0,1,2,0,0,0,0,2,0,0,0,4,4,0,0,0,4,0,0,0,0,0,0,1,0,0,0,0,0,0,1,0,0,1,0,0,0,0,2,0,0,0,0,0,0,0,0,0,1,0,0,0,0,0,0,0,0,0,0,2,0,1,0,1,0,2,1,0,0,2,0,4,0,4,0,0,0,0,0,4,0,0,0,3,0,0,4,0,0,0,0,1,0,0,0,0,0,1,0,3,4,0,1,0,0,0,1,2,0,0,0,0,0,1,2,0,1,2,0,0,1,0,0,0,0,0,0,0,0,1,0,0,0,5,0,0,0,0,1,0,2,12,3,0,0,0,0,3,0,0,7,1,7,1,0
3,1,1,1,0,1,1,0,0,1,1,0,0,1,0,0,1,0,0,0,0,0,0,0,0,0,1,0,1,0,0,1,0,0,6,0,0,0,0,0,0,0,2,0,1,0,0,0,1,1,0,0,0,1,1,0,0,1,0,0,0,0,0,0,0,0,0,1,1,0,0,0,1,0,0,1,0,0,0,1,0,2,0,0,0,0,1,0,4,0,1,0,0,0,0,1,0,0,1,0,4,0,0,2,0,0,0,0,2,0,1,0,3,3,0,0,1,3,0,0,0,0,0,0,0,0,0,0,0,0,0,4,0,0,0,0,0,0,0,0,0,1,0,0,0,0,1,1,0,1,0,0,0,0,0,1,0,0,0,0,0,0,0,0,1,0,0,0,0,0,0,0,1,0,4,0,0,0,1,0,3,0,0,0,3,2,0,3,1,0,0,1,0,1,0,0,0,0,1,0,2,0,0,0,0,0,0,0,0,0,1,0,1,0,0,0,0,0,1,1,0,0,0,1,0,0,0,0,0,0,0,0,1,1,0,0,0,0,0,0,0,2,5,3,0,0,0,0,2,0,0,4,2,2,2,3
1,0,0,0,0,0,1,0,0,0,1,0,1,0,0,1,1,0,0,1,1,0,0,0,0,1,0,1,0,0,0,2,1,0,7,0,0,0,0,2,0,1,0,0,0,1,0,0,0,0,0,0,0,0,0,0,0,0,0,1,0,0,2,0,0,0,0,1,0,0,1,0,2,0,0,0,1,0,0,0,0,1,0,1,0,0,2,0,3,1,2,0,0,0,0,1,0,0,0,0,3,0,1,3,0,0,0,0,3,0,0,1,3,3,0,0,0,4,0,0,0,0,0,2,0,0,1,0,0,1,0,0,0,0,0,1,0,0,0,2,0,1,0,0,0,0,0,0,0,0,0,0,0,0,1,3,0,0,0,0,0,0,0,1,1,1,1,3,0,1,0,0,1,0,3,0,0,1,0,0,4,0,0,1,3,1,0,3,1,1,0,0,1,1,0,1,1,0,3,0,3,0,0,0,0,0,0,0,0,0,0,0,0,0,0,0,0,0,0,0,1,0,0,0,0,0,0,0,0,0,0,0,0,0,0,0,0,0,1,2,0,3,8,2,1,2,1,0,2,0,0,3,1,3,1,0
1,2,1,0,1,0,1,1,0,0,0,0,1,3,0,0,2,1,0,0,0,0,0,1,1,1,1,1,0,0,0,2,0,0,3,0,1,0,0,1,1,2,0,0,4,0,0,1,0,3,1,0,0,1,2,0,0,1,0,1,0,1,0,0,0,0,0,0,0,1,1,0,0,0,0,0,0,3,0,0,1,1,1,1,1,1,0,0,3,0,0,0,0,0,0,3,0,0,1,0,0,0,0,3,0,0,0,0,7,3,2,0,2,3,0,0,1,3,0,0,0,0,1,0,3,0,1,0,1,0,0,0,0,0,0,0,0,1,0,3,0,0,0,0,0,0,2,0,0,4,1,3,1,0,0,0,0,0,1,0,3,0,0,0,1,0,0,2,0,0,1,1,5,0,2,0,0,4,0,0,3,0,0,0,2,0,0,1,0,0,0,0,2,0,0,0,0,1,1,0,0,3,0,0,0,1,0,0,1,0,1,0,2,0,1,1,0,0,1,0,0,0,1,2,0,0,0,0,0,0,0,0,1,0,2,0,0,1,0,1,0,2,7,2,0,0,0,3,3,0,1,5,1,2,1,1
0,1,3,0,1,0,0,0,0,0,1,0,2,1,0,0,2,2,0,0,0,0,0,0,0,0,1,1,0,1,0,2,0,0,5,0,1,0,0,0,0,0,0,1,0,0,0,0,1,1,1,1,0,0,3,0,0,1,0,0,0,0,1,0,0,0,0,0,0,0,0,0,2,0,0,0,0,1,0,0,0,0,0,0,0,0,1,0,3,0,0,0,1,0,0,0,1,0,1,0,3,0,2,4,0,0,0,0,2,0,0,0,2,2,0,0,0,3,0,0,0,0,2,1,0,0,0,0,0,0,0,0,0,0,0,0,0,0,0,0,0,0,0,1,0,0,2,0,0,0,0,0,0,0,0,0,0,0,0,0,0,0,0,1,1,0,0,0,0,0,0,0,2,1,2,0,0,3,0,0,3,0,2,0,3,1,0,2,1,0,0,0,0,0,0,0,2,0,0,0,4,0,0,0,0,0,0,0,0,0,0,0,0,0,0,0,0,0,1,0,0,0,0,0,0,0,2,1,1,1,0,6,0,0,2,0,0,0,1,1,0,0,4,0,0,0,0,0,3,0,1,3,1,3,1,0
0,0,2,0,2,0,1,1,0,0,2,0,4,1,0,1,3,3,0,0,0,0,0,2,0,0,1,1,0,0,0,4,2,0,5,0,0,0,0,0,0,0,0,0,0,0,0,0,0,0,0,0,0,2,2,0,0,1,0,0,0,0,0,0,0,1,0,0,0,0,1,0,0,1,0,0,0,1,1,0,1,2,0,0,0,0,1,0,2,2,1,0,0,0,0,1,0,0,1,0,0,0,1,2,0,0,0,0,2,0,1,0,2,2,0,1,0,3,1,0,0,0,0,1,0,0,0,0,0,0,0,0,0,0,1,0,0,0,0,0,0,0,0,0,0,0,2,0,0,0,1,0,0,0,0,0,0,1,0,0,0,0,0,2,0,0,0,1,0,0,1,0,1,0,2,0,0,2,0,0,3,1,1,0,3,1,0,2,1,1,0,0,0,0,0,0,0,0,0,1,0,0,1,0,0,0,0,0,0,0,0,0,0,0,0,0,0,0,0,0,0,0,0,0,1,1,2,0,1,0,0,0,0,0,2,0,0,1,0,1,0,0,2,1,0,0,0,0,0,1,0,2,0,2,2,0
2,0,3,0,4,0,0,0,0,0,2,0,3,0,1,4,1,2,0,0,0,0,2,0,2,1,0,1,0,0,0,2,1,0,4,1,0,0,0,0,1,0,0,0,1,0,0,0,0,1,2,0,0,1,0,0,0,0,0,0,2,0,1,0,0,0,0,1,0,1,0,0,0,0,0,0,0,0,0,0,0,1,0,1,0,0,3,0,2,0,1,1,1,0,0,0,0,0,0,2,0,0,1,1,0,0,0,0,2,2,1,0,2,2,0,0,0,2,0,0,0,0,0,0,2,0,0,1,0,0,3,0,0,1,1,0,0,0,1,0,0,0,0,0,0,0,3,0,1,0,0,0,0,2,1,0,0,0,1,0,1,0,0,4,1,0,1,0,0,0,0,1,1,0,2,0,0,0,2,1,3,0,2,0,6,0,0,4,1,0,2,0,0,2,1,0,1,0,1,0,0,2,0,0,0,0,1,0,3,0,2,0,0,0,0,0,0,0,1,0,0,0,0,0,1,0,2,0,0,0,0,0,0,3,2,1,0,0,0,0,1,2,8,3,0,0,1,0,0,3,0,3,0,1,1,1
0,0,3,0,3,1,0,0,2,0,2,0,2,1,0,0,2,3,0,0,1,0,0,0,0,1,0,0,0,0,0,2,2,0,2,0,0,0,0,0,1,1,0,0,0,1,0,1,0,0,0,0,0,0,2,0,0,0,0,0,1,0,0,0,0,0,0,0,0,0,0,0,1,1,0,0,0,0,0,0,1,1,1,0,0,0,0,0,2,0,1,0,0,1,0,0,1,0,0,0,1,0,0,0,0,0,0,0,2,0,0,0,2,4,0,0,0,2,0,0,1,1,0,0,0,0,0,1,0,0,0,1,0,0,0,0,0,0,0,0,0,0,1,0,0,0,2,1,1,0,1,1,0,1,0,0,1,0,1,0,2,0,0,2,0,1,0,2,0,0,0,1,2,0,2,0,0,0,0,0,2,1,2,1,3,1,2,1,1,0,0,0,0,0,2,0,0,0,1,0,0,1,0,0,0,0,0,0,2,0,0,1,0,0,0,0,0,0,1,0,0,0,0,1,0,0,2,0,0,0,0,0,0,0,2,0,1,0,0,1,0,0,3,0,0,0,1,2,0,0,0,2,0,2,0,0
0,0,3,0,2,1,0,0,0,0,2,0,4,0,0,2,1,3,0,0,0,0,0,0,0,3,0,2,0,0,0,2,0,0,2,0,0,0,0,0,1,0,1,0,0,0,0,0,0,2,0,0,0,1,0,0,0,3,0,0,2,0,1,0,0,1,0,0,0,1,0,0,0,0,0,1,0,4,0,0,0,0,1,0,0,1,1,1,2,0,0,0,0,0,0,1,0,0,0,1,0,1,0,1,0,0,0,0,1,1,1,0,2,4,0,0,0,2,0,0,1,0,0,1,1,0,1,0,0,0,1,1,0,0,0,1,0,0,0,1,0,1,0,0,0,0,3,0,0,0,0,0,1,2,0,0,0,0,1,0,2,0,0,2,2,1,0,0,0,0,0,2,0,0,2,1,0,1,0,0,3,1,2,1,3,0,0,0,1,0,0,0,1,0,0,0,1,0,1,0,1,0,0,0,1,0,0,0,0,0,0,0,0,1,0,2,0,1,3,0,0,0,0,0,0,0,2,0,2,0,0,0,0,0,2,0,0,0,0,1,1,1,4,0,0,0,1,0,1,2,1,3,1,2,2,0
0,0,2,0,3,0,0,0,2,0,3,0,3,0,0,0,2,2,0,0,1,0,0,0,1,2,1,0,0,1,0,2,0,0,3,0,0,0,0,0,2,0,0,0,0,0,0,0,1,2,2,0,0,1,1,0,0,0,0,1,2,0,4,0,0,0,1,1,1,0,1,3,0,0,0,0,0,1,0,0,0,0,2,0,0,0,0,0,1,0,0,0,0,0,0,0,0,0,0,0,1,0,0,0,1,0,0,0,1,0,0,0,1,2,0,0,0,1,0,0,1,1,0,0,0,0,0,0,1,1,0,2,2,0,0,0,0,0,1,1,0,0,1,0,1,0,2,0,0,0,0,0,1,2,0,1,0,0,2,1,0,1,0,3,1,1,0,1,0,0,0,1,1,0,2,0,0,0,1,1,1,0,2,1,4,1,0,4,3,1,0,0,1,1,0,0,1,1,0,0,0,0,0,0,0,0,0,0,1,0,2,1,0,1,1,0,0,1,2,0,0,0,0,0,1,0,2,0,0,0,0,1,1,0,5,0,0,0,0,1,0,0,3,2,0,0,3,0,0,0,0,3,0,2,2,0
3,0,2,0,3,0,0,0,1,0,1,0,2,1,0,1,2,2,0,0,0,0,0,0,1,0,0,4,0,0,0,2,0,0,6,0,1,0,0,0,1,0,1,2,1,0,0,0,0,0,2,0,0,0,1,0,0,1,0,0,1,0,1,2,0,1,0,2,0,0,0,0,2,0,0,0,0,0,0,0,0,0,0,3,0,0,0,1,3,1,0,0,0,0,0,0,0,0,0,0,1,1,0,4,2,0,0,1,3,0,0,0,3,3,0,0,0,3,0,1,0,0,0,2,1,0,1,0,0,0,0,0,0,0,3,0,0,0,0,0,0,0,0,0,0,1,3,0,0,1,0,0,0,1,0,0,0,0,1,0,1,0,0,3,0,0,0,1,0,0,1,1,1,0,3,0,0,0,1,0,3,0,1,0,2,0,0,1,2,0,0,0,0,1,0,0,0,0,1,0,0,0,0,0,0,0,0,0,0,0,0,0,0,1,0,0,0,0,1,0,1,0,0,0,1,0,1,0,0,0,0,0,1,0,1,0,0,0,0,3,0,2,4,4,0,1,2,1,2,2,0,3,1,1,1,1
0,1,2,0,0,0,3,0,0,0,0,0,1,0,0,0,1,1,0,1,0,0,1,0,0,2,1,4,0,0,0,2,0,0,7,3,0,1,0,0,0,1,0,0,0,0,1,0,0,1,0,0,0,1,0,0,0,2,0,0,0,0,0,0,0,0,0,1,1,0,1,0,0,0,0,0,0,0,1,0,0,1,0,1,1,0,1,0,3,1,2,0,0,0,0,2,0,0,0,0,2,0,1,4,0,0,0,0,3,0,0,1,3,5,0,0,0,4,0,0,0,0,0,1,0,0,0,0,0,0,0,3,0,1,0,0,0,0,1,0,0,0,0,1,0,1,1,0,0,0,1,0,0,0,0,0,0,0,0,0,0,0,0,1,0,0,0,2,0,0,0,0,0,0,3,0,0,0,0,0,4,0,0,0,3,0,0,2,0,1,0,1,0,0,0,0,1,0,3,1,2,0,0,0,0,0,1,0,0,0,0,0,0,0,0,0,0,1,1,0,0,0,0,1,0,0,0,0,0,0,0,0,1,1,3,0,0,0,0,1,1,3,7,1,0,0,1,1,1,0,0,4,0,4,0,1
1,0,4,0,1,0,1,0,0,0,2,1,4,0,0,0,1,3,0,1,0,0,0,1,0,3,1,2,0,1,0,2,1,0,3,0,0,0,0,0,2,0,0,0,0,0,0,0,0,1,1,0,0,1,0,0,0,0,0,0,2,0,2,0,0,0,0,0,1,1,0,0,0,0,0,0,0,1,0,0,0,1,1,1,0,0,0,0,1,1,0,0,0,0,0,0,0,0,0,1,1,0,0,2,0,0,0,0,2,0,0,1,1,2,0,0,0,2,1,0,0,1,0,0,0,0,0,0,0,0,3,0,0,0,1,0,0,0,0,1,1,0,0,0,1,1,4,0,0,0,0,0,0,2,0,2,0,1,4,0,0,0,0,3,3,0,0,0,0,0,0,0,0,0,1,0,0,1,0,0,2,0,2,1,3,2,0,2,0,0,0,0,0,0,0,0,1,0,0,0,0,2,0,0,1,1,0,0,0,0,0,0,0,0,0,2,0,0,0,0,0,0,0,0,0,1,3,0,0,0,0,0,0,0,3,1,0,0,0,0,0,0,2,1,0,0,0,0,0,0,1,1,0,2,1,0
0,0,4,0,1,0,0,0,0,0,1,0,2,0,0,0,0,2,0,0,0,0,0,0,0,1,1,2,0,1,0,1,1,0,3,0,0,1,0,0,1,0,1,0,0,0,0,0,1,3,1,0,0,2,2,0,0,0,0,0,1,0,1,0,0,0,0,0,0,0,0,0,0,0,0,0,0,2,0,0,0,0,0,0,0,0,1,1,3,0,0,0,0,0,0,0,0,0,3,0,2,0,0,2,0,0,0,0,1,0,0,0,2,3,0,2,0,3,0,0,1,0,0,1,0,0,0,0,0,0,0,0,0,0,0,0,0,0,0,1,0,0,0,0,0,0,2,1,0,0,0,0,0,1,0,0,0,1,1,0,0,0,0,2,2,0,0,1,0,0,0,0,1,0,3,0,0,0,0,0,3,0,1,0,5,0,0,3,0,0,0,0,0,0,0,0,0,0,0,0,0,0,0,0,0,0,0,0,0,0,0,0,0,0,0,0,0,0,0,0,0,0,0,0,0,0,1,0,1,0,0,0,0,0,2,0,0,0,1,0,0,0,3,2,0,0,0,0,2,0,0,2,0,1,0,0
1,0,2,0,3,0,1,0,0,0,2,0,2,0,0,1,2,2,0,0,0,0,0,0,0,1,1,1,1,1,0,3,2,0,5,0,0,2,1,0,1,0,0,0,1,0,0,0,0,1,0,0,0,0,0,0,1,2,0,1,2,0,1,0,1,1,0,0,0,0,1,0,1,0,0,0,0,2,1,0,0,0,0,1,0,0,0,1,2,0,1,0,0,0,0,0,0,0,0,0,0,2,1,1,0,0,0,0,1,1,0,1,2,2,0,0,0,2,0,0,0,0,0,0,0,0,0,0,0,0,1,0,0,0,0,1,0,0,0,0,1,0,0,0,0,0,2,0,0,0,0,0,0,1,1,0,0,0,2,0,0,0,0,3,0,0,0,0,0,0,0,0,0,0,2,0,0,0,0,0,2,1,2,0,3,1,1,0,0,1,0,0,0,0,0,0,0,0,1,0,0,1,0,0,0,0,0,0,1,1,2,0,0,0,0,1,0,0,0,0,0,0,0,1,0,0,2,0,2,0,0,1,0,0,2,0,0,1,0,1,0,1,3,1,0,0,1,1,1,2,3,2,0,2,0,0
0,1,2,0,2,0,1,0,2,2,2,0,5,0,0,0,1,3,0,0,0,0,0,1,0,2,0,1,1,1,1,2,0,1,4,0,0,0,0,0,2,0,0,0,1,0,0,0,0,0,1,3,0,0,1,2,0,4,0,0,2,0,2,0,0,0,0,1,1,1,0,0,0,0,0,0,1,0,0,1,0,1,1,0,2,1,1,0,2,0,1,0,0,0,0,0,0,1,1,0,1,0,1,2,0,0,0,0,0,1,1,0,2,8,0,0,0,2,0,0,0,0,0,1,0,0,0,0,0,0,2,1,0,0,0,0,0,0,0,1,0,0,0,0,0,0,3,0,0,0,0,0,0,2,0,1,0,0,2,0,2,0,0,2,1,0,1,0,0,0,1,0,2,0,1,0,0,0,1,0,2,0,2,0,3,2,1,0,1,0,0,0,0,0,1,0,0,0,0,1,1,0,0,0,0,0,1,0,0,0,0,0,0,0,0,0,0,0,0,0,0,0,0,0,1,0,2,0,0,0,0,0,1,0,2,2,0,0,0,0,0,0,4,0,0,0,1,0,0,0,1,2,0,2,0,0
0,1,1,0,1,0,0,0,0,0,1,0,1,0,0,0,1,1,0,0,0,0,0,2,0,1,1,1,0,0,1,1,0,2,6,0,0,0,0,0,1,0,1,0,2,0,2,0,0,3,0,0,0,1,2,1,1,1,0,2,3,0,2,0,0,0,0,0,1,0,0,0,1,0,0,0,0,0,0,0,0,0,0,1,0,1,2,0,5,0,0,0,0,1,0,0,0,0,0,0,0,0,1,1,0,0,0,0,1,0,2,0,3,3,0,0,1,3,0,0,0,0,0,0,0,0,0,0,0,1,0,0,0,0,0,0,0,0,0,0,0,0,0,0,0,0,1,0,0,0,0,0,0,1,0,0,0,0,0,3,0,0,0,1,0,0,0,0,0,0,1,0,0,1,3,0,0,2,0,0,3,0,1,0,3,2,0,1,0,0,0,0,0,0,0,0,1,0,2,0,1,0,0,0,1,0,0,0,0,0,0,0,0,0,0,0,0,1,0,0,1,0,0,0,0,0,2,0,0,0,2,0,0,1,1,1,0,0,0,0,0,2,4,3,0,0,0,1,2,0,1,3,1,1,0,1
0,0,0,0,0,0,0,0,2,0,0,0,0,0,0,0,0,0,0,0,0,0,0,0,0,0,0,1,0,0,0,2,4,1,6,0,0,0,0,0,0,0,0,1,0,0,0,0,2,3,0,0,0,3,0,1,1,1,0,1,1,0,0,0,0,0,0,0,0,0,1,0,0,1,0,1,0,0,0,0,0,0,0,0,0,1,2,1,2,0,0,0,0,0,0,0,0,0,0,0,0,0,0,3,0,0,0,0,3,2,1,2,2,2,0,1,0,3,0,0,0,0,0,1,0,0,1,0,1,0,1,0,1,0,0,1,0,1,0,2,0,0,0,1,0,0,0,0,0,0,0,0,3,0,0,1,0,1,1,0,2,0,0,0,0,0,0,0,0,0,0,0,0,0,2,1,2,1,1,1,3,0,0,0,3,2,0,2,1,0,0,0,1,0,0,0,0,0,0,0,2,0,0,0,2,0,3,0,1,0,0,1,0,0,0,1,1,1,1,0,0,0,0,0,0,0,0,1,1,0,0,0,0,0,1,0,0,1,0,0,0,2,4,2,2,0,0,1,1,1,2,4,1,1,1,1
0,0,1,0,0,0,0,0,0,0,1,0,1,0,0,1,1,1,0,1,0,0,0,0,0,2,0,1,0,0,0,1,0,0,5,0,0,0,0,0,0,0,0,0,0,0,0,0,1,3,0,0,0,3,0,0,0,2,0,0,1,0,1,0,0,0,1,1,1,0,1,0,0,0,0,1,0,3,0,0,0,0,2,0,1,0,0,0,4,0,1,0,0,0,0,1,0,1,0,0,0,0,0,3,0,0,0,1,3,0,2,0,3,5,0,0,0,3,0,0,0,0,0,1,1,0,0,0,0,0,1,1,0,0,0,0,0,0,0,0,0,0,0,0,0,0,1,0,0,0,1,0,0,1,0,0,0,0,0,0,1,0,0,1,0,0,0,1,0,0,0,0,1,0,4,0,0,0,0,0,3,0,2,0,3,1,0,2,0,0,0,0,0,0,0,0,0,1,1,0,1,0,0,0,0,0,0,0,0,0,0,1,0,0,0,1,0,0,0,0,0,0,1,0,0,0,1,0,0,0,1,0,0,0,3,0,1,0,0,0,0,2,4,1,0,0,0,0,3,0,1,3,0,2,1,0
0,0,2,0,1,1,1,0,0,1,0,1,0,0,0,0,1,0,0,2,0,0,0,0,0,0,0,2,0,0,0,1,1,0,5,0,0,0,0,0,0,0,0,0,0,0,0,0,0,2,1,0,1,1,0,0,1,2,1,0,0,0,0,0,0,2,0,0,1,0,0,1,0,0,1,1,0,0,2,0,0,2,0,0,0,1,2,2,3,0,0,0,1,0,0,0,0,0,1,0,1,0,0,3,0,0,0,0,2,0,0,0,3,3,0,0,1,3,0,0,0,0,0,0,0,0,0,0,0,0,1,0,0,0,0,1,0,0,0,0,1,0,1,0,1,0,0,0,0,0,0,0,0,0,0,1,0,0,0,0,1,0,0,0,0,1,0,0,1,0,2,0,3,0,2,0,1,0,0,0,3,1,0,0,2,1,1,1,0,0,0,1,1,0,1,1,0,0,0,0,0,0,0,0,0,0,0,1,1,0,0,0,0,0,0,0,0,0,0,1,0,0,1,0,0,0,0,0,2,0,2,1,0,0,1,0,0,0,0,1,1,3,5,2,0,0,1,1,2,0,0,4,0,2,2,0
0,0,1,0,0,0,0,0,0,0,0,0,1,0,0,0,0,1,0,0,0,0,0,0,0,0,0,0,0,0,0,1,2,0,7,0,0,1,0,1,1,1,1,0,0,1,0,0,0,0,1,0,0,1,1,0,0,1,0,0,2,0,2,0,0,1,0,0,0,0,0,0,0,0,0,0,0,0,0,0,0,0,2,0,0,0,1,0,3,0,1,0,0,0,0,0,0,0,0,0,1,2,0,3,0,0,1,0,3,1,0,0,3,3,0,1,0,3,0,0,0,0,0,1,0,0,0,0,0,0,0,0,0,0,0,0,0,1,0,0,0,0,0,1,0,0,5,0,0,0,0,1,0,0,0,2,0,0,0,0,3,0,0,2,0,0,0,0,0,0,2,0,2,0,3,0,0,0,0,0,4,0,1,0,6,0,1,1,0,0,0,0,0,0,0,0,0,0,2,1,2,2,0,0,1,0,0,1,1,0,2,0,0,0,1,1,0,2,0,0,0,1,0,1,0,0,1,1,0,0,0,0,0,0,1,0,0,0,0,1,1,6,4,1,0,0,0,0,3,1,1,3,0,2,0,0
0,0,3,0,2,1,0,0,0,0,2,0,2,0,0,1,1,2,0,0,0,0,0,0,0,2,1,2,0,0,2,1,0,0,3,0,0,0,0,0,2,1,1,1,0,0,0,0,0,0,0,0,0,0,0,0,0,0,0,0,2,0,3,0,1,0,0,0,0,0,0,0,0,0,0,0,0,0,0,0,0,0,1,0,0,0,2,0,2,0,0,0,0,0,0,0,0,0,0,1,1,0,0,2,2,0,0,0,1,1,1,0,2,4,1,0,0,2,0,1,0,1,0,1,1,0,0,0,0,0,1,0,0,0,0,0,0,0,0,0,0,0,0,0,0,0,2,0,0,0,0,0,0,2,0,2,0,0,2,0,1,0,0,2,0,0,0,1,1,0,1,0,2,0,1,0,0,0,1,0,2,0,2,0,4,1,0,1,0,0,0,0,1,0,0,1,1,1,2,0,0,0,0,0,0,0,1,0,0,0,0,0,0,0,0,0,0,0,0,0,0,0,0,1,1,0,2,0,0,0,0,0,0,1,5,0,0,0,0,0,0,3,2,0,0,0,0,0,1,0,0,3,0,2,0,0
1,0,3,0,5,0,0,0,0,0,3,0,6,1,0,2,4,4,0,0,0,0,1,2,0,0,2,4,0,2,0,3,1,0,2,0,0,0,2,1,2,0,1,0,0,1,0,0,0,4,0,0,0,0,0,0,0,1,0,0,2,0,2,0,0,0,0,1,0,1,0,0,0,0,0,0,0,4,0,0,0,1,1,1,0,0,0,0,6,0,3,0,2,0,0,0,0,1,2,0,1,1,1,2,1,0,0,1,2,0,0,0,2,2,1,1,0,2,0,0,1,1,0,1,0,0,4,0,0,0,5,0,0,0,3,0,0,0,0,0,0,0,2,0,0,0,2,0,0,0,0,0,0,2,0,1,0,0,2,0,2,1,0,5,0,1,0,0,0,0,0,2,1,0,1,0,0,0,0,0,4,0,2,0,3,0,0,2,0,0,0,0,0,0,0,0,0,0,0,0,0,0,0,0,0,0,0,0,1,0,0,0,0,0,0,0,0,0,0,0,0,0,0,1,0,1,2,0,1,0,1,0,1,0,2,0,0,2,0,0,3,2,1,1,0,0,2,0,1,1,0,2,0,0,0,1
0,0,2,0,3,0,0,0,0,1,1,0,3,0,0,1,2,1,0,3,0,1,0,1,0,0,1,2,0,0,0,3,2,1,4,0,0,0,0,0,1,0,0,1,0,0,0,1,0,2,0,0,0,2,0,0,0,2,0,0,1,0,1,0,0,0,0,0,1,0,0,0,0,0,0,0,0,1,0,0,0,0,1,0,0,0,1,0,5,0,1,0,0,0,0,0,0,0,0,0,0,0,0,2,0,0,0,0,1,0,1,0,3,3,0,0,0,3,0,0,0,0,0,1,0,0,0,0,0,0,1,0,0,0,0,0,0,0,0,1,0,0,0,1,1,0,1,1,0,0,0,0,1,1,0,0,0,0,1,1,1,0,0,2,1,0,1,1,0,0,0,1,1,0,3,0,0,2,0,1,3,0,1,0,2,0,0,0,0,0,0,0,0,0,0,0,0,0,0,0,0,0,0,0,0,0,0,0,0,1,0,0,0,0,0,0,0,0,0,0,0,0,0,0,1,0,1,0,1,0,0,0,0,0,1,0,0,0,0,1,1,1,3,2,0,0,0,1,0,1,1,3,0,3,1,0
0,0,3,0,4,1,0,0,0,0,2,0,4,0,0,1,1,3,0,0,0,0,0,1,0,2,2,0,0,0,0,2,1,0,3,0,0,0,1,0,2,0,0,1,0,0,0,0,0,1,0,0,0,2,1,0,1,0,0,0,2,0,3,0,0,0,0,0,0,0,0,0,0,0,0,0,0,2,0,0,0,0,0,0,0,0,0,0,1,1,0,0,0,0,0,0,0,1,1,0,0,0,0,1,0,0,1,0,0,0,1,0,1,3,0,1,0,2,1,0,0,0,0,0,2,1,0,1,0,0,2,1,0,1,0,2,0,0,1,0,0,0,0,0,2,0,3,0,0,1,0,0,0,2,0,0,0,0,2,0,0,0,0,2,0,0,0,0,0,0,1,0,1,0,1,0,0,0,0,0,2,1,2,0,4,0,0,2,0,0,0,0,0,0,1,0,0,0,0,0,0,0,0,0,0,0,0,0,0,0,0,0,0,0,0,0,0,0,0,0,0,0,0,0,0,0,2,0,0,0,0,0,0,0,3,0,1,0,0,0,0,4,2,1,0,0,0,0,0,2,1,2,0,0,3,0
1,0,1,0,1,0,0,1,0,0,1,1,1,0,0,0,2,1,0,0,0,1,0,4,0,1,0,1,0,0,0,3,0,0,5,0,0,1,0,1,1,0,1,0,0,0,0,0,0,1,1,1,0,1,1,1,0,3,0,0,1,1,1,0,0,0,0,0,2,1,0,0,1,0,0,2,0,0,0,0,0,0,0,0,0,0,1,0,5,1,1,0,2,0,0,0,1,1,2,0,0,0,0,2,0,0,0,1,2,0,0,1,3,3,1,0,0,3,0,0,0,2,0,1,0,0,0,0,0,0,1,1,0,0,3,0,1,1,0,0,0,0,1,1,0,0,1,0,0,0,0,0,0,1,0,2,2,0,2,0,0,0,0,1,0,1,1,1,1,0,1,0,0,0,4,0,0,4,1,0,3,1,2,0,2,1,0,0,0,0,0,0,1,0,0,0,1,0,0,0,1,1,0,0,0,0,0,1,1,0,1,0,0,0,0,0,1,0,0,0,0,1,0,1,2,0,1,0,3,0,0,0,0,0,1,0,0,0,0,0,1,0,4,2,0,1,0,0,0,0,0,3,0,2,1,0
1,0,2,0,3,1,0,0,1,0,2,0,3,0,0,1,3,2,0,1,3,0,0,2,0,0,0,1,0,0,1,3,0,1,6,0,0,0,0,0,2,1,1,0,2,0,0,0,0,1,1,1,0,1,0,0,0,1,0,0,2,0,2,0,0,0,0,0,0,0,0,0,0,1,0,2,1,2,1,0,0,1,2,2,0,0,0,0,3,0,1,0,1,0,0,0,1,0,0,0,1,0,0,2,0,0,0,0,1,0,0,0,2,2,0,0,0,2,0,0,0,0,1,1,1,0,0,0,0,0,0,0,0,0,0,0,0,0,0,0,0,0,0,0,0,0,2,0,0,0,0,0,0,1,0,0,0,0,1,0,0,0,0,3,2,0,1,0,1,0,1,0,1,0,2,1,0,0,0,0,2,0,2,0,3,0,0,2,1,0,2,0,1,0,0,0,0,0,0,0,0,1,0,1,0,1,0,0,0,0,0,0,0,0,0,0,0,1,0,0,0,0,0,1,0,0,2,0,0,1,0,0,0,0,2,0,0,0,0,2,0,4,3,2,0,0,0,0,0,0,2,2,1,2,4,0
1,1,3,0,2,0,0,0,0,1,3,0,4,0,0,2,1,3,0,0,1,0,0,0,0,1,1,0,1,0,2,2,0,0,2,0,0,0,0,0,0,0,0,0,0,0,0,0,1,1,2,0,0,1,1,0,0,2,0,0,2,0,1,0,0,0,1,0,0,0,0,0,0,0,0,0,0,0,0,0,0,2,0,0,0,0,0,0,3,0,1,0,0,0,0,0,0,1,1,0,0,0,0,0,0,0,0,0,1,0,0,0,2,2,0,0,0,2,0,0,0,0,0,1,1,0,1,0,0,0,0,0,0,0,0,0,0,0,0,0,0,0,0,0,0,0,3,0,2,0,0,0,0,2,1,1,0,0,1,0,0,0,0,2,0,0,1,1,0,0,2,0,0,0,2,0,0,0,0,0,2,0,2,0,3,0,0,0,0,1,0,0,0,0,0,0,0,0,0,0,0,0,0,0,0,0,0,0,0,0,0,0,0,0,0,0,0,0,0,0,0,0,0,0,0,1,2,0,0,0,0,0,0,0,2,1,0,0,0,1,0,0,3,2,0,0,0,0,1,0,0,2,1,1,0,0
0,0,3,0,1,0,0,0,0,0,0,0,1,0,0,0,2,1,0,0,0,0,0,0,0,0,0,1,0,1,0,2,1,2,5,1,0,1,0,0,1,0,6,0,0,1,0,0,2,1,0,0,1,1,0,0,1,1,0,1,0,0,0,0,0,7,1,2,0,3,0,0,1,2,0,0,0,0,0,0,0,1,0,2,0,0,0,0,3,1,1,0,1,0,0,0,1,0,2,0,1,0,0,2,0,0,1,1,3,4,0,1,3,3,0,1,0,4,0,0,0,0,0,4,0,0,1,0,1,1,1,0,1,0,0,0,0,0,0,3,0,2,1,0,0,0,2,0,0,3,1,1,0,0,0,3,0,0,0,0,1,0,2,0,0,0,0,1,1,1,0,0,0,1,3,0,0,0,0,0,4,2,0,0,3,1,1,5,0,0,1,0,1,0,0,0,0,0,2,1,2,0,0,0,1,0,0,1,0,0,1,0,0,0,0,0,0,0,0,0,0,0,0,0,1,0,0,0,1,0,1,0,1,0,5,1,0,0,1,2,0,2,16,0,1,1,0,0,3,0,0,3,1,4,5,0
0,0,4,0,1,0,0,0,0,0,2,0,5,0,0,1,2,3,0,0,0,0,0,0,0,0,1,2,0,0,0,2,0,0,3,0,0,0,0,0,2,0,1,0,0,0,0,0,1,2,0,0,0,1,1,0,0,0,0,0,2,0,2,0,0,1,0,0,0,1,0,1,0,0,0,0,0,0,1,0,0,0,0,0,0,0,0,0,2,1,2,1,1,0,0,0,0,0,1,0,0,0,0,2,0,0,0,0,1,0,1,0,1,2,0,0,0,2,0,0,1,0,0,1,3,0,0,0,0,0,1,0,0,0,0,0,1,0,0,0,0,1,0,0,0,0,3,1,0,0,1,0,0,2,0,0,1,0,2,1,0,0,0,2,1,0,1,0,0,0,0,1,1,0,2,0,0,0,0,2,2,0,2,0,2,1,0,1,1,0,0,0,1,0,0,0,0,0,0,0,0,0,0,0,0,0,0,0,0,0,0,0,0,0,0,0,0,0,1,0,0,0,0,0,0,1,3,0,0,0,0,0,0,1,5,0,1,0,0,1,0,0,4,2,0,0,1,2,0,0,0,2,0,4,0,2
0,0,1,0,0,0,0,0,0,0,0,0,0,0,0,0,2,0,0,0,0,0,0,0,0,0,0,1,0,0,0,3,1,0,6,0,0,0,0,0,0,0,0,1,0,0,0,0,0,1,0,0,0,1,1,1,0,0,0,0,0,0,1,1,0,0,0,0,0,1,0,0,0,0,0,0,0,0,0,0,0,2,0,0,0,0,0,1,4,0,1,0,0,1,0,0,0,1,1,1,3,0,0,3,0,0,0,0,2,1,1,0,4,4,0,5,1,4,0,0,0,0,2,1,1,0,0,0,0,1,0,0,0,0,0,0,0,0,1,0,0,0,0,0,0,0,1,1,0,2,0,0,0,0,2,0,0,3,0,0,2,0,0,0,0,0,0,0,0,0,1,0,1,0,4,0,0,0,0,0,4,1,0,0,1,1,1,1,0,0,0,0,0,0,0,0,0,0,1,0,0,0,0,0,0,0,0,0,0,0,0,0,0,0,0,0,0,0,0,0,0,0,0,0,1,0,0,0,3,0,0,0,1,0,0,0,0,0,0,1,1,1,7,2,0,0,1,2,1,0,1,4,0,4,2,1
0,0,2,0,3,1,0,0,0,0,1,0,5,0,1,1,3,2,0,0,1,0,0,0,0,0,1,2,1,0,0,3,3,0,4,0,2,0,0,0,0,0,0,0,0,0,0,0,1,2,1,0,0,1,1,0,0,1,0,0,1,1,1,0,0,0,0,0,0,0,0,0,0,0,0,0,0,0,0,0,0,0,0,0,0,0,1,1,2,1,0,0,0,1,1,0,0,0,0,0,0,0,0,3,0,0,0,0,2,0,0,0,3,3,0,0,0,3,0,0,0,0,1,0,0,0,0,0,0,1,0,1,0,0,0,0,0,0,0,1,0,0,0,0,0,0,1,0,0,0,0,0,0,1,0,0,1,0,2,0,0,0,0,1,0,0,0,0,0,0,0,2,2,0,3,0,1,0,1,1,3,1,1,0,1,0,0,4,1,0,0,0,0,0,1,0,0,0,1,0,0,0,0,0,0,0,0,0,0,0,0,0,0,1,0,0,0,0,1,0,0,0,0,0,0,0,1,0,0,0,0,0,0,0,3,1,0,0,0,1,0,1,4,2,0,0,0,0,2,0,0,4,1,3,3,0
0,0,4,0,3,0,0,0,0,1,3,0,5,0,0,3,0,5,0,0,0,0,0,0,3,1,0,1,0,0,0,0,1,0,3,0,2,0,0,0,1,0,0,0,1,0,0,1,0,1,0,0,0,1,0,0,0,1,0,0,5,0,1,0,0,2,0,0,0,1,0,0,0,0,0,0,1,1,0,0,0,0,0,0,0,0,1,0,2,0,0,0,0,0,0,0,0,6,0,2,0,0,1,2,0,0,0,0,1,0,1,0,1,3,0,0,0,1,0,0,2,0,1,0,2,0,0,0,0,0,2,0,0,0,0,0,0,0,0,0,0,0,0,0,0,0,3,0,1,1,1,1,0,3,3,0,0,0,1,3,0,0,0,3,0,0,0,0,0,0,0,1,0,0,2,0,0,1,1,1,1,1,3,0,6,1,0,2,0,0,0,0,1,0,0,0,1,0,1,1,0,0,0,0,1,1,0,0,0,1,0,0,1,0,0,2,0,1,0,0,2,0,0,0,0,1,3,0,0,0,0,0,0,0,4,2,0,0,0,0,0,1,1,2,0,0,1,0,1,0,0,1,0,1,1,0
1,0,3,0,3,0,0,0,0,0,1,1,1,0,0,1,2,1,0,1,0,0,0,1,1,2,0,2,0,0,0,2,2,0,4,0,0,0,0,0,1,0,1,0,0,0,0,0,0,3,2,0,0,2,1,0,0,0,0,0,1,1,1,0,0,1,0,1,1,1,0,0,0,1,0,0,0,1,0,0,0,1,1,0,0,0,1,0,4,1,1,0,0,0,0,0,0,0,2,0,1,1,0,2,0,0,0,0,1,0,1,0,3,4,0,2,0,3,0,0,0,0,0,2,0,0,0,0,0,0,0,0,0,0,0,0,0,0,0,1,0,1,0,0,0,0,1,1,0,0,0,0,0,1,1,0,0,0,1,0,0,0,0,4,1,0,0,3,1,0,0,1,0,0,3,0,0,2,0,1,3,0,1,1,4,0,0,4,0,0,0,0,1,0,0,0,0,2,0,1,3,1,0,1,0,0,0,0,0,0,1,0,0,0,0,0,0,0,0,0,0,0,0,0,0,0,1,0,1,1,0,0,0,1,1,0,0,0,0,2,0,2,4,3,0,0,0,1,1,1,2,3,0,2,1,0
1,0,2,0,3,0,0,2,0,1,2,1,3,0,0,2,1,2,0,0,0,1,1,0,3,1,0,0,0,0,0,1,0,0,4,1,0,0,1,0,2,0,0,0,2,1,0,0,0,1,4,1,0,0,1,0,1,1,0,0,2,0,3,1,1,0,0,0,0,1,0,0,0,0,0,0,0,2,0,1,2,2,0,0,0,0,0,0,2,0,0,2,0,0,0,2,1,0,1,0,1,0,3,2,0,0,0,0,2,0,0,0,2,4,0,0,0,2,0,0,0,0,1,1,0,0,1,0,0,0,0,0,0,0,0,0,0,0,1,2,0,0,0,0,0,0,3,0,0,0,0,1,0,2,1,0,0,0,1,1,0,1,0,6,1,0,1,0,0,0,0,0,0,0,2,0,0,1,0,1,4,0,3,0,4,0,1,1,0,0,0,0,0,0,0,0,0,0,0,0,0,1,0,1,0,0,0,0,0,0,0,0,0,1,0,1,0,0,0,0,1,0,0,0,0,0,2,0,0,0,0,0,0,1,2,0,1,0,0,1,1,1,4,1,0,0,0,0,1,0,0,3,0,2,0,0
0,0,0,0,1,0,2,0,0,1,0,1,1,1,0,0,2,0,0,1,0,0,0,0,0,1,0,2,0,0,0,3,0,0,5,0,0,0,0,0,0,0,0,0,0,1,0,0,0,1,0,0,0,1,2,0,0,2,0,0,0,0,0,0,0,0,0,0,0,0,0,0,1,0,0,0,0,0,0,0,0,0,1,0,0,0,2,0,3,0,0,0,2,0,0,1,0,1,0,0,0,0,0,3,0,0,0,1,3,0,0,0,4,3,0,0,0,4,0,0,0,0,0,1,0,0,0,0,0,0,0,0,0,0,0,0,0,2,0,0,0,1,0,1,0,0,0,1,0,1,0,0,0,0,0,1,0,0,1,1,2,0,0,0,2,0,0,0,0,0,2,0,1,0,4,0,0,0,0,0,4,1,1,0,2,1,0,2,0,0,1,1,0,0,0,0,1,0,0,0,0,2,0,0,0,1,0,1,0,0,0,0,1,0,0,0,0,0,0,0,0,1,0,3,0,1,0,0,2,0,0,0,0,1,0,0,0,0,0,2,1,0,6,1,1,0,1,1,1,0,0,4,2,3,0,0
0,0,2,0,2,0,1,0,0,0,2,1,3,0,0,2,0,2,0,0,0,0,0,0,1,2,0,2,0,1,0,1,1,0,2,0,0,0,1,0,1,0,0,0,0,0,0,0,1,3,0,0,0,0,0,0,0,0,0,0,2,0,1,0,0,0,0,1,0,0,0,0,0,0,0,0,0,3,0,1,0,0,1,1,0,0,0,0,3,0,1,0,1,0,0,0,0,2,1,0,0,0,0,2,0,0,0,0,2,0,0,0,4,2,0,0,0,2,0,0,1,0,0,0,2,1,0,0,0,0,0,0,0,0,0,0,0,0,0,1,0,0,0,0,0,0,2,0,1,0,0,0,0,2,0,1,0,0,1,0,1,0,0,3,0,0,0,0,0,0,0,0,0,0,2,0,0,0,0,0,2,1,2,0,4,0,0,1,1,0,0,0,0,0,0,0,1,0,3,1,1,0,0,0,0,0,0,1,0,0,0,0,1,0,0,0,0,1,0,0,0,0,0,1,0,0,2,0,0,1,0,0,0,1,2,0,0,0,1,1,0,0,3,1,2,0,0,0,0,0,0,3,0,3,0,0
0,1,3,0,4,0,1,0,0,1,2,0,5,3,0,1,0,2,1,0,0,2,0,0,0,1,0,3,2,0,2,1,1,2,3,0,1,0,0,0,1,2,2,0,0,0,0,0,1,0,0,0,1,0,1,0,1,1,0,0,4,0,1,0,0,0,0,2,0,0,1,0,1,0,0,1,0,0,0,1,0,1,2,0,0,0,0,0,2,1,1,0,0,0,0,0,0,0,1,1,0,0,0,2,0,0,0,0,2,0,0,1,3,2,0,2,0,2,0,0,0,0,0,0,0,0,0,0,0,0,1,0,0,0,0,0,2,1,0,1,0,0,0,2,0,0,2,1,1,1,0,0,0,2,0,4,0,0,2,0,1,0,0,2,0,0,1,0,1,0,1,1,1,0,2,0,0,2,1,0,2,0,2,0,3,1,0,1,0,0,0,1,0,0,0,0,0,0,0,2,5,1,0,0,1,0,1,0,2,0,1,0,0,0,1,0,0,0,0,0,0,0,0,1,0,0,2,0,0,0,1,1,1,1,3,1,0,0,0,2,0,0,3,0,0,0,0,0,1,1,1,3,0,2,0,1
1,0,3,0,0,1,0,0,0,0,2,0,6,0,0,1,3,3,0,0,0,0,0,0,0,0,0,1,0,1,0,1,3,0,5,0,0,0,0,0,1,1,0,0,0,0,0,0,0,3,0,0,0,2,1,0,0,0,0,0,1,0,1,0,0,0,0,0,0,0,0,1,0,2,0,0,0,0,0,0,0,0,0,1,0,0,0,0,6,0,3,0,2,0,0,0,0,0,0,0,0,0,0,2,0,0,0,0,3,0,0,0,1,3,0,0,0,3,0,0,1,0,0,1,0,0,1,1,0,0,2,0,0,0,0,0,0,0,0,1,0,1,0,1,0,0,3,0,0,0,1,0,0,1,0,1,0,0,1,0,1,0,0,2,0,0,0,0,0,0,0,0,0,0,1,0,0,1,0,0,3,0,1,0,3,0,0,2,0,0,0,0,0,0,0,0,0,0,0,0,0,0,0,0,0,0,0,0,0,0,2,0,0,0,0,0,0,0,0,0,0,0,0,0,0,0,1,0,0,1,3,0,0,0,3,0,0,0,0,0,0,1,1,3,0,0,0,0,2,1,2,2,0,0,0,0
1,0,2,0,1,2,0,0,0,0,1,2,1,0,1,0,0,1,0,1,0,0,0,0,0,1,1,1,0,0,0,0,2,0,5,0,0,0,0,0,0,0,3,0,1,0,0,0,0,1,0,0,0,1,1,0,0,1,0,1,1,0,1,0,0,1,0,0,1,0,0,0,0,0,0,0,0,0,0,0,0,0,0,0,0,0,1,0,3,0,0,0,0,1,0,0,0,0,0,0,1,0,1,1,0,0,0,0,1,0,1,0,3,3,0,0,1,3,0,0,0,0,0,0,0,0,1,0,1,0,1,0,0,0,1,0,0,0,0,1,0,0,0,0,0,0,1,0,0,0,0,1,0,1,0,1,0,0,0,0,0,0,0,1,1,0,0,1,1,0,1,0,1,0,3,0,0,1,0,2,3,0,1,0,4,0,0,1,0,0,0,0,0,0,0,1,0,0,2,0,0,0,0,0,0,0,0,0,1,0,2,0,0,0,0,0,0,0,0,0,0,0,1,0,1,0,1,0,0,0,0,0,1,0,1,1,0,1,1,2,2,4,6,4,0,0,2,0,2,0,0,3,0,0,2,1
0,0,1,0,0,0,0,0,0,0,0,0,0,1,0,1,1,0,0,0,0,0,0,0,0,0,1,0,0,0,0,2,1,0,5,0,0,0,0,0,0,0,0,0,0,0,0,0,0,4,0,0,0,3,2,0,0,1,0,0,0,0,0,0,0,0,0,0,0,0,0,0,0,0,0,0,0,0,0,0,0,0,0,0,0,0,0,0,4,0,0,0,0,0,0,0,0,0,3,0,1,0,0,3,0,0,0,0,2,0,0,0,4,4,0,1,0,4,1,0,0,0,0,1,0,0,2,0,0,0,0,0,0,0,0,0,0,1,0,0,0,0,0,0,0,0,1,1,0,0,0,0,0,0,0,1,0,0,0,0,0,0,0,0,0,0,0,0,0,0,0,0,4,0,4,0,0,0,0,0,4,0,0,0,3,0,0,2,0,0,0,0,0,0,0,0,1,0,2,0,0,1,0,0,0,0,0,0,0,0,0,0,0,0,0,1,0,0,0,0,1,1,0,0,0,0,0,0,0,0,0,0,0,0,0,0,0,0,1,2,0,1,9,1,0,0,0,1,1,0,2,5,1,5,1,1
0,0,1,0,2,0,1,0,1,0,1,0,1,0,0,0,2,1,0,0,0,0,0,2,0,1,0,1,0,0,0,2,2,2,4,0,0,0,0,0,1,0,0,0,1,0,0,0,2,1,0,1,2,0,0,0,1,2,0,0,1,0,1,0,0,0,0,1,0,0,0,0,1,0,0,0,0,0,0,1,0,1,0,0,2,0,0,0,3,2,2,0,2,0,0,1,0,0,0,0,5,0,0,2,1,0,0,0,2,0,0,1,4,3,0,0,0,3,0,1,0,0,0,1,1,0,3,0,0,0,0,1,0,0,1,1,0,0,0,0,0,0,0,0,0,0,1,0,0,1,1,0,0,1,0,2,0,0,3,0,1,0,0,1,0,1,0,4,0,0,0,0,1,0,3,0,0,1,0,0,3,0,1,0,2,1,0,2,0,0,0,0,0,0,0,1,0,0,2,0,0,0,0,0,0,0,0,0,1,0,0,0,0,0,0,0,0,1,1,0,0,0,1,0,0,0,2,0,0,0,0,0,0,0,2,1,0,0,0,1,0,3,9,2,0,0,2,1,1,0,0,3,2,1,2,0
1,0,3,0,3,0,0,0,0,0,3,1,6,0,0,2,1,3,1,0,0,0,1,0,2,2,0,1,0,0,1,0,2,0,2,2,0,0,0,0,3,0,0,0,2,0,0,0,0,2,1,0,0,1,0,1,1,0,0,0,3,0,4,0,0,0,0,0,0,0,0,0,0,0,0,0,0,0,0,0,0,0,0,0,0,0,0,0,1,0,1,0,0,0,0,0,0,0,0,1,1,0,0,0,0,0,0,1,0,0,0,0,1,2,0,1,0,1,2,0,1,1,0,0,1,1,0,0,0,0,1,0,0,0,0,1,0,0,0,0,1,1,1,1,0,0,3,0,0,0,0,0,0,3,0,3,0,0,1,0,0,0,0,3,0,0,0,0,0,0,0,0,0,0,1,0,0,0,1,2,1,0,4,0,4,1,1,1,1,0,1,0,1,0,0,0,0,0,2,0,0,0,0,1,0,0,0,0,0,0,0,0,0,0,0,0,0,1,0,0,0,0,0,0,0,0,3,0,0,0,0,0,0,0,3,0,0,0,0,1,0,1,1,1,0,0,1,0,1,0,0,1,0,1,1,0
0,0,1,0,2,1,1,1,0,2,1,0,1,1,0,1,2,1,0,0,0,0,0,0,0,0,0,0,0,1,1,3,2,0,4,0,0,0,0,0,1,1,0,0,0,0,0,0,0,2,0,1,0,1,0,0,0,0,0,0,2,0,1,0,0,0,0,0,0,0,0,0,1,0,0,0,0,0,0,0,0,1,0,0,0,0,0,0,4,0,1,0,0,1,0,0,0,1,0,0,1,0,0,2,0,0,0,1,2,1,1,1,3,7,0,0,0,3,0,0,0,1,0,2,0,0,0,0,0,0,0,0,0,0,1,0,0,0,0,1,0,0,0,1,0,0,3,1,0,0,0,0,0,1,0,1,0,1,1,0,0,0,0,2,0,0,0,0,0,0,0,0,0,0,3,0,0,0,0,2,3,0,1,1,2,1,0,1,0,0,1,0,0,0,0,0,0,0,1,0,0,0,0,0,1,0,1,0,0,0,0,0,0,0,0,0,0,0,0,0,0,0,1,0,0,1,2,0,1,0,1,0,0,0,1,1,0,0,0,0,0,3,4,4,0,0,0,1,0,0,1,3,1,2,1,0
0,1,2,0,0,0,0,0,0,0,0,0,0,0,0,1,1,0,0,1,0,0,0,0,0,0,0,1,0,1,0,5,1,0,5,0,0,0,0,0,0,0,0,0,0,0,0,0,0,1,1,1,0,1,0,1,0,1,0,0,0,0,0,0,0,0,0,0,0,0,0,0,0,0,0,0,0,0,0,0,0,0,0,0,0,0,3,0,4,0,0,0,0,0,0,1,0,0,0,0,0,0,1,5,0,0,0,0,4,1,1,0,4,4,0,0,0,4,0,0,0,0,0,1,0,0,0,0,0,0,0,0,0,0,0,0,0,0,0,0,0,0,0,0,0,0,2,0,0,0,0,0,0,0,0,0,0,0,0,0,0,0,0,0,0,0,0,0,0,0,0,0,0,0,4,0,0,0,0,0,4,0,0,1,3,0,0,3,0,0,0,1,0,1,0,0,0,0,1,0,0,0,0,0,0,0,0,0,3,0,0,0,0,0,0,0,0,0,1,0,1,0,0,0,0,0,0,0,2,0,0,0,0,0,0,0,0,0,0,0,0,1,8,1,0,0,0,0,0,0,0,5,1,3,0,0
0,0,1,0,1,0,0,0,1,0,1,0,3,0,0,1,1,2,0,1,0,0,0,1,1,0,1,0,0,0,0,1,2,0,4,0,0,0,0,0,0,0,1,0,0,0,0,0,0,1,0,0,0,1,0,0,0,0,0,0,1,0,0,0,0,0,0,0,0,0,1,0,0,1,0,0,0,0,0,0,0,1,0,0,0,0,2,0,2,1,1,0,0,0,0,0,0,0,0,0,0,0,0,2,0,0,0,0,1,1,2,0,2,2,0,0,0,2,0,0,0,0,0,1,1,0,0,0,0,0,2,1,0,0,0,0,0,0,0,0,0,0,0,0,0,0,1,0,1,0,0,0,1,1,1,2,0,0,0,1,0,0,0,2,0,0,0,1,0,1,0,0,0,0,1,0,0,0,0,1,2,0,1,0,2,1,0,1,0,0,0,0,0,0,0,1,0,0,1,1,0,0,0,1,0,0,0,0,0,0,0,1,0,1,0,0,0,0,1,0,1,2,0,0,1,0,1,1,0,0,1,1,1,0,1,0,0,0,0,0,0,3,2,1,1,1,0,0,1,1,0,2,0,1,1,0
0,2,2,0,1,1,0,0,0,1,2,1,1,1,0,0,1,1,0,0,0,2,0,0,0,0,2,1,0,1,0,1,0,0,5,0,0,0,0,0,0,0,0,0,0,0,0,1,0,2,0,1,0,4,1,0,0,1,0,0,0,0,0,1,1,0,0,0,1,0,0,0,0,0,0,0,0,0,0,2,0,0,1,0,0,0,1,0,4,0,0,0,0,0,0,1,0,0,0,0,1,0,0,4,0,0,0,0,2,0,0,0,3,3,0,3,1,3,0,0,0,0,0,1,1,0,1,0,0,0,0,0,0,0,1,0,0,1,1,1,1,2,0,0,0,0,4,1,0,0,4,0,0,0,0,0,0,1,1,0,0,0,0,2,1,1,0,0,0,0,0,0,4,0,3,0,0,1,0,0,3,0,2,0,5,1,1,2,1,0,0,0,0,0,2,0,0,0,1,1,0,0,0,0,1,0,0,0,0,0,0,0,0,0,0,0,0,0,0,0,0,0,0,0,0,0,1,0,1,0,0,1,0,0,4,0,0,0,0,4,0,2,7,3,0,0,0,1,3,1,0,3,1,5,2,0
0,0,0,0,1,0,0,0,0,0,0,1,1,0,0,0,1,0,0,0,0,0,1,0,0,0,0,0,0,2,0,3,1,0,10,0,0,0,0,1,1,0,1,0,0,0,0,0,1,4,0,1,0,2,1,0,0,4,0,0,1,0,0,0,0,0,0,0,1,0,0,0,1,0,0,0,0,0,0,0,0,0,0,0,0,0,1,0,3,0,0,0,0,0,0,0,0,0,0,0,0,0,0,1,0,0,0,0,2,0,1,0,5,3,0,0,0,3,0,0,1,0,0,3,1,0,0,0,0,0,0,0,0,0,0,1,0,2,0,0,2,0,0,0,0,0,3,1,0,0,1,0,0,0,0,0,0,1,2,0,3,0,0,2,0,0,0,1,0,0,3,1,1,0,3,0,0,0,1,0,4,0,0,0,2,0,0,3,0,0,0,0,0,0,0,0,0,0,1,0,1,5,0,0,0,0,2,0,7,0,0,0,2,0,0,2,0,1,1,0,0,0,0,1,0,0,0,1,1,2,0,1,0,0,2,0,0,0,1,3,1,4,9,3,1,1,2,0,1,2,1,3,1,2,1,1
0,1,2,0,2,0,0,0,0,0,3,0,3,0,0,2,2,3,1,0,0,0,0,0,0,0,0,0,1,0,1,1,0,0,1,0,0,0,0,2,1,0,0,0,0,0,0,0,0,1,0,0,0,1,1,1,0,0,0,0,2,0,1,1,0,1,0,0,0,0,0,0,0,0,0,0,0,0,0,0,0,0,0,0,0,0,1,0,1,0,0,0,0,0,0,1,0,3,0,1,0,1,1,0,0,0,0,0,0,0,0,0,1,3,0,2,2,1,0,0,0,0,0,0,1,0,1,0,0,1,2,1,0,0,0,0,0,0,0,0,0,0,0,1,0,0,4,0,1,0,1,0,0,2,0,0,1,0,2,0,0,1,0,2,1,2,0,1,0,0,0,0,0,0,1,0,1,0,0,0,2,1,2,0,3,2,0,0,0,1,1,1,0,0,1,0,0,0,1,0,0,0,0,0,0,0,0,0,0,0,0,0,0,0,0,0,1,0,1,0,0,1,0,2,0,0,2,1,0,0,0,0,0,0,2,1,0,0,1,1,0,2,3,0,0,0,0,3,1,0,1,1,0,0,1,0
2,0,1,0,1,0,0,0,0,0,2,0,1,0,0,1,1,1,0,0,0,0,0,1,2,1,0,0,0,0,0,1,2,1,6,0,1,1,0,0,1,0,3,0,0,0,0,0,0,3,1,0,0,0,1,1,2,1,0,0,1,1,3,0,0,0,0,0,1,1,0,1,0,0,0,0,0,0,0,0,0,2,1,2,0,0,1,0,3,2,1,0,0,1,0,0,0,0,1,0,0,0,0,1,0,0,0,0,0,0,3,0,3,3,0,0,0,3,0,0,0,0,0,0,0,0,0,0,0,0,0,2,0,0,0,0,0,0,0,1,0,0,0,0,0,0,2,0,0,1,0,0,0,1,0,1,0,0,1,2,0,0,0,1,1,0,2,1,0,0,0,0,0,0,3,1,0,1,0,1,3,0,1,0,4,0,0,2,1,0,0,1,0,0,0,0,0,0,3,0,1,0,0,0,0,0,1,0,0,0,0,0,0,0,1,0,0,0,0,0,0,1,0,0,1,0,1,0,0,0,0,0,0,1,1,0,0,0,1,2,0,4,3,4,0,0,0,0,2,0,0,3,0,4,2,0
0,0,1,0,0,0,0,0,0,0,1,0,1,1,0,0,2,1,0,0,0,0,0,0,0,1,0,0,0,1,0,3,0,0,3,0,0,0,0,0,0,0,1,1,0,0,0,0,1,1,0,0,0,1,1,0,1,1,0,0,1,0,0,0,0,0,0,0,2,1,1,0,0,0,0,0,0,2,0,0,0,0,0,2,0,0,0,0,3,0,1,0,0,0,0,0,1,0,0,2,0,0,0,2,0,0,0,0,1,0,0,0,5,4,0,0,0,3,0,0,0,0,0,1,0,0,0,0,0,0,0,0,0,0,0,0,0,1,0,0,0,0,1,0,0,0,1,0,0,1,0,0,0,1,0,0,0,0,1,0,1,0,0,1,1,0,0,1,2,0,0,2,1,0,3,0,0,0,0,1,3,1,1,0,2,1,0,1,0,0,0,0,0,0,0,0,1,0,1,0,0,0,0,0,0,0,0,0,0,0,1,0,0,0,0,0,0,0,0,0,0,0,0,0,0,0,1,0,0,0,1,0,0,0,1,0,0,0,1,3,0,0,4,2,0,0,0,0,0,0,0,2,1,1,0,1
0,0,2,0,0,0,0,0,0,0,2,0,2,0,1,1,0,2,0,0,0,0,0,2,0,1,0,2,0,0,0,1,0,0,1,2,0,0,1,2,0,0,0,0,0,0,0,0,0,0,0,0,0,0,0,0,0,0,0,0,2,0,0,0,0,0,0,0,2,0,0,0,0,0,0,0,0,0,0,0,0,0,0,1,0,0,0,0,2,0,0,0,1,1,0,0,0,0,0,1,3,1,0,1,0,0,2,0,1,1,0,0,1,1,0,1,0,1,0,0,1,0,1,2,2,1,0,0,1,1,0,0,0,0,0,0,0,0,1,0,0,0,0,2,0,0,3,0,2,0,0,0,0,2,0,1,0,0,2,2,0,0,0,2,1,2,1,0,0,0,0,0,0,0,2,0,0,0,0,0,1,0,2,0,4,0,0,0,1,1,0,0,1,2,0,0,1,0,1,0,2,0,0,0,0,0,2,0,0,0,1,0,0,2,0,1,1,0,0,0,0,0,0,1,1,1,2,0,0,0,1,0,1,2,3,0,0,0,0,0,0,0,1,1,0,0,1,0,1,0,0,1,1,1,1,0
0,1,1,0,2,0,0,1,0,0,1,0,2,0,0,1,1,1,0,0,0,0,0,0,2,1,0,0,0,0,0,1,0,0,5,0,0,0,0,0,1,0,0,0,0,0,0,0,0,1,0,0,0,2,0,0,1,0,0,1,1,0,1,0,0,0,0,1,0,0,0,0,0,0,0,0,0,0,2,0,0,2,0,0,1,0,1,0,3,1,1,0,0,0,0,0,0,1,0,0,1,0,0,1,0,0,0,0,2,0,0,0,3,3,0,0,0,4,0,0,0,0,0,0,0,0,0,0,0,0,0,1,0,0,0,1,0,0,0,1,0,0,0,0,0,0,1,0,0,0,1,0,1,1,0,0,0,0,2,0,0,1,1,1,2,0,0,0,0,0,1,3,0,0,3,0,1,0,1,1,3,0,3,0,3,2,0,0,0,0,0,0,0,0,0,0,1,0,1,0,0,2,0,2,0,0,0,0,0,1,1,0,0,1,0,0,0,0,0,0,0,0,0,0,0,0,1,0,0,0,0,0,0,0,2,0,0,1,0,0,0,3,5,3,0,0,0,0,3,1,1,3,0,3,3,0
0,0,2,0,2,0,1,0,1,1,3,0,4,0,0,1,1,2,0,0,1,0,0,1,0,0,1,0,0,0,0,1,1,0,3,1,0,0,0,0,0,0,0,1,0,0,0,0,0,0,0,0,0,0,0,0,0,0,0,0,1,0,1,0,1,0,0,1,1,0,0,0,2,0,0,0,1,0,1,0,0,0,0,0,0,0,1,1,2,0,0,0,0,0,0,0,1,0,0,0,1,0,0,1,0,0,0,0,2,1,0,0,1,1,0,1,0,1,0,0,0,0,0,1,1,0,0,0,0,0,1,1,0,0,0,0,0,0,0,0,0,1,0,1,0,0,2,0,1,0,0,0,1,1,0,1,0,0,1,0,0,1,0,3,0,0,0,0,1,0,0,0,1,0,1,0,0,0,0,1,1,0,4,0,4,2,0,1,0,0,1,1,1,1,0,1,0,0,1,0,1,1,0,0,0,0,0,0,0,0,1,0,1,0,0,0,0,0,0,0,0,0,2,3,0,0,2,0,1,1,0,1,1,1,3,3,0,1,0,1,1,0,1,1,0,1,0,0,3,0,1,1,0,2,2,1
1,1,2,0,4,0,0,0,2,1,3,0,3,1,0,1,1,3,0,0,0,0,0,0,0,2,0,0,0,1,1,1,1,0,2,1,0,0,0,1,2,0,1,0,0,0,0,1,1,1,2,0,0,0,2,0,0,0,0,0,2,0,3,1,0,0,0,0,1,0,0,0,3,0,0,0,1,0,0,0,1,0,0,0,0,0,1,0,1,0,0,0,0,0,0,1,0,1,1,1,1,0,2,1,0,0,1,0,0,0,0,0,1,5,0,1,0,2,0,0,0,0,0,1,2,3,0,0,0,0,1,0,1,0,0,1,1,0,3,0,1,0,1,0,0,0,2,0,0,1,1,0,1,2,0,0,0,0,1,1,0,1,1,2,0,0,3,0,0,0,2,1,0,1,0,0,1,2,1,0,1,0,2,1,3,1,1,2,1,0,2,1,0,1,0,0,3,0,0,0,1,1,0,0,0,1,1,0,1,0,1,0,1,1,0,0,0,0,0,0,0,1,0,1,0,1,2,0,0,1,0,1,0,1,2,0,0,0,0,0,0,1,1,0,0,0,1,0,0,0,2,1,1,1,0,1
0,0,3,0,3,1,0,1,0,1,2,1,1,1,0,1,1,1,0,0,0,0,0,1,0,2,1,2,0,0,0,2,1,0,4,0,0,0,0,0,0,0,0,0,0,0,0,0,1,1,0,3,0,2,0,0,0,3,1,0,1,0,1,0,0,0,1,0,1,0,0,0,1,0,0,0,0,0,2,0,1,0,0,1,0,0,0,0,2,0,1,1,2,0,0,0,0,0,0,0,2,0,0,0,0,0,0,0,2,0,0,0,4,2,0,2,0,4,0,0,0,0,0,1,1,0,4,1,0,0,0,1,0,0,0,0,0,0,0,0,0,1,0,0,1,0,2,0,1,0,0,0,0,1,0,2,0,0,1,0,0,0,0,1,0,0,1,0,0,1,0,0,1,0,3,1,0,1,0,0,3,1,1,0,3,1,0,1,2,0,0,1,0,0,0,0,0,0,2,0,0,0,0,0,0,0,0,0,0,0,0,0,1,0,0,0,0,0,0,0,0,0,0,1,0,1,1,0,1,0,1,0,0,0,1,1,0,0,0,0,2,0,6,2,0,0,0,0,0,0,0,3,0,2,0,0
0,0,3,0,3,0,0,0,1,0,2,0,2,0,0,1,1,2,0,0,0,0,0,0,1,1,1,1,0,1,1,1,0,0,5,0,0,0,0,0,1,0,0,2,0,0,0,0,0,1,1,0,1,2,1,0,1,0,0,0,1,0,2,0,0,0,0,0,2,0,0,0,0,0,0,0,0,0,0,0,0,0,0,1,0,0,1,0,2,0,0,0,0,0,1,0,0,0,0,0,0,0,0,2,0,0,0,0,2,0,0,0,2,2,0,0,0,3,0,0,0,0,0,0,1,0,0,0,0,1,0,1,0,0,1,0,0,0,0,0,0,0,0,1,0,0,2,0,0,0,0,1,0,1,0,1,0,0,1,0,1,1,0,1,0,0,0,1,0,0,1,0,1,0,3,0,0,0,0,0,2,0,2,0,4,0,0,0,1,0,0,0,1,0,0,0,1,0,1,0,0,0,0,0,0,0,0,0,0,0,0,0,0,0,0,0,0,0,0,0,0,0,0,0,1,0,1,0,0,0,0,0,0,0,2,0,0,0,0,0,0,3,4,1,0,0,1,0,2,0,0,3,0,0,3,1
0,0,2,0,1,0,2,1,0,1,1,0,1,0,0,1,0,1,0,0,0,0,0,0,0,0,0,0,0,0,0,0,0,0,7,0,0,0,0,0,1,0,0,1,0,0,0,0,0,1,0,2,1,3,0,0,1,1,0,0,2,0,1,0,0,1,0,1,0,0,0,0,0,0,0,0,0,0,0,0,0,1,0,1,0,0,1,0,2,0,0,0,0,0,0,0,0,0,0,0,0,0,0,1,0,0,0,0,1,1,1,1,3,4,0,1,0,3,1,0,0,0,1,0,0,0,0,0,0,0,0,0,0,0,0,0,0,0,0,0,0,0,0,1,0,0,1,0,0,0,0,0,0,1,0,0,0,0,2,0,1,0,0,1,0,0,0,0,0,0,1,1,0,0,3,0,1,0,1,0,4,1,1,0,3,0,0,3,2,0,0,0,0,0,1,0,0,0,2,0,0,0,0,0,0,0,0,0,1,0,0,0,0,0,0,0,0,0,0,0,0,0,0,2,0,0,1,0,0,0,0,0,1,0,2,2,0,0,0,2,0,5,3,2,0,0,0,0,3,3,0,3,0,2,0,0
0,0,1,0,1,0,0,0,0,1,1,0,2,1,0,1,2,2,0,0,0,0,0,0,0,1,0,0,0,0,0,2,0,0,5,0,0,0,0,0,1,0,0,0,1,0,0,0,0,0,1,0,0,0,0,0,0,1,0,0,1,0,2,0,0,0,1,0,0,0,0,0,1,0,0,1,0,0,1,1,0,1,1,0,0,0,0,0,4,1,0,0,0,0,0,0,0,1,0,0,0,0,1,3,0,0,0,0,2,0,1,0,3,6,0,0,0,3,0,0,1,1,0,0,0,0,0,0,0,0,1,2,0,0,0,0,0,0,0,2,0,0,0,0,0,0,2,0,1,0,0,0,0,1,0,0,0,0,1,0,0,0,0,1,2,0,0,1,0,0,0,1,0,0,2,0,0,0,0,0,3,0,1,0,2,0,0,2,0,0,0,0,0,0,1,0,1,0,1,0,0,0,0,0,0,0,0,0,0,0,0,0,0,0,0,1,0,0,0,0,2,0,0,1,1,0,1,0,0,0,0,0,0,0,1,0,0,0,0,2,0,1,4,0,0,0,0,0,1,0,0,3,0,3,2,0
2,0,1,0,0,0,0,0,0,0,1,0,2,0,0,0,3,2,0,0,0,0,0,0,0,1,0,0,0,0,0,4,1,0,3,0,0,0,0,0,1,0,0,0,0,0,0,0,0,3,1,0,0,1,0,0,0,0,0,0,1,0,1,0,0,0,1,0,0,0,0,0,0,0,1,0,0,1,0,0,0,1,0,1,0,0,1,0,3,1,1,0,0,0,0,0,1,0,0,0,1,1,0,2,0,0,0,0,2,0,1,0,3,4,0,0,0,3,0,0,0,0,0,3,0,0,1,0,0,0,1,0,0,0,0,0,0,0,0,0,0,0,0,0,0,0,1,0,0,0,0,1,0,1,0,0,0,0,1,0,0,0,1,2,2,0,2,0,0,0,1,0,0,0,2,0,0,3,0,1,3,2,1,0,1,2,0,2,0,0,0,0,0,0,0,0,1,0,0,1,3,1,1,0,0,0,0,1,0,0,0,0,0,0,0,0,0,0,0,0,0,0,0,1,1,0,1,0,1,0,0,1,0,0,1,1,0,0,0,1,0,2,4,3,0,0,0,0,0,0,3,4,1,3,1,0
0,0,2,0,1,1,0,0,0,0,1,0,1,0,1,0,1,1,0,0,0,0,0,0,0,0,0,0,0,0,0,2,2,0,8,0,1,0,0,0,0,1,0,1,0,0,0,0,0,1,0,0,0,0,1,0,1,0,0,0,2,1,0,0,0,0,0,0,0,0,0,0,0,0,0,1,0,0,0,0,0,0,0,0,0,0,1,0,5,0,0,0,0,0,0,0,0,0,0,0,0,1,1,3,0,0,0,0,2,0,0,0,5,4,0,0,0,5,0,0,0,0,0,4,0,0,0,0,0,0,0,0,0,0,0,0,0,0,0,0,0,0,0,1,0,0,0,0,0,0,0,0,0,0,0,1,0,0,1,0,0,0,0,0,0,0,0,0,0,0,0,0,0,0,4,0,0,0,0,0,4,0,0,0,3,1,2,1,0,0,0,0,0,0,0,0,0,0,1,0,1,0,0,0,0,0,0,0,1,0,0,0,1,0,0,0,0,0,0,0,0,0,0,1,0,0,0,0,3,0,0,0,0,0,2,0,0,0,0,1,0,0,4,4,1,0,1,0,2,0,1,4,0,2,1,1
1,0,2,0,4,0,0,3,0,0,2,0,5,0,0,1,0,2,0,3,1,0,0,0,0,3,2,3,0,2,0,1,3,0,5,0,2,2,0,0,1,0,0,0,0,1,1,0,0,0,3,2,0,1,0,1,1,5,0,0,2,0,1,0,0,0,5,0,1,0,0,0,1,0,0,2,1,0,1,0,0,0,1,0,0,0,0,0,7,1,0,0,0,0,0,0,0,5,0,2,0,1,0,0,0,0,1,0,0,0,4,0,4,5,1,0,0,3,0,1,1,0,2,1,2,1,7,0,0,0,0,1,0,0,0,1,0,0,1,0,0,1,0,0,0,1,2,0,1,0,0,1,0,2,0,0,0,0,3,2,2,0,0,2,0,0,0,1,0,0,1,2,2,0,2,0,0,0,1,2,2,2,2,0,4,1,0,3,1,0,0,0,0,0,0,0,0,0,2,0,0,0,0,0,0,0,0,0,0,0,0,0,0,0,0,0,0,0,1,0,0,0,0,0,0,0,3,1,0,0,0,0,0,2,2,0,0,0,0,0,0,4,5,2,0,0,2,0,4,3,2,2,0,0,0,0
0,2,3,0,2,0,0,0,0,1,1,0,1,0,0,1,4,1,0,0,0,0,0,0,0,1,0,2,0,0,0,3,0,0,6,1,1,0,0,0,0,0,0,0,2,0,0,1,0,1,1,0,0,0,0,0,2,2,0,0,2,0,2,0,0,0,0,0,0,2,0,0,0,0,1,2,0,1,0,0,0,1,0,1,0,0,2,0,5,1,2,0,0,0,0,0,0,0,0,0,6,0,0,2,1,0,0,0,1,0,0,0,3,4,0,0,0,3,0,0,0,0,0,2,1,0,0,0,0,0,0,0,0,1,1,0,0,0,0,1,0,0,0,0,0,0,2,0,0,0,2,0,1,1,0,2,0,0,1,1,0,0,0,1,1,0,0,0,0,0,0,0,0,3,3,0,0,3,0,0,3,0,1,0,1,1,0,2,0,0,0,1,1,1,0,0,1,0,0,0,0,0,1,0,0,0,1,0,1,0,2,0,1,0,2,2,0,1,0,0,4,0,0,0,0,0,1,0,0,0,0,0,0,0,1,0,0,0,0,0,0,0,6,0,0,0,0,0,0,0,1,3,0,3,1,1
1,0,2,0,2,0,1,0,0,0,1,0,1,0,0,2,2,2,0,1,1,0,0,3,2,1,0,1,0,0,0,3,1,0,5,0,1,0,0,1,1,0,2,1,0,1,0,1,0,0,2,0,1,0,0,0,1,3,0,0,1,0,2,0,0,0,0,0,1,0,0,0,1,0,1,0,0,0,1,0,0,1,0,0,0,0,0,0,3,0,0,0,1,0,0,0,1,0,0,0,0,0,0,3,0,0,1,0,3,0,0,0,2,2,0,0,0,3,0,0,0,0,0,2,0,0,0,0,0,0,1,0,0,0,0,0,0,0,0,0,0,0,0,0,0,0,1,0,0,0,0,0,0,1,0,0,0,0,0,1,1,1,0,1,0,0,1,1,0,0,1,0,0,2,2,0,1,0,0,0,2,0,1,0,2,0,0,5,0,0,0,0,1,0,0,0,1,0,1,0,1,0,0,0,0,0,2,1,0,0,0,0,0,0,0,0,0,1,1,0,0,0,0,0,0,0,1,1,0,0,1,0,0,0,1,0,1,0,0,1,0,2,2,1,0,0,0,0,0,0,1,2,1,1,1,1
1,0,2,0,1,0,0,0,0,0,1,0,1,1,0,0,1,1,0,0,0,0,0,0,0,1,0,2,0,1,0,1,2,0,7,0,0,1,0,1,2,0,2,0,2,0,1,1,0,1,1,0,0,1,0,0,0,2,0,0,1,0,1,0,0,0,1,0,0,0,0,0,0,0,0,0,0,0,0,0,0,1,1,0,0,0,4,0,3,0,1,0,0,0,0,0,1,0,0,0,2,0,0,2,0,0,0,0,4,3,3,0,3,3,1,0,0,3,0,1,0,0,0,1,0,0,0,0,0,0,0,0,0,0,0,0,3,0,0,0,0,0,0,1,0,0,1,0,0,0,0,0,0,1,0,1,0,0,1,0,0,0,0,2,0,0,1,0,0,0,0,0,0,0,3,0,0,1,0,1,3,0,1,0,4,1,0,1,0,0,0,1,2,0,0,0,1,0,2,0,2,0,0,0,0,0,0,0,0,0,4,0,0,0,0,0,0,2,0,1,0,0,0,0,0,0,1,0,0,0,0,1,0,0,4,0,0,0,0,0,0,2,4,2,0,0,0,0,2,3,0,3,2,1,0,0
0,0,5,0,1,0,0,0,0,0,1,0,2,0,0,0,1,2,0,0,0,0,0,1,0,0,0,1,0,0,0,4,0,0,6,0,0,0,0,0,0,1,0,0,0,0,0,0,1,3,1,0,1,1,1,0,1,2,0,0,0,0,0,0,0,0,0,1,0,0,0,0,0,0,0,0,0,1,0,0,0,0,0,0,0,0,0,0,2,0,0,0,0,0,0,1,0,0,0,0,0,0,0,1,0,0,0,0,2,0,1,0,2,2,0,0,0,2,0,0,2,0,0,0,0,0,1,0,0,0,0,0,0,0,0,0,0,0,0,1,0,0,0,0,0,0,2,0,0,0,1,0,0,0,0,0,0,0,0,0,0,0,0,1,1,0,0,0,0,0,0,0,0,0,2,0,0,0,0,0,3,0,2,0,5,0,0,0,1,0,0,0,1,0,0,0,0,0,1,0,0,1,0,0,0,0,0,0,0,0,0,0,0,0,0,1,0,0,0,0,0,0,1,1,0,0,2,0,0,0,1,0,0,1,2,2,0,0,0,2,0,2,4,3,0,0,0,0,1,0,0,2,0,1,2,0
0,1,0,0,0,0,1,0,0,0,0,0,1,1,0,1,1,0,0,1,0,0,0,0,0,0,1,0,0,0,0,1,0,0,6,1,0,0,0,0,0,0,1,1,0,0,0,1,2,4,0,0,0,1,1,0,0,5,1,0,0,1,2,0,0,0,0,1,0,0,0,0,0,0,0,0,0,0,0,0,0,1,0,1,0,0,1,0,3,0,1,0,0,0,0,0,0,0,0,0,3,0,0,3,0,0,0,0,3,1,0,0,4,4,0,4,0,4,0,0,0,1,0,0,0,0,4,0,0,0,0,0,0,0,0,0,0,1,0,0,0,0,0,0,0,0,0,0,0,0,0,0,0,0,0,1,1,0,0,1,0,0,0,0,0,0,0,0,0,0,1,0,0,0,4,0,0,0,0,0,4,1,0,0,3,0,0,0,0,0,0,0,0,0,0,0,1,0,0,0,1,0,0,0,0,0,1,0,4,0,0,0,0,0,0,0,0,2,0,0,0,1,0,0,0,0,1,0,0,1,0,0,0,0,0,0,0,0,0,0,1,3,8,2,0,0,0,0,4,0,0,3,0,1,2,0
1,0,2,0,0,0,0,0,0,0,0,1,1,0,0,1,2,1,0,0,0,0,0,0,0,0,1,3,0,2,0,2,0,0,6,0,0,0,0,0,1,0,0,0,0,1,0,0,0,0,0,0,0,1,1,0,2,0,0,0,0,0,0,0,0,0,0,2,0,0,0,0,0,0,0,0,0,1,0,0,0,4,4,2,0,0,1,0,5,2,2,0,0,0,0,0,0,0,0,0,1,0,1,4,0,0,0,0,3,0,0,0,3,6,0,1,0,4,0,0,0,0,1,1,0,1,0,0,0,0,0,0,0,0,0,0,0,0,0,1,0,0,0,0,0,0,1,0,0,1,0,0,0,0,0,0,0,0,0,0,0,0,0,1,1,0,0,0,0,0,2,0,2,1,3,0,2,0,0,0,4,1,0,0,3,1,0,4,0,0,0,0,1,1,0,0,0,0,2,0,1,0,1,0,0,0,0,0,1,0,4,0,0,0,0,0,0,0,0,0,0,0,0,0,0,0,1,0,0,0,1,0,0,0,3,0,0,0,0,2,0,0,9,4,0,0,0,0,3,2,0,5,1,2,2,0
0,0,2,0,1,0,1,0,0,0,0,0,1,0,0,1,2,0,0,0,0,0,0,1,0,1,0,1,0,0,0,3,0,0,7,0,0,0,0,0,0,0,0,1,0,0,0,0,1,4,0,0,0,1,1,0,0,0,0,0,2,0,0,0,0,0,0,0,0,1,0,0,0,0,0,0,0,0,0,0,0,0,0,1,0,0,1,0,4,0,0,0,0,0,0,0,0,0,0,1,1,0,0,3,0,0,0,0,1,2,1,0,4,4,0,0,0,4,0,0,0,0,0,2,0,0,0,1,0,0,1,0,0,0,0,0,0,0,0,0,0,1,0,2,0,0,1,0,0,0,0,0,0,0,0,1,0,0,1,0,0,0,0,0,0,0,0,0,0,0,0,0,1,0,4,1,0,0,0,0,4,0,0,0,2,1,0,1,0,0,0,0,0,0,0,0,0,0,1,0,1,0,0,0,1,0,0,0,0,1,0,0,1,0,0,0,0,0,0,0,0,0,0,0,0,0,0,0,0,0,0,0,0,0,2,0,0,0,0,1,0,2,5,2,0,0,0,0,1,0,0,5,1,3,0,2
0,1,1,1,2,0,0,0,0,0,0,0,0,1,0,0,0,0,1,3,1,0,0,0,2,0,1,1,0,0,0,2,2,0,3,0,0,0,0,0,0,0,0,0,0,0,0,0,0,1,0,1,0,1,1,0,0,0,0,0,0,0,0,0,0,1,0,0,1,0,0,0,0,0,0,0,0,0,0,0,0,0,0,0,0,0,1,0,3,0,0,0,0,0,0,0,0,0,1,0,1,0,0,3,1,0,0,0,2,0,0,0,3,3,0,3,1,3,0,0,0,0,0,1,0,0,0,0,0,0,0,0,0,0,0,0,0,0,0,0,0,0,0,1,0,0,1,1,0,1,0,0,0,0,0,0,1,0,0,0,0,0,0,1,0,1,0,0,0,0,0,0,0,0,3,0,0,0,0,0,3,0,0,0,5,0,0,2,0,0,0,0,0,0,0,0,3,1,1,1,0,0,0,0,0,0,2,1,0,0,0,2,0,1,0,0,0,0,0,0,1,0,0,2,0,0,0,0,2,0,1,0,0,0,0,0,0,0,0,1,0,1,5,1,0,0,0,2,2,1,0,4,1,2,0,0
0,0,2,0,5,0,0,1,0,1,2,0,6,0,0,1,1,3,0,0,0,0,0,0,2,1,1,3,0,0,0,2,0,0,2,0,1,0,0,0,1,0,2,0,0,0,0,0,1,2,1,1,0,2,1,0,0,0,0,0,2,0,2,0,0,0,0,1,0,0,0,0,0,0,1,0,1,2,0,0,0,1,1,0,1,0,1,2,3,1,2,0,0,0,0,0,0,3,0,1,0,0,0,2,0,0,0,1,0,0,0,0,1,2,0,0,1,2,0,0,0,0,0,0,0,0,0,0,0,0,0,0,0,0,1,0,1,0,0,0,0,0,0,0,0,0,3,0,1,0,0,0,0,2,1,2,0,0,0,1,0,0,0,2,0,0,0,0,0,0,0,0,0,0,1,0,0,1,1,1,2,1,3,0,4,1,0,3,1,0,1,0,0,1,0,0,0,0,0,4,1,1,0,0,0,0,1,2,0,1,1,0,0,0,0,0,0,1,0,0,0,0,0,0,0,0,2,0,1,0,0,0,0,0,3,0,0,0,0,0,0,0,1,1,0,0,2,0,0,0,0,2,1,2,2,1
0,0,2,0,2,0,2,0,0,0,1,0,1,0,1,0,3,1,0,0,0,0,0,0,0,0,0,2,0,0,0,2,1,0,5,0,0,0,0,0,0,0,1,0,1,0,0,0,0,3,1,0,0,1,1,0,0,1,1,0,0,0,0,0,0,0,0,0,0,0,0,0,2,0,1,0,0,0,0,0,0,1,0,1,0,0,0,0,3,1,1,0,0,0,0,0,0,0,0,0,5,0,0,2,0,0,1,0,2,0,0,0,3,4,0,0,0,4,0,0,1,0,0,0,2,0,0,1,0,0,0,1,0,0,0,0,0,0,0,1,0,0,0,0,0,0,2,0,0,0,0,0,0,0,0,0,0,0,0,0,0,0,0,1,2,0,1,0,0,0,0,0,0,0,3,0,0,1,0,0,4,0,1,0,2,1,0,2,2,0,0,0,0,0,0,0,0,0,2,0,0,2,0,0,1,0,1,0,0,0,1,0,0,0,0,2,0,0,0,0,0,1,0,0,0,0,0,0,0,0,0,0,1,1,3,0,0,0,0,0,0,1,4,2,0,1,1,1,0,1,1,4,0,2,3,0
1,0,2,0,3,0,0,0,0,0,2,0,2,1,0,1,1,2,0,1,0,0,0,1,1,1,1,1,0,0,1,2,0,1,3,0,0,0,0,0,0,0,1,2,0,0,0,0,0,2,1,0,0,2,0,0,1,0,0,1,2,0,1,0,0,0,0,0,0,0,0,0,0,1,1,1,0,2,0,0,0,0,0,0,0,0,1,0,2,0,0,0,0,0,0,0,0,0,0,0,0,0,0,1,0,0,0,0,1,0,0,0,2,3,0,0,0,2,0,0,0,0,0,2,1,0,0,0,0,0,0,0,0,0,0,0,0,0,0,1,0,0,0,0,2,0,2,0,0,2,0,0,0,1,0,0,0,0,2,4,0,0,0,3,1,0,1,3,0,0,0,0,1,0,2,0,0,2,0,1,2,0,2,0,4,1,0,0,0,0,0,0,0,0,1,0,0,0,2,0,1,1,0,0,0,1,0,0,0,0,1,0,0,0,1,0,0,0,0,0,0,0,0,0,2,0,2,0,0,0,1,0,0,0,2,0,0,0,0,0,0,1,4,1,0,0,0,0,0,0,0,4,0,2,2,1
0,0,2,0,2,0,0,1,1,1,3,0,1,0,1,1,0,2,0,2,0,0,0,1,0,2,0,1,0,2,0,0,0,0,4,1,0,1,0,1,0,0,0,0,1,2,1,0,0,3,0,0,0,1,1,1,0,1,0,0,1,0,1,0,0,0,0,0,0,1,0,0,0,0,0,0,0,2,0,0,0,1,0,1,0,0,0,0,2,0,0,0,1,0,0,0,0,1,0,0,0,0,1,2,0,0,0,0,1,0,0,1,2,2,0,3,0,2,0,0,0,0,0,0,0,0,0,0,0,1,0,0,0,0,2,0,0,0,0,0,0,1,0,1,0,0,1,0,0,0,0,0,0,1,0,0,0,0,1,1,0,0,0,2,0,0,0,0,0,0,0,0,0,0,2,0,0,0,0,0,2,0,2,0,3,1,0,0,0,0,1,1,0,1,0,0,0,0,0,0,3,0,0,0,0,0,0,0,1,0,0,1,1,0,0,0,0,1,0,0,1,1,0,1,0,0,1,0,0,0,0,1,0,1,1,0,0,1,0,0,0,1,3,0,0,0,0,0,2,1,0,3,0,2,1,2
0,1,2,0,1,0,0,1,0,2,2,0,3,0,0,1,2,2,0,1,0,1,0,0,0,1,0,2,0,0,0,1,0,0,4,0,0,0,0,0,2,0,1,0,0,0,0,0,0,1,0,1,0,1,1,0,0,1,0,0,2,0,2,0,0,0,0,0,0,1,0,0,0,0,0,1,0,0,0,0,0,0,0,0,0,0,0,0,2,0,0,0,0,0,0,0,0,1,0,0,1,0,0,3,0,0,1,1,0,0,0,0,2,2,0,0,0,2,0,0,1,0,0,1,0,2,0,0,0,0,1,0,0,0,0,0,0,1,0,0,0,0,0,1,0,0,3,0,0,0,0,0,0,2,0,1,0,0,3,0,1,0,0,2,1,0,0,0,1,0,0,1,1,0,2,0,0,2,0,3,2,0,2,0,4,0,0,1,0,0,0,0,1,0,0,0,0,0,0,0,0,0,0,0,0,0,0,0,2,0,0,0,0,0,0,0,0,0,0,0,0,3,0,0,0,0,2,0,0,0,2,0,0,0,2,0,0,0,1,0,0,1,3,1,0,0,0,1,1,0,0,2,0,2,1,0
0,0,2,0,4,1,0,0,0,1,2,0,2,1,1,1,3,2,0,0,0,0,0,0,0,1,0,0,0,1,2,2,1,0,3,0,0,0,1,0,1,0,1,0,0,0,0,0,0,3,1,0,0,0,1,0,0,0,0,0,2,0,2,0,0,0,0,0,0,1,0,0,0,0,0,0,0,4,0,0,0,0,0,0,0,0,0,0,2,0,1,0,0,0,0,0,0,3,0,0,0,1,1,3,0,0,0,0,2,0,0,0,2,6,0,0,0,2,0,1,0,0,0,2,3,0,2,0,0,0,1,1,0,0,0,0,0,0,0,0,0,0,0,0,0,0,4,2,0,0,0,0,0,2,0,0,0,1,1,0,0,0,0,3,0,0,0,0,0,0,0,0,0,0,2,0,0,0,0,0,2,0,2,0,2,0,0,2,0,0,1,0,0,0,0,0,1,0,0,0,0,1,0,0,0,0,0,0,0,0,0,0,0,0,0,0,1,0,0,0,0,0,0,0,1,2,2,0,0,0,1,0,0,2,2,1,0,1,0,2,1,1,6,1,0,0,0,2,0,0,0,2,0,2,0,0
0,1,2,0,2,0,0,0,0,0,1,0,3,0,0,0,2,3,0,0,0,0,0,2,0,1,0,1,0,1,0,2,0,0,6,1,0,1,0,0,1,0,0,0,0,0,0,0,0,2,1,0,0,2,0,0,1,0,0,2,3,0,2,0,0,0,1,1,0,1,0,0,2,0,1,0,0,1,0,0,0,0,0,0,0,0,2,0,2,2,0,0,0,0,0,0,0,0,0,0,0,0,0,3,0,0,0,0,2,0,0,0,2,2,0,1,0,3,0,0,1,0,0,2,0,0,0,0,0,0,0,1,0,0,0,0,0,0,0,0,0,3,0,0,0,0,3,0,0,0,0,1,0,1,1,0,0,1,2,0,0,0,0,1,0,0,0,0,0,0,0,0,1,1,1,0,0,0,1,0,3,0,1,0,2,0,0,4,1,0,0,0,0,0,0,0,0,0,0,0,3,0,0,0,0,0,0,0,0,0,0,0,0,0,0,1,0,0,1,1,0,0,0,0,0,0,2,0,0,0,1,3,0,0,2,0,0,0,0,1,0,1,4,0,0,0,1,1,1,0,1,3,1,4,3,0
0,0,0,0,0,0,2,0,1,0,0,0,0,0,0,0,1,0,0,0,0,0,0,0,0,1,0,1,0,2,0,1,1,0,4,0,1,0,1,0,0,1,0,0,0,0,1,0,0,2,0,0,1,0,0,1,0,1,0,0,0,0,0,0,0,0,0,0,1,1,1,0,0,0,0,1,0,0,0,0,0,0,0,0,0,0,0,0,3,0,0,0,0,0,0,0,0,0,0,1,0,0,0,2,1,0,0,0,2,0,1,1,3,3,0,0,0,3,0,0,0,0,0,2,1,1,1,0,0,1,0,1,0,0,0,0,0,0,0,1,0,0,0,0,0,0,3,0,0,0,1,0,1,0,1,1,0,0,0,0,0,0,1,0,0,0,0,1,1,1,1,1,2,0,4,0,0,0,0,1,4,0,0,1,2,0,0,2,1,0,1,0,1,0,0,0,0,0,2,0,2,0,0,1,0,0,1,1,0,0,0,0,0,0,0,0,0,0,0,0,0,0,0,0,1,0,1,0,1,0,0,0,0,0,0,0,0,0,0,2,0,3,7,2,2,0,0,0,2,0,0,4,0,1,0,0
0,0,2,0,0,0,1,0,0,0,3,0,2,0,0,1,1,2,0,0,0,0,0,0,0,1,0,1,1,2,0,1,0,0,2,0,0,1,0,0,1,0,0,0,0,0,0,0,1,1,0,0,0,1,0,0,1,0,0,0,1,1,0,0,0,0,1,0,0,1,0,0,1,0,0,0,0,1,0,0,0,0,0,1,0,0,1,0,3,0,2,0,0,0,0,0,0,0,0,1,1,0,0,2,0,0,0,0,1,0,0,0,2,2,0,0,0,2,0,0,0,0,0,1,0,1,1,2,2,0,0,0,0,0,0,0,0,1,0,1,0,0,0,0,0,0,3,0,1,1,2,0,0,1,0,1,0,0,1,0,0,0,0,1,0,0,0,3,0,0,1,0,0,0,2,0,0,0,0,0,2,0,1,0,2,0,0,1,0,0,0,0,1,2,0,0,0,0,0,1,0,0,0,0,0,0,0,0,0,0,2,0,0,0,0,0,0,0,0,0,0,0,0,0,0,0,1,0,0,0,1,1,0,0,1,1,1,0,0,2,0,0,4,0,0,0,1,0,1,1,1,2,0,3,2,1
0,0,2,0,1,0,1,0,0,1,2,0,2,0,0,3,0,2,0,0,0,0,0,1,0,1,0,1,0,0,0,0,0,0,3,0,0,0,0,0,0,0,2,0,0,0,0,0,0,2,0,0,0,2,1,0,1,2,0,0,2,0,0,1,0,0,0,1,0,0,0,0,0,0,0,0,0,3,0,0,0,2,1,0,0,0,0,1,2,2,3,0,1,1,0,0,1,0,0,0,2,1,0,3,0,0,0,0,4,0,0,0,2,2,0,0,0,2,0,0,0,0,0,0,1,0,3,0,0,0,2,0,0,0,0,0,0,0,0,0,0,0,0,1,0,0,3,0,1,0,0,0,0,2,0,1,0,0,1,0,0,0,1,3,1,0,0,1,0,0,0,1,1,1,2,0,0,2,0,1,2,0,2,0,4,2,0,1,1,0,0,0,0,0,0,0,0,0,0,0,0,0,0,0,0,0,0,0,1,0,2,0,0,0,0,0,0,1,0,0,0,0,0,0,0,0,2,0,0,0,0,0,0,0,2,0,0,0,0,0,0,2,5,0,0,0,1,0,3,1,2,2,0,1,3,0
0,0,2,0,1,0,1,0,0,0,2,0,2,0,0,0,3,2,0,0,1,0,0,0,0,1,0,3,0,0,0,4,2,1,3,0,2,0,0,0,2,0,0,1,0,0,0,0,3,0,0,0,1,1,0,0,0,3,0,0,2,0,2,1,0,0,0,0,0,0,0,0,1,0,0,0,0,0,0,0,0,0,0,1,0,0,0,0,2,1,0,0,1,0,0,0,0,0,0,0,0,1,0,3,0,0,0,0,2,0,1,0,3,2,0,0,0,2,0,0,0,0,0,2,0,0,1,0,0,0,1,1,0,0,0,0,0,2,0,1,0,0,2,2,0,0,2,0,0,1,0,0,0,1,0,3,1,2,0,0,0,0,0,3,0,0,0,1,0,0,1,2,0,0,2,0,0,1,0,1,2,0,2,0,2,1,0,0,0,0,0,0,0,0,0,0,1,0,0,0,1,0,0,0,0,0,0,1,1,0,0,0,0,0,0,0,0,0,0,0,0,1,0,0,0,0,2,0,0,1,0,1,0,0,2,0,0,0,0,0,0,0,2,1,0,0,0,0,0,0,0,3,1,1,1,2
0,0,2,0,3,0,0,0,0,0,2,0,2,0,0,0,2,2,0,0,0,0,0,0,0,2,0,1,0,0,2,2,0,0,2,0,2,1,0,1,3,0,0,1,0,0,0,0,0,2,1,0,0,1,1,0,1,0,0,0,2,0,2,0,0,0,0,0,1,0,0,0,0,0,0,0,0,0,0,0,0,0,0,1,0,0,0,0,3,0,0,0,0,0,0,0,0,0,0,0,0,0,0,2,0,0,0,0,2,1,0,0,2,4,0,1,0,2,1,0,0,0,0,2,0,0,0,0,0,0,1,1,0,0,0,0,0,0,1,0,0,0,0,0,0,0,2,0,0,0,0,1,0,2,0,2,0,0,3,0,0,0,0,3,1,0,0,0,0,0,0,0,0,0,2,0,0,1,0,0,2,0,2,0,3,1,0,0,1,0,0,0,0,0,0,0,0,0,0,0,0,0,0,0,0,0,0,0,0,0,0,0,0,0,0,0,0,0,0,0,0,0,0,0,1,0,2,0,0,0,0,0,1,0,3,0,0,0,0,0,0,0,2,0,0,0,0,0,0,0,0,3,0,1,0,0
2,0,3,0,1,1,1,0,0,1,2,0,6,0,0,0,2,3,0,0,0,0,0,0,3,2,0,1,0,0,0,2,0,0,3,0,0,0,0,0,3,0,0,0,0,0,0,0,0,1,1,0,0,1,1,0,0,0,0,0,2,0,2,0,0,0,0,0,0,0,0,0,0,0,0,0,0,1,0,0,0,0,1,0,0,0,0,1,1,0,1,0,0,0,0,0,1,0,0,0,0,0,0,1,0,0,1,0,1,0,1,0,1,1,0,0,0,2,0,0,2,0,0,1,2,1,0,0,0,0,1,0,0,0,1,0,0,0,0,1,0,0,0,0,2,0,3,1,0,0,0,0,0,2,0,0,0,0,1,1,0,0,0,4,0,0,2,0,0,0,0,1,0,0,1,0,0,0,0,0,2,0,2,0,2,0,0,0,0,0,0,0,0,0,0,0,0,0,1,0,0,2,0,0,0,1,1,0,1,0,0,0,0,0,0,0,0,1,0,1,0,0,0,0,0,0,3,0,0,0,0,0,0,1,3,0,0,1,0,0,0,2,4,2,0,0,0,0,0,0,1,2,0,1,1,0
0,0,3,0,1,0,1,0,0,0,1,0,1,2,1,0,0,1,0,0,0,0,0,0,0,1,0,2,0,2,1,1,2,0,4,0,0,0,1,0,0,0,1,0,0,0,0,0,0,3,0,0,0,1,1,0,1,0,0,1,1,0,2,0,0,0,0,0,1,2,1,0,0,0,0,0,0,2,0,0,0,0,0,0,0,0,1,0,3,0,0,0,0,0,0,0,0,0,0,0,1,0,0,2,0,0,0,0,2,0,1,0,3,4,1,0,0,3,0,0,0,0,1,0,1,0,0,0,0,1,0,0,0,0,0,0,1,0,0,0,0,0,0,1,0,0,1,0,0,0,0,0,0,1,0,0,0,1,0,0,0,0,0,1,0,0,0,0,0,0,0,0,0,0,3,0,0,0,0,0,3,0,1,0,3,0,0,2,1,0,0,0,2,0,0,0,1,0,2,0,1,0,0,0,0,0,0,0,0,0,1,0,0,0,0,0,0,0,0,0,0,0,0,0,0,0,1,0,0,0,0,1,0,0,2,0,0,0,0,1,0,1,8,3,0,0,0,0,3,0,2,3,0,1,2,0
0,0,1,0,0,0,0,0,0,0,0,1,0,3,0,0,3,0,0,0,0,0,0,0,0,1,1,1,0,3,0,3,0,0,5,0,0,0,0,0,0,0,0,2,0,0,0,0,0,1,0,0,0,1,0,0,1,0,0,0,1,0,1,0,0,0,0,0,0,1,0,0,0,0,0,0,1,0,0,0,0,0,0,1,0,0,1,0,5,0,0,0,0,0,0,0,0,0,0,0,2,0,0,2,0,0,0,0,3,2,0,0,5,4,0,0,0,4,0,0,0,0,1,1,0,0,0,0,0,0,0,0,0,1,0,0,0,0,0,0,0,0,0,0,0,0,1,0,0,0,0,0,0,0,0,1,0,0,0,0,0,0,0,0,0,0,0,1,0,0,1,0,1,0,4,0,0,2,0,0,4,1,0,0,1,0,0,1,0,0,0,0,2,0,0,0,0,0,0,0,0,1,0,1,0,0,1,0,1,2,0,0,0,0,0,0,0,0,0,0,0,0,0,0,0,0,0,0,0,1,1,0,0,0,0,0,0,1,0,3,0,2,6,4,1,0,0,0,1,0,1,4,2,1,2,1
0,0,2,0,1,0,0,0,0,1,1,0,1,1,0,1,3,1,0,0,0,1,0,0,1,2,0,1,0,0,0,3,1,1,5,0,0,0,0,2,0,0,0,0,0,0,1,0,0,1,0,0,0,1,2,1,1,2,0,0,1,0,0,0,0,0,0,0,0,0,0,0,0,0,0,0,0,2,0,0,0,1,0,1,0,0,0,0,3,1,1,0,0,0,0,0,0,0,0,0,2,0,0,3,0,0,0,0,2,0,0,0,3,4,0,1,0,3,0,0,0,0,0,2,0,0,0,0,0,0,0,0,0,0,0,0,0,0,0,0,0,0,0,0,0,0,1,0,0,1,1,0,0,1,0,0,0,0,1,0,0,0,0,2,1,0,0,0,0,0,0,0,1,1,3,0,0,0,0,1,3,0,1,0,1,2,1,1,0,0,0,0,0,0,0,0,0,0,0,0,0,1,0,0,0,0,0,0,0,0,0,0,0,0,0,0,0,0,0,0,0,0,0,0,1,0,1,0,0,0,0,0,0,0,1,0,0,0,1,1,0,0,6,0,0,0,0,0,0,1,1,4,0,2,1,0
0,0,0,0,0,0,1,0,0,0,0,0,1,1,0,1,1,2,0,0,0,0,0,0,1,0,0,0,0,1,0,1,0,0,9,0,0,0,0,1,0,0,1,0,0,0,0,0,0,1,0,0,2,0,1,1,0,0,0,0,0,0,0,0,0,0,0,0,0,0,0,0,0,0,0,0,0,0,0,0,0,1,0,2,0,0,0,0,3,1,1,0,0,0,0,1,0,0,1,2,4,1,1,3,0,0,1,0,3,0,2,0,4,3,0,0,0,4,0,0,0,0,1,1,2,0,0,0,1,0,1,0,0,0,1,0,0,0,0,1,0,0,0,0,0,0,1,0,0,0,0,1,0,1,0,0,0,0,0,0,2,0,0,0,1,0,0,0,0,0,0,0,1,0,3,0,0,1,1,0,4,0,0,0,2,0,0,4,0,0,0,0,0,1,0,0,0,0,4,0,2,0,0,0,0,0,0,0,0,0,2,0,1,1,0,0,0,0,0,0,0,0,0,0,1,0,0,0,2,0,1,0,0,1,1,0,0,0,0,0,0,3,4,4,0,0,0,0,2,0,1,4,1,3,1,2
0,0,1,0,0,0,0,0,0,0,0,0,0,0,0,0,1,0,0,0,0,0,0,0,0,0,1,1,0,1,0,3,2,0,4,0,0,0,0,0,0,0,0,1,0,0,0,0,1,2,0,1,1,2,1,0,1,3,0,0,0,0,0,0,0,0,0,0,0,0,0,0,0,0,0,0,0,0,0,0,0,0,0,0,0,0,3,0,4,0,0,0,0,0,0,0,0,1,1,1,0,0,0,3,0,0,0,0,4,0,0,0,4,4,0,2,0,4,0,0,0,0,0,0,0,0,1,0,0,0,0,0,0,0,0,0,0,0,0,0,0,0,0,0,0,0,0,0,0,0,0,0,0,0,1,0,1,0,0,0,1,0,0,1,0,0,0,0,0,0,0,0,0,0,4,0,0,1,0,0,4,1,0,0,5,0,0,2,0,0,0,0,0,0,0,0,0,0,1,0,0,0,0,0,0,0,0,0,0,0,0,0,0,0,0,0,0,0,0,0,0,0,0,0,0,0,0,0,2,0,0,0,0,1,0,0,0,0,0,0,0,2,6,3,0,0,0,0,1,0,0,4,0,3,1,0
0,1,4,0,4,2,0,0,0,1,4,0,4,0,0,1,1,4,0,1,0,0,0,0,0,2,1,0,0,0,0,2,1,0,2,0,1,0,0,0,2,0,1,1,0,0,2,0,0,2,3,0,0,2,1,0,0,0,0,0,3,0,2,0,0,1,1,0,1,1,1,0,0,0,1,0,0,4,0,0,0,0,1,0,0,1,2,0,0,0,1,1,1,0,1,0,0,0,0,0,0,0,1,0,0,0,0,1,1,0,0,0,0,3,0,0,1,0,0,0,0,0,1,0,0,0,0,0,0,0,1,0,0,0,0,0,0,0,0,0,0,1,0,0,0,0,4,0,0,0,0,0,0,3,0,4,0,0,3,0,0,1,1,7,0,0,1,0,0,0,0,5,0,0,0,0,0,0,0,1,0,0,4,0,4,0,0,0,3,0,3,1,0,0,0,0,1,0,0,0,0,0,0,0,0,0,0,0,0,3,0,0,0,0,0,0,0,0,0,0,0,0,0,0,0,0,4,0,0,1,0,2,0,0,4,0,1,0,1,0,0,0,0,0,0,0,5,0,0,0,1,0,0,0,1,0
0,0,1,0,0,0,0,0,1,1,2,0,2,0,0,2,0,1,0,0,0,0,0,2,1,1,0,1,0,0,0,1,0,0,2,1,0,0,0,0,1,0,0,0,0,0,0,0,0,1,0,0,0,0,0,0,0,0,2,0,1,0,0,0,0,0,0,1,0,0,0,0,0,0,0,2,2,2,0,1,0,0,0,0,0,1,0,0,2,0,1,0,1,0,0,0,0,0,0,0,0,0,0,1,0,0,1,0,0,0,2,2,1,1,0,0,0,1,0,0,0,1,2,1,0,4,1,2,0,0,2,0,0,0,0,1,0,2,0,0,1,0,0,0,1,0,1,0,1,0,0,3,0,1,0,1,0,3,0,1,1,0,0,1,2,1,1,0,0,0,1,0,0,0,1,0,1,0,0,0,1,1,2,0,2,1,0,0,0,0,1,1,0,1,1,1,0,0,0,0,1,1,1,1,0,0,0,0,2,0,0,0,1,0,0,0,0,0,0,0,1,0,0,1,0,0,1,0,2,1,3,3,0,1,4,0,0,0,0,0,1,1,1,1,0,0,0,0,0,0,0,3,0,0,0,1
0,0,1,0,1,0,1,0,0,0,1,0,3,0,0,1,2,1,0,0,1,0,0,0,0,0,1,2,0,1,0,2,1,0,5,0,1,1,0,0,1,0,0,0,0,0,0,0,1,3,0,0,0,0,0,1,2,4,0,0,1,0,1,1,0,0,0,0,0,0,0,0,0,0,0,0,0,0,0,1,0,0,0,2,0,0,1,0,3,0,0,0,0,0,0,0,0,0,0,1,0,0,0,1,0,0,0,0,1,0,0,0,3,3,0,0,0,3,0,0,0,0,0,1,0,0,0,1,0,0,1,1,0,0,1,0,0,0,0,0,0,0,0,0,0,1,1,0,0,0,0,0,0,1,1,0,0,0,1,0,0,0,0,1,0,0,0,0,0,0,1,1,0,0,3,0,0,0,0,1,3,1,1,0,2,2,0,0,0,0,0,0,0,1,0,0,1,0,3,0,0,0,0,0,1,0,0,0,1,0,3,1,0,0,0,1,0,0,0,0,0,0,0,0,0,0,1,0,1,0,0,0,0,0,1,0,0,0,0,0,0,0,3,1,0,0,1,0,0,0,0,3,1,2,0,0
0,0,1,0,1,0,2,1,0,0,0,1,1,0,0,2,3,2,0,0,0,0,0,0,0,0,0,1,0,2,0,3,0,0,5,0,1,0,0,0,0,0,0,1,0,0,0,0,2,2,1,0,0,1,0,0,0,4,0,0,0,0,0,1,0,1,0,0,1,1,0,0,0,0,1,0,2,0,0,0,0,0,0,0,0,0,1,0,3,1,0,0,0,0,0,0,0,2,0,0,1,0,0,2,1,1,0,0,4,0,0,0,4,7,0,1,0,4,0,0,1,0,0,2,3,0,0,0,0,0,1,0,0,0,0,1,1,0,0,1,0,0,0,0,0,0,1,0,0,1,0,0,0,0,0,1,0,0,0,0,1,0,0,1,1,0,0,2,0,0,1,0,2,0,3,0,0,2,0,0,4,2,1,0,3,1,0,2,0,1,0,0,0,0,0,0,0,0,0,0,1,0,0,0,0,0,1,0,3,0,1,0,0,0,1,1,0,0,0,0,0,0,0,0,1,0,2,0,0,0,1,0,0,0,1,0,0,0,0,0,0,0,6,2,0,1,0,0,1,0,1,5,0,4,2,1
0,0,2,0,1,0,0,0,0,0,1,0,2,0,0,1,1,2,0,0,0,0,0,0,0,0,0,1,0,0,0,1,0,1,5,0,0,0,0,0,1,0,0,1,0,0,0,1,0,3,0,0,0,2,0,0,1,1,0,0,1,0,1,0,0,1,0,1,1,0,0,0,1,0,0,0,0,1,0,0,0,0,0,0,0,0,1,0,3,0,1,0,1,0,0,0,0,0,0,0,0,0,1,2,0,0,0,0,3,0,0,0,2,2,0,1,0,4,0,0,0,0,0,2,0,0,0,0,0,0,0,0,0,0,0,0,0,0,1,0,0,0,0,0,0,0,3,0,0,0,0,0,0,1,0,0,0,0,2,1,1,1,0,2,0,0,0,1,0,0,0,0,0,0,2,0,0,0,0,1,3,0,1,0,3,0,0,0,0,0,0,0,1,0,0,0,1,0,2,1,1,0,0,0,0,0,1,0,0,0,0,0,1,0,0,1,0,0,0,0,0,0,1,0,0,0,1,0,0,0,0,0,0,0,2,0,0,0,0,1,0,0,2,1,0,0,0,0,2,0,0,2,0,2,0,0
0,0,2,0,2,0,0,0,1,0,2,0,3,0,0,0,2,2,0,0,0,0,0,0,0,2,1,1,0,0,1,2,0,0,2,0,0,0,0,0,2,0,0,0,0,0,0,0,0,1,0,0,0,2,0,0,0,0,0,0,2,0,2,0,0,1,0,0,0,1,0,1,0,0,0,0,0,0,0,0,0,1,0,1,1,1,0,0,2,1,1,0,0,0,0,0,0,0,0,1,1,0,0,2,0,1,0,1,1,0,0,0,2,3,0,0,0,2,1,0,0,0,0,0,1,0,1,0,0,0,0,1,0,0,0,0,0,0,1,0,0,0,0,0,0,0,3,0,0,0,0,0,0,2,0,0,0,0,2,2,1,0,0,2,0,0,1,0,0,0,0,1,0,0,2,0,0,0,1,0,2,0,3,0,2,0,0,2,1,0,0,0,0,0,0,0,0,0,0,0,0,0,0,0,0,0,0,0,0,1,0,0,1,0,0,0,0,1,1,0,0,0,0,0,0,1,2,0,0,0,0,0,0,1,2,0,0,0,0,0,0,0,3,1,0,0,2,0,0,0,1,2,1,2,1,0
0,1,1,0,0,1,1,0,0,0,0,2,0,1,0,1,1,0,0,0,0,0,0,0,0,0,1,0,0,0,0,2,2,0,7,1,0,0,0,0,0,0,0,0,0,0,0,0,0,2,0,1,0,2,1,0,0,1,0,0,0,0,0,0,0,0,0,0,0,0,1,0,0,0,0,1,0,0,0,0,0,0,0,1,0,0,0,0,4,0,0,0,0,1,0,1,0,0,0,0,3,0,0,3,0,0,0,0,4,0,0,0,4,3,0,1,0,4,0,0,0,0,0,1,0,0,0,0,0,0,0,0,0,0,0,0,0,0,0,0,1,0,0,0,0,0,0,0,0,0,0,0,0,0,0,0,0,0,0,0,2,0,0,0,1,0,0,0,0,0,0,0,1,0,3,0,0,0,0,0,4,0,0,0,3,0,0,1,0,0,0,0,0,0,0,0,1,1,0,0,0,0,0,0,0,0,0,0,1,0,0,0,0,0,0,0,0,0,0,0,1,0,0,0,0,0,0,0,1,0,0,0,0,0,0,0,0,1,4,0,0,1,5,3,0,0,0,0,3,0,0,3,0,2,0,0
0,0,1,0,3,0,0,0,1,0,1,0,1,0,0,0,3,1,0,1,0,0,0,0,0,1,1,1,0,0,0,2,1,0,6,0,0,0,0,2,0,0,1,2,0,0,0,0,0,2,0,0,0,0,0,1,0,4,0,0,1,1,0,0,0,1,0,0,0,0,0,0,0,0,1,0,0,1,1,0,0,1,0,0,0,0,1,0,3,1,1,0,0,0,0,0,0,1,0,0,0,0,0,3,0,0,0,0,3,0,2,0,3,3,0,0,0,3,0,0,0,0,0,2,0,0,0,0,0,0,1,0,0,0,1,0,0,0,0,0,0,0,0,1,0,1,3,0,1,0,0,0,0,1,0,0,0,0,1,0,0,1,0,1,0,0,2,0,1,0,0,0,0,0,3,0,0,1,1,0,3,0,1,0,2,0,0,1,1,0,0,0,0,0,1,1,0,1,3,0,3,3,1,0,2,0,0,0,0,0,0,0,0,0,0,2,0,1,0,0,0,0,0,0,1,0,1,0,0,0,0,0,0,0,1,0,0,0,0,1,0,1,5,1,0,0,0,0,1,0,2,3,0,3,1,0
1,0,2,0,1,0,1,1,0,0,1,0,2,0,0,1,2,2,0,0,0,0,0,0,0,1,0,3,0,0,0,3,2,0,4,1,0,0,0,0,0,0,0,0,1,1,0,0,0,0,1,0,0,1,0,0,0,2,0,1,1,0,1,1,0,2,1,0,0,0,0,0,1,0,0,0,0,0,0,0,1,0,0,2,0,1,1,1,3,0,3,1,1,0,0,0,0,0,1,0,1,0,0,1,1,0,0,0,4,1,0,0,3,6,0,0,0,3,0,0,0,0,0,2,0,0,1,0,0,0,0,0,0,0,0,0,0,0,0,1,1,0,0,0,0,0,2,0,0,0,2,0,0,1,0,0,0,0,1,0,0,1,0,2,1,0,0,2,1,0,0,1,2,0,2,1,0,0,0,0,3,0,1,0,2,1,0,1,0,0,0,0,0,0,0,0,1,0,1,0,1,0,0,0,0,0,1,0,1,1,1,0,0,0,0,0,0,0,0,0,0,0,0,0,0,0,2,0,0,0,1,0,0,0,2,0,1,0,0,1,0,1,3,1,0,0,0,0,0,0,1,2,1,3,1,0
0,0,3,0,2,0,1,0,0,0,1,0,3,0,0,1,1,3,0,2,0,0,0,1,0,1,1,5,0,1,0,2,1,0,8,0,0,1,1,1,0,0,0,0,1,0,0,0,0,5,0,0,0,4,0,0,0,2,0,0,1,0,0,0,0,0,0,0,0,0,0,1,0,0,0,0,0,3,1,1,0,1,1,1,0,0,1,0,3,0,1,1,0,0,0,0,0,0,0,0,0,0,0,2,0,0,0,0,2,0,0,0,2,2,0,0,0,3,0,0,0,0,0,0,0,0,0,0,0,0,1,1,0,0,0,0,0,0,0,0,0,0,0,1,0,0,2,1,0,0,0,0,0,1,0,0,0,0,1,1,0,0,0,2,0,0,1,0,0,0,0,0,0,0,2,0,0,0,0,0,2,0,2,0,4,0,0,0,0,0,0,0,0,0,0,0,0,0,0,0,0,0,0,0,0,0,1,0,0,0,0,0,0,0,0,0,0,0,1,0,0,0,0,0,0,0,2,1,1,0,0,0,0,0,2,0,0,0,0,2,0,3,2,3,0,0,1,0,2,0,0,2,1,1,1,1
0,0,0,0,0,0,0,0,0,0,0,0,1,1,0,1,1,1,0,0,0,0,0,0,0,0,1,2,0,0,0,2,0,1,7,0,0,1,0,0,0,0,0,0,0,0,0,1,2,6,0,0,0,3,0,0,0,3,0,0,0,0,0,0,0,0,0,0,0,2,0,0,0,0,0,3,0,0,0,0,0,1,0,0,0,0,1,0,4,1,1,0,0,1,0,1,0,0,1,0,1,0,0,2,0,0,0,0,3,0,1,0,4,4,0,0,0,4,0,0,0,0,0,1,0,0,0,0,0,0,1,2,0,0,0,0,1,1,1,0,1,0,0,1,0,0,1,0,0,1,0,0,0,0,0,0,0,0,0,3,1,0,0,0,0,0,0,0,0,0,0,2,1,0,3,0,0,0,0,0,4,0,0,0,3,0,0,4,0,0,0,0,0,0,0,0,1,0,2,0,2,2,0,0,0,0,0,1,3,0,3,0,0,0,0,0,0,0,0,0,0,0,0,1,0,0,0,0,0,0,0,0,0,0,0,1,0,0,0,1,1,3,6,1,0,0,0,0,5,0,2,6,1,4,3,2
0,0,1,0,0,1,0,0,0,0,0,1,0,0,0,0,1,0,0,1,0,0,0,0,0,1,0,0,0,3,0,4,0,1,5,0,0,0,0,0,0,1,0,0,0,0,0,0,0,1,0,0,0,2,1,0,1,0,0,0,0,0,0,0,0,0,0,0,0,1,0,0,1,0,0,0,1,0,0,0,0,2,0,0,0,0,1,0,5,1,1,0,0,0,0,0,0,0,1,1,4,0,0,2,0,0,0,0,2,1,2,0,4,4,0,2,0,5,1,0,0,0,0,1,0,0,1,0,0,0,1,0,0,0,0,0,0,1,0,0,1,0,0,0,0,0,0,1,0,0,2,0,0,0,0,2,0,0,0,0,0,0,0,0,0,0,0,0,0,0,1,0,3,0,4,0,0,0,0,0,4,0,0,0,3,0,0,1,0,0,0,0,1,0,0,0,1,0,3,0,2,1,0,0,0,0,0,0,3,0,1,0,0,0,0,0,0,0,0,0,0,0,0,1,1,1,1,0,1,0,0,0,0,0,3,0,0,0,1,2,3,1,11,2,0,0,1,2,1,0,1,4,0,0,2,0
0,1,2,0,1,0,0,0,0,1,1,1,2,0,0,0,3,1,1,0,1,1,0,0,0,2,0,1,0,1,0,2,2,1,4,0,0,0,0,1,1,0,0,0,0,0,0,0,0,4,0,1,0,2,1,0,0,2,0,0,1,0,1,0,0,1,0,0,0,0,0,0,0,0,0,0,0,3,0,0,0,2,0,0,0,0,0,0,4,1,1,0,0,0,0,0,1,0,0,0,0,0,0,2,0,0,0,2,2,3,1,0,3,3,0,2,2,3,0,0,0,0,0,2,0,0,0,0,0,0,1,0,0,0,0,0,0,0,0,0,0,1,0,0,0,0,1,0,0,0,0,0,0,1,0,0,0,0,1,0,1,0,0,3,0,0,0,1,0,0,1,0,0,0,3,0,0,0,0,0,3,1,1,0,4,0,0,1,2,0,0,0,1,0,0,0,1,0,1,0,0,0,0,0,0,0,1,0,1,0,0,0,3,0,1,0,0,0,0,0,2,1,0,0,0,0,3,1,0,0,0,0,0,0,3,2,0,1,0,1,0,4,6,2,0,0,2,0,2,0,0,4,0,2,0,0
0,1,1,0,0,0,0,0,0,0,0,0,0,0,0,1,1,0,0,0,0,0,0,1,0,0,0,0,0,0,0,1,0,0,6,0,0,0,0,0,0,0,2,0,0,0,0,0,0,0,0,0,0,1,1,0,1,0,0,0,0,0,1,0,0,0,0,0,0,1,0,0,0,0,0,0,0,0,1,1,0,3,0,1,0,0,0,0,4,0,3,0,0,0,0,2,0,0,1,3,5,0,0,3,0,0,0,0,2,2,1,0,4,4,0,0,0,4,0,0,0,0,0,5,0,0,0,0,0,0,0,0,0,0,0,0,0,0,0,0,0,0,0,0,0,0,0,0,0,0,0,0,0,0,0,0,0,0,1,0,0,0,0,1,2,0,0,0,0,0,1,0,1,0,4,0,0,1,0,0,4,0,0,0,2,0,0,7,0,0,0,0,0,0,0,0,0,0,2,0,0,0,0,0,0,0,0,0,0,0,1,0,0,0,2,0,0,0,0,0,0,0,0,1,2,0,0,0,0,0,2,0,0,0,2,0,0,0,4,1,0,4,6,2,1,0,1,0,3,0,1,4,0,2,3,0
0,1,5,0,1,0,0,0,0,1,2,0,3,0,0,0,2,2,0,1,0,1,0,2,0,1,0,6,0,1,0,2,0,0,3,0,2,0,0,0,1,0,0,0,0,0,0,0,0,1,0,0,0,0,0,0,1,0,0,0,1,1,1,0,0,1,0,0,0,2,0,0,1,1,0,0,0,0,0,0,0,0,0,2,0,0,1,0,4,2,0,0,0,0,0,0,0,0,0,0,1,1,1,2,0,0,0,0,2,2,1,0,2,6,0,2,0,3,0,0,0,0,0,4,0,0,3,0,0,0,1,0,0,0,0,1,0,0,0,0,0,0,0,0,0,0,2,0,0,0,0,0,0,1,0,0,0,1,3,0,0,0,0,2,0,0,0,0,0,0,0,0,2,0,2,0,0,2,0,1,3,0,1,0,2,1,0,3,1,0,0,1,4,0,0,0,1,0,1,0,1,0,0,0,1,1,0,0,2,0,0,0,0,0,0,0,0,0,0,0,0,0,0,0,0,0,2,0,0,0,0,0,0,0,3,0,0,0,0,0,1,2,4,2,0,0,1,1,3,1,5,2,1,3,2,0
