2,0,0,0,2,0,1,3,2,1,1,0,0,1,2,3,1,1,0,3,0,0,1,0,1,0,0,0,1,0,0,2,0,1,0,0,0,0,2,1,1,3,1,1,0,1,4,25,1,0,4,1,0,0,0,0,6,2,0,0,2,0,0,1,0,0,1,0,0,0,0,1,0,2,0,0,0,0,0,0,0,2,3,0,0,0,1,1,0,0,0,0,1,2,1,1,2,0,2,0,1,2,1,2,1,1,2,0,1,6,0,3,0,3,1,0,2,0,1,0,1,0,1,3,0,0,0,0,0,6,1,1,4,4,2,1,0,2,1,1,1,1,2,0,0,0,1,0,0,7,1,0,0,0,3,1,0,0,0,0,2,1,6,0,3,1,4,0,2,2,1,0,9,0,1,1,2,1,0,0,0,0,5,2,4,2,0,0,1,8,0,3,0,2,0,0,0,0,1,1,6,1,3,1,1,3,0,1,3,2,0,1,0,2,0,1,0,2,0,0,0,0,3,1,1,0,0,1,0,1,2,2,0,1,0,1,0,0,0,1,0,1,0,1,1,1,0,3,0,0,0,4,0,10,0,0
1,0,0,1,1,0,0,2,1,1,3,0,0,2,1,1,1,1,0,1,0,0,0,0,2,0,0,1,4,1,0,2,0,0,0,1,0,0,0,2,0,3,0,2,1,0,1,24,0,2,7,1,1,0,1,0,2,4,1,0,3,1,0,1,1,0,2,0,2,0,1,2,0,1,0,0,0,1,1,0,0,3,0,0,0,1,4,1,0,0,0,0,0,2,3,0,0,0,2,0,0,2,0,0,1,0,4,1,0,5,0,1,0,4,1,0,0,0,1,2,0,2,2,2,0,1,2,0,0,5,1,3,3,2,3,1,0,2,0,2,0,0,3,0,0,0,2,0,0,4,1,4,0,0,1,1,0,3,0,0,0,0,3,0,4,0,4,0,1,1,1,0,9,0,0,0,1,3,0,0,0,0,2,2,2,1,2,0,1,4,0,3,1,1,1,1,1,0,3,3,1,4,8,1,0,5,1,0,3,1,0,2,0,4,0,1,1,0,0,1,0,1,2,4,1,1,1,0,1,0,3,0,0,0,0,0,0,0,0,0,0,1,0,4,3,1,0,1,0,0,0,3,0,5,0,0
2,0,1,1,0,0,0,1,2,1,2,0,0,1,0,3,4,0,0,0,1,0,0,0,0,0,0,0,2,1,0,1,0,0,0,2,1,0,0,2,1,5,0,4,0,1,1,27,2,2,3,0,0,0,0,0,3,3,0,1,2,0,0,1,1,0,3,1,1,0,0,0,0,0,1,0,0,0,0,0,0,2,1,0,0,0,3,1,0,0,0,0,0,2,1,1,0,0,5,0,1,1,0,2,1,0,5,0,0,6,0,0,2,4,1,1,2,0,1,2,0,2,3,2,0,1,1,2,1,6,0,4,3,3,0,3,0,2,0,1,0,0,2,2,0,0,1,0,0,4,4,4,1,1,2,2,1,2,4,0,2,0,4,1,1,1,2,0,1,0,1,0,5,0,2,1,0,0,0,1,0,0,3,0,1,1,2,0,0,5,0,5,0,2,0,0,1,1,1,2,0,1,3,1,3,2,0,0,0,2,0,3,0,3,0,1,0,2,0,1,0,3,1,2,2,1,1,0,0,0,5,0,0,0,0,2,0,1,0,0,1,0,1,2,1,0,2,3,1,0,0,2,0,5,0,0
2,0,2,0,2,1,0,0,3,1,1,0,0,0,0,2,1,1,0,2,1,0,0,0,0,0,0,0,3,1,1,2,0,0,0,0,0,0,0,1,1,1,0,3,1,0,1,21,1,2,4,1,1,0,0,0,6,5,0,0,3,0,0,0,0,0,0,2,0,0,0,0,1,0,1,0,0,2,0,0,0,5,2,1,0,0,5,1,0,0,1,0,1,3,2,0,0,0,2,0,2,2,0,0,3,1,4,0,0,4,2,0,0,4,0,0,2,0,0,0,0,1,3,2,0,1,2,1,0,9,1,3,4,2,0,2,0,1,2,5,1,2,0,2,0,0,2,1,0,4,5,5,2,0,3,5,0,2,1,0,1,0,5,1,2,0,1,0,0,1,0,0,4,0,1,0,1,1,0,0,0,0,1,3,0,1,1,0,2,4,0,3,0,0,0,1,1,3,1,4,1,1,3,2,2,2,2,0,2,4,0,2,0,2,0,0,1,2,1,0,0,1,0,1,0,0,0,1,0,2,2,1,0,0,0,0,1,0,0,0,0,1,0,0,2,0,1,2,0,2,0,2,0,9,1,0
2,0,1,0,0,0,0,0,5,1,7,1,0,0,1,3,1,3,0,1,0,1,0,1,1,0,0,0,3,0,0,3,0,0,0,2,0,2,1,2,1,3,0,2,0,0,3,24,0,0,3,1,0,0,0,0,4,1,0,0,1,0,1,0,0,0,0,1,2,0,0,0,1,1,1,0,1,0,2,1,0,4,2,1,0,0,3,1,0,0,1,0,0,0,1,1,0,0,2,0,0,0,1,2,0,0,1,0,0,7,1,1,2,6,0,0,0,0,0,1,0,0,2,0,0,2,1,1,0,5,1,0,5,2,2,2,0,4,1,2,1,0,6,1,0,0,0,0,0,4,3,1,1,0,1,2,1,2,5,0,0,0,3,0,2,1,1,0,1,0,1,0,6,0,0,1,0,1,0,0,0,0,4,4,2,2,1,0,0,1,0,3,0,1,0,1,0,6,4,3,3,2,3,3,3,4,0,0,1,1,0,2,0,3,0,1,1,1,0,0,0,1,0,4,1,1,0,1,1,0,1,1,0,0,1,2,1,2,0,0,2,0,0,1,1,0,0,1,0,1,0,4,0,8,0,0
6,0,0,0,4,1,0,3,1,2,3,0,0,1,2,4,1,0,0,1,0,1,0,0,1,0,0,0,6,2,0,3,0,0,1,1,0,1,1,0,0,3,0,0,3,3,3,24,3,1,3,1,1,0,0,0,7,5,0,0,1,0,2,0,0,0,0,1,2,0,0,0,0,1,0,0,0,2,0,0,0,7,4,0,0,1,6,3,0,0,0,0,1,2,2,1,0,0,2,0,0,0,0,0,0,1,5,1,0,2,1,0,0,3,0,0,1,2,0,3,1,3,1,0,0,0,0,0,1,8,0,2,5,2,1,2,0,4,1,2,1,0,2,1,0,1,1,0,0,3,3,1,0,0,2,2,1,2,4,0,0,0,2,0,0,0,1,0,0,3,0,0,5,0,0,0,0,0,0,0,0,0,1,2,2,3,0,0,1,7,0,1,1,0,2,0,0,1,1,3,1,2,1,2,0,2,0,0,2,4,0,1,0,4,0,0,1,2,0,0,0,0,1,2,0,0,1,1,0,0,1,1,3,0,0,2,0,0,0,0,1,0,0,2,1,1,0,3,0,0,0,2,0,7,0,0
2,0,1,0,1,0,0,3,0,2,3,1,0,1,0,2,1,0,0,0,1,0,0,0,2,1,0,0,5,0,0,1,0,0,0,0,0,1,0,0,0,7,0,0,1,1,0,28,0,1,2,0,1,0,0,0,7,3,0,0,2,0,3,1,0,0,1,0,2,0,1,0,1,2,0,0,0,0,0,0,0,3,4,0,0,0,4,1,0,0,1,0,1,3,1,1,1,0,4,0,0,1,0,2,3,1,3,0,0,6,0,1,0,1,1,1,4,0,0,0,0,1,2,1,1,1,0,0,0,7,0,0,2,2,2,3,0,4,2,2,0,1,2,0,0,1,1,0,0,4,5,0,0,0,3,1,1,0,1,0,0,0,8,1,1,1,1,1,1,1,0,0,6,0,2,2,1,2,0,0,0,1,1,1,3,0,2,0,0,6,0,3,0,0,0,1,0,2,1,4,4,4,4,1,2,1,0,0,1,2,1,4,1,5,0,0,0,0,0,0,0,4,0,1,1,1,0,0,1,0,1,2,0,0,0,1,0,0,0,0,0,0,0,0,1,1,3,3,0,2,0,2,0,7,0,0
1,0,0,0,1,0,0,1,8,0,3,0,1,1,1,1,0,0,0,1,1,0,0,0,2,0,0,0,4,1,1,6,0,0,0,2,0,0,0,0,0,4,0,0,1,1,1,20,1,2,5,1,0,0,0,0,4,2,1,0,0,0,0,0,0,0,1,1,4,0,0,0,0,1,0,1,0,2,2,0,0,3,2,0,0,0,3,1,0,0,0,0,1,1,0,1,0,1,4,0,0,1,0,1,2,1,2,0,0,6,1,3,1,5,2,0,0,1,0,3,0,0,0,0,0,1,1,1,1,5,0,2,1,3,1,3,0,2,2,0,0,1,2,0,0,0,0,1,0,1,2,2,0,0,2,1,0,0,1,0,0,0,8,1,2,0,2,1,2,1,1,0,8,1,1,1,1,1,1,1,0,0,4,0,2,4,1,0,0,8,1,4,0,1,3,2,0,4,2,5,2,1,2,1,0,0,0,0,0,3,0,1,3,5,1,0,1,2,0,0,0,1,0,7,0,0,0,1,0,1,3,0,0,0,1,3,0,0,0,2,0,0,0,3,2,1,0,1,0,1,0,2,0,6,0,0
5,0,1,0,3,0,0,0,2,0,3,1,0,0,0,0,0,0,0,1,0,0,0,0,1,0,0,0,5,1,0,6,0,0,0,2,0,1,0,0,1,4,1,0,2,0,2,25,2,0,1,1,0,0,1,0,5,2,1,0,1,0,0,0,0,0,2,0,3,0,1,0,0,0,0,0,0,1,1,0,0,6,3,0,0,3,6,1,0,0,0,0,1,0,1,0,1,0,2,0,0,1,1,3,0,0,4,1,0,5,0,0,0,4,0,0,2,2,0,1,1,0,1,1,1,0,0,0,1,12,1,2,4,2,0,1,0,5,0,4,2,0,4,0,1,1,1,0,0,3,5,0,0,1,4,3,1,3,1,0,0,0,2,0,1,1,0,0,2,0,1,0,7,1,1,2,1,1,0,0,0,1,2,1,3,2,0,0,0,1,0,3,0,2,0,1,0,2,2,4,1,1,2,2,0,2,2,0,0,2,0,1,1,3,0,0,3,0,0,0,0,2,0,2,1,1,0,1,0,2,2,2,1,0,0,0,1,0,0,0,0,1,0,4,1,1,0,3,0,2,0,2,0,8,0,0
3,0,0,0,1,0,0,1,0,2,4,1,1,0,2,1,0,0,0,0,1,0,0,0,1,0,0,2,5,1,0,2,0,1,0,1,0,0,0,2,1,7,0,2,0,0,0,21,4,2,4,1,0,0,0,0,7,4,1,0,2,0,1,1,0,0,0,2,1,0,0,0,0,2,1,1,0,1,0,0,1,1,2,1,0,0,3,1,0,0,0,0,1,2,2,0,0,0,1,0,0,0,0,0,2,3,2,0,0,6,0,0,0,3,2,0,0,1,0,1,0,0,0,1,2,0,2,0,0,10,1,1,5,4,1,3,0,1,1,3,1,0,3,2,0,1,1,1,0,1,4,4,3,0,1,2,0,2,1,0,1,0,4,2,4,1,1,0,1,2,1,0,4,0,1,1,0,0,0,2,0,0,1,3,2,1,1,0,0,7,0,5,2,1,0,1,0,2,2,2,0,3,3,2,1,1,2,0,1,1,0,1,1,8,0,2,2,0,0,0,0,6,0,1,0,1,1,0,0,0,3,1,2,1,0,1,0,0,0,0,0,0,0,2,1,1,0,1,0,1,1,0,0,2,0,0
4,0,0,0,4,0,1,0,1,4,6,0,1,1,1,3,0,0,0,1,1,0,0,0,1,0,0,0,4,0,0,5,0,0,0,1,0,0,0,0,1,6,0,0,1,2,1,24,5,2,3,1,0,0,1,0,6,1,0,0,2,0,1,0,1,0,1,0,0,0,0,0,1,0,0,0,1,0,2,0,0,1,5,0,0,0,6,0,0,0,1,0,1,1,1,0,0,1,4,0,1,1,1,3,2,2,5,1,0,6,0,1,0,3,0,0,0,1,0,1,0,1,0,0,1,2,1,0,0,5,0,2,2,1,2,0,0,2,0,3,1,0,5,0,0,0,0,0,0,4,4,1,0,0,3,1,0,0,3,0,2,0,2,2,6,2,1,0,2,0,0,0,7,0,1,1,0,1,0,0,0,1,3,2,0,2,2,0,0,3,0,3,1,0,0,1,0,4,2,1,0,2,2,1,0,0,1,0,1,0,0,1,2,5,1,2,4,0,0,1,0,1,0,4,1,1,0,0,0,2,4,1,0,1,0,1,0,1,0,0,0,1,0,3,1,1,0,4,0,0,0,3,0,4,0,0
1,0,1,0,0,0,1,0,1,3,2,0,0,1,1,3,0,0,0,0,0,0,0,0,0,0,0,0,2,0,0,2,0,0,0,1,0,1,1,2,0,5,1,3,2,2,1,28,4,1,5,3,0,0,1,0,6,0,0,0,1,0,1,0,0,0,0,0,1,0,0,0,2,2,0,0,1,0,2,0,1,2,2,0,0,1,7,0,0,0,1,0,1,2,0,0,1,0,1,0,1,3,1,2,1,1,2,0,0,5,1,1,1,4,3,0,0,1,0,2,0,0,1,0,1,0,1,0,0,7,0,2,4,2,2,1,0,4,1,2,0,0,2,2,0,0,0,1,0,5,2,3,1,0,3,3,0,0,1,0,0,0,5,1,3,1,3,0,1,0,0,0,7,2,2,0,0,1,0,0,0,0,3,3,2,3,0,0,0,3,0,4,0,2,0,1,1,0,1,3,1,3,4,2,3,2,0,0,1,2,0,0,1,4,0,1,2,0,1,0,0,1,2,2,0,1,0,1,0,1,1,0,0,2,1,0,0,0,1,0,0,0,0,1,0,3,2,6,1,1,0,0,0,4,0,0
0,0,0,0,1,0,1,0,2,1,4,0,0,1,2,4,1,1,0,0,0,0,1,0,1,0,0,0,1,0,0,1,0,1,1,1,0,0,1,2,0,4,0,1,0,3,2,27,4,3,2,3,0,0,0,0,4,2,0,0,1,1,3,1,0,0,1,0,2,0,0,0,0,1,1,0,0,0,1,0,0,2,2,0,0,0,4,1,0,0,0,0,1,2,1,1,0,0,5,1,0,2,1,1,1,1,4,0,0,5,0,0,1,1,1,0,1,0,0,0,0,1,2,1,0,2,1,1,1,7,0,1,4,2,3,1,1,2,0,4,0,0,1,2,0,0,1,1,0,3,2,3,2,0,2,1,0,1,2,0,0,1,5,1,0,0,5,0,2,1,0,0,7,0,1,2,1,1,0,1,1,1,0,3,1,2,1,0,0,6,1,2,1,0,1,0,1,0,3,2,2,1,3,0,2,1,2,0,0,1,0,2,1,9,1,0,2,3,1,1,0,2,0,4,0,0,0,0,0,0,1,0,0,1,0,2,0,0,0,0,1,0,1,4,0,2,0,4,0,0,0,2,0,5,0,0
0,0,1,0,1,0,0,2,2,2,2,0,2,1,1,2,0,1,0,1,0,0,0,0,0,1,0,0,1,0,0,1,0,1,0,1,0,0,0,1,0,5,0,2,2,3,0,26,2,2,1,3,0,0,0,0,4,2,0,0,4,2,3,0,0,0,1,0,0,0,0,0,0,0,1,0,0,0,0,0,0,2,1,0,0,0,7,1,0,0,1,0,1,1,0,1,0,2,2,0,1,0,0,1,1,2,3,1,1,7,0,0,0,3,0,0,2,0,0,1,2,2,4,0,0,0,3,1,1,5,0,3,4,1,2,3,1,2,2,2,1,2,2,0,1,1,0,0,0,4,2,5,0,0,3,2,0,2,1,0,0,0,3,1,0,1,2,0,0,1,0,0,6,0,0,1,1,1,0,1,0,0,0,0,0,1,0,0,1,4,4,2,0,0,1,1,3,1,1,4,2,3,4,3,3,2,2,1,1,1,1,0,1,7,1,1,0,1,0,1,0,2,3,3,1,0,1,0,0,2,3,1,0,0,1,1,0,0,0,0,0,0,0,4,2,1,0,3,0,0,0,4,0,3,0,0
2,0,0,2,3,0,0,4,3,0,3,0,1,2,3,4,2,0,0,0,1,0,1,0,1,1,0,1,1,0,1,1,0,0,1,1,0,0,0,2,1,8,0,1,0,4,4,28,3,1,1,0,0,0,0,1,3,2,0,0,1,0,2,0,0,0,4,0,1,0,0,1,0,0,1,0,0,0,1,0,0,2,1,0,0,0,4,3,0,0,0,0,0,1,1,1,0,0,1,0,0,1,1,3,1,2,2,1,0,6,0,0,1,3,2,0,2,0,0,0,2,0,2,1,1,0,1,1,1,6,0,0,1,0,1,1,0,1,2,3,0,0,4,2,0,0,2,0,0,5,0,1,2,0,4,2,2,2,4,0,0,0,5,0,5,0,0,0,1,2,1,0,6,0,0,1,1,2,0,0,0,0,3,5,2,4,0,0,0,4,1,2,0,1,0,2,2,0,1,2,2,1,3,2,1,2,0,1,0,2,0,0,0,7,0,2,2,1,1,0,0,2,0,3,0,0,0,1,0,1,0,1,2,0,0,1,0,0,0,0,0,0,0,0,0,0,0,3,0,0,0,1,0,6,1,0
0,0,1,0,1,0,0,2,0,2,3,0,1,1,1,1,1,0,0,1,1,0,0,0,0,0,0,1,3,1,0,3,0,1,1,1,0,0,0,2,2,3,0,3,0,0,2,27,3,2,4,1,0,0,1,1,4,1,0,0,2,0,2,0,0,0,0,1,0,1,0,0,0,1,1,0,0,0,2,0,0,4,0,0,0,1,10,1,0,1,1,0,1,1,2,1,0,0,3,0,0,1,0,3,2,3,2,1,0,7,0,1,0,3,2,0,1,0,1,0,0,3,1,2,1,2,2,1,1,10,1,2,0,3,1,1,0,0,1,1,2,0,2,0,0,2,1,1,0,4,3,3,1,0,4,2,1,2,1,0,0,0,6,0,2,0,2,0,0,2,0,0,9,0,0,0,1,1,0,0,0,0,1,3,0,2,2,0,0,2,1,3,0,1,2,1,1,0,1,3,0,1,5,1,2,3,1,0,1,1,0,2,0,7,0,0,0,0,0,0,0,2,3,4,0,0,1,2,1,0,0,0,1,1,0,0,0,0,0,0,0,1,0,1,0,0,0,3,0,0,2,1,0,3,0,0
1,0,0,0,2,0,0,1,2,3,2,2,1,0,0,0,1,0,0,1,0,0,2,0,0,0,0,1,2,0,0,3,0,0,0,0,0,1,0,2,0,5,0,1,0,1,1,22,4,0,3,4,0,0,0,0,1,3,0,0,2,0,3,0,0,0,1,0,0,1,0,2,0,1,1,0,0,1,0,0,0,1,1,0,0,0,3,1,0,0,0,0,0,1,0,1,0,0,2,0,0,1,1,1,0,6,3,1,0,7,1,0,0,5,1,0,1,1,0,0,0,2,1,1,1,0,0,1,0,6,0,0,2,4,0,0,0,2,0,4,0,2,2,0,0,2,2,0,0,4,2,3,2,0,2,2,1,3,2,0,1,0,6,1,4,1,2,1,1,0,1,0,5,0,2,3,2,2,0,0,1,1,1,3,1,3,0,1,1,2,1,3,0,0,2,2,1,0,2,2,1,5,5,0,1,2,3,0,2,2,0,2,0,10,1,0,1,1,0,0,0,3,3,3,0,0,0,1,0,0,3,2,1,0,1,0,1,0,0,0,0,0,1,1,0,0,1,4,0,0,0,4,1,3,0,0
1,0,0,0,1,0,0,0,1,1,1,0,0,0,1,2,0,0,0,0,1,1,0,0,2,0,0,3,5,0,0,1,0,0,0,2,0,3,0,5,0,7,0,2,0,2,2,24,5,4,1,2,0,1,0,0,4,3,0,0,2,0,4,0,0,0,0,1,0,0,0,0,0,0,1,0,0,1,0,0,0,4,2,0,0,1,2,0,0,0,0,0,0,1,2,1,1,0,0,0,1,3,0,1,1,2,1,0,0,7,1,2,0,2,2,0,1,0,1,0,2,0,0,2,0,0,2,0,2,9,2,3,2,2,1,6,0,1,2,1,0,1,3,0,0,0,2,1,0,4,2,4,0,0,2,2,1,3,2,0,1,0,6,1,3,0,5,0,1,3,0,0,7,0,2,1,3,0,0,1,0,0,1,2,0,0,0,0,0,4,0,5,1,1,3,1,1,1,2,3,1,0,0,0,1,3,1,0,1,1,0,3,0,7,0,0,0,1,0,1,0,1,0,3,1,1,0,1,0,0,1,1,0,1,1,0,0,0,0,0,0,0,0,2,2,1,1,2,0,0,0,2,0,4,0,0
2,0,0,0,6,0,0,1,3,4,6,2,1,1,1,2,1,2,0,1,0,0,3,0,1,0,0,1,3,0,0,1,0,0,1,0,0,1,0,2,0,5,0,0,1,2,2,22,4,2,2,0,0,1,1,0,4,2,0,0,2,1,0,0,1,0,0,0,0,0,0,0,0,1,0,0,0,2,0,0,0,1,1,0,0,0,4,1,0,0,1,0,1,0,0,1,0,0,3,0,1,1,0,0,0,1,3,0,0,2,0,0,0,1,0,0,0,0,0,0,2,0,1,0,0,0,1,1,2,7,0,0,5,3,0,2,0,5,0,5,0,1,3,0,0,1,0,0,0,2,1,0,0,0,3,1,0,1,2,0,1,0,4,3,1,0,3,1,3,1,1,0,10,0,1,5,2,1,0,1,0,0,0,3,2,4,2,0,0,5,1,4,1,0,1,2,0,2,3,3,6,3,1,2,1,2,2,0,2,1,0,1,0,3,0,2,0,1,1,1,0,2,6,2,0,1,0,1,0,1,2,0,0,0,0,0,0,1,0,1,1,0,0,2,0,3,1,1,1,0,0,3,0,3,0,0
4,0,1,0,0,0,1,1,2,0,3,0,1,0,1,1,0,2,0,2,0,0,1,0,1,0,0,1,2,0,1,1,0,0,1,0,0,2,0,0,0,6,1,1,2,0,0,23,6,3,6,0,0,0,1,1,7,2,0,0,1,0,0,0,0,0,0,0,1,0,1,0,1,1,0,0,0,0,0,0,1,4,1,0,0,0,4,2,0,0,1,0,1,2,1,1,0,0,1,0,0,0,0,2,0,0,3,0,1,1,0,1,0,3,2,0,1,0,0,0,1,1,2,0,0,0,2,1,2,7,1,2,3,2,1,1,1,4,2,4,0,0,1,0,0,0,2,0,0,2,3,4,0,0,2,4,1,3,0,0,1,0,7,0,1,2,2,0,2,1,0,0,6,0,0,4,2,0,0,0,0,2,2,4,1,2,0,0,1,4,0,5,1,1,0,3,1,0,3,0,1,3,3,0,0,2,1,0,1,2,0,2,0,11,0,1,1,2,0,0,0,3,2,1,1,1,0,0,0,0,3,2,0,1,0,2,0,0,1,0,0,1,0,1,0,1,1,4,0,1,0,1,0,4,0,0
3,0,0,0,2,0,0,1,0,0,3,1,0,0,1,0,0,2,0,0,0,0,1,0,2,0,0,1,2,0,0,2,0,1,1,1,0,2,1,2,0,6,1,0,3,0,1,25,4,1,2,3,0,1,1,0,6,4,0,0,2,0,1,0,1,0,0,0,1,0,1,0,0,0,0,0,0,1,0,2,1,4,1,1,0,1,3,0,0,0,0,0,0,2,0,2,0,0,6,0,0,2,0,0,0,0,2,0,0,3,0,1,0,2,0,0,1,0,0,1,2,0,1,0,0,0,1,1,0,12,2,2,3,3,3,1,1,5,1,1,1,0,2,0,1,2,3,0,0,4,3,6,0,1,0,2,1,1,1,0,0,0,6,0,4,0,2,0,1,1,1,0,7,1,3,1,0,0,0,0,0,0,2,3,1,1,1,0,0,6,0,5,2,0,0,0,1,0,1,1,1,1,3,3,2,2,1,0,2,2,0,3,0,6,0,0,1,1,0,1,0,2,3,3,0,2,0,1,1,0,1,0,1,1,0,2,0,0,0,0,0,0,0,0,0,1,1,4,0,0,0,2,0,3,0,0
3,0,1,0,2,0,0,1,2,3,2,0,0,0,1,2,0,1,0,0,0,0,1,0,0,0,0,0,2,3,0,2,0,1,0,1,0,0,0,1,0,6,0,2,1,2,0,25,3,2,4,1,0,0,0,0,10,2,0,0,2,0,4,0,0,0,0,0,2,0,2,0,0,0,0,0,0,3,0,0,0,5,1,0,0,0,3,0,0,0,1,0,0,0,3,0,0,0,4,0,0,0,0,0,2,0,3,0,0,5,2,1,0,2,1,0,3,1,1,2,2,0,1,1,0,0,0,0,1,10,1,1,3,1,2,2,0,1,1,2,1,0,2,0,0,0,1,0,0,4,4,1,0,0,1,2,0,1,0,0,1,0,4,2,3,0,2,0,2,1,1,0,8,1,4,0,0,1,0,0,0,0,3,5,1,0,1,0,0,7,1,8,0,0,0,0,0,0,1,1,3,2,2,2,1,2,0,0,2,2,0,2,0,4,0,1,0,0,0,2,0,0,3,3,1,1,0,0,0,0,5,1,0,0,0,0,1,0,1,0,0,0,0,2,0,2,2,2,0,0,0,3,0,7,0,1
2,0,0,0,2,0,0,1,6,0,4,0,0,3,1,2,1,0,0,0,0,0,1,0,1,0,0,0,0,0,0,5,0,0,0,0,0,1,0,2,1,5,0,1,1,2,1,25,4,1,3,1,1,0,1,0,6,0,0,0,1,0,4,0,0,0,2,0,3,0,0,0,0,0,0,1,1,0,0,0,0,1,1,0,0,0,6,1,0,1,0,0,1,4,0,1,0,0,3,0,0,0,0,1,0,0,3,0,0,3,0,2,0,5,1,0,0,0,0,1,0,2,1,1,0,0,1,0,0,7,2,3,2,2,0,1,1,3,0,0,2,0,2,0,0,2,1,1,0,4,1,1,1,0,2,1,2,2,3,0,0,0,6,0,1,0,3,1,1,0,0,0,10,0,1,1,0,1,0,0,0,0,4,1,1,3,1,0,0,2,1,3,0,1,0,1,0,1,4,1,2,1,3,0,1,4,2,0,1,4,0,2,0,7,0,0,1,1,0,1,0,3,4,4,1,0,0,0,0,1,6,0,0,1,0,1,1,0,0,0,0,0,0,2,1,1,1,3,0,0,0,2,0,10,0,0
2,0,0,0,2,0,1,0,2,2,4,1,0,1,1,1,2,0,0,1,0,0,1,0,1,0,0,1,3,0,0,3,0,0,0,1,0,0,0,2,1,4,0,0,1,2,0,29,1,1,4,1,0,0,0,0,11,2,0,0,4,0,1,1,0,0,1,1,1,0,2,1,1,0,0,0,0,0,0,0,1,5,4,0,0,0,6,2,0,0,0,0,0,2,2,1,0,0,2,0,0,0,0,0,1,2,4,1,0,3,0,1,0,3,0,0,0,1,1,2,1,2,0,1,0,1,1,0,0,9,0,0,3,2,1,1,0,2,0,3,0,1,4,1,0,2,1,3,0,4,1,2,0,0,2,1,1,1,1,0,0,0,2,3,2,0,2,1,0,0,0,0,7,0,2,0,0,0,0,0,0,0,2,1,0,3,1,0,1,7,1,8,0,0,1,1,0,1,0,3,0,1,4,4,2,1,1,0,3,2,2,1,1,5,0,1,1,0,0,0,0,2,2,1,0,1,0,0,0,1,5,1,0,1,0,1,0,0,0,0,0,0,0,1,0,0,0,2,0,1,0,2,0,7,0,0
0,0,1,0,1,0,0,0,3,2,4,1,2,0,0,2,2,0,0,1,1,0,1,0,2,0,0,0,3,0,0,4,0,0,2,2,0,0,0,2,0,1,0,2,0,1,0,25,2,0,5,1,0,1,2,0,5,0,0,0,2,0,2,0,0,0,0,0,2,0,2,0,0,0,0,0,0,0,0,1,0,2,3,0,0,1,6,1,0,0,0,0,0,3,1,0,0,0,2,1,0,1,1,0,2,0,3,0,0,4,1,0,0,2,0,0,0,1,0,0,0,1,2,3,0,0,0,1,0,9,0,0,4,3,2,4,0,2,0,6,1,2,0,1,0,1,1,0,0,4,2,1,2,0,1,3,1,0,2,0,0,0,3,0,3,0,1,1,1,0,0,0,6,0,1,3,0,2,0,0,0,0,3,6,2,1,4,0,1,7,0,4,0,0,1,0,0,0,3,3,0,3,4,1,0,3,1,0,1,3,1,1,0,5,0,0,1,1,0,1,0,1,2,0,0,0,1,2,0,0,4,4,0,2,1,1,0,0,0,0,1,0,0,2,0,0,2,2,0,1,0,4,1,7,0,0
3,0,0,0,2,1,1,0,2,1,7,1,1,1,0,1,0,1,0,0,0,2,0,0,0,0,0,1,4,2,2,3,0,0,1,2,0,1,0,2,0,4,0,3,2,2,0,21,3,2,6,1,0,0,0,0,3,1,0,0,2,0,0,0,0,0,0,1,1,0,0,0,0,1,0,0,0,1,0,1,0,3,2,1,0,0,3,0,0,1,0,0,0,0,3,0,0,0,6,0,0,1,1,0,0,0,3,0,0,4,0,0,1,3,3,0,1,0,0,0,1,0,1,0,0,0,2,0,0,7,1,1,2,0,1,1,0,3,1,2,0,0,1,0,0,1,1,1,0,4,3,3,1,0,1,0,0,1,2,0,0,0,1,1,3,2,0,0,0,0,0,0,10,1,1,0,2,0,0,1,0,0,4,3,0,3,2,0,1,4,0,2,0,4,0,1,0,3,2,3,2,1,4,4,4,1,1,0,1,0,0,3,1,5,0,2,2,2,0,0,0,3,2,2,1,1,0,1,0,3,4,2,0,2,0,0,0,0,0,0,1,1,0,1,3,0,1,0,0,1,0,2,0,11,0,0
2,0,0,0,2,0,0,0,1,2,3,2,1,0,2,0,1,0,0,1,0,0,0,0,0,0,0,2,0,0,0,2,0,1,0,0,0,1,0,2,1,4,0,2,0,2,1,20,2,2,6,1,0,1,0,0,8,2,0,0,4,0,3,0,0,0,1,2,0,1,0,0,0,2,0,0,1,0,0,1,1,2,0,0,0,0,4,1,0,0,1,0,0,2,1,0,0,0,1,0,0,1,0,1,0,2,5,0,0,4,1,2,0,1,1,0,2,1,0,0,1,2,1,3,0,0,4,1,0,7,2,3,3,2,2,1,0,0,0,4,2,3,3,0,1,0,1,0,0,5,3,2,0,0,4,3,1,2,1,0,0,0,4,0,5,0,3,0,0,1,0,0,10,0,2,0,1,0,0,2,1,0,5,3,0,1,2,0,0,4,1,0,2,1,2,2,0,0,0,4,1,2,3,1,4,3,0,1,1,1,1,2,2,5,0,1,1,2,0,0,0,1,2,2,1,1,0,2,0,0,2,0,0,0,0,0,0,0,0,0,0,0,0,1,1,0,1,1,0,0,0,2,0,6,1,0
3,0,1,0,3,0,0,3,2,3,6,0,0,0,1,1,0,1,0,0,0,0,0,0,2,0,0,2,2,0,0,3,0,1,1,0,0,0,0,1,0,3,0,4,2,2,1,21,1,1,7,1,0,1,1,0,7,4,0,0,3,0,0,0,0,0,0,1,1,0,0,1,1,1,0,0,0,2,3,0,0,5,1,0,0,0,4,1,0,0,1,0,1,2,1,0,0,0,6,0,0,1,1,0,0,0,4,0,0,3,0,1,0,1,1,0,2,1,0,2,1,2,0,3,0,0,4,2,0,4,1,2,1,0,3,2,0,2,1,2,1,0,4,0,0,1,0,0,0,5,4,2,0,0,4,2,1,1,2,0,1,0,3,1,5,1,0,0,3,1,0,0,11,0,1,2,0,2,0,0,1,0,6,2,3,2,1,0,2,6,0,3,0,2,0,1,0,0,0,0,0,2,2,1,4,2,0,0,2,0,0,5,1,6,0,0,0,0,0,0,0,3,1,1,0,0,0,0,0,0,2,0,1,0,0,0,0,0,0,0,0,0,0,1,1,0,0,1,0,0,0,3,1,3,0,0
2,0,1,0,3,0,0,1,2,0,3,2,1,1,0,2,0,0,0,1,0,1,0,0,0,0,0,1,1,0,0,2,0,0,0,0,0,2,0,2,0,1,0,5,1,3,0,19,2,1,3,0,0,0,1,0,7,5,0,0,3,0,2,0,0,0,0,0,0,0,0,1,0,0,0,0,0,0,0,1,1,5,2,1,0,1,6,0,0,0,0,0,0,3,2,0,0,0,3,0,0,0,0,2,2,2,4,0,2,4,0,0,0,1,4,1,3,0,0,1,3,2,0,2,1,0,4,1,0,7,4,3,1,0,2,0,0,1,0,1,2,0,5,0,1,0,0,0,0,4,3,1,0,0,0,3,0,2,0,0,0,0,3,1,1,2,2,0,2,1,0,0,10,0,1,1,2,1,0,1,0,0,3,4,3,3,2,0,1,6,0,1,0,0,0,5,0,0,0,1,3,3,2,2,1,6,1,1,1,1,0,3,1,5,0,2,1,0,0,1,0,1,1,5,0,1,0,0,1,0,1,0,0,0,0,1,0,1,0,0,0,0,0,3,1,1,1,1,0,0,0,3,0,5,0,0
1,0,0,0,1,1,0,1,0,1,1,2,1,0,0,2,0,1,0,1,1,0,0,0,0,0,0,0,2,0,0,2,0,0,0,1,1,2,0,1,1,6,0,1,1,1,0,23,3,4,7,0,0,0,0,0,7,5,0,0,3,0,0,0,0,0,0,0,2,0,0,0,0,1,0,0,0,1,0,0,2,1,2,1,1,0,4,2,0,0,1,0,0,2,3,1,0,0,3,0,0,2,0,0,2,1,4,0,2,6,0,0,1,0,0,0,1,1,0,1,1,2,0,1,0,3,4,0,0,9,0,0,6,0,2,0,0,1,1,3,0,1,1,0,1,0,1,0,0,7,7,3,0,0,3,3,0,2,2,0,0,2,3,0,1,2,0,0,1,0,0,0,7,0,0,0,0,1,0,1,1,0,3,1,0,2,0,0,0,5,0,6,0,1,0,1,1,0,1,2,0,2,4,2,3,0,0,1,0,1,1,2,0,5,0,2,2,0,1,0,0,5,1,3,2,0,0,2,0,0,5,1,0,1,1,0,0,0,0,0,0,0,0,4,1,1,1,1,0,2,0,4,0,4,0,0
2,0,0,0,2,0,1,0,2,0,4,0,0,0,2,2,2,0,0,0,1,0,0,0,0,0,0,2,2,0,1,3,0,0,0,1,0,1,0,3,0,6,0,2,2,1,2,26,2,0,4,0,0,0,0,0,6,3,1,1,1,0,2,1,1,0,0,0,0,0,1,0,1,2,0,0,0,0,2,0,0,3,4,1,2,1,4,0,0,0,0,0,0,1,2,2,1,0,5,1,0,1,2,1,0,2,0,1,0,6,0,0,0,0,0,2,2,0,1,1,0,0,0,0,0,1,3,1,0,5,1,3,7,1,1,2,0,6,1,5,1,0,2,1,0,2,1,0,0,3,1,3,0,0,1,1,0,1,2,0,1,0,4,1,0,0,2,0,1,1,0,0,8,2,0,4,0,1,0,1,1,0,1,3,1,3,1,0,0,4,2,4,0,1,0,1,0,1,0,1,3,3,3,1,1,3,0,1,2,2,0,3,0,2,1,1,0,0,1,1,0,2,0,4,1,0,0,1,0,0,3,0,1,1,0,0,1,0,0,1,1,0,0,1,1,0,0,1,0,0,0,3,0,3,1,0
2,1,1,0,2,0,0,0,1,2,3,0,2,0,1,0,1,2,0,0,0,0,0,0,1,0,0,0,1,0,0,2,0,0,0,1,0,0,0,2,1,4,0,5,0,0,1,29,3,2,5,0,1,0,0,0,11,4,0,0,4,1,2,0,0,0,0,0,2,0,0,0,1,1,0,0,0,0,0,0,0,4,2,1,0,0,2,1,0,0,1,0,0,3,1,1,1,0,5,1,1,2,0,2,1,1,3,0,0,7,1,0,0,1,3,1,2,2,2,1,1,1,0,0,1,0,3,1,0,5,1,1,4,2,2,1,0,0,2,2,0,1,4,2,1,0,2,0,0,3,1,2,3,0,1,0,1,0,2,0,1,0,3,0,4,0,2,0,0,0,0,0,4,0,1,0,1,1,0,1,0,0,1,2,1,0,0,0,1,4,0,3,0,1,2,2,0,2,1,2,3,2,1,2,1,1,0,0,0,1,0,4,0,5,0,0,0,1,0,0,0,5,5,5,0,0,0,2,1,0,1,2,2,1,0,1,0,0,0,0,0,0,0,2,2,0,0,1,0,0,0,3,0,4,1,0
0,0,0,0,0,1,0,0,1,1,3,0,4,0,0,1,0,1,0,1,1,0,0,0,1,0,0,0,2,0,0,2,0,1,0,5,0,0,0,2,0,5,0,1,1,0,1,29,4,1,5,0,1,0,0,0,5,0,1,0,3,0,1,0,0,0,0,1,2,0,1,0,1,0,0,0,0,0,0,0,0,4,1,1,0,1,2,0,0,0,0,0,1,1,3,3,0,0,2,0,1,0,0,1,1,1,3,0,1,8,1,0,0,1,0,0,1,0,0,0,0,0,1,1,1,2,0,1,0,6,0,2,3,0,1,2,1,2,1,3,1,3,2,1,0,1,0,0,0,1,0,3,1,1,1,1,0,1,2,0,0,0,7,0,3,1,2,0,3,1,0,0,5,0,1,1,0,3,0,0,0,0,1,2,0,0,1,0,1,2,0,4,1,0,1,1,0,3,4,5,2,6,6,4,1,2,1,1,1,2,0,4,1,5,1,2,2,1,1,1,0,2,3,5,1,1,0,1,0,0,2,0,1,0,0,1,0,1,0,0,0,0,0,0,1,0,0,5,0,0,0,2,0,6,1,0
0,0,0,1,0,0,0,2,1,0,0,0,3,1,2,2,0,0,0,1,1,0,0,0,0,0,0,3,2,0,0,0,0,0,1,1,0,0,1,0,0,9,0,0,1,1,0,28,3,1,2,1,0,0,0,0,5,3,0,0,3,1,0,1,1,0,0,0,2,0,2,1,0,0,0,0,0,0,0,0,1,4,5,0,0,3,6,1,0,0,1,0,0,1,0,2,1,0,5,0,0,0,0,2,1,3,4,0,0,7,2,0,0,3,0,0,0,0,0,0,1,0,1,3,1,1,2,1,0,4,0,3,6,0,2,1,0,2,1,2,0,1,2,2,1,1,0,0,0,2,3,2,0,0,4,0,0,0,1,0,2,0,7,1,4,1,3,0,2,1,0,0,9,2,1,0,1,1,0,2,0,0,2,1,1,2,0,0,3,5,1,6,1,2,1,2,0,0,1,2,1,2,2,2,0,0,0,0,1,1,0,2,0,5,0,0,2,1,0,0,0,3,2,1,1,0,0,0,0,0,1,1,2,0,0,3,1,0,0,0,0,0,0,1,0,0,1,5,0,0,0,1,0,5,1,0
0,0,0,0,3,0,0,0,1,1,0,0,2,0,0,1,0,1,0,1,0,0,0,0,0,0,0,1,1,0,0,0,0,1,1,2,0,0,0,0,0,6,0,1,2,1,2,23,3,4,3,1,0,0,1,0,4,2,0,0,4,1,1,1,1,0,0,1,1,0,0,1,0,0,1,0,0,0,1,1,1,5,2,1,0,1,5,4,0,1,2,0,0,1,2,1,0,1,2,1,1,1,0,1,1,2,2,0,0,7,0,0,0,4,1,0,0,1,0,0,2,0,1,1,0,0,1,0,1,4,2,1,6,1,3,2,0,2,1,0,0,0,2,0,0,2,2,0,0,2,4,0,0,0,3,2,1,2,2,0,0,0,5,0,3,0,1,0,2,3,0,0,11,0,0,1,1,3,0,0,0,2,5,3,1,1,0,0,2,3,0,2,0,1,2,1,0,0,3,3,1,0,3,1,4,2,1,0,1,3,0,5,0,5,0,0,0,1,0,0,0,2,1,1,0,1,0,2,0,0,2,2,1,0,1,2,0,1,0,0,0,0,0,3,0,0,1,4,0,0,0,4,0,6,0,0
3,0,0,1,0,0,1,1,0,2,4,1,2,2,2,3,1,0,0,0,0,1,0,0,0,0,0,1,3,2,0,2,0,1,0,2,0,0,0,2,0,5,0,3,1,1,0,24,3,3,1,1,0,0,0,0,1,0,0,1,2,0,2,0,0,0,2,0,1,0,0,0,2,1,0,0,0,0,2,0,0,2,4,0,0,0,2,0,0,0,0,0,0,1,2,0,0,0,5,0,0,0,1,3,1,3,5,0,0,8,1,4,1,1,3,0,2,0,0,0,3,0,2,1,1,3,1,0,0,6,1,1,4,1,4,2,0,3,0,0,1,1,0,0,0,0,4,2,0,3,2,1,0,1,1,0,1,3,2,0,0,0,6,1,1,0,1,0,1,1,0,0,7,0,1,4,0,1,0,1,0,0,2,4,2,3,1,1,2,7,0,3,2,0,2,2,1,2,2,2,0,4,2,0,2,1,0,0,0,1,0,3,0,4,0,1,0,0,0,0,0,3,2,1,0,0,0,1,1,0,4,2,0,0,0,2,0,0,0,0,0,0,0,1,1,0,0,1,0,0,0,3,0,4,0,0
3,1,0,1,1,0,0,1,1,3,2,0,2,1,2,1,0,2,0,1,0,0,1,0,0,0,0,1,2,1,1,2,0,1,0,0,0,0,0,0,2,5,0,2,0,1,2,25,2,4,5,1,0,0,0,0,0,2,0,0,5,0,0,1,0,0,0,0,1,0,1,0,0,0,0,0,0,1,1,0,0,3,1,1,1,0,4,3,0,0,1,0,0,2,3,0,1,1,4,0,1,1,0,3,1,1,5,1,0,6,1,0,0,1,0,1,2,0,0,0,2,0,1,0,0,0,2,2,0,8,0,2,4,0,2,2,2,0,1,2,1,0,1,0,0,2,1,1,0,2,2,3,0,0,2,2,1,1,1,0,0,0,3,0,2,2,1,0,1,1,0,0,6,0,2,1,1,2,0,0,0,1,1,3,1,0,1,1,1,5,1,2,0,1,1,1,0,1,2,2,1,3,4,2,2,1,1,0,1,2,0,3,0,6,0,1,0,1,0,0,0,1,2,2,2,2,3,0,0,2,4,2,0,0,0,3,0,1,0,0,0,0,0,1,0,1,0,3,0,0,0,5,0,3,1,0
1,0,0,0,0,0,1,0,0,1,1,0,0,1,1,1,0,1,0,1,0,0,0,0,0,0,0,1,1,1,0,0,0,0,0,0,0,1,0,1,2,4,0,0,1,2,0,22,3,2,1,1,0,0,0,0,4,2,0,0,2,0,1,1,0,0,1,4,0,2,0,0,1,0,1,0,0,1,0,0,0,0,3,0,0,1,3,2,0,0,0,0,0,2,1,0,0,0,5,0,0,0,0,1,2,3,5,0,0,4,1,2,0,1,2,0,1,1,1,0,1,3,0,2,0,0,1,1,0,5,1,1,3,1,0,2,0,2,2,4,0,1,1,0,0,0,0,1,0,2,2,3,0,0,3,3,0,3,1,0,0,0,6,1,5,1,1,0,3,1,0,1,12,0,0,1,4,1,0,1,2,2,3,2,1,2,1,0,0,6,2,3,2,1,1,0,2,1,2,4,4,3,4,3,2,3,1,0,1,0,0,4,0,6,0,0,5,0,0,0,0,4,0,4,0,0,2,0,1,0,3,3,1,1,0,2,0,1,0,0,1,0,1,4,0,0,0,1,1,0,0,0,0,1,0,0
2,0,0,1,0,0,0,0,2,2,3,0,0,1,2,0,0,1,0,1,0,0,1,0,0,0,0,0,4,0,1,3,0,0,1,1,0,1,0,2,1,5,0,2,2,1,1,25,2,2,3,0,1,0,1,0,1,3,0,0,0,0,1,0,0,0,1,1,1,0,1,0,0,0,1,0,0,0,1,0,0,1,2,0,1,1,7,0,0,0,0,0,0,1,1,1,1,0,1,0,0,0,0,2,2,1,3,0,0,4,1,1,0,4,2,0,0,0,1,1,2,1,2,1,1,0,1,0,0,6,0,2,3,0,2,0,0,4,0,1,1,0,4,0,0,0,1,0,0,3,0,1,0,0,1,2,0,3,0,0,1,1,6,1,2,0,1,0,0,0,0,0,9,0,1,1,1,1,0,1,0,0,0,2,2,2,0,0,0,6,0,4,1,2,0,3,2,1,2,4,2,1,6,4,6,5,3,0,2,1,1,2,0,8,0,0,1,0,0,1,0,5,0,1,0,1,0,1,0,0,2,1,1,0,1,3,0,1,0,0,0,1,0,3,1,0,0,5,0,2,1,3,0,4,0,0
1,0,0,0,2,0,2,0,1,1,3,0,0,3,0,1,2,1,0,2,2,0,1,0,0,0,0,0,2,1,1,4,0,0,1,1,0,1,1,2,1,7,1,1,2,0,0,30,4,1,3,1,0,0,0,0,4,0,0,0,3,0,1,0,0,1,1,1,1,0,1,1,1,1,0,0,0,0,1,0,0,4,3,0,0,0,2,1,0,0,1,0,0,1,0,1,0,0,3,0,0,1,0,1,1,3,2,1,1,5,0,0,0,4,1,0,0,1,0,2,0,1,0,0,0,1,0,1,1,6,0,1,4,1,3,2,0,3,2,3,1,1,4,0,0,0,0,0,0,5,4,4,1,0,2,2,1,0,2,0,1,0,7,1,3,1,1,0,1,1,0,0,8,0,2,2,2,0,0,1,0,0,2,1,1,2,0,0,0,1,0,3,0,0,2,1,1,2,2,6,0,1,2,3,1,1,0,0,0,1,0,2,0,5,0,0,2,1,0,1,0,4,2,0,2,0,0,0,0,0,3,2,0,0,0,3,0,0,0,0,0,1,0,2,2,0,0,2,1,2,0,2,0,2,0,0
0,0,0,0,0,0,0,0,2,2,3,0,0,1,1,1,1,0,0,0,0,1,0,1,1,0,0,0,5,1,0,4,0,1,1,2,1,3,0,2,0,4,1,1,1,1,1,22,1,0,4,0,0,0,0,0,9,2,1,0,1,0,0,0,0,1,1,1,0,0,0,0,0,0,0,0,0,0,1,0,0,3,3,0,1,1,3,0,0,0,1,0,0,2,2,0,0,0,3,0,0,2,0,1,1,0,3,0,0,6,0,1,0,2,0,0,1,0,0,1,2,1,1,1,0,0,1,1,0,4,2,2,2,0,1,5,0,3,3,3,1,2,1,0,0,1,2,0,0,3,4,2,0,0,2,4,2,0,0,0,2,0,1,2,4,1,0,0,1,2,2,0,13,1,3,2,1,3,0,0,0,0,3,1,1,2,0,0,0,5,4,5,1,0,0,0,0,1,0,4,2,3,2,2,3,3,1,0,1,2,0,2,0,4,0,0,1,2,0,0,0,2,4,7,0,0,0,1,1,1,3,0,0,0,2,0,0,0,0,0,0,0,0,1,1,0,1,1,0,0,0,2,0,3,1,0
3,0,0,1,1,0,0,2,1,1,2,1,1,1,1,4,1,0,0,0,2,0,0,0,1,0,0,1,2,0,0,1,0,0,1,1,0,2,0,2,0,3,0,3,1,3,1,29,3,1,4,2,2,0,2,0,3,3,0,0,3,0,1,0,0,1,0,1,1,0,0,0,0,0,0,0,0,0,1,0,0,1,4,0,0,0,0,0,0,0,1,0,0,3,0,0,0,0,3,0,0,1,0,0,0,2,2,1,0,8,0,2,0,3,2,0,1,2,0,2,2,0,1,3,0,0,1,2,0,11,0,2,2,1,1,5,0,1,2,1,1,0,1,0,0,2,4,0,0,3,2,4,0,0,3,1,1,2,0,0,0,0,2,0,5,0,1,0,3,1,1,0,10,0,0,0,0,0,0,0,0,1,2,1,1,2,1,0,0,2,0,5,1,0,0,0,0,0,1,3,1,6,5,2,3,2,1,0,1,0,0,3,1,6,0,1,1,0,0,1,0,2,1,1,0,1,0,0,0,0,3,0,1,0,2,3,0,0,0,2,1,0,0,3,0,0,2,2,0,0,0,1,0,4,0,0
1,0,0,1,0,0,0,0,1,1,1,1,0,0,0,3,0,1,0,0,1,0,1,0,0,0,0,0,0,0,1,1,0,0,0,1,0,1,0,0,2,4,0,2,1,1,2,29,1,1,5,2,0,1,0,0,7,1,0,0,3,0,1,1,0,0,0,0,3,0,1,0,0,0,0,0,0,0,0,0,0,3,2,0,1,0,4,1,0,1,1,0,0,3,1,1,0,0,1,0,0,0,0,0,0,2,0,0,1,7,0,0,0,4,0,1,1,0,0,0,1,0,1,1,1,0,1,1,0,10,1,0,6,3,0,1,0,3,1,0,0,1,0,1,0,0,3,0,0,3,1,2,1,0,4,4,1,1,2,0,2,0,7,0,5,1,1,0,3,2,1,0,11,0,2,0,1,1,0,1,0,0,3,3,2,5,0,0,0,6,1,5,0,1,1,1,1,0,1,3,3,4,3,1,3,2,0,0,2,1,0,4,0,4,0,1,1,1,0,0,0,2,0,2,0,0,0,2,0,0,5,0,0,0,1,0,0,0,0,0,1,1,0,2,0,0,1,2,0,0,0,3,0,7,0,0
1,0,0,1,0,0,0,0,0,1,0,2,0,0,0,1,0,0,0,0,1,0,0,0,0,1,0,1,0,0,0,0,0,1,0,0,0,0,1,0,0,2,0,1,1,2,1,27,2,4,6,1,0,1,0,0,9,2,1,0,3,0,2,1,0,0,0,0,1,0,0,0,0,3,0,0,0,1,2,1,1,5,2,0,1,0,3,1,0,0,1,0,1,4,2,0,1,0,2,0,0,0,0,2,0,3,5,0,0,6,0,1,1,4,1,1,2,1,0,0,0,0,1,2,0,1,4,0,0,4,1,2,2,1,4,0,0,1,2,1,0,0,3,0,0,1,0,0,0,5,1,3,0,0,2,2,0,3,1,0,0,0,4,0,8,0,0,0,0,0,0,0,7,0,3,0,2,0,0,0,0,0,3,2,0,2,0,0,0,2,2,5,0,1,2,1,1,1,0,2,2,5,4,0,3,2,2,0,2,0,1,6,1,2,0,1,1,1,0,0,0,6,2,3,1,1,0,1,0,2,2,0,0,3,0,0,0,0,0,0,0,0,1,5,2,0,0,2,0,0,0,3,0,5,1,0
1,0,0,0,1,0,0,0,2,1,2,0,0,1,1,4,0,1,0,1,3,1,0,0,2,0,0,0,6,0,0,2,0,0,0,2,0,1,0,0,0,2,0,1,1,0,0,25,2,1,4,0,0,1,0,0,7,0,0,0,0,0,3,0,0,0,2,1,2,1,0,0,1,0,0,0,0,0,0,0,0,2,4,0,0,1,3,2,0,0,1,0,0,0,0,0,0,0,1,0,1,2,1,2,1,2,4,0,0,7,1,1,0,1,3,0,0,1,0,1,1,1,2,1,1,0,1,0,1,7,0,2,4,6,1,5,1,1,1,2,2,0,1,1,0,0,1,0,0,4,3,4,2,0,1,2,1,1,1,0,2,0,6,0,4,1,3,0,1,0,1,1,7,0,2,0,1,2,0,0,1,1,5,1,2,2,1,0,1,7,2,7,1,0,1,0,1,1,2,3,2,0,3,0,1,1,0,0,3,2,0,2,0,3,0,0,2,0,0,1,0,4,0,3,0,1,0,1,0,1,1,0,1,0,1,0,0,0,0,0,0,0,0,2,1,0,1,0,0,0,0,1,0,6,0,0
1,0,0,0,0,0,0,0,0,1,1,1,0,2,1,1,1,1,0,0,1,0,0,1,1,0,0,0,5,1,0,0,0,0,0,1,0,1,0,0,0,3,1,2,0,0,1,25,1,0,10,0,0,0,1,0,7,2,0,0,2,0,1,0,0,1,0,0,0,0,1,0,0,1,0,1,0,1,0,1,0,7,2,1,0,0,4,1,0,0,0,0,1,1,1,0,0,0,3,0,0,1,0,0,3,1,8,0,0,5,0,0,1,1,2,0,2,0,0,0,0,1,1,1,0,0,3,0,0,9,0,1,4,1,2,0,0,1,0,2,0,0,2,0,0,0,1,2,0,5,5,4,0,0,0,2,0,2,3,0,1,0,8,0,6,0,1,1,2,0,1,0,7,1,0,0,0,1,0,2,0,0,2,1,0,2,1,0,1,4,0,8,0,2,1,0,0,0,2,6,2,1,3,0,5,4,2,0,0,1,0,5,0,4,0,1,0,1,0,0,0,2,1,3,0,0,1,1,1,0,2,2,1,1,0,1,0,1,0,0,1,0,0,4,1,0,0,1,0,0,0,4,0,6,0,0
2,0,2,0,1,0,3,1,1,4,4,0,1,0,1,2,2,3,0,3,0,0,1,0,0,1,0,0,4,1,0,4,0,1,0,3,0,1,0,2,0,7,0,1,2,0,2,26,2,2,5,1,0,0,1,0,5,1,0,0,1,0,1,0,0,0,0,1,1,0,1,0,0,1,0,0,0,0,1,0,0,4,3,0,0,0,4,0,0,0,1,0,0,0,0,1,0,0,2,1,0,0,0,1,1,3,1,0,1,3,0,1,0,2,0,0,1,0,0,3,0,0,2,1,0,1,0,1,0,4,0,1,3,1,0,0,0,4,0,5,0,0,2,0,1,1,1,0,0,5,3,1,0,0,2,2,0,0,2,0,1,0,3,0,2,2,2,1,3,2,1,0,3,2,0,4,0,1,0,1,0,0,1,2,3,1,1,0,1,7,0,9,0,0,3,0,0,2,0,4,1,2,3,0,0,1,0,0,1,4,1,1,0,3,0,2,3,1,0,1,0,4,1,4,0,0,0,1,0,0,3,0,1,0,0,0,1,0,0,0,1,1,0,0,0,0,1,2,0,0,0,4,0,8,0,0
0,0,0,0,3,0,1,2,1,3,1,0,1,1,1,0,0,0,0,1,0,0,0,0,0,0,0,0,3,0,0,1,0,1,2,0,0,0,1,2,0,8,0,3,2,1,2,23,1,0,6,0,0,0,1,0,3,1,0,0,3,0,2,0,0,0,0,0,0,0,0,0,1,1,0,0,0,0,2,0,1,5,0,0,0,0,2,0,0,0,0,0,0,4,1,0,0,0,4,0,1,3,0,1,0,0,6,0,0,3,1,0,1,0,2,0,0,0,0,0,0,2,1,0,0,2,1,0,0,6,0,0,3,1,2,1,0,3,2,4,0,3,1,0,2,1,1,0,0,2,3,3,1,0,3,0,1,0,2,0,2,0,6,3,2,1,4,1,1,0,2,0,5,0,1,1,0,0,0,1,1,0,6,4,0,1,0,0,0,4,0,7,1,0,1,0,1,0,0,3,0,2,2,4,6,1,1,0,0,0,0,3,0,2,0,0,0,1,0,0,0,4,1,3,1,0,2,0,1,0,2,3,0,1,1,2,1,0,0,0,0,0,1,4,1,1,2,1,0,1,0,5,3,9,1,1
1,0,0,0,0,0,0,0,0,1,3,0,1,0,1,1,0,0,0,4,0,0,0,0,1,0,0,0,2,1,0,1,0,0,0,0,1,0,0,2,0,3,2,5,2,0,2,24,1,1,2,1,1,0,2,0,10,3,0,0,2,0,2,0,0,0,0,1,0,0,1,2,0,1,0,0,0,0,3,0,0,4,3,1,1,0,6,1,0,0,0,0,0,2,1,0,0,0,4,0,2,1,0,0,2,1,3,0,0,5,0,0,2,0,1,0,0,0,0,1,1,0,0,0,0,2,1,1,0,12,2,1,5,0,1,2,0,1,2,4,1,3,1,0,0,0,4,0,0,4,2,4,0,0,1,2,0,3,1,0,0,0,5,2,2,2,1,0,0,1,0,0,5,0,0,0,0,0,0,0,0,0,1,3,0,2,1,0,0,4,0,7,0,2,1,1,1,0,0,2,5,3,3,5,4,4,1,0,1,1,0,5,0,5,0,1,1,0,0,0,0,5,2,4,0,0,0,0,0,1,1,1,1,0,0,0,0,0,0,0,0,0,0,1,0,2,1,2,0,2,0,3,0,3,0,0
4,0,1,0,1,0,0,1,1,2,3,0,0,0,2,2,1,1,0,1,0,0,0,0,1,0,0,0,4,0,0,2,0,1,1,0,0,0,0,3,1,6,0,1,0,1,0,26,3,0,2,0,0,1,0,0,4,1,0,0,1,1,2,0,0,0,1,0,1,0,0,0,0,0,1,0,0,0,0,1,0,5,4,0,0,0,3,1,0,0,0,0,0,1,1,0,0,0,3,1,0,1,4,4,0,0,1,0,1,6,0,1,0,1,3,1,0,1,0,2,2,2,1,3,0,0,0,0,0,4,2,0,4,0,1,2,0,2,2,3,1,3,4,0,0,1,1,0,0,0,2,1,0,0,2,2,1,2,2,0,0,0,3,1,4,0,4,0,1,2,1,0,9,0,1,2,0,0,0,3,0,0,2,5,1,2,2,1,2,5,1,3,1,0,1,2,0,1,0,2,1,3,2,1,1,2,1,0,0,3,0,2,0,9,0,0,2,1,0,0,0,3,5,0,0,0,0,0,0,0,2,0,3,0,0,0,0,2,0,0,0,0,0,1,1,0,1,3,0,0,0,3,1,8,0,0
2,1,0,1,1,0,0,0,3,2,5,1,1,1,1,0,0,1,0,1,0,0,1,0,1,0,0,1,5,0,0,2,0,1,1,0,0,0,0,0,0,3,0,0,0,2,1,18,1,2,7,1,0,0,0,0,7,1,0,0,4,0,1,1,0,0,0,0,1,0,0,1,0,1,0,0,0,0,0,1,0,1,1,0,0,0,5,1,0,0,0,0,0,1,1,0,0,0,3,0,0,2,0,1,0,2,5,0,0,6,1,0,1,1,2,1,1,1,0,2,0,3,0,0,0,1,6,0,0,5,0,3,2,0,0,1,0,0,1,1,1,1,1,0,0,0,1,1,0,1,1,2,0,0,4,3,1,1,2,0,0,0,5,4,3,2,1,0,3,1,0,1,7,0,2,0,0,2,0,1,1,0,2,6,0,2,2,0,0,4,0,4,0,0,0,2,1,0,1,3,3,2,2,1,2,3,2,0,0,3,1,8,0,4,1,0,0,0,0,0,0,1,3,3,1,1,0,2,0,0,3,2,1,0,0,2,1,0,1,0,1,0,0,3,2,1,1,3,0,1,0,4,0,7,0,0
3,0,0,0,1,0,0,1,1,2,2,0,3,1,1,3,1,1,0,4,1,0,0,0,0,0,0,0,5,2,0,2,0,0,0,2,0,1,0,2,1,3,0,2,1,1,1,21,2,2,3,0,0,0,1,0,8,3,0,0,1,1,1,0,0,0,0,1,1,1,1,0,0,1,0,0,0,2,1,1,2,3,2,0,0,0,3,2,0,0,0,0,0,3,1,1,0,0,4,0,1,0,1,0,0,1,5,0,0,4,0,0,0,4,3,0,2,0,1,1,1,2,0,1,0,2,2,0,0,5,2,2,0,1,3,1,0,2,1,3,0,0,3,0,0,0,1,0,0,4,2,2,0,0,2,4,0,0,2,0,1,0,7,3,2,1,1,0,2,0,0,0,5,0,0,1,3,5,0,1,1,2,4,2,1,3,3,0,3,5,3,2,0,0,1,1,0,1,2,1,0,0,1,0,1,4,1,0,0,1,0,0,0,5,0,0,1,2,0,0,0,1,0,5,0,0,0,1,1,0,2,1,1,1,0,1,0,0,0,0,0,0,0,4,2,0,1,0,0,0,0,3,0,5,0,0
6,0,0,0,2,1,0,1,1,3,3,0,1,2,1,1,2,1,0,1,0,0,0,0,1,0,0,0,3,0,1,3,0,0,0,1,0,1,1,0,2,4,0,3,0,1,0,21,3,2,6,1,1,0,0,0,6,5,1,0,5,0,0,0,0,1,1,0,0,0,0,0,1,1,0,0,0,0,2,1,0,6,2,0,1,1,5,0,0,0,0,0,0,4,2,2,0,0,3,0,0,1,0,2,1,3,1,0,0,5,0,2,0,2,3,0,2,1,0,1,0,2,0,1,0,1,2,1,0,4,1,0,3,0,2,1,1,0,1,0,1,0,3,0,0,0,1,0,0,4,2,4,0,0,3,1,0,2,1,0,2,0,8,2,2,2,1,0,1,0,0,0,4,0,1,1,1,1,0,0,0,0,3,5,0,1,1,0,1,3,2,5,1,2,1,2,0,0,2,1,0,4,3,1,0,2,1,0,0,1,0,1,1,2,1,2,0,2,0,0,0,2,2,3,2,0,0,0,0,2,4,2,0,0,0,3,0,0,1,0,0,0,0,1,0,0,2,0,0,0,0,2,0,3,1,0
1,0,0,0,0,0,0,1,2,2,2,0,2,4,0,2,1,0,0,0,0,0,0,0,1,0,0,0,7,1,1,2,0,0,0,1,0,3,0,1,1,5,0,4,1,1,2,25,2,3,2,1,1,0,1,0,3,4,0,0,2,1,2,0,0,1,1,1,2,0,0,0,1,1,0,0,1,0,2,0,1,5,2,0,0,0,3,0,0,0,1,0,0,2,0,0,0,0,2,0,0,0,1,0,3,2,4,3,1,4,0,2,0,5,1,0,2,0,0,1,2,0,2,1,1,0,2,0,0,4,0,1,4,0,1,2,1,2,0,1,1,0,4,1,1,1,0,1,0,5,4,1,1,0,2,3,1,0,2,0,3,1,4,0,3,2,3,0,1,0,0,1,3,1,2,1,0,0,0,1,0,0,1,6,1,1,0,0,0,2,1,7,1,1,1,0,0,0,5,3,1,1,0,2,0,3,1,0,2,1,0,1,0,4,0,0,1,0,0,0,1,1,1,2,0,1,2,0,1,0,2,0,0,0,2,2,0,0,0,0,0,0,0,0,0,0,0,2,0,0,0,7,1,4,0,0
2,0,1,0,1,0,0,0,1,3,3,0,1,0,0,1,0,2,0,0,0,0,0,0,0,0,0,0,3,0,1,2,0,0,0,2,0,1,1,2,0,7,0,2,5,1,0,28,2,2,3,0,0,0,0,0,4,2,0,0,0,0,5,0,0,1,0,2,0,1,0,0,0,0,0,0,0,1,1,0,0,5,0,1,0,0,4,1,0,1,0,0,0,5,1,0,0,0,3,0,0,1,0,1,1,0,2,0,0,4,0,0,0,4,4,0,1,0,0,0,1,1,0,0,0,0,1,1,0,7,1,1,8,0,3,2,0,5,3,4,0,1,0,1,0,2,3,0,0,2,3,6,0,0,1,3,1,1,0,0,2,0,10,0,3,0,2,0,0,2,0,1,4,1,1,1,2,0,0,3,1,1,0,3,0,2,0,0,0,8,1,4,0,0,0,2,2,2,1,1,1,2,3,1,3,2,0,0,1,1,0,1,0,6,0,0,0,0,0,0,0,4,0,3,0,0,0,2,0,0,2,0,1,0,0,2,0,0,0,0,0,0,0,1,1,0,0,1,0,1,0,5,0,5,0,0
1,1,0,0,1,0,0,0,3,3,3,0,1,0,0,0,0,1,0,0,0,0,0,0,0,0,0,0,1,0,0,1,0,0,0,2,0,2,0,3,0,2,0,3,2,3,4,28,0,0,2,0,0,1,0,0,6,1,0,0,1,0,1,0,0,1,0,1,2,0,0,0,0,2,0,0,0,0,0,0,0,5,2,1,0,0,6,1,0,0,1,0,0,2,3,1,0,1,2,0,0,2,1,2,1,0,0,0,0,6,0,1,0,7,0,0,1,0,0,1,1,0,0,1,0,0,1,1,0,9,1,2,8,1,0,1,0,3,0,2,1,0,2,0,0,1,2,0,0,5,1,2,0,0,1,4,0,1,1,0,0,1,5,0,6,0,1,1,5,1,0,0,5,0,1,1,1,1,0,1,0,1,0,2,1,1,1,1,0,4,1,6,0,0,3,1,0,1,2,1,2,2,4,2,0,3,2,0,0,1,1,4,0,3,0,1,0,0,0,1,0,3,4,4,0,0,0,1,0,0,5,2,1,0,0,2,0,0,0,1,0,0,1,1,0,0,1,3,0,0,0,4,0,7,0,0
1,1,1,1,1,0,0,0,0,1,3,0,1,1,1,2,0,0,0,1,1,0,0,1,0,0,0,2,6,0,2,2,0,1,0,0,1,0,0,1,0,6,0,0,1,1,1,24,2,1,1,0,0,0,2,0,4,1,1,0,4,0,3,0,0,1,2,0,2,0,0,0,0,1,1,0,0,1,0,0,1,4,2,1,1,1,7,0,0,0,0,0,1,2,1,1,0,0,3,0,0,0,0,3,0,3,1,0,0,5,0,1,2,4,1,0,2,1,0,2,1,1,2,1,0,2,1,0,0,11,1,3,3,0,0,1,1,3,0,8,1,0,1,1,0,0,3,0,0,3,4,5,0,0,3,0,0,1,1,0,0,0,8,0,2,2,3,0,1,1,0,1,7,0,1,1,0,2,0,0,0,0,2,1,0,6,0,0,0,4,0,6,0,0,0,0,0,1,1,2,2,0,2,0,2,1,1,0,2,1,0,2,0,4,1,0,0,2,0,0,0,4,2,1,0,0,1,1,0,0,2,0,1,0,0,2,0,0,0,0,0,0,0,0,0,0,0,4,0,0,0,4,1,4,1,0
2,0,0,0,1,0,0,0,2,2,1,0,0,1,0,3,0,0,0,0,0,0,0,0,1,0,0,0,2,2,0,3,0,0,0,0,1,2,0,0,2,8,0,1,0,1,3,25,1,1,4,1,0,0,0,0,5,2,0,0,1,0,2,0,0,0,1,0,1,0,1,0,0,1,0,0,1,0,0,0,0,7,2,1,0,0,7,0,0,0,0,0,0,2,1,1,0,0,4,0,0,1,1,1,2,2,4,1,0,6,1,1,0,2,1,0,2,0,0,0,2,1,0,0,0,1,1,2,1,8,1,1,6,2,0,2,0,0,1,2,0,0,2,1,1,2,1,0,0,2,3,2,1,0,3,1,1,1,0,0,0,0,5,0,3,0,3,0,2,2,0,1,9,0,0,1,0,3,0,1,0,0,1,2,0,3,1,0,0,2,2,6,0,0,2,0,0,1,1,1,1,4,3,1,1,0,2,0,1,1,1,3,0,6,0,1,0,1,0,0,0,4,2,1,1,0,1,0,0,0,3,0,4,0,0,2,0,0,0,1,1,0,1,0,0,0,0,4,0,1,0,5,0,8,0,0
2,0,0,0,1,0,1,1,1,2,3,1,1,1,0,2,3,0,0,0,0,0,0,0,0,0,0,0,3,1,0,3,0,0,0,3,0,1,1,3,1,3,1,3,3,2,0,22,1,1,2,0,1,1,1,0,1,1,0,0,2,0,2,0,0,0,0,1,0,0,0,0,2,2,0,0,0,1,1,0,1,8,5,0,0,2,7,3,0,0,0,0,0,1,2,2,0,0,1,0,1,0,0,1,1,0,5,0,0,5,2,2,0,2,1,0,3,0,0,0,1,0,1,1,1,0,3,0,1,11,1,1,4,0,3,1,0,2,0,3,0,0,2,2,0,0,2,0,0,6,6,1,1,0,2,1,0,0,2,0,0,0,6,1,3,1,1,0,1,1,0,0,7,0,1,1,0,1,0,1,0,0,1,1,1,4,0,0,1,4,2,1,0,0,1,0,0,0,1,3,1,0,1,2,1,1,0,0,1,3,0,1,1,5,0,0,0,0,0,0,0,2,1,1,0,0,0,2,0,0,1,3,2,0,0,1,0,0,0,0,0,0,2,4,1,1,0,3,0,0,0,7,0,8,0,0
2,0,0,0,2,0,1,1,4,0,4,0,1,0,1,1,5,0,0,0,1,0,0,0,0,0,0,1,2,0,0,4,0,0,1,2,0,0,0,5,0,7,0,1,1,3,2,29,0,2,3,1,0,1,1,0,5,3,0,0,2,0,2,0,0,0,0,1,0,0,0,0,0,1,0,0,0,0,1,0,1,4,0,0,0,2,8,1,0,0,0,0,0,1,0,1,0,1,3,0,0,0,0,0,1,4,2,0,0,7,1,1,0,3,1,0,0,1,0,0,0,1,0,0,0,1,3,0,0,5,1,2,4,2,1,4,0,5,3,2,1,0,3,0,0,0,1,0,0,3,1,1,0,0,4,0,1,1,4,0,2,0,3,2,2,0,1,1,0,1,1,0,7,0,0,2,0,0,0,1,0,1,3,4,4,5,1,0,0,4,0,3,0,0,1,0,0,3,1,1,0,8,3,0,2,3,1,0,0,0,0,1,0,3,1,1,0,0,0,1,0,2,1,1,1,0,0,0,0,0,1,1,1,0,0,2,0,0,0,0,0,0,1,0,0,1,2,3,0,0,0,4,0,4,0,0
1,0,0,1,0,0,1,0,0,1,1,0,0,1,1,3,1,0,0,1,0,0,0,0,0,0,0,1,1,0,0,0,0,0,1,1,1,1,0,2,0,10,0,1,3,2,0,28,1,1,4,1,1,1,0,0,5,2,0,0,2,1,1,1,1,0,0,1,1,0,2,0,0,0,0,0,0,0,0,0,0,2,1,0,0,2,4,1,0,0,1,0,0,2,2,0,0,0,2,0,0,0,0,0,1,2,2,0,0,5,1,1,0,4,0,0,1,0,0,0,0,0,2,1,0,0,1,0,0,13,3,2,4,4,2,1,0,3,1,3,0,0,2,2,1,1,2,0,0,3,4,3,2,0,3,1,0,4,0,0,2,1,6,1,4,0,2,0,2,1,0,0,6,0,1,0,0,0,0,1,0,0,0,3,2,6,0,0,0,2,0,5,2,0,2,0,0,1,1,1,0,2,4,2,3,2,2,0,2,1,0,4,2,4,0,0,0,1,0,2,0,4,2,2,0,0,1,1,0,0,1,0,2,1,1,0,0,0,0,0,0,0,0,3,0,1,0,3,0,1,0,3,0,2,1,0
3,0,0,0,0,0,0,1,1,1,3,0,0,0,0,1,0,2,0,0,2,0,0,0,1,0,0,0,2,2,0,2,0,0,0,1,0,1,0,1,0,5,0,2,0,1,1,24,0,1,8,3,0,1,1,0,8,2,0,0,1,1,0,0,0,0,0,0,2,0,0,0,0,1,0,0,0,0,0,0,2,2,0,1,1,0,5,1,0,0,2,0,0,1,1,2,0,0,7,0,0,0,0,1,0,2,5,0,0,8,1,1,2,4,1,0,4,0,0,2,1,1,0,1,0,1,1,0,1,9,0,1,4,2,0,4,0,1,0,0,2,2,3,0,0,2,2,0,0,3,2,2,0,0,3,2,0,1,0,0,0,0,5,0,2,2,2,0,2,0,0,0,6,0,2,0,2,2,0,0,0,0,1,3,2,2,1,0,0,2,2,7,0,0,1,0,0,2,1,4,1,1,4,1,2,1,1,0,0,2,0,1,1,4,0,0,2,1,0,0,0,0,1,1,1,0,0,1,0,1,5,2,3,0,1,0,0,0,0,0,0,0,0,2,0,0,1,3,1,1,1,1,0,7,3,0
1,0,0,1,1,0,0,1,0,2,4,0,0,0,1,1,1,1,0,2,0,0,0,0,1,0,0,2,4,0,0,3,0,1,2,1,0,0,0,0,1,4,0,3,0,2,0,22,0,4,7,0,0,1,2,0,4,7,0,0,4,0,2,0,0,1,0,0,2,0,0,0,0,0,0,0,0,0,0,0,1,4,3,0,0,0,2,1,0,0,0,0,0,2,1,1,1,1,3,0,0,1,1,2,1,1,1,2,0,3,1,0,0,2,5,0,2,2,0,1,1,0,1,2,1,1,3,1,0,5,1,3,3,1,0,2,0,0,0,2,1,1,3,0,0,0,2,1,0,3,2,3,0,1,4,4,2,4,2,0,1,0,4,1,1,1,3,0,1,2,0,0,6,0,1,0,0,2,0,1,0,0,3,5,3,3,0,0,0,3,1,3,0,0,1,2,0,1,1,3,0,1,2,0,0,1,0,0,1,3,0,0,2,5,0,1,1,2,0,2,0,1,1,0,0,1,0,3,0,0,3,2,0,0,0,0,0,0,0,0,0,0,0,4,0,1,1,4,0,0,1,3,0,4,0,0
3,0,0,0,3,0,0,0,0,1,6,1,0,0,2,1,4,1,0,2,1,0,0,0,2,0,0,1,4,0,1,3,0,1,0,1,0,1,0,2,0,5,0,4,2,1,1,30,3,0,6,0,0,0,0,0,6,2,0,0,2,0,0,0,0,0,0,0,3,0,1,0,0,0,0,1,0,1,1,0,2,7,0,0,0,0,8,3,0,0,1,0,1,2,0,0,1,0,2,0,0,0,0,0,0,1,2,1,0,6,1,2,0,3,2,1,2,1,0,0,3,1,0,1,0,0,3,1,0,5,0,2,4,1,0,2,1,6,1,6,0,0,4,0,0,0,2,0,0,1,0,1,0,0,3,1,2,3,2,0,1,0,4,2,4,0,3,0,1,1,0,0,7,0,1,3,2,2,0,0,0,0,1,3,0,3,0,0,0,2,0,1,0,0,1,0,0,0,1,0,0,1,5,2,0,5,1,0,1,2,1,1,1,4,1,0,0,0,0,1,0,0,0,2,0,0,0,0,0,0,1,0,0,1,0,1,1,1,0,0,0,0,1,0,2,1,0,2,0,0,0,3,0,3,1,0
2,0,0,0,0,0,1,0,2,3,1,2,0,2,0,0,0,0,0,1,0,0,0,0,0,0,0,0,3,1,0,0,0,0,1,1,0,3,0,1,3,2,0,0,2,1,1,27,2,0,3,1,0,2,0,0,8,3,1,0,3,0,0,0,0,0,0,0,0,0,0,0,0,0,0,1,0,0,0,0,0,6,1,0,0,0,6,2,0,0,0,0,0,2,1,1,1,0,3,1,0,1,0,0,0,2,4,0,0,6,1,1,0,0,3,0,1,0,0,0,2,0,4,0,0,1,1,0,0,8,1,2,10,1,1,2,1,3,2,1,0,1,3,2,0,1,2,0,0,2,3,2,0,0,3,3,0,1,3,0,1,0,3,1,5,1,3,0,2,2,0,0,5,0,0,0,2,0,0,0,0,0,1,3,1,3,2,0,1,6,1,3,0,0,1,0,0,1,0,2,2,2,2,2,3,2,0,0,5,1,1,3,0,4,0,0,0,1,0,1,0,2,2,5,0,0,1,4,0,0,2,2,0,1,0,0,0,0,0,0,0,1,0,3,1,1,0,1,0,0,0,1,0,5,0,0
2,0,2,2,1,0,0,1,0,1,4,0,0,1,0,1,1,0,0,1,2,0,1,0,0,0,0,1,3,0,1,2,0,0,0,0,0,1,1,1,0,3,1,3,2,0,4,25,1,1,3,1,0,1,1,0,3,2,0,0,1,0,2,0,0,0,0,0,0,0,0,0,0,2,0,1,1,1,0,0,0,1,0,0,1,2,5,1,0,0,1,0,1,2,3,1,1,0,6,0,0,0,1,1,0,1,5,1,0,9,1,2,0,3,2,0,3,0,0,1,0,0,3,0,1,2,2,1,1,6,1,2,8,3,1,2,1,1,0,2,0,1,1,2,0,1,1,1,0,5,1,2,1,0,2,1,1,2,1,0,1,0,5,0,3,0,2,0,2,0,1,0,4,1,0,0,0,1,0,0,1,0,1,4,1,3,0,0,0,6,2,3,0,0,1,0,0,1,1,2,3,1,6,2,1,2,1,0,1,2,0,3,2,4,0,1,2,1,0,1,0,2,2,2,1,0,0,0,0,0,2,0,0,0,0,0,0,0,0,1,0,1,1,0,0,0,2,0,0,2,0,1,0,3,1,0
3,0,0,0,1,0,2,2,1,1,3,1,0,0,0,0,0,1,0,2,1,0,1,0,0,1,0,1,3,0,0,2,0,1,1,2,0,1,0,0,0,5,0,2,0,1,1,19,1,3,1,1,0,1,0,0,5,5,0,0,4,1,3,1,0,0,0,1,0,0,0,1,0,2,1,1,0,1,3,0,1,5,3,0,1,0,7,0,0,0,0,0,0,0,3,1,0,1,3,0,2,0,1,0,1,2,4,0,1,7,0,2,0,2,3,0,2,0,0,0,1,0,3,0,1,1,2,2,1,4,2,1,3,1,2,2,0,2,0,1,1,0,4,2,0,1,0,0,0,3,4,0,2,0,2,1,0,4,2,0,1,0,3,0,3,1,3,0,1,1,1,0,4,0,0,1,1,0,0,0,0,1,1,3,1,4,0,0,0,6,0,4,0,1,1,1,0,2,3,2,0,2,2,1,3,0,1,0,1,2,0,0,0,3,0,0,1,0,0,0,0,3,3,2,1,1,0,0,0,1,2,2,0,1,0,0,0,0,0,0,1,0,1,2,1,0,0,2,0,0,0,5,0,7,1,0
2,1,0,0,3,0,0,2,2,1,4,1,0,1,1,1,0,1,0,2,1,0,3,0,0,0,0,0,0,1,1,3,0,2,2,0,0,1,0,0,2,4,0,1,2,2,2,27,3,1,5,1,0,1,0,0,3,0,0,1,2,1,1,0,0,1,0,0,3,0,0,0,0,0,0,1,0,0,0,0,3,5,4,0,0,0,4,2,0,0,1,0,0,2,0,1,0,1,1,0,1,1,1,2,3,3,4,0,0,4,0,1,2,2,2,2,0,2,0,1,3,0,1,1,0,1,1,0,0,5,0,0,2,2,2,1,0,3,0,2,0,0,4,1,0,0,1,1,0,2,0,0,0,0,2,2,0,0,3,0,0,0,7,0,5,0,4,0,1,0,1,0,6,0,1,1,0,0,0,1,1,0,2,1,2,3,0,0,0,7,1,0,0,1,0,0,0,0,0,1,1,0,0,3,2,2,2,0,2,1,0,4,1,1,0,0,0,0,0,0,0,2,2,2,0,0,0,2,2,0,0,2,2,0,0,1,0,1,0,0,0,1,0,1,2,1,1,2,0,1,0,9,1,8,1,0
2,1,0,0,2,0,0,1,2,0,4,0,0,0,0,0,0,0,0,0,1,0,0,0,2,0,0,0,3,0,0,2,0,1,0,2,0,0,0,0,0,3,0,6,1,3,3,29,2,2,4,0,0,0,1,0,6,2,0,0,2,0,1,0,0,1,0,1,2,0,0,0,0,0,0,0,0,0,2,1,0,3,4,0,0,0,5,1,0,0,0,0,0,1,3,0,0,0,3,0,0,1,0,0,0,3,5,0,0,7,0,0,0,2,2,1,0,0,0,0,1,2,1,0,1,0,2,0,1,4,1,1,7,3,2,3,1,4,1,4,0,0,3,1,1,0,2,0,0,4,0,1,1,0,3,0,0,2,1,0,0,0,2,1,3,1,1,0,1,0,0,1,5,0,2,3,0,1,0,0,0,1,1,2,1,1,2,0,0,5,0,3,0,1,3,0,2,1,1,2,2,3,4,2,3,1,1,0,1,0,0,2,0,3,0,2,0,0,0,1,0,2,4,2,2,1,0,1,0,1,3,0,3,0,1,0,1,0,0,0,0,0,0,2,0,0,0,2,0,1,0,4,0,8,0,0
1,0,1,0,3,1,0,1,1,3,4,1,1,0,1,1,0,0,0,0,1,0,0,0,1,0,0,1,3,1,0,1,0,0,1,0,0,1,0,1,0,10,1,3,1,3,1,28,1,1,4,3,0,0,0,0,6,1,0,0,2,0,2,0,0,0,0,0,1,0,0,1,0,0,0,0,0,1,1,0,1,2,2,0,0,0,8,0,0,0,0,0,0,2,0,0,0,0,6,0,1,0,0,1,1,2,2,1,0,7,0,0,1,1,4,0,1,1,0,1,0,1,0,0,0,3,1,0,1,7,1,2,3,1,2,5,1,3,0,2,2,0,2,1,1,0,0,0,0,3,1,2,1,0,2,1,0,1,1,0,0,3,6,0,3,0,1,1,1,2,0,1,9,0,1,1,0,1,0,0,0,0,1,3,1,3,0,0,0,6,0,3,1,2,0,1,3,0,1,2,1,2,1,0,2,2,0,0,0,0,0,2,0,5,0,0,0,1,0,1,0,0,3,2,1,0,1,1,0,0,1,0,1,0,1,2,2,1,0,0,0,0,1,1,1,0,0,3,0,0,0,3,0,6,1,1
4,0,1,0,1,0,0,0,1,2,3,0,0,1,0,0,0,0,0,1,0,0,0,0,0,0,1,0,3,2,1,0,0,1,0,2,0,2,0,3,1,4,0,2,1,2,2,31,0,1,6,2,0,0,2,1,5,2,0,1,3,0,1,0,0,0,1,0,0,0,0,0,0,2,0,0,0,2,2,0,1,5,2,0,0,2,10,0,0,0,0,0,0,3,4,0,0,0,3,0,0,1,0,0,0,1,3,1,0,7,0,0,0,6,1,0,1,0,0,0,1,1,0,2,0,1,0,0,0,10,0,1,6,1,2,1,1,2,1,3,2,1,1,0,0,1,0,0,0,2,4,2,0,0,2,1,1,1,2,0,1,0,3,2,4,1,3,0,2,2,0,0,8,0,1,0,1,1,0,0,0,1,2,2,0,4,0,1,0,5,0,3,1,1,0,1,0,1,1,4,0,0,1,1,1,0,1,0,3,0,0,0,0,5,0,1,2,0,0,1,0,4,2,4,1,0,0,0,0,0,2,1,0,1,0,2,0,0,0,0,0,0,0,0,0,0,0,4,0,0,0,2,0,2,0,0
0,0,0,0,1,0,1,1,1,3,1,0,1,0,2,1,1,0,0,1,0,0,0,0,1,0,0,0,3,1,0,3,0,1,0,1,0,4,0,2,1,9,0,2,0,3,1,22,1,0,3,1,0,0,1,0,7,3,0,0,2,0,2,0,0,1,0,1,0,0,0,0,1,1,0,0,0,2,1,0,1,5,2,1,0,1,8,2,0,0,0,0,0,1,1,1,0,1,3,0,1,1,1,1,1,1,1,0,0,3,0,0,0,2,2,1,0,0,0,0,1,0,0,1,0,1,1,2,1,9,0,3,4,1,3,3,1,1,3,5,1,0,2,0,1,0,1,0,0,3,0,1,0,1,3,2,0,2,1,0,0,0,6,0,2,0,1,1,1,1,0,0,12,0,2,2,0,0,0,1,0,0,1,3,1,3,3,0,1,5,1,5,0,0,0,0,0,0,1,1,2,2,2,0,3,2,1,0,2,0,1,1,0,2,0,1,0,2,0,0,0,2,2,3,0,0,0,1,1,0,5,0,1,1,2,1,0,0,0,0,0,1,0,0,0,0,2,2,0,0,0,4,0,6,0,0
1,0,0,0,1,0,1,0,0,2,2,0,0,0,0,1,0,1,0,0,0,0,0,0,0,0,0,0,4,1,0,2,0,0,1,2,0,0,0,3,1,7,0,1,0,1,3,23,1,1,4,1,0,0,2,0,8,2,1,0,2,1,2,0,0,1,1,0,2,0,1,0,0,1,1,0,1,1,0,0,2,4,6,0,0,2,7,0,0,0,0,0,0,2,0,1,1,0,3,0,0,0,1,1,0,2,3,1,0,6,1,2,0,0,2,0,2,1,0,0,0,2,0,0,0,1,1,1,0,7,1,3,4,0,1,3,0,2,0,5,0,0,2,0,0,2,0,0,0,4,2,1,1,0,2,1,1,1,4,0,0,0,7,2,3,0,2,0,2,0,0,0,10,0,0,1,0,1,0,0,0,0,3,2,0,4,0,0,0,4,0,2,0,0,0,0,0,1,0,0,2,3,3,1,5,1,1,0,2,2,0,4,1,5,2,1,0,1,0,1,0,3,0,3,0,0,0,2,1,1,5,4,1,0,0,1,0,0,0,0,0,0,0,2,0,0,0,2,0,0,1,1,0,4,0,0
0,0,0,1,0,0,0,0,1,4,2,1,0,1,1,3,0,0,0,1,1,1,0,0,2,0,0,0,1,2,0,1,0,0,0,1,0,1,0,2,0,3,0,1,0,3,1,21,3,3,5,0,1,1,1,0,8,3,0,1,6,0,0,1,1,0,0,0,1,0,0,0,0,0,0,0,0,0,0,1,0,4,1,0,1,2,3,2,0,0,0,0,0,3,2,2,0,0,2,0,2,2,0,0,0,1,4,0,0,5,1,2,0,1,2,2,0,1,0,0,0,3,0,0,0,0,5,0,0,7,1,2,3,2,3,4,1,0,1,2,2,0,0,0,1,0,0,0,0,3,2,3,0,1,3,3,0,2,1,0,0,0,2,2,4,2,1,1,3,0,0,0,7,0,1,0,2,3,0,0,0,0,0,1,0,2,3,0,0,6,0,5,1,1,0,2,0,1,1,1,3,2,2,0,3,3,1,0,2,2,0,0,0,4,0,0,0,0,0,1,0,4,0,0,3,0,2,3,0,0,4,1,1,1,1,0,0,0,0,1,0,0,0,2,1,0,1,2,0,1,0,3,0,6,0,0
4,0,0,1,3,0,0,3,1,2,3,0,0,0,2,3,0,2,0,0,1,1,0,0,1,0,0,1,2,0,1,1,0,0,0,1,0,1,0,2,0,3,0,1,0,1,1,26,1,1,2,2,0,1,4,0,7,2,0,0,1,0,1,0,0,0,0,1,2,0,0,0,0,1,0,0,0,1,1,0,0,5,2,1,1,1,6,1,0,0,0,0,0,2,1,1,1,0,4,0,1,0,0,1,1,3,2,0,0,3,2,0,0,1,1,0,1,0,0,0,3,0,0,0,0,1,1,0,0,8,2,2,5,0,0,1,0,1,0,2,2,1,2,0,2,3,4,0,1,4,3,2,0,0,0,0,0,0,2,0,0,0,2,1,4,1,1,0,1,0,0,0,8,0,0,0,0,2,0,1,0,1,0,4,3,5,2,1,1,9,2,4,0,0,0,2,0,0,3,2,1,1,1,0,4,1,1,0,0,1,0,2,0,5,1,0,0,1,0,1,0,3,0,3,0,0,0,0,0,0,3,2,1,1,1,1,0,0,0,0,0,0,0,4,0,0,3,2,0,0,0,1,0,7,2,0
3,0,0,0,2,0,0,0,2,0,3,0,0,0,0,1,0,1,0,1,0,0,0,0,1,0,0,0,1,0,1,3,0,0,1,1,0,2,0,1,1,6,0,4,1,1,1,25,2,1,2,0,0,0,0,0,5,1,1,0,1,0,0,0,1,1,0,0,0,0,0,0,0,0,0,0,1,2,0,0,1,7,3,1,0,0,8,0,0,0,0,0,0,1,2,1,0,0,3,0,0,2,0,0,1,0,3,0,0,1,0,1,0,3,2,0,0,1,0,1,2,1,0,0,0,1,3,1,1,9,0,2,4,1,2,1,0,3,1,3,0,1,2,0,3,1,2,0,0,4,1,3,0,0,1,1,2,1,1,0,0,0,5,1,6,1,1,0,0,1,0,0,5,0,2,3,0,0,0,1,0,0,2,5,0,3,1,0,1,6,1,4,0,1,1,0,0,0,1,4,3,1,5,2,4,4,0,0,1,0,0,2,0,3,0,0,1,0,0,0,0,1,1,3,0,0,1,1,0,0,3,0,0,0,0,1,0,0,0,1,0,1,0,3,1,1,2,2,0,0,1,7,0,11,0,0
1,0,0,0,3,0,0,1,3,2,4,1,1,0,0,0,1,0,0,3,1,0,0,0,0,0,0,0,2,1,0,2,0,1,1,2,0,1,0,1,0,6,0,0,1,0,1,25,0,2,4,0,1,0,1,0,5,2,1,0,2,0,1,0,1,0,0,2,0,0,2,0,1,1,0,0,0,1,0,0,0,9,3,1,0,0,3,2,0,0,0,0,0,0,1,1,0,0,2,0,0,3,0,3,2,2,3,0,0,2,0,0,0,3,1,0,1,0,0,1,0,1,1,1,0,1,2,1,1,12,0,0,6,0,2,1,0,2,1,4,1,0,1,1,0,3,1,0,0,4,2,2,1,0,3,1,0,3,1,0,0,0,3,1,2,0,4,0,0,0,0,0,5,0,1,4,0,0,3,0,0,0,4,3,1,3,0,1,0,3,0,5,1,1,0,0,0,1,3,3,1,0,3,1,4,4,1,0,0,4,1,3,0,4,0,1,0,0,1,1,1,3,1,3,0,0,0,1,0,1,1,0,1,0,0,1,1,0,0,0,0,0,0,2,1,0,0,2,0,0,0,2,0,6,1,0
0,0,1,0,2,0,1,0,1,3,1,1,0,1,1,2,2,1,0,1,0,0,0,0,0,0,0,1,1,1,0,2,1,1,1,0,0,1,0,0,1,3,0,3,1,1,0,26,0,2,4,1,1,0,1,0,4,3,1,0,3,0,1,0,0,0,0,2,1,0,2,0,0,0,0,0,1,0,0,1,0,4,1,0,0,0,7,1,0,0,0,0,0,1,1,1,0,0,6,0,0,2,0,0,1,4,3,0,0,4,0,1,0,2,2,0,2,0,0,1,1,4,0,1,1,2,3,1,1,6,1,0,3,1,3,0,0,1,0,0,0,0,1,1,0,0,0,0,0,4,2,4,1,0,3,1,1,3,1,0,1,1,4,0,4,1,1,0,0,2,0,0,4,0,0,0,1,1,0,0,0,0,2,7,0,2,1,0,2,7,1,4,0,0,0,2,0,1,2,5,1,3,6,3,2,2,3,0,0,2,2,3,0,5,1,0,2,0,1,0,0,6,2,3,0,0,0,0,0,1,0,1,1,0,0,3,0,0,0,1,0,0,0,0,1,0,1,2,0,0,0,2,0,3,0,0
0,0,0,0,1,0,0,1,2,2,2,0,0,0,0,1,0,0,0,1,1,0,1,0,0,0,0,0,1,1,0,1,0,1,3,1,0,2,0,1,0,2,0,1,1,0,1,24,0,3,1,0,0,0,1,0,8,3,2,0,1,0,1,2,0,0,0,0,1,0,0,0,0,2,0,0,0,0,0,0,3,2,2,0,0,0,7,1,0,0,0,0,0,0,1,2,1,1,3,0,0,0,0,1,0,1,3,0,0,8,0,0,0,2,2,0,1,0,1,0,2,1,1,1,0,0,2,0,0,5,0,1,4,0,2,1,0,3,1,0,0,0,3,0,1,0,0,0,0,1,5,2,0,0,3,0,1,0,2,0,1,0,3,3,3,0,0,0,1,1,1,0,7,0,1,0,0,2,0,1,0,2,5,4,1,3,1,0,0,7,1,1,0,2,0,1,2,0,1,3,4,4,5,4,5,2,2,0,2,1,0,4,0,5,0,2,0,1,0,0,0,1,0,4,0,1,1,2,0,1,5,1,0,1,0,3,0,0,0,1,0,0,0,0,0,0,2,1,0,1,1,7,0,10,1,0
1,0,0,0,1,0,1,3,1,1,3,1,0,1,1,1,1,1,0,2,2,0,0,0,2,0,0,0,3,0,0,1,0,0,0,2,0,0,0,0,0,4,0,2,1,1,1,25,2,0,6,2,0,0,1,0,10,4,0,1,3,0,0,0,0,0,0,1,2,0,0,1,0,1,0,0,0,1,0,0,0,3,2,0,1,0,4,1,0,0,1,0,0,0,3,0,0,1,1,0,1,0,1,1,1,1,4,0,0,8,0,1,0,2,2,1,2,0,0,0,3,1,2,2,0,0,4,0,0,6,2,0,5,3,2,3,0,1,2,2,1,0,2,0,0,0,2,1,0,1,1,3,0,0,1,0,0,3,1,0,1,0,4,2,2,0,2,0,1,3,0,0,6,1,0,0,1,0,0,0,0,1,3,4,1,2,1,0,0,6,1,3,0,1,0,0,2,1,1,3,2,2,5,1,5,0,0,1,1,1,1,3,0,5,0,0,1,0,0,1,0,3,1,2,0,0,1,0,1,0,2,0,1,0,1,0,1,0,0,0,0,0,0,1,1,0,0,0,0,2,0,6,0,5,0,0
5,0,0,2,3,0,0,1,3,2,5,0,1,2,2,0,0,1,0,2,0,0,0,0,0,1,0,2,5,2,0,5,0,0,0,1,0,0,0,1,0,2,0,0,1,1,5,21,1,1,4,2,0,0,0,0,5,3,0,0,2,0,1,0,0,0,2,1,0,0,1,1,0,2,1,0,0,0,0,0,0,1,2,0,0,0,5,0,0,0,1,0,0,1,2,0,0,0,2,0,0,0,0,0,0,1,2,1,0,6,1,1,0,3,0,1,1,1,0,0,0,1,0,1,0,0,1,0,1,4,3,3,2,0,2,2,0,3,1,3,1,0,5,0,0,0,3,0,0,1,3,2,0,0,2,0,1,2,3,0,2,0,7,1,2,1,4,0,0,0,1,0,7,0,0,1,0,2,0,0,0,1,0,5,2,7,1,0,0,7,1,5,0,0,1,0,1,1,2,2,1,6,3,0,4,2,0,0,0,0,0,2,0,5,0,0,1,0,0,1,0,4,1,2,0,0,0,0,0,0,4,1,0,0,1,0,0,1,0,2,0,0,0,0,2,1,0,1,0,1,0,2,0,7,0,0
2,0,0,0,2,0,0,1,1,2,3,0,0,1,0,0,0,1,0,1,0,0,0,0,3,0,0,0,5,0,1,3,0,0,0,0,0,0,0,1,0,5,0,1,0,2,2,27,1,3,6,0,0,0,1,0,10,3,0,0,1,0,1,2,0,0,0,0,3,0,0,1,0,0,0,0,0,1,0,1,1,4,3,0,0,1,3,2,0,0,0,0,0,0,3,0,0,0,4,0,0,0,0,0,1,1,4,0,0,5,1,0,0,2,2,0,0,3,0,2,2,1,1,1,1,1,2,0,0,6,0,0,4,0,2,3,0,3,2,2,1,1,2,1,0,1,4,0,0,5,0,3,0,0,3,0,1,0,2,0,1,0,4,0,2,1,2,0,0,1,0,0,4,0,1,2,1,2,0,0,0,0,2,6,0,4,1,0,2,3,1,6,1,1,1,0,0,2,1,0,0,3,4,0,2,0,2,0,0,3,0,5,0,6,0,0,1,0,0,1,0,1,2,3,0,0,1,2,0,0,3,1,0,0,0,0,0,0,0,0,0,0,0,2,1,0,0,1,0,0,0,3,0,9,1,0
1,0,0,2,2,1,0,0,1,3,3,1,1,2,1,0,1,1,0,2,0,0,0,0,0,1,0,2,1,1,0,2,0,0,0,3,0,1,0,1,0,6,0,1,1,2,2,25,1,5,6,2,0,0,0,0,9,3,0,0,2,0,1,0,0,1,0,0,0,0,1,0,0,0,0,0,1,0,1,0,2,4,2,1,0,0,3,1,0,0,0,0,0,2,5,0,0,0,5,0,0,2,0,2,1,2,2,1,0,7,1,0,0,3,0,0,3,0,0,0,3,2,3,0,0,0,3,0,1,9,0,3,1,1,0,2,0,3,0,3,0,0,1,2,0,0,2,0,0,3,2,3,2,0,2,1,0,4,1,0,0,0,5,0,2,0,3,0,1,4,0,0,8,1,0,0,0,1,0,0,0,0,4,2,1,3,2,0,0,6,1,2,0,1,0,1,0,1,1,3,2,3,2,0,2,1,0,0,0,2,0,3,0,2,0,0,0,0,0,0,0,3,2,1,0,0,2,2,0,2,0,0,0,0,0,1,0,0,0,0,0,0,1,1,0,0,0,2,0,0,0,0,0,7,0,0
4,0,0,1,3,0,0,1,2,5,5,0,2,0,1,1,0,0,0,2,0,0,0,0,1,0,0,1,2,0,0,3,0,0,1,0,0,2,0,3,1,6,0,2,1,1,1,25,1,1,2,0,0,0,0,0,5,3,1,0,2,0,2,0,0,0,0,1,4,1,0,0,1,0,0,0,0,0,1,0,1,5,1,0,1,2,2,2,0,0,0,0,0,2,1,1,0,1,0,0,0,0,0,0,0,3,1,0,0,4,0,1,0,3,0,0,0,0,0,0,2,2,2,1,0,0,1,0,1,4,0,2,4,3,0,2,0,0,1,1,0,0,3,1,0,3,0,0,0,2,2,3,0,0,3,1,1,1,1,0,0,2,2,2,1,0,2,1,0,1,0,0,6,0,2,0,1,1,0,0,0,1,2,4,2,0,0,0,0,6,2,7,1,0,0,1,1,2,2,3,0,6,4,0,2,7,2,0,1,3,0,4,2,6,1,2,3,0,0,0,0,1,3,5,0,0,0,0,0,0,0,1,0,0,0,1,0,0,0,0,0,0,0,1,0,1,1,3,0,1,1,3,0,4,0,0
3,0,0,0,0,0,0,1,0,3,1,0,1,1,0,2,1,0,0,1,1,1,0,0,1,0,0,2,3,0,0,2,0,0,1,0,0,3,1,1,0,4,2,0,1,0,1,24,1,2,3,1,1,0,1,0,7,4,0,0,2,0,3,0,0,0,1,1,0,0,0,0,0,2,1,0,0,1,3,0,0,2,2,0,0,1,5,1,0,0,0,0,0,2,2,1,0,0,1,0,0,0,0,1,0,2,4,1,0,5,0,2,1,3,1,0,0,0,1,0,1,2,1,1,0,2,1,1,1,8,1,2,4,1,3,2,0,3,0,3,0,0,1,0,0,0,2,0,0,2,3,1,1,0,0,1,0,2,1,0,1,0,8,1,3,0,2,1,2,0,0,0,3,0,3,0,0,2,1,0,0,1,2,3,1,1,0,1,1,6,1,6,0,1,0,3,0,0,0,4,3,5,3,4,4,2,2,0,3,2,0,2,1,3,0,1,1,0,0,0,0,2,1,3,0,0,0,1,0,0,0,0,1,0,0,1,0,0,0,0,1,0,0,2,0,1,1,1,0,2,0,1,0,7,0,0
2,0,1,0,3,1,0,1,0,3,4,0,0,0,4,0,0,2,0,2,0,1,0,0,0,0,0,1,1,1,0,3,0,0,0,1,1,1,0,4,0,3,0,1,3,1,2,24,2,1,0,2,0,0,0,0,10,4,0,0,7,0,3,1,0,0,1,1,0,0,0,0,0,0,0,0,0,0,1,0,0,2,3,0,0,0,3,1,0,0,0,0,0,2,0,0,0,0,0,0,0,1,0,1,1,4,4,1,0,6,0,1,0,5,1,0,0,1,0,1,2,0,1,0,0,0,1,1,0,6,1,0,4,1,3,2,1,2,1,4,2,2,3,0,1,1,1,1,0,4,3,3,0,0,1,0,0,1,0,0,0,0,5,1,2,0,1,0,1,0,0,0,3,0,0,0,0,1,0,0,0,0,0,2,2,2,1,1,2,4,1,2,0,0,0,1,0,1,4,2,3,2,2,1,7,1,0,0,2,2,0,1,0,5,0,0,2,0,0,0,0,1,2,3,1,3,1,0,1,0,4,3,1,0,0,1,0,0,0,0,0,0,0,2,0,3,0,3,0,2,0,3,0,7,1,0
3,0,0,0,2,0,0,0,1,1,5,1,1,2,1,1,0,1,1,0,0,0,0,0,1,0,0,0,5,0,0,4,0,0,0,0,0,1,0,2,1,3,0,1,0,1,2,26,1,1,2,1,0,0,0,0,8,3,0,0,0,0,3,0,0,0,2,0,1,0,0,0,0,1,0,0,0,0,1,0,2,2,2,0,0,0,6,0,0,0,0,0,0,1,0,0,1,0,2,0,1,1,0,0,1,3,2,0,0,8,0,3,1,5,1,0,2,1,0,1,0,1,0,1,0,2,1,1,0,6,3,1,6,1,1,2,0,1,1,4,3,0,3,1,0,2,1,0,0,2,2,5,0,0,4,1,1,2,2,0,0,0,4,0,6,0,2,1,2,0,0,0,5,0,0,0,0,1,0,0,0,1,3,3,1,3,1,0,0,6,0,4,1,0,0,2,0,2,0,2,0,4,3,1,2,2,1,0,1,0,0,2,1,3,0,0,2,0,0,0,0,3,1,4,0,1,0,1,0,0,3,1,1,0,0,0,0,0,0,0,1,0,0,4,0,1,0,2,0,0,0,1,0,9,1,0
2,1,0,0,3,0,0,1,1,3,4,0,0,0,0,3,2,0,0,3,0,0,0,0,0,0,0,1,2,0,0,3,0,0,2,0,0,1,0,3,2,3,0,1,1,0,0,26,2,2,4,1,0,1,1,0,3,2,0,0,3,0,0,0,0,0,1,0,1,0,1,0,0,0,0,0,1,0,0,0,0,1,2,0,1,0,9,1,0,0,1,0,0,1,2,0,0,0,2,1,0,0,0,2,1,6,4,1,0,9,1,0,1,2,1,0,0,0,0,1,1,0,1,1,1,0,1,1,0,6,0,0,6,1,1,1,1,3,0,3,0,1,3,4,0,0,1,0,0,2,1,1,2,0,3,2,0,1,2,0,0,0,5,0,2,0,3,0,0,2,0,0,4,0,1,0,2,0,0,0,0,0,3,4,3,2,2,0,0,5,0,6,0,0,1,1,0,2,1,1,1,3,2,1,3,3,0,0,3,3,0,3,1,6,1,1,0,1,0,1,0,1,2,3,1,0,1,2,0,0,3,1,1,1,0,0,0,0,0,0,0,0,0,1,0,0,1,2,0,0,0,1,0,8,0,0
2,0,1,0,2,1,0,1,4,0,5,0,2,2,2,0,0,1,0,0,0,0,2,0,0,0,0,0,8,0,1,3,0,1,1,1,0,1,0,2,0,5,0,1,1,3,1,23,1,0,4,2,0,0,1,0,4,1,1,0,2,0,2,0,1,0,0,0,1,1,0,2,1,1,0,0,0,1,0,1,0,4,2,0,0,1,3,1,0,0,1,0,0,2,1,0,1,0,3,1,0,1,1,1,0,3,1,0,0,11,0,1,0,1,2,0,1,1,1,0,1,1,1,1,1,2,0,0,0,7,0,0,4,1,1,3,1,1,0,1,1,0,3,2,1,0,4,0,0,4,0,3,1,0,3,3,2,1,2,0,0,0,3,1,4,0,1,0,1,0,1,0,6,0,1,2,2,1,0,0,0,0,5,3,1,1,1,0,1,8,1,3,0,1,0,0,0,1,3,0,3,4,1,0,2,2,0,0,1,2,0,1,0,2,0,0,0,1,0,0,0,0,3,4,0,0,0,2,0,0,2,0,1,0,1,1,0,0,0,0,0,0,2,0,0,0,1,3,0,1,0,2,0,5,0,0
0,0,0,0,3,0,1,1,0,1,3,0,0,0,0,0,0,0,0,2,1,0,0,0,1,0,0,0,8,4,0,1,0,0,0,0,1,3,0,1,0,3,0,1,0,4,1,19,1,1,7,0,0,0,0,1,7,4,1,0,3,1,1,0,0,0,3,0,0,0,0,0,1,0,0,0,0,0,3,0,0,1,1,0,0,0,1,1,0,0,0,0,0,2,2,2,1,1,3,0,1,0,0,0,1,4,1,0,0,9,1,0,0,2,0,0,3,0,1,0,0,1,0,2,0,0,2,2,1,6,3,5,4,2,1,2,0,2,1,2,2,1,1,0,1,2,0,0,0,4,2,5,0,0,1,2,0,1,2,0,0,0,5,0,2,1,1,0,1,1,0,0,8,0,0,1,1,0,0,0,1,1,0,3,1,3,2,0,0,5,2,4,0,1,2,0,1,0,2,1,1,4,5,1,1,6,2,0,3,0,0,0,0,3,0,0,0,0,0,0,0,1,3,3,1,0,0,2,0,0,5,0,0,1,0,2,0,0,0,0,0,1,0,2,0,0,0,5,0,0,0,3,1,7,0,0
3,0,1,1,4,0,0,0,3,2,5,2,2,1,1,0,0,1,0,1,0,0,1,1,0,0,0,1,5,1,0,3,0,0,0,2,0,1,0,2,1,4,1,1,2,2,0,20,1,1,4,2,0,0,0,0,8,5,0,0,2,0,1,2,0,1,0,0,1,0,2,0,1,0,0,0,0,0,0,1,0,3,1,1,0,1,3,1,0,0,0,0,0,0,2,1,0,2,6,0,0,0,1,0,1,3,4,0,0,7,0,1,3,1,3,0,1,1,0,1,2,3,0,1,0,2,2,1,0,5,1,0,3,0,0,1,0,3,0,5,0,1,2,0,0,0,0,0,0,3,1,2,1,0,3,0,0,0,2,0,0,2,3,0,5,0,1,1,1,0,0,0,7,0,2,1,2,1,0,0,0,0,1,2,0,3,0,0,1,6,2,2,0,0,1,1,0,1,3,0,2,4,2,1,0,4,0,0,1,3,0,1,1,3,0,2,1,1,0,0,0,1,3,3,0,1,0,2,0,0,1,0,2,0,0,1,1,0,0,0,0,0,0,2,0,0,0,3,0,2,0,2,0,6,0,0
3,0,0,0,0,1,1,1,3,1,4,2,3,2,1,1,0,0,0,1,0,0,2,0,1,0,0,0,3,3,0,3,0,1,0,0,0,1,0,0,0,5,0,2,0,1,2,21,1,1,6,2,0,0,0,0,3,2,0,0,3,0,0,1,1,1,0,0,1,0,1,0,0,0,0,0,0,0,2,1,0,3,3,0,1,1,5,2,0,0,0,0,0,3,0,1,0,1,3,0,1,3,1,2,2,0,4,1,0,6,0,2,0,2,1,1,1,0,0,0,2,0,3,1,0,1,2,0,0,6,1,1,2,3,0,1,0,0,0,1,2,0,4,1,0,1,0,0,0,5,0,2,1,0,4,0,0,0,2,0,0,0,5,0,1,0,2,0,1,1,0,0,7,0,0,0,0,1,0,0,1,0,1,4,0,3,1,0,1,5,2,5,0,3,1,0,0,3,2,2,0,5,3,1,2,3,0,0,2,2,0,2,0,4,0,0,0,2,2,1,0,4,4,2,0,1,1,2,0,0,3,0,0,0,1,1,0,0,0,0,0,0,0,0,2,0,0,3,0,0,0,2,1,5,0,0
2,0,0,0,2,0,0,0,2,0,4,1,0,0,1,0,1,1,0,0,0,0,2,0,0,0,0,0,0,1,2,5,0,0,0,1,1,1,0,3,2,4,0,0,2,3,1,23,2,0,5,1,0,0,0,0,6,5,0,0,1,0,3,1,0,1,1,0,1,0,0,1,1,0,0,0,1,0,0,1,0,4,1,0,1,1,6,0,0,0,1,0,0,6,2,3,1,0,7,0,0,0,0,2,1,1,3,1,0,6,1,0,0,2,1,0,2,2,0,3,1,0,1,2,0,3,2,0,0,11,2,1,6,1,2,1,0,3,1,2,1,0,4,0,1,0,2,0,0,3,3,1,0,0,2,1,0,1,1,0,0,0,4,0,0,0,0,0,0,0,0,0,5,0,0,2,1,0,0,2,1,0,0,3,1,1,1,0,0,5,1,6,0,1,0,0,0,0,2,2,1,3,1,1,0,2,2,0,1,2,2,2,0,3,0,0,0,0,0,0,0,0,1,2,1,0,0,0,0,0,1,0,2,0,0,0,0,0,0,0,0,2,0,3,0,0,0,3,0,0,0,4,0,6,0,0
2,0,1,0,1,1,1,2,1,2,3,0,0,0,1,2,1,1,0,1,0,0,1,0,2,0,0,0,4,2,0,3,0,1,0,1,0,1,1,0,1,4,0,4,1,4,0,23,0,0,2,2,0,0,0,0,3,2,0,0,1,0,4,2,1,1,2,2,0,0,2,2,0,1,0,0,0,0,1,0,0,2,2,0,1,0,6,0,0,0,0,0,0,6,3,1,1,0,6,0,3,0,1,4,2,3,3,0,0,6,2,0,0,0,2,0,2,0,0,0,0,0,1,0,1,3,2,0,0,7,0,1,3,1,2,3,0,2,0,4,1,1,1,1,1,2,2,0,0,1,1,3,2,0,4,0,0,0,2,0,0,0,1,0,2,1,1,0,2,0,1,0,9,0,0,1,1,3,0,2,0,0,3,1,0,4,1,0,0,8,0,1,0,0,0,0,0,0,3,2,0,1,1,0,1,3,1,0,1,1,0,1,0,5,0,0,1,1,0,0,0,3,2,1,0,2,0,0,0,0,1,2,0,0,0,0,0,0,0,0,0,0,0,1,1,0,0,0,0,0,0,3,0,6,1,0
2,0,0,0,0,0,1,0,1,2,3,1,0,0,0,0,1,0,0,0,0,0,0,0,1,0,0,0,2,3,0,2,0,0,1,0,0,0,1,0,0,2,0,3,0,3,0,19,0,1,4,2,0,0,0,0,9,4,0,0,4,0,0,1,1,1,1,2,1,0,1,1,0,0,0,0,0,1,2,0,0,6,0,1,0,1,9,1,0,0,0,0,0,3,1,2,2,1,4,0,0,0,0,1,0,2,2,0,0,4,1,0,0,0,1,0,2,1,0,0,0,1,1,0,0,0,1,1,1,6,0,0,3,2,0,2,0,1,1,1,1,0,1,1,1,0,0,1,0,2,3,2,0,0,2,2,1,1,2,0,1,0,3,0,3,1,2,1,1,2,0,0,11,1,1,1,2,0,0,0,2,1,2,3,0,4,3,0,1,4,1,5,0,0,0,2,1,1,1,0,6,2,3,1,1,2,1,0,1,2,2,4,1,2,1,1,2,1,0,0,0,0,2,4,0,1,0,0,0,0,1,0,0,1,1,0,1,0,0,0,0,1,0,2,1,1,0,2,0,1,0,3,0,9,1,0
5,0,0,0,2,0,1,0,6,2,6,0,1,0,0,2,3,0,0,0,0,0,0,0,1,0,0,0,6,2,0,4,0,0,0,0,0,0,0,1,0,2,0,0,1,4,0,25,1,0,3,1,0,0,1,0,6,0,0,0,1,0,1,1,0,0,0,0,3,0,0,0,0,0,0,0,0,0,0,0,0,1,2,0,0,0,4,1,0,0,0,0,0,1,1,0,2,1,2,0,0,0,0,0,0,0,2,1,0,2,2,0,1,1,1,1,0,2,0,1,0,0,1,1,0,0,0,1,0,7,1,1,1,1,2,2,0,2,1,1,2,0,2,0,0,1,1,0,0,4,3,1,0,0,2,0,1,0,4,0,1,0,3,1,4,0,3,0,3,1,2,0,11,0,0,1,0,1,0,0,0,2,2,2,1,4,3,0,1,8,0,4,0,1,1,1,2,1,0,1,1,5,4,2,2,3,5,0,1,4,0,1,0,5,1,1,0,0,1,1,0,3,2,1,1,1,0,0,0,0,2,0,2,0,0,1,1,0,0,0,0,0,0,4,0,0,0,3,0,0,0,4,0,5,0,0
2,0,0,0,2,0,0,0,2,2,2,1,0,0,2,1,0,0,0,0,0,0,1,0,0,0,0,0,2,1,0,2,0,2,0,1,0,1,0,2,0,6,0,2,0,2,0,26,2,3,1,0,0,0,1,0,9,4,0,0,3,0,1,0,0,0,1,0,3,0,0,0,0,1,0,0,0,0,1,0,0,3,4,0,2,0,6,1,0,0,0,0,0,2,2,1,1,0,3,0,0,0,1,1,2,2,2,0,0,4,2,0,0,1,2,0,4,1,1,1,1,2,0,1,2,1,3,1,0,5,1,0,4,1,2,2,0,0,1,3,0,0,2,1,0,2,2,0,0,2,1,2,1,0,2,1,0,1,1,0,2,0,7,0,4,1,0,0,1,1,0,0,6,0,1,0,0,1,0,0,0,0,2,3,0,3,1,0,0,2,3,2,0,0,1,0,0,1,0,1,1,4,3,1,1,2,0,0,2,0,0,2,0,9,0,2,0,1,0,1,0,3,3,0,0,0,1,1,1,0,2,0,2,0,0,2,0,0,0,0,0,0,0,3,1,0,1,4,0,1,1,2,0,6,1,0
2,0,1,0,2,0,0,0,3,1,5,1,0,0,1,0,3,1,0,0,1,0,0,0,0,0,0,0,0,0,0,4,0,0,0,1,1,1,0,0,0,1,0,1,1,5,0,21,2,1,4,1,0,0,2,0,5,4,0,0,4,0,2,0,0,0,0,1,2,0,1,1,0,1,0,0,0,0,1,1,1,2,2,0,1,1,4,1,0,0,0,0,0,2,0,2,1,0,5,0,0,0,0,2,0,1,3,1,0,4,0,3,0,2,2,0,2,1,0,0,1,0,0,1,0,2,2,0,0,8,2,0,6,2,0,1,0,6,0,6,1,0,3,1,1,2,1,0,0,3,2,1,0,0,3,1,2,1,5,0,2,0,7,0,4,0,1,1,0,0,0,0,5,0,0,2,1,2,0,0,0,0,2,1,0,0,1,0,1,5,0,3,0,0,0,0,0,2,2,1,0,4,2,1,3,5,1,0,1,1,0,3,1,1,0,0,0,0,0,1,0,1,2,4,1,1,1,0,1,0,1,0,0,1,1,2,0,0,0,0,0,0,0,2,2,1,0,1,0,0,0,3,1,6,0,0
1,0,0,0,2,1,0,0,2,1,2,0,0,0,0,0,0,0,0,1,0,1,2,0,0,0,0,0,1,2,0,2,0,2,0,0,0,1,0,0,0,4,0,3,0,4,0,22,1,3,5,1,0,0,1,0,10,3,0,0,4,0,0,2,0,0,1,0,0,0,0,0,0,0,0,0,0,1,0,0,0,3,1,0,0,1,4,1,0,0,0,0,0,2,1,0,0,1,2,0,0,2,0,4,1,2,2,2,0,5,0,1,0,3,1,0,1,1,0,1,4,0,1,1,0,0,4,2,0,10,1,1,3,4,1,0,0,2,1,1,0,0,2,0,0,1,0,0,0,3,0,4,1,0,2,0,1,1,1,0,0,0,4,1,2,2,4,0,0,1,0,0,9,0,0,1,0,1,0,0,1,0,2,3,0,1,1,0,0,1,3,3,0,1,0,0,0,0,4,3,0,1,3,0,2,2,0,0,2,3,0,2,0,5,0,0,2,1,0,0,0,3,0,2,1,0,2,1,2,0,2,1,0,0,0,0,0,0,0,0,0,0,0,7,3,1,2,2,0,0,0,7,0,9,0,0
3,0,1,0,2,1,1,0,2,2,3,0,0,2,0,0,3,0,0,1,1,0,1,0,0,0,0,0,6,1,0,1,0,0,0,0,0,1,0,1,4,3,1,2,1,3,1,29,2,2,7,3,0,0,3,0,4,2,0,0,2,0,2,1,0,0,0,0,0,0,0,0,0,0,0,0,0,0,0,0,0,0,3,0,0,0,6,0,0,0,0,0,0,1,0,0,0,0,6,0,1,0,1,1,1,2,1,0,0,9,0,1,0,1,1,0,2,0,0,0,4,0,0,1,1,0,2,1,0,7,0,2,6,2,2,1,0,1,0,1,0,1,4,1,0,0,2,0,0,4,1,1,1,0,1,1,1,0,2,0,1,0,5,4,7,0,2,1,2,0,0,0,10,0,0,0,0,1,0,0,0,0,3,3,1,5,0,0,0,8,1,6,0,0,0,0,0,0,1,1,0,4,3,0,1,1,1,0,0,0,0,0,0,2,0,1,1,2,0,0,0,0,1,0,1,0,1,0,0,1,2,1,0,0,0,0,1,0,0,0,1,1,0,3,0,0,2,2,0,0,0,1,0,6,1,0
2,0,0,0,0,0,0,2,2,5,2,0,0,0,1,1,2,0,0,1,1,0,2,0,0,0,0,1,6,0,1,3,0,0,1,2,0,2,0,1,0,3,1,7,1,2,2,22,1,2,3,0,0,0,0,0,5,6,0,0,3,0,0,0,0,0,1,0,0,0,1,0,0,4,0,0,0,0,1,0,2,1,3,0,0,1,4,0,0,0,0,0,0,5,2,1,1,0,3,0,0,0,0,1,1,2,0,0,0,5,1,1,0,0,0,0,0,0,0,0,1,1,0,0,0,3,2,2,0,9,1,2,2,3,2,1,0,2,1,1,0,1,2,0,0,1,3,0,0,4,3,1,1,0,2,1,1,2,1,0,1,1,5,1,3,0,1,1,1,1,0,0,7,1,2,0,0,2,1,1,0,0,2,2,0,2,1,1,0,3,2,5,0,1,0,1,0,1,0,1,1,3,0,1,1,2,2,0,1,2,0,1,0,0,0,1,0,0,0,1,0,1,1,1,0,0,1,0,1,1,3,0,2,2,0,1,0,0,0,0,0,0,0,4,2,1,0,0,0,0,0,7,0,8,0,0
0,0,0,1,0,1,2,0,2,1,2,0,2,0,0,1,2,2,0,1,0,0,1,0,1,0,0,1,6,3,1,2,0,0,0,1,0,2,0,1,0,1,0,5,0,1,1,22,0,1,4,0,0,0,0,0,6,3,0,0,2,0,2,0,0,1,0,1,3,1,1,1,0,0,1,0,0,0,0,0,1,6,4,1,0,1,4,2,0,0,0,0,0,4,0,2,0,0,0,0,0,1,0,2,1,2,2,1,0,3,1,1,0,2,2,0,0,0,0,0,1,2,0,2,0,1,2,0,0,8,0,0,2,2,4,5,0,0,2,2,1,1,0,1,0,1,1,0,0,5,0,1,0,0,2,1,0,0,2,0,1,0,4,1,5,1,2,0,0,1,2,0,9,0,1,0,1,0,1,0,1,2,2,3,1,3,1,0,1,5,0,6,0,1,0,0,0,0,1,4,5,0,3,2,4,2,0,0,0,1,1,5,0,2,0,0,1,0,0,0,0,1,1,0,0,0,2,0,0,3,1,3,0,0,0,0,0,0,0,0,0,0,0,0,1,0,0,2,0,1,0,2,0,8,0,0
0,0,0,2,1,0,0,0,4,2,2,0,0,0,1,0,1,0,0,1,0,1,1,0,0,0,0,2,1,0,0,4,0,0,1,2,0,0,1,1,0,4,0,1,1,1,0,28,3,2,6,0,0,0,0,0,7,5,0,0,4,1,0,0,1,1,0,2,0,0,0,0,0,0,0,0,0,1,0,0,2,3,1,0,0,1,3,1,0,0,0,0,0,2,3,2,0,0,4,0,3,0,1,0,0,2,5,0,0,1,2,1,1,3,1,0,1,1,0,0,1,1,1,1,0,1,3,0,0,7,1,1,7,2,2,1,0,1,0,3,2,0,1,0,0,1,1,0,0,3,0,2,0,0,3,2,1,2,1,0,0,0,6,0,1,1,1,0,1,1,0,0,9,0,0,2,0,1,0,0,0,0,5,3,0,1,0,1,0,2,0,3,0,0,0,2,0,3,3,5,1,4,2,2,2,3,1,0,2,2,0,2,0,2,0,0,1,0,0,1,0,5,1,1,0,0,0,0,1,0,2,0,0,0,0,5,0,0,0,1,0,0,0,0,3,0,0,3,0,0,0,3,0,3,0,0
3,0,0,0,3,0,0,0,2,1,4,1,0,0,2,1,0,1,0,2,0,0,1,0,0,0,0,0,5,0,0,2,0,0,1,0,0,0,0,0,1,3,0,2,1,1,0,23,0,1,4,0,0,1,0,0,5,3,0,0,2,1,1,1,0,1,0,2,1,1,0,0,0,0,0,0,0,0,1,0,0,6,1,1,0,0,5,1,0,0,0,0,0,2,3,1,1,0,6,0,0,2,0,0,3,1,2,0,0,2,1,0,0,4,0,1,0,1,0,0,0,2,0,1,0,1,3,2,1,11,0,2,3,0,4,1,0,2,1,3,0,2,5,0,0,0,0,1,0,3,2,3,0,0,5,0,1,1,5,0,1,0,5,0,2,1,1,0,1,3,0,0,9,0,0,0,1,2,0,0,2,1,3,3,0,3,1,0,0,2,3,4,0,1,0,0,0,1,1,3,0,1,4,2,3,0,1,0,1,3,0,2,0,6,0,0,1,0,0,0,0,3,0,1,0,0,0,0,1,0,0,0,1,1,0,3,0,0,0,0,0,1,0,0,0,1,0,3,0,1,0,3,0,4,0,1
1,0,0,2,0,0,1,2,1,2,2,0,0,1,3,1,0,2,0,2,0,0,0,0,0,0,0,0,3,1,0,3,0,1,1,0,0,1,0,2,0,3,0,2,4,1,0,24,2,1,4,0,0,0,1,0,3,3,0,0,5,0,0,0,0,1,1,2,0,0,1,0,0,1,1,0,0,0,1,0,1,2,1,0,0,1,5,1,0,0,0,0,0,3,0,2,1,0,3,0,1,0,0,2,1,0,2,1,0,6,1,1,1,2,2,0,1,0,0,0,1,3,3,0,1,1,2,1,1,10,1,1,2,2,1,1,0,3,2,2,1,1,3,2,0,0,2,0,0,0,2,3,2,0,1,1,1,0,2,0,1,0,3,1,2,0,0,0,1,1,1,0,11,0,0,0,1,2,0,0,0,0,0,1,3,2,3,0,0,4,1,0,1,1,0,3,2,0,2,4,1,4,3,3,3,4,3,0,1,0,2,3,0,4,0,0,0,1,0,0,0,3,1,5,1,0,0,0,0,0,3,1,0,1,0,1,0,0,0,0,0,0,0,0,1,0,0,0,0,0,0,1,0,2,0,0
2,0,0,1,1,0,0,0,2,3,4,0,0,0,1,0,0,1,0,2,3,0,0,0,1,0,0,1,3,0,0,3,0,1,0,1,0,4,0,0,0,6,0,5,1,0,1,22,1,2,5,0,0,0,0,0,8,5,0,0,5,1,1,0,0,0,1,0,1,0,0,1,0,1,1,0,0,1,2,0,1,0,1,0,0,0,4,0,0,0,0,0,0,2,0,1,1,0,2,0,0,0,0,1,0,2,4,0,0,6,0,0,0,3,0,0,0,1,0,1,1,0,1,2,1,0,1,1,0,7,1,5,4,1,2,2,0,2,1,3,0,0,3,3,0,0,2,0,0,1,1,7,1,0,3,2,1,0,1,0,1,0,6,0,2,2,0,0,1,2,0,0,4,0,0,0,0,2,0,1,0,0,2,2,1,1,0,0,2,3,0,3,0,2,0,1,1,2,1,2,3,1,2,1,0,4,3,0,1,2,0,1,1,2,0,0,1,0,0,0,0,3,2,3,1,1,2,0,1,0,3,0,2,0,0,1,0,0,1,0,1,0,0,5,0,0,0,2,0,0,0,3,0,4,0,0
1,0,0,0,2,0,0,1,1,0,3,0,0,1,0,1,0,0,0,0,3,0,0,0,0,0,0,0,2,0,0,2,0,2,1,0,0,0,0,3,0,4,1,3,2,0,0,27,2,0,6,1,0,0,1,0,6,4,0,0,2,1,1,0,0,0,3,0,0,0,0,1,1,1,0,0,0,0,0,0,3,3,2,0,0,0,3,1,0,0,2,0,0,9,1,2,2,0,5,0,1,0,2,0,0,1,4,0,0,8,0,2,0,1,1,0,1,1,0,1,1,0,2,0,0,1,0,2,0,8,0,2,5,4,1,2,0,2,4,3,0,1,2,1,1,1,2,0,0,3,1,2,0,0,2,0,2,2,4,0,1,0,4,0,4,0,3,0,2,2,0,0,8,0,0,0,0,3,0,0,0,0,4,4,0,2,0,0,3,6,1,0,0,0,0,0,1,0,1,2,1,0,0,1,4,1,1,0,2,0,0,2,0,3,0,0,0,0,0,0,0,2,0,3,0,1,0,1,0,0,2,0,2,0,1,0,0,0,0,0,0,0,0,0,0,0,1,2,0,0,0,2,0,5,1,0
2,0,0,0,0,0,0,1,1,4,1,0,1,0,1,0,0,0,0,1,1,0,0,0,2,0,0,0,3,1,0,2,0,1,0,1,0,0,0,2,0,7,0,2,1,3,1,28,1,2,5,0,0,0,0,0,6,5,0,0,3,1,2,0,0,1,2,0,0,0,1,0,1,0,1,0,0,0,0,0,0,3,1,1,0,0,5,1,0,0,2,0,0,2,4,2,1,2,1,0,0,0,0,1,0,3,4,0,0,8,1,0,1,1,0,0,1,0,0,0,1,2,1,0,0,3,1,3,1,7,0,1,3,1,0,2,0,4,2,3,0,0,1,3,1,1,1,0,0,2,2,3,0,0,1,0,0,3,1,0,1,0,3,1,5,0,1,0,1,1,0,0,8,0,0,3,1,1,0,0,0,0,2,1,0,4,2,1,1,6,0,3,0,2,0,1,0,1,1,1,2,3,0,1,3,4,0,0,2,1,0,3,0,3,0,0,1,0,0,0,0,2,2,1,1,0,0,0,0,0,4,0,0,1,1,2,0,0,0,1,0,0,0,2,0,1,0,1,0,0,1,1,0,3,0,0
0,0,0,0,3,0,0,4,2,3,2,0,0,0,0,0,0,1,0,0,1,0,2,0,1,1,0,0,4,2,0,1,0,0,3,2,1,0,0,3,1,5,0,1,0,4,1,26,0,1,3,2,0,0,0,0,7,1,0,0,1,1,1,1,0,1,0,0,0,0,2,1,2,1,0,0,0,0,0,0,0,3,5,0,0,3,4,0,0,0,1,0,0,2,0,1,0,1,3,1,0,2,2,1,0,0,4,4,0,7,0,1,0,1,1,0,0,0,0,0,1,0,1,0,1,1,0,2,0,7,0,0,2,2,0,1,0,2,0,2,1,1,1,0,1,0,1,0,0,3,2,3,0,0,5,0,0,1,2,0,0,0,5,1,3,0,3,0,3,0,1,1,11,0,2,1,1,1,0,0,1,0,2,3,2,4,2,1,0,3,0,5,0,0,1,1,1,0,1,2,0,2,0,1,1,3,0,0,0,0,0,2,0,3,0,1,0,1,0,0,0,1,1,0,0,2,0,1,0,0,2,1,0,1,1,1,0,0,0,0,0,0,0,2,0,1,2,4,0,1,0,3,1,5,1,0
1,1,0,0,2,0,0,0,0,1,0,0,0,1,1,0,0,2,0,1,0,0,2,0,0,0,0,1,4,0,0,2,0,2,0,1,0,3,0,1,1,3,0,3,2,0,0,27,2,1,3,0,0,0,1,0,10,3,0,0,2,0,1,0,0,1,0,0,1,0,0,1,0,0,0,0,0,0,0,0,0,3,3,0,0,0,2,1,0,0,1,0,0,1,1,1,1,0,2,0,1,0,1,3,2,0,2,0,0,5,0,0,0,4,3,0,0,0,0,1,2,1,1,0,0,0,4,1,3,7,0,3,4,3,1,0,0,4,0,1,0,0,0,0,1,0,2,0,0,6,0,5,0,0,4,1,1,0,2,0,2,1,4,1,2,1,1,0,3,1,0,0,6,1,2,1,0,2,0,0,1,0,1,1,0,2,2,0,0,7,0,5,0,2,0,0,0,1,1,2,0,0,2,1,3,3,2,0,1,1,0,2,1,7,1,0,0,0,0,0,0,0,3,3,0,1,0,0,1,1,2,1,1,1,1,3,0,1,0,0,0,0,0,3,0,2,0,6,0,1,0,1,0,4,0,0
3,0,0,0,1,0,0,1,1,3,4,1,0,0,0,1,4,1,0,1,0,1,1,0,0,0,0,0,1,0,0,2,0,0,0,0,0,0,0,1,0,8,0,3,2,2,1,25,4,1,1,1,0,0,1,0,8,0,0,0,0,0,2,0,0,0,0,1,0,1,1,0,0,1,0,0,1,0,0,0,1,2,1,0,1,0,2,3,0,0,0,0,0,1,1,2,1,1,3,1,1,1,0,3,0,1,6,0,0,5,0,1,0,3,1,0,2,0,0,1,2,1,2,1,2,0,0,0,3,5,0,1,3,4,0,0,0,2,0,3,0,0,0,1,1,0,0,1,0,5,1,1,3,0,1,1,0,3,3,0,0,0,5,1,3,0,0,0,2,2,0,0,5,0,0,1,0,1,1,1,0,1,1,1,0,0,0,0,2,4,1,3,0,0,0,1,3,3,1,2,2,6,2,1,1,3,1,0,1,3,1,1,0,5,0,0,0,1,0,0,0,2,1,3,0,2,1,1,1,2,2,1,3,0,1,1,0,0,0,0,0,0,0,0,0,0,0,7,0,0,0,2,0,6,1,0
0,0,0,0,1,1,0,2,1,2,4,2,1,2,0,1,2,0,0,0,1,1,1,0,0,0,0,0,4,1,0,2,0,0,1,2,0,3,0,0,0,4,0,2,2,3,1,25,0,2,2,1,0,0,1,0,5,3,0,0,2,0,1,0,0,0,2,0,2,0,0,0,1,1,1,0,0,0,0,1,0,4,1,1,0,1,4,2,0,0,0,0,0,3,1,1,0,0,2,0,0,0,1,1,1,2,3,2,0,8,2,2,0,4,0,0,1,0,0,1,2,0,2,0,2,0,2,0,1,5,0,1,4,2,4,2,0,3,2,2,0,3,2,0,0,1,1,0,0,5,0,5,2,0,2,1,1,1,2,0,0,0,7,0,2,0,3,0,0,0,0,0,5,0,0,0,0,2,0,0,1,0,2,0,2,0,0,0,1,2,1,2,0,3,0,1,1,0,0,4,1,2,1,2,3,3,0,0,1,2,0,2,1,5,0,0,0,1,0,0,0,3,1,1,1,0,0,0,0,0,2,0,0,0,0,2,0,1,0,0,0,0,0,1,1,0,0,2,0,0,1,3,0,7,2,0
3,0,2,0,1,0,0,3,0,1,1,0,1,3,2,1,2,0,0,1,0,1,0,0,0,0,0,1,6,0,0,0,0,0,1,3,0,1,1,1,2,6,2,1,0,3,1,24,3,1,3,0,0,0,1,0,6,3,0,0,3,0,2,0,0,0,2,0,1,0,1,2,0,1,0,0,0,2,0,3,0,4,2,0,0,1,3,0,0,0,0,0,0,1,2,1,0,1,1,0,0,0,1,3,0,0,4,1,0,6,0,2,1,1,3,0,0,0,0,0,5,0,1,1,1,0,1,0,1,8,1,1,1,3,2,3,0,2,1,1,0,0,0,2,1,2,1,0,0,4,1,1,1,0,1,3,0,1,1,0,1,0,4,0,4,0,0,0,2,1,0,0,8,0,1,0,0,1,0,0,0,1,2,2,0,3,2,1,0,3,0,6,0,1,0,1,2,2,1,1,2,4,4,0,0,3,0,0,1,0,0,4,0,2,0,0,0,1,0,0,0,0,1,2,0,0,0,1,0,2,4,1,0,0,1,2,0,1,0,0,0,0,0,1,0,0,0,1,0,0,1,3,1,4,0,0
0,0,0,0,1,0,0,2,1,2,3,0,1,0,0,0,1,0,0,1,0,1,0,0,3,0,0,0,3,0,0,1,0,0,0,0,0,1,0,1,1,4,0,3,2,3,1,25,4,4,2,1,0,1,0,1,4,5,0,0,3,0,4,0,0,0,1,0,1,0,0,1,0,2,0,0,0,0,0,1,0,3,2,0,0,0,4,1,0,0,1,0,0,2,4,0,0,0,2,0,0,4,1,2,1,2,5,0,0,6,0,2,1,2,2,0,0,0,0,0,1,2,2,0,1,1,1,0,0,8,1,1,3,0,1,2,0,5,2,3,0,0,1,0,1,1,0,0,0,1,4,6,0,0,4,3,0,2,1,0,1,1,7,0,2,0,0,1,2,1,0,0,7,0,1,2,1,1,0,0,0,0,2,5,0,3,2,0,0,2,2,7,1,0,1,1,0,1,1,1,0,0,3,0,0,3,0,0,0,0,0,1,0,3,0,0,0,1,0,0,0,2,2,4,0,1,1,0,0,0,2,0,2,0,0,0,0,0,0,0,0,0,1,2,0,1,0,2,0,0,0,3,0,3,1,1
2,0,0,0,0,1,0,1,2,2,4,2,1,2,1,4,0,0,0,0,1,1,0,0,4,0,0,0,5,1,0,2,0,0,3,1,0,0,0,0,0,4,0,2,1,2,3,25,2,1,4,1,0,0,1,0,6,2,0,0,3,0,0,0,0,1,1,0,0,0,0,0,1,3,0,0,0,0,1,0,0,3,4,0,0,0,4,0,0,0,4,0,0,3,2,1,0,0,4,0,0,0,1,2,1,1,6,0,1,6,0,0,1,1,1,0,2,1,0,0,1,1,1,0,0,1,2,1,0,5,0,2,3,1,1,4,0,2,1,7,1,0,1,1,0,0,2,0,0,1,2,1,0,0,3,1,0,2,1,0,2,0,3,0,5,1,1,0,1,1,0,0,8,0,1,2,0,1,0,0,1,0,1,1,1,2,1,0,0,6,3,5,1,0,2,1,0,1,2,0,2,2,2,0,0,0,1,1,0,1,1,2,0,1,0,0,0,0,0,0,0,2,0,3,0,0,0,0,0,0,3,0,1,0,0,1,0,0,0,0,1,0,0,4,1,0,0,3,0,1,0,4,0,3,0,0
0,0,0,0,2,0,0,1,1,1,4,0,0,0,0,1,1,0,0,1,1,1,0,0,0,1,0,0,1,0,0,2,0,0,1,1,0,3,0,0,0,5,0,3,0,2,1,22,3,2,4,1,2,0,1,0,7,1,1,0,1,0,2,0,1,0,2,0,1,0,1,1,2,0,0,0,0,1,1,0,0,3,3,0,0,0,6,1,0,1,0,0,0,1,4,1,1,0,2,0,0,2,1,1,1,0,4,0,2,8,1,0,0,0,2,0,0,0,0,0,2,0,1,1,1,0,0,0,0,6,1,0,2,5,1,1,0,3,1,4,0,1,1,1,0,1,1,0,0,0,2,2,2,0,3,1,0,1,2,0,1,1,3,1,1,1,0,1,0,1,1,0,8,1,1,1,0,0,0,0,0,0,1,4,0,3,1,0,0,7,2,8,0,2,1,1,1,2,0,2,1,4,0,0,1,4,0,1,1,1,0,1,0,4,0,0,0,0,0,1,0,1,1,2,0,0,0,1,1,0,3,1,0,0,0,0,0,0,0,0,1,0,0,3,0,1,0,5,0,0,0,6,1,9,1,0
3,0,0,0,2,1,0,1,1,1,2,0,0,0,1,3,1,0,0,0,1,1,0,0,1,0,0,0,4,2,1,3,0,0,0,0,0,0,0,1,0,7,1,1,0,4,1,27,2,2,5,1,0,0,1,0,8,2,0,0,0,0,2,1,2,1,2,0,0,1,1,0,2,1,0,0,0,1,0,0,1,2,2,0,0,0,7,2,0,0,1,0,0,3,0,1,0,0,1,0,0,0,0,0,1,2,5,1,0,7,1,2,0,1,1,0,2,1,0,1,0,2,1,1,0,1,1,0,1,5,2,0,4,1,2,0,1,2,0,2,1,1,1,1,0,2,1,0,0,1,2,2,0,0,3,0,0,0,0,0,1,1,5,1,1,0,3,0,1,1,0,0,13,0,1,2,2,1,0,0,1,1,2,4,0,4,2,1,0,3,1,2,2,0,1,0,1,1,1,2,2,0,4,2,0,1,0,0,1,1,0,1,1,5,0,0,1,0,0,0,0,0,3,5,0,0,1,0,1,0,2,0,2,0,1,0,0,0,0,0,0,0,0,0,1,0,2,3,0,0,0,1,0,1,0,0
1,0,0,1,0,0,0,0,1,1,2,0,2,0,2,2,0,0,0,0,2,0,2,0,1,0,0,2,8,1,0,2,0,0,3,1,0,1,1,0,0,7,0,1,1,1,0,24,1,4,9,0,0,0,0,0,7,4,0,0,4,0,0,0,0,0,0,0,2,0,2,1,1,0,0,0,0,0,0,0,0,4,0,0,0,0,7,1,0,0,1,0,0,0,0,1,0,1,0,0,0,1,1,1,0,1,6,1,0,6,1,1,0,4,1,0,4,0,0,0,0,3,1,0,2,1,5,0,1,7,1,1,2,1,0,2,0,3,1,2,0,0,0,1,0,1,0,0,0,2,2,4,1,0,6,2,1,2,3,0,0,0,8,1,2,1,1,0,1,1,0,0,11,0,1,1,1,1,0,0,0,1,4,3,1,5,2,0,0,3,1,3,0,1,0,0,0,2,1,0,0,0,2,0,2,2,0,0,0,4,0,2,1,3,0,0,0,0,0,0,0,0,0,1,0,0,0,0,0,0,1,0,1,0,0,0,0,0,0,0,0,0,0,1,1,0,0,2,0,0,0,3,1,6,0,0
2,1,0,0,1,0,2,1,1,2,4,1,0,0,1,0,2,0,0,0,0,0,0,0,0,0,0,0,4,0,1,3,0,0,2,2,0,1,0,1,1,8,0,1,0,1,2,27,1,0,5,0,0,0,0,0,8,0,0,0,0,0,2,1,0,0,0,0,1,0,2,0,0,0,1,0,0,0,0,0,0,3,2,0,0,0,6,0,0,0,0,0,0,1,0,0,0,1,4,0,0,0,0,2,1,2,7,1,0,8,0,2,0,4,0,0,0,0,0,0,0,1,0,0,0,2,2,0,0,7,1,0,5,0,2,2,1,4,1,1,1,0,1,1,2,1,4,1,0,3,2,2,1,0,4,1,1,1,2,0,0,0,8,3,4,0,0,0,1,2,0,0,13,0,0,1,1,1,0,0,0,0,0,5,1,3,2,0,0,3,0,2,0,1,1,2,1,2,0,3,2,3,1,2,1,2,1,0,0,0,0,3,1,1,0,1,0,0,0,0,0,0,2,2,1,1,0,1,0,0,1,0,1,0,0,0,0,0,0,0,1,2,0,1,1,1,1,1,0,0,0,2,0,5,0,0
0,0,0,0,1,0,0,0,1,3,2,0,0,0,1,2,2,0,0,0,1,0,0,0,1,0,0,0,4,0,0,2,0,0,0,0,0,1,0,0,0,7,0,4,2,3,0,25,3,0,1,1,0,0,0,0,8,2,0,0,0,0,0,0,0,0,1,0,1,0,0,0,0,0,0,0,0,0,1,0,0,5,1,0,0,1,3,0,0,0,0,0,0,2,1,0,0,0,2,0,0,0,0,1,0,2,4,0,0,6,0,0,0,5,1,0,0,1,0,1,1,1,0,1,0,3,1,1,0,10,0,1,4,1,3,2,1,4,0,4,0,0,1,0,1,2,1,1,0,5,5,2,0,0,2,1,1,1,2,0,2,0,8,0,2,0,2,0,1,3,0,0,10,1,1,2,1,0,0,0,0,0,3,4,1,0,0,0,0,6,0,3,0,0,0,1,0,2,2,1,2,4,3,3,3,2,1,0,0,1,0,3,1,4,0,1,1,0,1,1,0,2,1,5,0,0,0,0,1,0,4,1,1,0,0,2,0,0,0,0,0,0,0,3,1,1,0,1,0,0,0,2,0,3,1,1
1,0,0,1,0,0,0,0,2,2,3,0,1,0,0,0,0,0,0,1,0,0,0,0,0,1,0,0,2,0,1,2,0,0,0,2,0,0,1,0,1,5,0,1,1,2,0,28,3,1,4,0,0,0,0,0,8,1,0,1,4,0,0,0,0,0,1,0,1,0,0,0,1,0,1,0,1,0,1,0,2,5,1,0,0,2,4,0,0,0,0,0,0,0,2,0,0,0,4,0,0,0,1,0,1,0,6,0,0,4,2,1,0,3,1,0,1,0,0,0,1,1,1,2,0,1,2,0,0,12,0,1,3,1,2,1,0,4,0,3,0,0,1,0,1,0,2,0,0,3,1,3,0,0,3,0,1,0,1,0,0,0,7,0,1,1,3,0,1,1,0,0,10,0,1,2,1,1,0,0,0,0,3,3,1,3,0,0,0,3,0,4,0,0,0,1,2,2,0,3,1,1,4,0,3,5,1,0,3,3,0,4,0,4,0,2,0,0,0,0,0,0,3,5,0,1,0,1,0,1,1,1,0,0,0,0,1,1,0,0,1,1,0,5,0,2,0,3,0,0,0,2,1,4,0,0
3,0,0,0,0,0,1,1,2,1,4,0,0,1,1,1,0,0,0,0,0,0,1,0,0,0,0,1,1,0,1,2,0,0,0,0,0,0,1,0,0,5,0,1,2,1,3,22,1,5,3,0,0,0,0,0,9,3,0,1,7,0,0,0,0,0,1,2,0,0,1,0,1,0,1,0,1,0,0,0,0,5,2,0,0,1,8,1,0,0,1,0,0,3,1,0,1,0,6,0,1,2,1,1,1,0,2,0,0,3,1,2,0,2,1,0,2,0,0,0,1,4,2,1,0,2,2,1,0,7,0,0,5,1,2,0,0,2,1,1,1,1,2,1,0,0,1,0,0,1,1,1,1,0,4,1,2,2,1,0,0,1,10,2,2,1,2,0,0,1,1,0,9,0,2,2,1,1,0,1,1,0,2,4,0,4,2,0,0,3,1,4,0,1,0,1,1,0,1,2,0,1,0,3,4,4,0,0,0,3,1,3,1,3,0,1,0,0,0,0,0,1,2,1,0,0,0,0,0,0,1,1,0,0,0,0,1,1,0,0,0,0,0,1,1,0,0,2,0,0,0,1,1,3,0,0
1,0,0,0,2,0,1,0,1,1,1,0,0,0,0,2,0,0,0,1,1,1,0,1,0,0,0,0,3,0,0,1,0,0,0,1,0,0,0,1,0,1,0,5,2,2,0,24,1,0,4,0,1,0,1,0,9,4,0,0,3,0,2,0,0,1,1,0,0,0,1,0,0,0,1,0,0,0,0,0,0,4,4,1,0,0,7,0,0,0,3,0,0,3,1,1,0,0,3,0,0,0,1,0,1,0,2,0,0,3,0,0,0,3,1,0,1,0,0,0,1,1,0,2,0,0,2,2,0,7,1,0,7,3,2,1,0,1,1,2,0,1,1,0,1,1,2,0,0,1,1,5,0,0,0,2,0,1,4,0,0,1,6,0,2,1,2,0,0,1,1,0,7,0,0,0,1,0,0,0,0,0,0,5,0,5,2,0,0,6,4,3,0,0,2,1,2,0,0,2,1,7,1,1,1,1,0,0,0,3,1,3,1,3,1,1,1,0,0,0,0,5,3,3,0,0,0,1,0,1,2,3,1,1,1,1,0,0,0,0,0,0,0,5,1,1,0,3,0,1,0,2,0,5,1,1
0,0,0,0,3,0,0,1,0,1,2,0,0,0,0,0,0,0,0,1,1,0,0,0,1,0,0,1,3,2,0,1,0,0,3,1,0,1,0,1,1,2,1,3,0,0,3,17,2,0,4,1,0,0,1,0,4,2,0,0,4,2,1,2,0,0,2,1,2,0,0,1,0,0,0,0,0,0,0,0,2,4,4,1,0,1,7,1,0,0,3,0,0,1,3,2,0,1,4,0,0,0,2,4,2,0,4,0,0,3,0,1,1,3,4,0,0,0,0,0,0,3,1,2,0,1,1,1,0,5,0,0,4,0,2,3,0,1,1,3,2,0,0,0,1,2,0,0,0,1,0,2,1,0,3,2,1,1,1,0,0,1,4,0,2,2,1,0,0,0,1,0,8,0,1,0,0,0,0,0,1,0,3,6,2,4,1,0,0,5,0,3,0,1,0,1,0,1,0,5,1,2,2,1,4,1,2,0,0,1,0,4,1,3,1,0,0,1,0,0,0,0,0,1,1,1,1,0,0,0,3,2,1,1,0,2,0,0,0,0,0,0,0,5,0,0,1,2,1,0,0,6,0,8,0,1
2,1,0,3,1,1,0,0,3,6,3,1,1,0,0,2,0,0,0,1,0,0,2,0,1,0,0,2,3,2,0,4,0,0,1,1,0,0,0,2,1,5,0,3,1,0,1,21,2,6,7,0,0,0,1,0,9,7,0,0,2,0,1,1,0,0,0,1,2,0,1,0,1,0,0,0,0,1,0,0,0,4,2,0,0,0,7,1,0,0,1,0,0,4,5,0,0,0,2,0,0,1,0,0,1,3,3,0,0,4,0,1,0,2,1,0,1,1,0,1,0,2,0,1,0,0,5,0,0,7,1,4,6,2,2,1,0,2,0,3,0,1,1,0,1,0,0,0,0,1,1,6,0,0,1,1,0,3,0,0,0,0,4,0,1,1,0,0,0,0,1,0,2,1,0,1,0,2,0,0,0,0,2,1,0,3,1,0,0,3,0,0,0,1,1,1,1,2,4,4,1,3,1,1,1,1,1,0,1,5,0,3,0,6,1,0,0,0,0,1,1,2,1,2,0,0,0,0,0,0,0,0,0,0,1,1,0,0,0,0,0,0,0,1,0,0,1,2,0,0,0,0,0,6,1,0
3,0,0,0,3,1,2,3,6,1,4,0,0,0,1,2,1,1,0,1,2,1,1,0,1,0,0,0,1,0,2,5,0,0,2,0,0,1,0,2,0,3,0,1,1,0,0,20,3,0,1,0,0,0,1,0,4,0,0,0,2,0,2,0,0,0,0,1,3,0,0,0,0,0,0,0,0,0,0,0,0,2,0,1,0,0,4,0,0,1,2,0,0,2,0,0,0,0,3,0,0,1,1,1,0,2,3,0,0,5,0,0,0,3,2,0,1,0,0,1,3,1,0,3,3,1,0,1,1,2,0,1,6,1,1,3,0,3,3,0,0,0,3,1,0,1,1,0,0,2,1,0,2,0,2,2,4,2,3,0,1,0,3,3,1,0,2,0,1,1,0,0,2,0,1,1,1,0,0,0,0,1,3,4,2,1,2,1,0,9,1,5,1,1,0,0,1,2,3,3,3,1,1,2,2,0,0,0,2,4,0,4,0,4,0,0,0,0,0,0,0,3,3,2,0,1,0,0,0,0,2,2,0,0,0,0,0,0,0,0,1,3,0,3,1,1,0,3,0,1,0,2,0,7,0,0
0,0,1,0,0,0,0,0,0,2,0,0,0,1,1,2,0,0,0,2,0,1,0,0,0,0,0,1,0,0,0,0,0,1,1,0,1,1,1,1,0,2,0,1,1,2,1,18,1,4,6,0,0,0,2,0,5,8,0,0,6,1,2,1,0,0,0,0,0,0,0,1,0,1,1,0,0,0,0,1,0,5,4,0,0,0,7,0,0,0,0,0,0,1,2,0,0,0,4,0,0,2,1,1,4,2,5,1,0,5,0,1,0,5,2,1,1,0,0,0,1,1,0,1,2,0,6,1,1,2,0,5,8,1,0,1,1,1,0,3,0,2,1,0,0,2,1,0,0,2,3,9,1,0,1,0,2,1,0,0,0,1,3,0,3,2,1,0,1,4,0,0,3,0,1,1,0,4,0,2,2,0,0,4,0,1,0,0,1,3,0,4,0,3,0,2,0,0,2,3,0,0,1,0,1,1,0,0,0,3,0,3,0,2,0,0,2,1,0,0,0,5,1,1,0,0,1,1,0,0,1,1,5,1,0,0,0,0,0,0,1,0,0,1,2,0,0,3,1,0,0,6,0,2,2,0
2,0,0,2,5,2,0,2,0,1,5,0,1,2,1,1,0,2,0,3,0,0,1,0,1,0,0,0,3,2,0,1,0,0,0,3,0,3,0,1,0,7,0,2,1,3,3,20,1,3,4,0,0,0,1,0,7,3,0,0,1,1,1,1,0,1,1,1,2,0,0,2,1,0,0,0,0,0,0,0,2,4,0,0,0,0,5,0,0,0,0,0,0,2,2,1,0,1,9,0,1,1,0,1,0,1,3,0,0,7,1,0,1,2,0,0,0,0,0,0,2,0,1,1,0,1,1,2,0,6,0,1,5,1,1,2,0,5,1,4,1,0,2,0,0,0,1,0,0,3,3,2,1,0,1,0,0,1,2,0,0,1,2,0,3,3,0,0,1,2,1,0,6,0,0,1,1,4,0,0,0,2,2,2,2,0,0,0,0,8,1,6,0,0,1,0,0,0,2,2,2,3,2,2,1,2,1,0,0,1,1,1,0,2,0,1,2,0,1,0,0,1,1,1,0,0,0,0,0,0,0,0,1,0,0,0,0,0,0,0,1,0,0,0,0,0,1,1,0,1,0,5,0,2,0,0
1,1,0,2,0,0,1,1,1,1,2,0,0,1,1,2,0,0,0,0,0,1,0,0,1,0,0,0,2,0,0,1,0,1,1,1,1,1,0,0,0,3,0,1,1,4,2,22,1,1,7,0,0,0,1,0,2,3,0,0,4,1,0,0,0,0,2,0,2,0,0,1,1,0,1,0,0,2,1,0,0,5,2,0,0,0,4,1,0,0,0,0,0,3,1,0,0,1,1,0,0,0,0,2,1,3,3,0,0,4,1,2,0,1,1,0,0,0,0,0,0,0,0,0,0,0,2,1,0,8,0,1,6,2,2,2,0,2,3,2,0,1,2,0,0,0,3,0,0,2,1,6,0,0,1,2,0,1,3,0,0,0,8,0,5,1,2,0,0,4,0,0,7,0,0,1,0,3,1,0,0,0,1,8,0,5,1,0,1,2,2,2,1,4,0,1,1,0,4,3,3,1,5,1,6,1,0,0,1,0,0,1,0,4,0,0,3,0,0,1,0,2,1,3,0,1,1,1,1,0,3,0,0,0,0,1,0,0,0,0,0,0,0,0,2,0,2,0,0,0,0,3,0,4,0,0
1,0,1,0,1,0,2,1,2,5,2,0,0,3,3,4,0,0,0,0,1,0,0,0,1,0,0,1,3,0,0,0,0,1,1,1,2,1,0,1,1,7,0,2,0,4,4,22,2,2,6,0,0,0,0,1,8,7,0,0,4,1,0,0,0,0,0,0,0,0,0,0,0,0,0,0,1,1,0,0,0,2,1,0,0,0,3,0,0,0,0,0,0,2,1,1,0,0,4,0,0,1,0,1,0,1,5,3,0,5,0,3,0,1,1,0,1,1,0,0,1,2,1,0,0,1,2,1,0,7,1,2,2,0,0,2,0,2,0,3,0,0,2,1,0,1,1,0,0,3,1,0,1,0,5,0,1,2,0,0,1,0,6,0,2,1,4,0,5,1,0,0,8,0,1,1,1,2,0,0,0,0,2,6,2,4,1,0,1,5,0,6,0,1,1,0,1,0,3,0,4,1,3,1,3,3,0,0,0,0,0,2,0,3,0,0,3,0,0,0,0,1,2,0,0,0,0,0,0,0,2,0,1,1,0,1,0,0,0,0,0,0,0,0,0,0,0,1,0,0,0,2,0,3,0,0
2,0,0,0,1,0,0,1,1,0,2,0,1,1,0,2,0,1,0,0,0,0,0,0,0,0,0,0,1,0,0,1,0,1,0,2,0,0,1,0,0,3,0,0,1,1,1,28,1,0,4,0,0,0,2,0,10,2,0,0,0,0,0,0,0,0,0,1,1,1,0,0,0,2,0,0,0,2,0,0,2,3,1,0,0,0,2,3,0,0,1,0,0,3,2,1,0,0,3,0,0,0,0,1,2,4,3,2,0,8,1,2,2,8,1,0,0,0,0,1,4,1,2,0,0,0,1,0,0,9,0,0,5,1,0,0,0,4,0,4,2,0,2,1,0,2,0,0,0,3,0,3,0,0,3,1,1,0,0,0,0,0,9,0,2,1,0,0,3,1,0,0,9,0,0,0,1,3,0,0,1,1,1,1,1,2,0,0,1,3,0,2,0,0,3,1,1,1,2,1,0,3,3,1,1,4,2,0,1,0,0,2,1,7,1,2,1,1,1,0,0,1,2,2,0,0,0,0,0,1,1,1,0,0,1,4,1,0,0,0,0,1,0,1,1,0,1,3,0,0,0,3,0,6,1,0
1,0,0,0,0,0,0,1,1,2,0,0,0,0,0,2,0,0,0,2,0,0,0,0,1,0,0,0,2,0,0,0,0,1,0,1,0,0,0,2,1,5,0,0,2,2,2,28,1,1,4,1,0,0,1,0,9,2,0,0,3,0,1,0,1,0,1,0,1,0,0,0,1,1,0,0,0,0,1,0,0,6,1,0,0,1,2,1,0,0,0,0,0,2,0,1,0,0,2,0,0,2,0,0,3,2,2,0,0,8,0,2,2,6,1,0,1,0,0,0,0,0,1,0,0,1,1,2,0,11,0,0,5,4,3,4,0,4,0,0,1,1,0,1,2,2,1,0,0,6,1,2,0,0,0,3,2,0,0,0,1,1,3,0,6,0,1,0,2,1,1,0,8,1,1,1,0,2,0,0,0,1,0,4,1,2,1,0,0,4,0,3,0,0,2,2,0,0,0,2,2,0,1,1,3,1,1,0,1,1,0,2,0,3,0,2,0,1,0,3,0,0,1,2,1,0,0,2,0,0,4,1,0,0,1,3,0,0,0,0,0,0,0,3,0,1,3,2,0,1,0,5,1,4,0,0
0,0,0,0,0,0,0,2,2,2,1,0,0,0,0,3,0,1,0,1,2,0,1,0,0,0,0,0,2,0,0,3,0,0,1,2,0,1,0,0,0,6,0,0,1,2,0,27,0,1,7,0,0,0,1,0,9,2,0,0,3,1,1,0,0,0,1,1,1,0,0,0,0,1,0,0,0,0,0,1,0,5,2,1,0,0,3,0,0,1,0,0,0,0,0,1,0,0,2,0,0,1,0,0,1,3,3,0,0,10,1,2,0,7,0,0,1,0,0,2,1,1,3,0,2,1,3,0,0,8,1,0,4,1,2,0,0,2,0,0,0,1,0,4,0,1,1,0,0,3,3,0,2,0,2,0,1,1,0,0,0,0,3,0,2,1,0,0,1,0,0,0,7,0,0,1,0,1,0,0,0,2,2,4,0,2,0,1,0,5,3,2,0,0,1,2,0,1,3,4,0,3,5,2,2,2,0,0,0,1,0,1,0,6,0,0,2,1,0,1,0,1,3,3,2,0,0,1,0,0,4,1,1,2,0,1,0,0,0,0,0,1,0,4,0,0,0,2,0,1,0,6,1,4,0,0
0,0,0,0,0,0,0,0,1,0,2,1,0,2,1,0,1,0,0,0,1,0,0,0,1,0,0,0,3,2,0,0,0,1,0,4,0,1,0,0,1,5,0,1,1,2,0,28,1,0,4,0,0,0,0,0,7,3,0,0,1,0,1,0,0,0,1,0,0,0,0,0,0,0,0,0,0,1,1,1,0,0,1,1,0,0,3,0,0,0,0,0,0,3,1,1,1,1,4,0,0,2,2,0,1,2,3,0,0,9,0,3,0,6,3,0,0,0,0,0,2,0,3,1,0,1,0,0,0,6,1,2,3,2,1,1,0,4,1,4,0,0,0,3,0,1,2,0,0,2,5,1,1,0,0,1,1,1,2,0,0,1,9,0,2,0,1,1,0,2,0,0,4,0,1,2,1,2,0,1,0,0,3,3,0,1,0,0,0,7,1,3,0,0,0,1,2,0,1,2,2,3,4,1,4,6,1,0,0,3,0,2,1,6,0,1,0,0,0,1,0,4,1,8,0,0,0,0,0,0,2,1,1,0,0,0,0,0,0,0,0,0,0,2,0,0,1,5,0,0,0,3,0,3,0,0
0,0,0,0,1,0,0,1,4,1,3,0,1,1,0,3,0,1,0,0,0,1,0,0,0,0,0,0,2,0,2,3,0,0,1,0,0,1,0,1,0,4,0,1,0,1,1,19,0,1,5,2,0,0,1,0,4,2,0,0,2,0,1,0,0,0,2,1,2,1,0,2,0,2,0,0,0,0,1,1,0,4,3,1,0,1,3,0,0,0,1,0,0,6,1,0,2,2,2,0,0,0,0,0,0,5,4,0,0,6,0,1,1,6,0,0,0,0,0,1,0,1,2,1,1,0,1,0,0,9,0,0,4,2,1,1,1,2,0,2,0,1,1,1,0,0,2,0,0,4,0,2,1,0,1,1,0,1,1,0,1,0,6,1,3,1,1,0,0,1,0,0,2,0,0,1,0,1,0,0,1,1,5,3,1,2,0,0,0,6,3,1,0,0,2,0,1,2,4,3,2,3,4,2,1,0,1,0,2,4,0,1,1,6,0,3,2,1,0,1,0,1,1,2,0,1,0,0,0,1,2,0,0,0,1,0,1,0,0,0,1,0,0,0,1,0,1,7,0,0,0,4,0,7,0,1
3,0,1,0,2,0,0,1,3,2,3,1,1,0,0,3,1,0,0,2,1,0,0,0,1,0,0,0,4,1,0,3,0,0,0,1,0,1,0,0,0,3,0,1,2,1,1,17,0,1,4,1,0,0,0,0,6,2,0,0,0,0,3,0,0,0,1,0,1,0,0,1,1,0,0,0,0,0,1,0,0,1,3,0,0,0,6,1,0,0,1,0,0,2,0,0,3,1,2,0,1,0,0,1,1,2,1,0,1,9,0,2,1,4,2,0,0,0,1,0,1,0,2,2,1,0,0,0,1,8,0,2,5,5,2,3,1,4,2,2,1,1,2,0,0,0,2,0,0,2,1,3,1,0,2,0,1,0,1,0,2,1,4,0,1,2,1,0,3,2,0,0,4,0,1,1,0,0,0,0,0,0,1,4,2,3,1,2,0,3,2,0,0,1,1,1,0,0,2,3,2,1,4,0,6,1,1,0,1,4,0,2,0,1,0,0,3,1,0,0,0,2,1,4,0,0,0,1,0,0,1,2,1,1,0,1,1,0,0,0,0,0,0,2,2,0,1,4,0,0,0,1,0,8,1,1
3,0,0,0,6,0,0,3,2,2,2,2,0,2,1,0,0,0,0,0,1,0,1,0,0,0,0,1,4,0,0,1,0,0,1,0,1,1,0,3,1,1,0,1,1,1,0,20,1,1,5,1,0,0,0,0,1,1,0,0,2,0,2,0,0,0,0,1,0,1,0,0,0,1,0,0,1,0,0,0,0,3,1,0,1,0,5,3,0,0,0,0,0,3,1,3,1,1,5,0,0,2,1,1,1,3,3,0,0,7,0,0,0,4,0,0,1,1,0,2,0,2,1,0,1,0,2,1,1,7,0,1,5,2,3,3,1,4,2,3,1,1,1,0,1,1,0,0,0,1,1,1,1,0,2,2,3,1,0,0,1,0,4,1,1,1,3,0,2,2,0,0,6,1,0,2,1,0,0,0,0,2,0,0,2,3,1,0,1,2,1,4,0,1,0,0,0,0,2,2,1,2,4,2,2,3,1,0,0,2,3,1,0,3,0,0,3,0,0,1,0,4,2,5,0,2,0,1,0,0,0,1,1,1,0,0,0,1,0,0,0,1,1,1,0,0,0,4,0,0,0,3,1,3,1,0
2,0,1,1,1,0,1,1,1,3,1,0,0,1,2,1,0,0,0,1,1,0,2,0,1,0,0,0,1,0,0,0,0,0,2,1,0,2,0,2,0,3,0,1,1,3,1,15,0,1,2,0,0,0,0,0,5,2,0,0,0,1,1,0,0,0,2,0,2,0,1,1,0,0,0,0,0,0,1,0,0,1,3,0,1,0,8,0,0,0,2,0,0,3,3,0,1,2,2,0,0,0,1,3,1,0,1,0,0,7,0,2,0,2,1,0,2,0,0,0,2,2,1,1,2,0,0,1,1,5,1,0,7,2,2,1,0,0,0,4,0,1,1,2,1,1,1,0,0,5,1,5,1,0,4,2,1,1,3,0,1,0,4,0,3,1,1,0,1,1,1,0,7,0,0,0,4,1,0,1,1,1,4,6,2,4,2,0,1,6,0,2,1,1,1,1,0,0,1,3,1,3,1,0,3,2,1,0,0,1,0,3,0,2,0,0,1,0,0,0,0,1,2,3,1,1,0,1,0,0,1,2,2,0,0,0,0,2,0,0,0,0,0,0,4,0,1,3,1,0,1,3,1,5,0,0
3,0,0,0,0,0,0,1,2,0,1,0,0,1,0,1,0,1,0,0,1,1,0,0,0,1,0,0,0,1,0,4,0,0,0,0,0,1,1,1,0,3,0,2,0,3,1,15,1,2,3,0,0,0,1,0,7,2,0,0,2,1,0,0,0,0,1,1,4,0,0,2,1,0,1,0,0,0,1,0,0,7,5,1,1,1,4,1,0,0,1,0,0,5,1,0,0,0,3,0,0,1,1,2,1,0,4,1,0,5,0,2,1,4,0,1,0,0,0,2,2,3,1,1,1,1,1,0,1,7,2,3,6,0,1,1,0,1,0,5,0,0,2,0,0,0,2,1,0,3,3,4,2,0,3,2,0,2,1,0,0,0,7,1,3,1,1,0,2,1,0,0,4,0,0,0,2,1,0,1,1,2,1,0,0,2,2,0,0,3,1,3,1,1,0,0,1,2,2,0,0,2,4,2,2,6,1,0,1,2,0,3,1,1,0,0,1,0,1,0,0,1,1,4,0,1,1,0,0,1,2,1,0,0,0,0,0,1,0,0,0,1,0,3,0,0,1,1,0,1,1,4,0,6,0,0
4,0,0,0,2,0,0,1,1,0,5,1,1,0,1,2,0,1,0,0,0,0,1,0,0,0,0,1,3,0,0,2,0,1,2,1,0,0,0,2,1,4,0,1,1,2,0,16,1,1,3,0,0,0,1,0,6,1,0,0,3,1,0,1,0,0,1,1,0,1,0,0,0,0,0,0,0,1,0,1,1,1,4,0,0,0,0,2,0,0,0,0,0,2,1,0,0,1,3,0,0,1,0,1,1,1,3,0,0,5,0,1,1,3,1,0,1,1,0,1,2,1,1,0,2,0,1,0,0,4,2,1,4,1,0,2,0,3,1,2,1,0,3,0,1,0,2,0,0,1,2,2,1,0,3,2,1,0,2,0,1,0,8,5,4,0,0,0,1,1,1,0,7,0,2,2,1,2,0,1,1,0,1,3,0,3,6,0,1,8,3,4,1,0,1,0,1,1,2,1,2,5,0,2,3,2,1,0,1,0,0,5,0,2,0,0,1,0,0,0,0,1,1,4,0,1,0,1,0,2,1,0,0,1,0,0,0,0,1,0,0,0,0,2,1,0,1,1,0,2,2,4,1,8,0,0
1,0,0,0,1,0,0,1,0,1,2,1,0,0,0,1,1,0,0,0,0,0,1,0,0,0,0,0,1,0,0,3,0,0,0,0,0,0,0,1,0,6,0,2,0,4,1,21,2,2,3,0,0,0,0,0,7,2,0,0,3,1,2,1,0,0,0,1,2,0,0,0,0,0,1,0,0,0,0,1,0,3,1,0,0,1,4,1,0,0,1,0,0,1,0,0,0,0,1,0,1,0,0,1,0,1,6,0,0,7,0,3,1,4,0,0,2,1,2,2,3,1,1,0,1,0,1,1,1,5,2,2,5,2,1,0,0,2,0,2,2,0,3,1,1,0,1,0,0,1,3,2,1,0,4,1,0,2,2,0,1,1,9,1,2,0,2,1,1,1,0,0,7,1,1,1,1,1,1,0,1,0,2,5,2,2,3,0,0,4,2,2,0,0,0,0,1,1,1,1,2,3,4,1,4,3,2,0,1,2,0,1,0,3,0,0,1,1,0,0,0,1,2,4,2,1,1,2,1,0,1,0,1,0,1,0,0,1,1,0,0,0,0,1,3,1,0,1,0,0,0,4,0,4,1,0
5,0,0,0,3,0,0,4,0,1,3,0,2,0,0,2,0,2,0,0,1,0,1,0,1,0,0,0,4,1,0,1,0,0,0,0,0,0,0,0,0,3,0,1,0,5,2,21,2,1,3,0,0,0,2,0,10,2,0,0,2,0,3,0,0,0,2,1,1,0,0,0,0,0,1,0,0,1,2,0,0,0,2,0,0,0,4,0,0,0,2,0,1,1,0,0,0,0,6,0,0,1,0,1,1,0,1,0,0,6,0,1,1,3,0,0,2,1,1,1,0,1,2,0,0,2,2,0,0,6,2,1,6,1,2,2,0,2,1,1,0,0,5,2,0,0,3,0,0,3,2,3,1,0,6,3,1,2,1,0,0,0,4,1,4,1,1,0,0,0,2,0,8,0,0,1,1,0,0,1,1,0,1,3,3,5,2,0,0,10,0,3,0,0,0,0,0,2,0,2,1,2,2,2,6,1,1,0,2,0,0,2,0,4,0,0,1,1,1,1,0,3,1,2,0,1,1,0,0,0,1,0,0,0,0,0,0,0,0,0,0,0,0,0,1,0,0,0,0,0,0,5,0,3,0,0
2,0,2,1,3,0,0,2,0,2,1,0,1,0,1,0,0,0,0,3,0,0,0,0,0,0,0,1,1,0,0,1,0,0,0,1,0,0,1,2,0,3,1,3,0,1,1,25,1,1,3,0,0,0,2,0,6,4,0,1,0,0,3,0,0,0,2,0,0,0,1,0,0,0,1,0,0,1,1,0,0,9,3,0,0,1,7,1,0,0,1,0,0,2,0,1,0,0,4,0,0,2,0,2,0,1,3,0,1,5,1,0,1,3,0,0,0,0,1,0,0,2,1,1,1,0,1,1,0,2,0,1,8,2,0,0,0,1,1,1,0,1,2,2,0,0,1,1,0,5,3,1,0,0,4,1,0,1,3,0,0,0,9,1,4,0,2,0,1,1,0,0,5,0,0,0,1,0,0,0,0,0,0,2,1,1,1,0,0,7,0,2,0,1,0,1,0,0,0,2,3,4,2,0,4,3,0,0,1,2,1,3,1,4,0,0,1,1,0,2,0,3,2,3,2,0,0,3,0,0,2,1,2,0,0,1,0,0,1,0,0,0,0,2,1,0,1,1,0,0,0,5,1,8,0,0
3,0,0,0,2,0,0,2,1,2,4,1,0,2,0,1,0,2,0,1,0,0,0,0,0,0,0,0,4,1,0,0,0,0,0,1,0,2,0,3,0,2,1,0,1,2,0,26,0,0,3,0,0,0,0,0,4,3,0,0,2,0,4,0,0,0,0,2,2,0,0,0,1,0,0,0,0,1,1,0,0,3,3,0,0,0,6,1,0,0,0,0,0,2,0,1,0,0,4,0,1,1,1,0,2,1,6,0,0,2,0,0,0,3,3,1,1,0,0,0,0,1,0,0,0,1,0,2,0,4,2,0,3,0,1,1,0,2,2,3,0,1,3,0,0,1,2,0,0,2,0,2,0,0,2,1,2,1,2,0,0,1,8,1,4,1,1,0,3,2,0,0,4,0,0,1,0,1,0,0,0,0,3,4,2,1,2,0,1,7,0,2,0,0,1,1,0,1,1,1,1,3,5,1,2,2,2,0,0,6,0,5,0,6,0,0,3,0,0,1,0,3,1,3,0,0,1,2,0,0,0,2,2,0,0,0,0,1,0,0,1,0,0,1,0,0,2,5,0,1,0,3,0,6,1,0
3,0,1,0,2,0,0,2,2,0,1,1,1,0,0,2,0,2,0,2,0,0,0,0,0,0,0,0,2,1,0,3,0,0,1,1,0,1,1,2,0,2,0,3,0,2,0,23,1,1,4,0,0,0,1,0,9,3,0,0,2,0,2,1,0,0,2,0,0,0,0,1,0,0,0,0,0,0,2,0,0,3,2,0,1,0,5,1,0,0,1,0,0,6,0,2,0,0,1,0,0,0,0,0,0,0,3,1,0,4,0,0,1,2,3,0,2,0,0,0,0,2,0,0,0,1,1,1,1,8,2,1,5,1,2,0,0,0,1,0,1,1,4,0,0,1,3,1,0,2,7,2,0,0,1,0,0,0,1,0,1,1,5,1,0,0,2,1,4,2,1,0,7,1,0,1,1,0,0,2,1,1,1,2,1,1,1,1,0,5,1,5,0,0,0,2,2,0,3,3,0,2,3,3,4,3,0,0,0,2,0,4,0,5,0,2,0,2,0,0,0,2,0,1,0,0,1,0,0,0,2,1,2,0,0,0,2,0,0,0,0,0,0,1,2,0,1,2,0,0,0,6,0,5,0,0
2,0,0,0,2,0,0,0,1,5,4,0,0,1,0,1,0,0,0,1,0,0,0,0,0,0,0,0,2,2,0,4,0,0,1,3,0,1,0,0,2,4,1,1,0,3,0,22,1,2,4,0,0,0,0,0,9,2,1,0,2,0,0,0,1,0,1,0,1,0,0,0,0,0,0,0,0,1,2,2,1,5,1,1,0,0,2,1,0,0,0,0,0,3,1,1,0,0,5,0,0,0,1,3,1,0,4,0,0,4,0,1,2,5,0,0,1,1,0,1,1,0,1,0,0,1,3,1,0,6,4,1,2,0,0,1,0,0,0,2,2,0,4,0,0,0,2,0,0,1,1,1,0,0,2,0,1,0,4,0,0,0,4,2,4,2,5,0,3,1,0,0,6,0,0,1,0,2,0,0,0,0,1,1,1,2,1,0,0,8,0,7,0,0,0,0,1,0,2,0,1,0,1,0,1,2,1,0,1,2,0,4,0,3,0,0,1,1,0,1,0,1,0,3,0,0,1,3,0,1,4,0,2,3,0,0,0,0,1,0,1,0,0,5,1,0,1,2,0,2,0,6,0,8,0,0
2,0,1,0,1,0,0,1,3,2,2,0,0,0,0,1,0,0,0,2,1,1,1,0,0,0,0,0,1,1,1,1,0,0,1,2,0,0,0,1,0,5,0,1,0,3,0,17,0,2,6,1,0,0,0,0,4,3,0,0,1,0,1,0,0,0,0,0,1,0,0,0,0,0,0,0,0,0,0,1,0,4,4,1,1,2,7,0,0,1,0,0,0,3,0,0,0,1,5,0,1,2,1,1,3,0,0,0,0,3,0,1,0,3,0,0,1,0,0,0,1,3,2,0,1,0,1,1,0,9,1,1,7,1,0,2,0,0,2,2,2,0,4,2,0,1,1,1,0,2,3,1,2,0,1,2,0,1,2,0,0,1,3,2,3,1,3,1,1,0,0,0,4,0,0,0,0,2,0,0,0,0,3,6,2,0,4,0,0,9,1,3,0,1,0,0,0,2,2,3,0,2,3,2,1,4,1,0,3,2,0,2,0,6,0,0,3,1,0,1,0,2,1,1,0,0,0,2,2,0,1,1,0,0,0,2,0,0,0,0,0,0,0,2,0,1,2,1,0,1,0,4,0,8,0,1
2,0,0,0,2,0,1,3,2,2,5,0,0,0,0,2,1,2,0,0,0,1,0,0,0,0,0,0,4,1,1,4,0,1,0,0,1,0,1,2,0,2,0,1,1,1,2,18,2,0,6,1,0,0,2,0,3,5,1,0,5,0,0,0,0,0,1,1,0,0,1,0,0,0,0,0,0,1,1,0,1,4,1,1,1,1,6,2,0,0,0,0,0,0,0,0,1,0,4,0,0,0,0,0,1,3,4,0,0,4,0,0,0,3,3,0,0,2,0,0,1,4,0,0,0,0,2,3,0,9,2,2,6,1,1,2,1,2,2,4,1,0,4,0,1,2,0,0,0,2,5,5,0,0,1,1,0,1,1,0,0,1,3,0,6,1,1,0,1,0,0,0,4,0,0,0,0,1,0,0,0,0,3,8,2,2,1,0,0,4,1,4,0,1,0,0,1,1,0,1,1,0,2,1,4,3,5,0,1,1,1,2,0,3,0,0,0,1,0,0,0,2,0,1,0,1,0,0,0,0,2,2,1,0,0,0,0,0,0,0,0,0,0,1,0,0,2,1,1,1,0,2,0,5,0,1
2,0,0,0,3,0,0,0,7,2,5,0,1,1,1,2,0,1,0,1,1,2,1,0,0,0,0,1,4,1,1,7,0,0,2,0,0,1,1,2,0,2,1,4,1,2,1,15,0,1,5,0,0,0,0,0,3,7,0,0,4,0,1,1,0,0,0,1,3,0,0,0,2,1,0,0,0,0,1,1,0,6,3,1,0,1,3,1,0,0,0,0,0,6,1,0,0,0,4,0,0,0,2,1,0,0,0,0,0,4,0,0,0,3,2,0,0,1,0,1,1,1,0,0,1,1,2,0,0,5,1,2,5,1,0,1,0,1,3,2,2,0,1,0,0,0,0,1,0,1,3,3,0,0,4,1,1,2,0,0,0,0,4,1,4,1,1,0,1,1,0,0,10,0,1,0,0,0,0,0,0,0,7,2,0,2,1,0,0,6,1,3,0,0,0,0,2,0,1,0,1,2,3,0,2,1,0,0,1,5,1,1,0,3,0,0,1,0,0,2,0,0,0,2,0,0,1,1,0,0,3,1,0,0,0,2,1,0,0,0,1,0,0,0,1,1,0,2,0,2,0,2,0,10,1,0
3,0,0,1,4,0,0,1,2,1,3,0,1,1,2,1,2,0,0,1,0,0,0,0,1,0,0,0,2,0,0,5,0,1,0,0,0,0,0,2,0,2,0,3,2,0,3,19,1,3,5,1,0,0,0,0,3,3,1,0,0,1,0,0,0,0,0,0,3,0,1,1,1,1,0,0,0,1,1,0,0,4,4,0,0,1,3,3,0,0,0,0,0,1,3,0,0,0,2,0,1,1,0,0,0,1,3,0,0,5,0,0,0,4,1,0,3,1,0,1,0,1,0,1,0,0,4,0,0,5,1,0,4,0,0,2,0,3,2,2,2,2,4,0,1,1,2,1,0,2,0,2,0,0,3,0,1,1,2,0,0,0,5,1,6,1,1,1,2,0,1,0,9,0,0,0,0,1,1,3,0,0,2,6,0,4,0,0,0,3,2,3,0,2,0,0,1,1,1,1,2,4,1,1,2,2,1,0,1,4,0,4,0,3,0,0,0,1,0,0,0,3,2,3,1,1,0,1,0,0,2,0,0,0,0,0,0,0,0,0,0,0,0,3,0,0,1,2,0,2,0,4,0,6,0,0
4,0,1,0,3,0,0,2,1,4,6,0,0,0,2,1,0,0,0,0,0,0,0,1,1,0,0,1,1,0,0,4,0,1,0,1,0,1,0,0,0,4,0,2,0,2,3,21,1,2,7,1,0,0,2,0,4,6,0,0,3,0,0,0,0,0,1,1,1,0,1,0,0,1,0,0,0,1,1,0,0,5,3,0,0,1,4,0,0,0,0,0,0,1,1,0,0,0,2,0,0,0,1,0,2,1,2,0,0,2,0,1,0,1,0,0,2,1,0,0,1,2,2,0,1,0,2,1,1,4,1,3,5,2,1,3,1,1,0,2,2,0,5,2,0,2,0,0,0,0,2,2,2,0,5,3,0,2,4,0,0,0,3,1,2,2,0,0,2,2,0,0,7,0,0,0,0,1,0,0,0,0,1,0,3,3,0,0,0,7,1,3,1,1,0,2,0,1,1,1,1,4,2,1,2,1,1,0,1,8,0,4,0,4,0,0,1,0,0,2,0,3,2,2,0,1,0,1,0,0,3,1,0,0,1,0,0,0,0,0,0,0,0,1,0,0,1,1,0,0,0,1,0,5,2,0
5,0,1,1,3,0,0,2,2,2,5,0,1,0,1,2,0,1,0,0,0,0,0,0,1,0,0,2,3,1,0,3,0,0,0,0,0,2,0,2,0,3,1,1,1,1,2,20,2,2,6,1,0,0,1,0,5,3,0,0,2,0,1,0,0,0,1,0,0,1,0,0,1,1,0,0,0,0,0,0,0,5,0,0,1,0,3,3,0,0,1,0,0,1,2,0,0,0,3,0,1,1,0,1,1,3,6,0,0,5,0,1,1,0,2,0,0,2,0,2,3,2,0,0,0,0,1,2,0,7,1,0,2,1,1,1,1,4,0,3,1,0,4,1,0,1,0,0,0,2,1,2,1,0,3,2,0,1,3,0,0,0,9,2,1,1,4,0,1,0,0,0,7,0,1,1,1,2,0,0,1,1,0,2,1,0,0,0,0,3,3,3,0,0,1,2,0,0,2,1,2,5,2,1,2,2,3,0,0,2,0,3,0,5,0,0,1,0,0,0,0,4,1,2,0,0,0,1,0,1,2,0,0,0,1,1,0,0,1,0,0,0,0,2,1,0,1,1,0,1,0,1,0,5,0,0
0,0,0,0,0,0,0,0,0,4,3,0,0,1,3,1,1,0,0,0,0,0,0,0,0,0,0,0,3,1,0,1,0,0,0,1,0,0,0,2,1,8,0,2,1,0,1,22,1,2,4,0,0,0,1,0,8,5,0,0,1,1,1,0,0,0,0,0,2,0,0,0,1,0,1,0,1,1,1,0,0,4,1,0,1,0,4,0,0,0,0,0,0,2,1,0,0,0,3,0,0,2,0,0,1,2,2,0,0,6,0,0,1,2,2,1,1,1,0,0,2,1,0,0,0,1,3,0,0,5,1,1,7,0,0,1,1,2,1,3,0,1,3,2,2,1,4,0,0,3,1,3,1,0,0,2,0,0,2,0,0,0,10,0,5,2,2,0,3,1,0,0,3,0,1,0,1,0,0,0,1,0,2,3,0,1,1,0,1,6,0,6,0,1,0,2,0,2,1,2,0,2,8,0,2,2,2,0,3,1,1,2,0,4,2,1,2,1,0,1,0,3,3,2,1,0,0,0,1,1,2,1,2,0,0,0,0,0,0,1,0,0,0,2,2,0,0,1,0,1,0,3,0,1,0,0
2,0,0,2,3,0,0,1,1,2,3,0,0,0,1,1,1,1,0,0,1,0,1,0,0,0,0,1,2,2,0,2,0,0,1,1,0,2,0,3,0,6,0,1,2,1,3,24,2,2,2,0,0,0,0,0,3,3,2,0,3,0,1,1,0,0,0,0,2,0,0,0,0,1,0,0,0,0,0,0,0,5,0,0,0,0,5,0,0,0,0,0,0,2,0,0,0,0,5,0,0,0,0,1,0,2,3,0,0,6,0,0,1,3,0,0,2,2,0,0,1,0,0,0,0,3,1,1,0,6,1,2,7,1,2,1,0,4,2,1,2,0,3,1,2,0,3,1,0,3,2,2,1,0,1,0,0,1,6,0,2,0,8,0,3,0,5,0,3,1,0,0,6,0,0,0,1,0,0,1,0,0,2,1,2,4,2,0,0,7,0,2,0,0,0,0,0,0,1,3,3,5,4,0,1,3,1,0,0,2,0,0,0,2,0,0,0,0,0,1,0,3,3,3,0,0,0,1,1,0,2,1,1,0,2,0,0,0,0,0,0,0,0,2,0,1,0,2,0,1,0,0,0,6,0,0
2,0,0,0,1,0,1,1,2,1,3,0,2,0,1,1,0,0,0,1,0,0,0,0,0,0,0,1,1,0,0,4,0,1,1,1,2,0,1,4,0,7,0,1,0,1,1,23,2,2,6,0,0,0,0,0,6,2,1,0,2,1,1,0,1,0,1,0,1,0,0,0,1,1,0,0,0,1,0,0,0,6,2,1,0,0,1,2,0,0,0,0,0,4,4,0,1,0,1,0,0,0,0,0,0,1,3,0,0,7,0,1,1,5,0,0,1,1,0,0,0,1,0,0,1,0,2,0,0,5,2,1,5,1,2,2,1,2,1,2,0,0,3,2,0,0,4,0,0,3,2,1,1,0,5,0,1,1,1,0,1,0,5,0,3,1,1,0,2,2,0,0,4,0,0,1,2,1,0,1,2,0,4,4,0,3,0,0,1,2,0,3,0,1,0,0,0,1,0,2,1,4,0,2,4,0,1,0,1,1,0,2,0,3,0,0,2,0,0,1,0,2,2,1,0,1,0,2,0,0,1,0,1,1,1,0,0,0,1,1,1,1,0,4,4,1,0,2,0,0,0,3,0,9,0,0
5,0,1,0,1,0,1,1,1,0,2,0,1,1,2,2,0,1,0,0,1,0,1,0,1,0,0,1,2,0,0,4,0,1,0,1,0,1,0,2,0,3,0,1,0,1,1,24,5,1,4,0,0,0,0,0,6,4,0,0,1,1,2,0,0,0,3,0,0,0,0,0,0,1,0,0,0,1,0,0,0,7,3,1,0,1,0,1,0,0,2,0,0,1,1,0,0,1,2,0,0,0,0,1,0,2,4,0,2,7,0,0,0,4,0,0,0,1,0,1,1,2,1,2,0,0,0,0,0,4,1,0,3,0,0,2,0,1,1,0,0,0,4,0,0,0,3,1,0,3,0,1,0,0,1,2,0,2,1,0,0,0,6,0,5,1,1,0,2,1,0,0,5,0,0,0,1,1,0,0,0,0,4,5,0,2,1,0,1,3,1,5,0,0,1,0,0,0,2,2,2,4,4,0,1,3,1,0,2,1,0,2,0,7,0,0,2,0,2,1,0,4,4,4,0,0,1,2,0,0,1,1,1,1,1,2,1,0,0,0,0,0,0,4,1,0,1,4,0,0,0,3,0,6,0,1
0,0,2,0,3,0,1,2,0,2,2,1,0,2,0,0,2,0,0,2,3,0,2,0,2,0,0,0,4,2,0,2,0,1,0,0,0,1,1,2,0,5,2,3,2,1,4,22,3,2,5,0,0,1,1,0,5,5,0,0,1,0,1,0,0,1,2,0,0,0,0,0,1,0,1,0,0,3,0,0,1,1,2,0,0,0,5,0,0,0,0,0,0,1,1,1,0,0,3,0,1,0,0,1,0,1,3,0,1,7,0,1,1,3,1,0,1,0,0,1,4,1,0,3,0,3,3,0,0,4,1,0,1,0,1,2,0,3,2,0,0,0,2,0,0,0,0,0,0,1,0,1,0,0,1,0,0,0,2,0,0,1,6,1,3,0,2,0,1,0,0,0,2,0,0,2,1,1,0,2,1,0,4,4,1,1,0,0,1,4,1,3,0,2,1,0,0,0,0,4,1,2,4,0,3,5,1,0,1,0,0,2,2,9,0,2,1,0,0,0,0,3,1,2,1,0,0,1,0,0,3,1,0,1,0,1,0,0,0,0,0,0,1,3,1,0,3,4,0,0,0,3,0,2,1,0
1,0,0,3,0,0,0,0,0,1,1,0,1,1,0,1,0,2,0,1,0,0,0,0,1,0,0,2,3,1,2,2,0,2,0,1,0,1,0,0,0,5,1,4,1,3,1,21,5,2,1,0,0,0,0,0,3,6,0,0,1,0,1,0,0,0,2,0,3,0,0,0,0,0,0,0,0,2,0,0,1,4,3,0,0,1,3,0,0,0,1,0,0,1,1,0,1,1,4,0,1,0,0,0,1,2,3,0,0,7,0,1,1,6,3,0,0,0,0,0,4,0,0,2,1,0,3,0,0,8,2,1,4,1,2,2,0,2,0,2,0,0,2,2,0,0,0,1,0,2,3,1,1,0,3,4,0,2,3,0,1,0,4,1,2,0,0,0,2,0,0,0,6,0,0,0,1,2,0,1,0,0,1,2,1,3,0,0,0,6,0,2,0,0,1,0,0,2,0,3,0,5,2,0,1,4,2,0,4,3,0,2,2,6,0,1,0,1,0,0,0,3,0,5,0,0,1,1,0,0,2,0,1,0,1,1,0,2,0,1,0,2,0,1,0,0,0,2,1,0,0,4,0,1,0,0
0,0,0,0,0,0,0,0,1,1,3,1,1,1,0,0,0,0,0,1,1,0,0,0,0,0,0,1,6,1,0,2,0,0,0,1,0,1,0,1,3,6,0,1,1,3,0,23,3,2,2,0,0,0,1,0,2,3,0,0,1,0,2,0,0,0,1,2,1,0,1,0,0,1,1,0,0,2,1,1,0,2,3,0,0,0,6,1,0,0,0,0,0,1,1,0,0,0,6,0,0,1,0,0,1,2,3,1,0,7,0,0,0,5,0,0,2,0,0,0,4,1,0,0,0,3,2,0,0,4,0,1,4,1,0,1,0,1,0,1,1,0,2,1,0,1,1,3,0,0,5,3,1,0,4,0,0,3,3,0,1,1,8,1,3,2,2,0,1,1,0,0,8,1,0,1,1,1,0,1,1,1,2,2,1,6,2,0,1,5,1,4,0,0,0,3,0,0,2,0,0,2,1,3,1,2,2,0,3,2,0,2,0,5,0,0,3,1,0,1,0,3,1,4,0,0,0,1,0,1,0,0,1,0,0,3,0,0,0,0,0,1,0,1,0,0,0,1,1,0,0,3,0,3,0,0
0,0,0,1,0,1,2,1,6,2,5,0,0,0,1,1,1,1,1,1,1,0,0,0,1,0,0,1,5,1,0,3,0,0,0,1,0,1,0,1,1,5,0,0,1,3,1,21,4,1,0,0,0,0,1,0,3,1,0,0,1,0,2,0,0,0,0,0,2,0,0,0,0,2,0,0,0,0,1,1,1,3,3,0,0,0,4,0,0,0,1,0,0,0,0,0,0,1,6,0,0,1,0,2,2,4,7,1,0,5,0,2,1,4,0,0,1,0,0,1,4,0,0,1,1,0,2,1,1,4,2,1,6,0,1,0,0,1,0,1,1,1,0,2,0,0,2,0,0,1,3,3,2,0,6,0,0,2,2,0,0,0,2,1,3,0,0,0,1,1,0,0,12,2,1,0,1,2,0,0,0,1,3,2,1,6,1,0,1,3,1,7,2,1,1,1,0,2,0,1,2,1,2,1,0,1,0,0,2,3,0,2,0,2,0,0,1,0,0,1,0,2,0,4,0,0,0,1,1,0,1,0,1,1,0,0,0,0,0,0,0,0,0,1,0,2,0,1,0,0,0,4,0,8,0,0
2,1,0,1,2,0,0,1,3,1,5,0,0,2,1,2,1,0,0,0,1,1,1,0,1,0,0,0,3,0,0,4,0,1,0,2,1,1,0,2,2,4,0,0,0,3,1,21,2,1,3,0,0,0,0,0,6,2,0,0,3,0,1,0,1,1,0,0,1,0,1,0,0,1,0,0,0,0,1,0,1,3,3,0,0,0,2,1,0,0,1,0,0,3,1,0,0,0,2,0,0,0,0,1,0,2,4,2,0,4,1,1,0,3,0,1,1,1,0,0,3,0,2,1,0,0,0,1,1,6,4,0,1,2,2,2,0,0,1,1,1,1,4,0,0,2,2,0,0,3,1,0,0,0,4,1,1,2,3,0,2,1,7,2,3,0,0,0,1,1,1,0,8,1,0,1,1,0,0,1,0,1,3,1,0,1,1,0,1,2,1,5,0,2,0,1,0,2,0,2,2,3,2,3,1,4,0,0,1,3,0,3,1,4,0,0,1,2,0,1,0,2,0,3,0,3,0,0,0,0,3,0,0,0,1,2,1,0,0,0,0,0,0,1,0,1,0,2,0,0,0,2,2,3,1,0
4,0,1,0,2,0,0,0,0,2,8,0,0,0,0,2,2,2,0,0,0,0,0,0,2,0,0,0,4,0,1,4,0,1,0,0,1,1,0,2,0,3,0,1,1,3,0,25,1,2,2,0,0,0,0,0,7,3,0,0,4,0,1,0,0,0,0,0,1,0,0,0,0,1,0,0,0,0,0,0,0,3,0,0,0,1,1,1,0,0,0,0,0,1,1,1,0,1,4,0,0,1,0,2,0,2,5,0,0,6,0,0,0,3,2,0,1,1,0,1,1,1,0,0,1,0,2,1,0,10,0,0,5,4,2,3,0,6,2,4,1,0,6,1,0,1,1,1,0,3,3,2,1,0,2,5,1,2,2,0,1,1,7,0,1,2,1,0,2,0,0,0,7,0,1,2,0,1,0,1,0,0,1,4,1,0,1,0,0,3,1,6,0,0,0,1,1,2,2,2,1,3,1,1,2,3,3,0,2,2,0,2,1,4,2,0,0,0,0,0,0,1,0,2,0,0,0,0,0,0,0,1,0,1,0,1,0,0,0,0,0,0,0,0,0,0,0,2,0,0,0,1,0,1,1,0
2,0,0,0,3,0,0,1,1,1,2,0,0,2,1,1,2,0,0,0,1,0,0,0,0,0,0,1,1,0,1,3,0,0,1,0,0,0,0,1,1,5,0,1,2,3,3,29,1,1,5,0,0,0,1,0,3,1,0,0,2,0,2,0,1,0,0,1,1,0,0,1,0,1,0,0,0,1,1,0,0,2,2,0,0,0,2,1,0,0,1,0,0,1,1,1,1,0,4,0,0,1,0,0,0,3,5,0,0,6,0,1,1,2,1,0,0,0,1,2,0,0,0,2,0,5,1,0,0,7,0,1,1,1,0,1,0,4,3,2,1,0,2,2,0,0,2,0,0,2,2,2,0,0,6,1,0,1,3,0,0,1,5,0,2,0,0,0,3,1,0,0,10,0,2,1,0,0,0,0,1,0,0,2,1,4,1,0,1,4,0,5,1,0,0,0,0,2,1,2,1,8,2,2,1,4,2,0,2,3,0,3,0,2,1,1,1,1,0,1,0,3,1,4,0,0,0,0,0,1,2,0,1,1,0,1,0,1,0,0,0,0,0,1,0,1,0,3,0,0,0,2,0,6,0,0
0,0,0,0,0,0,1,0,2,3,1,0,0,1,1,0,1,2,0,0,0,1,0,0,0,0,0,1,1,0,0,1,0,2,1,0,0,3,2,3,0,6,2,1,0,1,0,25,2,2,4,0,0,0,1,0,3,3,1,0,3,0,1,0,0,1,1,0,1,0,0,0,1,0,0,0,0,1,2,0,1,5,1,0,1,0,3,0,0,1,0,0,0,3,0,3,2,0,3,0,0,0,0,0,2,1,5,1,0,6,0,0,0,2,1,0,2,0,0,1,2,2,0,2,1,2,1,0,0,8,0,2,2,1,4,0,1,1,0,1,1,0,2,4,0,1,0,1,0,3,1,2,2,0,7,1,1,0,2,0,0,1,5,0,2,1,2,1,4,2,1,0,12,0,0,0,0,0,0,2,0,0,4,2,0,2,0,0,0,2,0,9,0,1,0,2,1,0,1,1,3,1,5,3,2,1,2,0,1,2,0,2,0,6,0,1,0,0,1,1,0,2,2,3,0,0,0,0,0,0,2,1,0,0,1,0,0,0,0,0,0,0,0,2,0,0,0,2,1,0,0,0,0,0,0,0
1,0,0,0,0,0,0,0,1,2,2,0,0,1,0,1,0,1,0,0,0,1,1,0,1,0,0,2,1,0,1,1,0,0,0,1,0,1,0,4,0,7,0,1,0,3,3,26,1,2,2,0,0,0,0,0,0,1,1,0,2,0,1,2,0,0,1,0,0,1,1,0,2,1,0,0,0,1,0,0,0,6,4,1,1,0,4,1,0,0,0,0,0,2,3,2,1,3,3,1,0,0,0,1,1,0,5,0,0,5,0,1,0,2,1,0,2,1,0,0,2,0,0,3,0,0,0,0,1,6,2,2,7,0,2,2,1,1,0,2,1,0,1,0,0,0,1,1,0,5,0,3,0,0,2,2,1,0,2,0,0,0,5,1,1,1,0,0,4,2,0,1,11,0,1,0,0,2,0,0,0,0,2,1,1,3,2,0,0,4,1,7,0,1,2,1,0,1,1,1,3,2,5,0,3,3,1,0,1,2,0,2,1,7,0,0,0,0,0,2,0,1,1,4,1,1,0,0,0,0,5,0,2,0,0,2,0,0,0,0,0,0,0,3,0,0,0,3,0,0,0,1,0,0,0,0
1,0,0,0,1,0,0,0,0,3,2,0,0,0,0,0,0,0,0,0,0,0,1,0,1,0,0,0,2,0,0,2,0,1,0,0,1,1,0,4,1,3,0,1,0,3,1,25,0,1,7,0,0,0,1,0,7,2,0,0,4,1,2,0,2,0,1,0,0,0,0,0,0,1,0,0,0,0,0,0,0,4,1,0,0,1,3,1,0,0,0,0,0,3,1,1,1,3,0,2,0,1,0,2,0,1,4,0,1,9,0,1,1,2,1,0,3,1,0,2,2,1,1,1,0,1,0,2,0,10,1,0,1,1,3,0,0,1,0,1,0,0,2,0,0,0,0,1,0,5,3,1,0,0,2,5,0,2,1,0,3,2,7,1,2,0,2,0,1,1,0,0,6,1,1,1,1,4,0,1,0,1,2,1,1,2,0,2,1,8,2,4,0,0,1,1,0,2,2,0,0,5,2,2,1,2,0,0,0,3,0,2,0,7,2,1,0,1,0,0,0,1,4,1,0,0,0,0,0,0,1,1,0,1,0,0,0,0,0,0,0,0,0,2,1,1,0,2,0,0,0,3,1,4,0,0
1,0,1,0,0,1,2,0,2,1,3,0,1,1,0,1,1,1,0,1,1,0,3,0,0,0,0,0,3,0,0,3,0,3,0,1,0,1,0,4,1,5,0,0,2,0,3,24,3,1,4,0,0,0,1,0,2,1,0,0,2,1,2,0,0,0,2,0,0,0,0,0,0,0,0,0,0,0,1,1,0,2,1,0,0,0,1,0,0,0,0,0,0,1,2,1,2,1,2,1,1,1,0,0,0,2,3,0,1,9,1,2,2,2,1,0,1,0,1,0,0,1,1,1,1,0,2,0,2,7,0,0,2,2,3,0,1,3,0,3,0,1,2,1,0,0,1,0,0,6,4,3,1,0,3,1,1,1,1,0,1,0,5,1,3,2,1,0,1,2,0,0,3,0,2,2,1,4,0,1,0,1,3,2,0,1,0,0,1,4,0,3,0,0,1,1,1,0,0,1,0,1,4,2,1,4,0,0,3,1,0,3,0,3,0,0,1,1,0,0,0,3,3,3,0,0,0,0,0,2,2,0,2,1,1,2,0,0,0,0,1,0,0,2,1,0,0,3,0,0,0,3,0,6,1,0
1,1,0,0,2,0,0,0,2,3,1,0,0,0,0,3,0,0,0,0,0,0,2,0,1,0,0,0,3,0,0,0,0,1,0,2,0,1,0,6,0,4,0,1,0,2,0,26,1,1,2,0,0,0,2,0,7,1,0,0,2,1,2,0,0,0,1,0,0,0,1,0,1,0,0,0,0,0,1,1,1,3,0,1,0,0,2,1,0,0,0,0,0,2,0,0,0,0,2,0,0,1,0,0,0,3,3,0,0,10,1,0,0,2,1,0,3,0,1,0,1,0,2,3,1,0,1,0,0,12,0,0,6,4,4,3,0,3,2,0,0,0,0,1,1,1,1,0,0,5,1,2,3,0,0,6,0,1,2,0,1,0,7,0,5,0,1,1,4,1,0,0,4,3,0,1,0,3,0,0,0,1,2,2,1,0,1,0,2,3,0,5,2,0,0,0,1,0,2,3,3,2,5,1,2,2,1,0,2,1,1,3,0,2,0,0,0,0,0,1,0,3,4,1,0,1,0,3,0,0,0,1,0,0,1,0,0,0,0,0,0,1,0,0,0,0,1,0,0,0,0,4,2,3,0,0
1,0,0,0,1,0,0,0,2,2,1,0,1,1,1,0,0,0,0,1,0,0,0,0,0,0,0,0,3,1,0,0,0,1,0,2,0,2,1,4,2,5,0,2,2,1,1,27,0,2,2,0,0,0,0,0,4,2,0,0,5,0,3,0,0,0,1,0,0,0,2,0,1,0,1,0,0,1,0,0,1,6,1,0,1,2,5,1,0,0,1,0,0,3,1,0,4,1,2,0,2,0,0,0,0,1,5,1,1,7,0,0,0,0,1,0,0,0,0,0,3,1,1,3,1,1,1,1,0,11,1,1,3,4,1,2,1,3,2,0,0,0,2,0,0,1,1,0,0,5,1,2,2,0,1,2,0,2,1,0,1,1,3,0,2,0,0,0,3,1,0,0,6,1,0,0,3,0,0,0,0,0,1,1,1,2,2,0,0,5,1,3,0,1,0,1,0,0,1,3,1,2,5,1,3,4,0,0,1,0,1,1,0,4,0,0,0,0,0,0,0,2,4,4,0,2,0,0,0,0,5,0,1,0,1,0,0,0,0,0,0,1,0,0,1,0,1,2,0,0,1,2,1,3,1,1
3,0,0,0,1,1,1,1,4,3,4,1,2,0,2,1,1,3,0,1,0,0,0,0,1,0,0,2,5,3,2,4,0,0,1,3,0,0,2,0,0,6,0,0,0,2,1,24,0,1,2,0,0,0,1,0,2,2,1,0,3,0,1,0,0,0,1,0,1,0,2,0,1,2,0,0,0,0,0,0,1,4,2,0,2,0,7,1,0,0,0,0,0,2,0,0,1,1,2,0,1,0,0,0,0,1,2,0,1,5,0,0,0,2,2,0,1,0,0,0,0,2,0,0,0,0,2,0,0,11,0,2,6,2,1,1,1,1,4,1,0,1,1,0,0,1,1,0,0,5,0,2,0,0,3,1,2,0,2,0,1,0,2,1,2,0,3,0,1,0,0,0,10,1,0,2,0,0,0,0,1,0,2,2,0,3,0,0,1,2,0,4,0,1,0,3,0,0,5,2,1,1,4,1,2,2,1,0,0,2,1,0,0,2,0,1,0,0,0,1,1,1,2,5,0,0,0,2,1,2,3,0,2,1,0,0,0,0,0,0,0,0,1,2,1,0,0,1,0,0,0,2,0,5,0,0
1,0,1,1,0,0,0,2,4,1,0,1,1,1,0,2,0,1,0,0,0,1,1,0,1,0,0,1,3,1,0,0,0,1,2,0,0,2,0,0,0,9,0,2,0,2,1,23,3,1,2,0,0,0,0,1,4,1,0,0,3,0,2,0,1,0,1,0,1,0,0,0,0,1,0,0,1,0,0,0,1,1,2,0,1,1,5,0,0,0,1,0,0,3,3,0,1,0,5,0,1,0,1,1,0,1,3,0,1,8,0,0,0,3,2,1,0,0,0,0,0,1,0,2,0,0,1,1,0,7,0,0,2,1,1,1,1,1,3,3,0,0,0,1,0,0,1,1,0,3,1,0,0,0,6,3,2,1,3,0,2,0,5,1,4,0,0,0,2,3,0,0,12,0,2,0,0,0,0,1,0,0,5,5,0,3,3,0,1,2,2,4,0,0,1,0,1,1,2,3,1,2,2,2,0,2,3,0,1,1,0,2,0,7,0,1,1,0,0,1,0,2,2,0,0,0,0,0,0,0,0,0,2,0,1,1,0,0,0,0,0,0,1,0,1,0,1,3,0,0,1,4,0,4,1,0
1,0,0,0,1,0,0,0,0,3,1,1,2,0,0,2,1,1,0,0,0,0,0,0,1,1,0,2,1,0,0,0,0,0,1,1,0,0,0,1,0,7,0,2,1,2,1,26,0,2,6,0,0,0,0,1,5,2,0,0,3,0,1,1,0,0,1,0,1,0,3,0,0,0,0,0,0,1,1,0,1,3,2,0,0,1,4,1,0,0,2,0,0,1,2,0,1,0,3,0,1,0,1,1,1,0,4,1,1,4,0,2,1,3,0,0,1,0,0,1,0,1,0,1,0,0,2,0,0,10,1,0,3,2,1,2,1,2,2,2,1,0,2,0,0,1,2,0,0,1,1,2,0,0,3,1,0,1,1,0,2,0,2,2,7,1,3,0,1,2,0,1,14,1,0,0,0,0,0,0,0,0,2,4,0,3,1,0,0,4,1,4,0,1,1,2,1,0,3,2,1,2,0,0,2,1,1,0,0,1,0,6,0,6,0,0,0,0,0,1,0,2,1,3,0,0,1,0,0,0,4,0,1,0,1,2,1,0,0,0,0,0,0,2,1,1,0,3,0,0,0,3,2,4,0,1
1,0,0,0,1,0,0,1,2,3,2,1,0,0,0,2,0,2,0,1,0,1,2,0,1,0,0,0,4,0,0,2,0,0,0,0,0,1,0,0,1,7,0,1,2,2,0,21,1,0,4,0,0,0,0,0,6,3,0,0,1,0,1,0,0,0,2,2,1,0,1,0,0,0,0,0,0,1,0,0,0,5,2,0,1,2,2,1,0,0,1,0,0,4,2,1,0,0,1,1,0,3,3,2,0,1,4,0,0,6,1,1,1,3,0,0,1,0,0,0,4,0,1,1,0,0,0,0,0,13,2,0,2,1,0,3,1,5,3,4,0,1,3,0,0,0,1,0,0,4,3,1,0,0,4,2,0,1,5,0,0,1,4,0,2,0,2,0,3,1,1,0,9,0,0,1,0,0,0,1,0,0,0,2,1,1,1,0,0,2,0,2,1,1,0,1,0,0,1,0,2,4,7,0,1,2,2,0,3,4,0,4,0,3,0,0,0,1,0,1,0,2,5,3,1,1,0,0,0,0,1,0,1,0,1,0,0,0,0,0,0,0,0,1,0,0,1,0,0,0,0,3,0,6,0,0
2,0,0,0,2,0,1,1,0,2,1,0,0,0,0,1,1,0,0,0,0,0,0,0,0,0,0,0,3,1,0,1,0,0,0,2,0,0,0,2,0,3,0,2,0,1,0,25,0,3,8,0,0,0,1,0,9,2,1,0,1,0,3,1,0,0,1,0,0,0,1,0,1,2,0,0,0,2,2,1,0,4,3,0,1,0,6,2,0,0,0,0,0,3,3,0,1,0,7,0,0,1,0,1,1,2,6,1,0,3,1,1,0,2,1,0,1,0,0,1,0,1,0,1,0,2,1,0,0,11,0,2,5,1,2,1,0,4,1,5,1,2,1,0,0,1,0,1,0,1,2,5,0,0,5,2,0,1,2,0,1,0,6,0,3,1,1,0,1,1,0,0,7,0,0,1,0,2,0,1,0,0,2,2,0,3,1,0,0,8,0,2,0,2,0,1,0,0,0,2,4,0,4,0,2,1,0,0,1,0,0,3,1,6,0,0,0,0,0,1,0,2,1,0,0,1,0,0,0,2,2,1,0,1,0,0,0,0,0,0,0,0,0,1,1,1,0,2,0,0,0,1,0,6,0,0
2,0,0,0,1,0,0,0,1,3,2,1,0,0,1,1,0,0,0,0,0,0,0,0,0,0,0,2,0,0,0,3,0,0,0,0,0,1,0,3,0,1,0,4,0,0,3,23,1,1,6,0,0,0,2,0,8,4,1,0,2,0,3,1,0,0,0,3,0,1,1,0,0,0,0,0,0,0,0,0,0,6,1,0,2,1,5,1,0,0,0,0,0,1,2,0,0,0,2,0,0,1,0,0,0,2,0,1,0,3,3,2,0,2,0,1,0,0,0,0,1,3,0,1,0,1,1,0,0,10,2,3,6,1,1,2,0,2,2,4,1,1,3,0,0,1,2,0,0,2,3,4,0,0,3,1,0,3,0,0,1,0,5,0,2,2,3,0,1,0,0,0,7,0,0,1,2,2,0,1,1,0,1,3,0,1,0,0,1,3,1,6,0,0,0,1,0,0,2,3,2,1,3,0,3,1,0,0,2,3,1,4,1,6,1,0,1,0,0,1,0,6,3,0,0,0,0,0,0,1,2,1,3,1,1,0,0,1,0,1,0,0,0,1,0,0,0,1,0,0,0,2,0,4,2,0
0,0,1,0,0,1,0,1,1,3,0,0,0,1,1,2,0,0,0,0,0,0,0,0,0,0,0,0,1,0,0,3,0,0,0,0,0,1,0,1,0,8,0,1,1,1,0,24,3,1,4,0,0,0,1,0,3,0,1,0,1,1,0,0,0,0,1,0,3,1,2,0,0,0,0,0,0,1,0,0,0,2,7,1,1,1,3,0,0,0,1,0,0,3,2,0,1,0,2,0,1,1,2,3,1,0,3,1,1,2,1,1,0,3,6,0,1,0,0,0,2,0,0,2,0,0,2,0,0,11,0,1,6,1,0,0,0,2,1,4,0,0,2,0,0,1,5,1,0,3,1,1,0,0,3,3,1,0,0,0,1,1,10,1,4,1,1,0,4,0,1,0,6,1,1,1,0,0,0,1,0,0,3,5,1,4,1,1,0,5,0,6,0,2,1,0,0,0,2,4,1,3,3,2,1,2,0,0,0,1,0,2,0,5,0,1,0,1,0,0,0,1,0,2,0,1,0,0,0,2,4,2,0,1,0,1,0,0,0,0,0,0,0,2,0,0,0,3,0,0,0,3,0,4,0,0
2,0,0,0,0,0,0,1,2,3,2,0,0,0,1,0,1,0,0,0,0,0,0,0,0,0,0,0,1,1,0,3,0,1,0,1,0,1,0,2,0,3,0,2,3,1,2,24,1,3,6,0,0,0,1,0,6,5,0,0,4,0,1,0,0,0,0,1,0,1,0,0,0,1,0,0,0,0,0,0,0,5,1,1,2,0,3,3,0,0,0,0,0,1,4,1,0,0,1,0,1,0,0,0,1,0,4,1,1,3,1,0,0,1,1,0,2,1,0,0,1,3,0,1,0,0,3,0,0,7,1,0,3,0,1,0,1,3,0,1,1,0,4,0,1,0,0,0,0,2,0,5,0,0,3,0,2,4,2,0,0,1,7,1,3,3,2,0,3,1,1,1,4,0,1,2,2,1,0,1,1,1,3,1,1,2,1,0,0,7,1,3,0,2,1,0,2,1,2,1,4,1,6,2,2,1,0,0,2,1,0,1,1,7,0,0,2,0,0,0,0,1,0,4,0,0,0,0,0,0,6,1,1,0,0,0,0,1,0,0,0,0,0,1,1,0,0,4,0,0,0,1,0,6,0,0
3,0,0,0,2,1,0,0,2,3,5,0,0,1,0,0,1,1,0,2,1,1,0,1,0,0,0,0,1,0,0,3,0,1,1,3,0,1,0,5,0,7,0,2,0,1,2,25,0,3,2,0,0,0,1,0,6,1,0,0,1,0,1,0,0,0,0,0,1,1,0,0,0,2,1,0,0,0,0,0,1,5,1,1,1,1,5,3,0,0,1,0,0,2,3,0,0,0,2,0,2,2,0,0,1,3,3,1,0,6,0,0,0,4,2,0,1,1,0,0,1,4,0,0,0,1,1,0,1,6,2,1,2,2,2,1,0,4,0,4,2,0,3,1,0,1,2,0,0,4,0,2,1,0,2,1,1,0,0,0,1,1,7,2,4,0,1,0,2,1,0,0,3,0,0,4,1,1,0,1,1,2,0,1,1,2,0,0,0,5,1,3,0,0,0,0,0,1,3,1,0,1,2,0,1,1,1,0,2,1,0,2,1,6,1,1,1,0,0,1,1,2,2,0,0,0,1,0,0,0,2,0,1,0,0,1,0,0,0,0,0,0,0,1,0,2,0,4,0,1,0,2,1,3,0,0
2,0,1,0,1,0,0,3,0,3,0,0,0,1,3,2,0,0,0,0,1,0,0,0,2,0,0,1,4,1,0,0,0,1,0,1,0,0,1,3,0,5,0,2,0,0,1,22,1,1,2,0,0,0,0,0,4,2,0,0,2,0,3,0,0,0,1,0,1,0,1,0,0,0,0,0,0,0,1,0,0,5,0,0,2,1,6,2,0,0,1,0,0,2,0,0,0,0,4,0,1,1,0,0,1,2,3,2,0,7,0,3,0,4,1,0,3,1,0,0,1,0,1,1,0,0,3,0,0,7,0,1,3,2,2,4,0,4,0,2,0,0,1,1,0,2,0,0,0,6,0,3,1,0,0,0,0,3,2,0,0,0,6,0,5,0,2,0,2,1,0,1,3,0,1,2,1,1,0,0,0,0,3,4,2,0,0,0,0,5,1,6,0,1,1,0,0,2,3,2,1,2,3,1,3,6,3,0,2,0,1,5,1,5,0,0,0,1,0,0,0,4,2,3,0,1,0,0,0,0,1,0,1,0,1,3,0,0,0,0,0,0,0,1,1,0,1,1,0,0,0,2,0,3,0,0
0,0,0,0,1,0,0,0,1,2,3,1,1,0,1,2,0,1,0,0,0,0,0,0,3,0,0,1,7,1,0,1,0,1,0,0,0,1,1,2,0,6,0,2,2,1,0,20,2,3,4,0,1,0,0,0,4,5,0,0,3,0,0,0,0,1,0,0,1,0,0,0,0,0,0,0,0,1,0,0,0,4,0,0,2,0,6,1,0,0,1,0,0,2,0,0,0,2,6,0,0,2,0,0,2,0,1,0,0,7,0,1,0,3,3,0,1,0,0,0,2,1,1,1,1,0,2,0,1,10,1,3,4,0,1,3,0,4,0,3,1,1,2,1,0,0,1,1,0,5,2,4,1,0,2,2,0,1,3,0,1,0,6,0,2,0,1,0,4,3,0,0,7,0,0,1,0,0,0,0,0,2,1,3,0,3,0,0,0,6,0,2,0,1,2,0,0,1,0,3,1,0,2,3,5,3,1,0,2,2,1,2,0,3,0,0,1,0,0,0,0,4,2,1,1,0,0,0,0,0,2,0,3,0,0,3,0,0,0,0,0,0,0,2,0,0,0,3,0,0,0,1,0,3,0,0
0,0,0,1,1,0,0,0,2,2,1,0,3,1,1,2,0,0,0,4,2,0,0,0,2,0,0,1,4,0,0,1,0,0,1,0,0,0,0,0,0,3,0,0,1,1,1,24,1,2,1,0,0,1,0,0,4,3,0,0,2,0,0,1,0,0,2,0,1,0,1,0,0,2,0,0,0,0,1,0,0,2,3,0,1,0,5,1,0,0,2,0,0,1,0,0,0,0,2,0,0,1,1,2,0,1,1,1,1,8,0,1,0,6,1,0,1,0,0,0,2,0,1,1,1,0,1,0,1,6,0,0,7,3,3,1,0,3,2,1,0,1,4,1,0,2,5,0,0,4,2,2,1,0,6,1,1,2,2,0,1,0,6,0,5,0,2,0,1,0,0,0,7,0,2,0,1,1,0,1,0,0,2,2,0,3,1,0,2,6,2,2,1,1,1,0,0,1,1,0,0,0,4,2,0,3,1,0,0,0,2,2,0,4,0,1,0,2,1,1,0,4,1,4,0,1,1,0,1,0,3,1,1,0,1,1,0,0,0,0,0,0,0,0,1,0,0,1,1,0,0,3,0,6,0,0
1,0,1,0,1,0,0,2,1,2,1,0,2,1,0,0,0,1,0,0,0,2,1,0,2,0,0,1,5,1,0,2,0,0,0,1,1,1,0,1,0,1,0,1,4,4,4,23,2,1,2,0,0,0,1,0,6,1,1,0,3,0,1,0,0,0,1,1,1,0,0,2,0,0,0,0,0,1,0,0,1,3,4,0,0,0,2,0,0,0,1,0,0,2,3,1,0,1,1,0,0,0,2,1,0,0,2,1,0,4,0,0,0,6,2,0,0,0,1,1,1,1,2,0,1,1,1,1,0,6,0,1,2,1,1,3,0,3,2,4,1,0,1,0,0,1,3,0,0,4,0,4,1,0,2,2,0,0,1,0,1,0,3,3,4,1,2,0,3,0,0,0,7,0,0,1,0,2,0,1,0,2,1,3,1,3,1,0,2,4,1,3,0,0,0,1,0,2,1,1,2,2,3,0,2,3,1,0,2,2,0,4,0,4,0,0,0,0,0,0,0,2,3,3,1,1,1,1,0,0,1,0,2,0,1,0,0,2,0,0,0,0,0,1,1,2,0,3,0,0,0,2,1,6,1,0
2,0,1,1,1,0,0,2,2,1,2,0,2,2,0,0,0,0,0,2,2,0,0,0,0,0,0,1,1,0,0,3,0,0,0,1,0,1,1,3,0,3,0,1,0,1,0,23,0,2,4,0,0,0,1,0,7,3,0,0,3,1,1,0,0,0,4,0,3,0,1,1,0,1,0,0,1,2,1,0,0,3,2,0,0,0,5,1,0,0,1,0,0,2,2,0,0,0,1,0,0,0,0,2,0,0,2,1,0,3,1,1,1,3,1,1,0,0,0,2,0,0,2,2,2,0,3,0,0,5,1,0,4,0,0,1,1,1,1,0,1,0,1,1,0,1,5,1,0,2,1,1,2,0,3,0,0,1,1,0,1,1,6,1,2,1,0,1,0,1,0,0,7,0,1,0,2,1,0,0,0,1,3,1,1,5,2,0,1,8,0,3,0,1,1,0,0,1,1,0,3,3,2,2,0,4,2,0,2,1,0,0,0,7,0,2,0,0,0,0,0,0,1,2,1,1,1,0,0,0,3,2,3,0,0,1,0,1,0,0,0,0,1,3,2,1,1,4,0,0,0,2,1,9,0,0
1,0,0,0,2,0,0,1,2,1,2,1,0,0,0,0,0,1,0,1,0,1,0,0,1,1,0,0,0,0,0,2,0,0,0,0,0,1,1,1,1,1,1,2,0,1,0,22,0,1,4,0,0,0,1,0,4,2,1,0,2,0,2,0,0,0,1,0,1,1,0,0,1,0,0,0,1,0,1,0,2,3,3,0,2,1,8,1,0,0,1,0,0,4,1,0,0,2,1,0,0,1,0,0,1,0,3,0,0,5,1,1,1,3,3,1,0,0,0,0,0,3,0,2,1,0,2,0,1,6,1,2,4,3,1,0,0,1,0,2,1,0,1,1,1,1,1,0,0,2,3,7,2,0,2,2,0,2,3,0,1,0,4,0,5,0,3,0,4,0,0,0,9,0,2,1,1,2,0,2,1,1,2,1,0,3,1,0,1,5,3,4,0,1,0,0,0,0,2,1,1,4,1,1,2,1,3,0,2,4,0,2,0,6,0,1,0,0,0,0,0,1,3,1,0,0,0,0,0,0,4,0,1,0,1,0,0,0,1,0,0,0,1,1,0,1,2,2,0,1,0,1,0,8,1,0
1,0,1,0,2,0,0,3,1,1,3,1,0,0,0,0,1,1,0,2,0,0,0,0,0,0,0,0,0,0,0,3,0,1,0,0,0,1,0,0,3,4,0,2,0,1,0,24,1,0,3,0,0,0,0,0,7,2,0,0,1,1,0,0,0,0,3,0,2,1,1,0,0,1,0,0,0,3,1,0,0,7,1,0,0,0,3,2,0,0,0,0,0,1,1,0,0,0,2,0,0,0,0,2,1,0,2,0,0,5,0,1,2,7,2,1,1,0,0,1,1,2,1,1,1,1,0,1,3,8,1,2,1,2,2,0,0,1,0,2,0,1,4,1,1,2,1,0,0,3,2,1,1,0,1,2,1,1,1,0,0,0,5,0,5,0,1,0,1,1,0,0,6,0,2,2,1,3,0,0,1,1,1,1,1,3,2,0,1,4,0,4,1,0,1,0,1,1,4,0,3,2,5,0,0,4,0,0,3,3,0,2,0,6,0,0,2,2,0,1,0,0,0,5,0,0,1,0,0,0,2,1,1,0,0,2,0,0,0,0,0,0,0,1,2,1,1,6,1,0,0,0,0,6,1,0
2,0,0,0,3,0,0,1,1,3,5,0,0,1,1,0,0,1,0,2,0,0,0,0,0,0,0,1,3,1,0,5,0,0,2,2,0,0,0,0,1,3,0,1,1,3,1,26,0,1,3,0,1,0,1,0,3,4,0,0,0,0,1,0,0,0,0,0,4,0,0,0,0,0,0,0,0,0,0,0,1,2,0,0,0,0,3,3,0,0,2,0,0,2,2,1,0,1,2,0,0,0,1,0,1,0,2,0,0,5,0,0,0,4,0,0,1,1,0,1,1,1,1,0,0,0,1,1,0,2,2,3,6,2,1,2,2,2,2,2,1,0,3,3,0,1,2,1,0,3,2,4,0,0,2,2,1,3,7,0,0,0,6,1,3,0,2,0,1,1,0,0,4,1,0,1,0,0,0,0,0,0,3,5,0,1,2,0,0,6,1,4,1,0,1,1,0,1,2,0,1,2,3,1,1,1,3,0,0,2,0,2,1,7,0,0,0,0,0,1,0,3,1,1,0,1,0,0,0,0,5,1,0,1,0,1,1,0,0,0,1,1,0,2,0,2,1,3,0,0,0,1,1,7,0,0
1,0,0,1,1,0,0,0,3,0,3,1,0,0,2,0,1,0,0,2,0,0,0,0,1,0,0,0,6,0,1,2,0,1,1,1,0,0,1,0,0,5,0,4,0,4,0,23,0,1,3,0,0,0,0,0,6,1,0,0,0,1,2,1,0,0,2,0,1,0,1,0,1,0,0,0,0,2,0,0,0,10,3,0,1,0,2,0,0,0,1,0,0,5,3,1,1,0,1,0,0,1,0,2,1,1,2,0,0,3,0,0,1,2,2,1,2,0,0,3,0,0,0,2,0,0,0,0,0,7,1,0,6,2,0,1,1,0,2,1,0,0,1,1,0,2,4,0,0,2,3,3,2,0,5,1,0,2,2,0,0,0,8,0,1,1,2,0,0,1,0,0,6,0,1,0,0,1,0,1,0,0,2,5,0,4,1,0,1,3,0,6,0,0,0,1,0,0,1,0,0,1,2,0,2,2,2,0,5,4,0,2,1,4,0,1,1,1,0,0,0,2,1,2,0,1,1,1,1,1,2,0,0,0,0,1,0,0,0,0,0,1,0,0,1,2,2,3,0,1,0,4,0,7,1,0
3,0,0,0,1,0,0,2,2,0,3,0,0,0,3,2,1,1,0,0,0,1,0,0,0,0,0,0,2,0,0,3,0,0,0,0,0,1,1,1,0,2,0,1,0,1,3,27,0,0,1,0,0,0,1,0,5,2,0,0,1,0,2,0,1,0,0,1,2,0,2,1,0,1,0,0,1,1,1,0,0,6,7,0,1,1,7,2,0,0,1,0,0,4,1,1,1,1,2,0,0,0,0,0,0,2,2,0,0,1,0,0,2,3,1,0,1,1,1,1,0,0,0,1,0,2,0,0,0,5,0,0,6,1,1,2,1,1,0,3,0,1,3,1,0,2,0,0,0,3,1,3,1,0,5,1,0,1,2,0,0,0,5,0,3,0,1,1,1,0,0,0,7,0,0,1,3,0,0,0,0,0,1,4,1,2,3,1,1,6,1,5,0,0,0,0,1,2,0,3,2,0,4,2,4,2,1,0,0,2,2,3,0,5,1,2,2,0,0,0,0,2,2,1,0,0,0,0,0,0,6,0,2,0,2,2,1,1,0,0,0,0,0,0,1,0,0,2,0,0,0,2,0,6,0,0
7,1,0,0,1,0,2,3,3,2,5,0,0,0,1,2,2,3,0,1,0,1,0,0,0,0,0,0,2,0,0,5,0,1,1,2,0,1,0,1,0,3,0,0,0,2,2,21,0,1,2,0,0,0,0,0,4,2,0,0,1,0,1,1,0,0,0,1,1,0,1,0,0,0,0,0,0,1,0,0,2,4,4,0,1,0,3,0,0,0,2,0,0,2,1,1,1,0,5,0,1,0,1,0,2,2,6,0,0,1,0,0,0,0,0,0,3,1,0,0,0,0,0,1,0,0,2,1,0,5,2,1,5,0,1,1,1,1,3,1,1,1,3,0,0,3,2,1,0,4,3,3,0,0,3,1,1,0,2,0,0,1,3,1,4,0,3,0,1,1,0,0,10,0,0,1,0,0,0,0,0,1,3,5,2,3,3,0,1,7,2,4,0,0,0,0,0,2,2,1,2,1,3,2,0,1,0,0,0,1,0,1,0,5,0,0,1,0,0,1,0,2,1,3,0,0,0,1,0,0,2,0,0,0,1,0,1,0,0,1,0,2,0,1,0,2,0,0,2,1,0,2,0,8,0,0
5,0,0,0,2,0,0,1,2,1,5,0,1,1,1,1,0,0,0,0,1,2,1,0,0,0,0,0,3,1,0,5,0,0,1,0,0,1,0,2,0,4,0,2,1,2,0,25,2,2,5,0,0,0,0,0,5,1,0,0,3,0,1,1,0,0,1,3,2,0,0,0,0,1,0,0,0,0,0,0,0,5,7,0,0,0,2,0,0,0,0,0,0,5,0,0,1,0,3,0,0,1,2,2,0,0,4,0,0,3,2,0,1,1,1,0,0,2,0,1,0,1,0,1,0,0,1,1,1,4,0,1,4,1,1,1,1,3,0,2,1,0,5,0,0,0,2,0,0,4,3,4,0,0,3,0,0,2,4,0,1,0,5,1,4,0,2,0,2,1,0,0,8,0,0,1,1,3,0,1,1,0,1,2,1,3,0,0,1,4,0,4,2,0,0,0,0,1,1,1,0,2,1,0,0,2,1,0,1,0,0,3,0,6,0,2,1,1,0,1,0,2,1,2,0,0,0,0,0,0,3,1,1,0,0,1,0,0,0,1,0,0,0,3,0,1,2,2,1,1,0,2,0,7,0,0
4,0,0,0,2,0,1,1,1,2,4,1,1,1,0,0,1,2,0,0,0,1,2,0,1,0,0,0,4,1,0,4,0,0,0,2,0,1,0,0,1,4,0,2,2,1,1,20,2,1,4,0,0,0,0,0,4,2,0,0,4,0,1,0,0,0,1,2,0,0,0,0,0,1,0,0,0,0,1,0,1,4,1,0,0,2,2,0,0,0,0,0,0,4,0,0,0,0,2,0,0,0,0,0,2,1,5,0,0,5,0,1,1,3,0,0,1,1,0,0,1,2,1,2,0,1,1,0,0,8,1,1,5,1,3,2,1,2,1,4,2,0,5,0,0,1,0,2,0,7,3,2,0,0,1,3,0,2,2,0,0,1,3,1,2,1,1,0,3,1,0,0,3,0,0,1,1,1,0,0,0,0,1,1,0,1,0,1,0,4,0,2,0,0,1,0,1,2,2,2,1,4,3,1,1,2,2,0,0,5,0,3,0,3,1,0,3,0,0,0,0,3,0,5,1,0,1,1,0,0,1,0,1,0,1,1,0,1,0,0,0,0,0,5,0,2,1,2,0,0,0,3,0,7,0,0
4,0,0,1,2,0,1,1,2,4,4,0,0,0,1,1,1,0,0,0,0,1,1,0,0,0,0,0,2,1,0,4,0,0,0,0,0,0,0,0,0,1,0,2,1,3,1,26,4,2,5,1,1,0,0,0,4,3,0,0,3,0,0,2,0,0,0,1,3,0,2,1,1,1,0,1,0,1,0,1,0,5,4,0,0,0,3,1,0,0,1,0,0,2,0,1,0,0,3,0,0,1,0,0,2,2,1,0,0,7,1,1,0,5,1,0,1,2,0,1,1,0,2,1,0,1,1,2,0,9,2,0,4,0,2,2,0,3,1,1,0,0,3,1,0,3,1,1,0,5,1,1,2,0,1,1,0,0,2,0,0,0,5,1,4,0,2,1,1,0,0,1,6,1,0,1,1,1,0,0,0,0,1,3,0,2,1,0,0,2,1,6,0,0,3,0,2,0,2,3,0,4,4,1,1,2,1,0,1,2,0,0,0,4,1,0,0,0,0,0,0,1,3,6,0,0,0,0,1,0,1,0,1,0,1,0,0,0,0,0,0,0,0,2,0,1,0,1,0,0,0,2,0,3,0,0
1,0,0,1,0,0,0,0,2,1,1,0,0,1,1,1,0,0,0,0,1,0,1,0,1,0,0,0,5,0,0,3,0,1,1,1,0,1,0,1,0,3,0,3,1,2,0,24,3,2,0,0,0,1,1,1,5,0,0,1,2,0,0,1,1,0,2,0,2,0,3,0,0,0,2,0,0,0,0,0,0,4,4,0,2,0,5,1,0,0,2,0,0,3,1,0,1,0,2,1,0,1,0,1,2,1,0,0,0,7,0,2,0,6,0,0,1,0,0,2,2,1,4,1,1,0,0,1,0,5,0,1,6,3,2,2,0,5,2,6,2,0,2,3,0,1,1,0,0,3,0,3,1,0,4,3,0,3,2,0,2,0,4,0,2,0,4,0,2,0,0,0,5,0,0,3,0,3,0,1,0,0,1,2,0,3,2,0,2,1,0,2,0,0,2,1,0,0,2,3,2,3,1,0,0,1,0,0,0,4,0,1,0,3,0,0,0,0,0,0,0,3,1,3,0,0,0,1,0,1,1,0,1,0,0,0,1,0,0,0,0,0,0,2,0,2,1,0,0,2,0,3,0,7,1,0
2,0,0,0,1,0,0,1,1,5,3,0,0,0,1,1,0,0,0,1,0,0,1,0,0,0,0,0,3,0,0,5,0,0,0,1,0,0,1,1,0,6,0,3,0,1,0,26,1,0,2,1,0,1,0,0,6,1,0,0,2,0,1,0,0,0,1,0,0,0,1,0,0,1,0,0,0,0,3,0,0,4,3,0,1,1,4,1,0,0,1,0,0,0,3,0,1,0,5,1,0,0,1,1,0,3,6,0,0,5,2,0,0,5,2,0,2,2,0,2,1,2,1,2,1,0,0,1,1,7,1,0,4,5,0,1,1,1,2,5,0,0,3,1,0,1,1,1,0,3,5,0,0,0,3,1,1,1,1,0,1,0,7,1,3,0,2,0,3,0,0,0,6,2,3,3,2,1,0,1,0,0,1,1,0,4,1,0,1,4,1,4,0,0,0,1,0,0,1,2,1,1,4,1,1,2,1,0,1,0,0,1,1,2,0,0,0,1,0,2,0,2,3,1,1,0,0,0,0,0,1,1,0,0,0,0,0,0,0,0,0,0,0,1,0,2,1,2,0,0,0,0,0,7,0,0
3,0,0,0,1,0,0,1,2,2,2,0,1,1,1,1,1,0,0,0,0,0,1,0,0,0,0,0,3,1,0,2,0,0,1,4,0,1,0,1,0,6,0,4,1,1,0,30,1,2,1,0,0,1,1,0,3,2,0,0,3,0,2,0,0,0,1,0,2,0,1,0,0,0,0,0,0,0,0,0,1,3,1,0,1,1,4,2,0,0,1,0,0,2,2,1,0,0,2,0,2,0,0,1,0,1,2,0,0,8,1,1,0,3,1,0,0,1,0,0,3,1,1,1,2,0,2,2,2,6,0,1,3,1,0,2,1,2,3,0,0,0,3,2,1,0,0,1,0,4,0,3,2,0,4,1,1,2,4,0,0,0,9,0,1,0,4,0,1,1,0,0,7,1,2,0,0,1,0,1,0,0,2,2,0,5,0,0,0,3,0,2,0,0,1,0,0,0,2,2,2,2,1,2,0,1,0,0,1,0,1,2,1,5,1,0,1,1,0,1,0,5,4,1,1,0,0,0,0,0,2,0,0,0,0,0,0,0,0,2,1,0,1,1,0,3,0,6,0,0,0,2,0,3,0,0
2,0,1,0,2,0,0,1,1,1,0,0,1,0,0,1,0,0,0,0,1,0,1,0,0,0,0,0,1,2,0,1,0,0,1,1,0,2,1,4,0,3,0,1,1,1,2,26,0,1,0,2,0,0,2,1,6,2,0,1,2,0,2,0,0,0,0,0,0,0,3,0,0,0,0,0,0,0,1,0,1,2,1,0,1,1,3,0,0,0,0,0,0,0,0,2,0,2,2,0,1,1,0,1,2,1,3,0,0,7,0,0,0,2,4,0,2,0,0,1,0,1,2,2,1,0,1,2,0,6,1,1,5,2,2,3,2,1,3,2,1,1,4,3,1,0,1,0,0,5,3,0,1,0,4,1,0,0,5,0,0,0,4,0,2,1,2,0,5,2,1,0,7,1,0,0,1,1,0,1,0,0,1,1,1,5,0,0,1,4,0,9,2,1,0,1,0,0,1,0,1,1,3,0,1,4,1,0,0,0,1,3,0,8,0,0,0,0,0,1,0,1,3,7,1,0,0,0,0,0,0,1,0,0,1,1,0,0,0,0,0,0,0,2,1,2,0,4,0,0,0,1,0,3,0,0
1,0,0,0,2,1,0,0,1,1,2,1,1,1,1,0,0,0,0,1,0,0,2,0,0,0,0,0,3,0,1,1,0,2,0,1,0,1,0,3,0,4,0,0,1,2,1,26,1,0,1,1,0,0,0,0,3,1,1,0,1,0,2,0,0,0,1,1,0,0,0,0,0,1,0,0,0,2,0,0,0,1,3,1,0,0,5,1,0,0,0,0,1,3,1,1,0,3,3,0,1,0,0,1,3,3,3,2,0,10,0,2,0,3,0,0,1,0,1,1,0,1,4,0,2,2,1,0,0,8,1,1,3,3,0,2,0,1,4,2,1,0,4,0,0,1,1,0,0,5,2,2,1,0,2,2,1,2,1,0,0,0,6,1,1,0,3,0,1,1,0,1,6,1,1,0,0,0,0,1,0,0,1,1,1,5,0,0,0,2,0,4,1,0,0,0,1,0,1,2,1,1,4,0,2,1,1,0,1,1,0,1,0,9,0,0,1,1,0,0,0,4,3,3,1,0,0,1,0,1,2,2,2,1,0,1,0,0,0,0,0,1,2,2,0,2,0,9,0,0,0,0,0,2,0,0
2,0,0,1,2,0,1,1,3,1,2,0,0,1,0,0,0,0,0,0,0,0,0,0,0,0,0,0,3,2,0,1,0,3,1,1,0,1,0,5,2,2,0,1,1,3,1,23,2,1,1,0,0,0,0,1,3,2,0,0,1,0,2,0,0,0,1,1,0,0,0,0,0,0,0,0,1,2,1,1,1,1,1,2,0,1,5,1,0,0,1,0,0,1,0,2,1,1,2,0,0,0,1,2,1,3,1,0,0,10,0,1,0,2,1,1,3,0,1,1,1,1,1,1,2,1,2,1,0,8,2,1,0,2,1,1,0,1,1,0,1,0,3,1,0,1,0,0,0,3,0,2,3,0,3,1,0,3,2,0,0,1,9,1,4,1,1,0,2,1,1,0,10,0,1,0,0,1,0,1,0,0,1,2,3,4,1,0,0,4,2,3,0,0,2,0,2,2,0,1,0,0,5,0,0,5,2,0,1,2,0,2,2,8,0,0,1,0,0,0,0,3,5,5,0,1,0,0,0,0,2,1,1,0,0,0,0,0,0,0,0,0,0,2,0,1,0,3,0,0,0,0,0,1,0,0
3,0,1,0,2,0,0,2,1,4,3,0,1,1,0,1,2,0,0,1,1,0,1,0,1,0,0,0,3,1,0,5,0,0,1,2,0,0,0,2,0,2,0,2,0,1,1,24,2,0,6,0,0,1,0,1,2,1,0,0,0,0,2,0,0,0,1,0,2,1,0,0,1,2,0,0,0,1,0,2,2,1,2,2,1,0,4,0,0,0,1,0,0,2,2,1,1,0,2,0,0,0,0,1,0,0,2,0,0,6,0,0,2,2,2,0,2,1,1,4,0,0,1,1,1,1,0,1,0,8,1,0,4,2,3,2,1,1,1,3,0,0,1,1,0,0,1,0,0,4,0,0,3,0,2,1,1,1,2,0,0,0,6,0,6,1,2,0,1,2,0,0,7,0,1,2,1,2,0,2,1,0,1,1,1,3,0,1,0,3,0,3,0,1,0,0,0,1,5,2,1,3,2,0,0,2,1,0,1,2,0,3,1,3,0,1,0,0,0,0,0,3,4,5,1,1,1,1,0,0,2,1,1,1,0,1,0,0,0,0,0,0,1,1,1,3,0,1,0,0,0,1,0,4,0,0
0,0,0,0,0,0,0,0,0,3,3,1,1,0,0,0,0,1,0,0,1,0,0,1,2,0,0,1,5,2,0,0,0,0,1,0,0,0,0,2,0,2,1,2,1,2,1,22,3,2,4,0,0,0,0,0,8,1,0,0,0,0,3,0,0,0,2,1,0,0,1,0,0,0,0,0,0,1,0,1,1,4,2,0,1,0,3,2,0,0,1,0,0,1,2,0,1,2,5,1,0,1,1,1,1,1,1,1,0,5,0,1,0,3,3,0,0,0,0,0,2,1,1,2,3,1,3,1,0,9,1,0,5,4,0,2,1,3,0,4,1,1,0,1,0,0,1,0,0,5,1,1,1,0,3,1,1,0,2,0,3,0,4,0,1,0,3,0,2,1,0,0,10,0,0,0,2,0,1,2,0,0,3,4,0,2,1,0,1,6,1,7,0,0,1,1,2,0,2,3,0,3,2,0,1,1,1,0,2,1,0,4,0,3,1,0,2,0,0,0,0,1,5,3,0,0,1,0,0,0,1,0,0,2,0,1,0,0,0,0,0,0,0,1,0,0,0,1,0,0,0,1,0,4,1,1
1,0,0,0,1,0,0,0,0,3,3,0,1,0,0,0,1,0,0,0,0,0,0,0,0,0,0,1,2,1,1,3,0,1,1,1,0,2,0,0,0,6,1,2,2,2,1,25,1,2,5,1,0,0,0,0,3,3,1,0,1,0,2,0,0,0,1,0,0,0,1,1,0,1,0,0,1,0,2,1,1,0,1,1,0,0,6,0,0,0,2,0,0,1,3,0,0,1,4,0,0,2,0,0,0,0,2,0,1,4,0,2,1,4,3,0,1,1,0,1,0,0,1,2,0,1,1,1,0,10,1,1,4,0,1,1,2,3,1,4,0,1,4,0,1,1,0,0,0,3,3,1,1,0,4,1,0,0,1,0,2,0,1,1,3,1,2,0,1,3,0,0,11,0,1,0,0,3,0,1,0,0,2,0,2,4,0,0,0,5,1,2,0,0,0,0,0,0,2,3,1,2,2,0,1,2,1,0,0,2,0,3,0,2,0,1,0,0,0,1,0,1,1,5,1,1,2,1,0,0,4,0,3,3,2,0,0,1,0,0,0,0,0,3,0,0,0,1,1,0,0,2,0,7,0,2
0,0,1,0,1,0,2,0,1,0,1,0,3,0,0,2,3,0,0,0,0,0,0,0,2,0,0,1,8,2,0,1,0,0,2,0,0,1,0,1,0,5,0,0,2,1,0,23,0,1,7,0,0,0,1,0,3,1,0,0,2,1,2,0,0,1,0,0,2,1,0,0,1,0,0,0,1,1,0,0,0,3,0,0,0,1,4,4,0,1,2,1,1,1,2,1,0,0,3,0,1,0,0,1,0,0,2,0,0,6,0,1,0,0,0,0,1,1,0,0,1,1,0,0,1,0,0,0,0,9,1,1,4,2,1,4,0,4,4,4,1,1,1,1,1,1,1,0,0,3,3,1,1,0,6,1,1,1,1,0,1,0,9,1,3,0,1,0,2,0,0,0,9,0,4,1,2,0,0,0,1,1,3,2,0,2,0,0,0,5,1,4,0,1,0,0,0,0,1,2,1,7,6,0,2,3,0,0,1,0,0,3,0,1,0,1,3,0,1,0,0,4,3,1,0,1,0,1,0,0,3,1,1,0,0,0,0,0,0,0,0,0,0,0,0,0,1,1,1,0,1,0,1,4,0,0
1,0,2,0,1,2,0,0,1,6,1,1,1,0,0,0,1,0,0,0,0,1,2,0,0,0,0,0,1,1,1,1,0,0,1,1,0,1,0,1,1,3,1,1,0,2,1,20,1,0,4,0,0,0,0,0,3,0,0,0,1,0,5,0,0,1,1,0,2,0,2,0,0,0,1,0,0,0,0,0,1,6,3,0,0,2,4,1,0,0,3,0,0,4,2,1,0,0,4,1,0,0,1,1,2,1,4,1,1,3,0,1,2,2,1,0,0,0,1,0,2,0,3,1,0,1,1,0,0,7,3,1,7,4,1,1,0,0,0,3,0,0,0,0,0,0,2,0,0,5,2,2,0,0,3,2,0,0,1,0,1,0,4,0,1,0,1,0,1,1,0,0,12,0,1,0,0,0,0,0,0,0,2,0,2,4,1,0,0,4,0,4,0,2,0,0,0,0,1,4,1,1,3,2,1,4,0,1,2,2,0,4,2,3,0,1,0,2,0,0,1,2,3,5,0,1,1,0,0,0,4,1,2,2,1,0,0,0,0,0,1,0,1,0,0,0,1,1,1,0,0,1,0,6,2,1
2,0,1,0,0,0,1,0,1,4,3,0,1,0,0,0,0,0,0,0,1,1,0,0,0,0,0,0,1,1,0,0,0,0,1,2,0,2,1,0,1,5,0,0,0,3,2,24,2,1,2,0,1,0,0,0,3,1,0,0,1,0,0,0,0,1,0,1,0,0,1,1,0,0,0,0,0,0,0,0,2,2,1,1,0,1,2,1,0,0,1,0,0,1,0,2,0,1,4,0,0,0,0,2,0,0,5,1,1,5,0,0,1,2,2,0,4,0,0,0,2,0,1,0,0,3,0,1,0,8,1,1,5,2,4,1,0,0,0,3,1,0,2,0,1,2,1,0,0,6,4,0,1,0,3,0,1,0,4,1,1,1,7,0,5,2,3,0,4,1,1,0,12,0,0,0,0,0,0,1,0,0,4,1,0,0,0,0,0,3,1,6,0,1,0,0,0,1,1,5,3,3,3,1,1,2,2,1,1,4,1,6,0,3,0,2,1,1,0,0,0,1,3,4,0,1,1,0,0,0,4,0,1,0,0,0,0,1,0,0,0,0,0,3,0,0,0,0,1,0,0,2,0,4,0,0
4,0,0,0,0,0,1,1,2,0,2,0,1,1,0,1,4,1,0,2,0,0,0,0,1,0,0,0,3,0,0,3,0,0,2,2,0,0,0,0,1,5,0,1,0,3,1,23,2,0,6,1,1,0,1,0,3,0,1,0,0,0,1,0,0,0,0,0,1,0,1,0,1,1,0,0,0,0,0,0,1,4,2,0,0,1,5,0,0,0,2,0,0,2,1,2,1,0,2,0,0,0,0,2,0,2,2,0,0,2,0,1,0,2,1,0,2,0,0,0,0,1,1,3,0,0,1,0,0,6,1,0,5,0,0,1,1,2,1,3,1,0,1,0,0,1,4,0,0,6,1,3,0,0,3,1,1,1,0,0,0,0,6,0,3,2,1,0,2,1,0,0,8,0,0,1,2,4,0,0,1,0,3,3,0,3,1,0,2,4,1,5,1,1,2,0,0,1,0,6,1,4,1,2,1,5,0,1,1,3,0,1,0,5,0,0,2,2,0,0,0,1,1,5,1,0,2,0,0,3,2,0,1,0,0,1,0,1,0,0,0,0,0,3,1,0,0,1,0,0,0,2,0,6,1,0
2,0,3,2,1,2,0,2,1,3,4,1,1,0,5,1,2,1,0,1,0,1,0,0,0,0,0,0,3,1,0,2,0,0,3,0,0,1,0,0,0,6,0,0,1,2,1,23,2,4,4,0,0,0,0,0,3,4,0,0,2,0,2,1,0,0,0,0,1,0,0,0,0,0,0,0,0,1,0,0,1,3,0,0,1,0,5,1,0,0,1,0,0,1,0,2,0,0,1,0,0,1,0,2,2,1,3,2,1,4,0,2,0,6,0,0,3,0,0,0,0,1,1,0,1,0,3,1,0,7,0,1,1,1,0,1,2,3,2,2,1,0,2,1,0,0,2,2,0,5,2,3,2,0,3,1,1,0,3,0,1,0,4,3,0,1,1,0,4,3,0,0,5,0,1,1,0,2,0,0,0,0,1,2,1,1,1,0,0,2,0,2,0,3,0,0,0,0,1,3,0,2,2,2,0,2,0,0,2,2,0,2,0,6,0,0,0,1,1,0,0,3,0,2,1,0,0,1,0,0,8,0,1,0,2,0,0,1,1,0,0,0,0,2,0,1,0,3,0,0,0,1,0,6,0,0
4,0,0,0,0,1,0,0,1,3,3,1,1,0,0,3,0,1,0,0,0,1,0,0,0,0,0,0,0,0,0,2,0,0,0,0,0,2,1,1,0,3,0,2,0,2,0,25,1,2,6,0,0,0,0,0,7,1,0,0,1,0,0,1,0,0,1,1,2,0,0,0,0,1,0,0,0,2,1,1,0,3,2,0,0,2,8,2,0,0,0,0,0,1,1,1,0,0,2,0,1,1,0,1,1,0,2,0,0,4,2,0,0,4,2,0,1,0,0,0,1,0,1,0,0,1,1,0,1,9,4,0,4,3,0,1,1,0,1,2,2,2,4,1,0,1,0,1,0,5,2,3,1,0,1,1,0,0,4,0,0,0,3,0,5,0,2,0,3,1,0,0,5,0,0,0,0,1,0,1,0,0,1,1,1,2,1,0,1,7,2,5,0,2,1,0,0,2,6,3,1,3,6,1,2,7,1,1,1,2,1,2,0,6,0,0,0,0,0,0,0,4,1,4,0,0,0,0,0,0,3,0,0,0,0,2,0,0,0,0,0,0,0,2,0,0,1,1,0,0,0,2,0,2,0,0
2,0,0,0,1,2,1,0,1,3,3,0,2,2,1,1,0,1,0,0,1,0,1,0,0,0,0,0,2,1,0,1,0,0,1,0,0,2,1,1,0,5,0,2,2,1,0,29,2,1,4,1,2,0,1,0,8,3,1,0,2,0,1,1,0,0,2,0,1,0,1,0,0,0,0,0,0,0,1,0,0,2,2,0,0,0,7,1,0,0,0,0,0,5,2,2,0,0,1,0,1,0,0,0,0,1,1,0,0,5,0,0,1,3,0,0,1,1,0,0,1,1,0,1,0,0,1,0,0,7,0,1,3,1,0,0,0,4,1,1,0,1,3,0,0,1,0,0,0,3,1,3,0,0,2,0,0,0,1,0,0,0,8,1,2,0,5,0,4,1,0,0,10,0,1,1,4,0,0,2,0,0,2,1,0,6,1,0,2,7,1,5,0,0,1,0,0,0,3,3,1,2,6,2,3,1,0,0,1,1,1,2,0,6,0,0,0,1,0,1,0,2,0,2,1,0,0,1,0,0,2,0,1,0,0,1,1,0,0,0,1,0,0,2,0,0,0,1,0,1,0,1,0,5,0,0
3,0,0,0,0,1,1,1,0,4,4,0,1,1,0,0,0,0,0,0,1,0,0,0,1,0,0,0,1,0,0,2,0,0,1,1,0,1,0,1,0,3,0,2,1,1,2,24,2,0,3,0,0,0,0,1,11,1,0,0,2,0,1,1,0,0,3,0,1,0,0,1,1,1,0,0,0,2,1,0,0,3,3,0,0,0,1,2,0,0,2,0,0,3,1,2,0,0,0,0,0,0,1,2,0,0,2,2,0,4,0,1,0,3,1,0,0,0,0,0,1,1,1,0,2,0,0,0,0,11,1,0,2,1,4,1,0,2,2,2,1,0,2,4,1,1,1,1,0,4,1,2,5,0,2,3,2,1,2,0,0,0,2,0,2,0,2,0,2,1,0,0,9,0,0,0,0,1,0,1,0,0,4,4,0,3,0,0,3,6,1,3,1,1,1,0,0,1,2,3,1,1,3,2,2,2,0,0,2,3,0,3,0,3,0,0,0,2,0,1,0,2,0,2,0,0,0,1,0,1,5,2,0,1,0,0,0,0,0,0,0,1,0,1,1,1,0,1,0,1,0,2,0,9,0,0
1,0,0,0,1,0,0,1,2,4,3,1,1,0,2,0,2,1,0,0,0,1,1,0,0,0,0,1,4,0,0,2,0,0,2,1,0,0,0,2,0,6,0,1,2,0,3,22,1,1,3,0,0,0,0,0,7,5,2,0,3,0,2,1,0,0,1,0,2,0,0,0,1,1,0,0,0,1,0,0,0,3,1,1,0,2,1,1,0,0,1,0,0,2,2,2,0,3,1,0,0,0,0,0,1,2,2,2,0,5,0,0,1,4,1,1,2,2,0,1,1,0,0,0,0,0,3,0,2,5,2,2,6,0,4,1,0,2,0,1,1,0,3,0,0,0,2,1,0,2,4,5,0,0,1,2,1,5,1,0,1,0,2,0,4,0,0,0,2,0,0,0,5,0,1,1,0,0,0,0,0,0,5,3,0,2,0,0,1,6,2,5,0,1,1,0,0,0,1,0,2,1,3,0,3,0,1,0,1,1,0,4,0,3,0,0,0,2,0,1,0,2,0,1,0,1,0,1,1,1,2,0,1,0,0,2,0,0,0,0,1,0,0,4,0,2,0,3,0,1,0,1,0,8,0,0
4,0,1,0,2,1,0,0,0,3,3,1,2,2,2,0,2,1,0,1,0,1,2,0,1,0,0,0,4,2,0,3,0,0,0,0,0,1,1,2,0,5,0,2,2,0,1,27,1,1,3,0,0,0,1,0,6,1,0,0,4,0,3,0,0,1,0,0,0,0,0,1,0,1,0,0,0,0,0,0,0,4,2,0,0,1,1,0,0,0,0,0,0,1,2,1,0,0,2,0,0,2,0,1,1,0,1,1,0,4,0,2,2,4,1,0,0,1,0,2,0,0,1,2,2,0,2,2,0,3,0,0,3,1,3,3,0,4,2,1,0,0,7,0,0,0,2,0,0,2,2,0,1,1,0,0,0,3,1,0,0,0,3,2,6,1,1,0,2,1,0,0,4,0,0,1,2,2,0,0,0,1,2,3,1,2,1,0,2,8,0,4,1,0,0,0,1,0,1,3,1,2,3,1,4,2,2,0,2,0,0,4,0,3,0,0,2,0,0,0,0,3,1,1,0,0,1,1,0,0,2,2,2,0,1,3,0,0,0,0,0,1,0,1,1,0,0,2,0,1,0,0,0,6,0,0
2,0,2,0,2,1,0,1,1,1,3,0,0,1,4,0,0,1,0,0,0,2,2,0,1,1,0,0,5,1,0,1,0,0,1,1,0,2,0,4,0,4,1,1,3,0,2,16,1,3,4,0,0,0,1,0,8,6,0,0,3,0,3,1,0,0,1,2,2,0,1,0,0,0,0,0,0,0,0,0,0,3,0,0,0,0,3,1,0,0,0,0,0,2,1,0,0,1,1,0,1,0,0,1,3,1,3,1,0,6,1,0,2,3,0,0,1,0,0,2,0,0,1,0,1,0,2,1,1,1,1,2,5,0,4,2,0,4,0,2,0,1,3,1,1,1,0,0,0,3,5,1,4,0,0,1,0,6,1,0,1,0,4,1,3,1,2,0,2,0,1,0,5,0,0,3,0,1,0,0,0,0,1,5,1,3,1,0,0,5,1,8,0,1,0,0,0,0,2,2,0,2,2,1,2,1,1,0,2,0,0,0,0,3,0,0,0,0,0,0,0,3,1,0,0,0,2,1,0,0,3,1,1,1,1,2,0,0,0,0,0,1,0,0,1,1,1,2,0,2,0,2,0,6,1,0
2,0,1,0,0,1,0,0,2,0,2,0,2,1,2,1,0,1,0,0,1,1,0,0,0,0,0,1,0,1,0,4,0,0,1,2,0,1,0,2,0,5,0,1,1,0,0,18,0,1,1,0,0,0,0,0,7,3,0,0,2,0,4,0,0,1,2,3,1,0,0,0,0,2,0,0,0,0,2,0,0,5,3,0,0,1,3,0,0,0,1,0,0,1,1,0,0,0,1,0,1,0,1,2,2,2,5,1,1,6,0,0,1,3,0,1,1,0,0,0,0,1,1,2,0,1,2,0,1,5,0,0,3,0,1,0,0,0,1,0,1,0,3,1,0,0,0,0,0,3,2,1,1,0,0,2,0,3,3,0,0,0,4,1,1,1,3,0,2,2,0,0,6,0,0,0,0,0,0,2,0,0,2,6,1,2,4,0,0,7,1,7,0,1,3,1,0,4,2,3,3,3,4,0,1,2,0,0,0,4,0,3,0,4,0,1,2,0,0,0,0,2,0,2,0,2,0,2,0,1,5,0,1,1,1,0,0,0,0,1,0,1,0,2,1,0,0,3,0,1,1,2,0,8,2,0
2,0,0,1,1,1,0,1,0,0,2,0,3,0,2,4,1,0,0,0,0,0,0,0,0,0,0,0,3,2,0,3,0,0,1,0,0,1,1,0,1,3,0,2,2,3,2,21,2,0,3,0,0,0,0,0,6,1,1,0,0,0,4,0,0,0,1,1,0,0,0,0,0,0,0,0,0,0,1,0,1,5,1,1,0,2,2,0,0,0,1,0,0,1,2,0,0,2,3,0,1,0,0,1,0,2,7,1,0,6,2,1,2,3,0,0,1,1,0,0,1,0,2,2,0,2,0,0,2,2,1,3,5,1,1,0,1,2,1,2,1,0,3,1,0,2,1,0,0,2,2,5,1,0,1,3,0,0,2,0,0,0,3,1,1,0,1,0,1,0,0,0,10,0,0,1,0,1,0,2,0,1,0,2,0,2,1,0,0,7,0,3,0,1,1,2,0,2,2,2,2,4,4,0,1,4,0,0,1,3,1,1,0,5,0,1,3,1,0,0,0,2,1,2,1,0,0,1,0,0,6,1,1,0,2,0,1,0,0,0,0,0,0,1,0,2,1,4,0,1,0,2,1,4,0,0
3,0,0,0,2,1,1,0,1,1,4,0,2,2,1,0,0,0,0,1,1,0,1,0,0,0,0,0,5,2,0,3,0,0,2,0,0,2,1,2,1,1,1,3,0,2,3,23,0,1,1,1,0,0,0,0,6,2,0,0,1,0,2,0,0,1,1,0,0,0,0,0,0,1,0,0,0,0,1,0,0,2,0,0,0,0,4,0,0,0,2,0,0,0,2,0,1,0,1,0,0,2,0,1,2,3,2,0,0,9,0,1,0,0,1,0,2,1,0,1,0,1,3,2,1,0,0,0,1,6,1,2,4,0,3,3,2,0,1,0,2,1,4,1,0,2,0,0,0,5,0,1,1,0,3,1,1,0,2,0,0,0,2,0,3,0,2,0,1,1,0,0,6,0,0,0,0,2,0,1,0,2,2,3,0,1,1,0,0,3,0,3,0,0,2,1,0,2,4,5,1,2,3,5,1,4,1,0,2,3,0,2,0,7,1,0,0,2,0,0,0,1,2,2,0,3,0,2,0,0,6,1,0,0,2,1,0,0,0,0,0,1,1,2,1,1,0,2,0,0,0,1,0,5,0,0
1,0,1,0,3,0,0,1,0,1,1,1,1,0,0,0,0,1,0,0,1,0,2,0,1,1,0,0,0,0,0,2,0,0,2,1,0,0,2,4,1,2,0,4,2,3,0,27,1,3,2,0,0,0,0,0,4,2,0,0,3,0,3,0,1,1,1,1,2,0,1,0,0,0,0,0,1,0,1,0,0,3,1,1,0,0,6,1,0,1,0,0,0,0,2,0,1,0,3,0,0,0,0,1,0,0,3,0,0,8,0,0,1,1,1,0,2,1,0,1,1,0,1,1,2,0,1,1,0,9,2,2,2,2,1,2,1,3,2,1,1,0,3,2,0,2,1,1,0,5,2,1,1,1,3,1,0,2,2,1,0,1,5,0,1,0,1,0,4,2,1,0,9,0,1,2,0,0,0,0,0,0,0,2,1,0,0,0,0,1,0,5,0,2,0,1,0,2,2,3,1,3,3,1,5,2,0,0,0,1,0,3,0,7,1,0,1,0,0,0,0,1,2,1,0,2,0,1,0,0,3,1,1,0,1,2,1,0,0,0,0,0,0,0,0,2,0,4,0,1,0,1,1,3,0,0
3,0,1,0,0,0,0,0,1,2,4,1,0,0,0,0,0,0,0,1,0,0,2,0,0,0,0,1,2,0,0,2,0,1,0,2,0,2,0,3,0,4,0,1,0,3,1,26,2,1,4,0,0,0,0,0,4,3,0,0,2,0,1,0,1,2,0,0,2,0,0,0,1,3,1,0,0,1,0,2,0,4,1,0,0,0,3,2,0,0,0,0,0,2,2,1,1,0,1,1,0,0,0,0,1,0,4,0,0,5,0,0,1,1,1,0,1,0,0,0,1,1,3,0,1,0,1,0,0,11,2,2,5,0,1,4,1,3,0,3,3,1,4,1,1,1,3,0,0,4,4,0,1,0,4,0,0,1,2,0,0,0,5,0,1,1,0,0,4,1,0,0,11,0,1,1,0,3,0,0,0,0,2,1,0,2,0,0,2,5,0,4,0,0,2,0,0,2,1,2,0,3,4,0,1,1,0,0,0,3,0,1,1,3,0,0,1,2,0,0,0,1,3,1,0,1,0,0,0,1,3,1,1,1,1,1,0,0,0,0,0,0,1,2,0,1,1,4,0,0,0,2,0,4,1,0
3,0,0,1,2,0,0,1,2,3,5,0,0,0,0,0,1,0,0,0,0,0,0,0,0,0,0,0,3,0,1,2,0,1,0,2,0,2,0,3,0,6,0,0,1,4,3,25,1,0,2,0,0,0,0,1,4,3,0,1,0,0,2,0,0,0,1,1,0,0,0,0,0,0,0,0,0,1,0,3,0,1,3,0,0,0,1,1,0,0,0,0,0,2,0,0,1,0,1,0,0,0,1,1,0,0,1,1,2,2,0,1,0,4,1,1,2,1,0,0,1,1,0,1,0,0,0,0,1,6,3,2,5,2,2,0,1,4,0,4,0,1,2,2,0,1,1,1,0,4,3,4,2,0,3,3,0,1,3,0,1,0,4,0,2,0,3,0,0,2,0,0,8,0,4,3,2,1,0,0,0,0,1,3,0,5,3,0,2,5,1,5,0,0,1,0,0,0,1,1,4,3,1,1,1,4,0,0,1,0,0,3,1,4,0,2,0,2,0,1,0,1,1,3,1,0,0,0,0,0,4,0,0,1,1,0,0,0,0,0,0,0,0,2,0,1,0,2,0,1,1,2,0,6,0,0
1,0,1,1,0,1,1,1,0,1,2,1,3,0,0,2,0,1,0,0,0,1,0,0,0,0,0,0,2,0,0,2,0,2,0,0,0,0,1,2,2,5,0,0,0,5,2,30,2,3,4,1,0,0,0,1,6,2,1,0,2,0,1,0,0,0,2,0,0,0,0,0,0,0,0,0,0,0,1,1,1,0,0,2,1,0,3,0,0,0,1,0,0,2,2,1,0,0,3,0,0,0,1,1,0,0,6,0,0,3,0,0,0,1,1,0,2,0,1,2,0,1,0,0,0,0,1,1,0,6,1,2,4,3,2,6,1,1,2,1,0,2,3,0,2,2,2,0,0,7,0,1,1,0,2,1,0,2,1,0,1,0,5,0,1,0,2,0,0,0,2,1,11,0,2,0,0,1,0,0,0,0,2,4,1,4,2,0,2,3,2,4,0,0,1,0,0,0,4,2,1,4,2,0,3,0,0,0,1,1,0,2,0,7,0,1,1,1,0,0,0,0,1,3,0,1,1,0,0,0,4,1,0,0,0,1,0,0,0,0,0,0,0,2,0,1,1,4,0,0,0,1,0,5,0,0
1,0,1,0,1,1,0,0,2,1,3,1,1,1,1,3,0,0,0,1,0,1,0,0,0,1,0,0,1,2,0,2,0,0,0,0,0,1,0,0,0,5,0,1,2,6,1,30,1,0,1,0,0,1,1,0,4,2,0,1,2,0,0,0,0,1,1,1,0,0,0,0,0,1,0,0,1,1,2,0,1,2,1,0,0,0,6,0,0,0,1,0,0,2,1,0,0,0,1,0,0,0,1,0,1,0,3,1,0,1,0,0,0,1,2,0,0,0,0,0,1,0,0,0,0,1,1,2,0,10,2,1,2,1,2,3,0,2,2,2,1,1,1,1,1,3,1,1,0,7,0,2,1,0,2,1,0,1,0,0,0,0,10,0,4,0,2,0,4,0,0,0,14,0,2,3,0,3,0,1,0,1,0,0,1,6,2,1,0,7,2,5,0,1,0,0,0,0,1,1,1,3,3,1,2,2,2,0,1,2,0,0,0,4,0,0,1,1,0,0,0,0,1,0,0,0,0,1,0,1,5,0,1,1,0,1,0,0,0,0,0,0,0,3,0,1,0,4,1,0,0,2,0,6,1,0
2,0,0,0,2,1,0,1,0,3,5,1,0,1,1,2,2,1,0,0,0,0,0,0,2,1,1,0,6,0,1,2,0,1,0,1,0,1,1,2,0,6,0,2,0,3,0,27,0,1,5,0,0,0,0,0,8,0,1,0,1,0,1,0,0,0,1,0,0,0,1,1,0,1,0,0,0,1,1,0,0,2,2,0,0,1,5,1,0,0,0,0,0,2,0,0,0,0,4,0,0,0,0,1,1,1,2,1,0,2,0,0,1,0,1,0,2,0,1,0,0,1,0,1,0,3,0,1,1,9,0,2,6,1,2,4,1,4,3,2,1,1,1,0,3,1,2,0,0,3,3,1,0,0,1,1,0,0,2,0,2,0,7,0,3,0,2,0,2,1,0,0,12,0,1,3,1,0,0,0,0,0,1,3,0,3,1,0,0,3,0,7,0,0,0,1,0,0,1,3,0,1,3,1,2,2,0,0,2,1,0,2,0,5,0,1,0,1,0,0,0,2,2,3,1,0,0,0,0,1,2,0,2,0,0,0,0,0,0,0,0,0,3,1,0,2,0,3,0,0,0,1,0,2,0,0
1,1,0,0,1,0,1,1,2,0,2,0,3,0,0,2,3,0,0,2,0,1,2,1,2,0,0,1,3,0,0,4,0,0,1,3,0,1,1,0,0,5,0,0,0,0,0,28,2,0,2,0,0,0,0,0,3,1,0,0,1,0,1,0,0,0,0,0,2,0,0,0,0,0,0,0,0,0,1,0,1,3,2,0,0,2,6,0,0,0,0,0,0,3,3,0,0,0,4,0,0,0,0,1,0,0,3,1,0,2,0,1,0,1,1,0,1,0,0,0,1,0,0,1,0,1,2,0,0,8,0,1,4,3,0,2,1,2,3,2,1,1,2,0,2,0,2,0,0,5,3,3,0,0,3,1,1,0,3,0,0,0,4,0,0,0,1,0,1,0,0,0,10,0,2,1,0,4,0,2,0,0,2,1,1,3,0,1,1,5,0,3,0,0,0,3,0,0,3,5,0,1,7,2,1,2,1,0,2,2,0,2,1,4,0,1,1,1,0,0,0,2,2,5,0,1,0,0,0,0,7,1,1,0,3,0,1,1,0,0,0,0,0,3,0,2,0,1,1,0,0,1,0,4,0,1
0,0,0,0,0,0,0,0,0,0,1,1,1,0,1,0,1,0,0,0,0,1,0,0,0,0,0,0,0,0,0,0,0,0,1,0,0,1,0,0,1,1,0,0,1,1,2,29,2,3,2,1,1,0,0,0,9,1,0,0,2,0,0,0,0,0,2,0,4,0,1,1,1,0,0,0,1,1,0,0,0,4,2,0,0,2,4,2,0,0,0,0,0,4,1,0,0,1,6,0,0,2,1,1,0,1,4,0,0,2,0,0,0,1,1,0,3,0,0,0,0,0,1,0,0,3,1,1,0,7,0,4,3,2,3,2,0,0,0,1,0,1,0,0,2,2,2,0,0,3,3,2,0,0,4,2,1,2,0,0,0,0,7,3,3,0,0,1,1,2,2,0,10,0,1,0,0,2,0,2,0,0,3,6,2,0,0,0,1,4,2,4,0,1,1,0,0,0,0,3,0,2,3,2,2,2,0,0,1,2,0,3,1,4,0,0,1,0,0,0,0,3,1,2,1,1,0,1,2,0,3,1,2,0,2,0,0,0,1,0,1,0,1,2,1,1,1,2,0,1,0,5,0,8,0,0
3,0,0,1,1,0,0,0,3,2,1,0,0,0,1,1,1,0,0,1,0,0,0,0,0,0,0,1,0,0,0,2,0,1,0,1,0,0,0,0,0,2,0,2,0,2,0,29,3,3,7,0,0,0,1,0,9,2,1,0,1,0,2,0,0,0,0,0,1,0,0,0,1,1,0,0,0,0,1,0,0,3,2,1,1,3,5,0,0,0,0,0,0,4,0,1,0,0,6,0,0,3,0,2,0,1,4,0,0,0,1,2,0,2,0,0,4,0,0,1,2,2,1,3,0,1,1,0,0,7,1,2,3,1,2,1,1,0,1,2,1,1,2,0,0,3,1,0,0,3,2,6,0,0,1,0,1,3,2,0,0,0,6,1,2,0,0,0,4,1,1,0,11,0,0,0,1,1,0,0,1,1,1,2,0,1,0,2,0,4,1,2,0,0,1,0,0,0,1,9,1,2,4,1,3,1,0,0,2,0,1,2,0,6,0,0,2,1,0,0,0,3,1,1,1,0,0,0,1,1,1,0,0,0,1,1,0,0,0,0,0,0,0,3,0,2,2,1,0,0,0,2,0,4,0,0
7,0,0,0,3,0,0,3,1,4,5,0,0,1,1,0,1,1,0,0,0,0,2,0,0,0,0,0,0,0,0,2,0,0,0,2,0,0,1,2,0,2,0,1,0,0,0,23,5,0,1,0,1,0,0,0,10,0,0,1,0,1,0,0,0,0,0,0,3,0,0,0,0,0,0,0,1,0,1,0,0,2,2,0,1,0,7,0,0,0,0,0,0,0,0,0,0,0,7,0,0,1,1,1,2,1,4,0,0,1,0,1,2,3,1,0,2,1,0,2,1,0,0,0,0,0,1,2,0,7,2,3,1,1,2,0,0,5,0,2,0,0,3,0,1,0,0,1,0,3,4,3,1,0,2,1,0,1,4,0,0,0,5,1,0,0,1,0,1,1,0,0,8,0,0,0,1,1,0,1,0,0,2,3,1,2,1,0,0,6,0,6,0,0,0,1,0,1,0,4,2,6,3,3,5,2,3,0,2,2,0,3,0,5,0,2,0,1,0,1,0,3,1,1,0,0,0,0,1,1,2,0,2,0,1,0,0,0,0,0,0,0,0,5,1,2,2,2,1,0,0,0,0,4,1,0
1,0,0,0,0,0,0,1,4,0,1,1,0,1,1,1,1,1,0,2,1,0,1,0,0,0,0,0,1,0,2,3,0,1,0,0,0,0,0,1,0,6,0,1,0,0,1,21,1,3,6,1,0,0,0,0,6,4,0,0,2,0,3,0,0,0,0,0,3,0,1,0,0,0,0,0,0,1,0,0,2,3,5,1,0,1,5,2,0,0,1,0,1,2,2,0,0,0,2,0,0,0,0,2,3,1,5,1,0,3,1,1,0,2,1,0,0,0,0,0,1,0,0,0,1,0,3,2,1,9,1,1,5,0,0,0,0,2,0,1,0,0,2,1,2,1,1,0,0,1,5,6,1,0,3,1,2,1,4,0,0,1,1,1,0,1,2,0,0,0,0,0,6,2,0,1,0,1,0,0,0,0,3,3,0,3,3,0,1,2,2,3,0,1,0,1,0,0,2,2,2,2,3,1,2,2,1,0,2,1,0,2,0,5,0,0,0,0,0,0,0,4,2,2,0,2,1,0,0,1,3,2,2,0,0,0,0,0,0,0,0,1,0,3,2,3,2,2,0,0,0,2,0,6,1,0
1,0,1,0,1,0,0,0,0,1,2,2,0,0,0,2,1,1,0,0,1,0,0,0,0,0,0,0,3,0,0,1,0,0,1,1,1,1,0,1,2,2,0,3,0,1,1,25,2,1,5,0,0,0,0,1,6,1,0,1,1,0,1,0,0,0,2,2,3,1,0,0,1,0,0,0,1,1,0,0,1,2,1,0,1,2,5,2,0,0,0,0,0,2,3,1,1,0,4,0,0,1,0,1,1,1,6,0,0,2,0,0,1,3,1,0,1,0,0,0,2,1,0,0,0,1,1,0,1,6,1,0,5,1,1,0,0,2,1,2,0,0,3,0,0,1,2,1,0,2,3,5,0,0,0,1,1,0,1,0,0,1,3,0,3,0,2,1,2,1,0,0,4,0,0,1,2,2,0,0,2,2,1,5,0,2,1,0,0,6,2,5,0,1,1,4,1,0,2,3,0,2,1,1,3,1,4,0,1,3,1,2,1,4,0,0,2,0,0,0,0,3,1,3,1,0,0,0,1,0,6,0,3,1,0,1,0,1,0,0,0,0,0,2,2,2,0,1,0,1,0,1,1,4,1,0
4,0,0,0,4,0,0,1,2,0,2,1,0,0,0,1,2,2,0,1,0,0,0,0,0,0,0,0,1,0,0,5,0,0,1,1,0,1,0,1,1,4,0,0,0,1,2,21,2,3,1,0,0,0,0,0,3,2,0,0,2,0,1,0,0,0,3,1,3,0,2,0,2,1,0,0,1,1,1,1,0,4,3,0,0,1,7,1,0,0,0,0,0,4,2,0,0,1,2,0,0,0,1,0,1,3,1,0,0,4,0,3,0,3,1,0,0,0,0,0,2,1,0,0,0,0,1,1,0,7,2,1,8,0,2,1,0,2,1,1,1,1,5,0,1,0,2,0,0,1,4,4,0,0,3,0,0,2,1,0,0,0,3,1,4,0,3,0,3,0,0,0,3,0,0,1,2,1,0,1,1,2,1,2,1,1,4,0,0,7,0,1,1,0,0,0,1,1,2,6,2,3,1,3,1,3,1,1,1,3,0,4,0,3,1,1,2,0,1,1,0,3,0,2,0,1,0,0,1,1,3,0,0,1,2,0,0,0,0,0,0,0,0,2,1,1,1,0,0,0,0,1,0,5,0,0
3,0,1,1,2,1,0,1,3,2,3,0,0,1,1,1,1,0,0,0,0,0,0,0,0,0,0,2,3,1,1,1,0,1,2,1,0,1,0,0,1,7,0,1,0,1,1,21,0,4,4,1,0,2,0,0,8,4,0,0,4,0,0,1,0,0,1,0,1,0,1,0,0,1,0,0,1,2,0,0,0,4,2,1,1,0,6,3,0,0,0,0,0,3,2,0,0,0,4,0,0,0,3,1,0,2,2,0,0,3,0,3,0,2,1,1,0,0,0,2,1,1,0,1,0,2,3,0,0,3,1,2,2,1,1,1,0,2,3,0,1,1,5,1,0,1,1,1,0,2,2,3,0,0,2,0,0,2,5,0,1,0,1,0,1,1,2,0,0,0,0,0,7,0,0,0,0,0,0,0,0,0,3,3,1,2,0,0,1,4,1,3,0,3,1,0,3,0,1,4,4,1,2,1,3,2,0,0,3,0,0,5,0,3,0,0,0,2,0,0,0,3,3,0,0,0,0,1,0,1,3,1,0,0,1,0,0,0,0,0,0,0,0,3,2,1,1,1,1,0,0,2,0,5,0,0
1,0,0,1,0,0,1,0,1,0,1,0,0,0,1,1,2,1,0,3,1,2,0,0,1,0,0,1,2,0,0,1,0,0,0,3,0,2,1,0,0,6,0,0,1,1,0,20,0,1,7,2,0,0,0,0,7,3,0,0,3,0,0,0,0,0,0,1,2,0,0,0,1,1,0,0,0,2,0,0,0,5,4,2,0,0,4,0,0,0,0,0,0,2,7,0,0,0,3,0,2,2,0,0,2,3,4,0,0,6,0,2,0,3,1,0,0,1,0,4,1,2,0,1,0,1,3,0,0,3,0,1,5,3,1,1,0,3,0,2,0,0,1,1,1,1,0,1,0,0,0,2,1,0,1,2,0,1,0,0,0,0,2,1,3,3,0,1,2,0,0,0,6,0,2,1,1,4,0,0,0,0,2,3,1,1,1,0,0,4,0,4,0,1,1,0,3,1,1,1,2,4,3,0,3,1,1,0,1,2,0,5,1,5,0,0,2,1,0,3,0,2,3,2,0,0,2,0,0,0,4,0,0,1,0,0,0,0,0,0,0,1,0,2,2,1,0,1,0,0,0,4,0,6,0,0
2,0,1,1,1,1,0,1,2,1,2,0,1,0,3,1,0,0,0,0,0,2,0,0,0,0,0,2,2,0,0,2,0,0,0,0,0,0,1,2,0,6,0,0,1,0,2,22,2,1,5,0,0,1,0,0,8,3,0,0,3,1,1,0,0,0,0,2,3,0,1,0,0,0,0,0,0,1,0,0,0,3,1,0,0,1,3,1,0,0,0,0,0,1,1,0,0,1,4,0,0,3,0,0,0,1,1,0,0,3,0,0,0,3,0,0,0,0,0,0,0,0,0,0,0,0,3,2,1,4,1,4,5,2,2,2,0,1,2,2,1,0,1,1,0,0,2,0,0,1,3,4,1,0,2,1,0,3,2,0,1,1,6,1,4,2,1,0,1,0,0,0,5,0,1,0,0,2,0,0,0,0,1,2,2,0,1,0,0,7,0,5,1,2,0,0,1,3,1,5,3,3,5,1,3,2,1,0,2,3,0,3,1,4,0,0,0,2,0,1,0,1,2,4,0,1,2,1,1,0,6,1,1,0,1,0,1,0,0,0,0,1,0,1,0,0,1,0,0,1,0,2,0,6,1,0
4,0,1,0,3,0,0,2,5,0,4,0,0,0,0,1,1,0,0,3,1,0,1,0,0,0,0,0,1,1,0,3,0,1,0,2,0,1,0,2,1,4,0,3,0,0,0,20,0,1,9,0,0,0,0,0,9,3,1,0,3,1,3,0,0,0,0,1,1,0,0,0,0,2,0,0,0,1,0,0,0,6,3,0,0,2,3,2,0,0,0,0,0,4,3,2,0,0,3,0,1,1,0,0,0,0,3,1,0,4,0,0,0,3,0,0,1,1,0,0,0,0,0,0,0,0,2,0,1,3,1,0,2,2,1,3,0,0,2,3,1,1,2,0,0,1,1,1,0,2,4,3,0,0,1,2,0,2,0,0,2,0,3,0,4,3,2,0,1,0,0,0,5,0,0,0,1,0,0,0,0,0,1,4,1,0,0,1,0,5,1,4,0,4,2,0,0,2,2,4,2,4,6,1,1,1,0,0,0,4,0,2,0,7,0,0,2,2,0,2,0,1,1,4,0,0,1,1,1,0,4,0,0,0,1,1,0,0,0,0,0,1,0,2,0,0,0,2,0,0,0,3,0,3,0,0
3,0,0,0,3,1,1,1,1,4,2,1,0,1,1,4,0,0,0,2,2,0,0,0,1,0,0,0,3,1,1,4,0,0,0,1,0,1,0,4,0,6,0,0,1,2,0,24,0,1,5,0,0,0,1,0,5,5,0,0,3,0,1,1,0,0,0,1,3,0,0,0,0,0,0,0,0,0,0,0,0,0,3,0,0,0,0,1,0,1,0,0,0,2,4,2,0,1,2,0,0,2,0,0,1,2,2,0,0,7,0,0,0,4,0,0,0,2,0,2,1,1,1,1,0,1,1,2,0,5,1,3,5,2,2,2,0,0,1,0,0,0,4,1,1,0,0,0,0,4,5,5,1,0,0,2,0,3,3,0,2,0,5,1,1,1,0,0,0,1,0,0,4,0,1,1,0,1,0,0,1,0,1,4,2,0,1,0,1,8,0,3,0,0,0,0,0,2,3,1,2,5,4,2,2,2,2,0,1,3,0,0,1,1,0,0,0,0,0,0,1,0,1,3,0,0,0,0,0,1,2,1,1,1,1,1,0,0,0,0,0,0,1,1,0,0,0,4,0,0,0,3,0,5,1,0
1,1,0,0,0,1,0,1,0,3,4,0,0,0,0,0,1,2,0,0,0,0,0,0,1,0,0,0,3,1,0,2,0,0,0,1,1,1,0,2,0,5,0,1,1,3,2,23,1,4,7,0,0,1,1,0,5,3,0,0,4,0,1,0,0,0,2,1,1,0,0,0,0,0,0,0,0,0,0,0,0,5,1,0,1,0,3,0,0,1,2,0,1,5,2,1,0,0,1,0,0,2,0,1,0,1,0,0,0,4,0,1,0,4,3,0,2,0,0,0,0,1,3,0,1,2,1,0,0,4,0,3,6,4,1,4,0,4,2,2,1,1,2,0,0,3,1,1,0,3,5,5,1,0,2,2,0,3,0,0,2,1,3,0,1,0,3,0,0,1,0,1,5,0,1,2,0,1,0,0,0,0,1,4,1,3,1,0,1,3,1,5,0,0,0,1,0,0,1,4,2,1,2,0,2,2,0,0,3,2,0,0,0,3,0,0,0,1,0,0,0,1,1,1,0,0,1,1,0,0,3,0,0,0,0,0,0,0,0,0,1,1,0,2,0,0,3,2,0,2,0,3,0,7,1,0
1,0,0,0,1,0,1,1,2,0,2,0,0,0,1,2,2,1,0,1,1,1,0,0,0,0,0,0,5,0,0,1,0,0,0,1,0,2,1,1,1,5,0,1,2,1,3,24,0,1,4,0,0,1,0,0,4,3,0,0,3,0,1,0,0,1,0,0,5,0,0,0,1,0,0,0,1,0,1,0,0,2,2,0,1,0,2,1,0,1,0,0,1,2,4,1,0,0,1,0,0,0,0,1,0,0,3,0,0,3,0,1,0,2,0,0,0,0,0,0,1,0,1,1,1,1,2,0,0,7,1,1,6,2,1,1,0,2,2,2,0,0,0,1,0,0,1,0,0,4,0,2,1,0,2,4,0,2,1,0,1,0,6,0,3,0,4,0,4,1,1,2,4,0,2,1,0,2,0,0,0,0,4,3,0,5,1,0,0,3,1,7,0,0,1,0,0,0,2,2,6,2,5,4,0,5,2,0,3,3,0,4,0,1,0,0,0,1,0,1,0,2,1,2,1,1,0,0,0,0,3,0,0,0,1,3,0,0,0,1,1,0,0,1,1,0,1,2,0,1,0,1,0,6,1,0
2,0,0,1,2,0,0,1,2,1,9,0,0,1,0,0,0,0,0,0,1,0,0,0,1,0,0,0,4,0,1,3,0,0,0,1,0,0,0,1,0,4,0,2,0,1,0,26,1,1,3,0,0,1,0,0,5,0,0,0,2,0,2,0,0,0,1,3,0,0,0,0,0,1,0,0,0,1,1,0,1,4,1,1,1,1,4,0,0,1,2,0,1,4,4,0,0,0,1,0,1,0,0,2,0,0,1,0,0,2,0,1,1,3,0,0,1,0,0,0,0,0,2,2,0,1,1,0,0,7,4,0,5,3,2,0,1,2,0,3,1,0,2,1,0,0,1,0,0,4,5,3,1,0,2,3,0,0,1,0,0,0,6,1,3,0,2,0,2,2,0,1,6,1,0,0,0,1,0,0,0,0,3,2,1,2,0,0,0,6,0,8,1,1,1,0,0,4,3,2,1,1,6,0,0,3,1,0,1,1,0,1,1,4,0,0,0,1,0,2,0,1,0,4,0,1,0,0,0,0,6,0,2,0,0,3,0,0,0,0,0,1,0,1,0,0,0,4,0,0,0,1,0,9,0,0
2,0,0,0,2,2,0,0,0,2,5,3,2,1,1,1,1,0,0,0,0,1,2,2,0,0,0,0,2,0,1,2,0,2,0,0,1,1,1,3,0,4,0,2,2,2,0,28,0,0,2,1,0,0,0,0,3,3,0,0,2,0,3,1,0,0,0,0,0,0,0,0,1,0,0,0,0,2,0,1,1,7,1,1,0,0,2,2,0,1,2,0,1,1,3,1,2,0,3,0,1,1,1,0,0,0,1,0,1,4,0,1,0,3,1,0,2,2,1,1,2,1,3,1,0,1,0,0,0,5,4,1,3,0,2,1,1,4,0,4,0,1,4,0,0,0,3,1,0,3,0,2,0,0,2,2,0,0,0,0,0,0,4,1,1,0,1,0,1,2,0,0,3,1,0,1,2,1,0,0,0,0,0,2,0,2,2,0,1,3,1,6,0,0,2,0,0,1,2,0,1,1,2,0,1,2,0,0,0,2,0,1,0,5,0,0,0,0,0,1,0,2,0,1,1,1,0,0,1,1,4,1,2,1,0,3,0,0,0,0,0,0,1,4,1,1,1,4,0,0,0,3,0,9,1,1
1,0,0,0,1,0,0,0,0,0,3,0,0,2,0,0,0,0,0,1,0,0,0,0,0,1,0,0,3,1,0,0,0,1,0,0,0,1,0,1,1,3,0,3,4,1,3,27,1,1,3,0,0,0,0,0,1,2,0,1,3,0,0,3,0,0,0,1,2,0,0,0,0,0,0,0,0,1,0,0,0,4,5,1,0,0,1,3,0,0,1,0,1,1,0,1,0,0,2,0,0,2,0,0,1,4,6,2,0,7,0,2,0,3,0,0,1,0,0,0,3,0,1,1,0,2,1,0,0,5,0,0,5,2,2,1,1,6,1,1,0,1,3,1,0,0,1,0,0,4,0,0,1,0,1,0,0,1,1,0,0,2,6,0,4,0,2,0,1,0,1,0,11,0,1,1,0,2,1,0,0,0,2,2,2,4,0,0,0,10,1,5,0,1,0,0,0,1,6,1,2,3,4,3,1,1,0,0,2,0,0,2,0,6,1,0,0,1,0,0,0,2,2,6,0,0,0,1,0,1,5,1,1,0,0,3,0,0,0,0,0,0,0,1,0,0,0,1,0,1,0,2,1,4,0,0
1,0,1,1,2,0,0,1,2,1,3,0,3,2,2,0,1,1,0,0,0,0,0,0,0,0,0,1,3,0,0,3,0,0,0,0,0,0,0,2,2,1,0,0,1,2,0,25,2,1,2,1,0,0,0,0,7,1,0,0,4,1,1,0,0,0,0,2,1,1,0,0,0,4,0,0,1,0,0,0,0,1,3,0,1,0,2,2,0,0,2,0,1,1,0,3,0,0,0,0,0,2,0,1,3,2,1,0,0,12,0,1,0,4,2,0,1,0,0,0,3,3,2,1,0,0,1,0,0,5,2,1,1,2,1,2,0,1,1,1,0,0,6,0,0,0,1,0,0,3,0,2,0,0,2,0,1,3,1,0,1,1,5,0,2,0,1,0,2,0,1,0,7,0,1,1,2,1,1,0,1,1,1,2,2,3,0,0,0,7,2,2,0,0,3,0,0,4,2,0,0,3,2,0,0,7,0,0,1,0,1,2,1,1,0,1,1,1,0,1,0,1,3,4,0,1,0,1,0,1,5,1,2,0,0,2,0,0,0,0,0,1,0,5,0,0,0,4,0,0,0,3,0,3,0,0
4,0,0,0,2,0,0,1,1,1,4,0,1,1,0,1,3,0,0,0,1,0,0,0,0,0,1,0,3,0,0,3,0,0,0,0,0,0,0,1,0,7,0,0,3,2,0,29,1,0,2,3,0,0,0,0,2,0,0,0,0,0,0,1,1,0,0,0,2,0,1,0,1,3,0,0,0,1,1,1,0,2,2,1,0,1,6,0,0,0,1,0,0,0,1,2,0,0,1,0,0,0,1,1,0,1,1,1,0,7,1,2,1,4,2,1,2,3,0,2,0,1,0,0,0,0,0,1,0,5,3,0,1,2,2,2,0,6,0,2,0,0,6,2,0,0,1,0,0,4,2,2,2,0,6,0,0,0,1,0,0,1,6,1,0,0,2,0,0,2,1,0,8,0,1,2,0,1,0,0,0,0,2,4,3,4,0,0,1,2,0,1,0,0,1,0,0,3,3,1,2,6,4,1,4,3,2,0,2,1,0,1,0,4,0,2,1,1,0,0,0,2,2,5,0,0,0,0,0,0,2,0,1,0,1,3,0,0,0,0,0,0,0,0,0,0,3,2,0,0,0,0,0,4,0,0
0,0,1,0,1,0,0,1,1,3,1,0,0,2,1,1,0,0,0,0,0,1,0,0,2,0,0,1,5,1,0,2,0,0,0,1,0,3,1,3,1,5,0,2,2,3,1,28,2,2,2,1,1,1,0,0,5,2,0,0,3,0,1,0,0,1,1,0,1,0,0,0,1,1,0,0,0,0,0,1,1,3,2,1,0,1,4,1,0,0,0,0,0,1,0,0,0,0,0,0,0,0,0,0,0,3,7,1,0,7,0,0,0,6,0,0,1,0,0,0,1,0,0,0,0,0,2,0,1,7,0,1,3,0,0,5,1,4,2,0,0,0,4,2,1,0,3,0,0,3,3,2,1,0,3,1,0,2,3,0,1,1,8,0,1,0,0,0,3,2,2,0,9,0,1,0,0,2,0,0,1,0,1,5,2,1,0,0,0,4,0,2,0,1,2,1,0,0,0,3,2,0,4,1,0,5,2,0,1,2,0,3,0,5,0,1,1,0,0,1,0,2,2,3,0,2,1,0,0,0,1,0,1,1,0,0,0,0,0,0,1,1,0,0,1,0,0,0,0,1,1,0,0,3,0,0
3,0,0,0,1,0,2,2,0,0,3,0,2,6,0,2,1,2,0,1,2,1,2,0,2,0,0,0,5,0,0,2,0,0,0,1,0,1,0,3,0,3,0,2,2,1,1,25,1,1,3,1,0,1,0,0,4,0,0,0,1,0,2,0,0,0,1,1,0,0,0,0,2,2,0,0,0,0,1,0,0,3,1,0,0,0,3,1,0,0,1,0,0,2,0,1,0,1,3,0,1,0,0,1,1,1,1,1,1,8,0,2,0,4,1,0,0,1,0,0,2,0,3,1,0,0,0,0,0,8,2,1,3,2,0,4,0,3,1,2,1,2,2,2,0,0,2,0,0,3,3,3,0,0,2,0,0,1,2,0,1,0,5,1,3,0,2,0,3,1,1,0,10,0,0,1,0,1,0,0,0,1,2,2,0,1,1,0,1,7,0,2,0,1,0,2,1,1,0,3,2,1,3,3,1,6,2,0,1,1,1,4,0,5,0,0,0,0,0,1,0,3,1,1,0,0,0,1,0,1,1,1,0,0,0,0,0,0,0,0,0,1,0,0,0,0,0,1,1,0,0,1,0,5,0,0
2,0,0,0,1,0,0,0,0,0,1,0,1,2,1,0,0,2,0,1,2,2,1,0,1,0,0,0,2,1,0,2,0,0,0,1,0,0,2,2,3,3,0,1,0,2,2,25,2,1,3,2,1,1,1,0,5,3,0,0,1,0,1,0,0,0,0,0,0,0,0,0,0,0,1,0,1,0,2,0,2,7,1,1,0,0,7,0,0,0,1,0,0,0,0,1,0,0,2,0,1,0,0,3,1,2,1,0,0,9,0,0,1,2,2,1,3,1,2,1,2,2,3,3,1,0,1,1,1,7,2,4,1,3,2,3,1,0,1,0,0,1,4,2,0,0,0,0,0,2,3,0,1,0,1,1,0,2,1,0,2,0,2,1,1,0,2,0,0,1,0,0,11,0,1,1,0,1,0,0,0,2,3,3,2,4,0,0,0,3,1,3,0,1,0,1,1,1,0,1,2,1,5,0,2,3,1,0,1,1,0,2,0,4,0,0,1,0,0,1,0,2,2,3,0,0,1,1,0,1,2,2,2,0,0,0,0,1,0,0,0,0,0,1,1,0,0,5,0,0,0,0,0,3,0,0
1,0,0,0,1,0,1,0,0,1,3,0,4,0,0,3,3,1,0,0,2,0,0,0,1,0,0,0,4,0,0,1,0,0,2,1,0,0,0,0,1,5,0,2,1,2,1,27,1,1,3,0,0,1,0,0,5,1,0,0,2,0,1,0,0,0,1,1,0,0,0,0,1,2,0,0,0,1,0,0,1,3,1,0,1,0,6,1,0,0,1,0,0,3,2,2,0,0,7,0,1,0,0,1,0,3,2,0,1,9,0,0,1,3,1,1,1,0,2,0,0,1,4,1,1,1,1,2,1,7,0,1,1,0,4,1,0,0,3,0,0,0,1,1,1,0,1,0,0,2,0,3,1,0,4,4,1,1,3,0,0,0,6,0,1,0,0,0,1,0,0,0,9,0,1,2,1,2,0,0,1,0,2,4,1,5,2,0,0,3,3,5,0,0,0,0,0,3,1,1,0,2,4,0,2,0,2,0,0,0,0,0,0,5,0,1,2,0,0,0,0,1,2,1,1,1,0,2,0,0,1,1,0,0,1,0,0,1,0,1,0,0,0,2,1,1,1,3,1,1,0,2,0,4,0,0
3,0,0,1,4,0,1,0,0,4,4,0,1,0,0,1,0,1,0,0,1,0,0,0,1,0,0,0,3,0,0,1,0,0,0,1,0,0,1,4,0,4,1,1,0,1,0,27,1,1,3,0,1,0,0,1,6,2,0,0,1,0,2,0,0,0,1,0,0,0,0,0,1,0,0,0,0,0,1,0,0,3,3,0,0,1,4,1,0,0,1,0,0,3,1,0,0,0,4,0,0,0,0,2,1,2,4,0,1,8,0,1,0,0,1,0,1,0,0,0,0,0,1,1,0,1,1,1,0,8,1,0,4,0,1,3,0,0,2,1,1,2,1,0,2,1,1,1,0,2,5,2,0,0,2,2,0,1,0,0,0,0,10,0,1,1,3,0,2,2,0,0,7,0,1,0,1,0,0,0,2,0,4,1,0,3,2,0,0,9,1,3,1,0,1,1,0,1,0,4,2,1,5,1,1,3,2,1,0,2,0,3,1,4,0,1,0,1,0,1,0,2,2,1,1,1,1,1,1,0,3,1,1,0,0,0,0,0,0,0,0,0,1,2,0,0,1,4,0,0,0,1,0,5,0,0
2,0,0,1,1,0,0,1,2,3,3,2,0,1,2,2,1,0,0,2,0,0,0,0,0,0,0,1,1,0,1,3,0,0,0,3,0,2,0,1,0,7,0,2,0,1,0,28,3,1,2,1,0,1,1,0,8,5,0,0,4,0,0,1,0,0,0,0,2,0,0,0,0,0,0,0,0,1,1,0,1,3,3,0,1,0,7,2,0,0,2,0,0,4,2,0,0,0,3,0,0,0,0,1,0,0,1,1,1,5,1,0,0,0,0,0,1,1,2,1,1,1,2,1,0,1,1,0,0,6,0,1,1,0,0,2,0,0,0,0,0,0,1,0,0,0,1,1,0,2,1,1,0,1,2,0,0,3,0,1,0,1,6,0,2,1,2,0,3,1,0,0,11,1,1,0,1,0,0,0,0,0,5,3,0,3,0,0,1,2,0,5,0,0,0,0,0,0,1,3,2,2,1,0,3,4,1,0,2,3,1,3,2,7,1,1,2,0,0,1,0,4,0,3,2,0,0,0,0,0,2,1,0,1,0,0,0,0,0,0,0,0,0,2,1,1,0,6,0,1,0,2,0,3,0,0
3,1,0,1,2,0,0,0,6,3,3,1,1,0,1,1,1,0,0,0,0,0,0,0,0,0,0,3,0,0,2,3,0,3,1,1,1,1,0,2,0,3,0,1,1,0,0,23,1,1,3,0,0,0,2,1,6,1,0,0,0,1,0,0,0,0,0,0,1,0,0,0,0,1,0,0,0,0,0,0,0,3,5,0,0,0,9,0,0,0,2,0,0,1,1,0,0,0,6,1,0,1,0,0,2,0,2,0,1,4,0,1,0,1,1,0,2,0,1,2,0,0,2,0,1,2,1,0,1,7,0,1,1,3,0,0,0,2,2,2,2,0,2,1,0,0,1,2,0,3,1,0,1,0,7,0,2,1,5,1,0,0,4,1,1,0,1,0,3,1,0,0,10,0,2,0,0,2,0,1,0,0,5,1,4,5,0,0,0,4,1,1,0,1,1,1,0,1,1,2,0,3,0,3,2,1,1,1,1,2,1,1,0,7,0,0,0,0,0,0,0,4,3,1,1,0,0,0,0,1,1,2,0,0,1,1,0,0,0,0,0,1,0,2,1,1,0,5,0,0,0,4,0,3,0,0
3,0,1,0,3,0,1,1,0,2,4,1,0,2,0,0,0,2,0,0,0,0,0,0,1,0,1,0,1,0,0,2,0,1,0,2,1,0,0,2,0,3,0,4,0,1,1,26,2,0,7,1,0,0,1,0,5,2,0,0,0,0,3,1,0,0,1,0,0,0,0,0,0,0,1,0,0,1,1,0,1,2,2,0,0,0,4,0,0,0,1,0,0,3,5,0,0,0,2,0,1,0,0,1,1,1,2,0,1,5,0,0,0,2,2,0,1,1,1,2,1,0,1,1,2,0,0,2,1,8,1,0,4,0,1,2,1,3,1,3,0,1,2,1,1,0,2,1,0,2,2,1,1,0,2,1,0,1,0,0,1,0,7,2,2,0,1,0,3,2,0,0,9,0,0,2,0,1,0,0,0,0,1,4,2,3,1,0,0,5,0,0,1,1,1,1,0,0,1,5,1,1,3,4,4,0,0,0,1,0,0,4,0,7,0,0,0,0,0,0,0,2,3,1,2,0,1,1,1,0,3,1,0,0,2,1,0,0,0,0,0,0,0,2,1,0,0,2,0,0,0,4,1,4,0,0
1,0,1,0,0,0,1,1,2,1,2,1,0,0,2,1,0,0,0,0,0,0,0,0,0,0,0,0,1,0,0,1,0,0,2,1,1,1,0,1,1,2,0,1,4,3,1,28,1,1,3,0,0,0,1,0,6,0,0,0,2,0,1,0,1,0,0,0,0,0,0,0,1,0,0,0,0,0,0,0,0,4,4,0,0,0,9,0,0,0,1,0,0,3,0,0,0,1,2,0,1,0,0,0,0,3,4,1,0,7,1,1,0,2,1,1,0,0,1,0,2,0,3,1,1,1,0,2,1,10,0,1,7,2,1,2,0,4,1,1,1,0,4,1,0,0,0,0,0,3,0,0,2,0,2,1,0,0,3,1,0,1,10,0,0,1,1,0,2,1,1,0,11,0,0,0,1,1,0,0,0,0,4,4,1,6,1,0,1,7,1,3,0,0,0,0,1,1,1,3,1,2,3,3,3,0,0,0,2,1,0,2,0,3,0,0,0,2,0,0,0,5,1,1,1,2,0,0,0,0,1,1,2,0,0,1,0,0,0,0,0,0,1,1,0,0,0,1,0,0,0,2,0,6,0,1
0,1,1,0,0,0,1,0,2,0,3,0,0,0,0,0,2,0,0,0,0,0,0,0,1,0,0,0,3,1,0,2,0,0,1,1,0,2,0,3,0,4,0,2,0,2,2,28,1,0,7,0,0,0,1,0,5,0,1,0,2,0,2,1,0,0,1,1,0,1,0,0,0,1,0,0,0,0,0,0,0,2,1,0,0,1,4,1,0,1,0,0,0,0,2,0,0,1,4,0,0,2,0,4,1,3,3,1,0,6,0,0,0,2,0,0,1,0,0,0,2,1,0,0,0,1,2,0,0,6,0,0,3,1,2,1,1,3,2,4,2,0,4,1,0,0,0,0,0,3,1,4,0,0,3,2,0,1,1,1,0,0,9,1,4,1,1,1,2,0,2,0,5,0,0,2,1,0,1,0,1,1,1,1,1,1,0,0,0,5,2,5,0,1,3,2,0,0,3,6,4,2,2,2,5,1,1,0,1,0,0,6,0,6,0,1,2,0,0,0,0,3,0,1,0,1,0,1,0,0,2,2,0,0,1,0,0,0,0,0,0,0,0,2,1,2,0,1,0,0,0,2,0,3,0,0
0,1,0,1,1,0,0,0,2,2,1,0,0,1,2,0,0,1,0,0,0,0,1,0,1,0,0,1,2,0,0,2,0,0,1,1,1,0,0,2,2,7,0,2,2,3,0,24,3,2,5,1,0,0,3,0,6,3,0,1,2,0,2,0,0,0,1,0,1,0,0,0,0,0,0,0,1,0,1,0,1,3,2,0,0,2,6,0,0,0,0,0,1,1,2,0,0,0,2,0,0,1,0,0,2,2,3,0,0,5,0,1,0,2,0,0,1,0,1,0,1,2,0,0,0,0,2,1,0,11,0,0,3,1,1,5,1,4,3,2,0,0,3,1,0,0,1,0,0,3,2,3,0,0,6,1,1,1,1,0,1,0,5,0,1,0,1,0,2,1,0,0,10,0,1,3,2,0,0,0,1,1,3,0,0,3,0,0,0,2,1,2,0,0,1,0,0,0,3,3,3,1,4,2,0,1,0,1,1,1,0,5,0,6,0,1,1,1,0,0,0,2,2,3,0,0,0,0,0,0,2,1,1,0,2,0,0,0,0,0,0,0,1,2,1,1,0,0,0,0,0,3,0,6,0,0
0,0,0,1,1,1,0,0,2,4,3,1,1,0,0,1,0,0,1,0,0,1,0,0,0,0,0,0,0,0,0,1,0,0,1,0,0,0,0,2,0,4,0,2,1,1,2,23,1,1,6,0,1,0,0,1,9,1,0,1,1,0,3,0,0,0,0,0,1,0,0,0,0,0,0,0,0,0,2,0,0,5,2,1,0,0,7,0,0,1,0,0,0,1,1,0,0,0,2,0,0,1,0,2,1,1,5,1,0,5,1,0,0,3,2,1,0,0,1,0,2,1,1,0,1,0,0,0,1,9,2,2,3,1,1,0,2,8,2,7,2,2,2,1,0,1,5,0,0,2,4,3,1,0,4,1,1,1,3,0,0,0,5,0,2,0,1,0,1,2,0,0,6,0,1,3,0,1,0,0,0,0,4,2,0,1,0,0,0,2,0,2,0,0,0,0,1,1,0,2,1,3,3,0,5,1,0,0,0,0,0,3,0,4,0,1,0,1,0,0,0,2,0,2,0,0,0,0,1,0,4,2,0,1,1,0,1,1,0,0,0,1,0,2,2,1,0,2,0,0,0,2,1,8,0,1
1,0,0,0,3,0,0,0,1,0,4,0,0,0,0,0,0,1,0,0,0,0,0,0,2,0,0,0,2,0,0,3,0,0,1,1,1,2,0,2,0,1,0,3,0,1,1,18,0,1,5,0,0,0,1,0,6,3,1,0,4,0,2,0,0,0,2,4,1,1,1,0,0,1,0,0,0,1,2,0,0,1,3,0,0,1,6,2,0,0,0,0,0,1,1,1,1,0,6,0,0,1,0,0,0,0,2,1,0,3,1,1,0,1,4,0,1,0,2,0,2,4,1,1,0,3,1,2,0,8,0,1,4,4,2,2,2,0,1,3,1,0,2,1,0,1,2,0,1,4,1,3,2,0,2,1,1,2,2,0,0,1,7,0,0,1,1,0,0,0,0,0,6,0,1,0,2,0,0,0,3,2,1,3,1,4,1,0,1,6,0,4,1,0,2,2,1,0,0,3,3,1,3,4,3,1,1,0,0,0,0,3,0,4,0,1,2,0,1,0,0,3,1,1,0,0,0,1,0,0,2,1,0,0,0,0,0,0,0,0,0,0,0,3,2,1,1,2,0,0,0,0,0,5,0,1
1,0,0,0,0,0,0,0,0,2,0,0,0,1,1,1,0,0,0,1,0,0,0,0,2,0,0,0,5,0,0,0,0,1,0,1,0,0,0,0,0,3,0,2,1,2,2,25,0,2,4,2,0,0,0,0,6,2,0,0,2,0,1,0,0,0,1,0,0,0,0,1,1,0,0,0,0,0,0,0,0,6,1,0,0,1,6,0,0,0,1,0,0,3,1,0,0,0,3,0,1,2,0,2,3,1,6,2,1,5,1,0,0,3,0,0,1,0,0,0,3,2,1,1,0,4,1,1,0,8,2,0,4,3,1,2,0,3,1,1,1,1,2,0,0,0,3,0,0,3,3,4,0,0,0,1,0,1,1,0,3,2,8,0,1,0,0,0,2,0,1,1,5,0,3,1,0,1,0,0,0,1,1,4,2,2,0,0,2,5,1,10,0,1,0,1,0,0,1,6,2,1,2,3,4,2,1,0,2,1,1,1,0,3,0,0,0,0,0,0,0,3,1,3,0,0,0,0,0,0,2,0,2,0,2,0,0,0,0,0,0,0,0,2,2,1,1,1,0,0,0,2,0,4,0,1
0,0,0,0,0,0,0,0,0,1,0,1,1,1,0,1,0,0,0,1,0,0,0,0,0,0,0,0,2,0,0,1,0,0,0,2,1,0,0,1,1,8,0,1,1,1,2,22,1,1,3,0,0,0,0,0,3,0,0,0,0,0,2,0,0,0,0,0,1,0,0,0,0,1,0,0,1,0,1,0,0,6,3,0,0,1,2,0,0,0,0,0,1,4,1,0,1,0,4,0,0,1,1,3,2,1,3,0,1,5,1,0,0,3,3,0,1,0,3,2,2,1,1,0,0,3,0,0,0,6,0,0,2,1,2,4,1,1,1,2,2,1,2,0,0,1,1,0,0,4,3,2,0,0,3,2,3,1,5,0,1,2,6,1,0,1,1,0,1,0,0,0,7,0,3,0,1,1,1,0,0,1,3,4,0,3,1,0,0,4,1,4,0,0,0,1,1,1,2,2,2,2,2,2,2,2,3,0,0,0,1,4,0,4,0,1,0,2,0,0,0,2,0,2,0,1,0,1,1,0,4,1,1,1,0,1,0,0,0,0,0,0,1,3,2,1,1,5,0,0,3,5,1,5,0,0
1,0,0,0,0,1,0,0,1,2,2,0,0,0,1,0,1,0,0,0,0,0,0,0,0,0,0,0,2,0,0,2,0,0,1,1,0,0,0,0,1,6,0,3,1,3,0,24,1,2,7,1,0,0,1,0,6,0,0,0,3,0,1,0,0,0,1,0,0,0,0,1,0,0,0,0,0,0,1,0,0,4,1,1,0,1,2,0,0,1,0,0,1,2,3,0,0,0,5,0,0,2,1,2,1,0,7,0,0,6,1,2,0,3,1,0,2,0,2,2,1,3,2,2,1,1,2,0,0,4,0,1,6,3,1,2,1,1,0,4,2,0,2,0,1,0,1,0,0,4,3,5,1,0,0,2,1,0,2,0,0,0,7,1,0,0,2,1,2,0,2,1,8,0,2,1,0,1,0,1,0,0,1,1,2,2,1,1,1,4,0,3,0,0,1,1,0,1,1,3,1,3,1,1,2,2,1,0,2,1,0,1,0,4,0,0,0,0,1,1,0,1,0,3,1,0,2,1,0,1,2,1,1,1,0,1,0,0,0,0,0,0,0,0,3,2,2,1,1,0,0,3,0,5,1,0
