1,2,22,8,2,2,1,3,2,6,3,9,2,2,1,3,4,2,3,78,2,0,6,8,6,6,4,1,6,1,4,5,0,0,17,3,1,1,4,5,1,0,1,2,2,0,1,3,6,4,9,7,1,2,7,0,0,0,3,1,1,2,0,0,3,0,1,4,2,2,5,9,2,2,0,20,2,2,3,14,2,2,1,3,1,0,4,7,2,7,0,10,71,0,3,0,9,0,2,2,10,7,0,13,23,7,1,2,2,0,1,17,2,4,14,2,4,2,5,3,0,6,2,0,1,0,2,6,15,1,0,0,2,0,0,1,1,4,5,2,0,0,1,0,3,6,4,0,0,1,0,1,3,0,6,4,2,0,0,4,1,1,0,1,0,8,6,2,0,5,3,1,0,0,0,3,1,1,2,3,4,0,5,1,3,0,5,3,5,6,3,0,6,5,2,1,5,4,5,1,0,0,2,2,2,4,9,0,1,1,8,1,2,5,0,7,0,5,6,0,2,0,0,1,8,4,0,1,0,1,3,3,3,0,2,1,1,26,1,1,0,4,1,1,0,1,6,5,6,2,0,1,1,3,0,2
1,0,17,5,1,1,0,0,4,5,5,8,3,0,0,1,0,2,3,69,6,0,2,0,22,0,3,3,0,0,1,1,0,0,0,3,0,2,7,4,1,8,9,1,0,0,0,1,3,4,0,1,0,0,5,0,0,4,1,0,0,0,0,0,2,1,0,4,1,2,3,1,0,0,1,4,2,2,3,5,0,0,1,4,1,2,1,1,3,2,1,6,1,0,1,0,11,2,1,4,6,8,0,5,10,3,3,59,2,0,2,3,1,1,0,1,3,1,2,2,2,1,2,0,1,4,4,4,14,0,2,1,1,1,7,3,0,2,5,0,1,0,4,1,5,7,2,0,2,3,1,3,2,1,3,3,0,1,3,4,1,6,4,1,0,7,7,3,0,0,0,0,1,0,4,1,1,1,1,3,3,0,4,3,2,1,3,4,5,7,4,16,5,5,0,3,6,1,2,3,14,0,2,2,0,2,2,0,1,0,3,6,4,5,1,9,0,5,4,0,3,1,0,5,1,4,1,2,0,19,1,1,10,4,0,0,11,16,1,0,0,6,0,2,0,1,8,0,4,0,2,6,1,2,3,5
2,4,15,5,0,1,0,0,1,3,9,4,1,0,1,1,1,1,1,50,1,0,6,0,4,1,1,3,0,0,12,3,0,0,3,0,0,2,3,7,0,0,0,2,0,2,2,3,4,3,0,3,3,1,4,0,1,3,1,1,1,1,1,5,4,0,2,4,1,0,5,3,0,0,0,3,0,0,1,4,0,1,1,4,3,1,0,2,2,6,0,0,2,0,0,1,12,1,2,0,3,7,0,26,32,4,9,2,3,0,3,2,0,1,2,0,1,0,7,3,2,1,3,6,6,4,6,9,10,1,1,9,0,1,0,4,0,3,3,2,0,3,0,3,10,5,1,0,0,0,1,0,4,4,5,3,2,0,0,2,1,10,0,2,4,4,4,0,0,3,2,0,1,0,0,9,0,0,2,7,10,1,4,1,4,0,0,7,4,4,7,23,3,8,0,1,7,0,8,3,0,0,2,0,0,2,1,1,0,1,0,2,0,6,2,4,0,10,3,1,2,0,0,7,6,2,0,1,3,45,11,2,4,4,0,1,5,16,3,0,0,2,2,0,2,0,8,0,5,2,0,8,1,8,3,5
2,1,22,1,0,0,4,0,9,0,6,14,1,0,1,4,0,2,0,70,2,1,8,1,7,1,2,1,6,2,3,0,2,0,2,1,0,4,1,6,3,2,3,1,2,1,0,8,2,3,0,1,1,0,8,7,25,0,4,1,0,1,5,1,5,1,2,4,1,0,3,6,0,1,1,5,1,1,7,2,2,2,0,2,4,1,1,3,3,8,0,7,0,4,8,1,4,1,3,0,4,8,0,8,5,3,2,5,2,0,2,1,0,2,1,6,1,1,5,6,6,4,1,2,2,8,1,6,14,0,2,3,0,0,1,1,0,13,7,0,1,2,5,1,9,5,2,0,0,4,0,1,2,2,3,2,2,2,0,1,2,0,0,1,0,6,7,0,0,1,1,0,0,1,0,2,4,1,1,2,7,5,4,3,4,0,0,1,4,4,1,0,4,11,0,1,4,0,3,2,0,1,0,0,2,3,0,1,0,2,2,7,0,6,0,6,1,2,6,2,3,0,0,2,3,4,1,2,0,21,4,4,7,6,0,5,1,36,0,1,0,3,2,0,1,1,7,0,9,0,2,5,1,4,2,6
3,0,7,0,3,3,0,0,0,3,4,1,2,2,9,4,2,2,2,51,4,3,3,1,8,2,0,2,2,0,9,3,0,2,23,18,0,3,3,0,4,0,0,0,1,2,1,1,6,2,1,53,4,0,13,2,1,4,2,2,0,1,0,0,6,0,1,4,1,2,5,2,0,2,0,0,0,1,0,5,0,1,0,5,1,2,2,2,1,6,0,1,5,1,0,0,10,1,0,0,3,15,2,15,8,3,3,0,1,0,1,10,2,6,2,1,0,5,4,5,2,0,0,1,17,1,3,1,10,1,2,2,0,1,1,0,1,11,3,0,0,1,2,0,10,5,0,0,0,14,0,1,17,0,1,2,0,1,0,3,0,0,1,1,0,4,4,10,0,3,1,0,0,0,0,0,1,2,0,16,6,3,5,0,5,0,4,3,3,3,2,1,4,5,1,0,3,1,5,7,0,0,1,0,0,2,0,2,0,1,0,1,1,3,0,4,3,5,3,4,4,0,0,1,3,5,0,3,0,7,2,0,5,4,1,1,1,6,0,0,0,4,6,0,5,1,10,1,1,0,0,2,1,7,6,4
0,1,6,2,0,0,0,0,2,0,0,0,0,0,3,3,2,3,0,68,2,4,6,1,1,0,2,1,0,3,19,1,0,0,0,0,0,3,1,3,2,0,1,0,1,1,1,3,6,2,0,4,0,0,2,0,3,1,5,2,0,0,0,0,10,36,0,9,2,4,3,2,1,5,0,1,3,0,0,8,0,3,2,6,5,0,1,3,4,7,1,0,3,2,0,0,12,3,2,1,3,30,0,9,27,5,4,0,4,0,1,27,1,1,7,3,1,0,2,5,10,0,0,0,1,0,2,1,30,1,0,2,0,1,0,2,0,4,2,0,0,1,0,0,3,15,0,0,1,5,0,0,1,0,4,1,2,1,1,3,0,3,0,0,2,4,4,1,0,7,0,2,2,0,0,3,0,0,0,4,9,0,8,2,6,0,4,2,2,3,1,11,3,6,10,4,3,2,8,0,0,0,1,0,1,2,4,3,0,0,0,1,0,3,0,5,1,7,1,1,6,0,0,0,1,1,0,2,0,2,2,1,4,3,0,0,2,13,0,0,0,4,10,0,3,0,4,1,1,0,0,3,0,6,1,2
0,0,14,1,0,0,0,0,2,0,7,3,2,7,5,1,2,2,0,59,2,3,1,2,2,0,3,6,1,2,19,1,3,1,1,9,12,3,2,1,3,2,2,3,0,5,2,2,7,1,2,50,4,2,4,2,1,1,2,0,0,2,17,4,11,2,1,4,1,0,4,1,0,0,0,1,1,0,2,5,0,1,0,4,0,0,1,2,3,5,1,0,2,0,0,1,2,0,1,0,5,5,1,14,2,3,5,4,2,0,1,9,0,4,3,0,4,1,0,4,2,1,1,2,10,0,5,0,8,1,2,1,0,0,1,0,0,5,4,0,2,1,7,2,9,6,1,0,1,12,0,1,13,1,2,6,1,0,0,1,1,0,0,0,1,9,4,1,1,2,0,2,1,1,0,3,0,5,0,6,7,0,4,0,6,1,3,1,5,2,6,0,7,7,1,1,3,1,6,2,0,1,0,0,4,0,1,1,0,0,1,0,1,6,1,3,2,4,5,0,4,0,0,1,5,5,0,1,1,9,5,1,1,7,5,1,1,10,1,0,1,5,8,1,2,0,7,2,5,4,0,2,0,5,10,7
1,2,12,0,0,0,3,0,1,1,7,10,3,0,5,1,0,2,5,44,3,3,11,3,10,0,0,1,0,3,33,5,0,0,17,5,0,3,8,2,6,0,2,1,0,2,1,0,1,6,1,4,1,0,7,4,0,0,1,0,1,0,0,7,9,1,1,8,1,1,4,5,0,0,0,9,0,0,0,1,1,1,2,1,0,0,0,5,3,1,13,7,2,0,1,1,7,0,10,0,8,3,0,20,9,6,1,5,1,1,1,0,1,2,2,2,2,0,2,0,11,0,0,2,7,1,3,0,11,1,0,0,0,0,0,2,2,1,9,1,0,2,1,0,13,2,3,0,3,5,0,3,1,0,4,5,0,0,0,4,0,3,0,3,4,9,7,3,1,7,0,0,2,8,2,10,0,2,0,6,2,0,1,0,3,0,0,4,7,7,4,8,9,8,3,0,7,2,1,2,0,1,2,0,1,2,1,2,0,2,0,4,0,8,1,7,0,1,3,1,1,0,1,2,5,2,0,1,2,3,10,0,2,6,3,0,5,28,1,1,2,1,0,0,0,0,14,2,6,0,0,6,2,1,3,4
1,1,7,0,0,0,1,1,2,0,7,9,3,0,0,2,5,2,1,44,4,2,5,0,5,1,2,2,0,2,11,2,0,0,2,1,4,3,4,9,0,0,3,2,2,2,1,2,1,10,1,11,1,1,8,2,36,0,1,2,3,0,4,6,3,0,3,3,3,2,2,1,0,2,0,3,0,1,1,1,3,1,4,2,3,2,3,1,1,3,0,4,17,2,1,0,8,1,2,0,7,4,0,8,6,3,2,0,0,0,2,8,0,4,4,5,2,3,1,3,8,3,0,2,7,3,2,0,33,0,0,1,4,1,0,0,0,3,8,0,0,1,0,1,10,6,3,0,1,6,1,2,1,0,1,6,1,0,0,3,1,1,5,3,0,8,7,1,0,4,1,1,2,1,0,4,0,0,1,3,4,0,2,0,3,0,1,1,14,8,2,4,7,6,0,1,6,2,2,1,1,0,0,0,2,1,0,1,1,0,1,1,2,6,0,6,0,2,1,0,2,0,1,0,8,8,0,3,2,17,6,1,1,6,0,1,3,39,0,0,0,5,3,3,0,2,10,0,9,0,3,2,0,3,2,5
1,2,17,1,0,0,3,1,3,0,3,7,3,0,3,1,1,5,1,50,2,2,4,6,10,1,1,14,1,0,12,0,1,0,0,0,1,2,5,21,6,0,1,0,0,1,2,14,5,2,0,8,1,3,2,3,1,2,6,4,1,0,0,0,10,0,5,11,6,3,3,1,1,1,0,3,0,0,2,7,1,0,0,5,0,0,0,5,5,5,1,0,0,2,0,2,8,0,3,1,3,5,5,15,4,2,5,2,0,0,1,2,1,5,4,0,2,4,2,6,5,15,2,2,4,1,5,0,10,1,1,1,2,0,0,5,0,4,3,1,0,0,1,0,4,7,0,0,1,3,0,0,0,0,0,1,3,1,7,1,4,2,0,1,1,6,4,4,0,11,2,0,0,0,1,4,0,0,0,9,9,1,7,1,9,0,1,2,2,2,9,9,2,4,1,4,2,2,5,6,0,1,2,2,1,1,1,0,2,1,2,0,0,2,1,2,0,6,4,1,2,0,0,0,3,0,0,5,1,6,6,0,4,6,0,3,0,5,1,1,1,5,4,0,0,1,3,4,4,0,2,3,1,5,3,4
2,0,29,4,1,0,1,0,1,1,3,2,2,4,3,1,1,2,1,47,1,1,2,1,8,0,2,5,1,0,24,2,0,1,1,3,3,11,4,0,1,0,0,0,2,9,0,6,8,1,0,42,2,0,2,1,4,2,4,6,1,2,0,4,13,0,1,6,1,1,6,2,0,0,0,3,1,0,0,8,0,1,0,7,1,0,2,4,7,7,1,0,0,1,1,1,6,1,1,0,3,5,0,21,4,0,2,0,0,0,1,3,0,2,3,0,0,0,3,1,2,12,0,2,9,3,7,0,8,1,0,1,0,0,0,5,1,0,3,0,0,0,0,1,3,14,1,0,1,4,1,0,7,0,0,0,2,0,0,1,1,5,0,0,0,3,2,1,0,8,0,0,0,1,0,6,0,4,0,7,10,0,8,1,8,0,2,2,1,1,5,3,2,3,0,1,2,0,8,3,0,2,0,2,0,0,0,0,0,0,5,0,1,5,0,7,0,7,6,0,0,0,0,1,2,2,0,1,0,11,4,1,1,4,1,1,2,11,0,0,0,5,3,1,1,0,14,1,2,2,1,2,0,7,1,5
1,1,13,3,1,0,2,1,0,1,2,2,3,1,0,1,0,2,4,49,3,3,2,0,6,0,3,1,1,0,32,0,0,1,5,2,0,4,8,17,8,5,0,1,1,3,0,2,4,6,0,43,2,3,4,3,5,1,1,2,0,3,0,5,5,0,2,6,3,4,4,0,1,1,2,5,3,3,0,5,0,0,2,7,1,0,1,1,5,5,1,0,1,2,0,2,2,0,0,1,4,4,0,16,13,1,0,0,1,0,1,9,1,2,3,1,0,1,1,1,6,3,1,1,6,2,2,5,22,1,1,3,0,0,1,2,2,4,6,0,0,0,0,4,5,9,3,0,3,4,0,0,0,1,3,2,1,0,0,1,1,4,0,3,0,4,5,1,0,2,0,0,0,0,2,4,1,0,4,4,7,3,5,2,5,0,0,2,3,4,4,1,5,10,2,0,4,1,4,5,1,1,2,0,0,3,1,5,0,0,0,1,0,4,0,4,0,4,7,0,1,0,0,0,1,3,1,1,0,4,6,2,1,4,0,4,2,24,0,1,0,3,0,1,1,0,5,3,4,2,2,4,1,5,3,5
3,0,4,1,0,3,1,1,0,1,1,10,1,2,0,0,1,0,1,66,4,4,4,2,24,1,3,0,0,3,11,1,1,0,1,0,5,1,1,3,0,0,0,1,1,0,0,1,4,5,0,0,0,0,7,3,0,0,2,3,3,4,1,0,5,2,0,5,0,0,4,6,1,3,0,7,1,5,1,7,3,1,0,5,1,0,3,3,0,4,0,6,4,0,0,1,7,0,0,2,5,4,0,6,34,1,3,10,3,0,1,8,0,0,1,0,3,2,3,4,0,0,0,3,0,3,4,4,12,1,0,1,7,0,0,3,0,2,4,1,1,1,4,1,4,5,0,1,0,2,0,0,12,0,0,6,1,0,1,3,1,6,7,0,0,4,5,1,3,6,0,0,0,0,0,1,0,2,0,2,5,0,4,2,4,0,1,2,4,4,2,6,4,5,1,1,4,0,5,4,1,7,0,0,0,3,1,2,0,0,0,1,2,11,0,14,0,6,6,0,1,0,2,4,9,10,2,3,0,12,3,1,1,3,0,1,7,10,1,0,0,3,9,0,1,1,5,0,6,2,1,2,0,4,1,3
1,1,13,0,0,1,0,3,1,2,6,2,0,9,3,1,0,1,2,62,3,5,6,0,13,3,3,7,0,0,24,0,0,0,2,2,23,0,6,1,2,1,1,0,0,1,0,6,3,9,1,4,0,0,4,4,0,0,1,1,2,2,0,0,6,0,2,4,0,0,3,6,1,0,2,5,0,1,1,3,0,3,1,3,3,1,0,0,0,4,2,3,1,0,0,3,8,0,0,4,3,0,2,5,8,0,1,7,0,0,0,4,0,0,1,3,3,4,2,2,1,0,0,0,1,1,4,0,8,0,1,3,5,0,3,4,0,1,4,0,2,0,2,2,8,5,3,0,0,0,0,2,0,0,1,5,0,1,2,4,1,0,0,3,2,5,6,2,0,7,1,1,0,0,0,0,0,0,2,0,4,0,3,0,4,0,4,4,5,5,3,0,10,7,0,1,4,0,4,1,1,0,1,0,0,4,2,1,3,1,10,0,2,50,0,4,0,4,6,9,3,1,0,10,4,4,0,1,0,1,0,0,1,4,1,0,2,17,0,0,1,0,5,0,1,2,4,2,4,2,0,3,3,3,0,2
3,4,9,0,4,0,0,0,5,0,7,5,1,5,2,4,1,1,4,61,7,3,7,0,22,3,1,0,0,0,7,8,1,0,4,0,2,1,2,1,0,0,0,4,0,1,1,0,3,4,1,4,0,0,7,2,0,0,1,0,0,1,2,2,4,0,1,9,1,1,4,4,1,1,0,6,0,1,4,3,1,1,0,4,1,2,3,5,2,5,1,6,40,0,3,2,10,0,1,0,4,4,0,9,7,3,3,11,0,0,1,0,0,2,1,1,2,0,7,0,0,2,2,1,2,1,2,0,11,0,1,3,10,1,0,9,0,1,5,0,0,1,1,0,9,6,1,1,0,5,2,5,2,2,2,2,1,2,1,1,0,1,1,1,0,5,8,1,0,9,1,0,2,3,0,5,0,0,0,1,5,0,4,2,6,0,1,1,4,5,4,2,6,6,1,3,4,1,4,2,0,0,0,4,2,4,2,1,1,0,3,1,1,5,1,6,1,7,5,1,3,0,1,3,2,5,3,0,7,12,3,1,3,5,1,2,4,57,3,0,0,3,4,3,10,0,11,4,4,0,1,4,1,5,1,3
1,1,1,0,1,1,3,1,4,1,6,1,0,4,11,1,2,3,8,7,6,0,2,2,2,7,0,2,0,4,2,3,1,4,1,6,2,8,2,9,2,1,1,1,1,8,3,6,4,6,2,3,8,2,18,0,0,0,0,1,1,4,0,0,2,0,7,2,2,1,2,13,1,0,1,5,1,3,5,2,0,2,4,2,2,1,7,0,3,8,2,1,3,1,1,3,1,0,2,1,5,2,1,2,3,5,1,1,1,1,1,0,0,4,2,3,7,2,11,0,0,1,2,0,0,3,2,2,8,2,1,3,1,2,0,16,4,0,8,2,1,0,3,5,1,2,0,0,0,1,5,8,0,3,0,1,0,3,0,2,1,1,0,0,3,6,8,6,2,3,8,1,2,1,0,3,0,1,0,1,3,1,2,3,36,2,2,1,6,9,4,0,7,9,0,2,5,0,2,2,1,0,2,0,4,3,3,3,1,2,3,1,1,5,2,8,0,4,3,1,3,0,1,2,0,2,1,1,0,1,0,0,9,4,1,1,0,0,2,0,1,0,2,3,0,7,6,1,9,3,11,4,0,6,11,3
0,4,18,0,0,0,0,0,2,9,0,9,2,3,7,3,0,0,0,66,2,1,5,0,14,2,5,3,1,5,3,0,2,0,6,4,11,0,4,1,5,0,1,3,0,2,1,7,5,2,0,0,6,0,8,1,6,0,3,7,0,2,0,1,5,0,0,7,0,6,2,3,1,0,2,8,1,8,0,3,0,5,1,3,2,0,1,2,1,4,2,1,55,0,7,0,4,0,1,5,7,2,0,6,32,5,1,8,1,0,3,2,4,5,3,7,3,1,0,4,0,3,1,0,1,1,0,4,8,0,2,1,0,0,2,2,1,1,5,1,0,0,0,5,1,5,0,2,1,0,0,1,2,1,0,1,2,0,0,1,1,2,1,3,0,5,10,2,2,1,0,0,0,0,1,1,0,1,1,1,3,0,3,1,5,0,3,0,5,5,0,0,5,6,1,0,5,0,3,0,3,0,3,0,1,2,1,0,0,0,3,0,0,5,2,5,1,3,4,0,3,0,0,3,5,2,0,3,2,4,0,2,4,2,0,3,0,8,0,0,2,1,3,0,0,1,8,3,6,1,0,4,0,3,3,1
0,0,18,1,0,8,0,0,7,0,4,8,0,1,1,0,0,1,2,64,3,1,10,0,17,0,1,21,0,6,5,0,1,1,16,1,0,1,4,9,5,0,16,4,0,0,0,9,4,1,0,1,0,1,9,1,3,1,2,4,2,2,2,0,8,2,0,4,0,2,3,7,0,0,0,8,0,1,1,4,2,1,1,5,1,0,3,0,1,4,0,6,5,1,0,1,8,2,3,1,5,5,1,8,4,3,1,0,0,0,1,4,0,2,0,3,2,2,4,1,11,0,0,0,1,1,2,2,22,0,0,2,5,0,0,2,3,1,4,0,1,8,0,3,3,4,0,0,0,2,0,1,0,0,2,1,5,2,0,0,4,0,1,8,0,5,8,1,0,9,5,0,0,0,21,3,0,2,0,0,4,0,6,2,4,0,1,0,4,4,3,7,6,7,2,1,4,0,4,1,0,0,0,0,1,3,0,1,0,0,0,1,0,5,1,4,0,4,3,0,1,0,0,0,4,4,1,1,1,3,3,0,1,5,0,0,1,27,0,0,2,5,1,0,1,0,6,0,6,5,0,3,1,4,0,2
5,1,31,4,0,0,1,0,1,1,0,3,1,0,2,0,2,2,2,62,1,4,5,2,12,3,2,1,0,2,30,5,3,0,20,8,1,3,3,5,1,1,1,1,0,1,0,2,3,4,1,21,0,3,5,2,0,1,1,0,0,1,0,1,3,3,0,3,0,0,2,2,0,0,1,4,0,1,0,3,0,0,1,3,3,1,4,0,1,3,1,2,1,0,0,0,7,0,1,0,4,5,0,5,7,1,5,1,14,0,1,3,1,3,0,9,4,2,6,3,0,6,1,1,0,1,2,1,8,0,2,1,4,0,1,2,1,0,4,0,0,0,2,1,0,3,1,2,0,1,0,1,1,1,0,5,1,1,0,2,1,0,0,0,5,4,4,1,0,9,1,1,1,1,1,2,2,0,0,0,7,0,3,1,3,0,1,4,6,6,3,32,5,5,1,1,4,1,3,2,1,0,0,0,1,1,5,3,0,0,0,0,2,6,2,4,0,6,2,0,3,0,0,0,2,2,0,4,0,0,2,1,1,4,16,0,1,12,3,0,10,1,0,1,0,1,6,0,3,1,0,1,0,3,2,3
1,0,20,2,0,2,0,1,6,1,6,2,1,1,14,0,0,2,4,62,6,0,7,4,1,1,4,1,2,1,7,0,0,0,0,3,2,3,2,3,1,0,1,2,1,2,1,2,4,8,1,1,2,0,9,1,5,0,1,2,2,0,1,0,6,0,0,2,0,2,2,5,1,1,0,7,0,0,2,5,1,1,1,2,5,2,2,1,1,2,0,5,0,0,6,0,5,3,0,0,9,8,0,5,6,8,1,0,0,0,0,1,0,4,0,1,2,0,15,2,0,0,0,0,2,5,1,0,11,2,1,1,4,0,0,3,3,3,7,0,0,0,48,1,13,11,0,0,4,4,2,1,0,1,2,5,3,0,1,2,0,5,0,2,0,6,8,1,0,2,0,0,1,1,0,2,0,4,0,3,3,0,3,1,2,0,2,2,6,8,0,0,6,10,0,4,8,2,5,2,1,0,0,0,7,0,0,0,5,0,7,2,1,6,0,6,0,2,2,7,7,0,0,0,1,8,0,3,1,13,0,0,3,6,1,0,2,40,2,1,1,0,1,0,0,2,7,0,6,0,0,5,0,3,0,2
2,2,17,2,1,0,2,0,2,0,1,17,1,1,6,2,1,2,0,60,3,0,3,2,10,2,2,0,0,1,2,0,0,1,1,3,0,1,2,3,3,1,1,2,0,3,0,1,3,4,1,3,1,2,4,4,0,6,2,5,0,0,0,0,9,5,3,2,1,0,3,5,1,0,0,0,4,0,1,4,0,0,0,5,1,1,2,2,1,5,2,4,3,0,2,1,8,0,1,1,0,2,0,12,13,1,7,45,1,0,11,3,0,3,2,1,1,1,1,2,3,2,1,5,1,10,5,4,7,0,2,2,0,0,1,2,3,3,5,0,1,0,0,1,2,7,3,1,3,6,0,0,1,0,0,1,0,2,1,1,1,0,3,0,0,3,6,1,0,2,0,0,1,0,0,2,1,3,1,0,6,2,6,0,5,0,0,0,2,4,3,1,2,6,0,4,2,1,4,7,0,0,1,2,8,0,3,1,0,1,4,1,0,4,0,4,0,5,2,1,5,2,1,9,2,3,0,2,1,15,5,2,1,6,0,0,2,17,0,0,0,2,1,1,0,1,3,2,6,1,0,0,1,5,2,4
1,1,6,4,1,0,2,1,3,1,4,30,2,1,2,1,0,2,1,55,6,2,12,0,10,3,3,3,0,0,6,3,1,1,0,2,2,2,4,1,1,0,0,0,0,0,0,4,5,4,1,2,0,1,5,3,1,1,2,0,5,5,0,0,6,10,2,5,1,1,2,1,1,1,0,6,4,0,0,5,2,3,3,8,4,2,2,1,2,7,4,7,9,0,4,2,13,0,3,1,4,0,0,5,17,1,4,7,2,0,2,2,0,4,5,1,1,2,7,2,3,2,0,1,4,10,2,4,13,1,1,1,0,3,1,2,0,4,4,0,4,2,1,0,7,7,1,1,1,3,0,2,2,0,1,2,0,2,0,2,1,0,0,3,0,2,6,0,0,7,1,5,0,1,2,3,0,1,0,6,7,0,7,3,5,0,1,3,3,5,2,5,2,3,0,1,2,0,5,1,0,0,0,0,1,0,0,2,2,0,0,1,1,2,1,4,0,5,2,2,4,0,0,2,0,4,0,2,2,21,3,1,5,3,0,1,2,42,0,0,0,3,2,0,2,1,2,0,2,2,0,2,1,7,0,3
2,0,18,1,1,0,2,4,1,1,5,15,1,0,5,1,0,2,0,60,4,3,4,0,9,0,4,0,0,1,14,0,0,0,39,4,2,1,4,5,2,0,0,2,0,0,0,6,4,6,0,15,0,1,5,5,1,0,1,0,1,8,5,0,8,0,1,6,0,1,4,4,0,0,0,1,2,0,0,4,3,1,2,5,5,0,4,3,11,5,0,2,12,2,1,1,5,5,2,0,2,1,0,4,5,4,0,0,0,0,1,1,0,2,4,9,2,0,3,1,2,9,0,0,0,0,5,3,8,0,2,2,0,0,1,4,1,2,4,1,0,1,0,1,8,9,5,0,0,2,0,0,1,0,0,4,1,0,0,2,1,1,0,3,0,3,4,3,0,1,1,1,2,3,2,3,0,0,0,2,5,0,4,2,4,1,3,1,4,4,3,1,3,4,0,2,3,0,4,2,0,0,0,2,4,0,1,1,0,0,3,0,0,4,0,5,3,4,4,1,4,0,0,1,5,2,0,3,0,3,3,0,1,2,1,1,5,36,2,1,1,2,1,2,0,0,4,1,1,10,0,4,0,5,2,5
0,2,14,3,0,0,1,0,2,3,4,15,0,0,8,1,1,0,3,57,5,0,3,2,8,3,1,11,1,1,5,0,2,1,0,1,2,1,4,3,7,0,0,1,0,0,0,1,2,3,0,37,0,0,7,3,0,1,2,1,1,1,1,0,9,1,2,2,0,1,3,3,1,1,1,4,1,0,3,2,0,0,2,2,3,0,1,1,1,4,0,1,0,1,2,0,6,1,1,0,6,5,0,2,7,2,1,5,1,0,1,23,0,1,0,4,1,0,1,2,3,4,0,1,6,1,2,0,12,2,1,0,4,0,0,0,1,0,6,0,5,0,2,10,4,4,2,0,1,3,0,2,8,1,1,7,0,0,1,2,0,1,1,2,0,5,7,1,0,1,3,0,0,2,2,1,0,0,9,5,6,0,5,2,2,0,1,21,6,6,2,16,7,5,0,1,5,0,3,0,0,0,0,0,2,2,1,1,0,0,0,0,0,7,0,5,1,8,2,1,2,0,1,12,5,2,1,0,3,7,1,0,8,1,1,4,2,0,0,1,0,0,12,0,0,0,15,0,5,0,0,3,1,2,2,1
0,0,26,1,0,1,0,1,4,5,2,12,1,0,8,1,3,2,0,54,3,1,6,2,5,4,3,1,0,1,19,2,0,0,4,3,1,2,8,3,4,0,2,0,0,3,0,3,3,6,1,2,0,0,5,3,14,2,1,0,2,0,4,0,9,0,0,7,0,5,3,5,0,1,0,2,1,0,1,3,0,1,2,5,4,1,3,1,1,7,0,2,3,0,2,0,4,4,0,0,6,0,2,11,4,0,4,1,1,0,2,5,1,5,2,3,2,0,5,1,1,6,0,2,3,9,4,3,9,0,1,2,0,0,0,5,1,2,4,1,0,10,7,4,6,10,0,1,0,0,0,0,2,0,0,8,5,0,0,1,3,6,0,0,0,3,4,1,1,6,1,0,2,1,4,5,1,2,4,4,5,0,6,4,6,0,1,2,2,4,3,17,3,3,0,0,2,1,6,3,1,0,0,0,1,1,0,2,0,0,0,1,0,4,0,5,0,5,1,0,0,1,0,0,3,5,0,1,0,22,3,0,3,6,0,2,2,29,1,1,1,1,0,0,0,3,2,0,3,0,0,2,1,9,0,7
1,1,4,1,0,0,0,1,1,5,2,2,0,1,4,0,4,1,0,56,4,6,3,1,12,1,0,0,1,0,10,4,1,0,1,0,4,1,7,2,4,0,1,1,0,2,0,11,5,2,2,7,2,0,6,0,9,0,2,1,1,0,3,2,10,2,1,6,0,1,6,7,0,0,0,3,1,1,1,7,4,2,0,5,2,0,3,2,2,6,4,3,6,1,3,1,8,0,3,2,4,2,0,12,7,2,3,7,3,1,5,18,0,7,0,2,1,0,0,5,3,4,1,0,1,1,4,0,17,1,1,4,1,2,0,2,0,1,3,1,0,1,1,3,0,5,2,0,0,7,0,0,1,1,4,3,0,2,0,3,0,0,13,2,0,4,5,1,0,7,0,1,1,3,3,1,0,2,8,1,6,2,5,0,7,0,2,1,4,3,3,1,3,4,4,3,3,1,7,1,0,0,1,2,2,5,4,0,1,0,4,1,2,5,0,5,0,6,3,4,1,1,0,5,2,4,10,2,2,2,2,2,3,3,1,0,1,30,1,0,0,2,6,0,0,2,4,0,2,4,0,2,0,5,4,3
1,3,2,4,2,0,0,3,1,0,4,7,0,1,3,1,0,1,7,51,0,1,6,4,5,0,1,10,1,0,17,4,1,0,5,1,3,1,5,6,0,0,0,1,0,2,1,2,3,4,0,1,1,0,6,1,0,3,1,3,1,0,1,2,4,2,0,2,0,0,3,0,0,1,1,10,1,0,3,3,0,2,1,4,2,1,0,1,3,3,0,5,1,0,4,0,10,0,2,1,5,3,1,17,11,2,2,20,1,0,1,6,1,4,4,3,3,0,8,2,3,0,0,2,6,11,3,2,15,1,3,1,0,0,0,2,0,2,6,0,0,1,3,0,8,6,2,1,2,4,0,0,9,0,8,3,1,0,2,4,0,4,0,2,0,6,8,0,0,9,1,0,0,0,0,2,0,2,1,7,4,3,3,3,3,0,2,0,5,6,9,7,6,6,1,0,5,1,3,3,1,0,1,0,0,2,0,0,0,0,3,0,0,6,0,5,0,4,3,0,0,0,1,1,6,5,1,0,0,25,6,1,3,4,0,0,6,44,1,0,3,2,1,1,0,1,5,0,4,0,3,8,0,3,5,5
0,37,5,1,1,2,1,4,15,5,3,1,2,2,5,0,1,1,6,7,3,3,4,2,4,4,3,3,3,3,3,0,2,6,4,4,3,18,7,4,1,0,1,0,0,9,1,7,3,8,4,0,6,0,11,0,1,0,4,1,0,2,0,2,4,0,4,2,0,0,2,7,1,0,0,7,1,13,4,5,1,0,5,3,0,0,4,0,3,5,1,2,6,0,0,1,0,0,1,0,4,0,0,6,2,2,1,0,4,0,0,3,0,7,0,1,2,1,2,4,0,1,3,1,1,0,3,0,7,3,2,2,0,0,3,34,3,1,4,7,1,0,2,9,0,2,0,0,0,0,10,0,1,1,0,4,3,0,1,6,1,1,1,1,0,5,7,0,0,3,0,0,10,2,5,1,1,0,1,1,3,0,2,6,2,3,1,2,5,5,0,2,4,5,3,1,6,0,2,1,0,0,3,1,6,3,4,0,2,1,1,0,0,4,3,7,1,2,3,1,2,0,1,0,9,3,2,8,0,2,11,0,3,7,0,0,0,2,3,1,0,2,2,8,0,3,5,1,3,3,4,5,0,4,10,2
0,1,14,0,0,1,1,0,2,1,2,9,2,0,4,2,5,1,2,43,0,3,5,5,3,0,2,2,0,1,12,0,0,0,1,0,2,1,5,5,9,0,1,1,0,2,0,2,4,7,1,10,0,0,7,1,26,1,2,2,1,1,0,1,5,2,1,5,1,3,3,1,0,1,0,7,2,0,0,6,0,2,0,5,2,0,0,1,2,7,2,5,12,1,5,1,0,0,1,2,3,1,0,12,3,2,0,3,0,0,1,4,0,2,4,1,0,2,2,0,7,2,0,3,10,1,2,1,24,0,2,2,1,0,0,4,1,2,4,0,1,0,0,1,6,9,0,0,0,5,0,1,0,1,4,5,1,0,0,3,1,2,0,0,0,3,5,3,0,6,3,0,0,1,1,3,0,1,0,7,8,3,5,2,5,0,0,1,3,4,3,4,3,9,0,0,2,0,6,2,0,1,0,0,0,1,1,2,1,0,2,1,2,6,1,4,0,5,3,1,7,1,1,0,2,4,1,2,0,3,6,0,2,4,0,2,3,28,2,0,0,5,3,3,0,2,3,2,7,0,1,3,0,5,3,4
1,0,5,3,0,0,0,1,0,2,7,3,4,2,17,0,4,2,2,70,2,6,7,2,12,0,0,2,5,1,5,5,0,2,2,3,3,0,5,5,2,0,1,1,0,0,1,0,3,4,5,0,0,1,10,0,31,0,2,10,0,0,3,1,11,1,0,11,0,0,2,4,0,1,1,6,1,1,4,14,0,0,2,3,2,1,3,2,3,5,19,3,0,0,0,0,10,0,4,1,3,2,6,13,10,13,5,1,4,0,4,1,2,2,0,6,2,0,2,3,0,6,1,1,1,32,2,0,7,0,1,0,5,0,1,1,3,7,5,1,0,2,7,3,1,5,2,1,0,1,0,2,7,2,4,4,0,0,1,4,1,1,3,8,1,8,7,7,0,7,3,1,1,2,0,1,1,2,5,2,4,0,4,0,4,1,0,0,4,5,2,3,5,4,2,1,4,3,4,1,1,0,0,6,0,1,3,0,2,0,1,2,0,5,0,8,0,4,2,0,1,1,0,3,3,0,0,2,0,1,4,2,7,1,1,0,0,12,1,1,1,4,1,0,4,1,8,5,4,2,2,3,0,4,0,3
0,1,8,4,0,1,0,3,3,1,4,21,1,3,3,1,5,0,7,67,3,8,9,0,6,1,3,2,0,2,11,0,3,0,2,2,3,0,9,4,8,3,1,4,0,1,1,1,3,2,0,19,1,0,4,2,18,3,3,3,1,2,0,1,7,1,1,5,0,1,3,3,0,3,2,5,2,1,3,5,0,0,0,3,5,3,3,2,2,4,5,1,2,1,1,1,8,1,1,4,6,5,7,6,10,7,2,2,1,0,2,23,0,3,0,4,2,0,4,5,3,0,0,0,0,7,4,0,15,0,0,0,2,0,2,3,0,4,4,0,0,2,0,2,4,5,2,1,0,2,0,1,1,0,0,4,1,0,0,2,2,0,0,0,0,4,8,0,0,4,0,1,1,1,2,2,0,1,0,1,5,1,3,3,3,0,2,2,5,6,4,1,4,5,3,0,7,0,3,0,0,0,0,0,0,0,1,2,2,0,0,0,2,4,0,7,0,7,1,2,1,0,0,0,3,6,0,1,2,8,4,0,2,5,0,0,5,29,2,1,0,5,5,0,1,0,7,0,4,0,0,4,0,5,1,0
3,0,1,4,0,0,2,0,3,0,4,1,3,0,4,1,0,2,4,33,5,3,7,3,2,0,0,0,0,2,1,2,2,0,1,0,0,2,7,4,1,0,0,1,0,1,0,1,3,3,0,1,0,0,7,5,0,0,2,1,3,22,0,6,4,0,1,4,1,2,5,2,0,0,0,5,0,1,2,3,3,3,1,3,2,0,1,5,3,3,7,3,1,0,0,2,11,2,0,1,11,0,2,22,11,2,3,1,0,0,0,6,1,0,8,0,0,0,2,1,0,7,1,3,2,4,2,7,8,0,1,2,0,0,0,1,1,2,6,1,0,2,0,3,9,6,1,0,0,2,0,0,8,1,1,4,0,1,0,3,0,1,0,0,0,5,8,3,2,1,2,0,1,0,0,11,0,1,1,1,5,1,4,2,8,0,0,1,3,3,6,0,6,5,1,1,3,1,4,4,2,3,0,0,1,2,3,0,0,0,3,1,0,5,0,6,0,4,2,1,0,0,1,0,6,4,0,3,3,22,7,3,10,7,0,0,8,46,1,0,2,2,1,0,0,1,6,0,6,1,1,2,1,4,4,5
0,0,11,3,1,0,0,0,1,0,4,5,2,1,3,1,0,3,2,59,4,0,4,1,0,3,3,1,12,3,16,2,0,0,0,1,0,0,0,2,0,1,2,3,0,0,1,6,3,5,1,5,0,2,10,0,0,2,1,1,0,1,0,0,8,4,1,3,1,1,2,2,1,2,1,6,1,2,1,2,0,2,0,2,5,0,4,0,4,4,0,4,40,0,6,2,2,1,4,1,5,1,0,3,7,3,4,0,1,0,4,3,0,4,0,0,2,0,16,3,1,0,2,1,0,4,2,1,10,0,1,1,0,0,0,0,1,0,4,0,2,1,2,0,4,4,0,0,0,5,0,0,0,1,2,3,0,1,1,2,1,1,0,1,1,4,5,1,0,2,0,0,0,0,0,0,0,0,0,0,3,3,3,0,4,0,0,3,6,4,2,3,5,5,0,0,4,1,2,1,0,0,0,1,1,4,0,0,1,1,0,2,0,6,0,12,1,4,2,0,6,1,2,5,3,12,1,0,0,37,4,2,3,2,0,1,2,43,1,1,1,3,1,0,1,0,4,2,5,1,0,2,2,3,4,2
1,0,33,1,0,0,2,3,2,1,0,31,1,4,1,0,1,3,1,51,6,0,3,0,0,2,2,0,1,4,2,1,2,2,7,1,0,5,2,7,8,0,5,1,0,2,3,2,1,5,1,1,0,0,7,4,0,0,1,2,3,1,0,2,4,0,3,1,2,1,2,8,1,0,1,5,0,1,0,5,0,3,1,1,1,2,3,1,2,1,0,4,1,1,0,0,3,0,3,0,9,2,1,6,4,6,0,8,1,0,2,1,1,1,2,5,4,0,1,3,6,20,1,1,0,6,5,6,11,0,2,1,4,1,1,1,3,4,8,1,0,2,0,2,8,9,4,0,2,4,0,0,1,0,1,6,1,2,1,1,2,2,0,0,8,8,6,0,3,10,0,0,2,3,2,4,0,1,0,5,2,2,1,0,4,0,3,5,8,6,3,1,9,8,1,0,7,1,1,4,0,0,1,2,0,1,0,1,0,0,2,1,0,6,0,8,0,3,5,0,0,1,0,1,4,5,1,0,0,40,1,2,1,4,0,2,3,36,2,0,0,0,0,1,0,2,6,1,7,1,3,4,4,4,1,3
0,0,4,1,0,1,1,0,1,1,6,3,1,0,1,0,1,1,1,65,1,1,6,2,12,0,4,1,0,2,28,8,1,10,3,0,4,0,8,0,6,0,0,2,0,1,4,7,10,2,3,13,2,0,5,1,2,0,1,1,0,3,1,0,7,0,0,5,0,0,3,3,0,1,1,8,0,1,0,9,0,3,0,5,4,0,1,3,2,5,0,9,4,0,4,0,2,1,0,0,4,0,1,6,9,1,1,1,1,0,0,3,3,0,0,0,3,2,3,3,2,4,0,0,1,0,4,0,27,0,0,3,2,0,2,1,0,2,3,0,0,0,2,1,5,6,0,1,0,0,0,0,5,1,7,6,2,2,1,5,5,3,3,3,0,4,4,0,0,6,0,0,1,2,1,0,0,1,0,1,6,0,7,0,5,0,3,1,3,3,0,8,3,5,3,2,3,0,6,0,0,0,1,5,1,2,4,0,0,1,0,0,3,4,0,2,0,10,2,1,3,0,2,3,3,4,1,7,0,3,2,0,1,3,0,0,1,7,0,0,0,0,3,2,2,1,5,0,4,0,0,4,1,5,0,1
0,0,5,2,0,0,0,0,3,1,3,7,0,5,1,2,0,2,6,56,7,1,9,1,7,8,1,8,0,0,17,1,1,2,6,3,1,0,2,6,2,0,0,0,0,1,1,5,3,5,0,4,2,0,6,1,8,0,4,2,0,1,1,0,10,1,8,2,0,1,1,6,0,0,0,10,1,0,0,2,0,1,3,3,3,0,6,2,2,3,1,3,10,2,0,2,7,1,1,2,1,2,0,3,3,2,1,0,0,0,13,1,2,1,1,5,0,0,1,2,4,2,1,0,2,4,1,1,10,1,4,1,1,0,1,0,0,1,4,1,1,0,2,0,5,6,1,1,2,2,0,3,1,4,0,4,0,2,3,2,3,0,3,4,2,4,8,2,0,6,1,0,0,0,0,1,0,0,1,1,3,0,5,0,3,0,0,4,4,5,2,2,6,4,1,0,4,1,2,1,0,0,0,0,0,4,5,0,0,0,0,0,1,5,0,6,0,4,0,2,2,1,0,0,2,4,0,2,0,2,5,1,5,2,0,0,1,45,3,0,1,2,3,2,4,3,6,0,5,0,3,4,0,8,5,3
2,1,22,0,0,1,1,3,0,2,5,3,0,1,1,1,0,2,3,63,4,1,5,2,3,3,0,1,1,0,7,0,1,0,1,0,2,1,3,4,3,1,2,5,0,1,0,0,2,6,2,1,1,1,7,1,3,0,1,3,2,2,0,0,10,4,0,1,0,2,3,2,0,0,1,4,2,0,4,3,0,2,2,2,2,0,4,0,3,3,0,6,60,2,10,2,6,0,0,0,4,4,2,6,5,11,1,16,1,0,0,4,0,1,1,2,3,1,3,6,1,14,2,3,1,1,2,3,12,0,2,0,0,0,0,3,1,0,6,0,1,1,0,3,8,3,2,1,0,1,0,1,4,2,1,6,3,0,0,2,0,0,0,1,0,6,6,0,0,3,0,0,0,1,3,0,0,3,0,3,2,0,3,0,3,0,0,0,5,6,4,0,7,6,1,2,5,1,2,2,0,0,0,1,3,3,0,1,0,1,6,1,0,9,0,5,0,2,5,1,2,0,0,0,3,5,0,1,9,23,2,2,3,1,0,0,3,49,1,2,1,4,2,1,0,3,6,2,5,1,1,4,1,3,11,1
1,1,0,1,0,0,1,1,4,0,6,2,0,20,0,0,0,3,3,9,27,6,22,0,0,7,2,11,0,0,16,0,3,2,0,18,0,1,1,19,0,4,0,2,0,2,1,3,4,4,0,2,2,0,7,0,0,1,1,2,2,15,0,4,4,2,12,5,1,0,6,5,1,0,0,1,1,1,1,3,0,3,2,4,2,0,1,0,0,6,0,0,0,1,0,1,4,1,6,3,5,0,3,4,0,1,1,1,4,0,0,0,0,4,0,12,3,1,3,0,0,2,2,1,7,0,1,3,17,0,4,2,2,2,0,0,14,2,8,2,2,0,1,1,3,4,5,1,6,0,0,2,0,0,3,3,0,2,4,3,3,0,2,1,0,6,5,4,1,8,2,4,1,0,1,8,0,1,0,0,4,3,4,0,4,0,0,4,4,8,3,1,4,5,3,0,4,1,8,2,1,0,0,1,0,1,11,3,0,0,0,1,0,4,0,7,0,5,5,7,2,0,0,3,3,4,1,0,0,1,0,1,4,3,0,0,2,0,0,0,1,1,1,0,0,3,4,0,3,0,1,19,0,11,2,0
0,0,19,1,2,0,0,2,5,3,6,11,0,1,3,0,1,3,3,59,7,2,4,2,2,5,2,0,1,5,21,1,0,0,9,39,3,0,2,5,7,0,0,7,0,4,0,1,1,6,0,1,1,0,9,0,0,0,3,1,1,4,0,4,4,0,2,2,0,1,0,3,2,0,0,6,1,0,1,1,1,2,3,2,3,1,3,1,2,4,2,4,1,0,0,1,2,2,6,1,4,4,1,2,6,2,4,6,0,0,0,1,0,1,0,2,4,2,3,4,1,1,0,0,1,0,2,1,11,1,6,0,0,0,1,1,0,1,5,1,1,0,0,1,3,2,4,0,1,4,0,0,0,0,4,1,0,1,0,4,1,2,2,6,1,7,7,0,0,4,2,1,2,0,3,1,1,0,1,1,3,0,6,1,3,0,3,2,5,6,1,11,5,5,0,0,6,0,2,3,0,0,0,1,0,2,6,0,0,0,2,0,1,5,0,10,0,2,5,1,4,0,0,3,1,2,0,2,2,1,0,1,3,1,0,0,1,24,0,1,1,1,0,7,0,2,5,3,5,0,1,4,1,6,2,1
1,1,14,3,0,0,1,0,0,0,13,6,0,0,1,2,1,3,3,45,2,0,3,1,10,0,1,4,1,3,25,1,2,0,0,1,0,1,2,1,1,0,0,0,0,1,1,9,3,2,0,2,0,0,7,3,0,1,1,0,1,0,0,0,6,1,2,4,1,1,4,3,0,1,1,6,0,0,2,3,0,1,2,4,5,1,1,1,2,3,0,6,1,0,3,1,11,1,1,0,7,2,4,7,6,3,4,3,0,0,0,9,2,1,6,0,1,0,6,2,1,0,0,3,2,8,2,2,12,0,0,3,2,0,2,2,0,2,5,0,1,0,1,2,11,12,2,0,2,2,0,0,8,1,1,4,3,0,0,3,1,2,0,0,0,6,8,1,0,5,0,0,0,1,0,4,0,1,0,1,3,1,3,4,3,0,1,3,5,5,4,2,6,6,0,0,6,0,3,0,1,0,0,0,1,2,0,1,0,0,4,2,1,6,2,5,1,7,1,2,6,0,0,3,3,3,0,0,0,33,3,1,1,4,0,0,1,49,2,1,3,5,0,1,0,0,10,0,4,0,3,4,1,3,3,3
0,1,8,26,0,0,0,1,4,2,4,27,1,1,14,0,3,7,0,65,1,1,10,1,8,4,1,1,1,6,5,0,0,1,9,0,1,0,3,4,6,0,3,4,2,0,0,3,6,1,2,1,2,1,5,0,0,1,2,1,1,1,1,0,8,0,1,6,0,0,8,2,0,3,0,3,1,1,0,6,0,1,0,6,2,0,4,3,1,6,1,5,1,0,1,0,6,0,1,0,1,11,0,10,33,1,1,24,4,0,1,2,0,2,0,5,2,0,7,1,0,3,2,1,0,2,0,1,7,1,0,2,0,0,0,3,2,6,1,1,0,0,2,3,5,8,0,0,1,0,0,0,1,2,1,2,1,0,0,1,1,1,0,2,1,1,5,2,2,2,2,0,0,2,0,2,0,1,2,0,8,0,6,1,8,0,0,3,1,1,2,1,1,1,0,4,1,3,9,4,0,0,1,8,0,0,1,1,0,0,2,0,0,1,0,1,0,6,4,1,1,0,1,7,2,7,1,1,0,3,1,0,3,3,0,1,1,45,1,3,0,2,1,1,0,0,4,2,0,0,0,0,1,6,2,1
0,3,39,2,0,0,3,0,0,0,1,11,2,1,1,1,0,2,0,47,5,4,7,0,7,1,3,5,1,1,2,1,0,0,0,0,0,6,3,4,1,0,1,0,0,1,1,2,5,3,1,0,0,1,2,4,0,0,2,0,2,0,1,4,5,5,1,5,0,0,5,4,1,0,0,4,2,0,1,4,0,2,1,5,5,0,2,1,2,5,0,4,6,0,3,2,13,0,2,2,4,1,0,11,0,3,3,36,3,0,5,8,0,3,0,3,1,1,2,2,2,0,0,1,7,2,1,1,9,3,0,5,0,0,1,2,1,1,3,1,0,1,2,0,5,5,1,0,1,3,0,3,0,1,6,2,1,0,1,4,4,8,1,1,10,3,4,0,1,3,0,0,0,2,1,7,0,1,3,7,7,0,7,1,6,0,0,3,3,4,1,1,5,3,0,2,3,0,7,1,3,0,0,0,1,0,1,2,0,1,3,2,0,5,0,5,0,5,0,0,3,0,0,11,2,8,0,4,1,29,4,0,2,5,0,1,2,28,0,0,0,7,0,0,1,1,4,0,2,2,0,1,0,5,0,3
1,0,14,0,0,0,0,1,0,0,5,8,2,1,1,0,0,1,0,61,4,1,8,1,3,0,1,6,1,0,18,0,0,1,12,15,31,0,1,3,8,0,0,1,0,0,1,14,3,6,0,13,0,0,12,2,2,0,3,4,1,5,0,0,5,2,1,4,2,1,3,5,0,0,1,2,3,1,2,10,2,1,1,3,1,2,3,1,1,3,2,4,3,0,0,0,5,1,1,0,2,0,2,6,13,1,3,4,2,0,5,5,0,3,0,10,3,1,8,4,2,4,1,1,0,5,2,0,12,1,4,2,2,1,1,0,0,1,5,1,1,1,0,2,5,7,2,0,0,1,1,0,2,0,1,4,2,0,0,4,1,0,1,4,0,5,7,0,1,7,0,0,0,0,1,1,3,0,2,0,6,0,7,1,3,0,3,1,6,5,4,2,5,6,0,4,5,2,5,1,0,0,0,1,1,1,4,1,0,0,2,1,0,5,0,2,0,3,3,0,2,0,2,4,5,2,0,1,0,0,0,0,0,0,0,0,1,17,1,1,2,5,3,0,7,1,6,2,4,2,2,1,1,3,2,2
0,1,25,1,1,0,0,0,2,0,5,12,1,0,5,2,2,4,3,53,3,2,3,4,5,1,2,3,4,0,14,1,2,0,0,1,2,3,6,6,4,10,2,0,0,4,8,4,4,3,2,45,3,5,3,0,2,0,1,4,2,1,0,3,4,0,1,4,2,1,4,2,0,0,1,1,0,3,2,5,0,0,0,4,2,3,0,0,4,5,1,2,2,1,1,1,5,0,0,1,4,5,0,10,12,3,2,3,42,0,1,16,1,2,0,0,1,0,1,0,2,1,1,4,2,0,2,1,8,0,0,0,0,0,1,1,0,1,3,0,0,0,0,1,6,4,0,0,0,8,0,0,1,2,0,2,2,0,0,0,0,0,0,0,1,5,5,3,0,1,2,0,0,2,0,8,0,0,0,1,8,0,4,0,4,1,1,1,5,3,3,0,3,8,0,0,5,2,4,3,0,2,0,1,0,0,0,5,0,1,0,0,0,5,1,9,0,4,2,2,8,0,1,0,3,0,0,2,0,2,7,0,5,3,0,3,0,7,1,0,0,2,3,1,0,0,5,0,6,1,0,1,1,5,1,6
0,4,21,1,2,0,1,3,4,1,3,12,3,2,2,3,1,3,0,48,2,1,1,2,7,1,3,0,0,1,10,0,0,0,2,2,16,3,4,3,3,0,0,1,0,4,0,7,3,4,1,34,1,0,8,3,7,0,1,0,3,1,1,2,9,0,1,4,3,0,3,2,1,0,2,0,0,2,0,3,0,1,1,3,2,3,3,0,4,3,0,1,20,1,1,0,3,2,4,4,3,2,0,10,2,5,1,2,0,0,0,0,0,2,3,1,2,2,1,3,4,8,0,4,0,3,4,3,11,1,2,2,0,0,0,1,2,0,3,0,0,1,3,0,1,7,2,0,1,4,2,1,3,3,0,3,0,0,1,4,3,2,0,1,1,4,6,1,0,6,2,0,0,1,1,2,0,1,0,6,7,0,14,0,4,1,0,2,3,3,4,19,3,5,3,1,3,3,10,2,2,1,1,0,0,1,0,3,0,0,2,2,0,4,1,7,0,3,9,1,0,0,0,0,2,6,3,1,1,5,2,0,6,3,0,0,1,5,1,1,0,2,7,2,14,1,5,0,5,1,0,2,2,4,6,6
0,0,20,1,0,0,1,2,2,0,2,5,0,1,13,2,9,2,0,51,0,12,5,0,6,0,3,0,1,2,13,0,0,0,5,0,2,9,2,0,7,0,1,2,2,1,0,0,5,4,1,23,0,0,7,2,3,2,5,1,0,1,1,2,9,4,0,9,1,0,3,1,1,0,2,5,1,0,0,7,1,3,0,6,2,0,1,2,3,7,0,1,9,0,1,1,5,1,1,0,4,0,1,8,3,4,0,0,1,1,6,6,0,3,2,2,1,3,3,3,0,5,0,0,2,2,5,1,15,1,1,3,2,0,0,2,0,1,2,0,0,0,1,2,5,7,3,0,0,3,0,0,2,0,0,6,1,3,0,3,0,0,0,1,28,2,3,0,0,5,0,0,1,0,0,0,0,2,1,3,8,0,8,1,6,0,0,2,5,4,2,12,3,4,0,1,2,0,5,2,0,0,0,1,1,0,3,1,0,0,1,0,0,3,1,2,2,6,4,0,4,1,1,0,4,1,0,2,0,6,7,1,0,5,1,0,2,35,1,0,0,2,4,1,6,0,3,0,2,3,0,0,0,8,0,3
1,0,0,2,0,0,2,2,0,0,6,4,2,1,0,2,1,2,0,53,1,2,2,0,1,0,2,1,0,0,19,1,1,0,6,2,12,2,2,0,2,1,2,0,0,3,0,2,4,1,0,38,22,1,3,1,0,6,1,1,1,12,0,0,7,3,0,5,3,1,4,1,1,0,0,1,3,0,0,5,1,10,0,6,5,0,1,1,1,5,0,0,1,1,0,0,2,0,3,1,2,6,0,8,8,1,6,0,2,0,2,8,0,1,0,3,1,3,0,3,0,0,0,2,2,1,3,1,13,0,3,2,0,0,0,3,2,4,1,1,1,0,2,2,6,6,11,0,1,12,0,0,7,1,1,3,1,2,0,1,2,3,0,1,0,4,3,1,1,4,5,1,0,0,1,4,0,0,1,1,8,0,6,1,6,1,2,1,1,1,3,2,2,5,0,0,1,1,5,1,0,2,0,0,0,1,0,0,1,0,1,4,0,1,0,3,0,6,3,1,3,0,0,4,3,5,2,10,1,0,6,0,0,5,0,1,0,4,4,0,1,2,4,0,1,0,2,0,2,2,1,1,2,6,16,4
0,0,8,1,3,0,1,0,1,3,1,3,0,1,2,2,0,3,4,55,14,3,2,1,6,8,1,1,0,1,15,0,1,0,10,0,4,0,1,0,1,0,2,0,0,3,0,4,2,5,2,4,0,0,11,1,0,0,1,1,0,2,0,1,3,1,5,4,1,0,2,4,1,0,1,10,0,0,0,2,0,1,2,3,1,3,0,9,0,8,0,2,44,0,0,3,8,0,1,0,3,1,0,4,4,0,1,6,1,1,2,18,2,3,0,5,3,1,3,4,0,1,0,0,0,4,4,0,8,1,2,1,1,0,2,1,2,1,6,0,0,2,1,0,3,5,0,0,3,2,0,4,0,0,1,6,3,5,3,3,1,1,2,3,0,5,9,3,0,7,0,1,1,1,2,2,3,0,1,0,4,1,3,2,4,0,2,3,5,7,4,17,5,6,1,1,5,0,3,1,0,0,0,1,1,0,0,2,0,0,1,1,0,5,0,6,0,3,3,1,4,0,1,0,5,1,3,1,0,1,5,3,6,1,0,0,2,4,0,0,0,1,3,0,0,3,6,3,9,1,1,4,3,4,4,1
0,0,5,0,3,0,0,1,1,0,1,0,0,4,0,0,0,1,9,55,4,1,3,0,1,7,3,3,0,0,4,0,1,5,0,1,0,0,0,3,1,4,1,2,0,0,2,4,6,2,0,6,0,0,5,2,0,1,3,3,0,5,1,2,6,2,12,6,2,1,3,17,0,1,0,3,2,2,2,4,1,1,12,4,0,3,1,5,1,9,0,1,1,0,0,1,3,0,4,0,4,1,4,6,3,4,2,2,0,2,1,5,2,1,0,4,1,0,2,0,0,3,0,0,2,1,2,1,10,0,2,2,3,2,0,3,3,1,5,5,0,0,3,6,1,5,0,0,0,0,0,4,0,1,1,5,0,2,5,4,1,1,3,1,1,4,8,4,0,4,3,2,0,1,1,4,1,3,1,3,5,4,5,1,5,0,0,2,4,5,3,4,5,4,1,1,3,0,7,0,0,1,0,0,2,4,8,2,1,1,2,0,0,4,1,4,2,7,2,1,0,0,4,1,2,5,0,1,0,2,2,0,16,3,0,0,0,2,1,0,3,0,1,0,0,2,6,0,6,0,1,20,12,14,2,1
0,2,11,1,0,0,0,0,0,1,5,1,2,3,1,1,1,3,0,61,2,1,0,0,18,2,2,9,0,0,23,1,1,0,0,2,2,0,5,2,1,1,1,1,0,3,0,4,5,2,0,37,0,1,9,2,2,4,2,1,1,0,24,0,8,0,0,6,0,1,5,4,1,0,0,0,2,0,6,5,0,0,3,5,9,3,7,0,3,6,0,0,43,2,3,0,0,0,0,1,4,3,0,6,8,0,2,11,1,0,2,2,0,0,0,0,1,0,1,5,0,0,1,1,3,5,4,1,28,0,0,3,6,0,1,4,0,2,3,1,1,0,8,1,2,8,0,0,0,13,0,0,3,0,0,4,2,2,2,1,0,1,0,0,0,3,5,0,0,0,0,0,0,0,0,1,1,0,0,3,7,0,7,0,5,1,1,1,5,3,1,2,5,5,0,0,3,2,5,3,1,0,0,0,0,0,0,4,0,0,0,0,1,3,0,2,0,6,1,2,2,0,0,4,1,5,0,3,0,5,2,0,2,3,0,5,0,1,0,0,0,0,8,0,1,0,3,0,3,0,0,1,2,6,3,3
0,0,4,1,2,1,1,2,0,2,6,11,2,18,2,0,0,1,6,13,1,4,2,1,1,7,0,11,3,0,4,0,0,8,0,6,1,0,0,30,1,0,5,6,0,5,0,3,4,7,0,1,1,3,8,0,2,0,0,2,0,10,0,1,4,0,20,4,0,0,5,1,0,2,1,6,1,1,0,4,0,3,4,4,0,0,0,3,0,9,6,3,4,0,1,9,2,0,0,0,5,2,1,9,1,0,0,6,3,0,0,2,0,1,0,0,5,0,1,2,2,0,0,2,0,5,1,1,10,0,1,4,0,2,0,0,7,2,4,0,0,1,0,4,0,5,0,0,2,0,0,0,0,1,0,3,2,17,7,1,2,0,2,1,1,8,8,1,0,2,4,6,0,1,5,0,0,1,0,1,5,0,7,0,4,1,1,4,4,10,8,0,4,4,1,0,4,2,10,3,2,0,0,0,0,3,3,1,0,1,3,13,0,4,1,8,2,4,1,3,2,0,1,0,1,2,0,1,0,1,0,0,2,10,4,1,1,4,1,0,0,1,1,0,4,4,4,2,4,0,0,17,2,15,1,1
0,0,0,2,0,1,0,3,4,3,1,5,3,7,0,1,1,0,13,6,7,0,13,1,1,2,1,15,3,0,11,1,1,2,0,0,2,1,1,50,0,3,2,0,1,1,0,2,2,8,0,1,2,0,13,2,0,2,1,1,2,3,2,5,4,5,33,2,1,0,1,3,5,0,0,11,9,2,1,2,0,2,3,4,3,4,2,4,0,7,2,22,4,1,1,3,2,0,2,0,8,1,3,3,2,5,0,0,1,0,1,2,2,3,0,2,0,1,1,2,7,0,0,0,1,0,0,1,9,0,1,2,0,1,2,4,3,2,5,0,2,0,0,7,0,2,2,0,5,1,2,1,1,2,0,5,2,1,5,2,4,3,3,2,0,6,5,4,0,4,2,1,0,0,1,1,1,0,0,3,3,2,3,4,6,0,3,3,6,4,0,0,6,6,2,0,6,0,3,1,2,1,0,0,1,5,0,0,0,0,7,0,1,5,0,9,0,2,0,0,1,0,1,1,4,2,0,1,6,5,0,0,2,4,0,0,4,0,2,0,4,1,1,3,1,2,5,0,7,0,0,36,12,3,6,0
2,0,2,2,1,0,1,3,6,0,3,3,0,18,1,1,2,5,6,10,14,0,10,3,0,15,0,15,0,2,14,0,0,0,1,10,1,3,4,0,0,1,1,1,0,6,0,7,3,4,4,4,0,2,6,1,2,0,1,1,0,7,0,2,4,2,13,3,3,1,3,6,2,0,0,7,0,0,1,8,0,1,4,3,1,1,2,2,0,14,0,5,3,0,1,7,1,0,4,1,6,2,1,2,5,4,4,0,2,1,2,2,0,2,0,10,0,1,3,1,4,0,1,6,4,2,0,3,7,0,19,0,5,2,0,3,13,1,4,0,1,0,0,6,0,3,2,0,0,0,0,1,0,2,0,7,0,4,8,8,4,3,2,6,0,4,6,1,0,1,4,0,0,3,1,10,0,0,2,2,3,0,5,1,4,0,0,5,4,13,9,0,4,5,3,0,4,0,5,2,0,0,0,3,0,3,2,1,2,2,3,0,0,4,0,6,2,4,6,1,4,1,0,3,4,0,1,0,0,1,0,1,5,1,0,1,0,1,1,0,1,1,0,0,1,3,6,0,7,1,1,23,3,11,3,2
1,1,8,1,0,0,2,2,3,1,4,25,1,2,15,0,0,2,3,53,5,0,4,3,5,1,3,2,1,2,8,2,2,1,9,5,29,8,8,3,6,0,1,1,3,0,0,1,1,5,0,23,3,0,8,1,3,2,2,5,2,3,4,0,5,0,1,2,1,0,2,2,0,1,1,6,1,2,0,3,0,2,3,1,3,0,2,0,1,4,6,0,0,0,0,0,3,0,5,1,4,2,3,5,4,1,1,8,1,0,3,4,0,3,1,9,0,0,2,3,0,0,1,1,2,0,2,6,10,0,1,0,1,1,0,0,0,0,6,1,1,0,2,0,4,1,1,0,0,2,0,0,0,0,0,5,0,1,0,6,0,0,0,8,13,5,8,1,1,1,0,0,0,1,1,1,0,1,0,1,3,1,1,3,3,0,0,4,7,5,4,0,7,6,1,0,6,0,2,1,0,0,0,1,0,3,1,1,0,0,1,1,1,7,1,7,0,3,3,0,2,1,0,0,4,5,1,1,2,0,0,2,1,1,0,1,0,24,1,1,1,0,4,2,1,2,6,0,3,0,1,6,0,1,5,1
1,2,1,0,0,0,2,0,0,1,0,6,0,2,0,0,0,0,4,14,0,3,17,1,0,2,0,4,5,1,5,0,1,0,1,0,0,0,1,6,0,0,0,2,0,0,4,5,2,6,1,0,2,0,9,1,0,2,0,0,1,3,0,2,5,1,10,1,0,0,3,2,0,1,2,10,1,2,1,1,1,1,8,4,0,6,2,3,1,6,2,16,21,2,0,8,0,0,4,5,6,1,1,5,0,4,0,1,4,1,3,2,1,1,0,16,0,0,1,2,4,2,0,3,8,4,4,1,8,1,1,2,1,5,4,4,3,5,5,0,0,0,0,7,3,3,1,2,3,1,0,2,0,1,1,5,0,3,5,3,6,0,4,1,0,5,5,1,0,5,4,3,0,1,0,4,1,1,0,4,3,6,12,0,5,1,2,0,5,7,2,0,7,5,1,0,5,0,6,2,1,1,2,0,0,7,1,3,0,0,4,2,1,7,1,12,0,6,0,0,2,0,0,0,1,0,6,0,0,3,2,0,3,2,0,0,0,3,2,0,6,1,1,1,0,4,3,1,2,0,2,10,0,5,5,1
0,2,32,2,0,2,3,0,2,3,5,5,0,0,0,0,3,2,1,51,4,0,3,0,10,4,5,2,0,0,8,0,0,0,3,6,5,2,10,5,1,0,1,2,1,1,0,8,4,8,0,1,1,1,5,2,42,6,2,4,0,1,1,1,6,0,1,3,1,1,4,5,0,0,1,3,0,2,3,6,3,0,0,4,4,2,2,3,1,4,0,1,17,0,0,0,10,0,1,0,7,2,1,8,2,3,3,8,0,0,2,3,0,3,0,0,1,0,4,1,2,1,1,2,9,3,5,0,11,0,1,1,1,2,0,2,0,3,4,0,0,2,2,0,3,5,1,0,1,2,1,0,0,0,3,5,0,3,1,3,0,0,0,0,0,4,6,0,0,3,1,0,0,2,1,3,0,1,0,9,4,1,4,1,5,0,1,3,14,6,1,1,4,5,1,3,4,2,5,2,1,0,0,0,0,1,0,0,0,0,0,0,1,4,1,4,0,5,8,0,3,1,1,1,2,6,0,0,0,4,5,0,3,6,1,0,1,10,2,0,0,4,8,1,0,4,7,2,7,1,1,0,0,5,3,4
1,3,14,1,0,0,2,0,1,1,1,5,2,0,1,4,0,2,8,56,5,2,6,1,11,1,5,6,1,1,14,0,0,0,3,7,12,1,7,3,1,1,0,0,0,1,0,2,4,5,0,25,0,2,7,2,1,0,2,1,0,1,3,0,4,0,4,3,1,2,4,4,1,0,1,6,1,0,0,2,0,1,3,2,5,0,0,1,5,3,1,3,2,3,1,0,2,2,2,1,7,1,0,7,10,3,3,5,0,0,0,3,0,3,3,1,2,3,2,2,0,0,2,1,1,3,5,0,29,2,5,1,5,0,0,3,3,2,6,4,0,2,5,4,6,5,2,0,1,1,0,4,2,4,3,8,3,0,0,2,2,1,0,1,3,6,5,1,0,5,0,1,0,0,0,3,0,0,1,3,2,0,2,1,3,1,1,1,5,6,3,6,5,7,0,0,6,1,2,1,0,0,2,2,0,3,5,1,0,1,1,0,2,8,1,5,1,11,7,1,0,0,1,10,2,6,1,2,0,16,2,0,0,5,0,6,1,19,2,0,0,3,4,0,1,2,6,0,5,0,0,4,0,3,1,3
0,0,4,1,0,1,4,2,1,1,3,6,1,2,5,0,1,0,4,52,3,1,10,2,3,1,2,3,1,0,4,1,3,2,14,2,0,1,4,7,3,0,0,1,0,8,0,0,2,5,1,21,0,1,8,1,1,0,1,0,1,4,0,0,5,0,8,2,2,2,1,7,0,2,2,5,0,1,1,2,0,5,5,3,1,4,0,4,2,11,1,2,3,1,1,2,6,0,3,0,8,7,1,9,18,7,1,1,1,1,0,2,0,3,0,1,0,0,5,0,1,2,1,0,2,6,0,1,10,0,2,4,0,0,1,1,1,0,5,1,0,1,14,0,1,8,0,0,1,3,1,1,0,0,1,1,1,4,1,1,1,1,0,3,1,5,14,1,0,2,3,3,0,0,6,3,3,1,2,4,5,0,3,5,3,0,0,0,6,7,4,1,7,6,1,0,5,0,3,0,2,0,0,0,0,3,4,3,0,0,5,1,0,5,0,8,1,6,2,0,2,0,0,1,0,5,7,0,0,1,1,1,4,4,1,0,1,30,0,0,1,2,1,1,0,6,5,2,8,2,0,9,1,7,2,4
0,1,0,1,1,0,2,0,3,3,1,13,0,8,0,2,1,0,3,32,3,5,14,3,0,8,0,8,2,0,8,0,4,4,0,8,5,0,2,37,0,2,0,2,1,1,0,4,1,2,3,0,1,1,10,0,0,1,0,1,2,2,2,0,2,6,10,1,0,0,0,4,1,0,0,5,0,0,5,2,0,2,16,1,2,1,1,1,1,8,3,19,6,0,2,2,0,1,3,1,9,0,0,5,0,3,1,0,4,0,3,2,0,1,0,3,6,0,3,1,2,0,1,0,2,5,0,3,8,2,2,0,0,0,2,1,5,3,7,0,2,0,0,1,0,1,2,0,3,0,0,0,4,1,0,4,0,3,5,2,2,2,1,2,0,7,7,2,1,5,2,1,0,3,2,0,0,2,2,1,4,2,4,1,3,1,4,1,7,8,4,0,7,8,2,0,7,0,6,1,1,1,2,0,0,5,1,3,0,0,4,0,2,7,0,13,1,3,1,1,2,0,0,2,2,1,0,1,2,5,1,0,2,4,0,1,0,13,1,0,0,0,0,1,0,2,7,1,5,0,1,21,0,4,0,0
2,0,10,2,1,1,1,0,4,1,3,5,1,5,3,0,1,0,2,66,4,0,9,1,12,1,0,4,1,4,15,2,0,0,18,22,4,0,10,5,0,2,3,3,0,0,1,3,3,4,1,22,0,0,6,0,13,2,1,4,2,0,4,0,13,5,2,8,0,0,3,3,0,1,0,6,0,1,1,5,2,2,1,3,1,2,2,2,23,6,1,3,1,0,5,2,2,0,2,1,5,5,3,7,18,8,0,1,0,0,1,4,0,1,0,6,3,3,5,1,0,2,0,1,2,3,2,3,9,0,1,2,0,0,0,1,0,3,6,0,0,0,0,0,1,4,0,0,1,0,0,0,2,1,1,3,0,2,0,0,1,2,2,3,1,5,6,0,1,4,0,0,0,0,1,0,2,0,1,2,3,0,5,1,6,1,1,3,3,3,2,22,5,6,2,0,3,0,3,1,0,0,0,2,1,1,0,1,0,0,0,2,2,5,2,6,0,5,3,1,1,0,0,0,2,2,0,1,2,4,0,0,0,1,1,0,1,25,1,1,0,0,1,0,4,1,4,1,6,2,2,4,0,3,2,0
4,1,0,0,4,0,2,3,1,1,7,2,1,2,0,0,1,0,1,7,2,4,1,5,3,6,0,1,0,0,2,2,1,1,3,4,4,7,0,0,3,8,0,1,0,0,1,0,3,5,1,2,1,1,8,1,0,1,0,2,0,1,0,2,3,3,1,9,1,2,1,0,0,0,2,2,1,8,0,3,4,2,8,8,0,0,1,2,3,5,0,0,4,0,1,3,3,1,5,0,4,0,8,4,2,3,1,3,4,1,0,2,3,3,0,1,0,12,0,0,5,1,0,19,3,1,0,3,8,2,2,0,2,1,0,2,4,2,32,3,0,0,0,3,0,3,0,1,1,0,0,4,0,3,1,4,0,2,0,5,0,2,1,1,0,6,8,11,0,1,15,1,0,0,2,1,1,0,3,0,5,1,3,0,4,2,0,4,6,3,4,4,3,3,1,4,4,3,3,1,3,1,0,0,2,9,2,3,1,1,0,0,1,3,0,7,0,40,4,1,2,0,3,1,3,3,0,1,0,2,6,1,1,2,2,1,0,2,0,0,0,6,0,1,1,7,4,2,5,1,1,2,5,5,1,2
2,3,11,6,0,1,1,1,1,0,3,14,0,2,4,0,1,4,1,59,1,0,4,1,3,3,2,1,0,1,0,0,4,3,0,2,0,0,6,2,4,0,3,1,0,0,2,2,5,1,1,1,12,3,7,2,0,4,2,3,1,2,3,0,9,1,2,5,1,1,5,3,0,0,0,4,0,3,2,8,1,10,1,5,4,0,1,0,2,4,0,4,0,0,0,0,12,1,1,0,7,13,2,6,39,4,4,6,1,0,2,11,0,0,0,28,1,3,7,7,0,1,0,0,3,1,1,5,7,0,0,2,0,0,0,2,1,2,3,0,0,0,3,0,1,6,0,1,0,2,0,0,3,1,0,1,0,0,0,1,0,1,0,0,1,4,5,0,1,0,3,1,0,1,0,0,0,0,1,3,5,0,4,1,4,0,1,2,4,4,3,0,4,4,1,2,3,2,6,4,1,1,1,4,2,1,20,0,1,0,1,1,1,3,1,11,0,4,7,0,2,2,0,4,2,1,0,3,0,3,3,0,4,0,6,1,2,10,1,0,1,3,0,0,0,0,4,0,4,1,6,2,0,5,5,2
1,0,2,2,0,0,1,1,0,0,10,7,2,2,5,0,0,2,2,51,2,2,3,4,0,1,0,3,1,1,17,3,1,0,3,2,8,1,2,4,8,5,0,5,0,3,0,1,4,3,0,8,2,1,4,1,9,3,1,1,0,2,4,1,7,1,1,6,2,1,4,6,0,0,1,3,1,3,4,5,0,1,1,6,2,2,2,2,8,6,0,5,7,0,8,0,2,0,0,0,2,2,0,11,7,3,4,1,1,0,6,2,0,3,2,7,3,0,4,1,2,6,0,6,0,2,2,3,8,1,2,2,2,0,0,1,0,2,4,0,0,1,1,2,4,7,2,0,1,2,0,0,4,2,1,6,2,1,0,6,1,1,0,0,0,5,6,1,0,7,0,0,0,1,0,1,1,2,0,5,5,1,7,1,4,0,3,2,6,5,4,11,5,4,2,0,4,0,4,0,0,0,1,0,0,0,0,0,1,0,1,0,0,5,0,6,1,9,2,0,1,0,0,4,5,8,0,0,0,12,5,2,6,5,0,0,3,23,0,0,0,11,1,1,3,4,6,0,7,1,0,5,2,5,5,1
0,0,0,0,2,0,1,0,6,2,0,1,0,8,1,0,1,0,27,5,4,2,6,2,0,0,2,5,1,3,3,0,1,3,1,1,0,0,3,2,0,0,0,0,2,0,1,2,4,6,0,0,2,5,8,0,0,1,0,1,0,2,0,1,2,1,6,3,1,0,10,10,2,0,1,3,4,7,1,2,0,1,8,2,1,4,0,1,0,3,0,5,2,1,1,3,1,0,7,4,13,1,3,5,1,1,2,5,6,2,0,0,1,1,0,1,3,2,1,3,1,1,3,0,0,3,1,2,9,0,1,2,6,3,0,5,9,0,6,2,1,0,5,6,1,2,0,1,2,0,0,7,0,4,5,8,0,1,5,4,2,1,3,0,0,9,10,7,1,7,1,4,4,1,2,1,4,0,2,4,3,4,9,3,2,2,2,0,6,20,1,1,6,6,5,1,6,1,9,0,0,0,1,1,6,5,2,2,0,1,4,1,3,6,0,7,0,3,4,4,2,0,2,2,2,1,0,0,0,3,2,1,11,1,0,0,2,2,1,0,3,0,0,0,0,5,10,0,4,2,1,13,1,16,2,1
1,0,8,1,1,3,2,2,0,1,13,5,0,1,12,0,3,0,1,56,6,1,7,1,2,1,2,1,1,2,1,4,0,1,2,1,5,0,2,7,3,1,1,0,0,0,3,0,2,5,1,0,1,1,7,0,14,0,0,0,0,0,1,1,6,3,1,3,1,2,2,1,0,0,0,4,0,5,2,4,1,4,2,2,8,0,1,3,1,5,0,2,38,0,7,1,2,0,1,0,6,0,2,6,3,4,5,15,2,0,9,3,2,0,3,6,3,1,2,1,2,1,0,0,2,8,1,2,13,0,4,0,1,0,0,1,0,0,6,2,0,0,1,0,5,3,0,0,0,3,0,0,1,0,4,3,2,0,3,4,2,0,0,3,0,6,6,1,0,0,1,1,0,0,1,1,1,0,1,1,2,0,3,1,2,0,3,1,5,6,2,0,6,8,0,2,5,0,2,0,2,0,0,2,0,3,0,0,0,0,0,0,0,6,0,5,1,5,2,0,4,0,1,1,3,7,0,0,1,4,2,0,5,5,0,1,1,39,0,0,1,0,1,0,0,1,6,0,9,5,2,4,1,4,1,1
1,1,2,0,0,0,2,3,2,0,0,2,1,4,0,1,1,2,26,9,23,1,14,0,1,22,4,4,0,1,10,0,3,0,2,2,0,0,0,13,1,0,0,0,0,0,0,1,2,6,0,0,3,0,6,0,0,0,1,1,1,1,1,6,3,4,12,4,0,2,5,31,5,1,1,0,0,0,2,3,0,2,3,2,1,1,0,0,3,3,0,0,3,0,0,1,4,0,1,1,7,2,2,0,0,8,2,0,0,0,0,1,0,0,0,3,1,1,0,1,1,2,0,0,0,2,0,2,7,0,3,1,2,3,0,1,10,2,7,0,0,0,8,2,0,2,0,0,1,1,0,2,0,1,0,6,0,3,4,6,0,1,5,4,0,6,14,0,0,1,1,3,0,0,4,4,1,2,1,7,2,2,3,0,3,1,0,5,4,4,13,0,6,5,2,0,4,0,3,1,0,0,0,0,0,7,7,2,0,0,4,12,0,5,1,7,3,4,3,0,3,1,0,5,1,0,1,2,0,2,0,0,22,1,0,0,1,1,0,1,1,0,0,0,1,3,4,0,7,1,0,20,0,3,0,0
0,2,21,2,0,2,1,2,2,0,2,6,1,0,0,0,2,1,1,47,3,0,4,0,3,0,0,1,4,0,8,0,2,0,19,1,4,1,2,1,0,2,0,3,0,3,0,4,5,1,0,11,3,2,5,0,11,0,2,1,0,0,2,0,5,0,1,4,1,1,6,1,0,0,0,7,2,0,2,5,1,0,1,5,0,1,2,3,0,6,0,3,34,1,2,0,6,0,1,1,4,0,2,9,2,3,1,0,3,1,2,1,0,1,2,0,1,2,1,2,1,3,0,2,1,1,2,2,9,1,0,9,0,0,0,5,0,5,3,0,0,1,0,5,6,9,1,0,1,5,0,0,0,0,5,5,1,0,0,3,0,0,1,1,0,5,4,1,0,4,1,0,0,0,0,1,0,1,0,0,6,0,5,0,5,0,2,0,3,3,2,1,3,5,0,1,3,0,5,2,0,1,3,0,0,1,0,0,1,0,0,1,0,3,0,3,0,5,1,0,0,0,1,2,1,6,0,1,0,27,2,0,1,3,0,0,1,44,0,0,0,3,0,2,10,1,4,0,3,2,0,3,1,6,5,2
1,0,12,3,0,0,1,1,1,2,3,0,1,0,0,0,2,1,3,51,4,7,8,2,20,2,0,3,1,1,11,5,0,0,5,0,1,1,9,3,1,1,5,1,0,1,1,2,3,6,1,3,0,0,6,2,16,1,1,1,2,0,0,1,4,1,2,5,1,0,2,3,0,1,0,6,0,1,0,6,0,1,2,4,1,0,0,2,2,4,0,8,2,0,0,0,3,0,2,0,5,2,0,11,9,5,0,2,0,0,0,0,2,4,0,0,3,0,7,2,1,3,1,1,0,3,0,3,12,0,2,3,1,0,0,1,0,1,4,1,0,2,18,0,8,7,2,0,0,3,0,1,1,0,3,4,1,0,1,2,0,8,0,0,0,5,7,0,0,6,0,0,0,0,1,3,0,1,1,2,6,0,4,0,4,1,2,1,3,4,5,14,4,4,0,0,3,0,4,0,0,0,1,1,1,3,2,0,0,0,5,2,1,3,0,5,0,4,2,1,3,0,1,3,2,6,0,3,0,4,3,1,3,1,0,2,2,32,0,0,1,3,4,0,1,1,9,0,6,0,0,2,0,4,0,2
0,0,0,0,0,0,3,0,0,0,4,19,1,13,2,0,0,0,3,2,1,4,1,0,5,12,0,8,1,2,4,0,1,9,0,11,1,0,1,1,1,3,0,0,0,4,0,10,3,5,0,0,1,1,9,1,0,2,0,2,1,1,0,0,3,4,23,2,0,0,3,0,0,0,2,9,0,0,0,2,1,3,17,2,3,0,0,2,2,4,1,3,3,0,0,2,0,0,2,0,4,0,0,4,0,3,3,0,3,0,0,1,1,5,1,4,1,1,0,1,2,0,0,2,5,2,1,5,10,1,3,1,0,0,0,1,5,3,6,0,0,0,0,0,1,3,0,0,0,0,1,2,0,0,0,4,2,11,1,5,3,0,1,2,1,5,11,0,3,6,2,10,0,2,3,2,2,3,2,3,3,3,7,3,3,4,1,1,5,7,1,1,5,7,2,1,5,0,6,0,1,0,0,0,1,1,0,1,0,1,2,0,0,5,0,6,1,3,3,3,1,1,0,0,0,1,1,2,1,1,0,0,2,4,12,1,2,0,2,4,3,1,2,1,2,5,5,1,6,0,1,21,0,7,0,1
1,0,20,3,2,0,1,0,3,0,0,10,2,7,3,0,0,6,0,53,4,0,5,2,7,0,2,0,2,1,12,0,0,0,18,0,13,4,1,4,2,0,2,0,0,1,0,0,4,5,1,25,0,1,7,1,5,0,1,0,0,4,0,0,9,0,0,6,0,1,4,2,1,0,0,3,2,1,3,5,1,0,2,4,0,2,2,2,6,4,0,1,6,0,2,0,3,0,1,2,4,1,0,8,1,5,1,0,2,0,1,2,0,5,0,1,0,1,1,0,0,6,1,3,1,1,2,0,8,0,0,3,1,0,1,3,0,2,4,0,1,0,0,1,1,10,1,0,2,6,0,2,1,0,0,3,0,1,0,2,0,0,0,1,1,5,4,2,2,5,1,1,0,1,1,3,0,3,1,3,4,2,6,1,4,0,1,0,7,3,7,19,4,4,1,4,5,2,4,5,0,0,0,1,3,1,1,2,0,0,2,1,0,7,1,6,0,4,2,2,2,0,0,0,4,1,2,4,5,0,0,1,3,4,1,0,1,13,1,1,0,3,1,2,2,0,9,1,8,2,1,3,4,4,4,7
0,0,10,0,0,1,2,0,2,9,4,1,2,1,1,0,0,1,1,42,2,0,3,3,13,0,3,1,0,1,15,2,0,0,8,3,1,2,5,6,1,2,0,1,1,4,5,7,2,5,0,21,0,0,7,0,4,13,3,1,0,4,0,2,3,0,2,2,1,2,1,2,2,0,0,5,0,0,0,2,0,0,1,3,4,0,2,2,0,3,2,3,11,0,0,1,4,0,0,1,4,1,0,10,6,3,0,0,0,0,4,6,1,0,0,2,1,0,6,2,3,0,0,1,6,0,2,2,11,0,0,2,2,0,0,1,0,0,6,1,0,0,1,5,3,4,1,0,0,4,0,1,0,1,0,4,1,2,2,1,0,2,0,0,0,7,10,0,0,7,1,0,2,1,0,6,0,0,0,3,4,1,5,0,3,0,0,1,5,5,3,8,5,6,0,1,5,0,3,3,1,0,0,3,1,8,0,3,1,0,0,0,3,7,0,6,2,6,1,3,3,0,0,6,2,6,0,2,0,20,2,1,3,3,0,0,0,4,1,0,1,4,0,0,1,0,6,2,5,0,0,2,0,3,1,4
0,1,1,0,3,0,2,3,0,0,3,5,1,14,0,1,0,0,6,8,4,3,0,3,0,21,1,6,2,1,6,0,2,6,0,8,1,0,1,6,2,0,0,0,0,1,0,2,3,4,0,1,2,0,6,0,0,1,0,4,1,2,0,2,3,2,8,3,0,0,9,10,1,0,1,10,1,0,0,3,0,1,6,3,4,0,0,4,1,5,1,3,0,5,0,2,0,0,4,1,7,0,3,1,2,1,2,0,3,0,1,0,1,3,1,7,1,1,2,1,0,1,0,1,2,0,6,0,9,1,4,2,1,2,0,2,9,2,5,0,2,0,4,3,0,3,1,0,7,0,1,3,1,3,4,5,0,5,5,7,1,1,2,2,0,5,10,4,0,10,7,7,0,0,0,4,3,1,1,0,4,1,8,1,3,0,5,4,5,11,3,1,5,5,2,0,5,0,7,0,0,0,0,0,0,2,5,1,1,0,2,0,0,5,0,6,0,4,0,0,2,2,0,0,6,1,0,2,0,3,0,1,10,2,0,0,1,0,3,0,1,2,1,0,0,6,7,0,3,2,0,18,0,10,0,0
0,3,10,4,0,2,1,2,2,1,4,3,2,2,1,1,4,1,1,46,4,0,1,1,1,2,1,0,0,2,5,0,1,3,12,1,8,1,4,1,2,0,0,0,0,0,0,4,6,2,0,10,0,0,7,1,0,1,1,2,4,3,5,6,6,1,1,6,3,1,4,2,0,1,0,3,4,2,3,5,1,0,4,5,4,1,3,2,3,9,2,1,8,1,0,1,7,2,2,0,4,2,0,18,3,1,0,3,4,1,1,1,0,2,0,2,0,1,7,1,4,2,2,1,0,1,3,0,13,0,0,7,0,0,1,2,1,3,6,0,1,0,3,1,11,6,4,0,2,4,1,0,10,0,0,2,0,0,0,4,1,3,2,2,0,2,5,1,3,4,0,0,0,0,2,8,1,2,1,7,7,0,6,2,5,0,1,2,4,2,4,3,4,3,0,2,2,1,6,2,1,0,0,0,0,0,1,1,0,2,3,1,1,5,0,2,1,5,2,1,2,0,0,3,0,3,0,3,0,11,7,0,36,2,0,0,5,41,0,0,0,4,0,0,0,0,3,1,2,0,0,2,1,5,0,3
0,0,28,1,0,0,3,0,1,0,2,4,1,0,0,0,2,2,1,55,0,0,4,1,15,0,0,3,0,0,11,0,0,0,1,5,2,1,5,3,2,0,3,3,0,0,0,2,2,5,0,4,0,0,6,0,3,1,2,1,0,0,1,0,6,1,2,1,0,1,3,2,0,0,0,7,0,2,1,3,1,1,0,2,5,0,5,1,1,4,1,4,7,1,0,0,10,1,0,0,5,1,1,3,3,4,0,0,4,0,1,2,0,2,1,9,1,2,6,4,1,2,1,0,2,1,2,2,12,0,0,0,0,0,0,5,0,0,6,0,1,0,1,0,4,4,5,0,2,0,0,1,0,0,1,5,1,0,0,6,3,0,0,2,0,5,8,1,0,3,0,1,0,0,2,0,0,0,0,2,4,0,3,1,4,0,1,1,5,4,0,4,5,8,0,2,5,1,2,2,1,0,1,0,0,1,0,0,0,0,6,0,2,7,1,6,0,3,1,0,1,0,0,1,2,6,0,1,0,9,0,0,2,2,0,1,6,38,0,0,1,4,1,0,37,1,5,0,6,2,1,1,0,4,1,2
0,0,1,7,0,0,0,1,4,2,0,5,1,12,0,1,0,1,9,2,6,5,5,3,1,10,3,4,1,1,9,0,3,0,0,3,1,1,0,21,1,1,0,0,0,2,1,1,1,5,0,1,0,1,14,2,0,1,0,0,0,12,1,0,1,1,16,0,1,1,1,2,1,2,0,8,0,1,0,2,0,3,0,1,2,1,1,1,1,7,0,0,3,0,0,0,0,1,3,0,9,3,1,2,9,5,2,9,1,0,2,1,0,1,0,1,3,0,4,1,1,0,1,0,2,4,0,3,8,0,0,3,3,1,2,0,10,2,9,1,0,0,3,4,2,3,1,1,0,0,0,5,0,0,2,3,0,8,2,2,3,0,5,1,0,7,8,5,0,8,2,1,0,4,4,3,0,2,2,4,1,2,4,0,1,0,0,11,6,7,23,0,7,7,1,0,6,0,4,1,3,0,1,1,0,2,10,2,0,1,1,1,1,6,0,7,0,2,3,0,3,1,2,1,6,1,1,0,0,1,0,1,11,6,0,0,6,1,2,1,5,0,3,2,0,6,6,0,6,2,1,19,2,8,3,0
0,1,25,1,3,0,1,1,3,0,9,1,2,1,0,3,0,1,2,40,1,1,4,0,6,0,2,10,1,2,9,1,0,2,0,1,1,6,5,16,4,0,0,0,1,3,1,5,3,4,2,2,0,3,7,3,0,3,3,3,1,4,0,0,4,0,4,1,6,1,3,1,0,0,0,1,0,0,3,4,1,2,0,3,0,0,0,1,1,4,0,1,0,2,0,0,7,0,2,0,9,3,0,6,5,2,0,0,0,3,1,1,0,3,2,2,1,0,4,1,0,3,0,2,13,0,2,2,9,0,1,0,3,0,0,2,1,2,5,0,1,0,2,1,10,5,1,1,1,4,0,0,1,11,0,2,3,0,1,3,2,3,1,1,0,5,15,2,0,3,3,1,0,0,0,2,0,1,0,3,4,0,3,0,3,0,1,2,4,6,3,3,5,7,0,1,4,1,3,1,0,0,0,0,0,1,12,0,1,0,0,0,0,4,0,4,0,3,2,0,1,0,1,1,1,3,0,5,2,8,10,0,2,5,0,0,1,3,0,0,0,6,1,0,1,1,4,3,6,0,0,6,1,5,6,4
1,0,4,0,0,0,0,0,0,3,2,7,0,4,0,1,1,4,11,48,1,1,1,1,2,4,1,2,1,0,13,0,0,0,20,3,4,3,1,4,0,0,0,1,2,1,0,5,2,6,1,19,1,1,8,0,4,0,1,0,1,8,3,2,7,4,2,1,0,0,2,4,0,0,1,2,0,2,0,2,0,2,4,2,0,0,1,2,2,6,1,0,10,0,0,1,2,0,0,0,7,1,2,4,4,3,0,0,1,0,1,2,1,0,0,0,0,1,0,2,2,1,0,1,0,1,0,1,10,0,1,1,0,0,0,2,2,1,5,0,0,0,2,0,1,3,1,0,5,0,0,5,0,0,0,3,19,3,0,4,2,0,2,0,1,5,6,2,1,1,2,2,1,0,2,1,0,0,1,1,3,2,4,1,3,0,1,4,6,9,4,12,6,7,0,0,5,3,3,2,0,0,0,0,1,4,1,0,0,1,2,1,1,5,0,6,0,2,5,0,0,0,0,2,2,2,2,1,2,1,0,0,13,2,0,0,0,2,0,1,0,2,0,0,4,2,5,1,9,0,0,4,5,7,2,2
2,1,9,1,0,0,0,0,1,0,1,4,2,1,0,1,0,2,4,49,1,1,3,0,10,0,0,2,0,0,11,0,1,1,1,40,2,2,7,1,0,0,0,2,0,0,0,3,4,4,1,8,0,0,5,7,20,2,0,1,0,2,14,0,7,0,0,4,2,0,2,1,1,0,1,5,0,0,0,3,2,1,0,3,1,1,0,0,0,4,0,1,0,1,0,0,2,1,1,1,3,5,0,4,10,6,0,0,0,0,2,2,1,3,3,1,1,1,4,2,5,0,0,0,3,0,2,1,25,2,1,0,0,0,0,2,3,2,4,0,1,0,4,0,2,5,1,0,0,2,0,0,1,0,1,2,1,0,0,1,0,0,0,1,0,4,7,2,1,2,0,0,2,0,1,1,0,0,0,3,5,0,6,0,6,0,3,1,3,3,0,6,5,5,0,2,3,0,3,0,1,0,2,0,1,2,0,1,1,1,1,1,0,5,0,5,2,5,3,0,6,0,0,1,4,7,0,4,0,5,1,0,3,3,0,2,0,8,0,0,1,1,6,0,17,0,7,2,7,1,1,2,0,6,1,0
1,0,1,0,1,1,5,2,3,0,3,11,2,4,1,3,1,1,3,5,5,5,15,4,0,19,0,9,2,0,13,2,1,2,0,4,3,0,2,40,0,2,4,0,0,5,4,4,2,6,1,1,4,0,12,2,1,0,0,2,1,3,0,1,2,3,12,1,1,3,1,2,1,0,1,9,0,0,2,2,0,2,4,1,1,3,0,2,1,2,0,1,0,1,1,3,0,2,0,3,7,4,0,0,2,6,0,1,2,0,0,2,1,1,0,1,4,0,1,2,3,1,0,0,0,0,1,0,9,1,0,3,0,2,2,0,2,2,6,2,3,1,4,1,0,2,0,0,1,0,0,0,1,1,1,3,3,5,9,0,1,1,2,1,0,6,6,0,0,3,0,1,0,1,0,0,0,0,1,1,1,1,1,3,1,0,2,0,6,6,1,2,7,8,2,1,6,0,3,0,1,0,0,0,1,11,2,3,0,2,5,2,0,6,1,7,0,5,2,0,2,0,0,1,3,8,3,1,0,1,4,1,10,3,2,2,1,2,1,0,5,1,0,2,0,5,6,0,6,3,1,27,2,4,3,0
0,0,21,1,0,0,0,0,1,0,2,11,1,0,1,0,0,1,1,49,6,3,7,3,4,2,3,1,1,1,4,2,5,2,0,0,10,1,1,3,2,0,0,4,0,2,2,1,4,3,2,9,0,1,7,8,14,0,1,0,0,4,8,0,5,7,1,3,0,3,3,4,0,0,0,9,0,2,2,4,2,3,3,3,3,0,3,2,1,4,3,1,43,0,0,0,1,1,5,0,5,4,1,7,6,6,1,2,0,0,0,2,1,3,2,10,2,0,2,0,2,8,0,2,2,1,4,9,8,0,0,0,2,0,1,0,0,1,5,0,1,1,2,3,1,4,0,0,1,0,0,0,0,1,2,9,0,0,0,3,2,2,1,0,1,6,6,0,2,4,2,0,1,0,1,4,0,2,1,1,4,0,3,0,3,0,1,1,6,6,2,0,5,5,1,0,5,0,3,1,1,0,1,2,0,2,1,0,0,0,2,0,2,5,0,5,0,3,4,3,4,0,0,4,2,5,0,1,1,6,2,1,7,3,0,1,2,28,0,0,1,5,1,1,2,1,5,0,5,0,0,8,3,5,0,3
1,1,14,0,0,2,0,1,0,1,1,12,2,2,1,0,0,0,3,53,4,0,9,0,7,3,0,0,4,0,13,0,1,3,0,2,1,0,0,2,4,2,1,0,0,0,0,2,3,4,5,26,0,0,8,4,3,0,1,0,0,0,1,1,5,2,0,3,0,0,3,1,0,2,0,9,0,1,0,3,0,3,2,4,1,3,1,1,2,6,0,3,1,1,6,2,3,1,0,1,8,2,0,2,3,4,0,2,4,0,6,7,0,8,1,1,2,1,6,4,1,1,0,0,3,2,1,1,8,0,1,3,1,1,2,2,0,3,5,3,0,3,2,3,5,8,1,0,1,1,0,2,0,1,1,2,0,1,0,2,1,1,1,2,2,4,8,1,0,2,0,2,0,2,0,2,1,2,4,2,4,0,6,0,4,0,3,2,4,4,0,2,4,4,0,0,4,0,5,0,1,0,0,2,1,9,3,0,0,1,1,0,0,6,0,4,1,5,3,0,3,0,1,2,2,3,0,2,0,0,5,1,4,1,0,0,3,5,0,0,0,4,11,1,3,1,4,3,6,1,0,0,3,7,10,0
2,0,3,0,0,2,1,0,1,0,4,1,1,0,7,0,0,2,0,34,1,0,2,1,0,0,1,0,0,2,3,3,6,16,0,1,0,5,1,2,1,0,0,1,0,1,0,7,5,5,0,1,1,1,5,1,15,0,1,1,0,2,1,1,8,1,1,11,0,0,5,1,1,1,0,1,1,0,1,5,0,0,1,5,1,1,3,2,0,8,1,0,6,1,1,0,2,0,2,0,1,9,2,5,3,5,0,3,2,0,0,1,0,1,1,6,2,1,3,3,13,0,0,0,5,1,1,1,14,0,0,3,3,0,4,3,8,1,3,0,1,0,3,3,4,10,7,1,1,1,2,0,1,2,5,2,1,0,1,3,0,0,0,5,1,7,9,0,0,2,0,0,0,1,0,2,0,0,1,1,6,0,5,0,5,0,0,2,3,5,1,6,4,4,0,0,3,1,5,1,5,0,1,0,1,3,0,0,0,0,0,0,0,5,11,5,0,5,2,0,5,0,9,5,0,2,0,2,11,0,0,0,2,1,0,0,2,8,1,0,0,0,0,2,2,0,4,0,6,0,0,1,1,6,0,1
0,0,2,1,0,0,1,0,0,0,1,9,0,6,0,0,0,0,5,46,8,4,18,1,5,7,3,4,1,3,5,3,1,3,3,11,1,0,1,17,1,7,2,9,0,1,0,2,2,6,0,2,0,1,7,0,7,0,0,0,0,7,0,4,5,4,15,3,2,1,5,2,3,0,0,13,0,0,3,2,0,5,8,2,1,5,0,1,3,8,2,2,4,0,0,2,1,0,4,0,7,1,2,5,2,5,0,0,2,0,2,2,0,2,1,3,1,0,3,1,10,1,0,1,1,2,1,2,13,0,3,1,1,3,0,4,6,2,8,1,0,0,1,1,1,3,1,0,3,1,0,1,0,1,1,2,0,0,0,3,1,0,1,3,0,5,8,4,0,1,2,0,1,0,2,4,1,0,1,2,4,0,5,3,5,0,2,3,3,3,6,1,6,6,2,0,3,0,5,0,0,1,0,1,16,1,2,6,0,0,2,0,0,5,0,7,0,5,3,0,0,0,4,0,5,1,0,0,0,1,0,2,4,4,0,1,0,2,2,0,1,1,1,0,0,4,4,0,6,0,0,9,0,6,0,4
1,1,0,0,0,1,1,1,7,2,11,5,0,25,0,1,2,1,7,0,22,0,1,2,1,1,2,11,0,0,10,1,3,3,6,10,0,1,0,34,0,0,0,0,2,2,0,1,3,6,1,1,0,0,10,1,0,0,1,0,0,5,2,4,0,9,12,1,0,0,0,0,3,0,0,8,0,2,1,0,1,1,8,0,1,2,2,1,1,1,0,9,4,1,0,5,0,0,1,1,8,1,3,0,2,5,0,0,2,1,0,0,0,0,0,6,2,0,0,0,3,0,0,0,0,1,1,0,7,0,2,0,4,1,0,1,7,0,7,1,0,4,1,0,0,0,0,0,0,0,0,4,0,0,0,7,0,1,0,3,1,2,1,5,0,8,9,1,0,2,1,0,0,1,1,7,1,4,1,3,0,2,0,0,0,1,2,7,7,8,8,0,9,8,2,0,9,0,1,0,3,0,0,0,1,8,4,1,0,0,2,2,0,7,0,9,1,2,5,1,0,0,0,1,7,2,0,2,0,0,0,1,10,3,0,0,0,0,2,1,0,1,1,0,0,2,7,0,7,0,1,22,0,0,3,4
1,0,35,1,0,0,1,0,2,3,4,5,0,0,0,0,1,1,3,53,3,0,7,4,10,2,1,0,2,1,4,1,0,0,5,2,0,0,5,2,3,0,1,0,1,1,0,0,5,6,1,9,1,0,8,1,0,2,1,0,0,1,1,3,6,4,0,4,1,2,2,4,0,0,0,4,0,1,4,6,0,3,0,3,3,1,1,0,1,3,25,4,1,1,0,0,6,0,1,1,6,11,0,5,7,7,1,1,6,0,0,1,0,2,0,4,1,1,5,2,1,1,2,1,0,3,3,2,9,0,1,2,0,0,1,4,0,1,5,0,0,0,0,1,2,4,1,0,0,1,1,2,1,1,1,4,3,1,0,2,0,6,0,1,5,5,8,1,0,2,1,0,0,0,1,3,0,2,1,3,5,0,3,0,3,0,1,2,6,6,2,20,5,5,1,2,5,0,3,1,1,0,1,1,1,1,7,0,0,0,4,1,0,6,2,6,0,4,3,1,2,0,0,1,5,3,0,0,0,2,0,1,3,1,6,0,0,3,0,0,0,4,2,1,1,1,7,1,3,1,1,4,0,3,0,3
0,1,1,0,0,0,2,2,2,3,1,5,1,5,3,2,2,0,3,32,7,2,19,3,4,7,2,10,1,0,5,5,1,0,1,3,2,1,5,21,2,1,0,4,0,6,5,2,4,6,1,1,1,0,6,0,4,0,2,1,1,5,1,5,2,2,6,1,2,1,3,2,2,1,1,10,0,0,0,1,0,2,1,1,2,1,1,4,0,5,0,7,2,1,0,4,0,3,1,1,13,0,2,10,1,1,1,2,6,0,4,1,0,2,0,1,0,0,3,1,0,1,1,0,0,4,0,1,10,0,3,1,0,0,1,2,4,1,8,1,0,1,8,1,3,2,1,0,4,3,1,5,1,0,0,3,1,1,2,3,4,0,0,2,0,6,7,1,0,0,3,0,1,0,1,4,1,0,1,4,4,1,2,1,2,1,2,4,5,6,7,3,5,7,0,0,4,0,3,0,0,0,0,1,9,2,2,4,0,0,1,0,2,6,2,6,2,2,5,0,3,1,0,0,5,3,0,2,0,13,1,1,8,4,0,5,1,31,1,0,2,1,0,3,1,4,5,0,6,1,0,8,0,4,3,1
0,1,2,2,1,1,3,8,1,8,8,1,0,3,0,3,1,2,3,9,19,1,22,3,19,9,2,13,0,0,9,1,6,10,0,12,1,0,1,6,0,1,1,1,0,6,0,2,2,3,1,3,1,0,8,0,0,0,0,0,1,14,0,4,2,7,13,2,0,0,2,4,6,2,0,1,0,4,0,2,0,4,4,2,1,0,0,0,1,3,2,0,4,2,0,6,2,1,5,2,9,2,4,2,4,4,3,4,2,0,0,0,1,6,0,0,0,1,6,0,1,0,0,0,5,4,2,0,11,0,4,0,0,2,0,0,9,3,11,0,0,0,2,4,1,2,0,0,1,0,0,3,0,0,0,2,0,8,12,2,3,0,2,1,0,6,8,4,0,8,2,1,0,1,7,2,1,1,2,2,3,0,4,1,2,0,4,4,6,7,12,0,6,6,2,0,6,0,4,0,2,0,0,0,0,10,2,4,0,3,0,0,1,6,0,8,0,3,2,0,2,0,0,2,3,4,1,2,0,3,1,3,12,7,0,0,0,2,0,0,2,3,2,0,0,10,6,0,5,1,3,16,1,2,0,0
1,0,1,1,1,1,0,4,3,3,1,3,0,7,0,1,0,1,4,4,10,3,19,2,3,16,3,13,2,2,7,1,2,1,0,9,0,1,1,0,3,1,1,0,8,2,0,3,2,5,0,0,0,0,7,0,1,0,2,0,0,5,1,1,2,3,12,2,1,2,3,0,2,1,0,9,0,2,1,2,0,3,4,1,2,1,1,0,0,1,0,3,0,0,0,1,1,1,5,1,8,2,0,2,1,4,1,2,4,0,2,0,0,4,0,15,0,0,1,1,6,1,1,2,5,4,1,3,11,0,2,1,1,2,1,3,11,1,7,1,0,0,6,8,0,3,2,0,7,0,0,9,1,0,2,4,0,3,7,4,0,3,0,2,1,7,9,4,0,6,1,2,1,1,6,4,1,1,3,3,1,1,2,2,2,1,0,5,6,11,2,0,7,7,2,1,6,0,3,0,0,0,1,3,3,11,1,1,0,0,3,0,0,7,0,5,0,3,3,4,2,0,0,2,2,2,0,2,0,5,0,3,8,0,0,0,0,0,1,0,0,4,0,0,4,9,6,0,5,1,0,20,1,5,0,0
1,0,5,0,0,0,0,3,1,0,0,4,1,15,7,0,1,0,1,8,3,5,11,16,2,6,0,7,0,0,9,1,0,1,12,7,0,0,2,30,1,2,0,0,0,1,0,2,5,3,0,0,1,1,9,0,1,0,0,1,0,2,0,1,5,3,11,5,1,1,6,1,2,0,0,9,1,1,3,5,1,2,9,5,2,0,3,1,2,7,2,0,3,0,1,0,0,0,0,0,8,0,0,6,1,1,2,3,0,0,0,4,0,1,0,4,1,1,1,2,1,0,0,0,0,0,0,0,8,0,0,2,3,1,0,2,5,0,6,0,1,0,1,0,2,5,0,1,1,0,0,2,1,1,1,4,1,0,2,1,5,0,0,1,1,3,3,0,0,2,0,2,0,1,0,0,0,0,0,2,9,0,9,0,6,0,1,2,3,8,4,1,3,3,5,0,3,0,13,1,0,2,0,0,2,2,0,2,0,0,0,0,3,4,0,7,0,6,3,2,3,0,0,0,2,0,0,2,0,0,0,1,13,2,0,0,0,1,1,0,0,2,0,1,0,3,5,0,3,1,0,22,1,13,0,0
1,0,1,1,0,0,2,0,3,2,9,3,0,1,0,0,1,2,6,13,0,1,15,0,1,0,1,8,2,1,8,1,0,2,0,5,0,0,1,2,1,0,0,1,0,0,0,2,3,5,0,2,2,0,11,0,0,0,1,1,0,3,5,4,4,1,6,4,0,1,2,3,7,3,0,9,0,4,2,2,0,3,1,2,1,1,0,3,1,8,1,3,5,1,3,3,0,1,1,0,9,1,0,2,0,2,2,22,4,1,1,3,0,4,1,2,0,0,2,0,0,0,2,0,3,2,2,1,10,0,1,2,4,4,1,2,2,0,5,6,0,2,6,2,0,3,1,1,0,0,1,23,0,3,3,7,0,1,2,2,3,1,1,0,0,5,10,5,0,3,5,0,0,1,1,3,0,1,0,2,3,0,6,2,4,0,0,2,5,6,0,0,5,6,1,4,5,0,3,1,2,0,0,3,0,9,3,0,0,0,0,1,0,5,0,7,3,3,4,1,4,3,0,0,8,0,0,0,0,1,0,2,17,1,0,0,0,0,5,0,1,0,0,13,7,6,4,0,5,0,0,21,5,3,3,0
0,1,13,0,0,0,0,0,3,3,2,1,1,0,0,1,0,0,4,36,0,0,5,0,21,0,3,1,1,1,2,3,1,0,0,1,1,1,8,0,0,0,1,0,1,4,1,1,4,4,0,2,0,1,5,0,28,5,1,9,1,0,0,3,5,1,0,5,0,0,4,2,0,2,1,3,3,1,1,4,0,3,1,4,0,0,1,2,4,4,1,0,16,1,3,1,0,0,0,0,2,0,0,13,5,2,3,8,2,1,0,1,1,1,6,0,1,3,2,1,1,0,1,3,10,1,3,0,13,0,1,3,1,0,0,4,0,0,5,0,0,1,0,2,2,6,0,0,0,3,0,2,1,0,3,2,0,0,0,2,3,3,13,2,0,5,7,4,0,6,0,2,0,0,1,3,0,2,2,10,7,0,5,1,5,0,0,3,4,3,5,1,5,4,0,0,3,0,4,0,0,0,0,0,0,3,1,2,4,0,2,0,0,6,1,6,1,8,3,0,4,0,1,3,1,3,0,2,0,3,3,0,4,4,0,1,2,13,0,0,1,2,4,0,0,1,5,0,2,0,1,6,1,5,2,4
3,1,11,1,0,0,0,0,0,0,1,6,3,1,0,0,8,1,0,55,1,2,5,0,3,2,1,2,1,3,0,2,1,1,1,4,0,0,0,3,3,1,0,5,0,0,0,5,6,4,2,5,0,0,4,6,11,1,2,0,1,3,2,0,10,1,2,5,1,7,3,2,0,0,0,1,1,0,0,3,0,0,1,5,1,1,3,3,2,6,1,1,5,1,0,0,1,0,1,1,2,5,1,6,20,7,0,1,1,0,9,3,0,1,1,1,0,1,9,2,11,2,0,0,2,0,0,3,7,0,1,4,4,0,2,1,3,1,2,0,0,3,1,1,2,5,2,1,1,2,0,0,10,4,1,3,1,0,0,1,1,2,0,0,0,3,4,0,0,1,0,0,0,0,1,0,0,0,2,4,6,0,5,0,5,0,1,1,4,2,1,0,2,2,0,0,2,0,10,3,1,0,4,0,0,3,2,1,0,1,1,0,0,3,1,4,0,7,8,1,1,1,0,8,2,1,1,4,0,11,1,1,1,2,0,1,1,10,0,0,0,3,3,0,2,1,3,0,3,0,0,3,2,5,1,1
0,2,34,1,0,0,0,1,3,0,1,2,0,1,2,0,1,1,2,46,0,2,6,0,13,0,4,5,0,0,5,1,2,0,0,0,1,1,1,5,2,0,1,1,0,1,1,4,5,5,0,2,1,0,8,0,19,11,1,0,0,0,1,3,4,0,1,3,1,3,5,2,1,0,1,3,1,0,2,3,0,1,1,4,5,0,1,3,1,6,0,0,13,2,1,0,3,0,0,1,1,0,1,3,4,1,5,7,0,0,0,3,1,1,0,0,2,0,3,1,0,3,1,1,1,0,1,3,8,1,1,0,2,1,0,5,0,0,5,1,1,0,0,2,1,5,1,0,1,2,0,4,1,0,1,2,0,0,0,3,1,2,6,1,0,4,5,0,2,7,3,1,0,0,1,0,3,0,2,2,6,0,4,2,4,0,0,2,9,5,1,17,4,9,1,2,4,1,4,1,0,0,0,0,0,3,1,1,0,0,1,0,0,4,1,4,1,4,2,0,1,1,0,1,1,3,1,0,3,8,1,0,0,2,0,1,0,15,1,0,0,1,4,0,0,0,8,0,2,0,0,2,1,4,0,5
1,3,0,0,0,0,2,2,0,29,6,7,1,6,0,1,2,0,18,3,15,3,1,2,0,22,3,14,0,0,4,0,0,0,0,6,0,0,1,4,0,1,0,0,0,4,0,4,4,5,0,0,1,0,8,0,0,0,1,2,2,2,0,1,2,1,6,2,0,1,2,10,2,2,0,8,0,0,0,2,1,1,19,2,6,1,0,0,0,4,2,5,0,0,0,2,2,0,0,0,6,2,3,3,0,2,1,3,1,1,0,0,0,1,0,1,1,1,0,1,1,1,1,0,6,2,3,3,9,3,2,2,0,3,0,2,5,3,6,0,0,0,4,0,0,2,1,0,4,0,0,6,0,0,0,6,1,1,4,6,0,2,2,1,0,6,8,5,0,3,1,2,0,1,1,1,1,2,1,1,2,1,2,0,2,0,2,1,6,10,0,0,6,6,2,0,6,0,4,0,1,0,0,1,3,3,4,2,3,2,6,1,1,7,0,7,0,2,3,1,4,0,0,0,9,2,0,1,0,1,2,0,13,4,0,0,1,0,3,0,1,2,0,0,0,6,6,0,5,0,0,25,0,10,5,1
0,4,12,0,0,0,1,2,1,1,0,3,0,1,3,0,1,1,3,52,13,1,10,1,6,2,2,3,0,0,8,0,0,7,3,2,0,0,1,4,1,0,0,0,0,0,0,2,3,6,0,1,1,0,5,2,12,0,1,5,0,2,1,0,10,0,3,4,0,0,3,1,1,2,1,3,1,1,0,4,0,1,3,4,4,1,0,1,0,7,2,1,17,0,0,2,2,1,3,0,6,3,0,5,5,2,3,2,1,1,0,3,0,6,0,10,1,0,5,1,2,1,1,0,5,3,3,1,8,1,1,3,1,2,0,1,1,3,5,0,5,1,3,0,5,6,2,0,0,3,0,4,1,0,0,7,2,2,1,0,3,0,3,2,0,5,7,3,0,4,1,1,1,0,2,2,2,0,3,3,4,0,4,2,4,0,3,2,5,4,3,1,4,6,1,1,5,1,5,1,1,1,1,0,2,1,4,2,0,1,0,0,0,4,1,4,3,6,4,0,5,0,0,0,6,11,0,1,0,9,0,1,2,1,0,1,0,43,1,0,2,5,2,1,0,1,5,4,6,0,1,5,2,7,3,3
1,0,6,3,0,4,1,1,1,0,2,1,0,0,8,1,0,1,0,39,6,0,7,2,5,0,3,1,0,0,10,6,1,4,4,1,17,1,6,2,0,1,2,1,0,0,2,1,4,4,0,2,0,0,4,1,2,0,1,2,0,4,0,0,5,1,1,4,1,1,4,0,2,0,0,6,1,3,2,5,1,1,1,5,2,1,2,3,2,5,1,4,0,1,1,0,8,0,3,1,5,2,0,11,11,2,0,1,1,0,2,5,0,3,0,1,3,0,1,0,1,0,0,2,0,8,2,4,8,0,0,0,0,0,0,1,2,0,5,0,0,0,4,3,3,6,3,0,0,3,1,7,2,0,4,3,0,0,0,2,2,3,0,3,1,6,5,2,0,4,1,1,2,0,4,2,0,1,1,3,4,0,4,1,5,1,0,1,4,4,4,0,5,7,1,3,4,0,5,0,0,0,0,2,6,4,2,0,1,0,4,1,0,4,1,4,0,4,0,2,1,0,0,0,4,8,0,4,0,10,2,1,1,3,0,1,4,35,0,1,0,2,1,1,0,1,4,0,4,0,0,5,12,4,0,2
0,0,10,3,0,0,3,0,1,0,3,8,0,1,0,1,2,5,0,46,0,3,1,0,2,3,2,0,0,1,7,2,1,0,3,0,1,1,14,0,5,2,1,1,1,3,0,3,3,5,3,35,5,1,4,18,2,0,0,0,1,2,0,0,8,1,0,4,0,0,3,1,0,1,0,0,4,0,0,6,0,0,1,6,3,0,1,1,2,7,2,4,1,0,3,0,1,0,0,2,3,2,1,8,1,2,3,22,7,0,4,3,0,1,0,2,1,0,1,1,5,5,0,0,0,1,0,0,12,0,0,3,1,0,1,0,1,2,1,2,0,0,0,2,1,7,1,0,0,3,0,0,0,0,0,4,1,0,0,0,0,2,0,0,0,3,5,0,0,0,0,1,1,1,0,2,2,1,4,2,10,1,6,2,7,1,3,0,1,2,2,0,1,1,1,0,1,1,6,1,2,2,2,0,1,0,0,3,1,1,2,1,1,1,0,3,0,5,2,0,4,0,0,0,4,2,0,0,0,3,2,1,2,5,0,3,1,30,2,0,0,1,9,0,0,0,1,1,5,0,0,0,2,9,1,2
0,0,18,2,0,0,1,1,0,1,2,3,1,1,5,1,1,1,1,35,1,1,2,0,10,3,1,1,0,0,4,6,0,0,5,1,0,1,2,2,2,0,0,1,0,6,0,4,4,4,0,4,0,0,6,2,28,4,1,1,1,1,0,3,3,0,1,3,3,2,3,4,1,2,0,5,0,0,0,3,0,1,0,3,1,0,0,1,0,7,1,0,2,0,0,0,1,1,0,0,3,2,1,9,3,1,1,1,0,0,0,21,0,1,4,2,0,0,6,0,7,4,0,2,4,2,2,6,8,1,0,2,1,0,1,0,0,1,5,0,0,0,1,1,5,6,1,0,1,2,0,0,1,3,3,3,0,0,1,2,1,0,1,0,0,6,7,0,0,7,1,0,1,0,1,3,0,1,1,6,3,0,4,0,3,0,0,2,4,5,2,15,8,6,0,0,4,0,6,1,1,1,0,0,0,1,0,2,0,1,0,0,0,4,1,10,0,4,2,0,3,1,0,0,0,8,2,2,1,1,4,1,4,5,0,3,2,6,0,0,1,5,8,0,0,1,7,0,5,2,1,3,0,5,1,3
0,0,21,0,0,0,0,0,1,0,0,5,0,0,0,1,0,2,0,39,3,0,5,2,4,0,0,0,1,1,9,0,0,0,2,0,2,1,0,6,0,1,1,5,0,1,1,6,1,9,0,2,0,0,8,0,0,2,1,0,7,2,2,0,1,12,1,4,0,0,1,9,0,0,0,5,0,0,0,1,0,0,0,2,0,0,0,1,3,1,0,3,0,1,0,0,3,0,0,0,5,2,0,1,0,3,1,0,0,0,1,1,0,1,0,3,0,2,1,2,2,0,2,2,1,4,1,0,8,0,3,0,0,0,0,2,0,0,6,0,0,0,0,0,2,2,3,1,0,4,0,0,4,0,1,5,0,1,0,4,0,5,4,1,0,6,11,1,0,5,1,0,2,2,0,2,2,1,0,5,2,0,1,0,1,0,3,2,10,5,1,8,6,7,0,0,6,1,3,3,0,1,1,2,1,0,0,1,0,1,1,1,0,13,0,11,0,2,7,3,1,0,0,0,1,9,1,1,8,9,0,0,4,2,0,0,1,27,0,2,1,1,6,0,1,5,5,0,6,0,0,1,1,2,5,1
1,0,4,1,6,0,2,3,0,1,5,8,1,13,0,1,1,0,3,10,9,4,6,1,1,7,0,8,0,0,8,0,0,1,0,5,0,0,0,22,0,1,0,0,0,1,0,5,4,5,5,1,1,0,6,0,0,0,0,1,1,8,2,3,6,5,16,4,0,0,3,2,4,1,0,18,0,0,1,4,0,1,2,4,1,0,1,3,1,14,2,0,3,1,2,17,2,1,2,0,6,1,1,4,2,1,1,2,3,0,0,1,0,3,0,7,0,0,2,1,2,2,0,1,0,1,0,0,8,0,1,1,4,2,0,0,10,2,6,1,1,0,1,2,1,5,0,0,0,0,0,1,0,2,0,4,0,6,2,2,4,0,1,1,0,5,5,1,0,4,2,3,0,1,3,4,0,0,0,2,7,1,8,0,7,0,0,6,3,4,1,2,3,4,3,0,3,0,6,0,0,0,0,0,2,2,0,3,0,0,0,2,4,5,0,8,0,5,6,0,1,0,0,1,2,0,1,0,1,2,0,2,4,2,0,0,1,2,1,0,0,1,0,0,1,1,2,1,2,0,1,19,0,5,0,0
1,0,0,1,0,0,0,2,0,2,1,1,0,1,0,0,2,0,2,3,1,0,4,1,2,0,0,1,0,0,0,0,1,1,1,0,0,0,0,2,0,0,1,0,0,1,2,0,1,4,1,0,0,0,6,0,0,0,1,0,0,1,0,0,1,1,0,1,0,0,2,1,0,0,0,3,0,0,1,1,0,2,1,2,2,0,2,1,0,1,1,0,0,1,1,0,0,0,0,0,5,0,0,0,2,4,0,1,0,0,0,0,0,0,0,0,0,0,3,0,0,0,0,0,1,0,1,3,8,0,2,1,0,1,0,2,0,0,6,0,0,1,1,0,0,2,1,0,0,0,0,0,0,0,0,5,0,1,1,1,1,0,1,1,0,6,7,0,0,5,1,1,0,1,0,1,0,0,0,1,1,0,1,0,1,1,3,3,6,5,0,0,8,7,1,1,6,0,1,0,0,0,0,0,3,5,0,1,1,0,1,0,1,6,0,7,0,1,1,0,0,0,2,0,5,0,1,1,0,1,0,0,3,2,0,1,1,0,0,0,1,2,0,0,0,1,5,0,4,0,1,5,1,2,1,0
0,1,1,0,0,0,1,0,2,1,1,1,0,0,0,0,0,0,2,4,0,1,2,0,0,1,0,0,0,1,2,0,1,0,0,0,1,2,1,2,0,0,0,1,0,0,1,0,2,6,0,0,0,0,5,2,0,0,0,0,0,1,0,0,2,1,1,1,0,0,1,0,1,0,0,3,0,0,0,2,0,0,1,2,1,0,0,0,1,2,1,0,1,0,0,0,0,0,2,0,4,1,3,1,3,3,0,1,0,0,0,2,0,1,0,5,0,0,0,0,0,0,1,0,0,1,0,1,8,0,1,1,0,0,1,1,0,1,6,0,1,1,2,2,0,2,0,0,1,0,0,1,0,1,1,1,0,1,0,1,1,0,1,0,0,5,5,0,1,2,0,0,0,1,2,4,0,0,0,1,2,0,3,2,2,0,3,3,7,6,1,1,6,5,1,0,9,0,2,0,0,1,0,0,1,2,1,1,1,0,1,0,0,6,2,5,0,2,2,0,1,0,0,1,2,0,0,2,0,0,0,0,4,1,0,0,1,0,0,1,0,0,0,0,0,0,5,0,5,0,0,7,0,3,0,0
0,1,1,0,0,0,0,0,0,1,0,2,0,0,0,0,0,0,2,3,0,1,4,0,1,0,0,0,0,1,0,0,1,0,0,1,2,0,0,2,0,0,1,1,0,0,0,0,1,5,0,0,0,0,7,0,0,0,1,0,0,0,1,1,1,0,0,1,0,0,0,0,1,0,0,1,0,0,1,1,0,0,0,1,0,0,0,0,1,1,2,0,0,2,1,0,0,0,0,0,8,2,0,1,0,3,0,0,0,0,0,0,0,1,0,2,0,0,1,0,0,0,1,0,1,1,0,2,8,0,0,1,2,0,0,0,2,2,7,1,0,0,0,1,0,1,0,0,2,0,0,0,0,0,0,6,0,0,0,4,0,1,0,0,0,7,7,1,0,0,4,1,0,0,3,1,0,0,0,0,1,0,1,0,1,0,3,2,7,7,0,0,8,7,0,0,7,1,1,1,1,0,1,0,0,0,0,0,0,0,0,0,0,7,0,9,0,1,0,0,3,0,1,0,0,3,0,0,0,1,0,0,3,2,0,0,1,0,0,0,0,0,0,0,0,3,7,0,5,0,0,1,3,1,0,0
0,2,2,1,4,0,1,1,1,0,2,1,2,0,0,0,3,0,0,5,4,2,0,2,3,0,0,0,1,2,0,0,1,0,0,0,0,0,1,2,0,0,1,0,2,0,0,5,6,3,2,0,0,0,5,0,0,0,0,0,0,1,0,0,3,0,1,3,0,0,4,2,0,0,0,1,0,1,0,2,0,2,0,3,0,0,0,0,1,5,2,0,1,0,0,0,1,1,1,0,1,0,1,1,1,2,2,0,3,0,0,2,0,0,1,0,0,1,2,1,1,1,0,1,0,2,1,2,7,0,0,0,0,0,0,0,0,0,4,2,0,0,1,0,0,3,0,0,0,0,0,2,0,0,0,3,0,0,0,3,0,0,0,0,0,4,5,1,1,3,1,1,0,0,2,0,0,1,0,0,3,0,4,0,3,0,0,1,4,4,0,0,4,4,2,0,4,0,3,0,1,0,0,0,1,2,0,0,0,0,0,1,2,4,2,4,1,4,2,1,0,0,1,1,2,0,0,1,0,0,0,0,4,3,0,0,0,1,0,0,0,1,1,1,0,1,4,1,3,0,0,2,1,3,0,0
1,0,2,0,0,0,0,1,0,0,1,2,0,0,0,0,1,0,0,20,0,0,4,1,1,0,0,0,0,2,2,0,0,0,0,2,1,0,0,0,0,0,1,2,0,1,0,3,6,3,0,1,0,2,2,1,0,2,0,2,1,0,0,0,7,0,0,5,0,2,4,0,0,0,1,0,0,0,0,5,0,0,0,7,1,0,1,2,1,7,0,0,5,1,1,0,2,0,1,1,1,2,0,5,0,0,1,5,3,0,0,0,0,2,0,2,0,1,2,1,0,2,0,1,0,0,0,0,8,0,0,7,1,0,0,1,1,1,1,0,1,0,0,4,0,8,2,0,0,0,0,0,0,0,0,3,0,0,0,0,0,1,0,1,0,1,3,1,0,1,0,0,0,1,0,0,0,0,0,1,7,0,7,0,7,0,1,2,1,2,0,1,4,1,0,1,1,0,7,0,0,0,0,1,0,0,0,0,0,0,1,0,0,1,0,3,1,6,0,4,5,0,0,1,0,0,0,2,0,1,1,0,2,0,0,1,1,3,2,0,0,0,0,0,0,0,1,0,2,0,0,0,1,7,1,0
0,0,2,0,0,0,0,1,0,0,1,2,0,0,0,0,0,0,3,5,3,0,0,0,0,0,0,0,0,0,2,0,1,0,0,0,0,0,1,1,1,1,0,0,0,0,1,0,4,3,0,3,0,0,5,0,0,0,0,1,0,2,0,0,4,2,0,3,1,2,2,0,1,0,0,1,0,0,0,3,0,3,0,3,0,1,1,1,1,3,0,0,2,1,0,0,4,1,0,0,5,1,0,4,0,4,1,2,0,0,3,1,0,1,0,0,0,0,0,0,0,0,1,1,2,0,1,6,8,1,2,3,0,0,1,4,1,0,5,0,0,1,1,2,2,3,0,0,0,3,0,1,0,0,0,2,0,0,0,2,0,0,0,3,0,6,5,0,0,3,1,2,0,2,1,0,1,0,1,0,3,0,3,0,3,2,2,2,4,4,1,0,4,5,0,0,4,0,3,0,2,0,0,0,0,0,0,1,0,1,0,0,0,5,0,4,0,3,2,0,0,0,0,0,1,0,0,0,0,0,0,0,2,0,0,1,1,3,0,0,0,0,2,0,1,0,4,0,3,0,0,2,0,3,0,0
2,0,1,0,0,0,0,0,0,1,2,1,2,0,1,1,1,0,3,4,1,0,2,1,0,2,1,1,1,0,3,0,1,2,1,3,0,1,0,1,1,0,3,1,0,1,0,1,2,4,1,1,0,0,3,0,1,0,0,0,1,0,0,1,3,1,1,4,0,0,2,0,1,1,0,1,1,1,1,3,0,0,0,4,3,0,0,1,0,3,2,0,0,1,0,1,0,0,0,1,2,0,2,2,1,1,0,0,0,0,0,1,0,3,0,0,1,1,0,0,0,1,0,0,1,0,0,0,6,0,0,1,0,0,0,2,0,0,3,0,2,0,1,0,0,3,1,0,1,0,0,1,0,0,0,3,1,0,1,3,0,1,0,0,0,5,4,1,1,2,0,1,4,0,1,0,0,0,2,0,3,1,3,0,4,1,0,0,3,3,2,1,3,4,0,0,3,0,3,5,0,0,3,4,2,0,0,0,0,5,0,0,0,3,0,5,0,3,1,0,1,0,1,0,0,0,0,1,0,0,0,0,5,0,0,0,2,1,0,0,0,3,0,0,1,0,3,0,2,1,0,3,0,3,0,0
0,0,0,0,0,0,1,1,2,1,0,1,0,0,0,1,1,0,3,3,6,1,6,5,4,0,0,0,0,0,0,0,2,0,0,3,0,0,0,4,0,0,0,2,0,0,0,0,1,5,0,1,0,0,7,1,0,0,0,0,0,2,0,0,1,1,2,1,0,0,0,0,0,0,0,1,0,0,1,1,0,2,0,1,1,0,1,1,1,1,0,0,1,0,0,0,0,0,0,0,7,0,0,1,2,6,0,0,0,0,1,1,0,2,0,3,0,0,2,0,2,0,0,0,1,1,0,2,9,0,4,0,0,0,0,1,2,1,7,0,0,0,0,2,0,1,3,0,0,0,0,0,0,0,0,3,0,0,1,4,1,1,0,1,0,7,7,0,0,0,1,0,0,0,0,2,1,0,0,4,1,0,1,0,1,0,1,2,7,8,0,0,8,7,0,0,7,0,1,0,1,0,0,0,0,5,0,0,0,0,0,0,2,8,0,7,0,2,0,1,1,0,0,0,0,0,0,0,0,2,0,2,3,1,1,0,0,0,0,1,1,0,0,0,0,3,7,0,4,0,0,7,0,2,0,0
0,3,2,0,1,2,0,2,1,2,7,1,1,0,0,0,0,1,1,13,5,1,4,3,0,1,1,0,0,1,0,0,0,0,0,2,1,0,0,9,1,0,0,3,0,0,0,1,5,4,0,0,0,1,6,1,0,1,1,0,0,0,1,2,4,0,0,4,1,0,5,2,0,2,0,1,1,1,1,4,0,1,3,4,0,0,0,1,1,7,2,0,0,1,0,0,0,1,0,0,2,0,0,5,0,2,0,0,0,1,2,0,0,1,0,0,0,0,0,1,0,0,0,0,1,3,0,2,6,0,3,5,0,0,0,1,1,0,2,0,0,0,2,1,1,5,0,0,0,0,0,0,0,0,0,1,0,3,2,3,3,1,0,1,0,3,4,1,0,1,0,2,0,2,3,0,0,1,0,1,4,0,4,0,5,0,0,4,2,2,0,1,2,2,0,0,2,1,4,2,2,0,1,3,0,1,0,0,0,0,0,0,0,3,0,3,0,6,2,0,0,1,0,4,0,1,0,1,0,0,0,1,3,1,0,0,0,0,0,0,0,1,0,0,0,0,2,0,2,0,0,8,0,4,1,0
0,0,0,2,1,1,1,1,1,0,2,0,1,0,0,0,0,0,3,3,0,0,1,2,0,1,0,5,1,0,1,1,2,0,2,1,0,1,0,4,0,0,1,1,0,0,0,0,0,7,0,3,1,0,8,1,0,0,0,0,0,0,0,0,2,0,1,1,0,2,0,2,3,0,1,1,0,1,3,0,0,3,0,0,0,1,0,0,0,2,0,0,0,0,0,0,1,0,0,0,8,1,1,0,0,3,0,2,0,0,0,3,1,1,0,0,0,0,1,0,0,0,1,0,0,3,0,2,8,0,1,0,0,0,0,1,0,0,9,0,0,0,0,1,0,0,0,0,0,0,0,2,0,0,0,6,1,0,0,6,0,0,0,1,0,8,10,0,0,0,0,0,0,0,4,3,0,0,1,1,0,0,1,0,2,0,1,2,7,6,0,0,9,8,1,0,7,0,0,1,2,0,0,0,1,2,0,0,0,0,0,0,0,8,0,8,0,0,0,0,2,0,0,0,2,4,0,0,0,1,1,0,6,0,0,1,0,1,0,0,1,2,0,0,0,3,6,0,4,0,0,4,1,0,1,0
0,4,1,1,0,0,0,1,0,0,0,0,0,0,0,0,3,0,0,10,4,0,2,0,1,0,0,1,0,1,0,0,1,1,0,2,2,0,1,2,1,0,1,0,2,0,1,0,2,4,0,1,0,0,6,0,1,0,1,1,0,2,0,0,3,2,2,2,1,0,3,2,0,0,0,1,0,1,0,2,0,2,2,2,1,0,1,2,0,2,0,0,1,0,0,0,0,0,0,0,8,1,0,1,2,7,1,0,0,0,1,1,0,0,0,0,0,0,1,1,0,0,0,0,2,0,0,2,7,1,1,2,0,0,0,0,2,1,5,1,1,0,1,1,1,2,2,1,0,0,0,1,0,0,0,3,1,0,0,2,1,1,0,0,0,5,5,0,0,0,0,0,1,1,0,0,0,1,0,0,2,0,2,0,2,1,1,0,5,5,0,1,6,6,0,0,5,0,2,1,1,0,0,0,0,1,0,2,0,0,1,1,0,5,1,5,0,2,2,0,1,0,1,3,0,1,0,0,1,3,0,2,1,3,0,0,1,1,0,0,0,1,1,1,1,1,5,0,4,0,0,3,0,2,1,2
0,0,1,0,0,0,0,2,0,1,0,1,0,0,0,0,1,0,3,5,5,1,3,3,0,0,0,0,0,1,2,0,1,0,0,0,1,1,0,7,0,0,1,2,0,1,0,0,2,5,0,1,0,0,6,0,0,1,0,0,0,3,2,0,2,0,0,2,0,2,3,0,1,2,0,1,0,0,1,2,0,1,1,2,0,0,0,1,1,2,0,0,3,0,1,0,1,0,0,0,9,0,1,1,1,2,0,0,0,0,0,1,0,2,0,1,0,1,0,0,0,0,0,0,1,0,0,0,10,0,3,0,0,0,0,1,2,1,6,1,0,0,6,0,0,2,2,1,1,0,0,3,0,0,2,7,0,1,1,3,0,0,0,3,0,6,6,2,1,3,0,1,0,0,2,3,1,0,0,2,3,0,2,0,2,0,3,1,7,6,0,0,6,6,0,0,6,0,2,0,0,0,0,2,0,2,1,0,0,1,0,0,0,6,1,5,2,2,0,0,5,0,1,0,2,1,0,0,0,2,0,1,5,2,0,0,0,0,0,0,1,1,1,0,0,1,6,0,5,0,0,7,0,2,0,0
0,1,0,0,0,0,0,0,0,1,0,0,1,0,0,1,3,2,1,5,3,0,1,0,0,1,0,0,0,1,3,0,1,1,0,0,1,1,1,3,0,1,1,2,2,1,0,1,2,5,0,0,0,0,5,0,1,0,2,3,0,1,0,0,2,0,0,3,1,0,3,1,0,0,2,0,0,1,1,2,0,1,0,2,2,0,1,2,1,3,0,1,2,0,1,1,0,0,0,1,5,1,1,4,1,5,3,1,1,0,0,1,0,0,1,2,0,0,1,3,0,0,0,0,1,0,1,0,10,0,3,3,0,0,0,1,0,0,6,1,1,0,0,2,0,2,0,0,0,0,1,0,1,0,0,4,1,0,0,3,1,2,0,3,2,5,6,1,2,1,0,0,0,2,1,0,1,1,0,2,2,0,2,3,2,0,0,2,4,4,5,0,4,4,0,1,4,0,2,0,0,0,0,2,0,4,0,0,0,0,0,0,0,4,0,3,1,2,2,1,1,0,1,3,0,0,1,1,0,3,0,1,1,2,0,0,2,0,0,1,0,1,1,0,1,2,4,0,2,0,0,4,0,2,2,0
0,0,1,1,0,0,0,0,1,1,4,0,0,0,0,0,1,1,2,8,5,0,2,0,0,0,0,3,0,0,0,1,2,1,0,1,2,0,1,2,1,0,0,2,0,0,0,0,1,5,0,2,0,0,9,1,0,0,0,1,0,0,2,0,2,0,0,2,0,0,2,0,1,0,0,2,0,0,1,1,0,1,0,2,0,0,0,0,0,2,0,0,1,0,0,0,1,0,0,0,6,0,0,1,0,2,0,3,0,0,0,2,1,2,0,1,0,1,1,1,0,0,0,0,1,0,0,0,9,0,3,1,2,1,0,2,0,0,6,0,0,0,1,3,0,2,3,1,0,0,0,0,1,0,0,5,0,1,0,5,0,0,0,3,0,6,7,2,0,3,1,1,0,0,1,0,1,0,1,1,2,2,2,0,2,1,1,1,6,7,0,1,6,7,1,0,6,0,2,0,0,0,0,0,0,0,1,0,1,0,0,0,0,6,1,6,0,2,1,0,3,0,0,0,1,0,0,0,0,1,0,0,0,1,0,0,0,0,1,0,2,0,0,0,0,0,6,0,0,0,1,1,1,2,2,0
0,1,0,1,0,0,0,0,0,3,2,2,0,0,0,0,0,0,3,5,2,0,3,0,1,0,0,0,0,0,0,0,2,0,1,0,0,0,0,1,0,0,0,2,0,0,0,0,1,5,0,0,0,0,7,1,0,0,0,1,0,0,0,0,2,0,0,0,0,1,1,2,1,1,0,1,0,0,1,1,0,0,1,1,0,0,0,0,2,2,0,0,0,0,0,0,0,0,1,0,6,2,0,0,0,2,0,2,0,0,0,1,1,1,0,1,0,0,0,0,0,0,0,0,1,0,0,0,8,0,3,0,0,0,0,2,1,2,7,0,0,0,3,0,1,1,1,0,0,0,0,4,0,0,1,3,0,0,0,6,0,0,0,3,1,7,8,2,0,1,1,0,0,0,2,1,0,0,0,1,1,0,2,0,2,1,1,2,6,6,0,0,7,7,2,0,6,0,1,0,1,0,0,1,2,3,0,0,0,0,1,1,0,7,0,7,1,1,2,1,0,0,0,0,0,0,0,0,0,2,0,0,1,0,0,0,0,1,0,0,0,1,0,0,1,0,6,0,3,0,0,3,0,1,0,0
1,1,1,1,0,0,0,0,1,0,0,4,2,0,0,0,1,1,4,7,1,0,1,0,0,0,0,1,3,0,3,0,1,2,1,1,1,0,0,1,0,0,1,0,2,0,2,2,3,3,0,1,0,0,5,1,0,0,4,1,0,1,0,1,5,1,0,3,0,0,4,0,1,0,1,3,0,1,0,4,0,0,1,3,1,0,1,1,2,4,0,1,1,0,0,0,1,0,0,0,2,1,1,2,0,2,0,1,1,0,0,0,0,0,0,0,0,0,0,1,0,2,0,0,1,1,0,0,7,0,0,1,0,2,0,1,0,1,3,1,0,0,0,5,0,5,0,1,2,0,3,0,0,0,0,3,1,0,0,3,0,0,0,0,0,2,6,1,1,0,1,0,0,0,0,0,1,0,0,0,4,0,4,1,4,0,0,1,2,2,0,1,2,4,0,1,3,0,3,0,3,2,1,0,1,2,0,0,0,0,0,0,1,2,0,3,3,3,0,1,2,0,0,2,2,0,0,0,0,0,0,0,1,1,0,0,1,4,0,0,0,2,1,2,2,3,2,0,1,0,1,0,3,5,3,0
0,0,1,1,0,2,0,1,2,2,0,2,0,0,0,0,1,1,3,12,2,0,4,1,1,0,1,1,0,1,2,0,1,0,0,0,0,0,0,4,0,0,1,4,0,0,0,0,4,1,0,0,0,0,5,0,1,0,1,0,0,1,0,0,4,0,2,3,0,0,0,2,1,0,0,2,0,1,0,3,0,1,0,3,0,1,1,0,1,6,1,2,2,1,2,0,1,0,0,0,4,1,0,4,0,5,0,1,4,0,2,1,0,0,0,1,0,0,0,1,3,0,0,0,0,0,0,0,9,0,0,1,0,0,0,0,0,0,4,0,0,0,0,0,0,4,0,0,0,0,0,1,0,0,0,4,0,1,0,2,2,0,0,1,0,4,5,0,0,0,3,0,0,0,0,1,0,0,0,1,4,0,4,0,5,0,0,0,4,4,0,0,5,6,1,0,4,0,3,0,0,0,0,1,2,4,0,0,1,0,0,0,0,4,0,5,0,4,1,1,0,0,0,0,0,1,0,1,0,2,1,0,3,0,0,0,1,2,0,0,1,0,1,0,1,0,4,0,5,0,2,4,1,5,0,0
0,2,0,0,0,0,0,0,0,0,3,3,0,0,0,0,1,0,2,3,3,0,1,0,0,0,1,0,1,0,0,0,0,0,0,4,0,0,0,4,1,0,0,1,0,0,0,0,4,5,0,2,0,0,5,2,1,0,0,0,0,1,0,0,4,0,0,2,0,0,0,0,1,0,0,0,0,0,0,3,0,0,0,3,0,0,1,0,2,3,0,0,0,0,0,0,3,0,0,0,6,3,1,5,0,2,0,0,0,0,0,0,0,1,0,1,0,0,0,0,3,0,0,1,1,0,0,1,8,0,2,3,0,0,0,2,0,0,5,0,0,0,1,2,1,4,0,0,0,1,0,2,0,0,0,1,1,0,1,5,2,3,0,4,0,5,6,0,1,1,0,2,0,0,1,0,1,0,1,1,3,0,4,0,3,0,1,4,5,6,0,1,5,7,0,0,5,0,3,0,0,2,0,2,3,1,0,0,2,0,0,0,0,5,0,4,0,4,0,0,1,0,0,0,1,2,0,2,0,0,0,0,2,1,1,0,0,1,0,1,0,0,0,0,0,0,5,1,4,0,0,4,1,3,0,0
0,0,1,0,0,0,0,0,0,0,4,1,0,0,0,1,0,0,3,10,0,0,3,1,1,0,0,0,0,0,0,0,0,1,0,1,0,0,0,3,0,0,0,1,0,0,1,0,5,2,0,0,0,0,3,0,2,0,0,1,0,0,0,0,5,0,2,7,0,0,4,5,0,0,1,1,0,0,0,7,0,0,0,5,0,0,1,0,3,7,0,1,4,0,1,1,0,0,1,0,3,2,0,5,1,1,0,1,2,0,0,0,0,2,0,1,0,1,3,0,0,0,0,0,2,1,0,1,8,0,0,0,0,0,0,2,1,0,3,0,0,0,0,0,0,5,1,0,0,0,0,0,0,0,0,3,2,1,0,2,2,0,1,0,0,3,3,1,1,2,1,1,0,1,0,0,0,0,2,0,5,0,5,0,5,0,2,5,3,3,0,1,3,4,0,0,3,0,5,0,1,0,0,0,2,3,0,0,0,0,2,0,1,3,0,3,0,6,0,1,1,0,0,0,0,0,0,0,0,0,1,0,0,0,0,0,0,2,0,0,0,3,0,1,1,0,3,0,3,1,0,4,0,5,0,0
0,0,1,1,0,0,0,2,0,0,1,1,1,0,0,0,0,0,3,3,2,0,1,0,0,0,0,0,0,0,0,0,1,0,0,0,0,0,0,4,0,0,0,3,0,0,0,1,3,5,0,0,1,0,7,1,0,0,1,1,0,0,2,0,2,0,0,2,0,0,3,1,0,0,0,0,0,0,0,1,0,0,0,2,0,0,0,1,1,2,0,0,0,1,0,0,0,0,2,0,4,0,1,2,0,3,0,0,1,1,0,5,1,1,0,0,0,0,0,0,1,1,0,0,0,2,1,0,8,0,1,0,0,0,0,0,0,1,6,0,0,0,0,0,0,3,0,0,0,0,0,1,0,0,0,5,0,2,0,6,3,0,0,2,0,6,8,2,0,4,0,1,0,1,1,2,1,0,0,0,2,1,2,1,2,0,2,2,6,6,0,1,6,7,2,1,6,0,2,1,1,0,0,2,1,0,0,0,0,0,0,0,1,6,0,5,0,2,3,0,0,0,1,1,1,1,0,0,0,0,0,0,0,1,0,0,0,0,1,0,2,1,0,0,0,0,6,0,4,0,0,2,0,2,2,0
0,0,0,0,0,0,0,1,0,2,1,4,0,0,1,0,0,0,3,4,3,0,1,1,3,0,0,0,0,2,0,0,0,0,0,2,0,0,0,1,0,0,0,0,0,2,1,0,2,4,0,2,0,0,6,0,0,0,1,0,0,1,0,0,3,0,0,2,0,2,3,1,0,0,1,0,0,1,0,2,0,2,0,3,0,0,0,0,0,3,2,0,1,0,0,0,1,0,1,0,3,1,0,3,0,1,0,2,2,0,0,0,0,0,0,1,0,0,0,0,0,0,0,1,0,3,0,0,8,0,1,0,1,0,0,1,0,1,5,0,0,0,2,0,0,3,0,0,0,0,0,2,0,0,0,5,0,1,0,4,1,0,0,0,0,5,6,0,1,2,2,0,0,0,2,3,0,0,0,2,3,1,3,0,3,0,0,2,5,5,0,0,5,5,2,0,5,0,3,0,0,0,0,0,0,2,1,0,0,0,1,0,0,5,1,5,0,2,3,1,1,0,0,0,0,0,0,1,0,0,0,1,0,0,0,0,0,1,0,0,0,0,0,0,0,0,5,0,5,0,0,0,0,3,1,0
0,0,0,1,0,0,0,1,1,0,0,0,0,0,0,0,1,1,3,4,5,1,3,2,3,2,0,0,0,1,1,0,3,0,0,3,0,0,0,3,0,0,0,0,0,0,0,0,3,3,0,0,0,0,6,0,0,0,0,0,0,4,0,0,3,0,2,1,0,0,3,0,0,0,0,0,0,0,0,3,0,2,0,3,0,0,0,0,0,3,0,0,2,0,0,1,2,0,0,0,7,0,0,2,1,6,0,1,0,0,3,2,0,3,0,0,0,1,1,0,3,1,0,0,1,0,1,1,9,0,0,1,0,0,0,0,0,1,5,1,0,0,2,0,0,3,2,0,1,0,0,1,0,0,0,3,0,2,2,2,1,0,1,3,0,5,5,4,0,0,1,1,0,0,0,0,0,0,0,1,3,0,3,2,3,0,2,0,5,5,0,0,7,5,0,1,5,1,3,0,2,0,0,0,1,2,2,0,0,1,2,0,0,5,0,5,1,3,0,0,2,0,0,1,3,3,0,2,0,0,1,1,6,2,0,0,0,1,0,1,0,2,0,1,2,3,5,0,6,0,1,8,0,4,1,0
0,0,2,1,0,2,0,0,0,2,1,3,0,0,0,0,0,0,0,6,2,0,3,0,1,0,0,2,0,1,0,0,1,0,0,0,1,0,0,1,0,0,0,1,0,0,0,0,3,4,4,0,0,0,5,0,0,0,0,0,0,0,0,0,6,0,0,3,0,2,3,1,1,0,0,2,0,0,0,3,0,0,0,3,1,0,2,0,1,5,1,1,2,0,2,2,0,0,2,0,2,0,0,4,0,0,1,0,0,0,2,0,0,4,0,1,0,0,4,0,1,0,0,0,0,1,0,1,8,1,1,0,1,0,0,1,3,2,5,0,1,0,0,2,0,5,0,0,0,0,0,0,0,0,0,6,0,2,0,3,1,0,0,1,0,4,6,0,0,3,0,0,1,1,2,1,2,0,0,2,5,0,5,3,7,0,1,1,3,3,0,0,5,5,2,0,3,0,3,0,1,0,1,0,0,0,1,0,0,0,1,0,1,5,0,4,0,4,1,0,0,0,0,0,2,2,0,2,0,0,0,0,1,0,0,0,0,4,0,0,0,3,0,0,0,0,2,0,3,1,0,1,0,3,0,0
0,0,0,1,0,0,1,0,0,0,0,0,0,0,0,0,2,2,2,8,3,1,2,1,0,1,0,0,0,0,0,1,1,2,2,0,1,2,0,0,1,2,0,1,0,0,0,0,2,6,1,0,0,1,7,1,0,0,2,2,1,1,0,0,2,0,0,1,1,0,2,2,1,0,0,2,0,0,0,2,1,0,1,3,0,2,1,1,3,3,0,3,0,0,0,0,0,1,1,1,6,1,0,1,2,0,0,3,0,0,0,0,0,3,0,1,0,0,4,0,0,0,1,3,1,1,0,0,9,0,5,2,0,0,0,1,0,1,4,1,0,4,4,1,0,5,1,0,0,0,0,0,1,0,0,8,3,1,0,0,1,2,0,1,0,7,8,0,0,2,0,0,0,0,1,2,3,0,0,1,2,0,3,0,2,0,4,4,4,4,1,1,4,5,1,0,5,0,3,1,1,0,0,1,2,0,3,0,0,0,1,0,0,4,0,6,0,4,5,3,1,0,0,2,2,2,2,2,0,0,0,0,0,0,0,0,1,2,0,1,0,2,0,0,2,1,4,0,6,0,0,2,1,3,1,0
2,0,1,1,0,2,2,0,1,1,0,3,0,1,0,0,1,0,3,5,1,0,4,0,0,3,1,0,1,1,0,0,0,0,0,1,4,2,0,1,0,1,0,0,1,0,0,1,5,4,4,1,0,1,8,0,0,0,0,0,0,2,2,0,5,0,0,4,0,0,5,5,2,0,0,3,3,0,0,8,0,0,0,4,0,0,2,1,0,5,1,0,5,0,0,2,0,0,0,0,2,0,0,9,0,2,0,2,2,0,0,0,0,4,0,0,0,0,3,1,1,3,0,2,1,4,0,1,8,0,1,3,3,1,0,3,0,0,4,0,0,0,1,1,0,4,0,0,0,0,0,0,0,0,0,4,1,0,0,3,0,0,1,1,1,4,6,0,0,1,0,0,0,1,0,0,0,1,3,0,4,0,4,0,6,0,0,1,4,3,0,0,4,4,1,1,4,0,5,0,3,0,0,0,1,2,2,1,1,0,4,0,1,4,0,3,0,5,3,2,5,0,0,0,1,0,0,5,0,0,0,0,3,0,0,0,2,0,0,0,0,3,0,0,0,0,3,0,2,1,1,4,0,4,1,0
0,0,3,1,0,0,2,0,1,0,2,2,0,0,0,1,0,0,4,7,7,2,1,0,1,2,3,0,0,0,2,0,1,0,0,2,0,0,1,4,0,0,1,1,1,0,1,0,1,6,0,0,1,1,6,2,0,0,0,1,0,1,1,1,1,1,1,0,0,1,0,0,1,0,0,0,1,3,1,1,0,4,4,1,1,0,0,0,1,1,2,0,0,0,0,0,0,3,4,1,5,2,0,1,2,4,0,3,1,0,1,5,1,1,1,0,0,1,1,0,0,0,0,0,1,1,4,0,7,0,3,0,0,0,0,1,3,1,6,1,0,1,4,1,0,1,1,0,0,0,0,2,1,0,0,4,1,0,0,3,0,0,0,1,0,5,8,3,0,1,2,1,0,0,2,2,4,0,0,1,1,1,1,2,3,2,4,0,6,5,1,0,5,6,4,0,5,0,1,0,3,0,0,0,0,2,3,0,0,1,0,0,1,6,0,5,0,2,0,1,3,0,1,0,0,0,0,1,0,1,2,1,5,2,0,0,0,1,3,0,2,2,0,0,0,0,5,1,4,0,0,2,0,1,7,0
0,0,1,0,0,2,0,0,2,0,1,2,0,0,1,0,0,0,1,7,6,0,3,0,0,0,0,1,1,0,0,0,0,0,1,3,1,0,0,3,0,0,0,0,0,1,0,1,1,5,0,0,0,1,9,0,0,0,0,0,0,3,0,0,3,0,3,2,0,0,2,1,2,0,2,4,0,0,0,1,0,3,2,1,0,2,0,0,0,4,0,0,0,0,1,0,0,0,0,0,8,3,0,2,2,9,4,1,0,0,0,3,0,2,0,2,0,0,1,0,1,0,0,0,0,7,1,0,11,0,1,1,0,0,0,1,0,1,6,0,0,1,3,0,0,2,0,0,0,0,0,0,1,1,1,3,0,0,1,2,2,0,0,1,0,6,7,1,0,1,4,0,0,0,0,0,1,2,1,0,2,0,3,0,4,1,1,0,5,5,0,1,9,7,0,0,7,0,1,1,1,0,0,3,2,3,0,0,0,0,1,0,0,6,0,7,2,1,3,0,1,0,0,0,2,2,0,1,1,0,0,0,6,0,0,0,0,0,0,0,0,1,0,0,0,1,5,0,9,1,0,6,0,2,0,0
0,0,0,0,0,1,0,2,0,0,0,0,0,0,0,0,1,0,1,2,2,0,1,0,0,0,0,1,0,1,0,1,1,0,0,1,0,0,2,4,0,0,0,1,0,1,0,1,3,3,1,0,1,0,6,0,0,0,0,0,2,0,0,0,3,1,0,3,0,0,1,0,0,0,0,1,0,0,1,3,0,1,0,3,0,1,1,4,1,3,0,0,1,0,0,0,1,0,2,1,5,1,0,5,2,1,0,1,0,0,1,1,0,4,1,0,0,0,1,0,1,1,0,0,0,2,0,0,8,0,0,2,0,0,0,0,1,0,5,0,0,0,0,2,0,3,0,0,0,0,0,1,0,0,0,4,0,0,0,3,0,0,0,0,0,5,6,0,0,1,1,0,0,0,1,0,0,0,0,0,3,0,3,1,3,0,0,0,5,5,0,0,5,5,1,0,5,0,3,0,0,0,0,0,0,0,0,0,1,0,0,0,0,5,0,5,0,4,3,0,3,0,0,0,1,4,0,2,0,1,0,0,1,3,0,0,0,2,0,0,0,0,0,0,0,2,5,0,6,0,0,0,0,3,0,0
0,0,0,0,0,0,0,0,0,0,0,0,0,0,0,1,1,0,5,1,2,1,0,0,0,0,2,0,0,0,0,0,0,1,0,0,0,0,0,2,0,0,2,0,1,0,2,1,0,4,0,0,1,1,7,2,0,0,0,0,0,0,0,0,2,0,2,1,0,0,0,0,1,0,0,6,1,0,2,0,0,2,0,0,3,2,0,0,0,1,0,2,0,0,0,0,0,1,0,0,7,6,0,2,1,6,1,0,0,0,1,0,0,0,0,0,0,0,0,0,0,0,0,0,1,2,1,1,8,0,2,0,0,0,2,1,0,2,8,2,0,0,0,1,0,1,0,0,0,0,0,1,0,1,0,4,1,2,0,2,0,0,0,4,0,7,8,0,1,1,3,1,0,1,0,1,0,0,0,0,0,1,2,1,2,1,2,1,6,5,0,0,10,7,1,2,6,1,0,0,2,0,0,0,3,4,2,0,0,0,0,0,0,7,0,7,0,0,0,1,4,0,0,0,0,0,0,1,1,0,0,2,1,1,0,0,0,0,1,0,1,2,0,0,0,0,5,0,9,1,0,4,0,0,0,0
0,0,4,0,0,0,0,0,1,0,1,2,0,2,0,0,0,0,1,7,4,1,5,2,0,0,0,0,0,0,2,0,0,0,0,1,2,0,0,3,3,1,0,1,0,0,1,0,4,4,0,2,0,0,7,3,0,0,0,0,0,1,2,0,4,0,0,2,0,0,3,0,0,0,0,1,0,0,0,4,0,0,0,4,0,0,0,0,4,4,0,1,2,0,1,0,1,0,1,1,0,0,1,3,0,1,2,6,0,0,1,0,0,0,1,0,0,0,0,0,0,0,0,0,0,0,0,2,8,1,4,1,0,0,0,1,0,0,4,1,0,0,2,0,0,4,0,0,0,0,0,1,0,0,0,2,0,0,1,5,1,0,1,4,0,5,4,0,0,1,0,1,0,0,1,0,0,0,0,2,4,0,4,0,4,0,0,1,6,4,0,1,4,5,2,1,4,2,5,0,2,0,0,0,1,5,0,2,0,0,0,0,1,4,0,3,2,4,2,1,2,0,0,0,1,0,0,1,0,0,1,1,4,0,1,2,0,0,0,0,0,1,1,0,3,1,4,0,0,1,0,5,0,4,0,1
0,0,2,1,0,2,1,0,1,0,0,1,1,1,1,3,3,2,1,8,0,0,1,1,0,0,0,2,0,0,1,2,1,0,0,1,1,0,0,0,0,1,0,0,0,0,1,3,4,3,0,1,0,0,5,0,0,0,2,0,0,0,0,1,4,0,0,4,0,0,3,1,0,0,0,1,2,0,0,4,0,1,0,7,1,0,5,0,1,4,1,0,6,0,0,0,0,0,0,0,4,0,0,5,1,3,0,0,3,0,1,0,0,1,2,0,0,0,0,1,0,0,0,0,2,1,0,0,8,0,1,1,0,2,0,1,0,0,4,1,1,4,0,2,0,4,0,0,2,0,0,5,2,0,1,4,0,0,1,3,2,1,0,1,0,6,5,1,0,1,0,1,0,0,2,0,2,0,0,0,4,0,4,1,4,1,0,2,6,4,0,1,5,4,1,2,4,0,4,1,1,0,0,1,4,2,0,2,0,0,2,0,0,4,0,4,0,4,2,0,0,1,0,0,0,2,0,2,0,0,1,0,0,2,0,0,0,1,0,0,0,0,0,0,1,3,4,0,2,1,0,0,0,4,1,0
0,1,0,0,0,2,0,1,1,0,1,0,0,0,0,0,1,0,1,3,1,0,0,0,0,0,0,0,0,0,1,0,1,0,0,0,0,0,0,0,0,0,0,1,0,0,0,0,1,3,0,4,0,0,7,0,0,0,0,0,0,0,0,0,2,0,0,1,0,0,1,0,0,0,0,1,0,0,0,1,0,2,0,1,0,0,0,0,0,2,0,0,0,0,0,0,2,0,0,0,7,1,0,1,1,4,0,0,0,1,1,1,0,1,0,0,0,0,1,0,0,1,0,0,0,1,1,0,8,0,1,0,1,2,0,1,0,0,8,0,0,0,1,0,2,2,3,0,1,0,0,2,0,0,0,5,0,1,0,2,0,0,0,0,0,6,7,1,0,4,0,0,0,0,1,0,0,0,0,1,1,0,2,0,2,0,1,0,6,6,0,0,7,7,1,1,6,0,1,0,0,0,0,0,0,1,0,0,0,0,1,0,0,7,1,6,0,1,1,1,2,0,1,1,1,1,1,0,0,1,1,0,1,1,0,0,1,0,1,0,0,0,0,0,1,0,6,0,6,0,1,1,0,3,0,0
0,0,1,0,0,1,0,0,1,0,0,1,0,0,0,0,2,0,0,7,0,4,2,0,1,0,0,0,0,2,0,0,0,0,0,0,0,0,0,0,0,0,0,0,0,0,0,2,4,3,0,0,0,2,4,0,2,0,0,1,0,0,0,0,5,1,2,3,0,0,4,0,3,0,0,0,1,0,0,5,0,2,0,4,0,2,1,1,3,6,0,0,2,0,0,0,2,0,0,0,5,0,0,4,0,1,0,0,1,0,0,0,0,1,1,1,0,0,3,1,1,1,0,0,0,0,0,0,8,0,0,3,0,0,0,0,0,0,4,0,0,0,3,1,0,4,1,0,0,0,0,1,0,0,0,4,1,1,1,0,2,0,0,0,0,4,4,1,0,0,1,0,1,0,0,2,0,1,0,0,4,0,4,0,5,1,1,2,4,3,1,0,4,4,0,0,5,0,4,0,0,0,1,0,0,1,1,0,0,0,0,0,0,4,0,3,0,4,0,0,1,0,0,0,0,2,0,1,0,2,0,0,1,1,0,0,0,4,0,0,0,1,0,0,0,1,3,0,5,1,0,2,0,4,0,0
1,0,3,0,0,1,0,1,0,0,1,0,0,1,0,0,1,1,3,6,0,0,0,1,0,0,0,1,0,0,0,0,0,1,2,1,3,1,0,2,0,0,0,1,0,0,0,1,3,4,2,1,0,0,4,0,0,2,0,1,0,0,0,0,3,0,0,4,0,0,2,0,2,0,0,1,0,0,0,5,0,0,0,3,0,0,0,1,1,4,0,0,0,0,0,0,1,0,0,0,5,0,1,2,2,1,0,2,0,0,0,0,0,1,0,0,0,0,1,0,1,0,1,1,0,1,0,1,8,0,2,2,1,0,0,1,0,0,6,0,0,0,2,2,0,3,0,0,0,0,0,1,1,0,1,3,1,2,1,2,0,0,0,0,0,5,5,0,0,0,1,1,0,0,1,0,0,0,0,0,3,0,3,1,3,0,1,2,4,5,0,0,5,5,0,3,4,1,3,3,1,0,0,0,5,5,1,0,0,0,2,0,0,5,1,5,0,3,1,0,1,0,0,0,0,1,0,1,0,0,0,1,3,0,0,0,0,0,0,0,0,1,1,0,0,0,4,0,4,0,0,3,0,3,1,0
0,2,4,1,0,0,0,0,0,0,0,3,0,0,0,1,1,0,2,8,5,0,6,0,0,0,0,0,1,2,0,0,0,2,2,2,1,1,1,3,0,0,1,2,0,0,0,0,2,6,1,0,0,0,6,0,0,0,0,1,0,0,1,1,2,1,2,1,0,0,4,0,0,1,0,1,0,0,2,3,0,0,0,2,1,0,1,2,0,2,0,1,0,0,2,0,0,0,1,0,5,1,1,1,0,4,2,1,1,0,0,4,0,1,0,0,0,2,1,0,0,0,1,1,1,4,1,1,8,0,0,0,0,0,0,0,1,1,6,0,0,0,0,1,0,2,0,0,0,0,0,0,0,0,0,5,0,0,0,1,1,1,0,0,1,7,6,0,0,3,1,0,0,3,0,0,0,0,0,1,2,0,2,0,5,0,1,2,6,4,1,0,6,6,0,1,6,0,2,0,0,0,0,1,0,2,2,0,0,0,0,0,1,6,0,7,1,2,0,1,2,0,0,0,3,3,0,4,0,5,0,2,2,2,0,1,0,1,1,0,0,0,0,0,0,0,4,0,2,0,0,5,0,2,2,0
0,0,1,1,0,0,0,1,0,0,0,1,0,0,0,1,1,2,2,11,1,1,2,1,1,1,0,2,3,0,0,0,0,1,1,0,2,0,0,0,1,0,0,0,0,0,0,1,5,3,3,0,1,0,5,0,0,0,2,1,2,1,0,0,4,0,1,5,1,1,4,4,1,0,0,1,0,0,0,8,2,1,0,4,1,0,1,1,2,4,4,1,8,3,1,0,0,0,0,0,6,0,2,4,0,2,1,5,1,1,1,1,0,1,1,1,0,0,2,1,2,1,3,1,1,1,0,0,7,0,1,1,0,0,0,1,0,0,3,0,0,1,1,0,0,5,0,0,0,0,0,1,0,0,0,2,0,0,0,1,2,1,0,0,0,4,5,0,1,1,0,0,0,0,1,0,0,0,2,1,4,1,4,0,4,0,0,2,3,3,1,0,3,3,0,0,3,0,4,1,1,0,1,0,0,2,3,2,1,0,1,0,0,3,0,1,0,5,5,0,2,0,2,0,0,2,0,3,0,0,0,0,1,0,0,0,0,0,1,0,0,3,0,1,0,0,3,0,3,2,0,1,0,4,1,0
0,0,0,0,1,0,0,0,1,0,1,0,0,0,1,0,0,1,2,1,5,0,3,1,1,1,0,1,0,1,0,0,1,0,0,2,0,0,0,2,0,0,0,0,0,0,1,0,1,6,0,0,2,0,6,1,1,0,0,0,0,1,1,0,1,0,0,0,2,2,3,0,2,1,0,1,0,2,1,0,0,1,1,1,1,0,1,0,2,2,0,0,0,1,0,0,0,0,1,1,4,0,0,0,0,1,0,0,2,0,0,2,0,0,0,0,0,0,0,0,1,0,0,0,0,1,0,0,7,0,3,1,0,0,0,1,0,1,6,0,0,1,0,1,0,1,2,0,0,0,0,0,1,0,0,3,0,1,0,4,1,1,0,2,0,7,8,1,0,1,2,0,0,0,2,0,0,0,0,2,1,0,1,0,2,0,1,2,5,5,0,0,6,6,1,0,5,0,1,0,0,3,1,0,0,3,0,1,0,0,0,0,0,6,0,6,0,4,2,0,3,0,0,0,1,1,0,2,0,1,0,0,0,0,0,0,0,1,0,2,0,2,0,0,0,0,5,0,2,1,0,3,0,1,1,0
0,1,0,0,0,1,0,1,0,1,0,2,0,0,0,0,0,1,1,3,1,1,0,0,0,0,0,0,1,2,0,0,0,0,0,0,0,0,0,0,0,0,0,0,0,1,0,0,3,4,1,0,0,0,4,1,0,0,0,0,0,0,0,0,3,0,1,2,2,0,2,0,0,0,0,1,1,0,1,4,1,2,0,3,1,0,0,0,3,3,0,2,0,0,1,0,0,0,1,0,5,1,0,2,1,1,0,1,0,0,2,2,1,1,0,0,0,0,0,0,2,0,0,0,0,1,0,1,7,0,4,1,0,0,0,0,1,0,4,0,0,0,0,0,0,3,0,0,0,0,0,0,0,0,0,1,0,0,1,0,1,1,0,1,0,5,5,0,0,2,0,0,0,0,2,0,1,0,0,1,3,1,3,0,3,0,0,1,4,4,1,0,4,4,0,0,4,0,3,0,0,1,0,0,2,1,1,0,0,0,0,0,1,4,1,4,0,5,1,2,2,0,1,0,0,2,0,2,1,0,0,0,0,1,0,0,0,1,1,0,1,1,0,0,2,1,4,0,5,0,0,2,0,3,2,0
0,0,1,0,0,0,0,1,0,0,3,1,1,1,0,0,0,1,2,4,2,0,2,1,1,0,1,0,1,0,0,0,1,1,1,0,1,0,0,3,1,0,0,1,1,0,0,0,4,3,1,0,0,0,6,0,1,0,1,0,0,0,0,0,5,0,0,6,0,1,3,3,0,0,0,0,1,0,1,6,0,2,0,5,0,1,1,2,0,6,1,2,3,2,1,0,1,1,0,0,3,0,0,7,1,0,1,0,0,0,0,0,0,2,0,0,0,0,1,0,0,1,0,0,0,1,0,0,8,0,1,3,3,2,0,3,1,0,3,1,1,0,0,2,0,7,0,0,1,1,0,0,0,2,1,4,2,2,0,3,1,0,3,0,0,3,5,0,0,2,1,1,0,0,3,0,2,0,0,0,5,1,5,1,5,1,1,4,6,3,0,0,3,3,2,0,3,0,5,1,0,0,0,0,0,0,0,0,0,0,1,0,0,3,0,3,0,5,2,0,0,0,0,1,2,2,0,1,1,0,0,0,1,1,0,1,0,1,2,0,0,0,0,0,0,0,4,0,2,0,1,3,0,5,3,2
0,0,3,0,0,1,0,0,0,0,0,3,0,0,0,0,5,0,2,9,0,0,2,0,0,0,1,0,0,1,0,1,0,0,0,0,0,0,0,1,0,0,0,0,0,0,0,1,5,3,0,0,0,1,3,0,0,0,0,1,0,0,0,1,6,0,1,3,0,0,5,0,0,0,0,1,0,1,0,5,1,1,0,5,1,0,0,0,3,6,0,0,3,1,2,0,0,0,1,0,1,1,0,3,0,0,0,2,0,0,1,0,0,0,0,2,0,0,0,2,3,0,1,1,1,1,0,1,8,1,4,3,2,0,0,1,0,1,3,0,0,0,1,1,0,5,0,0,0,0,0,0,0,0,0,4,0,1,0,3,0,0,0,1,0,4,3,0,0,1,0,1,0,0,0,0,0,0,0,0,5,0,5,1,5,0,0,0,4,3,0,0,3,3,1,1,3,0,5,0,0,0,0,1,2,0,0,0,0,0,0,0,0,3,0,3,0,5,0,0,0,0,0,0,0,0,0,2,0,2,0,0,1,1,0,0,0,3,0,0,0,1,0,0,0,0,3,0,0,0,0,1,0,6,1,0
0,1,0,0,0,1,1,0,0,0,4,0,0,1,0,1,2,0,2,8,2,2,1,0,0,0,0,1,0,0,1,0,3,1,5,0,2,1,2,1,0,0,0,1,1,0,0,1,4,4,2,2,0,1,5,1,1,1,0,2,0,3,2,0,6,0,1,2,0,0,3,0,0,0,0,0,0,1,0,4,0,3,1,3,0,2,1,2,0,3,1,1,2,0,1,0,1,0,1,0,5,1,0,5,0,0,3,1,0,0,3,1,1,1,0,0,2,1,2,0,3,0,0,0,0,0,1,2,6,0,1,1,0,0,1,4,0,0,3,1,0,0,2,0,0,3,2,0,0,0,0,5,0,0,0,1,0,0,2,2,0,5,0,0,0,6,4,1,2,0,0,1,1,0,1,0,0,0,1,0,3,0,3,1,4,0,0,2,5,4,0,1,4,6,0,1,4,0,3,0,0,0,0,0,1,0,1,0,0,0,1,0,0,3,0,4,1,3,0,0,1,1,0,0,0,0,1,1,0,0,0,0,0,0,0,0,1,0,1,0,1,1,1,0,2,2,3,0,2,1,0,0,1,3,1,0
0,0,0,1,0,0,0,1,0,2,1,3,1,3,0,0,1,1,2,7,2,0,1,1,0,0,0,0,0,0,1,2,1,0,0,2,0,0,0,2,0,1,1,0,0,0,0,0,3,4,0,1,0,0,6,1,1,0,0,0,0,3,0,0,2,0,2,2,0,1,3,2,1,0,0,4,0,0,0,3,0,2,0,2,1,0,0,0,1,3,0,0,1,0,0,0,1,0,1,0,6,2,0,1,1,5,0,3,0,0,0,1,0,0,0,0,0,2,3,0,0,0,0,0,2,1,0,1,9,0,2,0,0,0,0,0,0,0,7,1,0,0,2,0,0,2,0,0,0,0,0,3,0,0,0,3,0,1,2,2,0,1,0,0,0,7,6,0,0,1,0,2,0,0,1,1,0,0,0,1,2,0,2,0,2,0,0,3,6,6,0,1,8,6,0,1,6,0,2,2,0,0,0,0,2,4,0,0,0,0,2,3,0,6,0,4,0,2,0,0,0,0,0,0,3,0,0,0,0,0,2,1,3,1,0,0,0,0,0,0,1,0,0,0,0,0,6,1,6,0,0,6,0,2,0,0
1,0,0,1,1,0,0,1,4,3,1,0,0,2,0,1,1,0,5,1,5,0,4,0,3,1,0,0,0,0,1,0,0,0,0,2,1,0,0,4,0,0,0,1,0,0,0,1,2,6,1,0,0,1,6,0,0,0,0,0,0,0,0,1,2,1,2,2,0,3,2,0,0,0,0,2,0,0,0,2,2,0,0,3,0,0,2,1,0,2,0,0,0,0,0,0,2,1,0,0,9,2,1,3,0,4,0,2,1,0,0,1,1,3,1,0,0,1,1,0,0,1,1,0,0,0,0,2,7,0,2,1,0,0,0,3,0,0,5,0,0,0,0,0,0,3,0,0,1,0,0,0,0,0,0,4,0,0,2,1,1,2,0,2,1,5,5,1,0,2,0,0,0,1,1,1,2,0,0,2,2,1,2,0,2,1,2,1,6,5,0,1,5,6,0,0,5,0,2,0,0,0,1,2,1,4,1,0,1,1,1,0,0,5,0,9,1,3,0,1,3,1,1,0,2,1,0,3,0,2,0,0,6,3,0,1,0,0,0,0,1,3,2,0,0,1,5,0,5,1,0,6,1,4,0,0
0,1,0,1,0,4,0,1,0,2,0,0,1,0,0,0,2,2,2,4,0,1,3,2,1,0,0,0,0,1,1,0,0,0,1,0,0,0,0,0,0,0,0,0,0,0,1,0,3,5,0,1,1,0,7,1,2,0,1,0,0,0,0,1,2,0,2,2,0,1,2,0,0,0,0,1,0,0,0,2,0,1,0,2,1,1,1,1,1,2,0,0,1,0,0,0,2,0,1,0,7,1,1,3,1,3,1,0,0,0,1,0,0,2,0,1,0,0,2,0,2,1,0,0,0,4,0,0,8,0,0,2,2,0,0,0,0,0,6,0,0,0,0,0,0,2,1,0,1,0,0,2,0,0,1,4,0,2,2,3,0,1,0,0,1,6,7,1,0,0,0,0,0,0,2,0,1,0,0,2,2,0,2,0,3,2,1,0,6,7,0,0,6,6,0,1,6,0,2,0,0,0,0,0,2,2,0,0,0,0,0,0,0,6,1,5,0,2,1,0,0,0,0,1,0,1,0,2,0,1,0,0,2,0,0,0,0,0,1,0,0,1,0,0,1,0,6,0,4,0,1,2,1,3,0,0
0,0,3,0,0,1,1,0,1,0,0,3,0,1,0,0,0,0,2,16,1,0,1,0,2,0,0,2,0,0,0,0,0,0,0,0,3,0,0,0,0,0,0,0,0,1,0,2,4,4,0,3,0,0,9,0,0,0,1,2,0,0,0,0,6,0,1,7,0,0,3,3,1,1,0,1,0,0,2,6,0,0,1,4,1,0,1,2,1,5,1,0,4,0,1,0,0,0,0,0,2,0,0,6,0,1,1,2,2,0,1,0,0,0,0,0,0,1,3,1,3,0,1,0,1,1,0,0,9,0,1,4,2,0,1,0,0,0,4,0,0,1,2,3,0,5,0,0,0,0,0,0,0,0,0,3,0,0,2,2,0,0,1,0,1,5,5,3,0,0,1,0,0,0,0,0,1,0,0,0,4,0,6,1,6,0,2,1,2,3,0,0,6,5,0,2,4,0,4,2,0,0,1,1,0,0,3,0,1,0,1,0,0,4,2,6,1,5,0,0,4,0,0,0,1,2,1,0,0,0,1,1,0,2,0,0,3,3,0,0,0,0,0,1,0,0,2,0,2,1,0,3,0,4,3,0
0,0,1,0,1,0,0,1,0,0,0,0,0,2,1,2,0,0,0,8,0,2,1,0,1,1,0,0,1,0,1,2,1,0,0,1,0,0,1,1,0,0,1,0,0,0,1,1,3,4,1,1,0,0,5,0,0,0,0,0,0,0,0,2,4,1,1,2,0,1,2,0,1,0,1,3,0,0,1,5,0,1,3,3,1,0,1,0,1,4,0,1,1,0,2,0,1,0,0,0,4,1,0,4,3,0,1,1,0,0,3,1,2,1,0,0,0,0,3,1,0,0,0,0,1,2,2,0,7,0,0,0,0,0,0,0,1,0,4,0,0,0,0,0,0,3,1,0,1,0,0,0,0,2,0,3,0,0,1,2,0,0,0,1,0,4,6,0,0,0,1,1,0,1,0,0,0,0,0,1,3,0,4,0,4,0,0,0,3,3,0,0,4,4,1,2,4,0,2,1,1,0,0,0,0,0,2,0,1,1,0,0,0,5,0,5,0,3,2,0,0,0,2,0,1,2,0,1,0,0,0,0,2,2,0,0,0,3,0,0,0,2,1,0,1,3,3,0,4,1,0,1,1,3,1,0
0,0,1,0,0,0,0,0,0,0,2,1,0,0,0,0,0,0,2,3,3,0,4,1,0,1,0,1,0,2,0,1,0,0,0,0,0,0,0,0,0,0,0,3,0,1,0,0,1,7,0,1,0,0,8,1,0,0,0,0,0,0,1,1,2,0,0,1,0,0,2,2,0,0,0,0,0,0,0,1,1,0,0,1,0,0,0,0,0,2,0,0,0,1,0,0,0,0,0,1,4,0,0,2,0,1,0,2,0,1,0,1,1,0,0,0,0,0,0,0,0,0,0,1,0,2,0,1,8,0,2,1,0,0,0,3,0,0,7,0,0,0,0,0,0,1,2,0,0,0,0,0,0,0,0,4,0,1,1,7,0,0,0,3,1,7,10,0,1,2,0,0,0,1,1,0,3,0,0,1,1,0,2,1,2,0,0,2,6,6,1,1,8,7,1,0,6,0,1,0,0,0,0,0,1,3,0,0,0,0,2,2,0,7,0,7,1,1,2,0,1,0,0,0,1,0,0,0,0,0,0,0,1,0,0,1,0,1,1,0,1,0,0,0,0,2,6,0,4,0,0,5,0,1,1,0
0,0,1,0,0,0,0,0,0,0,0,2,0,0,1,0,0,0,2,3,2,0,4,1,0,1,0,0,0,0,1,0,0,0,0,0,0,0,0,2,0,0,0,0,0,0,0,0,2,5,0,0,0,0,8,1,0,0,0,0,0,2,0,0,3,0,1,2,0,0,1,1,0,0,0,0,0,0,1,2,0,2,0,3,0,0,1,0,2,5,0,0,1,0,0,0,0,0,0,2,3,2,1,2,0,3,0,1,0,0,0,2,0,1,0,1,0,1,0,0,0,0,0,0,0,0,0,2,8,0,0,1,0,0,0,1,0,0,5,0,0,0,1,0,0,4,0,0,0,0,0,1,0,0,0,4,1,0,1,1,2,0,0,0,0,5,6,0,0,1,0,0,0,0,0,2,0,0,1,1,3,1,3,0,3,0,1,0,5,5,0,0,5,5,0,0,5,0,4,0,0,0,0,0,0,3,0,1,1,0,0,0,0,5,0,6,1,5,0,3,1,1,0,3,0,1,0,1,0,1,0,0,1,0,0,0,1,0,1,0,0,1,0,0,0,0,5,0,4,1,0,3,0,3,1,0
0,0,0,1,0,1,1,1,0,0,0,1,1,0,1,0,0,2,0,1,2,0,1,1,2,1,0,0,0,0,1,0,2,0,0,0,0,0,0,2,0,0,0,0,0,1,0,0,1,5,1,1,0,0,7,0,0,0,1,0,0,2,0,0,1,0,0,1,1,0,1,0,0,0,0,1,0,0,0,1,0,0,2,1,1,0,1,0,1,2,0,0,0,0,0,0,0,0,4,0,8,3,0,1,1,2,0,2,0,0,0,0,0,2,1,5,0,0,5,0,0,0,0,1,1,3,0,2,7,0,3,0,0,0,0,2,1,2,7,0,0,0,1,1,0,1,1,0,2,0,0,0,0,0,1,5,0,2,0,2,1,1,0,1,0,7,7,0,0,5,0,0,0,0,2,3,0,0,0,1,1,0,1,0,1,0,4,3,6,6,0,0,6,6,3,1,6,0,1,1,0,0,0,0,4,5,1,0,0,0,1,0,0,6,0,7,0,2,3,2,6,1,0,1,2,0,0,1,0,1,0,0,4,3,0,0,0,3,0,0,0,1,0,0,0,2,6,0,7,0,0,7,3,1,0,0
0,0,0,2,1,0,1,1,2,6,1,1,1,0,0,0,0,0,3,2,0,0,5,1,2,0,0,1,0,0,1,1,0,1,1,0,0,0,0,1,0,0,0,1,0,1,0,1,1,6,1,0,0,0,9,1,0,0,1,0,0,0,0,0,3,0,1,4,0,1,3,2,5,1,0,1,0,1,0,2,0,2,1,2,1,0,0,3,1,1,0,0,0,0,2,0,0,0,1,0,6,0,2,1,1,0,2,0,0,0,3,2,0,1,1,0,0,0,1,1,4,0,0,2,1,2,0,1,7,0,2,3,0,0,0,5,1,1,7,0,0,2,2,0,0,1,0,0,0,1,0,3,0,0,2,3,0,1,3,5,0,2,0,3,3,6,7,3,0,2,0,0,1,2,0,2,0,1,0,1,2,0,1,1,1,0,0,0,6,6,1,0,6,6,1,0,6,1,1,0,1,0,0,0,2,6,1,0,0,0,0,0,1,6,0,4,1,2,1,0,0,0,0,0,0,2,1,0,0,5,0,0,3,0,0,0,0,2,1,0,0,1,0,0,0,0,6,0,5,0,0,5,0,1,0,0
1,0,2,0,0,1,0,1,2,1,2,2,0,0,0,0,0,0,0,5,0,1,4,0,0,0,0,0,0,0,0,0,1,1,0,1,0,0,0,5,1,0,0,0,0,0,0,0,3,4,0,0,0,0,7,0,2,0,0,1,0,1,0,0,2,0,0,3,0,0,2,2,1,0,0,4,1,1,0,2,0,0,0,2,0,0,0,2,1,4,0,2,0,1,0,1,0,0,0,0,6,4,0,3,1,2,0,0,0,0,0,1,0,1,0,0,0,0,0,0,0,1,0,0,0,1,0,1,8,0,1,1,0,0,0,1,1,0,6,1,0,0,0,1,0,3,0,0,1,0,0,1,0,0,1,2,0,0,0,1,0,0,0,0,0,6,6,0,0,0,1,0,0,0,0,0,0,0,0,2,2,0,2,0,2,0,0,1,6,6,0,0,6,6,0,0,6,0,2,0,0,0,0,1,0,4,1,0,0,0,0,0,2,6,0,6,0,2,0,1,3,0,0,1,2,1,0,0,0,0,0,0,0,1,0,0,0,0,0,0,1,1,0,0,1,0,6,0,5,1,0,7,0,2,1,0
0,0,0,0,0,0,0,1,2,4,3,3,0,0,0,0,0,0,1,3,2,0,1,0,0,0,0,0,1,1,4,0,2,3,0,3,0,0,0,3,0,0,0,3,0,1,1,0,2,6,2,0,0,0,9,0,0,0,0,0,0,2,0,0,4,1,0,2,0,1,2,0,0,0,0,0,0,0,0,2,0,1,0,2,0,0,0,0,0,3,1,0,0,0,0,0,3,0,0,0,4,1,1,1,0,2,0,0,0,0,2,0,0,2,0,0,0,1,0,0,4,0,0,0,0,2,0,0,9,0,0,3,1,0,0,0,0,1,6,0,0,0,0,2,1,3,1,2,1,0,0,0,0,1,0,2,0,1,0,3,0,0,0,0,0,5,6,0,1,2,0,3,0,0,0,0,0,0,0,0,3,0,3,0,4,0,1,3,5,4,0,2,5,8,2,0,5,0,2,0,0,0,1,0,0,3,0,0,0,0,1,0,1,5,0,6,1,3,0,1,0,0,0,0,1,1,1,3,0,0,0,1,1,1,0,0,1,1,0,0,1,3,1,0,1,0,4,1,6,0,0,4,0,3,0,1
0,0,0,0,0,0,1,2,0,0,0,2,1,0,1,0,0,0,1,7,1,0,3,0,2,0,1,2,0,1,0,1,2,1,0,1,0,0,0,2,0,2,0,0,0,1,0,3,3,2,0,0,0,0,5,0,0,2,0,0,0,3,2,0,4,3,2,2,1,0,1,0,2,1,0,5,0,2,0,3,0,3,0,3,2,0,1,0,2,9,2,0,2,4,0,1,0,0,2,0,4,1,2,2,1,2,1,0,1,0,0,0,0,3,0,7,0,0,0,0,1,0,0,0,1,2,0,1,6,0,1,3,0,0,0,1,2,0,3,0,0,0,3,0,1,5,1,0,1,1,0,0,1,0,0,0,3,3,2,2,1,0,0,0,2,3,5,1,0,3,0,1,2,0,0,2,0,2,1,0,4,1,5,0,8,0,1,3,4,3,0,0,6,3,0,3,3,2,3,0,1,0,0,3,0,5,0,0,0,0,1,0,2,3,0,3,0,5,0,1,2,0,2,1,0,0,0,2,0,1,0,0,3,4,0,0,0,0,0,0,3,2,1,0,0,1,2,1,3,0,1,4,0,3,0,0
0,0,3,0,2,2,0,0,1,1,3,3,3,0,0,0,1,3,3,9,1,0,2,0,0,0,1,1,2,1,0,0,6,0,0,0,0,0,1,8,0,0,0,1,0,0,0,0,3,1,0,0,0,0,4,2,0,0,0,0,0,1,0,0,3,1,0,3,1,0,2,0,0,0,0,2,2,2,0,2,1,1,1,3,0,0,0,0,2,4,0,1,1,0,0,0,1,1,0,0,4,2,1,2,0,3,0,0,1,0,0,0,0,7,0,0,0,0,0,0,2,0,0,0,0,2,0,1,8,0,0,4,0,0,0,0,0,1,4,0,0,0,1,0,0,3,1,0,0,0,0,2,0,0,0,7,0,0,0,0,2,0,0,0,0,4,6,1,1,2,2,1,1,0,0,0,0,0,0,0,3,0,6,0,3,2,3,1,4,4,0,1,4,5,2,1,4,0,3,1,0,0,0,0,1,3,5,0,0,0,0,0,0,4,1,7,0,3,0,0,2,0,0,0,1,0,1,1,0,0,0,0,3,1,1,0,0,2,0,0,1,3,1,0,1,0,4,0,5,0,0,8,0,3,0,0
0,0,3,0,0,3,0,0,0,4,1,1,1,0,0,0,3,0,3,4,2,0,1,2,0,1,0,2,0,0,0,0,2,1,0,1,0,1,0,0,0,0,0,1,0,0,0,0,3,3,0,1,0,0,6,0,0,0,0,0,1,3,0,1,1,4,1,1,0,1,1,0,0,0,0,2,0,0,0,1,0,1,0,1,1,2,0,0,0,3,0,2,0,0,0,0,1,1,0,0,8,4,1,1,0,5,0,0,0,0,0,1,0,0,0,0,0,0,0,0,2,1,0,0,0,3,0,1,7,0,0,0,0,0,0,1,0,0,6,1,0,0,1,1,0,1,0,0,0,0,0,0,0,0,0,1,0,0,1,2,1,0,0,0,0,6,6,1,0,0,2,0,0,0,0,1,0,1,0,0,1,1,1,1,1,0,0,1,7,6,0,2,6,6,0,0,6,1,1,0,1,0,0,0,1,1,1,0,0,0,0,0,0,6,0,5,0,2,0,1,4,0,1,0,0,1,1,0,0,0,0,2,2,1,0,2,0,0,0,0,0,1,1,1,0,2,6,0,7,0,0,2,0,1,0,0
0,2,2,0,0,1,2,1,1,0,1,1,0,0,0,1,2,0,7,5,4,0,3,0,4,0,0,0,1,3,0,0,0,0,0,1,0,0,0,2,0,0,0,0,0,0,0,1,1,7,0,0,0,0,7,1,0,1,1,0,0,0,1,0,2,0,0,1,0,2,1,0,0,1,0,1,0,1,0,1,0,2,0,1,0,0,1,0,0,2,0,1,0,1,0,0,0,1,3,1,5,1,0,1,2,6,1,1,1,0,0,1,0,2,0,0,0,0,3,0,0,0,0,0,2,1,0,0,7,1,2,1,0,0,0,1,1,0,6,0,0,1,0,0,1,2,0,0,0,0,1,0,1,0,0,3,0,4,3,3,0,0,0,1,0,6,7,1,0,3,0,0,0,0,0,2,0,2,0,2,1,0,1,0,4,0,0,1,6,6,0,0,8,6,1,1,6,0,1,2,3,0,0,1,4,1,0,0,0,0,1,0,1,6,0,6,0,2,2,0,0,0,1,1,2,1,0,2,0,0,0,0,5,2,0,1,0,0,0,0,2,1,0,0,0,0,6,0,3,0,0,5,0,1,0,0
0,0,1,1,1,1,0,0,1,0,0,3,1,0,1,2,2,0,5,0,2,0,6,2,0,0,0,2,0,0,0,1,0,1,0,0,0,1,0,6,0,0,0,2,0,1,0,3,1,6,0,0,0,0,6,0,0,0,0,0,0,4,0,0,2,1,2,2,0,0,3,1,1,1,1,1,0,0,0,0,0,0,0,1,0,0,0,2,0,2,0,0,2,0,0,1,0,0,1,1,8,1,0,2,0,4,1,1,0,0,2,2,1,2,0,2,0,0,1,3,0,0,0,0,1,2,1,0,7,0,2,3,1,0,0,0,6,3,7,0,0,0,0,8,0,1,0,0,0,2,0,2,0,0,0,8,1,1,2,3,0,0,0,1,1,7,6,1,0,3,1,0,2,0,2,7,0,0,1,1,3,0,1,0,2,0,1,1,7,6,0,0,7,7,2,0,6,0,1,0,0,0,0,0,0,5,2,1,0,1,0,0,1,7,1,9,0,3,1,1,5,0,1,0,0,0,1,0,0,2,0,0,2,0,0,1,0,0,0,1,0,1,0,0,0,1,6,0,6,0,0,4,0,1,0,0
0,0,2,1,0,0,0,1,0,2,1,1,0,0,0,0,0,1,5,6,3,0,0,0,5,1,0,0,1,0,1,0,1,0,1,3,0,0,0,1,0,0,0,0,0,0,0,0,1,6,0,0,0,0,7,1,0,0,0,0,0,1,0,0,1,0,1,1,0,0,1,5,0,0,0,1,0,0,1,1,0,0,0,1,0,0,0,0,0,1,1,1,1,0,4,0,0,0,1,0,8,2,0,0,0,4,0,0,0,0,0,0,0,3,0,0,0,0,1,0,0,2,0,1,1,1,0,0,8,0,0,0,0,0,0,0,0,1,7,0,0,0,0,0,0,1,0,0,1,0,0,0,0,0,0,5,0,0,1,3,0,3,0,0,0,7,7,0,0,1,0,0,0,0,1,0,1,0,0,1,1,0,2,1,1,0,0,4,7,7,0,0,8,7,2,1,7,0,1,1,0,0,0,1,1,0,0,2,0,0,3,0,0,8,0,6,0,1,2,0,0,0,0,0,0,1,0,1,0,0,0,1,2,1,0,0,0,0,0,1,0,0,1,2,0,1,7,0,5,1,0,2,1,1,0,0
0,0,4,1,0,1,0,0,0,0,0,2,0,0,0,0,0,0,3,7,0,0,3,0,0,2,0,0,1,0,0,0,0,0,0,0,0,0,0,0,0,0,2,0,0,0,0,0,2,6,0,0,0,0,6,2,0,0,0,0,0,0,0,0,3,1,0,2,0,1,2,2,0,0,0,1,0,0,0,2,0,0,1,2,1,0,0,0,1,3,0,2,0,0,1,0,0,0,0,1,10,1,0,3,3,3,1,0,1,0,0,3,2,4,0,0,0,1,3,0,1,0,0,0,1,3,1,1,8,0,1,1,0,0,0,0,0,0,6,0,0,0,0,0,0,3,0,0,0,0,0,0,0,0,0,6,0,0,0,0,0,0,0,0,0,5,6,0,1,1,1,1,0,0,0,3,0,0,0,1,3,0,3,0,3,0,1,0,8,5,0,0,6,6,0,0,5,0,2,0,2,0,0,0,0,0,0,0,0,1,0,0,0,6,0,5,0,4,0,0,2,0,0,0,0,1,0,0,0,1,1,0,4,1,0,0,0,3,2,0,2,3,0,0,0,0,5,0,5,0,0,0,0,2,2,0
1,1,2,1,0,3,0,3,0,1,0,1,1,3,0,1,1,0,1,7,2,0,0,0,3,1,3,0,0,0,0,0,0,0,0,0,0,0,0,2,0,1,3,2,0,0,0,4,3,3,1,0,0,0,5,1,0,1,0,0,0,0,0,0,3,0,0,4,0,1,1,5,2,0,1,3,0,0,0,3,1,0,1,4,1,1,0,0,2,3,1,0,1,0,0,0,0,0,0,0,8,0,1,2,1,3,1,1,0,0,1,1,0,4,0,0,1,0,2,1,0,0,1,2,0,0,0,2,9,0,2,0,3,1,0,2,0,0,4,1,0,0,1,0,0,4,1,0,2,0,0,2,0,0,0,3,0,2,1,4,0,1,0,2,0,4,5,1,0,0,1,0,1,1,1,1,0,0,1,0,3,0,3,0,3,1,1,4,4,4,0,0,5,7,0,1,4,0,3,0,1,0,0,2,2,4,1,0,1,0,3,0,1,4,0,5,0,3,2,0,1,0,0,2,1,3,0,3,0,2,0,0,8,2,0,1,0,0,1,0,1,5,1,1,0,3,7,0,3,2,0,0,3,5,0,0
0,0,2,0,0,1,1,0,0,0,0,2,1,1,0,0,2,0,4,6,0,0,0,1,0,1,0,1,0,0,3,0,1,0,4,5,1,0,0,3,0,0,0,1,0,1,0,0,5,5,2,0,0,0,6,0,0,1,1,0,0,3,0,2,3,1,1,2,0,0,3,0,0,1,0,1,3,0,0,3,0,1,0,3,0,1,1,1,0,3,1,2,0,0,2,0,5,0,0,0,3,1,2,2,0,7,0,0,0,0,0,1,0,2,0,1,0,0,0,0,1,0,0,4,3,4,0,1,8,0,3,2,0,0,0,0,1,1,5,0,0,0,0,1,2,3,0,0,0,1,0,0,1,0,0,1,0,0,0,2,1,0,0,1,0,5,6,1,0,0,0,0,1,0,0,0,0,0,0,0,3,0,3,0,3,0,1,4,5,6,0,2,5,6,0,1,5,0,3,1,3,0,0,0,0,4,1,0,1,0,0,0,1,5,0,4,1,3,1,1,0,0,0,0,1,0,0,0,2,0,0,0,3,1,0,0,3,1,0,0,0,3,1,0,1,0,5,1,4,0,0,3,0,3,0,0
0,0,3,0,0,0,0,0,0,0,0,1,0,0,0,0,1,0,1,6,1,0,2,0,1,1,1,0,1,0,0,0,0,0,0,0,1,0,0,0,0,0,0,0,0,0,1,1,5,2,1,0,0,1,4,0,1,0,0,0,0,0,0,0,5,0,0,5,0,0,4,3,2,1,0,1,0,0,0,8,0,0,0,5,0,1,2,1,1,5,2,1,3,1,1,0,0,0,1,0,2,1,0,4,1,1,0,0,2,0,0,0,0,3,0,0,0,0,1,0,1,1,1,0,0,1,1,0,8,0,0,5,1,0,0,1,0,0,3,0,0,1,0,2,0,5,0,1,0,1,0,1,0,0,0,2,1,0,0,2,1,1,0,0,0,3,3,0,0,2,0,0,0,2,0,1,0,0,1,0,6,0,5,0,5,1,0,2,5,4,1,0,4,3,0,0,3,0,5,0,0,0,0,1,3,2,1,0,0,0,0,0,0,3,0,5,0,5,0,0,3,0,0,0,1,2,0,1,0,1,0,1,2,0,0,0,0,3,1,0,0,1,0,0,3,0,3,1,3,1,0,2,0,6,0,0
0,1,0,0,0,0,1,0,1,1,0,3,0,0,0,0,2,0,2,14,1,3,2,2,1,0,0,0,2,0,0,1,0,0,0,1,0,0,0,0,1,0,0,1,0,0,0,0,5,4,1,0,0,0,6,0,1,0,1,1,1,0,0,0,4,1,1,4,0,0,3,1,2,0,0,3,0,0,2,6,0,1,1,4,0,0,0,1,1,4,0,1,0,0,0,0,1,0,1,0,5,2,1,3,0,2,0,4,0,1,0,0,0,1,0,0,0,1,1,2,0,0,0,0,0,1,0,0,8,1,1,2,1,1,0,1,0,0,4,0,0,1,1,0,0,4,0,0,0,0,0,0,0,0,0,3,0,0,0,1,1,1,0,0,0,4,5,0,0,2,0,1,0,0,0,1,0,0,0,0,4,0,4,0,5,1,2,0,4,4,0,3,5,6,0,2,4,0,5,0,1,0,0,0,4,1,1,0,0,0,0,1,0,4,0,2,0,4,0,1,5,0,1,0,3,1,1,3,0,1,1,0,1,0,0,0,0,0,0,0,0,2,0,0,0,0,4,0,4,0,0,1,2,4,0,0
0,0,0,0,0,0,0,0,1,3,0,2,0,0,0,1,0,0,0,2,1,1,2,1,0,1,1,1,0,0,0,0,2,3,0,1,0,2,0,3,0,0,0,4,1,0,0,1,1,5,1,1,0,0,7,0,0,0,0,0,0,2,0,0,2,1,1,2,0,1,0,1,1,1,1,2,0,0,0,1,0,3,0,2,0,0,0,2,1,3,0,0,0,0,1,0,2,0,0,0,5,0,1,3,0,0,0,1,1,0,1,0,0,3,0,0,0,0,1,1,2,2,0,2,0,1,1,3,8,1,3,4,2,1,0,0,1,0,7,0,0,1,0,0,0,3,0,0,1,0,0,3,0,0,0,5,0,2,0,3,0,0,0,0,0,6,7,0,2,3,0,0,0,2,2,2,0,0,0,0,2,0,2,0,2,0,0,3,6,5,0,0,6,6,3,3,6,0,2,0,2,0,0,3,1,1,1,0,0,0,0,1,1,6,0,6,2,3,4,1,0,0,0,0,1,1,0,2,0,1,0,0,3,0,0,0,0,0,0,0,0,1,0,0,0,0,5,0,6,1,0,2,0,2,1,0
0,0,0,0,3,1,2,3,1,1,0,1,0,0,1,1,5,0,3,4,0,1,0,2,2,1,1,0,0,0,0,1,3,1,0,1,1,0,1,0,0,0,4,2,0,1,1,3,1,4,1,0,1,0,7,0,1,1,0,0,0,0,0,1,2,1,1,1,0,0,2,0,1,0,0,2,2,0,3,1,0,1,1,1,0,2,0,3,1,2,1,0,0,0,0,1,0,2,1,0,8,2,1,2,1,5,0,1,0,2,1,1,1,2,3,0,0,1,2,1,0,0,0,0,1,0,0,3,9,0,0,0,1,1,0,0,0,0,5,0,1,0,0,0,0,2,2,0,4,0,0,0,1,0,0,6,0,0,2,1,0,0,0,2,0,5,6,1,0,1,2,0,1,1,0,0,0,0,0,0,2,0,3,0,3,0,0,0,5,5,0,0,6,8,0,1,5,0,1,0,0,0,0,0,0,2,0,0,0,1,0,0,0,5,0,6,0,1,0,0,2,0,0,0,0,1,0,0,0,0,1,0,3,1,0,0,0,0,0,0,3,1,0,0,0,2,5,1,4,1,1,0,4,2,1,0
0,0,2,0,0,0,0,1,0,2,0,2,1,1,0,0,0,0,5,5,0,0,2,0,0,1,0,1,1,0,2,0,0,0,0,1,0,2,0,5,0,0,1,1,0,0,1,0,2,6,0,2,0,0,6,0,0,0,0,0,0,4,0,0,3,0,0,2,0,0,0,1,0,0,0,1,0,0,1,2,0,0,1,2,1,0,0,0,1,3,0,0,0,0,0,0,1,0,1,0,4,1,0,1,0,1,0,0,0,0,1,0,0,1,0,0,1,0,2,0,1,3,0,0,0,1,0,1,8,0,4,1,0,0,0,1,0,1,6,0,0,0,3,3,0,3,0,0,2,0,0,0,0,0,1,2,0,0,0,4,1,1,0,2,0,6,8,2,0,2,0,0,0,0,1,2,0,0,1,0,3,0,3,0,3,0,1,2,6,5,0,1,5,7,0,1,5,0,3,0,1,0,0,0,1,4,4,0,0,0,3,0,0,5,0,6,0,3,0,1,1,0,0,4,0,0,0,1,0,0,0,0,2,0,0,1,0,2,0,0,0,1,0,0,0,0,5,0,2,1,0,8,0,3,0,0
0,0,0,0,0,1,0,0,0,1,0,3,0,0,1,0,0,0,2,10,0,0,0,0,0,0,0,0,0,0,4,0,3,1,0,0,3,2,0,0,0,2,0,1,1,0,0,3,4,3,0,2,0,0,4,2,0,0,0,0,0,0,0,0,5,0,0,5,0,0,4,0,0,0,0,2,0,1,1,4,0,0,0,4,0,0,0,0,1,6,0,0,2,0,0,0,2,0,1,0,3,0,1,3,0,1,0,3,0,0,0,0,0,2,0,0,0,0,0,1,1,0,0,0,0,2,0,0,9,0,2,6,0,0,0,1,0,1,3,0,1,0,0,2,0,5,1,0,0,0,0,0,1,2,1,3,0,2,0,2,0,2,0,2,1,5,4,0,0,0,0,3,0,0,2,0,1,0,0,0,5,0,5,0,6,0,1,0,4,3,0,1,3,4,0,3,3,0,4,1,1,0,0,1,0,1,0,0,1,0,0,0,0,3,0,3,1,4,0,1,3,0,0,0,0,0,0,0,0,0,0,0,0,0,0,0,0,0,0,0,0,1,2,0,0,0,3,0,3,0,0,2,0,5,0,0
0,0,0,0,0,0,0,0,0,0,5,0,0,0,0,0,0,0,1,2,3,0,2,3,2,0,0,1,0,0,0,0,0,0,0,1,0,0,1,4,0,0,0,0,0,0,0,0,2,7,0,1,0,0,6,0,0,0,0,0,0,0,0,0,3,0,0,2,0,0,2,2,0,0,0,0,1,0,0,3,1,0,0,2,0,0,0,0,0,2,0,0,0,2,0,1,0,0,1,0,6,0,2,3,0,0,0,0,1,1,1,0,0,2,0,3,0,1,1,0,1,0,0,0,1,1,0,2,8,0,2,2,2,1,0,2,0,0,6,0,0,1,1,0,0,2,0,1,0,0,0,0,0,0,0,5,0,0,0,8,3,0,0,3,1,6,9,0,0,1,0,1,1,0,1,0,3,0,0,2,2,0,2,1,3,0,3,0,6,6,0,0,6,6,1,1,6,0,2,0,0,0,0,0,0,1,0,0,0,0,0,0,0,6,0,3,0,3,0,0,0,0,0,0,1,1,1,2,1,0,1,0,4,1,0,0,0,0,0,0,0,2,0,0,0,4,6,0,2,0,0,1,0,2,0,0
0,0,5,0,0,1,0,0,2,0,1,2,0,0,2,1,1,0,2,14,0,1,3,1,1,1,0,0,0,0,0,1,0,0,0,2,4,0,0,1,0,0,0,0,0,1,1,2,5,3,1,0,0,2,5,2,0,1,0,0,1,1,2,0,4,0,2,4,0,0,2,2,0,0,1,0,2,0,0,4,0,0,0,4,0,0,0,0,3,7,0,1,3,1,1,0,0,2,1,0,1,0,2,2,0,1,1,0,0,0,0,3,0,1,0,0,0,0,2,0,0,0,0,0,0,0,0,0,7,0,1,3,1,1,0,0,1,3,5,3,0,1,3,1,0,6,0,0,0,0,0,2,0,0,0,5,1,0,0,3,2,2,1,0,0,3,3,0,2,0,0,1,1,0,0,4,3,0,0,0,6,0,4,1,4,2,1,0,3,2,0,0,3,4,1,0,2,0,5,0,1,0,2,0,0,0,1,0,0,0,4,0,0,3,0,3,0,5,1,1,2,0,0,0,0,1,0,1,0,0,0,0,2,1,0,0,0,0,1,0,0,1,1,0,2,1,2,0,2,0,0,1,0,4,0,0
0,0,0,0,0,0,0,0,1,1,1,3,0,0,0,0,1,0,5,2,0,0,5,1,0,0,1,0,0,0,1,0,0,0,0,0,1,1,0,0,0,0,0,1,0,0,0,2,2,7,1,1,1,0,7,0,0,0,0,0,0,0,1,0,1,0,0,1,0,2,1,3,0,0,1,2,1,1,1,2,0,0,0,2,0,1,0,1,1,1,0,0,0,0,0,1,1,1,4,0,6,0,1,0,0,1,0,0,2,0,1,1,1,3,0,1,0,0,1,0,0,0,1,0,0,4,0,0,8,0,1,0,1,0,0,2,1,1,7,0,0,0,2,1,0,1,0,0,2,0,0,7,0,0,0,10,0,2,1,4,0,0,0,2,1,7,7,1,0,3,0,0,0,0,1,1,0,0,0,0,1,0,1,0,1,0,0,1,7,7,0,0,7,7,3,0,7,0,1,0,0,0,0,0,0,2,0,0,0,0,0,0,0,7,0,8,0,2,3,0,1,0,0,0,0,1,0,1,0,2,2,1,1,3,0,0,0,0,1,0,0,0,0,0,0,0,7,0,4,1,0,5,0,1,3,0
0,0,1,0,0,0,2,0,3,0,5,2,0,0,1,1,0,0,5,5,4,1,1,0,0,2,0,1,0,1,1,2,0,1,2,1,0,0,1,3,0,2,3,0,0,2,0,1,3,6,1,2,1,0,5,0,0,2,1,1,2,1,0,0,2,0,3,1,0,0,2,0,0,0,0,2,0,0,1,4,0,0,0,2,0,0,1,0,0,2,1,1,0,0,1,1,0,0,1,0,3,1,1,1,1,0,0,3,1,0,0,2,0,1,0,0,0,0,4,0,0,1,0,1,2,2,0,1,6,0,3,1,2,1,1,2,0,0,4,0,0,0,0,0,0,2,0,1,0,0,0,1,0,1,0,5,0,1,0,4,1,0,1,1,1,4,6,1,0,0,0,0,0,0,3,1,2,0,1,0,2,0,2,2,2,0,0,1,4,4,0,0,5,5,1,0,5,0,2,0,0,0,0,0,1,1,0,0,2,1,1,0,0,4,2,4,0,3,2,0,1,0,0,0,2,0,2,2,0,1,0,0,3,5,1,0,2,1,0,1,1,0,2,0,6,3,5,1,5,3,0,3,0,4,0,0
0,0,2,0,0,0,0,0,1,0,1,0,0,0,0,0,1,1,1,3,1,0,1,1,0,0,0,0,0,1,0,0,0,0,0,0,0,1,1,3,0,0,0,3,0,0,0,0,1,4,0,2,0,1,5,0,0,0,0,0,0,0,0,0,1,0,0,1,1,1,1,0,0,1,0,0,0,0,1,2,0,1,0,2,1,1,0,0,2,1,0,0,1,0,0,0,1,0,3,0,4,1,0,0,0,4,0,1,0,1,0,1,0,3,1,1,0,3,0,0,2,0,0,5,0,2,0,6,7,0,2,0,0,0,0,0,2,1,5,0,0,0,1,2,0,1,0,0,0,0,0,0,0,0,0,5,0,1,1,2,1,2,0,1,0,6,6,4,0,2,4,1,0,0,1,0,1,0,0,2,1,0,2,2,1,0,5,3,5,6,0,0,5,5,2,0,5,0,1,2,0,0,0,3,0,2,0,0,1,0,2,4,0,5,0,6,0,3,2,0,1,0,0,0,1,2,0,1,0,0,2,0,0,1,0,0,0,2,0,0,0,4,2,0,0,0,5,0,6,0,1,1,0,1,0,0
0,0,2,0,0,0,0,0,1,1,0,1,0,0,0,0,0,0,6,7,2,2,4,1,0,0,1,0,0,0,0,0,0,0,0,0,0,0,0,0,0,0,0,0,1,0,0,0,2,7,0,1,0,1,6,0,0,0,0,1,0,0,0,0,3,2,1,2,0,1,2,1,0,0,0,0,0,1,0,2,0,1,2,2,0,1,0,1,1,5,0,1,0,0,1,0,0,0,0,0,3,2,2,3,0,6,0,0,0,0,1,0,0,2,0,1,0,0,1,0,0,0,1,0,1,1,0,0,9,0,1,2,1,0,0,2,2,1,6,0,1,0,6,1,1,3,0,0,1,1,0,4,0,1,0,4,1,1,0,3,1,1,0,2,0,5,7,3,0,3,0,0,1,1,1,2,1,0,1,1,3,0,3,1,3,1,1,2,5,5,0,0,5,8,1,0,5,0,3,0,2,0,0,1,2,6,4,0,0,0,0,0,0,6,0,5,0,2,2,2,1,0,1,1,0,0,0,1,0,0,0,1,0,1,0,0,0,0,0,0,0,2,1,0,1,0,5,0,5,0,0,3,1,3,0,0
0,0,1,0,0,1,0,1,0,1,2,4,1,0,0,0,0,0,3,5,0,1,0,0,0,0,0,1,2,0,1,0,1,0,2,1,0,0,0,1,2,0,0,1,0,0,0,0,2,5,0,0,0,0,6,0,0,0,0,0,0,1,0,0,2,3,0,2,0,0,2,3,0,0,0,1,0,0,0,2,0,1,1,2,0,0,0,0,0,3,1,0,2,0,0,2,2,1,1,0,3,3,0,2,0,1,1,2,1,0,0,0,0,0,0,0,0,1,4,0,4,0,1,0,2,3,0,1,8,0,1,2,1,2,0,0,0,2,6,0,0,0,0,0,0,2,1,0,0,0,0,0,0,2,1,4,0,1,1,1,0,0,1,0,0,6,7,0,0,2,0,0,0,0,0,0,0,0,0,0,2,0,2,0,2,1,2,0,6,6,0,0,6,6,1,1,6,0,2,0,1,0,0,0,1,3,2,0,0,0,2,1,0,6,1,5,0,3,1,1,1,0,0,0,1,3,0,0,0,0,0,1,1,3,0,0,0,0,1,0,0,0,0,0,2,2,6,0,7,0,0,5,1,2,1,0
0,0,3,1,0,6,0,2,2,0,1,1,0,0,0,0,0,0,1,8,1,1,5,0,1,0,0,0,0,1,2,0,1,1,2,3,1,0,1,0,0,0,0,0,0,0,0,0,4,3,0,2,0,0,4,0,1,0,0,0,0,1,0,0,4,0,0,3,0,0,5,1,0,0,0,0,0,0,0,4,0,0,0,4,0,1,0,0,2,4,0,0,2,0,1,0,1,0,0,0,5,2,0,3,0,4,0,1,0,0,0,2,0,0,0,0,0,0,1,0,0,0,0,0,1,1,0,1,8,1,0,2,0,0,0,0,0,0,4,0,1,1,0,0,0,4,1,0,0,0,0,0,0,1,0,0,0,0,0,1,1,1,1,0,0,4,4,1,0,0,2,1,0,0,0,0,0,0,0,0,5,0,4,0,5,0,0,2,4,4,0,0,4,4,0,0,4,1,4,0,0,0,0,0,0,1,0,0,1,0,0,0,0,4,0,4,0,4,0,1,2,0,0,1,0,2,0,0,1,2,0,0,1,2,0,0,0,0,0,0,0,0,0,0,0,0,4,0,3,0,0,2,0,4,0,0
0,0,2,1,0,0,0,1,0,5,5,6,0,1,0,0,0,0,7,6,2,0,1,0,0,1,0,0,0,0,2,1,0,0,1,1,0,0,0,1,0,0,2,1,0,0,1,0,2,5,0,2,0,0,7,0,0,0,0,0,0,0,0,0,2,2,3,3,0,0,1,3,1,0,0,3,1,0,1,2,0,0,2,2,0,0,1,2,0,2,0,0,0,0,1,0,1,0,0,0,7,2,1,3,1,5,0,0,0,0,1,0,0,1,0,0,0,1,0,0,1,0,0,0,0,1,0,0,10,0,1,4,0,0,0,0,2,0,6,0,0,0,1,3,0,4,1,0,1,0,0,1,1,1,0,4,0,0,0,6,3,0,0,2,0,7,9,1,1,1,2,1,0,0,1,0,1,0,1,0,2,0,2,1,2,0,2,0,5,5,0,3,7,6,0,2,5,0,2,1,1,0,0,0,0,1,0,0,0,0,0,0,0,6,0,5,0,2,1,0,1,0,0,0,0,0,0,0,0,1,2,0,2,1,0,1,0,0,0,1,5,2,0,0,2,0,5,0,3,1,0,7,0,3,1,0
0,1,0,0,0,1,1,1,1,0,1,4,0,0,1,0,0,0,4,0,0,0,3,1,1,2,0,0,0,0,1,1,1,0,1,1,1,2,3,1,0,2,1,0,0,0,0,2,0,7,1,2,1,0,9,1,0,0,0,0,0,0,0,0,0,0,1,0,0,0,1,0,2,0,0,1,0,1,1,1,0,1,1,0,0,0,0,0,0,0,1,0,1,0,1,0,0,0,1,1,7,2,1,0,2,4,0,0,0,0,1,3,2,1,1,0,1,1,1,0,1,0,0,2,1,2,1,2,7,1,1,0,0,0,0,1,0,0,6,0,0,0,0,0,0,1,1,0,0,0,0,0,0,0,0,3,0,0,0,1,1,0,0,0,0,6,7,0,0,2,1,0,0,0,2,0,0,1,0,0,0,0,0,1,0,0,2,0,6,5,0,0,6,7,2,0,6,0,0,0,1,0,0,0,0,2,0,0,0,1,0,0,0,6,0,8,0,0,1,1,2,0,0,0,1,0,0,1,0,2,0,0,4,3,0,0,0,0,1,0,1,0,0,0,0,1,5,0,6,1,0,3,0,0,1,0
0,0,0,1,0,0,0,0,3,0,2,1,1,0,0,1,0,2,1,7,0,1,2,2,0,0,2,0,1,0,1,1,2,0,0,1,1,0,0,0,0,1,0,0,0,0,0,1,4,2,2,0,0,1,4,1,0,0,1,1,0,0,0,0,5,0,1,3,0,0,4,1,0,0,0,1,1,0,1,4,0,1,0,4,0,0,0,0,1,7,2,0,2,0,0,1,0,0,0,0,2,1,0,6,0,1,0,0,0,0,2,0,0,1,0,0,0,0,2,2,0,1,0,0,0,1,1,0,8,0,1,3,0,0,0,0,0,1,2,1,0,0,0,1,0,7,0,0,0,0,1,1,1,0,0,2,1,0,0,1,1,0,0,2,0,2,4,0,0,1,0,3,0,0,2,1,2,0,1,1,5,0,5,1,5,2,1,0,2,2,0,0,2,5,1,0,2,0,4,2,0,0,0,0,0,2,0,0,2,0,0,2,0,2,0,3,0,5,1,0,1,0,0,0,0,1,0,2,0,0,0,0,1,0,0,0,0,1,1,0,0,2,0,0,0,0,2,0,3,0,1,1,0,6,0,1
1,0,0,0,0,1,0,0,3,2,0,1,0,0,0,0,1,0,4,5,3,1,1,2,0,0,0,0,0,1,0,0,0,0,0,0,0,2,1,3,2,0,0,1,0,0,0,0,2,5,1,0,0,0,5,0,0,0,0,3,0,0,1,1,2,0,2,2,0,0,2,1,3,1,1,1,1,0,0,2,1,2,0,2,1,1,0,0,0,4,0,0,0,0,0,0,2,1,1,0,6,1,0,4,0,1,0,2,2,1,0,1,0,2,0,1,1,1,0,1,0,0,0,0,0,1,0,0,8,0,2,0,1,0,0,0,0,0,6,0,2,0,0,0,0,2,1,0,0,0,0,1,0,0,0,4,0,2,0,6,0,0,0,1,0,7,9,0,0,1,0,3,0,0,1,1,3,0,0,1,2,0,2,1,2,1,0,1,6,6,0,0,6,6,1,1,6,0,3,1,1,0,0,0,0,0,0,1,0,0,0,2,0,6,0,4,0,3,4,0,2,0,0,0,2,2,0,0,0,0,2,0,2,1,0,0,0,0,1,0,0,0,0,0,0,0,6,0,2,0,0,3,0,2,0,0
0,0,0,0,1,1,1,0,0,2,1,1,0,2,0,0,0,0,5,3,4,0,6,0,0,1,0,1,0,0,1,1,1,0,3,4,0,0,0,3,0,1,1,3,0,1,0,0,2,5,3,0,0,0,6,0,0,0,0,0,0,0,0,0,2,0,3,2,0,2,3,2,0,0,0,2,1,0,0,2,1,0,1,2,0,0,0,0,2,3,0,0,2,0,0,0,0,1,1,1,7,0,1,3,0,3,0,2,0,1,0,2,0,0,0,0,0,2,1,0,0,0,2,0,0,1,0,1,8,0,0,3,0,0,0,1,0,0,6,0,0,0,2,1,0,3,0,0,0,0,0,0,0,0,0,6,1,0,2,3,0,0,0,0,0,6,6,2,1,2,0,3,1,0,1,0,0,0,1,0,2,0,3,0,3,0,3,3,6,6,0,1,7,8,1,0,6,0,2,0,1,0,0,1,0,5,0,0,0,0,3,1,0,6,1,6,0,4,0,0,0,1,1,2,0,0,0,1,0,0,0,0,1,2,0,0,0,3,0,1,1,2,0,0,2,0,6,0,4,1,0,3,0,3,1,0
0,0,2,0,0,0,0,1,1,0,1,0,0,0,0,0,1,0,4,6,1,0,1,0,1,0,0,0,0,0,1,0,0,1,0,2,0,0,0,1,0,0,0,0,0,0,0,1,3,5,0,1,0,0,5,1,1,0,0,0,0,1,0,0,3,0,0,3,0,0,1,1,0,0,0,2,0,0,1,4,0,0,1,3,1,1,1,1,1,4,0,0,0,0,0,0,0,0,0,0,4,1,0,2,1,3,0,0,0,0,1,0,0,0,0,0,0,0,1,1,0,0,0,0,2,0,1,0,8,0,2,1,2,0,0,0,0,1,5,0,0,0,0,1,1,3,0,0,0,0,0,2,0,0,0,3,0,0,0,1,0,2,0,1,0,5,6,2,0,0,0,0,0,0,0,0,0,0,0,0,4,0,3,0,3,0,1,0,5,6,0,0,5,5,0,0,5,0,3,1,1,0,0,0,0,3,1,0,0,0,0,0,0,5,0,4,0,4,0,1,0,1,0,1,0,1,1,0,0,0,1,0,1,0,0,0,0,0,0,0,0,0,0,0,0,0,5,0,4,0,1,4,0,3,0,0
0,0,0,0,0,1,1,0,1,0,2,0,0,1,0,0,1,0,3,6,10,0,5,4,0,2,1,0,1,0,2,0,1,0,0,1,0,1,0,1,0,0,0,0,0,0,0,0,2,4,0,1,0,0,6,0,0,0,0,0,0,3,0,2,3,0,3,2,0,0,2,2,1,1,0,1,0,0,1,2,1,2,8,3,0,0,0,2,2,4,0,0,0,0,1,2,1,1,1,0,5,1,0,4,5,5,2,0,0,2,0,3,0,1,0,3,0,0,1,0,0,0,1,0,0,1,2,0,8,0,4,1,0,0,0,0,0,0,5,0,0,0,0,0,0,3,0,0,0,0,0,0,0,0,0,1,0,0,0,3,0,0,0,2,0,5,8,2,0,2,1,1,0,0,2,0,0,0,1,1,3,0,3,0,3,2,3,2,5,5,0,2,6,6,1,0,6,0,3,0,0,0,0,1,1,2,0,1,1,0,1,0,1,5,0,5,1,3,4,2,3,0,0,2,0,0,0,0,0,0,0,0,2,0,0,2,0,1,1,0,0,2,0,0,0,3,5,0,3,0,0,8,4,3,0,0
0,0,4,1,0,2,0,0,1,0,1,3,0,0,0,1,0,0,1,12,0,1,2,0,1,0,0,1,0,1,1,1,0,0,2,0,0,0,0,1,0,1,1,0,0,0,0,0,7,1,0,2,0,0,1,0,3,0,0,2,0,0,0,0,7,0,0,6,0,0,7,0,0,0,0,0,0,0,0,7,0,1,0,7,1,0,2,1,1,7,1,1,4,0,1,0,1,0,0,0,1,1,1,6,1,2,1,1,0,0,1,2,0,2,1,2,0,0,1,0,0,2,0,0,0,1,0,0,8,1,1,0,0,0,2,2,0,0,1,1,0,0,0,2,0,7,0,0,0,0,0,0,0,0,0,2,1,0,0,0,1,0,0,0,0,1,1,0,0,0,1,1,0,0,0,0,0,0,0,0,7,0,7,0,7,0,1,0,1,2,0,0,1,1,0,0,1,0,8,0,0,0,0,0,1,0,1,0,0,0,0,0,0,1,0,1,0,9,0,2,2,0,0,2,0,0,0,1,0,1,0,0,0,1,0,0,0,5,2,1,0,1,1,0,1,0,1,0,1,0,0,1,0,7,0,0
0,2,0,1,0,1,0,1,0,1,0,0,2,0,0,0,0,0,0,5,1,0,0,1,1,0,0,0,0,1,2,0,0,1,0,0,0,0,0,1,1,0,0,1,0,2,0,2,2,5,0,3,0,0,5,0,0,0,1,0,0,3,0,1,4,1,2,1,0,0,2,1,0,0,0,1,2,1,0,2,0,0,0,3,0,0,1,2,1,4,0,0,0,2,0,0,3,0,0,0,6,1,0,2,1,2,0,2,1,0,0,0,0,3,0,0,0,0,0,0,1,0,0,1,0,1,0,1,7,0,2,2,0,2,0,1,2,0,5,0,0,2,0,2,1,4,1,0,0,1,0,2,0,1,0,3,0,0,0,3,0,0,0,3,1,5,5,0,0,0,2,0,0,0,1,1,0,0,1,2,3,2,3,0,3,0,1,1,4,4,0,0,4,6,0,1,4,1,2,0,1,0,0,0,1,1,0,0,0,0,0,0,1,5,0,5,0,2,0,1,0,0,0,0,0,1,0,0,0,2,0,0,0,0,0,2,1,0,0,0,0,1,1,2,1,0,4,0,2,0,0,0,0,2,1,0
0,0,1,0,0,0,0,1,1,0,1,0,1,0,1,0,0,0,5,6,6,1,3,2,0,5,0,0,1,0,1,0,1,0,0,1,0,2,0,3,0,0,1,2,0,0,0,2,1,6,1,1,0,0,6,0,0,0,0,0,3,0,0,1,1,0,3,1,0,1,1,0,0,0,0,4,1,0,1,1,1,0,3,1,0,1,0,1,1,1,0,0,1,0,0,0,0,0,0,0,4,1,2,0,1,5,0,0,0,0,1,2,1,2,0,0,1,0,0,0,0,0,0,0,0,1,0,0,7,0,4,2,0,0,0,1,0,1,6,0,1,0,1,2,0,1,1,1,0,0,0,0,0,0,0,4,0,1,0,1,0,0,0,3,0,6,9,0,1,2,0,0,1,1,1,0,0,0,0,1,2,0,1,2,1,1,0,0,5,5,0,2,8,6,0,3,5,0,1,0,1,1,0,0,0,4,0,0,1,1,0,2,0,6,0,6,0,2,1,1,0,0,0,0,2,0,0,0,0,1,3,1,0,1,1,0,0,1,0,0,0,3,1,0,0,0,5,0,7,1,1,2,0,2,1,0
0,0,2,1,0,0,0,0,0,4,3,0,1,0,1,0,0,2,0,9,0,0,2,0,2,0,0,0,0,0,2,0,0,0,0,0,0,0,0,1,0,0,0,2,0,0,0,1,5,3,2,0,0,1,6,0,0,2,2,1,1,1,0,0,6,0,0,4,0,0,6,2,0,0,0,0,0,0,0,5,1,1,0,6,3,0,2,0,2,6,0,1,3,1,0,0,2,0,0,0,3,1,3,5,0,2,1,3,2,0,0,4,0,1,0,0,0,1,0,1,1,1,0,1,0,2,1,0,9,1,0,3,0,0,0,3,3,0,2,0,0,0,4,1,0,6,2,0,0,0,0,2,0,0,0,3,0,0,1,5,4,2,0,0,0,2,3,0,0,0,0,1,0,0,0,0,0,0,0,0,6,0,6,0,6,0,0,2,2,3,0,0,2,3,0,3,2,0,5,2,0,0,0,0,0,1,0,0,0,0,0,1,1,2,1,3,0,7,3,0,2,0,0,1,1,0,0,1,0,1,0,2,0,1,0,0,0,5,0,0,0,1,0,1,2,0,3,0,1,0,0,1,0,6,0,0
0,0,0,1,0,0,0,0,0,0,0,0,0,0,0,1,1,0,1,4,4,1,0,1,0,1,0,0,0,0,1,0,1,0,0,0,0,0,0,1,0,2,0,1,0,0,0,0,2,5,0,2,0,0,6,0,1,0,0,0,0,0,0,0,3,2,2,4,0,1,2,0,0,0,1,2,0,0,0,2,0,0,0,2,0,0,0,2,0,3,0,0,1,0,0,2,2,0,0,0,11,0,0,5,0,4,1,2,0,1,0,0,0,3,0,0,0,0,2,0,1,0,1,0,1,2,2,1,8,0,1,2,0,0,0,0,0,0,6,0,1,1,0,0,0,4,0,0,0,0,0,0,0,0,0,4,0,1,2,4,0,0,0,1,1,7,7,0,0,1,0,2,0,1,2,2,1,0,0,2,3,0,3,0,3,1,2,1,5,5,0,1,6,6,0,1,5,0,2,0,0,0,1,0,0,1,0,0,0,0,0,1,0,6,0,4,0,4,2,0,0,0,0,0,3,2,0,0,0,1,0,0,3,2,0,0,0,1,1,1,0,1,1,0,0,4,6,0,1,1,0,4,0,2,1,0
0,0,0,0,1,1,1,0,0,3,0,1,0,6,0,0,2,0,2,8,0,0,8,0,2,1,0,0,1,1,2,2,1,1,0,4,0,0,1,5,0,2,0,0,1,1,0,3,5,3,0,2,1,0,5,1,0,1,1,0,0,5,0,0,7,0,0,4,0,0,2,1,0,0,0,0,0,0,0,4,2,1,0,5,1,0,1,1,4,6,0,0,0,0,1,0,2,1,4,1,3,0,1,7,2,3,0,5,0,0,1,2,0,4,0,0,0,0,1,1,0,0,0,0,1,1,1,0,12,0,2,4,1,4,1,0,0,0,5,0,2,0,0,1,0,6,2,0,0,0,0,2,0,0,1,3,1,0,0,1,1,0,1,0,0,5,3,7,0,2,1,1,1,1,0,1,0,1,1,0,5,0,5,1,6,0,0,0,3,3,0,1,3,3,1,1,3,0,5,0,0,1,0,0,2,1,0,0,0,0,0,0,1,3,0,7,0,5,4,0,2,0,0,3,1,0,1,2,0,0,0,0,2,1,0,1,0,1,1,0,0,0,1,0,1,0,3,0,2,0,0,3,0,6,1,0
0,2,0,0,1,0,0,0,0,3,0,2,0,2,0,0,0,2,2,3,0,0,0,0,0,0,1,0,0,1,0,0,1,0,1,0,1,0,0,2,0,0,1,0,0,1,2,1,2,4,0,1,0,2,5,0,2,0,4,0,0,1,1,1,2,0,0,2,1,2,2,0,1,0,1,1,1,0,1,1,1,3,2,1,1,3,0,0,2,1,0,0,2,1,1,1,0,0,1,1,3,1,0,1,0,0,0,0,3,0,0,1,0,0,0,4,0,0,0,1,0,1,1,0,0,0,1,2,5,1,3,2,3,2,0,1,0,0,5,1,0,0,1,2,0,2,1,2,0,0,0,1,0,0,1,8,1,0,0,2,0,0,0,2,1,4,6,1,1,1,1,0,1,1,0,4,3,1,0,1,1,0,1,1,2,0,2,0,3,3,1,1,4,5,0,2,3,0,1,0,1,1,1,0,0,1,0,1,0,1,0,1,1,6,0,4,1,1,0,2,2,0,2,1,0,0,0,1,0,2,2,0,4,0,0,1,0,3,0,0,0,1,0,0,0,0,5,0,4,0,0,2,1,1,0,1
0,0,1,2,0,0,0,1,3,0,1,1,0,0,0,0,0,2,3,4,5,1,3,1,2,0,0,2,0,0,0,1,0,0,0,1,0,0,0,4,0,0,0,2,0,1,0,0,1,7,0,0,0,0,7,0,0,0,0,0,0,0,1,0,2,0,0,1,0,0,1,0,0,0,0,0,0,0,0,1,0,0,0,1,0,0,0,0,1,2,0,0,0,0,0,0,0,0,0,0,6,0,1,2,1,1,0,1,0,0,0,0,0,1,0,0,0,1,0,0,2,1,0,0,1,0,1,0,8,0,2,1,0,0,0,1,1,0,7,1,0,0,1,0,0,2,0,0,0,0,0,2,0,0,2,7,0,1,0,6,0,1,1,3,0,6,8,0,1,4,0,0,0,1,0,0,0,0,1,1,2,0,3,0,2,0,0,0,6,7,0,1,6,7,0,0,6,0,1,0,1,0,0,0,1,2,0,0,0,0,0,0,0,7,0,7,0,1,0,1,0,0,0,0,0,0,0,0,0,1,0,0,2,3,0,0,1,0,0,0,1,3,0,0,1,0,6,0,6,0,0,8,0,1,0,0
0,1,0,0,0,0,1,1,0,1,2,0,1,1,0,1,0,0,2,3,7,0,0,2,0,0,0,1,1,0,3,0,3,0,1,0,1,3,0,2,0,3,0,2,0,1,0,1,3,3,0,3,0,1,5,1,2,0,1,0,0,2,0,0,2,0,2,2,0,1,2,2,1,0,2,1,0,0,0,2,0,1,3,2,1,1,3,0,1,5,1,0,0,0,0,2,3,0,1,0,7,0,0,0,0,2,0,2,1,0,2,1,2,0,0,0,0,2,2,0,0,0,0,2,1,1,3,2,7,1,4,2,0,0,2,0,0,0,5,1,0,0,0,1,0,2,1,1,0,1,0,2,0,0,0,4,0,0,1,2,0,1,0,4,2,8,8,0,1,1,1,3,1,0,1,0,0,0,1,0,2,0,3,3,3,0,1,4,5,4,0,0,4,5,1,0,4,0,2,0,0,0,0,0,1,3,0,0,0,0,0,0,0,5,0,5,0,6,3,0,1,0,0,0,1,2,0,1,0,1,0,0,5,0,0,0,1,2,1,2,2,0,0,0,0,1,4,0,3,0,0,2,1,2,2,0
0,1,3,0,0,1,0,0,1,0,0,2,0,0,0,0,0,0,2,3,2,0,2,2,1,0,0,0,0,1,1,0,1,0,0,1,2,0,0,2,0,0,0,2,0,0,1,0,1,6,0,1,0,0,7,0,0,1,0,0,0,1,0,0,2,0,2,1,0,0,2,2,0,0,0,1,0,0,0,1,0,0,0,2,0,1,0,0,1,3,0,0,3,0,0,0,0,0,1,0,5,0,0,1,0,3,2,0,0,0,1,2,1,2,0,0,0,2,1,0,0,0,0,0,1,0,0,1,8,0,0,0,1,0,0,1,0,0,7,0,0,0,1,0,0,2,1,0,0,0,0,2,0,0,0,6,0,0,0,3,0,0,0,0,1,8,7,1,0,1,0,0,0,0,1,0,1,0,0,2,3,0,2,0,2,0,1,1,6,6,0,0,6,6,0,0,6,1,1,0,2,0,0,0,2,3,0,1,0,0,0,0,0,6,1,7,3,4,5,0,1,0,0,0,0,1,0,1,0,1,0,3,2,1,0,0,0,2,0,0,0,0,0,0,1,0,6,0,2,0,0,3,0,2,1,0
0,1,0,0,1,1,1,2,1,0,1,2,0,0,1,0,2,1,2,1,3,0,1,0,1,1,0,0,0,0,3,0,0,0,0,2,1,1,2,0,0,1,1,1,0,0,0,2,1,5,1,2,1,0,6,0,2,0,0,0,0,1,0,0,2,0,4,1,1,1,2,2,0,0,0,0,1,2,1,2,0,1,1,1,0,0,0,0,2,1,0,0,0,0,0,1,1,0,2,1,8,0,1,1,2,5,3,1,0,0,0,4,0,1,1,1,0,1,0,0,2,0,3,0,2,1,0,2,6,1,1,0,0,0,1,0,0,1,5,0,0,0,2,0,0,4,2,0,0,0,0,1,0,0,0,3,0,3,3,0,2,1,0,0,0,6,7,2,0,1,4,0,0,0,2,1,1,0,0,1,1,0,1,1,2,1,0,1,5,5,0,1,6,5,1,0,5,0,1,0,0,0,1,0,2,5,0,0,0,1,0,0,1,5,0,6,0,2,3,0,3,0,0,0,1,3,0,1,0,0,0,0,4,4,0,0,0,0,0,0,0,2,1,0,0,2,5,1,5,1,0,4,1,1,1,0
0,1,0,0,0,0,0,0,1,3,3,3,0,0,0,0,0,0,5,3,0,1,2,0,0,0,0,0,0,0,0,0,1,0,0,1,0,0,0,4,0,0,0,1,0,0,0,0,1,6,0,0,0,1,7,0,0,0,0,0,0,0,1,0,3,0,1,1,0,0,0,2,0,0,0,3,0,0,1,3,0,1,0,1,0,0,1,0,0,4,0,0,1,0,0,0,0,0,0,0,3,2,0,0,0,1,0,0,0,0,0,0,0,0,0,2,0,0,0,1,0,0,1,0,1,0,0,0,9,0,1,0,2,0,0,1,1,1,7,0,0,0,2,3,0,1,0,0,0,0,0,1,0,0,0,7,0,0,1,5,0,0,0,1,0,7,7,2,2,0,0,0,0,0,0,1,0,0,0,1,1,0,1,0,1,0,0,0,7,7,0,0,7,8,0,3,7,0,1,0,2,0,0,0,1,4,3,0,1,0,1,0,0,7,0,5,1,2,3,0,1,0,0,0,0,0,0,0,0,0,0,1,1,2,0,0,0,0,0,0,0,1,0,0,0,0,7,0,1,0,0,3,0,1,0,0
0,1,1,0,1,0,1,0,1,2,4,3,0,0,0,1,0,0,6,3,1,0,4,1,1,1,1,2,0,1,3,0,0,0,1,1,0,0,0,6,0,0,0,3,0,0,0,0,3,7,0,0,0,0,9,0,1,0,0,0,0,2,0,1,1,0,2,2,0,0,1,1,3,0,0,6,0,0,0,1,0,2,1,1,0,0,0,0,0,3,0,0,0,0,1,1,1,0,0,0,6,6,0,1,2,10,0,0,0,0,0,1,0,1,0,0,0,0,0,0,1,0,0,0,1,0,0,0,8,1,0,0,0,0,0,0,1,0,7,0,0,0,0,1,0,1,0,0,0,0,0,1,0,0,0,2,1,1,0,1,0,0,0,1,0,7,7,1,0,1,0,0,0,0,0,0,0,0,1,0,1,0,1,1,1,0,1,1,7,7,0,0,10,7,0,1,7,0,1,1,3,1,0,0,0,4,0,0,0,0,0,0,0,7,1,7,0,3,0,0,1,0,2,0,2,0,0,0,0,0,0,1,2,0,0,0,0,0,0,0,1,2,0,1,0,3,7,0,6,0,0,6,0,1,0,0
0,0,3,0,0,0,0,1,0,0,1,0,0,0,0,0,1,0,0,12,1,1,5,0,3,0,0,1,0,0,0,2,1,1,0,0,1,0,0,2,0,0,3,0,0,0,0,1,4,3,2,0,0,0,5,0,0,0,0,2,0,0,0,0,7,0,0,3,0,0,2,1,0,0,1,2,0,0,0,5,0,1,1,4,0,0,2,2,2,7,0,1,0,0,1,0,1,0,0,0,8,1,0,4,2,2,0,0,1,0,1,0,0,3,0,1,0,0,2,0,2,1,1,0,0,2,0,0,9,1,0,4,0,0,2,1,1,0,2,0,0,0,0,0,0,6,1,0,0,0,0,0,0,1,0,3,1,0,1,1,2,1,1,3,0,2,4,0,0,4,0,0,0,0,0,0,0,0,0,0,6,0,6,0,7,0,0,0,2,2,0,1,2,4,0,0,3,0,4,0,0,0,0,0,0,1,1,1,0,0,0,0,0,2,0,4,0,5,0,0,1,0,1,2,2,0,0,1,0,0,1,0,4,1,0,0,1,2,1,0,0,2,1,0,1,1,2,0,4,1,0,3,0,6,2,0
1,0,1,0,0,2,0,0,3,3,2,1,1,0,0,0,0,0,3,4,1,1,4,0,2,0,0,0,1,0,0,0,0,0,0,0,0,1,1,1,1,0,0,1,0,1,2,0,2,4,0,2,0,1,6,0,0,0,0,0,0,0,0,0,2,1,0,3,0,0,1,1,0,0,0,3,0,0,0,2,0,1,1,2,0,0,1,1,2,3,3,1,0,0,0,0,0,0,5,0,5,1,5,2,2,3,1,1,3,1,1,0,0,0,0,0,0,1,2,2,1,2,0,0,0,4,1,0,8,0,1,1,6,0,0,0,0,1,6,1,0,0,1,2,0,2,0,0,0,0,0,0,0,0,0,5,0,0,0,3,2,1,0,2,0,6,7,0,0,3,0,0,0,2,3,0,1,0,0,2,2,1,3,0,2,0,1,0,7,6,0,0,6,6,1,0,6,0,3,0,0,0,0,0,1,3,0,1,0,0,4,1,0,6,0,10,0,8,1,0,4,1,0,0,1,0,0,2,0,0,1,0,4,1,0,0,1,4,0,0,0,1,0,0,0,1,6,0,6,0,1,7,0,2,0,0
1,2,0,0,2,0,1,3,0,0,1,0,1,1,0,2,1,0,1,0,1,0,0,0,1,0,0,3,1,0,0,0,0,3,0,0,0,0,0,0,1,1,0,0,0,0,0,0,1,5,2,0,0,0,7,1,0,2,0,0,1,1,0,0,1,0,0,1,0,0,2,1,1,0,0,1,1,0,3,1,0,0,0,2,0,2,0,3,1,1,0,0,1,0,0,0,0,0,0,0,6,1,0,1,0,2,0,1,0,0,0,1,0,3,0,1,0,0,1,0,1,0,0,0,0,1,0,2,7,1,1,0,2,0,0,1,0,0,6,1,0,0,0,0,0,1,0,0,0,0,0,1,0,0,0,2,0,0,0,3,1,0,1,1,0,6,7,0,0,1,0,0,1,0,0,0,0,2,1,1,1,1,1,1,1,1,3,2,5,5,0,2,6,6,0,0,5,0,1,1,1,0,2,0,1,0,1,0,1,1,0,0,0,6,0,6,0,1,0,0,0,0,0,0,0,0,1,0,0,0,2,0,0,3,0,1,0,0,0,0,0,2,0,0,0,2,6,0,4,0,0,0,0,2,0,1
0,1,1,0,0,1,0,3,0,0,0,0,1,1,0,1,0,1,0,7,0,1,3,0,1,1,0,2,0,0,4,1,0,0,0,1,0,0,0,0,0,0,0,0,0,0,0,0,4,1,0,0,0,0,4,0,0,0,1,0,0,0,0,0,5,1,1,5,0,2,2,1,0,0,0,1,0,0,0,4,0,1,0,4,1,0,1,1,3,5,0,0,2,0,1,1,2,0,0,0,4,1,1,6,0,1,0,0,0,0,1,0,0,4,0,1,0,0,1,0,1,0,0,0,2,1,0,1,9,0,0,3,0,0,0,1,0,0,4,0,0,0,0,0,0,5,2,0,0,1,0,0,0,1,0,2,0,1,0,1,1,0,0,0,0,4,4,0,0,0,1,0,0,0,0,1,0,0,1,0,4,0,6,0,5,0,0,1,4,3,0,0,6,4,0,0,3,0,4,2,0,0,1,0,0,0,0,0,0,0,0,0,0,5,0,4,0,5,1,0,0,1,0,0,0,0,0,0,0,2,0,0,0,2,0,1,0,5,0,0,0,0,0,0,0,0,3,0,3,0,0,1,0,4,0,0
0,0,0,0,0,1,1,1,1,1,0,2,0,0,0,2,1,0,5,2,5,0,3,0,3,0,0,0,1,0,0,0,5,0,0,0,1,0,0,4,0,0,1,0,0,0,0,0,1,3,1,1,0,0,7,2,0,0,0,0,0,4,0,0,3,0,3,1,1,2,2,0,1,0,0,2,0,0,0,1,0,1,0,1,0,0,0,1,1,4,1,2,0,0,0,2,0,1,1,1,10,0,0,4,0,1,0,1,0,0,2,0,0,2,0,2,0,1,1,0,2,0,0,0,2,0,2,1,10,1,0,0,0,0,0,1,0,0,5,0,0,0,0,0,0,3,0,0,0,0,0,1,0,0,0,5,0,0,0,2,0,1,0,0,0,6,8,1,0,0,1,0,2,0,0,1,0,0,0,0,3,1,4,0,3,1,1,1,5,5,0,0,5,9,0,0,5,3,1,0,3,0,0,0,0,1,0,0,0,0,0,0,0,6,0,6,1,2,0,0,2,0,1,0,2,3,0,0,0,1,0,0,9,1,0,0,0,0,1,1,0,1,0,1,0,1,5,0,7,0,0,5,0,3,0,0
1,0,2,0,1,2,0,1,1,0,0,0,0,1,0,1,1,0,4,2,3,1,3,1,0,0,0,0,0,1,1,0,1,0,0,1,0,0,0,5,4,0,1,0,0,0,1,1,1,5,2,1,0,0,8,0,2,0,0,1,0,0,0,0,2,0,2,1,0,0,1,2,2,4,0,1,1,0,0,1,0,1,1,3,0,0,0,0,1,2,0,1,0,0,0,0,2,0,0,0,5,1,0,2,3,6,1,2,0,0,2,0,0,1,0,0,2,0,0,0,0,1,0,0,0,2,0,3,7,0,2,1,0,0,0,3,0,0,5,0,0,0,1,1,0,3,0,0,0,0,0,2,0,0,1,3,0,0,2,6,2,0,1,6,0,5,6,2,0,1,2,0,0,0,1,0,0,0,1,3,2,1,2,0,2,1,1,1,6,6,0,1,6,5,0,0,5,0,2,1,0,0,0,0,1,1,0,0,3,0,0,0,0,6,1,7,0,3,0,0,1,0,1,0,0,4,0,2,0,1,0,0,2,2,0,1,1,0,0,0,1,2,0,0,1,1,5,1,7,1,0,7,0,4,0,0
0,0,1,0,0,1,0,1,0,0,0,1,0,0,0,0,1,1,2,2,5,3,3,0,1,1,1,1,0,1,1,0,0,0,1,0,1,0,0,3,1,1,0,1,0,0,0,2,2,4,0,1,0,0,5,1,0,1,0,0,0,0,0,0,2,0,0,2,1,0,3,0,0,0,1,0,0,0,1,2,0,1,1,2,0,0,1,0,1,2,0,0,0,0,0,2,1,0,1,0,4,0,0,1,0,1,0,1,0,0,0,1,1,0,0,2,0,1,1,0,2,0,0,0,0,1,0,1,7,0,1,2,0,0,0,1,0,0,6,1,0,0,0,1,0,2,4,0,1,0,0,2,0,0,0,4,0,2,3,2,3,1,0,0,0,7,6,1,0,2,0,1,0,0,2,0,0,0,1,2,3,2,2,0,2,0,2,2,5,5,0,1,5,5,2,0,5,0,2,0,0,0,1,0,0,4,0,0,0,0,1,1,0,5,0,5,1,3,1,0,0,2,0,0,1,1,0,1,0,1,0,1,1,2,0,0,0,0,0,0,0,0,0,0,1,1,5,0,4,0,1,1,0,3,0,0
0,1,0,0,0,1,0,1,2,0,0,0,0,0,0,1,0,0,2,1,3,0,2,1,1,0,0,0,0,1,0,1,1,0,0,3,0,0,0,5,1,0,2,0,0,4,0,0,2,5,0,0,1,0,6,0,0,0,0,1,0,2,0,0,2,0,2,2,0,0,1,1,2,0,1,1,0,0,0,2,0,1,1,2,0,0,2,0,1,2,0,0,0,0,0,0,1,0,1,0,9,2,0,2,2,6,0,0,1,0,2,0,0,1,0,0,0,0,1,0,1,1,0,1,1,1,0,2,8,2,2,2,0,0,0,2,1,0,6,0,1,1,0,0,0,3,1,0,1,0,0,0,0,0,0,2,1,1,0,1,0,0,1,0,0,6,7,1,0,1,0,0,0,0,2,2,0,0,2,0,2,0,4,0,2,1,1,1,6,7,0,0,7,6,0,0,6,1,2,0,0,0,1,0,0,2,0,0,0,0,0,0,0,6,0,4,1,3,1,0,1,0,0,0,1,3,0,1,0,1,0,0,1,4,0,0,0,0,0,0,1,0,1,0,0,4,6,0,12,0,0,3,0,2,1,0
0,0,1,0,0,0,0,0,0,0,3,1,0,0,0,0,1,0,1,5,4,1,2,0,0,1,0,1,0,0,1,0,0,0,0,0,1,1,0,3,0,0,0,2,0,0,0,0,3,5,1,1,0,1,5,0,1,1,0,0,0,0,0,0,3,0,1,2,0,0,2,1,2,0,0,3,0,0,0,3,0,1,0,3,0,0,1,1,2,4,0,1,1,1,1,0,1,0,0,0,3,0,0,3,0,3,2,1,0,0,0,1,0,0,0,1,1,2,1,0,0,0,0,1,0,2,0,0,8,0,1,0,0,0,0,0,0,0,5,0,0,0,0,0,0,3,0,0,0,0,0,1,0,0,0,4,0,0,0,2,0,0,0,0,0,5,5,1,0,1,2,0,0,0,0,1,0,0,0,0,3,0,3,0,3,1,2,0,5,5,1,0,6,5,0,0,5,0,3,0,0,0,0,0,0,1,0,0,0,0,0,0,0,5,0,5,0,4,0,0,0,0,0,0,4,2,0,2,0,0,0,0,0,0,0,0,0,1,0,0,0,1,0,0,0,1,5,0,2,0,0,5,0,3,0,0
0,0,1,0,0,0,0,1,0,1,0,1,1,2,0,1,1,0,2,5,1,0,0,0,0,0,0,1,1,0,0,2,3,1,1,0,0,0,0,0,0,0,0,1,0,0,0,0,2,2,0,0,0,0,6,0,0,0,0,0,1,0,0,1,3,0,0,1,0,1,1,0,1,0,1,2,0,1,2,2,0,0,3,2,1,1,1,1,1,3,1,0,0,0,0,0,1,0,0,0,5,0,0,0,0,3,1,0,0,0,0,1,0,0,0,0,1,0,0,1,0,1,0,0,0,2,0,0,8,0,0,1,0,0,0,0,0,0,5,0,0,1,2,0,1,4,4,0,0,0,0,4,0,0,0,5,0,1,0,3,0,0,0,0,0,6,6,3,1,0,1,0,0,1,1,1,0,0,2,1,6,1,3,0,3,0,4,3,4,4,0,0,5,5,0,0,5,0,2,1,1,0,0,0,0,0,0,0,1,2,0,0,1,5,0,6,0,2,1,1,0,0,0,0,0,1,2,1,0,0,0,0,3,3,0,0,0,0,1,1,0,1,0,0,0,0,5,0,5,1,0,1,0,2,0,1
0,3,1,1,0,0,2,0,2,0,1,2,0,0,0,0,1,1,3,3,2,1,0,1,0,0,0,0,0,0,1,0,2,0,0,2,0,0,0,3,0,1,0,0,0,0,0,1,1,5,1,1,0,0,7,0,0,0,3,0,0,1,0,0,1,0,1,1,0,0,2,1,1,0,0,5,1,1,0,1,0,1,2,1,2,1,0,0,1,3,0,0,0,0,1,0,0,0,3,0,7,1,1,1,3,5,1,0,1,0,1,0,1,3,0,0,0,0,0,0,1,0,1,0,1,1,0,1,9,0,0,0,0,0,0,0,1,2,7,0,0,0,0,0,0,1,0,0,2,0,0,0,1,1,0,3,2,1,0,2,0,0,0,0,0,7,7,0,0,1,2,0,2,0,1,1,0,0,0,0,2,0,1,0,1,0,1,2,7,7,0,0,9,7,1,1,7,0,1,0,3,0,0,0,0,2,0,0,0,0,0,0,0,7,0,7,0,1,1,0,1,0,0,0,1,1,0,0,0,0,1,1,4,1,0,1,0,0,0,0,0,1,0,0,0,1,7,0,6,0,0,3,0,1,0,0
0,1,1,0,0,0,0,2,0,0,0,2,0,0,0,0,1,0,1,7,0,1,2,3,0,0,0,0,1,0,1,0,2,0,0,2,0,0,2,3,0,0,0,0,0,1,1,0,3,2,4,2,1,0,6,2,0,0,0,1,0,2,0,0,3,0,2,3,1,1,1,0,0,0,0,1,0,0,0,4,1,0,0,3,0,2,1,2,1,4,0,2,3,0,1,0,2,0,0,0,7,0,0,4,1,5,1,0,0,0,0,1,0,2,0,0,0,0,0,0,1,0,1,0,2,0,0,0,8,0,2,1,0,0,0,2,0,0,5,0,0,1,1,0,0,4,0,0,0,0,0,1,0,0,0,4,0,0,1,3,0,0,0,1,0,5,8,1,1,1,2,1,0,0,1,1,1,0,0,2,3,0,3,1,3,1,4,0,5,5,0,0,6,5,3,2,5,0,4,0,0,0,1,1,0,1,0,0,0,0,0,0,1,5,0,5,1,4,2,2,0,0,0,0,0,0,0,0,0,1,0,0,0,0,0,0,1,1,0,1,0,0,0,0,0,2,5,0,4,1,0,2,0,3,0,0
1,0,2,1,0,0,2,0,0,2,3,2,1,1,0,0,0,0,2,10,2,1,1,0,1,0,0,1,1,2,1,0,1,1,0,1,2,0,1,2,0,0,0,2,1,0,0,1,2,4,0,1,0,0,7,3,1,0,1,2,1,2,0,1,4,2,3,2,0,0,2,4,1,0,0,1,3,1,0,2,1,0,2,3,0,0,0,2,0,3,1,0,3,0,0,0,1,0,0,0,4,1,0,4,0,0,0,2,0,0,0,1,0,2,0,0,0,0,0,1,0,0,0,0,0,0,0,1,7,0,1,0,2,0,1,1,1,0,4,0,0,0,1,1,0,3,0,0,0,0,0,0,0,0,0,3,1,1,0,3,0,0,0,0,0,5,5,1,1,1,0,1,0,0,1,0,3,1,3,0,4,1,3,0,4,0,0,3,4,4,0,0,4,4,1,3,4,0,5,2,0,0,5,6,2,1,0,5,2,2,1,3,3,4,0,6,0,3,3,2,2,0,0,1,0,1,0,1,1,1,0,0,4,0,0,0,0,3,1,1,0,2,2,0,1,0,3,0,2,1,0,3,0,5,0,0
0,0,2,0,0,0,0,0,3,0,1,1,0,0,1,0,2,0,6,3,1,0,0,2,0,0,2,1,0,0,0,0,1,0,0,1,0,0,1,2,1,1,0,0,0,0,1,0,4,5,0,0,0,0,6,0,0,0,2,0,0,0,0,0,2,0,1,2,0,0,5,4,0,1,0,2,0,0,0,2,0,1,1,2,0,0,0,0,1,2,0,0,0,0,0,0,0,0,1,1,6,1,0,3,2,3,0,2,0,1,0,1,0,5,0,1,0,0,0,0,1,0,0,0,1,1,1,0,10,0,1,4,1,0,1,1,0,2,7,0,0,1,3,4,1,2,0,0,2,0,0,5,0,0,0,2,1,1,0,6,0,0,0,2,2,7,6,1,0,3,0,0,0,0,1,2,0,0,0,0,2,0,2,0,3,0,1,3,6,6,0,0,6,6,1,0,6,0,2,0,2,0,0,1,0,1,1,1,0,0,0,0,0,6,1,6,1,2,1,0,4,0,0,0,1,0,1,1,0,2,0,0,3,0,1,0,0,0,0,0,0,2,1,0,0,0,6,0,4,0,0,6,0,3,0,0
0,2,0,2,0,0,0,0,0,1,0,0,0,0,0,1,0,0,2,1,1,0,2,0,0,0,0,1,0,1,0,0,2,1,0,1,0,0,0,3,0,0,0,0,0,1,0,1,2,4,0,0,1,0,6,0,0,0,0,0,0,2,0,3,2,0,0,1,1,0,2,0,0,2,0,0,0,0,0,2,0,1,0,2,0,0,0,1,1,2,1,1,1,0,0,0,0,0,1,0,7,1,1,2,0,3,0,0,0,0,0,0,0,3,0,0,0,0,3,0,0,0,0,0,2,1,1,0,9,0,1,1,0,0,0,1,4,1,6,0,0,0,3,4,0,2,2,0,0,0,1,1,0,0,1,3,1,2,2,3,1,0,0,0,0,6,7,0,0,2,1,0,0,0,0,0,0,0,0,1,2,0,2,0,2,0,0,1,6,6,0,1,6,6,1,0,6,0,2,0,0,0,1,0,1,3,1,2,0,0,1,0,0,6,0,6,0,2,1,0,2,0,0,0,2,0,1,2,0,0,0,0,2,0,0,0,0,0,0,1,0,2,1,0,0,0,6,0,5,0,0,4,1,2,0,0
0,0,0,0,0,0,0,3,0,0,2,3,0,0,0,1,0,1,3,1,0,1,0,1,1,0,1,0,0,1,0,0,1,0,0,1,0,0,0,1,0,0,2,1,0,0,3,2,1,4,1,0,0,0,7,0,0,0,0,0,0,1,0,0,1,0,0,1,0,1,1,0,1,0,0,0,0,0,0,1,0,2,0,1,0,0,0,0,1,1,0,0,0,0,0,0,0,0,0,0,6,1,0,1,1,4,0,0,0,0,0,3,0,4,0,0,0,0,1,0,1,0,0,0,1,1,0,0,8,0,3,0,0,0,0,3,0,0,7,0,1,0,0,0,0,1,1,0,1,0,0,2,0,0,0,3,0,0,1,3,0,0,0,3,0,7,9,0,0,0,1,0,0,0,0,0,0,0,0,1,1,0,1,0,1,0,2,3,7,7,0,0,7,8,0,0,8,0,1,0,0,0,0,0,0,3,0,0,0,0,0,0,0,7,0,6,0,1,0,1,2,0,0,0,1,1,0,0,0,3,0,0,4,1,0,0,1,0,0,2,1,1,0,0,0,2,7,0,9,0,0,3,2,1,1,0
0,0,0,1,0,0,1,1,0,1,0,3,0,0,0,1,1,0,1,7,0,1,3,1,0,0,1,0,1,0,0,0,0,0,0,0,0,0,0,0,0,0,0,0,0,0,0,0,3,4,0,0,0,2,4,1,0,0,0,0,1,2,0,1,4,0,0,2,0,1,2,1,0,0,0,1,1,0,0,3,0,0,1,5,0,0,1,0,1,4,0,1,1,0,0,1,1,0,1,0,2,2,0,1,0,2,0,0,0,0,2,0,0,2,0,0,0,0,1,2,0,0,0,0,2,0,0,0,9,1,2,2,1,1,0,1,0,2,3,1,0,0,2,1,1,5,0,0,0,0,0,0,0,0,1,4,1,0,0,1,1,2,0,0,0,3,4,2,1,1,0,3,0,0,1,1,0,0,0,0,5,1,4,1,4,3,0,0,3,4,0,0,3,3,0,1,3,0,3,0,1,0,0,0,1,1,0,1,0,0,0,0,0,3,1,3,0,5,0,0,0,1,0,0,0,0,1,1,1,1,1,0,0,0,0,0,0,1,2,0,0,1,0,0,0,0,3,0,3,1,0,1,0,4,0,0
0,2,0,0,1,0,0,1,0,1,0,0,0,1,0,1,0,1,2,2,2,1,2,1,0,0,0,0,0,0,0,0,0,2,0,2,0,0,0,2,0,0,0,2,0,0,2,1,1,4,0,0,0,0,7,0,0,0,1,1,0,1,1,0,1,0,3,1,0,1,1,2,0,0,0,1,0,0,1,1,0,2,0,1,0,0,0,2,0,2,0,0,0,0,0,1,2,0,1,0,4,1,0,0,1,2,0,0,0,0,0,1,0,2,2,0,0,0,1,0,0,0,0,0,0,2,0,0,8,1,0,2,0,0,0,3,1,0,7,0,0,1,0,0,0,1,1,0,1,0,0,2,0,1,1,5,1,0,2,5,0,1,0,1,0,7,8,1,0,1,1,0,1,0,2,0,0,0,0,1,1,0,1,0,1,0,1,1,7,7,0,0,7,7,1,1,7,0,1,0,0,0,1,0,0,3,0,0,0,0,1,0,0,7,0,7,0,1,1,1,2,1,0,0,1,2,0,1,0,0,0,0,4,2,0,0,1,0,0,0,0,0,0,0,0,0,7,0,5,0,0,2,0,2,2,0
0,0,0,1,0,0,0,0,2,0,1,2,0,0,0,0,2,1,5,2,3,0,0,0,0,0,2,1,0,0,0,0,1,0,0,0,0,0,1,1,0,0,0,0,0,1,0,1,1,4,0,1,0,1,7,0,1,0,2,0,1,2,0,0,1,1,1,1,1,2,1,0,1,0,1,2,0,0,0,1,0,1,1,1,0,0,1,0,0,1,0,0,1,1,0,2,0,0,3,0,6,0,0,1,0,3,1,0,1,0,0,0,0,2,0,0,1,0,1,0,0,0,0,0,0,3,1,0,7,1,2,1,3,1,1,4,0,0,7,3,1,0,1,0,0,1,0,0,2,1,0,1,1,0,0,5,0,0,0,1,0,1,0,0,0,6,8,2,0,2,1,0,1,0,1,0,1,0,0,1,1,0,1,1,3,1,1,0,6,6,0,0,8,6,2,1,6,0,1,0,0,0,2,2,2,4,0,2,0,0,0,0,0,6,0,6,0,2,1,0,0,0,1,0,1,0,0,1,0,0,0,0,4,0,0,1,0,0,0,0,1,0,0,0,0,0,9,0,2,1,0,1,0,2,1,0
0,0,2,1,0,1,1,1,0,0,2,3,1,0,1,0,0,0,4,12,3,1,3,2,3,0,1,0,0,0,1,1,2,0,0,0,1,0,1,9,0,0,0,3,0,2,0,0,5,5,1,0,0,1,7,0,2,1,1,1,1,0,0,0,3,0,1,4,0,0,2,0,2,0,0,2,0,1,1,3,0,2,1,3,2,1,0,4,0,3,2,0,4,1,0,0,1,1,1,0,4,0,1,1,0,1,3,3,0,1,1,0,0,1,0,0,0,0,1,1,1,1,1,1,0,1,0,0,9,2,1,1,0,0,0,6,3,0,5,0,0,0,12,5,0,3,0,2,1,0,0,2,0,0,3,6,0,2,6,7,1,1,1,2,0,5,8,4,0,1,1,0,0,0,0,0,0,0,0,1,3,0,3,0,3,0,0,0,5,5,0,1,5,6,1,0,6,0,3,1,1,0,0,0,1,8,0,1,1,1,4,1,0,5,0,9,0,3,4,0,1,0,0,0,0,5,0,1,0,2,0,0,2,4,0,1,0,3,0,1,0,2,0,0,0,0,6,0,3,1,0,4,0,3,0,0
0,0,2,1,0,0,0,0,0,1,0,0,0,0,1,0,0,1,2,9,5,1,2,0,0,0,0,0,0,2,2,0,1,0,0,0,0,0,0,0,0,0,0,0,0,0,0,1,4,3,0,0,0,0,6,0,1,0,1,0,0,0,0,0,4,0,0,3,0,1,4,1,1,0,0,5,0,0,0,3,0,0,3,4,0,0,3,2,0,4,0,0,1,0,0,0,4,0,0,0,4,2,0,6,2,9,0,1,0,0,1,0,0,4,0,2,0,0,0,1,1,2,0,0,2,1,1,1,9,0,0,2,0,0,0,1,0,0,6,0,0,1,1,0,0,4,0,0,0,0,0,3,0,0,0,3,0,0,0,1,0,3,1,1,0,4,6,1,0,1,1,0,0,0,1,3,0,0,1,5,4,0,5,1,4,0,0,3,5,4,0,1,5,4,0,1,4,0,7,1,0,0,0,2,0,2,1,1,0,0,2,0,0,4,0,6,0,5,1,0,2,0,0,0,0,0,0,1,1,0,0,0,3,0,0,0,0,0,1,0,0,4,0,0,0,0,4,1,3,3,0,5,1,4,2,0
0,0,0,0,0,1,0,0,1,1,3,0,0,1,0,0,0,0,0,4,1,0,2,1,1,1,0,1,0,0,0,1,0,0,0,1,2,0,0,3,0,0,0,0,0,0,0,0,2,6,0,0,0,0,7,1,0,0,0,0,2,1,0,1,3,1,1,1,0,0,2,1,1,0,0,2,0,0,0,2,0,2,0,2,0,1,1,0,1,3,0,0,0,0,0,0,0,0,0,0,7,1,1,3,1,2,0,0,0,0,1,0,0,1,0,0,0,0,0,0,0,3,0,2,0,1,0,0,8,0,1,2,0,0,0,4,2,0,6,1,0,0,2,1,1,3,1,0,0,0,0,3,0,0,0,3,3,0,0,2,0,1,2,0,0,6,7,2,0,1,1,0,0,2,0,2,1,0,4,0,2,0,2,1,3,0,1,1,5,5,0,0,7,6,0,1,6,1,2,0,1,0,0,0,0,3,0,1,0,1,0,0,0,6,0,5,0,3,1,0,4,0,0,2,1,0,0,2,0,1,0,0,4,0,0,0,2,0,0,0,0,0,0,0,0,0,4,0,4,0,0,2,0,2,0,0
0,0,0,0,0,1,0,0,0,2,1,1,0,0,0,0,1,1,3,2,0,0,1,3,0,0,0,0,1,0,0,0,0,0,0,0,2,0,0,1,0,0,0,0,0,0,0,3,2,6,0,0,0,0,7,0,0,0,1,0,0,0,0,0,2,0,1,1,0,0,3,2,0,0,0,2,2,0,0,2,0,1,0,2,0,0,1,1,0,2,0,1,0,0,0,0,3,0,0,0,5,0,0,2,1,3,0,0,2,0,1,1,0,0,0,0,0,0,0,3,0,1,2,0,0,0,0,2,8,0,5,3,0,0,0,5,0,0,7,1,0,0,1,2,0,2,1,1,1,0,0,0,1,0,2,2,1,0,1,4,0,0,0,1,0,6,9,1,0,1,2,0,0,0,1,1,0,0,3,1,2,0,4,0,2,0,2,0,6,9,0,0,6,6,0,0,6,0,2,0,0,0,1,0,0,2,1,0,0,0,0,0,0,6,0,6,1,2,0,1,3,0,0,0,2,3,0,1,0,0,0,0,1,2,1,0,2,0,2,0,1,3,0,1,0,1,6,0,5,0,1,5,0,4,1,0
0,0,0,0,1,1,0,0,0,1,0,2,0,0,0,0,0,0,2,2,3,0,2,1,1,0,0,1,0,1,0,0,1,0,0,1,1,0,0,4,0,0,0,1,0,0,0,0,1,6,0,0,0,1,7,0,0,0,0,0,0,3,0,0,2,0,1,0,0,1,1,0,0,0,1,2,0,0,0,2,0,0,2,0,1,1,0,0,1,1,0,0,0,0,0,0,1,0,1,0,5,0,1,1,1,3,0,0,0,0,1,1,1,1,0,0,1,0,0,0,0,0,1,0,0,0,0,0,8,0,2,1,0,0,0,2,0,0,7,0,0,0,1,0,0,1,0,0,1,0,0,0,0,0,0,5,0,0,1,3,0,1,1,2,0,7,8,1,0,2,0,0,0,0,2,1,0,0,0,0,0,0,0,1,2,0,0,0,6,5,0,0,8,8,1,0,6,1,1,0,0,0,0,0,0,2,0,0,0,0,1,0,0,7,0,7,0,1,1,1,1,0,0,1,0,1,0,0,0,1,0,0,1,0,0,0,0,1,0,0,1,1,0,0,0,0,5,0,4,0,0,4,0,0,0,0
0,0,3,2,0,1,0,0,5,2,4,2,0,0,0,0,1,1,4,8,1,1,4,0,2,0,0,0,0,1,1,0,0,0,2,1,1,0,0,1,1,0,0,1,0,0,0,0,2,6,0,1,0,0,8,0,0,0,1,2,0,0,0,1,2,3,1,2,0,0,1,4,0,2,0,5,0,1,2,2,0,0,0,2,0,0,1,0,0,3,0,0,2,1,1,0,2,0,0,0,6,1,0,3,0,2,0,1,4,0,1,0,0,2,0,1,0,0,0,0,0,0,0,0,0,0,0,0,8,0,2,1,2,2,0,1,0,3,7,1,0,0,0,3,0,2,1,0,1,0,0,2,0,0,0,8,1,0,0,4,0,0,0,0,0,6,6,0,0,0,0,0,0,0,0,1,0,0,0,0,2,0,2,0,2,0,0,1,6,7,0,0,6,6,0,0,6,0,2,1,0,0,0,2,0,4,1,0,0,0,0,0,0,6,0,6,2,3,1,0,0,0,0,0,0,0,0,1,0,0,0,0,1,2,0,0,1,0,0,0,1,0,0,0,0,0,6,0,2,0,0,3,2,2,1,1
1,0,1,0,1,0,0,1,0,0,3,5,0,1,0,0,1,1,1,7,3,0,2,0,0,0,0,0,0,0,0,0,0,0,0,2,0,0,1,6,0,0,0,4,1,0,2,3,1,3,1,1,0,0,7,0,0,2,3,0,0,0,0,1,2,3,0,3,0,0,1,2,0,0,0,3,0,0,0,1,0,0,1,2,3,0,0,0,0,2,0,0,0,0,0,0,0,0,3,0,5,1,0,1,2,7,0,1,0,0,0,0,0,2,0,1,0,0,1,0,0,0,0,0,1,2,1,1,7,1,5,2,0,0,0,4,1,0,6,0,0,0,1,0,0,3,1,0,3,0,0,1,1,0,0,3,2,1,0,4,0,1,0,4,0,5,8,2,0,1,1,0,0,0,0,0,0,0,0,2,2,0,2,0,3,0,1,0,6,5,0,1,6,6,0,1,5,0,1,2,1,0,0,0,3,4,0,0,1,0,4,0,0,6,0,5,1,1,2,0,0,0,0,0,0,0,1,3,0,2,0,0,3,2,0,1,0,0,0,0,0,2,0,1,0,0,5,0,5,0,0,3,0,2,1,0
0,0,2,0,0,0,0,1,0,1,1,0,0,0,0,0,0,1,3,4,0,0,1,1,0,0,1,0,0,0,0,0,1,0,0,2,1,0,0,1,0,0,0,0,0,1,0,1,2,5,0,1,0,0,7,1,0,0,0,0,0,1,0,0,4,1,0,2,0,0,2,1,0,1,0,1,0,0,0,2,1,1,1,2,0,0,0,1,1,4,0,0,2,0,0,0,0,0,0,0,6,3,0,1,0,1,0,0,0,0,0,2,2,4,0,0,0,1,1,0,0,0,0,0,0,0,2,0,9,0,1,1,0,0,0,0,0,0,7,1,0,0,0,1,0,3,0,0,1,0,0,1,0,0,0,3,0,1,2,1,0,0,0,0,0,5,7,0,0,0,1,1,0,0,0,1,0,0,0,0,4,1,3,0,3,0,1,0,5,5,0,0,5,6,1,1,5,0,2,0,2,0,0,0,0,3,1,1,1,0,0,1,1,6,0,6,0,4,1,0,1,0,0,0,0,0,0,2,0,0,0,1,1,1,0,0,0,1,1,0,2,1,0,0,0,0,5,0,3,1,0,0,0,2,4,0
0,1,0,0,0,0,1,0,0,2,1,1,0,0,0,0,0,0,1,2,2,2,2,0,0,0,0,0,0,0,2,0,0,0,0,1,0,0,0,3,0,2,0,1,0,0,0,0,1,7,1,2,0,0,7,0,0,0,0,0,0,1,0,0,1,1,2,1,0,0,2,2,0,0,0,1,0,0,0,1,0,0,1,1,0,0,0,0,0,4,0,0,0,0,0,0,2,0,0,0,5,1,0,1,1,1,0,2,0,0,0,2,0,1,0,3,0,1,0,0,0,0,0,0,0,1,1,0,8,0,0,0,0,0,0,0,2,0,7,0,0,0,0,1,0,1,0,0,0,0,0,0,0,0,0,7,0,0,0,4,0,0,0,0,0,9,7,0,3,1,0,2,0,0,2,1,0,0,0,0,1,0,2,0,1,0,0,0,7,8,1,0,7,7,0,1,7,0,1,0,2,0,0,0,1,1,0,0,0,0,0,0,1,7,0,7,0,1,0,2,1,0,0,0,1,0,1,1,0,0,0,0,5,1,0,0,0,1,1,0,0,0,0,0,0,1,7,0,4,0,0,5,0,1,0,0
0,0,5,0,0,0,0,0,0,0,0,1,0,0,0,0,0,0,3,14,3,2,2,0,0,0,0,0,0,1,0,1,1,0,2,0,2,0,0,1,1,0,1,1,0,0,1,2,5,3,4,0,1,0,5,0,1,0,0,1,0,1,0,0,6,0,1,5,0,0,6,2,0,0,0,2,0,1,0,6,1,0,0,5,0,0,1,4,0,7,0,2,4,1,3,0,2,0,0,0,3,0,0,10,0,0,1,2,2,0,0,0,0,2,0,1,0,0,0,3,0,0,0,0,0,0,0,0,9,0,0,1,0,0,2,0,0,2,2,0,0,0,1,2,0,7,0,0,0,0,0,1,1,0,0,3,0,0,0,2,2,0,0,2,0,3,4,1,0,3,0,2,1,1,0,4,1,0,0,0,6,0,7,0,6,0,2,0,2,3,1,2,2,4,0,2,2,0,6,0,3,0,0,1,2,2,2,0,0,1,2,0,0,2,0,3,0,5,0,0,0,0,3,0,0,1,0,1,0,1,1,0,5,1,0,1,1,0,0,0,0,3,1,0,1,2,2,0,1,1,0,3,1,6,3,0
0,0,1,0,0,1,1,0,1,1,1,3,0,0,0,0,1,0,2,2,0,2,0,0,0,0,1,0,0,0,0,1,0,0,0,0,0,0,1,1,0,0,0,1,0,0,0,0,1,5,0,0,0,0,7,0,0,0,1,0,0,1,0,0,1,0,1,0,0,0,3,1,0,0,0,2,0,0,0,1,0,1,1,1,0,1,1,0,0,2,0,1,0,0,1,0,0,0,2,0,7,1,2,1,2,9,1,2,0,0,0,1,0,1,0,1,0,0,0,0,0,0,0,0,0,0,0,2,8,0,0,0,1,0,0,0,0,0,7,0,0,0,0,0,0,1,0,0,0,0,0,0,0,0,0,8,0,0,0,3,0,1,1,0,0,7,7,2,0,1,2,0,0,1,1,0,0,0,0,1,2,0,1,0,2,0,1,2,7,7,1,0,8,7,0,0,7,0,1,1,1,0,0,0,1,1,0,1,0,0,0,0,0,7,0,7,0,1,0,0,1,1,0,2,0,1,0,0,0,0,0,0,4,1,0,0,0,0,0,0,1,0,0,0,0,0,7,0,6,0,0,3,0,1,0,0
0,0,0,0,0,1,2,1,1,0,1,2,1,0,1,0,0,0,1,2,3,1,2,1,1,0,0,1,0,0,0,1,0,0,0,0,0,1,0,1,0,0,0,1,0,0,0,1,3,5,0,0,1,0,4,0,0,1,0,0,0,0,0,0,6,0,2,2,0,0,2,2,0,0,0,1,2,1,1,3,2,2,0,3,0,1,2,0,1,5,1,0,1,0,0,0,4,0,1,0,6,2,0,4,1,3,3,0,2,0,0,0,0,3,2,2,0,0,1,1,2,1,0,0,0,2,1,0,9,0,1,0,0,0,0,1,2,0,4,0,1,0,0,1,2,4,0,0,0,0,0,0,0,1,1,1,0,2,0,2,0,0,0,1,0,4,6,1,0,2,2,0,0,0,1,3,3,0,0,0,4,0,4,0,5,0,0,0,4,4,0,0,5,5,1,0,4,0,3,1,1,0,0,0,0,0,3,0,0,1,0,0,1,4,0,5,0,3,0,0,2,0,0,1,1,2,0,2,0,2,0,0,4,2,0,0,0,0,0,1,0,1,0,0,0,0,4,0,4,0,1,5,0,5,0,0
0,0,1,0,0,0,0,1,0,0,1,4,0,0,0,1,1,0,2,4,2,0,2,2,0,1,0,0,0,0,0,0,1,1,0,2,0,0,0,2,0,0,0,0,0,0,0,1,1,5,2,0,1,0,7,0,1,0,1,0,1,1,0,0,2,0,4,1,0,2,1,0,1,0,0,3,0,1,1,2,0,3,0,1,1,1,0,0,1,2,0,2,1,0,2,0,0,0,1,0,5,2,2,1,1,5,0,2,0,0,0,1,0,0,1,0,0,0,0,0,0,0,0,0,0,1,0,1,8,0,3,0,0,0,0,3,2,1,7,1,0,0,0,0,0,1,2,0,0,0,0,0,0,0,0,1,2,1,2,5,0,1,0,1,0,8,8,0,0,1,1,0,0,0,1,1,0,0,0,1,1,0,1,1,1,1,0,1,7,7,1,0,9,7,2,1,7,0,1,0,0,0,0,0,0,3,0,0,0,0,0,0,1,7,0,7,0,1,0,1,0,1,0,0,0,1,0,0,0,0,0,0,3,1,0,0,0,0,0,1,0,0,0,0,0,0,7,0,4,0,0,1,1,1,1,0
1,0,0,0,1,0,1,2,1,1,2,2,0,2,0,0,1,1,4,4,2,0,0,0,0,1,0,1,0,0,1,0,0,0,0,1,0,0,0,0,0,0,0,0,0,1,0,0,2,4,1,0,0,0,4,0,0,1,0,1,0,1,1,0,2,0,0,4,1,0,1,0,0,0,0,2,1,0,0,2,1,1,1,4,0,0,1,0,1,2,0,1,2,0,0,0,2,0,0,0,3,0,1,1,1,1,0,2,0,0,0,0,0,1,0,2,0,3,1,0,1,0,2,1,0,1,1,2,6,0,2,1,0,0,0,0,1,0,4,0,0,0,0,1,0,2,0,0,0,0,0,0,0,0,0,2,0,0,0,1,1,1,1,0,0,5,5,0,0,0,0,0,0,0,1,0,0,0,0,1,2,0,2,0,2,0,0,1,4,4,1,0,4,4,0,0,4,0,2,0,1,0,1,2,2,2,0,0,1,0,0,1,1,4,0,6,0,3,2,0,0,1,0,0,0,0,0,2,0,0,0,0,3,1,0,2,0,4,0,0,0,1,0,1,3,0,4,1,4,0,1,3,0,4,0,0
0,0,1,1,0,0,0,1,1,1,2,1,1,0,0,0,0,1,3,4,3,0,2,0,2,0,0,2,0,0,1,0,0,0,0,0,0,0,0,6,0,0,1,1,0,1,0,2,2,5,0,0,0,0,6,2,1,0,0,1,0,0,0,0,2,0,3,1,1,0,2,0,1,0,0,3,0,0,0,2,0,3,0,2,2,0,0,2,1,3,0,1,1,1,0,2,1,0,1,0,5,0,3,2,2,2,6,3,0,1,0,2,0,2,0,1,0,0,1,1,1,0,0,0,1,5,1,1,10,0,1,2,0,0,2,1,0,0,8,0,1,0,5,1,0,2,0,0,0,0,0,0,0,0,3,4,0,0,0,4,1,0,0,3,0,6,6,0,0,2,0,0,0,0,0,0,0,0,0,0,2,0,3,0,2,0,0,0,6,5,0,0,6,6,0,0,6,0,2,0,0,0,0,1,0,3,0,0,0,0,0,1,0,6,0,5,0,3,0,1,1,0,0,1,4,0,0,1,0,0,0,3,4,1,0,0,0,0,0,0,0,1,1,0,0,1,5,0,2,1,0,9,0,2,1,0
1,0,3,0,1,0,0,1,1,2,0,1,0,1,0,0,2,1,2,7,0,0,1,1,1,0,0,0,0,0,1,0,0,0,0,3,0,1,0,2,0,1,1,0,1,0,1,5,2,4,1,2,0,1,6,1,1,0,0,0,0,0,0,0,4,0,0,2,0,0,3,2,0,0,0,2,0,1,1,2,0,0,0,3,1,0,0,0,1,4,0,0,0,0,0,1,3,1,0,0,6,0,1,1,1,3,2,2,0,0,0,0,2,2,0,0,0,0,1,0,0,0,0,0,1,0,0,2,8,0,0,1,0,0,0,0,1,0,6,0,0,0,3,1,1,2,0,0,1,0,0,1,1,0,0,4,0,0,1,2,0,1,0,0,1,7,5,1,0,1,0,1,0,0,1,1,0,0,0,1,2,0,3,0,4,0,1,1,4,3,0,0,6,5,1,1,4,0,2,0,1,0,0,0,2,1,0,1,2,0,1,0,0,5,0,7,0,3,0,1,0,0,1,1,0,0,0,0,0,1,0,0,2,0,0,1,0,2,0,0,1,3,1,0,0,1,4,0,3,1,0,2,0,3,0,0
1,0,0,0,0,1,1,0,4,0,2,0,1,0,1,0,1,1,0,3,3,1,0,1,0,3,0,1,0,2,2,0,0,0,0,0,2,0,0,0,1,0,1,0,0,1,1,3,1,6,1,2,0,0,6,0,0,0,0,0,0,0,1,0,3,0,2,1,0,0,3,3,2,0,0,0,1,1,1,1,1,2,2,2,2,1,2,0,3,2,0,0,1,0,0,0,0,0,1,1,3,0,1,1,3,0,2,0,1,0,1,1,1,0,1,0,1,0,3,0,0,0,0,0,2,2,1,2,7,0,0,1,0,0,0,1,0,1,5,0,1,0,1,1,0,2,0,0,1,0,0,1,0,0,0,3,0,2,0,0,0,1,0,0,0,5,8,0,2,1,4,0,1,0,0,1,1,0,1,0,2,0,2,4,2,0,0,2,5,5,2,1,5,5,1,0,5,0,1,0,0,0,0,0,0,2,0,1,0,1,0,0,0,5,0,5,0,2,0,2,0,0,0,0,0,1,0,0,0,0,0,0,1,1,0,0,0,1,0,0,0,0,0,0,0,2,5,0,6,1,0,3,0,3,1,0
0,0,1,0,0,0,0,1,1,0,0,1,0,0,0,0,0,0,1,6,1,0,3,3,0,0,0,0,1,0,1,0,0,0,0,2,0,0,0,1,1,0,1,0,0,0,0,0,3,5,1,0,0,0,5,1,0,0,0,1,0,0,0,0,3,1,1,4,0,1,3,2,0,0,0,2,1,0,0,3,0,2,0,3,0,0,1,0,0,3,0,0,1,0,1,3,2,0,0,0,7,0,0,1,0,4,0,0,0,0,1,1,0,0,0,0,0,0,1,0,0,0,0,1,1,0,0,2,8,0,1,2,0,0,0,1,0,0,5,0,1,0,1,1,0,3,2,0,0,0,0,2,0,0,1,3,0,0,0,1,0,0,0,1,0,5,5,0,0,0,0,0,0,0,0,0,0,0,0,0,3,1,4,0,3,0,0,0,5,5,0,0,5,5,0,0,6,0,3,0,1,0,0,0,0,1,1,0,0,0,1,1,0,5,0,4,0,4,0,1,1,0,0,0,2,1,0,0,0,0,0,0,1,2,0,0,0,1,1,0,0,0,0,0,0,1,5,0,5,0,0,2,0,3,0,0
0,0,1,2,0,0,0,0,0,0,0,1,0,0,0,0,0,0,2,5,4,0,0,3,1,2,0,1,1,1,1,0,1,0,0,0,1,0,0,2,0,0,0,0,0,0,0,0,2,4,0,3,0,0,6,1,2,0,0,0,0,0,0,0,4,2,1,1,0,0,3,0,0,0,0,4,0,0,0,1,1,1,1,3,0,1,0,1,0,4,1,0,0,0,0,0,1,0,0,0,7,4,0,1,4,6,0,1,0,0,3,1,0,1,0,0,0,0,1,0,2,0,0,0,0,1,0,1,8,0,2,2,1,1,0,0,2,1,5,0,0,1,1,2,0,4,0,1,3,0,0,2,1,0,0,8,0,0,0,2,0,0,0,1,0,4,5,1,0,1,0,0,0,0,2,0,0,0,0,1,4,1,4,0,4,0,1,1,4,4,0,0,7,5,1,0,4,0,3,0,1,0,0,0,1,1,0,0,0,0,0,0,0,5,0,6,0,3,0,0,4,0,0,0,0,0,0,0,0,0,1,0,1,1,0,0,0,1,0,0,0,2,2,0,0,0,4,0,5,0,0,0,0,3,0,0
0,0,0,1,0,0,0,0,0,1,1,0,0,0,1,0,0,0,4,2,1,0,2,0,0,0,1,1,0,0,0,1,0,0,0,1,0,0,0,4,0,0,0,5,0,0,0,1,1,6,0,0,1,0,9,0,0,0,1,0,0,0,0,0,5,1,1,2,0,1,0,2,2,0,0,1,1,0,0,2,0,1,0,2,0,0,0,0,1,3,0,0,0,0,0,0,1,0,1,0,8,1,0,3,0,1,0,0,0,0,0,1,0,1,0,1,0,2,1,1,1,2,0,0,0,2,1,1,8,0,0,1,3,1,0,1,0,0,6,0,0,0,1,1,0,3,1,0,0,0,0,0,0,0,0,6,0,0,2,1,1,2,1,0,0,5,7,0,0,0,1,0,0,0,2,0,0,1,1,1,3,0,4,0,5,0,1,2,5,4,0,0,5,6,2,0,5,0,1,1,1,0,1,0,1,2,0,0,0,0,0,1,0,6,0,7,0,3,1,0,1,0,0,1,1,3,0,0,0,0,0,0,1,3,0,0,0,0,0,0,0,0,0,0,0,1,3,1,5,0,1,0,0,2,1,1
0,0,2,1,0,1,1,0,0,0,0,0,0,0,1,0,0,0,0,7,1,0,1,0,0,0,0,0,0,1,2,2,0,0,0,0,1,0,0,0,0,0,0,0,0,0,0,0,5,2,0,0,0,0,3,0,2,1,0,0,0,0,0,0,6,0,0,3,0,1,4,0,0,0,0,0,0,0,0,5,0,1,0,6,0,0,1,1,2,6,0,0,2,0,0,0,0,0,0,0,2,0,0,6,0,1,0,0,0,1,1,0,0,0,2,0,0,0,4,0,2,2,0,0,0,1,0,0,8,0,0,4,0,0,0,1,0,0,2,0,0,0,0,0,0,7,1,1,0,1,0,0,0,0,0,4,0,0,0,1,2,1,0,0,0,2,7,0,0,1,0,1,0,0,0,0,0,0,0,1,8,0,6,1,6,1,0,2,2,2,0,2,4,3,0,0,2,0,5,0,0,0,0,0,1,0,0,0,1,0,0,0,0,2,0,3,0,6,0,1,1,0,0,1,0,1,0,1,0,1,0,0,1,2,2,0,0,1,1,0,0,2,0,0,1,1,2,0,2,0,0,0,0,6,1,0
0,0,1,0,0,0,1,0,0,0,0,2,0,2,0,0,0,0,4,6,4,0,2,2,4,2,1,0,0,0,2,0,8,0,0,2,0,1,0,6,3,0,0,1,0,0,1,1,2,2,0,0,1,0,7,0,1,1,0,0,0,4,0,2,3,0,1,2,0,1,2,2,1,0,0,1,0,0,0,2,0,1,1,2,0,0,1,1,0,4,0,0,1,1,0,1,0,0,0,1,9,1,0,2,0,2,0,1,0,0,0,0,0,2,0,3,0,0,1,0,1,0,0,0,2,1,2,1,9,0,0,2,0,0,0,2,0,0,10,0,1,0,1,1,0,3,0,1,0,0,0,4,0,0,0,5,0,0,0,1,0,0,0,1,0,6,6,1,0,3,0,0,0,0,0,4,0,0,0,0,2,0,3,0,4,0,1,2,5,5,0,0,6,6,0,0,6,0,2,0,0,0,0,0,1,3,1,0,0,0,2,0,0,6,0,7,1,2,2,0,2,0,0,1,2,0,0,2,0,0,0,1,10,1,0,2,0,1,0,0,0,3,0,0,0,0,5,0,3,2,1,9,1,5,0,0
1,1,2,0,0,0,0,1,0,0,0,1,2,1,1,0,1,0,1,6,0,0,0,1,0,0,0,2,1,0,1,0,3,0,0,0,1,1,1,2,0,2,1,3,0,0,0,0,4,4,3,0,0,0,3,0,1,0,0,0,0,1,0,0,3,0,1,4,0,0,3,1,0,0,0,1,0,1,2,4,0,1,1,4,0,1,1,1,0,5,0,0,2,0,0,1,0,0,1,0,3,0,0,3,0,1,0,2,0,0,0,0,0,0,2,2,0,0,0,0,3,0,0,0,0,0,0,2,7,0,0,1,0,0,0,0,0,0,4,0,0,0,0,1,0,3,0,0,0,0,0,0,0,0,0,3,0,0,1,0,2,0,0,1,0,3,4,1,0,1,0,0,0,1,0,4,1,0,0,0,5,0,3,0,3,0,1,1,3,3,0,0,3,4,0,1,3,0,3,0,1,0,0,0,2,1,1,1,1,3,0,1,0,5,0,5,0,3,0,0,0,0,1,0,1,0,0,1,1,1,0,0,3,0,0,1,2,2,0,0,0,3,0,0,3,0,6,0,4,2,1,4,0,6,2,0
0,1,0,0,0,1,0,0,1,5,3,1,0,0,0,0,1,0,4,0,5,0,4,1,0,0,1,2,0,1,0,0,1,1,0,1,0,0,0,9,2,0,0,3,1,1,0,0,0,8,0,0,0,0,9,0,0,0,0,0,0,2,0,0,0,0,0,0,0,1,3,2,0,0,0,3,0,1,0,0,0,2,0,0,1,0,1,0,0,0,0,0,0,0,0,0,0,0,0,0,8,1,1,1,1,4,2,0,0,0,0,0,0,4,0,0,0,0,3,0,0,0,0,0,3,0,0,0,8,0,2,0,0,0,0,0,0,0,7,1,0,0,0,2,0,0,0,0,2,0,0,3,0,0,0,5,0,0,0,2,0,0,0,1,0,7,8,1,0,0,1,0,0,0,0,3,0,0,1,2,0,0,0,0,0,0,1,2,7,7,0,0,7,8,0,0,7,0,0,0,0,0,0,0,0,2,0,1,0,0,2,0,0,7,1,7,0,0,0,0,4,0,0,0,5,1,0,0,0,1,1,1,3,2,0,0,0,0,1,2,0,0,0,2,0,0,7,0,6,0,0,7,1,0,1,1
0,0,2,0,0,0,0,2,0,0,0,2,0,0,0,0,0,0,4,10,1,0,4,1,1,0,1,0,0,0,2,0,1,1,1,2,2,2,0,2,0,0,0,1,0,0,0,2,2,5,1,0,0,0,6,0,2,0,1,0,0,3,0,0,3,0,0,2,0,0,3,1,2,0,0,1,2,1,2,2,0,1,0,2,2,0,1,1,2,3,0,3,0,0,1,0,1,0,2,0,3,0,0,1,2,3,0,6,0,0,1,0,0,1,0,1,0,0,2,0,0,0,0,0,0,2,0,1,10,0,0,0,0,0,0,1,1,0,5,0,0,0,0,2,0,3,2,0,1,0,0,0,0,0,0,4,0,0,0,1,0,1,0,1,0,5,7,1,0,3,0,1,0,1,0,0,0,0,1,0,3,0,3,1,3,0,0,1,5,5,1,0,5,6,1,1,5,2,2,0,3,0,0,0,0,3,1,1,0,0,0,0,0,5,0,7,0,2,1,0,0,0,0,3,0,0,0,0,0,1,0,1,3,0,0,2,0,1,0,1,0,3,0,0,0,0,5,0,3,1,0,2,0,3,0,0
0,0,0,0,2,0,0,2,0,0,1,2,0,1,0,0,0,0,1,2,3,0,1,1,2,0,0,0,0,1,0,0,1,0,2,1,0,1,0,1,1,0,3,0,0,3,0,1,1,7,1,0,1,0,7,0,0,0,0,1,0,0,1,0,1,0,4,1,0,1,2,3,1,1,1,2,1,0,1,1,0,1,0,1,1,2,0,0,0,1,0,0,0,0,0,1,0,0,1,0,7,4,0,1,3,5,1,0,1,0,0,1,0,1,1,1,0,1,0,0,0,1,0,0,0,2,0,1,8,0,0,0,0,0,0,0,0,0,7,0,1,0,1,0,0,1,1,0,1,0,0,0,0,0,0,1,0,2,2,0,0,0,0,1,0,7,8,0,0,1,0,0,0,0,1,0,0,0,1,0,1,0,1,0,2,0,3,1,7,7,0,0,9,7,1,0,8,0,1,0,1,0,0,0,0,3,0,0,0,0,0,0,0,7,0,7,0,1,1,0,1,2,1,0,1,0,0,0,0,0,2,0,2,0,0,0,0,0,0,0,0,0,0,0,2,2,7,0,8,0,0,2,2,1,0,0
0,0,1,0,0,0,0,0,2,0,2,1,0,0,0,2,0,0,6,1,0,0,4,0,1,0,0,0,0,0,0,0,1,0,2,0,0,0,0,2,0,0,0,1,0,0,0,0,1,6,0,0,0,0,7,3,0,0,0,0,0,1,0,0,1,0,0,1,0,0,1,0,0,0,1,1,1,0,0,1,0,1,0,1,0,0,0,0,2,1,0,0,0,0,0,0,0,0,0,0,8,1,1,1,0,0,0,0,1,0,1,3,1,2,0,0,0,0,0,0,0,0,1,0,0,1,0,0,8,0,1,2,0,0,0,1,1,0,7,0,0,1,1,0,0,1,1,0,0,0,0,1,0,0,0,6,1,0,0,3,0,0,0,1,0,7,7,0,0,0,1,0,0,0,0,1,0,0,1,0,1,1,1,0,1,0,1,2,7,7,0,0,7,7,1,0,7,0,3,0,1,0,0,1,0,3,0,1,1,0,0,2,0,7,0,6,0,1,0,0,1,0,0,0,2,0,0,0,0,1,0,1,1,0,0,0,0,1,2,0,1,2,1,1,1,1,7,0,4,0,0,3,0,2,1,0
0,0,2,1,2,3,0,1,1,0,0,0,0,0,1,0,1,1,2,8,2,0,0,1,0,0,0,3,0,1,1,0,0,0,2,1,0,0,0,1,1,0,0,0,0,1,0,2,5,4,0,0,0,0,3,0,1,0,1,0,0,0,0,0,5,0,0,2,0,0,4,2,0,0,0,4,0,0,0,6,0,0,0,5,1,0,2,0,4,5,0,0,0,0,1,0,2,0,0,0,3,1,0,5,1,2,0,0,0,0,0,0,0,1,0,0,0,0,2,0,0,1,0,1,0,0,0,0,8,0,2,4,0,0,0,2,0,1,4,0,0,1,0,0,0,6,2,0,1,0,2,0,0,0,0,1,1,0,0,0,1,0,0,1,0,3,3,0,0,1,0,1,0,0,1,1,1,0,0,0,7,0,6,0,5,1,0,3,3,3,0,3,5,5,1,1,3,0,6,1,0,0,1,0,1,1,2,0,0,0,0,0,2,3,0,5,0,6,0,0,1,0,0,0,0,0,0,4,0,0,1,3,1,0,0,0,0,1,0,0,0,2,1,0,0,0,3,0,3,2,0,1,0,6,0,0
0,1,3,0,0,0,1,1,1,1,4,2,1,1,1,1,1,0,0,11,2,2,6,3,1,0,0,2,0,0,2,0,1,1,0,1,1,1,0,2,0,0,1,0,0,0,0,0,4,4,0,0,0,0,5,0,0,0,1,0,0,1,0,0,3,1,0,2,1,1,2,1,1,0,0,0,0,0,0,2,0,1,0,3,0,0,2,0,1,3,1,0,7,0,0,1,5,0,0,0,5,2,1,3,1,1,0,0,0,0,2,3,0,2,0,0,0,0,3,0,0,0,0,0,1,1,0,0,11,0,1,2,0,0,0,1,5,0,5,0,0,0,3,5,0,5,0,0,1,1,0,0,0,0,0,2,0,1,1,0,1,0,0,1,0,5,5,1,0,1,1,3,1,0,1,3,0,1,0,0,5,0,4,0,3,2,2,4,5,6,0,0,5,8,0,0,5,0,3,0,0,0,0,0,0,0,2,0,0,0,0,0,0,5,0,5,1,3,0,0,3,0,0,1,0,2,0,0,0,3,0,0,1,3,0,0,1,5,0,0,0,1,0,1,0,2,6,0,5,0,0,5,0,3,0,0
0,0,2,0,0,1,0,0,0,0,1,2,0,0,1,0,0,1,1,4,0,0,0,0,0,1,0,0,0,0,1,0,1,0,1,1,0,3,1,1,0,0,1,0,0,0,0,1,2,5,1,1,2,0,7,0,0,0,0,0,0,1,0,1,3,0,1,2,0,0,3,0,0,0,0,2,1,0,2,3,0,1,0,2,0,2,0,1,0,3,0,0,1,0,0,0,1,0,0,1,5,1,0,4,1,3,0,0,0,0,2,2,1,1,0,0,0,0,0,0,0,0,0,0,0,0,0,0,7,1,2,2,0,0,0,1,1,0,6,0,0,1,0,0,0,3,0,1,0,0,0,2,0,0,0,2,1,0,0,2,0,1,0,0,0,4,5,0,1,0,0,0,0,0,0,2,0,2,0,0,3,0,3,0,3,0,0,0,5,4,0,0,6,5,0,0,4,0,2,0,0,0,1,0,1,1,0,1,0,1,1,0,1,5,0,5,2,2,2,1,0,0,0,0,0,1,2,0,0,1,1,0,1,1,0,0,1,1,0,0,1,0,0,0,0,0,4,0,5,1,0,1,0,2,0,1
0,0,2,3,0,0,0,1,1,3,7,1,0,2,0,0,0,0,6,5,9,1,0,2,0,1,0,1,0,0,1,0,3,1,2,0,0,2,0,6,0,0,0,2,0,0,0,0,1,4,1,0,2,0,6,1,0,0,0,0,0,2,0,1,3,0,0,1,0,0,1,1,1,0,1,2,0,0,1,1,0,1,2,1,0,0,0,0,0,4,0,0,0,0,0,0,0,0,1,0,7,0,2,1,3,2,0,1,0,0,0,3,1,0,0,1,1,0,2,0,1,0,0,0,1,2,0,1,8,0,1,1,1,0,0,2,0,1,7,0,0,0,0,1,0,1,1,0,0,0,0,2,0,0,1,5,0,1,0,5,0,0,0,2,0,10,8,1,0,3,0,0,0,1,1,0,0,0,0,2,1,0,2,1,3,0,1,1,5,7,0,0,7,7,1,0,5,1,1,0,0,0,0,0,0,1,0,0,0,0,0,0,0,7,0,7,0,2,1,0,1,0,0,0,5,2,0,1,0,0,0,0,8,0,1,1,0,0,1,0,3,2,0,0,1,0,5,0,5,0,2,13,0,1,2,1
0,0,0,0,0,0,0,0,0,0,0,0,0,0,0,0,0,0,1,1,3,0,2,0,0,0,0,0,0,0,1,0,0,0,0,1,0,0,0,3,0,0,1,1,0,1,0,0,1,7,0,0,0,0,6,1,0,0,0,0,0,2,0,0,2,0,0,1,0,1,2,0,3,0,0,1,1,0,1,2,1,1,0,1,0,0,0,0,2,1,0,0,0,0,0,0,0,0,2,0,7,1,0,0,0,4,1,3,0,0,2,3,1,3,0,0,1,0,3,0,0,0,0,0,0,1,0,1,10,0,2,0,0,0,0,0,0,0,9,1,0,0,2,0,0,2,1,1,0,0,1,3,1,0,0,3,0,0,1,5,0,0,0,1,1,6,6,2,1,1,0,1,0,0,0,1,0,0,0,2,1,0,1,0,3,0,3,2,6,5,0,1,6,8,0,0,6,0,1,2,0,0,2,0,0,2,0,0,0,0,1,1,1,6,0,7,0,1,1,1,0,0,0,0,2,1,0,1,0,2,0,0,8,1,0,0,0,0,1,0,1,1,1,0,0,0,5,0,3,0,0,6,2,2,1,1
0,1,3,1,0,0,0,1,0,0,3,0,0,1,0,0,0,2,3,3,3,0,0,4,0,0,0,0,0,0,0,0,1,0,0,0,0,0,0,1,0,0,0,1,0,0,1,0,1,4,2,0,0,0,6,0,1,0,0,0,0,0,1,0,2,1,0,1,2,0,0,1,1,0,0,2,1,0,0,1,0,1,2,1,0,0,0,1,5,3,1,0,0,0,0,2,0,0,0,0,5,4,1,2,0,3,2,1,0,0,0,2,0,2,2,0,0,1,1,0,1,0,0,0,4,1,0,0,8,0,2,1,0,0,0,0,1,1,4,0,0,0,0,0,0,2,1,0,0,0,0,0,0,0,0,2,0,0,0,1,2,2,0,0,0,6,9,0,0,1,2,0,0,0,3,0,0,0,0,2,2,0,2,0,3,1,1,2,4,4,1,0,5,5,0,1,5,0,1,0,0,1,3,0,0,2,0,0,0,0,0,2,1,5,0,4,0,4,2,1,1,0,1,0,1,0,0,2,1,0,0,0,0,0,1,0,0,0,0,1,0,4,0,1,0,0,4,1,1,1,0,1,1,2,0,0
0,0,0,0,0,0,0,0,0,0,2,0,1,0,0,0,0,0,0,3,2,0,0,0,0,0,0,1,0,0,1,0,0,1,0,1,0,0,0,3,0,0,1,1,1,0,0,0,2,5,0,0,0,0,5,0,0,0,0,0,0,0,0,0,2,1,0,3,0,0,3,1,0,1,0,0,0,0,0,2,0,0,1,2,0,0,1,1,0,2,0,0,0,0,0,0,0,0,0,0,7,1,2,1,0,4,3,0,2,0,0,1,0,1,0,0,0,1,0,1,1,0,0,0,1,1,0,0,8,0,5,0,0,0,0,4,0,0,8,0,2,2,0,0,0,4,0,0,1,1,0,1,0,0,0,4,1,0,1,5,0,1,0,1,1,6,7,2,0,1,0,0,0,1,2,0,0,0,1,0,2,0,4,1,2,0,0,1,6,7,0,1,6,6,0,0,6,0,2,0,1,0,0,1,0,1,0,0,0,0,0,0,0,6,0,5,1,3,0,0,1,1,0,1,0,1,0,0,0,1,0,0,1,2,1,1,4,0,0,0,0,1,0,0,0,1,6,0,8,0,0,4,0,4,1,0
0,0,0,0,1,0,0,1,0,4,0,3,0,0,0,1,0,2,6,3,1,1,1,1,1,1,0,0,0,0,0,1,0,0,0,4,0,0,0,0,0,0,6,0,0,1,0,1,1,6,0,0,0,0,7,2,0,0,0,1,0,3,0,3,2,0,1,1,0,0,1,1,0,0,1,2,0,2,0,1,0,1,0,1,1,1,0,0,2,1,0,0,2,0,0,0,0,1,1,0,11,2,1,1,2,5,1,1,0,0,0,0,0,1,0,0,0,0,1,3,0,0,0,0,2,4,1,2,8,0,0,1,0,0,0,0,1,2,7,0,0,0,0,0,0,1,2,0,0,0,0,4,0,0,0,4,0,2,0,5,0,0,0,1,0,7,9,1,1,1,1,1,0,0,3,3,0,0,1,1,1,0,1,2,1,0,2,3,8,7,0,0,8,8,1,0,7,1,1,0,0,0,2,0,2,2,0,0,3,0,1,0,2,7,0,5,0,2,0,1,3,0,0,2,0,4,1,1,0,0,0,0,4,4,1,0,0,0,0,0,0,0,0,0,3,0,7,0,10,0,0,2,0,1,0,0
0,1,3,1,0,0,0,0,0,0,3,1,0,0,0,1,1,0,1,8,1,0,1,0,0,0,2,1,0,0,0,0,0,0,0,4,0,0,0,3,0,0,0,3,0,2,0,1,2,8,1,0,0,0,7,0,0,1,3,0,0,3,0,0,2,1,1,0,0,0,1,1,0,1,0,0,0,0,0,2,0,3,1,1,0,0,0,0,1,1,0,3,0,0,2,1,1,0,3,0,6,0,0,1,0,1,0,0,1,0,0,0,0,2,0,0,0,1,2,1,1,0,0,1,1,0,0,2,8,0,2,1,1,0,0,1,0,0,7,1,0,0,0,0,0,1,1,0,0,0,0,1,0,0,0,9,0,1,0,3,0,0,0,2,0,7,7,0,0,1,1,0,0,3,0,0,0,0,1,1,1,0,1,1,3,0,1,0,7,6,0,0,7,7,0,0,7,1,1,0,0,0,0,0,0,1,1,1,0,0,1,0,0,7,0,7,0,1,0,0,5,0,0,1,3,1,0,0,0,2,0,0,1,0,0,0,0,2,0,0,2,2,2,0,0,1,6,0,6,0,1,5,0,1,0,0
0,0,2,0,1,0,0,0,0,0,0,3,2,0,0,0,0,1,2,4,3,1,1,0,3,1,0,0,0,0,1,0,1,0,1,0,3,1,0,2,0,1,0,1,0,1,1,1,2,4,0,1,0,0,5,1,0,0,0,0,0,0,1,0,3,0,0,3,0,0,0,0,0,0,1,0,0,1,0,2,1,2,0,2,1,0,0,0,2,6,1,0,3,1,0,0,0,1,0,0,6,1,0,2,0,3,0,1,2,0,0,0,0,0,0,0,0,3,0,0,3,0,0,3,0,1,0,0,9,0,2,1,0,0,0,0,2,0,4,1,0,0,0,1,1,4,1,0,0,0,0,1,0,0,0,3,0,1,1,5,2,1,1,0,0,3,8,1,1,4,0,1,0,0,0,0,0,1,0,0,3,0,3,0,4,1,2,0,3,3,2,1,3,5,1,0,3,0,2,0,1,0,0,1,1,0,0,0,1,0,0,0,0,4,0,5,0,4,1,0,2,0,0,0,3,3,0,1,0,0,1,0,5,3,0,1,0,0,0,0,0,2,0,0,4,0,3,0,4,1,1,6,0,3,0,0
0,0,5,2,0,1,1,1,0,0,1,2,1,1,0,0,0,0,1,6,2,0,2,0,2,0,0,1,0,0,0,0,4,0,0,0,1,0,0,2,0,0,0,1,0,0,0,0,3,3,1,2,0,0,5,0,2,0,0,0,0,1,2,0,3,2,2,3,1,1,3,1,0,0,0,4,0,2,0,4,0,0,1,3,4,1,0,0,3,3,1,1,1,0,1,0,0,0,0,0,10,2,0,1,3,7,0,1,0,0,2,0,0,0,0,0,0,0,2,1,0,0,0,0,0,2,0,2,9,0,0,1,0,0,0,0,1,0,6,0,0,0,2,2,0,3,2,0,1,0,0,0,1,0,0,4,2,0,0,0,0,0,0,0,0,5,5,0,0,0,0,0,0,0,1,0,0,0,0,0,3,0,3,0,3,0,2,1,6,5,0,0,7,5,0,0,5,0,3,0,0,0,0,0,0,1,0,1,1,0,0,0,0,5,0,5,0,3,0,1,2,0,0,1,1,1,1,1,0,0,1,0,0,3,1,0,0,1,0,0,2,0,0,0,0,1,6,0,4,0,0,3,0,4,0,0
1,0,0,0,1,1,0,1,0,3,2,3,0,1,0,0,1,1,3,1,5,1,2,0,1,4,0,1,0,1,1,0,1,1,1,2,1,0,0,10,4,0,1,0,0,0,0,0,0,6,1,0,0,1,7,3,0,1,0,0,0,2,0,0,0,0,1,0,0,0,1,1,1,2,1,2,0,0,0,0,0,0,1,1,1,0,2,0,0,1,0,0,0,0,0,0,0,1,1,0,6,0,1,0,1,5,0,1,0,0,0,1,1,2,0,1,0,1,1,0,0,0,0,0,1,0,1,1,7,0,2,0,0,0,0,2,0,1,7,0,0,3,0,1,0,0,2,1,3,0,1,1,1,2,0,4,0,0,0,5,1,0,0,1,1,7,7,1,0,0,0,1,0,1,0,3,1,0,0,3,0,1,1,1,0,0,4,1,7,7,0,1,7,7,0,2,7,0,2,0,1,0,0,0,2,6,0,0,2,0,2,1,0,7,0,7,0,1,0,0,1,0,0,0,2,1,1,0,0,1,1,1,6,2,0,1,0,0,0,0,0,1,0,0,2,1,13,0,4,0,0,5,1,2,0,1
0,0,2,0,0,0,0,1,1,3,1,3,1,0,0,1,0,0,2,8,1,1,1,1,0,0,0,0,0,0,1,1,1,0,0,0,0,1,0,5,0,0,1,1,0,0,2,1,2,4,2,0,0,0,7,1,2,0,1,1,0,0,0,0,4,0,1,1,1,0,1,3,0,0,0,4,0,0,1,4,0,1,1,2,3,1,1,0,2,2,0,1,0,1,0,0,0,0,0,0,6,2,0,3,1,3,0,0,2,0,0,2,0,0,0,1,0,0,0,1,1,0,0,0,1,0,0,0,9,0,4,0,0,0,0,1,0,0,7,1,0,1,2,0,0,2,0,0,1,0,0,3,0,0,0,1,0,0,0,2,0,0,1,2,0,6,10,0,0,3,3,0,0,1,1,1,0,0,0,3,2,0,2,0,4,0,1,0,6,5,0,1,9,7,2,0,6,1,2,1,0,0,1,0,2,2,0,0,1,0,1,1,0,6,0,6,0,3,1,1,2,0,1,0,1,2,1,0,0,0,0,1,8,2,0,0,0,2,1,1,0,4,2,3,0,0,5,0,9,0,1,6,6,2,1,1
0,0,1,0,0,0,0,1,0,1,2,3,0,0,0,1,0,1,2,9,5,0,2,0,2,0,0,0,0,0,1,0,2,0,0,1,3,0,0,1,0,0,0,0,0,1,1,3,2,3,1,0,0,0,8,1,0,1,0,0,0,0,2,0,2,0,0,2,1,1,3,4,2,0,0,4,0,0,0,4,0,2,2,2,2,0,0,1,1,3,0,0,1,0,0,0,0,0,0,0,8,0,0,4,3,8,1,3,0,0,0,0,0,0,0,0,0,2,2,0,2,1,0,4,0,0,0,0,8,1,2,2,1,1,0,0,2,1,5,0,0,1,2,2,0,2,2,0,1,0,1,0,0,0,0,2,0,0,0,0,3,1,0,1,0,6,6,0,0,0,0,0,0,1,2,1,0,0,0,1,2,0,3,0,2,0,0,3,6,5,0,0,6,5,0,2,5,0,2,0,1,0,1,1,0,0,0,0,0,0,2,0,0,5,0,5,0,3,1,0,1,0,0,0,1,3,0,2,0,0,0,0,5,2,0,0,1,1,1,0,0,4,2,0,0,1,6,0,6,0,2,6,2,3,1,0
0,0,0,0,0,2,0,1,0,1,2,3,0,0,0,2,1,0,3,0,5,1,1,4,0,2,0,0,0,0,1,0,4,0,0,2,0,0,0,6,0,0,6,4,0,0,2,0,2,2,1,1,0,0,9,0,0,0,3,1,0,0,0,0,1,1,0,1,0,3,2,3,0,3,0,1,0,0,0,0,0,3,0,1,2,2,0,2,0,2,0,0,0,0,0,0,0,0,0,0,6,3,1,1,0,4,0,0,0,0,0,0,0,1,1,1,0,1,2,0,0,1,1,0,0,0,0,0,10,1,5,0,0,0,0,3,0,1,9,1,0,0,0,0,0,1,4,0,2,0,0,3,0,0,0,4,0,2,0,4,0,0,0,1,0,7,7,1,1,0,1,1,0,0,0,0,0,0,1,1,2,0,1,0,1,1,0,1,7,7,0,0,7,7,0,0,7,0,1,0,0,0,1,1,0,1,0,0,0,0,0,0,0,7,0,7,2,1,2,0,0,0,0,0,0,1,0,0,0,0,1,0,3,1,0,0,0,0,1,0,0,1,0,1,0,1,7,0,8,0,0,5,0,1,0,0
