5,0,4,0,0,0,1,0,0,0,0,0,0,3,1,0,1,0,0,0,0,0,0,1,0,0,0,4,0,1,0,1,7,1,6,0,2,0,0,2,1,0,1,0,1,0,0,0,5,24,0,1,10,1,2,0,0,1,0,2,2,9,10,0,1,0,1,2,1,6,1,1,1,0,0,0,1,0,4,0,0,4,0,0,0,0,4,1,3,0,4,0,2,0,0,2,8,0,8,0,1,0,12,4,3,1,0,3,2,1,3,0,1,5,2,0,0,1,3,0,1,0,0,0,9,0,8,0,4,6,1,24,0,2,1,1,1,0,0,5,0,4,0,0,7,0,10,0,0,2,0,2,0,0,0,22,0,3,2,2,2,5,3,0,5,0,1,0,1,1,0,4,1,0,5,0,1,4,3,0,2,0,0,0,1,0,0,7,1,0,0,2,2,3,1,2,8,0,1,0,19,3,0,0,2,0,0,0,10,0,1,0,0,1,0,22,0,1,1,1,1,0,0,0,3,1,4,0,1,6,0,2,4,1,0,2,0,0,1,0,22,7,72,7,0,2,0,1,1,3,5,6,11,4,5,1
0,1,11,0,0,0,0,0,0,0,0,0,1,0,0,1,0,0,0,0,0,0,4,0,0,1,0,3,0,2,0,1,6,1,3,0,0,0,0,2,0,7,0,2,3,1,2,1,0,1,0,3,6,3,2,1,0,1,1,1,1,1,1,1,0,0,0,10,1,5,1,0,3,0,2,0,0,0,5,1,1,5,1,1,0,0,0,0,39,1,2,0,4,0,1,0,1,0,14,0,0,0,6,1,3,0,0,0,1,0,2,0,2,5,2,6,7,1,1,2,6,0,0,0,3,0,4,0,2,2,0,0,2,5,0,3,12,3,0,5,1,6,0,0,4,2,8,8,1,1,19,2,1,0,0,9,0,2,3,1,4,3,0,0,4,1,2,0,4,2,1,0,2,0,1,1,0,9,3,0,1,0,0,0,3,1,0,12,4,0,0,0,2,3,1,2,3,0,0,0,3,0,4,1,1,0,1,6,7,1,3,0,0,5,1,0,0,1,2,0,1,0,0,0,1,3,1,0,8,3,2,0,0,0,0,0,1,1,6,3,12,1,54,3,1,0,0,0,1,0,11,2,7,0,8,5
0,1,7,0,0,2,1,4,3,2,0,0,0,0,3,0,4,1,0,0,4,0,0,5,0,0,5,0,1,2,4,1,9,0,1,0,0,1,0,5,1,0,0,1,0,1,5,1,0,1,4,0,2,3,8,0,0,0,0,1,1,1,0,0,0,0,1,0,1,1,6,0,0,0,2,0,4,1,2,0,0,1,0,0,0,3,3,6,1,0,0,0,1,0,0,0,6,0,0,2,0,0,4,1,1,0,2,0,0,5,0,1,6,3,3,0,4,1,2,3,0,2,0,0,0,0,1,0,1,10,1,1,2,2,3,0,0,5,4,0,4,1,0,1,4,0,2,6,4,0,0,1,1,0,0,0,2,5,1,6,1,5,0,0,0,0,0,0,4,8,3,2,3,1,5,0,1,0,4,0,1,1,0,0,4,1,0,19,1,0,3,4,0,2,0,3,9,5,1,0,0,0,0,0,0,14,0,3,34,0,0,0,2,2,0,1,1,0,3,0,0,3,0,0,1,3,0,0,5,6,8,4,2,0,0,0,0,1,11,9,9,2,53,1,0,4,0,1,0,3,0,2,27,0,0,3
5,1,19,0,0,1,0,0,0,0,0,0,0,1,0,1,0,2,0,0,4,1,5,7,1,0,3,0,3,6,0,1,4,1,1,0,1,0,0,1,0,0,0,0,2,1,0,2,6,1,5,0,0,3,1,3,0,2,0,0,0,3,3,0,1,0,0,0,1,3,0,1,19,0,0,0,2,1,0,1,1,1,0,1,0,2,1,2,2,2,2,1,1,0,1,1,0,0,2,1,1,0,5,3,0,0,1,0,2,0,0,0,1,4,3,8,3,2,0,1,2,2,0,0,1,1,8,0,1,0,1,0,0,1,0,0,0,0,0,0,1,1,0,2,0,7,20,3,0,1,0,0,0,0,0,11,2,4,1,4,8,3,0,2,5,0,0,1,4,1,1,0,32,0,5,0,5,5,1,7,2,1,0,0,8,1,0,12,1,0,1,4,5,0,0,0,8,0,0,0,1,0,0,2,6,0,1,0,5,3,1,0,0,0,0,0,0,0,3,0,1,0,0,2,3,0,2,0,8,1,4,1,1,1,0,0,1,0,18,5,0,6,58,1,0,1,4,39,3,0,12,3,4,1,4,4
0,2,12,1,1,4,3,2,3,1,0,0,0,0,1,0,1,7,0,2,7,1,12,0,1,1,3,4,1,6,1,3,8,0,2,0,1,0,0,0,0,0,0,0,1,3,0,0,0,5,0,0,0,1,6,0,1,3,1,1,0,3,0,0,0,1,1,0,1,0,1,0,5,0,0,0,0,4,0,1,1,3,1,1,4,2,6,4,1,2,2,1,0,6,0,0,6,1,5,2,1,1,7,5,1,0,0,2,0,0,2,0,5,5,0,5,0,4,3,0,0,2,1,0,0,1,5,1,0,1,1,0,2,3,0,1,3,8,4,0,1,0,0,4,13,3,5,4,3,3,17,3,0,1,0,0,1,3,2,1,2,3,3,1,1,0,0,0,1,7,2,2,2,0,11,0,1,0,3,0,1,3,0,1,3,1,0,9,0,0,0,8,1,1,0,3,8,0,2,0,1,1,0,0,1,0,3,0,1,0,0,1,1,2,1,2,0,1,1,0,0,0,0,0,2,1,1,0,2,0,11,5,0,1,0,0,0,1,8,1,14,3,55,1,0,3,3,8,1,0,2,1,15,1,4,4
1,1,13,1,0,2,0,0,0,12,1,0,0,1,8,1,3,0,0,0,0,0,0,2,0,0,2,6,1,4,0,1,4,1,2,0,0,0,0,1,2,0,0,0,1,1,1,1,0,3,2,0,2,1,4,1,0,0,0,1,2,2,3,0,0,1,0,5,1,0,2,0,3,0,0,1,1,0,2,0,0,0,0,3,0,1,0,0,1,0,2,1,2,0,1,0,3,1,8,0,0,0,5,1,1,0,0,0,1,0,2,0,3,4,1,3,0,1,0,0,0,0,0,0,1,0,2,0,1,5,2,1,0,0,0,0,1,0,1,4,0,2,0,0,7,0,0,5,2,14,0,2,1,0,3,7,1,33,1,4,4,2,0,0,0,1,0,0,0,3,0,0,3,1,9,0,0,0,4,0,1,0,0,1,9,2,2,13,0,0,1,1,4,2,0,0,15,0,0,0,5,2,0,1,1,0,2,11,4,0,10,1,0,4,0,0,1,0,2,2,1,0,0,2,5,0,3,0,3,1,1,0,1,0,0,0,1,1,9,1,21,4,54,2,0,0,2,12,0,8,0,9,6,5,1,3
0,3,10,1,0,0,0,5,0,0,0,1,0,0,1,0,3,0,1,0,6,0,9,0,0,0,0,6,0,1,0,1,19,0,3,1,0,0,1,3,2,0,0,0,4,1,1,0,3,4,4,0,0,3,4,0,0,9,2,0,0,5,1,0,3,2,1,1,2,0,1,0,2,0,0,2,0,0,1,0,1,2,0,1,2,0,1,1,1,0,7,5,0,1,0,2,6,2,7,0,0,0,6,2,0,1,1,0,0,1,0,0,10,8,0,5,0,2,0,0,0,4,0,2,0,0,5,0,3,5,3,0,1,5,0,3,0,3,1,0,1,0,2,2,9,1,0,3,1,1,6,3,0,0,0,0,3,4,0,2,1,5,0,3,0,1,2,0,0,4,0,3,0,0,9,0,1,2,0,0,1,3,0,0,5,1,1,10,0,0,0,3,1,0,0,0,3,0,1,0,1,1,0,1,2,0,1,0,4,4,1,0,0,0,0,6,0,1,0,3,0,1,0,0,0,2,1,1,11,3,7,4,0,0,0,1,0,1,6,1,27,0,54,1,0,5,6,1,0,2,0,3,10,0,2,4
4,0,1,0,0,0,0,6,0,0,0,0,0,2,1,0,2,1,1,0,2,1,0,0,0,0,0,1,0,2,3,1,10,0,3,0,2,0,0,4,1,1,0,1,0,3,0,1,0,1,2,0,1,3,8,1,0,3,0,0,2,2,3,0,0,0,2,4,2,3,1,1,0,0,0,0,1,0,2,1,0,1,1,0,0,0,1,2,21,0,0,1,0,0,3,0,0,0,3,0,0,0,5,2,1,0,3,0,0,0,5,0,2,7,1,3,2,3,0,0,0,3,0,0,0,0,2,0,0,2,1,1,1,3,0,1,2,2,0,2,0,22,0,3,1,0,20,6,1,4,1,3,0,0,1,10,2,7,2,5,0,6,1,1,5,0,0,0,1,1,1,3,1,0,6,0,0,5,0,3,1,2,0,0,5,3,0,16,0,1,0,2,2,1,0,0,5,5,1,0,16,23,0,0,0,2,0,0,11,1,1,0,3,0,2,13,2,1,1,2,0,5,1,1,1,1,0,0,6,2,5,2,8,1,0,0,0,0,10,3,17,3,48,2,0,11,0,0,0,0,5,1,15,4,1,3
2,0,7,0,0,0,0,6,3,0,0,0,0,1,0,0,1,0,0,0,3,0,1,2,0,0,0,2,0,5,1,1,7,0,3,0,4,0,0,2,0,0,0,1,1,2,1,0,1,9,1,0,3,1,5,2,0,4,0,0,0,5,2,1,4,1,0,0,1,1,1,6,5,0,1,0,0,0,1,1,0,1,0,0,1,0,1,1,1,1,0,0,0,0,2,0,0,1,8,0,0,2,2,1,9,0,5,1,1,0,1,0,3,6,0,5,2,3,0,2,1,1,0,0,1,0,12,0,1,1,0,0,1,3,1,0,0,2,3,0,0,6,0,1,0,2,4,4,0,3,1,2,0,1,0,7,0,5,4,4,3,2,0,2,3,0,1,0,1,1,2,0,27,0,4,1,2,6,1,7,1,1,0,0,7,2,0,8,0,3,1,5,3,2,4,0,7,0,7,1,0,2,0,0,2,2,0,0,6,0,0,0,0,2,0,1,1,0,2,0,0,0,0,2,4,3,2,0,4,3,3,6,3,1,4,1,0,0,10,3,4,1,48,1,0,0,1,31,1,0,2,2,8,3,3,6
2,0,9,1,0,2,0,4,1,1,0,1,0,0,3,0,1,0,0,0,1,1,2,0,0,1,0,2,0,3,0,1,6,0,6,0,1,0,0,3,1,0,0,1,0,4,0,1,0,1,1,2,0,1,2,0,1,3,1,0,0,0,2,0,0,0,0,17,1,1,1,0,3,0,0,2,2,0,3,0,1,3,0,6,2,0,1,2,1,0,5,0,1,2,0,0,3,1,4,0,0,0,4,2,1,0,2,0,0,0,0,0,1,5,0,1,2,1,0,0,0,0,0,1,0,0,2,1,1,1,1,2,0,2,0,0,0,1,2,2,0,1,2,0,3,1,2,2,0,5,0,0,0,0,0,4,10,4,1,4,4,4,0,0,0,0,4,0,1,2,0,0,0,1,6,1,1,1,1,6,1,0,0,0,4,2,0,28,0,1,2,3,3,0,0,5,9,0,0,0,8,1,0,0,12,0,2,1,8,4,0,0,1,0,0,18,0,0,2,0,0,0,0,5,0,2,2,15,3,4,4,2,0,0,0,1,0,0,5,2,9,5,58,3,0,0,1,2,4,0,0,2,27,9,3,4
1,0,13,2,1,0,0,8,0,0,2,5,0,0,9,2,2,1,1,0,1,2,0,0,0,0,0,2,1,2,2,4,12,0,3,0,3,2,0,3,3,2,0,2,1,2,3,1,0,1,1,0,0,1,4,0,0,0,1,0,0,4,4,0,0,1,0,0,1,0,0,2,0,0,1,1,0,0,3,0,0,0,0,2,0,0,0,0,1,1,0,0,1,0,0,2,11,0,7,0,0,0,4,4,9,1,2,1,2,0,1,0,3,6,0,2,2,1,1,0,0,3,0,0,15,2,0,0,1,0,5,1,2,8,0,2,5,5,3,2,1,0,1,6,20,0,2,5,1,3,0,1,0,1,0,6,5,6,0,3,2,5,1,0,0,0,3,0,3,0,0,3,3,0,5,1,0,0,0,0,2,2,0,0,5,1,1,10,0,0,0,3,0,1,1,0,17,0,0,0,0,3,0,0,0,2,0,0,1,1,0,0,0,1,0,1,0,0,3,1,2,0,0,1,0,0,0,0,3,1,6,1,2,0,1,1,0,0,13,1,4,1,53,3,0,0,2,1,0,0,3,5,11,6,0,7
1,0,17,1,0,0,0,4,4,0,0,2,0,0,5,4,1,0,0,0,0,4,0,0,0,0,0,4,1,5,1,1,6,0,2,1,0,0,4,7,0,2,2,2,1,3,1,0,2,2,3,0,0,2,4,0,1,0,0,1,1,6,6,0,1,0,0,2,2,0,6,4,0,0,1,3,0,0,0,0,1,0,1,0,0,0,0,1,1,2,0,1,1,2,0,0,7,8,2,0,1,0,6,2,1,0,1,0,0,3,2,0,2,6,2,3,1,1,1,1,0,0,1,0,0,0,3,1,4,0,1,1,0,4,1,3,8,5,3,0,0,0,3,4,8,0,5,3,0,0,0,1,1,0,0,5,3,5,2,4,5,2,0,2,0,2,13,0,0,3,0,1,5,2,2,0,0,0,1,9,1,0,0,0,6,0,1,23,0,0,1,7,0,0,1,1,6,0,2,0,4,0,0,0,3,1,0,0,2,1,0,0,1,1,1,1,3,0,2,0,0,0,1,1,2,5,0,4,3,2,8,1,1,2,4,0,1,1,7,3,11,5,54,2,0,5,1,5,1,0,0,1,4,1,0,4
1,0,1,0,0,2,1,0,5,0,0,0,0,0,0,0,1,3,0,0,0,1,0,1,0,1,0,4,2,0,2,4,0,0,0,2,1,1,3,0,3,5,0,0,1,0,2,1,0,0,0,1,0,2,1,0,0,1,2,0,0,0,0,0,0,3,0,1,0,1,0,0,0,4,1,0,0,1,0,0,1,1,3,1,3,2,22,6,2,0,0,0,1,0,0,0,2,0,0,1,0,0,2,4,2,1,2,0,1,0,0,2,3,1,0,0,0,2,0,0,0,0,0,0,0,3,0,6,1,2,2,2,0,0,1,0,0,4,0,0,0,0,0,6,1,2,0,0,1,7,0,0,3,2,0,2,0,0,0,2,0,1,23,2,3,2,0,3,0,0,3,1,0,0,6,1,0,1,3,0,1,0,5,1,0,0,0,0,0,1,0,1,2,0,2,3,0,4,10,1,0,3,2,8,25,7,0,0,3,0,0,21,1,0,1,0,2,1,4,0,0,3,0,24,1,0,0,0,1,5,1,8,0,0,0,1,3,0,0,0,0,9,40,0,2,6,1,0,2,1,0,28,2,4,12,6
1,1,0,1,0,0,3,0,14,0,0,0,0,0,0,4,0,3,0,0,1,4,0,0,0,0,5,2,0,2,1,4,1,2,3,5,0,5,0,0,0,19,0,0,0,2,9,1,55,0,0,6,2,0,0,0,0,5,3,0,0,0,1,0,0,0,1,14,5,1,0,0,0,3,0,0,0,0,0,0,0,0,0,0,3,3,1,0,2,0,0,0,1,0,0,0,2,4,0,1,0,0,4,1,0,12,1,0,1,1,0,0,0,0,0,2,0,2,0,0,0,0,0,1,1,0,1,1,1,0,2,1,0,0,0,0,0,1,0,0,0,0,0,2,0,0,0,7,0,2,0,0,1,1,1,0,0,1,1,0,3,1,27,0,2,6,0,0,0,0,1,7,1,0,0,0,0,0,0,0,0,0,13,0,0,0,2,2,1,5,1,0,1,0,0,1,0,2,17,0,0,1,5,0,14,3,1,3,0,3,0,7,1,0,0,0,2,0,1,0,2,1,2,8,4,2,1,0,2,2,0,9,0,1,0,3,1,0,5,1,5,1,1,1,2,1,0,0,11,8,0,2,0,1,20,2
1,3,2,0,0,0,1,2,0,6,0,0,0,0,2,0,0,0,0,0,4,0,2,3,0,2,0,1,0,2,0,1,14,0,6,0,4,0,0,3,3,1,1,1,1,0,2,1,0,21,0,1,1,2,10,0,0,0,0,0,0,2,5,5,0,1,1,9,1,6,1,1,0,0,6,2,0,0,1,0,0,1,0,4,1,0,1,0,9,1,1,0,0,1,0,1,1,0,9,0,0,0,6,2,0,0,0,0,0,0,3,2,2,6,0,12,3,3,0,1,0,0,0,1,3,1,21,1,0,1,1,0,0,0,1,0,1,1,1,0,0,4,3,3,0,0,6,6,3,0,0,1,0,0,0,7,3,4,0,2,3,6,0,0,0,1,2,3,0,4,6,0,2,0,3,0,0,6,0,0,2,1,0,0,3,0,0,27,1,1,0,1,2,2,1,0,5,0,2,1,0,1,0,2,1,0,0,0,13,1,1,1,1,1,0,4,0,0,6,2,2,0,0,0,0,5,2,0,5,1,3,3,0,0,4,15,1,0,7,6,2,3,48,8,2,0,4,3,0,4,0,1,8,5,1,8
5,1,11,0,0,1,1,0,0,0,0,0,1,0,2,0,3,1,0,0,2,0,1,0,0,0,0,5,1,3,0,1,16,0,2,0,0,0,0,1,0,2,0,0,1,0,0,1,2,1,1,2,1,2,3,1,0,5,0,0,0,11,3,0,0,0,0,0,1,3,1,0,1,0,0,1,1,0,0,0,0,2,0,1,3,2,2,1,2,0,1,0,0,0,0,0,0,0,10,0,0,0,4,1,0,1,0,1,2,1,0,0,2,4,0,1,0,2,1,0,3,0,0,1,1,0,8,0,1,0,1,1,2,10,1,1,3,1,1,5,0,0,1,4,0,2,19,4,0,0,0,1,0,0,0,4,1,1,2,3,0,3,0,1,5,2,0,1,1,0,0,1,1,0,8,0,1,19,3,1,1,0,0,1,7,0,0,23,0,0,0,1,3,0,1,0,2,0,0,0,4,0,0,0,0,1,0,0,3,0,0,0,0,1,0,0,0,0,1,0,0,0,0,0,4,2,0,5,7,5,0,2,1,0,1,0,0,0,10,1,27,1,50,1,0,3,4,1,2,0,3,2,10,4,0,2
0,1,0,5,1,0,1,0,5,1,0,6,0,0,0,0,2,13,1,0,0,3,0,3,0,0,0,4,1,1,1,0,0,1,0,4,0,1,1,0,0,1,0,0,0,3,1,0,2,0,0,0,1,0,0,0,1,0,2,0,4,0,4,0,0,1,0,0,11,0,0,0,0,3,1,0,2,0,1,0,0,2,2,2,2,0,0,6,3,0,1,0,3,2,33,0,0,0,0,0,0,1,6,1,0,5,3,0,0,6,0,0,0,0,1,0,0,0,0,0,0,0,4,0,0,0,0,0,1,10,4,1,0,0,1,0,0,1,0,0,0,1,0,0,0,0,0,3,0,23,0,0,19,5,0,1,2,2,0,0,0,0,10,0,1,2,0,0,0,0,2,0,0,0,0,0,0,2,0,0,1,0,3,0,4,0,0,0,0,1,0,0,0,0,0,7,0,3,12,0,0,0,1,0,27,0,1,1,0,0,0,0,1,0,1,0,2,0,0,0,28,2,0,21,0,1,0,0,1,9,0,10,0,2,0,1,2,0,8,3,3,19,0,1,1,0,1,0,0,5,0,2,10,1,22,2
2,1,2,0,0,0,0,0,1,1,0,0,0,0,0,0,1,0,0,3,2,1,1,0,0,0,1,1,0,1,0,1,6,0,2,0,0,0,0,0,2,3,0,0,0,0,0,0,0,2,1,0,0,1,5,0,0,2,0,0,0,0,0,0,0,1,0,14,1,1,0,0,3,0,0,0,0,0,1,0,1,2,0,5,1,6,1,0,3,0,0,0,0,0,0,1,0,1,1,0,0,0,4,3,0,0,1,0,1,0,20,2,2,2,0,3,2,1,0,1,0,0,0,0,3,0,2,0,1,1,2,12,0,1,0,3,1,0,0,2,0,2,0,0,0,4,16,3,0,0,0,0,0,0,0,6,0,1,0,1,1,5,0,0,1,0,3,4,0,0,0,0,2,0,3,0,1,5,0,0,2,0,0,0,3,2,0,5,0,0,0,0,4,2,0,1,4,0,1,0,1,42,3,0,5,0,0,0,12,0,0,1,0,0,0,34,0,0,1,2,8,0,0,3,2,2,2,0,3,0,1,1,0,0,7,14,1,0,2,3,17,2,57,4,0,1,4,5,0,0,0,1,2,3,1,3
0,0,14,0,0,0,0,0,0,2,0,1,0,0,1,0,3,4,1,1,0,0,0,3,0,0,0,2,0,2,0,1,1,0,3,0,1,1,0,3,0,2,0,1,0,0,3,3,0,1,0,0,1,2,0,0,0,0,0,1,1,3,1,0,0,2,0,1,3,1,0,1,0,0,0,4,0,0,0,1,0,1,1,0,0,0,0,1,1,0,4,0,0,0,0,1,4,0,1,0,4,0,2,2,0,0,0,0,1,0,3,0,3,3,1,2,0,1,0,0,0,0,0,0,1,0,0,1,1,13,1,0,0,2,2,0,4,0,0,5,0,4,0,2,0,1,10,3,3,0,0,1,5,0,0,10,0,3,0,1,1,5,0,0,0,9,1,0,0,0,1,2,0,0,2,0,1,0,0,0,1,0,0,0,4,0,0,2,0,2,0,0,1,0,1,8,4,0,0,0,2,53,0,0,2,1,2,10,22,2,4,3,0,2,0,1,0,4,7,0,0,0,1,0,3,2,3,0,17,4,2,1,1,1,1,1,6,4,4,1,3,2,58,1,0,9,3,2,0,0,1,4,4,1,3,0
4,0,0,0,0,2,0,0,0,0,0,1,0,1,0,0,1,0,0,0,0,0,7,3,0,0,0,2,1,0,0,2,4,1,2,0,1,0,0,1,1,0,0,0,1,0,0,0,2,1,1,0,0,1,3,0,0,0,0,0,0,5,4,0,0,1,0,0,1,5,1,0,5,0,4,0,1,0,0,0,1,1,0,0,1,0,0,0,1,0,2,1,1,0,1,0,2,1,8,0,3,0,4,2,0,0,0,0,0,0,0,0,1,2,0,7,3,1,0,0,2,3,0,1,1,0,5,0,0,1,1,0,1,0,0,0,2,1,3,2,0,0,0,0,0,1,18,6,0,6,3,0,2,0,0,5,5,2,0,3,31,8,2,1,5,0,2,5,2,5,1,0,22,0,2,0,1,7,4,1,2,0,0,0,5,3,0,5,0,0,0,1,3,1,0,0,9,0,0,0,0,2,1,0,4,0,0,0,23,6,0,1,0,2,0,1,0,0,6,1,0,0,1,3,1,1,0,0,2,1,1,1,1,0,6,5,8,0,6,2,2,1,58,2,0,2,3,31,2,0,1,5,3,3,2,4
0,0,4,0,0,0,0,1,0,0,0,0,0,1,1,0,2,0,0,0,0,0,0,2,0,0,0,2,2,3,0,1,10,0,2,1,0,1,1,2,0,7,1,0,0,0,0,0,0,2,0,0,0,1,4,0,0,4,0,0,0,0,0,0,0,0,1,0,1,5,0,0,0,0,3,0,1,1,2,0,0,2,0,0,0,0,0,0,16,0,0,0,0,0,0,0,1,0,14,0,0,0,5,5,0,0,0,2,1,1,7,0,8,5,1,4,1,1,1,0,0,1,0,0,2,0,1,0,1,2,3,0,3,0,0,1,1,5,1,4,2,6,1,0,5,3,17,4,0,1,0,0,0,0,0,5,0,5,0,5,8,6,2,0,2,1,1,0,1,0,0,0,7,1,2,1,4,46,0,0,1,1,3,0,4,2,0,14,0,15,1,0,3,3,0,0,1,0,0,0,10,0,0,0,2,0,1,0,5,0,0,0,0,0,0,0,2,0,1,0,0,0,0,0,1,2,0,0,2,1,1,3,0,2,3,0,2,1,6,0,11,2,47,1,0,0,2,4,1,0,0,2,8,0,0,4
5,0,17,0,1,3,0,3,1,0,0,1,0,0,2,0,3,0,1,1,1,0,1,0,0,1,1,0,2,5,0,1,2,0,2,0,0,1,1,1,16,0,0,2,3,2,1,0,0,1,0,0,0,1,3,0,0,1,0,1,0,3,1,1,0,34,0,1,3,3,0,0,1,2,0,0,2,0,0,0,1,7,0,0,1,1,3,0,3,0,2,0,2,1,0,0,0,0,9,0,1,1,6,1,2,0,1,1,4,2,6,0,2,6,0,3,2,2,0,2,0,1,0,0,1,1,6,0,0,3,2,0,0,2,0,0,0,0,1,4,0,7,1,0,0,0,26,5,0,2,0,0,0,1,0,10,1,3,1,3,1,2,6,1,0,0,0,1,3,3,0,0,8,0,4,0,0,6,0,0,1,3,0,0,3,0,2,0,0,0,2,2,7,9,0,0,1,0,0,0,0,0,0,0,3,0,0,0,13,1,3,0,0,0,1,0,1,2,1,1,0,0,0,0,4,0,0,0,2,1,0,1,0,1,2,0,0,1,4,2,0,0,46,2,0,1,1,2,1,11,1,1,2,13,1,5
0,0,2,0,0,0,0,0,1,1,0,0,0,0,1,0,4,0,0,0,0,0,0,1,0,0,0,1,0,0,0,1,2,0,5,0,0,0,0,3,2,0,0,0,3,0,2,1,5,6,0,6,1,2,5,1,0,46,0,1,0,1,0,0,0,0,0,1,2,0,1,1,0,0,1,2,0,0,0,0,0,1,0,1,1,0,0,0,1,0,1,1,0,0,0,0,2,0,6,2,0,0,4,1,10,3,0,1,0,0,2,0,4,3,1,3,1,4,0,3,0,1,0,0,1,1,11,0,0,9,1,2,0,1,0,1,7,2,2,1,1,0,0,2,1,1,16,6,0,2,7,2,0,0,0,6,7,2,0,1,0,2,1,0,0,2,1,0,0,0,2,0,0,0,5,0,0,0,0,0,1,0,0,1,3,0,3,6,0,0,1,0,3,2,0,0,1,0,0,0,1,0,0,1,1,0,0,1,21,1,1,0,0,1,0,19,9,0,8,1,7,0,1,0,1,3,3,0,8,0,1,0,2,0,0,7,0,1,2,3,5,7,50,1,0,1,4,0,1,1,4,3,3,3,0,5
1,0,5,0,0,0,0,0,1,0,0,0,0,0,0,0,1,0,0,0,0,0,0,9,0,1,0,1,0,0,0,1,2,0,10,0,0,0,2,0,0,0,2,0,0,4,6,4,0,1,0,13,1,1,3,0,0,9,0,0,0,3,0,0,0,1,0,0,1,0,0,0,0,0,3,1,0,0,1,0,0,3,0,0,0,0,0,2,2,0,2,1,2,0,0,3,7,1,1,0,1,1,2,1,0,0,0,4,2,7,2,0,6,3,3,8,1,2,0,0,0,3,0,0,0,0,0,0,0,5,0,2,0,1,0,0,6,4,2,4,0,1,0,2,0,4,3,4,0,0,2,1,1,1,0,5,0,3,0,0,0,2,3,0,1,1,0,0,0,0,0,0,0,2,4,1,0,20,1,2,1,1,0,0,3,0,0,8,0,1,2,0,0,3,0,7,9,0,0,0,4,0,1,0,0,0,1,6,40,5,0,1,0,0,0,0,0,0,1,1,0,0,0,0,2,3,0,1,13,3,0,0,0,0,4,2,2,0,2,6,5,5,41,10,0,1,2,1,2,1,7,8,4,0,0,6
0,0,1,0,0,1,0,2,0,1,0,0,0,0,2,0,3,0,1,0,1,0,0,0,0,3,0,1,0,5,0,2,6,0,3,0,3,0,0,2,0,0,0,0,0,1,2,2,0,1,1,0,3,1,2,0,0,1,0,1,0,0,2,0,0,0,0,0,1,0,2,1,0,0,0,1,0,0,0,0,0,1,0,0,0,0,0,3,1,0,0,0,3,1,0,1,1,0,2,0,5,0,3,3,0,0,1,0,0,1,1,0,3,4,1,4,1,1,0,0,0,0,1,1,3,0,3,0,2,5,1,1,0,1,0,3,3,1,3,0,0,0,2,0,0,0,10,3,1,3,0,0,0,0,0,7,3,5,1,3,4,4,1,0,2,0,1,18,0,2,2,0,22,0,2,0,0,0,0,3,1,1,0,1,8,2,0,8,0,0,0,2,0,0,1,1,13,0,0,0,3,0,0,0,1,0,1,0,38,3,2,0,0,0,0,2,4,2,4,2,3,0,2,7,3,2,0,1,6,0,1,3,1,0,0,0,2,1,4,4,0,2,50,2,0,1,0,28,9,0,0,5,13,0,0,3
4,0,3,1,0,3,1,0,0,1,0,0,0,1,0,0,0,0,0,1,6,0,4,2,0,1,0,5,2,0,0,3,6,0,4,0,0,0,1,0,0,0,0,1,2,0,2,4,9,2,1,0,0,1,4,0,0,10,0,0,1,5,0,0,0,1,1,2,1,2,3,1,0,0,0,2,0,0,3,1,0,1,0,2,0,1,0,0,4,0,1,0,0,0,1,0,0,1,2,0,0,0,2,1,3,2,0,2,0,0,4,2,4,4,0,1,0,2,0,0,0,0,0,0,0,0,4,0,1,1,2,0,0,0,0,1,1,3,3,1,1,3,1,2,0,1,10,3,0,8,0,0,0,0,0,6,0,3,0,4,0,2,0,2,5,0,0,0,0,3,0,3,3,0,4,0,1,23,0,1,1,0,2,0,3,0,0,19,0,0,0,0,1,0,0,0,3,0,1,0,14,0,0,0,4,0,1,2,4,0,2,1,0,0,0,0,1,0,1,2,6,1,0,3,3,4,0,0,1,1,0,8,0,1,1,0,1,1,3,0,15,1,42,1,0,2,2,21,0,0,4,2,5,5,2,4
2,0,2,0,0,2,0,3,4,1,0,0,0,0,3,0,3,0,0,0,1,1,0,1,0,0,0,2,0,0,0,1,16,0,3,0,4,0,0,0,0,0,4,1,2,0,1,1,0,2,0,0,0,2,7,0,0,0,0,0,0,0,5,1,0,0,0,0,1,4,0,2,0,1,2,4,0,0,0,0,0,1,0,0,0,8,1,2,12,0,3,4,0,0,0,0,0,0,2,0,1,0,2,3,0,0,2,2,2,0,1,0,5,4,0,1,2,2,0,1,0,1,0,0,0,0,1,0,0,5,3,0,0,1,1,0,1,0,5,0,1,2,0,0,2,4,21,5,1,0,0,1,0,4,0,11,0,4,1,3,6,5,0,0,3,1,0,4,1,0,1,0,3,2,5,0,1,16,6,0,1,1,0,0,9,3,0,31,0,0,0,4,0,3,0,1,7,0,0,0,0,5,0,0,0,0,0,0,21,0,1,2,0,6,0,0,0,0,3,1,0,0,1,1,3,2,0,0,0,8,2,2,1,0,1,0,2,0,6,1,14,3,56,3,0,0,1,3,4,0,0,2,16,3,1,3
2,3,6,0,0,3,1,0,8,2,0,0,0,0,0,0,7,0,0,0,0,4,0,0,0,2,0,0,0,1,0,1,0,3,1,3,0,5,0,3,1,0,2,0,0,0,4,1,0,0,1,1,0,0,0,1,0,0,1,4,0,0,0,1,0,0,3,8,0,0,0,0,0,18,1,0,13,14,1,1,11,0,0,0,2,0,12,3,1,1,0,0,1,1,22,0,1,0,1,0,0,1,0,3,0,0,5,0,0,2,1,1,4,0,0,0,0,4,0,0,1,0,3,0,0,1,1,2,1,4,1,3,0,0,0,0,0,1,2,0,0,2,0,0,1,0,0,0,1,2,0,1,5,0,0,3,1,3,0,1,0,1,21,0,6,6,7,1,0,0,1,1,0,2,0,1,0,0,5,0,0,0,9,0,1,0,0,2,0,1,0,2,0,0,0,0,1,2,7,1,1,2,2,0,27,2,0,1,0,0,1,12,1,0,1,0,4,0,0,1,1,2,0,10,0,0,2,0,5,7,0,5,0,0,0,1,2,1,2,14,0,2,0,1,1,1,1,1,2,1,2,0,0,0,9,2
3,0,7,0,0,0,2,1,1,0,1,0,0,0,2,0,1,0,0,0,1,3,0,0,0,0,0,1,0,2,0,1,12,0,3,0,0,0,2,1,8,2,0,1,0,0,0,0,0,6,2,0,1,3,1,0,0,1,2,0,0,12,1,2,1,0,0,0,1,4,0,2,0,0,3,0,0,1,1,0,0,1,0,1,0,0,0,0,1,0,2,0,0,0,0,0,1,1,5,0,0,0,4,1,18,0,0,1,1,0,2,0,4,5,0,4,1,1,4,1,0,2,0,0,0,0,13,0,1,3,3,0,1,1,0,2,2,0,0,1,0,0,0,2,2,0,0,3,4,0,0,2,0,0,0,11,0,3,3,2,2,2,0,1,7,0,1,0,0,4,4,0,19,0,4,0,1,5,1,0,1,0,0,1,5,3,0,12,0,0,0,0,0,3,0,0,4,0,0,0,6,0,0,0,0,1,1,0,4,0,0,0,0,1,0,0,0,0,0,1,0,0,0,2,2,4,0,0,2,2,3,3,0,1,1,0,2,1,5,1,9,3,44,1,0,1,3,26,1,0,3,4,7,2,1,1
3,0,5,1,1,1,4,0,1,0,0,0,0,5,1,0,10,0,0,0,0,0,0,1,0,5,0,6,0,2,0,1,10,0,3,0,0,0,0,1,0,0,0,0,1,1,0,1,0,1,1,0,0,1,4,0,0,0,0,0,0,2,3,0,0,0,0,1,1,3,2,0,6,2,1,8,2,0,2,0,0,2,1,1,2,2,0,0,3,0,1,2,0,1,2,0,1,0,1,0,0,0,2,4,1,1,0,1,0,0,1,0,1,2,1,7,0,2,0,0,0,0,1,8,2,1,0,1,0,3,0,0,1,2,1,0,2,0,2,7,1,7,0,6,2,0,1,6,1,2,1,1,0,2,4,14,0,0,0,1,1,1,0,0,4,1,1,1,0,0,1,0,13,0,1,0,3,16,1,0,2,0,4,0,2,1,4,28,0,0,7,0,4,0,0,0,1,0,0,0,14,1,0,1,2,1,2,3,3,0,1,1,2,0,8,0,1,0,0,0,0,0,0,3,2,2,0,0,5,1,0,0,2,0,22,13,0,0,1,1,7,5,19,2,0,0,5,31,2,4,10,3,3,3,1,2
0,3,2,1,0,1,1,0,0,0,0,1,0,0,1,0,1,2,1,0,3,0,6,2,0,1,3,3,2,1,0,1,7,0,6,0,0,0,0,2,0,7,0,2,4,0,1,3,21,1,2,0,0,1,2,1,0,12,2,1,0,8,6,2,0,0,0,1,1,1,2,0,11,0,1,0,0,0,1,0,0,4,0,1,1,1,0,2,1,0,0,0,1,2,0,0,1,0,0,0,1,0,3,2,4,0,0,0,1,0,1,0,7,1,0,5,1,3,0,0,0,1,0,0,1,0,8,0,0,0,0,0,0,3,2,1,0,2,3,0,0,0,2,5,0,1,2,4,0,1,0,0,1,0,0,6,4,0,1,4,4,3,1,0,0,0,0,1,1,1,1,1,17,0,6,0,0,0,0,0,3,1,1,1,8,0,0,11,0,1,0,0,0,1,0,3,2,0,1,1,5,0,1,0,2,2,3,0,20,0,0,1,1,1,0,0,0,0,0,1,0,0,1,3,3,3,2,1,0,1,3,1,0,0,2,0,1,1,2,6,20,2,48,3,0,0,7,27,1,0,1,1,7,1,0,1
1,3,0,0,0,0,2,5,9,2,0,0,2,1,0,0,1,0,1,0,2,6,0,0,0,0,5,0,2,1,3,1,2,1,0,2,1,6,0,3,2,0,4,0,4,0,4,0,0,0,0,0,0,2,7,1,2,1,0,3,0,0,1,2,0,25,0,0,2,3,0,0,0,9,1,1,6,1,1,0,0,0,0,1,2,0,6,5,2,0,1,0,1,0,0,0,0,1,2,1,2,6,1,3,0,0,3,0,4,0,2,2,6,1,1,1,1,4,0,1,1,1,2,0,3,2,2,2,2,9,0,2,0,1,2,0,0,0,1,1,1,0,0,0,0,2,14,2,1,3,0,1,0,1,0,0,1,1,0,3,2,3,21,7,4,6,0,2,1,0,1,1,0,1,2,0,0,1,3,2,1,8,4,0,2,0,2,2,0,1,0,1,0,0,0,1,3,1,14,2,0,5,1,1,11,2,0,1,2,0,0,1,3,0,1,1,4,0,0,1,0,1,2,2,0,0,0,1,2,4,1,4,1,0,1,0,2,0,3,0,0,5,20,2,1,1,0,0,1,0,1,0,5,2,3,1
1,1,8,0,0,0,1,0,0,0,0,0,0,0,1,0,0,0,1,0,4,0,0,6,0,0,0,3,1,4,0,1,10,0,4,0,0,0,1,0,0,0,0,7,2,0,3,1,0,48,5,1,2,1,2,1,1,0,0,1,1,1,2,7,1,5,0,2,1,2,0,2,10,0,1,2,0,0,0,0,0,0,2,0,1,0,1,0,3,2,0,1,1,1,0,0,4,0,5,1,0,1,3,2,2,0,0,3,0,1,2,0,4,2,0,6,3,1,1,1,1,1,0,0,0,0,5,0,2,2,0,1,0,1,0,0,1,0,0,0,0,1,1,1,3,1,3,1,1,1,1,0,0,0,1,3,0,0,0,3,0,3,0,0,4,0,3,2,0,0,0,0,0,1,2,0,2,1,0,2,1,0,0,0,3,0,1,4,0,8,2,0,2,0,0,1,6,0,0,1,0,0,0,1,3,1,0,4,30,1,4,1,0,0,2,0,0,0,4,0,0,1,0,3,2,4,0,0,12,1,0,2,0,0,0,0,1,0,3,0,7,2,42,3,0,2,0,1,2,0,8,4,6,3,3,4
0,0,5,0,0,0,2,0,0,0,0,0,0,0,2,0,1,0,1,0,2,0,0,0,0,3,0,1,0,1,0,1,10,0,2,0,0,0,0,3,3,1,0,2,2,0,1,0,0,1,0,0,0,1,3,1,0,3,0,0,0,0,2,0,0,0,0,3,3,1,1,1,1,0,1,0,3,0,4,0,0,1,0,1,0,0,0,11,27,0,2,0,1,1,0,0,0,0,19,1,0,1,7,4,0,0,1,1,0,0,1,4,1,7,1,7,7,2,0,0,0,1,1,0,2,0,2,1,4,2,3,1,3,1,0,1,0,1,1,4,1,4,1,0,0,4,29,4,0,1,2,2,0,0,0,5,0,6,4,4,4,7,0,1,4,0,1,1,6,1,0,0,0,1,2,1,2,0,2,0,5,0,0,1,3,0,0,7,0,0,0,0,2,0,0,0,4,0,1,1,22,1,0,0,0,0,1,3,5,1,0,1,1,0,2,0,0,3,0,0,1,1,1,1,0,2,0,8,0,1,2,4,1,0,0,3,2,0,4,1,0,4,51,5,0,4,1,3,3,0,2,3,6,4,2,4
2,1,0,0,0,0,1,0,4,0,1,4,1,1,0,0,0,0,0,0,2,1,0,0,2,1,0,1,0,1,0,2,3,3,7,2,0,0,0,1,3,25,0,0,2,4,8,0,4,3,0,5,0,1,2,1,0,1,5,1,1,0,1,0,0,0,1,0,6,5,0,0,0,2,0,0,1,0,0,1,0,1,4,0,2,0,7,3,2,0,2,0,1,1,0,1,1,0,0,0,0,0,1,1,5,1,1,0,3,2,1,10,1,1,0,0,0,1,0,0,0,0,0,0,0,0,0,1,2,2,1,1,0,0,1,0,0,2,0,1,1,2,0,0,0,3,0,10,0,3,0,0,1,6,0,10,0,2,0,2,1,1,13,1,3,2,0,0,0,0,4,3,0,3,3,0,1,0,2,0,0,0,3,0,0,0,0,0,0,1,1,1,2,0,1,1,4,0,14,1,0,7,2,0,13,0,0,0,8,1,0,9,2,0,0,1,2,0,0,0,22,2,0,18,0,3,0,0,3,1,0,7,0,0,0,3,0,0,1,1,2,4,43,0,2,3,1,0,1,1,0,0,0,0,6,1
0,0,3,1,0,1,1,0,0,0,0,2,1,1,0,0,3,0,2,2,0,1,0,3,0,1,0,5,0,4,0,0,2,0,2,0,0,2,0,0,0,4,1,0,0,1,1,0,2,4,0,4,0,0,5,0,0,3,0,3,1,1,4,6,0,0,0,1,3,0,0,0,1,1,0,1,3,1,0,0,0,0,0,0,2,0,1,1,1,2,1,0,1,2,1,0,14,1,3,0,2,0,2,3,1,0,0,0,0,0,0,1,3,3,1,1,1,1,0,0,0,0,1,0,0,1,1,0,1,4,4,3,3,1,0,0,7,1,1,0,0,0,0,3,2,0,9,7,0,19,0,0,2,5,0,7,0,0,0,0,1,4,7,1,2,3,0,5,0,0,0,0,1,4,3,2,0,1,0,2,1,0,0,1,0,0,0,2,0,0,0,2,3,0,0,7,6,0,5,0,3,0,0,1,7,1,1,0,12,2,5,5,1,0,0,8,1,0,2,1,4,0,0,7,2,0,0,0,3,3,0,2,0,0,0,2,0,0,5,7,4,5,56,3,0,0,4,11,2,2,1,1,1,2,1,4
3,0,2,1,0,1,0,0,0,0,0,1,0,1,1,0,1,0,0,1,0,0,2,0,0,1,1,3,1,1,0,3,5,0,3,0,0,1,0,1,1,0,0,0,2,0,4,0,0,18,1,0,0,2,8,0,0,5,0,0,0,2,1,1,0,1,3,1,1,1,1,1,1,0,9,0,0,0,7,0,1,1,0,0,1,1,0,1,1,0,1,0,0,0,1,0,2,1,8,1,0,0,6,1,10,1,0,1,0,0,12,0,6,2,1,1,6,1,0,2,2,6,0,4,2,1,27,0,0,3,1,1,1,2,1,0,6,3,3,1,0,0,0,1,0,2,5,5,0,5,0,0,0,1,0,5,2,1,0,1,0,7,1,0,4,1,1,5,1,0,0,2,7,0,4,0,2,6,0,0,2,0,1,0,10,0,0,7,0,0,0,0,5,4,0,3,9,0,0,0,0,0,1,0,0,1,0,0,19,0,0,1,0,0,0,1,0,0,1,1,1,0,1,1,3,0,2,0,8,1,1,2,0,2,2,3,0,1,1,2,18,0,56,4,0,2,6,4,1,2,1,10,5,1,0,5
2,3,3,2,7,2,0,0,8,1,4,0,1,2,0,0,1,2,1,0,1,3,4,0,0,3,0,6,1,0,1,5,6,1,2,0,1,4,0,1,3,1,0,1,0,1,4,0,2,2,0,1,0,0,1,0,1,1,0,1,0,0,1,0,0,0,0,4,3,1,0,1,0,2,1,0,8,1,1,0,2,0,1,0,3,0,12,10,2,0,0,1,1,1,15,0,0,2,0,4,0,1,0,2,0,5,1,5,2,1,0,1,3,0,1,0,1,1,0,0,5,3,0,0,0,44,6,1,2,0,3,5,0,0,0,0,0,0,0,1,0,1,0,0,0,3,0,0,0,6,0,0,1,1,0,2,5,0,2,0,0,2,13,1,4,7,3,5,1,2,0,0,0,0,2,0,0,0,3,0,1,0,4,0,0,2,0,1,2,1,1,3,0,3,1,9,0,2,9,4,1,0,4,2,18,0,0,3,0,0,1,6,1,0,0,0,3,0,0,0,1,1,0,10,0,3,1,1,1,3,0,2,0,0,3,4,1,0,1,0,0,4,0,1,0,2,1,3,8,2,2,1,0,0,8,2
1,1,0,0,1,0,3,0,2,0,0,0,0,0,0,0,0,0,1,0,4,4,0,1,1,0,0,0,0,9,0,2,0,1,2,2,0,0,0,0,0,1,0,1,0,2,1,0,0,1,0,1,0,1,0,0,0,0,1,0,0,0,1,1,0,1,0,0,7,1,0,1,6,0,0,0,0,0,0,0,0,1,0,3,2,0,8,3,2,0,4,2,4,5,0,2,1,0,0,0,0,1,0,4,1,1,1,1,1,0,0,2,1,0,3,0,0,2,0,0,0,0,2,0,1,3,3,0,4,3,7,2,0,0,0,1,1,0,0,0,0,8,0,0,0,3,9,1,0,8,1,0,0,3,0,10,0,0,1,8,0,2,11,1,0,3,1,1,0,0,0,1,0,1,8,0,3,1,7,0,0,0,9,0,0,1,0,0,1,1,0,1,1,0,2,2,2,1,14,0,1,17,0,2,10,2,1,1,10,0,0,1,3,0,0,0,2,0,0,0,2,1,1,6,0,0,2,0,5,2,0,5,2,2,0,1,1,0,17,2,1,14,45,2,2,1,8,0,6,1,3,1,0,0,7,3
2,0,4,0,0,7,0,1,2,0,0,0,0,0,4,0,3,0,0,0,4,0,0,2,0,0,0,4,0,3,0,1,10,1,4,0,3,0,0,0,0,0,0,2,2,1,1,0,0,2,0,0,1,2,6,0,1,0,0,0,0,0,1,0,0,0,2,7,1,6,0,0,2,0,4,0,0,0,1,0,0,0,2,0,0,0,0,2,5,0,0,0,0,0,1,0,0,0,3,0,2,1,5,1,1,0,2,0,0,4,0,0,3,5,0,3,2,2,1,0,0,0,0,0,0,0,2,0,0,0,3,0,0,0,0,0,0,0,7,0,0,2,2,3,1,0,8,4,0,1,0,2,0,0,0,4,2,4,2,2,3,3,2,0,4,0,2,1,6,1,5,1,2,1,8,2,0,1,4,0,1,1,0,0,8,5,0,22,1,0,3,3,1,4,2,1,11,1,0,0,0,1,0,1,1,0,2,2,27,3,0,0,1,0,0,0,0,0,3,0,0,0,0,0,3,3,0,0,7,3,3,1,1,0,1,0,1,0,6,0,7,3,48,3,0,2,0,4,4,0,6,2,9,1,0,4
2,1,0,0,4,0,0,0,9,0,0,0,0,0,0,0,0,0,0,1,0,17,0,1,0,0,0,1,0,1,0,2,0,0,0,3,0,1,0,1,1,2,0,0,2,1,2,0,1,0,0,0,0,0,0,1,0,9,0,2,0,1,0,1,0,0,0,0,17,1,0,0,2,2,2,0,2,0,0,0,0,0,0,3,0,0,28,17,1,0,1,0,2,12,0,1,1,0,0,1,0,0,4,2,0,12,3,0,3,2,0,1,6,0,1,0,0,2,0,0,0,0,0,1,0,0,1,0,1,0,4,0,0,0,0,0,0,0,0,0,0,0,0,3,0,2,0,0,0,2,0,1,3,2,0,2,0,0,0,1,0,1,24,0,1,1,2,0,0,2,0,14,0,0,3,0,0,0,0,1,1,0,7,0,1,0,0,0,0,1,0,3,9,0,0,0,1,0,32,0,0,1,0,0,31,0,0,0,0,0,0,0,3,0,0,0,4,0,0,0,2,2,1,22,1,0,8,0,6,6,0,6,0,0,0,8,0,0,6,0,0,14,0,1,3,0,2,0,0,2,1,0,0,0,9,2
3,0,18,0,1,0,3,8,0,0,0,0,1,1,4,0,1,1,4,0,0,1,0,0,0,0,0,0,2,1,6,1,0,1,2,0,0,0,0,1,1,0,0,0,1,0,1,3,0,1,0,0,1,1,5,1,0,0,0,0,3,0,0,0,1,4,0,1,1,3,1,1,2,0,1,0,0,0,1,0,1,2,1,0,5,0,1,6,17,1,2,1,0,0,1,0,4,0,7,0,1,1,4,2,0,0,3,0,2,0,1,0,1,7,2,4,0,2,0,3,0,1,0,0,1,0,5,0,0,1,2,0,0,0,0,0,0,3,5,2,1,8,0,1,0,1,19,8,0,2,12,1,1,0,0,5,0,4,2,4,4,2,0,0,3,1,1,3,0,1,0,2,3,0,2,0,0,15,0,0,2,1,0,0,4,2,0,3,0,0,0,1,1,2,2,1,9,1,0,0,0,0,0,0,1,2,0,4,25,1,2,0,1,1,2,0,0,0,4,0,0,0,2,1,1,0,1,0,1,0,1,1,3,0,0,0,2,1,11,1,5,1,47,2,0,5,0,2,3,6,17,1,2,1,2,2
5,2,0,1,0,1,0,1,2,1,1,0,0,1,0,0,0,0,1,1,2,2,1,3,1,0,3,7,0,2,0,2,0,1,1,0,0,0,0,0,3,3,0,0,0,0,1,1,6,1,0,0,1,0,0,0,0,1,5,0,0,0,6,0,0,8,0,2,1,0,1,0,0,5,1,0,3,0,0,0,0,3,2,1,0,3,0,4,1,0,2,0,2,1,0,0,1,2,2,1,2,0,3,1,0,0,0,0,0,0,1,1,4,1,6,0,0,1,0,0,0,0,0,4,0,1,0,2,1,0,1,6,5,0,1,2,0,2,2,0,0,0,0,1,0,2,5,4,0,4,0,1,2,2,0,6,0,2,1,1,2,4,12,1,2,6,0,1,0,0,1,3,1,0,8,2,0,3,1,3,0,1,6,0,0,0,0,4,2,1,1,0,2,0,0,3,10,2,10,5,0,0,2,1,8,0,0,0,2,0,8,1,2,0,0,17,1,2,4,0,6,0,1,4,2,1,2,0,3,3,0,3,1,1,0,0,1,0,1,2,18,3,50,2,0,0,6,0,1,4,1,1,2,5,6,3
1,0,3,1,0,0,3,5,1,0,0,1,0,0,3,0,4,1,1,0,3,1,0,0,0,0,0,2,0,3,3,1,7,0,1,0,1,0,0,7,1,1,0,2,0,0,1,2,0,1,1,0,1,1,8,0,1,1,0,0,5,3,2,0,1,0,0,0,2,0,0,0,0,0,1,3,1,0,3,0,0,1,1,1,1,0,0,0,1,0,3,0,2,0,1,1,4,3,1,1,0,1,4,2,2,0,2,1,3,0,1,0,9,5,2,9,3,2,0,0,0,0,0,0,0,0,8,0,2,11,2,0,0,1,12,2,1,19,5,0,1,0,0,0,5,1,1,12,3,0,0,3,0,0,0,1,2,8,1,4,3,3,0,5,0,0,3,0,0,2,0,2,0,3,6,0,0,0,0,0,2,0,0,0,4,0,1,11,0,0,0,0,1,1,0,0,5,1,0,0,1,0,1,1,0,3,0,1,5,1,3,1,2,2,1,0,0,0,4,1,0,0,0,0,0,1,0,0,5,6,7,5,2,0,1,0,1,1,7,0,18,0,43,1,0,7,1,1,0,1,0,2,8,1,1,5
0,1,5,1,0,1,0,0,0,0,0,9,0,0,1,0,2,0,2,0,2,0,7,0,0,1,0,1,0,1,0,1,9,0,4,0,1,0,0,1,0,0,0,0,1,1,0,1,0,2,3,0,0,2,2,1,0,2,0,0,0,4,2,1,0,0,0,0,1,1,0,1,2,0,1,0,2,0,3,0,1,0,0,0,0,0,1,1,1,9,4,0,0,0,1,2,6,0,0,0,0,0,7,1,8,0,3,3,1,0,3,0,2,5,1,1,2,1,0,0,0,0,1,0,0,0,1,0,0,0,2,25,0,0,0,0,12,1,2,0,0,1,0,2,13,0,10,2,1,2,2,0,0,0,0,6,0,9,0,2,1,2,0,0,1,1,0,0,0,0,0,0,3,0,3,0,0,1,0,1,1,0,0,0,5,0,0,4,0,1,0,0,2,0,0,0,6,0,4,0,8,1,0,0,2,0,1,0,7,4,6,0,5,2,0,24,0,1,3,0,1,0,0,0,0,0,0,0,3,1,3,1,2,0,1,3,0,0,4,4,15,8,52,2,0,1,1,6,4,1,5,1,7,1,1,3
1,0,10,0,1,1,1,2,0,0,0,0,0,0,1,0,2,1,0,0,1,0,0,0,0,1,0,4,1,5,1,1,13,2,4,0,0,0,0,1,0,2,0,1,0,0,0,2,0,3,1,0,1,1,7,0,1,4,0,0,0,4,0,0,0,1,0,2,1,0,4,0,2,0,0,0,0,0,2,0,0,0,1,2,0,2,2,4,1,0,0,0,0,1,0,0,0,0,2,0,0,1,4,1,4,0,2,1,0,2,1,1,3,5,1,4,0,1,0,2,1,0,1,2,0,0,10,0,5,1,4,0,0,5,0,0,1,0,2,1,0,0,0,1,1,0,0,4,3,3,4,1,0,0,0,6,4,8,2,3,1,1,0,3,1,1,4,0,6,0,2,0,1,0,3,0,0,16,4,0,1,1,1,3,4,3,0,7,0,0,0,9,1,1,2,1,11,2,2,0,0,1,0,1,1,0,0,1,6,0,1,0,2,1,0,21,0,1,4,0,2,0,2,0,3,0,1,1,0,1,0,1,0,1,6,4,0,0,7,1,7,4,40,5,0,0,3,1,3,2,3,1,5,2,0,4
0,0,1,0,0,2,0,0,4,0,0,0,2,0,1,4,0,1,0,0,1,1,4,3,0,0,5,2,2,2,3,1,1,0,0,1,1,2,0,2,3,1,0,0,0,1,5,0,1,0,1,2,1,1,2,2,1,0,1,1,0,0,0,2,0,1,0,0,0,0,0,0,0,1,0,0,4,0,0,0,0,1,0,0,4,1,0,1,1,0,0,3,2,2,1,0,4,0,0,0,1,1,0,5,0,0,0,0,0,0,0,2,8,3,1,3,0,0,0,0,0,1,1,0,1,0,3,0,2,2,0,0,0,0,0,0,1,2,0,0,1,0,0,1,0,10,0,3,0,7,0,0,1,0,0,2,1,5,0,4,0,2,11,1,2,3,0,0,2,1,12,2,1,3,2,0,0,2,0,0,14,0,5,2,2,0,0,1,1,6,0,7,2,0,0,7,4,1,2,0,0,9,1,0,7,1,0,0,4,1,16,2,1,0,0,1,1,0,3,1,3,1,0,4,1,4,0,9,5,0,0,8,0,0,2,1,5,0,2,0,2,0,38,0,2,0,5,6,2,10,0,1,3,0,0,3
0,1,0,0,0,1,1,0,4,1,0,0,0,1,0,0,0,1,0,0,0,1,0,0,0,0,1,1,3,12,0,5,0,3,0,3,0,1,0,0,0,0,0,1,0,2,4,0,0,0,0,1,0,0,0,1,0,0,1,0,0,0,0,0,0,2,0,0,0,0,0,2,0,4,1,0,1,0,0,0,0,6,0,1,0,0,9,13,1,0,0,1,1,0,12,0,1,1,0,0,0,1,1,1,1,0,7,1,0,1,0,0,14,0,0,3,0,3,0,2,1,0,2,0,0,2,0,0,4,0,1,2,0,0,0,0,0,0,0,0,0,0,0,0,0,0,0,6,1,3,0,0,5,2,0,0,0,0,0,0,0,0,8,0,1,2,0,2,1,0,0,7,1,4,0,0,0,0,1,0,0,2,6,3,0,0,0,0,0,1,0,1,1,0,4,9,0,0,9,0,0,2,1,1,22,0,0,0,0,1,2,6,1,0,13,0,2,0,0,0,26,1,2,20,0,2,0,0,1,9,0,12,0,0,0,1,1,0,3,0,1,0,3,0,12,3,0,0,13,4,11,0,10,0,12,1
5,0,3,0,0,0,3,0,4,0,1,0,0,2,0,2,0,0,1,0,2,2,0,3,0,0,0,9,0,2,0,1,0,0,2,1,1,2,0,0,1,3,0,0,0,0,4,1,5,0,2,1,0,1,2,0,0,5,0,1,0,1,1,0,0,6,0,1,1,2,0,2,3,2,1,0,0,0,0,1,0,3,0,0,1,1,2,2,5,0,0,0,2,1,1,0,0,0,1,0,0,1,1,2,0,1,5,0,0,1,1,0,2,3,0,1,1,5,0,0,0,0,2,1,9,0,3,0,3,1,1,0,1,0,0,0,0,0,0,0,0,2,0,0,0,6,8,4,2,2,0,1,2,2,0,5,0,1,0,2,0,1,12,0,9,3,1,2,0,2,0,0,0,1,1,0,2,25,1,0,5,1,1,2,3,0,0,2,1,1,3,1,3,2,4,10,0,2,3,0,1,1,0,0,6,1,0,0,1,0,25,0,1,0,0,0,2,2,1,1,4,1,0,6,2,4,1,0,2,1,0,3,0,0,0,0,3,0,2,0,4,3,36,1,6,1,3,1,1,1,5,5,1,4,3,4
0,0,5,0,1,0,0,0,0,0,1,0,0,0,0,0,2,1,0,0,7,0,4,7,0,0,1,3,0,13,0,3,6,0,2,0,1,0,0,1,0,0,0,0,0,0,0,0,1,15,1,0,0,2,3,0,0,5,0,1,0,1,0,0,0,0,0,0,1,0,1,0,6,0,2,1,1,0,2,0,0,3,2,1,0,1,0,1,2,0,1,0,5,0,0,1,2,0,4,0,0,2,5,1,2,0,0,2,0,0,1,0,7,3,1,8,2,4,0,1,0,7,1,1,0,0,15,0,3,0,1,7,0,0,1,3,2,0,1,0,1,1,0,3,1,4,3,3,0,0,2,1,2,0,0,2,0,3,1,1,2,7,1,1,1,1,0,0,0,0,0,0,0,0,4,0,3,12,0,0,2,1,0,0,5,0,0,5,0,0,0,0,2,9,1,10,9,1,2,0,9,0,0,1,2,1,0,0,25,0,0,1,0,1,0,3,1,0,3,3,0,0,2,1,0,3,0,0,5,1,0,0,2,1,0,1,2,0,2,4,21,0,52,2,1,0,1,3,0,1,14,1,3,1,1,1
0,0,0,0,0,3,2,0,25,1,0,1,1,0,0,1,1,0,1,0,0,2,0,0,2,0,1,0,0,5,0,1,1,0,2,3,0,5,0,4,2,3,1,0,3,2,2,1,0,1,1,4,0,0,0,1,0,1,0,1,0,0,2,0,0,0,0,1,4,0,0,3,2,4,0,0,6,0,2,1,0,0,0,1,2,1,0,5,1,0,0,0,1,11,0,1,1,1,0,0,0,5,1,2,0,1,14,0,3,15,0,0,7,0,0,1,0,7,0,2,1,0,1,0,1,1,0,8,1,13,1,1,0,0,2,0,0,0,1,0,1,3,0,0,1,3,0,0,0,4,0,1,0,0,0,5,2,0,0,0,0,1,13,0,1,8,1,5,1,0,0,1,0,9,10,0,1,0,0,0,1,2,11,0,0,0,1,1,0,1,0,1,4,1,0,0,0,0,3,2,0,4,1,0,26,0,0,4,0,0,1,1,1,0,0,0,2,0,0,0,1,1,0,3,0,4,0,1,3,4,0,7,2,3,3,3,2,0,8,0,0,4,0,0,5,0,1,0,4,3,0,1,0,0,4,2
1,1,3,3,0,0,3,1,1,1,0,0,0,1,4,0,0,0,0,0,1,0,1,0,0,3,0,5,0,2,0,2,5,1,3,0,1,0,0,2,0,0,0,2,3,2,0,1,0,28,1,0,0,2,3,0,0,1,0,0,1,11,1,6,0,2,0,0,1,0,0,0,1,0,1,0,1,0,0,0,1,1,0,2,2,0,1,0,1,0,1,0,0,1,0,2,2,0,17,0,0,0,3,2,17,0,2,3,0,0,1,0,5,1,1,6,4,1,0,0,1,3,2,5,13,1,2,0,1,7,0,0,2,3,3,1,4,0,2,3,1,0,1,6,4,0,0,6,0,3,2,1,0,0,0,3,3,0,0,1,1,6,0,1,2,0,0,0,0,0,0,0,7,1,7,0,0,6,1,1,2,0,0,0,2,0,1,18,0,1,0,0,4,1,0,0,3,0,2,0,2,2,0,0,0,1,1,0,6,0,0,0,1,1,0,2,2,0,1,0,0,0,1,0,0,5,0,0,5,2,0,0,1,1,2,1,0,0,1,2,16,2,51,4,0,0,1,8,0,0,1,4,4,1,2,5
1,2,0,0,0,1,0,0,1,0,0,0,2,1,0,0,0,0,0,0,0,2,0,0,1,1,1,3,1,1,0,2,0,1,0,5,0,1,1,1,1,2,0,0,0,0,7,0,1,0,0,3,0,0,0,1,0,1,1,5,1,0,1,1,0,0,2,0,1,0,1,1,0,6,0,0,1,2,2,0,0,0,1,0,5,0,23,4,1,0,0,0,1,0,0,0,1,0,1,0,1,7,0,2,6,0,1,0,0,2,0,0,11,11,4,0,5,1,1,0,0,0,0,2,0,4,0,0,2,0,1,1,3,0,1,1,1,1,0,0,2,0,0,1,0,0,0,4,0,3,0,0,7,0,0,3,0,0,0,0,1,2,13,2,7,9,2,2,0,0,1,0,1,2,2,0,0,11,3,1,0,0,5,0,2,0,0,0,3,1,0,1,0,0,0,1,1,0,10,1,0,0,3,15,34,6,0,0,2,1,0,4,1,0,0,0,2,0,2,0,0,2,0,13,1,3,0,1,1,7,0,9,0,0,0,1,0,0,6,2,0,14,1,1,1,3,3,0,1,2,2,0,0,3,12,1
2,0,1,0,1,0,0,0,2,0,0,0,0,0,0,0,0,2,0,10,0,0,0,2,0,0,3,2,0,4,0,1,0,1,3,0,0,4,0,1,2,7,0,0,0,2,2,0,24,0,0,3,1,0,5,0,1,3,1,1,1,0,2,0,0,2,0,3,4,1,0,0,0,5,0,5,1,1,0,0,0,0,0,2,7,1,2,4,3,0,0,0,2,2,1,0,2,0,0,0,2,0,3,1,0,0,5,0,2,6,0,1,1,0,1,0,0,3,0,0,1,0,0,0,1,0,1,1,1,0,0,0,1,0,2,0,0,0,1,0,1,1,1,1,0,0,0,0,1,7,6,0,2,0,0,2,1,2,0,0,0,2,14,1,1,8,0,6,0,2,0,1,0,1,2,1,0,0,0,0,0,1,7,0,0,0,0,0,1,2,1,0,1,0,0,12,3,12,13,0,0,1,1,0,9,2,0,0,7,0,0,5,1,0,0,0,2,1,0,1,9,1,0,2,1,2,6,0,1,1,2,6,1,0,1,2,0,0,1,1,6,0,34,1,1,0,1,1,4,2,8,0,1,0,10,3
3,0,14,0,1,0,3,6,2,0,0,0,0,0,1,0,1,0,0,0,3,2,3,0,0,0,0,4,0,6,1,2,9,0,1,0,0,1,0,1,1,0,0,1,0,0,0,0,0,9,3,0,0,1,4,1,0,0,0,1,0,1,3,0,2,1,0,0,1,0,1,0,1,0,3,2,1,0,0,0,0,1,0,0,1,2,1,2,1,0,0,0,1,0,0,1,4,4,6,2,1,0,6,3,13,0,4,2,2,0,1,0,5,7,1,3,5,3,2,4,0,0,2,1,3,0,11,0,0,3,3,0,0,3,0,0,5,4,4,1,0,0,0,4,0,0,9,5,0,0,1,1,0,1,0,1,0,5,1,2,0,4,0,1,0,0,1,0,3,0,0,1,0,0,3,0,0,1,0,1,3,0,0,0,11,1,1,4,0,2,1,1,0,1,0,0,5,3,0,0,0,2,0,0,0,1,0,0,4,2,0,0,0,0,3,0,0,0,4,0,4,0,0,10,3,1,0,0,0,3,1,1,2,1,0,0,0,0,6,0,8,0,39,1,0,0,1,2,2,0,2,1,6,1,1,5
0,0,7,0,0,0,0,3,2,1,0,2,2,0,1,0,3,0,2,1,4,0,0,3,0,0,1,3,0,2,0,1,2,0,3,0,0,0,1,1,2,0,0,0,0,2,2,3,2,2,1,0,0,3,1,0,0,0,0,0,0,1,0,2,1,1,0,1,2,0,0,1,2,0,0,1,3,0,1,0,0,2,0,1,0,1,2,0,1,1,3,4,0,1,1,0,2,0,3,0,0,0,5,1,0,0,0,7,2,1,0,0,1,4,0,8,4,1,0,1,0,1,3,0,0,1,2,0,0,7,1,1,0,0,0,2,0,4,2,0,2,0,4,0,1,3,4,7,0,0,2,1,0,1,0,5,0,5,1,3,1,7,0,3,0,0,1,0,1,3,1,0,30,0,2,3,3,5,1,2,1,0,0,0,5,0,0,4,1,0,0,6,3,0,1,0,4,0,1,0,3,1,1,0,3,0,0,0,3,0,0,0,0,1,0,8,0,0,4,0,0,0,0,6,1,2,0,0,6,1,1,5,0,0,2,2,0,0,8,2,1,3,46,1,0,1,2,46,1,1,1,1,7,1,1,3
1,0,7,1,0,0,2,0,0,0,0,2,0,0,1,1,4,0,1,0,0,0,0,1,0,0,1,2,1,1,0,1,7,0,3,0,1,1,4,0,0,0,2,0,1,1,1,3,0,3,0,2,0,1,2,4,0,8,0,2,0,10,0,0,0,0,0,1,2,5,0,11,0,0,1,0,2,0,1,0,0,4,1,0,0,2,5,4,1,1,1,1,0,1,0,0,0,0,3,0,1,0,3,3,0,0,0,1,5,0,1,1,2,6,0,0,0,1,0,0,0,1,0,1,0,0,13,0,1,10,2,1,0,5,1,1,0,0,0,1,0,4,0,1,1,0,2,3,2,0,0,0,0,0,0,9,1,2,1,2,2,2,0,2,1,1,4,0,0,1,0,0,0,0,6,0,1,2,1,0,1,0,0,0,3,1,1,4,0,0,0,1,3,1,2,2,6,0,0,0,2,1,0,0,1,1,0,1,25,0,1,0,0,1,0,5,0,2,0,0,3,0,0,0,1,2,3,0,3,2,4,2,2,0,0,1,1,1,7,2,12,2,51,3,1,0,2,1,1,1,8,7,6,1,1,2
2,2,3,0,1,0,0,0,6,1,0,0,1,0,1,0,1,0,0,0,3,4,0,0,0,0,0,4,0,1,0,1,1,0,1,1,0,2,1,3,0,0,0,0,0,2,1,0,1,1,0,4,0,0,3,2,0,1,1,1,0,0,2,7,0,0,1,2,4,1,0,0,0,7,0,1,2,1,4,0,2,2,1,0,0,0,4,5,1,1,1,0,1,4,8,0,4,0,1,0,1,0,2,3,0,1,3,0,2,1,1,1,2,3,0,1,0,1,2,0,0,0,0,0,0,1,1,3,1,4,1,0,1,0,2,0,1,2,0,0,0,1,0,3,3,1,7,4,1,9,2,0,10,1,1,7,2,4,0,2,0,1,6,0,7,1,0,4,1,1,2,0,0,0,1,0,0,0,4,3,1,0,5,0,1,0,0,5,0,1,0,2,2,0,1,3,1,0,2,1,4,0,0,0,8,0,0,1,8,0,1,1,1,0,0,2,2,0,0,0,0,1,1,2,1,4,1,0,6,1,3,2,2,0,0,0,0,0,7,11,4,3,39,2,3,0,1,1,1,1,0,1,3,1,4,3
2,1,9,0,0,1,1,0,0,0,0,0,0,0,9,0,0,0,1,0,1,0,2,0,0,0,0,2,2,6,0,1,8,0,2,0,2,1,0,2,3,2,0,2,1,1,3,0,1,17,6,0,0,3,5,2,0,1,0,0,0,6,0,5,1,1,0,0,1,0,0,1,0,0,1,0,1,0,3,0,0,0,0,1,1,1,1,2,1,0,1,0,0,0,0,0,2,0,5,0,0,0,5,1,18,0,0,5,0,0,8,0,1,6,3,2,5,1,0,4,1,0,1,0,2,0,9,2,0,2,2,3,1,2,1,0,0,0,3,0,0,1,0,5,1,0,3,6,1,2,0,1,0,0,0,5,2,3,1,1,2,5,0,1,2,3,1,1,0,0,1,0,19,1,2,1,0,4,1,0,2,0,0,0,4,1,0,6,1,0,2,5,0,1,0,0,0,0,0,0,1,1,0,0,0,0,0,1,5,0,0,0,0,0,0,1,0,0,1,0,2,0,0,1,1,3,0,0,3,1,3,3,2,0,0,0,1,0,5,2,3,2,50,4,0,0,0,23,3,0,0,1,5,6,1,8
2,0,2,0,0,1,0,0,0,0,0,0,0,0,1,0,1,0,0,0,3,0,0,2,0,0,0,1,0,0,0,1,4,0,5,0,1,0,0,0,0,2,8,2,1,1,0,1,0,12,0,16,1,1,5,1,0,18,0,0,0,1,1,0,0,1,2,2,1,0,0,0,1,0,0,0,0,0,4,1,0,1,1,2,1,0,2,0,1,0,1,0,0,0,0,1,15,1,1,0,0,1,3,2,0,0,1,0,1,0,2,0,1,1,0,3,1,1,0,1,0,1,0,1,0,0,4,0,0,4,1,8,0,1,0,1,6,0,0,2,0,1,1,0,0,0,9,5,2,1,2,2,0,0,0,9,4,0,0,1,1,9,1,0,2,0,0,8,3,1,0,0,12,0,1,2,0,1,2,1,1,0,0,0,1,1,0,9,0,0,1,1,0,2,0,4,7,0,0,0,2,1,1,1,2,0,0,0,25,0,2,0,0,2,0,1,1,0,7,3,0,0,0,3,0,1,0,0,3,0,3,1,0,0,0,0,0,2,1,3,6,5,58,2,0,2,3,24,1,0,7,2,2,3,1,2
0,1,0,1,0,0,0,0,7,3,3,1,0,0,1,1,1,0,0,3,0,0,0,0,0,0,1,0,0,1,2,1,3,0,0,5,0,1,1,0,1,5,0,0,0,3,5,0,3,2,0,2,0,0,0,0,0,0,13,1,0,0,1,0,0,0,1,3,4,1,0,0,0,6,0,1,3,2,0,0,1,0,0,0,1,0,3,1,1,0,0,0,2,0,0,0,0,0,1,3,1,0,0,3,0,1,2,0,1,6,0,1,3,0,1,0,0,0,1,0,0,1,0,0,0,2,0,1,3,4,1,0,1,0,0,0,2,1,0,0,0,0,0,0,0,1,0,1,0,6,0,0,37,1,0,1,0,2,1,2,0,0,22,1,9,3,2,6,0,0,7,3,2,2,0,0,0,0,2,0,0,5,0,0,1,0,0,0,3,2,0,1,0,0,0,0,0,10,5,6,0,2,3,1,29,3,1,0,0,0,0,13,2,2,0,0,2,0,5,1,3,1,0,5,2,0,0,0,2,3,0,6,0,0,0,0,1,0,2,2,0,2,2,0,1,5,1,0,0,5,1,0,0,0,4,1
1,2,4,1,0,0,0,0,0,0,0,0,0,0,1,0,0,1,0,1,0,0,0,0,0,0,0,0,0,1,0,1,3,0,2,0,0,0,0,1,0,0,1,0,1,2,1,0,0,2,0,0,1,1,3,0,0,2,0,1,0,1,3,0,1,0,0,39,1,2,0,1,1,0,0,1,1,0,1,0,4,0,1,2,3,0,1,3,5,2,2,1,1,0,0,0,13,2,4,0,2,1,1,4,0,0,1,1,0,0,0,1,3,2,0,4,4,1,0,4,0,0,0,0,0,0,4,0,0,5,1,0,0,0,1,3,1,0,2,1,0,3,0,2,0,1,5,4,7,0,0,0,0,2,0,3,0,0,5,4,1,3,0,0,4,0,0,0,4,2,0,0,1,0,5,0,0,0,1,1,2,0,1,1,3,0,3,3,0,2,3,1,1,0,0,1,3,0,1,0,3,20,0,0,3,0,0,7,4,1,25,0,0,0,0,0,0,1,0,1,0,0,1,0,1,1,0,0,2,5,0,0,0,0,0,0,0,0,2,1,22,3,48,5,0,3,1,0,0,2,1,2,11,0,1,3
1,0,3,0,0,1,0,0,0,0,0,2,1,0,2,0,1,0,0,0,2,0,0,9,0,0,0,2,0,1,0,1,12,2,6,0,0,0,0,2,1,0,1,0,0,1,5,0,0,3,1,11,0,1,6,0,1,2,0,1,0,7,2,1,0,0,0,0,1,0,1,1,2,0,0,3,0,0,0,1,0,0,0,2,1,0,0,1,1,0,2,1,0,0,0,1,3,2,0,0,1,0,3,1,0,0,4,0,0,0,0,0,1,3,0,1,2,3,0,0,0,1,0,2,0,0,5,0,0,1,2,20,0,4,0,0,3,0,1,0,0,0,0,0,0,0,2,5,0,0,1,0,0,0,0,6,3,3,0,4,1,4,0,0,1,0,0,10,0,2,0,0,10,0,3,0,0,4,0,0,1,0,0,0,2,1,0,13,0,0,0,0,1,1,1,2,6,1,0,0,0,0,0,1,1,0,0,0,18,0,0,14,1,4,0,0,0,0,4,0,0,0,0,6,3,3,0,0,8,0,1,3,0,1,1,1,0,0,8,1,17,1,43,3,0,0,3,17,1,0,2,2,9,1,0,1
0,0,7,0,0,1,2,6,0,0,0,0,0,0,2,0,2,0,1,0,0,1,0,0,0,0,0,3,2,3,7,1,11,0,2,0,0,1,0,2,0,2,0,1,0,1,0,0,0,1,1,0,1,1,4,0,0,0,0,0,1,9,2,0,2,0,1,2,1,1,1,0,1,0,0,0,0,0,1,0,0,1,1,0,0,0,1,1,2,0,0,0,1,0,0,0,0,0,2,0,0,1,4,1,5,0,1,0,1,0,1,0,2,5,0,2,0,1,0,3,0,1,0,0,1,0,14,0,0,2,1,1,0,0,0,1,1,0,2,0,0,0,0,4,0,0,1,6,1,0,4,0,0,0,0,2,2,3,1,0,3,1,1,1,5,1,1,0,4,0,0,1,0,0,6,0,1,11,1,2,3,0,0,0,5,1,0,1,1,0,0,2,0,5,0,0,7,6,0,0,6,2,0,0,0,0,0,1,3,0,41,0,1,1,1,0,1,1,7,0,0,1,3,5,1,4,0,1,0,1,0,2,0,1,1,0,0,0,13,1,18,0,32,2,2,1,2,1,0,0,0,2,9,0,1,5
0,1,5,1,0,6,2,0,0,0,0,0,0,0,0,0,0,0,0,0,2,0,1,5,0,0,0,6,0,3,0,1,17,0,5,0,0,0,0,0,0,1,1,2,1,0,0,0,1,4,0,0,0,2,0,0,0,4,0,0,0,12,2,5,0,0,0,0,1,1,0,1,1,0,0,0,0,0,0,1,0,0,0,0,0,0,1,0,2,0,0,1,1,1,0,0,0,0,2,0,0,0,2,3,8,0,1,0,0,1,7,0,7,2,0,2,4,1,2,0,0,0,0,2,1,1,1,0,0,3,0,1,0,6,0,1,0,0,0,1,1,0,0,0,0,0,3,3,0,1,0,0,0,0,0,4,1,0,0,1,0,4,0,0,0,0,2,0,0,0,2,0,13,0,5,0,1,11,0,1,3,0,0,0,7,1,0,20,0,0,3,0,3,1,0,2,5,0,1,0,4,2,1,0,0,0,1,0,10,0,0,0,0,0,0,5,0,2,1,1,0,0,3,1,2,2,4,0,8,4,0,0,0,0,1,0,2,0,2,1,21,0,49,2,0,2,7,16,1,4,3,2,3,4,0,2
0,2,0,0,0,0,0,0,0,0,0,0,0,0,0,0,0,0,0,0,0,0,1,3,0,0,0,1,0,2,0,1,1,0,4,0,0,0,0,1,1,0,2,0,2,0,0,0,1,21,1,0,0,2,5,0,0,1,0,1,0,0,2,1,0,0,1,0,1,2,0,0,2,0,2,0,0,0,0,0,0,0,0,1,0,0,0,0,1,0,0,0,0,0,0,0,4,0,0,0,0,0,2,1,1,0,1,0,1,0,2,0,6,2,0,0,0,1,0,0,1,0,0,0,8,1,6,0,0,4,0,5,0,1,0,1,3,0,4,1,0,1,0,2,1,0,16,3,1,0,2,0,0,0,1,5,0,0,0,1,3,5,1,0,0,1,0,0,4,0,0,1,2,0,10,0,3,23,1,0,3,0,0,0,1,0,0,0,0,1,0,0,5,6,0,0,10,0,0,0,1,0,1,0,1,0,0,0,17,1,39,0,0,0,0,17,0,0,8,3,11,0,0,0,0,1,0,0,2,0,2,0,0,0,0,1,0,0,1,1,8,2,41,1,0,1,3,0,0,0,2,2,1,0,1,4
1,6,0,2,0,0,1,0,5,0,1,4,0,0,0,0,0,0,0,0,1,0,0,0,0,0,0,1,0,0,0,0,0,0,1,2,0,3,0,3,1,3,1,1,0,13,4,0,2,1,0,0,0,0,2,0,2,0,0,3,0,0,2,0,0,0,1,0,0,0,0,1,0,2,1,0,2,0,0,0,1,0,1,0,3,0,0,0,2,0,0,0,1,0,8,0,0,0,0,0,0,4,1,3,0,0,1,0,2,2,0,0,3,1,0,0,2,4,0,1,2,0,2,0,0,0,8,7,2,3,0,2,0,0,1,0,0,3,0,0,0,1,0,0,0,2,0,1,1,2,0,0,10,1,0,1,1,0,0,5,3,3,25,1,8,8,2,0,0,0,2,0,2,0,2,0,0,1,4,1,1,0,5,0,19,0,1,0,0,1,0,2,0,0,1,4,0,4,6,8,0,0,4,1,20,0,0,0,0,1,0,2,1,0,1,0,2,0,0,0,3,3,1,5,0,1,0,0,3,2,2,3,1,2,2,1,0,0,1,0,0,1,21,0,2,0,7,2,7,5,0,0,3,1,11,4
3,0,0,0,0,0,0,0,0,0,0,0,0,0,1,0,1,0,0,0,0,0,0,2,0,1,0,2,0,1,0,3,4,0,2,0,0,0,0,0,0,2,0,1,0,0,0,1,1,2,2,0,0,2,6,0,0,0,0,0,1,4,4,0,0,0,0,0,1,5,0,1,1,0,1,0,0,0,0,0,1,0,0,0,0,0,0,0,1,0,0,1,0,0,1,0,3,2,6,1,5,0,4,4,0,2,0,0,1,0,1,0,1,3,0,6,1,2,0,0,0,0,0,1,4,0,6,0,4,6,3,1,0,2,0,1,2,1,0,0,0,4,5,0,0,0,8,3,0,1,0,0,0,0,0,8,0,2,1,3,1,5,7,0,6,0,0,16,1,1,0,0,23,0,2,0,0,1,4,0,1,1,0,0,3,0,0,14,0,0,4,0,3,0,1,3,2,0,2,0,7,1,0,0,1,0,0,0,18,0,0,0,0,0,2,0,0,0,2,0,0,0,1,1,0,2,0,0,0,4,2,2,0,0,0,0,6,0,2,1,4,2,47,2,0,0,0,27,2,1,2,1,6,0,1,1
0,4,0,2,0,0,7,0,4,0,0,1,2,1,0,0,0,0,0,0,2,0,0,0,3,0,0,0,0,0,1,0,1,0,1,0,0,8,0,2,0,0,2,0,1,1,1,1,0,0,1,0,0,0,0,3,0,0,3,3,1,1,6,0,0,1,0,0,0,0,0,0,2,0,0,0,0,0,1,0,0,1,2,0,0,0,0,8,1,0,0,0,1,1,0,1,0,0,0,0,0,6,0,3,0,0,3,0,2,3,1,1,5,1,0,0,1,4,0,0,1,1,1,0,0,1,0,6,1,0,1,1,0,0,0,2,0,2,1,0,0,3,1,1,2,2,1,0,0,3,2,4,26,3,0,4,1,1,0,2,0,1,29,0,3,5,1,2,0,0,1,5,0,0,1,0,0,0,0,0,2,17,0,0,0,0,0,1,0,1,0,1,5,0,0,0,2,0,1,14,0,5,0,0,27,0,0,0,0,0,0,0,2,1,3,1,3,0,0,1,4,1,3,8,0,1,0,0,1,1,0,4,1,2,0,1,2,0,5,1,0,16,2,1,0,0,1,0,4,4,0,0,0,0,6,2
0,0,1,0,0,0,1,0,0,0,0,1,0,0,4,0,4,0,0,0,3,0,1,1,0,0,0,0,0,0,0,2,12,0,2,0,1,0,1,4,0,3,1,0,0,0,3,0,1,6,3,0,0,5,3,0,0,1,0,0,0,3,0,2,0,2,0,0,1,0,0,0,1,0,0,1,0,2,0,1,0,0,0,0,1,1,1,4,2,4,6,2,0,0,1,0,2,0,6,0,0,0,4,1,4,1,1,1,0,4,4,1,1,2,2,0,1,1,0,0,0,1,2,0,1,0,0,0,0,0,3,1,0,2,0,2,4,4,5,0,0,0,1,0,9,0,5,3,1,5,5,1,0,0,0,5,4,7,2,3,4,5,2,0,1,1,3,0,0,0,2,0,6,0,5,0,0,0,2,0,1,0,0,0,7,1,2,9,1,0,1,0,0,1,0,0,4,0,0,0,1,2,0,0,0,1,0,0,8,1,0,1,1,2,0,5,1,0,5,0,1,0,0,0,1,5,2,0,1,2,1,1,0,0,1,9,0,2,5,1,9,2,42,4,0,2,0,3,2,0,4,1,7,6,1,4
2,2,0,0,1,16,0,0,2,5,1,0,1,7,0,2,7,1,2,2,0,0,0,1,5,0,0,0,4,12,2,0,1,0,2,2,2,4,1,0,2,2,4,0,0,4,2,2,3,2,5,4,0,0,0,3,0,0,1,0,4,0,0,0,0,1,1,0,0,0,0,0,18,1,0,1,0,2,0,0,0,1,0,0,0,0,3,0,0,12,0,2,0,0,1,0,1,0,0,4,0,0,5,0,5,5,0,0,2,0,0,1,3,2,0,0,0,2,0,1,1,1,0,1,0,4,0,0,0,1,0,0,15,0,0,0,0,2,2,0,4,1,6,0,5,0,0,0,0,0,3,11,0,5,0,11,0,1,7,1,1,1,3,0,0,0,1,0,0,0,5,0,3,0,0,5,2,3,2,1,3,1,0,0,1,1,0,0,2,0,1,1,0,1,0,2,0,0,4,1,1,1,0,0,0,0,1,0,0,0,0,0,2,0,0,1,0,0,0,0,0,0,1,2,5,2,5,0,1,3,0,4,4,1,0,0,4,0,0,0,0,1,0,2,3,1,1,0,1,0,2,3,0,1,20,1
1,4,0,0,0,1,4,0,7,1,1,0,0,0,0,0,0,0,0,0,0,1,1,0,0,0,0,1,1,1,1,1,0,1,1,2,0,5,0,4,2,0,1,2,0,0,2,0,0,0,1,2,0,0,0,2,0,0,1,3,0,0,0,0,0,0,2,0,0,0,0,0,1,3,0,0,2,0,2,0,0,0,0,0,1,0,2,3,2,0,0,4,3,2,23,0,0,0,0,1,0,2,0,5,0,1,0,0,4,1,1,1,3,1,1,0,1,6,0,1,1,0,0,0,0,1,0,2,2,1,1,1,1,0,0,0,0,0,2,0,1,1,2,0,0,4,1,0,0,1,3,0,2,1,0,4,2,1,1,0,0,0,19,0,2,7,2,11,0,2,1,0,0,1,1,1,0,0,5,1,2,3,9,0,2,0,0,0,1,1,0,5,0,0,0,17,1,1,5,0,0,2,0,0,18,0,0,0,0,0,3,2,1,0,0,0,2,0,0,1,7,1,2,11,0,3,0,0,1,2,1,9,1,0,0,2,0,0,0,1,1,11,0,0,6,2,1,1,25,1,1,0,0,1,15,3
0,1,11,0,0,0,3,5,0,1,0,2,0,0,1,0,0,0,2,0,3,0,2,1,4,2,1,1,2,5,3,1,2,0,4,0,1,1,0,3,0,0,0,0,1,1,0,0,0,1,0,0,0,1,4,0,0,2,0,0,2,1,1,0,9,1,0,0,1,2,0,0,1,0,0,0,1,1,4,0,0,0,1,0,0,0,1,8,1,0,0,1,0,1,1,0,0,0,2,0,0,0,6,1,1,0,1,1,2,1,2,0,2,7,24,21,4,1,1,0,0,12,1,0,20,0,10,0,0,1,1,0,0,0,0,0,2,0,0,0,0,0,1,2,0,1,2,10,1,0,3,0,0,0,7,1,0,4,1,4,0,1,0,0,3,0,0,0,0,0,2,0,1,0,2,1,0,0,0,0,4,2,0,0,4,0,0,4,0,0,2,1,0,0,0,0,8,1,0,0,0,0,1,3,0,1,0,0,3,1,0,0,2,0,0,1,2,1,4,0,0,1,0,2,2,1,2,0,1,1,2,1,1,1,27,1,0,0,8,1,1,2,28,1,0,1,0,0,0,1,1,1,6,1,0,3
6,0,6,0,0,1,2,0,1,0,0,1,0,1,0,0,0,0,0,0,0,2,1,3,0,0,0,1,0,4,0,1,7,0,2,0,2,1,0,0,2,1,0,1,0,0,1,1,2,1,1,0,0,1,4,0,0,4,0,1,0,3,0,0,0,0,0,0,2,2,0,1,0,0,1,0,0,0,2,0,0,0,0,0,0,0,1,0,1,2,0,1,0,0,0,0,3,0,12,1,1,1,4,3,0,0,3,0,3,0,9,0,3,2,0,7,2,13,0,1,0,1,0,0,13,0,18,1,3,3,0,1,1,1,0,0,0,0,2,1,1,0,0,2,0,1,26,5,1,0,0,1,0,0,2,7,0,0,1,1,1,5,1,3,2,0,1,2,0,0,2,0,4,0,3,0,3,1,2,2,3,1,0,0,2,1,0,3,0,0,0,0,4,2,0,0,6,0,1,0,0,0,2,1,1,0,1,0,3,6,2,0,1,0,0,3,5,2,1,0,2,4,0,0,2,0,2,0,7,0,1,3,0,0,0,6,1,2,0,2,6,1,39,1,0,1,1,0,0,0,2,1,3,1,0,6
0,0,0,3,0,0,0,0,13,0,0,0,4,0,0,0,0,0,1,0,0,10,0,2,0,0,1,1,1,0,0,1,0,0,0,0,0,1,1,1,1,2,0,1,0,0,1,0,0,0,0,0,0,2,0,3,0,0,0,3,0,0,0,0,0,0,0,0,15,1,1,0,0,0,4,0,3,1,0,0,0,1,0,0,0,0,23,12,1,0,0,0,1,4,0,0,0,0,0,2,0,0,0,6,0,14,5,0,3,3,0,0,11,0,0,0,0,5,0,0,2,1,1,0,0,0,0,0,1,2,4,1,0,0,0,0,0,1,0,0,0,1,0,3,0,2,0,0,0,0,0,0,2,3,0,2,0,1,1,1,0,0,18,0,2,5,0,0,0,0,3,5,0,0,0,0,0,0,1,2,0,0,5,0,0,0,0,0,0,2,0,6,2,0,2,0,0,0,9,2,0,2,0,2,16,3,0,1,0,1,0,0,1,2,0,0,2,0,0,1,9,1,0,11,0,1,0,0,2,9,0,4,3,0,0,7,1,0,9,0,1,20,0,0,1,0,0,0,4,2,1,0,0,0,11,2
1,0,6,0,0,0,1,4,0,4,0,0,0,0,1,0,2,0,0,0,0,0,0,4,1,0,0,0,0,3,0,1,4,0,3,1,1,3,1,1,0,0,32,0,0,2,0,6,0,1,1,0,0,1,5,0,0,0,0,0,0,6,2,1,1,0,0,33,2,0,0,3,0,0,1,3,1,0,0,0,0,2,0,0,0,1,1,2,1,0,2,2,0,1,1,1,3,2,0,0,1,1,2,1,2,0,1,1,1,2,1,0,3,6,0,0,0,1,0,0,0,0,0,0,10,0,2,1,1,0,1,1,0,1,1,1,0,1,4,0,0,0,1,0,0,1,3,3,0,0,1,3,0,0,0,5,1,4,1,4,3,2,0,0,1,0,0,0,1,1,0,0,0,0,1,0,0,0,1,0,1,1,1,0,3,2,0,0,0,0,2,3,0,2,0,3,9,0,0,0,1,3,0,0,5,0,0,3,5,1,0,1,0,0,0,0,0,0,5,0,0,0,0,2,0,1,1,2,2,4,13,5,0,0,0,0,0,1,4,0,1,4,43,3,0,3,0,0,5,0,2,3,21,2,2,3
1,0,1,0,0,0,0,0,0,1,0,0,0,0,0,0,0,0,0,0,0,0,0,1,0,0,0,2,0,0,0,1,11,0,3,0,0,0,1,3,0,8,8,0,0,0,4,0,0,13,2,2,0,2,6,0,0,15,0,1,1,2,3,2,0,0,0,0,1,0,0,0,1,0,0,0,0,0,2,0,0,0,0,0,0,1,0,0,1,0,1,0,0,0,1,0,4,0,2,0,0,0,5,1,1,0,0,2,4,0,1,0,1,3,2,1,3,1,0,0,0,0,1,0,1,0,3,0,0,3,0,1,0,1,0,1,3,0,0,2,0,0,0,1,0,0,12,3,0,1,15,0,0,1,0,5,1,1,0,2,1,7,0,1,0,0,1,1,0,1,0,0,6,0,1,0,0,13,0,0,1,0,0,0,2,0,1,5,1,0,1,0,0,2,3,0,3,0,0,0,0,1,0,0,0,0,0,0,8,1,3,0,0,0,0,16,0,0,0,0,7,1,0,0,1,0,0,0,7,3,0,0,0,0,3,8,0,0,3,1,8,1,45,6,0,0,1,2,2,1,5,1,2,3,0,2
3,0,9,1,0,0,1,0,0,0,0,0,0,2,0,0,1,3,0,0,0,0,0,0,0,3,0,10,0,0,0,1,2,0,4,0,4,0,0,0,0,0,4,0,1,0,0,2,0,1,1,0,0,1,2,1,0,5,0,0,0,2,1,0,0,1,0,1,1,1,0,0,1,0,0,0,0,0,8,2,0,1,1,0,0,0,2,1,1,0,1,3,0,1,0,0,3,0,6,0,0,0,2,3,0,0,0,0,0,0,0,0,1,1,0,6,0,8,1,0,0,0,0,0,4,2,9,0,2,0,1,0,3,2,1,5,0,0,1,1,0,0,0,2,0,0,5,4,0,0,2,1,0,0,0,6,1,1,0,0,1,2,0,1,2,0,0,0,1,1,2,0,13,0,2,0,1,1,0,0,2,0,0,1,3,5,0,4,0,0,0,0,0,3,2,0,6,0,2,0,1,0,0,0,4,0,1,1,14,0,4,0,1,0,0,11,0,1,2,0,9,0,0,11,2,0,1,0,0,3,0,0,3,2,1,6,2,0,0,1,11,2,35,2,1,0,4,19,1,0,5,4,0,2,0,3
0,0,2,0,0,0,0,0,0,0,0,0,0,0,0,3,0,0,0,0,0,0,1,0,0,0,1,2,0,4,0,1,9,0,4,0,1,0,0,3,1,0,0,0,0,0,4,0,0,11,0,0,2,1,4,0,0,7,0,0,0,2,4,6,0,0,0,0,1,1,1,1,2,0,0,0,1,0,3,0,0,1,0,1,0,0,2,0,1,0,1,1,0,4,0,1,0,1,1,2,1,2,6,1,4,0,2,1,0,0,3,0,3,3,1,1,3,2,0,0,0,1,0,4,14,1,0,0,0,6,2,0,0,1,0,2,6,2,4,0,0,0,0,0,0,0,1,6,0,1,0,4,0,0,0,11,3,3,2,1,4,6,0,0,0,2,0,0,0,1,0,0,15,0,2,0,5,0,3,0,1,0,0,0,9,1,0,4,1,0,0,0,2,0,1,1,8,0,0,0,3,0,1,0,0,1,0,1,11,0,0,0,0,0,0,0,0,0,2,0,0,0,0,2,4,1,0,0,3,1,1,0,1,0,0,5,0,1,4,1,5,7,40,2,0,4,1,10,0,0,0,1,4,0,2,8
3,1,2,0,0,0,2,0,0,0,0,1,0,1,1,0,2,0,0,0,1,0,0,5,1,2,0,0,0,1,0,1,2,0,3,0,0,0,1,0,0,0,0,3,0,0,1,1,0,2,0,0,2,2,1,0,0,2,0,0,0,3,2,2,0,1,0,0,1,0,0,0,1,0,0,1,0,0,0,0,0,1,0,2,0,0,0,1,1,0,0,0,2,0,0,0,0,0,1,0,1,0,5,1,3,1,1,0,10,0,1,0,2,3,1,3,7,4,0,1,0,1,0,1,1,1,20,0,0,1,2,0,3,1,1,1,2,0,2,1,0,0,0,1,0,0,10,4,0,3,0,3,0,0,0,9,2,2,1,2,3,6,0,0,1,0,6,0,0,3,0,0,14,0,6,1,3,10,0,0,1,0,0,3,5,1,0,7,0,3,0,0,1,0,0,0,2,0,2,0,0,0,0,0,1,0,0,0,14,0,0,0,0,1,0,3,1,0,3,0,3,0,0,2,3,2,2,0,2,1,0,2,0,1,0,0,0,0,5,3,4,3,37,1,0,0,4,23,0,1,8,2,4,0,1,3
4,1,10,0,0,0,0,0,0,0,1,0,0,1,0,4,0,0,0,0,1,0,2,0,0,0,2,8,0,1,0,0,2,0,4,0,0,0,0,1,0,0,1,0,0,0,0,0,1,2,0,3,0,3,2,0,0,0,0,0,0,3,4,2,1,7,0,4,2,0,0,1,1,2,2,0,0,0,0,1,0,4,0,1,0,0,1,0,1,0,3,1,0,1,0,1,1,2,1,0,2,0,3,2,1,0,1,0,1,0,2,0,6,1,0,0,1,1,0,0,0,0,1,2,0,1,6,2,0,2,0,2,1,0,1,0,0,4,2,1,0,0,0,3,2,3,8,3,0,0,0,0,1,0,0,9,4,0,1,1,1,3,1,1,2,1,0,4,1,1,0,2,1,0,1,0,2,5,0,1,1,0,0,0,2,0,0,0,0,2,1,0,3,0,3,1,10,0,2,0,9,0,0,0,4,0,7,1,13,1,2,1,1,0,0,2,1,0,5,0,1,0,0,1,4,1,1,1,2,2,0,0,0,0,0,1,0,0,0,1,10,4,40,3,0,0,3,0,5,2,15,2,0,6,0,6
0,2,8,0,0,0,0,0,0,1,1,0,1,0,3,0,0,0,0,0,6,0,3,1,0,3,11,4,0,0,0,1,6,0,11,0,0,0,0,0,0,2,0,1,1,1,0,0,0,2,3,0,2,1,3,0,0,4,0,0,0,0,1,3,1,1,0,9,1,1,1,0,7,0,0,0,4,0,0,0,0,0,0,3,2,0,0,2,1,1,1,0,0,2,0,1,8,0,0,0,1,1,0,1,0,2,0,0,1,1,8,0,1,2,1,5,1,1,0,1,0,2,0,3,0,0,1,0,1,0,0,3,0,1,1,0,0,0,0,0,1,4,0,0,0,9,2,3,0,3,0,0,0,0,8,1,0,2,1,1,2,2,0,0,0,0,0,1,0,0,0,3,2,0,5,1,0,0,0,0,1,0,0,1,2,2,0,5,0,0,0,0,0,2,8,0,5,0,1,0,0,1,0,1,4,0,3,0,4,3,0,3,2,0,0,0,0,3,1,0,0,1,0,0,1,3,6,0,0,1,0,1,0,1,14,1,1,0,2,1,1,7,8,3,0,0,1,17,0,0,1,1,5,0,1,0
3,0,3,0,0,1,0,0,0,0,0,1,0,1,2,0,1,0,0,0,0,0,1,2,0,0,0,4,0,2,0,1,11,0,4,0,2,0,2,0,0,0,0,0,1,5,3,0,1,1,3,0,1,1,6,0,0,3,0,0,0,4,2,2,0,0,0,0,1,1,1,0,6,0,0,0,0,0,0,0,0,1,0,0,0,1,0,0,1,0,0,1,0,0,0,0,2,0,6,0,0,0,1,1,0,1,1,0,1,2,0,0,1,2,0,7,0,1,0,0,1,0,0,0,4,0,7,0,0,1,2,0,0,0,0,0,0,0,0,2,0,3,0,0,0,0,5,5,0,4,3,0,3,0,0,7,0,2,0,1,4,6,1,1,4,0,0,10,0,1,0,0,25,0,5,0,0,2,0,0,2,0,0,0,1,1,0,21,0,0,1,0,0,0,0,1,3,0,0,0,5,1,0,0,3,0,0,0,8,0,0,0,0,0,2,0,0,0,3,0,1,4,0,1,1,1,0,0,0,1,1,0,0,0,0,1,0,0,2,2,6,4,44,3,0,1,3,31,0,1,7,1,12,0,6,0
0,0,0,0,0,2,0,0,1,0,0,3,0,0,1,0,1,0,0,0,0,0,0,0,0,0,0,0,0,0,0,0,0,0,0,2,0,0,0,0,4,13,0,0,0,14,1,0,0,0,2,1,0,0,0,0,0,1,2,3,0,0,0,0,0,1,1,7,23,0,0,0,0,0,0,0,8,2,1,2,0,0,0,0,0,0,9,9,1,0,0,0,1,1,0,1,1,0,1,0,0,2,0,1,1,0,2,0,1,1,2,0,8,0,1,0,0,1,2,0,0,0,0,0,0,0,0,2,2,5,1,0,1,0,0,0,0,0,1,0,0,0,0,2,4,2,0,4,0,10,0,0,36,2,0,1,4,1,0,0,2,0,15,0,4,4,3,2,1,0,0,0,0,5,0,0,0,3,0,1,0,0,1,0,0,0,0,0,1,1,0,1,3,1,0,0,3,1,6,3,0,0,1,1,30,0,0,0,0,0,0,6,2,0,0,0,2,1,1,1,6,1,0,13,0,1,0,0,1,5,0,7,0,1,1,0,0,0,5,2,0,1,0,0,0,2,0,0,5,7,0,0,2,0,12,2
3,0,3,0,0,1,0,0,0,3,0,0,0,2,1,0,1,0,0,0,0,0,0,0,0,0,0,2,0,1,0,1,4,0,2,0,0,0,0,1,0,2,0,3,0,0,1,0,0,1,1,0,0,1,5,0,0,0,0,0,0,0,0,0,0,0,0,5,4,2,0,0,1,2,1,0,0,0,1,0,1,1,0,0,3,1,0,2,16,1,0,0,0,0,0,0,3,0,1,0,0,0,4,2,0,0,0,0,1,0,0,0,2,3,0,6,2,1,0,1,0,1,0,0,0,0,2,0,1,2,1,0,0,1,0,0,6,1,1,3,0,3,0,0,0,0,13,3,0,1,0,0,0,0,0,6,0,1,1,1,0,3,0,0,2,0,0,1,0,0,0,0,0,0,1,1,0,0,0,0,1,0,0,0,5,0,0,6,0,0,0,0,1,2,0,1,8,2,0,0,9,44,0,2,1,1,2,6,15,2,15,0,0,1,0,1,0,1,2,0,0,0,1,1,1,0,0,0,5,1,1,1,0,0,1,0,0,0,2,0,11,3,43,3,0,5,0,3,1,0,1,5,7,1,3,2
3,2,0,0,0,0,0,1,2,1,0,0,0,1,1,0,2,0,0,0,1,2,0,2,0,0,0,1,0,4,0,0,5,1,3,0,0,0,0,2,0,0,0,1,0,0,2,0,2,0,0,0,0,0,6,0,0,3,0,1,0,1,1,1,0,0,0,8,5,1,0,0,0,1,0,1,0,1,0,0,0,1,0,1,3,0,5,6,1,0,0,0,1,0,0,1,0,0,0,0,0,0,2,1,2,0,0,0,0,0,2,1,2,3,0,3,1,2,0,0,0,0,0,1,0,0,7,1,1,5,1,0,0,0,0,0,1,0,1,0,0,0,0,0,2,1,7,3,1,1,0,0,2,1,0,4,3,2,0,3,2,7,2,0,0,2,0,4,1,0,3,0,18,0,2,0,0,3,0,0,1,0,0,1,4,0,0,19,0,0,0,0,3,4,1,0,1,0,1,3,0,1,1,0,5,0,0,0,21,0,0,2,0,0,0,1,1,0,0,1,0,2,0,0,1,2,0,0,1,0,2,2,0,0,2,1,0,0,1,0,7,0,38,1,0,2,0,15,2,1,0,3,10,0,1,4
0,0,0,1,0,0,0,0,2,0,0,0,0,0,1,0,0,1,0,2,0,3,0,0,0,0,0,0,2,0,0,2,1,0,0,1,0,3,1,1,0,36,0,0,1,5,3,0,2,0,0,3,0,0,0,2,0,1,5,1,0,0,0,0,0,0,0,1,4,0,0,0,0,3,1,1,22,0,1,0,0,3,0,1,0,0,18,8,1,1,0,0,1,3,1,0,0,0,0,1,0,3,0,3,4,1,2,0,0,1,0,0,4,0,1,0,0,2,0,0,0,0,0,1,0,1,0,1,6,0,2,0,0,0,0,0,0,2,0,0,0,0,0,0,1,3,0,4,0,2,0,1,4,2,0,2,0,1,0,0,0,0,15,0,2,11,5,0,0,0,0,0,0,5,0,0,1,1,1,3,0,0,7,0,0,0,0,1,0,1,0,4,0,0,2,0,0,0,10,0,0,2,0,1,21,0,0,0,0,0,0,3,1,0,0,1,2,0,0,0,4,1,3,13,1,2,0,0,7,6,0,4,0,0,1,0,0,1,2,1,3,0,0,0,2,1,0,0,4,2,0,1,0,1,9,2
0,1,11,0,0,0,0,0,0,0,0,0,0,0,0,0,1,1,0,0,2,1,0,1,0,1,0,1,0,2,4,1,4,0,2,0,0,0,0,0,0,0,0,0,0,0,1,0,0,1,1,0,1,1,4,0,0,0,0,0,0,3,0,0,0,0,2,1,1,2,0,0,0,0,1,1,0,0,0,0,0,0,0,0,0,1,0,0,13,1,2,1,0,0,0,0,1,3,5,0,0,0,2,1,11,0,1,0,0,1,0,0,2,2,0,4,1,4,0,2,0,0,0,0,0,0,19,0,1,2,1,2,3,0,1,0,0,4,1,0,4,0,1,0,1,3,8,4,0,3,0,0,1,0,0,5,0,3,0,2,1,3,0,1,3,0,1,1,0,3,1,0,3,0,2,0,1,16,0,0,1,0,0,0,2,0,0,1,0,0,0,0,0,2,0,0,4,0,0,0,3,0,0,1,0,0,0,1,9,0,2,0,1,0,0,0,38,0,14,0,2,0,0,1,0,1,0,0,0,0,0,0,2,0,0,7,2,0,3,1,3,4,32,2,0,3,0,1,1,0,0,1,2,0,2,3
0,3,1,2,0,2,0,0,18,1,0,2,0,0,0,0,0,0,0,0,0,5,0,0,0,0,1,0,0,0,1,7,0,0,0,3,0,4,3,1,0,0,1,0,0,3,6,0,0,0,1,0,0,0,0,1,2,0,1,1,0,0,1,2,0,1,0,0,3,0,0,1,0,2,0,1,5,0,0,0,0,0,1,0,2,1,4,4,1,0,0,0,1,0,0,6,0,0,0,1,4,5,0,3,0,0,2,0,2,3,0,0,5,0,0,0,0,2,0,0,1,2,1,0,0,0,0,4,1,15,2,0,1,1,1,1,0,0,0,1,0,2,0,0,1,4,0,0,0,4,0,0,28,0,0,2,0,0,1,1,0,1,14,2,3,4,1,3,0,0,3,0,0,0,0,0,1,0,0,0,0,0,1,0,0,0,2,0,1,1,0,1,3,0,2,3,2,6,4,11,1,0,1,1,14,0,0,0,1,0,0,7,2,0,0,0,2,0,1,3,1,2,0,4,3,0,0,1,3,7,1,4,0,1,2,3,0,0,2,0,0,0,0,0,0,0,0,1,5,6,0,0,0,0,11,2
3,0,6,0,0,0,3,0,0,0,0,3,0,0,1,0,0,0,2,0,2,0,4,0,1,0,0,6,0,7,0,2,4,0,2,0,2,0,0,0,0,0,0,1,0,0,1,0,0,3,1,0,0,1,2,0,0,2,0,0,0,4,0,1,0,0,1,1,1,2,0,0,0,0,0,0,0,0,0,0,0,3,0,0,0,0,0,0,9,0,0,0,0,0,0,0,0,0,7,0,0,1,3,1,2,0,1,0,0,0,0,0,2,1,0,3,0,1,0,0,0,1,0,0,2,0,1,0,0,0,0,1,0,1,0,2,0,2,1,0,1,5,0,0,2,4,5,4,0,0,0,0,0,0,0,2,0,1,0,1,2,1,0,1,0,0,0,0,0,0,0,0,2,0,1,0,0,17,0,0,1,0,6,0,3,0,0,3,0,1,0,0,4,0,0,0,2,0,0,0,15,0,1,0,2,0,0,0,4,0,1,0,0,0,0,0,0,0,7,0,1,40,0,1,4,0,0,0,5,6,0,0,0,0,0,0,0,1,1,0,18,0,36,2,0,1,2,3,0,1,0,1,4,0,0,4
0,1,4,0,1,1,0,5,1,0,0,0,0,0,4,0,4,0,0,0,2,1,0,3,0,0,0,2,0,3,2,1,12,1,3,0,0,0,0,4,0,0,0,2,0,0,1,1,0,9,2,0,0,1,2,0,0,5,0,0,0,1,4,0,0,0,0,0,1,1,0,2,0,0,0,0,1,0,2,0,0,0,1,0,0,2,0,0,2,0,0,0,0,0,0,0,0,0,3,3,0,0,5,2,3,0,2,3,1,0,0,0,6,3,0,3,3,1,1,1,0,1,0,0,1,0,1,2,0,0,1,0,0,0,0,0,0,0,0,0,1,1,0,0,0,0,0,4,1,2,0,1,0,0,0,7,1,3,2,4,1,3,0,1,1,0,4,3,2,0,1,0,8,0,2,1,0,16,0,0,1,0,0,2,3,1,0,12,0,0,0,0,1,1,0,0,3,1,0,0,5,0,0,0,0,2,0,0,1,0,1,0,0,0,0,0,0,1,1,0,0,0,0,1,0,1,0,0,1,1,0,1,1,1,1,0,0,0,4,1,14,0,39,2,0,0,1,28,1,0,1,3,8,2,0,1
0,0,9,0,0,0,0,0,1,6,0,0,0,0,1,0,0,0,1,1,2,0,0,0,0,0,0,2,0,1,0,1,1,0,3,0,0,0,0,0,0,0,2,0,1,0,0,1,1,3,1,0,0,2,0,0,0,1,0,1,0,0,1,0,0,0,0,3,1,0,0,0,4,0,0,0,0,0,0,0,0,1,0,0,0,0,0,1,2,0,0,0,0,0,0,0,6,0,0,0,0,4,2,1,5,0,0,1,0,1,1,0,2,1,0,9,2,1,0,3,0,2,0,0,0,0,15,0,0,7,0,0,4,2,0,0,2,2,2,0,0,1,0,0,6,0,11,2,0,0,3,0,0,0,0,3,1,1,0,0,6,3,0,1,0,0,0,0,0,1,0,0,7,0,3,0,0,0,0,0,1,0,0,0,2,0,0,2,0,0,0,0,1,0,1,0,1,0,1,0,1,0,1,0,6,1,2,2,27,1,1,0,0,1,0,7,0,0,5,0,0,0,0,3,0,8,0,0,0,0,6,0,0,1,0,1,1,0,0,1,11,1,39,1,0,0,0,29,0,0,0,1,2,1,0,3
0,0,6,0,0,0,0,0,0,1,0,1,1,0,2,0,0,0,1,0,1,0,2,0,0,1,1,0,0,0,0,1,2,1,2,0,0,0,0,0,1,1,0,1,0,1,2,2,0,9,2,0,0,2,1,0,0,3,0,0,0,1,1,1,1,1,0,0,1,0,0,0,1,0,1,0,0,0,0,1,0,1,0,0,0,1,0,0,1,1,0,1,0,1,0,0,0,0,2,0,0,1,6,2,0,0,0,1,1,1,0,0,4,4,0,2,2,1,1,2,0,1,1,1,3,1,1,0,1,1,3,2,0,1,0,0,2,2,0,0,1,1,0,1,1,3,2,2,0,1,0,0,0,0,0,7,4,1,1,3,0,4,1,0,0,2,2,0,0,0,0,0,21,0,2,2,3,8,1,1,1,0,0,1,4,0,1,2,0,0,3,0,2,0,1,0,5,0,1,0,3,0,0,0,0,0,0,0,9,0,1,0,0,2,0,7,0,0,0,1,0,0,1,4,1,1,0,0,0,0,2,1,0,0,4,1,0,0,4,0,6,2,40,2,0,0,1,21,1,0,7,2,4,4,5,6
4,2,2,0,3,1,0,0,2,1,2,0,2,0,0,0,2,2,0,0,1,1,3,0,0,4,2,1,0,1,0,1,6,0,2,2,0,1,1,1,4,14,0,1,1,0,0,2,0,1,8,0,0,0,2,1,0,0,0,0,0,0,1,0,0,0,0,0,0,0,0,0,0,1,0,0,2,10,0,0,7,3,2,1,1,0,0,7,0,0,1,0,1,0,0,1,0,0,0,0,0,2,2,1,0,0,5,6,0,2,2,1,3,38,0,0,1,3,0,0,2,0,1,1,0,2,8,1,1,1,25,3,0,1,0,1,0,1,1,0,1,0,0,1,0,0,1,0,0,1,1,0,2,0,0,5,3,0,0,2,0,0,5,11,0,2,1,3,0,1,0,1,0,4,1,0,0,0,0,2,1,1,1,0,1,2,0,1,0,1,1,0,4,0,0,4,0,1,3,0,0,2,1,0,1,0,1,2,0,1,1,0,1,2,0,1,3,2,1,0,6,0,0,1,0,2,1,0,1,0,0,2,1,0,3,0,2,3,1,0,0,1,2,0,2,0,2,4,2,2,1,0,0,0,4,0
1,0,1,0,0,0,0,0,6,0,0,3,0,0,0,0,0,0,0,0,0,1,0,0,0,0,0,0,0,0,0,2,0,1,1,1,1,1,0,1,0,5,0,0,0,10,1,0,0,1,1,0,0,0,0,0,0,1,0,2,0,0,0,0,0,1,1,0,4,0,0,0,1,0,0,0,1,0,0,0,0,0,1,0,1,0,11,6,1,0,0,0,1,2,13,0,0,0,0,1,1,1,1,3,0,0,1,1,3,5,0,0,8,1,0,0,0,1,1,0,0,0,1,0,0,3,0,4,1,5,1,1,2,0,1,0,0,0,0,0,0,0,0,0,0,0,0,0,0,2,0,0,10,1,0,1,0,0,0,1,0,0,15,0,2,8,2,3,0,0,0,0,0,0,0,0,0,0,0,0,1,0,7,0,0,0,0,0,0,1,0,0,1,0,0,0,0,0,9,14,1,3,0,2,32,1,0,0,0,0,0,15,1,1,0,0,2,1,4,0,0,3,0,10,1,0,0,0,1,5,0,6,0,0,1,4,2,0,3,3,0,7,4,0,2,1,0,0,0,10,1,0,2,0,28,1
2,4,1,1,4,0,0,0,20,2,0,0,0,0,1,5,0,0,0,0,2,3,0,0,0,0,0,0,2,1,0,4,0,0,1,3,1,3,2,1,1,0,1,0,1,0,3,1,0,0,0,1,0,0,0,0,0,0,0,1,0,0,0,1,0,1,1,0,2,2,0,1,2,0,0,1,1,3,2,0,0,1,1,0,0,5,19,6,1,0,0,0,1,0,0,0,1,0,0,0,2,7,0,4,2,0,0,1,2,1,0,2,4,0,1,0,0,4,0,1,2,0,0,2,1,1,0,0,1,2,2,1,2,0,0,0,0,0,0,0,0,2,0,0,1,0,1,0,0,1,0,0,0,0,0,0,1,0,0,1,0,16,29,0,5,3,1,0,0,0,0,0,0,0,1,0,0,0,0,1,0,0,6,0,3,0,0,0,0,1,0,2,0,0,1,0,1,0,12,0,0,1,1,1,23,2,0,0,1,0,4,8,1,0,1,0,2,0,3,0,1,2,1,6,0,3,0,0,2,5,0,2,1,0,0,2,0,0,1,0,2,2,1,0,1,0,0,2,0,1,1,0,0,1,7,2
0,0,0,0,0,0,1,1,6,0,1,0,0,0,0,0,0,0,0,0,0,1,0,3,0,0,0,0,0,6,0,1,0,0,0,2,0,7,0,2,0,0,1,1,0,5,3,1,0,1,2,3,0,0,0,0,0,1,0,3,0,0,3,0,0,0,0,24,0,0,0,0,4,0,0,0,7,0,1,0,1,2,0,2,3,0,1,0,2,0,0,0,2,4,1,1,0,0,0,0,1,6,0,2,2,1,0,3,1,1,0,0,2,0,2,0,0,4,0,1,1,0,1,0,2,0,0,1,3,3,4,1,0,0,0,0,0,1,0,0,1,1,0,0,1,1,0,0,0,8,0,0,0,0,0,4,1,0,0,0,0,1,28,0,4,9,1,0,0,0,1,0,1,0,1,0,1,0,0,1,0,3,6,4,13,1,0,0,0,2,0,2,2,0,0,0,1,1,1,3,2,2,2,0,25,1,1,2,0,1,2,1,1,0,0,0,2,0,0,0,0,2,1,9,0,1,0,0,2,4,0,2,1,0,1,3,1,0,0,0,0,1,1,0,3,4,1,2,0,4,0,3,0,0,3,4
0,0,1,0,0,0,1,2,0,0,0,0,1,1,2,0,0,0,0,2,2,0,3,0,0,0,0,2,1,1,0,1,9,0,3,1,0,0,0,0,2,0,0,2,0,6,0,1,2,2,0,0,0,1,1,0,0,1,0,0,0,2,1,0,0,0,0,0,1,0,1,1,1,0,0,1,0,0,1,0,0,0,0,0,0,0,0,0,1,0,1,0,0,1,0,0,3,0,2,2,0,0,4,1,2,2,1,0,0,0,2,1,2,5,1,3,3,10,0,0,0,1,0,1,0,0,4,0,1,0,1,1,0,1,0,0,0,0,0,0,3,0,2,0,1,0,5,3,0,2,0,1,0,0,0,4,0,3,1,2,1,5,0,0,2,0,0,0,0,1,2,0,24,1,2,0,0,4,1,0,1,2,0,0,3,1,0,4,0,0,0,1,1,2,0,0,5,0,0,0,4,0,0,0,1,0,0,0,4,0,0,0,1,0,0,0,0,0,7,0,0,1,0,1,0,2,0,1,1,0,5,4,3,1,0,0,0,0,9,3,1,5,40,4,0,0,0,31,0,0,5,2,7,0,2,0
2,0,2,0,0,0,0,1,0,0,0,1,0,0,0,0,0,0,0,0,0,0,0,1,0,0,0,0,0,2,0,1,4,0,2,1,0,1,0,0,9,0,0,1,1,0,0,0,0,1,1,0,0,1,3,0,0,0,0,1,0,0,0,0,0,34,0,0,1,0,0,2,0,0,0,0,0,0,3,0,0,0,2,0,1,0,0,0,3,0,0,0,0,1,0,0,4,0,5,0,0,0,3,1,0,0,0,0,0,0,4,0,1,2,0,1,0,1,0,0,0,1,0,1,7,1,1,0,0,0,1,0,0,0,0,0,0,0,0,0,0,3,0,1,0,0,8,3,0,1,0,2,0,0,0,7,0,2,0,3,0,1,0,1,3,0,0,1,0,0,0,0,1,0,2,0,0,1,0,0,1,0,0,0,2,0,0,1,0,0,0,0,2,7,0,0,3,0,0,0,0,1,0,1,1,0,0,3,27,1,15,0,0,4,1,0,0,0,2,0,0,1,0,0,0,2,0,0,0,1,3,0,0,1,0,1,0,0,1,2,4,4,39,1,0,4,1,0,1,18,0,2,2,16,0,3
0,1,0,0,0,0,3,0,1,0,0,0,0,0,2,0,3,0,1,2,1,0,0,0,1,0,0,2,3,2,0,4,4,0,4,0,0,0,1,1,1,2,0,0,0,0,1,4,2,4,1,0,1,1,1,0,0,1,0,0,0,3,6,1,0,1,0,0,1,0,0,0,1,0,0,0,0,0,0,0,0,2,0,1,0,0,0,1,1,0,0,0,0,0,0,0,1,0,11,0,0,0,2,1,0,0,1,0,0,0,1,0,1,1,1,3,3,4,2,2,0,0,0,0,6,1,0,0,1,0,2,0,0,5,0,1,3,1,5,0,1,0,0,0,0,1,11,4,0,2,0,0,0,0,0,7,2,3,1,3,2,8,2,1,0,0,1,0,1,1,1,0,22,1,2,0,0,4,2,0,2,0,0,0,3,2,0,2,0,0,2,0,3,1,0,0,11,0,0,0,0,5,2,0,3,1,0,0,3,0,0,1,0,0,0,0,0,0,1,0,0,0,0,2,0,1,0,0,0,1,0,1,0,0,1,0,0,0,3,0,1,3,39,2,0,2,1,30,1,0,2,1,3,0,0,1
0,0,0,0,0,0,0,0,0,0,0,0,0,0,0,0,0,0,0,0,0,0,0,0,0,0,0,0,0,0,0,0,0,0,0,0,0,0,0,0,0,0,0,0,0,0,0,0,0,0,0,0,0,0,0,0,0,0,0,0,0,0,0,0,0,0,0,0,0,0,0,0,0,0,0,0,0,0,0,0,0,0,0,1,0,0,0,0,1,0,0,0,0,0,0,0,0,0,0,0,0,0,0,0,0,0,0,0,0,0,0,0,0,0,0,0,0,0,0,0,0,1,0,0,0,0,0,0,1,0,1,0,0,0,0,0,0,0,0,0,0,0,1,0,0,0,0,0,0,0,0,1,0,2,0,0,0,0,0,0,0,1,1,0,1,0,0,0,0,0,0,0,0,0,0,0,0,0,0,0,0,0,0,0,0,0,0,0,0,1,0,0,0,0,0,0,0,0,0,0,0,0,0,0,0,0,1,0,0,1,0,0,1,0,0,0,0,0,0,0,0,1,0,0,0,0,0,0,1,0,1,0,0,0,0,1,0,0,1,0,0,0,0,0,1,0,0,0,0,1,0,0,0,0,0,1
0,0,0,0,0,0,0,0,0,0,0,0,0,0,0,0,0,0,0,0,0,0,0,0,0,0,0,0,0,0,0,0,0,0,0,0,0,0,0,0,0,0,0,0,0,1,0,0,0,0,0,0,0,0,0,0,0,0,0,0,0,0,0,0,0,0,0,0,0,0,0,0,0,1,0,0,1,0,0,0,0,0,0,0,0,0,1,0,1,0,0,0,0,0,0,0,0,0,0,0,1,0,1,0,0,0,0,0,2,1,0,0,0,0,0,0,0,0,0,0,0,0,0,0,0,0,0,0,1,0,1,0,0,0,0,0,0,2,0,0,0,0,0,0,0,1,0,0,0,0,0,0,1,1,0,0,0,0,0,0,0,0,1,0,1,0,0,0,0,1,0,0,0,0,0,0,0,0,0,0,0,0,0,1,0,0,0,0,0,1,0,0,0,0,0,0,0,0,0,0,0,0,0,0,0,1,0,0,0,0,0,0,1,0,0,0,2,0,0,0,0,1,0,2,0,0,0,0,0,0,0,0,0,0,0,1,0,0,0,0,0,0,0,0,0,0,0,0,0,1,0,0,0,0,0,1
0,1,0,0,0,0,0,0,0,0,0,0,0,0,0,0,1,0,0,0,0,0,0,0,0,0,0,0,0,0,0,1,0,0,1,0,0,0,0,0,0,0,0,0,0,0,0,0,0,0,0,0,0,0,0,0,0,0,0,0,0,0,0,0,0,1,0,0,0,0,0,0,0,0,0,0,0,0,0,0,0,0,0,0,0,0,0,0,1,0,0,0,0,0,0,0,0,0,0,0,1,0,0,1,0,0,0,0,0,0,0,0,1,1,0,0,0,1,0,0,0,0,0,3,0,0,0,0,0,0,0,0,0,0,0,0,0,0,0,0,0,0,0,0,0,0,0,0,0,0,0,0,0,0,0,0,0,0,0,0,1,0,0,0,0,0,0,0,0,0,0,0,0,0,1,1,0,0,0,0,1,0,0,1,0,0,0,2,0,0,0,0,1,0,0,0,0,0,0,0,0,0,0,0,0,0,0,0,0,0,0,0,0,0,0,0,0,0,0,0,0,0,0,1,0,0,1,0,0,0,0,0,0,0,1,0,0,0,1,0,0,0,2,0,0,0,0,0,0,0,0,1,0,3,0,0
0,0,0,0,0,0,0,0,0,0,0,0,0,0,0,0,0,0,0,0,0,0,0,0,0,0,0,0,0,0,0,1,1,0,1,0,0,0,0,0,0,0,0,0,0,0,0,0,0,1,0,0,0,0,0,0,0,1,0,0,0,0,0,0,0,0,0,1,0,0,0,0,0,0,0,0,0,0,0,0,0,0,0,0,0,0,0,0,1,0,0,0,0,0,0,0,0,0,0,0,1,0,0,1,1,0,0,0,0,0,0,0,1,1,0,0,0,1,0,0,0,0,0,0,0,0,0,0,0,0,0,0,0,0,0,0,0,0,0,0,0,0,0,0,0,0,0,0,0,0,0,0,0,0,0,0,0,0,0,0,1,0,0,0,1,0,0,0,0,0,1,0,1,0,1,0,1,0,0,0,1,2,0,0,1,0,0,1,0,0,0,0,0,0,0,0,0,0,0,0,0,0,0,0,0,0,0,0,0,0,0,0,0,0,0,0,0,0,0,0,0,0,0,0,0,0,0,0,0,0,0,0,0,0,0,0,0,0,0,0,0,0,3,1,0,0,1,0,0,0,0,1,1,1,0,0
0,0,0,0,0,0,0,0,0,0,0,0,0,0,0,0,0,0,0,0,0,0,0,0,0,0,0,0,0,0,0,0,0,0,0,0,1,0,0,0,1,0,0,0,0,0,0,0,0,0,0,0,0,0,0,0,0,1,0,0,0,0,0,1,0,0,0,0,0,0,0,0,0,0,0,0,0,0,0,0,0,0,0,0,0,0,0,1,1,0,0,0,0,1,0,0,0,0,0,0,0,0,0,0,0,0,0,0,1,1,0,0,0,0,0,0,0,0,0,0,0,0,0,0,0,0,0,0,1,0,1,0,0,0,0,0,0,0,0,0,0,0,0,0,0,0,0,0,0,0,0,0,0,0,0,0,0,0,0,0,1,0,2,0,1,0,0,0,0,0,0,1,0,0,0,0,0,0,1,0,0,0,0,1,0,0,0,0,0,1,0,0,0,0,0,0,1,0,1,0,0,0,0,0,0,1,0,1,0,0,0,0,1,0,0,1,2,0,0,0,0,1,0,0,0,0,0,0,0,0,0,1,0,0,0,1,0,0,0,0,0,0,0,0,0,0,0,0,0,1,0,0,0,0,0,1
0,0,0,0,0,0,0,0,0,0,0,0,1,0,0,0,3,0,0,0,0,0,0,2,0,0,0,0,0,0,0,0,0,0,0,0,0,0,0,0,0,0,0,0,0,0,0,0,0,0,0,0,0,0,0,0,0,1,0,0,0,0,1,1,0,0,0,0,1,0,0,0,0,4,0,0,0,0,0,0,0,0,0,0,0,0,0,3,1,0,0,1,0,1,0,0,0,0,0,0,0,0,0,0,0,0,0,0,0,1,0,0,0,0,0,0,0,0,0,0,0,0,0,0,0,0,0,0,1,0,1,0,0,0,0,1,0,0,0,0,1,0,0,0,0,1,0,0,0,0,0,0,0,0,2,0,1,0,0,0,0,0,2,0,2,0,0,3,0,1,0,0,0,0,0,0,0,0,1,0,0,0,0,0,0,0,0,0,0,1,1,0,0,0,0,1,1,2,0,0,0,0,0,0,0,0,0,0,0,0,1,0,1,0,0,0,2,0,1,0,1,1,0,0,0,0,0,0,1,0,0,1,0,0,0,0,0,0,0,1,0,0,0,0,0,0,0,0,0,1,0,0,0,0,0,1
0,0,0,0,3,0,0,0,0,0,0,0,0,0,0,2,0,0,1,3,0,0,0,1,1,0,0,0,0,3,0,0,0,0,0,0,0,0,0,1,0,0,0,0,0,0,0,0,0,1,0,0,0,0,0,0,0,0,0,1,0,0,0,0,0,1,0,0,0,0,0,0,0,0,0,1,0,0,4,0,0,0,0,1,0,1,0,0,0,0,1,0,0,0,0,0,0,0,0,0,0,0,0,0,0,0,0,0,0,0,0,0,0,0,0,0,0,0,0,0,0,0,0,1,0,0,0,0,0,0,0,0,1,0,0,1,0,0,0,0,1,0,1,0,1,0,0,0,0,0,0,0,0,0,0,0,0,0,0,0,4,1,0,1,1,1,1,0,3,0,0,0,0,0,0,0,1,0,1,0,0,0,0,0,0,0,0,0,0,0,0,0,0,0,1,1,0,0,0,0,0,0,1,0,0,0,0,0,1,0,0,0,0,0,0,0,0,0,0,0,0,1,0,0,0,0,0,0,0,0,1,1,0,0,1,0,0,0,0,0,0,0,0,1,0,0,0,0,0,0,0,1,0,0,0,0
0,1,0,0,0,0,0,0,0,0,0,0,0,0,0,0,0,0,0,0,0,1,0,0,0,0,0,0,0,0,0,0,0,0,0,0,0,0,0,0,0,0,0,0,0,0,0,0,0,0,0,0,0,0,0,0,0,0,0,0,0,0,0,0,0,0,0,0,0,0,0,0,0,1,0,0,0,0,0,0,0,1,0,0,0,0,0,0,1,0,0,0,0,0,2,0,0,0,0,0,0,0,0,0,0,0,1,0,0,1,0,0,0,0,0,0,0,0,0,0,0,0,0,0,0,0,0,1,1,0,1,0,0,0,1,0,0,0,0,0,0,0,0,0,1,0,0,0,0,0,0,0,3,0,0,0,0,0,0,0,1,0,1,0,1,1,1,0,0,1,0,0,0,0,0,0,0,0,0,0,0,0,0,0,0,0,0,0,0,1,0,0,0,0,0,0,0,0,0,0,0,0,0,0,0,0,0,0,0,0,0,0,1,0,0,0,2,0,0,0,1,1,0,0,0,0,0,0,1,1,0,1,0,0,0,0,0,0,1,0,0,0,0,0,0,0,0,0,1,3,0,0,0,0,2,1
0,0,1,0,1,0,0,0,0,0,0,0,0,0,0,0,1,0,0,1,1,0,0,1,0,1,0,1,0,0,0,0,1,1,3,0,0,0,0,0,0,0,1,0,1,0,0,0,0,0,0,1,0,2,0,0,0,0,0,0,1,0,0,0,0,0,0,0,0,0,0,0,0,0,0,0,0,0,0,0,1,0,0,0,0,0,0,0,1,0,0,0,0,0,0,0,0,0,0,0,0,0,0,0,0,0,0,0,0,0,0,0,1,1,0,0,0,1,0,0,0,0,0,0,0,0,0,0,0,0,0,0,0,0,0,0,0,0,0,0,0,0,0,0,0,0,0,0,0,0,0,0,0,0,0,0,0,0,0,1,0,0,0,0,0,0,0,0,0,0,0,0,0,1,1,0,0,0,0,0,1,0,0,0,1,0,0,0,0,0,0,0,0,0,0,0,0,0,0,0,0,0,0,0,0,0,0,0,0,0,0,0,0,1,0,0,0,0,0,0,0,1,0,0,0,0,0,2,0,0,0,0,0,0,0,0,0,0,1,0,0,1,1,1,0,0,1,0,1,0,0,1,0,0,0,0
0,0,0,0,0,0,1,0,0,0,0,0,0,0,0,1,0,0,0,0,0,0,0,0,0,0,0,0,1,0,0,0,0,0,2,0,0,0,0,0,0,1,2,0,0,0,0,0,1,1,0,1,0,1,0,0,0,1,0,1,0,0,0,0,0,0,0,0,0,0,0,0,0,0,0,0,0,0,0,0,0,1,0,0,0,0,1,0,1,1,1,0,0,0,0,0,0,0,0,0,1,0,0,0,0,0,0,0,0,0,1,0,1,1,0,0,0,1,0,0,0,0,0,0,0,0,1,0,0,0,0,0,0,0,0,0,0,0,0,0,0,0,0,0,0,0,0,0,0,0,0,0,0,0,0,0,0,0,0,0,1,0,0,0,0,0,0,0,0,0,0,0,2,0,1,0,0,0,0,0,1,0,0,0,1,0,0,0,0,0,0,0,0,0,0,0,0,0,1,0,0,0,0,0,0,0,0,0,0,0,0,0,0,0,0,0,0,0,0,0,0,0,0,0,0,0,0,0,0,0,0,0,0,0,2,0,0,0,0,0,0,2,3,2,0,0,0,0,2,0,1,0,0,2,1,1
0,0,0,0,0,0,1,0,0,0,0,0,0,0,0,0,0,0,0,0,0,0,0,0,0,0,0,0,0,0,0,0,0,0,0,0,0,0,0,0,0,0,0,0,0,0,0,0,0,0,0,0,0,0,0,0,0,0,0,0,0,0,0,0,0,0,0,0,0,0,0,0,0,0,0,0,0,0,0,0,0,0,0,1,0,0,0,0,1,0,0,0,0,0,0,0,0,0,0,0,0,0,0,0,0,0,0,0,1,1,0,0,0,0,0,0,0,0,0,0,0,0,0,0,0,0,0,0,1,0,1,0,0,0,0,0,0,0,0,0,0,0,0,0,0,0,0,0,0,0,0,0,0,1,0,0,0,0,0,0,0,0,1,0,1,0,0,0,0,1,0,0,0,0,0,0,0,0,0,0,0,0,0,0,0,0,1,0,0,1,0,0,0,0,1,0,0,0,0,0,0,0,0,0,0,0,0,0,0,0,0,0,1,0,0,0,1,0,0,0,0,1,0,1,0,0,0,0,0,0,0,1,0,0,0,1,0,0,0,0,0,0,0,0,1,0,0,0,0,1,0,0,0,1,0,1
0,0,0,0,0,0,0,0,0,0,0,0,0,0,0,0,0,0,0,0,0,1,0,0,0,0,0,0,0,0,0,0,0,0,0,0,1,0,0,0,0,0,0,0,0,1,0,0,0,0,0,0,0,0,0,0,0,0,0,0,0,0,0,0,0,0,0,0,0,0,0,0,0,0,0,0,0,0,2,1,0,0,0,1,0,0,1,0,1,0,0,0,1,1,2,2,0,0,0,0,0,0,0,0,0,0,0,0,2,1,0,0,0,0,0,0,0,0,0,0,0,0,0,0,0,0,0,0,1,0,1,0,0,0,0,0,0,0,0,0,0,0,0,0,0,0,0,0,0,0,0,0,0,1,0,0,0,0,0,0,0,0,2,1,1,0,0,1,0,0,0,0,0,1,0,0,0,0,0,0,0,0,0,0,0,1,1,0,1,1,0,0,0,0,0,0,0,1,0,0,0,0,0,0,0,0,0,0,0,0,0,0,1,0,0,0,1,1,0,0,0,1,0,1,0,0,0,0,0,0,0,0,0,0,0,1,0,0,0,0,0,0,0,0,0,0,0,0,0,1,0,0,0,0,0,1
0,0,0,0,0,0,0,0,0,0,0,0,0,0,0,0,1,0,0,0,0,0,0,0,0,0,0,0,0,0,0,1,0,0,2,0,0,0,0,0,0,0,0,0,0,0,0,0,1,0,0,0,0,1,0,0,0,0,0,0,0,0,0,0,0,1,0,0,0,1,0,0,0,0,0,0,0,0,0,0,0,0,0,1,1,3,0,0,1,0,0,0,0,0,0,0,0,0,0,0,0,0,0,1,0,0,0,0,0,0,0,0,1,1,0,0,0,1,0,0,0,0,0,2,0,0,1,0,0,0,0,0,0,0,0,0,0,0,0,0,0,0,0,0,0,0,0,0,0,0,0,0,0,0,0,0,0,0,0,0,0,0,0,0,0,0,0,0,0,0,0,0,0,0,1,0,0,0,0,0,2,1,0,0,0,0,0,2,0,0,0,0,0,0,0,0,0,0,0,0,0,0,0,0,0,0,0,0,0,0,0,0,0,0,0,0,0,2,0,0,0,0,0,0,0,0,0,0,0,0,0,0,0,0,1,0,0,0,1,0,0,1,1,0,0,0,2,0,0,0,1,1,1,1,0,1
0,0,0,0,0,0,0,0,0,0,0,0,0,0,0,0,0,0,0,0,0,0,0,0,0,0,0,0,0,0,0,0,0,0,1,0,0,0,0,0,0,0,0,1,0,0,0,0,0,0,0,0,0,0,0,0,0,1,0,0,0,0,0,0,0,1,0,0,0,0,0,0,0,0,0,0,2,0,0,0,0,0,0,0,0,0,0,0,1,0,0,0,0,0,0,0,0,0,0,0,0,0,0,0,2,0,0,0,0,2,0,0,0,0,0,0,0,0,0,0,0,0,0,0,0,0,0,0,1,0,1,0,0,0,0,0,0,0,0,0,0,0,0,0,1,0,0,0,0,0,0,0,1,0,0,0,0,0,1,0,0,0,1,0,1,0,0,0,0,0,0,0,0,0,0,0,0,0,0,0,0,0,0,0,0,0,0,0,0,1,0,0,0,0,0,0,2,1,0,0,0,1,0,0,3,0,0,0,0,0,0,0,1,0,0,0,2,0,0,0,0,1,0,0,0,0,0,0,1,1,0,0,0,0,0,0,0,0,0,0,0,0,0,0,0,0,0,0,0,0,0,0,0,0,0,0
0,0,0,0,0,0,0,0,0,0,0,0,0,0,0,0,0,0,0,0,1,0,0,0,0,0,0,0,0,0,0,0,0,0,0,0,0,0,0,0,0,0,0,0,0,0,0,0,0,0,0,0,0,0,0,0,0,0,0,0,0,0,0,0,0,0,0,0,1,0,0,0,1,0,1,0,2,0,0,0,0,0,0,1,0,0,0,1,2,0,0,1,1,0,0,1,0,0,0,0,0,0,0,0,0,0,0,0,0,0,0,0,1,0,0,0,0,0,0,0,0,2,0,0,0,0,0,0,1,0,0,0,0,0,0,0,0,0,0,0,0,0,0,0,0,0,0,0,0,0,0,0,0,0,1,0,0,0,0,1,0,0,0,0,0,0,0,0,0,0,0,1,0,0,1,0,0,0,0,0,0,0,0,0,0,0,0,0,0,1,0,0,0,0,0,0,0,0,1,0,0,0,0,0,0,0,0,0,0,0,0,0,1,0,0,0,2,0,0,0,0,1,0,0,0,0,0,0,3,0,0,2,0,0,0,1,0,0,0,0,0,0,2,1,0,2,0,0,0,1,0,0,0,0,0,1
1,0,0,0,0,0,0,0,0,0,0,0,0,0,0,0,0,0,0,0,0,1,0,1,0,0,0,0,0,0,0,0,0,0,1,0,0,0,0,0,0,0,0,0,0,0,0,0,0,0,0,0,0,1,0,0,0,0,0,0,0,0,0,0,0,0,0,0,0,0,0,0,0,0,0,0,1,0,0,0,0,0,0,0,0,0,0,0,1,0,0,0,0,0,0,0,0,0,0,0,0,0,0,0,0,0,0,0,0,0,0,0,1,0,0,0,0,0,0,0,0,0,0,0,0,0,0,0,1,0,0,1,0,0,0,0,0,0,0,0,0,0,0,0,0,0,2,0,0,0,0,0,0,0,0,0,0,0,0,0,0,0,2,0,1,0,0,0,0,0,0,0,0,0,3,0,0,0,0,0,0,0,0,0,0,0,0,0,0,1,0,0,0,1,0,0,0,0,0,0,0,0,0,0,0,0,1,0,0,1,0,0,1,0,0,0,1,0,0,0,0,1,0,0,0,0,0,0,0,0,0,1,0,0,0,1,1,0,0,0,0,0,1,0,1,0,0,0,0,1,0,0,0,0,0,1
1,0,0,0,0,0,0,1,1,0,0,0,0,0,0,0,0,0,0,0,0,3,0,0,0,0,0,0,0,0,0,0,0,0,0,0,0,0,0,0,0,0,0,0,0,0,0,0,0,0,0,0,0,0,0,0,0,0,0,0,0,0,0,0,0,0,0,0,2,0,0,0,0,1,0,0,0,0,0,0,0,0,0,0,0,0,2,0,1,0,0,0,0,0,0,0,0,0,0,0,0,0,0,0,0,0,0,0,0,1,0,0,1,0,0,0,0,0,0,0,0,0,0,1,0,0,0,1,1,0,1,0,0,0,0,0,0,0,0,0,0,1,0,0,0,0,0,0,0,0,0,0,0,0,0,0,1,0,0,0,0,0,1,0,1,0,0,0,0,0,0,0,0,0,0,0,0,0,0,0,0,0,0,0,0,0,0,0,0,1,0,0,0,0,0,0,0,0,1,0,0,1,0,0,0,0,0,0,0,0,0,0,1,0,0,1,1,0,0,0,0,1,0,0,0,0,0,0,0,0,0,0,0,0,0,1,0,0,0,0,0,0,0,0,0,0,0,0,0,1,0,0,0,0,0,1
0,0,0,0,0,0,0,0,0,0,0,0,0,0,0,0,0,0,0,0,0,0,0,0,0,0,0,0,0,0,0,0,0,0,1,0,0,0,0,0,0,0,0,0,0,0,0,0,0,2,0,0,0,1,0,0,0,0,0,0,0,0,0,0,0,0,0,0,0,0,0,0,0,0,0,0,0,0,1,0,0,0,0,0,0,0,0,0,1,0,0,0,0,0,0,0,0,0,1,0,0,0,0,1,0,0,0,0,1,0,1,0,2,1,0,0,0,2,0,0,0,0,0,1,0,0,0,0,0,0,0,0,0,0,0,0,0,0,0,0,0,0,0,0,0,0,0,0,0,0,0,0,0,0,0,0,0,0,0,0,0,0,0,0,0,0,0,0,0,0,0,0,2,0,1,0,0,1,0,0,1,0,0,0,1,0,0,1,0,0,0,0,1,0,0,0,0,0,0,0,0,0,0,0,0,0,0,0,2,0,0,0,0,0,0,0,0,0,0,0,0,0,0,0,0,0,0,0,0,0,0,0,0,1,0,0,0,0,0,0,1,0,4,0,1,0,0,2,1,0,0,2,0,1,0,1
1,0,1,0,0,0,0,0,1,0,0,0,0,0,0,0,0,0,0,0,0,0,0,0,0,0,0,0,0,0,0,0,0,0,1,0,1,0,0,0,0,0,0,0,0,0,0,0,0,1,0,0,0,0,2,0,0,0,0,0,0,0,0,0,0,0,0,0,0,0,0,1,0,0,0,0,0,0,0,0,0,0,0,0,0,0,0,0,1,0,0,0,1,0,0,0,0,0,0,0,0,1,0,1,0,0,1,0,0,0,0,0,1,1,0,0,0,1,0,1,0,0,0,0,0,0,1,1,1,0,0,0,0,0,0,0,0,0,0,0,0,0,0,0,0,0,0,0,0,0,0,0,0,0,0,0,0,0,0,0,0,0,0,0,0,0,0,0,0,0,0,0,0,0,1,0,0,0,0,0,1,0,0,0,0,1,0,1,0,0,0,0,0,0,0,0,0,0,0,0,0,0,0,0,0,0,0,0,0,0,0,0,0,0,0,0,1,0,0,0,0,0,0,0,0,0,0,0,0,0,0,1,0,0,0,0,0,0,0,1,0,0,2,1,0,0,0,0,0,0,0,1,0,0,0,0
0,0,0,1,0,0,0,0,0,0,0,0,0,0,0,0,0,0,0,0,0,0,0,0,0,0,0,0,0,0,0,0,0,0,0,0,0,0,0,0,0,0,0,0,0,0,0,0,0,0,0,0,0,0,0,0,0,0,0,0,0,0,0,0,0,0,0,0,1,0,0,0,0,0,0,0,0,0,0,0,0,0,0,1,1,0,0,1,1,0,0,0,1,0,0,0,0,0,0,0,0,0,0,0,0,0,0,1,1,1,0,0,0,0,0,0,0,0,0,0,0,1,0,0,0,0,0,0,1,0,2,1,0,0,0,0,0,0,0,0,0,2,0,0,0,0,0,0,0,0,0,1,0,2,0,0,0,0,0,0,0,1,2,0,1,0,0,0,0,0,0,0,0,0,0,0,0,0,0,0,0,0,0,1,0,0,1,0,0,1,0,0,0,0,0,0,0,0,0,0,0,0,0,0,0,0,0,0,0,0,0,0,1,1,0,0,0,0,0,0,0,1,0,0,0,0,0,0,0,0,0,0,0,0,0,0,0,0,1,0,0,0,0,0,0,0,0,0,0,1,0,0,0,0,0,0
0,0,0,1,0,1,0,0,0,1,0,0,0,0,0,0,0,0,0,0,0,0,0,0,0,1,0,0,0,0,0,0,0,0,0,0,0,0,0,0,0,0,0,0,0,0,0,0,0,1,0,0,0,0,0,0,0,0,0,0,0,0,0,0,0,0,1,0,0,1,0,0,0,2,0,0,0,0,0,0,0,0,0,1,0,0,0,0,1,0,0,0,1,1,0,0,0,0,0,0,0,0,1,0,1,0,1,0,0,0,0,0,0,0,0,0,0,0,0,0,0,0,0,0,0,0,0,0,1,0,0,0,0,0,0,0,0,1,0,0,0,0,0,0,0,0,0,0,0,0,0,0,0,0,0,0,0,0,0,0,0,0,1,0,1,0,0,0,0,0,0,0,0,0,0,0,0,0,0,0,0,0,0,0,0,0,0,0,1,1,0,2,0,0,0,0,0,0,0,0,0,1,0,0,1,0,0,0,0,0,0,0,1,0,0,0,0,0,0,0,0,1,0,0,0,0,0,0,1,0,0,0,0,0,0,0,0,0,0,0,0,0,0,0,0,0,0,0,0,1,0,0,0,0,0,2
0,0,0,0,0,0,0,0,2,0,0,0,0,0,0,0,0,0,0,0,0,4,1,0,0,0,0,0,0,0,0,0,0,0,0,0,0,0,0,0,0,0,0,0,0,0,0,0,0,0,0,0,0,0,0,0,0,0,0,0,0,0,0,0,0,0,0,0,0,0,0,0,2,2,0,0,0,0,0,0,0,0,0,0,0,0,1,0,1,0,0,0,0,1,0,0,0,0,0,0,0,0,0,0,0,0,1,0,0,1,0,0,0,1,0,0,0,1,0,0,0,0,0,0,0,0,0,0,1,0,1,0,0,0,0,0,0,0,0,0,0,0,0,0,0,0,0,0,0,1,0,0,2,1,0,0,0,0,0,0,0,0,1,0,1,0,0,0,0,0,0,0,0,0,0,0,0,0,0,0,0,0,0,0,0,0,0,0,1,1,0,0,0,0,0,0,0,0,1,0,0,0,0,0,0,0,0,0,0,0,0,2,1,0,0,0,1,0,0,0,0,1,0,0,0,0,0,0,1,0,0,1,0,0,0,0,0,0,0,0,0,1,0,0,0,0,0,0,0,1,0,0,0,0,1,1
0,0,0,0,0,0,1,0,0,0,0,0,0,0,0,0,0,0,0,0,0,0,0,0,0,0,1,0,0,0,0,0,0,0,2,0,0,0,0,0,0,0,0,0,0,0,0,0,0,1,0,0,0,1,0,0,0,0,0,0,1,0,0,0,0,0,0,1,0,1,0,0,0,0,0,0,0,0,1,0,0,1,0,0,0,0,1,0,2,0,1,0,0,0,1,0,0,0,0,0,2,0,0,0,0,0,0,0,0,0,0,0,2,1,0,0,0,1,0,0,0,0,0,0,0,0,0,0,0,0,0,0,0,0,0,0,0,1,0,0,0,0,0,0,1,0,0,0,0,0,0,0,0,0,0,2,0,0,0,0,0,0,0,0,1,0,0,1,0,0,0,0,0,0,1,0,0,1,0,0,1,0,0,0,1,0,0,2,0,0,0,0,0,0,0,0,0,0,1,0,0,1,0,0,0,0,0,0,1,0,3,0,0,0,0,0,0,0,0,0,0,0,1,1,0,0,0,0,0,0,1,0,0,0,0,0,0,0,0,0,0,0,1,0,0,0,0,0,1,0,0,1,0,1,1,0
0,0,0,0,0,0,0,0,1,0,0,0,0,0,0,0,0,0,0,0,0,0,0,2,0,0,0,0,0,0,0,0,0,0,0,0,0,0,0,0,0,0,0,0,0,0,0,0,0,0,0,0,0,0,0,0,0,0,0,0,0,0,0,0,0,0,0,0,0,0,0,0,0,0,0,0,0,0,0,0,0,0,0,0,0,0,1,0,1,0,0,0,0,1,0,0,0,0,0,0,0,0,0,0,0,1,0,0,0,1,0,0,0,0,0,0,0,0,0,0,0,0,1,0,0,0,0,0,1,0,1,0,0,0,0,0,0,0,0,0,0,0,0,0,0,0,0,0,0,0,0,0,0,0,0,0,0,0,0,0,0,0,2,0,1,0,0,0,0,0,0,0,0,0,0,0,0,1,0,0,0,0,0,0,0,0,0,0,0,1,0,0,0,0,0,0,0,0,1,0,0,0,0,0,0,2,0,0,0,0,0,0,1,0,0,1,2,0,0,0,0,1,0,1,0,0,0,0,0,0,0,1,0,0,0,2,0,0,0,0,0,0,0,0,0,0,1,0,0,1,1,0,0,0,0,1
0,0,0,0,0,0,0,1,0,0,0,1,1,0,0,0,0,0,0,0,0,0,0,0,0,0,0,2,0,0,0,0,0,0,2,0,0,0,0,0,0,0,1,0,0,0,0,0,1,0,0,0,0,0,0,0,0,0,0,1,0,0,0,0,0,0,0,0,0,0,1,0,0,0,0,0,0,0,0,0,0,1,0,0,0,0,0,0,1,0,1,0,0,1,0,0,0,0,1,0,2,0,0,0,0,0,0,0,1,0,1,0,1,1,0,0,0,1,0,0,0,1,0,1,0,0,0,0,0,0,0,0,0,0,0,0,0,0,0,0,0,0,0,0,0,0,0,0,0,0,0,0,0,0,0,0,0,0,0,0,0,0,0,0,0,1,0,0,0,0,0,0,0,0,1,0,0,0,0,0,1,1,0,0,1,0,0,0,0,0,0,0,1,0,0,0,0,0,1,0,0,0,0,0,1,0,0,0,0,0,0,1,0,0,2,0,0,0,0,0,0,1,0,0,0,0,0,0,0,0,0,0,0,0,0,0,0,0,0,0,0,1,1,1,0,1,0,0,1,1,0,1,0,3,1,0
0,0,0,0,0,0,0,0,0,0,0,0,0,0,0,0,0,0,0,0,0,0,0,0,0,0,0,0,0,0,0,0,0,0,0,0,0,0,0,0,0,0,0,0,0,0,0,0,0,0,0,0,0,0,0,0,0,0,0,0,0,0,0,0,0,0,0,0,0,0,0,0,1,0,0,0,0,0,0,0,0,0,0,0,2,0,0,0,1,0,0,0,0,0,0,1,0,0,0,0,0,0,0,0,0,0,0,0,0,1,0,0,0,0,0,0,0,0,0,0,0,0,0,0,0,0,0,0,1,0,1,0,0,0,0,0,0,0,0,0,0,0,0,0,0,0,0,0,0,0,0,0,0,0,0,2,0,1,0,0,0,0,2,0,1,1,0,0,0,1,0,0,0,0,0,0,0,0,0,0,0,0,3,0,0,0,1,0,0,1,0,0,0,0,0,0,0,0,0,0,0,1,0,0,0,0,0,0,0,0,0,0,1,0,0,0,1,0,0,0,0,1,0,0,0,0,0,0,1,0,0,1,0,1,0,0,0,0,0,1,0,0,0,0,0,0,0,1,0,1,0,0,0,0,0,1
0,0,1,0,0,1,1,0,0,0,0,0,0,0,0,0,0,0,0,0,0,0,0,0,0,0,0,0,0,0,0,0,0,0,2,0,0,0,0,0,0,0,0,0,0,0,0,0,0,0,0,0,0,0,0,0,0,0,0,0,0,0,1,0,0,0,0,0,1,0,0,0,0,0,0,0,0,0,0,0,0,0,1,0,0,0,0,0,1,0,0,0,0,0,0,0,0,0,0,0,0,0,0,1,0,0,0,0,1,0,0,0,1,1,0,0,0,1,0,0,0,0,0,1,0,0,0,0,0,0,0,0,0,0,0,0,0,0,0,0,0,0,0,0,0,0,0,0,0,0,0,0,0,0,0,1,0,0,0,1,0,0,0,1,0,0,0,2,0,0,1,0,0,0,1,0,0,0,0,0,1,0,0,0,1,1,0,0,0,0,0,0,0,0,0,0,0,0,0,1,0,0,0,0,0,0,0,0,0,0,0,0,0,0,0,1,0,0,0,0,0,0,0,0,0,0,0,0,0,0,0,0,0,0,0,0,0,0,0,0,0,1,1,0,0,0,0,0,1,0,1,1,0,0,0,0
0,0,0,0,0,0,0,0,0,0,0,0,0,0,0,0,0,0,0,0,0,0,0,0,0,0,0,0,0,0,0,0,0,0,2,0,0,0,0,0,0,0,0,1,0,0,0,0,0,0,0,0,0,0,0,0,0,0,0,1,0,0,0,0,0,0,0,0,1,0,0,0,0,0,0,0,0,0,1,0,0,0,0,0,0,0,0,0,1,0,0,0,0,0,0,0,0,0,0,0,0,0,0,1,0,0,0,0,0,0,1,0,1,1,0,0,0,1,0,0,0,0,0,1,0,0,0,0,0,0,0,0,0,0,0,0,0,0,0,0,0,0,0,0,1,0,0,0,0,0,0,0,0,0,0,0,0,0,0,1,0,0,0,0,0,0,0,0,0,0,0,0,0,0,1,0,0,0,0,0,1,0,0,0,1,0,0,0,0,0,0,0,0,0,0,0,0,0,4,0,1,0,0,0,0,0,0,0,0,0,0,0,0,0,0,0,0,0,0,0,0,0,0,0,0,0,0,0,0,0,0,0,0,0,0,0,0,0,0,1,0,1,2,2,0,0,0,0,0,0,0,2,0,1,0,0
0,0,0,0,0,0,0,0,0,0,0,0,1,0,0,0,0,1,0,0,0,0,0,0,0,0,0,0,0,0,0,0,0,0,0,0,0,0,0,0,0,0,0,0,0,0,0,0,0,0,0,0,0,0,0,0,0,0,0,0,0,0,0,0,0,0,0,0,0,0,0,0,1,0,0,0,0,0,0,1,0,0,0,1,0,1,0,0,1,0,0,0,1,0,0,0,0,0,0,0,0,0,0,0,0,0,0,0,1,0,0,0,0,0,0,0,0,0,0,0,0,0,0,0,0,0,0,0,1,0,0,0,0,0,0,0,0,0,0,0,1,0,0,0,0,0,1,0,0,0,0,0,0,0,0,0,0,1,0,0,0,0,0,0,0,0,0,0,0,0,0,0,0,0,1,0,0,0,0,0,0,0,0,0,0,0,0,0,1,1,0,0,0,0,0,0,0,0,0,0,0,0,0,0,0,0,0,0,0,1,0,0,1,0,0,0,1,0,0,0,2,1,0,1,0,0,0,0,0,0,0,1,0,0,1,1,1,0,0,0,0,0,0,0,0,0,2,0,1,0,0,0,0,0,0,2
0,0,0,0,1,0,0,0,0,0,0,0,0,1,0,0,0,0,0,0,0,0,1,1,1,0,0,0,0,0,0,0,0,0,0,0,0,0,0,0,0,0,0,0,0,1,0,0,3,0,0,0,0,0,0,0,0,0,0,0,0,0,1,0,0,1,0,1,7,1,0,0,0,0,0,0,1,0,0,0,0,0,0,0,0,0,2,0,2,0,0,0,0,0,0,0,0,0,0,0,0,0,1,0,5,5,0,0,0,1,0,0,0,0,0,0,0,0,1,0,0,0,0,1,0,0,0,0,1,1,1,0,0,0,0,0,0,0,0,0,0,0,0,0,1,0,0,0,0,0,0,0,0,2,0,0,0,0,0,0,0,0,6,0,1,0,0,0,0,0,0,0,0,1,0,0,0,0,0,0,1,0,0,0,0,0,0,0,0,1,0,0,0,0,0,0,0,0,1,0,0,0,0,0,0,1,0,0,0,1,0,0,1,0,0,0,0,0,0,0,0,1,0,0,0,0,0,0,1,0,0,0,0,0,0,1,0,0,0,0,0,0,0,1,0,0,0,0,0,0,0,0,0,0,0,1
0,2,0,0,0,0,0,0,2,0,0,0,0,0,2,0,0,1,0,0,0,1,0,0,0,0,1,0,2,0,0,0,0,0,0,0,0,0,0,0,0,0,0,0,0,0,0,0,0,0,0,0,0,0,0,0,0,0,0,0,0,0,0,0,0,0,0,0,0,0,0,0,0,0,0,0,0,0,0,0,0,0,0,0,0,0,0,0,1,0,0,0,0,0,1,0,0,0,0,0,0,0,1,0,0,0,0,0,1,0,0,0,0,0,0,0,0,0,0,0,0,0,0,0,0,0,0,0,1,0,0,0,0,0,0,0,1,0,0,0,0,1,0,0,0,0,1,1,0,0,0,0,0,0,0,0,0,0,0,0,0,0,2,0,1,0,0,0,1,0,0,0,0,0,0,0,0,0,0,0,0,0,0,0,0,0,1,0,0,1,0,1,0,0,0,1,0,0,0,0,0,0,0,1,0,0,0,0,0,0,0,0,1,0,2,0,1,0,0,0,1,1,0,0,0,0,0,0,0,0,0,1,0,0,0,0,0,0,0,0,0,1,0,0,0,1,0,0,0,1,0,0,0,0,0,1
0,0,0,0,0,0,0,0,0,0,0,0,0,0,0,0,1,0,0,0,0,0,0,0,0,0,0,0,0,0,0,1,0,0,2,0,0,0,0,0,0,0,0,0,0,0,0,0,0,1,0,0,0,0,0,1,0,0,0,0,0,0,0,0,0,0,0,0,0,0,0,0,0,0,0,0,0,0,0,0,0,0,0,0,0,0,1,0,1,0,0,0,0,0,0,0,0,0,0,0,0,0,0,1,0,0,0,0,1,0,0,0,1,1,0,0,0,1,0,0,0,0,0,1,0,0,0,0,0,0,0,0,0,0,0,0,0,0,0,0,0,0,0,0,0,0,0,0,0,0,0,0,0,0,0,0,0,0,0,0,1,0,0,0,0,0,0,0,0,0,1,0,0,0,1,0,0,0,0,0,1,0,0,0,0,0,0,0,0,0,0,0,0,0,0,0,0,0,0,0,0,0,0,0,0,0,0,0,0,0,0,0,0,0,0,0,1,0,0,0,0,0,0,1,0,0,0,0,0,0,0,0,0,0,0,0,0,0,0,0,0,1,1,0,0,0,0,0,0,0,0,1,1,0,0,0
0,0,0,0,0,0,0,0,0,0,0,0,0,0,0,0,0,0,0,0,0,0,0,0,0,0,0,0,0,0,0,0,0,0,0,0,0,0,0,0,0,0,0,0,0,0,0,0,0,0,0,0,0,0,0,0,0,0,0,0,0,0,0,0,0,0,0,0,0,0,0,0,0,0,0,0,0,0,0,1,0,0,0,1,0,0,0,0,1,0,0,0,1,0,0,1,0,0,0,0,0,0,1,0,0,0,0,0,0,1,0,0,0,0,0,0,0,0,0,0,0,0,0,0,0,0,0,0,1,0,2,0,0,0,0,0,0,0,0,0,0,1,0,0,0,0,0,0,0,0,0,1,0,0,0,0,0,0,0,0,0,0,1,0,1,0,0,0,0,0,0,0,0,0,0,0,0,0,0,0,0,0,0,0,0,0,0,0,0,1,0,0,0,0,0,0,0,0,0,0,0,0,0,0,0,0,0,0,0,0,0,0,1,1,0,0,1,0,0,0,0,1,0,0,0,0,0,0,0,0,0,1,0,0,0,0,0,0,0,0,0,0,0,0,1,0,0,0,0,1,0,0,0,1,0,1
0,0,0,0,0,0,0,0,0,0,0,0,0,0,0,0,0,0,0,0,0,0,0,0,0,0,0,0,0,0,0,1,0,0,2,0,0,0,0,0,0,0,0,0,0,0,0,0,0,0,0,0,0,0,0,0,0,0,0,1,0,0,0,0,0,0,0,0,0,0,0,0,0,0,0,0,0,0,0,0,0,0,0,0,0,0,0,0,1,0,0,0,0,0,0,0,0,0,0,0,0,0,0,1,0,0,0,0,1,0,0,0,1,1,0,0,0,1,0,0,0,0,0,0,0,0,0,0,0,0,0,1,0,0,0,0,0,0,0,0,0,0,0,0,0,0,0,0,0,0,0,0,0,0,0,1,0,0,0,2,0,0,0,0,0,0,0,0,0,0,0,0,0,0,1,0,0,0,0,0,1,0,0,0,1,0,0,0,0,0,0,0,0,0,0,0,0,0,0,0,1,0,0,0,0,0,0,0,0,0,0,0,0,0,0,0,0,0,0,0,0,0,0,0,0,0,0,0,0,0,1,0,0,0,0,0,0,0,0,0,0,1,1,1,0,0,0,0,0,0,0,1,0,1,0,0
0,0,0,0,2,0,0,0,1,0,0,0,0,0,0,0,0,0,0,0,0,1,0,0,0,0,0,0,0,1,0,0,0,0,0,0,0,0,0,0,0,0,0,0,0,0,0,0,0,0,0,0,0,0,0,0,0,0,0,0,0,0,0,0,0,0,0,0,0,0,0,0,0,0,0,0,1,0,0,0,0,0,0,0,0,0,1,0,1,0,0,0,0,0,1,0,1,0,0,0,0,0,0,0,0,1,0,1,0,2,0,0,0,0,2,0,0,0,0,0,0,0,0,0,0,0,0,0,1,0,1,0,0,1,0,0,0,3,0,0,0,0,0,0,0,0,0,0,0,2,0,0,0,0,0,0,0,0,0,0,0,0,2,0,1,0,0,0,0,0,0,0,0,0,0,0,0,0,0,0,0,0,0,0,0,0,0,0,0,1,1,0,0,0,0,0,0,0,0,0,0,0,0,0,1,0,0,0,0,0,0,0,1,0,0,1,2,0,0,0,0,1,0,0,0,0,0,0,0,0,0,0,0,0,0,0,1,0,0,0,0,0,0,0,0,0,0,0,0,2,0,0,0,0,1,1
0,0,0,0,0,0,0,0,0,0,0,0,0,0,0,0,0,0,0,0,0,1,1,0,0,0,0,0,1,0,0,0,0,0,0,0,0,0,0,0,0,0,0,0,0,0,0,0,0,0,0,0,0,0,0,0,0,0,0,0,0,0,0,0,0,0,0,0,0,0,0,0,0,1,0,0,0,0,0,0,0,1,0,0,0,1,0,1,1,0,0,0,0,0,2,0,0,0,0,1,1,0,0,0,1,0,0,0,0,1,0,0,0,0,0,0,0,0,0,0,0,0,0,0,0,0,0,0,1,0,1,0,0,0,0,0,0,0,0,0,0,0,1,0,0,0,0,0,0,0,0,0,0,1,0,0,0,0,0,0,0,0,3,0,1,0,0,1,0,0,1,0,0,0,0,0,0,0,0,0,0,0,0,0,1,0,0,0,0,1,0,0,0,0,0,0,0,0,1,0,0,0,0,0,0,1,0,0,0,0,0,0,1,0,0,0,1,0,0,0,0,1,0,1,0,0,0,0,0,0,0,0,0,0,0,0,3,0,0,0,0,0,0,1,0,0,0,0,0,1,1,0,0,1,0,1
0,1,1,0,0,0,0,0,0,0,1,0,0,0,0,0,0,0,0,0,0,0,0,0,0,0,0,0,0,0,0,0,1,0,0,2,1,0,0,0,0,0,0,0,0,0,1,0,0,0,0,0,0,0,0,0,0,0,0,0,0,0,0,1,0,0,0,0,0,0,1,0,0,1,0,0,0,0,0,0,0,0,0,0,0,0,1,0,0,0,0,0,0,0,0,0,0,0,0,0,0,0,0,0,0,0,0,0,1,0,0,0,0,0,0,1,0,0,0,0,0,0,0,0,0,0,1,0,0,0,1,0,0,0,0,0,1,0,0,2,0,0,0,0,0,1,0,0,0,1,0,0,1,0,0,0,0,0,0,0,0,0,0,0,0,0,0,0,0,1,0,0,0,1,0,0,0,0,0,0,0,0,0,0,0,0,0,0,0,0,0,0,1,0,2,0,0,0,0,0,1,0,0,0,0,0,0,0,0,0,0,1,0,2,0,0,0,0,1,0,0,1,0,0,0,0,1,1,0,0,0,2,0,1,0,0,0,0,0,0,0,0,0,0,1,0,0,0,0,0,0,0,0,0,0,1
0,0,0,0,0,0,0,0,0,0,0,0,0,0,0,0,0,0,0,0,0,0,0,0,0,0,0,0,0,0,0,0,0,0,0,0,0,0,0,0,0,0,0,0,0,0,0,0,0,0,0,0,0,0,0,0,0,0,0,0,0,0,0,0,0,1,0,0,0,1,0,0,0,1,0,0,0,0,0,0,0,0,0,0,0,0,0,0,1,0,0,0,1,0,0,0,0,0,0,0,0,0,0,0,0,0,0,0,0,1,0,0,0,0,0,0,0,0,0,0,0,0,0,0,0,0,0,0,1,0,1,0,0,0,0,0,0,0,0,0,0,0,0,0,1,0,0,0,0,0,0,1,1,0,0,0,0,0,0,0,0,0,1,0,1,0,0,0,0,0,0,0,0,0,0,0,0,0,0,0,0,0,0,0,0,0,0,0,0,1,0,0,0,0,0,0,1,1,1,0,0,0,0,0,1,0,0,0,0,0,0,0,1,0,0,0,1,0,0,0,0,1,0,0,0,0,0,0,1,0,0,0,0,0,0,0,0,0,0,0,0,0,0,0,0,0,0,0,0,1,0,0,0,0,0,1
2,0,0,0,0,0,0,0,0,0,0,0,0,2,0,0,0,0,0,0,0,0,0,0,0,0,0,0,0,0,0,1,0,0,2,0,0,0,0,0,0,0,0,0,0,0,0,0,0,0,0,0,0,0,0,0,0,0,0,0,0,0,0,0,0,0,0,0,0,0,0,0,0,0,0,0,0,0,0,0,0,0,0,0,0,0,0,0,1,0,0,0,0,0,0,0,0,0,0,0,0,0,1,1,0,0,0,0,0,1,1,0,1,1,0,0,0,2,0,0,0,0,0,1,0,0,1,0,0,0,0,0,0,0,0,0,0,0,0,0,0,0,0,0,0,0,0,0,0,0,0,0,0,0,0,0,0,0,0,0,0,0,0,0,3,0,0,0,0,0,1,0,0,0,1,0,0,2,0,0,1,0,0,0,1,0,0,0,0,0,0,0,0,0,0,0,0,0,0,0,1,0,0,0,0,0,0,0,0,0,0,0,0,0,0,0,0,0,0,0,0,0,0,1,0,0,0,0,0,0,0,0,0,0,0,0,0,0,0,1,0,1,3,0,0,1,0,0,0,0,2,1,1,1,0,0
0,0,0,0,0,0,0,0,0,0,0,0,0,0,1,0,0,0,0,0,0,0,0,0,0,0,1,0,0,0,0,0,0,0,0,0,0,0,0,0,0,0,0,0,0,0,0,0,0,0,0,0,0,0,0,0,0,0,0,0,1,0,0,1,0,1,0,1,0,0,0,0,0,1,0,0,0,0,0,0,0,0,0,0,0,0,0,0,1,0,0,0,1,0,0,0,0,0,0,0,0,0,0,0,1,0,0,0,0,1,0,0,0,0,0,0,0,0,0,0,0,0,0,0,0,0,0,0,1,0,1,0,0,0,0,0,1,0,0,0,0,1,0,0,1,0,0,0,0,0,0,0,0,0,0,0,0,0,0,0,0,0,2,0,2,0,0,0,0,0,0,0,0,0,0,1,0,0,0,0,0,0,2,0,0,0,0,0,0,1,0,0,0,0,0,0,0,0,0,0,0,0,0,0,0,0,0,0,0,0,0,0,1,0,0,0,0,0,0,0,1,1,0,1,0,0,0,0,0,1,0,0,0,0,0,0,0,0,0,0,0,0,0,0,0,0,0,0,1,1,0,0,0,0,0,1
0,0,0,0,0,0,0,0,1,0,0,0,0,0,0,0,0,0,0,0,0,0,1,1,0,0,0,0,0,0,0,0,0,0,1,0,0,0,0,0,0,0,0,0,0,0,0,0,1,0,0,0,0,0,0,0,0,0,0,1,0,0,0,0,0,0,0,1,0,0,0,0,0,0,0,0,1,0,0,0,1,0,0,0,0,0,0,0,1,0,0,0,0,0,0,0,0,0,0,0,0,0,1,0,0,0,0,0,0,1,0,0,0,0,0,0,0,0,0,0,0,0,0,0,0,0,0,0,1,0,1,0,0,0,0,0,0,0,0,0,0,0,0,0,0,0,0,0,0,0,0,0,0,0,0,0,0,0,0,0,0,0,2,0,1,1,0,0,0,0,0,0,0,0,0,0,0,0,0,0,0,0,1,0,0,1,1,0,0,1,0,0,0,0,0,0,0,0,0,0,0,0,0,0,1,0,0,0,0,0,0,0,1,0,0,0,2,0,0,0,0,1,0,0,0,0,0,0,0,1,0,0,0,0,0,0,0,0,0,0,0,0,1,0,1,0,0,0,0,1,0,0,0,0,0,1
0,0,0,0,0,0,0,0,0,0,0,0,0,0,0,0,0,0,0,0,0,0,0,0,0,0,0,0,0,0,0,0,0,0,0,0,2,0,0,0,0,0,0,0,0,0,0,0,0,0,0,0,0,0,0,0,0,0,0,0,0,0,0,0,0,0,0,0,0,0,0,0,1,0,0,0,0,0,1,0,0,0,0,0,0,0,0,0,1,0,0,0,0,1,0,1,0,0,0,0,0,0,0,0,0,0,0,0,0,1,0,0,0,0,0,0,0,0,0,0,0,0,0,0,0,0,0,0,1,0,1,0,0,0,0,0,0,0,0,0,1,0,0,0,1,0,0,0,0,1,0,0,0,0,0,0,0,0,0,0,0,0,2,0,1,0,0,0,0,0,0,0,0,0,2,0,0,0,0,0,0,0,0,0,0,0,0,0,0,1,0,0,0,0,0,0,0,0,0,0,0,0,0,0,0,1,0,0,0,0,0,0,1,0,0,0,2,0,0,0,0,1,0,0,0,0,0,0,1,1,0,1,0,0,0,0,0,0,0,1,0,0,0,0,1,0,0,0,0,1,0,0,0,0,0,2
0,0,0,0,0,0,0,3,0,0,0,0,0,0,0,0,1,0,0,0,0,0,0,0,0,0,0,0,0,0,0,0,0,0,0,0,0,1,0,0,0,0,0,0,0,0,0,0,0,0,0,1,0,0,0,0,0,0,0,0,0,0,0,1,0,0,0,0,0,1,0,0,0,1,0,0,0,0,0,2,0,0,0,0,0,0,0,0,1,0,0,0,1,1,0,0,0,0,0,0,0,0,0,0,0,0,0,0,0,1,0,1,0,0,0,0,0,0,0,0,0,0,0,0,0,0,0,0,1,0,1,0,0,0,0,0,0,0,0,0,0,0,0,0,0,0,0,0,0,0,0,0,0,0,0,0,0,0,0,0,0,0,4,0,1,0,0,0,0,0,1,2,0,0,0,0,0,0,0,0,0,0,0,0,0,0,0,0,3,1,0,0,0,0,0,0,0,0,0,0,0,0,0,0,0,0,0,0,1,0,0,3,1,0,0,0,2,0,0,0,3,1,0,0,0,0,0,0,0,0,0,1,0,0,0,0,1,0,1,0,0,0,0,0,1,0,0,0,0,2,0,0,0,0,0,1
0,0,0,0,0,0,0,0,0,0,0,0,0,0,0,0,0,0,0,0,0,0,0,0,0,0,0,0,0,1,0,0,0,0,0,0,1,1,0,0,0,0,0,0,0,0,0,0,0,0,0,0,0,0,0,0,0,0,0,0,0,0,0,0,0,0,0,0,0,1,0,0,0,0,0,0,0,0,0,0,0,0,0,0,0,0,0,0,2,0,0,0,0,0,0,0,0,0,0,0,0,0,1,0,0,0,0,0,1,0,0,0,0,1,0,0,0,0,0,0,0,0,0,0,0,0,0,0,1,0,0,0,0,0,0,0,0,0,1,0,0,0,0,0,0,0,0,0,0,1,0,0,0,1,0,0,0,0,0,0,0,0,0,0,0,0,0,1,0,0,0,0,0,0,1,0,1,0,0,0,0,0,0,0,0,0,0,0,0,1,0,0,0,0,0,0,0,0,0,0,0,0,0,0,0,0,0,0,0,0,0,0,1,0,0,1,2,0,0,0,0,1,0,0,0,0,0,0,0,0,0,0,0,0,0,0,0,0,0,0,0,0,1,0,0,0,0,0,0,0,0,0,0,0,0,1
0,0,0,0,0,0,0,0,0,0,0,0,0,0,0,0,0,0,0,0,0,0,0,0,0,0,0,0,0,0,0,0,0,0,0,0,0,0,0,0,0,0,0,0,0,0,0,0,0,0,0,0,0,0,0,0,0,0,0,0,0,0,1,0,0,0,0,0,0,0,0,0,0,0,0,0,0,0,0,0,0,0,0,0,0,0,0,0,1,0,0,0,0,0,0,0,0,0,0,0,0,0,0,0,0,0,0,0,0,1,0,0,0,0,0,0,0,0,0,0,0,0,0,0,0,0,0,0,1,1,1,0,0,0,0,0,1,0,0,0,1,0,0,0,0,0,0,1,0,0,0,0,0,1,0,0,0,0,0,0,0,0,1,0,1,0,0,0,0,0,1,0,0,0,0,0,0,0,0,0,0,0,0,0,0,0,0,0,0,1,0,0,0,0,0,0,1,0,0,0,0,1,0,0,0,0,0,0,0,0,0,0,1,0,0,1,0,0,1,0,0,1,0,0,0,0,0,0,1,0,0,0,0,0,0,1,0,0,0,0,0,0,0,0,0,0,0,0,0,1,0,0,0,0,0,1
0,0,0,0,0,0,0,0,0,0,0,0,0,0,0,0,0,0,0,1,0,0,0,0,0,0,0,0,0,0,0,0,0,0,0,0,0,0,0,0,0,0,0,0,0,0,0,0,0,0,0,0,0,0,0,0,0,0,0,0,0,0,0,0,0,1,0,0,0,0,0,0,0,1,0,0,0,0,0,0,0,0,0,0,0,0,1,1,1,0,0,0,1,0,0,0,0,0,0,0,0,0,0,0,0,0,0,0,1,1,0,0,0,0,0,0,0,0,0,0,0,0,0,0,0,0,0,0,1,0,1,0,0,0,0,0,0,0,0,0,0,0,0,0,0,0,0,0,0,0,0,0,0,0,0,0,0,0,0,0,0,0,1,1,1,0,0,0,0,1,0,0,0,0,1,0,0,0,0,0,0,0,0,0,0,0,0,0,0,1,0,0,0,0,0,0,0,0,0,0,0,0,0,0,0,0,0,0,0,0,0,0,1,0,0,1,1,0,0,0,0,1,0,0,0,0,0,0,1,0,0,0,0,0,0,0,0,0,0,0,0,0,0,0,0,0,0,0,0,1,0,0,0,0,0,1
0,0,0,0,0,0,0,0,0,0,0,0,0,0,0,0,0,0,0,0,0,0,0,1,0,0,0,0,0,0,0,0,0,0,0,0,0,0,0,0,0,0,0,0,0,0,0,0,0,0,0,0,0,0,0,0,0,0,0,0,0,0,0,0,0,1,0,0,0,0,0,0,1,1,0,0,0,0,0,0,0,0,0,0,0,0,0,1,1,0,0,0,0,0,0,0,0,0,0,0,0,0,1,0,0,2,0,0,0,1,0,0,0,0,0,0,0,0,0,0,0,0,0,0,0,0,0,0,1,0,1,0,0,0,0,0,0,0,0,0,1,0,0,0,0,0,0,0,0,0,0,0,0,0,0,0,0,0,0,0,0,0,0,0,1,0,0,0,0,0,0,0,0,0,0,0,0,0,0,0,0,0,0,0,0,0,0,0,0,1,0,0,0,0,0,2,0,2,0,0,0,0,0,0,1,0,0,0,0,0,0,1,1,0,0,0,2,0,0,0,1,1,0,1,0,0,0,0,0,0,0,0,0,0,0,0,0,0,0,0,0,0,0,0,0,3,0,0,0,0,0,0,1,0,0,1
1,1,0,0,0,0,0,0,0,0,0,0,0,0,0,0,0,0,0,0,1,0,0,0,0,0,0,0,0,0,0,0,0,0,0,0,0,0,0,0,0,0,0,0,0,3,0,0,0,0,0,0,0,0,0,0,0,0,0,0,1,0,0,0,0,0,0,0,0,0,0,0,0,0,0,0,0,0,0,0,0,0,0,1,0,0,0,0,1,0,0,0,0,0,0,0,0,0,0,0,0,0,0,0,0,0,0,0,1,1,0,0,0,0,0,0,0,0,0,0,0,0,0,0,0,0,0,0,1,0,1,0,0,0,0,0,0,1,0,0,0,0,0,0,0,0,0,0,0,1,0,0,1,0,0,0,0,0,0,0,0,0,3,0,1,0,1,0,0,1,0,0,0,0,0,0,0,0,0,0,0,0,0,0,0,0,0,0,0,1,0,0,0,0,0,0,0,0,0,2,0,0,1,0,2,0,0,0,0,0,0,3,1,0,0,0,1,0,0,0,0,1,0,1,0,0,0,0,1,0,0,0,0,0,0,0,0,0,0,0,0,0,0,0,0,0,0,0,0,1,0,1,0,0,1,1
0,0,0,0,0,0,0,0,0,0,0,0,0,0,0,0,0,0,0,0,0,0,0,0,0,0,0,0,0,0,0,0,0,0,0,0,0,0,0,0,0,2,0,0,0,1,0,0,2,0,0,0,0,0,0,0,0,0,0,0,0,0,0,0,0,0,0,0,0,0,0,0,0,0,0,0,1,0,0,0,0,0,0,0,0,0,0,1,1,0,0,0,1,1,1,0,0,0,0,0,0,0,2,0,0,0,0,0,0,1,0,0,0,0,0,0,0,0,0,0,0,0,0,0,0,0,0,0,1,0,1,0,0,0,0,0,0,0,0,0,0,0,0,0,0,0,0,0,0,0,0,0,0,0,0,0,0,0,0,0,0,0,2,0,1,0,0,0,0,0,0,0,0,0,0,0,0,0,0,0,0,0,0,0,0,0,0,0,0,1,0,0,0,0,0,0,0,0,1,0,0,2,0,0,0,0,0,0,0,0,0,1,1,0,0,0,1,0,0,0,0,1,0,0,0,0,0,0,1,0,0,1,0,0,0,0,0,0,0,1,0,0,0,0,0,0,0,0,0,1,0,0,0,0,0,1
0,0,0,0,0,0,1,0,0,0,0,0,0,0,0,0,0,0,0,0,0,0,0,0,0,0,0,0,0,0,0,0,0,0,0,0,0,0,0,0,0,0,0,0,0,0,0,0,0,0,0,0,0,0,0,0,0,0,0,0,0,0,0,0,0,0,0,1,0,0,0,0,0,0,0,0,1,0,0,0,0,1,0,0,0,0,0,0,1,0,0,0,1,1,0,0,0,0,0,0,0,0,1,0,0,0,0,0,0,1,0,0,0,0,0,0,0,0,0,0,0,0,0,0,0,0,0,0,1,0,1,0,0,0,0,0,0,0,0,0,0,0,0,0,0,0,0,0,0,0,0,0,0,1,0,0,0,0,0,0,0,0,2,0,1,0,0,0,0,1,0,0,0,0,0,0,0,0,0,0,0,0,1,0,0,0,0,0,0,1,0,0,0,0,0,0,0,0,0,0,0,0,0,0,0,0,0,0,0,0,0,0,1,0,0,0,1,0,0,0,1,1,0,1,0,0,0,0,1,1,0,0,0,0,0,0,1,0,0,0,0,0,0,0,1,1,1,0,0,1,0,0,0,0,1,1
0,0,0,0,0,1,0,0,1,1,1,0,0,0,0,0,0,0,0,0,0,0,0,0,0,0,0,0,0,0,0,0,0,0,0,1,0,0,0,0,0,0,0,0,0,0,0,0,0,1,0,0,0,0,0,1,0,2,0,0,0,0,0,0,0,0,0,0,0,0,0,0,2,0,0,0,0,0,0,0,0,0,0,0,0,0,0,0,0,0,0,0,0,0,0,0,0,0,0,0,0,0,0,0,0,0,0,0,0,0,0,0,0,0,0,0,0,0,0,0,0,0,0,0,0,0,0,0,0,0,0,0,2,0,1,0,0,0,0,0,0,2,1,0,0,0,1,0,0,0,0,0,0,0,0,0,0,0,0,0,0,0,0,0,0,0,0,0,0,0,0,0,0,0,0,0,0,0,0,0,0,0,0,0,0,1,0,0,0,0,1,1,0,1,0,0,0,1,0,0,1,0,0,0,0,0,0,0,0,0,0,0,1,0,0,0,0,0,0,0,0,0,0,1,0,0,0,0,0,0,0,1,1,1,0,1,0,0,0,0,0,0,0,0,0,0,0,0,0,1,0,0,0,0,0,1
0,0,0,0,0,0,0,0,0,0,0,0,0,0,0,0,0,0,0,0,0,0,0,0,0,0,0,0,0,0,0,0,0,0,0,0,0,0,0,0,0,0,0,0,0,0,0,0,0,0,0,0,0,0,0,0,0,0,3,1,0,0,0,1,0,0,0,0,0,0,0,0,0,0,0,0,1,0,0,0,0,0,0,0,0,0,1,0,1,0,0,0,1,0,0,0,0,0,0,0,0,1,0,0,0,0,0,0,1,1,0,0,0,0,0,0,0,0,0,0,0,0,0,0,0,0,0,0,1,0,1,0,0,0,0,0,0,0,0,0,0,1,0,0,0,0,0,0,0,1,0,0,3,0,0,0,0,0,0,0,0,0,2,0,1,1,1,0,0,0,0,0,0,0,0,0,1,0,0,0,0,0,0,0,0,0,0,0,0,1,0,0,0,0,0,0,0,0,0,0,0,0,0,0,1,0,0,0,0,0,0,0,1,0,0,0,2,0,0,0,0,2,0,1,0,0,0,0,0,0,0,0,0,1,0,1,1,0,1,0,0,0,0,0,0,0,0,0,0,1,0,0,0,0,1,1
0,0,1,0,0,0,0,0,1,0,0,0,0,0,0,0,0,0,0,0,0,0,0,0,0,0,0,0,0,0,0,0,0,0,0,0,2,1,1,0,0,0,0,0,0,0,0,0,0,0,0,0,0,0,0,0,0,0,1,0,0,0,0,0,0,0,0,0,0,0,0,0,0,2,0,0,0,0,0,1,0,0,0,0,0,0,0,0,1,0,0,0,1,0,0,0,0,0,0,0,1,0,1,0,0,0,0,0,0,1,0,0,0,0,0,0,0,0,0,0,0,0,0,0,0,0,0,0,1,0,1,0,0,0,0,0,0,0,0,0,0,0,0,0,0,0,0,0,0,0,0,0,0,0,0,0,0,0,0,0,0,0,1,0,1,0,0,0,0,0,1,0,0,0,0,0,0,1,0,0,0,0,0,0,0,0,0,0,0,1,0,0,0,0,0,0,0,0,0,0,0,0,0,1,0,1,0,0,0,0,0,0,1,0,1,0,2,0,0,0,0,1,0,0,0,0,0,0,0,0,0,1,0,0,0,0,0,0,0,0,0,0,0,0,0,0,0,0,0,1,0,0,0,0,0,1
0,0,0,0,0,0,0,0,0,0,0,0,0,0,0,0,0,0,0,0,0,0,0,0,0,0,0,0,0,0,0,0,0,0,0,0,0,0,0,0,0,0,0,0,0,1,0,0,0,0,0,1,0,0,0,0,0,0,0,0,0,0,0,0,0,0,0,0,0,0,0,0,0,1,0,0,0,1,0,0,0,0,0,1,0,0,0,1,1,0,0,0,1,0,0,0,0,0,0,1,0,0,0,0,0,0,1,0,0,1,0,0,1,0,0,0,0,0,0,0,0,0,0,0,0,0,0,0,1,0,1,0,0,0,1,0,0,0,0,0,0,0,0,0,0,1,0,0,0,1,0,0,0,0,0,0,0,0,0,0,0,0,2,0,1,1,0,0,0,0,0,0,0,0,0,0,0,0,0,0,0,0,1,0,0,0,0,0,0,1,0,0,0,0,0,0,0,0,0,0,0,0,0,0,0,0,0,0,0,0,0,0,1,0,0,0,1,0,0,0,0,1,0,0,0,0,0,0,0,1,0,1,0,0,0,0,0,0,0,0,0,0,0,0,0,0,0,0,0,1,0,2,0,0,0,1
2,0,1,0,0,0,0,0,0,0,0,0,0,2,0,0,0,0,0,0,0,0,0,0,0,0,1,0,0,0,0,0,0,0,1,0,0,0,0,0,0,0,0,0,0,0,0,0,0,0,0,0,0,0,0,0,0,0,0,0,0,0,0,0,0,0,0,0,0,0,0,0,0,0,0,0,0,0,0,0,0,0,0,0,0,0,0,0,1,0,0,0,0,0,0,0,0,0,0,0,0,0,0,2,1,0,0,0,1,0,0,0,1,1,0,0,0,1,0,0,0,0,0,0,0,0,0,0,0,0,0,0,0,0,0,0,0,0,0,2,0,0,0,0,1,0,0,0,0,3,0,0,0,0,0,1,0,0,0,0,0,0,0,0,2,0,0,0,0,0,0,0,0,0,1,0,0,0,0,0,1,0,0,0,0,0,0,0,0,0,0,0,0,0,0,0,0,0,0,0,2,0,0,0,0,0,0,0,0,0,2,0,0,0,0,0,0,0,0,0,0,0,0,1,0,0,0,0,1,0,0,0,0,3,0,0,0,0,0,0,0,0,2,0,0,0,0,0,1,0,0,1,0,0,0,1
0,1,0,0,0,0,1,0,0,0,0,0,0,1,0,0,0,0,0,0,0,0,0,0,0,0,0,0,0,0,0,0,0,0,0,0,0,0,0,0,0,0,0,0,0,0,0,0,0,0,0,0,0,0,0,0,0,0,0,0,0,0,0,0,0,0,0,0,0,1,0,0,0,0,0,0,1,0,0,1,0,0,0,0,0,0,0,0,1,0,0,0,1,0,0,0,0,0,0,0,0,0,0,0,0,0,0,0,0,1,0,0,0,0,0,0,0,0,0,0,0,0,0,0,0,0,0,0,1,0,1,2,1,0,0,0,0,0,0,0,0,0,0,0,0,1,0,0,0,0,0,0,3,0,0,0,0,0,0,0,0,1,1,0,2,0,0,0,0,0,0,0,0,1,0,0,0,0,0,0,0,0,0,0,0,0,0,0,0,1,0,0,0,0,0,0,0,0,0,0,0,1,2,2,1,0,0,0,0,0,0,0,1,0,0,1,1,0,0,0,3,1,0,4,0,1,0,0,0,0,0,0,0,0,0,1,0,0,1,0,0,0,0,0,0,0,1,0,0,1,0,0,0,0,0,2
0,0,0,0,0,0,0,0,0,0,0,0,0,0,0,0,0,0,0,0,1,0,0,0,0,0,0,0,0,0,0,0,0,0,2,0,0,0,0,0,0,0,0,0,0,0,0,0,0,0,0,0,0,0,0,0,0,1,0,0,0,0,0,0,0,0,0,0,0,0,0,0,0,1,0,0,0,0,0,0,0,0,0,0,0,0,0,0,2,0,0,0,0,0,0,0,0,0,0,0,0,0,0,2,0,0,0,0,0,0,0,0,1,0,0,0,0,0,0,0,1,0,0,0,0,0,0,0,1,0,1,0,0,0,0,0,0,2,0,0,0,0,0,0,0,0,0,0,0,0,0,0,0,1,0,0,0,0,0,0,0,0,2,0,0,0,0,0,0,0,0,0,1,0,1,0,0,0,0,0,0,0,0,1,0,0,0,0,0,1,0,0,0,0,0,0,0,0,0,0,0,0,0,0,0,0,0,0,0,0,0,0,1,1,0,0,2,0,0,0,0,1,0,0,0,0,0,0,0,0,0,0,0,0,0,1,0,0,0,0,0,1,1,0,0,0,0,0,0,1,0,0,0,0,0,1
0,0,1,0,0,0,0,0,0,0,0,0,0,0,0,0,0,0,0,0,0,0,0,0,0,0,1,0,0,1,0,0,0,0,2,0,0,0,0,0,0,0,0,1,0,0,0,0,0,0,0,4,1,0,1,0,0,1,0,0,0,0,0,0,0,0,0,0,0,1,0,0,1,0,0,0,0,0,0,0,0,1,0,0,0,0,0,0,1,0,1,0,0,0,0,0,0,0,1,0,0,0,1,1,0,0,0,0,1,0,0,0,1,1,0,0,0,1,0,0,0,0,0,0,0,0,0,0,0,0,0,0,0,0,0,0,0,0,0,0,0,2,0,1,0,0,0,0,0,0,0,0,0,0,0,0,0,0,0,0,0,0,0,0,3,0,0,0,0,0,0,0,1,0,1,0,0,3,0,0,1,0,0,0,1,1,0,0,0,0,0,0,0,0,0,0,2,0,0,0,4,0,0,0,0,0,0,0,2,0,0,0,0,0,0,0,0,0,1,0,0,0,0,0,0,0,0,1,0,1,0,0,0,0,0,0,0,0,0,0,0,0,2,1,0,0,0,0,1,0,0,1,0,1,0,0
0,0,0,0,0,0,0,0,0,0,0,0,0,0,0,0,0,0,0,0,0,0,0,0,0,0,0,0,0,0,0,0,0,0,0,0,0,0,0,0,0,0,0,0,0,0,0,0,0,0,0,0,0,0,0,0,0,0,0,0,0,0,0,0,0,0,0,0,0,0,0,0,0,0,0,0,0,0,0,0,0,0,0,0,1,0,0,0,1,0,0,0,0,0,0,1,0,0,0,0,0,0,0,0,0,0,0,0,0,1,0,0,0,0,0,0,0,0,0,0,0,0,0,0,0,0,0,0,1,0,1,0,0,0,0,0,0,0,0,0,0,0,0,0,0,0,0,0,0,0,0,0,0,0,0,1,0,0,0,0,0,0,1,0,1,0,0,0,0,1,0,0,0,0,0,0,0,0,0,0,0,0,2,0,0,0,1,0,0,1,0,0,0,0,0,0,0,0,0,0,0,1,0,0,0,0,0,0,0,0,0,0,1,0,0,0,1,0,0,0,0,1,0,0,0,0,0,0,1,0,0,1,0,1,0,0,0,0,0,0,0,0,0,0,0,0,0,1,0,1,0,0,0,0,0,1
0,0,0,0,0,0,0,0,0,0,0,0,0,0,0,0,0,0,0,0,0,0,0,0,0,0,0,0,0,0,0,0,0,0,1,1,0,0,0,0,0,1,0,0,0,0,1,0,0,0,0,0,0,0,0,0,0,0,1,0,0,0,0,0,0,0,0,0,0,0,0,1,0,3,0,0,0,3,0,0,0,0,0,0,0,0,0,0,1,0,0,0,0,0,0,0,0,0,0,0,0,0,1,0,0,0,0,0,0,1,0,0,0,0,0,0,0,0,0,0,0,0,0,0,0,0,0,0,1,0,1,0,0,0,0,0,0,1,0,0,0,1,0,0,1,0,0,0,0,0,0,0,1,0,0,0,0,0,0,0,0,0,2,0,1,0,0,0,0,0,0,0,0,0,0,1,0,1,1,0,0,0,0,0,0,0,0,0,0,1,0,0,0,0,0,0,0,1,0,0,0,0,0,1,2,0,0,1,0,0,0,1,1,0,0,0,2,0,0,0,0,1,0,0,0,1,0,0,1,0,0,0,0,1,0,2,0,0,2,0,0,0,0,0,1,0,0,0,0,1,0,0,0,0,0,1
0,0,0,0,0,0,0,0,0,0,0,0,0,0,0,0,0,0,0,0,0,1,1,0,0,0,0,0,0,0,0,0,0,0,0,0,0,0,0,0,0,0,0,0,0,0,0,0,0,0,0,0,0,0,0,0,0,0,0,0,0,0,0,0,0,0,0,0,0,0,0,0,0,0,0,0,0,0,0,0,0,0,0,0,0,0,0,0,1,0,0,0,0,0,0,0,0,0,0,0,0,0,0,0,0,0,0,0,0,1,0,0,0,0,0,0,0,0,0,0,0,0,0,0,0,0,0,0,1,0,1,0,0,0,0,0,0,0,0,0,0,0,0,0,1,0,0,0,0,0,0,0,2,0,0,0,0,0,0,0,0,0,2,0,1,1,1,0,0,0,0,0,0,0,0,0,0,0,0,0,0,0,0,0,0,0,0,0,0,1,0,0,0,0,0,0,0,0,0,2,0,0,0,0,1,0,0,0,0,0,0,0,1,0,0,0,2,0,0,0,0,2,0,0,0,0,0,0,0,0,0,1,0,0,0,0,0,0,0,0,0,0,0,0,1,0,0,0,1,3,0,0,0,0,2,1
0,0,0,0,0,0,0,0,0,0,0,0,0,0,0,0,0,0,0,0,0,0,0,0,0,0,0,0,0,0,0,0,0,0,0,0,0,0,0,0,1,1,0,0,0,0,0,0,0,0,0,0,0,0,0,0,0,0,1,0,0,0,0,0,0,0,0,0,1,0,0,0,0,0,0,0,1,0,0,0,0,0,0,1,0,0,1,0,1,0,0,0,1,0,0,0,0,0,0,0,0,1,0,0,0,0,0,0,0,0,0,0,1,0,0,0,0,0,0,0,0,0,0,0,0,0,0,0,1,0,1,0,0,0,0,0,0,0,0,0,0,0,0,0,0,0,0,0,0,0,0,0,0,0,0,0,0,0,0,0,0,0,1,0,1,0,0,0,0,0,0,0,0,0,0,0,0,0,0,0,0,0,0,0,0,0,0,0,0,1,0,0,0,0,0,0,0,0,0,0,0,0,0,0,0,0,1,0,0,0,0,0,1,0,0,0,2,0,0,0,0,1,0,0,0,0,0,0,1,0,0,0,0,0,0,0,0,0,0,0,0,0,0,0,0,0,0,0,0,1,0,0,0,0,0,1
0,0,0,0,0,0,0,0,0,0,0,0,0,0,0,1,0,0,0,0,0,0,0,0,0,0,1,0,0,0,0,0,0,0,1,0,0,0,0,0,0,0,0,0,0,0,0,0,0,1,0,0,0,1,0,0,0,0,0,0,0,0,0,0,0,0,0,0,0,0,0,0,0,0,0,0,0,0,0,0,0,1,0,0,0,0,0,0,1,1,1,0,0,0,0,0,0,0,1,0,2,0,0,1,0,0,0,0,1,0,0,0,1,1,0,0,0,1,0,0,0,0,0,0,0,0,0,0,0,0,0,0,0,0,0,0,0,0,0,0,0,1,0,2,0,0,0,0,0,0,0,0,0,0,0,1,0,0,2,0,0,0,0,0,0,0,0,0,0,0,0,0,1,0,1,0,0,1,0,0,1,0,0,0,1,0,0,1,0,0,0,0,1,0,0,0,0,0,0,0,0,0,0,0,1,0,0,0,0,0,0,0,0,0,0,0,0,0,0,0,0,0,0,0,0,0,0,0,0,0,0,0,0,0,0,0,0,0,0,0,0,2,3,0,0,0,0,0,1,0,0,1,0,0,2,0
0,0,0,0,0,0,0,0,0,0,0,0,0,0,0,0,0,0,0,0,0,0,0,0,0,0,0,0,0,0,0,0,0,0,2,0,0,0,0,0,0,0,0,0,0,0,0,0,0,0,0,0,0,0,0,1,0,0,0,0,0,0,0,0,0,0,0,0,0,0,0,0,0,0,0,0,0,0,0,0,0,1,0,1,0,0,0,0,1,1,1,0,0,0,0,0,0,0,0,0,0,1,1,1,0,0,0,0,1,0,1,0,1,1,0,0,0,1,0,0,0,0,0,0,0,0,0,0,1,0,1,0,0,0,0,0,0,1,0,0,0,1,0,0,0,0,0,0,0,0,0,0,0,0,0,0,0,0,0,0,1,0,0,0,0,0,0,0,0,0,0,0,0,0,1,0,0,1,0,0,1,0,0,0,0,0,0,1,0,0,0,0,0,0,0,1,0,0,0,0,2,0,0,0,0,0,0,0,0,0,0,0,1,0,0,0,1,0,0,0,1,0,0,0,1,0,0,0,1,0,1,0,0,0,0,0,0,0,0,0,0,1,1,0,1,0,0,0,0,0,1,1,0,0,1,0
1,0,0,0,0,0,0,0,0,0,0,0,0,0,0,0,0,0,0,0,0,0,0,1,0,0,0,0,0,0,0,0,0,0,0,0,0,0,0,0,0,0,0,0,0,0,0,0,0,0,0,0,0,0,0,0,0,0,0,0,0,0,0,0,0,0,0,0,0,0,0,0,0,0,0,0,0,0,0,1,0,0,0,0,0,0,0,1,1,0,0,0,1,0,0,0,0,0,0,0,0,0,0,0,0,0,0,0,0,1,1,0,0,0,0,0,0,0,0,0,0,0,0,0,0,0,0,0,1,0,1,0,0,0,0,0,0,0,0,0,0,0,0,0,0,0,0,1,0,1,0,0,1,1,0,0,0,0,0,0,0,0,1,0,2,0,0,0,0,0,0,0,0,1,0,0,0,0,0,1,0,0,1,0,0,0,0,0,0,1,0,0,0,0,0,0,0,0,1,0,0,1,0,0,2,0,0,0,0,0,0,0,1,0,0,0,1,0,0,0,0,1,0,0,0,0,0,0,1,0,0,1,0,1,0,0,0,0,0,0,0,0,0,0,0,0,0,0,0,1,0,0,0,0,0,0
0,0,0,0,0,0,0,0,0,0,0,0,0,0,0,0,0,0,0,0,0,0,0,0,0,0,0,0,0,0,0,0,0,0,1,0,0,0,0,0,0,0,0,0,0,0,0,0,0,1,0,0,0,0,0,0,0,1,0,0,0,0,0,0,0,0,0,0,0,0,0,0,0,0,0,0,0,0,0,0,0,0,0,0,0,0,0,0,1,0,0,0,0,0,0,0,0,0,0,0,0,0,0,1,0,0,0,0,1,0,0,0,1,1,0,0,0,1,0,0,0,0,0,0,0,0,0,0,0,0,0,0,0,0,0,0,0,0,0,0,0,0,0,0,0,0,0,0,0,0,0,0,0,0,0,0,0,0,0,0,0,0,0,0,0,0,0,0,0,0,0,0,1,0,1,0,0,0,0,0,1,0,0,0,1,0,0,0,0,0,0,0,0,0,0,0,0,0,0,0,0,0,0,0,0,0,0,0,1,0,0,0,0,0,0,0,0,0,0,0,1,0,0,0,0,0,0,0,0,0,0,0,0,0,0,0,0,0,0,0,0,2,2,1,0,0,0,0,1,0,1,1,0,1,0,0
0,0,0,0,0,0,2,0,1,0,0,0,0,0,0,0,0,0,0,0,0,0,1,0,0,0,0,0,0,0,0,0,0,0,0,0,0,0,0,0,0,0,0,0,0,0,0,0,0,0,0,0,0,0,0,0,0,0,0,0,0,0,0,0,0,0,0,0,0,0,0,0,0,1,0,0,0,0,0,0,0,0,0,0,0,0,0,0,1,0,0,0,0,1,0,0,0,0,0,0,0,0,0,0,0,0,0,0,0,1,0,0,0,0,0,0,0,0,0,0,0,0,0,0,0,0,0,0,1,0,1,0,0,0,0,0,0,0,0,0,0,0,0,0,0,0,0,0,0,1,0,1,1,0,0,0,0,0,0,0,0,0,1,0,1,0,0,0,0,0,1,0,0,0,0,0,0,0,0,0,0,0,0,0,0,0,0,0,0,1,0,0,0,0,0,0,0,0,0,0,0,1,0,0,0,0,0,0,0,0,0,0,1,0,0,0,0,0,0,0,0,1,0,0,0,0,0,0,0,0,0,1,0,0,0,0,0,0,0,0,0,0,0,0,1,0,0,0,0,1,0,0,0,0,0,1
0,0,0,0,0,0,0,0,0,0,0,0,0,0,0,0,0,0,0,0,0,0,0,0,0,0,0,0,0,0,0,0,0,0,2,0,0,0,0,0,0,0,0,0,0,0,0,0,0,0,0,0,0,0,0,0,0,2,0,0,0,0,0,1,0,0,0,0,0,0,0,0,0,0,0,0,0,0,0,0,0,0,0,0,0,0,0,0,1,0,0,0,0,0,0,0,0,0,0,0,0,0,0,1,0,0,0,0,1,0,0,0,2,1,0,0,0,1,0,0,0,0,0,0,0,0,0,0,0,0,1,0,0,0,0,0,0,2,0,0,0,0,0,1,0,0,0,0,0,1,1,0,0,0,0,0,0,0,0,1,1,0,0,0,0,0,0,0,0,0,0,0,0,0,1,0,0,0,0,0,1,0,0,0,1,1,0,1,0,0,0,0,0,0,0,1,0,0,0,0,2,0,0,0,0,0,0,0,2,0,0,0,0,0,0,0,0,0,0,0,0,0,0,0,0,0,0,0,3,0,0,0,0,0,0,0,0,0,0,1,0,0,1,1,0,1,0,0,1,0,0,1,0,1,0,0
0,0,0,0,0,0,0,0,0,0,0,0,0,0,0,0,0,0,0,0,0,1,0,0,0,0,0,0,0,0,0,0,0,0,0,0,0,0,0,0,0,0,0,0,0,4,0,0,4,0,0,0,0,0,0,0,0,0,0,1,0,0,1,0,0,0,0,1,3,0,0,0,0,4,0,0,1,0,0,0,0,0,0,0,0,0,0,0,1,0,0,0,0,1,0,0,0,0,0,0,0,0,1,0,0,0,0,0,0,1,0,0,0,0,0,0,0,0,0,0,0,0,0,0,0,0,0,0,1,0,1,0,0,0,0,0,0,0,0,0,0,0,0,0,0,0,0,0,0,0,0,0,1,0,0,0,0,0,0,0,0,0,3,0,1,0,0,0,0,0,0,0,0,0,0,0,0,0,0,0,0,0,0,0,3,0,0,0,0,1,0,0,0,0,0,0,0,1,0,0,0,0,0,0,0,1,0,0,0,1,0,1,1,0,0,0,2,0,0,0,1,1,0,0,0,0,0,0,0,0,0,2,0,0,0,0,0,0,0,0,0,0,0,0,0,0,0,0,0,1,0,0,0,0,0,1
0,0,0,1,0,1,0,1,0,0,0,0,0,0,1,0,0,0,0,0,0,0,0,0,0,0,0,0,0,0,0,0,0,0,0,0,1,1,0,0,0,0,0,1,0,0,0,0,0,0,0,0,0,0,0,0,0,0,0,0,0,0,0,0,0,0,0,0,0,0,0,0,0,1,2,0,0,0,0,1,0,0,0,0,0,0,0,0,1,0,0,0,1,1,0,0,0,0,0,0,1,0,0,0,0,0,0,0,1,1,0,0,0,0,0,0,0,0,0,0,0,0,0,0,0,0,0,0,1,0,1,1,0,0,0,0,1,0,0,0,0,0,0,0,0,1,1,0,0,0,0,0,0,0,0,0,0,0,0,0,0,0,1,0,1,0,0,0,0,0,0,2,0,0,1,0,0,0,0,0,0,0,0,0,0,0,0,0,0,1,0,0,1,0,0,0,0,0,0,0,0,0,0,0,0,0,0,0,0,0,0,1,1,1,0,0,2,0,0,0,0,1,0,1,0,0,0,0,0,0,0,1,0,0,0,0,0,0,0,0,0,0,0,0,0,0,0,0,0,1,0,0,0,0,0,1
0,0,1,0,1,0,0,0,1,0,0,1,1,0,0,0,0,1,0,0,0,0,0,0,0,0,0,0,0,0,2,0,0,1,0,0,1,0,0,0,0,0,0,0,0,0,0,0,0,0,0,0,0,0,0,0,0,0,0,0,0,0,0,0,0,0,0,0,0,0,0,0,0,1,0,0,0,2,0,0,0,0,0,0,0,0,0,0,1,0,0,0,0,0,0,0,0,0,0,0,0,0,0,0,0,0,0,0,0,0,0,0,0,0,0,0,0,0,0,0,0,0,0,0,0,0,0,0,1,0,0,0,0,0,0,0,0,0,0,0,0,0,0,0,0,0,1,0,0,0,0,0,0,0,0,0,0,0,0,0,0,0,0,0,1,0,1,0,0,0,0,0,0,0,1,0,0,0,0,0,0,0,0,0,0,0,0,0,1,2,0,1,0,0,0,0,0,0,0,0,0,0,0,0,1,0,0,0,0,0,0,0,1,0,0,0,1,0,0,0,0,0,0,0,0,1,1,0,0,0,0,1,0,0,1,1,0,0,0,0,0,0,0,0,0,0,0,0,0,0,0,0,0,0,0,1
0,0,0,0,0,0,0,0,0,0,0,0,0,0,0,0,0,0,0,0,0,0,0,0,0,0,0,0,0,0,0,0,0,0,0,0,0,0,0,0,0,0,0,0,0,0,0,0,0,0,0,0,0,0,0,0,0,0,0,0,0,0,0,0,0,0,0,0,0,0,0,0,0,0,0,0,0,0,0,0,0,0,0,1,0,0,0,1,1,0,0,1,0,0,0,0,0,0,0,0,0,0,0,0,0,0,0,0,1,1,0,1,0,0,0,0,0,0,0,1,0,0,0,0,0,0,0,0,1,0,1,1,0,0,0,0,0,0,0,0,0,0,0,0,0,0,0,1,0,0,0,0,0,1,0,0,0,0,0,0,0,0,2,0,1,0,0,0,0,0,0,0,0,0,0,0,0,0,0,0,0,0,1,0,0,0,0,0,0,1,0,0,0,0,0,0,1,0,0,0,0,0,0,0,0,0,0,0,0,0,0,0,1,0,0,0,1,0,0,0,0,1,0,1,0,1,0,0,0,0,0,0,0,0,0,0,0,0,2,0,0,0,0,2,0,0,0,0,0,1,0,0,0,0,0,3
0,0,0,0,0,0,0,0,0,0,0,0,0,0,0,0,0,0,0,0,0,0,0,0,0,0,0,0,0,0,1,0,0,0,1,0,0,0,0,0,0,1,0,0,0,0,0,0,0,0,0,0,0,0,0,0,0,0,0,0,0,0,0,0,0,0,0,1,1,0,0,0,0,0,1,0,0,0,0,0,0,0,0,0,0,0,0,0,2,0,0,0,1,0,0,0,0,0,0,0,0,0,0,0,0,0,0,0,0,0,0,0,2,1,0,0,0,0,0,0,0,0,0,0,0,0,1,0,1,0,0,0,0,0,0,0,0,0,0,0,0,0,0,0,1,0,0,0,0,0,0,0,0,0,0,0,0,0,0,0,0,0,0,0,1,0,0,0,0,0,0,0,0,0,3,0,0,0,0,0,0,0,0,0,1,0,0,0,0,1,0,0,0,0,0,0,0,0,1,0,0,2,0,0,0,0,0,0,0,0,0,0,1,0,0,0,1,0,0,0,0,0,0,1,0,0,0,0,0,1,0,0,0,0,0,0,0,0,0,0,0,0,1,1,0,0,0,0,0,1,0,0,0,0,0,1
0,0,0,0,0,0,2,0,0,0,0,0,0,0,0,0,0,0,0,0,0,0,0,0,0,0,0,0,0,0,0,0,0,0,0,0,0,0,0,0,0,0,0,0,0,0,0,0,0,0,0,0,0,0,0,0,0,0,0,0,0,0,0,0,0,0,0,0,0,0,0,0,0,0,0,0,0,0,0,0,0,0,0,1,0,0,0,0,1,0,0,0,1,0,0,0,0,0,0,0,0,0,0,0,0,0,0,0,1,1,0,0,0,0,0,0,0,0,0,0,0,1,0,0,0,0,0,0,1,0,3,0,0,0,0,0,0,0,0,0,0,1,0,0,0,0,0,0,0,0,0,0,1,0,0,0,0,1,0,0,0,0,2,0,1,1,0,0,0,0,0,0,0,0,2,0,0,0,0,0,0,0,1,0,0,0,1,0,0,1,0,0,0,0,0,0,0,0,0,0,0,0,0,0,0,0,0,0,0,0,0,0,1,0,0,0,1,0,0,0,0,1,0,1,0,0,0,0,0,1,0,0,0,0,0,1,0,0,0,0,0,0,0,0,0,0,0,0,0,1,0,0,0,0,0,1
0,0,0,0,0,0,0,0,0,0,0,0,0,0,0,0,0,0,0,0,0,0,0,0,0,0,0,0,0,0,0,0,0,0,0,0,0,0,0,0,0,0,0,0,0,0,0,0,0,0,0,0,0,0,0,0,0,0,0,0,0,0,0,0,0,0,0,1,0,0,0,0,0,3,0,0,2,1,0,0,0,1,0,0,0,0,0,0,1,0,0,0,1,0,0,0,0,0,0,0,0,0,0,0,0,0,0,0,0,1,0,0,0,0,0,0,0,0,0,0,0,0,0,0,0,0,0,0,1,0,1,0,0,0,0,0,0,0,0,0,0,0,0,0,0,0,0,0,0,1,0,0,0,0,0,0,0,0,0,0,0,0,2,0,1,2,0,0,0,0,0,0,0,0,0,0,0,0,0,0,0,0,0,0,0,1,1,0,0,1,0,0,0,0,0,1,0,0,0,0,0,0,0,0,1,0,0,0,0,0,0,0,1,0,0,0,0,0,0,0,1,1,0,0,0,0,0,0,0,2,0,0,0,0,0,1,0,0,0,0,0,0,0,0,0,0,0,0,1,1,0,0,0,0,0,0
0,0,0,0,0,0,1,0,0,0,0,0,0,0,0,0,1,0,0,0,0,0,0,0,0,0,0,0,0,0,0,1,0,0,3,0,0,1,0,0,0,0,0,0,0,0,0,0,0,2,0,0,0,0,0,0,0,1,0,0,0,0,1,0,0,0,0,0,0,0,0,0,1,0,0,0,0,0,0,0,0,0,0,0,0,0,0,0,3,1,0,0,0,0,0,0,0,0,0,0,0,0,0,1,0,0,0,0,0,0,1,0,1,1,0,0,0,1,0,0,0,0,0,1,0,0,0,0,0,0,0,0,0,0,0,0,0,0,0,1,0,1,0,2,0,0,0,0,0,0,0,0,0,0,0,1,0,0,0,0,0,0,0,0,0,0,0,0,0,0,0,0,0,0,2,0,0,0,1,1,2,0,0,0,0,1,0,1,0,0,0,0,0,0,0,0,2,0,0,0,1,1,0,0,0,0,1,0,2,0,1,0,0,0,0,1,0,1,0,0,0,0,0,0,0,0,0,0,0,0,0,1,0,0,0,0,0,0,0,0,0,1,2,1,0,0,0,0,0,0,3,1,0,1,1,0
0,0,0,0,0,0,0,0,0,0,0,0,0,0,0,0,0,0,0,0,0,1,0,0,0,0,0,0,1,0,0,0,0,0,0,0,0,0,0,0,0,0,0,0,0,0,0,0,0,0,0,0,0,0,0,0,0,0,0,0,0,0,0,0,0,0,0,0,0,0,0,0,0,0,0,0,1,0,0,0,1,0,0,0,0,0,0,0,1,0,0,0,0,0,0,1,0,0,0,0,0,0,0,0,0,0,0,0,1,1,0,0,0,0,0,0,0,0,0,0,0,0,0,0,0,0,0,0,1,0,1,0,0,0,0,0,0,0,0,0,0,0,0,0,1,0,0,0,0,0,0,0,1,1,0,0,0,0,0,0,0,0,1,0,1,0,0,0,0,0,0,0,0,0,0,0,0,0,0,0,0,0,0,0,0,0,0,0,0,1,0,0,0,0,0,0,1,0,0,0,0,0,0,0,0,0,0,0,0,0,0,0,1,0,0,0,2,0,0,0,0,1,0,0,0,0,0,0,0,0,0,0,0,0,0,0,0,0,0,0,0,0,0,0,0,0,0,0,0,1,0,1,0,0,0,1
1,0,1,0,2,0,0,0,0,0,1,0,1,0,0,0,0,1,0,0,0,0,0,0,0,1,0,0,0,0,1,0,0,0,0,0,0,0,0,0,1,0,1,0,0,0,0,0,0,1,1,0,0,0,0,0,0,2,0,0,1,0,1,0,0,0,0,0,0,0,0,0,0,0,0,0,0,1,0,0,0,0,1,0,0,0,0,0,0,0,0,0,0,0,0,0,0,0,0,0,0,0,0,0,0,0,0,0,0,0,0,0,0,0,0,0,0,0,0,0,0,0,0,0,0,0,0,0,0,0,0,0,0,0,0,0,0,0,0,0,0,0,0,0,0,0,1,0,0,0,0,0,0,1,0,0,0,0,1,0,0,0,0,2,0,0,0,1,0,0,0,0,0,0,0,0,0,0,0,1,0,0,1,0,1,0,0,0,0,0,0,0,0,0,0,0,0,0,0,0,0,0,0,0,0,1,0,0,0,0,0,0,0,0,0,0,0,0,0,0,0,0,0,0,0,0,1,0,0,0,0,0,0,0,1,1,0,0,0,0,0,0,0,0,0,0,0,0,0,0,0,0,0,0,0,0
0,0,0,0,0,0,0,0,0,0,0,0,0,0,0,0,0,0,0,0,0,1,0,0,0,0,0,0,0,0,0,0,0,0,0,0,0,0,0,0,0,0,0,0,0,0,0,0,0,0,0,0,0,0,0,0,0,0,0,0,0,0,0,0,0,0,0,0,0,0,0,0,0,0,0,0,0,0,0,0,0,0,0,1,0,0,1,0,1,0,0,0,0,0,0,0,0,0,0,0,0,0,0,0,0,0,0,0,0,1,0,0,0,0,0,0,0,0,0,0,0,1,0,1,0,0,0,0,1,0,1,0,0,0,0,0,0,0,0,0,0,0,0,0,1,0,0,0,0,0,0,0,1,0,0,0,0,0,1,0,0,0,1,0,1,0,0,1,0,1,0,0,0,0,0,0,0,0,0,0,1,0,0,0,0,0,0,0,0,1,0,0,0,0,0,0,0,0,0,0,0,0,0,0,0,0,0,0,0,0,0,0,1,0,0,1,1,0,0,0,0,1,0,0,1,0,0,0,1,0,0,0,0,0,0,2,0,0,0,0,0,1,0,0,0,0,0,0,0,1,0,1,0,0,2,1
0,0,0,0,0,0,0,0,0,1,0,0,0,0,0,0,0,0,0,0,0,0,0,0,0,0,0,1,0,0,0,1,0,0,1,0,0,0,0,0,0,0,0,0,0,0,0,0,0,0,0,0,0,0,0,0,0,0,0,0,0,0,0,0,0,0,0,0,0,0,0,0,0,0,0,0,0,0,0,0,0,1,0,0,0,0,0,0,1,0,1,0,0,0,0,0,0,0,0,0,2,0,0,0,0,0,0,0,1,0,0,0,1,1,0,0,0,1,1,0,0,0,0,0,0,0,0,0,0,0,1,0,0,0,0,0,0,0,0,0,0,0,0,0,0,0,0,0,0,0,0,0,0,0,0,0,0,1,0,0,0,0,1,0,0,0,0,0,0,0,0,0,0,0,1,0,0,0,0,0,1,1,0,0,1,0,0,0,0,0,0,0,0,0,0,0,0,0,0,0,1,1,0,0,1,0,0,0,0,0,1,0,0,0,0,0,0,0,0,0,0,0,0,0,0,0,0,0,0,0,0,0,0,0,0,0,0,0,0,0,1,0,3,0,0,0,0,0,0,1,0,1,0,0,1,0
0,0,0,0,0,0,0,0,0,0,0,0,0,0,0,0,1,0,0,0,0,0,0,0,0,0,0,0,0,0,0,1,0,0,1,0,0,0,0,0,0,0,0,0,0,0,0,0,0,1,0,0,0,0,0,0,1,0,0,0,0,0,0,0,0,0,0,0,1,0,1,0,0,0,0,0,0,0,0,0,0,0,0,1,0,0,0,0,1,0,0,0,0,0,0,0,0,0,0,1,0,0,0,1,0,0,0,0,1,0,0,0,2,1,0,0,0,1,0,0,0,0,0,0,0,0,0,0,0,0,0,0,0,0,0,0,0,1,0,0,0,0,0,0,0,0,0,0,0,0,0,0,0,0,0,0,0,0,0,0,0,0,0,0,1,0,0,0,0,0,0,1,0,0,1,0,0,0,0,0,1,0,0,0,0,0,0,0,0,0,0,0,0,0,0,0,0,0,0,0,0,0,0,0,0,0,0,0,0,0,0,0,0,0,0,0,0,0,0,0,0,0,0,0,0,0,0,0,0,0,0,0,0,0,0,0,0,0,0,0,0,0,1,0,0,0,0,0,0,0,0,1,0,1,0,0
0,0,0,0,0,0,0,0,1,0,0,0,0,0,0,0,0,0,0,0,0,1,0,0,0,0,0,0,0,0,0,0,0,0,0,0,0,0,0,0,0,0,0,0,0,0,0,0,0,0,0,0,0,0,0,0,0,0,0,0,0,0,0,0,0,0,0,0,0,0,0,0,0,1,0,0,2,0,0,0,0,0,0,0,0,0,0,1,1,0,0,0,0,0,0,0,0,0,0,0,0,1,0,0,0,0,0,0,1,1,0,0,1,0,0,0,0,0,0,0,0,0,0,1,0,0,0,0,1,0,1,0,0,0,0,0,0,0,0,0,0,0,1,0,0,0,0,0,0,0,0,0,0,0,0,0,0,0,0,0,0,0,2,0,1,0,0,0,0,0,0,0,0,0,0,0,0,0,0,0,0,0,0,0,1,0,0,0,0,1,0,0,0,0,0,0,0,0,0,0,0,0,0,0,1,0,0,0,0,0,0,0,1,0,0,0,1,0,0,0,1,1,0,1,0,0,0,0,0,0,0,0,0,0,0,1,1,0,1,0,0,0,0,0,0,0,0,0,0,1,0,1,0,0,0,1
0,0,0,0,0,0,0,0,0,0,0,0,0,0,0,0,0,0,0,0,0,0,0,0,0,0,0,0,0,0,0,1,0,0,1,0,0,0,0,0,0,0,0,0,0,0,0,0,1,2,0,0,0,1,0,0,0,0,0,0,0,0,0,0,0,0,0,0,0,0,0,0,0,0,0,0,0,0,0,0,0,0,0,0,0,0,0,0,1,0,0,0,0,0,0,0,0,0,0,0,0,0,0,1,0,0,0,0,1,0,1,0,1,1,0,0,0,1,0,0,0,0,0,1,0,0,1,0,0,0,0,0,0,0,0,0,0,0,0,0,0,0,0,0,0,0,0,0,0,0,0,0,0,0,0,0,0,0,0,0,0,0,0,0,0,0,0,0,0,0,0,0,0,0,1,0,0,0,0,0,1,0,0,0,1,0,0,0,0,0,0,0,0,0,0,0,0,0,0,0,0,0,0,0,0,0,0,0,1,0,0,0,0,0,0,0,0,0,0,0,0,0,0,0,0,0,0,0,0,0,0,0,0,0,1,0,0,0,0,0,0,0,2,0,0,0,0,0,0,0,0,1,0,1,0,0
1,0,0,0,1,0,0,3,1,0,0,0,0,1,0,0,1,0,0,1,0,0,0,0,0,0,0,0,0,0,0,0,1,0,0,0,0,0,0,0,0,0,0,0,0,0,0,0,0,0,1,0,0,0,0,0,0,1,0,0,0,0,0,0,0,0,0,0,0,0,0,0,0,0,0,0,0,0,0,0,0,0,0,1,0,0,0,0,0,0,0,0,0,0,0,0,0,0,0,0,2,1,0,0,0,1,0,1,0,1,0,0,0,0,1,0,0,0,0,0,0,0,0,1,0,0,0,1,0,0,0,0,0,0,0,0,0,0,0,0,0,0,0,0,0,0,0,0,0,0,0,0,0,0,0,0,0,0,0,0,0,0,0,0,0,0,0,0,0,0,0,0,0,0,0,0,0,0,0,0,0,0,0,0,0,0,1,0,0,0,0,0,0,0,0,0,0,0,0,0,0,0,0,0,1,0,0,0,1,0,0,0,0,0,0,1,0,0,0,0,0,0,0,0,0,0,0,0,0,0,0,0,0,0,0,1,0,0,0,0,1,1,0,0,0,0,0,0,0,0,0,0,1,2,0,0
1,0,1,0,0,0,0,0,0,0,0,0,1,0,0,0,0,0,0,0,0,0,0,0,0,1,0,0,0,0,0,0,0,0,1,0,0,0,0,0,0,0,0,0,0,0,0,0,0,0,0,0,0,0,0,0,0,0,0,0,0,0,0,0,0,0,0,0,0,0,0,0,0,0,0,0,0,0,0,0,0,0,0,0,0,0,0,0,1,0,0,0,0,0,0,0,0,0,0,0,0,0,0,0,0,0,0,0,0,0,0,0,1,1,0,0,0,1,0,0,0,0,0,0,0,0,0,0,0,0,0,0,0,0,0,0,0,0,0,1,0,0,0,0,0,0,0,0,0,0,0,0,0,0,0,0,0,0,0,0,0,0,0,0,1,0,0,0,0,0,0,0,0,0,1,0,0,1,0,0,1,0,0,0,1,0,0,2,0,0,0,0,0,0,0,0,0,0,1,0,0,0,0,0,0,0,0,0,0,0,0,0,0,0,0,0,0,0,0,0,0,0,0,1,1,0,0,0,0,0,0,0,0,0,0,0,0,0,2,1,0,0,2,1,0,0,0,0,3,0,0,2,0,1,0,0
0,0,1,0,0,0,0,0,0,0,0,0,0,0,0,0,1,0,0,0,0,0,1,0,0,0,0,0,0,0,0,1,0,0,1,0,0,0,0,0,0,0,0,0,0,0,0,0,0,1,0,0,0,0,0,0,0,0,0,0,0,0,0,0,0,0,0,0,1,0,0,0,0,0,0,0,0,0,1,0,0,0,0,0,0,0,0,0,1,0,0,0,0,0,0,0,0,0,0,0,2,0,0,1,0,0,0,0,1,0,0,0,1,1,0,0,0,1,0,0,1,0,0,0,0,0,1,0,0,0,0,0,0,0,0,0,0,0,0,0,0,0,0,0,0,0,0,0,0,0,0,0,0,0,0,0,0,0,0,0,3,0,0,0,0,0,0,0,2,0,0,0,2,0,1,0,0,0,0,0,1,0,0,0,0,0,0,2,0,0,0,0,0,0,0,0,0,0,0,0,0,0,0,0,0,0,0,0,0,0,0,0,0,0,0,0,0,1,0,0,0,0,0,1,0,0,0,0,0,0,0,0,0,0,0,0,0,0,0,0,0,0,4,1,0,0,1,0,0,0,0,1,0,1,0,1
0,0,0,0,0,0,0,0,0,0,0,0,0,0,0,0,0,0,0,1,0,0,0,0,0,0,1,0,0,0,0,0,0,0,2,0,0,0,0,0,0,0,0,0,0,0,0,0,0,1,0,0,0,1,0,0,0,0,0,0,0,0,0,0,0,0,0,1,0,0,0,0,0,0,0,0,0,0,1,0,0,0,0,0,0,0,0,0,1,0,0,0,0,0,0,0,0,1,0,0,0,0,0,0,0,0,0,0,0,0,1,0,1,1,0,0,0,1,0,0,0,0,0,1,0,1,0,0,0,0,0,0,0,0,0,0,0,0,0,0,0,1,0,0,0,0,0,0,0,0,0,0,0,0,0,2,0,0,0,0,0,0,0,0,0,0,1,0,0,0,0,0,0,0,1,0,0,2,0,2,1,0,0,0,1,0,0,2,0,0,0,0,0,0,0,0,0,0,1,0,1,0,0,0,0,0,0,0,0,0,0,0,0,0,0,0,0,0,0,0,0,0,0,0,1,0,0,0,0,0,1,0,1,0,0,0,0,0,0,0,0,1,1,1,0,0,0,0,1,0,0,1,0,1,0,0
0,0,0,0,0,0,0,0,0,0,0,0,0,0,0,0,0,0,0,0,0,1,0,0,0,0,0,0,0,0,0,0,0,0,0,0,0,0,0,0,0,0,0,0,0,1,0,0,0,0,0,0,0,0,0,0,0,0,0,0,0,0,0,0,0,1,0,0,1,0,0,0,0,0,0,0,0,0,0,0,0,0,0,0,0,0,1,0,1,0,0,0,0,0,0,0,0,0,0,0,0,0,1,0,0,0,0,0,0,1,0,0,0,0,0,0,0,0,0,0,0,0,0,0,0,0,0,0,1,0,1,0,0,0,0,0,0,0,0,0,0,0,0,0,0,0,0,0,0,0,0,0,0,0,0,0,0,0,0,0,0,0,1,0,1,0,0,1,0,0,0,0,0,0,0,0,0,0,0,0,0,0,0,0,0,0,0,0,0,1,0,0,0,0,0,0,0,0,1,0,0,0,0,0,0,0,0,0,0,0,1,0,1,0,0,0,2,0,0,0,0,1,0,0,0,0,0,0,0,0,0,1,0,0,0,1,0,0,0,0,0,0,0,0,0,0,0,0,0,1,0,0,0,0,0,1
0,0,0,0,0,0,2,0,2,0,0,0,0,0,0,0,2,0,0,1,0,0,1,0,0,0,0,0,0,0,0,0,0,0,0,0,0,0,0,0,0,0,0,0,0,0,0,0,0,0,0,0,0,0,0,0,0,0,0,0,0,0,0,0,0,0,0,0,0,0,0,0,0,0,0,0,0,0,0,0,0,0,0,0,0,0,0,0,1,0,0,0,0,0,0,0,0,0,0,0,0,0,0,0,0,0,0,0,0,1,0,1,0,0,0,0,0,0,0,0,0,0,0,0,0,0,0,0,1,1,1,0,0,0,0,0,0,0,0,0,0,0,0,0,0,0,0,0,0,0,0,0,0,0,0,0,0,0,0,0,0,0,2,0,1,1,0,0,0,0,2,0,0,0,0,0,0,0,0,0,0,0,1,0,0,0,0,0,0,1,0,0,0,0,0,0,0,0,0,1,0,0,0,0,0,0,0,0,0,0,0,0,1,0,0,0,2,0,0,0,0,1,0,0,0,0,0,0,0,1,0,1,0,0,0,1,0,0,0,0,0,0,0,0,0,0,0,0,0,1,0,0,0,0,0,1
0,0,0,0,0,0,0,0,0,0,0,1,0,1,0,1,1,1,0,0,0,0,0,0,0,0,0,0,0,0,0,2,0,0,1,0,0,0,0,0,0,0,0,0,0,0,0,0,0,0,0,0,0,0,0,0,0,1,0,0,0,0,0,0,0,0,0,1,0,0,0,0,0,0,0,0,0,0,0,0,0,0,0,0,0,0,0,0,1,0,0,0,0,0,0,0,0,0,0,0,1,0,0,1,0,0,0,0,1,0,0,0,1,1,0,0,0,1,0,0,0,0,0,0,0,0,0,0,0,0,0,0,0,0,0,0,0,0,0,0,0,0,0,0,0,0,0,0,0,0,0,0,0,0,0,0,0,0,0,0,1,0,0,0,0,0,0,0,0,0,0,0,0,0,1,0,0,0,0,0,1,0,0,0,0,0,0,1,0,0,0,0,0,0,0,0,0,0,0,0,0,0,0,0,0,0,0,0,1,0,0,0,0,0,0,0,0,0,0,0,0,0,0,0,0,0,0,0,0,0,0,0,0,0,0,1,0,0,0,0,1,0,3,0,0,0,1,0,0,0,0,1,0,1,1,1
0,0,0,1,0,1,0,0,0,0,0,0,0,0,0,1,0,1,0,0,0,1,0,0,0,0,0,0,0,0,0,0,0,0,0,0,0,0,0,0,0,0,0,0,0,0,0,0,0,0,0,0,0,0,0,0,0,0,0,0,0,0,0,0,0,0,0,0,0,0,0,0,0,0,0,0,0,0,0,0,0,0,0,0,0,0,0,0,1,0,0,0,0,0,0,0,0,0,0,0,0,0,1,0,0,0,1,0,2,1,0,0,0,0,0,0,0,0,0,1,0,0,0,0,0,0,0,0,1,0,3,0,1,0,0,0,0,1,0,0,0,1,0,1,0,0,0,2,0,0,0,0,0,1,1,0,0,0,0,0,2,0,4,0,1,0,0,0,0,0,0,0,1,0,0,0,0,0,0,0,0,0,0,1,0,0,0,0,0,1,0,0,0,0,0,0,0,0,1,0,0,0,0,0,0,1,0,0,0,1,1,0,1,1,0,0,2,0,0,0,1,1,0,2,0,0,0,0,0,0,0,0,0,0,0,1,0,0,0,0,0,0,0,0,1,0,0,0,0,2,0,4,1,0,0,1
0,0,1,0,0,0,0,0,0,0,0,0,0,0,0,0,0,0,0,0,0,0,0,0,0,0,0,2,0,0,0,2,0,0,1,0,0,0,0,0,0,0,0,0,0,0,0,0,0,1,0,0,0,1,0,0,0,0,0,0,0,0,0,0,0,0,0,0,0,0,0,0,0,0,0,0,0,0,0,0,0,0,0,0,0,0,0,0,1,0,0,0,0,0,0,0,0,0,0,0,0,0,0,1,0,0,0,0,2,0,0,0,1,1,0,0,0,1,0,0,0,0,0,0,0,0,1,0,0,0,0,0,0,0,0,0,0,0,0,0,0,0,0,0,0,0,0,0,0,0,0,0,0,0,0,0,0,0,0,0,1,0,0,0,0,0,0,0,0,0,0,0,2,0,1,0,1,0,0,0,1,0,0,0,1,0,0,0,0,0,0,0,0,0,0,0,0,0,0,0,0,0,0,0,0,0,0,0,3,0,0,0,0,0,0,0,0,0,0,0,0,0,0,0,0,0,0,0,0,0,0,0,0,0,2,2,0,0,0,0,0,0,4,1,0,0,1,0,1,0,1,1,0,1,0,0
1,0,0,0,0,0,1,0,0,0,0,0,0,0,1,0,0,0,0,0,0,0,0,1,0,0,0,0,0,0,0,0,0,0,0,0,0,0,0,0,0,0,0,0,0,0,0,0,2,0,0,0,0,0,0,0,0,0,0,0,0,0,1,0,0,1,0,0,2,0,0,0,0,2,0,0,1,0,0,1,0,0,0,1,0,0,0,1,1,0,0,0,0,1,0,1,0,0,0,0,0,0,0,0,0,0,0,0,1,1,0,0,0,0,0,0,0,0,0,0,0,0,0,0,0,0,0,0,1,0,1,0,0,0,0,0,0,0,0,0,0,0,0,0,0,0,0,0,0,1,0,0,1,1,0,0,0,0,0,0,1,0,2,0,1,0,0,0,0,1,0,0,0,0,0,0,0,0,0,0,0,0,2,0,0,0,0,0,0,1,0,0,0,0,0,0,0,0,2,0,0,0,0,0,2,0,0,0,0,0,0,0,1,1,0,0,1,0,0,0,1,1,0,1,0,0,0,0,1,0,0,0,0,0,0,1,0,0,0,0,0,0,0,0,0,0,0,0,0,1,0,0,0,0,0,1
0,0,0,0,0,0,0,0,0,0,0,0,0,0,0,0,0,0,0,0,0,1,0,0,0,0,0,0,0,0,0,0,0,0,0,0,0,0,0,0,0,0,0,0,0,0,0,0,1,0,0,0,0,0,0,0,0,0,0,0,0,0,0,0,0,1,0,0,3,0,0,0,0,2,0,0,1,0,0,0,0,0,0,0,0,0,0,0,1,0,0,0,1,0,1,0,0,0,0,0,0,0,1,0,0,1,0,0,0,1,0,0,0,0,0,0,0,0,0,0,0,0,0,0,0,0,0,0,1,0,1,0,0,0,0,0,0,0,0,0,0,0,0,0,2,0,0,0,0,0,0,0,1,0,0,0,0,0,0,0,0,0,1,0,1,0,0,0,0,0,0,0,0,0,0,0,0,0,0,0,0,0,0,0,0,0,1,0,0,1,1,0,0,0,0,0,0,1,0,0,0,0,0,0,1,0,0,0,0,0,0,0,1,0,0,0,0,0,0,0,0,1,0,0,0,0,0,1,1,0,0,0,0,0,0,0,0,0,0,0,0,0,0,0,0,0,0,0,0,1,0,0,0,0,0,0
0,0,0,0,0,0,0,0,0,0,0,0,0,0,0,0,0,0,0,0,0,0,0,0,0,0,0,0,0,0,0,0,0,0,0,0,0,0,0,0,0,2,0,0,0,0,0,0,0,0,0,0,0,0,0,0,0,0,0,0,0,0,1,0,0,0,0,0,2,0,0,0,0,0,0,0,0,0,0,0,0,0,1,0,0,2,0,0,1,0,0,0,0,0,0,0,0,0,0,0,0,0,0,0,0,0,1,0,1,1,0,0,0,1,0,0,0,0,0,0,0,1,0,0,0,0,0,1,1,0,1,0,0,0,0,0,0,0,0,0,1,1,0,0,0,0,0,1,0,4,0,0,2,2,0,0,0,0,0,0,0,0,3,0,1,0,0,0,0,1,0,1,0,0,0,0,0,0,0,0,0,0,0,1,0,0,0,0,0,1,0,0,0,0,0,0,0,0,0,0,0,0,0,0,1,2,0,0,0,0,0,0,1,0,0,0,2,0,0,0,1,1,0,3,0,0,0,0,0,0,1,1,0,0,0,2,1,0,0,1,0,0,0,0,1,0,0,0,0,1,0,0,0,0,0,1
0,0,0,1,0,0,1,0,0,0,0,0,0,0,0,0,0,0,0,0,0,0,0,0,0,0,0,0,0,0,0,1,0,0,0,0,0,0,0,0,0,0,0,0,0,0,0,0,0,0,0,0,0,0,0,0,0,0,0,0,0,0,0,0,0,0,0,0,0,0,0,0,1,0,0,0,0,0,0,1,0,0,0,0,0,0,0,0,1,0,0,0,0,0,0,0,0,0,0,0,0,0,1,0,0,0,0,0,1,1,0,0,0,0,0,0,0,0,0,0,0,0,0,0,0,0,0,0,1,0,1,0,1,0,0,0,0,0,1,0,0,0,0,0,0,0,0,0,0,0,0,0,0,1,0,0,0,0,0,0,0,0,2,0,1,0,0,0,0,1,0,0,0,0,0,0,0,0,0,0,0,0,0,0,0,0,1,0,0,1,0,0,0,0,0,0,0,0,0,0,0,0,0,0,0,0,0,0,1,0,0,0,1,0,0,0,2,0,1,0,2,1,0,1,0,0,0,0,0,0,0,0,0,0,0,1,0,0,0,0,0,0,0,0,0,0,0,0,0,1,0,0,0,0,0,1
0,0,0,0,0,0,0,0,0,0,0,0,0,0,0,0,0,0,0,0,0,0,0,0,0,0,0,0,0,0,0,0,0,0,0,0,0,0,0,0,0,0,0,0,0,0,0,0,0,0,0,0,0,0,1,0,0,0,0,0,0,0,0,0,0,3,0,0,0,0,0,0,0,0,0,0,0,0,0,1,0,0,0,0,0,0,0,0,1,0,0,0,0,0,0,0,0,0,1,0,0,1,0,0,0,0,0,0,2,0,0,0,2,2,0,1,1,1,0,0,0,0,0,0,0,0,0,1,1,0,0,0,0,0,0,0,0,1,0,1,0,1,0,0,0,0,2,1,0,0,0,0,1,0,1,0,0,0,0,0,0,0,0,0,2,0,0,0,0,0,0,0,0,0,1,0,0,0,0,1,1,0,0,0,0,0,0,0,0,0,0,0,0,0,0,0,0,0,1,0,0,0,0,0,0,0,0,0,0,0,1,0,1,0,0,0,1,0,0,0,0,0,0,0,0,0,0,0,0,0,0,1,0,0,0,1,0,0,0,1,0,1,2,0,0,0,0,0,0,0,0,1,0,4,1,0
0,0,0,0,0,0,0,0,0,0,0,0,0,0,0,0,0,0,0,0,0,0,0,0,0,0,0,0,0,0,0,0,0,0,0,0,1,0,0,0,0,0,0,0,0,0,0,0,0,0,0,0,0,0,1,0,0,0,0,0,0,0,0,0,0,1,0,0,0,0,0,0,0,0,0,0,0,0,0,0,0,0,0,0,0,0,0,0,1,0,0,0,1,0,0,0,0,0,0,0,0,0,0,0,0,0,0,0,0,1,0,0,0,0,0,0,0,0,0,0,0,0,0,0,0,0,0,0,1,0,1,0,0,0,0,0,0,0,0,0,0,0,0,0,0,0,0,0,0,0,0,0,0,0,0,0,0,0,0,0,0,0,1,0,2,0,0,0,0,0,0,0,0,0,0,0,0,0,0,0,0,0,0,0,0,0,0,0,0,1,0,0,0,0,0,0,0,0,0,0,0,1,0,0,0,0,0,0,0,0,0,0,1,0,0,0,1,0,0,0,0,1,0,0,0,0,0,0,0,1,0,0,0,0,0,0,0,0,0,1,0,0,0,0,0,2,0,0,0,1,0,0,0,0,2,1
0,0,0,0,0,0,0,0,0,0,0,0,0,0,0,0,1,0,0,0,0,0,0,0,0,0,0,0,0,0,0,1,0,0,1,0,0,0,0,0,0,0,0,0,0,0,0,0,1,1,0,0,0,1,1,0,0,0,0,0,0,0,0,0,0,0,0,0,0,0,0,0,0,0,0,0,0,0,0,0,0,0,0,0,0,0,0,0,1,0,0,0,0,0,0,0,0,0,0,0,0,0,0,0,0,0,0,0,1,0,0,0,1,1,0,0,0,1,0,0,0,0,0,1,0,0,0,0,0,0,0,0,0,0,0,0,0,0,0,0,0,0,0,1,0,0,0,0,0,0,0,0,0,0,0,0,0,0,0,0,0,0,0,0,0,0,1,0,0,0,0,0,0,0,1,0,0,0,0,0,1,0,0,0,0,0,0,1,0,0,0,0,0,0,0,0,0,0,0,0,0,0,0,0,0,0,0,0,0,0,0,0,0,0,0,0,0,0,0,0,0,0,0,0,0,0,0,0,0,0,0,0,0,0,0,0,0,0,0,1,0,0,2,0,0,0,0,0,0,0,0,1,0,2,0,0
0,0,0,0,0,2,0,0,0,0,1,0,0,0,0,0,0,0,0,1,0,0,2,0,0,0,0,0,0,0,0,0,0,0,0,0,2,0,0,0,0,0,0,0,0,1,0,0,0,1,0,0,0,0,0,0,0,0,0,0,0,0,0,0,0,0,0,0,2,0,0,0,0,0,0,0,1,0,0,0,0,0,0,0,0,0,0,0,1,0,0,0,0,0,0,0,0,0,0,0,0,0,0,0,0,0,0,0,0,1,0,0,0,0,0,0,0,0,0,0,0,0,0,0,0,0,0,0,1,0,1,0,0,0,0,0,0,0,0,0,1,0,0,0,1,0,1,0,0,0,0,2,0,1,0,1,0,1,0,0,0,0,3,0,1,0,0,0,0,2,0,0,0,0,0,0,0,0,0,0,0,0,0,0,0,0,0,0,0,1,0,2,0,0,0,0,0,0,0,0,0,1,0,0,0,0,0,0,0,0,0,0,1,0,0,0,1,0,0,0,0,1,0,0,0,0,0,0,1,0,1,1,0,0,0,0,1,0,0,0,0,0,0,1,1,0,0,2,0,1,0,0,0,0,0,1
0,0,1,0,2,0,0,0,0,0,1,0,3,0,0,0,1,1,0,0,0,0,0,0,0,1,0,0,0,0,0,0,0,0,0,0,0,0,0,0,0,0,0,0,0,0,0,0,0,0,0,0,0,0,0,0,0,0,0,0,1,0,0,0,0,0,0,0,0,1,0,0,0,0,0,0,0,2,0,0,0,0,2,0,0,0,0,2,0,0,0,0,0,0,0,0,0,0,0,0,0,0,0,0,0,0,0,0,0,0,0,0,0,0,0,0,0,0,0,0,0,0,0,0,0,0,0,0,0,0,2,0,0,0,0,0,0,0,0,0,0,0,0,0,0,0,1,0,0,0,0,0,0,1,0,2,0,0,1,0,0,0,0,1,0,0,0,0,0,0,0,0,0,0,0,0,0,0,0,1,0,0,1,0,1,1,0,0,0,0,0,0,0,0,0,0,0,0,0,0,0,0,0,0,0,0,0,0,0,0,0,0,0,0,0,0,0,0,0,0,0,0,0,0,0,0,1,0,0,0,0,0,0,0,1,0,0,0,0,0,0,0,0,0,0,0,0,0,0,0,0,0,0,0,0,0
0,0,0,0,0,0,0,0,0,0,0,0,0,0,0,0,0,0,0,0,0,0,0,0,0,0,0,0,0,0,0,0,0,0,1,0,0,0,0,0,0,0,0,0,0,0,0,0,0,0,0,0,0,0,0,0,0,0,0,0,0,0,0,0,0,0,0,0,0,0,0,0,0,0,0,0,0,0,0,0,0,0,0,0,0,0,0,0,1,0,0,0,0,0,0,0,0,0,0,2,0,0,0,0,0,0,0,0,1,0,0,0,0,0,0,0,0,0,0,0,0,0,0,0,0,0,0,0,1,0,1,0,0,0,0,0,0,1,0,0,0,1,0,0,1,0,0,0,0,0,0,0,0,0,0,0,0,0,0,0,0,1,0,0,1,0,0,0,0,0,0,0,0,0,1,0,0,0,0,0,0,0,0,1,0,0,0,0,0,1,0,0,0,0,0,0,0,0,0,0,0,0,0,0,0,0,0,0,0,1,0,0,1,0,0,0,1,0,0,0,0,1,0,0,0,0,0,0,1,0,0,0,0,0,0,1,0,0,0,0,0,0,1,0,0,0,0,0,0,1,0,0,0,0,0,1
0,0,0,0,0,0,0,0,0,0,0,0,0,0,0,0,0,0,0,0,0,0,0,0,0,0,0,0,0,0,0,0,0,0,0,0,0,0,0,0,0,0,0,0,0,0,0,0,0,0,0,0,0,0,0,0,0,0,0,0,0,0,0,0,0,0,0,0,0,0,0,0,0,0,0,0,0,0,0,0,0,0,0,0,0,0,0,1,1,0,0,0,1,1,0,1,0,0,0,0,0,0,0,0,0,0,1,0,2,1,0,0,0,0,0,1,0,0,0,0,0,0,0,0,0,0,0,0,1,2,2,1,0,0,0,0,0,1,0,0,0,0,0,0,0,0,0,0,0,0,0,0,0,0,1,0,0,0,0,0,0,1,2,0,1,0,0,0,0,0,0,0,0,0,0,0,0,0,0,0,0,0,0,0,0,0,0,0,0,1,0,0,0,0,0,0,0,0,0,0,0,0,0,0,0,1,0,0,0,0,0,0,1,0,0,0,2,0,0,0,1,1,0,2,1,0,0,0,0,0,0,0,0,0,0,1,1,0,1,0,0,0,0,0,1,0,0,0,0,1,1,0,0,0,0,2
0,0,0,0,0,0,0,0,0,1,0,0,0,0,0,0,0,0,0,0,0,1,0,1,0,0,0,0,0,0,0,0,0,0,0,0,0,0,0,0,0,0,0,0,0,0,1,0,1,0,0,0,0,0,0,0,0,0,0,0,0,0,0,0,0,0,0,0,0,1,0,0,2,0,0,0,0,0,0,1,0,0,0,0,0,0,0,0,1,0,0,0,0,0,0,0,1,0,0,0,0,0,0,0,0,1,1,0,0,1,0,0,0,0,0,0,0,0,0,0,0,0,0,0,0,0,0,0,1,0,2,0,0,0,0,0,0,0,0,0,0,0,0,0,1,0,0,0,0,1,0,0,0,0,0,0,0,0,0,0,0,0,1,0,1,0,0,0,0,0,0,0,0,0,0,0,0,0,0,0,0,0,0,0,0,0,0,0,0,1,0,0,0,0,0,0,0,0,0,0,0,0,0,0,0,0,0,0,0,0,0,0,1,0,0,0,2,0,0,0,0,1,0,0,0,0,0,0,1,0,0,1,0,0,0,1,0,0,0,0,0,0,0,0,0,0,0,0,0,1,0,0,0,0,0,2
0,0,0,0,0,0,0,0,0,0,0,1,0,0,1,0,0,0,0,0,1,0,0,0,0,0,0,0,0,0,0,0,0,0,0,0,2,0,0,0,0,0,0,0,0,0,0,0,1,0,0,0,0,0,0,0,0,0,0,0,0,0,1,1,0,0,0,0,0,1,0,0,0,3,0,0,0,0,0,1,0,0,0,1,0,0,0,0,1,0,0,0,1,1,0,0,0,0,0,0,0,0,0,0,0,0,0,0,0,1,0,0,0,0,0,0,0,0,0,0,0,0,0,0,0,0,0,0,1,0,1,0,0,0,0,0,0,0,0,0,0,0,0,0,0,0,0,0,0,0,0,0,0,0,0,0,0,0,0,0,0,0,3,0,1,0,0,0,0,0,0,0,0,0,0,1,0,0,0,0,0,0,0,0,0,0,0,0,1,1,0,0,0,0,0,0,0,1,0,0,0,0,0,1,0,0,0,0,0,0,0,0,1,0,0,0,1,0,0,0,0,1,0,1,0,1,0,0,0,0,0,1,0,0,0,0,0,0,0,0,0,0,0,0,1,0,0,0,0,2,0,1,0,0,0,1
0,0,0,0,0,0,0,0,0,0,0,0,0,0,0,0,0,0,0,0,1,0,0,0,0,0,0,1,0,0,0,0,0,0,0,0,0,0,0,0,0,1,1,0,1,0,0,0,0,0,0,0,0,0,0,0,0,0,0,0,2,0,1,0,0,0,0,0,0,0,0,0,0,1,0,0,0,1,0,0,0,0,0,0,0,0,0,0,0,0,1,0,0,0,0,0,0,0,0,0,0,0,0,0,0,0,1,0,0,0,0,0,0,0,0,0,0,0,0,0,0,0,0,0,0,0,0,0,0,0,0,0,0,1,0,0,0,1,0,0,0,0,0,0,0,0,0,0,0,0,0,0,0,0,0,0,0,0,0,0,0,0,0,0,0,0,0,0,0,1,0,0,1,0,0,0,0,0,0,0,0,0,0,0,0,0,0,0,0,0,0,1,0,0,0,0,0,0,0,0,1,1,0,0,0,0,0,0,0,0,0,0,0,0,0,0,0,0,0,0,0,0,0,2,0,0,0,0,0,0,0,0,0,0,0,0,0,0,1,0,0,0,0,0,1,0,0,0,0,0,0,0,0,0,0,1
0,0,0,0,0,0,0,0,0,1,0,0,0,0,0,0,0,0,0,0,0,0,0,0,0,0,0,1,0,0,0,1,0,0,2,0,0,0,0,0,0,0,0,0,0,0,0,0,0,1,0,0,0,1,0,1,0,1,0,0,0,0,0,0,0,0,0,0,0,0,0,0,0,0,0,0,0,0,0,0,0,0,0,0,1,0,1,0,1,0,0,0,0,0,0,0,0,1,0,0,0,0,0,1,0,0,0,1,0,0,0,0,1,1,0,0,1,1,0,0,0,0,0,0,0,0,0,0,0,0,0,0,0,0,0,0,0,0,0,0,0,0,0,0,0,0,0,0,0,0,0,0,0,0,0,0,0,0,0,1,0,0,0,0,0,0,0,0,0,0,0,0,0,0,1,0,0,0,0,0,1,0,0,0,1,0,0,1,0,0,0,0,0,0,0,0,0,0,0,0,0,0,0,0,0,0,0,0,0,0,0,0,0,0,0,0,0,0,0,0,0,0,0,0,0,0,0,1,2,0,1,0,0,0,0,0,0,0,0,0,0,0,1,0,0,0,0,0,0,0,0,1,0,1,1,0
0,0,0,0,0,0,1,0,0,0,0,0,0,1,0,0,0,0,0,0,0,0,0,0,0,0,0,1,0,0,0,1,0,0,1,0,0,0,0,0,0,0,0,0,0,0,0,0,0,2,0,0,0,1,0,0,0,0,0,0,0,0,0,0,0,3,0,0,0,0,0,0,1,2,0,0,0,0,1,0,0,2,1,0,0,1,0,0,1,0,0,0,0,0,0,0,0,0,0,0,0,0,0,1,0,0,0,0,1,0,0,0,1,1,0,0,0,1,0,0,0,0,0,0,0,0,0,0,0,0,0,0,0,0,1,0,0,0,0,2,0,1,0,0,0,0,1,0,0,0,0,0,0,0,0,0,0,0,0,1,0,0,0,0,1,0,0,1,0,0,0,0,2,0,1,0,0,1,0,0,1,0,0,0,1,0,0,0,0,0,0,0,0,0,0,0,0,0,0,0,0,0,0,0,0,1,0,0,0,0,0,0,0,0,0,1,0,0,0,0,0,1,1,0,0,0,0,0,0,0,0,0,0,0,0,0,0,0,1,1,1,0,4,2,0,0,0,2,0,0,1,1,0,0,0,0
0,0,0,0,0,0,0,0,0,0,0,0,0,0,0,0,0,0,0,0,0,0,0,0,0,0,0,0,0,0,0,0,0,1,0,0,0,0,0,0,0,0,0,0,0,3,0,0,5,0,0,0,0,0,1,0,0,0,0,0,0,0,0,0,0,0,0,0,0,0,0,0,0,1,0,0,0,0,0,0,0,0,0,0,2,0,0,0,1,0,0,0,0,0,0,0,0,0,0,0,0,1,0,0,0,0,0,0,0,1,0,0,1,0,1,0,0,0,0,0,0,0,0,0,0,0,0,0,1,0,1,0,0,0,0,0,0,0,0,0,0,0,0,0,0,0,0,0,0,3,0,0,1,0,0,0,0,0,0,0,1,0,4,1,1,1,0,0,0,0,0,0,0,0,0,0,0,0,0,0,0,0,1,0,4,0,0,1,0,1,0,0,0,0,0,0,0,2,0,0,0,0,0,0,0,0,0,0,0,0,0,0,1,0,0,0,1,0,0,0,0,1,0,0,0,0,0,0,0,0,0,0,0,0,0,1,0,0,0,0,0,0,0,0,0,0,0,0,0,1,0,1,0,0,0,1
0,0,0,0,0,0,0,0,0,0,0,0,0,0,0,0,1,0,0,0,0,0,0,0,0,0,0,0,0,0,0,1,0,0,1,0,0,0,0,0,0,0,0,0,0,0,0,0,0,0,0,0,0,0,0,0,0,0,0,0,0,0,0,0,0,0,0,1,0,0,0,0,1,0,0,0,0,0,0,0,0,1,0,0,0,0,1,0,1,1,1,0,0,0,0,0,0,0,0,0,1,0,0,1,0,0,0,0,0,0,0,0,1,1,0,0,0,1,0,0,0,0,0,0,0,0,0,0,0,0,0,0,0,0,0,0,0,0,1,0,0,0,0,0,0,0,0,0,0,0,0,0,0,0,0,0,0,0,0,0,0,0,0,0,0,0,0,0,0,0,0,0,0,0,1,0,0,0,0,0,1,0,0,0,0,0,0,0,0,0,0,0,0,0,0,0,0,0,1,0,0,0,0,0,0,0,0,0,0,0,0,0,0,0,0,0,0,0,0,0,0,0,0,0,0,0,0,0,0,0,0,0,0,0,0,0,0,0,0,0,0,0,2,0,0,0,0,0,0,0,0,1,0,1,1,0
0,0,0,0,0,0,0,0,0,0,0,0,0,1,0,0,1,0,0,0,0,0,0,0,0,0,0,0,0,0,0,1,0,0,1,0,0,0,0,0,0,0,0,0,0,0,0,0,0,0,0,0,0,0,0,0,0,0,0,0,0,0,0,0,0,0,0,0,0,0,0,0,0,0,0,0,0,0,0,0,0,0,0,0,0,0,0,0,1,0,0,0,0,0,0,0,0,0,0,0,0,0,0,1,0,0,0,0,1,0,0,0,1,1,0,0,0,1,0,0,0,0,0,0,0,0,0,0,0,0,0,0,0,0,1,0,0,0,0,1,0,0,0,0,0,0,0,0,0,0,0,0,0,0,0,0,0,0,0,0,1,0,0,0,0,0,0,1,0,0,1,0,0,0,1,0,0,0,0,0,1,0,0,0,1,0,0,0,0,0,0,0,0,0,0,0,0,0,0,0,0,0,0,0,0,0,0,0,0,0,0,0,0,0,0,0,0,0,0,0,0,0,0,0,0,0,0,0,0,0,0,0,0,0,0,0,0,0,0,1,0,1,1,0,0,0,0,0,0,0,0,1,0,0,1,1
0,0,0,0,0,0,0,0,0,0,0,0,0,0,0,0,0,0,0,0,0,0,0,0,0,0,0,1,0,0,0,0,0,0,1,0,0,0,0,0,0,0,0,0,0,0,0,0,0,1,0,0,0,1,0,0,0,0,0,0,0,0,0,0,0,0,0,0,0,1,0,0,0,0,0,0,1,0,0,0,0,0,0,1,0,0,0,0,1,0,0,0,0,0,0,0,0,0,0,0,0,0,1,0,0,0,0,0,0,0,1,0,1,1,0,0,0,1,0,0,0,0,0,1,0,0,0,0,1,1,0,0,0,0,0,0,0,0,0,0,0,0,0,0,0,0,0,0,0,0,0,0,0,0,0,0,0,0,0,0,1,0,0,0,0,0,0,0,0,0,0,0,0,0,1,0,1,0,0,0,1,0,0,0,0,0,0,0,0,0,0,0,1,0,0,0,0,0,1,0,0,0,0,0,0,0,0,0,0,0,0,0,0,0,0,0,1,0,0,0,0,0,0,0,0,0,0,0,0,0,0,0,0,0,0,0,0,0,0,2,0,0,3,0,0,0,0,0,0,0,1,1,0,0,0,2
0,0,0,0,0,0,0,0,0,0,0,0,0,0,0,0,0,0,0,0,0,0,0,0,0,0,0,0,0,0,0,0,0,0,3,0,0,0,0,0,0,0,1,0,0,0,0,0,0,3,0,0,0,1,0,0,0,0,0,0,0,0,0,0,0,0,0,0,0,0,0,0,0,0,0,0,0,0,0,0,0,0,0,0,0,0,1,0,1,0,0,0,0,0,0,0,0,0,0,0,0,0,0,1,0,0,0,0,1,0,1,0,1,1,0,0,0,1,0,0,0,0,0,0,0,0,0,0,0,0,0,0,0,0,0,0,0,0,0,0,0,0,0,0,0,0,0,0,0,0,0,0,0,0,0,0,0,0,0,0,0,0,0,0,0,0,0,0,0,0,0,0,0,0,1,0,0,0,0,0,1,0,0,0,0,0,0,0,0,0,0,0,0,0,0,0,0,0,0,0,2,0,1,0,0,0,0,0,0,0,0,1,0,0,1,0,0,0,0,0,0,0,0,0,1,0,0,0,0,0,0,0,1,0,0,0,0,1,0,0,0,2,1,0,0,0,0,0,1,0,0,1,0,1,0,0
0,1,0,0,0,0,0,0,0,0,1,0,0,0,0,0,0,0,0,0,0,0,0,0,0,0,1,0,0,0,0,0,0,0,0,0,0,0,0,0,0,0,0,0,0,0,0,0,1,0,0,0,0,0,0,0,0,0,0,0,0,0,0,0,0,0,0,0,0,0,0,0,0,1,0,0,0,0,0,0,0,0,0,0,0,0,0,0,1,0,0,0,1,0,0,0,0,0,0,0,0,0,0,0,0,0,1,0,0,1,0,0,0,0,0,0,0,0,0,0,0,0,0,0,0,0,0,0,1,0,1,0,0,0,0,0,0,0,0,0,0,1,0,0,0,1,0,0,0,1,0,0,0,0,0,0,0,0,0,0,0,0,3,0,1,0,0,0,0,1,0,0,2,0,1,0,0,0,0,0,0,0,0,0,0,0,0,0,1,1,0,0,0,0,0,0,0,1,0,0,0,0,0,0,0,1,0,0,0,0,1,0,1,0,0,0,2,0,0,0,0,1,0,0,0,0,0,0,2,0,0,1,0,0,0,0,0,0,0,0,0,0,1,0,0,3,0,0,0,1,0,0,0,0,0,1
0,0,0,0,1,0,0,0,1,0,0,0,0,0,0,0,0,0,0,0,0,0,0,0,0,0,1,0,0,0,0,0,0,0,0,0,1,0,0,0,0,0,0,0,0,0,0,0,0,0,0,0,0,0,0,0,0,0,0,0,0,0,1,0,0,0,0,2,0,0,0,0,0,1,0,0,2,0,0,0,0,0,0,0,0,0,0,0,1,0,0,0,0,1,0,0,0,0,0,0,0,0,0,0,0,0,0,0,0,1,0,0,0,0,0,0,0,0,0,0,0,0,0,0,0,0,0,0,1,0,1,0,0,0,0,0,0,0,0,0,0,0,1,0,2,0,0,1,0,0,0,0,0,0,0,0,0,0,0,0,0,0,2,2,1,0,0,0,0,0,0,0,0,0,0,0,0,0,0,0,0,0,0,0,0,0,0,0,0,1,0,0,0,0,0,0,0,0,0,0,0,0,0,0,0,0,0,0,0,0,0,0,1,0,0,0,1,0,0,0,0,1,0,0,0,0,0,0,1,1,0,0,0,0,0,1,0,0,0,0,0,0,0,0,0,0,0,0,0,1,0,0,0,0,0,0
1,0,0,0,0,0,0,0,0,0,0,0,0,0,0,0,0,0,0,0,0,1,0,0,0,0,0,0,0,0,0,0,0,0,0,0,0,0,0,0,1,2,0,0,0,1,0,0,0,0,0,0,0,0,0,1,0,0,0,1,0,0,0,0,0,0,0,0,1,0,0,0,0,0,0,0,0,0,0,0,0,0,0,0,0,0,0,0,1,0,0,0,0,1,0,1,0,0,0,0,0,0,0,0,0,0,0,0,0,1,0,0,0,0,0,0,0,0,0,0,0,0,0,0,0,0,0,0,1,0,1,0,0,0,0,0,0,0,0,0,0,0,0,0,0,0,0,0,0,0,0,0,0,0,0,0,0,0,0,0,0,0,2,0,1,0,0,0,0,0,0,0,0,0,0,0,0,0,0,0,0,0,0,0,0,0,0,0,0,1,0,0,0,0,0,0,1,0,2,0,0,0,0,0,0,0,0,1,0,1,0,0,1,0,0,0,2,0,0,0,0,1,0,0,0,0,0,0,0,0,0,1,0,0,0,1,0,0,0,0,0,0,0,0,0,0,0,0,0,1,0,0,0,0,0,1
0,0,0,0,0,0,0,0,0,0,0,0,0,0,0,0,0,0,0,0,0,0,0,0,0,0,0,0,0,0,0,0,0,0,0,0,0,0,0,0,0,3,0,0,0,0,1,0,3,0,0,0,0,0,0,0,0,0,0,0,0,0,0,0,0,0,0,0,0,0,0,0,0,0,0,0,0,0,0,0,0,0,0,0,0,0,0,0,1,0,0,0,0,0,0,0,0,0,0,0,0,0,2,0,0,2,1,0,0,1,0,0,0,0,1,0,0,1,0,0,0,0,0,0,0,0,0,0,1,0,1,0,0,0,0,0,0,0,0,0,0,0,0,0,0,0,0,0,0,0,0,0,0,0,0,0,0,0,0,0,0,0,3,0,1,0,0,0,0,0,0,0,0,0,0,0,0,0,0,0,0,0,0,0,0,1,1,0,0,2,0,0,0,0,0,0,0,0,1,0,0,0,0,0,0,1,0,0,0,0,0,0,1,0,0,0,2,0,0,0,0,1,0,1,1,0,0,0,0,0,0,0,0,0,0,1,0,0,0,0,0,0,0,0,2,0,1,0,0,1,0,0,0,0,0,1
0,1,0,0,0,0,0,0,0,0,0,0,0,0,0,0,1,0,0,0,1,0,0,0,0,0,0,0,0,0,0,0,0,0,0,0,0,0,0,0,1,0,0,0,0,1,0,0,0,0,0,1,0,0,0,0,0,0,0,0,0,0,0,0,0,1,0,0,0,1,0,0,0,2,0,0,0,0,0,0,0,0,0,0,0,0,0,0,1,0,0,0,1,0,1,1,0,0,0,0,0,0,0,0,0,0,0,0,1,0,0,0,0,0,0,0,0,0,0,1,0,1,0,0,0,0,0,0,1,0,2,0,0,0,0,0,0,0,0,0,0,0,0,1,1,0,0,0,0,0,0,0,0,0,0,0,0,0,0,0,0,0,2,0,1,0,0,0,0,0,0,0,0,0,0,0,0,1,0,0,0,0,0,0,0,0,0,0,0,1,0,0,0,0,0,1,0,1,0,0,0,0,0,0,0,1,0,0,0,0,0,0,1,0,0,0,1,0,0,0,0,1,0,1,0,0,0,0,1,0,0,0,0,0,0,1,0,0,0,0,0,0,0,0,1,0,0,0,0,1,0,0,0,1,0,1
0,0,0,0,0,0,0,0,0,0,0,0,0,0,0,0,0,0,0,0,0,0,0,0,0,0,0,1,0,0,0,0,0,0,0,0,0,0,0,0,0,0,0,0,0,0,0,0,0,0,0,0,0,0,0,0,0,0,0,0,0,0,0,0,0,0,0,2,1,0,0,0,0,0,0,0,0,0,0,0,0,0,0,0,0,0,0,0,1,0,0,0,1,1,0,1,0,0,0,0,0,0,0,0,1,0,0,0,0,0,0,0,0,0,0,0,0,0,0,0,0,0,0,0,0,0,0,0,1,0,0,0,0,0,0,0,0,1,0,0,0,0,0,0,0,0,0,0,0,1,0,0,0,0,0,0,0,0,0,0,0,0,1,0,1,0,0,0,0,0,0,0,0,0,1,0,0,0,0,0,0,0,0,0,0,0,0,0,0,1,0,0,0,0,0,0,0,0,0,0,0,1,0,0,0,0,0,0,0,0,0,0,1,0,0,0,0,0,0,0,0,1,0,0,0,0,0,0,0,0,0,1,0,0,0,1,0,0,0,0,0,0,1,0,0,0,0,0,0,1,0,0,0,0,0,1
0,0,0,0,0,0,2,0,0,0,0,0,0,0,0,0,1,0,0,0,0,0,0,0,0,0,0,0,0,0,0,0,0,0,0,0,0,0,0,0,0,0,0,0,0,0,0,0,0,0,0,0,0,0,0,0,0,0,0,0,0,0,0,0,0,0,0,0,0,0,0,0,0,0,0,0,1,0,0,0,0,0,0,0,1,1,0,0,1,0,0,0,0,0,0,0,0,0,0,0,0,0,0,0,0,0,0,3,0,1,0,0,0,0,0,0,0,0,0,0,0,0,0,0,0,1,0,0,1,0,1,0,0,0,0,0,0,0,0,0,0,0,0,0,0,0,0,0,0,0,0,0,0,0,0,0,0,0,0,0,0,0,2,0,1,0,0,0,0,0,0,1,0,0,1,0,0,0,0,0,0,0,0,0,0,0,0,0,0,1,1,0,0,0,0,0,0,0,0,0,0,0,0,0,1,0,0,0,0,0,0,0,1,0,0,0,1,0,0,0,1,1,0,0,1,0,0,0,1,0,0,1,0,0,0,0,0,0,0,0,0,0,0,0,0,0,0,0,0,1,0,0,0,0,1,1
0,0,0,1,1,0,0,0,0,0,0,0,0,0,0,0,0,0,0,0,1,0,0,0,0,0,0,0,0,0,0,0,1,0,0,0,1,0,0,0,0,0,0,0,0,0,0,0,0,0,0,0,0,0,0,0,0,0,0,0,0,0,0,0,0,0,0,0,0,1,0,0,0,2,0,0,0,1,0,0,0,0,0,0,0,0,1,2,1,0,0,0,0,0,0,0,1,0,0,0,0,0,2,0,0,0,1,0,0,1,0,0,0,0,1,0,0,0,0,0,0,0,0,0,0,0,0,0,1,0,2,0,0,0,0,0,0,0,0,0,0,0,0,0,0,0,0,0,0,1,0,0,0,0,0,0,0,0,0,0,0,0,5,4,2,0,0,0,0,0,0,0,0,0,0,0,0,2,0,0,0,0,0,0,0,0,1,0,0,1,0,1,0,0,0,0,0,0,1,0,0,0,1,0,0,0,0,0,0,0,0,0,1,0,0,0,2,0,0,0,1,2,0,2,0,0,0,0,0,0,0,2,0,0,0,0,0,0,1,0,0,0,0,0,2,0,0,0,0,1,0,0,0,0,0,1
0,0,0,0,0,0,0,0,0,0,0,0,0,0,0,0,0,0,0,0,0,1,0,0,0,0,1,0,0,0,0,0,0,0,0,0,0,0,0,0,0,0,0,0,0,1,0,0,0,0,0,0,0,0,0,0,0,0,0,0,0,0,0,0,0,0,0,1,0,0,0,0,0,0,0,0,1,0,0,0,0,0,0,0,0,0,0,0,1,0,0,0,0,0,0,0,0,0,0,0,0,0,0,0,0,0,0,0,0,1,0,0,0,0,0,0,0,0,0,0,0,0,0,0,0,0,0,0,1,0,1,0,0,0,0,0,0,0,0,0,0,0,0,0,0,0,0,0,0,0,0,0,0,0,0,0,0,0,0,0,0,0,1,0,1,1,0,0,0,0,0,0,0,0,0,0,0,0,0,0,0,0,1,0,0,0,0,0,0,1,0,0,0,0,0,0,0,0,0,0,0,0,0,0,0,0,0,0,0,0,0,0,1,0,0,0,2,0,0,0,0,1,0,0,0,0,0,0,1,1,0,1,0,0,0,0,0,0,0,0,0,0,0,0,1,0,0,0,0,1,0,0,0,0,0,1
0,0,0,0,0,0,0,0,0,0,0,0,0,0,0,0,0,0,0,0,0,0,0,0,0,0,0,0,0,0,0,0,0,0,0,0,0,0,0,0,0,0,0,0,0,0,0,0,0,0,0,0,0,0,0,0,0,0,0,0,0,0,0,0,0,0,0,0,0,0,0,0,0,0,0,0,0,0,0,0,0,0,0,0,2,0,0,0,1,0,0,0,0,0,0,1,0,0,0,0,0,0,0,0,0,0,0,0,0,1,0,0,0,0,0,0,0,0,0,0,0,0,0,0,0,0,0,0,1,0,1,0,0,0,0,0,0,0,0,0,0,0,0,0,0,0,0,0,0,1,0,0,0,0,0,2,0,0,0,0,0,0,2,0,1,1,0,0,0,1,0,0,0,0,0,0,0,0,0,0,0,0,3,1,0,0,1,0,0,1,0,0,0,0,0,0,0,0,0,0,0,1,0,0,0,0,0,0,0,0,0,0,1,0,0,0,1,0,0,0,0,1,0,0,0,0,0,0,1,1,0,1,0,1,0,0,0,0,0,0,0,0,0,0,0,0,0,1,0,1,0,0,0,0,0,1
0,0,0,0,0,0,0,0,0,0,0,0,0,0,0,0,0,0,0,0,0,0,0,0,0,0,0,0,0,0,0,0,1,0,0,0,1,0,0,0,0,0,0,0,0,0,0,0,0,0,0,0,0,0,0,0,0,0,0,0,0,0,0,0,0,0,0,0,0,0,0,0,1,0,0,0,0,0,0,0,0,0,0,0,0,0,0,0,1,0,0,0,1,1,0,1,0,0,0,0,0,0,0,0,1,0,0,0,1,1,0,0,0,0,0,0,0,1,0,0,0,0,0,0,0,0,0,0,1,0,1,0,0,0,0,0,0,0,0,0,0,0,0,0,1,0,0,0,0,1,0,0,0,0,0,0,0,0,0,0,0,0,2,0,1,0,0,0,0,0,0,0,0,0,0,0,0,0,0,0,0,0,1,0,0,0,0,0,0,2,0,0,0,0,0,0,0,0,0,0,0,0,0,0,0,0,0,0,1,0,0,0,1,0,0,0,1,0,0,0,2,1,0,2,0,0,0,0,0,0,0,0,0,0,0,0,0,0,0,0,0,0,0,0,0,0,0,0,0,1,0,0,0,0,1,1
0,0,0,0,0,0,0,0,0,0,0,0,0,0,0,0,0,0,0,0,0,0,0,0,0,0,0,0,0,0,0,0,0,0,0,0,1,0,0,0,0,0,0,0,0,0,1,0,0,0,0,0,0,0,0,0,0,0,0,0,0,0,0,0,0,0,0,0,0,0,0,0,0,0,0,0,0,0,0,0,0,0,0,0,0,0,0,0,1,0,0,0,1,1,0,0,0,0,0,0,0,0,1,0,0,0,0,0,2,1,0,0,0,0,0,0,0,0,0,0,0,0,0,0,0,0,0,0,1,0,1,0,0,0,0,0,0,0,0,0,0,1,0,0,0,0,0,0,0,0,0,0,0,0,1,0,0,1,0,0,0,0,1,0,1,0,0,0,0,0,0,0,0,0,0,0,0,0,0,0,0,0,0,0,0,0,0,0,0,1,0,0,0,0,0,0,0,0,0,0,0,0,0,0,0,0,0,0,0,0,0,0,1,0,0,0,2,0,0,0,0,1,0,0,0,0,0,0,0,0,0,0,0,0,0,1,0,0,0,0,0,0,0,0,0,0,0,0,0,1,0,0,0,0,0,1
0,0,0,0,0,0,0,0,0,0,0,0,0,0,0,0,0,0,0,0,0,0,0,0,0,0,0,0,0,0,0,0,0,0,2,0,0,0,0,0,0,0,1,0,0,0,0,0,0,1,0,0,0,1,0,0,0,0,0,1,0,0,0,0,0,0,0,0,1,0,0,0,0,0,0,0,0,0,1,0,0,0,0,0,0,0,1,0,1,0,0,0,0,0,0,0,0,0,0,0,0,0,0,0,0,0,0,0,0,0,1,0,1,1,0,0,0,1,0,0,0,0,0,0,0,0,0,0,0,0,0,2,0,0,0,0,0,0,0,0,0,0,0,0,0,0,0,0,0,1,0,0,0,0,0,0,0,0,0,0,0,0,0,0,0,0,0,0,0,0,0,0,0,0,1,0,0,0,0,0,1,0,0,0,1,0,0,0,0,0,0,0,0,0,0,0,0,0,1,0,0,0,0,0,0,0,0,0,0,0,0,0,0,0,0,0,0,0,0,0,1,0,0,0,1,0,0,0,0,0,0,0,0,0,0,0,0,0,0,1,0,1,1,2,1,0,0,0,1,0,1,1,0,0,0,0
2,0,0,0,0,0,0,0,0,0,0,0,0,0,1,0,0,0,0,0,0,0,0,0,0,0,1,0,0,0,0,1,0,0,0,0,0,0,0,0,0,0,0,0,0,0,0,0,0,0,0,0,0,0,0,0,0,0,0,0,1,0,0,1,0,0,0,0,0,0,0,0,0,0,0,0,0,0,0,0,0,0,0,0,0,0,0,0,1,0,0,0,0,0,0,0,0,0,0,1,0,0,0,0,1,0,0,0,0,1,0,0,0,0,0,0,0,0,0,0,0,0,0,0,0,0,0,0,2,0,1,0,0,0,0,0,0,0,0,0,0,1,0,0,0,0,0,0,0,0,0,0,0,0,0,0,0,0,0,0,1,0,2,0,2,0,0,0,0,0,0,0,0,0,0,0,0,0,0,0,0,0,0,0,0,0,0,0,0,1,0,0,0,0,0,0,0,0,0,0,0,1,0,0,1,0,0,0,0,0,0,0,1,0,0,0,1,0,0,0,0,1,0,0,0,0,0,0,0,1,0,1,0,1,0,0,0,0,0,0,0,0,0,0,0,0,0,0,1,1,0,0,0,0,0,1
0,0,1,0,0,0,0,0,0,0,0,0,0,0,0,0,0,0,0,0,0,0,0,0,0,1,0,0,0,0,0,0,0,0,1,0,0,0,0,0,0,0,0,0,0,0,0,0,0,1,0,0,0,1,0,0,0,0,0,0,0,0,0,0,0,0,0,0,0,0,0,0,0,0,0,0,0,0,0,0,0,0,0,0,0,0,1,0,1,0,0,0,0,0,0,0,0,0,1,0,0,0,0,1,1,0,0,0,0,0,0,0,1,1,0,0,0,1,0,0,0,1,0,0,0,0,1,0,0,0,0,0,0,0,0,0,0,0,0,0,0,0,0,0,0,0,0,0,0,0,0,0,0,0,0,0,0,0,0,0,1,0,0,0,0,0,0,0,0,0,1,0,0,0,1,0,0,0,0,0,1,0,0,0,1,0,0,1,0,0,0,0,0,0,0,0,0,0,0,0,0,0,0,0,0,0,0,0,1,0,0,0,0,0,0,0,2,0,0,0,2,0,0,0,0,0,0,0,0,0,0,0,0,0,0,0,0,0,0,0,0,0,3,1,0,0,0,0,1,0,0,1,0,0,0,0
0,0,0,0,0,0,2,0,0,0,0,0,0,0,0,0,1,0,0,0,1,0,0,0,0,0,0,1,0,0,0,1,0,0,3,0,0,0,0,0,0,0,0,0,1,0,0,0,0,0,0,0,0,0,0,0,0,2,0,0,0,0,0,0,0,0,0,0,0,0,0,0,1,0,0,0,0,0,1,0,0,1,0,1,0,0,0,0,2,0,0,0,0,0,0,0,0,0,0,0,0,0,0,1,0,0,0,0,2,0,0,0,2,1,0,0,0,1,0,0,0,1,0,0,0,0,1,0,0,0,0,0,0,0,1,0,0,0,0,0,0,0,0,0,0,0,0,0,0,0,0,0,0,0,1,0,0,0,0,2,0,0,0,0,0,0,0,0,0,0,0,0,0,0,1,0,1,0,0,0,1,0,0,0,0,0,0,2,0,0,0,0,1,0,0,0,0,0,1,0,0,0,0,0,1,0,0,1,0,0,0,0,0,0,0,0,0,0,0,0,0,0,0,0,0,0,0,0,0,0,1,0,0,0,0,0,0,0,1,0,0,1,1,0,0,0,0,0,0,0,0,1,0,1,2,0
0,0,0,0,0,0,0,0,1,0,0,0,0,0,0,0,1,0,0,0,0,0,0,0,0,0,0,0,0,0,0,0,0,0,0,0,0,0,0,0,0,0,0,0,0,0,0,0,1,0,0,0,0,0,0,1,0,0,0,0,0,0,0,0,0,0,0,0,0,0,0,0,0,2,0,0,0,0,0,0,0,0,1,0,0,0,1,1,1,0,0,0,0,0,0,0,0,0,0,0,0,0,0,0,0,0,0,0,0,1,0,0,0,0,0,0,0,0,0,0,0,1,0,0,0,0,0,0,1,0,1,0,0,0,0,0,0,0,0,0,0,0,0,0,0,0,0,0,0,0,0,0,0,0,0,0,0,0,0,0,0,0,2,0,1,0,0,0,0,0,1,0,0,0,0,0,0,0,0,0,0,0,0,0,1,0,1,0,0,1,0,1,0,0,1,0,0,0,1,0,0,0,0,0,0,0,0,0,0,0,0,0,1,0,0,0,2,0,1,0,0,1,0,0,0,0,0,0,0,0,0,1,0,0,0,0,0,0,0,0,0,0,0,0,0,0,0,0,0,1,0,0,0,0,0,1
1,0,0,0,0,0,0,0,0,0,0,0,0,0,0,0,0,0,0,0,0,0,0,0,0,0,0,0,0,0,0,0,0,0,0,0,0,0,0,0,0,0,0,0,0,0,0,0,0,0,0,0,0,0,0,0,0,0,0,0,0,0,0,0,0,0,0,0,0,0,0,0,0,0,0,0,0,0,0,0,0,0,0,1,0,0,0,0,1,0,0,0,1,0,0,0,0,0,0,0,0,0,0,0,0,0,0,0,1,1,0,0,0,0,0,0,0,0,0,0,0,0,0,0,0,0,0,0,1,0,1,1,0,0,0,0,0,0,0,0,0,1,0,0,0,0,0,0,0,0,0,0,1,0,0,0,0,0,0,0,0,0,1,0,1,0,0,0,0,1,0,0,0,0,0,0,0,0,0,0,0,0,0,0,0,0,0,0,0,1,0,0,0,0,0,0,0,0,0,0,0,0,0,0,0,0,0,0,0,0,0,1,1,0,0,0,1,0,0,0,0,1,0,1,0,0,0,0,1,0,0,0,0,0,0,1,0,0,0,0,0,0,0,0,0,0,0,0,0,1,0,0,0,0,0,1
0,0,0,0,0,0,0,0,0,0,0,0,0,0,0,0,0,0,0,0,0,0,0,0,0,0,0,0,1,0,0,0,0,0,0,0,0,0,0,0,0,1,0,1,0,1,0,0,0,0,0,0,0,0,1,0,0,0,0,0,0,0,0,0,0,0,0,0,3,1,0,0,0,2,0,0,2,0,0,0,0,0,0,0,0,0,0,0,1,1,0,0,1,0,0,0,0,0,0,0,0,0,0,0,0,0,0,0,0,1,0,0,0,0,0,0,0,0,0,0,0,0,0,0,0,0,0,0,1,0,1,0,0,0,0,0,0,0,0,0,0,0,0,0,1,0,0,0,0,0,0,0,1,0,0,0,0,0,0,0,0,0,2,0,1,0,0,0,0,0,0,0,0,0,0,0,0,0,0,0,0,0,1,0,0,0,0,0,0,1,0,0,0,0,0,0,0,0,0,0,0,0,0,0,0,0,0,0,0,0,0,0,1,0,0,0,1,0,0,0,0,1,0,0,0,0,0,0,0,0,0,0,0,0,0,1,0,0,0,0,0,0,0,0,0,0,0,0,0,1,0,0,0,0,0,1
0,0,0,0,0,0,0,0,0,0,0,0,0,0,0,1,0,0,0,0,0,1,0,0,0,0,0,0,0,0,1,0,0,0,0,0,0,0,0,0,0,0,0,0,0,0,0,0,0,0,0,0,0,0,0,0,0,0,0,0,0,0,0,0,0,0,0,0,0,0,0,0,0,0,0,0,0,0,0,0,0,0,0,0,0,0,0,0,1,0,0,0,0,0,0,0,0,0,0,0,1,0,0,0,0,0,0,0,1,1,0,0,0,0,0,0,0,0,0,0,0,0,0,0,0,0,0,0,1,0,1,0,0,0,0,0,0,0,0,0,0,1,0,0,0,0,0,0,0,0,0,1,1,1,0,0,0,0,0,0,0,0,2,0,1,0,0,0,0,1,0,0,0,0,0,0,0,0,0,0,0,0,1,0,0,0,0,0,0,1,0,0,0,0,0,0,0,0,1,0,0,0,0,0,0,1,0,0,0,0,0,1,1,0,0,0,2,0,0,0,1,1,0,1,0,0,0,0,0,0,0,1,0,0,0,1,0,0,0,0,0,0,0,0,0,0,0,0,0,1,0,0,0,0,0,1
0,0,0,0,0,0,0,0,0,0,0,0,0,0,0,0,0,0,0,0,0,0,1,0,0,0,0,0,0,0,0,0,0,0,0,0,2,0,0,0,0,0,0,0,0,0,0,0,0,0,0,0,0,0,0,1,0,0,0,0,0,0,1,1,0,0,0,2,0,0,0,0,0,2,0,0,3,0,0,0,0,0,0,0,0,0,0,0,1,0,0,0,0,0,0,2,1,0,0,0,0,0,0,0,0,0,1,2,1,1,0,0,0,0,0,0,0,0,0,0,0,0,0,0,0,0,0,0,1,0,4,0,0,0,0,0,0,0,0,0,0,0,0,0,2,0,0,1,0,1,0,0,0,0,1,0,0,0,0,0,0,0,3,0,1,0,0,0,0,0,1,0,0,0,0,0,0,0,0,0,0,0,0,0,0,0,0,0,0,1,0,0,0,0,0,0,0,0,0,0,0,1,0,0,0,0,0,0,0,0,0,0,1,0,0,1,1,0,1,0,0,1,0,1,0,0,0,0,0,0,0,1,0,0,0,0,0,0,0,0,0,0,0,0,0,0,0,0,0,1,0,0,0,0,0,1
0,0,0,0,0,0,0,0,0,0,0,0,0,0,0,0,0,0,0,0,0,1,1,0,0,0,0,0,0,0,0,0,0,0,0,0,0,0,0,0,0,0,0,0,0,0,0,0,0,0,0,0,0,0,0,0,0,0,0,0,0,0,0,0,0,0,0,0,0,0,0,0,0,0,0,0,0,0,0,0,0,0,1,0,0,0,1,1,1,0,0,0,1,1,0,0,0,0,0,0,0,0,0,0,0,0,1,0,0,1,0,0,0,0,0,0,0,0,0,0,0,0,0,0,0,0,0,0,1,0,1,0,0,0,0,0,0,0,0,0,0,0,0,0,0,0,0,0,0,0,0,0,0,0,0,0,0,0,0,0,0,0,1,0,1,0,0,0,0,1,0,0,0,0,1,0,0,0,0,0,0,0,0,0,0,0,0,0,0,1,0,0,0,0,0,0,0,0,0,0,0,0,0,0,0,0,0,0,0,0,0,0,1,0,0,0,1,0,0,0,0,1,0,0,0,0,0,0,0,1,0,1,0,0,0,0,0,0,0,0,0,0,0,0,0,0,0,0,0,1,0,0,0,0,0,1
0,0,1,0,0,1,0,0,0,0,0,0,0,0,0,0,1,0,0,0,0,0,0,0,0,0,0,1,0,0,0,1,0,0,1,0,0,0,0,1,0,0,0,0,0,0,0,0,1,0,0,0,0,0,0,0,0,2,0,0,0,0,0,0,0,0,0,0,0,0,0,0,0,0,0,0,0,0,0,0,0,0,0,0,0,0,0,0,1,0,0,0,0,0,0,0,0,0,0,0,0,0,0,1,0,0,0,0,1,0,0,0,1,1,0,0,0,1,0,0,0,0,0,1,0,0,0,0,0,0,0,0,0,0,0,0,0,0,0,0,0,0,0,0,0,0,1,0,0,0,0,0,0,0,0,0,0,0,0,0,0,0,0,0,1,0,0,0,0,0,0,0,0,0,1,0,0,0,0,0,1,0,0,0,0,0,0,0,0,0,0,0,0,0,0,0,0,0,0,0,0,0,0,0,0,0,0,0,0,0,0,0,0,1,0,1,0,0,0,0,0,0,0,0,0,0,0,0,0,0,1,0,0,0,0,0,0,0,0,0,0,0,3,1,0,0,0,0,0,0,0,1,0,1,2,0
0,0,0,0,0,0,0,0,0,0,0,0,0,0,0,0,1,0,0,0,0,0,0,0,0,0,0,0,0,0,0,1,0,0,1,0,0,0,0,0,0,0,0,0,0,0,0,0,0,0,0,0,0,1,1,0,1,0,0,0,0,0,1,0,0,0,0,0,0,0,0,0,0,0,0,0,0,0,1,0,0,0,0,0,0,0,0,0,1,0,0,0,0,0,0,0,0,0,0,0,0,0,0,1,0,0,0,0,0,0,0,0,1,1,0,0,0,1,0,0,0,0,0,1,0,0,0,0,0,0,0,0,0,0,0,0,0,0,0,0,0,0,0,0,0,0,0,0,0,0,0,0,0,0,0,0,0,0,0,0,0,0,0,0,0,0,0,0,0,0,0,0,1,0,1,0,0,0,0,0,1,0,0,0,0,0,0,1,0,0,0,0,0,0,0,0,0,0,0,0,0,0,0,0,0,0,0,0,0,0,0,0,0,0,0,0,0,0,0,0,0,0,0,0,0,0,0,0,0,0,1,0,0,0,0,0,0,0,0,1,0,0,2,0,0,0,0,0,0,0,0,1,0,1,0,0
0,0,0,0,0,0,0,0,0,0,0,0,0,0,0,0,0,0,0,0,0,0,0,0,0,0,0,0,0,0,0,0,0,0,0,0,0,0,0,0,0,0,0,0,0,0,1,0,0,0,0,0,0,0,0,0,0,0,0,0,0,0,0,0,0,0,0,0,0,0,0,0,0,0,0,0,0,0,0,0,0,0,0,0,0,0,0,0,1,1,0,0,1,1,0,0,0,0,0,0,0,0,0,0,0,0,0,0,0,1,0,0,0,0,0,0,0,0,0,0,0,0,0,0,0,0,0,0,1,0,1,0,0,0,0,0,0,0,0,0,0,0,0,0,0,0,0,0,0,0,0,0,0,0,0,0,0,0,0,0,0,0,1,0,1,0,1,0,0,0,0,1,0,0,0,0,1,0,0,0,0,0,0,0,0,0,0,0,0,1,0,0,0,0,0,0,0,0,0,0,0,0,0,0,0,0,0,0,0,0,0,0,1,0,0,0,2,0,0,0,0,1,1,0,0,0,0,0,1,0,0,0,0,0,0,0,0,0,1,0,0,0,0,0,0,0,1,0,0,1,0,0,0,0,0,1
0,0,1,0,1,0,0,0,0,1,1,0,1,0,0,0,1,1,1,0,0,0,0,0,0,1,0,0,0,0,0,0,0,0,0,0,0,0,0,0,1,0,0,0,0,0,0,0,0,0,0,1,0,0,0,0,0,1,0,0,1,0,1,0,0,0,0,0,0,0,0,0,0,0,0,0,0,0,0,0,0,0,0,0,0,0,0,0,0,0,0,0,0,0,0,0,0,0,0,0,0,0,0,0,0,0,0,0,0,0,0,0,0,0,0,0,0,0,0,0,0,0,0,0,0,0,0,0,0,0,0,0,0,0,0,0,0,0,0,0,0,0,0,0,0,0,1,0,0,0,0,0,0,1,0,1,0,0,1,0,0,0,0,1,0,0,0,0,0,0,0,0,0,0,0,0,0,0,0,0,0,0,1,0,1,0,0,0,0,0,0,0,0,0,0,0,0,0,0,0,0,0,0,0,0,0,1,0,0,0,0,0,0,0,0,0,0,0,0,0,0,0,0,0,0,0,1,0,0,0,0,0,0,0,1,0,0,0,0,0,0,0,0,0,0,0,0,0,0,0,0,0,0,0,0,0
0,0,0,0,0,0,0,0,0,0,0,0,0,0,0,0,0,0,0,0,0,0,0,0,0,0,0,0,0,0,0,0,0,0,0,0,0,0,0,0,0,0,0,0,0,0,0,0,0,0,0,0,0,0,0,0,0,0,0,0,0,0,0,0,0,0,0,0,0,0,0,0,0,0,0,0,0,0,0,0,0,0,0,0,0,0,0,0,1,0,0,0,1,0,0,0,0,0,0,0,1,0,0,0,0,0,0,0,1,1,0,0,0,1,0,0,0,0,0,0,0,0,0,0,0,0,0,0,1,0,1,0,0,0,0,0,0,0,0,0,0,1,0,0,0,0,0,0,0,1,0,0,0,0,0,0,0,0,0,0,0,0,1,0,1,0,0,0,0,0,0,0,0,0,0,0,0,0,0,0,0,0,0,0,0,0,0,0,0,1,0,0,0,0,0,0,0,0,0,0,0,1,0,0,1,1,0,0,0,0,0,0,1,0,1,0,1,0,0,0,0,1,0,1,0,0,0,0,0,0,0,0,0,0,0,1,0,0,0,0,0,0,0,0,0,0,0,0,0,1,0,0,0,0,0,1
0,0,0,0,0,0,0,0,1,0,0,0,0,0,0,0,1,0,0,0,0,0,1,0,0,0,0,0,0,0,0,0,0,0,0,0,0,0,0,0,0,0,0,0,0,0,0,0,0,0,0,0,0,0,0,0,0,0,0,0,0,0,0,0,0,0,0,0,0,0,0,0,0,1,0,0,0,0,0,0,0,0,0,0,0,0,0,0,1,0,0,0,0,0,0,1,0,0,0,0,0,0,1,0,0,0,1,0,0,1,0,0,0,0,0,0,0,0,0,0,0,1,0,0,0,0,0,0,1,0,1,0,0,0,0,0,0,0,0,0,0,0,0,0,0,0,0,0,0,0,0,0,0,0,0,0,0,0,0,0,0,0,1,0,1,0,0,0,0,1,0,0,0,0,0,0,0,0,0,0,0,0,0,0,0,0,0,0,0,1,0,0,0,0,0,0,0,0,0,0,0,0,0,0,0,0,0,0,0,0,0,0,1,0,0,0,2,0,0,0,0,1,0,0,0,0,0,0,0,0,0,1,0,0,0,1,0,0,0,0,0,0,0,0,0,0,0,0,0,1,0,0,0,0,0,1
0,0,0,0,0,0,0,0,0,0,0,0,0,0,0,0,0,0,0,0,0,0,0,0,0,1,0,0,0,0,0,0,0,0,2,0,0,0,0,0,0,0,2,0,0,0,0,0,0,1,0,0,0,1,0,0,0,0,0,0,0,0,0,0,0,0,0,0,0,0,0,0,0,0,0,0,0,0,0,0,0,0,0,0,0,0,0,0,1,0,0,0,0,0,0,0,0,0,0,0,0,0,0,1,0,0,0,0,0,0,0,0,1,1,0,0,0,1,0,0,0,0,0,1,0,0,0,0,0,0,0,0,0,0,0,0,0,0,0,0,0,0,0,0,0,0,0,0,0,0,0,0,0,0,0,0,0,0,0,0,0,0,0,0,0,0,0,0,0,0,0,0,0,0,1,0,0,0,0,0,1,0,0,0,0,0,0,2,0,0,0,0,0,0,0,0,0,0,0,0,1,0,0,0,0,0,0,0,0,0,0,0,0,0,0,1,0,0,0,0,0,0,0,0,0,0,0,0,0,0,0,0,0,0,0,0,0,0,0,2,0,2,2,2,0,0,0,0,1,0,0,2,2,0,0,0
0,0,0,0,0,1,0,0,0,0,0,0,0,0,0,1,0,0,0,0,0,0,0,0,0,0,1,0,0,0,0,0,0,0,2,0,0,0,0,0,0,0,0,0,0,0,0,0,0,0,0,0,0,0,0,0,0,0,0,0,0,0,1,0,0,0,0,0,0,0,0,0,0,0,0,0,0,0,0,0,0,0,0,0,0,0,0,0,1,0,0,0,0,0,0,1,0,0,0,0,1,0,0,0,0,0,0,0,0,1,1,0,1,1,0,1,0,1,0,0,0,0,0,0,0,0,0,0,0,0,0,0,0,0,0,0,0,0,0,0,0,0,0,0,0,0,0,0,0,0,0,0,0,0,0,0,0,0,0,0,0,0,0,0,0,0,0,0,0,0,1,0,1,0,1,0,0,0,0,1,1,1,0,0,1,0,0,1,1,0,0,0,0,0,0,0,0,0,1,0,0,0,0,0,0,0,0,0,0,0,0,0,0,0,0,0,0,0,0,0,0,0,0,0,1,0,0,0,0,0,0,0,0,0,0,0,0,0,1,0,0,2,1,1,0,0,0,0,1,0,0,0,0,0,0,0
0,0,0,0,0,0,0,0,0,0,0,0,0,0,1,0,0,0,0,0,0,0,0,0,0,0,0,0,0,0,0,0,0,0,0,0,0,0,0,0,0,1,0,0,0,2,0,0,0,0,0,0,0,0,0,0,0,0,0,0,0,0,0,0,0,0,1,0,0,0,0,0,0,2,0,0,2,0,0,0,0,0,0,0,0,0,0,0,1,0,0,1,0,0,0,0,0,0,0,0,0,0,0,0,0,0,0,0,0,1,0,0,0,0,0,0,0,0,0,0,0,0,0,0,0,0,0,0,1,0,1,0,0,0,0,0,0,0,0,0,0,0,1,0,0,0,0,0,0,0,0,0,1,1,0,0,0,0,0,0,0,0,2,0,1,0,0,0,0,1,0,0,0,0,1,0,0,0,0,0,0,0,0,0,0,0,0,0,0,1,0,0,0,0,0,0,0,0,0,0,0,0,0,0,0,0,0,0,0,0,0,0,1,0,0,0,2,0,0,0,0,1,0,0,0,0,0,0,1,0,0,1,0,0,0,0,0,0,0,0,0,0,0,0,0,0,0,0,0,1,0,1,0,0,0,1
0,0,0,0,0,0,0,0,0,0,0,0,0,0,0,0,0,0,0,0,0,1,1,0,0,0,0,0,0,1,0,0,0,0,0,0,0,0,0,0,0,0,0,0,1,1,0,0,1,0,0,0,0,0,0,0,0,0,0,0,0,0,0,0,0,0,0,1,0,0,0,0,1,0,0,0,1,0,0,0,0,0,0,0,1,0,0,1,1,0,0,0,0,0,0,0,0,0,0,0,0,0,0,0,0,0,1,0,0,0,0,0,0,0,0,0,0,0,0,0,0,0,0,0,0,0,0,0,1,0,0,0,0,0,0,0,0,0,0,0,0,0,0,0,0,0,0,0,0,0,0,0,0,0,0,0,0,0,0,0,0,0,3,0,1,0,0,0,0,0,0,2,0,0,1,0,0,0,0,0,0,0,0,0,0,0,1,0,0,1,0,0,1,0,0,0,0,1,0,0,0,0,0,0,0,0,0,0,1,0,0,1,1,0,0,0,2,0,0,0,1,1,0,0,0,0,0,0,0,0,0,1,0,0,0,1,0,0,0,0,2,0,1,0,0,0,0,0,0,1,0,0,0,0,1,1
0,0,0,0,0,0,0,0,0,0,0,0,0,0,0,0,0,0,0,0,0,0,0,0,0,0,0,0,0,0,0,0,0,0,0,0,0,0,0,0,0,1,0,0,0,1,0,0,0,0,0,0,0,0,0,0,0,0,0,0,0,0,0,0,0,0,0,0,0,0,0,0,0,0,0,0,0,0,0,0,0,0,0,0,0,0,0,0,1,0,0,0,0,0,0,0,0,0,0,0,0,0,0,0,0,0,0,0,1,1,0,0,0,0,0,0,0,0,0,0,0,0,0,0,0,0,0,0,1,1,2,0,0,0,0,0,0,1,0,0,0,0,0,0,2,0,1,0,0,0,0,0,0,0,0,0,0,0,0,0,0,0,1,0,1,0,0,1,0,1,0,0,0,0,0,0,0,0,0,0,0,0,0,0,1,0,0,0,0,1,0,0,0,0,0,0,0,0,1,0,0,0,0,0,0,0,0,0,0,0,0,0,1,0,0,1,1,0,0,0,1,1,0,1,0,0,0,0,0,0,0,1,1,0,0,1,0,0,0,0,0,0,0,0,0,0,0,0,1,1,0,0,0,0,0,1
0,0,0,0,0,0,0,0,0,0,0,0,0,0,0,0,0,0,0,0,0,0,0,0,0,0,0,0,0,0,0,0,0,0,0,0,0,0,0,0,0,0,0,0,0,0,0,0,0,0,0,0,0,0,0,0,0,0,0,0,0,0,0,0,0,0,0,0,0,0,0,0,0,0,0,0,0,0,0,0,0,0,0,0,1,0,0,0,1,0,0,0,0,1,0,0,0,0,0,0,1,0,0,0,0,0,0,0,0,1,0,0,0,0,0,0,0,0,0,0,0,0,0,0,0,0,0,0,1,0,1,0,0,0,0,0,0,0,0,0,1,0,0,0,0,0,0,0,0,0,0,0,0,1,0,0,0,0,0,0,0,0,1,0,1,0,0,0,0,0,0,0,0,0,0,0,0,0,0,0,0,0,0,0,0,0,0,0,0,1,0,0,0,0,0,0,0,0,0,0,0,0,0,0,0,1,0,0,0,0,0,0,1,0,1,0,1,0,0,0,0,1,0,1,0,0,0,0,0,0,0,0,0,0,0,0,0,0,0,0,0,0,0,0,1,0,0,0,0,1,0,1,0,1,0,2
0,0,0,0,0,0,1,0,0,0,0,0,0,0,0,0,0,0,0,0,0,1,0,0,0,0,0,0,0,0,0,0,0,0,0,0,0,0,0,0,0,0,0,0,0,0,0,0,0,0,0,0,0,0,0,0,0,0,0,0,0,0,0,0,0,0,0,1,0,0,0,0,0,0,1,0,0,0,0,0,0,1,0,0,0,0,0,0,1,0,0,0,0,0,0,0,0,0,0,0,0,0,0,0,0,0,0,0,1,1,0,0,0,0,0,0,0,0,0,0,0,0,0,0,0,0,0,0,1,0,1,0,0,0,0,0,0,0,0,0,0,0,0,0,0,0,0,0,0,0,0,0,0,0,0,0,0,0,0,0,0,0,1,0,1,0,0,0,0,0,0,0,0,0,0,0,0,0,0,0,0,0,0,0,0,0,0,0,0,1,0,0,0,0,0,0,0,0,0,0,0,0,0,0,1,0,0,0,0,0,0,0,1,0,1,0,1,0,0,0,0,1,0,0,0,1,0,0,0,0,0,0,0,0,0,0,0,0,0,0,0,0,0,0,0,2,0,0,0,2,0,0,0,0,0,1
0,0,0,0,1,0,0,0,0,0,0,0,0,0,0,0,0,0,0,0,0,1,0,0,0,0,0,0,1,0,0,0,0,0,0,0,1,0,0,0,0,0,0,0,0,0,0,0,0,0,0,0,0,0,0,1,0,0,0,0,0,0,0,0,0,0,0,0,0,0,0,0,0,0,0,0,0,0,0,0,0,0,0,0,0,0,0,0,1,0,0,0,0,1,0,0,0,0,0,0,0,0,0,0,0,0,0,0,0,1,0,0,0,0,0,0,0,0,0,0,0,0,0,0,0,0,0,0,1,0,1,0,0,0,0,0,0,0,0,0,0,0,0,0,0,0,0,0,0,0,0,0,0,0,0,0,0,0,0,0,0,0,2,0,1,0,0,2,0,0,0,0,0,0,2,0,0,0,0,0,0,0,0,0,0,0,0,0,1,1,0,0,0,0,0,0,0,0,3,0,0,0,0,0,0,0,0,0,0,0,0,0,1,0,0,0,2,0,0,0,0,1,0,0,0,0,0,0,0,0,0,1,0,0,0,0,0,0,0,0,0,0,0,0,0,0,0,0,0,1,0,1,0,0,2,1
0,0,0,1,0,0,0,0,0,0,0,0,0,0,0,0,0,0,1,0,0,0,0,0,0,0,1,0,0,0,0,0,0,0,0,0,1,0,0,0,0,0,0,0,0,0,0,0,0,0,0,0,0,0,0,0,0,0,0,0,0,0,1,0,0,0,0,0,0,0,0,0,0,0,0,0,0,0,0,0,0,0,0,0,0,0,0,0,1,0,0,0,0,0,0,0,0,0,0,0,0,0,0,0,0,0,0,0,0,1,0,0,0,0,0,0,0,0,0,0,0,0,0,0,0,0,0,0,1,0,1,0,0,0,0,0,0,0,0,0,0,0,0,0,0,0,0,0,0,0,0,0,0,0,0,0,0,0,0,0,0,0,1,0,1,0,0,0,0,0,0,0,1,0,0,0,0,0,0,0,0,0,0,0,0,0,0,0,0,1,0,0,0,0,0,0,0,0,0,0,0,1,0,0,0,0,0,0,0,0,0,0,1,1,0,1,1,0,0,1,0,1,0,0,0,0,0,0,1,0,0,0,0,0,0,1,0,0,0,0,0,0,0,0,0,0,0,0,0,1,0,0,0,0,0,1
0,0,0,0,0,0,0,0,0,0,0,1,0,0,0,2,0,0,0,0,0,0,0,0,0,0,0,1,0,0,0,1,0,0,1,0,0,0,0,0,0,0,0,0,0,0,0,0,0,0,0,0,0,0,0,0,0,0,0,0,0,0,0,0,0,0,0,0,0,0,0,0,0,0,0,0,0,0,0,0,0,0,0,0,0,0,0,0,1,0,0,0,0,0,0,0,0,0,0,0,1,0,0,1,0,0,0,1,1,1,0,0,1,1,0,0,0,1,0,0,0,0,0,1,0,0,0,0,0,0,0,0,0,0,0,0,0,0,0,0,0,0,0,0,0,0,0,0,0,0,1,0,0,0,0,0,0,0,0,0,2,0,0,0,1,0,0,0,0,0,0,0,1,0,1,0,0,0,0,0,1,0,0,0,1,0,0,1,0,0,0,0,0,0,0,0,0,0,0,0,0,0,0,0,0,0,0,0,0,0,0,0,0,0,0,0,0,0,0,0,0,0,0,0,0,0,0,0,0,0,0,0,0,0,0,0,0,0,0,1,0,0,3,0,0,0,0,0,0,0,0,1,0,1,1,0
0,0,0,0,0,0,0,0,0,0,0,0,0,0,0,0,0,0,0,0,0,1,1,0,0,0,0,0,0,0,0,0,0,0,0,0,0,0,0,0,0,0,0,0,0,0,0,0,0,0,0,0,0,0,0,0,0,0,0,0,0,0,0,0,0,0,0,0,0,0,0,0,0,0,0,0,0,0,0,0,0,0,0,0,0,0,2,0,1,0,0,0,3,1,0,0,1,0,0,0,0,0,0,0,1,0,1,0,0,1,0,0,0,0,0,0,0,0,0,0,0,0,0,0,0,0,0,0,1,0,1,0,0,0,0,0,0,0,0,0,0,0,0,0,0,0,0,0,0,0,0,0,0,0,1,0,0,0,1,0,0,0,3,0,1,0,0,0,0,0,0,0,0,0,2,1,0,0,0,0,0,0,0,0,0,0,0,0,0,1,0,0,0,0,0,3,0,2,0,0,0,0,0,0,1,0,0,0,0,0,1,0,1,0,0,0,1,0,0,0,0,1,0,1,0,0,0,0,1,0,0,1,0,0,0,0,0,0,0,0,0,0,0,0,0,0,0,0,0,1,0,0,0,0,0,1
0,0,0,0,0,0,1,0,0,0,0,0,0,0,0,0,0,0,0,0,0,0,0,0,0,0,0,0,0,0,0,0,0,0,0,0,1,0,0,0,0,0,0,0,0,0,0,0,0,0,0,0,0,0,0,0,0,0,0,0,0,0,0,0,0,0,0,0,0,0,0,0,0,0,0,0,0,0,0,0,0,0,0,0,0,0,0,0,1,0,0,0,1,0,0,0,0,0,0,0,0,0,1,1,0,0,0,0,1,1,0,0,0,0,0,0,0,0,0,0,0,0,0,0,0,0,0,0,1,0,1,0,0,0,0,0,0,0,0,0,0,0,0,0,0,0,0,0,0,1,0,0,0,0,0,0,0,0,0,0,0,1,1,0,1,0,0,0,0,0,0,0,0,0,0,0,0,0,0,0,0,0,0,0,0,0,0,0,0,1,0,0,0,0,0,1,0,1,0,0,0,0,0,0,0,0,0,0,0,0,0,2,1,0,0,0,2,0,0,0,1,1,0,2,0,0,0,0,2,0,0,0,0,0,0,1,0,0,0,0,0,0,0,0,1,0,0,0,0,1,0,0,0,0,0,1
0,0,0,0,0,0,0,0,0,0,0,0,0,0,0,0,0,0,0,0,0,0,0,0,0,0,0,0,0,0,0,0,0,0,0,0,0,0,0,0,0,0,0,0,0,0,0,0,0,0,0,1,0,0,1,0,0,0,0,0,0,0,1,0,0,0,0,0,0,0,0,0,0,1,0,0,1,0,0,0,0,1,0,0,0,0,0,0,1,0,0,0,0,0,0,1,0,0,0,0,0,0,0,0,0,0,0,0,0,1,0,0,0,0,0,0,0,0,0,0,0,0,0,0,0,0,0,0,1,0,1,0,0,0,0,0,1,0,0,0,1,0,0,0,0,0,0,0,0,0,0,0,0,1,0,0,0,0,0,0,1,0,2,0,2,0,0,0,1,0,0,1,0,0,0,0,0,0,0,0,0,0,0,0,0,0,0,0,0,1,0,0,0,0,0,0,0,0,0,0,0,0,0,0,0,1,1,0,0,0,0,0,1,0,0,0,2,0,0,0,0,1,0,0,0,0,0,0,2,1,0,0,0,3,0,0,0,0,0,0,0,0,0,1,2,0,0,0,0,1,0,0,1,0,0,1
1,0,0,0,0,0,0,0,0,0,0,0,0,0,0,0,0,0,0,0,0,0,0,0,0,0,0,0,0,0,0,0,0,0,0,0,0,0,1,0,1,0,0,0,0,0,0,0,0,0,0,0,0,0,0,0,0,0,0,0,0,0,0,0,0,0,0,0,0,0,0,0,0,0,0,0,0,1,0,0,0,0,0,0,0,0,0,0,1,0,0,0,0,0,0,0,0,0,0,0,0,0,1,0,0,0,1,0,1,1,0,0,0,0,0,0,0,2,0,0,0,0,0,0,0,0,0,0,1,0,2,0,0,0,0,0,0,0,0,0,0,1,0,0,1,1,0,0,0,0,0,0,0,0,0,0,0,0,0,0,0,0,4,0,2,0,0,0,0,1,0,2,0,0,0,0,0,0,0,0,0,0,0,0,0,0,1,0,0,1,0,0,0,0,0,0,0,2,1,0,0,0,0,0,0,0,0,0,0,0,0,0,1,0,0,0,2,0,1,0,3,1,0,3,0,0,0,0,1,0,0,0,0,0,0,0,0,0,1,0,0,0,1,0,0,0,0,0,0,1,0,0,0,0,0,2
0,0,0,0,0,0,0,0,0,0,0,0,0,0,0,0,0,0,0,0,0,1,0,0,0,0,0,0,0,0,0,0,0,0,1,0,0,0,0,0,0,0,0,1,0,0,0,0,0,0,0,0,0,0,0,0,0,0,0,0,0,0,0,0,0,0,1,0,0,0,0,0,0,0,0,0,0,0,0,0,0,0,0,0,0,0,1,1,1,0,0,0,0,1,0,0,0,0,0,0,0,0,0,0,0,0,0,0,1,1,0,0,1,0,0,0,0,0,0,0,0,0,0,0,0,0,0,0,1,1,1,0,0,0,0,0,0,0,0,0,0,0,0,0,0,0,0,0,0,0,0,0,0,0,0,0,0,0,0,0,1,0,3,0,2,0,0,0,0,0,1,0,0,0,0,0,0,0,0,0,0,0,0,0,0,0,0,0,3,1,0,0,0,0,0,0,0,2,0,0,0,0,0,0,0,0,0,0,0,0,0,0,1,0,0,0,2,0,1,0,1,1,0,0,0,0,0,0,0,0,2,0,0,0,0,1,0,0,1,0,0,0,0,0,0,0,0,0,0,1,0,0,0,0,1,1
