1,4,0,0,4,0,0,0,8,0,1,0,15,1,0,0,0,0,0,7,0,0,0,0,0,10,0,2,0,0,0,0,0,1,0,0,0,0,0,2,0,0,1,0,4,1,0,0,5,9,0,9,1,2,2,0,6,4,10,0,3,0,1,0,1,0,0,3,6,2,1,0,0,16,16,2,0,1,0,8,4,0,0,11,4,2,0,5,0,0,9,1,0,0,34,0,4,2,19,5,1,0,0,24,0,14,1,13,1,4,0,1,1,0,3,3,2,10,41,3,1,2,1,0,8,4,0,0,1,0,0,0,0,1,1,1,1,2,1,2,4,0,1,2,0,0,2,1,1,0,1,0,0,2,0,0,1,1,0,0,0,0,0,0,5,3,3,2,0,6,1,0,6,2,0,0,1,0,11,6,2,1,2,1,0,0,2,0,2,26,5,0,0,0,2,6,8,22,4,1,1,1,4,0,0,9,0,2,0,1,0,0,0,3,0,0,3,0,4,7,0,0,1,0,0,1,0,0,0,0,1,0,1,0,0,0,0,1,0,0,1,0,1,4,0,0,0,0,1,7,0,0,1,2,0,3
1,1,2,0,4,3,3,0,26,0,1,1,1,7,0,0,0,0,0,1,0,0,10,3,20,0,0,2,1,14,0,0,0,0,0,0,0,0,1,3,0,0,2,0,1,2,0,0,2,0,0,0,0,3,6,1,11,3,3,0,1,1,2,0,0,0,3,0,0,2,0,0,0,3,0,0,0,0,2,16,1,0,0,1,0,0,14,1,2,14,0,0,0,4,0,0,1,0,0,8,10,0,2,37,1,0,2,4,1,0,2,0,0,0,0,0,1,5,54,6,0,4,0,0,1,34,0,0,0,1,0,0,0,1,0,0,0,0,1,0,2,0,0,4,0,0,2,0,0,0,3,7,0,0,0,0,1,1,0,1,0,1,0,4,2,1,4,1,0,4,0,0,3,1,0,0,0,0,2,0,0,0,1,1,2,0,0,0,1,0,1,0,0,2,0,7,8,4,0,3,3,12,4,0,0,0,1,1,0,0,3,0,0,14,3,0,4,22,0,1,0,0,0,1,0,0,0,0,0,0,1,0,5,0,0,0,4,1,0,0,0,2,0,12,1,0,1,0,2,3,0,1,0,10,0,0
0,0,3,0,3,1,1,0,32,0,3,0,7,1,0,0,5,3,0,0,0,1,22,19,5,0,0,3,2,0,2,0,0,0,0,0,0,0,1,1,0,1,0,0,0,1,0,0,0,0,0,1,3,2,4,1,5,8,1,0,8,0,1,0,0,2,0,1,1,3,0,17,2,10,1,0,0,0,0,1,0,3,0,0,5,0,3,6,1,0,0,0,0,2,0,0,1,7,0,16,2,1,1,0,1,5,7,0,0,1,0,3,0,0,0,0,0,3,37,5,1,2,1,3,0,0,1,0,0,0,0,1,0,4,0,0,0,0,0,0,1,4,0,1,0,0,0,1,4,0,0,0,0,5,0,1,0,0,1,1,0,12,0,2,1,6,0,0,0,0,0,0,9,4,2,0,0,1,1,18,3,0,1,2,0,0,3,0,2,26,0,0,0,0,2,12,22,1,0,4,1,17,3,0,0,7,1,3,0,0,0,0,0,1,2,5,1,22,1,13,0,1,0,1,0,0,2,0,0,0,0,0,0,0,0,0,0,1,0,3,0,0,0,0,0,1,1,0,0,0,0,0,0,0,0,0
0,0,0,2,0,1,8,2,6,0,5,11,6,6,1,0,0,1,4,4,0,2,52,22,2,0,1,1,1,0,3,0,1,2,0,1,0,0,1,1,0,4,3,0,1,1,0,0,2,9,0,0,3,0,2,0,10,1,2,3,6,0,0,0,10,0,1,1,1,0,0,24,1,1,0,0,0,1,0,1,0,0,0,3,0,0,9,1,1,5,1,0,0,0,0,0,2,9,5,7,7,0,11,2,0,1,1,0,1,2,0,8,0,0,3,4,0,6,47,5,2,2,0,2,0,16,0,0,0,3,1,0,3,0,0,1,1,0,0,0,1,0,1,0,0,0,2,0,2,0,0,5,0,2,0,3,0,0,1,0,0,12,0,2,3,0,0,0,1,6,0,0,6,1,0,1,5,0,2,0,0,1,0,1,0,3,0,1,2,17,2,0,0,0,0,8,7,7,0,0,3,2,0,0,0,2,0,2,1,0,13,0,0,4,0,1,0,14,4,3,3,1,0,0,0,0,1,0,0,1,1,0,3,1,2,0,0,2,0,0,0,0,1,4,1,4,0,0,0,1,4,0,0,0,1,0
0,0,2,0,0,0,0,0,16,0,2,0,3,9,1,0,0,2,0,0,2,0,1,0,9,0,1,2,3,0,3,0,0,0,18,0,1,0,0,4,9,3,0,1,0,1,0,0,14,0,0,19,1,1,6,1,4,5,0,0,6,0,1,0,1,9,0,0,0,1,2,24,1,9,0,0,1,3,0,0,8,0,1,0,7,1,0,2,0,0,3,0,0,0,1,0,0,15,4,10,4,0,3,1,0,0,3,0,0,6,1,1,0,0,0,3,6,4,49,4,5,10,3,1,1,0,3,0,1,0,0,0,0,9,0,0,0,0,0,0,2,0,0,0,0,0,3,1,4,0,0,2,4,0,0,2,5,3,4,46,0,9,0,3,2,4,1,0,0,0,0,0,4,1,0,0,0,0,1,3,0,1,4,1,3,0,0,0,5,6,0,0,0,0,4,13,10,0,1,0,0,2,0,0,0,4,3,2,1,0,1,1,0,1,0,1,0,0,0,2,0,2,0,1,0,0,1,0,0,1,2,0,0,1,0,0,0,1,0,0,0,0,1,1,0,0,1,0,1,1,0,2,0,1,0,1
0,0,2,0,0,1,2,0,22,0,1,0,5,3,5,0,1,0,0,1,0,0,12,2,10,1,3,2,2,0,5,0,0,0,3,0,2,0,2,2,0,0,0,0,3,1,0,0,7,2,0,0,2,1,7,2,12,5,1,0,2,0,2,1,4,0,2,2,6,0,0,8,0,0,0,0,0,2,0,0,0,0,0,13,0,1,4,11,3,0,0,0,0,1,0,0,0,7,0,7,0,0,0,2,0,1,7,1,0,1,3,0,1,0,3,1,7,6,41,1,1,4,3,1,7,10,0,1,1,5,0,0,0,0,2,4,1,0,1,0,3,0,0,0,0,0,1,2,1,0,2,1,1,7,1,0,3,0,10,0,0,1,0,4,2,2,0,0,1,0,1,0,5,1,0,0,4,0,1,2,0,0,0,1,0,0,0,0,1,6,1,1,0,0,0,10,8,9,0,1,6,3,0,0,0,7,1,1,1,1,4,0,1,1,0,6,0,12,1,7,0,1,0,0,0,1,0,0,0,1,1,2,2,1,0,4,0,1,0,0,0,0,0,11,0,0,0,0,0,4,0,32,0,4,0,1
1,2,9,0,0,1,0,0,23,0,1,0,7,7,0,1,0,0,0,0,1,0,13,0,3,1,3,3,1,0,0,0,0,0,6,0,2,1,0,3,1,0,0,1,1,1,0,0,15,0,1,0,0,3,4,0,4,9,1,1,8,0,0,0,2,5,5,0,0,1,1,10,1,12,6,0,0,1,0,0,3,0,1,1,0,3,1,12,1,0,0,0,0,0,1,0,0,6,0,11,7,0,1,1,0,0,2,0,0,2,0,0,0,0,0,0,5,5,19,2,4,5,4,1,1,5,2,4,0,0,0,0,2,4,0,0,0,0,0,0,4,0,6,4,0,1,3,0,2,0,0,0,1,3,0,0,2,1,2,23,0,10,0,3,1,4,2,2,0,0,1,0,8,1,0,0,1,0,3,9,2,0,1,1,0,0,0,0,5,17,1,0,0,0,6,14,17,7,0,0,1,1,0,0,0,3,0,2,1,0,0,0,0,1,0,3,1,6,0,1,2,2,1,1,0,0,0,0,0,1,2,0,0,0,0,0,0,1,0,0,0,0,0,0,4,1,1,0,1,1,0,3,0,9,3,0
0,0,10,0,2,1,2,3,21,0,2,0,10,1,1,0,0,0,0,1,1,0,3,2,22,0,0,1,2,0,9,0,0,0,0,0,1,0,0,3,0,1,2,1,0,1,1,0,0,5,0,1,1,3,8,0,3,1,3,0,4,2,1,0,3,0,1,1,1,1,0,18,5,2,12,0,0,3,0,2,3,0,0,3,3,1,5,7,2,0,0,0,0,0,4,0,13,15,0,17,5,0,1,13,0,0,1,3,0,3,0,2,0,0,0,0,2,2,34,1,2,6,2,1,1,2,0,0,0,2,0,0,1,9,0,3,0,0,0,0,2,2,0,3,0,3,1,1,0,2,0,0,0,8,0,0,3,0,1,0,0,9,0,1,0,6,0,0,0,1,0,0,16,3,2,0,0,1,2,1,1,2,4,1,0,2,4,0,7,9,4,0,0,1,0,11,22,1,0,2,0,12,2,0,0,8,6,2,0,1,2,0,1,5,1,3,2,0,0,4,1,0,1,0,2,1,1,0,0,0,0,0,3,1,2,1,2,1,1,3,0,1,0,10,0,1,0,0,1,2,0,2,0,1,4,0
0,0,0,0,0,0,2,1,9,0,1,0,10,2,1,0,0,0,0,5,0,3,15,2,9,1,0,1,0,3,3,0,0,0,0,0,0,2,1,2,0,1,0,0,0,1,0,1,3,4,0,0,3,3,5,0,31,6,2,1,14,0,0,0,3,0,0,0,0,0,2,15,0,6,6,3,0,4,0,1,0,0,0,1,3,2,11,8,5,5,1,0,1,0,4,11,0,24,7,9,4,2,4,6,0,0,2,7,1,0,1,3,0,0,2,0,0,5,40,3,2,4,6,1,1,5,2,2,1,0,0,0,0,9,0,0,0,2,0,0,3,2,1,2,0,0,0,0,0,1,4,1,0,8,0,0,1,0,2,0,0,0,0,0,2,5,0,0,0,0,0,0,4,2,0,1,1,0,1,0,0,1,0,1,0,0,0,0,2,1,1,0,0,0,0,12,9,1,0,1,0,1,1,0,2,3,1,1,0,1,2,0,1,1,0,3,1,0,0,1,0,1,0,2,0,0,1,0,0,0,2,1,3,3,0,2,0,1,0,2,0,0,0,4,2,1,0,0,1,4,11,2,0,5,2,2
1,0,17,0,1,1,3,1,11,0,1,0,6,4,7,0,0,0,0,1,1,0,14,0,19,1,1,4,1,0,0,0,0,0,0,0,1,0,0,2,0,0,0,1,0,1,3,0,0,0,0,0,0,3,4,1,8,3,0,0,8,0,1,0,6,0,4,0,3,1,2,9,0,15,3,0,0,0,0,0,1,0,10,5,3,0,4,5,4,0,0,0,2,0,2,0,0,1,0,9,4,0,0,15,1,5,5,2,0,4,0,0,0,4,1,5,7,0,40,2,1,4,2,4,2,3,0,2,0,3,0,0,0,2,0,0,2,0,0,0,3,0,1,1,1,0,0,1,1,0,0,1,0,0,1,0,1,0,2,0,0,14,1,0,4,2,0,1,0,1,1,0,9,2,0,0,2,0,3,2,2,0,0,3,0,5,0,0,2,0,0,3,0,0,1,12,25,1,0,1,2,0,1,0,0,7,2,1,0,0,8,0,1,2,0,4,1,9,3,3,0,4,1,0,1,2,0,0,0,0,0,0,0,0,2,0,0,6,0,7,0,1,1,1,1,0,2,0,1,3,0,1,0,0,0,0
0,0,1,0,0,0,0,1,17,0,4,0,2,3,0,0,0,1,0,1,1,0,13,0,14,0,1,1,1,0,3,0,0,0,0,0,1,0,0,2,0,0,1,0,0,1,0,0,10,0,0,0,0,3,3,0,7,10,2,1,8,0,0,0,0,2,3,2,5,2,0,11,5,8,8,0,0,1,0,0,1,0,3,4,0,2,3,24,3,0,0,0,0,0,0,0,5,2,0,8,0,1,0,1,0,3,2,0,0,3,0,1,0,0,1,0,0,0,13,2,4,8,4,0,7,1,1,1,2,0,0,0,0,5,0,0,0,0,1,0,5,3,0,3,0,0,0,1,5,0,0,0,0,3,0,0,1,1,2,23,0,14,3,0,0,4,0,0,1,0,0,0,16,2,0,0,5,0,2,22,5,0,2,2,0,0,2,0,3,14,2,0,0,0,5,14,18,1,0,1,0,1,0,0,0,8,0,1,0,0,1,0,0,1,1,7,1,2,1,7,0,4,1,2,0,0,1,0,0,0,0,0,0,1,0,1,0,1,0,2,0,0,0,0,0,3,0,0,1,1,0,1,0,1,0,0
2,4,1,0,3,7,1,0,35,0,3,0,8,1,3,0,6,0,0,1,0,0,0,0,1,0,3,5,0,0,2,0,2,0,0,0,2,0,1,4,5,0,2,1,0,1,0,0,2,1,0,0,0,8,4,0,19,2,1,1,17,0,0,0,1,5,1,0,6,0,0,12,1,14,6,0,0,1,0,0,1,0,0,10,2,0,4,4,1,0,3,0,0,0,0,0,0,12,0,7,0,1,0,2,0,0,5,0,7,4,0,1,0,0,0,3,1,10,38,5,2,6,4,1,9,0,3,2,2,1,0,1,0,6,0,2,0,0,1,0,3,0,2,0,1,2,0,2,3,0,0,2,0,3,0,0,0,1,0,0,0,2,0,4,0,4,0,0,1,0,1,0,13,3,0,0,1,4,1,9,0,0,2,1,0,2,1,0,0,9,0,4,0,0,0,8,12,0,0,0,2,0,1,0,0,5,0,1,0,0,2,0,1,1,0,2,4,8,0,13,0,1,1,2,1,0,4,0,0,0,0,1,0,1,0,1,0,1,0,1,0,0,0,0,1,1,0,0,1,2,0,1,0,0,0,0
0,0,2,0,1,0,2,1,25,0,2,15,9,1,2,0,2,0,0,0,0,1,28,1,25,2,3,0,2,5,0,0,2,0,0,0,1,0,8,3,0,1,3,5,9,1,0,0,12,0,0,6,0,2,6,0,14,8,6,0,5,1,1,0,0,0,0,1,0,0,1,1,1,4,3,0,0,0,0,0,2,0,0,2,0,1,0,8,1,4,3,0,0,0,0,4,3,0,0,8,1,1,2,33,0,0,1,0,0,0,4,0,0,0,0,0,1,0,16,7,0,5,0,2,1,9,0,0,0,2,0,3,0,0,0,0,0,0,0,0,3,0,0,1,2,0,0,0,1,1,0,1,2,0,0,0,0,3,1,0,0,8,1,3,0,4,0,0,0,1,0,0,4,2,0,0,2,0,1,1,0,0,0,1,0,0,1,0,0,2,0,0,0,0,4,7,8,15,0,6,1,3,1,0,0,2,0,1,0,0,1,0,1,10,0,0,1,1,1,3,0,0,0,1,0,0,0,0,0,1,6,0,0,1,0,2,0,1,4,0,0,0,0,1,0,0,0,0,0,0,0,5,0,3,0,1
0,2,0,0,0,3,0,0,20,0,1,0,6,1,3,9,0,0,0,0,2,0,0,0,17,0,0,0,1,0,0,0,0,0,0,0,0,0,1,1,0,0,0,0,1,2,0,0,31,5,0,0,5,0,1,0,3,6,8,0,1,0,0,0,0,0,5,1,3,0,0,2,2,21,21,0,0,0,0,0,0,0,1,1,2,2,0,13,1,0,0,0,3,0,0,0,0,5,0,8,7,8,0,14,0,4,11,0,4,3,1,1,0,0,0,0,5,5,9,1,0,6,1,2,2,6,0,1,0,2,0,0,1,3,4,2,0,18,0,0,1,0,1,0,0,16,0,1,3,0,1,0,1,0,0,1,0,9,1,0,0,2,0,2,4,2,0,0,0,2,0,0,8,1,0,0,2,0,4,0,5,0,2,1,0,0,0,0,3,6,0,0,0,0,0,5,7,5,0,0,0,1,1,0,0,1,1,1,0,0,0,0,0,5,0,0,0,0,1,1,0,0,1,0,0,2,0,0,0,1,1,0,0,0,0,0,0,1,0,0,0,12,0,0,0,2,1,0,0,11,4,0,0,1,0,1
0,0,6,1,2,0,4,1,5,0,1,0,12,1,3,0,0,0,25,3,0,0,10,0,16,0,0,0,0,2,3,0,1,0,0,0,0,0,0,4,1,2,1,0,2,1,0,0,9,5,0,11,4,0,12,0,7,3,3,0,2,0,0,0,0,0,0,1,0,2,0,10,1,3,2,0,0,0,0,1,2,0,1,3,2,0,3,4,2,0,0,0,0,0,0,5,5,7,0,14,0,3,1,2,1,8,1,0,1,0,0,3,0,0,1,0,1,1,2,4,1,10,0,1,4,2,0,0,1,2,0,0,0,2,1,0,3,0,1,0,1,0,0,1,0,0,0,1,0,2,0,0,0,4,1,3,0,0,5,0,0,8,0,2,3,6,0,0,0,3,6,4,8,7,0,2,0,2,1,3,6,1,2,2,0,0,0,0,2,55,3,0,0,1,0,9,17,10,0,13,2,5,13,0,0,4,1,1,0,2,1,0,0,5,2,1,0,0,0,1,3,2,2,3,0,0,0,2,0,1,1,2,0,1,0,0,0,1,2,0,0,0,0,9,0,1,0,0,0,7,0,0,0,2,0,1
0,0,0,0,0,0,2,4,17,1,1,0,9,2,0,0,0,0,0,3,0,0,7,1,0,0,0,0,3,0,2,0,0,0,7,0,3,0,0,2,0,1,7,0,0,3,0,0,12,20,0,0,7,2,2,0,22,7,2,0,8,0,0,0,7,1,5,0,0,1,0,5,0,16,6,3,0,2,1,32,0,6,5,3,1,3,0,8,1,1,1,0,0,0,1,0,1,5,3,10,2,0,0,3,0,0,1,3,1,1,0,5,0,0,0,0,3,0,10,2,2,0,0,2,3,0,0,1,1,1,0,0,0,0,0,0,0,0,0,0,1,0,0,0,0,0,1,1,4,0,0,3,0,2,0,1,0,6,1,0,0,9,0,0,1,3,0,0,1,0,0,0,8,1,0,0,3,0,3,0,0,1,1,2,0,0,0,0,3,4,0,0,0,0,4,12,14,1,0,0,3,0,0,0,3,4,0,2,0,0,5,0,1,2,0,3,0,0,0,1,1,0,2,0,0,0,0,0,0,0,0,0,3,0,0,1,0,1,0,0,1,0,0,0,0,2,0,7,0,2,0,0,0,10,1,0
5,3,4,0,0,2,4,1,20,0,3,0,6,3,0,0,0,0,0,1,1,1,0,4,0,0,0,0,1,0,0,0,0,0,0,0,2,0,0,1,0,0,0,0,0,1,0,0,17,2,0,5,3,0,0,0,0,5,3,0,1,0,0,0,0,1,6,0,3,3,0,0,0,15,10,0,0,3,0,46,0,0,0,5,0,0,0,6,0,0,2,0,2,0,8,0,2,0,0,7,2,0,0,28,0,4,1,0,0,1,0,0,0,0,0,7,8,7,49,5,2,5,2,1,8,9,0,0,1,0,0,0,0,3,3,2,1,0,1,0,1,0,0,4,0,1,0,1,0,0,1,0,0,0,0,0,4,1,1,0,0,0,3,10,0,1,1,0,0,0,4,0,3,3,0,0,1,1,1,18,2,0,1,2,1,0,0,0,2,6,0,0,0,0,0,2,3,4,0,0,1,1,1,0,0,5,0,1,1,0,0,0,0,8,1,0,0,0,0,0,0,0,0,0,0,0,0,0,0,1,0,0,0,0,0,1,2,1,0,0,0,0,0,4,0,0,2,0,0,7,0,0,0,0,0,0
1,1,3,0,1,4,2,4,27,0,1,0,7,2,2,0,0,1,7,1,0,2,4,0,2,0,1,2,0,0,6,0,0,3,0,0,0,1,0,2,0,0,2,0,2,1,4,0,7,26,0,1,2,0,2,0,15,3,4,0,3,0,1,0,2,1,0,0,0,0,0,4,0,11,4,0,0,0,0,0,0,0,0,0,0,0,5,9,1,0,0,0,0,0,0,1,2,1,4,8,1,8,1,8,0,2,3,12,0,2,1,0,0,0,0,0,1,3,15,3,1,5,0,1,1,17,0,0,1,2,0,0,0,2,3,11,2,5,3,0,2,0,1,2,1,4,1,0,1,0,0,4,0,1,7,0,0,4,1,0,0,7,0,0,5,3,0,0,0,2,1,0,5,1,0,1,0,0,1,0,0,0,0,1,0,0,0,0,4,8,2,0,0,0,0,5,7,6,0,0,2,3,4,2,0,1,1,2,0,0,2,0,1,3,0,1,1,1,0,5,0,1,0,0,0,0,0,0,0,0,0,2,6,0,0,0,0,1,0,0,0,0,1,11,0,2,0,0,1,11,2,0,0,6,0,0
1,0,1,0,2,2,8,0,30,0,2,0,4,6,2,0,3,0,0,0,0,6,0,5,9,0,1,2,0,2,2,0,0,0,0,0,0,0,1,3,0,0,0,0,0,1,0,0,6,0,1,0,6,3,1,0,5,15,4,0,3,1,1,0,2,0,1,1,1,1,0,3,1,8,1,4,0,0,2,0,0,0,0,1,0,3,6,16,1,7,2,0,0,3,0,0,3,0,0,7,0,0,0,15,3,2,4,0,0,1,3,0,2,0,0,2,0,11,14,4,0,4,2,1,1,18,0,1,0,2,0,1,0,1,0,0,4,0,3,0,3,0,0,1,0,0,2,1,0,1,1,2,0,0,0,0,8,1,13,0,0,1,0,4,0,2,0,0,1,0,0,0,4,1,0,0,0,0,1,9,0,0,1,2,0,0,0,0,3,4,0,0,0,3,0,5,7,4,0,3,0,1,0,0,0,3,0,2,0,0,1,0,0,6,1,0,1,15,0,6,0,0,0,0,0,0,0,3,0,0,5,1,0,0,5,0,0,1,0,0,0,0,0,22,2,1,0,0,8,2,0,1,0,1,0,0
2,0,1,1,1,1,2,0,17,2,1,5,10,1,3,2,0,0,0,9,1,3,50,0,28,6,4,5,0,0,0,0,0,2,0,3,2,0,0,1,0,1,1,2,3,5,3,0,1,1,1,0,0,2,3,1,6,2,6,7,4,1,1,1,2,0,0,2,1,2,3,0,0,5,11,1,0,0,0,0,1,1,1,1,2,5,7,4,5,1,2,3,0,0,3,1,3,1,0,7,3,0,0,0,1,0,1,3,0,2,1,0,2,0,0,2,1,2,17,5,3,2,0,2,4,10,0,0,0,0,0,2,0,1,0,0,1,0,0,0,3,1,0,7,2,0,0,0,0,0,3,0,0,1,0,0,1,1,3,2,2,0,0,1,0,0,0,2,0,3,2,0,4,2,0,0,0,1,2,0,2,1,3,1,5,5,1,0,1,15,0,1,0,0,2,6,8,2,1,2,2,3,1,0,2,0,3,2,0,0,0,0,0,3,2,0,1,1,0,4,1,0,2,3,0,0,1,0,2,0,0,0,1,0,2,1,7,1,1,0,1,0,0,2,0,2,1,0,1,2,8,0,1,2,0,0
0,0,5,0,1,1,5,0,21,0,1,9,8,4,3,0,0,0,0,2,0,0,26,12,5,0,1,1,0,7,1,0,1,0,0,0,0,1,2,2,0,2,0,1,0,1,0,0,0,0,0,0,0,1,3,0,8,1,0,0,8,0,0,0,3,0,1,0,2,0,1,6,1,4,2,0,0,1,0,19,0,0,0,4,0,0,2,0,1,2,0,0,0,1,1,3,0,1,0,13,3,2,2,21,0,0,4,0,0,1,1,0,0,0,0,1,10,3,48,5,1,4,0,2,3,8,0,0,0,0,0,0,0,1,0,0,5,0,2,0,3,0,0,0,0,0,1,1,0,0,12,0,2,0,0,0,0,4,3,0,0,1,1,0,1,5,0,0,0,0,2,1,7,3,1,0,0,0,12,4,1,2,1,1,0,0,0,0,0,0,1,0,0,0,0,15,13,0,0,0,0,11,1,0,0,3,0,1,0,0,1,0,0,1,0,3,1,1,1,2,0,2,0,0,0,0,0,0,1,0,1,0,0,1,0,0,0,1,1,0,1,0,0,6,0,1,0,0,1,0,0,1,0,0,0,0
0,0,0,0,1,0,6,0,14,0,2,0,6,1,3,0,0,0,1,1,1,0,34,1,15,4,0,1,1,0,2,0,1,0,0,0,0,1,2,1,0,2,2,0,0,1,0,0,0,0,2,0,0,5,4,0,4,4,3,1,3,0,0,0,2,0,1,1,0,0,2,9,0,7,2,0,0,0,0,3,0,0,0,0,2,0,5,6,0,0,1,0,0,1,0,0,1,11,4,8,0,11,4,3,0,0,2,0,2,0,0,0,0,0,10,4,1,1,41,6,1,4,2,1,1,12,0,0,0,1,0,0,0,5,0,0,0,0,0,1,3,0,2,0,0,0,0,2,2,1,0,1,3,6,0,0,0,0,6,0,0,14,0,7,3,1,0,0,2,0,0,0,0,1,0,0,1,0,16,0,0,1,1,3,0,0,0,0,0,12,1,0,0,0,0,8,6,3,0,2,1,4,1,0,0,2,0,1,0,0,4,0,0,3,0,3,2,12,0,0,0,3,0,0,0,0,0,0,0,0,1,0,0,0,0,0,0,1,0,0,0,0,0,2,3,0,0,2,0,2,0,23,0,1,0,0
0,5,3,0,1,1,0,0,23,0,1,0,6,6,2,0,0,0,0,5,0,1,0,0,6,0,0,1,3,0,3,0,0,0,0,0,0,0,1,2,0,1,1,0,0,1,0,0,7,6,1,0,1,1,8,0,3,7,5,0,1,0,0,0,2,0,4,0,1,0,2,2,0,7,16,0,0,1,0,0,0,0,8,1,2,0,10,13,2,0,0,0,3,0,0,0,1,4,10,4,16,1,1,14,0,3,3,5,0,2,0,0,0,0,0,2,4,0,25,4,0,6,1,2,3,7,0,1,1,0,0,0,0,2,3,0,0,5,0,0,2,0,0,0,0,0,0,0,0,0,0,2,1,0,0,0,1,0,1,1,0,3,0,1,0,3,0,0,2,0,1,0,7,1,1,0,5,0,6,7,1,0,2,3,2,0,0,0,2,36,0,0,0,0,0,5,5,5,0,1,0,5,0,0,0,3,10,1,0,0,1,0,1,8,0,0,6,0,0,2,3,0,0,0,0,0,0,0,0,0,0,1,6,1,0,0,1,1,0,0,0,2,0,1,0,0,5,0,0,5,0,0,0,1,0,0
6,3,1,1,1,1,0,0,29,0,1,0,3,1,0,0,1,0,1,0,0,3,5,1,5,0,0,0,0,4,0,0,1,0,1,0,3,0,1,2,0,0,1,0,1,1,1,0,8,0,0,0,4,1,3,0,5,9,4,1,2,1,1,0,0,10,1,2,0,7,0,4,0,15,3,7,0,0,1,19,0,4,0,1,1,0,0,14,5,0,3,0,0,0,19,0,2,1,1,7,3,6,1,6,0,1,2,2,0,2,1,0,0,0,0,0,0,6,8,3,6,6,1,1,1,2,0,0,5,0,0,0,0,5,1,0,1,0,0,0,1,0,0,0,1,7,0,1,1,0,1,0,0,0,0,0,0,3,1,0,0,6,0,5,0,1,0,0,0,2,5,0,3,1,0,0,0,0,2,13,0,0,0,1,0,0,0,0,5,4,0,0,0,0,1,6,8,8,0,0,1,7,2,0,0,2,0,1,0,2,0,2,0,0,4,0,2,14,0,6,1,2,0,0,0,1,0,0,0,1,1,0,1,1,0,0,0,1,2,0,0,1,0,6,0,0,1,0,0,2,0,0,0,5,0,1
4,0,1,0,3,0,4,3,22,0,4,0,4,2,5,0,0,0,1,1,1,4,30,5,27,0,1,1,0,0,6,0,0,0,0,0,0,0,0,2,0,0,0,0,0,5,0,0,0,1,0,0,4,2,4,0,7,3,2,0,8,0,3,0,0,0,3,0,0,0,0,8,1,8,3,1,0,0,0,0,0,0,0,2,0,3,7,14,5,0,0,0,0,3,0,0,0,4,0,7,3,0,1,2,0,1,1,0,1,7,1,5,1,1,0,1,0,5,20,3,1,2,1,0,0,10,0,0,0,0,0,0,0,9,1,0,2,0,1,0,2,0,1,1,2,0,0,0,2,1,0,0,2,0,0,3,0,0,4,1,0,14,0,2,1,3,0,4,0,0,4,0,5,2,1,0,0,0,6,0,6,0,1,4,0,0,0,0,5,13,2,0,0,0,0,8,11,1,0,0,0,6,0,0,0,4,2,2,0,0,0,2,1,1,0,1,0,9,0,5,0,2,0,2,0,0,0,0,0,0,4,0,0,0,0,5,0,1,0,0,0,0,0,0,0,1,0,0,0,0,0,0,0,1,0,0
0,0,0,0,0,0,0,1,6,0,2,3,12,3,1,0,0,0,0,0,0,1,6,1,7,3,2,1,1,0,1,0,1,0,0,2,0,0,4,1,1,0,0,0,2,1,0,0,3,0,0,0,3,0,6,0,11,3,2,0,9,0,0,0,1,0,0,0,0,0,0,5,0,9,2,3,0,0,0,3,1,0,0,4,0,0,10,4,2,0,2,0,0,0,12,9,0,14,17,6,3,3,0,26,0,0,3,2,1,4,0,2,0,1,0,0,7,4,24,2,2,7,0,2,2,4,0,0,1,9,0,0,0,1,0,6,0,1,0,0,1,0,0,4,0,0,0,1,0,2,0,1,2,0,0,0,0,4,0,0,0,7,0,1,3,2,1,0,0,1,3,0,6,1,0,0,0,0,3,2,0,1,2,1,0,0,0,0,2,3,0,0,0,0,5,6,9,16,0,2,0,0,1,0,0,2,2,1,0,0,1,0,0,4,0,0,1,2,0,2,0,0,1,0,1,0,0,0,0,1,2,0,0,0,0,0,1,1,1,0,0,6,0,0,0,0,1,0,0,2,0,0,0,9,1,0
1,0,4,1,1,0,2,1,20,0,2,0,7,1,1,0,0,0,0,0,0,1,30,2,14,0,3,1,3,1,1,0,0,1,0,0,4,0,0,3,1,1,1,1,3,1,0,1,7,1,0,0,2,5,1,0,11,4,8,0,3,0,0,0,2,3,1,1,0,3,0,18,2,14,5,0,0,0,0,1,0,1,0,0,2,0,6,9,2,0,2,0,0,1,0,0,6,2,0,14,0,7,0,2,0,0,2,1,1,1,2,2,3,0,0,2,1,3,29,5,3,3,0,2,2,10,0,0,0,2,1,0,0,2,0,0,0,0,0,0,2,0,0,4,1,0,0,0,0,1,0,0,1,3,0,1,1,2,4,0,0,12,1,1,2,8,0,2,0,0,0,0,14,3,0,0,1,0,1,1,1,0,0,1,0,0,1,0,5,13,0,0,0,0,1,10,17,5,0,2,3,11,2,0,0,6,2,2,0,0,1,0,2,4,1,2,0,3,0,2,0,1,2,0,0,1,1,0,0,1,2,0,0,1,0,1,0,1,0,2,0,0,0,0,0,1,0,0,0,5,0,0,0,0,1,0
1,0,0,0,1,4,0,0,0,1,0,1,0,0,1,2,1,1,0,0,0,0,0,1,9,0,8,1,4,0,0,0,0,0,0,1,7,0,0,0,0,1,1,7,8,1,8,0,3,39,0,1,0,3,0,0,0,0,2,16,1,5,1,0,0,0,1,0,0,0,1,0,4,1,1,1,0,1,2,2,0,1,2,0,1,0,0,1,10,0,2,1,1,0,20,0,3,3,0,0,0,2,0,0,5,1,0,1,0,0,0,0,3,0,0,24,0,0,8,0,9,0,1,0,0,0,0,0,0,0,0,0,0,7,0,0,0,0,0,2,0,3,0,0,0,0,0,0,0,2,2,1,5,3,0,0,1,0,1,1,0,0,0,1,1,1,0,4,0,2,2,0,0,1,11,0,2,0,1,3,0,1,0,0,0,1,16,3,0,1,1,0,1,3,4,1,2,2,7,1,0,0,5,1,3,1,0,0,4,0,1,6,2,0,1,0,1,0,2,7,1,0,14,0,0,1,3,4,0,1,0,0,1,0,5,0,0,0,2,0,5,4,0,0,0,10,2,1,0,5,0,0,2,1,0,5
2,2,4,0,0,1,3,0,12,0,1,0,11,3,4,0,0,0,0,4,0,0,9,0,4,1,0,0,0,0,1,0,0,0,0,0,1,0,1,2,0,2,0,0,0,1,0,0,2,3,0,0,0,3,4,1,28,2,1,1,8,0,1,0,2,0,2,0,2,0,0,13,1,12,10,2,0,1,0,4,0,0,1,1,0,1,13,4,2,0,0,0,0,0,6,0,1,12,1,9,2,0,0,14,0,3,1,5,1,2,1,1,0,0,1,0,1,1,32,1,1,3,1,2,1,3,0,3,0,2,0,0,0,5,0,0,0,0,1,0,1,0,1,0,0,0,1,5,0,0,0,0,1,3,0,1,0,0,0,0,0,4,0,2,0,2,1,0,3,1,1,0,6,3,0,0,3,0,9,4,4,0,1,2,0,5,1,0,1,3,0,0,0,0,0,9,12,6,0,0,2,1,1,0,0,3,1,1,0,0,2,1,0,3,0,2,0,0,0,4,2,2,2,0,0,1,0,0,0,0,0,1,1,1,0,2,0,1,1,0,0,0,0,0,1,1,1,0,0,0,3,0,0,0,0,0
1,5,6,0,0,0,0,3,4,0,1,3,6,8,2,0,0,2,0,13,1,0,1,1,7,0,0,1,2,0,0,0,0,1,0,13,0,0,0,2,0,1,0,0,0,7,0,0,2,0,0,0,2,2,3,0,4,2,2,0,1,0,0,4,3,0,2,0,1,1,1,1,0,3,0,0,0,1,0,0,1,0,0,2,0,3,1,4,2,5,1,0,0,2,0,0,3,1,0,7,1,11,0,21,0,3,1,1,0,4,3,4,0,4,0,0,2,0,6,2,0,7,0,0,0,8,0,2,0,1,0,1,0,0,2,1,5,0,3,0,2,0,0,2,1,0,0,1,0,0,0,1,0,0,0,0,1,2,1,2,0,0,2,1,1,14,0,0,0,0,4,0,5,2,0,0,1,0,2,3,0,1,1,13,1,0,0,0,6,0,0,0,0,0,4,6,11,50,0,28,1,1,6,3,0,7,4,1,1,3,3,10,1,6,10,0,0,0,0,0,1,2,2,1,0,0,0,0,1,0,0,0,0,0,1,0,0,1,0,0,1,0,2,1,1,1,0,0,1,15,3,1,0,0,0,0
0,0,1,0,0,0,8,0,7,0,1,0,8,7,3,0,0,0,1,1,0,1,8,0,2,0,0,0,1,1,2,0,0,5,0,1,0,1,0,2,0,1,0,1,8,1,0,0,12,3,0,0,2,0,4,0,16,1,4,1,2,0,4,0,8,0,1,0,0,1,0,2,0,27,5,0,0,0,0,0,0,0,0,6,1,2,22,5,0,0,1,0,0,0,3,1,1,2,1,10,9,1,1,14,0,1,3,0,0,2,0,0,0,0,0,0,1,7,23,4,0,2,0,2,2,12,0,0,0,5,0,0,0,2,1,1,1,0,3,0,1,0,0,1,0,0,0,4,5,1,0,3,0,2,1,3,1,1,0,0,0,6,0,0,3,1,0,1,2,2,2,0,7,2,0,1,0,0,1,0,0,1,1,4,3,0,1,2,5,9,0,1,0,0,1,5,6,9,0,2,1,2,1,0,0,2,0,1,0,1,9,0,1,5,0,0,0,24,1,4,2,0,2,1,0,1,0,0,0,0,0,1,2,1,1,1,1,2,1,0,1,1,0,0,1,2,0,0,0,4,0,0,0,0,0,1
0,0,0,3,0,0,5,2,9,0,1,1,8,1,3,0,0,2,0,4,0,0,18,3,2,0,0,1,0,0,1,0,0,2,1,0,2,0,1,3,0,1,6,0,0,2,0,0,0,1,0,0,4,1,5,0,5,2,1,0,11,0,1,0,0,0,0,2,0,1,0,16,4,3,2,0,0,0,0,1,0,2,0,4,2,4,4,2,5,0,1,0,0,3,0,0,9,20,4,13,0,1,0,1,0,1,1,0,0,2,0,3,0,0,0,1,0,2,27,2,3,3,1,1,2,1,0,1,0,2,0,0,0,7,0,1,0,0,1,0,5,3,2,2,0,0,4,1,1,0,0,0,1,8,2,1,0,0,10,0,0,10,1,4,4,6,0,0,1,1,0,2,10,3,1,0,0,1,1,0,0,0,0,1,0,0,3,0,12,10,1,0,0,0,0,9,18,1,0,1,0,6,1,0,0,6,0,1,0,1,1,0,0,2,0,3,0,0,0,1,0,0,3,2,0,0,1,0,1,1,1,0,0,0,1,1,0,2,0,4,0,0,0,0,0,0,1,0,1,0,0,3,0,0,0,0
0,2,1,1,0,0,2,1,10,1,1,0,19,5,4,0,13,0,0,3,1,4,33,2,11,0,1,1,4,5,0,0,0,0,0,10,0,3,0,1,2,0,0,0,6,1,1,0,0,0,1,0,1,1,3,0,5,4,2,0,10,1,1,0,0,5,0,0,0,0,0,4,0,7,6,0,0,1,0,0,0,0,0,3,0,0,8,5,1,2,2,0,0,0,0,0,0,1,2,7,0,3,0,0,1,0,2,0,0,1,0,1,0,0,19,2,0,0,7,3,0,8,0,1,3,5,0,0,0,1,0,0,0,1,0,0,0,0,1,0,2,0,0,1,4,0,0,0,0,2,0,0,0,0,0,0,2,2,1,0,0,14,0,0,5,3,0,3,6,3,1,0,4,4,0,0,1,0,8,6,1,0,0,2,1,0,0,0,2,51,2,0,0,0,0,5,7,1,0,0,0,4,0,0,0,2,0,3,0,3,1,0,1,1,0,0,0,1,0,2,2,0,0,0,0,1,0,0,0,1,1,0,0,0,0,0,0,1,0,0,0,0,1,2,0,0,0,0,0,0,0,0,1,1,0,0
2,0,9,0,2,1,2,0,12,1,2,0,6,1,4,2,2,0,0,2,0,0,22,6,15,1,3,2,0,2,1,0,2,7,0,0,1,1,0,1,0,1,2,7,2,1,7,0,0,3,4,0,0,7,5,4,5,3,0,4,5,2,1,0,0,0,2,0,0,5,2,6,0,0,0,1,0,3,1,0,0,0,3,1,2,0,9,8,2,3,0,0,4,0,5,0,7,5,0,6,3,1,0,8,0,2,0,0,0,3,0,2,0,11,2,4,3,0,32,2,4,4,1,0,0,5,0,0,1,8,0,0,1,1,0,0,1,0,0,0,3,0,0,1,5,0,0,0,0,1,9,1,1,0,0,0,0,1,2,0,1,1,0,0,1,0,2,0,0,0,3,0,2,2,0,0,2,0,5,0,4,1,0,0,0,1,4,0,0,0,0,1,1,3,2,8,11,3,3,1,0,7,1,0,2,2,0,2,0,0,0,0,2,6,3,1,4,0,3,2,1,2,1,0,1,0,0,1,0,1,0,0,0,0,0,0,1,1,2,0,0,0,0,9,0,0,1,0,1,2,0,0,1,1,0,0
2,1,1,0,1,1,0,3,17,1,1,2,4,2,2,0,3,0,0,3,0,0,4,0,2,0,5,6,0,4,0,0,0,6,0,0,0,0,2,2,0,0,1,0,0,1,0,1,7,0,0,4,2,5,2,2,23,7,9,1,0,1,2,0,0,0,0,3,6,2,0,2,1,13,8,1,0,0,0,0,0,0,1,3,0,2,3,2,2,0,1,3,2,4,2,9,15,0,0,6,0,3,0,16,1,0,1,3,0,5,2,0,0,0,0,2,0,0,12,1,1,5,0,1,0,9,0,0,0,1,0,4,0,5,4,1,0,0,0,1,2,0,2,1,0,2,0,0,4,1,0,0,0,3,0,0,0,1,4,1,0,3,0,1,1,3,0,1,1,0,1,1,6,5,0,0,4,0,1,3,0,1,0,1,0,0,1,0,0,1,1,0,1,2,3,6,10,11,1,1,1,0,3,0,3,0,0,1,3,0,2,0,1,25,4,0,0,2,1,1,0,0,1,0,1,1,0,0,1,0,0,0,1,0,0,0,1,1,0,0,0,0,0,0,0,1,0,0,0,1,0,0,0,3,0,1
0,0,0,0,2,0,1,2,42,0,6,0,3,1,3,0,0,1,0,0,0,0,1,1,8,0,2,2,0,2,0,0,0,1,0,0,0,0,3,2,0,1,0,0,5,1,0,0,8,0,0,1,1,3,5,0,2,1,2,0,1,0,0,0,12,2,2,0,6,0,0,7,0,18,15,0,3,0,0,1,2,0,0,7,1,0,3,13,0,0,1,0,0,0,3,1,1,3,5,4,1,3,0,3,0,12,1,5,0,7,0,0,0,0,3,1,2,5,12,1,0,13,0,2,7,2,0,0,1,0,0,1,0,1,1,0,0,1,2,0,2,0,0,2,1,0,0,0,0,2,0,1,0,0,0,0,1,0,1,0,0,4,2,5,0,1,0,0,1,6,0,0,10,3,0,1,4,6,2,2,0,1,0,1,0,1,0,0,2,17,0,1,0,0,10,3,3,1,0,1,0,3,2,0,0,1,0,1,0,0,0,0,0,4,0,0,0,1,1,3,1,0,0,0,0,0,0,0,0,1,1,0,1,0,0,2,0,1,0,0,1,0,0,15,0,1,0,0,1,7,0,5,0,2,0,0
1,3,9,0,0,3,0,0,23,0,2,0,8,5,1,0,0,0,0,16,1,3,4,0,1,2,0,1,0,0,1,1,1,1,1,0,0,0,0,1,0,0,2,0,0,1,0,0,7,6,0,0,4,0,5,0,5,1,5,0,3,0,0,0,0,0,0,0,0,0,3,2,0,10,41,0,0,1,0,3,0,0,1,1,0,0,9,13,0,1,4,0,2,0,0,0,0,4,23,10,9,2,0,8,0,6,0,1,2,5,0,0,0,0,0,0,0,2,31,2,0,8,0,0,1,1,0,1,0,0,0,0,0,2,2,0,1,1,0,0,1,0,0,4,0,2,0,0,2,0,0,0,0,0,0,0,0,0,1,2,0,4,2,12,4,6,1,0,3,3,1,0,7,3,0,0,3,0,3,7,0,1,1,1,4,3,0,0,1,51,1,0,0,0,0,5,6,0,0,0,1,1,1,0,0,2,4,1,0,0,0,0,0,2,2,0,0,0,1,0,1,0,0,0,1,0,0,0,0,1,1,0,0,0,0,0,0,1,0,2,0,0,1,0,0,0,0,0,0,7,3,0,0,0,0,1
6,0,5,1,1,0,0,0,0,1,0,1,0,0,1,2,2,5,0,0,4,0,0,0,2,0,2,0,1,0,0,0,1,2,0,0,4,1,0,0,0,3,1,6,8,3,2,0,5,19,0,3,0,5,0,2,0,1,1,30,0,0,2,1,0,0,1,0,0,6,1,0,1,0,0,15,0,0,2,0,0,1,6,0,4,0,2,3,10,0,3,0,7,0,30,0,1,2,2,0,0,0,0,0,3,0,0,0,0,0,1,1,7,0,2,24,0,0,7,0,4,0,0,0,1,2,0,0,0,0,0,0,3,2,0,0,3,0,0,1,0,1,0,0,2,0,6,0,0,1,0,2,0,0,0,1,1,0,1,0,0,0,0,1,0,0,0,0,0,1,0,0,0,1,0,0,3,0,0,0,1,4,0,3,3,1,15,0,1,0,1,0,2,4,4,0,2,0,18,2,0,0,14,0,4,1,4,0,4,7,0,0,1,0,2,0,1,1,1,2,0,0,0,0,1,0,12,5,0,0,0,2,2,0,1,0,0,0,0,0,3,2,1,0,1,5,5,13,1,4,0,3,0,0,3,0
2,0,16,0,2,4,0,5,16,0,2,0,7,1,1,0,0,0,0,0,0,0,0,2,9,0,0,1,1,1,11,0,0,1,1,0,3,1,1,2,0,1,1,4,2,1,5,3,3,0,2,0,0,4,2,2,7,3,3,2,2,5,0,1,0,1,0,0,3,1,0,4,1,2,1,3,3,0,0,0,0,4,2,2,1,0,0,6,1,0,0,0,0,0,0,0,1,7,0,4,1,1,0,15,0,0,2,1,0,0,0,0,0,0,1,3,0,8,26,2,0,4,0,1,9,11,0,0,1,1,1,0,0,0,1,0,0,0,1,0,3,1,0,0,2,13,0,0,1,1,0,0,0,5,1,0,0,2,4,0,0,5,0,0,2,1,5,0,1,0,1,0,5,2,1,0,1,0,9,2,0,2,5,2,0,3,4,1,2,15,1,0,0,0,1,4,6,4,4,1,0,4,1,1,2,3,5,1,2,0,0,0,3,2,1,1,3,0,0,4,0,1,0,0,1,0,0,0,1,1,0,0,4,1,0,0,5,1,2,2,0,0,0,0,0,1,0,0,0,6,0,0,0,0,1,1
0,0,0,0,0,0,8,3,10,0,1,0,5,1,4,0,0,0,0,1,0,6,32,0,11,5,0,0,0,1,1,0,2,2,0,0,0,0,0,1,0,0,2,0,1,1,0,0,0,2,0,1,3,0,2,0,7,1,3,0,4,0,3,0,3,0,1,1,0,0,0,13,0,7,2,0,0,0,0,0,0,0,0,2,1,2,11,7,1,1,2,0,0,1,0,0,2,10,1,12,0,1,1,0,0,0,2,0,1,3,0,4,0,0,20,0,0,4,21,1,1,3,0,1,1,10,0,0,0,1,0,0,0,4,0,1,1,0,0,0,1,0,0,0,0,0,0,0,5,2,0,3,0,1,0,0,0,0,1,0,0,16,0,1,4,5,0,0,0,1,1,0,9,1,0,2,4,1,1,0,0,0,4,1,0,0,0,0,4,39,1,0,0,0,0,13,9,1,0,3,1,8,0,0,0,4,0,2,0,0,3,0,1,4,0,1,0,3,2,3,1,1,1,0,0,0,0,2,0,0,0,0,0,0,0,0,1,1,0,0,0,0,0,3,0,0,0,0,0,3,0,0,0,0,0,0
3,0,3,0,1,4,0,3,25,1,5,2,5,3,3,1,0,0,0,0,1,0,0,1,2,0,7,4,2,0,2,0,0,0,3,0,4,0,3,2,0,1,0,3,4,3,1,0,0,0,1,0,0,2,1,5,0,2,2,5,0,0,1,0,2,0,1,0,0,2,0,0,1,3,0,0,0,2,0,0,1,1,0,7,1,2,6,7,1,0,2,0,0,1,1,0,41,0,0,5,5,0,0,0,0,3,1,1,0,2,2,0,0,0,0,0,0,2,49,2,1,10,0,1,4,7,2,2,0,1,0,0,0,0,0,0,0,0,2,1,3,1,0,1,3,6,0,0,1,0,1,0,1,1,0,2,1,1,2,0,0,5,3,3,1,2,2,0,0,0,1,0,1,7,0,0,1,0,3,5,2,1,0,1,0,1,1,0,0,1,0,2,1,2,1,4,6,13,0,2,2,8,5,0,2,0,0,1,0,0,3,0,5,4,1,0,4,3,0,6,0,0,0,0,2,0,1,0,0,0,0,0,2,0,0,2,0,1,1,0,0,0,0,1,0,0,1,0,1,3,2,0,0,1,0,0
1,0,0,0,3,2,5,0,7,0,3,1,11,1,2,0,11,2,0,1,0,6,28,2,28,7,0,0,0,9,2,0,0,0,0,0,0,0,0,1,0,3,0,0,0,1,0,0,1,1,3,0,1,2,5,0,4,2,2,0,8,1,0,0,0,0,1,1,0,0,8,14,1,2,2,0,0,0,0,12,0,0,1,1,2,2,3,8,1,4,0,0,0,0,0,0,1,15,4,13,3,0,0,1,1,0,1,0,1,2,0,8,0,0,4,2,1,1,17,8,3,2,0,1,0,2,0,0,0,0,0,0,0,8,0,0,2,1,1,0,2,3,0,0,0,0,0,0,0,2,1,0,1,6,0,2,2,0,0,1,0,4,0,3,3,2,1,0,2,1,0,0,7,2,1,0,0,1,7,0,2,0,1,2,0,0,4,0,1,8,3,0,0,0,0,14,6,0,0,1,1,6,0,0,2,5,0,1,0,0,1,0,0,4,0,3,0,5,0,1,2,0,2,1,0,1,1,2,0,0,0,0,0,1,0,0,1,1,0,2,0,0,0,12,0,2,0,0,0,0,0,8,1,0,0,1
1,4,0,0,1,1,0,0,1,2,0,12,6,0,1,0,0,1,1,0,1,1,0,0,2,0,4,0,0,0,3,1,7,0,0,4,4,0,2,0,0,2,1,3,2,4,7,0,0,1,0,0,0,2,3,3,0,0,0,5,1,0,1,4,4,3,0,0,15,1,1,3,4,0,1,3,0,4,3,4,0,0,4,3,1,0,0,2,3,0,6,4,0,0,3,2,1,12,3,0,0,1,0,0,0,0,0,0,7,0,0,0,0,7,0,4,4,0,2,11,3,1,1,1,0,0,1,0,1,2,1,1,0,0,0,4,0,0,0,4,3,0,0,1,7,1,0,0,0,0,0,1,2,3,0,0,1,0,8,1,2,1,2,1,20,1,1,5,5,0,0,0,0,3,1,0,1,1,0,0,0,1,2,2,8,5,5,1,0,1,31,1,2,2,2,0,1,0,3,3,0,0,5,2,4,1,4,1,5,1,0,0,1,0,0,0,0,2,3,1,0,1,1,2,0,1,2,1,0,7,0,0,0,1,2,0,2,1,0,2,2,0,4,2,3,3,1,1,1,5,0,1,0,5,4,0
1,1,1,0,1,2,0,1,22,0,3,0,4,1,1,0,2,1,0,0,2,5,8,0,8,0,1,4,1,0,0,0,1,1,0,2,0,0,0,4,0,0,0,0,0,1,0,0,5,0,1,0,5,3,3,0,0,2,1,2,5,0,2,0,0,2,4,0,2,7,0,8,2,10,1,0,0,2,0,0,0,3,1,1,4,0,4,15,4,0,0,0,0,0,1,0,1,2,1,11,4,0,2,1,1,1,8,0,1,2,0,3,0,0,0,2,0,0,20,6,1,4,8,1,0,0,0,4,1,0,0,1,0,0,0,0,0,0,0,0,4,2,0,1,0,2,0,0,0,0,0,0,1,2,0,1,4,1,4,0,1,5,1,1,4,3,1,0,14,0,1,0,9,3,0,0,3,0,2,21,0,0,1,1,0,0,0,0,3,18,0,0,0,0,0,12,11,5,1,0,1,1,0,0,0,9,0,3,0,0,0,0,1,1,0,4,0,9,0,7,4,1,1,1,0,0,1,0,2,1,1,0,0,1,0,0,0,1,0,2,0,0,0,0,2,1,2,0,1,1,0,1,0,4,0,0
0,4,2,0,2,4,1,0,12,0,4,0,2,3,1,0,0,0,0,0,0,0,0,1,9,0,0,2,0,0,1,0,0,0,1,0,0,0,0,4,0,0,1,0,2,1,0,0,18,0,1,1,4,3,6,0,12,14,4,0,3,0,0,0,0,2,1,0,1,3,0,7,1,14,8,0,0,0,0,0,0,0,0,5,0,0,4,11,2,0,0,0,0,3,4,0,2,8,23,6,4,0,1,9,0,15,1,0,0,4,0,2,0,0,0,1,1,2,30,3,6,7,0,0,1,0,0,0,2,0,0,0,0,8,1,2,1,2,0,0,4,0,0,0,1,0,0,1,0,0,0,1,0,1,0,0,1,0,4,3,1,10,0,11,0,4,3,0,0,1,1,0,6,1,0,1,0,1,1,13,0,0,7,1,2,0,0,0,0,9,1,1,0,0,1,11,10,3,1,0,1,0,1,0,0,6,0,1,0,0,0,0,1,2,0,3,1,0,3,1,0,1,2,0,0,0,0,0,0,0,0,0,0,0,0,0,0,1,0,0,0,0,0,0,0,0,0,0,0,0,0,0,0,0,0,0
1,0,0,0,1,0,1,2,8,0,5,1,3,5,0,0,1,0,1,0,0,0,7,1,8,0,0,1,3,0,3,0,1,1,0,0,2,0,1,1,0,1,1,0,2,1,2,0,13,5,0,12,3,0,2,2,12,3,1,1,1,0,0,0,0,0,5,2,0,0,0,5,1,9,12,0,2,0,0,0,1,0,1,2,0,1,6,18,5,0,0,1,1,0,0,0,1,5,0,10,0,0,0,5,0,0,6,5,1,6,1,5,0,0,0,0,2,0,25,2,3,3,0,1,0,4,0,0,0,2,1,0,0,4,2,1,0,0,0,0,2,0,0,1,0,0,1,0,2,0,0,3,0,1,0,3,0,5,0,0,0,14,0,2,1,3,0,0,1,1,4,1,3,2,0,0,0,2,4,1,3,2,1,2,0,2,1,0,5,14,1,1,0,0,1,14,7,11,1,0,0,4,0,0,1,4,3,3,0,0,3,0,0,1,4,1,0,0,1,3,0,1,0,3,1,1,0,0,0,0,1,0,2,1,0,0,0,1,1,0,0,0,0,1,0,0,3,0,0,0,0,1,0,1,0,0
1,0,2,0,2,3,0,1,10,1,1,1,2,5,2,1,6,1,0,0,2,2,1,0,2,0,2,0,5,0,0,0,0,4,4,0,5,0,1,1,0,0,0,0,1,3,1,0,14,0,0,0,0,0,3,1,0,1,0,0,4,5,0,1,0,7,1,0,0,0,0,0,0,8,1,3,1,0,1,0,0,1,1,0,3,0,0,1,2,0,0,2,0,0,15,5,3,1,0,6,5,1,1,0,1,0,0,0,0,0,5,1,0,0,1,11,5,0,20,2,4,3,0,0,1,1,0,0,0,0,0,0,0,2,0,0,5,0,0,0,1,1,3,0,3,0,0,3,1,1,1,1,1,1,0,0,0,1,9,0,15,8,0,0,1,0,1,2,0,0,5,6,4,1,0,4,8,0,2,1,6,2,1,0,0,0,7,0,1,5,2,0,3,0,10,3,9,2,1,1,1,0,3,0,3,2,3,0,2,1,2,0,3,0,1,1,2,0,0,1,1,0,1,3,3,0,0,2,0,0,1,1,1,0,6,0,1,1,1,0,0,0,0,0,0,5,0,1,0,0,0,2,2,4,0,0
11,0,1,0,0,0,0,0,20,1,3,1,5,1,0,1,1,1,0,0,1,0,1,5,7,0,0,1,0,1,0,0,1,2,2,0,6,1,1,2,0,0,2,4,1,3,4,0,1,3,0,18,2,1,4,1,4,10,2,3,1,1,1,4,0,1,4,1,2,0,0,0,0,2,1,1,0,0,0,1,0,0,0,3,0,0,1,7,1,0,1,0,3,0,10,1,3,5,14,10,0,0,2,33,0,3,2,1,0,0,2,0,1,0,1,0,0,5,26,1,1,3,0,0,2,14,0,0,0,2,0,0,1,0,0,2,1,2,0,0,1,0,0,0,1,1,1,1,0,0,0,0,0,0,0,0,0,0,1,0,0,1,0,0,0,3,0,2,0,0,0,1,5,4,0,0,0,0,1,2,0,2,0,4,1,4,0,0,0,10,0,1,0,1,2,6,8,3,1,0,0,2,1,0,0,4,0,2,0,0,1,0,2,2,0,1,1,0,1,1,0,0,0,0,0,0,2,2,0,0,1,0,0,0,0,1,0,1,1,0,0,0,0,8,0,0,0,0,2,3,0,0,0,1,0,0
1,0,0,0,0,0,0,0,3,1,1,3,4,0,0,2,5,2,0,0,5,1,0,1,4,0,2,7,4,0,4,0,0,2,0,0,2,2,0,0,0,14,1,5,3,0,6,0,5,2,11,2,0,0,0,2,0,0,0,13,0,0,2,1,0,2,0,1,0,3,0,0,0,1,0,8,1,2,5,1,0,1,3,1,1,0,1,4,10,1,1,0,1,0,20,0,5,1,0,0,8,5,0,4,5,2,4,0,0,0,2,0,1,0,4,12,4,0,4,1,11,0,4,0,0,2,0,0,0,1,0,0,2,4,0,0,0,0,0,0,1,0,0,0,1,0,0,5,1,0,0,0,0,2,5,3,0,1,1,0,3,0,2,2,0,0,0,1,0,1,0,0,7,1,7,0,0,0,1,0,0,2,0,1,1,4,7,1,1,0,1,0,1,2,3,1,1,1,3,3,2,0,12,0,6,0,0,1,2,4,3,0,3,0,2,0,3,4,1,1,0,0,0,0,5,0,3,2,0,0,2,3,1,0,0,3,1,3,1,0,1,1,0,1,0,2,0,1,2,9,1,1,1,2,3,0
0,1,1,0,2,0,1,0,15,0,2,2,4,1,1,0,1,0,0,0,0,0,23,0,17,0,0,3,0,11,0,0,0,0,0,0,0,0,1,3,0,0,2,0,0,2,2,0,6,0,1,1,2,3,3,0,12,10,2,0,2,2,4,0,0,0,2,0,0,0,0,2,0,15,7,2,0,1,0,0,0,5,0,0,4,0,1,27,3,2,6,0,0,0,3,19,2,0,1,6,8,0,0,1,4,2,8,0,0,0,1,1,0,0,0,4,1,6,7,3,0,7,0,1,2,7,0,3,2,5,0,0,1,1,0,0,0,0,0,0,7,0,1,6,1,0,0,2,3,0,0,0,0,0,0,1,3,10,6,0,0,7,0,2,2,0,0,5,0,2,0,0,3,1,0,0,5,0,1,8,0,0,1,1,0,0,0,0,1,10,0,0,0,0,9,7,5,10,0,0,3,0,0,0,0,3,0,1,0,0,0,0,0,5,0,0,0,1,1,2,1,1,0,3,0,2,0,1,0,0,1,0,0,1,0,0,0,1,0,1,0,0,0,1,0,2,4,0,2,0,0,2,1,2,0,0
0,0,3,0,0,1,0,0,22,0,1,0,3,2,3,0,0,0,0,0,1,0,9,2,17,0,1,0,0,0,1,1,1,0,0,0,1,0,0,1,4,0,0,0,1,1,0,0,0,0,0,0,0,0,1,0,2,2,1,0,6,0,0,0,1,4,1,0,4,6,0,11,1,8,10,0,0,1,0,1,0,0,0,10,1,1,0,11,6,0,0,0,0,0,1,0,3,14,4,6,1,2,3,0,0,7,1,0,0,2,0,1,0,0,0,0,0,1,34,1,2,8,3,0,0,0,0,0,1,0,0,0,0,9,1,0,1,0,1,0,1,0,0,4,0,0,1,0,1,0,0,1,0,4,1,1,0,1,1,0,0,2,0,0,0,3,0,1,0,0,1,0,8,2,0,0,0,1,2,20,0,1,1,2,0,0,0,0,2,13,4,0,0,0,0,7,10,6,0,0,0,5,1,0,0,1,3,2,0,0,2,0,0,4,0,1,1,7,0,7,0,3,1,0,0,0,3,0,0,1,2,0,0,1,0,1,0,1,0,2,0,0,1,5,1,1,0,0,0,1,0,0,0,0,0,0
13,0,4,0,2,4,0,0,0,1,9,6,3,0,2,3,9,1,1,0,6,5,0,0,1,0,5,9,4,0,0,0,0,2,0,1,3,2,0,7,0,0,1,13,14,4,0,0,1,6,0,1,0,0,0,2,0,1,0,16,0,0,0,0,2,0,1,0,0,0,0,0,0,0,0,0,1,0,1,9,0,0,7,0,2,0,3,0,8,0,11,25,1,0,31,2,0,1,0,0,0,4,0,3,8,2,0,0,0,0,2,0,0,1,0,19,0,0,7,0,3,0,1,0,2,0,0,0,1,0,1,1,1,4,0,0,0,0,0,0,0,0,0,0,2,0,0,0,0,0,0,3,1,3,0,0,0,0,2,2,0,0,0,2,0,0,0,0,1,1,1,0,0,1,0,0,3,0,1,1,2,4,1,2,0,2,29,1,0,0,3,0,2,3,5,0,2,1,5,4,0,0,20,0,2,0,0,0,0,3,0,1,0,0,4,5,0,1,3,0,0,0,0,2,4,0,0,1,1,0,0,2,0,0,0,0,0,0,1,0,0,2,0,0,1,0,0,0,0,5,3,0,2,0,0,0
10,0,1,0,1,0,0,0,0,1,1,3,0,2,4,1,0,1,0,1,3,0,0,1,1,0,1,11,3,2,0,0,0,0,0,0,6,0,0,0,0,1,0,1,7,0,28,0,1,28,0,1,0,4,0,2,0,0,0,43,32,0,1,0,0,0,0,0,0,0,0,0,0,0,1,1,1,0,0,0,0,0,1,0,4,0,2,0,6,0,8,0,9,0,25,0,0,4,0,1,0,0,0,1,0,2,0,0,0,0,0,5,0,0,0,29,0,0,7,0,0,0,0,0,0,0,0,0,0,0,0,0,0,3,0,0,0,0,0,0,0,0,0,0,0,0,1,0,0,0,0,1,0,1,0,0,0,1,1,0,1,1,0,2,0,0,0,0,0,1,1,0,0,1,0,0,3,0,0,0,0,1,0,1,0,1,15,0,0,0,1,0,1,2,5,0,0,2,19,3,0,0,17,0,5,1,5,0,1,0,0,0,0,0,2,0,0,0,0,7,0,0,2,0,2,1,1,2,0,0,0,1,0,0,0,0,1,0,0,0,0,0,0,1,0,6,0,1,0,1,0,0,3,0,1,0
1,0,0,0,0,4,2,0,17,4,0,2,5,4,1,1,2,1,0,0,1,1,0,0,4,1,4,3,5,0,1,0,0,1,0,0,1,0,1,2,0,0,0,4,6,2,0,1,18,6,0,0,1,3,0,3,0,5,2,11,0,0,2,0,1,0,0,1,0,0,0,0,0,6,7,4,0,0,3,0,0,1,1,0,0,0,1,4,12,0,0,3,5,0,16,0,0,4,0,3,0,1,0,1,2,1,0,0,0,0,1,0,0,0,0,5,3,0,12,2,2,4,0,0,0,0,0,0,0,0,0,0,0,5,5,0,0,1,0,0,1,0,0,3,1,3,0,0,0,0,0,1,0,2,0,3,0,7,2,2,0,0,0,3,0,0,0,1,2,0,0,2,3,1,0,0,0,0,1,0,0,1,0,1,2,2,9,0,1,14,1,0,1,1,3,3,2,5,6,0,0,1,4,1,8,1,0,1,0,3,6,8,3,1,0,5,1,0,0,1,2,0,0,1,8,1,0,11,1,0,0,4,1,0,2,0,0,1,0,0,0,0,0,2,0,1,0,0,0,12,1,0,0,0,0,0
1,0,3,1,0,8,0,0,8,3,2,5,3,2,2,3,1,2,0,6,3,0,1,0,2,2,1,1,6,0,0,1,0,0,0,0,4,0,0,4,0,0,5,2,6,1,0,3,1,7,1,0,0,2,1,5,3,0,1,11,1,2,1,0,0,0,3,0,0,7,0,7,0,1,6,0,1,1,5,2,2,3,2,0,1,0,5,3,6,1,0,10,1,0,12,2,1,3,5,8,0,0,0,0,2,0,2,0,0,0,4,1,2,0,0,12,0,0,12,5,3,1,1,1,1,0,1,0,0,2,0,3,2,5,0,1,1,0,0,0,3,0,0,2,0,0,0,0,0,1,0,2,1,1,1,1,0,0,1,0,1,0,1,2,0,0,0,0,0,2,2,0,0,1,0,0,4,0,2,0,4,2,0,1,1,1,7,1,1,25,2,0,3,0,3,3,4,3,7,0,0,0,9,0,6,0,1,0,1,0,1,2,1,0,3,1,1,0,5,0,1,0,2,0,0,0,0,0,0,0,0,0,0,0,0,0,0,0,1,0,0,1,0,0,0,1,0,0,0,0,0,0,0,0,3,0
2,2,0,1,0,1,2,0,7,0,1,0,8,2,1,0,0,1,0,2,1,0,26,0,22,3,0,1,0,1,2,0,0,0,0,0,1,0,1,2,0,0,0,0,0,2,2,0,19,1,1,16,0,1,5,0,6,3,1,0,6,0,0,0,1,0,0,2,1,1,0,7,0,4,3,0,0,0,0,5,2,0,0,2,1,0,9,20,6,0,11,0,0,0,0,10,1,12,1,6,6,1,2,1,0,0,0,0,2,3,0,2,0,0,2,3,1,3,22,8,2,4,4,0,2,0,1,0,1,0,0,1,0,6,1,4,1,0,0,0,4,0,3,6,3,0,2,1,0,1,0,2,0,1,0,1,0,2,7,0,0,0,1,0,0,3,0,0,2,1,2,0,2,1,0,0,1,0,1,1,1,0,0,1,0,0,0,0,0,0,0,0,0,0,0,7,6,13,0,1,1,0,0,0,0,2,1,1,0,0,1,0,0,2,0,2,6,1,1,3,1,0,0,0,0,0,2,0,0,1,2,0,3,0,0,2,1,1,1,3,0,0,0,0,0,2,1,0,0,3,0,2,0,0,0,0
2,0,0,2,2,6,0,0,1,1,0,5,1,1,0,2,0,2,0,0,3,0,0,0,0,0,3,3,3,0,0,0,0,0,2,1,7,2,3,5,0,0,2,1,4,2,11,0,5,35,1,1,0,2,0,1,0,0,0,25,0,1,1,0,0,0,0,0,0,1,0,0,0,0,2,2,0,0,1,7,1,0,3,0,2,0,8,0,9,0,0,4,0,1,31,1,4,0,0,0,0,2,0,2,0,1,0,0,0,0,0,7,0,0,0,26,0,0,3,4,7,6,0,0,0,1,0,0,0,0,0,0,2,3,1,0,0,0,1,0,0,0,0,1,0,0,0,0,0,0,1,0,1,4,0,0,0,0,1,0,1,0,5,1,1,0,2,0,0,0,4,0,0,1,0,0,2,0,0,1,0,3,0,0,0,0,16,0,0,0,1,0,3,1,5,2,1,1,20,4,0,0,13,1,2,1,0,0,7,0,0,5,0,0,0,12,1,1,2,1,0,0,1,0,2,0,1,2,0,0,0,0,0,0,0,0,0,1,0,0,1,2,0,0,0,2,1,0,0,2,0,0,2,1,0,1
2,1,0,0,0,0,0,0,28,0,2,0,5,2,0,1,3,0,0,0,0,0,3,1,12,0,1,1,1,0,1,0,0,1,1,0,1,0,0,3,0,1,0,0,0,5,0,0,2,0,0,1,3,0,2,2,3,1,2,1,3,0,0,0,2,0,1,1,3,1,1,2,0,6,1,0,0,2,0,0,1,0,1,9,1,2,7,6,4,0,4,0,0,0,3,0,1,5,7,5,0,2,0,4,2,1,2,0,0,3,0,2,0,0,0,0,2,1,36,2,2,4,0,0,3,9,0,0,0,0,0,0,2,1,1,0,0,0,0,0,1,0,0,1,1,0,0,0,0,0,0,0,0,2,0,0,3,0,1,1,0,8,2,2,1,2,0,1,0,3,1,0,2,2,0,0,1,0,6,11,0,1,0,5,1,0,0,1,2,19,1,1,1,3,3,7,7,4,1,2,0,2,1,0,2,3,0,2,0,0,0,0,3,1,1,2,1,9,0,8,1,0,0,0,0,1,1,0,0,0,1,1,0,0,0,0,0,1,2,0,0,0,0,5,0,1,1,0,0,2,0,0,0,0,0,2
2,0,0,0,1,12,0,0,0,1,11,5,5,0,1,4,8,3,0,0,14,1,0,0,1,0,10,0,7,0,0,0,0,2,0,0,7,3,2,1,0,1,4,2,10,2,0,1,1,15,1,2,0,3,0,7,0,0,1,20,2,3,0,0,0,0,0,0,0,0,0,0,1,0,0,0,0,1,7,3,0,1,5,0,1,0,6,0,3,0,0,10,0,0,22,0,0,0,0,6,0,0,0,3,4,3,0,0,0,0,1,4,0,0,0,44,0,0,6,0,3,13,1,0,0,0,0,0,1,0,0,1,0,6,0,0,1,1,0,0,0,0,0,0,1,0,0,0,0,0,3,3,2,1,0,0,0,2,2,1,2,0,0,3,2,0,6,0,0,0,2,0,1,1,0,0,2,0,0,0,5,3,0,1,0,0,23,0,0,1,1,1,6,2,1,0,1,2,5,2,0,0,14,0,4,1,0,0,0,0,0,4,0,0,2,2,1,0,2,0,0,1,0,0,0,0,8,0,0,0,0,0,0,0,0,0,0,0,1,0,0,1,0,0,0,0,0,0,0,0,0,1,0,0,0,0
2,3,2,0,1,4,0,1,38,0,2,0,4,1,2,0,0,0,0,1,0,0,2,9,14,1,0,0,2,0,0,0,1,2,2,1,0,0,0,2,0,0,1,0,1,3,0,0,10,0,0,0,0,0,1,0,2,4,5,0,3,0,0,0,6,2,0,1,2,1,0,4,0,8,13,2,1,1,0,0,0,0,27,1,0,1,7,15,1,0,0,0,0,0,0,0,1,2,0,8,4,9,0,28,1,3,2,1,0,4,0,0,0,0,3,0,0,4,29,4,0,5,0,0,4,5,0,0,1,3,0,0,0,0,0,0,1,0,0,0,1,0,0,3,0,0,0,0,1,0,0,0,0,0,0,0,0,1,1,0,0,9,0,2,0,5,0,0,0,0,1,0,7,2,0,0,0,0,1,19,2,2,2,1,0,1,0,0,5,8,0,0,0,1,0,7,8,1,0,3,0,3,1,1,0,2,2,1,0,0,0,2,0,2,0,0,0,1,0,7,1,0,1,1,0,0,1,0,0,1,1,0,0,0,0,0,0,1,0,0,0,0,0,0,1,0,0,0,1,2,3,0,0,0,0,0
2,0,0,0,0,0,0,0,10,0,3,1,8,8,0,3,0,0,0,1,1,0,30,0,10,3,1,2,3,0,0,0,0,0,2,0,1,0,0,2,1,0,0,0,1,2,0,0,2,0,0,0,0,1,2,2,10,5,3,0,1,1,0,0,0,0,0,0,3,0,9,0,0,17,2,0,0,0,0,0,0,0,0,0,0,3,7,4,1,1,0,0,0,0,0,0,1,0,0,14,4,0,0,28,0,0,0,2,0,0,1,0,0,0,1,0,0,4,27,1,0,0,0,2,5,6,0,0,1,0,0,0,0,3,0,1,0,2,0,0,3,0,0,0,1,2,0,0,1,0,0,0,0,0,0,0,1,4,1,6,0,2,0,1,0,4,0,0,0,0,0,0,6,1,1,0,0,0,4,0,0,1,2,1,0,0,1,0,3,0,0,0,0,0,0,5,13,17,0,1,0,0,0,0,0,2,0,2,0,0,5,5,1,9,0,0,0,0,1,4,0,0,0,1,0,0,0,0,0,0,0,0,0,0,0,0,0,3,0,0,0,0,0,1,0,2,0,0,1,2,6,1,0,0,0,0
0,6,0,1,0,0,0,1,31,0,2,0,5,8,3,0,2,0,0,1,1,0,1,1,7,0,0,2,2,0,3,0,0,1,0,0,1,0,0,3,0,0,0,0,0,1,0,0,0,0,0,0,0,1,5,1,2,2,1,0,1,1,0,0,1,5,0,1,1,0,0,5,0,19,0,0,0,0,0,0,1,0,3,5,0,1,8,4,0,0,0,0,0,0,7,0,21,2,0,6,2,0,0,11,0,1,5,0,0,4,0,0,1,0,0,2,0,2,48,4,0,6,0,0,1,6,0,2,0,0,0,0,0,0,0,2,0,0,0,0,2,0,1,2,0,6,0,6,0,0,1,0,0,0,0,0,1,0,3,1,0,9,0,0,0,3,0,0,2,2,0,0,3,7,1,0,2,0,1,4,0,0,1,1,0,0,0,0,2,3,1,0,0,3,0,3,12,16,0,1,1,10,0,0,0,1,0,2,0,0,4,0,1,6,0,1,10,6,0,8,1,0,0,2,0,0,1,0,0,0,0,0,0,0,0,0,0,1,0,0,0,0,0,0,1,0,0,0,0,0,0,0,0,0,0,0
1,1,0,0,1,1,2,5,15,0,1,0,4,1,2,0,8,2,0,1,1,0,32,1,3,0,1,1,1,2,0,0,0,3,0,2,0,0,5,2,0,0,2,0,0,3,0,0,1,6,0,0,0,0,5,0,6,4,1,0,6,0,0,0,0,2,0,1,0,2,0,9,1,7,10,1,0,0,1,1,1,0,9,1,0,0,0,7,0,0,0,0,0,2,0,0,0,2,0,18,4,0,0,7,0,5,0,0,0,2,0,4,0,0,0,1,8,1,23,4,1,2,1,3,3,3,0,0,1,3,0,0,0,0,1,2,0,0,1,0,2,0,0,0,1,0,0,1,1,5,0,2,0,0,0,2,1,0,2,0,0,10,0,1,1,5,0,0,0,1,3,0,11,1,0,0,0,0,2,0,1,1,4,1,0,0,0,0,2,8,0,1,0,0,0,10,15,6,0,3,0,4,2,0,0,3,2,1,0,0,1,0,2,4,0,1,0,9,0,4,0,0,2,0,0,4,1,0,0,0,0,0,0,0,0,0,0,1,0,0,0,0,0,0,0,2,0,0,0,0,4,0,0,1,0,0
0,0,0,0,0,6,1,0,8,1,1,0,4,2,1,0,0,1,0,1,0,1,3,1,8,0,0,0,2,0,0,0,0,0,0,0,2,0,0,1,0,1,0,0,1,2,1,0,11,2,0,0,9,0,2,0,16,2,2,0,7,0,2,0,1,0,5,1,0,1,0,11,2,8,5,1,0,0,0,3,7,1,1,0,3,3,4,6,1,0,2,0,0,0,5,0,0,19,0,10,6,0,0,1,1,0,2,3,0,0,1,3,0,0,0,0,1,2,21,1,2,4,0,2,0,1,0,0,1,1,0,0,0,8,0,0,0,0,0,0,1,3,0,0,0,0,0,0,1,0,0,1,0,8,4,0,0,0,1,1,0,3,0,3,0,4,0,0,0,3,2,0,11,2,0,0,1,0,1,0,0,0,0,1,0,0,5,0,7,13,0,0,0,0,0,9,12,0,0,1,2,1,0,0,0,5,0,1,0,0,1,0,0,3,0,4,0,1,0,1,0,0,0,0,0,0,2,1,0,0,2,2,5,1,0,2,0,1,0,2,0,0,0,1,0,1,1,0,0,2,0,10,1,0,2,0
0,0,1,0,0,0,0,1,22,0,1,0,7,3,1,0,0,0,0,2,0,0,17,0,2,1,0,0,1,3,1,0,0,2,2,3,3,0,1,1,0,0,1,0,0,2,1,0,9,8,0,0,4,0,2,0,9,1,4,1,3,0,0,0,0,0,0,0,2,0,1,2,0,23,5,0,0,0,0,1,4,0,1,1,2,0,5,6,0,0,3,0,0,0,0,0,8,3,0,6,3,0,0,28,0,5,0,7,0,4,5,0,1,0,0,0,3,1,24,1,1,3,0,0,3,4,0,1,1,5,0,1,0,0,2,0,0,0,1,0,2,0,2,1,0,0,0,3,1,0,0,2,1,1,0,0,2,6,7,0,0,2,0,0,0,3,0,0,0,0,0,0,4,4,0,0,0,0,3,0,0,0,0,1,0,0,0,0,1,4,0,0,0,0,1,5,8,3,0,1,0,3,0,0,0,3,0,2,0,0,0,5,0,13,0,0,4,1,0,4,0,0,0,0,0,1,0,0,0,0,0,0,1,0,0,0,0,1,0,0,1,1,0,0,0,1,1,0,0,3,16,0,0,5,0,1
1,0,5,0,2,7,0,0,3,1,1,1,0,1,0,12,0,2,1,0,2,0,0,0,4,0,0,4,1,0,0,0,0,1,0,3,4,1,1,4,0,0,0,12,6,0,0,2,5,44,0,1,0,1,0,2,1,4,0,25,0,0,0,0,0,0,0,0,0,0,0,0,0,3,2,1,0,8,0,0,0,0,3,0,1,0,7,1,11,0,0,5,0,0,31,8,0,2,0,0,0,0,0,2,0,0,0,0,0,0,0,0,0,0,0,7,0,0,2,1,0,0,0,0,0,0,0,0,0,0,0,0,0,2,0,0,0,0,0,0,0,1,1,0,1,0,0,0,2,0,0,1,0,0,0,5,0,0,1,0,0,0,0,3,0,0,0,0,0,1,0,0,0,1,0,0,1,0,0,0,0,1,0,0,0,2,3,0,0,1,2,0,1,3,2,0,1,2,9,1,0,0,5,0,3,0,0,0,0,5,0,0,0,0,1,5,1,0,6,6,0,0,0,0,2,0,0,4,0,0,0,1,0,0,11,0,0,0,4,1,1,0,0,0,0,23,0,3,0,11,1,1,5,0,0,0
10,0,0,0,1,2,0,0,0,1,19,6,1,0,0,5,2,1,3,0,9,0,3,1,2,0,3,2,3,1,0,0,0,1,0,0,3,0,1,0,0,0,0,3,9,5,2,0,3,7,2,0,0,1,0,3,1,0,0,24,0,2,1,1,0,0,0,1,0,2,0,0,2,0,3,0,1,2,5,2,0,2,1,0,2,0,0,0,9,0,13,6,3,0,7,1,0,5,0,0,0,0,2,0,2,0,0,1,0,0,3,2,2,0,0,20,1,0,5,1,8,0,0,0,0,0,0,0,0,0,0,0,0,6,0,3,0,0,0,6,0,0,0,1,1,0,0,0,2,0,0,1,1,2,0,0,0,0,1,4,0,0,0,1,0,0,0,2,2,1,0,0,1,1,0,0,4,2,1,0,0,2,0,0,0,1,14,1,0,0,2,1,5,0,0,0,7,2,6,2,0,0,7,8,10,0,1,0,1,1,1,1,0,0,2,0,3,0,1,0,0,0,1,0,1,0,0,4,0,2,0,0,0,0,1,1,0,0,2,0,0,1,2,0,0,2,1,1,0,4,0,1,3,0,1,0
0,0,0,0,0,0,2,1,16,0,1,0,15,1,1,0,0,0,2,4,0,0,25,5,7,0,0,0,5,0,0,0,5,0,0,1,0,0,3,2,0,1,0,1,0,1,0,0,1,0,1,0,0,0,2,0,6,1,7,0,2,0,0,0,0,0,1,0,0,0,0,6,0,8,0,0,0,2,0,0,0,0,0,1,0,0,4,7,3,3,0,0,0,0,0,0,2,11,1,13,5,8,4,29,0,1,0,1,0,0,1,1,0,0,13,1,1,0,10,4,1,1,0,0,0,5,0,0,0,1,0,0,0,0,0,0,0,0,0,0,1,0,0,0,2,0,0,0,0,2,0,0,0,0,0,0,1,1,1,0,0,13,0,1,3,6,0,1,0,0,1,0,11,3,0,0,0,0,2,0,0,0,1,2,0,0,0,0,7,1,0,0,0,0,2,7,11,2,0,2,0,5,2,0,0,3,0,1,1,0,1,5,4,2,0,1,2,13,0,3,1,1,1,0,0,0,0,0,0,1,0,0,0,0,0,0,0,1,1,0,0,0,0,3,0,0,0,0,2,4,5,0,0,1,0,0
1,0,0,0,1,13,0,0,0,1,0,2,1,0,8,4,7,2,0,0,2,0,0,0,7,0,5,0,5,0,0,0,2,4,2,0,7,3,0,0,0,5,0,0,2,0,0,2,1,0,3,3,0,0,0,1,0,0,0,0,0,0,0,0,0,1,1,0,0,2,1,2,0,0,0,0,1,2,0,0,2,1,6,5,2,1,2,0,1,0,0,4,0,2,24,0,0,4,0,1,2,0,0,3,1,5,1,0,0,0,1,22,0,0,0,27,0,0,1,5,4,1,5,0,0,0,0,0,0,1,0,1,0,3,0,0,0,0,0,0,0,0,0,1,1,0,0,0,0,0,0,1,0,2,0,0,0,0,1,1,1,1,4,4,2,0,2,17,0,0,2,0,1,1,0,0,2,0,1,0,0,2,0,3,1,0,13,2,0,0,1,2,2,0,1,1,2,3,18,2,2,0,16,0,2,0,2,0,1,0,0,0,3,0,3,1,0,1,3,0,0,0,0,0,0,0,0,1,0,0,0,0,0,2,0,0,0,0,1,0,0,2,0,6,0,0,0,1,0,0,0,0,1,0,4,0
0,0,7,0,2,6,0,0,5,2,1,0,3,2,0,0,0,0,0,3,2,0,2,0,9,0,0,5,3,0,3,0,0,0,0,0,3,0,0,4,1,0,0,0,2,1,0,0,9,5,0,0,0,3,4,0,5,7,2,0,6,0,0,0,0,1,0,0,0,0,2,2,0,11,11,0,0,2,0,1,0,0,2,3,0,2,3,13,1,0,0,0,0,0,0,0,1,3,1,7,0,2,0,1,0,7,8,1,0,7,1,0,0,0,0,1,3,5,28,3,1,8,0,1,2,3,0,1,1,2,0,0,0,4,2,0,1,0,0,0,6,0,0,3,0,0,0,1,0,0,0,0,0,1,0,0,2,0,1,19,0,4,1,9,0,3,1,1,1,0,1,0,8,1,1,1,1,1,2,2,0,0,0,1,3,3,0,0,3,16,4,0,0,0,0,9,9,5,1,1,0,1,0,0,0,3,1,1,0,0,0,0,2,0,0,2,1,0,0,3,2,0,0,0,0,0,0,0,0,0,0,0,0,0,0,0,1,1,0,0,0,0,0,1,0,2,1,0,0,2,0,0,0,0,0,0
4,0,1,0,0,0,1,4,18,0,1,0,3,1,1,0,4,0,0,0,0,0,17,0,20,0,0,2,0,5,1,0,0,0,0,0,0,2,0,1,0,0,0,1,3,1,0,0,1,0,2,1,0,2,2,0,6,6,1,2,9,0,0,0,0,0,1,1,0,1,0,7,2,9,10,0,0,0,0,0,1,0,0,0,0,0,3,14,0,2,2,0,0,0,1,6,8,3,2,4,0,0,2,2,0,2,3,0,0,1,0,3,0,0,0,3,0,6,13,3,4,7,1,0,2,0,0,1,2,0,0,0,0,5,0,0,1,0,1,0,3,0,0,0,0,0,0,1,1,0,0,0,0,1,0,0,0,2,0,0,0,7,0,0,1,2,0,0,1,0,1,0,3,2,0,0,0,0,3,0,1,0,1,1,2,0,0,0,3,4,0,0,0,6,1,8,15,3,0,2,1,2,0,0,0,6,0,2,0,0,0,0,0,2,0,4,4,10,1,4,0,1,0,1,0,0,0,0,0,0,1,0,1,0,0,1,0,1,0,0,1,0,0,13,2,0,0,0,0,1,0,0,1,3,0,0
2,0,1,0,1,2,0,0,0,1,0,4,2,0,1,3,1,2,0,0,7,0,0,0,9,1,1,1,3,0,0,0,2,4,0,0,4,4,1,0,1,2,1,2,11,2,3,0,1,10,3,1,0,1,3,2,0,0,0,19,0,0,1,0,0,2,0,2,0,1,0,0,1,0,0,0,0,4,1,1,0,0,4,0,5,1,0,0,7,0,12,0,10,4,14,0,4,4,0,0,0,0,0,1,6,1,1,1,0,0,1,1,0,3,0,13,0,0,5,4,2,3,7,0,0,0,0,0,2,0,0,0,0,6,1,0,0,0,0,6,0,1,0,0,3,0,0,0,1,0,1,1,0,0,0,0,0,0,1,3,3,0,2,2,0,0,0,0,10,0,3,0,0,1,0,0,3,1,1,0,1,3,0,2,1,2,13,1,0,0,4,0,4,0,2,0,0,1,22,2,0,0,11,0,4,0,4,1,1,4,0,0,0,0,3,2,2,0,9,2,0,0,0,0,0,0,0,0,0,2,0,0,0,0,0,0,0,0,1,0,0,3,0,0,0,1,1,0,0,0,0,0,0,1,0,0
1,0,1,0,1,0,1,1,1,0,1,0,7,1,1,0,0,2,1,1,0,0,4,0,0,0,1,1,0,0,0,0,1,0,0,0,2,0,1,3,0,1,1,0,0,1,0,0,3,1,0,0,3,1,9,0,8,1,1,0,6,0,2,0,0,0,2,1,1,0,0,15,1,6,0,0,0,0,0,1,0,1,0,1,3,0,3,9,5,0,1,0,0,1,2,0,1,17,2,7,0,1,4,1,1,1,1,1,1,0,0,2,0,0,0,0,1,3,31,2,1,4,0,0,1,3,1,1,3,1,0,0,0,9,0,0,1,0,0,0,3,2,0,1,1,0,2,3,0,0,0,0,1,9,15,3,1,0,1,0,0,5,1,1,1,3,4,0,0,1,1,21,7,2,0,0,0,1,1,2,1,1,1,1,1,0,2,0,7,22,1,0,0,0,0,12,13,4,0,3,0,2,0,0,0,5,0,1,0,2,0,0,0,3,1,2,0,0,0,1,1,0,0,0,0,1,1,0,0,0,1,0,0,2,1,0,0,1,0,3,0,0,0,0,0,2,2,1,0,0,0,2,0,0,1,0
1,0,1,0,0,1,2,2,25,0,2,1,5,6,11,0,0,0,0,11,0,0,4,0,18,1,0,2,1,5,1,0,0,0,0,0,1,0,0,2,0,2,0,0,0,2,0,0,14,1,0,28,4,1,6,0,8,10,2,0,2,1,0,0,0,0,4,0,0,0,0,0,0,11,13,0,0,0,2,0,1,0,0,1,2,0,7,11,3,0,0,0,4,0,0,0,1,7,7,3,2,1,0,8,0,0,4,3,1,0,0,0,0,1,2,0,0,4,19,1,0,2,0,1,2,9,0,0,0,0,0,0,0,3,0,1,0,2,0,0,2,0,0,4,0,7,0,2,0,0,0,0,1,0,0,0,1,0,2,2,0,0,0,2,0,3,1,0,0,1,3,0,2,1,0,0,1,0,1,0,0,1,0,2,0,0,0,0,1,18,1,0,0,0,0,4,3,1,0,0,0,0,0,0,0,1,0,1,0,0,0,0,0,4,1,0,0,2,0,0,0,0,0,0,0,0,0,0,0,0,0,0,2,0,0,2,0,1,0,0,0,0,0,1,0,0,0,0,1,2,0,0,0,3,1,0
2,0,0,1,1,2,3,2,19,1,0,4,2,1,3,3,0,1,0,0,0,0,3,0,5,1,10,2,2,5,0,0,2,0,2,0,6,1,2,0,1,2,1,2,3,1,11,1,3,0,0,0,0,3,1,1,3,5,1,1,0,2,0,0,0,1,4,2,0,0,0,4,0,1,3,0,0,1,0,2,0,2,2,5,0,0,6,5,0,1,0,0,3,0,8,0,16,6,0,4,0,0,0,0,1,1,1,2,0,3,0,1,2,0,0,4,0,0,36,2,4,1,0,0,2,0,0,1,2,1,0,0,0,1,0,0,0,0,0,0,2,0,0,0,0,0,0,0,0,0,0,0,0,3,0,1,0,0,1,1,0,7,0,0,0,0,3,1,0,2,0,0,4,1,0,0,1,0,4,2,0,1,0,0,2,1,0,0,0,0,2,0,1,4,4,5,5,0,5,1,0,5,7,0,2,0,0,1,0,0,0,1,8,3,0,0,3,2,0,8,0,1,1,0,1,0,0,0,0,0,1,0,0,0,0,0,0,3,0,0,0,0,0,6,0,0,0,0,0,2,0,0,2,2,0,0
1,0,1,0,2,16,0,1,1,1,0,6,1,1,11,5,0,1,0,1,4,0,3,0,7,0,4,0,4,0,0,0,0,4,4,0,4,1,6,0,4,8,0,1,4,5,0,0,1,0,0,1,0,0,2,3,0,1,1,21,0,1,1,1,1,1,0,0,1,0,1,3,0,0,1,0,3,2,2,0,0,0,1,0,2,0,4,0,2,0,0,0,0,0,11,1,1,1,2,7,2,0,0,1,7,14,1,0,9,0,0,0,0,0,0,25,0,1,13,0,7,6,4,0,3,0,0,0,0,0,0,0,0,7,0,0,1,1,1,0,2,0,0,2,0,0,0,0,1,1,5,1,1,2,0,0,0,0,2,1,1,2,0,2,0,0,5,14,1,0,0,0,0,1,0,0,2,0,0,0,1,1,0,3,0,4,9,2,0,2,2,0,1,0,2,2,4,2,3,3,0,0,5,0,3,0,2,0,0,0,0,0,3,0,1,0,0,3,2,1,1,0,0,0,0,1,1,0,0,0,0,0,0,0,0,0,0,0,2,0,0,1,0,3,0,1,0,0,1,0,0,1,4,3,3,0
1,0,0,0,2,4,0,0,0,1,0,3,0,0,0,2,1,3,0,0,5,0,0,0,5,1,3,4,0,0,0,0,1,1,0,0,4,1,0,14,0,0,1,15,6,1,0,2,1,2,0,1,0,0,7,2,1,3,0,32,0,0,2,0,0,0,1,0,0,0,1,0,0,0,0,1,0,0,0,0,0,0,3,1,1,0,6,0,18,0,0,27,0,0,28,0,0,0,1,0,0,0,0,3,0,4,0,0,0,0,6,4,4,0,0,24,0,0,6,0,2,0,0,0,1,1,0,0,0,0,0,0,0,2,0,0,1,0,0,0,0,0,0,0,1,1,0,0,0,0,0,1,0,0,0,0,0,0,1,0,0,0,0,6,0,0,0,0,0,1,0,0,0,1,0,0,1,0,0,0,0,2,0,1,0,0,6,3,0,0,1,0,2,0,4,0,3,1,21,1,0,0,14,0,3,1,0,0,0,1,0,0,1,0,0,1,1,0,2,0,0,0,0,0,0,0,0,8,0,0,0,1,0,0,0,0,0,0,0,1,0,2,0,0,0,1,0,0,0,9,2,0,0,0,0,0
0,4,1,0,0,3,2,0,14,0,1,0,8,1,1,0,0,0,0,8,0,0,0,0,4,0,0,0,0,0,4,1,1,2,0,2,0,0,0,1,0,1,1,0,0,2,0,0,22,0,0,4,0,2,2,0,21,10,5,0,3,0,0,0,0,1,0,2,0,1,0,3,1,15,18,0,0,0,0,0,1,2,0,0,3,0,1,10,1,0,0,0,0,0,0,0,0,2,0,8,0,5,3,9,0,0,1,0,0,0,0,0,0,0,6,2,1,1,14,3,0,6,0,2,4,14,0,4,2,0,0,0,0,1,4,0,0,1,0,0,2,0,0,1,0,0,0,0,0,0,0,0,0,0,2,0,1,0,1,0,0,8,0,2,0,0,0,0,0,1,0,0,3,1,0,0,0,0,3,4,0,1,3,2,0,0,1,0,3,21,0,1,0,0,0,5,6,4,0,1,2,0,0,0,0,1,0,1,7,0,0,0,0,4,0,0,0,0,3,1,0,4,0,1,0,0,0,0,0,0,0,0,1,0,0,0,0,1,0,0,0,0,0,7,0,1,2,0,0,1,2,0,1,0,0,0
1,0,3,0,2,7,0,1,2,1,0,5,0,1,11,5,2,2,0,0,0,0,0,0,8,0,4,2,3,0,0,0,0,6,3,0,2,3,4,3,0,4,0,9,10,1,4,2,1,13,0,2,0,0,1,1,1,0,1,28,0,0,0,0,0,1,1,0,0,0,0,0,0,0,3,0,0,7,1,0,0,0,3,0,1,1,7,0,5,0,0,21,0,0,33,0,0,1,0,1,0,2,0,3,0,0,0,0,1,0,0,1,0,0,1,16,0,0,6,1,1,3,0,0,0,2,0,0,0,0,0,1,0,7,0,0,0,0,0,0,0,0,0,0,1,0,1,0,0,0,1,2,1,1,0,0,0,0,1,0,0,0,0,5,0,0,3,0,0,0,0,0,0,1,0,0,2,0,0,0,2,2,0,0,3,0,15,0,0,1,1,0,2,0,2,0,1,4,1,5,0,0,16,1,5,0,0,0,0,0,0,0,3,0,0,1,2,0,3,0,1,0,1,0,2,0,0,3,0,0,0,1,0,0,0,0,0,1,0,0,0,1,0,2,0,1,0,1,0,6,1,0,0,0,0,0
1,0,0,0,0,0,0,0,20,0,1,0,7,4,4,0,0,0,0,3,0,0,12,2,12,0,0,0,1,0,4,1,1,0,0,0,0,0,1,8,0,1,1,0,2,2,0,0,9,11,1,0,1,0,4,0,4,2,3,1,5,2,0,0,1,0,0,4,2,0,0,4,1,15,19,1,0,3,0,0,0,0,0,0,5,2,15,4,4,0,2,0,0,0,0,3,1,6,10,7,6,2,1,8,0,0,3,0,2,4,1,0,0,0,0,0,1,0,22,5,1,6,0,0,0,6,0,0,0,0,0,0,0,1,0,0,0,0,0,0,2,0,0,1,0,0,0,1,0,0,0,0,1,0,0,0,0,0,2,0,0,0,0,2,4,1,0,1,0,2,1,0,1,1,0,0,0,0,3,0,2,0,1,1,0,0,0,0,3,23,1,0,0,0,0,6,5,2,0,2,0,2,0,0,0,3,0,1,0,0,0,0,0,3,0,1,0,0,0,2,0,1,1,1,0,1,0,0,0,0,0,0,0,0,0,1,0,1,0,0,0,0,0,0,0,0,0,0,0,0,2,0,0,2,0,0
6,0,12,0,0,0,0,0,7,0,1,0,4,4,2,0,0,0,0,1,3,0,0,0,12,0,0,1,3,0,1,0,2,0,0,0,0,0,1,1,0,0,1,0,0,1,1,0,9,0,0,0,0,0,6,0,2,1,5,0,1,0,0,0,0,3,0,0,1,0,3,0,0,8,14,2,0,0,0,0,1,3,0,5,1,0,1,1,2,0,1,0,0,1,2,0,1,0,1,6,4,10,2,24,0,2,5,0,2,0,1,0,0,0,0,0,0,0,26,4,0,8,0,0,6,14,0,0,1,0,0,0,0,0,0,1,0,2,0,0,1,0,0,0,0,0,0,0,0,1,0,0,3,0,0,0,0,3,0,0,0,0,0,0,0,0,0,1,5,1,0,0,0,1,0,0,4,0,10,3,1,0,2,3,4,7,0,0,2,7,2,0,0,0,3,3,6,8,0,0,1,5,1,0,0,2,0,1,0,0,1,0,1,12,0,0,0,0,6,1,0,1,0,0,1,0,0,0,0,1,1,0,0,0,0,0,0,1,0,0,0,0,0,6,0,0,0,1,0,2,1,1,1,0,6,0
2,0,0,0,0,0,0,1,1,1,2,1,7,1,0,1,0,0,0,0,0,0,0,0,0,0,2,1,3,3,1,0,0,0,2,1,0,1,1,0,0,3,0,1,1,4,1,0,1,0,0,1,2,0,3,3,2,2,2,1,0,0,4,1,1,0,0,0,0,1,0,3,0,2,1,1,4,0,0,0,7,0,0,0,1,0,3,0,2,1,0,1,0,0,5,1,0,8,0,8,2,2,0,1,1,0,0,0,0,1,0,1,0,0,1,1,4,0,2,4,1,0,0,0,1,0,0,0,0,2,1,0,0,0,1,0,2,0,0,0,1,1,0,0,1,0,1,0,1,0,4,1,0,12,0,0,0,2,0,2,0,4,0,7,1,14,2,4,0,0,2,0,0,2,3,1,0,1,5,2,0,1,1,0,2,0,1,0,0,1,3,2,2,0,1,1,4,3,2,4,3,0,5,3,13,0,0,3,2,4,1,2,0,12,5,3,6,3,0,3,0,0,0,0,0,1,1,0,5,1,0,0,4,0,0,0,0,3,0,0,1,0,2,5,1,1,0,0,0,4,0,0,2,3,4,2
2,0,0,0,1,3,0,0,0,1,1,4,0,0,1,2,3,2,0,0,9,0,0,1,2,0,8,2,2,0,0,0,0,0,1,0,0,0,0,0,0,0,0,1,6,1,4,5,2,1,2,0,0,0,0,0,0,0,0,2,0,1,0,2,0,2,0,5,1,0,0,0,0,0,0,8,0,0,0,0,0,0,4,1,1,0,0,1,14,0,0,7,0,9,36,3,0,2,0,0,0,5,0,1,7,0,0,0,0,0,0,7,0,0,1,16,2,0,7,0,3,1,1,0,0,2,0,0,0,1,0,0,0,6,0,0,1,0,0,1,1,0,0,0,0,0,0,7,0,0,1,3,0,6,0,0,0,2,1,1,0,0,0,3,0,0,0,0,0,0,0,0,0,1,1,0,2,0,3,0,0,2,0,2,0,0,11,0,0,0,1,0,1,1,3,0,2,3,27,0,0,0,16,0,8,3,1,0,3,1,19,0,0,0,2,0,0,0,2,2,0,0,2,0,2,1,0,7,2,0,2,0,1,0,4,0,0,0,0,0,1,1,0,2,0,4,0,0,0,2,0,0,3,1,3,0
2,0,3,0,1,9,0,0,0,1,0,3,0,1,0,2,0,1,0,0,15,0,0,0,0,0,5,2,4,0,0,0,0,3,1,0,2,1,1,0,1,0,2,0,6,1,4,0,1,33,0,0,0,0,5,1,0,0,0,31,0,1,2,0,0,1,0,3,0,1,0,0,0,0,2,2,0,0,4,0,0,0,2,1,1,1,3,5,18,0,0,16,0,0,28,2,0,0,0,1,0,0,0,1,0,2,0,0,0,4,0,3,0,1,0,21,0,0,6,0,1,1,0,0,0,0,0,0,0,0,0,0,2,4,1,0,0,0,0,0,0,0,0,0,0,0,0,0,0,0,1,2,0,4,0,0,0,0,2,0,1,0,0,4,0,0,0,0,0,1,0,0,0,2,1,0,3,0,0,0,0,1,1,1,2,1,10,0,0,0,1,0,1,11,3,0,1,1,7,1,0,0,10,0,3,0,0,0,3,0,9,0,1,0,1,0,1,0,3,2,0,0,0,0,1,2,0,3,0,0,0,0,0,0,1,0,0,0,1,0,1,0,0,0,0,5,0,0,0,2,0,0,5,0,0,0
1,0,1,0,0,0,0,0,19,0,2,0,13,1,4,0,0,1,0,0,0,0,4,1,13,0,0,0,2,0,1,0,0,1,0,0,0,1,0,2,0,1,0,0,0,6,0,0,0,0,0,0,1,0,5,0,3,5,2,0,3,0,2,0,0,0,4,2,3,0,0,0,1,9,1,2,0,0,0,0,0,0,0,10,1,4,2,16,2,0,2,0,3,0,4,0,10,2,0,11,1,0,0,17,3,0,2,0,1,1,2,0,0,0,0,1,0,2,24,3,1,2,1,0,2,14,0,0,0,1,0,0,0,0,0,0,0,0,0,0,1,0,0,0,0,11,0,0,0,1,0,0,0,0,0,0,3,1,1,2,0,0,0,0,1,4,0,0,0,1,3,1,7,1,0,0,1,0,1,9,0,0,0,2,0,0,0,0,1,0,1,0,0,0,0,8,7,3,0,0,1,16,0,0,0,4,0,3,0,0,0,3,0,5,0,0,0,3,0,10,0,1,0,0,0,0,0,0,0,1,1,0,0,0,0,0,0,1,0,0,0,0,0,2,0,1,1,4,0,1,0,0,1,0,0,0
0,0,0,0,0,2,3,2,15,0,4,0,5,1,2,0,0,0,0,1,0,1,23,0,23,0,1,0,0,0,0,0,2,1,0,0,0,0,0,4,0,0,1,0,0,4,0,0,0,0,0,0,1,1,2,0,4,1,3,1,5,1,0,0,0,0,0,1,0,0,0,6,0,3,3,0,0,0,0,1,0,0,0,1,2,0,3,3,0,0,0,0,1,0,0,0,0,10,0,12,3,2,0,13,0,0,0,0,1,0,0,4,0,0,0,0,1,3,19,2,1,2,0,3,0,16,0,0,0,1,0,0,0,1,0,0,2,2,0,0,2,1,0,1,0,0,0,1,0,0,0,0,0,2,0,3,0,0,1,0,0,9,0,0,1,6,0,0,0,0,0,0,11,1,0,0,0,0,1,0,0,0,1,2,0,0,0,0,9,6,0,0,0,0,0,10,13,0,0,0,0,12,1,0,0,4,1,1,0,0,0,0,0,4,0,2,0,7,0,6,0,1,1,0,3,0,0,0,0,0,0,0,0,0,0,0,1,1,0,0,0,0,0,0,0,1,0,0,0,2,3,0,0,0,0,0
7,0,3,0,1,4,0,0,0,1,0,2,4,0,0,2,1,1,0,0,2,1,0,0,0,1,1,1,2,0,0,0,1,2,0,0,10,1,0,1,0,0,1,3,9,2,0,1,1,8,0,1,0,0,0,5,0,1,0,39,0,1,2,1,0,4,0,0,0,2,1,0,0,0,3,3,0,1,0,7,0,0,5,0,1,0,4,4,12,0,0,3,0,0,34,0,2,0,0,0,0,0,0,1,0,0,0,0,0,0,0,11,4,1,0,30,0,0,4,4,2,1,0,0,0,1,0,0,0,0,0,0,0,3,0,0,0,0,0,0,0,2,0,1,1,0,1,0,0,0,0,1,0,0,0,0,2,0,1,1,4,1,2,2,0,0,0,1,0,0,1,0,0,1,0,0,3,0,0,0,0,2,0,0,0,1,15,0,0,0,1,2,2,6,5,0,2,1,2,3,0,0,9,0,2,0,0,0,3,1,0,0,2,0,0,0,1,0,2,0,0,0,0,1,1,0,0,3,0,0,1,0,0,0,0,0,0,0,1,0,5,1,0,0,0,0,0,0,0,1,0,0,2,0,0,1
2,0,0,1,0,3,0,0,0,1,0,7,6,0,3,4,1,2,0,0,0,0,0,0,1,0,2,0,0,0,0,0,3,1,0,0,6,7,0,0,0,2,1,2,7,1,1,2,1,7,1,0,0,2,0,1,1,0,0,1,3,1,0,0,0,0,2,0,0,3,0,0,2,0,4,1,0,6,3,4,1,1,3,1,1,0,1,0,2,1,26,6,4,0,6,1,5,0,0,0,1,1,0,0,1,0,0,0,0,0,1,7,0,5,3,5,0,0,3,8,0,1,0,1,0,1,0,0,0,3,0,0,0,2,0,0,0,0,0,5,2,3,0,3,1,0,0,1,0,0,1,2,0,0,0,0,2,0,2,1,10,1,0,0,1,0,1,0,8,0,3,2,0,8,7,0,1,9,1,0,1,2,0,1,1,0,0,0,0,0,0,0,2,0,1,0,1,2,3,3,0,0,4,5,2,1,0,2,1,0,0,0,1,0,2,1,2,0,0,0,0,2,0,0,6,0,4,0,0,7,0,3,0,1,0,0,1,0,1,0,1,1,4,0,3,1,0,0,4,2,1,2,0,0,0,0
1,0,0,0,1,9,0,0,1,1,0,5,1,4,1,2,1,2,0,0,5,0,0,2,0,0,16,3,4,0,0,0,0,0,0,0,4,0,0,0,0,3,0,0,7,2,0,0,1,10,1,0,0,0,0,2,0,0,0,17,0,2,0,0,0,1,0,3,0,0,0,0,0,1,6,0,0,6,6,0,0,1,8,0,2,0,0,3,5,0,1,5,0,0,23,0,0,0,0,0,0,0,0,1,12,0,0,1,0,0,0,4,0,0,0,23,0,0,8,0,5,1,6,0,0,0,0,0,0,1,0,1,0,5,0,0,0,0,0,0,0,0,0,4,0,0,0,0,0,1,2,1,1,1,0,0,1,1,2,1,0,0,0,3,0,0,0,0,0,0,3,0,1,4,0,0,2,0,0,0,0,1,2,0,0,1,10,0,0,1,2,0,2,3,0,0,0,1,7,1,0,1,9,0,2,0,0,0,2,0,14,3,0,0,2,0,2,0,1,5,0,0,2,2,5,0,0,2,0,0,0,0,0,0,0,0,0,0,1,0,0,1,0,0,0,1,0,0,0,4,0,1,2,0,0,0
1,0,0,1,1,3,1,0,14,1,0,1,1,1,2,8,1,2,0,0,1,0,0,0,6,0,0,2,2,2,0,0,0,1,0,0,1,2,0,0,0,0,1,0,5,0,7,1,2,9,0,0,0,2,4,0,0,0,2,18,0,0,0,20,0,0,0,2,0,1,0,0,0,1,0,1,0,0,0,3,0,1,2,1,0,0,1,2,0,0,0,12,3,0,12,6,0,0,2,3,1,0,3,6,0,0,0,0,1,0,0,0,1,0,0,7,0,0,15,1,0,4,1,0,0,5,0,0,1,0,0,1,1,2,0,1,0,0,0,0,2,0,2,0,0,0,0,0,0,0,0,1,0,1,0,0,0,0,2,1,0,0,0,2,1,0,0,0,0,0,2,2,0,1,0,0,0,0,3,1,0,1,1,4,0,0,10,2,0,11,1,0,1,1,2,1,5,3,8,2,0,2,4,0,2,1,0,4,0,0,0,0,0,0,0,0,0,2,1,1,0,2,0,0,1,0,1,2,0,0,0,3,0,0,1,0,1,0,0,0,0,1,0,0,0,3,0,2,0,2,0,0,3,0,0,1
4,1,1,0,1,0,2,0,14,0,5,0,5,1,1,0,0,0,0,0,0,0,15,0,24,0,0,0,3,0,3,1,1,0,0,0,0,0,1,1,0,0,1,0,0,3,0,0,7,0,0,0,0,4,6,0,7,1,0,0,4,0,0,0,0,0,0,1,0,0,0,6,2,15,6,0,0,0,0,6,0,0,0,1,1,1,6,10,2,0,3,0,0,0,0,6,4,1,0,7,3,2,2,23,0,1,0,0,1,1,0,0,0,0,0,3,2,1,11,2,1,2,1,1,0,0,0,6,0,0,0,0,0,6,0,0,0,0,0,0,4,1,0,1,0,0,0,0,2,1,0,0,0,0,0,0,0,0,3,0,0,3,0,1,0,2,0,0,0,0,0,0,6,2,0,0,0,0,1,0,0,1,2,1,0,0,1,0,0,0,0,0,0,0,1,10,13,1,0,0,0,1,0,0,0,8,0,1,0,0,1,0,1,3,2,3,0,0,3,2,0,0,2,0,0,0,1,0,0,1,0,0,0,0,0,0,1,1,1,2,0,0,0,2,0,0,0,0,0,0,3,0,0,0,0,0
1,0,0,0,1,9,2,1,14,1,0,0,2,2,3,5,2,1,0,0,10,0,0,0,10,0,1,0,1,1,0,0,0,2,1,1,2,2,3,2,0,0,1,0,2,1,0,0,1,4,0,0,0,0,2,1,2,1,4,6,0,2,1,0,0,2,2,0,3,1,1,0,1,5,0,0,3,0,1,0,1,3,1,0,0,0,3,0,8,0,0,7,0,0,11,1,0,4,0,3,4,4,0,0,0,0,2,1,0,0,1,2,0,0,0,8,0,1,30,2,1,1,0,1,0,2,0,0,0,0,0,0,0,1,0,0,0,0,0,0,1,0,0,0,0,0,0,0,0,0,0,0,0,0,0,0,0,0,2,5,0,3,0,1,0,0,0,0,0,0,1,0,0,1,0,1,1,0,1,5,2,2,1,0,0,0,2,0,0,6,1,0,1,0,0,2,2,3,2,3,1,0,1,3,4,0,1,1,1,0,2,0,0,0,0,1,3,11,3,4,0,0,0,0,9,0,0,1,1,0,0,0,2,0,4,1,0,1,0,1,0,0,0,0,0,8,1,1,0,2,0,0,0,0,3,2
0,0,0,0,0,0,0,0,12,0,3,0,6,1,0,0,0,0,3,1,0,0,15,0,11,0,0,0,2,0,1,0,0,0,0,1,0,0,0,1,0,0,0,0,1,1,0,0,9,0,1,8,0,0,2,0,3,7,2,0,3,0,0,0,0,0,2,2,0,0,0,6,0,15,5,1,0,0,0,7,0,0,0,1,0,0,19,17,3,0,3,0,0,0,0,6,2,4,0,8,4,0,1,4,1,1,3,0,0,0,0,1,0,0,0,0,0,3,12,4,1,5,0,0,3,0,0,0,0,0,0,0,0,2,0,1,0,0,0,0,2,0,0,2,0,0,0,1,0,0,0,0,0,0,0,1,0,1,3,0,0,3,1,0,1,2,0,0,0,1,1,0,2,4,2,0,0,1,1,0,2,0,1,1,0,0,0,0,0,1,0,0,0,0,3,8,9,3,0,1,4,1,0,0,0,2,1,1,0,0,0,0,0,4,0,2,0,3,1,6,2,1,1,0,0,0,0,0,0,1,1,0,0,0,1,1,3,1,1,0,0,0,0,0,4,0,1,0,0,1,8,1,0,0,0,0
1,0,9,0,1,4,0,0,0,2,4,2,4,0,3,12,1,5,0,0,5,0,0,1,3,0,7,0,3,0,3,1,0,2,0,1,3,1,1,0,0,2,1,2,2,2,0,0,1,3,4,1,0,3,4,1,0,0,0,13,1,2,3,0,0,4,0,1,0,2,0,0,0,0,1,0,2,2,4,0,0,0,2,0,0,0,0,0,2,0,0,0,0,0,13,0,1,0,3,0,3,1,0,4,2,0,1,0,0,0,0,1,0,0,0,9,0,2,3,4,3,2,1,0,1,2,0,0,0,1,1,1,2,2,1,1,0,0,0,0,2,1,0,1,3,0,0,1,3,1,0,0,0,0,0,2,1,0,4,1,0,0,0,5,0,0,0,0,0,3,0,0,0,1,0,0,1,1,0,0,0,11,0,0,4,5,4,1,1,0,1,0,6,2,1,1,6,3,7,1,0,0,9,0,2,2,1,0,2,0,2,1,1,0,1,0,1,0,6,3,1,0,0,0,0,0,3,4,0,0,0,5,0,0,4,1,0,1,0,0,0,2,0,0,2,6,4,0,0,4,2,0,1,1,0,2
1,0,5,0,0,3,0,0,22,0,2,1,3,10,0,0,0,1,1,1,0,0,8,3,2,0,1,1,2,0,3,0,0,2,0,0,3,0,0,1,0,1,2,0,2,2,0,0,4,3,0,0,0,0,5,3,2,3,4,1,2,0,0,0,1,0,0,0,0,0,0,3,0,7,2,0,0,0,0,0,1,0,2,1,1,1,15,13,0,0,1,1,0,0,2,0,6,0,1,5,0,0,0,3,0,6,3,0,0,1,0,0,1,0,0,0,3,6,12,4,0,4,1,1,2,0,0,0,1,3,0,0,1,4,4,1,0,0,0,0,2,0,0,3,2,0,0,1,0,0,0,1,0,0,0,0,0,0,1,1,0,4,1,2,0,2,0,0,0,0,0,0,6,2,0,0,0,0,1,2,0,1,0,1,0,2,2,0,2,20,0,1,0,1,1,5,6,2,0,2,1,2,1,0,0,1,1,3,0,0,2,0,0,2,2,0,2,0,3,4,0,0,0,0,0,0,0,0,0,1,1,0,0,1,1,1,0,1,1,0,0,0,1,9,0,2,3,0,0,4,6,1,0,0,0,0
1,0,0,1,0,4,0,0,0,1,4,2,1,0,11,1,3,8,0,0,0,0,3,0,1,0,7,2,4,0,1,1,0,0,0,1,1,0,0,0,0,1,0,7,1,0,4,0,3,5,1,1,0,1,0,0,2,0,0,2,1,2,0,0,16,0,0,0,0,1,0,0,1,1,1,0,0,2,3,1,0,2,3,0,0,0,0,1,5,0,1,0,0,0,7,0,4,1,0,0,0,4,0,0,7,2,0,0,0,0,0,1,1,0,0,6,0,0,4,0,4,0,0,2,0,5,0,6,1,1,0,1,0,2,1,0,1,0,0,0,0,0,4,3,0,4,0,1,0,0,0,1,0,4,0,0,0,2,0,0,1,0,4,2,0,3,0,0,0,1,1,0,0,2,0,0,1,0,1,24,4,3,0,0,0,2,7,3,0,2,0,0,1,2,3,0,1,0,5,2,0,0,8,1,2,0,0,0,0,0,1,2,1,0,0,0,1,7,3,0,0,2,0,3,1,1,6,0,0,6,0,2,4,0,0,0,0,9,0,0,3,0,0,0,0,1,0,2,0,0,2,1,0,0,0,1
0,0,0,0,0,0,2,0,10,0,1,0,4,6,1,0,0,0,0,3,0,0,4,2,1,0,0,1,0,0,0,0,0,0,2,1,0,0,0,2,5,0,0,0,0,1,0,0,0,0,0,0,0,1,8,0,13,1,1,0,18,0,1,0,0,9,3,0,0,0,0,6,0,10,4,0,0,1,1,0,0,9,0,0,1,0,3,14,2,0,1,0,9,0,0,0,0,5,0,8,4,0,6,0,0,0,1,0,0,0,1,0,0,0,0,0,0,4,27,1,1,1,0,1,0,0,0,5,0,0,0,0,0,0,0,0,0,0,0,0,3,0,0,0,0,0,0,1,0,0,0,0,0,0,0,0,2,0,4,0,0,2,1,0,8,1,0,0,0,1,0,0,4,1,0,0,2,0,11,4,0,0,0,1,3,0,1,0,1,25,0,0,0,0,0,8,8,1,0,0,2,2,0,0,0,3,0,1,0,0,0,0,0,0,0,2,5,2,0,5,0,0,0,0,0,0,0,0,0,0,2,0,0,1,0,0,0,2,1,0,0,0,0,0,0,1,1,0,1,1,0,0,0,0,0,0
2,0,1,1,0,0,0,0,18,0,4,0,2,2,2,0,0,0,0,0,1,0,7,0,5,0,0,1,0,0,1,0,1,0,2,0,0,0,0,1,0,0,0,0,0,1,0,0,1,0,6,0,0,0,4,0,5,4,1,1,4,0,0,0,0,2,0,2,3,1,0,7,2,3,1,0,0,0,0,2,0,0,0,9,1,0,1,16,2,0,0,0,0,1,2,4,2,15,2,5,1,6,14,2,0,3,3,0,0,7,1,1,0,0,0,0,0,5,22,5,2,0,1,0,3,0,0,2,0,1,0,2,0,2,0,1,2,0,0,1,2,0,0,0,0,0,0,1,0,0,0,0,0,4,0,0,0,0,1,0,0,8,0,0,0,2,0,0,0,1,1,0,8,1,0,0,1,1,1,1,2,0,2,4,1,0,0,0,0,0,0,2,0,0,4,9,9,3,0,2,0,0,0,0,0,3,0,2,0,0,0,0,0,1,0,2,2,4,0,10,0,1,1,0,0,0,2,0,0,0,1,0,0,0,0,0,0,1,0,0,0,0,0,0,2,0,0,0,0,1,0,0,0,0,0,0
1,0,0,0,1,0,4,0,9,0,1,5,8,3,1,0,0,0,0,13,2,2,30,0,19,0,0,2,0,0,1,0,1,0,0,0,0,0,1,1,0,0,1,0,5,1,0,0,11,0,2,0,1,1,3,0,0,14,6,1,4,1,0,0,0,0,1,0,1,0,1,1,0,4,1,0,0,0,0,1,0,0,0,1,0,1,1,8,1,0,1,0,0,0,0,0,5,1,0,6,0,0,1,1,0,0,2,0,0,0,0,0,0,0,1,1,0,1,8,1,0,5,1,0,0,2,0,0,0,0,0,0,0,0,0,0,0,0,0,0,2,0,2,0,0,0,0,0,0,0,0,0,0,0,0,1,0,0,1,0,0,8,0,1,0,1,0,7,2,0,0,0,1,2,0,0,0,0,1,1,0,0,1,1,0,0,0,0,0,4,0,1,0,0,0,2,3,3,0,0,2,4,0,0,0,2,0,1,0,0,0,0,0,1,0,0,1,0,0,1,2,0,0,0,0,0,0,0,0,0,11,0,0,1,0,2,0,1,6,0,0,0,0,4,0,1,1,3,1,1,0,28,0,1,1,0
1,0,1,0,1,13,0,0,0,1,0,3,0,1,1,2,2,2,0,0,3,0,0,0,4,1,5,1,2,0,0,0,3,2,0,0,5,1,2,0,0,0,0,3,4,0,7,1,1,0,1,1,0,0,5,2,1,0,0,6,0,1,0,0,0,0,0,0,0,0,0,0,0,1,1,0,1,0,1,0,1,0,2,1,3,0,3,1,8,0,0,24,0,0,22,1,1,2,0,2,0,0,1,2,0,0,0,0,0,0,0,3,0,0,0,14,0,1,3,2,1,4,0,0,0,0,0,0,0,0,0,2,0,2,0,0,0,0,0,0,0,0,0,0,4,0,0,0,0,0,2,2,1,0,0,0,0,0,1,1,1,0,0,1,1,0,0,0,0,3,3,0,0,1,0,0,6,0,0,0,1,3,1,0,0,1,11,2,0,0,1,1,1,0,3,0,6,2,30,3,0,0,12,0,1,0,4,3,1,0,1,0,1,0,0,4,1,1,2,2,0,0,0,0,0,1,0,7,0,0,0,0,1,0,0,0,0,0,2,0,1,1,0,0,0,1,0,0,2,5,0,1,4,0,0,0
0,0,0,0,0,0,0,0,0,0,0,0,0,0,0,0,0,0,0,0,0,0,0,0,0,0,0,0,0,0,0,0,0,1,0,1,0,0,0,0,0,2,0,0,0,0,0,0,0,0,0,0,0,0,1,0,0,0,0,0,0,0,0,0,0,0,0,0,0,0,0,0,1,0,0,0,0,0,0,1,0,0,1,1,0,0,0,2,0,0,0,0,0,0,0,0,0,0,0,0,0,0,0,0,2,1,0,0,0,0,0,0,0,0,0,0,0,0,0,1,1,0,0,0,0,0,0,0,0,0,0,0,0,0,0,0,0,0,0,0,0,0,0,0,0,0,0,0,0,0,0,0,0,0,0,0,1,0,0,0,0,0,0,0,0,0,0,0,0,1,0,0,0,0,0,0,0,1,0,0,0,0,0,0,0,0,0,0,0,0,0,0,0,0,0,0,1,0,0,0,0,1,0,0,0,0,0,0,0,0,0,0,0,0,0,0,0,0,0,0,0,0,0,0,0,0,1,0,0,1,0,0,0,0,0,0,0,1,0,0,0,0,0,0,0,0,0,0,0,0,0,0,0,0,0,0
1,0,0,0,0,0,0,0,0,1,0,0,0,0,0,0,0,0,0,0,1,0,0,0,0,0,0,0,0,0,0,0,0,0,0,0,0,2,1,0,0,0,0,0,0,0,0,0,1,0,0,1,0,1,0,0,0,0,0,0,0,0,0,0,0,0,0,0,0,0,0,0,0,0,0,0,0,0,0,0,0,0,1,0,1,0,0,0,0,0,0,0,0,0,0,0,0,0,0,1,0,0,0,0,0,0,1,0,0,0,0,0,0,0,0,1,0,0,0,0,0,0,0,0,1,0,0,0,0,0,0,0,0,2,0,0,0,0,0,0,0,0,0,0,0,0,0,0,0,0,0,0,0,1,1,0,0,0,0,0,0,0,0,1,0,0,0,0,0,0,0,0,0,0,0,0,1,0,0,0,0,1,0,0,1,0,0,0,0,0,1,0,0,1,0,0,0,0,0,1,0,0,1,0,0,0,0,0,0,0,0,0,1,0,0,0,0,0,0,0,0,0,0,0,0,1,0,0,0,0,0,0,0,0,0,0,0,0,0,0,0,0,0,0,0,0,1,1,0,0,0,0,1,0,0,0
0,0,0,0,0,0,0,0,0,0,1,0,0,1,0,0,0,0,0,0,0,0,0,0,0,0,0,0,0,0,0,0,0,0,0,0,0,0,0,1,0,0,0,0,0,1,0,0,0,0,2,0,0,0,0,0,0,3,0,0,1,0,0,0,0,0,0,0,0,0,0,0,0,0,0,0,0,0,0,0,0,0,0,0,0,0,0,0,0,0,0,0,0,0,0,0,0,0,0,0,0,0,0,0,0,0,0,0,0,0,1,0,0,0,0,0,0,0,0,1,0,0,0,0,0,0,0,0,0,0,0,0,0,0,0,0,0,0,1,0,0,2,0,0,0,0,0,0,1,0,0,0,0,0,0,0,0,0,0,0,0,1,0,0,0,0,0,0,0,0,0,0,0,1,0,0,0,0,1,0,1,0,0,0,0,0,0,0,0,0,0,0,0,1,0,0,0,1,0,0,0,2,0,0,0,0,0,0,0,0,1,0,0,0,0,0,1,0,0,0,0,1,0,0,0,0,0,0,0,0,0,0,0,0,0,2,1,1,0,0,0,0,0,0,0,0,0,1,0,0,0,0,0,0,0,0
0,0,0,1,0,0,0,0,0,0,0,0,0,0,0,0,0,0,1,0,0,1,0,0,0,0,0,0,0,0,0,0,0,0,0,0,0,0,0,0,0,0,0,0,0,0,0,1,0,0,0,0,0,0,0,0,1,0,1,0,0,0,0,0,0,0,0,0,1,3,0,0,0,0,0,0,0,0,0,0,0,1,1,0,0,0,0,0,0,0,0,0,0,1,0,0,0,0,2,0,0,0,0,0,0,0,0,0,0,0,0,0,2,0,0,0,0,0,0,0,0,0,0,0,0,0,2,0,0,0,0,0,0,0,0,0,0,0,0,0,0,0,0,0,0,0,0,0,0,0,0,0,0,0,0,0,0,0,0,0,0,0,0,0,0,0,1,0,0,0,0,0,0,0,0,0,0,0,0,0,0,1,0,0,0,0,0,0,0,0,0,0,0,0,0,0,0,1,0,0,0,1,0,0,0,0,0,0,0,0,0,0,0,0,0,0,0,0,0,0,0,0,0,0,0,0,0,1,0,0,0,0,0,0,0,1,0,0,0,0,0,1,0,0,0,0,3,0,0,0,0,0,1,2,0,0
1,0,0,0,0,0,0,1,0,1,0,0,0,0,0,0,0,0,0,0,0,0,0,1,0,0,0,0,0,0,0,0,0,0,0,0,0,2,0,0,0,0,0,0,0,1,0,0,1,0,1,0,0,1,0,0,0,0,0,0,0,0,0,1,0,0,0,0,0,0,0,0,0,0,0,0,0,0,0,0,0,0,1,0,1,0,0,0,0,0,0,0,1,0,0,0,0,0,0,0,0,0,0,0,0,0,0,0,1,0,0,0,0,0,0,1,0,0,0,0,0,0,0,0,0,0,0,0,0,0,0,0,0,1,0,0,0,0,0,0,0,0,0,0,0,0,0,0,0,0,1,0,0,0,1,0,0,0,0,0,0,0,0,2,0,0,0,0,0,0,0,0,0,0,0,0,1,0,0,0,0,1,0,1,1,0,0,0,0,0,1,0,0,1,0,0,0,0,0,0,0,0,1,0,0,0,0,0,0,0,0,0,1,0,0,0,1,0,0,0,0,0,0,0,0,0,0,0,0,0,0,0,0,0,0,0,0,0,0,0,1,0,0,0,0,0,0,0,0,0,0,0,1,0,0,0
1,1,1,0,0,0,0,0,0,1,0,0,0,0,0,0,0,0,0,0,3,0,0,0,0,0,0,0,0,0,0,0,0,0,2,1,2,0,2,0,0,1,0,0,0,1,0,0,1,1,0,1,0,0,1,0,0,0,0,0,0,0,0,0,0,1,0,1,0,0,0,0,0,0,0,0,0,0,0,0,0,0,1,0,1,1,0,0,4,0,0,0,0,0,0,0,0,0,0,0,1,0,0,0,0,0,0,0,0,0,0,0,0,0,0,0,0,0,0,0,0,0,0,0,0,0,0,0,0,0,0,0,0,1,0,0,0,0,0,0,0,0,0,0,0,0,0,0,0,0,1,0,0,0,1,0,0,0,0,0,0,0,1,3,0,0,0,0,0,0,0,0,0,0,0,0,1,0,0,0,0,1,0,0,0,0,0,0,0,0,1,0,0,0,0,0,0,0,0,0,0,2,0,0,1,0,0,0,0,1,2,0,0,0,0,0,0,0,0,0,0,0,0,0,0,0,0,3,0,0,0,2,0,0,0,0,0,0,0,0,1,0,0,2,0,0,0,0,0,2,0,0,0,0,0,0
2,0,0,0,0,0,0,0,0,1,0,0,0,0,3,0,0,0,0,0,4,0,1,0,1,0,0,3,0,2,0,0,1,0,0,0,0,2,1,0,0,0,0,1,0,0,0,0,1,0,0,1,0,0,0,0,0,0,0,0,0,0,0,0,0,0,0,0,0,0,0,0,0,0,0,0,0,0,0,0,0,0,1,0,1,0,0,0,4,0,0,0,3,0,0,0,0,0,0,0,0,0,0,0,0,0,0,0,0,0,0,0,0,0,0,0,0,0,0,0,0,0,0,0,0,0,0,0,0,0,0,0,0,2,0,0,0,0,0,0,0,0,0,0,0,0,0,0,0,0,0,0,0,0,0,0,0,2,0,0,0,0,0,1,0,0,0,1,0,0,1,0,0,0,0,0,1,0,0,0,0,1,0,0,0,0,0,0,0,0,1,0,0,1,0,0,0,0,0,1,0,0,4,0,0,0,1,0,0,0,0,0,1,0,0,0,0,0,1,0,0,0,0,0,0,1,1,0,0,0,0,0,0,0,0,0,0,0,0,0,0,0,0,0,0,0,0,0,0,0,0,0,1,0,1,0
1,0,0,0,0,0,0,0,0,1,0,0,0,0,0,0,0,0,0,0,0,1,0,0,0,0,1,0,0,0,0,0,0,0,0,0,1,0,1,0,0,0,1,2,2,0,0,0,1,2,0,0,0,0,0,0,0,0,0,1,0,0,0,0,0,0,0,0,0,0,0,0,0,0,0,0,0,0,0,0,0,0,1,0,1,0,0,0,2,0,0,0,0,0,0,0,0,0,1,0,0,0,0,0,0,0,1,0,0,0,0,0,0,0,0,1,0,0,0,0,0,1,0,0,0,0,0,0,0,0,0,0,0,2,0,0,0,0,0,1,0,0,0,0,0,0,0,0,0,0,0,1,0,0,1,0,0,0,0,0,0,0,0,1,0,0,0,0,0,0,0,0,0,0,0,0,1,0,0,0,0,1,0,0,1,0,1,0,0,0,1,0,0,0,0,0,0,0,0,1,0,0,0,0,0,0,0,0,0,0,0,0,0,0,0,0,0,0,1,0,0,0,0,0,0,1,0,0,0,1,0,0,0,0,0,0,0,0,0,0,1,0,0,0,0,0,1,0,0,0,0,0,0,0,0,0
0,0,0,0,1,0,2,0,0,0,0,0,0,1,0,0,0,0,0,0,0,0,0,0,0,0,0,0,0,0,0,0,1,0,0,0,0,0,0,1,0,0,0,1,0,1,0,0,0,0,1,0,0,0,0,0,0,1,0,0,1,0,0,0,0,0,0,0,0,0,0,0,0,0,0,0,0,0,0,0,0,0,2,0,0,0,0,0,0,0,0,0,0,0,0,0,0,0,0,0,1,0,1,3,0,0,0,0,0,1,2,0,0,1,0,0,0,1,0,1,0,0,0,0,0,0,0,1,0,0,0,0,0,1,1,0,0,0,0,0,0,1,0,0,0,0,0,0,0,0,0,0,0,0,0,0,0,1,0,1,0,0,0,0,0,0,0,0,0,0,0,0,0,1,1,0,0,0,1,0,0,0,0,0,0,0,0,0,1,0,0,0,0,1,0,0,0,0,0,0,0,0,0,0,0,0,0,0,0,0,0,0,0,0,0,0,0,0,0,0,0,1,0,0,0,0,0,0,0,0,0,0,0,0,0,0,1,1,0,0,1,1,0,0,0,0,0,0,0,0,0,0,0,0,0,0
1,0,1,0,0,0,0,0,0,1,0,0,0,0,0,0,0,0,0,0,2,0,1,0,0,0,0,0,0,0,0,0,0,1,0,0,0,2,0,0,0,0,0,0,0,0,0,0,1,0,0,1,0,2,0,0,0,0,0,0,0,0,0,0,0,0,0,0,0,0,0,0,0,0,0,0,0,0,0,0,0,0,1,0,1,1,0,0,2,0,0,0,0,0,0,0,0,0,0,0,0,0,0,0,0,0,0,0,0,0,0,0,0,0,0,0,0,0,0,0,0,1,0,0,0,0,0,0,0,0,0,0,0,3,0,1,0,0,0,0,0,0,0,0,0,0,0,0,0,0,0,0,0,0,2,0,0,1,0,0,0,0,0,1,0,0,0,0,0,0,0,0,1,0,0,0,1,0,0,0,0,1,0,0,0,0,0,0,0,0,1,0,0,1,0,0,2,0,0,2,0,0,2,0,0,0,1,0,0,0,0,0,0,1,0,0,0,0,0,0,1,0,0,0,0,0,0,0,0,0,0,0,0,0,0,0,0,0,0,0,0,0,0,0,1,0,0,3,0,0,0,0,2,0,0,1
1,0,0,0,0,0,0,1,0,1,0,0,0,0,0,0,0,0,0,0,0,0,0,0,0,0,0,0,0,0,0,0,0,0,0,1,0,0,0,0,0,0,0,0,0,0,0,0,1,0,0,1,0,0,0,0,0,0,0,0,0,0,0,0,0,0,0,0,0,0,0,0,0,0,0,0,0,0,0,0,0,0,1,0,1,0,0,0,0,0,0,0,0,0,0,0,0,0,0,0,0,0,0,0,0,0,1,0,0,0,0,0,0,0,0,1,0,0,0,0,0,0,0,0,0,0,0,0,0,0,0,0,0,2,0,0,0,0,0,1,0,0,0,0,0,0,0,0,0,0,0,0,0,0,1,0,0,0,0,0,0,0,0,1,0,0,0,0,0,0,0,0,1,0,0,0,1,0,0,0,0,1,0,0,0,0,0,0,0,0,1,0,0,0,0,0,0,0,0,1,0,0,1,0,0,0,0,0,0,0,0,0,1,0,0,0,0,0,0,0,0,0,0,0,0,0,0,0,0,0,0,0,0,0,0,0,0,0,0,0,1,0,0,1,0,0,0,0,0,0,0,0,0,0,0,0
1,0,0,0,0,0,0,1,0,1,0,0,0,0,0,0,0,0,0,0,0,0,0,0,0,0,0,0,0,0,0,0,0,1,0,0,0,2,2,0,0,0,0,1,0,0,0,0,1,0,0,0,0,0,0,2,0,0,0,0,0,0,0,0,0,0,0,0,0,0,0,0,0,0,0,0,0,0,0,0,0,0,1,0,1,0,0,0,1,0,0,0,0,0,0,0,0,0,0,0,0,0,0,0,0,0,0,0,0,1,0,0,0,0,0,0,0,0,0,0,0,1,0,0,0,1,0,0,0,0,0,0,0,3,0,0,0,0,0,0,1,0,0,0,0,0,1,0,0,0,1,0,0,0,0,0,0,0,0,0,0,0,0,2,1,0,0,0,0,0,0,0,0,0,0,0,1,0,0,0,0,1,0,0,1,1,0,0,0,0,1,0,0,1,0,0,0,0,0,1,0,1,0,0,0,0,0,0,0,0,0,0,1,0,0,0,0,0,0,0,0,0,0,0,0,0,2,0,0,1,0,0,0,0,0,0,0,0,0,1,0,0,0,0,0,0,0,0,0,0,0,0,0,0,0,0
1,0,1,1,0,0,0,1,0,1,0,0,0,0,0,0,0,0,0,0,3,0,0,1,0,0,0,0,0,0,0,0,0,0,0,0,0,1,0,0,0,0,0,0,0,1,0,0,1,0,0,0,0,0,0,0,0,0,0,0,1,0,0,0,0,0,0,0,0,0,0,0,0,0,0,0,0,0,2,0,0,1,1,0,1,0,0,0,3,0,0,0,0,0,0,0,0,0,0,0,0,0,0,0,0,0,0,1,0,0,0,1,0,0,0,0,0,0,0,0,0,0,0,0,0,0,0,0,0,0,0,0,0,1,0,0,0,0,0,0,0,0,0,0,0,0,0,0,0,0,1,0,0,0,1,0,0,0,0,0,0,0,3,3,0,0,0,0,0,0,0,0,0,0,0,0,1,0,0,0,0,1,0,0,0,0,0,0,0,0,1,0,0,0,0,0,0,0,0,0,0,0,0,0,0,0,0,0,0,0,0,0,0,0,0,0,0,0,0,0,0,0,0,0,0,0,0,2,0,0,0,0,0,0,0,0,0,0,0,0,2,0,0,0,0,0,1,0,0,0,0,0,0,0,0,0
1,0,0,0,1,0,0,0,0,1,0,0,0,1,0,0,0,0,0,0,0,0,0,0,0,0,0,0,0,1,0,0,0,0,0,0,0,0,0,0,0,0,0,0,0,1,0,0,0,0,0,0,0,0,0,0,1,1,1,0,0,1,0,0,0,0,0,0,1,0,0,0,0,1,0,0,0,0,0,0,0,0,1,0,0,0,0,0,0,0,0,0,0,0,0,0,0,0,0,1,1,0,0,0,0,1,0,1,0,0,0,1,0,0,0,0,0,0,2,1,0,0,0,0,0,0,0,0,0,0,0,0,0,0,1,0,0,0,0,0,0,0,0,0,0,0,0,0,0,0,0,0,0,0,0,0,0,0,0,0,0,0,0,0,0,0,0,0,0,0,0,0,0,0,0,0,0,0,1,0,0,1,0,0,0,0,0,0,0,2,0,0,0,0,0,0,0,0,0,0,0,0,0,0,0,0,0,0,0,0,0,0,0,0,0,0,0,2,0,0,0,0,0,0,0,0,0,1,0,0,0,0,0,1,0,0,0,1,0,0,0,0,0,0,0,0,0,0,0,0,0,0,0,0,0,1
0,0,0,0,0,0,0,0,0,0,1,0,0,1,1,0,0,0,0,0,0,0,0,0,0,0,0,0,0,0,0,0,0,0,0,0,0,0,0,2,0,1,0,0,0,0,0,0,0,0,0,0,0,0,0,0,0,1,0,0,2,0,0,0,0,0,0,0,0,0,0,0,0,0,0,0,0,0,0,0,0,0,0,0,0,0,0,0,0,0,0,0,0,0,0,0,0,0,0,1,2,0,0,2,0,0,0,0,0,0,2,0,0,0,0,0,0,0,0,2,0,0,0,0,0,0,0,0,0,0,0,0,0,0,0,0,0,0,0,0,1,1,0,0,0,0,0,0,0,0,0,2,0,0,1,0,2,0,4,0,0,0,0,0,0,0,0,0,0,0,0,0,0,1,0,0,1,0,1,0,0,0,1,0,0,0,0,0,0,1,0,0,0,0,0,0,0,0,0,0,0,0,0,0,0,1,0,1,0,0,0,0,1,0,0,0,0,0,0,0,0,1,0,0,0,0,0,0,0,0,0,0,0,0,0,0,0,1,0,0,0,0,0,0,0,0,0,0,0,0,0,0,0,1,0,0
1,0,0,0,0,0,0,0,0,1,0,0,0,0,0,0,0,0,0,0,0,0,0,0,0,0,0,0,0,0,0,0,0,2,0,0,0,1,1,0,0,0,0,0,0,0,0,0,1,0,0,1,0,0,0,1,0,0,0,2,0,0,0,0,0,0,1,0,0,3,0,0,0,0,0,0,0,0,0,0,0,0,1,0,2,0,0,0,0,0,0,0,0,0,2,0,0,0,0,0,0,0,0,0,0,0,0,0,0,0,0,0,0,0,0,0,0,0,0,0,0,0,0,0,0,0,0,0,0,0,0,0,0,3,0,0,0,0,0,0,0,0,0,0,0,0,0,0,0,0,0,0,0,0,2,0,0,0,0,0,0,0,0,1,0,0,0,0,0,0,0,0,0,0,1,1,1,0,0,0,0,1,0,0,0,0,0,0,0,0,1,0,0,0,0,0,0,0,0,0,0,0,0,0,0,0,0,1,0,0,0,0,0,0,0,0,0,0,0,0,0,0,0,0,0,0,0,0,0,0,0,0,0,0,0,0,0,0,0,0,0,0,0,0,0,0,0,0,0,0,0,0,0,0,0,0
1,0,0,0,0,0,0,0,0,1,0,0,0,0,0,0,0,0,0,0,0,0,0,0,1,0,0,0,0,0,0,0,0,0,0,0,0,1,0,0,0,0,0,1,0,0,2,0,1,0,0,1,0,0,0,0,0,0,0,2,0,0,0,0,0,0,0,0,0,0,0,0,0,0,0,0,0,0,0,0,0,0,1,0,1,0,0,0,0,0,0,0,0,0,1,0,0,0,0,0,0,0,0,0,0,0,0,0,0,0,0,0,0,0,0,0,0,0,0,0,0,0,0,0,0,0,0,0,0,0,0,0,0,1,0,0,0,0,0,0,0,0,0,0,0,0,0,0,0,0,0,0,0,0,1,0,0,0,0,0,0,0,0,1,0,0,0,0,0,0,0,0,0,0,0,0,1,0,0,0,0,1,0,0,0,0,0,0,0,0,1,0,0,3,0,0,1,1,0,1,0,0,0,0,0,0,0,0,0,0,0,0,0,0,0,0,0,0,0,3,0,0,0,0,0,0,0,0,0,0,0,0,0,0,0,0,0,0,0,0,1,0,0,0,0,0,0,0,0,2,0,0,0,0,0,0
2,0,0,0,0,1,0,1,0,1,1,0,1,1,0,0,0,0,0,0,1,0,0,0,0,0,1,0,0,0,0,0,2,1,0,0,0,2,0,0,0,0,0,0,0,1,0,0,1,0,0,0,0,0,0,0,0,0,0,0,0,0,0,0,0,0,0,0,0,0,0,0,0,0,0,0,0,0,1,0,0,0,1,0,2,0,0,0,2,0,0,1,0,0,2,0,0,0,0,0,0,0,0,0,0,0,1,0,0,0,0,0,0,0,0,0,0,0,0,0,0,1,0,0,0,0,0,0,0,0,0,0,0,1,0,0,0,0,0,0,0,0,0,0,0,0,0,0,0,0,0,0,0,0,1,0,0,0,0,0,0,0,0,1,0,0,0,0,0,0,0,0,0,0,0,0,1,0,0,0,0,1,0,0,1,0,0,0,0,0,1,0,0,0,0,0,0,0,0,1,0,0,1,0,0,0,0,0,0,0,0,0,0,0,0,0,0,0,0,0,0,0,0,0,1,0,0,0,0,0,0,0,0,0,0,0,0,0,0,0,0,0,0,0,0,0,0,0,0,2,0,0,0,0,0,0
0,0,0,0,0,0,0,0,0,0,0,0,0,1,0,0,0,0,0,0,0,0,0,0,0,0,0,0,0,0,0,0,0,0,0,0,0,0,0,1,0,1,0,0,0,0,0,0,1,2,0,0,0,0,0,0,0,1,0,0,1,0,0,0,0,0,0,0,0,0,0,1,0,0,0,0,0,0,0,0,0,0,2,0,0,0,0,3,0,0,0,0,0,0,0,0,0,0,0,2,0,0,2,0,0,0,0,0,0,0,0,0,0,0,0,0,1,0,0,1,0,0,0,0,0,0,0,3,0,0,0,0,0,0,0,0,0,0,0,0,0,0,0,0,0,0,0,0,0,0,0,0,0,0,0,0,0,0,0,0,0,0,0,0,0,0,0,0,0,0,0,0,0,1,0,0,0,0,1,0,0,0,0,0,0,0,0,0,0,1,0,0,0,0,0,0,0,0,0,0,0,0,0,0,0,0,0,0,0,0,0,0,0,0,0,0,0,0,0,0,0,1,0,0,0,0,0,0,0,0,0,0,2,0,0,0,0,1,0,0,0,0,0,0,0,1,1,0,0,0,0,0,0,0,0,0
1,0,0,0,1,0,0,0,0,1,1,0,0,0,0,1,0,1,0,0,0,0,0,0,0,0,0,0,0,0,0,0,0,0,0,1,0,0,1,0,0,0,0,0,0,1,0,0,1,0,0,1,0,0,0,1,0,0,0,0,0,0,0,0,0,0,0,0,0,0,0,0,0,0,0,0,0,0,0,0,0,0,1,0,1,0,0,0,0,0,0,0,0,0,0,0,0,0,0,0,0,0,0,1,0,0,0,0,0,0,0,0,0,0,0,0,0,0,0,0,0,0,0,0,0,0,0,0,1,0,0,0,0,2,0,0,0,0,0,1,0,0,0,0,0,0,0,0,0,0,0,1,0,0,0,0,0,1,0,1,0,0,0,0,0,0,0,0,0,0,0,0,0,0,0,0,1,0,0,0,0,2,0,0,1,1,0,0,0,0,1,0,0,0,0,0,0,0,0,0,0,0,0,0,0,0,0,0,0,0,0,0,1,0,0,0,0,0,0,0,1,0,0,0,0,0,0,0,0,0,0,0,0,0,0,0,1,0,0,0,0,0,0,0,0,0,0,1,0,0,0,0,0,0,0,0
0,0,0,0,0,0,0,0,0,0,0,0,0,1,0,0,0,0,0,0,0,0,0,0,0,0,0,0,0,0,0,0,0,0,0,0,0,0,0,0,0,0,0,0,0,1,0,0,0,0,1,0,1,0,0,0,0,1,0,0,1,0,0,0,0,0,0,0,0,0,0,0,0,2,0,0,0,0,0,1,0,0,0,0,0,1,0,1,1,0,0,0,0,0,0,0,1,0,0,0,1,0,0,1,0,0,0,0,0,0,1,0,0,0,0,0,0,0,2,1,0,0,0,0,0,0,0,0,0,0,0,0,0,0,0,0,0,0,0,0,0,1,0,0,0,0,0,0,0,0,0,0,0,0,0,0,0,0,0,0,1,1,0,0,0,0,0,0,0,0,1,0,0,1,0,1,0,0,1,0,0,0,0,0,1,0,0,0,0,0,0,0,0,0,0,0,0,0,0,0,0,0,0,0,0,0,0,0,0,0,0,0,0,1,0,0,0,0,0,0,0,1,0,0,0,0,1,0,0,0,0,0,0,0,0,1,0,1,0,0,0,0,0,0,0,0,0,0,0,0,0,0,0,0,0,0
2,0,0,0,0,0,0,0,0,1,0,0,0,1,0,0,0,0,1,0,0,1,0,0,0,0,0,0,0,0,0,0,0,0,0,0,1,0,0,0,0,0,0,0,0,2,2,0,1,2,0,0,0,0,0,0,0,0,0,0,0,0,0,0,0,0,0,0,0,0,0,0,0,0,0,0,0,0,0,0,0,0,1,0,1,0,0,0,0,0,0,0,0,0,0,0,0,0,0,0,1,0,0,0,0,0,0,0,0,0,0,1,0,0,0,0,0,0,0,1,0,0,0,0,0,1,1,0,0,0,0,0,0,1,0,0,1,0,0,0,0,0,0,1,0,0,0,0,0,0,0,0,0,1,1,0,0,0,0,0,0,1,0,1,0,0,0,0,0,0,0,0,0,0,0,0,0,0,0,0,0,1,0,0,0,0,0,0,0,0,1,0,0,0,0,0,0,0,0,0,0,0,1,0,0,0,0,0,0,0,0,0,0,0,0,0,0,0,0,2,0,0,0,0,0,0,0,1,0,0,0,0,0,2,0,0,0,0,0,0,4,0,0,0,0,0,0,0,0,0,0,0,0,0,0,0
0,0,0,0,0,0,1,0,0,0,0,1,0,1,0,0,0,0,0,0,0,0,1,0,0,1,0,0,0,0,0,0,0,0,0,0,0,0,0,1,0,0,0,0,0,1,0,0,0,0,1,0,0,0,3,0,0,1,0,0,1,0,0,0,0,0,0,0,0,0,0,2,0,0,0,0,0,0,0,0,0,0,0,2,0,1,2,0,0,0,0,0,0,0,0,0,0,0,0,1,0,0,1,0,0,0,0,0,0,0,0,0,0,0,0,0,0,0,1,1,0,0,0,0,0,0,0,0,0,0,0,0,0,2,0,0,0,0,1,0,0,1,0,0,0,1,0,0,0,0,0,0,0,0,0,0,0,0,0,0,0,3,0,0,0,0,0,0,0,0,0,0,0,1,0,0,1,0,1,0,0,0,0,1,0,0,0,0,0,0,0,0,0,0,0,0,1,1,0,0,0,1,0,0,0,0,0,0,0,0,0,2,2,0,0,0,1,0,0,0,0,1,0,0,0,0,0,0,0,0,0,0,1,0,1,0,0,1,0,0,0,0,0,0,0,0,0,0,0,0,0,0,0,0,0,0
0,0,0,0,0,0,0,0,0,0,0,0,0,1,0,0,0,0,0,0,0,0,0,0,0,0,0,0,0,0,0,0,0,0,0,0,0,0,0,1,0,0,0,0,0,1,0,0,0,0,0,0,0,0,0,0,0,1,0,0,1,0,0,0,0,0,0,0,2,0,0,0,0,0,0,1,0,0,0,0,3,0,0,0,0,0,0,0,0,0,0,0,0,0,0,0,0,0,0,0,1,0,0,2,0,0,0,0,0,0,0,0,0,0,0,0,0,0,0,1,0,0,0,0,0,0,0,0,0,0,0,0,0,1,0,0,0,0,0,0,0,1,0,0,0,0,0,0,0,0,0,0,0,0,0,0,0,0,0,0,0,1,0,0,0,0,0,0,0,0,0,0,0,1,0,0,0,0,1,0,1,0,0,1,0,0,0,0,1,0,1,0,0,0,0,0,1,3,0,0,0,0,0,0,0,0,0,0,0,1,0,0,0,0,0,0,0,0,0,0,1,1,0,0,0,0,0,0,0,0,0,0,0,0,0,0,0,1,0,0,0,0,0,0,0,0,0,0,0,0,0,0,0,0,0,0
1,0,0,0,0,0,0,0,0,0,0,0,0,1,0,0,0,0,0,0,0,0,0,0,0,0,0,0,0,0,0,0,1,0,0,0,0,0,1,1,0,0,1,0,0,0,0,0,0,0,1,1,0,0,1,0,0,1,0,0,0,0,0,0,0,0,0,0,0,0,0,0,0,0,0,0,0,0,0,0,0,0,0,0,0,0,0,0,0,0,0,0,0,0,0,0,0,0,0,1,0,0,0,1,0,0,1,0,0,0,0,0,0,0,0,0,0,0,1,1,0,0,0,0,0,0,0,0,4,0,0,0,0,0,0,0,2,0,5,0,0,0,0,0,0,0,3,0,0,0,0,0,0,0,0,0,0,0,0,0,0,0,0,0,0,0,0,0,3,4,0,0,0,1,0,0,0,0,1,0,0,1,1,0,0,0,0,0,0,0,0,1,0,0,0,0,0,1,0,0,0,0,0,0,0,0,0,0,0,0,1,0,0,0,0,0,0,0,0,0,0,0,0,0,0,0,0,0,0,1,0,0,0,0,0,0,0,1,0,0,0,0,0,1,0,0,0,2,0,0,0,0,0,0,0,0
1,0,0,0,0,0,0,0,1,1,2,0,0,0,0,0,0,0,0,0,0,0,0,0,0,0,2,0,0,0,0,0,0,0,0,1,0,0,0,0,0,0,0,0,2,1,0,0,1,0,0,0,0,0,0,2,0,0,0,2,0,0,0,0,0,0,0,0,0,0,0,0,0,0,0,0,0,0,1,0,0,0,1,0,1,0,0,0,0,0,0,0,0,0,0,1,0,0,0,0,0,0,0,0,0,0,0,0,0,0,0,0,0,0,0,0,0,0,0,0,0,0,0,0,0,0,0,0,0,0,0,0,0,1,0,0,0,0,0,0,0,0,0,0,0,0,0,0,0,0,0,0,0,1,1,0,0,2,0,0,0,0,0,1,0,0,0,0,0,0,0,0,0,0,0,0,1,0,0,0,0,1,0,0,1,0,0,0,0,0,1,0,0,0,0,0,0,0,0,0,0,0,0,0,0,0,0,0,0,0,0,0,0,0,0,0,0,0,0,0,0,0,0,0,0,0,0,0,0,0,0,0,0,0,0,0,0,0,0,0,0,0,0,0,0,2,0,0,0,0,0,0,0,0,0,0
1,0,0,0,0,0,0,0,0,1,0,0,0,0,0,0,0,0,0,0,0,0,0,0,0,0,0,0,0,0,0,0,0,0,0,0,0,1,0,0,0,0,0,0,0,0,0,0,1,0,0,1,0,0,0,1,0,0,0,0,0,0,0,0,0,0,0,0,0,1,0,0,0,0,0,0,0,2,0,0,0,0,1,0,1,0,0,0,0,0,0,0,0,0,0,0,0,0,0,0,0,0,0,0,0,0,1,0,0,0,0,1,1,0,0,0,0,0,0,0,0,0,0,0,0,0,0,0,0,0,0,0,0,3,0,0,0,0,0,1,2,0,0,0,0,0,1,0,0,0,0,0,0,0,1,0,0,0,0,0,0,0,0,1,0,0,0,0,0,0,0,0,0,0,0,0,1,0,0,0,0,1,0,0,0,0,0,0,0,0,1,1,0,0,0,0,0,1,0,0,0,0,0,0,0,0,0,0,0,1,0,0,0,0,0,0,0,0,0,0,0,0,0,0,0,0,0,0,0,0,0,0,0,1,0,0,1,0,0,0,0,0,0,0,1,0,0,0,0,0,0,0,0,0,0,0
0,2,0,0,0,0,0,0,0,0,0,0,0,1,0,0,0,0,0,0,0,0,0,0,0,0,0,0,0,0,0,0,0,0,0,0,0,0,0,0,0,0,0,0,0,1,0,0,0,0,0,0,0,0,0,0,0,1,0,0,0,0,0,0,0,0,0,0,2,0,0,0,0,1,0,0,0,0,0,0,0,0,0,2,0,0,0,0,0,0,0,0,0,0,0,0,0,0,0,0,0,0,1,0,0,0,0,0,0,0,0,0,0,0,0,0,0,0,0,1,0,0,0,0,1,0,0,0,0,0,0,0,0,0,0,0,0,0,0,0,0,1,0,0,0,1,0,0,0,0,0,0,0,0,0,0,0,0,0,0,0,0,0,0,0,0,0,0,1,0,0,0,0,2,0,2,0,0,1,2,0,1,0,0,1,0,0,0,0,0,0,1,0,0,0,0,0,0,0,0,0,0,0,0,0,0,0,1,0,0,0,0,0,0,0,0,0,0,1,0,0,1,0,0,0,0,0,0,0,0,0,0,0,0,0,0,0,1,2,0,0,0,0,0,0,0,0,0,0,0,0,0,0,0,0,0
1,0,0,0,0,0,0,0,0,1,0,0,0,0,0,0,0,0,0,0,0,0,0,0,0,0,0,0,0,0,0,0,0,2,0,0,0,1,0,0,0,1,0,0,0,0,0,0,0,0,0,1,0,0,0,1,0,0,0,0,0,0,0,0,0,0,0,3,0,0,0,0,2,0,0,0,0,0,0,1,0,0,2,0,0,0,0,0,0,0,0,0,0,0,0,0,0,0,0,0,0,0,0,0,1,0,0,0,1,0,0,0,0,0,0,0,0,0,0,0,0,0,0,0,0,0,0,0,0,0,0,1,0,1,0,0,0,0,0,0,0,0,0,0,0,0,0,0,0,0,0,0,0,0,1,0,1,0,0,0,0,0,0,0,0,0,0,0,0,0,1,0,0,0,0,0,0,1,0,0,0,1,0,0,1,0,0,0,0,0,0,0,0,0,0,0,0,0,0,1,0,0,0,1,0,0,0,0,0,0,0,0,2,0,0,0,0,0,0,0,0,0,0,0,0,0,0,0,0,2,0,0,0,0,0,0,0,0,0,0,0,0,0,0,0,0,0,0,0,0,0,0,0,0,0,0
2,0,4,0,3,1,0,0,0,1,1,0,0,0,1,0,0,0,0,0,0,1,0,0,1,0,0,5,0,0,0,0,0,0,0,0,0,0,0,0,0,0,0,0,0,1,0,0,1,0,0,0,0,0,0,0,1,0,0,0,0,0,0,0,0,0,0,0,0,0,0,0,0,0,0,0,0,0,0,0,0,0,1,0,1,0,0,0,0,0,0,0,0,0,0,0,0,0,0,0,0,0,0,0,0,0,0,0,0,0,0,0,0,0,0,1,0,0,0,0,0,1,0,0,0,1,0,0,0,0,0,0,0,2,0,0,0,0,0,0,0,0,0,0,0,0,0,0,0,0,0,1,0,0,1,0,0,0,0,2,0,0,0,1,0,0,0,0,0,0,0,0,0,0,0,0,1,0,0,0,0,1,0,0,0,0,0,0,0,0,1,0,0,4,0,0,0,0,0,5,0,0,5,0,1,0,0,0,0,0,0,0,0,0,0,0,0,0,1,0,0,0,0,0,1,1,0,3,0,0,0,2,0,0,0,0,0,0,0,0,0,0,0,0,0,0,0,0,0,2,0,0,1,0,0,0
0,0,0,0,0,0,0,0,0,0,0,0,0,1,2,0,0,0,0,1,0,0,0,0,0,0,0,1,0,0,0,0,0,1,0,0,0,0,0,2,0,1,0,0,0,0,0,0,0,0,0,0,0,0,0,0,0,1,0,0,1,0,0,0,1,0,0,0,0,0,0,0,0,0,3,1,0,0,0,0,0,0,1,0,0,0,0,0,0,0,0,0,0,0,0,0,0,0,3,2,0,0,0,0,0,1,0,0,0,0,0,0,0,0,0,0,0,0,1,2,0,0,0,0,0,0,0,0,0,0,0,0,0,0,0,0,0,0,0,0,1,0,0,0,0,0,0,0,0,0,0,0,0,0,0,0,0,0,1,0,0,0,0,0,0,0,0,0,0,1,0,0,1,1,0,0,0,0,1,0,0,0,0,1,0,0,0,0,0,0,0,0,0,1,0,0,1,0,0,0,1,0,0,0,0,0,0,0,0,0,0,0,0,1,0,0,0,0,0,0,1,1,0,0,0,0,0,0,0,0,0,0,0,0,0,0,0,1,0,0,0,0,0,0,0,0,0,0,0,0,0,0,0,0,0,0
1,0,0,0,0,0,0,0,0,1,0,0,0,1,0,0,0,0,0,0,0,0,0,0,0,0,0,0,0,0,0,0,0,0,0,0,0,1,1,0,0,0,0,0,0,0,0,0,1,0,0,1,0,0,0,0,0,0,0,0,0,0,0,0,0,0,1,0,0,0,0,0,0,0,0,0,0,0,0,0,0,0,1,2,1,0,0,0,0,0,0,0,0,0,0,0,0,0,0,0,0,0,0,0,0,0,0,0,0,0,0,1,0,0,0,0,0,0,0,0,0,0,0,0,0,0,0,0,1,0,0,0,0,0,0,0,0,0,0,1,0,0,0,0,0,0,0,0,0,0,0,0,0,0,1,0,0,0,0,0,0,0,0,1,0,0,0,0,0,0,0,0,0,0,0,0,0,0,0,0,0,1,0,0,0,0,0,0,0,0,1,1,0,0,0,0,0,0,0,0,0,0,0,0,0,0,0,0,0,0,0,0,0,0,0,0,0,0,0,0,0,0,0,0,0,2,0,0,0,0,0,0,0,0,0,0,0,0,0,0,0,0,0,0,1,0,1,0,0,0,0,0,0,0,0,0
1,0,0,0,0,0,0,0,0,1,0,0,0,1,0,0,0,0,0,0,0,0,0,0,0,0,0,0,0,0,0,0,0,0,0,0,0,0,0,0,0,0,0,0,0,0,0,0,0,0,1,0,0,0,1,0,0,1,0,0,0,0,0,0,0,0,0,0,0,0,0,0,0,0,0,0,0,0,0,0,0,0,0,1,0,0,0,0,0,0,0,0,0,0,0,0,0,0,0,0,0,0,0,1,0,0,0,0,0,0,0,0,0,0,0,0,0,0,1,1,0,0,0,0,0,0,0,0,0,0,0,0,0,0,0,0,0,0,1,0,0,0,0,0,0,0,0,0,0,0,0,0,0,0,1,0,0,0,0,0,0,0,0,0,0,0,0,0,0,0,0,0,0,1,0,1,0,0,1,0,0,1,0,0,0,0,0,0,0,0,0,2,0,0,0,0,0,0,0,0,0,0,0,0,0,0,0,0,0,0,0,0,0,0,0,0,1,0,0,0,0,0,0,0,0,0,0,0,0,0,0,0,0,0,0,1,0,1,0,0,0,0,0,0,1,0,2,0,0,0,0,0,0,0,0,0
0,0,0,0,0,0,0,0,0,0,0,0,0,1,0,0,0,0,0,0,0,0,0,0,0,0,0,0,0,0,0,0,0,0,0,0,0,0,0,1,0,0,0,0,0,1,0,0,0,0,1,0,0,0,2,0,0,1,0,0,1,0,0,1,0,0,0,0,1,0,0,0,0,0,0,0,0,0,0,0,0,0,0,1,0,0,0,0,0,0,0,0,0,0,0,0,0,0,0,0,0,0,0,0,0,0,0,0,0,0,0,0,0,0,0,0,0,0,0,1,0,0,0,0,1,0,0,0,0,0,0,0,0,0,0,0,0,0,0,0,0,0,0,0,0,0,0,0,0,0,0,0,0,0,0,0,0,0,0,0,0,0,0,0,0,0,0,0,0,0,0,0,0,1,0,0,0,0,1,0,0,0,0,0,0,0,0,0,0,0,0,0,0,1,0,0,0,1,0,0,0,0,0,0,0,0,0,1,0,0,0,0,0,0,0,0,2,0,0,0,0,1,0,0,0,0,0,0,0,0,0,0,0,0,0,0,0,1,2,0,0,0,0,0,0,0,0,0,0,0,0,0,0,0,0,0
1,0,2,0,0,2,0,0,0,1,0,0,2,1,1,0,0,0,0,0,1,0,0,0,0,0,0,0,0,0,0,0,0,0,0,1,0,0,0,0,0,0,0,0,0,0,0,0,1,1,0,0,0,0,1,0,0,0,0,2,0,0,0,0,0,0,0,0,0,0,0,0,0,0,0,0,0,0,0,0,0,0,2,0,1,0,0,0,0,0,0,1,0,0,1,0,0,0,0,0,0,0,0,0,0,0,0,0,0,0,0,0,0,0,0,0,0,0,0,0,0,0,0,0,0,0,0,0,0,0,0,0,0,1,0,0,0,0,0,0,0,0,0,0,0,0,1,0,0,0,0,0,0,1,1,0,0,0,0,0,0,0,0,1,0,0,0,0,0,0,0,0,0,0,0,0,1,0,0,0,0,1,0,0,0,0,0,0,0,0,1,0,0,3,0,0,0,1,0,1,0,0,2,0,0,0,0,0,0,0,0,0,0,0,0,0,0,0,0,0,0,0,0,0,2,0,0,0,0,0,0,1,0,0,0,0,0,0,0,0,0,0,0,0,0,0,0,0,0,0,0,0,0,0,0,0
0,0,0,0,0,0,0,0,0,0,0,0,0,1,0,0,0,0,0,0,0,0,0,0,0,0,0,0,0,0,0,0,0,0,0,0,0,0,0,1,0,0,0,0,0,1,0,0,0,0,1,0,0,0,1,0,0,1,0,0,0,0,0,0,0,0,0,0,0,0,0,0,0,0,1,0,0,0,0,0,0,0,1,0,0,0,0,0,0,0,0,0,1,0,0,0,0,0,0,0,0,0,0,1,1,0,0,0,0,0,0,0,0,0,0,0,0,0,0,1,0,0,0,0,1,0,0,0,0,0,0,0,0,2,0,0,0,0,0,0,0,1,0,0,0,0,0,0,1,0,0,0,0,1,0,0,0,0,0,0,0,0,0,2,0,2,0,0,1,0,1,0,0,1,0,0,1,0,2,1,2,0,0,0,0,0,0,0,0,0,0,0,0,0,0,0,0,2,0,0,0,0,1,0,0,0,0,0,0,0,0,1,0,0,0,0,0,0,0,0,0,0,0,0,0,0,0,0,0,1,0,0,0,0,1,0,0,1,0,0,0,0,0,0,0,0,0,0,0,1,0,0,0,0,1,0
1,0,0,0,1,0,0,0,0,1,0,0,0,0,0,1,0,1,0,0,0,0,0,0,0,0,0,0,0,0,0,0,0,0,0,0,0,1,0,0,0,0,1,0,0,0,0,1,1,2,0,0,0,0,0,0,0,0,0,0,0,0,0,0,0,0,0,0,0,0,0,0,0,0,0,0,0,0,0,0,0,0,1,0,1,0,0,0,0,0,0,0,0,0,0,0,0,0,0,0,0,0,0,1,0,0,0,0,0,0,0,0,0,0,0,0,0,0,0,0,0,0,0,0,0,0,0,0,0,0,0,0,0,2,0,0,0,0,0,0,0,0,0,0,0,0,0,0,0,0,0,1,1,0,1,0,0,0,0,1,0,0,0,2,0,0,0,0,0,0,0,0,1,1,0,0,1,0,1,0,0,2,0,0,0,0,0,0,0,1,1,0,0,3,0,0,0,1,0,0,0,0,0,0,1,0,0,0,0,0,1,0,0,0,0,0,0,0,0,2,0,0,0,0,0,0,0,1,0,0,0,1,0,0,0,0,0,0,0,0,0,0,0,0,0,0,0,0,0,0,0,0,0,0,0,0
1,0,0,0,0,1,0,0,0,1,0,0,0,0,0,0,0,0,0,0,1,0,0,0,0,0,0,0,0,0,0,0,0,0,0,0,0,0,0,0,0,0,0,0,0,0,0,0,1,0,0,0,0,0,0,0,0,0,0,0,0,0,0,0,0,0,0,0,0,0,0,0,0,0,0,0,0,0,0,0,0,0,1,0,1,0,0,0,0,0,0,0,0,0,0,0,0,0,0,0,0,0,0,0,0,0,0,0,0,0,0,0,0,0,0,0,0,0,0,0,0,1,0,0,0,2,0,0,0,0,0,0,0,1,0,0,0,0,0,1,0,0,0,0,0,0,0,0,0,0,1,0,0,0,0,0,0,0,0,1,0,0,0,1,0,0,0,0,0,0,0,0,0,0,0,0,1,0,0,0,0,1,0,0,0,0,0,0,0,0,1,0,1,0,0,0,0,1,0,0,0,0,1,0,0,0,0,0,0,0,0,0,0,0,0,0,0,0,0,0,0,0,0,0,0,0,0,2,0,0,0,0,0,0,0,0,0,0,0,0,0,0,0,0,0,0,1,0,0,0,0,0,0,0,0,0
1,0,0,0,1,0,0,0,0,1,0,0,0,0,0,1,1,1,0,0,1,0,0,0,0,0,0,1,0,0,0,0,0,0,0,0,0,1,2,0,0,0,0,0,0,1,0,1,1,0,0,1,0,0,0,0,0,1,0,0,0,0,0,0,0,0,0,0,0,0,0,0,0,0,0,0,0,0,0,0,0,1,1,0,1,0,0,0,0,0,0,0,0,0,0,0,0,1,0,0,0,0,0,1,0,0,0,0,0,0,0,0,0,0,0,1,0,0,0,0,0,0,0,0,0,0,0,0,0,0,0,0,0,2,0,0,0,0,0,0,1,0,0,0,0,0,1,0,0,0,1,1,0,0,1,0,0,0,0,1,0,0,0,1,0,0,0,0,0,0,0,0,0,0,0,0,1,0,0,0,0,2,0,0,1,0,0,0,0,0,1,0,0,0,0,0,0,1,0,0,0,0,1,0,0,1,0,0,0,0,0,0,0,1,0,0,0,0,0,0,0,0,0,0,0,0,0,0,0,0,0,0,0,0,0,0,0,0,0,0,0,0,0,0,0,0,0,0,0,0,0,0,0,0,0,0
0,0,0,0,0,0,0,0,0,0,0,0,0,0,0,1,0,0,0,1,0,0,0,0,1,0,0,0,0,0,0,0,2,1,0,0,0,0,0,0,0,2,0,0,1,0,0,0,1,0,0,1,0,0,0,0,0,0,0,0,0,0,0,0,0,0,0,0,0,0,0,0,1,1,0,0,0,0,1,1,0,0,1,1,0,0,0,1,0,0,0,0,0,0,0,0,0,0,0,0,0,0,0,0,0,0,0,0,0,0,0,0,0,1,0,1,0,0,1,1,0,0,0,0,0,0,0,0,0,0,0,1,0,0,0,0,0,0,1,0,0,0,0,0,0,1,0,0,0,0,0,0,0,0,0,0,0,0,0,0,0,0,0,0,0,0,0,0,1,0,0,0,0,0,1,0,0,1,0,1,0,0,0,0,0,0,0,1,0,0,0,1,0,0,0,0,0,0,0,0,0,0,0,0,0,0,0,0,0,0,0,0,0,0,0,0,0,0,0,0,0,0,0,0,0,0,0,0,0,1,0,0,0,0,0,0,0,0,0,0,0,0,0,0,0,0,0,0,0,0,0,0,0,0,0,0
1,0,0,0,0,0,0,0,0,1,0,0,0,0,0,0,0,0,0,0,0,0,0,0,0,0,1,0,0,0,0,1,0,0,0,0,0,0,0,0,0,0,0,0,1,0,0,0,1,0,0,0,0,0,2,0,0,0,0,1,0,0,0,0,0,0,0,0,0,0,0,0,0,0,0,1,0,0,0,0,0,0,1,0,1,0,0,0,0,0,0,0,0,0,0,1,0,0,0,0,0,0,0,0,0,0,0,0,0,0,0,0,0,0,0,0,0,0,0,0,0,0,0,0,0,0,0,0,0,0,0,0,0,3,0,0,0,0,0,0,0,0,0,0,0,0,0,0,0,0,0,0,0,0,1,0,0,1,0,2,0,0,0,1,0,0,0,0,0,0,0,0,0,0,0,0,1,0,0,0,0,1,0,0,1,0,0,0,0,0,1,0,1,0,0,0,0,1,0,1,0,0,2,0,0,0,1,0,0,0,0,0,0,0,0,0,0,0,0,0,0,0,0,0,0,0,0,1,0,0,0,0,0,0,0,0,0,0,0,0,0,0,0,0,0,0,0,0,0,0,0,0,0,0,0,0
1,0,0,0,0,0,0,0,0,1,0,0,0,0,0,0,0,0,0,0,0,0,0,0,0,0,1,0,0,0,0,0,0,0,0,0,0,0,0,0,0,0,0,0,0,0,0,0,1,0,0,0,0,0,0,0,0,0,0,0,0,0,0,0,0,0,0,0,0,0,0,0,0,0,0,0,0,0,0,0,0,0,1,0,1,0,0,0,0,0,0,0,0,0,0,0,0,0,0,0,0,0,0,0,0,0,0,0,3,1,0,0,0,0,0,1,1,0,0,0,0,0,0,0,0,0,0,0,0,0,0,0,0,2,0,0,0,0,0,1,1,0,2,0,0,0,0,0,0,0,1,0,0,0,1,0,0,0,0,0,0,0,0,2,0,0,0,0,0,0,0,0,0,0,0,0,1,0,1,0,0,1,0,0,0,0,0,0,0,0,1,0,0,0,0,0,0,0,0,1,0,0,2,0,0,0,0,0,0,0,0,0,1,0,0,0,0,0,0,0,0,0,0,0,0,0,0,0,0,0,0,0,0,0,0,0,0,0,0,0,1,0,0,0,0,0,0,0,0,0,0,0,1,0,0,0
1,0,0,0,0,0,0,0,0,1,0,0,0,0,0,0,0,0,0,0,0,0,0,0,1,0,1,0,0,0,0,0,0,0,0,0,0,0,1,0,0,0,0,0,0,4,0,0,1,3,0,1,0,3,0,1,0,0,0,0,0,1,0,0,0,0,0,0,0,0,1,0,0,0,0,0,0,1,0,0,0,0,1,0,1,0,0,0,0,0,0,0,0,0,0,0,0,0,0,0,0,0,0,0,0,0,0,0,0,0,0,0,0,0,0,0,0,0,0,0,0,0,0,0,0,0,0,0,0,0,1,0,0,3,0,0,0,0,0,0,0,0,0,0,0,0,0,1,0,0,0,0,0,0,1,0,0,0,0,0,0,0,0,2,0,0,0,0,0,0,0,0,0,0,0,0,1,1,0,0,0,1,0,0,0,0,0,0,0,0,1,0,0,0,0,0,1,0,0,1,0,0,0,0,1,0,1,0,0,0,0,0,0,0,0,0,2,0,0,0,0,0,0,0,0,0,1,1,0,0,0,0,0,2,0,0,0,0,0,0,0,0,0,2,0,0,0,0,1,0,0,0,0,0,0,0
1,0,0,0,0,0,0,0,0,1,0,0,0,0,0,0,0,0,0,1,0,0,0,1,0,0,1,0,0,0,0,0,1,0,0,0,0,0,0,0,0,0,0,0,0,0,0,0,0,0,0,1,0,0,0,0,0,0,0,0,0,0,0,0,0,1,0,0,0,0,0,1,0,0,0,0,0,0,0,0,0,0,1,0,0,0,0,0,0,0,1,0,0,0,0,0,0,0,0,0,0,0,0,0,0,0,0,0,0,0,0,0,0,0,0,0,0,0,0,0,0,0,0,0,0,0,0,0,0,0,0,0,0,1,0,0,0,0,0,1,0,0,0,0,0,0,0,0,0,0,0,0,0,0,0,0,0,0,0,0,0,0,0,0,0,0,0,0,1,0,0,0,0,0,0,0,0,0,0,0,0,1,0,0,1,0,0,0,0,0,0,0,0,0,1,0,0,1,0,0,0,0,1,0,0,0,0,0,0,0,0,0,1,1,0,0,0,1,0,0,0,0,0,0,0,0,0,0,0,0,0,0,0,0,0,0,0,0,0,0,0,1,0,0,0,0,0,0,1,0,0,0,0,0,0,0
1,0,0,0,0,0,0,0,0,1,0,0,0,0,0,0,0,0,0,0,0,0,0,1,0,0,1,0,0,0,0,0,0,0,0,0,0,0,0,0,0,0,0,0,0,0,0,0,1,0,0,0,0,0,0,0,0,0,0,0,0,0,0,0,0,0,0,0,0,0,0,0,0,0,0,0,0,0,0,0,0,1,1,0,1,0,0,0,0,0,0,1,1,0,0,0,0,0,0,0,0,0,0,0,0,0,0,0,0,0,0,0,0,0,0,0,0,0,0,0,0,0,0,0,0,0,0,0,0,0,0,0,0,1,0,0,0,0,0,0,1,0,0,0,0,0,0,0,0,0,0,0,0,1,1,0,0,0,0,1,0,0,0,2,0,0,0,0,0,0,0,0,0,0,0,0,1,0,0,0,0,1,0,0,0,0,0,0,0,0,1,0,0,0,0,0,0,0,0,0,0,0,0,0,0,0,0,0,0,0,0,0,0,0,1,0,1,0,0,0,0,0,0,0,0,0,0,1,0,0,0,0,1,0,0,0,0,0,0,0,0,0,0,0,0,0,0,0,0,0,0,0,0,0,0,0
1,0,0,0,0,0,0,0,0,1,0,0,0,0,0,0,0,0,0,0,0,0,0,0,0,0,1,0,0,0,0,0,0,0,0,0,0,0,0,0,0,0,0,1,0,0,0,0,1,0,0,0,0,0,1,0,0,0,0,1,0,0,0,0,0,0,0,0,0,0,0,0,0,0,0,0,0,0,0,0,0,0,1,0,1,0,0,0,1,0,0,0,0,0,1,0,0,0,0,0,0,0,0,0,0,0,0,0,0,0,0,0,0,0,0,0,0,0,0,0,0,0,0,0,0,1,0,0,0,0,0,0,0,1,0,0,0,0,0,0,0,0,0,0,0,0,0,0,0,0,1,0,0,0,0,0,0,0,0,0,1,0,0,1,0,0,0,0,0,0,0,0,0,0,0,0,1,0,0,0,0,1,0,0,0,1,0,0,0,0,1,0,0,2,0,0,0,2,0,0,0,0,0,0,0,0,0,0,0,0,0,0,0,0,0,0,0,0,0,0,0,0,0,0,0,0,0,0,0,0,0,0,0,0,0,0,0,0,0,0,0,0,0,0,0,0,0,0,0,0,0,0,0,0,0,0
1,0,0,0,0,0,0,0,0,1,0,0,0,0,0,0,0,0,0,0,2,0,0,0,0,0,0,0,0,0,0,0,0,0,0,0,0,0,0,0,0,0,0,0,0,1,0,0,1,1,0,0,0,0,0,0,0,0,0,0,0,0,0,0,0,0,0,0,0,0,0,0,0,0,0,0,0,0,2,0,0,0,1,0,1,0,2,0,0,0,0,0,0,0,0,2,0,0,0,0,0,0,0,0,0,0,0,0,0,0,0,0,0,0,0,0,0,0,0,0,0,0,0,0,0,0,0,0,0,0,0,0,0,2,0,0,0,0,0,0,0,0,0,0,0,0,0,1,0,0,1,0,0,0,0,0,0,0,0,0,0,0,0,1,0,0,0,0,0,0,0,0,0,0,0,0,1,0,0,0,0,1,0,0,0,0,0,0,0,0,1,1,0,0,0,0,0,0,0,1,0,0,1,0,0,0,0,0,0,0,0,0,0,0,0,0,0,0,0,0,0,0,0,0,2,0,0,1,0,0,0,1,0,1,0,0,0,0,0,0,0,0,0,0,0,0,1,0,0,0,0,0,0,0,0,0
1,0,0,0,0,0,0,0,0,1,0,0,0,0,0,0,0,0,0,0,0,0,0,0,0,0,0,0,0,1,0,1,0,0,1,0,0,2,0,0,0,0,0,0,1,0,1,0,1,2,0,2,0,0,0,0,0,0,0,2,1,0,0,0,0,0,0,0,0,0,0,0,0,0,0,0,0,0,0,0,0,0,1,0,1,0,0,0,0,0,0,2,0,0,2,0,0,0,0,0,0,0,0,0,0,0,0,0,0,0,0,0,0,0,0,0,0,0,0,0,0,0,0,0,0,0,0,0,0,0,0,0,0,2,0,0,0,0,0,0,0,0,0,0,0,0,0,0,0,0,0,0,0,0,1,0,0,0,0,0,0,0,0,1,0,0,0,1,0,0,0,0,0,0,0,0,1,0,0,0,0,1,0,0,1,0,1,0,0,0,1,0,0,1,0,0,1,0,1,1,0,0,0,0,0,0,0,0,0,0,0,0,0,0,0,0,0,0,0,0,0,0,0,0,0,0,0,0,0,0,0,0,0,0,0,0,0,0,1,0,2,0,0,0,0,0,0,0,0,0,0,0,0,0,0,0
1,0,0,0,0,0,0,0,0,1,0,0,0,0,0,0,0,0,0,0,0,0,0,0,0,0,0,0,0,0,0,0,0,0,0,0,0,0,0,0,0,0,0,1,0,1,0,0,1,0,0,0,0,1,0,0,0,0,0,0,0,0,0,2,0,0,0,0,0,0,0,0,0,0,0,0,0,1,0,0,0,0,1,0,1,0,0,0,1,0,0,0,0,0,0,0,0,0,0,0,0,0,0,0,0,0,0,0,1,0,0,0,0,0,0,0,0,0,0,0,0,1,0,0,0,0,0,0,0,0,0,0,0,1,0,0,0,0,0,0,0,0,0,0,0,0,0,0,0,0,0,0,0,1,1,0,0,0,0,0,0,0,0,1,0,0,0,0,0,0,0,0,1,0,0,0,1,0,0,0,0,1,0,0,1,0,0,0,0,0,1,0,0,1,0,0,0,0,0,0,0,0,2,0,1,0,0,0,0,0,0,0,0,0,0,0,0,0,0,1,0,0,0,0,0,0,1,1,0,0,0,0,0,0,0,0,0,0,0,0,1,0,0,0,0,0,0,0,0,0,0,0,1,0,0,0
1,0,0,0,0,0,0,0,0,1,0,0,2,0,0,0,0,0,0,0,0,0,0,0,1,0,0,0,0,0,0,1,0,1,0,0,0,2,0,0,0,0,0,0,1,1,0,0,1,0,0,2,0,0,0,0,0,0,1,1,0,0,0,0,0,0,0,0,0,0,0,0,0,0,0,0,0,0,0,0,0,0,1,0,1,0,0,0,1,0,0,0,0,0,0,0,0,0,0,0,0,0,0,1,0,0,0,0,0,0,0,0,0,0,0,0,0,0,0,0,0,0,0,0,0,0,0,0,0,0,0,0,0,2,0,0,0,0,0,0,0,0,0,0,0,0,0,0,0,0,0,0,0,0,1,0,0,0,0,0,0,0,0,1,0,0,0,0,0,0,0,0,0,0,0,0,1,0,0,0,0,1,0,0,0,0,0,0,0,0,1,0,0,0,0,0,0,0,0,1,0,0,0,0,0,0,0,0,0,1,0,0,0,0,1,0,0,0,0,0,0,0,0,0,0,0,0,0,0,0,0,0,0,0,0,0,0,0,0,0,0,0,0,0,0,0,0,1,0,1,0,0,0,0,0,0
1,0,0,0,0,0,0,0,0,1,0,0,0,0,0,0,0,0,0,0,0,0,0,0,0,0,0,0,0,0,0,0,0,0,2,0,0,1,1,0,0,0,0,1,1,0,0,0,1,0,0,1,0,0,0,0,0,0,0,2,0,0,0,0,0,0,0,0,0,0,0,0,0,0,0,0,0,0,0,0,0,0,1,0,1,0,0,0,2,0,0,0,0,0,1,0,0,0,0,0,0,0,0,0,0,0,0,0,0,0,0,0,0,0,0,1,0,0,0,0,0,3,0,0,0,0,0,0,0,0,0,0,0,1,0,0,0,0,0,1,0,0,0,0,0,0,0,0,0,0,0,0,0,0,1,0,0,0,0,0,0,0,0,1,0,0,0,0,0,0,0,0,0,0,0,0,1,0,0,0,0,1,0,0,1,0,0,0,0,0,1,0,0,0,0,0,1,0,0,1,0,0,1,0,0,0,0,0,0,0,0,0,0,0,0,0,0,0,0,0,0,0,0,0,0,0,0,0,0,0,0,0,0,0,0,0,0,0,0,0,0,0,0,0,0,0,0,0,0,0,0,0,0,0,0,0
2,0,0,0,0,0,0,1,0,1,0,0,0,0,0,0,0,0,0,1,1,1,0,0,0,0,0,0,0,0,0,0,0,0,0,0,0,2,2,0,0,0,0,0,0,1,1,0,1,2,0,1,0,0,2,0,0,0,0,2,0,0,0,0,0,0,0,0,0,0,0,0,0,0,0,0,2,0,0,0,0,0,1,0,1,1,0,0,3,0,0,0,0,0,1,0,0,0,0,0,0,0,0,0,0,0,0,0,0,0,0,0,0,0,0,1,0,0,0,0,0,0,0,0,0,0,0,0,0,0,0,0,0,1,0,0,0,0,0,0,0,0,0,0,0,0,0,0,0,0,0,0,0,0,1,0,0,0,0,0,0,0,0,1,0,0,0,0,0,0,0,0,0,0,0,0,1,0,0,0,0,1,0,0,0,0,2,0,0,0,1,0,0,0,0,0,0,1,0,0,0,0,0,0,0,0,0,0,0,0,0,0,0,0,0,0,0,0,0,0,0,0,0,0,0,0,0,0,0,0,0,0,0,0,0,0,0,0,0,0,0,0,0,0,0,0,0,0,0,0,0,0,0,0,0,0
0,0,0,0,0,0,1,0,0,0,0,0,0,1,0,0,0,0,0,0,0,0,0,0,0,0,0,0,0,0,1,0,0,2,0,0,0,0,0,1,0,0,0,0,0,1,0,0,0,0,2,0,0,0,1,0,0,1,0,0,0,0,0,0,0,0,0,0,0,0,0,0,0,0,0,0,0,0,0,0,0,0,0,0,0,0,0,0,1,0,0,0,0,0,0,0,0,0,0,1,0,1,0,0,0,0,0,0,0,0,0,0,0,0,2,0,0,0,1,2,0,0,0,0,0,0,0,0,0,0,0,0,0,0,0,0,0,0,0,0,0,0,0,0,0,0,0,0,0,0,0,0,0,1,0,0,0,0,0,0,1,0,0,0,0,0,0,0,2,0,1,1,0,1,0,0,0,0,1,0,1,0,0,0,0,0,0,0,0,0,0,0,0,0,0,0,0,0,0,0,0,0,0,0,0,0,0,0,0,0,0,0,0,0,0,1,0,0,0,0,0,1,0,0,0,0,0,0,0,0,0,0,0,0,0,0,0,1,0,0,0,0,0,0,0,0,0,0,0,0,0,0,0,0,1,0
1,0,0,0,1,0,0,0,0,1,0,0,0,0,0,1,0,1,0,0,1,0,0,0,0,0,0,0,0,0,0,0,0,0,1,0,0,1,1,0,1,0,0,0,0,1,0,0,1,0,0,0,0,0,0,0,0,0,0,1,0,0,0,0,0,0,1,0,0,0,0,0,0,0,0,0,0,0,0,1,0,0,1,0,2,0,0,0,1,0,0,1,0,0,1,0,0,0,0,0,0,0,0,1,0,0,0,0,0,0,0,0,0,0,0,0,0,0,0,0,0,0,0,0,0,0,0,0,0,0,0,0,0,1,0,0,0,0,0,0,0,0,0,0,0,0,0,0,0,0,0,0,0,0,1,0,0,0,0,0,0,0,0,1,0,0,0,0,0,0,0,0,0,0,0,0,1,0,0,0,0,1,0,0,0,0,0,0,0,0,1,0,0,0,0,0,0,0,0,0,1,0,1,0,0,0,0,0,0,0,0,0,0,0,0,0,0,0,0,0,0,0,0,0,0,0,0,0,0,0,0,0,0,0,0,0,0,0,1,0,0,0,0,0,0,1,0,0,0,0,0,0,0,0,0,0
0,0,0,0,0,0,2,0,0,0,0,0,0,1,1,0,0,0,0,0,0,0,0,0,0,0,0,0,1,0,0,0,0,0,2,1,0,0,1,1,1,0,0,0,0,1,0,0,0,0,2,0,0,0,0,0,0,1,0,0,1,0,0,1,0,1,0,0,0,1,0,0,0,0,0,0,0,0,0,0,0,0,0,0,0,0,0,0,0,0,0,0,0,0,0,0,0,0,0,1,0,0,0,1,0,0,0,0,0,0,0,0,0,0,0,0,0,0,1,2,0,0,0,0,0,0,0,0,0,0,0,0,0,0,0,0,2,0,0,0,0,0,0,0,0,0,0,0,0,0,0,0,0,0,0,0,3,0,0,0,0,0,0,0,0,0,0,0,0,0,0,0,0,1,0,0,0,0,1,0,0,0,0,0,0,0,0,0,0,0,0,0,0,0,0,0,0,0,0,0,1,1,0,0,0,0,0,0,0,0,0,0,1,2,0,0,0,0,0,0,1,0,0,0,0,0,0,0,0,0,0,0,0,0,0,0,0,1,0,0,0,0,0,0,0,0,1,0,0,0,0,1,0,0,0,0
0,0,0,0,0,0,0,0,1,0,0,1,0,1,0,0,0,1,0,1,0,0,0,0,0,0,0,0,0,0,0,0,0,0,0,0,0,0,0,1,0,1,0,0,0,0,0,0,0,0,2,0,0,0,2,0,0,1,0,0,1,0,0,0,2,1,0,0,0,0,0,1,0,1,0,0,0,0,2,0,0,0,0,1,0,0,2,0,0,0,0,0,0,0,0,0,1,0,0,2,0,0,1,1,0,0,0,0,0,0,0,0,0,0,0,0,0,0,2,1,0,0,0,0,1,0,0,0,0,0,0,0,0,0,0,0,0,0,0,0,0,0,0,1,0,0,0,0,0,0,0,0,0,1,0,0,0,0,0,0,0,1,0,0,0,0,0,0,0,0,0,0,0,1,0,0,0,0,1,0,0,0,0,0,0,0,0,0,0,2,0,0,0,0,0,0,0,0,0,0,0,1,0,0,0,0,0,0,0,0,0,0,0,0,0,0,0,0,0,0,0,1,0,0,0,1,0,0,0,0,0,0,0,0,0,0,1,1,0,0,0,0,0,0,0,3,0,0,0,1,0,0,0,0,0,0
0,0,0,0,0,0,0,0,0,0,1,0,0,1,1,0,0,1,0,0,0,0,0,0,0,0,0,0,0,0,0,0,0,0,0,0,0,0,0,0,0,1,0,0,0,1,0,0,0,0,1,0,0,0,0,0,0,1,0,0,0,0,0,0,0,0,0,0,0,0,0,0,0,0,0,0,0,0,0,1,2,0,1,1,0,0,0,0,2,0,0,0,0,0,0,0,0,0,0,1,0,0,0,0,0,0,0,0,0,1,0,0,0,0,0,0,0,0,0,2,0,0,0,0,0,0,1,0,0,0,0,0,0,0,0,0,1,0,0,0,0,0,0,0,0,0,0,0,0,0,0,0,0,0,0,0,0,0,0,0,0,0,0,0,0,0,0,0,0,0,1,0,0,1,0,1,0,0,1,0,0,0,0,0,0,0,0,0,0,0,0,0,0,0,0,0,1,1,0,0,0,0,0,0,0,0,0,0,0,0,0,0,0,0,0,0,2,0,0,0,0,2,0,0,0,0,0,0,0,0,0,0,0,0,0,0,0,1,0,0,0,0,0,0,0,0,0,0,0,0,0,0,0,0,0,0
0,0,0,0,0,0,0,0,0,0,0,1,0,1,0,0,0,0,0,0,0,0,0,0,0,0,0,0,0,1,0,0,0,0,0,0,0,0,0,1,0,0,0,0,0,1,0,0,0,0,0,0,0,0,0,0,0,1,0,0,1,0,0,0,0,0,0,0,0,0,0,0,0,0,0,3,0,0,0,0,0,0,1,0,0,0,0,1,1,0,0,0,0,0,0,0,0,0,0,0,1,0,0,3,0,2,0,0,0,0,1,0,0,1,0,0,0,0,1,1,0,0,0,0,0,3,0,2,0,0,0,0,0,2,0,0,0,0,0,0,1,1,0,0,0,0,0,0,0,0,0,0,0,0,0,0,0,1,0,0,0,0,0,0,0,0,0,1,0,1,0,0,0,1,0,0,0,0,3,0,1,0,1,1,0,0,0,0,0,0,0,0,0,0,0,1,0,0,0,0,0,0,0,0,0,0,0,0,0,0,0,0,0,1,1,0,0,0,0,1,0,1,0,0,0,1,0,0,0,0,0,0,1,0,0,0,1,1,0,0,0,2,0,1,0,0,0,0,0,2,0,0,0,0,0,0
1,0,0,0,0,0,0,0,0,1,1,0,0,0,0,0,0,0,0,0,1,0,0,0,0,1,1,0,0,0,0,0,1,0,0,1,0,0,0,0,0,0,0,0,2,1,0,0,1,0,0,0,0,0,0,1,0,0,0,2,0,0,1,0,0,0,0,0,0,0,0,0,0,0,0,0,0,0,0,0,0,0,1,0,0,0,0,0,0,0,1,0,0,0,0,1,0,0,0,0,0,0,0,0,0,0,0,0,0,0,0,0,0,0,0,0,0,0,0,0,0,0,1,0,0,0,0,0,0,0,0,0,0,0,0,0,0,0,0,0,0,0,0,0,0,0,0,0,0,0,0,0,0,0,1,0,0,0,0,0,0,0,0,0,0,0,0,0,0,1,0,0,0,0,0,0,0,0,0,0,0,1,0,0,1,0,0,0,0,0,0,0,0,0,0,0,0,0,0,0,0,0,0,0,0,0,0,0,0,0,0,0,0,0,0,0,0,0,0,0,0,0,0,0,0,0,0,0,0,0,0,0,0,0,0,0,0,0,0,0,0,0,0,0,0,0,0,0,0,0,0,0,0,0,0,0
1,0,0,0,0,1,0,1,0,1,1,0,0,0,0,0,0,0,0,0,1,0,0,1,2,0,0,0,0,0,0,0,0,0,0,0,0,1,3,0,0,0,0,0,0,1,0,0,1,2,0,2,0,0,0,0,0,0,1,2,0,0,0,0,0,0,0,0,0,0,0,0,0,0,0,0,0,0,0,0,0,0,1,0,1,0,0,0,0,0,0,0,0,0,1,0,0,0,0,0,0,0,0,0,0,0,1,0,0,1,0,0,0,0,0,1,0,0,0,0,0,0,0,0,0,0,0,0,0,0,0,0,0,3,0,0,0,0,0,1,0,0,0,0,0,0,0,0,0,0,0,0,0,0,1,0,0,0,0,0,0,0,0,1,0,0,0,0,0,0,0,0,0,0,0,0,1,0,0,0,0,1,0,0,0,0,0,0,0,0,1,0,0,0,0,0,0,2,0,2,0,0,3,0,0,0,0,0,0,0,0,0,0,0,0,0,0,0,0,0,1,0,0,0,0,0,0,1,0,0,0,0,0,0,0,0,0,0,0,0,1,0,0,0,0,0,0,1,0,0,0,0,0,0,0,0
1,0,0,0,0,0,0,1,0,1,0,0,0,0,0,0,0,0,0,0,1,0,0,0,0,0,0,0,0,0,0,0,0,0,0,0,0,0,0,0,0,0,0,0,2,1,0,0,1,2,0,0,0,0,0,0,0,0,0,0,0,0,0,0,0,0,0,0,0,0,0,0,0,0,0,0,0,0,0,0,0,0,1,0,1,0,0,0,2,0,0,1,0,0,1,0,0,0,1,0,0,0,0,0,0,0,0,0,0,0,0,2,0,0,0,2,0,0,0,0,0,0,0,0,0,0,0,0,0,0,0,0,0,1,0,0,0,0,0,0,0,0,0,0,0,0,0,0,0,0,1,0,0,0,1,0,0,0,0,0,0,0,0,1,0,0,0,0,0,0,0,0,0,0,0,0,1,0,0,0,0,1,0,0,0,0,2,0,0,0,1,0,0,0,0,0,0,0,0,1,0,0,1,0,0,0,0,0,0,0,0,0,0,0,0,0,0,0,0,0,0,0,0,0,0,0,0,0,0,0,0,0,0,0,0,0,0,0,0,0,0,0,0,0,0,0,0,0,0,0,0,0,0,0,0,0
1,0,0,0,0,0,0,0,0,1,0,0,0,0,0,0,0,0,0,0,0,0,0,0,0,0,0,0,0,0,0,0,0,0,0,0,0,0,1,0,0,0,0,0,0,0,0,0,1,1,0,0,0,0,0,0,0,0,0,1,0,0,0,0,0,0,0,0,0,0,0,0,0,0,0,0,0,0,0,0,0,0,1,0,1,0,0,0,1,0,0,0,0,0,1,0,0,0,0,0,0,0,0,0,0,0,0,0,0,0,0,0,0,0,0,1,0,0,0,0,0,0,0,0,0,0,0,0,0,0,0,0,0,1,0,0,0,0,0,0,0,0,0,0,0,0,0,0,0,0,0,0,0,0,1,0,0,0,0,0,1,0,0,1,0,0,0,0,0,1,0,0,0,0,0,0,1,0,0,0,0,1,0,0,0,0,0,0,0,0,1,0,0,1,0,0,0,1,0,0,0,0,1,0,0,0,0,0,0,0,0,0,0,0,0,0,0,0,1,1,0,0,0,0,0,0,0,0,0,0,0,0,0,0,0,0,0,0,0,0,0,0,0,0,0,0,0,0,0,0,0,0,0,0,0,0
1,0,0,0,0,0,0,0,0,1,0,0,0,0,0,0,0,0,0,0,1,0,0,0,0,0,0,0,0,0,0,0,0,1,0,0,0,0,2,0,0,0,1,0,0,1,0,1,1,0,0,1,0,2,0,0,0,0,1,0,0,0,0,0,0,0,0,0,0,0,0,0,0,0,0,0,0,1,0,0,0,0,1,0,1,0,0,0,1,0,0,0,0,0,0,0,0,0,0,0,0,0,0,0,0,0,2,0,0,2,0,0,0,0,0,1,0,0,0,0,0,1,0,0,0,1,0,0,0,0,0,0,0,3,0,0,0,0,0,0,0,0,0,0,0,0,0,0,0,0,0,0,0,0,1,0,0,0,0,0,1,0,0,1,0,0,0,0,0,0,0,0,1,0,0,0,1,0,0,0,0,1,0,0,0,0,0,0,0,0,1,0,0,1,0,0,0,0,0,1,0,0,1,0,0,0,0,0,0,0,0,0,0,0,0,0,0,0,1,0,0,0,0,0,0,0,0,0,0,0,0,0,0,0,0,0,0,0,0,0,0,0,0,0,0,0,0,0,0,0,0,0,1,0,0,0
1,0,0,0,0,0,0,0,0,1,0,0,0,0,0,0,0,0,0,0,0,0,0,0,0,1,0,0,0,0,0,0,0,1,0,0,0,1,4,0,0,0,0,0,0,0,0,0,1,0,1,3,0,1,0,1,0,0,0,0,0,0,0,0,0,0,0,0,0,0,0,0,0,0,0,0,0,0,0,0,0,0,2,0,1,0,0,0,0,0,0,0,0,0,0,0,0,0,0,0,0,0,0,0,0,0,0,0,1,1,0,0,0,0,0,1,0,0,0,0,0,0,0,0,0,0,0,0,0,0,0,1,0,4,0,0,0,0,0,1,1,0,1,0,0,0,0,0,0,0,0,0,0,0,1,0,0,0,0,0,0,0,0,2,0,0,0,0,0,0,0,0,0,0,0,0,1,0,0,0,0,1,0,0,0,0,0,0,0,0,1,0,0,0,0,0,0,0,0,0,0,0,0,0,0,0,0,0,0,0,0,0,0,0,0,0,0,0,0,0,0,0,0,0,0,0,0,0,0,0,0,0,0,2,0,0,0,0,0,0,0,0,0,0,0,0,0,1,0,0,0,0,1,0,0,0
1,0,0,0,0,0,0,0,0,1,0,0,0,0,0,0,1,0,0,0,0,0,0,0,0,0,1,0,0,0,0,0,0,0,0,0,0,0,0,0,0,0,1,0,0,0,0,0,1,0,0,0,0,0,0,1,0,0,0,0,0,0,2,0,0,0,0,0,0,0,0,0,0,0,0,0,0,0,0,0,0,0,1,0,1,0,0,0,0,0,0,1,0,0,1,0,0,0,0,0,0,0,1,0,0,0,0,0,0,0,0,0,0,0,0,1,0,0,0,0,0,0,0,0,0,0,0,0,0,0,0,0,0,1,0,0,0,0,0,0,1,0,0,0,0,0,0,0,0,0,1,0,0,0,1,0,0,0,0,1,0,0,0,3,0,0,0,0,0,0,0,0,0,0,0,0,2,0,0,0,1,1,0,0,0,0,0,0,0,0,1,0,0,0,0,0,0,0,0,1,0,0,0,0,0,0,0,0,0,0,0,0,0,0,0,0,0,0,0,0,0,0,0,1,0,0,0,0,0,0,0,0,1,0,0,0,0,0,0,0,0,0,0,0,0,0,0,0,0,0,0,0,1,0,0,0
1,0,0,0,0,0,0,0,0,1,0,0,0,0,0,0,0,0,0,1,0,0,0,0,0,0,0,0,0,0,0,0,0,0,0,0,0,0,1,0,0,0,0,0,0,0,0,0,1,0,0,1,0,0,0,0,0,0,0,1,0,0,0,0,0,0,0,0,0,0,0,0,0,0,0,0,0,0,0,0,0,0,1,0,1,0,0,0,1,0,0,1,0,0,1,0,0,0,0,0,0,0,0,0,0,0,0,0,0,0,0,0,0,0,0,1,0,0,0,0,0,1,0,0,0,0,0,0,0,0,0,0,0,1,0,0,0,0,0,0,0,0,0,0,0,0,1,0,0,0,0,0,0,0,1,0,0,0,0,0,0,0,0,1,0,0,0,0,0,0,0,0,0,0,0,0,1,0,0,0,0,1,0,0,0,0,0,0,0,0,2,0,0,0,0,0,0,0,1,1,0,0,0,0,0,0,0,0,0,0,0,0,0,0,0,0,0,0,0,0,0,0,0,0,0,0,0,0,0,0,0,0,0,0,0,0,0,0,0,0,0,0,0,0,0,0,0,0,0,0,0,0,0,0,0,0
1,0,0,0,0,0,0,0,0,1,0,0,0,0,0,0,0,0,0,0,0,0,0,1,2,0,1,0,0,0,0,0,1,0,0,0,0,0,0,0,0,0,0,1,1,0,0,0,1,0,0,0,0,1,0,0,0,0,0,1,0,0,0,0,0,0,0,0,0,0,0,0,0,0,0,0,0,0,0,0,0,0,1,0,1,0,0,0,0,0,0,0,0,0,0,0,0,0,0,0,0,0,0,0,0,0,0,0,0,0,0,0,0,0,0,1,0,0,0,0,0,0,0,0,0,0,0,0,0,0,0,0,0,1,0,0,0,0,0,0,0,0,0,0,0,0,0,0,0,0,0,0,0,0,1,0,0,0,0,0,0,0,0,1,0,0,0,0,0,0,0,0,0,0,0,0,1,0,0,0,0,1,0,0,0,0,0,0,0,0,1,0,0,0,0,0,0,0,1,1,0,0,0,0,0,0,0,0,0,0,0,0,1,0,0,0,0,0,0,0,0,0,0,0,0,0,0,0,0,0,0,0,0,0,0,0,0,0,0,0,0,0,0,0,0,0,0,0,0,0,0,0,0,0,0,0
1,0,0,0,1,0,0,0,0,1,0,0,0,0,0,1,1,1,0,0,1,0,0,0,0,0,0,0,0,0,0,0,0,0,0,0,0,0,0,0,0,0,0,0,0,0,0,0,1,0,0,0,0,0,0,0,0,0,0,0,0,1,0,0,0,0,0,0,0,0,0,0,0,0,0,0,0,0,0,0,0,1,1,0,1,0,0,0,0,0,0,0,0,0,0,0,0,0,0,0,0,0,0,1,0,0,0,0,0,0,0,0,0,0,0,0,0,0,0,0,0,0,0,0,0,0,0,0,0,0,0,0,0,3,0,0,0,0,0,0,0,0,0,0,0,0,2,0,0,0,0,2,0,0,1,0,0,0,0,1,0,0,0,1,0,0,0,0,0,0,0,0,1,0,0,0,1,0,0,0,0,2,0,0,0,0,0,0,0,0,1,0,0,0,0,0,0,0,0,0,0,0,2,0,1,0,0,0,0,0,0,0,0,0,0,0,0,0,0,0,0,0,0,0,3,1,0,2,0,0,0,0,0,1,0,0,0,0,0,0,0,0,0,0,0,0,0,0,0,2,0,0,0,0,0,0
1,0,2,0,0,0,0,0,0,1,0,0,0,0,0,0,0,0,0,0,4,0,0,0,0,0,0,0,0,0,0,0,0,0,0,0,0,0,0,0,0,0,0,0,0,2,0,0,1,0,0,0,0,1,0,0,0,0,0,2,0,0,0,0,0,0,0,0,0,0,0,0,0,0,0,4,0,0,0,0,0,0,1,0,1,0,0,0,3,0,0,0,0,0,0,0,0,1,0,0,0,0,0,0,0,0,0,0,1,0,0,0,0,0,0,0,0,0,0,0,0,0,0,0,0,0,0,0,0,0,0,0,0,1,0,0,0,0,0,0,0,0,1,0,0,0,0,0,0,0,0,0,0,0,1,0,0,0,0,0,0,0,0,1,0,0,0,0,0,0,0,0,0,0,0,0,1,0,0,0,0,1,0,0,0,0,0,0,0,0,1,0,0,0,0,0,0,0,0,1,0,0,3,0,1,0,0,0,0,0,0,0,0,0,0,0,0,0,0,1,0,0,0,0,0,0,0,1,0,0,0,0,0,0,0,0,0,0,0,3,1,0,0,1,0,0,0,0,0,3,0,0,1,0,0,0
1,0,0,0,0,0,0,0,0,1,0,0,0,1,0,1,1,1,0,0,0,0,0,3,0,0,0,0,0,0,0,0,0,0,0,0,0,0,0,1,0,0,0,0,0,0,0,0,1,0,0,0,0,1,0,0,0,0,0,0,0,0,0,0,0,0,1,0,0,0,0,0,0,0,0,0,0,1,2,0,0,0,1,1,1,0,0,0,0,0,0,0,0,0,0,0,0,0,0,0,0,0,0,0,0,0,0,0,0,1,1,0,0,0,0,0,0,0,0,1,0,0,0,0,0,0,0,0,0,0,0,0,0,1,0,0,1,0,0,0,1,0,0,0,0,0,1,0,0,0,0,1,0,0,0,0,0,0,0,1,0,0,0,1,0,0,0,0,2,0,0,0,0,0,0,0,0,0,1,0,0,1,0,0,0,0,0,0,0,0,0,0,0,0,0,0,0,0,0,1,0,0,0,1,0,0,0,0,0,0,1,0,0,0,0,0,0,0,0,1,0,0,0,0,0,0,0,0,0,0,0,0,0,0,0,0,0,1,0,0,0,0,0,0,0,0,0,0,0,0,0,1,1,0,0,0
1,0,0,0,0,0,0,0,0,1,0,0,0,1,0,0,0,0,0,0,1,0,0,0,1,0,2,0,0,0,0,0,0,0,0,0,0,0,0,0,0,0,0,0,0,2,0,0,1,0,0,0,0,1,1,0,0,0,0,0,0,0,0,0,0,0,0,0,0,0,0,0,0,0,0,0,0,0,0,0,0,0,1,0,0,0,0,0,1,0,0,0,0,0,0,2,0,0,0,0,0,0,0,0,0,0,0,0,0,0,0,0,0,0,0,0,0,0,0,1,0,1,0,0,0,0,0,0,0,0,0,0,0,0,0,0,0,0,0,0,0,0,0,0,0,0,1,0,0,0,0,0,0,0,1,0,0,1,0,0,0,0,0,0,0,0,0,0,0,0,0,0,0,2,0,0,0,0,1,0,0,1,1,0,0,0,1,0,0,0,1,0,0,0,0,0,0,3,0,0,0,0,0,0,0,0,0,0,0,0,0,0,0,0,0,0,0,0,0,0,0,0,0,0,0,0,0,0,0,0,0,0,0,0,0,0,0,0,0,0,0,1,0,0,0,0,0,0,0,0,0,0,0,0,0,0
1,0,0,0,0,0,0,0,0,1,0,0,0,0,0,0,0,0,0,0,0,0,0,0,0,0,0,0,0,0,0,0,0,0,0,0,0,1,0,0,0,0,0,0,0,0,0,0,1,0,0,1,0,0,0,0,0,1,0,0,0,0,0,0,0,0,0,0,0,0,0,0,0,0,0,0,0,0,0,0,0,0,1,0,1,0,0,0,0,0,0,0,0,0,0,0,0,0,0,0,0,0,0,0,0,0,0,0,0,0,0,0,0,0,0,0,0,0,0,0,0,0,0,0,0,0,0,0,0,0,0,0,0,3,0,0,0,0,0,0,0,0,0,0,0,0,1,0,0,0,0,0,0,0,1,0,0,0,0,0,0,0,0,2,0,0,0,0,0,0,0,0,0,0,0,0,1,0,0,0,0,1,0,0,1,0,0,0,0,0,2,0,0,0,0,0,0,0,0,0,0,0,1,0,0,1,0,0,0,0,0,0,2,0,0,0,0,0,0,1,0,0,0,0,0,1,0,0,0,0,0,0,0,0,0,1,0,0,0,0,0,0,0,0,1,0,0,3,0,0,1,0,0,0,0,0
1,0,0,0,0,0,0,0,0,1,0,0,0,0,0,0,0,0,0,0,0,0,0,0,0,0,0,1,0,0,1,0,0,0,0,0,0,0,0,0,0,0,0,0,1,0,0,0,1,0,0,0,0,0,0,0,0,0,0,0,0,1,1,0,0,0,0,0,0,0,0,0,0,0,0,0,1,0,0,0,0,0,1,0,0,0,0,0,1,0,0,0,0,0,0,0,0,0,0,0,1,0,0,0,0,0,2,0,0,0,0,0,0,0,0,0,0,0,0,0,0,0,0,0,0,0,0,0,0,0,0,0,0,0,0,0,0,0,0,0,0,0,0,0,0,0,0,0,0,0,0,0,0,0,1,0,0,0,0,1,0,0,0,0,0,0,0,0,0,0,0,0,0,1,0,0,0,0,0,0,0,1,0,2,0,0,0,0,0,0,1,0,0,1,0,0,0,0,0,1,0,0,2,0,0,0,0,0,0,0,0,0,0,0,0,0,1,0,1,0,0,0,0,0,1,0,0,2,0,0,0,0,0,0,0,0,0,0,0,0,1,0,0,0,0,0,0,0,0,1,0,0,0,0,0,0
1,0,0,0,0,0,0,0,0,1,0,0,0,0,0,0,0,0,0,0,0,0,0,0,1,0,0,0,0,0,0,0,0,2,1,0,0,1,3,0,0,0,0,0,1,0,0,0,1,0,0,2,0,0,0,0,0,0,0,1,0,0,0,0,0,0,0,0,0,0,0,0,0,0,0,0,0,0,0,0,0,0,1,0,1,0,0,0,0,0,0,0,0,0,0,0,0,0,0,0,0,0,0,0,0,0,0,0,0,0,0,1,0,0,0,0,0,0,0,0,0,0,0,0,0,0,0,0,0,0,0,0,0,2,0,0,0,0,0,0,0,1,0,0,0,0,0,0,0,0,0,0,0,0,1,0,0,0,0,0,0,0,0,2,0,0,0,0,0,0,0,0,0,0,0,0,1,0,0,0,0,1,0,0,1,0,0,0,0,0,1,0,0,0,0,0,0,0,0,1,0,0,1,0,0,0,0,0,0,0,0,0,0,0,0,0,0,0,0,0,0,0,0,0,0,1,0,0,0,0,0,0,0,0,0,0,0,0,0,0,0,0,0,1,0,0,0,0,0,0,0,0,0,0,0,0
0,0,0,0,0,0,0,0,0,0,0,0,0,1,0,0,0,0,0,0,0,0,0,0,0,0,0,0,0,0,0,0,0,0,0,0,0,0,0,1,0,0,0,0,0,1,0,0,0,0,0,0,0,0,0,0,0,1,0,0,1,0,0,0,0,0,0,0,0,0,0,0,0,3,3,0,0,0,0,0,0,0,0,0,0,0,0,1,1,0,0,0,0,0,0,0,0,0,0,0,0,0,0,0,0,1,0,0,0,0,0,0,0,0,0,0,0,0,3,1,0,0,1,0,0,0,0,0,0,0,0,0,0,2,0,0,0,0,0,0,0,0,0,0,0,0,0,0,0,0,0,0,0,0,0,0,0,0,0,0,0,0,0,0,0,0,0,0,0,0,0,0,0,1,0,0,0,0,1,0,0,0,0,0,0,0,0,0,0,0,0,0,0,0,0,0,0,1,0,0,0,0,0,0,0,0,0,0,0,0,0,0,0,0,0,0,0,0,0,0,0,1,0,0,0,1,0,0,0,0,1,0,0,0,0,1,0,1,0,0,0,0,0,2,0,0,0,0,0,1,0,0,0,0,0,0
0,0,0,0,0,0,1,0,0,0,1,0,0,1,0,0,0,0,0,0,0,0,0,0,0,0,0,0,1,0,2,0,0,0,0,0,0,0,0,0,0,1,0,0,0,1,0,0,0,0,2,0,0,0,1,0,0,1,0,0,1,0,0,0,0,0,0,0,2,0,0,0,0,0,0,0,0,0,0,0,0,0,0,2,0,0,1,0,0,0,0,0,0,0,0,0,0,0,0,1,0,0,0,3,0,0,0,0,0,0,1,0,0,1,0,0,0,0,3,2,0,0,0,0,0,1,0,0,1,0,0,0,0,0,1,0,0,0,0,0,0,1,0,0,0,2,0,0,0,0,0,0,0,0,0,0,0,1,0,0,0,2,0,0,0,0,0,1,0,0,0,0,0,1,0,0,0,0,1,0,0,0,0,0,0,4,0,0,0,0,0,1,0,0,0,0,1,0,0,0,0,0,1,0,0,0,0,0,0,0,0,0,0,1,0,0,1,0,0,0,0,0,0,0,0,0,0,0,0,0,0,0,0,0,0,0,1,1,1,0,0,1,0,1,0,0,0,0,0,1,0,0,0,0,0,0
1,0,0,0,0,0,0,0,0,1,0,0,0,1,0,0,0,0,0,0,1,0,0,0,0,0,0,0,0,0,0,0,0,0,0,0,0,1,0,0,0,0,0,0,0,0,0,0,1,0,0,0,0,0,0,0,0,0,0,0,0,0,0,0,0,0,0,0,0,0,0,0,0,0,0,0,0,0,0,0,0,0,1,0,1,0,0,0,0,0,0,0,0,0,0,0,0,0,0,0,0,0,0,0,0,0,0,0,0,0,0,0,0,0,0,0,0,0,0,0,0,0,0,0,1,0,0,0,0,0,0,0,0,3,0,0,0,0,0,0,0,0,0,0,0,0,0,0,0,0,0,1,0,0,1,0,0,0,0,0,0,0,0,1,0,0,0,0,0,0,0,0,0,0,0,0,0,0,0,0,0,1,0,0,1,0,0,0,0,0,1,0,0,1,0,0,1,0,0,1,0,0,1,1,0,0,0,0,0,0,0,0,0,1,0,0,0,0,0,0,0,0,0,0,0,0,0,0,0,0,0,0,0,0,0,0,0,0,0,0,0,0,0,0,0,0,0,0,0,0,0,0,0,0,0,0
1,0,0,0,0,0,0,0,0,1,1,0,0,0,0,0,0,0,0,0,0,0,0,0,0,0,1,0,0,0,0,0,0,0,0,0,0,3,1,0,0,0,0,0,0,2,0,0,1,0,0,1,0,0,0,0,0,0,0,0,0,0,1,0,0,0,0,0,0,0,0,0,0,0,0,0,0,0,0,0,0,0,1,0,1,0,0,0,0,0,0,0,0,0,0,0,0,0,0,0,0,0,0,0,0,0,0,0,0,1,0,0,0,0,0,0,0,0,0,0,0,2,0,0,0,1,0,0,0,0,0,0,0,3,0,0,0,0,0,0,0,0,0,0,0,0,0,0,0,0,0,0,0,0,1,0,0,0,0,0,0,0,0,1,0,0,0,0,0,0,0,0,0,0,0,0,1,0,1,0,0,1,0,0,1,0,0,0,0,0,1,0,0,0,0,0,0,0,0,1,0,0,0,0,0,0,0,0,0,0,0,0,0,0,0,0,0,0,1,0,1,0,0,0,0,0,0,0,0,0,0,0,0,0,0,0,0,0,0,0,0,0,0,0,0,0,0,0,0,0,0,0,0,0,0,0
1,0,0,0,0,0,0,0,0,1,0,0,0,0,0,0,0,0,0,0,0,0,0,0,0,0,0,0,0,0,0,0,1,1,0,0,0,2,2,0,0,0,0,0,0,1,2,0,1,0,0,1,0,0,0,0,0,0,0,0,0,0,0,0,0,0,0,1,0,0,0,0,0,0,0,0,0,0,1,0,0,0,1,0,1,0,0,0,3,0,0,0,0,0,0,0,0,0,0,0,0,0,0,0,0,0,0,0,0,0,0,0,0,0,0,0,0,0,0,0,0,0,0,0,0,0,0,0,0,0,0,0,0,1,0,0,0,0,0,0,0,0,1,0,0,0,0,0,0,0,0,0,0,0,1,0,0,0,0,0,0,0,0,1,0,0,0,0,0,0,0,0,0,0,0,0,1,0,0,0,0,1,0,0,0,0,0,0,0,0,1,0,0,0,0,0,0,0,0,0,0,0,0,0,0,0,0,0,0,1,1,0,0,0,0,0,0,0,1,0,0,0,0,0,0,0,0,1,0,0,0,0,0,0,0,0,0,0,0,0,0,0,0,0,0,0,0,0,0,1,0,0,0,0,0,0
1,0,0,0,1,0,0,0,0,1,0,0,0,0,0,0,0,0,0,0,0,0,0,0,1,0,0,1,0,0,0,0,1,0,0,0,0,0,0,0,0,0,0,1,0,0,0,0,1,0,0,0,0,0,1,0,0,0,0,0,0,0,1,0,0,0,0,0,0,0,0,0,0,0,0,0,0,0,0,0,0,0,1,0,1,0,0,0,0,0,0,0,0,0,0,0,0,0,0,0,0,0,0,0,0,0,0,0,0,0,0,1,0,0,0,0,0,0,0,0,0,0,0,0,0,0,0,0,0,0,0,0,0,2,0,0,0,0,0,0,0,0,0,0,0,0,0,0,0,0,0,0,0,0,1,0,0,0,0,0,0,0,0,1,0,0,0,0,0,0,0,0,0,1,0,0,2,0,0,0,0,1,0,0,0,1,0,0,0,0,1,0,0,1,0,0,1,0,0,0,0,0,3,0,0,0,0,0,0,0,0,0,0,0,0,0,0,0,1,0,0,0,0,0,0,0,0,0,0,0,0,0,0,0,0,0,0,0,0,0,0,0,0,0,0,0,0,0,0,0,0,0,2,1,0,0
0,0,0,0,0,0,0,0,0,0,0,0,0,1,0,0,0,0,0,0,0,0,0,0,0,0,0,0,0,0,0,0,2,1,0,0,0,0,0,1,0,0,0,0,0,1,0,0,0,0,0,0,0,0,1,0,0,1,0,0,1,0,0,0,0,0,0,0,0,0,0,0,0,0,0,0,0,0,0,0,0,0,0,0,0,0,0,0,0,0,0,0,0,0,0,0,0,0,0,1,0,0,0,2,0,0,0,0,0,0,0,0,0,0,0,0,0,0,0,1,0,1,0,0,0,0,0,0,0,0,0,0,0,0,0,0,0,0,0,0,0,1,0,0,0,0,0,0,1,0,0,0,0,0,0,0,0,0,0,0,0,0,0,0,0,0,0,0,0,0,0,0,0,1,0,0,0,0,1,0,0,0,0,0,0,0,0,0,0,0,0,0,0,0,0,0,0,0,0,0,0,0,0,0,0,0,0,1,0,0,0,0,0,0,0,0,0,0,0,0,0,1,0,0,0,0,1,0,0,0,0,0,0,0,0,0,0,1,0,0,0,0,0,2,0,0,0,0,0,0,0,0,0,0,0,0
1,0,0,0,0,0,0,0,0,1,0,0,0,0,0,0,0,0,0,0,0,1,0,0,2,0,2,0,0,0,0,0,0,0,0,0,0,0,1,0,0,0,0,0,1,0,0,0,1,0,0,0,0,0,0,0,0,0,0,1,0,0,0,0,0,0,0,0,0,0,0,0,0,0,0,0,0,0,0,1,0,0,1,0,1,0,0,0,0,0,0,0,0,0,1,0,0,0,0,1,0,0,0,0,0,0,0,0,0,0,0,0,0,0,0,0,0,0,0,0,0,1,0,0,0,0,0,0,0,0,0,0,0,2,0,0,0,0,0,1,0,0,0,0,0,0,1,0,0,0,0,0,1,0,0,0,0,0,0,0,0,0,0,2,0,0,0,0,0,0,0,0,0,0,0,0,1,0,0,0,0,1,0,0,0,0,0,0,0,0,1,0,0,0,0,0,0,0,0,0,0,0,0,0,0,0,0,0,0,0,0,0,0,0,0,0,0,0,0,0,0,0,0,0,0,1,0,1,0,0,0,0,0,0,0,0,1,0,0,0,1,0,0,0,0,0,0,0,0,1,0,0,0,0,0,0
0,0,0,0,0,0,0,0,0,0,0,0,0,1,0,0,0,0,0,0,0,0,0,0,0,0,0,0,0,0,0,0,0,0,0,0,0,0,0,1,0,1,0,0,0,1,0,0,0,0,0,0,0,0,1,0,0,1,0,0,0,0,1,0,0,0,0,0,0,0,0,0,0,1,2,0,0,0,0,0,0,0,0,1,0,0,0,0,0,0,0,0,0,0,0,0,0,0,0,0,1,0,0,0,0,0,0,0,0,0,0,0,0,0,0,0,0,0,1,0,0,0,0,0,0,1,0,0,0,0,0,0,0,1,0,0,0,0,0,0,0,0,0,0,0,0,0,0,0,0,0,0,0,0,0,0,0,0,0,0,0,0,0,0,0,0,0,0,0,0,0,0,0,1,0,0,0,0,1,0,0,0,0,0,0,0,0,0,0,0,0,0,0,0,0,0,0,1,0,0,0,0,0,0,0,0,0,0,0,0,0,0,1,0,0,0,1,0,0,0,0,1,0,0,0,1,0,0,0,0,0,0,0,0,0,0,0,1,1,0,0,0,0,0,0,0,0,0,0,0,0,0,0,0,0,0
1,0,0,0,0,0,0,0,0,1,0,0,0,1,0,0,0,0,0,1,0,0,0,0,0,0,0,0,0,0,0,0,0,0,0,0,0,1,0,0,0,0,0,0,0,0,0,1,1,0,0,0,0,0,0,1,0,2,0,0,0,1,0,0,0,0,0,0,0,0,0,0,0,0,0,0,0,0,0,0,0,0,0,0,0,3,0,0,0,0,0,0,0,0,0,0,0,0,0,1,0,0,0,0,0,0,1,0,0,1,0,0,0,0,0,0,0,0,0,0,0,0,0,0,0,0,0,0,0,0,0,0,0,1,0,0,0,0,0,0,0,0,0,0,0,0,0,0,0,0,0,0,0,0,1,0,0,1,0,0,0,0,0,0,0,0,0,0,0,0,0,0,0,0,0,0,0,0,1,0,0,1,0,0,0,0,0,0,0,0,0,1,0,0,0,0,0,1,0,0,0,1,0,0,0,0,0,0,0,0,0,1,0,0,0,0,1,0,0,0,0,1,0,0,0,0,0,0,0,0,0,0,0,0,0,0,1,1,0,0,0,0,0,0,1,0,0,1,0,0,0,0,0,0,0,0
1,0,0,0,0,0,0,1,0,1,0,0,0,1,0,0,0,0,0,0,1,0,0,0,0,0,2,0,0,0,0,2,0,0,0,0,0,2,0,0,0,0,0,0,0,0,0,1,1,0,0,1,0,0,0,0,0,0,0,0,0,1,0,0,0,0,0,0,0,0,0,0,0,0,0,0,0,1,0,0,0,0,1,0,1,0,0,1,0,0,0,0,0,0,0,0,0,0,0,0,0,0,0,0,0,0,0,0,0,0,0,0,0,0,0,1,0,0,0,0,0,0,0,0,0,0,0,0,0,0,0,0,0,2,0,0,0,0,0,0,0,0,0,0,0,0,0,0,0,0,0,0,0,0,1,0,0,0,0,0,0,0,0,1,0,0,0,0,0,0,0,0,0,0,0,0,1,0,0,0,0,1,0,0,1,0,0,0,0,0,1,0,0,0,0,0,0,0,0,0,0,0,0,0,0,0,0,0,0,0,0,0,0,0,0,0,0,0,0,0,0,0,0,0,0,0,0,0,0,0,0,0,0,2,0,0,0,0,0,0,2,0,0,0,0,0,0,0,0,0,0,0,0,0,0,0
0,0,0,0,0,0,2,0,0,0,1,0,0,1,0,0,0,0,0,0,0,0,0,0,3,0,0,0,0,0,0,0,2,1,0,0,0,0,0,1,0,0,0,0,0,1,0,0,0,0,0,0,0,0,0,0,0,1,0,0,1,0,0,0,0,0,0,0,0,0,0,0,0,0,0,0,0,0,0,0,0,0,0,0,0,0,0,0,0,0,0,0,0,0,0,0,0,0,0,1,2,0,0,1,0,0,0,0,0,0,0,0,0,0,0,0,0,0,3,1,0,1,0,0,0,2,0,0,0,0,0,0,0,0,0,0,0,0,0,0,1,0,0,1,0,0,0,0,0,0,0,0,0,0,0,0,0,0,0,0,0,2,0,0,0,0,0,0,0,0,0,0,0,1,0,0,0,0,1,0,0,0,0,0,0,0,0,0,1,0,0,0,0,0,0,0,0,2,0,0,0,3,0,0,0,0,0,0,0,0,0,0,0,0,0,0,0,0,0,1,0,1,0,0,0,0,0,0,0,0,0,0,0,0,0,0,0,1,0,0,0,0,0,0,0,0,0,0,0,0,0,0,0,0,0,0
0,0,0,0,0,0,0,0,0,0,0,0,0,1,1,0,0,0,0,0,0,0,0,0,0,0,0,0,0,0,0,0,0,0,0,0,0,0,0,1,0,0,0,0,0,1,0,0,0,0,1,0,0,0,2,0,0,1,0,0,1,0,0,0,0,0,0,0,1,0,0,0,0,0,0,0,0,0,0,0,0,0,0,2,0,0,0,0,0,0,0,0,0,0,1,0,0,0,0,0,0,0,0,1,0,0,1,0,0,0,0,0,0,0,0,0,0,0,0,1,0,0,0,0,0,0,0,0,0,0,0,0,0,0,0,0,0,0,0,0,0,1,0,0,0,0,0,0,0,0,0,0,0,0,0,0,0,0,0,0,0,1,0,0,0,0,0,1,0,0,0,0,0,2,1,0,0,0,1,0,0,0,0,0,0,2,0,0,0,0,0,2,0,1,0,0,1,3,0,0,0,0,0,0,0,0,1,0,0,0,0,0,0,0,1,0,1,0,0,0,0,1,0,0,0,0,0,0,0,1,0,0,0,0,0,0,0,1,1,0,0,0,0,0,0,0,0,0,0,1,0,0,0,0,0,0
1,0,0,0,0,0,0,1,0,1,0,0,0,0,0,0,0,0,0,0,0,0,0,1,0,0,1,0,0,0,0,0,0,0,0,0,0,0,0,0,0,0,0,0,0,1,1,0,1,0,0,0,0,0,0,0,0,0,0,0,0,0,0,0,0,0,0,0,0,0,0,0,0,0,0,0,0,0,0,0,0,0,1,0,1,0,0,0,1,0,0,0,0,0,0,0,0,0,0,0,0,0,0,0,0,0,0,0,0,0,0,0,0,0,0,0,0,0,0,0,0,0,0,0,0,0,0,0,0,0,0,0,0,2,0,0,0,0,0,0,0,0,0,0,0,0,0,0,0,0,0,0,0,2,1,0,0,0,0,0,0,0,0,2,0,0,0,0,0,0,0,0,0,0,0,0,1,0,0,0,0,1,0,0,0,0,0,0,0,0,1,0,0,1,0,0,0,1,0,0,0,0,0,0,0,0,0,0,0,0,0,0,0,0,0,0,0,0,0,1,0,0,0,0,0,0,0,0,0,0,0,0,0,0,0,0,0,0,0,0,0,0,0,0,0,0,0,0,0,0,0,0,0,0,0,0
1,0,0,0,0,0,0,1,0,0,0,2,0,1,0,0,0,0,1,0,0,0,0,1,0,0,0,0,0,0,0,0,0,0,0,0,0,0,0,0,0,0,0,0,1,0,0,0,0,0,0,0,0,0,0,3,0,0,0,0,0,0,0,0,0,1,0,0,0,1,0,1,0,0,3,0,0,0,0,0,0,0,0,0,0,0,1,0,0,0,1,0,0,0,0,0,0,0,1,0,0,0,0,0,0,0,1,0,0,0,0,0,0,0,0,0,0,0,0,0,0,0,0,0,0,0,0,0,0,0,0,0,0,1,0,0,0,0,0,0,0,0,0,0,0,0,0,0,0,0,0,0,0,0,0,0,0,0,0,0,0,0,0,0,0,0,0,0,0,0,0,0,0,0,1,0,0,0,0,0,0,1,2,0,0,0,0,0,0,0,0,0,0,0,0,0,0,0,0,0,0,0,0,1,0,0,0,0,1,0,0,0,0,1,0,0,0,0,0,0,0,0,0,0,0,0,0,0,0,0,0,0,0,0,0,0,0,0,0,0,0,1,0,0,0,0,0,0,2,0,0,0,0,0,0,0
1,0,0,0,0,0,0,0,0,0,0,0,0,0,0,0,0,0,0,0,2,0,0,0,0,0,0,0,0,0,0,0,0,0,0,0,0,0,0,0,0,2,0,0,0,0,0,0,0,0,0,0,0,0,0,0,0,0,0,1,0,0,0,0,0,0,0,2,0,0,0,0,3,0,0,0,0,0,0,1,0,0,1,0,0,0,0,1,0,0,0,0,0,0,0,0,0,1,0,0,0,0,0,0,0,0,0,0,0,0,0,0,0,3,0,0,0,0,0,1,1,0,0,0,0,0,0,0,0,0,0,0,0,0,0,0,0,0,0,1,0,0,0,0,0,0,0,0,0,0,1,0,0,0,0,0,0,0,0,1,0,0,0,0,1,0,0,0,0,0,0,0,0,1,0,0,0,1,0,0,0,1,0,1,0,0,1,0,0,0,0,0,0,0,0,0,0,0,0,0,0,0,1,0,0,0,0,0,0,0,0,0,0,0,0,0,0,0,0,0,0,0,0,0,0,0,0,0,0,1,0,0,0,0,0,0,0,0,0,0,1,0,0,0,0,0,0,0,0,0,0,0,0,0,0,0
1,1,0,0,0,0,0,0,0,1,0,0,0,0,0,0,0,0,0,0,0,0,0,1,0,0,0,0,0,0,0,0,0,0,0,0,0,2,0,0,0,0,0,0,0,0,0,0,1,0,1,2,0,0,0,0,0,0,0,0,0,0,3,0,0,0,0,0,0,0,0,0,0,0,0,0,0,1,0,0,0,0,1,0,1,1,0,0,1,0,0,0,0,1,0,0,0,0,0,0,0,0,1,0,0,0,0,0,3,1,0,0,0,0,0,3,0,0,0,0,0,0,0,0,0,0,0,0,2,0,0,0,0,4,0,0,0,0,0,0,0,0,1,0,0,0,1,0,0,0,0,0,0,0,1,0,0,0,0,0,0,0,0,2,0,0,0,0,0,0,0,0,0,0,0,0,1,0,0,0,0,1,0,0,1,0,0,0,0,0,1,0,0,1,0,0,0,1,0,1,0,2,3,0,1,0,1,0,0,1,0,0,1,0,0,0,0,0,0,0,0,0,0,0,0,0,0,1,0,0,0,0,0,0,0,0,0,0,0,0,0,0,0,0,0,0,0,0,0,0,0,0,1,0,0,0
1,0,0,0,0,0,0,0,0,1,0,0,0,0,0,0,0,0,0,0,3,0,0,1,0,0,0,1,0,0,0,0,0,0,0,0,0,1,1,0,0,0,0,0,0,0,0,0,1,0,0,1,0,0,0,0,0,0,0,1,0,0,0,0,0,0,0,0,0,0,0,0,0,0,0,2,0,0,0,0,0,0,1,0,1,0,0,0,3,0,0,1,0,0,2,0,0,0,0,0,0,0,0,0,0,0,0,0,0,0,0,0,0,0,0,1,0,0,0,0,0,2,0,0,0,1,0,0,0,0,0,0,0,1,0,0,0,0,0,0,0,0,0,0,0,0,0,0,0,0,1,0,0,0,1,0,0,0,0,0,0,0,0,1,0,0,0,0,0,0,0,0,0,0,0,0,1,0,0,0,0,1,0,0,0,0,0,0,0,0,1,0,0,0,0,0,1,0,0,2,0,0,2,0,0,0,0,0,0,0,0,0,0,0,0,0,0,0,0,0,0,0,0,0,1,0,0,0,0,0,0,0,0,0,0,0,0,0,0,0,0,0,0,0,0,0,0,0,0,1,0,0,0,0,0,0
0,0,0,0,0,0,0,0,0,0,0,0,0,0,0,0,0,0,0,0,0,0,0,0,0,0,0,0,0,0,0,0,2,1,0,0,0,0,0,0,0,1,0,0,0,2,0,0,0,0,0,0,0,0,0,0,0,0,0,2,0,0,0,0,1,0,0,1,1,0,0,0,3,0,0,0,0,0,0,1,0,0,1,2,0,0,0,1,0,0,1,0,0,0,0,0,1,1,0,0,0,0,0,0,1,0,0,1,0,0,0,0,0,4,0,0,0,1,0,1,0,0,0,0,0,0,0,0,0,0,0,1,0,0,0,0,0,0,0,1,0,0,0,0,0,1,0,0,0,0,0,0,0,0,0,0,0,0,0,0,0,0,0,0,1,0,0,0,0,1,0,0,0,2,0,0,0,1,0,0,0,0,0,1,0,0,1,0,0,0,0,0,0,0,0,0,1,0,0,0,1,1,0,0,0,0,0,0,0,0,0,0,2,0,0,0,0,0,0,0,0,0,0,0,0,0,0,0,0,2,1,0,0,0,0,0,0,0,0,0,0,0,0,0,0,0,0,0,0,0,0,0,0,0,0,0
1,0,0,0,0,0,0,0,0,1,0,0,1,0,0,0,0,0,0,0,0,0,0,0,0,0,0,0,0,0,0,0,0,0,0,0,0,0,0,0,0,0,0,0,0,0,0,0,1,0,0,0,0,0,0,0,0,0,0,0,0,1,0,0,0,0,0,0,0,0,0,0,0,0,0,0,0,0,0,1,0,0,1,0,0,0,0,0,0,0,0,1,0,0,0,0,0,0,0,1,0,0,0,0,0,0,0,0,0,0,0,0,0,0,0,2,1,0,0,0,0,1,0,0,0,2,0,0,0,0,0,0,0,0,0,0,0,0,1,0,0,0,0,0,0,0,0,1,1,0,0,0,0,0,0,0,1,0,0,1,0,0,0,0,0,0,0,0,0,0,0,0,0,0,0,0,0,0,1,0,0,1,1,0,0,0,0,0,0,0,0,0,1,0,0,0,0,0,0,0,0,0,1,0,1,0,1,0,0,0,0,0,0,1,0,0,0,0,0,0,0,0,1,0,0,0,0,1,0,0,0,0,0,0,0,0,1,0,0,0,0,0,0,0,0,0,0,0,0,1,0,0,0,0,0,0
0,0,0,0,0,0,0,0,0,0,0,0,0,1,0,3,0,0,0,0,0,0,0,0,0,0,0,0,0,0,2,0,0,0,0,0,0,0,0,0,0,1,0,0,0,1,0,0,0,0,3,0,0,0,1,0,0,3,1,0,0,0,0,0,0,0,0,0,0,0,0,0,0,0,0,1,0,1,0,0,0,0,0,0,0,0,0,0,0,0,0,0,0,0,0,0,0,0,0,0,0,0,0,1,0,0,3,0,0,0,3,0,0,0,0,0,2,0,2,3,0,0,0,0,0,3,0,0,0,0,0,0,0,0,1,0,2,0,2,0,0,0,1,0,0,0,0,0,0,0,0,0,0,0,0,0,0,0,0,0,0,0,0,0,0,0,0,0,0,0,0,0,0,1,0,0,0,0,1,0,0,0,1,0,0,0,0,0,0,0,0,1,0,0,0,0,0,0,0,0,0,1,0,0,0,0,0,0,0,0,1,1,0,1,0,0,1,0,0,0,0,1,0,0,0,0,0,0,0,0,0,0,0,0,0,1,0,1,2,0,0,0,0,0,0,0,0,0,0,0,0,0,0,0,1,0
1,0,0,0,0,0,0,0,0,1,1,0,0,1,0,0,0,0,0,0,0,0,0,0,0,0,0,0,0,0,0,0,2,1,0,0,0,1,0,0,0,0,1,0,0,1,0,0,1,0,2,1,0,0,1,0,0,0,0,0,0,0,0,0,0,0,0,0,0,0,0,0,0,0,0,0,0,0,0,0,0,0,1,0,0,0,1,0,0,0,0,0,0,0,0,0,0,0,0,0,0,0,0,0,0,0,1,0,0,0,0,0,0,0,0,0,0,0,0,1,0,0,0,0,0,0,0,0,0,0,0,0,0,1,0,0,0,0,0,0,0,0,0,0,0,0,0,0,0,0,0,0,0,1,1,0,0,0,0,0,0,0,0,1,0,0,0,0,0,0,0,0,0,0,0,0,0,0,1,0,0,1,0,0,1,0,0,0,0,0,0,0,0,0,0,0,0,1,0,0,1,0,0,0,0,0,0,0,0,0,0,0,0,0,0,0,1,0,0,1,0,0,0,0,0,0,0,0,0,0,0,0,0,0,0,0,0,1,0,0,0,0,0,0,0,0,0,0,0,1,0,0,0,0,0,0
3,0,0,0,0,0,0,0,0,1,0,0,0,0,0,0,0,0,0,0,0,0,0,0,0,0,1,0,0,0,0,0,0,0,0,0,0,1,0,0,0,0,0,1,2,2,0,0,1,1,0,0,0,0,0,0,0,0,0,3,0,0,0,0,0,0,0,0,0,0,0,0,0,0,0,0,1,1,0,0,0,0,1,0,1,0,0,0,3,0,0,0,0,0,2,0,0,0,0,0,0,0,0,1,0,0,0,0,0,0,0,0,0,0,0,2,0,0,1,0,0,0,0,0,0,0,0,0,0,0,0,0,0,2,0,0,0,0,0,1,0,0,0,0,0,0,0,0,0,0,0,0,0,0,1,0,0,0,0,0,0,0,0,1,1,0,0,0,0,0,0,0,0,0,0,0,1,0,0,0,0,1,0,0,1,0,1,0,0,0,1,0,0,1,0,0,0,1,0,2,0,0,1,0,0,0,0,0,0,0,0,0,1,0,0,0,0,0,0,0,0,0,0,0,0,0,0,0,0,0,0,0,0,0,0,0,0,0,1,0,0,0,0,0,0,0,1,0,0,0,0,0,0,0,0,0
0,0,0,0,0,0,0,0,0,0,0,0,0,1,0,0,0,0,0,0,0,0,0,0,0,0,0,0,0,0,0,0,0,0,0,0,0,0,0,1,0,1,0,0,0,0,0,0,0,2,0,0,1,0,0,0,0,1,0,0,1,0,0,0,0,0,0,0,0,0,0,0,0,0,0,0,0,0,0,0,0,0,0,0,0,0,0,0,0,0,0,0,0,0,0,0,0,0,0,0,0,0,0,2,0,0,0,0,0,0,2,0,0,0,0,0,0,0,0,1,0,0,0,0,0,0,0,0,0,0,0,0,0,0,0,0,0,0,0,0,0,1,0,0,0,0,0,0,0,0,0,0,0,0,0,0,1,0,0,0,0,1,0,0,1,0,0,0,0,0,0,0,0,1,0,0,1,0,1,0,0,0,0,1,0,0,0,0,0,1,0,0,0,0,0,0,0,0,0,0,0,0,0,0,0,0,0,0,0,0,0,0,0,0,0,0,0,0,0,0,0,1,0,0,0,0,0,0,0,0,0,0,0,0,0,0,0,1,0,0,0,0,0,0,0,0,0,0,0,0,0,0,0,0,0,0
0,0,0,0,0,0,0,0,0,0,0,0,0,1,0,0,0,0,0,0,0,0,0,0,0,0,0,0,0,0,0,0,0,0,0,0,0,0,0,1,0,0,0,0,0,1,0,0,0,0,0,0,0,0,0,0,0,1,0,0,1,0,0,0,0,0,0,0,0,0,0,0,0,2,2,0,0,0,0,0,0,0,0,0,0,0,0,0,0,0,0,0,0,0,0,0,0,0,0,0,0,0,0,0,0,0,0,0,0,0,0,0,0,0,0,0,0,0,1,1,0,2,0,0,0,0,0,0,0,0,0,0,0,0,0,0,0,0,0,0,1,0,0,0,0,0,0,0,1,0,0,0,0,0,0,0,0,0,0,0,0,1,0,0,0,0,0,0,0,0,0,0,0,1,0,0,0,0,1,0,0,0,0,0,0,0,0,0,1,0,0,0,0,0,0,0,0,0,0,0,0,0,0,0,0,0,0,0,0,0,0,0,0,0,0,0,0,0,0,0,0,0,0,0,0,0,0,0,1,0,0,0,0,0,0,0,1,1,0,0,0,0,0,2,0,0,0,0,0,0,0,0,0,0,0,0
1,0,0,0,0,0,0,2,0,1,0,1,0,0,0,0,0,0,0,0,0,1,0,0,0,0,1,0,1,0,0,0,0,0,0,1,0,0,0,0,0,0,0,0,0,1,0,0,1,0,0,0,0,0,0,0,0,0,0,0,0,0,0,0,0,0,0,0,0,0,0,0,0,0,0,0,0,0,2,0,0,1,1,0,1,1,0,0,0,0,0,0,0,0,0,0,0,0,0,0,0,1,0,0,0,0,0,0,0,0,0,1,0,1,0,0,0,0,0,0,0,1,0,0,0,1,0,0,0,0,0,0,0,2,0,0,3,0,0,0,0,0,0,0,0,0,0,0,0,0,1,1,0,0,2,0,0,0,0,0,0,1,0,2,1,0,0,0,0,0,0,0,0,0,0,2,1,0,0,0,0,1,0,0,0,1,0,0,0,0,1,0,0,0,0,0,0,0,0,0,0,0,0,0,0,0,0,0,1,0,0,0,0,0,1,0,0,0,0,0,0,0,0,0,0,1,0,2,0,0,0,1,0,0,0,0,0,0,0,0,0,0,0,0,0,0,0,0,1,0,0,0,0,0,0,0
0,0,0,0,0,0,0,0,0,0,1,0,0,1,0,0,0,0,0,0,0,1,0,0,0,0,0,0,0,0,0,0,0,0,0,0,0,0,0,0,0,0,0,0,0,1,0,0,0,0,0,0,0,0,1,0,0,1,0,0,1,0,0,0,0,0,0,0,0,0,0,2,0,2,2,0,0,0,0,0,0,0,0,0,0,0,1,0,0,0,0,0,0,0,0,0,0,0,1,0,0,0,0,1,0,0,0,0,0,0,1,0,0,0,0,0,0,0,2,2,0,0,0,0,0,0,0,0,0,0,0,0,0,0,0,0,1,0,0,0,1,0,0,0,0,0,0,0,0,0,0,0,0,0,0,0,0,0,0,0,0,0,0,0,0,0,0,0,0,0,0,0,0,1,0,0,0,0,1,0,0,0,0,0,0,0,0,0,0,0,0,0,0,0,0,0,0,0,0,0,0,0,0,0,0,0,0,0,0,0,0,0,0,0,0,0,0,0,0,0,0,1,0,0,0,0,1,0,0,0,0,0,0,0,0,0,0,1,0,0,0,0,0,3,0,0,0,0,0,0,0,0,0,0,1,0
1,0,0,0,0,0,0,0,0,1,0,1,0,0,0,0,0,0,0,0,0,0,0,1,0,0,0,0,0,0,0,0,0,0,0,0,0,1,0,0,0,0,0,0,0,1,0,0,1,0,0,1,0,0,0,1,0,0,0,0,0,0,0,0,0,0,0,0,0,0,0,0,0,0,0,0,0,0,0,0,0,0,1,0,1,0,0,0,0,0,0,0,0,0,0,0,0,0,0,0,0,0,0,0,0,0,0,0,0,0,1,1,0,0,0,0,0,0,0,0,0,0,0,0,0,0,0,0,0,0,0,0,0,2,0,0,0,0,0,0,0,0,0,0,0,0,0,0,0,0,0,1,0,1,1,0,0,0,0,0,0,0,0,1,0,0,0,0,0,0,0,0,0,0,0,0,1,0,0,0,0,1,0,0,1,1,0,0,0,0,1,0,0,0,0,0,0,0,0,0,0,0,0,0,0,0,0,0,0,0,0,0,0,0,0,0,0,0,0,0,0,0,0,0,0,0,0,0,0,0,0,0,0,0,0,0,0,0,0,0,0,0,0,0,0,0,0,0,0,0,0,0,0,0,0,0
1,0,0,0,0,0,0,0,0,1,0,0,0,0,0,0,0,0,0,0,0,0,0,0,0,0,0,0,0,0,0,0,0,2,0,0,0,3,3,0,0,0,0,1,0,1,0,0,1,0,0,3,0,0,0,1,0,0,0,0,0,0,0,0,0,0,0,0,0,0,0,0,0,0,0,0,0,0,0,0,0,0,2,0,1,0,0,0,0,0,0,0,0,0,0,0,0,0,0,0,0,0,0,0,0,0,0,0,0,0,0,0,0,0,0,0,0,0,0,0,0,0,0,0,0,0,0,0,0,0,0,0,0,4,0,0,0,0,0,0,0,0,0,0,0,0,1,0,0,0,0,0,0,1,1,0,0,0,0,0,0,0,0,2,0,0,0,0,0,0,0,0,0,1,0,0,1,0,0,0,0,1,0,0,0,0,0,0,0,0,1,0,0,0,0,0,0,0,0,0,0,0,1,0,0,0,0,0,0,0,0,0,0,0,0,0,0,0,0,0,0,0,0,0,0,0,0,0,0,1,0,0,0,0,0,0,0,0,0,0,0,0,0,0,1,0,0,2,0,0,1,0,1,0,0,0
1,0,1,0,0,0,0,0,0,1,0,0,0,0,1,0,0,0,0,0,0,0,0,0,0,0,0,0,0,0,0,0,0,0,0,0,0,0,0,0,0,0,0,0,0,0,1,0,1,0,0,0,0,0,0,0,0,0,0,0,0,0,1,0,0,0,0,0,1,0,0,0,0,0,0,0,0,1,0,0,0,0,1,0,1,0,0,0,0,0,0,0,0,0,0,0,0,0,0,0,0,0,0,0,0,0,0,0,0,0,0,0,0,0,0,0,0,0,0,0,0,0,0,0,0,0,0,0,0,0,0,3,1,2,0,0,0,0,0,0,0,0,0,0,0,0,0,0,0,0,0,0,0,0,1,0,0,0,0,0,0,0,0,1,0,0,0,0,0,0,0,0,0,1,0,0,1,0,0,0,0,1,0,0,0,0,0,0,0,0,1,0,0,1,0,0,1,0,0,0,0,0,0,0,0,0,0,0,0,0,0,0,0,0,0,0,0,0,0,1,0,0,0,0,1,0,0,0,0,0,0,3,0,0,0,0,0,0,0,0,1,0,0,0,0,0,0,0,0,1,0,0,0,0,0,0
1,0,0,0,0,0,0,1,0,1,0,0,0,0,0,0,0,0,0,0,1,0,0,0,3,0,0,0,0,0,0,0,0,2,1,0,0,3,2,0,0,0,0,0,0,1,0,0,1,0,0,0,0,0,0,0,0,0,0,0,0,0,0,0,0,0,0,0,0,0,0,0,0,0,0,0,0,0,0,0,0,0,1,0,1,0,0,0,0,0,0,0,0,0,0,0,0,0,0,0,0,0,0,0,0,0,0,0,0,0,0,0,0,0,0,0,0,0,0,0,0,0,0,0,0,0,0,0,0,0,0,0,0,3,0,0,0,0,0,0,2,0,1,0,0,0,1,0,0,0,0,0,0,0,1,0,0,0,0,0,0,0,0,1,0,0,0,0,0,0,0,0,0,0,0,0,1,0,0,0,0,1,0,0,0,0,0,0,0,0,1,0,0,0,0,0,0,1,0,0,0,1,0,0,0,0,0,0,0,0,0,0,0,0,0,0,0,0,0,0,1,0,0,0,0,0,0,1,0,2,0,0,0,0,0,0,0,0,0,0,0,0,0,1,0,0,0,0,1,1,0,0,0,0,0,0
1,0,0,0,0,0,0,0,0,1,1,0,0,0,0,0,0,0,1,0,0,0,0,0,0,0,0,0,0,0,0,0,0,0,0,0,0,0,2,0,0,0,0,0,0,0,0,0,1,0,0,1,0,0,0,0,0,0,0,0,0,1,0,0,0,0,0,0,0,0,0,0,0,0,0,0,0,0,0,0,0,0,1,0,1,0,0,0,0,0,0,0,0,0,0,0,0,0,0,0,0,0,0,0,0,0,0,0,0,0,0,0,0,0,0,0,0,0,0,0,0,0,0,0,0,0,0,0,0,0,0,0,0,2,1,0,0,0,0,1,0,0,0,0,0,0,0,0,0,0,1,0,0,0,1,0,0,0,0,0,0,0,0,1,0,0,0,0,0,0,0,0,0,0,0,0,1,0,0,0,0,1,0,0,0,0,0,0,0,0,1,0,0,0,0,0,0,0,0,0,0,0,0,0,0,0,0,0,0,0,0,0,0,0,0,0,0,0,0,0,0,0,0,0,0,0,0,0,0,0,0,0,0,0,0,0,0,0,0,0,0,0,0,0,1,0,0,2,0,0,0,0,0,0,0,0
1,0,0,0,0,0,0,1,0,1,0,0,0,0,0,0,0,0,0,0,0,0,0,0,0,0,1,0,0,0,0,0,1,0,0,1,0,0,0,0,0,0,0,0,0,0,0,0,1,0,0,0,0,0,0,3,0,0,0,0,0,0,0,0,0,0,0,0,0,0,0,0,0,0,0,0,0,0,2,0,0,0,1,0,1,1,0,0,0,0,0,0,0,0,0,3,0,0,0,0,0,0,0,0,0,0,0,0,0,0,0,0,0,0,0,0,0,0,0,0,0,0,0,0,0,0,0,0,0,0,0,0,0,1,0,0,0,0,0,0,0,0,0,0,0,0,0,0,0,0,0,0,0,0,1,0,0,0,0,0,0,0,0,2,0,0,0,0,0,0,0,0,0,1,0,0,1,0,1,0,0,1,0,0,2,0,0,0,0,0,1,0,0,0,0,0,0,0,0,0,0,0,0,0,0,0,0,0,0,0,0,0,0,0,0,0,0,0,0,0,0,0,0,0,0,0,0,1,0,0,0,0,0,0,0,0,0,0,0,0,0,0,0,0,0,0,0,0,1,1,0,0,0,0,0,0
1,0,0,0,0,0,0,0,0,1,0,0,0,0,0,0,0,0,0,0,3,0,0,0,0,0,0,0,0,0,0,0,0,0,0,0,1,2,0,0,0,0,0,0,0,2,0,0,1,0,0,1,0,0,0,0,0,0,0,2,0,0,0,0,0,0,0,0,0,0,0,0,0,0,0,2,0,0,0,0,0,0,1,0,1,0,1,0,2,0,3,0,3,0,0,0,0,0,0,0,0,0,0,0,0,0,2,0,0,0,0,0,0,0,0,3,0,0,0,0,0,0,0,0,1,0,0,0,0,0,0,0,0,3,0,0,0,0,0,0,0,0,0,1,0,0,0,0,0,0,0,1,0,0,1,0,0,0,0,0,0,0,0,1,0,0,0,0,0,0,0,0,0,0,0,0,1,0,0,0,0,1,0,0,0,0,0,0,0,0,1,0,0,0,0,0,0,0,0,4,0,0,5,0,0,0,0,0,0,0,0,0,0,0,0,0,0,0,0,1,0,0,0,0,0,0,0,0,0,0,0,0,0,0,0,0,0,0,0,0,0,0,0,0,1,0,0,1,0,1,0,0,0,0,0,0
1,1,0,0,0,0,0,0,0,1,2,0,0,1,1,0,0,0,0,0,3,0,0,0,1,0,0,2,0,0,0,0,0,0,0,0,0,0,0,0,0,0,0,0,1,0,0,0,1,0,0,0,0,0,0,0,0,0,0,3,0,0,1,1,0,0,0,0,0,0,0,0,0,0,0,1,0,0,1,0,0,0,1,0,1,0,0,0,0,0,0,0,0,0,0,0,0,0,0,0,0,0,0,0,0,0,0,0,0,0,0,0,0,0,0,0,0,0,0,0,0,0,0,0,0,0,0,0,0,0,0,0,0,1,0,0,0,0,0,0,0,0,0,0,0,0,0,0,0,0,0,0,0,0,1,0,0,0,0,1,0,0,0,1,0,0,0,0,0,0,2,0,0,0,0,0,1,0,0,0,1,1,0,0,0,1,0,0,0,0,1,0,0,0,0,0,0,0,0,2,0,0,1,1,0,0,0,0,0,1,0,0,0,0,0,0,0,0,0,0,0,0,0,0,2,0,0,1,3,0,0,0,0,0,0,0,0,0,0,1,0,0,0,0,0,0,0,0,0,1,0,0,0,0,0,0
0,0,0,0,0,0,0,0,0,0,0,0,0,1,0,0,0,0,0,0,0,0,0,0,0,0,0,0,0,0,0,0,0,0,0,0,0,0,0,0,0,0,0,0,0,1,0,0,0,0,1,0,0,0,1,0,0,1,0,0,1,0,0,0,0,0,0,0,0,0,0,0,0,0,0,0,0,0,0,0,0,0,0,1,0,0,0,0,0,0,0,0,0,0,0,0,0,0,0,0,0,0,0,0,0,0,1,0,0,0,0,0,0,0,0,1,0,1,0,1,0,0,0,1,0,0,0,0,0,0,0,0,0,0,0,0,0,0,0,0,0,0,0,0,0,0,0,0,0,0,0,0,0,0,0,0,0,0,0,0,0,0,0,0,0,0,0,0,0,0,0,0,0,1,0,0,0,0,1,0,0,0,0,0,0,0,0,0,0,0,0,0,0,0,0,0,0,0,0,0,0,0,0,0,0,0,0,0,0,0,0,1,0,0,0,0,2,0,0,0,0,1,0,0,0,1,0,0,0,0,0,0,0,0,0,1,0,1,1,0,0,0,0,0,0,0,0,0,0,1,0,0,0,0,1,0
0,0,0,0,0,0,0,0,0,0,1,0,0,1,0,0,0,0,0,1,0,0,0,0,0,0,0,0,0,0,0,0,0,0,0,0,0,0,0,1,0,0,0,0,0,1,0,0,0,0,1,0,0,0,1,0,0,1,0,0,1,0,0,1,0,0,0,0,1,0,0,0,0,0,1,0,0,0,0,0,0,0,0,0,0,0,0,0,0,0,0,0,0,0,0,0,0,0,0,0,0,0,0,0,0,0,0,0,1,0,0,0,0,0,0,0,0,0,0,1,0,0,0,0,1,0,0,0,0,0,0,0,0,0,0,0,0,0,0,0,0,0,0,0,0,0,0,0,0,0,0,0,0,0,0,0,0,0,0,0,0,0,0,0,0,0,0,0,0,0,0,0,0,1,0,0,0,0,1,0,0,0,0,0,0,0,0,0,0,0,0,0,0,0,0,0,0,1,0,0,0,0,0,0,0,0,0,0,0,0,0,0,0,0,0,0,0,0,0,0,0,1,0,0,0,0,0,0,0,0,0,0,0,0,0,1,0,1,1,0,0,0,0,0,0,0,0,0,0,2,0,0,0,0,0,0
1,0,0,0,0,0,0,0,1,1,0,0,0,1,0,0,0,0,0,0,0,0,0,0,0,0,0,0,0,0,0,0,0,0,0,0,0,0,0,0,0,0,0,0,0,0,0,0,1,0,0,1,0,0,0,0,0,0,0,1,0,0,0,0,0,0,0,0,0,0,0,0,0,1,0,0,0,0,0,0,0,0,1,1,0,0,0,0,0,0,0,0,0,0,0,0,0,0,0,0,1,0,0,0,0,0,1,0,0,1,0,0,0,0,0,1,0,0,0,1,0,0,0,0,0,1,0,0,0,0,0,0,0,1,0,0,0,0,0,0,0,0,0,0,0,0,0,0,0,0,0,0,0,1,1,0,0,0,0,0,0,0,0,0,0,0,0,0,0,0,0,0,0,0,0,0,0,0,1,0,0,1,0,0,1,0,0,0,0,0,0,1,0,1,0,0,1,0,0,0,0,0,1,0,0,0,0,0,0,0,0,0,0,1,0,0,1,0,0,0,0,1,0,0,0,0,0,0,0,1,0,0,0,0,0,0,0,1,0,0,0,0,0,0,0,0,1,0,0,0,0,0,0,0,0,0
0,0,0,0,0,0,0,0,0,0,0,0,0,1,0,0,0,0,0,0,0,0,0,0,0,0,0,0,0,0,0,0,0,0,0,0,0,0,0,0,0,1,0,0,0,1,0,0,0,0,1,0,0,0,3,0,0,1,0,0,0,0,0,0,1,0,0,0,0,0,0,0,0,0,0,0,0,1,0,0,0,0,0,1,0,0,0,0,0,0,0,0,0,0,0,0,0,0,0,0,0,0,0,1,0,0,0,0,0,0,0,0,0,0,0,1,0,0,1,1,0,0,0,0,2,1,0,0,0,0,0,0,0,1,0,0,0,0,0,0,0,1,0,0,0,0,0,0,0,0,0,0,0,0,0,0,0,0,0,0,0,0,0,0,0,0,0,2,0,0,1,0,0,1,0,1,0,0,1,0,0,0,0,0,0,2,0,0,0,0,0,1,0,0,0,0,0,0,0,0,0,0,0,0,0,0,0,0,0,0,0,0,0,0,0,0,1,0,0,0,0,1,0,0,0,0,0,0,0,0,0,0,0,0,0,0,0,1,0,0,0,0,0,0,0,0,0,0,0,0,0,0,0,0,0,0
0,0,0,0,0,0,1,0,0,0,1,0,0,1,0,0,0,0,0,0,0,0,0,0,0,0,0,0,0,0,0,0,0,0,0,0,0,0,0,2,0,1,0,0,0,0,0,0,1,0,1,0,0,0,0,0,0,1,0,0,1,0,0,0,0,0,0,0,0,0,0,0,0,0,0,0,0,0,0,0,0,0,0,0,0,0,0,0,0,0,0,0,0,0,0,0,1,0,0,0,0,0,0,3,0,0,1,0,0,0,3,0,0,0,0,0,0,0,0,1,0,0,0,0,0,0,0,0,0,0,0,0,0,0,0,0,0,0,0,0,1,0,0,0,0,0,2,0,0,0,0,0,0,0,0,0,2,0,4,0,0,0,0,0,0,0,0,0,1,0,0,0,0,1,0,0,0,0,1,0,0,0,0,1,0,0,0,0,0,0,0,1,0,0,0,0,0,0,0,0,0,0,0,0,0,1,0,1,0,0,1,0,1,0,0,0,0,0,0,0,0,1,0,0,0,0,0,0,0,0,0,0,0,0,0,0,0,1,0,0,0,0,0,0,0,0,0,0,0,1,0,0,0,0,0,0
1,0,0,0,0,0,0,0,0,1,0,0,0,0,0,0,0,0,0,0,2,0,0,0,0,0,1,0,0,0,0,0,0,0,0,0,0,0,0,0,0,0,0,0,0,0,0,0,1,0,0,0,0,0,0,0,0,0,0,0,0,0,0,0,0,0,0,0,0,0,0,0,0,0,0,2,0,0,0,3,0,1,1,0,1,0,1,0,0,0,0,0,0,0,0,0,0,0,0,0,0,0,0,0,0,0,0,0,0,0,0,0,0,0,0,0,0,0,0,0,0,0,0,0,0,0,0,0,0,0,0,0,0,3,0,0,0,0,0,0,0,0,0,0,0,0,0,0,0,0,0,0,0,0,2,0,0,0,0,3,0,0,0,1,0,0,0,0,0,0,0,0,0,0,0,0,1,0,0,0,0,1,0,0,0,0,0,1,0,0,1,0,0,0,0,0,0,0,0,0,0,0,1,1,0,0,0,0,0,0,0,0,0,0,0,0,0,0,0,0,0,0,0,0,0,0,0,0,0,0,0,0,0,0,0,0,0,0,0,0,0,0,0,0,0,0,0,0,0,0,0,0,1,1,0,0
1,0,0,0,0,0,0,0,0,1,0,0,0,0,0,0,0,0,0,0,0,0,0,0,0,0,0,0,0,0,0,0,0,0,0,0,0,0,0,0,0,0,0,1,0,2,0,0,1,0,1,0,0,1,0,0,0,0,0,0,0,0,0,0,0,0,0,0,0,0,0,0,0,0,0,0,0,0,0,0,0,0,1,1,1,0,0,0,0,0,0,0,0,0,0,0,0,0,0,0,0,0,0,0,0,0,0,0,0,0,0,0,0,0,0,0,0,0,0,0,0,0,0,0,0,0,0,0,0,0,0,0,0,1,0,0,0,0,0,0,0,0,0,0,0,0,0,0,0,0,0,0,0,0,1,0,0,0,0,0,0,0,0,2,0,0,0,0,0,0,0,0,0,0,0,1,1,2,0,0,0,1,0,2,0,0,0,0,0,0,1,0,0,1,0,0,0,0,0,1,0,0,0,1,1,0,0,0,0,0,0,0,0,0,1,0,0,0,0,1,0,0,0,0,0,0,0,1,0,0,0,0,0,0,0,0,0,0,0,0,0,0,0,0,0,0,0,0,0,1,0,0,1,0,0,0
1,0,2,0,0,4,0,0,0,1,0,0,0,0,0,0,0,0,0,0,0,0,0,0,0,0,3,0,1,0,0,0,0,0,0,0,0,0,0,0,0,0,0,0,0,0,0,0,1,0,0,0,0,0,0,0,0,0,0,0,0,0,0,0,0,0,0,0,0,0,0,0,0,0,0,0,0,0,0,0,0,0,1,0,1,0,2,0,0,0,0,0,0,0,0,0,0,0,0,0,0,0,0,0,0,0,0,0,0,0,0,0,0,0,0,0,0,0,0,0,0,3,0,0,0,3,0,0,0,0,0,0,0,1,0,0,0,0,0,0,0,0,0,0,0,0,1,0,0,0,0,0,0,0,1,0,0,0,0,0,0,0,0,1,0,3,0,0,0,0,0,0,0,0,0,0,1,0,0,0,0,1,0,3,0,0,1,0,0,0,1,0,0,1,0,0,0,1,0,0,0,0,0,0,0,0,0,0,0,0,0,0,0,0,0,0,0,0,0,0,0,0,0,0,0,0,0,1,0,0,0,0,0,0,0,0,0,0,0,0,0,0,0,0,0,0,0,0,0,0,0,0,0,0,0,0
1,0,0,0,0,0,0,0,2,1,0,0,0,0,0,0,0,0,0,0,3,0,0,0,0,0,1,2,1,0,0,0,0,0,0,0,0,0,0,0,0,0,0,0,0,0,0,0,1,0,0,0,0,0,0,0,0,0,0,0,0,0,0,0,0,0,0,0,0,0,0,0,0,0,0,1,1,0,0,0,0,0,1,0,1,0,0,0,1,0,0,0,0,0,0,0,0,0,0,0,0,0,0,0,0,0,0,0,0,0,0,0,0,0,0,0,0,0,0,0,0,0,0,0,0,0,0,0,0,0,0,0,0,3,0,0,0,0,0,0,0,0,1,0,0,0,0,0,0,0,0,0,0,0,1,0,0,0,0,3,0,0,0,1,0,0,0,0,0,0,0,1,0,0,0,0,1,0,0,0,0,1,0,0,1,0,0,0,0,0,1,0,1,1,0,0,0,1,0,1,0,0,2,0,0,0,0,0,0,0,1,0,0,0,0,0,0,0,0,0,0,0,0,0,1,0,0,0,0,0,0,0,0,0,0,0,0,0,0,0,0,0,0,0,0,0,0,0,0,0,0,0,1,0,0,0
1,0,0,0,0,0,0,0,0,1,0,0,0,0,0,0,0,0,0,0,2,0,0,1,1,0,0,0,0,0,0,0,1,0,0,0,0,0,0,0,0,0,0,0,0,0,0,0,1,0,0,1,0,0,0,0,0,0,0,0,0,0,0,0,0,0,0,0,0,0,0,0,0,0,0,0,0,0,0,0,0,0,1,0,1,0,0,0,1,0,0,0,0,0,0,0,0,0,0,0,0,0,0,0,0,0,0,0,0,0,0,0,0,0,0,0,0,0,0,0,0,0,0,0,0,0,0,0,0,0,0,0,0,1,0,0,0,0,0,0,0,0,2,0,0,0,0,0,0,0,0,0,0,0,1,0,0,0,0,0,0,0,0,0,0,0,0,0,0,0,0,0,0,0,0,0,1,0,0,0,0,1,0,0,0,0,0,0,0,0,1,0,0,1,0,0,1,0,0,1,0,0,2,0,0,0,0,0,0,0,0,0,0,0,0,0,0,0,0,0,0,0,0,0,0,0,0,0,0,0,0,0,0,0,0,0,0,0,0,0,0,0,0,0,0,0,0,0,0,0,0,0,0,0,0,0
1,0,0,0,0,0,0,0,0,1,0,0,0,0,1,0,0,0,1,0,2,0,0,0,2,0,1,0,1,0,0,0,0,1,1,0,0,1,1,0,0,0,0,0,0,0,0,0,1,0,0,0,0,0,0,0,0,0,0,1,0,0,0,0,0,0,0,0,0,0,0,0,0,0,0,0,0,1,0,0,0,0,1,0,1,0,0,0,0,0,0,1,0,0,1,0,0,0,0,0,0,0,0,0,0,0,0,0,0,0,0,0,0,0,0,0,0,0,0,0,0,0,0,0,0,0,0,0,0,0,0,0,0,2,0,0,0,0,0,0,0,0,0,0,0,0,0,0,0,0,0,0,0,0,1,0,0,0,0,0,1,0,0,2,0,0,0,0,0,0,0,0,0,0,0,0,1,0,0,0,0,1,0,0,0,0,0,0,0,0,1,0,0,0,0,0,1,0,0,0,0,0,1,0,0,0,0,0,0,0,0,0,0,0,0,0,0,0,0,0,0,0,0,0,0,0,0,0,0,0,0,0,0,0,0,0,0,0,0,0,0,0,0,0,0,0,0,0,0,0,0,0,0,0,0,0
1,0,0,0,1,0,0,0,1,1,0,0,0,1,0,1,1,1,0,0,2,0,0,0,2,0,0,0,0,0,0,0,0,1,0,0,0,1,1,0,0,0,0,0,0,2,0,2,1,0,0,0,0,0,0,0,0,0,0,0,0,0,0,0,0,0,0,0,0,0,0,0,0,0,0,0,0,0,0,0,0,0,1,2,1,0,0,0,0,0,0,0,0,0,0,0,0,0,0,0,0,0,0,0,0,0,0,0,0,0,0,0,0,0,1,1,0,0,0,1,0,0,0,0,0,0,0,0,0,0,0,0,0,1,0,0,1,0,0,0,1,0,0,0,0,0,0,0,0,0,0,2,0,0,1,1,0,0,0,1,0,0,1,1,0,1,0,0,0,0,0,0,0,0,0,0,0,0,1,0,0,2,0,0,0,0,0,0,0,0,1,0,3,2,0,1,0,1,0,1,1,0,1,0,0,0,0,0,0,0,0,0,0,0,0,0,0,0,0,0,1,0,0,0,0,0,0,0,0,0,0,0,0,1,0,0,0,0,0,0,1,0,0,0,0,0,1,0,0,0,0,0,0,0,0,0
1,0,0,0,0,0,0,0,0,0,0,0,0,1,0,0,0,0,0,0,0,0,0,0,1,0,0,0,0,0,0,0,0,0,0,0,0,0,0,1,0,0,0,0,0,1,0,0,0,0,0,0,0,0,0,0,0,1,0,0,0,0,0,0,0,0,0,0,0,0,0,0,0,2,2,0,0,0,0,0,0,0,0,0,0,0,0,1,0,0,0,0,0,0,1,0,0,0,0,0,0,0,0,0,0,0,0,0,0,0,0,0,0,0,0,0,0,0,0,1,0,2,0,0,0,0,0,0,0,0,0,0,0,0,0,0,0,0,0,0,0,0,0,0,0,0,0,0,0,0,0,0,0,0,0,0,0,0,0,0,0,1,0,0,0,0,0,0,0,0,0,0,0,1,0,0,0,0,1,0,0,1,0,0,0,0,0,0,0,0,0,0,0,0,0,0,0,0,0,0,0,0,1,0,0,0,0,0,0,0,0,0,0,0,0,0,0,0,0,0,0,0,0,0,0,0,0,0,0,0,0,0,0,0,0,0,2,1,0,0,0,0,0,1,0,0,0,0,0,0,0,0,0,0,0,0
1,0,0,0,0,0,0,0,0,1,2,0,0,1,0,0,0,0,0,0,0,0,0,0,0,0,2,0,0,0,0,0,0,0,0,1,0,0,0,0,0,0,0,0,2,2,0,0,1,0,0,0,0,0,0,2,0,0,0,2,0,0,0,0,0,0,0,0,0,0,0,0,0,0,0,0,0,0,0,0,0,0,1,0,1,0,0,0,0,0,0,0,0,0,0,1,0,0,1,0,0,0,0,0,0,0,0,0,0,0,0,0,0,0,0,1,0,0,0,0,0,0,0,0,0,0,0,0,0,0,0,0,0,1,0,0,0,0,0,0,0,0,0,0,0,0,0,0,0,0,0,0,0,0,1,0,0,1,0,0,0,0,0,1,0,0,0,0,0,0,0,0,0,0,0,0,0,0,0,0,0,1,0,0,1,0,0,0,0,0,1,0,0,0,0,0,0,0,0,0,0,0,0,0,0,0,0,0,0,0,0,0,0,0,0,0,0,0,0,0,0,0,0,0,0,0,0,0,0,0,0,0,0,0,0,0,0,0,0,0,0,0,0,0,0,0,0,0,0,0,0,0,0,3,0,0
1,0,0,0,0,1,0,0,0,1,0,0,0,0,1,0,0,0,0,0,2,0,0,0,2,0,0,0,0,0,0,0,0,0,0,0,0,0,0,0,0,0,0,0,1,0,0,0,1,0,0,0,0,0,0,0,0,0,0,1,0,0,0,0,0,0,0,0,0,1,0,0,0,0,0,0,0,0,1,0,0,0,1,0,1,0,0,0,0,0,0,0,0,0,0,2,0,0,0,0,0,0,0,0,0,0,0,0,0,0,0,1,0,0,0,0,0,0,0,0,0,0,0,0,0,0,0,0,0,0,0,0,0,2,0,0,0,0,0,1,0,0,1,0,0,0,1,0,0,0,0,1,0,0,1,0,0,0,0,0,0,0,0,2,0,0,0,0,0,0,0,0,0,0,1,0,1,0,0,0,0,1,0,0,0,0,0,1,0,0,1,0,0,0,0,0,0,0,0,0,0,0,0,0,0,0,0,0,0,0,0,0,0,0,0,0,0,0,0,0,0,0,0,0,0,0,0,0,0,0,0,0,0,0,0,0,0,0,0,0,0,0,0,0,0,0,0,0,0,0,0,0,0,0,0,0
1,0,0,0,0,0,0,0,0,1,0,0,0,0,0,0,0,0,0,1,0,0,0,0,0,0,0,0,0,1,0,0,0,0,0,0,0,0,0,0,0,0,0,0,0,0,0,0,1,0,0,0,0,0,0,0,0,0,0,0,0,0,0,0,0,0,0,0,0,0,0,0,0,0,0,0,0,0,0,0,0,0,1,0,1,0,0,0,0,0,0,0,0,0,0,0,0,0,0,0,0,0,1,0,0,0,0,0,0,0,0,0,1,0,0,0,0,0,0,0,0,0,0,0,0,0,0,0,0,0,0,0,0,2,0,0,0,0,0,0,0,0,0,0,0,0,2,0,0,0,0,0,0,0,1,0,0,0,0,0,0,0,0,1,0,0,0,0,0,0,0,0,0,0,0,0,1,0,0,0,0,1,0,0,0,0,0,0,0,0,1,0,0,0,0,0,0,0,0,0,1,0,0,0,0,0,0,0,0,0,0,0,0,0,0,0,0,0,0,0,1,0,0,0,0,0,0,0,0,0,0,0,0,1,0,0,0,0,0,0,2,0,0,0,0,0,0,1,0,0,0,0,0,0,0,0
1,0,0,0,0,0,0,0,0,1,0,0,0,0,0,0,0,0,0,0,0,0,0,0,0,0,0,0,0,0,0,0,0,0,0,0,0,2,3,0,0,0,0,0,0,3,0,0,1,0,0,1,0,0,0,0,0,0,0,0,0,1,0,0,0,0,0,0,0,0,0,0,0,0,0,0,0,0,0,0,0,0,1,0,1,1,0,0,1,0,0,0,0,0,0,0,0,0,0,0,0,0,0,0,0,0,1,0,0,1,0,0,0,0,0,0,0,0,0,0,0,2,0,0,0,1,0,0,0,0,0,0,0,3,0,0,0,0,0,0,0,0,0,0,0,0,0,0,0,0,0,0,0,0,1,0,0,0,0,0,0,0,0,1,0,0,0,0,0,0,0,0,0,0,0,0,2,0,0,0,0,1,0,0,0,0,0,0,0,0,1,0,0,0,0,0,0,0,0,0,0,0,0,0,0,0,0,0,0,0,0,0,0,0,0,0,0,0,0,0,0,0,0,0,0,0,0,0,0,0,0,0,0,0,0,0,0,0,0,0,0,0,0,0,0,0,0,1,0,0,0,0,0,0,0,0
1,0,0,0,1,0,0,0,0,1,0,0,0,0,0,1,0,1,0,0,0,0,0,0,0,0,1,0,0,0,0,0,0,0,0,0,0,0,0,0,0,0,0,0,0,0,0,0,1,0,0,0,0,0,0,0,0,0,0,0,0,0,0,0,0,0,0,0,0,0,0,0,0,0,0,0,0,0,0,0,0,0,1,0,1,0,0,0,0,0,0,0,0,0,0,1,0,1,0,0,0,0,0,1,0,0,0,0,0,0,0,0,0,0,0,0,0,0,0,0,0,0,0,0,0,0,0,0,0,0,0,0,0,1,0,0,0,0,0,0,0,1,0,0,1,0,0,0,0,0,0,1,0,0,1,0,0,0,0,0,0,0,0,2,0,0,0,0,2,0,0,0,0,0,0,0,1,0,0,0,0,2,0,0,0,0,2,0,2,0,1,0,0,0,0,1,0,0,0,0,0,0,0,0,0,0,0,0,0,0,0,0,0,1,0,0,0,0,0,0,0,0,0,0,0,0,0,0,0,0,0,0,0,0,0,0,0,1,0,0,0,0,0,0,0,0,0,0,0,0,0,0,0,0,0,0
0,1,1,0,0,2,2,0,0,0,0,0,0,1,0,0,0,0,0,0,0,0,0,0,0,0,0,0,0,0,0,0,0,0,0,0,0,0,0,1,0,0,0,0,0,1,0,0,0,0,0,0,0,0,0,0,0,1,0,0,1,0,0,0,0,0,0,0,0,0,0,0,0,0,0,0,0,0,0,0,0,0,0,0,0,0,0,0,0,0,0,0,0,0,0,0,0,0,0,1,1,0,0,0,0,0,0,0,0,1,0,0,0,0,0,0,0,1,3,1,0,0,0,0,0,0,0,1,0,0,0,0,0,0,1,0,0,0,0,0,0,0,0,0,0,0,0,0,0,0,0,0,0,0,0,0,0,0,0,0,0,0,0,0,0,0,0,0,0,0,0,0,0,1,0,0,0,0,1,0,0,0,0,0,1,0,0,0,0,2,0,0,0,0,0,0,0,0,0,0,0,0,0,0,0,0,0,0,0,0,0,0,0,0,0,0,0,0,0,0,0,1,0,0,0,0,2,0,0,0,0,0,0,0,0,0,0,1,0,0,0,0,0,0,0,0,0,0,0,2,0,0,0,0,0,0
0,0,0,0,0,0,0,0,0,0,0,0,0,1,0,0,0,1,0,0,0,0,0,0,0,0,0,0,0,0,0,0,0,1,0,0,0,0,0,0,0,1,0,0,0,1,0,0,0,0,3,0,0,0,1,0,0,3,0,0,1,0,0,0,0,0,0,0,0,0,0,0,0,1,0,0,0,0,0,1,0,0,0,0,0,0,0,1,0,0,0,0,0,0,0,0,0,0,0,1,1,0,0,1,0,0,1,0,0,0,0,0,0,0,0,0,0,0,4,4,0,0,0,1,0,1,0,0,0,0,0,0,0,0,0,0,1,0,0,0,0,0,0,0,0,0,0,0,0,0,0,0,0,0,0,0,0,0,0,1,0,2,0,0,0,0,0,0,0,0,0,0,0,1,0,0,0,0,1,0,0,0,0,1,0,0,0,0,0,0,0,0,0,0,0,0,0,3,0,0,0,0,0,0,0,1,0,0,0,0,0,1,0,0,0,0,0,0,0,0,0,2,0,0,0,0,1,0,0,0,0,0,0,0,0,1,0,1,1,0,0,0,0,0,0,0,0,0,0,0,0,0,0,0,0,0
1,0,0,0,0,0,0,1,0,1,0,0,0,0,0,0,0,0,0,0,0,0,0,0,0,0,1,0,0,0,0,0,0,0,0,0,0,1,0,0,0,0,0,1,0,1,0,1,1,0,0,0,0,2,0,1,0,0,0,0,0,0,0,0,0,0,0,0,0,0,0,0,0,0,0,0,0,0,0,0,1,0,1,0,1,0,0,0,0,0,0,0,0,0,0,0,0,0,0,0,0,0,0,0,0,0,0,0,0,0,0,0,0,0,0,0,0,0,0,0,0,0,0,0,0,0,0,0,0,0,0,0,0,2,0,0,0,0,0,0,0,0,0,0,0,0,0,0,0,0,1,0,0,0,1,0,0,1,0,0,0,0,0,1,0,0,0,0,0,0,0,0,0,0,0,0,1,0,0,0,0,1,0,0,0,0,0,0,0,0,1,0,0,1,0,0,0,0,0,1,0,0,0,1,0,0,0,0,0,0,0,0,0,0,0,0,0,0,1,0,0,0,0,0,0,0,0,1,0,0,0,0,0,0,1,0,0,0,0,0,0,0,0,0,0,0,0,0,0,1,0,0,1,0,0,0
1,0,0,0,0,0,0,0,0,1,0,0,0,0,0,0,0,0,0,0,0,0,0,0,0,0,0,0,0,0,0,0,0,0,0,0,0,0,0,0,0,0,0,0,0,1,0,0,1,0,0,1,0,0,0,1,0,0,0,1,0,0,0,0,0,0,0,0,0,0,0,0,0,0,0,0,0,0,0,0,0,0,1,0,1,0,0,0,0,0,0,0,0,0,0,0,0,0,0,0,0,0,0,0,0,0,0,0,0,0,0,0,0,0,0,0,0,0,0,0,0,0,0,0,0,0,0,0,0,0,0,0,0,2,0,0,0,0,0,0,0,0,0,0,0,0,0,0,0,0,0,0,0,0,1,0,0,0,0,0,0,0,0,1,0,0,0,0,0,0,0,0,0,0,0,0,1,0,0,0,0,1,0,0,0,0,0,0,0,0,2,0,0,1,0,0,0,0,0,0,0,0,1,0,0,0,0,0,0,0,0,0,0,0,0,0,0,0,0,0,1,0,0,0,0,0,0,0,0,0,0,0,0,1,0,0,0,0,0,0,1,0,0,0,1,0,1,0,0,0,0,0,0,0,0,0
1,0,0,0,0,0,0,0,1,1,0,0,0,0,0,0,0,0,0,0,1,0,0,0,0,0,0,1,0,0,0,0,0,0,0,0,0,0,0,0,0,0,0,0,0,0,0,0,1,0,0,0,0,0,0,0,0,0,0,0,0,0,0,0,0,0,0,0,0,0,0,0,0,0,0,2,0,0,0,0,0,0,1,1,1,0,0,0,1,0,0,1,0,0,0,0,0,0,0,0,0,0,0,0,0,0,0,0,0,2,0,0,1,0,1,0,0,0,0,0,0,0,0,0,0,0,0,0,0,0,0,0,0,2,2,0,0,0,0,0,0,0,0,0,0,0,0,0,0,0,0,0,0,0,1,0,0,0,0,0,1,0,0,1,0,0,0,0,0,0,0,0,0,0,0,0,1,0,0,0,0,1,0,0,0,0,0,0,0,0,1,0,0,0,0,0,0,0,0,2,0,0,1,0,0,0,0,0,0,0,0,0,0,0,0,0,0,0,0,0,0,0,0,0,0,0,0,1,0,0,0,0,0,0,0,0,0,0,0,0,0,0,0,0,0,0,0,0,0,1,0,0,0,0,0,0
1,0,0,0,0,0,0,0,0,1,0,0,0,1,0,0,0,0,0,0,0,0,0,0,0,0,0,0,0,0,0,0,0,1,0,0,0,1,0,0,1,0,0,0,0,1,0,0,1,0,1,1,0,0,0,0,0,0,0,1,0,0,1,0,0,0,0,0,0,0,0,0,0,0,0,0,0,0,2,0,0,0,1,0,0,1,0,0,1,0,0,0,0,0,0,0,0,0,0,0,0,0,0,0,0,0,0,0,0,2,0,0,0,0,0,0,0,0,0,0,0,0,0,0,0,1,0,0,0,0,0,0,0,1,0,0,0,0,0,1,0,0,0,0,0,0,0,0,0,0,0,0,0,0,1,0,0,0,0,0,0,0,0,0,0,0,0,0,0,0,0,0,0,0,0,0,0,0,1,0,0,1,0,0,1,0,0,0,0,0,1,0,0,0,0,0,0,0,0,1,0,0,1,0,0,0,0,0,0,0,0,0,0,0,0,0,1,0,0,0,0,0,0,0,0,0,0,0,0,1,0,0,0,1,0,0,0,0,0,0,0,0,0,0,0,0,0,0,0,0,0,0,0,0,0,0
1,0,0,0,0,0,0,0,1,1,0,0,0,1,2,0,0,0,0,0,3,0,0,0,2,0,0,0,0,0,0,0,1,0,0,0,0,0,0,0,0,0,0,0,0,0,0,0,1,0,0,0,0,0,0,2,3,0,0,0,0,0,0,0,0,0,1,0,0,0,0,0,0,0,0,1,0,0,0,0,0,0,1,0,1,0,0,0,3,0,0,0,0,0,0,0,0,0,0,0,0,0,0,0,0,0,0,0,0,0,0,1,0,0,0,0,0,0,0,0,0,0,0,0,0,0,0,0,0,0,0,1,0,4,1,0,0,0,0,0,1,0,2,0,0,0,0,0,0,0,0,0,0,0,0,0,0,0,0,1,1,0,0,1,0,0,0,0,0,0,0,0,0,1,0,0,1,0,0,0,0,1,0,0,2,0,0,0,0,1,1,0,0,0,0,0,0,0,0,0,0,0,0,0,0,0,0,0,0,0,0,0,0,0,0,0,0,0,0,0,0,0,0,1,0,0,0,1,0,0,0,0,0,0,0,0,0,0,0,0,0,0,0,1,0,0,0,0,0,0,0,0,0,0,0,0
1,0,0,0,0,0,0,0,0,1,0,0,0,0,0,0,0,0,0,0,0,0,0,0,0,0,0,0,0,0,0,0,0,0,1,0,0,1,0,0,0,0,0,0,0,1,2,0,1,0,0,0,0,0,1,0,0,0,0,1,0,2,0,0,0,0,0,0,0,0,0,0,0,0,0,0,0,0,0,0,0,0,1,0,1,0,0,0,0,0,0,0,0,0,0,0,0,1,0,0,0,0,0,0,0,0,0,0,0,0,0,0,0,0,0,0,0,0,0,0,0,0,0,0,0,0,0,0,0,0,0,0,0,2,0,0,0,0,0,1,0,0,0,0,0,0,0,0,0,0,0,0,0,0,0,0,0,0,0,0,0,0,0,1,0,0,0,0,0,0,0,0,0,0,0,0,1,0,0,0,0,1,0,0,0,0,0,0,0,0,1,0,0,2,0,0,0,0,0,0,0,0,0,0,0,0,0,0,0,0,0,0,0,0,0,0,0,0,0,0,0,0,0,0,0,0,0,0,0,0,0,0,0,0,0,0,0,0,0,0,0,0,0,0,0,0,0,0,0,0,0,0,0,0,0,0
2,0,0,0,0,0,0,0,0,1,0,0,0,0,0,0,0,0,0,0,1,0,1,0,1,0,0,0,0,0,0,0,0,0,0,0,0,0,0,0,0,0,0,1,0,1,0,0,1,0,0,0,0,0,0,0,0,0,0,1,0,0,0,0,0,0,0,1,0,0,0,0,0,0,0,1,0,0,0,0,0,0,1,0,1,0,0,0,0,0,1,0,0,0,2,0,0,0,0,0,0,0,0,0,0,0,0,0,0,0,0,0,0,0,0,1,0,0,0,0,0,0,0,0,0,0,0,0,0,0,0,0,0,0,0,0,0,0,0,1,0,0,0,0,0,0,0,0,0,0,0,0,0,0,1,0,0,0,0,0,0,0,0,1,0,0,0,0,0,0,0,0,0,1,0,0,0,1,0,0,0,1,0,0,0,0,0,0,0,0,1,0,0,2,0,0,0,0,0,1,0,0,1,0,0,0,0,0,0,0,0,0,0,0,0,0,0,0,0,0,0,0,0,0,1,0,0,0,0,0,0,0,0,0,0,0,0,0,0,0,1,0,0,0,0,0,1,0,0,0,0,0,0,0,0,0
1,0,0,0,0,0,0,0,0,1,0,0,0,0,0,0,0,0,0,0,0,0,0,1,2,0,1,0,0,0,0,0,0,0,0,0,0,0,0,0,0,0,0,0,1,0,0,0,1,0,0,0,0,0,0,0,0,0,0,1,0,0,0,0,0,0,0,0,0,0,0,0,0,0,0,0,0,0,0,0,0,0,1,0,1,0,0,0,0,0,0,0,0,0,0,0,0,0,0,0,0,0,0,0,0,0,0,0,0,0,0,0,0,0,0,0,0,0,0,0,0,0,0,0,0,0,0,0,0,0,0,0,0,1,0,0,0,0,0,1,0,0,0,0,0,0,0,0,0,0,0,0,0,1,1,0,0,0,0,0,0,0,0,1,0,0,0,0,0,0,0,0,0,0,0,0,1,0,0,0,0,1,0,0,0,0,0,0,0,0,1,0,0,0,0,0,0,0,1,1,0,0,0,0,0,0,0,0,0,0,0,0,1,0,0,0,0,0,0,0,0,0,0,0,0,0,0,0,0,0,0,0,0,1,0,0,0,0,0,0,1,0,0,0,0,0,0,0,0,0,0,0,0,0,0,0
0,0,0,0,0,0,0,0,0,0,0,0,0,1,0,0,0,0,0,0,0,0,0,0,0,0,0,0,0,0,0,0,0,0,0,0,0,0,0,0,0,1,0,0,0,1,0,0,0,0,0,0,0,0,0,0,0,1,0,0,1,0,0,0,0,0,0,0,1,0,0,0,0,0,0,0,0,0,0,0,0,0,0,0,0,0,0,0,0,0,0,0,0,0,0,0,0,0,0,0,0,0,0,0,0,0,2,0,0,1,0,0,0,0,0,0,0,0,0,0,0,0,0,0,0,0,1,0,0,0,0,0,0,0,0,0,0,0,0,0,0,0,0,0,0,0,0,0,0,0,0,0,0,0,0,0,0,0,0,0,0,0,0,0,0,0,0,0,0,0,1,0,0,1,0,0,0,0,1,0,0,0,0,0,0,0,0,0,0,0,0,0,0,0,0,0,1,0,0,0,0,0,1,0,0,0,1,0,0,0,0,0,0,0,0,0,0,0,0,0,0,1,0,0,0,0,1,0,0,0,0,0,1,0,0,0,0,1,1,0,0,0,0,1,0,0,0,0,0,2,0,0,0,0,0,0
1,0,0,0,0,0,0,0,0,1,0,0,0,0,0,0,0,0,0,0,0,0,0,0,0,0,1,0,0,0,0,0,0,0,0,0,0,0,0,0,0,0,0,0,1,0,0,0,1,0,0,0,0,0,0,1,0,0,0,1,0,0,0,0,0,0,0,0,0,0,0,0,0,0,0,0,0,0,0,0,0,0,1,0,1,0,0,0,0,0,0,0,0,0,0,0,0,1,0,1,0,0,0,0,0,0,0,0,0,0,0,1,0,0,0,0,0,0,0,1,0,0,0,0,0,0,0,0,0,0,0,0,0,2,0,0,0,0,0,0,0,0,0,0,0,0,0,0,0,0,0,1,0,0,1,0,0,1,0,0,0,0,0,2,0,0,0,0,1,0,0,0,0,0,0,0,1,0,0,0,0,1,0,0,0,0,0,0,0,0,1,0,0,0,0,0,0,0,0,0,0,0,0,0,0,0,0,0,0,0,0,0,0,0,0,0,0,0,0,0,0,0,0,0,0,0,0,0,0,0,0,0,0,0,0,0,0,0,0,0,0,0,0,0,0,0,0,0,0,0,0,0,0,0,0,0
1,0,0,0,0,0,0,0,0,1,0,0,0,0,0,0,0,0,0,0,0,0,0,0,0,0,1,0,0,0,0,0,0,0,0,0,0,2,0,0,0,0,0,0,0,0,0,0,1,0,0,1,0,0,0,0,0,0,0,0,0,0,0,2,0,0,0,0,0,0,0,0,0,0,0,0,0,0,0,0,0,0,1,0,1,0,0,0,0,0,0,0,0,0,0,0,0,0,0,0,0,0,0,1,0,0,1,0,0,1,0,0,0,0,0,0,0,0,0,0,0,0,0,0,0,0,0,0,0,0,0,0,0,2,0,0,0,0,0,1,0,0,0,0,0,0,0,0,0,0,0,0,0,0,1,0,0,0,0,0,0,0,0,1,0,0,0,0,0,0,0,0,0,0,0,0,1,0,0,0,0,1,0,0,1,0,0,0,0,0,1,0,0,0,0,0,0,0,0,0,0,0,0,0,0,0,0,0,0,0,0,0,0,0,0,0,0,0,0,0,0,0,0,0,0,0,0,0,0,0,0,0,0,0,0,0,0,0,0,0,0,0,0,0,0,0,0,0,0,0,0,0,1,0,0,0
1,0,0,0,0,0,0,0,0,1,0,0,0,0,0,0,0,0,0,0,0,0,0,0,0,0,0,0,0,0,0,0,0,0,0,0,0,1,0,0,0,0,0,1,0,2,0,0,1,0,0,1,0,0,1,0,0,0,0,0,0,0,0,0,0,0,0,0,0,0,0,0,0,0,0,0,0,0,0,0,0,0,1,0,1,0,0,0,1,0,0,0,0,0,0,0,0,0,0,0,0,0,0,1,0,0,1,0,0,0,0,0,0,0,0,0,0,0,0,0,0,0,0,0,0,0,0,0,0,0,0,0,0,1,0,0,0,0,0,0,0,0,0,0,0,0,0,0,0,0,0,0,0,0,1,0,0,0,0,0,0,0,0,1,0,0,0,0,0,0,0,0,1,0,0,0,1,0,0,0,0,1,0,0,0,0,0,0,0,0,1,0,0,0,0,0,0,1,0,0,0,0,0,0,0,0,0,0,0,0,0,0,0,0,0,0,0,0,0,1,0,0,0,0,0,0,0,0,0,0,0,0,0,0,0,0,1,0,0,0,0,0,0,0,0,0,0,0,0,0,0,0,0,0,0,0
0,0,0,0,0,0,0,0,0,0,1,0,0,1,0,0,0,0,0,0,0,0,0,0,0,0,1,0,0,0,0,0,0,0,0,0,0,0,0,0,0,1,0,0,0,1,0,0,0,0,0,0,0,0,0,0,0,1,0,0,0,0,0,0,0,0,0,0,1,0,0,0,0,0,0,0,0,0,0,0,0,0,0,0,0,0,0,0,0,0,0,0,0,0,0,0,0,0,0,0,0,0,0,0,0,0,0,0,0,0,0,0,0,0,0,0,0,0,1,2,0,0,0,0,0,0,0,0,0,1,0,0,0,0,0,0,0,0,0,0,0,0,0,0,0,0,0,0,0,0,0,0,0,0,0,0,0,0,0,0,0,3,0,2,0,0,0,0,0,0,0,0,1,2,0,0,0,0,1,0,0,0,0,0,0,0,0,0,0,0,1,0,0,0,0,0,2,2,0,0,0,0,0,0,0,0,1,0,0,0,0,0,1,0,0,0,0,0,0,0,0,2,0,0,0,0,0,0,0,0,0,0,0,0,0,0,1,1,0,0,0,0,0,0,0,0,0,0,0,1,0,0,0,0,0,0
0,0,0,0,0,0,0,0,0,0,1,0,0,1,0,0,0,0,0,0,0,0,0,0,0,0,0,0,0,0,0,0,0,0,0,0,0,0,0,1,0,0,0,0,0,1,0,0,0,0,2,0,0,0,1,0,0,1,0,0,1,0,0,0,0,0,0,0,0,0,0,0,0,0,0,0,0,0,0,0,0,0,1,1,0,0,0,0,0,0,0,0,0,0,0,0,0,0,0,1,0,0,0,0,1,0,0,0,1,0,0,0,0,0,0,0,0,2,0,0,0,0,0,0,2,0,0,0,0,0,0,0,0,0,0,0,0,0,0,0,0,0,0,0,0,0,0,0,0,0,0,0,0,0,0,0,0,0,0,0,0,0,0,0,0,0,0,0,0,0,1,0,0,1,0,0,0,0,1,0,0,0,0,0,0,0,0,0,0,0,0,1,0,0,0,0,1,2,0,0,0,0,0,0,0,0,0,0,0,0,0,1,0,0,0,0,0,0,1,0,0,0,0,0,0,0,1,0,0,0,0,0,0,0,0,0,0,1,2,0,0,0,0,0,0,0,0,0,0,1,0,0,0,0,0,0
1,0,0,0,0,0,0,0,0,1,0,0,0,0,0,0,0,0,0,0,0,0,0,0,1,1,0,0,0,0,0,0,0,1,0,0,0,1,0,0,0,0,0,0,0,0,1,0,1,0,0,0,0,0,0,0,0,0,0,0,0,0,0,0,0,0,0,0,0,0,0,0,0,0,0,1,0,0,0,0,0,0,1,0,1,1,0,0,2,0,0,0,0,0,0,0,0,0,0,0,0,0,0,0,0,0,0,0,0,0,0,0,0,0,0,0,0,0,0,0,0,1,0,0,0,0,0,0,0,0,0,0,0,3,0,0,0,0,0,0,0,0,1,0,0,0,1,0,0,0,0,0,0,0,1,0,0,0,0,0,0,0,0,2,0,0,0,0,0,0,0,0,0,0,0,0,1,0,0,0,0,1,0,0,0,0,0,0,0,1,2,0,0,0,0,0,0,1,0,0,0,0,0,0,0,0,0,0,0,1,0,0,0,0,0,0,0,0,0,0,0,0,0,0,0,0,0,0,0,0,0,0,0,0,0,0,1,0,0,0,0,0,0,0,0,0,0,1,0,0,0,0,0,0,0,0
1,0,0,0,0,1,0,1,0,1,0,0,0,0,0,0,2,0,0,0,2,0,0,2,0,0,2,0,0,0,0,0,1,0,0,0,0,1,0,0,0,0,0,0,0,1,1,0,1,0,1,0,0,0,0,0,0,0,0,0,0,0,0,0,0,0,0,0,0,0,0,0,0,0,0,0,0,1,0,1,0,0,1,0,1,0,0,0,2,0,0,2,0,0,0,1,0,0,0,0,0,0,0,0,0,0,0,0,0,0,0,0,0,0,0,0,0,0,0,0,0,0,0,0,0,0,0,0,0,0,0,0,0,2,0,0,0,0,0,1,0,0,0,1,0,0,0,0,0,1,0,0,0,0,1,0,0,0,0,0,0,0,0,1,0,0,0,0,0,0,0,0,0,0,0,0,1,0,0,0,0,1,0,0,0,0,0,0,0,0,1,0,0,0,0,0,1,0,0,0,0,0,0,0,0,0,0,0,0,0,0,0,0,0,0,0,0,0,0,0,0,0,0,0,0,0,0,0,0,0,0,0,0,0,0,0,0,0,0,0,0,0,0,0,0,0,0,0,0,2,0,0,0,0,0,0
1,0,0,0,0,0,0,0,0,1,0,0,0,0,0,0,0,0,0,0,1,0,0,0,0,0,0,0,0,0,0,0,0,0,0,0,0,0,0,0,0,0,0,1,0,1,0,0,1,0,0,0,0,0,0,0,0,0,0,0,0,1,0,0,0,0,0,0,1,0,0,0,0,0,0,0,0,0,0,0,0,1,1,0,1,0,0,0,1,0,0,0,0,0,0,0,0,0,0,0,0,0,0,0,0,0,0,0,0,0,0,1,0,0,0,0,0,0,0,0,0,0,0,0,0,0,0,0,0,0,0,0,0,2,0,0,0,0,0,2,0,0,0,0,0,0,1,0,0,0,0,1,0,0,1,0,1,0,0,0,0,0,0,1,0,0,0,0,1,0,0,0,0,1,0,0,1,0,0,0,0,1,0,0,0,0,0,0,0,0,1,0,0,1,0,0,0,0,0,0,1,0,0,0,0,0,1,0,0,1,0,0,0,0,1,0,0,0,0,0,0,0,0,0,0,0,0,0,0,0,0,0,0,0,0,0,0,0,0,0,0,0,0,0,0,0,0,0,0,0,0,0,0,0,0,0
1,0,0,0,0,0,0,0,0,1,0,0,0,0,0,0,0,0,0,0,0,0,0,0,0,1,0,0,0,0,0,0,0,1,0,0,0,1,0,0,0,0,0,0,0,0,0,0,1,0,0,1,0,0,0,0,0,0,0,0,0,0,0,0,0,0,0,0,0,0,0,0,0,0,0,0,0,0,0,0,0,0,1,0,1,0,0,0,0,0,0,0,0,0,0,0,0,0,0,0,0,0,0,0,0,0,0,0,0,0,0,0,0,0,0,0,0,0,0,0,0,0,0,0,0,0,0,0,0,0,0,0,0,2,0,0,0,0,0,1,0,0,0,0,0,0,2,0,0,0,0,0,0,0,1,0,0,0,0,0,0,0,0,1,0,0,0,0,0,0,0,0,0,0,0,0,1,0,0,0,0,1,0,0,1,0,0,0,0,0,1,0,0,0,0,0,0,0,0,0,0,0,0,0,0,0,0,0,0,0,0,0,0,1,0,0,0,0,0,0,0,0,0,0,0,0,0,0,0,0,0,0,0,0,0,0,0,0,0,0,1,0,0,0,0,0,0,0,0,0,0,1,1,0,0,0
0,0,0,0,0,1,0,0,0,0,3,0,0,0,0,0,0,0,0,0,0,0,0,0,0,0,0,0,0,0,0,0,0,0,0,0,0,0,0,0,0,0,0,0,0,0,0,0,0,0,0,0,0,0,0,0,0,0,0,0,0,0,0,0,0,0,0,0,0,0,0,0,0,0,0,0,0,0,0,0,0,0,0,0,0,0,0,0,0,0,0,0,0,0,0,0,0,0,0,0,0,0,0,0,0,0,0,0,0,0,0,0,0,0,0,0,1,0,0,0,1,0,0,0,1,0,0,0,2,0,0,0,0,0,0,1,0,0,1,0,2,0,0,0,0,0,0,0,0,0,0,0,0,0,0,0,0,1,1,0,0,0,0,1,0,0,0,0,0,0,0,0,0,0,1,0,0,0,1,0,0,0,1,0,0,0,0,0,1,0,1,0,0,0,0,0,0,0,0,0,0,0,0,0,0,0,0,0,1,0,0,0,0,0,0,0,0,0,0,1,0,0,0,0,0,0,0,0,0,0,0,0,0,0,0,0,0,0,0,0,0,0,0,0,0,0,0,0,0,0,0,0,1,0,0,0
1,0,0,0,0,0,0,0,0,1,0,0,0,0,1,0,0,0,0,0,2,0,0,0,0,0,2,0,0,0,0,0,0,0,0,0,0,0,0,0,0,0,0,0,0,0,1,0,1,0,0,0,0,0,0,0,0,0,0,1,0,0,0,0,0,0,0,0,0,1,0,0,0,0,0,0,0,0,0,0,0,0,1,0,1,0,0,0,2,0,0,0,0,0,0,0,0,0,0,0,0,0,0,0,0,0,0,0,0,0,0,0,0,0,0,0,0,0,0,0,0,0,0,0,0,0,0,0,0,0,0,0,0,3,0,0,0,0,0,0,0,0,0,1,0,0,0,0,0,0,0,0,0,2,1,0,0,1,0,0,0,0,0,3,0,0,0,0,0,0,0,0,0,0,0,0,1,0,0,0,0,1,0,0,0,0,0,1,0,0,1,1,0,0,0,0,0,0,0,0,0,0,0,0,0,0,0,0,0,0,0,0,0,0,0,0,0,0,0,1,0,0,0,0,0,0,0,0,0,0,0,0,0,0,0,0,0,0,0,0,0,0,0,0,0,0,0,0,0,0,0,0,0,0,0,0
1,0,0,0,1,0,0,0,0,1,0,0,0,0,0,1,0,1,0,0,0,1,0,0,1,0,0,0,0,0,0,0,0,0,0,0,0,0,0,0,0,0,0,0,0,0,0,0,1,0,0,0,0,0,0,0,0,0,0,0,0,0,0,0,0,0,0,0,0,0,0,0,0,0,0,0,0,0,0,0,0,0,1,0,1,0,0,0,0,0,0,0,0,0,0,0,0,0,0,0,0,0,0,1,0,0,0,0,0,0,0,0,0,0,0,0,0,0,0,0,0,0,0,0,0,0,0,0,0,0,0,0,0,1,0,0,0,0,0,0,1,0,0,0,0,0,0,0,0,0,0,0,0,0,1,0,0,0,0,0,0,0,0,1,0,0,0,0,0,0,0,0,0,0,0,0,1,0,0,0,0,2,0,0,1,0,0,0,0,0,1,0,0,0,0,0,0,0,0,0,0,0,0,0,0,0,0,0,0,0,0,0,0,0,0,0,0,0,0,0,0,0,0,0,0,0,0,0,0,0,0,0,1,0,0,0,0,0,1,0,0,0,0,0,0,1,1,0,0,0,0,0,0,0,0,0
0,0,0,0,0,0,1,0,0,0,1,0,0,1,0,0,0,0,0,0,0,0,0,0,1,0,0,0,0,0,0,0,2,1,0,0,0,0,0,1,0,0,0,0,0,1,0,0,0,0,1,0,0,0,0,0,0,2,0,0,1,0,0,0,0,0,0,0,0,0,0,0,0,1,1,0,0,0,0,0,0,0,0,0,0,1,0,0,0,0,0,0,0,0,0,0,0,0,0,0,0,0,0,0,0,0,0,0,0,0,2,0,0,0,0,0,0,0,2,1,0,0,0,0,0,1,0,0,0,0,0,0,0,0,0,0,0,0,0,0,0,0,0,1,0,0,0,0,0,0,0,0,0,0,0,0,0,0,0,0,1,1,0,0,0,0,0,0,0,0,0,0,0,1,0,0,0,0,1,0,1,0,0,0,0,0,0,0,0,0,0,0,0,0,0,0,0,0,0,0,0,0,0,0,0,0,0,0,0,0,0,0,0,2,0,0,0,0,0,0,0,1,0,0,0,0,0,0,0,0,0,0,0,0,0,0,0,1,0,0,0,0,0,0,0,0,0,0,0,0,0,0,0,0,0,0
0,0,0,0,0,0,1,0,1,0,0,0,0,1,0,0,0,0,0,0,0,0,0,0,1,0,0,0,0,0,0,0,0,0,0,0,0,0,0,1,0,0,0,0,0,1,0,0,0,0,1,0,0,0,0,0,0,1,0,0,1,0,0,0,0,0,0,0,0,0,0,0,0,0,0,0,1,0,0,0,0,0,0,1,0,0,0,0,0,0,0,0,0,0,0,0,2,0,1,0,0,0,0,4,0,0,0,0,0,0,0,0,0,0,0,0,0,0,2,1,0,2,0,0,0,2,0,0,0,0,0,0,0,0,0,0,0,0,0,0,0,1,0,1,0,0,0,0,0,0,0,0,0,0,0,0,1,0,0,0,0,1,0,0,0,0,0,0,0,0,0,0,0,1,0,0,0,0,1,1,0,0,0,0,0,0,0,0,0,0,0,0,0,0,0,0,0,0,0,0,0,1,0,0,0,0,0,0,0,0,0,0,0,0,0,0,0,0,0,0,0,0,0,0,0,0,0,0,0,0,0,0,0,0,0,0,2,1,0,0,0,0,0,4,0,0,0,0,0,0,0,0,0,0,0,0
1,0,0,0,0,0,0,1,0,1,0,0,0,0,0,0,0,0,0,0,0,0,0,0,1,0,0,0,0,0,0,0,0,0,0,0,0,2,0,0,0,0,0,0,0,1,1,0,1,3,0,1,0,1,1,1,0,0,0,0,0,0,0,0,0,0,1,0,0,0,0,0,0,0,0,0,0,1,0,0,0,0,1,0,1,0,0,0,0,0,0,0,0,0,0,0,0,0,0,0,0,0,0,0,0,0,0,1,0,0,0,1,0,0,0,0,0,0,0,0,0,0,0,0,0,0,0,0,0,0,0,0,0,2,0,0,0,0,0,1,0,0,0,0,0,0,0,0,0,0,0,0,0,0,1,0,0,1,0,0,0,0,0,1,0,0,0,0,0,0,0,0,0,0,0,0,1,0,0,0,0,1,0,1,0,0,0,0,0,0,1,0,0,0,0,0,0,0,0,0,0,0,0,0,0,0,0,0,0,0,0,0,0,0,0,0,0,0,0,0,0,0,0,0,0,0,0,0,0,0,0,0,0,0,0,0,0,0,0,0,0,0,0,0,0,0,0,0,0,0,0,0,0,0,0,0
1,0,0,0,0,0,0,0,0,1,0,0,0,0,0,0,0,0,0,0,0,0,0,0,0,0,0,0,0,0,0,0,0,0,0,0,0,3,1,0,0,0,0,0,0,0,0,0,1,0,0,3,0,0,0,0,0,0,0,0,0,0,3,0,0,0,0,0,0,0,0,0,0,0,0,0,1,0,1,2,0,0,1,0,1,0,0,0,0,0,0,0,0,0,0,0,0,0,0,0,0,0,0,1,0,0,0,0,2,0,0,0,3,0,0,0,0,0,0,0,0,0,0,0,0,0,0,0,0,0,0,0,0,1,0,0,0,0,0,0,0,0,1,0,0,0,0,0,0,0,0,0,0,0,1,0,0,0,0,0,0,0,0,3,0,0,0,0,0,0,0,0,0,0,0,0,1,1,0,0,0,1,0,0,0,0,0,0,0,0,1,0,0,0,0,0,0,0,0,0,0,1,0,0,0,0,0,0,0,0,1,0,0,0,0,0,0,0,0,0,0,0,0,0,0,0,0,1,0,0,0,0,0,0,0,0,0,0,0,0,0,0,1,0,0,0,0,0,0,0,0,0,1,0,0,0
1,0,0,0,0,0,0,0,0,1,0,0,0,0,0,0,0,0,0,0,0,0,0,0,0,0,1,0,0,0,0,0,0,0,0,0,0,1,1,0,0,0,0,2,0,2,0,0,1,1,2,1,0,0,0,0,0,0,0,0,0,1,0,0,0,1,1,0,0,0,0,0,0,0,0,0,0,5,0,0,0,0,1,0,1,1,0,1,0,2,0,0,0,0,0,0,0,0,0,0,0,0,0,0,0,0,0,0,0,0,0,0,0,0,0,0,0,0,0,0,0,0,0,0,0,0,0,0,0,0,0,0,0,3,0,0,0,0,0,1,0,0,0,0,0,0,2,0,0,0,0,0,0,2,1,0,0,1,0,0,0,0,0,1,0,0,0,0,0,0,0,0,0,0,0,0,1,0,0,0,0,1,0,0,1,0,0,0,0,0,1,0,0,1,0,0,0,1,0,0,0,0,0,0,0,0,0,0,0,0,0,0,0,0,0,0,0,0,0,0,0,0,0,0,0,1,0,1,0,0,0,0,0,1,0,0,0,0,0,0,0,0,0,0,0,0,0,0,0,0,0,0,0,0,0,0
1,0,0,0,0,0,0,0,0,1,0,0,0,0,0,0,0,0,0,0,0,0,0,0,0,0,1,0,0,0,0,0,0,0,1,0,0,3,0,0,0,0,1,1,0,1,1,0,1,0,0,3,0,0,0,1,0,0,0,0,0,0,0,0,0,0,0,0,0,0,0,0,0,0,0,0,0,0,0,0,0,0,1,0,1,0,0,1,3,0,0,0,0,0,0,0,0,0,0,0,0,0,0,0,0,0,0,0,0,0,0,0,0,0,0,0,0,0,0,0,0,0,0,0,0,0,0,0,0,0,0,0,0,1,0,0,0,0,0,0,0,0,0,0,0,0,0,0,0,0,0,0,0,0,1,0,0,0,0,0,0,0,0,2,0,0,0,1,0,0,0,0,0,2,0,0,1,0,0,0,0,1,0,0,1,0,0,0,0,0,1,0,0,1,0,0,0,1,0,0,1,0,0,0,0,0,0,0,0,0,0,0,0,0,0,0,0,0,0,1,0,0,0,0,0,0,0,1,0,0,0,0,0,0,0,0,0,0,0,0,1,0,0,0,0,0,0,1,0,0,0,0,0,0,0,0
