0,6,0,0,0,1,1,0,2,0,0,0,0,1,6,2,0,3,0,1,0,0,6,0,0,5,5,0,0,0,10,1,1,0,0,0,5,1,2,0,7,0,1,2,0,3,1,11,1,0,10,4,0,0,6,0,0,11,1,2,1,6,2,0,1,0,2,0,1,0,1,0,0,0,4,18,0,14,0,3,11,0,1,3,0,0,1,1,10,3,2,1,2,0,0,30,0,0,65,0,1,3,1,1,1,1,5,0,1,0,0,1,0,0,4,26,2,1,11,0,0,0,2,10,3,0,7,3,0,6,2,0,0,1,1,0,0,0,1,0,10,0,1,4,2,0,0,1,0,0,1,0,0,0,0,0,0,0,0,6,1,2,0,0,0,1,0,0,4,2,0,7,1,0,8,3,0,0,26,1,4,0,1,10,0,0,11,1,2,2,1,0,1,0,3,0,17,0,0,0,3,2,0,2,0,0,0,1,1,0,4,0,1,7,9,2,0,0,6,0,4,8,0,0,10,1,3,2,0,1,0,1,0,3,0,0,0,0,0,0,0,1,0,0,0,5,0,0,3,1,0,0,3,8,1,0
0,2,0,5,0,0,1,0,3,0,0,0,0,0,6,1,0,2,0,0,0,0,0,1,0,3,1,1,1,0,2,2,1,0,0,0,1,0,1,5,8,0,1,0,0,2,1,4,0,0,0,16,0,2,0,1,0,7,2,3,0,7,2,0,2,10,0,0,0,2,2,0,0,0,3,5,0,7,0,1,0,0,0,0,1,0,2,0,2,0,1,0,0,0,1,3,0,4,62,0,0,2,6,0,3,29,0,11,1,2,0,2,0,0,0,21,0,4,3,1,4,1,2,1,16,16,4,7,1,0,0,0,0,0,8,0,5,8,1,0,0,0,0,0,2,0,0,0,0,0,1,6,0,0,0,0,6,0,0,0,0,1,0,1,0,0,0,0,3,3,4,1,0,1,2,0,0,0,1,0,6,0,0,4,4,0,0,1,7,0,1,0,10,1,1,0,4,2,0,0,23,1,0,0,3,1,1,1,1,0,0,2,0,0,3,0,0,2,2,0,1,32,0,0,0,1,12,4,0,0,0,0,0,0,0,0,1,11,0,3,0,3,2,1,7,1,0,0,1,0,2,0,7,0,4,0
0,2,0,5,0,2,1,0,2,0,0,4,0,1,1,1,2,0,0,0,4,1,2,4,0,1,0,14,0,6,0,3,1,0,0,0,4,0,2,10,1,3,2,0,4,2,0,2,6,1,0,2,1,3,4,0,0,0,4,5,0,1,6,0,0,5,0,1,1,0,1,1,0,0,11,1,0,16,0,3,0,2,5,0,0,0,0,0,1,2,1,0,1,0,2,4,0,0,34,0,0,3,6,14,0,4,1,7,4,12,5,3,0,0,2,31,0,3,0,0,0,1,2,7,14,5,3,1,0,0,0,0,0,2,0,0,0,0,4,0,1,0,4,0,0,0,0,0,0,0,1,20,2,0,2,0,11,0,0,0,3,0,7,0,0,3,0,1,1,3,1,3,0,0,3,1,0,0,0,0,1,1,0,2,3,0,0,1,1,2,2,0,1,0,0,0,0,0,0,0,0,5,0,0,0,0,1,1,0,1,0,3,0,0,1,0,1,0,0,0,0,24,1,2,4,0,5,1,0,4,4,1,0,17,2,0,6,2,0,1,0,17,0,0,1,7,0,2,1,0,0,1,5,1,3,0
0,0,0,4,0,0,1,0,1,2,1,1,0,0,0,0,8,0,0,0,2,0,0,1,0,8,1,3,0,2,2,3,1,0,0,1,3,0,2,3,7,0,1,0,0,3,1,0,0,0,0,0,0,2,0,0,0,8,0,1,0,1,2,0,0,20,5,0,0,0,1,0,0,2,3,7,0,7,0,3,0,1,0,0,1,0,0,2,1,3,0,0,0,0,0,0,0,3,32,0,0,0,10,3,0,0,1,3,4,1,1,1,2,0,0,39,3,4,8,0,3,0,0,0,17,9,2,0,3,0,4,0,0,0,4,0,1,1,0,1,21,0,1,2,7,0,0,1,2,0,2,3,9,0,3,0,4,0,0,0,0,3,1,0,2,1,0,0,3,3,7,6,0,1,4,3,0,0,0,2,9,1,5,10,1,1,4,3,5,3,4,4,1,0,10,0,17,1,0,1,8,2,0,3,0,1,1,3,1,0,9,5,0,4,3,7,0,0,1,0,1,36,2,3,7,0,6,0,0,0,0,2,0,2,0,0,2,0,0,0,1,1,0,0,4,5,0,0,0,0,0,6,0,0,3,0
0,0,0,9,2,1,1,0,1,1,1,2,2,6,3,3,53,0,5,1,2,1,3,1,0,4,1,2,0,0,2,4,1,0,0,0,2,0,1,3,4,0,0,0,0,1,1,10,4,0,0,2,3,3,1,1,0,9,0,4,0,4,0,0,1,0,5,1,1,1,1,0,0,1,14,1,0,26,0,0,1,11,1,0,1,0,0,1,1,8,0,0,0,1,0,1,0,1,23,0,0,4,7,0,0,0,0,3,1,3,1,0,0,0,0,30,1,1,2,0,0,4,0,4,1,4,6,0,0,0,0,1,2,2,0,0,0,0,1,0,9,0,2,0,1,0,0,1,3,0,0,7,6,0,0,0,0,0,0,6,4,0,5,4,4,4,0,1,2,2,15,7,1,2,2,1,0,0,0,0,2,0,0,1,2,2,0,1,2,3,6,2,7,1,0,0,0,0,1,0,1,6,0,0,0,0,8,4,0,0,0,2,0,0,3,0,0,0,0,2,0,9,1,1,8,2,3,0,0,0,0,0,0,5,0,0,1,0,0,0,0,5,0,17,1,5,3,0,2,0,0,1,1,0,5,0
0,1,0,2,0,0,2,0,2,0,1,4,1,0,0,0,5,1,2,3,6,0,4,2,0,2,0,1,0,0,9,7,1,0,0,0,2,1,1,3,0,1,0,0,2,2,0,14,0,1,0,21,0,4,0,0,0,6,0,2,0,3,0,0,2,0,2,4,2,0,1,0,0,1,4,1,0,11,0,0,0,1,2,0,1,0,0,0,1,3,0,0,0,0,0,2,0,3,33,0,0,1,1,0,0,0,1,3,0,0,0,0,1,0,1,53,11,1,7,0,0,1,1,0,1,7,5,0,0,3,0,0,0,0,2,0,1,0,3,0,3,0,1,0,0,0,0,1,0,0,0,17,0,0,1,0,0,1,1,1,0,0,0,0,0,2,0,0,3,3,0,1,0,0,1,2,0,1,0,1,5,0,0,2,0,0,0,1,2,2,3,2,1,1,2,0,13,0,0,0,3,1,0,1,0,1,1,1,13,2,1,1,0,7,1,1,0,0,0,0,0,33,0,0,33,0,1,0,0,6,0,0,0,1,0,0,3,16,0,0,0,5,1,1,2,3,0,0,1,2,0,0,3,0,1,19
1,4,0,3,0,1,1,0,3,0,0,2,0,0,1,0,5,0,5,0,4,9,1,1,1,2,0,3,0,0,0,5,1,0,2,0,9,0,1,3,7,1,2,3,0,2,3,2,2,3,0,2,1,6,0,2,0,9,0,4,0,4,16,3,4,0,2,1,7,0,1,0,0,0,13,1,0,28,0,6,0,1,0,0,0,0,1,0,0,19,0,0,2,0,0,1,0,0,37,0,0,9,9,0,0,10,0,7,4,0,0,0,0,0,2,30,0,1,3,0,0,0,0,1,0,1,3,0,0,0,3,3,4,0,0,0,1,0,2,0,1,0,0,0,0,0,0,1,1,0,0,6,13,0,0,0,0,0,0,0,0,0,0,0,0,0,0,0,4,2,8,4,3,3,11,1,0,1,0,3,4,1,0,1,0,0,3,1,2,1,2,2,1,0,0,0,0,0,0,0,5,2,0,1,0,1,0,1,0,0,0,0,0,0,3,3,1,0,0,0,7,10,0,0,10,0,1,1,0,0,1,0,0,0,0,0,3,0,0,0,0,6,0,7,2,5,1,0,0,1,2,1,2,1,5,0
0,1,2,4,0,2,1,0,1,0,0,2,1,0,2,7,2,0,2,0,0,0,3,1,0,4,0,14,0,0,8,5,1,0,0,0,2,1,2,7,0,1,2,0,4,1,1,4,2,0,0,0,1,1,3,1,1,6,2,3,1,7,0,0,0,0,3,4,2,1,1,0,1,0,1,7,0,23,0,3,2,0,1,4,0,0,1,0,4,6,1,0,0,2,0,0,0,0,30,0,2,3,7,2,5,2,3,4,8,0,0,2,2,0,1,22,0,2,5,0,1,1,1,29,0,1,3,12,2,2,7,1,0,0,3,0,5,0,5,0,10,0,5,0,0,0,0,7,0,1,0,4,9,4,1,0,0,0,0,1,3,1,2,0,0,6,1,1,4,5,0,5,1,2,3,1,0,0,0,0,5,2,0,5,4,0,2,1,1,1,2,0,1,2,4,0,2,0,0,0,5,8,1,0,0,0,0,1,2,0,0,0,0,1,1,0,0,0,0,0,2,21,0,0,11,0,7,5,0,0,2,0,0,2,0,0,5,3,0,2,0,5,0,6,1,6,2,0,4,0,1,1,3,0,11,0
1,2,0,0,0,0,9,3,0,5,1,0,1,2,1,3,3,3,3,3,0,0,2,0,3,1,2,1,0,12,2,7,0,4,0,3,0,3,2,0,4,15,0,1,0,0,1,6,2,1,1,0,0,0,0,18,1,1,4,0,2,0,1,1,0,1,3,2,1,5,0,0,0,2,0,4,3,13,2,4,3,0,8,2,0,0,1,0,3,0,0,0,0,0,1,1,1,3,2,0,6,8,0,3,2,7,1,2,0,3,15,0,2,0,0,13,0,3,0,2,0,0,0,0,0,0,1,1,2,1,1,48,1,0,1,0,6,0,0,1,1,2,6,1,0,1,14,15,1,1,1,3,8,0,0,5,1,1,0,3,0,3,0,0,0,0,1,1,3,3,2,2,0,1,0,0,1,0,0,0,1,1,0,1,1,0,0,2,2,0,2,0,3,1,0,0,2,0,0,0,4,0,0,0,2,1,0,0,5,2,0,0,0,0,1,1,1,0,2,0,0,10,0,4,0,0,1,0,0,0,6,0,2,2,0,1,1,4,0,0,2,1,1,1,1,1,1,0,1,8,19,1,1,2,10,3
1,0,2,2,0,2,3,1,1,1,0,1,1,0,0,7,0,0,5,11,1,15,4,1,3,2,1,7,0,0,14,3,2,1,0,0,12,1,1,2,1,0,0,0,0,1,0,8,0,0,3,21,1,2,14,0,0,0,0,3,0,4,0,0,0,0,0,1,1,0,1,0,0,0,3,1,0,2,0,3,3,0,0,0,1,0,0,0,8,4,2,0,1,0,0,1,0,0,18,0,1,9,12,2,0,0,1,7,5,0,0,0,0,0,1,27,0,0,6,1,2,2,0,9,0,0,3,3,0,0,0,0,1,0,10,0,1,6,0,0,11,0,3,2,0,0,0,0,1,3,5,9,0,1,3,0,0,0,0,0,0,0,0,0,0,3,1,2,6,1,7,8,0,0,6,0,0,0,0,1,7,0,0,2,0,1,0,1,2,0,3,2,1,2,2,0,3,0,3,0,6,4,0,1,0,1,3,2,0,1,1,0,0,0,2,2,0,1,0,0,0,21,0,6,7,1,6,0,0,3,0,0,1,0,0,1,4,1,0,2,0,3,0,4,0,5,1,0,2,0,0,0,1,1,7,0
0,1,0,4,1,2,1,3,2,0,0,3,1,0,12,2,2,0,3,0,1,25,1,0,0,2,0,9,0,1,8,3,2,0,0,1,12,1,1,11,4,0,2,0,3,3,0,0,2,0,3,3,3,8,0,1,0,3,2,10,0,3,2,0,1,0,1,2,0,0,1,2,0,0,2,2,0,21,1,8,0,1,1,4,0,0,0,0,4,15,0,0,1,0,0,0,1,1,29,0,0,6,33,2,0,4,1,10,2,0,0,2,0,0,2,29,0,0,4,0,0,0,2,3,0,1,4,0,0,0,1,0,1,1,0,0,0,0,0,0,0,0,0,0,0,0,0,0,0,0,0,3,3,0,0,0,0,2,0,2,1,0,3,0,2,3,0,0,4,2,0,2,0,0,1,3,0,1,0,2,3,0,1,3,0,1,0,1,1,0,2,2,1,1,0,0,7,1,1,1,2,1,0,0,0,1,0,1,1,0,0,0,0,1,2,0,1,0,0,0,1,11,0,0,4,0,2,4,0,5,4,0,0,2,1,0,2,1,0,3,3,0,0,8,0,4,2,1,0,1,2,0,1,0,7,0
0,0,0,2,0,2,1,2,2,0,0,3,1,0,1,3,3,1,4,8,0,0,4,1,0,3,0,4,0,0,13,2,2,0,1,0,5,3,1,3,0,0,8,0,1,3,1,3,1,1,0,2,0,7,0,0,2,5,3,5,0,1,2,2,5,0,1,2,1,0,1,1,0,0,9,3,0,20,0,6,2,4,2,1,0,1,0,0,8,4,0,0,2,1,0,0,0,0,10,0,2,15,9,0,0,0,2,3,1,1,1,5,0,0,2,25,3,4,4,0,0,0,2,3,0,0,1,0,1,2,7,2,0,0,1,1,0,0,1,0,5,0,1,0,0,0,0,0,0,0,2,7,3,0,0,0,0,0,0,1,5,1,4,0,0,8,1,3,6,1,2,9,2,0,4,4,0,3,1,0,5,0,1,5,0,1,0,1,1,5,2,1,1,0,0,0,21,0,0,2,0,7,0,0,1,0,2,2,5,1,0,0,0,4,6,0,6,0,0,0,7,31,0,1,2,2,1,1,0,2,0,1,0,3,1,0,2,5,0,1,0,2,0,0,0,4,0,0,1,0,0,0,2,0,2,0
39,1,0,0,0,0,0,8,1,1,0,0,0,0,1,1,1,2,1,1,3,3,1,0,0,2,0,0,2,0,2,9,4,0,0,1,3,2,1,4,2,5,0,0,0,1,3,8,0,1,1,7,0,3,2,0,0,13,2,2,1,0,0,0,0,0,0,5,0,1,2,0,0,2,2,6,0,12,1,0,0,0,0,0,0,1,2,0,1,1,0,0,0,0,1,0,0,2,52,2,0,12,2,0,0,21,2,0,0,12,0,0,1,0,0,9,0,2,2,2,0,0,3,3,7,4,1,0,1,0,0,1,0,0,4,0,1,0,2,2,0,0,0,5,2,0,0,2,0,0,2,4,2,0,0,0,1,0,0,0,0,0,0,3,0,0,0,0,2,2,2,3,0,3,10,5,0,0,0,1,8,0,0,2,0,1,3,1,3,0,2,1,4,0,0,0,1,2,1,0,9,0,0,1,0,0,0,1,0,2,0,0,1,1,1,2,0,0,0,0,3,11,0,0,1,1,4,0,0,0,0,0,0,0,1,1,3,4,1,3,2,21,0,0,1,2,0,0,0,0,2,2,0,2,2,1
0,1,2,1,0,0,1,0,1,0,0,0,0,0,2,2,0,1,0,0,0,0,0,0,0,3,1,0,0,0,2,2,3,0,0,1,1,0,4,2,7,0,1,0,0,0,1,0,0,1,12,5,0,3,2,0,2,6,1,2,0,2,0,0,2,2,7,0,3,0,1,0,3,5,1,5,0,20,0,4,0,1,0,2,1,0,0,0,3,5,1,1,2,2,0,0,1,0,53,0,20,2,1,2,27,12,4,1,0,0,0,1,0,0,2,6,1,4,5,0,0,2,0,4,1,0,1,0,0,0,0,0,0,0,5,0,6,1,3,0,17,0,1,2,0,0,0,1,0,0,1,1,0,0,0,0,1,0,0,11,1,0,0,1,1,0,3,1,1,2,0,1,0,6,2,0,0,0,0,0,5,0,1,7,0,1,1,1,5,3,1,0,2,0,1,0,3,0,0,0,13,4,0,3,0,0,0,1,0,0,0,0,0,1,1,5,0,0,1,1,2,3,0,0,1,3,21,0,0,0,0,1,0,2,2,1,0,5,0,2,0,1,0,2,0,3,4,1,1,0,0,0,2,1,4,0
1,6,1,3,0,1,1,0,1,0,0,0,0,0,0,0,0,1,0,5,2,0,4,0,0,9,0,3,0,0,7,3,3,1,0,0,4,1,2,4,0,0,2,0,1,1,3,0,0,0,0,0,0,2,12,1,0,5,0,3,0,8,0,0,0,1,2,0,2,0,1,0,0,1,0,8,0,15,0,8,0,1,0,0,0,0,1,0,3,1,2,0,1,0,0,22,0,0,51,0,1,3,1,2,2,13,6,3,2,1,2,2,0,0,2,15,1,0,8,0,3,0,0,1,5,10,3,0,2,4,7,0,1,0,4,1,0,0,1,0,4,0,3,0,0,0,0,0,0,0,1,20,7,0,1,0,0,0,0,2,1,0,1,0,1,1,0,0,1,2,1,4,0,5,12,1,0,0,34,2,6,3,2,8,9,3,2,1,1,2,2,2,3,1,1,1,0,0,0,2,2,3,2,0,0,0,0,1,4,0,0,0,0,0,2,0,0,0,2,0,1,13,0,0,7,0,0,0,0,0,5,0,0,6,1,0,3,8,0,1,0,0,0,5,0,5,0,1,1,1,1,0,0,0,5,0
0,0,3,1,1,0,1,6,0,2,0,0,1,0,3,4,2,1,0,2,1,1,0,0,1,0,1,2,0,0,0,8,2,0,1,2,3,0,4,1,3,6,0,0,0,0,1,1,0,0,1,1,0,0,0,3,1,3,0,1,0,1,0,0,1,16,2,2,4,2,0,1,0,5,6,9,8,21,0,1,0,0,5,2,8,0,2,6,0,4,0,0,0,0,1,0,0,0,18,2,6,4,1,0,5,0,0,0,2,1,2,4,2,1,0,13,0,3,0,0,0,0,0,0,0,4,2,1,0,1,2,2,0,1,2,0,2,0,0,0,8,1,1,1,0,0,0,8,0,1,0,3,3,0,1,0,1,0,0,1,0,0,0,1,1,0,0,1,0,4,2,2,2,0,1,0,0,0,1,1,3,0,0,4,0,0,2,1,3,1,2,1,5,2,1,0,1,0,1,0,4,1,1,0,0,1,1,2,1,5,0,0,1,0,1,2,1,0,4,0,1,4,0,1,2,0,0,0,0,3,4,0,2,2,0,1,2,0,0,47,5,0,0,2,2,3,1,0,2,0,9,0,0,4,12,3
0,5,0,1,1,0,1,1,1,0,0,0,0,0,0,0,0,1,0,1,0,0,1,1,0,3,0,0,0,0,4,0,1,0,0,0,3,0,2,1,5,0,1,0,0,0,1,10,0,0,1,7,0,0,0,0,0,2,0,0,0,2,0,1,1,0,3,0,24,0,1,0,1,2,0,3,0,14,0,0,4,1,0,1,0,0,0,1,4,3,0,4,5,0,6,1,0,0,48,0,2,1,5,4,1,2,3,2,0,1,0,0,4,0,1,12,1,2,4,3,0,0,2,1,1,0,1,0,0,2,0,0,0,0,9,0,1,0,2,0,16,0,3,0,2,0,0,1,0,4,0,1,0,0,0,0,0,0,0,36,2,3,0,0,0,2,0,0,1,4,2,0,0,15,5,0,0,0,4,2,2,0,0,11,0,5,4,1,1,0,2,0,1,0,0,1,21,0,0,0,7,0,0,0,0,2,0,1,3,1,4,1,0,9,6,8,0,0,0,1,2,3,1,0,0,0,1,0,0,0,3,0,0,0,0,1,0,0,0,17,0,2,2,0,0,3,0,0,0,0,0,0,1,1,4,0
0,5,0,2,0,0,1,1,1,0,0,0,1,0,0,0,0,0,0,0,1,1,0,0,0,3,0,1,0,0,0,1,3,0,0,2,3,0,4,2,1,0,1,1,1,0,0,0,2,0,5,1,0,3,1,0,0,3,0,2,0,4,1,1,2,0,6,0,0,0,1,0,4,0,2,6,0,14,0,0,0,2,0,1,0,0,0,0,1,10,0,0,0,1,0,0,1,0,38,0,0,0,0,6,4,8,3,7,6,1,0,0,2,0,0,17,3,1,1,1,0,2,4,13,0,0,1,0,0,0,4,1,0,0,10,0,1,1,1,0,24,0,1,1,1,1,0,1,0,0,0,9,0,31,0,0,0,0,3,12,0,1,0,0,0,0,0,1,3,1,0,4,0,5,19,2,0,0,4,0,2,6,0,5,4,2,3,1,3,0,1,0,1,0,2,0,1,2,0,0,6,5,0,0,0,0,0,1,1,0,0,1,0,1,2,4,0,1,0,0,1,3,0,0,5,2,7,1,0,0,1,0,0,0,0,0,3,0,0,1,0,3,2,25,0,2,0,0,1,0,0,1,0,1,4,0
1,1,0,0,0,2,1,0,1,0,0,0,2,0,1,1,8,0,1,0,4,1,0,1,0,3,3,1,0,0,1,4,2,0,0,7,1,1,1,2,0,0,1,0,0,3,4,3,0,2,2,6,0,2,11,1,0,7,1,1,0,3,32,0,1,2,4,2,0,0,1,1,0,0,2,3,0,21,0,2,0,0,0,3,0,0,0,0,1,3,0,0,0,0,1,0,0,0,46,0,5,0,2,0,0,14,0,1,0,0,2,3,2,0,1,16,1,1,0,0,0,1,0,7,22,12,2,0,0,0,2,0,0,0,0,0,2,0,0,0,0,0,1,0,1,1,0,0,0,0,0,6,0,0,0,1,1,0,0,1,2,0,0,0,0,1,0,0,3,2,1,1,0,1,1,0,0,0,0,1,7,1,0,2,0,0,0,1,5,1,9,0,6,2,0,0,3,0,0,0,16,1,0,0,1,0,0,1,3,2,0,0,0,0,0,0,2,0,0,0,4,32,0,0,5,0,1,0,0,5,0,0,0,2,0,1,0,1,0,0,0,10,0,0,5,2,0,0,1,0,0,3,1,1,7,0
1,0,0,5,0,0,1,0,1,0,1,3,1,9,4,1,16,0,1,0,6,0,0,0,1,2,1,15,0,0,1,3,1,0,0,3,2,0,3,5,4,0,0,0,0,2,2,2,0,0,1,2,0,1,1,1,0,7,1,1,0,1,1,5,0,25,4,1,0,0,1,0,5,0,0,7,0,5,2,2,0,5,3,2,0,0,1,0,4,0,1,0,0,1,1,0,2,0,51,0,0,4,1,2,0,4,0,7,7,0,1,9,3,0,0,37,1,0,0,3,0,0,0,0,12,8,2,0,3,0,6,0,0,0,4,0,1,0,1,4,1,0,0,0,0,0,0,0,0,0,0,5,2,0,0,0,0,0,0,0,1,0,0,0,0,0,1,0,5,2,1,11,1,0,5,0,0,0,0,0,6,0,0,11,1,1,3,1,5,1,1,1,1,0,3,0,0,1,0,0,0,1,0,0,0,0,0,1,0,0,0,0,0,1,1,0,0,0,0,1,0,11,0,0,3,0,3,0,0,0,1,2,0,0,6,0,4,35,0,0,3,0,0,0,2,4,1,0,1,0,1,1,3,1,0,0
0,0,1,4,0,1,1,0,1,1,0,3,0,0,1,0,3,1,1,3,7,1,0,1,2,1,0,5,0,0,20,4,1,1,0,0,3,1,1,8,4,0,2,0,1,3,0,6,0,0,1,11,0,1,0,0,1,3,1,3,0,4,0,0,3,19,0,0,1,0,1,0,11,0,3,4,1,4,0,1,4,0,1,1,6,0,4,0,3,3,1,0,1,0,2,2,0,0,30,0,0,3,0,1,1,8,1,9,4,1,1,0,4,0,1,30,0,2,2,0,4,0,0,2,6,10,2,1,3,1,0,1,0,0,2,0,0,5,14,0,0,0,1,0,0,0,0,0,0,0,1,6,2,1,0,0,6,2,0,0,1,0,0,0,0,1,0,0,2,2,0,7,1,11,1,1,0,0,0,1,7,0,0,3,1,0,0,1,2,5,4,1,1,0,2,0,14,0,2,2,4,1,0,0,1,0,0,1,0,0,0,1,0,0,2,0,2,0,0,0,0,17,0,0,1,1,2,0,0,0,1,0,0,0,0,0,2,0,0,0,0,0,0,0,0,3,0,0,0,0,0,0,5,0,1,0
28,0,0,3,0,0,1,0,1,0,1,2,0,2,0,1,11,0,0,1,2,5,1,0,0,8,0,2,0,0,1,7,6,0,0,0,1,1,1,7,1,0,0,1,0,2,1,0,0,1,0,2,0,0,1,0,0,6,1,1,0,0,0,0,1,28,1,6,0,0,1,1,0,0,3,10,0,13,1,2,0,0,0,2,1,0,6,0,1,1,0,0,1,0,0,0,0,1,26,0,0,0,7,0,0,5,1,4,6,1,0,2,5,0,0,28,0,7,1,0,2,1,1,2,5,25,3,0,0,0,2,0,2,0,2,0,0,0,0,0,0,1,0,0,0,0,0,0,0,0,0,14,3,2,6,0,1,0,0,1,1,0,3,0,0,0,0,0,1,2,3,5,1,1,6,3,0,0,0,0,8,0,2,3,0,0,1,1,3,1,3,0,1,3,2,0,0,10,0,1,4,0,0,0,1,0,2,1,0,1,0,1,0,0,2,0,0,0,0,0,0,9,0,0,3,1,0,4,0,0,0,1,1,12,0,0,3,3,0,0,0,0,1,0,9,2,0,0,0,1,1,1,0,1,2,0
0,1,1,2,0,1,1,0,1,0,0,0,0,1,5,2,0,2,0,0,1,5,1,0,0,2,1,0,0,0,2,3,1,1,0,0,2,1,1,5,12,0,0,0,1,11,1,3,1,0,1,11,0,5,31,0,0,8,1,0,0,2,1,2,1,0,5,3,0,2,1,1,0,1,3,2,0,22,10,3,0,3,0,1,0,0,1,3,3,1,0,0,0,11,0,0,0,0,43,1,0,1,2,4,0,7,0,2,5,0,0,0,0,0,2,11,1,1,0,0,0,0,0,8,1,1,3,1,0,0,1,0,0,0,5,0,3,1,2,0,4,1,0,3,1,0,0,1,0,0,2,14,2,0,1,0,0,0,0,2,0,0,0,0,0,1,0,0,2,1,2,0,1,0,2,0,0,0,0,0,2,0,0,6,0,0,1,1,1,1,1,0,1,4,0,0,0,0,0,5,6,0,0,1,0,0,0,2,1,2,0,0,0,1,5,4,0,0,1,44,0,11,0,0,2,1,2,0,0,0,0,1,0,0,3,0,0,0,0,0,0,5,1,0,0,2,1,0,0,0,1,0,0,2,9,0
0,9,0,0,3,0,3,2,0,2,0,0,0,0,0,0,1,1,1,2,2,0,7,0,1,1,3,1,1,1,2,11,1,3,0,0,0,0,1,1,0,9,0,0,0,0,5,2,0,0,0,0,0,0,2,0,4,0,2,0,0,0,16,0,2,0,4,0,1,0,0,0,0,1,0,1,1,19,0,3,2,3,1,1,2,0,0,1,0,1,1,0,0,0,0,0,0,0,29,1,1,3,1,2,6,7,1,0,0,0,0,1,1,2,0,6,1,0,5,1,0,1,0,6,9,0,1,2,3,1,2,9,0,0,0,0,0,0,2,0,12,6,3,0,5,3,0,7,0,0,0,5,8,1,8,1,4,1,0,0,16,1,1,0,0,0,1,0,1,2,0,1,1,0,1,0,1,3,2,0,2,2,0,3,0,0,0,2,4,1,1,0,0,1,0,0,0,0,1,1,0,1,0,0,0,2,1,0,2,0,2,0,0,1,1,1,0,0,1,0,1,27,0,1,1,0,0,0,0,2,1,5,3,0,0,1,0,0,0,16,0,6,1,1,1,1,1,0,1,6,1,14,1,2,4,1
0,0,0,3,0,1,1,1,1,0,0,1,0,0,5,4,0,0,0,2,1,1,0,0,0,2,1,4,0,1,6,4,1,0,0,1,1,1,1,2,5,0,1,0,1,1,1,0,0,1,0,2,0,4,1,0,0,3,1,6,0,3,6,0,1,26,3,0,1,1,4,0,0,1,1,5,0,10,0,3,0,2,1,2,0,0,2,0,2,1,1,0,0,2,0,1,0,1,26,0,0,2,3,0,0,3,2,7,1,0,0,6,0,0,1,30,1,0,0,0,0,1,2,9,13,13,6,0,0,0,0,0,0,0,1,0,0,0,2,1,1,0,0,0,0,0,1,2,0,0,0,11,0,0,0,0,3,0,0,0,0,3,0,2,0,5,0,0,6,1,0,4,0,0,1,4,0,0,0,1,2,1,1,5,1,0,6,1,4,6,2,0,1,0,0,0,8,4,0,0,2,1,0,0,0,0,2,1,1,0,0,1,0,1,1,1,0,0,0,0,0,25,0,0,5,1,2,1,0,6,1,2,0,3,0,0,3,23,0,1,0,9,0,0,4,4,1,0,1,0,0,1,1,1,4,0
2,2,2,0,1,0,15,1,0,8,1,0,0,2,2,3,1,1,0,3,0,0,0,0,15,0,1,0,1,0,0,2,0,1,0,1,0,5,1,0,0,4,0,1,0,0,3,2,4,6,1,0,0,0,1,38,13,0,1,0,0,2,0,0,0,1,0,0,0,3,0,0,1,0,0,0,1,4,1,0,1,0,5,1,4,0,5,0,1,0,0,1,0,0,0,0,3,0,1,0,4,15,0,0,1,2,0,1,0,1,12,1,1,0,0,12,1,2,0,2,0,0,0,1,0,0,1,2,0,1,0,27,0,0,1,0,2,2,0,0,0,12,4,0,0,3,7,7,2,4,0,0,16,0,1,0,1,0,0,1,0,0,5,7,3,0,0,1,1,2,3,0,0,1,1,0,0,1,0,2,2,0,1,2,0,1,0,2,0,0,0,3,5,0,0,1,0,0,0,0,2,0,0,4,1,4,1,0,11,0,0,0,0,0,0,1,1,0,0,1,8,1,0,7,0,0,1,1,1,0,1,0,4,0,0,1,1,1,0,0,1,1,1,3,0,0,0,0,1,4,9,1,1,3,0,4
0,2,0,1,0,4,1,0,1,0,0,2,0,2,0,0,0,0,2,1,2,1,1,1,0,2,0,4,0,0,4,6,1,1,1,0,3,0,2,3,1,0,3,0,2,2,0,3,4,1,1,2,0,2,0,1,1,4,2,3,0,4,2,0,0,36,3,5,1,0,1,0,0,0,4,9,0,20,0,4,0,0,4,0,0,1,11,0,3,8,0,0,1,0,2,2,0,0,36,0,0,0,6,1,1,8,2,3,9,1,2,14,0,0,0,27,1,0,1,0,0,0,0,13,21,11,4,0,2,0,2,0,0,0,0,0,2,0,4,0,5,0,1,0,1,0,0,0,0,0,2,10,3,0,0,0,2,0,0,1,1,3,0,0,0,1,0,0,2,2,0,5,0,1,2,1,0,0,1,0,6,1,1,6,0,0,2,1,1,2,1,0,1,0,3,0,1,5,0,2,1,1,0,0,0,0,0,1,1,1,0,0,0,0,2,2,1,0,1,1,2,13,0,0,6,0,1,1,0,0,1,0,0,10,0,0,4,0,1,0,0,7,0,0,0,3,1,0,2,0,0,0,2,0,5,0
1,0,3,0,0,0,14,1,0,2,3,1,0,1,0,4,1,1,0,6,1,0,2,0,2,1,1,0,5,0,2,5,1,2,0,0,0,5,0,0,0,22,0,0,0,0,3,0,0,0,1,0,0,0,0,24,5,0,0,0,0,0,4,0,0,0,0,1,12,11,1,0,0,1,1,0,1,0,0,0,5,0,3,1,0,0,1,0,1,0,0,1,0,0,0,0,1,0,1,1,7,8,0,0,2,8,0,1,0,6,1,14,1,0,0,13,1,2,1,3,0,0,1,0,0,0,6,5,0,2,0,9,0,0,1,0,2,0,0,0,0,2,1,1,0,4,2,5,0,1,1,1,8,0,0,0,0,1,0,5,0,1,0,2,1,2,1,0,0,0,8,0,0,2,0,0,0,1,2,0,0,0,0,0,0,1,1,2,4,0,1,2,3,5,0,0,1,0,0,0,0,2,0,2,1,4,6,0,3,1,0,0,0,0,1,3,1,0,1,0,9,0,0,2,2,0,2,0,0,0,0,0,2,0,0,2,0,1,0,0,0,1,2,3,0,0,2,0,1,5,23,1,0,24,9,7
0,1,0,5,0,3,2,0,1,1,0,2,2,0,4,5,0,0,0,1,1,0,8,0,0,2,3,3,0,0,6,4,1,2,0,0,2,0,3,4,2,0,0,0,0,0,0,5,2,0,1,7,0,1,0,0,0,2,0,4,0,1,2,0,1,0,6,0,1,0,1,0,0,0,5,6,0,6,0,3,1,3,0,0,0,0,1,4,2,3,0,0,0,0,0,1,3,0,22,0,1,6,13,1,0,0,2,6,1,0,0,1,0,0,0,32,2,2,3,0,0,0,3,4,1,0,2,10,0,0,0,4,5,0,1,0,0,0,0,2,18,0,2,3,1,0,1,0,0,0,1,12,5,0,1,0,0,0,0,1,3,0,0,0,1,4,2,0,1,2,0,7,1,0,1,2,0,0,3,0,3,0,0,4,1,0,4,1,1,2,2,0,1,1,4,0,4,0,0,0,2,4,0,0,0,0,0,1,1,0,0,0,0,2,4,1,0,0,1,0,1,15,1,0,11,0,2,0,0,0,0,1,0,4,0,0,1,2,0,6,0,4,0,4,1,4,1,0,0,3,2,3,1,1,0,0
0,2,43,1,0,0,1,0,2,0,0,0,0,0,0,12,1,3,0,0,3,0,0,2,0,4,2,2,0,0,2,3,1,2,0,0,1,1,2,0,5,0,0,0,0,2,0,6,1,1,1,1,0,3,6,1,0,13,1,1,0,18,2,0,1,3,3,2,2,0,1,0,0,0,4,5,2,9,0,6,0,1,1,0,1,4,1,1,2,2,1,0,0,0,1,0,2,0,52,0,0,0,6,2,0,3,0,0,0,0,0,0,3,2,4,9,1,0,3,2,0,1,0,6,0,3,3,0,0,0,3,0,0,0,8,0,0,2,0,2,8,0,1,24,0,0,0,0,0,15,0,2,2,0,0,0,0,0,0,1,0,0,0,0,0,1,1,0,2,6,2,0,0,7,1,1,0,0,0,1,5,0,1,5,2,0,0,1,5,6,1,1,7,0,5,0,4,0,0,0,9,0,0,0,0,0,0,1,1,0,6,0,0,7,6,1,0,0,5,0,2,0,1,0,2,4,2,1,0,0,0,0,0,2,0,0,1,1,0,0,0,1,0,0,3,3,0,1,1,0,0,1,0,3,7,0
0,3,1,0,0,1,1,0,1,0,0,0,0,0,0,1,10,0,0,1,2,0,1,7,1,7,6,2,0,1,4,2,2,0,11,0,6,0,2,6,1,0,2,0,0,1,1,4,1,0,1,17,0,1,0,0,0,7,1,1,0,1,0,3,0,10,4,0,0,0,1,0,0,0,2,3,0,13,0,2,0,1,2,0,0,1,1,2,2,15,2,0,0,2,1,0,1,1,49,0,0,4,4,3,0,6,1,17,4,0,1,0,0,1,0,25,2,0,2,0,1,0,0,11,7,3,2,0,2,0,2,1,0,1,3,1,0,2,0,3,0,0,0,0,1,0,0,0,0,0,0,6,0,0,1,0,0,0,0,0,0,3,1,1,0,4,0,2,3,3,5,1,0,0,2,3,0,0,1,3,4,0,1,4,3,9,6,1,7,3,3,3,1,0,0,0,1,0,0,0,8,8,0,0,1,0,0,1,0,0,0,1,1,1,1,8,3,0,0,0,1,9,0,0,5,0,1,0,1,0,1,0,1,0,0,0,0,0,0,0,3,1,0,0,1,1,1,0,0,0,0,4,0,2,0,0
11,0,0,5,0,2,1,0,1,0,0,0,0,0,0,1,0,0,0,0,1,4,0,0,3,2,0,11,0,0,1,10,4,0,0,2,1,0,1,9,1,5,3,0,5,1,1,2,2,0,1,2,0,4,4,1,0,26,3,2,0,7,0,0,1,19,1,2,1,0,1,3,0,1,3,4,0,11,0,0,0,4,0,0,1,1,1,0,3,0,0,0,2,0,0,3,0,0,13,0,3,1,4,0,0,1,1,0,5,0,0,4,0,0,0,28,0,1,1,0,4,0,0,5,2,15,3,14,1,0,4,1,0,0,1,0,1,0,2,0,1,1,8,0,0,0,0,1,0,0,2,11,20,0,0,0,0,0,0,0,2,0,2,4,1,0,1,1,3,2,0,3,0,1,10,0,0,0,0,0,2,0,1,4,2,0,1,1,2,1,1,0,1,0,1,0,1,3,1,3,1,4,0,0,0,0,0,1,0,0,0,0,0,2,0,1,2,0,0,0,0,8,0,0,3,1,4,2,0,0,0,0,0,2,0,0,8,0,0,0,0,0,0,0,1,6,1,0,0,0,0,0,0,0,1,0
0,0,0,0,0,0,1,0,1,0,0,0,0,0,1,0,3,0,0,0,2,0,0,0,0,2,0,1,0,0,0,1,1,2,0,1,1,3,1,1,13,1,0,0,1,2,1,0,0,1,0,0,0,2,1,0,0,0,2,2,0,0,0,0,0,10,1,0,2,0,3,0,0,0,0,7,0,14,1,0,0,0,0,0,3,0,0,3,2,0,1,0,0,0,0,15,2,0,31,0,0,1,3,0,0,2,1,0,0,7,2,1,2,0,1,9,2,1,1,0,0,0,3,1,18,1,2,0,0,0,0,1,1,0,2,0,0,0,0,1,1,0,0,0,0,1,0,0,1,0,0,9,0,1,0,0,1,0,0,4,2,1,0,0,0,1,2,2,2,3,0,16,0,0,9,4,0,0,51,0,6,0,0,9,1,0,0,2,2,3,5,4,1,0,9,1,6,0,0,0,0,0,0,0,0,1,2,2,11,0,0,0,1,0,0,0,0,0,0,0,0,27,0,0,11,0,3,0,0,0,1,0,0,3,2,0,2,1,0,3,0,10,0,2,1,2,1,0,5,0,0,2,0,1,2,2
3,1,5,0,0,1,4,1,0,13,3,0,1,1,0,6,2,1,0,3,5,0,3,0,13,2,0,0,27,0,6,15,0,1,1,3,0,0,1,0,1,18,0,1,0,0,0,0,0,1,2,1,0,0,0,12,6,0,1,0,0,2,1,0,0,0,0,0,14,5,0,0,2,1,1,0,0,1,5,1,3,1,4,1,0,0,2,1,0,1,0,0,0,0,1,0,0,12,2,2,5,8,0,1,2,3,3,1,6,0,34,0,2,1,0,0,0,11,0,0,0,0,0,6,0,0,1,2,2,1,0,3,0,0,0,0,2,0,0,6,0,0,4,0,0,6,2,25,0,2,0,1,0,0,0,0,0,1,2,0,0,0,1,0,2,0,0,0,0,1,1,0,0,0,0,0,0,0,0,0,0,2,0,0,0,1,2,0,1,0,0,1,6,1,0,0,0,0,0,0,0,1,2,0,1,7,4,0,6,0,1,1,0,0,0,2,0,0,0,0,0,2,0,7,2,0,3,0,0,2,4,0,4,0,0,1,0,2,0,0,0,1,0,0,0,0,5,1,0,7,18,1,7,2,8,4
1,1,2,0,1,0,3,3,0,1,0,1,2,0,0,5,0,3,0,5,4,6,1,0,5,2,4,0,0,0,1,5,1,0,1,0,1,2,4,1,0,5,1,0,0,0,8,1,1,1,0,8,0,1,10,3,3,4,0,2,0,5,3,0,0,2,0,0,1,2,0,0,2,0,5,11,3,8,1,2,0,0,0,1,0,0,0,1,1,3,0,0,0,0,0,0,1,1,42,0,3,3,3,1,10,7,2,1,1,2,5,12,1,3,1,7,1,0,0,0,0,0,0,0,3,2,1,0,1,0,0,1,0,1,3,0,2,0,1,0,3,1,0,1,6,2,0,1,1,2,6,0,0,0,2,0,1,0,0,1,1,0,0,0,0,0,0,0,2,1,1,0,0,2,1,0,0,0,1,0,3,0,2,6,0,0,3,7,5,0,2,0,23,0,1,0,8,1,0,0,4,1,0,0,0,2,0,0,3,0,0,0,1,0,0,2,0,0,1,0,0,9,0,2,5,0,1,1,0,0,2,0,4,5,0,1,0,2,0,3,0,1,2,3,2,2,0,0,3,1,8,1,3,2,2,1
0,1,0,0,0,0,1,0,1,0,0,1,0,0,0,3,1,0,1,2,0,0,0,0,0,2,0,0,0,0,3,0,2,0,0,0,3,0,1,1,0,0,0,0,0,1,0,2,1,0,2,2,0,1,3,1,0,2,2,1,0,2,0,0,0,4,8,1,0,2,2,0,1,0,3,7,0,26,0,27,0,1,0,1,1,1,2,1,3,1,1,0,0,4,0,3,0,0,41,0,1,3,5,4,0,17,0,3,2,0,0,4,2,0,2,9,0,3,1,0,0,0,0,7,1,3,3,3,0,0,5,1,0,0,2,0,1,0,0,0,5,0,0,5,0,0,0,0,0,0,0,0,0,0,0,0,0,0,0,5,0,0,0,1,0,0,0,0,1,1,0,1,1,4,1,9,1,0,2,0,3,0,1,8,1,1,9,1,3,4,2,5,1,0,1,0,5,0,2,0,7,0,0,0,0,0,0,1,0,0,13,0,1,3,1,3,2,0,0,0,0,8,0,0,7,0,2,1,0,4,0,1,0,3,34,0,0,3,0,5,0,1,0,0,1,1,2,0,0,0,0,0,3,0,7,0
0,0,1,1,0,0,1,0,1,0,0,0,0,1,0,4,2,1,0,0,2,1,1,0,3,3,1,1,0,0,2,2,1,0,0,0,6,0,1,3,9,0,2,0,3,0,4,1,1,1,0,0,0,1,0,0,0,4,0,5,0,0,0,1,0,1,3,0,0,0,1,0,0,0,3,4,1,16,0,1,2,3,0,0,0,0,1,0,3,2,2,0,0,0,1,1,1,2,57,0,0,1,0,2,1,2,1,6,1,0,0,0,4,0,8,21,7,2,1,4,0,3,0,2,0,0,3,0,1,0,2,0,0,5,2,0,1,0,1,2,13,0,2,0,3,0,0,0,0,0,5,24,0,0,0,0,5,0,0,15,1,0,0,0,1,1,0,0,1,1,7,4,0,2,4,1,0,3,10,4,3,0,0,13,5,2,15,1,2,0,4,0,1,0,5,0,0,3,0,17,8,0,0,0,0,4,0,1,4,0,0,0,1,0,7,1,0,0,0,1,0,4,2,0,3,4,1,1,1,0,0,0,0,2,0,0,1,0,0,2,1,8,0,3,1,2,0,5,1,0,1,0,2,1,10,0
1,2,0,0,1,0,0,2,0,0,1,0,0,0,3,0,0,1,2,1,1,0,0,0,1,1,1,2,0,0,1,2,2,0,0,4,1,1,2,5,0,3,0,0,0,2,2,1,0,1,0,0,0,1,6,1,1,1,1,3,0,1,4,0,0,12,1,0,5,4,0,0,1,3,2,7,2,14,0,0,0,1,1,1,0,0,8,1,2,0,0,1,0,0,1,0,0,0,41,0,3,3,0,1,0,5,2,3,0,4,0,0,1,0,2,17,1,1,0,0,0,0,0,10,5,11,4,13,4,0,0,8,0,0,5,0,1,0,0,0,1,0,0,0,0,3,1,9,0,1,2,2,3,0,0,0,0,1,0,0,2,0,0,0,0,1,0,0,5,1,3,11,0,1,1,4,0,15,3,0,11,0,0,6,0,0,15,1,2,1,2,0,2,0,0,0,0,1,0,0,2,2,0,0,0,1,1,0,2,1,0,1,0,2,1,1,0,0,1,0,0,6,0,0,5,1,2,0,0,1,6,4,2,0,0,2,1,7,0,0,0,1,2,0,2,2,2,3,2,1,5,4,1,7,5,2
0,4,2,1,0,1,5,1,0,1,0,1,0,1,1,0,0,1,0,7,0,0,3,0,4,4,3,0,2,0,8,5,1,1,0,1,0,3,1,1,1,6,1,0,1,2,5,2,1,0,0,1,0,0,0,3,2,2,0,0,0,1,0,0,1,2,2,1,2,4,0,0,1,0,1,10,2,7,1,1,0,1,0,1,1,0,4,1,5,3,0,1,0,0,1,1,0,7,36,1,9,1,0,2,0,0,1,0,11,0,0,1,1,0,2,9,2,2,1,1,0,0,0,23,1,3,3,1,1,0,0,14,0,0,4,0,0,0,4,1,5,0,0,0,0,1,0,1,1,3,0,2,2,0,1,0,0,0,0,1,0,3,0,0,0,1,0,1,3,2,2,6,0,1,1,2,0,0,1,1,3,1,0,7,0,1,7,1,3,1,1,3,4,4,0,0,1,0,0,0,1,2,0,0,1,0,0,0,1,1,1,0,0,1,1,2,2,0,1,0,1,12,0,0,11,0,2,0,0,1,2,0,10,4,0,2,0,1,0,0,0,5,2,1,0,2,5,0,0,4,3,0,2,3,8,4
1,0,0,3,0,2,1,1,1,1,0,1,0,1,0,1,1,3,0,0,1,0,0,0,0,6,0,2,0,0,2,2,2,0,0,0,3,0,1,7,4,1,3,1,0,4,1,3,0,2,0,2,0,2,1,0,0,4,8,1,0,5,0,0,0,36,1,0,1,0,1,0,0,0,1,5,0,15,0,1,0,2,2,1,0,0,0,0,3,3,1,0,0,0,0,0,0,0,27,0,0,2,9,5,0,1,1,8,4,0,1,7,5,0,0,26,0,1,1,1,0,1,1,5,16,7,1,0,2,0,2,1,1,0,3,0,0,0,0,0,2,0,2,0,1,0,1,0,0,0,0,13,5,1,0,0,2,0,0,1,0,0,2,0,0,1,1,3,1,4,3,3,1,0,2,1,0,0,1,0,2,1,2,2,0,0,1,1,1,3,5,0,1,2,4,0,1,2,0,1,1,5,0,0,0,0,0,1,1,1,0,0,2,2,1,0,0,1,0,0,2,23,0,0,11,0,3,1,1,0,1,2,0,4,0,0,2,0,0,2,0,2,0,0,4,4,0,0,2,0,0,1,1,0,6,0
0,5,2,1,1,0,6,1,0,8,0,0,1,0,4,4,2,2,2,1,1,19,1,0,3,2,0,0,1,0,4,6,2,2,0,0,2,0,1,3,2,0,0,0,0,2,0,2,0,0,5,4,0,0,1,1,0,1,0,0,0,1,2,0,0,0,1,1,0,0,0,0,0,3,6,5,0,5,5,8,1,1,2,1,0,0,2,1,8,3,0,0,0,0,1,0,0,5,35,1,3,2,0,0,0,14,1,2,5,0,0,2,0,8,1,7,0,5,6,1,3,1,0,3,0,0,3,13,1,2,10,1,0,0,2,0,2,1,1,0,0,0,0,0,4,2,0,0,0,2,0,3,2,0,0,0,1,0,0,1,0,0,0,6,0,0,0,1,4,3,5,4,0,1,2,2,0,0,0,1,6,3,0,4,1,0,3,1,1,0,2,1,1,0,0,1,2,1,0,3,1,0,0,0,0,4,3,0,1,0,4,2,0,1,2,2,0,0,0,0,1,28,0,1,1,0,4,0,0,2,0,0,4,1,0,1,2,0,0,0,0,0,0,0,0,0,1,1,1,4,3,0,2,1,3,6
3,1,0,2,0,1,1,0,1,1,1,4,1,0,2,0,1,0,1,0,0,0,2,0,1,4,1,9,0,0,0,5,4,0,0,1,1,0,1,12,5,1,1,0,3,0,3,3,2,0,0,7,0,0,2,0,0,8,0,7,1,2,7,0,1,9,2,0,0,0,1,2,0,2,2,4,0,13,0,0,0,0,0,3,1,0,1,0,2,1,1,0,0,0,0,1,0,4,20,0,0,4,0,1,0,2,1,2,1,0,2,0,3,2,0,25,0,0,2,0,0,1,3,7,6,15,0,0,1,3,5,0,2,0,9,2,3,0,5,0,1,0,4,0,2,2,0,0,0,0,1,12,20,2,3,0,1,0,1,2,1,0,7,0,1,2,1,4,2,6,0,15,3,1,2,3,0,0,0,1,6,1,2,4,3,2,0,1,3,3,3,1,1,0,1,0,4,0,1,0,0,3,0,3,0,0,0,1,4,1,0,0,1,0,0,0,0,0,0,0,0,23,0,0,1,0,4,0,0,0,1,0,1,4,6,0,0,1,1,0,0,1,0,0,0,4,1,0,1,0,2,0,0,2,4,0
1,3,0,0,0,0,2,1,0,2,0,0,1,0,0,2,0,1,0,4,0,0,1,2,3,1,3,1,0,0,3,0,1,0,1,5,1,0,2,0,4,4,0,0,0,1,3,0,6,0,5,4,3,1,0,3,0,21,0,2,0,3,1,2,0,7,2,1,0,2,0,0,0,2,2,8,1,16,5,0,0,1,0,2,3,1,1,0,3,3,0,1,14,1,0,1,0,0,51,0,14,2,0,2,2,1,0,2,0,1,0,1,8,0,1,6,2,0,0,1,0,1,0,9,0,5,3,0,0,0,1,3,0,1,6,0,3,1,2,0,9,10,2,0,1,0,0,2,1,1,0,3,2,0,3,0,1,1,0,3,1,7,0,3,0,3,1,1,3,4,1,2,0,0,1,0,1,1,2,0,3,0,0,2,0,0,2,4,2,3,1,4,0,0,0,0,1,0,0,0,5,0,0,0,1,0,1,0,2,1,5,0,2,3,3,4,0,0,2,1,3,0,0,0,4,0,2,1,0,0,0,0,2,1,0,0,1,0,0,0,0,0,0,1,0,0,2,0,2,3,11,1,1,2,2,1
1,0,0,3,0,2,1,0,3,0,0,0,0,0,0,0,0,0,4,1,1,0,0,3,2,1,0,5,0,0,1,6,1,0,0,0,9,0,1,8,4,0,0,1,2,2,0,3,2,1,0,1,0,6,0,2,2,4,4,3,0,1,8,0,1,0,3,2,2,1,1,1,0,0,4,1,0,21,1,1,1,4,0,0,0,19,0,0,0,1,0,0,0,1,1,1,0,0,36,0,2,8,5,1,0,0,0,12,19,0,0,1,0,0,1,18,1,1,2,3,0,0,5,0,5,1,4,0,0,0,1,0,0,0,0,0,0,0,0,2,4,0,1,0,0,1,0,2,0,1,0,2,8,0,0,0,6,0,0,0,0,1,1,0,1,2,0,0,3,2,3,3,0,1,1,1,0,3,0,2,6,0,0,1,0,0,0,1,4,0,3,0,1,0,0,0,0,0,1,2,0,0,0,0,0,3,0,1,0,0,0,1,0,4,1,5,1,0,0,1,5,21,0,0,3,0,1,7,0,4,3,0,0,5,0,0,3,8,0,0,0,9,2,1,1,6,5,0,1,1,1,0,1,0,4,1
0,4,0,5,0,2,1,0,1,0,0,2,0,1,0,3,2,1,1,3,0,0,3,1,0,3,0,2,0,0,7,4,1,0,0,0,7,1,1,2,2,0,2,0,0,2,0,1,0,0,12,0,0,2,1,1,0,4,0,4,0,2,1,3,1,0,2,0,1,0,1,2,0,0,4,1,0,24,0,15,0,0,3,1,1,0,0,0,4,13,0,0,0,0,0,0,0,1,31,0,2,5,3,0,0,1,1,4,1,0,0,0,5,0,6,25,2,0,4,3,0,0,0,0,0,0,5,0,0,0,0,3,1,0,3,0,3,0,4,0,1,0,2,1,0,0,1,0,0,1,2,1,0,0,2,0,0,0,0,14,0,1,0,0,0,5,0,0,12,1,3,4,0,0,5,2,0,0,0,0,4,0,0,3,1,2,2,1,1,3,2,2,5,2,0,0,4,1,1,1,6,0,0,0,1,1,0,1,0,2,0,0,0,4,3,0,0,2,0,0,3,3,1,0,3,1,4,0,0,1,0,0,1,0,0,0,2,27,0,1,0,1,0,10,1,6,0,1,1,1,0,3,2,1,4,0
0,5,0,3,0,0,2,0,5,1,1,2,1,0,3,2,0,2,0,3,1,0,2,0,0,3,0,0,0,0,6,6,2,0,0,2,6,1,2,1,6,1,0,0,0,1,4,2,0,1,5,0,0,4,1,0,0,11,2,6,0,6,1,0,1,0,6,2,9,0,1,0,0,0,0,5,0,17,1,2,0,1,1,2,0,0,1,0,2,3,0,0,0,0,4,2,0,2,19,1,2,3,5,1,0,4,1,3,2,0,1,0,0,0,2,28,0,6,3,0,0,0,2,8,0,0,1,0,0,0,1,0,0,1,0,0,0,1,2,0,13,0,0,1,2,0,0,3,0,0,0,5,13,0,0,0,1,0,0,3,0,1,0,0,1,6,0,0,2,5,1,7,1,3,10,4,0,0,1,3,3,2,0,4,0,0,6,1,2,0,1,3,2,0,2,0,1,2,0,0,2,0,0,0,0,0,0,1,0,0,0,0,0,2,0,0,0,0,0,4,0,1,2,0,4,0,2,0,0,0,0,0,0,3,1,0,1,14,0,1,1,0,0,10,1,6,0,0,0,0,0,2,3,0,8,0
1,0,1,0,0,0,12,3,0,4,2,0,0,1,2,4,2,1,0,4,0,0,0,0,1,0,1,1,6,0,0,10,2,0,0,0,0,2,1,0,1,8,0,0,1,0,20,0,0,8,1,0,0,0,1,2,1,0,0,0,0,5,0,0,0,0,1,0,0,5,0,0,0,0,0,1,6,0,0,0,3,1,6,1,11,0,1,2,0,0,0,7,0,0,3,0,0,1,1,2,10,8,0,0,1,1,0,2,0,0,1,2,1,1,1,0,0,1,0,0,0,0,0,0,0,0,0,4,1,10,2,1,0,0,4,0,10,0,0,0,0,25,8,0,3,0,0,31,0,3,10,0,16,0,0,6,4,2,0,1,0,4,0,0,0,5,0,0,0,0,1,1,0,0,0,0,0,0,0,0,0,0,1,0,0,0,0,1,0,0,2,0,0,0,0,0,2,0,6,2,0,0,0,0,2,0,0,0,1,2,4,4,1,1,0,1,0,0,0,0,1,0,2,2,0,0,0,0,0,0,1,0,2,0,0,1,0,1,0,1,0,1,1,6,0,0,2,0,0,10,12,1,1,1,2,12
0,1,0,1,0,0,5,1,0,4,0,1,0,0,1,2,16,2,0,3,0,0,2,0,7,0,1,1,8,0,10,8,1,0,0,0,1,0,3,0,2,8,2,0,0,0,7,0,1,0,1,1,0,1,6,5,1,0,0,2,0,1,3,0,0,1,1,0,0,0,0,1,1,0,0,6,2,13,0,3,0,0,1,1,0,0,0,0,0,0,0,0,0,0,2,24,2,0,35,0,1,0,0,0,0,2,0,0,0,0,6,2,0,1,0,10,0,3,0,1,0,0,0,0,4,1,1,1,1,0,0,12,0,0,0,0,1,0,0,0,5,1,2,0,0,3,0,4,0,1,0,0,1,0,0,0,0,0,1,0,0,0,0,0,0,0,2,1,2,1,1,1,0,1,3,0,4,0,0,0,3,0,2,1,0,0,2,1,1,0,1,0,5,0,1,0,8,4,17,0,12,1,0,0,0,0,0,0,2,0,0,0,6,1,4,2,0,0,0,1,3,1,0,0,0,0,2,0,0,0,7,0,2,2,0,1,1,0,0,0,0,2,1,3,1,0,5,0,1,1,3,0,1,16,7,3
1,1,2,0,0,0,7,1,0,2,1,1,0,1,0,0,1,1,0,5,1,0,0,0,7,1,0,0,4,0,2,3,1,0,1,4,0,4,1,0,0,16,0,0,0,2,0,0,1,0,2,1,2,1,3,14,8,0,0,0,0,0,0,0,0,1,3,0,0,1,0,0,0,0,0,1,2,8,1,0,0,0,2,2,9,0,1,0,1,1,1,2,1,0,0,0,0,0,10,1,3,1,1,0,0,0,0,0,5,1,0,1,2,0,0,8,1,0,1,4,1,0,0,4,0,2,3,2,0,1,0,17,1,2,2,0,0,1,0,19,13,0,2,2,0,0,3,0,2,3,1,0,12,0,3,0,1,1,0,1,1,0,0,0,0,1,0,2,0,1,3,2,0,14,1,1,0,0,0,1,8,0,2,1,0,0,0,0,1,0,1,2,1,0,0,0,0,0,0,1,7,1,0,2,1,8,2,0,11,2,0,0,0,4,0,3,0,0,2,0,2,0,1,2,4,0,1,0,0,0,0,9,3,1,0,7,1,2,0,0,2,1,0,2,0,1,9,3,1,4,7,1,1,13,0,5
0,2,0,1,0,0,3,1,1,0,0,0,1,0,0,0,0,1,1,0,4,0,0,1,0,3,0,1,0,0,1,4,3,0,3,0,9,1,1,4,0,0,0,1,0,2,0,4,0,0,10,2,0,7,1,1,0,6,3,2,0,1,14,0,3,3,5,0,0,0,1,0,0,1,7,4,0,19,0,1,0,1,0,1,0,0,6,0,0,3,0,0,1,0,0,1,1,0,42,3,1,6,2,0,0,33,0,2,2,2,0,0,0,0,3,13,1,4,1,3,0,1,0,6,8,3,3,0,1,0,0,0,0,0,2,0,3,0,0,0,3,0,2,2,0,0,0,0,0,0,1,2,7,0,0,0,1,0,0,0,0,0,1,3,0,6,0,0,5,2,0,2,2,9,2,2,0,0,0,1,8,0,0,1,0,1,10,1,4,0,6,0,17,0,0,0,0,0,1,0,15,1,0,8,0,0,0,2,0,0,0,0,0,1,0,0,0,0,0,2,1,22,0,0,2,3,1,0,0,0,7,1,0,1,0,0,1,1,0,1,0,3,0,0,2,2,0,0,0,0,0,0,1,3,2,0
2,0,11,0,0,0,13,2,0,2,1,1,0,1,0,3,1,1,2,8,0,0,3,0,2,2,3,0,4,0,0,22,1,0,0,2,0,3,0,1,0,8,0,1,0,0,0,0,0,0,1,0,0,0,0,1,0,0,1,0,0,0,0,1,0,2,0,2,0,6,0,0,0,0,2,0,3,0,0,1,3,1,3,1,1,0,0,0,0,0,1,0,0,0,0,0,2,0,3,0,7,13,0,0,2,1,1,1,0,1,1,0,1,0,3,7,4,3,0,1,0,0,0,4,0,0,0,1,5,0,1,43,0,0,0,0,2,0,1,1,0,1,8,1,0,4,0,34,5,3,0,1,14,0,0,0,0,0,1,1,0,8,0,0,1,0,0,0,0,4,3,0,0,0,9,1,0,0,3,0,0,1,0,0,0,0,0,0,0,0,0,2,1,2,0,0,0,0,1,0,12,1,0,1,1,1,1,0,1,0,2,0,0,0,0,1,0,0,0,1,0,1,1,2,0,1,0,0,2,0,1,2,4,3,0,1,0,1,3,1,0,1,0,0,0,0,0,2,0,2,19,1,1,1,5,7
0,2,0,4,0,2,1,5,1,1,0,0,4,1,1,0,0,2,1,1,4,4,4,2,0,2,2,1,0,2,5,1,2,0,0,0,2,1,3,1,11,0,0,7,0,1,3,8,0,0,11,5,0,3,0,1,0,4,2,1,0,5,5,1,1,0,4,0,5,0,1,0,0,0,6,2,0,14,0,5,2,6,3,0,0,1,0,0,1,4,0,1,0,1,0,1,4,0,50,0,1,0,5,2,0,2,2,9,1,0,0,1,1,0,5,12,4,0,1,1,1,0,2,6,0,0,2,0,0,1,4,0,0,0,0,0,0,0,0,2,12,0,5,0,0,0,0,2,0,0,0,19,0,1,5,0,0,0,0,3,0,1,0,0,9,2,5,1,3,1,8,2,1,2,1,1,0,1,6,0,5,0,2,3,6,5,3,1,2,2,1,0,1,0,2,0,0,3,0,6,7,0,0,0,0,0,0,1,0,0,0,0,0,2,2,1,0,0,0,2,0,2,0,0,0,0,2,0,3,2,1,0,0,0,1,0,1,0,0,0,0,1,0,0,2,0,0,1,2,0,1,0,3,0,3,0
2,4,2,0,1,0,13,1,0,5,1,0,0,1,1,1,1,1,0,3,0,0,0,0,11,3,0,0,15,0,0,7,10,0,0,0,0,3,0,1,0,40,0,0,2,0,3,0,0,0,1,0,15,1,0,36,16,3,3,0,0,0,0,0,0,0,0,2,0,6,0,0,1,0,1,1,2,0,1,0,6,0,1,1,1,0,0,2,0,0,1,0,1,0,1,0,0,0,0,2,3,4,0,0,0,1,0,2,0,0,2,3,3,1,0,1,0,5,0,0,0,1,0,0,0,0,0,1,1,2,0,6,0,0,2,0,1,0,0,0,0,4,5,0,0,3,0,8,0,0,4,0,4,0,0,0,0,3,1,0,0,0,0,1,0,4,0,1,0,0,2,1,0,0,0,1,0,0,0,2,0,0,0,1,0,0,2,1,0,0,0,1,9,0,0,1,0,0,0,0,0,2,2,0,1,2,1,0,3,6,0,1,3,0,0,2,0,0,0,0,0,1,0,4,0,1,2,0,0,3,1,0,4,0,0,9,0,1,0,0,0,2,0,6,0,0,14,1,1,4,9,0,3,14,2,0
0,3,0,2,0,0,2,0,1,0,0,0,0,0,1,0,0,1,1,0,0,0,1,1,1,2,1,0,0,0,0,6,1,0,0,2,1,0,3,0,2,1,0,0,0,0,1,5,1,1,1,5,0,2,1,0,0,1,0,2,3,2,0,1,0,0,11,0,2,0,1,1,1,1,1,3,0,15,0,1,0,1,0,0,0,0,2,0,0,7,0,0,3,1,0,1,0,0,45,1,16,0,9,1,7,6,3,2,0,0,0,0,0,0,2,8,0,2,4,2,0,1,0,2,2,0,1,0,1,0,0,1,0,0,4,0,0,0,0,0,10,0,1,3,3,0,0,0,0,3,1,2,0,0,1,0,2,0,0,2,4,0,0,1,0,3,1,1,2,3,1,6,1,1,1,4,0,0,0,0,2,0,0,4,1,0,11,1,2,0,3,0,4,0,3,0,1,0,1,0,6,1,0,0,0,0,0,1,0,1,0,1,0,4,2,6,0,0,0,0,0,0,0,0,1,1,1,1,0,1,0,5,0,0,41,0,1,4,0,8,2,2,1,6,1,2,2,1,0,0,0,0,1,1,6,0
2,0,2,1,0,1,12,2,0,0,0,0,0,0,0,1,2,1,0,7,0,0,0,1,5,3,1,2,9,0,0,11,0,0,0,1,1,0,1,0,2,9,1,0,0,0,0,1,6,10,0,1,0,1,0,1,0,0,2,1,0,0,2,0,0,0,1,3,1,3,0,0,0,6,0,0,2,15,0,2,0,0,7,1,0,0,3,1,0,0,0,0,1,0,0,0,0,0,14,2,8,7,1,0,3,0,1,0,0,4,0,0,2,0,4,13,1,4,1,6,0,0,0,2,0,1,3,1,1,0,0,6,15,0,0,0,0,0,0,0,1,0,3,0,0,0,0,12,0,0,0,14,4,0,0,0,2,0,2,4,0,2,0,0,0,0,0,1,1,2,1,5,0,2,1,1,2,10,5,0,4,0,0,1,0,1,0,3,0,0,4,0,0,1,0,1,0,0,1,5,0,0,0,0,1,0,0,0,1,1,0,1,0,0,5,1,0,0,1,2,0,0,1,3,2,0,0,0,0,2,15,0,0,2,0,1,3,0,0,0,1,1,0,0,3,1,8,0,0,2,5,3,0,1,7,5
0,4,4,5,0,0,1,1,1,0,0,1,1,0,0,1,1,0,0,1,9,0,3,3,0,5,0,2,0,0,5,5,1,0,0,0,12,0,1,8,2,0,0,0,0,0,0,1,0,0,3,3,0,3,0,0,0,13,2,1,0,0,1,0,0,0,0,0,0,0,1,0,0,0,4,1,0,6,0,0,0,1,3,0,0,1,0,2,0,1,0,0,0,0,1,1,8,1,28,0,0,4,2,1,0,13,3,4,0,0,0,0,0,0,0,17,0,1,0,0,0,1,1,1,1,1,2,0,2,0,0,3,1,0,6,1,1,2,1,1,20,0,0,0,0,0,0,0,0,2,0,13,0,0,0,0,13,0,0,5,6,0,1,1,1,0,0,0,2,4,3,2,0,0,1,0,0,1,0,0,4,0,1,3,2,2,2,1,2,0,1,0,4,0,2,0,2,2,0,0,2,0,0,1,0,0,2,1,0,0,0,0,0,2,3,2,0,0,0,2,7,2,0,0,3,2,2,2,0,2,20,3,1,5,0,1,4,33,0,4,1,2,0,1,1,3,1,0,3,0,1,0,0,4,5,0
0,2,0,2,0,0,1,0,2,0,0,1,1,0,0,1,0,0,1,0,1,4,1,0,0,2,1,3,0,0,2,1,1,0,0,0,3,1,2,3,4,1,1,0,0,1,5,2,0,1,1,6,0,3,2,0,0,10,1,5,0,0,13,0,1,1,2,1,1,0,1,0,0,0,1,5,0,15,0,0,0,0,0,4,0,1,8,2,4,0,0,0,0,2,0,1,2,0,30,0,2,4,4,0,0,23,0,3,0,0,4,1,0,0,1,17,4,0,1,0,0,1,0,7,14,2,2,0,0,0,2,0,0,0,1,0,0,0,0,0,1,0,0,0,0,0,0,0,0,0,0,0,0,0,0,0,0,0,0,1,0,2,1,0,0,2,0,0,3,2,0,3,0,0,1,4,0,0,0,0,7,0,0,5,0,2,18,1,1,0,3,1,3,0,0,1,0,0,0,0,1,0,0,0,1,0,2,1,0,0,0,0,0,1,3,0,0,0,0,2,1,23,3,0,10,0,2,0,0,0,0,0,0,7,3,0,0,14,0,0,0,21,0,3,0,5,0,0,0,0,3,0,2,0,3,0
0,2,0,4,0,3,1,0,1,0,0,1,0,0,7,1,15,1,3,0,1,0,1,0,0,2,1,5,0,0,6,2,1,0,0,3,2,0,1,3,5,0,0,0,0,0,0,5,1,0,2,2,0,2,0,0,0,10,0,2,0,0,2,0,0,0,2,1,1,0,1,0,0,0,2,2,0,16,0,2,0,6,1,0,1,0,0,0,5,6,0,0,0,1,0,4,0,0,37,0,0,0,3,1,0,0,1,3,4,0,0,2,0,0,1,15,3,4,0,1,0,0,0,7,2,1,1,26,0,1,0,0,1,0,1,0,0,0,2,0,2,0,1,3,0,0,0,0,0,0,0,5,1,0,0,0,1,0,0,0,0,0,0,0,0,0,0,0,1,4,0,4,1,0,3,0,0,0,0,1,6,0,0,2,1,4,1,1,3,1,1,0,1,0,0,2,15,0,1,1,1,0,0,0,0,0,0,1,0,0,0,1,0,4,2,0,1,0,0,0,1,25,2,0,6,0,4,2,0,2,0,0,0,0,0,1,2,8,0,0,0,1,1,4,1,1,1,0,0,0,1,0,0,3,6,1
2,0,4,0,0,2,12,4,0,2,5,1,0,1,0,3,2,1,0,7,2,0,1,0,5,0,0,0,0,9,0,21,0,2,0,1,1,3,0,0,1,11,0,0,0,0,0,1,1,1,2,0,0,1,0,7,0,0,1,1,0,0,0,0,0,0,0,1,0,4,0,0,1,1,1,1,0,2,3,0,0,1,9,1,1,0,1,1,0,0,0,0,0,1,0,1,3,0,4,2,8,16,0,2,3,2,0,1,0,2,10,0,3,2,0,18,5,4,1,1,0,0,3,0,0,0,0,2,2,0,1,30,0,0,1,0,0,0,2,0,0,2,4,0,0,3,4,24,2,1,0,4,1,0,0,0,7,0,0,0,0,1,0,0,0,0,1,0,0,0,0,2,0,0,2,0,1,19,0,5,0,1,0,0,0,0,0,1,3,0,1,0,0,0,0,1,0,0,0,0,7,0,0,0,1,0,0,1,4,0,0,0,0,2,0,3,1,0,1,0,0,0,0,0,0,1,2,2,0,0,13,0,6,4,0,1,0,2,0,0,1,1,1,0,0,0,0,0,0,0,17,1,3,1,9,13
0,4,0,0,0,1,1,0,1,0,0,0,1,0,2,1,4,1,0,0,0,0,3,0,2,1,0,0,0,0,3,1,1,0,0,2,6,0,1,2,1,0,2,0,0,0,1,4,0,0,0,1,0,0,1,0,0,1,0,2,0,1,1,1,0,1,7,0,0,0,1,2,0,0,0,8,0,25,31,14,0,0,2,4,0,0,1,0,6,7,1,1,2,0,0,0,4,0,43,0,2,2,8,3,0,16,1,0,1,0,1,1,2,0,6,24,0,0,3,0,0,0,0,14,0,0,1,0,0,0,5,0,0,4,2,1,0,0,2,0,0,0,1,1,2,0,0,0,0,0,0,6,0,0,0,0,1,0,0,0,1,0,0,0,0,3,1,1,3,2,0,1,0,0,1,3,0,0,0,0,7,0,0,8,1,2,10,1,1,2,1,3,2,1,3,0,3,0,0,0,3,2,0,2,0,1,0,1,0,0,0,0,1,5,3,2,0,0,1,1,0,6,0,0,5,1,1,2,0,0,1,1,0,0,0,0,5,13,0,0,0,6,0,4,2,4,0,2,0,0,0,1,1,2,8,0
1,1,0,2,0,0,1,0,3,0,0,0,0,2,1,1,25,1,2,0,8,1,1,0,0,2,1,0,0,5,1,0,2,2,0,0,4,0,1,1,12,0,3,0,1,1,0,7,0,0,0,16,0,2,0,1,1,3,0,4,0,14,0,0,0,0,0,0,9,0,1,0,0,0,0,1,0,4,1,0,0,2,0,0,0,0,0,0,1,0,0,0,0,1,0,1,0,3,28,0,0,0,11,0,0,2,0,5,2,0,0,0,3,0,2,12,1,0,0,0,0,1,4,0,2,0,5,1,1,0,0,0,0,0,2,1,0,0,0,1,0,0,1,0,0,0,0,0,0,0,0,1,0,0,2,0,1,0,0,1,3,0,0,0,0,1,0,1,2,1,4,1,0,3,2,0,0,0,0,0,10,0,0,4,2,1,1,1,6,3,3,3,1,0,6,1,1,3,0,2,18,6,0,0,0,0,0,1,0,0,0,1,0,2,0,3,0,1,0,0,8,11,0,0,2,0,1,0,0,0,3,12,0,1,0,0,1,7,0,1,0,0,1,0,3,1,0,0,0,0,1,0,0,1,0,0
0,0,0,0,0,0,1,1,1,0,1,1,0,0,2,0,1,0,2,0,2,0,0,3,0,1,1,1,0,0,1,4,1,2,0,0,1,0,1,1,0,0,0,0,1,1,5,11,0,3,0,4,0,1,0,0,1,0,1,0,0,3,1,0,1,0,1,6,0,0,1,0,1,0,10,1,0,5,1,7,1,3,1,0,0,0,1,0,1,0,0,0,0,1,0,1,1,0,31,0,4,0,2,0,0,0,0,1,3,0,0,1,11,0,3,6,10,1,1,0,0,0,1,7,0,0,3,27,1,0,2,0,0,0,0,0,0,1,0,0,11,0,1,0,0,0,1,0,1,0,0,2,0,0,1,0,0,0,6,0,3,1,1,25,1,0,0,0,3,2,2,4,0,0,4,2,0,0,0,0,4,0,0,2,4,0,0,1,1,1,4,0,1,0,0,0,9,1,0,0,5,3,0,0,0,0,0,1,5,0,1,0,0,0,1,2,0,0,0,0,0,32,4,0,11,1,13,0,0,5,0,0,0,1,0,0,2,8,0,0,0,9,0,0,1,2,0,1,2,0,0,0,4,1,5,0
0,5,0,2,0,1,3,0,1,0,0,0,0,2,1,0,0,0,0,0,1,0,4,2,0,2,0,4,0,1,2,2,1,0,0,1,5,0,1,4,0,2,1,0,0,0,2,0,0,0,0,13,1,1,1,0,0,7,0,2,0,4,5,1,0,3,8,0,3,0,1,0,0,1,3,4,0,10,29,2,0,0,1,0,0,0,2,0,4,8,0,3,0,0,0,5,0,0,29,0,0,0,5,1,0,10,2,7,4,1,0,1,5,0,0,18,0,3,5,0,0,0,0,9,15,0,1,0,0,0,2,0,0,0,2,0,1,1,1,0,0,0,0,0,0,0,0,2,0,0,0,0,2,0,1,0,1,0,0,2,1,1,0,2,0,0,0,0,2,2,0,4,1,0,1,2,0,1,0,0,4,1,0,9,2,0,6,1,3,0,3,1,1,0,5,0,5,0,0,0,3,1,0,0,0,0,0,1,1,0,1,0,5,4,1,0,0,0,0,0,2,24,2,0,5,0,1,0,0,0,1,6,0,0,1,0,3,3,0,1,0,1,0,0,4,3,1,1,0,0,0,0,0,2,1,0
2,0,3,0,1,2,17,1,1,4,1,0,0,1,1,2,2,1,0,6,1,0,0,0,6,1,1,0,20,0,0,14,0,0,0,1,0,0,0,0,0,8,1,0,0,0,0,0,5,0,1,0,0,0,1,0,0,2,3,0,0,1,0,0,0,1,0,3,3,14,0,0,2,9,0,0,1,1,0,0,3,0,2,2,35,0,0,3,1,0,3,0,0,1,1,0,0,1,4,0,7,13,0,0,4,2,1,1,0,3,1,0,1,0,3,12,0,5,0,2,0,0,0,0,0,0,1,3,1,3,0,9,0,0,0,0,0,0,0,0,0,0,6,1,0,0,1,2,0,0,0,0,10,1,0,1,0,1,0,2,0,1,0,0,1,0,1,0,0,0,0,0,0,0,0,0,1,0,0,1,0,0,0,6,0,3,0,4,0,0,3,1,1,4,0,1,0,0,6,0,0,0,0,1,1,0,1,0,4,2,0,0,2,0,0,2,0,0,0,0,5,0,1,0,0,0,4,0,1,1,1,0,0,1,0,1,0,1,0,2,0,1,0,0,0,0,0,0,0,6,26,3,2,3,6,6
2,2,0,1,0,0,1,0,1,0,0,0,2,1,4,4,0,2,0,1,4,1,6,2,0,1,0,3,0,0,8,0,1,0,0,0,6,0,4,1,0,0,0,5,0,1,0,2,2,0,3,7,0,2,1,0,1,6,2,1,0,14,2,3,0,14,4,0,3,0,2,0,1,0,6,3,0,5,1,3,1,0,1,1,1,0,1,0,2,0,0,1,0,0,0,4,1,0,40,0,0,3,5,0,0,9,0,7,0,0,1,0,2,0,1,9,3,0,0,0,0,2,2,2,6,6,3,0,0,0,2,0,0,0,1,0,2,2,0,1,8,0,0,0,1,0,0,0,0,1,0,0,0,1,0,0,2,0,0,4,1,0,0,1,2,0,0,0,1,1,3,4,4,0,1,6,0,2,0,0,5,0,0,5,1,1,3,1,3,2,3,2,1,0,1,0,3,2,0,0,7,3,0,0,0,0,0,1,0,0,0,0,2,2,0,1,0,1,0,1,7,8,1,0,3,0,1,2,0,0,0,18,0,4,0,2,0,1,0,4,0,1,0,4,2,1,0,0,0,0,0,0,1,1,3,0
1,8,1,0,3,0,10,1,0,1,1,0,0,1,0,0,1,1,0,1,0,0,0,0,4,1,2,0,0,0,1,7,1,0,0,4,1,0,1,1,1,23,1,0,0,2,38,0,3,0,1,0,0,0,1,33,7,1,0,0,0,0,0,0,0,0,1,0,0,7,5,0,0,0,1,0,0,0,3,0,2,1,2,1,0,0,2,3,0,0,0,0,1,0,0,0,0,3,1,0,1,1,0,0,0,1,0,1,0,0,0,12,1,0,0,0,0,0,1,0,4,0,0,0,0,1,1,1,0,0,0,0,1,0,0,0,1,0,0,0,0,2,1,0,0,8,0,3,1,2,0,0,2,0,0,0,0,0,0,0,0,4,0,0,0,0,0,0,0,0,5,0,0,0,0,0,2,12,0,3,0,0,0,0,0,0,1,0,0,0,0,2,1,0,0,0,0,0,0,0,11,0,0,1,3,1,1,0,1,2,1,0,2,0,0,1,0,0,0,0,12,0,0,1,2,0,3,0,0,0,45,1,4,0,0,1,9,2,0,0,0,1,1,6,0,0,2,0,2,7,2,0,1,5,0,4
2,3,1,0,0,0,8,1,1,6,1,0,0,1,0,5,1,1,1,5,0,0,2,1,8,0,0,0,34,1,2,19,1,0,0,2,5,1,0,0,1,14,0,0,0,0,0,0,2,2,1,0,0,0,0,28,0,2,3,0,0,0,0,0,0,2,0,0,1,4,0,0,0,0,0,0,4,0,2,0,6,0,10,1,1,0,3,1,0,0,0,0,2,0,0,0,0,0,1,2,4,5,0,0,2,1,0,1,1,0,1,0,1,0,0,4,1,8,0,0,0,0,0,0,0,1,0,1,0,2,0,1,3,0,0,0,0,0,0,0,4,0,4,0,0,3,3,10,1,1,2,0,9,0,0,1,0,2,0,0,0,3,0,11,2,0,0,0,0,0,6,1,0,2,1,0,0,7,0,0,0,0,0,0,0,0,0,0,1,0,1,0,2,1,0,1,2,0,0,0,10,0,0,1,1,0,4,0,5,0,0,0,0,0,0,2,0,0,1,0,1,2,0,9,0,0,3,0,1,0,2,0,1,2,0,1,0,1,0,0,0,1,0,0,0,3,2,1,1,3,12,0,0,1,7,6
0,0,2,1,0,2,1,0,1,0,0,2,0,0,1,1,2,0,1,0,0,0,0,0,0,2,0,2,0,0,2,1,1,0,11,4,2,0,1,3,6,0,2,0,0,0,0,3,0,0,0,1,0,1,3,0,1,0,0,3,7,7,2,0,0,19,1,1,1,0,1,0,1,0,2,8,0,10,0,0,0,0,1,4,0,0,0,0,4,0,9,0,0,2,0,0,0,0,33,0,0,0,8,2,0,7,0,4,2,0,0,5,0,0,1,28,2,2,1,0,0,0,0,9,1,9,4,0,2,0,1,0,0,0,1,0,1,0,0,1,0,0,0,11,0,0,0,0,0,0,2,9,1,0,1,0,0,0,0,0,0,0,0,0,0,3,0,0,5,5,0,6,0,0,1,0,0,0,0,0,12,1,0,6,3,1,0,1,2,4,1,0,2,0,1,0,1,3,0,0,4,6,0,1,0,1,0,1,5,1,1,1,1,4,1,0,0,1,0,0,0,9,0,0,1,0,4,0,0,0,2,0,1,0,0,0,3,6,0,0,0,1,2,0,2,4,0,0,1,0,1,0,0,2,0,0
1,0,4,0,1,2,1,1,0,0,3,0,0,3,0,2,3,1,1,6,0,0,1,0,7,4,0,0,2,18,0,33,0,2,0,1,0,3,0,0,1,11,0,1,1,0,1,23,0,3,1,3,0,0,0,6,0,0,0,1,0,0,1,0,0,0,3,0,0,21,0,0,1,0,1,0,2,0,0,1,13,0,3,1,0,0,9,0,0,0,0,0,0,1,0,0,2,1,1,3,7,8,1,0,2,1,0,1,0,0,3,0,2,1,0,12,5,2,0,0,0,1,1,0,0,0,1,1,0,2,0,18,0,3,1,0,1,1,0,0,0,1,6,0,0,0,1,1,0,1,0,0,4,0,1,1,0,0,0,2,3,0,0,1,0,0,1,2,0,0,1,0,0,0,0,0,2,0,0,1,1,0,1,0,0,0,0,0,2,0,3,0,1,0,0,0,0,0,0,0,0,0,1,0,1,0,0,1,1,0,1,0,0,0,0,2,1,0,0,0,0,0,0,3,0,0,0,2,2,2,1,6,4,2,0,1,0,1,0,0,0,1,0,1,0,3,1,0,0,0,11,0,0,1,4,10
2,6,0,1,1,3,1,1,1,0,1,2,0,0,0,6,0,0,1,0,0,2,2,0,0,8,0,1,0,3,6,3,3,0,0,1,5,2,1,7,4,0,0,0,1,5,1,1,0,1,8,3,0,4,1,0,0,5,2,2,0,4,0,1,1,0,3,0,2,0,1,0,0,0,2,2,0,16,1,3,2,1,1,5,0,0,1,0,1,6,0,0,0,1,0,1,2,1,24,0,6,1,2,4,3,5,1,0,2,0,0,0,0,0,0,14,0,0,1,0,0,1,0,9,0,0,4,0,0,0,4,1,0,0,0,0,3,0,1,0,7,0,0,0,0,0,0,1,0,0,0,11,2,0,1,0,1,0,0,0,0,0,2,0,0,0,0,1,4,3,1,9,3,0,1,3,0,0,1,0,4,0,0,2,1,0,2,1,2,0,1,0,2,0,0,0,2,2,20,0,3,0,0,0,1,0,0,5,0,0,0,0,0,1,2,1,0,0,0,0,1,10,1,0,0,2,2,0,0,7,1,1,0,0,0,0,2,0,0,0,1,6,0,2,1,5,0,2,0,2,1,0,2,0,12,0
0,2,0,1,0,3,2,0,1,1,0,2,0,0,0,1,5,0,0,2,1,0,2,0,0,2,0,4,0,0,2,2,4,0,0,0,11,0,1,4,0,0,2,0,0,0,1,0,0,0,0,2,1,3,12,0,0,0,1,2,0,2,4,0,0,1,1,1,1,1,1,0,0,0,5,6,1,20,0,3,0,1,0,0,0,0,3,0,2,1,0,0,1,4,0,20,1,0,22,1,0,3,2,0,0,16,2,3,1,2,2,0,0,0,1,17,2,1,5,0,0,0,1,3,13,1,3,0,0,0,1,0,3,1,3,0,0,2,0,0,0,1,1,4,2,1,0,0,0,0,1,10,0,0,0,0,0,0,0,3,0,0,1,0,0,0,0,1,2,2,2,2,1,0,1,1,0,1,2,0,6,0,0,5,0,0,3,1,1,0,1,0,8,1,0,0,1,0,0,0,0,1,0,1,0,0,1,1,0,0,0,1,1,0,0,1,0,0,0,1,1,14,1,0,2,0,1,1,0,0,0,0,0,0,3,0,0,6,0,0,1,9,0,6,2,5,0,0,0,0,1,0,0,0,5,0
1,0,3,0,0,1,1,2,0,1,0,3,0,1,0,2,2,1,1,6,1,2,0,0,3,1,0,0,6,0,0,7,0,0,0,2,1,1,1,0,0,9,0,0,0,1,3,0,0,0,1,0,0,0,0,7,1,2,1,2,0,0,1,0,0,1,1,1,3,11,0,0,0,1,1,4,4,10,5,1,2,0,7,1,3,0,2,0,0,1,1,0,0,0,0,2,1,0,7,0,4,3,0,0,0,3,1,0,1,0,4,1,0,0,0,8,2,1,1,1,1,0,0,0,1,0,2,3,2,2,2,4,0,0,2,0,0,1,4,0,4,1,2,0,0,0,2,2,0,0,0,1,5,1,1,0,0,0,0,2,0,1,0,2,1,1,0,0,1,1,1,10,1,2,2,1,1,14,1,4,1,0,0,6,0,1,5,0,4,4,3,0,1,1,0,0,1,0,0,0,1,2,0,0,1,0,1,0,9,0,0,0,0,1,0,3,0,0,1,0,0,4,2,9,3,0,2,0,0,2,22,0,2,2,0,2,1,1,0,1,0,1,0,0,0,1,7,1,2,2,12,0,1,3,11,1
8,2,0,5,0,1,1,0,1,0,1,5,0,1,1,0,2,0,0,0,0,16,0,0,0,2,0,11,0,0,1,3,3,1,0,2,2,0,1,17,2,0,0,0,6,3,1,1,3,0,2,0,3,2,0,0,0,26,5,1,1,3,1,0,2,0,3,0,0,0,1,0,0,0,0,1,1,22,0,2,0,2,1,0,0,0,0,1,1,4,1,0,6,1,0,0,0,0,18,0,5,0,5,1,0,0,0,7,0,0,1,0,0,0,1,15,2,2,2,0,2,3,0,1,1,0,2,15,1,2,5,0,0,0,2,0,0,2,1,0,0,0,3,0,0,0,0,0,0,0,1,9,10,0,0,0,0,0,0,0,1,0,4,0,0,2,2,0,3,3,3,8,0,0,19,1,0,0,2,2,4,2,2,1,5,0,0,1,1,1,3,2,1,0,0,0,0,1,0,0,0,3,1,0,0,0,0,1,0,0,0,0,0,0,0,0,0,0,0,0,0,5,0,0,5,1,0,1,1,0,0,0,0,3,1,0,2,0,0,1,0,2,0,3,0,2,0,0,1,0,0,0,1,0,1,0
0,1,0,0,0,0,1,0,1,0,0,1,0,0,2,2,1,0,0,0,0,1,0,0,0,1,0,0,0,0,0,2,1,0,0,0,2,0,2,0,2,1,0,0,0,1,1,1,0,0,2,5,0,2,0,1,0,7,1,2,0,2,1,0,1,11,9,0,0,0,2,0,0,1,2,5,0,15,0,1,0,3,0,0,0,0,2,0,1,1,0,0,2,1,0,0,0,3,46,0,2,3,4,4,6,6,0,1,0,0,0,2,1,0,0,10,0,1,1,0,0,0,0,8,8,7,4,14,0,0,4,0,0,0,3,0,2,3,0,0,4,0,2,1,1,0,0,0,0,0,0,15,3,0,0,0,0,0,0,14,2,0,1,0,0,3,0,0,4,1,0,1,0,0,1,0,0,1,0,0,6,0,0,3,1,1,3,1,2,11,3,2,3,0,2,0,2,2,0,1,15,1,0,0,0,0,0,1,0,1,0,0,0,4,0,0,0,0,0,0,0,10,0,0,2,1,3,0,0,0,2,0,0,0,0,0,0,9,0,0,0,1,0,9,2,1,1,0,1,0,2,0,1,0,5,0
1,8,3,0,0,0,3,1,0,2,1,0,0,3,0,2,1,2,0,6,0,0,0,0,2,2,1,0,0,0,0,10,0,0,0,1,0,0,0,0,1,10,1,0,0,1,0,0,0,0,1,0,0,0,0,7,2,0,0,0,0,1,0,0,0,0,0,0,0,1,0,0,0,6,0,0,0,6,1,0,2,0,0,1,0,0,1,0,0,0,0,0,0,0,0,0,1,1,2,0,6,7,0,0,0,11,1,1,7,2,0,0,2,0,0,5,2,5,0,1,0,0,1,0,0,0,0,2,1,1,0,21,0,0,1,0,0,0,0,24,0,0,3,0,0,2,0,29,4,3,1,0,2,0,0,0,0,0,0,0,0,0,0,0,5,0,0,1,0,0,7,1,0,3,2,2,0,0,0,1,0,1,0,0,0,2,1,0,0,0,1,3,11,2,0,0,0,1,0,0,0,1,0,0,1,11,4,0,8,0,1,1,0,1,1,1,0,0,0,1,0,1,1,2,0,0,5,0,0,0,1,0,0,0,0,1,0,1,0,0,0,2,2,0,0,3,0,1,0,0,23,0,1,8,8,17
0,0,0,3,0,2,1,0,5,0,2,1,1,0,0,0,1,0,0,2,2,0,5,0,2,5,1,9,0,1,7,3,1,0,0,0,4,0,1,4,1,1,1,1,1,0,0,1,2,0,5,3,0,5,1,0,0,2,0,2,0,2,0,0,0,0,0,0,1,0,2,0,0,0,1,1,0,4,0,4,1,1,0,1,0,0,0,0,7,0,4,1,0,0,0,3,0,1,22,0,0,3,5,1,0,0,0,9,3,0,0,3,0,0,1,45,0,0,6,0,2,1,0,1,0,0,2,1,1,1,5,2,0,0,3,0,2,4,1,0,9,0,1,0,0,0,0,2,0,4,0,14,1,0,0,0,0,0,4,0,1,2,1,14,0,0,0,0,5,2,2,8,0,0,16,0,0,3,0,0,2,0,0,2,1,0,0,1,1,0,1,0,1,1,1,0,9,1,0,0,0,3,1,0,0,4,7,2,3,0,4,0,0,1,2,0,0,0,0,0,0,14,0,2,6,1,1,2,0,0,0,0,0,1,0,0,1,1,0,0,0,0,0,0,1,3,2,0,0,0,0,2,0,1,2,0
1,0,2,1,0,0,21,2,0,0,2,0,0,3,0,2,1,1,1,3,0,0,0,3,2,0,0,0,0,0,2,5,0,1,0,0,1,0,0,0,0,9,0,0,1,0,10,1,2,0,1,0,0,2,15,24,0,1,2,0,0,2,1,0,0,0,1,0,0,12,0,0,1,0,1,0,9,1,0,0,3,1,0,1,0,0,1,1,0,0,0,0,0,0,0,0,0,0,1,1,4,5,0,0,1,1,0,1,0,0,0,0,2,0,0,0,1,0,0,0,4,0,0,0,0,0,1,1,2,0,0,7,3,0,0,0,1,1,0,0,3,0,1,0,1,5,0,19,0,1,0,1,2,0,0,1,0,1,0,1,1,17,0,0,1,0,0,1,0,0,1,1,0,2,5,0,1,0,1,2,2,1,1,0,0,0,0,5,1,0,1,1,0,0,0,0,0,0,0,0,14,0,0,0,1,0,5,0,1,5,3,0,1,1,0,1,0,0,1,0,1,1,1,3,0,0,2,0,0,0,18,0,3,1,0,3,0,3,0,0,0,5,0,0,0,0,2,1,0,11,11,2,1,1,0,6
0,2,0,0,0,0,1,1,1,0,0,0,4,0,0,0,3,1,0,0,0,0,1,0,2,2,2,0,0,0,1,1,1,0,0,4,2,0,4,1,1,0,1,2,0,0,1,2,1,0,2,3,1,5,3,0,0,6,0,1,0,4,1,0,2,2,6,2,2,0,1,0,0,0,2,7,0,11,1,5,1,1,0,2,0,0,2,0,0,9,0,0,2,0,1,0,1,0,44,0,0,0,2,2,0,14,3,2,1,0,2,1,0,0,0,13,4,1,2,1,0,0,1,4,2,0,3,0,0,1,3,0,0,0,3,1,0,0,2,0,4,0,3,5,1,0,0,0,0,0,1,20,4,2,1,0,0,0,0,6,0,1,1,0,0,3,0,0,3,1,0,1,0,0,1,0,0,0,2,1,4,0,0,6,4,0,10,3,4,3,1,0,1,2,1,0,0,1,0,0,2,1,0,0,0,0,0,1,0,0,0,0,0,0,3,2,0,0,0,0,2,10,2,1,4,0,1,0,0,0,1,3,1,0,0,0,2,0,0,0,0,0,0,1,4,2,0,5,1,0,0,7,0,1,2,0
2,0,3,0,2,0,13,2,0,4,3,0,0,2,0,2,1,1,2,10,2,0,0,0,4,0,2,0,0,1,0,13,0,0,0,0,0,1,0,0,1,17,0,2,1,0,0,0,0,0,1,2,0,0,0,7,2,1,0,0,0,0,0,1,0,3,0,0,0,13,0,0,2,0,1,1,3,0,0,1,7,2,0,2,0,0,7,1,0,0,2,1,0,0,1,0,0,0,2,0,3,8,0,2,2,1,0,1,0,0,1,0,1,1,0,0,1,2,0,0,4,0,0,0,0,0,0,1,1,1,0,1,0,0,0,1,1,1,0,0,0,0,0,0,0,4,0,11,2,1,0,0,1,0,0,0,2,1,0,0,0,1,1,0,1,0,1,0,0,0,0,1,0,0,0,1,0,3,2,0,0,2,0,0,0,1,0,0,1,1,0,0,0,0,0,4,0,0,0,0,2,1,1,0,1,0,0,0,1,5,5,0,0,1,0,1,0,0,0,0,0,1,0,0,0,0,1,0,5,2,37,0,20,3,0,1,1,2,0,0,1,1,0,1,0,2,6,2,0,6,13,2,6,7,0,32
0,0,0,3,0,0,1,0,1,1,0,0,0,0,0,0,0,1,0,2,0,2,3,0,0,2,0,7,0,0,5,1,1,0,0,1,1,0,1,4,1,0,0,0,0,0,2,4,0,0,1,7,0,0,0,0,0,3,1,2,0,1,0,0,2,2,5,1,1,1,1,0,0,0,6,3,0,7,0,32,0,0,0,1,0,0,2,1,4,2,0,0,0,3,0,1,1,0,35,0,1,0,2,1,0,34,1,5,2,0,3,1,0,0,1,16,0,1,0,1,1,0,0,3,7,2,2,0,0,0,0,0,0,0,0,0,1,0,2,0,7,0,1,0,1,0,0,0,0,0,0,5,1,0,0,1,1,0,0,0,0,1,0,1,0,0,0,0,2,3,0,3,0,0,2,6,0,3,2,0,1,1,0,7,2,1,9,1,3,4,3,1,1,0,0,0,2,0,0,1,1,0,0,0,0,0,0,3,0,0,0,0,0,1,4,0,0,0,0,1,0,10,0,0,2,0,1,1,0,1,0,1,0,2,0,0,0,1,0,0,2,1,0,9,9,4,0,2,0,1,0,1,2,1,4,1
0,1,0,0,2,0,2,2,0,1,0,0,0,1,0,1,6,4,2,1,0,1,0,0,1,1,0,1,1,0,5,3,2,0,0,1,2,0,1,2,9,2,0,2,0,0,4,3,1,1,1,1,0,0,1,3,2,9,0,1,0,4,1,2,2,0,1,2,0,3,0,0,0,0,2,6,1,9,0,3,2,0,0,1,2,0,1,0,2,8,2,1,0,0,0,1,0,0,38,0,0,0,0,1,0,2,0,1,0,1,1,0,3,0,1,15,7,0,0,0,0,4,0,0,0,1,2,0,0,1,0,9,2,0,4,0,1,3,1,0,8,1,0,0,3,1,0,9,0,0,0,3,3,0,0,0,0,1,0,0,0,0,1,0,3,0,1,0,1,2,2,1,0,0,1,0,0,0,4,1,2,0,0,4,0,0,2,2,3,0,1,0,0,0,3,2,10,0,0,0,1,1,0,0,0,0,0,1,1,1,2,0,1,3,5,10,0,0,1,0,0,7,0,1,0,0,1,1,2,1,0,0,2,2,0,0,0,2,0,0,0,1,0,2,1,0,6,1,2,2,3,1,8,1,0,5
0,1,0,0,0,0,1,0,2,0,0,0,0,2,0,3,18,0,28,2,1,7,1,0,0,7,1,1,3,0,4,3,1,2,0,0,2,0,1,2,0,0,0,0,0,1,0,0,0,0,0,0,0,1,0,0,1,0,0,2,0,7,0,0,0,1,0,0,2,0,1,0,0,0,0,1,0,10,1,0,0,0,0,2,0,1,0,0,3,0,0,0,1,18,1,1,1,0,29,0,1,0,3,4,1,0,0,1,2,0,3,0,7,0,6,4,0,0,4,0,1,0,0,0,0,3,3,0,0,0,6,0,0,4,3,1,2,3,0,0,0,0,1,1,0,0,0,0,0,6,2,0,0,0,0,0,0,0,0,0,0,2,0,0,0,2,0,0,2,1,5,3,0,0,1,0,0,0,0,2,2,0,1,3,2,1,0,1,5,0,5,1,1,0,0,0,0,1,0,0,1,1,0,0,0,0,0,1,0,0,0,0,0,1,0,1,1,0,0,0,0,6,1,0,23,0,1,0,0,3,2,0,0,0,1,0,1,0,0,0,1,1,1,0,1,1,1,0,4,0,0,2,1,0,4,0
0,1,5,0,0,0,0,1,0,2,0,1,0,1,1,1,23,1,1,0,0,0,0,0,2,1,0,0,1,0,0,3,1,0,0,2,0,0,2,3,2,3,0,0,1,1,6,2,0,1,0,2,1,0,0,3,8,4,0,2,0,8,1,0,0,1,2,0,1,1,0,0,1,0,0,3,0,6,4,2,1,1,0,1,0,0,3,0,2,3,1,0,1,0,0,0,3,3,29,1,5,4,0,0,0,17,0,5,0,2,2,0,0,0,0,20,1,4,0,1,0,1,0,6,0,1,2,2,1,0,3,8,1,0,5,0,0,0,0,0,0,0,1,5,0,0,7,7,0,1,2,1,0,0,6,1,1,1,0,0,11,1,0,1,1,0,0,1,1,3,5,2,0,1,1,0,0,0,0,0,5,0,0,0,2,0,4,2,5,0,1,2,0,0,0,3,0,0,0,0,3,1,0,2,0,0,0,0,2,0,0,0,0,1,0,1,0,0,0,0,1,8,0,1,0,0,2,0,0,0,1,0,0,0,0,3,0,12,0,0,0,0,0,1,0,2,1,0,1,0,9,2,0,1,9,0
1,4,0,0,1,0,4,3,0,5,1,1,0,2,0,0,1,1,0,1,0,2,0,0,5,1,0,0,4,1,6,2,0,3,0,0,0,1,0,2,1,12,1,1,0,0,4,0,0,0,1,0,0,0,0,10,1,0,0,0,0,0,1,0,0,0,1,0,8,9,0,0,4,0,0,0,5,0,1,0,0,0,4,1,1,0,3,0,0,0,0,0,0,0,0,0,0,1,3,2,3,6,0,2,1,1,0,1,0,1,0,0,2,1,0,3,2,1,2,4,0,4,0,0,0,0,4,3,0,0,0,13,0,0,0,0,0,0,0,0,1,0,1,2,2,9,1,23,1,0,38,0,2,0,1,0,2,8,1,1,0,4,0,1,0,0,0,2,0,0,4,0,0,4,0,3,0,0,0,0,3,2,0,0,1,0,0,0,0,0,0,1,2,0,0,5,0,1,0,1,2,0,0,2,1,2,2,0,1,1,1,0,0,0,0,1,0,0,0,0,4,0,0,1,1,0,1,0,0,1,6,0,3,4,0,2,1,1,0,0,1,2,8,3,0,0,12,1,0,1,5,0,1,2,8,10
2,1,0,0,0,0,2,4,0,4,1,0,0,0,0,3,12,1,1,3,1,8,0,0,3,5,0,0,3,0,6,8,1,0,2,4,1,0,1,2,3,5,2,0,0,0,2,13,0,1,1,3,0,1,0,3,1,0,0,0,1,2,0,2,0,0,0,6,1,1,0,0,0,0,1,6,0,8,0,2,0,0,0,1,1,0,0,0,2,0,0,0,0,0,0,1,0,9,26,0,2,1,1,0,0,3,0,2,4,1,0,1,3,0,5,8,1,3,3,0,1,0,0,6,1,0,2,6,1,0,1,1,1,0,0,0,2,0,5,0,0,0,0,0,0,0,0,1,3,1,0,0,0,0,3,0,1,0,1,0,0,1,0,0,1,0,1,0,0,3,0,1,1,0,1,0,0,0,0,4,5,0,0,3,1,0,0,1,3,0,2,1,3,0,2,0,5,1,10,1,2,1,1,0,0,5,0,1,3,0,0,0,0,0,1,3,0,0,0,0,0,20,0,0,2,0,3,0,0,1,0,1,4,1,0,0,1,4,0,0,0,7,0,1,0,3,2,0,1,0,3,1,5,1,1,3
2,0,2,0,0,0,2,2,0,2,1,0,0,1,0,3,2,1,3,6,0,0,0,0,2,5,1,0,20,3,1,3,0,2,0,1,0,3,0,0,1,8,0,0,0,2,0,0,0,0,1,0,0,0,0,20,2,0,0,0,0,4,0,0,0,0,0,0,0,0,0,0,1,2,0,0,2,0,3,0,0,0,3,1,0,0,3,1,0,0,1,1,0,0,0,0,1,0,1,1,7,12,0,2,2,1,0,1,0,1,0,1,1,0,0,6,0,5,0,1,0,0,0,0,0,0,0,1,0,0,0,16,0,0,1,0,0,0,0,0,0,0,2,1,0,12,11,11,0,2,9,2,3,0,0,4,2,0,1,0,0,0,0,0,0,0,1,1,0,0,2,0,0,3,0,0,1,0,0,1,0,0,0,0,0,0,0,0,0,0,2,3,1,0,0,11,0,0,0,0,6,0,0,0,1,1,5,0,4,1,0,1,2,0,0,2,0,0,0,0,7,1,0,0,0,0,1,0,0,0,1,0,1,0,0,1,0,1,0,0,0,1,0,2,0,0,3,1,1,1,30,1,2,2,14,3
1,0,1,0,0,0,16,4,0,0,2,0,0,1,0,0,1,2,1,2,0,0,0,0,2,0,0,0,5,0,16,7,0,1,0,2,0,3,0,0,0,14,0,1,1,1,0,0,0,1,1,0,0,0,0,19,3,0,0,0,0,0,0,0,0,4,0,0,11,5,0,0,0,1,0,0,1,0,3,0,0,1,1,1,0,0,1,1,0,0,1,0,0,0,0,0,0,0,1,1,3,3,0,0,0,5,0,1,0,1,0,1,3,0,0,16,3,2,0,0,4,0,0,0,0,0,3,1,0,0,0,37,1,1,3,0,2,0,0,0,0,0,2,1,0,10,3,13,0,1,29,0,6,1,0,0,3,0,0,2,0,2,0,1,2,0,1,0,0,2,4,2,1,0,0,0,0,0,0,2,0,1,0,0,0,0,0,1,0,0,2,1,2,0,0,0,1,0,0,0,0,0,0,0,1,0,1,0,2,0,1,0,0,0,2,1,1,0,2,0,1,0,0,0,0,0,2,0,0,0,2,0,5,1,0,1,0,2,0,0,0,1,0,1,0,1,1,1,0,0,4,0,3,3,2,7
1,1,0,0,1,0,6,1,0,6,1,2,1,1,0,1,1,1,1,2,0,0,0,0,11,1,2,0,21,0,3,15,0,5,0,0,2,0,0,0,2,8,1,0,0,0,0,1,0,4,1,0,1,0,0,14,0,1,1,0,0,1,0,0,0,0,0,0,0,9,1,0,1,0,0,0,1,0,0,0,3,1,8,1,2,0,3,0,1,2,0,0,0,0,0,0,0,3,2,3,5,4,0,0,1,1,0,1,0,1,1,0,2,0,0,4,1,4,0,2,0,0,0,0,0,1,0,2,0,0,1,8,5,1,0,0,2,0,0,0,0,1,3,0,0,3,0,8,0,0,37,0,11,0,0,0,1,1,1,4,0,0,0,3,0,1,0,0,0,0,0,0,0,0,0,4,0,0,0,0,0,0,0,0,0,3,0,0,0,0,1,0,4,0,0,2,0,0,0,0,0,0,0,0,1,6,1,0,4,3,0,0,0,0,0,2,0,0,0,0,3,0,0,5,1,0,5,0,0,1,2,0,3,1,0,1,0,1,0,0,0,1,0,0,0,1,8,0,0,5,6,1,4,1,0,3
4,0,1,2,0,2,4,1,0,1,0,1,0,0,1,1,7,1,0,2,1,0,1,0,0,1,0,6,0,0,1,1,1,2,1,3,1,0,1,4,1,2,0,0,2,1,1,2,1,0,1,3,4,0,0,2,0,2,1,1,1,3,0,0,1,6,4,1,1,0,0,0,0,0,0,4,0,8,0,0,0,0,2,1,0,0,1,1,1,2,1,0,0,0,0,0,0,0,14,0,6,2,1,5,1,8,0,6,0,1,1,0,0,0,1,23,0,5,0,1,0,0,0,2,3,0,1,0,1,1,6,10,0,0,1,0,0,0,0,0,2,5,1,5,0,1,2,2,1,1,0,8,6,0,0,0,0,0,0,0,0,0,1,1,0,0,2,0,1,2,3,2,0,0,1,4,0,1,0,1,4,2,0,1,3,1,0,2,1,1,1,3,0,0,0,0,0,1,1,0,4,2,1,5,0,0,2,0,1,0,0,0,0,8,0,1,0,0,0,0,0,2,1,1,2,10,2,0,1,0,4,0,0,4,0,1,1,4,1,1,0,0,0,1,1,3,2,0,0,2,4,1,1,3,3,0
1,0,0,0,0,1,1,0,4,1,0,0,0,0,1,1,0,1,1,0,0,6,2,1,2,0,1,0,1,0,0,2,2,0,1,0,3,0,0,0,0,0,0,0,0,1,0,0,0,0,0,0,0,2,0,1,0,0,1,0,0,0,0,24,0,0,1,0,0,0,0,0,0,0,0,0,1,0,2,0,0,3,0,0,2,3,0,0,0,0,0,3,0,1,1,0,1,5,4,0,0,1,1,0,0,3,1,0,3,0,0,36,1,7,0,1,0,1,0,0,0,1,0,0,0,0,5,2,1,0,0,1,0,0,1,4,27,2,0,1,1,0,1,9,1,3,0,3,1,0,1,0,36,0,0,1,1,0,1,0,0,0,0,0,0,0,0,0,0,0,0,1,0,0,0,1,4,0,0,1,0,0,2,1,0,1,1,1,0,4,3,0,5,0,0,0,0,8,0,0,0,3,14,1,2,0,2,0,2,5,0,0,0,3,0,0,0,2,0,0,2,1,0,0,0,0,1,0,1,0,1,0,3,3,1,0,0,0,1,1,1,0,0,0,0,0,0,1,1,1,2,0,3,1,4,0
0,1,0,2,0,3,1,3,1,0,0,2,1,0,1,0,3,0,4,0,0,0,0,0,1,1,0,7,0,0,4,3,3,2,0,0,8,0,1,5,1,1,3,0,0,1,0,5,3,0,0,3,0,2,0,0,0,5,4,3,0,3,0,0,1,0,0,1,0,0,1,2,0,0,6,3,0,6,0,3,0,0,0,1,1,0,0,0,1,2,3,0,0,1,5,1,6,0,19,0,0,0,5,0,0,14,1,5,2,1,0,1,0,1,2,17,1,4,0,0,0,0,3,2,0,2,2,0,1,0,0,0,1,0,2,0,1,1,4,0,0,0,1,0,2,0,0,0,0,0,0,8,3,0,0,0,0,0,0,2,1,0,1,0,0,0,0,2,4,2,0,2,0,3,1,1,0,0,2,2,4,1,0,4,1,0,1,1,2,2,1,0,5,3,0,0,0,0,0,2,5,4,0,0,0,0,0,1,0,0,0,0,0,0,2,1,0,0,0,0,0,5,0,0,1,0,1,1,0,0,12,0,0,1,6,0,0,4,0,3,0,12,0,0,1,3,1,0,0,0,5,0,0,0,0,0
0,10,1,0,1,0,1,1,0,3,2,0,2,0,0,1,19,1,0,1,0,0,0,0,1,0,0,1,7,1,0,12,0,0,0,0,2,0,1,0,0,5,0,1,1,0,5,0,2,1,0,2,0,0,0,0,3,0,0,0,1,1,1,0,1,1,2,0,0,7,1,0,1,0,1,1,2,10,6,2,3,0,1,1,10,0,0,1,1,0,1,0,0,0,1,1,0,1,27,1,2,2,0,0,0,1,1,1,2,2,0,0,1,2,0,9,0,2,0,0,0,0,0,0,5,0,0,2,2,0,0,4,0,0,0,0,5,0,0,1,0,6,1,2,0,6,7,3,0,0,0,8,0,0,0,1,1,0,0,0,0,0,0,0,0,0,0,0,0,1,0,1,0,0,1,0,0,0,2,1,0,0,0,4,0,0,0,1,2,0,2,0,0,0,0,0,0,2,0,7,0,1,0,0,0,1,4,0,1,0,2,0,2,2,3,2,0,0,1,0,3,21,1,0,1,0,0,0,0,0,0,1,1,2,0,1,0,8,0,0,0,1,0,1,2,1,0,0,0,2,0,3,2,1,2,1
0,0,0,2,1,1,2,3,1,0,0,1,1,0,0,2,3,1,0,1,5,17,2,0,0,1,1,4,0,1,4,5,6,0,0,0,12,0,1,2,2,0,0,0,1,0,1,1,0,0,1,1,0,2,0,0,0,3,1,5,1,4,0,1,3,0,2,0,0,0,1,0,0,0,2,3,0,5,0,2,0,1,0,0,0,0,1,0,1,2,0,0,0,0,0,2,0,1,15,0,0,1,0,0,0,12,0,5,0,0,0,1,0,0,0,24,0,2,10,0,0,2,0,0,2,1,3,0,0,0,0,0,0,2,1,0,0,0,2,1,5,0,1,1,0,0,0,0,0,1,0,4,0,0,1,0,0,0,0,2,0,0,0,0,0,0,1,1,1,2,0,2,0,2,1,1,0,0,0,0,9,0,0,4,0,3,2,1,1,0,3,0,3,0,0,0,3,2,0,0,4,0,0,0,0,0,2,1,0,3,0,0,0,0,0,0,0,0,0,0,0,2,0,0,0,0,1,2,0,0,2,2,0,3,0,0,2,25,0,11,0,0,3,9,1,2,0,0,1,0,1,0,1,1,2,0
1,1,1,0,1,1,19,2,0,9,2,0,0,2,0,2,2,1,0,2,0,0,0,1,1,2,1,2,12,1,0,11,1,0,0,1,0,4,0,1,0,16,0,0,0,0,1,0,3,1,1,0,0,0,2,24,1,2,1,1,0,0,0,1,0,4,1,0,0,6,0,2,2,0,1,0,2,1,4,0,7,0,11,1,1,0,2,1,0,0,0,0,0,1,0,0,0,0,1,0,3,4,0,0,1,3,0,1,0,0,3,0,2,2,0,3,1,3,0,2,1,0,0,0,0,0,0,1,1,0,0,25,0,1,0,0,0,0,0,0,2,1,0,2,0,0,0,1,3,2,0,0,13,0,1,0,0,0,0,1,0,2,0,0,4,0,0,1,1,0,1,1,0,1,1,1,0,1,1,1,4,1,0,2,0,1,1,0,0,0,2,2,0,0,0,0,0,0,0,0,0,1,0,0,1,1,0,0,1,1,0,0,0,0,0,1,1,0,0,0,0,0,0,0,0,0,9,1,0,6,3,0,9,0,0,1,1,3,2,0,0,1,2,0,0,0,0,1,0,1,9,0,3,1,6,4
1,0,4,0,0,1,4,2,1,1,1,0,0,1,0,1,1,4,1,4,1,0,0,0,3,0,0,0,2,4,0,10,0,2,0,0,0,0,0,0,1,12,0,0,0,0,2,0,2,3,0,1,0,0,0,13,3,0,0,1,0,1,0,0,0,1,0,0,0,7,0,0,0,1,0,0,0,3,3,0,1,1,0,1,0,0,1,0,2,0,1,0,0,0,0,0,2,0,1,1,3,8,0,0,0,1,2,0,0,0,30,3,1,0,0,10,5,2,2,0,1,0,1,0,0,0,0,1,0,1,0,0,0,0,2,0,0,0,2,0,0,0,1,0,0,1,5,4,0,1,0,1,0,0,1,0,0,0,1,0,0,3,0,0,0,0,3,1,0,0,0,1,0,0,0,0,0,0,1,0,0,2,0,0,1,0,1,2,0,0,1,0,0,0,0,1,0,0,0,0,1,0,3,0,1,1,0,0,1,0,0,0,0,0,2,2,0,0,0,0,0,0,0,0,2,0,3,1,0,2,21,0,31,21,0,1,1,1,0,0,3,5,0,1,0,2,0,0,0,3,17,2,1,2,2,14
2,4,0,2,0,0,2,1,2,0,3,1,2,0,0,0,0,0,0,0,0,0,0,1,0,2,2,2,0,0,3,1,2,0,0,0,1,0,4,3,0,0,2,0,0,1,1,4,0,0,0,4,0,0,0,1,0,9,1,4,0,6,2,0,0,14,2,4,1,0,1,0,3,0,1,5,0,7,0,0,0,0,0,0,0,0,1,0,1,4,3,1,0,1,0,5,0,0,24,0,0,2,3,1,11,0,6,6,3,0,0,0,0,0,2,11,2,0,1,0,0,0,0,3,5,8,3,0,0,0,6,0,0,0,2,0,0,0,1,0,0,25,1,0,0,0,0,0,0,0,0,8,4,0,2,0,2,0,2,0,0,0,0,0,0,1,0,1,2,1,0,3,0,0,1,2,0,0,1,0,6,0,2,7,2,0,3,1,1,0,1,2,1,0,0,1,0,0,0,0,0,3,0,0,0,0,0,1,0,0,0,0,0,0,0,0,0,0,2,0,0,5,0,0,4,3,2,0,0,0,1,0,0,2,0,0,2,2,0,0,0,0,0,0,1,4,0,1,2,0,1,0,1,0,3,0
0,2,0,2,0,0,1,0,1,0,0,1,2,0,0,0,1,0,2,0,2,1,1,0,0,1,0,2,0,0,0,2,1,0,0,0,8,1,1,2,0,1,1,0,0,1,0,7,0,1,2,6,0,1,0,0,1,1,1,2,0,0,0,0,2,0,1,0,0,0,1,0,0,0,6,1,0,15,0,0,1,2,1,0,0,0,0,0,0,1,0,0,0,0,0,0,1,1,12,0,0,2,4,0,0,1,1,2,0,0,0,0,0,0,0,9,2,6,0,2,0,1,0,1,0,6,3,0,0,2,4,3,2,0,0,0,0,1,0,0,1,0,1,0,0,0,0,0,2,0,0,17,2,0,0,0,9,0,0,0,1,2,0,0,1,0,0,2,3,1,2,9,0,1,6,1,0,0,0,1,4,0,0,1,2,1,0,1,2,0,6,2,1,0,0,0,0,0,19,11,0,2,0,0,0,0,1,3,0,0,0,2,0,0,3,11,1,0,0,1,0,33,0,0,3,1,1,3,0,3,2,0,0,0,0,0,2,0,0,0,2,0,0,0,0,3,0,0,0,0,0,1,1,2,3,0
0,2,0,3,0,1,1,0,1,0,0,1,1,0,1,0,3,0,0,1,0,0,4,1,0,2,0,2,0,0,3,1,1,0,0,0,8,0,1,3,0,1,0,1,0,1,0,0,1,0,2,0,2,1,2,0,0,0,0,7,0,1,0,2,0,2,1,1,1,0,1,0,0,0,4,4,1,14,0,4,0,0,0,0,0,1,0,1,4,0,0,0,0,1,0,0,0,0,16,0,0,7,8,2,0,10,0,7,1,0,0,3,0,0,2,37,0,0,4,0,0,0,0,0,0,1,1,0,0,0,5,6,1,0,1,0,1,0,0,1,0,0,2,12,0,0,0,0,0,0,0,7,1,7,0,0,1,0,0,6,0,1,0,2,0,2,0,1,1,2,1,5,2,0,1,1,0,0,1,0,3,0,0,2,1,0,0,1,1,0,1,0,4,1,0,0,7,0,0,0,1,1,0,0,0,0,2,1,0,3,1,2,0,5,3,0,0,0,0,0,1,4,1,0,2,0,1,2,0,0,0,0,0,2,0,0,3,6,1,2,0,2,0,0,2,4,1,1,1,0,0,2,1,1,0,0
31,1,0,1,0,0,1,0,2,1,0,0,0,0,2,0,0,0,0,1,0,5,2,1,0,2,0,1,0,0,2,5,3,0,0,1,1,0,1,1,4,0,0,0,0,0,0,1,0,1,2,0,0,3,0,0,0,6,0,0,0,6,0,0,3,11,3,6,0,0,1,0,0,0,0,4,0,16,0,0,0,2,0,0,0,0,5,0,3,0,3,0,0,0,0,0,0,0,30,0,1,1,2,1,0,1,0,0,0,0,0,3,7,0,0,12,0,5,0,2,0,0,0,2,11,12,1,0,1,0,0,0,1,0,2,0,0,0,1,0,1,0,0,0,0,0,0,0,0,0,0,0,5,1,0,0,2,0,0,1,1,0,0,0,0,0,0,0,2,2,0,7,0,1,2,3,0,0,0,1,9,0,0,6,0,0,2,1,2,2,1,0,1,0,0,0,2,0,0,0,0,2,0,0,3,0,0,2,0,0,0,0,0,0,1,0,0,0,0,0,0,11,1,0,1,1,5,0,1,0,0,0,0,0,0,0,0,0,0,0,0,10,0,0,1,0,0,0,0,0,1,0,0,0,0,0
1,7,2,0,0,0,4,1,2,2,2,0,1,1,0,3,3,4,0,3,0,0,1,0,4,1,0,0,1,5,2,16,0,3,0,3,2,2,1,0,2,8,0,0,0,0,11,0,0,1,0,0,0,0,0,10,1,0,1,0,0,0,1,0,0,0,1,0,0,9,1,0,1,0,1,0,1,6,1,4,5,2,3,1,0,0,2,1,1,0,0,0,0,0,0,0,2,0,2,3,4,3,0,0,0,4,1,1,0,0,2,0,2,2,0,8,0,2,0,0,0,2,0,0,0,0,1,2,1,0,0,24,1,0,1,0,2,0,0,0,1,0,1,0,0,0,1,17,1,0,0,1,3,0,0,3,2,1,1,1,0,3,0,0,0,0,0,0,0,2,1,1,0,0,1,0,1,1,0,0,2,0,0,1,0,0,0,0,0,0,1,1,1,0,0,0,0,0,0,0,9,0,0,0,1,0,2,0,1,1,1,0,1,0,1,1,0,0,1,1,1,3,0,1,0,0,1,0,0,1,11,0,2,0,0,1,0,1,0,0,1,1,0,0,0,0,0,1,0,8,4,0,4,10,4,6
1,0,0,0,1,0,0,2,0,0,0,0,0,1,0,0,2,0,0,0,0,0,0,0,0,0,0,0,0,0,0,0,0,0,0,0,0,0,0,0,0,0,0,0,0,0,0,0,0,0,1,0,0,0,0,0,0,0,0,0,0,0,0,0,0,0,0,0,0,0,0,0,0,0,0,0,1,0,0,0,0,0,0,1,0,0,0,0,0,0,0,0,0,0,0,0,0,0,0,0,1,0,0,0,0,1,0,1,0,0,0,0,0,1,0,0,1,0,0,0,0,0,0,0,0,0,0,1,0,0,0,0,0,0,0,0,0,0,0,0,0,0,0,0,0,0,0,0,0,0,0,0,0,0,0,0,0,0,0,0,0,0,0,0,0,0,0,0,0,0,0,0,0,0,0,0,0,0,0,0,0,0,0,0,0,0,0,0,0,0,0,0,0,0,0,0,0,0,0,0,0,0,0,0,1,0,0,0,1,0,0,0,0,0,0,1,0,0,1,1,0,0,0,0,0,0,0,0,0,0,0,0,0,0,0,1,0,0,0,0,0,1,0,0,0,0,0,0,0,0,0,0,0,1,0,0
1,0,0,0,1,0,0,1,0,0,1,0,0,1,0,0,1,0,0,0,0,0,0,0,0,0,0,0,0,0,0,0,0,0,0,0,0,0,0,0,0,1,0,0,0,0,0,0,0,0,1,0,0,0,0,0,0,0,0,0,0,0,0,0,0,0,0,0,1,0,0,0,0,0,0,0,0,0,0,0,0,0,0,1,0,0,1,0,0,0,0,0,0,0,0,0,0,0,0,0,1,0,0,0,0,2,0,1,0,0,0,0,0,1,0,0,1,0,0,0,0,0,0,0,0,0,0,1,0,1,0,1,0,0,0,0,0,0,0,0,0,0,0,0,0,0,0,1,0,0,1,0,0,0,0,0,0,0,0,0,0,0,0,0,0,0,0,0,0,0,0,0,0,0,0,0,0,0,0,0,0,0,0,0,0,0,0,0,0,0,0,0,0,0,0,0,0,0,0,0,0,0,0,0,1,0,0,0,1,0,0,0,0,0,1,1,0,0,0,0,0,0,0,1,0,0,0,0,0,0,0,0,0,0,0,1,0,0,0,0,0,1,0,0,0,0,1,0,0,0,0,0,0,1,0,1
1,0,0,0,0,0,0,1,0,0,0,0,0,0,0,0,0,1,0,0,0,0,0,0,0,1,0,0,0,0,0,0,1,0,0,0,1,0,1,0,0,0,0,0,0,0,0,0,0,0,0,0,0,0,0,0,0,1,0,0,0,0,0,0,0,0,0,2,0,0,0,0,0,0,0,1,0,0,0,0,0,0,0,1,0,0,0,0,0,0,0,0,0,0,0,0,0,0,0,0,1,0,0,0,0,0,0,0,0,0,0,1,0,0,0,0,0,0,0,0,0,0,0,0,0,0,0,0,0,0,0,0,0,0,1,0,0,0,0,0,0,0,0,0,0,0,0,0,0,0,0,0,0,0,0,0,0,0,0,0,0,0,0,0,0,0,0,0,0,1,0,0,0,0,1,1,0,0,0,0,0,0,0,1,0,0,0,1,1,0,1,0,0,0,0,0,0,0,0,0,0,0,0,0,0,0,0,0,1,0,0,0,2,0,0,1,0,0,0,0,0,0,0,0,0,0,0,0,0,0,0,0,0,0,0,1,1,0,0,0,0,2,0,0,0,0,0,0,0,0,0,0,0,1,1,0
0,0,0,0,0,0,1,0,1,0,0,0,0,0,0,0,0,0,0,0,0,0,0,0,0,1,0,0,0,0,0,1,1,0,0,0,2,0,1,0,1,0,0,0,0,0,1,0,0,0,1,1,0,0,0,0,0,2,0,0,0,0,0,0,0,0,0,0,0,0,1,0,0,0,2,1,0,0,0,0,0,0,0,0,0,0,0,0,0,0,2,0,0,0,0,0,0,0,1,0,0,1,0,0,0,0,0,0,0,0,0,0,0,0,0,2,0,0,0,0,0,0,0,0,0,0,0,0,0,0,0,0,0,0,0,0,0,0,0,0,0,0,0,0,0,0,0,0,0,0,0,0,0,0,0,0,0,0,0,0,0,0,0,0,0,0,0,0,0,1,0,0,0,0,1,0,0,0,0,0,0,0,0,1,0,0,0,1,1,0,1,0,0,0,0,0,0,0,0,0,0,0,0,0,0,0,0,1,0,0,0,0,0,0,0,0,0,0,1,0,0,0,0,0,0,0,0,0,0,0,0,0,0,0,0,0,0,0,0,0,0,0,0,0,0,0,0,0,0,0,0,0,0,0,0,0
1,0,0,1,0,0,0,1,0,0,1,0,0,1,0,0,1,0,0,0,0,0,0,0,0,0,0,1,0,0,0,0,0,0,0,0,0,0,0,0,0,0,0,0,0,0,0,0,0,0,1,0,0,0,0,1,0,0,0,0,0,0,0,0,0,0,0,0,0,0,0,0,0,0,0,0,0,0,0,0,0,0,0,1,0,0,0,0,0,0,0,0,0,0,0,0,0,0,0,0,2,2,0,0,0,1,0,1,0,0,0,0,0,1,0,0,0,1,0,0,0,0,0,0,0,0,0,1,1,0,0,0,0,0,0,0,0,0,1,0,0,0,0,0,0,0,0,0,0,0,0,0,0,0,0,0,0,0,0,0,0,0,0,0,0,0,0,0,0,0,0,0,0,0,0,0,0,0,0,0,0,0,0,0,0,0,0,0,0,0,0,0,0,0,0,0,0,0,0,0,0,0,0,0,1,1,0,0,1,0,0,0,0,0,0,1,0,1,0,0,0,0,0,1,0,0,0,0,0,0,0,0,0,0,0,1,0,0,0,0,0,1,0,0,0,0,1,0,0,0,0,0,0,2,0,0
1,0,0,0,1,0,0,1,0,0,0,1,0,1,0,0,1,0,0,0,0,0,1,0,0,0,0,0,0,0,0,0,1,0,0,0,0,0,0,1,0,0,0,0,0,0,0,0,0,0,1,0,1,0,0,3,1,2,0,0,0,0,0,0,0,0,0,0,0,0,0,0,0,0,0,0,0,0,2,0,0,0,0,1,0,0,0,0,0,0,0,0,0,0,0,0,0,1,0,0,5,0,0,0,0,1,1,1,1,0,0,2,0,0,0,0,0,0,0,0,0,0,0,0,0,0,0,1,0,0,0,0,0,0,0,0,0,0,0,0,0,0,0,0,0,0,0,0,0,0,0,0,0,0,0,0,0,0,0,0,0,1,0,0,0,0,0,0,0,0,0,0,0,0,0,0,0,0,0,0,0,0,0,0,0,0,0,0,0,1,0,0,0,0,0,0,0,0,0,0,0,0,0,0,1,1,0,0,3,0,0,0,0,0,0,1,0,0,0,0,0,0,0,0,0,0,2,0,1,0,2,0,0,0,0,3,0,0,0,0,0,1,0,0,0,0,0,0,1,3,1,0,0,1,0,0
1,0,0,1,0,0,0,1,0,2,1,0,0,1,0,0,1,0,1,1,0,0,0,0,0,0,0,1,0,0,0,0,0,0,0,0,0,0,0,0,0,0,0,0,0,0,0,0,0,0,1,0,0,0,0,0,0,0,0,0,0,0,0,0,0,0,0,0,0,0,0,0,0,0,0,0,4,0,0,0,0,0,0,1,0,0,0,0,0,1,0,1,3,0,0,0,0,0,0,0,1,1,0,0,0,2,0,1,0,0,0,0,0,0,0,0,0,0,0,0,0,0,0,0,0,0,0,1,0,1,0,0,0,0,0,0,0,0,0,0,0,0,0,0,0,0,0,0,2,0,0,0,0,0,1,0,0,0,0,0,0,0,0,0,0,0,0,0,0,0,0,0,0,0,0,0,0,0,0,0,1,0,0,0,0,0,0,0,0,0,0,0,0,0,0,4,0,0,0,0,0,0,0,3,1,0,0,0,1,0,0,0,0,1,0,1,0,0,0,0,0,0,0,0,0,0,0,0,0,0,0,0,0,0,0,4,0,0,0,0,0,1,0,0,0,0,4,0,0,2,0,0,0,1,0,0
1,0,0,0,0,0,0,1,0,0,0,0,0,1,0,0,1,0,0,0,0,0,0,0,0,0,0,1,0,0,0,0,1,2,0,0,0,0,0,0,1,2,0,0,0,0,0,2,0,0,1,0,0,0,0,0,0,1,0,0,0,0,0,0,0,0,0,0,0,0,0,0,0,0,0,1,1,0,3,0,0,0,0,1,0,0,0,0,0,0,0,0,0,0,0,0,0,0,0,0,1,0,0,0,0,1,0,1,1,0,0,0,0,0,0,0,0,0,0,0,0,0,0,0,0,0,0,1,0,0,0,0,0,0,0,0,0,0,0,0,0,0,1,0,0,0,0,0,0,0,0,0,0,0,0,0,0,0,0,0,0,0,0,0,0,0,0,0,0,0,0,0,0,0,0,0,0,0,0,0,0,0,0,0,0,0,0,0,0,0,0,0,0,0,0,2,0,0,0,0,0,0,0,0,1,0,0,0,1,0,0,1,0,0,0,1,0,0,0,0,0,0,0,0,0,0,0,0,0,0,0,0,0,0,0,1,0,0,0,0,0,1,0,0,0,0,2,0,0,1,0,0,0,2,0,0
0,0,0,0,0,0,0,0,2,1,0,0,2,0,0,1,0,0,0,0,0,0,0,0,0,1,0,0,0,0,0,0,1,0,0,0,1,0,1,0,0,0,0,0,0,0,0,0,0,0,1,0,0,0,1,0,0,0,0,0,0,0,0,0,0,0,0,0,0,1,1,0,0,1,2,1,0,0,0,0,0,0,0,0,0,0,0,0,0,0,0,0,0,1,0,0,0,0,0,0,0,0,0,0,0,0,0,0,0,0,0,0,0,0,0,1,0,0,0,0,0,0,0,0,0,0,0,0,0,0,0,0,0,0,1,0,0,0,0,0,0,0,0,0,0,0,0,0,0,0,0,0,0,0,0,1,0,0,0,0,0,0,1,1,0,0,0,0,0,1,0,0,0,1,1,0,0,0,0,0,0,0,0,1,0,0,0,1,2,0,1,0,0,0,0,0,2,0,0,0,0,0,0,0,0,0,0,1,0,0,0,1,0,0,0,0,0,0,1,0,0,0,0,0,0,0,0,1,0,0,0,0,0,0,0,0,0,0,1,0,0,0,0,0,0,0,0,0,0,0,0,0,0,0,1,0
1,0,0,0,0,0,0,2,0,0,0,0,0,1,0,0,2,0,0,0,0,0,0,0,0,0,0,1,0,0,0,0,0,0,1,0,0,0,0,0,0,0,0,0,0,0,0,1,0,0,1,0,0,0,0,0,0,0,0,0,0,0,0,0,0,0,1,1,0,0,0,0,0,0,0,0,4,0,0,0,0,0,0,1,0,0,0,0,0,0,1,1,0,0,0,0,0,0,0,0,1,0,0,0,0,3,0,1,0,0,0,0,0,0,0,0,0,0,0,0,0,0,0,0,0,0,1,1,0,1,0,0,0,0,0,0,0,0,0,0,0,0,0,0,0,0,0,0,1,0,0,0,0,0,0,0,0,0,0,0,0,0,0,0,0,0,0,0,0,0,0,0,0,0,0,0,0,0,0,0,0,0,0,0,0,0,0,0,0,0,0,0,0,0,0,1,0,1,0,0,2,0,0,0,1,0,0,0,1,0,0,0,0,1,0,1,0,0,0,2,0,0,0,1,0,0,0,0,0,0,0,0,1,0,0,2,0,0,0,1,0,1,0,0,0,0,2,1,0,0,0,0,0,1,0,0
0,0,0,0,0,0,0,0,1,0,0,0,0,0,0,1,1,0,0,1,0,0,0,0,0,1,0,1,0,0,0,0,1,0,0,0,2,0,1,0,0,0,0,0,0,0,1,0,0,0,0,0,0,0,0,1,0,0,0,0,0,0,0,0,0,0,0,0,0,0,0,0,0,0,0,1,0,0,0,0,0,0,0,0,0,0,0,0,0,0,0,0,0,0,0,0,0,0,0,0,0,0,0,0,0,0,0,0,0,0,0,0,0,0,0,1,0,0,0,0,0,0,0,0,0,0,0,0,0,0,0,0,0,0,0,0,0,0,0,0,0,0,0,0,0,0,0,0,0,0,0,0,0,0,0,0,0,0,0,0,0,0,0,0,0,0,0,0,1,1,0,0,0,0,1,0,0,0,0,0,0,0,0,1,0,0,0,1,1,0,1,0,0,0,0,0,1,0,0,0,0,0,0,0,0,0,0,1,0,0,0,0,0,0,0,0,0,0,0,0,0,0,0,0,0,0,0,0,0,0,0,0,0,0,0,0,0,0,0,0,0,0,0,0,0,0,0,0,0,0,0,0,0,1,0,0
1,0,0,0,1,0,0,1,0,0,1,0,0,1,0,0,2,0,0,0,0,0,0,0,0,0,0,0,0,0,0,0,0,0,0,0,0,0,0,0,0,0,0,0,0,0,0,0,0,0,1,0,0,0,0,0,0,0,0,0,0,0,0,0,0,0,0,0,0,0,0,0,0,1,0,0,1,0,0,0,0,0,0,1,0,0,0,0,0,0,0,0,0,0,0,0,0,1,0,0,3,0,0,0,0,1,0,1,0,0,1,0,0,1,0,0,0,0,0,0,0,0,0,0,0,0,0,1,0,0,0,0,0,0,0,0,0,0,0,0,0,0,0,0,0,0,0,0,0,0,0,0,0,0,0,0,0,0,0,0,0,0,0,0,1,0,0,0,0,0,1,0,0,0,0,1,0,2,0,0,0,0,1,1,0,0,0,0,0,0,0,0,0,0,0,0,0,0,2,0,0,0,0,1,2,0,0,0,1,0,0,0,0,0,0,1,0,0,0,0,0,0,0,0,0,0,1,0,0,0,1,0,0,0,0,1,0,0,0,0,0,1,0,0,0,0,0,0,0,0,0,0,0,2,0,0
2,0,0,0,0,0,0,1,0,0,0,0,0,2,0,0,1,0,0,1,0,0,0,0,0,0,0,1,0,1,0,0,0,0,0,0,0,0,0,0,0,0,0,1,0,0,0,0,0,0,1,0,0,0,0,1,0,0,0,0,0,0,0,0,0,0,0,0,1,0,0,0,0,0,0,0,0,0,3,0,0,0,1,1,0,0,1,0,0,0,0,0,0,0,0,0,0,0,0,0,2,0,0,0,0,1,0,1,0,0,0,0,0,0,0,0,0,0,0,0,0,0,0,1,0,0,0,2,0,0,0,0,0,0,0,0,0,0,0,0,0,0,0,0,0,0,0,0,1,0,0,0,0,0,0,0,0,0,0,1,0,0,0,0,0,0,0,0,0,0,0,0,0,0,0,0,0,0,0,0,0,0,0,0,0,0,0,0,0,0,0,0,0,0,0,0,0,0,0,0,0,0,0,0,1,0,0,0,1,0,0,0,0,0,0,1,0,0,0,0,0,0,0,0,0,0,0,0,1,0,0,0,0,0,0,2,0,0,0,0,0,1,0,0,0,0,0,0,0,1,1,0,0,1,2,0
0,0,0,0,0,0,0,0,0,0,0,0,0,0,0,1,0,0,0,0,0,1,0,0,0,0,2,0,0,0,0,0,0,0,0,0,0,0,0,0,0,0,0,0,0,0,0,0,0,0,0,0,0,1,0,1,0,0,0,0,0,0,0,0,0,0,0,0,0,0,0,0,0,0,0,0,1,0,0,0,0,0,1,0,0,0,0,0,0,0,0,0,0,0,0,0,0,0,0,0,0,0,0,0,0,0,0,0,0,0,0,1,0,0,0,0,0,0,0,0,0,0,0,0,0,0,0,0,0,0,1,0,0,0,0,2,2,1,0,1,0,0,0,1,0,1,0,1,0,0,0,0,0,0,0,0,1,0,0,1,0,0,0,0,0,0,0,0,0,0,0,1,0,0,0,1,0,0,0,0,0,0,0,1,0,1,0,0,0,0,0,0,0,0,0,0,0,0,1,0,0,0,0,0,0,0,0,0,0,0,0,1,0,0,0,0,0,1,0,0,2,0,0,0,1,0,0,0,0,0,0,0,0,0,0,0,0,0,1,0,0,0,0,0,0,0,0,0,0,0,0,0,0,0,0,0
0,0,0,0,1,0,0,1,0,0,1,0,0,0,0,0,1,0,0,0,0,0,0,0,0,0,0,0,0,0,0,0,0,0,0,0,0,0,1,0,0,0,0,0,0,0,0,0,0,0,0,0,0,0,0,0,0,0,0,0,0,0,0,0,0,0,0,0,0,0,0,0,0,0,0,1,0,0,0,0,0,0,0,1,0,0,0,0,0,0,0,0,0,0,0,0,0,1,0,0,0,0,0,0,0,0,0,0,0,1,0,0,0,1,0,0,0,0,0,0,0,1,0,0,0,1,1,1,0,1,0,0,0,0,0,0,0,0,0,0,0,0,0,0,0,0,0,0,0,0,1,0,1,0,0,0,0,0,0,0,0,0,0,0,0,0,0,0,0,1,1,1,0,0,1,0,0,0,0,1,1,1,0,0,0,0,0,1,1,0,1,0,0,0,0,0,0,0,0,0,0,0,0,0,0,0,0,0,1,0,0,1,0,0,1,2,0,0,0,0,0,0,0,0,0,0,2,0,0,0,0,0,0,0,0,2,0,1,0,0,0,1,0,0,0,0,0,0,0,0,0,0,1,1,0,0
1,0,0,0,1,0,0,1,0,0,0,0,0,1,0,0,1,0,0,0,0,0,0,0,0,0,0,0,0,0,0,0,0,0,0,0,0,0,0,0,0,1,0,0,0,0,0,0,0,0,1,0,0,0,0,0,0,0,0,0,0,0,0,0,0,0,0,0,0,0,0,0,0,0,0,0,0,0,0,0,0,0,0,1,0,0,1,0,0,0,1,0,0,0,0,0,0,0,0,0,2,0,0,0,0,1,0,1,0,0,0,0,0,0,0,0,0,0,0,0,0,0,0,1,0,0,0,1,0,0,0,0,0,0,0,0,0,0,0,0,0,0,0,0,0,0,0,0,0,0,0,0,0,0,0,0,0,0,0,0,0,0,0,0,0,0,0,0,0,0,0,0,0,0,0,0,0,0,0,0,0,0,0,0,0,0,0,0,0,0,0,0,0,0,0,0,0,0,0,0,0,1,0,0,1,0,0,0,1,0,0,0,0,0,0,1,0,0,0,0,0,0,0,2,1,0,2,1,0,0,0,0,0,1,0,1,0,0,0,0,0,1,0,0,0,1,1,0,0,0,0,0,0,1,0,0
1,1,0,0,0,0,0,1,0,1,0,0,0,1,0,0,1,0,0,0,0,0,0,0,0,0,0,1,0,0,0,0,0,0,0,0,0,0,0,0,0,2,0,0,0,0,0,0,0,0,1,0,0,0,0,1,0,0,0,0,0,0,0,0,0,0,0,0,0,0,0,0,0,0,0,0,0,0,0,0,0,0,0,0,0,0,0,0,0,0,0,0,0,0,0,0,0,2,0,0,2,0,0,0,0,1,0,1,0,0,0,0,0,1,0,0,0,0,0,0,0,0,0,0,0,0,0,1,0,0,0,0,0,0,0,0,0,0,0,0,0,0,0,0,0,0,0,0,0,0,0,0,0,0,0,0,0,0,0,0,1,0,0,0,0,0,1,0,0,0,0,0,0,0,0,0,0,0,0,0,0,0,0,0,0,0,0,0,0,0,0,0,2,0,0,0,0,0,0,0,0,0,0,0,1,2,1,0,1,0,0,0,0,0,0,1,0,0,0,0,0,0,0,0,0,0,0,0,0,0,0,0,0,0,0,1,0,0,0,0,0,1,0,0,0,0,0,0,0,0,0,0,0,1,0,0
1,0,0,0,1,0,0,1,0,1,0,0,0,1,0,0,1,0,0,0,0,0,0,0,0,0,0,0,0,0,0,0,0,0,0,0,0,0,0,0,0,3,0,0,0,1,0,0,0,0,1,0,0,0,0,0,0,1,0,0,0,0,0,0,0,0,0,0,0,0,0,0,0,0,0,0,0,0,0,1,0,0,0,1,0,0,0,0,0,0,0,0,0,0,0,0,0,0,0,0,1,0,0,0,0,1,0,1,0,0,0,0,0,1,0,0,0,0,0,0,0,0,0,0,0,0,0,1,0,0,0,0,0,0,0,0,0,0,0,0,0,0,0,0,0,0,0,0,0,0,0,0,0,0,0,0,0,0,0,0,0,2,0,0,0,0,0,0,0,0,0,0,0,0,1,0,0,0,0,0,0,0,0,0,0,0,0,0,0,0,0,0,0,0,0,0,0,0,0,0,3,0,0,0,1,1,1,0,1,0,0,0,0,0,2,1,0,0,0,0,0,0,0,0,0,0,0,0,0,0,0,0,0,0,0,1,0,0,0,0,0,1,0,0,0,0,1,0,0,2,0,0,0,2,1,0
0,0,0,0,0,0,0,0,1,0,0,0,0,0,0,0,0,0,0,0,0,0,0,0,0,1,0,0,0,0,0,0,1,0,0,0,1,0,1,0,0,0,0,0,0,0,0,0,0,0,0,0,0,2,2,0,0,0,0,0,0,0,0,0,0,0,1,0,0,0,1,0,0,0,1,1,0,2,0,0,0,0,0,0,0,0,0,0,0,0,0,0,0,1,0,2,0,0,0,0,0,0,0,0,0,0,0,0,0,0,0,0,0,0,0,0,0,0,0,0,0,0,0,0,0,0,0,0,0,0,0,0,0,0,0,0,0,0,0,0,0,0,0,0,0,0,0,0,0,0,0,0,0,0,0,0,0,0,0,0,0,0,1,0,0,0,0,0,0,1,0,0,0,0,1,0,0,0,0,0,0,0,0,1,0,0,0,1,1,0,1,0,1,0,0,0,0,0,0,0,0,0,0,0,0,0,0,1,0,0,0,0,0,1,0,1,0,0,0,0,0,0,0,0,1,0,0,0,0,0,0,0,0,0,0,0,2,0,0,0,0,0,0,0,0,0,0,0,0,0,0,0,0,0,0,0
1,0,0,0,1,0,0,1,0,0,0,0,0,2,0,0,2,0,0,0,0,0,0,0,0,0,1,0,0,0,0,1,0,0,0,0,0,0,0,0,0,0,0,0,0,0,0,0,0,0,0,0,0,0,0,0,0,0,0,0,0,0,0,0,0,0,0,0,0,0,0,0,0,0,0,0,0,0,0,0,0,0,0,1,0,0,2,0,0,0,0,0,0,0,0,0,0,0,1,0,2,0,0,0,0,1,0,0,0,0,0,0,0,1,0,0,1,0,0,0,0,0,0,0,0,0,0,1,0,0,0,0,0,0,0,0,0,0,0,0,0,0,0,0,0,0,0,0,0,0,0,0,0,0,0,0,0,0,0,0,0,0,0,0,0,0,1,0,0,0,1,0,0,0,0,0,0,0,0,0,0,1,0,0,0,0,0,0,0,0,0,0,0,0,0,1,0,0,0,0,0,0,0,0,1,0,0,0,1,0,0,0,0,0,0,2,0,0,0,1,0,0,0,0,0,0,0,0,0,0,0,0,0,0,0,1,0,0,0,0,0,1,0,0,0,0,1,0,0,0,0,0,0,1,0,0
0,1,0,0,2,0,0,1,0,0,0,0,0,0,0,0,0,0,0,0,0,0,0,0,0,0,0,0,0,1,0,0,0,0,0,0,0,0,0,0,0,1,0,1,1,0,0,0,0,0,0,0,0,0,0,1,0,0,0,0,0,1,0,0,0,0,0,0,0,0,1,0,0,0,0,0,0,1,0,0,0,0,0,1,0,0,0,0,0,0,0,0,0,0,0,0,0,0,0,0,0,1,0,0,0,0,0,0,0,0,1,1,0,1,0,0,0,0,0,0,0,0,0,0,1,0,0,1,0,1,0,0,0,0,0,0,0,0,0,1,0,0,0,0,0,0,0,0,0,0,0,0,0,0,0,0,0,0,0,0,0,0,0,0,0,0,0,0,0,0,0,0,0,0,0,0,0,0,0,0,0,0,0,0,0,0,0,0,0,0,0,0,0,0,0,0,0,0,0,0,0,0,0,0,0,0,0,0,1,0,0,0,0,0,0,1,0,0,1,0,0,0,0,1,0,0,0,0,0,0,0,0,2,0,0,1,0,0,0,0,0,0,1,0,1,0,1,0,0,0,0,0,0,1,0,0
1,0,0,0,0,0,0,1,0,0,1,0,0,1,0,0,1,0,0,0,0,0,0,0,0,0,0,1,0,0,0,1,0,0,0,0,0,0,0,0,0,1,0,0,0,0,0,0,0,0,1,0,0,0,0,0,2,0,0,0,0,0,0,0,0,0,0,0,0,0,0,0,0,0,0,0,0,0,0,0,0,0,0,1,0,0,1,0,0,0,0,0,0,0,0,0,0,0,0,0,2,0,0,0,0,1,0,1,0,0,0,3,0,1,0,0,1,0,0,0,0,0,0,0,0,1,1,1,0,0,0,0,0,0,0,0,0,0,0,0,0,0,0,0,0,0,0,0,0,0,0,0,0,0,0,0,0,0,0,0,0,0,0,0,0,0,0,0,0,0,0,0,0,0,0,0,0,0,0,0,0,0,0,0,0,0,0,0,0,0,0,0,3,0,0,0,0,0,0,0,2,0,0,0,1,0,0,0,1,0,0,0,0,0,0,1,0,0,0,0,0,0,0,0,0,0,0,0,0,0,2,0,0,0,0,1,0,0,0,0,0,1,0,0,0,0,0,0,0,0,0,0,0,3,0,0
0,0,0,0,0,0,0,0,1,0,0,0,0,0,0,2,0,0,1,1,0,0,0,0,0,1,1,0,0,0,1,0,1,0,1,0,2,0,1,0,1,0,0,0,0,0,0,0,0,1,0,0,0,0,0,0,0,0,0,0,0,0,0,0,0,0,0,0,0,0,0,3,0,0,2,2,0,0,0,0,1,0,0,0,0,0,0,0,0,0,0,0,0,1,0,0,0,0,0,0,0,0,0,0,0,0,0,0,0,0,0,0,0,0,0,1,0,0,0,0,1,0,0,0,0,0,0,0,0,0,0,0,0,0,1,0,0,0,1,0,0,0,0,0,0,0,0,0,0,0,1,0,0,0,0,0,0,0,0,0,0,0,0,1,0,0,0,0,1,1,0,0,1,1,1,0,0,0,0,0,0,0,0,3,0,0,1,1,2,0,1,0,1,0,0,0,2,0,0,0,0,0,0,0,0,0,0,1,0,0,0,0,0,0,0,0,0,0,0,0,0,0,0,1,0,0,0,0,0,0,0,0,0,0,0,0,0,0,0,0,0,0,0,0,0,0,0,0,0,0,0,0,0,0,0,0
0,0,0,0,0,0,1,0,1,0,0,0,0,0,0,1,0,0,0,0,0,0,0,0,0,1,0,0,0,0,0,0,1,0,0,0,1,0,1,0,0,0,0,0,0,0,0,0,0,0,0,0,0,0,1,0,0,0,0,0,0,1,0,0,0,0,0,0,0,0,1,1,0,0,0,1,0,0,0,0,0,0,0,0,0,0,0,0,0,0,0,0,0,1,0,0,0,0,2,0,0,0,0,0,0,0,1,0,0,0,0,0,0,0,0,0,0,0,0,0,0,0,0,0,0,1,0,0,0,0,0,0,0,0,0,0,0,0,0,0,0,0,0,0,0,0,0,0,0,0,0,0,0,0,0,0,0,0,0,0,0,0,0,0,0,1,0,0,0,1,0,0,0,1,1,0,0,0,0,0,1,0,0,2,0,0,0,1,1,0,1,0,1,0,0,0,2,0,0,0,0,0,0,0,0,0,0,1,0,0,0,0,0,1,0,0,0,0,0,0,0,0,0,0,0,0,0,0,0,0,0,0,0,0,0,0,0,0,0,0,0,0,0,0,0,0,0,0,0,0,0,0,0,0,0,0
0,0,0,0,0,2,0,0,1,0,0,0,0,0,0,1,0,0,0,0,0,0,0,0,0,1,1,0,0,0,0,0,1,0,3,0,1,0,1,0,0,0,0,0,1,0,0,0,0,0,0,0,0,1,0,0,0,0,0,0,0,1,0,0,0,0,0,0,0,0,1,0,0,0,0,1,0,0,1,0,0,0,0,0,0,0,0,0,1,0,0,0,0,0,0,1,0,0,0,0,0,0,0,0,0,0,0,0,0,0,1,0,0,0,0,0,0,0,2,0,1,2,0,0,0,0,0,0,0,0,0,0,0,0,2,0,1,0,0,0,0,2,0,0,0,0,0,0,0,0,0,0,0,0,0,0,0,0,0,0,0,0,0,0,0,0,0,0,1,2,0,0,0,0,1,0,0,0,0,0,0,0,0,2,0,0,1,1,1,0,1,0,1,0,0,0,0,0,0,0,0,0,0,0,0,0,0,1,0,0,0,0,0,0,0,0,0,0,0,0,0,0,0,0,0,1,0,0,0,0,0,0,0,0,0,0,0,0,0,0,0,0,0,0,0,0,1,1,1,0,0,0,0,1,0,0
1,0,0,0,1,0,0,1,0,0,0,0,0,1,0,0,1,0,0,0,0,0,0,0,0,0,0,0,0,0,0,0,0,0,0,0,0,0,0,0,0,0,0,0,0,0,0,0,0,0,1,0,0,0,0,0,0,0,0,0,0,1,0,0,0,0,0,0,0,0,0,0,0,0,0,0,0,0,0,0,0,0,0,1,0,0,0,0,0,0,0,0,0,0,0,0,0,0,0,0,2,1,0,0,0,1,0,1,0,0,0,0,0,1,0,0,0,0,0,0,0,0,0,0,0,0,0,1,0,2,0,0,0,0,0,0,0,0,0,0,0,0,2,0,0,0,0,2,0,0,0,0,0,0,0,0,0,0,0,0,0,0,0,0,0,0,0,0,0,0,0,0,0,0,0,0,0,0,0,0,0,0,0,0,0,0,0,0,0,0,0,0,0,0,0,0,0,1,0,0,0,0,0,0,1,0,0,0,1,0,0,0,0,0,0,1,0,0,0,0,0,0,0,0,0,0,0,0,0,0,0,0,0,0,0,1,0,0,0,0,0,1,0,0,0,0,0,0,0,2,1,0,0,1,1,0
1,0,0,0,1,0,0,1,1,0,1,0,0,1,0,0,1,0,0,0,0,0,0,0,0,0,0,0,0,0,0,0,0,0,0,0,1,0,0,0,0,0,0,0,0,0,0,0,0,0,1,0,0,0,0,0,0,1,0,0,0,0,0,0,0,0,0,0,0,0,0,0,0,0,0,0,2,0,0,0,1,0,0,1,0,0,2,0,0,0,0,0,0,0,0,0,0,0,0,0,2,1,0,0,0,1,0,1,0,0,0,0,0,1,0,0,0,0,0,0,0,0,0,0,0,0,0,1,0,0,0,0,0,0,0,0,0,0,0,0,0,0,0,0,0,0,0,0,0,0,0,0,0,0,0,0,0,0,0,0,0,1,0,0,0,0,0,1,0,0,0,0,0,0,0,1,0,0,0,0,0,0,0,0,0,0,0,0,0,0,0,0,0,0,0,0,0,0,0,0,0,0,0,0,1,0,0,0,1,0,0,0,0,0,0,1,0,0,0,0,0,0,0,0,0,0,0,0,0,0,0,0,0,0,0,1,0,0,0,0,0,1,0,0,0,0,0,0,0,0,0,0,0,1,0,0
0,0,0,0,0,0,0,0,0,0,0,0,0,0,0,0,0,0,0,2,0,0,0,0,2,2,0,1,0,0,0,2,1,0,0,0,1,0,1,0,0,0,0,0,0,0,0,2,0,0,0,0,0,0,0,0,0,0,0,0,0,0,0,0,0,0,1,0,0,0,0,0,0,0,0,1,0,0,0,0,0,0,0,0,0,0,0,0,0,0,0,0,0,0,0,0,0,0,0,0,0,0,0,0,0,0,0,0,0,0,0,0,0,0,0,0,0,0,0,0,0,0,0,0,0,0,0,0,0,0,0,0,0,0,0,0,0,0,0,0,0,0,0,0,0,0,0,1,0,0,0,0,0,0,0,0,0,0,0,0,0,0,1,0,0,0,0,0,2,1,0,0,0,0,1,0,0,0,0,0,0,0,0,1,0,0,0,1,1,0,1,0,1,0,0,0,1,0,0,0,0,0,0,0,0,0,0,1,0,0,0,0,0,1,0,0,0,0,0,0,0,0,0,0,0,0,0,0,0,0,0,0,0,0,0,0,1,0,0,0,0,1,0,0,0,0,0,0,0,0,0,0,0,0,0,0
1,0,0,0,1,0,0,1,1,0,1,0,0,1,0,0,1,0,0,0,0,0,0,0,0,0,0,0,0,0,0,0,0,0,0,0,0,0,1,0,0,0,0,0,0,0,0,0,0,0,0,0,0,0,0,0,0,0,0,0,0,0,0,0,0,0,0,0,0,0,0,0,0,0,0,0,0,0,0,0,0,0,0,1,0,0,0,0,0,0,2,0,0,0,0,0,0,0,0,0,0,0,0,0,0,3,0,0,0,0,0,0,0,0,0,0,0,0,0,0,0,0,0,0,0,1,0,1,0,1,0,0,0,0,0,1,0,1,0,0,0,0,0,0,0,1,0,0,2,0,0,0,0,0,0,0,0,0,0,0,0,0,0,0,0,0,0,0,0,1,0,0,0,0,0,0,0,0,0,0,0,0,0,0,0,0,0,1,0,0,0,0,0,0,0,0,0,1,0,0,0,0,0,0,1,0,0,0,1,0,0,0,0,0,0,1,0,0,0,0,0,0,0,0,0,0,0,0,0,0,0,0,0,0,0,1,1,0,0,0,0,1,0,0,0,0,0,0,0,0,0,0,0,1,0,0
1,0,0,0,2,0,0,1,0,3,0,0,0,1,0,0,1,0,0,0,0,0,0,0,3,0,0,0,0,0,0,0,0,0,0,0,0,0,0,0,0,0,0,0,0,0,0,0,1,0,1,0,0,0,0,0,0,1,0,0,0,0,0,0,0,0,0,0,2,0,0,0,0,0,0,0,1,0,0,0,1,0,0,1,0,0,0,0,0,0,0,1,0,0,0,0,0,6,0,0,2,0,0,0,0,1,0,1,0,0,0,0,0,2,0,1,0,0,0,0,0,1,0,0,0,0,3,1,0,1,0,0,0,0,0,0,0,0,0,0,0,0,0,0,0,0,0,1,0,0,2,0,1,0,0,0,0,0,0,0,0,0,0,0,0,0,0,0,0,0,0,0,0,1,0,0,0,0,0,0,0,0,0,0,0,1,0,0,0,0,0,0,0,0,0,0,0,0,0,0,0,0,0,0,1,1,0,0,1,0,0,0,0,0,0,1,0,0,0,0,0,0,0,0,0,0,1,0,0,0,0,0,0,0,0,1,0,0,0,0,0,1,0,0,0,0,4,0,0,4,0,0,0,1,2,0
0,0,0,0,0,0,0,0,0,0,0,0,0,0,0,0,0,0,0,1,0,0,0,0,0,1,0,0,0,0,0,0,1,0,0,1,1,0,1,0,0,0,0,0,0,0,0,0,1,0,0,0,1,0,0,0,0,0,0,0,0,0,0,0,0,0,1,0,0,0,0,0,0,0,1,1,0,0,0,0,0,0,0,0,0,0,0,1,0,0,0,0,0,2,0,0,0,0,0,0,0,0,0,0,0,0,0,0,0,0,0,0,0,1,0,0,0,0,0,0,0,1,0,0,0,0,1,0,0,0,0,0,0,0,0,0,0,0,1,0,0,0,0,0,0,0,0,1,0,0,0,0,0,0,0,0,0,0,0,0,0,0,1,0,0,0,1,0,1,1,0,1,0,0,1,0,0,0,1,0,1,0,0,1,0,0,1,1,2,0,1,0,1,0,0,0,0,0,0,0,0,0,0,0,0,1,0,1,0,0,0,0,0,0,1,0,0,0,0,0,0,0,0,1,0,0,0,0,0,0,0,0,0,0,0,0,0,0,0,0,0,0,0,0,0,0,0,0,0,1,0,0,1,0,0,0
0,0,0,0,0,0,1,0,2,0,0,0,0,0,0,0,0,0,0,0,0,0,0,0,0,2,0,0,0,0,0,0,2,0,0,0,1,0,1,0,1,0,0,0,0,0,0,0,0,0,0,0,0,0,0,0,0,0,0,0,0,0,0,0,0,0,0,0,0,0,1,0,0,0,0,1,0,1,0,0,0,0,0,0,0,0,0,0,1,0,0,0,0,0,0,0,0,0,0,0,0,0,0,0,0,0,0,0,0,0,0,0,0,0,0,0,0,0,0,0,0,0,0,0,0,0,0,0,0,0,0,0,0,0,0,0,0,0,0,0,0,0,0,0,0,0,0,0,0,0,0,0,0,0,0,0,0,0,0,0,0,0,0,0,0,0,0,0,0,1,0,0,1,0,1,0,0,0,0,0,0,0,0,1,0,1,0,1,1,0,1,0,0,0,0,0,0,0,0,0,0,0,0,0,0,0,0,1,0,0,0,0,0,0,0,0,0,0,1,0,0,0,0,0,0,0,0,0,0,0,0,0,0,0,0,0,0,0,0,0,0,0,0,0,0,0,0,0,0,0,0,0,0,0,0,0
0,0,0,0,1,0,0,0,0,0,0,0,0,0,0,0,0,0,0,0,0,1,0,0,0,0,1,0,0,0,0,0,0,0,0,0,0,0,0,0,0,0,0,0,0,1,1,0,0,0,0,0,0,1,0,1,0,0,0,0,0,1,0,0,0,0,0,0,0,0,0,0,0,0,0,0,1,0,0,0,0,0,1,1,0,0,0,0,0,0,1,0,0,0,0,0,0,0,0,0,0,1,0,0,0,0,0,0,0,0,0,0,0,0,0,0,0,0,0,0,0,0,0,0,0,0,1,0,0,0,0,0,0,0,0,0,0,1,0,1,0,0,0,0,0,0,0,0,0,0,0,0,0,0,0,0,1,0,0,0,0,0,0,0,0,0,0,0,0,0,0,1,0,0,0,1,0,0,0,0,0,0,0,1,0,1,0,0,0,0,0,0,0,0,0,0,0,0,0,0,0,0,0,0,0,0,0,0,1,0,0,0,0,0,0,0,0,0,0,0,0,0,0,0,0,0,0,0,0,0,0,0,0,0,0,0,0,0,1,0,0,0,0,0,0,0,0,0,0,0,0,0,0,1,0,0
0,0,0,0,0,0,1,1,1,0,0,0,0,0,0,1,0,0,0,1,0,0,0,0,0,1,0,0,0,0,0,0,1,0,0,0,1,0,1,0,0,0,0,0,0,0,0,0,0,0,0,0,0,0,0,0,0,0,0,0,0,1,0,0,0,0,0,0,0,0,1,0,0,0,0,1,0,0,0,0,0,0,0,0,0,0,0,0,1,0,0,0,0,0,0,0,0,0,0,0,0,0,0,0,0,0,0,0,0,0,0,0,0,0,0,0,0,0,0,0,0,0,0,0,0,0,0,0,0,0,0,0,0,0,0,0,0,0,0,0,0,0,0,0,0,0,0,0,0,0,0,0,0,0,0,0,0,0,0,0,0,0,0,0,0,0,0,0,0,1,0,0,0,0,1,0,0,0,0,0,0,0,0,1,0,0,0,1,1,0,1,0,1,0,0,1,1,0,0,0,0,0,0,0,0,0,0,1,0,0,0,0,0,1,0,0,0,0,0,0,0,0,0,0,0,0,0,0,0,0,0,0,0,0,0,0,0,0,0,0,0,0,0,0,0,0,0,0,0,0,0,0,0,0,0,0
1,2,0,0,3,0,0,1,0,0,0,0,0,1,0,0,1,0,0,0,0,0,0,0,0,0,0,0,0,0,0,0,0,0,0,1,0,0,0,0,2,3,0,0,0,0,0,0,0,0,1,0,0,0,0,0,0,0,0,0,0,0,0,0,0,0,0,0,0,0,0,0,0,0,0,0,0,3,0,0,0,0,0,1,0,0,0,0,0,0,0,0,0,0,0,0,0,0,0,0,0,0,0,0,0,1,0,1,0,0,0,0,0,0,0,0,0,0,0,0,0,0,0,0,0,0,0,1,0,0,0,1,0,0,0,0,0,0,0,0,0,0,0,0,0,0,0,0,0,0,0,0,1,0,0,0,0,0,0,0,0,0,0,0,0,0,0,0,0,0,0,0,0,0,0,0,0,0,0,0,0,0,0,0,0,0,0,0,0,0,0,0,0,0,0,0,0,0,0,0,0,0,0,0,1,0,0,0,1,0,0,0,0,0,0,1,0,0,0,0,0,0,0,0,0,0,0,0,0,0,3,0,0,0,0,1,0,0,0,0,0,1,0,0,0,0,3,0,0,0,2,0,0,1,1,0
0,0,0,0,0,0,0,0,0,0,0,0,0,0,0,0,1,0,0,1,0,0,0,0,0,1,1,0,0,0,1,0,1,0,0,0,1,0,1,0,1,0,0,0,0,0,2,0,0,0,1,2,1,0,0,0,0,2,0,0,0,0,0,0,0,0,0,0,0,0,1,0,0,1,0,1,0,0,0,0,0,1,0,0,0,0,0,0,0,0,0,0,0,0,0,0,0,0,0,0,0,0,0,1,0,0,0,0,0,0,0,0,0,0,0,2,0,0,1,0,0,0,0,0,0,0,0,0,0,0,0,0,0,0,0,0,0,0,0,0,0,0,0,0,0,0,0,1,0,0,0,0,0,0,0,0,0,0,0,1,0,0,1,0,0,0,0,0,0,1,0,0,0,1,1,1,0,0,0,0,0,0,0,2,0,0,1,1,1,0,1,0,0,0,0,0,0,0,0,0,0,0,0,0,0,0,0,1,0,0,0,0,0,0,0,0,0,0,1,0,0,0,0,0,0,0,0,0,0,0,0,0,0,0,0,0,0,0,0,0,0,0,0,0,0,0,0,0,0,0,0,0,0,0,0,0
1,0,0,1,0,0,0,1,0,0,0,0,0,1,0,0,1,0,0,0,0,0,0,0,0,0,0,1,0,0,0,0,0,0,0,0,0,0,0,0,0,0,0,0,0,0,0,0,0,0,1,0,0,0,0,0,0,1,0,0,0,0,1,0,0,0,0,0,0,0,0,0,0,0,0,0,0,0,0,0,0,0,0,1,0,0,0,0,0,0,0,0,0,0,0,0,0,0,1,0,2,0,0,0,0,1,0,1,0,0,0,1,1,1,0,0,1,0,0,0,1,0,0,0,0,0,0,1,0,0,0,1,0,0,0,0,0,0,0,0,1,0,0,0,0,0,0,0,0,0,0,0,0,0,0,0,1,0,1,0,0,0,0,0,0,0,0,0,0,0,0,0,0,0,0,0,0,0,0,0,0,0,0,0,0,0,0,0,0,0,0,0,0,0,0,0,0,0,0,0,0,0,0,0,1,2,0,0,2,0,0,0,0,0,0,2,0,0,0,0,0,0,0,0,0,0,0,0,0,0,2,0,0,0,0,1,0,1,0,0,0,1,0,0,0,1,0,0,0,0,0,0,0,2,0,0
0,0,0,0,0,0,0,0,1,0,0,0,0,0,0,0,0,0,0,0,0,0,0,0,0,1,0,0,0,0,0,0,1,0,0,0,1,0,1,0,0,0,0,0,0,0,0,0,0,0,0,1,0,0,0,0,0,0,0,0,0,1,0,0,0,0,0,0,0,0,1,0,0,0,0,1,0,0,0,0,0,0,0,0,0,0,0,0,0,0,0,0,0,0,0,0,0,0,1,0,0,0,0,0,0,0,0,0,0,0,0,0,0,0,0,1,0,0,0,0,0,0,0,0,0,0,0,0,0,0,0,0,0,0,0,0,0,0,0,0,0,0,0,0,0,0,0,0,0,0,0,0,0,0,0,0,0,0,0,0,0,0,1,0,0,0,0,0,0,1,1,0,0,0,1,0,0,0,0,0,0,0,0,1,0,0,0,1,2,0,1,0,1,0,0,0,0,0,0,0,0,0,0,0,0,0,0,1,0,0,0,0,0,0,0,0,0,0,0,0,0,0,0,0,0,0,0,0,0,0,0,0,0,0,0,0,1,0,0,1,0,0,0,0,0,0,0,0,0,0,0,0,0,0,0,0
0,0,0,0,0,0,0,0,2,0,0,0,0,0,0,0,1,0,0,1,0,0,0,0,0,2,0,1,0,0,0,0,1,0,0,0,1,0,1,0,1,1,0,0,0,0,0,0,0,0,0,0,0,0,0,0,0,2,0,0,0,0,0,0,0,0,0,0,0,0,0,0,0,0,0,1,0,0,0,0,0,1,0,0,0,0,0,0,1,0,1,0,0,0,0,0,0,0,0,0,0,0,0,0,0,0,0,0,0,0,0,0,0,0,0,1,0,0,0,0,0,0,0,0,0,0,1,0,0,0,0,0,0,0,0,0,0,0,0,0,1,0,0,0,0,0,0,0,0,0,0,0,0,0,0,0,0,0,0,0,0,0,1,0,0,0,0,0,1,1,0,1,0,0,1,0,0,0,0,0,1,0,0,1,0,0,0,1,1,0,1,0,0,0,1,0,2,0,0,0,0,0,0,0,0,0,0,1,0,0,0,1,0,1,0,0,0,0,0,0,0,0,0,0,0,0,1,0,0,0,0,0,0,0,0,0,0,0,0,0,0,0,0,0,1,0,0,0,0,0,0,0,0,1,0,0
1,0,0,0,1,0,0,1,0,0,0,0,0,1,0,0,1,0,0,0,0,0,0,0,0,0,0,0,0,0,0,0,0,0,0,0,0,0,0,0,0,0,0,0,0,0,0,0,0,0,1,0,0,0,0,0,0,1,0,0,0,0,0,0,0,0,0,0,0,0,1,0,0,0,0,0,1,0,0,0,0,1,0,1,0,0,0,0,1,0,0,0,0,0,0,0,0,0,1,0,2,0,0,0,0,1,0,1,1,0,0,0,1,1,0,0,0,0,0,0,0,0,0,0,0,0,0,1,0,0,0,0,0,0,0,0,0,0,0,0,0,0,0,0,0,0,0,0,0,0,0,0,0,0,0,0,0,0,0,0,0,0,0,0,0,0,0,0,0,0,0,0,0,0,0,0,0,0,0,0,0,0,0,0,0,0,0,0,0,0,0,0,0,0,0,0,0,0,0,0,0,0,0,0,1,0,0,0,1,0,0,0,0,0,0,2,0,0,0,0,0,0,0,0,0,0,0,0,0,0,0,0,0,0,0,1,0,1,0,0,0,2,0,0,0,0,1,0,0,1,0,0,0,1,0,0
0,0,0,0,0,0,0,0,1,0,0,0,0,0,0,0,0,0,0,0,0,0,0,0,0,1,0,0,0,0,0,0,1,0,0,0,1,0,1,0,0,0,0,0,0,0,0,0,0,1,0,0,0,0,0,0,0,0,0,0,0,0,0,0,0,1,0,0,0,0,0,1,0,0,0,1,0,1,0,0,0,0,0,0,0,0,0,0,0,0,0,0,0,0,0,0,0,0,0,0,0,0,1,1,0,0,0,0,0,0,0,1,0,0,0,0,0,0,0,0,0,0,0,0,0,0,0,0,0,0,0,0,0,0,0,0,0,0,0,2,0,0,0,0,0,0,0,0,0,0,0,0,0,0,0,1,0,0,0,0,0,0,1,0,0,0,0,0,0,1,0,0,0,0,1,0,0,0,0,0,0,0,0,1,0,0,0,1,1,0,1,0,1,0,0,0,1,0,0,0,2,0,0,0,0,0,0,1,0,0,0,1,0,0,0,0,0,2,0,0,0,0,0,0,0,0,0,0,0,0,0,0,0,0,0,0,0,0,0,0,0,0,0,0,1,0,0,0,0,0,0,0,0,0,0,0
2,0,0,0,0,0,0,1,0,0,0,0,0,1,0,0,1,0,0,0,0,0,0,0,0,0,0,1,0,0,0,0,2,0,0,0,0,0,0,1,0,0,0,0,0,0,0,0,0,0,1,0,0,0,0,0,0,0,0,0,0,0,0,0,0,0,0,0,0,0,0,0,0,0,0,0,1,0,0,0,0,0,0,1,0,0,1,0,0,0,0,0,0,0,0,0,0,0,0,0,2,0,0,0,0,3,0,1,0,0,0,0,0,1,0,0,0,0,0,0,0,0,1,1,0,1,0,1,0,0,0,0,0,0,1,0,0,0,0,0,0,0,0,0,0,0,0,0,0,0,0,0,0,0,0,0,0,0,1,0,0,0,0,0,0,0,0,0,0,0,0,0,0,0,0,0,0,0,0,0,0,0,0,0,0,0,0,0,0,0,0,0,0,0,0,0,0,0,0,0,0,0,0,0,1,0,0,0,1,0,0,0,0,0,0,1,0,0,0,0,0,0,0,0,0,0,0,0,0,0,0,0,0,0,0,1,0,0,0,0,0,1,0,0,0,0,0,0,0,0,0,0,0,1,0,0
0,0,0,0,1,0,0,0,3,2,0,0,0,0,2,0,0,0,0,0,0,0,0,2,0,0,0,0,1,0,0,0,0,0,0,0,0,0,0,0,1,0,0,0,0,0,0,0,0,0,0,1,0,0,1,1,0,0,0,1,0,1,0,1,0,1,0,0,1,0,0,0,0,0,0,0,0,0,0,1,0,0,0,0,0,4,0,0,0,2,0,0,0,0,0,4,0,0,0,0,0,0,0,0,0,0,0,0,0,0,0,0,0,1,0,0,0,0,0,0,0,1,0,0,0,0,0,0,0,0,0,0,0,0,0,0,0,0,0,0,0,0,0,0,0,0,0,0,0,0,0,0,0,0,0,0,0,0,0,0,0,0,0,0,0,0,0,0,0,0,1,0,0,0,0,0,0,0,0,0,0,1,0,1,0,0,0,0,1,0,0,1,0,0,0,0,0,1,0,0,0,0,0,0,0,0,0,0,0,0,0,0,2,0,0,0,0,0,0,0,0,0,0,0,0,0,0,0,0,0,0,0,0,0,0,1,0,0,0,0,0,1,1,1,0,1,0,0,0,0,0,0,0,1,0,1
1,0,0,0,0,0,0,1,0,0,0,0,0,1,0,0,1,0,0,0,0,0,0,0,0,0,0,1,0,0,0,0,1,0,0,0,0,0,0,0,0,0,0,0,0,0,0,0,0,0,1,0,0,0,0,0,0,1,0,0,0,0,0,0,0,0,0,0,0,0,0,0,0,0,0,0,1,0,0,0,0,0,0,1,0,0,0,0,0,0,0,0,0,0,0,0,0,0,0,0,1,0,0,0,0,1,0,1,0,0,0,1,0,0,0,0,0,0,0,0,0,0,0,0,0,0,0,1,0,0,0,0,0,0,0,0,0,0,0,0,0,0,0,0,0,0,0,0,0,0,0,0,0,0,0,0,0,0,0,0,0,0,0,0,0,0,0,0,0,0,0,0,0,0,0,0,0,0,0,0,0,0,0,0,0,0,0,0,0,0,0,0,0,0,0,0,0,0,0,0,0,0,0,0,1,0,0,0,1,0,0,0,0,0,0,1,0,0,0,0,0,0,0,0,0,0,0,0,0,0,0,0,1,0,0,1,0,0,0,0,0,1,0,0,0,0,1,0,0,0,0,0,0,1,1,0
1,0,0,0,1,0,0,1,0,0,1,0,0,1,0,0,1,0,0,0,0,0,0,0,0,0,0,0,0,0,0,0,0,0,0,0,0,0,0,0,0,0,0,0,0,0,0,0,0,0,1,0,0,0,0,0,0,0,0,0,0,0,0,0,0,0,0,0,0,0,0,0,0,0,0,0,0,0,0,0,0,0,0,1,0,0,0,0,0,0,0,0,0,0,0,0,0,0,0,0,1,0,0,0,0,1,0,1,0,0,0,0,0,1,0,0,0,0,0,0,0,0,1,0,0,0,0,1,0,0,0,0,0,0,1,0,1,0,0,0,0,0,0,0,0,0,0,0,0,0,0,0,0,0,0,0,0,0,0,0,0,0,0,0,0,0,0,0,0,0,0,0,0,0,0,0,0,0,0,0,0,0,0,0,0,0,0,0,0,0,0,0,0,0,0,0,0,0,0,0,0,0,0,0,1,0,0,0,1,0,0,0,0,0,0,1,0,0,0,0,0,0,0,0,0,0,0,0,0,0,0,0,0,0,0,1,0,0,0,0,0,1,0,0,0,0,0,0,0,0,0,0,1,1,1,0
1,0,0,0,0,0,0,1,0,1,0,0,0,1,0,0,1,1,0,0,0,0,0,0,0,0,0,1,0,0,0,0,0,0,0,0,0,0,0,0,0,0,0,0,0,0,0,1,0,0,1,0,0,0,0,0,0,1,0,0,0,0,0,0,0,0,0,0,0,0,0,0,0,0,0,0,0,0,0,0,0,0,0,1,0,0,0,0,0,0,0,0,0,0,0,0,0,0,0,0,1,0,0,0,0,1,0,1,1,0,0,0,0,0,0,0,0,0,0,0,0,0,1,0,0,0,0,1,0,0,0,0,0,0,0,0,0,0,0,0,0,0,0,0,0,0,0,0,0,0,0,0,0,0,0,0,0,0,0,0,0,0,0,0,0,0,0,0,0,0,0,0,0,0,0,0,0,0,0,0,0,0,0,0,0,0,0,0,0,0,0,0,0,0,0,0,0,0,0,0,0,0,0,0,1,0,0,0,1,0,0,0,0,0,0,1,0,0,1,0,0,0,0,0,0,0,0,0,0,0,0,0,0,0,0,1,0,0,0,0,0,1,0,0,0,0,0,0,0,0,0,0,0,1,0,0
1,2,0,0,1,0,0,1,0,0,0,0,0,1,0,0,1,0,0,0,0,0,0,0,0,0,0,0,0,0,0,0,0,0,0,0,0,0,0,0,0,1,0,0,0,0,0,0,0,0,1,0,0,0,0,0,1,1,0,0,0,1,0,0,0,0,0,0,0,0,0,0,0,0,0,0,1,0,0,0,0,0,1,1,2,0,0,0,0,0,0,0,0,0,0,0,0,0,0,0,1,0,0,0,0,1,0,1,0,0,0,1,0,1,0,0,0,0,0,0,0,0,0,0,0,0,0,1,0,0,0,0,0,0,0,0,0,0,0,0,0,0,0,0,0,0,0,0,0,0,0,0,0,0,0,0,0,0,0,0,0,0,0,0,0,0,0,0,0,0,0,0,0,0,0,0,0,0,0,0,0,0,0,0,0,0,0,0,0,0,0,0,0,0,0,0,0,0,0,0,0,0,0,0,1,0,0,0,1,0,0,0,0,0,0,1,0,0,0,0,0,0,0,0,0,0,0,0,0,0,0,0,0,0,0,2,0,0,0,0,0,1,0,1,0,0,1,0,0,0,0,0,0,1,0,0
1,0,0,0,0,0,0,1,0,0,0,0,0,1,0,0,1,0,0,0,0,0,0,0,0,0,0,0,0,0,0,0,0,2,0,0,0,0,0,0,0,1,0,0,0,0,1,0,0,0,1,0,1,0,0,0,1,0,0,0,0,0,0,0,0,0,0,0,0,1,0,0,0,0,0,0,0,0,0,1,0,0,0,1,0,0,1,0,0,0,0,0,0,0,0,0,0,0,0,0,2,0,0,0,0,1,1,1,0,0,0,1,0,1,0,0,0,0,0,0,0,0,0,0,0,0,0,1,0,0,0,0,0,0,0,0,0,0,0,0,1,0,1,0,0,0,0,1,0,0,0,0,0,0,0,0,0,0,0,0,0,0,0,0,0,0,0,0,0,0,0,0,0,0,0,0,0,0,0,0,0,0,0,0,0,0,0,0,0,0,0,0,0,0,0,1,0,0,0,0,1,0,0,0,1,0,2,0,1,0,0,0,0,0,0,1,0,0,0,0,0,0,0,0,0,0,0,0,0,1,0,0,0,0,0,1,0,0,0,0,0,1,0,0,0,0,1,0,0,0,0,0,0,2,1,0
1,0,0,0,1,0,0,2,0,0,0,0,0,1,0,0,1,0,0,0,0,0,0,0,0,0,0,0,0,0,0,0,0,0,0,0,0,0,0,0,0,2,0,0,0,0,0,0,1,1,1,0,0,0,0,1,0,0,0,0,0,0,0,0,0,0,0,0,0,0,0,0,0,0,0,0,1,0,1,0,0,0,0,1,0,0,0,0,0,0,0,0,0,0,0,0,0,0,0,0,0,0,0,0,0,1,0,1,0,0,0,0,0,0,0,0,0,0,0,0,0,0,0,0,0,0,0,1,0,0,0,0,0,1,0,0,0,0,0,0,0,0,0,0,0,0,0,2,0,0,1,0,0,0,0,0,0,0,0,0,0,0,0,0,0,0,0,0,0,0,0,0,0,0,0,0,0,0,0,0,0,0,0,0,0,0,0,0,0,0,0,0,0,0,0,0,0,0,0,0,0,0,0,0,1,0,0,0,1,0,0,0,0,0,0,1,0,0,0,0,0,0,0,0,0,0,0,0,0,0,0,0,0,0,0,1,0,0,0,0,0,1,0,0,0,0,2,0,0,1,0,0,0,1,0,1
1,0,0,0,1,0,0,1,0,0,1,0,0,1,0,0,2,0,0,0,0,0,0,0,0,0,0,0,0,0,0,0,0,1,0,0,0,0,0,0,0,1,0,1,0,0,0,0,0,0,1,0,0,0,0,0,0,0,0,0,0,0,0,0,0,0,0,0,0,0,0,0,0,0,0,0,0,0,1,0,1,0,0,1,0,0,0,0,0,0,0,0,0,0,0,0,0,0,0,0,2,0,0,0,0,1,0,1,0,0,0,0,0,0,0,0,0,0,0,0,1,0,0,0,0,0,0,1,0,1,0,2,0,0,0,0,0,0,0,0,0,0,1,0,0,0,0,0,0,0,0,0,0,0,0,0,0,0,0,0,0,0,0,0,0,0,0,0,0,0,0,0,0,0,0,0,0,0,0,0,0,0,0,0,0,0,0,0,0,0,0,0,0,0,0,0,0,1,0,0,0,0,0,0,1,0,0,0,1,0,0,0,0,0,0,1,0,0,1,0,0,0,0,0,0,0,0,0,0,0,0,0,0,0,0,1,0,0,0,0,0,1,0,0,0,0,0,0,0,0,0,0,0,1,0,0
1,0,0,0,0,0,0,1,0,0,0,0,0,1,0,0,1,0,0,0,0,0,0,0,0,0,0,1,0,0,0,0,0,0,0,0,0,0,0,0,0,2,0,0,0,0,0,0,0,0,1,0,0,0,1,0,0,2,0,0,0,0,0,0,0,0,0,0,0,0,0,0,0,0,0,0,1,0,0,0,0,0,0,1,0,0,0,0,0,0,0,0,0,0,0,0,0,0,0,0,0,0,0,0,0,1,0,1,0,0,0,0,0,0,0,0,0,0,0,0,0,0,0,0,0,0,0,1,0,0,0,1,0,0,0,0,0,0,0,0,0,0,0,0,0,2,0,2,0,0,0,0,0,0,0,0,0,0,0,0,0,1,0,0,0,0,0,0,0,0,0,0,0,0,0,0,0,0,0,0,0,0,0,0,0,0,0,0,0,0,0,0,0,0,0,0,0,0,0,0,2,0,0,0,1,2,0,0,1,0,0,0,0,0,0,1,0,0,0,0,0,0,0,0,0,0,0,0,0,0,0,0,0,0,0,1,0,0,0,0,0,1,0,0,0,0,0,0,0,0,0,0,0,1,0,0
1,0,0,0,1,0,0,1,0,0,0,0,0,1,0,0,1,0,0,0,0,0,0,0,0,0,0,0,0,0,0,0,0,0,0,1,0,0,0,0,1,3,0,0,0,0,0,0,0,1,1,0,0,0,0,0,0,1,1,0,0,0,0,0,0,0,0,0,0,2,0,0,0,0,0,0,1,0,0,0,0,0,0,1,0,0,0,0,0,0,0,0,0,0,0,0,0,0,0,0,1,0,0,0,0,1,0,1,1,0,0,0,0,0,0,0,0,0,0,0,0,0,0,0,0,0,0,1,0,0,0,0,0,0,0,0,0,0,0,0,0,0,1,0,0,0,0,1,1,0,1,0,0,0,1,0,0,0,0,0,0,0,0,0,0,0,0,0,0,0,0,0,0,0,0,0,0,0,0,0,0,0,0,0,0,0,0,0,0,0,0,0,0,0,0,1,0,0,0,0,0,0,0,0,1,0,0,0,1,0,0,0,0,0,0,1,0,0,0,0,0,0,0,0,0,0,0,0,0,0,0,0,0,0,0,1,0,0,0,0,0,1,0,0,0,0,3,0,0,0,0,0,0,1,2,0
0,0,0,0,0,0,0,0,0,0,1,0,0,0,0,0,0,0,0,0,0,0,0,0,0,1,1,0,0,0,1,0,1,0,2,0,1,0,1,0,0,0,0,0,0,0,0,0,0,0,0,0,0,0,0,2,0,0,0,0,0,0,0,0,0,0,0,0,0,0,1,1,0,0,0,1,0,0,0,0,0,0,0,0,0,1,0,1,1,0,0,0,0,0,0,0,0,0,0,0,0,0,0,0,0,0,0,0,0,0,0,0,0,0,0,0,0,0,0,0,0,0,0,0,0,0,0,0,0,0,0,0,0,0,1,0,0,0,0,0,0,0,0,0,0,0,0,1,0,0,0,0,0,0,0,0,0,0,0,0,0,0,1,0,0,0,0,0,0,2,1,0,0,0,1,0,0,0,0,0,0,0,0,1,0,0,0,1,2,0,1,0,1,0,0,0,0,0,0,0,0,0,0,0,0,0,0,1,0,0,0,0,0,1,0,0,0,0,0,0,0,0,0,0,0,0,0,0,0,0,0,0,0,0,0,0,0,0,0,0,0,0,0,0,0,0,0,0,0,0,0,0,0,0,0,0
1,0,0,0,0,0,0,1,0,0,0,0,0,1,0,0,1,0,0,0,0,0,0,0,0,0,0,1,0,0,0,0,0,0,0,0,0,0,0,0,0,1,0,0,0,0,0,0,0,0,1,0,0,0,0,0,0,0,0,0,0,0,0,0,0,0,0,0,0,0,0,0,0,0,0,0,0,0,0,0,0,0,0,1,0,0,0,0,1,0,0,0,0,0,0,0,0,0,1,0,1,0,0,0,0,1,0,1,0,0,0,0,0,0,0,0,0,0,0,0,0,0,0,0,0,0,0,1,0,0,0,2,0,0,0,0,0,1,0,0,0,0,0,0,1,1,0,1,0,0,0,0,0,0,0,0,0,0,0,0,0,0,0,0,0,0,0,0,0,0,0,0,0,0,0,0,0,0,0,0,0,0,0,0,0,0,0,0,0,0,0,0,0,0,0,0,0,0,0,0,1,0,0,0,1,0,0,0,1,0,0,0,0,0,0,1,0,0,0,0,0,0,0,0,0,0,0,0,0,0,1,0,0,1,0,1,0,1,0,0,0,1,0,0,0,0,1,0,0,0,0,0,0,1,1,0
0,0,0,0,0,0,0,0,1,0,0,0,0,0,0,0,0,0,0,0,0,0,0,0,0,1,0,0,0,0,0,0,1,0,0,0,1,0,1,0,0,0,0,0,0,0,1,2,0,0,0,0,0,0,0,0,0,1,0,0,0,0,0,1,1,0,0,0,0,0,1,0,0,0,0,2,0,0,0,0,0,0,0,1,0,0,0,0,0,0,0,0,0,0,0,0,0,0,3,0,0,0,0,0,0,0,0,0,3,0,0,0,0,0,0,2,0,0,0,0,0,0,0,0,0,0,0,0,0,0,0,0,0,0,0,0,0,0,0,0,0,0,0,0,0,0,0,0,0,0,0,0,0,0,0,0,0,0,0,0,0,0,1,0,0,0,0,0,0,1,0,0,0,0,1,0,0,0,0,0,0,0,0,1,0,0,0,1,1,0,1,0,1,0,3,1,0,0,0,0,0,0,0,0,0,0,0,1,0,0,0,0,0,1,0,0,0,0,0,0,0,0,0,0,0,0,0,0,0,0,0,0,0,0,0,0,0,0,0,0,0,0,0,0,0,0,0,0,0,0,1,1,0,1,0,0
0,0,0,0,0,0,1,0,1,0,0,0,0,0,0,0,0,0,0,0,0,0,0,0,0,1,0,0,0,0,0,0,1,0,0,0,1,0,1,0,0,0,0,0,0,0,0,0,0,0,0,0,0,0,0,0,0,0,0,0,0,0,0,0,0,4,0,0,0,0,1,0,0,0,0,5,0,0,0,0,0,0,0,0,0,0,0,0,2,0,0,0,0,1,0,1,0,0,2,0,0,1,0,0,0,0,0,0,0,0,0,1,0,0,0,2,0,0,0,0,0,0,0,0,2,0,0,0,0,0,0,0,0,0,0,0,0,0,1,0,0,0,0,0,0,0,0,0,0,0,0,1,0,0,0,0,0,0,0,2,0,0,0,0,0,0,0,0,0,1,0,0,0,2,1,0,0,0,0,0,0,0,0,2,0,0,0,1,1,1,1,0,2,0,0,0,1,0,0,0,0,0,0,0,0,0,0,1,0,0,0,0,0,0,0,0,0,0,1,0,0,1,0,0,0,0,0,0,0,0,0,0,0,0,0,0,0,0,0,0,0,0,0,0,0,0,0,0,0,0,0,0,0,0,0,0
0,0,0,0,1,0,0,0,1,0,0,0,0,0,0,2,0,0,0,1,0,0,1,0,0,1,0,0,0,0,0,0,1,0,0,0,2,0,1,0,0,1,0,0,0,0,1,0,0,0,0,0,0,0,0,0,0,0,0,0,0,0,0,0,0,0,0,0,0,0,1,0,0,0,0,1,0,0,0,0,0,0,0,0,0,0,0,0,0,0,0,0,0,0,1,0,0,0,0,0,0,0,0,0,0,0,1,0,0,0,0,0,0,0,0,0,1,0,1,0,0,0,0,0,0,0,0,0,0,0,0,0,0,0,2,0,0,0,0,0,0,0,0,0,0,0,0,0,0,0,0,0,0,1,0,0,0,0,0,1,0,0,0,0,0,0,0,0,0,1,0,0,0,0,1,0,0,0,0,0,0,0,0,1,0,0,0,1,1,0,1,0,0,0,0,0,0,0,0,0,0,0,0,0,0,0,1,1,0,0,0,0,0,0,0,0,0,0,0,0,0,0,0,0,0,0,0,0,0,0,0,0,0,0,0,0,0,0,0,0,0,0,0,0,0,0,0,0,0,0,0,0,0,1,0,0
0,1,0,0,0,0,0,0,1,0,0,0,0,0,0,1,0,0,0,0,0,0,1,0,0,1,1,0,0,1,0,0,1,0,0,0,1,0,1,0,0,0,0,1,1,0,0,0,0,1,0,2,0,1,0,0,0,1,0,0,0,0,0,0,0,0,0,0,0,0,1,0,0,0,2,1,0,0,0,0,0,0,0,0,0,0,1,0,0,0,0,0,0,0,0,3,0,0,3,0,0,0,0,0,0,0,0,0,0,0,0,0,0,0,0,1,0,0,0,0,0,0,0,0,2,0,0,0,0,0,0,0,0,0,0,0,1,0,0,0,0,0,0,0,0,0,0,0,0,0,0,0,0,0,0,1,1,0,0,0,0,0,1,1,0,0,0,0,0,1,0,0,2,0,1,0,1,0,0,0,1,0,0,2,0,0,0,1,1,0,1,0,1,1,0,0,0,0,0,0,0,1,0,1,0,0,0,1,0,0,0,0,0,0,0,0,0,0,0,0,0,0,0,0,0,0,0,0,0,0,0,0,1,0,1,0,1,0,0,0,0,0,0,0,0,0,0,0,0,0,1,0,0,0,0,0
1,0,0,0,1,0,0,1,0,0,0,0,0,1,0,0,1,0,0,0,0,0,0,0,0,0,0,0,0,0,0,0,0,0,0,0,0,0,0,0,0,0,0,0,0,0,0,0,0,0,1,0,0,0,0,0,0,0,0,0,0,0,0,0,0,0,0,0,0,0,0,0,0,0,0,0,0,0,0,0,0,0,0,1,0,0,0,0,0,0,0,0,0,0,0,0,0,0,0,0,1,0,0,0,0,1,0,1,0,0,0,0,0,1,0,0,0,0,0,0,0,0,0,0,0,0,0,1,0,1,0,0,0,0,0,0,0,0,0,0,0,0,1,0,0,0,0,1,0,0,0,0,0,0,0,0,0,0,0,0,0,0,0,0,0,0,0,0,0,0,0,0,0,0,0,0,0,0,0,0,0,0,0,0,0,0,0,0,0,0,0,0,0,0,0,0,0,1,0,0,0,0,0,0,1,0,0,0,1,0,0,0,0,0,0,1,0,0,0,0,0,0,0,0,0,0,0,0,0,0,0,0,0,0,0,1,0,0,0,0,0,1,0,0,0,0,0,0,0,1,0,0,0,1,1,0
0,0,1,0,0,0,0,1,0,1,0,0,0,0,0,0,0,0,0,0,0,1,0,0,0,0,0,0,0,0,0,0,0,0,0,0,0,0,0,1,0,0,0,0,0,1,0,0,0,0,0,0,0,0,0,1,0,0,0,0,0,0,0,0,0,0,0,0,1,0,0,0,0,0,0,0,0,0,3,2,1,0,0,0,0,0,0,0,0,2,0,0,0,0,0,0,0,0,0,0,0,0,0,0,0,0,0,0,0,0,0,0,0,0,0,0,0,0,0,0,0,0,0,0,0,0,0,0,0,0,0,0,0,1,0,0,1,0,0,0,0,1,0,0,0,0,0,1,0,0,0,0,1,0,0,1,0,0,4,1,0,0,1,0,0,0,1,0,0,0,0,0,0,0,0,1,0,0,0,0,0,0,0,0,0,1,0,1,1,0,0,0,0,0,0,0,0,0,0,0,0,0,0,0,0,1,0,0,0,0,0,0,0,1,0,0,0,0,0,0,0,0,0,0,0,1,1,0,0,0,0,0,1,0,1,0,0,0,1,0,2,0,0,1,1,1,1,2,0,0,0,0,0,0,0,0
1,0,0,0,0,0,0,1,0,0,0,0,0,1,0,0,1,0,0,0,0,0,0,0,0,0,0,1,0,0,0,0,0,1,0,1,0,0,0,0,1,2,0,0,0,0,0,0,0,0,1,0,0,0,0,0,0,0,0,0,0,0,0,0,0,0,0,0,0,0,0,0,0,0,0,0,1,0,1,0,0,0,0,1,0,0,0,0,0,0,0,0,0,0,0,0,0,0,0,0,0,0,0,0,0,1,0,1,0,0,0,0,0,0,0,0,0,0,0,0,0,0,0,0,0,0,0,1,0,0,0,0,0,0,0,0,0,0,0,0,0,0,1,0,0,0,0,0,0,0,0,0,0,0,0,0,0,0,0,0,0,0,0,0,0,0,0,0,0,0,0,0,0,0,0,0,0,0,0,0,0,0,0,0,0,0,0,0,0,0,0,0,0,0,0,2,0,0,0,0,1,0,0,0,1,0,0,0,1,0,0,0,0,0,0,1,0,0,0,0,0,0,0,0,0,0,0,0,2,0,0,0,0,0,0,1,0,0,0,0,0,1,0,0,0,0,1,0,0,1,0,0,0,1,1,0
1,0,0,0,1,0,0,1,0,0,0,0,0,1,0,0,1,0,0,0,0,0,0,0,0,0,0,0,0,0,0,0,0,0,0,0,0,0,0,0,0,1,0,0,0,0,0,0,0,0,1,0,0,0,0,0,0,0,0,0,0,0,0,0,0,0,0,0,0,0,0,0,0,0,0,0,0,0,0,0,0,0,0,1,0,0,0,0,0,0,0,0,0,0,0,0,0,0,0,0,0,0,0,0,0,1,0,1,0,0,0,0,0,0,0,0,0,0,0,0,0,0,0,0,0,0,0,1,0,0,0,0,0,0,0,0,0,0,0,0,0,0,0,0,0,1,0,1,0,0,1,0,0,0,0,0,0,0,0,0,0,0,0,0,0,0,0,0,0,0,0,0,0,0,0,0,0,0,0,0,0,0,0,0,0,0,0,0,0,0,0,0,0,0,0,0,0,0,0,0,0,0,0,0,1,1,0,0,1,0,0,0,0,0,0,1,0,0,0,0,0,0,0,0,0,0,0,0,0,0,1,0,1,0,0,1,0,0,0,0,0,1,0,0,0,0,1,0,0,0,0,0,0,1,0,0
0,0,1,0,0,0,0,0,2,0,0,0,0,0,0,0,0,0,0,0,0,0,0,0,0,1,1,0,0,0,0,0,1,0,0,0,3,0,1,0,1,0,0,0,0,0,2,0,0,0,0,0,0,0,0,2,0,1,0,0,0,1,0,0,0,0,0,0,0,0,1,0,0,0,0,1,0,0,0,0,0,0,0,0,0,0,0,0,1,0,0,0,0,0,0,0,0,0,1,0,0,1,0,0,0,0,0,0,0,0,0,0,0,0,0,3,0,0,0,0,0,0,0,0,0,0,0,0,0,0,0,0,0,0,0,0,0,0,0,0,0,0,0,0,0,0,0,0,0,0,0,0,0,0,0,0,0,0,0,0,0,0,0,0,0,0,0,0,1,2,0,0,0,0,1,0,0,0,0,0,1,0,0,2,0,0,0,1,1,0,1,0,1,0,0,0,2,0,0,0,0,0,0,0,0,0,0,1,0,0,1,0,0,0,0,0,0,0,0,0,0,0,0,0,0,0,0,0,0,0,0,0,0,0,0,0,0,0,0,0,0,0,0,0,0,0,0,0,0,0,0,0,0,0,0,0
0,0,0,0,0,0,1,0,1,0,1,0,0,0,0,1,0,0,0,0,0,0,0,0,0,1,1,0,0,0,0,0,1,0,0,0,1,0,1,0,0,0,0,0,0,0,2,0,0,0,0,1,0,0,0,2,0,0,0,0,0,1,0,0,0,0,0,0,0,0,1,0,0,0,0,1,0,0,0,0,0,0,0,0,0,0,0,0,2,0,1,0,0,0,0,0,0,0,0,0,0,0,0,0,0,0,0,0,0,0,0,0,0,0,0,2,0,0,0,0,0,0,0,0,0,0,0,0,0,0,0,0,0,0,0,0,0,0,0,0,0,0,0,0,0,0,0,0,0,0,0,0,0,0,0,0,0,0,0,0,0,0,1,0,0,0,0,0,0,1,0,0,0,0,1,0,0,0,0,0,0,0,0,1,0,0,0,1,1,0,1,0,1,0,0,0,3,0,0,0,0,1,0,0,0,0,0,1,0,0,2,0,0,1,1,0,0,0,0,0,1,0,0,0,0,0,0,0,0,0,0,0,0,0,0,0,0,0,0,0,0,0,0,0,0,0,0,0,0,0,0,0,0,0,0,0
1,0,0,0,1,0,0,1,0,0,0,0,0,1,0,0,1,0,0,0,0,0,0,0,0,0,0,0,0,0,0,0,0,0,0,0,0,1,0,0,0,0,0,0,0,0,0,0,0,0,1,0,0,0,0,0,0,0,0,0,0,0,0,0,0,0,0,0,0,0,0,0,0,0,0,0,1,0,0,0,0,0,0,1,0,0,0,0,1,0,0,0,0,0,1,0,0,0,0,0,1,0,0,0,0,1,0,1,0,0,0,0,0,0,0,0,0,0,0,0,0,0,0,0,0,0,0,1,0,0,0,0,0,0,0,0,0,0,0,0,0,1,0,0,0,0,0,2,1,0,0,0,1,0,0,0,0,0,0,0,0,0,0,0,0,0,0,0,0,0,0,0,0,0,0,0,0,0,0,0,0,0,0,0,0,0,0,0,0,0,0,0,0,0,0,0,0,0,0,0,0,0,0,0,1,0,0,0,1,0,0,0,0,0,0,1,0,0,0,0,0,0,0,0,0,0,0,0,0,0,0,0,0,1,0,1,0,0,1,0,0,1,0,0,0,1,2,0,0,0,0,0,0,1,1,0
0,0,0,0,0,0,0,0,1,0,0,0,0,0,0,0,0,0,0,0,0,0,0,0,0,1,0,0,0,0,0,0,1,0,0,0,2,0,1,0,1,0,0,0,0,0,0,0,0,1,1,0,0,0,0,0,0,0,0,0,0,0,0,0,0,0,0,0,0,0,1,0,0,0,0,1,0,0,0,0,0,0,0,0,0,0,0,0,0,0,0,0,0,0,0,0,0,0,0,0,0,0,0,0,0,0,0,0,0,0,0,0,0,0,0,1,0,0,0,0,0,0,0,0,0,0,0,0,0,0,0,0,0,0,0,0,0,0,0,0,0,0,0,0,0,0,0,0,0,0,0,0,0,0,0,0,0,0,0,0,0,0,0,0,0,0,0,0,0,1,0,0,0,1,1,1,0,0,0,0,0,0,0,2,0,0,0,1,1,0,1,0,1,0,0,0,0,0,0,0,0,0,0,0,0,0,0,1,0,0,0,0,0,0,0,0,0,0,0,0,0,0,0,0,0,0,0,0,0,0,0,0,0,0,0,0,0,0,0,0,0,0,0,0,0,0,0,0,0,0,0,1,0,0,0,0
1,0,0,0,0,0,0,1,0,0,0,0,0,1,0,0,1,0,0,0,0,0,0,0,0,0,0,1,0,0,0,0,0,0,0,0,0,0,0,0,0,1,0,0,0,0,0,0,1,0,1,0,0,0,0,0,0,0,0,0,0,0,0,0,0,0,0,0,0,0,0,0,0,0,0,0,1,0,0,0,1,0,0,1,0,0,0,0,0,0,0,0,0,0,0,0,0,0,0,0,1,0,0,0,0,1,0,1,0,0,0,0,0,0,0,0,0,0,0,0,0,0,0,0,0,0,0,1,0,0,0,0,0,0,0,0,0,0,0,0,0,0,0,0,0,0,0,0,0,0,0,0,0,0,0,0,0,0,0,0,0,0,0,0,0,0,0,0,0,0,0,0,0,0,0,0,0,0,0,0,0,0,0,0,0,0,0,0,0,0,0,0,0,0,0,0,0,0,0,0,0,0,0,0,1,0,0,0,1,0,0,0,0,0,0,1,0,0,0,0,0,0,0,0,0,0,1,0,0,0,0,0,0,0,0,1,0,0,0,0,0,1,0,0,0,0,0,0,0,0,0,0,0,1,1,1
1,0,0,0,1,0,0,1,0,0,0,0,0,1,0,0,1,0,0,0,0,0,0,0,0,0,0,0,0,0,0,0,0,0,0,0,0,0,0,0,0,0,0,0,0,0,1,0,0,0,1,0,0,2,0,0,0,0,0,0,0,0,0,0,0,0,0,0,0,0,0,0,0,0,0,0,0,0,0,1,0,0,2,2,0,0,0,0,0,0,0,0,0,0,0,0,0,0,2,0,3,0,0,0,0,1,0,1,0,0,0,0,1,0,0,0,0,0,0,0,0,0,0,0,0,0,0,1,0,0,0,0,0,0,0,0,0,0,0,0,1,0,0,0,0,0,0,0,0,0,0,0,0,0,0,0,0,0,0,0,0,0,0,0,0,0,1,0,0,0,0,0,0,0,0,0,0,0,0,0,0,1,0,0,0,0,0,0,0,0,0,0,0,0,0,0,0,0,0,0,0,0,0,0,1,0,0,0,1,0,0,1,0,0,0,2,0,0,0,0,0,0,0,0,0,0,1,0,0,0,0,0,0,0,0,1,0,0,0,0,1,1,0,2,0,1,0,0,0,0,0,0,0,2,0,0
0,0,0,0,1,0,0,0,1,0,0,0,0,0,0,0,0,0,0,0,0,0,0,0,0,1,0,0,0,0,0,0,1,0,0,0,1,0,1,0,4,0,0,0,0,0,0,0,0,0,0,1,0,0,0,0,0,4,0,0,0,0,0,0,0,0,0,1,0,0,0,0,0,0,0,1,0,0,0,0,0,0,0,1,0,0,1,0,0,0,0,0,0,0,0,0,0,0,4,0,0,0,0,0,0,0,0,0,0,0,0,0,0,0,0,3,0,0,0,0,0,0,0,0,0,0,0,0,0,0,1,0,0,0,0,0,0,0,0,0,0,0,0,0,0,0,0,1,0,0,0,0,0,0,0,0,0,0,0,1,0,0,0,0,0,0,0,0,0,1,0,0,0,0,1,0,0,0,0,0,0,0,0,2,0,0,0,1,2,1,1,0,0,0,0,0,0,1,1,0,1,0,0,0,0,0,0,0,1,0,0,0,0,0,0,0,0,0,0,1,0,0,0,0,0,0,0,0,0,0,1,1,0,0,1,0,0,0,0,1,0,0,0,0,0,0,0,0,0,0,0,0,0,1,0,0
1,0,0,0,1,0,0,1,0,0,2,0,0,1,0,0,1,0,0,0,0,0,0,0,0,0,0,0,0,0,0,0,0,0,0,0,0,0,0,0,0,0,0,0,0,0,0,0,0,0,2,0,0,1,0,0,0,0,0,0,0,0,0,0,0,0,0,0,0,0,0,0,1,0,0,0,1,0,0,0,2,0,0,1,0,0,0,0,0,0,1,0,1,0,0,0,0,0,1,0,2,1,0,0,0,1,1,1,0,0,0,0,1,0,0,0,0,0,0,0,0,0,0,0,0,0,0,2,0,0,0,1,1,0,0,0,0,0,0,0,1,0,0,0,0,0,0,1,0,0,0,0,0,0,0,0,0,0,1,0,0,0,0,0,0,0,0,0,0,0,0,0,0,0,0,0,0,0,0,0,0,0,0,0,0,0,0,0,0,0,0,0,0,0,0,0,0,0,0,0,0,0,0,0,1,0,0,0,1,0,0,0,0,0,0,2,0,0,0,0,0,0,0,0,0,0,0,1,0,0,0,0,0,0,0,1,0,0,0,0,0,1,0,0,0,0,0,0,0,0,0,0,0,1,0,0
1,0,0,0,1,0,0,1,0,0,0,0,0,1,0,0,1,0,0,0,0,0,0,0,0,0,0,0,0,0,0,0,0,0,0,0,0,0,0,0,0,0,0,0,0,0,0,0,0,0,1,0,0,0,0,0,0,0,0,0,0,0,0,0,0,0,0,0,0,0,0,0,0,0,0,0,2,1,1,0,0,0,0,1,0,0,0,0,0,0,0,0,0,0,1,0,0,0,0,0,2,0,0,0,0,1,0,1,0,0,0,0,0,0,0,0,0,0,0,0,0,0,0,0,0,0,0,1,0,0,0,0,0,0,0,0,0,0,0,0,0,0,0,0,0,0,0,0,0,0,0,0,1,0,0,0,0,0,0,0,0,0,0,0,0,0,0,0,0,0,0,0,0,0,0,0,0,0,0,0,0,0,0,0,0,0,1,0,0,0,0,0,0,0,0,0,0,0,0,0,1,0,0,0,1,0,0,0,1,0,0,2,0,0,0,1,0,0,0,0,2,0,0,2,0,0,0,0,0,0,0,0,0,0,0,1,0,0,0,0,0,1,0,0,0,0,0,0,0,0,0,0,0,1,0,0
1,0,0,0,0,0,0,1,0,0,0,0,0,1,0,0,1,0,0,0,0,0,0,0,0,0,0,1,0,0,0,0,1,0,0,0,0,0,0,0,0,0,0,0,0,0,0,0,0,0,1,0,0,0,1,0,0,0,0,0,0,0,0,0,0,0,0,0,0,0,0,0,0,0,0,0,0,0,0,0,0,0,0,1,0,0,0,0,0,0,0,0,0,0,0,0,0,0,0,0,1,0,0,0,0,1,0,1,0,0,0,0,0,0,0,0,1,0,0,0,0,0,0,0,0,0,0,1,0,0,0,0,0,0,0,0,0,0,0,0,0,0,0,0,0,1,0,0,0,0,0,0,0,0,0,0,0,0,0,0,0,0,0,0,0,0,0,0,0,0,0,0,0,0,0,2,0,0,0,0,0,0,0,0,0,2,2,0,0,0,0,0,0,0,0,0,0,0,0,0,0,0,0,0,1,0,0,0,1,0,0,0,0,0,0,1,0,0,0,1,0,0,0,0,0,0,0,1,0,0,0,0,0,0,0,1,0,0,0,0,0,1,0,0,0,0,0,2,0,0,0,0,1,1,0,0
1,0,0,0,1,0,0,1,0,1,1,0,1,1,0,0,1,0,0,2,0,0,0,0,0,0,0,0,1,0,0,0,0,0,0,0,0,0,0,0,0,1,0,0,0,0,0,0,0,0,1,0,0,0,0,0,0,0,1,0,0,0,0,0,0,0,0,0,0,0,0,0,0,0,0,0,0,0,0,0,0,0,1,1,0,0,0,0,0,0,0,0,0,0,0,0,0,1,0,0,1,0,0,0,0,2,0,1,0,0,0,0,0,1,0,0,0,0,0,0,0,0,0,2,0,0,0,1,0,0,0,0,0,0,1,0,0,0,0,0,0,0,0,0,0,0,0,0,0,0,0,0,0,0,0,0,0,0,0,0,0,0,0,0,0,0,0,0,0,0,0,0,0,0,0,0,0,0,0,0,0,0,0,0,0,0,0,0,0,0,0,0,0,0,0,0,0,0,0,0,0,0,0,0,1,0,0,0,1,0,0,0,0,0,0,1,0,0,0,0,0,0,0,0,0,0,0,0,0,0,0,0,0,0,0,1,0,0,0,0,0,1,0,0,0,0,0,0,0,0,0,0,0,1,0,0
1,0,0,0,1,0,0,1,1,0,0,0,0,1,0,0,2,0,0,0,0,0,0,0,0,0,0,0,0,0,0,0,0,0,0,0,0,0,0,0,0,1,0,0,0,0,0,0,0,0,1,0,0,0,0,0,0,0,0,0,0,0,0,0,0,0,0,0,0,0,0,0,0,0,0,0,0,0,0,0,1,0,0,1,0,0,0,0,0,0,0,0,0,0,0,0,0,0,0,0,1,0,0,0,0,1,0,1,0,0,0,0,0,0,0,0,1,0,0,0,0,0,0,1,0,0,0,1,0,1,0,1,0,0,0,0,0,0,0,0,0,0,1,0,0,0,0,0,0,0,0,0,0,0,0,0,0,1,0,0,0,0,0,0,0,0,0,0,0,0,0,0,0,0,0,0,0,0,0,0,0,0,1,1,0,0,0,0,0,0,0,0,0,0,0,0,0,0,0,0,0,0,0,0,1,0,0,0,1,0,0,0,0,0,0,1,0,0,0,0,0,0,0,0,0,0,0,0,0,0,0,0,0,0,0,1,0,0,0,0,0,1,0,0,0,0,0,0,0,1,1,0,0,1,1,0
0,0,0,0,0,0,1,0,1,0,0,0,0,0,0,0,0,0,0,0,0,0,0,0,0,1,0,0,0,0,0,0,1,0,0,0,2,0,1,0,2,0,0,0,0,0,0,1,0,0,1,0,0,0,0,0,0,2,0,0,0,0,0,0,0,0,0,0,0,0,1,0,0,0,0,1,0,2,0,0,0,0,0,0,0,0,0,0,0,0,0,0,0,0,0,0,0,0,2,0,0,0,0,0,0,1,0,0,0,0,0,0,0,0,0,2,0,0,0,0,0,0,0,0,0,0,0,0,0,0,0,0,0,0,0,0,0,0,0,0,0,0,0,0,0,0,0,0,0,0,0,0,0,0,0,0,0,0,0,0,0,0,0,0,0,0,0,0,0,1,0,0,0,0,1,0,0,0,0,0,0,0,0,2,0,0,0,1,1,0,1,0,1,0,0,0,0,0,0,0,0,0,0,0,0,0,0,1,0,0,0,0,0,0,0,0,0,0,0,0,0,0,0,0,0,0,0,0,0,0,0,0,0,0,0,0,0,1,0,0,0,0,0,0,0,0,0,0,0,0,0,0,0,0,0,0
0,0,0,0,0,0,1,0,1,0,0,0,0,0,0,0,0,0,0,0,0,0,0,0,0,1,0,0,0,0,0,0,1,0,0,0,1,0,1,0,0,0,0,1,0,0,0,1,1,0,0,0,0,0,0,1,0,0,0,0,0,1,0,0,0,0,0,0,0,0,1,2,0,1,1,1,0,0,0,0,0,0,0,0,0,0,0,0,2,0,0,0,0,0,0,0,0,0,1,0,0,1,0,1,1,0,0,0,0,0,0,0,0,0,0,3,0,0,0,0,0,0,0,0,0,1,1,0,0,0,1,0,0,0,2,0,1,0,1,0,4,0,0,0,0,0,0,1,0,0,0,0,0,0,0,0,0,0,0,0,0,0,0,0,0,0,0,0,0,1,0,0,0,0,1,0,0,0,0,0,0,0,0,1,0,0,1,1,2,0,1,0,1,0,0,0,2,0,0,0,0,0,0,0,0,0,0,1,0,0,0,0,0,0,0,0,0,0,1,0,0,1,0,1,0,0,0,0,0,0,0,1,0,0,0,0,1,0,0,0,0,0,0,0,0,0,0,0,0,0,0,0,0,0,1,0
1,0,0,0,0,0,0,1,0,0,0,0,0,1,0,0,1,0,0,0,0,0,0,0,0,0,0,1,0,0,0,0,0,0,0,0,0,0,0,0,0,1,0,0,0,0,0,0,0,0,1,0,0,0,0,0,0,0,0,0,0,0,0,0,0,0,0,0,0,0,0,0,0,0,0,0,0,0,1,0,0,0,0,1,0,0,0,0,0,0,0,0,0,0,0,0,0,0,0,0,0,0,0,0,0,1,0,1,0,0,0,0,0,0,0,0,0,0,0,0,0,0,0,0,0,0,0,1,0,0,0,0,0,0,0,0,0,0,0,0,0,0,0,0,0,0,0,0,0,0,0,0,0,0,0,0,0,0,0,0,0,0,0,0,0,0,0,0,0,0,0,0,0,0,0,0,0,0,0,0,0,0,0,0,0,0,0,0,0,0,0,0,0,0,0,1,0,0,0,0,0,0,0,0,1,0,0,0,1,0,0,0,0,1,0,1,0,0,0,0,0,0,0,1,0,0,0,0,0,0,0,0,1,0,0,1,0,0,0,0,0,1,0,0,0,0,1,0,0,0,1,0,0,1,0,0
1,0,0,0,0,0,0,1,0,0,0,0,0,1,0,0,1,0,0,0,0,0,0,0,0,0,0,0,0,0,0,0,0,0,0,0,0,0,0,0,0,0,0,0,0,0,0,0,0,0,1,0,0,0,0,0,0,0,0,0,0,0,0,0,0,0,0,0,0,0,0,0,0,0,0,0,0,0,0,0,0,0,0,1,0,0,1,0,0,0,0,0,0,0,0,0,0,0,0,0,2,1,0,0,0,1,0,1,0,0,0,0,0,0,0,0,1,0,0,0,0,0,0,1,0,0,0,1,0,0,0,0,0,0,0,0,0,0,0,0,0,0,0,0,0,0,0,0,0,0,0,0,0,0,0,0,0,0,0,0,0,0,0,0,0,1,0,0,0,0,0,0,0,0,0,0,0,0,0,0,0,0,0,0,0,0,0,0,0,0,0,0,0,0,0,0,0,0,0,0,0,0,0,0,1,0,0,0,1,1,0,0,0,1,0,1,0,0,1,0,0,0,0,0,0,0,0,0,0,0,0,0,2,0,0,1,0,0,0,0,0,1,0,0,0,1,1,0,0,0,2,0,0,1,1,0
1,0,0,0,0,0,0,1,0,0,0,0,0,1,0,0,1,0,0,0,0,0,0,0,0,0,0,1,0,0,0,0,0,0,0,0,0,0,0,0,0,0,0,0,0,0,0,0,0,0,1,0,0,0,0,0,0,0,0,0,0,0,0,0,0,0,0,0,0,0,1,0,0,0,0,0,0,0,1,0,0,0,0,1,0,0,0,0,0,0,0,0,0,0,0,0,0,0,0,0,2,0,0,0,0,1,0,1,0,0,0,0,2,0,0,0,0,0,0,0,0,0,0,0,0,0,0,1,0,0,0,0,0,0,0,0,0,0,0,0,0,0,0,0,0,0,0,0,0,0,0,0,0,0,0,0,0,0,0,0,0,0,0,0,0,0,0,0,0,0,0,0,0,0,0,0,0,0,0,0,0,0,0,0,0,0,0,0,0,0,0,0,0,0,0,0,0,0,1,0,1,0,0,0,1,0,0,0,3,0,0,0,0,0,0,1,0,0,0,0,1,0,0,0,0,0,0,0,0,0,0,0,0,0,0,1,0,0,0,1,0,1,0,0,0,0,0,0,0,1,0,0,0,3,0,1
1,0,0,0,1,0,0,1,0,1,0,0,0,1,0,0,1,0,0,0,0,0,0,0,0,0,0,0,1,0,0,0,0,0,0,0,0,0,0,0,0,1,0,0,0,0,0,0,0,0,1,1,0,0,0,0,0,1,0,0,0,0,0,0,0,0,0,0,0,0,0,0,0,0,0,0,0,0,0,0,0,0,0,1,1,1,0,0,0,1,0,0,0,0,0,0,0,0,0,0,1,0,0,0,0,2,0,1,0,0,0,0,0,0,0,0,0,0,0,0,0,0,0,0,0,0,0,1,0,1,0,0,0,0,0,0,0,0,0,0,0,0,0,0,0,0,0,0,0,0,0,0,1,0,0,0,0,0,0,0,0,0,0,0,0,0,0,0,0,0,0,0,0,0,0,0,0,0,0,0,0,0,0,0,0,0,0,0,0,0,0,0,0,0,0,0,0,0,0,0,0,0,0,0,1,0,0,0,1,0,0,0,0,0,0,1,0,0,0,0,0,0,0,0,0,0,0,0,0,0,0,0,0,0,0,1,0,0,0,0,0,1,0,0,0,0,2,0,0,1,0,0,1,1,0,0
0,0,0,0,0,0,0,0,0,0,0,0,0,0,0,0,0,0,0,1,0,1,0,0,0,1,0,0,0,0,0,0,1,0,0,0,1,0,1,0,0,0,0,0,0,0,0,0,0,0,0,0,0,0,0,0,0,0,0,0,0,0,0,0,0,0,0,0,0,0,1,0,0,0,1,1,0,0,0,0,0,0,0,0,0,0,0,0,0,0,1,0,0,0,0,0,0,0,0,0,0,0,0,0,0,0,0,0,0,0,0,0,0,0,0,0,0,0,0,0,0,0,0,0,0,0,0,0,0,0,0,0,0,0,0,0,0,0,1,0,0,0,0,0,0,0,0,1,0,0,0,0,0,0,0,0,0,0,0,0,0,0,1,0,0,0,0,0,0,1,0,0,0,1,1,0,0,0,0,0,1,0,0,2,0,0,0,1,1,0,1,0,1,0,0,0,0,0,0,0,0,0,0,0,0,0,0,1,0,0,0,0,0,0,0,0,0,0,0,0,0,0,0,0,0,0,0,0,0,0,0,0,0,0,0,0,0,0,0,0,0,0,0,0,0,0,0,0,0,0,0,0,0,0,0,0
1,0,0,0,1,0,0,1,0,0,1,0,0,1,0,0,1,0,0,0,0,0,0,0,0,0,0,0,0,0,0,1,0,0,0,0,0,0,0,1,0,1,0,0,0,0,0,0,0,0,1,0,0,0,0,1,0,0,0,0,0,0,0,0,0,0,0,0,0,0,0,0,0,0,0,0,0,0,0,0,0,0,1,1,0,0,0,0,0,0,0,0,0,0,0,0,0,0,0,0,2,0,0,0,0,1,0,1,0,0,2,0,0,1,0,0,1,0,0,0,0,0,0,0,0,0,0,1,0,0,0,1,0,0,0,0,0,0,0,0,0,0,0,0,0,0,0,1,0,0,0,0,0,0,0,0,0,0,0,0,0,0,0,0,0,0,0,0,0,0,0,0,0,0,0,0,0,0,0,0,0,0,0,0,0,0,0,0,0,0,0,0,0,0,0,0,0,0,0,0,0,0,0,0,1,0,0,0,1,0,0,0,0,0,0,1,0,0,0,0,0,0,0,0,0,0,1,0,0,0,0,0,0,0,0,1,0,0,0,0,0,1,0,0,0,0,0,0,0,0,0,0,0,1,1,0
0,0,0,0,0,0,0,0,0,0,0,0,0,0,0,0,0,0,0,0,0,0,0,0,0,1,0,0,0,0,0,0,1,0,0,0,1,0,1,0,1,0,0,0,0,0,0,0,0,0,1,0,0,0,0,0,0,0,0,0,0,1,0,0,0,0,0,0,0,0,0,0,0,0,0,1,0,0,0,0,0,0,0,0,0,0,0,0,0,0,0,0,0,0,0,0,0,0,0,0,0,0,0,0,0,0,0,0,0,0,0,0,0,0,0,1,0,0,0,0,0,0,0,0,0,0,0,0,0,0,0,0,0,0,0,0,0,0,0,0,0,1,0,1,0,0,0,1,0,1,0,0,0,0,0,1,0,0,0,0,0,0,1,0,0,0,0,0,0,1,0,0,0,0,1,0,0,0,0,0,0,0,0,1,0,0,0,1,1,0,1,0,1,0,0,0,0,0,0,0,0,0,0,0,0,0,0,1,0,0,0,0,0,0,0,0,0,0,0,0,0,1,0,0,0,0,0,0,0,0,0,0,0,0,0,0,0,0,0,0,0,0,0,0,0,0,0,0,0,0,0,0,0,0,0,0
0,0,0,0,1,0,0,1,1,0,0,0,0,0,0,0,1,0,0,1,0,0,0,0,0,0,0,0,0,0,1,0,1,0,0,0,0,0,0,0,0,0,0,0,0,0,0,0,0,0,0,0,0,1,0,0,0,1,0,0,0,0,0,0,0,0,0,0,0,0,1,0,1,0,0,0,0,0,0,0,0,0,0,1,0,0,0,0,0,0,0,0,0,0,0,0,0,0,0,0,1,1,0,0,0,1,0,0,0,1,0,0,0,0,1,0,0,0,0,0,0,0,0,1,0,0,0,1,0,0,0,0,0,0,1,0,0,1,0,1,0,0,0,0,0,0,0,0,0,0,0,0,0,0,0,0,0,0,0,0,0,0,0,0,0,0,0,0,0,0,0,0,0,0,0,0,0,0,0,0,0,0,0,0,0,1,0,0,0,0,0,0,0,0,0,0,0,0,0,0,0,0,0,0,1,0,0,0,1,0,0,0,0,0,0,1,0,0,0,0,0,0,0,0,0,0,0,0,0,0,0,0,0,0,0,1,0,0,0,0,1,1,0,0,0,0,0,0,0,0,0,0,1,2,0,0
0,0,0,0,0,0,0,0,0,2,0,0,0,0,0,0,0,0,0,0,0,0,0,2,0,0,0,0,0,0,0,0,0,0,0,0,0,0,0,0,0,0,0,0,0,0,0,0,0,0,0,1,0,0,0,0,0,0,0,0,0,1,0,1,0,1,0,0,0,0,0,0,0,0,0,0,0,0,0,0,0,0,0,0,0,2,0,0,0,2,0,0,0,0,0,0,0,0,0,0,0,0,0,0,0,0,0,0,0,0,0,0,0,1,0,0,0,0,0,0,1,1,0,0,0,0,0,2,0,0,0,0,0,0,0,0,0,0,0,0,0,0,0,0,0,0,0,0,0,0,0,0,0,0,0,0,0,0,0,0,1,0,0,0,0,0,0,1,0,1,1,0,0,0,0,0,0,0,0,0,0,1,0,1,0,0,0,0,1,0,0,1,1,0,0,0,0,0,0,0,0,0,0,1,0,0,0,0,0,0,0,1,0,0,0,0,0,0,0,0,0,0,0,0,0,0,0,0,0,0,0,0,0,0,0,1,0,0,0,0,0,1,0,1,0,1,0,0,0,0,0,0,0,0,0,0
0,0,0,0,1,0,0,0,1,0,0,0,0,0,0,0,0,0,0,0,0,0,0,0,0,2,0,0,0,0,0,0,1,0,0,1,1,0,1,0,0,0,0,0,0,0,0,0,0,0,0,0,0,0,0,0,0,1,0,0,0,0,0,0,0,2,0,0,0,0,0,0,0,0,0,1,0,0,0,0,0,0,0,2,0,0,0,0,0,0,0,0,0,0,0,0,0,0,1,0,0,0,0,0,0,0,0,0,0,0,0,0,0,1,0,3,0,1,0,0,0,0,0,0,0,1,0,0,0,0,0,0,0,0,1,0,0,0,0,0,0,0,0,0,0,0,0,0,0,0,0,0,0,0,0,0,0,0,0,1,0,0,0,0,0,0,0,0,1,1,0,0,0,0,1,0,0,0,0,0,0,0,0,1,0,0,0,1,3,0,1,1,0,0,0,0,0,0,0,0,0,0,0,0,0,0,0,0,1,0,0,0,0,0,0,0,0,0,0,0,0,0,0,0,0,0,0,0,0,0,0,0,0,0,0,0,0,0,0,0,0,0,0,0,0,0,1,0,0,1,0,0,0,1,1,2
0,0,0,0,0,0,0,0,1,0,0,0,0,0,0,1,0,0,1,1,0,0,0,0,0,1,0,0,0,0,0,0,1,0,0,0,2,0,1,0,0,0,0,0,0,0,1,0,0,0,0,0,0,0,0,1,0,1,0,0,0,0,0,0,0,0,0,0,0,0,1,0,0,0,0,1,0,0,0,0,0,0,0,0,0,0,0,0,0,0,0,0,0,0,0,0,0,0,0,0,0,0,0,0,0,0,0,0,0,0,0,0,0,0,0,0,0,0,0,0,0,0,0,0,0,0,0,0,0,0,0,0,0,0,0,0,0,1,2,0,2,0,0,0,0,0,0,0,0,1,0,0,0,0,0,0,0,0,0,0,0,0,0,0,0,0,0,0,2,1,0,0,0,0,1,0,0,1,0,0,0,0,0,2,0,0,0,1,1,0,1,0,1,0,0,0,3,0,0,0,0,0,0,0,0,0,0,1,0,0,2,0,0,2,1,0,0,0,0,0,0,0,0,0,0,0,0,0,0,0,0,0,0,0,0,0,0,0,0,0,0,0,0,0,0,0,0,0,0,0,0,0,0,0,0,0
0,0,0,0,0,0,0,0,0,0,0,0,0,0,0,0,0,0,0,0,0,0,0,0,0,0,0,0,0,0,0,0,0,0,0,0,0,0,0,0,0,0,0,0,0,0,0,0,0,0,0,0,0,1,0,0,1,0,1,1,0,0,0,0,0,0,0,0,1,2,0,0,0,0,0,0,0,0,0,0,0,1,1,0,1,0,0,0,0,0,0,0,0,0,0,0,0,0,1,0,0,0,0,0,0,0,0,0,0,0,0,0,1,0,0,0,0,0,0,0,0,0,0,0,0,0,1,0,0,0,0,0,0,0,0,0,0,0,0,0,0,0,0,0,0,0,0,0,0,0,0,0,0,0,0,0,0,0,0,0,0,0,0,0,0,1,1,0,0,0,0,0,0,0,0,0,1,0,0,0,0,0,0,0,0,0,0,0,0,0,0,0,0,0,0,0,0,0,0,0,0,1,0,0,0,0,1,0,0,0,0,0,0,0,0,2,0,0,0,0,0,0,0,0,0,0,0,0,0,0,1,0,0,0,0,1,0,0,0,0,0,0,0,0,0,0,2,0,0,0,0,0,0,0,0,0
1,0,0,0,1,0,1,1,0,0,0,0,0,1,0,0,1,0,0,1,0,0,0,0,0,0,0,0,0,0,0,0,0,0,0,0,0,1,0,0,0,0,1,0,0,0,0,0,0,0,1,0,0,0,0,0,0,0,0,0,0,0,0,0,0,0,0,0,0,0,0,0,0,0,0,0,0,0,0,0,1,0,0,1,0,0,1,0,0,0,0,0,0,0,0,0,0,0,0,0,2,2,0,0,0,1,0,1,0,0,0,0,0,1,0,0,0,0,0,0,0,0,0,0,0,0,0,1,0,0,0,0,0,0,0,0,0,0,0,0,0,0,1,0,0,0,0,0,0,0,0,0,0,0,0,0,0,0,0,0,0,0,0,0,0,0,0,0,0,0,0,0,0,0,0,0,0,0,0,0,0,0,0,0,0,0,0,0,0,0,0,0,0,0,0,0,0,0,0,0,0,0,0,0,1,0,0,0,1,0,0,0,0,0,0,1,0,0,0,0,0,0,0,0,0,0,0,0,0,0,0,0,0,0,0,1,0,0,0,0,0,1,0,0,0,0,0,0,0,0,2,0,0,1,1,1
0,0,0,0,0,0,1,0,1,0,0,0,0,0,0,0,0,0,0,0,0,0,0,0,0,1,0,1,0,0,0,0,1,0,0,0,1,0,1,0,1,0,0,0,0,0,2,0,0,1,0,0,0,0,0,0,0,2,0,0,0,0,0,0,0,0,0,0,0,0,0,0,0,0,1,1,0,0,0,0,0,0,0,0,0,0,0,0,0,0,1,0,0,0,0,0,0,0,1,0,0,0,0,1,0,0,0,0,0,0,0,0,0,0,0,1,0,0,1,0,0,0,0,0,0,1,0,0,0,0,0,0,0,0,2,0,0,0,0,0,0,0,0,0,0,0,0,0,0,0,0,0,0,0,0,0,0,0,0,0,0,0,0,0,0,0,0,0,0,1,0,0,0,0,1,0,0,0,0,0,0,0,0,1,0,0,0,1,1,0,1,0,0,0,0,0,0,0,0,0,0,0,0,0,0,0,0,1,0,0,0,0,0,0,0,0,0,0,0,1,0,0,0,0,0,0,0,0,0,0,0,0,0,0,0,0,0,0,0,0,0,0,0,0,0,0,0,0,0,0,0,0,0,1,0,0
1,0,0,0,3,0,0,1,3,0,1,0,0,1,0,0,1,0,0,0,0,0,0,0,0,0,0,0,0,0,0,0,0,0,0,0,3,0,0,0,0,0,0,0,0,0,0,0,0,0,1,0,0,0,0,0,0,3,0,0,0,0,1,0,0,0,0,0,0,0,0,0,0,0,0,0,2,0,0,0,0,0,0,1,0,0,3,0,0,0,0,1,0,0,0,0,0,1,0,0,4,0,0,0,0,2,0,2,0,0,0,0,1,1,0,0,1,0,0,0,0,0,0,0,0,0,0,2,0,1,0,0,0,0,0,0,0,0,0,0,0,0,0,0,0,0,0,0,1,0,0,0,1,0,0,0,0,0,0,0,0,0,0,0,0,0,0,0,0,0,0,0,0,0,0,0,0,0,0,0,0,0,0,0,0,0,0,0,0,0,0,0,1,0,0,0,0,0,0,0,0,0,0,0,1,0,0,0,1,0,0,0,0,0,0,1,0,0,0,0,1,0,0,0,0,0,1,0,0,0,0,0,2,0,0,1,1,0,0,0,0,1,0,0,0,0,0,0,0,0,0,0,1,1,0,0
0,0,0,0,0,0,0,0,1,0,0,0,0,0,0,0,0,0,0,0,0,0,0,0,0,1,0,0,0,0,0,0,1,0,0,0,1,0,1,0,3,0,0,0,0,0,0,0,0,1,1,1,0,0,2,0,0,3,0,0,0,0,0,0,1,0,0,0,1,0,1,0,0,0,0,1,0,0,0,2,0,0,0,0,0,0,0,0,0,0,0,0,0,0,0,0,0,0,3,0,0,0,0,0,0,1,0,0,0,0,0,0,0,0,0,3,0,0,0,0,0,0,0,0,0,0,0,0,0,0,0,0,0,0,1,0,0,0,0,0,0,0,0,0,0,0,0,0,0,0,0,0,0,0,0,0,0,0,0,1,0,0,0,0,0,0,0,0,0,1,0,0,0,0,1,0,0,0,0,0,0,0,0,2,0,0,0,1,1,0,1,0,1,0,0,0,0,0,0,0,0,0,0,0,0,0,0,1,0,0,0,0,0,0,0,0,0,0,0,0,0,0,0,0,0,0,0,0,0,0,0,0,0,0,0,0,0,0,0,0,0,0,0,0,0,0,0,0,0,0,0,0,0,0,0,0
0,0,0,0,0,0,0,0,0,0,0,0,0,2,0,0,0,0,0,0,0,0,0,0,0,0,0,0,0,0,0,0,0,0,0,0,0,0,0,0,0,1,0,0,0,0,0,0,0,0,0,0,0,0,0,0,0,0,0,0,0,0,0,0,0,0,0,0,1,1,2,0,0,0,0,1,0,0,0,1,1,0,0,0,0,0,0,0,0,0,0,0,0,1,0,0,0,0,0,0,1,0,0,0,0,1,0,0,0,0,0,0,1,0,0,0,0,0,0,0,2,0,2,0,0,0,0,0,0,2,2,0,1,0,0,0,0,0,0,1,2,0,2,0,1,1,4,1,0,1,0,0,0,0,2,0,0,0,0,0,0,0,0,0,1,0,0,0,0,0,1,0,0,0,0,0,0,0,0,0,0,0,0,0,0,0,1,0,0,0,0,0,0,0,0,0,0,0,0,0,0,0,0,0,0,0,0,0,0,0,0,0,0,0,0,2,0,0,0,0,0,0,0,0,0,0,0,0,0,0,0,1,0,0,0,0,0,2,0,0,0,0,0,0,0,0,0,0,0,0,0,0,0,1,0,1
1,0,0,0,1,0,0,1,1,0,0,0,0,1,0,0,1,0,0,0,0,0,0,0,1,0,0,0,0,0,0,0,0,0,0,0,0,0,0,0,0,1,0,0,0,0,0,0,1,0,1,0,0,0,1,0,0,0,0,0,0,0,0,0,0,0,0,0,0,0,0,0,0,0,0,0,0,0,1,0,0,0,1,1,1,0,0,0,0,0,0,0,0,0,0,0,0,0,0,0,0,0,0,0,0,1,0,1,0,0,0,0,0,0,0,0,0,0,0,0,0,0,0,0,0,0,0,1,0,0,0,0,0,0,0,0,0,0,0,0,0,0,0,0,0,0,0,1,0,0,0,0,0,0,0,0,0,0,0,0,0,0,0,0,0,0,0,0,0,0,0,0,0,0,0,0,0,0,0,0,0,0,0,0,0,0,0,0,0,0,0,0,0,0,0,0,0,0,1,0,0,0,0,0,1,0,1,0,1,0,0,0,0,0,0,1,0,0,0,0,0,0,0,0,0,0,0,0,0,0,0,0,1,0,0,1,0,0,0,0,0,1,0,0,0,0,1,0,0,2,0,0,1,1,0,0
0,0,0,0,0,0,0,0,0,0,0,0,2,0,0,0,1,0,0,1,1,0,0,0,0,2,3,0,0,0,1,0,1,0,0,1,1,0,1,0,1,0,0,0,1,0,2,2,0,0,0,0,0,0,0,0,0,1,0,0,0,0,1,1,0,0,0,0,0,0,1,0,0,0,1,1,0,0,0,0,0,0,0,0,0,0,0,0,0,0,0,0,1,0,0,0,0,0,3,0,0,0,0,1,0,2,0,0,0,0,0,0,0,0,0,4,0,0,0,0,0,0,0,0,0,0,0,0,0,0,0,0,0,0,0,0,0,0,0,0,0,0,0,0,0,0,0,1,0,0,0,0,0,0,0,0,0,0,0,0,0,0,1,0,0,0,0,0,0,1,0,0,0,0,1,1,0,0,0,0,0,0,0,1,0,0,0,1,1,0,1,0,1,0,0,0,1,0,0,0,0,0,0,0,0,0,0,1,0,0,0,0,0,0,1,0,0,0,0,0,0,0,0,1,0,1,0,0,0,0,0,0,0,0,0,0,0,0,0,0,0,0,0,0,0,0,0,2,0,0,0,0,0,0,1,0
0,0,0,0,0,0,0,1,0,0,0,0,0,0,0,0,0,0,0,0,0,0,0,0,0,0,0,1,0,0,1,0,1,0,0,0,0,0,1,1,0,0,0,0,0,0,0,0,1,0,0,0,0,1,0,0,0,0,0,0,0,0,0,0,0,0,0,0,0,0,0,0,0,0,0,1,0,0,0,0,0,0,0,1,0,0,0,0,1,0,0,0,0,0,0,0,0,0,0,0,0,0,0,0,0,0,0,0,0,0,0,0,0,0,0,0,0,0,0,0,0,0,0,0,0,0,0,1,0,1,0,0,0,0,0,0,0,0,1,0,0,0,0,0,0,0,0,0,0,0,0,0,0,0,0,0,0,1,0,0,0,0,0,0,1,0,0,0,0,1,0,0,0,1,1,0,0,0,0,0,0,0,0,2,0,0,0,1,1,0,1,0,0,0,0,0,2,0,0,0,0,0,0,0,0,0,0,0,1,0,0,0,0,0,0,1,0,0,0,0,0,0,0,0,0,0,0,0,0,0,0,0,0,0,0,1,0,0,0,0,0,0,0,0,0,0,1,0,0,0,1,0,0,1,0,0
0,0,0,0,0,0,0,1,0,0,1,0,0,1,0,1,2,0,0,0,0,0,0,1,0,0,0,1,0,0,0,1,0,3,0,0,0,0,0,1,0,0,0,0,0,0,0,0,0,0,0,0,0,0,0,0,0,0,1,0,0,0,1,0,0,0,0,0,1,0,0,0,0,0,0,0,0,0,0,0,0,0,0,1,0,0,0,1,0,0,0,1,0,0,0,0,0,0,0,0,0,0,0,0,1,0,0,0,0,0,0,0,1,0,0,1,0,0,0,0,0,0,0,1,0,0,0,1,0,0,0,1,0,1,0,1,0,0,0,0,0,0,0,0,0,0,0,1,0,0,0,0,0,0,0,1,0,0,0,0,0,0,0,0,0,0,0,0,0,0,0,0,1,0,0,1,0,0,0,0,0,0,0,0,0,0,0,0,0,0,0,0,0,0,0,0,0,0,0,0,0,0,0,0,0,1,0,0,1,0,0,0,0,0,0,1,0,0,0,0,0,1,0,2,0,0,1,0,0,0,2,0,1,0,0,1,0,0,0,0,0,1,0,0,0,0,1,0,1,0,1,0,0,1,1,0
1,0,0,0,1,0,0,1,0,0,0,0,0,1,0,0,1,0,0,0,0,0,0,0,0,0,0,0,0,0,0,0,0,0,0,0,0,0,0,0,0,0,0,0,0,0,0,0,0,0,1,0,0,0,0,0,1,0,0,0,0,0,0,0,0,0,0,0,1,0,0,0,0,0,0,0,1,0,0,0,0,0,1,1,0,0,0,0,0,0,0,0,0,0,0,0,0,0,0,0,1,0,0,0,0,1,0,1,0,0,0,0,0,0,0,0,0,0,0,0,0,0,0,0,0,0,0,1,0,0,0,0,0,0,0,0,0,0,0,0,0,0,0,0,0,0,0,0,0,0,0,0,0,0,0,0,0,0,0,0,0,0,0,0,0,0,0,0,0,0,0,0,0,0,0,0,0,0,0,0,0,0,0,0,0,0,0,0,0,0,0,0,0,0,0,0,0,0,0,0,0,0,0,0,1,0,0,0,1,0,0,0,0,0,0,1,0,0,0,0,0,0,0,0,0,0,0,0,0,0,0,0,0,0,0,1,0,0,0,0,1,1,0,1,0,0,0,0,0,0,0,0,0,2,0,0
0,0,0,0,0,0,1,0,1,0,0,0,0,0,0,0,0,0,0,0,0,0,0,0,0,1,0,0,0,0,0,0,1,0,0,0,1,0,1,0,1,0,0,0,0,0,0,1,0,0,0,0,0,0,0,0,0,0,0,0,0,0,0,0,0,0,0,0,0,0,1,0,0,0,0,1,0,1,0,0,0,0,0,0,0,0,0,0,0,0,1,0,0,0,0,0,0,0,0,0,0,0,0,0,0,0,0,0,0,0,0,0,0,0,0,0,0,0,0,0,0,0,0,0,0,0,0,0,0,0,0,0,0,0,0,0,0,0,0,0,0,0,0,1,0,0,0,0,0,0,0,1,0,0,0,0,0,0,0,0,0,0,0,0,0,0,0,0,0,1,0,0,0,0,1,0,0,0,0,0,1,0,0,2,0,0,0,1,1,0,1,0,1,0,0,0,0,0,0,0,0,0,0,0,0,0,0,1,0,0,0,0,0,0,0,0,0,0,0,0,0,0,0,0,0,0,0,0,0,0,0,0,0,0,0,0,0,0,0,0,0,0,0,0,0,0,0,0,0,0,0,0,0,0,0,0
1,0,0,0,1,0,0,1,0,0,1,0,0,1,0,0,1,0,0,0,0,0,0,0,0,0,0,0,0,0,0,0,0,0,0,0,0,0,0,0,0,0,0,0,0,0,0,0,0,0,1,0,0,0,0,0,0,0,0,0,0,0,0,0,0,0,0,0,0,0,0,0,0,0,0,0,0,0,0,0,0,0,0,1,0,0,0,0,0,0,0,0,0,0,0,0,0,0,1,0,4,0,0,0,0,1,0,1,0,0,0,1,0,0,0,0,0,0,0,0,0,0,0,0,0,0,1,1,0,0,0,0,0,0,0,0,0,0,0,0,0,0,0,0,0,0,0,0,0,0,1,0,1,0,0,0,1,0,0,2,0,0,0,0,0,0,0,0,0,0,0,0,0,0,0,0,0,0,0,0,0,0,0,0,1,0,0,0,0,0,0,1,0,0,0,0,0,0,4,0,0,0,0,0,3,0,0,0,1,0,0,4,0,0,0,1,0,0,0,0,0,0,0,3,0,0,1,0,0,0,0,0,0,0,0,1,0,0,0,0,1,1,0,0,0,0,0,0,0,1,0,0,0,2,0,0
0,0,0,0,1,0,0,1,1,0,0,0,0,0,0,0,1,0,0,0,0,0,0,0,0,0,0,0,0,0,0,0,1,0,0,0,0,1,0,0,0,0,0,0,0,0,1,1,0,0,0,0,0,0,0,0,0,0,0,0,0,0,0,0,0,0,1,0,0,0,0,0,0,0,0,0,0,0,0,0,0,0,0,1,0,0,1,0,0,0,0,0,0,0,0,0,0,0,0,0,2,0,0,0,0,0,0,0,0,0,1,0,2,0,0,0,0,0,0,0,0,0,0,3,0,0,0,1,0,0,0,0,0,0,0,0,0,0,0,0,0,0,0,0,0,0,0,0,0,0,0,0,0,0,0,0,0,0,0,0,0,0,0,0,1,1,0,0,0,0,0,1,0,0,0,0,0,0,0,0,0,0,0,0,0,0,0,0,2,0,0,0,0,0,0,0,0,0,0,0,0,0,0,0,0,0,0,0,1,0,0,0,0,0,0,1,0,0,0,0,0,1,0,0,0,0,0,0,0,0,0,0,0,0,0,1,1,0,0,0,0,1,0,0,0,0,0,0,0,0,0,0,0,1,0,0
0,0,0,0,0,0,0,0,1,0,0,0,0,0,0,0,0,0,0,0,0,0,0,0,0,1,0,1,0,0,0,0,1,0,0,0,1,0,1,0,0,0,0,0,0,0,0,1,0,0,0,1,0,0,0,0,0,0,0,0,0,1,0,0,1,0,0,0,0,0,1,0,0,0,0,1,0,0,1,0,0,0,0,0,0,0,0,0,1,0,0,0,0,0,0,0,0,0,0,0,0,0,0,0,0,0,0,0,0,0,0,0,0,0,0,0,0,0,0,0,0,0,0,0,0,0,0,0,0,0,0,0,0,0,0,0,0,0,0,0,0,0,0,0,0,0,0,0,0,0,0,0,0,0,0,0,0,0,0,0,0,0,1,0,0,0,0,0,0,1,0,0,0,0,1,0,0,0,0,0,0,0,0,1,0,0,0,1,1,0,1,0,1,0,0,0,1,0,0,0,0,0,0,0,0,0,0,1,0,0,0,0,0,0,0,0,0,0,0,0,0,0,0,0,0,0,0,0,0,0,0,0,0,0,0,0,0,0,0,0,0,0,0,0,0,0,0,0,0,0,0,0,0,0,0,0
1,0,0,0,1,0,0,1,0,0,0,0,0,1,0,0,1,0,0,0,0,0,0,0,0,0,0,0,0,0,0,0,0,0,0,0,0,0,0,0,0,0,0,0,0,0,0,0,0,0,1,1,0,0,0,0,0,1,0,0,0,0,0,0,0,0,0,0,0,0,0,0,0,0,0,0,1,0,0,0,0,0,0,1,0,0,2,0,0,0,0,0,0,0,0,0,0,0,0,0,3,1,0,0,0,2,0,1,0,0,0,0,0,1,0,0,0,0,0,0,0,0,0,0,0,0,0,1,0,1,0,0,0,0,0,0,0,0,0,0,0,0,0,0,0,0,0,0,0,0,0,0,0,0,0,0,0,0,0,0,0,0,0,0,0,0,0,0,0,0,0,0,0,0,0,0,0,0,0,0,0,0,0,0,0,1,1,0,0,0,0,0,0,0,0,0,0,0,0,0,0,0,0,0,1,0,0,0,1,0,0,0,0,0,0,1,0,0,1,1,0,0,0,0,0,0,1,0,0,0,0,0,0,0,0,1,0,0,0,0,0,1,0,0,0,1,0,2,0,0,0,0,3,2,0,0
0,0,0,0,0,0,0,0,0,0,0,0,0,1,0,0,0,0,0,0,0,0,0,0,0,0,0,0,0,0,0,0,3,0,0,0,0,0,0,1,0,0,0,0,0,1,0,0,0,0,0,0,0,0,1,0,0,3,0,0,1,0,0,0,0,0,0,0,0,0,0,0,0,0,0,1,0,0,0,0,0,0,0,0,0,0,0,0,0,0,0,0,0,0,0,0,0,0,0,0,0,0,0,3,0,0,0,0,0,0,1,0,0,0,0,0,0,0,1,2,0,0,0,0,0,2,0,0,0,0,0,0,0,0,0,0,0,0,0,0,0,1,0,0,0,0,0,0,0,0,0,0,0,0,0,0,0,0,0,0,0,0,0,0,0,0,0,0,0,0,0,0,0,1,0,0,0,0,1,0,0,0,0,0,0,0,0,0,0,0,0,0,0,0,0,0,0,0,0,0,0,0,0,0,0,0,0,1,0,0,0,0,0,0,0,0,0,0,0,0,0,1,0,0,0,0,2,0,0,0,0,0,0,0,0,0,0,1,0,0,0,0,0,3,0,0,0,0,0,0,0,0,0,0,0,0
1,0,0,0,0,0,0,1,0,0,0,0,0,1,0,0,1,0,0,0,0,0,0,0,0,0,0,1,0,0,0,0,0,0,0,0,0,0,0,1,0,1,0,2,0,0,0,0,0,0,1,0,1,0,0,0,0,3,0,0,0,0,0,0,0,0,0,0,0,0,0,0,0,0,0,0,0,0,0,0,0,0,0,1,0,0,0,0,0,0,0,0,0,0,0,0,0,0,0,0,3,0,0,0,0,1,0,1,0,0,0,0,0,1,0,0,0,0,0,0,0,0,0,0,0,0,0,2,0,0,0,0,0,0,0,0,0,0,0,0,0,0,0,0,0,1,0,0,1,0,0,0,0,0,0,0,0,0,0,0,0,1,0,0,1,0,0,0,0,0,0,0,0,0,0,0,0,0,0,1,0,0,0,0,0,1,0,0,0,0,0,0,0,0,0,0,0,1,1,1,0,0,0,0,1,0,0,0,1,0,0,0,0,1,0,1,0,0,0,0,0,0,0,0,0,0,0,0,0,0,0,0,1,0,0,1,0,0,0,0,0,1,0,0,0,0,0,0,0,0,0,0,0,1,0,0
1,0,0,0,0,0,0,1,0,0,0,0,0,1,0,0,1,0,0,0,0,0,0,0,0,0,0,0,0,0,0,0,0,0,0,0,0,0,0,0,0,0,0,0,0,0,0,0,0,0,1,0,0,0,0,0,0,0,0,0,0,0,0,0,0,0,0,0,0,0,0,0,0,0,0,0,0,0,0,1,0,0,0,1,0,0,0,0,0,0,0,0,0,0,0,0,0,0,0,0,1,0,0,0,0,1,0,1,0,0,0,0,0,0,0,0,0,0,0,0,0,0,0,1,0,0,0,1,0,0,0,0,0,0,0,0,0,0,0,0,0,0,0,0,0,0,0,0,0,0,0,0,0,0,0,0,0,0,0,0,0,0,0,0,0,0,0,0,0,0,0,0,0,0,0,1,0,0,0,0,0,0,0,0,0,0,0,0,0,0,0,0,0,1,0,0,0,0,0,0,0,0,0,0,1,0,0,0,1,0,0,0,0,0,1,2,0,0,0,1,0,0,0,0,0,0,0,0,0,0,0,0,0,0,0,1,0,0,0,0,0,1,0,0,0,0,0,1,0,0,0,0,0,1,0,0
1,0,0,0,1,0,0,1,0,0,1,0,0,1,0,0,1,0,0,0,0,0,0,0,0,0,0,0,0,0,0,0,0,0,0,0,0,0,0,0,0,0,0,0,0,0,0,0,0,0,1,0,0,0,0,0,0,0,0,0,0,0,0,0,0,0,0,0,0,0,0,0,0,0,0,0,0,0,0,0,0,0,0,1,0,0,0,0,0,0,0,0,0,0,0,0,0,0,0,0,2,0,0,0,0,1,0,1,0,0,0,0,0,1,0,0,1,0,0,0,0,0,0,0,0,0,0,1,0,2,0,0,0,0,0,0,0,0,2,0,0,0,0,0,0,0,0,0,0,0,0,0,1,0,0,0,0,0,0,0,0,0,0,0,0,0,0,0,0,0,0,0,0,0,0,0,0,0,0,0,0,0,0,0,0,0,0,0,0,0,0,0,0,0,0,0,0,1,0,0,0,0,0,0,2,0,0,0,1,0,0,0,0,0,0,1,0,0,0,0,0,0,0,0,0,0,0,0,0,0,1,0,0,0,0,1,0,0,0,0,0,1,0,0,0,0,0,0,0,2,0,0,0,2,0,0
1,1,0,0,1,0,0,1,0,1,1,0,0,1,0,0,1,0,0,0,0,0,0,0,0,0,0,0,0,0,0,0,0,0,0,0,0,0,0,0,0,2,0,0,0,0,0,0,1,0,1,0,0,0,0,2,0,0,0,0,0,0,0,0,0,0,0,0,0,0,0,0,0,0,0,0,0,0,0,0,0,0,0,1,0,0,0,0,0,0,0,0,0,0,0,0,0,0,0,1,3,2,0,0,0,1,0,1,0,0,0,3,0,0,0,0,0,0,0,0,0,0,0,0,0,0,0,1,0,0,0,0,0,0,0,0,0,0,0,0,1,0,0,0,0,0,0,2,0,0,2,0,0,0,0,0,0,1,0,0,0,0,0,0,0,0,0,0,0,0,0,0,0,0,0,0,0,0,0,0,0,0,1,0,0,0,0,0,0,0,0,0,0,0,0,0,0,0,0,0,0,0,0,0,1,0,1,0,5,1,0,0,0,0,1,3,0,0,0,0,0,0,0,3,0,0,0,0,0,0,0,0,0,0,0,1,0,0,0,0,0,1,0,0,0,0,3,0,0,0,0,0,0,1,1,0
1,0,0,0,1,0,0,1,0,0,0,0,0,1,0,0,1,0,0,0,0,0,0,0,0,0,0,0,0,0,0,0,0,0,0,0,0,1,0,0,0,4,0,0,0,0,0,0,2,0,1,0,0,0,0,0,0,1,0,0,0,0,0,0,0,0,0,0,1,0,0,0,0,1,0,0,1,0,0,0,2,0,0,1,3,0,0,0,0,0,0,0,0,0,0,0,0,1,0,0,0,0,0,0,0,1,0,1,0,0,1,0,0,0,0,0,0,0,0,0,0,0,0,0,0,0,0,1,0,0,0,0,2,0,0,0,0,1,0,0,0,0,0,0,0,0,0,2,0,0,4,0,0,0,0,0,0,0,0,0,0,0,0,0,0,0,0,0,0,0,0,0,0,0,0,0,0,0,0,0,0,0,0,0,0,0,0,0,0,0,0,0,0,0,0,0,0,0,1,0,0,0,0,0,1,0,0,0,1,0,0,0,0,0,0,1,0,0,1,0,0,0,0,0,0,0,0,0,1,0,0,0,0,0,0,1,0,0,0,0,0,1,0,0,0,0,1,0,0,0,1,0,0,1,0,0
0,0,0,0,0,0,0,0,0,0,0,0,0,0,0,0,0,0,0,1,0,0,0,0,0,1,1,0,0,0,1,0,1,0,0,0,1,0,1,0,0,0,0,0,0,0,0,0,0,0,0,0,0,0,0,0,0,0,0,0,0,0,0,0,0,0,0,0,0,0,1,0,0,0,0,1,0,0,0,0,0,0,0,0,0,0,0,0,1,0,0,0,0,0,0,0,0,0,0,0,0,0,0,0,0,0,0,0,0,0,0,0,0,0,0,0,0,0,0,0,0,0,0,0,0,0,0,0,0,0,0,0,0,0,0,0,0,0,0,0,0,0,1,0,0,0,0,1,0,0,0,0,0,0,0,0,0,0,0,2,0,0,0,0,0,0,0,0,0,1,0,0,0,0,1,0,0,0,0,0,0,0,0,1,0,0,0,1,1,0,1,0,1,0,0,0,1,0,0,0,0,0,0,0,0,0,0,1,0,0,0,0,0,0,0,0,0,0,0,0,0,0,0,1,0,0,0,0,0,0,0,0,0,0,0,0,0,0,0,0,0,0,0,0,0,0,0,0,0,0,0,0,0,0,0,0
0,0,0,0,0,0,0,0,1,0,0,0,0,0,0,0,0,0,0,0,0,0,0,0,0,1,0,0,0,0,0,0,1,0,0,0,1,0,1,0,0,0,0,0,0,0,1,0,1,0,0,0,0,0,0,0,0,0,0,0,0,0,0,0,0,0,0,0,0,0,1,0,0,0,0,1,0,0,0,0,0,0,0,0,0,0,0,0,0,0,0,0,0,0,0,0,0,0,0,0,0,0,0,0,0,0,0,0,0,0,0,0,0,0,0,1,0,0,1,0,0,0,0,0,0,0,0,0,0,0,0,0,0,0,0,0,0,0,0,0,0,0,0,0,0,0,0,0,0,0,0,0,0,0,0,0,0,0,0,0,0,0,1,0,0,0,0,0,0,1,0,0,0,0,1,1,0,0,0,0,0,0,0,2,0,0,0,1,1,0,1,0,1,0,0,0,1,0,0,0,0,0,0,0,0,0,0,1,0,0,1,0,0,0,0,0,0,0,0,0,0,0,0,0,0,0,0,0,0,0,0,0,0,0,0,0,0,0,0,0,0,0,0,0,0,0,0,0,0,0,0,0,0,0,0,0
0,0,0,0,1,0,0,1,0,0,0,0,0,0,0,0,0,0,0,0,0,0,0,0,0,1,0,0,0,0,0,0,1,0,0,0,1,0,1,0,1,0,0,0,0,0,1,0,0,0,0,0,0,1,0,0,0,1,0,0,0,0,0,0,0,0,0,0,0,0,0,0,0,0,0,1,0,0,0,0,0,0,0,2,0,0,0,0,0,0,1,0,0,0,0,0,0,0,1,0,0,0,0,0,0,0,0,0,0,0,0,0,0,0,0,1,0,0,0,0,0,0,0,0,0,0,0,0,0,0,0,0,0,0,0,0,0,0,1,0,0,0,0,0,0,0,0,0,0,0,0,0,0,0,0,0,0,0,0,1,0,0,0,0,1,0,0,0,0,1,0,0,0,0,1,0,0,0,0,0,1,0,0,1,0,0,0,1,1,1,1,0,0,0,0,0,0,0,0,0,0,0,0,0,0,0,0,0,1,0,0,0,0,0,0,0,0,0,0,0,0,0,0,0,0,0,0,0,0,0,0,0,1,0,0,1,0,0,0,0,0,0,0,0,0,0,0,0,0,0,0,0,0,2,0,0
0,0,0,0,0,0,0,0,1,0,0,0,0,0,0,0,0,0,0,0,0,0,1,0,0,2,0,0,0,0,0,0,1,0,0,0,1,0,1,0,0,0,0,0,0,0,0,0,0,0,0,0,0,0,0,0,0,0,0,0,0,1,0,0,0,0,0,0,0,0,0,0,0,0,0,1,0,0,1,0,0,0,0,0,0,0,0,0,1,0,1,0,0,0,0,0,0,0,0,0,0,0,0,0,0,0,0,0,0,0,0,0,0,0,0,0,0,0,0,0,0,0,0,0,0,0,0,0,0,0,0,0,0,0,0,0,0,0,3,0,0,0,2,0,0,0,0,1,0,0,0,0,0,0,0,0,0,0,0,0,0,0,0,0,0,0,0,0,2,1,0,0,0,0,1,0,0,0,0,0,0,0,0,1,0,0,0,1,1,0,1,0,1,0,0,0,2,0,0,0,0,0,0,0,0,0,0,1,0,0,0,0,0,0,2,0,0,0,0,0,0,0,0,0,0,0,0,0,0,0,0,0,0,0,0,0,0,0,0,0,0,0,0,0,0,0,0,0,0,0,0,0,0,0,0,0
1,0,0,0,1,0,0,1,0,0,0,0,0,1,0,0,1,0,0,0,0,0,0,0,0,0,0,0,0,0,0,0,1,0,1,0,0,0,0,0,0,0,0,0,0,0,0,0,0,0,2,0,0,1,0,0,1,1,0,0,0,0,0,0,0,0,0,0,0,0,1,0,0,0,0,0,0,0,0,0,0,1,1,1,0,0,0,0,0,0,0,0,0,0,0,0,0,0,1,0,3,0,0,0,0,1,0,1,0,0,0,0,1,0,0,0,0,0,0,0,0,0,0,1,0,0,1,1,0,0,0,0,0,0,0,0,0,0,0,0,1,0,0,0,0,0,0,0,0,0,0,0,0,0,0,0,0,0,0,0,0,0,0,0,0,0,1,0,0,0,0,0,0,0,0,0,0,0,0,0,0,1,0,0,0,0,0,0,0,0,0,0,0,0,0,0,0,0,0,0,0,0,0,0,1,0,0,0,1,0,0,0,0,0,0,2,0,0,0,0,0,0,0,0,0,0,0,0,0,0,0,0,0,0,0,2,0,0,0,0,0,1,0,2,0,0,0,0,0,0,0,0,0,2,0,0
1,0,0,0,1,0,0,1,0,0,0,0,0,1,0,0,1,0,0,0,0,0,0,0,0,0,0,0,0,0,0,0,0,0,0,0,0,0,0,0,0,0,0,1,0,0,0,0,0,0,1,0,0,0,0,0,0,0,0,0,0,0,0,0,0,0,0,0,0,0,0,0,0,0,0,0,0,0,0,0,0,0,1,1,0,0,0,0,0,0,1,0,0,0,0,0,0,0,1,0,2,0,0,0,0,1,0,1,0,0,0,0,0,0,0,0,0,0,0,0,0,0,0,0,0,0,0,1,0,0,0,0,0,0,0,0,0,0,0,0,0,0,0,0,0,0,0,0,0,0,0,0,0,0,0,0,0,0,0,0,0,0,0,0,0,0,0,0,0,0,0,0,0,0,0,0,0,0,0,0,0,0,0,0,0,0,0,0,0,0,0,0,0,0,0,2,0,0,2,0,0,0,0,0,1,0,1,0,1,0,0,0,0,0,1,1,0,0,0,0,0,0,0,0,0,0,0,0,0,0,0,0,0,0,0,2,0,0,0,0,0,1,0,0,0,0,0,0,0,1,0,0,2,1,0,0
1,0,0,0,1,0,0,1,0,0,0,0,0,1,0,0,1,0,0,0,0,0,0,0,0,0,0,0,0,0,0,0,0,0,0,0,0,0,1,0,0,0,0,0,0,0,0,0,1,0,1,0,0,0,0,1,0,2,0,0,0,0,0,0,0,0,0,0,0,0,0,0,0,0,0,0,0,0,0,0,0,0,0,1,0,0,0,0,0,0,0,0,0,0,0,0,0,0,0,0,2,0,0,0,0,1,0,1,0,0,0,0,0,2,0,0,0,0,0,0,0,0,0,0,0,2,1,1,0,0,0,0,0,0,0,0,0,0,0,0,0,0,0,0,0,0,0,0,0,0,0,0,0,0,0,0,0,0,0,0,0,0,0,0,0,0,0,0,0,0,0,0,0,0,0,0,0,0,0,0,0,0,0,0,0,0,0,0,0,0,0,0,0,0,0,0,0,0,0,0,0,0,0,0,1,1,0,0,1,0,0,0,0,0,0,1,0,0,0,0,0,0,0,0,0,0,1,0,0,0,0,0,0,0,0,1,0,0,0,0,0,1,0,0,0,0,0,0,0,0,0,0,0,2,0,1
1,2,0,0,1,0,1,1,0,0,0,0,0,1,0,0,1,0,0,0,0,0,0,0,0,0,0,0,0,0,0,0,0,0,0,0,0,0,0,0,0,0,0,0,0,0,0,3,0,0,1,0,0,0,0,0,0,3,0,0,0,0,0,0,0,0,0,0,0,0,0,0,0,0,0,0,0,0,0,0,0,0,0,1,0,0,0,0,0,0,0,0,0,0,0,0,0,0,0,0,0,2,0,0,0,1,0,1,0,0,3,0,0,3,0,1,0,0,0,0,0,0,0,0,0,0,0,1,1,0,0,0,0,0,2,0,0,0,0,0,0,0,0,0,0,0,0,0,0,0,0,0,1,0,0,0,0,0,0,0,0,0,0,0,0,0,0,0,0,0,0,0,0,0,0,0,0,0,0,0,0,0,0,0,0,0,0,0,0,0,0,0,0,0,0,0,0,0,0,0,0,0,0,0,1,0,0,0,1,0,0,0,0,0,0,1,0,0,0,0,0,0,0,0,0,0,1,0,0,0,0,0,0,0,0,1,0,0,0,0,0,1,0,0,0,0,0,0,0,1,0,0,0,1,0,0
1,0,0,0,1,0,0,1,0,0,0,0,0,1,0,0,1,0,0,0,0,0,0,0,1,0,0,0,0,0,0,0,0,0,0,0,2,0,0,0,0,0,0,0,0,0,0,0,0,0,1,0,0,0,0,0,0,0,0,0,0,0,0,0,0,0,0,0,0,0,0,0,0,0,0,0,1,0,1,0,0,0,1,1,1,0,0,0,0,0,0,0,0,0,0,0,0,1,0,0,2,0,0,0,0,2,0,1,0,0,0,1,0,1,0,0,0,0,0,0,0,1,0,0,0,0,1,1,0,1,0,0,0,0,0,0,0,0,0,0,0,0,0,0,0,0,0,0,0,0,0,0,1,0,0,0,0,0,0,0,0,0,0,0,0,0,0,0,0,0,0,0,0,0,0,0,0,0,0,0,0,0,0,0,0,0,0,0,0,0,0,0,0,0,0,0,0,0,0,0,1,0,0,0,1,0,0,0,1,0,0,0,0,0,0,1,0,0,0,0,1,0,0,1,0,0,0,0,0,0,0,0,0,0,0,1,0,0,0,0,0,1,0,0,0,0,2,0,0,1,0,0,1,1,0,0
2,0,0,0,1,0,0,1,0,1,0,0,0,1,0,0,1,0,0,0,0,0,0,0,0,0,0,0,0,0,0,0,0,0,0,0,0,0,0,0,0,0,0,1,0,0,0,0,0,0,1,0,0,0,0,0,0,0,0,0,0,1,0,0,0,0,0,0,0,0,0,0,0,0,0,0,0,0,0,0,0,0,0,1,0,0,0,0,0,0,0,0,0,0,0,0,0,0,0,0,0,0,0,0,0,1,0,1,0,0,0,0,0,0,0,0,0,0,0,0,0,0,0,0,0,0,0,1,0,0,0,0,0,0,0,0,0,0,0,0,0,0,0,0,0,0,0,0,0,0,0,0,0,0,0,0,0,0,0,0,0,0,0,0,0,0,0,0,0,0,0,0,0,0,0,0,0,0,0,0,0,0,0,0,0,0,0,0,0,0,0,0,0,0,0,1,0,1,0,0,0,0,0,0,1,0,0,0,1,0,0,0,0,0,0,1,0,0,0,0,0,0,0,0,0,0,0,0,0,0,0,0,0,0,0,1,0,0,0,0,0,1,0,0,0,0,1,0,0,1,0,0,0,1,0,0
0,0,0,0,0,0,1,1,0,0,0,0,0,1,0,0,0,0,0,0,0,0,0,0,0,0,1,0,0,0,0,0,0,0,0,0,0,0,0,0,0,0,0,0,0,0,0,0,0,0,0,0,0,0,0,0,0,0,0,0,0,0,0,0,0,0,0,0,0,1,0,0,0,0,0,1,0,0,0,0,0,0,0,0,0,0,0,0,0,0,0,0,0,1,0,0,0,0,0,0,0,0,0,0,0,0,0,0,0,0,0,0,0,0,0,0,0,0,0,0,0,0,1,0,0,0,0,1,0,2,3,0,1,0,0,0,0,0,0,0,0,0,1,0,0,1,0,1,0,0,0,0,0,0,0,0,0,0,0,0,0,0,1,0,1,0,0,0,0,0,1,0,0,0,0,0,0,0,0,0,0,0,0,0,0,0,1,0,0,0,0,0,0,0,0,0,1,0,0,0,0,0,0,0,0,0,0,0,0,0,0,0,0,0,0,1,0,0,0,0,0,2,0,0,0,0,0,0,0,0,0,0,0,0,0,0,0,3,0,0,0,0,0,0,0,0,1,0,0,0,0,0,0,1,0,1
1,0,0,0,0,0,0,1,0,0,0,0,0,1,0,0,1,0,0,0,0,0,0,0,0,0,0,1,0,0,0,0,1,0,0,0,0,0,0,0,0,2,0,0,0,0,0,1,0,0,1,0,0,0,0,1,1,2,0,0,0,0,0,0,0,0,0,0,0,0,0,0,0,0,0,0,0,0,1,0,0,0,4,0,0,0,1,0,0,0,0,3,2,0,0,0,0,0,1,0,5,0,0,0,0,1,0,1,0,0,0,3,1,1,0,0,0,0,0,0,0,0,0,0,0,1,0,1,0,0,0,0,0,0,0,0,0,0,0,0,0,0,0,0,0,0,0,0,0,0,0,0,0,0,0,0,0,0,0,0,0,0,0,0,0,0,0,0,0,0,0,1,0,1,0,2,0,0,0,0,0,0,0,0,0,0,0,0,0,0,0,0,0,0,0,0,0,0,0,0,0,0,0,0,1,0,0,0,1,0,0,1,0,0,0,2,0,0,2,0,0,0,0,0,0,0,0,0,0,0,0,0,0,0,0,1,0,1,0,0,0,1,0,0,0,0,0,0,0,0,1,0,0,1,0,0
0,0,0,0,1,0,0,1,0,0,0,0,0,0,0,0,1,0,0,0,0,0,0,0,0,0,0,0,0,0,0,0,0,0,0,0,0,0,1,0,0,0,0,0,0,0,0,0,0,0,0,0,0,0,0,0,0,1,0,0,0,0,0,0,0,0,0,0,0,0,0,0,1,0,0,1,1,1,0,0,0,0,0,1,0,0,1,0,0,0,0,0,0,0,0,0,0,0,0,0,0,0,0,0,0,0,0,0,0,0,0,0,0,0,0,0,0,0,0,0,0,0,0,0,0,0,0,1,0,0,0,0,0,0,0,0,0,0,0,0,0,0,0,0,0,0,0,0,0,0,0,0,0,0,0,0,0,0,0,0,0,0,0,0,0,0,0,0,0,1,0,0,0,0,1,0,0,0,0,0,0,0,0,1,0,0,0,1,0,0,1,0,0,0,0,0,0,0,0,0,0,0,0,0,0,1,0,0,1,0,0,0,0,0,0,1,0,0,0,0,0,0,0,0,0,0,0,0,0,0,0,0,0,0,0,1,0,0,0,0,0,1,0,0,0,0,1,0,0,0,0,0,0,1,0,0
0,0,0,0,1,0,0,1,0,0,0,0,0,0,0,0,1,0,0,0,0,0,0,0,0,0,0,0,0,0,0,0,0,0,0,0,0,0,1,0,0,0,0,0,0,0,0,0,0,0,0,0,0,0,0,0,0,0,0,0,0,0,0,0,0,0,0,0,0,0,0,0,0,0,2,0,0,2,0,0,0,0,0,1,0,0,0,0,0,0,0,0,0,0,0,0,0,0,0,0,2,0,0,0,0,1,0,0,0,0,0,0,0,2,0,0,0,0,0,0,0,0,0,0,0,0,0,1,0,1,0,0,0,0,0,0,0,0,0,0,0,0,1,0,0,0,0,0,0,0,0,0,0,0,0,0,0,0,0,0,0,0,0,0,0,0,0,0,0,1,0,0,0,0,1,0,0,0,0,0,0,0,0,0,0,0,0,0,0,0,1,0,0,0,0,0,0,1,0,0,0,0,0,0,1,0,0,0,1,0,0,0,0,0,0,1,0,0,0,0,0,0,0,0,0,0,0,0,0,0,0,0,0,0,0,1,0,0,0,0,1,1,0,0,0,0,0,0,0,2,1,0,0,1,1,0
1,0,0,0,1,0,0,1,0,0,0,0,0,1,0,0,1,0,0,0,0,0,0,0,0,0,0,0,0,0,0,0,0,0,0,0,0,0,0,2,0,0,0,0,0,0,0,0,0,0,1,2,0,0,0,0,0,1,0,0,0,0,0,0,0,0,0,0,0,0,1,0,0,0,0,0,0,0,1,0,1,0,2,1,0,0,0,0,0,0,0,0,0,0,0,0,0,0,0,0,2,0,0,0,0,1,0,1,0,0,0,1,0,0,0,0,0,0,0,0,0,0,0,0,0,0,0,1,0,0,0,0,0,0,0,0,0,0,0,0,0,0,0,0,0,0,0,0,0,0,0,0,0,0,0,0,0,0,0,0,0,0,0,0,0,0,0,0,0,0,0,0,0,0,0,0,0,0,0,0,0,0,0,0,0,0,0,0,0,0,0,0,0,0,0,0,0,0,0,0,0,0,0,0,1,0,0,0,1,0,0,0,0,0,0,1,0,0,0,0,0,0,0,0,0,0,1,0,0,0,0,0,0,0,0,1,0,0,0,0,0,1,0,0,0,0,0,0,0,1,0,0,1,1,0,0
1,0,0,0,1,0,0,1,1,0,0,0,0,1,0,0,2,0,0,0,0,0,0,0,0,0,0,0,0,0,0,0,0,0,0,0,0,0,0,0,0,0,0,0,0,0,0,0,0,0,1,0,0,0,0,0,0,0,0,0,0,0,0,0,0,0,0,0,0,0,0,0,0,0,0,0,0,0,0,0,1,0,0,1,0,0,1,0,0,0,0,0,0,0,0,0,0,0,0,0,1,0,0,0,0,1,0,1,0,0,0,0,0,1,0,0,0,0,0,0,0,0,0,0,0,0,0,2,0,0,0,0,0,0,0,0,0,0,0,0,0,0,0,0,0,0,0,0,0,0,0,0,0,0,0,0,0,0,0,0,0,0,0,0,0,0,0,0,0,0,0,0,0,0,0,1,0,0,0,0,0,0,0,0,0,0,0,0,0,0,0,0,0,0,0,0,0,0,0,0,0,0,0,0,1,0,0,0,1,0,0,0,0,0,0,1,0,0,0,0,0,0,0,0,0,0,0,0,0,0,0,0,0,0,0,1,0,0,0,0,0,1,0,0,0,0,0,0,0,0,0,0,0,1,0,0
1,0,0,0,0,0,0,1,0,0,1,0,0,1,0,0,1,0,0,0,0,0,0,0,0,0,0,1,0,0,0,0,1,0,0,0,1,0,0,0,0,0,0,0,0,0,0,0,0,0,1,0,1,0,0,0,0,1,0,0,0,0,0,0,0,0,0,0,0,0,0,0,0,1,0,0,0,0,1,0,0,0,0,1,0,0,1,0,0,0,0,0,0,0,0,0,0,0,0,0,2,0,0,0,0,1,0,1,1,0,0,0,0,0,0,0,1,0,0,0,0,0,0,0,0,0,0,1,0,0,0,0,0,0,0,0,0,0,0,0,0,0,0,0,0,0,0,0,0,0,0,0,0,0,0,0,0,0,0,0,0,0,0,0,0,0,0,0,0,0,0,0,0,0,0,1,0,0,0,0,0,0,0,0,0,0,1,0,0,0,0,0,0,0,0,0,0,0,0,0,0,0,0,0,1,0,0,0,1,0,0,0,0,0,0,1,0,0,0,0,0,0,0,0,0,0,0,0,0,0,0,0,0,0,0,1,0,0,0,0,0,1,0,0,0,0,0,1,0,0,0,0,1,1,0,0
1,0,0,0,1,0,0,1,0,0,0,0,0,1,0,0,1,0,0,0,0,0,0,0,0,0,0,0,0,0,0,0,0,0,0,0,0,0,0,0,0,0,0,0,0,0,0,0,0,0,1,0,0,0,0,0,0,0,0,0,0,0,0,0,0,0,0,0,0,0,0,0,0,0,0,0,0,1,0,0,0,1,0,1,0,1,1,0,0,0,0,0,0,0,0,0,0,0,1,0,2,0,0,0,0,1,0,1,0,0,0,1,1,0,0,0,0,0,0,0,0,0,0,0,0,0,0,1,0,0,0,1,0,0,1,0,0,0,0,0,0,0,0,0,0,0,0,0,0,0,0,0,0,0,0,0,0,0,0,0,0,0,0,0,0,0,0,0,0,0,0,0,0,0,0,0,0,0,0,0,0,0,0,0,0,0,0,0,0,0,0,0,0,0,0,0,0,0,0,0,0,0,0,0,1,0,0,0,1,0,0,0,0,0,0,1,0,0,0,0,0,0,0,0,0,0,0,0,0,0,1,0,0,0,0,1,0,1,0,0,0,2,0,0,0,0,1,0,0,0,0,0,0,2,0,0
1,0,0,0,1,0,0,1,0,0,0,0,0,1,0,0,1,0,0,0,0,0,0,0,0,0,0,0,0,0,0,0,0,0,0,0,0,0,0,0,0,0,0,0,0,0,0,0,0,0,1,0,0,0,0,0,0,1,0,0,0,0,0,0,0,0,0,0,0,0,0,0,0,0,0,0,0,0,1,0,0,0,2,1,0,0,0,0,0,0,0,0,0,0,0,0,0,0,1,0,1,0,0,0,0,1,0,1,0,0,0,0,0,1,0,0,0,0,0,0,0,0,0,0,0,0,0,1,1,0,1,0,2,0,0,0,0,0,1,0,0,0,0,0,0,0,0,1,0,0,1,0,0,0,0,0,0,0,0,0,0,0,0,0,0,0,0,0,0,0,0,0,0,0,0,0,0,1,0,0,0,0,0,0,0,0,0,0,0,0,0,0,0,0,0,0,0,0,0,0,0,0,0,0,1,0,0,0,1,0,0,0,0,0,0,1,0,0,0,0,0,0,0,0,0,0,0,0,0,0,1,0,0,0,0,1,0,0,0,0,0,1,0,0,0,0,0,0,0,0,0,0,0,1,0,0
0,0,0,0,0,0,1,0,1,0,0,0,0,1,0,0,0,0,0,0,0,0,0,0,0,1,3,0,0,0,0,0,1,0,0,0,2,0,1,1,0,0,0,0,0,0,1,0,0,0,0,0,0,0,0,2,0,0,0,0,0,1,0,0,0,0,0,0,0,0,1,0,0,0,1,1,0,0,0,0,0,0,0,0,0,1,0,0,1,0,0,0,0,1,0,0,0,0,0,0,0,0,0,0,0,0,0,0,0,0,0,0,0,0,0,2,0,0,1,0,0,0,0,0,0,1,0,0,0,0,0,0,0,0,1,0,0,0,0,0,0,0,0,0,0,0,0,0,0,0,0,0,0,0,0,0,0,0,0,0,0,0,0,0,0,0,2,0,0,1,1,0,0,3,1,0,0,0,0,0,1,0,0,1,0,0,1,1,3,0,1,0,0,0,0,0,0,0,0,0,0,0,0,0,0,0,0,1,0,0,0,0,0,0,0,1,0,0,1,0,0,0,0,0,0,0,0,0,0,0,0,0,0,0,0,0,1,0,0,0,0,0,0,0,0,0,0,0,0,0,0,1,0,0,0,0
1,0,0,0,1,0,0,1,0,1,1,0,0,1,0,0,1,0,0,0,0,0,0,0,0,0,0,0,0,0,0,0,0,0,0,0,0,0,0,0,0,0,0,0,0,0,0,0,0,0,1,0,0,0,0,0,0,2,0,0,0,0,0,0,0,0,0,0,0,0,0,0,0,0,0,0,0,0,0,0,0,0,0,1,0,0,0,0,0,0,0,0,0,0,0,0,0,0,0,0,2,0,0,0,0,1,1,1,0,0,0,0,0,0,0,0,0,0,0,0,0,0,0,0,0,0,0,1,0,0,0,0,0,0,0,0,0,0,0,0,0,0,0,0,0,0,0,0,0,0,0,0,0,0,0,0,0,0,0,0,0,0,0,0,0,0,0,0,0,0,0,0,0,0,0,0,0,0,0,0,0,0,0,0,0,0,0,0,0,0,0,0,0,0,0,0,1,0,0,0,0,0,0,1,1,0,0,0,2,0,0,0,0,0,0,1,0,0,0,0,0,0,0,0,0,0,0,0,0,0,0,0,0,0,0,1,0,0,0,0,0,1,0,0,0,0,1,0,0,0,0,0,0,3,1,2
0,0,0,0,0,0,0,0,1,0,0,0,0,0,0,1,0,0,0,0,0,0,0,0,0,2,0,0,0,0,0,0,1,0,0,0,1,0,1,0,0,0,0,0,0,0,0,0,0,0,0,0,0,0,0,0,0,0,0,0,0,0,0,0,0,1,0,0,0,0,1,0,0,0,1,1,0,0,0,0,1,0,0,0,0,0,0,0,0,0,0,0,0,0,0,0,0,0,0,0,0,0,0,0,0,0,0,0,0,0,0,0,0,0,0,1,0,0,0,0,0,0,0,0,0,1,0,0,0,0,0,0,0,0,0,0,0,0,0,0,0,0,0,0,0,0,0,0,0,0,0,0,0,0,0,0,0,0,0,0,0,0,0,0,0,0,0,0,1,1,0,0,0,0,1,0,0,0,0,0,1,0,0,1,0,0,0,1,1,0,1,0,1,0,0,0,0,0,0,0,0,0,0,0,0,0,0,1,0,0,0,0,0,0,0,0,0,0,0,0,0,0,0,0,0,0,0,0,0,0,0,0,0,0,0,0,0,0,0,0,0,0,0,0,0,0,0,0,0,0,0,0,0,0,0,0
1,0,0,0,1,0,0,1,0,0,0,0,0,1,0,0,2,0,0,0,0,0,0,0,1,0,0,0,0,0,0,0,0,0,0,0,0,0,0,0,0,0,0,0,0,0,0,0,0,0,1,0,0,0,0,0,0,0,0,0,0,0,0,0,0,0,0,0,0,0,0,0,0,0,0,0,0,0,0,0,0,0,0,1,0,0,0,0,0,0,0,0,0,0,0,0,0,0,0,0,0,0,0,0,0,1,0,1,0,0,0,0,0,0,0,0,0,0,0,0,0,0,0,0,0,0,0,1,1,0,0,0,0,0,0,0,0,0,0,0,0,0,0,0,0,0,0,0,0,0,2,0,0,0,0,0,0,0,0,0,0,1,0,0,0,0,0,0,0,0,0,0,0,0,0,0,0,0,0,0,0,0,0,0,0,0,0,0,0,0,0,0,0,0,0,2,0,0,0,0,0,0,0,0,1,0,0,0,1,0,0,0,0,1,0,1,0,0,0,0,0,0,0,0,0,0,0,0,0,0,0,0,0,0,0,1,0,0,0,0,0,2,0,0,0,0,2,0,0,2,1,0,1,1,0,0
1,0,0,0,0,0,0,1,0,0,1,0,0,1,0,0,1,0,0,0,0,0,0,0,0,0,0,1,0,0,0,0,0,0,0,0,0,0,0,1,0,0,0,0,0,0,0,0,0,0,1,0,0,0,0,0,0,1,0,0,0,0,0,0,0,0,0,0,0,0,0,0,0,0,0,0,1,0,0,0,0,0,0,1,0,0,0,0,0,0,0,0,0,0,0,0,0,0,0,0,2,0,0,0,0,2,0,1,0,0,1,0,0,1,0,0,1,0,0,0,0,0,0,0,0,0,0,1,0,1,0,0,0,0,0,0,0,0,0,0,0,0,0,0,0,0,0,0,1,0,0,0,0,0,0,0,0,0,0,0,0,0,0,0,0,0,0,0,0,0,0,0,0,0,0,0,0,0,0,0,0,0,0,0,0,0,0,0,0,0,0,0,1,0,0,0,0,0,0,0,0,0,0,0,1,1,0,0,1,0,0,0,0,0,0,1,0,0,0,0,0,0,0,0,0,0,0,0,0,0,0,0,1,0,0,1,0,0,0,0,0,1,0,0,0,0,1,0,0,0,0,0,0,1,0,0
0,0,0,0,2,0,0,1,0,0,1,0,0,0,0,0,1,0,0,0,0,0,0,0,0,0,2,0,0,0,0,0,0,0,0,0,1,0,0,0,0,0,0,1,0,0,0,0,0,0,0,0,0,1,0,0,0,1,0,0,0,1,0,0,0,0,0,0,0,0,0,0,0,0,0,0,0,0,2,0,0,0,1,1,0,0,1,0,0,1,0,0,0,0,0,0,0,2,1,0,2,0,0,0,0,1,0,0,0,0,0,0,0,0,0,0,0,0,0,0,0,0,0,0,0,0,0,1,0,0,0,0,0,0,0,0,0,1,0,1,0,0,0,0,0,0,0,0,0,0,0,0,0,1,0,0,0,0,0,0,2,0,0,0,0,0,0,0,0,0,0,0,0,0,0,0,0,0,0,0,0,0,0,0,0,1,0,0,0,0,0,0,0,0,1,0,0,0,2,0,0,0,0,1,1,0,0,0,1,0,0,0,0,0,0,1,0,0,0,0,2,0,0,0,0,0,1,0,0,0,1,0,0,0,0,1,0,0,0,0,0,1,0,0,0,0,1,0,0,2,0,0,0,1,0,0
1,0,0,0,1,0,0,1,0,0,0,0,0,1,0,0,1,0,0,0,0,0,0,0,0,0,0,0,0,0,0,0,0,0,0,0,0,0,0,0,0,0,0,0,0,0,0,0,0,0,1,0,0,0,0,0,0,1,0,0,0,0,0,1,0,0,1,0,0,0,0,0,0,0,0,0,0,0,0,0,0,0,0,1,0,0,1,0,0,0,0,0,0,0,0,0,0,0,0,0,1,1,0,0,0,1,0,1,1,0,0,0,0,0,0,0,0,0,0,0,0,0,0,0,0,0,0,1,0,0,0,0,0,0,0,0,0,0,0,0,0,0,0,0,0,0,0,0,1,0,0,0,0,0,0,0,0,0,0,0,0,0,0,0,0,0,0,0,0,0,0,0,0,0,0,0,0,0,0,0,0,0,0,0,0,0,0,0,0,0,0,0,0,0,0,0,0,0,0,0,0,0,0,0,1,0,0,0,1,0,0,0,0,0,0,1,0,0,0,0,0,0,0,0,0,0,0,0,0,0,0,0,0,0,0,1,0,0,0,0,0,1,0,0,0,0,0,0,0,0,0,0,0,1,0,0
1,0,0,0,0,0,0,1,0,0,0,0,0,1,0,0,1,0,0,0,0,0,0,0,0,0,0,1,0,0,0,0,1,0,0,0,0,0,0,0,0,0,0,0,0,0,0,1,0,0,0,0,0,0,0,0,0,0,0,0,0,0,0,0,1,0,0,0,1,0,0,0,0,0,0,0,0,0,3,0,0,0,0,1,0,0,2,0,0,0,0,1,0,0,0,0,0,0,0,0,1,0,0,0,0,1,0,0,0,0,0,1,0,0,0,0,0,0,0,0,0,0,0,0,0,0,0,1,0,0,0,2,0,0,0,0,0,0,0,0,0,0,0,0,0,0,0,1,0,0,1,0,0,0,0,0,0,0,0,0,0,0,0,0,0,0,0,0,0,0,0,0,0,0,0,0,0,0,0,0,0,0,0,0,0,0,0,0,0,0,0,0,0,0,0,0,0,0,0,0,0,0,0,0,1,0,0,0,1,0,0,0,0,0,0,1,0,0,0,0,2,0,0,0,0,0,0,0,0,0,0,0,0,0,0,1,0,0,0,0,0,1,0,0,0,0,0,0,0,0,0,0,0,1,0,0
0,0,0,0,0,0,0,1,0,0,0,0,0,0,0,0,1,0,0,0,0,0,0,0,0,0,0,1,0,0,0,0,0,0,0,0,0,0,0,0,0,0,0,0,0,0,0,0,0,0,0,0,0,1,0,0,0,0,0,0,0,0,0,0,0,0,0,0,0,0,0,0,0,0,0,0,0,0,0,0,1,0,0,1,0,0,0,0,0,0,0,0,0,0,0,0,0,0,0,0,1,0,0,0,0,1,0,0,0,0,0,1,0,1,0,0,0,0,0,0,0,0,0,0,0,1,1,1,0,0,0,0,0,0,0,0,0,1,0,1,0,0,0,0,0,0,0,0,0,0,0,0,0,0,0,0,0,0,0,0,0,0,0,0,0,0,0,0,0,0,0,0,0,0,0,0,0,0,0,0,0,0,0,0,0,1,0,0,0,0,0,0,0,0,0,0,0,0,0,0,0,0,0,0,1,0,0,0,1,0,0,0,0,0,0,1,0,0,0,0,0,0,0,0,0,0,0,0,0,0,0,0,0,0,0,1,0,0,0,0,0,1,0,0,0,0,0,0,0,0,0,0,0,1,1,1
1,0,0,0,1,0,0,1,0,0,0,0,0,1,0,0,1,0,0,0,0,0,0,0,0,0,0,0,0,0,0,0,0,0,0,0,0,0,1,0,0,0,0,0,0,0,0,0,0,0,1,0,0,0,0,0,0,1,0,0,0,0,0,0,0,0,0,0,0,0,0,0,0,0,0,0,0,0,0,0,0,0,0,1,0,0,0,0,0,0,0,0,0,0,0,0,0,0,0,0,1,0,0,0,0,1,0,1,1,0,0,0,0,0,0,0,0,0,0,0,0,0,0,0,0,0,0,1,0,0,0,0,0,0,0,0,0,0,0,0,0,0,0,0,0,0,0,0,0,0,0,0,0,0,0,0,0,0,0,0,0,0,0,0,0,0,0,0,0,1,0,0,0,0,0,0,0,0,0,0,0,0,0,0,0,0,1,0,0,0,0,0,0,0,0,0,0,0,0,0,0,0,0,0,1,1,0,0,1,0,0,1,0,0,0,1,0,0,0,0,0,0,0,0,0,0,0,0,0,0,0,0,0,0,0,1,0,0,0,0,0,1,0,0,0,0,0,0,0,0,0,0,0,1,0,0
2,0,0,0,1,0,0,1,0,0,1,0,0,1,0,0,1,0,0,0,0,0,0,0,0,0,0,0,0,0,0,0,0,0,0,0,0,0,0,0,0,0,0,0,0,0,1,0,0,0,1,0,0,0,0,0,1,0,0,0,0,0,0,0,0,0,0,0,0,0,0,0,0,0,0,0,0,0,0,0,0,0,0,1,0,0,0,0,0,0,0,0,0,0,0,0,0,0,0,0,1,0,0,0,0,1,0,1,0,0,0,0,0,1,0,0,0,0,0,1,0,0,0,0,0,0,0,1,0,0,0,0,0,0,0,0,0,0,0,0,0,0,0,0,0,0,0,0,0,0,0,0,0,0,0,0,0,0,0,0,0,0,0,0,0,0,0,0,0,0,0,0,0,0,0,0,0,0,0,0,0,0,0,0,0,0,0,0,0,0,0,0,0,0,0,0,0,0,0,0,0,0,0,0,1,0,0,0,1,0,0,0,0,0,0,1,0,0,0,0,0,0,0,0,0,0,0,0,0,0,0,0,0,0,0,1,0,0,0,0,0,1,0,0,0,0,1,0,0,0,0,0,0,1,0,0
1,0,0,0,0,0,0,1,0,0,1,0,0,1,0,0,1,0,0,0,0,0,0,0,0,0,0,1,0,0,0,0,0,0,0,0,0,0,0,0,0,0,0,0,0,0,0,0,0,0,1,0,0,0,0,0,0,0,0,0,0,0,0,0,0,0,0,0,0,0,0,0,0,0,0,0,0,0,0,0,0,0,0,1,0,0,0,0,0,0,0,0,0,0,0,0,0,0,0,0,1,0,0,0,0,2,0,1,0,0,0,0,0,1,0,0,0,0,0,0,0,0,0,0,0,0,0,1,0,0,0,0,0,0,0,0,0,0,0,0,0,0,0,0,0,0,0,0,0,0,0,0,0,0,0,0,0,0,0,0,0,0,0,0,0,0,0,0,0,0,0,0,0,0,0,0,0,0,0,0,0,0,0,0,0,0,0,0,0,0,0,0,0,0,0,0,0,1,0,0,0,0,0,0,1,0,0,0,1,0,0,0,0,0,0,1,0,0,0,0,0,0,0,0,0,0,0,0,0,0,0,0,0,0,0,1,0,0,0,0,0,1,0,0,0,1,1,0,0,0,0,0,1,1,0,0
0,0,0,0,1,0,0,1,0,0,0,0,0,0,0,0,0,0,0,0,0,0,0,0,1,0,0,0,0,0,0,0,0,1,0,0,0,0,0,0,0,0,0,0,0,0,0,0,0,0,0,0,0,0,1,0,0,0,0,0,0,0,0,0,0,0,0,0,0,1,0,0,1,0,0,0,0,0,0,1,0,0,1,1,0,0,0,0,0,0,0,0,0,0,0,0,0,0,0,0,0,0,0,0,1,0,0,0,1,0,0,0,0,0,0,0,0,0,0,0,0,0,0,1,0,0,0,1,0,0,0,0,0,0,0,0,0,0,0,0,0,0,0,0,0,0,0,0,0,0,0,0,0,0,0,0,0,0,0,0,0,0,0,0,0,0,0,0,0,0,0,0,0,0,0,0,0,1,0,0,0,0,0,0,0,0,0,0,0,0,0,0,0,0,0,0,0,1,0,0,0,0,0,0,0,0,1,0,1,0,0,0,0,0,0,1,0,0,0,0,0,0,0,0,0,0,1,0,0,1,0,0,0,0,0,1,0,0,0,0,0,0,0,0,0,0,0,0,0,0,1,0,0,1,0,0
0,0,0,0,0,0,0,0,0,0,0,0,0,0,0,0,0,0,0,1,0,0,0,0,0,1,0,1,0,0,0,0,1,0,0,0,2,0,1,0,0,0,0,0,0,0,0,0,0,0,0,0,0,0,1,0,0,0,0,0,0,2,0,0,0,0,0,0,0,0,1,1,0,0,1,2,0,0,0,1,0,0,0,0,0,0,0,0,0,0,0,0,0,0,0,0,0,0,0,0,0,0,0,0,0,0,0,0,0,0,0,0,0,0,0,0,0,0,0,0,0,0,0,0,0,0,0,0,0,0,0,0,0,0,1,0,0,0,1,0,0,0,0,0,0,0,0,1,0,0,0,0,0,0,0,0,0,0,0,0,0,2,0,0,0,1,0,0,0,1,1,0,0,0,1,0,0,0,0,0,0,0,0,1,0,0,0,1,1,0,1,0,0,0,0,0,1,0,0,0,0,0,0,0,0,0,0,1,0,0,0,0,0,0,0,0,0,0,0,0,0,0,0,0,0,0,0,0,0,0,0,0,0,0,0,0,0,0,0,0,0,0,0,0,0,0,0,0,0,0,0,0,0,1,0,0
0,0,0,1,0,0,1,0,1,0,0,0,0,0,0,0,0,0,0,1,0,0,0,1,0,1,0,0,0,0,1,0,1,0,0,0,2,0,1,0,0,0,0,0,0,0,1,0,0,0,0,0,0,0,0,0,0,0,0,0,0,1,0,0,1,0,0,0,0,0,1,0,0,0,0,1,0,0,1,0,0,0,0,0,0,0,0,0,1,0,0,0,0,0,0,0,0,0,0,0,0,0,0,0,0,0,0,0,0,0,0,0,0,0,0,1,0,0,1,0,0,0,0,0,0,0,0,0,0,0,0,0,0,0,0,0,0,0,0,0,0,0,1,0,0,0,0,0,0,0,0,0,0,0,0,0,0,0,0,0,0,0,1,0,0,0,0,0,0,1,0,0,0,0,1,0,0,0,0,0,0,0,0,1,0,0,0,1,1,0,1,0,1,0,0,0,1,0,0,0,0,0,0,0,0,0,0,1,0,0,0,0,0,0,0,0,0,0,0,0,0,0,0,1,0,0,0,0,0,0,0,0,0,0,0,0,0,0,0,0,0,0,0,0,0,0,0,0,0,0,0,0,0,0,0,0
1,0,0,0,1,0,0,1,0,0,0,0,0,1,0,0,1,0,0,0,0,0,0,0,0,0,0,0,0,0,0,0,1,0,0,0,0,0,0,0,0,0,0,0,0,0,0,0,0,0,1,0,0,0,0,0,0,1,0,0,0,0,0,0,0,0,0,0,0,0,0,0,0,0,0,0,0,0,2,0,0,0,0,1,0,0,0,0,0,0,0,0,0,0,0,0,0,0,1,0,2,0,0,0,0,1,0,1,2,0,0,0,0,0,0,0,0,0,0,0,0,0,0,1,0,0,0,1,0,0,0,0,0,0,0,0,0,0,0,0,0,0,0,0,0,0,0,0,0,0,0,0,0,0,0,0,0,0,0,0,0,0,0,0,0,0,0,0,0,0,0,0,0,0,0,0,0,0,0,0,0,0,0,0,0,0,0,0,0,0,0,0,0,0,0,0,0,0,0,0,2,0,0,0,1,0,1,0,1,0,0,0,0,0,0,1,0,0,0,0,0,0,0,0,0,0,0,0,1,0,1,0,0,0,0,1,0,0,0,0,0,1,0,0,0,0,0,0,0,0,1,0,0,1,0,0
1,0,0,0,1,0,0,1,0,0,0,0,0,1,0,0,1,0,0,0,0,0,0,0,0,0,0,0,0,0,0,0,0,0,0,0,0,0,0,0,0,0,0,0,0,0,0,0,0,0,1,0,0,0,0,0,0,0,0,0,0,0,0,0,0,0,0,0,0,0,0,0,0,0,0,0,0,0,0,0,0,0,0,1,0,0,0,0,0,0,0,0,0,0,0,0,0,0,0,0,3,1,0,0,0,1,0,1,0,0,2,0,0,1,0,0,0,0,0,0,0,0,0,0,0,0,0,1,0,0,0,0,0,1,0,0,0,0,1,0,1,0,0,0,0,0,0,1,0,0,0,0,0,0,0,0,0,0,0,0,0,1,0,0,0,0,0,0,0,0,0,0,0,1,0,0,0,0,0,0,0,0,0,0,0,0,0,0,0,0,0,0,0,0,0,0,0,0,0,0,2,0,0,0,1,0,0,0,1,0,0,0,0,0,0,1,0,0,0,0,0,0,0,0,0,0,0,0,0,0,3,0,0,0,0,1,0,0,0,0,0,1,0,0,0,0,0,0,0,3,0,0,0,3,0,1
1,0,0,0,1,0,0,1,0,0,0,0,0,1,0,0,1,0,0,0,0,0,0,0,0,0,0,0,0,0,0,0,0,0,0,0,1,0,0,0,0,0,0,0,0,0,0,0,1,0,1,0,0,0,0,0,0,2,0,0,0,0,0,0,0,0,0,0,0,0,0,0,0,0,0,0,0,0,0,0,0,0,1,1,0,0,0,0,0,0,0,0,0,0,0,0,0,0,0,0,2,0,0,1,0,1,0,1,0,0,1,0,0,2,0,0,0,0,0,0,0,0,0,0,0,0,0,1,0,0,0,0,0,0,0,0,0,0,0,0,0,0,0,0,0,0,0,0,1,0,0,0,0,0,0,0,0,0,0,0,0,0,0,0,0,0,0,0,0,0,0,0,0,0,0,0,0,0,0,0,0,0,0,0,0,0,0,0,0,0,0,0,0,0,0,0,0,0,0,0,0,0,0,0,1,1,0,0,1,0,0,0,0,0,0,1,0,0,0,0,1,0,0,0,0,0,0,0,0,0,0,0,0,0,0,1,0,0,0,0,0,1,0,0,0,0,0,0,0,1,0,0,1,1,0,0
0,1,0,0,1,0,0,1,0,0,0,0,0,0,0,0,0,0,0,0,0,0,0,0,0,0,0,0,0,0,0,0,1,0,0,0,0,1,0,0,0,0,0,0,0,0,0,1,0,0,0,0,0,0,0,0,0,0,0,0,0,0,0,0,0,0,0,0,0,0,0,0,0,0,0,0,0,0,0,0,0,1,0,1,0,0,0,0,0,0,0,0,0,0,0,0,0,0,0,0,0,0,0,0,0,0,0,0,0,0,0,0,0,0,0,0,0,0,0,0,0,0,0,0,0,0,0,1,0,1,0,0,0,0,0,0,0,0,0,0,0,0,0,0,0,0,0,0,0,0,0,0,0,0,0,0,0,1,0,0,0,0,1,0,0,1,0,0,0,0,0,1,0,0,0,0,0,0,1,0,0,0,0,0,0,0,0,0,0,0,0,0,0,0,0,0,0,1,0,0,0,0,0,0,0,0,0,0,1,0,0,0,0,0,0,1,0,0,1,2,0,0,0,0,0,0,0,0,0,0,0,0,0,0,0,1,1,0,0,0,0,0,0,0,0,0,0,0,0,0,0,0,0,1,0,0
1,0,0,0,2,0,0,1,0,0,0,0,0,1,0,0,1,0,0,0,0,0,0,0,0,0,0,0,0,0,0,0,0,0,0,0,0,0,0,0,0,0,0,0,0,0,0,0,0,0,1,0,0,0,0,0,0,0,0,0,0,0,0,0,0,0,0,0,0,0,0,0,0,0,0,0,1,0,0,0,0,0,0,1,0,0,1,0,0,0,1,0,0,0,0,0,0,0,0,0,1,0,0,0,0,1,0,1,0,0,0,0,0,0,0,0,0,0,0,0,0,0,0,0,0,0,0,1,0,0,0,0,0,0,0,0,0,0,0,0,0,0,0,0,0,0,0,0,0,0,0,0,0,0,0,0,0,0,0,0,0,0,0,0,0,0,0,0,0,0,0,0,0,0,0,0,0,0,0,0,0,0,0,0,0,0,0,0,0,0,0,0,0,0,0,0,0,0,0,0,0,0,0,0,1,0,0,0,1,0,0,0,0,0,0,1,0,0,0,0,0,0,0,0,0,0,1,0,0,0,0,0,0,0,0,1,0,0,0,0,0,1,0,0,0,1,0,0,0,0,0,0,0,2,0,0
1,0,0,0,0,0,1,0,1,0,0,0,0,0,0,0,0,0,0,0,1,0,0,0,0,1,0,0,0,0,0,1,1,0,0,0,1,0,1,0,0,0,0,0,0,0,0,0,0,0,0,0,0,0,1,0,0,0,0,0,0,0,0,0,0,0,0,2,0,0,1,0,0,1,0,1,0,0,0,0,0,0,0,0,0,0,0,0,0,0,1,0,0,2,0,0,0,0,0,0,0,0,0,0,0,0,0,0,0,0,0,0,0,0,0,1,0,0,0,0,0,0,0,0,0,0,0,0,0,0,0,0,0,0,2,0,0,0,0,0,0,0,0,1,0,0,0,0,0,1,0,0,0,0,0,0,0,0,0,1,0,0,0,0,0,0,0,0,0,1,0,0,0,0,1,0,0,0,0,0,0,0,0,1,0,0,0,1,1,0,1,0,1,0,0,0,0,0,0,0,0,0,0,0,0,0,0,1,0,0,0,0,0,0,0,0,0,0,0,0,0,0,0,0,0,0,0,0,0,0,0,0,0,0,0,0,0,0,0,0,0,0,0,0,0,0,0,0,0,0,0,0,0,0,0,0
1,0,0,0,1,0,0,1,0,0,0,0,0,1,0,0,1,0,0,0,0,0,0,0,0,0,0,0,0,0,0,0,0,0,0,0,0,0,0,0,0,0,0,1,1,0,0,0,0,0,2,0,0,0,0,0,0,0,0,0,0,0,0,0,0,0,0,0,0,0,0,0,0,0,0,0,1,0,0,0,0,0,0,1,1,0,0,0,0,0,0,0,0,0,0,0,0,0,0,0,1,0,0,0,0,1,0,1,0,0,0,0,0,0,0,0,0,0,0,0,0,0,0,0,0,0,0,1,0,0,0,0,0,0,0,0,0,0,0,0,0,0,0,0,0,0,0,0,0,0,0,0,0,0,0,0,0,0,0,0,0,0,0,0,0,0,0,0,0,0,0,0,0,0,0,0,0,0,0,0,0,0,0,0,0,0,0,0,0,0,0,0,0,0,0,0,0,0,1,0,0,0,0,0,1,0,1,0,1,0,0,0,0,0,0,1,0,0,0,0,0,0,0,0,0,0,0,0,0,0,0,0,0,0,0,1,0,0,0,0,0,1,0,0,0,0,0,0,0,0,0,0,0,1,0,0
0,0,0,0,0,0,1,0,1,0,0,0,0,0,0,0,0,0,0,0,0,0,0,0,0,1,0,0,0,0,0,0,1,0,0,0,2,0,1,0,0,0,0,0,0,0,1,0,0,0,0,1,0,0,0,0,0,2,0,0,0,0,0,0,0,0,0,0,0,0,1,0,0,0,2,1,0,1,0,0,0,0,0,0,0,0,0,0,1,0,2,0,0,0,0,0,0,0,1,0,0,0,0,0,0,0,0,0,0,0,0,0,0,0,0,2,0,0,0,0,0,0,0,0,0,0,0,0,0,0,0,0,0,0,1,0,0,0,0,0,0,0,0,0,0,0,0,0,0,0,0,1,0,0,0,0,0,0,0,0,0,0,0,0,0,0,0,0,0,1,0,0,0,0,1,0,0,0,0,0,0,0,0,1,0,0,0,1,1,0,1,0,0,0,0,0,0,0,0,0,0,0,0,0,0,0,0,1,0,0,0,0,0,0,0,0,0,0,1,0,0,0,0,0,0,0,0,0,0,0,0,0,0,0,0,0,0,0,0,0,0,0,0,0,0,0,0,0,0,0,0,0,0,0,0,0
0,0,0,0,0,0,1,0,1,0,0,0,0,0,0,1,0,0,0,0,0,0,0,0,0,1,0,0,0,0,0,0,1,0,1,0,1,0,2,0,0,0,0,0,0,0,1,2,0,0,0,0,0,0,0,0,0,3,0,0,0,0,0,0,0,0,0,0,0,0,0,0,0,0,0,1,0,0,0,0,0,0,0,0,0,0,0,0,0,0,0,0,0,0,0,0,0,0,2,0,0,0,0,0,0,0,0,0,0,0,0,0,0,0,0,3,0,0,0,0,0,0,0,0,0,1,0,0,0,0,0,0,0,0,0,0,0,0,0,0,0,0,0,0,0,0,0,0,0,0,0,0,0,0,0,0,0,0,0,0,0,0,1,0,0,0,0,0,0,1,0,0,0,1,1,0,0,0,0,0,2,0,0,1,0,0,0,1,2,0,1,0,1,0,0,0,3,0,0,0,0,0,0,0,0,0,0,1,0,1,1,0,0,0,0,0,0,0,0,0,0,0,0,0,0,0,0,0,0,0,0,0,0,0,0,0,0,0,0,0,0,0,0,0,0,0,0,0,0,0,0,0,0,0,0,0
1,1,0,0,1,0,0,1,0,0,0,0,0,1,0,0,1,0,0,0,0,0,0,0,0,0,0,0,0,0,0,0,0,0,0,0,0,0,0,0,0,0,0,0,0,0,0,0,0,0,1,0,0,0,0,0,0,0,0,0,0,0,0,0,0,0,0,0,0,0,0,0,0,0,0,0,0,0,0,0,1,0,0,1,0,0,1,0,0,0,1,0,0,0,0,0,0,0,0,0,2,0,0,0,0,1,0,1,0,0,1,2,0,0,0,0,1,0,0,0,0,0,0,1,0,0,0,1,0,1,0,0,0,0,0,0,0,0,0,0,0,0,0,0,0,1,0,0,0,0,0,0,0,0,0,0,0,1,0,0,0,0,0,0,0,0,0,0,0,0,0,0,0,0,0,0,0,0,0,0,0,0,0,0,0,0,0,0,0,0,0,0,0,0,0,0,0,0,0,0,0,0,0,0,1,0,0,0,1,0,0,0,0,0,0,1,0,0,0,0,0,0,0,0,0,0,0,0,0,0,0,0,0,0,0,1,0,0,0,0,0,1,0,0,0,0,0,0,0,0,0,0,0,3,0,0
0,0,0,0,0,0,0,1,0,0,0,0,2,0,0,0,0,0,0,1,0,0,0,0,0,0,2,1,0,0,0,1,0,0,0,0,1,0,1,0,0,0,0,0,0,0,1,0,0,0,0,0,1,0,0,2,0,0,0,0,0,0,0,0,0,0,0,0,0,0,0,0,0,0,0,1,0,0,0,0,0,0,0,1,0,0,0,0,0,0,0,0,0,0,0,0,0,0,0,0,0,0,0,0,0,0,0,0,0,0,0,0,0,0,0,0,0,0,0,0,0,0,0,0,0,0,0,1,0,1,0,0,0,0,0,0,0,0,0,0,0,0,0,0,0,0,0,0,0,0,0,0,0,0,0,0,0,1,0,0,0,0,0,0,0,0,0,0,0,1,0,0,0,0,1,0,0,0,0,0,0,0,0,0,0,0,0,2,2,0,1,0,0,0,0,2,0,0,0,0,0,0,0,0,0,1,0,0,1,0,0,0,0,0,0,2,0,0,1,0,0,0,0,0,0,0,0,0,2,0,0,0,0,0,0,3,0,0,0,1,0,0,0,0,0,0,0,0,0,0,0,0,0,1,0,0
0,0,0,0,0,0,1,0,1,0,0,0,0,0,0,0,0,0,0,1,0,0,0,0,0,2,0,0,0,0,0,0,1,0,0,0,2,0,1,0,0,0,0,0,0,0,0,1,1,0,0,1,0,0,0,0,0,0,0,0,0,3,0,0,0,0,0,0,0,0,1,0,0,0,0,1,0,0,0,0,0,0,0,0,0,0,0,0,0,0,0,0,0,0,0,0,0,0,2,0,0,0,0,0,3,0,0,0,0,0,0,0,0,0,1,1,0,0,0,0,0,0,0,0,0,0,0,0,0,0,0,0,0,0,0,0,0,0,0,0,0,1,1,0,0,0,0,0,0,1,0,1,0,0,0,0,0,0,0,0,0,0,0,0,0,0,0,0,1,1,0,0,0,0,1,0,0,1,0,0,0,0,0,3,0,0,1,1,2,0,1,1,1,0,0,0,3,0,0,0,1,0,0,0,0,0,0,1,0,0,0,0,0,0,0,0,0,0,0,0,0,0,0,1,0,0,0,0,0,0,0,0,0,0,0,0,0,0,0,0,0,0,0,0,0,0,0,0,0,0,0,0,0,0,0,0
1,0,0,0,0,0,0,1,1,1,1,0,0,1,0,0,1,0,0,0,0,0,0,0,0,0,0,1,0,0,0,0,0,0,0,0,0,0,0,0,0,0,0,0,0,0,0,0,0,0,1,0,3,0,0,0,0,2,0,0,0,0,0,0,0,0,0,0,0,0,0,0,0,0,0,0,0,0,2,0,0,0,0,1,0,0,1,0,0,0,0,0,0,0,0,0,0,1,0,0,3,0,0,0,0,1,0,1,0,0,0,0,0,3,0,0,0,0,0,0,0,0,0,0,0,0,0,1,0,0,0,0,0,0,0,0,0,0,0,0,0,0,0,0,0,0,0,0,0,0,0,0,0,0,0,0,0,0,0,0,0,0,0,0,0,0,0,0,0,0,0,0,0,0,0,0,0,0,1,0,0,0,0,0,0,0,0,0,0,0,0,0,0,0,0,0,0,0,0,0,0,0,0,0,1,0,0,0,1,0,0,0,0,0,0,1,0,0,0,0,0,0,0,0,0,0,0,0,0,0,0,0,0,0,0,3,0,0,0,0,0,1,0,0,0,0,0,0,0,2,1,0,0,1,0,0
