2,2,0,1,1,1,2,5,10,0,7,0,0,1,10,0,1,0,3,0,2,2,3,10,0,4,0,0,0,14,6,1,2,1,1,0,2,4,6,0,1,0,2,0,1,5,2,6,0,2,3,6,0,5,0,0,0,1,0,1,1,0,0,1,1,0,2,0,0,0,3,11,0,0,0,1,20,8,2,7,2,1,1,4,0,0,0,0,2,4,3,2,0,1,0,0,0,1,0,2,1,0,0,0,6,2,4,0,0,0,6,1,4,4,42,10,3,1,8,2,1,3,0,2,0,0,6,3,3,3,0,0,1,0,1,6,1,2,2,0,1,0,0,1,0,0,1,0,1,0,3,0,0,4,0,3,0,0,0,0,0,0,0,0,0,12,1,0,2,3,2,0,5,3,0,1,1,1,4,3,0,1,0,4,7,4,1,1,2,3,0,0,0,7,3,0,0,0,0,1,0,0,1,1,4,0,0,2,2,1,11,0,0,1,0,0,0,0,4,8,0,0,1,0,1,2,1,14,0,1,12,0,0,18,2,1,0,2,9,1,0,0,2,1,0,0,5,3,1,2,16,0,0,28,31,2
4,2,0,4,2,0,0,2,31,0,7,3,6,2,15,0,0,0,1,0,4,0,0,0,0,1,0,0,0,12,1,1,0,11,1,0,6,32,0,0,8,4,3,0,0,5,1,7,3,1,1,2,12,0,0,0,0,0,1,0,3,7,0,0,4,0,1,0,0,2,1,8,0,0,2,3,6,3,3,3,0,0,2,2,1,2,11,1,0,8,2,0,8,2,0,0,1,1,0,1,0,0,0,0,2,0,1,0,0,0,2,1,0,1,0,0,0,1,0,0,0,0,1,0,0,0,0,1,1,0,3,0,0,0,0,22,2,0,4,2,3,2,0,16,2,0,13,1,0,0,3,0,0,2,0,0,0,0,0,6,0,0,1,0,0,6,1,2,3,1,0,0,3,0,0,0,0,2,0,1,0,1,0,2,0,0,1,0,1,0,1,10,3,3,1,3,0,0,0,0,2,0,0,0,1,0,0,3,4,1,1,0,0,2,1,0,2,1,0,0,0,0,1,0,0,0,0,4,0,2,4,0,0,7,1,4,0,0,0,0,0,0,2,19,25,1,2,16,0,2,0,1,0,2,27,8
0,0,0,1,0,0,2,5,23,3,1,0,0,0,1,0,0,0,0,2,0,1,0,2,0,1,1,1,0,8,1,0,1,5,0,1,2,37,0,0,2,3,2,0,9,13,0,11,0,2,1,1,2,1,4,0,9,0,2,3,1,20,0,0,7,3,1,0,0,2,0,11,1,0,0,2,0,0,2,3,1,0,3,2,7,1,4,0,0,18,0,0,2,2,0,3,0,1,3,1,0,0,0,0,4,0,0,0,0,0,0,2,2,7,0,1,2,0,2,0,0,0,3,0,0,1,0,0,2,2,0,0,0,2,19,33,2,0,1,3,1,0,1,4,0,0,0,1,0,1,10,1,0,0,2,0,0,0,0,8,0,0,3,0,2,6,0,3,3,3,3,0,11,1,2,0,1,1,1,1,0,0,0,9,0,1,8,1,1,0,0,0,0,0,0,0,0,0,0,9,0,0,1,1,1,0,0,0,4,1,0,0,0,0,6,1,0,0,0,0,0,1,0,0,0,0,3,2,5,1,0,0,0,0,5,1,1,4,2,1,0,0,2,1,0,1,1,3,3,5,5,1,0,24,12,1
1,0,2,0,0,0,2,3,27,1,1,0,1,0,11,0,1,1,4,0,3,5,0,0,0,3,1,0,0,11,3,2,1,3,1,0,0,40,7,0,0,3,10,1,0,7,1,6,0,1,3,1,17,0,2,0,0,0,1,2,1,0,2,1,3,1,2,0,1,1,4,10,0,0,0,0,0,4,6,3,1,0,0,2,3,1,5,0,46,1,2,0,12,3,0,0,0,1,1,2,0,0,0,0,3,0,0,0,1,0,4,2,9,0,0,0,2,1,3,0,0,3,3,0,0,0,0,0,1,4,7,0,0,0,4,49,3,1,1,7,1,0,0,7,3,0,2,0,0,0,5,0,14,2,3,0,0,1,0,2,0,0,3,0,1,0,2,1,0,2,0,0,5,2,1,5,1,1,0,1,0,0,0,4,0,0,4,5,0,5,0,0,1,2,0,1,0,1,0,1,0,0,3,0,2,0,1,0,3,2,1,0,0,1,0,0,0,1,1,0,0,0,4,0,0,0,2,18,1,1,7,1,0,6,0,3,0,1,6,1,1,0,1,0,0,0,2,2,0,4,2,0,0,2,1,5
2,0,0,5,0,0,1,7,35,9,3,0,2,0,1,0,0,0,1,1,0,2,0,0,1,1,0,1,3,0,4,1,1,3,2,4,0,3,0,0,0,0,1,0,0,4,0,9,0,2,3,2,4,0,0,0,0,0,1,0,0,1,0,1,4,0,1,0,0,1,3,8,2,0,8,0,16,41,4,0,3,3,2,0,0,2,30,0,2,1,1,3,4,0,0,0,0,0,1,1,1,0,0,0,4,0,1,2,0,0,0,1,0,16,1,3,1,4,9,0,1,0,2,0,0,9,0,1,4,2,1,0,0,1,6,7,9,0,0,10,2,0,0,8,0,0,2,2,0,0,7,0,1,0,1,0,0,0,0,6,0,0,3,0,0,0,2,0,1,4,13,0,5,0,2,0,1,9,2,3,4,0,0,5,0,4,7,1,2,0,0,3,7,2,0,1,1,0,0,7,4,1,0,2,1,1,0,1,0,1,0,1,0,0,2,0,4,0,1,0,1,1,0,0,1,5,5,0,0,5,1,0,0,0,0,0,1,4,1,0,0,0,2,0,0,4,1,8,6,3,0,1,0,3,7,5
0,0,2,1,0,2,0,3,11,7,4,3,0,1,5,0,1,0,0,0,1,4,0,0,0,3,0,1,0,3,1,0,2,4,1,1,1,10,0,0,1,2,6,1,0,9,1,6,0,1,2,1,12,5,0,0,2,2,0,2,4,1,0,5,6,0,4,0,0,2,1,14,0,0,0,1,1,0,4,19,2,1,1,0,9,1,20,0,4,11,4,0,0,2,0,1,0,0,0,1,0,0,0,0,5,0,0,0,1,0,0,1,0,0,1,1,3,1,5,0,1,0,0,0,0,0,0,1,1,1,1,0,0,0,0,25,2,0,1,3,2,2,0,1,0,0,2,1,0,1,7,0,0,0,2,0,0,0,0,2,0,1,1,0,0,0,1,0,15,1,32,1,8,0,0,0,1,8,5,1,0,1,0,3,0,1,2,1,3,0,2,0,1,1,4,1,0,0,0,3,1,2,0,0,5,0,1,1,3,1,7,0,0,0,0,0,1,1,2,1,0,0,2,0,1,2,4,15,1,2,5,0,0,1,1,1,1,1,6,0,7,0,4,0,1,1,2,1,0,3,6,0,0,3,20,3
0,6,2,4,0,0,2,3,13,4,1,0,0,2,2,1,0,0,0,1,0,1,0,0,0,1,1,0,1,0,3,0,0,5,1,2,1,5,0,0,1,0,3,0,0,10,3,9,0,1,2,4,0,0,0,0,0,0,1,0,1,0,0,0,10,0,1,0,1,0,0,12,0,0,2,2,1,42,2,10,2,3,2,0,3,4,36,0,0,0,0,0,1,0,0,0,0,0,0,1,0,1,0,0,1,0,1,1,1,0,0,1,0,9,1,0,5,1,2,0,1,0,10,0,0,3,0,0,0,2,1,0,0,0,8,28,6,0,2,1,2,0,0,9,0,0,1,1,0,0,8,0,1,0,1,1,0,0,0,5,1,0,3,0,0,1,0,0,4,3,12,0,9,1,2,1,2,3,0,5,1,0,1,11,0,11,2,1,1,0,1,0,0,0,0,1,0,0,0,4,0,0,0,0,1,0,1,0,0,1,0,0,0,2,0,14,1,1,0,0,0,1,0,0,6,0,1,0,6,1,0,1,0,2,0,2,1,2,4,0,0,0,1,0,1,3,5,6,4,3,6,1,0,6,7,1
0,0,0,0,3,0,0,11,11,5,1,3,3,0,11,0,0,0,1,0,0,1,0,1,0,4,2,2,0,1,5,0,4,2,1,3,5,22,1,0,0,2,1,0,1,12,1,12,2,1,1,1,4,1,2,1,3,0,0,4,1,0,0,1,8,0,1,0,0,8,3,8,0,0,3,2,0,7,3,1,1,1,13,0,1,0,14,0,20,3,3,0,6,1,0,3,0,0,1,1,0,0,0,0,3,0,1,0,0,0,0,1,3,6,2,0,5,1,4,0,0,0,0,1,0,0,0,1,2,2,0,0,0,0,10,16,2,0,3,5,2,0,1,7,2,0,1,1,0,0,10,1,1,0,1,3,0,0,1,8,0,0,1,2,3,1,1,1,0,2,20,0,9,0,2,0,1,1,1,3,2,0,0,14,1,1,13,0,4,0,0,0,0,4,3,0,2,0,1,5,3,0,0,0,0,0,0,0,2,1,4,0,0,3,3,1,1,0,0,0,0,1,1,0,0,0,1,5,0,1,5,0,1,5,2,1,0,5,2,13,9,0,2,1,0,3,2,1,3,6,2,0,0,13,7,3
3,3,1,0,0,0,2,0,18,3,3,0,0,1,8,0,1,0,0,0,2,1,0,0,2,6,2,0,1,12,3,5,2,16,2,3,1,29,0,0,0,2,5,1,0,5,0,7,1,1,1,2,6,1,0,1,1,0,1,0,0,0,0,2,6,0,1,0,0,0,2,1,1,1,6,0,7,46,4,2,3,1,4,0,2,0,33,0,1,0,2,1,5,1,3,0,1,1,0,1,0,0,0,0,3,0,1,1,0,0,3,1,0,5,2,0,4,1,4,1,0,0,0,0,0,1,0,0,1,1,1,0,0,2,1,24,4,0,1,5,1,0,0,2,3,0,0,0,1,0,6,0,0,2,7,0,0,0,0,5,0,0,2,0,0,0,1,0,0,3,0,0,5,0,2,0,1,2,0,1,0,0,0,5,1,0,1,2,0,1,0,0,1,2,1,1,0,1,0,5,0,1,1,0,3,0,2,0,3,1,1,0,0,1,1,0,3,0,0,0,0,0,2,2,0,2,2,2,2,1,4,0,1,3,1,2,1,0,4,7,5,0,0,0,0,0,4,0,4,4,1,0,1,6,19,4
0,1,3,0,6,0,1,9,8,1,1,0,0,0,2,0,0,0,3,0,1,1,1,0,0,3,0,0,0,0,2,0,2,4,0,0,0,29,1,0,0,1,1,1,1,6,6,7,2,1,7,1,8,1,1,0,0,0,11,1,0,3,0,0,6,2,1,0,1,3,1,19,0,0,11,0,0,27,7,9,0,1,6,0,3,1,1,0,11,3,1,0,4,1,3,0,0,0,1,1,0,0,0,0,4,0,0,0,0,1,1,1,0,11,9,2,3,0,5,6,1,0,0,1,0,0,0,1,3,5,2,0,0,0,3,22,2,0,3,0,1,0,0,3,0,0,0,1,0,0,8,0,1,0,0,0,0,1,0,5,0,0,1,0,0,1,0,0,0,1,7,0,5,0,2,1,1,0,1,2,0,0,1,7,0,1,8,0,0,0,0,0,0,1,2,0,1,0,0,1,1,0,0,1,0,0,0,0,3,1,5,0,1,1,0,0,2,0,0,1,0,1,0,0,0,0,0,28,3,4,11,0,0,4,1,1,0,1,0,0,0,0,2,0,0,1,1,6,0,3,6,0,0,15,6,6
2,0,2,1,1,0,4,10,4,9,1,0,0,0,3,0,0,0,1,3,2,2,0,1,0,4,0,2,0,1,5,1,1,1,2,5,0,11,3,0,2,1,7,1,0,11,0,8,0,1,1,1,1,0,1,0,1,0,3,3,0,0,0,0,12,2,1,0,0,5,8,11,1,0,0,0,0,36,1,5,2,3,2,1,0,0,0,0,0,22,1,0,0,0,0,3,1,0,0,1,0,0,1,1,4,0,1,4,0,0,0,1,0,14,13,0,2,4,6,1,1,0,3,1,0,0,1,0,1,3,0,0,2,0,7,7,3,0,0,0,0,0,0,0,0,0,0,0,2,0,12,0,0,0,0,8,0,0,0,0,0,0,2,0,0,2,0,0,2,0,10,1,11,0,1,0,1,2,0,2,0,0,1,15,0,5,1,4,3,0,0,0,0,5,1,0,0,0,0,9,0,0,1,0,1,0,0,1,1,3,1,0,0,3,2,1,1,0,0,2,0,2,0,0,1,0,3,5,2,3,6,0,0,4,2,0,0,3,1,2,0,0,0,0,1,3,1,0,3,6,9,0,0,7,7,1
3,2,0,0,0,0,2,8,27,6,3,0,0,0,3,0,0,0,0,0,6,12,1,1,1,1,2,0,0,0,2,2,2,5,1,0,3,8,1,0,3,2,1,0,2,3,2,7,2,1,2,1,6,0,0,2,0,0,1,1,0,0,0,3,9,0,1,2,1,2,1,10,0,0,0,0,0,41,1,13,0,1,0,0,1,1,15,0,6,21,3,1,2,1,1,2,0,0,3,5,0,1,0,0,2,0,2,0,0,0,0,1,0,7,4,1,3,1,2,0,0,0,0,1,1,2,0,0,0,8,0,0,0,0,0,6,2,0,1,0,0,0,0,0,1,0,0,0,1,0,6,0,1,0,0,2,0,0,0,2,0,0,4,0,1,0,0,0,2,0,3,0,5,2,0,0,1,0,0,1,0,0,0,5,0,0,8,2,2,0,0,0,0,3,2,0,0,0,0,6,0,0,0,0,0,0,0,0,2,1,9,0,0,2,3,1,3,1,1,0,0,1,0,0,2,0,0,27,0,3,13,0,0,1,1,2,1,3,2,10,0,0,10,0,0,2,7,0,2,5,13,0,0,2,2,6
4,2,0,0,7,0,0,6,7,0,4,0,1,2,9,1,3,1,2,0,2,0,0,0,0,1,0,0,0,2,3,0,1,3,4,0,0,2,0,0,0,0,1,0,0,6,2,7,2,3,1,0,4,0,3,6,0,1,1,0,4,0,0,0,3,0,5,0,1,0,0,15,0,0,4,1,0,22,3,0,0,0,1,1,1,1,0,0,3,1,4,0,0,0,2,2,0,0,2,1,1,0,3,0,3,0,0,0,0,0,12,0,1,5,4,2,1,1,14,0,1,4,7,2,0,0,0,0,2,0,1,0,2,0,0,11,2,1,1,0,2,0,0,1,0,0,1,2,0,1,4,0,0,1,1,1,0,9,0,1,2,0,0,0,0,12,0,2,0,1,0,13,6,2,0,0,0,1,3,0,0,0,0,3,8,1,0,0,2,5,1,6,0,6,3,0,4,4,0,1,0,0,1,0,0,0,0,1,0,1,2,3,0,0,1,0,0,3,1,1,1,0,2,0,4,1,3,3,0,1,4,0,0,7,0,3,0,1,0,0,1,2,0,19,1,0,1,2,2,2,0,0,0,3,46,1
1,1,0,0,0,0,0,8,3,0,7,0,0,1,4,0,0,0,0,0,1,0,0,0,1,2,0,0,0,4,3,0,6,6,3,1,0,1,4,0,0,2,1,0,1,4,2,6,0,1,1,4,0,1,1,0,0,2,0,0,1,0,1,0,3,0,1,0,0,1,0,11,0,0,42,0,0,38,1,5,1,0,11,0,1,0,0,0,1,2,3,0,1,1,0,0,2,1,0,1,0,0,0,1,3,0,0,2,0,11,1,1,0,0,8,3,4,2,14,0,0,1,0,7,0,0,1,0,1,2,5,0,8,0,2,7,13,0,1,0,6,0,0,1,0,0,0,0,0,0,4,0,0,0,0,2,0,0,0,4,0,0,0,0,0,1,0,0,0,1,1,0,1,0,0,0,0,4,0,1,0,0,1,3,6,2,2,0,0,2,0,0,0,2,2,0,0,0,0,1,0,0,1,0,6,0,0,4,1,1,2,0,0,0,2,2,0,0,0,2,0,0,3,0,0,0,6,2,0,1,13,0,0,10,1,1,1,2,5,0,0,0,1,0,2,1,1,2,0,1,12,1,0,9,34,1
0,0,0,0,2,2,2,0,2,2,2,2,0,0,6,0,1,0,1,0,3,0,0,0,0,1,2,0,0,4,2,1,1,6,1,1,2,41,4,1,1,0,2,5,0,10,0,9,0,1,1,3,4,1,7,0,0,5,4,1,1,2,0,3,7,0,1,0,0,6,0,7,0,0,1,0,32,13,1,0,3,0,11,1,1,5,25,0,1,6,0,0,2,3,0,0,2,0,0,1,1,0,0,0,2,0,2,0,0,0,1,1,2,6,5,5,2,0,1,2,0,0,6,1,0,1,0,2,2,4,0,0,0,0,0,32,2,0,1,12,4,2,0,3,1,0,2,1,17,0,6,0,0,3,4,0,0,0,0,5,0,1,1,0,0,1,0,0,0,2,4,0,6,0,1,0,0,2,0,1,0,0,0,7,2,2,7,0,4,2,0,0,0,2,2,1,0,4,1,2,0,0,1,1,1,1,0,1,5,1,1,0,0,1,0,0,0,1,0,1,0,0,1,0,0,0,0,10,1,1,2,0,0,2,3,1,0,1,1,2,0,0,0,10,0,0,1,1,3,3,3,0,0,15,6,1
1,0,0,0,3,0,1,7,0,0,0,1,1,1,12,1,0,1,2,0,2,0,0,0,0,0,0,0,1,0,1,1,0,0,1,0,3,5,0,1,0,13,0,11,1,0,0,2,4,1,6,3,2,0,0,0,2,0,0,0,1,0,0,0,0,2,0,2,3,0,0,0,0,0,2,0,0,3,0,0,0,3,3,2,0,0,1,2,1,0,1,0,0,0,1,3,2,0,4,0,10,1,30,0,0,1,0,0,10,0,7,5,0,0,0,1,1,4,0,2,3,0,0,3,1,2,2,0,3,0,2,0,2,0,1,0,0,0,18,7,1,0,0,0,1,2,0,7,0,6,0,0,0,0,1,1,2,20,0,1,3,2,3,0,0,3,3,1,0,2,3,0,5,0,1,2,0,0,0,2,0,1,0,0,1,1,0,1,4,0,1,7,0,1,0,4,4,2,0,0,0,1,1,6,0,0,1,1,0,0,5,11,5,0,0,0,0,31,2,0,1,0,2,1,0,12,2,2,0,0,1,0,1,0,4,1,0,0,1,0,1,8,1,0,4,5,0,1,1,0,1,0,13,3,0,0
1,0,1,0,0,0,0,12,5,0,2,0,2,1,3,0,0,0,0,0,0,1,0,1,0,1,1,0,0,7,1,0,0,10,0,0,0,6,20,0,1,0,2,0,1,7,1,4,3,1,1,6,2,0,0,0,0,0,0,2,1,0,1,1,3,2,1,0,0,0,1,8,0,0,7,0,11,10,5,2,1,2,8,3,0,0,1,0,6,2,3,0,5,0,0,0,0,1,1,1,0,0,0,0,2,0,0,0,2,0,7,1,1,2,14,1,0,3,1,0,0,0,0,6,0,0,0,0,2,2,3,0,0,0,8,6,3,1,1,0,2,0,0,1,0,0,2,0,1,0,0,0,0,0,0,1,0,0,0,3,1,0,1,0,0,3,3,0,5,4,2,0,1,0,0,0,0,3,0,0,0,0,0,0,12,20,0,0,0,1,2,1,3,3,2,1,0,0,0,0,0,1,2,0,5,0,0,0,3,4,4,0,0,7,0,0,0,3,0,0,0,0,1,0,0,0,0,9,1,1,12,0,0,8,0,3,0,4,7,0,0,0,0,2,0,2,1,1,0,1,25,0,0,4,38,2
0,1,0,0,0,0,1,0,9,0,1,0,0,0,5,0,0,0,0,0,2,0,0,0,0,4,0,0,0,0,2,1,4,12,0,0,0,26,4,0,0,1,1,0,0,7,3,6,2,2,1,1,19,2,3,1,1,0,1,0,1,0,1,0,5,0,3,0,0,1,0,8,0,0,47,0,0,45,5,1,1,0,6,0,0,1,9,0,4,9,4,0,7,0,4,0,0,0,0,1,0,0,0,0,2,1,0,1,0,2,2,1,0,5,1,1,0,0,0,1,0,1,0,1,0,2,0,2,1,1,2,1,0,0,2,22,2,0,1,6,3,0,0,0,0,0,0,0,0,0,4,0,1,3,0,0,0,0,0,3,0,0,1,2,0,0,1,1,0,2,1,0,4,0,0,0,0,2,0,1,0,1,0,4,0,2,2,1,1,2,0,0,0,1,1,1,0,0,0,0,0,2,0,0,3,0,0,1,4,1,1,0,0,1,0,5,0,0,1,0,0,0,3,0,0,0,0,4,0,2,8,0,0,4,0,3,0,0,11,1,0,0,0,0,0,0,4,2,1,2,3,1,0,3,19,6
0,8,0,0,0,0,0,5,2,0,1,0,0,1,9,0,0,0,0,0,3,5,0,0,0,1,2,0,0,4,2,0,1,6,1,0,1,4,1,0,0,1,2,0,2,7,2,6,1,1,2,1,19,0,4,0,0,7,0,0,2,6,0,0,5,0,1,0,0,0,1,7,0,0,0,0,0,1,2,0,1,0,1,0,0,0,0,2,0,8,1,0,0,3,0,0,0,0,0,1,0,0,2,0,4,0,1,0,2,0,0,1,1,1,0,0,2,3,0,0,4,0,1,0,0,0,0,0,0,0,3,1,0,0,15,28,3,0,2,0,4,0,0,4,0,0,1,0,0,0,5,0,2,0,1,4,0,0,1,3,1,1,1,0,0,14,0,0,2,1,51,0,3,10,0,0,0,7,0,0,0,0,0,4,0,1,2,0,1,2,3,3,0,1,2,0,1,0,0,3,0,1,4,0,1,0,1,1,1,1,0,0,0,0,2,0,1,0,0,0,0,0,2,0,5,1,5,8,0,3,5,0,0,2,2,2,3,1,6,1,3,0,1,0,0,1,2,4,0,1,0,7,0,0,39,4
2,19,0,3,1,0,0,0,11,0,2,0,0,0,5,0,1,0,1,0,0,0,0,0,2,3,1,0,0,4,1,0,1,15,0,0,5,28,17,0,1,2,21,0,0,6,1,7,0,1,1,1,1,1,2,0,0,3,1,2,2,0,0,0,1,0,3,2,0,1,2,11,0,10,0,0,7,10,2,2,2,0,0,0,1,0,7,0,6,3,0,0,7,2,0,0,0,1,0,1,0,0,2,0,1,0,1,0,0,1,0,1,0,6,0,0,4,0,9,1,0,0,11,4,2,0,0,1,0,1,1,1,0,0,6,33,2,0,1,10,1,2,0,8,1,0,1,0,1,0,5,1,3,3,17,0,0,0,0,3,0,0,1,0,0,0,0,3,2,3,0,0,4,0,0,0,0,1,1,2,0,0,5,3,0,1,1,1,0,6,0,0,0,1,1,0,0,1,0,0,0,0,0,0,2,0,2,0,1,1,1,0,0,1,4,1,1,0,0,0,0,1,0,0,1,0,1,6,1,2,4,0,0,6,3,2,0,0,18,7,0,0,3,1,0,0,0,0,0,4,0,0,0,1,5,2
0,0,0,0,1,0,1,0,21,0,1,0,0,0,3,0,0,0,7,0,0,0,1,0,0,1,2,0,0,1,1,1,0,9,0,0,0,29,15,0,2,0,2,1,0,9,0,10,37,1,1,1,3,0,0,0,0,1,0,0,2,0,0,0,6,0,1,1,0,0,1,3,0,0,0,0,6,0,4,5,0,0,0,0,0,2,15,1,2,18,1,1,3,1,0,0,3,0,0,1,1,0,0,0,2,0,1,0,0,0,9,1,0,5,20,0,0,4,0,0,0,0,0,0,0,0,0,0,2,2,1,1,0,0,4,11,2,0,6,0,0,0,0,8,5,0,5,0,0,0,6,0,0,0,0,0,0,1,1,2,0,0,1,0,0,6,0,0,0,0,0,0,7,0,0,0,1,4,2,2,0,1,1,11,0,0,2,0,1,0,0,5,0,2,0,0,0,0,0,0,0,0,0,0,0,0,0,0,1,2,2,0,0,1,1,1,1,0,0,0,0,0,0,0,0,0,2,15,0,6,1,0,0,1,0,1,0,0,5,1,2,0,7,23,0,1,0,0,0,5,0,0,0,4,10,2
2,5,0,0,1,2,1,1,38,3,1,0,8,0,8,0,0,0,1,0,2,3,0,0,0,1,0,0,0,1,2,0,1,3,0,4,0,28,2,0,2,1,1,0,1,8,0,5,0,2,1,1,14,0,3,1,3,1,0,0,0,1,0,0,4,0,1,0,1,0,4,2,2,0,0,0,5,0,3,1,2,2,3,0,0,5,25,0,0,4,4,0,2,0,0,0,0,0,1,2,0,0,0,0,2,3,1,0,0,0,1,1,7,5,2,0,2,0,7,1,0,4,3,0,0,0,1,0,0,0,2,0,0,0,2,24,1,0,1,2,2,0,2,1,4,0,0,0,1,0,3,0,0,7,2,1,0,1,0,4,0,0,0,0,1,3,0,3,1,0,1,4,2,0,1,0,1,3,0,2,0,0,2,4,3,0,1,3,1,4,3,1,0,1,1,1,1,2,0,1,0,1,1,0,0,0,4,0,0,1,0,0,0,0,0,0,3,0,2,0,0,0,1,0,3,0,4,2,1,4,2,0,9,1,0,1,0,1,4,0,1,1,4,7,1,0,0,3,1,4,0,2,0,2,23,7
0,7,0,0,1,0,2,11,6,0,1,1,0,0,3,0,0,0,2,0,2,0,0,0,2,2,1,0,0,4,1,2,2,5,2,2,0,12,5,0,0,1,1,0,0,6,2,7,1,1,1,5,16,0,0,0,0,1,0,1,1,0,0,1,2,0,1,0,0,0,0,10,0,1,4,0,1,28,2,1,1,2,6,0,1,3,20,1,0,1,1,0,5,0,0,0,0,0,0,2,2,0,0,0,9,0,3,0,0,0,0,1,0,12,14,3,0,0,0,0,2,0,2,0,0,0,1,0,3,0,1,0,1,0,15,21,4,0,1,0,2,0,0,3,0,0,0,1,0,0,6,0,0,0,0,1,0,0,0,1,0,0,0,0,2,0,0,2,1,0,7,0,3,2,0,0,0,0,0,0,1,0,0,3,0,9,3,1,1,0,0,0,0,1,1,0,0,1,0,3,2,0,5,0,2,0,0,0,6,1,1,1,0,7,2,0,3,4,0,0,0,7,0,0,2,0,0,6,2,2,6,1,0,5,0,0,3,1,0,0,0,0,5,1,0,3,3,1,0,1,6,2,0,8,21,4
1,2,0,0,3,1,0,10,2,0,1,0,0,0,3,0,1,1,1,1,0,0,1,1,1,1,0,0,1,2,1,0,0,4,1,1,0,3,0,0,0,0,1,1,1,6,1,6,0,1,1,0,0,0,1,0,0,6,2,1,2,1,0,0,2,0,2,0,3,3,0,10,1,0,3,2,0,0,3,2,2,0,12,4,0,4,17,0,5,21,2,0,1,2,1,3,0,0,0,0,1,0,2,0,3,0,1,0,0,0,3,3,4,3,4,4,2,6,0,0,0,3,0,4,1,1,4,0,3,0,0,0,0,0,22,21,4,0,0,1,1,0,0,7,1,0,0,1,0,0,3,0,0,0,0,1,0,0,0,1,1,0,0,0,1,16,2,0,5,5,26,0,1,0,1,1,2,1,0,1,0,0,0,0,36,4,0,1,2,1,0,0,3,1,0,0,0,2,0,2,0,1,5,0,0,0,0,0,2,1,0,1,1,0,1,1,0,0,1,0,0,0,1,0,0,1,1,1,0,1,1,0,2,1,3,3,0,0,0,0,0,0,4,1,0,1,0,9,2,2,3,0,2,1,8,0
0,36,0,0,0,0,2,2,7,3,1,0,4,0,8,0,0,5,0,0,2,1,0,0,0,4,0,0,0,5,4,0,1,8,3,1,6,20,18,0,2,0,12,0,3,7,2,7,0,2,1,2,2,1,16,1,1,0,1,1,1,7,0,0,2,0,1,0,0,2,0,2,1,0,0,1,2,0,1,4,0,0,6,1,3,2,19,1,0,1,0,0,1,0,0,0,0,4,0,3,0,0,0,0,5,0,2,0,0,0,0,5,0,13,5,1,6,0,1,0,1,1,2,1,1,1,0,0,1,5,1,0,0,0,7,17,3,0,3,0,2,0,0,1,0,0,2,0,1,0,7,0,0,0,13,0,0,2,0,4,0,0,2,0,0,0,1,4,0,1,0,0,6,0,1,0,1,1,1,1,0,0,1,8,0,1,3,1,0,0,0,0,0,2,2,1,0,1,0,0,0,1,0,0,1,0,0,0,2,2,3,0,0,0,0,1,1,0,0,0,0,1,0,0,0,0,2,7,1,2,5,0,0,2,1,0,2,0,0,0,0,0,1,2,1,0,1,0,0,4,1,0,1,1,12,2
0,2,0,0,1,0,1,1,2,2,3,0,0,1,5,0,0,0,0,0,1,1,0,0,0,1,4,0,0,7,1,1,1,1,0,0,0,6,1,0,0,2,4,0,0,5,0,8,0,2,1,4,5,2,0,0,0,1,0,2,1,0,0,0,3,1,3,0,0,0,0,1,0,0,7,5,1,45,5,1,3,1,2,0,1,0,9,0,4,0,3,0,13,1,0,0,4,0,1,1,0,0,0,0,4,3,1,3,1,0,14,1,0,6,4,1,1,3,7,0,1,0,3,0,0,0,2,0,0,0,1,1,0,0,4,14,6,0,0,8,1,1,0,6,0,2,3,0,0,0,4,0,0,1,2,0,0,0,0,1,0,0,2,0,0,0,0,0,0,0,2,0,5,0,1,0,0,2,4,2,0,0,0,3,0,0,2,3,1,3,0,0,0,1,2,0,0,0,0,0,3,0,4,0,1,0,0,0,1,1,0,0,0,0,2,0,0,1,0,0,0,0,1,0,1,0,6,5,0,2,12,0,0,3,0,0,0,2,7,0,1,0,2,9,0,1,7,1,0,4,4,1,0,11,21,4
0,6,0,0,1,1,2,1,13,4,2,0,1,0,7,0,1,1,1,0,3,2,0,0,0,1,0,0,0,2,4,4,1,5,1,0,8,23,0,0,4,0,2,0,0,10,3,11,0,1,2,1,0,0,4,0,1,1,2,1,1,0,1,0,4,0,1,0,1,2,0,2,0,0,0,0,0,0,1,4,1,1,1,1,5,1,4,0,0,6,0,0,0,1,0,0,0,0,0,1,0,0,0,0,2,0,1,0,0,0,0,1,0,6,2,0,3,1,1,0,0,1,1,2,0,1,0,0,0,4,2,0,1,0,10,27,2,0,3,3,1,2,0,11,1,0,1,0,0,0,9,0,0,2,1,0,0,0,0,7,0,0,2,0,0,5,0,4,0,4,1,0,9,0,1,0,1,4,0,2,2,0,1,14,0,15,5,0,6,16,0,0,0,1,1,0,0,0,0,6,1,0,1,1,4,0,2,0,1,1,1,0,0,0,5,0,2,1,3,0,0,0,0,0,0,0,3,5,0,1,2,0,1,4,1,1,0,5,7,6,0,0,1,20,1,4,0,0,3,4,4,0,1,15,21,1
0,0,0,0,14,0,3,8,0,0,0,0,0,1,0,0,0,2,2,2,1,0,0,5,0,0,0,0,0,0,1,2,0,1,6,0,8,3,1,0,1,15,0,0,0,1,0,2,1,2,0,0,2,0,2,0,0,0,0,0,3,0,0,0,0,0,0,0,4,3,0,1,0,0,1,0,3,16,1,0,5,5,3,3,0,0,1,0,2,0,2,0,0,0,0,2,3,0,3,7,3,0,1,1,6,4,1,1,0,1,5,5,0,0,0,0,3,3,7,0,2,0,0,3,1,0,0,0,3,0,1,0,0,0,0,0,0,1,3,6,0,0,0,0,0,0,3,7,0,0,2,0,0,0,0,0,1,20,1,2,1,1,1,0,0,6,3,1,0,1,0,1,0,1,1,2,0,0,1,5,0,3,0,0,1,1,0,2,6,0,0,2,1,1,6,0,1,1,1,0,2,0,2,0,0,0,0,0,2,1,7,24,0,0,0,0,0,46,1,6,3,0,3,0,0,15,0,1,0,0,0,1,0,0,1,3,0,0,2,0,2,15,0,0,0,2,0,1,2,0,0,0,10,1,1,0
0,2,0,0,0,1,1,6,17,0,1,3,0,1,5,0,0,1,0,0,0,0,0,2,0,2,0,0,0,0,1,0,2,5,1,0,0,20,4,0,1,1,1,0,2,8,0,5,1,1,1,1,4,2,2,1,0,0,2,6,0,0,4,0,7,0,1,0,1,4,3,2,0,0,1,2,2,35,1,9,0,2,1,1,1,5,19,0,25,3,5,0,0,3,1,0,1,3,1,1,0,0,0,0,3,0,1,0,0,0,0,1,0,5,0,0,5,0,0,0,1,0,5,1,0,0,0,0,0,2,1,0,0,0,0,2,2,0,0,1,2,0,0,2,0,0,2,0,0,0,6,1,0,0,0,0,0,0,0,2,0,0,0,1,0,0,0,0,0,0,4,0,6,0,1,1,1,0,2,1,2,0,1,5,6,1,4,3,0,1,0,0,0,7,0,0,0,0,1,3,0,0,0,1,1,0,0,0,2,1,10,0,0,1,1,0,1,0,0,0,0,0,0,0,1,2,0,8,0,1,13,0,0,12,0,1,0,2,3,1,0,0,2,0,0,1,3,1,2,4,3,0,0,5,7,4
0,3,1,1,5,4,0,6,7,0,1,4,1,7,4,0,0,0,1,0,3,0,0,3,0,1,0,0,0,13,1,0,5,8,4,0,1,14,46,0,2,5,1,1,2,9,2,10,0,2,1,1,15,1,6,1,0,13,0,0,1,1,2,1,2,0,6,0,0,1,2,5,0,0,0,0,1,39,5,2,1,0,6,4,1,1,5,0,2,0,1,3,3,0,0,0,0,0,0,1,0,0,0,0,1,0,1,1,0,0,1,1,1,2,3,0,0,3,2,0,0,0,0,1,0,1,0,0,0,0,0,1,1,0,3,4,1,0,1,0,0,0,0,2,0,0,1,0,1,0,4,0,0,2,0,0,0,1,0,3,0,0,0,0,2,1,0,2,1,2,1,3,4,0,1,0,0,7,10,0,0,0,0,2,0,0,0,1,0,0,0,0,0,2,2,1,0,0,0,0,0,0,3,1,5,0,1,0,2,1,4,0,0,2,0,1,0,0,0,0,0,3,2,0,15,0,0,6,0,3,10,0,0,5,1,0,0,0,0,1,7,0,0,1,0,0,0,9,1,1,6,0,0,13,8,3
0,9,3,0,1,1,1,3,10,0,4,0,0,0,3,0,0,3,0,0,1,0,0,0,0,2,1,0,0,5,5,0,0,8,2,0,0,32,9,0,3,2,1,0,0,4,1,7,0,1,1,2,15,1,3,1,0,2,2,4,4,1,0,2,4,0,1,0,0,2,0,9,0,0,0,0,0,2,7,4,1,1,1,0,0,1,8,0,3,0,2,3,8,2,0,0,8,0,0,1,0,0,0,0,8,0,0,0,1,1,0,1,10,10,0,0,2,1,0,0,0,0,4,2,0,2,0,4,2,0,4,4,0,0,2,43,5,0,0,2,4,0,1,3,2,0,1,1,0,0,7,0,3,1,14,1,0,0,3,1,1,0,5,0,0,0,3,3,1,0,1,0,3,0,0,0,0,3,0,0,0,0,0,1,2,0,2,1,1,0,0,0,0,3,4,1,0,0,0,1,0,0,0,0,4,0,1,0,4,1,4,0,2,0,2,0,0,1,0,2,0,0,1,0,2,0,4,6,1,1,5,0,0,4,1,1,0,0,4,0,1,0,1,0,0,2,1,5,0,2,3,0,0,1,10,5
3,11,0,2,0,1,2,0,11,2,1,2,1,1,4,0,0,0,3,0,1,1,0,1,1,2,0,1,18,5,1,1,1,3,0,5,0,28,1,0,2,3,2,0,0,9,0,11,2,1,1,1,0,1,1,0,0,0,5,2,0,0,0,0,7,1,1,0,0,6,3,3,0,0,0,0,3,4,1,3,2,1,2,0,2,10,42,1,0,3,0,0,2,2,0,2,0,1,0,1,0,0,1,0,2,0,1,0,0,0,0,1,0,3,0,1,3,1,2,0,1,0,2,1,0,0,0,0,0,6,1,1,0,0,0,17,2,0,0,0,0,0,0,0,0,0,0,3,0,0,7,0,0,2,0,4,0,0,1,1,0,0,1,0,0,1,0,0,2,2,0,7,8,0,1,0,0,2,0,3,1,0,0,15,0,0,8,2,2,0,0,1,0,2,1,0,0,0,0,5,0,0,0,0,1,0,0,0,0,1,0,0,0,1,3,0,1,0,0,2,0,1,0,0,9,0,0,2,0,2,0,0,1,2,1,0,0,4,2,6,0,0,3,0,0,2,1,1,3,4,5,0,0,9,8,3
0,1,0,4,0,0,3,1,4,1,1,0,0,1,5,0,0,0,1,0,1,0,0,0,0,2,0,0,0,0,1,2,3,12,2,0,2,12,0,0,0,0,6,0,0,9,0,8,0,1,1,1,11,0,6,0,0,0,0,0,0,3,2,0,0,0,1,0,1,0,5,2,0,0,1,0,4,0,2,1,2,2,2,0,0,1,7,1,1,0,0,0,0,0,0,0,0,1,1,1,0,0,0,0,1,1,0,0,0,0,0,3,0,9,1,0,1,4,2,2,1,5,3,0,0,1,0,1,4,0,1,0,0,0,10,41,0,0,3,2,3,0,0,2,7,0,1,0,1,0,4,0,0,4,0,0,0,1,0,10,0,1,1,0,2,15,0,5,11,1,3,2,2,0,0,0,0,2,0,2,0,0,1,3,3,6,5,0,2,20,2,0,0,0,1,0,1,0,0,1,0,0,0,0,1,12,0,0,2,1,2,0,0,0,0,0,1,0,0,0,1,1,1,0,1,0,6,4,1,3,7,0,1,6,0,0,1,0,0,0,0,0,2,6,0,1,2,1,0,4,2,0,0,3,24,3
0,0,1,0,4,0,2,1,3,0,0,2,2,0,5,0,0,1,2,0,0,0,3,2,0,0,1,0,2,0,0,0,1,2,0,0,1,37,1,0,0,1,1,3,7,2,0,3,2,2,1,0,0,0,1,0,3,0,0,0,1,1,0,0,0,0,1,18,1,2,1,14,0,0,0,0,4,6,2,2,11,3,0,2,0,0,8,1,1,4,1,0,7,0,2,0,0,1,1,1,8,0,18,1,0,0,11,0,0,0,0,0,1,5,3,0,6,0,6,2,1,0,1,4,1,0,0,1,2,1,3,0,2,1,2,6,0,1,7,0,1,0,1,5,0,0,2,1,0,3,8,1,0,0,0,3,1,1,0,1,2,3,0,1,0,2,2,1,0,1,6,0,4,1,1,2,0,0,0,3,0,0,1,2,0,1,0,1,1,7,1,3,1,1,9,0,3,6,0,0,2,2,1,1,0,1,0,1,0,2,18,9,1,1,1,0,7,6,0,3,0,0,6,1,0,2,0,12,0,1,8,0,0,2,0,1,0,0,1,0,1,5,0,0,0,2,0,4,0,2,0,0,0,4,4,1
0,2,0,0,1,0,0,3,9,1,9,0,1,4,9,0,1,0,0,0,0,0,0,3,1,4,0,1,0,8,3,0,5,4,1,0,3,0,1,0,0,2,1,0,4,1,2,5,0,2,1,1,4,1,3,0,0,0,0,1,2,1,1,0,9,0,3,0,0,1,3,2,0,0,28,3,0,44,2,2,0,0,7,0,0,0,0,0,4,3,2,0,2,0,1,0,1,0,2,1,0,0,2,0,2,0,0,1,0,0,0,1,0,1,4,2,0,0,0,1,0,0,2,0,0,4,1,0,3,0,1,0,2,0,0,3,3,1,0,0,4,0,0,5,0,0,6,0,0,0,1,0,1,1,0,0,0,0,0,0,0,0,0,0,0,4,1,0,3,0,2,0,2,0,1,0,0,3,0,0,0,0,1,6,0,0,4,1,1,1,0,0,1,2,1,1,0,0,0,0,8,0,0,0,2,0,0,1,5,2,4,0,0,3,0,0,1,0,1,1,0,1,6,0,4,0,3,3,0,1,7,0,0,4,0,0,0,1,0,0,0,0,0,0,0,0,2,9,0,1,16,0,0,21,43,1
1,4,0,0,2,0,1,4,3,1,0,0,2,8,8,0,0,1,0,0,3,0,3,1,0,0,0,0,1,4,3,0,2,2,3,0,3,9,2,3,0,1,2,1,0,2,1,5,0,2,1,0,2,1,3,0,0,1,0,0,0,0,0,1,0,0,6,2,1,2,0,9,0,0,0,0,0,48,2,1,3,1,5,0,0,4,0,0,0,6,0,0,1,0,1,1,0,1,1,0,1,0,12,0,4,0,1,2,1,1,3,1,1,8,7,9,5,5,2,0,0,1,1,2,0,0,1,0,0,5,2,0,0,0,5,19,0,0,3,2,0,0,4,2,1,0,0,1,1,0,1,0,0,1,0,5,0,0,0,1,1,0,0,0,1,3,0,2,0,1,1,0,3,0,0,1,0,0,0,1,0,1,0,3,3,1,1,3,0,1,0,1,0,1,3,0,2,0,1,4,1,1,3,0,7,0,0,1,2,2,0,9,0,1,2,0,0,5,0,1,2,4,2,0,0,4,3,3,1,2,9,0,0,2,0,2,0,0,5,2,0,5,5,5,0,0,0,0,0,2,1,0,3,7,7,1
1,4,1,1,0,0,0,10,6,3,1,0,0,1,2,0,0,1,1,0,0,0,2,5,1,2,1,1,1,5,3,0,2,7,0,0,3,33,7,0,0,1,2,3,0,5,0,11,0,2,1,1,5,1,2,0,1,1,0,0,0,0,0,2,2,0,2,0,1,2,0,15,0,0,0,0,55,33,3,1,4,0,4,2,1,3,9,0,3,1,0,0,4,1,0,1,2,0,2,2,0,0,0,0,1,5,0,0,0,0,1,1,4,4,5,1,0,1,0,0,0,0,5,2,0,0,0,1,0,1,0,0,0,0,16,29,2,0,1,0,6,0,0,4,2,0,0,0,0,0,3,0,1,1,0,0,0,0,0,0,0,0,1,0,1,9,0,0,1,1,1,0,4,1,0,1,0,2,0,1,0,0,2,4,4,8,1,0,0,2,0,0,1,2,1,0,1,0,0,2,0,1,1,0,3,0,0,0,0,1,0,0,0,2,1,0,0,0,0,0,0,0,0,0,0,0,1,7,0,1,1,0,1,4,0,0,0,0,1,0,0,0,1,0,0,5,2,1,0,1,8,2,1,7,20,3
1,1,0,0,22,0,1,9,0,0,6,0,0,0,11,0,0,1,1,0,1,15,1,1,0,2,1,0,0,0,1,0,1,1,0,0,9,0,0,1,0,6,0,9,0,0,1,0,2,1,0,0,5,0,3,0,2,0,0,0,1,3,1,0,2,1,0,1,6,0,0,15,0,6,2,0,1,19,0,0,2,9,1,3,2,0,0,1,2,0,0,0,0,0,3,9,1,1,0,1,0,0,1,0,0,1,0,1,1,2,2,0,1,0,0,4,2,6,0,0,1,0,1,5,3,0,0,1,2,0,1,0,0,0,0,0,0,2,14,3,0,0,0,2,0,0,0,4,1,0,2,0,0,0,0,0,0,1,0,0,4,4,0,0,0,3,2,2,0,0,3,0,0,0,1,4,0,0,1,2,0,2,0,0,0,2,0,1,3,0,1,3,0,1,1,0,3,4,3,0,0,1,1,0,0,1,1,1,2,0,5,6,3,0,0,0,0,47,2,4,1,0,4,1,0,14,0,3,1,1,4,0,1,6,0,0,0,0,1,3,1,14,1,0,11,0,1,0,0,0,0,0,7,8,0,0
0,2,1,0,4,0,1,7,3,2,1,1,0,0,7,0,2,1,0,0,6,0,1,2,0,2,0,0,0,4,2,0,4,0,2,0,15,6,0,0,0,3,1,0,0,1,0,7,4,1,1,0,2,1,5,1,0,0,2,0,0,2,0,0,2,1,2,0,1,1,0,14,0,0,1,0,0,2,1,3,5,2,14,0,1,1,6,0,8,11,2,0,0,0,1,0,0,1,0,0,3,0,4,0,3,0,1,0,0,1,1,0,0,6,7,0,4,1,5,0,1,0,2,5,0,0,0,1,0,0,1,0,1,1,11,19,1,0,5,2,0,0,0,2,0,0,3,4,0,2,3,0,0,1,0,0,3,0,0,2,1,1,2,1,1,0,1,2,0,3,4,0,2,0,4,3,0,2,0,2,0,0,1,6,0,3,1,1,2,0,0,1,1,1,3,0,1,0,0,2,0,1,1,0,4,1,2,2,0,2,7,4,1,0,1,0,9,1,1,1,4,0,0,0,0,1,3,13,0,1,5,0,0,6,1,1,0,0,4,1,4,1,1,2,0,2,0,5,0,7,3,0,0,0,14,2
0,3,0,0,5,1,0,2,11,2,2,0,7,0,8,0,0,1,3,0,2,1,0,1,0,3,1,0,0,1,13,0,1,3,3,0,3,16,4,0,1,1,8,0,1,5,1,9,1,1,1,1,11,0,1,0,1,0,1,0,0,2,0,1,3,0,1,0,2,2,3,2,0,0,0,0,0,0,2,4,1,0,0,0,7,1,7,0,0,0,1,0,1,0,0,0,0,0,0,1,1,0,0,0,2,2,0,0,0,0,0,2,0,5,3,0,0,1,1,0,1,3,0,0,0,2,0,0,2,3,3,0,0,0,4,40,1,0,1,3,0,0,0,8,1,0,1,0,1,0,8,0,1,1,1,0,0,0,0,4,1,0,2,0,1,0,0,11,0,1,1,0,6,0,0,0,1,1,0,1,0,0,2,8,0,1,6,0,1,11,0,0,0,1,1,0,0,0,0,1,0,0,0,0,3,0,0,0,1,1,0,0,0,1,2,0,1,1,2,0,0,0,1,0,1,0,6,6,0,3,4,0,0,3,4,3,1,9,0,4,3,0,1,5,1,4,3,0,1,3,1,0,1,6,24,8
0,1,0,0,0,0,0,10,18,0,1,0,1,0,2,0,0,0,1,0,0,0,0,2,0,1,0,0,0,14,1,0,3,4,1,0,12,36,1,0,1,0,1,0,1,9,1,7,0,1,4,3,2,0,0,0,0,0,0,3,0,0,0,0,0,2,1,0,0,0,0,14,0,0,6,0,0,0,1,2,1,0,30,4,0,1,2,0,1,22,0,0,8,0,0,0,0,0,0,1,0,0,0,0,1,0,1,0,0,0,0,1,0,0,4,2,1,0,3,0,1,0,0,0,0,0,1,0,5,0,1,0,0,0,28,14,1,0,6,0,1,0,0,13,0,0,2,0,0,0,1,0,0,0,0,0,0,1,0,4,0,1,0,0,0,5,0,0,0,3,1,0,2,0,0,0,0,1,0,0,0,0,0,4,0,2,0,1,1,0,0,0,1,7,2,4,0,0,0,3,3,0,0,0,0,0,0,0,1,1,5,0,0,2,3,1,0,0,0,0,0,3,0,0,1,1,0,15,3,1,4,0,0,0,0,1,0,0,10,3,0,0,1,8,0,0,1,0,0,1,6,1,0,11,7,2
2,3,0,0,1,1,2,0,6,7,2,2,1,0,2,0,2,0,2,1,3,1,0,0,0,1,1,2,0,2,4,1,1,15,1,3,8,33,5,0,1,4,3,0,0,4,1,10,0,2,1,2,0,1,0,0,6,1,3,2,2,2,1,0,3,2,1,0,0,5,0,3,0,0,0,0,6,1,1,0,0,1,0,1,1,3,10,0,1,0,0,0,1,2,0,2,0,0,0,1,0,0,0,0,2,1,2,0,0,0,5,1,0,11,4,1,11,1,22,4,0,7,0,3,0,1,0,0,2,2,1,0,1,0,1,25,3,0,3,0,1,0,0,1,2,1,0,0,0,1,3,0,0,1,1,2,0,0,0,5,1,0,4,0,2,4,0,6,2,1,1,0,1,0,3,0,2,1,0,2,1,0,0,4,0,4,7,1,4,10,1,0,0,3,1,0,0,0,0,4,0,0,0,0,0,0,1,0,2,1,3,0,0,0,2,1,2,0,0,0,0,0,0,0,0,0,3,2,0,1,7,0,1,7,3,2,0,1,3,4,0,0,0,9,0,1,2,2,0,5,2,1,0,3,17,0
2,0,0,0,3,0,0,5,2,0,2,0,0,0,10,0,0,2,0,0,1,0,2,1,0,5,0,0,1,5,1,1,8,4,1,0,4,7,1,0,0,0,1,0,0,2,0,5,1,3,1,0,0,1,0,0,0,0,0,2,4,0,0,0,3,0,1,1,2,0,1,4,0,0,14,1,5,34,8,0,4,0,5,1,0,1,2,0,3,0,1,0,0,0,0,1,0,1,10,0,4,0,5,1,1,1,0,0,0,2,0,0,0,0,0,5,3,2,3,1,1,1,3,1,1,0,1,0,2,0,0,1,0,0,9,4,0,5,8,2,4,0,0,1,1,0,1,3,0,0,2,0,0,0,0,1,1,0,0,0,4,0,5,0,0,0,2,1,0,2,2,0,2,1,1,5,0,2,0,2,0,0,1,1,1,0,8,0,2,2,0,1,0,2,1,4,2,2,0,1,1,0,1,0,5,0,1,0,5,2,3,5,1,1,0,0,0,7,0,0,3,0,0,0,6,5,3,2,2,0,17,0,15,10,0,0,0,0,3,0,0,3,0,0,1,0,1,5,0,1,3,0,3,1,26,1
3,1,0,0,0,1,1,5,3,6,2,0,0,0,2,0,0,0,0,0,0,0,0,0,2,1,0,2,1,6,1,2,0,4,6,1,1,8,0,0,1,2,1,0,0,9,0,11,0,2,1,1,0,1,4,1,0,0,0,2,2,1,1,0,14,1,2,1,1,7,6,14,0,1,0,1,1,0,1,2,1,0,2,0,4,0,0,1,0,11,0,1,0,2,0,2,0,0,0,1,0,0,1,0,3,1,6,0,0,0,6,2,0,10,2,0,2,10,5,0,2,2,1,1,2,0,0,0,1,2,3,0,0,0,3,20,0,1,2,0,1,0,0,5,0,0,1,3,0,1,15,0,1,0,0,0,0,3,0,3,13,0,4,0,0,12,0,1,13,0,36,0,6,1,2,1,1,5,0,3,0,0,1,8,0,0,5,2,0,0,1,0,1,0,0,0,0,0,0,2,0,1,2,0,0,0,0,0,2,1,1,0,1,2,2,2,0,0,2,0,0,2,0,0,1,0,3,4,3,2,0,0,0,0,0,1,0,0,1,1,0,0,4,0,0,0,0,2,2,3,2,1,0,4,4,1
0,2,0,1,1,0,0,8,4,4,2,0,0,0,1,1,0,1,1,0,1,0,1,0,0,1,0,0,0,5,0,1,2,3,0,0,1,4,3,0,0,1,1,0,0,2,1,8,1,3,1,0,7,0,0,2,2,1,0,1,1,1,0,0,3,0,1,3,2,0,4,7,0,1,2,0,0,32,6,1,1,0,11,0,0,1,1,0,0,0,1,0,1,0,0,0,1,1,1,0,4,0,1,0,5,0,2,2,1,2,0,0,2,6,6,2,3,2,21,2,1,0,7,0,0,0,0,1,2,1,0,1,0,0,17,2,3,0,2,6,11,0,2,4,0,0,2,1,0,1,7,0,0,1,0,3,1,0,0,1,2,0,0,1,0,0,2,1,1,2,8,0,5,0,0,1,3,2,2,1,0,0,0,6,3,16,4,1,0,1,0,0,0,2,7,3,0,0,1,3,0,0,1,3,1,1,0,2,3,2,0,0,0,3,0,0,0,0,1,1,1,2,2,0,2,0,2,8,1,0,12,1,1,1,2,1,0,1,4,0,0,5,0,0,4,0,1,0,0,5,12,1,0,2,4,1
0,1,3,0,0,4,1,0,6,7,3,1,0,1,6,1,0,1,0,0,5,1,0,0,0,3,0,0,0,1,3,3,3,4,1,5,0,9,12,0,0,6,2,0,1,4,0,7,0,1,1,2,3,1,3,0,1,2,0,1,0,0,1,0,3,0,3,0,0,0,2,9,1,0,11,0,0,47,2,7,2,0,9,0,2,1,23,1,5,2,1,0,3,0,0,0,3,0,0,2,3,0,0,0,1,0,0,0,0,1,1,1,0,2,4,0,4,1,4,0,1,0,4,1,1,0,0,0,2,4,0,0,0,0,9,26,3,0,1,0,0,0,0,1,1,0,1,0,0,2,6,0,0,0,0,1,0,0,2,1,0,2,4,0,0,0,1,3,0,3,1,0,4,0,5,1,1,2,0,1,1,0,0,5,2,0,3,1,2,0,1,0,0,2,3,0,0,0,0,1,0,0,5,0,3,0,0,0,2,1,2,0,0,0,0,0,0,1,1,0,0,0,1,0,0,0,1,5,0,1,4,0,0,3,0,1,0,1,1,0,0,0,0,0,0,0,5,0,0,2,3,0,2,2,8,3
4,0,0,0,2,0,0,1,20,0,1,0,0,0,5,2,1,3,0,1,0,0,1,0,3,0,2,0,0,0,1,0,1,2,0,0,1,1,0,4,0,1,1,0,0,4,0,6,0,3,1,2,4,0,3,0,0,0,0,0,0,0,0,3,1,1,2,1,1,0,2,2,0,0,0,0,1,29,3,0,0,2,3,3,0,0,12,0,0,1,1,0,0,0,1,0,0,0,0,0,1,0,3,2,2,0,0,0,3,1,0,1,0,7,0,2,0,10,1,0,0,0,6,5,0,0,4,0,0,0,2,0,1,0,1,6,1,0,3,1,3,0,0,5,0,0,0,1,0,0,4,0,0,1,0,1,1,0,0,0,2,0,1,0,1,2,1,1,12,0,20,0,5,0,3,0,0,9,0,3,0,1,0,0,0,8,1,0,1,1,1,4,1,1,2,4,0,2,0,1,0,1,1,0,1,0,0,2,2,2,1,1,0,0,0,5,0,4,2,1,0,0,2,0,2,5,6,0,0,1,2,0,16,0,0,3,0,2,0,0,2,15,2,0,1,1,1,1,0,2,7,0,8,1,12,0
0,0,0,0,3,0,2,5,4,0,3,0,0,0,7,0,0,1,0,0,0,5,0,0,1,0,0,0,0,0,0,0,1,0,0,0,8,3,11,3,1,1,1,1,0,4,0,4,5,1,1,3,6,0,0,0,0,2,0,2,1,1,0,0,1,1,1,1,2,2,1,19,0,23,3,0,2,8,4,1,0,3,0,1,2,0,0,1,26,0,0,0,2,0,3,0,0,2,2,0,1,0,4,0,0,0,0,1,3,0,0,0,0,0,2,1,2,4,9,3,0,1,0,2,1,0,0,0,0,0,0,1,1,0,2,6,1,0,9,0,1,0,0,3,0,0,0,0,0,14,1,0,0,0,0,0,0,0,0,0,2,1,3,0,0,9,0,2,0,0,4,0,4,0,1,2,0,1,0,2,0,3,0,0,0,0,6,1,3,0,0,5,1,3,1,0,3,1,10,1,0,2,2,2,2,3,2,0,0,2,2,2,0,0,0,1,0,8,0,1,9,0,4,1,1,4,1,10,0,1,4,0,0,3,0,0,0,0,0,5,0,4,1,0,3,0,1,1,1,1,0,0,1,1,1,1
0,3,0,0,2,0,0,8,0,4,6,0,0,1,2,2,0,1,0,2,1,0,1,3,0,0,0,0,0,0,1,2,0,1,1,0,6,0,1,0,0,8,0,7,0,0,1,0,2,8,0,2,0,0,5,0,0,0,0,0,0,0,2,0,0,0,0,0,1,0,0,0,0,0,0,0,0,3,1,0,0,1,0,6,0,1,2,0,1,0,0,0,0,0,0,3,2,0,0,0,0,0,9,1,1,1,0,1,2,3,6,0,0,0,2,12,0,12,0,0,1,0,1,7,2,0,0,2,7,1,2,1,0,0,0,0,0,0,37,2,2,0,1,1,3,1,1,6,2,0,0,0,1,1,0,2,3,0,0,0,3,4,13,0,3,4,3,5,0,0,4,0,3,0,2,5,1,0,0,6,0,0,0,1,1,2,4,2,3,3,2,6,0,1,4,0,2,2,9,0,1,2,1,5,1,0,2,1,1,0,1,7,0,0,0,0,0,34,1,1,1,2,0,0,0,14,1,4,0,2,0,0,0,4,2,2,0,0,1,1,1,2,0,2,0,1,0,1,1,0,0,0,7,1,1,0
1,19,1,0,2,0,0,5,4,0,2,1,1,8,2,0,0,0,0,0,3,1,1,0,1,1,0,0,0,11,2,0,1,5,2,0,0,5,4,0,0,1,4,0,25,5,0,10,1,1,1,2,1,0,1,2,0,2,3,0,2,5,2,0,6,1,3,0,0,4,4,2,2,0,0,0,0,29,3,2,0,1,5,0,5,0,1,0,0,3,0,0,2,0,0,0,0,0,1,2,0,0,0,0,2,0,2,1,0,0,2,1,0,7,15,1,0,0,1,1,0,1,10,2,0,0,0,0,0,1,1,0,0,0,3,31,7,0,7,2,3,0,0,12,5,0,0,0,0,0,7,0,0,0,2,2,3,0,1,2,0,1,2,0,0,7,0,0,0,0,5,0,4,0,0,0,0,3,0,0,0,0,1,3,1,1,1,1,1,1,1,4,0,0,0,1,0,0,0,1,3,1,0,0,0,0,0,0,1,1,1,0,0,2,1,0,1,0,0,0,0,2,1,0,2,0,3,0,0,5,1,0,0,2,0,0,1,0,0,0,0,0,1,4,2,0,3,14,0,1,0,0,1,4,28,1
0,0,0,0,1,0,1,2,0,0,0,1,1,0,3,0,0,1,0,0,1,0,1,0,0,0,0,0,0,0,0,2,0,1,0,0,16,14,1,1,0,8,0,0,0,0,0,3,11,4,0,1,1,0,1,0,0,0,0,0,2,1,0,0,0,1,0,2,2,0,0,6,4,0,1,5,0,11,1,0,0,7,2,1,0,0,0,0,1,1,0,0,0,3,2,0,1,2,1,0,0,0,5,0,0,0,0,0,3,5,2,2,3,1,2,0,13,10,0,2,2,4,1,0,2,0,5,1,2,0,1,0,1,0,0,0,0,0,1,5,5,0,0,0,0,0,0,3,0,0,0,0,0,0,0,0,2,0,0,0,1,1,8,0,0,1,2,4,2,1,5,1,0,0,1,1,1,0,0,1,0,0,0,0,2,1,0,2,4,0,0,3,1,0,6,0,0,1,3,0,0,1,5,0,0,2,0,2,0,0,2,5,0,0,2,0,0,47,1,1,1,2,1,1,0,7,1,2,1,0,7,0,0,0,2,0,0,0,8,0,1,15,0,5,11,0,0,0,3,10,5,0,7,4,0,1
2,1,0,0,5,0,2,2,1,0,0,5,1,1,0,0,2,1,0,0,1,8,1,2,1,0,0,0,0,0,1,0,0,2,0,0,34,9,1,5,0,8,0,5,0,0,0,0,0,3,0,1,7,0,4,3,0,12,2,0,0,1,0,0,0,0,0,1,1,6,1,1,0,6,1,0,0,1,1,0,0,0,5,1,0,0,2,0,1,0,0,0,0,0,0,1,0,1,0,1,2,0,1,0,4,0,0,0,0,1,0,2,1,0,0,4,0,5,0,2,0,1,3,6,1,0,0,0,2,0,1,1,0,3,0,0,0,2,20,1,0,0,3,1,1,0,0,3,0,0,0,0,0,0,0,0,1,0,0,1,2,3,3,0,1,1,5,5,2,0,2,0,1,1,2,2,0,0,2,3,0,1,0,3,1,1,2,2,4,0,3,2,0,0,5,0,0,3,0,0,0,5,1,12,0,9,0,0,2,1,36,16,1,0,0,1,0,49,4,3,0,1,0,0,0,15,0,2,0,0,3,0,0,0,0,0,2,0,0,0,3,4,0,0,0,0,0,3,3,1,0,0,3,0,0,0
4,2,0,0,13,1,2,2,0,0,8,1,8,3,2,1,6,2,2,3,1,0,0,3,7,0,3,1,0,0,0,0,0,0,4,0,0,0,0,1,0,2,0,0,0,0,0,0,0,1,0,1,2,0,0,0,2,3,0,0,1,0,0,0,0,0,0,0,2,1,0,3,0,0,1,0,0,15,0,0,1,3,0,1,0,0,0,0,1,0,1,0,5,0,2,0,0,1,0,1,0,0,8,0,3,0,0,1,3,1,3,1,0,0,1,0,1,5,2,0,1,0,1,7,2,0,2,1,1,0,2,7,0,0,0,0,1,2,22,0,0,0,0,1,0,0,0,2,1,0,4,0,0,0,0,0,4,23,0,0,5,1,2,0,1,2,2,1,0,0,1,0,0,0,1,1,2,0,0,1,0,0,1,1,2,4,0,1,2,4,2,6,1,0,3,2,1,1,4,0,3,1,1,0,0,1,4,2,1,0,12,32,3,0,0,4,0,42,1,5,0,0,2,0,0,3,0,1,0,1,1,0,0,0,2,0,0,0,0,0,0,6,1,1,2,0,0,1,0,3,1,0,4,1,0,0
2,1,0,1,0,0,1,7,10,0,3,0,2,6,4,0,1,1,2,0,0,0,0,1,0,1,0,0,0,12,1,0,2,5,0,1,0,1,2,0,0,1,1,0,1,4,0,5,1,1,1,2,9,1,3,0,1,0,0,0,1,1,0,0,3,1,4,0,1,0,0,4,1,1,17,0,3,48,4,3,2,1,8,0,1,0,0,0,9,4,2,0,3,1,0,2,2,0,1,1,0,0,0,1,1,0,0,3,0,0,0,1,0,0,5,1,0,2,0,1,0,0,6,5,0,0,0,1,0,0,0,0,2,0,11,20,1,0,0,1,4,0,0,6,0,0,1,0,0,0,4,0,0,0,0,1,0,0,0,1,0,1,0,0,0,1,0,0,2,1,5,1,2,0,0,5,0,1,11,0,1,0,1,2,13,1,1,0,0,2,0,1,0,0,0,0,0,0,0,1,2,0,0,1,3,0,0,0,3,1,0,0,0,2,0,0,0,0,0,0,0,0,0,0,0,0,0,1,0,1,1,0,0,3,1,1,0,0,11,0,0,0,0,0,0,1,2,4,0,1,10,0,0,1,19,4
0,1,0,0,2,0,0,0,1,1,0,1,0,1,4,0,0,2,0,1,3,1,2,1,0,3,4,2,3,0,7,2,0,2,0,16,12,2,0,4,0,5,1,1,1,0,0,3,4,3,0,0,1,0,3,4,0,0,0,0,0,0,0,0,1,0,0,0,1,3,0,1,0,5,1,1,14,0,2,1,0,1,3,1,1,2,1,0,0,0,1,0,0,1,2,0,1,0,1,2,0,0,1,0,1,4,0,0,1,1,2,2,2,11,1,0,1,0,0,1,1,1,2,3,0,1,4,1,1,0,1,0,1,0,0,4,0,0,2,1,0,0,1,1,0,0,1,2,0,0,2,0,0,0,0,0,0,0,0,0,4,5,6,3,0,2,3,2,2,1,0,0,0,0,1,5,0,0,0,1,0,1,1,2,2,5,3,3,3,0,0,11,0,0,9,2,4,1,0,3,0,2,1,0,0,0,0,1,2,0,22,16,3,0,0,0,0,22,4,3,0,0,0,0,0,9,6,1,2,0,4,0,0,2,0,0,2,0,1,0,1,6,3,0,1,0,1,0,2,4,2,1,1,5,0,0
2,0,0,1,1,3,1,11,9,0,2,0,0,0,2,0,0,0,0,0,1,1,3,0,0,1,0,0,0,3,3,1,2,19,2,2,1,34,2,0,0,1,4,1,3,7,1,4,1,1,1,2,8,0,5,0,1,0,1,0,3,1,0,1,1,0,1,0,0,0,3,1,1,0,4,1,1,48,1,1,1,1,1,0,0,1,29,0,1,0,2,0,7,0,0,0,0,2,2,1,0,0,0,0,7,0,0,0,0,0,3,1,0,13,9,0,5,1,1,0,0,0,3,0,0,3,0,0,0,1,0,0,0,0,2,4,2,0,0,1,1,0,0,3,0,1,0,0,0,0,7,0,0,0,4,0,0,0,0,2,0,0,1,0,0,1,1,0,0,0,0,0,4,0,1,0,1,7,0,2,0,0,1,6,2,0,3,1,0,0,0,0,0,1,1,0,0,1,0,0,1,1,0,0,1,0,1,0,2,1,0,0,0,0,5,0,1,0,0,0,0,0,0,0,1,0,2,5,1,4,18,0,1,3,0,0,0,2,0,3,0,1,1,0,0,0,0,0,1,4,1,0,0,2,24,5
1,19,0,0,0,3,0,13,10,3,6,0,2,1,12,0,0,0,2,0,1,1,1,1,0,5,0,4,0,3,8,2,3,2,3,1,0,4,0,0,0,0,2,0,0,6,1,5,0,1,1,2,2,0,1,0,0,0,3,1,0,5,0,0,1,1,1,0,1,2,0,5,0,0,0,4,0,21,3,3,1,0,1,0,3,0,0,1,0,11,0,0,0,0,0,0,0,0,0,1,0,1,0,0,3,0,2,1,0,0,0,1,0,4,11,2,3,1,4,0,0,0,1,2,0,1,0,1,0,2,1,0,0,0,1,11,0,0,2,0,1,0,1,5,0,0,1,0,0,0,6,0,2,1,0,0,0,1,0,3,1,1,7,0,1,11,3,0,1,1,5,1,7,4,0,0,1,1,2,1,0,0,0,9,2,1,3,4,1,2,0,0,0,2,1,0,0,0,0,2,0,1,1,1,1,0,1,0,0,1,2,0,0,0,2,0,0,0,0,0,0,0,0,0,1,0,5,4,0,2,1,0,0,2,3,0,2,2,6,2,0,0,2,2,0,0,2,4,0,3,9,0,0,9,15,2
0,39,0,0,3,0,0,4,32,0,1,3,0,2,4,0,0,1,0,0,1,1,1,0,0,2,0,0,0,1,0,0,2,2,0,1,3,17,13,0,0,3,1,0,0,3,0,4,1,1,1,0,5,0,2,0,0,2,0,0,0,0,0,0,1,1,2,0,2,0,0,10,0,1,0,0,0,3,1,5,0,1,0,2,0,4,14,0,0,10,0,0,0,0,1,1,1,2,0,2,0,0,1,0,1,4,0,0,0,1,2,2,1,5,1,0,5,1,0,0,0,0,1,2,2,0,0,0,0,1,0,0,0,0,3,24,0,0,0,1,0,0,0,0,0,0,1,1,1,0,5,0,0,0,0,1,0,0,0,1,2,2,1,0,0,0,0,0,2,1,3,0,4,0,0,1,0,1,0,2,0,0,0,3,0,0,0,1,0,1,0,1,0,2,3,0,1,3,3,1,0,0,2,0,1,0,0,1,0,2,5,4,0,0,4,0,0,0,0,0,0,0,1,0,5,2,0,8,1,1,3,0,0,4,1,1,0,0,2,3,0,6,3,1,0,0,2,1,5,5,7,0,0,2,5,2
0,1,0,0,2,0,1,3,0,0,0,0,5,0,7,0,0,1,2,0,1,8,0,1,1,1,3,0,2,0,0,0,0,1,0,3,14,5,1,0,2,10,0,5,0,0,1,2,0,6,0,0,0,0,4,0,0,1,0,0,1,1,0,0,0,1,0,2,4,0,0,0,0,0,0,1,1,5,2,0,0,0,0,0,0,0,1,1,1,0,1,0,0,1,0,0,1,0,0,1,8,0,6,0,9,0,0,0,3,1,5,2,2,2,0,0,1,0,0,0,1,5,3,0,0,0,1,1,1,0,2,0,0,0,1,0,1,1,7,0,0,2,1,3,1,1,2,4,1,0,2,0,1,0,0,2,1,0,1,0,3,4,0,0,4,1,4,3,0,0,5,0,0,0,3,2,1,0,0,3,0,0,0,7,2,2,4,2,5,1,2,4,0,1,15,1,2,1,0,0,1,4,1,2,0,6,1,2,3,2,31,13,2,0,0,0,0,47,1,1,0,1,4,0,0,10,5,2,0,0,6,1,0,0,2,0,0,0,4,0,2,19,1,0,1,0,0,0,2,1,0,0,0,0,0,0
1,22,0,0,2,0,2,10,11,1,1,0,0,0,5,0,0,0,2,0,1,0,2,0,0,1,0,0,0,4,3,1,3,4,0,0,0,14,5,0,0,0,1,1,2,9,0,7,0,1,1,1,0,0,0,0,0,0,0,0,0,0,0,0,3,0,1,0,0,0,1,5,0,0,6,0,0,32,3,1,2,1,8,1,0,0,29,0,0,13,1,0,2,0,0,0,3,3,0,2,0,0,0,0,1,0,2,3,0,0,0,1,0,9,11,5,0,0,0,0,0,1,2,0,0,3,0,0,0,0,1,1,0,0,3,8,0,0,0,1,3,0,0,0,0,1,1,0,0,0,2,0,0,0,0,2,0,0,0,2,0,0,0,0,1,0,0,0,2,2,4,0,6,1,0,1,0,1,11,0,1,0,0,6,1,11,5,0,3,0,0,0,1,2,2,0,0,0,0,1,0,1,3,0,1,0,0,0,2,1,0,1,0,0,3,0,0,2,0,1,0,0,2,0,1,0,0,11,1,4,3,0,0,3,1,1,0,2,3,0,10,1,0,0,0,1,1,0,0,1,12,0,0,10,28,1
3,0,0,0,3,0,0,2,0,0,2,0,1,2,2,0,0,2,1,2,1,0,0,2,1,0,0,0,1,0,0,0,1,0,0,0,0,4,0,0,0,2,2,0,1,2,2,5,0,1,0,2,3,0,4,0,0,0,0,1,1,0,0,0,0,2,1,2,2,1,1,8,0,0,0,1,0,14,2,0,5,0,1,3,0,0,5,0,0,0,0,0,0,0,4,2,0,3,7,0,0,0,14,4,0,2,0,0,3,1,0,0,4,1,1,2,0,17,0,0,2,2,3,7,1,0,2,1,3,0,2,0,2,2,0,10,1,1,22,0,1,2,0,0,2,1,2,2,0,0,0,0,1,0,0,1,0,0,0,0,4,1,0,0,2,3,3,0,0,0,9,0,2,0,1,3,1,1,3,1,0,2,1,3,3,0,0,1,3,1,3,5,0,2,0,5,1,0,2,0,0,0,2,4,0,14,1,1,1,0,0,3,1,0,0,8,0,12,0,0,0,0,1,0,0,1,1,2,0,0,3,0,0,3,0,0,0,2,1,0,1,7,0,3,0,2,0,5,0,0,0,0,2,2,8,1
6,1,1,0,1,1,0,6,33,0,1,2,3,1,4,0,1,0,1,0,0,1,0,0,3,1,0,0,0,6,2,1,1,1,0,2,2,27,0,3,2,4,3,1,1,6,2,7,0,5,3,1,8,2,2,0,0,0,1,4,1,0,0,1,4,0,4,0,0,0,0,16,0,0,9,0,0,0,3,4,0,2,4,3,0,1,10,0,6,14,2,0,4,0,1,0,0,0,0,1,0,0,0,0,3,0,1,0,0,0,0,1,8,1,1,0,4,0,2,1,0,0,0,0,0,0,0,0,11,0,2,3,0,0,7,28,2,0,5,0,2,0,0,1,0,1,0,0,0,0,2,1,0,0,0,2,0,4,0,3,0,0,0,0,0,4,0,0,1,1,8,0,2,0,0,0,0,3,0,0,0,0,0,1,0,0,3,1,0,0,0,1,0,1,1,0,0,0,0,2,0,0,0,0,0,0,0,0,0,1,0,0,1,0,0,0,2,0,0,0,0,0,1,0,0,0,4,4,0,3,0,0,0,1,3,0,0,1,0,0,0,3,0,0,2,6,0,0,0,1,0,0,0,6,19,3
1,1,0,0,1,2,3,1,22,4,2,0,0,1,8,0,2,1,2,0,6,0,1,0,0,4,1,1,0,6,1,0,2,7,3,0,0,12,0,0,0,2,4,1,0,11,0,8,0,1,1,2,6,0,5,0,0,4,0,1,0,1,0,0,3,0,1,0,0,1,1,6,0,0,0,0,0,35,2,3,1,3,8,0,3,0,2,0,2,5,0,0,2,8,0,0,1,3,2,2,0,0,0,0,1,0,0,0,0,0,0,1,0,5,4,2,2,1,2,0,0,0,2,0,2,0,0,0,1,3,1,0,0,0,6,23,0,0,0,3,2,0,0,7,4,1,0,2,0,0,7,0,1,0,0,0,0,1,0,1,0,0,1,0,0,0,2,0,0,1,3,0,6,0,0,1,1,1,0,2,0,0,1,11,3,2,2,1,0,2,0,0,0,0,0,1,0,0,0,0,0,0,0,1,0,0,0,0,2,1,0,1,0,0,0,0,0,0,0,0,2,0,2,0,0,0,4,11,0,2,5,0,0,2,0,0,0,0,12,0,0,0,1,0,1,1,1,1,0,3,1,0,0,5,14,5
1,0,0,0,0,0,2,2,10,3,1,4,1,5,4,0,0,0,0,0,1,1,0,0,0,1,1,1,0,0,4,1,0,4,0,3,1,5,1,0,1,0,1,0,13,7,0,8,0,2,1,1,4,2,0,1,3,0,3,0,1,0,0,0,6,3,1,0,0,4,5,7,0,0,5,1,0,12,5,0,2,2,6,2,2,4,13,0,2,1,0,0,3,0,0,1,1,0,2,1,0,0,0,0,2,0,0,1,1,0,0,1,0,8,0,0,11,0,8,1,0,0,0,2,0,0,0,0,0,2,1,0,0,0,1,14,1,0,1,0,1,0,0,8,1,0,0,0,0,0,8,1,2,0,0,1,3,0,1,3,0,0,3,0,1,0,1,4,3,1,26,0,6,2,1,0,1,1,1,1,0,0,0,11,0,1,3,2,1,0,0,0,0,0,0,0,0,0,0,5,1,0,0,0,5,0,0,0,1,2,1,0,0,2,2,0,0,1,0,0,0,0,1,0,0,0,0,0,0,2,1,0,0,2,2,0,0,3,2,7,0,0,0,1,0,2,0,1,4,3,1,0,0,3,9,2
0,0,0,1,0,0,0,2,5,0,6,0,0,2,3,0,0,1,0,0,0,0,0,0,1,2,0,0,0,3,3,0,0,6,4,0,0,23,0,0,1,1,4,0,1,7,3,5,0,1,1,3,3,2,3,0,0,3,5,2,2,0,0,0,4,0,1,0,0,0,1,7,1,3,1,4,4,34,4,2,0,1,1,0,1,0,10,1,1,7,1,0,6,0,0,0,1,0,1,1,0,0,0,0,1,0,0,1,0,0,3,1,0,5,0,1,1,0,0,0,0,0,2,1,0,0,0,0,0,0,0,0,0,0,2,30,1,0,0,1,3,0,0,3,2,1,1,0,7,0,3,0,0,1,0,0,0,0,0,1,1,0,0,0,1,0,0,5,0,2,0,0,2,0,0,0,0,7,0,1,0,0,0,2,7,1,1,1,1,1,0,0,0,4,2,0,0,0,0,1,4,1,1,0,3,0,2,0,6,1,1,0,0,0,4,0,3,0,1,6,0,0,0,0,0,0,5,9,1,1,3,0,0,3,0,0,0,1,8,2,0,0,0,0,0,0,2,3,0,1,0,1,0,15,24,1
0,1,0,0,1,0,2,1,0,0,2,1,0,0,0,0,0,1,0,1,1,3,1,0,0,0,0,0,0,0,0,0,0,0,0,0,16,0,1,2,0,1,0,2,0,0,0,0,0,0,0,9,2,0,2,4,0,0,0,0,0,2,0,0,0,1,1,1,3,4,0,24,1,23,6,0,1,29,1,0,1,1,1,4,1,1,0,0,1,0,0,4,0,0,3,0,2,0,2,1,3,0,1,0,16,1,0,0,7,1,0,4,2,0,0,0,0,9,1,0,0,0,1,3,1,0,0,0,0,0,1,0,0,0,0,0,0,0,7,3,0,0,0,0,0,0,0,3,0,1,0,0,0,0,0,0,4,0,0,0,3,3,0,0,1,4,2,5,0,1,0,0,0,0,1,1,0,0,0,1,0,1,0,4,0,1,5,1,1,0,3,1,0,0,3,1,2,0,0,0,0,1,1,0,0,0,1,1,1,0,5,37,0,0,2,0,0,45,1,1,4,0,3,0,0,3,0,1,0,0,6,0,0,1,0,0,0,0,0,1,0,2,1,0,0,0,0,0,0,3,0,0,0,0,0,0
0,1,0,0,1,0,0,4,0,0,0,1,0,0,5,1,0,2,0,1,2,1,0,0,0,0,1,1,0,0,0,0,0,1,0,0,21,2,0,4,0,7,0,1,0,0,1,1,1,0,0,0,1,0,1,1,0,0,0,0,0,1,0,0,0,0,0,0,2,0,0,0,0,0,1,0,0,6,1,0,0,7,0,1,0,0,0,0,1,0,1,0,0,0,0,0,1,0,2,0,1,0,1,5,0,1,1,0,3,2,7,0,1,0,0,0,1,1,0,0,1,0,1,3,1,0,0,0,0,0,1,0,0,0,0,2,0,0,8,0,0,0,0,0,0,0,0,2,0,2,0,0,0,0,0,0,0,0,0,0,1,3,0,0,1,3,2,3,0,3,2,0,0,0,1,2,0,0,0,3,0,0,0,3,0,2,2,5,4,2,0,11,0,0,29,1,2,1,4,0,0,1,1,1,0,0,0,1,0,0,40,24,0,0,0,0,0,41,2,0,0,0,5,0,22,14,1,1,0,0,1,0,0,0,1,0,0,2,1,0,2,11,0,2,1,0,0,1,2,1,3,0,3,1,0,0
0,25,0,0,2,0,0,0,7,0,1,1,3,2,8,0,0,0,2,1,5,0,1,0,0,1,1,0,0,5,1,0,0,5,0,1,7,30,34,0,1,0,1,0,0,10,0,8,0,2,1,11,0,0,8,0,0,0,0,0,0,0,1,0,1,0,1,0,1,0,2,2,5,0,0,0,2,1,2,0,1,0,1,1,0,2,19,0,1,0,2,0,0,0,0,0,1,0,0,1,0,0,0,0,3,0,0,0,0,0,1,1,0,5,0,1,1,0,4,1,0,0,0,1,0,1,0,0,0,6,1,0,0,0,4,15,0,0,0,8,1,0,0,4,0,0,0,0,0,0,5,0,2,0,4,1,0,0,0,4,1,0,0,0,0,1,1,0,0,0,0,0,5,0,0,0,0,0,8,1,0,0,0,6,0,0,4,0,0,3,0,0,0,1,1,0,0,0,0,0,0,0,0,0,0,0,0,0,2,1,1,0,0,0,1,0,0,0,0,1,0,0,6,0,1,0,0,3,1,1,4,0,0,3,7,2,0,2,1,0,0,1,1,0,0,0,1,1,0,2,1,0,0,13,20,1
0,0,1,0,0,0,0,2,0,0,0,2,0,0,5,0,0,1,0,0,1,1,0,1,0,2,0,0,0,0,0,0,1,0,0,1,11,9,0,4,0,4,0,3,0,0,0,0,0,2,0,0,3,0,3,3,0,2,0,0,0,2,0,1,0,0,0,1,2,1,0,4,4,0,1,0,0,7,1,0,0,8,0,0,0,0,1,0,3,0,0,0,0,2,2,0,2,0,0,0,1,0,7,0,6,0,0,0,0,3,2,0,1,0,0,0,2,0,0,0,1,0,1,0,0,0,4,0,4,0,1,0,0,0,0,0,0,0,7,4,0,2,1,0,0,0,1,8,0,2,0,0,0,0,1,0,2,0,2,0,2,6,0,0,2,1,4,0,1,0,4,0,0,0,1,0,0,0,0,1,0,0,3,0,0,3,0,1,4,0,0,7,0,3,11,0,3,0,0,0,1,2,2,0,0,1,2,3,1,2,0,4,0,0,3,0,0,42,1,1,1,2,0,0,2,0,0,6,3,7,11,0,3,0,1,0,0,4,3,1,2,25,1,2,1,0,0,4,1,9,0,0,8,0,0,6
1,0,0,2,3,0,2,4,10,8,1,0,0,0,1,0,0,0,0,0,5,0,1,0,0,1,0,0,1,2,1,0,0,7,0,0,2,2,0,0,0,2,1,0,0,7,1,10,7,1,1,1,0,0,0,0,0,0,1,2,3,0,0,0,3,0,1,1,0,0,2,11,1,1,5,2,1,37,2,2,5,0,16,0,0,0,3,0,1,10,1,0,2,0,0,0,1,0,1,2,0,0,0,0,4,0,3,2,0,0,0,1,4,16,9,3,0,0,1,1,2,0,5,0,2,1,0,0,0,0,0,0,0,0,13,4,1,0,5,0,1,0,0,5,0,0,0,0,1,1,7,0,1,0,0,0,0,0,0,2,1,0,3,0,0,1,0,1,0,0,7,0,5,0,1,0,0,0,0,1,0,0,0,7,2,1,3,0,4,0,0,0,1,1,0,0,0,0,0,1,6,0,1,0,1,0,0,3,0,1,0,0,0,5,2,4,1,0,0,4,0,4,2,0,1,0,0,6,0,4,1,2,0,0,1,0,0,1,2,1,0,0,2,1,1,0,4,0,0,4,1,0,0,3,9,1
3,0,0,0,0,1,2,5,5,1,1,0,0,0,6,0,0,0,0,0,2,0,2,2,2,2,0,1,0,4,3,0,3,0,2,2,1,7,0,0,0,0,2,0,2,4,0,4,0,1,1,1,2,0,1,0,0,0,0,0,1,0,0,0,0,3,1,0,0,1,8,6,0,0,3,0,0,31,1,1,2,2,4,0,1,2,11,0,0,2,0,0,4,4,1,0,0,0,0,1,0,0,0,0,1,0,3,1,0,0,4,1,0,6,24,7,6,0,10,0,0,0,0,1,0,0,2,0,2,2,0,1,0,0,9,10,1,0,1,1,2,0,0,5,1,0,1,0,0,0,5,0,0,0,0,0,0,0,0,3,0,0,0,0,1,5,0,0,0,2,0,0,6,4,1,0,1,1,0,1,0,0,0,8,0,0,3,2,0,0,0,0,0,0,0,0,0,0,0,1,1,1,0,0,1,0,0,0,2,1,0,0,0,0,0,0,1,0,0,0,0,0,0,0,0,0,5,5,0,4,6,0,0,0,0,4,1,0,2,0,0,0,1,6,0,1,8,4,1,5,4,0,1,11,12,1
0,1,0,0,5,0,0,7,0,0,4,1,0,0,11,0,0,1,1,0,3,1,3,1,0,2,2,1,0,0,0,0,0,0,0,0,9,0,0,0,0,5,0,1,0,0,0,1,2,2,0,0,1,1,3,0,0,0,1,0,1,1,0,0,0,2,0,1,7,3,0,25,0,27,2,1,2,7,0,0,6,20,5,1,2,0,0,3,1,1,0,2,0,3,1,1,1,0,0,0,1,0,3,0,1,0,0,0,1,1,1,0,0,1,1,0,0,5,0,0,1,2,0,0,1,0,2,0,3,0,1,0,1,0,0,1,2,1,5,2,0,0,0,2,0,0,1,2,2,1,0,0,0,0,0,0,0,0,0,0,5,2,0,0,0,1,3,2,2,0,6,1,0,0,1,1,0,1,0,2,0,0,1,0,0,4,5,1,3,1,3,8,0,0,4,0,3,0,0,0,0,1,1,0,2,0,0,1,1,0,1,3,1,0,0,0,0,34,1,1,22,0,0,0,0,10,0,1,0,0,6,0,0,0,0,0,0,0,1,1,1,5,0,1,1,0,0,3,0,4,0,0,1,3,0,0
0,1,1,1,0,1,2,0,7,3,1,1,0,0,1,0,0,0,1,0,0,1,0,0,0,3,1,0,0,1,2,4,2,13,0,1,1,30,0,0,0,0,1,0,2,4,2,7,0,1,1,1,0,0,1,0,2,0,0,3,2,0,0,0,3,0,1,0,0,4,3,7,1,0,0,0,0,21,2,0,0,1,1,1,1,2,24,0,1,0,0,0,6,0,0,2,0,0,0,1,0,0,1,0,1,0,1,0,0,0,1,1,0,4,1,1,5,2,1,0,0,0,2,2,0,4,0,0,2,1,1,0,1,0,1,19,1,0,1,3,5,0,0,0,1,0,0,0,0,0,7,0,0,0,0,0,26,0,0,2,0,0,1,0,1,0,0,0,1,0,0,0,8,0,0,0,1,1,0,1,2,0,0,6,0,0,4,2,3,0,0,0,0,3,1,0,0,0,0,2,1,0,0,0,2,0,1,0,0,1,1,0,0,0,2,0,1,0,0,0,0,0,0,0,25,0,0,3,0,1,4,0,0,1,3,2,0,4,1,14,0,0,2,0,0,3,2,0,4,4,1,0,0,0,15,3
0,12,0,0,1,0,0,2,5,1,4,3,2,0,7,0,0,0,0,0,0,1,0,1,1,1,0,0,0,9,2,1,1,5,7,0,1,27,1,0,4,1,1,0,1,5,1,6,0,1,1,1,11,0,0,1,0,1,0,0,1,0,1,0,3,0,1,1,0,2,1,8,1,1,22,0,13,18,6,1,1,0,7,0,1,0,9,0,1,0,2,0,6,2,0,0,0,0,0,1,0,0,0,0,2,0,1,1,0,0,0,1,0,3,3,0,3,1,12,0,3,0,1,1,0,1,0,0,0,1,1,0,0,0,0,14,1,0,1,0,4,0,0,2,3,0,2,0,0,0,3,0,0,0,1,1,0,0,0,0,2,0,1,0,0,1,0,1,1,2,5,0,2,1,0,0,0,6,0,0,0,0,2,2,5,0,0,0,1,2,2,1,2,1,1,0,1,0,0,1,0,0,0,0,4,0,1,2,1,1,0,0,0,0,3,0,0,0,0,3,0,0,8,0,1,0,4,7,0,2,4,0,0,4,0,0,0,1,2,0,1,0,2,1,0,0,0,3,0,1,0,0,0,2,6,2
1,0,2,0,2,0,2,6,0,7,1,0,2,0,0,0,0,1,1,0,1,0,0,6,0,0,1,0,0,0,0,0,0,0,2,0,1,0,0,1,0,10,0,9,0,0,1,1,6,1,0,0,3,0,2,0,0,0,0,1,1,1,1,0,0,2,0,1,2,1,0,0,1,0,1,0,1,2,0,0,1,0,0,3,0,0,0,2,1,0,0,0,1,0,3,0,0,0,1,0,1,0,32,0,1,0,0,0,0,3,1,3,7,0,1,0,1,7,0,0,0,5,2,0,0,0,0,2,4,0,1,0,0,0,0,0,0,0,9,0,0,0,0,0,0,0,0,1,0,1,20,0,0,0,1,0,2,20,0,1,2,6,0,0,0,2,2,0,0,0,3,0,1,0,2,3,1,0,0,3,0,1,0,0,0,2,0,1,3,0,0,0,1,0,8,1,1,2,1,0,1,0,1,6,0,0,0,0,1,1,7,8,0,0,0,0,1,43,1,0,2,3,5,0,1,4,1,1,0,0,1,0,2,0,3,0,0,0,0,2,0,16,0,0,0,2,0,0,0,4,0,1,4,1,0,0
0,0,1,0,0,0,1,3,6,0,1,0,0,0,1,0,0,0,0,0,5,0,0,0,0,2,1,0,0,0,1,4,0,22,0,5,4,36,3,3,5,1,1,1,0,10,0,5,0,2,2,1,0,1,0,0,0,0,2,0,0,4,1,0,1,0,1,1,0,1,6,8,0,0,0,0,0,0,1,9,1,0,2,0,1,0,1,0,10,6,0,0,2,0,3,0,0,0,0,2,0,0,0,0,2,0,0,4,0,0,0,2,0,7,1,0,4,1,6,1,0,0,0,2,0,0,0,0,0,3,0,0,0,0,0,17,3,0,0,1,1,0,0,2,0,0,1,0,0,0,6,0,1,0,0,0,0,3,0,7,0,0,1,0,0,0,2,0,17,11,4,0,7,0,2,0,1,1,1,1,0,0,0,14,0,0,5,0,0,0,0,0,0,2,1,0,0,0,0,0,0,0,0,0,0,0,0,0,0,1,2,0,1,0,1,0,0,0,0,0,0,0,0,0,0,0,0,21,2,1,18,0,0,2,2,0,0,0,4,1,0,0,2,0,0,1,5,2,1,4,3,0,0,8,5,1
0,1,0,0,1,0,0,0,0,0,0,1,2,0,1,0,1,1,0,0,1,0,0,0,0,0,0,1,0,0,1,0,0,0,0,1,28,0,0,1,0,5,1,0,0,0,0,2,3,0,0,6,1,0,2,0,0,0,0,0,0,2,0,4,1,1,0,0,3,3,0,20,0,0,0,0,0,11,1,0,2,9,0,5,1,0,0,1,1,0,0,1,0,0,3,1,0,0,0,0,2,0,4,0,2,2,0,0,0,1,0,1,2,0,0,2,5,9,0,0,0,0,2,0,1,1,0,0,1,0,1,0,2,0,0,0,0,3,6,11,1,0,0,1,0,0,2,3,0,0,0,2,0,2,0,0,0,0,0,1,2,1,6,0,1,1,3,5,0,0,3,0,0,0,2,2,0,0,0,1,0,1,4,2,0,1,0,1,3,0,0,0,1,1,12,0,2,5,2,0,0,5,1,0,1,1,0,0,5,0,5,3,3,0,0,0,0,35,2,5,1,0,1,2,0,10,0,6,0,0,0,1,0,0,2,0,0,0,1,0,0,7,0,1,9,0,2,0,0,3,1,0,0,8,0,0
3,11,0,0,0,0,0,13,18,2,4,0,0,3,5,0,0,2,0,0,1,0,0,2,0,7,0,0,0,14,1,2,6,11,2,1,4,13,2,0,1,0,2,0,12,3,1,6,1,1,1,1,0,2,0,0,0,0,0,0,0,0,0,0,3,1,1,0,0,2,0,7,1,0,9,0,5,45,4,1,1,1,8,0,0,0,10,1,4,6,0,0,0,0,0,0,2,1,1,1,0,0,0,0,2,3,1,0,0,0,0,1,0,0,0,1,1,1,1,0,0,0,1,1,0,0,0,0,0,0,1,0,0,0,2,14,1,0,0,6,3,0,0,1,0,0,2,0,0,0,2,0,0,0,2,0,0,0,0,1,0,0,1,0,0,0,1,1,0,0,1,0,1,0,1,0,0,1,0,0,2,0,0,0,0,0,2,0,1,1,0,0,0,0,0,0,0,0,1,0,1,0,3,0,0,0,0,1,3,1,0,1,0,1,0,2,0,1,0,1,0,1,2,0,0,0,1,0,0,1,1,0,0,5,3,0,0,0,0,0,0,0,0,0,0,0,5,0,0,1,8,0,0,1,20,1
0,2,0,1,4,0,0,2,0,0,0,1,0,1,0,0,0,1,0,0,1,1,0,0,0,1,3,1,0,0,1,0,1,0,0,7,19,1,1,10,0,5,0,0,0,1,0,0,2,3,0,2,1,0,4,0,0,1,0,8,1,2,0,0,0,1,0,2,1,1,2,0,0,7,1,1,1,7,0,0,2,2,4,5,0,1,1,1,1,0,3,0,0,0,2,0,0,1,1,0,0,0,6,0,14,1,0,1,1,4,0,2,1,0,0,1,0,10,0,0,0,5,0,4,2,0,0,0,0,0,1,0,0,0,0,0,0,1,6,4,0,0,1,1,0,0,0,1,1,0,0,0,0,0,0,0,0,0,0,0,2,3,2,1,3,1,2,3,0,0,0,0,0,0,1,4,0,0,1,2,0,1,0,0,5,2,1,1,3,1,3,0,0,0,3,1,3,0,2,0,0,6,1,0,0,4,1,1,0,0,0,1,1,0,3,0,0,43,2,10,3,1,1,0,0,11,0,2,1,0,12,0,0,6,0,0,4,0,1,1,0,5,2,9,0,0,0,0,0,8,0,0,1,0,0,3
0,24,0,0,1,0,0,2,17,2,2,0,0,0,2,0,1,1,1,0,1,1,0,0,0,4,0,0,0,1,7,2,3,7,0,0,1,18,4,0,0,8,5,0,0,7,1,3,4,1,4,1,5,2,2,0,1,0,0,2,1,1,1,0,1,0,1,0,0,0,0,3,0,0,2,0,11,17,4,0,1,0,1,1,1,0,4,0,0,0,1,0,3,0,0,0,0,0,0,1,0,0,0,1,1,5,0,0,0,0,0,1,0,4,0,0,4,0,0,0,0,0,0,0,0,0,0,0,0,4,1,0,0,0,6,22,0,0,1,6,1,0,0,0,0,0,4,0,0,0,4,0,0,0,18,6,0,0,0,1,3,0,0,0,0,1,0,0,1,1,1,0,5,1,0,0,0,1,4,1,0,0,1,3,6,4,3,2,0,2,0,0,0,2,2,0,0,0,0,0,0,0,0,0,2,1,0,1,2,1,2,0,0,0,2,0,0,0,1,0,0,0,0,0,1,0,0,10,0,1,6,0,0,6,0,0,0,2,3,0,1,0,1,0,0,2,3,0,0,3,1,0,0,1,9,1
0,3,0,0,4,1,0,8,1,1,0,1,1,0,0,0,0,1,0,1,1,0,3,2,2,0,0,0,0,0,1,0,1,0,4,0,5,2,0,8,0,0,1,0,0,0,0,2,2,0,0,4,0,0,0,0,0,0,0,0,1,0,0,0,0,0,1,11,3,0,1,12,0,0,2,0,0,9,2,0,0,4,0,1,0,0,1,0,22,0,0,1,0,1,0,3,0,1,1,0,2,0,10,1,0,0,0,1,0,1,0,1,4,0,2,11,0,12,0,0,1,0,1,0,2,0,2,1,0,0,3,0,1,0,0,1,0,0,12,1,0,0,1,0,1,0,0,0,0,0,0,1,0,1,0,0,0,0,0,2,1,1,1,2,0,4,2,4,0,0,5,0,1,0,4,0,0,0,1,2,0,0,0,1,2,5,0,2,0,2,1,2,0,3,2,2,1,0,12,0,0,5,1,0,0,2,2,1,0,1,0,6,0,0,1,0,2,27,2,6,5,1,3,7,0,1,0,2,0,0,5,0,0,7,3,0,0,0,0,4,2,7,2,4,0,0,0,1,2,2,0,0,0,0,1,1
0,0,0,0,3,6,1,0,4,1,3,0,0,1,2,1,2,0,2,0,0,0,0,0,6,1,0,0,0,2,6,4,0,4,0,1,1,5,0,0,0,3,1,0,3,3,0,4,0,2,1,1,0,0,4,0,0,1,0,5,1,0,0,0,0,0,5,0,0,0,0,11,0,0,0,1,0,0,3,1,1,0,3,0,0,0,5,0,0,4,0,0,2,0,0,0,1,0,1,1,2,0,0,0,1,0,0,0,0,1,0,1,5,6,0,0,0,1,0,1,0,0,0,0,0,0,0,2,2,1,7,0,0,0,4,14,2,0,0,4,3,0,0,2,0,0,0,0,2,0,5,0,0,0,1,0,0,1,0,1,1,0,0,0,0,0,4,0,2,2,4,0,2,0,2,0,2,0,2,1,0,1,0,4,0,0,0,1,1,0,2,0,0,2,1,2,0,4,0,0,22,0,3,0,3,0,1,0,2,1,1,0,10,0,2,0,1,0,8,0,0,0,0,1,5,0,2,7,0,1,5,5,0,0,1,4,0,0,2,1,8,0,2,0,0,0,4,0,0,1,9,1,0,3,2,1
3,2,0,1,4,0,0,4,1,0,0,0,2,1,7,0,0,3,1,1,0,0,1,2,2,2,1,0,0,0,0,0,0,0,1,0,6,21,8,0,0,1,2,2,1,4,0,7,0,2,1,0,1,0,1,0,0,4,0,0,0,1,0,0,0,2,1,0,2,10,2,8,1,0,3,0,1,7,2,0,6,1,1,1,0,1,12,0,0,0,0,0,1,0,1,4,0,0,0,0,0,0,2,0,0,1,0,0,0,1,1,0,1,0,0,1,1,2,0,0,0,0,1,1,1,0,0,0,3,0,4,0,0,0,0,14,1,0,16,2,1,0,2,1,0,0,2,5,0,0,8,1,0,1,6,0,0,0,0,4,3,0,0,1,2,3,0,0,0,1,1,0,5,0,1,3,0,0,0,1,0,2,0,3,1,0,1,1,0,1,0,0,1,1,5,2,3,1,8,1,0,1,2,0,0,0,0,3,3,1,0,16,1,0,0,2,0,12,0,0,0,0,6,1,0,1,0,4,1,0,3,0,0,4,0,0,0,0,1,1,1,2,1,0,0,2,0,5,3,1,0,2,9,6,6,3
0,1,0,1,3,0,0,3,0,0,1,0,0,0,4,1,0,1,1,1,1,0,1,0,0,2,0,0,2,0,0,0,0,0,0,4,17,0,0,4,0,3,0,0,0,1,0,0,0,1,0,0,1,0,1,0,5,1,0,1,2,1,0,0,0,0,0,1,1,7,0,26,0,0,3,0,0,18,0,0,0,2,1,5,0,0,1,0,2,0,0,0,0,0,1,18,0,0,1,0,1,0,7,1,5,0,0,2,0,0,3,0,0,0,0,1,8,13,1,0,0,0,0,2,1,0,1,0,0,0,1,0,1,0,0,1,1,0,1,1,0,0,0,0,0,0,1,2,0,0,0,2,0,0,1,1,0,0,0,0,3,2,0,0,0,4,3,0,0,0,0,0,1,0,2,3,0,0,0,1,0,1,0,0,0,2,0,3,2,1,5,0,1,2,6,0,3,1,30,0,0,1,1,3,0,1,1,2,0,1,11,4,2,1,0,0,0,42,1,0,1,0,9,2,1,3,1,5,0,0,1,0,0,1,1,0,0,1,1,3,0,5,1,1,1,2,0,0,0,2,0,0,0,0,0,0
0,1,0,0,3,0,0,3,5,1,3,0,0,1,2,1,0,0,0,0,0,0,0,0,1,1,0,0,1,1,1,0,1,1,4,0,4,26,3,0,0,0,1,0,2,6,0,10,0,3,1,1,4,3,1,0,0,2,1,1,1,1,0,0,2,0,1,0,0,0,6,15,0,0,1,0,0,0,2,1,6,0,4,1,0,0,8,0,2,13,0,0,2,0,1,0,0,1,1,0,0,0,2,0,1,1,0,0,0,0,0,2,0,4,4,2,2,0,2,0,1,0,0,0,0,0,1,0,1,0,0,0,0,0,4,12,0,0,1,0,0,0,0,0,2,0,0,2,0,0,5,0,0,1,1,0,0,0,0,2,1,0,1,0,0,0,2,1,4,4,36,0,4,0,1,0,1,1,9,2,0,1,0,7,3,4,2,0,0,2,0,2,0,2,1,0,1,0,0,0,0,0,4,0,1,0,0,1,2,2,4,0,0,1,1,0,2,0,0,0,0,0,0,0,0,0,1,8,0,1,2,0,0,2,2,0,0,0,1,0,0,0,2,2,0,0,3,0,0,3,5,0,0,5,21,2
0,1,0,1,1,0,1,1,0,0,0,0,0,0,5,0,0,1,0,0,0,1,0,0,0,0,0,0,0,0,0,0,0,0,0,0,1,2,2,0,3,5,2,0,0,0,1,2,0,5,0,0,2,3,2,0,0,2,0,0,1,1,2,1,1,18,0,0,4,0,0,6,1,0,0,3,0,9,1,0,0,0,0,0,0,0,1,1,0,0,1,2,0,0,2,1,0,0,17,0,0,0,1,0,0,7,0,3,2,1,2,1,0,0,0,9,1,3,0,0,1,1,0,7,7,2,1,2,4,0,0,0,0,0,1,0,0,1,6,0,0,0,2,0,0,0,0,3,0,0,3,1,2,0,0,0,0,9,0,1,4,3,4,0,0,2,2,1,0,2,0,1,2,0,2,5,0,0,0,2,1,0,1,1,1,3,5,2,1,3,5,1,0,1,8,0,3,1,2,0,0,9,1,5,0,1,2,0,0,1,4,10,2,0,0,0,0,9,1,1,0,5,0,2,0,5,2,3,0,0,1,0,0,1,0,2,1,6,2,2,1,9,0,0,0,3,0,0,0,1,2,1,3,0,0,0
0,1,0,0,0,0,0,4,0,0,0,1,0,0,0,0,1,2,0,2,1,0,1,1,0,0,1,0,0,0,0,0,0,0,0,3,9,3,0,1,0,6,0,3,0,0,0,0,0,1,0,0,0,0,3,0,1,0,0,0,2,2,0,0,0,1,0,0,2,1,0,9,2,2,0,0,0,16,1,0,0,8,2,2,0,0,1,1,1,0,0,0,0,0,4,36,1,0,0,2,4,0,1,0,4,1,0,0,0,1,0,2,0,0,0,0,0,1,1,0,2,0,0,1,1,0,0,1,0,0,1,1,0,0,0,0,0,0,2,2,0,0,0,0,0,0,0,4,0,0,0,0,1,0,0,0,6,27,0,1,2,3,0,0,0,1,2,0,0,0,1,0,0,0,1,2,0,0,1,1,0,0,0,0,0,4,1,2,1,1,3,3,1,0,1,0,0,0,5,0,0,5,2,6,0,0,0,0,1,1,5,24,2,1,0,0,0,35,1,2,2,0,0,0,6,8,0,1,1,1,1,1,0,2,0,0,0,0,1,1,0,11,1,2,1,0,0,0,1,2,1,0,2,2,0,1
0,6,0,0,11,0,0,5,0,0,1,1,0,16,0,2,0,1,1,0,2,0,0,1,0,0,1,0,0,0,0,0,0,0,0,1,10,3,0,0,0,4,0,0,0,0,0,0,0,1,0,0,0,0,1,0,0,6,0,0,3,1,1,0,0,0,0,0,1,2,0,4,0,0,0,2,0,16,1,3,6,8,0,0,0,2,0,0,2,0,0,0,0,0,1,0,0,0,0,0,4,0,0,0,0,0,0,0,0,5,0,0,0,0,1,1,2,5,0,0,0,0,3,2,0,0,0,0,1,0,1,0,1,0,0,1,1,0,3,1,0,0,0,0,0,0,1,3,0,0,3,0,0,0,0,0,0,0,0,0,3,4,0,0,0,1,2,0,1,1,2,3,1,0,1,4,0,0,1,1,0,0,0,0,0,1,1,1,5,1,1,9,0,0,8,0,2,0,4,0,0,2,1,0,0,2,0,1,4,3,17,26,2,0,10,0,0,32,1,1,0,0,0,0,0,3,0,1,0,0,10,0,0,6,0,2,1,0,0,0,0,10,0,1,0,0,1,0,2,0,1,0,3,1,0,0
1,4,1,0,1,1,1,0,5,2,1,0,2,6,6,0,0,1,1,0,2,0,2,1,1,2,0,0,0,0,0,1,0,8,0,0,0,25,21,0,1,0,3,0,0,4,1,8,0,2,1,0,0,0,2,0,0,0,2,0,0,2,0,1,9,0,1,0,3,3,0,3,0,0,0,1,1,2,4,1,1,1,0,1,1,2,14,0,0,0,0,0,2,1,1,0,0,0,0,2,0,0,5,0,1,0,1,0,0,0,0,0,1,3,0,0,3,2,1,0,0,0,2,4,0,0,0,1,1,4,0,0,0,1,0,12,0,3,0,1,0,0,0,0,3,0,1,0,1,0,6,0,0,0,0,2,0,1,1,1,1,0,2,0,0,0,1,0,0,2,2,3,5,0,0,0,1,1,8,1,0,0,0,4,12,0,0,0,2,0,0,0,0,3,0,0,2,1,2,6,0,0,1,0,0,0,1,0,1,2,1,1,3,1,1,0,0,1,2,0,0,0,0,0,0,0,1,2,0,1,3,0,0,2,1,0,0,3,0,11,0,2,1,2,0,2,0,0,4,2,1,0,3,7,5,2
0,1,0,0,2,0,0,0,12,0,2,0,0,4,6,1,0,2,0,0,1,0,0,0,0,0,3,0,1,0,0,1,2,2,0,0,1,16,0,4,0,0,1,0,16,1,0,6,0,2,2,1,5,0,1,0,2,1,1,0,5,0,1,0,1,0,1,1,1,1,0,2,0,0,2,1,2,13,3,2,2,0,1,1,3,0,6,0,1,0,0,2,0,0,1,0,0,0,0,1,0,0,1,1,2,1,0,0,0,2,11,1,0,0,0,1,0,4,2,0,0,0,4,3,0,0,0,0,2,0,0,0,1,0,0,14,3,0,2,5,2,0,0,15,0,0,3,4,0,0,0,5,0,0,0,0,0,0,1,1,1,0,3,0,0,0,1,7,0,0,6,0,2,0,0,2,0,0,0,1,0,0,0,3,0,0,3,0,0,0,1,3,1,0,3,0,0,0,0,1,1,0,1,2,0,0,0,0,1,1,0,0,1,0,0,0,0,1,0,0,0,0,0,0,0,1,0,0,0,1,1,0,0,0,1,0,0,1,0,0,0,5,0,11,5,0,0,1,1,1,1,0,1,6,14,2
2,0,0,0,2,1,1,7,6,4,1,0,1,0,2,0,0,1,0,0,2,6,2,0,0,1,0,0,1,3,1,2,1,5,5,0,1,25,3,0,1,0,2,0,0,6,1,5,0,1,1,1,0,0,3,0,0,0,2,0,0,0,2,0,5,1,1,0,1,1,1,1,0,0,0,0,3,28,1,2,0,1,2,1,2,1,12,1,0,0,0,0,1,0,0,0,0,0,0,1,0,0,0,0,2,0,0,0,1,0,4,1,7,5,8,0,4,0,14,0,0,0,1,2,0,2,0,0,1,2,1,0,0,0,0,0,1,0,1,1,1,0,0,0,0,0,1,0,0,0,5,0,0,0,0,0,0,0,0,2,0,0,1,0,0,2,0,0,0,0,0,0,6,0,0,0,0,2,0,1,0,0,1,7,2,1,3,3,1,0,0,0,0,1,1,0,0,1,0,4,1,0,0,0,0,0,0,0,1,1,0,0,0,0,1,0,0,0,0,1,1,0,1,0,0,0,0,2,0,2,1,0,0,3,1,2,0,3,0,3,0,0,6,4,0,1,2,1,1,4,7,1,0,10,16,1
0,0,0,0,0,0,0,0,0,0,0,0,0,0,0,0,0,1,0,0,1,0,0,0,0,0,0,0,0,0,0,0,0,0,0,3,2,2,0,0,0,2,0,0,0,0,0,0,0,0,0,0,0,0,1,1,0,0,0,0,0,0,0,0,0,1,0,0,1,9,0,25,0,0,1,1,0,28,1,0,4,0,0,1,0,1,0,1,2,0,0,0,0,0,2,0,1,0,2,0,1,0,4,1,0,1,0,4,1,0,1,4,2,0,0,4,0,0,0,0,0,0,0,24,0,0,0,0,0,0,1,0,0,0,0,0,1,0,1,0,1,0,0,0,0,0,1,0,0,0,0,0,0,0,0,0,1,0,0,0,1,4,21,0,0,3,2,0,0,0,0,0,0,0,1,0,0,0,0,1,0,4,0,0,2,0,2,3,2,0,4,0,0,0,6,0,0,0,0,0,0,2,1,11,0,0,0,0,0,0,0,22,2,0,0,4,0,17,1,0,0,0,5,0,0,0,0,2,0,0,5,0,0,1,0,0,0,4,0,0,0,38,2,1,2,1,2,0,6,1,3,0,9,1,0,6
1,0,0,2,1,0,1,3,6,0,1,0,0,0,2,0,0,0,0,0,4,1,0,0,0,1,0,0,0,3,3,0,0,12,0,3,3,17,4,0,0,0,1,0,1,6,1,5,1,1,1,1,0,0,0,0,1,0,0,0,0,0,0,1,3,0,2,1,0,0,12,3,2,0,0,0,5,29,1,6,3,0,3,0,3,0,14,1,1,0,1,0,1,0,0,1,0,1,1,1,0,0,0,0,2,2,0,0,1,0,2,1,0,9,3,3,2,2,3,0,0,0,3,0,0,0,0,0,0,2,1,0,0,0,0,3,3,0,1,1,1,0,0,1,2,0,0,0,0,0,4,0,0,0,6,0,0,0,0,1,0,0,1,0,0,1,1,0,1,0,0,0,1,0,0,0,1,4,1,1,0,0,0,4,8,3,0,0,2,0,3,0,1,2,1,1,0,0,0,0,0,0,1,0,0,0,0,1,1,1,3,0,0,2,2,0,1,1,1,0,0,0,0,0,0,0,3,6,1,2,8,0,0,3,0,5,0,0,2,0,0,0,0,1,0,0,1,1,0,4,5,0,0,2,13,2
0,1,0,0,2,0,0,4,0,0,0,0,1,0,5,1,0,1,0,0,1,0,3,0,0,1,0,0,0,0,0,0,0,0,0,0,9,0,0,0,0,3,0,0,0,0,0,1,0,1,0,0,0,0,2,0,0,0,0,1,0,2,0,1,0,1,1,2,1,1,0,6,1,1,0,0,0,3,1,1,0,8,5,1,1,0,0,1,1,0,0,4,0,1,0,0,2,0,2,1,0,0,13,0,0,1,0,0,3,2,1,0,0,0,0,4,0,11,0,0,1,2,0,2,2,0,2,1,1,0,1,0,1,0,0,0,0,3,7,5,1,0,1,0,0,0,1,6,0,0,0,1,0,0,0,0,1,0,0,0,3,5,18,0,0,2,4,5,4,0,0,0,5,0,1,1,1,0,0,1,0,0,0,0,0,4,12,1,1,1,1,3,0,1,1,0,2,0,0,0,0,0,1,0,0,0,1,0,1,0,8,4,1,0,12,0,0,35,2,1,7,0,5,0,0,7,4,2,1,0,7,0,0,0,0,0,2,0,1,0,1,9,0,0,0,0,0,0,0,8,0,0,5,5,1,0
0,1,0,1,0,0,1,2,0,1,0,0,1,0,1,0,0,1,1,0,2,0,0,1,2,1,0,0,0,0,0,0,0,2,0,12,11,4,0,5,0,5,1,0,0,0,0,1,0,2,0,1,3,0,2,0,0,0,0,0,1,2,0,0,1,1,0,19,1,0,0,2,2,8,1,0,2,10,1,1,4,0,14,0,1,0,2,1,0,0,3,0,1,1,1,0,0,0,1,0,2,0,12,0,4,0,1,0,2,1,6,0,0,2,12,0,1,0,0,0,1,1,0,1,0,0,1,2,1,0,1,1,0,0,1,3,0,0,6,5,0,0,0,0,0,0,1,0,0,1,4,0,0,0,1,1,0,0,0,0,2,1,3,0,0,2,2,0,0,0,0,0,0,0,3,2,0,0,0,2,0,0,0,0,0,2,5,1,2,0,0,2,0,0,3,2,1,0,0,0,0,5,1,0,0,3,1,1,3,0,10,25,0,2,0,0,0,20,0,1,0,1,1,0,1,7,0,2,0,0,2,1,1,0,1,0,0,0,2,1,0,1,0,0,0,0,0,2,1,9,1,0,2,3,0,1
0,1,0,0,1,0,0,0,4,1,2,0,0,0,4,0,0,0,1,1,2,1,1,1,0,3,1,0,0,2,1,1,0,6,2,1,0,22,1,0,1,1,3,0,3,6,0,9,0,2,1,1,0,1,1,0,0,1,0,1,2,0,0,1,0,0,3,0,1,2,3,3,0,0,0,0,11,1,1,1,2,0,1,0,0,2,10,0,1,0,1,0,2,0,0,0,1,0,1,1,0,0,0,0,1,0,0,0,0,0,0,2,0,7,4,2,0,0,2,0,0,0,7,2,0,0,0,0,0,3,0,0,1,0,11,24,0,0,1,2,3,0,1,2,0,0,1,0,2,0,5,0,0,1,0,0,0,0,0,2,0,0,0,0,0,0,1,3,0,0,0,0,7,1,0,0,0,1,0,1,0,0,0,9,5,5,2,1,6,1,0,0,1,2,2,1,0,0,0,1,0,0,0,0,1,0,0,0,2,1,0,0,0,0,0,0,0,0,0,0,0,1,2,1,12,0,1,2,2,1,0,0,0,2,0,8,0,1,2,1,0,0,2,2,0,1,1,3,0,5,2,0,0,4,12,2
1,0,2,1,0,0,2,2,12,2,1,0,0,2,1,0,0,0,0,0,0,2,1,0,0,2,0,0,0,3,1,2,0,9,1,0,0,26,2,0,2,3,1,0,3,4,0,7,0,5,1,4,1,0,0,0,0,0,0,0,0,0,2,0,3,1,2,0,0,2,0,5,1,0,0,1,0,0,1,3,2,1,0,0,0,1,13,0,4,14,0,0,0,1,2,0,3,0,0,1,0,0,0,0,6,0,1,0,1,0,0,1,0,5,0,0,6,3,0,0,0,0,0,0,0,0,0,0,0,2,1,0,2,0,1,20,3,0,4,0,1,0,0,3,0,0,7,0,0,0,6,3,0,0,0,0,1,0,0,3,1,0,2,2,0,4,0,3,8,0,25,0,4,0,1,0,2,9,2,1,0,0,0,6,0,1,0,0,0,0,0,0,0,0,0,0,0,0,0,0,0,0,0,0,2,1,0,0,0,1,0,0,0,1,0,1,2,0,0,0,0,1,0,0,0,0,1,0,0,2,0,0,0,1,0,1,1,0,0,0,0,0,1,0,0,1,0,2,0,4,0,1,0,1,6,1
0,0,0,0,2,0,0,3,5,1,2,0,0,0,4,0,0,0,1,0,4,1,0,1,0,1,0,0,1,4,1,0,0,10,0,0,0,23,3,0,0,1,1,3,1,2,0,3,0,1,2,1,0,4,0,0,1,1,0,2,0,2,0,0,3,0,2,0,1,0,6,7,0,0,0,0,1,27,2,6,0,0,3,0,1,1,9,1,0,10,0,1,0,0,0,0,0,1,0,1,0,0,0,1,2,0,0,0,2,0,1,1,0,5,6,1,6,0,6,1,0,0,0,0,0,0,0,0,1,2,1,0,0,0,0,2,2,0,0,9,0,0,0,3,0,0,1,0,0,0,4,0,0,0,4,2,0,0,0,3,0,0,1,0,0,1,0,0,0,2,2,0,6,0,1,0,1,1,0,1,0,0,0,4,0,0,4,0,0,1,0,0,0,6,0,0,1,0,0,5,2,1,1,0,0,1,0,0,2,1,6,0,0,1,1,0,0,0,0,0,1,1,1,0,0,1,2,7,0,1,10,0,0,1,0,4,0,3,0,3,0,0,2,0,0,0,2,1,3,3,3,0,0,3,5,1
0,0,0,0,0,0,1,1,4,0,1,0,0,0,4,0,1,0,0,0,0,0,0,2,0,1,0,1,0,2,2,1,1,2,1,0,1,11,7,0,1,2,20,0,0,4,0,6,0,1,1,3,1,0,2,6,0,0,0,0,1,1,2,0,1,0,1,0,0,3,2,3,0,0,0,0,0,1,1,4,1,0,1,0,1,0,0,1,0,0,1,0,1,1,0,0,0,0,0,2,0,0,0,0,1,0,1,0,0,0,3,1,1,6,2,1,3,1,2,1,0,1,2,0,0,1,0,0,5,0,0,1,0,0,6,18,0,0,1,0,0,0,1,0,0,0,0,0,0,1,1,0,0,1,2,0,2,0,0,1,0,0,1,0,0,1,0,11,2,1,1,7,1,0,0,0,0,1,1,0,0,0,0,1,4,1,3,1,1,9,1,1,0,1,1,0,2,0,0,1,0,0,0,0,1,0,0,0,0,1,0,0,0,0,1,0,0,0,0,0,0,0,0,0,6,0,3,4,0,2,8,0,25,8,0,0,0,6,0,0,0,0,0,4,0,0,3,2,0,1,1,0,0,0,18,1
0,0,1,0,0,0,0,6,5,0,1,0,0,0,5,0,0,0,1,0,0,0,1,0,0,2,1,0,0,0,2,0,1,11,3,0,1,18,1,0,1,0,1,2,5,5,1,4,0,1,1,5,0,1,2,0,2,0,0,1,1,1,0,0,4,1,1,0,1,0,7,6,2,0,0,0,3,29,2,4,0,0,7,0,2,0,24,1,0,0,1,0,1,0,0,0,0,1,0,1,0,0,0,0,1,0,1,0,3,0,1,1,0,4,5,4,1,0,0,1,0,0,2,4,1,0,0,0,0,0,0,0,0,0,2,3,2,0,2,1,1,0,0,2,0,0,1,0,3,0,3,0,0,0,0,1,0,0,0,2,0,1,0,0,0,3,0,0,0,1,3,0,4,1,0,0,0,0,1,1,0,0,1,2,5,0,0,0,0,0,1,0,0,5,1,0,2,0,0,0,0,0,0,0,0,0,5,1,2,1,0,0,0,4,0,0,0,0,0,9,0,1,1,0,0,0,2,4,1,4,3,1,0,2,0,1,0,0,0,0,0,0,2,3,4,0,1,1,0,4,5,0,0,0,11,3
0,0,0,0,0,0,0,0,0,1,0,0,0,0,0,0,0,1,0,0,1,0,0,0,0,0,0,0,0,0,1,0,0,1,0,0,0,0,0,0,0,0,0,0,0,0,0,0,0,0,0,0,0,0,0,0,0,0,0,1,0,0,0,0,0,0,0,0,1,0,0,0,0,0,0,0,0,0,0,0,0,0,0,0,0,0,0,0,1,0,0,0,0,0,0,0,0,0,0,0,0,0,0,0,0,0,0,0,0,0,0,0,0,0,0,0,0,0,0,0,0,0,0,0,1,0,0,0,0,0,1,0,1,0,0,0,0,0,0,0,0,0,0,0,0,0,0,0,0,0,0,0,0,0,0,1,1,0,0,0,1,1,0,0,0,1,1,0,0,0,0,0,0,0,1,0,0,0,0,1,0,0,0,0,0,0,0,1,0,0,0,0,0,0,0,0,0,0,0,0,0,0,1,0,0,0,0,0,0,0,0,0,0,0,0,0,0,0,1,0,0,0,0,0,0,0,0,1,0,0,0,0,0,0,0,0,0,0,0,0,0,1,0,0,0,0,0,0,0,0,0,0,0,0,0,0
0,0,0,1,0,0,0,0,0,0,0,0,0,0,0,0,0,1,0,2,1,0,0,1,0,0,0,0,0,0,0,0,0,0,0,2,1,1,1,0,0,0,0,0,0,0,0,0,0,0,0,0,0,0,0,0,0,0,0,0,0,0,0,0,0,0,0,0,1,0,0,0,0,0,0,0,0,0,0,0,0,0,0,0,0,0,0,0,1,0,0,0,0,0,0,0,0,0,0,0,0,0,0,0,0,0,0,0,0,0,0,0,0,0,0,0,0,0,0,0,0,0,0,1,1,0,0,0,0,0,1,0,0,0,0,0,0,0,0,0,0,0,0,0,0,0,0,0,0,0,0,0,0,0,0,0,0,0,0,0,1,1,0,0,0,1,1,0,0,0,0,0,0,0,1,0,0,0,0,1,0,0,0,0,0,0,0,1,0,0,0,0,0,0,1,0,0,0,0,0,0,0,1,0,0,1,0,0,0,0,0,0,0,0,0,0,0,2,1,0,0,0,1,0,0,0,0,1,0,0,0,0,0,0,0,0,0,0,0,0,0,1,0,0,0,0,0,0,0,0,0,0,0,0,0,0
0,0,0,0,0,0,0,0,1,0,1,0,0,0,1,0,0,0,0,0,0,1,0,0,0,1,0,0,0,0,1,0,0,0,0,0,0,0,0,0,0,0,1,0,0,0,0,1,0,1,1,0,0,0,0,0,0,0,0,0,0,0,0,0,0,0,1,0,0,0,0,0,0,0,0,0,0,0,1,0,0,0,0,0,0,0,0,0,0,0,0,0,0,0,0,0,0,0,0,0,0,0,0,0,1,0,0,0,0,0,0,1,0,0,0,0,0,0,0,0,0,0,0,0,0,0,0,0,0,0,0,0,0,0,0,0,0,0,0,0,0,0,0,0,0,0,1,0,0,0,0,0,0,0,0,0,0,0,0,0,1,0,0,0,0,0,0,0,0,0,0,0,0,0,0,0,0,0,0,0,0,0,0,1,2,1,0,0,0,0,0,0,0,0,0,0,0,0,0,0,0,0,0,0,0,0,0,0,0,1,0,0,0,0,0,0,0,0,0,0,1,0,0,0,2,0,0,0,0,0,0,0,2,0,0,0,0,0,0,0,0,0,0,0,0,0,0,1,0,1,2,0,0,0,2,0
0,0,0,0,0,0,0,0,2,0,1,0,0,0,1,0,0,0,1,0,0,0,0,1,0,1,0,0,0,0,1,0,0,0,0,0,0,1,0,0,0,0,1,0,0,0,0,1,0,1,1,2,0,0,0,0,0,0,0,0,0,0,0,0,0,0,1,0,0,0,1,0,0,0,0,0,0,1,1,0,0,0,0,0,0,0,0,0,0,0,0,0,0,0,1,1,0,0,0,1,0,0,0,0,1,0,0,0,0,0,0,1,0,0,0,0,0,0,0,0,0,0,0,0,0,0,0,0,0,0,0,0,0,0,0,0,0,0,0,0,0,0,0,0,0,0,0,0,0,0,0,0,0,0,0,0,0,0,0,0,0,0,0,0,0,0,0,0,0,0,0,0,0,0,0,0,0,0,0,0,0,0,0,0,0,0,0,0,0,0,0,0,0,0,0,0,0,0,0,0,0,0,0,0,0,0,0,0,1,1,0,0,0,0,0,0,1,0,0,0,0,0,0,0,0,0,0,0,0,0,2,0,0,0,0,0,0,0,0,0,0,0,0,0,0,0,0,0,0,1,0,1,0,0,1,0
0,0,0,0,0,1,0,0,0,0,0,0,0,0,0,0,0,1,0,1,1,0,0,0,0,0,0,0,0,0,0,0,0,0,0,0,0,1,0,0,0,1,0,0,0,0,0,0,0,0,0,0,0,0,0,0,0,0,0,0,0,0,0,0,0,0,0,0,1,0,0,0,0,0,0,0,0,0,0,0,0,0,0,0,0,0,0,0,1,0,0,0,0,0,0,0,0,0,0,0,0,0,1,0,0,0,0,0,0,0,1,0,0,0,0,0,0,0,0,0,0,0,0,0,0,0,0,1,0,0,1,0,0,0,0,0,0,0,1,0,0,0,0,0,0,0,1,0,0,0,1,0,0,0,0,0,0,0,0,0,1,1,0,0,0,1,1,0,0,0,0,0,1,0,1,0,0,0,0,1,0,1,0,0,0,0,0,1,0,0,0,2,0,0,0,0,0,0,0,0,0,0,0,0,0,0,0,0,0,0,0,0,0,0,0,0,0,2,1,0,1,1,0,0,0,0,0,1,0,0,0,0,0,0,0,0,0,0,0,0,0,0,0,0,0,0,0,0,0,0,0,0,0,0,0,0
0,0,2,0,0,0,0,0,0,1,0,0,0,0,0,1,0,1,0,0,1,0,2,0,0,0,0,0,0,0,0,0,0,0,0,0,2,0,0,0,0,0,0,0,0,0,0,0,0,0,0,0,0,0,0,0,0,0,0,0,0,0,0,0,0,0,0,0,1,0,0,0,0,0,0,0,0,0,0,0,0,0,0,1,0,0,0,0,1,0,0,1,0,0,0,0,0,0,0,0,0,0,1,0,0,0,0,0,0,0,1,0,0,0,0,3,0,2,0,0,0,0,0,0,0,0,0,1,0,0,1,0,0,0,0,0,0,0,0,0,0,0,0,0,0,0,0,0,0,0,0,0,0,0,0,0,0,0,0,0,1,1,0,0,0,1,2,0,1,1,0,0,1,0,1,0,0,0,0,2,0,0,0,0,0,0,0,1,0,0,2,0,0,0,0,0,0,0,0,3,0,0,1,0,0,3,0,0,0,0,0,0,0,0,0,0,0,3,1,0,4,1,0,1,0,1,0,1,0,0,0,0,0,0,0,0,0,0,0,0,0,0,0,0,0,0,0,0,0,0,0,0,0,0,0,0
0,0,0,0,0,0,0,0,0,1,0,0,0,0,0,0,0,1,0,0,1,0,0,1,0,0,0,0,0,0,0,0,0,0,0,0,1,3,2,0,0,1,0,0,0,0,0,0,1,2,0,0,0,0,0,0,0,0,0,0,0,0,0,0,0,0,0,1,1,0,0,0,0,0,1,0,0,0,0,0,1,0,0,0,0,0,0,0,1,0,0,1,0,0,0,0,0,0,0,4,0,0,0,0,0,0,0,1,0,0,0,0,0,0,1,0,0,2,0,0,0,0,0,4,1,0,0,0,0,0,1,0,0,0,0,1,0,0,0,0,0,0,0,0,0,0,0,0,0,0,0,0,0,0,0,0,0,0,0,0,1,1,0,0,0,1,1,0,0,0,0,0,0,0,1,0,0,0,0,1,0,0,0,1,0,0,0,1,0,0,1,0,0,0,0,0,0,0,2,0,0,0,1,0,0,1,0,0,0,0,0,0,0,0,0,0,0,5,1,0,0,1,0,0,0,0,0,1,0,0,0,0,0,0,0,0,0,0,0,0,0,0,0,0,0,0,0,0,0,0,0,0,0,0,0,0
0,0,0,0,0,1,0,0,0,1,0,0,0,0,0,0,0,1,0,0,1,1,0,0,0,0,0,0,0,0,0,0,0,0,0,0,1,0,0,0,0,0,0,0,0,0,0,0,0,0,0,0,0,0,0,0,0,0,0,0,0,0,0,0,0,0,0,0,2,0,0,0,0,0,0,0,0,1,0,0,0,0,0,0,0,0,0,0,1,0,0,0,0,0,0,0,0,0,0,0,0,0,0,0,0,0,0,0,0,0,0,0,0,0,0,0,0,0,0,0,0,0,0,1,0,0,1,0,0,0,1,0,0,0,0,0,1,0,0,0,0,0,0,0,0,0,0,0,0,0,0,0,0,0,0,0,0,0,0,0,1,1,0,0,0,1,1,0,0,0,1,0,0,0,1,0,0,0,0,1,0,0,0,0,0,0,0,1,0,0,0,0,0,0,0,0,0,0,0,0,0,0,0,0,0,1,0,0,0,0,0,2,0,0,0,0,0,3,1,0,1,0,1,0,0,1,0,3,0,0,0,0,0,1,0,0,0,0,0,0,0,1,0,0,0,0,0,0,0,0,0,0,2,0,0,1
0,0,0,0,0,0,0,0,0,0,1,0,1,0,1,1,0,0,0,0,0,0,0,0,0,1,0,0,0,0,1,0,0,0,0,0,0,0,0,0,0,0,1,0,0,0,0,1,0,1,1,1,0,0,0,0,0,0,0,0,0,0,0,0,0,0,1,0,0,0,0,0,1,0,0,0,0,0,1,0,0,0,1,0,0,0,0,0,0,0,0,0,0,0,0,0,0,0,0,2,0,0,0,0,1,0,0,0,0,0,1,1,0,0,0,1,0,0,0,0,0,0,1,0,0,0,0,0,0,0,2,0,2,0,0,0,1,0,1,0,0,0,0,3,0,0,0,0,0,0,0,0,0,0,0,0,0,0,1,0,0,0,0,0,0,0,0,0,0,0,0,0,0,0,0,0,0,0,0,0,0,0,0,0,0,0,0,0,0,0,0,0,0,0,0,0,0,0,0,0,0,0,0,0,0,0,0,0,1,1,0,0,0,0,0,0,0,0,0,0,0,0,0,0,0,0,1,1,0,0,0,0,0,0,0,0,0,0,0,0,0,1,0,0,0,0,0,1,0,1,0,0,1,0,0,0
0,1,0,0,0,0,0,0,0,1,0,1,0,0,0,1,0,1,0,3,1,0,0,0,0,0,0,0,0,1,0,0,1,0,0,0,2,0,1,0,0,0,0,0,0,0,0,0,0,1,0,0,0,0,0,0,0,0,0,0,0,0,0,0,0,0,0,0,1,0,0,0,0,0,0,0,0,0,0,0,0,0,0,0,0,0,0,0,0,0,0,0,0,0,0,0,0,0,0,0,0,0,1,0,0,0,0,0,0,1,0,0,1,0,1,0,0,1,0,0,0,0,0,0,0,0,0,0,0,0,1,0,0,0,0,0,0,0,0,0,0,0,0,1,0,0,0,0,0,0,0,0,0,0,0,0,0,0,0,0,1,1,0,0,0,1,1,0,0,0,0,0,0,0,1,0,0,2,1,2,0,0,0,1,0,0,0,1,0,0,1,0,0,0,0,0,0,0,2,0,0,0,1,0,0,1,0,0,0,0,0,0,0,1,0,0,0,3,0,0,0,0,0,0,0,0,0,1,0,0,0,0,0,0,0,0,0,0,0,1,1,1,0,0,0,0,0,0,0,0,0,0,0,0,0,0
0,0,0,0,0,0,0,0,0,0,0,0,0,0,1,0,0,0,0,0,0,0,0,0,0,1,0,0,0,0,1,0,0,0,0,0,0,0,0,0,0,0,1,0,0,0,0,1,0,1,1,1,0,0,0,0,0,0,0,0,0,0,0,0,0,0,1,0,0,0,0,0,0,0,0,0,0,0,1,0,0,0,0,0,0,0,0,0,0,0,0,0,0,0,0,0,1,0,0,0,0,0,0,0,1,0,0,0,0,0,0,1,1,0,0,0,0,0,0,0,0,0,0,0,0,0,0,0,1,0,0,0,0,0,0,0,0,0,0,0,0,0,0,0,0,0,0,0,0,0,0,0,1,0,0,0,0,0,0,0,0,0,1,0,0,0,1,0,0,0,0,0,0,1,0,0,0,0,0,0,0,0,0,0,0,0,0,0,0,0,0,1,0,0,0,0,0,0,0,0,0,0,0,0,0,0,0,0,0,1,0,0,0,0,0,0,0,0,0,0,0,0,0,0,0,0,0,0,0,0,1,0,0,1,0,0,0,0,0,0,0,0,0,0,0,0,0,0,0,1,0,0,0,0,0,0
0,2,1,0,1,0,0,1,0,0,0,0,0,0,0,0,0,1,0,0,1,2,0,0,0,1,0,0,0,0,0,0,0,0,0,0,1,0,0,0,0,0,0,0,0,0,0,0,0,0,0,0,0,0,0,0,0,0,1,0,0,0,0,0,0,0,0,0,1,0,0,0,0,0,0,0,0,0,0,0,0,0,0,0,0,0,0,0,1,0,0,0,0,0,0,0,0,0,0,0,0,0,2,0,0,0,0,0,0,0,0,0,0,0,2,1,0,0,1,0,0,0,0,0,0,1,0,0,0,0,1,0,0,0,0,0,0,0,0,0,0,0,0,0,0,0,0,1,0,0,1,0,0,0,0,0,0,0,0,0,1,1,0,0,0,1,1,0,0,0,0,0,2,0,1,0,0,0,0,1,0,0,0,0,0,1,0,1,0,0,0,0,0,0,0,0,0,0,0,0,0,0,1,0,0,0,0,0,0,0,0,0,0,0,0,0,0,0,1,0,0,0,0,0,0,0,0,1,0,0,0,0,0,0,0,0,0,0,0,0,0,1,0,0,0,0,1,0,0,1,0,0,0,0,0,0
1,0,1,0,0,0,0,0,0,0,0,0,0,0,1,1,0,1,0,0,1,0,0,0,0,1,0,0,0,0,0,0,0,0,0,0,0,0,0,0,0,0,0,0,0,0,0,1,0,0,0,0,0,0,0,0,0,0,2,0,0,0,0,0,1,0,0,0,1,0,0,0,0,0,0,0,0,0,0,0,0,0,0,1,0,0,0,0,1,0,0,0,0,0,0,0,0,0,0,0,0,0,0,0,0,0,0,0,0,0,0,0,0,0,1,0,0,0,0,0,0,0,0,0,1,0,0,0,0,0,1,0,0,0,1,0,0,0,0,0,0,1,0,0,0,0,0,0,0,0,0,0,0,0,0,0,0,0,0,0,1,1,0,0,0,1,2,0,0,0,0,0,0,0,1,0,0,0,0,1,0,0,0,0,0,1,0,1,0,0,2,0,0,0,0,0,0,0,0,0,0,0,1,0,0,0,0,0,0,0,0,1,0,0,0,0,0,0,1,0,0,0,0,0,0,1,0,1,0,0,0,0,0,0,0,0,0,0,1,1,0,1,0,0,0,0,0,0,1,0,0,0,0,0,0,1
0,2,0,0,0,0,0,0,1,0,1,0,0,0,1,0,0,0,0,0,0,0,0,0,0,1,0,0,0,0,1,0,0,0,0,0,0,2,0,0,0,0,1,0,0,0,0,1,0,1,1,1,0,0,0,0,0,0,0,0,0,0,0,0,0,0,1,0,0,0,0,0,0,0,0,0,0,0,1,0,0,0,0,0,0,0,0,0,0,0,0,0,0,0,0,0,0,0,0,1,0,0,0,0,1,0,0,0,0,0,0,1,0,0,0,0,0,0,0,0,0,0,0,0,0,0,0,0,0,0,0,0,0,0,1,2,0,0,0,1,0,0,0,0,2,0,2,0,0,0,0,0,0,0,2,0,0,0,0,0,0,0,0,0,0,0,0,0,0,0,0,0,0,0,0,0,0,0,0,0,0,0,0,0,0,0,0,0,0,0,0,0,0,0,0,0,0,0,0,0,0,0,0,0,0,0,0,0,0,1,0,0,0,0,0,0,0,0,0,0,0,0,0,0,0,0,0,0,0,0,0,0,0,0,0,1,0,0,0,0,0,0,0,0,0,0,0,0,0,1,0,0,0,0,0,0
0,0,0,0,0,0,0,0,0,0,0,0,0,0,0,0,0,1,0,0,0,0,0,1,0,0,0,0,0,0,0,1,0,0,0,0,0,0,0,0,0,0,1,0,0,0,0,1,0,1,1,0,1,0,0,0,0,0,0,1,0,0,0,0,0,0,1,0,1,0,0,0,0,0,0,0,0,0,2,0,0,0,1,0,0,0,0,0,0,0,0,0,0,0,0,0,0,0,0,0,0,0,0,0,0,1,0,0,0,0,0,0,0,0,0,0,0,0,0,0,0,0,1,0,0,0,0,0,0,0,0,0,0,0,0,0,0,0,0,0,0,0,0,0,0,0,0,1,0,0,0,1,0,0,0,0,0,0,0,1,1,0,0,0,0,1,0,0,0,0,0,0,0,1,1,1,0,2,0,1,0,0,0,0,0,1,0,1,0,0,1,0,0,0,0,0,0,0,0,1,0,0,1,0,0,0,0,0,0,1,0,1,0,0,0,0,0,0,0,0,0,1,0,0,0,0,0,1,1,0,0,0,0,1,0,0,0,0,0,0,0,0,0,0,0,1,0,0,0,0,0,0,0,0,0,1
0,0,0,0,0,0,0,0,2,0,1,0,0,0,1,0,0,0,0,0,0,0,0,0,0,1,0,0,0,2,2,0,0,0,0,0,0,1,0,0,0,0,1,0,0,0,0,1,0,1,1,1,0,1,0,0,0,0,0,0,0,0,0,0,0,0,1,0,0,1,0,0,0,0,0,0,0,0,1,2,0,0,2,0,0,0,0,0,0,0,0,0,0,0,0,0,0,0,0,1,0,0,0,0,2,0,0,0,0,0,0,1,0,0,0,0,0,0,0,0,0,0,0,0,0,0,0,0,0,0,0,0,0,0,0,0,0,0,0,0,0,0,0,0,0,0,0,0,0,0,0,0,0,0,0,0,0,0,0,0,0,0,0,0,0,0,0,0,0,0,0,0,0,0,0,0,0,0,0,0,0,0,0,0,0,0,0,0,0,0,0,0,0,1,0,0,0,0,1,0,0,0,0,0,0,0,0,0,0,1,0,0,0,0,0,0,0,0,1,0,0,0,0,0,0,0,0,0,0,0,0,0,0,0,0,0,0,0,0,0,0,0,0,0,0,0,0,0,0,1,0,0,0,0,0,0
0,0,0,0,0,0,0,0,0,0,0,0,0,0,0,0,0,1,0,0,1,0,0,0,0,0,0,0,0,0,0,0,0,0,0,0,0,0,0,0,0,0,0,0,0,0,0,0,0,0,0,0,0,0,0,0,0,1,0,0,0,0,0,0,0,0,0,0,1,1,0,0,0,0,0,0,0,0,0,0,0,0,0,0,0,0,0,0,1,0,0,0,0,0,0,0,0,0,0,0,0,0,1,0,0,0,0,0,0,0,0,0,0,0,0,0,0,0,0,0,0,0,0,2,0,0,0,0,0,0,1,0,0,0,0,0,0,0,0,0,0,0,0,0,0,0,0,0,0,0,0,1,0,0,0,0,0,1,0,0,1,1,0,0,0,2,1,1,0,0,0,0,0,0,1,0,0,0,0,1,0,0,0,0,0,0,0,1,0,0,0,0,0,0,0,0,0,0,0,0,0,0,0,2,0,0,0,0,0,0,1,2,0,0,0,0,0,2,1,0,0,1,1,0,0,0,0,1,0,0,0,0,0,0,0,0,0,0,0,0,0,0,0,0,0,0,0,0,0,0,0,0,0,0,0,0
0,0,0,0,0,0,0,0,0,0,0,0,0,0,0,0,0,1,0,0,1,0,0,0,0,0,0,0,0,0,0,0,0,0,0,3,2,1,0,0,0,0,0,1,0,0,0,0,0,0,0,0,0,0,0,0,0,0,0,0,0,0,0,0,0,0,0,0,1,1,0,0,0,0,0,0,0,0,0,0,0,0,0,0,0,0,0,0,1,0,0,0,0,0,0,0,0,0,0,0,0,0,0,0,0,1,1,0,0,0,0,0,0,0,0,1,0,3,0,0,0,0,0,1,0,0,0,0,0,0,1,0,0,0,0,0,0,0,0,0,0,0,0,0,0,0,0,0,0,0,0,0,0,0,0,0,0,0,0,0,1,1,0,0,0,1,1,1,0,0,0,0,0,0,1,0,0,0,0,1,0,0,0,0,0,0,0,1,0,0,1,0,0,0,0,0,0,0,0,0,0,0,0,1,0,1,0,0,0,1,0,0,0,0,0,0,0,2,2,0,1,0,0,0,0,1,0,1,0,0,0,0,0,0,0,0,0,0,0,0,0,1,0,0,0,0,0,0,0,0,0,0,0,0,0,0
0,0,0,0,0,0,0,0,0,0,1,0,0,0,1,0,0,0,0,0,0,0,0,0,0,1,0,0,0,0,1,0,0,2,0,0,0,2,0,0,0,0,1,0,0,0,0,2,0,1,1,1,0,0,0,0,0,0,0,0,0,0,0,0,0,0,1,0,0,0,0,0,0,0,0,1,0,0,1,0,0,0,0,0,0,0,1,0,2,0,0,0,0,0,0,0,0,0,0,1,0,0,0,0,1,0,0,0,0,0,0,1,0,0,1,0,0,0,1,0,0,0,0,0,0,0,0,0,0,0,0,0,0,0,0,0,0,0,0,0,0,0,0,0,0,0,0,0,0,0,0,0,0,0,0,0,0,0,0,0,0,0,0,0,0,0,0,0,0,0,0,0,0,0,0,0,0,0,0,0,0,0,0,0,0,0,0,0,0,0,0,0,0,0,0,0,0,0,0,0,1,0,0,0,0,0,0,0,2,1,0,0,0,0,0,0,0,0,0,0,0,0,0,0,0,0,0,0,0,0,0,0,0,0,0,0,0,0,1,0,0,0,0,0,0,0,0,0,0,1,0,0,0,0,1,0
0,1,0,0,0,0,0,0,0,0,0,1,0,0,0,0,1,1,0,0,0,0,0,0,0,0,0,0,0,0,0,0,0,0,0,0,0,0,0,0,0,0,1,0,0,0,0,1,0,1,0,0,0,0,1,0,0,0,0,0,0,0,0,0,0,0,1,0,1,0,0,0,0,0,0,0,0,0,1,0,0,0,0,0,0,0,0,0,0,0,0,0,0,0,0,0,0,0,0,0,0,0,0,0,0,0,0,0,0,0,0,0,0,0,0,0,0,1,0,0,0,0,0,0,0,0,0,0,0,0,0,0,0,0,0,0,0,0,0,0,0,0,0,1,0,0,0,0,0,1,0,0,0,0,0,0,0,0,0,1,2,1,0,0,0,1,2,0,0,0,0,0,0,0,1,1,0,0,0,1,0,0,0,0,0,0,0,1,0,0,0,0,0,0,0,0,0,0,0,0,0,0,1,0,0,0,0,0,0,0,0,1,0,0,1,0,0,1,0,0,0,0,0,0,0,0,0,1,0,0,0,1,0,0,0,0,0,0,0,0,0,1,0,0,0,0,0,0,0,0,0,0,0,0,0,0
0,0,0,0,2,0,0,0,1,0,0,0,0,0,1,0,0,0,0,0,0,0,0,0,0,1,0,0,0,0,1,0,0,0,0,0,0,0,0,0,0,0,1,0,0,0,0,1,0,1,1,1,0,0,0,0,0,0,0,0,1,0,0,0,0,0,1,0,0,0,0,0,0,0,0,0,0,0,2,0,0,0,0,0,0,0,0,0,0,0,0,0,0,0,0,1,0,0,0,0,0,0,0,0,1,0,0,0,0,0,0,1,0,0,0,0,0,0,0,0,0,0,0,0,0,0,0,0,0,0,0,0,0,0,0,0,0,0,0,0,0,0,0,0,0,0,0,0,0,0,0,0,0,0,0,0,0,0,0,0,0,0,0,0,0,0,1,0,0,0,0,0,0,1,0,0,0,0,0,0,0,0,0,1,1,0,0,0,0,0,0,1,0,0,0,0,0,0,0,0,0,0,0,0,0,0,0,0,0,1,0,0,0,0,0,0,0,0,0,0,0,0,0,0,0,0,0,0,0,0,1,0,0,0,0,0,0,0,0,0,0,0,0,0,0,0,0,1,0,1,1,0,1,1,2,0
0,0,0,0,0,0,0,0,0,0,0,0,0,0,0,0,0,1,0,1,1,0,0,0,0,0,0,0,0,0,0,0,0,1,0,0,0,0,0,0,0,0,0,0,0,0,0,0,0,0,0,2,0,0,0,0,0,0,0,0,0,0,0,0,0,0,0,0,1,0,1,2,0,0,0,0,0,0,0,0,0,0,0,0,0,0,0,0,1,0,0,0,0,0,0,2,0,0,0,0,0,0,0,0,0,0,0,0,0,0,0,0,0,0,0,0,0,2,0,0,0,0,0,2,0,0,0,0,0,1,1,0,0,0,0,0,0,0,0,0,0,0,0,0,0,0,0,1,0,0,0,0,0,0,0,0,0,0,0,0,1,1,0,0,0,1,1,0,0,0,0,0,0,0,1,0,0,0,0,1,0,0,0,0,0,0,0,1,0,0,0,0,0,0,0,0,0,0,0,0,0,0,0,2,0,0,0,0,0,0,0,3,0,0,0,0,0,3,1,0,2,1,0,0,0,0,0,1,0,0,0,0,0,0,0,0,0,0,0,0,0,0,0,0,0,0,0,0,0,0,0,0,0,0,0,0
0,0,0,0,0,0,0,0,0,0,1,0,0,0,1,0,0,0,2,0,0,0,0,2,0,1,0,0,0,3,1,0,0,0,0,0,1,0,0,0,0,0,1,0,0,0,0,1,0,1,1,1,0,0,1,0,0,0,0,0,0,0,0,0,0,0,1,0,0,0,0,0,0,0,0,0,0,0,1,0,0,0,0,0,0,0,0,0,0,0,0,0,0,0,0,0,1,0,0,1,0,0,1,0,1,0,0,0,0,0,2,1,3,0,1,0,0,0,0,0,0,0,0,0,0,0,0,0,0,0,0,0,0,0,0,0,0,0,0,0,0,0,0,0,0,0,0,0,0,0,0,0,0,0,0,0,0,0,0,1,0,0,0,0,0,0,0,0,0,0,0,0,0,0,0,0,0,0,0,0,0,0,0,0,0,0,0,0,0,0,0,0,0,2,0,0,0,0,0,0,0,0,0,2,0,0,0,0,0,1,1,0,0,0,0,0,0,0,0,0,0,0,0,0,0,0,0,0,0,0,0,1,0,2,0,0,0,0,0,0,0,0,0,2,0,1,0,2,0,1,0,0,0,0,1,0
1,1,0,0,1,0,0,1,0,0,0,0,0,1,0,0,1,0,0,0,0,0,0,0,0,0,0,2,0,0,0,0,0,0,0,0,0,1,0,0,0,0,0,0,0,0,0,0,0,0,1,0,0,0,0,0,0,0,0,0,0,0,0,0,0,0,0,0,2,0,0,0,0,0,0,0,0,0,0,0,0,0,0,1,0,0,2,0,0,0,0,0,0,0,0,0,0,1,0,0,1,1,0,0,0,3,0,1,0,0,0,0,0,1,0,0,0,0,0,0,0,0,0,0,0,0,0,1,0,0,0,0,0,0,0,0,0,0,0,0,0,0,0,0,0,0,0,0,0,0,0,0,0,0,0,0,0,0,0,0,0,0,0,0,0,0,0,0,0,0,0,0,0,0,0,0,0,0,0,0,0,0,0,0,0,0,0,0,0,0,0,0,0,0,0,0,0,0,0,0,0,0,0,0,1,0,0,0,1,0,0,0,0,0,0,1,0,0,0,0,2,0,0,0,0,0,0,0,0,0,0,0,0,0,0,1,0,0,0,0,0,1,0,0,0,0,0,0,0,0,0,0,0,1,0,0
0,0,0,0,0,0,1,0,1,0,1,0,0,0,2,0,2,0,0,1,1,0,0,0,0,2,0,0,0,0,1,0,0,0,0,0,0,0,0,0,1,0,1,0,0,0,0,1,0,1,1,1,0,0,1,0,0,0,0,0,0,0,0,0,0,0,1,0,0,0,0,0,0,0,0,0,0,0,1,0,0,0,0,0,0,0,0,0,0,0,0,0,0,0,1,1,0,0,0,1,0,0,0,0,1,0,0,0,0,0,0,1,0,0,0,1,0,0,0,1,0,0,0,0,0,0,0,0,1,0,0,0,0,0,0,0,0,2,0,0,0,0,0,0,0,0,0,0,0,0,0,0,0,0,0,0,0,0,0,0,0,0,0,0,0,1,0,0,0,0,0,0,0,0,0,0,0,0,0,0,0,0,0,1,0,0,0,0,0,0,0,1,0,1,0,0,0,0,0,0,0,0,0,0,0,0,0,1,0,1,1,0,0,0,1,0,0,0,0,0,0,0,0,0,0,0,0,0,0,0,1,0,2,1,0,0,0,0,0,0,0,0,0,0,0,0,0,3,0,1,0,0,0,0,1,0
0,0,0,0,0,0,0,0,0,0,0,0,0,0,1,0,1,1,0,0,1,0,0,0,0,0,0,0,0,0,0,0,0,0,0,0,0,0,0,0,0,2,0,0,0,0,0,0,0,1,0,0,0,0,0,0,0,0,0,0,0,0,0,0,0,0,0,0,1,0,0,0,0,0,0,0,0,0,0,0,0,1,0,0,0,0,0,0,1,0,0,0,0,0,0,0,0,0,0,0,0,0,0,0,0,0,0,0,0,0,0,0,0,0,0,0,0,0,0,0,0,0,0,0,0,0,0,0,0,0,1,0,0,0,0,0,0,0,0,0,0,0,0,0,0,0,0,0,0,0,0,0,0,0,0,0,0,0,0,0,1,1,0,0,0,1,2,0,0,0,0,0,0,0,1,0,0,0,0,1,0,0,0,0,0,0,0,1,0,0,0,0,0,0,0,0,2,0,0,0,0,0,1,0,0,0,0,0,0,0,2,0,0,1,0,1,0,0,1,0,1,0,0,0,0,0,1,1,0,0,0,0,0,0,0,0,0,0,0,0,0,2,0,0,0,0,0,0,0,0,0,0,0,0,0,0
0,1,0,0,1,0,0,0,0,1,0,0,0,0,0,0,0,1,0,1,1,0,0,0,0,0,0,0,0,0,0,0,0,0,0,0,1,0,0,0,0,0,0,0,0,0,0,0,0,0,0,1,0,0,0,0,0,0,1,0,0,0,0,0,0,0,0,0,1,0,0,0,0,0,0,0,0,0,1,0,0,0,1,0,0,0,0,1,1,0,0,0,0,0,0,0,0,0,0,0,0,0,0,0,0,0,0,0,0,0,0,0,0,0,0,0,0,0,0,0,0,0,0,0,0,0,0,0,0,0,1,0,0,0,0,0,0,0,0,0,0,0,0,0,0,0,0,1,0,1,0,0,0,0,0,0,0,0,0,0,1,1,0,1,0,1,1,0,0,1,0,0,0,0,1,0,0,0,0,1,0,0,0,0,0,0,0,1,0,0,0,0,0,0,0,0,0,0,0,0,0,0,0,0,0,0,0,0,0,0,0,0,0,0,0,0,0,0,1,0,2,1,1,0,0,0,0,1,0,0,0,0,0,0,0,0,0,0,0,0,0,0,0,0,0,0,0,0,0,0,0,0,0,0,0,0
0,0,0,0,1,0,0,1,0,0,0,0,0,0,1,0,0,0,0,0,0,0,0,0,0,1,0,0,0,0,1,0,0,0,0,0,0,0,0,0,0,0,1,0,0,0,0,1,1,1,1,1,0,0,0,0,0,0,0,1,0,0,0,0,0,0,1,0,0,1,0,0,0,0,0,0,0,0,1,2,0,0,0,0,0,0,0,0,0,0,0,0,0,0,0,2,0,0,0,0,0,0,0,0,1,0,0,0,0,0,0,1,0,0,0,0,0,0,0,0,0,0,0,0,0,0,0,0,0,0,0,0,0,0,0,0,0,0,0,0,0,0,0,0,0,0,0,0,0,0,0,0,0,0,0,0,0,0,0,0,0,0,0,0,0,0,1,0,0,0,0,0,0,1,0,0,0,0,0,0,0,0,0,0,1,0,0,0,0,0,0,0,0,1,1,0,0,0,0,0,0,0,0,0,0,0,0,0,0,1,1,0,0,0,0,0,0,0,0,0,0,0,0,0,0,0,0,0,0,0,0,0,0,0,0,0,0,0,0,0,0,1,0,0,0,0,0,0,0,1,1,0,0,1,0,0
0,0,0,1,0,0,0,0,0,0,0,0,0,0,0,0,0,1,0,0,0,0,0,0,0,0,0,0,0,0,0,0,0,0,0,0,0,0,0,0,0,1,1,0,0,0,0,0,0,1,1,0,0,0,0,0,0,0,0,0,0,0,0,0,0,0,2,0,2,0,1,0,0,0,0,0,0,0,1,0,0,0,0,0,0,0,0,0,0,0,0,0,0,0,0,0,0,0,0,0,1,0,2,0,0,0,0,0,0,1,0,0,0,0,0,0,0,0,0,0,0,0,0,0,0,1,0,0,0,0,0,0,0,0,0,0,0,0,0,0,0,0,0,0,0,0,0,0,0,0,0,0,0,0,0,0,0,0,0,0,1,1,0,0,0,1,1,0,0,0,0,0,0,0,1,0,0,0,0,1,1,0,0,0,0,0,0,1,0,0,1,0,0,0,0,0,0,0,0,0,0,0,0,0,0,1,0,0,0,0,0,0,0,0,0,0,0,0,0,0,2,1,0,0,0,0,0,1,0,0,0,0,0,0,0,0,0,0,0,0,0,0,0,0,0,0,0,1,0,0,0,0,0,0,0,0
0,0,0,0,1,0,0,0,0,0,1,0,0,0,0,0,1,1,0,0,1,0,0,1,0,0,0,0,0,0,0,0,0,0,0,0,0,0,0,0,0,0,0,0,0,0,0,0,0,0,0,0,0,0,0,0,0,0,0,0,0,0,0,0,0,0,0,0,1,1,0,0,0,0,0,0,0,0,0,0,0,0,0,2,0,0,0,0,1,0,0,0,0,0,0,1,0,0,0,0,0,0,1,0,0,1,0,0,0,0,0,0,0,0,2,0,0,3,0,0,0,0,0,5,0,1,0,0,0,0,1,0,1,0,0,0,0,0,0,0,0,0,0,0,0,0,0,0,0,0,0,2,0,0,0,0,1,0,0,0,1,3,0,0,1,1,1,0,0,0,0,0,1,0,1,0,0,0,0,1,1,0,1,0,0,0,0,2,0,0,1,0,0,0,0,0,0,0,0,0,0,0,1,3,0,0,0,0,0,0,0,0,0,0,1,1,0,3,2,0,0,0,0,0,0,1,0,1,0,0,0,0,0,1,0,1,0,0,0,0,0,1,0,2,0,0,0,0,0,0,0,0,0,0,0,1
0,0,0,0,0,0,0,0,0,0,1,0,0,0,1,0,0,0,1,0,0,0,0,1,0,1,0,0,0,0,2,0,0,0,0,0,0,0,1,0,0,0,1,0,1,0,0,2,0,1,1,1,1,0,0,0,0,0,0,0,0,0,0,0,0,0,1,0,0,0,0,1,0,0,1,0,2,0,1,0,0,0,0,0,0,0,0,0,1,0,0,0,1,0,0,1,0,0,0,1,0,0,0,0,1,0,0,1,0,0,0,1,0,0,0,0,0,0,0,0,0,0,0,0,0,0,0,1,0,0,0,0,0,0,0,0,0,0,0,0,0,0,0,0,0,0,0,0,0,0,0,0,0,0,0,0,0,0,0,0,0,0,0,0,0,0,0,0,0,0,0,0,0,0,0,1,0,1,0,0,0,0,1,0,0,0,0,0,0,0,0,0,0,0,0,0,0,0,0,0,0,0,0,0,0,0,0,0,0,1,0,0,0,0,0,0,0,0,0,0,0,0,1,0,0,0,0,0,0,1,0,0,0,0,0,0,0,0,0,0,0,0,1,0,0,0,0,0,0,1,0,0,0,0,1,1
0,0,0,0,1,0,0,0,0,0,1,0,0,0,1,0,1,1,0,0,0,0,0,0,0,1,0,0,0,0,1,0,0,0,0,0,0,0,0,0,0,0,1,0,0,0,0,1,0,1,1,0,0,0,0,0,0,1,0,0,0,0,0,0,0,0,1,0,0,1,0,0,0,0,0,0,0,0,1,1,0,0,0,0,0,0,0,0,0,0,0,0,0,0,0,0,0,0,0,0,0,0,0,0,1,0,0,0,0,0,0,0,0,0,0,0,0,0,0,0,0,0,0,0,0,0,0,0,0,0,0,0,0,0,0,0,0,0,0,0,0,0,0,1,0,0,0,0,0,0,0,0,0,0,0,0,0,0,0,0,1,0,0,0,0,0,0,0,0,0,0,0,0,0,0,0,0,0,0,0,0,0,0,0,0,0,0,0,0,0,0,0,0,1,0,0,0,0,0,0,0,0,1,0,0,0,0,0,0,1,0,0,0,0,0,0,0,0,0,0,0,1,0,0,0,0,0,0,0,0,0,0,0,0,0,0,0,0,0,0,0,0,0,0,0,0,0,0,0,1,0,0,0,0,0,0
0,0,0,0,0,0,0,0,0,0,1,0,0,0,1,0,0,0,0,0,0,0,0,0,0,1,0,0,0,0,2,0,0,0,0,0,0,0,0,0,0,0,1,0,0,0,0,1,0,1,1,1,0,0,0,0,0,0,0,0,0,0,0,0,0,0,1,0,0,0,0,0,0,0,0,0,0,0,1,0,0,0,0,1,0,0,0,0,0,0,0,0,0,0,0,1,0,0,0,1,0,0,0,0,1,0,0,0,0,0,0,1,0,0,0,0,0,0,0,0,0,0,0,0,0,0,0,0,0,0,0,0,0,0,0,0,0,0,0,0,0,0,0,0,0,0,0,0,0,0,0,0,0,0,0,0,0,0,0,0,0,0,0,0,0,0,0,0,0,0,0,0,0,0,0,0,0,0,0,0,0,0,0,0,0,0,0,0,0,0,0,0,0,1,1,0,0,0,0,0,0,0,0,0,0,0,0,0,0,1,1,0,0,0,0,0,0,0,0,0,0,0,0,0,0,0,0,0,0,0,1,0,0,1,0,0,0,0,0,0,0,0,0,0,0,0,0,0,0,1,0,0,0,0,0,0
0,0,0,0,1,0,0,0,0,0,1,0,0,0,1,0,0,0,0,0,0,0,0,0,0,1,0,0,0,0,1,0,0,0,0,0,0,0,0,0,0,0,1,0,0,0,0,1,0,1,1,1,0,0,0,0,0,0,0,0,0,0,0,0,0,0,1,0,0,0,0,0,0,0,0,0,0,0,1,1,0,0,0,0,0,0,0,0,0,0,0,0,0,0,0,0,0,0,0,1,0,0,0,0,1,0,0,0,0,0,0,1,0,0,0,0,0,0,0,0,0,0,0,0,0,0,0,0,0,0,0,0,0,0,0,0,0,0,0,0,0,0,0,0,0,0,0,0,0,0,0,0,0,0,0,0,0,0,0,0,0,0,0,0,0,0,0,0,0,0,0,0,0,0,0,0,0,0,0,0,0,0,0,1,0,0,0,0,0,0,0,1,0,1,1,0,0,0,0,0,0,0,0,0,0,0,0,0,0,1,1,0,0,1,0,0,0,0,0,0,0,0,0,0,0,0,0,0,0,0,0,0,0,0,0,0,0,0,0,0,0,0,0,0,0,0,0,0,0,1,0,0,0,0,0,0
0,0,0,0,0,0,0,0,0,0,0,0,0,0,0,0,0,1,0,0,1,0,0,0,0,0,0,0,0,0,0,0,0,0,0,0,1,2,0,0,0,1,0,3,0,0,0,0,1,0,0,2,0,0,0,0,0,0,0,0,0,0,0,0,0,0,0,0,1,0,0,0,0,0,0,0,0,0,0,0,0,0,0,1,1,0,0,0,1,0,0,0,0,0,0,0,0,0,0,0,0,0,0,0,0,0,0,0,0,0,0,0,2,0,0,0,0,1,0,0,0,0,0,0,0,0,0,0,0,0,1,0,0,0,0,0,0,0,0,0,0,0,0,0,0,0,0,0,0,0,0,0,0,0,0,0,0,0,0,0,3,1,0,0,0,1,1,0,0,0,0,0,0,0,1,0,0,0,0,1,0,0,0,0,0,0,0,1,0,0,2,0,0,0,0,0,0,0,0,0,0,0,0,0,0,0,0,0,0,0,0,0,0,0,0,0,0,1,1,1,1,0,0,0,0,0,0,1,0,0,0,0,0,0,0,0,0,0,1,0,0,3,0,0,0,0,0,0,0,0,0,0,0,0,0,0
0,1,0,0,0,0,0,0,1,0,0,0,0,0,1,0,0,0,0,0,1,0,0,1,0,1,0,0,0,1,1,0,0,0,1,0,0,1,1,0,0,0,1,0,0,0,0,1,0,1,1,1,0,0,0,0,0,0,0,0,0,0,0,0,0,0,1,0,0,0,0,0,0,0,0,0,1,0,1,0,0,0,0,0,0,0,0,0,0,0,0,0,0,0,0,1,0,1,0,0,0,0,1,0,1,0,0,0,0,0,0,1,0,0,0,0,0,0,0,0,0,0,1,0,0,0,0,0,0,0,0,0,0,0,0,0,0,0,0,0,0,0,0,0,0,0,0,0,0,0,0,0,0,0,0,0,0,0,0,0,0,0,0,0,0,0,1,0,0,0,0,0,0,1,0,0,0,0,0,0,1,0,0,1,0,0,0,0,0,0,0,0,0,0,0,0,0,0,0,0,0,0,0,0,0,1,0,0,1,1,0,0,0,0,0,0,0,0,0,0,0,1,0,0,0,0,0,0,0,0,0,0,0,1,0,0,0,0,0,0,0,1,0,0,0,0,0,2,0,1,0,0,0,0,2,0
0,0,0,0,0,0,0,0,0,0,0,0,0,0,0,0,0,2,0,0,1,0,0,2,0,0,0,0,0,0,0,0,0,0,0,0,0,1,0,0,0,0,0,0,0,0,0,0,0,0,0,0,0,0,1,0,0,0,1,0,0,0,0,0,0,0,0,0,1,0,0,0,0,0,0,0,0,0,0,0,0,0,0,0,0,0,0,0,1,0,0,0,0,0,0,0,0,0,0,0,0,0,2,0,0,2,0,1,0,0,0,0,0,0,0,1,0,0,0,0,0,0,0,0,0,0,0,0,0,0,1,0,0,0,0,0,0,0,0,0,0,0,0,0,0,0,0,0,0,0,0,0,0,0,0,0,0,0,0,0,3,1,0,0,0,1,2,0,0,0,0,0,0,0,1,0,0,0,0,1,0,0,0,0,0,1,0,1,0,0,0,0,0,0,0,0,1,0,1,0,0,1,1,0,0,0,0,0,1,0,0,2,0,0,0,0,0,2,1,0,0,1,0,0,0,0,0,1,0,0,0,0,0,0,0,0,0,0,0,0,0,0,0,0,0,0,0,0,0,0,0,0,0,0,0,0
0,0,0,0,0,0,0,0,0,0,1,0,0,0,1,0,0,0,0,0,0,0,0,0,0,1,0,0,0,0,1,0,0,1,0,0,0,1,0,0,0,0,1,0,0,0,0,1,0,1,1,1,0,0,1,0,0,0,0,0,0,0,0,0,0,0,1,0,0,0,0,1,0,0,0,0,0,1,1,0,0,0,0,0,0,0,0,0,0,0,0,0,0,0,0,0,0,0,0,1,0,0,0,0,1,0,0,0,0,0,0,1,0,0,0,0,0,0,0,0,0,0,1,0,0,0,0,0,0,0,0,0,0,0,0,0,0,0,0,0,0,0,0,0,0,0,0,0,0,0,0,0,0,0,0,0,0,0,0,0,0,0,0,0,0,0,1,0,0,0,0,0,0,0,0,0,0,0,0,0,0,0,0,0,1,0,0,0,0,0,0,0,0,0,0,0,0,0,0,0,0,0,0,0,0,0,0,0,0,1,0,0,0,0,0,0,0,0,0,0,0,0,0,0,0,0,0,0,0,0,0,0,0,0,0,0,0,0,0,0,0,0,0,0,0,0,0,0,0,1,0,0,0,0,0,0
0,0,0,0,0,0,0,0,0,0,1,0,0,0,1,0,0,0,0,0,0,0,0,0,0,1,0,0,0,0,1,0,0,0,0,0,1,0,1,0,0,0,1,0,0,0,0,2,0,1,1,1,0,0,0,0,1,0,1,0,0,0,0,0,0,0,1,0,0,0,1,0,0,0,0,0,0,0,1,1,0,0,0,0,0,0,0,0,2,0,0,0,0,0,0,1,0,0,0,1,0,0,0,0,1,0,0,0,0,0,0,1,2,0,0,0,0,1,0,0,0,0,0,0,0,0,0,0,0,0,0,0,0,0,0,0,0,0,0,0,0,0,0,0,0,0,0,0,0,0,0,0,0,0,0,0,0,0,0,1,0,0,0,0,0,0,0,0,0,0,0,0,0,0,0,0,0,0,1,0,0,0,0,0,0,0,0,0,0,1,0,0,0,0,1,0,0,0,0,0,0,0,0,0,0,0,0,0,0,1,1,0,0,0,1,0,1,0,0,0,0,0,0,0,0,0,0,0,0,1,0,0,0,0,0,0,0,0,0,0,0,0,0,0,0,0,1,0,0,1,0,0,0,0,1,1
0,0,0,0,0,0,0,0,0,0,0,0,0,0,0,0,0,1,0,0,1,0,0,0,0,0,0,0,0,0,0,0,1,0,0,0,0,0,1,0,0,0,0,0,0,0,0,0,0,0,0,0,0,0,1,0,0,0,0,0,0,1,1,0,0,0,0,0,1,0,0,0,0,0,0,0,0,0,0,0,0,0,0,0,0,0,0,0,1,0,0,0,0,0,0,0,0,0,0,0,0,0,0,0,0,0,0,0,0,0,0,0,0,0,0,0,0,0,0,0,0,0,0,0,0,0,0,0,0,0,1,0,0,0,0,0,0,0,0,1,0,0,0,0,0,0,0,0,0,0,0,0,0,0,0,0,0,0,0,0,2,1,0,0,0,1,2,0,0,0,0,0,0,0,1,1,0,0,0,1,1,0,0,0,0,1,0,1,0,0,0,0,0,0,0,0,0,1,0,0,0,1,0,0,0,0,0,0,0,0,0,1,1,0,0,0,0,0,1,0,2,0,0,0,0,0,0,1,0,0,0,0,0,0,0,0,0,0,0,0,0,1,0,0,0,0,0,0,0,0,0,0,0,0,0,0
0,0,0,0,0,0,0,0,0,0,1,0,0,0,1,0,0,1,0,0,0,0,0,0,0,1,0,0,0,0,1,0,0,0,0,0,0,1,0,0,0,0,1,0,0,0,0,1,0,1,1,1,0,0,1,0,0,0,0,0,0,1,0,0,0,0,1,0,0,0,0,0,0,0,0,0,0,0,1,0,0,0,0,0,0,0,0,0,0,0,0,0,1,0,0,0,0,0,0,1,0,0,0,0,1,0,0,0,0,0,0,1,0,0,0,0,0,0,0,0,0,0,0,0,0,0,0,0,0,0,0,0,0,1,0,1,0,0,0,0,0,0,0,1,0,0,0,0,0,0,0,0,0,0,0,0,0,0,2,0,0,0,0,0,0,0,0,0,0,0,1,0,0,0,0,0,0,0,0,0,0,0,0,0,0,0,0,0,0,0,0,0,0,0,0,0,0,0,0,0,0,0,0,0,1,0,0,0,2,1,0,0,0,0,0,0,0,0,0,0,0,2,0,0,0,0,0,0,0,0,0,0,0,0,0,0,0,0,0,0,0,0,0,0,0,0,0,0,0,1,0,0,0,0,0,0
0,0,0,0,0,0,0,0,0,0,0,0,0,0,0,0,0,1,0,1,1,0,0,2,0,0,0,0,0,0,0,0,0,0,0,0,0,0,1,0,0,0,0,0,0,0,0,0,0,0,0,0,0,0,0,0,0,0,0,0,0,0,2,0,0,0,0,0,1,0,1,0,0,0,1,0,0,0,0,0,1,0,0,0,0,0,0,0,1,0,0,0,0,0,0,0,0,0,0,0,0,0,0,0,0,0,0,0,0,1,0,0,0,0,0,0,0,0,0,0,0,0,0,0,1,1,0,0,0,0,1,0,0,0,0,0,0,0,0,0,0,0,0,0,0,0,0,0,0,0,0,0,0,0,0,0,0,0,0,0,1,1,0,0,0,1,1,0,0,0,0,0,0,0,1,0,0,0,0,1,0,0,0,0,0,0,0,1,0,0,0,0,0,0,0,0,0,0,0,0,1,0,0,0,0,0,0,0,0,0,0,0,0,0,0,0,0,2,1,0,2,0,0,0,0,0,0,1,0,0,0,0,0,0,0,0,0,0,0,0,0,1,0,0,0,0,0,0,0,0,0,0,0,0,0,0
0,0,0,0,0,0,0,0,0,0,0,0,0,0,0,0,0,1,0,0,1,0,0,0,0,0,0,0,0,0,0,0,0,0,0,0,0,0,0,0,0,1,0,0,0,0,0,0,0,0,0,0,0,0,1,0,0,0,0,0,0,0,0,0,1,0,0,0,1,1,0,1,0,0,0,1,0,0,1,0,0,0,0,1,0,0,0,0,1,0,0,0,0,0,0,0,0,0,0,0,0,0,0,0,0,0,0,0,0,0,0,0,0,0,2,0,3,0,0,0,0,0,0,1,1,1,0,0,0,0,1,0,0,0,0,0,0,0,1,0,0,0,0,1,0,0,0,4,0,0,0,0,0,0,0,0,1,0,0,0,1,1,0,0,0,2,1,1,0,0,0,0,0,0,1,0,0,0,0,1,0,0,0,0,0,0,0,1,0,0,0,0,0,0,0,0,0,0,0,0,0,0,2,0,0,0,0,0,0,0,0,0,0,1,0,0,0,2,1,0,1,0,0,0,0,0,0,1,0,0,0,0,0,1,0,0,0,0,0,0,0,1,0,0,0,0,1,0,0,0,0,0,0,0,0,0
0,0,0,0,0,0,0,0,0,1,0,0,0,0,0,0,0,1,0,0,1,1,0,0,0,0,0,0,0,0,0,0,0,0,0,0,0,0,0,0,0,0,0,0,0,0,0,0,0,0,0,0,0,0,0,0,0,0,0,0,0,0,0,0,0,0,0,0,1,0,0,0,0,0,0,0,0,0,0,0,0,0,0,0,0,0,0,0,1,0,0,0,0,0,0,0,0,0,0,0,0,0,0,0,0,0,0,0,0,0,0,0,0,0,0,0,0,0,0,0,0,0,0,1,0,0,0,0,1,0,1,0,0,0,0,0,0,0,0,0,0,0,0,0,0,0,0,1,0,0,0,0,0,0,0,0,0,0,0,0,1,1,0,0,0,1,1,0,0,0,0,0,0,0,1,0,0,0,0,1,0,0,0,0,0,0,0,1,0,0,0,0,0,0,0,0,0,0,0,0,0,0,0,0,0,1,0,0,0,0,0,0,0,0,0,0,0,1,2,0,1,1,0,0,0,0,0,1,0,0,0,0,0,0,0,0,0,0,0,0,0,0,0,0,0,0,0,0,0,0,0,0,0,0,0,0
0,0,0,0,0,0,0,0,0,0,0,0,0,0,0,0,0,1,0,0,1,0,0,0,0,0,0,0,0,0,0,0,0,0,0,0,0,0,0,0,0,1,0,0,1,0,0,0,0,0,0,0,0,0,1,0,1,0,0,0,0,0,0,0,0,0,0,0,1,0,0,0,0,0,0,0,0,0,1,0,0,0,0,0,0,0,0,0,2,0,0,0,0,0,0,0,0,0,0,0,0,0,0,1,0,0,0,0,0,0,0,0,0,0,0,0,0,0,0,0,0,0,0,0,0,0,0,0,0,0,1,0,0,0,0,0,0,0,0,0,0,0,0,0,0,0,0,0,0,0,0,0,0,0,0,0,0,0,0,0,1,1,0,0,0,1,1,0,0,0,0,0,0,0,1,0,0,0,0,1,0,0,0,0,0,0,0,1,0,0,0,0,0,0,0,0,0,0,0,0,0,1,1,0,0,0,0,0,0,0,0,0,0,0,0,0,0,0,1,0,0,0,0,0,0,0,0,1,0,0,0,0,0,0,0,0,0,0,0,0,0,1,0,0,0,0,0,0,0,0,0,0,0,0,0,0
0,0,0,0,0,0,0,0,0,0,0,0,0,0,0,0,0,1,0,0,1,0,0,0,0,0,0,0,0,0,0,0,0,0,0,0,0,0,0,0,0,0,0,0,0,0,0,0,0,0,0,0,0,0,0,0,0,0,0,0,0,0,0,0,0,0,0,0,1,0,0,0,0,0,0,0,0,0,0,0,0,0,0,0,0,0,0,0,1,0,0,0,0,0,0,0,0,0,0,0,0,0,0,0,0,0,0,0,0,0,0,0,0,0,0,0,0,1,0,0,0,0,0,0,0,0,0,0,0,0,1,0,0,0,0,0,1,0,0,0,0,0,0,0,0,0,0,0,0,0,0,0,0,0,0,0,1,0,0,0,1,1,0,0,0,1,1,0,0,0,0,0,0,0,1,0,0,0,0,1,0,0,0,0,0,0,0,1,0,0,0,0,0,0,0,0,0,0,0,0,0,0,0,0,0,0,0,0,0,0,0,0,0,0,0,0,0,1,1,0,1,0,1,0,0,0,0,1,0,0,1,0,0,0,1,0,0,0,0,0,0,1,0,0,0,1,0,0,0,0,0,0,0,0,0,0
0,0,0,0,0,0,0,0,0,0,0,0,0,0,0,0,1,2,0,0,1,0,0,0,0,0,0,0,0,0,0,0,0,0,0,0,0,0,0,0,0,0,1,0,0,0,0,0,0,0,0,0,0,0,0,0,0,0,0,0,0,0,0,0,0,0,0,0,1,0,0,0,0,0,0,0,0,0,0,0,0,0,0,1,0,0,0,0,1,0,0,0,0,0,0,0,0,0,0,0,0,0,1,0,0,0,0,0,2,1,0,0,0,0,0,1,0,1,0,0,0,0,0,1,0,0,1,0,0,0,1,0,0,0,0,0,0,0,1,0,0,0,0,0,0,0,0,0,0,0,0,0,0,0,0,0,0,0,0,0,1,1,0,0,0,1,1,0,0,0,0,0,0,0,1,0,0,0,0,1,0,0,0,0,0,0,0,1,0,0,1,0,0,0,0,0,0,0,0,0,0,0,1,0,0,0,0,0,0,0,0,0,0,0,0,0,0,1,2,0,0,1,0,0,0,0,0,1,0,0,0,0,0,0,0,0,0,0,0,0,0,0,0,0,0,0,0,0,0,0,0,0,0,0,0,0
0,0,0,0,0,0,0,0,0,0,0,0,0,0,0,0,1,1,0,0,1,0,0,0,0,0,0,0,0,1,0,0,0,0,0,0,2,0,0,0,0,1,0,0,0,0,0,0,0,0,0,1,0,0,0,0,0,1,0,0,1,0,0,0,0,0,0,0,1,0,0,0,0,0,0,0,0,0,0,0,0,0,0,0,0,0,0,0,1,0,0,0,0,0,0,0,0,0,0,0,0,0,0,0,0,0,0,2,0,0,0,0,0,0,0,0,0,0,0,0,0,0,0,3,1,0,0,0,0,0,1,0,0,0,0,0,0,0,0,0,0,0,0,0,0,0,0,0,0,0,0,0,0,0,0,0,0,0,0,0,1,2,0,0,0,1,2,0,0,0,0,0,0,0,1,0,0,0,0,1,0,0,0,0,0,0,0,1,0,0,0,0,0,0,0,0,0,0,0,0,0,0,1,0,0,0,0,0,0,0,0,2,0,0,0,0,0,2,1,0,0,0,1,0,0,0,0,2,0,0,0,0,0,0,0,0,0,0,0,0,0,1,0,0,0,0,0,0,0,0,0,0,2,0,0,0
0,0,0,0,0,0,0,0,0,0,0,0,0,0,0,0,0,1,0,0,1,0,0,0,0,0,0,0,0,0,0,0,0,0,0,0,1,2,0,0,0,1,0,0,0,0,0,0,0,0,0,0,0,0,0,0,0,0,0,0,0,0,0,0,0,0,0,0,1,0,0,0,0,1,0,0,0,0,0,0,0,0,0,0,0,0,0,0,1,0,0,0,0,0,0,1,0,0,0,0,0,0,0,0,0,0,0,0,0,0,0,0,0,0,1,0,0,0,0,0,0,0,1,2,0,0,0,0,0,0,1,0,0,0,0,0,0,0,0,0,0,0,0,0,0,0,0,0,0,0,0,0,0,0,0,0,0,0,0,0,1,1,0,0,0,1,1,0,0,0,0,0,0,1,1,0,0,0,0,1,0,0,0,0,0,0,1,1,0,0,0,0,0,0,0,0,0,0,1,0,0,0,0,0,0,0,0,0,0,0,1,0,0,0,0,0,0,2,1,0,1,1,0,0,0,0,0,1,0,0,0,0,0,0,0,0,0,0,0,0,0,0,0,0,0,0,0,0,0,0,0,0,0,0,0,0
0,0,0,0,0,0,0,0,0,0,0,0,0,0,0,0,0,1,0,0,1,0,0,0,0,0,0,0,0,0,0,0,0,0,1,0,1,0,0,0,0,0,0,0,0,0,0,0,0,0,1,0,0,0,0,0,0,0,0,0,2,0,0,0,0,0,0,0,1,0,0,0,0,0,0,0,0,1,0,0,1,0,0,0,0,0,0,0,1,0,0,0,0,0,0,0,0,0,0,0,0,0,0,0,0,1,0,0,0,0,0,0,0,0,0,0,0,0,0,0,0,0,0,0,0,0,0,0,0,0,1,0,0,0,0,0,0,0,0,0,0,0,0,0,0,0,0,0,0,0,0,0,0,0,0,0,0,0,0,0,1,1,0,0,0,1,2,0,0,0,0,0,0,1,1,0,0,0,0,1,0,0,0,0,0,1,0,1,0,0,0,0,0,0,0,0,0,0,0,0,0,0,1,0,0,1,0,0,0,1,0,0,0,0,0,0,1,0,1,0,1,0,0,0,0,0,0,1,0,0,0,0,0,0,0,0,0,0,0,0,0,1,0,0,0,0,0,0,0,0,0,0,1,0,0,0
0,0,0,0,0,0,0,0,1,0,0,0,0,0,1,0,0,1,0,0,0,0,0,0,0,0,0,0,0,0,0,0,0,0,0,0,0,0,2,0,0,0,1,0,0,0,0,1,0,1,1,0,0,0,0,0,0,0,0,0,0,0,0,0,0,0,1,0,1,0,0,0,0,0,0,0,0,2,1,0,0,0,0,0,0,0,0,0,0,0,0,0,0,0,0,0,0,0,0,0,0,0,0,0,1,0,0,0,0,0,0,0,0,0,1,0,0,0,0,0,0,0,0,1,0,0,0,0,0,0,0,0,0,0,0,0,0,0,0,0,0,0,0,0,0,0,0,0,0,0,0,0,0,0,0,0,0,0,0,0,1,0,0,0,0,1,0,0,0,0,0,0,0,0,1,0,0,0,0,1,0,0,0,0,0,0,0,0,0,0,0,0,0,0,0,0,0,0,0,0,0,0,0,0,0,1,0,0,0,1,2,0,0,0,0,0,0,0,0,0,1,0,1,0,0,1,0,0,0,0,0,0,0,0,0,0,0,0,0,0,0,1,0,0,0,0,0,0,0,1,1,0,0,0,1,0
0,0,0,0,0,0,0,0,0,1,0,0,0,0,0,0,0,1,0,0,1,0,0,0,0,0,0,0,0,0,0,0,0,0,0,0,0,0,0,0,0,0,0,0,0,0,0,0,0,0,0,0,0,0,0,0,0,0,0,0,0,0,0,0,0,0,0,0,1,0,0,0,0,0,0,0,0,2,0,0,1,0,0,0,0,0,0,0,1,0,0,0,0,0,0,0,0,0,0,2,0,0,0,0,1,0,0,0,0,0,0,0,0,0,0,0,0,2,0,0,0,0,0,3,0,0,0,0,0,0,1,0,0,0,0,0,0,0,0,0,0,0,0,0,0,0,0,0,0,0,0,0,0,0,0,0,0,0,0,0,1,1,0,0,0,1,1,0,0,0,0,0,0,0,1,0,0,0,0,1,0,0,0,0,0,0,0,1,0,0,0,0,0,0,0,0,0,0,0,0,1,0,0,0,0,1,0,0,0,0,0,0,0,0,0,2,0,3,1,0,1,1,0,0,0,0,0,2,0,0,0,0,0,0,0,0,0,2,0,0,0,0,0,0,0,0,0,0,0,0,0,0,2,0,0,0
0,2,0,0,1,0,0,0,0,0,1,0,0,0,1,0,1,0,0,0,0,0,0,0,0,1,2,0,0,0,1,0,0,0,0,0,0,0,0,1,0,0,1,0,0,0,0,1,0,1,1,1,0,0,0,0,0,0,0,0,1,0,0,0,0,0,1,0,0,0,0,0,0,0,0,0,0,0,1,0,0,0,0,0,0,0,0,0,0,0,0,0,0,0,0,0,0,0,0,1,0,0,0,0,1,0,0,0,0,0,0,1,0,0,1,0,0,0,1,0,0,1,0,0,1,0,0,0,0,0,0,0,0,0,0,0,0,0,0,1,0,0,0,0,0,0,0,0,0,0,0,0,0,0,0,0,0,0,0,0,0,0,0,0,0,0,0,0,0,0,0,0,0,0,0,0,0,0,0,0,0,0,0,0,0,0,0,0,0,0,0,2,0,0,0,0,0,0,0,0,0,0,0,0,0,0,0,0,0,1,0,0,0,0,0,0,0,0,0,0,0,0,0,0,0,0,0,0,0,0,1,0,0,0,0,0,0,0,0,0,0,0,0,0,0,0,0,0,0,1,0,0,0,0,0,0
0,0,0,0,0,0,0,0,0,0,0,0,0,0,0,0,0,1,0,1,1,1,0,0,0,0,0,0,0,0,0,0,0,0,0,0,1,0,0,0,0,0,0,0,0,0,0,0,0,0,0,0,0,0,0,0,0,0,0,0,0,1,0,0,0,0,0,0,1,0,0,0,0,0,0,0,0,0,0,0,0,0,0,0,0,0,0,0,1,0,0,0,0,0,0,0,0,0,0,0,0,0,0,0,0,0,1,0,0,0,0,0,0,0,0,0,0,2,0,0,0,0,0,0,0,0,0,0,0,0,1,0,0,0,0,0,0,0,0,0,0,0,0,0,0,0,0,0,0,0,0,0,0,0,0,0,0,0,0,0,1,1,0,0,0,1,2,0,0,0,1,0,0,0,1,1,0,0,0,1,0,0,0,0,0,0,0,1,0,0,0,0,0,0,0,0,1,0,1,0,0,1,0,0,0,0,0,0,0,0,0,0,0,0,0,0,0,0,1,0,1,0,0,0,0,1,0,1,0,0,0,0,0,0,0,0,0,1,0,0,0,2,0,0,0,0,0,0,0,0,0,0,0,0,0,0
0,0,0,0,0,0,0,0,0,0,1,0,0,0,1,0,0,0,0,0,0,0,0,0,0,1,0,0,0,0,1,0,0,1,1,0,1,0,2,0,0,0,1,0,0,2,0,2,0,1,1,1,0,0,1,0,0,0,0,0,0,0,0,0,0,0,1,0,0,0,0,0,0,0,0,0,0,1,1,0,1,0,1,0,0,0,0,0,0,0,1,0,0,0,0,0,0,0,0,1,0,0,0,1,1,0,0,0,0,0,0,1,0,3,0,0,0,0,0,1,0,0,0,1,0,0,0,0,0,0,0,0,0,0,0,0,0,0,0,0,0,0,0,0,0,0,0,0,0,1,0,0,0,1,0,0,0,0,0,0,0,0,0,0,0,0,0,0,0,0,0,0,1,0,0,0,0,0,0,0,0,0,0,0,0,0,0,0,0,0,0,0,0,0,0,0,0,0,0,0,0,0,0,0,0,0,0,0,0,1,0,0,0,0,0,0,0,0,0,0,0,0,0,0,0,0,0,0,0,0,0,0,0,1,0,0,0,0,0,0,0,0,0,0,0,0,0,0,0,1,0,0,0,0,1,0
0,3,0,0,1,0,0,0,1,0,1,0,0,0,3,0,1,0,0,0,0,0,0,0,0,1,0,0,0,0,1,0,0,0,0,0,0,1,2,0,0,0,1,0,0,0,0,2,0,1,1,1,2,1,0,0,0,0,0,0,0,0,0,0,0,0,1,0,0,0,0,2,0,0,0,0,0,0,1,1,0,0,0,0,0,0,1,0,0,0,0,0,0,0,0,0,0,0,0,1,0,0,0,0,1,0,0,0,0,0,0,1,0,0,1,0,0,0,0,0,0,0,0,0,0,0,0,0,0,0,0,0,1,0,0,0,0,0,0,0,0,0,0,3,0,0,1,0,0,0,0,0,0,2,0,0,0,0,0,0,0,0,0,0,0,0,0,0,0,0,0,0,0,0,0,0,0,0,0,0,0,0,0,0,0,0,0,0,0,0,0,0,0,1,0,0,0,0,0,0,0,0,0,0,0,0,0,0,0,1,0,0,0,0,0,0,0,0,0,0,0,0,0,0,0,0,0,0,0,0,1,0,0,1,0,0,0,0,0,0,0,0,0,1,0,0,0,0,0,1,0,0,0,0,1,0
0,0,0,0,0,0,0,0,0,0,0,0,0,0,0,0,0,1,0,0,1,0,0,1,0,0,0,0,0,0,0,0,0,0,0,0,0,0,0,0,0,0,1,0,0,0,0,0,0,0,0,0,0,0,0,0,0,0,0,0,0,0,0,0,1,0,0,0,1,0,0,0,0,0,0,0,0,0,2,0,0,1,0,0,0,0,0,0,0,0,0,0,0,0,0,0,0,0,0,0,0,0,0,0,0,0,0,0,0,0,0,0,0,0,0,0,0,0,0,0,0,0,0,0,0,0,0,0,0,0,1,0,0,0,0,0,1,0,0,0,0,0,0,0,0,0,0,0,0,0,0,0,0,0,0,0,0,0,0,0,1,1,0,0,0,1,1,2,0,0,0,0,0,0,1,0,0,0,0,1,0,0,0,0,0,0,0,1,0,2,0,0,0,0,0,0,0,0,1,1,0,0,1,0,0,0,0,0,0,0,0,0,0,0,0,0,0,0,0,0,1,0,0,0,0,0,0,1,0,0,2,1,0,0,0,0,0,0,0,0,0,1,0,0,0,0,0,0,0,1,0,0,0,0,0,0
0,0,0,0,0,0,0,0,1,0,1,0,0,0,1,0,0,0,0,0,0,0,0,0,0,1,0,0,0,0,1,0,0,1,0,1,1,0,0,0,0,0,1,0,2,0,0,2,0,1,1,1,0,0,0,0,0,0,0,0,0,0,0,0,0,0,1,0,0,0,0,0,1,0,1,0,0,0,1,0,0,0,3,0,0,0,0,0,0,0,0,0,0,0,0,0,0,0,0,1,0,0,0,0,1,0,0,0,0,0,0,1,0,0,0,0,0,0,0,0,0,0,1,0,0,0,0,0,0,0,0,0,0,0,0,2,1,0,0,0,0,0,0,2,0,0,2,0,0,0,1,0,0,0,0,0,0,0,0,2,0,0,0,0,0,0,0,0,0,0,0,0,0,0,0,0,0,0,0,0,0,0,1,0,0,0,0,0,0,0,0,0,0,0,0,0,0,0,0,0,0,0,0,0,0,0,0,0,0,1,0,1,0,0,0,0,0,0,0,0,0,1,0,0,1,0,0,0,0,1,0,0,0,1,0,1,0,0,0,0,0,1,0,1,0,0,0,4,0,1,0,0,0,0,4,0
0,0,1,0,0,0,0,0,0,0,0,0,0,0,1,0,1,1,0,0,1,0,0,0,0,0,0,0,0,0,0,0,0,0,0,0,0,0,0,0,0,1,0,0,0,0,0,0,0,0,0,0,0,0,0,0,0,0,0,0,0,0,0,0,0,0,0,0,1,0,0,0,0,0,0,0,0,0,0,0,0,0,0,0,0,0,0,0,1,0,0,0,0,0,0,0,0,0,0,0,0,0,0,0,0,0,0,0,0,0,0,0,0,0,0,0,0,0,0,0,0,0,0,0,0,0,0,0,0,0,1,0,0,0,0,0,0,0,0,0,0,0,0,0,0,0,0,0,0,0,0,0,0,0,0,0,0,0,0,0,1,1,0,0,0,1,2,0,0,0,0,0,0,0,1,0,0,0,0,1,0,0,0,0,0,0,0,1,0,0,0,0,0,0,0,0,1,0,0,0,0,0,1,0,0,0,0,0,0,0,1,0,0,1,0,0,0,0,1,0,0,0,0,0,0,0,0,1,0,0,0,0,0,0,0,0,0,0,0,0,0,1,0,0,0,0,0,0,0,0,0,0,0,0,0,0
0,2,0,0,0,0,0,0,0,1,0,0,0,0,0,0,0,1,1,0,1,0,0,0,0,0,0,0,0,0,0,0,0,0,0,0,0,0,0,0,0,0,0,0,0,0,0,0,0,0,0,0,0,0,0,0,0,0,0,0,0,0,0,0,0,0,0,0,1,1,0,0,0,0,0,0,0,1,0,0,1,0,0,1,0,0,0,0,1,0,0,0,0,0,0,0,1,0,0,0,0,0,0,0,0,0,0,0,0,0,0,0,0,0,0,0,0,1,0,0,0,0,0,2,1,0,0,0,0,0,1,0,0,0,0,0,2,0,0,0,0,0,0,0,0,0,0,0,0,0,0,0,0,0,0,0,0,0,0,0,1,1,0,0,0,2,1,1,0,0,0,0,0,0,1,0,0,0,0,1,0,0,0,0,0,0,0,1,0,0,0,0,0,0,1,1,0,0,0,0,0,0,1,0,0,2,0,0,0,0,1,1,0,0,0,0,0,4,1,0,1,0,0,0,0,0,0,1,0,0,1,0,0,0,0,0,0,0,0,0,0,2,0,1,0,0,0,0,0,0,1,0,0,0,0,0
0,0,0,0,0,0,0,0,0,0,0,0,0,0,0,0,0,1,0,0,1,0,0,0,0,0,0,0,0,0,0,0,0,0,0,0,0,0,0,0,0,0,0,0,0,0,0,0,0,0,0,0,0,0,0,0,0,1,0,0,0,0,0,0,0,0,0,0,1,0,0,0,0,0,0,0,0,1,0,0,0,0,0,0,0,0,0,0,1,0,0,0,0,0,0,0,0,0,0,1,0,0,0,0,0,0,0,0,0,0,0,0,0,0,1,0,0,0,0,0,0,0,0,2,0,0,0,0,0,0,1,0,0,0,0,0,0,0,0,0,0,0,0,0,0,0,0,0,0,0,0,0,0,0,0,0,0,0,0,0,1,1,0,0,0,1,1,0,0,0,0,0,0,0,1,0,0,0,0,1,0,0,0,0,0,0,0,1,0,0,0,0,0,0,0,0,0,0,0,0,0,0,0,0,0,0,0,0,0,0,0,2,0,0,0,0,0,2,1,0,1,0,0,0,0,0,0,1,0,0,0,0,0,0,0,0,0,0,0,0,0,3,0,0,0,0,0,0,0,0,2,0,2,0,0,0
0,0,0,0,0,0,0,0,0,0,0,0,0,0,0,0,0,1,0,0,1,0,0,0,0,0,0,0,0,0,0,0,0,0,0,0,1,0,0,0,0,0,0,0,0,0,0,0,0,0,0,0,0,0,0,0,0,0,0,0,0,0,0,0,0,0,0,0,1,0,0,0,0,0,0,0,0,0,0,0,0,0,0,0,0,0,0,0,1,0,0,0,0,0,0,0,0,0,0,0,0,0,0,0,0,0,0,0,0,0,0,0,0,0,1,0,0,0,0,0,0,0,0,1,0,0,1,0,0,0,1,0,0,0,0,0,0,0,0,0,0,0,0,0,0,0,0,0,0,0,0,0,0,0,0,0,0,0,0,0,1,1,0,0,0,1,1,1,0,0,0,0,0,0,1,0,0,0,0,1,0,0,0,0,0,0,0,1,0,0,0,0,0,0,0,0,0,0,1,0,0,0,0,0,0,0,0,0,0,0,0,1,0,0,0,0,0,1,1,0,1,0,0,0,0,0,0,1,0,0,0,0,0,0,0,0,0,0,0,0,0,1,0,0,0,0,0,0,0,0,0,0,0,0,0,0
0,0,0,0,0,0,0,0,2,0,0,0,0,0,1,0,0,0,0,0,0,0,0,0,0,2,0,0,0,2,1,0,0,0,0,0,0,0,0,0,0,0,1,0,0,0,0,1,0,1,1,1,0,0,0,0,0,0,0,0,0,0,0,0,0,0,1,0,0,0,0,0,0,0,0,0,0,0,1,0,0,0,0,0,0,0,0,0,0,0,0,0,0,0,0,0,0,0,0,0,0,0,0,0,1,0,0,0,0,0,0,1,0,0,0,0,0,1,0,0,0,1,0,0,0,0,0,0,0,0,0,0,0,0,0,0,0,0,0,0,0,0,0,0,0,0,1,0,0,0,0,0,0,0,0,0,0,0,0,0,0,0,1,0,0,0,1,0,0,1,0,0,0,1,0,0,0,0,0,0,0,0,0,1,0,0,0,0,0,0,0,2,0,0,1,0,0,0,0,0,0,0,0,0,0,0,0,0,1,1,0,1,0,0,1,0,0,0,0,0,0,0,0,0,0,0,0,0,0,0,1,0,0,2,0,0,0,0,0,0,0,0,0,1,0,0,0,2,0,1,0,0,0,0,1,0
0,0,0,0,0,0,0,0,0,0,1,0,0,0,1,0,0,0,0,0,0,0,0,0,0,1,0,0,0,0,1,0,0,0,0,0,0,0,0,0,0,0,1,0,0,0,0,1,0,1,1,1,0,0,0,0,0,0,0,0,0,0,0,0,0,0,1,0,0,0,0,0,0,0,0,0,0,0,1,1,0,0,0,0,0,0,0,0,2,0,0,0,0,0,0,2,0,0,0,1,0,0,0,0,2,0,0,0,0,0,0,1,0,0,0,1,0,1,0,0,0,0,0,0,0,0,0,0,0,0,0,0,0,0,0,0,0,0,0,0,0,0,0,0,0,0,0,0,0,0,0,0,0,0,0,0,0,0,0,0,0,0,0,0,0,0,0,0,0,0,0,0,0,1,0,1,0,0,0,0,0,0,0,1,0,0,0,0,0,0,0,1,0,1,2,0,0,0,0,0,0,0,0,0,0,0,0,0,0,1,2,1,0,0,0,0,0,1,0,0,0,0,0,0,0,0,0,1,0,0,1,0,0,1,0,1,0,0,0,0,0,0,0,0,0,0,0,1,0,1,0,0,0,0,0,0
0,0,0,1,0,0,0,0,0,0,0,1,0,0,0,0,0,1,0,0,1,0,0,0,0,0,0,0,0,0,0,0,0,0,0,0,0,0,0,0,0,0,0,0,0,0,0,0,0,0,0,0,0,0,0,0,0,0,0,0,0,0,0,0,0,0,0,0,1,1,0,0,0,0,0,0,0,0,0,0,0,1,0,0,0,0,0,0,1,0,0,0,0,0,0,0,1,0,0,0,0,0,0,0,0,0,0,2,0,0,0,0,0,0,0,0,2,0,0,0,0,0,0,0,0,0,0,0,0,0,1,0,0,0,0,0,0,0,0,0,0,0,0,0,0,0,0,0,0,0,0,0,0,0,0,0,0,0,0,0,2,1,0,1,0,1,1,1,0,0,0,0,0,0,2,0,0,0,0,1,0,0,0,0,0,0,1,1,0,0,0,0,0,0,0,0,0,0,0,0,0,0,1,0,0,0,0,0,0,0,0,0,0,0,0,0,0,1,1,0,0,0,0,0,0,0,0,1,0,0,0,0,0,0,0,0,0,0,0,0,0,2,0,0,0,0,0,0,0,0,0,0,0,0,0,0
0,0,0,0,0,0,0,0,1,0,0,0,0,0,1,0,0,0,0,0,0,0,0,0,0,1,0,0,0,0,1,0,0,0,0,0,0,1,1,0,0,0,1,0,0,0,0,1,0,1,1,1,0,0,0,0,0,0,0,0,0,0,0,0,0,0,1,0,0,0,0,0,0,0,0,0,0,1,1,0,0,0,0,0,0,0,0,0,0,0,0,0,0,0,0,0,0,0,0,0,0,0,0,0,1,0,0,0,0,0,0,1,0,0,0,0,0,0,0,0,0,0,0,0,0,0,0,0,0,0,0,0,0,0,0,0,0,0,0,0,0,0,0,0,0,0,0,0,0,0,0,0,0,0,0,0,0,0,0,0,0,0,0,0,0,0,1,0,0,0,0,0,0,1,0,0,0,0,0,0,0,0,0,0,0,0,0,0,0,0,0,0,0,0,0,0,0,0,0,0,0,0,0,0,0,0,0,0,0,1,0,0,0,0,0,0,0,0,0,0,0,0,0,0,1,0,0,0,0,0,1,0,1,0,0,0,0,0,0,0,0,0,0,0,0,0,0,0,0,1,0,0,0,0,1,0
0,0,0,0,0,0,0,0,0,0,0,0,0,0,0,0,0,1,0,0,1,0,0,0,0,0,0,0,0,0,0,0,0,0,0,0,1,0,0,0,0,0,0,0,0,0,0,0,0,0,0,0,0,0,0,0,0,0,0,0,1,0,0,0,0,0,0,0,1,0,0,0,0,0,0,0,0,1,0,0,0,1,0,0,0,0,0,0,1,0,0,0,0,0,0,0,0,0,0,0,0,0,0,0,0,0,0,0,0,0,0,0,0,0,0,0,0,0,0,0,0,0,0,0,0,0,0,0,0,0,1,0,0,0,0,0,0,0,0,0,0,0,0,0,0,0,0,1,0,0,0,0,0,0,0,0,1,1,0,0,1,1,0,0,0,1,1,0,0,0,0,0,0,0,1,0,0,0,0,1,0,0,0,0,0,0,0,1,0,0,0,0,0,0,0,0,0,0,0,0,0,0,0,0,0,0,0,0,0,0,0,0,0,0,0,0,0,1,1,0,1,1,0,0,0,0,0,1,0,0,0,0,0,0,0,0,0,0,0,0,0,0,0,0,0,0,0,0,0,0,0,0,0,0,0,0
0,0,0,0,0,0,0,0,0,0,0,0,0,0,0,0,0,1,0,0,1,0,0,0,0,0,0,0,0,0,0,0,0,0,0,0,0,1,0,0,0,0,0,0,0,0,1,0,0,0,0,0,0,0,0,0,0,0,0,0,0,0,0,1,0,0,0,1,1,0,0,0,0,0,0,0,0,0,0,0,0,0,1,1,0,0,0,0,2,0,0,0,0,0,0,0,0,0,0,0,0,0,0,0,1,0,0,0,3,0,0,1,0,0,0,0,0,1,0,0,0,0,0,0,0,0,0,0,0,0,1,0,0,0,0,0,0,0,0,0,0,0,0,0,0,0,0,0,0,0,0,0,0,0,0,0,0,0,0,0,1,1,0,0,0,1,2,0,0,0,0,0,0,0,1,1,0,0,0,1,0,0,0,0,0,1,0,1,0,0,2,0,0,0,0,0,1,0,0,0,0,1,0,1,0,0,0,0,0,0,0,1,0,0,0,0,0,1,2,0,0,1,0,0,0,0,0,1,0,0,0,0,0,0,0,0,0,0,0,0,0,0,0,1,0,0,0,0,0,0,0,0,0,0,0,0
0,1,0,0,0,0,0,0,0,0,1,0,0,1,1,0,0,0,0,0,0,0,0,0,0,1,0,0,0,0,1,0,0,1,0,0,2,1,4,0,0,0,1,0,0,0,0,1,0,1,1,1,0,0,0,0,0,0,0,0,0,0,1,0,0,0,1,0,0,0,1,0,0,0,1,0,2,3,1,0,0,0,0,0,0,0,0,0,0,0,0,0,0,0,0,0,0,0,0,0,0,0,0,0,1,0,0,0,0,0,0,1,0,0,0,1,1,0,0,0,0,1,0,0,0,0,0,0,0,0,0,0,0,0,0,0,0,0,0,0,0,0,0,0,0,0,0,0,0,0,0,0,0,0,0,0,0,0,0,0,0,0,0,0,0,0,0,0,0,0,1,0,0,0,0,0,0,3,0,0,0,0,0,0,0,0,0,0,0,0,0,0,0,0,0,0,0,0,0,0,0,0,0,0,0,0,0,0,0,1,0,1,0,0,0,0,0,0,1,0,0,0,2,0,0,0,0,0,0,0,2,0,0,0,0,0,0,0,0,0,0,0,0,0,0,0,0,0,0,1,0,0,0,0,2,0
0,1,0,0,0,0,0,0,0,0,0,0,0,0,0,0,0,1,1,0,1,0,0,0,0,0,0,0,0,0,0,0,0,0,0,0,0,0,0,0,0,0,0,0,0,0,0,0,0,0,0,0,0,0,1,0,0,0,0,0,0,0,0,0,0,0,0,0,1,0,0,0,0,0,0,0,0,0,0,0,0,0,0,0,0,0,0,0,1,0,0,0,0,0,0,0,0,0,0,0,0,0,1,0,0,0,0,0,0,1,0,0,0,0,0,0,0,0,0,0,0,0,1,0,1,1,0,0,0,0,1,0,0,0,0,0,0,0,0,0,0,0,0,1,1,0,0,2,0,0,0,0,0,0,0,0,0,0,0,0,2,1,0,0,0,2,2,1,0,0,0,0,0,0,1,1,0,0,0,1,0,0,0,0,0,2,0,1,0,0,0,0,0,0,0,0,1,0,0,0,0,1,1,0,0,0,0,0,0,0,0,1,0,1,0,0,0,0,1,0,1,0,0,0,0,0,0,1,0,0,0,0,0,0,0,0,0,0,0,0,0,1,0,0,0,0,0,0,0,0,0,0,0,0,0,0
0,0,0,0,1,0,0,0,0,0,0,0,0,0,0,0,0,1,0,0,1,0,0,0,0,0,0,0,0,0,0,0,0,0,0,0,1,0,0,0,0,0,0,0,0,0,0,0,0,0,0,0,0,0,0,0,0,0,0,0,0,0,0,0,0,0,0,0,1,0,0,0,0,0,0,0,0,0,0,0,1,0,0,0,0,0,0,1,1,0,0,0,0,0,0,0,0,0,0,0,0,0,0,0,0,0,0,0,0,0,0,0,0,0,0,0,0,0,0,0,0,0,0,0,0,0,0,0,0,0,1,0,0,0,0,0,0,0,0,0,0,0,0,0,0,0,0,0,0,0,0,0,0,0,0,0,0,0,0,0,1,1,2,1,0,1,2,0,0,0,0,0,0,0,1,0,0,0,0,1,0,0,0,0,0,0,0,1,0,0,1,0,0,0,1,0,0,0,1,0,0,0,0,0,0,0,0,0,0,0,0,0,0,0,0,0,1,0,1,0,3,0,0,2,0,0,0,1,0,0,0,0,0,0,0,0,0,0,0,0,0,1,0,0,0,0,0,0,0,0,0,0,0,0,0,0
0,0,0,0,0,0,0,0,0,0,0,0,0,0,0,0,0,1,0,0,1,0,0,0,0,0,0,0,0,0,0,0,0,0,0,0,0,0,0,0,0,0,0,0,0,0,0,0,0,0,0,0,0,0,0,0,0,0,0,0,0,0,0,0,0,0,0,0,1,0,0,0,0,0,0,0,0,0,0,0,0,0,0,0,0,0,0,0,1,0,0,0,0,0,0,0,0,0,0,0,0,0,0,0,0,0,0,0,0,2,0,0,1,0,0,0,0,0,0,0,0,0,0,0,1,0,0,0,0,0,1,0,0,0,0,0,0,0,0,0,0,0,0,0,0,0,0,1,0,0,0,0,0,0,0,0,0,0,0,0,1,1,0,0,0,1,1,0,0,0,0,0,0,0,1,0,0,0,0,2,0,0,0,0,0,1,0,1,0,0,0,0,0,0,1,0,0,0,0,0,0,1,1,0,0,1,0,0,0,1,0,0,0,0,0,0,0,2,1,0,1,0,0,0,0,0,0,1,0,0,0,0,0,0,0,0,0,0,0,0,0,1,0,0,0,0,2,0,0,0,0,0,0,0,0,0
0,0,0,0,0,0,0,1,0,0,0,0,0,0,0,0,0,1,0,0,1,0,0,1,0,0,0,0,0,0,0,0,0,0,0,0,1,0,0,0,0,0,0,0,0,0,0,0,0,0,0,0,0,0,0,0,0,0,0,0,0,0,0,0,0,0,0,2,1,1,0,0,0,0,0,0,0,0,0,1,1,0,0,1,0,0,0,0,1,0,0,0,0,0,0,0,0,0,0,0,0,0,0,0,0,0,0,0,0,0,0,0,0,0,0,0,0,0,0,0,0,0,0,0,0,0,0,0,0,0,1,0,0,0,0,0,0,0,0,0,0,0,0,0,0,0,0,0,0,0,0,0,0,0,0,0,0,0,0,0,1,1,0,0,0,1,1,0,0,0,0,0,0,1,1,0,0,0,0,1,0,0,0,0,0,0,0,1,0,1,0,0,0,0,0,0,0,0,0,0,0,0,1,0,0,0,0,1,0,0,1,0,0,0,0,0,1,0,1,0,0,0,0,0,0,0,0,1,0,0,0,0,0,0,0,0,0,0,0,1,0,1,0,1,0,0,0,0,0,0,0,0,0,0,0,0
0,2,0,0,0,0,0,0,0,1,1,0,0,0,0,0,1,1,0,0,1,0,0,0,0,0,0,0,0,0,0,0,0,0,0,0,1,0,0,0,0,0,0,0,0,0,0,0,0,0,0,0,0,0,0,0,0,0,0,0,2,0,0,0,0,0,0,0,1,0,0,0,0,0,0,0,0,1,1,0,1,2,0,0,0,0,0,0,2,0,0,0,0,0,0,0,0,0,0,0,0,0,0,0,0,0,0,0,0,0,0,0,0,0,0,0,0,1,0,0,0,0,0,0,0,0,0,0,0,0,1,0,0,0,0,0,0,0,0,0,0,0,0,0,0,0,0,0,0,0,0,0,0,0,0,0,0,0,0,0,1,1,0,0,0,1,1,0,0,0,0,0,0,0,1,0,0,0,0,1,0,0,0,0,0,0,0,1,0,0,0,0,0,0,0,0,0,0,0,0,0,0,0,0,0,0,0,0,0,1,0,0,0,0,0,0,0,1,1,0,0,0,0,0,0,0,0,1,0,0,0,0,0,0,0,0,0,0,0,0,0,1,0,0,0,0,0,0,0,0,0,0,0,0,0,0
0,0,0,0,0,0,0,0,2,0,1,0,0,0,1,0,0,2,0,0,0,0,0,0,0,1,0,0,0,0,1,0,0,2,0,0,0,2,2,0,0,0,1,0,0,0,0,2,0,1,1,1,0,0,0,0,0,0,0,0,0,0,0,0,0,0,1,0,0,0,0,0,0,0,0,0,0,2,1,0,0,0,0,0,0,0,1,0,0,0,0,0,0,0,0,0,0,0,0,1,0,0,0,0,1,0,0,0,0,0,0,1,0,0,0,0,0,0,0,0,0,0,0,0,0,0,0,0,0,0,0,0,0,0,0,0,0,0,0,0,0,0,0,0,0,0,0,0,0,0,0,0,0,0,1,0,0,0,0,0,0,0,0,0,0,0,0,0,0,0,0,0,0,0,0,0,0,0,0,0,0,0,0,0,0,0,0,0,0,0,0,0,0,0,0,0,0,0,0,0,0,0,0,0,0,0,0,0,0,1,0,0,0,0,0,0,0,0,0,0,0,0,0,0,0,0,0,0,0,0,0,0,0,0,0,0,0,0,0,0,0,0,0,0,0,0,0,0,0,1,0,0,0,0,1,0
0,0,0,0,2,0,0,0,0,0,0,0,0,0,1,0,0,0,0,0,0,0,0,0,0,1,0,0,0,0,1,0,0,1,0,0,0,0,0,0,0,0,2,0,0,0,0,1,0,1,1,1,0,0,0,0,1,0,0,1,0,0,0,0,0,0,1,0,0,0,0,0,0,0,1,0,0,1,1,0,0,0,1,0,1,0,0,0,5,0,0,0,0,0,1,3,0,0,0,0,0,0,0,0,2,0,0,0,0,0,0,1,0,0,1,0,0,0,0,0,0,0,0,0,0,0,0,0,0,0,0,0,0,0,0,0,0,0,0,0,0,0,0,0,0,0,0,0,0,0,0,0,0,0,0,0,0,0,0,0,0,0,0,1,0,0,1,0,0,1,1,0,0,1,0,0,0,0,0,0,1,0,0,2,1,0,0,0,0,0,0,1,0,1,1,0,0,0,0,0,0,0,0,0,0,0,0,0,1,1,1,0,0,0,0,0,0,0,0,0,0,0,0,0,0,0,0,1,0,0,2,0,0,1,0,0,0,0,0,0,1,0,0,0,0,0,0,0,0,1,0,0,0,0,2,0
0,0,0,0,0,0,0,0,0,0,0,0,0,0,0,0,0,1,0,0,1,0,0,0,0,0,0,0,0,0,0,0,0,0,0,0,0,0,0,0,0,0,0,0,0,0,0,0,0,0,0,0,0,0,0,0,0,1,0,0,0,0,0,0,0,0,0,0,1,0,0,0,0,0,0,0,0,0,0,0,0,0,0,0,0,0,0,0,1,0,0,0,0,0,0,0,0,0,0,1,0,0,0,0,0,0,0,0,0,0,0,0,0,0,0,0,0,0,0,0,0,0,0,1,0,0,0,0,0,0,1,0,0,0,0,0,0,0,0,0,0,0,0,0,0,0,0,0,0,0,0,0,0,0,0,0,0,0,0,0,1,1,0,0,0,1,1,0,0,0,0,0,0,0,1,0,0,0,0,1,0,0,0,0,0,0,0,1,0,0,0,0,0,0,0,0,0,0,0,0,0,0,0,0,0,0,0,0,0,0,0,0,1,0,0,1,0,1,1,0,1,0,0,0,1,0,0,1,0,0,0,0,0,0,0,0,0,0,0,0,0,1,0,0,0,0,0,0,0,0,0,0,1,0,0,0
0,0,0,0,0,0,0,0,0,0,0,0,0,0,0,0,0,1,0,0,1,0,0,0,0,0,0,0,0,0,0,0,0,0,0,0,0,0,0,0,0,2,0,0,0,0,0,0,0,0,0,0,0,0,0,0,0,0,0,1,1,0,0,0,0,0,0,0,1,0,1,0,0,0,0,0,0,0,0,0,1,1,0,0,0,0,0,0,1,0,0,0,0,0,0,0,0,0,0,0,0,0,0,0,0,0,0,0,0,0,0,0,0,0,0,0,0,0,0,0,0,0,1,1,1,0,0,0,0,0,1,0,1,0,0,0,0,0,0,0,0,0,0,1,0,0,0,0,0,0,0,0,0,0,0,0,1,0,0,0,1,1,0,0,0,1,1,0,0,0,0,0,0,0,1,0,0,0,0,1,0,0,0,0,0,0,0,1,0,0,0,0,0,0,0,0,0,0,0,0,0,0,0,0,1,1,0,0,0,0,0,0,0,0,0,0,0,1,1,0,0,0,0,0,0,0,0,1,0,0,1,0,0,0,0,0,0,0,0,0,0,1,0,0,0,0,0,0,0,0,0,0,0,0,0,0
0,0,0,0,0,0,0,0,0,0,0,0,0,0,0,0,0,1,0,0,1,0,0,0,0,0,0,0,0,0,0,0,0,0,0,0,0,0,0,0,0,0,0,0,0,0,0,0,0,0,0,0,0,0,0,0,0,0,0,0,0,0,0,0,0,0,0,0,1,0,0,0,0,0,0,0,0,0,0,0,0,0,2,2,0,0,0,0,1,0,0,0,0,0,0,0,0,0,0,0,0,0,1,0,0,0,0,0,0,0,0,0,0,0,0,0,0,2,0,0,0,0,1,0,0,0,0,0,0,1,1,0,0,0,0,0,0,0,0,0,0,0,0,0,0,0,0,0,0,0,1,0,0,0,0,0,0,0,0,0,0,1,0,0,0,1,2,0,0,0,0,0,0,0,1,0,0,0,0,1,0,0,0,0,0,0,0,1,0,0,1,0,0,0,0,0,0,0,1,0,0,0,0,1,0,0,0,0,0,0,0,0,0,0,0,1,0,2,1,0,0,1,0,1,0,0,0,1,0,0,0,0,0,0,0,0,0,0,0,0,0,0,0,0,0,0,0,0,0,0,0,0,0,0,0,0
0,0,0,0,1,0,0,1,0,0,0,0,0,0,0,0,0,1,0,0,1,0,0,0,0,0,0,0,0,0,0,0,0,0,0,0,1,0,0,0,0,0,0,0,0,0,0,0,0,1,0,0,0,1,0,0,0,0,0,0,0,0,0,0,0,0,0,0,1,0,0,0,0,0,0,0,0,0,0,0,0,0,0,0,0,0,0,0,0,0,0,1,0,0,0,0,0,0,0,0,0,0,0,0,0,0,0,0,0,0,0,1,0,0,0,0,0,1,0,0,0,0,0,1,0,0,1,0,0,0,1,0,0,0,0,0,0,0,1,1,0,0,0,0,0,0,0,0,0,0,0,0,0,0,0,0,0,0,0,0,1,1,2,0,0,1,1,0,0,0,1,0,0,0,1,0,0,0,0,1,0,0,0,0,0,0,0,2,0,0,0,0,0,0,0,0,1,0,0,0,0,0,1,0,0,0,0,0,0,0,0,0,0,0,0,0,0,1,0,0,0,0,0,0,0,0,0,1,0,0,0,0,0,0,0,0,0,0,0,0,0,1,0,0,0,0,0,0,0,0,0,0,0,0,0,0
0,0,0,0,0,0,0,0,0,0,1,0,0,0,1,0,0,0,0,0,0,0,0,0,0,1,0,0,0,0,1,0,0,0,0,0,0,0,0,0,0,0,1,0,0,0,0,1,0,1,1,1,0,0,0,0,0,0,0,0,0,0,0,0,0,0,1,0,0,0,0,0,0,0,0,0,0,0,1,0,0,0,0,0,0,0,0,0,0,0,0,0,0,0,0,1,0,0,0,1,0,0,0,0,1,0,0,0,0,0,0,1,0,0,0,0,0,0,0,0,0,0,0,0,0,0,0,0,0,0,0,0,0,0,0,0,0,0,0,0,0,0,0,0,0,0,1,0,0,0,0,0,0,0,0,0,0,0,0,1,0,0,0,0,0,0,0,0,0,0,0,0,0,0,0,0,0,0,0,0,0,0,0,0,0,0,0,0,0,0,0,0,0,0,0,0,0,0,0,0,0,0,0,0,0,0,0,0,0,1,0,0,0,0,1,0,0,0,0,0,0,0,0,0,0,0,0,0,0,0,0,0,0,0,0,1,0,0,0,0,0,0,1,1,0,0,0,0,0,1,0,0,0,0,1,0
0,0,0,0,0,0,0,0,0,0,0,0,0,0,0,0,0,1,0,0,1,0,0,0,0,0,0,0,0,0,0,0,0,0,0,0,0,0,0,0,0,0,0,0,0,0,0,0,0,0,0,0,0,0,0,0,0,0,0,0,0,0,0,0,0,0,0,2,2,0,1,1,0,0,0,0,0,0,0,0,0,0,0,0,0,0,0,0,1,0,0,0,0,0,0,0,0,0,0,0,0,0,1,0,0,0,0,0,0,0,0,0,0,0,0,0,1,0,0,0,1,0,0,1,0,0,1,0,0,0,1,0,0,0,0,0,0,0,0,0,0,0,0,0,0,0,0,0,0,0,0,0,0,0,0,0,0,0,0,0,1,1,0,0,0,1,1,0,0,0,0,0,0,0,1,0,0,0,0,1,0,0,0,0,0,0,0,1,0,0,0,0,0,0,0,0,0,0,0,0,0,0,0,0,0,0,0,0,0,0,1,0,0,0,0,1,0,2,1,0,1,1,0,0,0,0,0,1,0,0,0,0,0,0,0,0,0,0,0,0,0,0,0,1,1,0,0,0,0,0,0,0,0,0,0,0
0,1,0,0,0,0,0,0,1,0,1,0,0,0,1,0,0,0,0,0,0,0,0,0,0,1,0,0,0,0,1,0,0,0,0,0,1,1,1,0,0,0,1,0,0,0,0,1,0,1,1,1,0,0,0,0,0,0,0,0,0,0,0,0,0,0,1,0,0,0,1,0,0,0,0,0,0,1,1,0,0,0,0,0,0,0,0,0,0,0,0,0,0,0,0,0,0,0,0,1,0,0,0,0,1,0,0,0,0,0,0,1,0,0,0,0,0,0,0,0,0,0,0,0,0,0,0,0,0,0,0,0,0,0,0,0,0,0,0,0,0,0,0,0,0,0,0,0,0,0,0,0,0,0,0,0,0,0,0,0,0,0,0,0,0,0,0,0,0,0,0,0,0,0,0,0,0,0,0,0,0,0,0,0,0,0,0,0,0,0,0,0,0,0,0,0,0,0,0,0,0,0,0,0,0,0,0,0,0,1,0,0,0,0,0,0,0,0,0,0,0,0,0,0,0,0,0,0,0,0,0,0,0,0,0,0,0,0,0,0,0,0,0,0,0,0,0,0,0,1,0,0,0,1,0,0
0,0,0,0,0,0,0,0,0,1,1,0,0,0,0,0,1,1,0,0,1,1,0,0,0,0,0,0,0,0,0,0,0,0,0,0,0,0,0,0,0,0,0,0,0,0,0,0,0,0,0,0,1,0,0,0,0,0,0,0,0,0,0,0,0,0,0,0,1,0,0,0,0,0,0,0,0,0,0,0,0,0,0,0,0,0,0,0,1,0,0,0,0,0,0,0,0,0,0,1,0,0,0,0,0,0,0,0,0,1,0,0,0,0,0,0,0,0,0,0,0,0,1,1,1,0,0,0,1,0,1,0,1,0,1,0,0,0,0,0,0,1,0,0,0,0,0,0,0,0,0,0,0,0,0,0,0,0,0,0,1,1,0,0,0,1,1,0,0,0,0,0,1,0,1,0,0,0,0,1,0,0,0,0,0,0,0,1,0,0,0,0,0,0,0,0,0,0,0,0,1,0,0,0,0,0,0,0,0,0,0,0,0,0,0,0,0,1,1,0,0,0,0,0,0,0,0,1,0,0,0,0,0,0,0,0,0,0,0,0,0,1,0,0,0,0,0,0,0,0,0,0,0,0,0,0
0,1,0,0,0,0,0,1,0,1,0,0,0,0,0,0,0,1,0,2,1,1,0,0,0,0,0,0,0,0,0,0,0,0,1,0,2,0,0,0,0,1,0,0,0,0,0,0,0,0,0,0,0,0,0,0,0,0,1,0,0,0,0,0,0,0,0,0,1,0,0,0,0,0,0,0,0,0,0,0,0,0,0,0,0,0,0,0,1,0,0,0,0,0,0,0,0,0,0,0,0,0,0,0,0,0,0,0,0,0,0,0,1,1,0,0,0,0,0,0,0,0,0,0,0,0,1,0,0,0,1,0,0,0,0,0,0,0,0,0,0,0,0,0,0,0,0,0,0,0,0,0,0,0,0,0,0,0,0,0,1,1,0,0,0,1,1,0,0,0,0,0,0,0,1,0,0,0,0,1,0,0,0,0,0,0,0,1,0,0,0,0,0,0,0,0,0,0,0,0,0,0,0,0,0,0,0,0,0,0,0,0,0,0,0,0,0,2,1,0,1,0,0,0,0,0,0,1,0,0,0,0,0,0,0,0,0,0,0,0,0,1,0,0,0,0,0,0,0,0,0,0,0,0,0,0
0,3,0,0,0,0,0,0,2,0,1,0,0,0,1,0,0,0,2,0,0,0,0,1,0,1,0,0,0,0,1,0,0,0,0,0,1,2,0,0,0,0,1,0,0,0,0,1,0,1,1,0,0,0,2,0,0,0,0,0,0,0,0,0,0,0,1,0,0,0,0,2,0,0,0,0,0,0,1,0,0,0,0,0,0,0,0,0,0,0,0,0,0,0,0,0,0,1,0,0,0,0,0,0,1,0,0,0,0,0,0,1,0,0,0,0,0,0,0,0,0,0,0,0,1,0,0,0,0,0,1,0,0,0,0,0,0,0,0,0,0,0,0,0,0,0,0,0,0,0,0,0,0,0,0,0,0,0,0,0,0,0,0,0,0,0,0,0,0,0,0,0,0,0,0,0,0,0,0,0,0,0,0,0,0,0,0,0,0,0,0,0,0,1,0,0,0,0,0,0,0,0,0,0,0,0,0,0,1,1,0,0,0,0,0,0,0,0,0,0,1,1,0,0,0,0,0,0,0,0,0,0,0,0,0,0,0,0,0,1,0,0,0,0,0,0,0,0,0,1,0,0,0,0,3,0
0,0,0,0,1,0,0,0,0,0,0,0,0,0,1,0,0,0,0,0,0,0,0,0,0,1,0,0,0,0,1,0,0,0,0,0,0,0,0,0,0,0,1,0,0,0,0,1,0,1,1,1,0,0,0,0,0,0,0,0,0,0,0,0,0,0,1,0,0,0,0,0,0,0,0,0,0,0,1,1,0,0,0,0,0,0,1,0,2,0,0,0,0,0,0,1,0,0,0,0,0,0,0,0,1,0,0,0,0,0,0,1,0,0,0,0,0,0,0,0,0,0,0,0,0,0,0,0,0,0,0,0,0,0,0,0,0,0,0,0,0,0,0,0,0,0,0,0,0,0,0,0,0,0,0,0,0,0,0,0,0,0,0,0,0,0,2,0,0,0,0,0,0,1,0,2,0,0,0,0,0,0,0,1,0,0,0,0,0,0,0,1,0,2,1,0,0,0,0,0,0,1,0,0,0,0,0,0,1,1,0,0,0,1,0,0,0,0,0,0,0,0,0,0,0,0,0,1,0,0,1,0,0,1,0,1,0,0,0,0,0,0,0,0,0,0,0,2,0,1,0,0,0,0,1,0
0,0,1,0,0,0,0,0,0,0,0,0,0,0,0,0,0,1,0,0,1,0,0,0,0,0,0,0,0,0,0,0,0,0,0,0,1,1,0,0,0,1,0,0,0,0,0,0,0,0,0,0,0,0,0,0,0,0,0,0,0,0,0,0,0,0,0,0,1,0,1,0,0,0,0,0,0,0,0,0,0,0,0,0,0,0,0,0,1,0,0,0,0,0,0,0,0,0,0,0,0,0,0,0,0,0,0,0,0,0,0,0,0,0,0,0,0,0,0,0,0,0,0,0,0,0,0,0,0,0,1,0,0,0,0,0,0,0,0,0,0,0,0,0,0,0,0,0,0,0,0,0,0,0,0,0,0,0,0,0,1,1,0,0,0,1,1,0,0,0,0,0,0,0,1,0,0,0,0,1,0,0,0,0,0,0,0,1,0,0,0,0,0,0,0,0,0,0,0,0,0,0,0,1,0,0,0,0,0,0,0,1,0,0,0,0,0,1,1,0,1,1,0,0,0,0,0,1,0,0,0,0,0,0,0,0,0,0,0,0,0,0,0,0,0,0,0,0,0,0,0,0,0,0,0,0
0,0,0,0,0,0,0,0,0,0,0,0,0,0,1,0,1,1,0,0,1,0,0,0,0,0,0,0,0,0,0,0,0,0,0,0,2,2,0,0,0,1,0,0,0,0,0,0,0,0,0,0,0,0,0,0,0,0,0,0,0,0,0,0,0,0,0,0,1,0,0,0,0,0,0,0,0,2,0,0,0,2,0,0,0,0,0,0,1,0,0,0,0,0,0,0,0,0,0,0,0,0,1,0,0,0,0,0,0,0,0,0,0,0,1,0,0,0,0,0,0,0,0,0,0,0,0,0,0,0,1,0,0,0,0,0,0,0,0,0,0,0,0,0,0,0,0,0,0,0,0,0,0,0,0,0,0,0,0,0,1,1,0,0,0,1,1,0,0,0,0,0,0,0,1,0,0,0,0,1,0,0,0,0,0,0,0,1,0,0,0,0,0,0,0,0,0,0,0,0,0,0,1,0,0,0,0,0,0,0,0,1,0,0,0,0,0,2,1,0,0,0,0,0,0,0,0,1,0,0,0,0,0,0,0,0,0,0,0,0,0,1,0,0,0,0,0,0,0,0,0,0,0,0,0,0
0,0,0,0,0,0,0,0,1,0,0,0,0,0,1,0,1,1,0,0,0,0,0,0,0,0,0,0,0,0,0,0,0,0,0,0,0,0,1,0,0,0,1,0,0,0,0,1,0,1,1,0,0,0,0,0,0,0,0,0,0,0,0,0,0,0,1,0,1,0,1,0,0,0,0,0,0,1,1,0,0,0,0,1,0,0,0,0,0,0,0,1,0,0,1,0,0,0,0,0,0,0,0,0,1,0,0,0,0,0,0,0,0,0,0,0,0,0,0,0,0,0,0,1,0,0,0,0,0,0,0,0,0,0,0,0,0,0,0,0,0,0,0,0,0,0,0,0,0,0,0,0,0,0,1,0,0,0,0,0,1,0,0,0,0,0,0,0,0,0,0,0,0,0,0,0,0,0,0,1,0,0,0,0,0,0,0,0,0,0,0,0,0,0,0,0,0,0,0,0,0,0,1,0,0,1,0,0,1,1,0,0,0,0,0,0,1,0,0,0,0,0,0,0,0,0,0,0,0,0,2,0,0,0,0,0,0,0,0,0,0,1,0,0,0,0,0,0,0,1,0,0,0,0,1,0
0,0,1,0,0,0,0,0,0,0,2,0,0,0,0,0,0,1,0,0,0,0,0,0,0,0,0,0,1,0,0,0,0,0,0,0,0,0,1,0,0,2,0,0,0,0,2,0,0,0,0,0,0,1,0,0,0,0,0,2,0,0,0,0,0,0,0,0,0,0,0,0,0,0,0,0,0,0,0,0,0,1,3,0,0,0,2,0,0,0,0,0,0,0,0,0,3,0,0,0,0,3,0,0,1,0,0,0,0,0,0,0,0,0,0,0,0,0,0,0,0,1,0,1,1,0,1,3,1,0,0,0,0,0,0,0,0,1,0,0,0,0,1,0,0,0,0,0,0,0,0,0,0,0,0,0,0,0,0,0,1,0,0,0,0,0,0,0,2,0,0,2,1,0,0,0,0,0,0,1,0,1,1,0,0,0,0,0,0,1,0,0,0,0,1,0,0,0,0,0,0,0,0,0,0,1,0,0,0,0,1,0,0,0,0,0,0,0,0,0,0,0,0,0,0,0,0,0,0,0,0,0,0,0,0,0,0,1,1,1,0,1,0,0,0,0,0,0,0,0,0,0,0,0,2,1
0,0,0,0,0,0,0,0,1,0,1,0,0,0,1,0,0,1,0,0,0,0,0,0,0,1,0,0,0,0,1,0,0,2,0,0,0,0,2,0,0,0,1,0,0,0,0,1,0,1,1,3,0,0,0,0,0,1,0,0,1,0,0,0,0,0,1,0,0,0,0,0,0,0,0,0,0,3,1,0,0,0,1,0,0,0,0,0,0,0,0,0,0,0,0,0,0,0,0,1,0,0,0,0,1,0,0,0,0,0,0,1,0,0,0,0,0,0,0,0,0,0,0,1,0,0,0,0,0,1,0,0,0,0,0,3,0,0,0,0,0,0,0,0,2,0,0,0,0,0,0,0,0,0,2,0,0,0,0,0,0,0,0,0,0,0,0,0,0,0,0,0,0,0,0,0,0,0,0,0,0,0,0,0,0,0,0,0,0,0,0,0,0,0,0,0,0,0,0,0,0,0,0,0,0,0,0,0,0,1,0,0,0,0,0,0,0,0,0,0,0,0,0,0,0,0,0,0,0,0,0,0,0,0,0,0,0,0,0,0,0,0,0,0,0,0,0,0,0,1,0,0,0,0,1,0
0,0,0,0,0,0,0,0,0,0,0,0,0,0,0,0,0,1,0,0,1,0,0,0,0,0,0,0,0,0,0,0,0,0,0,0,1,1,0,0,0,1,0,0,0,0,0,0,0,0,0,0,0,0,0,0,0,0,0,0,1,0,0,0,0,0,0,1,1,0,0,0,0,0,0,0,0,0,1,0,0,1,0,1,0,0,0,0,1,0,0,0,0,0,0,0,0,0,1,1,0,0,0,0,0,0,0,0,0,0,0,0,0,0,1,0,0,0,0,0,0,0,0,2,2,0,0,0,0,0,1,0,0,0,0,0,0,0,1,1,0,0,0,0,0,0,0,0,0,0,0,0,0,0,0,0,0,0,0,0,1,1,0,0,0,1,1,0,0,0,0,0,0,0,1,0,0,0,0,1,0,0,0,0,0,0,0,1,0,0,0,0,0,0,2,0,0,0,0,0,1,0,1,0,0,1,0,0,0,1,0,1,0,0,0,0,0,3,1,0,1,0,0,0,0,1,0,1,0,0,0,0,1,0,0,0,0,0,0,1,0,2,0,1,0,0,0,0,0,0,0,0,0,0,0,0
0,0,0,0,0,0,0,0,0,0,0,0,0,0,0,0,0,1,0,0,1,1,0,0,0,0,0,0,0,0,0,0,0,0,0,0,0,1,0,0,0,0,0,0,0,0,0,0,0,0,0,0,0,0,0,0,0,0,0,0,0,0,0,0,0,0,0,0,1,0,0,0,0,0,0,0,0,0,0,0,0,0,0,0,0,0,0,0,1,0,0,0,0,0,0,0,0,0,0,0,0,0,1,0,0,0,0,0,0,0,0,0,1,0,0,1,0,1,0,0,0,0,0,2,0,0,0,0,0,0,1,0,0,0,0,0,1,0,0,0,0,0,0,0,0,0,0,0,0,0,0,0,0,1,0,0,0,0,0,0,1,1,0,0,0,1,1,0,0,0,0,0,0,0,1,0,0,0,0,1,0,0,0,0,0,0,0,1,0,0,0,0,0,0,0,0,0,0,0,0,0,0,1,1,0,0,0,0,0,0,0,1,1,0,0,0,0,0,2,0,0,0,0,0,0,0,0,2,0,0,0,0,0,0,0,0,0,0,0,0,0,2,0,0,0,0,0,0,0,0,0,0,0,0,0,0
0,0,0,0,0,0,0,0,0,0,0,0,0,0,0,0,0,1,0,2,1,0,1,1,0,0,0,0,0,0,0,0,1,1,0,1,0,0,1,2,0,0,2,0,0,0,0,0,0,0,0,0,0,0,0,0,0,0,0,3,0,0,1,0,0,0,0,0,1,0,0,0,0,0,0,0,0,0,1,1,0,0,1,0,0,0,0,0,0,0,0,0,0,0,0,1,0,0,0,0,0,0,1,0,0,1,0,0,0,0,0,0,0,0,1,0,0,0,0,0,0,0,0,1,0,1,0,0,0,0,1,0,0,0,0,0,0,0,1,0,0,0,0,0,0,0,0,0,0,0,0,0,0,0,0,3,0,0,0,0,1,1,0,0,0,1,1,0,0,0,0,0,0,0,1,0,0,0,0,1,0,0,0,0,0,1,0,1,0,0,0,0,0,0,0,0,0,0,0,0,0,0,1,0,0,1,0,0,0,0,1,2,0,0,1,0,0,3,0,0,0,0,0,0,0,0,0,1,0,0,0,0,0,0,0,0,1,0,0,1,0,1,0,0,0,0,0,1,0,1,0,0,0,0,0,0
0,0,0,0,0,0,0,0,0,0,0,0,0,0,0,0,0,1,0,0,0,1,0,1,0,0,0,0,0,0,0,0,0,0,1,0,1,1,0,0,0,0,1,0,0,0,0,0,0,1,1,0,0,0,0,0,0,0,0,0,0,0,0,0,0,0,1,0,1,0,0,0,0,0,0,0,0,0,1,0,0,1,0,0,0,0,0,0,0,0,0,0,0,0,1,0,0,0,0,0,0,0,0,0,0,0,0,0,0,0,0,0,0,0,2,0,0,0,0,0,0,0,0,0,1,0,0,0,1,0,0,0,0,0,0,0,0,0,0,0,0,0,0,0,0,0,0,0,0,0,0,0,0,0,0,0,0,0,0,0,1,1,0,0,0,1,1,0,0,0,0,0,0,0,1,0,0,0,0,1,0,0,0,0,0,0,0,1,0,0,0,0,0,0,0,0,0,0,0,0,0,0,0,0,1,0,0,0,1,1,0,0,0,0,0,0,0,1,0,0,1,0,0,0,0,0,0,1,0,0,0,0,0,0,0,0,0,0,0,0,0,1,0,0,0,0,0,0,0,0,0,0,0,0,0,0
0,1,0,0,0,0,0,1,0,0,0,0,0,0,1,0,0,1,0,1,1,0,0,0,0,0,0,0,0,0,0,0,0,0,1,0,1,0,0,0,0,0,0,0,0,0,0,0,0,0,0,0,1,0,0,0,0,0,0,0,0,0,0,0,0,0,0,0,1,0,0,0,0,0,0,0,0,1,1,0,0,0,0,0,0,0,0,0,1,0,0,0,0,0,0,0,0,0,0,1,1,1,0,0,0,0,0,0,0,0,0,0,0,0,1,0,0,1,0,0,0,0,0,0,0,0,0,1,0,0,1,0,0,0,0,0,0,0,0,0,0,0,0,0,0,0,0,0,0,0,0,0,0,0,0,0,0,0,0,0,1,2,0,0,0,1,1,0,0,0,0,0,0,0,1,0,0,0,0,1,0,0,0,0,0,0,0,1,0,0,0,0,0,0,0,0,0,0,0,0,0,0,1,0,0,1,0,0,0,0,1,0,1,0,4,0,0,4,1,0,0,1,0,0,0,1,0,1,0,0,0,0,0,0,0,0,0,0,0,0,0,0,0,0,0,0,1,0,0,1,0,0,2,0,0,0
0,0,0,0,0,0,0,0,0,0,0,0,0,0,0,0,0,1,0,0,1,0,0,0,0,0,0,0,0,0,0,0,0,0,0,0,0,0,0,0,0,0,0,0,0,0,0,0,0,0,0,0,0,0,0,0,0,0,0,0,0,0,0,0,0,0,0,0,1,0,0,0,0,0,0,0,0,0,0,0,0,0,1,0,0,1,0,0,1,0,0,1,0,0,0,0,0,0,0,0,0,0,0,0,0,0,0,0,1,0,0,0,0,0,1,0,0,0,0,0,0,0,0,0,0,0,0,0,0,0,1,0,0,0,0,0,0,0,0,0,0,0,0,0,0,0,0,0,0,0,0,0,0,0,0,0,0,0,0,0,1,1,0,0,0,1,1,0,0,0,0,0,0,0,1,0,0,0,0,1,0,0,0,0,0,0,0,1,0,0,0,0,0,0,0,0,0,0,0,0,0,0,1,0,0,0,0,0,0,0,0,0,0,0,1,0,0,1,1,0,0,1,0,0,0,1,0,1,0,0,0,0,0,0,0,0,0,0,0,0,0,0,0,0,0,0,0,0,0,0,0,0,0,0,0,0
0,0,0,0,1,0,0,0,1,0,1,0,0,0,1,0,0,0,0,0,0,0,0,0,0,1,0,0,0,0,1,0,0,0,0,0,0,1,0,0,0,0,1,0,0,0,0,2,0,1,1,1,0,0,0,0,0,0,0,0,0,0,0,0,0,0,1,0,0,0,0,0,0,0,0,0,0,1,1,0,0,0,0,0,0,0,0,0,0,0,0,0,0,0,0,1,0,0,0,1,0,0,0,0,1,0,0,0,0,0,0,1,0,0,0,0,0,0,0,0,0,0,0,0,0,0,0,0,0,0,0,0,0,0,0,0,0,0,0,0,0,0,0,0,0,0,0,0,0,0,0,0,0,0,0,0,0,0,0,0,0,0,0,0,0,0,0,0,0,0,0,0,0,0,0,0,0,0,0,0,0,0,0,0,0,0,0,0,0,0,0,0,0,0,0,0,0,0,0,0,0,0,0,0,0,0,0,0,0,1,0,0,0,0,0,0,0,0,0,0,0,0,0,0,0,0,0,0,0,0,0,0,0,0,0,0,0,0,0,0,0,0,1,0,0,0,0,0,0,1,0,0,0,0,1,0
0,0,2,0,0,0,0,0,0,0,0,0,0,0,0,0,2,1,0,0,1,0,0,0,0,0,0,0,0,0,0,0,0,0,0,0,0,0,0,0,1,0,0,0,0,0,0,0,0,0,0,0,0,0,0,0,0,0,0,0,1,0,1,1,0,0,0,1,1,0,0,0,0,0,1,1,0,0,1,1,0,0,0,0,0,0,0,0,1,0,1,0,0,0,0,0,0,0,0,0,0,0,0,0,0,0,0,0,0,0,0,0,0,0,1,0,0,0,0,0,1,2,0,0,0,0,1,0,0,0,1,0,0,0,0,0,0,0,0,0,0,0,0,0,0,0,0,1,0,0,0,2,1,1,1,0,0,0,0,0,1,1,0,0,0,1,1,0,0,0,0,1,0,0,1,0,0,0,0,1,0,0,0,0,0,1,0,1,0,0,0,0,0,0,0,0,0,0,0,0,0,0,1,2,0,0,0,0,0,0,0,0,0,0,0,0,0,0,1,0,0,0,0,1,0,0,0,2,0,0,0,0,0,0,0,1,0,0,0,0,0,1,0,0,0,0,0,0,0,0,0,0,0,0,0,0
0,0,0,0,0,0,0,0,0,0,0,0,0,0,0,0,0,1,0,0,1,0,0,0,0,0,0,0,0,0,0,0,0,0,0,0,2,0,0,0,0,0,0,0,0,0,0,0,2,0,0,0,0,0,0,0,0,0,0,0,0,0,0,0,0,0,0,0,1,0,0,0,0,0,0,0,0,2,0,0,1,0,0,0,0,0,0,0,1,0,0,2,0,0,0,0,0,0,0,0,0,0,0,0,0,0,0,0,0,0,0,0,0,0,0,0,0,0,0,0,0,0,0,0,0,0,0,0,0,0,1,0,0,0,0,0,0,0,0,0,0,0,0,0,0,0,0,0,0,0,0,0,0,0,0,0,0,0,0,0,1,1,0,0,0,1,1,0,0,0,0,0,0,0,1,0,0,0,0,1,0,0,0,0,0,0,0,1,0,0,0,0,0,0,0,0,0,0,0,0,0,0,0,0,0,0,0,0,0,0,1,0,0,0,0,0,0,2,1,0,1,0,0,0,0,0,0,1,0,0,0,0,0,0,0,0,0,0,0,0,0,2,0,1,1,0,0,0,0,1,0,0,0,0,0,0
0,0,0,0,0,0,0,0,1,0,1,0,0,0,1,0,0,0,0,0,0,0,0,0,0,1,1,0,0,0,1,0,0,0,0,0,0,0,0,0,0,0,1,0,0,0,0,1,0,1,1,1,0,0,0,0,0,0,0,0,0,0,0,0,1,0,1,0,0,0,0,0,0,0,0,0,0,0,1,0,0,0,0,0,0,1,0,0,0,0,0,0,0,0,0,1,0,0,0,1,0,0,0,0,1,0,0,0,0,0,0,1,0,0,0,0,0,0,0,0,0,0,0,0,0,0,0,0,0,1,0,0,0,0,0,0,0,0,0,0,0,0,0,0,0,0,0,0,0,0,0,0,0,0,0,0,0,0,0,0,0,0,0,0,0,0,0,0,0,0,0,0,0,0,0,0,0,0,0,0,0,0,0,0,0,0,0,0,0,0,0,0,0,1,1,0,0,0,0,0,0,0,0,0,0,0,0,0,0,1,0,0,0,0,0,0,0,0,0,0,0,0,0,0,0,0,0,0,0,0,0,0,0,0,0,0,0,0,0,0,0,0,0,0,0,0,0,0,0,1,0,0,0,0,0,0
0,1,0,0,0,0,0,0,0,1,0,0,0,0,0,0,0,1,0,0,1,0,0,1,0,0,0,0,0,0,0,0,0,0,0,0,0,0,0,0,0,0,0,0,0,0,0,0,0,0,0,0,0,0,0,0,0,0,0,0,0,0,0,0,0,0,0,0,1,0,0,0,0,0,0,0,0,0,0,0,0,1,1,0,0,0,0,0,1,0,0,0,0,0,0,0,0,0,0,0,0,0,0,0,0,0,0,0,0,1,0,0,0,0,0,0,0,0,0,0,0,0,0,0,1,0,0,0,0,0,1,1,0,0,0,0,0,0,1,0,0,0,0,0,0,0,0,0,0,0,0,0,1,1,0,0,1,0,0,0,1,1,0,0,0,1,1,0,0,0,0,0,0,0,1,0,0,0,0,2,0,1,1,0,0,0,0,1,0,0,0,0,0,0,0,0,0,0,0,0,0,1,1,0,0,2,0,0,0,1,0,0,0,0,1,0,0,3,1,0,1,0,0,0,0,0,0,1,0,0,0,0,0,0,0,0,0,0,0,0,0,1,0,0,0,0,0,0,0,0,0,0,0,0,0,0
0,0,0,0,0,0,0,0,0,0,1,0,0,0,1,0,0,0,0,0,0,0,0,0,0,1,1,0,0,0,1,0,0,0,0,0,0,0,1,0,0,0,1,0,0,0,0,1,0,1,1,1,0,0,0,0,0,0,0,0,0,0,0,0,1,0,2,0,0,0,0,0,0,0,0,0,0,0,1,0,0,0,0,0,0,0,0,0,0,0,0,0,0,0,0,0,0,0,0,1,0,0,0,0,1,0,0,2,0,0,2,1,0,0,0,0,0,0,0,0,0,0,0,0,0,1,0,0,0,0,0,0,0,0,0,0,0,0,0,0,0,0,0,0,0,0,0,0,0,0,0,0,0,0,0,0,0,0,0,0,0,0,0,0,0,0,0,0,0,0,0,0,0,0,0,0,0,0,0,0,0,0,0,0,1,1,0,0,0,0,0,0,0,0,0,0,0,0,0,0,0,0,0,0,0,0,0,0,0,1,0,0,0,0,0,0,0,0,0,0,0,0,0,0,0,0,0,0,0,0,0,0,0,0,0,0,1,0,0,0,0,0,0,2,0,0,0,0,0,1,0,0,0,0,2,0
0,1,1,0,0,0,0,0,0,1,0,0,0,0,0,0,0,1,0,0,1,0,0,0,1,0,0,0,0,0,0,0,0,0,0,0,0,0,0,0,0,0,0,0,0,0,0,0,0,0,0,0,0,0,0,0,0,0,0,0,0,0,0,0,0,0,0,0,2,0,0,0,0,0,0,0,0,0,2,0,0,1,0,1,0,0,0,0,2,0,0,0,0,0,0,0,0,0,0,0,0,0,0,0,0,0,0,0,0,0,0,0,0,0,0,0,0,0,0,0,0,0,0,0,0,0,0,0,0,1,1,0,0,0,1,0,1,0,0,0,0,0,0,1,0,0,0,0,0,0,0,0,0,0,0,0,0,0,0,0,1,1,0,0,0,1,1,0,0,0,0,0,0,0,1,1,0,0,0,1,0,0,0,0,0,0,0,1,0,0,0,0,0,0,0,1,0,0,1,0,0,0,0,0,0,1,0,0,0,1,0,0,0,0,0,0,0,1,1,0,4,0,0,1,0,0,0,1,0,0,0,0,0,0,0,0,0,0,0,0,0,1,0,0,0,0,0,0,0,0,0,0,0,0,0,0
0,0,0,0,0,0,0,0,0,0,0,0,0,0,0,0,0,1,0,0,1,0,0,0,0,0,0,0,0,0,0,0,0,0,0,0,0,0,0,0,0,0,0,0,0,0,0,0,0,0,0,0,0,0,0,0,0,0,0,0,0,0,0,0,0,0,0,0,1,0,0,0,0,0,0,0,0,0,0,0,0,0,0,1,0,0,0,0,1,0,0,0,0,0,1,0,0,0,0,0,0,0,0,0,0,0,0,0,0,0,0,0,0,0,0,0,0,0,0,0,0,0,0,0,0,0,0,0,0,0,1,0,1,0,0,0,0,0,0,0,0,0,0,0,0,0,0,0,0,0,0,0,0,0,0,0,0,0,0,0,1,1,0,0,0,1,1,0,0,0,0,0,0,0,1,1,0,0,0,2,0,0,0,0,0,0,0,1,0,0,0,0,0,0,0,0,0,0,0,0,0,0,1,0,0,0,0,0,0,0,0,0,0,0,0,0,0,0,1,0,0,0,0,0,0,0,0,1,0,0,0,0,0,1,0,0,0,0,0,1,0,1,0,0,0,0,0,0,0,0,1,0,0,0,0,0
0,0,2,0,0,0,0,0,0,0,0,2,0,0,0,0,0,1,0,0,1,0,0,0,0,1,0,0,0,0,0,0,0,0,0,0,1,0,0,0,0,0,0,0,0,0,0,0,0,0,0,0,0,1,0,0,0,0,0,0,1,0,0,0,0,0,0,1,1,0,0,0,0,1,0,0,0,0,0,0,0,0,0,0,0,0,0,0,1,0,0,0,0,0,0,0,0,0,0,0,0,0,0,0,0,0,0,0,0,0,0,0,0,0,0,0,0,0,0,0,0,0,0,0,0,0,0,0,0,0,1,0,0,0,0,0,0,0,0,2,0,0,0,0,0,0,0,1,0,0,0,0,0,0,0,0,0,0,0,0,1,1,0,0,0,1,1,0,0,0,0,0,0,0,1,0,0,0,0,1,0,0,0,0,0,0,0,1,0,0,0,0,0,0,0,0,0,0,0,0,0,0,1,0,0,0,0,0,0,0,0,0,0,0,0,0,0,0,1,0,0,0,0,0,0,0,0,1,0,0,0,0,0,0,0,0,0,0,0,0,0,2,0,0,0,1,0,0,0,0,0,0,1,0,0,0
0,0,0,0,0,0,0,1,0,1,0,0,0,0,0,0,0,1,0,1,1,0,0,0,0,0,0,0,0,0,0,0,0,0,3,0,3,0,0,0,0,0,0,0,0,0,0,0,0,0,0,0,0,0,0,0,0,0,0,0,0,0,0,0,0,0,0,0,1,1,0,0,0,0,0,0,0,0,0,0,0,0,0,0,0,0,0,0,1,0,0,0,0,0,0,0,0,0,2,0,0,0,0,0,0,1,0,0,0,0,0,0,0,0,3,0,0,2,0,0,0,0,0,4,0,0,0,0,0,0,1,0,0,0,0,0,0,0,1,0,0,0,0,0,0,0,0,1,0,0,0,0,0,0,0,0,0,0,0,0,1,1,0,0,0,1,1,1,0,0,0,0,0,0,1,0,0,0,0,1,0,0,1,0,0,0,0,1,0,0,0,1,0,0,0,0,1,0,2,0,0,0,1,0,0,2,0,0,0,1,2,0,0,0,0,0,0,5,1,0,0,1,0,0,0,0,0,1,0,0,0,0,0,0,0,0,0,0,0,0,0,0,0,0,0,0,0,0,0,0,0,0,0,0,0,0
0,0,0,0,0,0,0,0,0,0,0,0,0,0,0,1,0,1,0,0,1,0,0,0,0,0,0,0,0,0,0,0,0,0,0,0,4,1,0,0,0,0,0,0,0,0,0,0,0,0,0,0,0,0,0,0,0,0,0,0,0,0,0,0,0,0,0,0,1,2,0,0,0,0,1,0,0,0,0,1,2,0,0,0,0,0,0,0,1,0,0,1,0,0,1,0,0,0,0,0,0,1,1,0,0,0,0,0,0,0,0,0,1,0,1,0,2,0,0,1,0,0,0,2,0,0,0,0,0,0,1,0,0,0,0,0,0,0,0,0,0,0,0,0,0,0,0,0,0,0,0,0,0,0,0,0,0,0,0,0,1,1,0,0,0,1,1,0,0,0,0,0,0,0,1,0,0,0,0,1,0,0,0,0,0,0,0,1,0,0,0,0,0,0,1,0,0,0,0,0,0,0,0,0,0,0,0,0,0,0,4,0,0,0,0,1,0,2,1,0,0,0,0,2,0,0,0,1,0,0,0,0,0,0,0,0,0,0,0,0,0,1,0,0,0,0,0,0,0,0,0,0,0,0,0,0
0,0,0,0,0,0,0,0,0,0,1,0,0,0,1,0,0,0,0,0,0,0,0,0,0,1,0,0,0,0,1,0,0,0,0,0,0,0,0,0,0,0,1,0,0,0,0,1,0,1,1,1,0,0,0,0,0,0,0,0,0,0,0,0,0,0,1,0,0,0,0,0,0,0,0,0,0,0,1,0,0,0,0,0,0,0,0,0,0,0,0,0,0,0,0,0,0,0,0,1,0,0,1,0,1,0,0,0,0,0,0,1,0,0,1,0,0,0,0,0,0,0,0,0,0,0,0,0,0,0,0,0,0,0,0,0,0,0,0,0,0,0,0,0,0,0,0,0,0,0,0,0,0,0,0,0,0,0,0,0,0,0,0,0,0,0,0,0,0,0,0,0,0,0,0,0,0,0,0,0,0,0,0,0,0,0,0,0,0,0,0,1,0,1,1,0,0,0,0,0,0,0,0,0,0,0,0,0,0,1,0,0,0,0,1,0,0,0,0,0,0,0,0,0,0,0,0,0,0,0,0,0,0,1,0,0,0,0,0,0,0,0,0,0,0,0,0,1,0,1,0,0,0,0,0,0
0,0,0,0,0,0,0,0,0,0,1,0,0,0,1,0,0,0,0,0,0,0,0,1,0,1,0,0,0,1,1,0,0,0,0,0,0,1,1,0,0,0,1,0,0,0,0,1,0,1,2,1,0,1,0,0,0,0,0,0,0,0,0,0,0,0,1,0,0,0,0,0,0,0,0,0,0,0,1,0,0,0,0,0,0,0,0,0,0,0,0,0,0,0,0,0,0,0,0,1,0,0,0,0,1,0,0,0,0,0,0,1,0,0,1,0,0,0,0,0,0,0,0,0,0,0,0,0,0,0,0,0,0,0,0,0,0,0,0,0,0,0,0,0,0,0,0,0,0,0,0,0,0,1,0,0,0,0,0,0,0,0,0,0,0,0,0,0,0,0,0,0,0,0,0,0,0,0,0,0,0,0,0,0,0,0,0,0,0,0,0,0,0,0,0,0,0,0,0,0,0,0,0,0,0,0,0,0,0,1,0,0,0,0,0,0,0,0,0,0,0,0,0,0,0,0,0,0,0,0,0,0,0,0,0,0,0,0,0,0,0,0,0,0,0,0,0,0,0,1,0,0,0,0,0,0
0,2,0,0,0,0,0,0,1,0,0,0,0,2,1,0,0,0,0,0,0,0,0,0,0,1,0,0,0,0,1,0,0,0,0,0,1,0,1,0,0,0,1,0,0,0,0,1,0,1,1,0,0,0,1,0,0,2,0,0,0,0,0,0,1,0,2,0,0,0,0,0,0,0,0,0,0,0,1,0,0,0,0,0,0,0,0,0,0,0,0,0,0,0,0,0,0,0,0,0,0,0,0,0,1,0,0,0,0,0,0,1,0,0,0,0,0,0,0,0,0,0,0,0,0,0,0,0,0,0,0,0,0,0,0,0,0,0,0,0,0,0,0,0,0,0,0,0,0,0,0,0,0,0,0,0,0,0,0,0,1,0,0,0,0,0,0,0,0,0,0,0,0,1,0,0,0,0,0,0,0,0,0,0,0,0,0,0,0,0,0,0,0,0,0,0,0,0,0,0,0,0,0,0,0,0,0,1,1,1,0,0,0,0,0,0,0,0,0,0,1,0,1,0,0,0,0,0,0,0,0,0,0,0,0,0,0,0,0,0,0,0,0,1,0,0,0,0,0,1,0,0,0,0,0,0
0,0,0,0,0,0,0,0,0,0,0,0,0,0,1,0,0,0,1,0,0,1,0,0,0,1,0,0,0,1,2,0,0,0,0,0,0,0,0,0,0,0,1,0,0,0,0,1,0,1,1,1,0,0,0,0,0,0,0,0,0,0,0,0,0,0,1,0,0,1,0,0,0,0,0,0,0,0,1,1,0,0,1,0,0,0,0,0,0,0,0,0,0,0,0,0,0,1,0,0,0,0,0,0,1,0,0,0,0,0,0,1,0,0,1,0,0,0,0,1,0,0,0,0,0,0,0,0,0,0,0,0,0,0,0,0,0,0,0,0,0,0,0,0,0,0,0,0,0,0,0,0,0,0,0,0,0,0,0,0,0,0,0,0,0,0,1,0,0,0,0,0,0,1,0,0,0,0,0,0,0,0,0,0,0,0,0,0,0,0,0,0,0,1,1,0,0,0,0,0,0,0,0,0,0,0,0,0,0,1,0,0,0,0,0,0,0,0,0,0,0,0,0,0,0,0,0,1,0,0,0,0,0,1,0,2,0,0,0,0,0,0,0,0,0,0,0,0,0,1,0,0,0,0,0,0
0,0,0,0,0,0,0,0,1,0,1,0,0,0,1,0,1,0,0,0,0,0,0,0,0,1,0,0,0,0,1,0,0,0,0,0,0,0,1,0,0,0,1,0,0,0,0,2,0,1,1,1,2,0,1,0,0,0,0,0,0,0,0,0,1,1,1,0,0,0,0,1,0,0,0,0,0,0,1,0,0,0,0,0,1,0,0,0,0,0,0,0,0,0,0,0,0,0,0,1,0,0,0,0,1,0,1,1,0,0,0,1,0,0,0,0,0,0,0,0,0,0,0,0,0,0,0,0,0,0,0,0,0,0,0,0,1,0,0,0,1,0,0,0,0,0,0,0,0,0,0,0,0,0,0,0,0,0,0,1,0,0,0,0,0,0,0,0,0,0,0,1,0,0,0,0,0,1,0,0,0,0,0,0,0,0,0,0,0,0,0,0,0,0,0,0,0,0,0,0,0,0,0,0,0,0,0,0,0,1,0,0,1,0,0,0,0,0,1,0,0,0,1,0,0,0,0,0,0,1,0,0,0,0,0,0,0,0,0,0,0,0,0,0,0,0,0,0,0,1,0,0,0,0,1,1
0,0,0,0,0,0,0,0,0,0,0,0,0,0,0,0,0,1,0,0,0,0,0,0,0,0,1,0,0,0,0,0,0,0,0,1,1,0,1,0,0,0,0,0,0,0,0,0,0,0,0,0,0,1,0,0,0,0,0,0,0,0,0,0,0,0,0,0,1,0,0,0,0,0,0,0,0,0,2,0,0,0,0,0,0,0,0,0,0,0,0,0,0,0,0,0,0,0,0,0,0,0,0,0,0,0,0,0,0,0,0,0,0,0,0,0,0,0,0,0,0,0,2,0,0,1,0,1,1,0,0,1,0,0,0,0,0,1,0,1,0,0,0,0,0,0,0,0,0,0,0,0,0,0,0,0,0,0,0,0,1,1,0,0,0,1,1,0,0,0,0,0,0,0,1,0,0,0,0,1,0,0,0,0,0,1,0,1,0,0,0,0,0,0,0,0,0,0,1,0,0,0,1,0,0,0,0,0,0,0,1,2,0,0,0,0,0,0,0,0,0,0,0,0,0,0,0,1,0,0,0,0,0,0,0,0,0,0,0,0,0,1,0,0,0,0,0,0,0,0,0,0,0,0,0,0
0,0,0,0,0,0,0,0,0,0,0,0,0,0,0,0,0,1,0,0,1,0,0,1,0,0,0,0,0,0,0,0,0,0,0,0,1,0,0,0,0,0,0,0,0,0,0,0,0,0,0,0,0,0,0,0,1,0,0,0,0,0,0,0,0,0,0,0,1,0,0,0,0,0,0,0,0,0,0,0,0,0,0,0,0,0,0,0,1,0,0,0,0,0,0,0,0,0,0,0,0,0,2,0,0,0,0,0,0,0,0,0,0,0,1,0,0,0,0,0,0,0,0,2,1,0,0,0,0,0,1,0,0,0,0,0,0,0,0,0,0,0,0,0,0,0,0,0,0,0,0,0,0,0,0,0,0,0,0,0,1,1,0,1,0,1,1,1,0,0,0,0,1,1,1,0,0,0,0,1,0,0,0,0,0,0,1,1,0,0,0,0,0,0,0,0,0,0,0,0,0,0,0,0,0,0,0,0,0,0,0,0,0,0,0,0,0,0,1,0,1,0,0,0,0,0,0,1,0,0,0,0,0,1,0,0,0,0,0,0,0,1,0,1,0,0,0,0,0,0,0,0,0,0,0,0
0,0,0,0,0,0,0,0,0,0,0,0,0,0,0,0,0,1,0,0,1,0,0,0,0,0,0,0,0,0,0,0,0,0,0,0,0,0,0,0,0,1,0,0,0,0,0,0,0,0,0,0,0,0,0,0,0,0,0,0,0,0,0,1,0,0,0,2,1,0,1,0,0,0,0,0,0,0,0,0,0,0,0,0,0,0,0,0,1,0,0,0,0,0,0,0,0,0,0,0,0,0,3,0,0,0,0,0,0,0,0,0,1,0,0,0,0,3,0,0,0,0,0,0,0,0,0,0,0,0,1,0,0,0,0,0,0,0,0,0,0,0,0,0,0,0,0,0,0,0,0,0,0,0,0,0,0,0,0,0,1,1,4,0,0,1,1,1,0,0,0,0,0,0,1,0,0,0,0,1,0,0,0,0,0,0,0,1,0,0,1,0,0,0,0,0,0,0,0,0,0,0,0,0,0,0,0,0,0,0,0,0,0,0,0,0,0,0,1,0,0,0,0,0,0,0,0,1,0,0,0,0,0,0,0,0,0,0,0,0,0,1,0,3,0,0,0,0,0,3,1,0,0,0,0,0
0,0,0,0,0,0,0,0,1,0,0,0,0,0,0,0,0,0,0,0,0,0,0,0,0,1,1,0,0,0,0,0,1,0,0,0,2,0,1,0,0,0,0,0,0,0,0,2,0,0,0,1,0,0,0,0,0,1,1,0,0,0,0,0,1,0,0,1,0,0,1,0,0,0,1,1,0,0,0,0,0,0,0,0,0,0,0,0,0,0,0,0,0,0,0,0,0,0,3,0,0,0,0,0,0,0,0,0,0,0,0,0,0,0,0,2,0,0,0,0,0,0,0,0,0,0,0,0,0,0,0,0,0,0,0,0,0,0,0,0,0,0,0,0,0,0,0,0,0,0,1,1,0,0,0,2,0,0,0,0,0,0,1,0,0,0,0,0,0,1,0,0,0,0,1,0,0,0,0,0,1,0,0,2,0,0,0,1,2,0,1,0,1,0,0,0,0,0,0,0,0,0,0,0,0,0,0,1,0,0,0,0,0,0,0,1,0,0,1,0,0,0,0,0,0,0,0,0,0,0,0,0,0,0,0,0,0,0,0,0,0,0,0,0,0,0,0,0,0,0,0,0,0,0,0,0
0,0,0,0,0,0,0,0,0,0,0,0,0,0,0,0,0,1,0,0,1,0,0,0,0,0,0,0,0,0,0,0,0,0,0,0,0,0,0,0,0,0,0,0,0,0,0,0,0,0,0,0,0,0,0,0,0,0,0,0,0,0,0,0,0,0,0,0,1,0,0,0,0,0,0,0,0,0,0,0,0,0,0,0,0,0,0,0,1,0,0,0,0,0,0,0,0,0,0,0,0,0,0,0,0,0,0,0,0,0,0,0,1,0,0,0,0,1,0,0,0,0,0,1,0,0,0,0,0,0,1,0,0,0,0,0,0,0,0,0,0,0,0,0,0,0,0,0,0,0,0,0,0,0,0,0,0,0,0,0,1,1,0,0,0,1,1,0,0,0,0,0,0,0,1,0,0,0,0,1,0,0,0,0,0,0,0,1,0,0,0,0,0,0,0,0,0,0,1,0,0,0,0,0,0,0,0,0,0,0,0,1,0,0,0,0,0,1,1,0,0,0,0,2,0,1,0,1,0,0,0,0,0,0,0,0,0,0,0,0,0,1,0,0,0,0,0,0,0,0,0,0,0,0,0,0
0,0,0,0,0,0,0,0,0,0,0,0,0,0,0,0,0,1,0,0,1,0,0,0,0,0,0,0,0,0,0,0,0,0,0,0,0,0,0,0,0,0,1,0,0,0,0,0,0,0,0,0,0,0,0,0,0,1,0,0,1,0,0,0,0,0,0,0,1,0,0,0,0,0,0,0,0,1,2,0,1,2,1,0,0,0,0,0,0,0,0,0,0,0,0,0,0,0,0,0,0,0,1,0,0,0,0,0,0,0,0,0,0,0,0,0,0,1,0,0,0,0,0,0,0,0,0,0,0,0,1,0,0,0,0,0,0,0,0,0,0,0,0,0,0,0,0,0,0,0,0,0,0,0,0,0,0,0,0,0,1,1,0,0,0,1,2,0,0,0,0,0,0,0,1,0,0,0,0,1,0,0,0,0,0,0,0,1,0,0,0,0,0,0,0,0,0,0,0,0,0,0,0,0,0,0,0,0,0,0,0,0,0,0,0,0,0,0,0,0,2,0,0,0,0,0,0,1,0,0,1,0,0,0,0,0,0,0,0,0,0,2,0,1,0,0,0,0,0,0,0,0,1,0,0,0
1,0,0,0,0,0,0,1,0,0,0,0,0,1,0,0,1,0,0,0,0,0,0,0,0,0,0,1,0,0,0,0,1,0,0,0,0,0,0,0,0,2,0,0,0,0,0,1,0,0,1,0,0,0,0,1,1,2,0,0,0,0,0,0,0,0,0,0,0,0,0,0,0,0,0,0,0,0,1,0,0,0,4,0,0,0,1,0,0,0,0,3,2,0,0,0,0,0,1,0,5,0,0,0,0,1,0,1,0,0,0,3,1,1,0,0,0,0,0,0,0,0,0,0,0,1,0,1,0,0,0,0,0,0,0,0,0,0,0,0,0,0,0,0,0,0,0,0,0,0,0,0,0,0,0,0,0,0,0,0,0,0,0,0,0,0,0,0,0,0,0,1,0,1,0,2,0,0,0,0,0,0,0,0,0,0,0,0,0,0,0,0,0,0,0,0,0,0,0,0,0,0,0,0,1,0,0,0,1,0,0,1,0,0,0,2,0,0,2,0,0,0,0,0,0,0,0,0,0,0,0,0,0,0,0,1,0,1,0,0,0,1,0,0,0,0,0,0,0,0,1,0,0,1,0,0
0,0,0,0,0,0,0,0,1,0,0,0,0,0,1,0,0,1,0,0,0,0,0,0,0,0,0,0,0,0,0,0,0,0,0,0,0,1,0,0,0,0,1,0,0,0,0,2,0,1,1,0,0,0,0,0,0,0,0,0,0,0,0,0,0,0,1,0,1,0,0,0,0,0,0,0,0,1,1,0,0,0,0,0,0,0,0,0,0,0,0,0,0,0,0,0,0,0,0,0,0,0,0,0,1,0,0,0,0,0,0,0,1,0,0,0,0,0,0,0,0,0,0,1,0,0,0,0,0,0,0,0,0,0,0,0,0,0,0,0,0,0,0,0,0,0,0,0,0,0,0,0,0,0,0,0,0,0,0,0,1,0,0,0,0,0,0,0,0,0,0,0,0,0,0,0,0,0,0,1,0,0,0,0,0,0,0,0,0,0,0,0,0,0,0,0,0,0,0,0,0,0,1,0,0,0,0,0,0,1,1,0,0,0,0,0,0,0,0,0,0,0,0,0,0,0,0,0,0,0,0,0,0,0,0,0,0,0,0,0,0,1,0,0,0,0,0,0,0,1,0,0,0,0,1,0
0,0,0,0,0,0,0,0,0,0,0,0,0,0,1,0,2,1,0,0,0,0,0,0,0,0,0,0,0,0,0,0,0,0,0,0,0,0,0,0,0,0,1,0,0,0,0,1,0,1,1,0,0,0,0,0,0,0,0,0,0,0,0,0,0,0,1,0,1,0,0,0,0,0,0,0,0,0,1,0,0,1,0,0,0,0,0,0,0,0,0,0,0,0,0,0,0,0,0,0,0,0,1,0,0,0,0,0,0,0,0,0,0,0,0,0,0,0,0,0,0,0,0,0,1,0,0,0,0,0,0,0,0,0,0,0,0,0,0,0,0,0,0,0,0,0,0,0,0,0,0,0,0,0,0,0,0,0,0,0,1,0,0,0,0,1,0,0,0,0,2,0,0,0,1,0,0,0,0,1,0,0,0,2,0,0,0,1,0,0,0,0,0,0,0,0,1,0,0,0,0,0,1,0,0,0,0,0,0,1,0,0,0,1,0,1,1,0,0,0,0,0,0,1,0,0,0,1,0,0,0,0,0,0,0,0,0,0,0,0,0,1,0,0,0,0,0,0,0,0,0,0,0,0,0,0
0,0,0,1,0,0,0,0,0,0,0,0,0,0,0,0,0,1,0,0,1,0,1,0,0,0,0,0,0,0,0,0,0,0,0,0,0,0,0,0,0,0,0,0,0,0,0,0,0,0,0,0,0,0,0,0,0,0,0,0,0,0,0,0,0,0,0,0,1,0,0,0,0,0,0,0,0,0,2,0,0,1,0,0,0,0,0,0,1,0,0,0,0,0,0,0,0,0,0,0,0,0,0,0,0,0,0,0,0,0,0,0,0,0,0,0,0,0,0,0,0,0,0,0,0,0,0,0,0,0,2,0,0,0,0,0,1,0,0,0,0,0,0,0,0,0,0,0,0,0,0,0,0,0,0,0,0,0,0,0,1,1,0,0,0,1,1,0,0,0,0,1,0,0,1,0,0,0,1,1,0,0,0,0,0,0,0,1,0,0,0,0,0,0,0,0,0,0,2,0,0,0,1,0,1,0,0,0,0,0,0,0,0,0,0,0,0,0,1,0,2,0,0,0,0,1,0,1,0,0,0,0,0,0,0,0,0,0,0,0,0,1,0,1,0,0,0,0,0,0,0,0,0,0,0,0
0,1,0,0,0,1,0,0,0,0,1,0,0,0,0,0,0,1,0,0,1,0,0,0,0,0,0,0,0,0,0,0,0,0,0,0,0,0,0,0,0,0,0,0,0,0,0,0,0,0,0,0,0,0,0,0,0,0,0,0,0,0,0,0,0,0,0,0,1,0,0,0,0,0,0,0,0,0,0,0,0,0,0,0,0,0,0,0,1,0,0,0,0,0,0,0,0,0,0,0,0,0,0,0,0,0,0,0,0,0,0,0,0,0,0,0,0,0,0,0,0,0,0,0,0,0,0,0,0,0,1,0,0,0,0,0,1,0,0,0,0,0,0,0,0,0,0,0,1,0,0,0,0,0,0,0,0,0,0,0,1,1,0,0,0,2,1,1,0,0,0,0,0,0,1,0,0,0,0,1,0,0,0,0,0,0,0,1,0,0,0,0,0,0,0,0,0,0,0,0,0,0,0,0,0,0,0,0,0,0,0,0,0,0,0,0,1,0,1,0,1,0,0,0,0,0,0,1,0,0,0,0,0,0,0,0,0,0,0,0,0,1,0,0,0,0,0,0,0,0,0,0,0,0,0,0
0,0,0,0,1,1,0,0,0,0,1,0,0,1,0,0,0,0,0,0,0,0,0,0,0,0,0,0,1,0,1,0,0,1,0,0,0,0,0,0,0,0,0,1,1,0,0,2,0,0,0,0,0,1,0,0,0,0,0,0,1,0,0,1,0,0,0,0,0,0,0,0,1,0,0,0,0,1,0,0,0,0,0,0,0,0,0,1,0,0,0,0,0,0,0,0,0,0,0,0,0,0,0,0,0,0,0,0,0,0,0,0,0,0,0,0,0,0,0,0,0,0,0,0,1,0,0,0,0,0,0,0,0,0,0,0,0,0,0,0,0,0,0,0,0,0,0,0,0,0,0,0,0,0,0,0,0,0,0,0,0,0,0,0,0,2,0,0,0,0,0,0,0,0,1,0,0,0,0,0,0,1,0,0,0,0,1,0,0,0,0,0,0,0,0,0,1,0,1,1,0,0,0,0,0,0,0,0,0,1,0,0,0,0,0,0,1,0,1,0,0,0,1,1,0,0,0,0,0,0,0,0,0,0,0,0,0,0,0,0,0,0,0,0,0,0,0,1,0,0,0,0,0,0,0,0
0,0,0,0,0,0,0,0,0,0,0,0,0,0,0,0,0,1,0,0,0,0,0,0,0,0,0,0,0,0,0,0,1,0,1,0,0,0,0,0,0,0,0,0,0,0,0,0,0,0,0,2,0,0,0,0,0,0,0,0,0,0,0,0,0,0,0,0,1,0,0,0,0,0,0,0,0,0,0,0,0,0,0,0,0,0,0,0,0,0,0,0,0,0,0,0,0,0,0,0,0,0,0,0,0,0,0,0,0,0,0,0,1,0,0,0,0,0,0,0,0,0,0,0,0,0,0,0,0,0,0,0,0,0,0,0,0,0,0,0,0,0,0,0,1,0,0,0,0,0,0,0,0,0,0,0,0,0,2,0,2,0,0,0,0,1,0,1,0,0,0,0,0,0,1,1,0,0,0,1,0,0,0,0,0,0,0,1,0,0,0,0,0,0,0,1,0,0,0,0,0,1,0,0,0,0,0,2,0,0,0,1,0,0,0,0,0,0,0,1,1,0,0,1,0,1,1,1,0,0,0,0,1,0,0,0,0,0,0,0,0,1,0,0,0,0,0,0,1,0,0,0,0,0,0,0
0,0,0,0,0,0,0,0,0,0,1,0,0,0,1,0,0,0,0,0,0,0,0,0,0,1,0,0,0,0,1,0,0,0,0,0,0,0,0,0,0,0,1,0,0,0,0,2,0,1,1,3,0,0,0,0,0,0,0,0,0,0,0,0,0,0,1,0,0,0,0,0,0,0,0,0,2,1,1,0,0,0,1,0,0,0,0,0,0,0,0,0,1,0,0,0,0,0,0,2,0,0,0,0,1,0,0,0,1,0,0,1,0,0,0,0,0,0,0,0,0,0,0,0,0,0,0,0,0,1,0,0,1,0,0,2,0,0,0,0,1,0,0,0,0,0,0,0,0,0,0,0,0,0,0,0,0,0,0,0,0,0,0,0,0,0,0,0,0,0,0,0,0,0,0,0,0,0,0,0,0,0,0,0,0,0,0,0,0,0,0,0,0,0,0,0,0,0,0,0,0,0,0,0,0,0,0,0,0,1,0,0,0,1,0,0,0,0,0,0,0,0,0,0,0,0,0,0,0,0,0,0,0,0,0,0,0,0,0,0,0,0,0,0,0,0,0,0,0,1,0,0,0,0,0,0
0,2,0,0,1,0,0,0,3,0,1,0,0,0,1,0,0,0,0,0,0,0,0,0,0,1,0,1,0,3,1,0,0,0,0,0,0,0,2,0,2,0,1,0,0,0,0,1,0,1,1,1,0,0,1,0,0,0,0,0,0,0,0,0,0,0,1,0,0,0,0,0,0,0,0,0,0,0,1,1,0,0,0,0,0,0,0,0,0,0,0,0,0,0,0,1,0,0,0,1,0,0,0,0,1,0,0,0,0,0,0,1,0,0,0,0,0,0,0,0,0,0,0,0,0,0,0,0,0,0,0,0,0,0,0,0,1,0,0,0,0,0,0,0,0,0,0,0,0,0,0,0,0,0,0,0,0,0,0,0,0,0,0,0,0,0,0,0,0,0,0,0,0,0,0,0,0,0,0,0,0,0,0,1,0,0,0,0,0,0,0,3,0,1,0,0,0,0,0,0,0,0,0,0,0,0,0,0,0,1,0,0,0,0,1,0,0,0,0,0,0,0,0,0,0,0,0,0,1,0,1,0,0,0,0,1,0,0,0,0,0,0,0,0,0,0,0,2,0,1,0,0,0,1,2,0
0,2,0,0,0,0,0,0,1,0,0,0,0,0,1,0,0,0,0,0,0,0,0,1,0,2,0,0,0,1,1,0,1,0,0,0,0,0,0,0,0,0,1,0,0,0,0,1,0,1,1,1,0,0,0,0,0,0,0,0,0,0,0,0,0,0,1,0,0,0,0,0,0,0,0,0,0,1,1,0,0,0,0,0,0,0,0,0,0,0,0,0,0,0,0,0,0,0,0,0,0,0,0,0,1,0,0,0,0,0,0,1,0,0,0,0,0,0,0,0,0,0,0,0,0,0,0,0,0,0,0,0,0,0,0,0,0,0,0,0,0,0,0,0,0,0,0,0,0,0,0,0,0,0,0,0,0,0,0,0,0,0,0,0,0,0,1,0,1,0,0,0,0,1,0,0,0,0,0,0,0,0,0,1,2,0,0,0,0,0,0,1,0,0,0,0,0,0,0,0,0,0,0,0,0,0,0,0,0,1,0,0,0,0,0,0,0,0,0,0,0,0,0,0,1,0,0,0,0,0,0,0,0,0,0,0,0,0,0,0,0,0,0,0,0,0,0,1,0,1,0,0,0,0,1,0
1,0,0,0,1,0,0,1,0,0,0,0,0,1,0,0,1,0,0,0,0,0,0,0,0,0,0,0,0,0,0,0,0,0,0,0,0,0,0,0,0,0,0,0,0,0,0,0,0,0,1,0,0,0,0,0,0,0,0,0,0,0,0,0,0,0,0,0,0,0,0,0,0,0,0,0,0,0,0,0,0,0,0,1,0,0,1,0,0,0,0,0,0,0,0,0,0,0,0,0,1,0,0,0,0,1,0,1,0,0,0,1,0,1,0,0,0,0,0,0,0,0,0,0,0,0,0,1,0,0,0,0,0,0,0,0,0,0,0,0,0,0,0,0,0,0,0,0,0,0,0,0,0,0,0,0,0,0,0,0,0,0,0,0,0,0,0,0,0,0,0,0,0,0,0,0,0,0,0,0,0,0,0,0,0,0,0,0,0,0,0,0,0,0,0,0,0,0,0,0,0,0,0,0,1,0,1,0,1,0,0,0,0,0,0,1,0,0,0,0,0,0,0,0,0,0,0,0,0,0,0,0,0,0,0,1,0,0,0,0,0,1,0,0,0,0,1,0,0,0,0,0,0,2,1,0
0,0,0,0,0,0,0,0,0,0,0,0,0,0,0,0,0,1,0,0,1,0,0,0,0,0,0,0,0,0,0,0,0,0,0,0,1,1,0,0,0,0,0,0,0,0,0,0,0,0,0,1,0,0,0,0,0,0,0,0,0,0,0,0,0,0,0,0,1,0,0,0,0,0,0,0,0,0,0,0,0,0,0,0,0,0,0,0,1,0,0,0,0,0,0,2,0,0,0,1,0,0,0,0,0,0,0,0,0,0,0,0,0,0,1,0,0,0,0,0,0,0,0,2,0,0,0,0,0,0,1,0,0,0,0,0,0,0,0,0,0,0,0,0,0,0,0,0,0,0,0,0,0,0,0,0,0,0,0,0,1,1,0,0,0,1,1,0,0,0,0,0,0,0,1,0,0,0,0,1,0,0,0,0,0,0,0,1,0,0,0,0,0,0,0,0,0,0,2,0,0,0,0,0,0,0,0,0,0,0,1,2,0,0,0,0,0,0,2,0,1,0,0,0,0,0,0,1,0,0,0,0,0,0,0,0,0,0,0,0,0,1,0,1,0,0,0,0,0,0,0,0,0,0,0,0
0,0,0,0,0,0,0,0,0,1,0,0,0,0,0,0,0,1,0,1,1,0,0,1,0,0,0,0,0,0,0,0,0,0,0,0,1,0,0,0,0,0,0,0,0,0,0,0,0,0,0,0,0,0,0,0,0,0,0,0,0,0,0,0,0,0,0,1,1,1,0,0,0,0,0,0,0,0,0,0,0,0,0,0,0,0,0,0,1,0,0,0,0,0,0,0,1,0,0,0,0,0,1,0,0,0,0,0,0,0,0,0,0,0,1,0,0,0,0,0,0,0,0,1,1,0,0,0,0,0,1,0,0,0,0,0,0,0,0,0,0,0,0,0,0,0,0,0,0,0,0,0,0,0,0,0,0,0,0,0,1,1,0,0,0,1,1,0,0,0,0,0,0,0,1,0,0,0,0,1,0,0,0,0,0,0,0,1,0,0,0,0,0,0,1,0,0,0,0,0,0,0,1,0,0,1,0,0,0,0,1,0,0,0,0,0,0,2,1,0,0,0,0,0,0,0,0,1,0,0,0,0,0,0,0,0,0,0,0,0,0,1,0,0,0,0,0,0,0,0,0,0,0,0,0,0
0,0,0,0,1,0,0,0,0,0,0,0,0,0,0,0,0,1,0,0,1,0,0,0,0,0,0,0,0,0,0,0,0,0,0,0,0,0,0,0,0,0,1,0,0,0,0,0,0,0,1,0,0,0,0,0,0,1,0,0,1,0,2,0,1,0,0,2,1,0,0,0,0,0,0,0,0,0,1,0,0,0,0,0,0,0,0,0,0,0,0,0,0,0,0,0,0,0,1,0,0,0,1,0,0,0,0,0,0,0,0,0,1,0,0,0,0,4,0,0,0,0,0,1,0,0,0,0,0,1,1,0,0,0,0,0,0,0,0,0,2,0,0,0,0,0,0,0,0,0,0,0,0,1,0,0,0,0,0,0,1,1,0,0,0,1,1,0,0,0,0,0,0,0,1,0,0,0,0,1,0,0,0,0,0,0,0,1,0,0,1,0,0,0,0,0,0,0,1,0,0,0,0,3,0,0,1,0,0,0,0,2,0,0,0,0,0,0,0,0,0,0,0,4,0,0,0,1,0,0,0,0,0,0,0,0,0,0,0,0,0,1,0,0,0,0,0,0,0,0,0,0,0,0,0,0
0,0,0,0,0,0,0,0,0,0,0,0,0,0,0,0,0,1,0,0,1,0,0,0,0,0,0,0,0,0,0,0,0,0,0,0,0,0,0,0,0,0,0,0,0,0,0,0,0,1,0,0,0,0,0,0,0,0,0,0,0,1,0,0,0,0,0,0,1,0,0,1,0,0,0,0,0,1,0,0,0,0,0,0,0,0,0,0,1,0,0,0,0,0,0,0,0,0,0,0,0,0,0,0,0,0,0,0,0,0,0,0,0,0,0,0,0,0,0,0,0,0,0,0,0,0,0,0,0,0,1,0,0,0,0,0,0,0,0,0,0,0,0,0,0,0,0,0,0,0,0,0,0,0,0,0,0,0,0,0,1,1,0,0,0,1,1,0,0,0,0,0,0,0,1,0,0,0,0,1,0,0,0,0,0,0,0,1,0,0,0,0,0,0,0,0,0,0,0,0,0,0,0,0,0,0,0,0,0,0,0,0,0,0,0,0,0,1,1,0,1,0,1,0,0,0,0,1,0,0,0,0,0,0,0,0,0,0,0,1,0,1,0,0,1,0,0,0,0,0,0,0,0,0,0,0
0,0,0,0,0,0,0,0,0,0,0,0,0,0,0,0,0,1,0,0,1,0,0,0,0,0,0,0,0,0,0,0,0,0,1,0,2,0,0,0,0,0,0,0,0,0,0,0,0,1,0,0,0,0,0,0,0,0,0,0,0,0,0,0,0,0,0,0,1,0,0,0,0,0,0,0,0,0,0,0,0,0,2,0,0,0,0,0,1,0,0,0,0,0,0,2,0,0,0,0,0,0,0,0,0,0,0,0,0,0,0,0,0,0,0,0,0,2,0,0,0,0,0,0,0,0,0,0,0,0,1,0,0,0,0,0,0,0,0,0,0,0,0,0,0,0,0,0,0,0,0,0,0,0,0,0,0,0,0,0,1,1,0,0,0,1,1,0,0,0,0,0,0,0,1,0,0,0,0,1,0,0,0,0,0,0,0,1,0,0,0,0,0,0,0,0,0,0,2,0,0,0,1,0,0,1,0,0,0,0,0,0,0,0,0,0,0,2,1,0,0,1,0,1,0,0,0,1,0,0,0,0,0,0,0,0,0,0,0,0,0,0,0,0,0,0,0,0,0,0,0,0,0,0,0,0
0,0,0,0,0,0,0,0,0,0,1,0,0,0,1,0,0,0,0,0,0,0,0,0,0,1,0,0,0,0,1,0,0,0,0,0,0,1,0,0,0,0,1,0,0,0,0,2,0,1,1,1,0,0,0,0,0,0,0,0,0,0,0,0,0,0,1,0,0,0,0,0,0,0,0,0,0,1,1,0,0,0,0,0,0,0,0,0,0,1,0,0,0,0,0,1,0,0,0,1,0,0,0,0,1,0,0,0,0,0,0,1,0,0,0,0,0,1,0,0,0,0,0,0,0,0,0,0,0,0,0,0,0,0,0,0,0,0,0,0,0,0,0,0,0,0,0,0,0,0,0,0,0,0,0,0,0,0,0,0,0,0,0,0,0,0,0,0,0,0,0,0,0,0,0,0,0,0,0,0,0,0,0,0,0,0,0,0,0,0,0,0,0,0,0,0,0,0,0,0,0,0,0,0,0,0,0,0,0,1,0,0,0,0,0,0,0,0,0,0,0,0,0,0,0,0,0,0,0,0,1,0,0,0,0,0,0,0,0,0,0,0,0,0,0,0,0,0,0,1,0,0,0,0,1,0
0,0,0,0,0,0,0,0,0,1,0,0,0,0,0,0,0,1,0,0,1,0,0,1,0,0,0,0,0,0,0,0,0,0,0,0,0,0,0,0,0,0,0,0,0,0,0,0,0,0,0,0,0,0,0,0,0,0,0,0,0,0,0,0,0,0,0,0,1,0,0,0,0,0,0,0,0,0,0,0,1,0,0,0,0,0,0,0,1,0,0,0,0,0,0,0,0,0,0,0,0,0,0,0,0,0,0,0,0,0,0,0,0,0,0,0,0,0,0,0,0,0,0,0,0,0,0,0,0,0,1,0,0,0,0,0,1,0,0,0,0,0,0,1,0,0,0,0,0,0,0,0,0,0,0,0,0,0,0,0,1,1,0,0,0,1,1,0,0,0,0,0,0,0,1,0,0,0,0,1,0,0,0,0,0,0,0,1,0,0,0,0,0,0,1,0,0,0,0,0,0,0,1,0,0,1,0,0,0,1,0,0,0,0,0,0,0,0,1,0,0,1,0,0,0,0,0,1,0,0,0,0,0,0,0,0,0,0,0,0,0,0,0,0,0,0,0,0,0,0,0,0,0,0,0,0
0,0,0,0,0,0,0,0,0,0,0,0,0,0,0,0,1,1,0,0,1,0,1,0,0,0,0,0,0,0,0,1,0,0,0,0,0,0,0,0,0,1,0,0,0,0,0,0,0,0,0,0,0,0,0,0,0,0,0,0,0,1,0,0,0,0,0,0,1,0,0,0,0,0,0,0,0,0,0,0,0,0,0,0,0,0,0,0,1,0,0,0,0,0,0,0,0,0,0,0,0,0,0,0,0,0,0,0,1,0,0,0,0,0,0,0,0,0,0,0,0,0,0,0,0,0,0,0,0,0,1,0,0,0,0,0,0,0,0,0,0,0,0,0,0,0,0,0,0,0,0,0,0,0,0,0,0,0,0,0,2,1,0,0,0,1,1,0,0,0,0,0,0,0,1,0,0,1,0,1,0,0,0,0,0,0,0,1,0,0,0,0,0,0,0,0,0,0,0,0,0,0,1,0,0,0,0,0,0,0,0,0,0,0,0,0,0,0,1,0,0,1,0,0,0,0,0,1,0,0,0,0,0,0,0,0,0,0,0,0,0,0,0,0,0,0,0,0,0,0,0,0,0,0,0,0
0,0,0,0,0,0,0,0,0,0,0,0,0,0,0,0,1,1,0,0,1,0,0,1,0,0,0,0,0,0,0,0,0,0,0,0,0,0,1,0,0,0,0,0,0,0,0,0,0,0,1,0,0,0,0,0,0,0,0,0,0,0,0,0,0,0,0,0,1,0,0,0,0,0,0,0,0,0,0,0,0,0,0,0,0,0,0,0,1,0,0,0,0,0,0,0,0,0,0,0,0,0,0,0,0,0,0,0,0,0,0,0,0,0,1,0,0,0,0,0,0,0,0,0,1,0,0,0,0,0,1,0,0,0,0,0,0,0,0,0,0,0,0,0,0,0,0,0,0,0,0,0,0,0,0,0,0,0,0,0,1,1,0,0,0,1,1,0,0,0,0,0,0,0,1,0,0,0,0,1,0,0,0,0,0,0,0,1,0,0,0,0,0,0,0,0,0,0,0,0,0,0,0,0,0,1,0,0,0,0,0,0,0,0,0,0,0,1,1,0,1,0,0,0,0,0,0,1,0,0,0,0,0,0,0,0,0,0,0,0,0,1,0,0,0,0,0,0,0,0,0,0,0,0,0,0
0,0,1,0,0,0,0,0,0,0,0,0,0,0,0,0,0,1,0,0,1,0,0,0,0,0,0,0,1,0,0,0,0,0,0,0,0,0,0,0,0,0,0,0,0,0,0,0,0,0,0,0,0,0,0,0,0,0,0,0,0,0,0,0,0,0,0,0,1,0,0,0,0,0,0,0,0,0,0,0,0,0,0,0,0,0,0,0,1,0,0,0,0,0,0,0,0,0,0,0,0,0,0,0,0,0,0,0,0,0,0,0,0,0,0,0,0,0,0,0,0,0,0,0,0,0,0,0,0,0,1,0,0,0,0,0,1,0,0,0,0,0,0,0,0,0,0,0,0,0,0,0,0,0,0,0,0,0,0,0,1,1,0,0,0,1,1,0,0,0,0,0,0,0,1,0,0,1,0,1,0,0,0,0,0,1,0,1,0,0,0,0,0,0,0,0,0,0,0,0,0,0,1,0,0,1,0,0,0,0,0,0,0,0,0,0,0,1,1,0,0,1,1,0,0,0,0,1,0,0,0,0,0,0,0,0,0,0,0,0,0,0,0,0,0,0,0,0,0,0,0,0,0,0,0,0
0,0,0,0,0,0,0,0,0,0,0,0,0,0,0,0,0,1,0,0,1,0,0,0,0,0,0,0,0,0,0,0,0,0,0,0,0,0,0,0,0,1,0,0,0,0,0,0,0,0,0,0,0,0,0,0,0,0,0,0,0,0,0,0,0,0,0,2,1,0,2,0,1,0,0,0,0,0,0,0,0,0,0,0,0,0,0,0,1,0,0,0,0,0,0,0,0,0,0,0,0,0,0,0,0,0,0,0,0,0,0,0,0,0,0,0,0,0,0,0,0,0,0,0,0,0,0,0,0,0,1,0,0,0,0,0,0,0,0,0,0,0,0,0,0,0,0,0,0,0,0,0,0,0,0,0,0,0,0,0,1,1,0,0,0,1,1,0,0,0,0,0,1,0,1,0,0,0,0,1,0,0,0,0,0,0,0,1,0,0,0,0,0,0,0,0,0,0,0,0,0,0,0,0,0,0,0,0,0,1,0,0,0,0,0,0,0,2,1,0,1,1,0,0,0,0,0,1,0,0,0,0,0,0,0,0,1,0,0,2,0,1,0,1,0,0,0,0,0,1,0,0,0,0,0,0
0,0,0,0,0,0,0,0,0,0,1,0,0,0,1,0,0,0,0,0,0,0,0,0,0,1,0,0,0,0,2,0,0,0,0,0,0,0,0,0,0,0,1,0,0,0,0,1,0,1,1,1,0,0,0,0,0,0,0,0,0,0,0,0,0,0,1,0,0,0,0,0,0,0,0,0,0,0,1,1,0,0,0,0,0,0,0,0,0,0,0,0,0,0,0,0,0,1,0,1,0,0,1,0,1,0,0,0,0,0,0,1,0,0,1,0,0,1,0,0,0,0,0,0,0,0,0,0,0,0,0,0,0,0,0,0,0,0,0,0,0,0,0,0,0,0,0,0,0,0,0,0,0,0,0,0,0,0,0,0,0,0,1,0,0,0,0,0,0,0,0,0,0,0,0,0,0,0,0,0,0,0,0,1,0,0,0,0,0,0,0,1,0,1,1,0,0,0,0,0,0,0,0,0,0,0,0,0,1,1,0,0,0,0,1,0,0,0,0,0,1,0,0,0,0,0,0,0,0,0,1,0,0,1,0,0,0,0,0,0,0,0,0,0,0,0,0,0,0,1,0,0,0,0,0,0
0,0,0,0,0,0,0,0,0,2,0,0,0,0,0,0,0,1,0,0,1,2,0,0,0,0,0,0,0,0,0,0,0,0,1,0,2,0,0,0,0,0,0,0,0,0,0,0,0,1,0,0,0,0,0,0,0,0,0,0,0,0,0,0,0,0,0,0,1,0,0,0,0,0,0,0,0,0,0,0,2,1,0,0,0,0,0,0,1,0,0,1,0,0,0,0,0,0,0,0,0,0,0,0,0,0,0,0,0,0,0,0,0,0,0,0,0,0,0,0,0,0,0,0,0,0,0,0,0,0,1,0,0,0,0,0,0,0,0,0,0,0,0,0,0,0,0,0,0,0,0,0,0,0,0,0,0,0,0,0,1,1,0,0,0,1,1,0,0,0,0,0,0,0,1,0,0,0,0,1,0,0,0,0,0,0,0,1,0,0,0,0,0,0,0,0,0,0,0,0,1,0,0,0,0,0,0,0,0,0,0,0,0,0,0,0,0,1,1,0,0,1,0,3,0,0,0,1,0,0,0,0,0,0,0,0,0,0,0,0,0,0,0,0,0,0,0,0,0,0,0,0,0,0,0,0
0,0,0,0,0,0,0,0,0,0,0,0,0,0,0,1,0,1,0,2,1,1,1,0,0,0,0,0,0,0,0,0,0,0,0,1,2,0,0,0,0,0,0,0,0,0,0,0,0,0,0,0,0,0,0,0,0,0,0,0,0,0,0,0,0,0,0,2,1,0,0,1,0,2,0,0,0,0,0,0,0,0,0,0,0,0,0,0,1,0,0,0,0,0,0,0,0,0,0,0,0,0,2,0,0,0,1,0,0,0,0,0,0,0,0,0,0,3,0,0,0,0,0,0,0,0,0,0,0,0,1,0,0,0,0,0,0,0,0,0,0,0,0,0,0,0,0,0,0,0,0,0,0,0,0,0,0,0,0,0,1,1,0,0,0,1,1,0,0,0,0,0,0,0,1,0,0,0,0,1,0,0,0,0,0,0,0,1,0,0,0,0,0,0,0,0,0,0,0,0,0,0,0,1,0,0,0,0,0,0,0,0,0,0,0,1,0,3,1,0,0,1,0,1,0,0,0,1,0,0,0,0,0,0,0,0,0,0,0,0,0,0,0,0,0,0,0,0,0,0,0,0,0,0,0,0
0,0,0,1,0,0,0,1,0,0,0,0,0,0,0,0,0,3,0,0,1,0,0,0,0,0,0,0,0,0,0,0,0,0,0,0,1,0,0,0,0,0,0,0,0,0,0,0,0,0,0,0,0,0,0,0,0,0,0,0,0,0,0,0,0,0,0,0,1,1,0,0,0,0,0,0,0,0,0,0,0,0,0,0,0,1,0,0,2,0,0,0,0,0,0,0,0,0,0,0,1,0,1,0,0,0,0,0,0,0,0,0,0,0,0,0,0,0,0,0,0,0,0,0,0,0,0,0,0,0,1,0,0,0,0,0,0,0,0,0,0,0,0,0,0,0,0,0,0,0,0,0,0,0,0,0,0,0,0,0,1,1,0,0,0,1,1,1,0,0,0,0,1,0,1,0,0,0,0,1,0,0,0,0,0,0,1,1,0,0,0,0,0,0,0,0,0,0,0,0,0,0,0,1,0,0,0,0,0,0,0,1,0,0,0,0,0,0,1,0,1,0,0,0,0,0,0,1,0,0,0,0,0,0,0,0,0,0,0,0,0,1,0,1,0,0,0,0,0,0,0,0,0,0,0,0
0,1,0,0,0,0,0,0,0,0,1,0,0,0,0,0,0,1,0,1,1,0,0,1,0,0,0,0,0,0,0,0,0,0,0,0,0,0,1,0,0,0,0,0,0,0,0,0,0,0,0,0,0,0,0,0,0,0,0,0,0,0,0,0,0,0,0,0,1,0,0,0,0,0,0,0,0,0,0,0,0,0,0,0,0,0,0,0,1,0,0,0,0,0,0,0,0,0,0,0,0,0,0,0,0,0,0,0,0,0,0,0,0,0,0,0,0,0,0,0,0,0,0,0,0,0,0,0,0,0,1,1,0,0,0,0,0,1,0,0,0,0,0,0,0,0,0,0,0,0,0,0,0,0,0,0,0,0,0,0,1,1,0,0,0,1,1,0,0,0,0,0,0,0,1,0,0,0,0,2,1,0,0,0,0,0,0,1,0,0,0,0,0,0,0,0,0,0,0,0,0,0,0,0,0,0,0,0,0,0,0,0,0,0,0,0,0,0,1,0,0,0,0,0,0,0,0,1,0,0,0,0,0,0,0,0,0,0,0,0,0,1,0,0,0,0,0,0,0,0,0,0,0,0,0,0
0,1,0,0,0,0,0,0,0,0,0,0,0,0,0,0,0,1,0,0,1,0,0,0,0,1,0,0,0,0,0,0,0,0,0,0,0,0,0,0,0,0,0,0,0,0,0,0,0,0,0,0,0,0,0,0,0,0,0,0,0,0,0,0,0,0,0,0,1,0,0,0,0,0,0,0,0,0,0,0,0,0,0,0,0,0,0,0,1,0,0,0,0,0,0,0,0,0,0,0,0,0,0,0,0,0,0,0,1,0,0,0,0,0,0,0,0,1,0,0,0,0,0,0,0,0,0,0,0,0,1,0,0,0,0,0,0,0,0,0,0,0,0,0,0,0,0,0,0,0,0,0,0,0,0,0,0,0,0,0,1,1,0,0,0,1,1,1,0,0,0,0,0,0,1,0,0,0,0,1,0,0,0,0,0,0,0,1,0,1,1,0,0,0,0,0,0,0,0,0,0,0,1,0,0,0,0,0,0,0,0,0,0,0,0,0,0,0,1,0,0,1,0,0,0,0,0,1,0,0,0,0,0,1,0,0,0,0,0,0,0,0,0,0,0,0,0,0,0,0,0,0,0,0,0,0
0,0,0,0,0,0,0,0,0,0,0,0,0,0,0,0,0,1,0,0,1,0,0,0,0,0,0,0,0,0,0,0,0,0,0,0,2,0,0,0,0,0,0,0,0,0,0,0,0,0,0,0,0,0,0,0,0,0,0,0,0,0,0,0,0,0,0,0,1,2,0,0,0,0,0,0,0,0,0,0,2,0,0,1,0,0,0,0,1,0,0,0,0,0,0,0,0,0,0,0,0,0,0,0,0,0,0,0,0,0,0,0,0,0,1,0,0,0,0,0,0,0,1,0,0,0,0,0,0,0,1,0,0,0,0,0,0,0,0,0,0,0,0,0,0,0,0,0,0,0,0,0,0,0,0,0,0,0,0,0,1,2,0,0,0,1,1,0,0,0,0,0,1,0,1,0,0,0,0,1,0,0,0,0,0,0,0,1,0,0,1,0,0,0,0,0,0,0,0,0,0,0,1,0,0,0,0,0,0,0,0,2,0,0,0,0,0,2,1,0,0,1,0,0,0,0,0,1,0,0,0,0,0,0,0,0,0,0,0,0,0,0,0,0,0,0,0,0,0,0,0,0,0,0,0,0
0,0,0,0,0,0,0,0,0,0,0,0,0,0,0,0,0,1,0,0,1,0,0,0,0,0,0,0,0,0,0,0,0,0,0,0,0,0,0,0,0,0,0,0,0,0,0,0,0,0,0,0,0,0,0,0,0,0,0,0,0,0,0,0,0,0,0,0,1,0,0,0,0,0,0,0,0,0,0,0,0,0,0,1,1,0,0,0,1,0,0,0,0,0,0,0,0,0,0,0,0,0,1,0,0,0,0,1,0,0,0,0,0,0,0,0,0,0,1,0,0,0,0,0,0,0,0,0,0,0,1,0,0,0,0,0,0,0,0,0,0,0,0,0,0,0,0,0,0,0,0,0,0,0,0,0,0,0,0,0,1,1,0,0,0,2,1,1,0,0,0,0,0,0,1,0,0,0,0,1,0,0,0,0,0,0,0,1,0,0,0,0,0,0,0,0,0,0,0,0,0,0,0,0,0,0,0,0,0,0,0,0,0,0,0,0,0,0,1,0,0,0,0,2,0,0,0,1,0,0,0,0,0,0,0,0,0,0,0,0,0,1,0,0,0,0,0,0,0,0,0,0,0,0,0,0
0,0,0,0,0,0,0,0,1,0,1,0,0,0,1,0,1,0,0,0,0,0,0,0,0,1,0,0,0,0,1,0,0,0,0,0,0,0,0,0,0,0,1,0,0,0,0,1,0,1,1,1,0,0,0,0,0,0,0,0,0,0,0,0,0,0,1,0,0,0,1,0,0,0,0,0,0,2,1,0,0,0,0,0,0,0,0,0,0,0,0,0,0,0,1,0,1,0,0,1,0,0,1,0,2,0,0,0,0,0,0,1,0,0,0,0,0,0,1,0,0,0,0,1,0,0,0,0,0,0,0,0,0,0,0,0,0,0,0,0,0,0,0,0,0,0,0,0,0,0,0,0,0,0,0,0,0,0,0,0,0,0,0,0,0,0,0,0,0,0,0,0,0,0,0,0,0,0,0,0,0,0,0,0,0,0,0,0,0,0,0,0,0,0,0,0,0,0,0,0,0,0,0,0,0,0,0,0,1,1,0,0,0,0,0,0,0,0,0,0,0,0,0,0,0,0,0,0,0,0,2,0,0,1,0,0,0,0,0,0,0,0,0,0,0,0,0,0,0,1,0,0,0,0,1,0
0,0,0,0,0,0,0,0,1,0,1,0,0,1,1,0,1,0,0,0,0,0,0,0,0,1,1,0,0,0,1,1,0,1,0,0,0,0,0,0,0,0,1,0,0,0,0,1,0,1,1,1,0,0,1,0,0,2,0,0,1,0,0,0,0,0,2,0,0,0,0,0,0,0,0,0,0,0,1,0,0,0,0,0,0,0,0,0,1,0,0,0,0,0,0,0,0,0,0,1,0,0,0,0,1,0,0,0,0,0,1,1,0,0,0,0,0,0,0,0,0,1,0,0,0,0,0,0,0,0,0,0,0,0,0,0,0,0,0,0,0,0,0,0,0,0,0,0,0,0,0,0,0,0,0,0,0,0,0,0,0,0,0,0,0,0,0,0,0,0,2,0,0,0,0,0,0,2,0,0,0,0,0,0,0,1,0,0,0,0,0,0,0,0,0,0,0,0,0,0,0,0,0,0,0,0,0,0,1,1,0,0,0,0,0,0,0,0,0,0,0,0,1,0,0,0,0,0,0,0,0,0,0,0,0,0,0,0,0,0,0,0,0,0,0,0,0,0,0,2,0,0,0,0,2,0
0,1,0,0,1,0,0,0,0,0,0,0,0,0,0,0,0,1,0,0,1,0,0,0,0,0,0,0,0,0,0,0,0,0,1,0,1,0,0,0,0,0,0,0,0,0,0,0,0,0,0,0,0,0,0,0,0,0,0,0,1,0,0,0,0,0,0,1,1,0,0,1,0,0,0,0,0,1,0,0,0,0,0,1,0,0,0,0,1,0,0,0,0,1,0,0,0,0,0,0,0,0,0,0,0,0,0,0,0,0,0,0,1,0,2,0,0,0,0,0,0,0,1,0,1,0,0,0,0,0,1,0,0,0,0,0,0,0,0,0,0,0,0,1,0,0,0,0,0,0,0,0,0,0,0,0,0,0,0,0,1,1,0,0,0,1,1,0,0,0,0,0,0,0,1,0,0,0,0,1,0,0,0,0,0,0,0,1,0,0,0,0,0,0,0,0,0,0,0,0,0,0,0,0,0,0,0,0,0,0,0,0,0,0,0,0,0,0,1,0,1,1,0,0,0,0,0,1,0,0,0,0,0,0,0,0,0,0,0,0,0,0,0,0,0,0,0,0,0,0,0,0,0,0,0,0
0,0,0,0,2,0,0,0,0,0,0,0,0,2,0,0,0,1,0,0,0,0,0,1,0,0,0,0,0,0,0,0,0,0,0,0,0,0,0,0,0,0,1,0,0,0,0,0,0,1,0,0,0,0,0,0,0,0,0,0,0,0,0,0,0,0,1,1,1,0,3,0,0,0,0,0,0,0,1,0,0,0,0,0,0,0,0,0,1,0,0,0,1,0,0,0,0,0,0,0,0,0,0,0,0,0,0,0,0,0,0,0,0,0,0,0,0,0,0,0,0,0,0,0,0,2,0,0,0,0,0,0,0,0,0,0,0,0,0,0,0,0,0,0,0,0,0,0,0,0,0,0,0,0,0,0,0,0,0,0,1,1,0,0,0,1,1,0,0,1,0,0,0,1,1,0,0,0,0,1,0,0,0,2,0,1,0,1,0,0,2,0,0,0,0,0,0,0,0,0,0,0,1,0,0,0,0,0,0,0,0,0,0,0,0,0,0,0,0,0,0,0,0,1,0,0,0,1,0,0,0,1,0,0,0,0,0,0,0,0,0,2,0,0,0,0,0,1,0,0,0,0,0,0,0,0
0,0,0,0,0,0,0,0,0,0,1,0,0,0,1,0,0,0,1,0,0,0,0,1,0,2,0,1,0,2,1,0,1,0,0,1,0,0,0,0,0,0,1,0,0,0,0,1,0,1,1,1,0,0,1,0,0,0,0,0,0,0,1,0,0,0,1,0,0,0,0,0,0,0,0,0,0,0,1,1,0,0,1,0,0,0,0,0,0,0,0,0,0,0,0,0,0,0,0,0,0,0,0,0,1,0,0,0,0,0,0,1,0,0,0,0,0,0,0,0,0,0,0,0,0,0,0,0,1,0,0,0,0,0,0,0,0,0,0,0,0,0,0,0,1,0,1,0,0,0,0,0,0,1,0,0,0,0,0,0,0,0,0,0,0,0,0,0,0,0,0,0,0,0,0,0,0,0,0,0,0,0,0,1,3,1,0,0,0,0,0,0,0,0,1,0,0,0,0,0,0,0,0,1,0,0,0,0,2,1,1,1,0,0,0,0,0,0,0,0,0,0,0,0,1,0,0,0,0,0,0,0,0,0,0,1,0,0,0,0,1,1,0,0,0,0,0,0,0,1,0,0,0,0,2,0
0,0,1,0,0,0,0,0,0,0,0,0,0,0,0,0,0,1,0,0,1,0,0,0,0,1,0,0,0,0,0,0,0,0,0,0,0,0,0,0,0,0,1,0,0,0,0,0,0,0,0,0,0,0,0,0,0,0,0,0,0,0,0,0,0,0,0,0,1,0,0,0,0,0,1,0,0,0,0,0,1,0,0,0,0,0,0,0,1,0,0,0,0,0,0,0,0,0,0,0,0,0,0,0,0,0,0,0,0,0,0,0,0,0,0,0,0,1,0,0,0,0,0,1,0,0,0,0,0,0,1,0,0,0,3,0,0,0,1,0,0,0,0,0,0,0,1,0,0,0,0,0,0,0,0,0,0,0,0,0,1,1,0,0,0,1,2,0,0,0,0,0,0,0,1,0,0,0,0,1,0,0,0,0,0,0,0,1,0,0,1,0,0,0,0,0,0,0,0,0,0,0,1,0,0,0,0,0,0,0,0,0,0,0,0,0,0,1,1,0,0,1,1,0,0,3,0,1,0,0,0,0,1,0,0,0,0,0,1,3,0,0,0,0,0,0,0,0,0,0,0,0,0,0,0,0
