1,1,1,3,0,0,0,0,0,2,3,0,0,15,9,1,1,8,1,0,0,0,4,1,0,2,8,2,1,2,2,1,0,0,1,0,0,2,7,1,2,2,3,0,5,0,0,5,0,2,0,2,0,1,5,0,0,1,1,0,1,2,0,3,19,3,1,0,2,0,0,2,0,0,0,11,1,2,5,2,1,1,7,0,6,1,0,0,2,0,1,0,3,0,3,0,3,0,4,3,0,2,0,1,2,5,3,6,0,1,0,9,0,0,2,4,0,0,1,0,7,2,1,1,0,0,0,2,2,1,0,0,0,0,9,2,0,0,0,0,2,0,3,0,2,0,0,0,0,8,0,0,0,8,1,0,0,2,0,0,3,1,1,1,1,11,7,0,1,1,0,7,1,6,5,1,1,0,9,51,9,5,0,0,7,1,4,0,2,2,5,4,0,0,1,3,1,13,6,5,0,0,8,1,1,1,0,1,0,0,0,0,0,3,5,10,1,6,9,0,1,2,1,13,0,0,15,1,0,6,0,0,14,2,8,0,2,7,0,0,1,1,1,0,0,2,0,6,1,5,5,6,2,1,8,4
0,0,6,4,0,2,1,1,1,3,8,0,0,1,6,1,5,10,5,0,0,0,4,0,2,2,3,4,1,0,1,0,0,0,3,20,0,3,3,0,0,1,2,3,4,0,1,0,5,3,5,0,1,0,8,0,0,0,2,0,14,0,0,2,7,0,1,0,0,0,1,0,2,0,0,4,0,0,0,1,1,1,4,0,0,1,0,1,7,3,4,1,0,1,0,1,0,0,0,0,0,0,0,0,0,4,1,1,0,0,0,0,0,1,4,1,1,0,0,0,1,1,0,2,0,1,0,3,1,16,0,0,6,0,0,0,2,0,0,2,0,5,4,1,2,0,1,10,3,0,0,0,1,0,0,0,7,0,1,0,0,0,3,7,1,17,1,0,0,1,2,1,1,1,4,3,0,1,2,44,22,0,0,0,0,1,0,0,0,2,1,1,0,0,0,5,2,6,4,7,1,2,1,1,0,0,12,1,2,0,0,1,1,3,1,2,0,3,7,9,0,2,2,5,0,6,12,7,6,6,1,4,5,1,8,0,0,11,0,0,1,0,4,0,0,0,0,0,3,0,5,17,0,0,0,0
0,1,3,2,0,0,2,0,0,0,18,0,0,0,6,0,0,16,0,0,0,2,1,0,1,5,0,2,0,0,5,2,0,0,0,4,0,1,0,0,1,0,2,1,2,0,11,0,3,0,0,0,0,5,3,1,3,0,4,4,9,1,2,1,9,2,0,0,3,0,1,3,1,0,4,0,0,3,0,0,1,18,9,0,1,0,0,0,0,0,3,1,1,2,1,0,2,1,1,3,4,0,1,0,0,0,0,0,0,2,0,0,3,3,2,3,0,0,0,0,0,1,1,1,0,0,0,1,0,4,0,0,0,3,1,0,1,3,0,0,0,4,9,0,0,0,4,0,2,2,2,1,0,1,0,2,1,0,0,3,0,2,0,21,2,14,1,0,0,1,2,3,2,1,2,1,2,1,18,34,6,1,3,7,0,0,5,0,1,1,13,0,1,0,0,1,1,0,6,0,2,1,2,1,0,1,0,0,0,3,1,3,1,1,0,0,0,4,0,0,2,1,0,1,0,0,13,0,0,11,0,0,11,5,11,1,0,30,0,0,0,0,0,2,0,1,3,6,0,2,6,11,2,0,0,1
1,0,2,4,0,1,1,0,8,5,4,1,1,26,5,2,4,8,3,1,0,1,2,0,1,3,2,0,0,1,3,5,2,0,2,11,1,4,5,0,4,0,2,0,3,0,2,0,4,1,1,2,0,7,2,0,1,1,0,2,2,0,1,0,3,2,4,0,3,0,2,2,1,0,8,1,0,1,3,3,1,1,9,0,0,0,0,0,2,0,1,0,5,0,2,0,3,1,4,2,1,1,0,0,1,1,2,2,2,1,0,9,2,2,1,1,0,1,0,0,3,0,4,0,9,10,1,13,0,0,0,0,0,1,3,0,0,2,0,0,0,0,4,0,1,0,1,0,0,0,0,0,0,1,0,0,1,0,0,0,1,0,17,0,1,7,0,0,0,1,5,11,1,2,0,1,0,0,9,34,5,1,1,0,5,1,0,0,1,2,5,2,0,0,0,1,1,0,8,1,0,1,1,0,0,0,4,0,0,1,0,0,0,5,0,6,0,1,0,0,0,1,3,1,0,1,6,0,13,4,1,0,5,4,8,1,0,42,5,0,2,1,2,2,2,0,1,6,2,2,2,24,1,2,1,4
2,0,0,6,1,0,0,3,1,0,6,4,1,0,1,2,3,8,1,0,1,0,0,2,0,7,3,2,1,0,2,1,0,0,1,2,0,0,4,1,0,0,2,1,4,0,0,0,1,1,0,0,0,3,0,4,4,0,3,7,1,0,0,0,0,1,1,0,2,0,8,4,0,0,6,0,0,2,0,0,1,6,2,0,3,0,1,0,0,1,2,1,3,0,1,1,1,1,1,0,0,1,1,0,0,1,0,1,0,2,0,0,1,1,3,1,0,0,0,0,1,0,0,1,0,1,0,1,1,1,1,3,0,0,3,0,1,0,2,2,1,0,9,0,3,0,2,0,29,6,0,0,0,0,0,0,1,0,3,4,3,0,4,0,1,16,0,0,0,3,9,2,1,0,3,1,4,0,22,40,6,0,0,1,0,2,7,1,0,6,1,0,4,0,0,3,0,0,11,5,1,1,0,1,1,1,0,0,0,2,1,2,1,5,0,0,0,3,7,0,1,1,1,6,0,3,10,0,8,4,1,1,5,3,12,0,1,26,1,1,0,1,0,2,0,0,8,7,3,3,13,18,0,1,1,2
3,0,1,12,0,0,1,3,2,1,2,0,3,0,0,0,3,5,4,1,0,3,0,0,0,5,1,0,0,9,3,6,0,0,1,3,2,0,0,3,4,0,1,0,1,0,0,1,4,0,0,0,1,4,0,0,1,3,3,0,5,0,0,0,1,5,2,0,2,0,1,5,0,1,1,0,2,2,0,1,1,3,2,0,1,0,0,0,2,0,1,0,0,1,2,2,2,0,1,2,0,1,0,0,0,4,2,2,2,3,0,0,1,0,0,1,1,0,0,0,3,2,2,3,0,6,1,4,2,7,0,0,1,0,1,0,0,2,0,1,3,4,1,0,1,1,0,0,2,0,0,0,0,3,9,4,0,0,0,0,1,0,9,11,2,17,0,0,0,3,0,13,1,2,0,1,4,0,8,43,4,1,0,0,7,0,2,1,0,3,5,3,0,0,0,1,3,0,9,2,2,0,0,1,0,1,0,2,0,2,2,2,1,1,3,2,0,1,0,0,1,2,0,4,1,10,20,1,4,8,3,0,5,3,10,0,3,28,3,0,2,2,0,2,0,1,4,1,0,2,7,5,0,0,0,0
0,1,0,7,1,0,0,0,0,0,12,1,7,0,0,0,7,13,0,0,1,1,0,2,1,21,0,0,3,0,4,0,0,0,0,1,2,5,0,0,0,1,2,0,3,5,0,1,3,1,0,0,4,4,0,2,2,0,7,0,2,3,0,0,1,2,1,1,1,0,0,3,0,0,2,0,0,1,0,1,1,4,4,0,2,2,3,1,0,0,1,1,0,2,2,0,6,0,0,0,0,0,0,0,1,0,0,0,1,1,0,0,4,1,1,0,0,0,3,0,1,0,0,4,0,0,0,1,2,0,0,0,4,1,0,2,2,0,0,0,0,0,1,3,1,0,1,0,0,0,0,0,0,1,0,0,1,0,1,1,13,0,0,4,1,13,0,0,2,1,9,1,1,2,2,1,0,0,14,49,9,0,0,2,0,0,2,0,0,11,8,1,1,0,0,5,2,0,7,0,4,1,2,2,0,2,0,2,1,3,2,0,0,1,0,0,1,7,6,0,1,1,1,1,2,0,13,1,0,8,0,4,2,2,10,0,2,11,0,0,1,1,1,3,0,0,3,11,1,0,4,23,0,0,5,2
1,0,2,2,0,0,0,0,0,0,4,0,0,0,7,0,1,13,1,1,1,0,0,0,1,9,5,0,0,0,3,3,0,5,0,9,1,10,2,1,2,0,2,2,2,0,1,0,1,1,0,0,1,8,0,2,1,0,0,3,2,0,1,0,4,3,0,0,3,0,2,7,1,0,1,0,0,6,0,2,2,3,3,0,1,0,0,1,0,2,3,0,0,1,0,1,3,1,4,2,3,0,1,0,1,2,1,3,1,5,0,1,4,5,3,2,1,0,1,0,0,0,0,1,0,8,0,0,2,3,2,0,2,1,2,2,2,0,11,0,0,0,5,1,8,0,2,0,2,2,3,0,2,0,1,1,0,0,0,6,1,1,5,0,1,15,0,0,0,1,3,0,1,5,3,1,0,0,18,28,7,1,2,8,2,1,1,0,1,3,3,0,1,0,0,2,2,5,9,4,6,5,3,0,9,4,16,0,1,3,9,0,0,1,2,0,0,5,0,9,1,1,3,8,0,0,10,0,6,7,0,0,6,0,10,4,2,15,4,0,0,0,0,7,0,0,1,3,5,2,4,6,0,0,1,0
0,2,2,9,0,1,3,0,1,0,10,3,2,9,4,0,11,11,3,0,0,0,0,2,1,1,0,1,1,0,1,1,0,0,0,3,1,0,0,1,0,0,3,0,1,0,0,0,2,0,0,3,4,0,0,2,0,0,0,1,1,0,0,0,0,0,0,0,5,0,4,3,1,0,0,0,0,2,0,2,1,1,1,0,0,0,0,0,4,0,1,0,0,0,2,1,2,0,2,0,0,0,0,2,5,2,1,1,1,4,0,0,1,2,0,2,0,0,0,0,2,0,8,1,7,9,0,8,1,0,0,0,3,1,2,3,0,0,0,1,0,7,3,0,2,0,2,0,2,1,1,0,1,1,0,1,0,0,0,3,4,1,4,0,1,12,0,1,4,1,1,6,2,0,1,1,0,2,14,27,4,1,0,3,2,1,0,0,0,2,4,1,3,0,0,1,0,1,11,3,2,0,4,0,4,0,0,1,1,2,1,0,0,1,3,0,1,1,2,0,2,1,1,3,0,2,13,0,12,5,2,6,6,2,14,0,2,50,2,0,1,2,1,6,0,0,5,3,1,1,8,14,2,0,0,3
0,0,0,3,0,0,0,0,0,1,4,2,0,0,0,1,8,7,1,6,0,1,2,0,0,0,12,1,0,0,3,4,0,1,0,3,0,1,1,1,0,0,2,0,2,7,0,0,1,4,0,0,1,8,0,1,1,1,2,0,3,0,0,1,3,4,0,0,3,0,2,1,2,0,5,0,0,2,0,6,1,4,2,2,4,0,2,0,2,0,3,0,14,0,0,1,5,0,3,1,0,1,0,0,0,3,3,1,1,4,0,1,2,0,4,0,0,0,3,0,1,1,2,4,0,1,0,1,3,4,0,0,3,0,2,0,0,0,7,0,0,0,5,0,0,0,1,0,1,0,0,1,0,2,1,1,0,0,0,0,0,1,6,7,1,6,0,1,1,1,4,4,1,0,1,1,0,1,21,40,9,3,0,3,14,2,2,0,0,3,6,5,2,0,1,1,1,0,8,1,0,1,2,0,1,2,1,0,1,1,3,0,1,2,0,0,0,5,7,2,3,1,0,4,0,5,15,0,5,4,0,2,2,0,14,5,0,19,2,0,0,0,0,2,0,0,0,2,0,0,5,16,2,0,0,0
0,0,1,4,0,0,1,0,0,0,4,0,3,0,0,1,4,5,0,0,1,2,1,0,1,2,5,0,0,0,3,2,0,0,0,3,1,0,0,0,0,0,0,0,1,4,1,3,2,1,2,2,5,0,1,6,8,0,5,1,2,1,1,0,0,4,0,0,3,0,0,1,1,1,3,4,0,3,0,4,0,8,1,0,4,1,0,0,3,0,3,0,1,0,0,0,2,0,1,3,2,1,0,0,2,0,1,0,1,4,1,0,0,0,4,1,1,0,0,0,0,0,1,4,1,2,1,0,1,3,0,0,0,1,2,0,3,2,1,1,1,1,1,1,2,0,2,1,1,0,0,0,1,0,0,3,0,0,4,3,3,1,1,22,3,5,1,2,0,1,0,2,1,0,3,3,2,0,20,39,8,2,2,4,8,1,2,0,1,6,2,2,0,3,0,3,1,0,9,2,4,0,5,1,0,1,0,0,0,2,2,0,1,1,0,0,0,7,1,0,3,1,1,2,0,8,9,3,1,2,0,1,4,3,15,6,1,23,0,0,3,1,0,5,0,3,2,4,4,2,3,7,1,0,1,0
0,0,0,7,0,0,5,1,5,0,5,0,6,0,4,1,14,7,0,0,1,0,0,2,0,6,5,0,0,2,3,4,0,0,0,1,1,0,4,0,0,1,1,0,3,0,0,3,0,3,0,0,0,2,3,2,0,1,6,0,1,0,0,0,0,3,1,0,2,0,2,2,2,0,1,0,0,4,0,2,1,9,4,0,2,0,0,0,1,0,3,0,4,2,0,0,9,0,0,2,0,2,0,0,0,0,5,0,0,2,0,0,2,2,1,1,1,1,2,0,0,0,0,1,0,0,0,0,1,0,0,0,0,1,1,1,0,9,0,0,0,1,4,2,1,0,2,0,1,2,1,0,0,0,1,7,0,0,0,3,5,0,9,26,1,4,0,0,0,1,1,4,2,0,0,2,0,0,22,39,5,2,0,3,5,0,0,1,0,6,7,8,0,0,2,2,2,0,11,1,2,1,0,0,0,1,0,0,0,1,1,0,1,1,1,0,1,1,1,1,3,1,0,3,0,6,9,0,2,2,0,0,6,5,12,3,6,26,0,0,0,0,0,6,0,1,9,2,0,1,7,10,0,0,0,0
0,0,1,0,5,0,1,1,0,2,1,3,1,0,0,6,2,1,2,4,2,1,1,0,0,5,0,0,0,0,0,4,8,4,5,3,1,1,7,1,0,0,0,0,2,38,3,0,4,0,7,0,0,0,0,4,13,1,1,5,2,2,3,0,0,0,1,1,0,9,0,2,1,0,1,0,2,5,1,1,0,0,0,1,0,0,0,1,4,2,0,2,2,1,0,4,0,1,1,3,0,0,0,0,0,0,2,3,0,0,3,0,0,1,0,3,2,1,6,0,0,2,0,1,1,0,4,0,0,1,4,2,0,0,5,1,3,4,1,0,0,0,0,1,0,0,1,0,0,0,0,4,3,0,0,1,8,0,4,3,4,2,1,1,3,2,0,5,10,1,1,0,2,1,0,0,3,1,1,17,5,1,0,1,3,3,2,0,0,8,7,0,1,3,0,1,3,0,0,1,1,0,6,0,0,0,0,0,2,0,1,0,0,0,6,0,2,0,0,1,0,0,0,0,2,1,7,3,1,13,0,2,5,0,0,11,0,2,12,0,7,0,0,2,0,12,4,0,2,5,10,1,0,0,0,2
0,0,0,2,0,2,2,0,1,0,0,0,0,1,2,0,4,6,1,0,0,0,3,3,1,3,1,4,12,0,0,1,0,0,2,0,1,0,0,0,0,0,2,1,3,0,1,6,1,3,0,0,1,0,0,0,1,2,0,0,1,1,0,0,2,5,4,0,3,0,0,2,1,0,1,8,0,1,0,4,1,0,2,0,1,0,0,0,2,2,1,0,1,2,1,0,0,0,2,0,1,1,0,28,0,11,2,4,0,0,0,1,0,0,1,2,0,0,1,0,3,0,0,3,0,2,0,16,0,2,1,0,1,0,0,2,1,0,0,3,0,0,2,1,1,0,0,0,0,2,0,3,0,0,0,0,0,0,0,0,0,4,1,0,1,14,6,0,0,1,1,0,1,1,3,3,2,0,10,47,14,2,0,0,16,0,1,0,1,3,2,1,0,2,1,2,3,0,4,5,6,1,7,2,0,1,0,2,0,0,0,0,0,2,1,2,0,9,4,0,0,1,0,7,0,0,7,0,0,6,1,3,3,1,7,1,3,5,0,0,0,0,0,0,0,0,0,1,0,3,2,15,1,4,11,1
1,2,4,1,0,0,0,0,0,1,8,0,0,0,12,0,5,9,5,0,2,1,7,0,1,5,2,1,3,3,4,2,1,1,0,8,0,3,7,1,1,0,4,2,5,0,0,0,3,1,0,1,0,0,0,1,1,1,1,2,5,0,0,0,13,5,1,0,5,0,7,1,1,0,1,2,0,1,6,2,2,4,4,0,4,0,0,2,4,0,1,1,3,1,2,4,2,0,1,1,0,2,0,0,0,1,0,3,0,2,0,0,7,1,3,1,1,0,0,0,0,0,2,1,4,8,1,2,0,4,0,0,0,2,1,1,3,0,1,1,1,0,5,0,0,1,2,0,1,2,0,0,1,4,0,2,1,0,0,2,2,0,0,0,1,17,0,1,1,2,1,0,2,1,1,1,0,0,8,39,10,0,0,2,0,0,2,0,2,3,11,1,0,0,0,1,0,0,7,3,4,1,6,1,0,0,0,1,0,2,1,0,0,1,1,3,0,7,2,0,1,1,1,8,0,8,12,0,4,6,0,3,8,4,11,2,0,32,2,0,4,0,1,3,0,0,2,3,2,0,4,5,0,0,0,1
0,0,1,7,0,0,1,0,5,0,8,2,0,16,4,0,2,9,0,0,1,0,1,0,0,5,0,0,0,7,2,2,0,0,0,7,0,1,0,1,1,0,1,0,1,1,0,0,0,0,0,1,0,2,0,0,0,0,0,0,1,0,0,1,2,2,1,0,7,0,0,3,0,0,0,0,1,1,1,2,1,0,1,0,0,3,0,0,1,0,1,1,0,0,1,0,0,0,0,0,0,1,0,0,2,3,2,0,2,3,1,3,1,0,0,0,0,0,0,0,4,1,0,0,1,9,0,5,0,0,0,0,0,1,1,0,1,1,1,7,0,0,0,1,3,0,0,0,0,1,0,0,5,0,1,1,4,0,1,0,3,0,12,0,1,14,0,0,0,3,0,9,1,0,0,2,0,0,4,36,5,0,0,0,0,0,0,0,0,6,7,0,0,0,0,1,2,2,7,1,0,1,0,0,0,0,0,2,0,2,0,0,0,2,2,1,1,2,1,0,2,1,1,1,0,0,14,3,12,7,0,0,11,1,16,0,3,18,1,4,1,0,0,3,0,0,1,8,9,0,9,11,3,0,14,1
0,0,0,3,0,1,0,0,0,0,3,0,1,0,4,2,1,8,12,0,0,0,1,0,1,1,0,1,4,1,0,0,0,0,2,0,0,0,5,0,0,0,1,0,2,0,0,8,0,2,0,0,0,4,1,0,0,1,1,0,1,0,0,0,0,1,2,2,1,0,0,3,1,0,0,3,0,5,0,4,1,6,3,0,6,0,0,1,6,1,1,1,4,0,3,3,4,1,0,0,0,0,0,0,0,0,1,2,0,0,0,0,0,0,10,1,1,0,2,0,5,0,0,6,0,0,0,0,3,0,0,0,0,0,1,0,5,0,1,9,0,1,10,0,2,1,0,0,0,2,0,0,2,9,0,0,0,0,1,0,0,0,0,0,1,8,8,0,0,1,0,0,1,1,2,1,0,0,6,50,15,3,0,1,18,0,5,0,0,5,10,1,0,0,0,3,1,0,3,4,0,0,4,1,2,9,0,1,0,0,1,0,0,6,2,2,3,6,9,0,0,1,0,6,1,4,7,1,0,7,0,0,3,1,7,1,2,4,0,0,4,0,0,0,0,1,1,6,0,0,5,10,2,0,8,2
1,0,0,0,1,0,0,0,1,1,0,9,2,4,5,0,6,7,9,1,0,0,1,0,0,2,0,0,4,1,1,3,0,3,2,4,0,1,7,0,1,1,0,2,4,6,1,0,1,0,1,0,0,6,0,0,8,1,0,0,2,1,0,0,0,2,0,1,0,0,1,1,1,1,2,0,0,0,5,2,0,0,1,1,2,1,0,0,0,0,1,0,2,0,1,2,0,1,1,1,0,0,0,0,0,5,1,3,1,2,1,4,1,0,1,1,1,0,0,0,3,0,1,0,8,17,3,5,0,3,3,1,0,0,1,6,1,0,3,0,1,2,5,0,3,0,0,0,0,0,2,0,1,1,0,0,0,0,1,1,5,0,1,1,1,4,1,0,0,1,1,0,0,1,1,2,2,1,5,35,8,0,1,1,4,4,3,0,0,3,9,1,0,0,1,4,1,0,3,4,1,2,0,0,0,0,0,0,0,0,0,0,0,1,6,1,0,4,0,26,0,0,0,2,0,4,8,1,6,3,0,2,8,1,3,0,1,22,1,0,1,1,0,3,0,3,1,2,0,5,4,5,1,3,10,3
2,0,5,3,0,0,0,2,3,2,5,0,1,0,3,0,0,9,1,1,0,0,0,0,4,1,2,1,0,2,3,2,0,0,1,20,0,0,1,3,0,0,3,1,1,0,1,0,5,0,0,13,0,0,0,0,0,0,2,0,2,0,0,1,3,2,0,0,0,0,1,5,0,0,0,4,0,4,0,3,2,4,2,1,0,0,0,0,2,1,1,2,0,0,0,1,0,0,0,0,0,1,0,0,1,7,1,1,1,1,0,0,0,2,4,2,3,0,0,0,0,2,0,4,0,0,0,4,0,1,1,0,0,0,0,0,0,0,1,0,1,5,1,0,0,0,1,0,1,0,0,1,3,2,0,1,0,0,5,2,2,0,0,14,1,6,1,1,0,3,0,3,3,0,4,1,0,0,4,50,21,0,0,0,0,0,7,0,0,0,10,3,0,0,1,1,0,0,4,2,5,0,4,0,0,3,0,3,1,0,2,0,0,1,1,0,1,7,7,2,1,1,0,11,0,0,8,6,6,9,1,3,5,3,6,2,2,10,2,0,0,0,0,4,0,1,2,0,2,0,9,10,1,0,0,0
0,3,2,2,0,2,0,0,0,2,1,0,0,1,2,0,1,9,4,0,0,2,1,1,0,3,0,1,0,0,2,4,1,0,0,6,1,2,4,0,0,2,2,0,3,10,2,0,2,0,1,0,0,0,1,0,14,0,3,1,2,3,2,3,3,1,1,0,1,0,1,0,1,0,0,1,2,0,1,6,0,1,3,0,0,0,1,0,3,1,1,0,1,2,2,0,1,0,0,0,0,0,0,0,0,0,0,0,0,0,0,6,1,1,2,1,0,0,0,1,0,1,11,3,4,4,0,6,3,6,0,0,0,1,7,1,0,3,2,1,0,0,3,1,2,0,0,1,1,0,0,7,3,1,1,2,0,0,2,2,1,3,0,2,0,4,0,1,0,1,1,2,1,0,0,2,1,1,5,29,11,3,0,1,2,2,1,0,1,12,6,4,0,0,4,2,0,4,3,3,1,0,9,4,0,0,2,0,2,0,1,0,0,1,3,5,0,5,4,0,0,1,2,3,0,1,8,3,2,7,0,0,9,3,2,2,0,45,7,0,2,3,1,3,0,9,2,3,5,2,6,5,1,0,0,0
8,0,2,5,0,0,0,0,1,1,1,0,0,0,4,0,2,11,2,1,1,0,4,0,0,3,1,0,0,0,2,1,0,0,1,10,0,1,0,1,1,0,2,0,1,0,4,0,2,0,0,0,0,0,1,0,3,0,5,0,22,0,0,0,3,3,0,1,3,0,1,0,1,0,1,1,0,3,3,1,1,2,2,0,0,0,0,0,7,0,1,0,2,1,1,1,1,1,1,1,0,0,0,0,1,7,0,0,4,0,0,0,1,0,2,0,2,1,0,0,4,1,1,3,0,2,0,4,1,16,0,0,1,0,2,0,0,0,0,14,1,4,10,0,0,0,2,1,2,2,0,8,1,3,0,0,0,1,0,0,0,0,2,4,2,10,0,0,0,1,0,2,2,2,0,1,0,0,9,22,17,0,1,0,1,1,0,0,0,4,0,7,0,0,0,1,3,0,9,0,1,1,2,1,3,0,0,1,1,3,0,1,1,3,0,2,0,5,2,0,1,1,0,3,0,3,13,0,5,8,1,0,6,4,10,1,1,19,0,2,4,0,1,1,1,0,1,2,4,0,3,7,0,0,1,0
0,4,0,3,2,0,0,0,0,1,8,2,0,10,5,0,7,9,2,2,0,1,3,4,1,3,0,10,0,1,2,4,0,0,2,2,0,0,6,3,0,0,5,0,1,0,1,0,7,2,1,1,0,0,0,1,0,0,0,0,2,0,0,0,14,2,1,0,1,0,4,1,3,0,5,0,0,1,2,1,1,5,2,3,3,0,0,0,1,1,2,0,1,0,0,2,1,1,4,0,0,0,0,0,0,1,0,0,0,2,0,3,0,0,1,1,1,0,0,0,1,1,0,1,1,1,0,4,0,4,1,0,0,0,2,0,1,0,0,0,0,0,5,0,0,0,1,0,2,0,0,0,0,0,0,1,0,0,0,0,2,0,6,0,1,13,1,0,2,1,6,2,3,1,3,1,0,0,10,37,6,1,0,3,1,1,2,0,0,0,2,2,2,0,1,1,0,1,6,2,2,0,6,0,0,0,0,1,1,1,1,0,0,1,1,0,0,1,2,0,0,1,0,5,0,1,10,0,6,5,0,0,1,2,13,1,0,33,1,0,1,0,1,9,0,1,4,2,7,0,5,22,1,1,1,2
0,0,0,3,0,0,1,0,0,0,1,0,2,0,1,0,0,6,5,1,1,0,2,0,1,1,3,2,1,3,1,0,0,1,1,2,0,2,3,6,0,1,2,0,4,7,0,5,1,2,0,0,0,0,3,0,3,0,0,0,2,1,0,1,6,4,3,0,2,0,11,0,0,0,3,2,2,8,6,1,0,3,1,1,4,0,0,0,0,2,1,2,2,2,0,0,4,0,5,1,0,1,0,2,0,4,0,6,1,2,1,2,0,0,4,0,2,0,3,1,3,0,0,9,1,9,0,3,0,1,0,1,1,0,3,2,0,0,4,0,0,0,4,0,2,0,1,0,0,1,1,0,4,0,0,0,0,1,1,2,2,0,4,1,1,19,2,1,1,4,0,0,1,2,2,3,0,0,6,45,4,0,0,0,6,0,0,0,0,3,4,0,1,0,1,1,1,0,2,0,9,0,2,1,0,10,0,0,1,1,0,0,2,3,2,2,0,3,3,1,2,0,1,5,0,0,9,0,10,2,0,2,5,0,7,6,2,12,2,0,3,1,0,2,0,2,0,4,1,1,3,6,1,0,0,1
1,2,0,4,2,0,3,0,0,0,6,0,0,3,0,0,0,6,2,0,1,0,1,1,4,1,0,0,0,1,0,2,0,0,1,9,0,1,4,1,1,0,4,0,1,6,11,2,3,0,0,7,0,0,1,0,0,2,3,0,3,5,0,0,9,3,0,12,0,0,0,3,0,0,0,4,1,2,0,1,1,4,1,0,2,0,0,0,0,3,2,3,1,4,3,8,0,0,0,0,2,1,0,0,2,0,2,2,2,2,1,0,0,0,1,4,1,0,0,0,1,2,3,3,0,0,0,4,0,4,0,0,3,0,0,0,0,2,0,3,1,4,2,0,2,2,1,0,0,2,0,2,1,3,0,1,0,1,0,0,1,1,2,12,1,9,1,0,0,2,0,3,4,0,1,2,0,0,4,39,12,3,0,2,0,0,4,3,0,0,14,1,1,0,0,1,2,0,5,0,5,5,0,0,0,2,0,0,1,0,5,0,0,2,0,3,0,2,0,0,0,1,0,0,0,2,10,0,0,5,0,1,4,5,7,0,2,15,1,0,1,0,0,3,0,0,0,1,0,1,5,13,0,0,0,1
0,0,3,8,0,0,0,0,5,0,3,0,0,1,5,0,5,9,0,0,0,1,0,0,1,0,1,4,0,1,2,2,0,0,1,1,1,0,9,1,0,0,5,1,1,1,0,0,7,0,2,1,2,2,1,0,1,0,0,9,9,0,0,0,8,1,4,1,2,0,1,1,1,0,3,0,0,2,0,5,1,4,4,1,0,3,0,0,7,0,6,1,1,0,3,0,0,0,7,1,0,2,0,0,0,1,1,4,1,2,0,0,1,0,2,2,4,0,0,0,0,0,5,3,0,2,0,0,1,2,1,0,0,0,1,0,1,2,0,0,0,1,2,0,0,0,1,0,0,0,0,0,1,3,0,1,0,0,1,0,0,0,0,2,1,7,0,1,0,1,0,3,1,0,2,1,0,0,4,36,10,0,0,0,1,0,4,0,2,1,7,5,0,0,0,1,4,0,5,0,3,3,2,0,0,2,1,0,0,2,1,2,0,1,3,1,0,3,4,0,1,1,2,7,0,1,12,3,7,6,0,1,5,1,11,3,0,32,0,0,4,0,1,2,0,1,0,0,1,0,7,21,0,0,0,1
0,0,1,5,0,1,0,0,3,0,0,2,0,10,0,0,3,5,0,1,1,2,0,0,0,3,2,0,0,0,0,3,0,0,0,3,1,1,0,0,0,0,3,0,1,1,0,0,0,0,0,0,2,2,0,0,0,1,0,0,1,1,0,1,1,2,3,0,4,0,0,3,4,0,1,0,0,0,0,2,1,0,2,0,3,0,0,0,0,0,1,3,4,3,4,0,1,1,1,0,0,1,0,0,4,0,0,2,0,0,0,6,0,1,0,1,0,0,0,0,5,1,1,0,1,7,0,10,0,2,0,0,0,1,1,2,0,0,2,7,3,5,4,1,0,0,1,0,1,1,0,0,1,1,0,1,3,0,0,0,1,0,9,0,1,20,2,0,0,5,0,5,1,1,0,1,1,0,12,35,10,3,0,0,10,0,3,0,0,2,4,4,1,0,1,1,1,0,2,3,1,2,2,0,2,0,0,0,1,0,1,0,0,1,1,1,0,3,0,0,0,1,2,6,0,0,7,4,6,4,5,1,7,2,7,1,2,27,0,0,1,0,0,2,1,2,0,3,1,0,6,6,1,0,15,1
2,1,0,6,0,1,0,0,0,0,1,2,5,1,9,0,11,14,2,1,1,0,3,0,0,1,1,0,0,0,1,4,0,0,1,4,1,2,1,0,0,0,3,3,1,0,0,1,1,0,6,0,1,1,0,0,1,1,0,1,1,0,0,0,16,3,0,0,1,0,1,6,0,0,0,0,0,2,4,2,1,6,6,0,1,0,0,0,0,0,1,0,1,0,1,1,1,0,0,0,0,1,1,0,0,1,2,0,1,1,0,0,1,0,3,2,0,0,1,0,0,2,1,1,0,0,0,14,0,7,0,0,0,3,1,3,1,1,0,0,0,1,5,0,0,0,2,0,1,0,1,0,1,0,0,0,0,0,1,2,1,0,2,13,1,16,0,0,0,1,0,1,1,0,1,1,0,0,8,41,11,0,0,3,0,0,1,0,1,2,4,1,0,0,0,1,0,0,6,0,3,0,4,0,0,3,0,1,1,1,2,0,0,1,0,0,0,4,1,3,1,1,0,2,0,0,15,0,0,14,0,1,15,2,18,5,2,31,1,0,3,1,1,3,1,1,0,5,10,1,6,24,2,0,0,0
0,0,1,0,0,0,2,1,2,2,2,1,9,2,2,3,0,2,1,5,2,1,0,0,0,3,0,0,0,0,0,5,0,1,5,1,0,0,0,1,3,0,0,0,0,37,1,0,1,0,8,0,0,0,2,0,25,0,0,0,1,4,0,2,0,1,0,1,0,0,0,0,0,0,0,0,1,2,0,2,0,0,0,3,0,0,0,0,1,1,0,0,1,0,0,2,0,1,4,2,0,0,0,0,0,0,4,0,0,3,0,2,1,0,0,1,4,0,2,0,0,0,0,4,1,0,2,0,0,1,1,3,0,0,1,0,10,1,1,1,0,0,0,3,0,0,0,0,1,1,0,0,2,0,0,10,1,0,0,19,1,0,1,2,0,0,0,2,8,0,2,2,3,0,0,0,1,1,0,3,0,0,3,0,10,0,0,0,0,13,10,7,4,6,0,2,3,0,1,2,1,1,5,2,2,0,0,0,7,0,0,2,0,0,6,0,1,0,0,2,0,0,0,0,1,0,0,1,1,2,0,1,6,0,0,45,0,1,6,0,1,0,1,8,0,8,0,0,1,10,4,0,0,0,0,3
0,0,1,4,0,0,1,0,3,2,1,0,0,0,1,0,1,7,1,0,0,1,0,1,1,3,4,0,1,1,3,3,1,0,5,3,1,1,0,1,0,3,5,0,4,12,0,1,3,2,3,0,0,5,0,1,8,0,1,5,2,2,0,0,0,2,0,0,4,0,2,0,2,0,0,0,1,2,1,2,0,1,1,0,1,1,0,2,4,2,2,2,2,2,0,0,0,0,1,1,0,0,1,0,1,0,0,0,0,1,0,1,1,0,1,0,1,0,1,0,1,1,10,2,0,0,2,2,1,1,0,0,1,0,3,1,1,1,3,0,1,0,1,4,1,0,1,0,0,0,1,1,1,3,0,3,0,1,1,2,2,1,4,2,1,7,0,3,0,1,0,2,4,0,0,1,0,0,8,30,5,2,0,2,1,2,3,0,0,6,2,4,1,4,1,1,0,2,9,6,2,1,2,1,1,2,7,0,2,0,1,0,0,1,1,2,1,2,3,0,2,0,0,0,1,2,11,2,5,1,0,2,8,1,5,2,1,26,2,1,0,4,0,7,0,3,1,1,0,1,2,2,1,0,1,1
1,0,6,5,2,0,1,3,2,0,1,2,0,6,11,0,4,15,3,1,2,1,2,0,1,0,0,1,9,3,0,0,1,1,3,1,0,1,2,2,1,0,7,0,1,0,0,3,0,1,0,0,0,0,0,0,1,1,0,0,1,1,0,1,1,2,3,0,2,0,0,4,0,0,0,0,1,0,0,3,2,1,2,0,7,0,0,0,6,0,1,3,0,9,4,2,2,0,0,0,0,0,0,0,0,4,1,3,0,0,1,14,0,1,3,1,2,0,3,0,0,5,6,4,0,1,1,2,0,0,0,0,8,2,0,0,0,1,4,3,0,0,4,1,4,0,0,0,2,0,0,1,0,1,0,2,1,0,1,1,2,0,5,0,2,18,0,0,0,1,0,7,1,2,2,1,1,0,10,35,4,0,0,1,0,0,0,7,0,1,0,4,0,0,1,3,1,4,2,3,7,2,0,0,21,3,0,1,1,0,0,0,0,1,2,1,4,2,6,2,0,4,3,8,0,0,8,0,5,6,1,1,6,3,9,0,1,3,1,0,1,0,0,0,0,1,0,6,0,0,4,8,2,1,0,5
0,1,6,1,1,4,1,2,1,0,3,3,0,0,4,0,2,7,6,4,0,0,0,1,2,1,0,4,0,1,1,1,2,0,2,3,1,0,5,3,4,0,3,0,1,0,2,0,1,0,0,4,0,0,0,0,0,6,0,0,3,4,1,0,1,1,1,0,4,0,0,0,2,0,5,0,2,0,0,4,2,0,6,1,0,0,0,0,3,0,1,0,0,0,0,0,0,0,4,0,0,0,0,0,1,3,0,5,2,0,1,0,0,0,0,0,3,0,0,0,3,0,1,0,2,4,0,6,1,0,1,0,1,0,5,2,5,0,0,0,0,0,6,1,7,1,2,0,4,0,0,0,5,0,0,1,2,0,1,0,8,0,10,0,1,11,0,0,1,3,2,0,1,1,0,1,0,0,2,30,9,0,0,0,6,0,0,0,0,2,14,3,0,0,0,1,1,0,3,4,2,2,4,0,1,0,0,1,0,0,1,0,0,2,0,0,3,2,7,0,2,1,0,6,0,11,10,0,10,11,1,1,7,1,4,0,0,39,2,0,1,0,3,1,0,2,0,3,2,2,5,15,0,0,1,1
0,0,1,0,0,0,0,1,5,3,1,0,0,5,0,0,0,0,4,3,2,1,1,1,0,4,0,0,0,0,0,0,1,0,0,1,2,0,1,0,2,1,0,4,0,36,0,2,3,1,10,0,2,0,1,1,29,0,0,2,2,3,1,4,0,3,0,1,4,4,0,0,0,0,0,0,0,2,6,5,0,0,0,2,0,0,0,2,2,3,0,0,2,0,0,0,0,4,0,0,0,0,0,0,3,0,1,0,0,0,0,0,0,0,1,0,0,0,0,0,0,0,1,0,0,0,0,0,1,0,3,3,0,0,0,0,5,3,4,1,2,0,0,0,0,0,0,0,5,4,0,0,0,0,1,2,0,0,1,20,1,1,4,1,0,0,0,2,0,1,1,1,1,2,0,0,0,0,6,13,0,1,3,3,5,0,1,0,0,10,14,0,1,6,0,4,1,0,0,0,0,1,17,0,1,0,10,0,6,1,0,0,0,0,2,1,4,1,0,0,0,0,0,0,0,1,8,0,4,2,0,0,3,0,0,27,1,4,5,5,2,1,2,0,1,14,2,0,2,6,4,0,0,0,0,1
0,7,0,3,0,1,0,0,0,0,9,1,0,0,5,0,8,9,0,0,0,0,1,0,1,0,1,0,0,1,0,3,2,0,6,3,0,0,6,0,1,0,2,0,6,0,10,3,6,0,0,0,1,0,0,0,0,1,7,5,3,0,0,0,5,3,4,1,2,0,0,0,0,0,4,0,3,0,3,1,2,3,5,0,3,0,0,0,0,1,1,1,2,0,0,1,0,0,0,0,0,0,1,0,0,9,3,1,0,0,0,14,0,0,0,2,0,0,0,8,3,1,0,1,1,3,0,8,0,5,0,0,0,0,3,0,0,0,0,0,0,1,3,0,0,0,0,0,0,1,0,0,0,0,0,0,0,0,1,3,3,0,0,0,1,6,2,0,0,2,0,0,1,0,0,1,0,0,4,32,4,3,1,0,0,0,4,0,0,1,2,2,0,0,2,4,0,3,3,1,2,0,0,0,0,1,0,1,0,0,1,0,1,2,1,9,2,3,0,0,1,1,0,4,0,1,7,1,5,8,3,3,15,6,9,0,0,28,5,1,1,0,1,2,1,0,0,5,0,3,5,9,0,0,0,5
0,0,0,2,1,1,0,0,0,0,11,0,0,0,5,2,11,8,2,0,0,0,7,0,0,2,1,0,0,0,2,2,0,0,0,6,0,1,1,1,0,0,3,0,1,0,0,0,4,2,0,0,1,0,0,0,3,0,4,3,8,1,0,0,1,3,4,0,1,0,1,0,4,0,1,1,0,3,0,6,1,8,9,0,1,0,0,0,0,0,1,0,6,0,2,1,3,3,3,0,0,0,0,0,0,2,2,7,1,1,0,0,1,0,1,3,0,0,0,0,2,0,0,1,2,1,0,5,0,10,0,0,4,0,0,4,0,0,4,1,2,0,2,0,0,0,2,0,2,2,0,0,1,1,0,1,0,1,0,0,2,3,0,7,1,7,0,0,0,3,3,2,3,1,2,1,0,0,5,25,10,0,0,0,4,0,0,0,1,3,1,0,1,0,2,2,0,1,9,2,3,0,7,0,0,0,17,1,1,2,5,0,2,1,0,3,7,6,6,4,1,1,1,13,0,8,9,0,1,5,1,1,3,2,9,3,1,18,0,0,0,1,1,1,0,0,0,1,3,0,10,8,1,0,0,2
0,0,1,1,1,0,0,0,0,2,1,0,0,0,2,1,0,4,3,6,1,0,0,0,1,4,1,0,0,0,0,3,0,3,29,1,0,0,0,1,1,0,0,0,7,34,5,0,1,0,9,0,6,0,0,1,13,0,0,0,1,2,2,0,1,0,2,0,1,1,2,0,13,3,2,0,2,2,1,8,0,0,0,3,1,0,0,4,0,17,1,2,3,4,0,0,1,1,2,0,0,0,0,0,0,0,2,0,0,0,0,1,0,0,0,1,5,0,1,0,0,0,1,2,1,0,3,1,0,1,1,1,0,0,0,1,5,2,1,1,1,0,1,2,0,0,0,0,0,1,0,2,0,0,0,9,1,0,2,1,0,0,0,1,2,0,0,0,4,0,4,0,6,0,1,1,0,0,1,0,0,1,0,0,0,1,2,0,0,10,5,1,1,6,0,1,0,2,0,0,0,0,3,0,0,0,1,0,2,0,0,0,0,0,0,0,2,0,0,0,0,0,0,1,0,0,5,5,3,8,1,0,5,0,1,53,0,0,9,2,6,0,0,7,1,4,0,0,1,3,15,0,0,0,0,0
0,0,4,2,1,0,1,0,3,0,1,1,1,1,7,0,2,4,2,0,0,0,0,1,1,0,8,0,0,0,2,6,1,0,0,8,0,1,2,1,1,0,3,0,3,0,0,0,0,1,0,0,3,0,0,0,0,0,1,1,1,0,0,2,1,1,1,1,4,0,0,4,1,0,2,5,0,1,1,0,1,4,4,0,1,0,1,0,3,0,1,0,0,0,1,0,4,0,0,0,0,0,0,0,0,1,0,2,1,0,1,1,0,0,3,6,1,0,0,0,4,2,0,2,6,6,0,8,0,2,0,0,0,0,2,0,0,1,0,0,0,2,2,0,0,0,1,0,1,2,0,2,0,2,0,0,0,0,0,0,1,1,4,1,2,17,1,0,0,1,0,1,1,0,0,1,1,0,12,40,2,0,1,3,3,0,0,0,0,2,5,3,2,0,1,1,1,0,3,5,2,1,3,0,2,10,4,0,1,0,0,0,0,2,3,1,0,3,3,1,0,1,0,7,0,0,6,0,6,3,0,0,2,2,7,2,1,43,1,0,4,0,2,4,0,0,6,5,3,4,8,13,0,0,2,0
0,1,0,4,0,0,0,0,1,0,2,0,0,1,0,0,1,7,1,0,0,0,1,2,0,1,2,1,0,0,0,0,0,0,2,4,0,1,7,1,1,0,2,0,7,1,0,1,0,4,1,0,0,5,0,0,2,1,0,0,3,0,0,1,1,1,2,3,5,0,4,2,0,0,0,0,1,3,4,0,2,6,3,0,4,0,0,0,1,0,2,0,3,0,4,1,1,0,0,1,0,0,0,0,0,1,2,0,0,2,4,21,1,3,5,1,0,0,6,0,0,3,3,4,1,7,0,1,0,4,0,0,1,1,0,0,0,0,0,1,0,0,6,0,1,0,2,0,0,2,0,0,3,6,0,0,0,0,1,0,0,2,0,0,1,17,0,1,1,2,4,0,1,0,3,4,0,0,21,51,9,4,0,0,0,3,2,0,1,8,6,7,0,0,1,1,1,1,6,1,4,0,4,0,0,4,0,2,0,0,0,0,0,1,0,19,1,5,0,0,1,1,0,5,0,0,9,1,3,6,0,8,4,2,6,3,3,18,0,0,0,0,0,2,0,1,4,10,0,0,9,6,0,0,2,1
0,0,0,0,0,0,0,1,0,3,0,0,0,0,1,1,0,1,1,3,0,2,0,0,0,4,0,0,0,0,0,1,2,0,8,1,0,0,0,1,2,1,0,0,0,25,1,0,1,1,6,2,0,0,0,1,15,0,0,1,1,3,1,0,1,1,0,0,0,0,1,0,1,0,0,0,1,1,7,5,0,0,0,7,0,1,0,0,2,2,1,0,1,1,0,0,1,1,0,1,0,0,0,1,0,0,1,0,0,0,0,0,0,3,1,1,2,0,4,0,0,0,0,1,0,0,3,0,0,2,11,1,0,0,1,0,11,5,3,1,0,0,0,1,2,0,0,0,3,2,0,1,1,0,0,13,0,0,21,29,1,2,4,2,0,0,0,2,4,0,1,0,1,1,0,1,0,0,7,0,0,0,0,0,5,0,0,0,0,13,15,0,2,4,0,0,2,0,0,3,3,0,4,0,2,0,0,0,2,0,0,3,0,0,3,0,2,0,0,1,0,0,0,0,0,4,4,3,3,5,0,1,11,0,0,54,1,0,7,7,1,0,0,6,1,8,0,0,1,14,6,0,0,0,0,1
0,0,0,2,0,0,3,0,2,1,0,1,1,0,10,2,2,6,3,1,0,1,4,0,0,1,6,0,0,0,2,3,3,5,4,1,1,2,6,1,0,0,1,0,2,5,1,1,1,1,0,0,0,1,0,0,5,0,0,0,3,0,2,0,8,3,1,0,0,0,1,0,0,0,0,0,1,5,1,5,0,2,3,2,3,0,0,0,2,1,2,2,2,0,0,0,7,2,4,0,0,2,0,0,0,1,1,0,6,1,0,3,0,0,4,7,1,0,0,0,0,1,0,3,0,1,0,5,0,3,1,0,0,0,3,0,1,0,1,0,1,0,2,2,1,0,0,0,1,3,0,0,2,1,0,1,0,0,1,3,4,1,1,11,1,9,0,1,0,2,2,1,1,1,0,2,0,0,8,38,12,0,1,0,2,2,4,0,2,2,0,1,0,1,0,1,2,0,7,1,3,0,3,1,3,0,0,0,3,0,5,0,0,5,0,1,0,4,9,23,0,0,0,1,0,2,10,6,0,3,1,0,5,3,4,2,0,10,0,1,1,1,0,0,0,2,1,9,1,0,1,1,0,0,0,1
1,1,1,3,0,0,0,0,0,0,3,0,0,0,6,1,3,10,1,1,0,1,0,2,2,2,1,1,0,0,2,5,0,2,0,9,0,0,2,3,2,0,2,0,1,0,3,0,6,0,0,1,2,0,0,0,1,0,0,4,1,1,0,0,6,1,2,0,2,0,4,2,1,0,1,0,0,1,0,2,1,2,4,0,0,0,1,0,2,2,1,0,5,1,0,0,2,0,2,0,0,0,0,0,0,3,0,0,0,2,0,19,2,0,1,0,1,1,0,7,2,1,1,1,1,3,0,11,1,4,0,0,0,0,0,2,3,3,0,0,0,0,5,0,0,0,1,0,1,0,1,1,0,2,0,1,0,0,1,0,1,0,3,0,4,18,0,0,0,1,11,0,3,1,1,1,0,0,15,35,6,0,2,1,1,0,0,0,1,1,11,2,0,0,0,1,1,0,6,2,1,0,0,0,0,0,0,0,0,2,0,0,0,1,0,0,0,2,2,0,1,1,1,3,0,0,13,0,8,7,1,0,13,1,8,1,0,27,0,0,1,0,1,5,1,0,0,2,1,2,2,11,1,0,0,1
2,0,0,2,0,0,0,0,1,0,0,0,0,0,8,1,0,8,0,0,0,1,0,0,0,4,3,2,0,0,0,8,0,2,0,3,0,0,12,1,0,0,3,0,2,1,0,0,0,1,6,0,0,0,1,0,2,0,5,0,2,1,0,2,6,2,1,0,3,0,1,0,0,0,4,12,0,4,0,2,1,5,7,0,6,0,1,0,1,0,1,1,1,3,1,0,10,0,0,0,0,0,0,0,0,1,0,0,2,0,0,0,0,0,10,3,0,0,0,0,3,4,0,8,0,0,1,1,0,5,0,0,0,0,1,0,0,0,0,0,1,0,2,0,0,0,1,0,0,0,0,0,2,2,0,0,2,0,0,0,0,0,2,22,1,9,0,0,0,1,0,4,1,3,1,1,3,0,9,28,2,0,0,0,0,0,0,0,0,0,0,0,0,1,0,1,4,0,5,0,4,0,3,0,0,7,17,0,2,1,4,0,1,2,1,1,0,4,1,35,0,2,0,2,0,1,8,1,5,5,0,1,5,3,3,1,0,10,1,0,1,0,0,3,0,0,3,2,5,1,7,7,0,0,0,0
1,0,1,7,1,0,0,0,0,0,3,0,3,16,2,0,5,8,6,1,0,2,5,4,2,3,1,1,1,0,4,3,0,1,4,6,0,1,3,0,1,1,1,0,1,0,2,0,6,0,3,2,1,1,0,1,1,1,2,8,3,0,3,1,7,3,0,2,4,1,0,10,3,0,2,0,0,1,0,0,1,8,2,1,0,2,0,0,8,0,1,0,0,1,1,0,1,2,8,2,3,1,0,0,0,0,1,0,0,5,0,8,1,2,0,0,0,0,0,0,2,0,0,1,0,0,0,2,1,6,1,0,3,2,1,0,0,0,0,0,0,0,0,0,0,0,2,0,2,0,2,0,2,0,0,3,0,0,0,3,0,0,0,0,2,13,0,0,0,1,1,1,1,1,0,2,1,0,10,30,8,5,1,6,0,0,0,0,0,0,6,2,1,0,0,1,1,4,4,3,4,0,5,0,0,0,0,0,0,4,2,0,0,2,1,1,1,3,5,0,1,1,2,7,0,0,10,0,0,5,0,1,8,2,10,0,1,21,1,0,1,0,2,4,0,2,2,1,1,2,4,11,1,2,0,1
1,1,2,0,1,0,0,8,2,0,0,3,1,8,0,3,0,1,0,0,0,0,0,0,2,0,1,1,3,1,1,1,0,0,0,0,1,0,0,1,17,1,0,2,0,1,0,1,2,0,1,1,0,1,0,0,1,2,8,0,0,1,0,5,1,3,6,1,0,0,0,2,3,2,0,1,0,13,1,0,0,2,0,0,2,4,0,0,5,0,0,1,0,5,1,0,2,0,2,0,1,0,0,0,0,3,0,0,3,1,0,0,6,3,1,0,0,1,0,0,0,2,0,0,0,0,0,1,0,0,0,0,0,17,0,0,0,0,4,2,0,1,18,0,0,4,0,0,0,2,0,1,1,0,0,1,0,0,1,3,0,1,5,3,0,0,4,2,0,2,0,2,4,1,0,9,2,1,1,5,0,0,15,0,5,0,0,0,1,3,0,1,2,1,0,27,3,0,1,4,3,1,17,1,3,1,7,0,0,2,3,0,0,0,3,0,2,0,1,21,0,1,2,1,1,0,0,0,0,1,4,3,2,2,0,6,0,0,22,1,0,1,2,0,3,0,2,7,2,1,1,0,14,0,0,2
0,1,0,5,0,0,1,0,0,0,8,1,0,0,1,0,10,10,0,0,0,3,0,0,0,12,0,0,0,2,5,1,0,0,1,1,1,1,0,1,6,1,4,0,1,2,0,2,1,0,0,19,0,1,0,1,6,0,9,1,4,4,1,0,0,2,1,0,3,0,2,1,0,0,1,0,0,1,0,0,2,9,0,0,0,0,0,0,2,0,1,0,2,3,1,5,6,0,0,1,1,0,0,0,0,2,0,0,1,1,0,0,3,1,3,0,0,0,0,0,0,0,0,1,0,0,0,0,0,2,0,0,1,1,0,0,0,0,1,0,0,0,2,1,2,0,1,0,1,1,0,0,1,0,0,1,0,0,1,0,2,0,0,16,1,8,1,1,0,1,2,3,1,2,2,1,0,0,20,40,2,0,1,1,0,0,4,1,0,3,15,0,1,0,0,1,0,0,6,0,3,0,1,0,1,1,0,0,0,0,1,0,0,2,1,0,0,5,3,0,1,1,0,0,0,7,14,0,2,14,0,0,7,2,11,0,2,22,14,0,0,0,0,4,0,0,3,3,0,1,3,6,0,0,0,1
0,0,0,7,0,0,1,3,0,0,6,5,0,1,1,1,2,9,0,0,0,0,2,0,1,3,2,0,0,2,2,0,0,0,1,0,0,0,3,0,0,0,4,0,8,2,0,3,0,4,0,0,1,5,0,0,0,0,2,1,1,4,0,0,1,1,0,1,2,0,0,4,0,0,0,0,0,2,0,2,2,3,2,1,3,1,1,0,2,7,2,0,4,1,4,1,1,1,0,1,0,2,0,0,0,0,1,0,0,3,1,4,0,0,2,1,0,0,2,0,4,1,0,4,1,0,0,1,0,0,0,0,0,0,3,2,0,2,0,0,0,2,1,0,1,0,1,0,0,0,0,0,1,6,0,0,0,1,1,0,2,1,0,0,1,10,2,0,0,2,7,5,1,0,1,1,2,0,14,51,16,2,0,1,4,0,3,1,0,8,2,2,1,0,0,1,0,0,5,1,1,1,0,0,0,6,1,1,0,2,5,0,0,5,1,7,1,3,0,0,2,1,0,5,0,2,11,1,0,4,0,2,2,1,13,0,2,12,1,0,0,1,1,1,0,0,0,7,0,1,9,10,0,1,11,5
4,0,0,7,0,0,0,1,0,0,6,0,0,0,2,0,3,4,2,2,0,0,2,1,1,2,2,0,1,0,1,3,2,0,0,1,2,1,0,2,3,1,2,0,1,2,1,0,1,1,0,3,2,2,0,0,6,2,0,3,3,0,0,0,1,4,2,0,1,0,3,2,2,0,5,0,0,0,3,4,0,3,0,0,2,1,0,0,2,2,2,6,3,3,1,0,3,0,0,0,0,0,0,0,0,0,0,1,1,3,0,0,0,1,0,0,2,0,0,0,0,0,0,2,0,3,0,0,0,0,0,0,1,0,1,1,1,4,10,0,0,0,6,1,3,0,0,1,1,1,0,0,0,0,0,1,0,0,2,0,3,0,6,1,1,16,0,0,0,2,0,6,3,0,1,3,0,0,12,43,4,0,0,2,3,0,0,2,1,6,2,3,0,5,0,2,2,0,7,3,3,3,2,1,4,0,1,0,3,1,3,1,0,3,2,2,2,1,2,1,1,0,1,2,0,9,10,0,5,6,0,5,6,2,11,2,0,14,1,0,2,1,0,2,0,1,0,4,0,0,7,2,0,0,0,1
0,4,0,4,0,1,1,2,3,0,14,6,10,0,0,1,7,9,0,1,1,0,2,0,0,22,1,0,0,0,2,0,0,0,0,1,0,1,4,0,0,0,1,2,1,0,0,0,0,1,7,2,0,0,0,0,1,0,2,0,2,0,0,3,0,4,0,0,6,0,2,0,0,0,2,0,0,1,0,1,1,4,4,0,1,0,0,0,0,0,1,0,2,0,1,0,3,0,2,1,1,0,1,0,0,0,0,3,4,1,3,0,0,1,1,0,0,1,0,0,0,2,0,0,1,0,1,0,1,0,2,0,0,1,1,1,0,0,1,0,0,3,1,1,0,0,1,0,13,1,1,0,0,0,0,2,0,0,1,0,2,0,2,2,1,8,0,0,0,2,4,2,1,0,2,1,0,1,2,37,10,0,0,1,1,0,4,0,0,3,8,1,0,0,0,4,2,0,5,1,4,0,0,1,0,0,0,1,1,0,0,0,0,1,0,0,1,3,2,0,0,2,0,0,0,1,10,6,0,6,0,1,4,3,8,0,0,7,0,11,0,1,0,3,2,0,0,7,0,4,5,21,1,0,1,1
0,1,2,0,1,0,2,1,0,1,1,1,3,0,1,0,0,4,2,3,2,0,3,0,1,1,0,1,0,1,1,1,1,2,5,11,0,0,2,1,5,0,0,0,2,29,2,1,6,4,4,0,0,0,0,1,8,1,1,1,2,3,2,2,0,2,0,0,1,2,0,1,0,0,1,1,0,3,2,3,0,1,3,3,0,0,0,0,4,2,0,0,3,2,0,0,0,1,0,0,0,1,0,0,0,0,2,1,1,0,2,5,1,1,1,0,0,0,2,0,1,3,2,2,0,1,1,2,1,4,0,0,0,0,2,0,1,1,4,0,0,1,1,0,0,0,1,0,2,2,0,0,0,0,1,2,0,0,0,1,1,0,1,1,3,3,0,2,2,1,1,1,2,1,2,0,0,2,3,31,12,1,1,3,7,2,2,0,0,2,5,3,4,2,0,0,0,3,2,6,1,0,6,1,3,0,0,1,4,0,0,0,0,0,5,0,0,3,0,0,1,0,0,0,0,4,5,6,2,5,2,1,4,1,1,2,0,3,1,3,4,1,0,3,0,6,1,0,2,8,8,0,0,1,0,3
0,0,0,2,0,0,0,1,0,0,0,3,0,0,0,4,3,1,3,1,2,1,1,0,1,4,1,1,0,1,0,0,6,0,3,12,0,0,3,0,0,3,1,3,2,23,2,0,2,4,3,0,0,0,0,6,11,1,0,0,1,1,1,0,0,2,0,1,0,0,1,0,8,0,1,0,1,3,0,0,0,0,0,1,0,0,0,0,2,5,1,0,3,0,0,0,1,1,0,0,0,0,0,2,0,1,1,0,1,0,0,15,0,6,0,1,2,0,0,0,0,0,0,4,0,1,0,2,0,1,1,2,0,0,1,0,3,0,1,4,0,0,2,1,0,0,0,0,0,1,0,0,2,0,0,6,1,0,0,6,1,1,6,4,4,4,0,1,0,1,3,1,3,0,0,0,0,0,3,24,1,0,1,0,1,4,0,0,0,11,8,3,1,1,1,2,1,0,1,6,1,0,1,0,1,1,1,0,3,0,0,1,1,0,10,3,4,1,0,2,0,3,0,3,2,0,11,0,1,2,0,1,7,2,0,10,0,7,6,1,3,1,0,11,1,9,3,2,0,5,7,0,0,0,0,5
0,1,4,4,0,0,1,0,0,0,7,1,1,0,0,0,11,9,3,0,0,1,1,0,0,1,0,0,1,1,1,0,0,0,1,7,1,1,6,0,1,0,3,0,1,0,4,1,3,2,3,2,1,0,1,0,2,0,0,1,2,3,0,0,0,2,1,0,3,0,8,4,2,0,2,0,0,0,0,2,3,6,9,0,1,1,3,0,3,0,1,3,2,1,5,0,1,2,0,0,0,0,0,0,0,3,1,0,1,0,3,0,0,1,5,3,1,0,0,0,2,5,4,3,3,0,0,8,1,4,0,0,7,0,1,0,0,1,4,6,3,0,3,4,0,0,2,0,0,6,0,0,0,0,0,1,0,0,0,0,2,0,0,0,1,18,0,0,0,2,0,1,1,0,0,3,0,0,6,37,8,0,0,0,2,0,4,0,0,7,15,1,0,0,1,2,2,0,3,2,4,2,3,1,3,9,1,1,2,0,1,0,0,2,0,0,0,3,0,0,1,2,2,0,0,9,9,0,0,2,4,5,2,3,8,1,5,17,0,0,0,1,1,1,0,0,0,3,0,2,5,6,1,0,1,2
0,0,0,4,0,0,2,0,0,0,1,0,0,0,1,0,6,4,1,0,1,2,0,1,0,2,7,2,0,3,4,6,0,0,0,2,0,0,0,0,0,0,1,0,3,0,0,0,4,0,0,0,2,0,0,2,0,1,5,2,1,1,0,0,0,2,0,0,2,0,3,2,1,0,3,0,0,5,0,1,1,10,2,1,3,0,0,0,0,0,1,0,3,1,3,7,10,4,0,1,0,0,0,0,0,0,2,0,0,2,0,0,1,2,2,1,0,0,1,0,0,2,1,0,1,0,0,0,0,2,0,0,2,3,2,0,1,2,0,0,0,4,3,0,1,0,2,0,1,1,1,0,0,3,0,1,1,0,1,1,3,0,6,16,1,6,0,1,0,1,2,5,1,1,1,1,2,0,12,32,5,0,1,3,0,0,1,0,0,1,7,1,1,0,0,1,0,0,6,0,3,1,1,0,0,1,0,0,2,2,6,1,0,1,1,2,1,3,0,0,7,1,0,5,0,1,6,0,1,5,0,0,1,2,11,0,0,23,0,0,0,0,0,9,2,0,4,5,3,0,6,12,1,0,0,0
0,0,0,1,1,0,0,5,0,2,0,0,0,0,1,0,0,0,3,3,5,2,0,0,1,5,0,0,1,1,0,6,6,3,5,1,1,0,5,0,0,0,0,0,3,38,1,0,1,15,9,0,1,0,0,2,18,1,0,0,1,4,1,3,0,2,3,0,0,0,1,0,7,0,0,0,0,0,0,2,2,0,2,0,0,0,0,1,3,3,1,0,0,1,0,0,0,1,0,0,0,0,0,0,1,0,1,0,1,0,0,3,1,0,0,0,0,0,0,0,2,0,0,2,0,0,4,0,2,0,0,1,0,0,0,1,0,3,2,1,0,0,0,2,1,0,1,2,1,0,2,0,1,1,0,10,0,0,0,32,0,0,0,6,0,0,0,2,0,0,0,1,1,0,0,2,0,0,2,0,0,0,0,4,0,1,1,1,0,13,6,0,1,5,0,1,0,0,0,1,0,0,3,0,0,0,0,0,3,0,0,1,4,5,1,0,0,1,0,0,0,0,0,0,0,1,2,5,5,3,3,1,1,0,1,57,1,0,12,1,3,4,7,14,1,4,1,0,1,0,21,0,0,1,0,1
0,0,4,0,0,0,0,1,0,1,2,0,3,0,1,4,2,3,6,1,4,1,0,0,0,5,0,0,0,0,0,8,0,1,2,1,0,0,0,0,2,0,0,1,0,19,2,0,1,3,7,1,0,0,2,0,12,0,0,0,1,2,0,3,0,0,0,0,0,0,0,0,0,0,1,0,0,0,1,1,0,0,1,4,0,0,1,0,12,3,0,0,1,1,0,0,3,1,0,0,1,0,0,0,0,0,2,0,0,0,0,1,0,1,0,5,2,0,5,1,0,0,0,3,0,0,2,1,0,1,8,1,1,0,2,0,1,3,1,1,0,0,0,0,0,0,0,1,0,0,0,0,4,0,1,1,0,0,7,18,0,0,0,3,0,0,0,1,9,0,3,0,2,1,0,3,3,1,6,0,0,1,0,0,1,3,1,0,0,14,10,0,2,7,0,2,3,0,0,3,0,0,4,1,0,0,0,0,2,1,0,0,0,0,5,0,0,0,0,0,0,5,0,0,1,2,2,4,7,2,0,2,3,0,1,52,0,0,7,2,6,1,0,0,0,15,6,0,1,11,6,0,0,0,0,1
0,1,0,0,3,0,0,2,0,1,3,0,5,1,0,1,1,4,1,3,5,1,3,0,0,6,0,0,3,0,0,6,1,0,8,18,0,6,5,3,2,0,1,2,8,19,3,5,1,1,1,0,0,0,0,0,9,0,9,0,1,1,3,3,0,1,2,0,5,0,1,0,1,0,0,0,0,1,1,0,0,0,0,0,1,0,0,0,2,2,0,3,4,2,1,0,0,1,0,0,0,0,0,0,0,0,1,0,1,1,3,4,0,1,0,2,0,0,1,0,0,1,0,3,0,0,5,1,0,2,0,0,0,0,1,0,2,2,1,0,0,0,2,1,0,0,0,0,0,0,1,0,1,0,0,8,0,0,0,12,0,0,1,0,0,3,1,1,0,1,0,0,5,0,0,0,0,0,1,19,3,0,1,1,1,0,5,1,0,7,4,5,1,1,1,0,1,0,1,3,0,0,2,0,2,2,0,1,1,0,0,1,0,1,5,3,2,1,0,4,0,5,0,0,1,1,5,7,6,2,0,5,3,2,0,8,0,3,2,1,2,4,0,24,0,1,1,0,1,0,7,0,2,0,0,1
0,0,0,2,4,0,0,3,1,2,0,0,0,4,0,1,0,0,0,1,1,3,0,1,0,1,2,0,0,2,0,3,1,0,2,1,1,0,0,0,1,0,0,0,1,29,0,0,2,2,12,0,0,3,0,1,26,1,0,0,2,2,0,4,1,0,0,0,1,1,1,0,2,0,0,0,0,2,0,1,0,2,0,1,0,0,0,0,2,0,0,2,0,0,0,0,1,2,0,0,0,0,0,0,0,0,4,0,1,2,0,0,0,0,0,1,0,0,0,0,0,0,3,1,1,0,9,0,3,4,1,1,1,0,2,5,4,1,2,1,0,2,0,2,0,0,0,0,2,0,0,0,2,0,1,19,0,0,0,17,1,0,1,1,0,1,3,1,0,1,0,0,3,0,0,0,0,0,7,16,0,1,2,3,4,0,1,0,0,7,12,0,1,8,0,5,2,0,0,2,0,0,7,0,0,2,0,3,5,0,0,9,0,0,2,1,1,2,0,4,0,1,1,0,3,1,3,3,1,3,0,2,2,0,0,21,1,2,6,0,6,0,0,0,2,2,0,1,1,0,10,0,0,0,0,0
0,0,1,3,0,4,0,0,0,0,5,0,1,6,3,0,1,5,2,0,1,1,0,0,1,1,0,0,4,0,2,2,0,0,1,1,0,0,0,2,0,0,3,0,1,1,0,4,3,3,0,1,2,0,2,1,0,0,0,0,1,0,0,1,0,2,1,0,3,0,0,7,0,0,0,0,0,1,1,1,1,4,3,0,1,0,0,0,0,0,2,1,1,0,0,0,0,0,1,0,2,3,0,0,0,2,0,0,1,1,0,1,2,0,2,1,0,0,1,0,2,1,22,2,2,3,0,1,0,0,0,0,0,1,0,1,0,2,0,0,1,0,3,1,0,0,0,0,0,0,0,0,1,1,0,1,0,0,0,1,5,1,6,0,1,10,2,1,0,1,0,1,1,0,2,1,0,0,17,38,4,0,0,0,5,1,4,0,0,6,7,1,4,0,1,2,1,1,7,3,7,1,4,0,0,13,0,0,3,1,0,0,1,1,0,0,3,1,0,0,0,1,0,2,0,10,9,0,5,6,0,1,5,2,17,0,2,33,2,0,2,1,2,2,0,1,1,4,1,0,7,14,0,0,0,3
0,0,1,0,2,0,0,0,2,1,0,1,0,0,1,2,0,0,5,4,0,0,0,0,1,0,1,1,0,0,1,4,2,1,2,1,3,1,8,0,1,0,0,0,0,27,2,0,1,0,7,0,0,0,0,0,14,0,1,3,1,1,0,0,0,4,6,1,0,0,3,0,2,0,0,0,1,3,3,2,0,0,6,0,0,0,0,0,8,2,0,1,2,0,0,0,0,1,0,1,0,0,0,0,1,0,2,0,0,1,0,0,0,2,0,1,3,0,10,0,1,0,0,2,0,0,6,0,3,4,3,1,0,0,0,0,0,1,1,1,0,0,0,0,0,0,0,0,6,0,0,0,4,0,0,0,1,0,0,4,0,4,0,2,0,0,0,0,3,0,1,0,1,0,0,4,0,1,0,0,0,0,6,1,8,4,0,2,0,16,8,6,1,8,0,2,5,0,0,0,0,1,5,0,0,0,0,0,5,0,0,1,0,1,6,0,0,1,0,0,0,1,0,0,1,1,1,7,2,15,1,0,6,4,0,50,1,0,3,0,4,1,2,10,0,4,2,0,0,5,5,0,0,0,0,4
2,7,2,0,0,0,4,4,1,0,2,2,0,21,0,5,1,1,0,4,3,1,0,0,1,0,3,3,0,1,1,1,4,11,0,0,3,1,0,0,7,10,0,2,1,0,0,1,0,0,0,0,6,1,0,6,1,5,12,0,0,4,0,0,1,2,1,0,0,0,0,1,0,0,0,2,0,19,3,1,1,0,1,3,1,3,0,5,3,1,0,0,1,8,2,0,0,0,0,0,2,2,0,0,0,3,5,0,0,0,0,1,3,0,1,0,0,1,0,1,2,1,0,2,1,0,0,1,0,0,0,0,3,0,0,2,0,1,1,6,1,0,0,0,0,0,0,0,0,1,0,0,2,2,0,0,0,0,1,0,0,5,1,4,3,0,0,0,0,7,0,0,6,0,1,1,0,1,2,5,0,0,2,1,7,0,2,0,3,3,0,0,1,5,1,8,1,0,0,3,2,1,5,4,0,0,1,3,0,2,8,0,1,5,2,0,1,4,1,1,0,0,1,0,5,0,1,0,0,0,1,0,0,7,0,3,1,0,6,1,3,0,0,0,2,1,0,0,2,1,0,0,11,4,1,1
1,6,3,0,0,0,0,4,1,0,3,7,2,37,0,12,1,0,2,4,1,3,0,1,0,0,0,1,5,1,0,0,0,0,1,0,2,0,0,5,1,7,0,1,2,2,0,1,2,1,0,0,2,2,2,4,1,2,17,0,4,1,0,0,1,1,0,0,0,0,0,1,1,1,0,1,1,5,3,5,0,0,0,0,0,0,0,2,0,0,0,0,0,3,0,0,0,0,0,2,3,7,0,3,0,5,0,1,9,0,0,0,3,0,0,1,3,0,0,2,0,28,2,7,0,0,1,0,0,1,1,0,3,0,0,2,1,1,4,1,0,2,0,0,0,3,1,0,0,0,0,1,2,1,0,0,0,2,0,0,0,1,0,5,2,0,2,0,1,0,0,0,11,0,1,4,4,0,2,2,0,1,3,0,3,0,0,1,5,5,0,0,4,7,0,9,2,1,3,8,4,3,9,2,0,2,0,2,0,2,3,0,0,3,6,0,4,0,3,1,0,1,0,0,2,0,3,1,1,1,0,0,0,6,0,0,3,2,2,0,4,0,2,0,2,0,1,2,3,1,0,0,11,1,0,1
1,0,0,0,0,0,0,0,0,0,1,0,1,0,5,1,0,10,2,0,0,0,1,0,1,2,1,0,1,1,1,2,0,0,5,2,0,2,7,4,2,1,2,0,1,0,0,2,0,4,0,0,0,0,0,0,1,0,1,0,2,1,0,0,0,3,2,0,1,0,3,0,0,0,1,3,0,1,0,3,1,2,0,0,7,0,0,0,0,0,1,0,2,2,2,0,2,0,0,3,0,0,0,0,0,0,1,4,0,0,0,6,0,0,9,1,0,1,5,0,0,0,4,9,0,3,0,4,0,1,0,0,0,0,1,0,0,0,0,0,0,1,3,0,2,0,2,0,1,0,0,0,1,0,0,0,0,0,0,2,3,0,3,3,1,13,2,1,0,1,0,0,3,0,1,3,1,0,11,54,10,2,0,5,3,0,2,0,0,1,5,3,0,0,0,4,4,2,6,5,3,1,2,4,4,11,0,1,0,0,0,0,0,4,0,2,0,6,0,0,2,3,0,4,0,0,10,0,0,6,0,1,7,0,4,3,1,32,0,0,2,0,0,6,1,1,0,5,3,0,7,15,0,0,0,1
0,2,0,5,0,0,0,2,0,0,2,3,8,0,0,0,0,12,2,0,1,0,0,0,1,1,1,1,1,1,1,4,4,2,2,1,0,1,0,1,1,1,3,0,1,0,1,0,1,5,0,0,0,0,0,0,0,0,0,0,1,0,0,0,0,0,1,0,2,0,0,0,0,0,0,0,0,0,0,2,1,0,0,0,0,1,0,0,3,0,1,0,1,1,1,0,1,1,1,0,0,0,2,0,1,1,1,1,0,0,0,4,1,0,0,3,0,0,0,0,5,2,4,0,0,1,0,3,2,2,0,0,2,0,2,1,0,0,0,2,0,1,3,1,1,0,1,0,12,3,0,2,2,5,1,1,0,0,1,0,0,0,0,0,1,2,0,1,1,1,3,1,1,0,1,3,0,0,0,34,15,1,0,0,2,2,2,1,1,1,4,0,2,0,0,1,2,3,5,2,0,2,4,0,1,0,1,4,0,0,2,0,0,1,1,1,0,6,1,0,2,1,0,4,0,2,13,1,3,5,1,0,11,2,8,0,2,19,0,0,1,0,0,1,0,0,0,3,1,3,9,24,2,0,0,1
0,1,0,1,0,1,0,13,1,0,0,1,1,1,6,0,5,13,0,0,0,0,0,2,0,2,3,0,0,1,0,6,0,2,0,3,0,9,4,1,0,0,2,0,1,0,0,3,1,2,0,0,0,0,1,0,0,0,3,0,2,0,0,0,1,3,0,0,0,0,1,9,0,0,0,0,0,1,0,0,1,1,3,0,0,0,0,0,0,0,1,0,2,0,0,0,0,0,1,0,0,0,0,0,0,0,1,0,0,1,0,0,0,0,0,1,1,0,0,0,0,0,0,0,0,0,0,1,1,7,0,0,0,0,0,1,0,0,0,0,4,0,3,1,1,0,1,0,4,1,0,2,3,0,0,1,0,1,1,0,0,1,4,22,1,10,0,0,0,1,8,2,3,0,3,1,0,0,6,42,3,0,0,1,0,0,0,0,2,3,3,1,0,0,0,3,1,0,5,0,1,0,0,0,0,0,31,0,0,0,9,0,0,1,0,0,0,3,0,24,0,2,0,7,0,0,7,0,6,5,0,3,8,1,8,2,0,8,0,0,3,1,3,5,0,0,2,4,1,0,5,5,0,0,0,6
1,2,0,5,0,0,0,0,1,0,6,4,0,0,3,0,6,12,3,1,2,2,2,0,6,7,3,0,2,0,3,1,3,0,0,11,0,3,0,0,1,0,1,0,1,1,1,0,4,0,0,0,1,0,1,0,2,1,1,3,5,1,0,0,10,2,0,0,1,0,0,0,1,0,0,0,0,2,1,1,4,1,0,0,2,0,0,0,3,1,1,1,1,1,0,0,0,0,0,1,0,0,0,0,2,0,0,0,0,0,0,0,2,0,1,0,1,0,0,0,1,0,4,0,3,0,0,5,0,0,0,1,2,0,1,1,1,0,0,0,0,4,4,1,2,0,0,0,0,1,0,1,1,1,0,2,0,0,1,0,2,0,0,3,1,10,0,0,1,1,2,0,3,2,0,1,0,0,9,32,7,0,1,0,8,0,2,0,0,4,9,1,0,0,0,1,2,0,6,0,1,0,6,0,0,0,0,0,0,0,1,0,0,1,2,1,0,1,3,0,0,1,1,3,2,0,15,2,6,14,0,0,10,0,12,0,0,34,0,0,4,0,2,3,0,0,0,2,1,0,4,8,1,0,1,0
0,0,2,1,0,0,0,1,2,1,2,0,0,0,1,0,0,1,6,6,8,2,0,0,0,12,0,1,1,4,0,0,1,0,1,3,1,0,0,1,1,1,0,2,4,30,1,0,1,0,9,0,0,0,0,0,23,0,0,0,1,1,0,1,2,0,0,0,1,0,3,0,3,0,0,0,1,0,2,1,0,0,0,0,0,0,2,0,2,1,0,4,4,3,0,0,0,3,0,0,0,0,1,0,5,0,1,0,1,2,0,0,0,0,0,0,9,0,0,3,0,0,2,2,1,0,0,0,1,5,0,0,1,0,0,0,6,5,3,0,0,0,0,0,0,0,0,0,1,1,0,0,1,0,0,1,0,0,0,11,0,2,1,1,0,0,1,2,0,0,0,1,6,1,1,0,1,0,3,0,0,0,1,1,7,4,0,0,0,14,12,2,1,10,0,5,4,0,0,2,0,0,7,0,0,1,0,0,7,0,0,0,0,0,9,1,0,1,0,0,1,2,1,0,0,0,1,0,4,0,0,2,2,0,0,32,0,1,4,0,4,2,1,1,1,8,1,0,0,1,9,0,0,0,1,0
0,9,3,1,0,2,0,1,1,0,9,2,9,5,4,1,1,6,7,0,0,0,0,1,0,2,2,0,2,2,3,1,0,0,0,2,0,6,0,0,1,1,1,1,1,0,1,0,0,0,0,0,0,0,0,0,0,1,0,0,3,0,0,0,7,2,1,4,1,0,2,1,2,0,1,0,0,2,9,2,1,1,2,1,0,1,0,0,0,0,1,0,0,0,0,0,0,1,2,0,0,0,1,0,0,0,1,1,0,0,2,0,2,0,5,3,1,1,0,0,0,8,5,2,3,2,1,7,0,1,0,0,1,0,1,1,0,1,0,4,0,0,3,0,1,0,0,2,0,3,0,1,0,0,0,0,0,0,0,0,1,1,0,1,1,11,0,0,0,2,1,3,1,0,4,1,0,0,6,25,16,0,0,0,2,2,10,0,1,3,9,1,2,0,1,1,0,2,4,5,1,5,2,0,0,0,0,2,0,1,1,0,0,1,4,0,0,4,2,0,0,3,2,7,1,0,8,0,1,5,0,0,5,2,5,1,1,26,0,0,0,0,2,2,0,0,0,1,0,1,4,14,0,0,1,0
0,0,7,0,1,0,0,2,0,4,1,0,14,0,1,1,0,0,1,15,1,1,0,0,1,6,1,0,0,0,1,19,0,1,9,1,0,3,0,0,1,1,0,2,1,20,2,0,2,0,3,0,0,0,0,0,9,0,0,3,1,1,0,1,0,1,1,1,1,0,0,0,0,0,0,0,0,0,2,2,0,0,0,0,0,0,3,2,1,2,0,0,1,1,1,10,0,1,0,0,0,0,0,0,0,0,1,0,0,0,0,3,1,4,0,1,0,0,0,1,2,0,0,1,0,1,0,0,0,0,0,2,0,0,1,0,0,4,3,0,0,0,0,0,0,0,1,0,0,0,1,0,2,1,0,1,0,0,0,1,0,0,0,2,2,0,0,0,9,0,1,2,1,0,0,0,0,1,0,0,0,0,1,3,2,1,2,1,0,7,4,0,1,1,0,0,0,0,0,0,0,0,2,0,1,0,1,0,2,0,0,0,0,0,0,0,0,0,0,3,0,0,0,0,0,0,3,20,0,10,0,1,4,0,0,49,0,9,1,12,1,1,0,16,1,1,1,0,0,22,4,0,0,0,0,2
0,0,0,3,0,0,0,0,3,0,4,1,0,1,0,0,2,5,0,0,0,0,0,2,0,1,0,0,0,0,2,3,0,0,1,5,0,2,0,0,3,1,0,1,1,12,0,0,2,3,0,0,0,0,0,0,13,0,1,3,4,3,0,1,0,2,1,0,1,0,0,0,1,0,4,0,0,2,4,3,0,2,1,1,0,0,0,1,2,1,1,0,0,0,0,2,0,1,1,0,1,0,0,0,1,1,0,0,0,1,1,7,2,2,0,1,0,0,0,0,4,0,5,1,1,2,0,0,2,5,0,0,2,0,0,1,7,2,4,0,0,0,1,0,0,0,1,0,1,0,0,0,6,1,3,7,0,0,0,2,3,0,8,0,0,6,0,6,0,1,3,2,2,1,0,0,2,0,6,23,4,1,1,1,5,0,1,0,0,3,3,2,0,1,0,1,0,0,3,2,0,1,6,0,0,1,0,0,2,0,1,1,0,1,2,13,0,3,0,2,0,0,0,5,0,0,5,2,3,4,0,0,1,0,4,4,0,24,4,0,0,0,2,8,1,3,8,2,0,4,3,5,0,0,1,2
1,0,4,2,0,0,0,0,0,0,2,1,0,0,6,0,0,12,0,1,0,1,0,0,1,2,1,0,0,0,2,3,0,1,1,2,0,0,3,0,0,0,2,1,1,2,1,0,2,0,3,0,0,0,0,0,7,0,0,0,6,0,2,0,0,5,3,0,0,0,1,1,0,0,0,0,0,1,2,3,0,1,2,1,0,0,0,0,4,1,1,1,0,0,2,2,0,0,0,1,1,0,0,0,2,2,0,0,0,0,2,12,0,0,1,1,0,0,0,0,1,1,7,0,5,1,0,6,1,2,0,1,0,1,3,0,1,0,2,0,0,0,5,0,0,0,0,1,1,1,0,2,0,0,0,0,0,0,0,0,1,0,0,1,1,5,0,1,0,1,0,1,1,0,0,2,0,0,10,23,8,1,0,0,3,0,0,0,0,2,3,0,2,1,0,1,0,10,8,5,7,3,3,1,20,0,0,0,0,1,1,1,0,1,2,3,0,6,0,0,1,2,1,9,0,1,11,1,2,5,1,0,12,1,5,0,0,34,2,0,0,0,1,2,0,3,0,2,2,1,2,5,0,0,0,2
0,0,0,4,0,0,0,0,1,1,4,0,3,13,0,0,13,8,0,0,0,3,0,0,1,1,5,0,0,0,3,2,0,0,1,0,0,0,1,1,0,0,2,0,2,0,0,1,0,1,0,0,1,2,0,1,1,0,2,1,2,0,0,0,0,1,0,0,3,0,0,0,0,0,0,2,0,3,0,1,1,8,3,1,0,0,0,0,0,0,1,0,3,0,1,2,2,0,1,0,0,0,0,0,0,0,0,0,0,2,0,0,1,0,6,1,0,0,1,0,1,0,12,3,0,1,0,0,0,0,0,0,0,0,1,1,2,0,0,0,0,1,2,0,0,0,0,0,0,0,0,1,0,0,0,3,0,0,0,1,0,1,6,3,1,5,0,1,2,1,1,4,1,2,1,1,0,0,17,36,0,0,1,3,1,0,0,0,0,3,1,4,0,0,6,1,1,0,7,1,6,0,0,0,0,2,0,0,1,0,0,0,0,1,0,1,0,2,1,0,0,1,0,4,0,2,10,0,8,2,0,0,7,0,10,0,0,29,0,0,0,0,0,3,0,1,3,2,1,1,7,20,0,0,0,1
0,0,0,5,0,0,0,0,0,1,3,1,5,1,0,0,1,9,0,0,0,1,0,0,1,4,6,0,1,1,1,2,0,5,1,1,1,2,0,0,0,0,2,0,6,1,0,1,0,3,0,1,2,0,0,0,1,2,3,0,1,1,0,0,0,3,0,0,3,1,4,2,0,0,0,0,0,2,0,1,1,6,5,0,1,1,2,0,0,0,1,1,1,0,3,0,2,0,1,0,0,0,0,0,0,0,0,0,2,0,0,0,0,2,1,0,0,0,1,0,1,0,0,2,3,0,0,0,1,1,0,0,1,0,1,1,0,2,0,1,0,4,2,0,3,0,0,0,0,5,0,0,3,5,0,2,4,1,5,0,6,0,0,8,1,10,0,0,0,3,0,0,1,0,0,1,4,0,9,41,6,1,1,0,0,0,0,0,1,10,3,1,2,0,0,2,0,0,5,2,2,0,0,1,0,5,0,1,1,0,6,0,0,3,1,2,1,3,1,0,0,1,0,2,0,2,11,0,2,7,0,10,6,0,7,2,0,15,0,0,0,1,0,2,0,0,0,5,0,1,13,9,1,0,0,2
2,0,1,5,0,0,0,0,0,1,5,2,1,0,2,0,11,8,2,1,0,0,0,0,0,1,1,0,0,2,4,3,0,0,0,13,2,0,0,0,0,0,2,0,1,3,5,0,5,0,1,0,2,0,0,1,0,0,0,2,3,1,0,0,8,3,1,0,0,0,0,0,1,0,3,0,0,0,0,1,1,6,6,0,0,0,0,1,0,0,1,0,1,1,1,1,1,0,0,0,0,0,0,0,2,2,1,1,0,2,0,0,2,0,0,1,0,0,0,0,3,2,0,0,3,3,0,5,1,0,0,0,0,0,2,0,1,0,0,0,0,4,6,1,2,0,0,0,0,0,0,0,1,0,0,1,1,0,0,0,3,0,0,4,1,10,0,0,0,1,3,2,2,1,2,1,2,0,19,33,9,0,0,0,3,1,2,0,0,1,4,3,0,0,0,1,2,0,6,2,1,0,3,1,0,3,0,1,1,0,0,0,0,2,1,0,1,5,1,0,0,1,0,7,0,2,8,1,2,4,1,0,6,1,8,2,1,18,0,0,1,0,0,5,0,0,0,2,0,0,5,10,0,0,0,0
0,3,5,5,0,0,0,0,1,0,5,0,6,1,7,1,11,6,4,0,0,0,4,1,1,4,0,0,0,0,2,1,0,0,0,8,0,0,4,0,1,0,1,0,1,2,0,0,1,0,0,0,0,1,0,1,0,0,2,2,1,0,0,0,0,1,0,0,2,0,0,2,1,0,0,0,0,0,0,3,2,1,3,2,0,2,0,0,1,0,1,0,2,0,1,0,1,2,0,1,0,0,0,0,0,0,1,0,0,3,0,10,1,1,0,2,0,0,0,2,3,1,0,1,0,1,0,0,1,1,0,0,0,0,1,0,0,0,0,0,1,1,2,1,0,0,1,0,0,0,0,1,0,0,0,0,0,0,0,2,3,0,0,1,1,10,0,0,0,3,1,3,1,0,1,1,0,0,12,35,8,2,0,2,5,3,0,0,0,2,2,4,1,0,0,1,0,3,5,1,2,0,1,0,0,0,0,0,0,2,0,0,0,1,2,11,0,3,0,0,1,2,0,7,0,1,11,1,1,3,0,0,3,2,16,1,1,21,3,0,0,3,3,2,0,1,0,4,0,3,6,16,0,1,1,2
3,1,0,4,7,0,1,2,0,0,2,0,3,0,1,3,1,8,0,0,0,0,1,2,0,0,0,3,0,0,1,1,0,0,0,0,0,0,0,0,1,0,2,0,1,0,0,0,2,0,0,0,1,0,0,4,0,0,0,5,2,0,1,1,0,1,1,0,3,1,3,4,0,0,2,0,0,5,0,1,2,2,1,0,0,0,1,0,1,1,2,0,2,0,4,0,2,3,1,1,5,0,2,0,0,0,0,0,0,5,0,0,1,1,1,2,2,0,0,0,0,2,0,2,0,0,2,0,1,1,0,0,13,2,1,8,2,1,0,0,1,0,4,1,1,0,4,0,0,1,1,0,0,0,1,0,0,0,2,4,1,5,2,0,1,8,0,0,0,1,9,3,1,3,1,1,0,0,9,30,2,0,3,6,3,0,1,0,0,2,6,0,0,0,0,1,2,0,4,1,2,0,0,0,0,0,17,1,0,2,2,0,0,1,1,0,0,1,1,0,0,1,0,2,0,6,10,0,0,4,0,5,3,2,16,0,0,15,2,0,1,1,0,5,0,0,8,3,0,0,4,19,0,0,0,1
0,1,1,0,0,0,0,1,0,2,0,0,2,0,0,1,0,1,1,5,2,1,1,0,0,8,0,0,0,0,0,3,1,1,2,1,0,0,6,0,0,2,0,1,4,26,2,0,1,0,5,3,0,0,1,0,14,1,0,1,1,2,3,3,0,0,0,2,0,1,2,0,3,0,1,0,0,0,0,0,0,1,3,1,0,1,2,0,2,3,0,1,1,0,2,0,0,1,0,0,0,0,0,0,0,1,1,0,0,0,1,1,0,6,1,1,3,0,0,0,0,0,0,2,0,1,0,0,4,3,0,2,0,0,1,1,0,5,1,0,0,0,0,0,0,0,0,1,1,3,0,0,1,0,0,10,0,4,2,22,0,0,2,5,0,0,2,2,8,0,3,3,4,0,2,0,1,2,0,1,1,0,1,1,2,3,6,0,0,12,4,2,1,2,0,1,0,0,0,1,0,0,2,0,1,0,0,0,2,0,1,5,0,0,1,1,0,0,0,2,0,6,0,0,0,2,5,10,3,3,1,0,6,0,0,17,0,1,5,5,3,0,0,9,0,10,2,0,1,11,9,0,0,0,1,2
2,3,1,0,2,0,1,3,2,0,5,0,3,22,0,5,0,0,0,2,0,0,0,0,2,1,2,0,5,1,0,0,0,1,3,0,1,0,0,1,10,4,0,1,0,3,1,0,0,0,0,4,0,1,0,0,2,1,8,0,0,1,0,0,1,1,0,0,0,0,1,6,1,2,1,1,0,12,21,0,0,1,1,1,1,2,0,7,2,3,0,0,0,7,2,1,0,2,4,0,3,0,0,0,0,2,3,0,2,0,0,2,2,1,4,0,0,1,0,0,2,0,0,2,0,0,0,0,0,0,0,0,1,8,0,3,1,1,7,1,1,0,6,5,0,4,3,0,2,1,0,4,1,0,0,0,0,4,2,0,0,2,0,1,2,1,2,0,0,4,0,3,6,1,0,0,0,1,1,4,0,0,0,1,6,0,1,2,3,1,0,0,0,2,0,1,1,3,0,5,2,2,5,1,0,1,2,0,0,1,2,0,0,5,2,0,1,2,0,5,0,0,0,0,9,0,3,0,0,0,2,0,0,3,1,1,3,0,0,0,4,0,0,0,1,0,0,0,1,1,0,0,8,2,2,2
1,0,0,3,0,0,0,0,0,0,2,0,2,0,0,0,7,7,1,3,0,4,0,0,0,1,6,0,0,2,5,2,0,0,1,1,0,0,0,0,0,2,2,1,2,1,0,0,1,1,0,0,1,6,0,1,3,0,4,0,5,0,0,0,0,3,1,0,1,0,1,1,2,0,3,0,0,2,0,11,1,3,2,0,2,1,1,0,1,0,2,0,9,0,4,6,5,0,0,1,0,1,0,0,3,0,5,1,0,3,0,0,2,0,0,0,0,0,1,0,0,0,0,1,1,0,0,0,2,3,2,0,0,1,2,0,1,1,0,1,0,0,3,0,0,0,1,0,0,1,0,1,2,0,0,4,0,0,1,4,1,0,0,8,1,3,0,0,0,1,2,1,1,0,2,1,0,0,21,37,7,0,0,6,3,0,0,0,0,2,2,7,0,0,1,2,1,1,6,0,0,0,5,0,1,1,0,1,0,1,0,0,1,1,0,0,0,2,7,2,1,1,2,3,0,7,12,0,0,5,0,1,2,0,9,0,1,18,1,0,1,0,1,3,0,0,4,3,2,0,5,10,3,0,0,1
0,0,0,4,0,0,0,0,0,0,0,0,0,0,1,0,0,7,1,0,2,1,0,2,2,4,0,2,0,0,0,0,0,0,0,0,0,0,0,0,0,1,3,1,4,1,0,7,1,4,0,1,1,0,0,0,0,1,1,0,1,2,0,0,0,2,1,0,4,0,2,2,0,0,0,0,1,3,0,0,4,3,4,1,5,1,1,0,2,0,1,1,1,0,0,1,5,0,3,1,1,0,1,0,1,1,1,0,0,0,0,0,1,2,0,1,1,1,2,0,3,1,0,2,4,0,0,0,0,1,0,0,0,0,0,2,1,2,0,0,0,2,1,0,3,0,0,0,0,0,0,1,1,3,0,0,0,0,0,0,4,1,1,10,1,7,10,0,0,2,0,3,2,0,3,2,0,0,8,43,9,0,0,0,3,1,1,0,0,2,6,1,0,0,0,3,0,0,3,1,3,0,3,0,0,5,0,1,0,1,4,0,0,1,1,1,0,6,0,0,2,2,0,1,0,0,7,2,0,6,0,7,4,1,7,4,1,13,0,0,4,6,0,0,0,1,2,1,1,1,2,9,0,0,1,2
1,0,0,1,0,1,0,0,0,0,1,3,1,0,2,0,0,4,3,1,0,0,0,0,1,0,0,0,1,4,0,0,0,0,0,3,0,3,4,0,0,0,1,1,2,2,0,8,1,3,0,0,0,0,2,0,0,0,0,0,2,0,0,0,1,0,0,0,3,0,10,1,0,2,0,0,0,0,0,0,1,2,2,0,4,0,0,0,3,0,1,0,0,0,2,0,4,1,1,0,3,1,0,0,3,4,2,1,0,3,3,11,0,0,3,1,0,1,2,0,2,2,13,3,3,0,0,0,0,0,0,0,0,0,0,2,0,0,0,0,0,0,1,0,1,0,0,0,0,0,0,0,0,0,0,0,0,0,0,1,4,0,0,0,1,9,3,0,1,3,2,2,2,0,0,1,0,0,11,43,6,1,0,1,0,0,1,0,2,3,12,0,0,0,0,1,0,0,4,5,1,1,5,0,1,4,0,1,3,0,0,0,0,1,1,10,0,4,0,0,0,2,1,0,0,3,16,2,1,2,0,0,4,0,8,2,0,19,0,0,3,6,1,2,0,0,0,1,0,0,4,11,1,0,0,1
0,0,1,2,0,0,0,0,0,1,2,0,2,0,0,1,1,8,3,1,1,0,1,0,0,3,2,1,4,2,0,0,0,0,1,0,0,0,3,2,0,0,1,0,4,0,1,2,0,3,0,0,3,1,0,0,0,2,0,0,2,1,0,0,0,3,0,0,4,0,0,1,0,0,0,1,1,2,2,2,1,1,2,2,1,0,0,0,1,2,1,0,2,0,1,0,8,1,5,2,0,2,0,0,0,0,3,1,1,1,0,0,0,0,5,3,3,0,3,0,1,0,6,5,0,0,0,1,0,0,0,0,1,0,0,0,0,0,0,1,0,3,7,0,0,0,1,0,0,0,0,0,2,5,0,3,0,0,0,0,1,1,0,0,1,12,0,0,1,1,1,3,1,2,2,2,0,0,4,37,16,0,0,0,3,0,6,0,2,4,9,8,0,1,0,1,0,0,7,0,3,2,1,0,0,3,1,0,0,0,3,0,1,3,0,2,2,3,1,0,0,1,0,2,0,3,7,0,0,6,0,1,3,2,9,0,1,14,0,0,1,0,1,4,0,0,3,0,0,0,1,19,2,0,0,3
1,0,0,4,0,0,0,0,0,1,0,2,1,0,1,0,3,8,0,0,0,1,0,0,2,0,4,0,0,0,2,2,1,2,1,3,0,0,3,0,0,1,1,0,3,0,1,3,0,2,0,0,2,0,0,0,0,0,1,0,4,0,0,0,4,1,0,0,2,0,0,0,0,0,2,0,0,0,0,2,1,4,3,0,0,4,0,0,0,0,1,0,1,0,1,1,2,0,0,0,0,1,0,0,2,3,2,6,0,1,0,2,2,1,3,1,2,0,2,0,0,0,13,3,10,4,1,4,0,0,0,0,0,0,3,3,0,0,0,0,0,0,4,0,0,0,0,0,0,2,1,2,1,3,0,0,0,0,0,0,0,1,0,0,1,7,0,0,1,1,0,1,1,2,1,1,0,0,5,22,16,2,0,0,0,2,1,0,0,4,6,0,1,0,1,1,0,0,8,4,2,2,7,0,3,5,0,0,0,0,0,0,0,5,1,3,2,4,2,1,0,1,7,4,0,1,11,0,0,2,0,0,5,1,7,0,0,33,0,0,4,0,0,3,1,0,0,2,3,0,1,15,0,0,0,1
0,0,1,2,3,0,0,2,0,2,6,0,0,0,1,3,1,0,4,7,5,1,0,0,3,0,1,1,1,5,0,2,4,1,1,3,1,0,0,2,1,0,0,0,5,25,2,0,1,0,3,0,0,0,0,2,13,1,0,1,1,1,2,0,0,1,6,5,0,4,0,5,4,6,3,0,0,3,1,2,0,0,0,1,0,0,0,0,1,9,0,0,1,1,0,2,0,1,0,0,0,7,0,1,1,3,6,0,0,0,0,2,0,0,1,1,0,0,0,0,0,0,0,2,1,1,1,0,1,2,0,1,0,0,0,0,0,2,2,0,0,2,1,0,1,0,0,0,1,0,2,0,0,0,1,5,1,0,2,1,3,1,0,7,0,0,2,2,0,0,2,0,2,1,0,0,1,0,3,1,0,2,2,2,2,5,1,0,0,3,2,0,1,2,0,0,0,0,0,0,0,0,2,0,0,1,0,0,2,0,0,1,0,1,1,1,0,0,0,0,1,0,0,0,0,0,2,6,0,1,0,0,7,0,0,46,2,3,2,0,11,3,0,2,0,3,2,0,3,4,6,0,0,1,0,2
0,1,0,0,0,0,0,2,0,1,0,3,0,0,0,0,1,1,1,2,0,3,1,0,0,2,0,0,1,0,0,3,0,0,0,1,0,1,1,0,1,0,6,0,1,16,4,0,1,0,1,1,0,0,1,1,12,0,0,0,1,2,0,0,2,0,0,0,0,2,6,0,0,0,1,0,1,1,1,3,1,0,4,2,0,0,0,1,2,0,0,0,5,3,0,2,4,3,1,0,0,0,0,0,0,0,2,0,0,0,0,0,20,0,0,1,0,4,0,0,1,0,0,3,0,6,0,0,1,0,3,0,0,0,2,0,0,0,2,1,0,0,1,1,0,0,2,5,9,2,0,0,5,0,3,0,0,0,1,0,1,0,0,1,0,1,0,1,0,1,5,0,2,2,0,1,0,0,0,3,0,0,2,0,0,3,1,0,0,5,6,1,1,0,0,1,1,0,2,1,0,1,2,0,1,0,2,0,1,0,2,0,0,0,4,2,1,6,0,0,0,0,0,0,0,0,6,7,2,3,1,0,10,1,3,18,3,12,2,0,3,0,2,3,0,12,5,0,1,0,0,0,1,0,0,0
7,1,1,0,5,0,0,1,0,1,1,2,0,0,0,0,2,0,4,2,0,2,0,0,1,12,1,0,1,0,0,1,1,4,4,5,2,6,13,0,2,0,0,0,4,25,1,1,1,3,4,2,0,1,2,0,14,0,2,1,1,4,7,3,0,0,0,0,2,3,5,0,0,1,0,1,1,3,8,2,0,0,1,1,0,0,0,0,4,5,0,2,2,1,0,3,2,1,0,2,0,9,0,1,0,2,0,0,0,0,0,1,2,1,1,0,6,2,0,4,0,0,0,1,1,0,0,0,1,0,1,1,0,1,2,0,4,1,2,0,0,1,0,1,0,7,1,0,0,1,0,1,0,1,0,0,0,2,0,0,1,0,1,1,0,0,0,2,2,0,6,0,2,0,1,1,2,0,1,0,0,1,1,0,2,7,0,1,2,6,4,13,4,2,0,1,0,0,0,1,0,3,2,0,0,0,0,0,2,0,0,0,0,0,0,0,3,1,0,0,2,1,0,0,0,2,1,1,2,0,6,6,2,0,0,2,1,1,12,0,4,0,1,0,0,5,3,3,0,5,2,1,0,0,1,1
0,1,3,0,3,0,0,1,0,5,0,0,1,0,2,4,0,0,3,3,3,2,0,0,1,2,0,0,3,0,0,3,1,0,6,1,0,0,0,0,3,0,1,0,0,22,1,0,1,0,9,0,0,0,0,2,9,0,0,0,1,2,0,1,2,0,0,1,0,1,0,0,0,0,1,0,0,2,2,1,0,0,4,3,0,0,0,0,3,3,0,0,1,2,0,2,0,1,0,0,1,0,0,1,1,1,4,3,0,0,0,2,0,7,0,1,1,0,0,0,0,2,0,0,0,0,3,0,2,0,0,2,0,0,0,0,3,5,4,0,0,1,0,0,1,5,0,1,0,1,1,0,1,0,0,6,0,0,1,20,1,1,0,1,1,0,2,3,3,0,1,0,1,0,0,0,3,0,0,0,0,0,0,2,1,2,1,2,0,10,3,1,4,4,0,1,1,0,0,0,0,1,2,0,0,0,0,1,2,0,0,3,0,0,1,0,0,1,0,0,0,6,0,0,4,0,4,7,3,5,0,0,5,0,0,48,0,0,1,3,7,0,0,3,2,8,1,0,3,10,8,0,0,0,0,2
0,1,1,0,0,0,0,1,0,2,0,0,0,8,0,0,0,2,3,0,0,1,0,0,2,0,1,0,0,0,0,5,0,1,5,2,0,0,1,4,3,0,0,0,0,24,1,0,1,3,6,0,0,0,0,0,17,0,8,0,1,1,2,2,1,0,0,1,1,0,0,0,0,6,0,0,0,7,1,9,0,0,6,1,0,3,0,0,4,4,0,1,3,1,0,4,0,1,0,0,0,0,0,1,1,0,3,0,0,4,0,0,1,0,1,1,0,2,0,1,0,0,1,0,0,0,5,0,3,0,1,2,0,1,3,0,2,1,1,0,0,0,0,0,0,0,0,1,3,0,0,0,2,0,2,0,0,0,0,3,0,1,0,4,4,0,2,1,0,0,3,0,2,2,0,6,0,1,2,0,0,1,1,0,7,4,1,2,0,10,14,1,1,4,0,4,0,0,0,2,0,0,9,2,0,0,1,0,2,0,0,0,0,0,0,0,1,0,0,0,2,0,0,0,0,0,0,6,6,4,0,0,3,0,0,15,0,0,4,0,1,1,0,5,0,13,0,0,0,16,7,0,1,0,0,4
0,0,5,0,0,0,0,1,5,2,0,0,0,0,1,3,0,0,1,0,0,1,0,1,0,3,0,0,0,0,0,0,0,0,2,1,2,0,2,0,2,0,0,1,0,24,1,0,1,0,9,0,0,0,0,0,16,0,1,1,1,1,2,2,1,0,0,0,0,0,0,0,0,0,0,3,0,1,7,0,0,0,0,1,0,0,0,0,5,5,0,0,0,0,0,2,0,1,0,2,1,0,0,1,0,0,2,2,0,0,0,4,0,3,0,0,0,0,0,0,0,2,0,3,0,0,0,0,1,1,0,6,0,0,1,1,5,4,5,1,0,0,0,0,0,1,1,0,1,2,0,0,0,1,0,8,1,0,0,21,0,2,2,2,0,0,0,1,0,1,2,0,2,1,0,0,2,0,1,1,0,0,0,0,8,1,0,0,0,3,11,1,2,15,0,2,6,0,0,1,0,1,9,0,1,0,0,0,5,0,0,0,0,0,0,0,0,3,0,1,0,3,0,0,0,1,0,0,1,1,0,0,4,0,0,35,0,1,2,5,4,0,0,3,0,10,3,0,1,7,1,0,0,0,0,0
0,0,0,0,0,0,0,1,0,3,0,0,0,0,1,0,1,0,1,1,4,1,0,0,0,3,0,0,2,4,0,7,0,0,1,1,1,0,1,0,3,0,2,0,2,21,0,0,1,0,7,1,0,0,0,0,14,0,0,1,1,1,2,4,0,2,0,0,0,2,0,0,2,0,0,0,0,0,8,11,0,0,0,1,0,0,0,1,12,3,0,0,4,0,0,0,0,1,0,1,0,0,0,0,0,0,3,0,0,0,0,2,0,0,1,2,1,0,0,0,0,0,0,0,0,0,1,0,0,1,1,0,1,0,2,0,0,2,3,1,0,0,0,0,0,0,0,0,1,0,0,0,1,0,0,3,1,0,0,20,0,0,1,5,1,0,1,3,4,0,0,0,1,0,0,0,0,0,3,0,0,0,1,3,3,0,1,0,0,11,9,0,1,1,1,1,5,0,0,0,0,0,2,0,0,0,1,1,2,0,1,1,2,0,4,1,0,0,0,0,0,6,0,0,3,3,0,9,3,1,0,7,6,0,1,43,0,0,3,8,0,0,0,3,1,4,1,0,1,12,2,0,0,0,0,0
1,0,1,0,0,0,0,1,0,2,2,0,3,0,1,0,0,0,2,1,0,1,0,0,0,0,0,1,0,0,1,1,0,2,0,1,1,1,0,1,0,1,0,0,1,23,4,0,1,0,4,0,0,0,0,1,10,0,0,0,1,3,1,2,0,1,2,0,0,0,0,0,3,0,0,0,0,1,0,1,0,0,0,1,0,0,0,0,1,3,0,0,2,0,0,0,0,1,0,3,1,0,0,1,0,0,1,0,1,0,0,0,0,0,0,0,3,0,0,0,0,0,0,0,0,0,1,0,5,2,7,3,0,0,1,1,4,5,2,2,1,1,0,1,1,0,0,0,0,0,0,0,8,0,0,19,0,0,14,29,0,1,0,3,1,0,3,2,0,0,1,0,3,0,1,2,1,0,4,1,0,2,0,0,1,1,0,0,0,13,15,2,1,4,0,1,2,0,0,3,0,0,2,1,2,0,2,0,2,0,0,0,0,1,0,0,0,0,0,0,0,0,0,0,0,1,2,2,3,0,0,1,5,0,0,40,0,0,4,2,1,2,0,0,0,6,1,0,0,2,8,0,0,0,0,1
0,1,0,1,1,0,0,0,1,1,1,1,0,1,0,0,0,6,1,0,0,1,0,0,0,1,0,0,0,0,1,1,2,2,1,3,2,0,0,0,5,0,0,1,2,19,1,0,1,1,1,0,0,1,0,1,11,0,0,2,4,0,3,1,0,0,0,0,3,0,0,1,0,0,0,4,0,2,5,5,0,2,3,0,0,0,0,0,6,0,1,0,0,0,0,0,0,2,0,1,0,0,0,1,2,1,0,1,0,0,1,1,0,1,0,2,2,0,0,0,1,2,4,0,2,0,0,0,0,0,0,1,0,0,1,1,5,0,6,0,1,0,4,0,1,1,3,1,4,0,0,1,0,0,0,0,0,0,0,8,0,0,0,0,1,4,0,1,0,1,3,0,0,2,0,0,1,0,3,20,8,0,2,4,0,0,0,1,0,4,6,0,0,8,0,1,0,0,6,4,1,0,2,0,5,1,1,0,4,4,1,0,0,2,0,1,0,3,1,0,0,3,0,2,0,1,8,0,1,4,0,0,3,0,4,2,0,26,4,3,4,3,0,1,0,4,2,0,4,1,0,0,2,0,0,3
0,0,0,0,3,0,0,2,0,2,0,1,0,12,0,1,0,2,2,2,0,2,0,0,1,0,1,0,2,0,1,0,1,1,0,1,0,0,0,2,7,1,0,2,0,12,1,0,1,0,0,1,0,0,1,2,12,0,5,3,1,2,0,1,1,0,6,0,5,0,0,0,3,0,0,0,0,1,2,5,0,0,0,2,0,0,0,0,5,0,0,0,1,1,0,1,0,1,0,3,2,0,0,0,0,0,3,0,0,0,0,0,0,5,0,1,1,0,0,0,2,0,0,2,0,0,1,2,1,0,1,0,0,0,3,0,0,3,2,0,2,0,0,0,2,10,0,0,3,0,0,0,0,0,0,10,7,0,7,3,0,1,1,3,0,1,5,2,6,0,1,1,5,1,1,1,0,1,0,0,0,1,1,1,3,1,1,0,0,5,4,1,1,4,0,6,0,1,0,1,0,0,2,2,1,0,0,0,2,0,0,2,0,0,1,0,2,0,0,0,7,2,0,0,1,0,2,1,0,0,1,1,0,3,0,11,1,0,1,0,8,2,1,2,1,5,1,1,1,2,8,1,4,0,2,0
0,0,0,5,0,0,0,0,0,0,0,0,0,0,0,0,1,7,2,1,2,1,0,1,0,0,0,0,1,1,5,2,0,0,0,1,0,0,0,2,1,1,1,1,1,0,0,2,1,0,0,0,0,1,0,1,1,1,2,4,5,2,0,0,0,1,1,0,2,0,0,0,0,0,1,1,0,4,0,0,1,3,4,0,0,0,0,0,3,0,1,1,1,0,0,0,0,0,1,1,0,0,0,0,0,0,1,1,0,2,0,0,1,0,0,0,0,0,0,0,1,1,6,1,0,1,1,0,0,1,0,0,3,2,1,2,1,1,0,3,0,0,7,0,2,0,3,1,3,0,1,1,1,3,0,2,0,0,2,2,0,0,0,0,1,7,1,0,0,2,0,0,5,0,1,2,0,0,15,25,10,0,2,2,0,0,0,0,0,1,5,1,1,0,0,1,1,0,8,3,5,0,4,0,0,3,0,0,1,0,2,0,1,1,1,0,0,3,5,0,1,1,2,7,1,3,9,0,1,3,0,0,5,1,12,0,1,23,2,0,1,0,1,0,0,0,1,2,1,0,3,14,1,0,0,3
0,1,1,1,0,0,1,2,0,1,0,3,0,0,0,0,0,3,3,3,0,0,0,1,3,2,0,0,1,1,2,5,5,0,0,3,0,0,5,0,1,0,1,0,2,12,5,2,2,0,1,0,0,0,0,0,6,2,0,1,3,1,2,0,1,0,1,2,2,3,4,1,2,0,0,0,2,6,5,3,0,2,5,1,0,0,0,0,4,1,0,0,1,0,0,2,0,2,0,0,0,0,0,0,3,0,1,2,0,0,1,0,0,0,1,0,2,0,2,0,5,1,3,3,2,10,1,0,1,0,0,0,0,0,0,0,2,2,2,0,0,0,2,0,0,0,0,1,1,1,0,2,1,1,0,0,0,0,0,0,0,6,0,1,0,0,1,2,1,2,5,0,1,0,0,0,3,0,0,15,3,0,2,0,0,1,1,0,0,7,3,0,1,2,1,1,1,0,2,1,3,0,8,0,0,7,0,0,2,0,1,0,0,0,2,0,0,2,0,2,1,0,0,0,1,0,3,2,1,6,1,2,1,0,0,2,0,16,2,1,4,2,0,0,0,5,3,0,2,2,10,0,0,0,3,1
0,2,0,0,0,0,0,2,2,2,2,0,0,0,1,0,0,0,5,0,1,1,0,0,1,0,0,2,0,0,1,0,0,2,2,1,0,2,1,2,2,0,0,1,0,27,2,0,1,0,7,0,0,0,1,0,13,1,0,0,1,2,0,1,0,0,5,0,0,0,0,4,0,0,5,0,2,2,1,2,0,0,0,3,0,0,0,0,8,2,0,0,0,0,0,0,0,1,0,0,0,0,0,0,0,0,3,0,0,0,0,2,0,1,0,0,1,0,0,0,0,0,0,0,1,0,2,0,1,4,1,0,0,0,0,0,4,7,2,0,0,1,0,0,1,0,0,1,0,0,0,0,3,1,0,5,4,0,0,18,0,4,1,3,0,0,1,0,0,0,0,0,1,1,0,0,1,0,1,0,0,0,0,0,6,0,2,0,0,7,10,0,1,5,1,3,5,0,0,0,1,0,6,2,1,1,0,0,5,0,0,0,0,1,0,0,0,0,0,0,0,0,0,0,0,1,2,1,1,5,0,1,2,0,2,39,0,0,2,5,6,1,1,6,0,3,4,0,3,0,5,0,0,3,0,0
0,0,1,0,0,0,0,1,1,3,1,1,0,0,1,0,0,0,4,7,1,1,1,0,0,0,0,1,1,0,0,0,0,0,5,1,2,0,0,0,1,0,0,0,3,34,2,0,1,0,5,0,0,0,1,0,22,0,1,2,1,2,2,1,0,0,0,0,0,0,1,0,0,0,2,0,0,4,2,5,0,0,0,0,0,0,0,0,2,4,0,0,3,0,0,6,0,1,0,3,0,0,0,1,0,0,1,0,0,1,0,1,2,8,1,0,2,0,0,0,0,0,0,4,0,0,0,0,0,3,0,0,0,0,0,0,0,0,2,0,0,0,0,0,0,1,0,0,0,0,0,2,0,0,1,3,0,0,0,11,0,0,0,2,1,0,2,0,0,0,1,0,4,2,0,0,1,0,1,0,0,0,1,0,4,0,2,0,0,11,10,3,1,5,0,3,1,0,0,2,0,0,7,0,0,0,1,0,4,0,0,3,0,0,10,0,1,0,0,0,0,0,0,0,3,1,1,2,3,0,0,0,5,0,0,42,0,0,0,0,4,1,6,13,0,3,0,0,1,4,5,0,0,0,0,3
0,0,2,1,0,0,0,0,0,0,6,6,0,0,0,0,6,6,4,0,0,0,1,1,3,0,0,1,2,0,0,1,0,0,1,0,0,0,6,1,0,0,1,0,4,0,0,0,0,3,0,0,0,0,0,0,0,0,0,0,2,0,0,0,9,1,0,0,2,0,0,0,0,0,6,0,0,0,5,0,1,4,4,0,6,0,0,0,0,0,2,0,3,0,3,0,6,0,0,2,3,2,0,0,0,1,0,0,2,0,0,0,0,1,7,2,2,0,5,0,0,1,9,3,1,0,0,5,0,0,0,0,0,0,1,0,0,1,0,0,0,0,5,0,0,0,1,0,0,1,0,1,3,1,0,0,0,0,0,0,0,0,7,0,1,7,0,1,0,1,3,0,1,0,1,2,0,0,11,31,2,1,0,0,2,0,0,0,1,6,4,2,1,0,2,1,0,0,3,0,1,1,0,0,0,5,0,0,1,0,3,0,0,6,0,2,1,0,4,0,1,1,1,2,0,0,6,0,6,4,0,0,5,0,4,3,0,29,0,0,0,0,0,0,0,0,0,1,0,0,2,15,3,0,0,0
0,0,0,0,0,0,0,1,2,7,0,0,0,0,1,5,0,0,1,1,0,3,0,1,1,2,0,0,0,0,0,0,0,1,12,1,1,0,0,0,3,0,0,0,0,24,2,0,1,0,9,0,0,0,0,0,19,1,0,0,1,3,2,0,0,1,1,0,0,8,1,0,0,0,0,0,0,1,8,1,1,0,0,3,7,0,0,0,1,4,0,0,6,1,0,0,0,1,0,1,0,0,0,0,0,0,2,0,0,5,0,3,0,0,0,0,0,0,0,0,0,0,0,2,0,0,0,0,0,2,4,0,0,0,2,0,2,2,1,0,0,0,0,0,0,0,0,0,0,0,0,0,2,0,1,1,0,0,0,22,0,1,1,0,0,0,0,1,0,0,1,0,2,0,0,7,2,0,0,0,0,0,0,4,4,0,0,0,0,6,14,0,1,5,0,3,3,0,0,1,0,0,9,1,1,0,0,0,5,0,0,1,0,0,4,0,1,1,0,0,0,1,0,0,0,0,0,0,3,1,0,3,4,0,4,36,1,1,2,0,2,0,0,0,0,10,2,0,0,0,1,0,0,0,0,0
0,0,0,0,0,0,0,1,0,1,0,0,0,0,1,0,0,0,3,4,0,2,0,0,1,1,0,0,0,0,0,1,0,2,0,1,0,0,1,1,0,1,0,0,0,18,0,0,1,0,10,0,1,0,0,1,11,1,0,0,1,3,0,1,2,0,0,0,3,0,0,2,0,0,0,0,0,1,0,1,1,0,5,1,0,0,0,0,3,3,0,3,1,0,0,2,0,1,0,0,1,0,0,0,0,0,2,0,0,0,0,0,0,0,0,0,0,0,1,0,0,0,0,0,1,0,3,0,0,0,4,2,0,0,4,5,10,1,1,0,0,0,0,0,2,0,0,6,0,0,0,0,0,0,0,8,8,0,1,16,0,0,1,3,0,0,1,2,0,0,1,0,5,1,0,7,0,0,0,0,0,0,0,3,4,1,0,0,0,8,23,1,1,9,0,2,3,0,0,1,0,0,4,1,1,0,1,0,4,0,1,0,0,0,16,0,0,0,0,0,0,4,0,0,2,0,0,5,1,0,0,1,1,0,0,36,1,0,0,7,1,1,0,0,2,7,0,0,0,0,2,0,0,0,1,1
1,0,1,5,0,0,0,1,0,0,2,1,0,0,7,0,6,5,0,0,1,2,0,1,0,5,2,0,0,2,5,1,0,0,1,1,1,2,1,0,1,1,1,0,2,0,0,0,2,1,0,1,1,0,0,1,0,1,1,1,1,1,0,0,0,0,0,0,3,0,0,1,1,0,1,0,0,5,0,3,3,4,1,0,0,0,0,0,0,0,1,1,2,1,1,0,1,1,0,0,0,2,0,0,0,0,2,0,0,2,0,2,0,0,0,1,0,0,0,0,0,0,8,2,0,0,0,1,1,0,0,0,0,0,1,0,2,1,0,0,0,0,3,0,0,0,1,0,0,1,0,4,0,1,0,2,0,0,0,3,1,1,0,2,2,5,0,0,0,1,5,2,2,0,2,1,0,0,14,34,7,0,2,4,2,0,3,0,0,1,3,2,0,0,0,1,1,0,6,1,3,1,2,0,6,3,0,0,0,1,0,1,0,1,0,1,0,3,0,0,0,1,1,8,1,0,8,0,0,3,1,0,2,2,7,0,1,21,0,1,0,0,0,2,0,1,1,0,2,0,9,13,0,0,0,0
0,0,0,3,0,0,0,0,0,0,1,0,1,6,0,0,13,5,1,0,0,0,2,2,1,1,0,2,0,0,4,2,2,0,3,4,0,0,4,0,0,0,2,0,1,0,3,1,1,1,0,1,2,0,0,0,0,0,0,0,1,0,0,0,1,4,0,0,0,0,4,0,0,0,0,0,0,1,0,1,1,2,1,0,2,1,0,0,1,0,1,1,1,0,2,0,0,0,0,1,1,0,0,0,0,1,1,0,2,0,0,14,0,1,0,0,0,0,0,0,2,2,1,1,0,0,0,2,1,3,0,0,4,2,2,0,0,1,0,0,0,0,1,1,1,0,0,0,1,1,0,0,0,0,0,1,0,0,1,0,1,0,1,0,1,11,1,0,0,2,0,0,3,0,2,1,0,0,6,27,13,0,0,0,1,0,0,0,1,0,1,3,0,0,0,1,0,0,4,1,6,1,5,0,0,3,2,0,0,0,1,2,0,1,0,7,1,2,0,0,0,1,3,4,0,5,8,1,1,5,0,0,2,0,7,0,2,19,0,0,0,0,0,0,0,1,0,2,0,1,9,8,0,0,0,2
0,0,0,0,10,0,0,2,0,2,2,0,2,0,1,0,0,0,2,7,3,2,0,0,1,0,0,1,6,0,3,5,1,0,10,1,2,0,0,0,2,0,0,1,3,25,3,0,1,0,6,0,0,0,1,0,14,0,0,0,1,2,0,1,0,0,0,2,0,1,1,0,2,0,0,0,0,5,0,4,0,0,0,3,0,0,0,0,8,1,0,0,0,0,0,1,0,2,0,0,0,0,0,1,0,0,3,1,0,0,0,0,0,1,0,0,2,0,0,0,1,0,1,2,0,0,3,0,0,0,5,1,0,0,0,2,1,5,2,0,0,0,0,0,0,0,0,0,0,1,1,0,1,0,0,3,2,0,1,0,0,4,0,2,0,0,0,1,0,0,0,0,1,0,0,0,0,0,0,0,0,0,0,0,5,0,0,0,1,7,8,0,1,4,0,0,3,0,0,1,0,0,3,0,0,0,0,1,2,0,0,0,0,0,0,0,0,0,0,0,0,0,0,0,0,1,2,2,5,11,4,1,5,0,0,41,0,0,4,0,7,1,2,7,0,4,3,1,1,7,3,0,1,0,0,2
0,0,0,0,0,2,0,0,0,0,0,0,0,0,0,0,0,0,0,1,0,0,0,0,0,0,0,0,0,0,0,0,0,0,0,0,0,0,0,0,0,0,1,0,1,0,1,0,0,0,0,0,0,0,0,0,0,1,0,0,1,2,2,0,0,0,0,0,0,0,0,0,0,0,0,0,0,0,0,0,0,0,0,0,0,0,0,0,0,0,1,1,0,0,0,0,0,0,0,0,0,0,0,0,0,0,0,0,0,0,0,0,0,0,0,0,0,0,0,0,0,0,0,0,0,0,0,0,0,0,0,0,0,0,0,0,0,0,0,0,0,0,0,0,0,0,0,0,0,0,0,0,0,0,0,0,0,0,0,0,0,0,0,0,0,0,0,0,0,1,0,0,1,0,1,0,0,0,0,0,0,0,0,0,0,0,0,0,0,0,0,1,0,0,0,1,0,0,1,0,0,0,0,0,0,0,0,0,0,0,0,0,0,1,0,0,0,0,0,1,0,0,0,0,0,0,0,0,0,0,0,0,0,0,1,0,0,0,0,0,0,0,0,0,0,0,0,0,0,0,0,1,0,0,0,0
0,0,0,0,0,0,0,0,1,1,0,0,0,0,1,0,0,0,2,0,0,0,0,0,1,0,0,0,1,0,0,0,0,0,1,0,0,0,0,0,0,0,0,0,0,4,1,0,1,0,0,0,0,0,0,0,2,0,0,0,1,0,0,1,0,0,0,0,0,0,0,0,0,0,0,0,0,0,0,0,0,0,0,0,0,0,0,0,0,1,0,0,0,0,0,0,0,1,0,0,0,0,0,0,0,0,1,0,0,0,0,0,0,0,0,0,0,0,0,0,0,0,0,0,0,0,0,0,0,0,0,0,1,0,0,0,1,0,0,0,1,0,0,0,0,0,0,0,1,0,0,0,0,0,0,0,0,0,0,0,0,0,0,0,0,0,0,0,0,0,0,0,0,0,0,0,0,0,0,0,0,0,0,0,0,0,0,0,0,0,0,0,1,1,0,0,0,0,0,0,0,0,1,0,0,0,0,0,0,0,0,0,0,0,0,0,1,0,0,0,0,0,0,0,0,0,0,0,0,0,0,0,0,0,0,1,0,0,0,0,1,0,0,0,0,0,0,0,0,0,1,0,0,0,0,0
0,0,0,0,0,0,0,0,0,0,0,0,1,0,0,0,2,2,0,0,0,0,0,0,0,0,1,0,0,0,0,0,0,0,0,0,0,0,0,0,0,0,1,0,1,0,0,0,0,0,0,0,0,0,0,0,0,0,0,0,1,0,0,0,2,1,0,0,0,0,2,0,0,0,0,0,0,0,0,0,0,0,0,1,0,0,0,0,0,0,1,0,0,0,0,0,0,0,0,0,0,0,0,0,0,0,0,0,0,0,0,0,0,0,0,0,0,0,0,0,0,0,0,0,0,0,0,0,0,0,0,0,0,0,0,0,0,0,0,0,0,0,0,0,0,0,0,0,0,0,0,0,0,0,0,0,0,0,0,0,0,0,0,0,0,0,0,0,0,1,0,0,0,0,1,0,0,0,0,3,0,0,0,0,0,0,0,0,0,0,1,0,0,0,0,0,0,0,0,0,0,0,0,0,0,0,0,0,0,0,0,0,0,0,0,0,0,0,3,0,0,0,0,2,0,0,1,0,0,0,0,0,0,0,1,0,0,0,1,0,0,0,0,0,0,0,0,0,0,0,0,1,0,0,0,1
0,0,0,0,0,0,0,0,0,0,0,0,0,0,0,1,1,1,1,0,0,0,0,0,0,0,0,0,0,0,0,0,0,0,0,0,0,0,0,0,0,0,1,0,1,0,0,0,0,0,0,0,0,0,0,0,0,0,0,0,1,0,1,0,0,0,0,0,0,0,1,0,1,0,0,0,1,0,0,0,0,0,0,0,0,0,0,0,0,0,1,0,0,0,0,0,0,0,0,0,0,0,0,0,0,0,1,0,0,0,0,0,0,0,0,0,0,0,0,0,0,0,0,0,0,1,0,0,0,0,0,0,0,0,0,0,0,0,0,0,0,0,0,0,0,0,0,0,0,0,0,0,0,0,0,0,0,0,0,0,0,0,0,0,0,0,0,0,0,1,0,0,0,0,1,0,0,0,1,3,0,0,0,0,1,0,1,0,0,0,0,0,0,0,1,1,1,0,0,0,0,0,0,0,0,0,0,0,0,0,2,0,0,1,0,0,0,0,1,1,0,0,0,2,0,0,0,0,0,0,0,0,0,0,0,0,0,0,0,0,0,0,0,0,0,0,0,0,0,0,0,0,0,0,0,0
0,0,0,0,0,0,0,0,1,1,0,0,0,0,1,0,0,0,1,0,0,1,0,0,0,0,0,1,0,0,0,0,0,0,2,0,0,0,0,1,0,0,0,0,0,4,0,0,1,0,0,0,0,0,2,0,3,0,0,0,1,0,0,0,0,0,0,0,0,0,1,0,0,0,0,0,2,0,0,0,0,0,0,0,0,0,0,0,0,1,0,0,0,0,0,0,0,1,0,0,0,0,0,0,0,0,1,0,0,0,0,0,0,0,0,0,0,0,0,0,0,0,0,0,0,0,0,0,0,0,0,0,0,0,1,0,0,0,0,0,0,0,0,0,0,0,0,0,0,0,0,0,0,0,0,0,0,0,0,0,0,0,0,0,0,0,0,0,0,0,0,0,1,0,0,0,0,0,0,0,0,0,0,0,0,0,0,0,0,0,0,0,1,1,0,0,0,0,0,0,0,0,0,0,0,0,0,0,0,0,0,0,0,0,0,0,0,0,0,0,0,0,0,0,0,0,0,0,0,0,0,0,0,0,0,2,0,0,0,0,0,0,0,0,0,0,0,0,0,0,0,0,0,0,0,0
0,0,0,0,0,0,0,0,1,2,0,1,0,0,1,2,0,0,0,0,0,0,0,0,2,0,0,0,0,0,0,0,0,0,1,0,0,0,0,0,2,0,0,0,0,7,0,0,1,0,0,0,0,0,0,0,1,0,0,0,1,0,0,0,0,0,0,0,0,0,0,0,0,0,0,0,0,0,0,1,0,0,0,0,0,0,0,0,0,1,0,0,1,0,0,1,0,1,0,2,0,0,0,0,0,0,1,0,0,0,0,2,0,2,0,0,0,0,0,0,0,0,0,0,0,0,0,0,0,0,0,0,0,0,0,0,0,0,0,0,0,0,1,0,0,0,1,0,0,1,0,0,0,0,0,0,0,0,0,0,0,0,0,2,0,0,0,0,0,1,0,0,0,0,0,0,0,0,0,1,0,0,0,0,2,0,0,0,0,0,0,0,1,0,0,0,0,0,0,0,0,0,0,0,0,0,0,0,0,1,0,0,0,0,0,0,0,0,0,0,0,0,0,0,1,0,1,0,0,0,0,0,0,0,0,4,0,0,0,0,0,0,0,4,0,0,0,0,0,0,0,0,0,0,1,0
0,0,0,0,0,0,0,0,0,1,0,0,0,0,1,0,0,0,2,0,0,0,0,0,0,0,0,0,0,0,0,0,0,0,0,0,0,0,0,0,0,0,0,0,0,5,1,0,0,0,0,0,0,0,0,0,5,0,0,0,0,0,0,0,2,0,0,0,0,0,1,0,0,0,0,0,0,0,0,0,0,0,0,0,0,0,0,0,0,0,1,0,0,0,0,0,0,1,0,0,0,0,0,0,0,0,1,0,0,0,0,0,0,0,0,0,0,0,0,0,0,0,0,0,0,0,0,0,0,1,0,0,0,0,0,0,0,0,0,0,0,0,0,0,0,0,0,0,0,0,0,0,0,0,0,0,0,0,0,0,0,0,0,2,0,0,0,1,0,0,1,2,0,0,0,0,0,0,0,2,1,1,1,0,0,0,0,0,0,0,1,1,4,0,0,0,0,0,0,0,0,0,0,0,0,0,0,0,0,0,0,0,0,0,0,0,0,0,0,0,0,1,0,0,0,0,0,0,0,0,0,0,0,0,0,5,0,0,0,0,1,0,0,0,0,0,3,0,0,0,5,0,0,0,0,2
0,0,0,0,0,0,0,0,0,1,0,0,0,0,1,0,0,0,1,0,0,1,0,0,0,0,0,0,0,0,0,0,0,0,1,0,0,0,0,0,0,0,0,0,0,5,0,1,1,0,0,0,0,0,0,0,3,0,0,0,1,0,0,2,0,0,0,0,0,0,2,0,0,0,0,0,0,2,0,1,0,0,0,0,0,0,0,0,2,0,0,0,0,0,0,0,1,1,0,0,0,0,0,0,0,0,1,0,0,0,0,0,0,0,0,0,0,0,0,0,0,0,0,0,0,0,0,0,1,0,0,0,0,0,0,0,0,0,0,0,0,0,0,0,0,0,0,0,0,0,0,0,1,0,0,0,0,0,0,0,0,0,0,0,0,0,1,0,0,0,0,0,0,0,0,0,0,0,0,0,0,0,0,0,0,0,0,0,0,0,0,0,1,0,0,0,0,0,0,1,0,0,0,0,0,0,0,0,0,1,0,0,0,0,0,0,0,0,0,0,0,0,0,0,0,0,0,0,1,0,0,0,0,0,0,3,0,0,0,0,0,0,0,0,0,0,0,0,0,1,1,0,0,0,0,0
1,0,0,0,0,0,0,0,0,0,0,0,0,0,0,0,0,3,2,0,0,0,0,0,0,0,0,0,0,0,0,0,0,0,0,0,0,0,0,0,0,0,1,0,1,1,0,0,0,0,0,0,0,0,0,0,0,0,0,0,1,0,1,0,0,0,0,0,0,0,0,0,0,0,0,0,0,0,0,0,0,0,0,0,0,0,1,2,0,0,1,0,0,0,0,0,0,0,1,0,0,0,0,0,0,0,0,0,0,0,0,0,1,0,0,0,3,0,0,0,0,0,0,0,0,0,0,0,0,0,0,0,0,0,0,0,0,0,0,0,0,0,0,0,1,0,0,0,0,0,0,0,0,0,0,0,1,2,0,0,0,0,0,0,1,0,0,0,0,1,0,0,0,0,1,0,0,0,0,0,0,0,0,0,0,0,0,0,0,0,0,0,0,0,1,0,0,0,0,0,0,0,0,0,0,0,0,0,0,0,0,0,0,0,1,0,0,0,0,0,0,0,0,2,0,0,0,1,0,0,0,0,0,0,2,0,0,0,1,1,1,0,0,0,1,0,0,0,0,0,0,1,0,0,0,1
0,0,0,0,0,0,0,0,0,0,0,0,0,1,0,0,0,0,1,0,0,0,0,0,0,0,1,1,0,0,0,0,0,0,0,0,0,0,0,0,0,0,1,0,1,0,0,0,0,0,0,0,0,0,0,0,0,1,0,0,1,0,2,0,2,0,0,0,0,0,0,0,0,0,0,0,0,0,0,0,0,0,1,0,0,1,1,0,0,1,1,0,0,0,0,0,0,0,0,0,0,0,0,0,0,0,0,1,0,0,0,0,0,1,0,0,0,0,0,0,0,0,0,0,0,0,0,0,0,0,0,0,0,0,0,0,0,2,0,0,0,0,0,4,0,0,0,0,0,0,0,0,1,0,0,0,0,0,0,0,0,1,0,0,1,0,0,0,0,1,0,0,1,0,2,0,1,1,0,3,0,0,0,0,0,0,0,0,0,0,1,1,0,0,0,1,0,0,0,0,0,1,0,0,0,0,0,0,0,0,0,0,0,1,1,1,1,0,1,0,0,0,0,2,0,0,0,0,0,0,0,0,0,0,0,0,0,0,0,0,0,0,0,0,0,0,0,0,0,0,0,0,0,0,0,0
0,0,0,0,0,0,0,0,1,1,0,0,0,0,1,0,0,0,1,0,0,0,0,0,1,0,0,0,0,0,0,0,0,0,0,0,0,0,0,0,0,0,0,0,0,3,1,0,1,0,0,0,0,0,0,0,2,0,0,0,1,0,0,1,0,0,0,0,0,0,0,0,0,0,0,0,0,0,0,0,0,0,0,0,0,0,0,0,0,0,0,0,0,0,0,0,0,1,0,0,0,0,1,0,0,0,1,0,0,0,0,0,0,0,0,0,1,0,0,0,0,0,1,0,0,0,0,0,0,0,0,0,0,0,0,0,0,0,0,0,0,0,0,0,0,0,0,0,0,0,0,0,0,0,0,0,0,0,0,0,0,0,0,2,0,0,0,0,0,0,0,0,0,0,0,0,0,0,0,0,0,0,0,0,0,0,0,0,0,0,0,0,1,0,0,0,0,0,0,0,1,0,1,0,0,0,0,0,0,0,0,0,0,0,0,0,0,0,0,0,0,0,0,0,0,0,0,0,0,0,0,0,0,0,0,0,0,0,0,0,0,0,0,0,0,0,0,0,0,0,0,0,0,0,0,0
0,0,0,0,0,0,0,0,0,1,0,1,0,0,1,0,0,0,0,0,0,0,0,0,0,0,0,0,0,0,0,0,0,0,0,0,0,1,0,0,1,0,0,0,0,5,1,0,1,0,0,0,0,0,0,0,3,0,0,0,2,0,0,1,0,0,0,0,0,0,0,0,0,0,1,0,0,0,0,1,0,0,0,0,0,0,0,0,0,1,0,0,0,0,0,0,2,1,0,0,0,0,1,0,0,0,1,0,0,0,0,0,0,0,0,0,0,0,0,0,0,0,0,0,0,0,0,0,0,0,0,0,0,0,1,0,0,0,0,0,0,1,0,0,0,0,0,0,1,0,0,0,0,0,0,0,0,0,0,0,0,0,0,1,0,0,0,0,0,0,0,0,0,1,0,0,0,0,0,1,0,0,0,0,0,0,0,0,0,0,0,1,1,0,1,0,0,0,0,0,0,1,0,0,0,0,0,0,0,0,0,0,0,0,0,0,0,0,0,0,0,0,0,0,0,0,0,0,0,0,0,0,0,1,0,0,0,0,0,0,0,0,0,1,0,0,0,0,0,1,0,0,0,0,1,0
0,0,0,0,0,0,0,0,1,1,0,2,0,0,1,0,0,0,0,0,0,0,0,0,1,0,0,0,0,0,0,0,0,0,0,0,0,0,0,0,0,0,0,0,0,5,0,0,1,0,0,1,0,2,0,0,4,0,0,0,1,0,0,0,0,0,0,1,0,0,0,0,0,0,0,0,0,0,0,0,0,1,0,0,0,0,0,0,0,0,0,0,3,0,0,0,0,1,0,0,0,0,0,0,0,0,1,0,1,0,0,0,0,0,0,0,0,0,0,0,0,0,1,0,0,0,0,0,0,0,0,0,0,0,0,0,0,0,0,0,0,0,1,0,0,0,0,0,0,0,0,0,0,0,0,0,0,0,0,0,0,0,0,0,0,0,0,0,0,0,0,0,0,0,0,0,0,0,0,0,0,0,0,0,0,0,0,0,0,0,0,0,1,0,1,0,0,0,0,1,0,0,0,0,0,0,0,0,2,0,0,0,0,0,0,0,1,0,0,0,0,0,0,0,0,0,0,0,0,0,0,1,0,0,0,2,0,0,0,0,0,0,0,0,0,0,0,0,0,0,0,0,0,0,1,0
0,0,0,0,0,0,0,0,0,0,0,0,0,0,0,0,0,0,0,0,0,0,0,0,0,0,0,0,0,0,0,0,0,0,0,0,0,0,0,0,0,0,1,0,1,0,0,1,1,0,0,0,0,0,0,0,0,0,0,0,2,0,3,0,0,0,0,0,0,0,0,0,1,0,0,0,0,0,0,0,0,0,0,0,0,0,0,0,0,0,1,0,0,0,0,0,0,0,0,0,0,0,0,0,0,1,0,0,0,0,0,0,0,0,0,0,0,0,0,0,0,0,0,0,2,0,0,0,0,0,0,0,0,0,0,0,0,0,0,0,0,0,1,0,0,0,0,0,0,0,0,0,0,0,0,0,0,0,0,0,0,0,0,0,1,0,1,0,0,1,0,0,0,0,0,0,0,0,0,1,0,0,0,0,0,0,0,0,0,0,0,0,0,0,0,0,0,0,0,0,0,0,0,0,0,0,0,0,0,0,0,0,0,0,0,0,0,0,0,0,0,0,0,0,0,0,1,0,0,0,0,0,0,0,2,0,0,3,2,0,2,0,0,0,0,0,0,2,0,0,0,1,0,0,0,0
0,0,0,0,0,0,0,1,0,1,0,0,0,0,1,0,0,0,0,0,0,1,0,0,0,0,0,0,0,0,0,0,0,1,0,0,0,0,0,0,0,0,0,0,0,4,0,1,1,0,1,0,0,0,0,1,3,0,0,0,1,1,0,1,0,0,0,0,0,0,0,0,0,0,0,0,0,0,0,0,0,0,0,0,0,0,0,0,0,0,0,0,1,0,0,0,0,1,0,0,0,0,0,0,0,0,2,0,0,0,0,0,0,0,0,0,1,0,0,0,0,0,0,0,0,0,0,0,0,0,0,0,0,0,0,0,0,0,0,0,0,0,0,0,0,0,0,0,0,0,0,0,0,0,0,0,0,0,0,0,0,0,0,0,0,0,1,1,0,0,0,0,0,0,0,0,0,0,0,0,0,0,0,0,1,0,0,0,0,1,0,0,1,0,0,0,0,1,0,0,0,0,0,0,0,0,1,0,0,0,0,1,0,0,0,0,0,1,0,0,0,0,0,0,0,0,0,0,0,0,0,0,0,0,0,3,0,0,0,4,0,0,0,0,0,0,0,0,0,0,0,0,0,0,0,0
0,0,0,0,0,0,0,0,1,1,0,1,0,0,1,0,0,0,1,0,0,0,0,0,0,0,0,0,0,0,0,0,0,0,0,0,0,0,0,0,0,0,0,0,0,3,1,0,1,0,0,0,0,0,0,0,2,0,0,0,1,0,0,1,1,0,0,1,1,0,1,0,0,0,0,0,0,0,0,0,0,0,0,0,0,0,0,0,0,0,0,0,0,0,0,0,1,1,0,0,0,0,1,0,0,0,1,0,0,0,0,0,0,0,0,0,0,0,0,0,0,0,1,0,0,0,0,0,0,0,0,0,0,0,0,0,0,0,0,0,0,0,0,0,0,0,0,0,0,0,0,0,0,0,0,0,0,0,0,0,0,0,0,2,0,0,0,0,0,0,1,0,0,0,0,0,0,0,0,0,0,0,0,0,0,0,0,0,0,0,0,0,1,0,0,0,0,0,0,0,2,0,0,0,0,0,0,0,0,1,0,0,0,0,0,0,0,0,0,0,0,0,0,0,0,0,0,0,0,0,0,0,0,0,0,1,0,0,0,0,0,0,0,0,0,1,0,0,0,0,0,0,0,0,0,0
0,0,0,0,0,0,0,0,0,0,0,0,0,0,0,0,0,0,1,0,0,0,0,0,0,0,0,0,0,0,0,0,0,0,1,0,1,0,0,0,0,0,0,0,0,4,0,0,1,0,0,0,0,0,1,0,2,0,0,0,1,0,0,0,0,0,0,0,0,0,0,0,0,0,0,0,0,1,0,1,0,0,0,0,0,0,0,0,0,0,0,0,1,1,0,2,0,1,0,0,0,0,0,0,0,0,1,0,0,0,0,1,0,0,0,0,0,0,0,0,0,0,0,0,0,0,0,0,0,0,0,0,0,0,0,0,0,0,0,0,0,0,0,0,0,0,0,0,0,0,0,0,0,0,0,0,0,0,0,0,0,0,0,1,0,0,1,0,0,0,1,0,0,0,0,0,0,0,0,0,0,0,0,0,1,1,0,0,0,1,0,0,1,0,0,0,0,0,0,0,0,0,0,0,0,0,0,0,0,0,0,0,0,0,0,0,0,0,0,0,0,0,0,0,0,0,1,0,0,1,0,0,0,0,0,0,0,0,0,0,0,0,0,0,0,0,1,0,0,0,1,0,0,0,0,0
0,0,0,0,0,0,0,0,0,1,0,0,0,0,1,0,0,0,0,0,0,0,0,0,0,0,0,0,0,0,0,0,0,0,0,0,0,0,0,0,0,0,0,0,0,4,0,0,1,0,0,0,0,0,0,0,3,0,0,0,1,0,0,0,0,0,0,0,1,0,0,0,0,0,0,0,0,1,0,0,0,0,0,0,0,0,0,0,0,1,0,0,2,0,0,0,0,1,0,0,0,0,0,0,0,0,1,1,0,0,2,0,0,0,0,0,0,0,0,0,0,0,1,0,0,0,0,0,0,0,0,0,1,0,0,0,0,0,0,0,0,0,0,0,0,0,0,0,1,0,0,0,0,0,0,0,0,0,0,0,0,0,0,0,0,0,0,0,0,0,0,0,0,0,0,0,0,0,0,0,0,0,0,0,1,0,0,0,0,0,0,0,1,0,0,0,0,0,0,1,0,0,1,0,0,0,0,0,0,0,0,0,0,1,0,0,0,0,0,0,0,1,0,0,0,0,0,0,0,0,0,0,1,0,0,3,0,0,0,0,2,0,0,2,0,0,0,0,0,0,1,0,0,0,0,1
0,0,0,1,0,0,0,0,0,0,0,0,0,3,0,2,0,1,0,0,0,0,0,0,0,0,0,1,0,0,0,0,0,0,0,0,0,0,0,0,1,0,0,1,0,0,0,0,0,0,0,0,0,1,0,0,0,0,1,0,0,1,0,0,1,0,0,0,0,0,0,0,0,0,0,0,0,0,0,0,0,0,0,0,0,0,0,0,0,0,0,0,0,0,0,0,0,0,0,0,0,0,0,0,0,0,0,0,0,0,0,0,0,0,0,0,0,0,0,0,0,1,0,0,0,0,0,0,0,0,0,0,0,0,0,0,0,0,0,0,0,0,0,0,0,0,0,0,0,0,0,0,1,0,1,0,0,0,0,0,0,0,0,0,0,0,0,0,0,0,0,0,0,0,0,0,0,0,0,0,0,0,0,0,0,0,0,0,0,0,0,0,0,0,0,0,1,2,0,0,0,0,2,0,0,0,2,0,0,0,0,0,0,0,0,0,1,0,0,0,0,0,0,0,0,1,0,0,0,0,0,0,0,0,0,0,0,0,0,0,1,0,0,0,1,0,0,0,0,1,0,0,1,1,0,1
0,0,0,0,0,0,0,0,0,1,0,0,0,0,1,0,1,0,2,0,0,0,0,0,0,0,0,0,0,0,0,0,0,0,0,0,0,0,0,0,1,0,0,0,0,4,1,0,1,0,0,0,0,0,0,0,3,0,0,0,1,0,0,2,0,0,0,0,0,0,0,0,0,0,0,0,0,0,0,0,0,0,0,0,0,0,0,0,0,0,0,0,0,0,0,0,1,1,0,0,0,0,0,0,0,0,1,1,0,0,0,0,0,0,0,0,0,0,0,0,0,0,1,0,0,0,0,0,0,0,0,0,1,0,0,0,0,0,0,0,0,0,0,0,0,0,0,0,1,0,0,0,0,0,0,0,0,0,0,0,0,0,0,1,0,0,0,0,0,0,0,0,0,0,0,0,0,0,0,0,0,0,0,0,0,0,0,0,0,1,0,0,1,0,0,0,0,0,0,0,0,0,1,0,1,0,0,0,0,0,0,0,0,0,0,0,0,0,0,0,0,0,0,0,0,0,0,0,0,0,0,1,0,0,0,0,0,0,0,0,0,0,0,0,1,0,0,0,0,0,0,0,0,0,0,0
0,0,0,0,0,0,0,0,0,0,0,0,0,0,0,1,0,0,0,0,0,0,0,0,0,0,0,1,0,0,0,1,0,0,0,0,0,0,0,0,0,0,1,0,1,0,0,0,1,0,0,0,0,0,0,0,1,0,0,0,2,0,2,0,2,0,0,0,0,0,0,0,1,0,0,0,0,1,0,0,0,0,0,0,0,0,0,0,0,0,1,0,2,1,0,1,0,0,0,0,0,1,0,0,0,0,0,0,1,0,1,0,0,0,0,0,0,0,0,0,0,0,0,0,0,0,0,0,0,0,0,0,0,0,0,0,0,0,0,0,0,0,0,0,0,0,0,0,0,0,0,0,0,0,0,0,0,0,0,0,0,0,0,0,0,0,0,0,0,1,0,0,0,0,0,0,0,0,0,1,0,0,0,0,1,0,0,0,0,0,0,0,0,0,0,0,1,0,0,0,0,0,0,0,0,0,0,0,0,0,0,0,0,1,0,0,0,0,0,0,0,0,0,1,0,0,0,0,0,0,0,0,0,0,1,1,0,0,0,0,0,0,0,0,0,0,0,0,0,0,0,1,0,0,0,0
0,0,0,0,0,0,0,2,1,1,1,1,0,0,1,0,0,0,1,0,0,0,0,0,0,0,0,0,0,0,0,0,0,0,0,0,0,0,0,0,0,0,0,0,0,5,0,0,1,0,0,0,0,0,0,0,2,0,0,0,1,0,0,1,0,0,0,0,0,0,0,0,0,0,0,0,0,0,0,1,0,0,0,0,0,0,0,0,0,2,0,0,2,0,0,0,0,1,0,0,0,0,0,0,0,0,1,0,0,0,0,0,0,0,0,0,0,0,0,0,0,0,0,0,0,0,0,0,0,0,0,0,0,0,0,0,0,0,0,0,0,0,0,0,0,0,0,0,0,0,0,0,0,0,0,0,0,0,0,0,0,0,0,0,0,0,0,0,0,0,0,0,0,0,0,0,0,0,0,0,0,0,0,0,0,0,0,0,0,1,0,0,1,0,0,0,0,0,0,0,0,0,0,0,0,0,0,0,0,2,0,0,0,0,0,0,2,0,0,0,0,0,0,0,0,0,0,0,1,0,0,0,0,0,0,2,0,0,2,0,2,0,0,0,0,0,0,0,0,0,2,0,0,0,0,0
0,0,0,0,0,0,0,0,0,0,0,0,0,1,0,0,2,2,0,1,0,0,0,0,0,0,1,0,0,0,0,0,0,1,0,0,0,0,0,0,2,0,1,0,1,0,0,0,0,0,0,0,0,0,0,0,0,1,0,0,1,0,1,0,0,0,0,0,0,0,0,0,0,0,0,0,0,0,0,0,0,0,0,1,0,0,1,0,0,0,1,0,3,0,1,0,0,0,0,0,0,0,0,0,0,0,0,0,0,0,0,0,0,0,0,0,0,0,0,0,0,0,0,0,0,0,0,0,0,0,0,0,0,0,0,0,0,0,0,0,0,0,0,0,0,0,0,0,0,0,0,0,0,0,0,0,0,0,0,0,0,0,0,0,2,0,0,0,1,1,0,0,0,0,1,0,0,0,2,4,0,0,0,0,0,0,0,0,0,0,0,0,0,0,0,0,0,0,0,0,0,0,0,0,0,0,0,0,0,0,0,1,0,0,0,0,0,0,2,0,0,0,0,4,0,0,0,0,1,0,0,0,0,0,1,0,0,0,1,0,0,0,0,0,1,0,0,0,0,0,1,2,0,0,0,1
0,0,1,0,0,0,0,0,0,0,0,0,0,0,0,0,2,1,0,0,0,0,0,0,0,0,1,0,0,0,0,0,0,0,0,0,0,0,0,0,0,0,1,0,1,0,0,0,0,0,0,0,0,0,0,0,0,0,0,0,1,0,0,0,0,0,0,0,0,0,1,0,0,0,0,0,0,0,0,0,0,0,0,0,0,0,0,0,0,0,1,0,0,0,0,0,0,0,0,0,0,0,0,0,0,0,0,0,0,0,0,0,0,0,0,0,0,0,0,0,0,0,0,0,0,0,0,0,0,0,0,0,0,0,0,0,0,0,0,1,0,0,0,0,0,0,0,0,0,0,0,0,0,0,0,0,0,0,0,0,0,0,0,0,0,0,0,0,0,1,0,0,0,0,1,0,0,0,0,1,0,0,0,0,0,0,0,0,0,0,0,0,0,0,0,1,0,0,0,0,0,0,2,0,0,0,0,0,0,0,0,0,0,1,1,0,0,0,3,1,0,0,0,3,0,0,0,0,0,1,0,0,0,1,1,0,0,0,0,0,1,0,0,0,0,0,0,0,0,0,0,2,0,0,0,0
0,0,0,0,0,0,0,0,0,0,1,0,0,0,0,1,0,0,1,0,0,0,0,0,0,0,0,0,0,0,0,0,0,0,0,0,0,0,0,0,0,0,0,0,1,4,1,0,1,0,0,0,0,0,0,0,4,0,0,0,2,0,1,0,0,1,0,0,0,0,0,0,0,0,0,0,0,0,0,0,0,0,0,0,0,0,0,0,0,0,0,0,2,0,0,0,0,1,0,0,0,0,0,0,0,0,1,1,0,0,0,0,0,0,0,0,0,0,0,0,1,0,0,0,0,0,0,0,0,0,0,1,0,0,0,0,0,0,0,0,0,1,0,0,0,0,0,0,0,0,0,0,0,0,0,0,0,0,0,0,0,0,0,1,0,0,1,0,0,1,0,0,0,0,0,0,0,0,0,4,0,0,0,0,0,1,0,0,0,0,0,0,1,0,0,0,0,0,0,0,1,0,2,0,0,0,0,0,0,1,0,0,0,0,0,2,0,0,0,0,1,0,0,2,0,0,0,0,0,0,0,0,0,0,0,1,1,0,0,0,0,0,0,1,0,0,0,0,0,0,0,0,0,0,0,1
0,0,0,0,0,0,0,0,1,1,0,2,0,0,1,0,0,0,0,1,0,0,0,0,0,1,0,0,0,0,1,0,0,0,0,0,0,0,0,0,1,0,0,0,0,4,0,0,1,0,0,0,0,0,0,0,3,0,0,0,1,0,0,1,0,0,0,0,0,0,2,0,0,0,0,0,0,0,0,0,0,0,0,0,0,0,0,0,0,0,0,0,0,0,0,0,0,1,0,0,0,0,0,0,0,0,1,0,0,0,0,0,0,0,0,0,0,0,0,0,0,0,0,0,0,0,0,0,0,0,0,0,0,0,0,0,0,0,0,0,0,0,0,0,0,0,0,0,0,0,0,0,0,0,0,0,0,0,0,0,0,0,0,0,0,0,0,0,0,0,0,0,0,0,0,0,1,0,0,0,0,0,0,0,0,0,0,0,0,0,0,1,1,1,0,0,0,0,0,0,2,0,0,0,0,0,0,0,0,0,0,0,0,0,2,0,0,0,0,0,0,0,0,1,0,0,0,0,0,0,0,0,0,0,0,0,0,0,0,0,0,0,0,0,0,0,0,0,0,0,0,0,0,0,0,0
0,0,0,0,0,0,0,0,1,1,0,1,0,0,1,0,0,0,0,0,0,0,0,0,0,0,0,0,0,0,0,0,0,0,0,0,0,0,0,0,0,0,0,0,0,3,1,0,1,0,0,0,0,0,0,0,2,0,0,1,2,0,0,1,0,0,0,0,1,0,0,0,0,0,1,1,0,2,0,0,0,0,0,0,0,0,0,0,0,1,0,0,0,0,0,0,0,1,0,0,0,0,0,0,0,0,1,0,0,0,0,0,0,0,0,0,1,0,0,0,0,0,0,0,0,0,0,0,0,0,0,0,0,0,0,0,0,0,0,0,0,0,0,0,0,0,0,0,1,1,0,0,1,0,0,0,0,0,0,0,0,0,0,1,0,0,0,0,0,0,0,0,1,0,0,0,0,0,0,0,0,0,0,0,0,0,0,0,0,0,0,0,1,0,0,0,0,0,0,0,0,0,1,0,0,0,0,0,0,0,0,0,0,0,0,0,0,0,0,0,0,0,0,0,0,0,0,0,0,0,0,1,0,0,0,0,0,0,0,0,0,0,0,0,0,0,0,0,0,0,0,0,0,0,0,0
0,0,0,0,0,0,0,0,0,1,0,0,0,0,1,0,0,0,0,0,0,0,0,0,0,0,0,0,0,1,0,0,0,1,0,0,1,0,1,0,0,0,0,0,1,3,0,0,1,0,0,0,0,0,0,0,3,0,0,0,1,0,0,0,0,0,1,0,0,0,0,0,0,0,1,0,0,0,0,0,0,0,0,0,0,0,0,0,0,0,0,0,1,0,0,0,0,1,0,0,0,0,0,0,0,0,1,0,0,0,0,0,0,0,0,0,0,0,0,0,0,0,0,0,0,0,0,0,0,0,0,0,0,0,0,1,0,1,0,0,0,0,0,0,0,0,0,0,0,0,0,0,0,0,0,0,0,0,0,1,0,0,0,1,0,0,2,0,0,0,0,0,0,0,0,0,0,0,0,0,0,0,0,0,1,0,0,0,0,0,0,0,1,0,0,0,0,0,0,0,0,0,0,0,0,0,0,0,0,0,0,0,0,0,0,0,0,0,0,0,0,0,0,0,0,0,0,1,0,0,0,0,0,0,1,2,0,0,0,0,0,0,0,0,0,0,0,0,0,0,0,0,0,0,0,0
0,0,0,0,0,0,0,0,0,0,0,0,0,0,0,0,2,2,0,0,0,0,0,0,0,0,0,0,0,0,0,0,0,0,0,0,0,0,0,0,0,0,1,0,1,0,0,0,0,0,0,0,0,0,0,0,0,0,0,0,1,0,1,0,0,0,0,0,0,0,0,0,0,0,0,0,0,0,0,0,0,0,0,0,0,0,0,0,0,0,1,0,0,0,0,0,0,0,0,0,0,0,0,0,0,0,0,0,0,1,0,0,1,0,0,0,0,0,0,0,0,0,0,0,0,0,0,0,0,0,0,0,0,0,0,0,0,0,0,0,0,0,0,0,0,0,0,0,0,0,0,0,0,0,0,0,0,0,0,0,0,0,0,0,0,0,0,0,0,1,0,0,0,0,1,0,0,0,0,2,0,0,0,0,0,0,0,0,0,0,0,3,0,0,0,0,2,0,0,0,0,0,0,0,0,0,0,0,0,0,0,0,1,0,0,0,0,0,2,0,0,0,0,3,0,0,0,0,0,0,0,0,0,0,2,0,0,0,1,0,0,0,0,0,1,0,0,0,0,0,0,1,0,0,0,1
0,0,0,0,0,0,0,0,0,0,0,0,0,0,0,0,0,3,1,0,1,0,0,0,0,0,0,1,1,0,0,0,0,0,0,0,0,0,0,0,0,0,1,0,1,0,0,0,0,0,0,0,0,0,0,0,0,0,0,1,1,0,1,0,0,0,0,0,0,0,0,0,0,0,0,0,0,0,0,0,0,0,0,0,0,0,0,0,0,0,1,0,0,0,0,0,0,0,1,0,0,0,0,0,0,5,1,2,0,0,0,0,1,0,0,0,0,0,0,0,1,1,0,0,2,0,0,1,0,3,0,0,0,0,0,0,0,0,0,1,0,0,0,3,0,0,0,0,0,0,0,0,1,0,0,0,0,0,0,0,0,0,0,0,2,0,0,0,0,1,0,0,0,0,1,0,0,0,0,5,0,0,0,0,0,0,0,0,0,0,0,0,0,0,2,0,0,0,0,0,0,0,0,0,0,0,0,0,0,0,1,0,0,0,0,0,0,0,4,0,0,0,0,0,0,0,0,0,0,0,0,1,0,1,1,0,0,0,1,1,2,0,0,0,1,0,0,0,0,0,0,2,1,0,0,1
0,0,0,0,0,0,0,1,1,2,0,1,0,0,1,1,0,0,0,0,0,1,0,0,0,0,0,0,0,0,0,0,0,1,0,0,0,0,0,0,0,0,0,0,0,4,0,0,1,0,1,0,0,0,1,0,3,0,0,0,1,1,0,1,0,0,1,0,0,0,0,0,0,0,0,0,0,0,0,0,0,0,0,0,0,0,0,0,0,0,0,0,1,1,0,0,0,1,0,0,0,0,0,0,0,0,1,0,0,0,1,0,0,0,0,0,0,0,0,0,0,0,0,0,0,0,0,0,0,0,0,0,0,0,1,0,0,0,0,0,0,0,0,0,0,0,0,0,0,0,0,0,0,0,0,0,0,0,0,0,0,0,0,0,0,0,1,1,0,0,0,0,0,0,0,0,0,0,1,0,0,0,0,0,2,0,0,0,0,1,0,0,1,0,0,0,0,1,0,0,0,0,0,0,0,0,0,0,0,0,0,1,0,0,0,0,0,0,0,0,0,0,0,0,0,0,0,0,0,0,0,1,0,0,0,1,0,0,0,0,0,0,0,0,0,0,0,0,0,0,0,0,0,0,0,0
0,0,0,0,0,0,0,0,0,0,0,0,0,0,0,0,0,1,0,1,0,0,0,0,0,0,0,0,0,0,0,0,0,0,0,0,0,0,0,0,2,0,2,0,1,0,0,0,0,0,0,0,0,0,0,0,0,2,0,0,1,0,2,0,0,0,0,0,0,0,0,0,0,0,0,0,0,0,0,0,0,0,0,0,0,0,0,0,0,0,1,0,0,0,0,0,0,0,0,0,0,0,0,0,0,0,0,0,0,0,0,0,0,0,0,0,0,0,0,0,0,0,0,0,0,0,0,1,0,0,0,0,0,0,0,0,0,0,0,0,0,0,0,0,0,0,0,0,0,0,0,0,0,0,0,0,0,0,1,0,0,0,0,0,0,0,0,0,0,1,0,0,0,0,0,0,0,0,0,0,0,0,0,0,0,0,0,0,0,0,0,0,0,0,0,1,0,0,0,0,0,0,0,0,0,0,0,0,0,0,0,0,0,1,0,0,0,0,0,1,0,0,0,0,0,0,0,0,0,2,0,0,0,0,2,0,0,0,0,0,0,0,0,0,0,0,0,0,0,0,0,1,0,0,0,0
0,0,0,0,0,0,0,0,0,1,0,0,0,0,1,0,0,0,1,0,0,0,0,0,0,0,0,0,0,0,0,0,1,0,0,0,0,0,0,0,0,0,0,0,0,3,2,0,1,0,0,0,0,0,0,0,2,0,0,0,1,0,0,0,0,0,0,0,0,0,0,0,0,0,0,0,0,0,0,0,0,0,0,0,0,0,0,0,0,0,0,0,0,0,0,0,0,1,0,0,0,0,0,0,0,0,1,0,0,0,0,0,0,0,0,0,0,0,0,0,0,0,0,0,0,0,0,0,1,0,0,0,0,0,0,0,0,0,1,0,0,0,0,0,0,0,0,0,0,0,0,0,0,0,0,0,0,0,0,0,0,0,0,1,0,0,0,0,0,0,0,0,1,0,0,0,0,0,0,1,0,0,0,0,0,0,0,0,0,1,0,0,1,0,0,0,0,0,0,0,1,0,0,0,0,0,0,0,0,0,0,0,0,0,0,0,0,0,0,0,0,0,0,0,0,0,0,0,0,0,0,0,0,0,0,1,0,0,0,0,0,0,0,0,0,0,0,0,0,0,0,0,0,0,0,0
0,0,0,0,1,0,0,0,0,0,0,0,0,0,0,0,0,1,0,1,0,1,0,0,0,0,1,1,0,0,0,0,0,0,0,0,0,0,0,0,0,0,1,0,1,0,0,0,0,0,0,0,0,0,0,0,0,1,0,0,1,0,1,0,0,0,0,0,0,0,1,0,0,0,0,0,0,0,0,0,0,0,0,1,0,0,1,0,0,0,1,0,0,0,0,0,0,0,0,0,0,0,0,0,0,0,0,0,0,0,0,0,0,0,0,0,0,0,0,0,0,0,1,0,0,0,0,0,0,0,0,0,0,0,0,0,0,0,0,0,0,0,0,0,0,0,0,0,0,0,0,0,0,0,0,0,0,0,0,0,0,0,0,0,0,0,0,0,0,1,0,0,0,0,0,0,0,0,0,0,0,0,0,0,0,0,0,0,0,0,0,0,0,0,0,0,0,0,1,0,0,0,0,0,0,0,0,0,0,0,1,0,0,0,0,0,0,0,0,0,0,0,0,2,0,0,0,0,0,1,0,0,0,0,0,0,0,0,1,0,0,0,0,0,0,0,0,0,0,0,0,0,0,0,0,1
0,0,0,0,0,0,0,0,0,1,0,0,0,0,1,0,0,0,0,0,0,0,0,0,0,0,0,0,0,0,0,0,0,0,0,0,0,0,0,0,0,0,0,0,0,5,0,0,1,0,0,0,0,0,0,0,4,0,0,1,1,0,0,1,0,0,0,0,2,0,0,0,0,0,0,0,0,0,0,0,0,0,0,0,0,0,0,0,0,2,0,0,0,0,0,0,0,1,0,0,0,0,0,0,0,0,1,0,0,0,0,0,0,0,0,0,0,0,0,0,0,0,0,0,0,0,0,0,0,0,0,0,0,0,0,0,0,0,0,0,0,0,0,0,0,0,0,0,0,0,0,0,0,0,0,0,0,0,0,0,0,0,0,0,0,0,0,0,0,0,1,0,1,0,0,0,0,0,0,0,0,0,0,0,0,0,0,0,0,0,0,1,1,0,0,0,0,0,0,2,0,0,1,0,0,0,0,0,0,0,0,0,0,1,0,0,0,0,0,0,0,2,0,0,0,0,0,0,0,2,0,0,0,0,0,4,0,1,0,0,1,1,0,0,0,0,0,0,0,0,0,0,0,0,0,0
0,0,1,1,1,0,0,0,0,0,0,0,0,0,0,0,1,0,0,0,0,0,1,0,0,0,0,0,1,0,0,0,0,0,0,0,0,0,0,0,0,0,1,0,1,0,0,0,0,0,0,0,0,0,0,0,0,0,0,0,1,0,1,0,2,0,0,0,0,0,0,0,0,0,0,0,0,0,0,0,0,0,0,0,1,0,2,0,0,1,1,0,0,3,0,0,0,0,0,0,0,0,0,0,0,0,0,0,0,0,0,0,0,0,0,0,0,0,0,0,0,0,0,0,0,0,0,0,0,0,0,0,0,0,0,0,0,0,0,1,0,0,0,0,1,0,0,0,0,0,0,0,0,0,0,0,0,0,0,0,0,0,0,0,0,0,0,0,0,1,0,0,0,0,0,0,0,0,0,2,0,0,0,0,0,0,0,0,0,0,0,1,1,0,0,0,1,0,0,0,0,0,0,0,0,0,1,0,0,0,0,1,1,0,0,0,0,0,2,0,0,0,0,3,0,0,0,0,0,0,0,0,0,0,1,1,0,0,1,0,0,0,0,0,0,0,0,0,0,0,0,0,0,0,0,1
0,0,0,0,1,0,0,0,0,0,0,0,1,0,0,0,0,0,0,0,0,0,0,1,0,0,0,0,0,2,0,0,0,0,0,0,0,0,0,0,0,0,0,0,0,0,0,0,0,0,0,0,0,0,0,0,0,0,0,0,0,0,0,0,1,0,2,0,0,0,0,0,1,0,0,2,0,0,0,0,1,0,0,1,0,0,0,0,0,0,0,0,1,0,0,0,0,0,0,0,0,0,0,0,0,0,0,0,0,0,0,0,0,0,0,0,0,0,0,0,1,0,0,0,0,0,0,0,0,1,0,0,0,0,0,0,0,0,0,0,1,0,0,0,0,1,1,0,0,0,0,0,0,0,0,0,0,0,0,0,0,1,1,0,0,0,0,0,0,0,2,0,1,0,0,0,0,1,1,0,2,0,0,0,1,0,0,0,0,0,1,0,0,0,0,0,0,0,0,0,0,0,0,1,0,0,0,1,2,0,0,0,0,0,0,0,0,0,1,0,0,0,0,0,1,0,0,0,0,0,0,0,0,0,1,0,0,0,1,1,0,0,0,0,0,0,0,0,0,0,0,0,0,0,1,0
0,0,0,0,0,0,0,0,0,1,0,0,0,0,1,0,0,0,0,0,0,0,0,0,0,0,0,0,0,0,0,0,0,0,0,0,0,0,0,0,0,0,0,0,0,3,0,0,1,0,0,0,0,0,1,0,2,0,0,1,1,0,0,1,0,0,0,0,0,0,0,0,0,0,0,0,0,0,0,0,0,0,0,0,0,0,0,0,0,0,0,0,1,0,0,0,0,1,0,0,0,0,0,0,0,0,1,0,0,0,0,0,0,0,0,0,0,0,0,0,0,0,0,0,0,0,0,0,0,0,0,0,0,0,0,0,0,0,0,0,0,0,1,0,0,0,0,0,0,0,0,0,0,0,0,0,0,0,0,0,0,0,0,0,0,0,1,0,0,0,0,0,0,0,0,0,0,0,0,0,0,0,0,0,1,0,0,0,0,0,0,0,2,1,0,0,0,0,0,0,0,0,0,0,0,0,0,0,0,0,0,0,0,0,0,0,0,0,0,0,0,0,0,0,0,0,0,0,0,0,0,0,0,0,0,2,0,0,0,0,0,0,0,1,0,0,0,0,0,0,0,0,0,0,0,0
0,0,0,0,0,0,0,1,0,2,0,0,0,0,1,0,0,0,3,0,0,1,0,0,0,0,0,0,0,2,0,0,0,0,0,0,0,0,0,0,0,0,0,0,0,3,0,0,1,0,1,0,0,0,0,0,2,0,0,0,1,1,0,0,0,1,0,0,0,0,0,0,0,0,1,0,0,0,0,0,0,0,0,0,0,0,0,0,0,1,0,0,1,0,0,0,0,1,0,0,0,0,0,0,0,0,1,0,0,0,0,0,0,0,0,0,0,0,0,0,0,0,0,0,0,0,0,0,0,0,0,0,0,0,1,0,0,0,0,0,0,0,0,0,0,0,0,0,0,0,1,0,0,0,0,0,0,0,0,0,0,0,0,2,0,0,0,1,0,0,0,0,1,0,0,0,0,0,0,0,0,0,0,0,1,0,0,0,0,1,0,0,1,0,0,0,0,0,0,0,0,0,0,0,0,0,0,0,0,0,0,0,0,0,0,0,0,0,0,0,0,0,0,0,0,0,0,0,0,0,0,1,0,0,0,2,0,0,0,0,2,0,0,0,0,0,0,0,0,0,1,0,0,0,0,0
0,0,0,0,0,0,0,1,0,0,0,0,0,0,1,0,0,1,1,0,0,0,0,0,0,1,0,0,0,0,0,0,0,0,0,0,0,0,0,0,0,2,1,0,1,0,0,0,0,0,0,0,0,0,0,0,0,0,0,0,1,0,2,0,0,0,0,0,0,0,0,0,0,0,0,0,0,0,0,0,0,0,0,0,0,0,0,0,0,0,1,0,0,0,0,0,0,0,0,0,0,0,0,0,0,0,0,0,0,0,0,0,0,0,0,0,0,0,0,0,0,0,0,0,0,0,0,0,0,0,0,0,0,0,0,0,0,0,0,0,0,0,0,0,0,0,0,0,0,0,0,0,0,0,0,0,0,0,0,0,2,0,0,0,2,0,0,0,0,1,0,0,0,0,0,0,0,0,0,2,0,1,0,0,0,0,0,0,0,0,0,0,0,0,0,0,0,0,0,0,1,0,0,0,0,0,0,0,0,0,0,0,0,0,0,0,0,0,0,0,0,0,0,0,0,0,0,0,0,0,0,2,0,0,3,0,0,0,1,0,0,0,0,0,1,0,0,0,0,0,0,2,0,0,0,1
0,0,1,0,0,0,0,0,0,0,0,0,0,0,0,0,0,1,1,0,0,0,0,0,0,0,0,0,0,0,0,0,0,0,0,0,0,0,0,0,0,0,1,0,1,0,0,0,0,0,0,0,0,0,0,0,0,0,0,2,1,0,2,0,0,0,0,0,0,0,0,0,0,0,0,0,0,0,0,0,0,0,0,0,0,0,0,0,0,0,1,0,0,0,0,0,0,0,0,0,0,0,0,0,0,0,0,0,0,0,0,0,0,0,0,0,0,0,0,0,0,0,0,0,0,1,0,0,0,0,0,0,0,0,0,0,0,0,0,0,0,0,0,0,0,0,0,0,0,0,0,0,0,0,0,0,0,0,0,0,0,0,0,0,0,1,0,0,0,1,0,0,0,0,0,0,0,0,0,3,0,0,0,0,0,0,1,0,0,0,0,0,0,0,0,0,0,0,0,1,0,0,0,0,0,0,0,0,0,0,0,2,1,0,1,0,0,0,0,0,0,0,0,0,0,0,0,0,0,0,0,0,0,0,3,0,0,0,1,0,0,1,0,0,1,0,0,0,0,0,0,2,0,0,0,1
0,0,0,0,0,0,0,0,1,1,0,0,0,0,1,0,0,0,0,0,0,0,0,0,1,0,0,0,0,0,0,0,0,0,0,0,0,0,0,0,1,0,0,0,0,4,0,0,1,0,0,0,0,0,0,0,3,0,1,0,1,0,0,1,0,0,0,1,0,0,0,0,0,0,0,0,0,0,0,0,0,0,0,0,0,0,0,0,0,0,0,0,1,0,0,0,0,1,0,0,0,0,0,0,0,0,1,0,0,0,0,0,0,0,0,0,0,0,0,0,0,0,0,0,0,0,0,0,0,0,0,0,0,0,0,0,0,0,0,0,0,0,0,0,0,0,0,0,0,0,0,0,0,0,0,0,0,1,0,0,0,0,0,2,0,0,1,0,0,0,1,0,2,0,0,0,0,0,0,2,0,0,0,0,0,0,0,0,0,0,0,0,1,0,0,0,0,0,0,0,0,0,0,0,0,0,0,0,0,0,0,0,0,0,0,0,0,0,0,0,0,0,0,0,0,0,0,0,0,0,0,0,0,0,0,2,0,0,0,0,0,0,0,0,0,0,0,0,0,0,0,0,0,0,0,0
0,0,0,0,0,0,0,0,1,1,0,0,0,0,1,0,0,0,1,0,0,0,0,0,0,0,0,0,0,0,0,0,0,0,2,0,0,0,0,0,0,0,0,0,0,6,0,0,1,0,0,0,0,0,0,0,4,0,1,0,1,0,0,2,1,0,0,0,1,0,2,0,0,0,0,0,1,0,0,0,0,0,0,0,0,0,0,0,0,1,0,0,2,0,0,0,0,1,0,2,0,0,0,0,0,0,1,0,0,0,0,1,0,0,0,0,0,0,0,0,0,0,0,0,0,0,0,0,0,0,0,0,0,0,0,0,0,0,0,0,0,0,0,0,0,0,0,0,0,0,0,0,0,0,0,0,0,0,0,0,0,0,0,2,0,0,1,0,0,0,0,0,0,0,0,0,0,0,0,0,0,0,0,0,0,0,0,0,0,0,0,0,1,0,0,0,0,0,0,0,1,0,1,0,1,0,0,1,0,0,0,0,0,0,0,0,0,0,0,0,1,0,0,0,0,0,0,0,0,1,0,0,0,0,0,2,0,0,1,0,0,0,0,0,0,0,0,0,0,0,1,0,0,0,0,0
0,0,0,0,0,0,0,0,0,0,0,0,0,0,0,0,0,0,0,0,0,0,0,0,0,0,0,0,0,0,0,0,0,1,0,0,0,0,0,0,0,0,1,0,1,0,0,0,0,0,0,0,0,0,0,0,0,1,0,0,1,0,1,0,1,0,0,0,0,0,0,0,0,0,0,0,0,0,0,0,0,0,0,0,0,0,0,0,0,0,1,0,0,0,0,0,0,0,0,0,0,0,0,0,0,0,0,0,0,0,0,0,0,0,0,0,0,0,0,0,0,0,0,0,0,0,0,0,0,0,0,0,0,0,0,0,0,0,0,0,0,0,0,0,0,0,0,0,0,0,0,0,0,0,0,0,0,0,0,0,0,0,0,0,1,0,0,0,0,1,0,0,0,0,2,0,1,0,0,1,0,0,0,0,0,0,1,1,0,0,0,0,0,0,0,0,0,0,0,0,0,1,0,0,0,0,0,0,0,0,0,0,0,0,0,0,0,0,1,0,0,0,0,1,0,0,0,0,0,1,0,0,0,0,1,0,0,0,1,0,0,0,0,0,1,0,0,0,0,0,0,0,0,0,0,1
0,0,0,0,0,0,0,0,2,1,0,1,0,0,1,0,0,0,1,0,0,0,0,0,0,0,0,0,1,0,0,0,0,0,0,0,0,0,0,0,0,0,0,0,0,3,0,0,1,0,0,0,0,0,0,0,2,0,0,0,1,0,0,1,0,0,1,0,0,0,0,0,0,0,0,0,0,0,0,0,0,0,0,0,0,0,0,0,0,0,0,0,1,0,0,1,0,1,0,0,0,0,0,0,0,0,1,0,0,0,0,0,0,0,0,0,0,0,0,0,0,0,0,0,0,0,0,0,0,0,0,0,0,0,0,0,0,0,1,0,0,0,0,0,0,0,0,0,0,0,0,0,0,0,0,0,0,0,0,0,0,0,0,0,0,0,0,0,0,0,0,0,0,0,0,0,0,0,0,0,0,0,0,0,0,0,0,0,0,0,0,0,1,0,0,0,1,0,0,0,0,0,0,0,0,0,0,0,0,0,0,1,0,0,0,0,0,0,0,0,0,0,0,0,0,0,0,0,0,0,0,0,0,0,0,0,0,0,0,0,0,0,0,0,0,0,0,0,0,0,0,0,0,0,0,0
0,0,0,0,0,0,0,0,0,1,0,0,0,0,1,0,0,0,0,0,0,0,0,0,0,0,0,1,0,0,0,0,0,0,0,0,0,0,0,0,1,0,0,0,0,3,0,0,1,0,0,0,0,0,0,0,2,0,0,0,1,0,0,1,0,0,0,0,0,2,0,0,0,0,0,0,0,0,0,0,0,0,0,0,0,0,0,0,0,0,0,0,0,0,0,1,0,1,0,0,0,0,0,0,0,0,1,0,0,0,0,0,0,0,0,0,0,0,0,0,0,0,0,0,0,0,0,0,0,0,0,0,0,0,0,0,0,0,0,0,0,0,0,0,0,0,0,0,0,0,0,0,0,0,0,0,0,0,0,0,0,0,0,0,0,0,1,0,0,1,0,0,0,0,0,0,0,0,0,0,0,0,0,0,1,0,0,0,0,0,0,0,1,0,0,0,0,0,0,0,0,0,0,0,0,0,0,0,0,1,0,0,0,0,0,0,0,0,0,0,1,0,0,0,0,0,0,0,0,0,0,0,0,0,0,1,0,0,0,0,0,0,0,0,0,0,0,0,0,0,0,0,0,0,0,0
0,0,0,0,0,0,0,0,0,1,0,0,0,0,1,0,0,0,0,0,0,0,0,0,0,0,0,0,0,0,0,0,0,0,1,1,0,0,0,0,0,0,0,0,0,4,0,0,1,0,0,0,0,0,0,1,2,0,0,0,2,0,0,1,0,0,0,0,0,0,0,0,0,0,0,0,0,0,0,0,0,0,0,0,0,0,0,0,0,0,0,0,1,1,0,0,0,1,0,0,0,0,0,0,0,0,1,0,0,0,0,0,0,0,0,0,0,0,0,0,0,0,0,0,0,0,0,0,0,0,0,0,0,0,0,0,0,0,0,0,0,0,1,0,0,0,0,0,0,0,0,0,0,0,0,0,0,0,0,0,0,0,0,0,0,0,1,0,1,0,0,0,0,0,0,0,0,0,0,0,0,0,0,0,0,0,0,0,0,0,0,0,1,0,0,0,0,1,0,0,0,0,1,0,0,0,0,0,0,0,0,0,0,0,0,0,1,0,0,0,0,0,0,0,0,0,0,0,0,3,0,0,0,0,0,2,0,0,1,0,0,0,0,0,0,0,0,0,0,0,0,0,0,0,0,0
0,0,0,0,0,0,0,0,0,1,0,0,0,0,2,0,0,0,1,0,0,2,0,0,1,0,0,0,0,0,0,0,0,0,0,0,0,0,0,0,1,0,0,0,0,4,0,0,1,0,0,0,0,0,0,0,3,0,0,0,1,0,0,0,0,0,0,0,0,0,0,0,0,0,0,0,0,1,0,0,0,0,0,0,0,0,0,0,1,0,0,0,1,0,0,1,0,1,0,0,0,0,0,0,0,0,1,0,0,0,0,0,0,0,0,0,0,0,0,0,0,0,0,0,0,0,0,0,0,1,0,0,0,0,0,0,0,0,1,0,0,0,0,0,1,0,0,0,1,0,0,0,0,0,0,0,0,0,0,0,0,0,0,2,0,0,2,0,0,0,0,0,0,0,0,0,0,0,0,0,0,0,0,0,0,0,0,0,0,2,0,0,1,0,0,0,0,0,0,0,0,0,0,0,0,0,0,0,0,0,0,0,0,0,0,0,0,0,0,0,0,0,0,0,0,0,0,0,1,0,0,0,0,0,0,2,0,0,1,0,0,0,0,0,0,0,0,0,0,1,1,0,0,0,0,0
1,0,0,1,0,0,0,1,0,0,0,0,0,0,2,0,1,0,0,0,0,0,0,0,0,0,0,0,0,0,0,0,0,0,0,0,0,0,0,0,1,0,0,0,0,0,0,0,0,1,0,0,1,0,0,0,0,0,0,0,0,0,0,0,2,0,1,0,2,0,0,0,1,0,0,0,0,0,1,0,1,0,0,0,0,0,0,1,0,0,0,0,0,0,0,0,0,0,0,0,0,0,0,0,0,0,0,0,0,0,0,0,0,0,0,0,0,0,0,1,0,0,0,0,0,1,0,0,0,0,0,1,0,0,0,0,0,0,0,0,1,0,0,0,0,1,0,1,0,0,0,0,1,0,0,0,0,0,0,0,0,0,0,0,0,0,0,0,0,0,0,0,0,0,0,0,0,0,0,0,0,0,0,0,0,0,0,0,0,0,0,0,0,0,0,0,0,0,0,0,0,0,0,0,1,0,0,0,0,0,0,1,0,0,0,0,0,0,0,0,0,0,0,1,0,0,0,0,0,0,0,0,0,0,0,0,0,0,0,0,0,1,1,1,0,0,0,0,0,0,0,1,0,0,0,0
0,0,0,0,0,0,0,0,0,1,0,0,0,0,1,1,0,0,2,0,0,2,0,0,1,0,0,0,0,0,0,0,0,0,0,0,0,0,0,0,1,0,0,0,0,4,1,0,1,0,0,0,0,0,0,0,2,0,0,0,1,0,0,1,0,0,0,0,0,0,0,0,0,0,0,0,0,0,0,0,0,0,0,0,0,0,0,0,0,0,0,0,0,0,0,0,0,1,0,1,0,0,0,0,0,0,1,0,0,0,0,0,0,0,0,0,2,0,0,0,0,0,0,0,0,0,0,0,0,0,0,0,0,0,0,0,0,0,0,0,0,0,0,0,0,0,0,0,0,0,0,0,0,0,0,1,0,0,0,0,0,0,0,2,0,0,0,0,0,0,0,0,1,0,0,0,0,0,0,0,1,0,0,0,0,0,0,0,0,0,0,0,1,0,0,0,0,0,0,0,0,0,0,0,0,0,0,0,0,0,0,1,0,0,0,0,0,0,0,0,0,0,0,0,0,0,0,0,0,0,0,0,0,0,0,1,0,0,0,0,0,0,0,0,0,0,0,0,0,0,0,0,0,0,0,0
0,0,0,0,0,0,0,0,0,1,0,0,0,0,1,0,0,0,1,0,0,0,0,0,0,0,0,0,0,0,0,0,0,0,0,0,0,0,0,0,1,0,0,0,0,3,0,0,1,0,0,0,0,0,0,0,2,0,0,0,1,0,0,0,0,0,0,0,0,0,0,0,0,0,0,0,0,2,0,0,0,0,0,0,0,0,0,0,0,0,0,0,0,0,0,0,0,1,0,0,0,0,0,0,0,0,1,0,0,0,0,0,0,0,0,0,0,0,0,0,0,0,0,0,0,0,0,0,0,0,0,0,0,0,0,0,0,0,0,0,0,0,0,0,0,0,0,0,0,0,0,0,0,0,0,0,0,0,0,0,0,0,0,1,0,0,2,0,0,0,0,0,1,0,0,0,0,0,0,0,0,0,0,0,0,1,0,0,0,1,0,0,1,0,0,0,0,0,0,0,1,0,1,0,0,0,0,0,0,1,0,0,0,0,0,0,0,0,0,0,0,0,0,0,0,0,0,0,0,0,0,0,0,0,0,2,2,0,0,0,0,0,0,0,0,1,0,0,0,0,1,0,0,0,0,1
0,0,0,0,0,0,0,0,0,1,0,1,0,0,1,0,0,0,2,0,0,0,0,0,0,0,0,0,0,0,1,0,0,0,0,0,0,0,0,0,1,0,0,0,0,5,1,0,1,0,0,0,0,0,1,0,4,0,0,0,1,0,1,0,0,0,0,0,0,0,0,0,0,0,0,0,0,1,0,0,0,0,0,0,0,0,0,0,0,0,0,0,1,0,0,0,0,1,0,0,0,0,0,0,0,0,1,0,0,0,0,0,0,0,0,0,0,0,0,0,0,0,0,0,0,0,0,0,1,0,0,0,0,0,0,0,0,0,1,0,0,0,0,0,0,0,0,0,0,0,0,0,1,0,0,0,0,0,0,0,0,0,0,0,0,0,1,0,0,0,0,0,0,0,0,0,0,0,0,0,0,0,0,0,0,0,0,0,0,0,0,0,1,0,0,0,0,0,0,0,0,0,1,0,0,0,0,0,0,0,0,0,0,0,0,0,0,0,0,0,0,0,0,0,0,0,0,0,2,0,0,0,0,0,0,3,0,0,0,0,1,0,0,1,0,0,0,0,0,0,2,0,0,0,0,0
0,0,0,0,0,0,0,0,0,1,0,1,0,0,1,0,0,0,1,0,0,1,0,0,0,0,0,0,0,0,0,0,0,0,0,0,0,0,0,0,0,0,0,0,0,3,0,0,1,0,0,1,0,0,1,0,1,0,0,0,1,0,0,0,1,0,0,0,0,0,0,0,0,0,1,0,1,0,0,0,0,0,0,0,0,0,0,0,0,0,0,0,0,0,0,1,0,1,0,0,0,0,0,0,0,0,1,0,0,0,2,0,0,0,0,0,0,0,0,0,0,0,0,0,0,0,0,0,0,0,0,0,2,0,0,0,0,0,0,0,0,0,0,0,0,1,0,0,0,0,0,0,0,0,0,0,0,0,0,0,0,0,0,1,0,0,0,0,0,0,0,0,0,0,0,0,0,0,0,1,0,0,0,0,0,0,0,0,0,0,0,0,1,0,0,0,0,0,0,0,0,0,1,0,1,0,0,0,0,1,0,0,0,0,0,0,0,0,0,0,0,0,0,0,0,0,0,0,0,0,0,0,0,0,0,1,0,0,0,0,0,0,0,0,0,0,0,0,0,0,0,0,0,0,0,1
0,0,0,0,0,0,0,0,0,1,0,0,0,0,1,0,0,0,1,0,0,2,0,0,0,0,0,0,0,0,0,0,0,0,0,0,0,0,0,0,1,0,0,0,0,3,1,0,1,0,0,0,0,0,1,0,3,0,0,0,1,1,0,0,0,0,0,0,0,0,0,0,0,0,0,0,0,0,0,0,0,0,0,0,0,0,0,0,0,0,0,0,0,0,0,0,0,1,0,1,0,0,0,0,0,0,1,0,0,0,0,0,0,0,0,0,0,0,0,0,0,0,1,0,0,0,0,0,0,0,0,0,0,0,0,0,0,0,0,0,0,0,0,0,0,0,0,0,0,0,0,0,0,0,0,0,0,0,0,0,0,0,0,0,0,0,0,1,0,0,0,0,0,0,0,0,0,0,0,0,0,0,0,0,0,0,0,0,0,1,0,0,1,0,0,0,1,0,0,0,0,0,1,0,0,0,0,1,0,0,0,0,0,0,0,0,0,0,0,0,0,0,0,0,0,0,0,0,0,0,0,0,0,0,0,2,1,0,0,0,0,0,0,0,0,0,0,0,0,0,1,0,0,0,0,1
0,0,0,0,0,0,0,0,0,0,0,0,0,0,0,0,0,0,2,2,0,0,0,0,0,0,0,0,0,0,0,0,0,0,0,0,0,0,0,0,1,0,1,0,1,0,0,0,0,0,0,0,0,0,0,0,0,0,0,0,1,1,1,0,0,0,0,0,1,0,0,0,0,0,0,0,0,0,0,0,0,0,0,1,0,0,0,0,0,0,1,0,0,0,0,4,0,0,0,0,0,0,0,0,0,0,0,0,0,0,0,0,0,0,0,0,2,0,0,0,0,2,0,0,0,0,0,0,0,0,0,0,0,0,0,0,0,0,0,0,0,0,0,0,0,0,0,0,0,0,0,0,0,0,0,0,0,0,0,0,0,0,0,0,0,0,0,0,0,1,0,0,0,0,2,0,0,0,0,1,0,0,0,0,0,0,0,0,0,0,0,0,0,0,0,0,0,0,0,1,0,0,0,0,0,0,0,0,0,0,0,0,0,0,0,0,1,0,1,0,0,0,0,2,0,0,2,1,0,0,0,0,0,0,1,0,0,0,1,0,0,0,0,0,1,1,0,0,0,0,0,1,1,0,0,1
1,0,0,0,0,0,0,0,0,0,0,0,0,0,1,0,2,1,0,0,0,0,0,0,0,0,1,0,0,0,0,4,0,0,0,0,0,0,0,0,0,0,1,0,1,0,0,0,0,0,0,0,0,0,0,0,0,0,0,0,1,0,1,0,0,0,0,0,0,0,0,0,0,0,0,0,0,0,0,1,0,0,0,1,0,0,2,0,0,0,1,0,0,0,0,0,0,0,0,0,0,0,0,0,0,0,0,0,0,0,0,0,0,0,0,0,0,0,0,0,0,0,0,0,0,0,0,3,0,0,0,0,0,0,0,0,0,0,0,0,0,0,0,0,0,0,0,0,0,0,0,0,0,0,0,0,0,0,0,0,0,0,0,0,0,1,0,0,0,1,0,0,1,0,0,0,0,0,0,2,0,0,0,0,0,0,0,0,0,0,0,0,0,0,1,1,1,0,0,3,0,0,0,0,0,0,0,0,0,0,0,0,0,1,0,1,0,0,0,0,0,0,0,2,0,0,0,0,2,0,0,0,0,0,2,0,0,3,0,0,0,0,0,0,0,0,0,0,2,0,0,2,0,0,0,0
0,0,0,0,0,0,0,0,0,0,0,0,0,0,0,0,0,0,0,0,0,0,0,0,0,0,2,0,0,0,0,0,0,0,1,0,0,0,0,0,0,0,0,0,1,1,0,0,1,0,1,0,0,0,0,0,1,1,0,0,2,0,3,1,0,0,0,0,0,0,0,0,0,0,0,0,0,0,0,1,0,0,0,0,0,0,0,0,0,0,1,0,2,0,0,0,0,0,0,0,0,0,0,0,0,0,0,0,0,0,0,0,0,0,0,0,0,0,0,0,0,0,0,0,0,0,0,0,0,0,0,0,1,1,0,0,0,0,0,0,0,0,0,0,0,0,0,0,2,0,0,0,0,0,0,0,0,0,0,0,0,0,0,0,0,0,0,0,0,1,0,0,0,0,0,0,0,0,0,0,0,0,0,0,0,0,0,0,0,0,0,0,0,0,0,0,1,0,0,0,0,0,2,0,0,0,0,0,0,0,0,0,0,1,0,0,0,0,0,0,0,0,0,3,0,0,0,0,0,0,0,0,0,0,1,0,0,0,0,0,0,0,0,0,0,0,0,0,0,0,0,0,0,0,0,0
0,0,2,0,0,0,0,0,0,0,0,0,4,0,0,0,1,2,2,0,0,0,0,0,0,0,0,0,1,0,0,0,0,0,0,0,0,0,0,0,0,0,1,0,1,0,2,0,0,0,0,0,0,0,0,0,0,0,0,1,1,0,1,0,0,0,1,0,0,0,0,0,0,0,0,0,0,0,0,0,0,0,0,0,0,0,0,0,0,0,1,0,0,0,1,0,0,0,0,0,0,0,0,0,0,2,0,0,0,0,0,1,0,0,0,0,0,0,0,0,0,0,0,0,0,0,1,1,0,0,0,0,0,0,0,0,0,0,0,0,0,0,0,0,0,0,0,0,0,0,0,0,0,0,0,0,0,0,0,0,0,0,0,0,0,0,0,0,0,1,0,0,0,0,0,0,0,0,0,2,0,0,0,0,0,0,1,0,0,0,0,0,0,0,0,0,0,0,0,0,0,0,0,0,1,0,0,0,0,0,3,0,0,1,1,0,0,0,1,1,0,0,0,4,0,0,0,0,1,0,0,0,0,0,4,0,0,0,1,0,0,0,0,0,1,0,0,0,0,0,1,4,0,0,0,1
0,0,0,0,0,0,0,0,1,1,0,0,0,0,1,0,0,0,0,1,0,0,0,0,0,0,0,0,0,0,1,0,0,0,0,0,0,0,0,0,1,0,0,0,0,3,0,1,1,0,0,0,0,0,0,0,2,0,0,0,1,0,0,1,0,0,0,0,0,0,1,0,0,0,0,0,0,0,0,0,0,0,0,0,0,0,0,0,0,0,0,0,0,0,0,0,0,1,0,0,0,0,0,0,0,0,1,0,0,0,0,0,0,0,0,0,0,0,0,0,0,0,0,0,0,0,0,0,0,0,0,0,0,0,0,0,0,0,0,0,0,0,0,0,0,0,0,0,0,0,0,0,0,0,0,0,0,0,0,0,0,0,0,0,0,0,0,0,0,0,0,0,0,0,0,0,1,0,0,0,0,0,0,0,0,0,0,0,0,0,0,1,1,0,0,0,0,0,0,0,2,0,0,0,0,0,0,0,0,0,0,0,0,0,1,0,0,0,0,0,0,0,0,0,0,0,0,0,0,0,0,0,0,0,0,0,0,0,0,0,0,0,0,0,0,0,0,0,0,0,0,0,0,0,0,0
0,0,0,0,0,0,0,0,0,1,0,0,0,0,1,2,0,0,3,0,0,0,0,0,1,0,0,0,0,0,0,0,0,0,0,0,0,0,0,0,0,0,0,0,0,5,1,0,1,0,0,0,0,0,0,0,4,0,0,0,1,0,0,0,0,0,0,1,1,0,0,0,0,0,0,0,0,0,0,0,0,0,0,0,0,0,0,0,0,0,0,0,1,1,0,1,0,1,0,0,0,0,0,0,0,0,1,0,0,0,0,0,0,0,0,0,0,0,0,0,0,0,0,0,0,0,0,0,0,0,0,0,0,0,0,0,0,0,0,0,0,0,1,0,0,0,0,0,0,0,0,0,0,0,0,0,0,0,0,0,0,0,0,2,0,0,1,0,0,0,0,0,0,1,0,0,0,0,0,0,0,0,0,0,0,0,0,0,0,0,0,0,1,0,0,0,0,0,0,1,0,0,1,0,1,0,0,0,0,0,0,0,0,0,0,0,0,0,0,0,0,0,0,0,1,1,0,1,0,0,0,0,0,0,0,4,0,1,0,0,2,1,0,0,0,1,0,0,0,0,0,0,0,0,0,0
0,0,0,0,0,0,0,0,0,1,0,0,0,0,1,0,0,0,2,0,0,0,0,0,1,0,0,0,0,0,0,0,0,0,0,0,0,0,0,0,0,0,0,0,0,4,0,0,1,0,0,0,0,0,0,0,3,0,0,0,1,0,0,0,0,0,0,0,0,0,0,0,0,0,0,0,0,1,0,0,0,0,0,0,0,0,0,0,0,0,0,0,0,0,0,0,0,1,0,0,0,0,0,0,0,0,1,0,0,0,0,0,0,0,0,0,0,0,0,0,0,0,0,0,0,0,0,0,1,0,0,0,0,0,0,1,0,0,1,0,0,0,0,0,0,0,0,0,0,0,0,0,0,0,0,0,0,0,0,0,0,0,0,1,0,0,1,0,0,0,0,0,1,0,0,0,0,0,0,0,0,0,0,0,0,0,0,0,0,0,0,0,1,0,0,0,0,0,0,0,0,0,0,0,0,0,0,0,0,0,0,0,0,0,0,0,0,0,0,0,0,0,0,0,0,0,0,0,1,0,0,0,0,0,0,3,0,0,0,0,0,1,0,0,0,0,1,0,0,0,2,0,0,0,0,0
0,0,0,0,0,0,0,0,0,1,0,0,0,0,1,0,0,0,0,0,0,0,0,0,0,0,0,0,0,0,0,0,0,0,0,0,0,0,0,0,0,0,0,0,0,3,0,0,1,0,0,0,0,0,0,0,2,0,0,0,1,0,0,0,0,0,0,0,0,0,0,0,0,0,0,0,0,1,0,2,0,0,0,0,0,0,0,0,0,1,0,0,1,0,0,0,0,1,0,0,0,0,0,0,0,0,1,0,0,0,0,0,0,0,0,0,0,0,0,0,0,0,0,0,0,0,0,0,0,0,0,0,0,0,0,0,0,0,0,0,0,0,0,0,0,0,0,0,0,1,0,0,0,0,0,0,0,0,0,0,0,0,0,1,0,0,0,0,0,0,0,0,0,0,0,0,0,0,0,0,0,0,0,0,0,0,0,0,0,0,0,0,1,0,0,0,0,0,0,0,1,0,0,0,0,0,0,0,0,0,0,0,0,0,0,0,1,0,0,0,1,0,0,0,0,0,0,0,0,0,0,0,0,0,0,1,0,0,0,0,0,0,0,0,0,0,0,0,0,0,1,0,0,0,0,0
1,0,0,0,0,0,0,0,0,0,0,0,0,0,0,0,2,1,0,0,0,0,0,0,0,0,0,0,0,0,0,0,1,0,0,0,0,0,0,0,0,0,0,0,1,1,0,0,1,0,0,0,0,0,0,0,1,0,0,0,2,0,2,0,1,0,2,0,0,0,0,0,0,0,0,0,0,0,0,0,0,0,0,0,0,0,1,0,0,0,1,0,0,0,0,0,0,0,0,0,0,0,0,0,0,0,0,0,0,0,0,0,0,0,0,0,0,0,0,0,0,0,0,0,0,0,0,0,0,0,0,0,0,0,0,0,0,0,1,0,0,1,0,0,0,0,0,0,0,0,0,0,0,0,0,0,0,0,0,0,0,0,0,1,0,0,1,0,0,1,0,0,0,0,0,0,0,0,0,3,0,0,0,0,0,0,0,0,0,0,1,1,0,0,0,1,0,0,1,0,0,0,0,0,0,0,0,0,0,0,0,0,1,1,1,0,0,0,2,0,0,0,0,2,0,0,0,0,0,0,0,0,0,0,1,1,0,0,0,0,0,0,0,0,0,0,0,0,0,0,0,1,0,0,0,0
1,0,0,1,1,0,0,0,0,0,0,0,0,0,0,0,0,0,0,0,1,0,0,0,0,0,0,0,0,0,0,0,0,0,1,0,0,0,0,0,0,0,0,0,0,0,0,1,0,0,0,0,0,0,0,0,1,0,0,0,0,0,0,1,0,1,0,0,0,0,0,0,0,0,0,0,0,0,0,0,0,1,0,1,0,0,0,0,0,0,0,0,0,2,0,0,0,0,1,1,0,0,0,0,0,0,0,0,0,0,0,0,0,0,1,0,1,0,0,0,1,0,1,0,0,0,0,0,0,0,0,0,0,0,0,2,0,2,3,0,0,0,0,0,0,0,0,0,1,0,0,0,0,0,0,0,1,0,0,1,1,0,0,0,0,0,0,0,0,0,0,0,0,0,0,0,1,2,0,0,0,0,0,0,0,0,2,0,0,0,0,0,0,0,0,0,0,0,1,0,0,0,1,1,0,1,0,0,0,0,0,0,0,0,0,0,0,1,0,0,0,0,0,0,0,0,0,0,0,0,0,0,0,0,0,0,0,0,0,0,0,0,0,0,0,0,0,0,0,0,0,0,0,0,0,0
0,0,0,0,0,0,0,0,0,1,0,2,0,0,1,0,0,0,0,0,0,0,0,0,0,0,0,0,0,0,0,0,0,0,0,0,0,0,0,0,0,0,1,0,0,3,0,0,1,0,0,1,0,0,1,0,2,0,0,0,1,0,0,1,0,0,0,1,0,0,0,0,0,0,0,0,0,0,0,0,0,0,0,0,0,0,0,0,0,0,0,0,1,0,0,0,0,1,0,0,0,0,0,0,0,0,1,0,0,0,0,0,0,0,0,0,0,0,0,0,0,0,0,0,0,0,0,0,0,0,0,0,0,0,0,0,2,0,0,0,0,0,0,0,0,0,0,0,0,0,0,0,0,0,0,0,0,0,0,0,0,0,0,0,0,0,1,0,0,0,0,0,0,0,0,0,1,0,0,0,0,0,0,0,1,0,0,0,0,0,0,0,1,0,0,0,2,0,0,0,0,0,0,0,0,0,0,0,0,1,0,1,0,0,1,0,0,0,0,0,0,0,0,0,0,0,0,0,0,0,0,0,0,0,0,1,0,0,0,0,0,0,0,0,0,0,1,0,0,0,0,0,0,0,0,0
0,0,0,0,1,0,0,0,0,0,0,0,0,0,0,0,0,0,0,0,0,0,0,0,0,0,0,0,0,0,0,0,0,0,1,0,0,0,0,0,0,0,0,0,0,0,0,0,1,0,0,0,0,0,0,0,1,0,0,1,1,0,0,0,0,0,0,0,0,0,0,0,0,0,0,0,0,1,0,0,0,1,0,1,0,0,0,0,0,0,0,0,0,1,0,0,0,0,0,0,0,0,0,0,0,0,0,0,0,0,0,0,0,0,1,0,1,0,0,0,0,0,0,0,0,0,0,0,0,0,0,0,0,0,1,0,0,1,1,0,0,0,0,0,0,0,0,0,0,0,0,0,0,0,0,0,0,0,0,1,0,0,0,1,0,0,0,0,0,0,0,0,0,0,0,0,0,1,0,0,0,0,1,0,1,0,0,0,0,1,0,0,0,0,0,0,0,0,1,0,0,0,1,0,0,0,0,0,0,0,0,0,0,0,0,0,0,1,0,0,0,0,0,0,0,0,0,0,0,0,0,0,0,0,0,0,0,0,0,0,0,0,0,0,0,0,0,0,0,0,0,0,0,0,0,0
0,0,0,0,0,0,0,0,0,1,0,0,0,0,1,0,0,0,1,0,0,0,0,0,1,0,0,0,0,0,0,0,0,0,0,0,0,0,0,0,1,0,0,0,0,3,0,0,1,0,0,0,0,0,0,0,2,0,0,0,1,0,0,1,0,0,0,0,0,0,1,0,0,0,0,0,0,1,0,0,0,0,0,0,0,0,0,0,0,0,0,0,0,0,0,0,0,1,0,0,0,0,0,0,0,0,1,0,0,0,0,0,0,0,0,0,0,0,0,0,0,0,0,0,0,0,0,0,0,0,0,0,0,0,0,0,0,0,0,0,0,0,0,0,0,0,0,0,1,1,0,0,0,0,0,0,0,0,0,0,0,0,0,1,0,0,0,0,0,0,0,0,0,0,0,0,0,0,0,0,0,0,0,0,1,0,0,0,0,0,0,1,1,0,0,0,0,0,0,0,0,0,0,0,0,0,0,0,0,0,0,0,0,0,0,0,0,0,0,0,0,0,0,0,0,0,0,0,0,0,0,0,0,0,0,1,0,0,0,0,0,0,0,0,0,0,0,0,0,0,0,0,0,0,0,0
0,0,0,0,0,0,0,1,0,2,0,0,0,0,1,0,0,0,0,0,0,1,0,0,0,0,0,0,0,0,0,0,0,0,2,1,0,0,0,0,0,0,0,0,0,4,0,0,1,0,1,0,0,0,0,1,2,0,0,0,1,1,0,1,0,0,0,0,0,0,0,0,0,0,0,0,0,0,0,0,0,0,0,0,0,0,0,0,0,0,0,0,1,0,0,0,0,1,0,2,0,0,1,0,0,0,2,0,0,0,0,0,0,0,0,0,0,0,0,0,0,0,0,0,0,0,0,0,0,0,0,0,0,0,1,0,0,0,0,0,0,0,1,0,0,0,0,0,0,0,0,0,0,0,0,0,0,0,0,0,0,0,0,0,0,0,0,1,0,0,0,0,0,0,0,0,0,0,0,0,0,0,0,0,0,0,0,0,0,1,0,0,1,0,0,0,0,1,0,0,0,0,0,0,0,0,0,1,0,0,0,0,0,0,0,0,0,0,0,0,0,0,0,0,0,0,0,0,0,3,0,0,0,0,0,2,0,0,0,0,0,0,0,0,0,0,0,0,0,0,1,0,0,0,0,0
0,0,0,0,0,0,0,0,0,1,0,0,0,0,1,1,0,0,1,0,0,0,0,0,0,0,0,0,0,0,0,0,1,0,2,0,0,0,0,0,0,0,0,0,0,3,0,0,1,0,0,0,0,0,0,0,3,0,0,0,1,0,0,0,0,0,0,0,0,0,0,0,0,0,0,0,0,0,0,0,0,0,0,0,0,0,0,0,0,0,0,0,0,0,0,0,0,1,0,0,0,0,0,0,0,0,1,0,0,0,0,0,0,2,0,0,0,0,0,0,0,0,0,0,0,0,0,0,0,0,0,0,1,0,0,0,0,0,0,0,0,0,0,0,0,0,0,0,1,0,0,0,0,0,0,0,0,0,0,0,0,0,0,2,0,0,0,0,0,0,0,0,1,0,0,0,0,1,0,1,0,0,0,0,0,0,0,0,0,0,0,2,1,0,0,0,0,0,0,0,0,0,0,0,1,0,1,0,0,0,0,0,0,0,0,0,0,0,0,0,0,0,0,0,0,0,1,0,0,0,0,0,0,0,0,4,0,0,0,2,0,0,0,2,0,0,0,0,0,3,4,0,0,0,0,1
0,0,0,2,0,0,0,0,0,0,1,0,0,0,0,1,3,3,0,0,0,0,0,0,0,0,0,0,0,0,0,0,0,0,0,0,0,0,0,0,0,0,1,0,1,0,0,0,0,2,0,0,0,0,0,0,0,0,0,1,1,0,2,1,0,0,0,0,0,0,0,0,2,0,0,0,0,0,0,1,0,0,0,1,0,0,1,0,0,0,1,0,2,1,0,0,0,0,0,0,0,0,0,0,0,0,0,0,0,0,0,0,0,0,0,0,0,0,0,0,0,0,0,0,0,0,0,0,0,0,0,0,0,0,0,0,0,0,0,0,0,0,0,0,0,0,0,0,0,0,0,0,0,0,0,0,0,0,0,0,0,0,0,0,1,0,0,0,0,1,0,0,0,0,0,0,0,0,0,0,0,0,0,0,0,0,0,0,0,0,0,0,0,0,0,1,0,0,0,0,0,0,0,0,0,0,0,0,0,0,0,0,0,1,0,0,0,0,1,1,0,0,0,2,0,0,0,0,0,0,0,0,0,0,2,0,0,0,0,0,0,0,0,0,0,0,0,0,0,0,0,2,0,0,0,0
0,0,0,0,0,0,0,0,1,1,0,1,0,0,1,0,0,0,0,0,0,0,0,0,0,0,0,0,0,0,0,0,0,0,0,0,0,0,0,0,0,0,0,0,0,4,0,1,1,0,0,0,0,0,0,0,3,0,0,0,1,0,0,1,0,0,0,0,0,0,0,0,0,0,0,0,0,0,0,1,0,0,0,0,0,0,0,0,0,3,0,0,0,0,0,0,0,1,0,0,0,0,0,0,0,0,1,1,0,0,0,0,0,0,0,0,0,0,0,0,0,0,0,0,0,0,0,0,0,0,0,1,0,0,0,0,0,0,0,0,0,1,0,0,0,0,0,0,0,0,0,0,0,0,0,0,0,0,0,0,0,0,0,0,0,0,1,0,0,0,0,0,0,0,0,0,0,0,1,0,0,0,0,0,0,0,0,0,0,1,0,2,1,0,0,0,0,0,0,0,0,0,0,0,0,0,0,0,0,0,0,0,0,0,0,0,0,0,0,0,0,0,0,0,0,0,0,0,0,0,0,0,0,0,0,1,0,1,0,0,0,0,0,0,0,0,0,0,0,0,0,0,0,0,0,0
0,0,0,0,0,0,0,0,0,0,0,0,0,0,0,0,0,0,0,2,0,0,0,0,0,0,1,0,0,0,1,0,0,0,1,0,0,0,0,0,0,0,1,0,2,0,0,0,0,0,0,0,0,0,0,0,0,2,1,0,1,1,3,0,0,0,0,0,0,0,0,0,0,0,0,0,0,0,0,0,0,0,0,0,0,0,0,0,0,0,1,0,0,0,0,0,0,0,0,0,0,0,0,0,0,0,0,0,0,0,0,0,0,0,0,0,0,0,1,0,0,0,0,0,0,0,0,0,0,0,0,0,0,0,0,0,0,0,0,0,0,0,0,0,0,0,0,0,0,1,0,0,0,0,0,1,0,0,0,0,0,0,0,0,1,0,0,0,0,1,0,0,0,0,1,0,1,0,0,0,0,0,0,0,0,0,0,0,0,0,0,1,1,0,0,0,0,0,0,0,0,0,0,0,0,0,0,0,0,0,0,0,0,1,0,0,0,0,0,0,0,0,0,2,0,0,0,0,0,0,0,0,0,0,0,0,0,0,1,0,0,0,0,0,1,0,0,0,0,0,0,0,0,0,0,1
0,0,0,0,0,0,0,0,0,1,0,0,0,0,1,0,0,0,0,0,0,0,0,0,0,0,0,0,0,0,0,0,0,0,0,0,0,0,0,0,0,0,0,0,0,4,0,0,1,0,0,0,0,0,0,0,3,0,0,0,1,0,0,1,0,0,0,0,1,0,0,0,0,0,0,0,0,0,0,0,0,1,0,0,0,0,0,0,0,2,0,1,1,1,0,1,0,1,0,0,0,0,0,0,0,0,1,0,0,0,0,0,0,0,0,0,0,0,0,0,0,0,0,0,0,0,0,0,0,0,0,0,0,0,0,0,0,0,0,0,0,0,1,0,0,0,0,0,0,0,0,0,0,0,0,0,0,0,0,0,0,0,0,0,0,0,0,0,0,0,0,0,0,0,0,0,0,0,0,0,0,0,0,0,0,0,0,0,0,0,0,0,1,0,0,0,0,0,0,0,0,0,0,0,0,0,0,0,0,0,0,0,0,0,0,0,0,0,0,0,0,0,0,0,0,0,0,0,1,0,0,0,0,0,0,3,0,0,0,0,1,1,0,0,0,1,0,0,0,0,0,0,0,0,1,0
0,0,0,0,0,0,0,0,0,1,0,0,0,0,1,0,0,1,2,0,0,0,1,0,1,0,0,0,0,0,0,0,0,0,1,0,0,0,0,0,1,0,0,0,0,4,1,0,1,0,0,0,0,0,0,0,3,0,0,0,1,0,0,0,0,0,0,0,0,0,1,0,0,0,0,0,0,1,0,0,0,0,0,0,0,0,0,0,0,0,0,0,0,0,0,1,0,1,0,0,0,0,0,0,0,0,1,0,0,0,0,0,0,0,0,0,1,0,0,1,0,0,0,0,0,0,0,0,0,0,0,0,0,0,0,0,0,0,0,0,0,0,0,0,0,0,0,0,0,0,0,0,0,0,0,0,0,0,0,0,0,0,0,2,0,0,1,0,0,0,0,0,0,0,0,0,0,0,0,0,0,0,0,0,0,0,0,0,0,0,0,0,1,0,0,0,0,0,0,0,0,0,0,0,0,0,1,0,0,0,0,0,0,0,0,0,0,0,0,0,0,0,0,0,0,0,0,0,0,0,0,0,0,0,0,1,0,0,0,0,0,0,0,0,0,0,0,0,0,0,0,0,0,0,0,0
0,0,0,0,0,0,0,0,0,0,0,0,0,0,0,0,0,0,0,1,1,0,0,0,0,0,0,0,0,0,0,0,0,0,0,0,0,0,0,0,0,0,1,0,1,0,0,0,0,0,0,0,0,0,0,0,0,0,0,0,1,0,0,0,0,0,0,0,0,0,0,0,0,0,0,0,0,0,0,0,0,0,0,0,0,0,0,0,0,0,1,0,0,0,0,0,0,0,0,1,0,0,0,0,0,0,1,1,0,1,0,0,0,0,0,0,0,0,0,0,0,0,0,0,1,0,0,0,0,0,0,0,1,0,0,0,0,0,0,0,0,1,0,0,0,0,0,0,0,0,0,0,0,0,0,1,0,0,0,0,0,0,1,0,1,1,0,0,0,1,0,0,0,0,0,0,0,0,0,3,0,0,0,0,0,0,0,0,1,0,0,1,0,0,0,0,0,0,0,0,0,0,0,0,0,0,0,0,0,0,0,0,0,0,2,0,0,0,1,0,0,0,0,0,0,0,0,0,0,0,0,0,0,0,2,0,0,0,1,0,0,0,0,0,1,0,0,0,0,0,0,1,0,0,0,1
0,0,0,0,0,0,0,0,0,0,0,0,0,0,0,0,0,2,1,1,0,0,0,0,0,0,4,0,1,0,0,0,0,2,0,0,0,0,0,0,0,0,1,0,2,0,0,0,0,0,0,0,0,4,0,0,0,0,0,0,1,0,3,0,0,0,0,0,0,0,0,0,0,0,0,0,0,0,0,0,0,0,0,0,0,0,0,0,0,0,1,0,0,0,0,0,0,0,0,0,0,2,0,0,0,0,1,0,0,1,0,0,0,0,0,0,1,0,1,0,0,0,0,0,0,0,0,0,0,0,0,0,0,0,0,0,0,0,0,1,0,0,0,0,2,0,0,0,0,0,0,0,0,0,0,1,0,0,0,0,0,0,0,0,2,0,0,0,0,1,0,0,0,0,1,0,0,0,0,4,0,0,1,0,0,0,0,0,0,0,0,2,0,0,0,0,0,0,0,0,0,0,0,0,0,0,0,0,0,0,0,0,0,0,0,0,0,0,0,1,0,0,0,1,0,0,1,0,0,0,0,1,0,0,2,0,0,0,1,0,0,0,0,0,1,0,0,0,0,0,0,3,0,0,0,1
0,0,0,0,0,0,0,0,0,0,0,0,0,0,0,0,0,0,0,0,0,0,0,0,0,0,0,0,0,0,0,0,0,0,0,0,0,0,0,0,0,0,2,0,1,0,0,0,0,0,0,0,0,0,0,0,0,1,0,0,1,0,1,0,1,0,0,0,0,0,0,0,0,0,0,0,0,0,0,0,0,0,0,0,0,0,0,0,0,0,1,0,0,0,0,0,0,0,0,0,0,0,0,0,0,0,0,0,0,0,0,0,0,0,0,0,0,0,0,0,0,0,0,0,0,0,0,0,0,0,0,0,0,0,0,0,0,0,0,0,0,0,0,0,0,0,0,0,0,0,0,0,1,0,0,0,0,0,0,0,0,0,0,0,1,0,0,0,0,1,0,0,0,0,1,0,0,0,0,1,2,0,0,0,0,0,0,0,0,0,1,0,1,0,0,0,0,0,0,0,0,0,0,0,0,0,0,0,0,0,0,0,0,0,1,0,0,0,1,0,0,0,0,2,0,0,0,0,0,0,0,0,0,0,0,0,0,0,1,0,0,0,0,0,1,0,0,0,0,0,0,0,0,0,0,1
0,0,0,0,0,0,0,0,0,1,0,0,0,0,1,1,0,0,2,0,0,0,0,0,1,0,0,0,0,0,0,0,1,0,0,0,0,0,0,0,0,0,0,0,0,2,0,1,1,0,0,0,0,0,0,0,2,0,0,0,1,0,0,2,1,0,0,0,1,0,0,0,0,0,0,0,0,0,0,0,1,0,0,0,0,0,0,0,0,2,0,0,0,0,0,0,0,1,0,0,0,0,0,0,0,0,1,0,0,0,0,0,0,0,0,0,0,0,0,0,0,0,0,0,0,0,0,0,0,0,0,0,0,0,0,0,0,0,0,0,0,0,0,0,0,0,0,0,0,0,0,0,1,0,0,0,0,0,0,0,0,0,0,3,0,0,1,0,0,0,0,0,1,0,0,0,0,0,0,0,0,0,0,0,0,0,0,0,0,0,0,0,1,0,0,0,0,0,0,0,0,0,0,0,0,0,1,1,0,0,0,0,0,0,0,0,0,0,0,0,0,0,0,0,0,0,0,0,0,0,0,0,0,0,0,0,0,0,0,0,0,0,0,0,0,0,0,0,0,0,0,0,0,0,0,0
0,0,0,0,0,0,0,0,0,1,0,1,0,0,1,1,0,0,2,0,0,1,0,0,1,0,0,0,0,0,0,0,0,0,0,0,0,0,0,0,1,0,0,0,0,4,0,0,1,0,0,0,0,0,0,0,1,0,0,0,1,0,0,0,0,0,0,0,0,0,0,0,0,0,0,0,0,0,0,0,0,0,0,0,0,0,0,0,0,1,0,0,0,0,0,0,0,1,0,1,0,0,0,0,0,0,1,0,0,0,0,1,0,0,0,0,0,0,0,0,0,0,0,0,0,0,0,0,0,0,0,0,0,0,0,0,0,0,0,0,0,0,0,0,0,0,0,0,0,0,0,0,0,0,0,0,0,0,0,0,0,0,0,0,0,0,0,0,0,0,0,0,0,0,0,0,0,0,0,0,0,0,0,0,1,0,0,0,0,0,0,0,2,1,0,0,0,0,0,0,0,0,1,0,0,0,0,0,0,2,0,0,0,0,0,0,1,0,0,0,0,0,0,0,0,0,0,0,0,0,0,0,0,0,0,1,0,0,0,0,0,0,0,1,0,0,0,0,0,1,0,0,0,0,0,0
0,0,0,0,0,0,0,0,0,1,0,0,0,0,1,0,0,0,1,0,0,0,0,0,0,0,0,1,0,0,0,0,0,0,1,0,0,0,0,0,0,0,0,0,1,4,0,0,1,0,0,0,0,0,0,0,1,0,0,2,1,0,0,0,0,0,0,0,1,0,0,0,0,0,0,0,0,0,0,0,0,0,0,0,0,0,0,0,0,2,0,0,1,0,0,0,0,1,0,0,0,0,0,0,0,0,1,0,0,0,0,0,0,0,0,0,0,0,0,0,0,0,0,0,0,0,0,0,0,0,0,0,0,0,0,0,0,0,0,0,0,0,0,0,0,0,0,0,0,0,0,0,0,0,0,0,0,0,0,0,0,0,0,0,0,0,0,0,0,0,0,0,0,0,0,0,0,0,1,0,0,0,1,0,0,0,0,0,0,0,0,1,1,0,0,0,0,0,0,1,0,0,0,0,0,0,0,0,0,0,0,1,0,0,0,0,0,0,0,0,0,0,0,0,0,0,0,0,0,0,0,0,0,0,0,3,0,0,0,0,0,0,0,0,0,0,0,0,0,0,2,0,0,0,0,0
0,0,0,0,0,0,0,0,0,1,0,1,0,0,1,0,0,0,2,0,0,0,0,0,0,0,0,0,0,0,0,0,0,0,0,0,0,0,0,0,0,0,0,0,0,2,0,0,1,0,0,0,0,0,0,0,1,0,0,0,1,0,0,0,0,0,0,0,1,0,1,0,0,0,0,0,0,0,0,1,0,0,0,0,0,0,0,0,0,0,0,0,1,0,0,0,0,1,0,0,0,0,0,0,0,0,1,0,0,0,0,0,0,0,0,0,0,0,0,0,0,0,0,0,0,0,0,0,0,1,0,0,0,0,0,0,0,0,0,0,0,0,0,0,0,0,0,0,1,1,0,0,0,0,0,0,0,0,0,0,0,0,0,0,0,0,0,0,0,0,0,0,0,0,0,0,0,0,0,0,0,0,0,0,0,0,0,0,0,0,0,0,1,0,0,0,0,0,0,0,0,0,1,0,0,0,0,0,0,1,0,0,0,0,0,0,0,0,0,0,0,0,0,0,0,0,0,0,0,0,0,0,0,0,0,1,0,0,0,0,0,0,0,0,0,0,0,0,0,0,1,0,0,0,0,0
0,0,0,0,0,0,0,0,0,1,0,0,0,0,1,0,0,0,0,0,0,0,0,0,0,0,0,0,0,0,0,0,0,0,0,0,0,0,0,0,0,0,0,0,0,4,1,0,1,0,0,0,0,0,0,0,1,0,0,0,2,0,0,0,1,0,0,0,0,0,0,0,0,0,0,0,1,1,0,0,0,0,0,0,0,0,0,0,0,1,0,0,2,0,0,1,0,1,0,0,0,0,0,0,0,0,1,0,0,0,0,0,0,0,0,0,0,0,0,0,0,0,0,0,0,0,0,0,0,0,0,0,0,0,0,0,0,0,0,0,0,0,0,0,0,0,0,0,0,2,0,0,0,0,0,0,0,0,0,0,0,0,0,0,0,0,0,0,0,0,0,0,0,0,0,0,0,0,0,0,0,0,0,0,1,0,0,0,0,0,0,1,1,0,0,0,0,0,0,0,0,0,0,0,0,0,0,0,0,0,0,0,0,1,0,0,1,0,0,0,0,0,0,0,0,0,0,0,1,0,0,0,0,0,0,2,0,0,0,0,0,0,0,0,0,1,0,0,0,1,0,0,0,0,0,0
0,0,0,0,0,0,0,0,0,0,0,0,0,0,0,0,0,1,0,0,0,0,1,0,0,0,0,0,0,0,0,0,0,0,0,0,0,0,0,0,0,0,1,0,1,0,0,0,0,0,0,0,0,0,0,0,0,1,0,0,1,1,1,0,0,0,0,0,0,0,0,0,0,0,0,0,0,0,0,0,0,0,0,0,0,0,0,1,0,0,1,0,0,0,0,0,0,1,0,0,0,0,0,0,0,0,1,1,0,0,0,0,0,0,0,0,0,0,0,0,0,0,0,0,0,0,0,0,0,0,0,0,0,0,0,0,0,0,0,0,0,0,0,0,0,0,0,0,0,0,0,0,0,0,0,0,0,0,0,0,0,0,0,0,1,0,0,0,0,1,0,0,0,0,0,0,0,0,0,1,0,0,0,0,0,0,0,0,0,0,0,0,0,0,0,1,0,0,0,0,0,0,0,0,1,0,0,0,0,0,0,0,0,1,1,1,0,0,0,0,0,0,0,1,0,0,0,0,0,1,0,0,0,0,1,0,0,0,0,0,0,0,0,0,0,0,0,0,0,0,0,0,0,0,0,0
0,0,0,0,0,0,0,0,0,1,0,0,0,0,1,0,0,0,2,0,0,0,0,0,1,0,0,0,0,0,0,0,0,0,0,0,0,0,0,0,1,0,0,0,0,4,2,0,1,0,0,0,0,0,0,0,3,0,0,0,1,0,0,0,0,0,0,0,0,0,0,0,0,0,0,0,0,1,0,0,0,0,0,0,0,0,0,0,0,0,0,0,0,0,0,0,0,1,0,0,0,0,0,0,0,0,1,0,0,0,0,0,0,0,0,0,0,0,0,0,0,0,0,0,0,0,0,0,0,0,0,0,0,0,0,0,0,0,0,0,1,0,0,0,1,0,0,0,1,0,0,0,0,0,0,0,0,0,0,0,0,0,0,3,0,0,1,0,0,0,0,0,0,0,0,0,0,0,0,1,0,0,0,0,1,0,0,0,0,1,0,0,1,0,0,0,0,0,0,0,0,0,0,0,0,0,0,0,0,0,0,1,0,0,0,0,0,0,0,0,0,0,0,0,0,0,0,0,0,0,0,0,0,0,0,0,0,0,0,0,0,0,0,0,0,0,0,0,0,0,0,0,0,0,0,0
0,0,0,0,0,0,0,0,0,0,0,0,0,0,0,0,2,0,0,0,1,0,0,0,0,0,0,0,0,0,0,0,0,0,0,0,0,0,0,0,0,0,0,0,1,1,0,0,1,0,1,0,0,0,0,0,1,0,0,0,2,0,1,1,2,0,0,0,0,0,0,0,0,0,0,0,0,0,0,0,0,0,0,0,0,0,0,0,2,1,1,0,0,0,0,0,0,0,0,0,0,0,0,0,0,0,0,0,0,0,0,0,0,0,0,0,0,0,0,0,0,0,0,0,0,0,0,0,0,0,0,0,0,0,0,0,0,0,0,0,0,0,0,0,0,0,0,0,1,0,0,0,0,0,0,0,0,0,0,0,0,0,0,0,1,0,1,0,0,1,0,0,0,0,0,0,0,0,0,2,0,0,0,0,0,0,0,0,0,0,0,1,0,0,0,0,0,0,0,0,0,0,0,0,0,0,0,0,0,0,0,0,0,0,0,1,0,0,0,0,0,0,0,2,0,0,0,0,0,0,0,0,0,0,0,1,0,0,1,0,0,0,0,0,0,0,0,0,0,0,0,1,0,0,0,1
0,0,0,0,0,0,0,0,0,0,0,0,0,0,0,0,2,1,1,1,0,0,0,0,0,0,0,0,0,0,0,0,0,0,0,0,0,0,0,0,0,0,1,0,1,0,0,0,0,0,0,0,0,0,0,0,0,0,0,0,1,0,0,0,1,2,0,0,0,0,0,0,1,0,0,0,1,0,0,0,0,0,0,0,0,0,0,0,0,0,1,0,0,0,0,0,0,0,0,0,0,0,0,0,0,0,0,0,0,0,0,0,0,0,0,0,0,0,0,0,0,0,0,0,0,0,0,0,0,1,0,0,0,0,0,0,0,0,0,0,0,0,0,0,0,0,0,0,0,0,0,2,0,0,1,0,0,0,0,0,0,0,0,0,0,0,0,0,0,1,0,0,1,0,0,0,0,0,0,4,0,0,0,0,2,0,0,0,0,0,0,0,0,0,0,1,0,0,0,0,0,0,0,0,0,0,0,0,0,0,0,0,0,1,0,0,0,0,1,1,0,0,0,1,0,0,0,1,0,1,0,0,0,0,3,0,0,0,0,0,0,0,0,0,0,0,0,0,0,0,0,4,0,0,0,0
0,0,0,1,0,0,0,0,0,0,0,0,0,0,0,0,0,1,0,1,0,0,0,0,0,0,3,0,0,0,0,0,0,0,1,0,0,0,0,0,1,0,1,0,2,0,0,0,0,0,0,0,0,0,0,0,0,1,0,0,1,0,3,0,0,0,0,0,0,0,2,0,0,0,0,0,0,0,0,0,0,0,0,0,0,0,1,0,0,0,1,0,1,0,0,0,0,0,0,0,0,0,0,0,0,0,0,0,0,0,0,0,0,0,0,0,0,0,0,0,0,0,0,0,0,0,0,0,0,0,0,0,0,0,0,0,0,0,0,0,0,0,0,0,0,0,0,0,0,0,0,0,0,0,0,0,0,0,0,0,0,0,0,0,1,0,0,0,0,2,0,0,1,0,1,0,0,0,0,3,0,0,0,0,0,0,0,0,1,0,0,2,0,0,0,0,0,0,0,0,0,0,0,0,0,0,0,0,0,0,0,0,0,0,0,0,0,0,0,0,0,0,0,2,0,0,0,0,0,0,0,0,0,0,1,1,0,0,1,0,0,0,0,0,1,0,0,0,0,0,0,1,0,0,0,1
0,0,0,0,0,0,0,0,0,0,0,0,0,0,0,0,0,0,0,0,0,0,0,0,0,0,0,0,0,0,0,0,0,0,0,0,0,0,0,0,0,0,1,0,1,0,0,0,0,0,0,0,0,0,0,0,0,0,0,0,1,1,1,0,2,0,0,0,0,0,0,0,0,0,0,0,0,0,0,0,0,0,0,1,0,0,0,0,0,0,1,0,0,0,0,0,0,0,0,0,0,0,0,0,0,0,0,0,0,0,0,0,0,0,0,0,0,0,0,0,0,0,0,0,0,0,0,0,0,0,0,0,0,0,0,0,0,0,0,1,0,0,0,0,1,0,0,0,0,0,0,0,0,0,0,0,0,0,0,0,0,0,0,0,0,0,0,0,0,1,0,0,1,0,1,0,0,0,0,2,0,0,0,0,0,0,1,1,0,0,0,1,0,0,0,1,0,0,0,0,0,0,0,0,1,0,0,0,0,0,0,0,0,1,0,0,0,0,0,1,0,0,0,1,0,0,0,0,0,0,0,0,0,0,0,0,0,0,0,0,0,0,0,0,0,0,0,0,0,0,0,0,0,0,0,0
0,0,0,0,0,0,0,0,0,1,0,1,0,0,1,0,0,0,0,0,0,0,0,0,0,1,0,0,0,0,0,0,0,0,0,0,0,0,0,0,0,0,0,0,0,4,0,0,1,0,0,0,0,0,0,0,3,0,0,0,1,0,0,0,0,0,0,0,0,0,2,0,0,0,0,0,0,1,0,1,0,0,0,0,0,0,0,0,0,2,0,0,1,0,0,0,0,1,1,0,0,0,0,0,0,0,1,0,0,0,0,0,0,0,0,0,1,0,0,0,0,0,0,0,0,0,0,0,0,0,0,0,0,0,0,0,0,0,0,0,0,0,0,0,0,0,0,0,0,0,0,0,0,0,0,0,0,0,0,0,0,0,0,0,0,0,0,0,0,0,0,1,2,0,0,0,0,0,0,0,0,0,0,0,0,0,0,0,0,0,0,1,1,0,0,0,0,0,0,0,0,0,0,0,0,0,0,0,0,0,0,0,0,0,0,0,0,0,0,0,0,0,0,0,0,0,0,0,0,0,0,0,0,0,0,2,0,1,0,0,0,0,0,0,0,0,0,0,0,0,0,0,0,0,0,0
0,0,0,0,0,0,0,0,2,0,0,0,0,0,0,0,0,1,1,0,0,0,0,0,1,0,0,0,0,0,0,0,0,0,0,0,0,0,0,0,0,0,0,0,1,1,0,0,1,0,0,0,0,0,0,0,2,0,0,0,1,0,1,1,0,0,0,0,0,0,0,0,0,0,0,0,1,0,0,0,0,0,0,0,0,0,1,0,0,0,0,0,1,1,0,0,0,1,0,0,0,0,0,0,0,0,1,0,0,0,0,0,0,0,0,0,1,0,0,0,0,0,1,0,0,0,0,0,0,0,0,0,0,0,0,0,0,0,0,0,0,0,0,0,0,0,0,0,0,0,0,0,0,0,0,1,0,0,0,1,0,0,0,1,0,0,1,0,0,1,0,0,0,0,0,0,0,0,0,2,0,0,0,0,0,0,0,0,0,0,0,1,1,0,0,0,0,0,0,0,0,0,0,0,0,0,0,0,0,0,0,0,0,0,0,0,0,0,0,0,0,0,0,1,0,0,0,0,0,0,0,0,0,0,0,0,0,0,0,0,0,0,0,0,0,0,0,0,0,0,1,0,0,0,0,0
0,0,0,0,0,0,0,0,0,0,0,0,0,0,0,0,1,1,0,0,0,0,1,0,0,0,2,0,0,0,0,0,0,0,0,0,0,1,0,0,1,0,1,1,1,0,0,0,0,0,0,0,0,0,0,0,0,1,0,0,1,2,3,0,1,0,0,0,0,0,3,0,0,0,0,0,0,0,0,0,0,0,0,0,0,0,1,0,0,0,1,0,0,0,0,0,0,0,0,0,1,0,0,0,0,0,0,0,1,0,0,0,0,0,0,0,0,0,0,0,0,0,2,0,0,0,1,0,0,0,0,0,0,0,0,0,0,0,0,0,0,0,0,0,0,0,0,0,0,0,0,0,0,0,0,0,0,0,0,0,1,0,0,0,1,0,0,0,0,1,0,0,0,0,0,0,0,0,0,4,0,0,0,0,0,0,0,0,0,0,2,0,0,0,1,1,0,0,2,0,0,0,0,0,0,0,0,0,0,0,0,0,0,1,0,0,0,0,4,1,0,0,0,5,0,0,0,0,0,2,0,0,0,0,0,0,0,0,0,0,0,0,0,0,0,0,0,1,0,0,0,1,0,0,0,0
0,0,0,0,0,0,0,0,0,1,0,0,0,0,1,0,0,0,0,0,0,0,0,0,0,0,0,0,0,0,0,0,0,0,0,0,0,0,0,0,0,0,0,0,0,4,0,0,1,0,0,0,0,0,0,0,1,0,0,0,1,0,0,0,0,0,0,0,0,0,0,0,0,2,0,0,0,1,0,0,0,0,0,0,0,0,0,0,3,0,0,0,1,0,0,0,1,1,0,0,0,0,0,0,0,0,1,1,0,0,0,0,0,0,0,0,0,0,0,0,0,0,0,0,0,0,0,0,0,0,0,0,0,0,0,0,0,0,0,0,0,0,0,0,0,0,0,0,1,0,0,0,0,0,0,0,0,0,0,1,0,0,0,0,0,0,1,0,0,0,0,0,0,0,0,0,0,0,0,0,0,0,1,0,0,0,0,0,0,1,0,2,1,0,0,0,0,0,0,0,0,0,1,0,0,0,1,0,0,0,0,0,0,0,0,0,1,0,0,0,0,0,0,0,0,0,0,0,0,0,0,0,0,0,0,3,0,0,0,0,2,0,0,1,0,0,0,0,0,0,2,0,0,0,0,1
0,0,0,0,0,0,0,0,0,0,0,0,0,0,1,0,2,2,1,0,0,0,0,0,0,0,0,0,0,0,0,0,0,0,0,0,0,0,0,0,0,0,1,0,1,0,0,0,0,0,0,0,0,0,0,0,0,1,0,0,1,0,2,0,0,0,1,0,0,0,0,0,0,0,0,0,0,0,0,0,0,0,0,0,0,0,0,0,0,0,1,0,0,0,0,0,0,1,0,0,0,0,0,1,0,0,0,0,0,0,0,0,0,0,0,0,0,0,0,0,0,0,0,0,0,0,0,0,0,0,0,0,0,0,0,0,0,0,0,0,0,0,0,0,0,0,0,0,0,0,0,0,0,0,0,0,0,0,1,0,0,0,0,0,1,1,0,0,0,1,0,0,0,0,2,0,0,0,0,4,1,0,0,0,3,0,0,0,0,1,2,1,0,0,0,0,0,0,0,0,0,0,0,0,0,0,0,0,0,0,2,0,0,0,0,0,0,0,0,0,0,0,0,2,0,2,0,0,0,1,0,0,0,0,0,0,0,0,1,0,0,0,0,0,1,0,0,0,0,0,2,2,0,0,0,1
0,1,0,0,0,0,0,1,0,1,0,1,0,0,1,1,0,0,0,0,0,0,0,0,0,0,0,0,0,0,0,0,0,0,0,0,0,0,0,0,0,0,0,0,1,4,0,0,1,0,0,0,0,0,0,0,1,0,0,0,1,0,0,1,0,0,0,0,1,0,0,0,0,0,0,0,0,0,0,0,0,0,0,0,0,0,1,0,0,0,0,0,1,0,0,0,0,1,0,0,0,0,0,0,0,0,1,0,0,0,0,0,0,0,0,0,0,0,0,0,0,0,0,0,0,0,0,0,0,0,0,0,0,0,0,0,0,0,0,0,0,0,1,0,0,0,0,0,0,0,0,0,0,0,0,0,0,0,0,0,0,0,0,0,0,1,0,0,0,0,1,0,0,0,0,0,0,0,0,0,0,0,1,0,0,0,0,0,0,0,0,0,1,0,0,0,0,0,0,0,0,0,0,0,0,1,0,0,0,0,0,0,0,0,0,0,0,0,0,0,0,0,0,0,0,0,0,0,0,0,0,0,0,0,0,2,0,0,0,0,0,0,0,0,0,0,2,0,0,0,1,0,0,0,1,0
0,0,0,0,0,0,0,0,0,0,0,0,0,0,0,0,3,0,1,0,0,0,0,0,0,0,4,1,0,0,0,0,0,0,1,0,0,0,0,0,0,0,1,0,1,0,1,0,0,0,1,0,0,0,0,0,1,2,0,0,1,1,2,0,0,0,0,0,0,0,0,0,0,0,0,0,0,0,0,0,0,0,0,0,0,0,0,0,0,0,1,0,0,0,0,0,0,0,0,0,0,0,2,0,0,0,0,0,0,1,1,0,0,1,0,0,3,0,0,0,0,0,0,0,0,0,1,0,0,0,0,0,0,0,0,0,0,1,0,0,0,0,0,0,0,0,0,0,0,0,0,0,0,0,0,0,1,0,0,0,0,0,0,0,0,0,0,0,0,1,0,0,0,0,1,0,0,0,0,4,0,0,0,0,0,0,0,1,0,0,1,0,0,0,0,1,0,0,1,0,0,0,1,0,0,0,0,0,0,0,0,0,0,2,1,0,0,0,3,1,0,0,0,2,0,0,0,0,0,1,0,0,0,0,1,0,0,0,0,0,0,0,0,0,0,0,0,0,0,0,0,1,0,0,0,0
0,0,0,0,1,0,0,0,1,0,0,0,0,0,0,0,1,0,0,0,0,0,0,0,1,0,2,0,0,0,0,0,0,0,0,0,0,0,0,0,0,0,0,0,1,2,1,0,1,0,0,0,0,0,0,0,1,0,0,0,2,0,2,2,0,0,0,0,0,0,1,0,0,0,0,0,0,0,0,0,0,0,0,0,0,0,0,0,0,0,1,0,0,0,0,0,0,1,0,0,0,0,0,0,0,0,0,0,0,0,0,0,0,0,0,0,0,0,0,0,0,0,0,0,0,0,0,0,0,0,0,0,0,0,0,0,0,0,0,0,0,0,0,0,0,0,0,0,1,0,0,0,0,0,0,0,0,0,0,0,0,0,0,0,0,0,1,0,0,1,0,0,0,0,0,0,0,0,0,1,0,0,0,0,0,0,0,0,0,0,0,2,0,0,0,0,0,0,0,0,0,0,0,0,0,0,0,0,0,1,0,0,0,0,1,0,0,0,0,0,0,0,0,2,0,0,0,0,0,0,0,0,0,0,1,0,0,0,0,0,0,0,0,0,0,0,0,0,0,0,0,0,0,0,0,0
0,0,0,0,0,0,0,0,1,1,0,0,0,0,1,0,0,0,2,0,0,0,1,0,1,0,0,0,0,0,0,0,0,0,0,0,0,0,0,0,1,0,0,0,0,6,1,0,1,0,0,0,0,0,0,0,5,0,0,0,1,1,0,1,0,0,0,0,0,1,0,0,0,0,0,0,0,0,0,1,0,0,0,0,0,0,0,0,0,0,0,0,1,0,0,0,0,1,0,0,0,0,0,0,0,0,1,0,0,0,0,0,0,0,0,0,0,0,0,0,0,0,0,0,0,0,0,0,0,0,0,0,0,0,0,0,0,0,1,0,0,0,0,0,0,0,0,0,0,0,0,0,0,0,0,0,0,0,0,0,0,0,0,2,1,0,3,0,0,0,0,0,1,0,0,0,0,0,0,0,0,0,0,0,0,0,0,0,0,1,0,0,1,0,0,0,0,0,0,0,0,0,0,0,0,0,1,0,0,0,0,0,0,0,0,0,0,0,0,0,0,0,0,0,0,0,0,0,1,0,0,0,0,0,0,4,0,0,0,0,0,0,0,0,0,0,0,0,0,2,1,0,0,0,0,0
0,0,0,0,0,0,0,0,0,0,0,0,0,0,0,0,0,0,0,0,0,0,0,0,0,0,0,0,0,0,0,0,0,0,0,0,0,0,0,0,0,0,1,0,1,0,0,0,0,0,0,0,0,0,0,0,0,0,0,0,1,0,0,0,0,0,0,0,0,0,0,0,0,0,0,0,0,0,0,0,0,0,0,0,0,0,0,0,0,0,1,0,0,0,0,0,0,0,0,0,0,0,0,0,0,1,0,0,0,1,0,0,0,0,0,0,0,0,0,0,0,1,0,0,0,0,0,1,0,0,0,0,0,0,0,0,0,0,0,0,0,0,0,0,0,0,0,0,0,0,0,1,0,0,0,0,0,0,0,0,0,0,0,0,1,1,0,0,0,1,0,0,0,0,1,0,0,0,0,1,0,0,0,0,0,0,0,0,0,0,0,0,0,0,0,1,0,0,1,0,0,0,0,0,0,0,0,0,0,0,0,0,1,1,0,0,0,0,0,1,0,0,0,0,1,0,0,0,0,0,0,0,0,0,2,0,0,0,0,0,0,0,0,0,0,0,0,0,0,0,0,2,0,0,0,0
0,0,0,0,0,0,0,0,0,0,0,0,0,0,0,0,1,2,0,2,0,0,0,0,0,0,0,0,0,0,0,0,0,0,0,0,0,0,0,0,0,0,1,0,1,0,0,0,0,0,0,0,0,0,0,0,0,0,0,0,1,0,0,0,1,0,0,0,0,0,1,0,0,0,0,0,0,0,0,0,0,0,0,0,0,0,0,0,0,0,1,0,0,0,0,0,0,0,0,0,0,0,0,0,0,0,0,0,0,0,0,0,0,0,0,0,0,0,0,0,0,0,0,0,0,0,0,0,0,0,0,0,0,0,0,0,0,0,0,0,0,0,0,0,0,0,0,0,0,0,0,0,0,0,0,0,0,0,0,0,0,0,0,0,0,0,0,0,0,1,0,0,1,0,0,0,0,0,0,2,0,0,0,0,0,0,0,0,0,0,1,0,0,0,0,1,0,0,0,0,0,0,0,0,0,0,0,0,0,0,1,0,0,1,0,0,0,0,1,1,0,0,0,1,0,0,0,0,0,0,0,0,0,0,1,0,0,0,0,0,0,0,0,0,0,0,0,0,0,0,0,1,0,0,0,0
0,0,0,0,0,0,0,0,3,1,0,1,0,0,1,0,0,0,0,0,0,0,0,0,0,2,0,0,0,0,1,0,0,0,0,0,0,0,0,0,0,0,0,0,0,6,0,0,1,0,0,0,0,0,1,0,4,0,0,0,1,0,0,2,0,0,0,0,0,0,0,0,0,0,0,0,0,0,0,0,0,0,0,0,2,0,0,0,0,0,0,0,2,0,0,1,0,1,0,0,0,0,0,0,0,0,1,0,1,0,0,1,0,0,0,0,0,0,0,0,0,0,0,0,0,0,0,1,0,0,0,0,0,1,0,0,0,0,0,0,0,0,0,0,0,0,0,0,0,0,0,0,0,0,1,1,1,0,0,0,0,0,0,0,0,0,1,0,0,0,0,0,0,0,0,0,0,0,0,0,0,0,0,0,1,0,0,0,0,1,0,0,1,0,0,0,1,0,0,0,1,0,0,0,0,0,0,1,0,0,0,0,0,0,0,0,0,0,0,0,1,0,0,0,0,0,0,0,0,0,2,0,0,0,0,0,0,0,0,0,0,0,0,0,0,0,0,0,0,0,0,0,0,0,0,0
0,0,0,0,0,0,0,0,0,0,0,0,0,0,0,0,0,0,0,0,1,0,0,0,0,0,0,0,0,0,0,0,0,0,0,0,0,0,0,0,0,0,1,0,1,0,0,0,0,0,0,2,0,0,0,0,0,0,0,1,1,1,2,0,0,0,0,0,0,0,0,0,0,0,0,0,0,0,0,0,0,0,0,0,0,0,0,0,0,0,1,0,0,0,0,0,0,0,0,0,0,0,1,0,0,0,0,0,0,0,0,0,0,0,0,0,0,0,0,0,0,0,0,0,0,0,0,0,0,0,0,0,0,0,0,0,0,0,0,0,0,0,0,0,0,0,0,0,0,0,0,0,0,0,0,0,0,0,0,0,0,0,0,0,2,1,0,0,0,1,0,0,0,0,1,0,0,0,1,3,0,0,0,0,0,0,0,0,0,0,0,1,0,0,0,1,1,0,0,0,0,0,0,0,0,0,0,0,0,0,0,0,0,1,1,0,0,0,0,1,0,0,0,2,1,0,0,0,0,0,0,0,0,0,2,0,0,0,0,0,0,0,0,0,0,0,0,0,0,0,0,0,0,0,0,0
0,0,0,0,0,0,0,0,0,1,0,0,0,0,1,0,0,0,1,0,0,0,0,0,0,0,0,0,0,0,1,0,0,0,0,0,0,0,0,0,0,0,0,0,0,3,1,0,1,0,0,0,0,0,0,0,2,0,0,0,1,0,0,1,0,0,0,0,0,0,0,0,0,0,0,0,0,0,0,0,0,0,0,0,0,0,0,0,0,0,0,0,0,0,0,0,1,1,0,0,0,0,0,0,0,0,1,0,0,0,0,0,0,0,0,0,0,0,0,0,0,0,1,0,0,0,0,0,0,0,0,0,0,0,0,0,0,0,0,0,0,0,0,0,0,0,1,0,1,0,0,0,0,0,0,0,0,0,0,0,0,0,0,1,0,0,0,0,0,0,0,0,0,0,0,0,0,0,0,0,0,0,0,0,0,0,0,0,0,0,0,0,1,0,0,0,0,0,0,0,0,0,0,0,0,0,1,0,0,0,0,0,0,0,0,0,0,0,0,0,0,0,0,0,0,0,0,0,0,0,0,0,0,0,0,1,0,0,0,0,0,1,0,0,0,0,0,0,0,0,0,0,0,0,0,0
0,0,0,0,0,0,0,0,0,1,0,0,0,0,1,0,0,0,2,0,0,0,0,0,0,0,0,0,0,2,0,0,0,0,0,0,0,0,0,0,0,0,0,0,0,4,0,0,1,0,0,0,0,0,0,0,4,0,0,0,1,0,0,2,0,1,0,0,0,0,3,0,0,0,1,0,0,1,0,0,0,0,0,0,0,0,0,0,0,1,0,0,0,0,0,0,1,1,0,0,0,0,1,0,0,0,1,0,0,0,0,0,0,0,0,0,0,0,0,0,0,0,0,0,0,0,0,0,0,0,0,0,0,0,0,0,0,0,0,0,0,0,0,0,0,0,0,0,0,0,1,0,0,0,0,0,0,0,0,0,0,0,0,2,0,0,0,0,0,0,0,0,0,0,0,0,0,0,0,0,0,0,0,0,0,0,0,0,0,0,0,0,1,0,0,0,0,0,0,0,1,0,0,0,0,0,1,0,0,0,0,0,0,0,0,0,0,0,1,0,1,0,0,0,0,0,0,0,0,0,0,1,0,0,0,1,0,0,0,0,1,0,0,0,0,0,0,0,0,0,0,0,0,0,0,0
0,0,0,0,0,0,0,0,0,0,0,0,0,0,0,0,0,1,1,0,0,0,0,0,0,0,0,0,0,0,0,0,0,0,0,0,0,0,0,0,0,0,1,0,1,0,0,0,0,0,0,0,0,0,0,0,0,0,0,0,1,0,2,0,0,0,0,0,0,0,0,0,0,0,0,0,0,0,0,0,0,0,0,1,0,0,0,0,0,0,1,0,0,0,0,0,0,0,0,0,0,0,0,0,0,0,0,0,1,0,0,0,0,0,0,0,0,0,0,0,0,0,0,0,0,0,0,0,0,0,0,0,0,0,0,0,0,0,0,0,0,0,0,0,0,0,0,0,0,0,0,0,0,0,0,0,0,0,0,0,0,0,0,0,1,0,0,0,0,1,0,0,0,0,1,0,0,0,0,2,1,0,0,0,0,0,1,0,0,0,0,1,0,0,0,1,1,0,1,0,0,0,1,0,0,0,0,0,0,0,0,0,0,1,0,0,0,0,2,0,0,0,0,2,0,0,0,0,0,0,0,0,0,0,2,0,0,0,0,0,0,0,0,0,0,0,0,0,0,0,1,2,0,0,0,0
0,0,0,0,0,0,0,0,0,1,0,0,0,0,1,0,0,0,1,0,0,0,0,0,2,0,0,1,0,0,0,0,0,0,0,0,0,0,0,0,0,0,0,0,0,3,0,0,1,0,0,0,0,0,0,0,2,0,0,0,1,0,0,0,0,0,0,1,0,0,0,0,0,0,2,0,0,0,0,0,0,0,0,0,0,0,0,0,0,0,0,1,2,0,0,1,0,1,0,1,0,0,0,0,0,0,1,0,0,0,0,1,0,0,0,0,0,0,0,0,0,0,0,0,0,0,0,0,0,0,0,0,1,0,0,0,0,0,0,0,0,0,0,0,0,0,0,0,1,0,0,0,0,0,0,0,0,0,0,0,0,0,0,2,1,0,0,0,0,0,0,0,1,0,0,0,0,1,0,0,0,0,0,0,0,0,0,0,0,0,0,0,1,0,0,0,0,0,0,0,0,0,1,0,1,0,0,0,0,1,0,0,0,0,0,0,0,0,1,0,0,0,0,0,0,0,0,0,0,0,0,1,0,0,0,1,1,0,0,0,1,0,0,0,0,0,0,0,0,0,0,0,0,0,0,0
0,0,0,0,0,0,0,0,0,1,0,0,0,0,1,0,0,0,0,0,0,0,0,0,0,0,0,0,0,0,0,0,0,0,0,0,0,0,0,0,0,0,0,0,0,2,1,0,1,0,0,0,0,0,0,0,1,0,0,0,1,0,0,1,0,2,0,0,1,0,0,0,0,0,0,0,0,1,0,0,0,0,0,0,0,0,0,0,0,0,0,0,1,0,0,0,1,1,0,0,0,0,0,0,0,0,1,0,0,0,0,0,0,0,0,0,0,0,0,0,0,0,0,0,0,0,0,0,0,0,0,0,0,0,0,0,0,0,0,0,0,0,1,0,0,0,0,0,1,0,0,0,0,0,0,0,0,0,0,0,0,0,0,0,0,0,1,0,0,0,0,0,0,0,0,0,0,0,0,0,0,0,0,0,0,0,0,0,0,0,0,0,1,0,0,0,0,0,0,0,0,0,0,0,0,0,0,0,0,0,0,0,0,0,0,0,0,0,0,0,0,0,0,0,0,0,0,0,0,0,0,0,0,0,0,0,0,0,0,0,0,1,0,0,0,0,0,0,0,0,1,0,0,0,0,1
0,0,0,0,0,0,0,0,1,1,0,1,0,0,1,0,0,0,0,2,0,0,0,0,0,0,0,0,1,0,1,0,0,0,0,0,0,0,0,0,0,0,0,0,0,4,1,0,1,0,0,0,0,0,0,0,3,0,0,0,1,0,0,1,0,0,0,0,0,0,0,0,0,0,0,0,0,0,0,0,0,0,0,0,0,0,0,0,0,0,0,1,1,0,0,0,0,1,0,0,0,0,0,0,0,0,1,0,1,0,0,0,0,0,0,0,0,0,0,0,0,0,0,0,0,0,0,0,0,0,0,0,0,0,0,0,0,0,0,0,0,0,0,0,0,0,0,0,0,0,0,0,0,0,0,0,0,0,0,0,0,0,0,0,0,0,1,0,0,0,0,0,1,0,0,0,0,1,0,0,0,0,0,0,0,0,0,0,0,0,0,0,1,0,1,0,0,0,0,0,1,0,0,0,0,0,0,0,0,0,0,0,0,0,0,0,1,0,0,0,0,0,0,0,0,0,0,0,0,0,0,0,0,0,0,1,0,0,0,0,0,0,0,0,0,0,0,0,0,0,0,0,0,0,0,0
0,0,0,0,0,0,0,0,1,1,0,1,0,0,0,0,0,0,0,0,0,0,0,0,1,0,0,0,0,4,0,0,0,0,0,0,0,0,0,0,0,0,0,0,0,3,1,0,1,0,0,0,0,0,1,0,5,0,0,0,1,0,0,1,0,0,0,0,0,0,1,0,0,0,0,0,0,0,0,0,0,0,0,1,0,1,0,0,0,2,0,0,1,0,0,0,0,1,0,0,0,0,0,0,0,0,1,0,0,0,0,0,0,1,0,0,0,0,0,0,0,0,0,0,0,0,0,0,1,1,0,0,1,0,0,0,0,0,0,0,0,0,0,0,0,0,0,0,0,0,0,0,2,0,0,0,0,0,0,0,0,0,0,2,0,0,3,0,0,0,0,0,1,0,0,0,0,0,0,0,0,0,0,0,0,0,0,0,0,0,0,0,1,0,0,1,0,0,0,1,1,0,1,0,0,0,0,0,0,0,0,0,0,1,2,0,0,0,0,1,0,0,0,0,0,0,0,0,0,1,0,0,0,0,0,0,0,0,0,0,0,0,0,2,0,0,0,0,0,2,1,0,0,0,0,0
0,0,0,0,0,0,0,0,0,0,0,1,0,0,0,0,0,0,0,1,0,0,0,0,0,0,0,0,1,0,0,0,0,0,0,0,0,0,0,0,0,1,0,0,0,5,0,0,1,0,0,0,0,0,0,0,4,0,0,0,1,0,0,1,0,1,0,0,1,0,0,0,0,0,0,0,0,0,0,0,0,0,0,0,0,0,0,0,0,0,0,0,0,0,0,0,0,1,0,0,0,0,0,0,0,2,1,0,0,0,0,0,0,0,2,0,0,0,0,0,0,0,0,0,0,0,0,0,0,0,0,0,0,0,0,0,0,0,1,0,0,0,1,0,0,0,0,0,0,0,0,0,0,0,0,0,0,0,0,1,0,0,1,0,0,0,0,0,0,1,3,0,0,0,0,1,0,0,0,0,0,0,0,0,0,0,0,0,0,0,0,3,1,0,0,0,0,0,0,0,0,0,0,0,0,0,0,0,0,0,0,0,0,0,1,0,0,0,0,0,0,1,0,0,0,0,0,0,0,0,0,0,0,0,0,0,0,0,0,0,0,0,0,0,0,1,1,0,0,1,4,0,0,0,2,0
0,0,0,0,0,0,0,0,1,1,0,0,0,0,1,0,0,0,2,0,0,0,0,0,0,0,0,0,0,0,0,0,0,0,0,0,0,0,0,0,0,0,0,0,0,2,0,0,1,0,0,0,0,0,0,0,1,0,0,0,1,0,0,1,0,0,0,0,0,0,0,0,0,0,0,0,0,0,0,0,0,0,0,0,0,0,0,0,0,0,0,0,0,0,0,0,0,1,0,0,0,0,0,0,0,0,1,0,0,0,0,0,0,0,0,0,0,0,0,0,0,0,0,0,0,0,0,0,0,1,0,0,0,0,0,0,0,0,0,0,0,0,0,0,0,0,0,0,1,1,0,0,0,0,0,0,0,0,0,0,0,0,0,2,1,0,0,0,0,0,0,0,1,0,0,0,0,0,0,0,0,0,0,0,0,0,0,0,0,0,0,0,1,0,0,0,0,0,0,0,0,0,1,1,0,0,1,0,0,0,0,0,0,0,0,0,0,0,0,0,0,0,0,0,0,0,0,0,0,0,0,0,0,0,0,0,0,0,0,0,0,0,0,0,0,0,0,0,0,0,0,0,0,0,0,0
0,0,0,0,0,0,0,0,0,0,0,0,0,0,0,0,1,1,0,0,0,0,0,0,0,0,2,0,0,0,0,0,0,0,0,0,0,0,0,0,0,0,1,0,1,0,0,0,0,0,0,0,0,0,0,0,0,0,0,0,1,0,1,0,0,0,0,0,0,0,0,0,0,0,0,0,0,0,0,0,0,0,0,0,0,0,1,0,0,0,1,0,1,0,0,0,0,0,0,0,0,0,0,0,0,0,0,0,0,0,0,0,0,0,0,0,0,0,0,0,0,0,0,0,0,0,0,0,0,0,0,0,0,0,0,0,0,0,0,0,0,0,0,0,0,0,0,0,0,0,0,0,0,0,0,0,0,0,0,0,0,0,0,0,1,0,0,0,0,1,0,0,0,0,0,0,0,0,0,1,0,0,0,0,0,0,0,0,0,0,0,0,0,0,0,1,0,0,0,0,0,0,0,0,0,0,0,0,0,0,0,0,1,1,0,1,0,0,0,1,0,0,0,2,0,0,0,0,0,0,0,0,0,0,1,1,0,0,0,0,0,0,0,0,0,0,0,0,0,0,0,0,0,0,0,1
0,1,0,0,0,0,0,0,0,0,0,0,0,0,0,0,0,0,1,0,0,0,0,0,0,0,0,0,0,0,0,0,0,0,0,0,0,0,0,0,0,0,0,0,1,2,1,0,1,0,0,0,0,0,0,0,2,1,0,0,1,0,1,1,1,0,0,0,0,0,0,0,0,0,0,0,0,0,0,0,0,0,0,0,0,0,0,0,0,0,1,0,0,0,0,0,0,1,0,1,0,0,0,0,0,0,0,0,0,0,0,0,0,1,0,0,0,0,0,0,0,0,0,0,0,0,0,0,0,0,0,0,1,0,0,0,0,0,0,0,0,0,0,0,0,0,0,0,0,0,0,0,0,0,0,0,0,0,0,0,0,0,0,1,0,0,1,0,0,1,1,0,0,0,0,0,0,0,0,2,0,0,0,0,0,0,0,0,0,0,0,0,1,0,0,0,0,0,0,0,0,0,0,0,0,0,0,0,0,1,0,0,0,0,0,0,0,0,2,0,0,0,0,1,0,0,0,0,0,0,0,0,0,0,0,0,0,0,0,0,1,0,0,0,0,0,0,0,0,0,0,1,0,0,0,0
0,0,0,0,0,0,0,0,0,0,0,0,0,0,0,0,0,0,0,0,0,0,0,0,0,0,0,0,0,0,0,0,0,0,1,0,0,0,0,0,0,0,1,0,2,0,0,0,0,0,0,0,0,0,0,0,0,1,0,0,1,0,1,0,0,0,0,0,0,0,0,0,0,0,0,0,0,0,0,0,0,0,0,0,0,0,2,0,0,1,1,0,1,0,0,0,0,0,0,0,0,0,0,0,0,0,1,0,0,0,0,0,0,0,0,0,0,0,0,0,0,0,0,0,0,0,0,0,0,0,0,0,0,0,0,0,0,0,0,0,0,0,0,0,0,0,0,0,0,0,0,0,0,0,0,0,0,0,0,0,0,0,0,0,0,0,0,0,0,1,0,0,0,0,0,0,1,0,0,0,0,0,0,0,0,0,0,0,0,1,0,2,1,0,1,0,0,0,0,0,0,0,0,0,0,0,0,0,0,0,0,0,0,0,0,1,0,0,0,0,0,0,0,3,2,0,1,0,0,0,0,0,0,0,0,0,0,0,1,0,0,0,0,0,2,0,0,0,0,0,0,1,0,0,0,1
0,0,0,0,0,0,0,0,0,0,0,0,0,0,0,1,0,0,0,0,0,0,0,0,0,0,0,0,2,0,0,0,0,0,0,0,0,0,0,0,0,0,1,0,1,0,0,0,0,0,0,1,0,0,0,0,0,0,0,1,1,0,1,0,0,0,1,0,0,0,0,0,1,0,0,0,1,0,0,0,0,0,0,0,0,0,0,0,0,0,1,0,0,0,0,0,0,0,0,0,0,0,0,1,1,0,0,0,0,0,0,0,0,0,0,0,1,0,0,0,0,1,0,0,0,0,0,0,0,0,0,0,0,0,0,0,0,0,0,2,0,0,0,0,2,0,0,0,0,0,0,0,0,1,0,0,0,0,1,0,0,0,0,0,1,0,0,0,0,1,0,0,0,0,1,0,0,0,0,1,0,0,0,0,0,0,0,0,0,0,0,0,0,0,2,1,0,0,0,0,0,0,0,0,0,0,0,0,0,0,0,1,0,1,0,0,0,0,1,1,0,1,0,0,0,0,0,0,0,0,0,0,0,0,2,0,0,0,0,0,0,0,0,0,0,0,0,0,0,0,0,2,0,0,0,1
0,0,0,1,0,2,1,0,0,0,0,0,1,0,0,0,0,0,3,0,0,1,0,0,0,0,0,0,0,0,0,0,0,0,0,0,0,0,0,0,0,0,1,0,1,0,0,0,0,0,0,0,0,0,0,0,0,0,0,0,2,0,0,0,0,0,0,0,0,1,0,0,0,0,0,0,0,0,0,0,1,0,0,0,0,0,0,0,0,0,1,0,0,0,0,0,0,0,0,0,0,0,0,0,0,1,0,0,0,0,0,0,0,0,0,0,2,0,0,0,0,0,0,0,0,0,0,0,0,0,0,0,0,0,0,0,0,0,0,0,0,0,0,0,1,0,0,0,0,0,0,0,0,0,0,0,0,0,0,0,0,0,0,0,1,0,0,0,0,1,0,0,0,0,1,0,0,0,0,0,0,0,0,0,0,0,0,0,0,0,0,0,0,0,0,0,0,0,0,0,0,0,0,0,0,0,0,0,0,0,0,0,0,0,0,0,0,0,0,0,0,0,0,0,0,0,0,0,0,0,0,0,0,0,0,0,0,0,4,0,0,0,0,0,1,0,0,0,0,1,1,1,0,0,0,1
1,0,0,0,0,0,0,0,0,0,0,0,0,0,0,0,2,1,0,0,0,0,1,0,0,0,0,0,0,0,0,0,0,2,0,0,0,1,0,0,0,0,1,0,1,0,0,0,0,0,0,0,0,0,0,0,0,0,0,0,1,0,0,0,1,0,0,0,0,0,0,0,0,0,0,0,0,0,0,0,0,0,0,1,0,0,0,0,0,0,1,0,0,0,0,0,0,0,0,0,0,0,0,0,0,0,0,0,0,1,0,0,0,0,0,0,0,0,0,0,0,0,0,0,0,0,0,0,0,0,0,0,0,0,0,0,0,0,0,0,0,0,0,0,1,0,0,0,0,0,0,0,0,0,0,0,0,0,1,0,0,0,0,0,0,0,0,0,0,1,1,0,0,0,1,0,0,0,0,1,0,0,0,0,0,0,2,0,0,0,0,1,0,0,0,1,0,0,0,0,0,0,0,0,0,0,0,0,0,0,0,0,0,1,0,0,0,0,1,1,0,0,0,1,0,0,1,0,0,0,0,1,0,0,0,0,0,0,0,0,0,0,0,0,0,0,0,0,0,0,1,0,0,0,0,0
1,0,0,0,0,0,0,1,0,0,0,0,0,0,0,2,0,0,0,0,0,0,0,0,0,0,0,0,0,0,0,0,0,0,0,0,1,0,0,0,0,0,0,0,0,0,0,0,0,0,0,0,0,0,0,0,0,0,0,0,0,0,0,0,0,0,0,0,0,0,0,0,0,0,0,0,0,0,0,0,0,0,1,0,0,0,0,0,0,0,0,0,0,0,0,0,0,0,0,0,0,0,0,0,0,4,0,0,0,0,0,2,0,0,0,2,1,0,0,0,0,0,0,0,0,0,0,0,0,0,1,0,0,1,0,0,1,0,1,0,0,1,0,0,1,0,1,1,1,0,0,0,0,0,0,0,0,0,1,0,1,0,0,0,0,0,1,0,0,0,0,0,0,0,1,1,0,0,0,0,0,0,0,0,0,1,0,1,0,0,0,1,0,0,0,0,0,0,0,0,0,0,0,0,0,0,0,0,1,0,0,0,0,0,0,0,0,0,0,0,0,0,1,0,0,0,1,0,0,0,0,0,0,0,0,0,1,0,0,0,0,0,0,0,1,1,2,0,0,0,0,0,0,0,0,0
0,0,0,0,0,0,0,0,0,1,0,0,0,0,1,0,0,0,0,0,0,0,0,0,0,0,0,0,0,0,0,0,0,0,0,0,0,0,0,0,0,0,0,0,0,5,0,0,1,0,0,1,0,0,0,0,2,0,1,0,1,0,0,2,0,0,0,0,0,0,0,0,0,0,0,0,0,0,0,0,0,0,0,0,0,0,0,0,0,0,0,0,1,0,0,1,0,1,0,0,0,0,0,0,0,0,1,0,0,0,0,0,0,0,0,0,0,0,0,0,0,0,0,0,0,0,0,0,0,0,0,0,0,0,1,0,0,0,0,0,0,0,1,0,0,0,0,0,0,0,0,0,0,0,0,0,0,0,0,0,0,0,0,0,0,0,0,0,0,0,2,0,1,0,0,0,0,0,1,3,0,0,0,0,0,0,0,0,0,0,0,0,2,1,0,0,0,0,0,0,0,0,0,0,0,0,0,1,0,0,0,1,0,0,0,0,1,0,0,0,0,0,0,0,0,0,0,0,0,0,0,0,0,0,0,3,0,0,0,0,1,0,0,0,0,0,0,0,0,0,1,0,0,0,1,0
0,0,0,0,0,0,0,0,1,1,0,0,0,0,1,0,0,0,1,0,0,1,0,0,0,0,0,0,0,0,0,0,0,0,0,0,0,0,0,0,0,0,0,0,0,3,0,1,1,0,0,0,0,0,0,0,2,0,0,0,0,0,0,0,0,0,0,0,0,0,0,0,0,0,0,0,0,0,0,0,0,0,0,0,0,0,0,0,0,0,0,0,0,0,0,0,0,1,0,0,0,0,0,0,0,0,1,0,0,0,0,0,0,0,0,0,0,0,0,0,0,0,0,0,0,0,0,0,0,0,0,0,0,0,0,0,0,0,0,0,0,0,0,0,0,0,0,0,0,1,0,0,0,0,0,0,0,0,0,0,0,0,0,0,0,0,0,0,0,0,1,0,0,0,0,0,0,0,0,1,0,0,0,0,1,0,0,0,0,0,0,1,1,0,0,0,0,0,0,0,0,0,0,0,0,0,0,0,0,0,0,0,0,0,0,0,0,0,0,0,0,0,0,0,0,0,0,0,0,0,0,0,0,0,0,2,0,0,0,0,0,0,0,0,0,0,0,0,0,0,2,0,0,0,0,0
0,0,0,0,0,0,0,0,0,1,0,1,0,0,1,0,0,0,0,0,0,0,0,0,0,0,0,0,0,0,0,0,2,0,0,0,0,0,0,0,1,0,0,0,0,4,0,0,1,0,0,0,0,0,0,0,2,0,0,0,1,0,0,0,0,0,0,0,0,0,0,0,0,0,0,0,0,0,0,1,2,0,0,0,0,0,0,0,0,0,0,0,1,0,0,0,0,1,0,0,0,0,0,0,0,0,1,0,0,0,0,0,0,0,0,0,1,0,0,0,0,0,1,0,0,0,0,0,0,0,0,0,2,0,0,0,0,0,0,0,0,0,0,0,1,0,0,0,0,0,0,0,0,0,0,0,0,0,0,0,0,0,0,1,0,0,0,0,0,0,0,0,0,0,0,0,0,0,0,0,0,0,0,0,0,0,0,0,0,0,0,1,1,0,0,0,0,0,0,0,0,0,0,0,0,0,0,0,0,0,0,0,0,0,0,0,0,0,0,0,0,0,0,0,0,0,0,0,0,0,0,0,0,0,0,1,0,0,0,0,1,0,0,0,0,1,0,0,0,0,1,0,0,0,0,0
0,0,0,0,0,0,0,1,1,1,0,1,0,0,1,0,0,0,1,0,0,1,0,0,0,0,0,0,0,0,0,0,0,0,2,0,0,0,0,0,0,0,0,0,0,6,0,0,1,0,1,0,0,1,0,0,4,0,2,0,3,1,0,1,0,0,0,0,0,1,0,0,0,0,0,0,0,0,0,0,0,0,0,0,0,0,0,0,0,1,0,0,0,0,0,0,0,1,0,0,0,0,0,0,0,0,1,0,0,0,0,0,0,0,0,0,0,0,0,0,0,0,0,0,0,0,0,0,0,0,0,1,0,0,1,1,0,0,0,0,1,0,0,0,0,0,0,0,0,0,0,0,0,0,0,0,0,0,0,0,0,0,0,1,0,0,5,1,0,0,0,0,1,0,0,0,0,0,1,0,0,0,1,0,1,0,0,0,0,1,0,0,1,0,0,0,0,0,0,0,0,0,0,0,0,0,0,0,0,0,0,0,0,0,0,0,0,0,0,0,0,0,0,0,0,0,1,0,0,0,0,1,1,0,0,3,0,0,0,0,0,0,0,0,0,0,0,0,0,0,0,0,0,0,0,0
0,0,0,0,0,0,0,0,0,0,0,0,0,0,0,0,1,1,0,1,1,0,0,0,0,0,2,0,0,0,0,0,0,0,0,0,0,0,0,0,0,0,1,0,1,0,0,0,0,0,0,0,0,0,0,0,0,0,0,0,1,1,1,0,1,0,0,0,0,0,1,0,0,0,0,0,0,0,0,0,0,0,0,0,0,0,0,0,0,0,1,0,0,0,0,0,0,0,0,0,0,0,0,0,0,0,0,0,0,0,0,0,0,0,0,0,0,0,0,0,0,0,0,0,0,0,0,0,0,0,0,0,0,0,0,0,0,0,0,0,0,0,0,0,0,0,0,0,0,0,0,0,0,0,0,0,0,0,0,0,0,0,0,0,0,0,0,0,0,1,0,0,0,0,0,0,0,0,0,2,0,0,0,0,0,0,0,0,0,0,0,0,0,0,0,0,0,0,0,0,0,0,0,0,0,0,0,0,0,0,0,0,0,0,0,0,0,0,1,0,0,0,0,1,0,0,0,0,0,0,0,0,0,0,1,1,0,0,1,0,0,0,0,0,1,0,0,0,0,0,0,0,0,0,0,1
0,0,0,0,0,0,0,0,0,0,3,0,0,0,0,0,2,2,0,0,2,0,0,0,0,1,0,0,0,0,0,0,0,0,0,0,0,0,0,0,0,0,1,0,1,0,0,0,0,0,0,0,0,0,0,0,0,0,0,3,1,0,1,0,0,0,0,0,0,0,0,0,0,0,0,0,0,0,0,0,0,0,0,0,0,0,0,0,0,0,1,0,0,0,0,0,0,0,0,0,0,0,0,0,0,0,0,0,0,0,0,0,0,0,0,0,0,0,0,0,0,0,2,0,0,0,0,0,0,0,0,0,0,0,0,0,0,0,0,0,0,0,0,0,0,0,0,0,0,0,0,0,0,0,0,0,0,0,0,0,0,0,0,0,1,1,0,0,0,1,0,0,1,0,1,0,1,0,0,0,0,0,0,0,0,0,0,0,0,0,0,0,0,0,0,0,0,0,0,0,0,0,0,0,0,0,0,0,0,0,0,0,0,0,0,0,0,0,0,0,0,0,0,0,0,0,0,0,0,0,0,0,0,0,2,0,0,0,1,0,0,0,0,0,1,0,0,0,0,0,0,1,0,0,0,1
0,0,0,0,0,0,0,0,1,0,0,0,0,0,2,0,0,2,0,0,0,0,0,0,0,0,0,0,0,0,0,0,0,0,0,0,0,0,0,0,0,0,1,0,1,1,0,0,0,0,0,0,0,0,0,0,0,0,0,0,1,0,1,0,0,0,0,0,0,0,0,0,0,0,0,0,0,0,0,0,0,0,0,0,0,0,0,0,1,0,1,0,0,0,0,0,0,0,0,0,0,0,0,0,0,0,0,0,0,0,0,0,0,0,0,0,2,0,0,0,0,0,0,0,0,0,0,0,0,0,0,0,0,0,0,0,0,0,0,0,0,0,0,0,0,0,0,0,0,0,0,0,0,0,0,0,0,0,0,0,2,0,0,0,1,0,0,0,0,1,0,0,0,0,0,0,0,0,0,2,0,1,0,0,1,0,0,0,0,1,0,0,0,0,0,0,0,0,0,0,0,0,0,0,0,0,0,0,0,0,0,0,0,0,0,0,0,0,0,0,0,0,0,0,3,0,0,0,0,1,0,0,0,0,2,0,0,0,1,0,0,0,0,0,1,0,0,0,0,0,0,0,0,0,0,1
0,0,0,0,0,0,0,0,0,0,0,0,0,0,0,0,0,0,0,0,0,0,0,0,0,0,0,0,0,0,0,0,0,0,0,0,0,0,0,0,0,0,1,0,1,0,0,0,0,0,0,0,0,0,0,0,0,0,0,0,1,0,2,0,0,0,0,0,0,0,0,0,1,0,0,0,0,0,0,1,0,0,0,0,0,0,0,0,0,0,1,0,1,0,0,0,0,0,0,0,0,0,0,0,0,0,0,0,0,0,0,0,0,0,0,0,0,0,0,0,0,0,0,0,0,0,0,0,0,0,0,0,0,0,0,0,0,0,0,0,0,0,0,0,0,0,0,0,0,0,0,0,0,0,0,0,0,0,0,0,0,0,0,0,1,0,0,0,0,1,0,0,0,0,1,0,0,0,0,0,0,0,0,0,0,0,0,0,0,0,0,2,0,0,0,0,2,0,0,0,0,0,0,0,0,0,0,0,0,0,0,0,0,0,0,1,0,0,0,0,0,0,0,2,0,0,0,0,0,0,0,0,0,0,0,0,0,0,1,0,0,0,0,0,1,0,0,0,0,0,0,1,0,0,0,2
0,0,0,0,0,0,0,0,0,1,0,1,0,0,1,0,0,0,1,0,0,1,1,0,1,0,0,0,0,0,0,0,1,0,0,0,0,0,0,0,1,0,0,1,0,3,1,0,1,0,0,0,0,0,0,0,2,0,0,0,2,0,0,2,0,0,0,1,0,0,1,0,0,0,0,0,0,0,0,0,0,0,0,0,0,0,0,0,0,1,0,0,0,0,0,1,0,1,0,0,0,0,0,0,0,0,1,0,0,0,0,0,0,0,0,0,0,0,0,0,0,0,0,0,0,0,0,0,0,0,0,0,0,0,0,0,0,0,0,0,0,0,0,0,0,0,0,0,0,0,0,0,0,0,0,0,0,0,0,0,0,0,0,1,0,0,0,0,0,0,0,0,0,0,0,0,0,0,0,0,0,0,0,0,0,0,0,0,0,0,0,0,1,0,0,0,0,0,0,0,0,0,0,0,0,0,0,1,0,1,0,0,0,0,0,0,0,0,0,0,0,0,0,0,0,0,0,0,0,0,0,0,0,0,0,0,0,0,0,0,0,0,0,0,0,0,0,0,0,0,0,0,0,0,0,1
0,0,0,0,0,0,0,1,0,1,0,1,0,0,1,0,0,0,0,1,0,1,0,0,0,0,0,0,0,0,0,0,0,0,0,0,0,0,0,0,1,0,0,0,0,2,0,0,1,0,1,0,0,0,0,0,1,0,0,0,1,1,0,0,0,0,0,0,0,0,0,0,0,0,0,0,0,0,0,0,0,0,0,0,0,0,0,0,0,1,0,0,1,0,0,1,0,1,0,0,0,0,0,0,0,0,1,0,0,0,0,0,0,0,0,0,0,0,0,0,0,0,0,0,0,0,0,0,0,0,0,0,0,0,1,0,0,0,0,0,0,0,0,0,0,0,0,0,0,0,0,0,0,0,0,0,0,0,0,0,0,0,0,0,0,0,0,1,0,0,0,0,0,0,0,0,0,0,0,0,0,0,0,0,0,0,0,0,0,1,0,0,1,0,1,0,0,0,0,0,0,0,0,0,0,0,0,0,0,0,2,2,0,0,1,0,0,0,0,0,0,0,0,2,0,0,0,0,0,0,0,0,0,0,0,0,0,0,0,0,1,0,0,0,0,0,0,0,0,0,0,0,0,0,0,0
0,0,0,0,0,0,0,0,0,0,0,0,0,0,2,0,0,2,0,0,0,0,0,0,0,0,0,0,0,0,0,0,0,0,0,0,0,0,0,0,0,0,1,0,2,0,0,0,0,0,0,0,0,0,0,0,0,0,0,0,1,0,2,0,0,0,0,0,0,0,0,0,0,0,0,0,1,0,1,0,0,0,0,0,1,0,0,0,0,0,1,0,0,0,0,0,0,0,0,0,0,0,0,0,0,2,0,0,1,1,0,0,0,0,0,0,0,0,0,0,0,0,0,0,0,0,0,0,0,0,0,0,0,0,0,0,0,0,0,0,0,0,0,0,0,0,0,0,0,0,0,0,0,0,0,0,0,0,0,0,0,0,0,0,0,0,0,0,1,1,0,0,0,0,0,0,0,0,0,1,0,0,0,0,0,0,0,0,0,0,0,0,0,0,0,0,0,0,0,0,0,0,0,0,0,0,0,0,0,0,0,0,0,0,0,0,0,0,0,0,0,0,0,0,1,0,0,0,0,0,0,1,0,0,3,0,0,2,1,0,0,0,0,0,1,0,0,0,0,0,0,1,0,0,0,1
0,0,0,0,0,0,0,0,0,0,0,0,0,0,0,1,2,1,0,0,0,1,0,0,0,0,2,0,0,0,0,1,0,0,0,0,0,0,0,0,0,0,1,0,1,0,1,0,0,0,0,0,0,0,0,0,0,1,0,0,1,0,2,0,0,0,0,0,0,0,1,0,0,0,0,0,0,1,0,1,0,0,0,2,0,0,2,0,0,0,1,0,2,0,0,0,0,0,0,0,0,0,0,1,0,0,0,0,0,0,0,0,0,0,0,0,0,0,0,0,0,0,0,0,0,0,0,0,0,0,0,0,0,0,0,0,1,0,0,3,0,0,0,0,1,0,0,0,0,0,0,0,0,0,0,0,0,0,0,0,0,0,0,0,1,0,0,0,0,1,1,0,0,0,1,0,0,0,0,4,0,0,0,0,3,0,0,0,0,0,0,0,0,0,0,1,0,0,0,0,0,0,0,0,0,0,0,0,0,0,0,0,0,1,0,0,0,0,1,1,0,0,0,1,0,0,0,0,0,0,0,0,0,0,1,0,0,0,0,0,0,0,0,0,0,0,0,0,0,0,0,0,0,0,0,0
0,0,0,0,0,0,0,0,0,1,0,0,0,0,1,0,0,0,0,0,0,0,0,0,0,0,0,0,0,0,0,0,0,0,2,0,0,0,0,0,0,0,0,0,0,3,0,0,1,0,0,0,0,0,0,0,3,0,0,0,1,0,0,0,0,0,0,0,0,1,1,0,0,0,0,0,0,0,0,0,0,0,0,0,0,0,0,0,0,1,0,1,1,0,0,0,1,1,0,0,0,0,0,0,0,0,1,0,0,0,0,0,0,0,0,1,0,0,0,0,0,0,0,0,0,0,0,0,0,0,0,0,0,0,0,0,0,0,0,0,0,0,0,0,0,0,0,0,0,0,0,0,0,0,0,0,0,0,0,0,0,0,0,2,1,0,0,0,0,0,0,0,1,0,1,0,0,0,0,1,0,0,0,0,0,0,0,0,0,0,0,0,1,0,0,0,0,0,0,0,0,0,0,0,0,0,0,0,0,0,0,0,0,0,0,0,0,0,0,0,0,0,0,0,0,0,0,0,0,0,0,0,0,0,0,2,0,0,0,0,0,0,0,1,0,0,0,0,0,1,0,0,0,0,0,0
0,0,0,0,0,0,0,0,0,1,0,0,0,0,1,0,0,0,0,0,0,0,0,0,0,0,0,0,0,0,1,0,0,0,0,0,0,0,0,0,0,0,0,0,0,3,1,0,1,0,0,0,0,0,0,0,2,0,0,0,2,0,0,1,0,0,0,0,0,0,0,0,0,0,0,0,0,0,0,0,0,0,0,0,0,0,0,0,0,0,0,0,0,0,0,0,0,1,0,0,0,0,0,0,0,0,1,0,0,0,0,0,0,0,0,0,0,0,0,0,0,0,0,0,0,0,0,0,0,0,0,0,0,0,0,0,0,0,0,0,0,0,0,0,0,0,0,0,0,0,0,0,0,0,0,0,0,0,0,0,0,0,0,0,0,0,1,0,0,0,1,0,0,0,0,0,0,0,0,0,0,0,0,0,0,0,0,0,0,1,0,0,1,0,0,0,0,0,0,0,0,0,0,1,0,0,1,0,0,0,0,0,0,0,0,0,0,0,0,0,1,0,0,0,0,0,0,0,1,0,0,0,0,0,0,1,0,0,0,0,0,0,0,0,0,0,0,0,0,0,0,0,0,0,0,0
0,0,0,0,0,0,0,0,0,0,0,0,0,0,0,0,0,1,1,0,0,0,0,0,0,0,0,0,0,0,0,0,0,1,0,0,0,0,0,0,0,0,1,0,1,0,0,0,0,0,0,0,0,0,0,0,0,0,0,0,1,0,0,0,0,0,0,0,0,0,0,0,0,0,0,1,0,0,0,0,0,0,0,0,0,0,0,0,0,0,1,0,0,0,0,0,0,0,0,0,0,0,0,0,1,1,1,1,0,0,0,0,1,0,0,0,2,0,0,0,0,0,0,0,0,0,0,0,0,0,0,0,0,0,0,0,0,0,0,0,0,0,0,0,0,0,0,0,0,0,0,0,0,0,0,0,0,0,0,0,1,0,0,0,1,0,0,0,0,1,0,0,0,0,1,0,0,0,0,3,0,0,0,0,0,0,1,0,0,0,0,0,0,0,0,0,0,0,0,0,0,1,0,0,0,0,0,0,0,0,0,0,0,0,1,0,1,0,0,0,0,0,0,0,0,0,0,0,0,0,0,0,0,0,1,1,0,0,1,0,0,0,0,0,1,0,0,0,0,0,0,1,0,0,0,1
0,0,0,0,0,0,0,0,0,1,0,0,0,0,1,0,0,0,2,0,0,0,0,0,2,0,0,0,0,0,0,0,0,0,1,0,0,0,0,0,0,0,0,0,0,4,1,0,1,0,0,0,0,0,0,0,3,0,0,0,1,0,0,0,0,0,0,0,0,0,0,0,0,0,0,0,0,0,0,1,0,0,0,0,0,0,0,0,0,0,0,0,0,0,0,0,1,1,0,0,0,0,1,0,0,0,1,0,0,0,0,0,0,0,0,0,0,0,0,0,0,0,0,0,0,0,0,0,0,0,0,0,1,0,0,0,0,0,0,0,0,0,0,0,0,0,0,0,2,0,0,0,1,0,0,0,0,0,0,0,0,0,0,0,0,0,0,0,0,0,0,0,0,0,0,0,0,0,0,0,0,0,0,0,1,0,0,0,0,0,0,0,1,0,0,0,0,0,0,0,0,0,0,0,0,0,0,0,0,0,0,0,0,0,1,0,0,0,0,0,0,0,0,0,0,0,0,0,0,0,0,0,0,0,0,1,0,0,0,0,1,0,0,0,0,0,0,0,0,0,1,0,0,0,0,0
0,0,0,0,0,0,0,0,0,1,0,0,0,0,1,0,0,0,0,0,0,0,0,0,0,0,0,0,0,0,0,0,2,0,0,0,0,0,0,0,0,0,0,0,2,6,0,1,1,0,0,0,0,0,0,0,4,1,0,0,1,0,0,1,0,0,0,1,2,0,0,0,0,0,1,0,0,0,0,0,0,0,0,0,0,0,0,0,0,4,0,0,2,0,0,0,0,1,0,0,0,0,0,0,0,0,1,0,0,0,0,1,0,0,0,0,0,0,0,0,0,0,0,0,0,0,0,0,0,0,0,0,0,0,0,0,0,0,0,0,0,0,1,0,0,0,0,0,0,0,0,0,0,0,0,0,0,0,0,0,0,0,0,0,0,0,1,0,0,0,0,0,0,0,0,0,0,0,0,1,0,0,0,0,0,0,0,0,0,1,0,3,1,0,0,0,1,0,0,0,0,0,0,0,0,0,0,0,0,0,0,0,0,0,0,0,0,0,0,0,0,0,0,0,0,0,0,0,0,1,0,0,0,0,0,3,0,0,0,0,1,0,0,0,0,0,0,0,0,0,0,0,0,0,0,0
0,0,0,0,0,0,0,0,1,1,0,0,0,0,1,0,0,0,2,0,0,1,0,0,1,0,0,0,0,0,0,0,0,0,0,0,0,0,0,0,1,0,0,0,0,3,0,0,1,0,0,0,0,0,0,0,2,0,0,0,1,0,0,0,0,0,0,0,0,0,0,0,0,0,0,0,0,0,0,0,0,0,0,0,0,0,0,0,0,0,0,0,0,0,0,1,0,1,0,0,0,0,0,0,0,0,1,0,0,0,0,0,0,0,0,0,0,0,0,0,0,0,0,0,0,0,0,0,0,0,0,0,1,0,0,0,0,0,0,0,0,0,0,0,0,0,0,0,1,0,0,0,0,0,0,0,0,0,0,0,0,0,0,0,0,0,0,0,0,0,0,0,0,0,0,0,0,0,0,0,0,0,0,0,0,0,0,0,0,0,0,0,1,0,0,0,0,0,0,0,0,0,1,0,0,0,0,0,0,1,0,0,0,0,0,0,0,0,0,0,0,0,0,0,0,0,0,0,0,0,0,0,0,0,0,1,0,0,0,0,0,0,0,0,0,0,0,0,0,0,0,0,0,0,0,0
0,0,0,0,0,0,0,0,0,1,0,0,0,0,1,0,0,0,1,0,0,1,0,0,0,0,0,0,0,0,0,0,0,0,1,0,0,0,0,0,0,0,0,0,0,4,0,0,1,0,0,0,0,0,0,0,3,0,0,0,1,0,0,0,0,0,0,0,0,0,1,0,0,0,0,0,0,1,0,2,0,0,0,0,0,0,0,0,0,1,0,0,1,0,0,0,0,1,0,0,0,0,0,0,0,0,1,0,0,0,0,0,0,0,0,0,0,0,0,0,0,0,0,0,0,0,0,0,0,0,0,0,0,0,0,0,0,0,0,0,0,0,0,0,0,0,0,0,0,0,0,0,0,0,0,0,0,0,0,0,0,0,0,1,0,0,0,0,0,0,0,0,0,0,0,0,0,0,0,0,0,0,0,0,0,0,0,0,0,1,0,1,1,0,1,0,0,0,0,0,0,0,0,0,0,0,0,0,0,0,0,0,0,0,0,0,1,0,0,0,0,0,0,0,0,0,0,0,0,0,0,0,0,0,0,2,0,0,0,0,0,0,0,0,0,0,0,0,0,1,1,0,0,0,0,0
0,0,0,0,0,0,0,0,0,0,0,0,0,0,0,0,2,2,0,0,1,0,0,0,0,0,0,0,0,0,0,0,0,0,0,0,0,0,0,0,0,0,1,0,1,0,0,0,0,0,0,0,0,0,0,0,0,0,0,1,1,1,1,0,0,0,0,0,0,0,0,0,0,0,0,0,0,0,0,0,0,0,0,1,0,0,0,0,0,0,1,0,0,0,0,0,0,0,0,0,0,0,0,0,0,0,0,0,0,0,0,0,0,0,0,0,0,0,0,0,0,0,0,0,0,0,0,0,0,0,0,0,0,0,0,0,0,0,0,0,0,0,0,0,0,0,0,0,0,0,0,0,0,0,0,0,0,0,0,0,0,0,0,0,1,0,0,0,0,1,0,0,0,0,0,0,0,0,0,2,0,0,0,0,0,0,0,0,0,0,0,0,0,0,0,1,0,0,0,0,0,0,0,0,0,0,0,0,0,0,0,0,0,1,0,0,0,0,1,0,0,0,0,1,0,0,0,0,0,0,0,0,0,0,2,0,0,0,0,0,0,0,0,0,0,0,0,0,0,0,0,1,0,0,0,0
1,0,0,0,0,0,0,0,0,0,0,0,0,0,0,0,0,0,0,0,0,0,0,0,0,0,0,0,0,0,0,0,0,1,0,0,0,0,0,0,0,0,2,0,1,0,0,0,0,0,0,0,0,1,0,0,0,0,0,0,1,0,1,0,0,0,0,1,0,0,0,0,0,0,0,0,0,0,0,0,0,0,0,0,0,0,1,0,0,0,1,0,0,1,0,0,0,0,1,1,0,1,0,0,0,0,0,0,0,0,0,0,0,0,0,0,0,0,0,0,0,0,0,0,0,0,0,0,0,0,0,0,0,0,0,0,0,0,0,0,0,0,0,0,0,0,0,0,0,0,0,0,0,0,0,0,0,0,0,0,0,0,0,0,0,0,0,0,0,1,0,0,0,0,1,0,0,0,0,1,0,0,0,0,0,0,0,0,0,0,0,0,0,0,0,1,0,0,0,0,0,0,0,0,0,0,0,0,0,0,0,0,0,2,0,0,0,0,0,0,1,0,0,1,0,0,0,0,0,0,0,0,0,0,0,0,0,1,0,0,0,0,0,0,0,0,0,0,0,0,0,0,0,0,0,0
0,0,0,0,0,0,0,0,0,0,1,0,1,0,0,1,0,0,0,0,2,0,0,0,0,0,0,0,0,0,0,0,1,0,0,0,0,1,1,0,1,0,0,0,0,0,0,1,0,0,0,0,0,0,0,0,1,0,0,0,0,0,0,0,0,0,1,0,0,0,0,0,0,0,0,0,0,0,0,0,0,1,0,0,0,0,0,0,0,0,0,0,0,0,0,1,0,0,0,0,0,0,0,0,0,0,0,0,0,0,0,0,0,0,0,0,0,0,0,0,0,0,0,0,0,0,0,0,0,0,0,0,0,0,0,0,0,0,0,0,0,0,0,0,0,1,0,0,0,0,0,0,0,0,0,0,0,0,0,0,0,0,0,0,0,1,0,0,0,0,0,1,1,0,0,0,0,0,1,0,0,0,0,0,0,0,0,0,0,0,0,0,0,0,0,0,0,0,0,1,0,1,0,0,0,0,0,0,0,0,0,0,0,0,0,0,0,0,0,0,0,0,0,0,0,0,0,0,0,0,0,0,0,0,0,0,1,0,0,1,0,0,0,0,0,0,0,0,0,0,0,0,1,0,0,0
0,0,0,0,0,0,0,0,0,1,0,0,0,0,1,0,0,0,2,0,0,0,0,0,0,0,0,0,0,0,0,0,0,0,0,0,0,0,0,0,0,0,0,0,0,3,1,0,1,0,0,0,0,0,0,0,2,0,0,0,1,0,0,1,0,0,0,0,0,0,1,0,0,0,0,0,0,0,0,0,0,0,0,0,0,0,0,0,0,0,0,0,1,0,0,0,0,1,0,0,0,0,0,0,0,0,1,0,0,0,0,0,0,0,0,0,0,0,0,0,0,0,0,0,0,0,0,0,0,0,0,0,1,0,0,0,0,0,0,0,0,0,0,0,0,0,0,0,1,0,0,0,0,0,0,0,0,0,0,0,0,0,0,1,0,1,0,0,0,0,0,0,0,0,0,0,0,0,0,0,0,0,0,0,0,0,0,0,0,0,0,0,1,0,0,0,0,0,0,0,0,0,0,0,0,0,0,0,0,0,0,0,0,0,0,0,0,0,0,0,0,0,0,0,0,0,0,0,0,0,0,0,0,0,0,1,0,0,0,0,0,0,0,0,0,0,0,0,0,0,0,1,0,0,0,0
0,0,0,0,0,0,0,0,0,1,0,0,0,0,1,1,2,0,2,0,0,0,0,0,1,0,0,0,0,0,0,0,0,0,0,0,0,0,0,0,0,0,0,0,0,3,0,0,1,0,0,0,0,0,0,0,2,0,0,0,1,0,0,0,0,0,0,0,0,0,0,0,0,0,0,0,0,0,0,0,0,0,0,0,0,0,0,0,0,0,0,0,0,0,0,0,0,1,0,0,0,0,1,0,0,0,1,0,0,0,0,0,0,0,0,0,0,0,0,0,0,0,0,0,0,0,0,0,0,0,0,0,0,0,0,0,0,0,0,0,0,0,0,0,0,0,0,0,0,0,0,0,0,0,0,0,0,0,0,0,0,0,0,2,0,0,0,0,0,1,0,0,0,0,0,0,0,0,0,0,0,0,0,0,0,0,0,0,0,1,0,0,1,0,0,0,0,0,0,0,0,0,0,0,0,0,0,0,0,1,0,0,0,0,0,0,0,0,0,0,0,0,0,0,0,0,0,0,0,0,0,0,0,0,0,0,0,0,0,0,0,0,0,0,0,0,0,0,0,0,0,0,0,0,0,0
0,0,0,0,0,0,0,0,0,0,0,0,0,0,0,0,0,1,0,0,0,0,0,0,0,0,0,0,0,0,0,0,0,0,0,0,0,0,0,0,0,0,1,0,1,0,0,0,0,0,0,0,0,0,0,0,0,0,0,1,1,1,2,0,0,0,1,0,0,0,0,0,0,0,0,0,0,0,0,1,0,0,0,0,0,0,0,0,0,1,1,1,1,0,0,0,0,0,0,0,0,0,0,0,0,0,0,0,0,0,0,0,0,0,0,0,0,0,0,0,0,0,0,0,0,0,0,0,0,0,0,0,0,0,0,0,0,0,0,0,0,0,0,0,0,0,0,0,0,0,0,0,0,0,0,0,0,0,0,0,0,0,0,0,1,0,0,0,0,1,0,0,0,0,0,0,0,0,0,2,0,0,0,1,2,0,0,0,0,0,1,0,0,0,0,0,0,0,0,0,0,0,0,0,0,0,0,0,0,0,0,0,0,0,1,0,0,0,0,1,0,0,0,2,0,0,0,0,0,0,0,0,0,0,0,0,0,0,1,0,0,0,0,0,0,0,0,0,1,0,1,2,0,0,0,1
0,0,0,0,1,0,0,0,0,0,0,0,0,0,0,0,1,1,0,0,0,0,0,0,0,0,1,0,0,0,0,0,0,0,0,0,0,0,0,0,0,2,1,0,1,0,0,0,0,0,0,0,0,0,0,0,0,0,0,1,1,0,3,0,0,0,0,0,0,0,0,0,0,0,0,0,0,0,0,0,0,0,0,0,0,0,1,0,0,0,1,0,1,0,0,0,0,0,0,0,0,0,0,0,0,0,0,0,0,0,0,0,0,0,0,0,0,0,0,0,0,0,0,0,0,0,0,0,0,0,0,0,0,0,0,0,0,0,0,0,0,0,0,0,0,0,0,0,0,0,0,0,0,0,0,0,0,0,0,0,0,0,0,0,1,0,0,0,0,1,0,0,1,0,1,0,0,0,0,1,0,0,0,0,0,0,0,0,0,0,0,0,1,0,0,0,1,0,0,0,0,0,0,0,0,0,0,0,0,0,0,0,0,0,0,1,0,0,0,0,0,0,0,3,0,0,0,0,0,1,0,0,0,0,1,0,0,0,1,0,0,0,0,0,1,0,0,0,0,0,0,0,0,0,0,1
1,0,0,0,0,0,0,0,0,0,0,0,0,0,0,0,0,0,0,0,1,0,0,0,0,0,1,0,0,0,0,0,0,0,0,0,0,0,0,0,0,0,1,0,1,0,0,0,0,0,0,0,0,0,0,0,0,0,0,0,2,1,2,0,0,0,0,0,0,0,1,0,0,0,0,0,0,0,0,0,0,0,0,0,0,0,0,0,0,0,3,0,1,0,0,0,0,0,0,0,0,0,0,1,0,0,1,0,0,0,0,0,0,0,0,0,0,0,0,0,1,0,0,0,1,1,0,0,0,0,0,0,0,0,0,0,1,1,0,0,0,0,0,0,0,0,0,0,0,0,0,0,0,0,0,0,0,0,0,0,0,0,0,1,0,0,0,0,0,1,0,0,0,0,0,0,0,0,0,0,0,0,0,0,1,0,0,0,0,0,0,0,0,0,0,1,0,0,0,0,0,0,0,0,0,0,0,0,0,0,0,0,0,1,1,0,0,0,0,0,0,0,0,1,0,0,0,0,0,0,0,0,0,0,1,0,0,0,0,0,1,0,0,0,0,0,0,0,0,0,0,1,0,0,0,0
0,0,0,0,0,0,0,0,0,1,1,0,0,0,1,0,0,0,1,0,0,0,0,0,0,0,0,0,0,0,0,0,0,0,1,0,0,0,0,0,0,0,0,1,0,4,0,0,1,0,0,0,0,0,0,0,3,0,0,0,1,0,0,0,0,0,0,0,0,0,0,0,0,0,0,0,0,0,0,0,0,0,0,0,0,0,0,0,2,0,0,0,0,0,0,0,0,1,0,0,0,0,0,0,0,0,1,0,0,0,0,0,0,1,0,0,0,0,0,0,0,0,0,0,0,0,0,1,0,0,0,0,0,0,0,0,0,0,0,0,0,0,0,0,0,0,0,0,1,1,0,0,0,0,0,0,0,0,0,0,0,0,0,0,0,0,0,0,0,0,0,0,0,0,0,0,0,0,0,0,0,0,0,0,0,0,0,0,0,0,0,0,1,0,0,1,0,0,0,0,0,0,1,0,0,0,0,0,0,0,0,0,0,0,0,0,2,0,0,0,0,0,0,0,0,0,0,0,0,0,0,0,1,0,0,3,0,0,1,0,3,0,0,2,0,0,0,0,0,0,1,0,0,1,0,0
0,0,0,0,0,0,0,0,0,1,0,0,0,0,1,0,0,0,0,0,0,0,0,0,0,0,0,0,0,0,0,0,0,0,0,0,0,0,0,0,0,0,0,0,1,4,0,0,1,0,0,0,0,0,0,0,3,0,0,0,1,0,0,2,0,0,0,0,3,0,0,0,0,0,0,0,0,0,0,0,0,0,0,0,0,0,0,0,0,2,0,2,0,0,0,0,0,1,0,0,0,0,0,0,0,0,1,0,0,0,0,1,0,0,0,0,0,0,0,0,0,0,0,0,0,0,0,0,0,1,0,0,0,0,0,0,0,0,0,0,0,0,0,0,0,0,0,0,0,0,1,0,0,0,0,0,0,0,0,0,0,0,0,0,0,0,1,0,0,0,1,0,0,0,0,0,0,0,0,0,0,0,0,0,0,0,0,0,0,0,0,0,1,0,0,0,0,0,0,0,0,0,0,0,0,0,0,1,0,1,0,0,0,0,0,0,0,0,1,0,0,0,0,0,0,0,0,0,0,0,0,0,0,0,0,0,0,0,0,0,0,0,0,0,0,0,0,0,0,0,0,0,0,0,0,0
0,0,0,0,0,0,0,0,0,1,0,0,0,0,1,0,0,0,1,0,0,0,0,0,0,0,0,0,1,0,0,0,0,0,0,0,0,0,0,0,1,0,0,0,0,3,1,0,1,0,0,0,0,0,0,0,2,0,0,0,2,0,0,0,0,0,0,0,0,0,0,0,0,0,1,0,0,0,0,0,0,0,0,0,0,0,0,0,0,0,0,0,2,0,0,1,0,1,0,0,0,0,0,0,0,0,1,0,0,0,0,0,0,0,0,0,0,0,0,0,0,0,1,0,0,0,0,0,0,0,0,0,0,0,0,0,0,0,0,0,0,0,0,0,0,0,0,0,0,0,0,0,0,0,0,0,0,0,0,0,0,0,0,0,0,0,2,0,0,0,0,0,0,0,0,0,0,0,0,0,0,0,0,0,0,0,0,0,0,0,0,0,1,0,0,0,0,0,0,0,0,0,0,0,0,0,0,0,0,0,0,0,0,0,0,0,0,0,0,0,0,0,0,0,0,0,0,0,0,0,0,0,0,0,0,0,0,0,0,0,0,0,0,0,0,0,0,0,0,0,0,0,0,0,0,0
0,0,0,0,0,0,0,0,0,1,0,0,0,0,1,0,0,0,0,0,0,0,0,0,0,0,0,0,0,0,0,0,0,0,0,0,0,0,0,0,0,0,0,0,0,2,1,0,1,0,0,0,0,0,0,0,1,0,0,0,1,0,0,0,1,0,0,0,0,0,0,0,0,0,0,0,0,0,0,0,0,0,0,0,0,0,0,0,0,0,0,0,1,0,0,1,0,1,0,0,0,0,0,0,0,0,1,0,0,0,2,0,0,0,0,0,0,0,0,0,0,0,0,0,0,0,0,0,0,0,0,0,1,0,0,0,0,0,0,0,0,0,0,0,0,0,0,0,0,1,0,0,0,0,0,0,0,0,0,0,0,0,0,0,0,0,0,0,0,0,0,0,0,0,0,0,0,0,0,0,0,0,0,0,0,0,0,0,0,0,0,0,1,0,0,0,0,0,0,0,0,0,0,0,0,0,0,0,0,0,0,0,0,0,0,0,0,0,0,0,0,0,0,0,0,0,0,0,0,2,0,1,0,0,0,2,0,0,0,0,0,0,0,0,0,0,0,0,0,0,0,0,0,0,1,0
0,0,0,0,0,0,0,0,1,1,0,0,0,0,1,0,0,0,1,0,0,0,0,0,0,0,0,0,0,0,0,0,0,0,0,0,0,0,0,0,0,0,0,0,0,4,0,0,1,0,0,0,0,0,1,0,3,0,0,0,1,0,0,0,0,0,0,0,0,0,2,0,0,0,0,0,0,0,0,1,0,0,0,0,0,0,0,0,0,0,0,0,1,0,0,0,0,1,0,0,0,0,0,0,0,0,1,0,0,1,0,0,0,0,0,0,0,0,0,0,0,0,0,0,0,0,0,0,0,0,0,0,0,0,0,0,0,0,0,0,0,0,0,0,0,0,0,0,0,1,0,0,0,0,0,0,0,0,0,0,0,0,0,0,0,0,0,0,0,0,0,0,0,0,0,0,0,0,0,0,0,0,0,0,0,0,0,0,0,0,0,0,1,0,0,0,0,0,0,0,0,0,1,0,0,0,0,0,0,2,0,0,0,0,0,0,1,0,0,0,0,0,0,0,0,0,0,0,0,0,0,0,0,0,0,2,0,1,0,0,0,0,0,0,0,0,0,0,0,1,0,0,0,1,0,0
0,0,0,0,0,0,0,0,0,1,0,0,0,0,1,0,0,0,0,0,0,0,0,0,1,0,0,0,0,0,0,0,0,0,0,0,0,0,0,0,0,0,0,0,0,3,0,0,1,0,0,0,0,0,0,0,2,1,0,0,1,1,0,2,0,0,0,0,0,0,0,0,0,0,0,0,0,0,0,0,0,0,0,0,0,0,0,0,0,0,0,0,1,0,0,0,0,1,0,0,0,0,0,0,0,0,1,0,0,0,0,0,0,0,0,0,0,0,0,0,0,0,0,0,0,0,0,0,0,0,0,0,0,0,0,0,0,0,0,0,0,0,0,0,0,0,0,0,0,0,0,0,0,0,0,0,0,0,0,0,0,0,0,0,0,0,0,0,0,0,0,0,0,0,0,0,0,0,0,0,0,0,0,0,0,0,0,0,0,1,0,0,1,0,0,0,2,0,0,0,0,0,1,0,1,0,0,0,0,0,0,0,0,0,0,0,0,0,0,0,0,0,0,0,0,0,0,0,0,0,0,0,0,0,0,0,0,0,0,0,0,0,0,0,0,0,0,0,0,0,0,0,0,0,1,0
0,0,0,0,0,0,0,0,1,1,2,0,0,0,0,0,0,0,0,0,0,1,0,0,0,0,1,0,0,0,0,0,0,0,0,0,0,0,0,0,0,0,0,0,0,0,0,0,1,0,0,0,0,0,0,0,0,0,0,1,1,0,0,0,0,1,1,0,0,0,1,0,0,0,0,0,0,0,1,0,0,0,0,0,0,0,1,0,0,1,0,0,0,0,0,0,1,0,0,0,0,0,2,0,0,0,0,0,0,0,0,0,0,0,0,1,0,0,0,0,0,0,0,1,0,0,0,0,0,0,1,0,0,0,0,0,0,0,0,0,0,0,0,0,0,0,0,0,0,0,0,0,0,0,0,0,0,0,0,0,0,0,1,2,0,0,0,0,1,0,0,0,0,0,0,0,0,0,0,0,0,0,0,0,0,0,0,0,0,0,0,0,0,0,0,0,0,0,0,0,0,0,0,0,0,0,0,0,0,0,0,0,0,0,0,0,0,0,1,0,0,0,1,0,0,0,2,0,0,0,0,0,1,0,0,0,0,1,0,0,1,0,0,0,0,0,0,0,0,0,0,0,0,0,0,0
0,0,0,0,0,0,0,0,0,0,0,0,0,0,0,0,0,0,2,1,0,0,0,0,0,0,1,0,0,0,0,0,0,0,0,0,0,0,0,0,0,0,1,0,1,0,0,0,0,0,0,0,0,0,0,0,0,0,0,0,1,1,1,0,0,0,0,0,0,0,0,0,0,0,0,0,0,0,0,0,0,0,0,1,0,0,0,0,0,0,1,1,0,0,0,0,0,0,0,0,0,0,0,0,0,1,0,0,0,0,0,0,0,0,0,0,0,0,0,0,0,0,0,0,0,0,0,0,0,0,0,0,0,0,0,0,0,0,0,0,0,2,1,0,0,0,0,0,0,0,0,0,0,0,0,0,0,0,2,0,1,0,0,1,0,0,0,0,0,1,0,0,1,0,0,0,0,0,0,3,0,0,0,0,0,0,0,0,0,0,0,0,0,0,0,0,0,0,0,0,0,0,1,0,0,0,0,0,0,0,0,0,0,0,1,0,0,0,2,0,0,0,0,2,0,0,0,0,0,0,0,1,0,0,1,0,0,0,1,1,0,0,0,0,1,0,0,0,0,0,0,3,0,0,0,1
0,0,0,0,0,0,0,0,0,1,0,0,0,0,1,0,0,0,0,0,0,0,0,0,0,0,0,0,0,0,0,0,0,0,0,0,0,0,0,0,0,0,0,0,0,4,1,0,1,0,1,0,0,0,0,0,3,0,0,0,1,0,0,1,0,0,0,0,0,0,0,0,0,0,0,0,0,0,0,0,0,0,0,0,0,0,0,0,0,1,0,0,0,0,0,1,0,1,0,0,0,0,0,0,0,0,1,0,0,0,0,0,0,0,0,0,0,0,0,0,0,0,0,0,0,0,0,0,0,0,0,0,1,0,0,0,0,0,1,0,0,0,0,0,0,0,0,0,1,0,0,0,0,0,0,0,0,0,0,0,0,0,0,1,0,0,0,0,1,0,0,0,0,0,0,0,0,0,0,0,0,0,0,0,0,0,0,0,0,0,0,0,1,0,0,0,0,1,0,0,0,1,0,0,0,0,0,0,1,0,0,0,0,0,0,0,1,0,0,0,0,0,0,0,0,0,0,1,0,2,0,0,0,0,0,1,0,0,0,0,0,0,0,0,0,0,0,0,0,0,0,0,0,0,0,0
0,0,0,0,0,0,0,0,0,0,0,0,0,0,0,1,0,0,1,0,1,0,0,0,0,1,0,0,0,0,0,0,1,0,0,0,0,1,0,0,0,0,1,0,1,3,1,0,1,0,0,0,0,1,0,0,2,0,0,0,1,0,0,0,0,0,0,2,0,0,1,0,0,0,1,0,0,0,0,0,0,0,0,0,0,0,0,0,0,0,0,0,1,0,0,0,0,1,0,0,0,0,0,0,0,0,1,0,0,0,0,0,0,0,0,0,0,0,0,0,0,0,0,0,0,0,0,0,0,0,0,0,0,0,0,0,0,0,0,0,0,0,0,0,0,0,0,0,0,0,0,0,0,0,0,0,0,0,0,0,0,1,0,1,0,1,4,0,0,0,1,0,0,0,0,0,0,0,0,0,0,0,0,0,0,1,0,0,0,0,0,0,1,0,0,0,0,0,0,0,0,0,0,0,0,0,0,1,0,0,1,0,0,0,0,0,0,0,0,0,0,0,0,0,0,0,1,0,0,0,0,0,0,0,2,1,0,0,0,0,0,0,0,0,0,0,0,0,0,0,0,0,0,0,0,0
0,1,0,0,0,0,1,0,0,1,0,0,0,0,1,0,0,0,0,0,0,1,0,0,0,0,0,0,0,0,0,0,0,0,4,0,0,0,0,0,0,0,0,0,0,5,0,0,1,0,0,0,0,0,0,0,5,0,0,0,0,0,0,0,1,0,0,0,0,1,1,0,0,1,3,0,0,0,0,1,0,0,0,0,0,0,0,0,0,1,0,1,3,0,0,1,1,1,0,0,0,0,0,0,0,0,1,1,0,0,0,0,0,0,0,0,0,0,0,0,0,0,0,0,0,0,0,0,0,0,0,0,1,0,0,0,0,0,0,0,0,0,0,1,0,0,0,0,0,0,0,0,0,0,0,0,0,0,0,0,0,0,0,0,0,0,0,0,0,0,0,0,0,0,0,0,0,0,0,0,0,0,0,0,0,0,0,0,0,0,0,1,1,0,0,0,0,0,0,0,0,0,0,0,0,0,0,0,0,0,0,0,0,0,0,0,0,0,0,0,0,0,0,0,0,0,0,0,0,0,0,0,1,0,0,3,0,0,0,0,0,1,0,0,0,0,0,0,0,0,0,1,0,0,0,0
2,0,0,0,0,0,0,0,0,0,0,0,0,0,0,0,0,1,1,1,0,0,1,0,0,0,1,0,0,0,0,0,0,0,0,0,0,0,0,0,3,0,1,0,1,0,0,0,0,0,0,0,0,0,0,0,0,2,0,0,1,0,3,0,0,0,0,0,0,0,0,0,0,0,0,0,0,0,0,0,0,0,0,0,0,0,0,0,0,0,1,0,0,0,0,0,0,0,0,0,0,0,0,0,0,0,0,0,0,0,0,0,0,0,0,0,0,0,0,0,1,0,0,0,0,1,0,0,0,0,0,0,0,0,0,0,0,1,0,0,0,1,0,0,1,0,0,0,0,0,0,0,0,0,0,0,0,0,0,0,0,0,0,0,1,0,0,0,0,1,0,0,1,0,1,0,0,0,0,2,0,0,0,0,0,0,0,0,0,1,0,0,1,0,0,1,0,0,0,0,0,0,1,0,0,0,0,0,0,0,0,1,0,1,0,0,1,0,0,1,0,0,0,2,0,0,0,0,0,0,0,0,0,0,0,0,0,0,0,0,0,0,0,0,0,0,0,0,0,0,0,0,0,0,0,0
