2,3,1,0,13,0,1,12,0,0,0,0,0,0,0,0,0,2,1,0,1,10,5,6,1,3,1,2,1,0,1,0,0,1,6,0,25,3,3,12,0,11,0,2,0,1,2,1,0,0,0,0,6,1,2,0,0,1,0,0,0,2,1,1,0,1,8,1,1,4,0,0,0,22,1,0,0,1,0,0,0,3,3,5,1,0,0,0,1,0,0,0,2,1,1,4,0,0,0,0,3,0,3,0,0,1,0,1,0,0,3,1,0,0,0,1,0,4,0,0,4,0,1,4,2,0,1,1,1,1,1,0,3,0,2,1,1,1,48,1,0,0,0,5,0,0,2,3,1,1,0,1,0,0,0,0,0,0,0,0,2,8,6,0,3,3,2,1,0,0,8,0,3,0,2,2,0,0,1,6,0,4,0,1,1,5,10,2,4,0,0,10,2,0,9,0,3,2,11,0,0,8,1,0,1,1,0,0,0,0,16,23,0,0,0,2,0,68,3,3,6,1,3,0,1,8,1,2,0,0,8,1,0,6,1,0,0,3,0,8,4,7,0,0,0,1,0,4,3,5,1,0,0,0,0,3
2,0,0,0,5,0,4,10,0,0,5,0,13,4,0,0,4,2,5,0,2,0,1,9,1,0,0,0,1,0,1,0,0,1,2,0,0,6,0,1,0,8,0,12,1,2,1,1,2,3,0,0,3,0,3,5,10,0,0,0,0,0,2,0,0,0,1,0,4,17,1,6,0,1,1,0,1,30,2,42,7,2,0,7,3,0,2,1,1,0,0,1,4,2,2,2,0,0,0,1,1,0,14,0,0,0,0,0,10,2,0,2,2,0,0,2,0,3,0,0,0,0,1,9,2,0,5,0,1,0,1,0,3,0,6,0,0,1,12,2,0,1,0,3,0,0,0,4,0,5,0,5,0,0,0,0,3,0,1,2,5,6,0,0,0,1,4,2,0,0,0,0,0,0,1,2,0,0,0,1,0,1,0,0,0,4,0,1,3,1,2,2,5,0,1,6,4,3,0,0,1,4,1,1,0,0,0,1,2,0,5,21,1,0,0,1,0,57,2,6,1,0,4,0,1,1,1,1,1,1,1,0,1,0,3,0,1,0,1,0,0,3,2,1,0,2,0,4,2,1,0,0,0,1,0,0
0,5,0,0,3,0,2,0,0,1,2,0,4,0,4,0,0,2,5,3,2,0,2,0,0,0,2,2,2,0,6,6,0,0,0,2,4,4,0,2,0,9,0,0,0,0,2,3,11,2,0,0,0,0,1,0,0,0,0,1,0,1,0,0,1,2,0,0,2,5,2,31,1,0,0,0,0,46,0,8,0,4,0,1,3,9,4,2,1,1,0,3,0,5,6,1,3,1,0,0,1,0,3,1,3,0,0,0,3,3,0,0,5,0,1,1,2,0,0,0,1,0,0,0,0,0,6,1,3,0,1,0,0,1,0,0,1,0,2,1,0,0,3,0,1,1,4,7,0,0,1,18,1,0,0,1,0,0,1,0,2,5,24,1,0,1,3,0,4,1,0,1,0,0,1,4,1,0,0,2,1,1,1,0,5,3,0,2,10,1,0,9,0,0,4,1,4,0,0,0,0,1,2,0,0,0,0,3,0,1,16,3,2,2,3,0,0,39,2,2,0,0,0,0,0,3,1,1,1,0,4,3,1,0,3,0,0,0,4,0,1,31,1,1,1,0,0,0,6,4,3,0,0,0,0,0
0,0,0,0,10,0,2,8,1,0,0,0,6,1,1,2,1,1,2,2,3,0,1,3,0,0,3,1,0,0,0,1,1,0,1,0,1,0,0,0,0,6,0,0,2,0,0,2,7,1,0,0,1,1,1,0,8,1,0,0,4,1,0,0,0,1,0,0,2,12,0,1,0,1,1,3,0,2,1,1,1,0,0,4,0,0,0,0,1,0,1,0,0,0,2,1,3,1,0,0,0,0,1,3,0,2,0,5,2,2,8,1,3,0,1,2,0,2,0,0,0,0,0,0,0,0,0,1,4,0,1,0,0,0,0,6,0,0,8,0,7,2,1,0,0,1,1,0,1,2,43,3,1,0,0,2,0,12,1,0,2,7,8,2,0,8,5,5,1,2,4,1,0,0,2,3,0,0,0,6,0,0,1,0,2,3,1,2,6,2,5,1,0,1,1,5,3,0,57,0,3,3,1,1,0,0,2,2,0,0,3,6,2,1,0,3,1,62,5,0,7,0,11,7,1,4,4,3,1,2,5,0,2,0,0,0,0,0,0,1,3,26,0,1,4,3,0,3,0,0,1,0,6,1,0,0
0,1,0,0,0,0,0,0,0,0,1,0,3,1,6,0,0,1,0,1,1,2,1,0,3,2,0,2,1,0,0,7,0,2,0,9,3,2,0,1,0,7,0,5,0,0,1,2,0,2,0,0,0,1,7,0,1,0,1,1,1,3,0,7,0,1,7,0,3,0,0,1,3,0,4,2,1,6,3,0,0,18,1,4,0,1,1,2,1,0,0,4,1,6,6,3,4,0,9,4,5,1,5,0,0,0,0,0,8,1,4,0,1,0,0,0,4,4,0,0,1,0,4,0,7,0,8,2,2,0,1,0,0,0,0,2,0,3,1,5,0,0,2,2,0,0,1,3,0,0,0,0,1,0,0,1,0,0,0,0,4,1,24,0,3,4,6,5,3,1,9,1,1,8,3,2,3,0,0,2,0,0,2,0,0,9,26,1,6,4,1,4,1,2,6,0,1,1,0,0,2,2,1,0,0,0,0,4,1,1,0,1,2,0,0,0,0,17,2,0,0,3,5,1,0,4,0,2,0,1,1,0,0,0,3,1,0,1,2,0,4,52,2,1,1,1,7,2,3,1,4,1,11,3,0,2
1,1,0,0,4,0,1,3,0,0,2,0,8,0,0,6,5,4,0,3,2,0,4,2,0,3,2,0,0,0,0,0,0,0,1,0,0,1,0,2,0,5,0,3,0,0,0,1,0,6,0,0,0,0,1,1,0,1,1,0,0,1,0,0,0,0,0,0,1,4,0,0,0,0,1,1,0,25,2,1,20,21,5,4,1,0,2,0,1,0,0,7,0,0,4,0,3,0,4,0,0,0,0,0,8,0,0,0,5,1,3,0,0,0,0,0,2,2,0,1,1,0,1,5,0,0,0,0,4,0,1,0,10,0,0,0,0,1,31,0,7,0,0,3,0,0,1,4,0,0,0,0,0,1,0,1,0,1,1,0,7,2,11,1,2,5,5,0,0,1,5,0,1,0,1,3,14,0,0,3,0,2,0,0,3,6,1,2,4,1,2,3,0,2,3,0,2,0,0,0,2,0,1,0,0,0,1,3,0,0,0,2,3,1,0,0,0,45,1,0,0,0,2,0,1,6,0,1,1,0,1,0,0,1,3,0,0,0,3,10,3,42,1,1,11,3,0,0,3,5,3,0,5,1,0,1
0,1,0,0,8,0,1,0,0,0,3,0,0,0,11,0,3,1,1,1,2,3,1,1,6,0,2,0,3,0,1,2,0,2,0,6,6,5,0,2,0,7,0,10,0,0,0,3,1,3,0,1,1,0,1,0,0,1,0,3,1,1,0,2,0,2,3,0,1,0,0,0,0,1,0,0,1,1,0,1,0,21,9,1,0,3,1,2,1,0,1,0,0,5,0,0,2,1,3,1,0,0,10,0,0,0,0,1,7,1,0,1,0,1,0,0,8,2,0,2,2,3,1,2,1,0,7,0,5,0,2,0,0,0,0,1,0,1,8,10,1,0,0,1,0,0,2,4,0,2,0,0,0,2,0,0,1,0,0,2,4,1,0,2,2,4,3,1,2,1,9,6,0,0,1,1,0,0,1,1,0,1,0,4,0,3,8,1,9,1,0,5,0,0,13,2,2,2,2,0,0,2,1,3,1,0,0,2,0,3,2,1,1,0,0,8,0,31,1,0,0,0,1,2,0,9,3,4,0,0,4,0,0,1,1,0,0,0,3,0,4,26,0,1,20,0,0,0,0,2,14,0,14,3,1,0
0,4,0,0,2,0,1,7,0,2,0,0,1,1,10,0,1,1,0,0,2,0,1,5,0,1,1,1,5,0,5,8,1,1,2,13,5,7,0,7,0,13,0,1,0,0,0,3,7,1,0,0,1,0,4,0,0,0,0,0,0,0,0,0,0,2,0,0,3,1,0,24,5,0,0,0,1,26,3,2,9,11,0,0,4,1,3,1,1,0,0,0,0,5,9,1,2,2,0,0,0,0,15,0,0,0,0,0,4,2,6,2,5,2,1,0,0,1,0,0,1,0,1,1,0,0,6,1,3,0,1,0,0,0,0,3,0,1,23,10,0,0,1,3,0,0,3,4,0,37,0,0,3,0,4,1,0,1,0,1,1,8,0,0,0,1,2,1,5,1,6,0,6,0,1,3,0,0,0,4,0,3,0,0,1,4,3,1,7,0,2,1,1,4,3,0,2,3,1,0,0,2,2,0,0,0,0,2,0,0,3,5,1,1,0,0,0,51,1,0,0,1,5,1,0,8,2,1,1,1,2,1,1,1,1,0,0,0,4,0,3,5,1,0,2,0,0,2,0,3,1,0,6,0,0,0
0,0,0,0,1,0,4,5,0,0,1,1,2,0,7,3,0,1,0,2,2,0,0,0,0,0,0,0,1,0,0,0,3,1,0,0,8,1,0,0,0,9,0,8,0,0,1,2,0,5,0,0,0,0,3,0,3,0,0,0,2,1,0,2,0,1,0,5,2,5,0,7,1,18,2,1,0,7,4,0,2,11,2,1,0,0,0,2,2,0,2,0,0,3,1,0,2,0,0,0,2,1,3,0,0,3,0,0,3,0,2,0,0,2,0,0,1,9,0,0,1,0,1,2,1,0,8,0,2,0,1,0,2,2,1,0,0,1,7,2,0,0,1,2,0,0,0,4,0,1,0,0,1,0,0,1,1,1,0,1,4,7,0,0,1,4,3,2,5,1,3,0,1,0,1,3,3,0,0,1,0,0,5,0,0,3,15,3,6,1,1,5,0,2,10,0,4,2,6,0,1,0,1,20,0,4,3,1,1,1,18,9,2,0,1,0,0,44,2,1,1,1,7,0,1,10,6,4,1,5,12,0,0,0,2,0,2,0,0,0,2,26,0,2,1,3,0,2,0,0,0,0,7,0,0,0
0,1,0,0,0,0,0,2,0,0,0,2,3,0,1,0,0,2,1,3,3,0,2,2,1,5,2,3,1,0,2,3,0,1,0,2,1,1,0,3,0,12,0,0,0,1,0,2,0,2,0,1,3,0,3,0,0,0,0,1,0,1,0,1,0,1,0,0,1,4,0,6,0,0,0,0,0,2,0,0,3,7,1,0,0,0,0,1,1,0,0,0,0,1,0,0,1,0,2,0,0,0,30,0,0,0,1,0,2,1,5,1,0,1,0,0,3,0,0,0,1,0,1,2,0,0,4,0,4,0,6,1,1,0,0,0,1,2,14,0,5,0,2,2,1,0,3,6,0,43,2,0,2,0,0,1,3,0,0,3,2,1,0,0,1,1,5,2,1,1,1,0,1,0,1,3,0,0,0,1,0,0,0,0,1,3,3,2,7,0,2,4,0,1,4,1,3,0,2,0,2,2,2,0,0,1,0,0,0,1,30,4,0,0,0,0,10,59,6,2,2,0,3,1,0,0,3,1,0,1,2,0,1,1,2,0,0,0,7,3,4,21,2,2,2,1,0,2,4,19,1,0,0,4,6,1
0,1,0,0,0,0,0,1,0,0,0,0,4,1,6,0,0,2,3,0,2,7,4,0,0,0,4,1,1,0,2,10,0,1,0,0,4,2,0,1,0,12,0,1,0,0,0,2,5,5,0,0,2,0,1,1,0,0,0,2,1,2,0,0,1,0,3,3,1,0,0,33,0,1,1,0,1,13,2,0,4,15,2,0,4,2,2,1,1,0,1,0,1,4,5,0,1,1,0,0,1,0,9,0,0,0,0,0,0,4,2,1,2,0,1,0,15,0,0,0,2,0,2,1,1,0,11,0,13,0,1,0,1,0,0,1,0,1,7,8,1,0,0,1,0,0,1,8,0,3,0,0,0,0,0,0,1,0,0,0,2,2,6,0,1,2,3,2,4,0,3,2,0,0,2,1,0,0,0,1,0,0,0,2,1,2,2,1,3,1,1,3,0,0,20,0,1,4,0,0,1,1,2,0,0,0,1,5,0,0,0,12,1,1,2,0,0,54,2,12,1,0,0,0,1,3,7,1,1,0,13,0,0,1,1,0,0,0,3,1,2,1,0,0,3,0,0,1,3,4,1,0,3,1,1,0
0,2,4,2,1,0,1,2,0,0,2,1,3,0,7,0,0,1,0,1,2,4,2,0,0,0,3,1,3,0,17,0,0,2,3,2,9,21,2,8,6,8,0,0,1,0,0,2,1,3,0,9,3,0,1,2,2,1,0,2,0,1,0,4,0,0,0,5,1,5,1,0,3,1,2,2,0,2,1,2,1,7,2,3,0,0,0,0,2,0,1,0,0,3,0,1,1,0,0,2,0,3,7,3,10,0,0,0,1,0,3,3,0,6,1,0,1,1,1,0,1,1,1,3,3,1,6,4,6,1,1,0,3,0,1,1,0,2,5,5,2,0,1,0,0,2,2,3,1,0,0,0,0,1,0,0,1,0,0,0,0,3,7,0,0,2,5,2,3,3,0,0,0,0,1,4,2,0,1,2,0,2,0,1,1,2,0,2,6,0,2,8,0,0,8,0,1,0,1,1,0,4,1,0,0,0,0,3,0,0,0,7,0,1,0,0,0,56,1,0,3,0,0,0,1,3,7,1,1,2,0,1,0,3,1,3,1,6,0,6,3,22,0,1,0,0,2,3,1,5,0,0,5,3,0,3
6,2,0,1,21,0,0,9,0,0,4,1,0,1,1,2,3,1,1,5,8,0,2,7,3,0,0,0,0,1,5,1,0,1,1,0,4,1,0,3,0,4,0,0,0,0,1,1,5,1,0,1,1,0,3,0,0,0,0,2,1,1,0,0,0,1,0,0,1,1,1,15,0,0,1,1,1,19,0,1,2,6,0,4,0,0,0,0,1,0,0,0,1,0,0,1,1,0,4,0,1,2,1,0,0,1,0,3,4,1,0,5,6,0,0,5,1,13,1,0,2,1,0,4,1,0,1,2,3,0,1,0,3,0,0,2,0,0,34,1,0,0,0,0,0,0,0,3,0,1,2,1,0,0,0,1,2,10,0,1,0,2,0,0,0,2,3,0,1,0,1,0,10,0,1,1,0,0,0,1,0,0,0,1,0,2,2,1,3,7,2,2,1,0,11,2,2,2,0,0,0,5,0,0,0,1,0,1,0,0,1,31,1,1,0,1,0,47,2,1,5,0,3,1,0,7,0,1,0,0,0,0,0,0,0,0,0,0,0,0,0,9,0,3,9,0,1,0,0,2,2,0,3,0,0,0
1,1,7,0,2,0,0,4,0,1,6,0,0,6,1,0,0,1,0,1,2,5,1,1,5,1,3,6,0,0,6,1,0,0,2,4,11,0,5,2,1,5,0,0,0,0,0,2,1,5,0,1,3,0,1,3,0,0,0,1,4,1,0,1,0,0,0,2,0,0,1,16,0,0,4,0,0,3,1,1,0,2,1,1,1,0,0,0,1,0,1,3,1,0,1,1,3,0,2,3,0,0,42,0,2,1,0,1,0,1,1,1,0,0,0,0,1,30,0,0,1,0,1,3,2,1,1,1,2,0,1,1,5,0,2,1,0,0,20,4,0,0,0,0,2,0,1,0,0,2,0,0,0,0,1,1,0,0,0,1,0,1,7,0,1,1,2,3,0,0,0,0,0,0,1,0,0,0,2,0,0,0,0,0,0,4,6,3,4,1,1,0,4,2,0,0,1,1,40,1,0,1,1,0,0,0,0,1,0,0,2,14,2,3,0,0,0,23,4,5,2,0,2,5,0,13,0,2,0,1,1,1,0,0,0,0,0,5,1,0,0,0,0,0,1,0,1,3,2,2,0,0,5,1,0,0
0,6,0,0,3,0,1,5,0,0,0,2,0,0,6,0,0,1,0,0,1,0,1,9,0,1,1,0,0,0,0,0,0,0,7,7,32,1,0,3,0,18,0,0,0,0,0,0,0,1,0,1,2,0,1,0,1,2,0,1,2,4,0,0,1,1,0,1,1,4,1,3,1,3,1,0,0,24,1,1,6,4,2,3,1,1,0,0,1,1,0,0,0,1,1,7,1,1,3,0,0,0,0,0,8,1,1,0,2,6,2,1,3,3,0,0,7,1,0,0,2,0,1,2,2,0,2,0,1,0,1,0,0,0,0,0,0,0,8,4,0,0,0,0,0,0,0,2,2,0,0,9,0,1,0,0,0,0,0,0,3,1,6,0,0,1,4,4,0,4,1,0,2,0,1,7,0,0,0,1,0,1,0,0,1,6,4,1,6,0,5,0,2,0,6,1,3,0,0,0,0,3,2,0,0,0,0,0,1,0,46,30,3,0,0,0,9,51,1,0,1,0,1,0,10,17,1,2,0,0,5,0,0,0,0,0,0,0,4,0,2,1,0,0,5,0,0,2,2,9,0,0,12,0,0,1
1,0,10,1,0,0,0,0,4,1,8,19,1,0,7,0,0,0,0,52,0,0,5,0,2,0,1,7,0,0,27,0,0,1,1,0,2,2,4,0,7,0,0,1,0,1,1,0,1,0,1,18,5,0,1,0,1,0,1,1,1,0,0,0,6,0,1,1,1,0,1,1,0,0,0,1,0,0,0,3,0,0,0,1,2,0,0,1,1,1,0,6,0,1,0,0,8,0,1,0,1,1,0,9,5,0,3,35,1,0,4,0,0,0,0,6,2,1,9,3,3,6,0,1,0,0,1,0,31,0,0,0,0,0,7,0,0,4,1,0,1,0,1,0,4,7,1,0,0,5,0,0,5,0,4,0,6,0,0,3,0,0,0,0,0,1,0,0,0,3,0,0,0,0,0,1,0,1,0,3,2,0,2,0,1,0,0,0,1,0,4,1,0,1,0,0,0,0,1,0,0,0,0,0,0,0,0,1,0,0,3,0,0,0,0,0,0,1,0,0,0,0,0,0,2,1,0,2,0,2,3,0,0,4,0,1,1,17,0,0,0,0,0,0,0,0,1,0,2,0,1,0,0,1,0,3
0,2,0,0,2,0,1,7,0,0,1,1,0,0,1,1,0,1,0,0,1,8,7,8,0,0,0,0,1,0,1,0,0,0,0,9,10,2,1,10,0,9,0,0,0,0,1,0,0,0,0,0,0,0,0,0,0,2,0,0,0,0,0,0,1,0,0,0,2,0,0,0,0,6,3,1,0,2,2,0,21,0,6,7,0,0,1,0,1,0,1,0,0,2,0,0,0,0,5,2,1,0,6,0,1,2,0,0,0,1,0,3,0,0,0,4,0,3,0,0,1,0,2,8,2,0,0,0,0,0,1,0,0,0,1,0,0,0,23,0,3,0,1,1,0,0,2,1,0,4,0,0,0,0,1,1,0,0,0,0,5,1,6,0,0,4,4,1,0,1,0,0,0,0,2,1,1,0,0,3,0,1,1,31,0,5,3,1,0,0,7,2,4,2,2,0,0,0,0,0,0,3,1,3,0,0,0,0,0,3,3,39,1,0,0,0,0,40,2,0,21,1,0,0,0,12,1,9,0,0,0,0,0,2,1,0,2,1,2,6,1,6,0,3,0,1,0,1,1,3,1,0,1,5,0,1
1,1,0,0,4,0,0,6,1,8,2,0,3,0,3,3,0,1,0,0,1,0,0,2,0,0,0,0,1,0,11,1,0,0,1,0,9,1,0,1,0,10,0,1,1,0,0,1,0,1,0,9,2,1,1,0,0,0,0,0,1,1,0,1,0,0,0,0,2,7,0,1,0,0,0,0,0,9,0,0,12,1,3,3,0,0,0,1,2,0,0,0,0,1,1,2,0,0,1,0,3,0,2,3,8,3,3,0,1,1,8,2,1,0,0,0,6,13,0,1,3,0,2,0,1,0,0,1,3,0,1,0,0,0,0,0,1,0,19,3,0,0,0,0,0,0,0,1,0,7,0,16,4,0,0,0,1,0,0,1,2,1,0,8,0,4,3,3,0,0,0,1,3,0,2,2,0,0,0,1,0,1,1,0,0,2,11,1,4,0,5,1,0,0,5,1,2,2,2,1,0,2,1,0,0,2,0,1,0,0,23,24,2,0,0,0,26,45,1,0,0,1,3,0,1,11,0,4,0,0,1,0,0,0,3,1,0,0,0,1,1,2,0,0,0,0,0,2,1,0,2,0,0,0,2,0
1,1,0,0,27,0,0,12,1,2,50,0,9,0,0,0,2,1,0,1,1,0,1,6,1,0,0,0,0,0,0,0,1,1,0,0,7,0,1,4,0,4,0,0,1,0,1,1,1,1,0,0,0,0,2,0,2,0,1,0,1,2,0,2,0,0,0,0,1,2,0,1,1,0,8,0,1,12,1,2,11,6,3,4,2,0,2,1,1,0,0,0,0,0,2,0,0,3,1,3,5,0,6,0,10,1,1,1,17,1,0,10,0,0,1,0,4,6,0,0,0,0,2,5,3,0,1,0,2,0,1,0,0,1,0,0,0,1,5,1,0,0,0,1,0,0,0,1,0,1,0,0,0,0,1,0,1,0,0,0,8,1,29,0,3,3,2,0,6,0,2,0,0,0,1,2,0,0,0,1,0,2,2,0,6,1,0,2,3,1,2,0,0,3,3,0,5,5,1,0,2,1,2,0,0,4,0,0,1,0,1,16,1,0,0,0,0,42,1,0,0,0,3,0,0,1,0,1,0,0,2,0,1,0,2,0,0,0,1,3,1,1,0,0,0,0,0,0,0,0,0,0,0,0,0,0
0,0,0,0,4,0,0,8,1,2,1,0,0,1,0,0,0,1,2,0,1,0,0,1,5,0,0,0,1,0,0,0,0,0,2,0,7,1,0,0,0,4,0,0,0,0,0,0,0,2,0,0,1,0,3,0,0,2,0,3,1,2,0,2,0,0,0,0,3,7,1,14,0,0,1,1,1,39,1,0,11,3,2,3,0,1,4,2,2,0,0,0,0,1,6,0,0,2,2,12,0,0,0,4,0,2,0,0,1,1,2,1,1,2,0,0,3,3,3,0,1,0,0,6,1,1,0,0,1,0,1,0,0,3,1,1,0,1,14,1,0,0,1,1,0,0,0,3,0,0,11,0,0,0,0,0,2,8,0,0,6,4,0,0,6,2,3,1,0,0,3,0,1,0,1,4,0,0,0,2,0,1,0,0,3,8,1,2,5,3,3,11,0,0,9,6,6,0,5,0,0,2,1,1,0,0,0,0,0,0,4,28,2,0,20,2,0,53,1,0,0,1,6,0,1,8,0,4,0,0,2,0,0,0,0,0,1,0,3,1,0,10,0,0,8,0,0,0,1,0,0,0,5,0,0,1
4,0,0,0,2,0,3,6,1,1,0,0,4,0,1,0,0,5,0,1,1,0,0,6,0,0,4,1,0,0,0,0,4,0,2,0,1,33,0,3,2,11,0,3,2,0,4,1,1,5,0,0,1,4,3,1,4,0,0,1,0,4,1,0,0,0,0,0,2,2,0,0,0,0,2,0,0,10,1,9,0,0,0,2,1,0,1,1,2,0,1,0,0,0,0,0,1,0,1,0,0,0,7,1,0,1,0,0,4,3,2,4,0,1,1,0,8,10,0,0,0,0,2,7,1,0,0,1,0,0,2,0,0,1,0,1,1,1,5,0,0,0,0,3,0,0,0,5,0,0,2,0,0,0,0,0,1,3,1,2,5,6,0,0,0,1,2,0,0,3,6,0,3,0,1,3,0,0,0,1,0,1,0,0,0,8,0,2,7,2,1,7,2,3,4,0,1,3,1,0,1,2,1,1,0,2,1,1,0,0,8,33,2,2,0,0,0,50,3,1,5,0,3,0,1,1,0,2,0,0,4,1,1,1,0,0,1,0,4,2,2,12,0,1,0,1,0,1,1,5,1,0,0,1,0,0
5,0,7,3,1,0,1,7,3,0,6,16,1,1,4,1,1,0,2,3,2,1,3,0,6,2,0,1,0,0,6,4,0,0,0,1,2,0,3,0,1,0,0,0,0,0,0,3,1,0,0,1,0,0,2,3,1,0,3,0,5,2,0,0,0,7,0,1,2,3,1,1,1,0,1,5,1,12,0,1,3,2,0,4,3,2,0,1,1,0,0,2,3,0,2,0,5,0,2,1,0,1,0,1,10,0,1,2,1,1,1,3,4,3,4,0,1,3,5,1,0,0,0,5,4,7,0,2,9,0,1,1,0,3,1,1,0,3,1,0,2,2,1,0,3,2,0,1,0,2,0,0,2,0,1,0,1,20,0,0,1,1,20,0,0,2,4,1,2,3,0,0,0,1,0,1,0,0,0,2,2,0,1,1,0,0,0,1,0,2,1,3,0,0,2,0,0,0,1,1,0,2,0,0,0,0,0,0,0,0,11,3,0,0,1,1,0,25,2,1,2,0,3,0,0,9,4,0,4,9,3,0,0,3,0,1,1,16,0,1,1,19,3,1,0,1,1,1,0,2,0,1,1,3,0,0
0,3,0,0,2,0,1,3,0,0,0,0,0,0,0,0,0,1,1,0,1,2,3,1,0,1,1,1,0,0,0,0,0,1,0,0,9,0,1,1,0,6,0,1,0,0,0,0,1,3,1,0,0,0,3,0,0,2,0,0,1,1,0,0,0,0,0,4,1,0,0,1,0,0,1,0,0,6,1,0,1,5,4,0,0,0,0,1,1,0,0,0,0,0,2,0,0,1,0,0,5,0,25,0,0,0,0,1,1,3,1,6,0,0,1,1,0,7,0,0,0,0,1,7,1,0,1,0,2,0,2,1,0,0,0,2,0,1,19,6,0,0,0,0,0,0,1,2,0,0,0,0,0,0,0,2,2,0,0,0,3,1,3,0,3,2,3,5,0,0,1,0,0,1,1,2,0,0,0,1,0,1,0,2,0,2,20,2,3,0,0,1,0,0,20,1,6,4,33,0,0,5,1,0,2,0,0,2,1,0,11,39,0,0,1,3,0,47,1,3,0,0,2,10,0,17,2,4,0,0,1,0,0,0,0,0,0,4,0,0,1,6,0,0,5,0,0,1,0,1,2,0,12,1,0,0
1,9,0,0,11,0,1,8,2,0,5,0,5,0,0,0,1,1,0,3,1,0,1,14,0,0,0,0,1,0,1,0,0,0,0,1,0,0,0,3,0,3,0,0,1,0,0,1,0,0,0,2,1,0,2,0,4,3,0,1,0,1,1,0,0,0,1,2,5,0,1,2,0,0,7,2,0,19,1,7,9,0,0,13,0,5,2,0,1,0,3,0,2,0,1,6,0,0,0,0,7,0,18,0,6,1,3,0,3,0,0,6,4,1,2,6,8,2,0,0,0,4,3,8,1,0,0,1,2,0,1,0,0,0,0,2,0,0,6,2,0,0,0,0,0,0,0,3,0,0,0,1,0,0,0,0,0,0,0,0,2,1,1,0,4,7,2,2,0,3,0,0,2,0,1,1,2,0,0,1,0,0,1,0,10,1,0,3,5,1,2,0,2,2,5,0,3,2,0,0,0,3,2,0,0,0,1,0,1,1,0,3,2,0,0,3,0,24,13,0,1,0,6,0,0,1,0,1,1,1,0,0,3,1,6,0,0,0,3,0,0,3,14,1,1,2,0,0,3,4,3,0,15,2,1,1
0,0,0,0,15,0,0,8,0,0,1,0,8,0,2,0,0,2,1,0,1,0,0,0,0,0,1,0,1,0,0,0,1,0,1,0,2,1,1,5,0,9,0,13,0,0,1,2,0,3,0,0,0,0,3,0,0,0,0,0,4,0,1,0,0,1,0,35,3,5,1,32,2,0,2,0,0,34,0,0,0,0,0,2,1,0,3,1,1,2,0,0,0,1,4,2,2,1,0,13,0,0,4,0,0,0,0,1,4,2,1,3,1,0,0,2,0,1,0,0,1,0,0,7,1,0,1,0,4,0,1,0,0,0,0,0,0,2,4,0,0,0,0,1,1,0,3,5,0,0,0,0,0,0,0,0,0,0,0,0,5,1,0,0,0,1,5,0,0,0,3,0,0,0,1,2,0,0,0,3,0,2,0,0,2,3,0,3,4,0,1,11,1,1,0,0,6,1,9,0,0,1,2,5,0,0,2,4,1,0,0,12,4,0,0,0,0,46,1,0,1,0,0,0,0,7,2,5,0,0,9,0,0,1,0,0,3,0,1,5,2,2,1,1,0,0,0,0,0,6,0,0,4,1,0,1
0,1,0,0,7,0,1,5,0,0,1,0,0,0,0,0,0,4,0,0,3,0,8,6,3,4,5,0,0,0,0,0,0,1,0,1,8,1,0,0,0,13,0,1,0,0,1,1,0,1,0,0,1,0,1,1,2,0,0,2,0,2,1,0,0,0,0,1,1,0,0,0,0,0,0,1,0,0,0,0,1,7,3,0,0,0,0,0,1,0,0,0,0,0,1,0,0,0,0,1,0,0,19,1,0,0,0,1,3,3,7,0,2,0,1,0,1,14,0,0,3,1,1,1,0,0,0,4,3,0,1,0,0,1,0,2,0,0,25,6,0,0,1,0,1,1,1,5,1,0,2,1,1,0,0,1,0,0,0,0,3,6,3,0,1,3,2,2,0,0,3,0,3,0,1,1,0,0,0,1,0,2,0,0,1,3,19,1,6,1,0,4,2,5,3,4,2,0,1,1,0,1,1,0,0,0,1,1,1,0,4,18,1,0,0,0,1,49,7,4,5,0,5,6,0,8,0,5,1,1,3,0,0,2,2,0,2,0,0,2,1,5,0,0,4,1,0,2,0,0,1,0,2,4,3,0
1,0,0,0,2,0,2,7,0,0,2,0,4,0,6,0,0,1,0,3,2,0,0,3,0,0,1,0,0,0,1,1,1,0,6,0,2,0,0,0,0,20,0,0,0,0,0,3,3,3,0,7,1,0,4,0,3,0,0,0,0,2,0,0,0,2,0,0,5,8,0,19,1,0,2,0,1,40,1,2,1,4,6,6,1,2,0,3,1,0,0,0,0,1,5,2,1,1,0,0,3,0,1,0,0,0,0,0,1,4,5,2,1,0,0,0,3,6,0,0,0,1,3,6,0,0,4,1,6,0,1,0,0,0,0,0,0,1,15,1,0,0,0,0,0,0,2,3,0,0,0,1,0,0,0,0,2,11,0,0,3,2,13,0,2,1,3,0,3,2,1,2,1,0,2,2,1,0,2,4,0,2,0,0,1,6,0,1,8,0,4,4,0,0,5,0,6,0,0,0,0,2,1,0,0,1,0,1,0,0,11,30,2,0,1,0,0,52,2,0,0,0,2,1,0,10,0,1,1,0,0,0,1,0,2,1,1,0,2,0,2,9,2,1,1,0,1,2,1,2,2,0,1,0,0,0
0,0,14,0,0,0,1,0,3,0,0,14,1,0,2,2,0,0,0,45,1,0,4,0,7,0,2,1,0,0,12,0,0,0,2,0,0,1,4,0,2,0,0,0,0,8,0,6,2,0,1,11,0,0,1,1,3,0,4,3,1,12,1,0,9,1,0,1,1,1,1,0,0,2,0,4,0,1,0,1,0,0,1,1,0,0,0,1,0,1,5,5,4,0,0,0,5,0,2,0,0,0,0,9,4,0,3,7,1,0,1,3,0,0,7,1,2,0,5,5,6,0,0,1,0,5,4,0,3,1,0,0,0,0,0,1,1,3,1,0,1,7,19,0,5,3,2,0,0,3,0,0,0,1,2,0,0,0,0,1,0,1,0,1,0,1,0,0,0,2,1,0,0,2,0,1,0,1,0,1,2,0,1,0,1,0,1,0,0,0,3,1,0,2,0,1,0,0,1,0,0,0,0,0,1,0,0,0,0,0,1,0,0,0,1,0,0,1,1,0,0,0,0,0,2,4,0,0,4,19,3,0,0,2,0,1,2,34,0,0,1,4,4,0,1,0,3,0,0,0,1,0,0,1,0,4
0,0,0,0,3,0,1,6,0,0,1,0,0,0,8,0,0,1,0,0,3,0,1,2,0,0,2,0,3,0,1,1,0,0,0,0,7,10,0,1,0,8,0,0,0,0,1,3,1,2,0,0,2,0,1,0,0,8,0,1,2,0,0,0,1,1,0,2,1,4,0,1,0,0,0,4,1,6,2,2,1,11,0,1,0,0,2,1,1,1,2,0,0,5,4,1,2,0,0,0,0,0,8,0,7,0,1,0,0,1,4,0,2,0,1,1,3,0,0,0,0,3,2,6,0,0,3,0,4,0,1,0,0,0,0,0,1,0,15,0,0,1,1,1,0,0,1,5,1,0,1,0,0,0,0,2,0,0,0,0,2,13,0,0,2,1,3,2,2,1,4,0,0,0,1,4,2,0,1,2,0,1,1,1,3,5,3,1,6,0,2,7,0,2,3,0,2,1,0,0,0,3,1,12,0,3,6,1,0,2,3,5,2,0,3,0,0,47,3,2,5,0,0,0,0,7,0,3,0,1,9,0,0,1,0,0,0,0,0,1,2,10,0,4,1,0,0,2,1,6,1,1,6,0,1,2
0,0,0,0,3,1,0,8,0,0,1,0,0,0,0,0,0,2,0,2,1,1,2,11,0,0,0,0,1,0,0,0,0,1,5,3,19,1,1,0,0,8,0,2,0,0,0,0,0,0,0,6,2,0,7,0,2,7,11,0,2,0,0,0,0,0,1,1,1,3,0,3,0,1,2,0,1,1,2,0,11,1,6,1,0,2,5,0,1,0,0,2,0,1,1,0,1,0,5,5,10,0,5,6,0,6,3,7,0,2,2,1,5,0,0,0,0,3,4,1,0,0,2,5,0,1,0,0,1,3,1,0,0,0,0,0,0,1,19,14,1,0,1,2,0,4,1,4,1,2,3,0,0,0,0,0,0,0,0,0,2,3,0,0,0,3,3,7,0,0,4,0,2,0,1,8,0,0,5,1,0,0,1,0,1,2,2,1,3,0,1,0,4,0,7,1,3,3,2,0,0,4,1,0,0,8,0,0,0,0,0,15,2,0,0,1,0,42,2,1,2,0,4,0,0,14,0,3,0,0,1,0,0,0,4,1,2,0,4,1,1,2,0,2,0,4,0,6,5,2,0,0,14,5,0,0
0,0,6,2,7,0,1,6,0,0,2,9,1,0,3,1,3,0,1,3,3,4,4,1,5,0,3,1,0,1,9,0,0,0,0,2,1,2,4,1,2,10,0,2,0,1,0,0,1,1,0,5,1,0,1,1,8,3,0,3,4,2,0,1,1,1,0,2,0,10,1,0,0,2,4,1,1,5,1,1,1,0,1,1,0,2,2,0,1,0,3,0,0,1,0,1,1,1,1,4,0,3,2,1,5,5,1,0,1,2,3,22,0,0,0,1,1,3,3,1,2,8,1,8,2,1,3,0,9,0,1,0,2,0,1,1,0,1,2,1,1,2,0,1,1,2,2,0,0,2,1,1,1,0,0,1,3,0,0,0,2,2,1,0,0,4,3,0,0,0,2,0,1,1,1,2,0,1,0,4,1,1,0,0,1,1,1,1,2,0,5,2,0,0,3,0,1,0,50,0,0,2,0,3,0,0,0,1,1,0,3,6,2,0,0,2,0,29,1,2,0,0,0,5,2,3,0,2,4,3,2,0,0,3,0,0,2,3,3,1,1,2,1,0,1,1,3,0,1,0,0,1,9,0,1,0
1,1,0,0,0,0,4,3,0,1,0,0,0,1,10,0,4,3,1,2,4,0,4,0,0,1,1,1,4,0,2,5,0,0,1,1,0,7,0,0,0,15,0,1,0,0,0,6,1,2,0,0,2,0,2,1,2,0,0,0,0,3,0,1,0,3,0,0,1,0,0,0,7,0,0,2,0,4,0,1,0,4,2,0,1,0,0,2,1,4,7,0,0,3,12,1,2,1,3,2,0,0,1,0,0,0,0,0,0,2,2,0,0,0,2,0,1,4,0,0,0,0,1,0,0,1,6,0,5,0,1,0,0,1,0,1,2,1,7,3,0,0,1,1,0,0,1,7,0,1,2,0,1,0,0,1,0,5,0,1,2,6,0,0,1,1,3,1,4,3,3,1,0,1,1,3,2,0,0,2,0,1,0,0,1,4,0,1,6,0,1,5,0,2,18,1,6,1,0,0,1,1,2,0,0,0,1,3,1,0,24,3,2,2,1,0,3,35,1,0,0,1,3,0,1,18,3,2,1,1,1,0,3,0,0,0,0,0,4,5,3,18,0,0,4,0,0,1,0,0,3,1,7,0,0,0
0,0,0,0,12,0,0,4,0,0,7,1,6,3,1,0,0,1,0,0,1,5,0,0,0,0,0,0,1,1,0,0,0,0,4,1,13,0,0,1,0,3,0,6,0,0,0,0,0,0,1,7,5,0,3,0,0,0,0,0,0,2,0,0,0,0,0,1,4,7,0,20,0,1,3,2,1,42,1,0,6,8,0,2,1,0,2,0,1,0,2,2,0,0,2,0,0,1,5,0,6,0,0,0,10,0,0,3,10,0,2,3,2,0,3,0,3,0,4,0,0,0,0,1,1,0,0,1,0,0,1,0,1,0,0,2,0,0,6,0,0,0,0,1,0,0,1,3,1,0,4,0,1,0,0,0,1,1,0,0,6,2,2,0,0,4,2,4,0,4,2,0,1,0,2,1,0,0,1,1,0,2,2,3,1,1,0,4,2,1,1,3,11,0,14,1,3,0,1,0,0,1,1,0,3,0,1,0,2,0,20,3,2,0,0,3,0,40,1,2,1,0,5,0,0,1,0,1,0,1,0,1,0,0,1,1,3,0,1,2,0,4,0,0,0,0,0,0,0,2,0,1,1,0,0,2
1,0,33,1,2,0,1,3,1,0,0,26,2,3,1,0,1,1,2,8,4,0,2,0,0,0,1,0,0,1,2,1,0,1,6,0,0,5,2,0,3,3,5,0,0,2,0,0,1,0,0,1,0,0,2,3,4,0,0,1,2,0,0,1,2,0,1,9,2,3,2,8,0,0,0,2,0,6,0,5,4,0,0,1,0,1,3,0,2,0,0,3,1,0,0,0,4,0,0,0,0,1,9,2,2,1,2,8,1,1,2,1,1,0,2,1,2,0,1,3,3,19,2,1,0,5,2,3,4,0,1,1,2,0,1,0,0,1,2,0,0,1,0,0,4,8,4,0,0,2,7,0,1,0,1,1,1,1,1,1,3,3,0,0,6,2,1,0,2,7,0,0,2,2,0,1,0,1,0,1,2,1,0,0,0,1,0,2,5,0,1,2,0,1,0,0,0,1,1,1,0,0,0,0,0,0,0,1,0,0,12,0,0,0,0,2,0,27,3,0,1,1,0,0,1,3,1,0,0,24,0,0,0,1,0,2,3,20,1,1,1,0,0,1,0,0,0,1,1,0,3,0,3,11,1,3
5,0,3,1,2,1,0,8,0,1,7,2,1,0,1,0,0,0,0,2,2,0,1,5,6,0,3,0,0,1,13,2,0,9,4,0,15,0,5,2,3,4,0,6,0,1,2,1,3,0,3,11,2,0,0,0,4,0,0,1,1,1,1,0,0,0,0,32,0,1,1,5,0,0,2,1,0,11,0,1,0,1,0,1,1,0,0,1,1,0,0,1,1,0,4,0,0,1,0,0,0,0,8,1,6,0,0,0,5,0,0,2,5,0,0,0,0,5,1,0,1,2,0,1,2,0,3,1,15,0,1,0,0,0,2,1,0,1,26,2,0,0,0,0,1,1,0,2,0,0,0,0,5,1,1,2,2,0,1,3,4,2,2,1,0,2,3,1,0,1,0,0,1,2,0,0,0,1,0,0,0,0,2,0,0,2,6,2,2,0,0,1,0,0,1,0,0,0,2,0,0,2,0,1,1,1,0,0,1,1,0,6,2,1,0,0,0,36,1,1,2,0,2,0,2,6,1,5,0,1,2,0,1,0,1,0,1,3,0,1,2,2,0,2,2,0,2,1,1,0,0,4,1,0,5,0
0,0,10,3,0,0,0,2,0,0,5,4,1,0,4,1,0,2,0,2,1,0,4,5,12,2,0,2,0,1,15,2,0,0,5,0,21,1,4,0,1,1,0,0,0,1,0,2,1,0,2,3,0,1,2,1,8,0,0,1,0,1,0,0,1,0,0,1,0,3,1,3,0,0,0,2,0,9,0,1,1,4,0,1,2,3,2,2,1,0,4,2,9,0,2,0,6,0,1,0,0,2,13,1,2,2,0,3,0,1,6,1,0,1,1,4,1,2,1,2,1,7,0,0,3,4,1,2,5,0,1,0,0,0,1,1,0,1,6,4,1,0,1,0,5,1,2,0,0,2,0,0,3,2,0,0,1,0,1,0,2,1,0,3,0,1,2,1,0,2,3,1,0,0,0,0,0,1,0,0,0,0,0,0,0,1,2,0,1,0,1,2,0,0,3,0,0,1,1,0,0,0,0,1,0,0,0,0,0,0,2,14,0,0,0,0,0,38,2,0,10,0,1,0,0,16,0,3,1,3,4,2,0,1,0,0,1,15,1,0,0,2,2,1,7,1,1,0,1,7,0,0,2,1,1,0
1,4,0,0,7,0,5,3,0,0,0,0,0,2,3,2,0,1,0,0,1,9,0,0,2,0,0,0,1,0,0,0,0,5,0,3,11,3,0,6,0,4,0,1,1,0,0,0,1,1,0,0,0,0,1,2,0,0,0,1,0,2,0,0,0,0,0,0,6,0,0,0,0,0,3,0,0,2,0,0,1,0,4,2,0,0,2,0,1,0,1,0,0,2,1,0,1,0,5,0,1,1,5,3,6,2,0,2,7,1,0,4,0,0,0,1,0,2,0,0,0,0,1,4,1,0,0,0,3,0,1,0,1,1,0,1,0,1,33,1,0,0,0,0,1,0,1,11,0,0,0,0,1,0,1,0,2,0,2,0,1,1,16,0,2,4,6,4,0,2,3,0,0,0,1,1,0,0,1,2,0,2,0,28,0,2,4,1,3,1,5,2,0,0,10,3,3,1,5,0,0,5,1,1,0,0,0,1,2,1,49,15,2,0,0,0,0,52,1,1,2,0,3,0,2,15,1,2,0,0,1,1,0,0,0,0,0,0,0,0,2,11,1,1,0,1,0,2,0,3,0,0,6,4,0,1
0,0,23,1,1,0,1,0,0,2,3,7,1,1,0,1,1,2,0,54,2,0,7,1,4,1,1,0,3,0,15,4,0,0,0,0,0,0,0,0,1,0,1,0,0,1,0,4,1,0,0,15,0,0,0,8,0,0,0,1,0,0,4,0,3,1,0,6,0,0,2,1,0,3,0,6,2,0,1,3,1,1,0,2,1,0,4,0,2,3,0,8,49,1,0,1,1,0,2,1,0,2,0,6,4,0,1,0,5,0,0,2,1,0,2,1,3,0,4,0,1,1,0,0,0,2,2,3,23,0,0,1,0,0,0,3,1,1,0,0,0,1,1,0,11,5,5,1,0,5,0,0,4,6,2,0,0,0,0,0,0,0,0,0,0,0,0,0,0,6,0,0,0,0,0,1,0,1,0,1,1,0,2,1,1,0,0,0,3,0,3,2,0,2,2,1,0,2,1,2,0,0,1,0,0,0,0,1,0,0,1,0,0,1,0,1,0,1,0,2,0,0,1,3,1,6,0,0,1,2,3,0,2,2,0,0,2,20,0,0,0,2,0,1,0,0,1,1,0,0,0,0,1,1,1,2
1,2,1,0,4,0,3,11,1,1,3,1,0,0,2,0,2,1,0,0,1,0,1,6,0,1,0,0,0,0,1,0,0,0,2,0,0,3,0,10,0,5,0,0,0,0,0,1,7,0,0,0,2,1,2,1,0,0,2,0,0,3,0,0,0,0,1,0,1,3,0,8,0,0,0,0,0,7,0,0,19,9,0,1,1,1,5,0,1,0,2,0,0,0,1,0,0,1,0,0,4,0,21,0,0,1,0,0,0,1,5,3,1,0,0,0,9,0,0,0,5,0,3,8,0,0,0,1,1,0,1,0,1,1,2,1,0,1,20,7,0,0,0,1,0,0,1,5,0,2,0,0,0,0,0,0,5,0,0,0,3,2,9,0,1,3,3,4,0,0,4,0,1,0,2,5,1,0,0,1,0,0,0,13,0,7,1,3,2,0,0,3,1,1,10,0,2,1,1,0,0,2,1,0,1,1,2,3,1,0,0,9,1,0,2,0,9,42,2,0,4,0,1,0,0,6,1,4,2,0,3,0,0,2,1,0,0,0,2,1,3,4,1,1,0,3,0,2,0,7,0,0,2,0,0,0
3,0,0,0,3,0,1,5,0,0,0,0,0,0,8,0,0,1,4,1,1,0,0,1,2,1,0,0,3,0,0,0,0,0,0,0,0,1,0,0,0,10,0,13,0,0,0,1,1,3,0,8,0,0,2,0,0,0,0,0,3,0,0,1,0,1,0,2,3,2,1,25,3,0,1,2,0,39,0,0,7,1,4,3,1,1,3,1,2,0,0,0,0,0,12,2,2,2,0,0,1,0,0,0,0,0,0,0,4,3,6,6,2,0,1,0,0,0,0,0,1,0,0,2,0,0,1,0,3,0,1,0,1,0,0,1,1,0,13,0,0,0,0,1,5,0,1,2,0,0,7,4,0,0,0,0,0,9,0,0,1,1,0,0,0,4,4,1,0,1,5,0,0,0,1,5,0,0,0,2,0,2,0,0,0,2,0,1,6,0,1,3,0,0,9,0,3,0,0,0,0,1,1,0,0,0,2,3,0,0,19,16,3,0,5,2,2,43,1,3,1,0,1,0,0,5,3,2,0,2,0,0,0,2,0,0,0,0,1,0,3,9,0,0,0,0,0,3,2,0,1,0,2,0,0,1
0,0,0,0,0,0,0,4,0,2,1,0,2,0,0,0,0,1,0,1,1,0,0,2,0,0,0,0,0,0,0,1,0,2,0,0,1,2,0,0,0,3,0,0,0,0,0,0,3,0,0,0,1,0,3,0,0,0,0,0,0,1,0,0,0,1,0,1,3,3,0,0,0,0,1,0,1,0,0,0,2,0,0,5,0,0,0,1,2,0,0,0,1,0,0,0,0,1,0,1,2,0,44,0,2,2,2,0,0,2,4,3,4,0,0,0,7,0,0,0,0,0,3,1,0,0,1,0,0,0,1,0,1,0,0,0,0,2,12,3,0,0,1,1,0,0,0,8,0,0,0,0,0,0,0,0,1,0,0,0,3,17,24,0,5,3,2,7,0,1,0,0,3,0,2,1,0,0,0,1,0,0,0,1,0,4,0,2,1,0,1,0,0,0,10,0,2,0,0,0,0,2,1,1,0,0,0,0,0,0,10,43,1,0,0,0,30,51,1,0,0,1,0,0,0,4,0,2,1,1,7,0,1,3,2,0,3,0,2,6,1,21,0,8,0,0,0,1,0,7,1,0,0,0,0,1
0,3,0,0,8,0,3,6,0,0,3,0,1,0,7,0,1,1,0,2,1,1,3,3,0,0,0,1,0,0,4,5,0,0,0,1,3,0,1,0,0,3,0,0,0,0,0,0,7,1,0,1,0,0,0,0,0,0,0,0,1,2,0,0,0,2,0,0,4,7,0,34,1,0,0,0,0,26,1,20,9,10,4,4,1,1,2,1,1,0,0,5,1,5,4,2,2,0,0,2,0,0,6,0,0,0,0,1,0,2,2,0,1,2,2,0,0,1,0,0,1,1,0,5,3,0,5,1,2,0,2,0,1,0,0,1,1,0,19,1,0,0,0,1,0,0,0,6,0,1,7,0,0,0,0,2,1,0,0,1,2,2,0,0,1,3,2,0,3,1,0,1,1,1,1,1,1,0,0,1,0,0,0,3,4,1,0,1,5,1,3,10,3,1,0,1,4,0,3,0,0,0,1,0,0,2,0,1,2,0,9,7,2,1,3,3,0,43,1,3,0,0,6,0,0,3,3,1,0,1,3,0,0,1,0,0,1,0,5,0,2,11,0,1,10,0,0,0,1,3,1,0,3,0,0,0
6,0,0,0,11,0,1,4,1,0,1,2,0,1,5,0,0,1,1,0,1,0,5,1,3,0,0,2,2,0,1,0,0,1,0,1,12,1,1,0,0,5,0,0,0,0,0,0,3,1,0,2,3,0,2,1,0,0,0,2,4,1,0,0,0,0,0,2,3,1,1,1,0,0,4,1,0,0,2,1,2,0,7,0,0,1,0,0,1,0,0,0,0,0,0,1,0,1,18,0,10,0,5,3,4,2,0,0,0,0,0,2,0,0,1,7,2,6,1,2,0,1,1,1,1,1,0,3,4,0,1,0,1,0,40,0,0,4,41,7,1,0,0,1,0,0,1,4,0,0,0,0,1,0,0,0,2,0,0,0,1,1,12,0,0,5,1,5,0,1,2,0,1,0,1,0,0,0,0,3,0,1,2,2,1,4,14,2,2,0,1,0,0,0,0,4,3,0,1,0,0,2,0,0,0,0,1,0,1,0,1,5,1,0,0,0,0,40,1,0,3,0,4,0,1,13,0,2,0,0,2,0,0,0,1,0,1,3,0,1,3,2,0,0,1,0,1,3,0,0,0,0,6,2,4,0
0,0,0,0,11,0,1,0,0,0,3,0,2,0,3,0,3,2,1,1,1,0,2,2,0,3,4,0,3,0,0,0,0,4,0,0,0,3,0,4,0,8,0,0,0,0,0,2,2,1,0,0,0,0,2,2,0,1,0,0,1,1,0,2,0,0,1,0,1,2,0,1,2,0,2,2,5,6,0,1,0,10,0,0,1,3,3,0,1,1,2,1,0,5,1,0,3,0,0,0,0,0,2,0,3,0,0,0,3,0,1,2,0,0,1,4,6,0,0,2,0,2,0,0,0,0,1,0,2,0,2,1,0,0,0,1,1,3,3,3,0,1,2,3,1,0,4,2,0,0,1,0,0,0,0,0,0,0,1,0,5,2,16,0,0,1,2,4,1,0,0,1,0,0,2,3,0,0,0,1,0,0,0,0,10,1,0,1,7,1,0,7,6,0,5,0,3,2,0,0,0,1,3,0,0,0,0,3,2,2,1,11,7,0,2,8,0,37,1,5,0,0,0,0,0,1,1,1,1,2,8,1,0,0,1,28,0,0,15,0,2,10,1,0,25,0,2,0,1,0,3,1,14,1,0,2
0,1,0,0,3,0,2,0,0,0,1,0,0,0,3,0,0,1,1,0,3,1,1,0,6,0,1,0,0,0,0,1,0,0,0,0,16,0,1,2,0,8,0,0,0,0,0,0,1,3,0,0,2,0,2,11,2,2,0,1,4,2,0,0,1,1,0,5,3,0,0,1,0,1,1,0,1,6,1,0,1,5,2,0,0,1,0,2,1,0,0,0,0,3,0,0,2,1,1,0,7,0,17,0,7,1,0,0,6,3,2,1,2,0,0,1,8,7,0,2,2,0,2,0,1,0,0,0,5,0,1,1,0,0,0,1,0,2,8,9,1,0,2,1,0,0,3,4,0,2,0,0,0,0,1,2,1,0,0,1,6,1,2,1,0,4,6,4,1,0,4,1,1,0,1,3,1,1,2,1,0,0,0,20,0,4,10,1,4,0,0,2,0,2,9,6,1,0,1,0,0,4,1,3,1,1,0,2,3,1,1,1,0,0,0,0,0,52,2,2,1,0,3,0,2,2,0,1,1,0,6,1,1,1,2,0,0,1,0,0,2,10,0,0,13,1,0,1,0,4,4,0,3,2,0,0
0,1,0,0,0,0,0,2,0,0,0,0,0,1,7,0,0,1,0,0,1,0,0,0,0,0,0,0,0,0,0,0,0,0,0,0,22,1,0,0,0,9,0,1,0,0,0,0,0,5,0,1,0,0,1,1,0,2,0,2,0,1,0,3,0,2,1,0,4,0,0,1,1,1,3,0,1,6,1,0,2,4,5,2,0,0,1,1,1,0,0,0,1,1,3,0,3,1,4,0,1,0,9,0,0,0,0,0,3,5,4,3,4,0,0,4,0,9,0,0,1,0,0,2,2,0,0,1,4,0,1,0,8,0,1,3,0,0,6,4,0,2,0,0,0,0,2,7,0,1,1,0,1,0,0,1,0,0,0,4,1,1,11,0,0,4,2,3,0,0,3,0,0,0,1,5,1,1,0,3,0,0,1,0,0,2,8,2,3,0,1,6,0,0,1,2,1,0,3,0,0,1,3,4,0,3,1,1,1,0,14,2,0,0,0,2,0,37,1,0,1,1,0,0,2,16,5,1,2,0,13,0,0,3,0,0,0,0,5,1,1,26,0,2,2,1,0,1,0,6,0,0,14,3,8,0
4,0,0,0,3,0,1,0,0,0,4,0,0,0,3,2,3,1,0,1,1,0,1,0,20,0,1,0,0,0,1,0,0,0,0,0,1,1,0,4,0,7,0,0,0,0,0,1,0,2,0,2,1,0,2,0,0,1,0,0,0,3,0,4,0,1,10,1,1,0,2,0,0,0,3,0,1,1,1,0,0,8,3,5,0,0,0,1,1,0,1,0,0,0,1,0,1,0,1,0,1,0,5,5,2,0,0,0,9,1,0,2,0,0,0,2,0,16,1,0,0,0,0,9,0,0,4,0,1,0,1,1,1,0,1,1,0,0,9,7,2,0,0,1,0,0,1,2,0,0,0,0,1,1,0,1,1,0,0,0,3,1,0,0,1,4,3,2,0,0,11,0,0,0,4,1,0,0,2,2,0,1,0,0,0,2,2,1,5,2,1,9,1,1,8,6,0,4,0,1,0,1,1,0,1,0,0,2,1,1,1,1,0,0,0,8,0,18,3,1,0,0,9,0,0,5,0,1,0,1,2,0,1,0,0,3,0,3,1,0,2,38,3,0,4,2,1,1,0,0,10,0,20,0,0,1
0,0,21,2,3,0,0,3,1,0,1,0,0,0,2,0,1,1,2,2,3,2,5,2,7,0,0,0,0,0,18,1,0,0,6,0,16,0,0,3,0,2,0,1,0,0,1,0,1,0,4,5,0,0,3,1,0,2,1,1,0,2,1,0,0,0,0,1,1,0,1,17,0,15,1,6,0,4,3,1,0,2,0,1,0,0,0,0,1,0,0,3,1,0,1,0,2,0,0,0,0,3,1,0,8,0,0,2,5,1,1,17,0,0,5,0,1,3,0,1,2,0,1,0,2,3,0,0,1,1,1,0,0,0,0,1,0,0,15,0,0,0,0,0,1,2,0,0,0,4,0,0,1,1,0,1,1,0,0,1,1,1,4,0,0,4,2,1,0,1,0,0,0,0,0,1,0,0,0,1,1,0,0,1,0,1,11,1,3,1,0,7,0,0,1,0,0,0,6,0,0,3,1,2,0,0,0,1,0,0,0,0,0,1,0,0,0,39,2,0,20,0,5,0,1,4,3,2,1,0,1,0,0,1,0,0,2,1,0,0,1,6,0,0,1,0,2,1,0,2,0,1,0,1,2,1
0,0,20,0,0,0,0,0,1,0,1,7,0,0,6,0,3,1,0,15,2,0,3,1,10,0,1,0,2,0,13,0,0,4,3,1,1,0,6,0,4,0,0,3,0,1,1,6,2,1,1,23,4,0,3,13,0,0,4,5,0,2,8,1,2,2,0,1,1,0,1,5,1,0,0,3,0,2,3,2,0,1,0,1,4,0,2,0,0,1,1,6,0,0,0,0,5,2,2,2,0,0,0,1,14,3,0,8,0,0,2,22,0,3,1,10,0,1,2,3,1,0,2,0,0,2,6,2,4,0,0,14,0,0,3,3,0,2,0,0,1,0,0,1,3,3,0,0,0,2,0,0,2,0,0,1,1,0,0,1,2,0,0,3,0,0,1,1,0,0,5,3,0,0,0,0,0,2,2,0,1,0,1,0,1,0,5,0,3,0,1,5,1,0,0,0,0,0,1,0,0,0,0,0,0,0,0,0,3,0,0,1,0,0,0,0,0,1,1,0,0,0,0,2,2,4,0,0,0,1,2,0,0,2,0,0,0,16,0,0,0,0,3,0,1,0,1,0,0,2,5,1,0,2,0,3
1,0,0,0,16,0,0,1,0,0,15,0,0,4,1,0,1,2,0,0,3,3,1,1,0,1,1,1,1,0,0,1,0,0,0,0,18,2,1,1,0,3,1,6,1,0,0,1,2,2,0,3,0,0,3,0,10,3,1,0,1,0,0,0,0,1,0,0,1,0,0,1,0,6,2,1,0,14,1,0,0,8,0,1,0,0,1,1,1,0,5,0,1,0,1,1,0,0,0,1,0,1,2,2,0,0,0,0,8,0,3,0,1,0,1,1,0,15,1,0,3,0,3,17,3,0,0,0,3,0,1,0,0,0,0,0,1,3,6,0,0,1,3,2,0,1,3,2,0,3,1,0,0,0,0,0,0,0,0,0,4,1,0,0,1,4,2,0,0,0,1,0,0,0,1,4,0,0,0,2,0,1,0,0,1,3,19,3,3,0,5,2,0,1,0,0,2,4,0,0,1,1,1,47,2,3,1,0,0,0,4,10,2,0,0,16,0,29,2,0,0,0,1,0,0,4,0,1,1,1,2,2,0,1,1,0,0,0,1,0,1,4,0,3,12,2,0,0,0,3,0,0,13,0,0,0
0,1,8,4,0,0,0,1,0,0,1,16,0,0,5,0,3,1,0,39,2,0,4,2,5,0,1,8,0,0,15,1,0,0,7,0,1,4,2,7,7,0,0,0,0,1,0,0,1,1,0,35,0,1,1,2,3,3,1,0,1,0,0,5,5,0,0,4,2,2,1,0,0,0,0,0,0,0,1,2,0,0,0,1,0,1,0,0,2,2,2,0,1,0,0,1,7,0,0,0,0,5,0,14,10,0,0,0,1,0,7,5,0,0,0,0,0,0,2,0,0,4,0,5,3,0,1,0,1,0,0,0,1,0,0,5,0,1,1,0,0,0,0,0,4,4,0,1,0,5,0,2,1,0,0,0,0,0,0,1,0,1,0,4,1,1,1,1,0,1,0,0,0,0,0,3,0,0,2,1,2,1,1,0,2,0,0,0,0,1,2,19,1,0,0,0,0,0,1,1,0,0,0,0,0,0,0,1,0,0,0,0,0,1,0,3,0,1,1,0,0,0,0,0,0,6,0,1,0,3,5,0,0,2,0,5,1,17,0,0,0,0,0,0,0,1,10,2,2,1,0,0,0,2,0,2
1,3,6,1,4,1,4,6,0,0,16,5,1,1,1,0,3,4,0,4,0,3,2,1,2,1,4,0,1,3,3,9,0,2,0,0,1,0,14,0,0,0,4,0,0,0,0,0,1,0,1,0,2,0,3,19,12,0,0,0,0,0,5,0,2,1,0,5,0,0,1,1,0,0,0,3,1,7,8,3,1,0,1,1,0,6,4,2,0,0,0,0,9,1,2,0,4,0,1,0,0,9,0,3,5,2,0,5,0,0,0,10,3,1,0,5,3,1,0,0,1,0,1,2,0,2,3,5,5,1,0,8,1,0,0,0,0,1,0,0,1,0,2,0,3,3,0,17,0,0,0,0,3,0,0,0,0,0,0,1,0,8,0,1,0,0,2,0,1,0,0,0,0,0,2,0,1,7,0,0,0,1,0,0,0,0,0,0,1,0,3,0,0,0,0,1,0,2,1,1,4,0,0,0,1,1,0,2,1,2,5,0,0,2,0,1,0,1,3,0,2,0,0,1,0,1,0,2,0,7,19,0,5,1,0,3,5,8,0,1,0,0,0,1,3,0,3,2,0,9,9,0,3,5,1,9
0,1,17,0,2,0,1,0,0,2,0,1,1,0,5,0,1,0,0,54,0,2,3,0,11,1,0,0,2,1,2,0,0,0,0,0,4,2,0,0,0,0,0,1,1,0,0,4,2,0,0,2,0,0,3,0,0,4,1,0,2,12,0,0,4,34,0,1,1,0,1,3,0,1,0,5,0,1,2,1,1,0,0,1,5,2,4,1,0,1,6,3,7,0,0,0,5,0,1,0,0,4,3,3,8,0,0,0,5,0,1,1,0,0,0,4,2,0,2,1,0,4,0,1,0,6,2,5,3,0,0,0,0,0,0,2,0,1,0,0,0,0,1,0,6,2,0,0,0,4,0,0,1,2,0,0,0,0,0,0,0,0,0,0,0,0,1,0,6,4,1,0,0,0,0,0,0,0,0,1,1,0,2,0,1,0,0,0,4,0,4,2,0,0,0,0,0,0,1,1,0,0,0,1,0,0,0,0,0,0,2,0,1,0,0,0,0,3,0,1,4,0,0,0,1,3,0,1,3,20,2,0,4,1,1,0,2,33,0,0,2,3,0,1,0,0,1,0,1,0,0,2,2,2,1,3
0,0,0,0,7,0,1,1,0,0,0,0,0,0,2,0,0,1,2,0,1,1,2,0,2,0,2,0,0,0,1,0,0,0,0,1,13,0,0,2,0,6,1,1,0,0,1,0,0,1,0,0,1,0,4,0,0,0,0,0,0,0,0,3,1,0,0,0,1,0,0,8,0,0,2,0,0,5,3,0,6,10,4,4,1,0,0,0,1,0,1,0,0,0,0,0,0,0,4,0,0,0,33,1,0,1,0,0,9,1,2,3,0,0,1,15,2,10,0,0,2,3,0,9,0,1,0,0,1,0,1,1,0,0,0,0,0,0,17,6,4,0,0,0,1,0,1,5,0,1,0,0,0,0,0,0,0,0,0,0,2,2,5,0,3,2,2,3,1,1,0,1,2,0,1,1,0,0,0,1,0,0,0,1,0,2,7,1,2,0,2,1,0,1,5,0,4,0,12,0,0,3,2,0,0,0,1,1,2,1,2,5,0,0,2,0,0,34,1,0,16,0,1,0,0,18,0,6,0,0,3,0,0,0,0,0,0,0,0,0,0,9,0,0,4,0,0,0,0,2,2,0,12,1,0,0
0,0,14,0,0,0,1,0,1,3,5,1,1,1,4,4,0,3,0,28,1,3,0,0,0,0,2,0,7,0,4,0,0,1,5,13,0,4,2,0,0,1,1,0,0,1,0,1,1,0,1,3,0,0,1,0,5,0,1,0,1,6,2,4,3,0,0,2,0,0,2,0,0,3,0,1,0,0,0,1,0,0,2,1,0,1,1,0,4,1,0,0,19,4,0,0,2,0,0,1,0,1,0,5,0,1,0,0,3,0,0,1,0,0,2,3,0,0,1,0,1,0,0,3,3,0,7,0,13,0,3,0,0,1,0,0,0,4,0,0,0,7,0,0,4,1,1,0,0,7,0,0,0,0,0,0,2,0,0,1,0,1,2,0,0,0,0,3,1,0,0,0,0,0,0,3,0,2,0,4,2,0,1,0,0,0,0,0,2,1,3,4,1,1,0,0,0,2,1,2,0,2,0,0,0,0,0,4,0,0,7,3,0,1,1,0,0,12,3,0,1,0,0,0,0,5,0,0,0,18,5,0,2,3,0,0,1,32,1,1,1,0,0,1,1,1,7,3,0,0,0,1,1,1,4,5
0,2,0,0,1,0,0,3,0,0,1,0,0,0,5,1,0,1,0,0,2,0,0,0,0,0,0,0,2,0,0,1,1,0,1,15,30,0,0,5,0,3,0,12,0,0,0,1,0,3,0,0,2,1,1,1,5,5,0,0,1,1,0,1,3,0,0,2,1,4,1,6,0,11,2,0,1,2,1,0,8,11,0,2,0,3,0,0,1,0,0,0,2,1,0,0,1,0,1,0,0,0,0,0,6,0,0,0,1,2,3,1,0,1,1,1,2,12,0,0,2,1,0,2,1,0,3,1,2,0,1,0,0,0,0,0,0,1,2,6,0,1,0,0,0,0,1,2,1,0,0,0,0,0,0,0,0,0,0,0,4,2,4,0,1,1,4,1,1,0,0,2,0,0,1,1,1,3,0,1,0,2,2,0,0,2,5,3,3,1,1,4,0,0,2,1,4,2,1,0,0,2,1,1,0,3,3,1,2,0,0,23,1,0,16,0,0,47,2,4,1,0,0,0,0,8,4,4,0,4,20,0,2,0,0,0,0,0,3,1,2,9,0,0,1,0,0,2,0,1,0,0,5,1,1,0
4,0,0,0,8,0,1,7,0,0,2,0,9,0,1,2,0,1,1,1,2,1,0,4,0,0,0,0,0,0,0,0,0,2,1,0,1,0,1,1,0,6,0,0,0,0,0,1,1,3,0,1,1,0,3,0,0,0,0,0,0,0,0,1,0,0,0,0,2,12,0,28,1,0,2,0,0,15,0,0,2,7,1,0,0,2,1,0,1,0,1,0,0,0,4,1,1,0,0,0,1,0,7,0,1,0,0,1,3,3,1,1,8,0,0,2,5,8,0,0,2,0,1,6,4,0,2,1,3,0,1,0,2,0,0,0,0,0,6,2,1,1,1,2,1,0,0,3,0,0,0,0,0,0,0,0,4,0,0,1,3,1,4,0,2,1,5,1,0,1,2,0,2,2,1,2,0,0,2,3,0,0,0,1,13,1,8,3,5,0,3,6,0,2,3,0,2,2,0,0,0,5,2,0,1,1,0,4,0,1,0,26,0,0,0,0,0,45,2,1,0,0,2,0,1,5,0,3,0,0,1,0,0,0,0,0,0,0,0,0,2,4,5,0,1,0,0,2,1,0,1,0,6,4,0,0
1,2,0,0,4,0,0,8,0,0,0,1,2,0,1,0,0,1,0,0,1,0,1,1,0,0,0,0,0,0,0,0,0,0,0,2,5,10,1,5,0,10,1,1,0,0,0,0,1,2,0,0,1,0,2,1,0,2,0,0,0,1,1,0,0,1,7,0,2,0,0,3,1,1,0,0,0,14,0,0,0,6,0,0,0,2,4,1,1,0,0,0,0,1,3,1,2,1,0,3,0,0,1,0,0,5,0,1,0,4,4,14,1,0,0,0,4,3,0,0,1,0,1,7,1,0,0,2,0,0,1,0,0,0,0,0,0,0,12,1,0,0,0,2,0,0,1,5,1,0,0,0,0,0,0,2,0,0,0,0,2,4,8,0,0,1,2,2,0,1,0,0,0,0,1,2,0,0,0,2,0,0,0,0,0,1,0,3,3,1,0,4,0,0,3,0,1,4,4,0,0,1,1,0,0,0,0,1,0,1,2,11,2,0,11,0,0,46,1,0,0,1,1,0,0,11,3,1,0,0,1,0,0,0,3,1,0,0,3,10,1,19,0,0,2,0,0,0,6,7,0,0,17,6,0,0
0,2,1,0,23,0,0,0,3,0,6,0,16,2,0,1,7,1,0,0,0,1,0,0,1,0,2,0,4,2,0,4,0,0,0,0,0,1,0,2,2,1,1,0,1,3,2,36,22,0,1,0,0,0,1,1,1,0,4,2,0,1,6,1,0,2,1,0,0,0,1,0,0,1,0,1,0,1,0,0,2,0,0,0,0,0,3,1,0,0,1,0,2,1,0,1,5,0,3,0,2,0,0,0,0,2,0,0,2,0,0,0,0,2,0,0,4,0,0,0,1,1,0,0,0,2,0,5,3,9,0,1,1,3,1,0,1,2,8,1,2,0,10,4,0,0,0,0,0,36,0,3,2,1,4,0,0,6,0,0,2,1,0,0,0,0,0,0,2,3,1,0,4,0,0,3,1,0,0,0,1,0,0,3,2,0,0,0,0,5,1,2,1,0,0,0,0,1,10,2,1,6,6,0,1,4,0,0,1,0,0,2,0,16,14,0,1,1,1,0,11,0,3,7,0,0,0,0,0,0,3,0,10,1,0,1,1,2,0,0,0,1,2,2,0,4,0,0,1,0,0,0,3,3,0,0
5,1,0,0,8,0,0,4,1,0,0,0,2,0,0,0,0,1,0,0,1,13,0,0,0,0,0,2,2,2,0,1,0,0,0,1,6,1,0,0,0,9,0,1,0,0,0,1,0,1,0,1,0,0,2,0,1,0,0,1,0,0,4,1,0,1,0,15,1,1,1,4,2,0,1,0,0,9,1,0,0,1,2,1,0,0,1,0,2,0,0,0,0,0,3,1,2,1,0,1,0,0,31,0,0,1,0,0,1,2,2,3,0,0,2,4,12,9,0,0,3,0,0,2,0,0,0,0,7,0,1,0,0,0,0,0,0,0,26,11,0,0,0,1,0,0,1,7,0,0,2,0,0,0,0,0,0,0,0,0,1,3,0,2,1,2,2,1,0,1,3,0,0,0,1,2,0,0,0,1,0,0,0,3,0,2,3,2,2,2,1,0,0,2,7,2,1,1,11,0,0,5,4,0,0,2,1,1,1,0,6,2,0,0,5,0,1,48,1,0,17,0,9,1,5,10,0,1,0,1,2,1,0,0,1,0,0,1,0,1,0,14,5,1,0,0,0,0,0,2,2,0,8,2,0,0
2,0,30,0,0,1,0,0,0,0,5,7,1,1,2,0,3,2,1,49,3,1,3,1,3,0,1,0,1,1,1,0,0,0,1,2,16,0,2,0,1,0,3,2,0,0,0,1,1,0,0,2,3,0,2,0,10,2,4,1,0,0,2,2,2,4,0,1,0,0,1,6,0,0,0,2,1,1,1,1,0,1,0,1,2,0,1,1,0,2,0,2,4,0,2,0,4,0,0,0,0,4,1,6,5,0,2,2,0,0,0,7,3,1,3,1,3,0,0,4,0,0,1,0,0,0,1,2,3,0,0,0,1,0,0,1,0,4,0,0,0,0,1,1,7,2,0,0,0,0,3,0,0,0,2,1,0,0,0,0,2,0,4,3,0,2,4,0,0,2,0,0,1,0,0,0,1,1,0,0,2,0,1,1,1,0,0,1,13,0,3,12,2,0,0,2,0,1,1,0,0,1,0,6,2,0,0,0,0,0,4,5,0,3,0,0,4,1,1,2,1,0,0,3,3,1,0,4,0,2,1,0,0,1,0,0,0,1,0,0,1,0,1,1,0,0,1,0,0,0,0,0,0,1,0,1
0,0,0,0,1,0,2,2,0,0,6,0,3,0,0,1,0,3,0,4,2,0,10,0,0,1,2,0,0,0,0,0,0,0,0,0,0,1,0,0,0,3,0,8,0,0,0,0,11,2,0,0,2,0,1,0,0,0,0,0,0,2,1,1,2,0,1,0,3,7,5,6,0,0,4,1,0,8,1,1,14,4,0,2,0,0,0,0,1,0,0,0,1,0,0,0,1,0,2,0,1,0,24,1,1,0,0,0,1,0,0,0,1,0,1,0,0,3,0,0,1,0,3,0,1,0,1,0,3,0,1,0,6,0,0,0,0,1,19,6,2,1,0,0,0,0,2,6,2,0,0,0,0,0,0,0,0,0,0,0,4,4,10,0,0,2,3,3,0,0,1,0,0,0,1,0,0,0,0,1,0,0,0,0,0,2,0,1,2,2,0,0,0,0,4,0,3,1,1,0,1,4,7,0,7,0,1,2,0,0,27,5,1,0,0,0,14,42,1,5,0,4,0,0,0,0,0,1,0,0,0,1,0,1,0,0,0,0,1,1,0,31,0,3,5,2,0,3,0,1,2,0,0,0,0,1
0,1,0,0,0,0,0,3,1,1,0,2,3,0,5,0,0,3,0,2,1,2,0,1,0,0,3,0,1,0,0,1,0,2,2,0,8,1,0,0,0,17,0,0,0,0,0,0,0,1,1,4,0,0,1,0,5,3,0,0,0,15,0,0,1,0,0,11,1,1,0,1,1,2,1,6,0,11,2,0,8,4,7,1,2,1,0,1,1,0,4,0,1,1,1,1,2,0,2,1,0,0,11,0,0,0,1,2,9,1,5,2,0,0,1,1,0,6,0,0,2,0,0,2,1,0,0,0,6,0,1,0,0,0,0,0,0,0,8,1,0,0,0,2,0,0,3,4,0,0,9,0,0,0,1,0,0,0,0,4,3,2,0,0,0,2,3,3,0,2,5,0,1,1,2,2,3,1,1,4,0,0,0,6,0,4,3,5,5,0,0,8,0,1,0,0,2,4,1,0,0,1,1,0,0,3,0,2,0,0,0,15,2,0,0,0,0,36,1,0,0,1,3,0,0,7,0,1,0,0,1,0,0,2,1,0,0,0,2,2,2,19,1,0,0,0,0,3,0,0,1,1,5,3,0,1
1,1,14,0,0,0,0,2,0,0,6,1,0,5,5,0,4,0,0,1,2,1,1,3,3,0,6,1,0,0,4,2,0,2,3,0,0,0,4,0,3,5,2,0,0,1,0,0,1,0,0,17,1,2,5,5,0,0,1,0,2,1,0,2,1,1,0,1,1,0,3,0,0,0,0,3,0,0,0,1,0,2,0,1,0,0,0,0,3,2,0,1,0,3,0,0,6,2,3,1,14,0,2,4,1,1,0,17,0,0,0,6,0,0,2,2,0,2,0,1,0,0,0,5,6,0,6,0,1,0,1,1,0,0,0,0,1,2,3,0,0,3,1,0,3,2,1,1,0,1,0,0,2,0,1,1,0,0,0,2,0,1,2,2,0,1,1,3,4,0,5,0,0,0,0,2,0,4,0,6,3,1,0,1,1,0,2,0,5,0,4,1,3,2,2,0,0,0,1,2,0,1,2,1,18,2,2,4,0,0,1,5,1,0,1,0,0,13,3,0,0,2,0,0,0,6,1,0,2,2,3,0,0,1,0,0,4,5,1,0,1,5,0,0,0,0,2,0,0,0,0,0,4,10,0,3
5,1,0,0,0,0,1,0,1,1,1,0,1,0,0,0,0,1,2,0,1,0,0,0,0,1,0,0,0,0,1,0,0,1,0,4,11,2,0,0,0,7,0,0,0,0,0,0,0,0,0,0,1,0,1,0,0,4,0,0,0,0,0,0,0,1,0,1,2,7,0,19,2,2,5,0,1,13,4,0,6,0,3,4,0,0,1,0,1,0,1,0,0,1,2,1,0,0,0,0,1,0,11,0,6,3,0,1,10,1,3,1,3,0,0,2,0,10,2,2,1,2,0,8,1,0,0,0,4,0,1,0,0,0,0,1,0,0,21,0,0,0,0,0,0,0,0,1,0,0,16,0,0,0,0,0,0,0,0,3,3,3,3,0,1,2,2,3,0,1,3,0,0,0,1,0,0,0,1,1,0,0,0,6,1,3,1,3,2,0,3,2,0,0,8,2,0,1,0,0,1,0,1,8,0,9,0,1,1,1,7,24,0,0,0,0,0,45,2,8,0,0,0,0,0,8,0,1,0,1,2,0,1,0,0,0,0,1,0,1,2,3,2,0,0,1,0,2,0,2,1,0,0,0,0,0
3,0,15,1,1,0,0,1,1,0,0,8,1,0,0,0,0,1,0,49,0,3,5,1,8,0,1,0,0,0,8,0,0,5,1,1,13,0,1,3,1,0,0,0,0,0,0,5,1,0,1,1,6,0,0,0,1,0,1,4,1,1,1,0,4,4,0,4,1,0,1,0,1,0,0,4,0,0,3,3,0,1,0,1,1,1,1,1,1,1,10,2,43,1,0,0,7,0,0,0,0,4,0,1,8,1,2,7,0,0,0,2,0,0,0,8,0,0,9,4,0,1,0,0,0,3,1,1,1,0,0,0,0,0,0,1,0,0,0,0,1,0,0,0,2,4,3,0,0,2,0,0,0,0,0,0,0,0,0,0,0,0,0,0,0,0,0,0,0,0,1,0,0,0,0,0,0,0,0,1,1,0,1,0,1,0,0,0,0,0,0,0,0,2,0,3,0,0,1,1,0,0,0,0,1,0,0,0,0,0,2,0,0,0,0,1,0,1,2,0,2,0,0,3,1,7,0,2,0,26,0,3,0,0,0,0,0,12,0,1,0,1,0,1,1,0,1,0,0,0,0,0,0,3,7,1
0,0,1,1,0,1,2,0,2,0,0,2,0,0,3,0,4,0,0,0,1,7,1,1,0,2,0,3,0,0,0,1,1,0,0,1,7,0,1,3,7,0,0,0,1,0,0,3,0,2,0,2,0,3,1,0,0,9,1,3,0,1,0,0,0,0,1,2,5,0,1,0,0,0,1,4,0,12,0,11,2,5,0,0,0,0,0,0,2,3,4,1,0,0,0,0,0,0,25,0,0,0,5,1,0,1,1,3,1,0,0,0,3,0,3,19,0,0,7,4,0,0,0,3,0,0,2,1,0,0,0,0,0,2,2,0,1,0,0,0,3,0,3,0,3,0,0,2,0,0,0,22,7,0,0,0,1,0,0,24,1,0,0,0,1,0,0,0,1,2,2,9,0,0,8,2,0,1,0,1,11,0,0,7,0,1,3,1,2,1,1,3,1,1,2,0,0,2,1,9,7,1,0,0,0,1,2,1,0,0,0,0,0,1,0,1,0,0,0,1,0,0,1,0,2,1,2,0,0,0,3,0,0,0,0,0,1,3,0,0,0,4,0,9,2,4,0,0,0,0,0,0,2,3,1,0
1,2,0,0,8,0,0,13,1,0,1,0,0,0,0,1,0,1,1,1,1,0,0,0,0,0,0,0,0,0,0,0,0,0,0,0,10,6,0,0,0,9,0,0,0,0,0,1,0,2,0,0,1,0,1,0,5,8,0,1,0,0,0,0,1,1,0,0,2,6,2,2,1,0,0,0,0,11,0,0,0,1,3,0,0,0,3,2,1,0,1,1,0,2,2,5,3,0,0,19,0,0,2,0,1,0,0,1,0,0,4,4,2,0,0,0,1,7,1,0,3,0,0,4,2,0,0,4,3,0,1,0,0,0,0,6,0,0,23,0,0,2,0,1,0,1,2,5,0,0,14,0,0,0,0,0,1,0,0,0,2,4,0,0,0,3,4,0,0,2,2,1,4,0,1,4,0,0,0,1,0,0,0,0,0,1,0,2,6,0,0,3,1,1,5,0,2,1,11,0,0,1,1,0,0,1,1,0,1,0,3,14,0,1,0,0,0,42,1,1,0,0,5,0,0,6,0,7,0,0,0,0,0,2,3,0,0,0,1,1,1,2,0,5,6,1,0,0,0,2,0,0,6,1,0,0
0,0,10,1,0,0,0,0,0,0,0,0,0,0,1,0,0,1,0,38,0,0,0,0,7,1,2,12,0,1,7,0,0,0,10,1,0,2,4,13,6,0,0,0,0,2,0,1,1,0,0,2,1,2,1,0,34,13,1,1,1,0,0,2,1,0,0,5,2,2,1,0,0,0,0,4,0,0,2,3,2,0,0,1,0,0,0,6,0,1,0,2,1,2,0,0,0,0,0,2,1,0,0,4,8,1,0,0,0,0,0,10,0,0,1,0,0,1,4,1,1,2,1,1,7,2,1,0,4,0,0,0,0,0,0,0,0,7,1,0,0,0,2,0,3,3,0,0,0,4,0,0,3,0,4,0,1,0,0,2,0,1,0,0,0,0,0,0,0,2,0,0,0,0,1,1,0,2,0,5,2,1,3,1,2,0,0,0,0,0,2,6,1,1,0,1,0,0,1,4,0,0,1,0,0,0,0,0,0,0,0,0,1,0,0,2,0,1,1,0,1,0,0,1,0,1,0,0,0,1,3,0,1,3,0,0,1,12,0,1,0,4,3,1,0,1,1,2,8,1,0,0,0,2,2,3
0,0,0,0,0,0,0,1,0,0,0,0,0,0,0,0,0,1,0,0,1,1,0,0,0,0,1,1,1,0,1,0,0,1,0,22,13,0,0,1,0,8,0,16,0,0,0,0,5,2,0,2,1,0,4,7,0,1,0,0,0,2,1,0,2,1,0,3,1,4,0,1,1,1,0,1,2,1,0,0,0,13,3,1,0,2,0,1,1,0,0,0,1,0,1,0,0,2,1,2,5,0,17,0,0,1,0,0,5,1,1,1,0,0,0,0,7,19,0,0,0,0,0,0,1,0,0,0,5,0,1,1,1,0,0,0,0,7,4,9,0,1,1,3,0,0,3,7,0,0,1,0,0,0,0,0,0,0,0,0,2,1,0,1,1,1,7,1,0,1,2,2,1,0,2,2,0,1,0,4,0,1,1,0,0,4,5,1,6,1,0,5,2,4,7,0,5,2,3,0,0,1,1,0,1,5,0,0,1,0,4,2,1,0,0,0,0,41,1,0,1,0,0,1,1,9,0,1,0,1,2,0,0,0,1,0,0,0,2,1,0,4,1,0,0,0,2,1,1,5,0,0,2,4,0,0
1,1,0,0,3,0,1,4,0,0,2,0,1,0,2,0,0,2,0,0,1,1,0,1,0,2,1,1,1,0,0,0,1,0,0,0,13,1,0,2,0,7,0,3,0,0,0,3,0,0,0,0,0,0,2,0,1,0,0,0,0,2,0,0,0,0,0,39,1,2,1,22,1,7,1,2,0,14,0,0,2,11,0,0,1,0,0,0,1,0,1,1,0,1,2,0,2,1,1,0,1,0,16,0,0,0,0,0,2,0,1,1,2,0,0,0,1,1,0,0,3,1,1,5,1,0,4,1,3,0,1,0,0,0,1,0,0,0,1,0,0,0,0,1,0,0,1,4,0,0,2,0,0,0,1,0,0,0,0,1,2,1,0,0,0,1,4,1,0,2,1,0,2,1,1,3,0,0,0,1,0,0,1,0,3,2,4,1,5,0,2,7,0,0,1,0,4,0,0,1,1,1,2,0,0,0,0,2,0,1,0,19,0,0,0,0,0,35,2,0,0,0,2,0,0,7,0,1,1,0,3,0,0,0,1,0,0,8,1,4,1,2,0,0,1,0,0,3,2,7,0,0,9,0,2,0
1,0,3,0,0,1,6,2,0,2,0,3,0,2,0,2,3,1,1,6,0,2,0,0,5,1,0,0,6,0,0,10,0,0,0,2,2,1,0,0,0,12,0,0,0,1,3,0,0,0,2,0,0,0,0,17,1,0,1,0,0,0,1,0,0,1,1,1,3,16,0,0,0,2,1,1,4,0,9,1,9,0,9,1,5,0,3,0,0,1,1,0,0,0,0,0,1,0,0,0,5,8,0,0,1,1,0,1,0,0,4,0,0,0,0,0,2,2,0,1,1,0,0,0,0,0,0,3,2,2,0,4,0,0,0,0,0,1,0,0,3,1,2,0,0,0,2,3,0,0,0,1,7,1,1,0,0,0,0,1,0,1,0,2,2,1,0,0,0,0,1,0,1,5,1,1,1,14,1,4,0,0,0,2,0,1,0,0,4,1,2,0,1,1,0,0,0,0,0,0,0,1,0,0,1,0,1,0,10,0,0,0,0,0,0,3,0,0,0,0,0,0,2,9,1,0,2,1,0,3,37,0,2,0,0,2,1,2,0,1,0,1,0,0,0,0,7,1,2,3,20,0,1,3,13,1
1,1,0,0,1,0,2,0,0,1,0,0,0,0,10,1,20,3,3,1,1,0,3,0,1,0,1,1,2,0,7,6,1,0,0,0,0,0,0,0,0,5,0,0,0,0,0,2,0,3,0,0,0,0,2,0,1,0,0,0,0,1,0,0,0,1,0,0,2,2,1,0,2,0,2,1,1,3,1,0,0,1,3,0,1,3,1,1,1,0,2,1,1,3,4,0,1,0,0,0,4,0,1,0,0,1,0,0,2,1,2,0,0,5,0,0,0,2,0,0,0,1,1,1,1,0,5,1,0,0,1,0,3,0,31,0,3,1,8,4,0,0,0,0,1,0,0,5,0,2,2,0,1,0,0,2,0,0,0,0,2,3,4,1,1,3,6,4,3,0,2,2,0,0,1,1,1,0,0,1,0,0,0,0,1,4,1,1,4,1,0,7,1,1,18,2,3,2,0,0,0,2,1,0,0,1,0,1,0,1,22,2,1,0,0,3,1,33,1,1,1,1,0,0,0,9,2,1,0,2,2,0,0,0,0,0,1,1,1,0,1,10,4,1,0,0,0,0,0,4,1,0,17,1,0,1
5,0,0,0,2,0,2,2,1,0,3,0,3,0,2,0,0,1,0,2,1,0,0,1,0,0,1,0,0,0,0,0,2,1,2,2,15,3,0,10,0,3,0,7,0,0,0,0,0,1,0,0,3,0,3,0,2,0,0,0,4,2,0,0,0,0,0,1,1,6,0,3,0,1,2,0,0,5,0,0,1,1,2,1,0,0,1,0,2,0,0,1,0,0,1,0,0,0,6,1,0,1,34,0,0,1,0,0,5,3,1,4,1,0,0,3,7,2,0,0,0,0,2,0,1,0,0,0,1,0,1,2,1,0,0,0,1,1,12,0,0,1,0,0,0,0,4,3,0,0,1,0,0,0,0,0,0,2,0,0,7,5,0,0,0,3,3,1,0,0,0,0,0,0,1,1,0,0,0,1,0,0,1,1,0,3,7,3,3,2,3,0,0,2,3,1,2,4,5,0,2,1,1,0,0,0,1,3,4,0,15,15,0,0,0,0,1,40,1,2,0,0,1,0,1,14,0,1,1,0,1,0,0,1,0,0,0,0,0,0,0,3,0,0,14,2,0,4,2,1,3,0,2,0,0,0
0,0,13,13,0,0,1,1,10,0,2,4,1,0,7,0,0,1,0,1,3,0,3,0,3,0,0,0,0,2,4,0,0,0,3,1,0,20,1,0,1,0,3,0,2,4,0,7,1,4,2,0,0,0,4,0,0,2,0,1,0,0,0,2,2,0,1,2,0,1,1,9,0,1,3,3,0,0,1,3,1,0,6,1,0,1,8,1,0,7,0,2,4,0,0,0,1,1,0,0,0,3,0,3,7,0,0,13,1,1,0,2,1,1,2,0,6,0,1,0,1,2,1,0,0,1,1,6,12,0,0,0,0,0,6,10,0,0,0,0,0,1,0,0,8,1,1,0,0,0,3,0,3,0,2,0,3,0,0,0,0,3,0,0,1,0,0,0,0,2,0,0,3,0,1,1,0,2,0,0,0,0,0,1,2,0,0,0,0,0,0,0,0,2,1,5,0,0,3,5,0,0,2,2,0,0,0,3,0,1,4,1,0,1,1,0,0,1,1,0,1,2,0,5,1,1,0,7,0,2,1,0,0,1,0,0,0,11,0,0,0,2,0,0,2,0,4,2,0,2,2,2,0,4,1,0
2,4,0,0,2,0,0,2,0,3,0,0,2,0,5,2,0,4,0,2,3,0,1,4,0,0,1,1,0,0,0,4,0,0,0,0,0,1,1,0,0,10,0,0,0,0,0,1,0,2,0,1,5,3,1,1,0,0,0,0,1,2,0,0,1,2,0,1,4,6,1,0,1,0,1,0,1,9,0,0,4,4,3,0,0,0,0,1,1,0,0,0,3,5,1,0,1,1,0,0,6,1,1,0,0,0,1,0,0,0,3,2,0,3,0,0,9,0,0,0,1,0,0,0,1,0,7,0,1,0,2,0,5,0,0,2,0,0,2,0,0,0,1,0,0,0,1,6,0,0,0,0,0,0,0,0,2,1,0,0,3,1,20,0,1,2,4,2,0,1,1,0,0,0,1,3,1,0,0,3,0,1,0,5,0,1,0,3,4,1,2,5,1,2,4,0,6,0,0,0,0,2,2,0,0,1,1,1,0,0,34,4,0,0,0,0,0,48,1,0,19,0,3,0,3,2,2,1,0,1,8,4,0,1,0,0,0,0,2,2,2,10,0,0,2,0,0,0,1,9,0,0,0,0,0,0
0,1,4,0,1,0,0,0,0,0,0,1,2,0,1,0,1,1,0,0,1,0,0,0,4,0,0,1,1,0,5,0,0,0,1,1,30,0,0,1,0,5,1,0,1,0,0,1,1,0,0,7,1,0,2,0,1,0,0,1,0,3,2,2,1,1,0,0,3,3,1,19,0,0,0,0,0,10,1,1,2,8,1,5,0,0,0,1,1,0,0,0,2,0,3,1,1,0,0,1,2,0,4,0,2,2,0,0,0,1,0,1,2,0,0,3,4,9,0,0,0,0,2,0,2,1,0,0,1,0,1,0,0,0,0,0,0,3,5,11,0,0,0,1,0,0,0,3,0,0,0,2,1,1,0,0,1,0,0,0,1,1,6,0,0,1,2,5,0,0,2,1,0,0,2,2,0,0,0,1,0,1,3,2,0,1,0,1,4,0,0,0,0,0,12,1,2,3,2,0,0,4,0,0,1,1,0,0,5,0,5,1,1,0,0,0,0,35,1,4,1,0,0,2,1,13,0,5,0,0,1,1,0,0,2,0,0,1,1,0,0,4,0,1,9,0,3,0,1,2,0,0,0,6,0,0
0,0,0,0,6,0,0,3,1,0,1,0,0,0,1,0,0,1,0,1,1,0,0,1,0,0,0,0,0,0,0,0,1,0,0,1,23,1,0,5,0,5,1,5,0,0,0,0,0,0,0,4,1,0,0,1,0,8,0,0,0,0,0,1,0,0,0,1,2,5,1,2,0,0,1,1,0,7,2,0,4,1,3,1,1,0,1,0,1,0,0,37,1,1,0,0,1,0,0,1,0,0,1,0,0,0,0,0,0,0,1,0,0,0,0,4,2,9,1,0,1,0,0,11,0,0,0,3,0,0,2,0,0,0,0,0,2,0,21,4,0,0,0,1,0,0,12,5,0,1,1,0,0,1,0,0,1,0,0,0,1,1,1,2,1,4,2,5,0,0,0,0,0,1,1,3,0,0,0,1,0,4,2,0,0,4,0,3,2,0,3,2,0,0,5,0,0,0,0,0,1,7,1,0,0,1,0,0,5,1,4,6,3,0,0,0,0,21,1,0,0,0,7,0,0,11,0,4,0,0,0,0,2,3,0,0,0,0,2,0,2,11,2,1,7,1,0,0,0,2,0,0,13,1,0,0
1,1,30,0,0,0,0,0,0,3,0,5,0,0,0,3,3,2,0,47,0,1,0,0,4,2,2,0,0,0,5,0,0,0,0,0,1,1,2,1,1,0,0,0,0,0,0,0,1,0,0,2,0,1,1,1,5,1,0,0,0,0,0,0,6,0,0,1,0,3,1,1,0,1,0,2,0,0,3,1,0,0,0,1,2,0,0,0,1,1,0,0,38,1,0,0,4,0,0,0,0,0,0,4,4,0,0,2,1,0,0,2,0,0,0,1,1,0,0,0,0,1,0,0,0,0,3,1,2,0,0,1,0,0,0,3,0,0,0,0,0,3,0,2,0,3,0,1,0,3,0,0,0,1,0,0,0,0,0,0,1,1,0,0,0,0,2,0,0,4,2,0,0,0,0,0,0,4,0,0,1,0,2,0,1,0,0,2,0,2,2,20,0,1,0,0,0,1,2,2,0,1,0,0,0,0,0,2,0,0,0,0,0,9,0,2,0,2,5,0,0,0,0,0,2,1,0,0,0,26,2,0,2,2,0,0,4,15,1,0,0,3,4,0,0,1,13,3,3,0,0,0,1,2,8,3
0,1,0,0,1,0,0,2,1,0,0,0,0,0,0,4,0,3,0,0,1,0,0,1,0,2,3,0,0,0,1,0,0,0,0,4,13,4,0,6,0,3,0,1,0,1,0,2,1,1,0,0,0,0,3,0,0,0,0,0,0,1,1,0,0,0,0,0,1,2,1,9,1,21,1,2,0,4,0,0,0,0,7,2,0,0,0,0,1,0,0,0,0,0,1,1,1,2,0,0,1,0,4,0,11,1,0,0,3,2,5,0,5,0,0,7,0,5,0,0,4,0,0,19,0,0,1,1,1,0,1,1,0,0,0,0,0,0,4,1,0,0,0,1,0,0,0,0,1,0,0,2,0,0,0,0,0,0,0,1,3,3,0,1,0,1,3,1,0,1,2,0,4,0,2,2,0,0,1,1,0,1,0,0,0,1,5,5,3,0,0,6,0,0,0,0,3,1,0,0,1,6,1,2,0,1,2,1,0,0,4,38,2,0,0,0,0,45,1,0,0,0,3,1,0,6,0,3,1,0,0,1,0,0,0,0,1,0,0,1,1,12,1,0,0,0,0,1,1,4,0,0,7,1,0,1
0,2,17,0,1,0,0,5,1,0,0,11,0,0,1,0,1,0,0,1,1,1,4,4,6,1,1,0,2,0,9,0,0,5,4,0,4,2,2,7,4,0,1,0,1,0,0,0,2,1,2,9,0,0,1,3,1,0,1,0,2,0,1,0,0,0,0,36,1,0,1,13,0,1,0,1,0,1,1,2,0,0,0,1,0,0,0,0,1,1,0,0,0,0,3,1,0,1,0,0,0,2,5,0,1,0,0,3,1,1,1,6,2,1,0,2,2,8,0,1,1,1,0,0,2,0,0,1,1,0,1,0,0,0,0,2,0,2,12,0,0,1,0,1,2,3,0,0,0,0,0,0,0,0,0,0,0,0,1,0,0,1,0,0,2,3,3,2,0,2,0,0,0,0,1,0,0,0,4,1,0,0,1,0,2,2,0,4,0,0,1,1,0,0,1,0,0,0,1,0,0,4,0,1,0,6,0,0,0,0,0,1,0,2,0,0,1,40,2,1,3,0,3,1,3,3,0,1,0,0,1,0,3,1,3,0,2,4,0,2,0,6,2,0,1,1,0,0,1,1,1,0,1,0,4,0
3,1,7,2,2,3,1,0,0,1,0,7,1,0,4,0,17,1,1,2,1,0,1,3,4,1,0,0,0,0,0,0,0,0,0,0,0,0,0,1,0,3,0,0,0,0,0,0,0,0,0,0,0,0,2,0,0,0,0,0,0,1,0,0,1,0,0,0,3,12,1,0,0,0,3,2,0,16,0,0,14,3,3,0,0,0,5,0,1,0,2,0,0,0,2,0,0,0,2,0,0,0,2,4,0,9,0,0,2,2,4,6,4,0,0,0,1,0,0,0,2,0,1,2,1,1,0,1,0,13,1,1,1,7,0,1,1,0,2,0,2,0,2,0,0,1,0,2,0,1,2,0,2,1,0,0,3,0,0,0,3,1,1,0,0,4,3,2,0,0,3,0,0,0,1,2,0,0,0,2,0,0,0,0,0,3,0,2,1,0,0,3,2,0,7,2,1,0,0,0,0,1,1,0,0,1,3,0,1,3,0,2,2,0,1,0,3,19,1,5,1,1,0,0,0,0,0,1,2,0,1,0,1,5,0,3,1,0,5,1,0,3,2,0,0,3,0,0,1,2,2,0,5,0,0,1
3,0,0,1,4,0,0,7,0,0,0,0,2,0,2,0,0,3,2,1,1,0,1,2,2,1,1,0,0,0,0,0,0,0,2,0,7,0,0,0,0,7,0,2,0,0,0,0,0,1,0,0,1,0,1,0,0,5,1,0,0,1,0,0,0,2,0,0,2,13,2,6,1,0,3,0,1,6,1,0,30,1,0,3,0,0,1,1,1,0,0,0,0,0,1,4,0,0,0,0,0,0,2,1,0,2,0,0,0,2,2,0,1,0,0,0,1,4,0,0,0,0,1,1,1,0,0,0,2,0,1,0,0,0,0,0,1,0,30,0,0,0,2,1,0,0,2,5,0,0,7,1,0,0,0,0,1,0,0,1,3,1,0,1,2,3,2,0,0,0,2,0,1,0,1,3,0,0,0,1,0,2,0,0,1,1,1,1,4,0,5,0,1,1,6,3,3,1,10,0,0,2,2,0,0,0,0,3,0,0,0,31,2,0,0,2,0,36,1,0,0,0,9,1,0,1,0,4,0,0,1,0,0,0,1,0,0,0,0,1,1,2,0,0,0,2,0,5,3,1,0,2,19,0,0,4
0,1,36,0,0,0,0,1,5,0,2,29,1,0,0,0,1,1,0,49,0,0,8,0,14,0,1,1,0,0,6,3,0,0,2,0,2,1,3,1,1,0,4,0,0,0,0,0,1,0,0,2,0,0,1,1,23,1,1,1,1,0,5,0,2,0,0,1,0,1,1,7,0,0,0,2,3,0,0,1,1,2,0,1,1,0,1,1,0,1,2,1,0,1,0,0,2,0,0,0,0,3,1,2,2,1,1,3,1,0,0,3,0,0,3,1,0,0,1,3,0,3,0,0,1,5,1,1,1,0,0,0,0,0,0,1,0,0,0,0,0,0,0,0,5,5,0,0,0,0,0,0,0,0,0,0,1,0,0,0,1,0,1,0,0,0,0,0,0,2,0,0,0,0,0,0,0,0,0,0,1,0,1,0,1,0,0,0,3,1,0,14,0,1,0,0,0,0,1,0,0,0,0,0,0,0,0,0,0,0,0,0,1,0,0,0,0,1,1,1,1,0,0,4,0,7,1,0,0,25,2,1,0,5,0,0,0,18,0,0,0,1,0,1,3,0,1,0,1,1,0,0,0,3,1,2
1,0,7,0,1,0,0,3,0,1,14,1,8,1,0,0,0,0,0,0,1,0,1,1,2,1,2,0,0,1,2,0,0,0,2,1,3,2,0,6,0,6,1,2,1,0,0,1,1,1,1,1,2,0,3,0,0,0,0,0,0,1,0,0,1,0,0,2,0,2,1,9,0,0,1,0,0,11,4,1,5,2,0,0,0,0,1,0,1,0,3,3,0,0,1,0,2,0,2,6,0,2,2,0,1,1,0,0,8,0,0,1,0,0,0,1,1,1,1,1,2,0,5,7,0,0,0,2,3,0,1,0,0,0,1,1,0,0,21,1,0,0,0,1,0,1,0,0,0,0,1,0,0,0,0,0,1,0,1,1,1,12,0,0,1,3,4,1,0,1,7,0,3,0,1,1,1,1,0,2,1,0,1,0,0,1,0,2,5,0,2,12,0,1,5,1,0,3,0,1,0,2,1,0,1,0,1,1,0,0,25,3,0,1,0,1,1,36,1,0,0,0,6,0,1,0,0,1,0,1,3,0,0,0,1,0,0,0,2,6,0,3,0,0,2,0,2,1,0,0,0,0,3,0,1,0
0,0,10,3,0,0,0,4,0,0,4,6,2,0,2,0,0,1,2,4,3,1,2,0,8,0,0,0,0,1,7,5,0,0,2,0,1,1,5,1,0,8,0,0,0,2,1,2,1,0,0,1,0,0,0,0,7,0,0,1,2,2,0,1,0,1,0,2,0,0,1,3,0,0,0,0,0,17,1,1,0,0,0,1,0,0,0,2,1,0,1,2,0,0,0,0,4,0,0,0,0,1,0,2,2,1,0,1,0,1,4,4,0,0,1,0,1,2,1,1,0,0,0,5,1,5,2,1,1,0,1,0,1,0,1,2,0,1,2,0,0,4,0,0,5,4,0,0,0,1,0,0,1,0,1,0,0,0,0,0,1,2,0,0,0,1,2,0,0,0,0,0,1,0,0,1,0,1,0,0,0,1,0,1,0,1,0,0,5,0,1,5,0,1,1,0,0,0,3,2,0,1,2,0,12,1,0,0,0,0,3,19,1,1,0,3,3,33,2,1,1,0,2,0,2,7,0,1,0,11,2,0,0,2,0,1,0,8,1,0,0,3,0,1,0,0,3,0,0,0,1,1,2,4,0,2
0,0,11,3,0,0,1,1,3,0,0,18,0,0,0,0,0,1,0,45,0,5,6,1,11,1,1,0,0,0,18,2,0,0,0,30,8,1,1,0,0,0,6,0,0,0,0,0,1,0,0,5,0,1,1,2,3,0,1,1,0,3,0,0,4,0,0,2,0,1,1,1,1,0,0,1,0,0,0,1,0,0,0,1,0,0,0,1,0,1,0,1,2,3,0,0,6,0,1,0,2,0,0,3,12,0,2,0,0,1,0,22,0,0,4,0,1,0,1,0,0,0,1,1,0,4,1,2,5,0,0,0,0,0,0,1,1,4,0,0,0,0,1,0,3,2,0,0,0,5,0,0,0,4,0,0,0,0,0,0,0,0,0,0,0,0,0,0,0,1,0,0,0,0,0,0,0,3,0,1,2,0,3,3,1,0,0,0,0,1,1,0,0,0,0,1,0,0,1,1,0,0,0,0,0,0,0,0,0,0,1,0,0,0,1,1,0,1,1,0,1,0,0,0,1,1,0,0,0,3,0,0,0,2,0,1,0,26,0,0,0,1,1,4,0,0,1,2,1,0,2,0,0,1,0,1
0,1,34,1,3,0,0,0,5,1,1,5,0,0,6,1,2,1,0,21,1,2,2,0,5,1,0,0,4,0,3,0,1,0,1,0,0,3,0,0,1,0,4,0,4,3,0,3,1,0,0,0,0,0,0,0,1,0,1,0,0,0,0,0,1,0,0,1,0,1,1,5,0,0,0,2,0,0,2,1,0,0,0,2,2,0,10,2,0,3,0,2,1,0,0,0,4,0,0,2,0,0,0,3,2,0,1,12,1,0,2,3,0,7,1,0,0,1,0,0,0,1,3,0,0,0,1,1,1,0,0,1,0,0,0,0,2,0,0,0,0,0,0,1,2,4,0,0,0,3,1,0,0,1,0,1,1,0,0,0,0,0,1,0,0,0,1,0,0,1,1,0,0,0,0,0,0,1,0,0,2,0,1,2,1,0,0,0,0,1,1,1,0,1,0,0,0,0,1,3,0,0,0,0,31,2,0,4,0,0,0,0,3,0,1,2,0,1,1,0,1,0,0,0,1,5,0,0,0,8,3,1,0,5,0,5,2,23,0,0,0,1,2,5,3,1,2,0,0,3,2,0,0,7,1,1
0,0,6,1,0,0,0,1,2,0,4,13,1,0,1,0,1,0,0,30,1,6,4,0,10,0,0,2,0,0,3,1,0,0,2,0,4,1,8,1,2,0,0,0,0,3,1,1,1,1,0,0,0,1,1,2,26,1,1,2,1,0,0,7,2,0,0,1,1,0,1,0,0,0,0,2,0,0,0,6,0,1,0,1,1,0,0,0,1,1,6,2,0,0,0,0,5,0,0,0,0,2,1,15,5,1,0,3,2,0,1,4,0,1,1,0,0,0,3,2,1,0,1,1,7,1,1,0,1,0,0,0,1,0,0,1,0,2,0,0,0,0,13,0,5,2,0,0,0,1,1,0,0,0,0,1,0,0,0,0,0,0,0,1,0,1,1,0,0,3,0,0,0,0,0,6,0,1,0,4,3,0,1,0,1,0,0,0,0,1,3,4,2,0,0,0,0,0,1,0,0,0,3,0,0,0,4,1,0,0,1,2,1,0,0,0,0,1,1,0,1,0,0,1,1,1,0,1,0,6,3,0,0,4,0,0,5,19,1,0,1,0,0,0,1,2,2,1,0,0,0,0,0,3,0,2
0,0,0,0,4,0,0,1,1,0,3,0,0,5,0,1,0,1,0,0,1,0,3,2,0,0,1,0,1,0,0,0,0,0,0,0,18,6,0,7,0,1,0,0,0,0,0,0,0,2,2,0,0,0,2,0,8,2,1,0,6,2,0,0,0,0,0,1,1,6,0,0,0,0,1,1,0,8,1,14,4,0,2,3,3,0,1,0,1,0,0,2,0,0,0,0,0,0,0,1,0,0,17,1,1,1,0,0,8,2,1,1,0,0,0,0,0,11,2,0,0,0,4,4,0,0,0,0,1,0,1,0,1,0,0,0,1,0,10,0,0,0,0,1,0,0,3,3,0,0,5,13,0,1,0,0,0,0,1,0,2,3,2,0,0,3,3,4,0,0,2,0,1,0,1,2,0,0,0,1,0,0,0,2,0,1,6,2,2,0,3,0,1,0,3,0,0,1,0,0,1,2,1,3,0,0,0,0,1,0,1,0,1,0,1,0,0,7,1,0,0,0,3,0,0,2,0,1,0,0,3,0,0,0,1,0,1,2,0,0,0,12,0,10,3,1,0,0,1,0,1,0,4,9,0,1
0,0,0,0,3,0,0,1,0,0,0,0,0,4,3,3,0,1,0,0,2,4,1,3,0,0,1,0,0,0,1,2,1,0,0,0,17,2,0,1,0,6,0,0,0,0,0,1,0,3,0,0,0,0,2,0,2,6,1,0,0,0,0,0,1,1,0,1,1,3,0,11,0,5,1,1,2,4,1,0,0,9,2,0,0,0,2,3,1,0,0,0,0,3,2,0,1,0,0,0,0,0,9,0,0,0,0,0,1,4,2,0,3,0,1,0,0,1,0,0,2,0,3,4,1,0,4,0,2,0,1,0,0,0,0,0,0,0,3,1,0,0,1,1,0,0,2,1,0,0,0,0,0,0,0,0,0,0,0,0,1,1,0,0,0,2,2,1,2,2,1,1,0,0,1,2,1,0,1,1,0,2,0,0,1,2,1,1,7,0,2,4,0,2,4,0,1,0,1,0,1,2,1,10,0,8,0,0,2,0,2,29,2,0,3,0,0,35,1,0,0,0,0,0,0,2,2,7,1,0,4,0,1,0,0,0,0,0,0,0,2,7,0,5,6,1,0,1,1,1,1,0,2,0,0,0
0,26,1,0,0,0,0,6,38,1,1,0,0,0,1,0,0,7,1,0,0,0,0,0,0,1,0,0,0,7,2,0,0,6,5,0,0,20,0,0,0,1,1,0,25,6,0,4,1,1,1,4,1,0,0,0,0,1,1,0,3,1,3,0,3,0,1,0,0,1,0,4,0,0,0,0,0,2,1,1,0,1,1,0,1,1,4,1,0,1,0,0,0,0,0,0,1,0,2,1,0,0,0,0,1,0,0,0,0,0,0,1,0,2,0,2,2,0,0,0,1,0,0,1,0,0,0,0,2,0,1,1,0,0,12,29,1,0,0,14,3,0,0,1,0,0,1,0,0,0,1,0,0,0,16,4,0,0,0,1,0,0,0,0,0,9,0,0,0,1,4,0,1,0,0,0,0,0,0,0,0,0,0,1,1,3,2,0,0,0,0,0,0,0,2,0,0,0,0,0,1,0,0,0,0,0,0,0,6,1,0,0,0,0,1,0,0,0,1,0,0,0,0,0,0,0,0,0,0,0,0,0,0,0,0,0,0,1,0,0,0,0,0,0,1,0,0,1,0,1,1,1,0,0,11,0
0,0,0,0,3,0,2,4,0,0,0,2,0,0,2,0,1,2,0,1,1,1,0,0,0,0,1,0,0,0,0,1,0,0,0,1,16,0,0,1,0,2,0,0,0,0,1,0,0,2,4,0,0,0,2,1,5,1,0,0,1,1,0,0,1,0,0,1,10,5,1,14,0,0,2,2,0,12,2,0,4,6,1,0,0,0,0,0,1,0,0,0,0,1,0,0,1,0,3,0,0,0,2,1,3,0,0,0,0,0,1,1,0,0,0,4,2,11,0,0,1,1,0,0,4,0,0,1,0,0,1,0,0,0,0,0,0,0,5,0,0,0,1,0,0,0,1,3,0,0,0,0,0,1,1,0,0,0,0,0,7,1,10,0,4,2,2,4,0,4,1,1,0,0,2,1,0,0,2,1,0,1,0,1,1,4,2,1,2,0,1,5,0,0,3,0,3,0,0,0,0,1,1,5,0,2,1,0,1,0,12,2,0,0,0,0,0,35,4,2,2,0,0,0,0,2,1,2,0,0,11,0,1,0,0,1,0,0,1,0,2,9,1,4,1,0,0,0,0,7,0,1,3,0,0,0
0,0,11,0,0,1,0,1,0,7,1,3,1,0,3,0,1,2,0,35,1,1,0,2,2,1,2,1,0,0,7,10,0,0,0,0,3,2,0,2,5,0,0,0,1,2,0,5,1,0,1,15,3,0,1,1,3,0,1,1,0,0,0,0,2,0,0,2,0,0,1,4,0,0,0,2,0,1,1,4,0,0,0,1,1,1,3,1,0,1,9,0,3,0,0,0,7,0,0,0,0,0,0,2,5,2,0,2,1,0,9,12,0,0,0,1,2,0,1,2,2,2,0,1,0,0,2,2,1,0,0,0,0,0,0,3,0,3,0,0,0,0,2,0,3,1,0,0,0,6,0,0,0,0,0,1,0,0,0,0,0,0,2,0,1,0,2,0,0,3,0,0,1,0,0,0,0,1,2,1,2,0,1,1,1,0,1,1,0,0,1,11,0,0,0,0,0,2,1,3,0,0,0,0,0,0,0,1,0,0,0,0,0,0,0,1,0,3,1,0,0,0,0,1,0,3,1,0,9,10,4,1,2,2,0,0,0,18,0,0,0,0,0,1,0,1,8,0,0,1,0,0,1,1,7,1
0,1,20,1,0,0,0,0,0,1,3,2,1,0,10,0,0,1,0,24,1,2,2,0,10,0,2,0,0,0,4,1,0,1,3,1,2,1,4,2,0,1,0,0,0,0,0,0,1,0,0,0,0,0,1,0,15,0,1,2,0,2,1,0,4,0,0,20,3,0,1,0,0,2,1,2,0,1,3,3,0,0,1,2,0,1,0,1,1,1,1,1,19,0,0,0,1,0,0,0,0,0,0,1,4,2,0,0,0,0,1,0,1,1,1,8,1,1,4,0,1,0,0,1,7,0,4,0,2,1,0,1,0,0,0,1,0,4,0,1,0,0,0,0,1,1,0,0,0,3,0,0,1,0,0,0,0,0,0,0,0,0,0,0,0,0,1,0,0,0,0,0,0,0,0,1,0,1,1,0,1,0,1,0,0,0,0,0,1,0,2,0,0,0,1,1,0,0,1,1,0,1,0,0,0,0,0,0,0,0,0,2,0,1,0,1,0,16,3,0,1,0,0,0,1,7,0,1,2,13,0,1,2,1,0,0,4,25,2,0,1,0,4,2,6,1,1,3,1,0,1,1,0,1,0,2
0,1,0,0,1,0,0,2,0,0,0,0,1,0,3,0,1,1,3,0,1,0,0,0,4,0,0,0,1,0,0,0,0,0,1,2,2,3,0,0,0,14,1,0,0,0,0,1,0,2,0,3,1,0,2,0,0,2,0,0,0,3,0,0,1,1,0,0,3,3,1,1,0,0,2,0,0,13,1,0,0,2,0,3,0,1,0,1,1,0,0,0,0,1,2,3,1,0,0,0,1,0,6,0,1,0,0,0,1,1,4,0,0,0,0,0,2,4,0,0,1,1,0,2,1,0,1,0,2,0,1,0,0,2,0,0,0,1,9,0,0,0,0,0,0,0,0,1,0,0,0,2,0,0,0,0,2,10,0,0,3,4,0,6,0,1,7,1,0,1,2,0,6,0,1,3,0,0,0,1,0,1,0,0,0,2,1,1,5,0,1,6,1,0,3,3,2,1,0,0,0,1,3,0,0,0,2,0,0,0,15,20,4,0,1,1,11,39,3,0,0,0,4,0,0,10,0,2,1,0,0,0,0,0,0,0,0,0,1,1,1,3,0,0,1,1,0,2,0,2,0,0,5,1,1,0
0,0,0,0,1,1,0,0,1,2,1,0,1,0,3,2,2,3,0,1,2,0,1,4,0,0,0,0,0,0,0,1,0,0,0,0,0,1,0,0,0,5,0,1,0,1,0,1,0,2,0,1,0,0,1,0,2,1,0,0,0,1,1,0,0,0,0,0,2,6,0,0,1,0,0,0,1,4,2,1,3,1,1,0,1,3,0,0,1,0,1,1,0,0,0,0,1,0,2,1,0,1,3,0,0,1,0,0,7,0,0,1,0,0,0,2,3,0,1,0,0,0,0,0,0,0,0,0,2,0,1,0,2,0,0,0,2,2,2,4,0,0,0,1,0,0,2,3,0,0,0,4,0,1,0,0,0,0,1,0,5,2,0,1,0,2,4,1,0,1,4,0,0,0,1,2,0,0,2,1,0,2,0,2,0,1,0,1,4,1,3,10,0,1,22,0,0,0,20,0,0,1,1,7,1,0,0,2,1,0,26,1,0,0,0,1,0,7,1,0,1,0,0,21,2,3,0,1,0,0,0,0,0,0,2,0,1,0,2,0,1,25,1,0,1,0,0,0,0,0,1,0,14,0,0,11
0,1,0,0,4,0,1,2,0,0,0,0,0,0,4,0,0,1,1,1,3,0,0,5,1,2,1,0,0,0,0,3,0,0,0,4,11,0,0,0,0,4,0,0,0,0,0,1,0,5,0,0,1,0,0,1,4,0,0,1,0,1,0,0,4,1,0,0,2,0,0,2,2,0,1,0,1,2,1,0,0,7,1,0,0,0,0,2,5,0,0,2,0,3,1,1,1,0,1,1,2,0,2,1,1,0,0,0,4,1,1,1,1,0,1,1,3,1,0,0,2,0,1,3,0,0,7,0,0,0,1,0,0,0,0,1,0,1,2,0,0,0,0,0,0,0,1,2,0,0,0,0,0,0,0,0,1,0,2,0,2,2,2,0,0,1,4,1,2,1,4,6,0,0,1,1,0,0,0,2,0,0,0,2,0,5,1,1,5,0,0,5,0,0,9,0,2,0,1,0,0,2,2,2,0,1,3,1,0,1,0,0,0,0,5,0,1,37,3,4,7,0,9,0,1,0,0,4,0,0,10,1,0,3,0,0,0,2,2,4,1,7,3,4,8,0,0,1,1,5,1,0,7,0,0,1
0,0,0,0,18,0,0,7,0,0,6,1,8,0,0,1,1,1,0,0,5,0,0,2,0,0,0,0,0,0,1,1,0,0,1,3,3,0,0,0,0,1,0,0,0,1,0,0,1,0,0,1,0,0,1,0,0,0,0,0,2,1,0,0,0,0,0,0,2,2,0,15,0,0,1,2,0,27,0,0,3,2,3,1,1,2,0,0,1,0,15,1,0,0,0,1,0,1,0,0,0,0,0,0,0,0,0,0,1,0,1,0,3,0,0,0,0,8,0,0,1,0,1,3,3,0,0,0,0,0,1,0,2,1,0,0,0,1,10,0,0,0,0,2,0,0,1,0,0,0,5,0,0,0,0,1,2,8,0,0,3,1,0,0,1,2,3,0,0,0,2,1,3,0,1,1,0,0,2,1,0,0,0,0,0,2,0,1,1,0,0,5,1,0,0,0,2,1,1,0,0,2,1,0,0,2,0,0,1,0,0,5,4,0,0,4,0,23,1,1,0,0,4,0,0,6,0,3,0,1,2,0,0,0,1,0,0,0,1,1,0,3,1,1,15,0,1,1,0,4,5,0,4,1,0,0
0,0,25,2,0,3,0,1,1,0,0,3,1,0,0,0,0,1,0,36,1,0,3,0,21,0,1,9,0,1,3,6,0,0,0,0,0,2,0,0,1,0,0,0,0,2,0,0,1,1,0,0,0,1,2,2,28,2,1,2,3,0,1,0,2,0,0,7,0,1,1,0,0,1,0,0,1,0,1,1,0,0,0,1,0,0,1,1,2,1,0,1,21,0,0,0,3,1,0,0,0,1,0,5,2,0,0,1,0,0,0,6,0,0,2,0,0,0,3,1,0,3,0,1,0,0,1,2,2,0,0,0,0,0,1,1,0,0,0,0,0,0,0,0,2,2,0,0,0,0,0,0,0,0,0,0,0,0,0,0,0,0,1,0,0,1,1,6,0,3,0,0,0,0,0,0,0,2,0,3,1,0,2,1,1,0,0,0,6,0,2,19,0,0,0,0,0,1,1,2,0,0,0,0,0,0,0,1,0,0,0,0,0,2,0,0,0,1,1,0,0,0,0,3,0,2,0,1,0,7,0,0,0,2,0,0,1,10,0,0,1,1,9,1,0,0,1,0,0,0,0,0,1,1,0,3
0,0,0,0,0,0,0,0,0,0,1,0,0,0,0,0,0,0,0,0,0,0,1,0,0,0,0,0,0,0,0,0,0,0,0,0,0,0,0,0,0,0,0,0,0,0,0,0,1,0,0,0,0,0,0,0,0,0,0,0,0,0,0,0,0,0,0,1,0,0,1,0,0,0,0,0,0,2,0,1,0,0,0,1,0,0,0,0,1,1,0,0,0,1,0,0,0,0,0,0,0,0,0,0,0,0,0,0,0,0,0,0,0,0,0,0,0,0,0,0,0,0,0,0,0,0,0,0,1,0,0,0,0,0,0,0,0,0,0,0,0,0,0,0,0,0,0,0,0,0,0,0,0,0,0,0,0,0,1,0,0,0,0,0,0,0,0,0,0,0,0,0,0,0,0,0,0,0,0,0,0,0,0,1,1,0,0,0,0,0,0,0,0,0,0,0,1,0,1,0,0,0,0,1,0,1,0,0,0,0,0,0,0,0,0,0,1,2,0,0,0,0,0,0,0,0,0,0,0,0,0,0,0,0,0,0,0,0,0,0,0,0,0,0,0,0,0,0,0,0,0,0,0,1,0,0
0,0,1,0,0,0,0,0,0,0,0,0,0,0,0,0,0,0,0,2,0,0,1,0,0,0,0,0,0,0,0,0,0,0,1,0,0,0,0,0,0,0,0,0,0,0,0,0,1,0,0,0,0,0,0,0,1,0,0,0,0,0,0,0,1,0,0,1,0,0,1,1,0,0,0,0,0,0,0,1,0,0,0,1,0,0,0,1,0,1,0,0,0,0,0,0,1,0,0,0,0,0,0,1,1,0,0,0,0,0,0,0,0,1,0,0,0,0,0,0,0,0,0,0,0,0,0,0,1,0,0,0,0,0,0,0,0,0,0,0,0,0,0,0,0,1,0,0,0,0,0,0,0,0,0,0,0,0,0,0,0,0,0,0,0,0,0,0,0,0,0,0,0,0,0,0,0,0,0,0,1,0,1,0,1,0,1,0,1,0,0,0,0,0,0,0,0,0,1,0,0,0,0,0,0,0,1,0,0,0,0,0,0,0,0,0,0,1,0,0,0,0,0,0,0,0,0,0,0,0,0,0,0,0,0,0,0,0,0,0,0,1,1,0,0,0,0,0,0,0,0,0,0,1,0,0
0,0,0,0,0,0,0,0,0,0,0,0,0,0,0,0,0,1,0,1,1,1,0,0,0,0,0,0,0,0,0,0,0,0,0,0,0,0,0,0,0,1,0,0,0,0,0,0,0,0,0,0,0,0,0,0,0,0,0,0,0,0,0,0,0,0,0,0,1,0,0,0,0,0,0,0,0,0,0,0,0,0,0,0,0,0,0,0,1,0,0,0,0,0,0,0,0,0,1,0,0,0,0,0,0,0,0,0,0,0,0,0,1,0,2,0,0,1,0,0,0,0,0,2,1,0,0,0,0,0,1,0,0,0,0,0,0,0,0,0,0,0,0,0,0,0,0,0,0,0,0,0,0,0,0,0,0,0,0,0,1,1,0,0,0,1,1,0,0,0,0,0,0,0,1,0,0,0,0,1,0,0,0,0,0,0,0,1,0,0,1,0,0,0,0,0,0,0,0,0,0,0,0,0,0,0,0,0,0,0,0,0,0,0,0,0,0,2,1,0,1,1,0,0,0,1,0,1,0,0,0,0,0,0,0,0,0,0,0,0,0,0,0,0,0,0,0,0,0,0,1,0,0,0,0,0
0,0,0,0,0,0,0,0,0,0,0,0,0,0,0,0,0,1,0,0,1,0,0,0,0,0,0,0,0,0,0,0,0,0,0,0,1,0,0,0,0,0,0,0,0,0,0,0,0,0,0,0,0,0,0,0,0,0,0,0,1,0,0,0,0,0,0,0,1,0,1,0,0,0,0,0,0,0,0,0,1,0,0,1,0,0,0,0,1,0,0,0,0,0,0,0,0,0,0,0,0,0,0,0,0,0,0,0,0,0,0,0,0,0,1,0,0,1,0,0,0,0,0,0,0,0,0,0,0,0,1,0,0,0,0,0,0,0,0,0,0,0,0,0,0,0,0,0,0,0,0,0,0,0,0,0,0,0,0,0,1,1,0,0,0,1,1,0,0,0,0,0,0,0,1,0,0,0,0,1,0,0,0,0,0,0,0,1,0,0,1,0,0,0,0,0,0,0,1,0,1,0,1,0,0,1,0,0,0,0,0,1,0,0,0,0,0,2,2,0,0,0,0,0,0,0,0,1,0,0,1,0,0,0,0,0,0,0,0,0,0,1,0,0,0,0,0,0,0,0,0,0,0,0,0,0
0,0,0,0,0,1,0,0,0,0,1,0,0,0,0,0,0,0,0,3,0,0,0,0,0,0,0,0,0,0,0,0,0,0,0,0,0,0,0,0,0,0,0,0,0,0,0,0,1,0,1,0,0,0,0,0,0,0,0,0,0,0,0,1,1,0,0,1,0,0,0,0,0,0,0,0,0,0,0,2,0,0,0,1,0,0,0,0,1,1,0,0,0,0,0,0,0,0,0,0,0,0,0,2,1,0,0,0,0,0,0,0,0,0,0,0,0,0,0,0,0,0,0,0,0,0,0,1,1,0,0,0,0,0,0,0,0,0,0,0,0,0,0,0,0,1,0,0,0,0,0,0,0,0,0,0,0,0,0,0,0,0,0,0,0,0,0,0,0,0,0,0,0,0,0,0,0,0,0,0,1,0,1,0,1,0,0,0,0,0,0,0,0,0,0,0,0,0,1,0,0,0,0,0,0,0,0,0,0,0,0,0,0,0,0,0,0,1,0,0,0,0,0,0,1,0,0,0,0,0,0,0,0,0,0,0,0,1,0,0,0,0,0,0,0,0,0,0,1,0,0,0,0,1,0,2
0,0,0,0,0,0,0,0,0,0,0,0,0,0,0,0,0,0,0,2,0,0,0,0,0,0,0,0,0,1,0,0,0,0,0,0,2,0,0,0,0,0,0,0,0,0,0,0,1,0,0,0,0,0,0,0,0,0,0,1,0,0,0,0,1,0,0,1,0,0,1,1,0,0,0,0,1,0,0,4,0,1,0,1,1,0,0,0,0,1,4,0,1,0,0,0,0,0,0,0,0,0,0,1,3,0,1,0,0,1,0,2,0,0,0,0,0,0,0,0,2,1,0,1,0,0,0,0,1,0,0,0,0,0,0,0,0,0,0,0,0,0,1,0,0,1,0,0,0,0,1,0,0,0,0,2,0,0,0,0,0,0,0,0,0,0,0,0,0,0,0,0,0,0,0,0,0,0,0,0,1,0,1,0,2,0,0,0,0,0,0,0,0,0,0,0,0,0,1,0,0,0,0,0,1,0,0,0,0,0,0,0,0,0,0,0,0,1,0,0,0,0,0,0,0,1,1,0,0,0,0,0,0,1,1,0,0,0,0,0,0,0,0,0,0,0,0,0,0,0,0,0,0,2,0,0
0,0,2,0,0,0,0,0,0,0,0,2,0,0,0,0,0,0,0,5,0,0,2,0,0,0,0,1,0,0,0,0,0,0,0,0,0,0,0,0,0,0,0,0,0,0,0,0,2,0,0,0,0,0,0,0,0,0,0,0,0,0,0,0,1,0,0,0,0,0,1,0,0,0,0,0,0,0,0,1,0,0,0,1,0,0,0,0,0,1,0,0,0,0,0,0,0,0,0,0,0,0,0,1,0,0,0,0,1,0,0,0,0,1,0,0,0,0,0,0,0,0,0,0,0,0,0,0,1,0,0,1,0,0,0,0,0,0,0,0,0,1,4,0,0,1,0,0,0,0,0,0,0,0,0,1,0,0,0,0,0,0,0,0,0,0,0,0,0,0,0,0,0,0,0,0,0,0,0,0,1,0,1,0,1,0,0,0,0,0,0,0,0,0,0,1,0,0,1,0,0,0,1,0,0,0,1,0,0,0,3,0,0,0,0,2,1,1,0,0,2,0,0,0,0,0,0,1,0,0,0,0,0,0,0,0,0,0,0,0,0,2,0,0,1,0,1,0,0,0,0,0,3,1,0,0
0,0,3,0,1,0,0,0,0,0,0,0,0,0,0,0,0,0,0,4,0,0,0,0,0,0,0,0,0,0,1,0,0,0,0,0,0,0,0,0,0,0,0,0,0,0,0,0,1,0,0,0,0,0,0,0,0,0,0,0,0,0,0,0,1,0,0,1,0,0,0,0,0,0,0,0,0,0,0,1,0,0,0,1,0,0,0,0,1,1,1,0,1,0,0,0,0,0,0,0,1,0,0,1,0,0,0,0,0,0,0,0,0,0,0,0,0,0,2,0,0,0,0,0,0,0,0,0,1,0,0,0,0,0,0,0,0,0,0,0,0,0,2,0,0,1,0,0,0,0,0,0,0,1,0,0,0,0,0,0,0,0,0,0,0,0,0,0,0,0,0,0,0,0,0,0,0,0,0,0,1,0,1,1,1,0,0,0,0,0,0,0,0,0,0,0,0,0,1,0,0,0,0,0,0,0,0,0,0,0,0,0,0,0,0,0,0,1,0,0,0,0,0,0,0,1,0,0,0,1,0,0,0,0,0,0,0,3,0,0,0,1,0,0,0,0,0,0,0,0,0,0,0,1,0,0
0,0,0,0,1,0,0,0,0,0,0,1,0,0,0,0,0,1,1,0,1,0,0,1,0,0,0,0,0,0,0,0,0,0,0,0,0,0,0,0,0,0,0,0,0,0,0,0,0,0,0,0,0,0,0,0,0,0,0,0,0,0,0,0,0,0,0,0,1,1,0,0,0,0,0,0,0,0,0,2,1,0,0,0,0,1,0,0,1,0,0,1,0,0,0,0,0,0,0,0,0,0,2,0,0,0,0,0,0,0,0,0,0,0,0,0,0,0,0,0,0,0,0,1,0,0,0,0,0,0,1,0,0,0,1,0,0,0,0,0,0,0,0,0,0,0,0,1,0,0,0,0,0,0,0,0,0,0,0,0,1,1,0,0,0,1,1,0,0,0,0,0,0,0,1,0,0,0,0,1,1,0,0,0,0,1,0,1,0,0,1,0,0,0,0,0,0,1,0,0,0,0,1,0,0,0,0,0,0,0,0,1,0,0,1,0,0,0,1,0,0,0,0,0,0,0,0,2,0,0,0,0,0,1,0,0,0,0,0,0,0,1,0,1,0,0,0,0,0,0,0,0,0,0,0,0
0,1,0,0,0,0,0,0,0,0,0,1,0,0,0,0,0,0,0,2,1,0,1,1,0,0,0,0,0,0,0,0,0,0,0,0,2,0,1,0,0,0,0,0,0,0,0,0,1,0,0,0,0,0,0,0,0,0,0,0,0,0,1,0,0,0,0,1,0,0,0,0,0,0,0,0,0,0,0,1,0,0,0,0,0,0,0,0,2,0,0,0,0,0,0,0,0,0,0,0,0,0,0,0,0,0,0,0,0,0,0,0,0,0,1,0,0,0,0,0,0,0,0,2,1,0,0,1,0,0,1,1,0,0,0,0,0,0,0,0,1,0,0,0,0,0,0,0,0,0,0,0,0,0,0,0,0,0,0,0,0,1,0,0,0,1,1,0,0,0,0,0,0,0,1,0,0,1,1,1,0,0,0,0,0,0,0,1,0,0,1,0,0,0,0,0,0,0,3,0,0,0,0,1,0,1,0,0,0,0,1,0,0,0,0,1,0,4,1,0,0,0,0,0,0,0,0,2,0,0,0,0,0,0,0,0,1,0,0,0,0,0,0,0,0,0,0,0,0,0,0,0,0,0,0,0
0,0,0,0,0,0,0,0,0,0,0,0,0,0,0,0,0,0,0,1,1,1,0,0,0,0,0,0,0,0,0,0,0,0,0,0,0,0,0,0,0,0,0,0,0,0,0,0,1,0,0,0,0,0,0,0,0,0,0,0,1,0,0,0,0,0,0,1,0,0,1,0,0,0,0,0,0,0,0,1,0,0,0,1,0,0,0,0,1,0,0,0,0,0,0,0,0,0,0,0,0,0,0,0,0,0,0,0,0,0,0,0,0,0,0,0,0,0,0,0,0,0,0,0,0,0,0,0,1,0,1,1,0,0,0,0,0,0,0,0,0,0,0,0,0,0,0,0,0,0,0,0,0,0,0,0,0,1,0,0,1,1,0,0,0,0,1,0,0,0,0,0,0,0,0,0,0,0,0,0,0,0,0,0,0,0,0,0,0,0,0,1,0,0,0,0,0,0,1,0,0,0,0,0,0,1,0,0,0,0,0,0,0,0,0,0,0,2,1,0,0,0,0,0,0,0,0,0,0,0,0,0,0,0,0,0,0,0,0,0,0,0,0,0,0,0,0,0,0,0,0,0,0,1,0,0
0,0,0,0,0,0,0,0,1,1,0,0,0,0,0,0,0,0,0,2,0,0,0,0,0,0,0,0,0,0,0,0,0,0,0,0,0,0,0,0,0,0,0,0,0,0,0,0,1,0,0,0,0,0,0,0,0,0,0,0,0,0,0,0,1,0,0,1,0,0,1,1,0,0,0,1,1,0,0,1,0,0,0,1,0,0,0,0,1,1,1,0,2,0,0,0,0,0,0,0,1,0,0,1,0,0,1,1,1,0,0,0,0,0,0,0,0,1,0,0,0,0,0,0,0,0,0,0,1,0,0,0,0,0,0,0,0,0,0,0,0,0,0,0,0,1,0,0,0,0,0,0,0,0,0,1,0,0,0,0,0,0,0,0,0,0,0,0,0,0,0,0,0,0,0,0,0,0,1,0,1,0,1,0,1,0,0,0,0,0,0,0,0,0,0,0,0,0,1,0,0,0,0,0,1,0,0,0,0,0,0,0,0,0,0,0,0,1,0,0,2,1,0,0,0,0,0,0,0,0,0,0,1,0,0,0,0,0,0,0,0,1,0,0,0,0,0,0,0,0,0,0,0,1,0,0
0,0,0,0,0,0,0,0,0,0,0,0,0,0,0,0,0,0,0,0,0,0,0,0,0,0,0,0,0,0,0,0,0,0,0,0,1,0,0,0,0,0,1,0,0,0,0,0,2,0,0,0,0,0,1,0,0,1,0,1,0,0,0,0,0,0,0,1,0,0,1,0,0,0,0,0,1,0,1,1,0,0,0,1,0,0,0,0,1,2,0,0,0,1,2,0,0,0,0,1,0,0,0,0,0,0,0,0,0,0,0,0,0,0,0,0,0,0,0,0,2,0,0,0,0,0,0,0,1,0,0,1,0,0,0,0,0,0,0,0,0,0,0,0,0,1,0,0,0,0,0,0,0,0,0,2,0,0,0,0,1,0,0,0,0,0,2,0,0,0,0,0,0,0,0,0,0,0,0,0,1,1,1,0,0,1,0,0,0,0,1,0,0,0,0,0,0,0,1,0,0,0,1,0,0,0,0,0,0,0,0,0,0,0,0,0,0,1,0,0,0,0,0,0,0,0,0,0,0,0,0,0,0,1,0,0,0,0,0,0,0,0,0,0,0,0,0,0,0,0,0,0,0,1,0,0
0,0,0,0,0,0,0,0,0,0,0,0,0,0,0,0,0,1,0,0,1,0,0,0,0,0,0,0,0,0,0,0,0,0,0,0,0,0,0,0,0,0,0,0,0,0,0,0,0,0,0,0,0,0,0,0,0,0,0,0,0,0,0,0,0,0,0,0,1,0,0,0,0,0,0,0,1,0,0,0,1,0,0,0,0,0,0,0,1,0,0,0,0,0,0,0,0,0,0,0,0,0,0,0,0,0,0,2,0,0,0,1,0,0,0,0,0,2,0,0,0,0,0,2,0,0,0,0,0,0,1,0,0,0,0,0,0,0,0,0,1,0,0,0,0,0,0,0,0,0,2,0,0,0,0,0,0,0,0,0,1,1,0,0,0,1,1,0,0,0,0,0,0,0,1,0,0,0,0,2,0,0,0,0,0,0,0,2,0,0,1,0,0,0,0,0,0,0,0,0,0,0,1,0,0,0,0,0,0,0,0,0,0,0,0,0,0,1,1,0,0,0,0,0,0,0,0,1,0,0,0,0,0,0,0,0,0,0,0,0,0,1,0,0,0,0,0,0,0,0,0,0,0,0,0,0
0,0,0,1,0,1,0,0,0,0,0,0,0,0,0,0,1,1,0,1,1,1,0,0,0,0,0,0,0,0,0,0,0,0,0,0,0,0,0,0,0,0,0,0,0,0,0,0,1,0,0,0,0,0,1,0,0,0,1,0,1,0,0,0,0,0,0,1,0,0,0,0,0,0,0,0,0,0,0,1,0,0,0,1,0,0,1,0,1,0,0,0,0,0,0,0,0,0,0,0,0,0,0,1,0,0,0,1,4,0,0,1,0,0,0,0,0,1,0,0,1,0,0,0,0,0,0,0,1,1,1,1,0,0,0,0,0,0,0,0,0,0,0,0,0,1,0,0,0,0,0,0,1,0,0,0,0,0,0,0,0,0,0,0,0,0,0,0,0,0,0,0,0,0,0,0,0,0,0,0,1,0,0,0,0,0,0,0,0,0,0,0,0,0,0,0,0,0,1,0,0,1,0,1,1,0,0,0,0,0,0,0,0,0,0,0,0,1,1,0,0,0,0,0,0,0,0,1,0,0,0,0,0,0,0,0,0,0,0,0,0,0,0,0,0,0,0,0,0,0,0,0,0,1,0,0
0,1,1,0,1,0,0,0,0,1,0,0,0,0,0,0,0,0,0,1,1,0,0,0,0,0,0,0,0,0,0,0,0,0,0,0,0,0,0,0,0,0,0,0,0,0,0,0,2,0,0,0,0,0,0,0,0,0,0,0,1,0,0,0,0,0,0,1,0,0,1,0,0,0,0,0,0,0,0,1,0,0,0,1,0,0,0,0,1,0,0,0,0,0,0,0,0,0,0,0,0,0,0,0,0,0,0,0,0,1,0,0,0,0,0,0,0,0,0,0,0,0,1,0,0,0,0,0,0,0,1,0,0,0,0,0,0,0,0,0,0,0,0,1,0,0,0,0,0,0,0,0,0,0,0,0,0,0,0,0,0,2,0,0,0,1,1,0,0,0,0,0,0,0,1,0,0,0,0,1,0,0,0,0,0,0,0,1,0,0,0,0,0,0,0,0,0,0,1,0,0,0,0,0,0,0,0,0,0,0,0,1,0,0,0,0,0,1,1,0,0,0,0,0,0,0,0,1,0,0,0,0,1,0,0,0,0,0,0,0,0,0,0,0,0,0,0,0,0,0,0,0,0,1,0,0
0,0,2,0,0,0,0,0,0,0,0,0,0,0,0,0,0,0,0,3,0,0,0,0,1,0,0,0,0,0,0,0,0,0,0,0,0,0,0,0,0,0,1,0,0,0,0,2,1,0,0,0,0,0,0,0,0,0,0,0,0,0,0,0,1,0,0,0,0,0,1,0,0,0,0,0,0,0,0,1,0,0,0,1,0,0,1,0,0,1,0,0,0,0,0,0,0,0,0,0,1,0,0,1,0,0,0,2,0,0,0,0,0,0,0,0,0,0,0,1,0,0,0,0,0,0,0,0,1,0,0,0,0,0,0,0,0,0,0,0,0,0,0,0,0,1,0,0,0,0,0,0,0,0,0,0,0,0,0,0,0,0,0,0,0,0,0,0,0,0,0,0,0,0,0,0,0,0,0,0,1,0,1,0,1,0,0,0,0,0,0,0,0,0,0,0,0,0,1,0,0,0,0,0,0,0,0,0,0,0,0,0,0,0,0,0,0,1,0,0,1,0,0,1,0,0,0,0,0,0,0,0,0,0,0,0,0,1,0,0,0,0,0,0,0,0,0,0,0,0,0,0,0,1,0,0
0,0,1,0,0,0,0,0,0,0,0,0,0,0,0,0,0,0,0,3,0,0,0,1,1,0,0,0,0,0,1,0,0,0,0,0,0,0,0,0,0,0,0,0,0,0,0,0,1,0,0,0,0,0,0,0,0,0,0,0,0,0,0,0,1,0,0,1,0,0,1,2,0,0,0,0,0,0,0,2,0,0,0,1,1,0,0,0,0,1,0,0,1,0,1,0,0,0,0,0,0,0,0,1,0,0,1,1,0,0,1,0,0,1,2,0,0,0,0,0,0,0,0,0,0,0,0,0,1,0,0,0,0,0,0,0,0,0,0,0,0,0,0,0,0,1,0,0,0,0,0,0,1,0,0,0,0,0,0,1,0,0,0,0,0,0,0,0,0,0,0,0,0,0,0,0,0,0,0,0,1,0,1,0,1,0,0,0,0,0,0,0,0,0,0,0,0,0,1,0,0,0,0,0,0,0,0,0,0,0,0,0,0,0,0,0,0,1,1,0,0,0,0,0,0,1,0,0,0,0,1,0,0,0,0,0,0,0,0,0,0,0,0,0,0,0,0,0,0,0,0,0,0,1,0,0
0,0,0,0,0,0,0,0,0,0,0,0,0,0,0,0,0,1,0,0,1,0,0,0,0,0,0,0,0,0,0,0,0,0,0,1,2,0,0,0,0,0,0,0,0,0,0,0,2,0,0,0,0,0,0,0,0,0,0,0,0,0,0,0,0,0,0,0,1,0,0,0,0,0,0,0,0,0,0,0,0,0,0,0,0,0,0,0,1,0,0,0,0,0,0,0,0,0,0,0,0,0,2,1,0,0,0,0,0,0,0,0,0,1,0,0,0,0,0,0,0,0,0,0,0,0,0,0,0,0,1,0,0,0,0,0,0,0,0,0,0,0,0,0,0,0,0,0,0,0,0,0,0,0,0,0,0,0,0,0,1,1,0,0,0,1,1,0,0,0,0,0,0,0,1,0,0,0,0,1,0,0,0,0,0,0,0,1,0,0,0,0,0,0,0,0,0,0,0,0,0,0,0,0,0,0,1,0,0,0,2,2,0,0,0,0,0,0,1,0,0,0,0,1,0,2,0,1,0,0,0,0,0,0,0,0,0,0,0,0,0,1,0,0,0,0,0,0,0,0,0,0,0,0,0,0
0,0,0,1,0,0,0,0,0,0,0,1,1,0,0,0,0,0,0,1,1,0,0,0,0,0,0,0,0,0,0,0,0,0,0,0,0,0,0,0,0,0,0,0,0,0,0,0,1,0,0,0,0,0,0,0,0,0,0,0,0,0,0,0,0,0,0,1,0,0,1,0,0,0,0,0,0,0,0,1,0,0,0,1,0,0,0,0,1,0,0,0,0,0,0,0,0,0,0,0,0,0,0,0,0,0,0,0,0,0,0,1,0,0,0,0,0,0,0,0,0,1,0,0,1,0,0,0,0,0,1,1,0,0,0,0,0,0,0,0,0,0,0,1,0,0,0,0,0,0,0,0,0,0,0,0,1,0,0,0,1,1,0,0,0,0,2,0,0,0,0,0,0,0,0,0,0,0,0,0,0,0,0,0,0,1,0,1,0,0,0,0,0,0,0,0,1,0,1,1,0,0,0,0,0,0,0,0,0,0,0,0,0,0,0,0,0,1,2,0,0,0,0,0,0,0,0,1,0,0,0,1,0,0,0,0,0,0,0,0,0,0,0,0,0,0,0,0,0,0,0,0,0,0,0,0
0,0,0,0,0,0,0,0,0,0,0,0,0,0,0,0,0,1,1,0,1,0,0,0,0,0,0,0,0,0,0,0,0,0,0,0,1,0,0,0,0,0,1,0,0,0,0,0,0,0,0,0,0,0,0,0,0,0,0,0,0,0,0,0,0,0,0,0,1,0,0,0,0,0,0,0,0,0,0,1,0,0,0,0,0,0,0,0,2,0,0,0,0,0,1,0,0,0,0,0,0,0,1,0,0,0,0,0,0,0,0,0,1,0,0,0,0,1,0,0,0,0,0,1,0,0,0,0,0,0,1,0,0,0,0,0,1,0,0,0,0,0,0,0,0,0,1,0,0,0,0,0,0,0,0,0,0,0,0,0,1,1,0,0,0,1,1,0,0,0,0,0,0,0,1,0,0,0,0,1,0,0,0,0,0,0,0,1,0,0,0,0,0,0,0,0,0,0,0,0,0,0,0,0,0,1,0,0,0,0,0,0,0,0,1,0,0,1,1,0,1,0,0,0,0,0,0,2,0,0,0,0,0,0,0,0,1,0,0,0,0,0,0,0,0,0,0,0,0,0,0,0,0,0,0,0
0,0,0,0,0,0,0,0,0,0,0,1,0,0,0,0,0,0,0,3,0,0,0,0,0,0,0,0,0,0,0,0,0,0,0,0,0,0,0,0,0,0,0,0,0,0,0,3,1,0,0,0,0,0,1,0,0,0,0,0,0,0,3,0,1,0,0,1,0,0,1,0,0,0,0,0,0,0,0,1,0,0,0,1,0,0,0,0,0,1,0,0,0,0,0,0,0,0,0,0,0,0,0,1,0,0,0,2,0,0,1,0,0,0,0,0,0,0,2,1,0,0,0,0,0,0,0,0,1,0,0,1,0,0,0,0,0,0,0,0,0,0,1,0,0,1,0,0,0,0,0,0,0,0,0,0,0,0,0,0,0,0,0,0,0,0,0,0,0,0,0,0,0,0,0,0,0,0,0,0,1,0,1,0,1,0,0,0,0,1,0,0,0,0,0,0,0,0,1,0,0,0,0,0,0,0,0,0,0,0,2,0,0,0,0,0,0,2,0,0,1,0,0,0,0,0,0,0,0,0,0,0,0,0,0,0,0,0,0,0,0,0,0,0,0,0,0,0,0,0,0,0,0,1,0,0
0,0,1,0,0,1,0,0,0,0,0,0,0,0,0,0,0,0,0,1,0,0,1,0,0,0,0,0,0,0,0,0,0,0,0,0,0,0,0,0,0,0,0,1,0,0,0,0,1,0,3,0,0,0,0,0,0,0,0,0,0,0,0,0,1,0,0,1,0,0,2,1,0,0,0,2,0,0,0,1,0,0,0,1,0,0,0,0,0,1,0,1,0,0,2,1,0,0,0,0,0,0,0,3,0,0,0,0,0,0,0,0,0,2,0,0,0,0,0,0,0,0,0,0,0,0,0,0,1,0,0,0,0,0,0,0,0,0,0,0,0,0,0,0,0,1,0,0,0,0,0,0,0,0,0,0,0,0,0,0,1,0,0,1,0,0,0,0,0,0,0,0,0,0,0,0,0,0,0,0,2,0,1,2,1,0,0,0,0,0,0,0,0,0,0,0,0,0,1,0,0,0,0,0,0,0,1,0,0,0,0,0,0,0,0,0,0,1,0,0,0,0,0,0,1,0,0,1,0,0,0,0,1,0,0,0,0,0,0,0,0,2,0,0,0,0,0,0,0,1,0,0,0,1,0,0
0,0,0,0,0,0,0,0,0,0,0,0,0,0,0,0,0,1,0,0,1,0,0,2,0,0,0,0,0,0,0,0,0,0,0,0,0,0,0,0,0,0,0,0,0,0,0,0,0,0,0,0,0,0,0,0,0,0,0,0,0,0,0,0,0,0,0,0,1,0,0,0,0,0,0,0,0,0,0,1,0,0,0,0,0,0,0,1,1,0,1,0,0,0,0,0,0,0,0,0,0,0,2,0,0,0,0,0,0,0,0,0,1,0,0,0,0,1,0,0,0,0,0,0,0,0,0,0,0,0,1,0,0,0,0,1,0,0,1,0,0,0,0,0,0,0,0,0,0,0,0,0,0,0,0,0,0,0,0,0,1,1,0,0,0,1,1,0,0,0,0,0,0,0,1,0,0,0,0,1,0,0,0,0,0,0,0,1,0,0,0,0,0,0,0,0,0,0,0,0,0,0,1,0,0,0,0,0,0,0,0,0,0,0,0,0,0,2,2,0,0,1,0,1,0,0,0,1,0,0,0,0,0,0,0,0,0,0,0,0,0,1,0,0,0,0,0,0,0,0,0,0,0,0,0,0
0,1,0,0,0,0,0,0,0,1,1,0,0,0,0,0,0,1,0,0,1,0,0,1,0,0,0,0,0,0,0,0,0,0,0,1,0,0,1,0,1,0,1,0,0,0,0,0,0,1,0,0,0,0,1,0,0,0,0,0,0,0,0,0,0,0,0,0,2,0,0,0,0,0,0,0,1,0,1,0,1,0,0,0,0,0,0,0,1,0,0,0,0,0,1,0,0,0,0,0,0,0,0,0,0,0,0,0,0,0,0,0,0,0,1,0,0,0,0,0,0,0,0,0,1,0,1,0,0,0,1,0,0,0,0,0,0,0,0,0,0,0,0,0,0,0,0,0,1,0,0,0,1,0,0,0,0,0,0,0,1,1,0,1,0,2,1,0,0,0,0,0,0,0,1,1,0,1,0,1,1,0,0,0,0,0,0,1,0,0,0,0,0,0,0,0,0,0,0,0,2,0,0,0,0,0,0,0,0,0,0,0,0,0,0,0,0,0,1,0,1,0,0,0,0,0,0,1,0,0,0,0,0,0,0,0,0,0,1,2,0,2,0,0,0,1,0,0,0,0,0,0,0,0,0,0
0,0,0,0,0,0,0,0,0,0,0,0,0,0,0,0,0,0,0,2,0,0,0,0,0,0,0,0,0,0,1,0,0,0,0,0,0,0,0,0,0,2,0,0,0,0,0,0,1,0,0,2,1,0,0,0,0,0,0,0,0,0,0,0,1,0,0,1,0,0,1,0,0,0,0,0,0,0,0,1,0,0,0,1,0,0,0,0,0,1,0,0,0,0,0,0,2,0,0,0,0,0,0,1,0,0,0,2,0,0,0,0,0,0,0,0,0,0,0,0,0,0,0,0,0,0,0,0,1,0,0,0,0,0,0,0,0,0,0,0,0,0,0,0,0,1,0,0,0,0,0,0,0,0,0,0,0,0,0,0,0,0,0,0,0,2,0,0,0,0,0,2,0,0,0,0,0,0,0,0,1,0,1,0,1,0,0,0,0,0,0,0,0,0,0,0,0,0,1,0,0,0,0,0,0,0,0,0,0,0,0,0,0,0,0,0,0,1,0,0,0,0,0,0,0,0,0,0,0,0,0,0,0,0,0,0,0,0,0,0,0,0,0,0,0,0,0,0,0,0,0,0,0,1,0,0
0,0,0,0,0,0,0,0,0,0,0,0,0,0,0,1,0,0,0,0,0,0,0,0,0,0,0,0,0,0,0,0,0,0,0,0,0,0,1,0,0,0,0,0,0,0,0,0,1,0,0,0,0,0,0,0,0,0,0,0,0,0,0,0,0,0,0,2,0,0,1,0,0,0,0,1,2,0,0,1,0,0,0,1,0,0,0,1,0,0,0,0,0,0,0,0,0,0,0,0,1,0,0,1,0,0,0,0,0,0,0,0,0,0,0,0,0,0,1,0,0,0,0,0,0,0,0,0,1,0,0,1,0,0,0,0,0,0,0,0,0,0,0,0,0,1,0,0,0,0,0,0,0,0,0,0,0,0,0,1,0,0,0,0,0,0,0,0,0,1,0,0,0,0,1,0,0,0,0,0,1,0,0,0,0,1,0,0,0,0,1,0,0,0,0,0,0,0,1,0,0,0,0,0,0,0,0,0,0,0,0,0,0,0,0,0,0,1,0,0,0,0,1,0,1,0,0,1,0,0,0,0,0,0,0,0,0,0,1,0,0,0,0,0,1,0,0,0,0,0,0,0,0,1,0,0
0,0,0,0,0,0,0,0,0,0,0,0,0,0,0,0,0,1,0,0,1,0,0,0,0,0,0,0,0,0,0,0,0,0,0,2,0,2,0,0,0,0,0,0,0,0,0,0,0,0,0,0,0,0,0,0,0,0,0,0,0,0,0,0,0,0,0,0,1,0,0,0,0,0,0,0,0,0,1,0,0,0,0,0,0,0,0,0,1,0,0,0,0,0,0,0,0,0,0,0,0,0,0,0,0,0,0,0,0,1,0,0,0,0,0,0,0,0,0,0,0,0,0,0,0,0,0,0,0,0,1,0,0,0,0,0,0,0,0,0,0,0,0,0,0,0,0,1,0,0,0,0,0,0,0,0,0,0,0,0,1,1,0,0,0,1,1,0,0,0,0,0,0,0,1,0,0,0,0,1,0,0,0,0,0,1,0,1,0,0,0,0,0,0,0,0,0,0,0,0,0,1,0,0,0,1,0,0,0,0,0,0,0,0,2,0,0,2,1,0,3,1,0,0,0,0,0,1,0,0,0,0,0,0,0,0,0,0,0,0,0,0,0,0,0,0,0,0,0,0,0,0,0,0,0,0
0,0,0,0,0,0,0,0,0,0,0,0,0,0,0,0,0,0,0,0,0,0,0,0,0,0,0,0,0,0,0,0,0,0,0,0,0,0,0,0,0,0,0,0,0,0,0,0,1,0,0,0,0,0,0,0,0,0,0,0,0,0,0,0,1,0,0,2,0,0,0,0,0,0,0,0,0,0,0,1,0,0,0,1,0,0,1,0,0,1,0,0,0,0,0,0,0,0,0,0,0,0,0,1,0,0,0,0,0,0,0,0,0,1,0,0,0,0,0,0,0,2,0,0,0,0,0,0,1,0,0,2,0,0,0,0,0,1,0,0,0,0,0,0,0,1,0,0,0,0,0,0,0,0,0,1,0,0,0,0,0,0,0,0,0,0,0,0,0,0,0,0,0,0,0,0,0,0,0,0,1,0,1,0,1,0,0,0,0,0,0,0,0,0,0,0,0,0,1,0,0,0,0,0,0,0,1,0,0,0,0,0,0,0,0,0,0,1,0,0,0,0,1,0,0,0,0,3,0,0,0,0,0,1,0,0,0,0,0,0,0,2,0,0,0,0,0,0,0,0,0,0,0,1,0,0
0,0,4,0,0,0,0,0,0,0,0,4,0,3,0,0,0,0,0,7,0,0,1,0,1,0,0,0,0,0,0,0,0,0,0,0,0,0,0,0,0,0,0,0,0,0,0,0,1,0,0,0,0,0,2,0,0,0,0,0,0,0,0,0,1,0,0,1,0,0,1,1,0,0,0,0,0,0,0,1,0,0,0,1,0,0,0,0,0,1,0,0,0,0,0,0,0,1,0,0,0,0,0,1,0,0,1,6,0,0,0,0,0,1,0,0,0,0,0,0,0,0,0,0,0,0,0,0,1,0,0,1,0,0,1,0,0,0,0,0,0,0,0,0,0,1,1,0,0,0,0,1,0,0,0,0,0,0,0,0,0,0,0,0,0,0,0,0,0,0,0,0,0,0,0,0,0,0,0,0,1,0,1,0,1,0,0,0,0,0,0,0,0,0,0,0,0,0,1,0,0,0,0,0,5,0,0,0,0,0,1,0,0,0,0,0,0,1,0,0,6,0,0,0,0,0,0,0,0,0,0,0,0,0,0,0,0,0,0,0,0,0,0,0,0,0,0,0,0,0,0,0,0,1,0,0
0,0,0,0,0,0,0,0,0,0,0,0,0,0,0,0,0,1,1,0,1,1,0,0,0,0,0,0,0,0,0,2,0,0,0,0,0,0,0,0,0,0,0,0,0,0,0,0,0,0,0,0,0,0,0,0,0,0,0,0,0,0,0,0,0,0,0,0,1,0,1,0,0,2,0,0,0,0,0,0,0,0,0,1,0,0,0,0,1,0,0,0,0,0,0,0,0,0,0,0,0,0,0,0,0,0,0,0,2,0,0,0,1,0,1,0,1,0,0,0,0,0,0,0,0,0,0,0,0,0,1,0,0,0,0,0,0,0,0,0,0,0,0,0,0,0,0,0,0,0,0,0,0,0,0,0,0,0,0,0,1,1,0,0,0,1,2,0,0,0,0,0,0,0,1,1,0,0,0,1,0,0,0,0,0,1,0,1,0,0,0,0,0,0,0,0,1,0,0,0,0,1,1,0,0,0,0,0,0,0,0,1,0,0,0,0,0,0,1,0,0,1,0,0,1,0,2,2,0,0,0,0,0,0,0,0,0,0,0,0,0,0,0,0,0,0,0,0,0,1,0,0,0,0,0,0
0,1,0,0,0,0,0,0,0,0,0,0,0,0,0,0,0,0,0,0,1,0,0,0,0,0,0,0,0,0,0,0,0,0,0,0,0,0,0,0,0,0,0,0,0,0,0,0,1,0,0,0,0,0,0,0,0,0,0,0,0,0,0,0,0,0,0,0,1,0,1,0,0,0,0,0,0,0,0,1,0,0,0,0,0,0,0,0,1,0,0,0,0,0,0,0,0,0,0,0,0,0,0,1,0,0,0,0,0,1,0,1,0,0,0,0,0,0,0,0,0,0,0,0,1,0,0,0,0,0,1,0,1,0,0,0,0,0,0,0,0,0,0,0,0,0,0,1,0,0,0,0,0,0,0,0,0,0,0,0,0,1,0,0,0,1,1,0,0,0,0,0,0,0,1,0,0,0,0,1,0,0,0,0,0,0,0,1,0,0,0,0,0,0,0,0,0,0,0,0,0,0,0,0,0,0,0,0,0,0,0,0,0,0,0,0,0,0,1,0,0,0,0,0,0,0,0,2,0,0,0,0,0,0,0,0,0,0,0,0,0,0,0,0,0,0,0,0,1,0,0,0,0,0,0,0
0,0,0,0,0,0,0,0,0,0,0,0,0,0,0,0,0,0,0,1,0,0,0,0,0,0,0,0,0,0,0,0,0,0,0,0,0,0,0,0,0,0,0,0,0,0,0,0,1,0,0,0,0,0,0,0,0,0,0,0,0,0,0,0,0,0,0,1,0,0,1,0,0,0,0,1,1,0,0,1,0,0,0,1,0,0,1,1,1,1,0,0,0,0,0,0,0,0,0,0,0,0,0,1,0,0,0,0,0,0,0,0,0,0,0,0,0,0,0,0,0,0,0,0,0,0,0,0,1,0,0,1,0,0,0,0,0,0,0,0,0,0,0,0,0,1,0,0,0,0,0,0,0,0,0,0,0,0,0,0,0,0,0,0,0,0,0,0,0,0,0,0,0,0,0,0,0,0,0,0,1,0,1,0,0,0,0,0,0,0,0,0,0,0,0,0,0,0,1,0,0,0,0,0,0,0,0,0,0,0,0,0,0,0,1,0,0,1,1,0,0,0,0,0,0,0,0,1,0,0,0,0,0,0,0,0,0,0,0,0,0,0,0,0,0,0,0,0,0,0,0,0,0,1,0,0
0,0,0,0,0,0,0,0,0,0,0,0,0,0,0,0,0,1,0,0,1,0,0,0,0,0,0,0,0,0,0,0,0,0,0,0,0,0,0,0,0,1,0,0,0,0,0,0,0,0,0,0,0,0,0,0,0,0,0,0,0,0,0,0,0,0,0,0,1,0,0,0,0,0,0,0,0,0,0,0,0,0,0,0,0,0,0,0,1,0,0,0,0,0,0,0,0,0,0,0,0,0,0,0,0,0,0,0,0,0,0,0,1,0,0,0,0,0,0,0,0,0,0,0,1,0,0,0,0,0,1,0,0,0,0,0,0,0,0,0,0,0,0,1,0,0,1,1,0,0,0,0,0,0,0,0,0,0,0,0,1,1,0,0,0,1,1,0,0,0,0,0,0,0,1,0,0,0,0,1,0,0,0,0,0,0,0,1,0,0,0,0,0,0,0,0,0,0,0,0,0,0,0,0,0,1,0,0,0,0,0,0,0,0,0,0,0,1,1,0,1,1,0,0,0,0,0,1,0,0,0,0,0,0,0,0,0,0,0,0,0,0,0,0,0,0,0,0,0,0,0,0,0,0,0,0
0,0,2,0,0,0,0,0,0,0,0,0,0,0,0,0,0,0,0,4,0,0,1,0,0,0,0,0,0,0,0,0,0,0,0,0,0,0,0,0,0,0,0,0,0,0,0,0,1,0,0,0,0,0,1,0,0,0,0,0,0,0,0,0,3,0,0,1,0,1,0,1,0,0,0,0,0,0,0,1,0,0,0,1,2,0,0,0,0,1,0,0,3,0,0,0,0,0,0,0,0,0,0,0,0,0,0,0,0,0,1,0,0,0,0,0,0,0,1,0,0,0,0,0,0,0,0,0,1,0,0,0,0,0,1,0,0,0,0,0,0,0,0,0,0,1,0,0,0,0,0,0,0,0,0,0,0,0,0,0,0,0,0,0,0,0,0,0,0,0,0,0,0,0,0,0,0,0,0,0,1,0,1,0,1,0,0,0,0,0,0,0,0,0,0,0,0,0,1,0,0,0,0,0,0,0,0,0,0,0,0,0,0,0,0,0,0,1,0,0,0,0,0,0,0,0,0,1,0,0,0,0,0,1,0,0,0,2,0,0,0,0,0,0,0,0,0,0,0,0,0,0,0,1,2,0
0,0,0,0,0,0,0,0,0,0,0,0,0,0,0,1,0,1,0,0,1,0,0,2,0,0,0,0,0,0,0,0,1,0,0,0,2,0,1,0,0,0,0,0,0,0,0,0,1,0,0,0,0,0,0,0,1,0,0,0,0,0,1,0,0,0,0,0,1,0,0,0,0,0,0,0,0,0,0,0,0,0,0,1,0,0,0,1,1,0,0,0,0,0,0,0,0,0,0,0,0,0,2,0,0,0,0,0,0,0,0,0,0,0,0,0,0,0,0,0,0,0,0,1,0,1,0,0,0,0,1,0,0,0,0,0,0,0,0,0,0,0,0,0,0,0,0,1,0,0,0,0,0,0,0,1,0,0,0,0,1,1,0,0,0,1,1,0,0,0,1,0,0,0,1,0,0,0,0,1,1,0,0,0,0,0,0,1,0,0,0,0,0,0,0,0,0,0,0,0,0,0,1,0,0,1,0,0,1,0,0,0,0,0,0,1,0,1,1,0,0,0,0,0,0,0,0,1,0,0,0,0,0,0,0,0,0,0,0,0,0,1,0,0,0,0,0,0,0,0,0,0,0,0,0,0
0,0,0,1,0,0,0,0,2,1,0,2,1,0,0,0,0,0,0,3,0,0,0,0,0,0,0,0,0,1,0,0,0,1,0,0,0,0,0,0,0,0,0,0,0,0,1,0,1,0,0,0,0,0,1,0,0,0,1,0,0,0,0,0,1,0,0,0,0,0,1,1,0,0,0,0,0,0,0,1,0,0,0,1,0,3,0,0,1,1,0,0,0,0,0,0,0,0,0,0,0,0,0,1,0,0,0,1,0,0,0,0,0,0,0,0,0,0,0,0,0,0,0,0,0,0,0,0,1,0,0,0,0,0,0,0,0,0,0,0,0,0,0,0,0,1,0,0,0,0,0,0,0,0,0,0,0,0,0,0,0,0,0,0,0,0,0,0,0,0,0,0,0,0,0,0,0,0,0,0,1,0,1,0,1,0,0,0,0,0,0,0,0,0,0,0,0,0,1,1,0,0,0,0,0,0,0,0,0,0,0,0,0,1,0,0,0,1,1,0,1,0,0,0,0,0,0,0,0,0,0,0,0,0,0,0,0,0,0,0,0,0,0,0,0,0,0,0,0,0,0,0,0,1,0,0
0,0,0,0,0,0,0,0,0,0,0,0,0,0,0,0,0,1,0,0,1,0,0,0,0,0,0,0,0,0,0,0,0,0,0,0,0,0,0,0,0,0,0,0,0,0,0,0,0,0,0,0,0,0,0,0,0,0,0,0,0,0,0,0,0,0,0,0,1,1,0,0,0,0,0,0,0,0,0,0,0,0,0,1,0,0,0,1,1,0,0,0,0,0,0,0,0,0,0,0,0,0,0,0,0,1,0,0,0,0,0,0,0,0,0,0,0,0,0,0,0,0,0,0,0,0,0,0,0,0,1,0,0,0,0,0,0,0,0,0,0,0,0,0,0,0,0,0,0,0,0,0,0,0,0,0,0,0,0,0,1,1,0,0,0,1,1,0,0,0,0,0,0,0,1,0,0,0,0,1,0,0,0,0,0,0,1,1,0,0,0,0,0,0,0,1,0,0,0,0,0,0,1,0,0,0,0,0,0,0,0,1,0,0,0,0,0,1,1,0,0,0,0,0,0,0,0,1,0,0,0,0,0,0,0,0,0,0,0,0,0,1,0,0,0,0,0,0,0,0,0,0,0,0,0,0
0,1,0,0,0,0,0,0,0,0,0,0,0,0,0,0,0,1,0,0,1,0,0,0,0,0,0,0,0,0,0,0,0,0,0,0,0,0,0,0,0,0,0,0,0,0,0,0,0,0,0,0,0,0,1,0,0,0,0,0,0,0,0,0,0,0,0,0,2,0,0,0,0,0,0,0,0,0,1,0,0,1,0,0,0,0,0,0,1,0,0,0,0,0,0,0,0,0,0,0,1,0,0,0,0,0,0,0,0,0,0,0,0,0,0,0,0,0,0,0,0,0,0,0,1,0,0,1,0,0,2,0,0,0,0,0,0,0,1,0,0,0,0,0,0,0,0,0,0,0,0,0,0,0,0,0,0,0,0,0,2,1,0,0,0,1,2,0,0,0,1,0,0,0,1,1,0,0,0,1,0,0,0,0,0,1,0,1,0,0,0,1,0,0,0,0,1,0,1,0,0,1,0,0,0,2,0,0,0,0,0,0,0,0,0,0,0,2,1,0,2,0,0,0,0,0,0,1,0,0,0,0,0,0,0,0,0,0,0,0,0,1,0,0,0,0,0,0,0,0,0,0,0,0,0,0
0,0,0,0,0,0,0,0,0,0,0,0,0,0,0,0,0,1,0,2,0,0,0,0,0,0,0,0,0,0,0,0,0,0,0,0,0,0,0,0,0,0,0,0,0,0,0,0,1,0,0,0,0,0,1,0,0,0,1,0,0,0,0,0,0,0,0,1,0,0,2,0,0,0,0,1,0,0,0,1,0,0,0,1,0,0,0,0,0,0,0,0,0,1,0,0,0,0,0,0,0,0,0,1,0,0,0,0,0,0,0,0,0,0,1,0,0,0,0,0,0,0,0,0,0,0,0,0,1,0,0,1,1,0,0,0,1,0,0,0,0,0,0,0,0,1,0,1,0,0,0,1,0,0,0,0,0,0,0,0,0,0,0,0,0,0,0,1,0,0,0,0,0,0,0,0,0,0,0,0,1,0,0,0,0,0,0,0,0,0,0,0,0,0,0,0,0,0,1,1,0,0,0,0,0,0,1,0,0,0,0,0,0,1,0,0,0,1,1,0,0,0,0,0,0,0,0,0,0,0,0,0,0,0,0,0,0,1,0,0,0,0,0,0,0,0,0,0,0,0,0,0,0,1,0,0
0,0,0,2,2,0,0,0,0,0,0,0,0,0,0,0,0,1,0,0,1,0,0,0,0,0,0,0,0,0,0,0,0,0,0,0,0,0,0,0,0,0,0,0,0,0,0,0,0,0,0,0,0,0,0,0,0,0,0,0,0,0,0,0,0,0,0,0,1,1,0,0,0,0,0,0,0,0,0,2,0,0,0,0,0,1,0,1,1,0,0,0,0,0,0,0,0,0,0,0,0,0,0,0,0,0,0,0,0,0,0,0,0,0,0,0,0,0,0,0,0,0,0,0,0,0,0,0,0,0,1,0,0,0,0,0,0,0,0,0,0,0,0,0,0,0,0,0,0,0,0,1,0,0,0,0,0,0,0,0,1,1,0,0,0,1,1,0,0,0,0,0,0,0,1,0,0,0,0,1,0,0,0,0,0,0,0,1,0,0,0,0,0,0,0,0,1,0,1,0,0,0,1,0,0,0,0,0,0,0,0,0,0,0,0,0,0,0,1,0,0,0,0,1,0,0,0,1,0,0,0,0,0,0,0,0,0,0,0,0,0,1,0,0,0,0,0,0,0,0,0,0,1,0,0,2
0,0,0,0,0,0,0,0,0,0,0,0,0,0,0,0,0,0,0,1,0,0,0,0,0,0,0,0,0,0,0,0,0,0,0,0,0,0,0,0,0,0,0,0,0,0,0,0,1,0,0,0,0,0,0,0,0,0,0,0,0,0,0,0,1,1,0,1,0,0,1,0,0,0,0,0,1,0,0,1,0,0,0,1,0,0,0,0,1,1,0,0,0,0,0,0,1,0,0,0,0,0,0,0,2,0,0,0,0,0,0,0,0,0,0,1,0,0,0,0,0,0,0,0,0,0,0,0,1,0,0,0,0,0,0,1,0,0,0,0,0,0,0,0,0,1,0,0,0,0,0,0,0,0,0,1,0,0,0,0,0,0,0,0,0,0,0,0,0,0,0,0,0,0,0,0,0,0,0,0,1,0,1,0,1,0,0,0,0,0,0,0,0,0,0,0,0,0,1,0,0,0,0,0,0,0,2,0,0,0,0,0,0,0,0,0,1,1,0,0,0,0,2,0,0,0,0,0,0,0,0,0,0,1,0,0,0,0,0,0,0,1,0,0,0,0,0,0,0,0,0,0,0,1,0,0
0,0,0,0,0,1,0,0,0,0,0,0,0,0,0,0,1,0,0,1,0,0,0,0,0,0,0,0,0,0,0,0,0,0,0,1,0,0,0,0,0,0,0,0,0,1,0,3,1,0,0,0,0,0,0,0,0,0,0,0,0,0,0,0,1,0,0,1,0,0,1,0,0,0,0,0,0,0,0,1,0,0,0,1,0,0,0,1,0,1,0,0,1,1,0,2,0,0,0,0,0,0,0,4,0,0,0,0,0,0,0,0,0,0,0,0,0,0,0,1,1,0,2,0,0,0,0,0,1,0,0,0,0,0,0,0,0,0,0,0,0,0,0,0,0,1,0,1,0,0,0,0,0,1,0,0,0,0,0,0,0,0,0,0,0,0,1,0,0,0,0,0,0,0,0,0,0,0,0,0,1,0,1,0,1,0,0,0,0,0,0,0,1,1,0,0,0,0,1,0,0,0,0,3,0,0,0,0,1,0,0,0,0,0,0,0,0,3,0,0,0,0,0,0,0,0,0,0,0,0,0,0,0,0,0,0,0,0,0,0,0,0,1,0,0,0,0,0,0,0,0,0,0,1,0,0
0,0,0,0,0,0,0,0,0,0,0,0,0,0,0,0,0,0,0,2,0,0,1,0,0,0,0,0,0,0,0,0,0,0,0,0,0,0,0,0,0,0,0,0,0,0,0,0,1,0,0,0,0,0,0,0,0,0,0,0,0,0,0,0,1,0,0,1,0,0,1,0,0,0,0,0,0,0,0,1,0,0,0,1,0,0,0,0,0,1,0,0,0,0,0,0,0,0,0,0,0,0,0,1,0,0,0,0,0,0,0,0,0,0,0,0,0,0,0,0,0,0,0,0,0,0,0,0,1,0,0,1,0,0,0,0,0,0,0,0,0,1,0,0,0,1,0,0,0,0,0,0,0,0,0,1,0,0,0,0,0,0,0,0,0,0,0,0,0,0,0,0,0,0,0,0,0,0,0,0,1,0,1,0,1,0,0,0,0,0,0,0,0,0,0,0,0,0,1,0,0,0,0,0,0,0,0,0,0,0,0,0,0,0,0,0,0,1,0,0,0,0,0,0,0,0,0,0,0,0,0,0,0,0,0,0,0,1,0,0,0,0,0,0,0,0,0,0,0,0,0,0,1,1,0,0
0,0,0,0,0,0,0,0,0,0,0,0,0,0,0,0,0,0,0,1,0,0,0,0,0,0,0,0,0,0,0,0,0,0,0,0,0,0,0,0,0,0,0,0,0,0,0,0,1,0,0,0,0,0,0,0,0,0,0,1,0,1,0,0,1,0,0,1,0,0,1,0,0,0,0,0,0,0,0,1,0,0,0,1,0,0,0,0,0,1,0,0,0,0,0,0,0,0,0,0,0,0,0,0,0,0,0,0,0,0,0,0,0,0,0,0,0,0,0,0,0,0,0,0,0,0,0,1,1,0,1,1,0,0,0,0,0,0,0,0,0,0,0,0,0,1,0,0,0,0,0,0,0,0,0,0,0,0,0,0,0,0,0,0,0,0,0,0,0,0,0,0,0,0,0,0,0,0,0,0,1,0,1,0,1,0,0,0,0,0,0,0,0,1,0,0,0,0,1,1,0,0,0,0,0,0,0,0,0,0,0,0,0,0,0,0,0,1,1,0,0,0,0,0,0,0,0,0,0,0,0,0,0,0,0,0,0,0,0,0,0,0,0,0,0,0,0,0,0,0,0,0,0,1,0,0
0,0,0,0,0,0,0,0,0,0,0,0,0,0,0,0,0,0,0,2,0,0,1,0,0,0,0,0,0,0,1,0,0,0,0,0,0,0,0,0,0,0,0,0,0,0,0,0,1,0,0,0,0,0,0,0,0,0,0,0,0,0,0,0,1,0,0,1,0,0,1,0,0,0,0,0,0,0,0,2,0,0,0,1,0,0,0,0,0,1,1,0,0,0,0,0,0,0,0,0,0,0,0,1,0,0,0,1,0,0,0,0,0,0,0,0,0,0,0,0,0,0,0,0,0,0,0,0,1,0,0,0,0,0,0,0,0,0,0,0,0,0,0,0,0,1,0,0,0,0,0,0,0,0,0,0,0,0,0,0,0,0,0,0,0,0,0,0,0,0,0,1,0,0,0,0,0,0,0,0,1,0,1,0,1,0,0,0,0,0,0,0,0,0,0,0,0,0,1,0,0,0,0,0,0,0,0,0,0,0,0,0,0,0,0,0,0,1,0,0,0,0,0,0,0,0,0,0,0,0,0,0,0,0,0,0,0,0,0,0,0,0,0,0,0,0,0,0,0,0,0,0,0,1,0,0
0,0,1,0,0,0,0,0,0,0,0,0,0,0,0,0,1,0,0,1,0,0,0,0,0,0,0,0,0,0,0,0,0,0,0,0,0,0,0,0,0,0,0,1,0,0,0,0,1,0,0,1,0,0,1,0,0,0,0,0,0,0,0,0,1,0,0,1,1,0,1,0,0,0,0,0,0,0,0,1,0,0,0,1,1,0,1,0,0,1,0,0,0,0,0,0,0,0,0,0,0,0,0,1,0,0,0,2,0,0,0,0,0,0,0,0,0,0,0,0,0,0,0,0,0,0,0,0,1,0,0,0,0,0,0,0,0,0,0,0,0,0,0,0,0,1,1,0,0,0,0,0,0,0,0,0,0,0,0,0,0,0,0,0,0,0,0,0,0,0,0,0,0,0,0,0,0,0,0,0,1,0,1,0,1,0,0,0,0,0,0,0,0,0,0,0,0,0,2,0,0,0,0,0,0,0,0,0,0,0,0,0,0,0,0,0,0,1,0,0,0,0,0,1,0,0,0,0,0,0,0,0,0,0,0,0,0,1,0,0,0,0,0,0,0,0,0,0,0,1,0,0,0,1,0,0
0,0,1,0,0,0,0,0,0,0,0,1,0,0,0,0,1,0,0,3,0,0,1,0,2,0,0,0,0,0,0,0,0,0,0,0,0,0,0,0,0,0,0,0,0,0,0,0,1,0,0,0,0,0,0,0,3,0,0,0,0,0,1,0,1,0,0,1,0,0,1,0,0,0,0,0,0,0,0,1,0,0,0,1,0,0,0,0,0,1,0,0,0,0,0,0,0,0,0,0,0,0,0,0,0,0,0,0,1,0,1,0,0,0,3,0,0,0,1,0,1,0,0,0,0,0,0,0,1,0,0,0,0,0,0,0,0,0,0,0,0,0,0,0,0,1,0,0,0,0,0,0,0,0,0,0,0,0,0,0,0,0,0,0,0,0,0,0,0,0,0,0,0,0,0,0,0,0,0,0,1,0,1,0,1,0,0,0,0,0,0,0,0,0,0,0,0,0,1,0,0,0,0,0,0,0,0,0,0,0,0,0,0,0,0,0,0,1,0,0,0,0,0,0,0,1,0,0,0,0,0,0,0,0,0,0,0,3,0,0,0,0,0,0,0,0,0,0,0,1,0,0,0,1,0,0
0,0,2,0,0,0,0,0,0,0,0,0,0,0,0,0,0,0,0,2,0,0,1,0,0,0,0,0,0,0,0,0,0,0,1,0,1,0,0,0,0,0,0,0,0,0,0,0,1,0,0,0,0,0,2,0,0,0,0,0,0,0,0,0,1,0,0,1,0,0,0,1,0,0,0,0,0,0,0,1,0,0,0,1,0,0,0,0,1,1,0,0,1,0,0,0,0,0,0,0,0,0,0,0,0,0,0,0,0,0,0,0,0,0,0,0,0,0,0,0,0,0,0,0,0,0,0,0,1,0,0,0,0,0,0,0,0,0,0,0,0,0,0,0,0,1,0,0,0,0,0,0,0,0,0,0,0,0,0,0,0,0,0,0,0,0,0,0,0,0,0,0,0,0,0,0,0,0,0,0,1,0,1,0,1,0,1,0,0,1,0,0,0,0,0,0,0,0,1,0,0,0,0,0,0,0,0,0,0,0,1,0,0,0,0,0,0,1,0,0,0,0,0,0,0,0,0,1,0,0,0,0,0,0,0,0,0,1,0,0,0,0,0,0,0,0,0,0,0,1,0,0,0,1,0,0
0,0,0,0,0,0,0,0,0,1,0,0,0,0,0,0,0,0,0,2,0,0,0,0,0,0,0,0,0,0,0,0,0,0,0,0,0,0,0,0,0,0,0,0,0,0,0,0,1,0,0,1,0,0,0,0,1,0,0,0,0,0,0,0,1,0,0,1,0,0,0,0,0,0,0,0,0,0,0,1,0,0,0,1,0,0,0,0,0,1,0,0,0,0,0,0,1,0,0,0,0,0,0,1,0,0,0,0,0,0,0,2,0,0,0,0,0,0,0,0,1,0,0,0,0,0,0,0,1,0,0,0,0,0,0,0,0,0,0,0,0,0,0,0,0,1,0,0,0,0,0,0,0,0,0,0,0,0,0,0,0,0,0,0,0,0,0,0,0,1,0,0,0,0,0,0,0,0,0,0,1,0,1,0,1,0,0,0,0,1,0,0,0,1,0,0,0,0,1,0,0,0,0,0,0,0,0,0,0,0,0,0,0,0,0,0,1,1,0,0,1,0,0,0,0,0,0,1,0,0,0,0,0,0,0,0,0,0,0,0,0,1,1,0,0,0,0,0,0,0,0,0,0,1,0,0
0,0,2,0,0,0,0,0,0,0,0,0,0,0,0,0,0,0,0,2,0,0,1,0,0,0,0,0,0,0,1,0,0,0,0,0,0,0,0,0,0,0,0,0,0,0,0,0,1,0,0,0,0,0,0,0,0,0,0,0,0,0,0,0,1,1,0,1,0,0,1,0,0,0,0,0,0,0,0,1,0,0,0,1,0,0,0,0,0,1,0,0,1,0,0,0,0,0,0,0,2,0,0,0,0,0,0,0,0,0,0,0,0,1,0,0,0,0,0,0,0,0,0,0,0,0,0,0,1,0,0,1,0,0,0,0,0,0,0,0,0,0,0,0,0,1,0,0,0,0,0,0,0,0,0,0,0,0,0,0,0,0,0,0,0,0,0,0,0,0,0,0,0,0,0,0,0,0,0,0,1,0,1,0,1,0,0,0,0,0,0,0,0,0,0,0,0,0,1,0,0,0,0,0,0,0,0,0,0,0,0,0,0,0,0,0,0,1,0,0,0,0,0,0,0,0,0,0,0,2,0,0,0,0,0,0,0,2,0,0,0,0,0,0,0,0,0,0,0,1,0,0,0,1,0,0
0,0,3,0,0,0,0,0,0,0,0,0,0,0,0,0,2,0,0,3,0,0,0,0,1,0,0,0,0,0,2,0,0,0,0,0,0,0,0,0,0,0,0,0,0,0,0,0,1,0,0,0,0,0,0,0,1,0,0,0,0,0,0,0,1,1,0,1,0,0,0,0,0,0,0,0,0,0,0,1,0,0,0,1,0,0,1,0,0,1,0,0,0,0,0,0,0,0,0,0,0,0,0,1,0,0,0,0,0,0,1,0,0,0,0,0,0,0,0,0,2,0,0,0,0,0,0,0,1,0,0,0,0,0,0,0,0,0,0,0,0,0,0,0,0,1,0,0,0,0,0,0,0,0,0,0,0,0,0,0,0,0,0,0,0,0,0,0,0,0,0,0,0,0,0,0,0,0,0,0,2,0,1,0,1,0,0,0,0,0,0,1,0,0,0,0,0,0,1,0,0,0,0,0,0,0,0,0,0,0,0,0,0,0,0,0,0,1,0,0,0,0,0,0,0,1,0,1,0,0,0,0,0,0,0,0,0,3,0,0,0,0,0,0,0,0,0,0,1,0,0,0,0,1,0,0
0,0,0,0,1,0,0,0,0,0,0,0,0,0,0,0,0,1,2,0,1,0,0,0,2,0,0,0,0,0,0,0,0,0,0,0,0,0,0,0,0,0,0,0,0,0,0,0,0,0,0,0,0,0,0,0,0,0,0,0,0,0,0,0,0,0,0,0,1,0,0,0,0,0,0,0,0,0,0,1,0,0,0,0,0,0,0,0,1,0,0,0,0,1,0,0,0,0,0,2,0,0,0,0,0,0,1,1,0,0,0,0,0,0,0,0,0,0,1,0,0,0,0,0,0,0,0,0,0,0,1,0,0,0,0,0,0,0,0,0,0,0,0,0,0,0,0,0,0,0,0,0,0,0,0,0,0,0,0,0,1,1,0,0,0,1,1,0,0,0,0,0,0,0,1,0,0,1,0,1,0,0,0,0,0,0,0,1,0,0,0,0,0,0,0,1,0,0,0,0,0,0,0,0,0,0,0,0,0,0,0,0,1,0,0,0,0,1,1,0,1,1,0,0,0,0,0,1,0,0,0,0,0,0,0,0,0,0,0,0,0,0,0,0,0,0,0,0,0,0,0,0,0,0,0,0
0,0,1,0,0,0,0,0,0,0,0,0,0,0,0,0,0,1,0,3,0,0,1,0,0,0,0,0,0,0,0,0,0,0,0,1,0,0,0,0,0,0,0,0,0,0,0,0,1,0,0,0,0,0,0,0,0,0,0,0,0,0,0,0,1,0,0,1,0,0,0,0,0,0,0,0,0,0,0,1,0,0,0,1,0,0,0,0,1,1,0,0,1,0,0,0,1,0,0,0,0,0,0,0,0,0,0,0,0,0,1,0,0,0,0,0,0,0,0,0,0,0,0,0,0,0,0,0,1,0,0,0,0,0,0,0,0,0,0,0,0,0,0,0,0,1,0,0,0,0,0,0,0,0,0,0,0,0,0,0,0,0,0,0,0,0,0,0,0,0,0,0,0,0,0,0,0,0,0,0,1,0,1,0,1,0,0,0,0,0,0,0,0,0,0,0,0,0,1,1,0,0,0,0,0,0,0,0,0,0,0,0,0,0,0,0,0,1,1,0,0,0,0,0,0,0,0,0,0,1,0,1,0,0,0,0,0,0,0,0,0,0,0,0,0,0,1,0,0,2,0,0,0,1,0,0
0,1,0,0,0,1,0,0,0,0,0,0,0,0,0,0,0,1,0,0,1,0,0,1,0,0,0,0,0,0,0,0,0,0,0,0,0,0,0,0,0,1,0,0,0,0,0,0,0,0,0,0,1,0,0,0,0,0,0,0,0,0,0,0,0,0,0,0,1,0,0,0,0,0,0,1,0,0,1,0,0,0,0,0,0,0,0,0,1,0,0,3,0,0,0,0,0,0,0,0,0,0,0,0,0,0,0,0,0,0,0,0,0,0,0,0,0,0,0,0,0,1,0,2,0,0,0,2,0,0,1,0,0,0,0,0,0,0,0,0,0,0,0,0,0,0,0,0,0,0,0,0,0,0,0,0,0,0,0,0,1,1,0,0,0,1,1,0,0,0,1,0,0,0,1,0,0,0,0,1,0,0,0,0,0,0,0,1,0,0,0,1,1,0,0,0,0,0,0,0,1,0,1,0,0,0,0,0,0,0,0,1,1,0,0,0,0,0,1,0,0,0,0,0,0,0,0,1,0,0,0,0,0,0,0,1,0,0,1,0,0,1,0,1,0,0,0,0,0,0,0,0,0,0,0,0
0,1,0,0,0,0,0,2,0,0,0,0,0,0,0,0,0,0,0,1,1,0,0,0,0,0,0,0,0,0,0,0,0,0,3,0,2,0,0,0,0,0,0,0,0,1,0,0,1,0,0,0,0,0,0,0,0,0,0,0,1,0,0,0,0,0,0,0,0,0,1,0,0,0,0,0,0,0,0,1,0,0,0,1,0,0,1,1,1,0,1,0,0,0,0,0,0,0,1,0,0,0,0,0,0,0,0,0,0,0,0,0,0,0,0,3,0,0,0,0,1,0,0,0,0,1,0,0,0,0,1,0,0,0,0,0,0,0,0,0,0,0,0,0,0,0,0,0,0,0,0,0,0,0,0,0,0,1,0,0,0,1,0,0,0,0,2,0,0,0,0,0,0,0,0,0,0,0,0,1,0,0,0,1,0,0,0,1,0,0,0,0,0,0,0,0,0,0,1,0,0,0,0,0,0,0,0,0,0,0,0,0,0,0,0,0,0,4,1,0,0,0,0,0,0,1,0,1,0,0,0,0,1,0,0,0,0,1,0,0,0,1,0,1,1,0,0,0,0,1,0,0,0,0,0,0
0,2,0,0,0,0,0,0,0,0,0,0,0,0,0,0,0,1,0,0,1,0,0,1,0,0,0,0,0,0,0,0,0,0,0,0,0,0,0,0,0,0,0,0,0,0,0,0,0,0,0,0,0,0,0,0,0,0,0,0,0,0,0,0,1,0,0,0,1,0,0,0,0,0,0,0,0,0,1,0,0,1,0,0,0,0,0,0,1,0,0,0,0,0,0,0,0,0,0,0,0,0,0,0,0,0,0,0,0,0,0,0,0,0,0,0,0,0,0,0,0,0,0,0,0,0,0,0,0,0,1,0,0,0,0,0,1,0,0,0,0,0,0,0,0,0,0,0,0,0,0,0,0,0,0,0,0,0,0,0,1,1,0,0,0,1,1,2,0,0,0,0,0,0,1,0,0,0,0,1,0,0,0,0,0,0,0,1,0,2,0,0,0,0,0,0,0,0,1,1,0,0,1,0,0,0,0,0,0,0,0,0,0,0,0,0,0,0,1,0,1,0,0,0,0,0,0,1,0,0,0,1,0,0,0,0,0,0,0,0,0,1,0,0,0,0,0,0,0,1,0,0,0,0,0,0
0,0,0,0,1,0,0,2,0,0,0,0,0,0,0,0,0,1,0,0,1,0,0,1,0,0,0,0,0,0,0,0,0,0,0,4,1,0,1,0,0,0,0,0,0,0,0,0,0,0,0,0,0,0,1,1,0,0,0,0,0,0,0,0,0,0,0,0,2,0,0,0,0,0,0,0,0,1,0,0,1,0,0,0,0,0,0,0,1,0,0,0,0,0,0,0,0,1,0,0,0,0,4,0,0,0,0,0,0,0,0,0,1,0,0,0,0,0,0,0,0,0,0,3,0,1,0,0,0,0,1,0,0,0,0,1,0,0,2,0,0,0,0,0,0,0,0,0,0,0,0,0,0,0,0,0,0,0,0,0,1,1,0,0,1,1,2,0,0,1,1,0,0,0,1,1,1,0,0,1,0,0,0,0,0,0,0,1,0,0,0,0,0,0,0,0,1,0,0,0,0,1,1,0,0,0,0,0,0,0,0,1,0,0,0,1,1,0,1,0,0,0,0,1,0,0,0,1,0,0,0,0,0,0,0,0,0,0,0,0,0,1,0,0,0,0,0,0,0,0,0,0,0,0,0,0
0,0,0,0,0,0,0,0,0,0,0,0,0,0,0,0,0,0,0,1,0,0,0,0,0,0,0,0,0,0,1,0,0,0,0,0,0,0,0,0,0,1,0,0,0,0,0,0,1,0,0,1,0,0,0,1,0,0,0,0,0,0,0,0,1,0,0,1,0,0,1,0,0,0,0,0,0,0,0,1,0,0,0,1,0,0,0,0,0,1,0,0,0,0,0,0,1,0,0,0,0,0,0,0,0,0,0,1,0,0,0,0,0,0,0,0,0,0,0,0,0,0,0,0,0,0,0,0,1,0,0,0,0,0,0,0,0,0,0,0,0,0,0,0,0,1,0,0,0,0,0,0,0,0,0,0,0,0,0,0,0,0,0,0,0,1,0,0,0,0,0,1,0,0,0,0,0,0,0,0,1,0,1,0,1,0,0,0,0,0,0,0,0,0,0,0,0,0,1,0,0,0,0,0,0,0,0,0,0,0,0,0,0,0,0,0,0,1,0,0,0,0,0,0,0,0,0,0,0,0,0,0,0,0,0,0,0,0,0,0,0,0,0,0,0,0,0,0,0,0,0,0,0,1,0,0
0,0,3,0,0,0,0,0,0,0,0,3,0,0,0,0,0,0,0,5,0,0,0,1,0,1,0,0,0,0,0,0,0,0,0,0,0,0,0,0,0,0,0,0,0,0,0,2,1,0,0,0,0,0,0,0,0,0,0,0,1,0,0,0,1,0,0,1,0,0,1,0,0,0,0,0,0,0,0,1,0,0,0,1,0,0,1,1,0,1,0,0,0,0,0,0,0,0,0,0,0,0,1,1,0,0,0,0,0,0,0,0,0,0,0,0,0,0,0,1,0,0,0,0,0,0,0,0,1,0,0,2,0,0,0,0,0,0,0,0,0,0,0,1,0,2,0,0,1,0,0,0,0,0,0,0,0,0,0,0,0,0,0,0,0,0,0,0,0,0,0,0,0,0,0,0,0,0,1,0,1,0,2,0,1,0,0,0,0,0,0,1,0,0,0,0,0,0,1,0,0,0,0,0,0,0,0,0,0,0,0,0,0,0,0,2,0,1,0,0,1,0,0,0,0,0,0,0,0,0,0,0,0,0,0,0,0,1,0,0,0,0,0,0,0,0,0,0,0,0,0,0,0,1,0,0
0,0,1,0,0,0,0,0,0,0,0,1,0,0,0,0,0,0,0,2,0,0,0,0,0,0,0,0,0,0,0,0,0,0,0,0,0,0,0,0,0,0,0,0,0,0,0,0,1,0,0,0,0,0,0,0,0,0,0,0,0,0,0,0,1,0,0,1,0,0,1,0,0,0,0,0,0,0,0,1,0,0,0,1,0,0,0,0,1,1,0,0,0,0,0,0,0,0,0,0,0,0,0,0,0,0,0,0,0,0,1,0,0,0,0,0,0,0,0,0,1,0,0,0,0,0,0,0,1,0,0,2,0,0,0,0,0,0,0,0,0,0,2,0,0,1,0,0,0,0,0,0,0,0,0,1,0,0,0,0,0,1,0,0,0,0,0,0,0,0,0,0,0,0,0,0,0,0,0,0,1,0,1,0,1,0,0,0,0,0,0,0,0,0,0,0,0,0,1,0,0,0,0,0,0,0,0,0,0,0,0,0,0,0,0,0,0,1,0,0,0,0,0,0,0,0,0,1,0,0,0,0,0,0,0,0,0,2,0,0,0,0,0,0,0,0,0,0,0,0,0,0,0,2,0,0
0,0,1,0,0,0,0,0,0,0,0,0,0,0,0,0,0,0,0,2,0,0,1,0,0,0,0,0,0,0,0,0,0,0,0,0,0,0,0,0,0,0,0,0,0,0,0,0,1,0,0,0,0,0,0,0,0,0,0,0,0,0,0,0,1,0,0,2,0,0,0,1,0,0,0,0,0,0,0,1,0,0,0,1,0,0,0,0,1,1,0,0,0,0,0,0,0,0,0,0,0,0,0,0,0,0,0,0,0,0,0,0,0,0,0,0,0,0,0,0,0,0,0,0,0,0,0,0,1,0,0,1,0,0,0,0,0,0,0,0,0,0,0,0,0,1,0,0,0,1,0,0,0,0,0,0,0,0,0,0,0,0,0,0,0,0,0,0,0,0,0,0,0,0,0,0,0,0,0,0,1,0,1,0,1,0,0,0,0,0,0,0,0,0,0,0,0,0,1,0,0,0,0,0,0,0,0,0,0,0,0,0,0,0,0,0,0,1,0,0,0,0,0,0,0,0,0,0,0,0,0,0,0,0,0,0,0,1,0,0,0,0,0,0,0,0,0,0,0,0,0,0,0,1,0,0
0,0,0,0,0,0,0,1,0,0,0,0,0,0,0,0,0,2,0,1,1,0,0,1,0,0,0,0,0,0,0,0,0,0,0,0,0,0,0,0,0,0,0,0,0,0,0,0,0,0,0,0,0,0,0,0,0,0,1,0,3,0,1,0,0,0,0,0,1,0,0,0,0,0,0,0,0,0,1,0,0,1,0,0,0,0,0,0,1,0,0,0,0,0,0,0,0,0,0,0,0,0,0,0,0,0,0,0,0,0,0,0,0,0,2,1,0,0,0,0,0,0,1,2,1,0,0,0,0,0,1,0,0,0,0,0,0,0,0,0,0,0,0,0,0,0,0,0,0,0,0,0,0,0,0,0,0,0,0,0,1,1,0,0,0,1,1,0,0,0,0,0,0,0,1,0,0,0,0,1,0,0,0,0,0,0,0,1,0,0,0,0,0,0,0,0,0,0,0,0,0,0,0,0,0,2,0,0,1,0,0,0,0,0,0,0,0,3,1,0,0,0,0,1,0,0,0,1,0,0,0,0,0,0,0,0,0,0,0,0,0,1,0,0,0,0,0,0,0,0,0,0,0,0,0,0
0,1,0,1,1,0,0,0,0,2,0,0,0,0,0,0,0,1,0,0,1,0,0,1,0,0,0,0,0,0,0,0,0,0,0,0,0,0,1,0,0,0,0,0,0,0,0,0,0,0,0,0,0,0,0,0,0,0,0,0,0,0,0,0,0,0,0,0,1,0,0,0,0,0,0,0,0,0,0,0,0,0,0,0,0,0,0,0,1,0,0,0,0,0,0,0,0,0,0,0,0,0,1,0,0,0,0,0,0,0,0,0,0,0,1,0,0,0,0,0,0,0,0,0,2,0,0,0,0,0,1,0,0,0,0,0,0,0,0,0,0,0,0,1,0,0,0,0,0,0,0,0,0,0,0,0,1,0,0,0,1,1,0,0,0,1,1,0,0,0,0,0,0,0,1,0,0,0,0,1,0,0,0,0,0,0,0,1,0,0,0,0,0,0,0,0,0,0,0,0,0,1,1,0,0,2,0,0,0,0,0,0,0,0,0,0,0,3,1,0,3,0,0,0,0,0,0,1,0,0,0,0,0,0,0,0,0,0,0,1,0,1,0,0,0,0,0,0,0,1,0,0,0,0,0,0
0,0,1,0,0,0,0,0,0,0,0,0,0,0,0,0,0,0,0,2,0,0,0,0,0,0,0,0,0,0,0,0,1,0,0,0,0,0,0,0,1,0,0,0,0,0,0,0,1,0,0,2,0,0,1,0,0,0,0,1,0,0,0,0,1,0,0,1,0,0,1,0,0,0,0,0,0,0,0,1,0,0,0,1,0,0,0,0,0,1,0,0,0,0,0,0,0,0,0,0,0,0,0,0,0,0,0,0,0,0,0,0,0,0,0,0,0,0,0,0,0,0,0,0,0,0,0,0,1,0,0,1,0,0,0,0,0,0,0,0,0,0,1,0,0,1,0,0,0,0,0,0,0,0,0,0,0,0,0,0,1,1,0,0,0,0,1,0,0,0,0,1,0,0,0,0,0,0,0,0,1,0,1,0,1,0,0,0,0,0,0,0,0,0,0,0,0,0,2,0,0,0,0,0,0,0,0,0,0,0,0,0,0,0,0,0,0,1,0,0,0,0,0,0,0,0,0,0,0,0,0,0,0,0,0,0,0,1,0,0,0,0,0,0,0,0,0,0,0,0,0,0,0,1,0,0
0,0,0,0,0,0,0,0,0,0,0,0,0,0,0,0,0,1,0,0,1,0,0,0,0,0,0,0,0,0,0,0,0,0,0,0,1,0,0,0,0,0,0,0,0,0,0,0,0,0,0,0,0,0,0,0,0,0,0,0,0,0,0,0,0,0,0,0,1,0,0,0,0,0,0,0,0,0,0,0,0,0,0,0,0,0,0,0,1,0,0,0,0,0,0,0,0,0,0,0,0,0,0,0,0,0,0,0,0,0,0,0,0,0,0,1,0,1,0,0,0,0,0,1,1,0,0,0,0,0,1,0,0,0,0,0,0,0,0,0,0,0,0,0,0,0,0,0,0,0,0,0,0,0,0,0,0,0,0,0,1,1,0,0,0,1,1,0,0,0,0,0,0,0,1,0,0,0,1,1,0,0,0,0,0,0,0,1,0,0,0,0,0,0,0,0,0,0,0,0,0,0,1,0,0,1,0,0,0,0,0,0,0,0,0,0,0,1,1,0,0,1,0,0,0,0,0,1,0,0,0,0,0,0,0,0,0,0,0,0,0,0,0,0,0,0,0,0,0,0,0,0,0,0,0,0
0,0,1,0,0,0,0,0,0,0,0,0,0,0,0,0,0,0,0,2,0,0,0,0,0,0,0,0,0,0,1,0,0,0,0,0,0,0,0,0,0,0,0,0,0,0,0,0,1,0,0,0,0,0,0,0,1,0,0,0,0,0,0,0,1,0,0,0,0,0,1,0,0,0,0,0,0,0,0,1,0,0,0,1,0,0,0,0,0,1,0,0,0,0,0,0,0,0,0,0,0,0,0,0,0,0,0,0,0,0,0,0,0,0,0,0,0,0,0,0,0,0,0,0,0,0,0,0,1,0,0,0,0,0,0,0,0,0,0,0,0,0,0,0,0,1,0,0,0,0,0,0,0,0,0,0,0,0,0,0,0,0,0,0,0,0,1,0,0,0,0,0,0,0,0,0,0,0,0,0,1,0,1,0,1,1,0,0,0,0,0,0,0,0,0,0,0,0,1,0,0,0,0,0,0,0,0,0,0,0,0,0,0,0,0,0,0,1,0,0,0,0,0,0,0,0,0,1,0,0,0,0,0,0,0,0,0,0,0,0,0,1,0,0,0,0,0,0,0,1,0,0,0,1,0,0
0,0,0,1,0,0,0,0,0,0,0,0,0,0,0,0,0,1,0,3,0,0,0,0,0,0,0,0,0,0,0,0,0,0,0,1,0,1,0,0,0,0,0,0,0,0,0,0,1,0,0,0,0,0,2,0,0,0,1,0,0,0,0,0,1,0,0,1,0,0,1,0,0,0,0,0,0,0,0,1,0,0,0,1,0,0,0,0,0,1,0,0,0,0,0,0,0,0,0,0,0,0,0,0,0,0,0,0,0,0,0,0,0,0,0,0,0,0,0,0,0,0,0,0,0,0,0,0,1,0,0,2,0,0,0,0,0,0,0,0,1,0,0,1,0,1,0,0,0,0,0,0,1,1,0,0,0,0,0,0,0,0,0,0,0,0,0,0,0,0,1,0,0,0,0,0,0,0,0,0,1,1,1,0,1,0,0,1,0,0,0,0,2,0,0,0,0,0,1,0,0,0,0,0,0,0,0,0,0,0,0,0,0,0,0,0,0,1,2,0,1,0,0,0,0,0,0,1,0,0,0,0,0,0,0,0,0,0,0,0,0,0,0,0,0,0,0,0,0,0,0,0,0,1,0,0
0,0,0,0,0,0,0,0,0,0,0,0,0,0,0,0,0,1,0,0,1,0,0,1,0,0,1,0,0,0,0,0,0,0,0,0,3,0,0,0,0,0,0,0,0,0,0,0,0,0,0,0,0,0,1,0,0,0,0,0,0,0,0,0,0,0,0,1,1,1,0,0,0,0,0,0,0,0,0,0,0,0,0,0,0,0,0,0,1,0,0,1,0,0,0,0,0,0,0,0,0,0,1,0,0,0,0,0,0,0,0,0,0,0,2,0,0,4,0,0,0,0,0,4,0,0,1,0,0,0,1,0,0,0,0,0,0,0,0,0,0,0,0,0,0,0,0,0,0,0,0,0,0,0,0,0,0,0,0,0,1,1,0,0,0,1,1,0,0,0,0,0,1,0,1,0,0,0,0,1,0,0,0,0,0,0,0,1,0,0,0,0,0,0,0,0,0,0,2,0,0,0,0,0,0,0,0,0,0,0,1,1,0,0,0,0,0,4,1,1,2,1,0,0,0,0,0,1,0,0,0,0,0,0,0,0,0,0,0,0,0,0,0,0,0,0,0,0,0,0,0,0,0,0,0,0
0,0,0,1,0,1,0,0,0,0,0,0,0,0,0,0,0,0,0,3,0,0,0,0,0,0,0,0,0,0,0,0,0,0,0,0,0,0,0,0,0,0,0,0,0,0,0,2,1,0,0,0,0,0,1,0,0,0,2,0,0,0,0,0,1,0,0,1,0,0,1,0,0,0,0,0,0,0,0,1,0,0,0,1,1,0,0,0,0,1,0,0,0,0,0,0,0,0,0,0,0,0,0,2,0,1,0,0,0,0,0,0,0,0,0,0,0,0,0,1,1,0,0,0,0,0,0,0,1,0,0,0,0,0,0,1,0,0,0,0,0,0,0,0,0,2,0,1,0,0,0,0,0,0,0,0,0,0,0,0,0,0,0,0,0,0,2,0,0,0,0,0,0,0,0,0,0,0,0,0,1,0,1,0,1,0,0,0,0,0,0,0,0,0,0,0,0,0,1,1,0,0,0,0,0,0,0,0,0,0,0,0,0,0,0,0,0,1,1,0,0,0,0,0,0,0,0,0,0,0,0,0,0,0,0,0,1,0,0,0,0,0,1,0,0,0,0,0,0,0,0,0,0,1,0,0
0,0,0,0,0,0,0,0,0,0,0,0,0,0,0,0,0,0,0,3,0,0,0,0,0,0,0,0,0,0,0,2,0,0,0,0,0,0,0,0,0,0,0,0,0,0,0,0,1,0,0,1,0,0,0,0,0,0,0,0,0,0,0,0,1,0,0,0,0,0,0,0,0,0,0,0,0,0,0,1,0,0,0,1,0,0,1,0,0,1,0,0,0,0,0,0,1,0,0,0,0,0,0,1,0,0,0,1,2,0,0,0,0,0,0,0,0,0,0,0,2,0,0,0,0,0,0,0,1,0,0,0,0,0,0,0,0,0,0,0,0,0,0,0,0,1,0,0,0,0,0,0,0,0,0,0,0,0,1,0,0,0,0,0,0,0,0,0,0,0,0,0,0,0,0,0,0,0,0,0,1,0,1,0,1,0,0,0,0,0,0,0,0,0,0,0,0,0,1,0,0,0,0,0,0,0,0,0,0,0,0,0,0,0,0,0,0,1,0,0,0,0,0,0,0,0,0,1,0,0,0,0,0,0,0,0,0,2,0,0,1,0,0,0,0,0,0,0,0,0,0,0,0,1,0,0
0,0,1,0,0,0,0,0,0,1,0,0,0,0,0,0,0,0,0,0,0,0,0,0,0,0,0,0,0,0,0,0,0,0,0,0,0,0,0,0,0,0,0,0,0,0,0,0,1,0,0,0,0,0,0,0,0,0,0,0,0,0,0,0,1,0,0,1,0,0,1,0,0,0,0,0,0,0,0,1,0,0,0,1,0,0,0,1,1,1,0,0,0,0,0,0,0,0,0,0,1,0,0,1,0,0,0,0,0,0,0,0,0,0,0,0,0,0,0,0,0,0,0,0,0,1,0,0,1,0,0,2,0,0,0,2,0,0,0,0,0,0,0,0,0,3,0,0,0,0,0,0,0,0,0,0,1,0,0,0,0,0,0,0,0,0,0,0,0,0,0,0,0,0,0,0,0,0,0,0,1,0,1,0,1,0,0,0,0,0,0,0,0,0,0,0,0,0,1,0,0,0,0,0,0,0,0,0,0,0,0,0,0,0,0,0,0,1,0,0,0,0,0,0,0,0,0,0,0,1,0,0,0,0,0,0,1,0,0,0,0,0,0,0,0,0,0,0,0,0,0,0,0,1,1,0
0,0,0,0,0,0,0,0,0,0,0,1,0,0,0,0,0,0,0,2,0,0,1,1,0,0,0,0,0,0,0,1,0,0,0,0,0,0,0,0,1,0,1,0,0,1,0,0,1,0,1,0,0,0,1,0,0,0,0,0,0,0,0,0,0,0,0,1,0,0,1,0,0,0,0,0,0,0,0,1,0,0,0,1,0,0,0,0,0,1,0,0,0,0,0,0,0,1,0,0,0,0,0,1,0,0,0,1,0,0,0,0,0,0,0,0,0,0,0,0,0,0,0,1,0,0,0,0,1,0,0,0,0,0,0,0,0,0,0,0,0,0,0,0,0,1,0,0,0,0,0,0,0,0,0,0,0,0,0,0,0,0,0,0,1,0,0,0,0,0,0,0,0,0,0,0,0,0,0,0,1,0,1,0,0,0,0,0,0,0,0,0,0,0,0,0,0,0,1,0,0,0,0,0,0,0,1,0,1,0,1,0,0,0,0,0,0,1,0,0,0,0,0,0,0,0,0,0,0,0,0,0,0,0,0,0,0,0,0,0,0,0,0,0,0,0,0,0,0,0,0,0,0,1,0,0
0,0,1,0,0,0,0,0,0,0,0,0,0,0,0,0,0,0,0,1,0,0,0,0,0,0,0,0,0,0,1,0,0,0,0,0,0,0,0,0,0,0,0,0,0,0,0,0,1,0,0,0,0,0,0,0,1,0,0,0,0,0,0,0,1,0,0,1,0,0,1,0,0,0,0,0,0,0,0,1,0,0,0,1,0,0,0,0,1,1,0,0,0,0,0,0,1,0,0,0,0,0,0,1,0,0,0,0,1,0,0,0,0,0,0,0,0,0,0,0,0,1,0,0,0,0,0,0,1,0,0,0,0,0,0,0,0,0,0,0,0,0,0,0,0,1,0,0,0,0,0,0,0,0,0,0,0,0,0,0,1,0,0,0,0,0,0,0,0,1,0,0,0,0,0,0,0,0,0,0,1,0,1,0,1,0,0,0,0,0,0,1,0,1,0,0,0,0,1,0,0,0,0,0,0,0,0,0,0,0,0,0,0,0,0,0,1,1,0,0,0,0,0,0,0,0,0,0,0,0,0,0,0,0,0,0,0,1,0,0,0,2,0,0,0,0,0,0,0,0,0,0,0,1,0,0
0,0,0,0,0,0,0,0,0,0,0,0,0,0,0,0,1,1,0,0,1,0,0,0,0,0,0,0,0,0,0,0,0,0,0,0,2,0,0,0,0,0,0,0,0,0,0,0,0,0,0,0,0,0,0,0,0,0,0,0,0,0,0,0,0,0,0,0,1,0,0,0,0,0,0,0,0,0,0,0,0,0,0,0,0,0,0,0,1,0,0,0,0,0,0,0,0,0,0,0,0,0,0,0,0,0,0,0,0,0,0,0,0,0,2,0,0,2,0,0,0,0,0,1,0,0,1,0,0,0,1,0,0,0,0,0,0,0,0,0,0,0,0,0,0,0,0,0,0,0,0,0,0,0,0,0,0,0,0,0,1,1,0,0,0,1,1,0,0,0,0,0,0,0,1,0,0,0,0,1,0,0,0,0,0,0,0,1,0,0,0,0,0,0,0,0,0,0,1,0,0,0,0,0,0,2,0,0,0,0,2,0,0,0,0,0,0,2,1,0,0,1,0,1,0,0,0,1,0,0,0,0,0,0,0,0,0,0,0,0,0,0,0,0,0,0,0,0,0,0,0,0,0,0,0,0
0,1,0,0,0,0,0,2,0,0,0,0,0,0,0,0,0,1,0,0,1,0,0,0,0,0,0,0,0,0,0,0,0,0,0,0,1,0,0,0,0,0,0,0,0,0,0,0,0,0,0,0,1,0,0,0,0,0,0,0,2,0,0,0,1,0,0,0,1,0,0,0,0,0,0,0,0,0,0,0,2,2,2,0,0,0,0,0,1,0,0,0,0,1,0,0,0,0,0,0,0,0,1,0,0,1,0,0,0,1,0,0,0,0,0,0,0,1,0,1,0,0,1,0,1,0,0,0,0,0,1,0,0,0,0,0,0,0,1,0,0,0,0,0,0,0,0,1,0,2,0,0,0,0,0,0,0,0,0,0,1,1,0,0,0,1,2,0,0,0,0,0,1,0,1,0,0,0,0,1,0,0,0,0,0,0,0,1,0,0,2,0,0,0,0,0,0,0,0,0,0,0,0,0,0,1,0,0,0,2,0,0,0,0,1,0,0,3,1,0,2,0,0,0,0,0,0,1,0,0,0,0,0,0,0,0,0,0,0,0,0,2,0,1,0,0,0,0,0,0,0,0,0,0,0,0
0,0,1,0,0,0,0,0,0,0,0,0,0,0,0,0,0,0,0,2,0,0,0,0,0,0,0,1,0,0,0,0,0,0,0,0,0,0,0,0,0,0,0,0,0,0,0,0,1,0,0,0,0,0,0,0,0,0,0,0,0,0,0,0,1,0,0,1,0,0,1,0,0,0,0,0,0,0,0,1,0,0,0,1,0,0,0,0,0,1,0,0,0,0,0,0,0,0,0,0,0,0,0,0,0,0,0,0,0,0,1,0,0,0,0,0,0,0,0,0,1,0,0,0,0,0,0,0,1,0,0,1,0,0,0,0,0,0,0,0,0,0,1,0,0,1,0,0,0,0,0,0,0,0,0,0,0,0,0,0,0,0,0,0,0,0,0,0,0,0,0,0,0,0,0,0,0,0,0,0,1,0,1,0,1,0,0,0,0,0,0,0,0,0,0,0,0,0,1,0,0,0,0,0,0,0,0,0,0,0,0,0,0,0,0,0,0,1,0,0,0,0,0,0,0,0,0,0,0,0,0,0,0,0,0,0,0,1,0,0,0,0,0,0,0,0,0,0,0,0,0,0,0,1,0,0
0,0,0,0,0,0,0,0,0,0,1,0,0,0,0,0,0,0,0,1,0,0,0,0,0,0,0,0,0,0,1,0,0,0,0,0,0,0,0,0,0,0,0,0,0,2,0,0,1,0,0,0,0,0,0,0,0,0,0,0,0,0,0,0,0,0,0,1,0,0,1,0,0,0,0,0,0,0,0,1,0,0,0,1,0,1,0,0,0,1,0,0,0,0,0,0,0,0,0,0,0,0,0,1,0,0,0,0,0,0,0,0,0,1,0,0,0,0,0,0,0,0,0,0,0,0,0,0,1,0,0,1,0,0,0,0,0,0,1,0,0,0,0,0,0,1,0,1,0,0,0,0,0,0,0,0,0,0,0,0,0,0,0,1,0,0,0,0,0,0,0,0,0,0,0,0,1,0,1,0,1,0,0,0,0,1,0,0,0,0,0,0,0,1,0,0,0,0,1,0,0,0,0,0,0,0,0,0,0,0,0,0,0,0,0,0,0,1,0,0,1,0,0,0,0,0,0,1,0,0,0,0,1,0,0,0,0,0,0,0,0,0,0,0,1,0,0,0,0,0,0,0,0,1,0,0
0,0,0,0,0,0,0,0,0,0,0,0,0,0,0,0,0,0,0,0,0,0,0,0,1,0,0,0,1,0,0,0,0,0,0,0,0,0,0,0,0,0,0,0,0,0,0,0,1,0,0,0,0,0,0,0,0,0,0,0,0,0,0,0,1,0,0,1,0,0,1,0,0,0,0,0,0,0,0,2,1,0,0,1,0,0,0,0,1,1,0,0,0,1,0,0,0,0,0,0,0,0,0,1,0,0,0,1,0,0,0,0,0,0,0,0,0,0,0,0,1,0,0,0,0,0,0,0,1,0,0,1,0,0,2,0,0,0,0,0,0,0,0,0,0,1,0,0,0,0,0,0,0,0,0,0,0,0,0,0,0,0,0,0,0,0,0,0,0,0,0,0,0,0,0,0,0,0,0,0,1,0,1,0,1,0,0,0,0,0,0,0,0,0,0,0,0,0,1,0,0,0,0,0,1,0,0,1,0,0,0,0,0,0,0,0,0,1,0,0,1,0,0,0,1,0,0,0,0,0,0,0,0,1,0,0,0,0,0,0,0,0,0,0,0,0,0,0,0,0,0,0,0,1,0,0
0,0,2,0,0,0,0,0,0,0,0,0,0,0,0,0,0,0,0,3,0,0,1,0,0,0,0,0,0,0,0,0,0,0,0,0,0,0,0,0,0,0,0,0,0,0,0,0,1,0,0,0,0,0,0,0,0,0,0,0,0,0,0,0,1,1,0,0,0,0,0,0,0,0,0,0,0,0,0,1,0,0,0,1,0,0,1,0,0,1,0,0,0,0,0,0,1,0,0,0,0,0,1,0,1,0,0,0,0,0,0,0,0,1,0,0,0,0,0,0,0,0,0,0,0,0,0,0,1,0,0,0,0,0,0,0,0,0,0,0,0,0,0,0,0,1,0,0,0,0,0,0,0,0,0,0,0,0,0,0,0,0,0,1,0,0,0,0,0,0,0,1,0,0,0,0,0,0,0,0,1,0,1,0,1,0,1,0,0,0,0,0,0,1,0,0,0,0,1,0,0,0,0,0,0,0,0,0,0,0,0,0,0,0,0,0,0,1,0,0,1,0,0,0,0,0,0,2,0,0,0,0,0,0,0,0,0,0,0,0,0,0,0,0,0,0,0,0,0,0,0,0,0,1,0,0
0,0,0,0,0,0,0,0,0,0,0,0,0,0,0,0,0,1,0,0,1,0,0,1,0,0,0,0,0,0,0,0,0,0,0,0,0,0,0,0,0,0,0,0,0,0,0,0,0,0,0,0,0,0,0,0,0,0,0,0,0,0,0,0,0,0,0,0,1,0,0,0,0,0,0,0,0,0,0,0,0,0,0,0,0,0,0,0,1,0,0,0,0,0,0,0,0,0,0,0,0,0,1,0,0,0,0,0,0,1,0,0,0,0,0,0,0,1,0,0,0,0,0,0,0,0,0,0,0,0,1,0,0,0,0,0,0,0,0,0,0,0,0,0,0,0,0,0,0,0,0,0,0,0,0,0,0,0,0,0,1,1,0,0,0,1,1,0,0,0,0,0,0,0,1,0,0,0,0,1,0,0,0,0,0,0,0,1,0,0,0,0,0,0,0,0,0,0,0,0,0,0,0,0,1,0,0,0,0,0,0,1,0,0,0,0,0,1,1,0,0,1,0,0,0,0,0,1,0,0,0,0,1,0,0,0,0,0,0,0,0,0,0,1,0,0,0,0,0,0,0,0,0,0,0,0
0,0,1,0,0,0,0,0,1,0,0,0,0,0,0,0,0,0,0,2,0,0,0,0,0,0,0,0,0,0,0,0,0,0,0,0,0,1,1,0,0,0,0,0,0,0,0,1,1,0,0,0,0,0,0,0,0,0,0,0,0,0,0,0,1,0,0,2,0,0,0,0,0,0,0,0,0,0,0,1,0,0,0,1,0,0,0,1,1,1,0,0,0,0,0,0,0,0,0,0,0,0,0,1,1,0,0,0,0,1,0,0,0,0,0,0,0,0,0,0,0,0,0,0,0,0,0,0,1,0,0,2,0,0,0,0,0,1,0,0,0,0,0,0,0,1,0,0,0,0,0,0,0,0,0,0,0,0,1,0,0,0,0,0,0,0,0,0,0,0,0,0,0,1,0,0,0,0,0,0,1,0,1,0,1,0,0,0,0,0,0,0,0,0,0,0,0,0,1,0,0,0,0,0,0,0,0,0,0,0,0,0,0,0,0,0,0,1,0,0,0,0,0,0,0,0,0,0,0,0,0,0,0,0,0,0,0,0,0,0,0,0,0,0,0,0,0,0,0,0,0,0,0,1,0,0
0,0,0,0,0,0,0,0,0,0,1,0,0,0,0,0,0,1,0,0,1,0,0,0,0,0,0,0,0,0,0,0,0,0,0,1,1,0,0,0,0,0,0,0,0,0,0,0,0,0,0,0,0,0,0,0,0,0,0,0,0,0,0,0,0,0,0,0,1,0,0,0,0,0,0,0,0,0,0,0,0,0,0,0,0,0,0,0,1,0,0,0,0,0,0,0,0,0,0,0,0,0,0,0,0,0,0,0,0,0,0,0,0,0,0,0,0,1,0,0,0,0,0,1,0,0,0,0,0,0,1,0,0,0,0,0,0,0,0,0,0,0,0,0,0,0,0,0,0,0,0,0,0,0,0,0,0,0,0,0,1,1,0,0,0,1,1,0,0,0,0,0,0,0,1,0,0,0,0,1,0,0,0,0,0,0,0,1,0,0,0,0,0,0,0,0,0,0,1,0,0,0,0,0,0,0,0,0,0,0,0,0,0,0,0,0,0,1,1,0,0,0,0,0,0,0,1,1,0,0,1,0,0,0,0,0,0,0,0,0,0,1,0,0,0,0,0,0,0,0,0,0,0,0,0,0
0,0,0,0,0,0,0,1,0,0,2,0,0,0,0,0,0,0,0,2,0,0,0,0,0,0,0,0,0,0,0,0,0,0,0,0,0,0,0,0,0,0,0,0,0,0,0,0,1,0,0,0,0,0,0,0,0,0,0,0,1,0,0,0,1,0,0,1,0,0,1,0,0,0,0,0,0,0,0,1,0,0,0,1,0,0,1,0,0,1,0,0,0,0,0,0,0,0,0,0,0,0,0,1,0,0,0,0,0,0,0,0,0,1,0,0,0,0,0,0,0,0,0,0,0,0,0,0,1,0,0,2,0,0,0,1,0,0,0,0,0,0,1,0,0,2,0,0,0,0,0,0,0,0,0,1,0,0,0,0,1,1,0,0,0,0,0,0,0,0,0,0,0,0,0,0,0,0,0,0,1,0,1,0,1,0,0,0,0,0,0,0,0,0,0,0,0,0,1,0,0,0,0,0,0,0,0,0,0,0,0,0,0,0,0,0,0,1,0,0,0,0,0,0,0,0,0,0,0,0,0,0,0,0,0,0,0,0,0,0,0,0,0,0,0,0,0,0,0,0,0,0,0,1,0,0
0,0,0,0,0,0,0,0,0,0,0,0,0,0,0,0,0,0,0,1,0,0,0,0,0,0,0,0,0,0,0,0,0,0,0,0,0,0,0,0,0,0,0,0,0,0,0,0,1,0,0,0,0,0,0,0,0,0,0,0,0,0,0,0,1,0,0,1,0,0,1,0,0,0,0,1,0,0,0,2,0,0,0,1,0,0,0,0,1,1,0,1,1,0,2,0,0,0,0,0,0,0,0,1,0,0,0,0,0,0,0,0,0,0,0,0,0,0,0,0,0,0,0,0,0,0,0,0,1,0,0,0,0,0,0,0,0,0,0,0,0,0,0,0,0,1,0,0,0,0,0,0,0,0,0,0,0,0,0,0,0,0,0,0,0,0,0,0,0,0,0,0,0,0,0,0,0,0,0,0,1,0,1,0,1,0,0,0,0,0,0,0,0,0,0,0,0,2,1,0,0,0,0,0,0,0,0,0,1,0,0,0,0,1,0,0,0,1,0,0,0,0,0,0,0,1,0,0,0,0,0,0,0,0,0,0,0,0,0,0,0,2,0,1,0,0,0,0,0,0,0,0,0,1,0,0
0,0,0,0,0,0,0,0,0,0,0,0,0,0,0,0,0,1,0,0,1,0,0,0,0,0,0,0,0,0,0,0,0,0,0,0,0,1,0,0,0,0,0,0,0,0,0,0,0,0,0,0,0,0,0,0,0,0,0,0,0,0,0,0,0,0,0,0,1,1,1,1,0,0,0,0,0,1,0,0,0,0,0,0,0,0,0,0,1,0,0,0,0,0,0,0,0,1,0,3,0,0,0,0,0,0,0,0,0,0,0,0,0,0,0,0,0,0,0,0,0,0,0,2,0,0,0,1,0,0,1,0,0,0,0,0,0,0,0,0,0,0,0,0,0,0,0,0,0,0,0,0,0,0,0,0,0,0,0,0,1,1,0,0,0,1,1,0,0,0,0,0,1,0,1,0,0,0,0,1,0,0,0,0,0,0,0,1,0,0,1,0,0,1,0,2,0,0,0,0,0,0,0,0,0,0,0,0,0,0,0,3,0,0,0,0,0,3,1,0,1,1,0,0,0,0,0,1,0,0,0,0,0,0,0,0,0,0,0,0,0,1,0,0,0,0,0,0,0,0,0,0,0,0,0,0
0,0,1,0,0,0,0,0,0,0,0,0,0,0,0,0,0,1,0,1,1,0,0,0,0,0,0,0,0,0,0,0,0,0,0,0,1,0,0,0,0,0,0,0,0,0,0,0,0,0,0,0,0,0,0,0,0,0,0,0,1,0,0,0,0,0,0,0,1,0,0,0,0,0,0,0,0,0,0,0,0,1,0,0,0,0,0,0,1,0,0,0,0,0,0,0,0,0,0,0,0,0,0,0,0,0,0,0,0,1,0,0,0,0,0,0,0,0,0,0,0,1,0,0,0,0,0,0,0,0,1,0,0,0,0,0,0,0,0,0,0,0,0,0,0,0,0,1,0,3,0,0,0,0,0,0,1,0,0,0,1,1,0,0,0,1,1,0,0,0,0,0,0,0,1,0,0,0,0,1,0,0,0,0,0,0,0,1,0,0,0,0,0,0,0,0,0,0,0,0,0,1,1,0,0,2,1,0,0,1,0,0,0,0,0,0,0,3,1,0,2,0,0,0,0,0,0,1,0,0,0,0,0,0,0,0,1,0,0,1,0,1,0,0,0,0,0,0,0,0,0,0,0,0,0,0
0,0,0,0,0,0,0,0,0,0,0,0,0,0,0,0,0,0,0,1,0,0,0,0,1,0,0,0,0,0,0,0,0,0,0,0,0,0,0,0,0,0,0,0,0,0,0,0,1,0,0,0,0,0,0,0,0,0,0,0,0,0,0,0,1,0,0,1,0,0,1,0,0,0,0,0,0,0,0,1,0,0,0,1,0,0,0,0,1,1,1,0,1,0,0,0,0,0,0,0,0,0,0,1,0,0,0,0,0,0,1,0,0,0,0,0,0,0,0,0,0,0,0,0,0,0,0,0,1,0,0,0,0,0,0,0,0,0,0,0,0,0,0,0,0,1,0,0,0,0,0,0,0,0,0,0,0,0,0,0,0,0,0,0,0,0,0,0,0,0,0,0,0,0,0,0,0,0,0,0,1,0,1,0,1,0,0,0,0,0,0,0,0,0,0,0,0,0,1,0,0,0,0,0,0,0,0,0,0,0,0,0,0,0,0,0,0,1,0,0,0,0,0,0,0,0,0,0,0,0,0,0,0,0,0,0,0,0,0,0,0,0,0,0,0,0,0,1,1,0,0,0,0,1,0,0
0,0,0,0,0,0,0,0,0,0,0,0,0,0,0,0,0,0,0,3,0,0,0,0,0,0,0,0,0,0,0,0,0,0,0,0,0,0,1,0,0,0,0,0,0,0,0,0,1,0,0,2,0,0,0,0,2,0,0,0,0,0,0,0,1,0,0,1,0,0,1,0,0,0,0,0,0,0,0,1,0,0,0,1,0,0,0,2,0,1,0,0,2,0,0,0,1,0,0,0,0,0,0,1,0,0,0,0,0,0,0,0,0,0,0,0,0,0,0,0,1,0,0,0,0,0,0,0,1,0,0,0,0,0,0,0,0,0,0,0,0,0,0,0,0,1,0,0,0,0,0,0,0,0,0,0,0,0,0,0,0,0,0,0,0,0,0,0,0,0,0,0,0,0,0,0,0,0,0,0,1,0,1,0,1,0,0,0,0,0,0,0,0,0,0,0,0,0,1,0,0,0,0,0,0,0,0,0,0,0,0,0,0,0,0,0,0,1,0,0,0,0,0,0,0,0,0,0,0,0,0,0,0,0,0,0,0,1,0,0,0,1,0,0,0,0,0,0,0,0,0,0,0,1,0,0
0,0,3,0,0,0,0,0,0,0,0,1,0,0,0,0,0,0,0,0,1,0,0,0,0,0,0,0,0,0,0,0,0,0,0,0,0,0,0,0,0,0,0,0,0,0,0,1,1,0,0,0,0,0,0,0,0,0,0,0,0,0,0,0,0,0,0,1,0,0,1,0,0,0,0,0,0,0,0,1,2,0,0,1,0,0,0,0,2,1,0,0,0,0,0,0,0,0,0,0,0,0,0,1,0,0,0,0,0,0,0,0,0,0,0,0,0,1,0,0,0,0,0,0,0,0,0,0,0,0,1,0,0,0,0,0,0,0,0,0,0,0,0,0,0,0,0,0,0,0,0,0,0,0,0,0,0,0,0,0,0,1,0,0,0,0,1,0,0,0,0,0,0,0,0,0,0,0,0,0,0,0,0,0,0,0,0,1,0,0,1,0,0,0,0,0,0,0,2,0,0,0,0,0,0,0,0,0,0,0,0,0,0,0,0,0,0,1,1,0,1,0,0,0,0,0,0,1,0,0,0,0,0,0,0,0,0,1,0,0,0,0,1,0,0,0,0,0,0,0,0,0,0,0,1,0
0,0,0,0,0,1,0,0,1,0,0,0,0,0,0,0,0,0,0,5,0,0,1,0,0,0,0,0,0,0,1,0,0,0,0,0,0,0,0,1,1,0,0,0,1,0,0,0,1,0,2,1,0,0,0,0,0,0,1,0,0,0,0,0,1,1,0,3,0,0,0,0,0,0,0,1,0,0,0,1,0,0,0,1,0,0,0,1,1,1,0,0,0,2,0,0,0,0,0,0,0,0,0,2,2,0,0,0,0,0,0,0,0,1,0,0,0,0,0,1,0,0,2,0,0,0,0,0,1,0,0,1,0,0,0,0,0,0,0,0,0,0,2,0,0,1,0,0,0,0,0,0,0,0,0,0,0,0,0,0,1,1,0,0,0,0,0,0,0,0,0,1,0,0,0,0,0,0,1,0,1,0,1,0,1,0,0,0,0,0,0,1,0,0,0,0,0,0,1,0,0,0,0,0,0,0,1,0,0,0,0,0,0,0,0,0,0,1,0,0,1,0,0,0,0,0,0,0,0,0,0,0,0,0,0,0,0,0,0,0,0,0,0,0,0,0,0,0,0,0,0,0,0,1,0,0
0,0,0,0,0,0,0,0,0,0,0,0,0,0,0,0,0,1,0,0,1,0,0,0,0,0,0,0,0,0,0,0,0,0,0,0,2,0,0,0,0,0,0,0,0,0,0,1,0,0,0,0,0,0,0,0,0,0,0,0,0,0,0,0,0,0,0,0,1,0,0,0,0,0,0,0,0,0,0,0,1,0,0,0,0,0,0,0,1,0,0,0,0,0,0,0,0,0,0,0,0,0,0,0,0,1,0,0,0,0,0,0,0,0,0,0,0,3,0,0,0,0,0,2,0,0,0,0,0,0,1,0,0,0,0,0,0,0,0,0,0,0,0,0,0,0,0,0,0,0,0,0,0,0,0,0,0,0,0,0,1,1,0,0,0,1,1,0,0,0,0,0,0,0,1,0,0,0,0,1,0,0,0,1,0,0,0,1,0,0,0,0,0,1,0,0,0,0,3,1,0,0,1,0,0,0,1,0,0,0,1,0,0,0,0,0,0,0,1,0,0,0,0,0,0,1,0,1,0,0,0,0,0,0,0,0,0,1,0,0,0,1,0,1,0,0,0,0,2,0,0,1,0,0,0,0
0,0,3,0,0,0,0,0,0,0,0,0,0,0,0,0,1,0,0,5,0,0,0,0,0,0,0,2,0,0,1,0,0,0,0,0,0,0,0,0,0,0,0,0,0,0,0,0,1,0,0,0,0,0,0,0,0,0,0,0,0,0,0,0,1,0,0,2,0,0,1,0,0,0,0,0,0,0,0,1,0,0,0,1,0,0,0,0,0,1,0,0,0,0,0,0,1,0,0,0,0,0,2,0,0,0,0,0,0,0,0,0,0,0,0,0,0,0,0,0,1,0,0,0,0,0,0,0,1,0,0,0,0,0,0,0,0,0,0,0,0,0,0,0,0,1,0,0,0,0,0,0,0,0,0,0,0,0,0,0,1,0,0,0,0,0,0,0,0,1,0,0,0,0,0,0,0,0,0,0,1,0,1,0,1,0,0,0,0,0,0,1,0,1,0,0,0,0,1,1,0,0,0,0,0,0,0,0,0,0,0,0,0,0,0,1,0,1,1,0,1,0,0,0,0,0,0,0,0,1,0,0,0,0,1,0,0,0,0,0,0,3,2,0,0,0,0,0,0,1,0,0,0,1,0,0
0,0,2,0,0,0,0,0,0,0,0,0,0,0,0,0,0,0,0,3,0,0,1,0,0,0,0,0,0,0,0,0,0,0,0,0,1,0,0,0,0,0,0,0,0,0,0,0,1,0,0,0,0,0,0,0,0,0,0,1,0,0,2,0,1,0,0,1,0,0,1,0,0,0,0,0,0,0,0,1,0,0,0,1,0,0,0,0,0,1,0,0,0,0,0,0,0,0,0,0,0,0,0,1,0,0,0,0,0,0,0,0,0,0,0,0,0,0,0,0,0,0,0,0,0,0,0,0,1,0,0,1,0,0,0,0,0,0,0,0,0,0,0,2,0,1,0,0,0,0,0,0,0,0,0,1,0,0,0,0,0,0,0,0,0,0,0,0,0,0,0,0,0,0,0,0,0,0,0,0,1,0,1,0,1,0,0,0,0,0,0,0,0,0,0,0,0,0,1,0,0,0,0,0,0,0,0,0,0,0,0,0,0,0,0,0,0,1,0,0,0,0,0,0,0,0,0,0,1,0,0,0,0,0,0,0,0,1,0,0,0,0,0,0,0,0,0,0,0,0,0,0,0,1,0,0
0,0,1,0,0,1,1,0,0,0,0,0,0,0,0,0,0,0,0,5,0,1,0,0,0,0,0,0,0,0,0,0,0,0,0,0,0,0,0,0,1,0,0,0,0,0,0,0,1,0,0,1,0,0,0,0,0,0,0,0,0,0,0,0,1,0,0,0,0,0,1,0,0,0,0,1,0,0,0,1,0,1,1,1,0,0,0,0,0,2,0,0,0,0,0,0,0,0,0,0,0,0,0,1,0,0,0,0,0,0,0,0,0,1,0,0,0,0,0,0,0,1,0,0,0,0,0,0,1,0,0,0,0,1,0,0,0,0,0,0,0,0,4,0,0,1,1,0,0,0,0,0,0,0,0,4,0,0,0,0,0,0,0,0,0,0,1,0,0,0,0,0,0,0,0,0,0,0,1,0,1,0,1,0,1,0,0,0,0,0,0,0,0,0,0,0,0,0,1,0,0,0,0,0,0,0,5,0,0,0,0,0,0,0,0,0,0,1,0,0,0,1,1,0,0,0,0,1,0,0,0,0,0,1,0,0,0,0,0,0,0,2,0,0,0,0,0,0,0,1,0,0,0,1,0,0
0,0,0,0,0,0,0,0,0,0,1,0,0,0,0,0,0,0,0,1,1,0,0,0,0,0,0,0,0,0,1,0,0,0,0,0,1,0,0,0,0,0,0,0,0,0,0,0,1,0,0,0,0,0,0,0,0,0,0,0,1,0,0,0,0,0,0,1,0,0,1,1,0,0,0,0,0,0,0,2,0,0,0,1,0,0,0,0,1,0,0,0,0,0,0,0,0,0,0,0,0,0,0,0,0,0,0,0,0,0,0,0,0,0,0,0,0,0,0,0,0,0,0,0,1,0,0,0,1,0,1,1,0,0,0,0,0,0,0,0,0,0,0,0,0,0,0,0,0,0,0,0,0,0,0,0,0,1,0,0,1,1,0,0,0,0,1,0,0,0,0,0,0,0,0,0,0,0,0,0,0,0,0,0,0,0,0,0,0,0,0,0,0,0,0,0,0,0,1,0,0,0,0,0,0,1,0,0,0,0,0,0,0,0,0,0,1,2,1,0,1,0,0,0,0,0,0,0,0,0,0,0,0,0,1,0,0,0,0,0,0,1,0,0,0,0,0,0,0,0,0,0,0,1,0,0
1,0,0,0,0,0,0,1,0,0,1,0,0,2,0,0,2,0,0,0,0,0,0,0,0,0,0,1,0,0,0,0,0,3,0,0,0,0,0,0,0,3,0,0,0,0,0,0,0,0,1,0,0,0,0,0,0,0,1,0,0,0,1,0,0,0,0,0,1,0,0,0,0,0,0,0,0,0,0,0,0,0,0,1,0,0,0,0,0,0,0,0,0,0,0,0,0,0,0,0,2,0,0,0,0,1,0,1,0,0,0,0,0,0,0,0,0,0,0,0,0,0,0,0,0,0,0,1,0,0,1,1,0,1,0,0,0,0,0,0,0,0,0,0,0,0,0,2,0,0,0,0,0,0,0,0,0,0,0,0,0,0,0,0,0,0,0,0,0,0,0,0,0,0,0,1,0,0,0,0,0,0,0,0,0,0,0,0,0,0,0,0,3,0,0,0,0,0,0,0,0,0,0,0,1,1,0,0,2,0,0,0,0,0,0,1,0,0,0,0,0,0,0,2,0,0,2,0,0,0,0,0,0,0,0,1,0,0,0,0,0,1,0,0,0,0,1,0,0,0,1,0,0,1,1,0
0,0,0,0,0,0,0,0,0,0,0,0,0,0,0,0,0,0,0,1,0,0,0,0,0,0,0,0,0,0,0,0,0,0,0,0,0,0,0,0,0,0,0,0,0,0,0,0,1,0,0,0,0,0,0,0,0,0,0,0,0,0,0,0,1,0,0,1,0,0,1,0,0,0,0,0,0,0,0,1,0,0,0,1,0,0,0,0,0,1,0,0,0,0,0,0,1,0,0,0,0,0,0,0,0,0,1,0,1,0,0,0,0,0,0,1,0,0,0,0,0,0,0,0,0,0,0,0,1,0,0,0,0,0,0,0,0,0,0,0,0,0,0,0,0,1,0,0,0,0,0,0,0,0,0,0,0,0,0,0,0,0,0,0,0,0,0,0,0,0,0,0,0,0,0,0,0,0,0,0,1,0,1,0,1,0,0,0,0,0,0,0,0,0,0,0,0,0,1,0,0,0,0,0,0,0,0,0,0,0,0,0,0,0,0,0,0,2,0,0,0,0,0,0,0,0,0,1,0,0,0,0,0,0,0,0,0,1,0,0,0,0,0,0,0,0,0,0,1,0,0,0,0,1,0,0
0,0,0,0,0,0,0,0,0,0,0,0,0,0,0,0,0,1,0,0,1,0,0,0,0,0,0,0,0,0,0,0,0,0,0,1,1,0,0,0,0,0,0,0,0,0,0,0,0,0,0,0,0,0,0,0,0,0,0,0,0,0,0,0,0,0,0,0,1,0,0,0,0,0,0,0,0,0,0,0,0,0,0,0,0,0,0,0,1,0,0,0,0,0,0,0,0,0,0,0,0,0,0,0,0,0,0,0,0,0,0,0,1,0,0,0,0,0,0,0,0,1,0,0,0,0,0,0,0,0,1,0,0,0,0,0,0,0,0,0,0,0,0,0,0,0,0,0,0,0,0,0,0,0,0,0,0,0,0,0,1,1,0,0,0,1,1,0,0,0,0,0,0,0,1,0,0,0,0,1,0,0,0,0,0,0,0,1,0,0,0,0,0,0,0,0,0,0,0,0,0,0,1,0,0,0,0,0,0,0,0,1,0,0,0,0,0,1,1,0,0,1,0,0,0,1,0,1,0,0,0,0,0,0,0,0,0,0,0,0,0,1,0,0,0,0,0,0,0,0,0,0,0,0,0,0
0,0,0,0,0,1,0,1,1,1,0,0,0,0,0,0,0,0,0,1,0,0,0,0,0,0,0,1,0,0,0,1,0,0,0,0,0,0,0,0,0,0,0,0,0,0,0,0,2,0,0,0,0,0,0,0,0,0,0,0,0,0,0,0,1,0,0,1,0,0,1,0,0,0,0,0,0,0,0,1,1,0,0,1,0,1,0,0,0,2,0,0,1,0,0,0,0,0,0,0,0,0,0,2,0,0,0,3,0,0,0,0,0,0,0,0,0,0,1,0,3,0,0,0,0,0,0,0,1,0,0,0,0,0,0,0,0,0,0,0,0,0,0,0,0,1,0,0,0,0,0,0,0,0,0,0,0,0,0,0,0,0,0,0,0,0,0,0,0,0,0,0,1,0,0,0,0,0,0,0,1,0,1,0,2,0,0,1,0,0,0,0,0,1,0,0,0,0,1,0,2,0,0,0,1,0,0,0,0,0,0,0,0,0,0,0,0,1,0,0,1,0,0,0,0,0,0,0,0,0,0,0,1,0,0,0,0,0,0,1,0,0,2,0,0,0,0,0,0,0,0,0,0,1,0,0
1,0,0,0,1,0,0,1,0,0,0,0,0,1,0,0,1,0,0,0,0,0,0,0,0,0,0,0,0,0,0,0,0,0,0,0,0,0,0,0,0,2,0,0,0,0,1,0,0,0,1,0,0,0,0,0,0,0,0,0,0,0,0,0,0,0,1,0,0,0,0,0,0,0,0,0,0,0,2,0,0,0,0,1,0,0,1,0,0,0,0,0,0,0,0,0,0,0,0,0,2,0,0,0,0,1,0,1,0,0,1,0,2,0,0,0,0,0,0,0,0,0,0,2,0,0,0,1,0,0,0,0,0,0,0,0,0,0,0,0,0,0,0,0,0,0,0,0,0,0,0,0,0,0,0,0,0,0,0,0,0,0,0,0,0,0,0,0,0,0,0,0,0,0,0,0,0,0,0,0,0,0,0,0,0,0,0,0,0,0,0,0,0,0,0,0,0,0,0,0,2,0,0,0,1,0,0,0,1,0,0,0,0,0,0,1,0,0,0,0,0,0,0,0,0,0,0,0,0,0,0,0,0,0,0,1,0,0,0,0,0,1,0,0,0,0,0,0,0,0,0,0,0,1,0,0
0,1,0,0,0,0,0,0,0,0,0,1,0,0,0,0,0,1,0,0,1,1,0,0,0,0,0,0,0,0,0,0,0,0,0,0,0,1,0,0,0,0,0,0,0,0,0,0,0,0,0,0,0,0,0,0,0,0,0,1,0,0,0,0,0,0,0,0,1,0,0,0,0,0,0,0,0,0,0,0,0,0,0,0,0,0,0,0,1,0,0,0,0,0,0,0,0,0,0,0,0,0,0,0,0,0,0,0,0,0,0,0,0,0,0,0,0,0,0,0,0,0,0,0,1,0,0,0,0,0,1,0,0,0,0,0,0,0,0,0,0,0,0,0,0,0,0,0,0,0,0,0,0,0,0,0,0,0,0,0,1,1,0,0,0,1,1,0,0,0,0,0,0,0,1,0,0,0,0,1,0,0,0,0,0,0,0,1,0,0,0,0,0,0,0,0,0,0,0,0,0,0,1,0,0,0,0,0,0,0,0,0,0,0,0,0,0,0,1,0,0,0,0,0,0,0,0,1,0,0,0,0,0,0,0,0,0,0,0,0,0,1,0,0,0,0,0,0,0,0,1,0,0,0,0,1
0,0,0,0,0,0,0,0,0,0,0,0,0,0,1,0,0,0,0,2,0,0,0,0,0,0,0,0,0,0,0,0,0,0,0,0,0,0,0,0,0,0,0,0,0,0,0,0,1,0,0,0,0,0,0,0,0,0,0,0,0,0,0,0,1,0,0,0,0,0,1,0,0,0,0,0,2,0,0,1,0,0,0,1,0,0,0,2,0,2,0,0,0,0,0,0,0,0,0,0,0,0,0,1,0,0,0,0,0,0,0,0,0,1,0,0,0,0,0,0,0,0,0,0,0,0,0,0,1,0,0,1,0,0,0,0,0,0,0,0,0,1,0,0,0,2,0,0,0,0,0,0,0,0,0,0,1,0,0,0,0,0,0,0,0,0,1,0,0,0,0,0,0,0,0,0,0,0,1,0,1,0,1,0,1,0,2,0,0,0,0,0,0,0,0,0,0,0,1,0,0,0,0,0,0,0,1,0,0,0,0,0,0,0,0,0,0,2,0,0,1,0,0,0,0,0,0,2,1,0,0,0,0,0,0,0,0,0,0,0,0,0,0,0,0,0,0,0,0,1,0,0,0,1,1,0
0,0,0,0,0,0,0,0,0,0,0,1,0,0,0,0,0,0,0,2,0,0,0,0,0,0,0,0,0,0,0,0,0,0,0,0,0,0,0,0,0,0,0,1,0,0,0,0,1,0,0,0,0,0,0,0,0,0,0,0,0,0,0,0,1,0,0,1,0,0,0,1,0,0,0,0,0,0,0,1,0,0,0,1,0,0,0,0,0,1,0,0,0,0,0,0,0,0,0,0,0,0,0,2,0,0,0,2,0,0,0,0,0,0,0,0,0,0,0,0,0,1,0,0,0,0,0,0,1,0,0,0,0,0,0,0,0,0,0,0,0,0,0,0,0,1,0,0,0,0,0,0,0,0,0,0,0,0,0,0,1,0,0,1,0,0,0,1,0,0,0,0,0,0,0,0,0,0,1,0,1,0,1,0,1,0,2,0,0,0,0,0,0,0,0,0,0,0,1,0,0,0,0,0,0,0,0,0,0,0,0,0,0,0,0,0,0,1,0,0,0,0,0,0,0,0,0,1,0,0,0,0,0,1,0,0,0,0,0,0,0,0,0,0,0,0,0,0,0,0,0,0,0,1,0,0
0,0,0,0,0,0,0,0,0,0,0,0,0,0,0,0,1,0,0,2,0,0,0,0,0,0,0,0,0,0,0,0,0,0,0,1,0,0,0,0,1,0,0,0,0,0,0,3,1,0,1,0,0,0,1,0,0,0,0,0,0,0,0,0,1,0,0,1,0,0,0,0,0,0,0,0,0,0,0,1,0,0,0,1,0,0,0,0,1,1,0,0,0,0,0,0,0,0,0,0,0,0,1,3,0,0,0,0,0,0,0,0,0,0,0,0,0,0,0,1,0,0,0,0,0,0,0,0,1,0,0,1,0,0,0,0,0,0,0,0,1,0,0,2,0,1,0,0,0,0,0,0,0,0,0,1,0,0,0,0,1,0,0,0,0,0,0,0,0,1,0,0,0,0,0,0,0,0,0,0,1,0,2,0,1,0,0,0,0,0,0,1,1,0,0,0,0,0,1,0,0,0,0,0,0,0,0,0,0,0,0,0,0,0,0,0,0,1,0,0,0,0,0,0,0,0,0,0,0,0,0,0,0,0,0,0,0,0,0,0,0,0,0,0,0,0,0,0,0,0,0,0,0,1,0,0
0,0,0,0,0,0,0,0,0,0,0,0,0,0,0,0,0,0,0,0,0,0,0,0,0,0,0,0,0,0,0,0,0,0,0,0,0,0,0,0,0,0,0,0,0,0,0,0,1,0,0,0,0,0,0,0,0,0,0,0,0,0,0,0,1,0,0,1,0,0,0,0,0,0,0,0,0,0,0,1,0,0,0,1,0,0,0,0,1,1,0,0,0,0,0,0,0,0,0,0,0,0,0,0,0,0,0,0,0,0,0,0,0,1,0,0,0,0,0,0,0,0,0,0,0,0,0,0,1,0,0,1,0,0,0,1,0,0,0,0,0,0,0,0,0,1,0,1,0,0,0,0,0,0,0,0,1,0,0,0,0,0,0,0,0,0,1,0,0,0,0,0,0,0,0,0,0,0,0,0,1,0,1,0,1,0,0,0,0,0,0,0,0,1,0,0,0,0,1,0,0,0,0,0,0,1,0,0,0,0,0,0,0,0,0,0,0,1,0,0,0,0,0,0,0,0,0,0,0,0,0,0,0,0,0,0,0,0,0,0,0,1,0,0,0,0,0,0,0,0,0,0,0,1,0,0
0,0,0,0,0,0,0,0,0,0,0,0,0,0,0,0,0,0,0,2,0,0,0,0,0,0,0,0,0,0,0,0,0,0,0,0,0,0,0,0,0,0,0,0,0,0,0,0,1,0,0,0,0,0,0,0,0,0,0,0,0,0,0,0,1,0,0,2,0,0,1,0,0,0,0,0,0,0,0,1,0,0,0,1,0,0,0,0,0,1,0,0,2,1,0,0,0,0,0,0,0,0,0,1,0,0,0,0,0,0,0,0,0,0,0,0,0,0,0,0,0,0,0,0,0,0,0,0,1,0,0,0,0,0,0,0,0,0,0,0,0,0,0,0,0,1,0,0,0,0,0,0,0,0,0,0,0,0,0,0,1,0,0,0,0,1,0,0,0,0,0,1,0,0,0,0,0,0,0,0,1,0,1,0,1,0,0,0,0,0,0,0,0,0,0,1,0,0,1,0,1,0,0,0,0,0,0,0,0,0,0,0,1,0,0,0,0,1,0,0,0,0,2,0,0,0,0,0,0,0,0,0,1,0,0,0,0,0,0,0,0,0,1,0,0,0,0,0,0,0,0,0,0,1,0,0
0,0,3,0,0,0,0,0,0,0,0,0,0,0,0,0,0,0,0,5,0,0,2,0,0,0,0,0,1,0,0,0,0,0,0,0,0,0,0,0,0,0,0,0,0,0,0,0,1,0,0,0,0,0,0,0,0,0,0,0,0,0,0,0,1,1,0,1,0,0,1,0,0,1,0,0,0,0,0,1,0,0,0,1,0,0,1,0,0,1,2,1,0,0,0,0,0,0,0,0,0,0,0,1,0,0,0,0,0,0,0,0,0,0,0,0,0,0,0,0,1,0,0,0,0,0,0,0,1,0,1,2,0,0,0,0,0,0,0,0,0,0,1,0,0,1,0,0,0,0,0,0,1,5,0,0,0,0,0,1,0,0,0,0,0,0,1,0,0,0,0,1,1,0,0,0,0,0,0,0,1,0,1,0,1,0,0,0,1,0,0,0,0,0,0,0,0,0,1,0,0,0,0,0,0,0,0,0,0,0,0,0,0,0,0,0,0,1,0,1,0,0,0,1,0,0,0,0,0,0,0,0,0,0,0,0,0,1,0,0,0,2,0,0,1,0,0,0,0,1,0,0,0,1,0,0
0,0,4,0,0,0,0,0,0,1,0,0,0,3,0,0,0,0,0,5,0,0,1,0,0,0,0,0,0,0,0,0,0,1,0,0,1,0,0,0,0,0,0,0,0,0,0,0,1,0,0,3,0,0,0,0,0,0,0,0,0,0,0,0,1,0,0,0,0,0,1,0,0,0,0,0,0,0,0,1,0,0,0,1,0,0,0,0,0,1,0,0,0,0,0,0,0,0,0,0,0,0,0,0,0,0,0,0,0,0,0,0,0,0,0,0,0,0,4,0,0,0,0,0,0,0,0,1,1,0,0,0,0,0,0,0,0,1,0,0,0,0,0,0,0,1,0,0,0,0,0,0,0,0,0,0,0,0,0,0,0,0,0,0,0,0,0,0,0,0,0,0,0,0,0,0,0,0,0,0,1,0,1,0,1,0,0,0,0,0,0,0,0,0,0,0,0,0,1,0,0,0,0,0,0,0,0,0,0,0,0,0,0,0,0,0,0,1,0,0,0,0,0,0,0,0,0,1,0,0,0,0,0,0,0,0,0,2,0,0,0,0,0,0,4,0,2,0,0,0,0,0,0,1,0,0
0,1,0,0,0,0,0,0,0,0,0,0,0,0,0,0,0,1,0,0,1,0,0,1,0,0,0,0,0,0,0,0,0,0,0,0,0,0,0,0,0,0,0,0,0,0,0,0,0,0,0,0,0,0,0,0,0,0,0,0,0,0,0,0,0,0,0,0,1,0,0,0,0,0,0,0,0,0,0,0,0,0,0,0,0,0,0,0,1,0,0,0,0,0,0,0,0,0,0,0,0,0,0,0,0,0,0,0,0,0,0,0,0,0,1,0,0,0,0,0,0,0,0,0,1,0,0,0,0,0,1,0,0,0,0,0,0,0,0,0,0,0,0,0,0,0,0,0,0,0,0,0,0,0,0,0,0,0,0,0,1,1,0,0,0,1,1,0,0,0,0,0,0,0,1,0,0,0,0,1,0,0,0,0,0,0,0,1,0,0,0,0,0,0,0,0,0,0,0,0,0,0,1,0,0,1,0,0,0,0,0,0,0,0,1,0,0,1,1,0,0,1,0,0,0,0,0,1,0,0,0,0,0,0,0,0,0,0,0,0,0,0,0,0,0,0,0,0,0,1,0,0,0,0,0,0
0,0,0,0,0,0,0,0,0,1,0,0,0,0,0,0,0,1,0,0,1,0,0,0,0,1,0,0,0,0,0,0,0,0,1,0,1,0,0,0,0,0,0,0,0,0,0,0,0,0,0,0,0,0,0,0,0,0,0,0,0,0,0,0,0,0,0,0,1,0,0,0,0,0,0,0,0,0,0,0,0,0,0,0,0,0,0,0,1,0,0,0,0,0,0,0,0,0,0,0,0,0,0,0,0,0,0,0,0,0,0,0,0,0,0,0,0,0,0,0,0,0,0,1,0,0,0,0,0,0,1,0,0,0,0,0,0,0,0,0,0,0,0,0,0,0,0,0,0,0,0,0,0,0,0,0,0,0,0,0,1,1,0,0,0,1,1,0,0,0,0,0,0,0,1,0,0,0,0,1,0,0,0,0,0,0,0,1,0,0,0,0,0,0,0,0,0,0,0,0,0,0,1,0,0,1,0,0,0,1,0,0,0,0,0,0,0,1,1,0,0,0,0,0,0,0,0,1,0,0,0,0,0,0,0,0,0,0,0,0,0,1,0,0,0,0,0,0,0,0,0,0,0,0,0,0
0,0,0,0,0,0,0,0,0,1,0,0,0,0,0,0,0,1,0,0,1,0,0,0,0,0,0,0,0,0,0,0,0,0,0,0,0,1,0,0,0,0,0,0,0,0,0,0,0,0,0,0,0,0,0,0,0,1,0,0,0,0,0,0,0,0,0,0,1,0,0,0,0,0,0,0,0,0,0,0,0,0,0,0,0,0,0,0,1,0,0,0,0,0,0,0,0,0,0,0,0,0,0,0,0,0,0,0,0,0,0,0,0,0,0,0,0,1,0,0,0,0,0,2,0,0,0,0,0,0,1,0,0,0,0,0,0,0,0,0,0,0,0,0,0,0,0,0,0,0,0,0,0,0,0,0,0,0,0,0,1,3,0,0,0,1,1,0,0,0,0,0,1,0,1,0,0,0,0,1,0,0,1,0,0,0,0,1,0,0,0,0,0,0,0,0,0,0,0,0,0,0,0,0,0,1,0,1,0,0,1,1,0,0,0,0,0,2,1,0,1,0,0,0,0,0,0,1,0,0,0,0,0,0,0,0,0,0,0,0,0,1,0,0,0,0,0,0,0,0,0,0,0,0,0,0
0,0,0,0,0,0,0,0,0,0,0,0,0,0,0,0,0,1,0,0,1,0,0,0,0,0,0,0,0,0,0,0,0,0,0,0,0,0,0,0,0,0,0,0,0,0,0,0,0,0,0,0,0,0,0,0,0,0,0,0,0,0,0,0,0,0,0,0,2,0,1,0,0,0,0,1,0,0,0,0,1,0,0,0,0,0,0,0,1,0,0,0,0,0,0,0,0,0,0,0,0,0,2,0,0,0,0,0,0,1,0,0,0,0,0,0,0,0,0,0,0,0,0,0,1,0,0,1,0,0,1,0,0,0,0,0,0,0,0,0,0,0,0,0,0,0,0,0,0,0,0,0,0,0,0,0,0,0,0,0,1,1,0,0,0,1,1,0,0,0,0,0,0,0,1,0,0,0,0,1,0,0,0,0,0,0,0,1,0,0,0,0,0,0,0,0,0,0,0,0,0,1,1,0,0,0,0,0,0,0,0,0,0,0,0,0,0,2,1,0,0,1,0,0,0,0,0,1,0,0,0,0,0,1,0,0,0,1,0,1,0,0,0,0,0,0,0,0,0,1,0,0,0,0,0,0
0,0,0,0,0,0,0,0,0,0,0,0,0,0,0,0,0,1,0,0,1,0,0,0,0,0,0,0,0,0,0,0,0,0,0,0,0,0,0,0,0,0,0,0,0,0,0,0,0,0,0,0,0,0,0,0,0,0,0,0,0,0,0,0,0,0,0,0,1,0,0,0,0,0,0,0,0,0,0,0,1,0,0,2,1,0,0,0,1,0,0,0,0,0,0,0,0,0,0,0,0,0,0,0,0,0,0,0,3,0,0,0,0,0,0,0,0,1,0,0,0,0,0,0,0,0,0,0,1,1,1,0,0,0,0,0,0,0,0,0,0,0,1,0,0,0,2,0,0,0,0,0,0,0,0,0,0,0,0,0,3,1,0,0,0,1,2,0,0,0,0,0,0,1,1,1,0,0,0,1,0,0,0,0,0,1,0,1,0,0,0,0,0,0,0,0,1,0,0,0,0,1,1,0,0,0,0,0,0,0,0,1,0,0,0,0,0,1,2,0,0,1,0,0,0,0,0,1,0,0,0,0,0,0,0,0,0,0,0,0,0,0,0,0,0,0,0,0,0,0,0,0,0,0,0,0
0,0,0,0,0,0,0,0,0,0,0,0,0,0,0,0,0,0,0,3,0,0,0,0,0,0,0,0,0,1,0,0,0,0,1,0,0,0,0,0,0,0,0,0,0,1,0,0,1,0,0,0,0,0,1,0,0,0,1,0,0,0,2,0,1,0,0,1,0,0,1,0,0,0,0,0,0,0,0,1,0,0,0,1,0,0,0,0,0,1,0,0,0,0,0,0,0,0,1,0,0,0,0,0,0,0,0,0,0,0,0,0,0,1,0,0,0,0,0,0,0,0,0,0,0,0,0,0,1,0,0,2,0,0,1,0,0,0,0,0,0,0,0,0,0,1,0,0,0,0,0,0,0,0,0,0,1,0,0,0,0,0,0,0,0,0,0,0,0,0,0,0,0,0,0,0,0,0,0,0,1,0,1,0,1,0,0,0,0,0,0,0,1,0,0,0,0,0,1,0,0,0,0,0,0,0,0,0,0,0,0,0,0,0,0,0,0,1,0,0,0,0,0,0,0,0,0,0,0,0,0,0,0,0,0,0,0,0,0,0,0,0,0,0,0,0,0,0,0,0,0,0,0,1,0,0
0,0,0,0,0,0,0,0,0,0,0,1,0,0,0,0,1,0,0,2,0,0,0,0,0,0,0,0,0,0,0,0,0,0,0,0,1,0,0,0,0,0,0,0,0,0,0,0,1,0,0,0,0,0,1,0,0,0,0,0,0,0,0,0,1,0,0,0,0,0,1,1,0,0,0,0,0,0,0,1,0,0,0,1,0,0,1,0,0,1,0,0,0,0,0,0,0,0,0,0,0,0,0,0,0,0,0,0,0,0,0,0,0,0,0,0,0,0,0,0,0,0,0,0,0,0,0,0,1,1,0,0,0,0,0,0,0,0,0,0,0,0,0,0,0,1,0,0,0,0,0,0,0,0,0,1,0,1,0,0,1,0,0,0,0,0,0,0,0,0,0,0,0,0,0,0,0,0,0,0,1,0,1,0,1,0,0,2,0,0,0,0,0,0,0,1,0,0,2,0,1,0,0,0,0,0,0,0,0,0,1,0,0,0,0,0,0,1,0,0,0,0,0,0,0,0,0,0,0,0,0,0,0,0,0,0,0,0,0,0,0,0,0,0,0,0,0,0,0,0,0,0,0,1,0,0
0,0,0,0,0,0,0,0,0,0,0,0,0,2,0,0,0,0,0,3,0,0,0,0,0,0,0,0,0,0,0,0,0,0,0,0,0,0,1,1,0,0,1,0,1,0,0,0,1,1,0,0,0,0,0,0,0,0,0,0,0,0,0,0,0,0,1,1,0,0,0,0,0,0,0,0,0,0,1,1,0,0,0,1,0,0,0,0,4,0,0,0,0,0,0,0,1,0,0,0,0,0,0,1,0,0,0,0,0,0,0,0,0,0,0,0,0,0,0,0,0,0,0,0,0,0,0,0,1,0,0,1,0,0,0,0,1,0,0,0,0,0,0,0,0,1,0,0,0,0,1,0,1,0,0,0,0,0,0,0,0,2,0,0,0,0,0,0,2,1,0,0,0,0,0,0,0,0,0,0,1,0,0,0,0,0,0,2,0,0,0,0,0,0,0,0,0,0,1,0,0,0,0,0,0,0,0,0,0,0,0,0,0,0,0,0,0,1,0,0,0,0,0,0,0,0,0,0,0,0,0,0,0,0,0,0,0,0,0,0,0,0,0,0,0,0,0,0,0,0,0,0,0,1,1,0
0,0,0,0,1,0,0,0,0,0,0,0,0,0,0,0,0,1,0,0,1,0,0,1,0,0,0,0,0,0,0,0,0,0,0,0,1,0,1,0,0,0,0,0,0,0,0,0,0,0,0,1,0,0,0,0,0,0,0,0,0,0,0,0,0,0,0,0,1,1,0,0,0,0,1,0,0,0,0,0,0,0,0,1,0,0,0,0,1,0,0,1,0,0,0,0,0,0,0,1,0,0,1,0,0,0,0,0,0,0,0,0,0,0,0,1,0,0,0,0,0,0,1,1,0,1,0,0,0,0,1,0,0,0,0,0,0,1,2,0,0,0,0,0,0,0,0,0,0,0,0,0,0,0,0,0,0,0,0,0,1,1,0,0,1,1,1,0,0,0,0,0,0,0,1,1,0,0,0,1,0,0,0,0,0,0,0,1,0,0,0,0,0,0,0,0,0,0,0,0,0,0,1,0,0,0,0,0,0,0,0,1,0,0,0,0,0,0,2,0,0,0,0,0,0,0,0,1,0,0,0,0,0,0,0,0,0,0,0,0,0,2,0,1,0,0,0,0,0,0,0,0,0,0,0,0
0,0,0,0,0,0,0,0,0,0,0,1,0,0,0,0,0,0,0,2,0,0,0,0,0,0,0,0,0,0,0,0,0,0,0,0,0,0,0,0,0,0,0,0,0,0,0,0,1,0,0,0,0,0,0,0,0,0,0,0,0,0,0,0,1,0,0,1,0,0,1,0,0,0,0,0,0,0,0,1,0,0,0,1,0,0,0,0,0,1,0,0,0,0,0,0,0,0,0,0,0,0,0,0,0,0,0,0,0,0,0,0,0,0,0,0,0,0,0,0,0,0,0,0,0,0,0,0,1,0,0,1,0,0,0,0,0,1,0,0,0,0,1,0,0,1,0,0,0,0,0,0,0,0,0,1,0,0,0,0,0,0,0,0,0,0,0,0,0,0,0,0,0,0,0,0,0,0,0,0,1,0,1,0,1,0,0,0,0,1,0,0,0,0,0,0,0,0,1,0,0,0,0,0,0,0,0,0,0,0,0,0,0,0,0,0,0,1,0,0,1,0,0,0,0,0,0,0,0,0,0,0,0,0,0,0,0,0,0,0,0,0,0,0,0,0,0,0,0,0,0,0,0,1,0,0
0,0,1,0,0,0,0,0,0,0,0,0,0,0,0,0,0,0,0,2,0,0,0,0,0,0,0,0,0,0,1,0,0,0,0,0,1,0,0,0,0,0,0,0,0,0,0,0,1,0,0,1,0,0,0,0,1,0,0,0,0,0,0,0,1,0,0,1,0,0,1,0,0,0,0,0,0,0,0,1,0,0,0,1,0,0,0,0,0,1,0,0,0,0,0,0,0,0,0,0,0,0,0,1,0,0,0,0,0,0,0,0,0,0,0,0,0,0,0,0,1,0,0,0,0,0,0,0,1,0,0,0,0,0,0,0,0,0,0,0,0,0,0,0,0,1,0,0,0,0,0,0,0,0,0,0,0,0,0,0,0,0,0,0,0,0,0,0,0,0,0,1,0,0,0,0,0,0,0,0,1,0,1,0,1,0,0,0,0,1,0,0,0,0,0,0,0,0,1,0,0,1,0,0,0,0,0,0,0,0,0,0,0,0,0,0,1,1,0,0,1,0,0,0,0,0,0,0,0,0,0,0,1,1,0,0,0,0,0,0,0,1,0,0,0,0,0,0,0,0,0,0,0,1,0,0
0,0,0,0,1,0,1,0,0,0,0,0,0,0,0,0,0,1,1,2,1,0,0,0,0,0,0,0,0,0,0,0,0,0,0,0,0,0,0,0,0,1,0,0,0,0,0,0,0,0,0,0,0,0,1,0,0,0,0,0,1,0,0,0,0,0,0,0,2,0,2,0,0,0,0,0,0,0,0,0,0,0,0,0,0,0,0,0,1,0,0,1,0,0,0,0,0,0,0,1,0,1,0,0,0,1,0,0,1,0,0,0,0,0,0,0,0,0,0,0,0,1,0,2,1,0,1,0,0,0,1,0,0,0,0,0,0,0,0,0,0,0,0,0,0,0,0,0,0,0,0,0,0,0,0,0,0,0,0,0,2,1,0,0,0,2,2,0,0,1,0,0,0,0,1,1,3,0,0,1,0,0,0,0,0,1,0,1,0,0,0,0,0,0,0,1,0,0,0,0,2,1,1,0,0,0,0,0,0,0,0,1,0,0,0,0,0,2,1,0,1,0,0,0,0,0,1,1,0,0,1,0,0,0,0,0,0,0,0,0,0,1,0,0,0,0,0,0,0,0,0,0,0,0,0,0
0,0,0,0,0,0,0,0,0,0,0,0,0,0,0,0,0,1,0,0,1,0,0,0,0,0,0,0,0,0,0,0,0,0,0,1,1,0,0,0,0,0,0,0,0,0,0,0,0,0,0,0,0,0,0,0,0,0,0,0,0,0,0,0,0,0,0,0,1,0,0,0,0,0,0,0,0,0,0,0,0,0,0,0,0,0,0,0,1,0,0,0,0,0,0,0,0,0,0,0,0,0,0,0,0,0,0,0,0,0,0,0,1,0,0,0,0,0,0,0,0,0,0,1,0,0,0,0,0,0,1,0,0,0,0,0,0,0,0,0,0,0,0,0,0,0,0,0,0,0,0,0,0,0,0,0,0,0,0,0,1,1,0,0,0,1,1,0,0,0,0,0,0,0,1,0,0,0,0,1,0,0,0,0,0,0,0,1,0,0,0,0,0,0,0,0,0,0,0,0,0,0,1,0,0,0,0,0,0,0,1,1,0,0,0,0,0,1,1,0,0,0,0,0,0,1,0,1,0,0,0,0,0,0,0,0,0,0,0,0,0,1,0,0,0,0,0,0,0,0,0,0,0,0,0,0
0,0,0,0,0,0,0,0,0,0,0,0,0,0,0,0,0,0,0,2,0,0,0,0,0,0,0,0,0,0,2,0,0,0,0,0,0,0,0,0,0,2,0,0,0,0,0,0,1,0,0,2,0,0,0,0,0,0,0,0,0,0,0,0,0,0,0,1,0,0,1,0,0,0,0,0,0,0,0,1,0,0,0,1,0,0,0,0,1,1,0,0,0,0,0,0,0,0,0,0,0,0,0,1,0,0,0,2,0,0,0,0,0,0,0,0,0,0,0,0,0,0,0,0,0,0,0,0,1,0,0,0,0,0,0,0,0,0,0,0,0,0,0,0,0,1,0,0,0,0,0,0,0,0,0,0,0,0,0,0,0,0,0,0,0,2,0,0,0,0,0,2,0,0,0,0,0,0,0,0,1,0,1,0,0,0,0,0,0,0,0,0,0,0,0,0,0,0,1,0,0,0,0,0,0,0,0,0,0,0,2,0,0,0,0,0,0,1,1,0,0,0,0,0,0,0,0,0,0,0,0,0,0,0,0,0,0,0,0,0,0,0,0,0,0,0,0,0,0,0,0,0,0,1,0,0
0,0,0,0,0,0,0,0,0,0,0,1,0,0,0,0,2,0,0,3,0,0,0,0,0,0,0,0,0,0,0,0,0,0,0,1,0,0,2,0,1,0,0,0,0,0,0,0,1,0,0,0,0,0,2,0,0,0,0,0,0,0,0,0,1,0,0,1,0,0,1,0,0,0,0,0,0,0,0,1,0,0,0,1,0,0,0,0,0,1,0,0,0,0,0,0,1,0,0,0,0,0,0,0,0,0,0,0,0,0,0,0,0,0,0,0,0,0,0,0,1,0,0,0,0,0,0,0,1,0,0,0,0,0,0,0,0,0,0,0,0,0,0,0,0,1,0,0,0,0,0,1,0,0,0,0,0,0,0,0,0,0,0,0,0,0,0,0,0,0,0,0,0,0,0,0,0,0,0,0,1,0,1,0,1,0,0,0,0,0,0,0,0,0,0,0,0,0,1,0,0,0,0,0,0,0,0,0,0,0,0,0,0,0,0,0,0,1,0,0,0,0,0,0,0,0,0,0,0,0,0,0,0,0,0,0,0,0,0,0,0,1,1,0,0,0,0,0,0,0,0,0,0,1,0,0
0,0,0,0,0,0,0,0,0,0,0,0,0,0,0,0,0,0,0,1,0,0,0,0,0,0,0,0,0,0,0,0,1,0,0,0,0,0,0,0,0,0,0,0,0,0,0,1,1,0,0,0,0,0,0,0,0,0,0,0,0,0,0,0,1,0,0,1,0,0,1,0,0,0,0,0,0,0,0,1,0,0,0,1,0,0,0,0,0,1,0,0,0,0,0,0,0,0,0,0,0,0,0,1,0,0,0,0,1,0,0,0,0,0,0,0,0,0,0,1,0,0,0,0,0,0,0,0,1,0,0,1,0,0,0,0,0,0,0,0,0,0,0,1,0,1,0,0,0,0,0,0,0,0,0,0,0,0,0,0,0,0,0,0,0,0,0,0,0,0,0,0,0,0,0,0,0,0,0,0,1,0,1,0,1,0,0,0,0,0,0,0,0,0,0,0,0,0,1,0,0,0,0,0,0,0,0,0,0,0,0,0,0,0,0,0,0,1,0,0,0,0,0,0,0,0,0,0,0,0,0,0,0,0,0,0,1,0,0,0,0,0,0,0,0,0,0,0,0,0,0,0,0,1,0,0
0,0,0,0,0,0,0,0,0,0,0,0,0,0,0,0,0,0,0,1,0,0,0,0,0,0,0,0,0,0,0,0,0,0,0,0,1,0,0,0,0,0,0,0,0,0,0,0,1,0,1,0,0,0,0,0,0,0,0,0,0,0,0,0,1,0,0,1,0,0,0,0,0,0,0,0,0,0,0,1,0,0,0,1,0,0,0,1,1,1,1,0,1,0,0,0,0,0,0,0,0,0,0,2,0,0,0,0,0,0,0,0,0,0,0,0,0,0,1,0,0,0,0,0,0,0,0,0,1,0,0,1,0,0,0,1,0,0,0,0,0,0,0,0,0,2,0,0,0,0,0,0,0,0,0,0,0,0,0,0,1,0,0,0,0,0,0,0,0,0,0,0,0,0,0,0,0,0,1,0,1,0,2,1,1,1,0,0,0,0,0,0,0,0,0,0,0,0,1,0,0,0,0,0,0,0,0,0,0,0,0,0,0,0,0,0,0,1,0,0,0,0,0,0,0,0,0,0,0,0,0,0,0,0,0,0,0,0,0,0,0,0,0,0,0,0,0,0,0,0,0,0,0,1,0,0
0,0,0,0,0,0,0,0,0,0,0,0,0,0,0,0,0,1,0,1,0,0,0,0,0,0,0,0,0,0,0,0,0,0,0,0,0,0,1,0,0,0,0,0,0,0,0,0,1,0,0,1,0,0,1,0,0,0,1,0,0,0,0,0,1,0,0,1,0,0,1,0,0,0,0,0,0,0,0,1,1,0,0,1,1,0,2,0,1,1,0,0,0,0,0,0,2,0,0,0,0,0,0,0,0,0,0,0,0,0,0,0,0,1,0,0,0,0,0,0,0,0,0,0,0,0,0,0,1,0,0,0,0,0,0,0,1,0,1,0,1,0,0,0,0,1,0,0,0,0,0,0,0,0,0,0,0,0,0,0,0,0,0,0,0,0,0,0,0,0,0,0,0,0,0,0,0,0,0,0,1,0,1,0,1,0,0,0,0,0,0,0,0,0,0,0,0,0,1,0,0,0,0,0,0,0,0,0,0,0,0,0,0,0,0,0,0,1,0,0,0,0,0,0,0,0,0,0,0,0,0,0,0,0,0,0,0,0,0,0,0,0,0,0,0,0,0,0,0,0,0,0,0,1,0,0
0,0,0,0,0,0,0,0,0,0,0,0,0,0,0,0,0,1,0,0,1,0,0,0,0,0,0,0,0,0,0,0,0,0,0,0,2,0,0,0,0,0,0,0,0,0,0,0,0,0,0,0,0,0,0,0,0,0,0,0,0,0,0,0,0,0,0,0,1,0,0,0,0,0,1,0,0,0,0,0,0,0,0,0,0,0,0,0,1,0,0,0,0,0,0,0,0,0,0,0,0,0,0,0,0,0,0,0,0,0,0,0,0,0,0,0,0,0,0,0,0,0,0,0,0,0,0,0,0,0,1,0,0,1,1,0,0,0,0,0,0,0,0,0,0,0,0,0,0,0,0,0,0,0,0,0,0,0,0,0,1,1,0,0,0,1,1,0,0,0,0,0,0,0,1,0,0,0,0,1,0,0,0,0,0,0,0,1,0,0,0,0,0,0,0,0,1,0,2,1,0,0,1,0,0,0,0,0,0,0,2,0,0,0,0,0,0,0,1,0,0,0,0,0,0,0,1,1,0,0,2,0,0,1,0,0,0,0,0,0,0,2,0,0,0,0,0,0,0,0,0,0,0,0,0,0
0,1,0,0,0,0,0,0,0,1,0,0,0,0,0,0,0,1,1,2,1,0,0,1,1,0,0,0,0,0,0,0,0,0,0,0,0,0,0,0,0,0,0,0,0,0,0,0,0,0,0,0,0,0,0,0,0,0,0,0,0,0,0,0,0,0,0,0,1,0,0,0,0,0,0,0,0,0,0,0,0,0,0,1,0,0,0,0,1,0,0,0,0,0,0,0,0,0,2,0,0,0,0,0,0,0,0,0,0,0,0,0,0,0,0,0,0,2,0,0,0,0,0,3,0,0,0,0,0,0,1,0,0,0,0,0,1,0,0,0,0,0,0,0,0,0,0,1,0,0,0,0,0,0,0,0,0,0,0,0,1,1,0,0,0,2,1,0,0,0,0,1,0,0,1,0,0,0,0,1,0,0,1,0,0,0,0,1,0,0,0,0,0,0,0,1,0,0,2,0,1,0,1,0,0,2,0,0,0,0,0,0,0,0,1,0,0,2,3,0,1,1,0,0,0,0,0,1,0,0,0,0,0,0,0,0,0,0,0,0,0,0,0,0,0,0,0,0,0,0,0,0,0,0,0,0
0,0,0,0,0,0,0,0,0,0,0,0,0,0,0,0,0,0,0,2,0,0,1,0,0,0,0,0,1,0,0,0,0,0,0,0,0,0,0,0,0,0,0,0,1,0,0,0,1,0,0,0,0,0,0,0,0,0,0,0,0,0,0,0,1,0,0,1,0,0,1,1,0,0,0,0,0,0,0,2,0,0,0,1,0,0,0,0,0,1,0,0,0,0,0,0,0,0,0,0,0,0,1,2,0,0,0,1,0,0,0,0,0,0,0,0,0,0,0,0,0,0,0,0,0,0,0,0,1,0,0,0,0,0,0,0,0,0,0,0,0,0,0,0,0,1,0,0,0,0,0,0,0,0,0,0,0,0,0,0,0,0,0,0,0,1,0,0,0,0,0,0,0,0,0,0,0,0,0,0,1,0,1,0,1,1,0,0,0,0,0,0,0,0,0,0,0,0,1,0,0,0,0,0,0,0,0,0,0,0,0,0,0,0,0,0,0,1,0,0,0,0,0,0,0,0,0,1,0,0,0,0,0,0,0,0,0,0,0,0,0,0,0,0,0,0,0,0,1,0,1,0,0,2,0,0
0,0,0,0,0,0,0,0,0,0,0,0,0,0,0,0,0,1,0,0,1,0,0,0,0,0,0,0,0,0,0,0,0,0,1,0,0,0,0,0,0,0,0,0,0,0,0,0,0,0,0,0,0,0,0,0,0,0,0,0,1,0,0,0,0,0,0,0,1,0,0,0,0,0,0,0,0,0,0,0,0,0,0,0,0,0,0,0,1,0,0,0,0,0,0,0,0,0,0,0,0,0,0,0,0,0,0,0,0,0,0,0,0,0,0,0,0,0,0,0,0,0,0,1,1,0,0,0,0,0,1,0,0,0,0,0,0,0,0,0,0,0,0,0,0,0,0,0,0,0,0,0,0,0,0,0,0,0,0,0,1,1,0,0,0,1,1,0,0,0,0,0,0,0,1,0,0,0,0,1,0,0,0,0,0,0,0,1,0,0,0,0,0,0,0,0,0,0,0,0,0,0,1,0,0,0,0,0,0,0,0,1,0,0,0,0,0,1,1,0,0,0,1,0,0,0,0,1,0,0,0,0,0,0,0,0,0,1,0,0,0,1,0,0,0,0,0,0,0,0,0,0,0,0,0,0
0,2,0,0,0,0,0,0,1,0,1,0,0,0,1,0,0,1,0,0,0,0,1,0,0,1,0,0,0,0,0,0,0,0,0,0,0,0,2,0,1,0,1,0,0,0,0,1,1,1,1,0,0,0,0,0,0,0,0,0,1,0,0,0,0,0,1,1,0,0,1,0,0,0,0,0,0,0,1,1,0,0,0,0,0,0,0,0,0,0,0,0,0,0,0,0,0,0,0,0,0,0,0,0,1,0,0,0,0,0,0,0,0,0,0,0,0,0,0,0,0,0,0,0,0,0,0,0,0,0,0,1,0,0,0,0,0,0,0,0,0,0,0,0,0,0,0,0,0,0,0,0,0,0,0,0,0,0,0,0,0,0,0,0,0,0,0,0,0,0,0,0,0,0,0,0,0,0,0,0,0,0,0,0,0,0,0,0,0,0,0,0,0,0,0,0,0,0,0,0,0,0,0,0,0,0,0,0,1,1,0,0,0,0,0,0,0,0,0,0,0,1,0,0,0,0,0,0,1,0,0,0,0,1,0,0,0,0,0,0,0,0,0,0,0,0,1,0,0,1,0,0,0,0,1,0
0,0,1,0,0,0,0,0,0,0,0,0,0,0,0,0,0,0,0,2,0,0,1,0,0,0,0,0,0,0,0,0,0,0,0,0,0,0,0,0,0,0,0,0,0,0,0,0,1,0,0,1,0,0,0,0,1,0,0,0,0,0,0,0,1,0,0,1,0,0,0,0,0,0,0,0,0,0,0,1,0,0,0,1,0,0,0,0,1,1,0,0,0,0,0,0,0,0,0,0,2,0,0,1,0,0,0,1,0,0,0,0,0,1,0,0,0,0,1,0,0,0,0,0,0,0,0,0,1,0,0,1,0,0,0,0,0,1,0,0,0,0,0,0,0,1,0,0,0,0,0,0,0,0,0,0,0,1,0,0,0,0,0,0,0,0,0,0,0,0,0,0,0,0,0,0,0,0,0,0,1,0,1,0,1,0,0,0,0,0,0,0,0,0,0,0,0,0,1,0,0,0,0,0,0,0,1,0,0,0,0,0,0,0,0,0,0,1,0,0,0,0,0,0,0,0,0,0,0,0,0,0,0,0,0,0,0,0,0,0,0,1,0,0,0,0,0,0,0,0,0,0,0,1,0,0
0,0,0,0,0,0,0,0,0,0,0,0,0,0,0,0,0,0,0,3,0,1,0,0,0,0,0,0,0,0,0,0,0,0,0,0,0,0,1,0,2,0,0,0,2,0,0,0,1,0,1,0,0,0,0,0,0,0,0,4,0,0,0,0,1,0,0,1,0,0,1,0,0,0,0,0,1,0,0,1,0,0,0,1,0,0,1,0,0,1,0,0,2,0,0,0,0,0,0,0,0,0,0,2,0,0,0,1,0,1,0,0,0,0,0,0,0,0,0,0,1,0,1,0,0,0,0,0,1,0,1,1,0,0,0,0,0,0,0,0,0,0,0,1,0,1,0,0,0,0,0,0,0,0,0,2,0,0,0,0,1,0,0,1,0,0,0,0,0,0,0,1,0,0,0,0,0,0,0,0,1,0,1,0,1,0,0,0,0,0,0,0,0,0,0,0,0,0,1,0,0,0,0,0,0,0,0,0,0,0,0,0,0,0,0,0,0,1,0,0,0,0,0,0,0,0,0,0,0,0,0,0,0,1,0,0,0,0,0,0,0,0,0,0,0,0,0,0,0,0,0,0,0,1,0,0
0,0,0,0,0,0,0,0,0,0,0,0,0,0,0,0,0,0,0,1,0,0,0,0,0,0,0,0,0,0,0,0,0,0,0,0,0,0,0,0,0,0,0,0,0,0,0,0,1,0,0,0,0,0,0,0,0,0,0,0,0,0,0,0,1,0,0,1,0,0,1,1,0,0,0,0,0,0,0,2,0,0,0,1,0,0,0,0,0,1,0,0,0,0,0,0,1,0,0,0,0,0,0,1,0,0,0,0,0,0,0,0,0,0,0,0,0,0,0,0,0,0,0,0,0,0,0,0,1,0,0,0,0,0,0,0,0,0,0,0,0,0,0,0,0,1,0,0,0,0,0,0,0,0,0,0,0,0,0,0,1,0,0,0,0,0,0,0,0,0,0,0,0,0,0,1,0,1,0,0,1,0,1,0,1,0,0,0,0,0,0,0,0,0,0,0,0,0,1,0,0,0,0,0,0,0,0,0,0,0,0,0,0,0,0,0,0,1,0,0,1,0,0,0,0,0,0,0,0,0,0,0,0,0,0,0,0,0,0,0,0,0,0,0,0,0,0,0,0,0,0,0,0,1,0,0
0,0,2,0,0,0,0,0,0,0,0,0,0,1,0,0,0,0,0,2,0,0,1,0,0,0,0,0,0,0,0,0,0,0,0,0,0,0,0,0,0,0,0,0,0,0,0,1,1,0,0,0,0,0,0,0,0,0,0,0,0,0,0,0,1,0,0,1,0,0,0,1,0,0,0,0,0,0,0,1,0,0,0,1,0,0,0,0,1,1,0,0,0,0,0,0,0,0,0,0,0,0,0,0,0,0,0,0,0,0,0,0,0,0,0,0,0,0,1,1,0,0,0,0,0,0,0,0,1,0,0,0,0,0,0,0,0,0,0,0,0,1,0,0,0,1,0,0,0,0,0,0,0,0,0,0,0,1,0,0,0,0,0,0,0,0,0,0,0,0,0,0,0,0,0,0,0,0,0,0,1,0,1,0,1,0,0,0,0,0,0,0,0,0,0,0,0,0,1,0,0,0,0,0,0,0,0,0,0,0,0,0,0,0,0,0,0,1,0,0,0,0,0,0,0,0,0,1,0,1,0,0,0,0,0,0,0,2,0,0,0,0,0,0,1,0,0,0,0,0,0,0,0,1,0,0
0,0,0,0,0,0,0,0,0,0,0,0,0,0,0,0,0,1,0,1,1,0,0,0,0,0,0,0,0,0,0,0,0,0,0,0,1,0,0,0,0,1,0,0,0,0,0,0,1,0,0,0,0,0,0,0,0,0,0,0,0,0,0,0,0,0,0,0,1,0,0,0,0,0,0,0,0,0,0,0,0,0,0,0,0,0,0,0,1,0,0,0,0,0,0,0,0,0,0,0,0,0,0,0,0,0,0,0,0,0,0,0,0,0,0,0,0,0,0,0,0,0,0,0,0,0,0,0,0,0,1,0,0,0,0,0,0,0,0,0,0,0,0,0,0,0,0,0,0,0,0,0,0,0,0,0,0,0,0,0,1,1,0,0,0,1,1,0,0,0,0,0,0,0,1,0,0,0,0,1,0,0,0,0,0,0,0,1,0,0,0,0,0,0,0,0,0,0,0,0,0,0,0,0,0,0,0,0,0,0,0,0,0,0,0,0,0,1,1,0,2,1,0,0,0,1,0,1,0,0,0,0,0,0,0,0,0,0,0,0,0,0,0,1,0,0,0,0,0,0,0,0,0,0,0,0
0,0,0,0,0,0,0,0,0,0,0,0,0,0,1,0,0,0,0,1,0,0,0,0,0,0,0,0,0,0,0,0,0,0,0,0,0,0,0,0,0,0,0,0,0,0,0,0,1,0,0,0,0,0,0,0,0,0,0,0,0,0,0,0,1,0,0,0,0,0,1,0,0,0,0,0,0,0,0,1,0,0,0,1,0,0,0,0,0,1,0,0,0,0,0,0,0,0,0,0,0,0,0,1,0,0,0,0,0,0,0,1,0,0,0,0,0,0,0,0,1,1,0,0,0,0,0,0,1,0,0,1,0,0,0,0,0,0,0,0,0,0,0,0,0,1,0,0,0,0,0,0,0,0,0,0,0,0,0,0,0,0,0,0,0,0,0,0,0,0,0,0,0,0,0,0,0,0,0,0,1,0,1,0,1,0,0,0,0,0,0,0,0,0,0,0,0,0,1,0,0,1,0,0,0,0,0,0,0,0,0,0,0,0,0,0,0,1,0,0,1,0,0,0,0,0,0,0,0,0,0,0,1,0,0,0,0,0,0,0,0,0,0,0,0,0,0,0,0,0,0,0,0,1,0,0
0,0,0,0,0,0,0,0,0,0,0,0,0,0,0,0,0,0,0,0,0,0,0,0,0,0,0,0,0,0,0,0,0,0,0,0,0,0,0,0,0,0,0,0,0,0,0,0,1,0,0,0,0,0,0,0,0,0,0,0,0,0,0,0,1,0,0,1,0,0,0,0,0,0,0,0,0,0,0,1,0,0,0,1,0,0,1,0,0,1,0,0,0,0,0,0,1,0,0,0,0,0,0,0,0,0,1,0,0,0,0,0,0,0,0,0,0,0,0,0,0,0,0,0,0,0,0,0,1,0,0,0,0,0,0,0,0,0,0,0,0,0,0,0,0,1,0,0,0,0,0,0,0,0,0,0,0,0,0,0,0,0,0,0,0,0,0,0,0,0,0,0,0,0,0,0,0,0,0,0,2,0,1,0,1,1,0,1,0,0,0,0,0,0,0,0,0,0,1,0,0,0,0,0,0,0,0,0,0,0,0,0,0,0,0,0,0,1,0,0,1,0,0,0,0,0,0,1,0,0,0,0,1,0,0,0,0,0,1,0,0,0,0,0,0,0,0,0,0,0,0,0,0,1,0,0
0,0,0,0,0,0,0,1,0,0,0,0,0,0,0,0,0,0,0,2,0,1,0,0,0,0,0,0,0,0,0,0,0,0,0,0,0,0,0,0,0,0,0,0,0,0,0,0,1,0,0,0,0,0,0,0,0,0,0,0,0,0,0,0,1,0,0,0,0,0,1,0,0,0,0,0,0,0,0,1,0,0,0,1,0,0,0,0,0,1,0,0,0,0,0,0,0,0,0,0,0,0,0,1,0,0,0,0,0,0,0,0,0,1,0,0,0,0,0,0,0,1,0,0,0,0,0,0,1,0,0,0,0,0,0,0,0,0,0,0,0,0,0,0,0,1,0,0,0,0,0,0,0,0,0,0,0,0,0,0,0,0,0,0,0,0,0,0,0,0,0,0,0,0,0,0,0,0,0,0,1,0,1,0,1,0,0,0,0,0,0,0,0,0,0,0,0,0,1,0,0,0,0,0,0,0,1,0,0,0,0,0,0,0,0,0,0,1,0,0,0,0,0,0,0,0,0,1,0,0,0,0,0,0,0,0,0,0,0,0,0,1,0,0,0,0,0,0,0,0,0,0,0,1,0,0
0,0,0,0,0,0,0,0,0,0,0,0,0,0,0,0,0,0,0,0,0,0,0,0,0,0,0,0,0,0,0,0,0,0,0,0,0,0,0,0,0,0,0,0,0,0,0,0,1,0,0,0,0,0,0,0,0,0,0,0,0,0,0,0,1,0,0,1,0,0,1,0,0,0,0,0,0,0,0,2,0,0,0,1,0,0,1,0,1,1,1,0,1,0,0,0,0,0,0,0,0,0,0,1,0,0,0,0,0,0,0,1,0,0,0,0,0,0,0,0,0,0,0,0,0,0,0,0,1,0,0,0,0,0,0,0,0,0,0,0,0,0,0,0,0,1,0,0,0,0,0,0,0,0,0,0,0,0,0,0,0,0,0,0,0,0,0,0,0,0,0,0,0,0,0,0,0,0,0,0,1,0,1,0,1,0,0,0,0,0,0,0,0,0,0,0,0,0,1,0,0,0,0,0,0,0,0,0,0,0,0,0,0,0,0,0,0,1,0,0,1,0,0,0,0,1,0,0,0,0,0,0,0,0,0,0,0,0,0,0,0,0,0,0,0,0,0,0,0,0,0,0,0,1,0,0
0,0,0,0,0,0,0,0,0,0,0,0,0,0,1,0,0,0,0,0,0,0,0,0,0,1,0,0,0,0,1,0,0,0,0,0,0,0,0,0,0,0,1,0,0,0,0,1,0,1,1,1,0,0,0,0,0,0,0,0,1,0,0,0,0,0,1,0,0,0,0,1,0,0,0,0,0,0,1,0,0,0,0,0,0,0,0,0,0,0,0,0,1,0,0,1,0,0,0,0,0,0,0,0,1,0,0,0,0,0,0,1,0,0,0,1,0,0,0,0,0,0,0,0,0,0,0,0,0,0,0,0,0,0,0,0,0,0,0,0,0,0,0,0,0,0,0,0,0,0,0,0,0,0,0,0,0,0,0,0,0,0,0,0,0,0,1,0,0,2,0,0,0,1,0,0,0,0,0,0,0,0,0,1,0,0,0,0,1,0,0,0,0,0,0,0,0,0,0,0,0,0,0,0,0,0,0,0,1,1,0,0,0,0,0,0,0,0,0,0,0,0,0,0,0,0,0,0,0,0,1,0,0,0,0,0,1,0,0,1,0,1,0,0,0,0,0,1,0,1,0,0,0,1,0,0
0,1,0,0,0,0,0,0,0,0,0,0,0,0,0,0,0,0,0,1,1,0,0,0,0,0,0,0,0,0,0,0,0,0,0,0,0,0,0,0,0,0,0,0,0,0,0,0,1,0,0,0,0,0,0,0,0,0,0,0,1,0,0,0,0,0,0,1,1,0,1,0,0,0,0,0,0,0,0,1,0,0,0,1,0,0,0,0,1,0,0,0,0,0,0,0,1,0,0,0,0,0,0,1,0,0,0,0,0,0,0,0,0,0,0,0,0,0,0,0,0,0,0,0,1,0,0,0,1,0,1,1,0,0,0,0,0,0,0,0,0,0,0,0,0,1,0,0,0,0,0,0,0,0,0,0,0,0,0,0,1,1,0,0,0,0,1,0,0,1,0,1,0,0,0,0,0,0,0,0,1,0,0,0,0,1,0,0,0,0,0,0,0,0,0,0,0,0,1,0,0,0,0,0,0,1,0,0,0,0,0,0,0,0,0,0,1,1,1,0,0,0,0,0,0,0,0,0,0,0,0,1,0,0,0,0,0,0,0,0,0,0,0,0,0,0,0,0,0,0,0,0,0,1,0,0
0,0,0,0,0,0,0,0,0,0,0,0,0,0,0,0,0,0,0,1,0,0,1,0,0,0,0,0,0,0,0,0,0,0,0,0,0,0,0,0,0,0,0,0,0,0,0,1,1,0,0,0,0,0,0,0,0,0,0,0,0,0,0,0,1,1,0,1,0,0,0,0,0,0,0,0,1,0,0,1,0,0,0,1,0,0,0,0,0,1,0,0,2,0,0,0,0,0,0,0,0,0,0,1,0,1,0,0,1,0,0,0,0,0,0,0,0,0,0,1,2,1,0,0,0,0,0,0,1,0,0,0,0,0,0,0,0,0,0,0,0,0,0,0,0,1,0,0,0,0,0,0,0,0,0,0,0,0,0,0,0,0,0,0,0,0,0,0,0,0,0,0,0,0,0,0,0,0,0,0,1,0,1,0,1,0,0,0,0,0,0,0,0,0,0,0,0,0,1,0,0,0,0,0,0,0,0,0,0,0,1,0,0,1,0,0,0,1,0,0,0,0,0,0,0,0,0,1,0,0,0,0,0,0,0,0,0,0,1,0,0,0,0,0,0,0,0,0,0,0,0,0,0,1,0,0
0,0,0,0,0,0,0,0,0,0,0,0,0,0,0,0,1,0,0,4,0,0,0,0,1,0,0,0,0,0,0,0,0,0,0,0,0,0,0,0,0,0,0,0,0,0,0,0,1,0,0,0,0,0,0,0,1,1,0,0,0,0,0,0,1,0,0,1,0,0,1,1,0,0,0,0,0,0,0,2,0,0,0,1,0,0,0,0,0,1,0,0,3,0,0,0,0,0,0,0,0,0,0,2,0,0,0,1,0,0,2,0,0,0,0,0,0,0,1,0,1,1,0,0,0,0,0,0,1,0,0,0,0,0,0,0,0,0,0,0,1,0,0,0,0,1,0,0,0,0,0,0,2,1,0,0,0,0,0,0,0,0,0,0,0,0,0,0,0,0,0,0,0,0,0,0,0,0,0,0,1,0,1,0,1,0,0,0,0,0,0,0,0,0,0,0,0,0,1,0,0,0,0,0,0,0,0,0,0,0,0,0,0,0,0,0,0,1,0,0,0,0,0,0,0,0,0,0,0,0,0,0,0,0,0,0,0,0,0,0,0,0,0,0,0,0,0,0,0,0,0,0,0,1,0,0
0,0,0,0,0,0,0,0,0,0,0,0,0,0,0,0,0,0,0,1,0,0,1,0,0,0,0,0,0,0,0,0,0,0,0,0,0,0,0,0,1,0,0,0,0,0,0,0,1,0,1,0,0,0,2,0,1,0,0,1,0,0,0,0,1,0,0,1,0,0,1,0,0,0,0,1,0,0,0,2,0,0,0,1,0,0,0,0,0,1,1,0,1,0,0,0,0,0,0,0,0,0,0,1,0,0,0,0,0,0,0,0,0,0,0,0,0,0,0,0,0,0,0,0,0,0,0,0,1,0,0,0,0,0,0,0,0,0,0,0,0,0,0,0,0,1,0,0,0,0,0,0,0,0,0,0,0,0,0,0,1,0,0,0,0,0,0,0,0,0,0,0,0,0,0,0,0,0,0,0,1,0,1,0,1,0,0,1,0,1,0,0,0,0,0,0,0,0,1,0,0,0,0,0,0,0,0,0,0,0,0,0,0,0,0,0,0,1,0,0,0,0,0,0,0,0,0,0,0,0,0,0,0,0,0,0,0,0,0,0,0,0,0,0,1,0,0,0,0,0,0,0,0,1,0,0
0,0,0,0,0,0,0,0,0,0,0,0,0,0,0,0,0,0,0,0,0,0,0,0,0,0,0,0,0,0,0,0,0,0,0,0,0,0,0,0,0,0,0,0,0,0,0,0,1,0,1,0,0,0,0,0,0,0,0,0,0,0,0,0,0,0,0,1,0,0,1,0,0,0,0,0,0,0,0,1,0,0,0,1,0,0,0,0,1,1,0,0,0,0,0,0,0,0,0,0,1,0,1,0,0,0,0,1,0,0,0,0,0,1,0,0,0,1,0,0,0,0,0,0,0,0,0,0,1,0,0,1,0,0,0,1,0,0,0,0,0,0,0,0,0,1,0,0,0,0,0,0,0,0,0,0,0,0,0,0,0,0,0,0,0,0,0,0,0,0,0,0,0,0,0,0,0,0,0,0,1,0,1,0,0,0,0,0,0,0,0,0,0,0,0,0,0,0,1,0,0,0,0,0,0,0,0,0,0,0,0,0,0,0,0,0,0,1,0,0,0,0,1,0,0,0,0,0,0,0,0,0,0,0,0,0,0,0,0,0,0,0,1,0,0,0,0,0,0,0,0,0,0,1,0,0
0,0,0,0,0,0,0,0,0,0,0,0,0,0,0,0,0,0,0,1,0,0,0,0,0,0,0,0,0,0,0,0,0,0,0,0,0,0,0,0,0,0,0,0,0,0,0,1,1,0,0,0,0,0,0,0,0,0,0,0,0,0,0,0,1,0,0,0,0,0,1,0,0,0,0,0,1,0,0,1,0,0,0,1,1,0,1,0,0,1,0,0,1,0,0,0,0,0,0,0,0,0,0,0,0,0,0,1,0,0,0,0,0,0,1,0,0,0,0,0,0,0,0,0,0,0,0,0,1,0,0,0,0,0,0,0,0,0,0,0,0,0,0,1,0,1,0,0,0,0,0,0,0,0,0,0,0,0,0,0,0,0,0,0,0,0,0,0,0,0,0,0,0,0,0,0,0,0,0,0,1,0,1,0,1,0,0,0,0,0,0,0,0,0,0,0,0,0,1,0,0,0,0,0,0,0,0,0,0,0,0,0,0,0,0,0,0,1,0,0,0,0,0,0,0,0,0,1,0,0,0,0,0,0,0,0,0,0,0,0,0,0,0,0,0,0,0,0,0,0,0,0,0,1,0,0
1,0,0,0,0,0,0,0,0,0,0,0,0,1,0,0,0,0,0,3,0,1,0,0,1,0,0,0,0,0,0,0,0,0,0,0,0,0,0,0,0,0,0,0,0,0,0,0,1,0,0,0,0,0,0,0,0,0,0,0,0,0,0,0,1,0,0,1,0,0,0,0,0,0,0,0,0,0,0,1,0,0,0,1,0,0,0,0,1,1,2,0,1,0,0,0,0,0,0,0,0,0,0,2,0,0,0,0,1,1,0,0,0,0,0,0,0,0,0,0,0,0,0,0,0,0,0,0,1,0,0,0,0,0,0,0,0,0,0,0,0,0,0,0,0,1,0,0,0,0,0,0,0,0,0,0,0,0,0,0,0,0,0,0,0,0,0,0,0,0,0,0,0,0,0,0,0,0,0,0,1,0,1,0,1,0,0,0,0,0,0,0,0,0,0,0,0,0,1,0,0,0,0,1,0,0,0,0,0,0,0,0,0,0,0,0,0,1,0,0,0,0,0,0,0,0,0,0,0,0,0,0,0,1,1,0,0,0,0,0,0,0,0,0,0,0,0,0,0,0,0,0,0,1,0,0
0,0,0,0,0,0,0,0,0,0,0,0,0,0,0,0,0,0,0,1,0,0,0,0,0,0,0,0,0,0,0,0,0,0,0,0,0,0,0,0,0,1,0,0,0,0,0,1,1,0,0,0,0,0,0,0,0,0,0,1,0,0,0,0,1,0,0,1,0,0,1,0,0,0,0,0,0,0,0,1,0,0,0,1,0,0,0,0,0,1,0,0,0,0,0,0,0,0,0,0,0,0,0,0,0,0,0,1,0,0,0,0,0,0,0,0,0,0,0,1,0,0,0,0,0,0,0,0,1,0,0,0,0,0,0,0,0,0,0,0,0,0,0,0,0,1,0,0,0,0,0,0,0,0,0,0,0,0,0,0,0,0,0,0,0,0,0,0,0,0,0,0,0,0,0,0,0,0,0,0,1,0,1,0,1,1,0,0,0,0,0,0,0,0,0,0,0,0,1,0,0,0,0,0,0,0,0,0,0,0,0,0,0,0,0,0,1,1,0,0,0,1,0,0,0,0,0,0,0,0,0,0,0,0,0,0,0,0,0,0,0,0,0,0,0,0,0,0,0,0,0,0,0,1,0,0
0,0,0,0,0,0,0,0,0,0,0,0,0,0,0,0,0,1,0,0,1,0,0,0,0,0,0,0,0,0,0,0,0,0,0,0,1,0,0,0,0,0,0,0,0,0,0,0,0,1,0,0,0,0,0,0,0,0,0,0,0,0,0,0,0,0,0,0,1,1,0,0,0,0,0,0,0,0,1,0,1,0,0,0,0,0,0,0,1,0,0,1,0,0,0,0,0,0,0,0,0,0,0,0,0,0,0,0,0,0,0,0,0,0,1,0,0,0,0,0,0,0,0,0,1,0,0,0,0,0,1,0,0,0,0,0,0,0,0,0,0,0,0,0,0,0,0,0,0,0,0,0,0,0,0,0,0,0,0,0,1,1,0,0,0,1,1,0,0,0,0,0,0,0,1,0,0,0,0,1,0,0,0,0,0,0,0,1,0,0,1,0,0,0,0,0,0,0,0,0,0,0,0,0,0,1,0,0,0,0,0,1,0,0,0,0,0,2,1,0,2,0,0,0,0,0,0,1,0,0,1,0,0,0,0,0,0,0,0,0,0,1,0,0,0,0,0,0,0,0,0,0,1,0,0,0
0,0,0,0,0,0,0,0,0,0,0,0,0,0,0,0,0,1,0,0,1,0,0,1,0,0,0,0,0,0,0,0,0,0,0,0,0,1,0,0,0,0,0,0,0,0,0,0,0,0,0,0,0,0,0,0,0,0,0,0,0,0,0,0,0,0,0,0,1,0,0,0,0,0,0,0,0,0,0,0,1,0,0,0,0,0,0,0,1,0,0,0,0,0,0,0,0,0,0,1,0,0,0,0,0,0,0,0,0,0,0,0,0,0,0,3,0,3,0,0,0,0,0,2,0,0,0,0,0,0,1,0,0,0,0,0,0,0,1,0,0,0,0,0,0,0,0,0,0,0,0,0,0,0,0,0,0,0,0,0,1,1,0,0,0,1,1,1,0,0,0,0,0,0,1,0,0,0,0,1,0,0,0,0,0,0,0,1,0,0,1,0,0,0,0,0,1,0,0,0,0,0,0,0,0,0,0,0,0,0,0,3,0,0,1,0,0,3,2,0,1,0,0,0,0,0,0,1,0,0,0,0,0,0,0,0,0,0,0,0,0,1,0,0,0,0,0,0,0,0,0,0,0,0,0,0
0,0,0,0,0,0,0,0,0,0,0,0,0,0,0,0,0,0,0,1,0,0,0,0,0,0,0,0,0,0,0,0,0,0,0,0,0,0,0,0,0,0,0,0,0,0,0,0,1,0,0,0,0,0,0,0,0,0,0,0,0,0,0,0,1,0,0,2,0,0,1,0,0,0,0,0,0,0,0,1,0,0,0,1,0,0,1,1,0,1,0,0,0,0,0,0,0,0,0,0,0,0,0,0,0,0,0,0,0,0,0,0,0,0,0,0,0,0,0,0,0,0,0,0,0,0,0,0,1,0,0,0,0,0,0,0,0,0,0,0,0,0,0,1,0,1,0,0,0,0,0,0,0,0,0,0,0,0,0,1,0,0,0,0,0,0,1,0,0,1,0,0,0,0,0,0,0,0,0,0,1,0,1,0,1,0,0,0,0,0,0,2,0,0,0,0,0,0,1,0,0,0,0,0,0,0,0,0,0,0,0,0,1,0,0,0,0,1,0,0,1,0,0,0,0,0,0,0,0,1,0,0,0,0,1,0,1,0,0,0,0,1,0,0,0,0,0,0,0,0,1,0,0,1,0,0
0,0,0,0,0,0,0,1,0,0,0,0,0,0,0,0,0,0,0,2,0,0,0,0,0,0,0,0,0,0,0,0,0,0,0,0,0,0,0,0,0,0,0,0,0,0,0,0,1,0,0,0,0,0,0,0,0,0,0,0,0,0,0,0,0,0,0,0,0,0,1,0,0,0,0,0,1,0,0,1,0,0,0,2,0,0,0,0,2,1,0,0,0,0,1,0,0,0,0,0,0,0,0,1,1,0,0,1,0,0,0,0,0,1,0,0,0,0,0,0,0,0,0,0,0,0,0,0,1,1,0,1,0,0,0,0,0,0,0,0,0,0,2,0,0,1,0,0,0,0,0,0,0,0,0,1,0,0,0,0,0,0,0,0,0,0,0,0,0,0,0,0,0,2,0,0,0,0,0,0,1,0,1,0,0,0,0,0,0,0,0,0,0,0,0,0,0,0,1,0,0,0,0,0,0,0,1,0,0,0,0,0,0,0,0,0,1,1,1,0,0,0,2,0,0,0,0,0,0,0,0,0,0,1,0,0,0,0,0,0,0,0,0,0,3,0,0,0,0,0,0,0,0,1,0,0
0,1,0,0,0,0,0,1,0,0,0,0,0,0,0,2,0,1,0,0,1,0,0,0,0,0,1,0,0,0,0,0,0,1,0,0,1,1,0,0,0,0,0,0,0,0,0,0,0,0,0,0,0,0,0,0,0,0,0,0,0,0,0,0,1,0,0,0,1,0,0,0,0,0,0,0,0,0,0,0,0,0,0,1,0,0,0,0,1,0,1,0,0,0,1,0,0,0,0,0,0,0,1,0,0,0,0,0,0,0,0,0,0,0,1,0,0,0,0,0,0,0,0,0,0,0,0,0,0,0,1,0,0,0,0,0,0,0,0,0,0,0,0,1,0,0,0,1,0,0,0,0,0,0,0,0,0,0,0,0,1,1,0,0,0,1,1,1,0,0,0,1,0,0,1,0,0,0,0,1,0,0,0,0,0,0,0,1,0,0,0,0,0,0,0,0,0,0,0,0,0,0,0,0,0,2,1,0,0,0,0,1,0,0,0,0,0,4,1,0,5,1,0,0,0,0,0,2,0,0,0,0,0,0,0,0,0,0,0,1,0,0,0,0,0,0,0,0,0,0,0,0,0,0,0,0
0,0,0,0,0,0,0,0,0,0,0,0,0,0,0,0,0,0,0,0,0,0,1,0,0,0,0,0,0,0,0,0,0,0,0,0,2,0,0,0,0,0,0,0,1,0,0,0,1,0,1,0,0,1,0,0,0,0,0,0,0,1,0,0,1,0,0,0,0,0,1,0,0,0,0,0,0,0,0,2,1,1,0,1,0,0,0,0,1,1,2,0,0,0,0,0,0,0,0,0,0,0,0,3,0,0,0,0,0,1,0,0,0,0,0,0,0,0,0,0,0,0,0,0,0,0,0,0,1,0,0,1,1,0,0,0,0,0,0,0,0,0,0,1,0,1,0,0,0,0,1,0,0,0,0,0,0,2,0,0,0,0,0,0,0,0,0,0,0,0,0,0,0,0,0,0,0,0,0,0,1,0,1,0,1,0,0,0,0,0,0,0,0,0,0,0,0,0,1,0,0,0,0,0,0,0,0,0,0,0,0,0,0,0,0,0,0,1,0,0,0,0,0,0,0,0,0,1,0,0,0,0,0,2,0,0,0,0,0,0,0,0,0,0,0,0,0,0,0,0,0,0,0,1,0,0
