6,1,2,5,4,2,0,1,3,0,1,3,7,3,2,2,5,2,0,4,1,1,7,0,0,5,2,5,2,2,0,0,7,0,12,4,3,1,0,1,2,4,4,1,4,2,0,3,0,0,14,1,0,0,1,1,5,0,0,0,1,2,1,0,7,1,1,0,0,2,3,0,4,0,0,0,3,5,3,0,3,1,1,6,5,0,0,2,3,1,9,0,0,0,1,0,2,10,0,0,0,2,2,0,0,15,3,1,2,3,2,0,8,2,0,0,18,1,0,2,6,0,10,0,9,24,18,4,0,1,34,0,4,0,0,1,2,0,1,0,0,0,0,0,6,0,1,0,1,0,1,1,1,2,3,5,2,1,2,2,0,0,0,27,1,0,4,4,14,0,0,0,3,1,1,0,7,0,0,3,3,1,6,2,5,7,0,0,6,0,0,1,0,0,0,0,0,1,1,10,1,0,4,1,4,0,0,0,2,0,0,0,0,3,2,4,0,6,1,0,1,6,2,1,1,3,1,0,3,0,0,2,3,0,1,0,1,0,0,0,0,14,2,0,0,0,4,2,4,3,2,1,1,0,2,0
3,0,17,3,5,0,2,0,1,0,6,3,6,0,4,4,0,3,0,0,0,2,12,8,1,6,5,7,0,6,9,0,4,2,8,0,2,2,5,0,1,0,1,0,1,4,0,0,1,0,3,4,0,0,10,2,4,2,0,1,4,0,0,1,0,0,2,1,0,1,0,1,1,3,0,0,2,2,4,0,0,3,0,0,0,0,0,5,19,1,1,3,1,3,4,0,0,18,1,0,0,0,1,1,0,4,5,32,7,1,2,2,0,6,2,0,2,0,0,0,5,0,12,0,0,0,12,0,0,1,15,0,0,1,0,0,0,2,0,0,0,5,3,3,0,0,2,0,1,0,2,0,5,3,1,14,2,1,3,0,0,1,0,25,2,1,2,1,0,1,1,2,1,2,3,0,1,0,1,2,2,2,1,1,1,4,1,0,6,0,0,1,2,1,0,0,0,2,0,0,0,0,0,3,1,0,0,13,2,2,0,1,0,3,1,2,1,1,1,0,1,3,1,0,0,13,3,1,1,0,0,0,0,2,7,2,1,3,0,0,0,5,0,0,0,0,2,1,5,4,0,0,2,1,0,0
0,2,9,4,14,2,0,3,2,0,3,0,1,2,0,1,4,2,2,1,0,0,18,0,0,2,5,9,0,4,1,1,12,1,18,0,2,0,1,0,0,1,0,3,2,0,1,0,0,0,4,2,0,0,2,0,1,0,2,1,2,0,1,0,3,0,0,1,0,0,1,3,0,2,1,4,2,0,1,0,1,1,0,1,0,0,0,1,1,0,0,3,0,1,0,4,3,20,2,0,1,0,3,0,0,2,4,15,1,2,0,1,0,1,0,0,0,0,0,2,0,0,2,5,0,0,8,0,6,4,27,0,1,2,0,1,1,0,4,0,0,7,5,1,0,0,5,0,8,1,2,0,1,3,2,27,9,11,6,14,0,2,0,11,4,1,0,1,0,1,0,4,0,11,0,0,0,1,0,4,0,0,1,0,4,10,0,0,0,0,3,1,1,0,0,0,3,2,2,0,0,0,4,2,1,0,0,0,0,1,1,0,0,11,0,0,20,0,1,1,0,1,0,1,0,7,7,0,0,1,0,0,0,4,4,2,0,2,0,0,0,2,0,2,0,3,0,0,0,0,4,0,0,1,2,1
0,2,13,8,10,2,0,1,4,1,3,3,14,2,2,6,0,7,1,0,2,1,16,3,2,3,3,7,0,3,6,0,2,0,8,0,5,1,9,1,2,2,0,1,0,0,0,0,1,2,4,1,0,0,1,0,2,0,0,2,1,0,0,0,1,2,0,0,3,1,0,0,0,5,0,0,7,6,0,0,0,1,0,0,6,0,0,0,11,0,4,3,0,1,3,0,3,0,2,0,0,1,0,1,0,1,5,14,0,2,6,0,0,0,0,0,24,0,0,1,5,0,6,0,5,1,24,5,2,2,33,0,0,0,1,1,2,0,1,0,0,4,6,6,1,0,4,1,1,0,2,1,0,1,0,15,14,5,3,2,1,3,0,9,1,2,2,3,8,0,1,0,1,12,0,0,1,0,0,3,1,0,4,0,2,8,2,0,2,1,0,2,1,0,0,0,1,0,0,1,0,0,2,0,0,0,0,3,0,0,0,0,1,3,1,0,0,0,0,0,1,0,0,0,2,9,1,5,2,0,5,1,0,3,2,1,0,4,1,1,0,8,0,1,9,1,2,2,0,2,4,0,4,0,1,0
4,3,13,2,37,0,5,6,4,0,1,0,2,2,6,4,24,2,0,1,0,0,8,1,2,5,5,6,0,1,2,4,19,0,12,1,8,0,0,2,1,20,1,0,0,2,0,0,0,0,2,1,0,1,2,0,2,4,3,0,1,0,4,0,2,0,6,2,0,0,0,0,0,0,1,0,1,0,1,0,0,1,0,0,1,0,1,0,0,1,0,1,1,0,0,1,2,0,0,0,1,3,4,7,0,0,4,7,1,0,1,1,0,1,0,0,0,2,0,0,0,1,8,1,7,9,0,3,0,0,14,1,1,1,0,2,1,1,1,0,1,1,0,6,0,0,3,0,2,3,4,2,0,3,0,7,4,9,4,5,0,3,3,1,0,4,3,4,0,1,3,6,0,11,1,2,2,1,0,1,1,4,7,2,2,6,1,0,6,3,1,1,0,0,1,0,0,2,1,0,1,0,7,3,0,1,0,0,0,0,1,0,3,6,1,0,0,0,1,1,0,1,3,3,0,2,1,0,1,1,28,1,1,3,1,0,0,2,0,0,2,1,0,0,0,2,0,0,0,0,1,0,2,0,0,0
3,0,3,12,17,0,0,1,1,0,2,0,3,3,1,1,2,4,2,0,0,3,14,2,1,1,0,5,0,1,5,1,4,0,9,1,1,0,0,1,1,4,0,0,0,0,1,2,2,0,12,3,0,0,2,0,2,2,1,0,1,0,2,0,0,0,0,0,0,1,0,0,2,2,0,0,9,3,1,0,1,0,54,0,30,0,2,5,9,2,4,2,1,1,0,0,2,0,8,0,0,0,0,0,0,2,2,10,0,1,3,0,0,27,0,0,3,1,0,4,2,1,3,0,2,1,20,3,0,4,18,5,1,3,0,0,0,0,0,1,0,3,1,5,0,0,1,0,2,0,2,1,2,3,0,6,3,3,1,3,0,1,0,9,1,0,1,1,1,0,1,1,0,7,1,0,0,0,0,0,0,1,2,1,3,3,1,0,0,1,1,2,0,0,0,1,1,1,2,0,0,0,2,2,0,0,0,3,0,2,3,0,0,6,4,0,0,3,0,0,1,0,0,1,0,6,1,1,1,1,2,1,2,5,2,1,0,0,1,0,0,4,0,0,0,1,0,3,0,0,1,1,0,0,0,0
2,0,8,1,13,0,1,1,0,2,1,0,6,0,2,6,3,1,0,0,1,0,3,0,0,5,5,7,0,4,1,1,14,0,19,6,2,0,0,3,0,24,2,0,0,1,0,0,1,0,6,0,0,0,2,1,0,10,1,1,4,0,5,1,1,0,8,0,1,0,0,1,2,1,0,1,2,0,1,0,29,3,2,0,1,0,0,0,13,2,1,1,0,0,0,0,2,0,0,0,0,0,1,3,0,0,1,3,2,0,1,0,0,4,0,0,2,2,1,4,1,0,7,2,7,3,4,0,0,1,16,0,0,0,0,0,3,2,0,0,2,5,9,7,0,0,3,0,1,5,1,1,0,2,1,18,7,7,2,5,0,1,1,2,4,2,0,5,0,0,0,0,1,9,1,0,1,0,0,1,0,1,2,0,2,3,1,0,7,1,0,0,0,1,0,0,0,0,0,1,0,0,7,0,0,2,0,0,3,0,5,0,7,10,1,0,0,0,1,0,3,0,2,0,0,4,1,0,0,0,10,0,0,0,3,2,1,0,0,1,2,0,1,0,0,5,0,0,0,2,0,1,2,1,0,1
1,0,5,1,22,0,0,0,2,0,1,0,4,0,0,4,0,1,0,2,0,1,8,0,0,8,7,9,0,12,0,0,17,2,19,0,3,0,0,1,0,9,0,0,2,1,1,0,0,0,9,5,0,0,1,0,0,3,3,2,1,0,3,0,3,0,0,3,2,2,1,1,0,0,0,4,0,0,4,1,0,3,1,0,0,1,1,0,1,0,0,0,0,0,0,6,0,1,0,0,2,1,1,0,0,4,2,21,1,0,2,3,0,0,0,0,0,5,1,1,14,1,15,4,0,4,17,2,0,0,20,2,2,0,0,2,0,0,3,2,0,1,10,2,0,0,2,0,7,0,3,0,2,2,1,16,2,2,2,5,1,1,0,18,2,2,2,1,1,0,1,2,0,5,0,0,0,0,0,3,1,1,6,1,3,5,0,0,2,0,1,0,1,0,1,1,0,2,0,0,1,0,2,1,0,0,0,1,0,0,0,0,3,8,1,0,0,0,0,1,2,0,0,1,0,10,2,1,1,3,0,1,31,0,3,2,0,7,0,1,1,14,1,7,1,4,1,0,12,0,1,1,0,0,0,0
3,1,5,5,9,1,1,0,1,1,2,4,3,0,3,3,0,4,2,0,0,3,4,0,1,3,3,3,0,0,3,0,5,3,13,1,8,0,1,0,1,5,0,0,3,0,0,1,1,2,6,3,0,0,1,4,1,3,1,0,3,0,1,0,2,0,7,0,0,1,0,0,0,1,2,0,6,1,0,0,1,0,0,0,1,0,0,2,30,0,3,0,0,1,0,0,2,4,0,0,4,0,1,2,0,0,5,17,4,1,4,8,0,53,0,0,5,1,0,1,3,0,1,1,4,22,9,2,0,1,23,2,1,0,0,0,0,2,1,0,0,2,0,5,1,0,8,0,1,3,3,0,1,1,0,11,3,1,1,6,0,0,0,7,0,5,1,1,3,0,0,0,1,8,0,0,0,2,0,1,0,1,1,0,2,9,0,0,1,0,0,0,0,0,0,0,0,2,0,3,0,0,0,1,0,1,0,0,3,3,0,0,1,6,0,1,0,4,1,1,0,0,2,1,0,5,2,0,2,0,1,2,0,0,1,5,0,5,1,4,0,9,0,0,0,0,0,0,0,0,1,0,0,0,1,0
6,1,4,6,11,0,0,1,1,2,1,0,2,0,0,3,0,3,0,1,0,2,6,0,2,3,4,0,0,7,0,1,3,0,14,3,1,0,3,0,3,0,0,0,0,1,0,2,1,5,8,0,0,0,2,2,1,2,2,0,1,1,0,0,1,2,2,1,1,0,0,2,2,0,3,0,2,13,0,0,4,1,1,0,0,0,0,4,3,1,0,3,0,0,0,0,3,0,1,0,0,2,2,0,0,0,2,16,0,3,2,0,0,1,1,1,0,0,0,5,0,0,4,2,0,0,9,2,0,2,19,5,5,1,0,0,0,2,2,0,7,14,0,1,0,0,1,0,1,1,2,5,1,2,3,22,7,15,6,5,1,0,0,11,2,2,2,16,3,2,1,1,0,6,2,0,0,0,0,2,0,1,1,0,2,3,0,0,8,6,1,2,2,1,0,0,0,0,0,0,0,1,4,1,0,0,0,1,0,0,1,0,0,5,2,0,0,0,0,0,0,1,2,3,0,11,1,0,4,0,2,22,1,0,3,3,1,7,4,0,2,2,0,0,0,0,1,3,4,1,3,0,1,0,0,0
4,0,9,0,17,1,3,4,0,0,2,1,3,0,0,2,2,3,0,1,0,0,5,0,0,2,8,2,0,3,1,2,13,0,22,7,3,0,1,2,0,32,1,0,3,1,1,0,3,7,5,0,0,0,0,0,0,12,0,2,2,3,2,0,0,0,0,2,0,0,0,1,1,0,1,3,1,7,1,0,1,0,2,0,0,0,0,0,2,0,0,1,0,0,0,3,4,0,0,0,0,2,0,0,0,0,1,4,3,2,0,1,0,50,0,0,3,2,0,3,0,2,5,2,1,1,14,2,1,1,10,1,1,0,0,1,0,0,1,0,1,2,0,3,2,0,2,0,1,1,3,0,0,2,3,8,4,1,2,5,0,6,0,5,3,0,0,3,0,1,0,0,0,9,1,0,0,1,0,1,0,1,17,0,2,5,1,1,1,1,0,4,2,0,0,0,0,0,0,1,0,0,0,0,1,0,0,0,0,1,1,1,8,7,0,0,0,0,2,0,5,0,1,1,0,1,3,0,1,0,8,3,1,2,1,0,0,0,0,0,1,0,0,3,0,1,1,0,1,0,0,1,8,0,1,0
4,1,4,4,6,0,0,10,1,0,1,2,3,0,0,1,0,1,0,4,0,5,11,0,1,2,4,3,0,4,1,0,15,0,18,8,7,1,0,12,1,11,0,0,3,0,0,1,1,11,12,3,0,0,1,0,4,1,0,1,1,1,1,0,2,0,0,1,1,2,0,0,1,1,0,1,0,15,7,0,0,0,2,0,0,0,0,1,2,0,0,6,1,1,0,0,3,0,1,0,1,0,0,0,0,2,0,9,0,1,0,0,0,44,0,0,0,1,0,4,0,1,1,0,4,0,10,0,0,3,31,0,0,25,0,2,0,0,1,0,7,3,0,1,0,0,1,0,2,0,3,0,0,5,9,12,1,7,2,4,1,2,0,6,8,2,1,5,2,0,1,2,0,6,0,0,0,2,1,5,0,4,1,0,1,8,0,0,2,0,2,2,0,0,0,0,0,3,0,1,0,0,2,0,0,0,0,0,1,3,0,0,0,5,2,0,0,0,2,0,4,0,0,0,0,0,1,0,1,0,0,0,0,0,1,0,0,1,0,1,0,0,0,1,0,0,0,0,1,0,0,0,0,1,0,1
1,0,6,3,9,0,0,0,0,0,1,1,3,1,0,3,0,1,0,1,0,0,5,1,1,0,0,7,0,5,3,3,8,1,4,0,2,1,0,0,2,11,0,0,0,1,0,0,1,5,2,0,0,1,1,4,2,1,1,0,1,3,6,0,0,1,3,1,0,0,0,0,1,0,0,1,6,5,4,0,3,0,17,1,0,1,1,5,7,1,0,4,2,1,0,1,1,31,1,0,0,0,5,4,0,3,4,25,7,2,1,0,1,0,0,0,5,2,0,0,2,0,10,0,11,0,15,0,1,2,11,0,2,1,0,0,1,0,0,3,1,5,0,0,0,0,2,0,1,0,0,1,0,0,1,3,2,0,3,0,0,2,0,17,0,0,0,0,5,2,0,0,0,3,0,1,0,2,0,0,0,1,3,0,3,7,0,5,2,0,0,0,1,2,0,3,1,0,0,2,1,0,1,0,1,0,0,0,2,1,1,2,0,2,1,0,0,0,1,0,0,1,2,1,2,6,1,0,1,0,0,1,0,3,2,0,1,2,1,2,6,10,1,1,0,2,0,1,12,5,1,3,1,0,3,0
5,0,4,0,0,0,1,0,0,0,0,0,0,1,3,0,0,1,0,0,0,5,0,3,0,0,0,11,0,1,0,1,7,0,7,0,3,0,1,0,0,0,1,0,1,0,0,0,10,1,2,1,0,1,4,0,0,36,0,0,1,5,5,0,0,1,0,1,1,0,0,0,0,0,1,2,1,0,1,0,0,7,0,0,1,1,0,0,7,0,1,0,1,0,0,1,0,0,8,0,0,1,3,1,0,0,1,0,4,0,1,0,10,2,0,0,1,1,0,0,0,0,0,0,0,0,4,0,0,5,1,1,0,0,0,2,5,0,1,5,0,1,0,1,7,2,5,4,1,1,8,1,0,0,1,8,1,1,0,2,1,6,0,0,1,0,0,0,1,0,0,1,3,1,3,1,2,1,0,0,2,0,0,0,3,0,0,6,2,0,0,1,1,4,0,1,13,0,0,0,11,1,0,0,3,0,0,0,9,0,4,1,0,0,0,9,0,1,0,1,4,1,0,1,1,2,0,0,4,0,0,10,0,0,0,1,2,8,2,2,20,4,56,6,0,0,5,0,1,0,1,1,3,4,0,5
5,2,6,6,13,1,1,1,0,2,3,1,5,0,0,1,2,4,5,2,0,3,20,0,2,1,3,9,0,2,6,0,6,3,14,3,1,0,0,1,1,1,1,0,0,2,0,0,2,0,10,0,0,0,2,0,0,4,3,2,1,1,1,0,2,1,12,1,3,1,0,5,0,0,0,0,0,0,1,0,5,2,0,0,2,1,1,8,6,0,0,2,0,0,3,0,1,0,4,0,1,0,5,2,0,0,0,18,7,3,0,0,2,0,1,0,2,1,0,1,7,1,1,4,7,1,13,5,0,1,9,0,3,0,0,0,1,2,1,1,0,3,0,5,0,0,2,1,1,5,0,0,20,1,3,17,3,0,3,1,0,1,0,13,2,1,2,4,2,2,0,1,0,8,0,0,0,0,0,0,13,1,4,1,2,19,0,0,7,2,0,0,0,0,0,0,1,0,0,2,0,0,2,0,0,0,0,1,0,5,0,0,1,4,0,2,1,0,0,0,6,1,1,0,0,10,3,1,3,0,0,0,0,0,2,10,0,1,0,0,0,7,0,0,0,4,1,0,10,2,0,2,1,0,0,0
2,0,3,3,9,0,0,1,2,2,1,0,4,0,1,4,2,3,1,2,0,1,6,0,0,2,3,9,0,2,2,0,10,1,16,2,2,4,0,0,2,1,0,0,2,1,0,0,0,0,3,2,0,0,2,0,1,3,0,5,1,4,0,11,1,0,0,0,0,0,0,0,1,0,0,0,3,1,1,0,0,1,0,0,0,0,0,0,2,1,0,0,0,0,2,0,2,4,0,0,0,1,5,1,0,0,1,13,0,2,1,0,0,0,0,0,0,0,0,0,0,1,2,0,0,0,2,6,1,0,25,0,0,1,0,35,3,0,0,0,7,0,3,2,0,0,1,0,2,1,2,2,0,1,0,7,5,3,3,0,0,0,0,7,3,0,1,4,3,1,2,0,0,5,0,0,2,0,0,1,0,1,2,1,1,3,2,4,1,1,2,0,0,0,0,0,0,0,0,1,0,0,2,0,0,0,0,2,0,2,0,0,1,5,0,0,0,0,0,0,1,0,0,2,0,5,2,0,4,1,5,46,0,0,3,0,0,1,1,0,1,14,0,0,6,0,0,0,17,3,3,0,0,0,1,0
1,0,5,5,1,3,1,0,0,1,1,0,1,0,0,1,0,1,2,1,1,0,1,1,0,1,0,2,6,5,2,1,0,0,5,6,0,0,0,0,0,2,1,2,2,2,0,21,3,6,3,1,0,1,0,0,3,9,0,1,0,2,1,2,0,0,2,0,2,0,0,1,1,0,0,1,0,9,2,0,3,0,0,1,0,2,1,1,0,2,3,0,0,0,0,1,0,1,4,1,0,0,1,3,0,0,2,1,1,1,0,2,1,33,0,0,0,0,0,0,23,0,0,2,3,1,7,0,0,3,7,0,0,0,2,2,7,0,5,2,0,0,0,2,5,0,2,0,1,3,0,0,0,0,6,4,1,0,0,0,2,1,0,15,1,0,2,2,3,0,0,1,6,0,2,0,0,5,1,8,3,0,3,0,1,4,0,9,1,1,0,0,0,3,0,5,4,0,0,1,3,0,3,1,2,0,0,0,2,0,2,0,0,1,0,2,0,0,1,2,0,1,1,1,0,2,6,0,1,2,5,0,0,0,1,6,0,0,0,4,21,13,2,3,0,0,2,5,4,6,4,1,1,1,2,2
1,1,8,2,5,0,0,1,1,0,3,0,9,0,3,5,3,4,1,0,0,5,13,0,0,2,1,2,3,9,0,0,4,0,3,0,3,1,5,0,1,1,3,1,0,0,0,0,0,0,4,0,3,0,2,0,1,2,2,1,2,1,1,0,0,0,11,0,2,2,0,0,1,0,0,0,3,13,0,2,9,0,4,0,0,0,0,2,3,0,22,2,1,0,1,0,0,0,2,1,0,0,5,2,0,0,1,9,2,3,1,0,0,57,1,1,3,0,0,0,1,0,11,0,7,0,13,14,0,2,11,1,0,1,0,0,0,0,0,0,0,3,3,1,0,0,1,1,1,5,0,0,6,1,0,10,8,8,1,0,1,1,0,9,0,2,1,3,1,0,0,0,0,2,0,0,0,0,0,0,2,2,2,0,2,8,0,0,4,0,0,0,2,0,0,0,0,0,0,0,0,0,2,1,0,0,0,2,0,1,0,0,0,3,0,0,0,0,0,0,3,0,0,0,0,3,1,0,0,0,2,1,0,0,1,1,0,1,0,0,0,16,0,1,0,0,0,0,3,3,1,0,0,0,1,0
2,5,8,4,7,2,1,1,1,1,2,0,4,0,3,5,1,5,5,2,0,2,9,3,0,4,2,8,0,13,3,0,7,1,4,1,2,0,0,4,1,4,0,0,3,1,0,0,0,1,3,0,1,1,2,1,2,0,0,0,4,1,1,0,0,0,0,0,0,0,0,1,1,0,1,0,7,0,1,0,0,1,1,0,0,1,0,2,3,0,1,0,0,1,0,0,0,2,0,0,0,0,0,0,0,1,3,11,1,0,0,0,0,11,0,3,0,0,0,1,1,0,0,0,0,0,21,1,0,0,29,0,0,0,1,0,0,0,1,1,0,0,0,6,0,0,1,0,1,0,0,1,0,4,3,2,10,3,5,0,0,4,0,15,0,0,0,0,0,1,2,1,0,3,2,1,0,1,2,0,0,0,3,1,2,13,1,0,12,0,0,0,2,0,0,0,1,1,0,0,0,0,4,0,2,0,0,0,1,6,2,0,1,5,0,0,0,0,0,0,2,0,2,0,0,13,1,6,5,0,8,0,23,0,1,21,0,2,0,0,0,0,0,3,0,0,2,3,0,1,0,10,0,0,2,1
4,0,5,4,9,0,0,3,6,0,4,1,10,0,2,2,2,5,2,2,2,3,16,0,2,4,2,2,2,4,5,0,8,0,2,0,4,1,1,0,0,2,0,0,2,0,0,1,0,1,3,1,1,0,1,1,0,0,1,0,1,0,1,1,1,1,0,0,0,1,0,0,3,3,0,0,6,1,1,0,1,3,2,0,0,1,0,5,7,0,3,7,0,0,0,0,1,10,2,0,1,0,0,0,1,3,1,34,2,5,1,1,0,59,0,1,5,0,0,0,1,2,0,2,2,0,11,6,2,0,23,0,0,0,0,0,0,0,3,0,0,0,0,3,0,0,1,0,2,0,1,0,0,1,0,8,4,6,3,1,0,5,0,4,3,0,1,6,6,0,1,1,1,7,0,0,0,0,1,1,0,0,1,2,1,6,1,0,3,0,0,2,0,2,0,0,0,0,0,3,0,0,2,0,1,0,0,0,2,0,0,0,0,4,0,5,1,2,0,0,0,0,1,1,0,5,1,4,4,2,3,0,0,3,2,2,0,0,1,0,0,13,3,0,0,3,1,0,1,0,3,0,1,0,0,0
1,0,5,3,12,0,0,0,1,1,3,0,4,0,1,5,2,4,1,1,0,1,10,8,0,3,5,2,1,5,0,0,10,1,8,4,0,0,1,4,1,1,0,0,4,1,0,5,0,0,12,0,0,0,5,0,1,5,2,1,1,1,1,0,0,0,1,0,0,0,0,0,0,14,1,0,3,4,1,0,0,0,1,0,2,6,0,3,6,0,0,0,0,4,0,0,3,44,2,0,0,1,0,0,0,1,0,31,1,1,2,0,1,21,1,0,2,0,0,0,5,0,1,0,0,1,18,2,0,0,16,0,1,9,0,1,0,1,1,0,0,4,0,0,0,0,3,0,1,0,3,1,4,2,0,9,5,0,2,1,2,3,0,11,0,0,2,2,6,0,0,1,0,9,0,0,0,0,0,2,0,1,4,0,1,4,0,1,2,0,0,3,1,0,0,0,0,0,2,0,0,0,1,0,0,0,0,1,0,0,0,0,0,7,0,0,0,0,1,0,0,0,3,2,0,3,2,0,0,0,0,0,0,0,1,0,0,0,0,0,0,4,0,0,0,1,0,1,0,0,0,0,0,0,0,0
0,4,3,3,7,1,0,3,1,1,4,0,5,1,0,1,9,9,1,0,0,1,14,0,0,2,1,3,0,4,1,0,6,0,3,0,3,0,1,0,0,3,0,0,0,0,0,0,2,0,1,0,0,0,1,1,2,0,0,0,1,0,2,0,1,0,1,0,0,0,0,0,1,1,0,0,6,2,1,0,0,0,36,0,0,0,1,2,16,1,1,0,1,0,3,0,0,12,1,0,3,0,3,1,0,9,2,41,4,3,0,0,0,0,0,0,10,1,0,1,0,1,2,1,4,1,15,1,1,3,32,1,1,3,0,0,1,1,1,2,1,6,0,1,0,0,1,0,2,0,0,1,1,2,1,16,5,0,3,0,0,0,0,8,0,4,2,0,1,1,3,1,0,7,3,0,0,0,0,2,0,0,1,2,1,8,1,0,5,0,0,0,0,1,0,1,1,0,0,0,0,0,0,0,2,0,0,1,0,3,0,0,0,1,0,0,1,0,0,0,1,0,0,1,0,10,1,0,1,0,0,1,0,1,2,4,0,8,1,0,0,3,0,1,0,3,0,0,6,1,1,0,0,0,0,0
2,0,9,4,5,0,0,0,0,3,1,1,12,0,0,3,5,2,1,0,0,2,11,0,3,3,1,12,0,14,0,0,10,0,6,11,1,0,0,1,0,2,1,0,1,1,0,0,1,2,6,1,0,0,1,1,7,2,0,1,3,1,6,0,1,0,0,1,0,0,3,0,0,1,0,0,0,4,5,0,4,0,2,0,1,0,0,0,3,3,7,1,1,0,0,0,1,3,2,2,0,1,1,0,0,1,4,6,0,0,2,0,0,0,1,0,5,1,20,0,6,2,7,1,4,9,15,4,0,2,15,0,0,0,0,1,0,0,0,0,3,5,0,3,1,0,3,1,2,1,0,0,1,1,0,3,0,0,2,0,0,1,0,5,1,0,2,14,6,0,1,3,0,3,1,0,0,1,0,0,0,1,5,1,3,9,0,0,5,1,0,0,3,0,0,0,0,0,0,0,1,0,3,2,0,0,0,0,0,2,0,0,0,7,1,1,0,0,0,0,0,2,3,0,0,10,2,0,0,0,6,2,2,2,1,1,0,3,0,0,0,9,0,0,0,2,1,1,0,12,4,0,3,0,0,0
2,6,8,3,9,0,3,0,0,1,1,1,2,0,2,2,1,2,4,2,0,1,13,1,0,4,1,7,0,8,1,0,9,0,4,0,1,0,0,0,2,6,1,0,1,2,0,2,0,0,7,0,3,0,1,1,3,4,1,0,3,0,2,0,1,0,0,0,2,1,0,3,0,0,2,0,6,2,3,0,5,0,1,0,2,0,0,2,6,0,0,0,0,0,1,1,0,16,1,2,3,1,1,0,0,0,5,12,1,4,5,2,1,2,0,3,0,1,0,0,24,0,1,0,0,0,2,0,6,0,17,0,0,0,0,2,2,0,0,0,2,4,0,0,1,0,1,0,1,2,0,0,1,1,1,10,3,2,5,0,5,1,0,8,0,0,0,2,0,0,1,0,0,4,1,0,0,2,0,0,0,0,1,0,1,1,2,0,10,0,0,2,1,0,0,0,0,0,0,1,0,0,2,2,4,1,2,0,0,0,2,0,0,2,2,0,0,0,0,0,0,0,0,1,2,9,1,6,1,1,0,3,6,1,2,1,0,0,0,0,1,1,0,0,3,0,0,0,35,2,3,4,0,3,2,0
3,0,9,5,12,1,2,1,1,2,1,0,2,0,1,2,1,6,2,2,0,1,17,0,2,1,3,7,1,8,4,0,4,0,12,0,0,0,0,1,0,4,0,0,0,3,0,0,3,0,4,0,0,0,3,0,2,1,0,2,2,0,1,1,0,0,0,0,0,1,1,0,0,0,1,0,2,0,3,0,0,0,0,1,0,1,0,2,6,0,2,0,1,0,0,0,0,8,7,0,0,0,1,0,0,5,5,22,1,4,5,1,3,52,0,1,2,0,0,0,0,0,1,0,1,0,13,0,3,0,11,1,0,1,1,0,0,0,0,0,0,1,1,0,0,0,2,0,1,1,1,1,0,1,2,10,3,6,1,0,2,0,0,9,1,1,1,1,3,0,0,4,0,6,2,0,1,0,0,2,0,0,1,1,2,5,1,0,6,0,0,1,0,0,0,0,1,0,0,0,0,0,2,0,0,1,0,0,0,2,0,0,0,7,0,0,0,0,0,1,0,0,2,2,0,11,1,3,1,0,2,25,0,1,1,0,1,2,3,1,0,4,2,0,0,2,1,1,3,1,4,1,0,0,0,0
4,1,8,5,8,0,0,2,3,2,1,2,5,0,2,2,6,2,1,7,0,2,8,5,0,2,3,3,0,3,1,5,4,1,8,0,0,1,1,0,0,11,0,0,2,1,0,0,0,1,7,1,0,0,0,7,1,1,3,2,2,1,0,1,5,1,0,1,0,2,0,0,0,0,0,0,2,11,6,0,1,2,0,2,0,0,1,2,3,3,1,0,1,0,0,0,0,0,0,0,0,1,5,0,0,0,2,5,11,1,1,0,0,0,0,0,1,0,2,1,2,0,22,0,0,0,7,0,0,0,20,1,0,0,1,0,1,0,0,0,0,3,6,2,0,0,2,0,1,1,0,0,0,1,0,10,8,0,6,0,0,2,5,6,0,0,0,10,5,0,0,0,0,5,0,0,2,1,3,0,1,0,7,0,2,4,1,0,16,5,0,1,0,0,0,0,1,1,0,0,1,1,0,0,0,1,2,0,0,0,0,1,0,3,1,4,1,12,1,0,3,2,1,1,0,1,1,1,1,1,3,0,1,0,1,0,1,1,0,0,0,4,0,0,0,0,1,5,1,0,1,0,0,1,1,0
4,1,14,3,12,1,0,4,0,1,1,0,6,0,0,1,3,2,5,4,1,7,19,0,0,1,3,4,0,6,0,0,8,3,16,0,4,0,1,1,1,3,2,0,3,0,0,2,1,0,7,2,0,0,3,0,1,1,3,2,2,3,1,0,0,0,0,0,0,0,0,0,1,0,0,0,3,1,1,0,1,0,1,0,0,0,0,4,1,0,1,0,0,0,0,0,4,31,2,0,0,0,1,0,0,0,1,26,2,2,2,0,1,31,0,0,0,0,0,0,5,0,0,0,0,0,16,13,0,2,17,3,0,0,0,1,0,1,2,1,0,0,0,4,0,0,1,0,1,1,2,0,1,2,1,17,3,6,2,5,3,4,0,7,0,0,1,1,2,0,0,0,1,8,0,0,0,0,0,0,0,0,1,0,3,7,1,0,1,0,0,0,0,0,0,0,0,0,0,4,0,0,2,0,2,0,0,1,1,0,0,0,1,6,0,0,0,1,1,0,3,1,1,2,0,5,2,5,0,1,1,3,0,4,2,0,0,0,0,0,0,5,1,0,0,3,0,0,21,0,2,0,0,0,1,1
4,0,2,0,0,0,0,0,0,0,0,2,0,0,2,0,3,0,0,0,3,0,0,0,2,1,1,1,0,1,0,2,3,0,4,0,0,0,0,1,0,4,0,1,0,0,0,0,0,3,1,0,0,2,4,0,0,0,0,1,0,1,1,2,0,16,0,0,1,3,0,0,16,0,0,1,1,0,0,0,0,7,0,2,0,0,1,0,1,6,1,0,2,1,0,1,3,0,5,0,2,1,3,1,1,0,1,2,2,0,1,0,1,3,0,1,1,2,0,5,0,3,0,0,0,1,3,0,0,0,3,1,2,4,0,1,3,2,2,1,0,0,0,3,0,0,23,5,0,1,1,0,0,0,0,8,5,4,1,3,4,3,1,0,2,0,0,17,2,0,0,0,4,0,2,0,1,4,4,0,4,0,0,0,6,2,0,18,0,0,0,1,0,0,0,1,5,0,2,0,1,2,0,0,6,0,0,0,9,1,0,0,0,2,1,1,1,0,1,0,2,0,0,2,2,4,0,0,1,0,3,2,0,0,3,0,0,0,9,3,9,0,49,1,0,4,1,5,3,1,1,1,9,4,0,2
2,2,4,8,11,1,0,3,2,0,1,0,3,0,0,2,4,4,2,0,0,1,13,0,2,3,5,4,0,0,2,1,3,0,11,2,1,3,2,2,6,3,0,1,0,0,0,1,2,4,9,6,3,0,1,3,1,0,1,2,1,0,4,1,2,0,1,4,0,0,0,4,0,3,1,0,0,10,6,0,0,2,0,0,0,0,0,2,5,0,2,0,4,0,1,0,6,1,1,0,0,0,1,2,0,3,2,13,1,1,3,0,0,8,0,0,8,0,0,2,0,1,12,1,0,1,9,0,0,2,16,4,0,0,1,0,0,0,0,0,0,2,0,1,0,0,12,0,1,0,2,0,1,2,0,3,1,13,4,3,1,1,0,11,4,1,0,5,1,0,0,1,3,5,1,0,0,0,1,1,1,2,1,0,2,6,0,0,3,4,0,0,0,0,0,0,0,0,0,1,0,0,2,0,0,1,0,0,0,0,0,0,3,7,1,0,0,0,0,0,0,0,1,2,0,5,1,0,2,2,2,0,0,1,1,2,0,4,1,0,0,5,0,0,0,3,1,0,1,0,0,0,0,0,0,0
4,0,5,4,5,1,0,0,1,2,2,10,9,1,1,5,0,2,3,4,0,1,0,0,0,2,5,6,0,10,1,0,1,0,5,0,0,0,0,0,2,2,0,0,0,1,1,0,0,0,7,1,0,0,1,2,1,3,0,0,3,0,1,0,2,0,5,2,6,0,0,0,0,0,2,0,1,1,6,0,0,1,0,4,0,0,0,1,1,3,2,0,0,0,1,1,3,28,0,1,0,1,7,0,0,0,3,4,0,5,3,1,0,0,5,0,6,0,0,3,5,0,6,0,3,1,3,0,0,1,3,3,4,0,1,0,0,0,0,1,0,0,0,1,1,0,1,0,1,0,1,0,0,1,0,1,5,1,2,2,3,0,0,13,0,0,1,0,3,0,0,2,0,12,0,0,0,0,0,0,3,0,2,1,1,17,0,0,10,2,0,1,0,3,2,0,2,0,3,14,1,1,1,1,6,3,1,0,4,0,0,21,0,4,0,6,1,18,2,0,5,2,0,0,0,1,1,4,3,3,8,0,1,1,1,0,3,0,1,0,0,13,0,0,0,3,1,1,0,6,1,1,9,1,3,2
4,0,10,5,16,1,1,3,1,0,3,1,8,1,1,5,1,3,1,2,1,0,11,1,3,3,0,7,0,1,0,0,8,1,6,0,0,0,1,0,3,7,1,0,0,1,0,2,0,2,6,1,0,0,0,2,2,3,0,1,3,2,0,1,3,0,1,0,1,1,6,2,2,0,2,1,1,5,2,3,1,0,2,0,1,0,0,6,27,1,0,2,2,3,0,0,0,9,0,0,1,0,1,6,0,0,1,4,1,5,0,0,0,0,4,1,2,0,0,0,3,3,6,1,15,0,11,1,11,1,24,0,0,0,0,1,3,3,0,0,0,1,6,6,1,0,5,2,2,0,0,1,0,1,0,7,3,0,2,1,0,0,2,4,2,1,7,6,2,1,0,0,0,1,2,0,1,0,0,5,0,0,3,0,1,6,0,0,1,0,1,4,0,1,0,0,1,0,0,0,0,0,1,0,1,0,0,0,0,3,0,0,0,2,2,3,0,3,1,0,0,0,1,0,1,8,1,4,2,0,6,0,0,2,1,2,0,5,1,2,0,7,0,0,0,1,0,0,0,3,2,0,0,0,1,0
0,0,5,1,14,2,0,0,1,0,4,1,2,0,0,0,1,1,1,2,0,0,2,0,5,3,1,4,0,5,1,3,16,1,14,0,7,1,0,0,5,2,1,2,0,2,2,1,1,1,1,1,2,1,2,0,0,0,0,0,1,1,2,0,3,1,0,2,0,0,0,0,1,0,0,4,0,0,3,0,1,0,0,1,0,2,1,6,17,0,0,5,3,1,2,1,1,1,8,0,2,1,1,2,1,0,4,20,5,0,1,1,0,2,0,2,0,0,0,0,3,2,1,1,1,1,12,0,2,0,13,0,2,1,0,2,0,0,2,1,0,2,1,1,0,0,8,1,2,0,1,4,0,1,0,15,1,3,1,5,0,1,1,2,1,0,1,0,1,0,1,0,0,4,1,0,2,0,0,0,1,2,1,0,4,6,0,8,0,1,0,1,2,0,0,0,0,2,1,0,0,0,2,0,0,0,0,1,0,2,0,0,5,9,0,0,2,0,0,0,1,0,0,0,0,9,1,1,2,2,7,2,1,1,4,2,0,1,2,2,0,10,9,2,0,7,1,1,2,0,2,0,3,2,0,0
0,0,9,3,7,1,0,0,1,1,1,0,2,6,4,2,1,5,1,0,0,0,15,1,0,3,2,9,0,1,3,0,5,0,1,1,0,0,4,0,0,1,0,1,1,1,0,0,0,2,3,1,0,0,0,0,3,0,1,0,1,1,0,0,0,0,0,0,0,1,0,1,0,0,0,2,8,4,2,0,7,1,1,0,1,0,0,2,0,0,1,2,0,0,2,0,1,22,2,0,0,1,0,2,0,2,2,25,12,2,2,1,4,30,0,0,8,0,0,0,8,0,1,0,0,2,4,3,8,0,14,2,0,0,0,0,2,0,0,0,0,0,0,2,0,0,1,0,1,2,0,1,1,1,0,10,10,0,3,0,3,1,0,6,1,0,0,1,0,0,2,0,0,19,1,0,0,0,0,0,0,0,1,3,2,9,3,0,0,0,0,0,0,0,0,0,2,0,2,12,0,0,2,2,0,1,0,0,0,12,1,0,0,2,1,1,0,1,0,0,1,0,0,0,0,12,5,3,0,0,0,0,0,2,1,3,0,0,0,1,0,6,1,0,0,1,1,0,1,2,1,0,0,0,0,0
3,0,5,6,9,2,1,1,1,1,2,0,4,1,3,5,1,5,0,3,1,1,13,0,0,3,6,5,0,3,4,1,5,0,5,4,3,1,0,0,1,1,1,0,0,0,1,1,0,2,6,0,0,0,2,2,0,0,1,0,1,0,0,0,1,0,1,1,0,0,0,0,0,0,0,0,1,2,1,0,0,0,1,2,1,0,0,3,2,0,1,1,0,0,1,0,1,2,0,1,0,0,1,0,0,3,1,38,0,4,2,1,0,0,0,2,1,3,0,1,2,1,1,1,1,0,10,15,0,1,5,0,1,0,0,0,0,1,0,0,10,2,0,0,0,0,1,1,1,1,2,0,2,3,0,9,7,0,2,1,0,0,0,14,1,6,1,8,4,1,2,3,0,9,0,0,0,0,0,3,0,0,3,2,2,7,1,0,12,0,1,0,1,0,0,0,0,0,0,0,0,0,1,0,0,0,1,2,0,0,0,0,0,7,0,0,0,0,1,0,0,0,2,2,0,19,1,1,1,1,0,49,6,3,6,3,0,0,0,0,0,3,1,1,0,3,0,0,2,2,5,0,1,1,2,0
2,0,6,2,5,0,0,0,1,1,1,0,4,0,6,1,0,2,0,0,0,0,6,0,0,4,0,12,0,3,1,6,7,0,20,1,4,1,2,0,0,3,3,1,1,1,0,0,0,1,3,2,0,0,0,0,3,6,0,0,1,0,0,0,1,0,0,0,0,2,0,0,0,0,0,1,1,4,1,0,0,0,0,0,1,2,0,1,1,0,0,0,1,0,1,0,1,10,2,0,0,0,15,0,0,0,1,2,5,4,3,0,0,55,0,0,0,0,1,0,2,0,31,0,5,0,9,1,2,0,1,0,0,0,0,0,0,0,0,0,0,0,0,0,0,0,1,0,1,0,0,0,0,1,0,0,1,1,3,0,0,0,0,15,0,0,0,5,0,0,0,0,0,1,0,0,0,0,0,2,1,0,4,2,1,3,0,0,16,0,0,0,0,0,0,0,0,0,1,2,0,0,2,0,0,0,0,1,0,0,0,1,1,3,0,1,1,0,0,0,0,1,1,0,0,1,1,1,3,1,0,50,0,1,3,0,0,2,0,0,0,1,1,0,0,1,8,2,19,3,0,1,0,0,2,0
1,0,12,8,4,0,1,0,3,2,1,0,14,0,0,1,1,4,5,2,1,6,19,0,0,2,2,10,0,12,0,1,7,0,7,1,0,0,2,1,0,5,0,0,2,1,0,0,1,0,5,0,0,0,0,0,1,0,0,1,1,0,2,0,0,0,8,0,0,0,0,1,0,0,0,0,1,12,3,0,3,0,7,1,0,0,0,0,0,1,2,0,0,0,0,0,0,2,0,0,0,0,3,0,0,0,0,14,2,6,1,0,0,0,0,0,3,0,3,3,0,0,5,0,1,0,9,1,0,4,31,1,0,1,0,1,0,0,1,0,0,1,0,4,1,0,4,0,2,0,0,0,0,2,2,15,7,4,1,0,0,0,0,12,2,0,1,6,1,1,0,0,0,2,1,0,0,0,0,1,5,0,6,1,1,13,0,1,6,1,0,0,1,0,2,0,1,0,0,0,0,0,1,0,1,0,0,0,0,5,0,1,0,2,0,1,0,2,1,0,1,2,1,0,0,4,1,2,2,3,5,1,0,1,1,0,0,0,0,1,0,9,0,0,0,0,6,2,3,7,1,1,0,0,7,1
2,0,3,4,11,1,0,3,0,3,1,1,11,0,1,4,42,1,8,1,3,0,10,0,2,1,1,12,1,9,1,0,8,0,7,8,0,0,0,0,0,0,0,0,2,0,0,0,0,0,3,2,5,0,0,0,0,6,0,0,1,0,0,0,9,0,14,1,0,0,1,2,0,0,0,0,2,1,6,0,8,0,2,0,0,0,0,8,5,0,2,1,0,0,2,0,0,4,1,0,0,1,1,3,0,4,4,5,0,2,1,0,1,59,0,0,4,1,0,0,7,0,4,0,4,37,8,1,0,0,3,0,0,0,0,1,0,0,0,0,0,1,0,1,0,0,1,0,1,0,0,0,3,1,0,8,6,1,1,0,0,2,0,7,0,2,1,5,1,0,1,1,0,8,0,0,0,0,1,4,0,0,1,0,1,16,0,0,1,3,0,2,1,0,0,0,0,0,0,8,1,0,1,0,3,0,0,0,0,0,0,0,1,3,0,0,0,0,0,0,1,1,1,0,0,3,1,0,0,0,1,0,0,0,2,3,0,0,0,0,0,7,0,0,0,0,0,0,0,2,0,0,0,0,0,0
9,0,1,0,0,0,5,0,0,0,0,2,0,0,0,0,1,0,1,0,0,0,0,6,0,2,0,2,0,6,0,5,10,3,3,0,0,1,1,0,1,2,0,1,0,0,3,1,2,8,2,0,0,2,11,1,0,6,0,0,0,3,2,0,0,0,1,0,1,2,1,0,0,0,0,0,1,0,0,0,0,0,0,0,1,0,1,1,1,0,0,0,0,0,0,0,3,0,20,0,4,0,7,3,0,0,0,1,4,1,3,0,3,2,2,2,1,18,1,0,1,6,1,0,0,0,14,0,0,0,1,0,1,1,0,0,0,3,0,1,0,0,0,2,0,1,15,4,0,0,0,0,0,0,0,4,1,1,0,2,0,4,0,0,5,0,1,1,0,4,4,1,0,0,6,0,0,3,2,2,1,0,0,0,1,0,2,4,0,0,0,0,2,1,1,0,11,0,0,0,0,2,0,0,1,1,0,0,27,1,2,0,1,4,1,3,0,0,4,2,4,0,0,2,2,2,4,0,1,0,0,2,6,0,0,4,0,0,1,1,6,3,51,5,0,6,1,0,3,3,4,3,4,2,1,7
5,0,4,5,5,0,0,0,1,1,1,0,3,0,2,3,2,3,0,2,0,1,10,0,2,2,1,5,0,6,2,0,8,2,5,6,4,0,0,0,1,8,1,0,0,1,0,0,0,0,5,3,0,0,0,0,0,3,0,0,2,0,1,0,1,0,0,2,0,6,0,0,0,0,0,0,1,0,1,0,0,1,1,0,2,0,0,0,4,0,2,0,1,3,0,0,4,2,9,0,0,1,4,0,0,4,3,8,3,2,2,0,0,30,0,0,2,0,0,2,3,1,7,1,7,0,16,19,0,3,18,0,0,0,0,0,0,0,4,0,0,0,1,0,0,0,1,0,3,0,1,0,1,1,0,4,1,2,1,0,0,5,0,20,0,2,4,3,0,0,1,1,0,3,2,0,1,0,0,1,0,0,1,0,1,5,2,0,7,0,0,1,0,0,0,0,0,0,0,0,0,0,1,0,1,0,0,1,0,0,0,0,0,0,1,0,0,0,0,0,0,0,0,0,0,6,3,0,1,0,0,3,44,0,1,0,1,1,0,1,0,6,2,0,2,0,2,0,5,2,6,0,1,1,0,0
1,0,9,2,9,1,0,2,1,0,3,1,3,1,1,1,1,1,2,4,0,0,11,0,0,2,4,9,0,6,0,0,6,2,10,0,6,0,3,0,0,2,1,0,1,2,0,0,2,4,6,0,0,0,3,0,3,1,1,0,1,0,0,0,3,0,2,0,1,1,0,0,0,0,0,1,2,4,1,0,0,1,4,0,1,0,1,6,2,0,0,1,0,0,3,0,0,10,5,1,3,1,0,1,0,0,1,25,0,2,2,2,0,51,0,0,7,0,0,0,1,0,0,1,0,1,8,3,9,0,9,1,2,0,0,0,0,0,0,0,0,2,0,1,0,0,3,0,1,2,3,0,2,2,1,13,2,0,2,0,0,1,1,7,0,1,1,3,1,1,0,0,1,5,0,0,1,0,0,3,2,0,1,1,2,7,0,0,2,0,0,0,0,0,0,0,0,0,0,0,0,0,1,0,2,0,0,0,1,4,0,0,1,5,3,0,1,0,0,1,1,0,1,1,0,11,1,7,1,0,1,1,1,2,2,2,0,1,0,0,0,8,0,0,0,0,1,0,16,1,0,0,0,1,0,1
3,0,6,5,5,0,0,3,0,2,1,0,4,0,0,2,0,1,0,2,0,1,7,0,2,3,0,7,0,11,0,0,7,1,2,0,2,0,0,0,0,5,0,0,1,0,0,0,2,0,6,1,0,0,0,0,1,0,0,0,1,0,0,0,0,0,0,0,0,1,0,0,0,0,0,0,2,3,1,0,11,1,0,0,0,1,0,0,0,0,2,1,0,1,0,0,1,3,4,0,0,1,0,0,0,5,3,29,4,0,3,1,0,25,0,0,0,0,0,0,2,0,6,0,17,0,18,26,0,0,35,0,0,0,0,0,0,0,3,0,0,1,0,0,0,0,1,0,1,0,0,0,0,1,3,3,8,1,3,1,1,0,0,13,1,0,1,1,0,0,1,2,0,1,3,0,0,0,0,0,0,0,2,0,3,3,3,0,5,0,2,0,0,0,0,0,0,0,0,0,0,0,5,2,1,0,0,13,0,0,0,0,0,3,0,0,0,0,0,0,1,0,1,1,0,7,1,4,2,0,0,14,11,3,1,1,1,0,0,1,0,11,0,0,0,0,0,0,2,5,4,0,0,0,0,0
2,0,3,2,7,0,4,1,1,0,1,1,6,0,3,1,5,3,2,1,0,1,7,2,3,3,2,3,0,2,1,2,7,2,5,1,2,0,1,0,0,9,0,0,0,0,0,0,0,0,2,0,0,0,0,2,0,0,1,1,4,1,0,0,1,0,3,1,0,0,0,0,0,1,1,3,4,6,2,0,0,0,6,0,1,0,1,3,15,0,1,1,0,0,2,0,1,10,3,1,2,3,0,0,0,0,1,25,7,5,4,0,3,0,0,0,7,0,0,3,6,1,0,0,1,1,14,3,0,4,25,1,1,0,0,1,0,2,4,0,0,6,2,5,0,0,2,0,2,0,6,1,0,2,0,21,7,3,6,4,0,2,0,7,0,1,1,2,5,1,0,1,0,7,2,0,0,0,0,4,1,2,2,3,3,8,0,0,4,1,0,0,0,0,0,0,0,1,0,9,0,0,1,0,0,0,0,0,0,1,0,0,0,12,1,1,0,0,1,0,0,0,0,2,1,9,2,2,1,1,0,0,0,2,1,1,1,8,0,0,0,8,0,0,0,5,1,0,1,1,0,0,0,0,0,0
2,0,0,2,1,9,1,1,1,3,5,0,0,6,1,7,3,1,0,1,1,0,0,0,1,0,0,0,2,8,1,0,2,0,4,3,1,0,4,0,0,0,3,0,0,1,0,5,0,5,1,3,1,0,1,7,0,1,0,0,0,0,0,0,0,0,0,0,11,0,0,0,36,1,0,0,8,0,2,0,0,5,0,2,1,0,1,6,0,0,0,0,1,0,0,4,0,0,3,4,1,0,0,0,0,0,5,0,0,0,0,1,1,0,0,1,1,0,0,0,0,3,1,0,0,1,0,0,2,0,0,0,23,1,2,1,3,0,2,0,0,23,1,4,2,1,0,0,1,0,0,9,0,5,3,6,0,0,1,8,3,1,1,0,0,0,8,2,0,0,16,0,2,6,0,0,0,1,0,0,3,0,2,6,1,1,3,0,0,1,2,1,0,1,0,1,0,0,8,1,3,3,0,0,0,0,20,0,0,0,2,0,7,0,2,1,9,0,0,0,0,3,11,2,3,4,2,0,0,5,1,4,9,1,0,0,2,1,0,0,0,0,0,0,1,1,1,0,1,0,0,1,0,1,2,1
4,3,6,4,12,0,1,1,3,0,1,1,1,0,1,0,4,2,17,0,0,0,10,31,0,2,1,5,0,8,2,1,11,0,10,0,1,0,0,2,1,10,0,1,0,0,1,1,0,4,4,0,2,1,1,0,1,4,1,0,3,0,3,1,1,0,0,0,1,2,0,0,2,0,0,2,1,0,1,0,0,2,0,0,0,0,0,0,1,0,1,2,2,0,1,1,2,0,1,1,0,1,1,3,2,0,2,3,1,0,1,0,2,0,0,2,2,2,0,3,0,0,2,0,0,0,3,0,2,3,12,0,1,2,1,2,6,5,4,0,1,1,4,1,3,1,2,2,3,3,1,2,0,0,2,4,4,13,1,2,15,0,0,3,0,0,5,0,0,1,0,2,0,7,2,0,0,0,0,1,0,1,1,0,2,1,0,6,1,0,0,0,1,0,0,0,0,1,0,0,0,0,4,1,6,5,0,1,3,2,1,1,0,8,1,0,0,0,4,0,1,0,1,0,0,1,1,0,2,6,6,5,1,2,2,0,3,1,3,0,2,0,1,1,0,9,1,0,0,3,0,1,4,0,1,1
3,0,1,2,7,0,1,1,4,4,1,2,4,1,0,3,5,2,0,1,1,1,0,0,1,5,2,1,0,5,0,0,9,1,10,21,4,1,0,0,0,11,1,0,1,4,0,0,0,1,4,2,0,0,1,0,3,15,1,0,3,0,1,0,1,0,4,1,4,1,0,1,0,1,0,0,0,10,1,2,1,2,6,0,0,0,0,4,3,0,1,1,0,1,0,1,4,0,1,0,0,0,0,5,0,1,3,5,0,1,2,0,0,52,0,0,1,0,1,0,6,1,5,5,3,3,9,6,0,1,26,0,0,1,0,0,0,1,0,0,1,6,4,1,0,0,2,1,1,3,0,0,0,2,5,5,6,4,2,0,0,1,0,9,0,0,1,6,0,0,0,6,1,6,0,0,0,0,0,0,0,4,3,0,2,6,0,1,0,2,0,0,0,1,0,2,0,0,0,0,0,0,2,0,2,1,0,0,1,0,1,0,1,4,0,0,0,1,0,0,0,1,1,1,0,1,1,0,2,0,0,0,1,0,1,0,1,0,0,0,0,2,0,0,0,0,1,1,0,3,6,1,0,0,0,0
1,0,9,6,7,0,0,0,0,2,2,0,5,0,2,1,0,1,0,3,0,1,5,0,0,4,1,4,0,11,0,0,6,0,4,4,8,0,1,7,3,12,0,0,0,1,0,0,3,2,3,0,0,0,0,4,3,14,1,1,1,0,0,2,1,0,30,0,3,0,0,1,1,0,0,1,1,1,5,0,0,0,1,2,0,0,3,1,7,1,6,1,0,0,0,0,5,1,1,0,2,0,5,8,0,0,4,5,0,2,1,1,0,46,0,0,4,4,0,0,1,1,1,1,2,2,8,1,0,2,10,1,1,0,3,0,1,1,0,0,0,2,1,5,0,0,1,0,1,0,1,0,1,1,0,2,2,0,4,0,1,0,0,9,0,2,0,8,3,0,0,0,1,5,1,0,0,0,0,1,0,1,1,1,3,9,0,1,1,2,2,0,0,0,0,0,1,0,0,0,0,0,1,0,0,0,0,0,2,3,0,0,1,5,1,1,0,0,0,0,1,0,2,2,0,1,1,0,0,0,2,2,0,0,1,0,0,2,0,0,1,4,0,2,0,1,0,0,0,3,1,3,0,1,0,2
0,3,8,1,21,0,0,1,0,0,1,0,3,2,1,1,1,2,1,1,2,0,3,4,0,1,2,10,0,1,0,1,14,2,8,0,1,0,1,0,3,2,0,0,2,0,0,0,0,3,4,0,0,1,0,2,2,1,0,0,0,1,2,3,2,0,5,0,0,0,0,0,0,1,1,0,2,0,1,1,0,0,7,1,0,0,0,1,11,0,0,3,0,0,2,0,3,0,2,2,0,0,5,12,1,1,1,0,2,1,2,0,2,2,0,3,0,3,0,1,0,1,1,1,12,0,3,1,0,0,11,0,0,0,0,1,0,0,0,0,0,5,0,3,0,1,1,0,0,0,0,3,0,0,0,5,6,0,3,0,0,0,1,0,0,0,0,0,0,3,0,0,0,4,4,0,1,3,0,0,1,0,1,1,2,0,1,7,4,0,1,2,2,0,0,1,3,0,0,0,0,0,1,0,0,7,1,0,6,1,10,4,0,4,0,0,0,0,2,1,0,0,2,3,0,3,1,1,4,1,5,3,1,2,4,0,0,1,2,1,18,2,4,1,0,0,2,3,2,10,1,1,8,2,0,3
4,0,9,0,0,0,0,0,0,0,0,0,0,0,0,1,0,1,0,0,0,0,1,1,0,4,0,3,0,6,0,1,20,0,3,0,0,0,2,1,0,0,1,0,3,0,0,1,3,6,0,0,1,1,3,0,0,0,0,4,0,15,4,0,0,2,1,0,3,1,0,0,0,0,2,2,0,0,0,0,0,2,0,3,0,0,0,0,1,0,1,1,1,1,0,1,4,0,4,0,0,0,2,1,0,0,0,2,0,0,1,0,4,2,0,2,0,1,0,0,1,0,1,0,0,3,0,0,4,3,0,2,1,2,0,2,3,0,12,5,1,1,0,3,0,3,19,5,1,0,0,0,0,0,0,7,0,0,0,2,2,7,0,0,1,0,0,0,1,2,0,0,2,1,4,0,0,10,2,0,1,0,0,0,1,0,1,3,1,0,2,1,0,0,0,3,5,0,0,0,12,0,0,0,0,0,4,0,8,0,1,0,0,0,0,17,0,0,1,2,1,0,0,0,4,1,2,3,8,1,0,2,0,0,3,0,0,2,0,3,3,1,50,2,0,2,0,1,0,0,0,4,8,3,0,8
7,0,8,1,2,0,1,0,0,3,0,0,0,3,1,1,0,2,0,0,0,1,3,5,0,0,0,13,0,3,0,1,7,0,5,0,3,1,1,1,0,2,1,0,2,0,2,0,0,2,1,0,0,3,2,1,1,7,0,0,1,2,1,0,0,7,1,3,2,4,0,0,4,0,0,0,0,1,1,1,0,2,3,0,0,2,0,0,5,0,0,3,0,0,0,1,0,0,3,2,1,0,2,1,0,0,0,0,1,1,5,0,1,11,0,2,1,1,4,0,0,0,0,1,28,0,6,1,0,0,3,1,1,1,0,0,1,2,2,1,0,2,1,2,0,3,11,2,1,2,0,1,0,0,0,4,1,1,0,3,1,1,0,2,4,0,1,1,3,0,0,0,9,0,0,0,2,14,3,0,1,0,1,0,4,1,0,3,0,0,2,0,4,8,0,1,2,0,0,0,6,2,0,0,1,0,1,0,7,0,18,1,0,0,0,2,1,1,4,4,0,0,1,0,2,0,0,0,1,1,0,1,0,0,0,0,1,0,2,1,6,2,31,2,0,1,4,2,0,0,3,4,2,2,0,4
4,0,4,4,5,0,0,0,0,0,2,0,3,0,1,4,0,4,0,0,0,2,12,0,0,2,1,7,0,2,0,1,8,0,3,2,0,1,2,0,0,7,0,0,6,1,0,0,1,3,1,1,4,0,4,1,1,2,0,0,1,2,2,0,1,0,4,0,1,1,0,0,0,1,1,1,7,1,1,0,0,1,0,0,1,0,0,1,9,0,1,9,1,0,0,0,1,43,1,0,0,1,4,0,0,2,0,20,15,1,0,0,0,1,0,2,2,7,0,2,0,2,7,0,7,33,8,3,8,0,16,0,0,0,0,1,0,0,0,0,0,4,0,3,1,0,1,0,1,0,1,3,1,2,0,4,7,0,2,0,0,0,2,2,0,2,2,9,0,0,0,2,0,2,1,0,1,1,0,0,0,0,1,0,1,2,0,0,14,0,0,0,0,2,0,0,1,1,1,0,3,0,1,0,0,0,0,0,1,4,0,0,0,7,0,0,0,2,0,0,0,0,1,1,1,8,5,3,6,0,3,0,0,1,1,1,0,0,0,0,0,4,1,0,4,1,0,0,0,1,6,0,0,0,5,0
0,0,4,1,0,0,0,6,3,1,0,0,0,0,0,0,1,0,2,0,1,2,0,0,0,0,0,1,2,0,0,2,3,0,3,0,0,0,0,7,1,12,17,2,0,3,0,1,1,3,1,0,0,1,3,2,0,5,0,0,0,7,4,0,0,0,0,0,1,0,2,0,0,0,0,0,0,0,2,0,0,0,2,2,0,1,0,3,1,0,2,0,0,0,0,0,11,2,0,0,0,0,3,2,0,0,0,0,0,0,4,0,4,5,0,1,1,1,1,0,0,4,0,0,1,0,5,0,0,1,2,1,0,3,0,0,5,0,1,0,0,0,2,0,0,0,5,5,2,2,2,2,0,0,0,4,0,4,0,2,2,3,0,0,0,0,4,0,2,1,0,2,2,1,4,0,1,0,2,0,1,0,0,0,5,1,1,18,0,12,1,7,0,0,0,0,4,1,0,0,2,8,0,0,0,0,0,1,13,1,0,1,0,2,0,1,0,0,1,3,0,1,1,0,3,4,0,0,8,0,5,2,0,1,6,0,0,0,6,0,2,3,45,5,0,2,1,0,0,0,2,3,4,8,1,5
3,1,5,5,7,0,1,2,2,2,7,1,15,1,2,0,0,1,2,0,0,0,5,0,0,3,1,0,0,6,0,2,5,1,8,3,2,0,0,1,1,0,0,1,4,2,0,2,1,2,4,0,0,1,0,1,4,3,0,0,5,7,1,3,1,0,25,0,1,0,0,1,0,0,2,0,2,0,2,0,1,3,0,0,0,0,1,0,2,0,3,0,0,2,0,0,1,0,8,0,0,0,0,3,5,0,2,7,0,0,1,0,1,1,0,3,3,0,0,0,1,1,4,3,4,1,10,2,1,1,22,0,2,3,0,1,0,0,1,1,1,1,1,6,4,0,1,1,0,2,2,1,18,0,0,3,0,0,1,0,1,2,0,5,1,1,2,15,3,0,0,1,2,3,4,0,0,2,0,5,1,0,2,0,3,8,1,6,2,1,0,0,0,1,0,0,3,0,1,2,0,0,2,0,0,1,1,0,2,0,1,0,2,3,0,2,1,0,1,0,0,2,0,0,0,8,3,0,3,1,4,0,1,2,4,3,0,0,0,1,11,8,1,4,0,0,2,0,1,2,1,2,1,0,3,1
3,1,2,0,0,1,0,0,0,0,0,0,0,5,0,0,0,0,1,0,1,0,4,1,0,0,0,1,0,5,0,1,3,0,3,1,1,0,0,2,20,0,1,1,1,1,1,3,0,2,0,0,2,1,4,1,0,0,0,0,0,3,0,1,0,50,0,2,2,2,0,2,3,4,2,2,3,0,3,2,0,2,0,0,0,2,0,0,4,0,1,4,0,2,0,0,0,0,15,0,1,0,7,3,0,0,1,0,7,2,1,0,1,1,4,5,0,2,1,2,0,1,0,1,9,0,2,0,0,2,3,1,2,0,0,0,1,0,1,2,0,7,2,0,0,1,17,5,0,0,0,3,0,0,1,8,0,6,0,2,0,2,0,0,2,0,0,0,0,0,1,0,3,0,1,0,3,1,0,0,2,0,0,0,1,0,0,0,0,0,1,0,1,2,0,0,9,0,0,0,0,0,1,0,0,0,0,0,11,1,6,0,0,0,0,1,0,0,5,0,1,0,0,0,2,3,0,0,4,0,1,0,0,0,1,1,2,0,1,5,2,1,42,1,0,1,0,0,0,1,0,3,1,10,0,3
2,0,0,0,2,21,0,1,1,2,6,0,2,4,0,1,20,2,0,7,1,0,3,1,2,0,0,0,3,7,0,0,0,0,6,1,3,0,1,0,1,1,4,2,0,0,1,4,0,4,5,1,0,0,0,1,0,0,1,0,0,0,4,0,0,0,1,1,21,0,0,0,35,3,0,1,5,0,2,0,0,8,0,0,1,0,0,4,0,2,0,0,0,1,0,0,0,0,0,2,0,0,0,2,1,0,3,1,1,2,0,1,0,0,0,0,1,0,1,0,0,0,1,0,0,0,0,0,0,0,0,0,13,0,1,0,0,0,2,0,4,7,1,0,0,0,1,0,1,0,1,13,0,4,1,4,0,0,0,10,0,0,1,6,0,1,6,0,1,0,27,13,0,5,0,1,1,0,0,0,5,0,3,1,0,1,0,0,0,0,3,1,0,1,0,3,1,0,4,10,5,0,0,0,0,0,0,0,0,0,0,0,3,0,1,1,0,0,0,0,0,4,6,1,0,2,1,0,0,0,0,5,0,1,0,0,2,4,1,0,0,1,0,0,2,2,0,0,1,0,0,0,0,1,0,1
4,0,15,0,5,0,3,5,2,0,0,0,0,0,1,0,10,1,0,0,3,2,3,0,0,0,0,5,0,6,1,2,12,0,2,1,0,1,0,1,1,0,0,1,0,0,0,0,0,9,3,0,0,1,2,1,0,0,0,1,0,1,3,0,2,1,0,0,1,0,1,0,1,0,3,2,1,0,0,0,0,1,0,0,1,1,1,2,0,0,0,0,1,0,0,1,4,4,6,2,1,0,6,3,13,0,4,2,2,1,1,0,5,7,1,3,0,3,2,4,0,0,2,1,3,1,9,0,0,3,9,0,0,3,0,0,5,4,4,1,0,0,1,4,0,0,8,4,0,0,1,1,0,1,0,6,2,8,1,2,0,4,0,1,0,0,1,0,3,0,0,1,0,3,2,0,0,1,0,3,3,0,0,0,10,3,1,4,0,2,1,1,0,1,0,0,4,3,0,0,0,2,0,0,0,1,0,0,4,2,0,0,0,0,3,0,0,0,4,0,4,0,0,10,3,1,0,0,0,3,1,1,1,1,0,2,0,0,6,0,8,0,10,1,0,0,1,2,2,0,2,1,3,1,1,5
2,0,4,7,8,0,0,1,1,1,2,2,4,0,2,1,1,2,4,0,0,3,13,0,1,1,2,0,0,4,4,1,4,0,6,0,2,1,1,0,1,7,1,0,1,0,0,1,0,1,3,0,0,0,1,1,5,1,1,0,1,2,0,0,1,3,3,0,0,0,0,0,0,1,0,0,0,16,5,0,2,1,2,0,0,0,1,0,4,3,7,2,1,1,1,0,0,1,0,0,1,0,7,1,0,1,1,22,6,2,7,2,0,51,0,0,9,0,0,1,1,0,5,3,0,7,9,2,0,1,26,3,0,1,0,0,0,0,0,0,0,2,0,0,1,0,1,0,3,0,0,2,0,1,3,0,2,9,2,0,0,2,1,4,1,1,3,0,5,0,1,1,0,7,2,0,0,0,0,5,1,0,1,0,2,4,0,2,3,3,0,1,0,0,0,0,2,0,2,1,0,0,0,0,0,0,0,0,0,0,0,0,0,7,1,1,0,0,0,0,2,0,1,3,0,5,1,0,1,2,3,1,0,2,1,4,0,2,1,0,0,6,0,0,0,0,0,0,0,2,0,0,0,0,1,0
4,0,12,3,10,1,1,2,1,1,1,0,2,0,2,2,0,2,0,0,0,0,15,0,1,5,3,8,0,4,1,0,9,1,11,0,0,4,0,0,0,2,0,0,1,0,0,0,1,0,4,2,0,0,1,0,4,0,0,0,2,3,1,0,0,0,0,0,0,1,0,1,0,0,0,0,2,0,8,0,1,0,1,1,0,0,1,0,13,0,2,6,0,0,1,1,1,23,0,0,0,1,3,0,0,1,0,4,1,1,2,0,0,50,0,0,1,0,0,1,1,1,4,0,1,34,6,1,2,0,8,0,0,0,1,3,0,0,0,0,0,1,0,0,0,0,3,0,2,0,0,0,0,1,3,2,2,2,7,0,2,3,0,11,4,0,1,1,0,0,0,0,0,6,1,0,0,0,0,2,0,0,1,2,1,4,0,0,1,0,0,0,1,0,0,0,0,0,0,0,0,0,2,0,0,0,0,0,1,0,0,0,0,7,0,0,0,0,0,0,0,8,2,0,0,4,1,1,1,6,2,0,0,1,2,0,0,0,0,2,1,9,0,0,0,0,2,0,3,2,1,1,0,0,0,0
1,0,3,0,5,0,0,0,0,2,0,0,0,0,0,0,2,1,0,0,3,0,6,1,0,0,0,3,0,3,0,1,10,0,5,3,0,0,0,1,0,0,0,0,0,0,0,0,7,2,3,0,0,1,1,0,2,1,0,0,3,4,1,15,0,0,0,1,1,1,0,1,0,0,0,0,0,0,7,0,1,1,0,0,0,0,0,0,0,1,1,0,0,0,1,2,4,0,4,0,5,0,4,6,0,0,0,2,0,0,4,0,2,11,0,3,0,1,0,2,0,0,0,0,1,0,11,0,0,4,2,0,0,3,2,0,5,4,1,1,0,0,2,10,2,1,7,4,1,1,0,1,0,0,1,5,2,5,2,2,2,2,0,1,6,0,2,3,1,3,0,0,1,1,2,0,0,0,2,3,1,0,0,0,3,2,0,15,1,0,0,0,0,1,0,2,1,0,0,0,6,1,0,0,1,0,0,0,12,7,0,1,0,2,0,5,0,2,0,0,0,0,1,0,1,9,1,0,3,1,2,3,0,1,0,0,0,0,4,2,12,4,6,5,0,5,2,3,1,0,2,6,5,3,3,3
4,0,5,3,11,0,0,1,4,0,4,1,6,1,0,2,10,2,2,2,0,0,5,0,1,2,5,7,1,4,2,1,8,0,10,6,0,0,0,1,0,1,2,1,0,1,0,3,1,0,6,3,4,0,1,1,2,2,1,0,5,0,4,0,2,0,5,0,0,0,0,0,0,0,0,0,0,0,4,0,1,0,0,0,0,0,0,2,3,0,3,0,1,0,1,0,5,1,0,0,3,1,0,4,0,1,0,17,1,4,1,0,0,21,0,0,2,0,0,0,0,2,6,5,0,11,12,1,0,0,29,0,1,0,0,0,0,0,1,0,0,3,1,1,2,0,2,0,2,1,1,0,13,3,2,4,4,3,2,0,0,2,0,3,1,4,0,5,9,0,0,1,1,8,1,0,0,0,0,3,0,0,2,0,2,7,1,0,0,2,0,2,0,0,0,0,2,0,0,1,0,0,1,0,0,0,0,0,0,0,0,0,0,5,0,2,0,1,0,0,0,0,1,1,0,6,3,0,3,4,0,0,0,7,3,7,0,2,2,0,0,7,0,1,0,0,0,0,0,1,3,0,3,0,0,0
1,0,1,2,8,1,1,0,0,9,1,1,4,1,0,1,0,2,0,1,0,2,7,0,1,2,0,5,0,18,2,0,16,0,4,16,0,0,1,0,0,7,0,0,1,1,0,1,0,1,2,1,0,0,3,0,0,0,1,0,1,0,0,2,0,0,9,0,0,3,0,0,0,0,0,0,0,2,0,1,21,1,6,0,0,0,0,1,5,0,0,0,0,0,0,0,1,2,1,0,0,0,2,0,1,1,1,14,2,0,2,0,0,56,0,0,4,1,0,0,0,0,1,3,1,42,12,1,0,2,18,0,0,0,0,0,0,0,0,0,0,0,0,1,0,0,1,0,1,0,0,0,0,1,0,3,1,7,1,1,0,3,1,14,0,3,1,4,4,0,1,0,0,1,1,0,0,0,0,2,0,0,1,0,1,10,0,0,2,2,0,0,0,1,0,0,0,0,0,0,0,0,2,3,0,0,0,0,2,0,0,0,0,3,0,0,0,2,0,0,0,0,1,0,0,1,3,0,0,0,4,0,0,2,1,2,0,1,0,0,0,10,0,0,0,0,7,0,1,10,2,0,0,0,0,0
3,0,5,0,0,0,0,0,1,0,0,0,0,2,0,0,0,0,0,0,1,1,2,4,0,0,0,8,0,1,0,1,20,2,3,0,0,0,1,0,0,0,1,0,2,3,6,0,1,3,5,0,0,2,6,0,0,3,0,0,1,2,2,1,0,0,0,1,1,0,0,0,9,0,0,0,0,0,0,1,0,1,0,1,0,0,0,0,1,0,2,1,1,0,0,0,0,2,4,0,0,0,1,1,1,0,0,0,0,2,1,0,5,1,0,0,1,2,1,0,0,0,0,2,0,0,2,0,1,0,0,0,0,0,0,0,0,0,0,4,0,0,0,0,0,3,0,2,0,3,0,1,0,0,0,4,0,0,0,1,1,8,0,0,2,0,0,0,1,2,1,0,13,0,1,0,1,7,0,0,1,0,0,0,1,0,1,11,1,0,1,0,3,1,0,1,3,0,0,0,1,1,0,0,2,0,1,0,17,5,6,0,0,1,0,6,0,1,0,1,0,0,0,5,2,2,0,1,1,0,2,1,0,0,3,0,0,0,1,0,13,0,47,3,0,1,4,14,1,1,16,2,9,8,1,2
0,0,3,4,7,2,0,6,1,0,1,0,2,0,4,1,0,3,3,0,0,2,9,1,0,1,2,4,0,4,9,0,7,0,3,0,1,0,0,1,0,0,0,0,5,1,1,0,0,1,9,1,0,0,1,0,3,0,0,0,1,0,0,0,1,0,1,0,0,0,0,1,0,0,0,0,6,0,2,0,3,0,13,0,1,0,0,5,2,0,1,4,0,1,2,0,2,0,0,0,2,0,0,0,0,3,0,10,0,2,2,2,1,0,1,0,0,1,0,0,0,2,7,0,5,0,14,2,0,1,9,1,0,0,0,0,0,0,2,1,0,3,5,2,0,0,1,0,1,0,1,1,2,2,2,16,4,6,3,6,0,1,0,10,3,1,0,2,0,0,0,1,1,4,3,0,1,0,0,2,0,4,1,1,3,4,0,0,1,0,21,0,1,1,0,0,0,1,2,0,0,0,1,0,2,0,1,5,0,0,5,0,0,2,0,0,0,0,0,0,2,1,3,2,0,13,1,6,0,2,4,4,15,6,1,7,1,0,0,0,0,6,0,0,0,0,2,0,1,1,0,2,0,0,3,0
2,1,6,3,11,2,0,1,0,3,2,2,2,0,2,1,0,2,2,0,0,0,14,0,1,2,5,7,0,5,1,0,2,0,11,2,2,0,0,0,1,5,1,0,4,0,0,0,1,4,5,0,0,0,1,1,3,1,3,0,2,0,3,0,0,2,0,1,1,1,0,0,1,2,0,0,1,2,1,0,1,0,0,1,0,0,0,0,1,0,0,1,0,0,2,0,0,3,0,0,0,0,0,4,0,2,1,13,1,2,1,0,0,44,1,1,0,3,1,2,6,0,6,1,0,18,9,1,10,0,12,4,0,0,0,2,3,0,0,0,0,1,0,2,0,0,1,0,1,0,2,0,0,1,0,1,4,2,2,1,1,4,0,6,0,2,1,1,3,2,1,0,0,5,0,0,0,0,0,5,1,1,2,0,1,4,0,0,1,1,0,2,0,0,0,0,1,0,1,0,0,0,3,0,2,0,0,0,1,22,0,0,0,5,2,0,0,0,0,0,0,0,0,0,0,2,1,6,2,0,2,1,0,2,1,2,0,2,1,1,0,5,0,1,0,3,3,0,2,5,1,0,0,0,0,0
0,0,4,3,11,0,3,3,2,1,3,1,3,0,1,3,0,1,0,1,3,2,4,0,1,1,2,8,0,5,6,0,6,2,8,0,3,0,0,0,0,6,0,0,0,0,1,0,2,6,4,2,1,0,1,0,1,2,1,1,2,0,2,0,1,0,0,3,0,0,0,0,0,0,0,5,0,0,1,0,3,1,2,0,0,0,1,0,8,0,0,0,1,0,0,3,2,6,0,1,4,0,0,7,0,0,2,7,1,1,1,0,11,3,0,0,3,1,0,4,1,1,4,1,42,0,3,0,0,0,9,1,2,0,3,0,0,0,2,1,0,2,0,7,0,0,1,0,3,0,6,0,0,3,0,12,1,0,1,4,0,3,0,4,3,1,3,0,1,0,0,0,0,5,0,0,0,0,0,0,1,0,1,1,2,8,0,0,8,0,0,0,0,0,0,0,0,0,0,0,2,0,3,0,0,0,0,0,0,0,9,1,2,8,9,0,0,0,0,0,2,0,1,1,0,2,1,0,1,0,2,0,2,1,1,0,0,1,1,0,0,1,0,0,1,1,0,0,2,1,0,0,1,0,2,0
1,2,7,3,5,0,0,6,0,1,2,0,6,0,0,1,0,4,2,2,0,9,10,1,5,1,2,5,0,2,1,0,2,0,4,1,2,1,2,0,0,0,0,1,0,1,0,1,0,0,5,4,1,0,1,0,2,3,0,0,3,0,0,0,1,0,17,0,0,0,0,0,0,0,0,0,3,0,5,0,1,0,0,0,0,1,0,3,2,2,2,0,6,0,1,0,6,7,2,0,0,0,4,0,0,4,4,4,0,0,0,0,0,4,0,1,1,0,0,2,2,0,36,4,0,0,12,2,10,4,27,1,0,2,0,0,1,0,1,0,0,0,0,4,1,0,3,0,1,3,0,0,1,1,0,3,0,0,1,0,0,0,0,3,1,0,0,5,3,2,0,0,2,1,2,0,0,0,0,1,0,3,3,0,1,15,0,0,0,2,1,0,0,0,0,0,0,0,1,0,0,0,2,0,0,0,0,0,1,2,0,0,1,2,0,1,0,0,1,0,0,1,0,0,0,9,1,5,0,0,4,6,1,2,1,4,0,0,0,0,1,7,0,3,1,0,0,1,8,3,1,0,0,0,2,0
1,1,1,3,1,0,0,0,0,0,0,0,3,0,0,0,0,1,1,0,0,0,1,2,0,0,0,2,1,2,0,1,1,0,4,0,0,0,0,0,1,0,2,0,2,0,0,0,1,12,1,0,0,2,3,0,0,1,0,1,0,0,2,1,0,0,10,0,1,1,0,0,0,0,1,0,2,3,1,0,0,0,0,1,0,0,0,0,0,0,0,0,0,0,0,0,1,2,0,0,0,0,2,1,1,1,2,4,1,0,2,0,4,47,0,0,0,1,0,0,1,0,0,0,8,1,8,0,0,4,5,5,0,1,0,1,2,0,4,1,0,1,0,2,1,0,10,3,1,0,2,0,0,0,1,2,0,0,0,1,3,1,1,1,0,1,0,0,4,0,0,2,2,0,7,0,3,18,1,0,3,0,0,0,1,1,0,0,0,1,0,0,4,5,0,0,8,0,0,0,1,0,1,0,0,0,0,0,11,1,23,0,0,0,0,17,0,0,8,3,8,0,0,0,0,1,0,0,1,0,8,0,0,0,1,1,0,0,1,1,8,4,19,1,0,1,2,0,0,0,2,2,1,0,1,4
0,0,3,6,12,1,5,3,0,0,1,0,6,0,2,3,9,2,0,4,0,1,7,0,1,1,3,6,1,0,2,0,5,0,6,0,3,0,1,0,0,5,0,0,0,0,0,0,1,0,4,0,0,0,1,1,0,0,2,0,1,0,0,0,2,0,12,0,1,0,0,0,2,0,0,0,1,4,1,0,1,0,6,0,0,1,0,4,1,0,8,0,1,1,3,0,0,3,0,0,1,0,5,0,0,4,0,6,0,1,2,0,3,0,0,0,10,0,0,1,38,0,3,1,0,16,8,5,0,1,24,0,4,0,0,0,0,0,1,0,0,1,0,1,0,0,1,0,3,0,0,0,2,1,1,6,5,0,2,0,0,1,0,9,0,0,1,3,4,0,1,0,0,8,0,1,0,0,0,3,0,0,2,0,1,15,1,0,3,1,0,0,0,0,0,0,0,1,0,2,0,0,0,1,1,0,0,0,0,0,0,0,1,3,0,3,0,0,1,0,0,0,1,2,0,4,1,0,1,0,1,0,0,1,1,3,0,0,0,0,0,4,0,0,0,1,0,0,0,1,0,0,0,0,2,0
2,0,3,1,12,0,1,1,0,0,2,0,8,0,1,6,5,2,0,0,1,0,7,0,0,0,3,7,0,6,0,1,6,0,5,0,2,0,1,0,0,0,0,0,2,0,0,0,0,2,6,0,0,2,5,0,0,3,1,0,1,3,1,0,0,0,0,0,0,1,1,1,0,1,0,0,0,1,0,0,0,0,1,0,0,0,0,3,5,0,1,1,1,0,0,0,0,4,2,0,2,0,0,1,0,5,0,16,3,1,1,0,9,0,0,1,2,1,0,0,0,1,0,1,2,0,19,1,4,0,23,1,0,2,0,0,2,1,0,0,0,4,3,0,0,0,1,0,1,1,0,0,0,0,0,3,6,2,0,2,0,1,3,12,0,1,0,4,4,1,0,0,4,7,0,0,0,1,1,0,0,0,2,0,3,7,0,2,1,0,2,0,2,0,1,1,2,0,2,5,2,1,1,1,0,0,0,0,4,0,0,0,0,5,2,0,0,9,3,0,2,0,1,1,0,8,1,2,0,4,2,1,0,0,1,4,1,1,2,0,3,13,2,0,0,1,0,6,3,1,3,1,1,0,0,0
1,0,10,1,0,0,1,2,1,1,0,0,0,0,4,0,1,0,1,0,1,0,0,0,0,0,0,1,1,4,0,1,3,0,3,0,1,1,0,2,0,0,0,1,0,5,0,0,0,2,0,0,1,1,1,1,0,0,0,1,0,7,1,0,0,0,0,0,1,0,0,3,0,0,1,5,0,0,0,0,0,0,1,1,0,1,1,0,1,0,0,1,0,0,0,0,1,2,5,0,0,0,3,1,0,0,2,0,1,0,0,0,1,4,0,2,0,2,3,1,0,0,1,0,0,2,0,0,2,3,0,1,0,4,0,0,7,0,2,2,3,1,6,0,0,4,0,5,0,1,0,1,0,0,0,12,1,5,2,4,6,2,0,0,0,0,0,0,0,1,0,0,20,0,2,1,0,0,5,8,1,0,0,0,4,3,0,8,0,1,0,2,0,1,3,0,4,1,1,0,4,0,0,0,0,0,0,0,1,1,0,0,0,0,0,0,0,0,7,2,0,0,2,3,2,3,0,0,4,2,3,7,0,1,0,0,1,0,8,2,5,4,39,2,0,1,0,31,1,0,1,1,3,2,0,0
4,0,2,1,7,0,1,0,0,2,1,2,1,0,3,1,2,1,1,1,0,0,4,0,0,9,2,1,0,11,1,0,5,2,9,4,0,1,0,1,0,8,0,0,2,2,0,0,0,0,2,2,3,0,1,0,0,3,1,1,2,0,2,4,0,0,36,3,2,2,0,1,0,0,0,0,1,5,9,0,0,0,1,0,0,0,2,1,7,0,5,3,0,1,0,0,4,1,1,1,0,0,0,4,0,0,1,3,0,3,5,0,0,38,0,0,0,1,0,0,6,0,1,3,1,0,7,0,1,1,7,1,1,0,1,0,0,0,0,0,1,4,0,1,0,0,1,0,2,0,0,0,0,1,2,4,0,0,2,0,0,3,0,10,2,1,2,2,0,0,0,3,0,8,1,0,0,0,1,1,2,3,5,0,4,8,0,0,1,0,0,1,0,0,0,0,4,0,0,1,1,0,0,0,2,0,2,0,1,0,2,0,4,7,4,1,0,0,1,0,1,0,3,0,0,0,2,0,3,0,5,1,0,1,1,0,0,0,0,0,0,2,0,1,0,0,1,1,0,0,2,2,0,0,0,0
0,0,10,2,0,0,0,0,0,0,0,0,0,1,4,0,5,0,0,1,3,11,0,3,0,0,0,0,0,1,0,1,10,1,4,0,2,0,0,0,2,0,1,0,0,1,2,3,0,5,0,0,2,1,2,1,0,4,0,0,0,3,4,0,0,0,0,0,1,2,0,2,0,0,0,0,0,0,0,1,0,2,0,0,0,0,0,1,1,2,0,2,0,0,0,0,0,0,1,0,0,0,2,1,2,0,1,3,0,2,1,1,3,6,0,0,0,1,0,0,0,0,0,2,1,0,1,5,2,5,3,16,0,3,1,1,1,0,2,1,1,1,2,1,2,10,4,4,0,0,0,0,0,0,0,7,0,4,1,5,3,4,0,0,0,0,3,0,0,0,0,0,0,0,3,2,0,3,0,3,1,3,0,0,2,0,0,10,0,0,0,0,2,0,0,3,7,0,1,0,2,2,0,0,2,0,1,4,13,0,0,0,0,3,0,2,0,1,1,0,1,0,0,1,1,1,0,0,4,0,3,5,0,0,0,0,1,0,4,1,7,3,44,3,0,2,1,5,1,0,2,1,8,2,1,3
5,0,9,0,0,2,0,1,1,0,0,0,0,1,3,1,1,0,2,1,1,0,0,0,0,1,0,1,2,6,0,2,5,1,2,0,1,0,0,0,0,0,0,0,1,2,0,0,16,5,1,0,2,2,3,0,0,1,0,0,0,3,4,0,0,0,1,0,1,1,0,2,0,0,0,0,0,0,1,0,0,0,0,0,0,0,0,0,1,0,1,1,0,1,0,0,1,0,5,4,0,0,6,1,5,0,0,2,1,1,1,0,1,4,0,0,0,2,0,1,0,0,1,0,1,0,7,0,0,1,5,20,1,1,0,0,4,1,1,3,1,0,0,1,0,1,16,5,2,6,0,0,0,0,0,11,2,7,4,3,2,2,3,1,5,1,2,0,1,1,3,1,3,0,9,0,0,0,0,0,1,0,0,0,4,1,0,8,0,0,1,0,0,1,1,0,7,0,0,0,2,1,0,0,0,0,0,0,6,0,2,1,0,0,0,3,0,0,0,0,0,0,0,0,4,2,0,0,4,1,0,2,3,0,1,0,0,0,5,3,3,1,43,1,0,0,0,4,0,0,1,5,10,0,0,3
1,3,4,4,8,2,1,1,2,1,4,0,3,0,3,3,0,2,1,0,0,3,7,1,2,3,3,3,0,1,3,0,14,2,13,0,3,1,0,2,0,7,1,42,1,1,0,0,1,1,8,0,1,3,2,0,1,2,1,1,3,0,8,0,3,0,0,2,0,1,0,1,0,0,0,1,1,3,1,0,10,0,2,0,0,1,0,0,4,0,0,0,0,0,1,2,1,0,1,0,3,0,0,1,1,1,0,6,2,3,1,0,0,6,1,0,0,0,0,0,1,0,1,0,0,1,3,1,0,0,3,0,0,0,0,3,0,2,1,0,0,9,1,2,0,0,1,0,2,1,1,0,8,2,1,19,2,0,1,3,0,0,0,9,2,2,0,2,0,0,0,0,0,12,0,0,2,0,0,0,2,1,1,0,2,4,0,0,0,0,0,0,0,0,0,1,0,2,0,0,1,1,1,2,0,0,0,3,1,0,0,0,1,11,0,0,0,0,0,0,0,0,1,0,0,6,2,0,0,0,0,0,0,1,1,4,0,3,0,1,0,0,0,0,0,5,0,1,1,0,2,1,3,11,0,1
3,0,3,4,5,0,0,0,0,1,1,1,6,0,0,5,9,2,0,0,0,0,9,0,3,2,1,6,1,5,2,0,2,2,4,0,0,0,1,0,0,5,0,1,1,0,0,0,1,2,3,1,0,0,0,0,2,0,1,1,3,0,0,0,2,1,0,0,1,0,0,0,2,0,0,0,2,3,1,0,2,2,2,0,1,0,0,4,6,0,3,0,0,1,1,0,1,7,0,1,0,1,0,2,0,5,1,17,0,3,3,0,0,47,0,1,0,0,0,0,14,1,5,0,3,6,11,2,0,0,11,0,0,0,0,1,0,0,0,0,0,1,0,4,0,0,7,1,1,1,0,0,4,1,0,9,3,0,2,0,0,0,1,12,1,2,2,3,0,0,0,0,0,0,1,1,2,0,0,0,5,0,1,0,1,12,2,0,0,1,2,0,0,1,0,0,3,1,0,6,0,0,0,1,0,1,0,8,0,1,0,0,0,3,0,0,0,0,1,0,0,0,1,1,0,8,1,3,0,0,2,0,0,0,1,2,0,0,0,2,0,5,0,0,0,0,0,0,0,2,2,0,1,0,0,0
2,2,12,0,0,0,1,1,0,0,0,4,0,2,3,1,1,0,0,0,0,0,0,0,0,0,1,1,1,2,2,6,8,0,3,0,1,0,0,1,0,1,0,0,0,1,5,1,0,3,3,0,0,1,5,0,0,2,0,0,0,7,2,0,0,0,2,1,1,15,1,2,1,0,0,0,0,0,6,0,0,2,0,1,0,0,0,1,6,0,5,2,0,0,0,1,4,0,2,0,0,0,0,2,0,0,0,0,0,0,2,0,1,2,0,3,0,1,0,0,0,2,0,0,0,1,0,0,2,3,0,2,0,7,3,0,4,2,0,0,0,4,0,0,0,0,30,4,0,2,4,0,0,0,0,5,0,2,0,3,1,6,1,1,5,0,0,1,0,0,0,1,1,0,1,0,1,1,1,0,1,0,0,0,1,1,1,17,1,0,0,0,0,3,0,0,3,1,0,0,6,0,0,2,0,0,0,1,3,0,0,0,0,1,0,1,0,0,3,1,0,0,0,0,0,2,0,0,1,1,1,4,1,0,1,0,0,0,8,2,1,3,45,3,1,1,0,1,1,0,1,8,3,4,0,1
2,1,5,5,10,0,0,0,0,1,1,3,1,0,4,1,0,3,1,1,0,1,2,1,0,3,1,0,0,1,0,0,6,0,7,2,2,1,2,2,2,0,0,1,2,0,0,0,2,4,8,4,0,0,3,0,0,1,2,0,1,3,0,0,0,0,0,0,1,0,0,0,1,0,0,0,0,9,0,3,0,0,0,0,0,1,0,0,2,0,3,11,0,0,0,0,4,0,0,0,2,0,0,0,0,0,0,17,0,4,2,1,0,27,0,1,0,1,0,2,0,0,0,2,6,0,9,2,0,3,18,1,0,0,0,0,0,4,9,0,1,2,0,1,0,0,1,0,2,0,1,1,0,1,1,35,3,8,2,7,0,1,1,9,0,4,2,4,0,0,0,1,0,10,0,0,1,0,0,4,0,1,2,2,1,5,0,0,1,2,2,1,0,0,0,0,1,0,0,0,0,0,1,0,0,0,0,2,0,0,0,0,0,7,0,0,0,0,2,0,0,0,2,3,0,12,1,0,1,0,0,0,0,0,1,3,0,2,3,0,0,0,0,0,0,0,9,2,0,0,1,0,1,0,0,1
1,0,2,0,2,0,0,0,0,1,0,0,0,0,0,0,0,1,0,0,0,0,0,1,0,0,0,2,0,1,0,1,12,0,4,0,0,0,1,3,0,8,8,0,0,0,4,0,0,13,2,2,0,2,2,0,0,15,0,1,1,2,3,2,0,0,2,0,1,0,0,0,0,0,0,0,0,0,2,0,0,0,0,0,0,1,0,0,0,0,1,0,0,0,1,0,4,0,2,0,0,0,5,1,1,0,0,2,4,0,1,0,1,37,2,1,3,1,0,0,2,0,1,0,1,0,3,0,0,3,0,1,0,1,0,1,3,0,0,2,0,0,0,1,0,0,12,3,0,1,15,0,0,1,0,5,1,1,0,1,1,7,0,3,0,0,1,1,0,1,0,0,5,0,0,0,0,13,0,0,1,0,0,0,2,0,1,5,1,0,1,0,0,2,3,0,3,0,0,0,0,1,0,0,0,0,0,0,7,1,3,0,0,0,0,15,0,0,0,0,7,1,0,0,1,0,0,0,7,3,0,0,0,0,3,7,0,0,3,1,8,1,10,6,0,0,1,2,2,2,5,1,1,3,0,2
0,0,7,4,6,3,1,0,1,12,1,0,9,0,5,2,36,3,0,0,1,0,7,0,0,3,2,17,0,4,0,0,7,0,1,0,2,0,2,0,1,1,1,0,0,0,1,1,0,0,0,1,0,0,0,0,3,0,0,0,9,0,0,0,3,0,5,0,0,2,0,0,1,0,0,0,1,1,1,0,1,0,10,0,1,0,0,3,18,0,2,0,1,0,1,0,1,0,1,0,0,1,0,0,1,0,1,10,2,4,4,0,0,0,0,2,3,0,0,0,0,2,7,3,6,30,3,0,2,0,9,0,1,0,0,0,0,1,1,1,0,1,0,1,0,0,1,0,1,0,0,0,0,2,1,1,6,1,3,0,0,2,0,7,2,0,0,6,0,3,0,0,0,2,2,0,0,0,0,4,0,0,1,2,1,3,0,0,3,2,0,1,0,0,1,0,1,0,0,4,0,0,2,1,0,0,1,0,0,0,0,2,0,1,0,0,0,1,0,0,0,0,0,0,0,3,1,1,0,0,3,1,0,1,1,3,0,0,0,0,0,1,0,0,0,0,0,1,0,2,2,0,0,0,0,6
4,0,3,1,5,1,0,0,0,1,2,0,2,1,0,2,0,2,4,0,0,0,3,1,3,6,1,4,0,3,1,0,3,1,3,8,0,0,0,0,1,3,2,0,2,0,0,1,0,3,6,1,0,0,1,0,1,7,0,0,2,3,4,1,0,0,0,0,9,2,0,0,0,0,3,0,0,12,3,0,7,0,1,0,0,1,1,1,5,0,7,1,0,0,0,0,5,5,0,1,0,0,1,1,0,3,1,6,0,7,2,0,0,23,0,0,0,1,0,2,19,4,0,0,2,4,10,0,0,0,15,0,0,0,1,0,0,0,0,0,0,4,1,1,1,0,1,0,1,0,1,0,1,6,0,0,0,3,1,0,0,2,0,28,2,0,2,13,0,0,0,1,0,6,2,0,0,0,0,3,0,1,2,0,3,7,0,1,4,0,0,3,0,0,0,0,0,0,0,0,1,0,2,0,0,0,0,0,1,0,0,0,0,4,0,0,0,0,0,1,0,1,3,0,0,3,1,0,0,0,0,1,0,1,1,3,0,1,0,0,0,1,0,1,0,0,0,0,1,2,0,0,0,0,1,0
0,0,4,8,7,1,1,3,1,0,1,4,7,0,1,3,2,7,1,3,2,9,15,0,0,2,3,7,0,5,0,0,2,0,5,0,1,0,0,0,1,1,0,0,0,1,0,0,0,0,3,3,0,0,2,0,1,0,1,0,1,1,0,0,0,0,27,0,0,1,0,0,0,1,0,0,0,1,3,0,2,1,0,0,1,0,1,1,35,0,4,0,0,1,0,0,1,3,0,1,0,3,1,2,1,0,0,14,1,2,2,0,0,4,0,0,5,0,0,0,3,0,2,1,0,24,22,0,0,1,9,1,0,0,0,0,0,0,0,0,0,0,0,4,0,0,1,1,1,0,0,0,0,1,0,1,6,1,4,1,0,0,1,5,3,0,1,3,1,1,0,1,0,6,1,0,0,0,1,0,0,0,3,0,2,7,1,0,3,1,0,0,0,0,0,0,0,0,2,0,0,0,0,0,0,0,0,0,0,0,0,0,0,5,1,0,0,0,0,0,0,0,0,2,1,4,1,0,2,0,2,0,0,0,2,3,0,0,0,2,0,8,0,0,0,0,0,0,0,1,0,0,0,0,0,0
3,1,4,6,2,1,0,0,0,1,2,1,9,7,0,2,3,3,1,1,1,0,5,0,0,0,2,6,1,0,0,1,10,0,1,0,0,0,0,1,1,5,0,1,2,0,0,1,0,3,5,0,0,1,0,0,3,0,0,0,1,2,1,1,1,0,0,0,0,0,0,0,1,2,0,0,2,7,1,1,0,1,2,0,6,1,0,2,8,2,0,0,0,3,1,1,1,1,1,1,1,1,5,0,2,0,1,0,0,3,2,0,1,0,0,0,2,0,0,1,1,0,1,1,0,0,8,2,0,1,8,1,0,0,4,0,1,1,0,0,0,0,0,2,1,0,3,0,3,1,1,1,0,0,1,6,2,3,0,1,1,1,0,17,0,0,3,2,0,0,1,1,0,2,0,0,1,1,0,1,0,0,1,0,2,3,0,0,10,1,0,0,0,0,1,0,5,0,0,5,2,0,0,3,1,0,0,0,0,1,1,1,0,3,1,2,2,0,2,0,0,0,0,0,0,1,1,0,0,2,2,35,1,1,2,0,0,1,0,0,2,10,2,0,0,0,5,1,15,0,5,0,0,2,5,0
2,1,3,4,9,5,0,2,0,0,2,0,2,0,4,2,0,1,4,0,0,1,12,0,0,2,1,3,0,2,3,0,11,0,33,4,4,0,0,0,1,3,1,0,0,1,0,0,0,3,7,1,0,0,0,1,0,2,1,0,5,0,1,1,0,1,0,0,1,0,0,0,0,2,0,1,2,4,1,0,1,0,6,0,2,1,0,0,2,0,0,0,1,3,0,0,1,0,1,5,0,2,0,5,0,0,3,1,0,0,2,0,0,0,1,0,6,0,0,0,1,0,1,0,0,0,2,0,0,0,0,1,0,0,0,0,0,0,0,0,1,1,1,2,0,0,1,0,1,1,0,0,0,1,2,1,2,1,2,0,0,1,0,2,0,0,0,2,0,0,2,0,0,8,0,0,0,1,0,0,0,1,4,0,1,10,0,0,0,1,0,0,0,1,0,0,0,1,0,0,0,3,0,0,0,0,0,5,0,0,0,0,0,1,2,0,0,1,0,1,0,0,1,0,0,8,1,0,4,1,9,35,1,0,2,2,3,0,0,0,1,0,0,1,2,1,0,4,0,2,0,4,0,0,0,0
0,0,8,0,14,2,0,0,0,0,3,1,5,0,1,1,0,2,0,0,0,1,11,1,1,0,0,3,0,3,0,1,14,0,6,0,1,0,4,0,0,0,0,0,0,2,3,0,0,1,6,0,1,1,0,0,1,1,0,1,1,5,1,2,0,0,0,0,0,0,0,0,3,0,0,0,1,2,0,0,0,1,0,0,0,1,0,1,20,0,2,1,0,0,0,0,1,0,5,0,0,0,0,2,0,2,2,4,4,1,0,0,0,0,0,1,1,0,0,0,1,0,4,0,4,0,15,0,0,0,9,0,0,0,0,0,0,1,0,2,0,3,1,0,0,0,6,2,0,3,2,0,5,0,0,3,5,3,0,1,1,2,1,10,1,0,1,8,1,1,2,0,8,1,2,0,0,1,0,0,1,0,1,0,1,3,0,13,2,0,1,0,0,0,1,0,2,0,0,0,4,1,1,0,1,0,0,1,4,0,0,2,0,6,2,2,0,0,2,0,1,4,0,1,2,6,1,1,0,1,3,0,0,0,1,1,0,0,2,1,5,8,7,2,0,1,1,4,2,2,8,6,6,0,6,0
2,0,8,8,5,0,0,1,0,0,3,0,11,0,0,3,3,7,0,1,3,0,6,1,0,2,0,9,0,2,3,0,4,0,2,0,1,0,0,1,1,0,0,2,0,0,1,0,0,0,1,1,1,0,1,0,0,0,2,0,6,1,0,0,1,0,0,1,0,4,0,0,0,0,0,1,2,1,0,0,3,0,1,0,0,1,2,4,10,0,10,3,0,0,0,0,3,13,1,0,0,2,1,1,0,0,2,21,3,3,3,0,4,2,1,0,6,0,0,1,10,1,1,0,0,0,8,2,0,0,36,2,0,1,0,0,1,0,0,0,0,1,5,1,0,1,1,0,1,0,0,0,0,1,0,6,12,5,2,0,0,1,0,12,0,0,0,3,0,0,1,0,0,2,3,0,0,0,1,1,1,0,1,1,1,10,1,0,9,2,0,0,0,0,0,0,0,0,0,0,0,0,1,0,0,0,0,0,0,2,0,0,0,2,0,0,0,1,1,0,0,1,0,0,1,10,1,2,0,0,0,0,0,0,1,2,0,3,0,0,0,7,0,0,0,0,0,0,1,1,1,0,0,0,0,0
6,0,5,2,11,0,0,0,0,0,1,0,3,2,1,1,5,4,0,0,0,1,4,0,1,2,0,9,2,12,2,1,8,0,3,0,3,0,0,0,0,1,0,1,0,1,0,0,0,1,7,1,0,0,0,0,1,1,0,1,1,2,0,0,0,0,0,0,2,0,0,0,0,2,0,0,1,0,1,1,1,1,0,0,0,0,0,1,0,0,0,0,0,0,1,0,0,1,2,0,1,3,0,0,1,0,0,16,2,6,0,0,1,1,0,0,0,2,0,1,0,1,3,0,0,0,12,0,1,0,23,1,0,2,0,0,1,1,1,0,0,3,0,0,0,0,1,0,1,0,0,1,0,1,0,12,3,1,1,1,0,0,0,17,0,0,0,5,0,0,0,0,0,2,0,0,1,0,0,2,0,0,1,1,4,8,0,0,0,0,0,0,0,0,0,0,3,0,0,2,0,0,0,1,0,0,0,1,6,2,2,0,0,4,0,1,0,2,2,0,0,0,2,2,0,18,2,0,1,0,1,0,23,0,2,7,0,0,0,0,2,15,0,2,0,3,0,1,2,2,2,10,1,0,1,0
1,0,11,1,10,1,0,1,0,2,1,0,4,0,1,2,0,5,2,4,1,2,7,0,6,1,3,6,0,2,2,0,6,0,6,0,0,0,0,0,0,0,0,0,0,0,0,1,0,0,6,0,0,0,2,0,1,0,4,1,1,0,0,0,0,0,0,0,0,0,0,0,3,5,0,0,0,3,4,0,2,0,1,0,0,1,0,1,16,0,3,0,0,0,0,0,1,18,1,0,1,1,0,0,0,1,1,21,1,1,3,0,1,1,1,0,1,0,0,3,2,0,2,0,0,0,16,3,1,0,20,1,4,0,0,0,0,0,1,0,0,1,0,1,0,0,1,0,2,0,0,0,1,1,1,7,1,4,1,0,0,2,0,7,3,2,1,4,2,0,0,0,1,5,0,0,0,0,0,5,0,0,1,0,3,7,0,0,3,0,0,3,0,1,0,0,0,0,0,0,1,1,2,0,0,0,0,0,0,0,0,0,2,4,1,0,0,0,1,1,0,0,0,1,0,5,1,3,0,0,0,0,0,0,1,2,0,1,1,0,0,10,0,0,0,1,0,2,2,1,2,0,0,0,0,1
3,0,7,0,0,0,0,0,0,0,0,0,2,0,0,0,1,0,0,0,3,0,0,1,0,0,0,0,0,5,0,1,3,0,2,0,1,0,0,1,0,0,0,0,0,0,0,0,0,1,0,0,1,1,5,0,0,5,0,1,0,0,1,0,1,1,0,0,1,0,0,1,0,0,1,0,0,0,4,0,0,4,0,0,0,1,5,0,1,0,0,0,0,0,0,0,0,0,5,0,0,0,3,1,0,0,0,0,1,0,6,0,3,2,0,3,2,18,0,1,0,3,0,0,0,0,3,0,1,4,0,1,0,1,0,0,1,0,0,1,2,0,0,1,1,0,31,4,0,2,2,0,0,0,0,8,5,2,0,4,2,3,0,0,5,0,1,14,0,0,0,0,7,0,1,0,0,1,1,0,1,0,0,0,5,0,0,2,0,0,0,1,0,0,0,0,0,0,0,0,0,4,0,0,3,0,0,0,12,0,0,0,0,0,0,19,0,0,1,0,4,0,2,2,2,2,0,0,3,0,1,1,0,0,0,0,0,1,4,4,7,6,36,2,0,4,1,1,2,0,1,1,2,11,0,6
1,0,4,0,5,1,1,0,1,0,1,0,5,0,0,1,20,1,0,1,0,5,4,3,1,2,0,5,0,3,2,0,5,0,2,2,1,0,0,3,1,1,0,1,1,0,0,3,3,2,4,3,1,0,0,1,2,4,1,1,1,0,0,0,2,0,0,0,2,0,1,0,1,0,0,0,1,5,0,2,1,1,4,4,0,0,0,2,15,0,8,5,0,0,0,0,1,0,2,0,0,0,1,0,0,0,1,24,3,0,0,1,1,1,0,0,6,1,0,0,2,1,4,1,1,0,3,4,0,0,11,1,0,1,2,1,0,2,0,0,0,6,1,1,1,0,1,0,2,0,1,1,5,4,0,11,3,0,2,0,0,1,0,8,0,0,0,2,5,0,0,2,1,6,3,0,2,0,1,2,0,0,1,0,1,4,2,0,4,0,0,1,0,0,0,0,1,0,0,5,1,0,1,0,0,3,0,1,0,0,0,0,0,4,0,3,0,0,0,0,0,0,1,1,0,6,2,0,2,0,0,1,1,3,1,0,0,0,0,0,0,2,0,0,0,0,1,0,0,1,2,0,0,0,0,0
2,0,5,0,0,0,0,5,0,0,0,0,0,0,1,0,1,0,0,0,0,0,1,3,0,0,0,1,0,1,2,1,12,1,2,0,2,1,1,4,1,0,0,2,1,0,1,0,0,1,2,0,0,2,5,0,0,0,0,0,1,3,1,0,1,1,0,0,2,0,0,0,1,0,1,0,0,0,0,0,0,0,0,1,0,0,0,1,1,0,0,1,0,0,1,1,1,0,3,1,9,0,5,1,0,1,0,0,0,8,0,0,1,3,0,5,1,2,0,0,0,1,0,0,2,0,4,0,0,2,1,0,0,2,0,1,0,0,0,2,0,0,2,0,0,1,2,4,0,1,0,1,0,0,0,5,1,2,0,2,4,5,0,0,1,0,0,9,0,1,0,2,20,0,2,0,1,2,0,1,1,3,0,0,4,0,0,12,0,0,0,1,3,0,1,0,9,0,1,0,7,0,0,0,3,0,0,0,4,0,0,1,1,0,0,5,0,0,1,0,0,1,0,3,0,1,0,1,1,1,3,1,1,0,0,0,1,0,4,1,1,0,34,2,0,2,0,26,1,0,4,3,12,1,1,2
1,0,4,4,3,3,0,0,1,0,3,0,7,0,0,3,0,5,0,0,0,0,8,0,0,1,3,7,0,1,2,1,4,0,1,0,0,0,1,0,0,0,0,0,2,0,0,1,0,4,0,1,0,0,1,0,2,2,1,0,1,0,1,2,1,0,3,0,0,1,0,0,0,3,0,0,0,0,0,0,0,0,0,0,5,1,0,3,13,0,3,0,0,0,0,0,2,9,1,0,1,1,3,0,0,0,3,17,3,1,1,0,0,4,0,1,2,1,0,0,0,1,6,1,0,1,6,0,0,0,16,0,0,6,0,0,0,0,1,0,6,1,0,1,0,0,1,0,1,0,2,0,6,4,0,8,4,0,3,1,1,1,0,10,0,0,0,1,0,0,0,0,0,1,1,0,0,2,0,5,0,0,3,0,1,12,5,0,22,0,0,0,0,0,0,0,0,0,1,0,0,0,0,0,1,0,0,0,1,1,0,0,0,1,0,0,0,1,1,0,0,0,0,0,0,1,1,1,3,1,0,5,0,2,2,0,0,1,0,9,0,0,0,0,0,0,0,0,0,2,0,0,0,2,2,0
2,0,2,3,9,0,1,4,1,0,1,0,6,0,0,3,1,2,0,1,1,3,4,0,3,1,3,3,0,0,8,1,2,1,13,0,2,0,0,0,0,3,0,0,1,0,1,0,2,0,6,1,19,0,0,0,0,0,1,0,7,0,1,0,2,0,0,3,0,1,0,0,0,4,0,0,1,2,2,1,0,0,1,1,0,2,2,2,11,1,0,0,0,0,0,0,4,4,2,0,0,0,2,0,0,0,2,15,8,1,1,0,0,1,0,0,3,0,0,2,2,0,8,1,1,9,11,1,1,0,16,0,1,1,0,1,0,0,2,0,2,2,0,1,1,0,1,0,1,0,2,0,0,1,0,2,0,8,2,4,0,0,0,6,1,0,1,3,2,1,0,0,0,4,0,0,0,0,0,0,0,0,2,0,1,1,0,0,3,0,0,0,0,0,0,0,0,0,0,0,0,0,0,0,0,0,0,0,1,0,0,0,0,7,0,3,0,1,0,0,1,1,1,2,0,4,1,0,1,3,0,1,0,0,1,3,1,1,0,0,0,5,0,1,0,1,0,2,4,1,1,0,0,0,1,0
0,0,6,2,8,3,0,1,0,0,1,0,5,0,0,3,0,8,1,3,0,4,17,0,0,1,1,4,0,5,2,0,9,0,2,0,1,1,2,1,0,2,0,0,1,0,0,0,0,3,1,2,7,0,0,0,3,0,2,0,2,0,11,2,0,0,0,0,0,1,0,0,0,24,1,2,1,5,0,2,0,1,0,0,1,0,0,3,30,0,1,0,0,1,0,0,1,25,1,0,0,1,0,1,0,2,1,13,1,0,0,0,0,5,1,1,0,1,0,1,0,1,4,0,0,0,3,0,2,1,11,0,1,1,1,0,0,0,0,0,0,3,3,1,0,0,1,0,3,0,0,0,0,4,0,1,4,1,7,0,0,0,1,3,1,0,0,0,0,0,0,0,0,1,1,0,0,0,0,0,0,0,2,0,1,2,3,0,2,0,0,0,0,0,0,0,0,0,1,0,0,0,1,0,0,0,0,0,1,0,0,0,0,2,0,0,0,0,0,0,0,0,0,1,0,9,1,0,0,0,5,0,0,0,1,1,0,1,0,0,0,0,0,0,0,0,0,0,0,0,2,0,0,1,0,0
2,1,3,5,4,1,1,1,1,0,1,1,4,0,0,1,0,2,2,0,1,1,5,2,0,1,1,2,0,2,1,0,3,0,6,1,2,0,0,0,1,3,0,0,0,0,1,2,0,1,8,1,0,0,1,2,2,3,1,1,3,1,0,1,0,0,1,0,5,0,0,0,0,0,0,0,4,5,4,0,0,0,4,0,3,0,0,1,2,0,4,2,0,0,0,0,2,1,1,0,0,0,2,0,0,2,2,16,8,1,4,1,0,39,3,0,3,0,0,0,4,0,2,0,1,4,7,1,1,2,17,1,0,0,0,0,1,0,0,0,0,2,1,4,0,2,1,0,1,0,0,3,3,2,0,1,1,0,1,0,0,2,0,12,0,0,1,5,2,2,0,0,0,4,0,0,0,0,0,3,0,1,1,0,1,4,2,0,0,1,0,0,0,0,0,0,3,0,0,0,0,0,0,0,0,0,0,0,0,0,0,0,1,2,0,2,0,1,0,1,0,0,0,0,0,4,1,0,0,1,1,0,0,4,1,4,0,2,0,0,0,2,0,0,0,0,1,2,0,1,0,1,2,0,1,0
0,0,19,0,0,1,0,4,0,0,0,0,0,4,6,0,2,0,1,0,3,0,0,4,0,0,0,5,0,3,0,11,2,0,4,0,0,0,0,2,0,5,0,0,1,1,0,1,2,5,2,0,0,1,1,0,0,7,1,0,0,1,2,0,0,4,0,0,3,1,0,2,0,0,0,0,0,0,0,0,0,0,0,1,0,0,1,0,2,1,0,0,0,1,0,0,1,0,1,1,0,0,3,1,1,0,1,0,0,0,1,1,2,4,1,0,0,1,0,1,0,1,1,0,1,2,2,0,0,0,4,0,0,2,0,0,0,2,2,0,1,0,0,1,0,1,8,3,3,7,0,2,0,0,0,7,2,4,1,4,0,2,0,0,1,2,0,0,0,0,0,0,1,1,9,0,0,7,1,0,2,1,2,0,3,1,1,1,1,0,2,2,2,0,1,0,1,0,0,0,8,0,2,0,2,0,0,0,3,0,1,0,0,0,1,3,0,0,2,0,0,0,0,0,0,5,0,0,6,0,1,2,0,0,0,0,0,0,3,2,10,6,39,2,0,1,4,5,1,0,4,2,2,2,0,7
1,2,7,1,3,0,0,1,1,0,0,0,1,0,1,0,3,1,2,1,2,1,8,2,0,3,0,0,4,3,0,2,4,0,5,0,0,0,0,2,0,1,1,0,1,0,4,2,0,5,1,0,1,1,0,0,3,5,0,0,1,1,0,4,0,0,0,0,1,1,0,1,0,1,0,0,0,0,0,0,0,0,0,0,0,0,0,0,0,0,0,0,0,0,1,0,1,0,2,0,0,0,1,2,1,0,3,8,0,1,12,0,1,19,0,3,1,1,0,0,1,0,0,1,1,0,3,5,0,1,4,0,0,2,0,0,0,2,2,0,0,1,0,4,2,0,7,5,0,0,0,0,0,0,0,3,0,0,1,1,2,4,0,1,1,1,0,4,0,0,0,0,3,0,2,0,0,1,3,0,1,2,0,1,3,0,0,11,0,0,0,0,0,0,0,1,2,0,3,0,2,1,0,0,1,0,0,0,6,1,0,1,1,0,0,5,0,0,3,0,2,0,0,8,2,6,2,2,2,0,2,24,3,0,2,6,0,1,1,1,3,5,5,1,0,0,2,10,3,0,0,2,1,2,2,2
1,2,2,0,0,0,0,1,2,0,0,0,0,1,2,0,2,0,0,1,3,1,1,0,1,0,1,1,0,0,0,1,8,0,5,0,2,3,1,2,0,2,1,0,0,0,4,1,0,1,0,0,0,2,6,0,1,0,0,0,0,1,2,0,0,0,0,5,1,4,0,0,1,0,2,1,0,0,6,1,0,1,0,0,0,0,0,0,3,0,1,0,1,0,0,0,2,0,7,1,0,0,5,3,0,0,0,0,0,26,2,1,1,4,4,7,1,1,0,0,1,2,0,2,2,0,0,1,0,0,1,0,0,2,0,1,0,1,0,8,0,0,0,0,2,0,11,2,1,0,0,0,1,0,0,4,3,3,1,3,2,5,0,0,0,0,0,0,0,0,1,0,0,0,2,0,0,1,0,0,1,0,0,0,3,0,0,15,0,0,0,0,0,0,0,0,3,0,1,0,0,1,0,0,0,0,0,0,4,0,0,0,0,0,0,0,0,1,0,1,1,0,0,0,0,2,0,0,0,1,6,1,0,0,9,0,1,0,6,3,0,1,36,3,0,4,1,0,0,0,0,1,8,13,1,4
0,1,7,0,0,1,0,0,0,1,0,6,0,0,0,0,3,0,1,0,0,1,2,0,0,2,1,5,0,4,0,1,3,1,1,0,0,0,0,1,0,0,0,0,0,0,0,0,4,1,2,0,0,1,3,1,0,8,0,0,0,2,0,7,0,0,0,14,1,1,2,0,1,0,2,1,1,0,0,0,0,3,0,0,0,0,0,0,1,0,2,2,0,0,0,0,3,1,0,0,1,0,3,1,1,1,0,0,0,0,0,0,5,4,1,15,3,1,0,1,0,10,1,1,2,0,14,0,0,1,2,0,0,2,1,0,2,2,1,0,0,0,0,5,1,1,1,4,0,1,0,0,1,0,0,0,1,3,1,1,1,1,0,3,0,3,0,0,2,0,1,0,5,1,2,0,0,1,1,0,2,1,0,1,5,0,3,7,0,0,0,2,1,0,0,0,1,0,0,0,1,1,0,1,0,0,0,0,7,0,0,0,0,0,2,0,0,0,0,2,0,0,0,1,1,2,3,10,3,0,2,2,0,0,1,0,1,1,5,0,17,0,29,2,0,0,3,1,0,0,0,2,4,0,0,2
1,0,3,2,6,0,1,1,0,1,1,0,2,0,2,0,1,1,0,2,1,2,6,0,0,1,1,1,1,1,1,1,16,0,8,1,1,0,0,0,2,3,0,2,0,2,0,2,0,3,7,0,0,1,2,0,0,1,0,0,0,2,1,0,0,0,0,0,0,0,1,1,0,0,0,0,0,6,2,0,2,0,1,0,0,0,0,0,1,0,0,1,0,0,0,0,3,0,2,2,1,0,2,1,2,2,2,18,8,2,1,1,1,0,1,2,1,8,0,0,0,1,1,1,0,0,8,0,1,0,18,2,0,1,0,0,0,0,0,0,2,1,2,0,1,0,2,0,0,2,0,1,0,1,1,4,1,4,1,4,0,3,0,6,0,0,0,1,0,1,2,0,6,4,0,0,0,4,0,0,1,2,1,0,2,1,0,4,1,0,0,1,0,2,0,0,4,0,0,0,2,0,1,0,1,0,0,0,2,1,0,0,1,4,0,0,0,2,6,0,0,1,0,1,0,2,2,1,0,0,4,4,2,1,1,1,0,1,6,2,1,4,3,2,0,1,0,6,0,0,3,1,5,0,2,0
2,0,5,2,1,2,0,0,0,0,2,1,2,0,2,3,3,3,0,0,0,0,10,0,0,6,0,5,0,1,1,0,4,0,1,1,0,0,0,2,2,5,0,0,0,0,0,0,0,1,3,0,0,0,0,2,0,0,1,0,1,1,0,1,7,0,4,0,0,1,3,0,0,0,0,1,1,5,3,0,0,1,33,0,2,0,0,0,8,1,1,2,0,0,1,0,0,15,0,0,0,0,0,0,0,0,1,27,6,7,0,0,1,37,0,1,2,2,0,0,0,0,0,2,0,1,4,1,0,1,6,0,0,0,0,1,0,0,0,0,0,3,0,1,0,0,1,0,2,0,1,0,0,2,0,5,4,0,3,0,0,0,0,6,0,0,0,0,4,0,0,0,0,1,0,0,0,0,0,0,0,0,1,0,1,4,0,0,1,0,0,0,0,0,0,0,0,0,0,11,0,0,2,0,0,0,0,0,0,0,0,0,0,1,0,1,0,0,0,1,0,0,0,0,0,1,1,1,0,0,1,0,0,0,1,0,0,1,0,1,0,3,0,0,1,1,1,1,0,0,0,1,0,0,0,0
0,1,0,0,0,0,3,0,1,0,0,0,0,0,2,0,3,0,1,2,1,0,0,0,1,0,0,2,3,2,0,4,4,0,4,0,0,0,1,1,1,2,0,0,0,0,1,4,2,4,1,0,1,1,1,0,0,1,0,0,0,3,6,1,0,1,0,0,1,0,0,0,1,0,0,0,0,0,0,0,0,2,0,1,0,0,0,1,1,0,0,0,0,0,0,0,1,0,11,0,0,0,2,1,0,0,1,0,0,0,1,0,1,1,1,3,3,4,2,2,0,0,0,0,6,1,0,0,1,0,2,0,0,5,0,1,3,1,5,0,1,0,0,0,0,1,11,4,0,2,0,0,0,0,0,7,2,3,1,3,2,8,2,1,0,0,1,0,1,1,1,0,22,1,2,0,0,4,2,0,2,0,0,0,3,2,0,2,0,0,2,0,3,1,0,0,11,0,0,0,0,5,2,0,3,1,0,0,3,0,0,1,0,0,0,0,0,0,1,0,0,0,0,2,0,1,0,0,0,1,0,1,0,0,1,0,0,0,3,0,1,3,39,2,0,2,1,30,1,0,2,1,3,0,0,1
0,0,0,0,0,0,0,0,0,0,0,0,0,0,0,0,0,0,0,0,0,0,0,0,0,0,0,0,0,0,0,0,0,0,2,0,0,0,0,0,0,0,1,0,0,0,0,0,0,1,0,0,0,1,0,0,0,0,0,1,0,0,1,0,0,0,0,0,0,0,0,0,0,0,0,0,0,0,0,0,0,0,0,0,0,0,1,0,1,0,0,0,0,0,0,0,0,0,0,0,0,0,0,0,0,0,0,0,0,0,1,0,1,1,0,0,0,1,0,0,0,0,0,0,0,0,0,0,0,0,0,0,0,0,0,0,0,0,0,0,0,0,0,0,0,0,0,0,0,0,0,0,0,0,0,0,0,0,0,0,0,0,0,0,0,0,0,0,0,0,0,0,0,0,1,0,0,0,0,0,1,0,0,0,1,0,0,1,1,0,0,0,0,0,0,0,0,0,1,0,0,0,0,1,0,0,0,0,0,0,0,0,0,0,0,0,0,0,0,0,0,0,0,0,0,0,0,0,0,0,0,0,0,0,0,0,0,0,0,0,0,1,1,1,0,0,0,0,1,0,0,0,0,0,0,0
0,0,1,0,1,0,0,0,1,0,1,0,1,0,0,0,0,1,0,0,0,0,0,1,1,1,0,1,0,0,1,0,0,0,0,0,0,0,0,0,1,0,0,0,0,0,0,0,0,0,0,0,0,0,0,0,0,0,0,0,1,0,1,0,0,0,0,0,0,0,0,0,0,1,0,0,0,1,0,0,0,0,0,0,0,0,0,0,0,0,1,1,0,0,0,0,0,0,0,0,0,0,0,0,0,0,0,0,0,0,0,0,0,1,0,0,0,0,0,0,0,0,0,0,0,0,0,0,0,0,0,0,0,0,0,0,0,0,0,0,0,0,0,0,0,0,1,0,0,0,0,0,0,1,0,0,0,0,2,0,0,0,0,1,0,0,0,0,0,0,0,0,0,0,0,0,0,0,1,0,0,0,1,0,1,0,0,0,1,0,0,0,0,0,0,0,0,0,0,0,0,0,0,0,0,0,0,0,0,0,0,0,0,0,0,0,0,0,0,0,0,0,0,0,0,0,1,0,0,0,0,1,0,0,1,0,0,0,0,0,0,0,0,0,0,0,1,0,0,0,0,0,0,0,0,0
0,0,1,0,1,0,0,0,0,0,1,0,3,0,0,0,0,1,0,0,0,0,0,0,0,1,0,0,0,0,0,0,0,0,0,0,0,0,0,0,1,0,0,0,0,0,0,0,0,0,0,0,0,0,0,0,0,0,0,0,1,0,1,0,0,0,0,0,0,0,0,0,0,0,0,0,0,0,0,0,0,0,2,0,0,0,0,0,1,0,1,0,0,0,0,0,1,0,0,2,0,0,1,0,0,0,0,0,0,0,0,0,0,2,0,0,0,0,0,0,0,0,0,0,1,0,0,0,0,0,0,0,0,0,0,0,0,0,0,0,0,0,0,0,0,0,1,0,0,0,0,0,0,1,0,0,0,0,1,0,0,0,0,1,0,0,0,0,0,0,0,0,0,0,0,0,0,0,0,0,0,0,1,0,1,0,0,0,0,0,0,0,0,0,0,0,0,0,0,0,0,0,0,1,0,0,0,0,0,0,0,0,0,0,0,0,0,0,0,0,0,0,0,0,0,0,1,0,0,0,0,0,0,1,1,0,0,0,0,0,0,0,0,0,0,0,0,0,0,0,0,0,0,0,0,0
0,0,1,0,1,0,0,0,0,0,1,0,2,0,0,1,0,1,0,0,0,0,0,0,0,1,0,0,0,0,0,0,0,0,0,0,0,0,0,0,0,0,0,0,0,0,0,0,0,1,0,0,0,0,0,0,0,0,0,0,1,0,0,0,0,0,0,0,0,0,0,0,0,0,0,0,0,3,0,1,0,0,1,0,0,0,0,0,1,0,1,0,1,1,0,0,0,0,0,0,0,0,1,1,0,0,0,0,0,0,0,0,0,0,0,0,0,0,0,0,1,0,0,0,0,0,0,0,0,0,1,1,0,0,0,0,0,0,0,0,0,0,0,0,0,0,1,0,0,0,0,0,0,1,0,0,0,0,1,0,0,0,0,1,0,0,0,0,0,0,0,0,0,0,0,0,0,0,0,0,0,0,1,0,1,0,0,0,0,0,0,0,0,0,0,0,0,0,0,0,0,0,0,0,0,0,0,0,0,0,0,0,0,0,0,0,0,0,0,0,0,0,0,0,0,0,1,0,0,0,0,0,0,0,1,0,0,0,0,0,0,0,0,0,0,0,0,0,0,0,0,0,0,0,0,0
0,2,0,0,0,0,0,0,0,0,0,0,0,0,0,0,1,0,0,0,0,0,0,0,0,0,0,0,0,0,0,1,0,0,1,0,0,0,0,0,0,0,0,0,0,0,0,1,0,0,0,0,0,0,0,0,0,0,0,0,0,0,0,0,0,0,0,0,0,0,0,0,0,0,0,0,0,0,0,0,0,0,0,0,0,0,1,0,1,0,0,0,0,0,0,0,0,1,1,0,1,0,0,3,0,0,0,1,0,0,0,0,1,1,0,0,0,1,0,0,0,0,0,0,0,0,0,0,0,0,0,0,0,0,0,0,0,0,0,0,0,0,0,0,0,0,0,0,0,0,0,0,0,0,0,0,0,0,0,0,0,0,0,0,0,0,1,0,0,0,0,0,0,1,1,0,0,0,0,0,1,0,0,0,0,0,0,2,0,0,0,0,0,0,0,0,0,0,0,0,0,0,0,0,0,0,0,0,0,0,0,0,0,0,0,0,0,0,0,0,0,0,0,0,1,1,0,0,0,0,0,0,0,0,0,0,0,0,0,0,0,0,1,0,1,0,0,0,0,0,0,1,1,1,1,0
0,0,1,0,0,0,0,0,0,0,0,0,0,1,0,0,2,0,0,0,0,0,0,0,0,0,0,1,0,0,0,1,0,0,3,0,1,0,0,0,0,0,0,0,0,0,0,1,0,0,0,0,0,0,0,0,0,0,0,0,0,0,0,1,0,1,0,0,0,0,0,0,0,0,0,0,0,0,0,0,0,0,0,1,0,1,1,0,1,0,0,0,0,0,0,0,0,0,0,1,0,0,0,1,0,0,0,0,1,0,0,0,1,1,0,0,0,1,0,0,0,0,0,1,0,0,0,0,0,0,0,0,0,0,0,0,0,0,0,0,0,0,0,0,0,0,0,0,0,0,0,0,0,0,0,0,0,0,0,0,0,0,0,0,1,0,0,1,0,0,0,0,0,0,1,0,0,3,0,0,3,0,1,0,0,0,0,0,0,0,0,0,0,0,0,0,0,0,1,0,0,0,0,0,0,0,1,0,1,0,0,0,0,0,0,0,0,1,0,0,0,2,0,2,0,0,0,0,0,0,0,1,1,0,1,0,0,0,0,0,0,0,1,1,0,0,1,0,1,0,5,1,0,0,1,0
0,1,0,0,0,0,0,0,0,0,0,0,0,1,0,0,0,0,0,0,0,0,0,0,0,0,0,1,0,0,0,0,0,0,1,0,0,0,0,0,0,0,0,0,0,0,0,0,0,0,0,0,0,0,0,0,0,0,0,0,0,0,0,0,0,1,0,0,0,0,0,0,3,0,0,0,0,0,0,0,0,1,0,1,0,3,0,0,1,1,3,0,0,0,0,0,0,3,0,0,5,0,0,1,0,0,0,0,0,0,0,0,1,1,0,0,0,1,0,0,0,0,0,0,0,0,0,0,0,0,1,0,0,0,0,0,0,0,0,0,0,0,0,0,0,0,0,0,0,0,0,0,0,0,0,0,0,0,0,0,1,0,0,0,0,0,0,0,0,0,0,1,1,0,1,0,0,0,0,0,1,0,0,0,1,0,0,1,0,0,0,0,1,0,0,0,0,0,1,0,0,0,0,0,0,0,0,0,0,0,2,0,1,0,0,0,0,0,0,0,1,0,0,0,0,0,2,0,0,0,0,0,0,0,0,0,0,0,0,0,0,0,5,0,0,0,0,0,0,0,1,1,0,1,1,1
0,0,0,0,0,0,0,0,0,0,0,0,0,0,0,0,0,0,0,0,0,0,0,0,0,0,0,0,0,0,0,0,2,0,1,0,0,0,0,0,0,0,2,0,0,0,1,0,0,0,0,0,0,0,1,0,0,0,0,0,0,0,0,0,0,0,0,0,1,0,0,0,0,0,0,0,0,0,0,0,0,0,0,0,0,0,0,0,1,0,0,0,0,0,0,0,0,0,0,0,0,0,0,1,0,0,0,0,1,0,0,0,1,1,0,1,1,1,0,0,0,0,0,1,0,0,1,0,0,0,0,0,0,0,0,0,0,0,0,0,0,0,0,0,0,0,0,0,0,1,0,0,0,0,0,0,0,0,0,0,1,0,0,0,0,0,0,1,0,0,0,0,2,0,1,0,0,0,0,0,1,0,0,0,1,0,0,1,0,0,0,0,0,0,0,0,0,0,1,0,0,0,0,0,0,0,0,0,1,0,0,0,0,0,0,0,0,0,0,0,0,0,0,1,0,0,0,0,0,0,0,0,0,0,0,0,0,0,0,1,0,0,2,0,0,0,0,2,1,0,1,2,0,1,0,0
0,0,1,0,2,0,0,0,0,1,1,0,1,0,0,0,0,1,0,0,0,1,0,0,0,1,0,0,0,0,0,0,0,0,0,0,0,0,0,0,1,0,0,0,0,0,0,0,0,0,0,0,0,0,0,0,0,0,0,0,1,0,1,0,0,0,0,0,1,0,0,0,0,0,0,0,0,0,0,0,0,0,0,0,0,0,0,0,0,0,1,0,1,0,0,0,0,0,1,0,0,2,1,0,0,0,1,0,0,0,0,0,0,0,0,0,0,0,0,0,0,0,0,0,0,0,0,0,0,0,0,0,0,0,0,0,0,1,0,0,0,0,0,0,0,0,1,0,0,0,0,0,0,1,0,0,0,0,1,1,0,0,0,2,0,0,0,0,0,0,0,0,0,0,0,0,0,0,0,0,0,0,1,0,1,0,0,0,1,0,0,0,0,0,0,0,0,0,0,0,0,0,0,0,0,0,0,0,0,0,0,0,0,0,0,0,1,0,0,0,0,0,0,0,0,0,1,0,0,2,0,2,0,0,2,0,0,0,0,0,0,0,0,0,0,0,0,0,0,1,0,0,0,1,0,0
0,0,0,0,1,0,1,0,0,0,0,0,2,0,0,1,0,1,0,0,0,0,0,0,0,0,0,0,1,0,0,0,0,0,2,0,0,0,0,0,0,1,1,0,0,0,0,0,1,1,1,1,0,1,0,0,0,1,0,1,0,0,0,0,0,0,1,0,0,0,0,0,0,0,0,0,0,0,0,0,0,0,0,0,0,0,1,0,1,1,2,0,0,1,0,0,0,0,0,0,1,0,0,0,0,0,0,0,0,0,1,0,1,0,0,0,0,1,0,0,0,0,0,0,0,0,1,0,0,0,0,0,0,0,0,0,0,0,0,0,0,0,0,0,0,0,1,0,0,0,0,0,0,0,0,0,0,0,0,0,1,0,0,0,0,0,0,0,0,0,0,0,2,0,0,0,0,0,0,0,1,0,0,0,1,0,0,0,0,0,0,0,0,0,0,0,0,0,0,0,0,0,0,0,0,0,0,0,0,0,0,0,0,0,0,0,0,0,0,0,0,0,0,0,0,0,0,0,0,0,0,0,0,0,2,0,0,0,0,0,0,2,0,1,0,0,1,0,2,0,1,0,0,2,1,0
0,0,0,0,0,1,0,0,0,0,0,0,0,0,0,0,0,0,0,0,0,0,0,0,0,0,1,0,0,0,0,0,0,0,1,0,0,0,0,0,0,0,0,0,0,0,0,0,0,0,0,0,0,0,0,0,0,0,0,0,0,0,0,0,0,0,0,0,0,0,0,0,0,0,0,0,0,0,0,0,0,0,0,0,0,0,0,0,1,0,0,0,0,0,0,0,0,0,1,0,1,0,0,1,0,0,0,0,1,0,0,0,1,1,0,0,0,1,0,0,0,1,0,0,0,0,0,0,0,0,0,0,0,0,0,0,0,0,0,0,0,0,0,0,0,0,0,0,0,0,0,0,0,0,0,0,0,0,0,0,1,0,0,0,0,0,0,0,0,0,1,0,1,0,1,0,0,0,0,0,1,0,0,0,1,0,0,1,0,0,0,0,0,0,0,0,0,0,0,0,0,0,0,0,0,0,0,0,0,0,0,0,0,0,0,0,0,0,0,0,0,0,0,0,0,0,0,0,0,0,0,0,0,0,0,0,0,0,0,0,0,0,1,0,0,0,0,0,1,0,0,1,0,1,1,0
0,1,0,0,0,0,0,0,0,0,0,0,0,0,0,0,1,0,0,0,0,0,0,0,0,1,0,0,0,0,0,1,0,0,2,0,0,0,0,0,0,0,0,0,0,0,0,0,0,1,0,0,0,0,0,0,0,0,0,0,0,0,1,0,0,0,0,0,0,1,0,0,0,0,0,0,0,0,0,0,0,0,0,0,0,0,0,0,1,1,0,0,0,0,0,0,0,0,0,2,1,0,0,1,0,0,0,0,0,0,1,1,1,1,0,0,0,1,0,0,0,0,0,0,0,0,0,0,0,0,0,0,0,0,0,0,0,0,0,0,0,0,0,0,0,0,0,0,0,0,0,0,0,0,0,0,0,0,0,0,0,0,0,1,1,0,0,0,0,0,0,0,0,0,1,0,0,0,0,0,1,0,0,0,0,0,0,1,0,0,0,0,0,0,0,0,0,0,0,0,0,0,0,0,0,0,0,0,0,0,0,0,0,0,1,0,0,0,0,0,0,0,0,0,0,0,0,0,0,0,0,0,0,0,0,0,0,0,1,1,0,2,1,1,0,2,0,0,0,1,1,1,0,1,2,0
0,0,1,0,2,0,0,0,0,0,1,0,2,1,0,0,1,1,0,0,0,0,0,0,0,1,0,0,0,0,0,1,0,0,0,0,0,0,0,0,0,0,0,0,0,0,0,0,0,0,0,0,0,1,0,0,0,0,0,0,1,0,0,0,0,1,1,0,0,0,0,0,0,0,0,0,0,0,0,0,0,0,0,1,1,0,0,0,1,0,0,0,0,0,0,0,0,0,0,2,0,1,1,1,0,0,0,0,0,0,0,0,0,0,0,0,0,0,0,0,0,0,0,0,0,0,0,0,0,0,0,0,0,0,0,0,0,0,0,0,0,0,0,0,0,0,1,0,0,1,0,0,0,0,0,0,0,0,0,0,0,0,0,1,0,0,1,0,0,0,0,0,0,0,0,0,0,0,0,0,0,0,1,0,1,0,0,2,0,0,0,0,0,0,1,0,0,0,0,0,0,0,0,0,0,0,0,0,0,0,0,0,0,0,0,0,0,0,0,0,0,0,0,0,0,0,1,0,0,0,0,0,0,1,1,0,0,1,0,0,0,1,1,0,0,0,0,0,0,0,0,0,1,1,0,0
0,0,1,0,0,0,0,0,0,0,0,0,0,0,0,0,1,0,0,0,0,0,0,0,0,0,0,2,0,0,0,1,0,0,1,0,0,0,0,0,0,0,0,0,0,0,0,0,0,0,0,0,0,0,0,0,0,0,0,0,0,0,0,0,0,0,0,0,0,0,0,0,0,0,0,0,0,0,1,0,0,0,0,0,0,0,0,0,1,1,0,0,0,0,0,0,0,0,0,0,0,0,0,1,0,0,0,0,0,0,0,0,1,1,0,0,0,1,0,0,0,0,0,0,0,0,1,0,0,0,0,0,0,0,0,0,0,0,0,0,0,0,0,0,0,0,0,0,0,0,0,0,0,0,0,0,0,0,0,0,1,0,0,0,0,0,0,0,0,0,0,0,1,0,1,0,0,0,0,0,1,0,0,0,0,0,1,0,0,0,0,0,0,0,0,0,0,0,0,0,0,0,0,0,0,0,0,0,0,0,0,0,0,0,0,0,0,0,0,0,0,0,0,0,1,0,1,0,0,0,0,0,0,2,1,0,0,0,0,0,0,0,2,1,0,0,0,3,0,0,1,1,0,0,0,0
0,0,0,0,0,0,0,0,0,1,0,0,0,0,0,0,1,0,0,0,1,0,0,0,0,0,0,0,0,0,1,1,1,0,2,0,0,0,0,0,0,0,0,0,0,0,1,1,0,0,0,0,0,0,0,0,0,0,0,0,0,0,0,0,0,0,0,0,0,0,0,0,0,0,1,0,0,0,0,0,0,2,0,0,0,0,1,0,2,0,0,0,0,0,0,0,0,0,1,0,0,0,0,1,1,0,0,0,0,0,0,0,1,1,0,0,0,1,0,0,0,0,0,0,0,1,0,0,0,1,0,0,0,0,0,0,0,0,0,0,0,0,1,0,0,0,0,0,0,0,0,0,0,0,0,0,0,0,0,1,0,0,0,0,0,0,0,0,0,0,0,0,0,0,0,0,0,1,0,0,1,0,0,0,0,1,1,1,0,0,0,1,0,0,0,1,0,0,0,0,1,0,0,0,0,0,0,0,0,0,0,0,0,0,0,0,0,0,0,0,0,0,0,0,0,0,0,0,1,1,0,0,0,0,0,0,0,0,1,0,0,0,0,0,0,0,0,0,0,0,0,1,1,1,0,0
0,0,1,0,0,0,0,0,0,0,1,0,1,0,0,0,0,1,0,0,0,0,0,0,0,0,0,0,0,0,0,0,0,0,1,0,0,0,0,0,1,0,0,0,0,0,0,2,0,0,1,0,0,0,0,0,0,0,0,0,0,0,0,0,0,0,0,0,0,0,0,0,0,0,0,0,0,0,0,0,0,0,0,0,1,0,1,0,0,0,0,0,0,0,0,0,1,0,0,0,0,0,0,1,0,0,1,0,0,0,0,0,0,0,0,0,0,0,0,0,0,0,0,0,0,0,0,0,0,0,1,0,0,0,0,0,0,0,0,0,0,0,0,0,0,0,1,0,0,0,0,0,0,0,0,0,0,0,0,0,0,0,0,1,0,0,0,0,0,0,0,0,0,0,0,0,0,0,0,0,0,0,1,0,2,0,0,0,0,0,0,0,0,0,0,0,0,0,0,0,0,0,0,0,0,0,0,0,0,0,0,0,1,0,0,0,0,0,0,0,0,0,0,0,0,1,2,0,1,1,0,0,0,0,1,0,0,0,0,1,0,1,1,0,0,0,0,0,1,0,0,0,0,1,0,0
0,0,1,0,0,0,0,0,0,0,0,0,0,0,0,0,0,0,0,0,0,0,0,0,0,0,0,0,0,0,0,0,0,0,1,0,0,0,0,0,0,0,0,0,0,0,0,0,0,1,0,0,0,1,0,0,0,0,0,0,0,0,0,0,0,0,0,0,1,0,0,0,0,0,0,0,0,0,0,0,0,0,0,1,0,0,0,0,3,0,0,0,0,0,0,0,0,0,0,0,0,0,0,0,0,0,0,0,0,0,0,0,1,1,0,0,0,1,0,0,0,0,0,0,0,0,0,0,0,0,0,0,0,0,0,0,0,0,0,0,1,0,0,0,0,0,1,0,0,0,2,0,0,0,0,0,0,0,0,0,0,0,0,0,0,0,0,0,0,0,0,0,0,0,1,0,0,0,0,0,1,0,0,0,0,0,0,0,0,0,0,0,0,0,0,0,0,0,0,0,0,0,0,0,0,0,0,1,0,0,0,0,0,0,0,0,0,0,0,0,0,0,0,0,0,0,0,0,0,1,0,0,0,0,0,1,0,0,0,0,0,0,3,2,0,0,0,0,2,0,0,2,0,1,1,0
0,0,1,0,1,0,0,0,0,0,1,0,1,0,0,0,1,1,0,0,0,0,0,0,0,0,0,1,0,0,1,0,0,0,0,0,0,0,0,0,0,0,0,0,0,0,0,0,0,0,0,0,0,0,0,0,0,0,0,0,1,0,0,0,0,0,0,0,0,0,0,0,0,0,0,0,1,0,0,0,0,0,0,0,0,0,0,0,0,0,0,0,0,0,0,0,0,2,0,0,0,1,0,0,0,0,0,0,0,0,1,0,0,3,0,0,0,0,0,0,1,0,1,0,0,0,0,0,0,0,3,1,0,0,0,0,0,0,0,0,0,0,1,1,0,0,1,0,1,0,0,0,0,1,0,0,0,0,1,0,0,0,0,1,0,0,0,0,0,0,0,0,0,0,0,0,0,0,1,1,0,1,1,0,1,1,0,0,0,0,0,0,0,0,0,0,0,0,0,0,0,0,0,0,0,0,0,0,0,0,0,0,0,0,0,0,0,0,0,0,0,0,0,0,0,0,1,0,0,0,0,0,0,0,1,0,0,0,0,0,0,1,0,0,0,0,1,0,0,0,0,0,0,0,0,0
0,0,1,0,2,0,0,0,0,0,1,0,1,0,0,0,0,1,0,0,0,0,0,0,0,1,0,1,0,0,1,0,0,0,0,0,0,0,0,0,0,0,0,0,0,0,0,0,0,0,0,0,0,0,0,0,0,0,0,0,1,0,0,0,0,0,0,0,0,0,0,0,0,0,0,0,0,0,0,0,0,0,0,0,0,0,0,0,0,0,0,0,0,0,0,0,0,0,0,0,0,0,0,0,0,0,0,0,0,0,0,0,0,0,0,0,0,0,0,0,0,0,0,0,0,0,0,0,0,0,0,0,0,0,0,0,0,0,0,0,1,0,0,3,0,0,1,0,1,0,0,0,1,1,0,1,0,0,0,0,0,0,0,1,0,0,0,0,0,0,0,0,0,0,0,0,0,0,0,0,0,0,1,0,1,2,0,0,0,0,1,0,0,0,0,0,0,0,0,0,0,0,0,0,0,0,0,0,0,0,0,0,0,0,0,0,0,0,0,0,0,0,0,0,0,1,1,0,0,0,0,2,0,0,1,0,0,1,0,0,0,1,0,0,0,0,0,0,0,0,0,0,0,0,0,0
0,0,0,0,0,0,0,0,0,0,0,0,0,0,0,0,0,0,0,0,0,0,0,0,0,0,0,0,0,0,0,0,1,0,2,0,0,0,0,0,0,0,0,0,1,0,0,0,0,2,0,0,0,1,1,0,0,0,0,0,0,0,0,0,0,0,0,0,0,0,0,0,0,0,0,0,0,0,0,0,0,0,0,1,0,0,1,0,1,0,0,0,0,0,0,0,0,0,0,0,0,0,0,0,0,0,0,0,0,1,1,0,1,1,0,0,0,1,0,0,0,0,0,0,0,0,0,0,0,0,0,0,0,0,0,0,0,0,0,0,0,0,0,0,0,0,0,0,0,0,0,0,0,0,0,0,0,0,0,0,0,0,0,0,0,0,0,0,0,0,0,0,0,0,1,0,0,0,0,1,1,0,0,0,1,0,0,1,0,0,0,0,0,0,0,0,0,0,1,0,0,0,0,0,0,0,0,0,0,0,0,0,0,0,0,0,0,0,0,0,0,0,0,0,0,0,0,0,0,0,0,0,0,0,0,0,0,0,0,0,0,3,2,0,0,1,0,0,1,1,0,1,1,0,0,0
0,0,0,0,0,0,0,1,0,0,0,0,0,0,0,0,0,0,0,0,0,0,0,0,0,0,0,1,0,0,0,0,1,0,3,0,0,0,0,0,0,0,0,0,0,0,0,0,0,3,0,0,0,1,0,0,1,0,0,0,0,0,0,0,0,0,0,0,1,0,0,0,0,0,0,0,0,0,1,0,0,0,0,0,0,0,0,0,1,0,0,0,0,0,0,0,0,0,0,0,0,0,0,0,0,0,0,0,1,1,0,0,1,1,0,0,0,1,0,0,0,0,0,1,0,0,1,0,0,0,0,0,0,0,0,0,0,0,0,0,0,0,0,0,0,0,0,0,0,0,0,0,0,0,0,0,0,0,1,0,0,0,0,0,0,0,0,0,0,0,0,0,0,0,1,0,0,0,0,0,1,0,0,0,1,0,0,0,0,0,0,0,0,0,0,0,0,0,2,0,0,0,0,0,0,0,0,0,0,0,0,0,0,0,0,0,0,0,0,0,0,0,0,0,0,0,0,0,0,0,0,0,0,0,0,0,0,0,0,0,0,0,2,0,0,0,0,0,0,0,0,1,0,1,1,0
0,0,0,0,0,0,0,0,0,0,0,0,0,0,0,0,1,0,0,0,0,0,0,0,0,0,0,0,0,0,0,1,0,0,2,0,0,0,0,0,0,0,0,0,0,0,0,2,0,1,0,0,0,1,0,0,0,0,0,0,0,0,0,1,0,0,0,0,0,1,0,0,0,0,0,0,0,0,0,0,0,0,0,0,0,0,1,0,1,0,0,0,0,0,0,0,0,0,0,0,0,0,0,1,0,0,0,0,0,0,0,0,1,1,0,0,0,1,0,0,0,0,0,2,0,0,0,0,0,0,1,0,0,0,0,0,0,0,0,0,0,0,1,0,0,0,0,0,0,0,0,0,0,0,0,0,0,0,0,0,0,0,0,0,0,0,0,1,0,0,0,0,0,0,1,0,0,1,0,0,1,0,0,0,0,0,0,0,0,0,0,0,0,0,0,0,1,0,0,0,0,0,0,0,0,0,0,0,1,0,1,0,0,0,0,0,0,0,0,0,0,0,0,0,0,0,0,0,0,0,1,0,0,0,1,0,0,2,0,0,2,0,4,0,0,0,0,0,0,0,0,1,0,1,1,0
0,0,1,0,2,0,0,0,1,0,1,0,2,0,0,0,1,2,0,0,0,0,0,0,1,1,1,0,0,0,1,0,0,0,0,0,0,0,0,0,0,0,0,0,0,0,0,0,0,0,0,0,0,0,0,0,0,0,0,0,1,0,0,0,0,0,0,0,0,0,0,0,0,0,0,0,0,0,0,0,0,0,0,0,0,0,1,0,0,0,0,0,0,0,0,0,0,1,0,0,0,0,0,0,0,0,0,0,0,0,0,0,0,0,0,0,0,0,0,0,0,1,0,0,0,0,0,1,0,0,0,1,0,0,0,0,0,0,0,0,0,0,0,0,0,0,1,0,1,0,0,0,0,1,0,0,0,0,1,0,0,1,0,1,0,0,0,0,0,0,0,3,0,0,0,0,0,0,0,1,0,3,3,1,1,0,0,0,1,0,0,1,0,0,0,0,0,0,0,0,0,0,0,0,0,0,0,0,0,0,0,0,0,0,0,0,0,0,1,0,0,0,0,0,0,0,1,0,0,0,0,0,1,0,1,0,0,0,0,0,0,1,0,0,0,0,3,0,0,0,0,0,0,0,0,0
0,1,0,0,0,0,0,0,0,0,0,0,0,0,0,0,1,0,0,0,0,0,0,0,0,0,0,0,0,0,0,1,0,0,1,0,0,0,0,0,0,0,0,0,0,0,0,0,0,0,0,0,0,0,0,0,0,1,0,0,0,0,0,0,0,0,0,0,0,1,0,0,0,0,0,0,0,0,0,0,0,1,0,0,1,0,1,0,1,0,0,0,0,0,0,0,0,0,0,0,0,0,0,1,0,0,0,0,0,0,0,0,1,1,0,0,0,1,0,0,0,0,0,1,0,0,0,0,0,0,0,0,0,0,0,0,0,0,0,0,0,0,0,0,0,0,0,0,0,0,0,0,0,0,0,0,0,0,0,0,0,0,1,0,0,0,0,0,0,0,0,0,0,0,1,0,0,0,0,0,1,0,0,0,0,0,0,2,0,0,0,0,2,0,0,0,0,0,0,0,0,0,0,0,0,0,0,1,0,0,0,0,0,0,0,0,0,0,0,0,0,2,0,0,0,0,0,1,0,0,1,0,0,0,0,0,0,0,0,0,0,0,2,0,0,0,0,0,0,0,0,1,1,1,0,0
0,0,0,0,1,0,0,1,0,0,0,0,0,0,0,0,0,0,0,1,0,1,0,0,1,0,0,0,0,1,0,0,0,0,2,0,0,0,0,0,0,0,0,0,0,0,0,0,0,0,0,2,0,0,0,0,0,0,0,0,0,0,0,0,0,0,0,0,0,0,0,0,1,0,0,1,1,0,0,0,0,0,0,0,0,1,0,0,0,0,0,0,0,0,0,0,0,0,0,0,0,0,0,0,0,1,0,0,1,0,0,0,1,0,0,0,0,0,0,0,0,0,2,0,0,0,0,0,0,0,0,0,1,0,0,3,0,0,0,0,1,0,1,0,1,0,0,1,0,0,0,0,0,1,0,0,0,0,0,0,0,0,0,0,0,1,0,0,0,0,0,0,0,0,0,0,1,0,0,0,1,0,0,0,0,0,0,0,0,0,0,0,0,0,1,1,0,0,0,1,0,0,0,0,1,1,0,0,1,1,0,0,0,0,0,0,0,0,0,0,1,0,0,0,0,0,0,0,0,0,1,2,0,0,2,0,0,0,0,0,0,0,0,1,0,1,0,0,0,0,0,2,0,0,0,0
0,0,1,0,0,0,0,0,0,0,0,0,0,0,0,0,0,0,0,0,0,0,0,0,0,0,0,1,0,0,0,1,1,0,1,0,0,0,0,0,0,0,0,0,0,0,0,0,0,1,0,0,0,1,1,0,0,0,0,0,0,0,0,0,0,0,0,0,0,0,0,0,0,0,0,0,0,0,0,0,0,0,0,0,0,0,1,0,1,0,0,0,0,0,0,0,0,0,2,0,0,0,0,1,0,0,0,0,0,0,0,0,1,1,0,2,0,1,0,0,0,0,0,0,0,0,0,0,0,0,0,0,0,0,0,0,0,0,0,0,0,0,0,1,0,0,0,1,0,0,0,0,0,0,0,0,0,0,0,0,0,0,0,1,0,0,0,0,0,0,0,0,0,0,1,0,0,0,0,0,1,0,0,0,3,0,0,2,0,0,0,0,0,0,0,0,0,0,0,0,0,0,0,0,0,0,0,0,0,0,0,0,0,0,0,0,0,0,0,0,0,0,0,0,0,0,0,0,1,0,0,0,0,0,0,0,0,0,0,0,0,0,1,0,0,0,0,0,0,0,0,1,0,1,0,0
0,0,1,0,2,0,1,0,0,0,1,0,2,0,0,0,0,1,0,0,0,0,0,0,2,1,0,1,0,0,0,0,0,0,0,0,0,1,0,0,1,0,0,0,0,0,0,0,0,0,1,0,0,0,0,0,0,0,0,0,1,0,1,0,0,0,0,0,0,0,0,0,0,0,0,0,0,0,0,0,0,0,0,0,0,0,0,0,0,0,0,0,0,0,0,0,0,0,0,0,0,0,0,0,0,0,0,0,0,0,0,0,0,1,0,0,0,0,0,0,0,0,0,0,0,0,0,0,0,0,0,0,0,0,0,0,0,0,0,0,0,0,0,0,0,0,1,0,0,0,0,1,0,1,0,0,0,0,1,0,0,0,0,2,0,0,0,0,0,0,0,0,0,0,0,0,0,0,0,0,0,0,1,0,1,0,0,0,1,0,0,0,0,0,0,0,0,0,0,0,0,0,0,0,0,0,1,0,0,0,0,0,0,0,0,0,0,0,0,0,0,0,0,0,1,0,1,0,0,0,0,0,0,0,1,0,0,0,0,0,0,0,0,0,0,0,0,0,0,0,0,0,1,0,0,0
1,0,1,0,2,0,0,0,0,0,3,0,1,0,0,0,0,1,0,0,0,0,0,0,2,1,0,0,0,0,0,0,0,0,0,0,0,0,0,0,1,0,0,0,0,0,0,0,0,0,1,0,0,0,0,0,0,0,0,0,1,0,1,0,0,0,0,0,0,0,0,0,0,0,0,0,0,0,0,0,0,0,0,0,0,0,0,0,0,0,0,0,0,0,0,0,0,0,0,0,0,0,0,0,0,0,0,0,0,0,0,0,0,0,1,0,0,0,0,0,0,0,0,0,0,0,0,0,0,0,0,0,0,0,0,0,0,0,0,0,0,0,0,0,0,0,1,0,0,0,0,0,0,1,1,0,0,0,0,2,0,0,0,3,0,0,0,0,0,0,0,2,0,0,0,0,0,0,0,1,0,0,1,0,1,0,0,0,0,0,0,0,0,0,0,0,0,0,0,0,0,0,0,0,0,0,0,0,0,0,0,0,0,0,0,0,0,0,0,0,0,0,0,0,0,0,1,0,0,0,0,0,0,0,1,0,0,0,0,0,0,0,0,0,0,0,0,0,0,0,0,0,0,0,0,0
0,0,0,0,0,0,1,0,0,0,0,0,0,0,0,0,0,0,0,0,0,0,0,0,0,0,1,1,0,0,0,1,0,0,1,0,0,0,0,0,0,0,0,0,0,0,0,0,0,0,0,0,0,0,0,0,0,0,0,0,0,0,0,0,0,0,0,1,0,0,0,1,0,0,0,0,0,0,1,0,0,1,0,0,0,0,0,0,1,0,2,0,0,0,0,0,0,0,0,1,0,0,0,1,0,0,0,0,1,1,0,0,1,1,0,0,0,1,1,0,0,0,0,0,0,0,0,0,0,0,0,0,0,0,0,0,0,0,0,0,0,0,0,0,0,0,0,0,2,0,0,0,0,0,0,0,0,0,1,0,0,0,0,0,0,0,0,0,0,0,0,0,0,0,1,0,0,0,0,0,1,0,0,0,1,0,0,0,0,0,0,0,0,0,0,0,0,0,1,0,0,0,0,0,0,0,0,0,0,0,0,0,0,0,0,0,0,0,0,0,0,0,0,0,0,0,0,0,0,0,0,0,0,0,0,0,0,0,0,0,0,0,1,0,0,0,0,0,0,0,1,1,0,1,1,0
0,0,1,0,0,1,0,0,0,0,0,0,0,0,0,0,0,0,0,0,0,0,0,0,0,1,0,2,0,1,0,0,0,0,2,0,0,0,0,0,0,0,0,0,0,0,0,0,0,0,0,2,0,0,0,0,0,3,0,0,0,0,0,0,0,0,1,3,0,1,0,0,0,0,0,0,0,0,0,0,0,1,1,0,0,0,1,0,6,1,1,0,0,0,0,1,0,0,0,0,0,0,0,1,0,0,0,0,0,0,0,0,1,1,0,0,0,1,0,0,0,0,0,0,0,0,0,0,0,0,0,0,0,0,0,0,0,1,0,0,0,0,0,0,2,0,0,0,0,0,1,0,0,0,0,0,0,0,0,0,0,0,0,0,0,0,0,0,0,0,0,0,3,0,1,0,1,0,0,0,1,0,0,2,1,0,0,2,0,0,0,0,1,0,0,0,1,0,1,0,2,0,2,0,0,0,0,0,0,0,0,0,0,0,0,0,0,0,1,0,0,0,0,0,0,0,0,0,0,0,0,0,0,0,0,0,0,0,0,0,0,0,3,1,0,0,0,0,1,0,0,2,0,0,0,0
1,1,0,0,0,0,0,0,0,0,0,0,0,1,0,0,0,0,0,0,0,0,0,0,0,0,0,0,0,0,0,0,0,0,2,0,0,0,0,0,0,0,0,0,0,0,0,0,0,0,0,0,1,0,0,0,0,0,0,0,0,0,0,0,0,0,0,0,0,1,0,0,0,0,0,0,0,0,0,0,0,0,0,0,0,0,0,0,1,0,0,0,0,0,0,0,0,0,0,0,0,0,1,1,0,0,0,0,0,0,0,0,1,1,0,0,0,2,0,0,0,0,0,0,0,1,1,0,0,0,0,0,0,0,0,0,0,0,0,0,0,0,0,0,0,0,0,0,0,1,0,0,0,0,0,0,0,0,0,1,0,0,0,0,2,0,0,0,0,0,0,1,0,0,1,0,0,0,1,0,1,0,0,0,1,0,0,2,1,0,0,0,0,0,0,0,0,0,0,0,0,0,0,0,0,0,1,0,0,0,0,0,0,0,0,1,0,0,0,0,0,0,0,0,0,0,0,0,2,0,0,0,0,0,0,0,0,0,0,0,0,1,1,1,0,0,0,0,1,0,0,1,1,1,1,0
1,0,1,0,1,0,0,0,0,0,1,0,1,0,0,0,0,1,0,0,0,0,0,0,1,1,0,0,0,0,0,0,0,0,0,0,0,0,0,1,1,0,0,0,0,0,0,0,0,0,1,0,0,0,0,0,0,0,0,0,1,0,1,0,0,0,0,0,0,0,0,0,0,0,0,0,0,0,0,0,0,0,0,0,0,0,0,0,0,0,0,0,0,0,0,0,0,0,0,0,0,0,0,0,0,0,1,0,0,0,0,0,0,0,1,0,0,0,0,0,0,0,0,0,0,0,0,0,0,0,0,0,0,0,0,0,0,0,0,0,0,0,0,0,0,0,1,0,0,0,0,0,0,1,0,0,0,0,1,0,0,0,0,2,0,0,0,0,0,0,0,0,0,0,0,0,0,0,0,0,0,0,1,0,1,0,0,0,0,0,0,0,0,0,0,0,0,0,0,0,0,0,0,0,0,0,0,0,0,0,0,0,0,0,0,0,0,0,0,0,0,0,0,0,0,0,1,0,0,0,0,0,0,0,1,0,0,0,0,0,0,0,0,0,0,0,0,0,0,0,0,0,0,0,0,0
0,0,0,0,0,0,0,0,0,0,0,0,1,0,0,0,1,1,0,0,0,0,0,0,0,0,0,0,0,0,0,1,0,0,2,0,0,0,0,0,0,0,0,0,0,0,0,0,0,0,0,0,0,0,0,0,0,0,0,0,0,0,0,0,0,0,0,0,0,0,0,0,0,0,0,0,0,0,0,0,0,0,0,0,0,0,0,0,1,0,0,0,0,0,0,0,0,0,0,0,0,0,0,1,0,0,0,0,1,0,0,0,1,1,0,0,0,1,0,0,0,0,0,1,0,0,0,0,0,0,0,0,0,0,0,0,0,0,0,0,0,0,0,1,0,0,0,0,0,0,0,0,0,0,0,1,0,0,0,0,1,0,0,1,0,0,0,0,0,0,1,0,0,0,0,0,0,0,0,0,1,0,0,0,0,0,0,0,0,0,0,0,0,0,0,0,0,0,0,0,0,0,0,1,0,0,0,0,0,0,0,0,0,0,0,0,0,0,0,0,0,0,0,0,0,0,0,0,0,0,0,0,0,0,0,0,0,0,1,0,0,1,1,0,0,0,0,0,0,0,0,1,0,0,0,0
1,1,1,0,1,0,0,0,0,1,1,0,1,0,0,0,0,1,0,0,0,0,0,0,0,1,0,0,0,0,0,0,0,0,0,0,0,0,0,0,1,0,0,0,0,0,0,0,0,0,1,0,0,0,0,0,0,0,0,0,1,0,1,0,0,0,0,0,0,0,0,0,0,0,0,0,0,0,0,0,0,0,0,0,0,0,0,0,1,0,0,0,0,0,0,0,0,0,0,0,0,0,0,0,0,0,0,0,0,0,0,0,0,0,0,0,0,0,0,0,0,0,0,0,0,0,0,0,0,0,0,0,0,0,0,0,0,0,0,0,0,0,0,0,0,0,1,0,0,0,0,0,0,1,0,0,0,0,1,0,0,0,0,2,0,0,0,0,0,0,0,0,0,0,0,0,0,0,0,1,0,0,1,0,1,0,0,0,0,0,0,0,0,0,0,0,0,0,0,0,0,0,0,0,0,0,0,0,0,0,0,0,0,0,0,0,0,0,0,0,0,0,0,0,0,0,1,0,0,0,0,0,0,0,1,0,0,0,0,0,0,0,0,0,0,0,0,0,0,0,0,0,0,0,0,0
0,0,0,0,0,0,0,0,0,0,0,0,0,0,0,0,1,0,0,0,0,0,0,0,0,0,0,0,0,0,0,1,0,0,1,0,0,0,0,0,0,0,0,0,0,0,0,0,0,1,0,0,1,0,0,0,0,1,0,0,0,0,0,0,0,0,1,0,1,0,0,0,0,0,0,0,0,0,0,0,0,0,0,0,0,0,0,0,1,0,0,0,0,0,0,0,0,0,0,0,0,0,0,0,0,0,0,0,1,0,0,0,2,1,0,0,0,1,1,0,0,0,0,1,0,0,0,0,0,0,0,0,0,0,0,0,0,0,0,0,0,0,0,0,0,0,1,0,0,0,0,0,0,0,0,0,0,0,0,0,1,0,1,0,0,0,0,0,0,0,0,0,2,0,1,0,0,0,0,0,1,0,0,0,0,0,0,0,0,0,0,0,1,0,0,0,0,0,0,0,0,0,0,0,0,0,0,0,0,0,0,0,0,0,0,0,0,0,0,0,0,0,0,0,0,0,2,0,0,0,0,0,0,0,0,0,0,1,0,1,4,0,4,2,0,0,0,0,0,0,0,1,0,1,0,0
0,0,1,0,2,0,0,0,1,0,1,0,2,0,0,0,1,1,0,1,0,1,0,0,0,1,0,0,0,0,0,0,0,0,0,0,0,0,0,0,1,0,0,0,0,0,0,0,0,0,0,0,0,0,0,0,0,0,0,0,1,0,1,0,0,0,0,0,0,0,0,0,0,0,0,0,0,0,0,1,0,0,0,0,0,0,0,0,0,0,1,0,0,1,0,0,0,0,0,0,0,0,1,0,0,0,0,0,0,0,0,0,1,3,0,0,0,0,0,0,1,0,0,0,2,2,0,0,0,0,0,0,0,0,0,1,0,0,0,0,0,0,0,0,0,0,1,0,0,0,1,0,0,1,0,0,0,0,1,0,0,0,0,1,0,0,0,0,0,0,0,0,0,0,0,0,0,0,0,0,0,0,1,0,1,0,0,0,0,0,0,0,0,0,0,0,0,0,0,0,0,0,0,0,0,0,0,0,0,0,0,0,0,0,0,0,0,0,0,0,0,0,0,0,0,0,1,0,0,0,0,0,0,1,1,0,0,0,0,0,0,1,0,0,0,0,0,0,0,0,0,0,0,0,0,0
0,0,0,0,0,0,0,0,0,0,0,0,0,0,0,0,1,0,0,0,0,0,0,0,0,0,0,0,0,0,0,1,0,0,2,0,0,0,0,1,0,0,2,0,0,0,0,0,0,0,0,0,0,1,0,0,0,0,0,1,0,0,0,1,0,0,1,0,0,1,0,0,1,0,0,0,0,0,0,0,0,0,0,1,0,0,1,0,1,0,0,0,0,0,0,0,0,0,0,0,0,0,0,1,0,0,0,0,2,0,0,0,1,1,0,0,0,1,0,0,0,0,0,0,0,0,0,0,0,0,0,0,0,0,0,1,0,0,0,0,0,0,0,0,0,0,0,0,0,0,0,0,0,0,0,0,0,0,0,0,0,0,0,0,0,0,0,0,0,0,0,0,0,0,1,0,0,0,0,0,1,0,0,0,0,0,0,0,0,0,0,0,0,0,0,0,0,0,0,0,0,0,0,0,0,0,0,0,1,0,0,0,0,0,0,0,0,0,1,0,0,0,0,0,0,0,0,0,0,0,0,0,0,0,0,0,1,0,0,3,0,0,1,1,0,1,0,0,1,0,2,1,1,1,0,0
0,0,0,0,0,0,0,0,0,0,0,0,0,0,0,0,0,0,0,0,0,0,0,0,0,0,0,0,0,0,0,0,0,0,1,0,0,0,0,0,0,0,0,0,0,0,0,0,0,0,0,0,0,1,0,0,1,0,0,0,0,0,0,0,0,0,0,0,0,0,0,0,0,0,0,0,0,0,0,0,0,0,0,0,0,0,1,0,1,0,0,0,0,0,0,0,0,0,0,0,0,0,0,0,0,0,0,0,0,1,0,0,1,1,0,0,0,1,0,0,0,0,0,0,0,0,0,0,0,0,0,0,0,0,0,0,0,0,0,0,0,0,0,0,0,0,0,0,0,0,0,0,0,0,0,0,0,0,0,0,0,0,0,0,0,0,0,0,0,0,0,0,0,0,1,0,0,0,0,0,1,0,0,0,1,0,0,1,0,0,1,0,0,0,0,0,0,0,1,0,0,0,0,0,0,0,0,0,1,0,0,0,0,0,0,0,0,0,0,0,0,0,0,1,0,0,0,0,0,0,0,0,0,0,0,0,0,0,0,0,0,0,2,1,0,0,0,1,1,0,1,1,0,0,0,0
0,0,1,0,0,0,0,0,1,0,1,0,0,0,0,0,0,1,0,0,0,0,0,1,0,1,0,0,0,0,0,0,1,0,0,0,0,0,1,0,0,0,0,0,0,1,0,0,0,0,0,0,0,0,0,0,0,1,0,0,0,0,0,0,0,0,0,0,0,1,0,0,0,0,1,0,0,0,0,0,0,0,0,0,0,0,0,0,0,0,0,0,0,0,0,0,1,0,0,0,0,0,0,0,0,0,0,0,0,2,0,0,0,0,0,0,0,0,1,0,1,0,0,0,0,1,0,0,0,1,0,0,0,0,1,0,0,0,0,0,0,0,0,1,0,0,1,0,1,0,0,0,0,0,0,0,0,0,0,0,0,0,0,0,0,0,1,0,0,0,0,0,0,1,0,0,0,0,0,0,0,0,0,1,0,0,0,0,0,1,0,0,0,0,0,0,0,0,0,0,0,0,0,0,0,0,0,0,2,1,0,0,0,0,1,1,0,0,1,0,0,1,0,1,0,0,0,0,0,0,0,0,0,0,0,0,0,0,0,0,0,0,0,0,0,0,1,0,0,0,0,0,1,0,0,3
0,0,2,0,0,0,0,0,0,0,0,0,0,0,0,0,0,0,0,0,0,0,0,0,0,2,0,2,0,0,0,0,0,0,1,0,0,0,0,0,0,0,0,0,0,0,0,0,0,0,0,0,0,0,1,0,0,0,0,0,0,0,0,0,0,0,0,0,0,0,0,0,0,0,0,0,0,0,0,0,0,0,0,0,0,0,0,0,1,0,0,0,0,0,0,0,0,0,0,0,0,0,0,1,0,0,0,0,1,0,0,0,1,1,0,0,0,1,0,0,0,0,0,0,0,0,0,0,0,1,1,0,0,0,0,0,0,0,0,0,0,0,0,0,0,0,0,0,0,0,0,0,0,0,0,0,0,0,0,0,0,0,0,0,0,0,0,0,0,0,0,0,0,0,1,0,0,0,0,0,1,0,0,0,1,0,0,0,0,0,0,0,0,0,0,0,0,0,0,0,2,0,0,0,0,0,0,0,0,0,0,1,1,0,0,0,0,0,0,0,1,0,0,0,0,0,1,0,0,0,0,0,0,1,0,0,0,1,0,0,0,0,2,1,0,0,0,0,1,0,0,1,0,0,0,0
0,0,0,0,0,0,0,0,0,0,0,0,0,0,0,0,0,0,0,0,0,0,0,2,0,0,0,0,0,1,0,1,0,0,1,0,0,0,0,0,0,0,0,0,0,0,0,0,1,0,0,0,0,0,0,0,0,2,0,0,0,0,0,0,0,0,0,0,0,0,0,0,0,0,0,0,0,0,0,0,0,0,0,0,0,0,1,0,1,0,0,0,0,0,0,0,0,0,0,0,0,0,0,1,0,0,0,0,1,0,0,0,1,1,0,0,0,1,0,0,0,0,0,0,0,0,0,0,0,0,0,0,0,0,0,0,0,0,0,0,0,1,0,0,0,0,0,1,0,0,0,0,0,0,0,0,0,0,0,0,0,0,0,0,0,0,0,0,0,0,1,0,1,0,1,0,0,0,0,0,1,0,0,0,1,0,0,1,0,0,0,0,0,0,0,0,1,0,0,0,1,0,0,0,0,0,0,0,1,1,0,0,0,0,0,0,0,1,0,0,0,1,0,0,0,0,0,0,0,0,0,0,0,0,0,0,0,0,0,0,0,0,1,1,0,0,0,0,0,0,0,1,0,0,0,0
0,1,0,0,0,0,0,0,0,0,0,0,0,0,0,0,1,0,0,0,0,0,0,0,0,0,0,1,0,0,0,2,0,0,1,0,0,1,0,0,0,0,0,0,0,0,0,0,0,0,0,0,0,0,0,0,0,0,0,0,0,0,0,0,0,0,0,0,1,0,0,0,0,0,0,0,0,0,0,0,0,0,0,0,1,0,0,0,1,0,1,0,0,0,0,0,0,0,0,2,2,0,0,1,1,0,0,0,1,0,0,0,1,1,0,0,0,1,0,0,0,0,0,1,0,0,0,0,0,0,0,0,0,0,0,0,0,0,0,0,0,0,0,0,0,0,0,0,0,0,0,0,0,0,0,0,0,0,0,0,0,0,0,0,0,0,0,0,0,0,0,0,0,0,1,0,0,0,0,0,1,0,0,0,0,0,0,0,0,0,0,0,0,0,0,0,0,0,0,0,0,1,0,0,0,0,0,0,0,0,1,0,0,0,1,0,0,0,0,0,0,0,0,0,0,0,0,0,0,0,0,0,0,0,0,0,0,0,0,0,0,0,2,0,0,0,0,0,0,0,0,1,0,1,0,1
0,0,0,0,0,0,0,0,0,0,0,0,0,0,0,0,0,0,0,0,0,0,0,2,0,0,0,1,0,0,0,0,0,0,3,0,0,0,0,0,0,0,0,0,1,0,0,0,0,2,0,0,0,1,0,0,0,0,0,0,1,0,0,0,0,0,0,0,0,0,0,0,0,0,0,0,0,0,0,0,0,0,0,0,0,0,0,0,1,0,0,0,0,0,0,0,0,0,0,0,0,0,0,1,1,0,0,0,2,0,1,0,1,1,0,0,0,1,0,0,0,0,0,0,0,0,0,0,0,0,0,1,0,0,2,0,0,0,0,0,0,0,0,0,0,0,0,0,0,0,0,0,0,0,1,0,0,0,1,4,0,0,0,0,0,0,0,0,0,0,0,0,0,0,1,0,0,0,0,0,1,0,0,0,1,0,0,0,0,0,0,0,0,0,0,0,1,0,0,0,0,0,0,0,0,0,0,0,2,0,0,0,0,0,0,0,0,0,0,0,0,0,0,2,0,0,0,0,0,0,0,2,0,0,0,1,0,0,0,0,0,1,1,0,0,0,0,0,1,0,0,1,3,1,0,0
0,0,1,0,0,0,0,0,0,0,1,0,2,0,0,1,0,1,0,0,0,0,0,0,1,0,0,1,0,0,0,0,0,0,0,0,0,0,0,0,1,0,0,0,0,0,0,0,0,0,0,0,0,0,0,0,0,0,0,0,1,0,1,0,0,0,0,0,0,0,0,0,0,0,0,0,0,0,0,0,0,0,0,0,0,0,0,0,0,0,0,0,0,0,0,0,0,1,0,0,0,0,1,0,0,0,0,0,0,0,0,0,0,1,0,0,0,0,0,0,0,0,0,0,0,0,0,0,0,0,0,0,0,0,0,0,0,0,0,0,0,0,0,0,0,0,1,0,0,0,0,0,0,1,0,0,0,0,0,0,0,0,0,1,0,0,0,0,0,0,0,1,0,0,0,0,0,0,0,0,0,0,1,1,1,0,0,0,0,0,0,0,0,0,0,0,0,0,0,0,0,0,0,0,0,0,1,0,0,0,0,0,0,0,0,0,0,0,0,0,0,0,0,0,0,0,1,0,0,0,0,0,0,0,1,0,0,0,0,0,0,0,0,0,0,0,0,0,0,0,0,0,0,0,0,0
0,0,0,0,0,0,0,0,0,0,0,0,0,0,0,0,0,0,0,0,0,0,0,0,0,0,0,0,0,0,0,1,1,0,1,0,0,0,0,0,0,0,0,0,0,0,0,0,0,0,0,0,0,0,1,0,0,0,0,0,0,0,0,0,0,0,1,0,0,0,0,0,0,0,0,0,0,0,1,0,0,0,0,0,0,0,0,0,1,0,0,0,0,0,0,0,0,0,0,0,0,0,0,1,0,0,0,0,1,0,0,0,1,1,2,0,0,1,0,0,0,0,0,1,0,0,0,0,0,0,0,0,0,0,0,0,0,0,0,0,0,0,0,0,0,0,0,0,0,0,0,0,0,0,0,0,0,0,0,0,0,0,0,0,0,0,0,0,0,0,0,0,0,0,1,0,0,0,0,0,1,0,0,0,1,0,0,0,0,0,0,0,0,0,0,0,0,0,1,0,0,0,0,0,0,0,0,0,0,0,0,0,0,0,0,0,0,0,0,0,0,0,0,0,0,0,0,0,0,0,0,0,0,0,0,0,0,0,0,0,0,0,1,1,0,0,1,0,0,0,0,1,1,0,0,0
0,0,0,0,0,0,0,0,0,0,0,0,0,0,0,0,1,0,0,0,0,0,0,0,0,0,0,0,0,0,0,1,0,0,1,0,0,0,0,0,0,0,0,0,0,0,0,0,0,1,0,0,0,0,0,0,0,0,0,0,0,0,0,0,0,0,0,0,0,0,0,0,0,0,0,0,0,0,0,0,0,0,0,0,0,0,0,0,1,1,0,0,1,0,0,0,0,0,0,0,0,0,0,0,0,0,0,0,0,0,0,0,1,1,0,0,0,1,0,0,0,0,0,0,0,0,0,0,0,0,1,0,0,0,0,0,0,0,0,0,0,0,0,0,0,0,0,0,0,0,0,0,0,0,0,0,0,1,0,0,0,0,0,0,0,0,0,0,0,0,0,0,0,0,1,0,0,0,0,0,1,0,0,0,0,0,0,0,0,0,0,0,0,0,0,0,0,0,1,0,0,1,0,0,1,0,0,0,0,0,0,0,0,0,0,0,0,0,0,0,0,0,0,0,0,0,0,0,0,0,0,0,0,0,0,0,0,0,0,1,0,0,1,1,0,0,0,0,0,0,0,1,1,2,0,0
0,0,0,0,0,0,0,0,0,0,0,0,0,0,0,0,0,0,0,0,0,0,0,0,0,0,0,0,0,0,0,1,2,0,2,0,0,0,0,0,0,0,0,0,0,0,0,1,0,0,0,0,0,0,0,0,0,1,0,0,0,0,0,0,0,1,0,0,0,0,0,0,0,0,0,0,0,0,0,0,0,0,0,0,1,0,0,0,1,0,0,0,0,0,0,0,0,0,0,0,0,0,0,1,0,0,0,0,0,0,0,0,1,1,0,0,0,1,0,0,0,0,0,0,0,0,0,0,0,0,0,0,0,0,0,0,0,0,0,0,0,0,0,0,0,0,0,0,0,0,0,0,0,0,0,0,0,0,0,0,1,0,0,0,0,1,0,0,0,0,1,0,0,0,1,0,0,2,0,0,1,1,0,0,1,0,1,0,0,0,0,0,1,0,0,0,0,0,0,0,0,0,0,0,0,0,0,0,1,0,2,0,0,0,0,0,0,0,0,0,0,0,0,0,0,0,0,0,1,0,0,0,0,0,0,0,0,0,0,0,0,0,2,0,0,0,0,0,0,0,0,1,0,0,0,0
0,0,0,0,0,0,1,0,0,0,0,0,0,0,0,0,0,0,0,0,0,0,0,1,0,0,0,0,0,1,0,0,0,0,1,0,0,0,0,0,0,0,0,0,0,0,0,0,0,0,0,0,0,0,0,0,0,0,0,0,0,0,0,0,0,0,0,0,0,0,0,0,0,0,0,0,0,0,0,0,0,0,0,0,0,0,0,0,1,0,0,0,0,0,0,0,0,0,0,0,0,0,0,1,0,0,0,0,1,0,0,0,1,1,0,2,0,1,0,0,0,0,0,0,0,0,1,0,0,0,0,0,0,0,0,0,0,0,0,0,1,0,0,0,0,0,3,1,0,0,0,0,0,0,0,0,0,0,0,0,0,0,1,0,0,0,0,0,0,0,0,0,2,0,1,0,0,0,0,0,1,0,0,0,1,0,0,0,0,0,0,0,0,0,0,0,0,0,1,0,0,0,0,0,0,0,0,0,1,0,0,0,0,0,0,0,0,0,0,0,0,0,0,2,0,0,0,0,0,0,0,0,1,0,1,0,0,0,0,1,0,0,3,1,0,0,0,3,1,0,0,1,0,0,0,0
0,1,0,0,0,0,0,0,0,0,0,0,0,0,0,0,0,0,0,0,0,0,0,0,0,0,0,0,0,0,0,0,0,0,1,0,0,0,0,0,0,0,0,0,0,0,0,0,0,1,0,0,0,0,0,0,0,1,0,0,0,0,0,0,0,0,0,0,0,0,0,0,0,0,0,0,0,0,0,0,0,0,0,0,0,0,1,0,1,0,0,0,0,0,0,0,0,0,0,0,0,0,1,1,0,0,0,0,1,0,0,0,1,1,0,0,0,1,0,0,0,0,0,1,0,0,1,0,0,0,0,0,0,0,0,0,0,0,0,0,0,0,0,0,0,0,2,0,0,0,0,0,0,0,0,0,0,0,0,0,0,0,0,0,0,0,0,0,0,0,0,0,0,0,1,0,0,0,0,0,1,0,0,0,1,0,0,0,0,0,0,0,0,0,0,0,0,0,2,0,0,0,0,0,0,0,0,0,0,0,0,0,0,0,0,2,0,0,0,0,0,0,0,0,0,0,0,0,0,0,0,1,0,0,0,0,0,0,1,0,0,0,3,0,0,0,1,0,0,0,1,1,0,1,0,0
1,0,0,0,0,0,0,0,0,0,0,0,0,1,0,0,1,0,0,0,0,0,0,0,0,0,0,1,0,0,0,0,0,0,2,0,0,0,0,0,0,0,0,0,0,0,0,0,0,0,0,0,0,0,0,0,0,0,0,0,0,0,1,0,0,0,0,0,0,0,0,0,0,0,0,0,0,0,0,0,0,0,0,0,0,0,1,0,1,0,0,0,0,0,0,0,0,0,0,0,0,0,0,0,0,0,0,0,0,0,0,0,1,1,0,0,0,1,0,0,0,0,0,0,0,0,0,0,0,0,0,0,0,0,0,0,0,0,0,0,0,0,1,1,0,0,0,1,0,0,0,0,0,0,0,1,0,1,0,0,0,0,0,0,0,0,0,0,0,0,0,0,0,0,1,0,0,0,0,0,1,0,0,0,1,0,0,0,0,0,0,0,0,0,0,0,0,0,1,0,0,1,0,0,0,0,0,0,0,0,0,0,0,0,0,1,0,0,0,0,0,0,0,1,0,0,0,0,0,0,0,0,0,0,0,0,0,0,0,1,0,2,1,1,0,0,0,1,0,0,0,1,0,0,1,0
0,0,2,0,0,0,0,0,0,0,0,0,0,0,0,0,0,0,0,0,0,0,0,0,1,0,0,0,0,0,0,0,0,0,1,0,0,0,0,0,0,0,0,0,0,1,0,0,1,0,0,0,0,0,1,0,0,1,0,0,0,0,0,0,0,0,0,0,0,0,0,0,0,0,0,0,0,0,0,0,0,0,0,0,0,0,0,0,1,0,0,0,0,0,0,0,0,0,0,0,0,0,0,1,0,0,0,0,1,0,0,0,1,1,0,0,0,1,0,0,0,0,0,0,0,0,0,0,0,0,0,0,0,0,0,0,0,0,0,0,0,0,0,0,0,0,0,0,0,0,0,0,0,0,0,0,0,0,0,0,0,0,0,0,0,0,0,0,0,0,0,0,2,0,1,0,0,0,0,0,1,0,0,0,1,0,0,1,0,0,0,0,0,0,0,0,0,0,1,0,0,0,0,0,0,0,0,0,0,0,0,0,0,0,0,0,0,0,0,0,0,0,0,0,0,0,0,0,0,0,0,0,0,0,2,0,0,0,0,0,0,0,3,1,0,0,0,0,1,0,0,1,0,3,0,0
0,0,0,0,0,0,0,0,0,0,0,0,0,0,0,0,0,0,0,0,0,0,0,0,0,0,0,0,0,0,0,1,0,0,1,0,0,0,0,0,0,0,0,0,0,0,0,0,0,0,0,0,0,1,0,0,1,0,0,0,0,0,0,0,0,0,0,0,0,0,0,0,0,0,0,0,0,0,0,0,0,0,0,0,0,0,0,0,1,0,0,0,0,0,0,0,0,1,0,0,1,0,0,1,0,0,0,0,0,0,0,0,1,1,0,1,1,1,0,0,0,0,0,0,0,0,1,0,0,0,0,0,0,0,0,0,0,0,0,0,0,1,0,0,0,0,0,1,0,0,0,0,1,0,0,0,0,0,1,0,2,0,0,0,0,0,0,1,0,0,0,0,1,0,0,0,0,0,0,0,1,0,0,0,1,0,0,0,0,0,0,0,0,0,0,0,0,0,0,0,0,0,0,1,0,0,0,0,1,0,1,0,0,0,0,0,0,0,0,0,0,0,0,0,1,0,0,0,0,0,0,0,0,0,0,0,0,0,0,0,0,1,3,0,0,1,0,3,0,0,2,1,0,1,0,0
0,1,0,0,0,1,0,0,0,0,0,0,0,0,0,0,1,0,0,0,1,0,1,0,0,0,0,0,0,0,0,1,1,0,2,0,0,0,0,0,0,0,0,0,0,0,0,0,0,0,0,0,0,0,0,0,0,0,0,0,0,0,0,0,0,0,0,0,0,0,0,0,0,0,0,0,0,0,0,0,0,0,0,0,0,0,1,0,1,0,0,0,0,0,0,0,0,0,0,0,2,0,0,0,0,0,0,0,1,0,0,0,1,1,0,0,0,1,0,0,0,1,0,0,0,0,0,0,0,0,0,0,0,0,0,0,0,1,0,0,0,0,0,1,0,0,0,0,0,0,0,0,0,0,0,0,0,0,0,0,0,0,0,1,0,0,0,0,0,0,1,0,0,0,1,0,0,2,0,0,1,1,0,0,0,0,0,0,0,0,1,0,0,0,0,0,0,0,1,0,0,0,0,0,0,0,0,0,0,0,0,0,0,0,0,0,0,0,0,0,0,0,0,0,0,0,0,0,0,0,0,0,0,0,0,0,0,0,0,0,0,0,1,0,0,0,0,0,0,0,0,1,0,1,0,0
0,0,1,0,0,0,0,0,0,0,0,0,0,0,0,0,0,0,0,0,0,0,0,0,0,0,0,0,0,0,0,0,0,0,1,0,0,0,0,0,0,0,0,0,0,0,0,0,0,0,0,0,0,1,1,0,0,1,0,0,0,0,0,0,0,0,0,0,0,0,0,0,0,0,0,0,0,0,0,0,0,0,0,0,0,0,0,0,1,0,0,0,0,0,0,0,0,0,0,0,0,0,0,1,0,0,0,0,1,0,0,0,1,1,0,0,0,1,0,0,0,0,0,0,0,0,0,0,0,0,0,1,0,0,0,0,0,0,0,0,0,0,0,0,0,0,0,0,0,0,0,0,0,0,0,0,0,0,0,0,0,0,0,0,0,0,0,0,0,0,0,0,2,0,1,0,0,0,0,0,1,0,0,0,1,0,0,1,0,0,0,0,0,0,0,0,0,0,0,0,1,0,0,0,0,0,0,0,1,0,0,0,0,0,0,0,0,0,0,0,0,0,0,0,0,0,0,0,0,0,0,0,0,0,2,0,0,0,0,0,0,0,3,1,0,0,0,0,1,0,0,2,0,3,0,0
2,0,1,1,0,0,0,0,0,1,1,0,0,1,0,0,0,0,0,0,0,0,0,0,0,0,0,0,1,0,0,0,0,0,1,0,0,0,0,0,0,0,0,0,0,0,0,0,1,1,0,0,0,0,0,0,0,0,0,0,0,0,0,0,0,0,0,0,0,0,0,0,0,0,0,0,0,0,0,0,0,1,0,0,0,0,0,0,1,0,0,0,0,0,0,1,0,0,0,0,0,0,0,0,0,0,0,0,1,0,0,0,0,0,0,0,1,0,0,0,0,0,0,0,0,0,0,0,0,0,0,3,0,0,0,0,0,0,0,0,0,1,0,0,0,0,0,0,0,1,0,0,0,0,0,1,0,0,0,0,0,0,0,0,0,0,0,0,0,0,0,0,0,0,0,0,0,0,0,0,0,0,0,0,1,1,0,0,0,0,0,1,0,1,0,0,0,0,0,0,2,0,0,0,0,0,0,0,0,0,1,0,1,0,0,0,0,0,1,1,0,0,0,1,0,0,0,0,0,0,0,0,0,1,0,0,0,0,0,0,0,0,0,1,0,0,0,0,1,0,0,1,0,0,0,3
1,0,0,0,0,0,0,0,0,0,0,0,0,0,0,0,0,0,0,0,0,0,0,0,0,0,0,0,0,0,0,0,0,0,3,0,0,0,0,0,0,0,0,0,0,0,0,0,0,0,0,0,0,0,0,0,0,0,0,0,0,0,2,0,0,0,0,0,0,0,0,0,0,0,0,0,0,0,0,0,0,0,0,0,0,0,1,0,1,0,0,0,0,0,0,0,0,0,0,0,1,0,0,1,0,0,0,0,1,0,0,1,1,1,0,0,0,1,0,0,0,0,0,0,0,0,0,0,0,0,0,0,0,0,0,1,0,0,0,2,0,1,0,0,0,0,0,0,0,0,0,0,0,0,1,3,0,0,0,0,0,0,0,0,1,0,0,2,0,0,0,0,1,0,1,0,0,1,0,0,1,0,0,0,1,0,0,1,0,0,0,0,0,1,0,0,0,0,1,0,2,0,0,0,0,0,0,0,0,0,0,0,0,0,0,0,0,0,0,0,0,0,0,0,0,0,0,0,0,0,0,0,0,0,0,0,0,0,0,1,0,2,5,1,0,0,0,0,1,0,0,1,0,1,0,0
0,0,1,0,0,0,0,0,0,0,0,0,1,0,0,0,1,1,0,0,0,0,0,0,0,0,0,1,0,0,0,1,0,0,1,0,0,0,0,0,0,0,0,0,2,0,0,0,0,3,0,0,0,1,0,0,0,1,0,0,0,0,0,0,0,0,0,0,0,0,0,0,0,0,0,0,0,2,0,0,0,0,0,1,0,0,0,0,0,0,0,0,0,0,0,1,0,0,0,0,0,0,0,1,0,0,0,0,1,0,2,0,0,1,0,0,0,1,0,0,0,0,0,0,0,0,0,0,0,0,0,0,0,0,0,0,0,0,0,0,0,0,0,0,0,0,0,0,0,0,0,0,0,0,0,0,0,0,0,0,0,0,0,0,0,0,0,0,0,0,0,0,0,0,0,0,0,0,0,0,1,0,0,0,0,0,0,0,0,0,0,0,0,0,0,0,0,0,0,0,0,0,0,0,0,0,0,0,0,0,0,0,0,0,0,0,0,0,0,0,0,0,0,0,0,0,0,0,0,0,0,0,0,0,1,0,0,0,0,0,0,1,2,0,0,0,0,0,0,0,0,1,1,0,0,1
0,0,2,0,0,0,0,0,0,0,0,0,1,0,0,0,0,1,0,0,0,0,0,0,0,0,1,0,0,1,0,0,0,0,2,0,1,0,0,0,0,0,0,1,0,0,0,0,0,0,0,1,0,0,1,0,0,0,0,0,0,0,0,0,0,0,0,0,0,0,0,0,1,0,0,0,0,0,0,0,0,0,0,0,0,0,0,0,0,0,0,0,1,0,0,0,1,0,1,0,0,0,2,1,0,0,0,0,1,0,0,0,0,0,0,0,0,1,0,0,0,0,2,0,0,0,0,0,0,0,0,0,0,0,0,0,0,0,0,0,0,0,0,1,0,0,1,0,0,0,0,0,0,0,0,0,0,0,0,0,0,0,0,0,1,0,0,0,0,0,0,0,1,0,0,0,0,3,0,0,1,0,1,0,1,1,0,0,1,0,0,0,0,0,0,0,2,0,0,0,4,0,0,0,0,0,0,0,0,0,0,0,0,0,0,0,0,0,1,0,0,0,0,0,0,0,1,1,1,1,0,5,0,0,1,0,0,0,0,0,0,0,0,0,0,0,0,0,2,0,0,1,0,1,0,0
0,0,0,0,0,0,0,0,0,0,0,0,0,0,0,0,0,0,0,0,0,0,0,0,0,0,0,0,0,0,0,1,1,0,1,0,0,0,0,0,0,0,0,0,0,0,0,0,0,0,0,0,0,1,1,0,0,0,0,0,0,0,0,0,0,0,0,0,0,0,0,0,0,0,0,0,0,0,0,0,0,0,0,0,0,0,1,0,1,0,0,0,0,0,0,0,0,0,1,0,0,0,0,1,0,0,0,0,1,0,0,0,1,1,0,1,0,1,0,0,0,0,0,0,0,0,0,0,0,0,0,0,0,0,0,0,0,0,0,0,0,0,0,0,0,0,0,0,0,0,0,0,0,0,0,0,0,0,0,0,0,0,0,1,0,0,0,0,0,0,0,0,0,0,1,0,0,0,0,0,1,0,0,0,2,0,0,1,0,0,0,0,0,0,0,0,0,0,0,0,0,0,0,0,0,0,0,0,0,0,0,0,0,0,0,0,0,0,0,0,0,0,0,0,0,0,0,0,1,0,0,0,0,0,0,0,0,0,0,0,0,0,1,0,0,0,0,0,0,0,0,1,0,1,0,0
0,0,0,0,0,0,0,0,0,0,0,0,0,0,0,2,0,0,0,0,0,0,0,0,0,0,0,1,0,0,0,1,1,0,3,0,0,0,0,0,0,0,0,0,1,0,0,0,0,1,0,0,0,1,0,0,0,0,0,0,0,0,0,0,0,0,0,1,0,0,0,0,0,0,0,0,0,0,0,0,0,0,0,1,0,0,1,0,1,0,0,0,0,0,0,0,0,0,0,0,0,0,0,0,0,0,0,0,2,2,1,0,1,1,0,0,0,1,0,0,0,0,0,0,0,0,0,0,0,0,0,0,0,0,0,0,0,0,0,0,0,0,0,0,0,0,1,0,0,0,0,0,0,0,0,0,0,0,0,0,0,0,0,0,1,0,0,0,0,0,0,0,1,0,1,0,0,0,0,0,2,0,0,0,2,0,0,0,0,0,2,0,0,0,0,0,0,0,0,0,0,2,0,0,0,0,0,0,2,0,0,0,0,0,0,0,0,0,0,0,0,0,0,0,0,0,0,0,0,0,0,0,0,0,0,1,0,0,0,0,0,1,5,1,0,0,0,0,0,0,0,2,0,0,1,0
0,0,0,0,0,0,0,0,0,0,0,0,0,1,0,0,1,0,0,0,0,0,0,0,0,0,0,0,0,0,0,1,1,0,1,0,0,0,0,0,0,0,0,0,0,0,0,0,0,0,0,0,0,0,1,0,0,0,0,0,0,0,0,0,0,0,0,0,0,0,0,0,1,0,0,0,0,0,0,0,0,0,0,0,0,0,0,0,1,0,0,0,0,0,0,0,0,0,0,0,1,0,0,0,0,0,0,0,1,0,0,0,1,1,0,0,0,1,0,0,0,0,0,0,0,0,0,0,0,0,0,0,0,0,0,0,0,0,0,0,0,0,0,0,0,0,0,1,0,0,0,0,0,0,0,0,0,0,0,0,2,0,0,0,0,0,0,2,0,0,0,0,2,0,1,0,0,0,0,0,1,0,0,0,0,0,0,1,0,0,0,0,0,0,0,0,0,0,0,0,0,0,0,0,0,0,0,0,2,0,0,0,0,0,0,0,0,0,0,0,0,0,0,0,0,0,0,0,0,0,0,0,0,0,0,0,0,0,0,1,0,0,2,0,0,0,0,2,0,0,0,1,0,1,0,0
0,0,1,0,0,0,0,0,0,0,0,0,0,0,0,0,0,0,0,0,0,0,0,0,0,0,0,0,0,0,0,1,0,0,1,0,0,0,0,0,0,0,0,0,0,0,0,0,0,1,0,0,0,0,0,0,0,1,0,0,0,0,0,0,0,0,0,0,0,0,0,0,0,0,0,0,0,0,0,0,0,0,0,0,0,0,1,0,1,0,0,0,0,0,0,0,0,0,0,0,0,0,0,0,0,0,0,0,0,0,0,0,1,1,0,0,0,1,0,0,0,0,0,0,0,0,0,0,0,0,0,0,0,0,0,0,0,0,0,0,0,0,0,0,0,0,0,0,0,0,0,0,0,0,0,0,0,0,0,0,1,0,0,0,0,0,0,0,0,0,0,0,0,0,1,0,0,0,0,0,1,1,0,0,1,0,0,0,0,0,0,0,0,0,0,0,0,0,1,0,0,0,0,0,1,0,0,0,0,0,0,0,0,0,0,0,0,0,1,0,0,0,0,0,0,0,0,0,0,0,0,0,0,0,0,0,0,0,0,1,0,1,2,0,0,0,0,0,0,0,0,1,0,0,1,0
0,0,1,0,2,0,0,0,1,0,1,0,2,0,0,0,1,1,0,0,0,0,0,0,0,1,1,0,0,0,0,0,0,0,1,0,0,0,0,0,1,0,0,0,0,0,0,0,1,1,1,0,0,0,0,0,0,0,0,0,1,0,1,0,0,0,0,0,0,0,0,0,0,0,0,0,0,1,0,0,0,0,0,0,0,0,0,0,0,0,0,0,0,0,0,0,0,0,0,0,0,0,0,0,0,0,0,0,0,0,0,0,0,1,0,0,0,0,0,0,1,1,0,0,0,0,0,0,0,0,0,1,0,0,0,0,0,0,0,0,0,0,0,0,0,0,1,0,0,0,0,0,1,1,0,0,0,0,1,0,0,1,0,2,0,0,0,0,0,0,0,0,0,0,0,0,0,0,1,1,0,0,1,1,2,0,0,0,1,0,0,0,0,0,0,0,0,0,0,0,0,0,0,0,0,0,0,0,0,0,0,0,0,0,0,0,0,0,0,0,0,0,0,0,0,0,1,0,0,0,0,0,0,0,1,0,0,0,0,0,0,0,0,0,0,0,1,0,0,0,0,0,0,0,0,0
2,0,1,0,3,0,0,0,1,0,1,0,1,1,0,1,0,1,0,0,0,0,0,0,1,0,0,0,0,0,0,0,0,0,0,0,0,0,0,0,1,0,1,0,1,0,0,0,0,0,2,0,0,0,0,0,0,0,0,0,1,0,1,0,0,0,0,0,0,0,0,0,0,0,0,0,0,0,0,0,0,0,0,0,0,0,0,0,0,0,0,0,0,0,0,0,0,0,0,0,0,1,0,0,1,0,0,0,0,0,0,0,0,0,0,0,0,0,0,1,0,0,0,0,1,0,0,0,0,0,0,0,0,0,1,0,0,0,0,0,0,0,0,0,0,0,1,0,0,0,0,0,0,1,0,0,0,0,1,0,0,0,0,3,0,0,0,0,0,0,0,1,0,0,0,0,0,0,1,0,0,0,1,0,1,0,0,0,2,0,0,0,0,0,0,0,0,0,0,0,0,0,0,0,0,0,0,0,0,0,0,0,0,0,0,0,0,0,0,0,0,0,0,0,0,0,1,0,0,0,0,0,0,0,1,0,0,0,0,0,0,0,0,0,0,0,1,0,0,0,0,0,0,0,0,0
0,0,2,0,0,0,0,0,0,0,0,0,0,0,0,0,1,0,0,1,0,0,1,0,0,0,0,1,0,0,0,1,0,0,1,0,0,0,0,0,0,0,0,0,0,0,0,0,0,0,0,0,0,0,0,0,0,0,0,0,0,0,0,0,0,0,0,1,0,0,0,0,0,0,0,0,0,0,0,0,0,0,0,1,0,0,0,0,1,0,0,0,0,0,0,0,0,0,0,0,0,0,0,1,0,0,0,0,1,0,0,0,1,1,0,0,0,1,0,0,0,0,0,0,0,0,0,0,0,0,0,0,0,0,0,0,0,0,0,0,0,0,0,0,0,0,0,0,0,0,1,0,0,0,0,0,0,0,0,0,0,0,0,0,0,0,0,0,0,0,0,0,0,0,1,0,0,0,0,0,1,0,0,0,0,0,0,1,0,1,0,0,0,0,0,0,0,0,1,0,0,0,0,0,0,0,0,0,0,0,0,0,0,0,0,0,0,0,0,0,0,0,0,0,0,0,0,0,0,0,0,0,0,0,0,0,0,0,0,0,1,0,3,1,0,0,1,1,0,0,0,1,0,1,0,1
0,0,1,0,0,0,0,0,0,0,1,0,2,0,0,0,0,1,0,0,0,0,0,0,0,1,0,1,0,0,0,0,0,0,0,0,0,0,0,0,1,0,0,0,0,0,0,0,0,0,0,0,0,0,0,0,0,0,0,0,1,0,1,0,0,0,0,0,0,0,0,0,0,0,0,0,0,0,0,0,0,0,0,0,0,0,0,0,0,0,0,0,0,0,0,0,0,0,0,1,0,0,0,0,0,0,0,0,0,0,0,0,0,1,0,0,0,0,0,0,0,1,0,0,0,0,0,0,0,0,1,0,0,0,0,0,0,0,0,0,0,0,0,0,0,0,1,0,0,0,0,0,0,1,0,0,0,0,1,0,0,0,0,1,0,0,0,0,0,0,0,0,0,0,0,0,0,1,0,0,0,0,1,0,1,1,0,0,0,0,0,0,0,0,0,0,0,0,0,0,0,0,0,0,0,0,0,0,0,0,0,0,0,0,0,0,0,0,0,0,0,0,0,0,0,0,1,0,0,0,0,0,0,0,1,0,0,0,0,0,0,0,0,0,0,0,0,0,0,0,0,0,0,0,0,0
0,0,0,0,0,0,0,0,0,0,0,0,0,0,0,0,0,0,0,0,0,0,0,0,0,0,0,0,0,0,0,0,0,0,1,0,0,0,0,0,0,0,1,0,0,0,0,0,0,0,0,0,0,0,1,0,0,0,0,0,0,0,0,0,0,0,0,0,0,0,0,0,0,0,0,0,0,0,0,0,0,0,0,0,0,0,0,0,1,0,0,0,0,0,0,0,0,0,1,0,2,0,0,1,0,0,0,0,1,0,0,0,1,1,0,0,0,1,0,0,0,0,0,1,0,0,0,0,0,0,0,0,0,0,0,0,0,0,0,0,0,0,0,0,0,0,0,0,0,0,0,0,0,0,0,0,0,0,0,0,0,0,0,0,1,0,0,0,0,0,0,0,1,0,1,0,0,0,0,0,1,0,0,0,0,0,0,1,0,0,0,0,0,0,0,0,0,0,0,0,0,0,0,0,0,0,0,0,0,0,0,0,0,0,0,0,0,0,0,0,0,0,0,0,0,0,0,0,0,0,0,0,0,0,0,0,0,0,1,0,0,0,2,1,0,0,0,0,1,0,0,1,0,0,0,0
0,0,1,0,2,0,0,0,0,0,1,0,1,0,0,1,0,1,0,0,0,0,0,0,0,1,1,0,1,1,0,0,0,0,0,0,0,0,0,0,1,0,0,0,0,0,0,0,0,0,0,0,0,0,0,0,1,0,0,0,1,0,1,0,1,0,0,0,0,0,1,0,0,0,0,0,0,0,1,0,0,0,0,0,0,0,0,1,0,0,1,0,0,0,0,0,0,0,0,0,0,2,1,0,0,0,0,0,0,0,0,0,0,0,0,0,0,0,0,0,0,0,0,0,0,0,0,0,0,0,1,0,0,0,0,1,0,0,0,0,0,0,0,0,0,0,1,0,0,0,0,0,0,1,1,0,0,0,2,0,0,0,0,2,0,0,0,0,0,0,0,0,0,0,0,0,0,0,0,0,0,0,1,0,1,0,0,0,0,1,0,0,0,0,0,0,0,0,0,0,0,0,0,0,0,0,0,0,0,0,0,0,0,0,0,0,0,0,0,0,0,0,0,0,0,0,1,0,0,0,0,1,0,0,1,0,0,0,0,0,0,0,0,0,0,0,0,0,1,1,0,0,0,0,0,0
0,1,0,0,0,0,0,0,0,1,0,0,1,0,0,0,0,1,0,0,0,0,0,1,0,0,0,1,0,1,0,1,0,0,1,0,0,0,0,0,0,0,0,0,0,0,0,0,0,0,0,3,0,0,1,1,0,3,0,0,0,0,0,0,0,0,0,1,0,1,0,0,0,0,0,0,0,0,0,0,0,0,0,0,0,0,0,0,1,0,0,0,0,0,0,0,0,0,1,0,0,0,0,1,0,0,0,0,0,0,0,0,1,4,0,0,0,1,0,0,0,0,0,1,0,0,0,0,0,0,0,0,0,0,0,0,0,0,0,0,0,0,0,0,0,0,1,0,0,0,0,0,0,0,0,0,0,0,0,0,1,0,0,0,0,0,0,0,0,0,0,0,2,0,0,0,0,0,0,0,1,0,0,0,1,2,1,0,0,0,0,0,0,0,0,0,0,0,0,0,0,0,0,0,0,0,0,0,0,0,0,0,0,0,0,0,0,0,0,0,0,0,0,0,1,0,0,0,0,0,0,0,1,0,0,2,0,0,0,0,0,0,3,0,0,0,0,0,0,0,1,1,0,1,0,0
0,1,0,0,0,0,0,0,0,0,0,0,0,0,0,0,0,0,0,0,0,0,0,1,0,0,1,1,0,0,0,0,0,0,3,0,0,0,0,0,0,0,1,0,1,0,0,0,0,0,0,0,0,0,1,1,0,1,0,1,2,0,0,0,0,0,0,0,0,0,0,0,1,0,0,0,0,0,0,0,0,0,0,1,0,0,1,0,1,0,0,0,0,0,0,0,0,0,0,0,0,0,1,1,0,0,0,0,1,0,1,0,1,1,0,0,1,1,0,0,0,0,0,0,0,0,0,0,0,1,0,0,0,0,0,0,0,0,0,0,0,0,0,0,0,0,0,0,0,0,0,0,0,0,0,0,0,0,0,3,0,0,0,0,0,0,0,0,0,0,0,0,0,0,1,0,0,0,0,0,1,0,0,0,1,0,0,0,0,0,0,0,0,0,0,0,0,0,1,0,1,0,0,0,0,0,0,0,0,0,0,0,0,0,0,0,0,0,0,0,0,0,0,0,0,0,0,0,0,0,0,0,0,0,0,0,0,0,0,0,0,0,2,0,0,0,0,0,1,0,0,1,0,0,0,0
0,0,0,0,0,0,0,0,0,0,0,0,0,0,0,0,0,0,0,0,0,0,0,0,0,0,0,0,0,0,0,1,1,0,1,0,0,0,0,0,0,0,0,0,0,0,0,0,2,0,0,0,0,0,0,0,0,0,0,0,1,0,0,0,0,0,0,0,0,0,0,0,0,0,0,0,0,0,0,0,0,0,0,0,0,0,0,0,1,0,0,0,0,0,0,0,0,0,0,0,0,0,0,1,0,0,0,0,1,0,0,0,1,1,0,0,0,1,0,0,0,0,0,0,0,0,0,0,0,0,0,0,0,0,0,0,0,0,0,0,0,0,0,0,0,0,0,0,0,0,0,0,1,0,0,0,0,0,0,0,1,0,0,0,0,0,0,0,0,0,0,0,0,0,1,0,0,0,1,0,1,0,0,0,1,1,0,2,0,0,0,0,0,0,0,0,0,0,0,0,0,0,0,0,1,0,2,0,1,0,0,0,0,0,0,1,0,1,0,0,0,0,0,0,0,0,0,0,0,0,0,0,0,0,0,0,0,0,0,0,0,0,1,1,1,0,0,0,0,0,0,1,0,1,0,0
0,0,0,0,0,0,0,0,0,0,0,0,0,0,0,0,0,0,0,0,0,0,0,0,0,0,0,0,0,0,0,0,0,0,2,0,0,0,0,0,0,0,0,0,0,0,0,0,0,1,0,0,0,1,0,0,0,0,0,0,0,0,0,0,0,0,1,0,0,0,1,0,0,0,0,0,0,0,0,0,0,0,0,0,1,0,0,0,1,0,0,0,0,0,0,0,0,0,0,0,0,0,0,1,0,0,0,0,1,0,2,0,1,1,0,0,0,1,0,0,0,0,0,0,1,0,0,0,0,0,0,1,0,0,0,0,0,0,0,0,0,0,0,0,0,0,0,0,0,0,0,0,0,0,0,0,0,0,0,0,0,0,0,0,0,0,0,0,0,0,0,0,0,0,1,0,0,0,0,0,1,0,1,0,1,0,0,1,0,0,0,0,0,0,0,0,0,1,1,0,1,0,0,0,0,0,0,0,0,0,0,1,0,0,0,0,0,0,0,0,0,0,0,0,0,0,0,0,0,0,0,0,0,0,0,0,0,0,0,0,0,1,1,0,0,0,0,0,1,0,0,1,0,1,1,0
0,0,0,0,0,0,1,0,0,0,0,0,0,0,0,0,0,0,0,0,0,0,0,0,0,0,0,0,0,0,0,0,0,0,0,0,0,0,0,0,0,0,0,0,0,0,0,0,0,2,0,0,1,0,0,0,0,0,0,0,0,0,0,0,0,0,0,0,0,0,0,1,0,0,0,1,0,0,2,0,0,1,0,0,0,1,1,0,0,0,0,0,1,0,0,0,0,0,0,0,1,0,0,0,0,0,0,0,0,0,0,0,0,0,0,0,1,0,0,0,0,0,0,0,0,0,0,0,0,0,0,0,0,0,0,1,0,0,0,0,1,0,0,0,1,0,0,0,0,0,0,0,0,0,0,0,0,0,0,0,0,0,0,0,0,1,0,0,0,0,0,0,0,0,0,0,1,0,0,0,0,0,0,0,0,0,0,0,0,0,0,0,1,0,1,1,0,0,0,0,0,0,0,0,0,0,0,1,1,0,0,0,0,0,0,0,0,0,0,1,0,0,1,0,0,0,0,0,0,0,1,1,0,0,1,0,0,0,0,0,1,0,0,1,0,0,0,0,0,0,0,1,0,0,0,0
0,0,0,0,0,0,0,0,0,0,0,0,0,0,0,0,0,0,0,0,0,0,0,0,0,0,0,0,0,0,0,0,1,0,2,0,0,0,0,0,0,0,0,0,0,0,0,0,0,0,0,0,0,0,1,0,0,0,0,0,0,0,1,0,0,0,0,0,0,0,0,0,0,0,0,0,0,0,0,0,0,0,0,0,0,0,0,0,1,0,0,0,0,0,0,0,0,0,0,0,0,0,0,0,0,0,0,0,0,1,0,0,1,1,0,1,0,1,0,0,0,0,0,0,0,0,0,0,0,0,0,0,0,0,0,0,0,0,0,0,0,0,0,1,0,0,0,0,0,0,0,0,0,0,0,1,0,0,0,0,1,0,0,0,0,0,0,0,0,0,1,0,1,0,1,0,0,0,0,0,1,0,0,0,2,0,0,0,0,0,0,0,0,0,0,0,0,0,1,1,0,0,0,0,0,0,0,0,0,0,0,0,0,0,0,0,0,0,0,0,0,0,0,1,0,0,0,0,0,0,0,0,0,0,0,0,0,0,0,1,0,2,2,0,0,0,0,0,1,1,0,1,0,1,0,0
0,0,1,0,0,0,0,0,0,0,0,0,0,0,0,0,1,0,0,0,0,0,0,0,0,0,0,1,0,0,0,1,0,0,1,0,0,0,0,0,0,1,0,0,0,0,0,0,0,0,0,0,0,0,0,0,0,0,0,0,0,0,0,0,0,0,0,0,0,0,0,0,0,0,0,0,0,0,0,0,0,0,0,0,0,0,1,0,1,0,0,0,0,0,0,0,0,0,0,0,0,0,0,1,1,0,0,0,0,0,0,0,1,1,1,0,0,1,0,0,0,1,0,1,0,0,0,0,0,0,0,0,0,0,0,0,0,0,0,0,0,0,0,0,0,0,0,0,0,0,0,0,0,0,0,0,0,0,0,0,1,0,0,0,0,0,0,0,1,0,1,0,2,0,0,0,0,0,0,0,1,0,0,0,1,0,0,0,0,0,0,0,0,0,0,1,0,0,0,0,0,0,0,0,0,0,0,0,0,0,0,0,0,0,0,0,0,0,0,0,0,0,0,0,0,0,0,0,0,0,0,0,0,0,3,0,0,0,0,0,0,0,1,0,0,0,0,0,0,0,0,2,0,2,0,0
1,0,1,0,3,0,0,0,0,0,1,0,1,0,0,1,0,1,0,0,0,0,0,0,0,0,2,0,0,1,0,0,0,0,0,0,0,0,2,0,1,0,1,0,0,1,0,0,0,1,0,0,0,0,0,0,0,0,0,0,1,0,1,0,0,0,0,0,0,0,0,0,0,0,0,0,0,3,0,0,0,1,1,0,0,0,0,0,1,0,1,0,0,0,0,0,0,1,1,0,0,1,0,0,0,0,0,0,0,0,0,0,0,0,1,0,0,0,0,0,1,1,0,0,0,0,1,0,0,0,1,0,0,0,0,0,0,0,0,0,0,0,1,0,0,0,1,0,0,0,0,0,0,1,0,1,0,0,1,0,0,1,0,4,0,0,0,0,0,0,0,2,0,0,0,0,0,0,0,0,0,0,1,0,1,0,0,0,0,0,0,0,0,0,0,0,0,0,0,0,0,0,0,0,0,0,0,0,0,0,0,0,0,0,0,0,0,0,0,0,0,0,0,0,0,0,1,0,0,0,0,0,1,0,1,0,0,1,0,0,0,1,0,0,0,0,0,0,1,1,0,0,0,0,0,0
0,0,1,0,0,0,0,0,0,1,0,0,0,0,0,0,1,0,0,0,0,0,0,0,0,0,1,0,0,0,0,1,0,0,1,0,0,0,0,0,0,0,0,0,0,0,0,0,0,1,0,0,0,1,0,0,0,0,0,0,0,0,0,0,0,0,0,0,0,0,0,0,0,0,0,0,0,0,0,0,0,0,0,0,0,0,0,0,1,0,0,0,0,0,0,0,0,0,0,0,0,0,0,1,0,0,0,0,1,0,0,0,1,1,0,0,0,1,0,0,0,0,0,0,0,0,0,0,0,0,0,0,0,0,0,0,0,0,0,0,0,0,0,0,0,0,0,0,0,0,0,0,0,0,0,0,0,0,0,0,1,0,0,0,0,0,0,0,0,0,0,0,1,0,1,0,0,0,0,0,1,0,0,0,0,0,0,0,0,0,0,0,0,0,0,0,0,0,0,0,0,0,0,0,0,0,0,0,0,1,0,0,0,0,0,0,0,0,0,0,0,0,0,0,0,0,0,0,0,0,0,0,0,0,0,0,0,0,0,1,0,0,1,0,0,0,0,1,0,0,0,1,0,1,0,0
0,0,0,0,0,1,0,0,0,0,0,0,0,0,0,1,1,0,0,0,0,0,0,0,0,0,0,0,0,0,0,1,1,0,2,0,0,0,0,0,0,0,0,1,0,0,0,0,0,0,0,0,0,1,0,0,1,0,0,0,0,0,0,0,0,0,0,0,0,0,0,0,0,0,0,0,0,0,0,0,0,0,0,0,0,0,0,0,1,0,0,0,0,0,0,0,0,0,1,0,0,0,0,1,0,0,0,0,0,0,1,0,1,1,0,1,0,1,0,0,0,0,0,0,0,0,0,0,0,0,0,0,0,0,0,0,0,0,0,0,0,0,0,0,0,0,0,0,0,0,0,0,0,0,0,0,0,0,0,0,0,0,0,0,0,0,0,0,0,0,0,0,1,0,1,0,0,0,0,0,1,0,0,0,0,0,0,2,0,0,0,0,0,0,0,0,0,0,0,0,0,0,0,0,0,0,0,0,0,0,0,0,0,0,0,0,0,0,0,0,0,0,0,0,0,0,0,0,0,0,0,0,0,0,0,0,0,0,0,0,0,3,2,1,0,0,0,0,0,0,0,1,0,0,2,0
0,0,0,0,0,0,0,0,0,0,0,0,0,0,0,0,1,0,0,0,0,0,0,0,0,0,0,0,0,0,0,1,0,0,1,0,0,0,0,0,0,0,0,0,0,0,0,0,0,0,0,0,0,1,0,0,0,2,0,0,0,0,0,0,0,0,0,0,0,0,0,0,0,0,0,0,0,0,0,0,0,0,0,0,0,0,0,0,1,1,1,0,0,0,0,0,0,0,0,0,0,0,0,0,0,0,0,0,1,0,0,0,1,1,0,0,0,1,0,0,0,0,0,1,0,0,0,0,0,0,0,0,0,0,0,0,0,1,0,0,0,0,0,1,0,0,0,0,0,0,0,0,0,0,0,0,1,0,0,0,0,0,0,0,0,0,1,1,1,0,0,0,0,0,1,0,0,1,1,0,1,0,0,0,0,0,0,0,0,0,0,0,1,0,0,0,1,0,0,0,0,0,0,0,0,0,0,0,1,0,0,0,0,0,0,0,0,0,0,0,0,1,0,0,0,0,0,0,0,0,0,0,0,0,0,0,0,0,0,0,0,0,1,1,0,0,0,0,0,0,0,1,0,1,0,0
0,0,1,0,1,0,0,0,1,0,1,0,2,0,0,1,1,1,0,0,0,0,0,0,0,0,0,0,0,0,0,0,0,0,0,0,0,0,0,0,1,1,0,0,0,0,0,0,0,0,0,0,0,0,0,0,0,0,0,0,1,0,1,0,0,0,0,0,0,0,0,0,0,0,0,0,1,1,0,0,0,0,2,0,0,0,0,0,0,0,1,0,1,0,0,0,1,0,0,0,0,0,0,0,0,0,0,0,0,0,0,0,0,0,0,0,0,0,0,0,0,0,0,0,1,0,0,0,0,0,0,0,0,0,0,0,0,0,0,0,0,0,0,0,0,0,1,0,0,0,0,0,0,1,0,0,0,0,1,0,0,0,0,2,0,0,0,0,0,0,0,0,0,0,0,0,0,0,0,0,0,0,1,0,1,0,0,0,1,0,0,0,0,0,0,0,0,0,0,0,0,0,0,0,0,0,0,0,0,0,0,0,0,0,0,0,0,0,0,0,0,0,0,0,0,0,1,0,0,0,0,0,0,0,1,0,0,0,0,0,0,0,0,0,0,0,0,0,0,0,0,0,1,0,0,0
0,0,1,0,1,0,0,0,0,0,1,0,1,0,0,1,0,1,0,0,1,0,0,0,0,1,0,0,0,0,1,0,0,0,0,0,0,0,0,0,0,0,0,0,0,0,0,0,0,0,1,0,0,0,0,0,0,0,0,0,1,0,0,0,0,0,0,0,0,0,0,0,0,0,0,0,0,0,0,0,0,0,0,0,0,0,0,0,0,0,0,0,0,0,0,0,0,1,0,0,0,0,0,0,0,0,0,0,0,0,0,0,0,0,0,0,0,0,0,0,0,0,0,0,1,0,0,0,0,0,0,0,0,0,0,0,0,0,0,0,0,0,0,0,0,0,1,0,1,0,0,0,0,1,0,0,0,0,1,0,0,0,0,1,0,0,1,0,0,0,0,0,0,0,0,0,0,0,0,0,0,0,1,0,1,0,0,0,0,1,0,0,0,0,0,0,0,0,0,0,0,0,0,0,0,0,0,0,0,0,0,0,0,0,0,0,0,0,0,0,0,0,0,0,0,0,1,0,0,0,0,0,0,0,1,0,0,0,0,0,0,0,0,0,0,0,0,0,0,0,0,0,0,0,0,0
0,0,1,0,0,0,0,0,0,0,0,0,0,0,0,0,1,0,0,0,0,0,0,0,0,0,0,0,0,1,0,1,0,0,2,0,0,0,0,0,0,0,0,0,0,0,0,0,0,1,0,0,0,1,0,0,1,1,0,0,0,0,0,0,0,0,0,1,0,0,0,0,0,0,0,0,0,0,0,0,0,0,0,0,0,0,0,0,1,0,0,0,0,0,0,0,0,0,1,0,0,0,0,0,0,0,0,0,0,0,0,0,1,1,0,1,0,1,0,0,0,0,0,0,0,0,1,0,0,0,0,0,0,0,0,0,0,0,0,0,0,1,0,0,0,0,0,0,0,0,0,0,0,0,0,0,0,0,0,0,0,0,0,0,0,0,0,1,0,0,0,0,0,0,1,0,0,0,0,0,1,1,0,0,0,0,0,1,0,0,0,0,0,0,0,0,0,0,0,0,0,0,0,0,0,0,0,0,0,0,0,0,0,0,0,0,0,0,0,0,0,0,0,0,0,0,0,0,0,0,1,0,1,0,0,0,0,0,0,0,0,1,3,0,0,0,0,0,0,0,0,1,1,0,0,0
0,0,1,0,0,0,0,0,0,0,1,0,2,0,0,0,0,1,0,0,0,0,0,0,0,0,0,1,0,0,0,0,0,0,0,0,0,0,0,0,1,0,0,0,0,0,0,0,0,0,0,0,0,0,0,0,0,0,0,0,1,0,1,0,0,0,0,0,0,0,0,0,0,0,0,0,0,0,0,0,0,0,0,0,0,0,0,0,1,0,1,1,0,0,0,0,0,0,0,0,0,0,0,0,0,0,0,0,0,0,0,0,0,0,0,0,0,0,0,0,0,0,0,0,0,0,0,0,0,0,1,0,0,0,0,0,0,0,0,0,0,0,0,0,0,0,1,0,0,0,0,0,0,1,0,0,0,0,1,0,0,0,0,1,0,0,0,0,0,0,0,0,0,0,0,0,0,0,0,0,0,0,1,0,1,0,0,0,0,0,0,0,0,0,0,0,0,0,0,0,0,0,0,0,0,0,0,0,0,0,0,0,0,0,0,0,0,0,0,0,0,0,0,0,0,1,1,0,0,0,0,0,0,1,1,0,1,0,0,0,0,0,0,0,0,0,0,0,0,0,0,0,0,0,0,0
0,0,0,0,0,0,0,0,0,0,0,0,0,0,0,0,0,0,0,0,0,0,0,0,0,0,0,0,0,0,0,0,0,0,2,0,0,0,0,0,0,0,0,0,0,0,0,0,0,1,0,0,0,0,0,0,0,0,0,0,0,0,1,0,0,0,0,0,0,1,0,0,0,0,0,0,0,0,0,0,0,0,0,0,0,0,0,1,1,0,0,0,0,1,0,0,0,0,0,0,1,0,0,1,0,0,0,0,0,1,1,0,1,1,0,0,0,1,0,0,0,0,1,0,1,0,0,0,0,1,0,0,0,0,0,0,0,0,0,0,0,0,0,0,0,0,0,0,0,0,0,0,0,0,0,0,0,0,0,0,0,0,0,0,0,0,0,0,0,0,0,0,0,0,1,0,0,0,0,0,1,0,0,0,0,0,0,0,0,0,0,0,0,0,0,0,0,0,0,0,0,0,0,0,0,0,0,0,0,0,0,0,0,0,0,0,0,0,0,0,0,0,0,0,1,0,0,0,0,0,0,0,1,0,0,0,0,0,0,1,0,1,1,1,0,0,0,0,1,0,0,1,0,1,2,1
0,0,1,0,2,0,0,0,0,0,1,0,3,0,0,1,0,1,0,0,0,0,0,0,0,0,0,0,1,0,0,0,0,0,0,0,0,0,0,0,0,0,0,0,0,0,0,0,0,0,0,0,0,0,0,0,0,0,0,0,1,0,0,0,0,0,0,0,0,0,0,0,0,0,0,0,0,0,0,0,0,0,0,0,0,0,0,1,0,0,0,0,0,1,1,0,0,0,0,0,0,0,0,0,0,0,0,0,0,0,0,0,0,0,0,0,0,0,0,0,0,0,0,0,0,0,0,0,0,0,0,0,0,0,0,0,0,0,0,1,0,0,0,0,0,0,1,0,0,0,0,0,0,1,0,0,0,0,1,0,0,0,0,1,0,0,0,0,0,0,0,1,0,0,0,0,0,0,1,1,0,1,1,0,1,0,0,0,0,0,0,0,0,0,1,0,0,0,0,0,0,0,0,0,0,0,0,0,0,0,0,0,0,1,0,0,0,0,1,0,0,0,0,0,0,0,1,0,0,0,0,0,0,0,1,0,0,0,0,0,0,0,0,0,0,0,0,0,2,0,0,0,0,0,0,0
0,0,2,0,0,0,0,0,0,0,1,0,2,0,0,1,0,3,0,0,0,0,0,0,1,0,0,0,0,0,0,0,0,0,0,0,0,0,0,0,0,0,0,0,0,0,0,0,0,0,0,0,0,0,0,0,0,0,0,0,1,0,0,0,0,0,0,0,0,0,0,0,0,0,0,0,0,0,0,0,0,0,0,0,0,0,0,0,1,0,0,0,0,0,0,0,0,2,0,0,0,0,0,1,0,0,0,0,0,0,1,0,0,0,0,0,0,0,0,0,0,0,1,0,0,0,0,0,0,0,2,0,0,0,0,0,0,0,0,0,0,0,0,0,0,0,1,0,1,0,0,0,0,1,2,0,0,0,0,1,0,0,0,1,0,0,0,0,0,0,0,1,0,0,1,0,0,0,0,0,0,0,1,0,1,1,0,0,0,0,0,0,0,0,0,0,0,0,0,0,0,0,0,0,0,1,0,0,0,0,0,0,0,0,0,0,0,1,0,0,0,0,0,0,0,1,1,0,0,0,0,0,0,0,2,2,0,0,0,0,0,1,0,0,0,0,0,0,0,0,0,0,0,0,0,0
1,0,1,0,3,0,0,0,0,0,1,0,1,0,0,0,1,1,0,0,0,0,0,0,1,2,0,0,0,0,0,0,0,0,0,0,0,0,0,0,1,0,1,0,0,0,0,0,0,1,2,0,0,0,0,0,0,0,0,0,1,1,1,0,0,0,0,0,0,0,0,0,0,0,0,0,0,1,0,0,0,0,0,0,0,0,0,0,0,0,0,0,0,0,0,0,0,0,0,0,0,1,0,0,0,0,0,0,0,0,0,0,0,1,0,0,0,0,0,0,0,0,0,0,0,0,0,0,0,0,0,0,0,0,0,0,0,0,0,0,0,0,0,0,0,0,1,0,0,0,0,0,0,1,0,0,0,0,1,0,0,0,0,3,0,0,0,0,1,0,0,1,0,0,0,0,0,0,0,1,0,0,1,0,1,0,0,1,0,0,0,0,0,0,0,0,0,0,0,0,0,0,0,0,0,0,0,0,0,0,0,0,0,0,0,0,0,0,0,0,0,0,0,0,0,0,1,0,0,1,0,0,0,0,1,0,0,0,0,1,0,0,0,0,0,0,0,1,0,0,0,0,0,0,0,0
0,0,0,0,0,0,0,0,0,0,0,0,0,0,0,0,1,0,0,0,0,1,0,0,0,0,0,0,0,0,0,1,0,0,2,0,0,0,0,0,0,0,0,0,1,0,0,0,0,0,0,0,0,0,0,0,1,0,0,0,0,0,0,1,0,0,0,0,0,1,0,0,0,0,0,0,0,0,0,0,0,0,0,0,0,0,0,0,1,0,0,0,0,0,0,0,0,0,0,0,0,0,0,1,0,0,0,0,1,0,0,0,1,1,0,0,0,1,0,0,0,0,0,1,0,0,0,0,0,0,0,0,0,0,0,0,0,0,0,0,0,0,0,0,0,0,0,0,0,0,0,0,0,0,0,0,0,0,0,0,0,0,0,0,0,0,0,0,0,0,0,0,0,0,1,0,0,1,0,0,1,0,0,0,0,0,0,1,0,0,0,0,0,0,0,0,0,0,0,0,0,0,0,0,0,0,0,0,0,0,0,0,0,0,0,0,0,0,0,0,0,0,0,0,0,0,0,0,0,0,0,0,0,0,0,0,0,0,0,0,0,0,1,1,0,0,0,0,0,0,0,1,0,1,0,0
0,0,0,0,0,0,0,0,0,0,0,0,0,0,0,0,0,0,0,1,0,0,0,0,0,0,0,1,0,0,0,1,0,0,1,0,0,0,0,0,0,0,0,0,0,0,0,0,0,0,0,0,0,0,1,0,0,0,0,0,0,0,0,0,0,0,0,0,0,0,0,0,0,0,0,0,0,0,0,0,0,0,0,0,0,0,1,0,1,0,0,0,0,0,0,0,0,0,0,0,0,0,0,1,0,0,0,0,1,0,0,0,1,1,0,0,0,1,0,0,0,0,0,0,0,0,0,0,0,0,0,0,0,0,0,0,0,0,0,0,0,0,0,1,0,0,0,1,0,0,0,0,0,0,0,1,0,0,0,0,0,0,0,0,1,0,0,0,0,0,1,0,0,0,2,0,0,0,0,0,1,0,0,0,1,0,0,2,0,0,0,0,0,0,0,0,0,0,0,0,0,0,0,0,0,0,0,0,0,0,0,0,0,0,0,0,0,0,0,0,0,0,0,0,0,0,0,0,0,0,0,0,0,0,0,0,0,0,0,1,1,0,3,0,0,0,0,1,0,0,0,1,2,0,0,0
0,0,1,0,1,0,0,0,0,0,1,0,2,0,0,1,0,1,0,0,0,0,0,0,1,1,0,0,0,0,0,0,0,0,0,0,0,0,1,0,1,0,0,0,0,0,0,0,0,1,0,0,0,0,0,0,0,0,0,0,1,0,0,0,0,0,0,0,0,0,0,0,0,0,0,0,0,3,0,1,0,0,1,0,0,0,0,0,1,0,1,0,1,0,0,0,0,0,0,0,0,0,0,0,0,0,0,0,0,0,0,0,0,0,0,0,0,0,0,0,1,0,0,0,0,1,0,0,0,0,0,0,0,0,0,0,0,0,0,0,0,0,0,0,0,0,1,0,0,0,0,0,0,1,0,0,0,0,0,0,0,0,0,1,0,0,0,0,0,0,0,0,0,0,0,0,0,0,0,0,0,0,1,0,1,0,0,0,0,0,0,0,0,0,0,0,0,0,0,0,0,0,0,0,0,0,0,0,0,0,0,0,1,0,0,0,0,0,0,0,0,0,0,0,0,0,1,0,0,0,0,0,0,0,1,0,0,0,0,1,0,0,0,0,0,0,0,0,0,0,0,0,0,0,0,0
0,0,0,0,0,0,1,0,0,0,0,0,0,2,0,0,0,0,0,0,0,0,0,0,0,0,0,2,2,0,0,1,0,2,2,0,0,0,0,0,0,0,0,0,0,0,0,0,0,0,0,0,1,0,0,0,1,0,0,0,0,0,0,0,0,0,0,1,0,0,1,0,0,0,0,1,0,0,0,0,0,1,0,0,0,0,0,0,1,1,1,0,0,0,0,0,0,0,0,0,0,0,0,1,0,0,0,0,1,0,0,0,2,1,0,0,0,1,0,0,0,0,0,0,0,0,0,0,0,0,0,0,0,0,0,0,0,1,0,1,0,0,0,1,0,0,0,0,0,0,0,0,0,0,0,2,0,0,0,0,1,0,0,0,0,0,0,0,0,0,1,0,0,0,1,0,0,0,0,0,1,0,0,0,1,0,0,0,0,0,0,0,0,0,0,0,0,0,0,2,5,0,0,0,1,0,1,0,1,0,0,0,0,0,0,0,0,0,0,0,0,0,0,1,0,0,0,0,0,0,1,0,0,1,1,0,0,0,0,1,0,0,1,0,0,0,0,0,0,1,0,1,0,1,0,0
0,0,1,0,0,1,0,0,0,0,2,0,4,0,0,1,2,1,0,0,0,0,0,0,0,0,0,1,0,0,0,0,0,0,0,0,0,0,0,0,1,0,0,0,0,0,0,0,0,0,0,0,0,0,0,0,0,0,0,0,1,0,1,0,0,0,0,0,0,0,0,0,0,2,0,0,0,0,0,0,0,0,0,0,0,0,0,0,1,0,3,0,2,0,0,0,0,0,0,0,0,0,0,0,0,0,0,0,0,0,0,0,0,0,0,0,0,0,0,0,1,0,0,0,0,0,0,1,0,0,2,0,0,0,0,0,0,0,0,0,0,1,0,0,0,0,1,0,0,0,0,0,0,1,0,0,0,0,1,0,0,0,0,1,0,0,0,0,0,0,0,0,0,0,0,0,0,0,0,0,0,0,1,0,1,0,0,0,0,0,0,0,0,0,0,0,0,0,0,0,0,0,0,0,0,0,0,0,0,0,0,0,0,0,0,0,0,0,0,0,0,0,0,0,0,0,1,0,0,0,2,0,0,0,1,0,0,0,0,0,0,0,0,0,0,0,0,0,0,1,0,0,0,0,0,0
0,0,0,0,0,2,0,0,0,0,0,2,0,0,0,0,0,0,0,0,0,0,0,0,0,0,1,1,0,0,0,0,0,0,2,0,0,0,0,0,0,0,2,0,0,0,0,0,0,1,0,0,0,1,0,0,0,1,0,0,0,0,0,0,0,0,0,0,1,0,0,0,0,0,0,0,0,0,0,0,0,0,0,0,0,0,1,0,1,0,0,0,0,0,0,0,0,0,0,0,1,0,1,0,0,0,0,0,0,0,0,0,1,1,0,0,0,1,0,0,0,0,0,0,0,0,1,0,0,0,0,0,0,0,1,0,0,0,0,0,0,0,0,0,0,0,0,0,0,0,0,0,0,0,0,1,0,0,0,0,0,0,0,0,0,0,0,0,0,0,0,0,1,0,1,0,0,0,0,0,1,0,0,0,1,0,0,0,0,0,0,0,0,0,0,0,0,0,0,0,0,0,0,0,0,0,0,0,1,0,0,0,0,0,0,0,0,0,0,0,0,0,0,0,0,0,0,0,0,0,0,0,0,0,0,1,0,1,0,1,2,2,4,2,0,0,2,0,1,0,0,1,0,0,2,0
0,0,0,0,0,0,0,0,0,0,0,0,0,0,0,0,0,0,0,0,0,0,0,0,0,0,0,0,0,0,0,0,1,0,2,0,0,0,0,0,0,0,0,0,0,0,0,0,0,1,0,0,0,1,0,0,0,1,0,0,0,0,0,0,0,0,0,0,0,0,0,0,0,0,0,0,0,0,0,0,0,0,0,0,0,0,0,0,1,0,0,0,0,0,0,0,0,0,1,0,0,0,0,0,0,0,0,0,0,0,0,0,1,1,0,0,0,1,0,0,0,0,0,0,0,0,2,0,0,0,0,0,0,0,0,0,0,1,0,0,0,0,0,0,0,0,0,0,0,0,0,0,0,0,0,1,0,0,0,0,0,0,0,0,0,0,0,0,0,0,0,0,0,0,1,0,0,0,0,0,1,0,0,0,1,0,0,0,0,0,0,0,0,0,0,0,0,0,1,0,0,0,0,0,0,0,0,0,0,0,0,0,0,0,0,1,0,0,0,0,1,1,0,0,0,0,0,0,0,0,0,0,0,0,0,0,0,0,0,1,0,0,3,1,0,0,0,0,1,0,1,2,0,1,0,0
0,0,0,0,0,0,1,0,0,0,0,0,0,0,0,0,1,0,0,0,0,0,0,0,0,0,0,1,0,0,0,1,1,2,2,0,0,0,0,0,0,0,0,0,0,0,0,0,0,0,0,0,0,0,0,0,0,0,0,0,0,0,0,0,0,0,0,1,0,0,0,0,1,0,0,0,0,0,0,0,0,1,0,0,0,0,0,0,1,2,2,0,0,0,0,0,0,0,0,0,5,0,0,1,0,0,0,0,2,0,0,1,1,1,0,0,0,1,0,0,0,0,0,1,0,0,1,0,0,0,0,0,0,0,0,1,0,0,0,0,0,0,0,0,0,0,0,0,0,1,0,0,0,0,0,1,0,0,2,0,0,0,0,0,0,1,0,4,0,0,0,0,0,0,1,0,0,1,0,0,1,0,0,0,0,0,0,1,0,0,0,0,0,0,0,0,0,0,0,0,0,0,0,0,0,0,0,0,0,0,0,0,0,0,0,0,0,1,1,0,0,0,0,0,0,0,0,0,0,0,0,0,0,0,1,0,0,0,0,0,0,2,3,0,0,0,0,0,0,0,0,1,0,1,1,0
0,0,0,0,0,0,0,0,0,0,0,1,0,0,0,1,0,0,0,0,0,0,0,0,0,0,0,0,0,0,0,0,1,0,2,0,0,0,0,0,0,0,0,0,0,0,0,0,0,1,0,0,0,1,0,0,1,0,0,0,0,0,1,0,0,0,0,0,0,0,0,0,0,0,0,0,0,0,0,0,0,0,0,0,0,0,0,0,1,0,0,0,0,0,0,0,0,0,0,0,1,0,0,0,0,0,0,0,0,0,0,0,1,1,0,1,0,1,0,0,0,0,0,0,0,0,0,0,0,0,0,0,0,0,0,1,0,0,0,0,0,0,0,1,0,0,0,0,0,0,0,0,0,0,0,1,0,0,1,0,0,0,0,0,0,0,0,0,0,0,0,0,0,0,1,0,0,0,0,0,1,0,0,0,1,0,0,1,0,0,0,0,1,0,0,0,0,0,2,0,0,0,0,0,0,0,0,0,0,0,0,0,0,0,0,0,0,0,0,0,0,0,0,0,0,0,0,0,0,0,0,0,0,0,0,0,0,0,0,1,0,0,1,1,0,0,0,0,0,0,0,1,0,1,1,0
0,0,1,0,2,0,0,0,0,2,1,0,1,0,0,1,0,1,0,0,0,0,0,0,0,0,0,0,0,0,1,0,2,0,0,0,0,0,0,0,1,1,0,0,0,0,0,0,0,0,0,1,0,0,0,0,0,0,0,0,2,0,1,0,0,0,0,0,0,0,0,0,1,0,0,0,0,0,0,0,0,0,0,0,0,0,0,0,1,0,0,0,0,0,0,0,0,1,0,0,0,0,0,0,0,0,0,1,0,1,0,0,0,4,0,0,0,0,0,0,0,1,0,0,0,0,0,0,0,0,0,0,0,0,0,0,0,0,0,1,0,0,0,0,0,0,1,0,0,0,0,0,0,1,0,1,0,0,0,0,0,0,0,2,0,0,0,0,0,0,0,0,0,0,0,0,0,0,0,2,0,0,1,0,1,1,0,0,0,0,1,0,0,0,0,0,0,0,0,0,0,0,0,0,0,0,0,0,0,0,0,0,0,0,0,0,0,0,0,0,0,0,0,0,0,1,2,0,0,0,1,0,0,0,1,1,0,0,0,0,0,2,0,0,0,0,0,0,0,0,0,0,0,0,0,0
0,0,0,0,0,0,0,0,0,0,0,0,0,0,0,0,0,0,0,0,0,0,0,0,0,0,0,0,0,0,0,1,0,0,1,0,0,0,0,0,0,0,0,0,0,0,0,0,0,0,1,1,0,1,0,0,0,0,0,0,0,0,0,0,0,0,0,0,0,0,0,0,0,0,0,0,0,0,0,0,0,0,0,0,0,0,1,0,1,0,0,0,0,0,0,0,0,0,0,0,0,0,0,1,0,0,0,0,1,0,0,0,1,1,0,0,0,1,0,0,0,0,0,0,0,0,0,0,0,0,0,0,0,0,0,0,0,0,0,0,0,0,0,0,0,0,0,0,0,0,0,0,0,0,0,0,0,0,0,0,0,0,0,0,0,0,0,0,0,0,0,0,0,0,1,0,0,0,0,0,1,0,0,1,1,0,0,1,0,0,0,1,0,0,0,0,0,0,0,0,0,0,0,0,0,0,0,0,1,0,0,0,0,0,0,0,0,0,0,0,0,0,0,0,0,0,0,0,1,0,0,0,0,0,0,0,0,0,0,0,0,0,2,1,0,0,0,0,0,0,0,1,0,0,0,0
0,0,1,0,1,0,0,0,0,0,1,0,2,0,0,1,0,1,0,0,0,0,0,0,1,0,0,0,0,0,0,0,0,0,0,0,0,0,0,0,0,0,0,0,0,0,0,0,0,0,0,0,0,0,0,0,0,0,0,0,1,0,0,0,0,0,0,0,0,0,0,0,0,0,0,0,0,0,0,0,0,0,0,0,0,0,0,0,0,0,0,0,0,0,0,0,0,0,0,0,0,0,0,0,0,0,0,0,0,0,0,0,0,0,0,0,0,0,0,0,0,0,0,0,0,0,0,0,0,0,1,0,0,0,0,0,0,0,0,0,0,0,0,0,0,0,1,0,1,0,0,0,0,1,1,1,0,0,0,0,0,0,0,1,0,0,0,1,0,0,0,0,0,0,0,0,0,0,0,1,0,0,1,0,1,1,0,0,0,0,0,0,0,0,0,0,0,0,0,0,0,0,0,0,0,0,0,0,0,0,0,0,0,0,0,0,0,0,0,0,0,0,0,0,0,0,1,0,0,0,1,0,0,0,1,0,0,0,0,0,0,0,0,0,0,0,0,0,0,0,0,0,0,0,0,0
0,1,1,0,0,1,0,0,0,1,1,0,0,1,0,0,0,0,0,0,0,2,0,0,0,0,1,1,0,1,0,1,0,0,2,0,0,0,0,0,0,0,0,0,0,0,0,0,0,0,0,1,0,2,0,0,0,1,0,0,0,0,0,1,1,0,0,0,0,0,0,0,0,0,0,0,0,0,0,2,0,0,0,0,0,0,1,0,2,0,0,0,0,0,0,0,0,0,0,0,0,0,0,1,0,0,0,0,2,0,0,0,1,1,0,0,1,1,0,0,0,0,0,0,0,0,0,0,0,0,0,0,0,0,1,0,0,1,0,0,0,0,0,0,0,0,0,0,0,0,0,0,0,0,0,0,0,0,0,0,0,0,0,0,0,1,0,0,0,0,0,0,0,0,1,0,0,0,0,0,1,0,0,0,1,0,1,1,0,0,0,0,0,0,0,0,0,0,0,0,0,0,0,0,0,0,0,0,0,0,0,0,0,0,0,0,0,0,0,0,0,0,0,0,0,0,0,0,1,0,0,1,0,0,0,0,0,0,0,1,0,1,1,0,0,0,0,0,0,0,0,1,1,1,0,0
0,0,0,0,0,0,0,0,0,0,0,0,0,0,0,0,1,0,0,0,0,0,0,0,0,0,0,0,0,0,0,1,0,0,2,0,0,0,0,0,0,0,0,0,0,0,0,0,0,0,0,0,0,0,1,0,0,0,0,0,0,0,0,0,0,0,0,0,0,0,0,0,0,0,0,0,0,0,0,0,0,0,0,0,0,0,0,0,1,0,0,0,0,0,0,0,0,0,0,0,0,0,0,0,0,0,0,0,1,0,0,0,1,1,0,0,0,1,0,0,0,0,0,1,0,0,0,0,0,0,0,0,0,0,0,0,0,0,0,0,0,0,0,0,0,0,3,1,0,0,0,0,0,0,0,0,0,0,0,0,0,0,0,0,0,0,0,0,0,0,0,0,0,0,1,0,0,0,0,0,1,0,0,0,0,0,0,0,0,0,0,0,0,0,0,0,0,0,0,0,0,2,0,0,0,0,1,0,1,0,0,0,0,0,0,1,0,0,0,0,0,0,0,0,0,0,0,0,0,1,0,0,0,0,0,0,0,0,1,0,0,0,3,1,0,0,0,0,0,2,0,1,0,1,0,0
0,1,0,0,0,0,0,0,0,0,1,0,1,0,0,0,1,0,0,0,0,0,0,0,0,0,0,0,1,0,0,0,0,0,0,0,0,0,0,1,0,0,0,0,0,0,0,0,0,0,0,0,0,0,0,0,0,0,0,0,0,0,0,1,0,0,0,0,0,0,0,0,0,0,0,0,0,0,0,0,0,0,0,0,0,0,0,0,0,0,0,0,0,0,0,1,0,1,0,1,0,0,0,0,0,0,0,0,0,0,0,0,0,0,0,0,0,0,0,0,0,0,0,0,0,0,0,0,0,1,0,0,0,0,0,0,0,0,0,0,0,0,0,0,0,0,0,0,0,0,0,0,0,0,0,0,1,0,0,0,0,0,0,0,0,1,0,1,0,0,0,0,0,0,0,0,1,0,0,0,1,0,0,0,1,0,0,0,0,0,1,0,0,0,1,0,0,0,1,0,0,0,0,0,0,0,0,0,0,0,0,0,0,0,0,0,1,0,0,0,0,1,0,0,0,0,0,1,0,0,0,0,0,0,0,0,0,0,0,0,0,0,1,0,0,0,0,0,0,0,0,0,0,0,0,0
0,0,0,0,0,0,0,0,0,0,0,0,0,0,0,0,1,0,0,0,0,0,0,0,0,0,0,0,0,0,0,1,0,1,3,0,0,1,0,0,0,0,2,0,0,0,0,0,0,1,0,0,0,0,0,1,0,0,0,0,0,0,0,0,0,0,0,0,0,0,0,0,0,0,0,0,0,0,0,0,0,1,0,0,0,0,0,0,1,1,1,0,0,0,0,0,0,0,1,0,0,0,0,0,0,0,0,0,0,0,2,0,1,1,0,0,0,1,0,0,0,0,0,0,0,0,0,0,0,0,0,2,0,0,0,0,0,0,0,0,0,0,0,0,0,0,0,0,0,0,0,0,0,0,0,1,0,0,0,0,0,0,0,0,0,0,0,0,0,0,0,0,0,0,1,0,0,1,0,0,1,0,0,0,0,0,0,1,0,0,0,1,0,0,0,0,0,0,1,0,0,0,0,0,0,0,0,0,0,0,0,0,0,0,1,0,0,0,0,0,0,0,0,0,1,0,0,0,0,0,0,0,0,1,0,0,0,0,0,0,0,2,1,2,0,0,0,0,0,0,0,1,0,1,0,0
0,0,0,0,0,0,0,0,0,0,0,0,0,0,0,0,1,0,0,0,0,0,0,0,0,0,0,0,0,0,0,1,0,0,1,0,0,0,0,0,0,0,0,0,0,0,0,0,0,0,0,0,0,1,0,0,1,0,0,0,0,0,0,0,0,0,0,0,1,0,1,0,0,0,0,0,0,0,0,0,0,0,0,2,0,0,0,0,1,0,0,0,0,0,0,0,0,0,0,2,0,0,0,1,0,0,0,0,1,0,0,0,3,1,0,0,0,1,0,0,0,0,0,0,0,0,0,0,0,0,0,0,0,0,0,0,0,1,0,0,0,0,0,0,0,0,0,0,0,1,0,0,0,0,0,0,0,0,0,0,0,0,0,0,1,0,0,1,0,0,0,2,0,0,1,0,0,0,0,0,1,0,0,0,0,0,0,0,0,0,0,0,0,0,0,0,1,0,0,0,0,0,0,0,0,0,0,0,0,0,1,0,0,0,0,0,0,0,0,0,0,0,0,0,0,0,0,0,0,0,0,0,0,0,0,0,0,0,0,0,0,0,1,1,0,0,0,0,0,0,0,1,0,0,0,0
0,0,0,0,0,0,0,0,0,0,0,0,0,0,1,0,0,0,0,0,0,0,0,0,0,0,0,2,0,0,0,0,0,0,0,2,0,0,0,1,0,0,0,0,0,0,0,0,0,0,0,0,0,0,0,0,0,0,0,0,0,0,0,0,0,0,0,0,1,0,0,0,0,0,0,0,0,0,0,0,0,0,0,0,0,0,0,0,0,0,0,0,0,0,0,0,0,0,0,0,3,0,0,0,0,0,0,0,0,0,0,0,0,0,0,1,0,0,0,0,0,0,0,1,1,0,0,0,1,0,0,0,0,0,0,0,0,0,1,0,0,0,0,0,0,0,1,0,0,0,0,0,0,0,0,1,0,0,0,1,0,0,0,0,1,2,1,0,0,0,0,0,0,0,1,0,0,0,0,0,0,0,0,0,1,0,0,0,1,1,0,0,1,2,0,0,1,0,0,0,1,0,0,0,0,0,0,0,0,0,1,0,0,1,0,1,0,0,0,0,0,0,0,0,0,0,0,0,0,0,0,0,1,1,0,0,0,0,0,0,0,0,0,0,0,0,1,0,1,0,0,0,1,0,1,0
0,0,0,0,0,0,0,0,0,0,0,0,0,0,0,0,0,0,0,0,0,0,0,0,0,0,0,0,0,0,0,0,0,0,2,0,0,0,0,0,0,0,0,0,0,0,0,0,0,0,0,0,0,1,0,0,0,0,0,1,0,0,0,0,0,0,0,0,0,0,0,0,0,0,0,0,0,0,0,0,0,0,0,0,0,0,1,0,1,0,0,0,0,0,0,0,0,0,0,0,0,0,0,0,0,0,0,0,0,0,0,0,1,1,0,0,0,1,0,0,0,0,0,0,0,0,0,0,0,0,0,1,0,0,0,0,0,0,0,0,0,0,0,0,0,0,0,0,0,0,0,0,1,0,0,0,0,0,0,0,0,0,0,0,0,0,0,0,0,0,0,0,0,0,1,0,0,0,0,0,1,0,0,0,1,0,0,0,0,0,0,0,0,0,0,0,0,0,1,0,0,0,0,1,0,0,0,0,0,0,0,0,0,0,0,0,0,0,0,0,0,0,0,0,0,0,0,0,0,0,0,0,0,0,0,0,0,1,0,0,0,2,1,1,0,0,0,0,1,0,0,1,0,0,1,0
0,0,0,0,0,0,0,0,1,1,1,0,0,0,0,0,0,0,0,0,0,0,0,1,0,0,0,0,0,0,0,0,0,0,0,1,0,0,0,0,0,0,0,0,0,0,0,0,0,0,0,0,0,0,0,0,0,0,0,0,0,0,0,0,1,0,0,0,0,0,0,0,2,0,0,0,1,0,1,0,0,0,0,0,0,0,0,0,1,0,0,0,0,0,0,0,1,0,0,0,0,0,0,0,0,0,0,0,0,0,0,0,0,0,0,1,0,0,0,0,0,0,0,0,0,0,0,0,0,0,0,0,0,0,0,0,0,0,0,0,0,1,0,0,0,0,0,0,0,0,0,0,0,0,0,0,0,0,0,0,0,1,0,0,0,0,0,0,0,0,0,0,0,0,0,0,0,0,0,0,0,0,0,0,0,1,0,0,0,0,1,1,1,1,0,1,0,0,0,0,1,0,0,0,0,0,0,0,0,0,0,0,1,0,0,0,0,0,0,0,0,0,0,1,0,0,0,0,1,1,0,1,0,1,1,0,0,1,0,0,0,0,0,0,0,1,0,0,0,0,0,0,0,0,0,1
0,0,0,0,1,0,0,0,1,1,1,0,0,0,0,0,1,0,0,0,0,0,0,0,0,0,0,0,0,1,0,0,0,0,0,1,0,0,0,1,0,0,0,0,0,0,0,1,1,1,2,0,0,0,2,0,0,0,0,0,0,0,1,1,0,0,0,0,1,0,0,0,3,0,0,0,0,0,0,0,1,0,0,0,0,0,0,0,0,0,0,0,0,0,0,1,0,0,1,1,0,0,1,0,0,0,0,0,0,0,0,0,0,0,0,0,0,1,0,0,0,0,0,0,0,1,0,0,0,0,0,0,1,0,0,0,0,0,3,0,0,0,1,0,0,0,0,0,0,0,1,0,1,0,0,0,0,0,0,0,0,0,1,0,0,0,2,0,0,0,2,0,0,0,0,0,1,0,0,0,0,0,0,0,0,1,0,1,0,0,1,1,0,1,0,0,1,0,0,0,1,1,0,0,0,0,0,0,0,0,0,0,1,0,0,0,0,0,0,0,0,0,0,1,0,1,0,0,0,1,0,1,0,1,0,0,0,0,0,0,0,0,0,0,0,0,0,0,0,0,0,0,0,0,0,1
0,0,2,0,0,1,0,0,0,0,0,0,0,1,0,0,0,0,0,0,0,0,0,0,0,0,0,1,0,0,0,1,0,0,1,0,0,0,0,0,0,0,0,0,0,0,0,0,0,0,0,3,0,1,0,0,0,1,0,0,0,0,0,0,0,0,0,0,0,0,0,0,1,0,0,0,0,0,0,0,0,0,0,0,0,0,0,0,1,0,0,0,0,0,0,0,0,0,0,0,0,0,0,0,0,0,0,0,1,0,0,0,2,1,0,2,0,1,0,0,0,0,0,1,0,0,4,0,0,0,0,1,0,0,0,0,0,0,0,0,0,0,0,0,1,0,1,0,0,0,0,0,0,0,0,0,0,0,0,0,0,0,0,0,0,0,1,0,0,1,0,0,1,0,2,1,0,0,0,0,1,0,0,0,1,0,0,0,0,0,0,0,0,0,0,0,0,0,1,0,0,0,0,0,0,0,0,0,0,0,0,0,0,0,0,0,0,0,0,0,0,0,0,0,0,0,0,0,1,0,0,0,0,0,0,1,0,0,0,0,2,0,5,0,0,0,0,0,0,0,0,1,0,0,0,0
0,0,1,0,1,0,0,0,1,0,1,0,1,0,0,0,0,1,0,0,0,0,0,0,1,1,0,0,0,0,1,0,0,0,0,0,0,0,0,0,1,0,0,0,0,0,0,0,0,0,0,0,0,0,0,0,0,0,0,0,1,0,1,0,0,0,0,0,0,0,0,0,0,0,0,0,0,0,0,0,0,0,0,0,0,0,0,0,0,0,0,0,0,0,0,0,0,0,0,0,0,0,0,0,0,0,0,0,0,0,0,0,0,0,0,0,0,0,0,0,0,0,0,0,0,0,0,0,0,0,0,1,0,0,0,0,0,0,0,0,0,0,0,0,0,0,1,0,0,0,0,0,0,1,0,0,0,0,1,0,0,1,0,1,0,0,0,0,0,0,0,0,0,0,0,0,0,0,0,0,0,0,1,0,1,0,0,0,1,0,0,0,0,0,0,0,0,0,0,0,0,0,0,0,0,0,0,0,0,0,0,0,0,0,0,0,0,0,0,0,0,0,0,0,0,0,1,0,0,0,0,0,0,0,1,0,0,0,0,0,0,0,0,0,0,0,1,0,0,0,0,0,0,0,0,0
0,0,1,0,1,0,0,1,0,1,1,0,1,0,0,1,0,1,0,0,0,0,0,0,0,0,0,0,0,0,0,0,0,0,0,0,0,0,0,0,1,0,0,0,0,0,0,0,0,0,0,0,0,0,0,0,0,0,0,0,1,0,1,0,0,0,0,0,0,0,0,0,0,0,0,0,0,0,0,0,0,0,0,0,0,0,0,0,0,0,0,0,0,0,0,0,0,0,0,0,0,0,0,0,0,0,0,0,0,0,0,0,0,1,0,0,0,0,0,0,0,0,0,0,0,0,0,0,0,0,0,0,0,0,0,0,0,0,0,0,0,0,0,0,0,0,1,0,0,0,0,0,0,1,0,0,0,0,1,0,0,0,0,1,0,0,0,0,0,0,0,0,0,0,0,0,0,0,0,0,0,0,1,0,1,0,0,0,0,0,0,0,0,0,1,0,0,0,0,0,0,0,0,0,0,0,0,0,0,0,0,0,0,0,0,0,0,0,0,0,0,0,0,1,0,0,1,0,0,0,0,0,0,0,1,1,0,0,0,0,0,0,1,0,0,0,0,0,0,0,0,0,0,0,0,0
0,0,1,0,1,0,0,0,0,0,1,0,1,0,0,0,0,1,0,0,0,0,0,0,0,1,0,0,0,0,0,0,0,0,0,0,0,0,0,0,1,0,0,0,1,0,0,0,0,0,1,0,0,0,0,0,0,0,0,0,1,0,1,0,0,0,1,0,0,0,0,0,0,0,0,1,0,0,0,0,0,1,0,0,0,0,0,0,1,0,0,0,0,0,0,0,0,1,0,0,0,0,1,0,0,0,0,0,0,0,1,0,0,2,0,0,0,0,0,0,1,0,0,0,0,0,0,0,0,0,1,2,0,0,0,0,0,0,0,0,0,0,0,0,0,0,1,0,0,0,0,0,0,1,0,0,0,0,1,0,0,0,0,1,0,0,0,0,0,0,0,0,0,0,0,0,0,0,0,0,0,0,1,0,1,0,0,0,0,0,0,0,0,0,0,0,0,0,0,0,0,0,0,0,0,0,0,0,0,0,0,0,0,0,0,0,0,0,0,0,0,0,0,0,0,0,1,0,0,0,0,0,0,0,1,0,0,0,0,0,0,0,0,0,0,0,0,0,0,0,0,0,0,0,0,0
0,0,1,0,0,0,0,0,0,0,1,0,1,0,0,0,0,1,0,0,0,0,0,0,0,1,0,0,0,0,0,0,0,0,0,0,0,0,0,0,1,0,0,0,0,0,0,0,0,0,1,0,0,0,0,0,0,0,0,0,1,0,1,0,0,0,1,0,0,0,0,0,0,0,1,0,0,0,0,0,0,0,0,0,0,0,1,0,0,0,0,0,0,0,0,0,1,0,0,0,0,1,0,0,0,0,0,0,0,0,0,0,0,1,0,0,0,0,0,0,0,0,0,1,0,0,0,0,0,0,1,0,0,0,0,0,0,0,0,0,0,0,0,0,0,0,1,0,0,0,0,1,0,1,0,0,0,0,1,0,0,0,0,2,0,0,2,0,0,0,0,0,0,0,0,0,0,0,0,1,0,1,1,0,1,0,0,0,0,0,0,0,0,0,0,0,0,0,0,0,0,0,0,0,0,0,0,0,0,0,0,0,0,0,0,0,0,0,0,0,0,0,0,0,0,0,1,0,0,0,0,0,0,0,1,0,0,0,0,0,0,0,0,0,0,0,0,0,0,0,1,0,0,0,0,0
0,0,1,0,1,0,0,0,0,0,1,0,0,0,0,0,1,1,0,0,0,0,0,0,0,0,0,0,0,0,0,1,0,0,3,0,1,0,0,0,0,0,0,0,0,0,0,0,0,0,0,0,0,0,0,0,0,0,0,0,1,1,0,0,0,0,0,0,0,0,0,0,0,0,0,0,0,0,0,0,0,0,0,0,0,0,1,0,2,0,0,0,0,0,0,0,0,0,0,0,0,1,1,1,0,0,0,0,0,0,0,0,2,1,0,0,0,1,0,0,0,0,0,1,0,0,0,0,0,0,0,0,0,0,0,0,0,0,0,0,0,0,0,0,0,0,0,0,0,0,0,0,0,0,0,0,0,0,0,0,0,0,0,0,0,0,0,0,0,0,0,0,0,0,1,0,0,0,0,0,1,0,0,0,0,1,1,0,0,0,0,0,0,0,0,0,0,0,0,0,1,0,0,0,0,0,0,0,1,0,0,0,1,0,0,0,0,0,0,0,0,0,0,0,0,0,0,0,3,0,0,0,0,0,2,0,0,0,0,0,0,0,1,0,1,0,1,0,0,0,0,1,0,1,0,0
0,0,0,0,0,0,0,1,0,0,0,0,1,0,0,0,0,0,0,1,0,0,0,0,0,1,1,0,0,1,0,1,2,0,2,0,0,0,0,0,0,0,0,0,0,0,0,0,0,0,0,0,0,1,0,0,0,2,0,0,0,0,0,0,0,0,0,0,0,0,0,0,0,0,0,0,0,0,0,0,0,0,0,0,0,0,0,0,0,0,0,0,0,0,0,0,0,0,0,0,0,0,0,0,0,0,0,0,0,0,0,0,1,1,0,0,0,1,0,0,0,0,0,0,0,0,2,0,0,0,0,0,0,0,0,0,0,0,0,0,0,0,0,0,0,0,0,0,0,0,0,0,0,0,0,0,0,0,0,0,0,0,0,0,0,0,0,0,0,0,0,0,1,0,1,0,0,0,0,0,1,0,0,0,1,0,0,1,0,0,0,0,0,0,0,0,0,0,1,0,0,0,0,0,0,0,0,0,0,0,0,0,0,0,0,0,0,0,0,0,0,0,0,0,0,0,1,0,0,0,0,0,0,0,0,0,0,0,0,0,0,1,1,1,0,0,1,0,1,0,0,1,0,0,0,0
0,1,0,0,0,0,0,0,0,0,0,0,0,0,0,0,1,0,0,0,0,0,0,0,0,0,0,0,0,0,0,1,0,0,3,0,0,0,0,0,0,0,0,0,0,0,0,0,0,0,0,0,0,0,0,0,0,2,0,0,0,0,0,0,0,0,0,0,0,0,0,0,0,0,0,0,0,0,0,0,0,0,0,0,0,0,1,0,2,0,0,0,0,0,0,0,0,0,0,0,0,0,0,1,0,0,0,0,1,0,0,0,1,1,0,0,0,1,0,0,0,0,0,0,0,0,0,0,0,0,0,0,0,1,1,0,0,0,0,0,0,0,0,0,0,0,0,0,0,0,1,0,1,0,0,0,0,0,0,0,0,0,0,0,0,0,0,0,0,0,0,0,0,0,1,0,0,0,0,0,1,0,0,0,0,0,0,0,0,0,0,0,0,0,0,0,0,0,0,0,0,0,1,0,0,0,0,0,0,0,0,0,0,0,0,2,0,0,0,0,2,0,0,0,0,0,0,0,0,0,0,0,0,0,0,0,0,0,0,0,0,0,1,0,0,0,0,0,0,0,0,1,0,1,1,1
0,0,0,0,0,0,0,0,0,0,0,0,0,0,0,2,0,1,0,0,0,0,0,0,0,0,0,1,0,0,0,1,1,0,1,0,0,0,0,0,0,0,2,0,0,0,0,0,0,0,0,0,0,0,0,0,0,3,0,0,0,0,0,0,0,0,0,0,0,0,0,0,0,0,0,0,0,0,0,0,0,1,0,0,0,0,0,0,1,0,0,0,0,0,0,0,0,0,0,0,0,0,0,1,0,0,0,0,1,0,0,0,1,1,0,0,0,1,0,0,0,0,0,1,0,0,0,0,0,0,0,0,0,0,0,0,0,0,0,0,0,0,0,0,0,0,0,0,0,0,0,0,0,0,0,0,0,0,0,0,0,0,0,0,0,0,0,0,0,0,0,0,0,2,1,0,1,0,0,0,1,0,0,0,1,0,0,3,0,0,0,0,1,0,0,0,1,0,1,0,1,0,0,0,0,0,0,1,0,0,0,0,0,0,0,0,0,0,0,0,0,0,0,0,0,0,0,0,0,0,0,0,0,0,0,0,0,0,0,1,0,1,1,1,0,0,0,0,0,0,0,1,1,0,0,0
0,0,0,0,0,0,0,0,0,0,0,0,0,0,0,0,0,0,0,0,0,0,0,0,0,0,0,1,0,0,0,0,1,0,2,0,0,0,0,0,0,0,0,0,0,0,0,0,0,0,0,0,0,0,0,0,0,0,0,0,0,0,0,0,0,0,1,0,0,0,0,0,0,0,0,0,0,0,0,0,0,1,0,0,0,0,2,0,1,0,1,0,0,0,0,0,0,0,0,0,1,0,0,0,0,0,0,0,1,0,0,0,1,1,0,0,0,1,0,0,0,0,0,0,0,0,0,0,0,0,0,0,0,0,0,0,0,0,0,0,0,0,0,1,0,0,0,0,0,0,0,0,0,0,0,1,0,0,0,0,0,0,0,0,0,0,0,0,0,0,0,0,0,0,1,0,0,1,0,0,1,0,0,0,1,1,0,0,0,0,0,0,2,0,0,0,0,0,1,0,2,0,0,0,0,0,0,0,0,0,4,0,0,0,0,0,0,0,0,0,0,0,0,0,0,0,0,0,0,0,0,1,0,0,1,0,0,0,0,0,0,0,2,1,0,0,0,0,1,1,0,1,0,1,0,0
0,0,2,0,0,0,0,0,0,0,0,0,1,0,0,0,0,1,0,0,0,0,0,0,0,0,0,0,0,0,0,2,0,0,1,0,0,0,0,0,0,0,0,0,0,0,0,0,1,0,0,0,0,0,1,0,0,0,0,0,0,0,0,0,0,0,0,0,0,0,0,0,0,0,0,0,0,1,0,0,0,0,0,0,0,0,0,0,0,0,0,0,0,0,0,0,0,0,0,0,0,0,0,1,0,0,0,0,1,0,0,0,0,0,0,0,0,0,0,0,1,0,0,0,0,0,0,0,0,0,0,0,0,0,0,0,0,0,0,0,0,0,0,0,0,0,1,0,0,0,0,0,0,0,0,0,0,0,0,0,0,0,0,0,0,0,0,0,0,0,0,0,0,0,0,0,0,0,0,0,1,0,1,0,2,0,0,0,0,0,0,0,0,0,0,0,0,0,0,0,0,0,0,0,0,0,0,0,0,0,0,0,0,0,0,0,0,0,0,0,0,0,0,0,0,0,1,0,0,0,1,0,0,0,1,0,0,0,0,0,0,0,0,1,0,0,0,0,0,0,0,0,0,1,1,0
0,0,0,0,0,0,0,0,0,0,0,0,0,1,0,0,1,0,0,0,0,0,0,0,0,0,0,0,0,0,0,1,0,0,1,0,0,0,0,0,0,0,0,0,0,0,0,0,2,0,0,0,0,0,0,0,0,1,0,0,0,0,0,0,0,0,0,1,0,0,0,0,0,0,0,0,0,0,0,0,0,0,0,1,0,0,0,0,1,0,0,0,0,0,0,0,0,0,0,0,2,0,0,1,0,0,0,0,1,1,0,0,1,1,0,1,0,1,0,0,0,0,0,0,0,0,0,0,0,0,0,0,0,0,0,0,0,0,0,0,0,0,0,0,0,0,0,0,0,0,0,0,0,0,0,0,1,0,0,0,0,0,0,0,0,0,0,0,0,0,0,0,0,0,1,0,0,0,0,0,1,0,0,0,0,0,0,0,0,0,0,0,0,0,0,0,1,0,0,0,0,0,0,0,0,0,1,0,1,0,0,0,0,0,0,0,0,1,0,0,0,1,0,0,0,0,0,0,0,0,0,0,0,0,0,0,0,0,0,0,1,0,2,0,0,0,0,0,0,0,0,1,0,1,0,0
1,0,0,0,0,0,0,0,0,0,0,0,1,0,0,1,1,1,0,0,0,0,0,0,0,0,0,1,0,0,0,1,0,0,2,0,0,0,0,0,1,0,0,0,0,1,0,0,0,0,0,0,0,1,0,0,2,0,0,0,0,0,0,0,0,0,0,0,0,0,0,0,0,0,0,0,0,1,0,0,0,0,4,1,0,0,0,0,1,1,0,0,0,0,0,0,0,0,0,0,0,0,1,1,0,0,0,0,1,0,0,0,0,3,0,0,0,1,0,0,0,0,1,0,0,1,0,0,0,0,0,0,0,0,0,0,0,0,0,1,0,0,0,0,0,0,1,0,0,0,0,0,0,0,0,0,0,0,0,0,0,0,0,1,0,0,0,0,0,0,0,0,0,1,0,0,0,0,0,0,1,0,0,0,0,0,0,3,0,0,0,0,1,1,0,0,0,0,1,0,1,0,1,0,0,0,0,0,0,0,4,0,0,0,0,0,0,0,0,0,0,0,0,0,0,0,0,0,0,0,0,0,0,0,1,0,0,0,0,0,0,0,3,0,0,0,0,0,0,2,0,1,0,1,0,0
0,0,1,0,0,0,0,0,0,0,0,0,0,0,0,0,1,0,0,0,0,0,0,0,0,0,0,0,0,0,0,1,0,0,1,0,0,0,0,0,0,0,0,0,0,0,0,0,0,2,0,0,0,1,1,0,0,0,0,0,0,0,0,0,0,0,0,0,0,0,0,0,0,0,0,0,0,0,0,0,0,0,0,0,0,0,0,0,1,0,0,0,0,0,0,0,0,0,0,0,0,0,0,1,0,0,0,0,0,0,0,0,1,1,0,0,0,1,0,0,0,0,0,1,0,0,0,0,0,0,0,0,0,0,0,0,0,0,0,0,0,0,0,0,0,0,0,0,0,0,0,0,0,0,0,0,0,0,0,0,0,0,0,0,0,0,0,0,0,0,0,0,1,0,1,0,0,0,0,0,1,0,0,0,0,0,0,0,0,0,0,0,0,0,0,0,0,0,0,0,0,0,0,0,0,0,0,0,0,0,0,0,0,0,0,0,0,0,0,0,0,0,0,0,0,0,0,0,0,0,0,0,0,0,0,0,0,0,0,1,0,0,2,0,0,0,0,0,0,0,0,1,0,2,0,1
0,0,1,0,0,0,0,0,0,0,0,0,0,0,0,0,0,0,0,1,0,0,0,0,0,0,0,1,0,0,0,1,1,0,1,0,0,0,0,0,0,0,0,0,0,0,0,0,0,1,0,0,0,1,1,0,0,0,0,0,0,0,0,0,0,0,0,0,0,0,0,0,0,0,0,0,0,0,0,0,0,0,0,0,0,0,1,0,1,0,0,0,0,0,0,0,0,0,1,0,0,0,0,1,0,0,0,0,0,0,0,0,1,1,0,2,0,1,0,0,0,0,0,0,0,0,0,0,0,0,0,0,0,0,0,0,0,0,0,0,0,0,0,0,0,0,0,1,0,0,0,0,0,0,0,0,0,0,0,0,0,0,0,1,0,0,0,0,0,0,0,0,0,0,1,0,0,0,0,0,1,0,0,0,2,0,0,1,0,0,0,0,0,0,0,0,0,0,0,0,0,0,0,0,0,0,0,0,0,0,0,0,0,0,0,0,0,0,0,0,0,0,0,0,0,0,0,0,2,0,0,0,0,0,0,0,0,0,0,0,0,0,2,0,0,0,0,0,0,1,0,1,0,1,0,0
0,0,1,0,1,0,0,0,0,0,1,0,2,0,0,0,0,1,0,0,0,0,0,0,0,0,0,1,0,0,0,0,0,0,0,0,0,0,0,0,0,0,2,0,0,0,0,0,0,0,0,1,0,0,0,0,0,0,0,0,1,0,0,0,0,0,0,0,0,0,0,0,0,0,0,0,0,2,0,0,0,0,0,0,0,0,0,0,0,0,0,0,0,0,0,0,0,0,0,0,0,0,0,1,0,0,0,0,0,0,0,0,0,0,0,0,0,0,0,0,0,0,0,0,0,0,0,0,0,0,0,0,0,0,1,0,1,0,0,0,0,0,0,0,0,0,1,0,1,0,0,0,0,1,1,2,0,0,0,0,0,0,0,1,0,0,0,0,0,0,0,0,0,0,0,0,0,0,0,0,0,0,1,0,2,0,0,1,0,0,0,0,0,1,0,0,0,0,0,0,0,0,0,0,0,0,0,0,0,0,0,0,0,0,0,0,0,0,0,0,0,0,0,0,0,0,1,0,0,0,0,0,0,0,1,0,0,0,0,0,0,0,0,0,0,0,1,0,0,0,0,0,0,1,0,0
0,0,0,0,0,0,1,0,0,0,0,0,0,0,0,0,1,0,0,0,0,0,0,0,0,0,0,0,0,0,0,1,0,0,2,0,0,0,0,0,0,0,0,0,1,0,0,0,0,1,0,0,0,0,0,0,0,1,1,0,0,0,0,0,0,0,0,0,0,0,0,0,0,0,0,0,0,0,0,0,0,0,0,0,0,0,0,0,1,0,0,0,0,0,0,0,0,0,0,0,1,0,0,1,0,0,1,0,0,0,0,0,1,1,0,0,0,1,0,0,0,0,0,0,1,0,0,0,0,0,0,0,0,0,0,0,0,0,0,0,0,0,0,0,0,0,0,0,0,0,0,0,0,0,0,0,0,0,0,0,0,0,0,0,0,0,0,0,0,0,0,0,0,0,1,0,0,0,0,0,1,0,0,0,0,0,0,0,0,0,0,0,0,0,0,0,0,0,0,0,0,0,0,0,0,0,0,0,0,0,0,0,0,0,0,0,0,0,0,0,0,0,0,0,0,0,0,0,0,0,0,0,0,1,0,0,0,0,0,0,0,0,1,0,0,0,0,0,0,0,0,1,0,1,1,0
1,0,1,0,2,0,0,0,0,0,1,0,1,0,0,1,0,1,0,0,0,0,0,0,1,1,1,1,0,0,0,0,0,0,0,0,0,0,0,0,0,0,0,0,0,0,0,0,0,0,1,0,0,0,0,0,0,0,0,0,1,0,1,0,0,0,0,0,0,0,0,0,0,0,1,1,0,0,0,0,0,0,0,0,0,0,0,0,0,0,0,0,0,0,0,0,0,0,0,0,0,0,0,0,0,0,0,0,0,0,0,0,0,1,0,0,0,0,0,0,0,0,0,0,1,0,0,0,0,0,0,0,0,0,0,0,0,0,0,0,0,0,0,0,0,0,1,0,0,1,0,0,0,1,0,0,0,0,1,1,0,0,0,2,0,0,1,0,0,0,0,0,0,0,0,0,0,0,0,0,0,0,1,0,1,0,0,0,0,0,0,0,0,0,1,0,0,0,0,0,0,0,0,0,0,0,0,0,0,0,0,0,0,0,0,0,0,0,0,0,0,0,0,0,0,0,1,0,0,0,0,0,0,0,1,0,0,0,0,0,0,0,0,0,0,0,0,0,0,0,0,0,0,0,0,0
0,0,1,0,0,0,0,0,0,0,0,0,0,0,1,0,0,0,0,2,0,0,0,0,0,0,0,1,0,1,0,0,0,0,1,0,0,1,0,0,0,0,0,0,0,0,0,0,0,0,0,0,0,0,1,0,0,0,0,0,0,0,0,0,0,0,0,0,0,0,0,0,0,0,0,0,0,0,0,0,0,0,0,0,0,0,0,0,1,0,0,0,0,0,0,0,0,0,0,0,0,0,0,1,0,0,0,0,1,0,0,1,1,1,0,2,0,1,0,0,0,0,0,0,0,0,0,0,0,1,0,0,0,0,1,0,0,0,0,0,0,0,0,1,0,0,0,0,0,0,0,0,0,0,0,0,0,0,0,0,0,0,0,0,0,0,0,0,0,0,0,0,0,0,1,0,0,0,0,0,1,0,0,0,1,0,0,0,0,0,0,0,0,0,0,0,0,0,0,0,1,0,0,0,0,0,0,0,0,0,0,1,0,0,0,0,0,0,0,0,0,0,0,0,0,0,0,0,0,0,0,0,0,0,0,0,0,1,0,0,0,0,1,0,0,0,0,0,1,0,0,1,0,1,0,1
0,1,1,0,1,0,0,0,0,2,1,0,2,0,0,1,1,1,0,0,0,0,0,0,0,0,0,0,0,0,0,0,0,0,1,0,0,0,0,0,1,0,1,0,0,0,0,0,0,0,0,0,0,0,0,0,0,0,0,0,1,0,1,0,0,0,0,0,0,0,0,0,0,0,0,0,0,0,0,0,0,0,0,0,0,0,0,0,0,0,0,0,0,0,0,0,0,0,0,0,0,0,0,1,0,0,1,0,0,0,0,0,0,0,0,0,0,0,0,0,1,0,0,0,0,1,0,0,0,0,1,0,0,0,0,0,0,0,0,0,0,0,0,0,0,0,1,0,0,0,0,0,0,1,0,0,0,0,1,0,0,0,0,1,0,0,0,0,0,0,0,1,0,0,0,0,0,0,0,2,0,0,1,0,1,0,0,0,0,0,0,0,0,0,0,0,0,0,0,0,0,0,0,0,0,0,0,0,0,0,0,0,0,0,0,0,0,0,0,0,0,0,0,0,0,0,1,0,0,0,0,0,0,0,1,0,0,0,0,0,0,0,0,0,0,0,0,0,0,0,0,0,0,0,0,0
0,0,1,0,3,1,0,0,0,1,1,0,1,0,0,1,1,1,0,0,0,0,0,0,0,0,0,0,0,0,1,0,0,0,0,0,0,0,1,0,1,0,0,0,0,0,0,0,0,1,1,0,0,0,0,0,0,0,0,0,1,0,1,0,0,0,0,0,0,0,0,0,0,0,0,0,0,2,0,0,0,0,0,0,0,0,0,0,0,0,0,0,0,0,0,0,0,3,0,0,0,1,1,2,0,0,0,0,0,0,0,0,0,3,0,0,0,0,0,0,0,0,0,0,3,0,0,0,0,0,1,0,0,0,0,0,0,0,0,0,0,0,0,0,0,0,1,0,0,0,0,0,0,1,0,0,0,0,1,0,0,0,0,2,0,0,0,0,0,0,0,0,0,0,0,0,0,0,0,0,0,0,1,0,1,0,0,0,0,0,1,0,0,0,0,0,0,0,0,0,0,0,0,0,0,0,0,0,0,0,0,0,0,0,0,0,0,0,0,0,0,0,0,0,0,1,1,0,0,0,0,0,0,1,1,0,0,1,0,0,0,0,0,0,0,0,0,1,0,0,0,0,0,0,0,0
0,1,0,0,0,0,0,0,0,0,0,0,0,0,0,0,1,0,0,0,0,0,0,0,0,0,0,0,0,0,0,1,0,0,1,1,0,0,0,0,0,0,0,0,0,0,0,0,0,0,0,0,0,0,0,0,0,0,0,0,1,0,0,0,0,0,0,0,0,1,0,0,2,0,0,0,0,0,0,0,0,0,0,0,0,0,1,0,1,0,0,0,0,0,0,0,0,0,0,0,0,0,0,1,0,0,0,0,1,0,0,0,1,1,0,1,0,1,0,0,0,0,0,1,0,0,0,0,0,0,0,0,0,0,0,0,0,0,0,0,0,0,0,0,0,0,0,0,0,0,0,0,0,0,0,0,0,0,0,0,0,0,0,0,0,0,0,0,0,0,0,0,0,1,1,0,0,0,1,0,1,0,0,0,0,0,0,2,0,0,0,0,0,0,0,0,0,0,0,0,1,0,0,0,0,0,0,0,0,0,0,0,0,0,0,0,0,0,0,1,0,0,0,0,0,0,0,0,0,0,0,0,0,0,0,0,0,0,0,0,0,0,1,0,0,0,0,0,0,0,0,1,1,2,1,0
0,0,0,0,0,0,1,0,0,0,0,0,0,0,0,0,0,0,0,0,0,0,0,0,0,0,0,0,0,1,0,0,0,0,1,0,0,0,0,0,0,0,0,0,0,0,0,0,0,0,0,0,0,0,0,0,0,0,0,0,0,0,0,0,0,0,0,0,0,0,0,0,0,0,0,0,0,0,0,0,0,0,0,0,0,0,0,0,1,0,0,0,0,0,0,0,0,0,0,0,0,0,0,1,0,0,0,0,1,0,0,0,1,1,0,0,0,1,0,0,0,0,0,0,0,0,0,0,0,0,0,1,0,0,0,0,0,0,0,0,0,0,0,0,0,0,1,0,0,0,0,0,0,0,0,0,0,0,0,0,0,0,0,0,0,0,0,0,0,0,0,0,1,0,1,0,0,0,0,0,1,0,0,0,1,0,0,1,0,0,0,0,0,0,0,0,0,0,1,0,0,0,0,0,0,0,0,0,0,0,0,0,0,0,0,0,0,0,0,0,0,0,0,0,0,0,0,0,0,0,0,0,0,0,0,0,0,0,0,1,0,0,2,1,0,0,0,0,1,0,0,1,0,1,0,0
0,0,1,0,0,0,0,0,0,0,0,0,0,0,0,0,0,0,0,0,0,0,0,0,0,0,0,1,0,0,0,0,0,0,1,0,0,0,0,0,0,0,0,0,0,0,0,0,0,0,0,0,0,0,0,0,0,0,0,0,0,0,0,0,0,0,0,0,0,0,0,0,1,0,0,0,0,0,0,0,0,0,0,0,0,0,0,0,1,0,0,0,0,0,0,0,0,0,0,0,0,0,0,1,0,0,0,0,0,0,0,0,1,1,0,0,0,1,0,0,0,0,0,1,0,0,1,0,0,0,0,0,0,0,0,0,0,0,0,0,0,0,0,0,0,0,0,0,0,0,1,0,0,0,0,1,0,0,0,0,0,0,0,0,0,0,0,3,0,0,1,0,0,0,1,0,0,0,0,0,1,0,0,0,1,0,0,1,0,0,0,0,0,0,0,0,0,0,0,0,0,0,0,0,0,0,0,0,0,0,0,0,0,0,0,0,0,0,0,0,0,0,0,0,0,0,0,0,0,0,0,0,0,0,0,1,1,0,0,1,0,0,2,0,0,0,1,0,1,0,1,1,0,1,1,0
0,0,0,0,0,0,0,0,0,0,0,0,0,0,0,0,0,0,0,0,0,0,0,0,0,0,0,0,0,0,0,0,0,0,1,0,0,0,0,0,0,0,2,0,0,0,0,0,0,0,0,0,0,1,0,0,0,1,0,0,0,0,0,0,0,0,0,1,0,0,0,0,0,0,0,0,0,0,0,0,0,1,0,0,0,0,0,0,1,1,1,0,0,0,0,0,0,0,0,0,1,0,0,1,0,0,0,0,1,0,0,0,1,1,0,0,0,1,0,0,0,0,0,0,0,0,0,0,0,0,0,0,0,0,0,0,0,0,0,0,0,0,0,0,0,0,1,0,0,0,0,0,0,0,0,0,0,0,0,0,0,0,0,0,0,0,0,0,0,0,0,0,0,1,1,0,0,0,0,0,1,0,0,0,1,0,0,1,0,0,0,0,0,0,0,0,0,0,0,0,0,0,0,0,0,0,0,0,0,0,0,0,0,0,0,0,0,0,0,0,0,0,0,0,0,0,0,0,0,0,0,0,0,0,0,0,0,0,0,0,0,1,2,0,0,0,0,0,2,0,1,1,0,1,2,0
0,0,0,0,0,0,0,0,0,0,0,0,0,0,0,0,1,0,0,0,0,0,0,0,0,0,0,2,0,0,0,2,1,0,2,0,0,0,0,0,0,0,0,0,0,0,0,0,3,0,0,0,0,0,0,0,0,3,0,0,0,0,0,1,0,0,0,0,0,0,0,0,0,0,0,0,0,0,0,0,0,0,0,1,0,0,0,0,1,1,0,0,0,0,0,0,0,0,0,0,0,0,0,1,0,0,0,0,1,0,0,0,2,1,0,0,0,1,0,0,0,0,0,2,0,0,1,0,0,0,0,0,0,0,0,0,0,1,0,0,0,0,2,2,0,0,0,0,0,0,0,0,0,0,0,1,0,0,0,0,0,0,0,0,0,0,0,1,0,0,1,2,0,0,1,0,0,0,0,0,1,0,0,0,0,1,0,0,0,0,0,0,0,0,0,0,1,0,0,0,1,0,0,0,0,0,0,0,0,0,0,0,0,0,0,0,0,0,0,0,0,1,0,0,0,0,0,0,0,0,0,0,0,0,0,0,0,0,0,0,0,0,1,1,0,0,0,0,0,0,0,1,1,0,1,0
0,0,0,0,0,0,0,0,0,0,0,0,0,0,0,0,1,0,0,0,0,0,0,0,0,0,0,0,0,0,0,1,0,0,1,0,1,0,0,0,0,0,0,0,0,0,0,0,0,0,0,0,0,0,1,0,0,0,0,0,0,0,0,0,0,0,0,0,0,0,0,0,0,0,0,0,0,0,0,0,0,0,0,1,0,0,0,0,1,0,0,0,0,0,0,0,0,0,0,0,0,0,0,1,0,0,0,0,1,1,0,0,1,1,0,1,0,1,0,0,0,0,0,2,0,0,0,0,0,0,0,0,0,0,0,0,0,0,0,0,0,0,0,0,0,0,0,0,0,0,0,0,0,0,0,0,0,0,0,0,0,0,0,0,1,0,0,0,0,0,0,0,0,0,1,0,0,0,0,0,1,0,0,0,0,0,0,0,0,0,0,0,0,0,0,0,0,0,0,0,0,0,0,0,0,0,0,0,0,0,0,0,0,0,0,0,0,0,0,0,0,0,0,0,0,0,0,0,0,0,0,0,1,0,1,0,0,0,0,0,0,0,1,0,0,0,0,0,0,0,0,1,0,1,0,0
0,0,1,0,0,1,0,0,0,1,1,0,3,0,0,0,0,1,0,0,0,0,0,0,1,1,0,1,0,0,0,0,0,0,0,0,0,0,0,0,1,0,0,0,0,0,0,0,0,0,0,0,0,0,0,0,0,0,0,0,1,0,1,0,0,0,0,0,0,0,0,0,0,0,0,0,0,1,0,0,0,0,1,0,0,0,0,1,0,0,1,0,0,0,0,0,0,0,0,0,0,0,0,0,0,0,0,0,0,0,0,0,0,0,0,0,0,0,0,0,2,0,0,0,2,1,0,0,0,0,1,0,0,0,0,0,0,0,0,0,0,0,0,0,0,0,1,0,0,0,0,0,0,1,0,0,0,0,0,0,0,0,0,1,0,0,0,0,0,0,0,0,0,0,0,0,0,0,0,0,0,0,1,0,1,0,0,0,0,0,0,0,0,0,0,0,0,0,0,0,0,0,0,0,0,0,0,0,0,0,0,0,0,0,0,0,0,0,0,0,0,0,0,0,0,0,1,0,0,0,0,0,0,0,1,0,0,0,0,0,0,1,0,0,0,0,0,0,0,0,0,0,0,0,0,0
0,0,1,0,1,0,0,0,0,0,1,0,1,0,1,0,0,1,0,0,0,0,0,0,0,1,0,0,0,0,1,0,1,0,0,0,0,0,0,0,0,0,1,0,0,0,0,0,0,1,0,0,0,0,0,0,0,0,0,0,1,0,1,0,0,0,0,0,0,1,0,0,0,0,0,0,0,2,0,0,0,0,0,0,0,0,0,0,0,0,0,0,0,0,0,0,0,0,0,0,0,0,0,0,0,0,0,0,0,0,0,0,0,1,0,0,0,0,0,0,0,0,0,0,0,0,0,0,0,0,0,0,0,0,0,0,0,0,0,0,0,0,0,0,0,0,1,0,0,0,0,0,0,1,0,0,0,0,0,0,0,0,0,1,0,0,0,0,0,0,0,0,0,0,0,0,0,0,0,0,0,0,1,0,1,0,0,0,0,0,0,0,0,0,0,0,0,0,0,0,0,0,0,0,0,0,0,0,0,0,0,0,0,0,0,0,0,0,0,0,0,0,0,0,0,0,1,0,0,0,0,0,0,0,1,0,0,0,0,0,0,0,0,0,0,0,0,0,0,0,0,0,0,0,0,0
0,0,0,0,0,0,0,0,0,0,0,0,0,1,0,0,1,0,0,0,0,0,0,0,0,1,0,0,0,0,0,1,0,0,1,0,0,0,0,0,0,0,0,0,0,0,0,0,0,0,0,0,0,0,0,0,0,0,0,0,1,0,0,0,0,0,0,0,0,0,0,0,0,0,0,0,0,0,0,0,0,0,0,0,0,0,0,0,1,0,0,0,0,0,0,0,0,0,0,0,1,0,0,0,0,0,0,0,1,1,0,0,1,1,0,0,0,1,0,0,0,0,0,0,0,0,0,0,0,0,0,0,0,0,0,0,0,0,0,0,0,0,0,0,0,0,0,0,0,0,0,0,0,0,0,0,0,0,0,0,0,0,0,0,0,0,0,0,0,0,0,0,0,0,1,0,0,0,0,0,1,0,0,0,0,0,0,0,0,0,0,0,0,0,0,0,0,0,0,0,0,0,0,0,0,0,0,0,0,1,0,0,0,0,0,0,0,0,0,0,0,0,0,0,0,0,0,0,0,0,0,0,0,0,0,0,0,0,0,1,0,2,1,1,0,0,0,0,0,0,1,1,1,0,0,0
0,0,0,0,0,0,0,0,0,0,0,0,0,0,0,0,1,0,0,0,0,0,0,0,0,0,0,0,0,0,0,1,0,1,2,0,0,0,0,0,0,0,0,0,0,0,1,0,0,0,0,0,0,1,1,1,0,0,0,0,0,0,0,0,0,0,0,0,0,0,0,0,0,0,0,0,0,0,0,0,0,0,0,0,0,0,0,0,1,0,0,0,0,0,0,0,0,0,0,0,0,0,0,1,0,0,0,0,1,0,0,0,1,1,0,1,0,1,0,0,0,0,0,0,0,0,0,0,0,0,0,0,0,0,0,0,0,0,0,0,0,0,0,0,0,0,0,0,0,0,0,0,0,0,0,0,0,0,0,0,0,0,0,0,0,0,0,0,0,0,0,0,0,0,1,0,0,0,0,0,1,0,0,0,0,0,0,0,0,0,0,0,0,0,0,0,0,0,0,0,0,1,0,0,0,0,0,0,0,0,0,0,0,0,0,0,0,0,0,0,0,0,0,0,1,0,0,0,0,0,0,0,0,0,0,0,0,0,0,0,0,0,1,0,0,0,0,0,0,1,0,1,0,1,0,0
0,0,0,0,0,0,1,0,0,0,0,0,0,0,0,1,1,0,0,0,0,0,0,0,0,0,0,0,0,0,0,1,0,0,1,0,0,0,0,0,0,0,0,0,0,0,0,0,0,0,0,0,0,0,0,0,0,0,0,0,0,0,0,0,0,0,0,0,0,0,0,0,0,0,0,0,0,0,0,0,0,1,0,1,0,0,0,0,1,1,1,0,0,0,0,0,0,0,0,0,1,0,0,1,0,0,0,0,1,0,0,0,1,1,0,0,0,1,0,0,0,0,0,0,0,0,0,0,0,0,0,0,0,0,0,0,0,0,0,0,0,0,0,0,0,0,0,0,0,0,0,0,0,0,0,0,0,0,0,0,0,0,0,0,0,0,0,0,0,0,0,0,0,0,1,0,0,0,0,0,1,0,0,0,0,0,0,0,0,0,0,0,0,0,0,0,0,0,1,0,0,0,0,0,0,0,0,0,0,0,0,0,0,0,0,0,0,0,0,0,0,0,0,0,0,0,0,0,0,0,0,0,0,0,0,0,0,0,0,0,0,0,1,1,0,0,0,0,0,0,0,1,0,1,1,0
0,0,0,0,0,0,0,0,0,0,0,0,0,0,0,0,0,0,0,0,0,0,0,0,0,0,0,0,0,0,0,1,0,0,1,0,0,0,0,0,0,0,0,0,0,0,0,0,0,0,0,0,1,0,0,0,1,0,0,0,0,0,0,0,0,0,0,0,0,0,0,0,0,0,0,0,0,0,0,0,0,0,0,0,0,0,1,0,1,0,0,0,0,0,0,0,0,0,0,0,0,0,0,1,0,0,0,0,1,0,0,0,1,1,0,0,0,1,0,0,0,0,0,0,0,0,0,0,0,0,0,0,0,0,0,0,0,0,0,0,0,0,0,0,0,0,0,0,0,0,0,0,0,0,1,0,1,0,0,0,0,0,0,0,0,0,0,0,0,0,0,0,0,0,1,0,0,1,0,0,1,0,0,0,1,0,0,0,0,0,0,0,0,0,0,0,0,0,1,0,0,0,0,0,0,0,0,0,0,0,0,0,0,0,0,0,0,0,0,0,0,0,0,0,0,0,0,0,0,0,0,0,0,0,0,0,0,0,0,0,0,2,1,1,0,0,0,0,0,0,0,1,0,0,1,0
0,0,1,0,2,0,0,0,0,0,1,0,1,0,0,0,0,1,0,1,0,0,0,0,0,1,0,0,0,0,0,0,0,0,0,0,0,0,0,0,0,0,0,0,0,0,0,0,0,0,1,0,0,0,0,0,0,0,0,0,1,0,0,0,0,0,0,0,0,1,0,0,0,0,0,0,0,2,0,0,0,0,0,0,0,0,0,0,0,0,0,0,0,0,0,0,0,0,0,0,0,0,0,0,0,0,0,0,0,0,0,0,0,0,0,0,0,0,0,0,0,0,0,0,0,0,0,0,0,0,0,0,0,0,0,0,0,0,0,0,0,0,0,0,0,0,1,0,0,0,0,0,0,1,0,0,0,0,1,0,0,0,0,2,0,0,0,0,0,0,0,2,0,0,0,0,0,0,0,1,0,0,1,0,1,0,0,0,2,0,0,0,0,0,0,0,0,0,0,0,0,0,0,0,0,0,0,0,0,0,0,0,0,0,0,0,0,0,0,0,0,0,0,0,0,0,1,0,0,1,0,2,0,0,1,0,1,0,0,0,0,0,0,0,0,0,0,0,0,0,1,0,0,0,0,0
0,0,0,0,0,0,0,0,0,0,0,0,0,0,0,0,0,0,0,0,0,0,0,0,0,0,0,0,0,0,0,0,0,0,0,0,0,0,0,0,1,0,0,0,0,0,0,0,0,1,0,0,0,0,0,0,0,0,1,0,0,0,0,0,0,0,0,1,0,0,0,0,0,0,0,2,0,0,0,1,0,0,0,0,0,1,0,0,0,0,0,0,1,0,0,0,0,0,0,0,0,0,0,0,0,0,1,0,0,0,0,1,0,0,0,0,0,0,0,0,0,0,2,0,0,0,0,0,0,0,0,0,0,0,0,1,0,1,0,0,1,0,0,0,1,0,0,0,0,0,0,0,0,0,0,0,0,0,0,0,0,0,0,0,1,1,0,0,0,0,0,0,0,0,0,0,1,0,0,0,0,0,0,0,0,0,0,0,0,0,0,0,0,0,1,1,0,0,0,0,0,0,1,1,0,0,0,0,2,0,0,0,0,0,0,0,0,0,0,0,0,0,0,0,0,0,0,0,0,0,1,1,0,0,1,0,0,0,0,0,1,0,0,1,0,0,0,0,0,0,0,1,0,0,0,0
0,0,0,0,0,0,0,0,0,0,0,0,0,0,0,0,0,0,0,0,0,0,0,0,0,0,0,1,0,0,0,0,0,0,2,0,0,0,0,0,0,0,0,0,0,0,0,0,1,2,0,0,0,0,0,0,1,2,0,0,0,0,0,1,0,0,0,0,0,0,0,0,0,0,0,0,0,0,0,0,0,0,0,1,0,0,0,0,1,0,0,0,0,0,0,0,0,0,0,0,0,0,0,1,0,0,0,0,1,0,0,0,1,1,0,0,0,1,0,0,0,0,0,1,0,0,0,0,0,0,0,0,0,0,1,0,0,0,0,0,0,0,0,0,0,0,0,0,0,0,0,0,0,0,0,0,0,0,0,0,0,0,0,0,0,0,0,0,0,0,0,0,0,0,1,0,0,0,0,0,1,0,0,0,1,0,0,0,0,0,0,0,0,0,0,0,0,0,2,0,0,0,0,0,1,0,0,0,1,0,1,0,0,0,0,1,0,0,0,0,0,0,0,0,0,0,0,0,0,0,0,0,0,0,0,0,0,0,0,0,0,0,1,0,0,0,0,0,0,0,0,1,1,1,0,0
0,0,0,0,0,0,0,1,0,0,0,0,0,0,0,0,1,0,0,0,0,0,0,0,0,0,0,0,0,1,0,1,0,0,2,0,0,0,0,0,0,0,0,0,0,0,0,0,2,1,0,0,0,1,0,0,0,2,0,0,0,0,0,1,0,0,0,0,0,0,0,0,0,0,1,0,0,0,0,0,0,0,0,0,0,0,0,0,1,0,0,0,0,0,0,0,0,0,0,0,0,0,0,1,1,0,0,0,1,0,0,0,1,1,0,0,0,1,0,0,0,0,0,1,0,0,0,0,0,0,0,0,0,0,0,0,0,0,0,0,0,0,0,0,0,0,0,0,0,0,0,0,0,0,0,0,0,0,0,0,0,0,0,0,0,0,0,0,0,0,0,0,0,0,1,0,0,1,0,0,1,0,0,0,0,0,0,1,0,0,0,0,0,0,0,0,0,0,0,0,1,0,0,0,0,0,0,0,3,0,0,0,0,0,0,0,0,0,0,0,0,0,0,0,1,0,0,0,0,0,1,0,0,0,0,0,0,0,0,0,0,0,2,1,0,0,0,0,0,0,0,2,0,2,1,0
0,0,0,0,0,0,0,0,0,0,0,0,0,0,0,0,0,0,0,0,0,0,0,0,0,0,0,0,0,0,0,0,0,1,2,0,0,0,0,0,0,0,0,0,0,0,0,0,0,1,0,0,0,1,0,0,0,1,0,0,0,0,0,0,0,0,0,0,0,0,0,0,1,0,0,0,0,0,0,0,0,0,0,0,0,0,0,0,1,0,0,0,0,0,0,0,0,0,0,0,0,0,0,1,0,0,0,0,1,0,0,0,1,1,0,1,0,2,0,0,0,0,0,0,0,0,0,0,0,0,0,0,0,0,0,0,0,0,1,0,0,0,0,0,0,0,1,0,0,0,0,0,0,0,0,0,0,0,1,1,0,0,0,0,0,0,0,0,0,0,0,0,0,0,1,0,0,0,0,0,1,0,0,0,1,0,0,0,0,0,0,0,1,0,0,0,1,0,0,1,1,0,0,0,0,0,0,0,0,0,0,0,0,0,0,0,0,0,0,0,0,0,0,0,0,0,0,0,0,0,0,0,0,0,0,0,0,0,0,1,0,0,1,0,0,0,0,0,2,0,0,1,0,1,0,0
0,0,0,0,0,0,0,0,0,0,0,0,0,0,0,0,1,0,0,0,0,0,0,0,0,0,1,0,0,0,0,1,0,0,1,0,0,0,0,0,0,0,0,0,0,0,0,0,0,1,0,0,0,1,0,0,0,0,0,0,0,0,0,0,0,0,0,0,0,0,0,0,0,0,0,0,0,0,0,0,0,1,0,0,0,0,0,0,1,1,1,0,0,0,0,0,0,0,0,1,1,0,0,1,0,0,0,0,0,0,0,0,1,1,0,0,0,1,1,0,0,0,0,0,0,0,0,0,0,0,0,0,0,0,0,0,0,0,0,0,0,0,0,0,0,0,0,0,0,0,0,0,0,0,0,0,0,0,0,0,0,0,0,0,0,0,0,0,0,0,0,1,0,0,1,0,0,0,0,0,1,0,0,0,0,0,0,1,0,0,0,0,0,0,0,0,0,0,0,0,0,0,0,0,0,0,0,0,0,0,0,0,0,0,0,0,0,0,0,0,0,0,0,0,0,0,0,0,0,0,0,0,0,0,0,0,0,0,0,0,0,0,1,0,0,0,0,0,0,0,0,1,0,1,0,0
0,0,0,0,0,0,0,0,0,0,0,0,0,0,0,0,0,0,0,0,0,0,0,0,0,0,0,0,0,0,0,0,0,0,2,0,0,0,0,0,0,0,0,0,0,0,0,0,0,0,0,0,0,0,0,0,0,1,0,0,0,0,0,0,0,0,0,0,0,0,0,0,0,0,0,0,0,0,0,0,0,0,0,1,0,0,0,0,1,0,0,0,0,0,0,1,0,0,0,0,0,0,0,1,0,0,0,0,1,0,0,0,1,1,0,0,0,1,0,0,0,0,0,0,0,0,0,0,0,0,0,0,0,0,0,0,0,0,0,0,0,0,0,0,0,0,0,0,0,0,0,0,0,0,0,0,0,0,0,0,1,0,0,0,0,0,0,0,0,0,0,0,0,0,1,0,0,0,0,0,1,0,0,0,1,0,0,0,0,0,0,0,0,0,0,0,1,0,0,0,0,0,0,0,0,0,0,0,1,0,0,0,0,0,0,0,0,0,0,0,0,0,0,0,0,0,0,0,1,0,0,0,0,0,0,0,0,0,1,0,0,0,1,1,0,0,0,0,1,0,0,1,0,1,0,0
0,0,0,0,0,0,0,0,0,0,0,0,0,0,0,0,1,0,0,0,0,0,0,0,0,0,0,1,0,0,0,1,0,0,2,0,0,0,0,1,0,0,0,1,0,0,0,0,0,0,0,0,0,0,0,0,0,2,0,0,0,0,0,0,0,0,0,0,0,0,0,0,0,0,0,0,0,0,0,0,0,0,0,0,0,0,0,0,1,0,0,0,0,0,0,0,0,0,0,0,0,0,0,1,0,0,0,0,1,0,0,0,1,1,0,0,0,1,0,0,0,0,0,1,0,0,0,0,0,0,0,0,0,0,1,0,0,0,0,0,0,0,0,0,0,0,0,0,0,0,0,0,0,0,0,0,0,0,0,0,0,0,0,0,0,0,0,0,1,0,0,0,0,0,1,0,0,0,0,0,1,0,0,0,0,0,0,0,0,0,0,0,0,0,0,0,0,0,1,0,1,2,0,0,1,0,0,0,0,0,0,0,0,0,0,1,0,1,0,0,0,0,0,0,0,0,0,0,0,0,0,0,0,0,0,0,0,0,0,1,0,0,1,1,0,0,0,0,0,0,0,1,0,1,0,0
0,0,0,0,0,0,1,0,0,0,0,0,0,0,0,0,0,0,0,0,0,0,0,0,0,0,0,1,0,0,0,1,1,0,1,0,0,0,0,0,0,0,0,0,1,0,0,0,0,0,0,0,0,0,0,0,0,1,0,0,0,0,0,0,0,0,0,0,0,0,0,0,0,0,0,0,0,0,0,0,0,0,0,0,0,0,0,0,1,0,0,0,0,0,0,0,0,0,0,0,0,0,0,0,0,0,0,0,1,0,0,0,1,1,0,0,0,1,0,0,0,0,0,1,0,0,0,0,0,0,0,0,0,0,0,0,0,0,0,0,0,0,0,0,0,0,0,0,0,0,0,0,0,0,0,0,0,0,0,0,0,0,0,0,0,0,0,0,1,0,0,0,0,0,1,1,0,0,0,0,1,0,0,0,1,0,0,0,0,0,0,0,0,0,0,0,0,0,1,0,0,0,0,0,0,0,0,0,0,0,0,0,0,0,0,0,0,0,0,0,0,0,0,0,0,0,0,0,0,0,0,0,0,0,0,0,0,0,0,0,0,0,1,1,0,0,0,0,0,0,0,1,1,1,0,0
0,0,1,0,1,0,0,0,0,0,1,0,2,0,0,1,0,2,0,0,0,0,0,0,0,1,0,1,0,0,0,0,0,0,0,0,0,0,1,1,0,0,0,0,0,0,0,0,0,1,0,0,0,0,0,0,0,0,0,0,1,0,0,0,0,0,0,0,0,0,0,0,0,0,0,0,0,3,0,1,0,0,1,0,0,0,0,0,1,0,1,1,0,0,0,0,0,0,0,0,0,0,0,0,0,0,0,0,0,0,0,0,0,0,0,0,0,0,0,0,0,0,0,0,0,0,0,0,0,0,1,1,0,0,0,0,0,0,0,0,0,0,0,0,0,0,1,0,0,0,0,0,0,1,0,0,0,0,1,0,0,0,0,1,0,0,0,0,0,0,0,0,0,0,0,0,0,0,0,0,0,0,1,0,1,0,0,0,0,0,0,0,0,0,0,0,0,0,0,0,0,0,0,0,0,0,0,0,0,0,0,0,0,0,0,0,0,0,0,0,0,0,0,0,0,0,1,0,0,0,0,0,0,0,1,0,0,0,0,0,0,0,0,0,0,0,0,0,0,0,0,0,0,0,0,0
0,0,0,0,0,0,0,0,0,0,0,0,0,1,0,0,1,0,0,0,0,0,0,0,0,0,0,1,0,0,0,2,0,0,1,0,0,0,0,0,0,0,0,0,0,0,0,1,0,0,0,0,0,0,0,0,0,0,0,0,0,0,0,0,0,0,0,0,0,0,0,0,0,0,0,0,0,0,0,0,0,0,0,0,0,0,0,0,1,0,0,0,0,0,0,0,0,0,0,0,0,0,0,0,0,0,0,0,1,0,0,0,1,1,0,0,0,1,0,0,0,0,0,1,0,0,0,0,0,0,0,0,0,0,0,0,0,1,0,0,1,0,0,0,0,0,0,0,0,0,0,0,0,0,0,0,0,0,0,0,1,0,0,0,0,0,0,0,0,0,0,2,0,0,1,0,0,0,0,0,1,0,0,0,0,0,0,1,0,0,0,0,0,0,0,0,1,0,0,0,1,2,0,0,0,0,0,1,2,0,3,0,0,0,0,0,0,0,0,0,0,0,0,0,0,0,0,0,0,0,0,0,0,0,0,1,0,0,0,0,1,0,3,0,0,0,0,0,0,0,1,1,0,1,0,1
0,0,0,0,0,1,0,0,0,0,0,1,0,0,0,0,0,0,0,0,0,0,0,0,0,0,0,0,0,1,0,1,0,0,2,0,0,0,0,0,0,1,0,0,0,0,0,0,0,0,0,0,0,0,0,0,0,0,0,0,0,0,0,0,0,0,0,0,0,0,0,0,0,0,0,0,0,0,0,0,0,0,0,0,0,0,0,0,1,0,0,0,0,0,0,0,0,0,0,0,0,0,0,1,0,0,0,0,1,1,1,0,1,1,0,0,0,1,0,0,0,0,0,1,0,0,0,0,0,0,0,0,0,0,0,0,0,0,0,0,0,0,0,0,0,0,0,0,0,0,0,0,0,0,0,1,0,0,0,0,0,0,0,0,0,0,0,0,0,0,0,0,0,0,1,0,0,0,0,0,1,0,0,0,1,0,0,0,0,0,0,0,0,0,0,0,0,0,1,0,1,1,0,0,0,0,0,0,0,0,1,0,0,0,0,0,0,0,0,0,0,0,0,1,0,0,0,0,0,0,0,0,0,0,0,0,0,0,0,1,0,1,2,1,0,0,0,0,0,0,0,1,0,0,1,0
0,0,0,0,0,0,0,0,0,0,0,0,0,0,0,0,1,0,0,0,0,0,0,0,0,0,0,1,0,0,0,1,0,0,1,0,0,0,0,0,0,0,0,0,0,0,0,0,0,0,0,0,0,0,0,0,0,0,0,0,0,0,0,0,0,0,0,0,0,0,0,0,0,0,0,0,0,0,0,0,0,1,0,0,0,0,0,0,1,1,1,0,0,0,0,0,0,0,0,0,0,0,0,0,0,0,0,0,1,1,0,0,1,1,0,0,0,1,0,0,0,0,0,0,0,0,0,0,0,0,0,0,0,0,0,0,0,0,0,0,0,0,0,0,0,0,0,0,0,0,0,0,0,0,0,0,0,0,0,0,0,0,0,2,0,0,0,1,0,0,1,0,0,0,1,0,0,0,0,0,1,1,0,0,0,0,0,1,1,0,0,0,0,0,0,0,1,0,1,0,0,0,0,0,0,0,1,0,0,0,0,0,3,0,0,0,0,0,0,0,2,0,0,0,0,0,1,0,0,0,0,0,0,0,0,2,0,1,0,0,0,2,1,1,0,0,1,0,0,0,0,1,0,0,0,0
0,0,1,0,0,0,0,0,0,0,0,0,0,0,0,1,1,0,0,0,0,0,0,1,0,0,0,0,0,0,0,1,0,0,2,0,0,0,0,0,0,0,0,0,0,0,0,0,0,0,0,0,0,0,0,0,1,0,0,0,0,0,0,0,0,0,0,0,0,1,0,0,0,0,0,0,0,0,0,0,0,0,0,1,0,0,0,0,1,0,0,0,0,0,0,0,0,0,0,0,0,0,0,1,0,0,0,0,1,2,0,0,1,1,0,0,0,1,0,0,0,0,0,3,0,0,0,0,0,0,0,0,0,0,0,0,0,0,0,0,0,0,0,0,0,0,0,0,0,0,0,0,0,0,0,0,0,0,1,0,0,0,0,1,0,0,0,0,0,0,0,0,0,0,1,0,0,0,0,0,1,0,0,0,0,0,0,4,0,0,0,0,0,0,0,0,0,0,1,0,0,0,0,0,0,0,0,0,0,0,0,0,0,0,0,0,0,0,0,0,0,0,0,0,2,0,0,0,0,0,2,0,0,0,2,0,0,0,3,1,0,1,2,0,1,0,1,0,0,0,0,1,0,1,1,0
0,0,1,0,0,0,0,0,0,0,1,0,1,0,0,0,1,1,0,0,0,0,0,0,0,0,0,1,0,0,0,1,0,0,1,0,0,0,0,0,0,0,0,0,0,0,0,0,0,1,0,0,0,0,0,0,0,0,0,0,0,0,0,0,0,0,0,0,0,0,0,0,0,0,0,0,0,0,0,0,0,0,0,2,0,0,0,0,2,1,0,0,0,0,0,0,0,0,0,0,0,0,0,1,0,0,0,0,1,0,0,0,0,2,0,0,0,1,0,0,0,0,0,3,0,0,0,0,0,0,0,0,0,0,0,0,0,0,0,0,0,0,0,0,0,0,1,0,0,0,0,0,0,0,0,0,0,1,2,0,0,0,0,0,0,0,0,0,0,0,0,0,1,0,0,0,0,0,0,1,1,0,0,0,0,1,0,0,0,0,0,0,2,0,0,0,0,0,0,0,0,0,0,0,0,0,0,0,1,0,0,0,0,0,0,0,0,0,0,0,0,0,0,0,0,0,0,0,0,0,0,0,0,0,2,0,0,0,0,0,0,1,0,1,0,0,0,0,0,1,1,0,0,1,0,0
