3,9,0,0,1,2,0,4,3,0,2,0,12,0,0,2,1,0,0,0,1,2,0,3,3,0,11,1,3,1,1,1,1,0,23,4,2,4,23,1,20,11,6,0,9,1,2,3,6,2,0,6,1,0,0,0,10,0,0,0,0,23,0,1,1,1,1,0,0,0,3,2,0,0,1,0,0,4,8,1,0,9,0,2,1,0,0,0,4,2,1,2,3,0,0,1,1,5,0,3,0,0,2,0,0,1,0,1,0,1,3,0,2,0,1,0,0,10,0,0,1,1,0,48,3,0,0,2,0,1,3,0,0,3,1,3,2,0,4,14,2,1,0,1,0,0,0,3,0,0,1,1,1,0,0,0,0,0,2,2,12,2,9,0,1,11,0,5,4,0,15,3,1,2,9,7,0,0,2,3,1,11,0,3,1,1,0,4,44,1,2,1,1,1,8,0,1,2,4,4,1,2,1,0,0,0,4,1,1,0,2,0,3,0,0,1,0,3,4,2,0,1,1,0,1,0,0,2,0,3,3,0,1,0,0,2,1,0,0,1,1,1,0,0,1,17,1,11,3,0,0,6,2,0,2,0
0,26,1,1,0,2,2,10,7,0,1,0,7,0,0,1,1,0,1,2,7,0,0,1,4,0,0,23,5,0,1,5,2,0,0,7,1,1,11,1,5,9,0,0,1,0,0,1,0,2,0,1,2,2,0,0,6,1,1,1,0,33,0,0,1,0,2,0,2,0,1,2,0,0,1,0,2,2,5,2,2,1,0,4,1,2,0,2,2,1,0,4,0,0,1,1,0,1,0,0,0,0,3,0,5,0,3,1,0,0,0,5,5,0,0,1,0,1,0,0,0,0,0,42,0,0,1,0,0,0,2,0,0,3,1,2,0,0,4,5,0,1,0,2,0,0,1,0,0,0,0,2,0,3,0,1,0,0,5,0,0,2,0,0,0,1,0,4,5,0,1,3,1,0,6,0,0,0,3,0,0,1,0,0,0,0,0,0,5,0,0,1,16,4,21,0,54,2,3,2,0,1,0,0,0,0,2,0,1,0,0,8,3,0,3,0,1,5,3,2,0,0,3,0,0,16,1,3,0,1,2,0,1,0,0,0,3,0,15,8,1,0,1,1,0,0,0,6,8,2,0,17,0,0,0,2
0,1,1,0,3,4,0,0,1,0,2,0,2,1,1,2,0,0,1,0,7,0,0,5,3,1,1,6,3,0,2,9,3,0,0,3,0,4,4,0,8,23,6,1,0,2,7,2,2,0,0,9,1,2,0,2,5,1,0,0,1,6,0,0,2,1,2,0,1,0,0,14,6,0,1,1,2,0,2,1,0,2,0,1,0,1,0,1,4,0,2,4,0,0,0,1,0,1,0,16,0,0,2,0,0,0,0,0,0,3,0,1,0,0,4,0,0,6,0,8,0,1,1,22,0,10,1,8,0,0,0,0,0,2,0,1,3,0,1,0,0,0,0,0,0,0,0,1,0,0,0,4,0,1,0,0,0,0,2,0,0,1,0,0,0,3,1,10,8,0,1,2,3,1,11,3,0,0,4,0,0,0,0,4,1,0,0,0,0,0,1,0,11,0,27,4,0,15,24,10,1,0,5,0,0,0,3,0,17,0,1,1,11,0,2,0,1,12,0,1,0,11,2,0,10,1,0,1,0,5,1,0,2,0,0,0,2,1,1,27,0,0,0,0,0,0,0,0,1,0,0,10,1,0,1,3
0,20,3,2,1,2,3,0,17,0,2,2,2,2,1,1,2,1,3,0,1,0,0,2,1,1,4,4,9,0,2,1,1,0,3,9,0,3,8,1,4,11,2,0,2,6,3,4,4,0,0,4,0,1,0,0,0,0,1,0,0,12,0,1,1,8,2,1,2,0,2,4,0,0,5,1,2,1,2,1,41,4,0,4,2,4,0,6,3,1,0,5,1,2,4,3,3,0,0,0,0,1,10,0,0,1,9,0,0,0,1,3,2,0,3,3,0,5,6,0,0,0,9,28,0,0,0,4,0,3,0,4,0,1,0,3,0,1,5,2,0,0,0,3,0,0,3,0,0,0,1,3,0,1,0,0,0,0,5,0,0,4,0,1,0,1,7,8,5,0,1,1,3,0,6,4,0,0,5,0,1,1,1,1,1,5,1,0,26,0,0,3,3,1,10,0,0,3,14,8,0,3,0,0,0,1,7,0,2,0,0,1,0,2,4,0,1,3,1,2,0,0,6,0,13,4,1,4,1,2,0,0,2,0,1,0,2,2,0,7,0,1,0,2,0,0,0,0,0,0,0,0,2,2,0,8
0,8,3,0,1,5,0,2,2,0,1,0,1,2,1,1,1,0,1,0,1,5,0,1,3,0,0,0,8,1,0,2,3,1,1,2,3,2,1,2,0,7,7,0,4,1,2,1,5,0,0,1,1,3,0,1,0,0,2,0,2,14,0,0,1,0,2,3,1,0,1,21,1,0,0,2,2,1,1,0,0,15,0,1,1,0,1,0,11,4,0,3,3,2,1,6,3,0,0,0,0,2,3,7,5,0,5,0,0,4,2,0,7,0,0,3,1,5,0,0,0,0,0,21,1,6,0,4,0,2,0,1,1,2,0,2,0,0,3,1,3,1,0,1,0,0,0,3,1,0,1,4,0,0,0,0,0,0,1,1,2,9,0,1,0,1,0,8,7,1,0,2,1,6,7,2,0,1,1,4,1,0,2,5,1,0,1,1,1,0,0,1,3,20,27,5,1,2,24,2,2,0,1,0,0,4,0,0,25,2,3,0,0,1,1,1,1,0,2,0,0,22,5,1,16,2,2,2,0,1,0,0,2,0,0,1,5,1,2,1,3,1,0,3,0,1,0,1,2,1,0,0,1,0,1,15
0,17,2,0,0,2,0,10,2,1,2,0,5,2,0,2,0,2,0,0,11,5,0,5,0,0,0,4,7,0,3,2,2,0,1,3,0,2,8,0,16,12,0,0,1,0,0,2,6,0,0,0,0,6,0,0,2,0,1,0,2,14,0,0,2,0,4,2,1,0,0,22,0,0,8,1,0,0,2,0,2,2,0,3,1,1,0,3,2,2,0,11,0,2,1,3,0,26,0,2,0,1,10,1,0,0,1,0,0,0,0,3,0,0,16,1,0,1,2,0,1,0,0,36,0,5,0,4,0,0,0,1,0,3,0,3,4,2,0,1,0,0,0,1,0,1,1,2,1,0,1,2,0,0,0,0,0,0,0,0,0,0,0,3,4,2,2,7,5,0,1,3,5,0,4,3,0,1,4,1,0,0,0,6,2,0,0,0,15,0,0,1,1,8,15,2,3,2,24,7,0,0,1,1,0,2,4,2,6,0,0,1,1,2,0,0,1,1,1,1,0,13,1,0,1,0,1,1,0,0,0,0,0,0,0,0,4,0,2,2,0,0,0,0,2,3,0,0,2,0,0,1,1,0,0,1
0,17,3,0,0,5,0,0,1,0,3,0,1,1,0,4,0,0,1,3,0,0,1,4,3,1,0,0,2,0,0,4,2,0,1,5,1,2,1,0,5,20,0,0,2,7,3,2,1,1,0,1,0,4,0,0,31,0,4,0,2,15,2,4,2,1,2,0,1,0,1,5,0,0,1,0,1,2,1,0,0,6,2,1,2,1,0,1,8,6,0,3,0,0,2,1,2,0,0,0,1,1,4,0,3,2,1,0,0,0,2,2,0,0,0,7,0,8,6,1,0,1,0,23,0,4,6,8,0,0,0,3,0,2,1,3,2,1,2,0,0,0,0,0,0,0,1,1,0,0,4,1,0,0,0,0,0,1,4,0,0,6,0,0,3,6,0,12,9,1,1,2,2,1,11,2,0,1,3,0,1,0,1,2,3,9,0,1,3,0,1,3,1,26,16,3,1,8,29,2,1,1,0,0,3,0,0,0,7,0,5,0,3,0,0,0,1,2,0,4,0,16,1,0,6,0,0,1,1,2,0,0,1,0,1,0,2,2,0,2,6,1,0,0,0,0,0,1,1,0,0,5,0,14,0,4
0,4,7,0,3,2,6,2,0,0,1,0,3,0,0,1,1,0,2,0,14,1,0,2,3,4,1,6,3,1,3,2,3,0,0,1,0,3,10,0,12,19,0,1,5,0,2,1,2,4,0,5,0,1,0,2,41,0,1,1,1,29,6,0,1,0,1,0,2,0,2,3,6,0,0,0,0,1,5,3,0,1,0,1,5,0,0,1,9,0,2,5,0,0,1,1,1,0,1,1,0,0,1,0,0,0,4,0,2,0,1,0,0,0,0,0,0,6,2,0,0,1,2,29,0,4,0,12,0,0,0,0,0,2,0,2,1,0,2,10,2,0,0,0,0,0,1,0,0,0,2,1,0,0,0,0,1,0,1,0,0,0,3,0,1,5,2,10,5,0,9,4,2,4,11,3,0,1,9,0,0,0,2,5,1,0,1,1,26,0,0,2,4,4,24,3,0,8,6,10,0,1,0,3,0,1,5,0,5,0,0,0,4,0,2,0,2,5,2,0,0,16,3,0,11,0,2,3,0,0,0,0,0,0,0,0,2,2,3,1,1,0,0,1,0,0,0,1,0,0,0,2,0,0,0,8
0,8,2,2,0,4,3,2,13,0,2,0,10,4,0,2,2,0,4,1,10,2,0,4,1,0,8,0,4,1,0,6,1,1,1,3,1,4,5,0,1,13,0,0,4,19,2,4,4,0,5,1,0,2,0,0,7,1,1,0,0,9,1,0,1,0,1,0,1,0,2,0,2,1,2,0,2,1,3,1,0,8,0,5,0,0,0,1,2,1,1,3,1,5,3,1,1,4,0,0,3,1,8,0,0,0,0,0,4,2,1,4,0,0,4,1,0,9,0,0,0,2,0,28,0,2,0,3,0,1,0,1,0,1,0,1,1,0,0,7,0,0,2,2,0,1,1,0,0,4,0,4,2,2,1,0,0,0,1,0,0,0,0,0,0,1,6,8,3,0,5,2,2,4,10,6,0,1,2,0,2,0,1,2,0,0,0,0,11,0,4,0,3,14,7,3,0,7,17,5,0,0,0,0,1,6,1,3,5,0,0,1,3,1,0,5,3,0,2,0,1,6,5,0,15,4,0,2,9,0,0,1,3,0,6,0,4,0,1,2,4,2,0,2,1,1,0,1,0,1,0,3,3,0,1,7
1,2,0,0,0,4,0,0,1,0,2,0,1,0,1,2,0,1,0,0,2,0,0,1,1,0,0,0,8,0,1,1,2,0,0,3,0,4,18,1,15,11,0,0,1,17,2,2,6,0,0,2,0,2,0,1,38,0,0,0,1,23,0,1,4,0,2,0,1,0,0,11,1,0,0,1,0,11,2,0,13,2,0,2,3,1,0,0,4,3,0,2,0,0,0,3,1,0,6,0,0,3,2,0,0,0,6,0,0,0,0,2,5,0,3,1,0,8,4,1,0,0,0,30,0,3,0,6,1,0,1,2,0,3,0,5,2,1,2,6,0,0,0,0,0,0,0,3,2,0,0,1,0,1,0,0,0,0,6,2,0,0,0,1,3,4,0,10,3,0,1,3,3,1,8,0,0,0,3,0,1,0,1,4,1,0,0,1,15,0,1,3,4,4,15,1,0,7,25,7,1,3,1,0,1,8,0,0,9,0,1,0,5,0,2,0,3,1,0,0,0,4,0,0,0,0,0,0,0,0,2,0,1,3,1,0,3,0,0,1,7,0,0,1,0,0,1,0,0,0,0,5,1,0,0,1
0,5,1,0,2,5,0,0,1,0,2,0,1,2,0,2,0,0,0,0,2,3,0,6,6,0,0,1,1,0,0,1,2,0,0,0,0,3,6,1,11,19,0,0,0,1,2,2,1,2,0,6,3,2,0,0,20,0,0,0,4,4,0,0,2,0,2,0,1,0,0,3,4,0,2,0,0,0,4,1,1,2,0,3,2,0,0,3,1,6,3,2,0,0,3,1,0,0,0,0,0,0,1,0,6,2,1,0,0,1,0,0,0,0,1,8,0,7,2,0,0,1,0,10,0,5,0,13,3,0,0,0,0,2,6,2,1,0,1,2,0,0,0,1,0,0,0,4,1,0,1,1,0,0,0,0,0,0,0,0,0,3,0,1,1,2,0,17,5,0,1,2,3,7,9,5,0,0,6,0,0,0,0,2,0,1,0,0,3,0,1,0,4,9,21,7,0,7,27,4,1,1,0,0,0,0,1,0,10,1,1,0,6,0,0,1,0,1,0,3,0,17,3,1,8,1,9,1,0,10,2,0,0,3,0,0,2,3,0,1,3,0,1,0,1,0,1,10,3,0,0,11,1,0,0,11
0,5,9,1,1,4,0,0,2,3,1,0,2,2,3,3,1,3,3,0,1,0,0,3,0,0,0,0,7,0,0,1,3,0,1,2,0,5,17,4,29,10,7,0,1,0,1,4,2,0,1,8,0,2,0,1,19,0,0,0,1,16,0,0,2,0,2,0,1,1,2,5,2,1,1,1,0,5,10,0,3,2,0,3,1,0,0,1,3,0,0,2,0,0,0,6,1,2,0,0,0,2,0,0,0,0,5,0,0,2,0,2,1,0,1,0,0,13,3,0,0,0,0,18,2,1,0,4,0,0,1,0,0,3,0,3,0,1,1,1,1,0,3,1,0,0,0,6,2,1,0,1,0,2,0,1,0,0,1,0,1,0,0,2,0,3,3,15,2,0,4,3,1,4,10,2,0,2,3,0,1,0,0,2,1,0,0,0,15,0,5,6,2,2,15,7,1,2,15,3,2,0,0,1,1,0,1,0,12,0,0,1,7,0,1,1,3,1,2,0,0,7,2,1,7,0,3,0,0,5,0,0,0,1,0,0,4,1,0,1,1,1,0,1,0,2,1,2,0,0,0,9,0,0,0,9
0,5,0,3,14,0,1,6,4,0,8,0,3,2,2,1,8,5,0,2,5,0,0,0,1,0,1,0,6,4,1,4,4,0,0,1,0,1,3,0,7,3,1,0,2,3,2,31,26,0,0,9,1,0,0,0,5,5,2,0,3,4,1,0,6,0,3,0,0,0,2,1,1,0,0,0,1,2,3,2,2,4,1,1,5,0,2,0,0,2,3,2,0,0,0,2,2,0,1,1,1,1,1,2,0,4,9,0,1,3,0,1,0,0,0,0,0,4,2,0,0,0,0,13,0,0,0,0,0,2,1,0,0,0,1,3,0,5,2,1,0,0,2,0,1,0,1,3,0,2,0,2,2,8,0,0,3,0,2,0,0,1,2,1,0,2,1,5,2,0,6,2,1,2,1,2,1,1,1,0,1,3,2,3,28,1,1,17,3,1,3,1,1,0,3,0,2,1,7,6,1,1,0,0,0,4,2,0,1,0,1,0,0,12,8,0,0,0,2,0,9,1,5,1,1,8,1,1,0,0,1,0,0,1,0,0,1,0,0,2,0,1,2,0,0,7,1,7,1,0,0,2,0,3,0,1
0,6,0,0,3,1,0,0,2,1,1,0,0,0,0,1,1,0,0,0,0,4,0,0,1,0,1,0,0,1,8,1,3,0,4,17,0,1,7,1,8,13,0,0,2,1,1,3,0,1,2,1,0,3,0,0,38,0,1,1,1,24,1,7,3,0,1,0,1,2,2,0,0,4,3,2,30,1,3,1,1,4,0,1,0,5,0,1,3,12,0,5,1,0,1,1,0,0,3,1,1,0,5,0,1,0,0,0,1,0,1,0,0,0,0,1,0,0,3,0,0,1,0,27,1,0,0,1,0,0,0,0,0,2,1,5,0,0,2,13,0,0,0,2,0,0,0,2,0,0,1,2,1,1,0,0,0,0,4,0,0,3,0,0,1,2,0,3,4,0,2,1,1,0,9,1,0,2,5,0,0,0,1,0,0,0,0,14,2,0,5,0,1,20,8,0,0,2,3,0,1,0,1,0,1,0,1,0,1,2,0,1,0,0,3,0,1,1,1,1,1,13,2,0,1,0,1,4,1,1,1,0,1,1,1,1,2,0,0,1,0,1,3,1,2,2,0,16,2,0,1,14,2,1,0,2
0,11,2,0,0,2,0,0,17,0,1,0,6,0,0,1,1,2,0,0,2,0,1,4,2,0,3,2,4,2,0,2,2,0,8,0,0,1,3,0,5,20,0,0,9,38,2,1,0,0,0,4,1,0,0,0,33,0,0,1,0,20,4,0,3,1,2,0,0,0,3,0,1,0,1,0,0,1,2,3,4,2,0,2,0,1,0,0,6,0,0,4,0,0,0,1,0,2,0,0,0,4,8,2,0,3,1,0,1,0,3,2,0,0,2,0,0,6,5,0,0,3,0,16,0,0,0,7,0,0,2,1,0,1,0,3,0,2,4,7,1,0,0,1,0,0,0,3,0,0,0,2,1,1,1,0,0,0,2,0,26,0,0,4,4,4,8,12,4,0,9,3,1,0,9,8,0,0,8,3,0,0,0,5,1,0,0,2,7,0,0,0,5,9,23,4,3,5,8,8,1,1,2,0,0,1,0,0,1,0,0,0,0,0,2,0,0,0,1,2,0,4,2,0,6,5,0,1,2,3,2,1,0,1,0,0,2,0,0,2,4,1,0,1,3,0,0,4,0,0,1,3,0,0,0,7
0,6,0,0,4,2,0,3,1,0,9,0,2,2,2,4,5,1,1,0,1,12,0,1,1,0,2,3,2,0,1,2,4,0,4,2,0,1,0,1,8,13,3,0,3,2,2,2,4,1,1,1,1,0,1,1,11,0,1,0,4,3,1,1,1,3,0,0,1,0,3,2,0,1,1,5,0,1,1,0,1,4,0,2,1,1,0,0,3,0,0,2,0,0,1,0,0,1,0,0,0,1,1,6,1,1,4,1,2,1,1,1,0,1,2,0,1,4,0,1,0,0,3,10,0,1,0,8,2,0,0,3,2,1,2,3,1,1,2,2,0,0,2,1,0,0,1,1,0,0,1,8,1,0,1,1,0,0,4,3,0,2,0,2,0,6,0,9,3,0,9,2,1,1,8,5,1,4,1,0,1,2,0,3,5,0,1,4,6,0,0,0,3,16,4,1,1,1,13,3,0,4,1,0,1,3,1,1,2,0,0,1,2,2,0,1,0,1,1,1,1,9,5,2,6,3,1,4,0,2,0,0,0,0,0,1,6,0,0,0,0,1,2,2,1,2,0,5,12,0,0,2,9,1,0,7
0,7,0,0,0,0,0,0,0,0,1,0,2,0,0,1,1,0,0,0,5,2,0,2,0,2,0,2,1,0,0,1,1,0,4,4,2,3,11,2,22,15,11,0,3,1,0,3,16,0,0,2,2,2,0,0,30,0,2,3,9,17,6,0,1,0,1,0,0,0,3,0,1,0,3,3,2,1,1,0,0,1,1,0,0,5,1,0,1,3,0,2,2,0,0,1,0,1,0,0,0,0,4,0,2,0,0,0,0,14,0,3,3,0,0,1,1,0,3,2,0,3,0,25,0,1,0,3,0,0,2,1,0,1,0,3,0,0,4,14,2,0,0,0,0,0,0,1,0,0,1,2,0,0,0,0,0,0,3,0,0,0,1,3,0,5,0,1,4,0,7,1,1,2,4,2,1,3,6,8,4,0,0,0,0,2,0,0,44,0,4,0,0,19,4,0,0,1,0,3,0,0,18,0,0,0,0,0,0,0,0,2,0,0,1,0,0,0,4,1,0,7,1,1,0,0,1,5,1,1,0,0,0,0,0,1,1,1,0,1,0,0,0,1,0,2,0,1,0,0,0,0,0,0,0,0
1,8,1,0,1,3,6,0,10,0,2,0,6,1,0,1,0,0,0,0,7,11,0,1,1,0,0,0,1,0,6,1,2,0,0,2,0,2,13,0,5,15,1,0,2,5,2,3,1,0,0,0,0,1,0,0,48,0,2,0,2,44,0,4,2,1,2,0,1,0,3,0,2,1,0,0,10,0,4,1,0,4,4,0,0,0,0,1,1,2,0,3,2,0,0,4,0,1,0,0,0,0,10,1,0,0,0,0,0,0,1,2,0,0,1,0,0,7,2,1,0,2,0,30,0,0,0,1,0,0,0,2,0,2,3,22,1,1,6,11,0,0,1,0,0,0,3,0,0,0,0,1,0,1,0,2,0,0,2,2,0,0,0,0,1,3,1,5,4,1,6,2,2,0,5,3,0,0,7,0,0,0,1,2,0,4,0,0,12,0,2,0,6,14,5,0,2,1,4,3,0,1,0,5,0,0,0,0,2,0,1,0,1,0,1,0,0,1,0,1,0,4,0,0,3,0,0,2,0,1,0,0,0,0,0,0,3,0,0,1,0,1,0,0,1,0,0,8,0,0,0,4,0,0,0,2
0,10,0,0,0,2,0,0,2,0,1,0,0,0,0,2,2,0,0,1,0,0,0,1,2,1,0,0,8,0,2,1,2,0,2,11,0,3,8,1,6,12,0,0,4,3,0,1,2,0,0,0,0,3,0,0,3,0,1,0,0,12,3,0,1,2,2,0,0,1,2,3,1,0,7,0,0,1,1,0,1,1,0,4,4,0,0,2,1,1,0,13,1,0,1,1,0,1,1,2,3,0,6,7,0,0,5,0,0,0,0,1,0,1,2,2,0,1,0,6,0,0,0,39,0,0,6,7,0,1,0,0,0,4,0,4,0,1,1,9,0,1,0,1,0,0,1,0,1,0,1,4,0,1,0,0,0,0,2,0,0,2,1,1,50,3,3,4,6,0,4,2,1,0,5,2,0,0,7,0,0,0,1,0,2,0,0,0,0,1,0,1,1,2,11,0,0,1,8,6,0,0,4,0,0,0,0,0,1,0,0,8,9,1,1,0,0,2,4,6,0,12,1,1,0,16,0,1,1,3,1,0,0,0,0,0,1,1,1,1,0,1,0,1,1,0,2,0,5,0,0,16,0,0,0,0
0,19,1,1,13,0,2,2,1,0,5,0,6,0,7,0,4,1,0,1,3,0,0,0,4,3,3,0,8,2,2,2,1,1,1,1,1,3,0,0,1,6,3,1,1,7,0,12,18,0,1,0,1,0,3,0,3,0,1,0,3,1,1,1,0,0,0,1,0,0,2,0,1,1,0,1,0,1,2,1,12,0,0,7,5,0,1,1,0,0,3,2,1,2,2,10,3,0,0,0,1,1,0,1,0,1,3,1,5,1,0,0,0,4,0,0,2,7,0,0,0,0,0,2,1,0,0,0,1,0,2,0,1,4,0,4,4,4,4,0,0,11,6,2,0,0,1,1,0,23,1,9,2,0,0,0,1,0,0,0,1,6,0,1,2,1,1,1,4,1,0,0,1,0,4,2,3,4,0,0,3,4,1,0,2,1,3,6,3,3,1,0,1,3,3,1,2,0,4,13,0,2,0,0,3,1,0,1,2,1,0,0,0,9,9,0,3,1,2,0,15,0,1,2,2,2,1,0,0,1,0,0,1,2,11,0,19,2,0,1,0,7,3,6,1,1,0,2,2,1,1,0,2,4,2,0
1,16,0,1,1,3,2,0,7,1,1,0,3,0,0,1,2,0,0,0,6,0,0,0,1,1,1,15,2,2,3,1,4,1,0,12,2,1,3,2,10,13,0,0,3,3,2,1,14,0,0,2,0,1,0,0,0,0,0,0,0,35,0,1,1,0,2,0,1,1,1,0,1,0,4,0,0,2,0,1,4,1,0,2,1,0,0,2,2,0,0,4,0,0,1,1,0,0,1,1,0,2,6,0,2,1,2,0,0,2,0,0,3,0,2,0,0,7,2,0,0,0,0,16,0,0,1,3,0,5,0,0,0,2,1,3,1,2,1,2,0,3,1,1,0,1,0,4,0,1,0,1,0,1,0,0,0,0,5,0,0,0,1,0,0,2,2,11,6,0,0,4,2,0,9,2,0,0,2,0,0,0,0,6,2,0,0,3,17,0,1,1,5,4,21,3,30,6,12,2,1,5,4,0,0,0,0,0,6,0,0,1,3,1,0,0,1,0,2,0,0,0,1,0,2,3,0,1,2,0,0,0,0,2,0,0,2,2,2,1,0,1,0,1,0,1,0,0,0,0,0,1,0,1,0,4
0,14,0,1,0,4,1,0,12,0,2,0,6,1,0,2,1,1,0,0,5,1,0,4,0,0,2,9,3,0,12,2,3,0,1,3,3,5,1,1,3,7,0,0,1,22,3,2,2,0,0,1,1,3,0,1,1,0,0,0,2,2,1,1,1,3,2,0,0,0,1,2,0,0,5,4,0,0,3,2,1,2,0,3,2,0,0,0,1,3,0,8,1,0,3,2,0,0,0,0,0,0,11,0,9,0,0,0,0,1,1,0,2,2,8,1,0,7,1,0,0,0,0,36,2,2,3,6,0,0,4,0,0,1,3,1,4,1,3,9,0,1,0,0,0,0,2,1,0,0,0,2,0,0,0,0,0,0,0,1,0,5,0,0,0,3,1,2,5,0,0,2,2,3,1,11,0,1,6,0,3,0,0,4,1,2,0,0,11,0,0,2,4,3,18,1,0,1,18,6,0,0,0,0,0,0,0,0,6,0,0,1,0,1,0,2,0,2,0,1,0,3,1,0,7,4,1,3,2,1,1,1,2,1,1,0,5,1,0,2,2,1,0,1,0,0,0,0,5,2,0,9,1,0,0,7
0,7,0,0,0,1,1,0,3,2,1,0,15,0,1,1,1,0,0,0,2,0,0,1,1,0,21,4,4,1,0,2,1,0,2,3,1,1,5,0,7,14,1,0,1,1,1,2,7,0,0,1,0,5,0,3,34,0,0,0,10,15,1,0,1,0,1,0,2,0,1,0,1,0,0,1,0,0,0,1,0,1,1,1,1,3,0,2,3,4,0,2,0,0,0,1,0,2,1,0,4,5,6,1,0,0,2,0,0,2,0,2,1,0,0,1,0,4,0,2,0,0,0,48,0,1,1,11,0,2,0,3,0,2,0,2,0,2,3,10,1,0,1,2,0,0,0,2,0,0,1,3,0,2,0,0,0,0,3,1,0,0,1,0,1,7,2,3,6,1,5,1,1,1,4,0,0,1,1,0,0,0,1,2,1,1,1,1,7,0,0,1,1,18,11,1,0,1,6,4,0,2,0,2,0,0,1,0,3,0,0,0,2,0,2,4,2,5,2,0,0,14,4,0,0,1,1,4,1,3,0,0,0,0,0,0,1,0,0,1,0,0,0,0,1,4,0,9,1,0,0,12,0,0,0,0
0,3,0,0,8,0,0,0,1,2,4,0,5,1,3,0,9,3,2,0,0,0,1,1,2,0,2,0,1,4,2,1,3,0,0,4,0,2,0,0,1,11,1,0,3,2,0,10,25,1,6,2,0,0,0,1,8,0,1,2,1,2,3,0,5,6,0,0,1,2,3,5,3,0,0,0,5,2,0,4,0,1,0,1,7,6,2,1,0,0,7,3,0,0,0,3,1,0,3,3,0,2,0,6,0,3,2,0,0,1,2,1,1,0,0,0,0,2,5,8,1,0,0,30,0,2,0,4,0,1,4,2,0,1,0,5,0,1,2,4,1,1,1,1,8,0,0,2,0,1,1,3,0,0,0,0,0,0,1,0,1,1,1,0,2,1,1,3,5,0,0,2,0,0,2,0,0,1,2,0,3,0,1,1,7,3,3,1,16,1,2,0,0,0,17,0,0,0,5,3,0,1,1,0,0,1,0,0,0,0,0,0,4,0,0,0,0,0,1,0,0,5,4,2,3,0,1,0,0,4,1,2,5,0,0,0,1,0,2,4,0,2,1,1,0,15,2,3,3,0,0,14,3,0,1,4
0,14,1,0,1,3,0,0,5,0,1,0,14,1,0,2,1,0,0,0,1,0,0,4,2,1,1,5,2,0,2,2,4,2,1,4,2,1,3,1,9,16,0,0,4,2,1,1,3,0,0,7,5,3,0,1,9,0,0,1,1,9,2,0,1,1,1,0,1,0,2,11,4,0,3,0,0,1,4,1,13,1,0,2,0,0,0,0,1,2,0,3,0,0,0,1,0,1,0,0,0,1,16,1,0,0,2,0,0,2,4,3,0,0,0,0,0,7,3,0,0,0,0,19,0,3,0,7,0,0,0,0,1,2,4,2,1,0,0,4,0,2,0,0,0,0,1,3,0,1,1,6,0,1,0,0,0,1,1,0,0,0,0,0,1,1,2,8,5,0,8,1,5,1,9,4,0,0,1,0,0,0,1,2,5,0,0,0,6,0,0,1,2,0,7,2,1,3,15,10,0,1,2,0,0,0,1,0,6,0,3,20,10,1,2,2,0,0,2,0,0,5,4,1,6,2,1,3,3,2,0,0,1,0,0,0,1,0,0,11,0,1,0,1,0,0,0,0,4,0,0,5,0,0,1,9
0,10,0,0,0,4,0,6,2,1,2,1,6,1,0,2,0,3,2,0,5,5,0,3,2,0,1,3,2,0,1,2,3,0,0,3,0,3,5,3,10,10,1,0,0,8,1,3,1,0,0,1,6,1,0,0,5,0,0,0,0,12,0,0,2,0,2,0,0,0,4,3,2,0,0,0,2,1,8,0,0,11,1,1,1,2,0,0,1,5,0,3,0,0,0,1,0,3,0,0,1,0,1,0,0,0,0,0,0,1,0,4,0,0,0,0,0,8,1,2,0,1,0,26,1,2,0,3,0,0,0,0,0,1,2,1,2,2,0,9,0,2,0,0,1,0,0,3,0,0,0,3,0,1,0,0,0,0,1,2,0,1,0,0,1,3,0,5,3,0,3,2,2,0,6,5,0,0,3,2,0,2,8,5,0,0,0,9,16,0,21,0,1,10,8,4,10,2,11,1,0,1,0,2,0,1,0,1,3,1,2,0,0,1,0,3,0,1,1,1,0,12,5,3,2,1,2,2,0,0,1,0,1,0,0,0,3,1,0,2,0,0,0,0,0,3,0,0,4,0,0,2,0,0,0,0
0,5,1,0,0,2,0,0,2,0,1,0,2,1,0,1,2,0,0,0,0,6,0,4,3,0,1,11,1,0,3,2,3,1,3,3,0,4,6,0,9,18,0,0,3,12,3,3,2,0,0,1,7,0,0,0,10,0,0,0,0,8,3,0,1,0,3,0,0,0,1,1,2,1,1,0,0,1,3,2,8,1,1,3,1,0,0,3,3,1,0,3,0,0,0,2,0,14,0,3,2,0,5,0,0,0,2,0,0,5,2,3,0,0,3,1,0,7,0,1,0,0,0,31,0,6,0,10,0,0,0,0,0,2,0,2,1,0,3,2,0,0,1,1,0,0,1,2,1,0,1,0,1,1,1,1,0,0,3,2,1,1,1,1,0,1,0,17,6,0,2,2,1,4,16,6,0,1,1,0,3,0,1,4,1,0,0,1,10,0,0,0,4,2,19,1,0,9,12,9,1,1,1,2,2,0,4,0,9,1,0,1,10,0,0,2,1,0,1,11,0,5,7,2,4,2,1,6,0,4,0,0,3,1,0,1,3,0,0,3,1,1,0,1,0,0,0,1,0,0,0,7,0,0,0,5
0,2,1,0,12,0,0,2,4,1,9,0,1,2,2,1,11,2,3,0,5,0,0,0,4,0,3,0,10,3,2,4,1,0,0,1,2,2,4,0,3,1,1,0,3,0,2,47,39,0,0,0,1,0,3,2,1,0,1,4,0,2,7,0,0,1,3,0,0,0,2,0,0,3,0,3,0,2,0,0,1,0,2,1,1,0,3,0,0,0,0,0,0,0,0,1,3,2,3,1,0,2,0,0,0,0,4,0,3,8,2,1,0,3,0,3,2,0,0,0,1,0,2,1,1,0,0,2,1,1,0,0,0,2,3,3,6,3,3,3,1,3,2,0,1,0,3,3,0,5,0,0,1,0,0,0,2,0,1,0,0,0,0,0,1,0,2,1,0,4,1,0,0,0,1,3,0,0,0,1,0,0,2,0,9,0,0,1,6,1,1,0,2,1,0,6,1,0,10,0,0,3,1,0,0,6,0,0,2,0,1,1,0,17,5,0,1,2,2,1,16,0,2,1,1,1,0,0,0,0,3,1,1,1,7,1,0,1,0,0,1,4,1,1,0,0,0,10,4,0,0,0,0,3,3,4
0,7,2,0,0,4,1,7,8,1,1,1,4,2,0,1,1,0,2,2,1,0,0,3,0,1,2,1,6,1,1,2,2,0,0,0,1,1,6,10,8,13,2,0,3,0,0,2,2,0,1,5,1,2,1,0,0,0,3,0,0,13,0,0,1,0,1,0,3,0,1,0,1,0,0,0,0,3,8,1,0,2,0,1,1,0,0,0,3,0,0,2,0,1,1,3,0,0,0,3,1,0,4,0,0,2,0,2,1,0,2,5,0,0,1,0,0,6,1,0,0,0,4,26,3,11,0,3,0,0,0,3,0,1,1,1,1,0,2,10,0,2,2,1,0,0,0,2,0,2,0,5,1,0,0,1,0,0,3,0,0,0,0,4,0,2,3,9,4,0,3,1,1,2,9,4,1,0,1,0,0,5,0,1,1,0,0,1,30,0,4,1,5,15,8,3,4,2,11,4,4,0,1,0,2,0,1,1,8,0,0,1,1,0,2,0,0,3,1,0,0,5,1,0,10,0,1,2,0,0,0,0,0,0,1,1,2,1,0,1,1,1,0,1,3,0,0,0,0,2,0,1,0,0,0,6
0,7,0,1,0,3,0,5,3,0,4,0,3,3,0,1,1,8,0,0,1,1,0,29,5,0,2,0,1,0,1,2,3,0,3,2,2,1,3,0,4,12,0,0,4,2,2,4,4,1,0,0,0,0,0,0,6,0,1,0,0,10,2,0,4,0,1,0,0,3,8,0,1,0,1,0,2,1,1,0,8,3,0,3,0,2,0,2,2,0,0,5,1,0,1,2,3,1,0,0,0,0,5,0,2,0,4,0,0,0,1,0,5,0,1,1,0,1,4,0,0,2,0,11,1,0,0,3,0,0,9,1,0,3,0,3,0,0,4,28,1,1,0,1,0,1,1,5,0,0,1,9,0,0,0,0,3,0,4,0,0,1,1,5,1,4,0,3,3,0,5,4,1,0,4,8,0,0,4,4,0,0,7,3,0,19,0,0,13,0,17,2,1,8,11,3,2,4,3,4,0,1,1,32,1,2,0,0,0,0,0,0,0,1,0,0,4,0,1,0,0,7,3,3,3,5,0,1,0,1,0,0,0,2,2,1,1,0,1,1,0,2,0,1,1,0,0,0,0,1,0,9,0,0,0,1
0,26,1,1,1,2,2,0,13,0,1,1,7,4,3,1,1,0,1,0,4,0,0,2,2,0,1,1,7,0,2,1,2,0,6,7,1,5,6,0,5,11,0,0,9,3,0,3,0,0,0,2,0,1,0,0,3,0,2,0,5,11,0,0,1,3,2,0,1,0,2,2,3,0,0,0,0,1,6,2,27,7,0,1,0,4,0,1,13,3,1,4,2,1,5,2,0,3,0,0,0,0,6,0,0,1,0,0,1,0,2,5,2,0,0,0,0,7,1,0,0,0,1,33,0,0,0,2,0,0,0,3,0,1,1,3,3,0,3,3,0,2,0,2,0,0,1,2,0,0,0,8,1,1,2,0,0,0,8,1,0,2,2,0,1,2,1,3,3,4,1,1,2,1,6,5,1,0,1,1,0,0,1,1,0,0,0,0,11,0,0,3,5,16,8,2,0,1,7,2,0,0,1,0,0,1,0,0,0,0,0,7,0,0,0,1,0,3,1,6,0,2,4,1,0,3,2,2,0,0,1,0,2,0,2,0,2,2,0,9,0,1,0,1,0,2,0,0,1,0,0,1,0,0,0,6
0,3,1,0,2,2,3,1,2,0,1,0,7,1,0,1,1,1,1,0,1,2,0,14,0,2,3,3,5,1,1,1,4,0,2,0,3,1,2,0,6,15,0,0,5,19,2,2,1,0,0,4,2,3,0,0,1,0,0,0,1,12,1,0,1,0,1,0,0,1,1,0,4,0,0,0,0,1,5,1,0,2,0,3,1,0,1,1,6,3,1,7,0,0,0,2,0,1,0,0,0,3,7,0,0,0,2,0,0,1,2,2,2,0,3,0,0,5,0,1,0,1,2,11,0,1,0,4,0,0,0,0,0,2,1,4,0,0,1,1,0,0,0,1,0,0,1,1,0,0,0,0,1,0,0,0,0,0,0,0,0,0,1,0,2,1,3,18,6,0,6,3,1,1,10,1,0,1,3,0,0,2,0,5,1,0,1,0,8,0,0,1,4,15,24,8,0,8,14,4,0,0,1,0,0,0,16,0,6,1,0,0,1,0,0,1,1,1,1,1,1,5,5,1,16,0,0,1,1,3,0,1,2,1,1,0,1,0,0,1,0,0,0,1,0,0,0,0,0,0,0,1,0,4,0,11
0,7,0,0,0,3,0,1,4,0,1,0,3,2,0,2,2,0,1,0,1,0,0,1,2,1,4,5,3,1,0,10,2,0,0,4,0,1,1,5,8,23,0,0,1,7,1,2,0,0,0,1,1,0,0,1,1,0,0,0,1,5,0,0,1,8,1,0,0,0,1,19,1,0,2,3,1,1,5,0,40,5,0,5,11,0,18,0,2,2,0,4,0,2,0,2,0,1,0,12,2,2,2,0,4,0,0,0,4,0,0,3,1,0,2,1,0,7,0,9,0,0,0,5,0,4,0,1,0,1,0,1,0,1,1,1,0,0,1,2,0,0,0,1,0,1,0,2,0,0,0,3,0,2,0,0,0,0,0,1,2,0,0,0,1,1,0,5,5,0,3,1,1,0,5,7,0,0,5,0,0,0,0,3,1,0,0,0,10,0,1,1,1,0,9,1,0,2,2,3,0,1,0,0,0,0,2,0,0,0,0,4,9,1,1,0,0,0,1,0,0,6,3,1,5,7,1,0,0,5,1,0,2,2,5,0,1,0,1,22,0,0,0,1,0,1,0,1,1,0,1,0,0,1,0,0
0,6,2,1,8,0,1,2,8,0,9,0,0,3,5,0,14,1,0,2,1,0,1,2,1,0,3,0,2,2,0,3,1,0,0,1,3,1,2,1,3,2,1,0,4,7,2,30,28,0,1,4,0,0,0,0,2,0,2,0,0,4,3,5,0,1,1,0,0,0,3,0,0,1,1,1,0,1,2,1,2,0,0,0,4,0,4,0,0,0,0,0,0,0,0,1,6,0,0,0,0,1,1,0,1,1,1,0,4,2,0,0,1,6,0,3,0,2,0,0,0,1,0,4,1,0,0,1,0,4,1,1,0,2,3,4,16,5,0,1,0,0,5,5,8,0,0,2,0,0,1,2,3,0,0,0,1,0,4,0,0,1,1,0,2,0,0,1,22,1,1,0,1,0,2,3,1,1,0,0,1,3,2,0,11,2,1,1,0,2,0,1,6,0,18,0,11,0,5,20,0,0,0,1,2,4,4,0,2,1,1,1,0,24,1,0,3,0,5,0,16,0,3,1,1,0,0,0,0,0,1,0,3,0,0,0,2,1,0,1,1,4,1,1,0,1,0,0,1,0,0,0,9,6,2,0
0,1,0,1,9,0,0,2,3,53,4,0,1,0,0,0,4,0,0,0,3,2,1,0,3,0,1,1,4,2,4,1,0,3,0,1,4,3,1,1,2,0,1,1,3,1,1,2,7,0,0,8,0,0,2,0,4,1,0,5,1,2,0,1,0,0,1,0,0,1,5,0,0,1,2,0,5,1,1,1,1,8,1,0,2,0,0,0,0,2,0,0,2,3,0,2,1,0,2,5,0,1,0,5,1,2,1,0,0,5,3,1,1,27,8,1,0,0,3,0,0,2,1,0,1,0,0,3,1,3,0,0,1,2,1,1,2,2,2,1,0,0,1,1,0,0,7,0,0,5,0,0,0,31,0,0,0,0,0,0,0,0,4,0,0,3,0,1,0,1,4,1,1,4,0,1,1,1,0,1,0,1,0,1,4,2,1,12,1,1,0,2,1,0,0,1,0,2,3,0,2,0,1,2,1,4,2,0,0,0,1,0,24,6,1,0,2,0,4,0,1,3,2,2,0,4,0,0,3,5,0,4,2,0,1,0,1,0,0,2,2,2,3,2,0,1,1,4,0,0,0,1,15,0,1,0
0,8,1,0,4,1,0,1,7,0,3,0,5,0,6,2,3,6,0,0,30,3,0,0,3,0,1,0,3,1,1,0,2,0,0,0,0,2,4,0,9,9,0,0,2,0,2,4,8,0,0,0,0,1,2,3,15,1,1,0,1,5,2,0,0,1,1,0,0,0,6,0,0,0,0,0,2,1,8,0,1,2,0,1,0,0,1,1,1,4,0,1,0,1,0,2,0,0,2,0,0,0,3,0,0,0,3,0,1,3,1,0,2,0,1,1,3,6,1,0,1,0,0,17,1,0,0,12,0,0,0,0,0,2,1,1,0,0,4,6,0,1,0,0,0,0,0,1,0,2,0,0,0,0,1,0,1,1,1,0,10,3,0,1,0,1,0,1,2,2,11,2,2,0,3,14,0,0,3,0,0,1,2,1,3,0,0,12,16,0,25,2,2,2,13,0,0,0,3,2,1,2,1,0,0,1,0,0,1,0,1,0,7,2,4,0,3,1,3,1,7,5,1,1,0,2,0,3,2,5,0,0,1,1,0,0,2,1,0,1,1,1,0,3,0,0,0,4,0,0,0,10,0,0,2,0
0,3,3,1,0,3,0,2,15,0,3,0,23,0,0,2,0,0,0,0,8,0,0,2,1,0,13,0,4,0,0,4,5,0,2,2,0,3,8,3,7,13,0,0,1,26,4,2,3,0,0,0,0,1,0,1,15,0,0,0,1,4,0,0,2,0,2,1,1,0,6,1,0,2,2,0,0,0,2,0,2,20,2,3,2,4,1,0,4,3,0,4,0,1,0,6,3,3,1,0,0,0,7,1,1,3,0,0,0,2,2,11,1,0,1,2,0,0,1,3,0,0,0,38,0,1,0,2,0,0,1,2,0,1,1,2,1,0,5,4,1,0,0,0,0,0,0,4,0,0,2,4,0,0,0,0,0,0,5,1,0,0,0,2,0,7,2,6,3,2,8,2,4,1,5,0,1,4,11,5,4,4,0,0,1,0,0,0,21,0,0,0,2,16,6,0,1,1,3,0,0,3,0,0,0,0,2,0,0,0,0,0,0,0,0,0,0,0,1,0,0,5,2,1,0,2,1,5,1,2,0,0,1,3,0,0,2,1,5,2,0,0,0,0,1,0,0,3,0,0,0,3,0,0,0,0
0,8,1,1,11,0,1,0,6,0,5,0,3,10,1,1,9,2,1,3,5,0,2,0,3,0,3,0,5,3,0,1,0,0,0,6,4,1,1,1,1,0,1,0,3,0,0,18,20,1,5,0,0,0,1,2,3,0,0,31,0,1,0,0,0,0,1,0,0,0,2,1,0,0,0,0,0,2,0,1,1,0,1,0,1,0,5,1,6,1,1,0,0,1,3,0,2,0,1,0,0,1,0,6,0,1,1,0,1,3,0,0,0,0,1,24,0,1,1,0,0,1,0,2,1,1,0,1,0,5,0,0,0,2,2,2,9,5,2,1,0,4,4,1,11,0,0,0,0,0,1,1,1,1,0,0,0,0,0,0,3,0,1,0,1,0,1,0,2,1,3,0,0,0,4,2,3,1,0,0,1,1,0,1,7,0,7,9,1,4,0,3,1,0,0,1,5,0,14,2,1,4,14,0,0,4,0,5,0,0,0,0,0,12,5,1,2,0,2,1,9,0,5,4,0,4,0,2,0,0,1,0,3,1,0,1,1,1,0,0,1,3,3,2,0,3,0,3,1,1,1,1,4,2,0,3
0,2,2,1,2,1,0,0,0,0,2,0,4,1,0,1,2,1,1,0,1,2,0,0,2,1,0,2,2,0,0,0,1,0,5,7,0,4,11,8,8,11,0,0,2,0,0,3,8,1,0,3,1,0,0,2,29,0,0,0,7,25,6,0,0,0,3,0,1,0,7,0,0,0,3,0,0,1,3,0,0,1,2,4,0,0,0,3,0,0,0,1,1,0,0,2,1,4,0,0,0,1,7,2,1,1,3,0,0,3,1,0,1,0,0,7,0,10,2,1,1,2,0,41,0,0,0,8,0,3,0,1,1,3,3,4,2,1,2,9,2,0,1,1,3,0,0,3,0,2,0,2,2,0,0,1,2,0,0,0,0,1,0,0,0,1,1,3,2,0,4,1,2,1,3,4,0,0,4,1,1,1,0,0,4,1,0,5,25,0,0,2,0,3,15,0,0,1,9,3,3,1,1,0,0,2,3,0,1,0,0,0,7,1,2,1,0,1,1,2,1,2,1,0,2,1,0,0,1,2,1,0,0,1,0,0,2,2,0,1,2,1,0,1,1,0,1,0,0,1,0,6,0,0,0,1
0,12,3,0,1,4,1,0,4,1,2,0,2,0,0,1,1,0,1,0,0,0,0,3,2,0,1,6,3,0,4,1,3,1,2,5,3,3,6,0,5,18,2,0,3,30,2,1,0,0,0,0,9,1,0,1,2,0,0,0,0,9,1,0,1,0,1,0,2,0,1,2,1,0,1,0,0,1,3,3,21,1,0,2,2,0,1,3,6,0,0,7,0,0,0,4,0,1,0,0,0,0,5,0,3,0,4,0,0,1,0,3,0,0,2,4,0,8,0,0,0,0,0,14,2,0,0,5,1,0,0,1,0,2,0,2,0,0,1,1,1,0,0,0,0,0,1,0,3,0,1,1,0,1,0,0,0,0,4,0,0,0,0,1,1,3,1,9,8,0,3,1,2,4,7,4,0,0,3,0,2,0,0,9,4,1,1,0,5,0,1,1,2,1,19,0,1,4,8,6,0,0,0,2,2,0,5,1,3,0,2,0,4,0,4,0,0,0,1,1,0,2,2,1,15,5,1,2,2,0,1,0,1,0,0,0,3,1,2,12,0,1,0,1,0,3,0,1,2,0,0,1,0,0,0,21
1,0,0,2,1,5,0,0,0,34,1,0,0,2,2,4,0,0,0,9,1,0,0,2,1,0,1,0,0,0,4,3,4,0,0,0,0,1,1,0,1,0,0,0,8,5,0,1,0,1,0,3,0,1,0,1,2,3,3,8,0,2,0,1,1,1,5,0,0,1,0,0,0,0,0,0,0,0,3,1,0,9,1,0,0,1,0,0,0,3,0,0,0,14,0,2,1,0,0,0,0,1,0,0,1,24,0,2,0,0,25,1,0,28,1,0,0,0,3,0,2,1,0,4,3,0,0,1,0,0,0,6,0,3,1,0,0,0,0,0,0,8,0,2,6,0,8,0,1,2,1,7,3,11,1,3,1,42,0,1,0,0,0,0,0,1,1,0,3,0,1,1,3,0,10,0,7,0,1,0,0,1,2,1,0,0,0,1,2,2,2,1,8,0,1,22,0,1,0,1,4,0,0,0,0,1,2,1,0,0,0,0,22,1,0,0,1,1,2,1,0,0,0,0,0,0,3,0,3,0,1,0,0,0,0,1,1,0,0,0,0,1,0,1,0,1,0,6,1,0,0,0,1,0,1,0
0,11,3,0,2,1,1,3,6,0,4,0,3,2,0,1,2,0,0,0,6,1,0,0,2,4,2,5,1,1,2,1,5,3,1,3,0,2,5,0,2,9,0,0,3,2,2,1,0,0,0,8,1,5,0,0,4,1,1,1,2,11,0,0,1,1,1,0,0,0,1,2,6,0,0,0,1,2,1,0,3,4,0,3,0,0,0,1,2,1,3,5,0,0,0,2,0,0,1,8,2,1,8,2,0,0,3,0,0,2,0,5,0,0,3,0,0,10,0,2,0,1,0,19,0,1,2,2,0,0,1,0,2,0,0,1,1,0,0,4,0,2,0,0,0,0,1,0,0,1,0,1,0,0,0,0,0,0,1,0,1,0,0,3,2,2,0,3,7,0,5,2,2,5,7,4,0,2,3,0,2,0,0,3,4,1,2,0,15,0,1,0,7,11,14,6,29,4,18,12,0,1,1,1,2,0,2,0,6,4,0,1,3,1,3,0,0,0,3,1,2,5,5,0,17,8,0,3,0,1,1,0,4,0,1,0,1,0,0,6,0,0,2,1,0,0,0,1,2,1,0,2,0,0,3,9
3,1,1,1,11,0,0,0,3,38,6,1,4,2,2,0,6,3,0,3,1,0,5,0,1,0,1,0,5,2,0,0,4,1,1,6,0,1,0,0,0,0,1,0,1,1,0,6,12,0,0,2,0,0,0,1,1,2,0,2,0,2,1,2,4,2,0,1,0,0,4,0,0,0,1,1,3,0,0,2,0,0,1,0,1,1,1,0,0,2,0,0,0,0,0,2,0,1,0,32,0,0,2,0,0,1,0,0,2,9,18,0,6,17,12,2,0,0,1,2,0,4,0,2,3,0,0,3,3,7,4,0,0,1,4,3,3,2,15,0,1,2,3,0,1,0,7,13,2,3,0,1,0,4,1,1,7,0,1,0,3,0,3,0,0,1,1,3,2,1,5,0,0,2,0,2,0,4,2,0,1,2,2,2,6,1,0,0,3,3,0,2,3,1,0,0,2,0,4,0,2,1,1,0,0,0,3,0,0,0,0,0,2,5,4,1,1,1,2,0,2,0,1,1,1,0,0,0,0,0,0,0,1,0,0,2,1,1,0,0,1,2,4,1,0,1,0,5,0,1,0,0,4,1,2,1
0,4,2,0,0,3,0,0,0,0,2,0,0,2,0,1,1,0,4,0,1,0,1,2,4,0,0,1,3,0,1,2,3,0,2,2,1,3,0,0,4,14,3,2,2,1,4,2,1,1,0,2,0,3,0,0,0,1,1,0,0,7,1,0,1,2,2,0,3,0,1,10,4,0,1,0,0,1,1,3,15,2,0,1,4,12,0,0,6,0,1,10,0,5,0,3,0,0,0,14,0,2,1,0,0,0,1,0,0,1,0,1,0,0,2,0,0,6,3,24,0,1,0,16,0,1,0,7,0,0,0,4,0,3,1,1,0,0,1,1,0,0,0,1,0,0,0,0,0,1,1,5,1,0,0,0,0,0,1,1,0,0,0,2,0,1,2,8,8,0,3,3,1,2,8,2,3,1,1,0,0,0,0,2,3,5,5,1,9,3,0,4,1,6,12,3,0,4,20,1,0,1,2,0,3,0,0,0,5,1,1,0,4,0,1,1,3,0,1,0,0,11,3,0,5,0,0,2,6,2,0,1,0,0,1,1,1,1,0,1,0,1,0,1,1,2,0,1,0,0,0,6,0,12,0,6
0,2,6,0,2,7,1,0,5,2,2,0,3,0,4,1,2,0,4,0,0,0,0,5,2,1,0,1,6,1,0,1,1,0,0,2,1,2,9,0,14,6,0,0,2,2,0,7,6,0,0,1,0,2,0,0,30,0,2,0,8,6,3,1,1,1,1,0,1,0,5,8,2,0,2,2,0,1,1,0,0,6,0,2,0,1,0,0,4,5,1,2,1,0,2,3,2,6,1,0,1,1,5,0,1,0,2,0,1,0,4,1,0,0,1,2,0,5,21,0,0,0,0,30,0,0,4,4,0,2,0,1,0,5,0,2,1,1,4,2,0,0,0,1,0,0,1,1,0,2,0,0,0,3,0,0,0,0,2,1,0,5,0,0,1,1,0,9,2,1,1,2,1,4,5,3,0,0,2,9,4,0,0,2,1,0,0,0,3,0,1,2,0,15,8,2,0,4,19,2,0,1,1,0,0,1,0,0,9,2,2,1,1,0,3,0,2,3,1,2,0,7,2,0,4,0,1,1,0,2,1,0,1,0,2,0,2,0,2,2,0,0,0,0,1,3,0,0,1,0,0,2,0,0,1,3
0,7,1,0,0,5,1,0,5,2,2,0,2,0,2,2,0,4,2,0,2,0,0,3,1,0,1,0,3,1,1,1,2,1,9,0,0,3,8,6,7,15,0,0,1,16,2,2,0,0,0,2,1,5,0,1,16,0,0,0,0,11,2,0,1,0,2,0,3,5,4,2,0,0,0,0,1,0,5,0,0,7,0,0,0,0,0,3,1,1,1,4,2,0,1,3,0,0,1,0,0,0,1,1,0,0,4,0,0,1,3,1,1,0,2,2,0,2,5,5,0,0,0,9,0,1,0,8,0,0,0,3,0,1,3,1,0,2,1,6,0,0,0,1,0,0,0,6,0,0,1,2,0,0,0,0,0,0,0,2,1,0,0,1,0,5,1,5,6,0,5,2,2,7,5,4,0,0,3,2,0,0,0,1,0,0,0,0,14,0,6,2,1,19,6,5,0,1,14,3,1,1,0,8,0,1,2,0,5,0,0,0,1,0,1,0,2,1,1,1,0,5,4,6,3,0,1,6,1,0,1,0,0,0,0,1,3,1,1,2,0,0,0,0,0,0,0,0,0,0,0,0,1,0,0,18
1,1,0,1,17,0,0,3,3,0,9,0,1,2,0,1,21,3,4,0,2,0,5,0,1,0,1,0,0,0,2,4,2,0,0,0,6,1,1,0,3,0,1,0,1,8,1,33,17,0,4,0,0,0,0,1,3,1,1,1,0,1,2,0,2,0,1,1,0,0,1,0,0,2,0,1,1,2,0,1,0,1,0,0,4,0,1,1,0,0,19,0,14,0,1,2,7,1,2,0,0,0,1,4,1,2,0,0,0,11,3,1,0,2,1,0,0,1,2,8,1,0,2,5,1,0,0,0,2,0,0,0,0,0,2,2,0,5,0,1,2,0,6,7,0,0,0,3,0,0,0,0,2,2,0,0,2,0,0,0,0,2,1,0,0,1,0,0,0,0,0,5,1,0,0,1,0,0,1,0,1,0,0,0,1,0,1,4,0,0,0,0,1,20,0,0,0,0,7,1,0,6,0,0,0,0,1,0,2,0,0,2,1,1,0,0,0,1,1,1,16,1,4,3,0,0,1,0,0,1,3,1,1,1,2,2,8,0,0,0,0,1,2,0,9,0,0,7,2,1,0,1,5,3,0,0
0,1,2,0,0,2,0,1,3,0,1,0,0,0,0,3,1,0,0,0,0,5,0,3,0,0,4,0,0,0,0,1,3,0,5,4,1,2,9,1,23,15,0,0,1,1,3,2,2,0,0,0,0,0,0,0,2,0,0,0,1,13,1,0,1,0,3,0,1,0,1,1,0,1,1,0,0,1,2,1,0,7,0,1,0,1,0,1,4,2,1,4,0,0,0,1,1,1,1,0,2,1,0,1,0,0,0,3,1,26,3,0,2,2,0,1,0,0,1,0,1,0,0,40,0,0,0,2,0,0,1,0,0,1,0,3,0,1,5,13,0,0,0,1,0,0,2,0,0,0,0,7,0,1,0,0,0,0,5,0,4,2,0,3,1,5,0,4,3,0,3,2,2,0,5,10,0,2,5,1,1,0,1,1,2,0,1,8,28,0,2,1,2,1,4,0,0,0,1,7,0,2,0,0,0,0,1,0,0,0,0,0,1,0,0,0,1,0,1,2,0,3,2,0,0,18,0,3,0,0,1,0,4,0,0,1,3,2,6,1,0,2,0,0,0,6,0,1,4,0,0,7,0,0,0,0
2,4,2,0,21,0,5,3,1,0,23,0,6,3,3,1,6,3,0,14,5,0,0,0,1,0,2,0,3,3,1,1,1,0,0,1,0,7,2,0,5,1,1,1,1,1,0,40,30,0,1,0,1,0,1,0,7,0,2,1,1,2,2,0,1,0,2,4,0,0,1,0,1,2,0,2,1,2,0,1,1,1,0,0,2,0,1,0,1,6,0,0,0,3,0,0,0,0,2,3,0,5,0,0,0,0,3,0,5,3,1,0,11,0,0,1,0,0,0,0,0,0,0,1,0,1,0,0,0,2,0,0,0,0,3,2,0,3,1,1,0,0,1,3,6,1,3,1,0,0,3,0,2,0,1,0,1,0,1,3,0,0,0,1,9,1,0,0,2,0,1,2,1,0,0,3,0,1,3,0,1,1,6,0,5,0,0,3,2,3,0,0,12,0,0,0,0,1,12,4,0,0,1,0,0,0,0,1,1,0,1,0,3,21,3,1,0,4,1,2,14,0,3,0,1,1,0,1,0,1,0,0,0,0,0,0,1,0,0,0,0,1,1,0,0,0,0,6,0,0,1,0,4,3,0,1
0,7,0,0,2,3,0,1,1,1,2,0,3,3,1,3,2,0,0,1,1,2,1,0,3,1,4,1,5,0,0,1,5,0,0,8,1,2,0,0,2,11,0,0,0,2,0,3,7,1,2,5,1,3,1,1,4,1,1,0,1,9,2,0,2,0,4,0,2,0,2,1,0,0,4,0,7,1,2,2,0,18,0,9,1,0,0,0,1,2,1,5,1,2,1,3,0,0,2,0,12,1,2,1,0,0,0,0,0,0,0,6,1,0,0,0,0,6,0,0,0,1,2,9,0,1,0,2,0,0,1,2,2,4,0,4,0,1,2,3,0,0,1,0,0,0,0,2,0,1,2,7,0,1,0,0,0,0,0,0,0,2,0,7,0,4,1,3,4,1,2,4,2,0,4,0,0,0,7,1,0,0,0,1,2,0,0,5,1,0,0,0,0,15,5,3,0,3,14,2,0,0,1,0,0,0,0,0,2,2,3,5,0,1,4,0,1,10,0,0,0,5,0,0,2,11,3,0,0,2,2,0,0,0,0,0,5,0,11,23,0,0,1,2,1,0,2,0,4,0,0,11,3,29,0,1
0,4,0,0,7,0,1,2,3,26,5,0,6,0,0,7,9,1,1,0,2,2,1,0,1,0,4,0,2,3,0,3,4,1,0,4,0,7,1,1,0,1,1,0,4,3,7,14,15,0,0,0,0,0,0,2,3,1,0,0,0,5,7,0,0,1,2,1,3,0,1,0,1,0,0,1,7,0,0,2,2,9,2,0,1,0,1,1,0,3,0,1,1,2,0,4,9,1,0,1,0,0,0,0,0,15,3,3,1,9,1,1,0,5,2,0,2,4,0,2,2,0,0,3,0,1,0,5,0,5,0,1,0,3,0,0,0,2,1,1,0,1,2,1,0,0,2,1,0,9,1,0,1,10,7,1,0,0,0,3,1,1,1,0,0,4,0,4,1,3,0,2,2,2,0,0,1,1,1,0,0,1,5,1,1,6,0,0,2,2,0,3,2,3,1,1,0,3,9,5,2,3,0,1,0,11,2,0,1,1,0,2,0,7,2,2,1,0,3,0,5,1,4,7,0,0,1,0,1,0,2,0,0,0,0,0,1,0,1,1,1,1,1,1,0,0,0,1,1,0,1,0,2,1,0,0
3,3,0,0,13,0,1,5,1,0,6,2,0,0,6,1,8,3,1,1,1,0,1,0,2,0,1,2,5,0,0,2,0,0,2,3,1,2,0,0,4,3,1,0,3,8,3,24,35,1,1,0,0,0,0,0,2,0,1,3,0,3,3,2,0,0,0,0,1,0,2,0,0,1,0,0,4,2,0,1,3,5,0,0,7,0,3,2,0,4,0,0,2,0,0,2,0,0,4,0,1,1,0,4,1,1,3,0,2,0,0,1,0,0,0,0,0,0,0,1,0,0,0,0,0,2,0,7,0,1,0,1,0,0,5,3,1,3,1,2,0,2,3,4,0,0,0,0,0,39,0,3,1,1,4,0,0,1,7,0,2,2,1,0,1,0,0,0,0,1,1,0,0,0,0,2,1,0,0,4,9,1,1,0,3,0,0,11,1,3,3,1,4,0,0,3,0,1,13,2,0,1,7,1,2,19,3,1,1,0,0,0,3,14,12,0,2,0,4,0,4,0,3,3,0,1,0,0,0,0,2,0,5,0,0,0,0,0,0,0,0,1,1,1,4,0,0,1,4,0,0,0,5,4,0,2
1,3,0,1,0,0,1,0,8,49,2,0,0,2,1,6,1,0,0,1,3,0,0,0,1,0,0,1,12,0,6,0,1,0,0,14,4,1,0,0,0,0,0,0,0,0,0,1,0,12,0,2,1,0,0,0,0,2,3,5,1,1,0,1,1,7,3,0,0,0,0,0,0,0,1,0,6,0,4,1,0,4,1,0,1,4,0,0,2,3,2,0,1,9,0,0,3,0,0,2,0,1,2,2,2,11,0,1,0,0,30,1,0,45,6,0,0,2,1,0,2,1,0,1,0,0,0,2,0,0,0,0,4,3,1,1,0,0,0,0,1,2,0,1,1,0,4,0,0,0,2,8,0,9,1,0,1,7,0,1,0,0,2,0,1,3,2,7,3,1,2,1,5,1,7,0,8,9,1,0,0,3,1,2,0,0,0,1,2,2,1,1,2,1,1,2,0,1,0,0,1,0,1,0,0,2,0,0,0,0,0,0,0,1,0,0,2,0,1,0,0,2,1,0,2,0,3,2,0,0,1,0,0,1,15,2,1,0,0,0,0,1,0,1,0,2,0,2,2,0,0,0,1,0,0,0
0,5,1,3,0,2,0,1,0,0,2,2,13,0,0,1,1,0,0,0,5,6,0,0,1,4,0,0,3,0,1,1,1,0,9,1,2,2,0,3,5,14,0,0,3,3,0,2,0,0,0,0,0,0,0,0,20,0,0,1,2,5,1,0,1,1,1,0,0,0,2,1,0,1,0,0,4,1,1,3,2,6,1,1,0,2,0,0,5,0,1,4,0,0,1,1,0,0,0,0,2,0,3,0,0,0,0,1,0,1,1,3,4,0,3,0,0,1,0,1,0,2,0,26,2,0,0,5,0,1,0,4,0,3,2,2,1,2,3,3,0,0,0,1,0,0,0,2,0,0,4,8,0,0,0,1,0,0,3,2,0,2,0,0,0,2,1,4,3,0,4,1,2,0,3,1,1,2,2,2,1,0,0,1,0,0,0,5,18,0,28,1,1,21,6,0,1,0,3,1,1,0,1,0,2,0,1,0,0,0,0,7,0,0,0,0,1,0,1,0,0,10,2,0,0,0,1,7,0,0,0,0,2,1,1,1,3,1,5,1,2,2,1,1,0,2,0,8,0,0,0,9,1,0,1,0
3,1,0,0,7,0,0,0,9,1,28,0,16,3,0,4,15,1,0,8,3,0,3,0,3,1,4,0,2,4,0,3,2,0,0,1,0,1,0,0,2,3,1,0,3,3,0,26,20,0,1,1,1,0,0,1,4,0,1,0,1,3,5,2,1,1,2,1,1,1,3,1,0,2,0,1,0,0,0,0,2,3,0,0,1,0,8,1,0,0,0,1,0,0,0,1,1,0,0,0,0,1,0,1,0,1,0,1,1,1,0,0,0,5,1,0,0,10,0,1,0,0,0,4,1,1,0,5,0,1,0,0,2,2,0,0,2,2,1,0,1,1,10,2,0,0,0,4,2,0,0,3,2,0,2,0,1,0,0,0,0,0,0,0,1,1,0,1,2,1,4,1,7,3,1,0,1,0,1,0,2,0,1,0,0,3,0,0,2,0,1,0,2,2,3,1,0,0,13,2,0,2,0,0,2,0,0,0,3,1,0,0,0,19,0,2,5,3,1,0,16,1,2,3,6,0,0,1,0,0,0,0,2,0,0,1,1,0,0,0,0,0,1,1,0,0,0,4,2,0,0,1,13,2,0,0
0,5,2,0,1,1,1,0,8,1,2,0,1,1,0,1,1,0,1,0,2,0,0,1,1,2,6,0,2,1,3,1,4,0,0,0,1,1,3,3,4,15,0,0,2,14,0,3,6,0,1,2,2,0,0,0,4,0,2,0,0,10,3,0,1,0,1,0,0,0,2,0,0,0,2,0,4,1,1,0,1,7,0,1,0,0,0,0,1,2,0,3,0,0,2,2,0,1,0,0,0,0,8,0,0,1,0,0,0,0,0,0,1,1,2,0,0,6,3,0,0,0,0,4,0,2,1,0,0,0,0,3,2,2,1,2,2,1,4,10,0,1,2,0,0,0,0,3,0,0,4,1,0,1,1,1,0,0,6,0,1,4,0,2,0,1,2,9,8,0,5,2,1,5,5,6,1,3,2,0,1,1,8,3,2,0,0,1,9,1,19,5,6,31,17,4,1,2,8,3,0,0,0,1,1,1,3,0,9,5,0,0,0,0,1,0,0,0,1,4,2,10,1,1,5,0,0,2,0,0,0,0,0,1,1,0,2,1,1,2,1,0,0,0,0,1,0,11,1,1,0,16,1,0,0,5
0,3,2,0,19,0,2,3,0,0,5,2,3,2,5,0,7,5,3,3,1,0,2,0,1,0,2,0,4,7,1,2,1,0,0,0,1,2,0,3,4,0,1,0,3,1,3,36,32,0,5,3,0,0,5,2,1,0,1,4,2,2,1,0,0,7,2,3,0,0,2,0,0,5,0,0,6,2,0,3,0,1,0,0,5,0,5,0,1,3,0,0,0,0,0,3,7,0,0,0,0,0,0,0,0,3,5,0,4,5,1,2,0,2,3,0,1,2,0,0,0,0,0,0,0,3,0,1,0,2,0,0,0,0,3,3,0,3,2,3,1,2,1,0,0,0,0,0,0,4,1,2,2,0,2,0,1,0,1,0,0,2,0,0,1,0,0,0,0,1,0,0,1,0,0,3,0,1,0,1,1,0,1,0,17,3,2,3,0,0,0,0,3,0,1,0,2,0,12,6,0,4,3,0,0,2,0,0,0,0,0,0,0,17,5,0,2,0,2,1,11,0,3,2,2,6,0,0,1,0,0,2,4,0,2,3,2,0,0,1,0,1,1,1,1,5,0,5,0,2,0,3,14,2,0,0
0,7,0,0,0,1,1,0,4,1,3,0,2,0,0,3,1,0,0,0,1,0,1,6,2,0,0,0,5,3,1,1,2,0,0,1,0,4,15,0,19,8,2,0,0,1,1,2,0,0,0,2,0,0,0,1,4,2,0,0,1,3,0,0,1,0,2,0,0,0,1,6,0,0,1,0,0,4,17,0,3,3,0,0,1,1,0,3,5,0,0,2,0,0,1,2,0,4,0,0,0,1,2,0,0,1,5,2,0,1,2,5,2,0,1,1,0,6,2,5,0,0,4,34,0,5,0,10,0,0,0,2,0,1,1,1,0,0,3,4,2,0,0,3,0,0,1,0,0,0,0,2,0,0,0,0,0,1,1,1,0,2,0,0,1,2,0,3,4,0,0,2,2,0,6,1,0,0,4,0,2,4,0,1,0,0,0,0,17,0,0,0,0,5,16,3,0,5,13,2,0,2,7,0,0,1,12,0,4,0,0,2,4,0,1,0,0,1,1,2,2,10,6,3,1,0,1,1,0,4,0,1,0,0,0,0,2,1,0,2,0,0,0,0,2,10,0,0,0,0,1,4,0,0,0,1
0,2,1,1,16,0,0,0,3,16,2,0,14,2,0,8,8,1,0,0,0,2,0,0,1,0,5,0,5,1,0,4,0,0,0,2,0,1,0,2,0,1,1,0,3,3,2,14,12,2,2,2,0,0,1,1,2,1,3,0,0,2,3,1,0,1,1,0,1,0,2,0,0,0,0,0,9,1,0,0,2,0,8,0,0,0,3,1,0,1,1,0,2,2,0,0,0,0,4,0,1,0,0,0,0,7,1,0,1,0,7,1,2,26,7,1,4,3,0,0,0,1,0,1,0,2,0,5,3,9,0,1,1,4,3,0,1,1,4,1,1,3,2,3,2,0,12,0,0,9,3,3,0,11,2,0,0,8,0,0,2,1,0,0,0,4,0,0,6,3,1,1,0,0,6,2,1,0,0,0,1,1,1,4,0,0,0,0,1,5,1,3,5,0,0,0,0,2,6,1,2,6,6,0,1,4,1,0,1,0,0,2,2,10,9,0,0,1,2,1,3,0,4,7,0,1,0,0,1,0,3,0,2,1,0,0,1,1,0,0,0,3,2,2,0,4,0,0,1,0,0,0,2,2,0,1
2,8,1,0,0,4,4,0,10,0,2,3,5,0,0,2,0,0,0,0,2,0,0,1,4,0,2,4,0,0,8,1,3,0,2,0,2,3,7,0,9,15,1,0,0,1,2,7,3,0,0,0,4,0,0,1,9,0,0,0,4,8,3,1,2,0,3,1,1,0,3,0,0,0,0,0,0,1,4,0,0,3,0,3,0,0,0,0,4,1,0,6,0,0,0,2,0,2,2,0,0,3,10,0,0,0,0,0,1,0,1,0,0,0,3,1,0,3,0,1,1,1,0,42,0,0,0,11,0,0,0,0,0,3,0,2,3,0,6,9,0,0,0,0,0,0,0,1,0,0,0,0,0,1,0,0,0,0,2,1,0,4,0,0,0,4,2,6,8,0,1,2,2,1,6,12,1,0,5,5,8,0,0,2,0,3,0,0,10,0,1,0,0,5,17,0,0,1,7,8,1,1,1,0,0,3,3,0,0,1,0,2,3,0,1,0,0,3,1,0,1,6,0,0,0,0,9,4,1,4,0,1,0,3,0,0,2,0,0,2,1,0,0,0,0,11,0,14,0,2,1,15,1,0,0,1
0,25,0,1,2,2,1,16,10,0,1,1,10,4,1,1,3,0,0,0,1,0,0,7,2,1,0,0,4,0,2,5,3,0,0,7,2,1,2,0,4,12,0,0,3,0,1,2,0,0,0,1,0,0,0,1,7,0,0,0,0,4,1,0,1,1,1,0,0,4,1,1,0,0,1,0,1,0,4,0,0,14,0,3,1,1,0,1,3,0,0,4,0,0,0,3,0,0,0,0,0,0,23,1,0,0,0,0,1,0,3,3,0,0,6,3,0,3,3,0,0,0,0,23,0,0,1,0,0,0,3,0,1,2,1,4,1,0,1,7,0,1,0,1,1,0,0,0,0,0,0,5,0,0,0,0,0,0,8,0,0,1,0,0,0,8,0,4,8,1,1,1,1,0,5,11,0,0,1,0,0,0,1,4,0,0,0,2,10,0,16,0,4,6,9,0,0,1,5,2,0,0,2,0,2,1,7,0,1,0,1,2,0,0,1,0,0,1,1,0,0,1,4,1,0,1,0,2,2,0,0,0,0,0,0,0,1,1,0,1,0,1,0,0,0,0,0,1,0,0,0,0,0,0,0,1
0,1,0,1,1,0,6,0,5,0,2,0,1,2,0,1,1,0,0,0,1,1,0,2,3,0,0,5,3,0,1,1,2,0,0,4,1,1,7,0,14,15,3,0,4,1,1,3,1,9,0,2,0,0,0,0,14,0,0,0,2,11,0,0,1,0,2,0,0,1,1,21,1,0,1,0,0,1,6,0,0,3,0,3,3,0,0,4,3,3,1,3,1,0,0,2,0,7,0,2,0,0,1,2,3,0,1,0,0,0,2,3,6,0,4,0,1,1,2,0,0,0,0,38,1,9,0,5,0,0,0,0,0,2,0,4,0,0,2,1,0,0,1,0,0,0,0,0,0,0,2,0,0,1,0,0,0,0,2,1,0,2,1,0,0,2,0,1,4,0,0,2,1,0,3,0,0,1,1,0,0,0,0,1,1,0,0,1,5,0,0,1,8,3,18,0,1,2,4,0,0,1,1,0,0,0,13,5,2,0,0,0,16,3,3,2,1,0,1,3,1,8,1,1,0,0,0,1,0,8,0,1,1,3,0,2,2,4,0,1,0,0,0,1,0,21,0,0,1,0,0,0,0,0,1,2
0,8,0,0,0,3,1,0,10,2,2,0,4,3,0,1,0,0,2,0,0,3,0,3,0,1,4,4,4,0,6,2,5,0,0,0,0,1,2,0,3,21,1,0,0,1,0,1,0,0,0,4,0,4,0,0,6,6,0,0,3,5,1,0,1,3,1,0,4,2,3,1,0,0,1,0,0,1,6,1,14,1,3,6,0,0,1,0,4,1,0,6,0,0,2,4,1,0,1,4,2,7,10,0,0,1,2,1,0,2,0,0,1,2,0,2,0,5,2,0,0,1,0,3,0,0,1,3,2,0,0,2,0,1,0,1,0,1,1,0,0,0,1,0,0,0,0,3,0,0,0,4,0,1,1,0,0,0,0,0,2,2,0,0,0,1,0,7,6,0,5,1,1,1,7,5,1,0,3,1,0,0,1,2,1,0,0,0,12,1,19,0,1,6,13,0,0,5,6,4,1,2,0,0,1,0,0,0,3,2,1,4,29,0,2,0,1,1,1,19,0,0,1,1,8,2,1,2,2,0,0,0,0,4,4,1,2,1,2,16,0,0,0,3,1,0,0,1,3,0,0,0,0,4,0,2
0,5,0,0,1,1,0,0,0,0,2,0,1,1,0,2,0,0,0,0,1,1,0,2,0,0,1,0,1,0,1,2,4,0,19,2,0,2,2,0,2,14,1,0,0,1,1,2,0,0,6,1,1,2,0,1,11,0,0,0,0,17,0,2,2,0,2,0,1,0,0,0,7,1,0,0,0,0,5,0,0,9,0,0,1,1,1,0,5,2,2,5,1,0,0,1,0,0,0,0,0,0,0,0,0,0,0,0,0,0,0,0,2,0,1,0,0,4,0,0,0,2,0,1,0,1,0,8,0,0,0,2,0,2,1,4,2,0,3,1,0,2,0,0,0,0,0,0,0,0,0,6,0,1,2,0,0,0,2,0,0,0,0,1,0,4,0,10,9,0,3,3,2,4,8,1,0,0,3,0,0,7,2,5,1,2,0,1,8,0,0,0,3,21,7,4,37,3,10,4,0,0,1,1,0,0,2,0,5,0,8,1,0,0,0,0,0,0,0,0,0,18,0,0,8,0,1,2,0,0,0,0,0,1,2,0,2,1,1,1,2,2,0,0,0,3,0,0,3,1,0,0,1,0,1,19
0,21,1,0,0,3,0,8,16,1,4,0,1,3,0,1,3,0,0,0,11,3,0,2,1,0,3,1,8,3,1,1,1,2,1,4,0,2,7,1,6,10,4,0,2,1,0,5,0,1,0,0,0,0,0,0,6,0,1,0,0,9,3,0,1,0,3,0,1,4,1,1,0,0,7,0,0,1,2,2,6,10,0,6,0,0,0,0,4,3,0,4,0,1,1,1,0,2,0,1,0,0,15,0,0,4,0,0,0,0,0,9,1,0,1,2,0,5,0,1,0,2,1,27,2,0,2,1,0,0,0,0,0,1,0,2,0,0,0,3,0,1,0,0,0,0,0,1,0,0,0,4,0,0,0,0,0,0,2,1,0,0,0,0,1,3,0,3,1,0,3,1,1,0,4,4,0,0,2,0,0,0,2,2,0,0,1,0,14,0,2,0,6,13,8,0,0,1,4,4,0,1,0,0,0,1,0,0,0,0,0,1,4,2,2,0,2,0,2,10,0,6,3,0,0,3,2,5,0,2,0,0,3,2,0,0,1,0,1,9,0,3,1,1,2,0,0,0,2,0,1,7,0,0,1,0
0,6,3,0,34,0,0,1,3,0,6,1,5,2,0,3,7,8,0,5,3,0,5,0,1,0,5,1,7,7,0,1,2,0,4,0,0,3,1,0,2,0,1,0,1,4,0,45,36,0,6,0,0,1,0,1,1,1,1,1,0,1,5,0,0,0,1,0,0,0,1,0,1,0,0,0,1,1,0,1,1,1,0,0,0,0,5,0,0,0,0,0,0,0,0,0,0,1,0,0,1,2,3,1,0,0,0,0,2,18,8,2,0,0,0,0,2,3,0,0,1,0,0,5,0,1,0,0,0,1,0,0,1,0,4,5,0,1,3,1,1,0,2,6,0,0,0,3,0,0,0,0,2,0,0,0,1,0,1,1,0,0,0,1,1,1,1,0,0,0,0,1,1,0,0,2,0,0,2,0,1,0,0,0,0,0,1,0,4,0,2,0,1,1,2,0,0,1,1,1,1,0,1,0,0,6,0,0,0,0,0,0,1,3,0,0,0,0,1,0,3,0,3,0,4,1,1,0,0,1,2,0,5,0,10,0,1,0,0,2,0,0,8,1,0,22,0,5,3,0,0,0,1,1,1,0
0,3,0,2,10,0,0,2,5,0,6,0,9,0,0,0,11,2,1,6,2,0,1,0,5,2,2,0,8,3,0,4,1,1,0,0,1,4,0,1,1,0,1,0,4,1,0,27,26,0,7,0,0,3,1,0,1,1,1,1,0,2,0,0,0,0,1,0,0,0,2,0,0,2,0,1,0,2,0,0,1,0,0,1,2,0,1,1,0,6,1,0,0,0,0,3,4,0,1,0,1,4,0,1,0,1,3,0,3,4,0,2,0,1,0,0,3,1,0,1,0,0,0,2,0,0,0,6,0,2,0,0,0,0,4,3,1,2,1,2,3,0,1,4,0,0,0,2,1,26,1,0,2,1,1,0,0,0,0,0,2,2,1,0,0,0,0,1,0,1,1,1,3,0,0,2,0,0,0,0,1,0,0,0,0,1,2,1,0,1,0,1,2,1,2,0,0,1,10,12,1,1,2,0,0,5,0,2,0,0,0,1,0,25,13,0,1,1,2,1,23,0,2,3,0,1,0,0,0,0,2,0,3,1,0,0,1,0,0,0,0,1,1,2,0,0,0,2,1,0,0,0,1,2,0,2
2,9,0,0,0,4,0,0,14,0,4,0,10,0,1,1,1,0,0,0,0,1,0,3,1,0,8,5,1,0,4,1,3,0,1,3,1,2,5,1,6,14,0,0,0,0,3,2,0,0,0,0,0,1,0,0,2,0,1,0,0,11,1,0,2,0,2,0,1,0,0,0,1,0,0,0,0,0,4,1,5,2,0,1,0,0,0,3,3,1,0,5,0,0,0,2,0,7,0,0,1,3,9,0,0,0,0,1,0,1,0,0,1,0,0,0,0,9,3,1,0,0,6,36,0,4,0,5,0,0,0,0,0,1,2,1,0,1,2,12,0,0,0,0,0,1,0,1,0,0,0,0,1,0,0,1,0,0,2,1,0,2,1,1,3,8,1,7,9,0,3,2,3,0,9,8,1,0,3,0,0,0,0,3,1,0,5,1,14,0,0,1,5,2,10,0,0,6,7,9,0,3,0,0,0,0,1,0,1,0,0,0,4,2,1,0,0,0,0,0,0,3,1,0,1,1,1,1,1,0,1,0,1,0,0,0,4,1,0,6,1,0,0,0,2,0,1,0,0,2,2,6,1,0,0,1
1,1,0,1,7,0,0,0,0,1,18,4,3,3,8,17,2,1,0,0,0,7,1,0,10,0,1,0,6,3,1,2,1,1,0,0,0,1,1,2,3,0,1,0,3,1,0,23,13,0,1,0,0,0,1,1,1,3,3,2,0,3,2,1,1,6,1,0,1,0,1,0,0,2,0,2,0,1,1,0,6,3,0,0,3,1,9,3,0,0,0,0,0,1,0,6,8,0,0,0,0,0,0,1,0,0,9,1,0,14,0,1,0,2,0,0,1,0,2,2,2,0,0,1,0,1,0,0,1,4,0,0,0,1,0,3,2,3,2,1,1,0,1,0,0,2,0,0,0,5,0,0,1,1,5,0,1,2,0,0,0,3,0,0,1,1,1,1,2,1,0,4,1,1,1,1,0,0,1,1,0,0,0,0,2,0,0,0,0,1,0,1,1,0,0,0,0,0,8,12,0,4,0,1,0,0,0,1,2,0,0,1,3,11,8,0,0,2,4,1,18,0,4,0,0,0,1,0,0,1,4,3,0,1,0,1,1,0,0,0,1,0,1,0,0,0,0,0,4,0,0,2,10,1,1,0
0,3,0,1,0,2,0,0,5,0,1,0,4,1,0,3,1,0,4,0,15,0,0,5,3,0,7,2,0,0,0,2,4,0,5,1,0,2,4,0,5,24,0,0,1,1,1,1,1,0,0,0,0,1,0,1,21,0,0,0,0,7,0,0,1,0,2,0,0,0,8,3,0,0,1,0,0,1,6,1,0,3,0,1,0,0,0,0,2,8,0,5,0,0,0,1,0,1,4,0,0,0,1,0,4,0,0,0,0,0,5,4,0,0,0,0,0,10,3,4,0,0,0,22,0,0,0,11,0,0,0,2,0,4,0,3,1,0,3,4,0,0,0,0,0,0,0,6,1,0,1,0,0,0,0,0,1,0,2,1,0,0,0,0,0,1,1,9,5,1,0,3,1,0,5,4,0,1,4,0,2,0,0,2,4,0,0,0,5,0,4,2,2,20,7,1,1,2,19,1,0,2,2,0,0,1,0,0,5,0,3,0,3,0,0,0,3,2,1,1,0,4,4,0,0,0,1,3,2,1,0,0,0,0,0,2,1,1,2,1,1,1,0,2,0,0,0,1,1,0,0,0,0,0,0,2
0,6,0,1,0,2,0,0,6,0,2,0,4,0,0,1,0,0,0,0,5,2,0,1,1,0,15,1,3,0,2,1,3,0,0,2,0,3,3,0,11,17,3,0,2,1,3,2,1,0,0,3,0,1,0,0,30,0,0,0,2,5,0,0,1,0,2,0,0,0,1,0,0,0,0,0,2,0,3,2,0,3,0,4,0,0,0,0,2,1,0,2,0,0,0,3,0,6,0,4,0,1,3,1,0,0,2,0,0,0,1,1,0,0,1,1,0,3,4,1,0,0,0,21,0,2,0,4,0,0,0,2,2,1,2,1,0,0,0,3,0,1,0,1,0,0,0,2,0,0,0,1,0,1,0,1,0,0,2,0,0,1,0,0,0,2,0,6,8,0,1,2,3,0,6,3,1,0,3,0,1,0,0,1,0,1,0,2,7,0,2,0,2,1,7,0,0,3,19,6,0,0,0,0,1,2,0,0,10,1,1,1,1,1,2,0,1,0,0,0,0,5,0,1,5,7,1,1,1,7,0,1,0,0,0,0,2,3,0,9,1,1,0,0,4,0,2,1,3,0,1,10,0,1,0,1
0,3,0,0,10,0,1,1,4,0,23,0,6,6,0,1,11,1,1,10,4,0,1,0,2,0,2,0,2,3,1,3,1,0,0,0,0,5,1,3,4,0,1,0,2,1,1,35,10,0,3,2,0,0,8,2,6,1,1,2,3,1,4,1,1,2,4,0,0,0,1,1,0,2,0,1,0,1,0,0,3,2,0,0,0,0,7,0,0,0,0,0,0,0,0,3,2,0,0,0,0,0,0,0,0,0,1,0,6,15,1,2,0,3,0,0,0,0,0,0,0,0,0,4,0,0,0,0,0,3,0,0,1,0,3,5,0,3,1,1,1,0,1,0,1,1,0,0,0,0,0,0,1,0,0,0,1,0,1,2,2,4,0,0,1,1,1,0,1,2,1,1,5,1,0,3,1,3,1,0,1,0,1,0,7,2,0,1,1,4,0,1,1,0,1,2,0,1,8,2,0,2,0,0,0,0,0,6,0,1,0,2,0,28,1,0,2,3,1,1,18,0,2,0,0,0,0,0,0,0,0,0,0,0,0,2,1,0,0,2,0,0,1,1,0,0,1,7,1,0,0,0,5,0,1,0
0,7,1,2,1,2,0,3,5,0,1,0,0,0,1,1,1,0,0,0,5,0,0,1,1,4,3,0,3,0,0,1,2,0,6,0,1,2,8,0,8,11,0,0,4,29,6,2,1,1,0,2,8,1,0,2,10,0,0,0,1,8,0,3,1,0,1,0,0,0,1,0,7,1,0,0,1,2,3,2,0,4,3,1,1,0,0,0,2,0,2,2,2,0,0,5,0,1,0,0,0,0,0,0,0,0,3,0,0,1,1,2,0,0,0,0,0,5,0,0,0,1,0,5,1,1,0,1,0,31,0,2,0,2,0,3,4,0,1,1,0,0,0,1,0,3,1,1,0,0,1,0,0,4,0,1,0,0,6,9,0,0,1,0,2,1,2,7,5,0,1,3,2,1,3,1,0,1,1,1,1,0,1,1,5,0,0,3,1,0,2,0,5,5,14,3,0,7,11,1,1,2,0,5,0,0,2,1,6,2,0,0,2,1,3,0,3,0,1,0,0,4,1,0,11,1,0,4,0,8,0,0,1,1,0,0,1,0,1,1,1,1,1,1,2,0,0,0,0,3,0,5,0,8,2,8
0,5,2,0,8,0,0,0,0,1,7,2,24,0,6,4,11,0,1,6,1,0,0,0,4,1,9,0,3,0,0,1,2,0,1,7,1,2,2,0,5,6,1,0,1,3,1,24,9,0,7,1,2,0,2,0,8,0,0,0,0,2,2,0,0,1,2,1,0,0,1,0,0,1,0,0,0,0,3,0,3,1,0,2,2,0,1,1,0,0,0,0,0,0,0,4,1,0,1,2,0,1,4,5,2,0,4,0,2,0,2,0,1,0,0,1,0,0,0,0,0,0,0,20,0,0,0,1,0,2,0,0,0,1,1,3,2,1,1,1,0,1,0,2,1,0,0,0,1,0,0,0,2,0,0,0,0,1,1,0,0,0,0,1,0,2,0,2,2,0,3,1,1,0,1,1,1,3,3,0,3,1,0,0,9,1,0,3,1,1,0,0,1,2,2,0,1,1,3,13,0,4,0,1,1,0,0,0,1,0,0,0,8,25,11,1,1,0,1,1,10,3,2,0,1,3,1,0,1,1,0,0,2,0,4,1,2,0,2,1,0,2,0,0,0,0,3,3,1,0,0,2,2,2,0,5
1,2,0,3,9,0,0,1,1,0,3,0,4,2,3,0,3,1,0,0,7,0,0,0,1,0,2,2,4,3,0,2,2,1,0,2,0,0,0,2,3,5,2,0,3,1,5,30,27,2,1,0,0,0,0,0,2,0,1,0,0,4,9,0,0,4,0,0,0,0,3,0,0,0,1,0,0,1,5,0,2,0,1,0,3,0,5,0,0,0,2,0,1,0,0,2,2,0,0,0,1,1,0,1,1,1,2,0,2,1,2,0,7,1,1,2,3,2,1,1,2,0,0,3,0,2,0,3,2,0,0,0,1,3,0,3,15,2,5,3,0,1,2,1,0,0,0,0,2,5,1,0,2,0,2,0,1,1,0,0,1,1,1,1,0,1,0,3,0,0,1,2,0,0,1,0,1,1,0,0,1,2,0,1,4,1,1,1,6,1,1,1,1,0,5,0,0,2,10,0,0,3,1,2,1,0,1,0,0,0,0,0,4,23,4,2,0,0,2,1,15,1,9,2,3,1,0,0,0,0,1,0,0,0,5,0,0,0,0,1,0,2,1,1,0,0,0,0,5,0,0,2,3,2,1,9
1,8,1,2,11,0,0,0,5,0,4,0,3,0,0,2,11,2,0,0,1,4,1,0,1,2,1,0,4,7,0,4,3,0,0,0,2,3,2,1,7,6,1,0,2,3,3,12,12,0,7,0,0,0,0,0,2,1,1,1,1,4,3,0,0,8,2,0,1,0,1,4,0,1,0,0,0,3,0,0,15,2,1,0,0,0,5,0,0,1,0,0,0,0,2,3,2,1,0,0,0,2,0,0,0,1,5,1,1,1,0,0,0,8,0,0,1,4,1,0,2,0,0,8,0,1,0,0,0,4,0,0,1,1,3,4,1,1,0,1,0,1,0,0,0,0,0,2,0,0,0,0,1,0,3,0,2,1,2,0,1,2,1,0,0,2,0,2,9,2,0,5,1,4,3,2,0,0,1,0,1,0,0,0,2,0,0,2,4,1,2,2,5,0,13,0,2,1,23,1,0,2,0,3,1,15,0,0,4,2,0,0,5,4,2,0,0,3,2,1,6,0,4,2,1,0,0,0,0,0,1,0,0,0,0,1,2,3,0,1,2,2,0,0,0,0,0,1,1,0,0,0,7,1,3,4
1,2,0,0,18,0,0,0,5,1,3,0,9,0,4,1,21,3,4,3,5,0,2,0,2,0,1,1,2,2,1,2,1,0,6,0,0,1,1,0,4,0,2,0,3,2,3,25,26,0,4,0,0,0,0,3,9,3,1,1,1,2,4,1,0,1,0,0,0,0,2,0,0,1,0,0,0,1,0,1,2,0,0,0,1,0,1,0,0,0,0,1,0,0,0,1,6,0,1,0,0,2,2,0,0,6,2,1,0,4,2,0,1,2,1,0,1,4,2,1,0,0,0,9,0,0,0,5,0,8,1,0,0,2,1,4,0,1,0,1,1,8,1,1,0,0,0,2,0,13,0,2,2,0,3,0,0,0,0,0,2,1,1,1,3,0,0,1,0,0,0,0,1,2,1,2,2,0,0,0,2,0,0,0,3,1,0,0,1,0,1,1,9,1,6,0,1,0,2,8,1,1,0,0,0,2,0,0,0,0,1,1,2,1,2,0,2,0,2,0,4,1,3,1,0,0,0,0,0,2,0,0,4,0,0,0,0,0,0,0,0,1,2,1,1,0,0,11,1,0,0,0,2,1,1,1
0,3,0,0,1,1,0,0,8,1,4,9,7,1,0,1,1,0,1,0,8,0,0,1,1,3,10,0,2,0,8,2,1,1,0,5,0,1,2,7,0,13,0,0,2,0,0,5,3,0,0,2,0,8,0,0,17,0,1,0,1,12,2,0,1,2,2,0,1,0,4,0,0,0,0,0,1,1,0,0,0,1,0,0,0,0,0,0,2,0,0,4,0,0,0,1,1,4,0,0,0,3,14,0,0,0,0,0,1,0,2,3,0,0,2,0,0,0,1,1,0,0,0,39,0,0,0,2,0,0,1,0,0,1,1,4,1,0,3,5,2,0,0,4,0,0,0,1,0,0,0,3,0,0,0,0,0,0,1,0,0,0,0,0,1,3,0,2,7,0,3,1,1,0,7,2,0,0,1,2,0,2,0,0,1,0,0,0,5,0,4,1,0,16,7,0,0,3,6,1,0,0,0,0,0,0,2,0,2,0,3,1,0,0,2,0,0,0,1,0,0,12,2,0,1,1,1,3,0,0,4,2,1,4,0,0,1,1,0,2,0,2,0,0,0,0,1,13,3,0,0,6,0,0,0,1
1,3,0,1,17,0,3,0,3,0,19,0,0,1,0,0,11,0,0,0,3,0,0,0,1,1,2,0,2,8,1,6,1,0,3,2,0,2,1,0,4,0,1,0,2,2,0,37,38,1,7,0,0,1,0,2,2,1,1,3,0,5,4,1,0,3,0,1,0,1,2,1,3,0,1,0,1,1,0,0,2,4,0,0,2,2,4,1,1,3,0,0,0,0,0,1,0,0,1,0,0,2,0,1,1,2,5,1,0,0,0,0,0,2,0,0,1,2,0,0,0,1,0,2,0,0,0,1,0,5,0,2,1,0,3,4,0,5,0,4,0,3,2,2,0,0,1,1,0,22,0,1,2,1,2,0,0,0,0,0,0,0,0,3,2,1,1,1,2,0,2,2,1,0,0,2,0,1,1,1,10,0,0,1,14,0,1,0,0,1,0,2,2,3,1,0,1,1,4,0,0,1,0,0,1,5,1,0,1,0,0,0,0,4,5,0,2,1,1,0,5,0,2,0,0,0,0,0,1,1,0,1,3,1,0,0,2,0,1,0,0,3,1,0,2,0,0,4,1,1,0,0,1,2,3,1
0,12,1,0,1,5,0,0,19,1,2,0,11,0,0,2,0,1,0,0,3,0,0,4,1,0,10,4,4,0,9,1,2,0,0,2,0,2,7,0,2,7,0,0,0,0,1,5,1,1,0,0,0,2,0,1,3,0,0,0,0,10,0,0,2,1,2,0,0,0,0,1,1,0,2,0,0,1,2,0,0,2,1,0,4,0,0,0,2,0,0,2,3,2,2,1,0,2,1,1,0,3,14,3,0,0,0,0,0,1,1,0,2,1,3,0,0,6,0,0,0,0,0,35,2,0,0,4,0,0,0,0,0,1,3,3,0,1,4,6,0,0,0,6,0,0,0,1,0,0,0,1,0,0,0,0,0,5,6,0,0,0,0,0,1,2,2,4,6,0,3,3,8,0,6,6,1,0,6,0,0,1,0,2,1,0,0,2,6,6,6,0,4,4,0,0,1,1,6,4,0,2,0,0,0,1,0,0,2,0,5,0,0,1,0,0,0,0,0,3,3,6,1,0,0,0,2,4,0,0,1,0,0,0,0,0,2,1,0,1,0,0,0,0,1,0,0,8,11,0,0,6,1,0,0,2
2,3,1,0,27,0,0,7,0,0,8,0,4,1,3,1,11,3,0,1,5,0,0,0,2,0,2,0,1,4,0,0,4,0,1,1,1,4,1,0,8,2,1,1,1,2,0,9,17,0,3,1,2,0,0,0,3,0,2,1,2,3,3,0,2,1,1,2,0,0,2,1,0,0,0,0,2,0,0,2,2,1,1,5,0,3,1,0,0,0,0,0,0,0,0,4,3,1,0,0,0,2,0,3,0,1,4,0,2,1,0,2,0,1,0,1,7,1,0,0,1,1,0,16,0,2,0,2,0,6,0,1,1,0,2,3,0,2,1,1,1,1,2,1,0,0,0,0,0,2,1,2,1,0,2,0,3,0,0,0,0,4,0,0,1,1,1,1,0,0,2,3,1,1,0,1,0,1,1,0,1,0,0,0,8,0,0,3,2,1,1,0,3,0,3,2,0,0,2,6,0,0,7,0,3,9,0,2,0,0,1,0,1,1,9,0,1,1,1,2,5,4,3,0,0,0,1,0,0,0,1,0,9,0,1,1,3,0,0,1,0,0,1,0,4,1,2,5,4,0,0,1,2,0,5,1
0,12,0,4,0,1,25,0,2,0,4,1,0,1,0,1,2,0,1,5,10,1,0,2,5,0,0,0,3,0,3,0,4,0,9,1,0,2,5,0,2,17,0,0,1,0,1,2,0,1,1,0,0,1,0,4,5,0,0,1,0,4,0,1,1,13,3,0,2,0,2,3,0,0,1,1,2,0,2,0,2,6,0,0,0,0,0,4,1,0,0,7,1,0,6,4,0,2,1,0,1,0,2,0,0,1,3,0,0,0,1,0,7,0,0,1,1,5,6,0,1,3,1,1,1,0,0,0,0,0,0,7,0,2,1,1,0,2,1,0,0,1,1,0,0,0,0,2,0,0,0,0,1,1,0,0,0,0,8,0,0,0,1,3,2,3,0,1,3,0,0,2,2,0,3,0,0,2,3,1,2,0,0,2,0,0,0,0,0,0,0,0,10,0,8,1,1,0,2,1,0,0,0,0,0,1,0,0,0,1,0,1,1,1,0,0,2,1,1,0,9,8,2,0,0,0,0,0,0,11,0,1,0,0,0,1,3,1,0,1,1,1,0,1,0,0,1,0,1,0,0,2,5,1,0,0
0,13,0,0,0,2,7,0,13,0,2,17,3,4,0,2,0,3,0,0,10,2,0,2,4,0,6,2,1,0,5,1,2,0,0,2,0,2,3,3,5,13,3,0,1,0,3,2,4,0,0,2,0,0,0,0,11,0,1,0,0,18,0,0,2,0,3,0,0,0,0,0,0,0,0,0,0,0,0,0,0,3,0,0,0,0,0,2,8,1,0,7,0,1,1,1,0,4,0,0,0,0,11,2,0,0,0,0,0,0,0,0,0,0,0,3,0,0,0,0,0,1,1,31,0,4,0,0,0,0,0,3,0,1,1,1,0,0,5,8,0,0,0,0,0,0,1,0,0,0,0,2,1,0,0,0,0,0,6,0,1,1,0,0,1,3,1,7,4,0,5,2,2,0,8,4,0,0,8,0,1,0,3,1,1,0,0,0,17,0,6,0,9,2,13,0,3,2,4,8,0,0,1,0,0,1,1,0,1,1,1,1,2,0,0,0,0,1,0,0,0,4,0,1,0,0,5,1,1,0,0,0,0,0,0,1,3,1,0,1,0,0,0,0,0,0,0,0,2,0,0,2,1,1,0,0
1,8,2,0,17,0,1,2,1,0,4,0,10,1,1,0,9,1,0,6,5,0,1,0,1,1,1,0,7,2,0,0,1,0,0,1,1,0,2,0,1,0,4,0,3,6,0,33,42,0,2,1,0,0,0,0,2,0,2,4,1,2,1,0,0,1,0,1,0,0,5,0,2,1,0,0,1,2,0,4,4,0,4,0,0,0,1,1,1,0,0,0,0,0,0,3,0,0,0,0,0,3,0,0,0,2,1,1,0,0,0,0,0,2,0,0,1,0,0,1,0,0,0,0,0,0,0,0,0,0,0,0,1,0,1,3,0,2,0,2,0,3,5,3,0,0,0,0,0,21,0,0,2,0,0,1,0,0,0,0,1,1,0,2,0,1,0,0,0,1,0,0,2,1,0,1,0,0,0,1,0,5,1,0,20,1,0,0,0,1,1,0,3,0,1,0,0,0,4,3,0,2,1,1,3,1,1,0,0,0,0,1,9,13,4,1,5,0,2,0,14,1,3,1,0,0,0,0,0,1,1,0,3,0,3,0,1,2,0,0,1,1,6,2,0,3,0,1,1,0,0,0,2,2,3,0
0,2,1,0,15,0,2,2,1,1,3,0,8,0,0,0,9,3,3,0,3,0,1,0,2,0,1,3,5,3,1,1,5,0,0,0,0,2,0,0,7,7,2,0,3,6,5,8,7,0,0,0,0,0,0,1,2,0,0,1,0,9,1,1,0,0,0,0,0,0,2,0,0,0,1,0,1,1,2,0,0,0,0,1,2,0,0,0,0,0,0,2,0,0,0,1,8,0,3,0,1,3,0,2,0,2,10,1,0,7,0,1,6,1,1,2,4,2,0,0,0,0,0,31,0,1,0,3,0,1,0,0,0,1,0,4,4,3,4,6,2,0,3,1,3,0,1,1,0,2,0,2,0,1,0,0,0,0,1,0,0,1,0,3,12,2,0,5,18,0,0,5,0,0,4,3,2,3,0,0,1,0,0,0,12,0,4,1,9,3,0,2,0,0,12,0,0,1,2,2,0,3,2,1,0,1,1,0,1,0,0,0,0,1,0,0,0,0,3,0,5,1,5,2,0,0,0,0,0,0,0,0,3,0,0,0,1,0,0,0,0,1,0,2,1,0,0,0,1,0,0,2,1,0,0,0
0,20,0,0,0,5,0,0,9,0,2,0,6,1,0,1,1,0,0,0,2,0,0,4,3,0,4,7,2,0,0,3,1,0,0,1,1,1,6,0,7,12,0,0,3,5,1,1,2,0,0,2,2,2,0,0,1,0,0,0,0,10,1,0,1,0,2,0,0,0,1,0,0,0,0,0,0,1,2,0,3,1,0,2,0,0,0,0,4,1,0,3,1,0,0,2,0,0,0,0,0,1,13,2,0,1,4,0,0,0,0,6,0,0,1,0,0,5,0,0,0,0,0,17,1,0,0,3,0,0,0,0,0,1,2,1,1,0,1,2,0,0,0,1,0,0,0,1,0,0,0,2,0,0,0,0,0,0,2,2,0,0,0,0,1,3,7,8,4,0,8,1,1,3,10,4,0,3,2,0,2,0,0,1,0,0,0,0,6,0,0,0,0,4,6,2,0,4,7,4,0,1,0,0,0,1,0,0,3,0,2,2,0,0,2,0,1,0,1,5,0,2,4,1,6,0,0,1,2,1,0,2,0,1,1,1,1,3,0,10,1,2,0,1,1,2,0,1,1,0,1,0,0,0,0,14
1,3,0,0,9,0,0,0,2,0,3,1,12,3,1,0,2,1,0,0,1,0,2,0,4,0,2,1,6,0,1,1,0,0,0,1,0,4,0,0,3,0,3,0,3,1,1,38,41,0,0,0,0,0,0,1,2,1,2,4,0,2,4,0,0,2,0,0,1,0,2,0,0,0,0,0,1,2,1,0,3,1,3,0,0,0,5,0,0,1,1,0,0,0,0,0,2,0,0,0,1,2,0,2,0,0,0,0,1,0,2,1,0,0,0,0,0,0,0,0,0,0,0,4,1,0,0,0,3,2,1,0,0,0,1,0,15,3,0,2,0,0,5,1,0,0,0,0,0,4,1,1,1,1,2,0,3,0,0,10,0,0,0,1,0,0,0,0,0,0,0,0,0,1,0,3,0,0,0,1,1,0,0,0,10,0,1,1,0,0,0,2,1,0,0,7,0,0,3,5,1,1,7,0,0,0,0,0,0,0,0,0,1,28,2,0,0,0,5,0,21,0,3,1,1,2,0,0,0,0,0,0,5,0,1,0,0,0,0,0,0,1,3,2,0,0,0,5,2,0,0,0,4,0,6,7
0,4,1,1,19,0,0,0,1,0,13,0,20,3,0,0,12,2,0,10,1,0,0,0,4,0,6,0,6,3,1,3,0,0,0,4,2,2,0,0,3,0,1,0,2,1,3,23,32,0,2,0,8,0,0,0,1,0,1,1,0,2,2,0,0,0,0,0,0,0,2,0,0,1,1,0,0,2,0,0,4,0,0,3,10,0,2,0,0,0,0,0,0,0,0,1,4,0,0,0,0,1,0,0,0,0,4,0,2,0,0,3,0,0,0,0,1,2,0,0,0,0,0,3,1,0,0,1,0,1,0,0,0,0,0,4,7,3,1,2,0,0,7,1,0,0,0,0,1,0,2,3,1,0,0,0,0,0,0,2,0,1,0,3,0,0,0,0,5,1,0,0,0,0,0,2,0,0,0,0,0,0,1,0,12,0,0,1,0,1,5,0,2,2,0,0,0,1,3,4,1,0,1,0,0,1,0,0,0,0,0,1,0,24,1,0,5,0,1,0,20,0,2,0,1,0,1,1,0,1,0,0,1,0,0,0,1,0,0,0,0,1,1,1,0,0,0,3,1,0,0,1,4,2,1,3
0,3,0,0,9,1,0,3,2,19,3,0,6,2,3,6,4,0,0,0,2,0,0,0,1,0,1,0,5,1,0,1,4,0,0,0,0,3,2,0,0,1,2,2,2,5,3,18,6,6,6,1,0,0,0,2,2,1,0,1,2,2,2,0,0,0,3,1,0,0,2,0,0,0,0,0,3,1,0,0,1,0,0,0,0,0,3,2,0,1,1,0,0,0,0,0,1,1,1,0,0,0,0,0,0,0,1,1,1,3,5,1,0,20,0,1,6,3,0,0,0,0,0,0,1,0,0,0,0,8,0,1,0,0,1,4,0,1,1,3,0,1,0,2,0,0,0,0,0,18,0,0,3,10,2,0,1,0,1,12,0,0,0,1,1,3,1,0,1,1,0,0,4,0,4,3,0,0,0,0,0,1,2,1,2,3,0,1,3,2,0,3,1,1,1,0,2,3,8,1,1,2,2,0,1,4,0,1,1,2,0,2,0,15,4,0,0,1,3,0,2,1,3,1,0,1,0,0,1,0,0,0,1,1,0,0,0,1,0,0,0,1,0,2,0,0,0,1,1,0,0,2,0,2,0,0
1,2,0,2,6,0,0,4,1,0,3,0,1,3,0,1,6,3,0,2,0,0,0,0,1,1,18,2,0,2,2,0,4,0,0,2,0,4,2,0,2,4,1,0,2,1,1,9,9,0,4,8,0,0,0,0,4,0,0,0,0,24,1,1,1,4,1,1,1,0,1,0,0,0,0,0,0,0,0,0,1,4,0,2,3,0,0,0,0,0,1,1,1,0,1,0,0,0,0,0,0,1,0,0,0,3,0,0,1,0,2,0,0,0,0,0,5,0,3,0,0,0,0,21,0,0,0,1,0,2,0,0,0,2,0,2,0,1,3,1,1,1,0,1,0,3,0,1,0,0,0,0,1,0,0,0,0,1,1,1,0,0,3,1,1,3,0,1,3,0,0,2,1,0,2,0,0,0,2,0,5,2,0,7,3,1,0,0,1,0,0,1,10,4,4,1,33,1,1,0,1,0,0,2,0,0,0,0,3,0,1,0,1,6,0,0,0,0,2,0,4,0,1,1,0,11,1,1,0,3,0,2,1,0,0,1,2,0,8,0,0,0,1,2,0,0,0,3,0,1,0,1,4,0,0,1
0,4,3,0,1,3,1,0,9,0,1,0,3,4,0,1,1,0,0,0,3,0,0,4,4,0,7,1,2,1,6,2,1,0,0,1,5,2,1,0,0,11,1,0,3,0,0,1,5,0,0,1,0,2,0,0,6,0,2,0,0,15,2,0,1,0,1,0,0,0,1,0,1,0,0,0,0,2,2,0,0,5,0,0,4,0,0,0,2,0,0,1,0,1,2,2,1,9,0,0,0,1,6,0,0,1,0,0,0,7,0,0,0,0,0,0,0,7,0,0,0,0,0,17,0,12,0,1,0,0,2,0,0,1,1,2,1,1,3,14,0,0,0,2,0,0,0,1,1,0,0,3,0,0,0,1,0,1,2,0,0,0,0,0,1,3,0,9,5,0,1,2,1,2,8,1,1,0,2,0,2,0,0,3,2,0,0,2,7,0,6,1,5,7,9,3,0,3,7,3,1,0,0,0,1,0,1,0,7,0,1,0,1,0,1,0,0,0,0,0,0,7,0,0,6,0,2,1,1,0,0,0,1,0,0,0,1,2,0,1,0,0,0,1,1,0,0,7,2,0,1,2,0,0,0,4
0,11,0,1,23,0,0,0,2,1,6,0,13,0,3,5,16,3,1,0,0,4,3,0,1,0,2,2,0,3,1,2,3,0,0,1,0,1,2,0,2,3,1,1,2,2,0,21,24,0,2,0,0,0,0,1,2,0,2,2,3,4,1,0,1,9,1,0,0,0,1,0,3,1,1,0,1,1,1,0,1,1,0,1,3,0,4,0,1,0,2,0,0,0,1,2,0,0,1,3,0,0,0,1,1,0,0,0,0,5,0,1,1,0,2,0,1,2,1,0,0,0,0,10,0,1,0,5,0,2,2,0,1,1,2,2,0,1,2,0,0,0,3,1,1,1,0,0,0,1,0,0,1,5,0,1,0,0,2,6,0,1,1,1,0,1,2,1,3,0,0,1,1,0,0,1,0,4,1,0,0,0,1,0,0,0,0,2,2,0,1,0,1,0,1,0,0,1,2,5,0,1,0,0,0,4,0,0,0,0,0,0,0,1,0,0,2,0,1,1,6,0,2,0,3,1,1,1,1,0,1,2,0,0,0,0,23,1,0,1,0,1,2,0,3,19,0,1,2,0,1,0,2,1,0,0
0,5,0,0,1,0,0,0,16,1,4,0,3,4,0,1,1,0,1,0,6,0,0,1,2,0,3,1,2,1,2,1,2,0,0,3,0,1,10,0,6,12,1,0,1,3,1,2,2,0,0,2,4,3,0,0,4,0,0,0,1,5,0,0,1,0,1,0,1,0,1,0,1,0,3,0,1,6,4,0,0,3,1,1,1,5,0,0,3,3,0,4,0,1,0,3,0,2,0,0,1,0,9,0,0,0,0,1,0,0,0,4,0,0,2,0,0,5,7,0,0,1,0,13,1,2,0,1,0,0,0,1,2,1,3,1,1,0,0,8,0,0,0,0,0,0,0,2,0,1,2,2,0,1,0,1,0,0,4,0,0,9,0,0,0,4,0,4,6,1,1,1,2,1,4,3,0,1,3,0,1,0,1,3,1,0,0,0,6,0,5,1,3,9,8,1,0,4,11,3,0,1,1,1,0,1,1,0,5,1,0,0,0,0,4,0,0,2,1,0,0,4,3,1,2,0,0,1,0,0,0,0,0,0,0,0,1,1,0,1,0,0,0,0,0,0,0,1,0,0,0,1,0,0,0,3
0,2,1,1,20,0,2,2,1,0,11,0,0,1,5,0,5,2,0,9,1,0,0,2,2,0,3,1,5,3,2,1,0,0,0,4,0,2,0,4,2,0,1,0,4,5,3,37,8,1,0,2,0,0,1,1,1,0,2,8,1,3,4,1,0,1,1,0,0,0,2,0,0,0,0,1,0,2,1,2,1,0,0,0,0,0,0,0,0,0,0,0,0,0,0,0,4,0,2,0,0,3,0,0,0,2,6,1,0,12,1,2,0,2,0,1,0,0,0,0,0,0,0,1,0,1,0,0,0,2,0,0,0,0,0,1,0,2,3,2,1,0,0,3,0,2,0,0,0,1,2,1,2,1,0,0,0,0,4,0,2,2,0,1,1,0,0,1,0,0,2,1,1,0,2,1,0,4,0,0,2,0,1,3,10,2,0,2,0,1,0,4,1,0,2,0,0,1,6,8,2,2,1,0,0,1,1,0,1,0,0,1,0,15,3,0,3,1,2,0,14,2,3,0,0,0,1,0,0,2,0,0,1,0,0,0,0,9,0,0,0,1,0,1,0,1,1,11,0,0,0,0,1,1,3,1
0,4,3,2,12,0,0,0,4,0,7,1,2,8,7,1,4,0,1,2,2,0,0,2,1,0,1,0,3,1,1,1,1,0,1,1,0,1,4,2,5,0,1,0,1,3,0,40,35,0,0,0,0,0,1,6,3,0,1,3,2,4,7,0,2,2,1,0,0,0,2,0,0,0,1,0,3,1,0,0,1,1,2,0,3,0,2,0,0,0,0,0,0,0,0,0,3,0,1,0,0,0,0,0,0,0,1,1,0,0,1,1,0,1,0,0,0,0,2,0,1,0,0,0,0,0,0,2,3,2,2,0,0,0,3,1,0,2,2,1,0,0,5,4,0,0,0,2,0,25,0,1,1,0,3,0,0,0,4,0,5,0,0,0,0,1,0,0,2,0,0,1,1,0,0,1,0,1,2,0,2,3,0,2,1,0,1,0,5,0,1,0,2,0,0,0,0,0,8,2,0,2,2,0,0,0,1,0,1,0,0,0,1,14,1,0,0,9,11,0,14,0,1,1,0,1,1,0,0,0,1,0,7,1,0,0,1,0,0,0,1,1,0,1,1,0,0,0,4,0,1,1,2,3,1,1
0,4,0,0,0,2,0,0,1,1,1,0,1,2,1,1,0,0,0,0,3,1,4,2,1,1,0,2,0,0,1,1,1,0,5,1,0,1,1,2,2,18,0,0,1,25,4,1,0,2,0,4,7,2,0,0,12,0,0,0,0,16,2,3,1,1,1,0,0,0,0,0,1,0,1,0,0,1,4,0,2,1,0,1,1,2,0,0,5,2,0,15,0,0,0,1,0,1,0,0,0,0,1,0,2,4,0,0,0,0,1,3,0,1,1,0,0,7,6,0,0,1,0,9,0,0,0,6,0,0,0,1,0,1,0,1,0,0,0,2,0,0,1,0,0,0,0,0,0,0,1,1,0,1,0,0,0,0,3,0,3,0,0,0,1,3,7,5,6,0,6,1,1,0,8,5,0,0,1,2,0,1,0,5,0,0,1,0,10,0,1,3,1,2,8,1,0,5,4,4,0,2,0,1,0,0,0,0,1,0,0,0,0,0,2,0,1,0,0,1,0,3,2,0,3,0,0,2,0,0,0,0,0,0,0,1,1,0,0,12,0,1,0,1,0,1,0,0,6,2,1,0,0,0,0,10
0,10,1,0,7,3,0,0,6,0,1,0,1,1,1,2,2,0,0,1,0,1,4,0,2,0,3,0,4,0,0,2,1,0,5,0,0,4,2,0,2,7,1,0,5,26,0,2,8,0,1,2,1,2,0,0,2,0,2,0,0,25,0,1,1,0,1,0,0,0,2,2,0,0,3,0,0,2,0,0,19,3,0,2,0,2,0,1,2,1,0,3,0,0,2,2,1,1,0,0,0,0,1,0,0,0,2,0,0,0,0,0,1,0,0,2,0,7,0,2,0,0,0,16,0,4,0,4,0,0,0,0,0,3,2,4,0,0,0,1,0,0,1,0,0,0,0,1,0,1,1,1,0,0,0,0,0,0,2,0,0,1,0,0,0,1,0,5,3,0,2,2,1,0,4,2,1,0,1,0,2,0,2,2,3,1,1,0,15,0,0,0,2,4,11,0,0,2,8,1,0,0,1,0,0,0,0,1,5,0,0,0,2,0,1,0,2,0,1,0,0,4,2,0,1,0,0,1,0,5,0,0,1,0,0,0,1,0,2,1,0,0,0,1,0,0,0,0,1,0,0,5,0,2,1,1
1,3,1,0,0,5,0,0,11,1,2,0,16,1,0,1,0,0,1,0,0,0,0,1,2,0,4,1,3,0,5,2,1,0,0,0,0,3,5,0,15,13,0,0,0,2,1,3,7,0,0,4,0,1,0,1,4,0,0,0,4,9,1,0,1,0,2,0,1,0,1,2,0,0,0,3,0,1,3,0,3,4,1,0,1,2,0,0,2,1,0,2,0,0,0,1,0,0,0,0,0,1,0,0,0,1,1,0,1,0,2,0,2,0,2,0,0,7,2,0,0,0,0,19,0,3,0,2,0,0,0,0,1,4,0,1,0,0,3,3,1,0,0,1,0,0,0,2,1,0,0,3,1,0,1,0,0,1,0,0,0,1,0,1,0,1,2,8,4,0,1,1,1,1,7,0,1,0,3,0,0,1,1,2,1,0,1,1,4,0,3,0,7,0,21,1,0,2,17,6,0,1,0,0,2,0,0,0,13,0,0,0,0,0,0,0,2,0,1,0,2,2,0,1,5,0,0,1,2,3,0,0,0,0,0,0,1,0,0,1,0,1,0,0,0,0,0,1,2,0,0,5,1,0,0,5
0,4,0,1,1,0,0,0,3,0,1,0,1,0,0,1,1,0,1,0,2,1,0,2,0,0,8,3,0,0,0,4,2,0,0,6,2,1,4,0,7,12,0,0,2,2,1,2,5,0,0,1,0,0,0,0,1,0,0,0,1,4,0,0,1,6,1,0,0,0,1,9,2,0,0,2,1,1,3,2,0,4,0,4,1,0,0,0,0,1,0,6,0,0,0,1,0,0,1,0,0,1,5,0,0,0,0,0,1,0,2,3,0,0,0,0,0,7,2,1,0,0,0,19,0,1,3,0,0,0,0,0,0,1,0,1,0,0,2,5,0,1,0,0,0,0,0,0,0,0,0,2,0,1,0,0,0,0,0,0,0,0,0,1,0,7,0,1,3,0,0,2,1,1,3,7,0,1,3,0,0,0,0,1,1,0,0,0,14,0,0,0,0,11,15,2,0,1,11,7,0,0,0,0,1,0,14,1,2,10,0,0,0,0,2,3,1,2,1,1,0,6,6,0,1,1,0,2,0,0,0,0,2,0,0,0,1,1,0,4,0,0,0,1,0,0,0,0,4,0,0,1,0,6,0,1
3,3,0,1,9,0,0,3,2,0,14,0,8,1,0,2,11,4,1,2,0,0,4,0,1,0,2,0,3,1,1,3,2,0,0,0,0,3,0,0,1,0,3,0,1,2,1,21,8,0,0,3,1,0,1,0,3,0,1,5,1,2,1,0,2,3,1,0,0,0,1,0,0,0,0,1,0,1,0,4,2,1,1,0,0,0,4,1,0,0,0,0,0,0,0,0,7,0,1,2,0,0,0,0,0,0,0,0,1,10,0,0,0,0,3,0,3,4,1,0,0,0,0,1,0,1,0,1,0,2,0,0,0,0,0,3,0,3,0,2,0,2,0,0,0,0,0,1,0,18,1,1,2,0,1,2,0,0,0,0,0,14,0,0,1,1,1,0,2,1,0,1,1,3,1,2,1,0,1,0,2,0,0,0,21,0,1,2,2,4,1,6,1,0,0,0,0,3,6,7,0,1,0,0,0,1,1,0,0,0,1,1,3,6,5,0,2,0,1,0,8,0,6,0,0,0,0,0,0,0,1,2,2,0,2,0,1,0,0,0,0,3,1,0,0,0,0,3,0,0,0,0,11,2,0,0
0,1,0,0,0,0,3,0,0,0,0,0,2,0,0,0,1,0,0,0,0,0,0,3,1,0,1,0,0,1,0,0,0,0,0,0,0,2,0,0,1,0,3,0,1,0,0,1,0,0,0,0,0,1,0,0,0,0,2,0,0,1,1,0,0,0,0,0,0,1,2,0,0,0,1,0,0,1,0,0,0,0,0,0,0,0,0,0,0,0,1,0,0,0,0,0,0,0,0,0,0,0,0,0,0,0,0,0,0,0,0,0,0,0,0,0,0,0,0,0,0,0,0,0,0,0,0,0,0,0,0,0,0,0,0,0,0,0,0,1,0,0,0,0,0,0,0,0,0,0,1,0,1,0,0,0,0,0,0,0,2,1,0,1,0,0,0,0,0,2,0,0,1,0,0,0,0,0,0,0,0,0,0,0,0,1,0,1,0,1,0,1,1,0,1,0,0,0,0,0,0,0,3,0,1,0,1,1,0,0,0,0,0,0,0,0,1,0,1,2,0,0,1,1,0,0,0,0,0,0,0,0,1,0,0,0,0,0,0,0,0,0,0,1,0,0,0,0,0,0,0,0,0,0,0,2
0,2,0,0,1,0,0,1,0,0,0,0,1,0,0,0,2,1,0,0,1,0,0,0,1,0,1,0,1,0,0,0,0,0,0,0,1,0,0,0,0,0,1,0,3,1,0,0,0,0,0,0,0,0,0,0,0,0,1,0,0,2,0,0,0,0,0,0,0,0,2,0,0,0,0,0,0,2,0,0,0,0,0,0,1,0,0,0,0,0,0,0,0,0,0,0,0,0,0,0,0,0,0,1,0,0,0,0,0,0,0,0,0,0,0,0,0,0,0,0,0,0,0,0,0,0,0,0,0,0,0,0,0,0,0,0,0,1,0,2,0,2,0,0,0,0,0,0,1,1,0,0,0,0,0,0,0,0,0,0,0,0,1,0,0,0,0,0,0,0,0,0,0,0,0,0,0,1,0,0,0,0,0,1,2,0,0,0,0,0,2,1,0,0,0,0,1,0,0,0,0,0,0,0,0,0,0,0,0,1,0,0,1,0,1,0,0,1,1,0,0,0,1,0,0,0,0,0,0,0,2,0,2,0,0,0,0,0,0,0,0,0,0,2,0,0,0,0,0,0,0,0,0,0,0,1
0,3,0,0,0,0,0,0,0,0,1,0,0,0,0,1,1,0,0,0,1,0,0,1,0,0,0,0,0,0,0,0,1,0,0,0,0,2,1,0,0,0,0,0,2,0,0,1,0,0,0,0,1,0,0,0,1,0,0,0,0,3,0,0,1,0,1,0,0,0,1,0,0,0,0,0,0,1,0,0,0,1,0,0,0,0,0,0,0,0,0,0,0,0,0,0,0,0,1,0,1,1,0,0,0,0,0,0,0,0,0,0,0,0,0,0,1,0,0,0,0,0,0,0,0,0,0,0,0,1,0,0,0,0,0,0,0,0,0,1,0,0,0,1,0,0,0,0,0,1,1,0,0,0,0,0,0,0,0,0,0,0,0,0,0,1,0,0,2,0,0,1,1,0,0,0,0,0,2,0,0,0,0,0,0,0,0,1,2,0,0,0,0,1,0,0,0,0,0,2,0,0,2,0,0,0,0,0,0,0,0,0,0,0,0,0,0,0,1,0,0,0,2,0,0,0,0,0,0,0,0,0,0,0,0,0,1,0,0,0,0,1,0,1,0,0,0,0,0,0,0,0,1,0,0,0
1,1,0,0,0,0,0,0,0,0,1,0,1,0,0,0,1,0,0,1,1,0,0,0,1,0,1,0,3,0,1,0,0,1,0,3,0,1,0,0,0,0,0,1,2,0,0,0,0,0,0,0,0,0,0,0,0,0,0,1,1,1,0,1,0,0,0,0,0,0,1,1,1,0,0,0,0,2,0,0,0,0,0,0,0,0,0,1,1,0,0,0,0,2,0,0,0,0,1,0,0,1,0,0,0,0,0,0,0,0,1,0,0,0,0,0,0,0,0,0,0,0,0,0,0,0,0,0,0,0,0,0,0,0,1,1,0,0,1,1,0,0,0,1,0,0,1,0,0,0,0,0,0,0,0,0,0,0,0,0,1,0,0,0,0,1,0,0,2,0,0,0,0,0,0,0,0,0,0,0,0,1,0,0,0,0,2,0,0,0,0,0,0,0,0,0,1,0,0,1,0,0,2,2,0,1,0,0,0,0,0,0,0,0,0,0,0,0,2,0,0,0,1,0,0,0,0,0,0,0,0,0,0,0,0,0,0,0,0,0,0,1,0,1,1,0,0,0,0,1,0,0,0,0,0,0
0,2,0,1,2,0,0,1,0,0,0,0,0,0,0,0,2,0,0,0,0,0,0,0,0,0,0,0,0,1,0,0,1,0,0,0,1,2,0,0,0,0,0,0,3,1,0,1,0,0,0,0,0,0,0,0,1,0,1,0,0,2,0,0,0,0,0,0,0,0,2,0,0,0,0,0,0,1,0,0,1,3,0,0,0,0,0,0,1,1,0,0,0,0,0,0,1,1,0,0,0,1,0,2,0,0,0,0,1,2,0,1,0,0,0,0,0,0,0,0,0,0,0,0,0,0,0,0,0,0,0,0,0,0,0,0,1,0,0,1,0,1,0,2,0,0,2,0,0,1,2,0,0,0,0,0,0,0,2,0,0,0,0,0,0,1,0,0,1,0,0,0,0,0,0,0,0,0,0,0,0,0,0,0,1,0,0,0,0,0,0,0,0,0,0,0,0,0,1,0,0,0,1,0,0,0,0,0,0,0,0,0,0,0,1,0,0,0,2,0,0,0,2,1,0,0,0,0,0,0,0,0,0,0,0,0,0,0,0,0,0,0,0,1,0,0,0,0,0,0,0,0,0,0,0,0
0,2,0,1,1,0,1,0,1,0,0,0,3,0,0,0,2,0,0,2,1,0,0,0,1,0,0,0,2,2,0,0,0,0,0,0,1,0,0,0,0,0,0,0,4,0,0,0,0,0,0,0,0,1,3,0,0,0,0,1,1,2,0,0,0,0,0,0,0,0,2,0,0,0,0,0,0,2,0,0,1,0,0,0,0,0,0,0,0,0,0,0,0,0,0,0,0,0,1,0,0,0,0,0,0,1,0,0,0,0,0,1,0,0,0,0,0,1,0,0,0,1,0,0,1,0,0,0,0,2,0,0,0,0,0,0,0,1,0,2,0,1,0,0,0,1,0,0,1,0,1,0,0,0,0,0,0,0,0,0,0,0,0,0,0,0,0,0,0,0,0,2,0,0,0,0,0,0,0,0,0,0,0,0,4,1,1,0,1,0,0,1,0,2,0,0,1,0,0,0,1,0,0,0,0,0,0,0,0,0,0,0,0,0,1,0,0,0,1,0,0,1,1,0,0,0,0,0,0,0,0,0,2,0,0,1,0,0,0,0,0,2,1,2,0,0,0,0,0,0,0,0,0,0,0,2
0,3,0,0,6,0,0,0,0,0,0,0,0,0,0,0,3,2,0,0,2,0,0,1,1,1,2,0,2,1,0,0,0,0,0,0,2,1,0,0,0,0,0,0,4,1,1,1,0,0,1,0,0,0,1,0,0,0,1,0,0,2,0,0,0,0,0,0,0,0,2,0,0,0,0,0,0,2,0,0,0,0,0,0,0,0,0,0,1,0,0,0,0,0,0,0,0,0,0,0,0,0,0,1,0,0,0,0,0,0,0,0,1,1,0,0,0,0,0,0,0,0,0,0,0,0,0,0,0,0,0,0,0,0,0,1,0,0,0,2,1,0,0,1,0,0,1,2,0,0,1,0,0,0,0,2,0,0,0,0,0,0,0,1,0,0,0,0,0,0,0,0,0,1,0,0,0,0,0,0,0,0,0,0,0,0,0,0,0,0,1,0,0,0,1,0,0,0,0,0,0,0,0,0,0,3,0,0,0,0,0,0,1,0,6,0,0,0,2,0,0,0,2,2,0,0,0,0,0,0,0,0,1,0,0,1,1,0,0,0,0,1,0,2,0,0,0,0,1,0,0,0,0,0,1,2
0,2,0,0,4,0,0,0,2,0,0,0,0,0,0,0,2,0,0,0,0,0,0,0,1,0,1,0,2,2,0,0,0,0,0,0,0,0,0,0,0,0,0,0,3,0,0,3,2,0,0,0,0,0,2,0,0,0,0,1,0,2,0,0,0,0,0,0,0,0,2,0,0,0,0,0,0,2,0,0,0,0,0,0,0,0,0,0,0,0,0,0,0,0,0,0,0,0,0,0,0,0,0,0,0,0,0,0,0,0,0,1,0,0,0,0,0,0,0,0,0,0,0,0,0,0,0,0,0,1,1,0,0,0,1,0,0,1,0,2,0,0,0,0,0,0,0,0,1,3,2,0,0,0,0,0,0,0,0,0,0,0,0,0,0,0,0,0,0,0,0,0,0,0,0,0,0,0,0,0,0,0,0,0,1,0,0,0,0,0,1,1,1,0,0,1,2,0,0,0,0,0,2,0,0,1,0,0,0,0,0,0,0,0,1,1,0,0,1,0,0,0,3,2,0,0,0,0,0,0,0,0,1,0,0,0,0,1,0,0,0,1,1,3,0,0,0,0,1,0,0,0,0,0,0,0
0,1,0,0,0,0,0,0,0,0,1,0,0,1,0,1,2,0,0,0,0,0,0,0,0,0,2,0,2,1,0,0,1,0,0,0,0,2,0,0,0,0,1,0,2,0,0,1,0,0,0,0,0,1,0,0,0,0,0,0,0,1,0,0,0,0,0,0,0,0,3,0,0,0,0,1,0,1,0,0,0,1,0,0,0,0,0,0,0,0,0,1,0,0,0,1,0,0,0,0,0,0,0,0,0,0,0,0,1,0,0,0,0,0,0,0,0,0,0,0,0,0,0,0,0,0,0,0,0,1,0,0,0,0,0,0,0,1,0,1,0,0,0,2,1,0,0,0,0,0,0,0,0,0,0,0,0,0,0,0,0,0,0,0,0,1,0,0,1,0,0,1,0,0,0,0,1,0,1,0,0,0,0,0,1,0,0,2,2,0,0,0,1,0,0,0,0,1,1,0,1,0,0,0,0,0,0,0,0,0,0,0,0,0,0,0,0,0,1,1,0,0,2,0,0,1,0,0,3,0,0,0,0,0,0,0,1,0,2,0,0,2,0,1,0,0,0,0,0,0,0,0,1,0,0,0
0,2,0,0,2,0,0,0,0,1,0,0,1,0,0,0,3,2,0,0,1,0,0,0,1,0,2,0,0,0,0,0,1,0,0,0,1,3,2,0,0,0,0,0,3,1,0,3,0,0,0,0,0,0,0,0,0,0,0,0,0,1,0,0,0,0,0,0,0,0,2,0,0,0,0,0,0,1,0,0,0,0,0,0,0,0,0,0,0,0,0,0,0,0,0,0,1,0,0,0,0,0,0,0,0,0,0,0,0,0,0,0,0,1,0,0,2,0,0,0,0,0,0,0,0,0,0,0,0,1,0,0,0,1,1,0,0,0,0,1,0,0,0,1,0,0,0,0,0,2,1,0,0,0,0,0,1,0,0,0,0,0,1,0,0,1,0,0,0,0,0,1,0,0,2,0,0,0,0,0,0,0,0,0,0,0,0,0,0,1,1,1,2,0,0,0,3,0,0,0,0,0,2,0,0,0,0,0,0,0,0,0,0,0,3,2,0,0,2,0,0,2,2,0,0,0,0,0,0,0,0,0,1,0,0,0,0,0,0,0,0,2,0,2,0,0,1,1,0,0,0,0,0,0,0,1
0,2,0,0,0,0,0,0,0,0,0,0,0,2,0,0,2,0,0,0,0,0,0,0,0,0,1,0,1,1,0,0,0,0,0,1,1,0,0,0,0,0,0,0,4,0,0,0,0,0,0,0,0,0,0,0,1,0,0,1,0,2,0,0,0,0,0,0,0,0,2,0,0,0,0,0,0,2,0,0,1,0,0,0,0,0,0,0,0,0,0,0,0,0,0,0,0,0,0,0,0,1,0,0,0,0,0,0,0,0,0,1,0,0,0,0,0,0,0,0,0,0,0,0,0,0,0,0,0,1,0,0,0,0,1,0,0,0,0,2,1,0,0,3,0,0,0,0,0,1,2,0,0,0,0,0,0,0,0,0,0,0,0,0,0,0,0,0,0,0,0,0,0,0,0,0,0,0,0,0,0,0,0,0,1,0,0,0,0,0,0,0,1,0,0,0,1,0,0,0,0,0,0,0,0,0,0,0,0,0,0,0,0,0,1,0,0,0,2,1,0,0,2,0,0,0,0,0,1,1,0,0,2,0,0,1,0,0,0,0,0,2,0,2,0,0,0,0,0,0,0,0,0,0,0,1
0,1,0,0,1,0,0,2,0,1,0,0,0,0,0,0,2,0,0,0,3,0,0,0,1,0,1,0,0,2,0,0,1,0,0,1,1,3,0,0,0,0,1,0,3,0,0,1,1,0,0,0,0,0,0,1,1,0,1,1,0,3,0,0,0,0,0,0,0,0,3,0,0,0,0,0,0,1,0,0,0,2,0,0,0,0,1,1,0,0,0,0,0,0,1,0,0,0,0,0,0,0,0,0,0,0,0,0,0,0,0,1,0,0,0,0,1,0,0,0,0,0,0,0,0,0,1,0,0,0,0,0,0,0,0,0,0,0,2,2,0,0,0,0,0,0,0,0,0,0,1,1,0,0,0,0,0,1,0,0,0,0,0,0,0,1,0,0,0,0,0,1,0,0,0,0,0,0,1,0,0,0,0,0,1,0,1,2,4,0,0,2,0,0,0,0,0,0,0,0,0,0,1,1,0,0,0,2,0,0,0,0,0,1,1,0,0,0,1,0,1,0,4,0,0,0,0,0,2,1,0,0,1,0,2,0,1,0,0,0,0,0,0,1,0,1,0,0,0,0,0,0,0,0,0,2
0,1,0,1,0,0,0,1,1,0,0,1,0,0,0,0,1,0,1,0,0,0,0,0,0,0,1,0,1,3,1,0,0,0,1,0,0,2,0,0,0,0,0,0,2,2,0,0,0,0,0,0,0,0,2,0,1,1,1,1,0,1,0,0,0,0,0,0,0,0,1,0,0,0,0,0,0,1,0,0,0,1,1,0,0,0,0,0,0,0,0,0,0,0,0,0,0,1,1,1,0,1,1,0,0,0,0,0,0,0,0,1,0,0,0,0,0,0,0,0,0,0,0,0,2,0,0,0,0,0,0,0,0,0,1,0,0,0,0,1,0,0,0,0,0,0,0,0,0,0,2,0,0,0,0,0,0,0,0,0,0,0,0,0,0,0,0,0,0,0,0,0,0,0,0,0,0,0,0,1,0,2,0,1,0,0,0,0,0,0,0,0,1,0,0,2,0,0,0,0,0,0,0,0,0,1,1,0,0,0,0,0,0,0,1,0,0,0,1,0,0,0,1,0,0,0,1,1,0,0,0,0,0,0,0,0,0,1,0,1,0,0,2,1,3,1,1,2,0,2,0,0,1,0,0,0
0,3,0,0,1,0,0,0,0,0,1,0,0,2,0,1,1,1,0,0,1,0,0,0,0,0,0,0,0,0,0,0,2,0,0,0,0,2,0,2,1,0,0,0,1,0,0,2,0,0,0,0,0,0,0,0,0,0,0,0,0,2,0,0,1,0,1,0,0,0,1,0,0,0,0,0,0,0,0,0,3,1,0,0,0,0,0,0,0,0,0,0,2,0,0,0,0,0,0,0,0,1,0,1,0,0,0,0,0,0,0,0,0,0,0,0,0,0,0,0,0,0,0,1,0,0,0,0,0,0,0,0,0,0,0,0,0,1,0,0,0,0,0,0,0,0,0,0,1,0,1,0,0,0,0,0,0,0,1,0,0,0,1,0,0,3,0,0,1,0,1,2,2,0,0,0,0,0,1,0,0,1,0,0,0,2,0,0,2,0,0,0,0,3,0,0,0,0,0,0,0,0,1,0,0,0,0,0,0,0,0,0,0,0,0,0,0,0,0,1,0,2,0,1,0,0,1,0,0,1,0,0,0,0,0,0,3,0,0,0,1,0,0,0,0,1,0,0,0,0,0,0,2,0,0,0
0,1,0,0,0,0,0,0,0,0,1,0,0,0,0,1,1,0,0,0,1,0,0,0,0,0,0,0,0,1,0,0,1,0,0,0,0,3,0,0,0,0,0,0,2,0,1,2,0,0,0,0,0,1,1,0,1,0,0,0,0,4,0,0,0,0,1,0,0,0,1,0,0,0,1,0,0,1,1,0,0,1,0,1,0,0,0,0,0,0,0,0,0,0,0,1,0,0,0,0,0,0,0,0,0,0,0,0,0,0,0,0,1,0,0,0,0,0,0,0,0,0,0,0,0,0,0,0,0,0,0,0,0,1,0,1,1,0,0,1,0,0,0,1,0,0,0,0,0,0,0,0,0,1,0,0,0,0,0,0,0,0,0,0,0,1,0,0,2,0,0,1,1,0,1,0,0,0,1,0,0,1,0,0,1,0,0,0,0,0,0,0,0,0,0,0,1,0,0,0,0,0,1,0,0,0,0,0,0,0,0,0,0,0,0,0,0,0,1,0,1,0,1,1,0,0,0,0,0,0,0,0,1,0,1,0,1,0,0,1,0,0,0,1,1,1,0,0,0,0,0,0,3,0,0,2
0,2,0,0,0,0,0,0,0,0,0,0,0,1,0,0,2,0,0,0,0,0,0,0,0,0,1,0,1,0,0,0,0,0,0,0,0,0,1,0,0,0,0,0,3,0,0,3,1,0,0,0,0,0,0,0,0,0,0,1,0,3,0,0,0,0,0,0,0,0,2,0,0,1,0,0,0,2,0,0,0,0,0,1,0,0,0,1,1,1,0,0,1,1,0,0,0,0,1,0,0,1,0,0,0,0,0,0,0,0,0,1,0,0,0,0,1,0,0,0,0,0,0,1,1,0,0,0,0,0,0,0,0,0,0,0,0,0,0,2,0,1,1,0,0,0,0,0,0,0,0,0,0,0,0,0,0,0,0,0,1,0,0,0,0,0,0,0,1,0,0,0,0,0,0,0,0,1,0,1,0,0,0,0,0,0,0,0,1,0,0,0,1,0,0,0,0,0,0,0,0,0,2,0,2,0,1,0,0,0,0,0,0,2,3,0,0,0,2,0,0,1,3,1,0,0,0,0,0,1,0,0,0,0,1,0,0,0,0,0,0,2,0,2,1,0,0,1,0,0,0,0,0,0,0,1
0,2,0,1,2,0,0,0,0,0,0,0,0,1,0,0,2,0,0,0,0,0,0,0,1,0,1,0,3,2,0,0,0,0,0,2,0,1,0,0,0,0,0,0,3,0,0,2,2,0,2,0,0,0,0,0,1,0,0,0,0,2,0,0,0,0,0,0,0,1,2,0,0,0,0,0,0,2,0,0,0,0,0,0,1,0,0,0,0,0,0,0,0,0,0,0,0,0,0,0,0,0,0,1,0,1,0,0,0,0,0,1,0,0,0,0,0,0,0,0,0,0,0,0,0,0,0,0,0,1,0,0,0,1,0,0,0,0,0,2,0,1,0,0,0,0,0,0,0,0,1,0,0,0,0,0,0,0,0,0,0,0,0,0,0,0,0,0,0,0,0,0,0,1,0,0,0,0,0,0,0,0,0,0,1,1,0,0,0,0,0,1,0,0,0,0,0,0,0,0,0,0,0,0,0,0,0,0,0,0,0,0,0,0,0,0,0,0,2,0,0,0,2,1,0,0,0,0,0,0,0,0,0,0,0,0,0,0,0,0,0,0,0,1,0,0,0,0,0,0,0,0,0,0,1,0
1,2,0,0,4,0,0,1,0,0,1,0,1,0,0,0,2,0,0,0,2,0,1,0,0,0,0,0,1,1,0,0,0,0,0,1,2,0,0,0,0,0,1,0,4,0,0,4,0,0,0,0,0,0,0,0,1,0,0,0,0,2,0,0,0,0,0,0,0,0,2,0,0,0,0,0,0,2,0,0,1,0,0,0,0,0,0,0,0,0,0,0,1,0,0,0,0,0,0,0,0,1,0,0,0,1,0,0,0,1,0,0,0,0,0,0,0,0,0,0,0,0,0,0,0,0,0,0,0,0,0,0,0,0,0,0,1,0,0,2,0,0,0,0,0,0,0,0,0,3,2,0,0,1,0,0,0,0,0,1,0,0,0,0,0,0,0,1,0,0,0,0,0,0,0,0,0,0,0,0,0,0,0,0,2,0,0,0,0,0,1,0,0,0,0,0,0,0,0,0,0,0,0,0,0,0,0,0,0,0,0,0,0,0,2,0,0,0,2,1,1,0,2,1,0,0,0,0,0,1,0,0,1,0,0,1,0,0,0,0,0,2,0,2,0,0,0,0,0,0,0,0,0,0,0,1
0,1,0,0,0,0,0,0,2,0,2,0,0,0,0,2,0,0,0,0,0,0,0,0,0,0,2,0,0,0,0,0,2,0,0,0,0,2,1,0,0,0,0,0,0,0,0,2,0,0,0,0,1,0,0,0,0,0,0,0,0,0,0,0,2,0,2,0,0,0,0,0,0,0,0,0,0,0,0,0,0,2,0,0,0,0,0,0,0,0,0,0,0,0,0,2,0,0,0,0,0,0,0,0,0,0,0,0,0,0,0,0,0,0,0,0,0,0,0,0,0,0,0,2,0,0,0,0,0,0,0,0,0,0,0,0,0,0,0,0,0,0,0,0,0,1,0,0,0,0,0,1,0,0,0,0,0,0,0,0,2,0,0,0,1,2,0,0,3,0,1,2,2,0,1,0,0,0,3,0,0,0,0,1,0,0,0,0,2,0,0,0,0,0,0,0,0,1,0,1,0,0,0,0,0,0,0,0,0,0,0,0,0,0,0,0,0,0,0,1,0,0,0,0,0,0,0,0,0,0,0,0,0,0,0,0,2,0,0,0,0,0,0,0,0,0,0,0,0,0,0,0,2,0,0,0
1,1,0,0,0,0,0,0,0,0,2,0,0,0,0,1,1,0,0,0,0,0,0,1,0,0,1,0,1,0,0,0,1,0,0,0,0,1,0,0,1,0,0,0,1,0,0,1,0,0,1,0,0,0,0,0,0,0,1,1,0,2,0,0,0,0,1,0,0,0,1,0,0,0,0,0,0,1,0,0,2,1,0,0,0,0,0,0,0,0,0,0,1,0,0,0,0,0,0,0,0,0,2,0,0,0,0,0,0,0,0,0,0,0,0,2,1,0,0,0,0,0,0,0,0,0,0,0,0,1,1,0,0,1,0,1,0,0,0,1,0,0,0,0,0,0,0,0,0,0,1,0,1,0,0,0,0,0,1,0,0,0,2,0,2,1,0,0,1,0,0,1,1,0,0,0,0,0,1,0,0,0,0,0,0,0,0,0,0,0,2,0,0,0,1,0,0,0,0,0,0,2,0,0,0,0,0,0,0,0,0,0,0,0,0,0,0,0,1,1,0,0,2,0,0,1,0,0,0,0,0,0,0,0,0,0,1,0,0,1,0,1,0,1,0,0,0,0,0,0,0,0,1,0,0,1
0,1,0,0,0,0,0,0,0,0,1,0,0,0,1,0,2,0,0,0,0,0,0,0,1,0,0,0,1,0,0,0,1,0,0,0,0,1,1,0,0,0,0,0,3,0,0,2,0,0,0,0,0,0,0,0,1,0,0,0,0,2,0,0,0,0,0,1,0,1,2,0,0,0,0,0,0,1,0,0,0,1,0,0,0,0,0,0,0,1,0,0,0,0,1,0,0,0,0,0,0,0,0,0,0,1,0,0,0,0,0,1,0,0,0,0,0,0,0,0,0,0,0,0,0,0,1,0,0,0,0,0,0,0,0,0,0,0,0,1,0,0,0,2,0,0,0,0,0,1,0,0,0,2,0,0,0,0,0,0,0,0,2,0,0,1,0,0,0,0,0,1,1,0,0,0,0,0,1,0,0,0,0,0,0,0,0,0,1,0,0,0,1,0,0,0,0,0,0,0,0,0,1,0,0,0,0,0,0,0,0,0,0,0,0,0,0,0,1,1,0,0,1,1,0,0,0,1,0,1,0,0,0,0,0,0,1,0,0,0,0,1,1,1,0,0,0,1,0,0,0,0,0,0,1,0
0,1,1,2,2,0,0,0,0,1,0,0,1,0,0,0,3,0,0,0,2,0,0,0,1,0,1,0,2,2,0,0,1,0,0,0,2,2,1,0,0,0,0,0,3,0,0,1,0,0,3,0,0,0,0,0,0,0,1,1,1,2,0,0,0,0,0,0,0,0,3,0,0,0,0,0,0,2,0,0,0,1,0,0,0,0,0,0,0,1,0,0,0,0,0,0,0,0,0,0,0,0,0,0,0,0,0,0,0,0,0,0,0,0,0,0,0,0,0,0,0,0,0,1,1,0,0,0,0,0,0,0,0,0,2,1,0,0,0,1,0,1,0,0,0,0,0,0,0,0,1,0,0,1,0,0,0,0,0,0,0,0,2,0,0,1,0,0,0,0,0,1,0,0,0,0,0,0,2,0,0,0,0,0,0,0,0,0,0,0,0,0,0,0,0,0,0,0,0,0,0,0,0,0,0,0,0,0,0,0,0,0,0,0,0,0,0,0,1,0,0,0,2,0,0,0,0,0,0,0,1,0,1,0,0,0,1,0,0,1,0,0,0,1,1,2,0,0,0,0,0,0,0,0,1,1
0,2,0,0,0,0,0,0,3,0,1,0,0,0,2,1,1,0,0,0,0,0,0,0,0,0,0,0,0,0,0,0,3,0,0,0,0,3,2,0,0,0,0,0,2,0,0,2,1,0,0,1,0,0,0,0,2,0,1,0,0,1,0,0,1,0,1,0,1,0,1,0,0,0,0,0,0,0,0,0,0,2,0,0,0,0,0,1,0,0,0,1,0,0,0,0,0,0,0,0,0,0,2,0,1,0,0,1,1,0,0,0,0,0,1,0,0,0,0,0,0,0,0,0,0,0,0,1,0,0,0,0,0,0,0,0,0,0,0,0,0,0,0,0,0,0,0,0,0,0,0,0,0,0,0,1,0,0,0,0,0,0,1,0,1,2,0,0,1,0,0,2,1,0,1,0,0,0,2,0,0,0,0,0,1,0,0,2,2,0,0,0,3,0,2,1,0,0,0,1,0,2,1,0,0,0,1,0,0,0,0,0,0,0,0,0,0,0,0,1,0,0,1,1,0,0,2,0,0,0,0,0,0,0,0,0,2,0,0,0,0,1,0,0,0,0,0,0,0,0,0,0,1,0,0,0
0,3,0,0,0,0,0,0,0,0,4,0,0,0,1,1,1,0,0,0,0,0,0,0,0,0,3,0,0,0,0,1,1,0,0,0,0,1,1,0,0,0,0,0,1,1,0,1,0,0,0,0,1,0,0,1,0,0,0,0,0,2,0,1,1,0,1,0,0,0,1,0,0,0,0,0,0,1,0,1,0,1,0,0,1,0,0,0,0,0,0,0,0,0,0,0,0,1,0,0,0,0,0,0,0,0,1,0,0,0,0,0,0,0,0,0,0,0,2,0,0,0,0,0,0,1,0,0,0,0,0,0,0,0,0,0,0,1,0,2,0,0,0,1,0,0,0,0,0,0,1,0,0,0,0,0,0,0,0,0,0,0,0,0,1,1,0,0,1,0,0,1,1,0,0,0,0,0,2,1,0,0,0,1,1,0,0,1,2,0,0,0,1,0,0,0,0,0,0,0,0,0,0,0,0,0,0,0,0,0,0,0,0,0,0,0,0,0,1,1,0,0,1,0,0,0,1,0,0,3,1,0,0,0,0,0,1,0,0,0,0,0,1,1,2,0,0,1,0,0,0,0,1,1,0,0
1,3,0,0,0,0,0,0,0,1,1,0,0,2,0,1,1,0,0,0,1,0,0,0,0,0,2,0,1,0,0,0,1,0,0,1,0,1,1,0,0,0,0,0,2,2,1,1,0,0,1,0,0,1,0,0,1,0,0,0,0,2,0,0,1,0,1,0,0,0,1,0,0,0,0,1,0,1,0,0,0,1,0,0,0,0,0,2,0,0,0,0,0,0,0,1,0,0,0,0,0,0,0,0,1,0,0,0,0,0,0,0,0,0,0,1,0,0,1,0,0,0,0,0,0,0,0,0,0,0,0,0,0,0,0,0,0,0,0,1,0,0,0,0,0,0,2,0,1,0,1,0,1,0,0,0,0,0,0,0,0,0,0,0,0,1,0,0,1,0,1,1,1,0,2,0,0,0,2,0,0,0,0,0,2,1,0,0,1,1,1,0,0,0,0,0,1,0,0,1,2,0,0,0,0,0,0,1,0,0,0,0,0,0,2,0,0,1,1,2,0,0,1,0,0,0,0,0,0,0,1,0,1,0,0,0,1,0,0,1,0,1,0,1,0,0,0,0,0,0,0,0,0,0,0,0
2,1,0,0,3,0,0,0,0,1,0,0,2,0,0,0,3,0,1,1,0,0,0,0,1,0,0,0,2,1,1,0,3,0,0,0,1,0,0,0,0,0,0,0,2,1,3,3,3,0,0,0,0,0,1,2,0,0,0,0,0,1,0,0,0,0,0,0,0,0,2,0,1,0,0,0,0,1,0,1,0,0,1,1,0,0,0,1,0,0,0,0,0,0,0,0,0,0,0,0,0,0,0,0,0,0,0,0,0,0,1,0,0,3,0,3,0,0,0,1,0,0,0,0,0,0,0,0,0,1,0,0,0,0,0,0,0,0,0,1,0,0,0,0,0,0,0,2,1,0,0,0,0,0,0,0,0,0,0,1,0,0,0,0,0,0,0,0,0,0,0,1,0,0,0,0,0,1,0,0,0,0,0,1,0,0,0,0,0,0,0,0,0,0,0,0,0,0,0,0,0,0,0,0,1,0,0,0,0,0,0,0,0,0,3,0,0,0,1,0,1,0,1,0,0,0,0,0,0,2,0,0,2,0,0,0,0,0,0,0,0,1,0,1,0,0,0,0,0,1,0,0,0,0,1,1
0,2,0,0,0,0,0,0,0,0,0,0,0,1,0,0,2,0,0,0,0,0,0,2,0,0,3,0,0,2,0,0,0,0,0,0,4,3,0,0,0,0,1,0,5,2,0,1,0,0,1,0,2,0,0,0,0,0,0,0,0,2,0,1,0,0,0,0,0,0,2,0,0,0,0,0,0,2,0,0,1,0,0,0,0,0,0,0,0,0,0,0,0,1,0,0,0,0,0,0,0,1,0,1,0,0,1,0,1,0,0,2,1,0,0,0,0,1,0,0,0,0,0,1,1,0,0,0,0,0,0,0,0,1,0,2,0,0,0,2,0,0,0,1,0,0,0,0,0,0,2,1,0,0,0,0,0,0,0,0,0,0,0,0,0,0,0,0,0,0,0,1,0,0,1,0,0,0,0,0,0,0,0,0,2,0,0,0,0,0,0,0,2,0,0,1,0,0,0,0,0,0,2,2,0,2,0,0,0,0,0,0,0,0,3,0,0,0,2,1,0,0,2,1,0,0,0,0,3,1,0,0,0,0,0,0,3,0,0,0,0,2,0,2,3,0,0,0,0,0,0,1,0,0,0,0
0,1,0,0,0,0,1,0,0,0,1,0,0,0,0,0,1,0,0,0,0,0,0,0,1,0,0,0,2,1,1,0,1,0,0,0,0,1,2,0,2,0,1,0,1,0,0,1,0,0,0,0,0,0,0,0,0,0,1,0,0,1,0,0,2,0,1,0,0,0,2,0,0,0,0,0,0,2,0,0,0,1,0,0,0,1,0,0,1,0,1,0,0,0,0,1,0,0,0,0,0,1,0,0,0,0,0,0,1,0,0,1,0,0,0,0,0,0,0,0,0,0,0,0,0,0,0,0,0,0,0,0,0,0,0,0,0,0,0,1,0,0,0,0,0,0,0,0,0,0,0,0,0,0,0,0,0,0,0,0,0,0,1,0,0,1,0,0,0,0,0,1,1,0,0,0,0,0,3,0,0,0,0,0,0,0,0,0,0,0,0,0,0,0,0,0,0,0,0,0,0,0,1,0,0,0,0,0,0,1,0,0,0,0,1,0,1,0,1,0,0,1,1,0,0,0,1,0,0,0,0,0,1,0,0,0,1,0,0,1,0,1,0,1,0,0,0,0,0,0,0,0,0,0,0,0
0,2,0,0,0,0,0,0,0,0,0,0,0,1,0,0,2,0,0,0,0,0,0,3,0,0,3,0,0,0,0,0,0,0,0,0,3,2,0,0,0,0,0,0,4,3,0,0,0,0,0,0,0,0,0,0,0,0,0,0,0,2,0,0,0,0,0,0,0,0,2,0,0,0,0,0,0,2,0,0,1,0,0,0,0,0,0,0,0,0,0,0,1,0,0,0,0,0,0,0,0,1,0,0,0,1,0,0,0,0,0,2,0,0,0,0,3,0,0,0,0,0,0,0,0,0,0,0,0,0,0,0,0,0,0,0,0,0,0,2,0,0,0,0,0,0,0,0,0,0,1,0,0,0,0,0,0,0,0,0,0,0,0,0,0,0,0,0,0,0,0,0,0,0,0,0,0,0,0,0,0,0,0,0,0,0,0,0,0,0,1,1,1,0,0,0,0,0,0,0,0,0,1,0,0,0,0,0,0,0,0,0,0,0,0,0,0,0,2,0,0,0,2,0,0,0,0,0,1,1,0,0,0,0,0,0,0,0,0,0,0,2,0,2,0,0,0,0,0,0,0,0,0,0,0,1
0,3,0,0,5,0,0,0,1,0,1,0,0,0,0,2,2,3,0,0,0,0,0,0,0,1,1,0,0,1,0,2,1,0,0,0,1,1,0,0,0,0,0,0,2,2,1,1,0,0,0,0,1,0,0,0,0,0,0,0,0,1,0,0,1,0,1,0,0,0,1,0,0,0,1,0,0,1,0,0,0,1,0,0,0,0,0,0,2,0,0,0,0,0,0,1,0,0,0,1,0,0,0,0,0,0,0,0,0,0,0,0,0,0,0,0,1,1,0,0,0,0,0,0,0,0,0,0,0,0,0,0,0,0,0,0,0,0,0,1,0,1,0,0,0,0,0,0,0,0,1,0,0,0,0,0,0,0,0,0,0,0,0,0,0,1,0,1,1,0,0,1,1,0,0,0,0,0,1,0,0,1,1,0,0,0,0,0,0,0,1,0,4,0,0,0,0,0,0,0,0,0,1,2,0,0,0,0,0,0,0,0,0,0,4,0,0,0,1,1,2,0,1,0,0,0,0,0,1,0,1,0,1,0,0,0,5,0,0,0,0,1,3,1,0,0,0,0,0,0,0,0,1,1,0,0
0,2,0,1,0,0,0,0,0,0,2,0,0,0,0,1,1,0,0,1,0,0,0,0,0,0,1,0,0,0,1,0,1,0,0,0,0,1,1,0,1,0,0,0,2,1,0,1,0,0,0,0,0,1,0,1,0,0,0,1,0,2,0,0,1,0,1,0,0,0,1,0,0,0,0,0,0,1,0,0,0,1,0,0,0,0,0,0,0,0,0,0,0,0,0,0,0,0,0,0,0,1,0,1,0,0,0,0,1,0,0,1,0,0,0,1,0,0,0,0,0,0,0,1,0,0,1,0,0,2,0,0,1,0,0,0,0,1,0,1,0,0,0,0,0,0,0,0,0,0,0,0,1,1,0,0,0,0,0,0,0,0,1,0,0,1,0,0,0,0,0,1,1,1,0,0,0,0,1,0,0,1,0,0,1,0,0,0,1,0,0,0,0,0,0,0,0,0,0,0,0,0,2,0,0,0,0,0,0,0,0,0,0,0,0,0,0,0,1,0,1,0,2,0,0,1,0,0,0,0,0,0,0,1,0,0,1,0,0,0,0,1,0,1,0,0,0,0,0,0,0,0,1,0,0,1
0,1,0,0,1,0,0,0,0,0,1,0,0,0,0,0,1,0,0,0,0,0,0,0,1,0,0,0,1,1,0,0,1,0,0,1,0,2,0,0,1,0,0,0,1,0,0,2,1,0,0,0,1,0,0,0,0,0,0,0,0,1,0,0,0,0,1,0,0,0,1,0,0,0,1,0,0,1,0,0,0,1,0,0,0,0,0,0,0,0,0,0,0,0,0,2,0,0,1,0,0,1,0,0,0,0,0,0,0,0,0,1,1,0,0,0,0,0,0,0,0,0,0,0,0,0,0,0,0,0,0,0,0,0,0,0,0,0,0,1,0,0,0,0,0,0,0,0,0,0,0,0,0,0,0,0,0,0,0,0,0,0,1,0,0,1,0,0,0,0,0,1,1,0,1,0,0,0,2,0,0,0,0,0,0,0,0,0,0,0,0,0,0,0,0,0,0,0,0,0,0,0,0,0,0,0,0,0,0,0,0,0,0,0,0,0,0,0,1,0,0,0,1,0,0,0,1,0,0,0,1,0,1,0,0,0,1,0,0,1,0,0,0,1,0,1,0,0,0,0,0,0,1,0,0,1
0,2,0,0,3,0,0,2,0,0,1,0,0,1,0,0,2,0,0,0,1,0,0,0,1,0,1,0,1,1,0,1,0,0,0,0,0,1,0,0,0,0,0,0,4,0,1,3,0,0,0,0,0,0,0,0,0,0,1,0,0,2,0,0,0,0,0,0,0,0,2,0,0,0,0,0,0,2,0,0,0,0,0,0,0,0,0,1,0,0,0,0,0,0,0,0,0,0,0,0,0,0,0,1,0,0,1,0,0,0,0,0,0,0,0,1,1,0,0,0,0,0,0,0,2,0,0,0,0,0,0,0,0,0,0,0,0,0,0,2,0,0,0,1,0,0,0,0,0,0,1,0,0,0,0,0,0,0,0,0,0,0,0,0,0,0,0,0,0,0,0,0,0,0,0,0,0,0,0,0,0,0,0,0,1,0,0,0,0,0,0,0,0,0,0,0,1,0,0,0,0,0,2,0,0,0,0,0,0,0,0,0,0,2,0,0,0,0,2,0,0,0,2,1,0,0,0,0,0,0,0,0,0,0,1,0,0,1,0,0,0,1,1,2,1,0,0,1,0,0,0,1,0,0,0,0
0,2,0,1,2,0,0,0,0,0,1,0,0,0,0,1,1,1,0,0,0,0,0,0,0,0,0,0,0,0,0,0,1,0,0,0,0,1,0,0,1,0,0,0,2,1,0,2,0,0,1,0,0,0,0,0,1,0,0,0,0,1,0,0,2,0,1,0,0,0,1,0,0,0,0,0,0,1,0,0,0,1,0,0,0,0,0,0,0,0,0,0,0,0,0,0,0,0,0,0,0,2,0,1,0,0,0,0,0,0,0,0,0,0,0,0,2,0,0,0,0,0,0,0,0,0,0,0,0,0,0,0,0,0,1,0,0,0,0,1,0,0,1,2,0,0,0,0,0,0,1,0,0,1,0,0,0,0,0,1,0,0,1,0,0,1,0,0,1,0,0,1,1,0,0,0,0,0,2,0,0,0,0,1,0,1,0,1,0,0,0,0,0,0,0,0,0,0,0,0,0,0,1,0,0,0,0,0,0,0,0,0,0,0,0,0,0,0,1,0,0,0,2,1,0,0,0,0,0,1,0,0,1,0,0,0,1,0,0,1,1,0,1,1,1,0,0,1,0,0,0,1,0,0,0,0
0,2,0,3,3,0,0,0,0,0,1,0,1,0,0,2,1,0,0,0,1,0,0,1,0,0,0,0,1,0,0,0,1,0,0,0,0,1,0,0,0,0,1,0,1,0,0,4,0,0,0,0,0,0,0,0,1,0,0,0,0,1,0,0,1,0,1,0,0,1,1,0,1,0,0,0,0,1,0,0,0,1,0,1,0,0,0,0,0,0,0,0,0,0,0,0,0,0,0,0,0,2,0,0,0,0,1,0,0,0,0,2,0,0,0,0,2,0,1,0,0,0,0,0,0,2,0,0,0,0,1,2,0,0,0,0,0,0,0,1,0,0,0,0,0,0,0,0,0,0,0,0,0,0,0,3,0,0,0,1,0,0,0,0,3,3,0,0,3,0,0,1,1,3,0,0,0,0,1,0,0,0,0,0,0,0,0,0,0,0,0,0,1,1,1,0,0,0,0,0,0,0,1,0,0,2,0,0,0,0,4,0,0,0,0,0,0,0,1,1,0,0,1,1,0,0,1,0,0,0,0,0,1,0,0,0,1,0,0,0,0,1,1,1,0,0,0,0,0,0,0,0,1,0,0,0
0,4,0,0,0,0,0,0,0,0,1,0,2,0,0,1,1,0,0,0,0,0,0,0,0,0,0,0,0,0,0,0,1,0,0,0,1,1,2,0,0,0,0,0,1,0,0,1,0,0,0,0,0,0,0,0,1,0,0,0,0,3,1,0,0,0,1,0,0,0,1,0,0,0,0,0,0,1,0,1,0,1,0,0,0,0,0,0,0,1,0,0,0,0,0,1,0,0,0,0,0,0,0,0,0,0,0,0,0,0,0,0,0,1,0,0,0,0,2,0,0,0,0,0,0,0,2,0,0,0,0,0,0,0,0,0,0,0,0,1,0,0,0,1,0,0,0,0,0,0,0,0,0,0,0,0,0,0,0,0,0,0,4,0,0,1,0,1,2,0,0,1,1,0,0,0,0,0,1,0,0,0,0,0,0,1,0,1,1,0,0,1,1,0,0,0,0,0,0,0,0,2,1,0,0,0,0,0,0,0,0,0,0,0,0,0,0,0,1,1,0,0,1,1,0,0,0,0,0,0,0,0,0,0,0,0,1,0,0,1,0,1,0,1,0,0,0,1,0,0,0,0,1,0,0,0
0,3,0,0,0,0,0,0,2,0,1,0,1,0,0,0,1,0,0,0,0,0,0,0,0,0,1,0,0,0,2,0,1,0,0,0,0,1,1,0,1,0,0,0,2,1,0,1,0,0,0,0,0,0,0,0,0,0,0,3,0,2,2,0,1,0,1,0,0,0,1,0,0,0,0,0,0,1,0,0,1,1,0,0,0,0,0,0,0,0,0,0,1,0,0,1,0,0,0,0,0,1,0,0,0,0,0,0,0,0,0,1,0,0,0,0,0,0,1,0,0,0,0,1,0,0,0,0,0,0,0,0,0,0,1,0,0,2,0,1,0,2,0,1,0,0,2,0,1,0,0,0,1,0,0,0,0,0,0,0,0,1,0,0,0,1,0,0,1,0,0,1,1,0,0,0,0,0,1,0,1,1,0,0,2,0,0,2,1,0,0,0,0,0,0,0,0,0,0,0,0,0,1,0,0,0,0,0,0,0,0,0,0,0,0,0,0,0,0,1,0,0,1,0,0,0,0,0,0,0,0,0,1,0,0,0,1,0,0,1,0,0,0,1,0,2,0,0,0,0,0,0,0,0,0,1
0,2,0,0,0,0,0,0,1,0,1,0,0,0,0,1,1,0,0,0,0,0,0,0,0,0,2,0,1,2,0,0,1,0,0,1,1,1,0,0,0,0,0,0,2,0,0,1,0,0,0,0,1,0,0,0,0,0,0,0,0,2,0,0,1,0,1,0,0,0,1,0,0,0,0,0,0,1,0,0,0,1,0,0,0,0,0,0,0,0,0,0,0,0,0,0,0,0,0,0,0,0,0,0,0,0,0,0,0,0,0,0,0,0,0,0,0,0,0,0,0,0,0,0,0,0,0,0,0,0,0,1,0,1,0,0,0,0,0,1,0,0,0,0,0,1,1,0,0,0,0,0,0,0,0,0,0,0,1,0,0,0,0,0,0,1,0,0,1,0,0,1,1,0,0,0,0,0,1,0,0,0,0,0,0,0,0,0,0,0,1,0,0,0,0,0,0,0,0,0,0,0,0,0,0,0,0,0,0,0,0,0,0,0,0,0,0,0,1,0,0,0,1,0,0,0,1,0,1,0,1,0,1,0,0,0,1,1,0,0,0,0,0,1,0,0,0,0,0,0,0,0,1,0,0,0
0,1,0,0,1,0,1,0,0,0,1,0,1,0,0,0,2,0,0,0,0,0,0,0,0,0,1,0,2,2,0,0,0,0,0,0,0,1,0,0,1,0,0,0,2,1,0,0,0,0,0,0,0,0,0,0,1,0,1,1,0,2,0,1,0,0,0,0,0,0,2,0,0,0,0,0,0,1,0,0,1,0,0,0,0,1,0,0,0,1,0,0,0,0,0,0,0,0,0,0,0,0,0,0,0,0,1,1,2,0,0,0,0,0,0,0,0,0,0,0,0,0,0,0,0,0,0,0,0,0,0,0,0,0,0,0,0,2,0,1,0,0,0,0,0,0,0,0,1,0,1,0,1,0,0,0,0,0,0,0,1,0,0,0,0,0,0,0,0,0,1,0,0,0,0,0,0,0,0,0,0,1,0,1,1,1,0,0,1,0,0,1,0,0,0,0,0,0,0,0,0,0,0,0,0,2,1,0,0,1,0,0,1,0,2,0,0,0,0,0,1,0,0,1,0,0,0,0,0,1,0,0,2,0,0,1,0,0,0,0,0,1,0,2,0,0,0,0,0,0,0,0,0,0,0,1
0,1,0,0,0,0,0,0,0,0,1,0,0,0,0,1,1,0,0,0,1,0,0,0,0,0,1,0,0,0,0,1,1,0,0,0,0,1,0,0,1,0,0,0,1,0,0,1,0,0,1,0,0,0,0,0,0,0,0,1,0,1,0,0,0,0,1,0,0,0,1,0,1,0,0,0,0,1,0,0,1,1,0,0,0,0,0,1,1,0,0,0,0,0,0,2,0,0,1,0,0,0,0,0,0,0,0,0,0,0,0,0,0,0,1,0,0,0,0,0,0,0,0,0,1,0,0,0,0,0,0,0,0,0,0,0,0,0,0,1,0,0,0,0,0,0,0,0,0,0,1,0,1,0,0,0,0,0,0,0,0,0,0,0,0,1,0,0,1,0,0,1,1,0,0,0,0,0,1,0,1,0,0,0,0,0,0,1,1,0,1,0,1,0,0,0,0,0,0,1,0,0,1,0,1,0,0,0,0,0,0,0,0,0,0,0,0,0,1,2,0,0,1,0,0,0,0,0,1,0,1,0,0,0,0,0,1,0,0,1,0,1,1,1,0,0,0,0,0,0,0,0,1,0,0,0
0,2,0,0,1,0,0,0,0,0,1,0,0,0,0,1,1,2,0,0,1,0,0,0,2,0,1,0,0,0,0,0,1,0,0,0,0,1,0,0,0,0,0,0,1,0,0,1,0,0,0,0,0,0,0,0,0,0,0,0,0,1,0,0,0,0,1,0,0,0,1,0,0,0,0,0,0,1,0,0,0,1,0,0,0,0,0,0,0,0,0,0,0,0,0,1,1,0,1,0,0,0,0,0,0,0,0,0,0,0,0,0,0,0,0,0,0,0,0,0,0,0,0,0,0,0,0,0,0,1,0,0,0,0,1,0,0,1,0,1,0,0,0,1,0,0,1,0,0,0,0,0,0,0,0,0,0,0,0,0,0,0,0,0,0,1,0,0,1,0,1,1,1,1,0,0,0,0,1,0,0,0,1,0,1,0,0,0,0,0,0,0,2,0,1,0,0,0,0,0,0,0,1,0,0,0,0,0,0,0,0,0,0,0,0,0,0,0,1,1,0,1,1,0,0,0,0,0,1,1,0,0,0,0,0,0,1,0,1,1,0,1,0,1,0,0,0,0,0,0,0,0,1,1,0,0
0,2,0,0,2,0,0,0,0,0,0,0,0,0,0,0,3,0,0,0,0,0,0,1,0,0,0,0,1,1,0,0,0,0,0,0,3,2,0,0,0,0,0,0,3,2,0,0,0,0,0,0,0,0,0,0,1,0,1,0,0,2,0,0,0,0,0,0,0,0,2,0,0,0,0,0,0,2,0,0,0,1,0,0,0,0,0,0,0,0,0,0,0,0,0,0,0,0,0,0,0,0,0,0,0,0,0,0,0,0,0,0,0,0,0,0,0,0,0,0,0,0,0,0,0,0,0,0,0,0,0,0,0,0,1,0,0,1,0,2,0,1,1,0,0,0,0,0,1,1,2,0,0,0,0,0,0,0,0,0,0,0,2,0,1,0,1,0,2,0,0,1,0,0,0,0,0,0,0,0,0,0,0,0,1,0,0,1,0,0,2,1,1,0,0,0,0,0,0,0,0,0,2,2,0,0,0,0,0,0,0,0,0,0,0,0,1,0,1,1,0,0,1,0,0,0,0,0,1,0,0,0,0,0,0,0,3,1,0,0,0,1,3,2,1,0,0,0,0,0,0,0,0,0,0,0
0,1,0,1,0,0,0,2,0,0,1,0,0,0,0,1,1,0,0,0,1,0,0,1,0,0,1,0,0,0,1,0,3,0,0,0,0,1,0,0,2,0,1,0,1,0,0,1,0,0,0,1,0,0,0,0,1,0,0,0,1,3,0,0,2,0,1,0,0,0,2,0,0,0,0,0,0,1,1,0,0,2,0,0,0,0,0,0,0,0,0,0,0,1,0,1,0,1,1,0,0,0,0,0,0,0,0,0,0,0,0,0,0,0,0,0,0,1,1,0,0,0,0,1,1,0,1,0,0,0,1,0,0,0,2,0,0,0,1,1,0,0,0,0,3,2,0,0,0,0,0,0,0,0,0,0,0,0,1,0,0,0,0,0,0,1,0,0,2,0,0,1,1,0,0,0,0,1,3,1,0,0,0,1,2,2,0,2,1,0,1,1,1,0,0,0,0,0,0,0,0,1,1,0,0,0,0,0,0,0,0,0,0,0,0,0,0,0,2,1,0,0,1,1,0,1,0,1,1,0,1,0,0,0,0,0,2,0,0,1,0,1,0,1,0,1,0,0,0,0,0,1,0,0,0,2
0,2,0,0,3,0,0,1,0,0,0,0,0,0,0,0,3,0,0,0,0,0,0,0,0,0,0,0,1,1,0,0,0,0,1,0,1,0,0,0,0,0,0,0,4,0,0,1,0,0,0,0,2,0,0,0,0,0,0,0,0,2,0,0,0,0,0,0,0,0,2,0,0,0,0,0,0,2,0,0,0,0,0,0,0,0,0,0,0,0,0,0,0,0,0,0,0,0,0,0,0,0,0,1,0,0,0,0,0,0,0,1,0,0,0,0,0,0,0,0,0,0,0,0,0,0,0,0,0,1,0,0,0,0,1,0,0,0,0,2,0,0,0,0,0,0,0,0,0,0,2,0,0,0,0,0,0,0,0,1,0,0,0,0,0,0,0,0,0,0,0,0,0,0,0,0,0,0,0,0,0,0,0,0,0,0,0,0,0,0,0,0,1,0,0,0,0,0,0,0,0,0,1,0,0,0,1,0,0,0,0,0,0,0,0,0,0,0,2,1,0,0,2,0,0,0,0,0,1,0,0,0,1,0,1,1,2,0,0,1,0,1,1,2,2,0,0,0,0,0,0,0,0,0,0,0
0,1,0,0,0,0,0,0,0,0,1,0,0,0,0,0,1,0,0,0,0,0,0,0,0,0,0,0,0,0,0,0,2,0,0,0,0,1,1,0,1,0,2,0,2,0,0,1,0,0,0,0,0,0,0,0,2,0,0,0,0,1,0,0,1,0,1,1,0,0,1,0,0,0,0,1,0,1,0,0,0,1,0,0,0,0,0,0,0,0,0,0,0,1,0,0,0,0,0,0,0,1,0,0,0,0,0,0,0,0,0,0,0,0,0,0,1,0,0,0,0,0,0,0,0,0,0,0,0,1,0,0,0,0,0,0,0,0,0,1,0,0,0,2,0,0,0,0,0,0,1,0,0,0,0,0,0,0,0,0,0,0,0,0,0,1,0,0,2,0,0,1,1,0,0,0,0,0,3,0,0,0,0,0,0,0,0,0,1,0,1,0,0,0,0,0,0,0,0,0,0,0,2,0,0,0,0,0,0,0,0,0,0,0,0,0,0,0,1,1,0,0,3,0,0,0,1,0,0,0,1,0,0,0,0,0,1,0,0,1,0,1,0,1,0,0,0,0,1,0,1,0,0,0,0,0
0,2,0,0,1,0,0,0,0,0,0,0,0,0,0,0,2,0,0,0,0,0,0,0,1,0,0,0,2,1,0,0,2,0,0,0,0,1,0,0,0,0,0,0,3,0,1,2,0,0,0,1,0,0,0,0,0,0,0,0,0,1,0,0,0,0,0,0,0,0,2,0,0,0,0,0,0,1,0,0,0,1,1,1,0,0,0,0,0,1,0,0,0,0,0,0,0,0,1,0,0,0,0,0,0,0,0,0,0,0,0,0,0,0,0,1,0,0,0,0,0,0,0,0,1,0,0,0,0,0,0,0,0,0,0,0,0,0,0,1,0,1,0,1,0,0,0,0,0,0,0,0,0,0,0,0,0,0,0,0,0,0,0,0,0,1,0,0,0,0,0,1,0,0,0,0,0,0,1,0,0,0,0,0,0,0,0,0,0,0,0,0,1,0,0,0,0,0,0,0,0,0,1,0,1,0,0,0,0,0,0,0,0,0,0,0,0,0,2,0,0,0,1,1,0,1,0,0,0,0,0,0,0,0,0,0,1,0,0,1,0,1,0,1,0,0,0,0,0,0,0,0,0,0,0,0
0,2,0,0,1,0,0,0,0,0,2,0,0,0,1,1,1,0,0,0,1,0,0,0,1,0,0,0,0,0,0,0,1,0,0,0,0,1,0,0,0,0,0,0,2,0,0,2,1,0,0,0,0,1,0,0,1,0,0,0,0,3,0,0,0,0,1,0,0,0,1,0,0,0,0,0,0,1,0,0,1,1,0,0,0,0,0,0,0,0,0,0,0,0,1,0,0,0,0,0,0,1,0,0,0,1,0,0,0,0,0,0,0,0,0,0,0,0,0,0,0,0,0,0,0,0,0,0,0,1,0,2,0,0,1,0,0,0,0,2,0,0,1,0,0,0,0,0,0,0,0,2,0,0,0,1,1,1,1,0,0,0,0,0,1,1,0,1,0,0,0,1,1,0,0,0,0,0,2,0,0,0,0,0,1,0,0,0,0,0,0,0,0,2,0,0,0,0,0,0,0,0,0,0,0,0,0,0,0,0,0,0,0,0,0,0,0,0,1,0,0,0,1,0,0,0,1,0,1,0,0,0,0,0,0,0,1,0,0,1,0,1,1,1,0,1,0,0,0,0,0,0,1,0,0,0
0,2,0,0,3,0,0,0,2,0,1,0,0,0,0,1,1,0,0,0,2,0,0,0,1,0,0,0,0,0,0,0,1,0,0,1,1,1,3,0,0,0,0,0,2,0,0,3,0,0,0,0,0,0,0,0,0,1,0,0,0,1,0,0,1,0,1,0,0,0,1,0,0,0,0,0,0,1,0,0,1,1,1,0,0,0,0,0,0,0,0,0,0,0,0,0,0,0,0,0,0,0,0,1,0,0,0,0,0,0,0,1,0,0,0,0,0,0,0,0,0,0,0,1,0,0,0,1,0,0,0,0,0,0,0,1,0,0,0,1,0,0,0,0,0,0,0,0,0,1,1,0,0,0,0,0,0,0,0,0,0,0,1,0,0,1,1,0,0,0,0,1,1,0,0,0,0,0,1,0,0,0,0,0,1,0,0,0,1,0,1,0,0,1,0,0,0,0,0,0,0,0,0,0,0,0,0,0,0,0,0,0,0,1,1,0,0,0,1,0,0,0,1,0,0,0,1,0,0,0,0,1,1,0,0,0,1,0,0,1,0,1,0,1,0,0,0,0,0,0,0,0,1,0,0,0
0,1,0,1,0,0,0,0,1,1,1,1,1,0,0,1,0,0,0,0,0,0,0,0,0,0,0,0,0,0,0,1,2,0,1,0,0,1,1,0,0,0,0,0,0,2,0,1,0,0,0,1,0,0,0,1,0,0,0,0,0,1,0,0,1,0,1,0,0,0,1,0,0,0,0,0,0,1,0,0,0,1,0,0,0,0,0,0,0,0,0,0,0,0,0,0,0,0,1,0,0,1,1,0,0,0,0,0,0,0,0,0,0,0,0,0,0,0,0,0,0,0,0,0,0,0,0,0,0,0,0,0,1,0,0,0,0,1,0,0,1,0,0,0,0,0,1,0,0,0,0,0,0,0,0,0,0,0,0,0,0,0,0,0,0,1,0,0,1,0,0,1,1,0,0,0,0,0,1,0,0,0,0,0,0,0,0,0,1,0,0,0,0,0,0,0,0,1,0,0,0,0,0,0,0,0,0,0,0,0,0,0,0,0,0,1,0,0,0,0,0,0,0,0,0,0,3,1,0,0,0,0,0,0,0,0,1,0,1,1,0,0,0,0,3,2,1,1,0,1,0,0,1,0,0,0
0,3,0,0,4,0,0,1,0,0,0,0,0,1,0,0,3,0,0,0,0,0,0,0,0,0,1,0,2,1,0,0,0,0,0,1,1,0,0,0,0,0,0,0,4,1,0,2,2,0,0,0,0,0,0,0,0,0,0,0,0,2,0,0,0,0,0,0,0,0,2,2,0,0,0,0,0,2,0,0,0,0,0,0,0,0,0,0,0,0,0,0,0,0,0,0,0,0,0,0,0,1,0,1,0,0,0,0,0,0,1,0,0,0,0,0,1,0,0,0,0,0,0,0,0,0,0,1,0,1,0,0,0,0,1,1,0,0,0,2,0,2,0,0,0,0,0,0,0,0,1,0,0,0,0,0,1,0,0,0,1,0,0,1,1,0,0,0,0,0,0,0,0,0,0,0,0,1,0,0,0,2,1,1,2,1,0,3,1,0,0,0,4,0,0,0,0,0,0,0,0,0,1,1,0,0,0,0,0,0,0,0,0,0,2,0,0,0,2,1,0,0,2,0,0,0,0,0,1,2,1,0,0,0,0,1,0,1,0,0,0,1,2,2,5,0,0,0,0,0,0,0,0,0,1,2
0,2,0,0,3,0,0,0,1,0,0,0,1,0,0,0,3,0,0,0,1,0,0,0,0,0,0,0,1,1,0,0,0,0,0,1,0,1,0,0,0,0,1,0,3,0,0,3,2,0,0,0,0,0,0,0,0,0,0,0,0,2,0,0,0,0,0,0,0,0,2,0,0,0,0,0,0,2,0,0,1,0,0,0,0,0,0,0,0,0,0,0,0,0,0,0,0,0,0,0,0,0,0,0,0,0,0,0,0,0,0,0,0,0,0,0,0,0,0,0,0,0,0,0,0,0,0,0,0,0,0,0,0,0,0,0,0,0,0,2,0,0,0,0,0,0,0,0,0,3,1,0,0,1,0,0,0,0,0,0,0,0,0,0,0,0,0,0,0,0,0,0,0,0,0,0,0,0,0,0,0,0,0,0,2,0,0,0,0,0,0,2,0,0,1,0,0,0,0,0,0,0,1,0,0,0,0,0,0,0,0,0,0,0,1,0,0,0,2,1,0,0,2,0,0,0,0,0,0,0,1,0,1,0,0,0,0,0,0,0,1,1,0,2,0,0,0,0,0,0,0,0,0,0,0,0
0,2,0,0,3,0,0,1,0,0,2,0,1,0,0,0,2,0,0,0,0,0,0,1,1,0,2,0,1,1,0,0,0,0,0,0,1,0,0,0,0,0,0,0,4,0,0,3,2,0,0,0,0,0,0,0,1,0,0,0,0,2,0,0,0,0,0,0,0,0,3,1,0,0,0,0,0,2,0,0,1,0,0,0,0,0,0,0,0,0,0,0,0,0,0,0,0,0,0,0,0,1,0,1,0,1,0,0,0,0,0,1,0,0,0,0,1,0,0,0,0,0,0,0,0,0,0,2,0,0,0,0,0,0,0,0,0,0,0,2,0,1,0,0,0,0,0,0,0,2,1,0,0,1,0,0,0,0,1,1,1,0,0,0,0,0,0,0,1,0,0,0,0,0,1,0,0,1,0,0,0,0,0,0,1,0,0,1,0,0,0,0,0,0,0,0,1,0,0,0,0,0,0,0,0,0,0,0,0,0,0,0,0,0,1,0,0,0,2,0,0,0,2,0,0,0,0,0,0,1,0,0,0,0,0,0,0,0,0,0,0,2,0,2,0,0,0,0,0,0,0,0,0,0,0,2
0,1,0,0,4,0,0,0,0,0,2,0,2,0,0,1,3,0,0,5,0,0,0,0,0,0,0,0,0,3,0,0,2,1,0,0,1,1,0,0,0,0,2,0,2,0,0,7,1,0,0,0,0,0,0,0,0,1,0,0,0,1,0,0,1,1,1,0,1,0,1,0,0,0,0,0,0,1,0,0,1,1,0,0,0,0,0,0,0,0,0,1,0,0,0,0,0,0,0,0,0,0,0,0,0,0,0,0,1,0,0,0,0,1,2,0,0,0,0,0,0,0,0,1,0,0,0,2,0,0,0,2,0,0,0,1,0,0,0,1,0,0,0,0,0,0,0,0,0,0,1,0,0,0,0,0,0,0,1,0,0,0,3,0,1,1,0,0,2,0,0,1,1,0,0,0,0,0,1,0,0,0,0,0,0,0,0,0,0,0,0,0,1,0,0,0,0,0,0,0,0,1,0,0,0,0,1,1,0,0,0,0,0,6,4,0,0,0,1,1,0,0,1,1,0,0,1,0,0,0,0,0,0,0,0,0,1,0,0,0,1,1,0,1,0,0,0,0,0,0,0,0,1,0,0,0
0,2,0,0,3,0,0,0,0,0,1,0,0,0,1,0,2,1,0,1,1,0,0,0,1,1,1,0,2,0,0,0,0,0,0,0,1,0,0,0,1,0,0,0,4,0,1,1,0,0,1,0,0,0,0,0,0,0,0,1,0,2,0,1,0,0,0,0,0,0,2,0,0,0,0,0,0,2,0,0,1,1,0,0,1,0,0,0,0,2,0,0,0,0,0,0,0,0,0,0,0,1,0,0,0,0,1,0,3,0,0,0,0,0,0,0,0,0,0,0,0,0,0,0,0,0,0,1,0,2,0,0,0,0,0,0,1,1,0,2,0,0,0,0,0,0,2,0,1,1,2,0,1,0,0,0,0,0,0,0,1,0,0,0,0,0,0,0,0,0,0,0,0,0,0,0,0,1,0,0,0,0,0,0,1,0,0,0,0,0,0,0,1,0,0,1,0,0,0,0,0,0,1,0,0,1,0,0,0,0,0,0,0,0,4,1,0,0,1,0,1,0,1,1,0,0,0,0,0,0,0,0,0,0,0,0,0,1,0,0,0,2,0,2,0,0,0,0,0,0,0,0,0,0,1,0
0,4,0,0,0,0,0,0,1,0,2,0,0,1,0,3,1,0,0,0,2,0,0,0,0,0,0,0,0,0,0,0,3,0,0,0,0,2,3,0,2,0,0,0,0,0,1,2,0,0,0,1,0,0,0,0,0,0,0,0,0,1,0,0,1,1,2,0,0,0,0,1,0,0,0,0,0,0,0,0,0,2,0,0,0,0,0,0,0,0,0,0,0,0,0,1,0,0,0,0,0,0,0,0,0,0,0,0,0,0,0,0,0,0,0,0,0,0,0,0,0,0,0,0,0,0,0,0,0,0,0,0,0,0,0,0,0,0,0,2,0,0,0,0,0,0,0,0,0,0,0,1,0,0,0,0,0,0,0,0,0,0,1,0,0,3,0,0,2,0,1,2,2,0,0,1,0,0,2,0,0,0,0,0,0,0,0,0,5,1,0,0,0,2,0,0,0,0,0,0,0,0,0,0,0,0,0,0,1,0,0,0,0,0,0,0,0,0,0,1,0,2,0,0,0,0,1,0,0,0,0,0,0,0,0,0,2,0,0,1,0,0,0,0,0,0,0,0,0,0,0,0,2,0,0,0
0,4,0,0,0,0,0,0,1,0,1,0,0,0,0,1,1,0,0,0,0,0,0,1,1,1,1,0,0,0,0,0,1,0,0,0,0,1,0,0,2,0,0,0,1,5,0,1,0,0,0,0,1,0,0,0,1,0,0,1,0,2,1,0,1,0,1,0,0,0,1,0,0,0,0,0,0,2,0,0,0,1,0,0,0,0,0,0,0,0,0,0,0,0,0,1,0,0,0,0,0,1,0,1,0,0,0,1,1,0,0,0,0,0,0,0,0,0,1,0,0,0,0,2,0,0,0,0,0,0,0,0,0,0,0,0,0,1,0,1,0,0,0,0,0,0,0,0,0,0,0,0,1,0,0,0,0,0,0,0,0,0,0,0,0,1,0,0,1,0,0,1,1,0,0,0,0,0,3,0,1,0,0,0,1,0,1,3,0,0,0,0,0,0,0,0,0,0,0,0,0,1,0,0,0,0,0,0,0,0,0,0,2,0,0,0,0,0,1,0,0,0,1,0,0,5,0,0,2,0,0,0,0,0,0,0,1,0,2,1,0,1,1,1,0,0,0,0,0,0,0,0,1,0,0,1
0,1,0,0,0,0,0,0,0,1,0,0,0,0,0,0,1,0,0,0,0,0,0,0,0,0,2,2,3,1,0,0,0,0,0,0,0,0,0,0,0,0,0,0,3,0,1,0,0,0,0,1,0,0,0,0,1,1,0,1,0,2,0,1,0,0,0,0,0,0,2,0,0,0,0,0,0,1,0,0,0,0,0,0,0,1,0,0,0,1,0,0,0,0,0,0,0,0,0,0,0,0,0,0,0,0,0,0,0,0,0,0,0,1,0,0,0,0,0,0,0,1,0,0,2,0,0,0,0,1,3,0,0,0,0,0,0,2,0,1,0,0,0,0,0,0,0,0,0,1,1,0,1,0,0,0,0,0,0,0,0,0,1,0,0,0,0,1,0,0,3,1,3,0,0,0,1,0,1,0,1,1,0,1,1,1,1,0,1,1,1,1,1,0,1,0,0,0,0,0,0,0,0,0,0,1,0,0,0,1,0,0,1,1,0,0,1,0,1,0,0,0,2,0,0,0,0,0,0,0,1,0,4,0,0,1,0,0,0,0,0,1,0,3,0,1,0,0,0,0,0,1,0,0,2,2
0,3,0,0,1,0,0,0,0,0,1,0,3,0,0,1,1,0,0,0,1,0,0,0,0,0,4,1,0,0,0,0,2,0,0,0,0,2,0,0,0,0,0,0,1,1,0,2,0,0,0,0,0,0,0,0,4,0,0,1,0,4,0,0,1,0,1,0,0,0,1,0,0,0,0,0,0,0,0,0,0,2,0,0,0,0,0,0,0,0,0,0,0,0,0,0,0,0,0,0,0,0,0,0,0,0,0,0,0,0,0,0,0,0,0,0,0,0,0,0,0,0,0,0,0,0,0,0,0,0,0,0,0,1,0,0,1,0,0,2,0,0,0,0,0,0,1,0,0,0,1,0,0,0,0,0,0,0,1,0,1,0,0,0,0,2,0,0,1,0,0,2,1,0,1,0,0,0,2,0,0,0,0,0,0,0,0,2,3,0,0,1,0,0,0,0,0,0,0,2,0,0,0,1,0,0,0,0,0,0,0,2,0,0,1,1,0,1,1,1,0,0,0,0,0,0,1,0,1,0,0,0,1,0,0,0,2,0,0,0,0,1,0,0,0,0,0,0,0,0,0,0,2,0,0,1
0,2,0,0,0,0,0,0,0,0,1,0,0,0,0,1,1,0,0,0,0,0,0,1,0,0,1,0,0,0,0,1,1,0,0,0,0,1,1,0,0,0,0,0,2,0,0,2,0,0,0,0,0,0,0,0,2,0,0,0,0,3,0,0,0,0,1,0,0,0,1,1,1,0,0,0,0,1,0,0,0,1,0,0,0,0,0,0,0,1,0,0,0,0,0,1,0,0,0,0,1,0,0,0,0,0,0,0,0,0,0,0,0,0,0,0,0,0,0,1,0,0,0,0,0,0,0,0,0,1,0,0,0,0,0,1,0,0,0,1,0,0,0,1,0,0,0,0,0,0,0,0,0,0,0,0,0,0,0,0,0,0,1,0,0,2,0,0,1,0,0,1,1,0,0,0,0,0,1,0,0,0,0,0,0,0,0,0,2,0,0,0,1,0,0,0,0,0,0,0,0,0,1,1,1,0,0,0,0,0,0,0,0,0,0,0,0,0,1,0,0,0,1,2,0,0,0,0,0,0,0,0,0,0,0,0,1,0,0,1,0,1,0,1,0,0,0,0,0,0,0,0,1,0,0,0
2,1,0,1,3,0,0,0,0,0,2,0,0,3,0,1,2,0,0,0,0,0,0,0,0,1,0,0,3,1,1,0,1,0,0,1,0,1,0,0,0,0,0,0,1,1,0,3,1,0,0,0,0,0,0,0,1,0,0,0,0,1,0,1,1,0,1,0,0,0,1,2,1,0,0,0,1,1,0,0,0,1,0,0,2,0,0,0,0,0,0,0,0,0,0,0,0,1,0,0,0,0,0,0,0,0,0,0,1,0,0,0,0,0,0,0,0,0,0,0,0,0,0,0,0,0,0,0,0,1,1,0,0,0,3,0,0,0,0,1,0,1,0,3,0,0,0,0,0,0,0,0,0,0,0,0,0,0,0,0,1,0,1,0,0,1,0,0,1,0,0,1,1,0,0,0,0,0,1,0,0,0,0,0,0,0,0,2,0,0,2,0,0,0,0,0,0,0,0,1,0,0,0,0,0,0,0,0,0,0,0,1,0,0,2,0,0,0,1,0,0,0,1,0,0,0,1,0,0,0,1,0,1,0,0,0,1,0,0,0,0,0,0,1,0,0,0,0,0,0,0,0,1,0,0,1
0,3,0,0,2,0,0,0,1,0,0,0,1,0,0,0,2,0,0,0,0,1,0,0,0,0,0,0,2,1,0,0,0,0,0,0,0,1,0,0,0,0,0,0,4,0,0,2,2,0,0,0,0,0,0,0,1,0,1,0,0,2,0,0,1,0,0,0,0,0,2,0,0,0,0,0,0,2,0,0,0,0,0,0,0,0,0,1,0,0,0,0,0,0,0,0,1,0,0,0,0,1,0,0,0,1,1,0,0,0,0,0,0,0,0,0,0,0,0,0,0,0,0,0,0,1,0,0,0,0,0,0,0,0,0,0,0,0,0,2,0,0,0,0,0,0,0,0,0,1,1,0,0,0,0,0,0,0,0,0,0,0,0,0,0,0,0,0,0,0,0,0,1,0,0,0,0,1,0,0,0,0,0,0,0,0,0,0,0,0,0,1,0,0,0,0,0,0,0,0,0,0,0,0,0,0,0,0,0,0,0,0,0,0,1,0,0,0,2,0,0,0,2,0,0,1,0,0,1,1,0,0,0,0,0,0,0,0,0,0,0,1,0,2,0,0,0,0,0,0,0,0,0,0,0,1
0,1,0,0,1,0,0,0,0,0,1,0,0,1,0,1,1,0,0,0,0,0,0,0,0,0,1,0,1,1,0,1,2,0,0,0,0,1,2,0,0,0,0,0,1,0,0,2,1,0,0,0,0,0,0,0,1,0,0,0,0,2,0,0,1,0,1,0,0,0,2,0,0,0,0,0,0,1,0,0,0,1,0,0,0,0,0,0,0,0,0,0,0,0,0,0,0,0,0,0,0,0,0,0,0,0,0,0,0,0,0,0,0,0,0,0,0,0,1,0,0,0,0,0,0,0,0,0,0,0,0,1,0,0,0,0,0,0,0,1,0,0,0,1,0,0,0,0,0,0,0,1,0,0,0,0,0,0,1,0,0,0,0,0,0,1,0,0,1,0,0,1,1,0,0,0,0,0,1,0,0,0,0,0,0,0,0,0,0,0,0,0,0,0,0,0,0,0,0,0,0,0,1,0,0,0,0,0,0,0,0,0,2,0,0,0,0,0,1,0,0,0,1,0,0,0,1,0,0,0,0,0,0,0,0,0,1,0,0,0,0,0,0,1,0,0,0,0,0,0,0,0,1,0,0,0
0,2,0,1,1,0,0,0,0,0,1,0,0,0,0,1,2,0,0,0,1,0,0,0,1,0,2,0,1,1,0,0,1,0,0,0,2,1,0,0,0,0,0,0,3,0,0,2,0,0,0,0,1,0,0,0,0,1,0,0,0,1,0,0,1,0,1,0,0,0,1,0,0,0,0,0,0,1,0,0,0,1,0,0,0,0,0,0,0,0,0,0,0,0,0,1,1,0,1,0,0,0,0,0,0,0,0,0,1,0,0,0,0,0,0,0,1,0,1,0,0,0,0,0,0,0,0,0,0,0,0,0,0,0,0,0,0,0,0,1,0,0,0,0,0,0,0,0,0,0,1,0,0,0,0,0,0,0,0,0,0,0,0,0,0,1,0,0,1,0,0,1,1,0,0,0,0,0,2,0,1,0,0,0,0,0,0,0,0,0,0,0,1,0,0,0,0,0,0,0,0,1,1,0,0,0,0,0,0,0,0,0,0,0,3,1,0,0,1,1,0,0,1,0,0,0,0,0,1,0,0,0,0,0,0,2,1,0,0,0,0,1,0,1,0,0,0,0,0,0,0,0,1,0,0,1
0,2,0,0,1,0,0,0,1,0,1,0,0,0,0,2,1,0,0,0,1,0,0,0,0,0,0,0,1,1,0,0,1,0,0,0,0,1,2,0,1,0,0,0,1,0,0,2,1,0,0,2,0,0,0,0,0,0,0,0,0,3,0,0,1,0,1,0,0,0,1,0,0,0,0,0,0,1,0,0,0,1,0,0,0,0,0,0,0,0,0,0,0,0,0,0,0,0,0,0,0,0,0,0,0,0,0,0,0,0,0,1,0,0,0,0,0,0,1,0,0,0,0,1,0,0,0,0,0,0,0,0,0,0,0,0,0,0,1,1,0,0,0,1,0,0,0,0,0,1,0,0,0,1,0,0,0,0,0,0,0,0,0,0,0,1,1,0,2,0,0,1,2,0,0,0,0,0,2,0,0,0,0,1,0,0,0,0,0,0,0,1,0,0,0,0,0,0,0,0,0,3,0,0,0,0,0,0,0,0,0,0,0,0,0,0,0,0,1,1,0,0,2,0,0,0,1,0,0,0,0,0,1,0,0,0,1,0,0,1,1,0,0,2,0,0,0,0,0,0,0,0,0,0,0,1
0,2,0,0,2,0,0,0,0,0,0,0,0,0,0,0,2,1,0,0,2,0,0,1,0,0,1,0,2,2,0,0,0,0,0,1,1,1,1,0,0,0,0,0,4,2,0,3,0,0,1,0,1,0,0,0,0,0,0,0,0,2,0,0,0,0,0,0,0,0,2,0,0,0,0,0,0,2,0,0,0,0,0,0,0,0,0,0,0,0,0,0,0,0,0,0,0,0,0,0,0,1,0,1,0,0,0,0,0,1,0,0,0,1,0,0,0,0,0,0,0,0,0,0,0,0,0,0,0,0,0,0,0,0,0,0,0,0,0,2,1,0,0,1,0,0,0,0,0,0,1,0,0,0,0,1,0,0,0,1,1,0,0,0,0,0,0,0,0,0,0,0,0,0,0,0,0,0,0,0,0,0,0,0,1,1,0,0,0,0,1,0,0,0,0,0,0,0,0,0,0,0,1,0,1,0,0,0,0,0,0,0,2,0,2,0,0,0,2,0,0,0,3,1,0,0,0,0,0,0,1,0,2,0,0,0,1,0,0,0,0,0,0,2,0,0,0,1,0,0,0,0,1,0,1,0
0,4,0,0,0,0,0,0,0,1,2,0,0,0,0,2,0,0,0,0,1,0,0,0,0,0,4,0,0,0,0,1,2,0,0,0,0,2,4,0,0,0,0,0,0,0,0,2,0,0,0,0,0,0,0,0,1,0,0,0,0,1,0,2,2,0,2,0,0,0,0,0,0,0,0,0,0,0,3,0,0,2,0,0,0,0,0,0,0,0,0,0,0,0,0,0,0,0,0,0,0,0,0,0,0,0,0,0,0,0,1,0,0,0,0,0,0,0,0,0,0,0,0,1,0,0,0,0,0,0,0,0,0,0,0,0,0,0,0,0,0,0,0,0,0,0,0,0,0,0,0,0,0,0,0,0,0,0,0,0,0,0,0,0,0,2,0,0,1,0,2,2,2,0,0,0,0,0,3,0,0,1,0,0,0,0,0,0,1,0,1,0,0,0,0,0,0,0,0,0,0,4,0,0,0,0,3,2,0,0,0,0,0,0,0,0,0,0,0,1,0,0,0,0,0,0,2,0,1,0,0,0,0,0,0,0,2,0,0,0,0,0,0,0,0,0,0,0,0,0,0,0,2,0,0,0
0,2,0,0,1,0,0,1,0,0,0,0,0,0,0,0,3,0,0,0,0,0,0,0,1,0,0,0,2,1,0,0,1,0,0,0,1,0,0,0,0,0,0,0,4,0,0,2,0,0,0,0,0,0,0,0,0,0,0,0,0,3,0,0,0,0,0,0,0,0,2,0,0,0,0,0,0,1,0,0,0,0,0,0,0,0,0,0,0,0,0,0,0,0,0,0,0,0,0,0,0,0,0,0,0,0,0,0,0,0,0,0,0,0,0,0,0,0,0,0,0,0,0,0,0,0,0,0,0,0,0,0,0,1,0,0,0,0,0,1,0,0,0,0,0,0,0,0,0,0,2,0,0,0,0,0,0,0,0,0,0,0,0,0,0,0,0,0,0,0,0,0,0,0,0,0,0,1,0,0,0,0,0,0,0,0,0,0,0,0,0,0,1,0,0,0,1,0,0,0,0,0,1,0,0,1,0,0,0,0,0,0,0,0,2,0,0,0,2,1,1,0,2,0,0,0,0,0,0,0,0,0,0,0,0,1,0,0,0,0,0,1,0,3,0,0,0,0,1,0,0,0,0,0,0,0
0,2,0,0,1,0,0,0,1,0,1,0,0,0,0,0,1,0,0,0,0,0,0,0,0,0,0,0,0,2,0,0,0,0,0,0,0,0,1,0,0,0,0,0,2,1,1,1,0,1,0,0,1,0,0,1,2,0,0,0,0,1,0,0,0,0,0,0,0,0,1,0,0,0,0,0,0,1,0,0,0,0,0,0,0,0,0,0,1,0,0,0,1,0,0,0,1,0,0,0,0,1,0,0,0,1,1,0,0,0,0,0,1,0,0,0,2,2,0,0,1,0,0,1,0,0,0,0,0,0,0,0,2,0,1,1,1,0,0,1,0,0,1,0,0,0,0,0,0,0,1,0,0,0,0,0,0,1,1,0,0,0,0,0,2,0,0,1,0,0,1,0,1,0,0,1,0,0,0,0,0,0,0,0,0,0,0,0,0,0,2,0,1,0,1,0,0,0,0,0,0,0,0,0,0,0,0,0,0,0,0,0,0,1,2,1,0,0,1,1,0,1,1,1,0,0,0,0,0,0,0,0,0,1,1,0,0,1,0,0,0,1,1,2,1,0,0,0,0,0,0,0,0,0,0,0
0,2,0,0,4,0,0,0,0,0,0,0,3,1,0,0,4,0,0,4,1,0,0,0,0,0,1,0,3,2,0,0,1,0,0,0,1,1,0,0,0,0,1,0,4,0,0,1,0,0,0,0,1,0,0,0,2,0,0,0,0,2,0,0,0,0,0,0,0,0,2,0,0,0,0,0,0,2,0,0,0,0,0,0,0,0,0,0,0,0,0,0,0,0,0,0,0,0,0,0,0,2,0,0,0,0,0,0,0,0,0,1,0,1,0,0,0,0,0,0,0,0,0,0,0,0,0,0,0,1,0,0,0,0,2,1,0,0,0,2,1,0,0,3,0,0,0,0,0,0,0,0,1,0,0,0,0,1,0,0,0,0,0,0,0,0,0,0,0,0,0,0,0,0,0,0,0,0,0,0,0,1,0,0,2,0,0,0,0,0,0,0,0,0,0,0,0,0,0,0,0,0,1,0,0,0,0,0,0,0,0,0,1,0,4,0,0,0,2,0,0,0,2,0,0,0,0,0,0,0,0,0,2,0,0,0,0,0,0,0,0,1,1,2,0,1,0,0,0,1,0,0,0,0,0,0
0,1,0,0,0,0,0,0,0,0,0,0,0,1,0,0,3,0,0,0,0,0,0,1,0,0,3,0,0,1,0,0,0,0,0,0,0,3,0,1,1,0,0,0,4,1,0,0,0,0,0,0,2,1,0,0,0,0,0,1,0,2,0,0,0,0,0,0,0,0,2,0,0,0,0,0,0,1,0,0,1,0,0,0,0,0,0,0,0,2,0,0,1,1,0,0,0,0,0,0,0,0,0,0,0,0,1,1,0,0,0,0,0,0,0,0,0,0,0,0,0,0,0,0,0,0,0,0,0,0,0,0,0,0,0,0,0,1,0,1,0,0,0,0,0,0,0,0,0,0,1,0,1,0,0,0,0,0,0,0,1,0,0,0,0,0,0,0,0,0,0,0,0,0,0,0,0,0,0,0,0,1,0,2,0,0,0,1,1,0,0,1,1,0,0,0,0,0,0,0,0,0,1,0,1,0,0,0,0,0,0,0,0,0,0,0,1,0,2,0,2,0,2,2,0,0,0,0,2,1,1,0,1,0,0,0,0,0,0,0,0,3,1,1,0,0,0,0,0,1,0,1,0,0,0,1
1,2,0,0,2,0,0,0,0,0,0,0,0,0,0,0,2,0,0,0,0,0,0,0,2,0,0,0,0,0,0,0,1,0,0,0,0,1,1,0,0,0,0,0,3,0,0,1,0,0,0,0,0,0,0,0,0,0,0,0,0,1,0,0,0,0,1,0,0,0,2,2,0,0,0,0,0,1,1,0,0,0,0,0,0,0,0,2,0,0,0,0,0,0,0,0,0,0,0,0,0,2,0,1,0,1,0,0,0,0,0,1,0,0,0,0,0,0,0,0,0,0,0,0,0,0,0,0,0,0,0,0,0,0,0,0,0,0,0,1,0,0,0,0,0,0,0,0,0,0,1,0,0,0,0,2,0,0,0,0,0,0,0,0,0,1,0,0,1,0,0,0,0,0,0,0,0,2,0,0,0,0,2,0,4,0,0,0,2,0,0,0,0,0,0,0,0,0,0,0,0,0,0,0,0,0,0,0,0,0,0,0,2,1,0,0,0,0,3,0,0,1,2,0,1,4,0,0,2,0,0,0,0,0,0,0,1,0,0,0,0,2,0,2,0,2,0,0,0,0,0,0,0,0,2,0
0,1,0,0,0,0,0,0,0,0,2,0,0,0,0,0,1,0,0,0,0,0,0,0,1,1,1,0,3,2,1,1,0,1,0,0,0,1,0,0,0,0,0,1,1,0,0,1,0,0,0,0,0,0,0,0,1,0,0,1,1,1,0,1,0,0,0,0,0,0,1,0,1,0,0,0,0,2,0,0,0,0,0,0,0,0,0,1,0,0,0,0,0,0,0,0,0,0,0,1,0,0,0,0,0,0,0,0,0,0,0,0,0,0,1,0,0,0,0,0,0,0,0,0,0,0,0,0,0,0,0,0,0,0,0,1,0,0,0,1,0,0,0,0,0,0,0,0,0,0,1,0,0,0,0,0,0,0,0,0,0,0,0,0,0,1,0,0,0,0,0,0,0,0,2,0,0,0,0,0,0,2,0,0,1,0,0,0,0,1,0,0,0,0,0,0,0,0,0,2,0,0,1,2,0,1,0,0,0,0,0,0,0,0,0,0,0,0,2,1,0,0,2,1,0,0,0,0,0,0,1,0,1,0,0,0,0,0,0,0,0,0,0,1,0,0,0,0,0,0,0,0,0,0,0,0
0,4,0,1,1,0,0,0,0,0,1,0,0,0,0,1,1,0,0,0,1,0,0,0,0,0,0,0,0,0,0,0,1,0,1,0,0,2,3,0,0,0,0,0,2,1,0,2,1,0,1,0,0,1,0,0,0,0,0,0,0,4,0,0,1,0,1,0,0,0,1,0,0,0,0,0,0,1,0,0,0,1,0,0,0,0,0,0,0,0,0,0,0,0,0,1,0,0,0,0,0,0,0,0,0,0,0,0,0,0,0,0,1,0,0,0,0,0,0,0,0,0,0,0,0,0,0,0,0,0,0,0,0,0,0,1,0,0,0,1,0,0,0,0,0,0,0,0,0,0,1,0,0,0,0,0,0,0,0,0,0,0,0,0,0,1,0,0,3,0,0,1,1,0,1,0,0,0,1,0,0,0,0,0,2,0,0,0,2,0,2,0,1,1,0,0,0,0,0,0,0,0,1,0,0,0,0,0,0,0,0,0,0,0,0,0,0,0,1,2,0,0,1,0,0,1,1,1,1,0,0,0,0,0,0,0,1,0,0,0,0,1,1,1,0,0,0,0,0,0,1,0,1,0,0,2
0,1,1,0,2,0,0,0,0,0,3,0,0,1,0,0,1,0,0,0,0,0,0,0,2,0,2,0,1,2,1,0,0,1,0,0,0,0,0,0,0,0,1,1,2,0,0,2,0,0,1,0,0,1,0,0,0,1,1,0,1,1,1,1,0,0,0,0,0,0,1,0,1,0,0,0,0,2,1,0,0,0,0,0,0,0,0,1,0,0,0,0,0,0,0,0,0,0,0,0,0,0,1,0,0,0,0,0,0,0,0,0,0,0,1,0,0,0,0,0,0,0,1,0,0,0,0,0,0,0,0,0,0,0,0,2,0,0,0,1,0,0,0,1,0,1,1,0,0,0,0,0,0,1,0,0,0,0,0,0,0,0,0,0,0,1,0,0,2,0,0,0,0,0,0,0,0,0,0,0,0,2,0,0,1,0,2,0,0,0,1,0,0,0,0,0,0,0,0,1,0,0,1,1,0,0,1,0,0,0,0,0,1,0,0,0,0,0,3,0,0,0,1,1,0,0,0,0,0,1,0,0,0,0,0,0,1,0,0,0,0,0,0,1,2,0,0,0,0,0,0,0,0,0,0,0
1,1,0,0,0,0,0,0,0,2,0,0,0,0,0,2,1,0,0,1,0,0,0,0,0,0,2,0,1,0,2,0,0,0,0,0,1,0,0,0,0,0,0,0,2,0,0,0,0,2,0,1,0,1,0,0,0,0,1,2,0,2,0,1,0,1,0,0,0,0,1,0,0,0,0,0,0,1,0,0,0,0,0,0,0,0,0,0,0,0,0,0,0,0,0,0,0,0,0,0,0,0,0,0,0,0,0,0,0,0,0,0,0,2,0,0,0,0,0,0,0,1,0,0,0,0,0,1,0,0,0,0,0,1,0,0,0,0,0,1,0,0,0,1,0,0,0,0,0,0,0,0,0,0,0,0,0,0,0,0,2,0,0,0,0,0,0,2,0,0,1,0,0,0,1,0,0,0,0,0,0,1,0,1,0,0,0,0,1,1,0,1,1,0,0,0,0,0,0,1,0,0,2,0,0,0,0,0,0,0,0,0,0,0,2,0,0,0,1,0,0,0,1,0,0,0,0,0,1,0,0,0,2,0,0,2,0,0,0,0,0,1,0,2,0,1,0,0,0,0,0,0,0,0,0,0
0,1,0,1,5,0,0,2,0,0,2,0,0,0,0,0,3,0,0,0,0,1,0,0,2,0,0,0,3,3,0,0,1,0,0,1,1,2,1,0,2,0,0,0,2,0,0,5,0,0,0,0,0,0,0,0,3,0,0,0,0,5,0,0,1,1,1,0,1,0,1,0,0,0,0,0,0,1,0,0,0,1,0,0,0,0,0,0,0,0,0,1,0,0,0,1,0,0,0,0,0,0,0,0,0,0,0,0,0,2,0,0,0,0,0,0,0,0,0,0,0,1,0,2,0,0,0,0,0,1,0,0,0,0,0,0,0,0,1,1,0,0,0,0,0,0,0,0,0,0,0,0,0,0,0,0,0,2,0,0,0,0,0,0,0,1,0,0,2,0,0,1,1,0,1,0,0,0,1,0,1,0,0,1,1,0,0,3,3,0,0,1,0,0,0,0,2,0,0,2,0,3,1,0,0,0,0,0,0,0,0,0,1,0,2,0,0,0,2,2,0,0,2,0,0,0,0,0,0,0,0,0,2,0,0,0,4,0,0,0,0,0,3,1,0,0,0,1,0,0,0,0,1,0,1,0
0,1,0,0,0,0,0,0,1,2,0,0,1,0,0,0,2,0,0,0,0,0,0,0,0,0,0,0,0,0,0,0,1,0,0,0,1,2,0,0,0,0,1,0,4,0,0,1,1,0,1,0,0,0,0,0,1,0,0,0,0,1,0,1,0,0,0,0,0,0,2,0,0,0,0,0,0,0,0,0,1,0,0,0,0,0,0,0,0,1,0,0,0,0,0,0,0,0,0,0,0,0,0,0,0,0,0,0,0,0,2,0,0,2,0,0,0,0,0,0,0,1,0,0,0,0,0,0,0,0,0,0,0,0,0,0,0,0,0,0,0,1,0,0,0,0,0,0,0,1,1,0,0,1,0,1,0,0,0,0,0,0,0,0,0,1,0,1,0,0,1,1,1,0,0,0,0,0,0,0,0,1,0,1,0,0,0,0,1,1,0,1,0,0,1,0,0,0,0,0,0,0,1,0,0,0,0,0,0,0,0,0,0,0,1,0,0,0,1,0,0,0,1,1,0,0,0,0,0,0,0,0,0,0,0,0,1,0,0,0,0,1,0,1,0,0,0,0,0,0,0,0,0,0,0,1
0,1,0,0,2,0,0,0,0,0,2,0,0,0,0,0,2,0,0,0,0,0,0,1,2,0,2,0,1,1,0,0,0,0,0,0,2,2,1,0,0,0,0,0,3,2,1,0,1,0,0,0,0,0,0,0,0,0,0,0,0,1,0,0,0,0,0,0,0,0,2,0,0,0,0,0,0,1,0,0,0,0,1,0,1,0,0,0,1,0,0,0,0,0,0,0,0,0,2,0,1,0,0,0,0,0,1,0,0,0,0,0,1,1,0,0,0,0,0,0,0,0,0,0,0,0,0,0,0,1,0,0,0,3,0,0,0,1,0,1,0,0,0,0,0,0,0,0,1,0,0,0,0,0,1,0,0,0,0,0,0,0,0,1,0,0,0,0,0,0,0,0,0,0,0,0,1,0,0,0,0,0,0,0,0,0,0,0,0,0,1,0,1,0,0,0,0,0,0,0,0,0,1,0,0,0,0,0,0,1,0,0,0,0,1,0,0,0,0,0,0,0,0,1,0,2,0,0,0,0,0,0,1,0,0,1,1,0,0,0,0,2,0,1,0,0,0,0,0,0,0,0,0,0,0,1
0,2,0,0,2,0,0,2,0,0,0,0,1,2,0,0,2,0,0,0,1,0,2,0,1,0,1,0,1,1,0,0,0,0,0,0,0,1,0,0,2,0,0,0,3,1,0,1,0,0,1,0,1,0,0,0,0,0,0,1,0,2,0,0,0,0,1,0,0,0,2,0,0,1,0,0,0,3,0,0,1,1,0,0,0,0,0,3,0,0,0,0,0,0,2,0,0,1,2,0,0,1,0,0,0,1,0,0,1,0,0,2,0,1,0,0,5,0,0,0,0,0,0,0,0,0,0,0,0,1,0,0,0,0,0,0,0,2,0,2,0,0,0,1,0,0,1,0,1,2,0,0,2,0,0,1,0,0,0,0,0,0,0,0,0,0,0,0,0,0,0,0,0,0,0,0,0,0,0,0,0,0,0,0,4,2,0,0,0,0,0,0,1,0,0,0,0,0,0,0,0,0,0,0,0,0,0,0,0,0,0,0,0,0,0,0,0,0,1,0,0,0,1,0,0,0,0,0,2,3,0,1,0,0,0,0,0,0,1,1,0,1,1,2,0,3,0,0,0,0,0,0,0,0,0,0
0,2,0,0,3,0,1,0,0,0,1,0,0,0,0,0,3,0,0,1,1,1,0,0,1,0,3,0,2,2,1,0,1,0,0,0,0,0,0,0,0,0,0,1,4,1,0,1,0,0,0,1,0,0,0,0,0,0,1,0,0,2,0,0,0,0,0,1,0,1,3,0,0,0,0,0,0,2,0,1,0,0,1,0,0,1,0,0,0,0,0,0,0,0,0,0,0,2,0,0,0,1,0,1,0,0,1,0,0,0,0,1,2,0,0,0,0,0,0,0,0,0,0,0,0,0,0,0,0,3,0,0,0,0,1,0,0,0,0,2,1,1,0,3,0,0,0,0,0,0,1,0,0,0,0,0,0,0,0,0,0,0,0,0,0,0,0,0,0,0,0,1,0,0,0,0,0,0,0,0,0,0,0,0,2,2,0,0,0,0,0,0,0,0,1,0,0,0,0,0,0,0,0,0,0,0,0,0,0,0,0,2,0,0,1,1,1,0,2,0,0,0,2,0,0,0,0,0,0,1,0,0,0,0,0,0,0,0,0,0,0,1,1,3,0,0,0,0,0,0,1,0,0,0,0,2
0,1,0,0,0,0,0,0,1,0,2,0,1,0,0,2,0,0,0,0,1,0,0,0,0,0,0,0,0,0,0,0,2,0,0,0,0,2,0,0,0,0,1,0,1,0,0,2,0,0,0,0,0,0,0,0,0,0,0,0,0,1,0,0,1,0,2,0,0,0,1,0,0,0,0,0,0,0,0,0,0,2,0,0,0,0,0,0,0,0,0,0,0,0,0,0,0,0,0,0,0,0,1,0,0,0,0,0,0,0,0,0,0,0,0,0,0,0,0,0,0,0,0,2,0,0,0,0,0,0,0,0,0,0,0,0,0,0,0,1,0,0,0,0,0,0,0,0,0,0,1,0,0,1,1,0,0,0,0,0,0,0,1,0,0,2,0,0,1,0,0,2,2,0,0,0,0,0,2,0,0,0,0,0,0,0,1,1,1,0,0,0,0,0,0,0,0,0,0,0,0,0,1,0,0,0,0,0,0,0,0,0,0,0,0,0,0,0,0,0,0,0,0,0,0,0,0,0,0,0,0,0,0,0,0,0,2,0,0,0,0,1,0,0,0,0,0,0,0,0,0,0,1,0,0,0
0,3,0,0,1,0,0,0,0,0,0,0,0,0,0,0,3,0,0,0,0,0,0,0,1,0,0,0,1,1,1,0,0,0,0,0,0,1,0,0,0,0,0,0,4,0,0,1,1,0,1,0,0,0,0,0,1,0,1,1,0,2,0,0,0,0,0,0,0,0,2,0,0,0,0,0,0,2,0,0,0,0,0,0,0,0,0,0,0,0,0,0,0,0,0,0,0,0,0,0,0,1,0,0,0,2,1,0,0,0,0,0,0,0,0,0,0,0,0,0,0,0,0,0,0,0,0,0,0,2,1,0,0,0,0,0,0,0,0,2,0,0,1,0,1,0,0,0,0,0,0,0,0,1,0,0,0,0,0,0,0,0,0,0,0,0,0,0,0,0,0,0,0,0,0,0,0,1,0,0,0,0,0,0,1,0,0,0,0,0,0,0,0,0,0,0,0,0,0,0,0,0,0,0,0,0,0,0,0,0,0,0,0,0,0,0,0,0,2,0,0,0,2,0,0,0,0,0,1,2,0,0,2,0,0,0,0,0,0,0,0,1,1,2,0,0,0,0,0,0,0,0,0,0,0,1
0,2,0,0,0,0,0,0,0,0,1,0,0,0,0,1,1,2,0,0,1,0,0,0,1,0,1,0,1,0,0,0,1,0,0,0,0,1,1,0,0,0,0,0,2,0,0,1,0,0,0,0,0,0,0,0,0,0,0,0,0,2,0,0,1,0,1,0,0,0,1,0,0,0,0,0,0,1,0,0,0,1,0,0,0,0,0,0,0,0,0,0,0,0,0,1,0,0,0,0,0,1,0,0,0,0,0,0,0,0,0,0,0,0,0,0,0,0,0,0,0,0,0,1,0,0,0,0,0,0,0,0,0,0,0,0,0,0,0,1,0,0,0,0,0,0,0,0,0,0,0,0,0,0,0,0,0,0,0,0,0,0,0,0,0,2,0,0,1,0,1,2,1,0,0,0,2,0,1,0,0,0,0,0,2,0,0,0,1,0,0,0,2,0,0,0,0,0,1,1,0,0,1,1,0,0,0,0,0,0,0,0,1,0,0,0,0,0,1,0,1,0,1,0,0,0,0,0,0,0,0,0,0,0,0,0,1,0,0,0,0,1,0,1,0,0,0,0,0,0,0,0,1,0,0,1
0,1,0,1,3,0,0,0,1,0,1,0,1,0,0,0,2,0,0,0,0,0,0,0,0,0,1,0,1,0,0,0,0,1,0,1,1,0,0,0,0,0,0,0,3,0,0,0,1,0,0,0,0,0,0,0,2,1,0,0,1,1,0,0,0,0,0,0,0,0,3,0,1,0,0,0,0,2,0,0,1,0,0,0,0,0,0,0,0,0,0,0,1,0,0,0,0,0,0,0,0,2,0,0,0,3,0,0,0,0,0,0,0,0,0,0,1,0,0,0,0,0,0,0,0,0,0,0,0,0,0,0,0,0,0,2,0,0,0,1,0,1,0,1,0,0,0,0,0,0,2,0,0,0,0,0,0,1,0,0,1,0,0,0,0,0,0,0,1,0,0,0,0,0,1,0,0,0,0,0,0,1,0,0,0,0,0,0,0,0,0,0,0,0,0,0,0,0,0,0,0,0,3,2,0,0,0,0,0,0,0,0,0,0,0,0,0,0,2,0,0,0,2,0,0,0,0,0,0,0,0,0,0,0,0,0,0,0,0,0,0,1,0,3,0,0,0,0,1,0,0,0,0,0,0,0
0,2,0,0,1,0,1,2,0,0,0,0,0,0,0,0,2,0,0,0,1,0,0,1,0,0,0,1,1,1,1,0,0,0,0,0,2,0,0,0,0,0,0,0,3,0,0,2,0,0,0,0,1,0,0,0,0,0,0,0,0,2,0,0,0,0,0,0,0,0,4,0,0,0,0,0,0,2,0,0,1,0,0,0,0,0,0,0,0,0,0,0,0,0,0,0,0,0,1,0,0,0,0,0,0,0,0,0,2,0,0,0,0,0,0,0,0,0,0,0,0,0,0,0,1,0,0,0,0,0,0,0,0,0,0,0,0,0,0,2,0,1,0,1,0,0,0,0,0,1,1,0,0,1,0,0,0,0,0,0,0,0,0,0,0,0,0,0,0,0,0,0,0,0,0,0,0,0,0,0,0,0,0,0,0,0,0,0,0,0,0,0,0,0,0,0,0,0,0,0,0,0,1,0,0,1,0,0,0,0,0,0,0,0,1,0,0,0,2,1,0,0,2,1,0,0,0,0,0,0,0,0,1,0,0,0,0,0,0,0,1,1,0,2,0,0,0,0,0,0,0,0,0,0,0,0
0,3,0,0,0,0,0,0,1,0,2,0,0,0,0,1,0,1,0,0,1,0,0,0,1,0,1,0,0,0,1,0,2,0,0,0,0,2,1,0,0,0,1,0,1,1,0,3,0,0,1,0,0,0,0,0,0,0,0,0,0,1,2,0,1,0,2,0,1,0,1,0,0,0,0,0,0,1,0,0,3,2,0,1,0,0,0,0,0,0,0,1,0,0,2,3,0,0,0,0,0,1,1,0,0,0,0,0,0,0,0,0,0,0,0,0,0,0,0,0,0,0,0,2,0,0,0,0,0,0,0,1,0,1,0,2,0,1,0,0,0,0,0,0,0,0,0,0,0,0,0,0,0,2,0,0,0,0,0,0,0,0,0,0,1,2,1,0,1,0,0,2,2,0,0,0,0,0,2,0,0,0,0,0,0,0,0,3,1,0,2,0,0,3,2,0,0,0,0,0,0,0,0,0,0,0,0,0,0,0,0,0,0,0,0,0,0,0,1,3,0,0,0,0,0,0,0,1,0,0,0,0,0,0,0,0,2,0,0,1,0,0,0,0,0,0,0,0,0,0,0,0,0,0,0,2
0,1,0,0,1,0,0,0,0,1,1,0,0,0,0,0,1,1,0,1,0,0,0,0,0,0,2,0,0,1,0,0,1,0,0,0,1,2,3,0,2,0,1,0,3,1,0,1,0,0,0,1,1,0,0,1,2,0,0,1,0,3,0,0,1,0,1,0,1,0,1,1,0,0,0,1,0,1,0,0,1,1,0,0,0,0,0,0,0,0,0,0,0,0,0,1,0,0,0,0,0,1,0,0,0,0,0,0,0,0,1,0,0,0,0,0,0,0,1,1,0,0,0,1,0,0,0,0,0,1,2,1,0,0,0,0,1,0,1,1,0,0,0,0,0,0,0,0,0,0,1,0,0,0,0,0,0,0,1,0,1,0,0,0,0,1,0,0,1,0,0,1,1,1,0,0,0,0,2,0,0,0,0,0,3,1,0,1,1,0,1,0,0,0,0,0,0,1,0,0,0,0,1,0,0,0,0,0,0,0,1,0,0,0,1,0,0,1,1,2,0,0,1,0,0,0,1,0,0,0,0,0,0,0,0,0,1,0,0,1,0,1,0,1,0,0,0,0,0,0,0,0,0,0,0,1
0,2,0,1,1,0,0,1,0,0,0,0,0,0,0,0,2,0,0,0,0,0,0,0,0,0,0,0,1,2,0,0,0,0,0,1,1,2,0,0,0,0,2,0,3,0,0,2,0,0,0,0,0,0,0,0,1,0,0,0,0,2,0,0,0,0,0,0,0,0,2,0,0,0,0,0,0,2,0,0,1,0,0,0,0,0,0,0,0,0,0,0,0,0,0,0,0,0,0,0,0,0,0,0,0,0,0,0,0,0,0,0,0,0,0,0,0,0,0,0,0,0,0,0,0,0,0,0,0,1,0,0,0,0,1,0,2,1,0,2,0,1,1,1,0,0,2,0,1,0,1,0,0,0,0,0,0,0,0,0,0,0,0,0,0,0,0,0,0,0,0,0,0,0,0,0,0,0,0,0,0,0,0,0,1,0,0,0,0,0,0,0,0,0,0,1,0,0,1,0,0,0,0,0,0,0,0,0,0,0,0,0,0,0,1,0,0,0,1,0,0,0,1,0,0,0,0,0,0,0,0,0,0,0,0,0,0,0,0,0,0,2,0,2,0,0,0,0,0,0,0,1,0,0,0,2
0,3,0,0,0,0,0,0,0,0,0,0,0,0,0,0,3,0,0,0,0,0,0,0,0,0,0,0,2,1,3,0,0,0,0,0,0,0,0,0,0,0,0,0,2,0,0,1,0,0,0,0,0,0,0,0,0,0,0,0,0,2,0,0,0,0,0,0,0,0,2,0,0,0,0,0,0,2,0,0,0,0,0,0,0,0,0,0,0,0,0,0,0,0,0,0,0,0,1,0,1,0,0,0,0,0,1,0,0,1,0,1,0,0,0,0,0,0,0,0,0,0,0,0,1,0,0,0,0,2,0,0,0,0,0,0,0,1,0,2,0,0,0,1,0,0,0,0,1,0,1,0,0,2,0,0,0,0,0,0,0,0,0,0,0,0,0,0,0,0,0,0,0,0,0,0,0,0,0,0,0,0,0,0,1,0,0,0,0,0,0,0,1,0,0,0,0,0,1,0,0,0,2,0,0,1,0,0,0,0,0,0,1,0,2,0,0,0,1,1,0,0,2,0,0,0,0,0,0,1,0,0,0,0,0,0,0,0,0,1,0,1,0,2,1,0,0,0,0,0,0,0,0,0,0,0
0,3,0,0,1,0,0,1,0,0,0,0,1,0,0,0,2,0,0,1,1,0,0,0,0,0,1,0,0,0,0,0,1,0,0,0,0,1,1,0,0,0,0,0,3,0,0,2,0,0,0,0,0,0,0,0,1,0,1,0,0,3,0,0,0,0,1,0,0,0,2,0,0,0,0,0,0,1,0,0,0,1,0,0,0,0,0,0,0,0,0,0,0,0,0,0,0,0,0,0,0,0,0,1,0,0,0,0,0,0,0,1,0,0,0,0,1,0,0,0,0,0,0,0,1,0,0,0,0,0,0,0,0,0,0,0,0,0,0,1,0,0,0,0,0,0,0,0,0,1,1,1,0,0,0,0,0,0,0,0,0,0,0,0,0,1,2,0,1,0,0,1,1,0,0,0,0,1,1,0,0,0,0,0,1,0,0,0,1,0,0,0,0,0,0,0,0,0,0,0,0,0,0,0,0,0,0,0,0,0,0,0,0,0,0,0,1,0,1,1,0,0,1,0,1,0,0,0,0,0,0,0,0,0,0,0,1,0,1,0,0,0,0,1,0,0,0,0,0,0,0,0,0,0,0,1
0,2,0,2,2,0,2,1,0,1,2,0,1,0,0,0,4,0,0,0,0,0,0,0,0,0,2,0,2,4,0,0,1,0,0,0,1,1,2,0,3,0,0,0,5,1,0,4,0,0,0,0,0,0,0,0,0,0,0,1,0,2,0,0,0,0,0,0,0,0,2,0,0,0,0,0,0,2,0,0,0,0,0,0,0,0,0,0,0,2,1,0,0,0,0,1,0,1,0,0,1,2,0,0,0,0,0,0,0,1,0,0,0,1,0,1,0,0,0,1,0,1,0,0,0,0,0,0,0,0,0,0,0,0,0,3,0,0,0,2,0,0,0,3,0,0,1,0,0,0,0,0,1,0,0,0,0,0,0,0,0,0,1,0,0,0,0,0,0,0,0,0,0,0,0,0,0,0,0,0,0,0,0,0,4,0,0,0,0,0,1,0,1,0,0,0,0,0,0,0,0,0,2,2,2,0,0,0,0,0,0,0,1,0,0,0,0,0,2,0,0,0,2,0,0,0,0,0,0,0,0,0,2,0,0,0,0,0,0,0,0,1,0,2,0,0,0,0,0,0,0,0,0,0,0,0
0,3,0,0,3,0,0,0,0,0,0,0,1,0,0,0,5,0,0,0,0,0,0,0,0,0,0,0,0,0,0,0,0,0,0,0,0,2,0,0,0,0,0,0,2,0,0,2,0,0,0,0,0,0,0,0,0,0,0,0,0,2,0,0,0,0,0,1,0,0,2,0,0,0,0,0,0,2,0,0,1,0,0,0,0,0,0,0,0,0,0,0,0,0,0,0,0,0,0,0,0,0,0,0,0,0,0,0,0,0,0,0,0,0,0,0,0,0,0,0,0,0,0,0,0,0,0,0,0,1,0,0,0,0,2,1,0,0,0,2,0,0,0,0,0,0,0,0,0,1,2,0,0,0,0,0,0,0,0,0,0,0,0,0,0,0,0,0,0,0,0,0,0,0,0,0,0,1,0,0,0,0,2,0,0,0,0,0,0,0,2,0,1,0,0,0,1,0,0,0,0,0,1,0,0,0,0,0,0,0,0,0,1,0,3,0,0,0,2,1,1,0,2,1,0,0,0,1,0,1,0,0,0,0,0,0,0,0,0,0,1,2,2,2,1,0,0,0,0,0,0,0,0,0,0,0
0,2,0,0,5,0,0,1,0,0,0,0,0,1,0,0,3,0,0,0,0,0,0,0,2,0,2,0,1,2,0,0,0,0,0,0,2,0,0,0,0,0,0,0,3,0,1,3,1,0,0,0,0,0,0,0,0,0,0,0,0,2,0,0,0,0,0,0,0,0,2,1,0,0,0,0,0,2,0,0,1,0,0,0,0,0,0,0,0,0,0,0,0,0,0,0,0,0,0,0,0,0,0,0,0,0,0,0,0,0,0,0,0,0,0,0,0,0,0,0,0,0,0,0,0,0,0,0,0,1,1,0,0,0,0,0,0,0,0,2,3,0,0,0,0,0,0,0,0,1,1,0,0,1,0,0,0,0,0,0,1,0,0,0,0,0,0,0,0,0,0,0,0,0,1,0,0,2,0,0,0,0,0,0,0,0,0,0,0,0,0,0,0,0,0,0,0,0,0,0,0,0,0,0,0,1,0,0,0,0,0,0,0,0,2,0,0,0,2,0,0,0,2,0,0,0,0,0,1,0,0,0,3,0,0,1,0,0,0,0,0,2,2,2,0,0,0,2,0,0,0,0,0,0,0,1
0,1,0,0,1,0,0,0,0,0,0,0,1,0,0,0,1,0,0,1,0,0,0,0,0,0,0,0,0,1,0,0,0,0,0,0,0,0,1,0,0,1,0,0,2,0,0,2,0,0,1,1,0,1,1,0,0,0,0,0,0,1,0,0,0,0,0,0,0,0,1,1,0,0,0,0,0,1,1,0,0,0,0,1,0,0,0,0,0,0,0,0,0,0,0,0,2,0,0,0,0,2,0,0,0,0,0,0,0,0,0,0,0,0,0,0,0,0,0,0,0,0,0,0,0,0,0,0,1,0,0,0,0,0,1,1,0,2,0,1,0,0,1,0,0,0,0,0,1,0,1,0,0,0,0,0,0,0,0,0,0,0,0,0,0,0,0,0,1,0,0,1,0,0,0,0,0,0,0,1,0,0,0,0,0,1,0,0,0,1,0,0,1,0,1,0,0,0,0,0,0,0,1,3,0,0,0,0,0,0,0,0,0,2,0,0,0,0,0,1,0,0,0,0,0,0,0,0,1,0,0,0,0,0,0,0,2,0,0,0,0,1,1,1,1,0,0,0,0,0,0,0,0,0,0,0
0,1,0,0,3,0,0,2,0,5,0,5,0,0,0,0,3,0,0,0,1,0,1,0,1,0,1,0,0,1,0,0,0,0,1,0,1,0,0,0,0,1,0,0,4,0,0,0,0,2,0,1,0,0,0,0,0,0,0,0,0,2,0,1,0,1,0,0,0,0,1,0,0,1,2,0,0,1,0,0,0,0,0,0,0,1,0,0,0,2,0,0,0,0,0,1,0,0,2,2,0,1,0,1,0,1,0,0,0,1,0,0,0,3,0,0,0,0,0,0,0,1,0,0,1,0,0,0,0,2,1,0,0,0,2,0,1,1,0,1,0,0,1,0,0,0,0,0,1,0,1,0,0,0,0,0,0,0,0,0,0,0,0,0,0,0,0,0,0,0,1,0,0,0,0,0,0,0,0,0,0,1,0,1,0,0,0,0,2,0,0,1,0,0,0,0,0,0,0,2,0,0,1,0,0,0,1,0,0,0,0,1,0,0,2,0,0,0,0,0,1,0,0,0,0,0,0,0,0,0,0,0,0,0,0,1,1,0,0,0,1,2,1,2,2,1,0,0,0,0,0,0,0,0,0,0
0,1,0,0,1,0,0,1,0,0,2,0,0,0,0,1,0,0,0,0,1,0,0,0,2,0,0,0,0,0,0,0,2,0,0,0,0,2,1,0,0,0,2,0,1,0,0,2,0,0,0,0,0,0,0,0,0,0,0,0,0,2,0,0,1,0,2,0,0,0,1,0,0,0,0,0,0,0,0,0,0,2,0,0,0,0,0,0,0,0,0,0,0,0,0,1,0,0,0,0,0,0,0,1,0,0,0,0,0,0,1,1,0,0,0,0,0,0,1,0,0,0,0,0,0,0,0,0,0,0,0,0,0,0,0,0,0,0,0,1,0,0,0,0,0,0,0,0,0,0,0,0,0,0,0,0,0,0,0,0,0,0,1,0,0,2,0,0,4,0,0,2,2,0,1,0,0,0,2,0,0,0,0,0,0,0,1,1,3,0,1,1,0,0,0,0,0,0,0,1,0,1,0,0,0,0,1,0,0,0,0,0,0,0,0,0,0,0,0,1,0,0,1,0,0,0,1,0,0,0,0,0,0,0,0,0,2,0,0,0,0,0,0,0,0,0,0,0,0,0,0,0,1,0,0,1
0,2,0,0,0,0,0,0,0,0,0,0,0,0,0,0,2,0,0,0,0,0,0,0,2,0,0,0,3,3,0,0,0,0,0,0,1,0,0,0,1,0,0,0,5,0,0,4,3,0,1,0,0,0,0,0,0,0,0,0,0,2,0,0,0,0,0,0,0,0,2,1,0,0,0,0,0,2,0,0,0,0,0,0,0,0,0,0,1,0,0,0,0,0,0,0,0,0,1,0,1,2,0,0,0,2,4,0,0,0,0,1,0,1,0,0,0,0,0,0,0,0,0,0,0,0,0,0,0,0,0,0,0,0,2,0,4,0,0,2,0,0,0,0,0,0,0,0,0,0,0,0,0,0,0,1,0,0,0,0,0,0,0,0,0,0,0,0,0,0,0,0,0,0,0,0,0,0,0,0,0,0,0,0,2,0,0,0,0,0,0,0,0,0,0,1,0,0,0,2,0,0,1,0,0,0,0,0,0,0,0,0,0,0,1,0,0,0,2,0,0,0,2,1,0,2,0,0,1,0,0,0,1,0,0,0,1,1,0,0,0,1,0,2,0,1,0,0,0,0,0,0,0,0,0,2
0,2,0,0,0,0,0,0,0,0,0,0,0,0,0,0,2,0,0,1,0,0,0,0,0,0,1,0,1,1,0,0,0,0,0,0,0,1,0,0,0,0,0,0,4,0,0,1,1,0,0,0,0,0,0,0,0,0,0,0,0,2,0,0,0,0,0,0,0,0,2,0,0,0,0,0,0,2,0,0,0,0,0,0,0,0,0,0,0,0,0,0,0,0,0,0,0,0,0,0,0,0,0,0,0,1,1,0,0,0,0,1,0,0,0,0,1,0,0,0,0,0,0,0,0,0,0,0,0,0,0,0,0,0,0,0,0,1,0,2,0,0,0,0,0,0,0,0,1,0,0,0,0,0,0,0,0,0,0,0,0,0,0,0,0,0,0,0,0,0,0,0,0,0,0,0,0,0,0,0,0,0,0,0,1,1,0,0,0,0,0,0,1,0,0,0,0,0,0,0,0,0,2,0,1,0,0,0,0,0,0,0,0,2,0,0,0,0,1,0,0,0,1,1,0,0,0,0,1,1,0,0,0,0,0,0,0,0,0,0,0,2,1,2,0,0,0,0,0,0,0,0,0,0,0,1
0,1,0,0,1,0,0,0,1,0,1,0,0,0,0,1,2,0,0,0,1,0,0,0,0,0,0,0,0,0,0,0,1,0,1,0,0,2,0,0,0,0,0,0,1,0,0,2,0,0,0,0,0,0,0,0,1,0,0,0,0,2,0,0,1,0,1,0,0,0,1,0,0,0,0,0,0,1,0,0,0,1,0,0,0,0,0,0,0,0,0,0,0,0,0,1,0,0,0,0,0,1,0,0,0,0,0,0,0,0,0,1,0,0,0,0,0,0,0,0,0,0,0,0,0,0,0,0,0,0,0,0,0,0,0,0,0,0,0,1,0,0,0,1,0,0,0,0,0,0,0,0,0,0,0,0,0,0,0,0,0,0,0,0,0,1,0,0,1,0,0,1,1,0,0,0,0,0,1,0,0,0,0,0,1,0,0,0,1,0,1,0,0,1,0,0,0,0,0,1,0,0,1,0,0,0,0,0,0,0,0,0,0,0,0,0,0,0,1,0,0,0,1,0,0,1,0,0,0,0,0,0,1,0,0,0,1,0,0,0,0,0,0,1,0,0,0,0,1,0,0,0,1,0,0,1
0,2,0,1,4,0,0,1,0,1,2,0,0,0,0,0,5,1,0,0,4,0,0,0,0,0,0,0,0,0,0,0,0,1,0,0,1,0,2,0,0,0,0,0,4,0,1,2,0,0,0,0,0,0,0,1,0,1,0,1,0,2,0,0,0,0,0,0,0,0,2,0,0,0,0,0,0,2,0,0,0,0,0,0,0,0,0,0,0,0,0,0,0,0,0,0,4,0,0,0,0,1,0,0,0,0,0,0,0,0,0,1,1,0,0,0,0,0,2,0,0,1,0,0,0,0,0,0,0,1,0,0,0,0,0,0,0,1,0,2,0,0,0,1,0,0,1,0,1,1,2,1,0,0,0,0,0,0,0,0,0,0,1,0,0,0,0,0,0,0,0,0,0,0,0,0,0,0,0,0,0,0,0,0,2,1,0,0,0,0,0,0,1,0,1,0,0,0,0,0,1,0,2,4,1,0,1,0,0,0,0,0,1,0,2,0,0,0,1,1,0,0,1,0,1,0,1,0,0,0,0,0,2,0,0,0,0,0,0,0,0,2,0,3,0,1,0,1,0,0,0,0,0,0,0,2
0,1,0,0,2,0,0,0,0,0,3,0,0,0,0,1,1,0,0,0,0,0,0,0,0,0,0,0,1,0,0,0,1,0,0,0,0,4,0,2,1,0,0,0,2,0,1,3,0,0,0,0,0,0,0,0,3,0,1,0,1,3,0,0,3,1,1,0,1,0,2,1,0,0,0,0,1,1,0,0,0,3,0,0,1,4,0,0,0,2,0,0,0,1,0,1,0,0,0,0,0,0,0,1,0,1,1,0,0,2,2,1,0,0,0,0,0,2,2,0,0,0,0,1,0,0,0,0,0,0,0,0,0,0,0,0,0,0,0,1,0,0,0,1,0,0,0,0,1,0,0,1,0,0,0,1,0,1,0,0,0,0,0,1,0,1,0,0,3,0,0,1,1,0,0,0,0,0,2,1,0,0,0,0,2,0,1,0,0,0,0,0,0,0,0,0,0,0,0,0,1,0,0,0,0,0,0,0,0,0,0,0,2,0,0,0,0,2,1,0,0,0,1,0,0,0,0,0,0,0,0,0,0,0,0,0,1,0,0,0,0,0,0,1,0,0,0,0,1,0,0,0,0,0,0,0
0,1,0,0,1,0,0,0,0,0,1,0,0,0,0,1,1,0,0,0,1,0,0,0,0,0,1,0,0,1,1,0,2,0,0,0,1,2,1,0,0,0,0,0,2,0,0,1,0,0,0,0,2,0,0,0,1,0,0,0,0,1,0,0,0,0,1,0,0,0,1,0,0,0,0,0,0,1,0,0,0,1,0,0,0,0,0,0,0,0,0,0,0,0,0,0,0,0,0,0,0,0,0,0,0,0,0,0,0,0,1,1,0,0,0,0,0,0,1,0,0,0,0,0,0,0,0,0,0,0,0,0,0,0,1,0,0,0,0,1,0,1,0,0,0,0,0,0,0,0,1,0,0,0,0,0,0,0,0,0,1,1,1,0,0,1,0,0,0,0,0,2,1,1,0,0,0,0,2,0,0,0,0,1,2,0,0,0,0,0,0,0,0,0,0,0,1,0,0,0,0,0,1,0,0,0,0,0,0,0,0,0,0,0,1,0,0,0,1,0,0,0,1,0,0,0,1,0,0,0,0,0,0,0,0,0,1,0,0,1,0,0,0,1,0,0,0,0,0,0,0,0,1,0,0,0
0,2,0,0,1,0,0,0,0,2,0,0,0,0,0,0,2,0,0,0,0,0,0,0,1,0,2,0,4,1,0,0,0,0,0,2,2,0,0,0,0,0,0,0,3,1,0,2,1,0,0,0,1,0,0,0,0,0,0,0,0,2,0,0,0,1,0,1,0,0,3,1,0,0,0,0,0,2,0,0,0,0,0,0,0,0,0,0,0,0,0,0,0,0,0,0,0,0,0,0,0,1,0,0,0,0,1,0,0,0,0,1,0,0,0,0,0,0,0,0,0,0,0,0,0,0,0,0,0,1,1,0,0,0,0,0,2,0,0,2,0,0,0,0,0,0,0,0,0,1,1,1,0,1,0,0,0,0,0,0,3,0,0,0,0,0,0,0,0,0,0,0,0,1,1,0,0,0,0,0,0,0,0,0,2,0,0,0,0,0,0,1,0,0,0,1,0,0,0,0,0,0,1,0,0,2,0,0,0,0,0,0,0,0,1,1,0,0,2,1,0,0,2,1,0,0,0,0,0,1,0,0,2,0,0,0,0,0,0,0,0,1,0,2,0,0,0,0,0,0,0,0,0,0,0,4
0,3,0,0,1,0,0,1,0,0,0,0,0,0,0,0,2,0,0,0,0,0,0,0,0,0,0,0,2,2,0,0,0,0,0,0,0,2,0,0,0,0,1,0,3,0,0,1,0,0,0,0,1,0,0,0,1,0,1,0,0,2,0,0,0,0,0,0,0,0,2,0,0,0,0,0,0,2,0,0,0,0,0,0,0,0,0,0,0,0,0,0,0,0,0,0,0,0,1,0,0,0,0,0,0,1,0,0,0,0,0,1,0,0,0,1,3,0,0,0,0,0,0,0,0,0,0,0,0,0,0,0,0,0,0,0,0,0,0,2,0,0,0,1,0,0,0,0,0,1,0,0,0,2,0,0,0,0,0,0,0,0,0,0,0,0,0,0,0,0,0,1,0,0,0,0,0,0,0,0,0,0,0,0,3,0,0,0,0,0,0,0,0,0,0,0,1,0,0,0,1,0,0,0,0,1,0,0,0,0,0,0,1,0,0,0,0,0,2,0,0,0,2,0,0,0,0,0,0,0,0,0,0,0,0,0,0,0,0,0,0,2,0,2,0,0,0,0,0,0,0,0,0,0,0,0
0,1,0,0,1,0,0,1,0,0,1,0,0,0,0,1,1,0,0,0,1,0,0,0,1,1,0,0,1,1,0,0,1,0,0,0,0,2,0,0,0,0,0,0,2,0,0,1,0,0,0,0,0,0,0,0,0,0,0,0,0,1,0,0,0,0,1,1,0,0,1,0,0,0,2,0,0,1,0,0,0,1,0,0,0,2,0,0,0,1,0,0,1,0,1,1,1,2,1,0,0,0,0,0,0,0,0,0,0,0,0,2,0,0,0,0,0,0,0,0,0,0,0,0,0,0,0,0,0,2,1,0,0,0,2,1,0,0,0,1,0,0,0,1,0,0,0,0,1,0,1,0,0,0,0,0,0,0,0,0,0,0,0,0,0,1,0,0,1,0,0,1,1,0,0,0,0,0,1,0,0,0,0,0,1,0,0,0,0,0,0,0,0,1,0,0,3,0,0,0,0,0,0,0,0,0,0,0,0,0,0,2,0,0,0,0,1,0,1,1,0,0,1,1,0,0,0,0,0,0,0,0,0,0,1,0,1,0,0,1,0,1,0,1,0,0,0,0,0,0,0,0,1,0,1,1
0,2,0,0,0,0,1,0,0,0,0,0,0,1,0,0,2,0,0,0,0,0,0,0,0,0,1,0,0,0,0,0,0,0,0,2,1,1,0,0,1,1,0,0,4,1,0,1,0,0,0,0,0,0,0,0,0,0,0,1,0,2,0,1,0,0,0,0,0,0,2,0,0,0,0,0,0,2,0,0,1,0,0,0,0,0,0,0,0,0,0,0,0,0,0,0,0,0,0,0,0,0,0,0,0,0,0,0,2,0,0,0,0,0,0,0,0,0,0,0,0,0,0,0,0,0,0,0,0,0,0,0,0,0,0,0,0,1,0,2,0,0,0,0,0,0,1,0,0,0,2,0,1,0,0,0,0,0,0,0,0,0,1,0,0,0,0,0,1,0,0,0,0,0,1,0,0,1,0,0,0,0,0,1,0,0,0,0,0,0,0,0,0,0,0,0,0,0,0,0,0,0,1,0,0,0,0,0,0,0,0,0,0,0,0,0,0,0,2,1,0,0,2,1,0,0,0,0,0,0,1,0,1,0,0,0,0,0,1,0,0,2,0,2,0,0,0,0,0,0,0,0,0,0,0,0
0,1,0,0,0,0,0,1,0,0,1,0,1,0,0,1,1,0,0,0,0,0,0,0,0,1,0,0,0,1,0,1,2,0,0,0,1,1,0,0,1,0,0,0,2,0,0,1,0,0,0,0,0,0,0,0,1,0,0,0,0,1,0,0,1,0,1,0,1,1,1,0,1,0,0,0,0,1,0,0,0,1,0,0,0,0,0,0,0,0,0,0,0,0,0,0,0,0,0,0,0,0,0,0,0,0,0,1,0,0,1,1,0,0,0,0,1,0,0,0,1,0,0,0,1,0,0,0,0,0,0,0,0,0,0,0,0,0,0,1,0,0,0,1,0,0,1,0,0,0,0,0,0,1,1,0,0,1,0,0,0,0,1,0,0,2,0,0,1,0,0,1,1,1,0,0,0,0,3,0,0,0,0,0,0,0,0,0,2,0,1,0,2,0,0,0,0,0,0,0,0,1,2,1,0,0,0,0,0,0,0,0,0,0,0,0,0,0,1,0,0,0,1,1,0,0,0,0,0,0,0,0,2,0,0,1,1,1,0,0,0,1,0,1,0,0,1,1,0,0,0,0,1,0,0,1
0,2,0,0,4,0,0,0,1,1,0,0,2,0,0,0,2,1,0,0,0,0,0,1,0,0,1,0,2,1,0,0,1,1,0,0,2,1,0,0,0,0,1,0,4,1,0,5,0,0,1,0,0,0,0,0,1,0,0,0,0,1,0,0,0,0,0,0,0,0,2,0,0,0,0,1,0,1,0,0,2,1,0,0,0,1,0,0,1,0,0,0,0,0,0,0,0,0,0,1,0,1,0,0,1,0,1,0,2,0,0,0,3,0,0,1,2,0,1,0,0,0,0,0,0,0,0,0,0,0,0,0,0,1,0,1,0,1,0,1,0,0,0,0,0,0,0,0,0,1,0,0,0,0,0,0,0,0,0,0,0,0,1,0,0,1,0,0,4,0,0,1,0,0,0,0,0,0,1,0,0,0,0,0,1,0,1,1,0,0,0,0,0,0,0,1,0,0,0,0,0,0,1,0,0,0,0,4,0,0,0,0,0,0,5,0,0,0,2,2,0,0,1,0,0,1,0,0,1,0,1,0,2,0,0,0,1,1,0,1,0,1,0,2,0,0,0,0,0,1,0,1,0,0,0,0
0,2,0,1,4,0,0,0,0,0,0,0,0,0,0,0,6,0,0,0,0,0,2,0,0,0,1,0,2,1,1,0,0,0,0,0,0,0,0,0,0,0,1,0,3,0,0,4,1,0,1,0,0,0,1,0,0,0,0,0,0,2,1,1,0,0,0,0,0,1,2,0,0,0,0,0,0,2,0,0,0,0,0,0,0,0,0,0,0,0,0,0,0,0,0,0,0,0,0,0,0,3,0,0,0,0,0,0,0,0,0,0,2,0,0,0,0,0,0,0,0,0,0,1,1,0,0,0,0,0,0,1,0,1,1,0,0,0,0,2,0,0,0,1,0,0,0,0,0,0,0,0,0,0,0,0,0,0,0,0,0,0,0,0,0,0,0,0,0,0,0,0,0,0,0,0,0,0,0,0,2,1,0,0,0,0,0,0,0,0,0,0,0,0,0,0,0,0,0,0,0,0,1,0,0,0,0,0,0,0,0,0,1,0,0,0,0,0,2,1,1,0,2,2,0,0,0,0,0,1,0,1,0,0,0,0,0,0,0,0,0,1,0,2,0,0,0,0,0,0,0,0,0,0,0,1
0,2,0,0,0,0,0,0,0,1,1,0,0,0,0,1,1,0,0,0,0,0,1,0,1,0,1,0,0,1,0,0,1,0,0,0,0,1,1,0,1,0,1,0,1,0,0,1,0,0,0,1,1,0,0,0,0,0,0,0,0,1,1,0,1,0,1,0,0,0,1,0,0,0,0,0,0,1,0,0,0,1,0,0,0,0,0,0,0,0,0,0,0,0,0,0,0,1,0,0,0,0,0,0,0,0,1,0,0,0,0,1,0,0,0,1,0,0,0,0,0,0,0,0,0,0,0,0,0,0,0,0,0,0,0,0,0,0,0,1,0,0,0,0,0,0,0,1,0,2,0,0,0,0,0,0,0,0,0,0,0,0,0,0,0,1,0,0,1,0,0,1,1,0,0,0,1,0,1,0,0,0,0,0,0,0,0,0,0,0,0,0,0,0,0,0,0,0,1,0,0,0,1,1,0,0,0,0,0,0,0,0,0,0,0,0,0,0,1,1,0,0,1,0,0,0,0,0,0,0,0,0,0,0,0,0,1,0,0,0,1,1,0,1,0,0,0,1,1,0,0,0,1,0,0,3
0,2,0,0,0,0,0,0,0,0,1,0,0,0,0,1,1,0,0,0,1,0,0,0,1,0,3,0,0,0,0,0,1,0,0,0,0,1,1,0,0,0,1,0,1,0,0,1,0,0,0,0,0,0,0,0,2,1,0,0,0,1,0,0,1,0,1,0,0,0,1,2,0,0,0,0,0,1,2,0,0,2,0,2,0,0,0,0,0,0,0,0,0,0,0,0,0,0,0,0,0,1,0,1,0,1,0,0,0,0,0,0,0,0,0,0,0,0,0,0,0,0,0,0,0,0,0,0,0,0,0,0,1,1,1,0,0,0,0,1,1,0,0,0,0,1,0,0,0,0,1,0,0,1,0,0,0,0,1,0,0,0,0,0,0,2,0,0,1,0,0,1,1,0,0,0,0,0,1,0,0,0,0,0,1,0,0,0,1,0,0,0,0,0,0,0,0,0,0,0,0,0,0,2,0,0,0,0,0,0,0,0,0,0,1,0,0,0,1,0,0,0,1,0,0,1,1,0,1,2,0,0,0,0,0,0,1,0,0,2,0,1,0,2,0,1,0,0,0,0,0,0,0,0,0,3
0,2,0,0,0,0,0,0,0,0,2,0,1,0,1,2,0,0,0,0,1,0,0,0,0,0,1,0,0,0,0,0,2,0,0,0,0,2,2,0,0,0,0,0,0,1,0,2,0,0,0,0,0,0,0,0,0,0,0,0,0,2,0,0,1,0,2,0,0,0,0,0,0,0,0,0,0,0,0,0,1,2,0,1,0,0,0,0,0,0,0,0,0,0,0,2,0,0,0,0,0,0,1,0,0,0,0,0,0,0,1,0,0,0,0,0,0,0,0,0,0,0,0,0,0,0,0,0,0,0,0,0,0,0,0,0,0,1,0,0,0,0,0,0,0,1,0,0,0,0,0,1,0,0,0,0,0,0,0,0,0,0,0,0,0,3,0,0,2,0,0,2,2,0,0,0,0,0,3,0,0,0,0,1,0,0,0,0,0,0,0,0,0,0,0,0,0,0,0,0,0,1,0,0,0,0,0,0,0,0,0,0,0,0,0,0,0,0,1,1,0,0,0,0,0,0,0,0,0,0,0,0,0,0,0,0,2,0,0,2,0,0,0,0,0,0,0,0,0,0,0,0,1,0,0,0
0,0,0,0,0,0,0,0,0,0,2,0,0,0,0,1,0,0,0,0,1,0,0,0,0,0,0,0,0,0,0,0,2,0,0,0,0,2,0,1,1,0,0,0,0,0,1,2,0,0,0,0,0,0,0,0,1,0,0,0,0,2,2,0,2,0,2,0,0,0,0,0,0,0,0,0,0,0,0,0,0,2,0,0,0,0,0,0,0,0,0,0,0,0,0,0,0,0,0,0,0,1,0,0,0,0,0,1,0,0,1,0,0,0,0,0,1,0,2,0,0,0,0,0,0,0,0,0,0,0,0,0,0,1,0,1,0,0,3,0,0,0,0,1,0,0,1,0,0,0,0,0,0,0,0,0,0,1,0,0,0,0,1,0,0,2,0,0,3,0,0,2,2,0,0,0,0,0,2,0,0,0,0,1,0,0,0,0,1,0,0,0,0,1,0,0,0,0,0,0,0,0,0,0,0,0,0,0,0,0,0,0,0,0,0,0,0,0,0,0,0,1,2,0,0,0,0,1,0,0,0,0,0,0,0,0,2,1,0,1,0,0,0,0,0,0,0,2,0,0,0,0,1,0,0,0
0,0,0,0,0,0,0,0,0,0,2,0,0,0,0,2,0,0,0,0,2,0,0,0,0,0,0,0,0,0,0,0,2,0,0,0,0,2,0,0,0,0,0,0,0,0,0,2,0,0,0,0,0,0,0,0,0,0,0,0,0,0,0,0,2,0,2,0,0,0,0,0,0,0,2,0,1,0,1,0,0,2,0,1,0,0,2,0,0,0,0,0,0,0,0,2,0,0,0,0,0,0,0,0,0,0,0,0,0,0,0,1,0,1,0,0,0,0,0,0,0,0,0,0,0,0,0,0,0,0,0,1,0,1,2,1,0,0,1,1,0,0,0,0,0,0,0,0,1,0,0,2,0,0,0,0,0,0,1,0,0,0,0,0,0,2,0,0,3,0,0,2,2,0,0,0,0,0,2,0,0,0,0,1,0,0,0,2,0,0,0,0,0,0,0,0,0,0,0,0,0,0,0,0,0,0,0,0,0,0,0,0,0,1,0,0,0,0,0,0,0,0,1,0,0,0,0,1,0,0,0,0,0,0,0,0,2,1,0,1,0,0,0,0,0,0,0,0,0,0,0,0,2,0,1,0
0,3,0,0,0,0,0,0,0,0,1,0,1,1,0,0,1,0,0,0,0,0,0,0,0,0,1,1,0,1,0,0,2,2,0,0,0,1,4,2,1,0,3,0,1,2,1,2,0,0,0,0,0,1,0,0,4,0,1,0,0,5,2,0,1,0,1,0,0,0,1,0,0,0,0,0,0,2,0,0,1,1,0,2,0,0,0,0,0,0,0,0,0,0,0,1,0,0,0,0,0,0,0,0,0,0,0,0,0,0,0,0,3,0,0,0,0,0,0,0,0,0,0,4,0,0,0,0,0,1,0,0,0,1,2,2,0,0,1,4,0,1,0,0,0,0,0,0,0,0,1,1,0,0,0,0,0,0,2,0,0,0,0,1,0,1,0,0,4,0,0,1,1,0,0,0,0,1,2,0,0,0,0,0,0,1,0,1,2,0,0,0,1,0,0,1,0,0,0,1,0,1,2,0,0,0,0,0,0,0,1,1,0,0,0,0,0,0,1,4,0,0,3,0,0,0,0,0,1,0,0,0,0,0,0,0,2,0,0,1,0,1,1,1,2,0,0,0,0,0,3,0,0,0,0,0
0,2,0,0,4,0,0,0,0,0,1,0,0,1,0,0,2,1,0,0,0,0,0,0,0,0,0,0,3,5,0,0,1,0,0,0,1,0,0,0,0,0,1,0,4,0,0,2,1,0,1,0,1,0,0,0,0,0,2,0,0,2,0,0,0,0,0,0,0,0,2,0,0,0,1,0,0,2,0,0,0,0,0,0,0,0,0,0,0,0,0,0,0,0,0,0,0,0,0,0,0,0,0,0,0,0,0,0,0,0,0,0,1,0,0,0,0,0,0,0,0,0,0,0,0,0,0,0,0,0,0,0,0,1,0,0,0,1,0,2,1,0,0,1,0,0,0,0,1,0,1,0,0,0,0,0,1,0,0,0,0,0,1,0,0,0,0,0,0,0,0,0,0,0,0,0,0,0,0,0,0,0,0,0,3,0,0,0,0,0,0,0,0,0,0,0,0,0,0,0,0,0,0,1,0,0,0,0,0,0,0,0,2,0,2,0,1,0,1,0,0,0,1,0,0,0,0,0,1,0,0,0,0,0,0,0,0,1,0,0,0,0,1,2,0,3,0,1,0,0,0,0,0,0,1,0
0,1,0,1,3,0,0,0,0,1,2,0,0,0,0,1,1,2,0,0,0,0,0,0,0,0,0,0,0,0,0,1,1,1,0,0,2,1,2,0,2,0,0,0,1,0,0,3,0,0,0,0,0,0,1,0,0,0,0,0,1,1,0,0,1,0,1,0,0,0,1,0,0,0,0,1,0,1,0,0,0,1,0,0,0,1,1,0,0,2,0,0,0,0,0,0,0,0,2,0,0,1,0,0,0,0,0,0,0,0,0,1,0,0,0,0,0,1,0,0,1,0,0,0,0,0,2,0,0,0,0,0,0,0,0,0,0,0,0,1,0,0,0,1,0,0,0,0,0,0,0,0,0,0,0,0,0,0,0,0,0,0,2,1,0,1,2,0,0,0,0,1,1,1,0,0,0,0,1,0,0,0,0,0,1,0,0,0,0,0,0,1,1,0,0,0,0,0,1,0,0,0,1,0,0,0,1,0,0,0,0,0,0,2,0,0,1,0,1,1,0,0,1,0,0,0,2,0,0,0,1,0,1,0,0,0,1,0,0,1,0,1,0,1,0,0,0,1,0,0,0,0,0,0,0,0
0,2,0,0,1,0,0,0,0,0,1,0,0,0,0,0,2,0,0,0,1,0,0,0,0,0,0,0,0,1,0,0,0,0,0,0,1,2,0,0,0,0,0,0,3,2,0,1,0,0,0,0,0,0,1,0,0,0,0,0,0,2,0,0,1,0,0,0,0,0,2,0,0,0,0,0,0,2,0,0,0,0,0,0,0,0,0,0,0,0,0,0,0,0,0,0,0,0,0,0,0,0,1,0,0,0,1,0,0,1,0,0,0,1,0,0,0,0,0,0,0,0,0,0,1,0,0,0,0,2,0,0,0,0,1,2,0,1,0,2,0,0,0,0,0,0,1,0,1,0,2,0,0,0,0,0,0,0,0,0,0,0,0,0,0,0,0,0,0,0,0,0,0,0,0,0,0,0,0,0,0,0,0,0,3,1,0,0,0,0,0,0,2,0,0,0,0,0,0,0,0,0,2,0,0,0,0,0,0,0,0,0,0,0,0,0,0,0,1,2,0,0,1,0,0,2,0,0,4,1,0,0,0,0,0,0,1,0,0,0,0,2,2,2,2,0,0,2,0,0,0,0,0,0,0,0
0,2,0,0,1,0,0,0,0,1,0,0,0,0,0,0,2,0,0,0,0,0,0,1,0,0,1,0,2,1,0,0,0,0,0,0,1,0,0,0,0,0,0,0,3,1,0,0,0,0,0,0,0,0,0,0,0,0,0,0,0,2,0,0,0,0,0,0,0,0,2,0,0,0,0,0,0,2,0,0,0,0,0,0,0,0,0,0,0,0,0,0,0,0,0,0,0,0,0,0,0,1,0,0,1,1,1,0,0,0,0,0,0,0,0,0,0,0,0,0,0,0,0,0,1,0,0,0,0,0,0,0,0,0,0,0,0,1,0,2,0,0,0,0,0,0,0,0,1,0,2,0,0,0,0,0,0,0,0,0,0,0,0,0,0,0,0,0,0,0,0,0,0,0,0,0,0,1,0,0,0,0,0,0,0,0,0,0,0,0,1,0,0,0,0,0,0,0,0,0,0,0,1,1,0,0,0,0,0,0,0,0,0,0,0,0,0,0,1,0,1,0,1,0,0,0,1,0,0,0,0,0,1,0,0,0,1,0,1,0,0,1,0,2,1,0,0,0,0,0,0,0,0,0,0,0
0,2,0,0,3,0,0,3,0,0,0,0,0,0,0,0,5,0,0,1,0,0,0,0,0,0,1,0,4,2,0,0,0,0,0,0,0,1,2,0,0,0,0,0,4,0,0,4,2,0,0,0,0,0,0,0,0,0,0,0,0,2,0,0,0,0,0,0,0,0,2,0,0,0,0,0,0,3,0,0,0,0,0,0,1,0,0,0,0,0,0,0,0,0,0,0,0,0,0,0,0,0,0,2,0,1,0,0,0,1,0,2,0,0,1,0,0,0,0,0,0,0,0,0,1,0,0,0,0,0,0,0,0,0,0,1,0,0,0,2,0,0,0,0,0,0,0,0,0,0,1,0,0,0,0,0,0,0,0,1,0,0,0,0,0,0,0,0,0,0,0,0,1,0,0,0,0,1,0,0,0,0,0,0,3,0,0,0,0,0,0,0,1,0,0,0,0,0,0,0,0,0,1,0,0,0,0,0,0,0,0,0,2,0,0,0,0,0,2,1,0,0,2,0,0,0,0,0,1,0,1,0,0,0,0,0,0,0,0,0,0,2,2,4,0,0,0,0,0,0,0,0,0,0,0,1
0,1,0,0,0,0,1,0,0,0,2,0,0,0,0,0,1,0,0,0,0,0,0,1,0,0,0,0,0,0,0,0,1,0,0,0,2,1,2,0,2,0,0,0,2,2,1,1,0,0,0,0,0,0,0,0,0,0,0,0,0,3,0,0,1,2,1,0,0,0,2,0,0,0,0,0,0,1,1,0,0,1,0,1,0,0,0,1,0,0,0,1,0,0,0,1,0,0,0,0,0,0,4,0,0,1,0,0,1,0,0,0,0,0,0,0,0,0,0,0,0,0,0,0,0,1,0,0,0,1,0,0,0,1,0,4,0,1,0,3,0,0,0,0,0,0,0,0,1,0,1,0,0,1,0,0,0,2,0,0,0,0,0,0,0,1,0,0,2,0,0,1,1,0,0,0,0,0,3,0,0,1,0,1,0,0,0,0,0,0,0,0,2,0,0,0,0,0,0,2,0,1,1,1,0,0,1,0,0,0,0,0,0,0,0,0,1,0,0,2,0,0,1,0,0,0,0,1,1,0,0,0,1,0,0,0,1,1,0,0,0,1,0,1,0,0,0,0,0,0,0,0,1,0,0,0
0,1,0,1,0,0,0,0,1,0,1,0,0,0,0,1,1,0,0,0,1,0,0,0,0,1,1,0,0,0,1,0,3,0,0,0,0,3,0,0,0,0,1,0,1,0,0,2,0,0,0,1,1,0,0,0,2,0,0,0,0,2,1,0,1,0,1,0,0,0,1,0,0,0,0,0,0,1,0,0,0,1,0,0,0,0,0,0,0,0,0,0,0,0,0,0,0,0,0,0,0,0,0,1,0,0,0,0,0,1,0,2,0,0,0,0,3,0,0,0,0,0,0,0,0,0,0,0,0,0,0,0,0,1,0,1,0,0,0,1,0,0,0,0,0,0,0,0,0,0,0,0,0,0,0,0,0,0,0,0,0,0,0,0,0,1,1,0,1,0,0,1,1,0,0,0,0,0,1,0,0,0,0,0,2,0,0,0,1,0,2,0,0,1,0,0,0,0,0,1,0,0,1,0,0,0,0,0,0,0,0,0,0,0,0,0,0,0,1,0,0,0,2,0,0,0,0,0,0,0,0,0,0,0,0,0,1,0,0,1,0,0,0,1,0,0,0,0,0,0,0,0,1,0,1,0
0,2,0,1,1,0,0,0,0,0,1,0,1,0,0,0,2,0,0,0,0,0,0,0,0,0,1,0,0,0,0,0,0,0,0,0,0,0,1,0,0,0,0,0,4,0,1,1,0,0,0,0,1,0,0,0,0,0,0,0,0,2,0,0,0,0,0,0,0,0,2,0,0,0,0,0,1,1,0,0,0,0,0,0,0,0,0,0,0,3,1,0,0,0,0,0,0,0,0,0,1,0,0,0,0,0,0,0,0,0,0,1,0,0,1,0,0,0,0,0,0,0,0,0,0,0,0,0,0,0,0,0,0,0,0,0,0,0,0,1,0,0,0,4,0,0,0,0,0,0,0,0,0,0,0,0,0,0,1,0,0,0,1,0,0,0,0,0,0,0,0,0,0,0,0,0,0,0,0,0,0,1,0,1,0,0,0,0,1,0,0,0,2,0,0,0,0,0,0,0,0,0,2,2,2,0,0,0,0,0,0,0,1,0,0,0,0,0,2,1,0,2,2,0,0,0,0,0,0,1,0,0,1,0,0,0,0,0,0,0,0,2,1,1,0,0,0,1,0,0,0,0,0,0,1,0
0,3,0,0,2,0,0,4,0,0,0,0,0,1,0,0,2,0,0,0,0,0,0,0,0,0,1,0,3,2,0,0,0,0,0,0,1,1,0,0,0,0,0,0,3,0,1,1,0,0,0,0,1,0,0,0,1,0,1,0,0,2,0,1,0,0,0,0,0,0,3,0,1,0,0,0,0,2,0,0,0,0,0,0,1,0,0,0,0,0,0,0,0,0,0,3,0,0,0,0,0,0,0,0,0,0,0,0,1,0,0,0,0,0,0,0,0,0,0,0,0,0,0,0,0,0,0,0,0,0,0,0,0,0,1,0,0,1,0,2,0,0,0,0,0,0,1,0,1,0,1,0,0,0,0,0,0,0,0,0,0,0,0,0,0,0,0,0,0,0,0,0,0,0,0,0,0,0,0,0,0,0,0,0,1,0,0,0,0,0,0,0,1,0,0,2,0,0,0,0,0,0,1,0,0,0,0,3,0,0,0,0,0,2,4,0,0,0,1,1,0,0,1,0,0,2,0,0,1,0,0,0,0,0,1,0,1,1,0,0,0,1,2,2,0,0,0,0,0,0,0,1,0,0,2,0
0,0,0,1,0,0,1,0,0,0,0,0,1,0,0,0,2,0,0,0,0,0,0,1,1,0,3,0,0,1,0,0,1,0,0,1,0,1,0,0,0,0,1,0,3,0,0,2,0,0,0,0,1,0,0,0,0,0,0,0,0,1,0,0,0,0,0,0,0,0,3,0,0,0,0,0,0,0,0,0,0,0,0,0,0,0,0,0,0,0,0,0,0,0,0,0,0,0,0,0,0,0,0,0,0,0,0,0,0,0,0,0,0,0,0,0,0,0,0,0,0,0,0,0,0,0,0,0,0,0,0,0,0,0,0,0,0,1,0,0,0,0,0,2,0,0,0,0,1,0,0,0,0,0,0,0,0,0,0,0,0,0,0,0,1,2,0,0,0,1,0,1,0,0,0,0,0,0,0,0,0,0,0,0,0,0,0,0,1,0,0,0,0,0,0,0,1,0,0,0,0,0,2,0,1,0,0,1,0,0,0,0,0,0,1,0,0,0,1,0,0,0,1,1,0,0,0,0,0,0,0,0,0,0,0,0,1,0,0,0,0,1,0,1,0,0,0,0,0,0,0,0,1,0,0,0
0,1,0,0,1,0,0,0,0,0,2,0,0,1,0,1,1,0,0,0,0,0,0,0,1,1,1,0,0,1,0,1,1,0,0,0,1,1,1,0,0,0,0,0,2,0,0,1,0,0,0,1,0,0,0,0,2,0,0,0,0,1,0,0,1,0,1,0,0,0,1,1,0,0,0,0,0,1,0,0,0,1,0,0,0,0,0,0,0,0,0,0,0,0,0,1,0,0,1,0,0,0,0,0,0,0,0,0,0,0,0,1,1,0,0,0,0,0,0,0,0,0,0,0,0,0,0,0,0,1,0,0,0,0,0,0,0,0,0,1,0,0,0,0,0,0,0,0,0,0,1,0,0,1,0,0,0,0,0,0,1,0,0,0,0,1,0,0,1,0,1,1,1,0,1,0,0,0,1,0,0,0,0,0,0,0,0,0,1,0,0,0,0,0,0,0,0,0,0,0,0,0,0,0,0,0,0,0,0,0,0,0,0,0,0,0,0,0,1,0,0,0,1,1,0,1,0,0,1,0,0,1,0,0,0,0,1,0,0,0,0,1,0,1,0,0,0,0,0,0,0,0,1,0,0,0
0,2,0,0,1,0,0,1,0,0,1,0,1,0,0,1,2,0,0,0,0,0,0,1,2,0,0,1,0,0,0,0,0,0,0,1,0,1,0,0,1,0,0,0,2,0,0,0,0,0,1,0,0,0,0,0,0,0,1,1,0,2,0,0,0,0,0,0,0,0,2,0,0,0,0,0,0,2,0,0,0,0,0,0,0,0,0,0,0,0,0,0,0,0,0,0,0,0,0,0,0,0,0,0,0,0,0,0,0,0,0,0,0,0,1,0,0,0,0,0,0,0,0,0,1,0,0,0,0,1,0,0,0,0,0,0,0,1,0,2,1,0,0,0,0,0,0,1,1,0,1,0,1,0,0,0,0,0,0,0,1,0,0,0,0,0,0,0,0,0,0,1,0,0,0,0,0,1,0,0,1,0,0,0,2,1,1,0,0,0,0,0,1,0,0,0,0,0,0,0,0,0,1,0,1,0,0,0,0,0,0,0,0,0,0,0,0,0,1,1,0,0,1,0,0,0,0,0,0,1,0,0,2,0,1,0,0,0,0,1,0,1,1,2,0,0,0,1,0,0,0,0,0,0,0,2
0,1,0,0,1,0,0,0,0,0,1,0,0,0,0,1,2,0,0,0,1,0,0,0,0,0,0,0,2,1,0,0,1,0,0,0,1,1,0,0,0,0,0,0,2,2,0,2,0,0,0,0,1,1,0,0,2,0,0,0,0,3,0,0,0,0,1,0,0,0,2,0,0,0,0,0,0,1,0,0,0,1,0,0,1,0,0,0,0,0,0,1,0,0,0,0,0,0,0,0,0,0,0,0,0,0,0,0,0,0,0,0,0,0,0,0,0,0,0,0,0,0,0,0,0,0,0,0,0,0,0,1,0,0,0,0,0,0,0,1,0,0,0,1,0,0,0,0,0,0,0,0,0,0,0,0,0,0,0,0,0,0,0,0,0,1,0,0,1,0,0,1,1,0,0,0,0,0,2,0,1,0,0,0,0,0,0,0,0,0,0,0,1,1,1,0,0,0,0,0,0,0,1,0,0,0,0,0,0,0,0,0,0,0,1,0,0,0,1,0,0,0,1,0,0,0,1,0,0,0,1,0,0,0,0,0,1,0,1,1,0,0,0,0,0,0,0,0,0,0,0,0,1,0,0,0
0,3,0,2,2,0,0,0,0,0,1,0,0,0,0,1,1,0,0,0,0,0,1,0,1,0,0,0,2,1,0,0,1,0,0,0,0,2,2,0,0,0,1,0,1,0,0,4,3,0,0,1,1,0,0,0,1,0,1,0,0,1,0,0,2,0,1,0,0,0,1,0,0,0,0,0,1,1,0,0,0,3,0,1,0,1,0,0,1,0,0,0,0,0,0,1,0,0,0,0,0,0,0,0,0,0,0,0,0,0,0,1,0,0,0,0,0,0,0,1,0,0,0,1,0,0,0,1,0,0,0,1,0,0,1,0,0,0,0,1,1,1,0,0,0,0,0,0,0,0,0,0,0,0,0,1,0,2,3,0,0,0,0,0,0,1,0,0,4,0,0,1,1,0,0,0,0,0,1,0,0,0,0,1,0,0,0,4,0,0,0,0,0,0,0,0,0,2,0,0,0,0,0,0,0,0,0,0,0,0,0,0,0,2,0,0,0,0,1,0,0,0,1,0,0,0,0,0,0,0,1,0,1,0,0,0,1,0,0,2,0,0,0,1,0,0,0,0,1,0,0,0,0,0,0,0
0,2,0,0,1,0,0,3,1,0,0,0,2,2,0,0,2,0,0,0,1,0,0,0,0,0,1,0,1,1,0,0,1,1,0,3,2,0,0,0,0,0,0,0,5,1,0,1,0,0,0,0,1,0,0,1,0,0,0,1,0,2,1,0,0,0,0,0,0,0,2,0,0,0,0,0,0,2,0,0,0,0,0,0,0,0,0,0,1,1,0,0,0,0,0,0,0,0,0,0,0,0,0,0,0,0,0,0,0,0,0,1,0,0,0,1,0,0,0,1,0,0,0,0,0,0,0,0,0,0,0,0,0,0,1,0,0,0,0,2,1,1,0,3,0,0,2,0,0,0,0,1,0,0,0,0,0,0,0,0,0,0,0,0,0,0,0,0,0,0,0,0,0,0,0,0,0,0,0,0,0,0,0,0,4,0,1,0,0,1,0,0,0,0,0,0,1,0,0,0,0,0,1,0,0,0,0,0,0,0,0,0,0,0,0,0,0,0,2,0,0,0,2,1,0,2,0,1,0,1,0,0,4,0,0,1,0,0,0,0,0,0,0,2,1,0,0,0,0,0,1,0,0,0,3,2
0,2,0,0,2,0,0,0,1,0,0,0,0,0,0,0,2,0,0,0,0,0,0,0,1,1,0,0,0,0,0,0,0,0,0,1,0,0,0,0,1,0,1,0,5,1,0,0,0,0,0,0,0,0,0,0,0,0,0,1,0,2,0,0,0,0,0,0,0,0,3,0,0,0,0,0,0,2,0,0,0,0,1,0,0,0,0,0,0,0,0,0,0,0,0,0,0,0,0,0,1,1,0,0,0,1,0,0,1,0,0,1,0,0,0,0,0,0,0,0,0,0,0,1,0,0,0,0,0,0,0,0,0,0,0,0,0,1,0,2,0,0,0,0,0,0,0,0,0,0,1,0,1,0,0,0,0,0,0,0,0,0,0,0,0,0,0,0,0,0,0,0,0,0,0,0,0,1,0,0,0,0,0,0,2,0,0,1,0,1,1,0,0,0,0,0,0,0,0,0,0,0,0,0,0,0,0,0,0,0,0,0,0,0,0,0,0,0,2,0,0,0,2,0,0,1,0,0,0,0,0,0,1,0,0,0,0,0,0,0,0,2,0,2,0,1,0,0,0,0,0,0,0,0,0,1
0,1,0,0,2,1,0,0,2,0,1,0,0,0,0,1,1,0,0,0,1,0,0,0,0,0,0,0,1,0,0,1,2,1,0,0,0,1,0,0,0,0,0,0,1,0,1,1,1,0,0,0,0,0,0,0,1,0,0,0,1,1,0,1,1,0,1,0,0,0,1,1,1,0,0,0,0,1,0,0,0,1,0,0,1,0,0,0,1,0,0,0,0,0,0,0,0,0,0,0,0,0,0,0,0,0,0,0,0,0,0,0,0,0,0,0,0,0,0,0,0,0,0,0,0,0,0,0,0,0,0,0,0,0,0,0,0,0,0,0,0,0,0,0,0,0,0,0,0,0,1,0,0,0,0,0,0,0,0,0,0,0,0,0,0,2,0,0,0,0,0,1,1,0,0,0,0,0,1,0,0,1,0,0,0,0,0,0,0,0,1,0,1,1,0,0,0,0,0,1,0,0,2,2,0,0,0,0,0,0,0,0,0,0,0,0,0,0,0,1,0,0,2,0,0,0,1,0,1,0,0,0,0,0,0,0,1,0,0,0,0,1,0,0,0,0,0,0,0,0,0,0,1,0,0,0
0,1,0,0,0,0,0,0,0,0,1,0,0,1,0,1,0,0,0,0,0,0,0,0,0,0,1,0,0,0,0,0,1,0,0,0,0,1,1,0,0,0,1,0,0,0,0,1,0,0,0,0,0,0,0,0,1,0,1,0,0,1,1,0,1,0,1,0,0,1,1,0,0,0,0,1,0,0,0,0,0,1,0,0,0,0,0,0,0,0,0,0,1,1,0,1,0,0,0,0,0,0,0,0,1,1,0,0,0,0,0,0,0,0,0,0,0,0,0,0,1,0,1,1,0,0,0,1,0,1,2,0,1,0,0,0,0,1,0,1,0,0,0,0,0,1,0,1,0,1,0,0,0,0,1,0,0,0,0,0,0,0,0,0,1,1,0,0,0,0,1,1,1,0,0,0,0,0,1,0,0,0,0,0,0,0,1,0,1,0,2,0,1,1,2,0,0,0,0,0,0,0,0,0,0,0,1,0,0,0,0,0,0,0,0,0,0,0,0,2,0,1,0,0,0,0,0,0,0,0,1,0,0,0,0,0,1,3,0,0,0,0,0,0,0,0,0,0,0,0,0,0,1,0,0,1
0,3,0,0,0,0,0,2,0,0,1,0,0,0,0,1,1,0,0,0,0,0,0,0,0,0,1,0,0,0,0,0,1,0,0,0,0,3,0,0,0,0,0,0,2,0,0,1,0,0,0,0,0,0,0,0,1,0,0,0,0,1,0,0,1,0,1,0,0,0,2,1,0,0,0,0,0,1,0,0,0,2,0,0,0,0,0,1,2,0,0,0,0,0,0,1,0,0,0,0,0,1,0,1,0,0,0,0,0,0,0,0,0,0,0,0,0,0,0,0,0,0,0,0,0,0,0,0,0,1,0,0,0,0,0,0,0,0,0,1,0,0,0,2,0,0,0,0,0,0,1,0,1,0,0,0,0,0,0,0,0,0,1,0,1,1,0,0,2,0,0,1,1,0,0,0,0,0,1,0,0,0,0,0,1,1,0,1,1,0,0,0,0,2,0,0,0,0,0,1,0,0,1,0,0,0,1,0,0,0,0,0,0,0,0,0,0,0,1,1,0,0,4,1,0,0,0,0,0,0,0,0,1,0,0,0,1,0,0,0,0,0,1,1,3,0,0,0,0,0,0,1,0,0,0,2
0,0,0,0,0,0,0,0,2,0,1,0,0,0,0,1,0,0,0,0,0,0,0,0,0,0,2,0,0,0,3,0,1,0,0,0,0,1,1,1,0,0,0,0,0,0,0,1,0,0,0,0,0,0,0,1,0,0,0,0,0,1,0,0,1,0,1,0,0,0,0,0,0,0,0,0,0,0,0,1,0,1,0,0,0,0,0,0,1,0,0,0,0,0,0,1,1,0,0,0,0,0,0,0,0,0,0,0,0,1,0,0,0,0,0,0,0,0,0,0,0,0,0,1,0,0,0,0,0,1,0,0,0,0,0,0,1,0,1,0,0,0,1,0,0,1,0,1,0,0,1,0,0,0,0,1,0,0,0,0,0,0,1,0,0,1,0,0,1,0,1,1,1,0,0,0,0,0,1,0,0,0,0,0,0,0,0,1,1,0,0,2,0,0,0,0,0,0,0,0,0,0,0,1,0,0,0,0,0,0,0,0,0,0,0,0,0,0,0,3,1,0,0,0,0,0,0,0,0,0,0,0,0,0,0,0,1,0,0,0,0,0,2,0,0,0,0,0,0,0,0,0,2,2,0,0
0,1,0,0,1,0,0,0,0,0,2,0,2,1,0,1,1,0,0,0,0,0,0,0,0,0,0,0,1,0,0,0,1,0,0,0,0,2,2,0,1,0,1,0,1,0,0,5,2,0,1,0,1,0,0,0,1,0,1,0,0,1,0,0,1,0,1,0,0,0,1,0,0,0,0,0,0,1,0,0,0,1,0,0,0,0,0,0,0,0,0,0,0,0,0,0,0,0,0,0,0,0,0,0,0,0,0,0,0,0,0,0,0,0,0,0,0,0,0,0,0,0,0,0,0,0,0,0,0,0,0,0,0,0,0,0,2,0,0,1,0,0,0,0,0,0,0,0,0,0,1,0,0,0,0,0,0,0,0,0,0,0,1,0,0,1,0,0,0,0,0,1,1,0,0,0,0,0,2,0,0,0,0,0,0,0,0,2,0,0,0,0,0,0,0,0,0,0,0,0,0,0,1,0,0,0,0,0,0,0,0,0,1,0,0,0,0,0,1,0,0,0,1,0,0,0,1,0,0,0,2,0,0,0,0,0,1,0,0,0,1,1,0,1,0,0,1,0,0,0,0,0,1,0,2,2
0,3,0,0,1,0,0,0,0,0,1,0,0,0,0,1,1,0,0,0,0,0,0,0,0,0,1,0,2,1,1,0,2,0,0,0,1,2,3,0,0,0,1,0,2,0,0,2,0,0,0,1,1,0,0,0,0,0,0,0,0,4,0,0,1,0,1,0,0,0,1,0,0,0,0,0,0,1,0,0,0,1,0,0,0,0,0,0,0,0,0,0,0,0,0,0,0,0,0,0,0,0,0,0,0,0,1,0,0,0,0,1,0,0,1,0,0,1,0,0,0,0,0,1,0,0,0,0,0,0,0,0,0,0,0,2,0,0,0,1,0,0,0,1,0,0,0,0,0,0,0,0,0,0,0,0,0,0,0,0,0,0,0,0,0,1,0,0,2,0,0,1,1,0,0,0,0,0,2,0,0,0,0,2,0,0,0,0,0,0,0,0,0,0,0,0,0,0,0,0,0,0,0,0,0,0,0,0,0,0,0,0,0,0,1,0,0,0,1,2,0,0,1,0,0,0,1,0,0,0,0,0,1,0,0,0,1,0,0,1,0,0,0,1,0,0,0,0,0,0,0,0,0,0,0,0
0,2,0,0,1,0,0,0,0,0,0,0,0,0,0,0,2,0,0,0,0,0,0,0,2,0,0,0,1,2,0,1,0,0,0,0,0,0,0,0,0,0,1,0,3,0,0,0,0,0,0,0,0,0,0,0,1,0,0,0,0,2,0,0,0,0,0,0,0,0,2,0,0,0,0,0,0,2,0,0,0,0,0,0,0,0,0,0,0,0,0,0,0,0,0,0,0,0,0,0,0,1,0,0,1,0,1,0,0,0,0,0,0,0,0,0,0,0,0,0,0,0,0,0,0,0,0,0,0,0,1,0,0,0,1,0,0,0,1,2,0,1,0,0,0,0,0,0,0,0,1,1,0,2,0,0,0,0,0,0,0,1,1,0,0,0,0,0,0,0,0,1,1,0,0,0,0,0,0,0,0,0,0,0,3,0,0,0,0,0,0,0,0,0,0,0,0,0,1,0,0,0,0,0,0,0,0,0,0,0,0,0,1,0,0,0,0,0,2,0,0,0,2,1,0,1,0,0,0,0,1,0,0,0,0,0,0,0,0,0,0,2,0,2,0,0,0,0,0,0,0,0,0,0,0,1
0,1,0,0,0,0,0,0,1,0,1,0,0,0,0,1,1,0,0,0,0,0,0,0,0,0,0,0,0,0,0,1,1,0,0,0,0,1,2,0,1,0,0,0,2,0,0,1,0,0,0,0,0,0,0,0,0,0,0,0,1,1,0,0,1,0,1,0,0,0,1,0,0,0,0,0,0,1,0,0,0,1,0,0,0,0,0,0,0,0,0,0,0,0,0,0,0,0,1,0,0,1,0,0,0,1,0,0,0,0,0,0,0,0,0,0,0,0,0,0,0,0,0,1,0,0,0,0,0,0,0,0,0,0,0,0,0,0,0,1,0,0,0,0,0,0,0,0,0,0,0,0,0,0,0,0,0,0,0,0,0,0,0,0,0,1,0,0,1,0,0,1,1,0,0,0,0,1,1,0,0,0,0,0,0,0,0,0,1,0,0,0,0,0,0,0,0,1,0,0,0,0,0,0,1,0,0,0,0,0,0,0,0,0,0,0,0,0,1,1,0,1,1,0,0,1,1,0,1,1,0,0,0,0,0,0,1,0,0,0,0,1,0,1,0,0,0,0,0,0,0,0,1,0,0,1
0,2,0,0,0,0,0,0,0,0,0,0,1,0,0,0,2,0,0,0,0,0,0,0,1,0,1,0,1,1,0,0,0,0,0,1,1,1,0,0,0,0,0,0,3,1,0,0,0,0,0,0,0,0,0,0,2,0,0,0,0,2,1,0,0,0,0,0,0,0,2,2,0,0,0,0,1,2,0,0,1,0,0,0,0,0,0,0,0,1,0,0,0,2,0,0,0,0,0,0,1,2,0,0,0,0,0,0,0,0,0,1,0,0,0,0,0,0,0,0,0,0,0,0,0,0,0,0,0,1,0,0,0,0,0,0,0,1,0,2,0,0,0,0,0,0,0,0,1,0,0,0,0,0,0,0,0,0,0,0,0,0,0,0,1,0,0,0,1,0,0,0,0,1,0,0,0,1,0,0,0,0,0,0,0,0,0,0,0,0,0,1,0,0,0,0,0,0,0,0,0,0,0,0,2,0,0,0,0,0,0,0,0,0,0,0,0,0,1,0,0,0,1,0,0,0,0,0,0,0,1,0,2,0,0,0,0,0,0,0,0,1,0,1,0,0,0,0,0,0,0,0,0,0,0,1
0,2,0,0,0,0,0,1,0,0,0,0,0,0,0,0,2,0,0,0,1,0,0,0,1,0,0,0,1,0,0,0,0,0,0,0,1,0,0,0,0,0,0,0,2,0,0,1,0,0,0,0,0,0,0,0,0,0,0,1,0,2,0,0,0,0,0,0,0,0,2,0,0,0,0,0,0,2,0,0,0,0,0,0,0,0,0,0,0,0,0,0,0,0,0,0,1,0,0,0,0,0,0,0,0,0,0,0,0,0,0,0,0,0,0,0,0,0,0,0,0,0,0,0,1,0,0,0,0,0,0,0,1,0,0,0,0,0,0,2,1,0,0,2,0,0,1,0,0,0,0,0,0,0,0,0,0,0,0,0,0,0,1,0,1,0,0,0,0,0,0,1,0,0,0,0,0,1,0,0,0,0,0,0,1,0,0,0,0,0,0,0,1,1,0,0,1,0,0,0,0,0,1,0,0,0,0,0,0,0,0,0,0,0,0,0,1,0,2,0,0,0,2,1,0,0,0,0,0,0,0,0,0,0,0,0,0,0,0,0,0,2,0,2,0,0,0,0,0,0,0,0,0,0,0,1
0,0,1,0,0,0,0,0,0,0,3,0,0,0,0,1,0,0,0,0,0,0,0,0,0,0,0,0,1,0,0,0,2,0,0,0,0,2,2,0,3,0,0,0,3,0,0,2,0,0,0,1,0,0,0,0,2,0,0,0,0,0,0,0,1,0,2,0,0,0,0,0,0,0,0,0,0,0,1,0,0,2,0,1,0,0,0,0,0,1,0,0,0,0,0,2,0,0,0,0,0,0,0,0,0,0,0,0,0,0,0,0,2,0,1,0,1,0,1,0,0,0,0,1,0,0,0,0,0,0,0,1,0,1,0,1,0,0,1,0,0,0,0,0,0,0,0,0,0,0,0,0,0,0,0,0,0,0,0,0,0,0,1,0,0,2,0,0,4,2,0,2,2,0,0,0,0,0,3,0,0,0,1,1,0,0,0,1,0,0,0,0,0,0,2,0,0,0,0,1,0,4,0,0,0,0,0,0,0,0,0,0,4,0,0,0,0,1,0,4,0,0,1,0,0,0,0,1,0,0,0,0,0,0,0,0,3,1,0,1,0,0,0,0,0,0,0,0,0,0,1,0,2,0,0,0
0,2,0,0,0,0,0,0,0,0,2,0,0,0,0,2,1,0,0,0,1,0,0,0,0,0,0,0,1,0,0,0,1,0,0,0,0,1,1,0,0,0,0,0,2,0,0,1,0,0,0,1,0,0,0,0,0,0,0,0,0,1,0,0,0,0,1,0,0,0,2,0,0,0,0,0,0,1,0,0,0,2,0,0,0,0,0,0,0,0,0,0,0,0,0,0,0,0,0,0,0,0,0,0,0,0,0,0,0,0,1,1,3,0,0,0,0,0,1,0,1,0,0,1,0,0,0,0,0,0,0,0,0,0,0,0,0,0,0,1,0,0,0,0,0,0,0,0,0,0,1,0,0,0,0,0,0,1,1,0,0,0,0,0,0,1,0,0,0,1,0,1,1,0,0,0,3,2,1,0,1,0,0,0,1,0,0,0,0,0,0,1,1,0,0,0,0,0,0,0,0,1,1,0,0,0,0,0,0,0,0,1,0,0,0,0,1,0,1,2,0,0,1,0,0,0,1,0,1,0,1,0,1,0,0,0,1,0,0,1,0,1,0,1,1,2,0,0,0,0,0,1,1,0,1,1
0,2,0,0,2,0,1,0,0,0,0,0,1,0,0,0,2,0,0,0,0,0,0,1,0,0,1,0,1,0,1,0,0,0,0,1,0,0,1,0,0,0,0,0,4,0,0,2,0,0,2,0,0,0,0,0,1,0,1,0,0,2,0,0,0,0,0,0,0,0,2,0,0,0,0,0,0,2,0,0,0,0,0,0,0,0,0,0,0,0,0,0,0,0,0,0,0,0,0,0,0,1,0,0,0,1,0,0,0,0,0,0,0,0,0,0,0,1,0,0,0,0,0,2,1,0,0,0,0,0,0,0,0,0,0,0,0,1,0,2,0,0,0,0,0,0,0,0,1,0,0,0,0,0,0,0,0,0,0,0,0,0,0,0,0,0,0,0,1,0,0,0,0,0,0,0,0,1,0,0,0,0,0,0,2,0,0,0,0,0,0,0,0,0,0,0,0,0,0,0,0,0,0,0,0,0,0,0,0,0,0,0,1,0,0,0,0,0,1,0,0,0,1,0,0,1,0,0,0,2,0,0,2,0,0,0,1,0,0,0,0,1,0,2,1,2,0,0,0,1,0,0,0,0,1,3
0,1,0,1,3,0,0,3,1,0,2,0,0,0,1,0,2,0,0,2,2,0,0,0,0,0,0,1,0,0,0,0,1,0,0,1,0,2,0,0,0,0,0,0,1,1,0,3,1,0,1,0,1,0,0,0,1,0,1,0,0,3,2,0,0,0,1,1,0,1,2,0,0,0,0,0,0,1,0,0,0,1,0,1,0,0,0,0,0,0,0,0,0,0,0,0,0,0,0,0,0,0,0,1,0,0,0,0,0,0,1,1,0,0,0,0,0,0,0,0,0,0,0,3,0,0,0,0,0,0,2,0,0,1,1,1,0,0,0,3,0,0,0,0,0,0,0,0,0,1,2,3,0,4,0,0,0,0,0,0,0,1,0,0,0,1,0,0,1,0,0,1,1,0,0,1,0,0,1,0,0,0,0,0,3,0,1,2,3,0,1,4,0,0,0,0,1,0,0,0,0,0,0,0,0,0,0,0,0,0,0,0,0,0,0,1,0,0,1,1,0,0,1,0,0,0,1,1,0,0,0,0,1,0,0,0,1,0,0,0,0,2,0,1,0,0,0,1,0,0,0,0,0,0,0,0
0,2,0,0,0,0,0,1,0,0,1,0,1,0,0,1,1,0,0,1,2,0,0,0,0,0,1,0,0,0,0,0,1,0,0,0,0,1,1,0,0,0,0,0,2,0,0,1,0,0,0,0,0,0,0,0,0,0,0,0,0,1,0,0,0,0,1,0,0,0,1,0,0,0,0,0,0,1,0,0,0,1,0,0,0,0,0,0,0,0,0,0,0,0,0,0,0,0,0,1,0,0,0,0,0,0,0,0,0,0,0,0,0,0,0,0,0,0,0,0,0,0,0,0,0,0,0,0,0,0,0,0,0,0,0,0,0,0,0,1,0,0,0,0,0,0,1,0,0,0,1,0,0,0,0,0,0,0,0,0,0,1,0,0,1,1,0,0,1,0,0,1,1,0,1,0,0,1,1,0,0,0,0,1,1,1,0,0,1,0,0,0,1,0,0,0,0,0,0,0,0,0,1,0,0,0,0,0,0,0,0,0,0,0,0,0,0,0,1,2,0,0,1,0,0,1,1,0,1,1,0,0,0,0,0,0,1,0,0,1,0,1,1,1,0,0,0,0,0,0,0,0,1,0,1,0
0,3,0,1,0,0,0,0,0,0,1,0,0,0,0,0,1,0,0,0,1,0,0,1,0,0,2,0,1,1,0,0,1,0,0,0,1,2,2,0,0,0,0,0,2,1,0,1,0,0,0,1,0,0,0,0,0,0,0,0,0,2,0,0,0,0,1,0,0,0,1,0,0,0,0,0,0,1,0,0,0,1,0,0,0,0,0,0,0,0,0,0,0,0,0,0,0,0,0,0,0,0,0,0,1,0,1,0,0,0,0,0,0,1,0,0,0,0,1,0,0,0,0,1,0,0,0,1,0,0,0,0,0,0,0,0,1,0,0,1,0,0,0,0,0,0,0,0,0,0,1,0,0,0,0,0,0,0,0,0,0,0,0,0,0,1,0,0,0,0,0,1,1,0,0,0,0,0,1,0,0,0,0,0,1,0,0,1,1,0,0,0,0,0,0,0,0,0,0,0,0,0,0,0,0,0,0,0,0,0,0,0,0,0,1,0,0,0,1,1,0,0,1,0,0,0,1,0,0,0,1,0,1,0,0,0,1,0,0,1,0,0,0,1,0,0,0,0,0,0,0,0,1,0,0,0
0,2,0,1,1,0,0,0,0,0,1,0,0,0,0,0,2,0,0,0,0,0,0,0,0,0,0,0,3,1,1,0,0,1,0,0,0,2,0,0,0,0,0,0,4,0,0,2,0,0,0,0,0,0,0,0,1,0,1,0,0,2,0,0,0,0,0,0,0,0,4,0,0,0,0,0,0,2,0,0,0,0,1,0,1,0,0,0,0,0,0,0,0,0,0,0,0,0,1,0,0,1,0,0,0,1,0,0,1,0,0,0,0,0,0,1,1,0,0,0,0,0,0,0,0,0,0,0,0,0,0,0,0,0,0,0,0,1,0,2,0,0,0,1,0,0,0,0,1,0,0,0,0,0,0,0,0,0,0,0,0,0,0,0,0,0,0,0,0,0,0,0,0,0,0,0,0,0,0,0,0,0,0,0,1,0,1,0,0,0,0,0,0,0,0,0,0,0,0,0,0,0,1,0,0,0,0,0,0,0,0,0,0,0,0,0,0,0,1,0,0,0,1,0,0,0,0,0,0,1,0,0,1,0,0,0,0,0,0,0,0,1,0,2,0,0,0,0,0,0,0,0,0,0,0,2
0,3,0,0,1,0,0,1,0,0,1,0,0,0,0,2,1,0,0,0,1,0,0,0,1,1,0,0,1,1,0,0,2,0,0,0,1,2,0,0,0,1,0,0,2,0,0,1,1,0,0,0,0,0,0,0,0,0,1,0,0,1,0,0,1,0,1,0,0,0,1,0,0,0,0,0,0,1,0,0,0,1,0,0,0,0,0,0,0,0,0,0,0,0,0,1,0,0,0,0,0,1,0,0,0,0,0,0,0,0,0,0,2,1,0,0,0,0,0,0,0,0,0,0,0,0,0,0,0,0,0,0,0,0,0,0,0,0,0,1,0,0,0,0,0,0,0,0,0,0,0,0,0,0,0,0,0,0,0,0,0,0,2,0,0,1,0,0,4,0,0,1,1,0,1,0,0,0,1,0,0,0,0,1,1,0,0,0,0,0,0,1,0,0,0,0,0,0,0,0,0,0,0,0,0,0,0,0,0,0,0,0,0,0,0,0,0,0,2,2,0,0,1,0,0,1,0,0,0,0,0,0,1,0,0,0,2,0,0,1,0,0,1,1,0,0,0,0,0,0,0,0,0,0,0,1
0,1,0,0,3,0,0,0,0,0,0,0,1,0,0,0,1,2,0,0,1,0,0,0,0,0,0,0,2,1,0,0,0,1,0,0,0,0,0,0,1,0,0,0,3,1,0,2,0,0,0,1,0,0,0,0,0,1,0,0,0,1,0,0,0,0,0,0,0,0,1,0,1,0,0,0,0,2,1,1,0,0,1,4,0,0,0,1,2,0,0,0,0,0,0,0,1,0,0,0,0,0,0,0,0,0,0,0,1,0,0,0,0,0,0,0,1,0,0,1,0,0,0,1,0,0,0,0,0,2,0,0,0,0,1,1,0,0,0,1,0,0,0,1,1,0,0,0,0,1,0,0,1,0,0,0,0,0,0,0,0,0,0,0,0,0,0,0,1,1,0,0,0,0,0,0,0,1,0,0,0,0,0,0,0,0,0,0,0,0,0,0,0,0,0,0,0,0,0,0,0,1,5,0,0,0,0,1,0,0,0,0,0,0,4,0,0,0,1,0,0,0,1,2,0,0,0,0,0,0,0,0,1,0,0,0,0,0,0,0,0,0,1,1,0,0,0,0,0,0,0,0,0,0,0,0
0,3,0,0,0,0,0,0,0,0,1,0,0,0,0,1,1,0,0,0,0,0,0,0,0,0,1,0,0,0,0,1,1,0,0,0,0,2,2,0,0,0,0,0,2,0,0,1,0,0,0,0,0,0,0,0,0,0,0,0,0,3,0,0,1,0,1,0,0,0,1,0,0,0,0,0,0,1,0,0,1,1,0,0,0,0,0,0,0,0,0,0,0,0,0,0,0,0,0,0,0,0,0,0,0,0,0,0,0,0,0,0,0,0,1,0,0,0,0,0,0,0,0,1,0,0,0,0,0,0,0,0,0,0,0,0,0,0,0,1,0,0,0,1,0,0,0,0,0,0,1,0,0,0,0,0,0,0,0,0,0,0,0,0,0,1,0,0,1,0,1,1,1,0,1,0,0,0,2,0,0,0,1,0,1,0,0,0,1,0,0,0,0,1,0,0,0,1,0,0,0,0,1,0,0,0,0,0,1,0,0,0,0,0,1,0,0,0,1,3,0,0,1,0,0,0,1,0,0,0,0,0,0,0,0,0,1,0,0,0,0,1,0,1,0,0,0,0,0,0,0,0,1,0,0,0
0,3,0,0,2,0,0,0,0,0,1,0,0,0,0,1,1,0,0,1,1,0,0,0,1,1,0,0,0,0,0,1,1,1,0,1,1,1,1,0,0,0,0,0,2,2,0,1,0,0,0,0,0,0,0,1,0,0,0,1,0,4,0,0,1,0,1,0,0,0,1,0,0,0,0,0,0,1,0,0,0,1,0,0,0,0,0,0,0,0,0,0,0,0,0,0,0,0,0,0,0,0,0,0,0,0,0,0,0,0,0,1,0,0,0,0,0,1,0,2,0,0,0,1,0,0,0,0,0,0,1,0,0,0,0,2,0,0,0,3,0,1,0,0,0,0,0,0,0,0,1,2,0,0,0,0,0,1,0,0,0,0,0,0,1,1,1,0,1,1,0,1,2,0,0,0,0,0,2,0,0,0,0,0,1,0,0,1,1,0,0,0,0,1,0,0,0,0,0,0,0,0,1,1,0,0,0,0,0,0,0,0,0,0,0,0,0,0,1,0,0,0,2,1,0,0,0,0,0,0,0,0,1,0,0,0,1,1,0,0,0,1,1,1,1,0,0,0,0,0,0,0,1,0,0,1
0,2,0,0,2,0,0,0,0,0,1,0,1,0,0,0,3,0,0,0,1,0,0,0,1,0,1,0,2,4,0,0,0,0,0,0,0,0,0,0,0,0,0,0,4,0,0,1,0,0,0,0,0,0,0,0,0,0,0,0,0,2,0,0,0,0,0,1,0,0,2,0,0,1,0,0,0,2,0,0,1,0,0,0,0,0,0,0,0,0,0,0,0,0,0,0,0,0,0,0,1,1,0,0,0,2,0,0,0,0,0,1,0,1,0,0,0,0,0,0,0,0,0,0,0,0,0,0,0,1,0,0,0,0,0,0,0,0,0,2,0,1,0,1,0,0,0,0,0,0,0,0,0,1,0,1,0,0,0,0,0,0,0,0,0,0,0,0,0,0,0,0,0,0,0,0,0,0,0,0,0,0,0,0,5,0,0,0,0,0,0,0,0,0,0,0,0,0,0,0,0,0,1,0,0,0,0,0,0,0,0,0,0,0,0,0,0,0,2,0,1,0,2,0,0,2,0,1,1,1,0,0,1,0,0,1,0,1,0,0,0,2,0,1,1,2,0,0,0,0,0,0,0,0,1,1
0,3,0,0,0,0,0,0,2,0,1,0,0,0,0,0,1,0,0,0,0,0,0,3,0,0,0,0,2,2,0,0,1,0,0,0,2,2,3,0,0,0,1,0,1,2,0,1,0,0,0,0,0,1,0,0,0,0,0,1,0,3,0,0,1,0,1,0,0,0,1,1,0,0,0,0,0,1,0,0,0,1,0,0,0,0,0,0,0,0,0,0,0,0,0,1,0,0,0,0,0,0,1,0,0,0,0,1,0,0,0,0,0,0,0,0,0,0,0,0,0,0,0,2,1,0,0,0,0,0,0,0,0,0,0,0,0,0,0,1,0,0,0,0,0,0,0,0,0,0,0,0,0,0,0,0,0,0,0,0,0,0,1,0,1,1,3,0,2,0,1,1,1,0,1,0,0,0,1,0,0,0,0,0,0,0,0,0,3,0,0,0,0,1,2,3,0,1,0,0,0,0,0,2,0,0,0,0,0,0,0,0,0,0,0,0,0,0,2,1,0,0,2,0,0,0,0,0,0,0,0,0,0,0,0,0,1,0,0,0,0,1,0,1,0,0,0,0,0,0,0,0,1,0,0,1
0,2,0,0,0,0,0,1,0,0,2,0,0,1,0,0,2,0,0,0,1,0,0,0,1,0,2,0,2,1,0,1,0,1,0,1,2,0,0,0,0,0,0,0,4,1,0,0,0,0,0,0,0,0,0,0,0,0,0,0,0,2,0,0,0,0,0,0,0,0,5,0,0,0,0,0,0,2,0,0,1,0,2,0,0,0,0,0,0,0,0,0,0,0,0,0,0,0,0,0,0,1,0,0,0,0,0,0,0,0,0,1,0,0,0,0,0,0,0,0,0,0,0,0,0,0,0,0,0,0,0,0,0,0,0,0,0,0,0,2,0,0,0,1,0,0,0,0,0,0,1,0,0,0,0,0,0,0,0,0,1,0,0,0,0,0,0,0,1,0,0,0,0,1,0,0,0,1,0,0,0,0,0,0,2,0,0,1,0,0,1,0,0,0,0,0,0,0,1,1,0,0,1,1,1,0,0,0,0,0,0,0,0,0,1,0,1,1,3,1,0,0,3,0,0,1,0,0,0,0,0,0,0,0,0,0,0,0,0,0,0,1,0,2,0,0,0,0,0,0,0,0,0,0,1,1
0,4,0,0,3,0,0,2,0,0,0,0,0,0,0,0,2,0,0,0,0,0,0,0,1,0,1,0,1,5,0,0,0,0,0,0,1,1,0,0,0,0,0,0,3,0,0,1,0,0,0,0,1,0,0,0,1,0,1,0,0,2,0,0,3,0,0,1,0,0,2,0,0,0,0,0,0,2,0,0,0,0,2,0,1,0,0,0,0,0,0,0,1,0,0,0,0,0,0,2,0,0,0,0,0,0,0,0,0,0,0,0,0,0,0,1,0,0,0,0,0,0,0,0,2,0,0,0,0,0,0,0,0,0,1,0,0,0,0,2,0,0,0,0,1,0,0,0,0,0,0,0,0,1,0,0,0,0,0,0,0,0,0,0,0,0,0,0,0,0,0,0,0,0,0,0,0,0,0,0,0,0,1,0,5,1,0,1,0,0,0,0,0,0,0,0,0,0,0,0,0,0,1,0,0,0,0,0,0,0,0,0,1,0,2,0,0,0,2,0,0,0,2,1,0,1,0,0,3,1,0,1,0,0,0,0,0,1,0,1,0,1,0,2,0,0,0,0,0,0,0,0,0,0,0,0
