8,0,2,0,3,0,3,0,0,4,14,2,2,3,1,0,0,1,0,0,0,2,4,0,0,0,2,4,2,5,2,1,0,1,0,4,4,3,0,2,0,0,0,1,2,4,13,5,0,0,4,2,3,2,0,5,1,1,0,0,7,1,0,3,1,1,2,1,5,1,0,5,2,2,6,0,0,1,0,5,1,0,1,0,7,1,0,2,0,1,0,4,0,1,0,0,0,0,0,2,1,1,0,1,1,0,0,0,0,2,0,0,0,2,0,0,0,6,1,0,4,0,0,1,1,1,1,1,0,0,0,0,0,2,0,1,6,0,0,1,5,3,0,0,6,1,1,0,1,0,0,1,1,4,0,13,10,0,0,0,1,0,1,0,0,1,0,3,2,1,7,2,3,2,0,9,1,0,0,0,0,3,3,1,0,19,4,0,1,1,0,1,0,0,6,0,10,1,1,8,1,0,74,48,0,0,0,22,1,9,0,1,29,0,0,4,0,0,1,2,0,0,6,59,2,3,4,0,0,9,5,0,0,0,1,2,9,0,0,0,1,2,0,3,3,0,1,2,1,1,0,0,0,1,0,0
2,1,2,0,2,0,2,0,0,0,1,17,0,0,1,0,1,0,0,0,0,1,3,0,0,1,1,0,4,2,4,1,0,3,2,16,2,7,0,9,32,0,0,1,10,6,0,2,1,11,4,2,0,1,0,1,1,0,0,1,5,1,0,9,0,2,3,0,0,2,1,0,2,0,4,0,0,1,0,6,1,0,0,0,3,0,0,3,1,1,0,0,0,1,0,0,8,0,9,0,0,0,3,0,1,4,0,1,0,2,0,0,1,11,1,1,0,0,1,0,0,1,0,1,0,0,1,2,0,0,0,0,0,1,0,2,4,0,0,0,0,0,0,0,0,1,1,1,0,0,2,2,0,1,0,0,18,3,0,0,1,0,10,0,1,1,0,1,1,0,8,10,2,2,0,2,0,0,0,0,6,2,0,3,0,0,5,0,2,0,0,2,0,13,2,2,8,0,0,10,0,1,65,49,0,3,0,0,0,11,0,1,5,0,0,4,0,0,2,1,1,0,8,1,7,0,0,0,0,3,1,1,0,0,2,1,7,0,12,2,4,2,0,1,1,2,3,0,0,2,0,0,2,3,0,2
1,4,1,0,4,0,0,3,0,0,27,17,0,6,2,1,1,0,1,0,1,1,1,0,1,0,0,0,2,5,6,7,2,5,0,9,10,1,2,0,0,0,0,4,6,7,0,1,0,1,14,0,5,0,0,1,0,2,0,2,4,0,2,4,0,3,1,0,0,0,1,0,2,0,1,2,0,2,0,6,1,0,1,0,1,0,0,2,4,1,1,0,0,2,1,0,10,1,0,0,1,5,1,1,1,1,0,0,5,0,1,0,0,15,0,0,0,0,1,1,7,3,0,3,3,1,1,2,0,0,0,0,0,0,0,3,0,0,0,1,0,0,0,0,0,1,2,0,6,0,0,4,1,1,0,7,22,0,0,0,0,0,0,1,0,2,4,0,5,0,1,1,0,2,0,1,2,0,0,0,0,2,0,0,0,5,15,0,2,0,0,0,0,9,1,0,42,3,2,2,0,1,45,31,0,0,1,0,2,1,0,0,0,0,0,0,1,5,3,1,0,0,13,0,0,0,2,0,0,10,4,3,0,0,3,4,6,1,0,0,3,4,0,0,2,0,0,0,5,1,0,1,1,0,2,0
1,1,1,2,2,0,8,0,1,1,21,0,2,2,0,1,0,0,0,0,0,0,1,4,0,0,1,3,1,1,4,4,0,3,0,1,4,1,0,2,4,0,0,1,9,6,1,0,1,1,8,2,0,0,0,1,0,1,0,1,10,1,1,17,5,2,0,0,2,1,0,0,2,0,2,2,0,2,0,3,0,0,0,0,8,1,0,1,2,3,1,1,2,1,1,0,2,1,2,2,0,1,1,0,0,5,2,0,0,0,0,0,1,6,0,8,0,1,0,4,8,1,0,16,10,5,1,1,0,0,2,0,0,0,6,1,0,0,6,0,0,0,1,0,0,2,2,0,0,0,0,0,0,0,0,3,10,0,0,0,1,2,3,0,1,1,0,4,6,0,7,0,2,2,0,0,3,0,11,0,1,2,2,1,1,5,2,0,1,0,1,1,1,3,4,1,13,0,2,3,0,1,62,49,0,1,1,4,0,7,0,0,0,0,1,2,1,1,1,1,5,0,10,0,4,2,0,0,0,1,1,33,3,0,15,1,9,1,2,0,1,2,0,2,1,3,0,0,0,1,0,0,7,1,1,0
3,4,2,1,5,0,0,0,0,2,20,1,4,0,2,1,0,1,1,1,1,1,3,0,47,0,0,0,1,4,2,5,4,3,1,0,8,2,0,1,5,0,0,4,3,8,1,2,0,0,49,1,5,1,0,0,6,2,0,1,16,3,0,2,0,2,3,0,2,4,4,4,1,0,5,0,0,2,0,6,0,0,1,0,1,0,2,2,0,2,1,0,0,1,0,0,3,1,1,1,0,1,2,0,2,0,0,0,0,0,0,1,0,9,1,1,0,0,1,0,4,0,0,4,6,3,0,4,0,0,0,1,0,0,1,1,0,0,0,1,0,0,0,0,0,0,3,0,1,2,0,3,1,0,1,6,0,2,0,0,1,0,0,0,0,1,1,1,1,2,1,0,4,2,0,6,1,0,10,0,0,5,0,1,0,4,2,0,2,0,0,1,1,2,2,1,24,3,0,2,0,0,51,21,1,0,0,1,0,7,3,0,2,0,2,14,0,2,1,2,0,0,10,15,2,0,0,0,0,0,0,0,0,0,6,1,5,1,1,2,0,1,0,1,6,1,0,0,0,0,0,1,0,0,0,0
2,3,2,0,3,0,4,0,0,0,5,0,55,3,1,5,2,0,0,0,3,1,1,5,0,0,0,0,2,3,18,3,1,3,0,0,1,0,0,0,0,0,1,2,4,3,1,0,0,0,6,1,0,0,0,0,0,1,0,2,18,0,0,2,0,0,0,0,1,0,0,0,3,0,0,0,0,8,5,4,0,2,1,0,2,1,0,2,0,1,0,0,0,3,0,0,4,0,0,3,0,4,2,1,0,0,1,0,0,1,0,0,1,0,2,0,0,2,0,0,1,1,0,1,4,0,0,0,0,1,0,0,0,0,1,6,0,0,1,0,0,4,0,0,0,1,4,0,1,0,0,0,0,0,0,10,10,0,0,0,0,12,1,0,0,2,0,0,4,0,2,32,0,0,1,3,1,1,0,0,1,2,0,0,0,4,3,0,0,0,0,0,0,4,3,0,34,0,1,2,4,2,62,52,0,1,2,0,1,3,0,0,3,0,2,4,0,1,3,0,0,0,6,0,2,0,0,0,1,0,3,1,0,0,5,0,3,1,0,0,1,0,0,2,1,0,0,0,1,0,0,0,3,9,0,1
3,2,2,0,2,19,7,0,0,0,8,0,0,2,1,1,0,0,0,7,0,1,0,1,32,2,3,0,2,3,8,5,1,2,3,3,3,0,0,1,1,0,0,2,3,6,1,4,0,0,15,1,3,5,1,1,1,0,0,2,8,1,0,2,3,6,0,0,0,1,0,10,2,0,2,1,0,6,1,0,1,0,0,0,0,1,1,2,0,0,0,0,1,1,0,0,10,1,0,0,0,3,4,0,0,0,2,0,0,0,0,0,0,13,0,0,1,1,1,2,0,0,0,2,3,0,1,1,0,0,0,0,0,2,2,4,0,0,0,0,0,2,0,4,0,1,1,0,0,0,0,0,1,0,1,0,0,0,0,0,0,1,0,1,0,2,1,0,13,2,2,1,5,2,1,8,3,0,4,0,0,3,0,0,0,14,5,0,1,0,1,0,1,0,0,1,24,0,0,2,0,3,57,37,0,2,0,1,0,14,0,0,12,0,0,8,1,3,2,2,1,0,26,0,3,0,0,0,0,3,0,0,5,0,6,1,9,0,0,1,0,3,0,0,2,7,0,0,0,0,0,0,1,1,0,0
0,6,0,3,1,0,5,0,2,2,23,0,11,2,4,2,0,1,0,0,2,2,6,3,0,0,1,0,1,5,13,4,0,2,2,0,2,3,0,5,0,0,0,1,9,9,3,6,0,1,10,1,2,1,0,4,1,5,0,2,3,1,0,4,0,1,2,0,1,0,1,1,1,0,1,3,0,2,1,1,1,0,0,0,2,1,0,1,5,3,0,0,0,2,3,0,5,0,1,2,0,2,1,0,0,0,0,1,0,0,0,0,1,3,0,0,0,0,0,1,9,1,0,3,3,0,1,0,0,0,4,0,1,0,0,1,0,0,0,1,0,1,0,0,0,6,3,0,0,0,0,0,0,0,0,8,14,0,0,0,1,0,3,0,0,1,3,2,11,0,7,25,0,1,0,0,4,1,3,0,6,5,0,2,0,16,13,0,1,0,0,2,0,1,1,0,17,1,7,2,4,0,47,34,0,0,0,0,2,2,0,0,4,0,0,2,0,9,1,1,0,0,15,14,2,1,0,0,0,7,0,0,0,1,10,7,6,2,0,0,4,1,3,1,3,2,0,1,6,0,0,1,0,1,2,2
3,2,3,4,2,3,3,0,3,3,6,0,0,2,1,1,0,0,0,0,3,1,3,4,0,0,2,3,2,3,4,0,0,1,0,0,1,0,2,1,4,0,0,2,4,5,2,3,0,1,13,2,9,0,0,1,0,3,0,2,7,2,0,2,0,1,2,0,4,0,0,2,3,0,0,0,0,8,0,2,0,0,0,0,1,2,0,1,0,3,0,0,2,2,2,1,2,0,6,0,0,1,1,0,0,0,0,0,0,9,1,0,0,2,0,1,2,3,0,2,2,2,1,4,6,2,2,2,0,0,0,0,1,0,0,1,0,0,0,2,3,1,0,1,1,1,4,0,1,0,1,0,1,1,0,0,3,0,0,0,3,1,1,0,1,1,0,4,6,0,1,0,1,2,0,3,2,1,6,0,0,3,6,2,0,11,5,0,1,0,4,2,6,0,2,0,8,0,0,6,0,0,54,30,0,0,0,0,1,1,0,0,4,1,4,0,0,5,4,0,2,0,9,31,6,4,1,0,0,0,0,36,5,3,20,3,8,2,6,0,3,2,0,1,2,4,0,0,2,1,0,0,1,1,1,0
0,0,4,0,3,1,1,0,0,1,22,0,1,2,1,1,1,1,0,1,2,0,0,1,0,0,1,0,1,5,10,2,0,2,0,0,1,3,0,1,1,0,0,1,10,6,0,6,0,0,18,8,1,1,0,0,3,3,0,1,7,1,1,2,5,1,5,0,2,0,0,0,1,0,2,0,0,1,0,3,2,1,2,0,4,2,0,1,0,2,0,0,0,1,0,0,2,0,0,3,0,2,2,0,0,0,0,0,0,2,1,0,0,10,1,0,0,5,2,0,0,7,0,2,5,0,3,2,0,0,0,1,0,5,0,2,2,0,0,1,0,2,1,0,0,4,3,0,0,0,0,1,0,0,0,10,0,1,0,3,1,1,0,8,0,1,2,1,16,1,2,8,2,1,0,0,3,0,0,0,0,3,0,1,0,3,4,0,1,0,0,1,0,2,4,0,33,6,0,1,1,1,44,35,0,0,0,0,0,4,0,0,5,0,0,16,0,3,10,1,3,1,17,6,2,0,0,0,0,5,0,0,0,0,6,2,12,1,2,1,5,1,3,2,1,2,0,0,0,0,0,0,0,2,0,1
1,2,0,6,3,0,0,1,1,1,23,0,0,10,3,0,3,0,0,1,1,0,1,0,36,0,11,0,3,2,3,3,0,2,1,0,0,3,0,2,2,0,0,2,2,4,1,3,0,0,10,0,3,0,0,0,0,0,0,0,8,0,0,2,0,0,0,0,1,0,0,1,3,0,1,2,0,3,0,2,0,0,5,0,4,2,0,2,2,0,0,1,0,1,0,0,13,1,0,0,0,1,0,0,1,2,1,1,0,0,2,0,0,20,3,2,0,0,0,0,8,9,0,0,3,0,1,2,0,0,0,0,0,1,0,3,0,0,0,2,0,1,0,0,2,2,1,0,0,0,0,1,2,0,0,4,1,0,0,0,0,1,0,1,0,2,0,0,34,5,0,3,1,4,0,11,3,1,0,0,0,3,0,0,0,21,5,0,0,0,1,0,0,0,3,0,27,0,1,2,0,0,42,23,0,0,0,0,0,2,2,0,4,1,1,1,0,3,2,0,0,0,13,11,0,0,0,0,0,0,1,0,0,0,1,1,5,1,0,0,2,0,0,0,2,3,0,0,1,0,0,0,0,3,2,0
0,7,5,0,1,0,0,2,0,1,15,0,1,7,1,0,5,1,0,23,0,1,0,1,1,0,1,1,3,7,10,12,1,2,0,1,0,3,0,0,1,0,0,1,1,4,0,0,0,0,9,2,0,1,0,0,2,2,0,0,5,0,0,2,1,1,0,0,2,0,0,0,3,3,2,1,0,2,0,3,1,0,1,0,0,0,0,1,0,1,2,0,0,1,1,0,6,2,0,4,0,2,2,3,1,0,0,1,0,1,0,0,0,7,0,0,0,1,0,1,8,1,0,4,4,3,1,3,1,0,1,1,0,2,2,2,0,0,0,1,0,4,0,0,2,0,1,0,0,0,0,1,1,1,0,22,4,0,0,1,0,1,0,0,0,2,0,2,47,0,1,2,0,1,0,0,5,0,0,0,0,5,0,0,0,13,8,1,1,0,2,0,3,1,3,0,44,1,3,1,0,0,50,25,0,0,2,1,0,0,0,0,1,0,1,2,0,6,2,1,0,0,9,2,0,0,0,0,0,2,0,0,1,1,7,2,5,0,0,0,1,0,0,2,2,2,1,1,2,1,0,0,1,1,0,0
9,0,1,1,1,2,3,0,1,1,0,9,1,1,0,41,4,0,0,2,0,0,3,6,0,0,1,0,4,1,3,0,0,2,0,0,3,0,0,4,2,2,0,2,0,4,0,3,0,0,2,1,0,1,0,0,1,2,1,2,9,0,0,2,1,6,0,0,0,0,2,0,4,0,1,0,1,2,3,9,0,6,1,0,2,4,0,1,0,0,0,0,1,5,0,1,9,0,0,1,0,1,1,3,1,0,4,2,0,1,6,1,0,5,4,0,1,0,0,8,0,6,0,1,2,1,0,3,0,0,7,0,0,0,0,2,2,0,4,0,2,2,0,1,0,5,6,0,1,0,1,4,0,3,0,1,7,0,0,1,0,0,3,1,0,2,0,3,16,3,1,0,0,2,2,8,1,3,2,0,1,2,2,3,0,2,0,0,0,0,4,1,2,0,0,1,3,0,0,6,2,1,59,24,0,0,0,0,0,4,0,1,32,0,0,2,2,0,3,0,0,0,4,0,0,2,1,0,2,3,0,0,0,0,2,1,4,0,3,0,0,0,1,0,0,3,0,2,3,0,0,1,0,0,0,2
1,0,2,0,2,0,0,0,0,4,6,1,0,1,0,0,0,0,0,0,0,3,3,1,6,0,0,0,3,3,2,3,0,1,0,22,2,6,1,3,2,0,0,3,0,3,1,1,2,10,3,2,0,3,0,4,0,1,1,1,4,1,0,2,1,3,0,0,2,2,0,2,2,3,1,0,0,2,0,12,0,1,0,0,1,1,0,1,0,2,0,0,0,1,0,0,4,0,0,0,0,5,1,1,0,0,0,1,0,1,1,1,1,8,0,0,0,1,0,0,1,1,0,0,1,1,0,0,0,0,0,0,0,0,1,1,2,2,0,1,4,1,0,0,12,1,3,0,0,0,2,1,0,1,0,12,1,0,0,10,0,0,1,0,0,2,1,1,12,0,1,0,0,3,1,2,1,0,0,0,0,2,0,1,0,1,5,0,3,0,0,1,0,0,4,10,6,0,0,1,0,1,56,28,0,0,0,0,1,10,0,1,46,1,2,2,0,1,1,4,0,0,11,28,0,0,1,0,0,0,0,3,0,0,6,4,6,2,0,0,0,1,0,1,1,4,4,0,1,0,0,1,0,0,0,0
8,1,0,1,1,1,12,0,0,4,16,0,1,1,2,0,1,0,0,0,1,1,3,1,0,0,0,47,2,3,3,2,1,1,2,0,6,1,0,2,1,0,1,2,2,7,0,1,0,0,7,1,3,3,2,0,1,1,0,0,2,1,1,11,0,1,5,2,0,3,1,2,1,0,2,1,0,1,0,9,0,1,2,1,2,0,0,1,0,1,0,0,0,1,0,0,2,0,0,0,1,2,1,0,2,0,1,1,0,0,0,0,0,0,0,0,0,1,0,2,2,1,0,5,3,0,1,1,0,0,0,0,0,0,6,1,1,1,0,0,0,1,0,3,2,6,2,0,0,0,1,0,2,0,0,3,7,3,1,0,2,2,0,0,0,1,0,0,2,0,1,7,2,0,0,3,2,1,0,0,3,6,4,1,0,10,6,1,1,1,1,1,1,6,0,0,18,0,1,6,0,9,51,48,0,0,0,0,2,2,0,0,20,0,0,2,0,4,4,0,1,0,22,25,1,1,1,0,0,0,0,0,0,0,15,1,8,3,4,0,1,1,0,1,0,2,2,0,1,0,0,0,0,3,0,0
0,0,0,1,5,0,0,0,0,0,14,0,0,1,0,0,0,1,0,3,1,0,1,2,0,5,0,0,2,1,6,3,0,7,1,0,1,2,1,0,10,0,0,2,4,6,4,0,0,0,4,0,0,0,0,2,1,1,0,2,16,0,0,3,2,1,0,0,1,1,0,4,4,0,1,0,0,3,1,8,0,0,0,0,1,0,0,2,0,0,1,0,0,2,1,0,2,0,0,0,0,2,1,0,1,2,2,0,0,1,0,0,0,4,1,0,0,1,0,6,9,8,0,1,6,4,1,0,0,0,3,0,0,2,0,1,1,2,0,2,1,2,1,7,7,2,1,1,0,0,0,0,0,1,5,4,4,0,0,0,0,1,2,0,0,2,0,0,6,1,0,0,1,0,1,2,1,0,0,1,0,5,1,0,0,11,6,0,0,0,0,0,1,0,5,0,10,0,0,2,0,0,53,32,0,0,0,1,6,1,0,0,7,0,0,6,0,4,4,0,2,0,23,0,0,7,0,0,4,0,0,3,0,1,6,3,10,0,0,1,0,5,0,0,3,1,3,1,1,0,0,0,2,1,1,0
0,2,1,0,1,0,10,0,0,1,3,1,0,3,0,0,0,0,0,1,0,0,1,0,0,3,0,3,2,2,5,0,0,2,0,0,0,0,0,1,0,0,1,1,0,2,0,0,0,0,0,1,2,10,0,0,1,0,0,0,4,1,1,6,0,1,1,1,0,0,0,0,1,0,2,0,0,2,0,4,0,0,0,0,2,1,0,1,0,1,1,0,0,1,0,0,8,0,0,1,0,0,3,0,3,0,0,1,0,10,0,0,0,12,0,1,0,9,0,7,2,1,0,0,2,0,1,1,0,0,5,1,0,1,2,2,0,0,0,0,0,1,0,0,14,2,1,0,0,0,1,0,1,1,0,13,6,0,0,4,1,0,1,0,0,1,0,1,5,0,1,0,2,3,1,0,0,1,0,0,0,2,0,14,0,2,3,0,1,0,1,2,0,0,11,0,2,0,0,2,3,1,58,43,0,1,0,1,0,7,0,0,3,1,0,0,0,1,1,0,1,0,3,46,0,0,3,0,0,5,0,26,0,0,0,1,7,0,0,1,0,5,12,7,0,2,3,2,0,0,0,0,0,2,1,0
0,1,1,1,6,0,23,0,0,1,14,0,3,1,1,0,0,0,0,0,2,0,1,0,0,0,0,0,2,2,3,1,0,2,0,1,1,1,0,3,5,0,0,2,19,4,2,1,0,3,10,0,5,15,0,11,1,1,0,1,4,0,0,4,5,1,0,0,3,0,1,0,3,0,4,1,0,5,2,9,0,0,0,0,2,0,0,2,0,0,0,0,0,2,1,0,1,0,0,1,0,0,0,0,0,0,0,0,0,0,0,0,1,1,1,0,0,1,0,0,1,1,0,0,1,0,1,1,0,0,3,0,0,1,0,2,0,0,0,0,0,1,0,1,8,1,3,0,1,0,0,0,0,1,1,0,1,1,1,1,4,0,2,0,0,2,0,0,4,1,2,0,2,1,1,1,1,1,1,0,37,3,2,0,0,11,5,0,0,0,0,1,1,0,1,4,8,0,0,3,0,0,58,48,0,0,0,0,0,3,0,4,19,1,2,1,0,3,3,0,0,0,10,17,0,0,1,0,0,0,0,5,0,0,2,2,6,0,1,0,1,0,0,0,1,0,0,0,0,0,0,0,1,1,1,0
1,2,0,0,2,0,0,0,0,1,2,8,3,0,1,0,0,0,0,2,1,2,0,0,0,0,0,0,2,2,1,1,0,1,2,0,1,0,0,0,13,0,0,1,3,3,1,0,0,0,3,3,0,2,0,2,1,1,0,1,3,1,1,2,0,1,0,1,0,3,0,0,2,0,0,0,0,2,0,8,0,0,0,0,2,1,1,1,0,2,1,0,0,1,0,1,17,1,3,0,0,9,2,0,0,0,0,0,0,0,0,0,0,5,0,0,0,4,1,0,4,1,0,0,0,0,2,4,0,0,1,0,0,1,1,1,0,0,2,0,0,1,0,0,0,1,2,0,1,0,0,0,0,0,0,5,6,0,0,1,0,2,1,0,0,1,0,3,7,2,3,49,3,2,2,1,1,0,0,0,5,2,0,4,0,8,3,0,2,0,0,1,1,8,2,2,22,5,0,2,0,2,55,54,0,2,1,0,0,10,0,0,3,4,5,2,0,0,1,1,0,0,15,0,0,0,0,0,0,5,2,0,0,0,2,2,8,0,0,0,0,1,0,1,0,3,1,0,1,1,0,0,0,6,1,0
0,0,1,1,4,1,1,0,1,1,1,0,6,2,4,0,0,0,0,0,0,0,0,1,0,0,0,0,2,2,4,2,0,2,0,0,2,2,0,4,3,0,1,2,1,5,0,1,0,0,8,2,0,0,0,0,0,0,0,1,2,1,0,13,0,2,1,0,3,1,0,0,2,0,3,0,0,2,0,0,0,0,0,0,7,1,0,2,0,3,0,0,1,1,0,1,6,0,5,2,0,4,9,0,0,2,1,0,0,0,0,0,0,3,2,0,0,0,0,12,0,0,0,2,1,3,3,3,0,0,0,0,0,0,1,1,1,0,5,0,1,0,0,0,0,2,1,0,0,0,0,0,2,2,0,2,6,0,0,0,1,0,2,0,0,1,0,0,7,0,2,0,7,3,0,2,0,1,6,2,0,2,0,1,0,2,1,1,1,0,4,1,0,4,0,1,23,0,1,13,1,6,57,58,0,0,0,4,0,0,0,1,1,0,2,5,0,4,1,1,0,0,9,0,3,12,0,0,1,3,0,45,3,0,6,2,8,0,2,2,1,2,0,1,3,1,1,0,4,0,0,0,5,3,1,0
2,0,0,0,2,0,1,0,1,0,14,0,0,1,1,0,0,1,0,2,2,1,1,0,1,0,0,2,3,3,6,2,0,4,1,0,1,0,0,3,3,0,0,1,0,7,0,3,0,0,13,4,0,0,0,2,0,1,0,0,7,0,0,5,0,2,3,2,0,0,0,0,3,4,1,2,1,3,0,2,0,1,1,0,4,1,0,1,1,2,0,0,0,1,0,1,4,1,5,0,0,2,1,0,0,5,0,0,0,0,0,0,1,9,0,1,0,2,0,15,4,1,0,10,4,0,2,3,0,0,4,0,0,0,0,1,0,0,0,0,0,4,0,0,0,3,4,0,0,0,3,0,1,0,0,6,13,1,1,1,0,1,4,0,1,1,0,2,9,0,1,5,0,1,0,0,3,0,0,1,0,2,1,2,0,2,2,0,0,0,0,2,0,8,0,7,15,1,0,22,0,4,50,35,0,4,1,0,0,10,0,4,2,0,0,3,0,0,5,1,0,0,9,0,0,0,0,0,0,2,0,0,0,2,1,2,5,1,0,1,0,1,0,1,1,4,4,0,3,0,0,1,1,0,4,0
1,0,4,0,1,2,0,1,0,2,4,2,0,0,0,1,5,3,0,4,7,0,1,1,2,2,2,6,2,0,6,0,0,2,0,0,5,0,1,0,1,0,0,2,15,0,4,5,4,9,0,0,1,1,4,2,0,1,2,54,5,2,3,3,1,2,0,0,0,0,1,0,1,0,5,0,1,1,7,2,0,1,1,2,2,4,1,2,7,0,0,4,1,0,29,1,2,0,0,0,0,4,1,3,3,2,0,5,0,1,3,2,0,0,0,20,0,1,1,2,4,2,0,0,2,0,1,3,0,0,0,0,1,2,0,0,0,1,1,1,1,0,0,2,2,1,3,0,3,0,1,4,1,3,0,0,1,1,1,2,0,0,2,4,2,2,1,4,2,0,1,2,0,2,4,0,9,5,1,1,2,2,0,0,1,0,13,0,2,2,3,0,6,6,0,0,1,0,23,1,0,0,7,1,1,1,0,1,5,0,0,1,0,0,0,0,2,0,1,3,1,0,1,0,1,1,8,2,0,1,1,1,0,0,0,0,0,0,0,1,0,1,0,0,0,8,1,0,2,1,0,0,4,1,2,0
0,0,7,0,7,34,2,0,0,0,5,0,0,4,0,0,0,0,0,0,0,0,1,3,0,0,0,0,2,2,3,0,0,3,0,33,10,6,0,1,0,0,0,1,7,5,1,3,0,0,4,2,1,2,0,6,0,1,0,4,1,1,0,4,0,3,0,0,0,0,0,2,2,0,4,0,0,1,0,4,0,3,0,0,2,1,0,1,0,2,0,0,0,1,1,0,9,0,1,5,0,4,1,0,1,1,0,0,0,1,0,2,0,14,0,0,0,5,0,1,3,1,0,0,2,0,1,2,0,0,6,0,0,0,0,1,3,0,0,0,1,0,0,1,4,0,1,0,0,1,1,0,1,5,0,9,8,0,0,0,1,0,0,0,0,1,0,2,1,0,2,0,2,2,0,3,0,0,0,0,1,2,1,1,0,7,4,0,2,0,0,1,0,1,1,0,15,0,0,1,0,0,56,44,1,7,0,0,0,5,0,1,9,0,0,1,0,3,1,0,1,0,7,22,0,2,0,0,0,0,0,0,0,0,2,3,4,1,0,1,0,1,0,2,2,1,0,0,1,0,0,0,0,2,0,0
6,0,3,0,2,1,1,0,0,34,0,0,0,1,5,1,1,2,0,0,6,2,0,4,0,0,1,0,2,0,0,1,0,0,1,0,3,0,0,0,2,0,0,0,0,1,0,0,0,1,2,2,0,0,2,1,0,4,0,4,0,2,0,2,0,7,0,0,3,2,2,1,0,0,1,1,2,0,5,0,0,30,0,0,0,3,0,1,0,2,0,6,0,16,6,1,2,0,1,3,0,8,1,0,5,10,0,2,0,0,0,0,0,31,23,0,0,1,1,0,1,1,0,0,1,3,0,4,0,0,0,0,0,5,1,1,0,0,0,7,1,1,0,1,0,0,3,0,1,9,3,2,0,9,0,0,0,2,0,13,0,2,4,0,1,3,0,3,3,0,2,1,0,0,1,1,1,11,3,0,0,2,8,3,0,0,0,0,2,12,5,3,2,0,1,0,0,10,1,1,5,0,0,1,0,1,1,0,0,0,2,0,6,0,0,0,1,0,6,0,1,0,1,0,0,2,1,2,1,0,0,0,1,3,1,2,0,0,0,1,0,2,0,2,0,3,0,7,2,0,4,7,1,0,4,1
1,0,8,0,6,2,0,0,0,3,11,5,0,1,0,0,0,0,0,0,2,0,0,4,6,0,1,1,3,5,5,2,0,4,1,0,2,8,0,0,3,0,1,1,10,4,0,0,0,1,5,2,0,2,0,3,0,0,0,1,12,1,0,6,0,1,0,0,0,1,0,0,1,1,1,0,1,1,0,2,0,0,0,0,0,2,0,1,0,3,0,0,0,1,0,1,11,2,0,1,1,1,0,0,0,1,3,1,0,0,0,0,0,4,0,0,0,2,0,2,10,1,0,2,4,0,0,3,0,0,0,0,1,2,0,1,2,0,26,1,0,0,0,0,0,4,3,0,1,0,0,0,0,0,0,7,9,0,0,0,1,0,0,0,0,1,0,1,1,0,3,0,0,3,0,3,1,0,1,0,0,3,0,1,1,13,4,0,1,0,1,1,0,9,0,0,9,1,0,21,0,3,44,38,0,0,0,0,1,2,0,1,3,0,0,1,0,3,2,0,0,0,7,0,2,3,0,0,0,1,0,29,0,1,7,4,5,0,0,1,1,1,0,2,2,5,2,0,1,2,0,0,1,9,0,0
0,1,2,0,1,7,1,0,0,0,10,0,1,1,1,0,0,0,4,0,0,1,2,1,0,8,0,0,3,1,3,0,0,2,0,0,1,0,0,3,1,0,0,2,2,4,0,5,1,0,4,0,4,1,0,5,2,1,0,0,15,0,0,2,0,1,1,0,0,0,0,2,2,0,0,0,0,4,0,6,0,0,0,0,5,0,2,2,0,0,0,0,0,1,0,0,1,0,2,1,0,1,0,5,0,0,0,0,0,0,0,0,0,5,0,0,0,6,0,2,7,6,0,0,2,0,2,0,1,0,0,0,0,1,1,2,0,0,0,2,10,0,0,0,0,2,3,0,0,0,0,0,1,0,0,1,2,0,0,0,0,0,5,0,0,2,0,0,1,0,1,0,0,2,0,3,1,0,9,0,0,2,8,0,0,5,5,1,0,0,0,0,1,0,2,0,8,0,0,2,1,0,52,36,0,0,0,0,0,13,0,0,16,0,3,18,0,0,2,0,0,0,9,43,3,3,0,0,0,0,0,2,0,0,7,1,7,0,0,1,0,0,0,0,2,0,3,0,0,0,0,1,2,0,2,0
4,0,2,0,2,0,2,0,0,0,20,1,0,1,1,0,1,0,0,0,2,1,0,1,0,0,0,4,1,2,4,4,0,2,0,1,2,3,2,1,25,0,0,2,4,9,1,3,0,1,9,4,1,0,0,0,1,1,0,1,6,1,0,45,2,4,0,1,1,1,0,1,2,0,3,0,2,3,0,9,0,0,0,0,2,0,0,1,0,3,0,0,0,1,1,0,3,0,0,2,0,0,2,0,1,2,0,0,0,0,0,0,0,5,2,0,0,1,0,1,4,9,0,1,3,3,1,1,1,0,1,0,0,0,0,3,1,0,2,4,1,1,0,5,2,2,1,1,4,1,2,0,2,0,0,2,12,0,0,0,1,0,0,1,0,1,0,0,2,0,3,0,0,2,0,2,2,0,0,0,0,2,0,3,0,6,8,0,3,1,2,2,0,3,0,0,15,0,1,14,1,1,52,41,1,0,1,2,0,0,0,0,3,0,0,1,0,2,4,0,0,0,18,0,3,1,0,0,1,4,0,1,1,0,1,7,11,1,0,1,0,1,0,1,2,1,3,0,2,2,0,0,0,3,0,0
1,0,0,1,1,1,1,1,1,43,1,4,0,1,0,18,1,1,0,0,0,2,2,1,2,0,0,4,0,2,3,6,2,0,1,9,2,0,0,0,1,0,0,0,4,0,0,0,0,4,1,4,0,0,0,1,0,1,0,5,0,2,0,2,1,4,0,0,0,2,0,0,0,0,0,0,11,0,0,0,0,0,5,0,0,4,0,0,0,4,0,1,1,4,2,0,2,0,0,2,0,0,0,3,1,8,0,5,0,0,39,4,2,45,13,0,2,8,0,0,0,1,0,0,0,3,0,2,1,0,0,0,0,2,3,0,1,1,0,0,0,0,0,3,0,0,17,1,0,6,1,3,0,15,0,1,2,1,0,5,1,0,0,1,0,7,0,3,5,2,2,1,2,0,2,0,7,1,1,3,0,2,3,2,0,2,0,1,2,2,5,9,3,1,1,0,0,1,1,0,2,0,0,0,0,1,1,0,0,1,0,0,1,2,0,0,1,0,1,0,0,0,2,1,0,1,3,0,3,0,2,0,0,0,0,2,0,0,0,0,0,3,0,2,0,2,0,0,1,0,1,1,0,0,2,0
0,1,0,5,1,0,0,0,0,1,12,0,0,1,1,0,1,0,0,0,6,0,2,2,1,0,1,1,2,1,15,0,0,3,0,0,1,0,0,3,1,0,0,1,5,5,0,2,0,0,4,2,0,1,0,0,0,1,0,0,5,0,1,2,1,1,1,0,1,0,0,0,3,0,2,1,0,3,0,0,0,0,0,0,1,0,0,1,0,1,0,0,0,1,0,0,3,1,2,3,0,0,2,0,1,0,0,1,0,0,0,0,1,2,1,0,0,0,0,0,5,1,1,3,5,3,0,3,0,0,2,0,1,1,2,4,0,1,3,5,2,3,0,0,1,2,1,0,0,0,0,2,1,2,0,13,3,1,0,0,0,0,0,0,0,2,1,1,20,0,5,0,1,1,0,0,2,2,10,0,0,3,1,0,0,10,3,0,1,0,1,2,1,0,0,0,15,0,0,3,1,2,45,31,1,0,0,0,1,0,0,0,1,0,0,1,0,4,5,0,0,0,14,28,0,0,0,0,1,0,0,34,2,0,12,2,8,1,2,0,0,0,3,0,1,0,0,0,2,1,0,0,3,1,0,0
1,4,0,2,2,0,1,1,0,0,10,0,0,0,4,0,1,0,1,0,1,2,0,0,0,0,6,0,2,2,5,1,0,2,1,0,3,2,0,6,6,0,0,2,0,4,3,1,0,0,2,2,1,0,0,4,0,0,0,0,4,1,0,2,0,4,6,4,0,0,0,0,1,0,7,0,48,1,0,8,0,0,0,0,3,2,0,1,1,1,0,5,0,1,1,0,2,2,7,5,0,1,2,1,3,0,0,0,0,0,0,0,2,6,0,0,1,0,0,8,6,1,0,0,2,2,1,2,0,0,2,0,0,0,0,2,0,0,0,1,3,4,1,0,3,0,1,0,0,0,1,2,1,1,0,3,0,3,1,0,1,0,0,0,0,1,0,0,1,1,14,0,1,1,0,1,0,1,29,0,0,3,4,1,0,1,4,0,1,0,3,3,1,0,0,0,2,0,0,7,0,1,36,45,0,0,2,0,1,8,0,3,7,1,0,17,0,1,1,0,0,1,9,18,0,1,0,0,0,1,0,13,3,0,3,2,11,1,2,1,0,1,0,1,1,1,1,4,0,0,0,2,1,0,0,1
4,0,1,1,1,0,3,0,0,1,4,0,0,1,0,0,0,0,0,1,1,0,3,1,0,0,0,0,4,1,2,5,0,1,0,2,7,1,0,3,3,1,0,4,14,5,0,0,1,0,2,1,4,1,0,1,0,0,2,2,22,1,4,33,0,2,6,2,0,0,0,21,2,1,2,2,0,4,0,4,0,0,0,0,2,27,0,1,0,1,2,0,0,1,0,0,0,0,0,1,0,0,0,0,0,4,1,0,0,0,0,0,0,2,0,6,0,2,0,0,1,0,0,4,3,0,0,1,0,0,3,1,0,1,1,1,0,0,1,0,0,1,1,1,0,1,1,0,1,0,0,0,3,0,0,1,4,0,1,0,1,2,0,1,1,1,2,2,7,0,1,0,2,2,1,0,0,0,11,0,0,2,1,2,0,9,4,0,2,0,1,1,2,3,1,0,11,0,1,1,0,0,50,50,2,0,0,1,1,8,0,1,1,1,1,1,0,2,2,0,1,0,13,0,0,9,0,0,1,0,0,4,2,0,2,3,8,0,1,0,1,4,0,2,1,0,0,0,1,0,0,0,1,0,1,0
0,0,0,3,3,0,0,1,0,1,18,0,0,0,1,20,1,0,0,3,0,1,0,3,0,1,1,0,1,2,5,4,0,3,1,0,4,1,0,2,0,0,1,1,0,9,1,3,0,0,13,2,4,0,0,0,1,2,0,1,7,1,0,8,0,5,1,3,2,1,1,0,2,0,0,3,0,1,0,2,0,1,2,0,1,2,0,2,1,1,0,0,0,1,0,0,9,0,0,0,0,1,1,0,1,0,9,4,0,0,1,0,0,1,0,0,0,3,2,0,8,1,0,11,4,0,3,2,0,0,2,0,0,0,1,2,1,0,1,1,3,1,0,0,0,0,1,0,1,0,0,1,2,0,0,4,4,0,0,0,3,2,1,1,0,1,3,1,4,0,8,0,3,2,0,1,1,0,0,0,0,2,0,1,0,11,7,2,2,0,0,2,0,0,0,0,20,0,4,1,0,0,30,23,1,0,0,0,0,1,0,0,18,0,2,0,1,2,3,2,0,0,15,1,4,1,0,0,0,1,0,0,2,1,17,3,6,1,0,0,2,2,0,4,3,0,0,1,4,0,0,0,1,0,1,0
7,0,0,6,1,0,4,0,0,1,11,4,33,1,4,0,1,0,0,1,0,1,0,0,0,0,1,30,1,1,1,0,0,1,2,1,2,1,0,1,3,0,0,1,3,3,2,1,0,1,2,2,1,1,1,0,0,0,0,0,2,2,3,21,0,1,0,0,2,0,1,0,1,0,0,0,0,1,0,6,1,0,0,0,1,1,0,1,1,2,0,0,0,1,1,1,6,0,0,0,0,1,0,1,0,0,0,0,0,1,1,0,0,9,0,0,0,0,0,3,0,1,0,0,1,0,0,2,0,0,1,0,0,0,0,1,0,0,0,0,0,1,0,0,0,1,1,0,1,0,0,1,1,0,1,12,9,1,1,0,1,1,4,0,0,1,0,1,3,0,2,4,0,1,1,11,1,0,0,0,0,2,1,1,0,1,2,1,2,0,0,1,0,4,2,0,14,0,1,1,0,3,45,53,0,1,0,2,3,0,0,0,4,1,1,0,0,0,2,0,2,0,4,6,3,4,0,0,1,1,2,0,2,0,13,1,8,0,4,0,0,1,0,1,0,4,0,0,3,1,0,0,1,0,0,1
1,1,0,1,1,1,0,1,6,7,3,0,0,0,1,4,0,1,2,0,0,19,0,0,1,0,2,0,4,2,2,7,1,1,0,1,2,0,0,1,0,0,0,0,2,5,1,1,0,1,5,3,0,0,0,2,0,4,1,1,1,1,0,3,1,2,0,0,5,2,0,0,2,0,4,1,5,2,0,0,0,1,0,0,9,10,0,0,0,3,0,0,1,1,0,0,7,1,4,0,0,0,2,0,4,2,0,3,0,1,6,8,1,17,6,0,0,6,0,0,2,4,2,5,5,0,0,7,0,0,0,0,0,1,1,0,0,0,0,1,0,1,1,0,1,1,7,0,1,0,0,5,0,3,0,0,13,1,1,1,2,0,1,1,0,2,2,2,18,1,7,21,3,1,0,5,2,2,0,1,0,2,3,1,0,0,3,0,2,2,0,2,1,0,0,7,20,0,0,2,0,2,52,24,2,3,1,1,0,0,0,0,7,3,0,4,1,0,1,1,1,0,6,0,1,0,0,0,1,0,0,0,0,0,3,4,4,1,1,0,0,1,0,1,0,2,3,0,1,0,0,0,1,1,1,0
6,0,0,3,1,0,0,1,0,0,8,2,0,1,0,0,1,0,0,0,2,3,0,3,0,0,1,0,2,1,2,1,0,3,0,0,2,0,0,14,8,0,0,1,0,5,0,6,0,0,2,1,3,0,0,4,2,0,0,1,5,1,0,20,1,1,0,0,0,0,0,0,1,0,2,0,0,1,0,3,0,0,0,0,1,0,0,1,1,2,0,1,0,1,0,0,2,0,0,3,0,0,4,1,1,1,0,1,0,0,0,0,0,0,0,0,0,6,0,0,1,9,0,0,1,0,2,2,0,0,0,0,0,1,0,1,1,2,1,1,0,2,0,2,2,0,3,0,0,0,0,0,0,0,1,8,7,0,0,3,1,1,0,0,0,1,1,1,8,0,3,0,4,1,0,4,0,0,0,0,0,5,0,1,0,1,4,0,2,0,0,1,1,0,1,1,0,0,0,1,0,0,54,36,0,0,0,4,0,27,0,0,29,0,0,23,0,2,1,0,0,0,13,32,0,0,3,0,0,3,0,2,0,0,0,4,6,0,0,0,0,1,1,1,1,3,4,1,0,0,0,0,0,0,1,0
0,0,0,4,1,5,1,2,9,23,2,0,0,1,1,4,1,0,0,0,1,0,2,3,1,7,0,0,1,5,4,0,0,0,0,0,1,0,1,1,1,1,0,0,0,0,0,0,0,2,1,2,1,0,0,0,1,3,0,6,1,1,0,7,0,2,0,0,0,0,1,0,1,0,1,1,3,1,0,3,0,3,0,0,0,2,0,0,0,1,1,1,2,2,1,1,3,2,0,4,0,0,0,3,2,13,1,1,0,1,15,1,0,21,11,1,1,1,6,6,2,4,0,0,0,2,0,5,0,1,1,0,0,3,0,0,0,0,0,6,1,0,1,1,3,2,23,0,0,8,4,4,0,8,0,0,0,3,1,4,1,0,0,0,0,0,0,4,1,1,2,0,0,0,1,2,1,0,0,0,0,3,0,1,0,1,0,0,2,0,2,3,5,1,0,1,3,4,1,0,1,0,51,7,0,0,2,1,0,0,0,0,19,1,0,0,1,1,2,0,0,0,3,19,0,1,3,0,6,0,8,1,0,0,0,2,1,0,0,0,0,2,0,4,0,2,0,2,1,0,0,0,0,0,0,0
2,0,8,3,7,14,7,0,0,0,7,0,4,1,0,0,0,0,3,0,0,0,0,1,7,4,0,0,3,2,4,0,0,2,1,0,3,0,0,2,0,0,1,2,3,4,6,3,0,1,2,1,2,4,0,0,1,1,0,0,7,0,0,3,0,2,3,0,11,0,0,0,4,0,8,2,0,2,0,9,0,0,0,0,6,0,0,2,0,0,1,0,0,2,0,0,7,0,4,2,0,0,0,0,0,0,0,0,0,1,0,0,0,13,0,0,0,2,0,8,2,0,0,0,2,3,1,0,0,0,1,0,1,0,3,3,0,0,0,1,0,1,0,0,5,2,2,0,0,0,0,0,2,1,0,4,0,0,2,0,1,2,0,0,0,2,0,0,4,0,1,0,5,2,0,0,1,0,0,0,0,2,0,0,0,4,0,0,0,0,1,1,0,0,1,0,12,0,0,3,0,5,61,51,0,1,0,15,0,3,0,3,4,0,3,0,0,0,5,2,0,0,6,39,0,3,2,0,0,1,0,12,3,1,6,1,11,0,0,0,0,0,0,1,0,0,8,0,2,0,0,0,1,1,0,0
4,0,0,2,0,2,0,0,3,34,3,1,0,1,0,4,1,0,0,3,0,3,0,1,0,0,0,2,3,2,6,2,0,1,0,0,0,0,0,1,0,2,0,1,2,3,0,2,0,2,0,4,0,1,0,0,1,3,0,9,1,1,0,2,0,1,0,0,0,0,0,0,1,0,0,0,8,1,0,0,0,0,2,0,0,3,0,1,0,4,0,0,0,0,0,0,2,0,0,0,0,2,0,1,1,9,0,2,0,0,38,1,0,51,18,0,1,2,6,0,0,4,1,1,2,1,0,2,9,1,0,0,0,4,0,1,0,1,0,0,0,0,0,0,0,1,25,1,2,5,0,12,0,7,0,0,0,2,0,1,1,0,0,3,1,5,0,8,1,0,2,0,4,1,1,0,3,3,0,2,0,2,3,1,0,0,0,0,2,1,1,2,0,0,0,0,3,5,2,1,2,0,1,0,2,1,3,0,0,1,0,0,2,0,1,0,0,0,2,2,0,0,1,0,0,0,0,2,4,0,1,0,0,0,0,2,0,2,1,0,0,3,0,1,0,46,1,1,1,0,0,4,0,0,1,7
9,4,6,1,2,0,8,0,2,0,11,1,0,0,1,0,1,0,0,0,0,2,0,0,2,0,0,0,2,8,3,0,0,2,1,0,2,2,0,3,0,1,3,2,11,3,1,6,1,2,2,2,4,2,1,2,3,0,0,0,9,1,2,8,0,0,0,0,0,0,1,1,3,1,1,1,1,3,0,1,0,0,2,1,1,0,0,2,6,0,0,0,0,0,0,0,3,2,0,3,0,3,2,2,0,1,0,0,0,0,2,0,0,5,2,1,1,0,0,2,8,0,0,1,2,1,0,0,0,0,0,1,2,0,0,1,0,0,0,2,2,2,0,1,6,1,3,0,0,0,0,1,0,2,0,4,10,1,1,2,1,2,0,0,0,1,1,1,1,1,1,12,3,2,1,0,3,1,0,0,2,3,0,0,0,6,6,0,0,0,1,0,0,0,0,5,17,0,1,2,2,1,54,39,0,1,1,0,7,2,0,1,5,1,0,1,1,0,5,1,1,0,14,0,1,0,2,0,1,9,2,0,2,1,4,0,6,0,0,0,0,0,3,0,1,2,0,0,2,0,0,0,0,10,0,0
0,0,2,0,2,0,0,4,0,4,15,3,8,1,0,0,1,1,0,0,1,0,3,1,1,0,1,3,1,1,5,1,0,5,2,0,4,0,1,1,0,0,0,1,9,6,2,1,0,0,9,1,0,0,0,4,0,1,0,1,6,1,0,38,0,1,2,1,11,0,0,0,1,0,0,2,1,1,0,5,0,0,0,0,1,3,0,1,6,8,0,0,0,1,0,0,2,0,1,0,0,1,1,0,0,1,1,0,0,0,0,0,0,6,0,2,0,0,0,0,10,1,0,7,8,2,0,1,0,0,1,0,0,1,1,1,0,0,0,0,0,0,0,0,0,5,2,4,2,0,0,0,3,0,0,3,9,0,0,0,2,1,3,0,0,1,0,0,3,0,3,0,6,1,0,0,5,0,1,2,1,6,1,3,0,13,8,2,2,0,2,1,1,3,1,0,14,1,2,1,0,2,41,35,0,0,0,1,0,0,0,0,1,0,0,1,0,3,2,0,3,0,11,0,4,0,0,0,1,1,0,0,1,0,11,3,10,0,2,0,2,3,0,1,2,1,0,0,5,0,0,0,0,0,0,2
3,0,0,1,2,0,0,2,1,2,12,1,0,5,2,1,1,1,0,0,0,1,0,2,0,0,0,1,2,6,6,1,0,2,0,1,3,4,0,3,0,0,1,1,6,0,1,5,1,26,0,5,0,0,0,1,1,0,0,2,2,1,0,15,1,1,0,1,2,0,0,0,1,0,1,0,0,1,0,2,0,0,1,0,0,2,0,1,0,1,0,0,0,1,4,1,23,2,0,1,0,1,1,0,2,3,0,0,0,7,0,0,0,19,0,1,0,0,0,0,6,2,0,2,1,0,1,1,0,0,0,0,0,0,2,1,0,0,0,0,0,0,0,0,4,6,2,0,0,0,0,1,1,0,0,18,31,0,0,1,6,0,0,0,0,1,0,0,3,0,4,4,0,3,0,0,0,0,0,0,1,2,0,1,0,0,2,0,1,0,0,1,0,1,0,4,35,0,0,1,1,8,53,22,0,0,1,0,0,2,0,0,21,0,0,0,0,0,1,0,0,0,4,0,0,0,0,0,0,4,0,0,1,0,0,1,0,0,1,0,0,1,0,2,1,2,0,1,0,0,0,0,0,3,0,1
4,2,1,3,4,0,1,0,2,3,19,9,4,1,5,0,1,0,0,0,1,4,3,1,0,0,1,2,2,1,4,4,0,1,2,0,3,1,0,0,0,0,2,1,7,5,3,3,0,0,8,2,2,0,0,1,4,0,0,0,7,1,0,12,0,3,0,0,0,0,0,0,2,0,0,1,0,5,0,6,0,0,1,1,3,5,0,1,0,2,1,0,0,1,1,0,4,0,2,0,0,0,0,3,2,1,6,2,0,0,0,0,1,1,0,0,0,1,3,1,2,1,0,7,3,3,1,4,0,0,0,3,2,2,1,2,1,0,0,0,2,0,3,1,0,6,4,0,2,0,3,0,2,0,0,2,10,0,3,0,0,4,4,2,0,1,3,0,5,0,3,0,0,2,0,11,1,0,0,0,0,2,3,2,0,8,5,0,1,0,1,1,1,1,7,0,11,1,3,10,0,1,40,37,0,0,0,5,1,5,0,0,3,1,2,2,0,1,2,0,0,0,3,0,8,0,0,0,0,0,0,0,2,0,15,3,8,2,5,1,1,1,1,3,4,3,2,0,3,0,0,1,1,3,1,3
3,1,0,1,3,5,3,0,3,10,1,2,0,2,0,31,1,0,1,0,0,1,1,0,0,0,1,0,3,4,1,2,0,2,0,12,0,0,0,0,1,0,0,1,1,3,0,1,2,3,0,1,6,0,1,0,1,0,0,2,2,0,0,2,1,1,0,0,0,0,0,0,2,2,1,1,1,2,1,5,0,0,0,0,6,2,0,1,0,2,0,0,0,0,0,0,0,0,1,20,0,2,7,2,1,4,0,2,0,0,13,2,0,25,9,0,0,1,2,1,0,1,1,1,1,1,0,3,0,0,5,0,0,1,0,1,0,2,21,0,0,1,0,1,1,1,16,0,0,4,5,8,0,8,2,3,1,0,0,3,1,0,0,0,0,1,0,6,9,1,2,0,0,1,0,0,3,0,5,0,0,6,0,0,1,0,0,0,0,0,2,0,0,0,1,0,1,2,0,1,0,0,51,18,0,2,0,0,0,0,0,1,11,3,0,1,0,1,4,0,2,0,5,5,0,0,1,0,1,0,0,0,0,0,0,1,3,0,0,0,0,0,0,1,0,1,0,1,1,1,0,1,2,0,2,0
4,2,0,0,2,0,0,1,0,1,8,1,27,4,3,0,2,0,16,2,1,0,2,1,0,0,1,0,2,4,5,3,0,1,3,1,8,1,0,1,0,0,0,1,4,4,0,0,0,0,6,3,1,0,0,0,1,1,0,3,5,1,1,2,1,2,1,0,1,1,0,12,1,0,0,0,1,6,0,3,1,0,2,0,0,0,0,1,0,2,3,0,0,1,0,0,5,0,0,0,0,4,3,0,0,1,0,0,0,4,0,1,0,6,0,0,1,0,1,2,1,2,0,1,2,6,4,4,0,0,0,0,0,1,0,2,0,0,0,0,0,1,0,0,0,1,1,0,5,0,0,2,0,0,2,0,0,1,0,2,1,1,0,2,0,1,0,0,19,0,2,2,0,2,0,1,2,0,0,0,0,2,0,2,0,13,7,0,2,0,0,1,1,1,2,0,30,1,0,1,0,1,44,37,1,0,0,0,1,4,2,0,0,0,1,1,0,0,4,2,0,0,13,0,0,1,0,0,0,11,1,0,5,1,2,4,6,1,0,0,0,2,1,1,1,1,0,1,1,0,0,0,0,3,0,1
1,2,4,0,3,0,3,0,0,3,10,1,0,2,1,0,0,0,0,0,2,0,0,3,17,0,0,0,2,7,4,1,0,1,0,0,1,0,0,1,3,0,0,1,1,6,0,2,1,2,10,1,6,7,0,2,0,1,0,2,5,1,0,2,0,3,0,1,2,0,2,2,3,0,6,0,0,1,0,1,0,0,0,0,0,1,0,1,0,1,1,0,0,1,0,0,9,0,0,1,0,2,8,0,1,0,1,0,0,14,0,0,0,11,0,0,0,3,0,0,5,1,0,0,2,0,1,1,0,0,0,1,0,0,0,1,3,0,0,1,6,1,0,0,7,0,2,0,0,0,0,1,0,0,0,8,0,0,0,0,1,0,1,0,1,1,0,1,14,0,1,0,7,0,0,1,2,0,1,0,0,3,0,1,0,4,6,0,2,0,0,1,2,0,4,0,17,0,0,2,0,3,52,25,0,0,2,0,1,1,0,1,12,0,0,7,0,7,2,5,0,0,16,23,1,1,0,0,0,2,0,0,0,0,11,2,7,0,0,0,2,1,0,1,1,3,3,0,1,0,0,0,5,0,2,0
2,0,0,1,3,1,1,0,3,36,3,1,0,0,1,13,1,0,1,1,0,0,0,0,0,0,0,1,1,2,3,0,1,1,0,0,0,0,0,0,0,0,1,1,1,0,0,1,0,6,0,5,0,0,0,0,1,1,0,5,1,1,0,3,3,1,1,0,0,0,0,0,1,0,0,0,22,2,0,0,1,1,3,1,1,2,0,1,1,3,0,3,0,0,1,0,0,0,1,14,0,0,0,1,1,6,0,1,0,0,12,0,4,25,19,0,12,11,5,1,2,16,0,0,1,3,1,2,2,1,1,0,1,5,0,2,0,0,20,0,0,1,1,2,2,1,24,0,2,7,0,3,0,6,0,0,0,2,1,0,0,0,1,0,0,5,3,4,4,1,2,0,0,1,1,0,0,0,0,0,2,2,2,1,0,1,0,0,1,10,0,1,1,1,0,0,0,5,1,1,2,0,1,1,0,1,0,0,0,1,5,0,9,0,0,0,0,0,3,0,0,0,2,1,0,6,1,3,1,1,3,0,0,0,0,1,0,0,0,0,0,1,0,1,0,1,0,4,1,0,1,1,1,0,2,0
6,0,1,0,1,3,0,0,0,1,3,0,1,0,0,40,3,1,0,6,0,0,1,0,4,6,1,0,3,1,3,3,2,2,6,0,1,1,0,0,1,0,0,2,4,4,2,1,0,0,22,0,0,0,0,1,0,2,0,2,16,0,0,2,0,2,0,0,3,1,0,8,2,0,0,0,2,4,0,6,0,0,0,0,0,2,0,1,5,0,1,0,0,0,1,1,2,0,1,0,2,3,1,1,1,2,2,1,0,0,0,0,1,10,4,0,3,0,1,0,4,2,1,0,1,0,1,2,0,0,0,0,0,0,0,1,1,1,7,1,0,1,0,0,3,1,1,1,0,2,1,0,0,1,1,0,2,0,0,1,2,0,0,0,0,4,2,0,2,0,0,0,1,0,2,1,1,0,2,3,0,3,1,0,0,5,3,0,1,6,0,0,0,1,0,0,11,0,0,3,0,0,48,22,1,0,0,0,0,1,4,0,2,0,0,14,0,0,2,0,0,0,11,0,0,2,0,0,0,0,3,0,2,0,1,1,5,0,0,0,0,0,0,0,2,5,0,0,1,1,0,0,1,2,0,1
1,0,1,0,1,0,2,0,0,1,4,0,0,1,0,1,0,0,0,0,0,0,0,0,0,0,0,6,4,2,2,2,0,1,0,0,2,1,0,0,9,0,0,1,0,4,1,3,0,0,6,1,3,2,0,0,0,0,0,0,18,0,0,2,0,3,0,0,0,0,0,0,3,0,3,0,4,9,0,2,0,0,0,0,7,2,0,1,0,3,2,0,0,1,0,1,8,0,1,1,0,1,2,0,0,0,1,1,0,0,0,0,0,4,1,0,0,3,1,0,1,1,0,0,1,0,0,1,0,1,0,0,0,0,1,2,1,0,0,1,0,3,0,1,0,0,1,0,0,0,0,0,0,0,0,4,2,0,0,0,1,0,0,0,0,1,0,1,9,0,2,1,0,1,2,4,0,2,1,0,0,2,0,18,0,4,2,0,0,0,0,1,0,1,1,0,8,2,0,1,1,1,51,43,0,2,0,1,0,2,0,0,11,0,0,5,0,0,1,0,0,0,4,42,4,17,0,0,0,1,0,0,3,0,5,1,5,0,0,0,0,1,17,1,0,2,0,1,0,0,0,0,0,3,6,0
3,0,0,1,1,4,1,0,0,21,2,1,0,1,0,5,1,0,0,2,1,0,1,1,1,3,0,10,2,3,1,1,0,1,0,0,2,0,0,0,0,0,0,1,3,4,1,2,0,0,0,2,0,1,0,0,1,0,0,3,2,0,0,3,4,2,0,0,1,4,0,0,4,0,1,0,9,5,5,0,1,0,6,0,4,6,0,1,0,2,0,0,2,0,0,0,0,0,0,9,0,1,0,2,1,3,0,0,1,0,12,0,0,16,5,0,2,1,1,2,1,3,0,0,2,2,0,2,0,2,1,1,0,1,0,3,0,2,0,8,1,4,0,0,0,3,19,0,0,6,2,3,1,6,0,2,1,4,0,3,0,0,6,1,3,1,0,8,0,1,2,1,2,0,0,0,1,2,0,3,0,2,1,0,0,2,1,3,2,3,1,3,3,0,0,0,4,1,0,3,9,2,45,18,0,0,1,1,0,0,4,1,5,0,0,0,1,1,7,0,1,0,4,5,0,0,0,1,2,0,0,3,0,1,2,1,3,0,0,1,0,1,2,1,0,1,0,2,1,0,3,0,0,0,0,1
4,0,0,0,2,2,5,0,0,0,1,1,0,0,3,2,0,0,1,0,0,0,3,2,0,1,0,0,2,5,4,1,0,2,0,0,1,1,0,3,17,0,0,2,1,5,0,1,0,1,3,0,1,0,0,1,1,0,0,0,9,0,1,3,0,1,0,0,0,1,0,8,5,0,6,0,0,5,0,1,0,0,0,0,1,7,0,2,0,1,0,0,0,2,0,0,12,0,0,0,0,5,4,0,0,0,0,1,0,1,0,0,0,12,0,0,2,3,0,16,2,29,0,0,2,1,3,3,1,0,2,0,0,1,4,2,0,0,0,0,0,3,0,7,0,1,2,0,0,0,0,0,1,0,1,4,0,0,1,0,1,0,0,1,1,2,0,0,13,1,0,0,0,2,0,4,1,0,24,0,0,2,0,1,0,8,3,0,0,0,1,0,1,2,1,0,11,0,0,2,0,3,50,39,1,1,0,0,0,3,0,0,1,0,2,9,0,2,2,0,0,0,10,26,1,0,0,0,0,1,0,0,4,0,0,1,6,0,0,1,0,1,0,0,0,3,0,0,1,0,0,0,1,1,2,0
2,1,1,4,5,1,2,2,2,5,4,0,0,2,0,10,6,0,0,0,3,1,0,1,0,1,3,3,2,0,4,1,2,1,0,0,9,0,0,3,0,0,1,2,0,4,2,1,1,3,0,1,1,0,0,1,1,0,0,4,2,0,0,1,1,1,1,0,1,1,1,1,2,0,3,1,4,2,1,1,1,12,1,0,0,3,0,2,2,0,0,0,8,6,0,1,0,0,0,1,0,0,0,1,6,12,0,6,0,0,3,1,0,8,5,0,0,2,8,0,4,1,3,1,0,0,0,3,2,5,4,10,1,0,3,7,0,1,1,0,0,1,10,5,2,1,9,2,0,2,1,0,0,2,7,0,2,0,0,3,0,0,2,1,1,5,1,5,0,7,1,4,0,1,1,0,0,0,2,1,4,1,5,0,0,0,0,0,0,6,0,0,0,0,0,0,0,4,0,3,0,0,4,6,1,3,0,0,0,0,1,8,3,0,2,2,3,0,1,0,0,0,3,6,0,6,1,0,10,1,23,0,0,0,0,3,2,4,0,4,1,5,0,0,0,1,1,1,1,0,5,0,1,1,2,0
1,1,0,3,0,3,2,0,0,17,1,34,0,0,0,1,11,0,0,0,0,5,0,5,0,0,4,1,0,0,9,1,0,0,0,0,1,0,0,0,0,9,1,1,1,1,1,0,3,2,0,3,0,0,0,0,0,2,2,2,1,1,0,2,1,3,1,12,0,0,0,0,0,0,1,0,6,3,0,0,0,1,4,0,2,4,0,1,0,2,1,0,0,2,0,0,2,1,7,1,11,1,2,1,3,7,3,0,0,2,12,3,0,10,5,4,2,0,2,0,7,3,0,1,2,0,3,5,0,4,0,0,2,1,1,0,1,6,3,4,2,0,0,3,3,0,20,1,2,4,1,14,1,9,2,4,1,10,1,1,0,0,0,2,0,0,0,4,1,2,2,0,1,0,1,1,2,0,3,6,2,1,2,1,0,0,0,1,1,3,0,2,2,1,0,7,0,3,0,0,4,0,0,0,0,1,3,0,0,0,0,0,2,0,0,0,1,3,3,0,3,0,2,0,0,3,0,1,5,1,1,0,3,0,0,10,0,2,1,0,0,4,2,3,1,6,0,3,3,2,1,0,0,0,1,1
1,0,0,3,0,0,1,0,5,28,1,0,3,0,1,8,1,0,0,1,0,0,0,0,1,0,0,1,14,1,7,1,0,1,0,14,3,0,0,0,8,0,0,1,0,0,0,0,0,12,0,2,1,0,0,0,0,1,3,5,3,0,0,2,0,7,2,0,0,0,0,0,1,0,0,0,6,2,2,1,0,3,1,0,1,4,0,1,2,3,2,0,1,8,0,0,3,0,0,2,0,1,0,2,2,9,0,1,0,0,25,1,0,36,6,0,0,2,1,1,1,1,0,0,0,0,0,2,0,0,0,0,4,2,1,2,0,0,1,0,3,2,0,1,1,0,5,0,0,0,2,8,0,8,1,0,3,7,0,1,0,0,2,0,1,2,2,6,3,1,1,3,4,1,7,1,8,9,0,0,0,4,1,2,0,0,3,1,0,2,0,1,2,2,0,2,0,1,0,1,1,0,22,14,0,1,0,2,0,0,0,0,0,1,0,0,2,0,2,0,0,0,1,0,2,0,1,2,0,0,1,1,0,1,12,2,2,0,0,0,0,1,0,1,0,2,0,2,2,0,0,0,0,0,0,0
3,0,5,0,1,0,7,0,0,2,5,0,0,0,0,0,0,0,1,0,1,0,0,1,6,0,0,4,1,2,1,0,0,1,1,4,3,0,0,4,0,0,0,3,0,3,0,0,0,0,4,2,2,0,1,3,1,1,0,0,5,1,0,2,0,1,0,0,0,3,0,12,2,0,6,0,0,4,0,8,0,0,0,0,4,4,4,1,0,1,0,0,0,1,0,0,0,0,0,2,0,2,1,0,1,0,0,0,0,0,0,0,2,3,0,0,0,1,0,5,2,1,0,0,2,0,1,0,0,0,10,0,0,0,0,1,0,1,0,1,34,3,0,0,11,0,1,0,0,0,0,0,0,0,0,9,1,0,1,8,1,0,0,0,1,1,0,1,3,1,1,0,1,0,0,1,0,0,0,0,0,4,0,1,0,13,0,1,1,0,0,1,0,0,0,0,3,0,0,1,0,0,48,32,1,4,0,0,0,3,0,0,19,0,0,3,0,0,2,0,1,0,10,37,0,0,0,0,0,1,0,2,1,1,6,1,5,0,0,0,1,1,1,1,1,1,0,0,0,0,0,0,1,0,0,0
1,1,1,0,6,16,4,2,1,2,11,0,0,1,4,3,1,0,0,2,0,1,0,0,1,0,2,2,1,3,1,2,0,1,0,0,4,0,0,0,0,0,0,1,8,7,4,1,0,1,6,2,4,0,0,0,0,2,0,3,2,1,0,9,0,2,0,0,4,2,0,1,3,0,6,2,0,2,0,6,1,0,2,0,1,2,0,1,0,2,0,1,0,1,0,0,4,1,2,1,0,1,3,0,0,4,1,0,0,2,1,0,0,8,0,0,0,2,1,0,3,1,0,3,2,0,3,2,0,0,1,0,0,0,0,2,0,0,0,0,0,0,0,0,1,0,2,0,0,1,1,0,1,0,0,3,0,0,0,0,1,0,0,2,0,1,0,0,1,1,3,0,0,3,0,0,4,0,0,1,0,2,1,1,0,11,5,0,2,0,0,1,1,3,0,0,8,4,1,1,0,0,32,33,1,7,0,9,0,0,0,0,0,0,0,0,0,1,1,1,4,1,11,3,2,8,0,0,2,21,0,1,0,0,5,2,8,0,0,1,0,1,0,5,2,1,2,0,1,4,0,0,2,5,0,0
1,0,1,1,3,0,1,2,0,0,6,2,1,0,0,2,0,0,0,0,0,2,0,0,0,0,0,0,2,1,6,1,0,1,0,0,5,0,1,0,0,0,0,1,1,1,0,0,0,0,2,2,0,0,0,1,0,1,0,0,3,1,3,2,2,1,0,2,0,0,0,0,1,0,3,1,0,6,0,7,0,0,0,0,1,3,0,1,0,2,0,0,0,1,0,0,5,0,0,1,0,1,1,0,0,0,0,2,0,2,1,0,0,1,0,0,1,4,1,0,5,12,0,2,3,2,0,2,0,0,0,0,0,0,0,1,0,0,2,0,0,0,0,0,0,1,1,0,0,0,0,0,0,0,0,0,1,0,1,0,1,1,1,0,0,1,0,1,22,0,1,0,2,1,0,8,1,0,39,1,0,3,3,2,1,6,5,1,1,0,1,1,0,1,0,0,10,0,0,6,0,0,47,33,0,0,0,1,1,2,0,0,14,0,0,4,1,0,2,0,1,0,5,43,1,0,0,0,0,0,0,43,1,0,12,1,8,1,5,1,0,2,0,1,2,1,1,2,1,1,0,0,0,0,0,4
3,3,0,1,4,0,3,0,0,45,1,1,0,1,2,11,0,1,0,2,3,4,2,0,3,0,0,0,0,0,3,6,0,0,0,0,3,0,0,1,0,2,0,0,1,2,0,0,0,0,0,6,1,0,2,0,0,5,2,5,1,3,0,1,0,1,0,0,1,1,0,0,0,4,5,0,9,0,0,1,0,30,0,0,0,5,0,0,0,5,0,0,0,7,3,0,0,1,0,15,1,0,0,1,3,5,0,2,0,0,11,2,4,32,9,0,0,5,2,1,1,2,0,0,3,1,0,3,0,0,0,0,0,4,1,0,0,2,0,0,0,0,0,3,0,0,10,0,0,8,3,2,0,14,1,0,7,1,0,2,0,0,15,0,0,4,0,2,0,0,2,0,0,2,6,2,0,7,1,0,0,1,7,2,0,1,0,0,2,2,0,5,2,1,0,0,0,4,0,0,1,0,0,0,0,0,2,0,0,0,0,0,6,1,2,0,1,1,3,2,0,1,2,1,0,1,1,0,3,0,1,4,0,0,0,4,0,1,0,1,0,1,0,1,0,1,0,6,1,0,0,0,0,0,1,2
1,0,1,1,0,1,0,0,0,7,0,3,0,2,0,4,1,1,0,1,2,1,1,4,0,1,0,11,3,2,1,0,2,2,0,0,3,3,0,0,0,0,0,1,2,3,0,0,0,6,8,3,1,2,0,0,0,1,1,2,4,0,1,2,0,1,1,0,0,0,0,0,2,1,5,0,4,3,1,2,0,1,1,0,0,5,0,1,0,0,0,0,0,4,1,0,7,0,0,1,2,0,2,0,1,1,0,2,0,2,8,1,0,13,8,0,0,4,1,0,6,2,0,0,4,0,0,2,0,0,0,0,0,3,0,0,0,0,0,1,2,5,1,2,0,1,7,0,0,2,2,3,1,2,1,12,10,8,0,0,0,0,0,2,0,3,1,2,1,1,6,0,2,0,6,0,8,0,0,0,0,2,8,0,0,5,2,1,1,0,0,0,0,0,3,0,23,0,0,1,0,1,46,26,0,4,0,0,0,5,0,0,0,1,0,1,1,0,1,1,2,0,8,1,0,0,0,0,2,3,4,0,0,0,2,1,3,0,1,0,0,0,0,0,1,2,0,4,1,1,0,0,2,0,1,1
0,0,1,1,2,1,0,0,1,6,6,1,1,0,2,3,2,0,0,1,0,11,1,1,0,1,6,0,1,2,2,0,3,1,0,0,0,0,0,0,0,0,0,0,7,4,0,0,0,4,6,3,1,0,0,0,1,2,1,2,7,2,0,2,0,2,3,0,1,0,0,0,1,0,7,0,4,2,4,1,0,0,1,1,0,3,0,1,2,1,0,0,1,1,0,0,2,0,0,0,0,0,2,1,1,7,0,6,0,7,8,0,3,15,4,1,1,4,0,0,3,2,0,2,4,0,0,4,0,0,1,0,0,0,0,0,0,1,0,0,0,3,0,2,2,0,11,0,0,6,2,7,0,5,0,0,8,6,1,2,2,0,1,1,0,1,7,1,0,1,2,0,1,0,1,1,1,0,0,0,3,2,6,1,0,6,2,2,1,4,0,1,3,1,0,0,21,3,2,1,0,0,41,13,0,1,0,0,0,0,1,0,4,2,0,0,0,0,1,0,0,0,7,12,0,0,0,0,0,0,1,44,0,0,4,2,4,0,0,1,0,1,0,1,0,3,0,1,1,0,1,0,0,0,1,1
0,1,6,0,2,0,3,0,0,0,8,0,4,1,0,0,0,0,0,0,1,0,0,0,2,0,0,0,2,6,3,2,1,2,1,34,0,10,2,1,0,0,1,3,8,4,1,0,0,1,4,0,0,1,0,1,2,1,0,0,9,0,0,2,0,1,0,1,2,0,0,0,3,1,7,0,0,4,0,1,0,0,0,0,8,1,0,2,0,1,0,0,1,2,0,0,13,1,0,3,0,1,1,1,0,0,1,2,0,0,0,0,0,13,0,0,0,5,0,0,1,0,0,0,2,2,0,0,0,0,1,0,0,0,0,2,4,0,0,0,7,0,0,1,8,0,4,0,0,0,0,1,1,3,0,17,11,0,0,0,0,0,0,0,0,2,0,0,0,1,3,0,0,1,1,0,1,1,2,0,1,2,0,0,0,3,6,1,1,0,1,0,0,0,0,0,24,0,0,3,1,5,60,42,0,0,0,0,8,2,0,0,4,0,0,3,0,1,2,1,3,0,6,9,1,0,1,0,0,0,0,22,4,0,2,0,5,0,0,0,0,1,0,2,0,0,0,0,0,0,0,0,0,0,2,0
4,1,3,0,3,0,0,0,0,3,8,0,3,2,2,0,0,0,0,2,0,0,0,2,5,3,0,0,2,2,3,0,0,1,0,0,0,0,1,5,3,0,0,1,4,4,1,0,1,1,1,2,0,0,0,2,1,0,0,0,5,1,0,2,0,2,0,0,1,1,0,0,2,2,0,0,0,1,0,1,0,0,1,0,7,1,0,1,0,1,0,0,0,1,0,0,1,0,1,2,0,0,2,0,0,1,0,0,1,0,0,0,0,0,0,0,0,0,0,9,1,2,1,0,2,0,0,7,0,0,0,0,0,0,0,4,7,3,0,1,1,0,1,3,1,5,3,0,0,0,1,1,0,0,2,1,0,1,0,0,1,0,0,0,0,1,0,2,0,0,3,0,2,2,0,0,1,1,1,0,0,2,0,1,0,3,3,0,1,1,0,1,1,2,0,0,12,0,0,6,0,0,46,36,1,0,0,2,0,14,0,3,10,1,0,13,0,0,1,0,1,0,20,1,13,0,0,0,0,1,1,34,0,0,1,1,6,2,1,0,1,1,0,3,1,2,0,0,2,0,0,0,2,1,0,0
1,0,2,0,2,0,1,0,0,2,6,1,30,6,1,2,0,0,0,0,0,10,0,0,0,0,0,0,2,5,4,2,1,3,0,0,1,0,1,1,0,0,0,4,12,1,0,0,2,0,5,2,0,3,0,2,5,1,0,0,6,2,0,5,0,2,0,0,2,1,0,0,1,0,0,0,0,1,0,5,0,0,2,0,1,1,0,1,1,1,0,0,0,1,4,0,5,4,0,1,0,2,2,0,1,0,1,0,0,0,0,0,0,1,0,4,0,1,0,0,9,1,0,0,2,0,1,1,0,0,0,0,2,0,0,2,0,0,1,0,0,1,0,0,0,1,1,0,0,0,1,1,1,0,0,12,16,0,0,0,0,0,2,0,0,1,1,2,0,0,13,6,1,3,0,3,0,0,0,0,7,2,0,1,0,0,3,0,2,0,0,1,0,9,2,1,33,0,0,2,6,0,51,38,0,2,0,0,1,2,0,0,2,1,0,1,0,1,1,0,0,0,3,0,1,3,1,0,0,0,0,0,0,0,4,1,3,1,6,0,0,1,3,1,1,1,0,0,2,0,0,0,4,1,0,1
4,1,3,6,1,1,1,1,0,0,12,4,0,2,0,0,1,0,0,0,0,2,1,0,0,1,0,5,2,2,3,7,0,4,0,21,5,1,0,3,7,0,0,1,2,6,0,0,0,0,4,2,0,0,0,1,0,0,0,1,4,1,0,23,0,6,3,0,1,2,0,1,1,1,0,0,0,3,0,1,1,3,2,1,2,1,0,1,0,1,0,0,0,1,0,0,1,0,0,0,0,3,1,1,1,0,0,2,0,0,0,0,0,2,0,1,0,0,0,0,6,1,0,3,4,0,0,1,0,0,4,1,0,1,0,1,0,2,17,0,0,1,0,2,0,4,3,0,0,4,0,0,0,1,1,5,4,0,0,0,1,1,1,0,0,1,0,0,1,0,2,0,2,1,1,3,1,0,0,0,0,3,0,1,0,10,7,1,2,0,0,1,1,2,1,0,15,0,0,4,0,3,46,40,1,1,0,0,1,0,0,0,5,1,0,1,0,1,1,0,0,0,21,7,1,0,0,0,0,0,0,27,5,1,0,3,5,0,1,0,0,1,0,1,1,3,0,0,0,0,0,0,5,0,2,0
1,9,1,3,2,1,2,3,0,14,1,0,0,0,0,9,0,0,0,9,0,0,0,0,0,0,0,0,1,0,1,1,6,1,2,2,1,0,0,1,0,0,0,1,0,0,1,0,2,0,0,5,0,1,1,4,1,2,1,0,1,1,0,2,1,2,0,0,0,0,0,0,1,0,0,0,17,3,2,0,0,0,2,0,0,1,0,3,3,1,0,0,1,1,0,0,1,0,0,1,0,0,0,1,2,8,0,4,0,0,9,0,3,14,26,0,1,6,0,4,0,28,0,0,1,0,0,7,0,2,0,0,0,3,0,4,0,0,3,0,1,1,0,1,0,1,5,0,1,8,4,0,1,16,0,0,5,2,1,3,0,0,1,2,1,6,1,1,0,0,1,1,1,1,3,0,1,0,0,0,1,2,5,1,0,0,1,4,1,3,2,1,3,0,1,0,0,1,2,2,3,0,2,2,2,0,0,0,0,6,3,12,5,4,0,1,1,1,3,0,2,0,3,1,0,2,2,2,4,0,4,0,0,11,1,3,0,0,0,2,0,2,0,1,0,1,0,0,1,0,0,6,1,0,2,0
2,0,0,6,0,3,0,0,0,3,5,1,3,0,0,3,0,0,1,8,0,0,0,0,1,6,0,8,4,2,4,2,0,2,3,0,1,0,0,15,6,0,1,1,7,4,0,3,0,0,1,1,0,0,0,0,0,1,0,0,16,1,2,41,0,1,0,0,2,1,0,0,1,0,0,0,1,3,0,4,1,0,0,0,1,1,0,1,0,1,0,0,0,1,0,0,0,0,2,0,0,1,1,0,0,0,0,0,0,3,0,1,0,0,2,0,0,1,0,10,0,0,0,0,1,0,1,3,0,0,3,0,0,0,0,1,0,0,0,0,0,0,0,0,0,0,4,0,0,1,0,2,0,0,0,1,4,0,0,0,1,1,0,0,0,1,1,2,3,1,2,0,0,2,0,2,0,0,1,0,0,2,1,1,0,5,4,0,1,0,0,1,0,0,0,0,6,0,0,1,0,0,52,31,0,2,0,0,0,8,0,0,5,1,0,3,0,0,1,0,0,0,13,31,0,0,0,0,0,1,0,29,0,0,5,2,5,0,1,0,1,2,0,1,0,5,1,0,1,0,0,0,2,1,0,0
0,0,0,0,0,0,0,0,1,1,0,11,6,0,0,0,0,5,3,0,0,0,0,0,1,0,0,0,1,0,6,5,10,2,0,1,0,1,0,1,2,2,5,3,5,3,0,0,2,0,2,0,0,0,1,2,0,2,0,0,2,0,0,1,6,0,0,0,8,0,3,2,7,3,1,0,0,1,1,4,0,1,1,2,1,0,0,3,7,0,10,0,1,4,0,0,1,1,2,1,0,0,0,0,0,0,2,0,2,0,0,2,0,1,0,0,0,0,1,1,0,0,4,0,0,2,0,0,0,1,3,0,0,0,0,5,0,0,0,2,6,5,5,1,0,7,1,1,3,0,2,0,4,1,0,0,3,2,2,0,1,1,1,0,33,1,7,8,2,2,1,0,0,9,0,3,1,1,3,0,0,1,0,8,0,1,4,0,0,0,42,1,0,1,3,0,1,0,0,1,1,0,2,4,0,0,3,0,8,0,0,0,0,0,0,0,0,0,2,0,0,0,0,2,1,5,2,1,0,8,2,0,0,2,0,0,0,0,0,0,0,0,9,0,4,0,0,0,1,3,9,7,0,0,0,0
0,0,0,2,0,1,1,1,0,20,3,1,2,0,0,10,0,1,0,0,3,0,0,3,0,0,3,0,0,0,5,2,1,0,0,0,3,0,0,1,0,0,1,0,2,1,1,0,0,2,3,3,0,0,0,0,0,1,0,8,0,1,2,2,1,2,0,0,0,0,0,0,1,0,0,0,15,0,2,0,0,0,1,1,1,3,1,0,2,4,0,0,0,0,2,0,1,0,0,9,0,7,0,1,0,5,0,1,0,0,27,1,3,27,15,19,0,11,0,0,0,3,0,0,1,1,0,2,0,0,0,0,0,7,1,0,0,0,8,0,2,0,0,2,0,3,28,0,0,7,3,4,0,4,0,0,0,0,1,2,2,0,0,0,0,4,0,7,5,1,2,3,3,0,6,0,1,0,0,0,0,2,8,2,1,1,4,1,2,2,1,4,5,0,0,0,0,2,1,0,2,0,3,0,0,0,1,1,0,0,0,2,6,0,1,1,1,1,2,0,0,0,1,0,0,1,0,0,0,0,1,0,0,0,0,2,0,0,0,1,0,2,0,2,0,4,0,0,1,0,0,1,0,0,1,0
3,3,0,8,1,0,1,0,1,0,14,0,0,0,0,0,0,0,0,1,0,0,1,0,0,0,0,0,2,1,10,0,0,2,0,0,1,0,3,0,4,0,1,2,0,5,0,0,0,0,5,1,0,0,0,0,0,1,0,0,5,0,0,5,0,2,0,0,0,0,0,0,2,0,1,1,0,3,0,0,1,0,1,0,1,2,0,1,0,1,0,0,0,1,0,0,1,4,6,1,0,0,0,0,1,0,0,0,0,0,0,0,0,3,0,0,0,1,1,0,3,1,0,0,2,0,1,1,0,0,4,0,0,0,1,1,0,0,3,0,2,1,0,0,0,2,2,0,0,0,0,0,0,0,0,4,11,0,0,0,1,0,1,1,0,1,0,4,8,0,2,0,0,1,1,12,0,0,29,0,1,2,0,0,0,10,3,0,0,0,1,2,2,3,0,0,5,0,0,13,0,0,47,38,0,0,0,0,0,10,0,0,4,0,0,0,0,1,1,1,0,0,11,5,0,2,3,0,0,0,0,21,0,0,7,2,10,1,4,0,3,2,0,1,4,2,0,0,1,1,0,0,0,0,6,2
1,0,1,1,1,3,0,4,1,33,0,1,0,0,3,17,0,2,0,1,0,0,1,2,0,0,0,0,1,0,0,1,6,0,0,0,13,0,0,0,0,3,0,2,3,0,0,0,0,0,0,7,0,1,0,2,2,8,0,1,1,1,0,7,1,2,0,0,0,1,0,0,1,0,0,0,8,2,0,2,0,6,3,0,2,3,0,0,2,2,0,0,0,7,0,0,2,0,0,0,0,0,0,2,3,2,0,5,0,0,4,8,0,24,1,2,0,5,0,0,0,4,1,1,3,0,1,5,0,1,0,0,0,0,2,2,0,0,0,0,0,1,2,3,2,0,15,1,1,2,0,7,0,7,0,0,1,0,0,0,1,0,0,1,0,1,0,1,0,1,2,0,1,3,10,0,1,0,0,0,3,1,26,1,0,1,0,2,1,8,0,2,1,0,1,0,0,2,3,0,3,0,0,0,0,4,0,5,0,0,2,0,6,2,1,2,1,0,0,0,0,0,2,2,0,1,0,0,4,0,2,0,0,0,1,6,0,0,1,0,0,3,1,2,0,3,1,8,1,0,0,0,0,0,1,0
0,0,6,0,2,0,16,0,0,3,4,0,0,1,3,0,1,0,0,0,0,1,0,0,34,0,0,0,1,6,3,1,0,1,0,0,2,0,0,0,0,0,2,1,4,4,1,2,0,0,9,1,1,3,0,0,1,2,0,3,3,1,0,2,0,1,2,0,0,1,3,4,1,1,3,0,0,1,0,6,0,0,1,0,3,0,0,1,0,3,0,0,0,1,0,0,4,0,0,5,0,2,6,1,1,0,0,2,0,0,0,0,0,8,0,0,0,3,2,0,9,1,0,0,1,0,4,3,2,0,0,0,0,0,0,3,0,0,0,1,0,4,0,0,0,1,1,0,0,0,0,0,0,0,0,0,0,0,0,0,1,0,0,1,0,1,0,1,3,1,2,0,2,2,0,1,2,0,0,0,0,2,1,1,0,6,1,0,1,0,0,1,0,0,1,1,13,0,0,3,0,10,42,32,0,0,1,0,0,1,0,1,9,0,0,0,0,1,2,3,0,0,11,22,0,5,0,0,0,2,0,0,1,0,0,3,9,0,0,1,0,2,0,2,1,1,3,0,1,0,0,0,0,2,3,0
6,3,0,0,1,0,1,0,0,0,10,0,0,2,0,0,0,0,0,1,1,0,0,0,0,0,0,0,4,1,4,1,0,2,3,0,3,0,0,3,4,0,0,2,2,3,2,1,0,0,7,0,2,0,0,0,1,1,0,0,4,0,0,5,0,1,0,0,1,0,0,0,2,0,0,0,0,2,0,1,1,0,1,0,0,0,0,2,0,0,0,0,0,2,0,0,15,2,0,0,0,4,1,0,1,1,0,0,0,0,0,0,0,8,0,0,0,6,0,1,7,26,0,3,3,0,0,0,2,0,0,0,0,0,0,3,0,0,0,0,2,0,0,0,0,0,2,0,0,0,0,0,2,1,1,7,5,0,0,1,0,0,0,0,0,2,0,4,15,0,1,0,0,1,0,4,1,2,0,0,0,2,0,0,1,6,6,0,1,0,0,0,0,6,2,1,18,0,0,2,0,1,44,27,0,0,0,0,0,5,0,0,6,0,0,5,0,0,4,0,0,1,7,31,0,4,1,0,1,2,0,0,0,0,2,0,2,1,0,0,1,0,0,0,2,2,1,0,0,0,0,0,1,1,0,0
1,0,0,1,4,1,2,7,10,26,2,0,0,0,0,14,5,1,0,0,1,0,0,0,0,0,0,1,1,1,2,1,0,1,0,0,5,0,0,0,0,0,0,1,1,0,0,1,1,0,0,5,0,0,1,3,0,3,0,2,1,1,1,2,1,1,0,0,2,2,0,0,1,0,0,0,10,2,0,0,2,1,8,0,1,2,0,1,0,5,0,0,0,1,0,0,0,3,0,0,0,0,1,1,0,3,0,0,0,0,7,2,1,25,13,0,0,3,4,0,1,3,0,1,3,1,0,2,2,1,8,0,0,0,0,1,0,0,0,2,0,2,3,2,1,2,31,0,0,9,2,3,0,14,0,0,1,7,1,11,0,0,1,1,0,3,0,4,0,1,1,0,1,0,0,0,0,0,0,1,0,2,0,1,0,2,0,0,1,1,0,1,2,0,0,0,3,1,0,1,1,0,0,2,0,0,1,0,1,0,1,0,5,2,4,0,1,0,5,1,0,0,1,2,0,2,0,0,0,0,5,0,0,0,0,4,0,0,0,0,2,1,0,1,0,27,0,3,1,0,0,1,0,0,1,2
1,0,0,1,5,0,1,0,5,5,11,1,1,0,2,5,0,1,0,1,0,0,3,0,0,0,6,0,2,2,6,8,17,2,0,0,3,2,0,4,2,1,0,1,5,9,0,2,0,2,14,1,6,0,0,0,1,2,0,0,3,2,0,2,0,2,1,2,1,0,0,0,1,0,0,1,0,1,0,5,0,0,0,0,0,3,0,1,2,1,0,0,0,1,1,0,1,0,0,0,0,0,2,0,0,0,0,0,0,0,0,0,0,2,1,0,0,1,1,1,5,1,0,10,2,0,1,4,1,0,0,0,0,1,1,3,0,0,1,0,0,2,2,1,0,0,2,0,1,0,0,0,2,0,0,0,2,1,0,0,3,2,0,2,4,1,0,2,5,1,9,0,7,3,0,0,1,2,7,0,0,2,0,2,0,11,11,0,2,0,1,2,0,0,0,0,16,0,1,1,0,0,30,27,2,0,0,3,0,2,0,1,12,0,0,1,0,2,2,5,1,0,7,0,5,0,0,0,0,1,0,0,7,0,13,8,6,2,0,1,2,3,1,3,1,1,0,1,1,2,0,0,2,3,1,0
0,1,1,2,5,0,0,0,1,1,2,0,1,0,1,0,0,0,0,0,0,0,1,1,2,0,0,0,3,2,4,1,0,1,4,0,3,1,0,0,10,0,0,3,2,2,3,0,0,0,4,1,1,0,0,7,5,0,0,0,4,1,0,13,0,2,2,0,2,0,0,2,2,0,1,0,0,1,0,4,0,1,0,0,4,0,0,1,3,3,0,0,1,1,0,1,4,0,3,3,0,0,1,1,0,0,0,4,0,0,0,0,1,3,0,0,0,0,0,6,0,2,0,0,1,2,0,2,0,0,1,0,0,0,1,1,5,0,0,1,2,0,0,0,0,2,5,0,0,0,5,0,1,1,0,0,5,0,2,1,0,0,0,0,0,1,0,0,14,1,1,0,2,2,0,4,0,0,0,0,7,2,0,1,0,3,1,0,1,0,2,1,0,1,1,0,5,1,0,2,0,2,49,45,4,0,0,0,1,5,0,0,12,2,1,1,0,0,3,1,6,0,5,21,1,3,1,0,1,7,1,0,0,0,4,2,3,1,0,0,0,2,2,3,0,6,5,1,1,0,0,1,1,0,0,0
1,0,0,2,0,1,1,1,4,16,1,0,0,0,1,9,0,0,0,0,0,1,0,0,1,0,0,0,2,1,4,0,0,1,0,2,1,0,0,0,2,0,1,1,3,5,0,1,0,0,1,2,0,0,0,0,0,1,2,5,2,0,0,2,0,3,2,0,0,0,0,0,2,0,1,0,6,2,5,0,0,3,0,1,4,2,0,1,0,1,0,1,0,8,0,0,2,0,0,0,0,0,1,0,0,6,0,3,0,4,15,0,0,26,8,3,0,4,1,0,1,1,0,2,2,0,1,3,5,0,5,2,0,1,1,1,0,0,3,2,0,1,0,1,3,1,7,0,3,0,0,11,0,4,0,2,8,11,0,0,1,0,0,2,0,3,0,5,1,0,4,0,3,0,2,0,14,0,0,0,0,2,3,1,0,0,0,0,1,0,1,2,0,0,1,0,14,0,0,3,2,0,37,2,5,1,0,0,0,3,0,0,8,1,0,0,0,0,1,1,0,0,6,5,0,0,0,0,1,0,2,1,0,0,0,1,3,0,0,1,0,1,0,1,0,1,0,9,1,0,1,3,0,4,0,0
4,0,0,1,1,5,0,2,4,38,1,1,0,1,0,28,2,0,0,3,0,0,5,0,0,0,0,0,1,0,2,0,3,1,0,0,6,0,0,0,0,8,4,2,11,0,0,0,1,2,1,4,0,0,0,8,2,2,2,0,1,1,1,3,0,2,14,0,0,0,0,0,1,0,5,0,9,1,2,1,0,13,1,0,0,2,0,2,0,2,0,3,0,2,0,1,0,0,0,0,0,0,0,0,1,8,0,7,0,0,3,1,2,15,11,0,0,6,2,0,1,2,0,0,1,0,0,4,2,1,0,0,0,5,19,2,0,1,0,0,0,0,4,3,5,1,6,0,0,0,0,1,0,16,0,1,0,16,0,1,0,0,0,1,0,5,0,1,0,0,1,0,0,0,5,1,3,0,0,1,0,2,4,1,0,4,1,0,1,1,2,1,4,0,0,0,0,1,0,1,1,0,1,1,0,10,0,1,0,0,0,0,0,5,1,0,0,0,1,0,0,0,0,0,0,3,0,0,1,0,1,2,0,1,0,2,0,0,0,0,0,1,0,1,0,1,0,0,1,0,0,0,0,0,1,0
1,0,0,0,2,4,0,0,0,2,0,3,0,0,0,4,1,3,0,0,5,0,0,1,5,1,3,4,0,0,0,1,1,1,0,0,4,1,0,14,0,0,1,15,6,1,0,2,1,2,0,2,0,0,7,2,1,3,0,32,0,1,2,1,0,1,1,0,0,0,1,0,0,0,0,1,1,0,0,0,0,0,3,1,1,0,6,0,18,1,0,27,0,0,28,0,0,0,1,0,0,0,0,3,0,4,0,0,0,0,7,4,4,2,1,24,0,1,6,0,2,1,0,0,1,1,0,1,0,0,0,0,0,2,0,0,1,0,0,0,0,0,1,0,1,1,2,0,0,0,0,1,0,0,0,0,0,0,1,0,0,0,0,6,0,0,0,0,0,1,1,0,0,1,0,0,1,0,0,0,0,3,0,2,0,0,6,3,1,0,1,1,2,0,4,0,3,1,21,1,0,0,14,0,3,1,0,0,0,1,0,0,2,0,0,1,1,0,2,0,0,0,0,0,0,0,0,8,0,0,0,1,0,0,0,1,0,0,0,1,0,3,0,1,0,2,0,0,1,9,2,0,0,0,0,0
0,0,0,7,4,3,5,0,0,1,5,0,0,3,0,2,0,0,0,0,3,1,2,0,0,0,1,2,1,2,3,1,0,1,0,0,0,1,0,2,0,0,0,1,3,2,0,0,0,0,2,1,4,0,2,1,0,0,0,1,7,1,0,3,1,2,0,2,3,0,0,0,2,0,0,1,0,2,0,1,0,0,0,0,0,2,0,1,0,1,0,0,0,1,1,0,3,0,0,0,0,0,1,0,0,0,0,1,0,1,0,0,0,1,0,0,0,1,0,0,2,0,0,0,1,0,0,5,0,0,2,0,1,2,0,1,1,0,0,1,3,2,0,0,10,0,2,0,0,0,0,0,0,1,0,3,7,0,3,0,0,0,0,0,0,1,1,1,8,0,1,0,0,1,0,5,0,0,1,0,1,3,0,4,0,3,1,0,1,0,1,1,0,1,5,0,4,9,0,1,0,0,47,36,0,6,0,6,0,0,0,1,8,0,0,0,0,0,3,0,0,0,6,26,1,1,0,0,2,6,0,26,2,0,5,1,8,1,1,0,0,1,0,1,0,1,1,0,2,0,0,1,2,4,0,11
1,2,0,1,0,5,0,0,2,40,2,0,0,1,0,7,2,0,0,0,0,0,0,4,1,0,3,0,2,0,3,1,2,0,0,1,0,0,0,0,0,0,0,0,7,1,0,0,1,4,0,4,0,0,0,0,0,2,1,8,0,2,1,3,0,2,0,0,0,1,0,0,2,0,2,0,2,0,0,0,0,0,1,0,3,2,1,0,1,2,0,1,0,7,1,0,3,2,0,0,0,0,1,1,1,12,0,5,0,0,9,7,0,41,10,0,0,4,0,0,1,4,0,1,1,3,1,3,0,0,0,0,0,6,3,1,0,0,2,3,1,11,3,0,4,0,37,0,6,6,0,9,0,10,0,0,0,1,0,1,0,0,0,0,0,4,0,2,1,0,2,1,0,1,0,0,0,1,0,1,0,2,2,2,0,1,0,0,5,3,0,2,5,0,0,1,0,5,0,0,3,0,0,2,0,2,1,0,0,0,0,0,7,0,0,0,0,0,0,0,1,0,1,0,0,0,0,0,1,0,1,0,0,3,0,2,0,0,2,0,0,2,0,2,0,3,0,3,3,0,1,0,0,0,0,3
1,1,3,2,6,5,0,0,0,0,7,0,0,0,5,3,1,0,0,2,1,0,4,0,0,0,0,4,2,1,4,1,0,2,0,0,1,0,0,4,0,0,0,5,3,3,2,1,0,0,3,1,1,2,0,2,0,1,0,1,5,0,0,8,0,3,0,1,0,0,0,1,3,0,5,4,0,5,0,1,0,0,0,0,1,1,0,1,0,1,0,0,0,1,0,0,3,0,1,0,2,0,1,0,1,0,0,4,0,2,0,1,0,2,0,0,0,1,0,2,0,0,0,0,2,1,3,2,0,1,4,0,0,0,0,1,3,0,0,0,10,1,0,0,1,0,1,0,1,0,1,1,1,0,0,3,9,0,0,0,0,0,0,0,1,2,0,0,2,0,1,1,0,0,1,6,1,2,0,0,0,2,0,0,0,6,3,0,1,0,0,1,0,1,0,0,9,5,0,3,0,1,45,38,0,0,0,0,0,2,0,4,3,5,0,1,0,0,2,2,0,0,11,7,0,1,1,0,0,2,0,34,0,0,9,2,6,0,1,1,2,1,0,0,1,5,0,3,1,0,0,0,9,0,0,0
6,3,1,1,1,3,0,0,0,1,0,1,1,1,0,3,1,1,0,0,9,2,0,2,4,0,3,20,1,0,1,0,1,6,0,1,3,5,2,1,0,0,0,7,5,0,0,1,2,0,6,2,1,5,3,3,1,0,1,10,3,0,0,2,0,2,0,1,0,0,0,0,1,0,1,3,2,5,0,4,1,2,3,0,1,0,1,2,6,1,0,2,0,1,28,2,0,4,0,0,1,1,3,1,0,0,0,0,1,1,1,1,0,0,2,9,1,1,2,0,0,1,0,0,0,0,0,0,0,0,0,1,0,6,0,1,0,0,0,0,0,0,1,0,1,0,0,0,1,0,0,2,0,6,0,0,0,0,2,1,4,0,0,3,0,1,0,1,0,0,1,0,0,1,2,0,2,0,1,0,2,2,0,0,0,0,4,0,0,4,1,0,1,3,1,0,8,1,14,5,0,2,26,0,6,4,0,8,0,1,2,0,3,0,1,0,1,2,1,2,0,1,0,0,3,3,0,3,0,0,0,4,1,0,0,0,0,1,0,0,4,1,0,0,0,7,0,0,0,5,0,0,1,1,1,1
0,3,1,1,2,0,1,0,0,0,7,0,20,4,0,0,0,0,2,1,0,0,1,1,0,0,2,0,3,1,2,0,0,2,1,1,12,0,3,32,1,24,0,2,12,2,0,4,0,0,0,0,3,1,0,0,0,0,1,0,6,1,0,2,0,0,1,1,0,0,0,0,2,2,1,1,0,2,12,1,0,0,1,0,1,0,0,2,1,0,0,0,0,2,0,1,1,0,0,6,0,0,2,0,0,1,0,0,1,1,0,0,0,1,0,0,0,1,0,1,0,0,0,0,3,0,0,1,0,0,2,0,0,0,0,5,0,0,0,10,0,7,0,0,0,0,2,0,2,1,0,1,1,0,0,0,1,1,0,0,0,0,6,0,0,2,0,0,0,0,5,2,1,1,0,0,0,0,1,0,0,3,0,1,6,4,6,0,1,0,3,0,0,0,1,1,4,0,0,2,1,1,6,18,1,1,0,0,0,2,0,0,3,0,0,0,0,2,6,1,0,0,2,0,0,2,2,0,0,1,9,0,4,0,9,0,10,0,3,0,0,0,0,0,0,1,3,0,0,0,0,0,0,1,0,0
0,0,1,1,5,1,0,0,1,8,0,1,0,0,1,6,0,0,3,0,0,10,4,9,0,0,3,2,2,4,5,4,0,1,1,0,0,0,0,0,0,0,0,1,3,1,3,2,1,10,3,1,2,1,0,0,1,1,2,1,1,0,0,2,0,1,1,0,1,9,17,0,2,0,0,0,4,7,0,0,2,5,0,0,1,2,2,1,5,0,0,0,5,1,0,1,0,0,0,3,0,2,0,2,16,1,0,0,0,0,15,7,0,0,7,1,0,0,1,1,0,2,2,0,1,0,1,7,1,0,0,0,0,0,0,0,5,0,1,3,4,0,0,1,4,0,10,0,2,0,0,4,0,6,0,2,3,1,0,2,0,0,0,2,0,13,3,4,0,0,3,0,0,0,22,1,0,1,0,0,0,6,4,0,0,1,0,0,0,1,0,2,0,0,0,0,1,0,0,3,0,0,2,3,3,0,0,0,0,0,0,0,1,0,1,0,2,0,1,1,0,0,1,1,0,1,0,0,3,0,0,2,3,1,0,1,0,0,0,1,2,0,1,6,0,1,4,5,22,0,0,2,0,3,0,5
1,0,1,1,1,2,0,0,4,34,6,2,0,0,1,5,3,0,0,0,0,1,4,0,2,0,0,0,0,0,1,3,0,0,0,2,1,0,0,0,0,0,0,0,1,0,0,0,1,28,2,4,0,0,0,0,0,4,1,14,0,2,0,3,0,2,4,0,0,1,0,0,0,0,1,0,3,0,1,0,0,1,0,0,1,1,1,1,1,3,0,1,3,3,0,0,0,0,0,4,0,0,1,1,2,3,0,2,0,0,24,2,0,43,12,4,1,7,1,0,0,2,0,0,1,1,1,4,0,0,1,0,0,2,0,1,0,1,0,0,3,4,0,0,0,0,10,0,1,2,0,11,0,4,0,0,1,7,0,2,1,0,2,0,0,2,1,25,4,0,3,0,0,0,2,0,1,3,0,1,0,3,0,2,0,0,0,0,2,1,1,7,2,0,2,0,0,4,0,0,2,0,0,0,0,1,0,0,0,0,1,0,0,0,0,0,0,0,0,0,2,0,1,0,0,1,0,2,0,0,1,1,0,0,0,3,0,0,2,0,0,2,0,2,0,2,0,1,1,0,0,1,0,0,0,0
9,0,0,1,1,2,0,0,1,3,1,0,13,0,0,6,0,0,1,0,1,1,0,0,2,0,0,1,1,1,2,2,0,1,0,0,1,3,0,1,0,0,1,1,0,5,0,0,0,0,4,2,2,2,0,0,0,1,0,1,1,1,0,2,0,2,0,1,1,0,0,0,2,2,3,1,1,3,3,0,0,1,1,0,1,4,2,0,1,1,0,0,0,1,1,0,8,1,1,0,0,0,0,1,1,1,0,1,0,0,1,1,0,8,2,0,0,1,1,6,3,3,0,0,1,1,0,4,0,0,1,0,2,2,0,0,3,3,0,0,1,1,0,0,2,1,3,0,0,0,1,6,1,1,0,7,21,6,0,4,1,0,1,1,3,1,1,4,0,0,5,9,0,1,2,0,4,2,0,0,3,2,1,1,0,0,1,1,1,1,2,1,1,4,0,0,12,1,1,1,0,0,42,35,0,0,0,0,0,0,1,1,2,0,1,0,0,0,0,1,0,1,8,0,2,0,4,1,3,1,3,2,0,0,1,1,5,0,0,0,0,2,2,1,1,2,0,1,3,0,0,3,0,0,2,1
1,0,0,0,1,7,0,0,1,2,0,4,1,0,0,4,2,1,0,0,6,1,0,0,2,0,8,0,4,0,0,0,0,0,0,0,6,0,0,0,0,1,0,0,8,0,0,0,2,31,1,2,0,0,0,1,0,0,0,27,0,6,0,2,0,5,0,0,1,0,0,0,2,0,0,2,1,3,9,0,0,1,2,0,1,1,1,0,6,1,0,5,0,0,27,3,1,0,0,0,0,0,0,1,4,2,0,0,0,2,1,10,0,0,0,27,0,0,9,0,6,2,0,0,0,3,0,1,0,0,0,1,0,8,0,0,0,0,0,0,0,0,0,1,0,0,0,0,1,0,3,1,2,6,0,0,0,0,1,1,1,0,0,1,0,0,0,1,1,0,2,0,0,1,0,0,4,1,0,0,0,3,1,3,1,1,12,0,1,0,1,1,2,2,0,0,2,0,0,1,0,1,12,0,2,0,0,0,1,0,5,1,0,0,2,0,1,0,0,6,0,0,0,0,2,0,0,0,0,0,0,0,0,0,1,2,0,0,1,0,6,1,1,1,0,1,0,0,0,4,0,0,0,1,0,0
1,0,0,1,2,3,0,0,6,28,1,4,1,0,1,2,1,1,0,0,0,0,0,2,0,0,0,0,0,2,0,0,1,0,0,2,4,0,0,1,0,1,0,1,0,1,0,0,1,1,0,7,1,0,0,0,1,10,0,14,0,2,2,4,1,2,0,0,0,0,0,0,0,0,1,0,5,0,0,1,0,0,3,0,4,1,0,0,0,2,0,2,0,1,0,0,0,0,0,36,0,1,0,2,0,9,0,0,0,0,39,0,0,42,4,0,2,3,1,0,0,3,0,0,1,1,0,2,0,0,0,0,0,1,0,0,0,0,0,0,0,2,0,2,1,0,26,0,0,2,1,6,1,2,0,0,0,0,0,0,0,0,0,2,0,2,0,5,3,0,2,0,2,0,0,0,8,0,0,0,1,2,3,2,0,2,0,0,2,2,3,2,4,0,0,0,0,2,0,1,2,0,0,0,2,0,0,0,0,0,0,0,1,0,0,0,0,0,4,0,0,0,0,1,0,0,1,0,1,0,2,1,0,0,0,3,0,0,0,0,0,2,1,2,0,4,2,0,2,0,0,1,0,1,0,2
2,0,0,0,3,2,1,0,4,5,0,5,0,0,6,3,0,1,0,1,1,3,0,1,6,0,1,0,2,0,1,0,0,1,0,0,7,1,0,0,0,2,1,1,5,0,0,1,2,4,1,1,0,0,0,0,1,0,0,36,0,1,0,1,0,2,1,0,0,3,0,0,0,0,3,0,0,4,2,2,0,1,2,0,2,4,0,1,1,1,0,8,5,2,12,0,0,0,0,0,0,2,2,1,0,1,0,2,0,0,3,21,0,5,2,29,0,0,1,2,1,6,2,3,0,1,0,2,1,3,0,0,0,6,0,0,4,0,1,1,1,1,0,0,0,1,2,0,1,2,2,8,0,0,0,0,0,0,1,2,0,0,0,2,0,0,1,1,0,1,2,0,1,0,0,0,4,0,0,1,0,2,0,1,1,0,12,0,3,0,1,1,4,2,0,0,3,2,17,3,0,0,12,0,1,2,0,0,4,0,0,0,2,0,1,1,0,0,0,0,1,3,0,0,1,0,2,1,0,0,0,5,0,0,0,1,0,0,1,0,1,2,0,1,0,2,0,0,2,2,0,0,1,0,0,1
2,0,1,1,1,4,1,4,2,18,4,5,0,1,1,7,1,0,0,0,4,2,0,2,0,0,2,6,1,2,1,0,10,0,0,0,4,0,0,0,0,0,0,1,1,1,3,0,0,17,1,2,0,1,0,4,0,2,0,2,1,0,0,1,0,2,0,0,0,2,0,0,0,1,3,0,8,2,1,0,0,0,2,0,0,4,0,0,1,0,0,0,0,1,0,0,4,0,2,1,2,2,0,0,2,0,0,3,1,0,17,1,4,18,6,0,3,11,0,4,0,3,0,0,3,0,1,8,0,1,0,0,0,2,1,0,0,0,0,2,2,1,0,1,0,2,10,1,0,1,0,1,0,16,0,0,4,0,0,0,0,0,0,2,0,4,0,6,3,4,1,0,0,1,2,0,1,1,2,0,1,1,0,2,0,2,0,0,0,1,0,2,0,0,1,0,0,1,2,0,1,1,19,0,0,1,1,1,0,2,0,0,0,1,0,0,0,0,0,0,0,0,8,0,0,2,0,0,2,0,2,5,0,0,4,2,0,1,0,0,0,1,0,2,0,2,0,0,2,0,0,0,0,0,0,0
4,0,0,0,2,1,1,0,0,0,1,1,0,1,1,0,0,0,1,0,0,0,0,0,1,0,0,0,2,2,2,0,0,2,0,0,0,0,0,1,7,0,0,2,0,2,0,3,0,5,1,1,3,2,0,1,0,0,0,0,11,0,0,2,0,3,3,0,0,0,0,1,3,0,2,1,0,8,0,1,0,0,0,0,0,16,0,3,1,1,0,0,0,0,0,0,0,0,4,0,0,0,1,0,0,1,0,1,0,0,5,0,0,0,4,0,1,4,1,2,0,14,0,2,2,1,0,0,0,0,5,0,0,1,0,1,0,0,1,0,0,1,0,0,0,3,2,0,0,0,0,0,0,0,0,3,0,0,0,0,1,3,2,0,3,2,1,2,9,0,1,0,0,1,2,0,0,2,2,0,4,2,0,0,1,1,2,1,0,4,0,0,0,2,0,0,3,0,0,9,0,0,40,32,0,5,0,0,1,3,0,0,0,1,0,4,0,0,2,0,0,0,1,18,1,5,0,0,1,1,0,0,2,0,1,0,6,2,0,0,2,0,1,0,0,4,0,0,1,0,0,0,3,2,18,1
0,4,0,1,1,0,2,0,1,2,6,2,0,1,1,0,1,0,0,0,0,0,0,0,0,4,0,0,2,1,5,0,0,1,0,0,2,0,1,2,2,0,0,2,0,4,0,1,0,0,3,1,2,0,0,1,5,1,0,0,6,1,1,5,0,1,0,1,0,0,0,0,2,0,4,2,1,3,0,2,0,0,0,1,0,2,0,1,1,3,0,0,0,1,1,0,1,0,0,0,0,0,1,0,1,0,0,1,0,0,0,0,0,0,1,0,0,0,0,5,2,9,0,0,3,0,3,3,0,0,0,0,0,1,0,4,0,0,0,4,0,2,0,1,2,3,1,0,0,0,2,0,0,0,0,6,5,1,0,0,1,0,0,0,0,1,0,1,5,0,1,0,0,0,0,13,0,1,0,0,0,2,0,4,0,9,5,0,1,0,2,1,2,2,2,0,7,0,1,1,2,0,35,13,0,1,0,0,0,1,0,0,5,0,0,0,0,5,1,1,0,0,13,25,1,2,0,0,1,6,0,24,1,0,2,2,8,0,4,1,1,2,0,1,3,4,2,0,0,0,0,0,0,0,0,0
4,2,0,3,3,2,1,0,1,18,1,0,2,1,0,0,0,0,0,3,0,0,0,0,0,0,1,0,2,2,2,0,0,1,0,0,2,0,0,0,0,3,0,1,3,0,0,1,0,0,1,1,0,0,0,1,0,0,0,1,3,0,0,2,0,5,5,0,0,0,0,0,1,1,1,0,1,1,1,0,0,20,1,0,2,3,0,2,1,1,0,0,0,8,2,0,1,1,0,4,0,0,1,3,0,2,0,2,0,0,10,0,0,24,12,0,3,2,0,1,0,2,0,0,2,1,0,2,0,0,6,0,0,1,0,1,0,1,0,0,2,1,0,0,3,1,12,0,0,0,2,10,2,2,0,1,2,0,0,12,6,0,8,0,0,4,0,0,1,0,4,1,2,0,3,1,0,0,0,0,0,2,17,1,0,0,1,3,0,2,0,16,1,0,0,0,4,3,1,2,3,1,31,3,0,0,0,1,1,3,0,0,2,0,1,1,2,0,1,0,1,0,2,0,0,0,0,0,2,2,0,0,0,0,0,2,1,0,1,0,0,2,0,1,0,1,0,0,1,0,1,0,0,0,0,2
1,1,0,1,1,0,4,0,0,1,1,0,1,1,0,1,0,0,0,0,1,0,0,0,0,0,0,0,2,2,2,2,0,1,0,0,0,0,0,0,5,0,0,1,1,1,0,0,0,0,1,1,0,2,0,0,0,0,0,0,1,3,1,2,0,3,0,0,0,1,0,0,1,1,0,1,1,3,0,1,0,0,0,0,3,0,0,1,0,4,0,0,0,1,0,0,2,0,1,0,0,4,1,1,0,0,1,0,0,0,1,0,0,1,0,0,0,1,1,6,4,13,0,0,3,0,0,2,0,0,0,0,0,1,0,4,0,0,1,0,0,1,0,2,0,3,1,0,0,0,0,0,0,1,0,0,1,0,0,0,0,0,0,0,0,1,0,0,10,0,1,1,6,2,0,11,1,0,2,0,1,2,0,2,0,6,4,0,1,0,2,1,1,3,1,0,10,0,0,2,0,1,37,34,0,0,0,0,0,2,0,0,5,0,1,1,0,1,1,1,0,0,2,29,1,2,0,0,0,0,0,33,0,0,10,2,6,0,0,0,7,1,0,1,2,2,2,0,1,0,0,0,0,0,0,0
3,1,0,1,2,3,0,1,6,41,1,2,1,5,0,11,0,0,0,1,0,5,0,3,0,0,0,0,0,1,5,0,1,0,0,0,0,0,0,0,0,0,0,0,2,1,0,0,0,0,2,4,0,0,0,0,1,7,0,2,0,2,0,2,0,2,0,0,0,1,0,0,0,0,0,1,8,2,0,0,0,1,2,0,1,1,0,0,0,2,0,0,0,0,1,0,1,1,0,8,0,1,0,0,1,12,0,2,0,0,3,4,4,15,7,0,0,7,1,0,2,8,0,1,1,0,0,2,0,1,0,0,0,1,0,2,0,0,0,1,0,0,1,2,0,0,28,0,0,9,0,11,0,5,0,0,0,0,0,12,2,0,0,0,0,1,2,10,2,0,2,0,0,0,1,0,0,0,0,0,0,3,1,2,0,0,0,1,2,1,0,2,8,1,0,0,0,5,2,0,1,0,0,0,0,3,1,0,0,0,1,0,15,1,0,0,0,0,5,2,1,0,2,2,0,1,3,0,1,0,5,0,0,0,0,2,0,0,0,0,0,2,0,2,0,2,0,0,2,0,0,0,0,0,1,4
0,0,2,1,3,2,0,0,1,18,0,1,1,0,0,3,1,0,0,1,0,8,0,5,1,0,2,0,1,0,4,3,1,1,1,0,6,0,0,0,0,0,0,2,1,0,0,0,0,0,0,2,0,0,0,3,1,0,2,9,1,0,0,2,1,1,1,1,1,0,0,0,1,1,0,0,4,1,0,0,0,0,4,0,0,2,0,1,0,0,0,2,0,3,13,0,0,0,0,5,0,0,0,4,1,5,0,1,1,0,18,0,0,28,7,11,1,7,2,0,1,5,0,0,1,1,1,3,0,0,0,0,0,2,7,2,0,0,3,0,2,2,2,3,2,0,26,0,0,2,2,1,1,12,7,0,0,0,0,1,0,0,0,0,0,3,0,3,5,0,1,1,0,0,5,0,3,0,1,0,0,2,0,1,0,0,4,2,0,2,0,1,2,2,0,0,0,8,2,1,2,1,7,3,0,0,0,1,0,1,0,0,14,0,0,2,0,0,1,0,2,0,1,0,0,0,1,0,7,0,0,0,0,0,0,1,1,1,0,1,0,1,0,1,0,1,0,5,1,0,0,0,0,0,3,1
0,1,0,1,2,2,1,1,0,26,1,0,0,0,0,4,2,0,0,1,0,0,2,1,2,0,1,0,1,0,2,1,1,1,0,0,0,0,0,0,0,0,0,1,2,0,0,2,0,0,0,3,0,0,1,0,0,2,1,10,1,1,0,3,0,1,0,0,0,1,0,0,1,0,0,0,16,1,2,0,0,2,1,0,1,6,0,1,2,5,0,1,0,0,1,0,1,2,0,1,3,1,0,1,1,4,0,1,0,0,21,2,2,25,5,0,1,7,1,1,1,3,0,1,3,1,0,1,1,0,21,0,0,2,1,1,0,0,0,1,0,0,0,3,1,0,8,0,1,5,3,2,0,12,2,0,1,9,0,0,0,1,1,2,0,4,1,4,2,0,2,0,0,0,6,0,0,1,3,0,1,2,1,1,0,1,0,0,1,2,1,2,2,0,0,2,0,1,0,2,1,0,0,0,0,0,0,0,0,2,0,0,3,3,0,0,0,0,1,0,0,0,2,1,2,3,3,0,5,0,1,0,0,1,0,1,0,0,0,3,0,1,0,1,0,1,0,2,1,0,0,10,0,0,2,1
4,0,0,0,3,0,3,0,0,1,2,1,0,2,1,1,0,0,2,0,0,1,0,0,0,0,2,0,1,3,3,5,0,1,0,1,1,0,0,2,2,0,0,1,3,4,0,0,0,0,4,1,2,0,0,0,4,1,0,0,8,1,0,2,0,1,1,1,1,6,0,27,2,0,3,0,1,1,0,0,0,0,0,0,1,4,0,1,0,2,0,0,0,1,0,0,3,0,1,0,1,5,1,0,0,0,0,0,0,3,0,0,0,10,2,1,0,1,0,0,2,1,0,1,2,3,1,2,0,0,3,0,0,0,0,1,0,0,0,0,0,0,0,0,0,0,1,0,1,0,0,0,0,0,0,0,0,0,0,0,1,5,0,0,0,1,2,0,10,0,2,0,1,0,0,4,1,0,0,0,3,3,0,1,0,9,4,0,1,0,0,2,1,5,0,1,21,0,0,3,0,1,37,36,0,5,0,0,1,3,0,0,0,1,0,4,0,0,1,1,0,0,10,0,0,0,0,0,0,0,0,1,2,0,3,1,5,0,0,0,0,1,0,2,1,2,0,0,0,1,0,0,2,2,0,0
0,1,1,0,1,0,0,0,0,1,3,1,1,0,0,0,0,0,0,0,0,0,0,1,0,0,0,0,2,1,2,0,0,1,0,0,1,1,0,3,2,0,0,1,6,5,0,6,0,0,10,5,0,0,0,5,0,1,0,0,9,2,2,2,0,4,1,1,1,0,0,0,2,1,6,0,0,3,0,1,0,0,0,0,1,2,0,1,0,2,0,0,0,1,0,0,4,1,0,0,0,0,0,0,0,0,0,0,0,0,0,0,0,0,0,0,0,0,0,0,3,9,0,7,3,0,0,1,1,0,0,0,0,0,0,1,1,0,0,1,5,2,0,0,0,0,1,0,0,0,0,1,1,1,0,7,0,0,2,0,0,2,0,1,0,1,1,2,10,1,2,0,2,2,0,6,0,0,7,0,0,3,0,1,0,2,2,0,1,0,1,1,0,0,0,0,15,0,0,1,0,0,33,25,1,0,0,0,0,3,0,0,0,0,0,3,0,0,1,0,0,0,9,11,1,2,0,0,1,1,0,29,1,1,11,2,7,1,1,0,4,1,0,1,3,2,0,0,3,0,0,0,4,1,0,1
1,1,3,5,2,0,0,0,0,3,4,25,3,0,0,23,0,0,0,0,0,0,1,0,0,0,0,0,2,2,1,6,0,1,1,0,1,0,0,0,1,0,0,1,1,1,3,0,1,0,2,2,0,0,0,0,0,0,0,0,1,1,1,4,0,2,0,0,0,2,0,0,1,0,1,1,0,1,0,1,0,0,0,0,2,1,0,1,0,1,0,0,0,1,0,0,20,0,0,0,0,0,0,2,1,0,11,2,0,0,1,0,0,2,0,0,0,0,0,0,0,0,0,0,0,0,1,1,0,0,0,0,0,0,0,1,0,0,0,0,3,1,0,0,0,0,1,0,0,0,0,0,0,0,0,0,6,0,0,0,0,0,0,0,0,1,0,0,17,0,2,0,1,0,1,8,0,0,0,0,0,2,1,1,0,6,1,1,1,0,0,1,0,1,0,0,12,0,0,3,1,0,37,37,0,1,0,2,0,2,0,0,12,0,0,0,1,0,1,0,0,0,2,1,5,0,0,0,0,1,0,0,3,0,6,2,4,0,0,1,0,1,0,1,0,2,0,0,1,3,0,0,1,0,0,0
14,0,0,2,1,3,1,0,1,40,1,0,0,0,0,4,23,1,0,0,4,0,0,0,1,0,2,0,1,0,2,0,2,0,0,0,2,0,0,0,0,3,0,1,1,1,0,0,0,0,0,7,0,0,0,0,1,4,0,2,0,2,0,5,0,2,0,0,0,0,0,0,0,0,0,0,12,0,1,0,0,4,2,0,1,2,0,0,1,1,0,0,0,0,0,0,3,0,0,1,0,0,0,3,0,5,0,0,0,0,5,2,0,20,2,0,0,0,1,0,1,4,0,1,2,0,2,1,0,3,4,0,0,2,1,0,0,1,0,4,0,5,0,2,1,0,19,0,0,1,1,13,0,4,0,0,0,0,0,2,2,0,0,2,0,4,4,19,4,0,3,1,0,0,8,1,5,0,0,0,0,2,1,2,0,3,0,0,2,2,0,3,3,0,0,0,0,2,0,1,1,0,0,0,0,3,0,0,0,0,0,0,7,0,0,0,0,0,0,0,0,0,0,0,0,0,0,0,1,0,0,3,2,0,0,3,0,0,0,1,0,2,0,2,0,2,0,4,1,0,1,0,0,0,2,1
0,0,0,1,0,1,0,0,1,1,0,1,1,0,0,0,0,0,0,1,0,0,0,0,0,0,0,0,1,0,1,0,0,1,0,0,0,0,0,0,0,0,0,0,1,0,1,0,1,0,0,1,0,1,0,0,2,1,0,0,1,1,0,2,0,2,0,0,0,0,0,0,1,0,0,1,0,1,0,0,0,0,0,0,0,3,0,0,0,2,0,0,0,0,1,0,0,0,0,0,0,0,0,0,0,0,0,0,0,0,0,0,0,0,0,0,0,0,0,0,0,1,0,0,0,0,0,1,0,0,0,0,0,0,0,0,0,0,0,0,0,0,0,0,0,0,0,0,0,0,0,0,0,0,0,0,0,0,0,0,1,0,1,0,0,1,0,0,0,0,1,0,0,0,1,0,1,0,0,0,0,2,0,2,0,0,1,0,1,1,1,1,0,0,0,0,1,1,0,1,0,0,0,0,0,0,0,0,0,0,0,2,0,0,0,0,0,0,2,0,1,0,1,0,0,0,0,0,0,0,0,0,0,0,0,1,0,0,0,0,0,1,0,1,0,2,0,0,0,0,0,0,0,0,0,0
0,0,1,0,0,0,0,0,0,3,0,1,0,0,0,1,0,0,0,0,0,0,1,0,0,0,0,0,0,0,1,1,0,0,0,0,0,0,0,0,0,0,0,0,1,0,0,0,0,0,0,2,0,0,0,0,1,0,0,0,0,2,0,3,0,2,0,0,0,0,0,0,0,0,1,0,0,0,0,0,0,0,0,0,0,2,0,0,0,2,0,0,0,0,0,0,0,0,0,0,0,0,0,0,0,0,0,0,0,0,0,0,0,1,0,0,0,0,0,0,0,2,0,0,0,0,0,1,0,0,0,0,0,0,0,0,0,0,0,0,0,0,0,0,0,0,0,0,0,0,0,0,0,0,0,0,0,0,0,0,1,0,0,0,0,0,3,1,0,1,2,0,0,0,0,0,0,0,0,0,0,2,1,2,0,0,0,0,2,0,0,2,0,0,0,0,0,1,0,0,0,0,0,0,0,0,0,0,0,0,0,1,1,0,0,0,0,0,0,0,0,0,0,0,0,0,0,0,0,0,0,0,0,0,0,2,0,0,0,0,0,2,0,2,0,0,0,0,1,0,0,0,0,0,0,0
0,0,0,0,0,0,0,0,0,0,1,0,0,0,0,2,0,0,0,0,0,0,0,0,0,0,0,1,1,0,2,0,0,1,0,0,0,0,0,0,0,0,0,1,0,0,1,0,0,0,0,0,0,0,1,0,0,0,0,0,1,0,0,1,0,2,0,0,0,0,0,0,2,0,0,0,0,1,0,0,0,0,0,0,0,0,0,1,0,0,0,0,0,2,0,0,0,0,0,0,0,0,0,0,0,0,2,0,0,0,0,0,0,0,0,0,0,0,0,0,0,0,0,0,0,0,1,1,1,0,0,0,0,0,0,0,0,1,1,0,0,0,0,0,0,0,0,0,0,0,0,2,0,0,0,0,1,0,1,0,1,1,0,0,0,1,0,1,1,0,0,0,2,0,1,0,0,0,0,0,0,1,0,1,0,0,0,0,0,0,0,0,0,0,0,0,0,0,0,1,0,0,2,3,0,0,0,0,0,2,0,0,2,0,0,1,0,0,1,0,0,0,0,0,0,0,0,0,0,0,0,0,0,0,0,0,0,0,0,0,0,0,1,0,0,1,0,0,0,0,0,0,0,0,0,0
0,0,0,0,0,0,0,0,0,3,0,1,0,1,0,1,1,0,0,0,0,1,1,0,0,0,0,0,1,0,2,0,0,0,0,0,0,0,0,0,0,0,0,0,0,0,0,0,0,0,0,2,0,0,0,0,0,0,0,0,0,2,1,2,0,2,0,0,0,2,0,0,0,1,0,0,0,0,0,0,0,0,0,0,0,1,0,1,0,2,0,0,0,0,0,0,0,0,0,0,0,0,0,0,1,0,0,2,0,0,0,0,0,0,0,0,1,0,0,0,0,1,0,0,1,0,0,1,0,0,0,0,0,0,0,0,0,0,0,0,0,0,0,0,0,0,0,0,0,0,0,0,0,0,0,0,0,0,0,0,2,0,0,0,0,0,0,0,0,0,2,0,0,0,0,0,1,0,0,0,0,2,0,2,0,0,0,0,3,0,0,2,0,0,0,0,0,1,0,0,0,0,0,0,0,1,0,0,0,0,0,1,1,1,0,0,0,0,0,0,0,0,0,0,0,0,0,0,0,0,0,0,0,0,0,2,0,0,0,0,0,2,0,2,0,2,0,0,0,0,1,0,0,0,1,0
0,0,0,0,0,0,0,0,0,3,0,0,0,0,0,1,1,0,0,0,0,0,0,1,0,0,0,0,1,0,0,0,0,0,0,0,0,0,0,0,0,0,0,0,1,0,0,0,0,0,0,2,0,0,0,0,0,0,0,0,1,1,0,2,0,2,0,0,0,0,0,0,0,3,0,0,0,0,0,0,0,0,0,0,0,3,0,0,0,2,0,0,0,0,0,1,0,0,0,1,0,2,0,0,0,0,0,0,0,0,1,0,0,3,0,0,0,0,0,1,0,2,0,0,0,0,1,1,0,0,0,0,0,0,0,0,0,0,1,0,0,0,0,0,0,0,1,0,0,0,0,0,0,0,0,0,0,0,0,0,1,0,1,0,0,0,0,0,0,0,2,0,0,0,0,0,0,0,0,0,0,2,0,3,0,0,0,0,1,0,0,2,0,0,0,0,0,0,0,0,2,0,0,1,0,0,0,0,0,0,0,0,0,0,0,0,0,0,0,0,0,0,0,0,0,0,0,1,0,0,0,0,0,0,0,2,0,0,0,0,0,2,0,2,0,2,0,0,1,0,0,0,0,0,0,0
0,0,0,0,0,0,0,0,4,4,0,4,0,0,0,2,0,0,0,0,0,0,5,0,0,0,0,1,0,0,1,1,0,0,0,0,0,0,0,0,0,0,0,0,0,0,0,0,0,0,0,2,0,0,0,0,0,0,1,1,0,2,0,2,0,2,0,0,0,0,0,0,0,0,0,0,0,0,0,0,0,0,0,0,0,3,0,0,0,2,0,0,0,0,0,0,1,0,1,0,0,0,0,2,0,0,0,0,0,0,0,0,0,0,0,0,0,0,0,0,0,3,0,0,0,0,0,3,0,0,0,0,0,0,0,0,0,0,1,1,0,0,0,0,0,0,0,0,0,0,1,0,0,0,0,0,0,0,0,0,2,0,0,0,0,0,1,0,0,0,4,0,0,0,0,0,0,0,0,0,0,2,0,2,0,0,0,0,2,0,0,2,0,0,0,0,0,0,0,0,0,0,0,0,0,2,0,0,0,0,0,0,0,0,0,0,0,0,0,0,0,0,0,0,0,0,0,0,0,0,0,0,0,0,0,2,0,0,1,0,0,5,0,2,1,2,0,0,0,0,0,0,0,0,0,0
0,0,0,0,0,3,0,0,0,7,0,3,0,0,1,1,0,0,0,0,0,0,1,1,0,0,0,0,0,0,2,0,0,0,0,3,0,0,0,0,0,0,0,0,1,0,0,0,0,3,0,2,0,0,0,0,0,0,0,0,0,2,1,2,0,2,0,0,0,0,0,1,0,1,1,0,0,0,0,0,0,0,0,0,0,2,0,0,0,2,0,0,0,0,0,0,0,0,0,1,0,0,0,0,2,1,0,0,0,0,0,0,0,4,0,0,0,0,0,0,0,2,0,0,0,0,0,2,0,0,0,0,0,0,0,0,0,0,0,0,0,0,0,0,0,0,1,0,0,1,2,0,0,0,0,0,0,0,0,0,1,0,0,0,0,0,0,3,0,0,3,0,0,0,0,0,1,0,0,0,0,2,0,2,0,0,0,0,2,0,0,2,2,0,0,0,0,0,0,1,0,0,1,0,0,0,0,0,0,0,0,0,1,0,0,0,0,0,0,0,0,0,0,0,0,0,0,0,0,0,0,0,0,0,0,2,0,0,0,0,0,2,0,2,0,1,0,0,1,0,0,0,0,0,0,1
0,0,0,0,0,0,0,0,0,5,0,1,0,0,0,4,0,0,0,0,0,0,0,0,0,0,0,0,0,0,0,0,0,0,0,0,0,0,0,0,0,0,0,0,0,1,0,0,0,2,1,3,0,0,0,0,0,0,0,0,0,2,2,2,0,2,0,0,0,0,0,0,0,0,0,0,0,0,0,0,0,0,0,0,0,1,0,0,0,2,0,0,0,0,0,0,0,0,0,1,0,0,0,0,0,0,0,0,0,0,0,0,0,4,0,0,0,0,0,0,0,2,0,0,0,1,0,3,0,0,3,0,0,0,0,0,0,0,0,0,0,1,0,0,0,0,2,0,0,0,0,2,0,0,0,0,0,0,0,0,1,0,0,0,0,0,0,0,0,0,2,0,0,0,0,0,0,0,0,0,0,2,0,2,0,0,0,0,2,0,0,2,1,0,0,0,0,1,0,0,0,0,1,0,0,0,0,0,0,0,0,0,1,0,0,0,0,0,0,0,0,0,0,0,0,0,0,0,0,0,0,0,0,0,0,2,0,0,0,0,0,2,0,2,0,2,0,0,1,0,0,1,0,0,0,0
1,0,0,0,0,0,0,0,0,1,2,0,0,0,0,0,0,0,0,0,0,1,0,1,0,0,0,0,1,0,1,0,0,1,0,0,0,0,0,0,0,0,0,1,0,0,0,1,0,0,0,1,0,1,0,0,1,1,0,0,1,1,0,2,0,2,0,0,0,0,0,0,1,1,0,0,0,1,0,0,0,0,0,0,0,0,0,1,0,1,0,0,0,0,0,0,0,0,0,0,0,0,1,0,1,0,0,1,0,0,0,1,0,1,0,0,1,0,0,0,0,1,0,0,0,0,0,1,0,0,1,0,0,0,0,1,0,0,0,0,0,0,0,0,0,0,0,0,0,0,0,0,0,0,0,0,1,0,0,1,1,0,0,0,0,1,0,1,0,0,3,0,0,0,0,0,0,0,0,0,0,2,0,1,0,0,0,0,1,0,0,1,0,0,0,0,0,0,0,1,0,0,0,0,0,0,0,0,0,2,0,0,0,0,0,2,1,0,1,0,0,0,1,0,0,0,0,0,0,0,0,0,0,0,0,1,0,0,0,0,1,1,0,1,0,1,0,0,0,0,0,0,0,1,1,0
0,0,0,0,0,0,0,0,0,3,0,1,0,1,0,0,0,0,0,1,0,0,1,1,0,0,0,0,1,0,1,0,0,0,0,0,0,0,0,0,0,0,0,0,0,0,0,0,0,2,0,2,0,0,0,0,0,0,0,1,1,1,1,2,2,2,0,2,0,0,0,0,1,0,1,0,0,0,0,0,0,1,0,1,1,3,0,0,0,2,0,0,0,0,0,0,0,0,0,0,0,0,0,0,0,0,0,1,0,0,0,1,0,2,2,0,0,0,0,0,1,2,0,0,2,0,0,2,0,0,0,0,0,0,0,0,0,0,0,2,0,1,0,0,0,0,0,0,0,1,0,0,0,0,0,0,0,0,0,0,1,0,0,0,0,0,0,2,0,0,2,0,0,0,0,0,0,0,1,0,0,2,0,1,0,0,0,0,3,0,0,2,2,0,1,0,0,0,0,0,0,0,0,0,0,0,0,0,0,0,0,0,0,0,0,0,0,0,0,0,0,0,0,0,0,0,0,0,0,0,0,0,0,0,0,2,0,0,0,0,0,2,0,2,0,2,0,0,2,0,0,0,0,0,0,0
0,0,0,0,0,0,0,0,1,2,0,2,0,0,0,0,1,0,0,0,0,0,1,1,0,0,0,0,0,0,0,0,0,0,0,0,0,0,0,0,0,0,0,0,1,0,0,0,0,0,0,3,0,0,0,0,0,0,0,0,0,2,0,2,0,2,0,0,0,0,0,0,0,0,0,0,1,0,0,0,0,0,0,0,0,3,0,0,0,3,0,0,0,0,0,0,0,0,0,0,0,0,0,0,0,0,0,0,0,0,0,0,0,1,0,0,0,1,0,0,0,2,0,0,0,0,0,2,0,0,0,0,0,0,0,0,0,0,0,0,0,0,0,0,0,0,0,0,0,0,0,0,0,0,0,0,0,1,0,0,1,0,0,0,0,0,0,1,0,0,2,0,0,0,0,0,0,0,0,0,0,2,0,2,0,0,0,0,2,0,0,2,1,0,0,1,0,0,0,0,0,0,0,0,0,0,0,0,0,0,0,1,1,0,0,0,0,0,0,0,0,0,0,0,0,0,0,0,0,0,0,0,0,0,0,2,0,0,0,0,0,2,0,2,0,2,0,0,0,0,0,0,0,0,0,0
0,0,1,2,0,0,0,0,0,0,0,1,0,0,0,0,0,0,1,0,0,1,0,1,0,0,0,1,1,0,1,2,0,1,0,0,0,0,0,1,0,0,1,1,0,0,0,0,0,0,0,2,0,0,0,0,0,0,0,0,3,1,0,2,0,2,0,0,0,0,0,0,1,2,0,0,0,1,0,0,0,0,0,0,0,1,0,1,0,2,0,0,1,3,0,0,0,0,0,0,0,0,0,0,0,0,0,1,0,0,0,0,0,0,0,0,0,0,0,0,0,1,0,0,1,0,0,1,0,0,0,0,0,0,0,1,0,0,1,1,0,0,0,0,0,0,1,0,0,0,0,0,0,0,0,0,0,0,0,0,0,0,0,0,0,1,0,1,0,0,1,0,0,0,0,0,0,0,0,0,0,2,0,2,0,0,1,0,1,0,0,1,0,0,0,0,1,0,0,5,0,0,4,3,0,0,1,0,0,2,0,1,3,0,0,0,0,0,1,0,0,0,0,0,0,0,0,0,2,0,0,1,0,0,0,1,0,0,0,0,1,1,0,1,0,2,0,0,1,0,0,0,0,0,1,0
0,0,0,0,1,0,0,0,0,4,2,2,0,0,1,1,0,0,0,1,0,0,0,0,0,0,0,0,0,0,0,2,0,0,0,0,0,0,0,1,0,0,1,0,0,1,0,0,0,0,0,2,0,0,0,0,0,0,0,0,1,2,0,2,0,2,0,0,0,2,0,0,0,0,0,0,0,0,0,0,1,0,0,1,0,1,0,1,0,3,0,0,0,0,0,1,0,0,0,0,0,0,1,0,0,0,0,0,0,0,0,0,0,1,0,0,0,0,0,0,0,1,0,0,0,0,0,0,0,0,0,0,0,0,0,0,0,0,0,0,0,0,1,0,0,0,1,0,0,0,0,0,0,0,0,0,0,0,0,0,1,0,0,0,0,0,0,2,0,0,3,0,0,0,0,1,0,0,0,0,0,2,0,2,0,0,0,0,2,0,0,3,1,0,0,0,0,0,0,0,0,0,0,0,0,0,0,0,0,0,0,0,1,2,0,0,0,0,0,0,1,0,0,0,0,0,0,0,0,0,0,0,0,0,0,2,0,0,0,0,0,2,0,2,0,2,0,0,1,0,0,0,0,0,0,1
2,0,0,0,0,2,0,0,0,0,1,0,0,0,0,0,0,0,0,0,0,0,0,0,0,0,0,0,2,0,3,0,0,2,0,0,0,0,0,0,0,0,0,2,0,0,0,0,0,0,0,0,0,0,0,0,1,0,0,0,2,0,0,2,0,1,0,0,0,2,0,0,2,0,0,1,0,2,0,1,1,0,0,0,0,0,0,2,0,0,0,0,0,2,0,0,0,0,0,0,0,0,0,0,0,0,0,0,0,0,2,0,0,0,0,0,0,0,0,1,0,0,0,0,0,0,0,0,0,0,2,0,0,0,0,2,0,0,0,0,0,0,0,0,0,0,1,0,0,0,0,0,0,0,1,0,0,0,0,0,0,0,0,0,0,2,0,0,3,0,0,0,0,0,0,0,0,0,0,0,0,2,0,0,2,0,0,0,0,0,0,0,0,0,0,0,0,0,0,2,0,0,4,5,0,0,0,0,0,2,0,0,0,0,0,0,0,0,2,0,0,0,3,0,0,0,0,0,0,0,0,1,0,0,0,0,0,0,0,0,0,0,0,1,0,0,0,0,0,0,0,0,1,0,0,0
0,0,0,0,1,0,0,0,0,0,2,0,0,0,0,0,0,0,0,0,0,0,0,0,0,1,0,0,1,1,1,0,0,1,0,0,0,0,0,0,0,0,0,1,0,0,0,0,0,0,0,1,0,0,0,0,0,0,0,0,1,1,0,2,0,2,0,0,0,0,0,0,1,1,0,0,0,1,0,0,0,0,0,0,0,0,0,1,0,1,0,0,0,1,0,0,0,0,0,1,0,0,0,0,0,0,0,0,0,0,0,0,0,0,0,0,0,0,0,0,0,1,0,0,0,0,0,1,0,0,3,0,0,0,0,1,0,0,0,0,0,1,0,0,0,1,1,0,0,0,0,0,0,0,1,0,0,0,0,0,0,0,0,0,0,1,0,0,0,0,3,0,0,1,0,0,2,0,0,0,1,2,1,1,0,0,2,0,2,0,0,1,0,0,0,0,0,0,0,1,0,0,2,2,0,0,0,0,0,0,0,0,1,0,0,0,0,0,1,0,0,0,0,0,0,0,1,0,0,0,0,0,0,0,0,2,0,0,0,0,0,1,0,1,0,1,0,0,1,0,0,0,0,0,0,0
0,0,0,0,0,0,0,1,0,2,0,0,0,0,0,1,0,0,0,0,0,0,0,0,0,0,0,0,1,0,0,0,3,0,0,0,0,0,0,0,0,0,0,0,1,0,1,0,1,0,0,3,0,0,0,0,0,0,0,0,0,2,0,2,1,2,0,0,0,0,0,0,0,0,0,0,0,0,0,0,0,0,0,0,0,2,0,1,0,4,1,0,2,0,0,1,0,0,0,0,2,0,0,0,2,0,0,0,0,0,3,0,0,0,0,0,0,0,0,0,0,2,0,0,0,0,0,2,0,0,0,0,0,0,0,0,0,0,0,0,0,0,0,0,0,0,0,0,0,0,0,0,0,0,0,0,0,0,0,0,1,0,0,0,0,0,0,1,0,0,2,0,0,0,0,0,0,0,0,0,0,2,0,2,0,0,0,0,2,0,0,2,0,1,0,1,0,0,0,0,0,0,0,0,0,1,0,0,1,0,0,0,1,0,0,0,0,0,0,0,0,0,0,0,0,0,0,0,1,0,0,0,0,0,0,2,0,0,1,0,0,2,0,2,0,2,1,0,1,0,0,0,0,0,0,0
0,0,0,0,0,0,0,0,1,2,0,0,0,0,2,1,0,0,0,0,0,0,0,1,0,0,0,0,0,0,0,1,0,0,0,0,0,0,0,0,0,0,0,0,0,0,0,0,0,0,0,2,0,0,0,0,0,0,0,1,0,2,0,2,0,2,0,0,0,3,0,0,0,0,0,0,0,0,0,1,0,0,0,0,0,2,0,1,0,2,0,0,0,0,0,0,0,0,0,0,0,0,0,0,0,0,0,0,0,0,0,0,0,0,0,0,0,0,0,0,0,1,0,0,0,0,0,1,0,0,0,0,0,0,0,0,0,0,0,0,0,2,0,0,0,0,2,0,0,0,0,0,0,0,0,0,0,0,0,0,1,0,0,0,0,0,0,3,0,0,2,0,0,0,0,0,0,0,0,0,0,2,0,2,0,0,0,0,2,0,0,3,0,0,0,0,0,0,0,0,0,0,0,0,0,0,0,0,0,0,0,0,0,0,0,0,0,0,0,0,0,0,0,0,0,0,0,0,0,0,0,0,0,0,0,1,0,0,0,0,0,2,0,2,0,1,0,0,1,0,0,0,0,0,0,2
0,0,0,0,0,0,0,0,1,3,0,0,0,0,0,2,0,0,0,0,0,0,0,1,0,0,0,0,0,0,0,0,0,0,0,1,0,0,0,0,0,0,0,0,1,1,0,0,0,0,0,1,0,0,1,0,0,0,1,1,0,1,0,1,0,1,0,0,0,0,0,0,1,1,0,0,0,0,0,0,0,0,0,1,0,1,0,0,0,1,0,0,0,0,0,0,0,0,0,0,0,0,0,0,0,0,0,0,0,0,0,0,2,2,0,0,0,0,0,0,0,1,0,0,1,1,0,2,1,0,0,1,0,0,0,0,0,0,0,0,0,2,0,1,0,0,2,0,0,0,0,3,0,0,1,0,0,0,0,0,0,0,0,0,0,0,0,1,0,0,1,0,0,0,0,0,0,0,0,0,0,1,0,1,0,0,0,0,1,0,0,1,2,0,0,0,0,0,0,0,0,0,1,0,0,0,0,0,0,1,2,0,2,0,0,0,1,0,0,0,0,0,2,0,0,0,0,0,0,0,0,1,0,0,0,1,0,0,0,2,0,3,0,1,0,1,1,1,1,0,0,1,0,0,0,0
1,0,0,0,0,0,0,0,0,1,2,0,0,0,0,0,0,0,0,0,1,0,0,0,0,0,0,0,2,0,2,0,0,2,0,0,0,0,0,0,0,0,0,2,0,0,0,0,0,0,0,0,0,0,0,0,2,0,0,0,2,0,0,2,0,2,0,0,0,0,0,0,2,0,0,0,0,2,0,0,0,0,0,0,0,0,0,2,0,0,0,0,2,2,0,0,0,0,0,0,0,0,0,0,0,0,0,0,0,0,0,0,0,0,0,0,0,0,0,0,0,0,0,0,0,0,0,0,0,0,2,0,0,0,0,1,0,0,0,0,0,1,0,0,0,0,0,0,0,0,0,0,0,0,1,0,2,0,0,0,0,0,0,0,0,2,0,0,1,0,0,1,0,1,0,0,0,0,0,0,0,2,0,0,0,0,1,0,0,0,0,0,0,0,0,0,1,0,0,2,0,1,2,2,0,0,0,0,0,0,0,0,0,0,0,0,0,0,2,0,0,0,0,0,0,0,0,0,0,0,0,0,0,0,0,0,0,0,0,0,0,0,0,0,0,0,0,0,0,0,0,0,0,0,0,0
0,0,0,0,1,0,0,0,0,1,0,0,0,0,0,1,0,0,0,0,0,0,0,1,0,0,0,0,1,1,1,0,0,1,0,0,0,0,0,0,0,0,0,1,0,0,0,0,0,0,0,1,0,0,0,2,1,1,0,1,1,1,0,2,1,1,0,0,0,0,0,0,1,0,0,1,0,1,1,0,0,0,0,0,0,1,1,1,0,1,0,0,0,1,0,0,0,0,0,0,0,0,0,0,0,0,0,0,0,0,0,0,0,0,0,0,0,0,0,0,0,1,0,0,0,0,0,1,0,0,0,0,0,0,0,1,0,0,0,0,0,0,0,0,0,0,0,0,0,0,0,0,0,0,0,0,0,0,0,0,1,0,0,0,0,1,0,0,0,0,1,0,0,1,0,0,0,0,0,0,0,2,0,1,0,0,0,0,2,1,0,1,1,0,0,0,0,0,1,2,0,0,1,3,0,0,1,0,0,1,0,0,1,0,0,0,0,0,1,1,0,0,0,1,0,0,0,0,0,0,0,0,0,0,0,1,0,0,0,0,0,1,0,1,0,1,0,1,0,0,0,0,0,0,0,1
0,0,0,0,0,0,0,0,0,0,0,1,0,0,0,0,0,0,0,0,0,1,0,0,0,0,1,0,1,0,0,0,0,1,0,0,0,0,0,0,0,0,0,0,0,0,0,0,0,0,0,2,0,0,0,0,0,1,0,0,1,1,0,2,0,2,0,0,0,0,0,0,1,0,0,0,0,1,0,0,0,0,0,0,0,3,0,0,1,1,0,0,0,0,0,1,0,0,1,0,0,0,0,0,0,0,0,0,0,0,0,0,0,0,0,1,0,0,0,1,0,2,0,0,0,0,0,1,0,0,0,0,0,0,0,0,0,0,1,1,0,1,0,0,0,0,0,0,0,0,0,0,0,0,0,0,0,0,0,0,1,0,0,0,0,1,0,0,0,0,1,0,0,0,0,0,0,0,0,0,0,2,0,1,0,0,1,0,1,0,0,1,1,0,0,0,0,0,0,1,0,0,2,1,0,0,0,0,0,0,0,1,1,0,0,0,0,0,0,0,0,0,0,0,0,0,0,0,0,0,0,0,0,0,0,2,0,0,0,0,0,1,0,2,0,1,0,0,1,0,0,0,0,0,1,1
0,0,0,0,0,0,0,0,0,3,0,1,1,0,0,1,0,0,0,0,0,1,0,0,0,0,0,0,1,0,0,1,0,1,0,0,0,0,0,0,0,0,0,1,1,0,0,0,0,0,0,1,0,0,0,0,0,0,0,2,1,1,0,3,0,1,0,0,0,0,0,0,1,1,0,0,0,1,0,0,0,0,0,0,0,1,0,1,0,1,0,0,0,0,0,0,0,0,0,0,0,0,0,0,0,0,0,0,0,0,0,0,0,2,0,1,0,0,0,0,0,1,1,0,0,1,0,1,0,0,0,0,0,0,0,1,0,0,0,0,0,0,0,0,0,0,1,0,0,1,0,1,0,0,0,0,0,0,0,1,2,0,0,0,1,1,1,3,0,1,2,0,0,0,1,0,0,0,0,0,0,2,0,1,0,1,0,0,1,0,0,3,0,0,0,0,0,0,0,1,0,0,1,1,0,0,0,0,0,1,0,0,0,0,0,0,0,0,1,0,0,0,1,1,0,0,0,0,0,0,0,0,0,0,0,1,0,0,0,0,0,1,0,1,0,1,0,1,0,1,0,0,0,0,0,0
1,0,0,0,0,0,0,0,0,0,2,1,0,0,1,0,0,0,0,0,0,1,0,0,0,0,1,0,2,0,2,0,0,2,0,0,1,0,0,0,0,0,1,1,0,0,0,0,0,0,0,1,0,0,0,0,1,0,0,0,2,0,0,2,0,1,0,0,0,0,0,0,2,2,0,0,1,2,1,0,0,0,0,0,0,0,0,1,0,0,0,0,0,1,0,0,0,0,0,2,0,0,0,0,2,0,0,0,0,0,0,0,0,0,0,0,0,0,0,1,0,1,0,0,0,0,0,1,0,0,0,0,0,0,0,1,0,0,0,0,2,0,0,0,0,1,1,0,0,0,0,0,0,0,0,0,1,0,0,0,1,0,0,0,0,1,0,0,0,0,3,0,0,0,0,0,0,0,0,0,0,2,0,0,0,0,1,0,0,0,0,0,0,0,0,0,0,0,2,3,0,0,5,2,0,0,0,0,0,2,0,0,2,0,0,0,0,0,1,0,0,1,2,0,0,0,0,0,0,0,0,2,0,0,0,1,0,0,0,0,0,0,0,1,0,1,0,1,0,0,0,0,0,0,0,0
1,0,0,0,0,0,0,0,0,0,1,0,0,0,0,0,0,0,0,0,0,0,1,0,1,0,0,0,1,0,2,0,0,1,0,0,0,0,0,0,0,0,0,1,0,0,0,0,0,0,0,1,0,0,0,0,0,0,0,0,1,1,0,2,2,1,1,2,0,0,0,0,1,0,0,0,0,1,1,0,0,0,1,0,0,0,0,1,0,1,0,1,0,1,0,0,0,0,1,0,0,2,0,1,0,0,0,0,0,0,0,0,0,1,2,0,0,0,0,1,0,1,1,0,0,0,0,1,0,0,0,0,0,0,0,1,0,1,0,0,0,0,0,0,0,0,1,0,0,0,0,0,0,0,0,0,0,0,0,0,0,0,0,0,0,2,0,0,0,0,1,0,1,0,0,0,0,0,0,1,0,2,0,1,0,0,1,0,1,1,0,1,0,0,0,1,0,0,0,3,0,0,1,1,0,0,0,0,0,2,1,0,2,0,0,1,0,0,1,0,0,0,0,0,0,0,0,0,0,0,0,0,0,0,0,1,0,0,0,0,0,1,0,1,0,1,0,0,1,0,0,0,0,0,0,0
0,0,1,0,0,0,0,0,0,0,1,0,0,1,0,0,0,0,0,0,1,0,0,0,0,0,0,0,3,0,2,0,0,2,0,0,0,0,0,0,0,0,0,2,0,0,0,3,0,0,1,0,0,0,0,1,1,0,0,0,2,0,0,2,0,0,0,0,0,0,0,0,2,0,0,0,0,2,0,0,0,0,0,0,2,0,0,2,0,0,0,0,0,0,0,0,0,0,2,0,0,0,1,0,0,0,0,0,0,1,0,0,0,0,0,0,0,0,1,0,0,0,0,0,0,0,0,0,1,0,0,0,0,0,1,2,0,0,0,1,0,1,0,0,0,0,0,0,0,1,1,2,0,0,0,0,1,0,0,0,0,1,0,0,0,2,1,0,0,1,0,0,1,0,3,0,0,0,0,0,0,2,0,0,0,0,3,0,0,0,0,0,0,0,0,0,0,0,0,2,0,0,1,1,0,0,0,0,0,2,0,0,2,1,0,1,0,0,2,1,0,0,3,0,0,0,0,0,0,0,0,0,0,2,0,0,0,0,0,0,0,0,0,0,0,0,0,1,0,0,0,0,0,0,0,0
0,0,0,0,0,0,0,0,0,4,0,0,0,0,0,2,0,0,0,0,0,0,0,1,0,0,0,0,1,0,3,0,0,0,0,0,0,0,0,0,0,0,0,0,0,0,0,1,0,0,0,2,0,0,0,0,0,0,0,0,1,1,0,2,2,2,0,0,0,2,0,0,0,0,2,0,2,0,0,1,2,0,0,0,1,1,0,1,0,2,0,0,0,0,0,0,0,0,0,2,0,0,0,0,1,0,0,0,0,0,0,0,0,2,2,0,0,1,0,0,0,1,0,0,0,0,0,1,0,0,1,0,0,0,0,0,0,1,0,0,0,0,0,0,0,0,3,0,0,1,1,0,0,0,0,0,0,0,0,0,1,0,0,0,0,0,0,0,0,0,2,0,0,0,0,0,0,0,0,0,0,2,0,2,0,0,0,0,1,0,0,2,0,0,0,0,0,0,0,0,0,0,2,0,0,0,0,0,0,0,0,1,3,0,0,0,0,0,1,0,0,0,0,0,0,0,0,0,1,0,0,0,0,0,0,2,0,0,0,0,0,2,0,2,0,2,0,0,1,0,0,0,0,0,0,0
0,0,0,0,0,0,0,0,1,7,0,7,0,0,0,0,0,0,0,0,1,0,0,1,0,0,0,2,0,0,0,0,0,0,0,0,0,0,0,0,0,0,0,0,0,0,0,0,0,0,0,2,0,0,0,0,0,0,0,0,0,2,0,2,1,2,0,0,0,0,0,1,0,1,3,0,0,0,0,1,0,0,0,0,0,4,0,0,0,4,0,0,0,0,0,1,0,0,1,1,0,1,0,0,0,0,0,0,0,0,0,0,0,3,0,0,0,0,0,0,0,2,0,0,0,0,1,2,0,0,0,0,0,0,0,0,0,0,0,0,0,0,1,1,0,0,0,0,0,0,0,0,0,0,0,0,0,0,0,0,1,0,0,0,1,0,2,2,2,0,2,0,0,0,0,0,1,0,0,0,0,2,0,2,0,0,0,0,2,0,0,2,0,0,1,0,0,0,0,0,0,0,0,0,3,0,0,0,0,1,0,0,0,0,0,0,0,0,2,0,1,0,0,0,0,0,0,0,0,0,0,0,0,1,0,2,0,0,1,0,0,2,1,2,0,2,0,0,1,0,0,0,0,0,1,0
1,0,0,0,1,0,0,0,0,0,1,0,0,0,0,0,0,0,0,0,0,0,0,0,0,0,0,0,3,0,2,0,0,2,0,0,0,0,0,0,0,0,0,2,0,0,0,2,0,0,0,0,0,1,0,0,0,0,0,0,2,0,0,2,0,0,0,0,0,0,0,0,2,0,0,0,0,2,0,0,0,0,0,0,0,0,0,2,0,0,0,0,0,1,0,0,0,0,0,0,0,0,0,0,0,0,0,0,0,0,0,0,0,0,0,0,0,1,0,0,0,0,0,0,1,0,0,1,0,0,0,0,0,0,0,2,0,0,0,0,0,2,0,0,0,1,2,0,0,0,0,0,0,0,0,2,0,0,0,0,0,0,0,0,0,2,0,0,0,0,0,0,0,0,0,0,0,0,0,0,0,2,0,0,0,0,1,0,0,0,0,0,0,0,0,0,0,0,0,2,1,0,2,1,0,0,0,0,1,2,0,0,0,0,0,0,0,0,2,0,0,0,0,0,0,0,0,0,0,0,0,0,0,0,0,0,0,0,0,0,0,1,0,0,0,0,0,0,0,1,0,0,0,0,0,0
0,0,0,0,0,0,0,0,0,0,0,1,0,1,0,0,0,0,0,0,2,1,0,1,0,0,0,0,1,0,0,1,0,1,0,0,0,0,0,0,0,0,0,1,0,0,0,1,0,0,0,1,0,0,0,0,0,0,0,0,1,1,0,2,0,1,0,0,0,0,0,0,1,1,1,0,0,1,0,0,1,0,0,0,1,1,0,1,0,1,0,0,0,0,0,0,0,0,0,0,0,0,0,0,0,0,0,0,0,0,0,0,0,0,0,0,2,0,0,0,0,1,0,0,0,0,0,1,0,0,0,0,0,1,0,1,0,0,0,0,0,1,0,0,0,0,1,0,0,0,0,0,0,0,0,0,0,0,0,0,1,0,0,0,0,1,0,0,0,0,1,0,0,0,0,0,0,0,0,0,0,2,0,1,0,0,0,0,1,0,0,1,0,0,0,0,0,0,0,1,0,0,0,1,0,1,0,0,0,2,0,0,0,0,0,0,0,0,1,0,1,0,2,0,0,0,0,0,0,0,0,0,0,0,0,1,0,0,0,0,0,1,0,1,0,1,0,0,0,0,0,0,0,0,1,0
1,0,0,0,1,0,0,0,0,5,0,0,0,0,0,0,0,0,0,0,2,0,0,0,0,0,0,0,1,0,1,0,0,1,0,0,0,0,0,0,0,1,0,1,0,0,0,0,0,0,1,1,0,0,0,0,1,1,0,0,1,1,0,2,0,3,2,0,0,0,0,0,2,0,3,0,0,1,0,0,0,0,0,0,0,0,0,1,0,1,0,0,0,1,0,0,0,0,0,0,1,0,0,0,0,0,1,0,1,0,0,0,0,3,0,0,0,0,0,0,0,2,1,0,0,0,1,0,0,0,0,0,0,0,0,2,0,0,0,0,0,0,0,0,0,0,1,0,0,0,1,0,0,1,1,0,0,0,0,0,1,0,0,0,0,1,0,1,0,0,1,0,0,0,0,0,1,4,0,0,0,2,0,1,0,0,0,0,3,1,0,1,0,0,0,0,0,0,0,4,0,0,0,0,3,0,0,0,0,0,0,0,5,0,0,0,0,0,1,0,0,0,0,0,0,1,0,0,0,0,0,0,0,0,0,1,0,0,0,0,0,1,0,1,0,1,0,0,1,0,0,0,0,0,0,0
0,0,0,0,2,0,0,0,0,0,1,0,0,0,0,0,0,0,0,0,0,0,0,0,0,0,1,0,2,1,2,0,0,2,0,0,0,0,0,0,0,0,0,2,0,0,2,1,0,0,1,0,0,1,0,0,0,1,0,0,2,0,0,2,0,1,0,0,0,0,0,0,2,0,0,0,0,2,0,0,0,0,1,0,0,0,0,2,0,0,0,0,0,1,0,0,0,0,0,0,0,0,0,0,0,0,0,0,0,0,0,0,0,0,0,0,0,0,0,0,0,0,0,0,0,0,0,0,0,0,0,0,0,0,0,2,0,0,0,0,0,1,0,1,0,0,1,0,0,0,0,0,0,0,0,0,0,0,0,0,0,0,0,0,0,2,0,0,0,0,0,0,1,0,0,0,0,0,0,0,0,2,0,0,0,0,0,0,0,0,0,0,0,0,0,0,0,0,0,2,0,0,2,1,0,0,0,1,0,0,0,0,0,0,0,0,0,0,2,1,0,0,2,2,0,0,2,0,0,0,0,0,1,0,0,0,1,0,0,0,0,0,0,0,0,1,0,0,0,0,0,0,3,1,0,0
0,0,0,0,0,0,0,0,0,1,1,0,0,0,0,1,0,0,0,0,0,0,0,0,0,0,0,0,2,0,1,1,0,1,0,0,0,0,0,0,0,0,0,1,1,0,0,1,0,0,0,1,0,0,0,0,0,0,0,0,1,1,0,2,0,1,1,0,0,0,0,0,1,0,0,0,0,1,0,0,0,0,0,0,0,0,0,1,0,1,0,0,0,0,0,0,0,0,0,1,0,0,0,0,0,0,0,0,0,0,1,0,0,1,0,0,0,1,0,0,0,1,0,0,0,0,0,1,0,0,0,0,0,0,0,1,0,0,0,0,0,0,0,0,0,0,2,0,0,0,0,0,0,0,0,0,0,1,0,0,1,0,0,0,0,1,0,0,0,0,1,0,0,0,0,0,0,0,0,0,0,2,0,1,0,0,1,0,1,0,0,1,0,0,0,0,0,0,0,1,0,0,0,0,0,0,0,0,0,1,0,0,0,0,0,0,0,0,1,0,0,0,0,0,0,0,0,0,0,0,0,0,0,0,0,1,0,0,0,0,0,1,0,1,0,1,0,0,0,0,0,0,0,0,0,0
0,0,0,0,0,0,0,0,0,0,0,0,0,0,0,0,0,0,0,0,0,2,0,1,0,0,0,0,2,0,2,0,0,2,0,0,1,0,0,0,0,0,0,2,1,0,0,0,0,0,0,0,0,0,0,1,0,0,0,1,2,0,0,3,0,1,0,0,0,0,0,0,3,0,0,0,0,2,0,2,0,0,0,0,0,0,0,1,0,0,0,0,0,1,0,0,0,0,0,0,0,0,0,0,0,0,0,0,0,0,0,0,0,0,0,0,0,0,0,0,0,0,0,0,0,0,0,1,0,0,0,0,0,0,0,1,0,0,0,0,0,1,0,1,0,0,1,0,0,0,0,0,0,0,0,2,0,0,0,0,0,0,0,0,0,2,1,0,0,0,0,0,0,0,0,0,0,0,1,0,0,2,0,0,0,0,2,0,0,0,0,0,0,0,0,0,1,0,0,2,0,0,3,4,0,0,0,0,0,3,0,1,0,0,0,0,0,0,2,0,0,0,0,0,0,0,0,0,0,0,0,0,0,0,0,0,0,0,0,0,0,0,0,0,0,1,0,0,1,0,0,0,0,0,1,0
0,0,0,0,1,0,0,0,0,0,0,0,0,0,0,0,0,0,0,0,0,0,0,0,0,0,0,0,2,0,2,0,0,1,0,0,0,0,0,0,0,0,0,1,0,0,0,0,0,0,0,1,0,0,0,0,0,0,0,0,1,1,0,2,0,1,0,0,0,0,0,0,1,0,0,0,0,1,0,0,0,0,0,0,0,0,0,1,1,1,0,0,0,1,0,0,0,0,0,3,0,0,0,0,0,0,0,0,1,0,0,0,0,2,1,0,0,1,0,0,0,2,0,0,1,0,0,1,0,0,0,0,0,0,0,2,0,0,0,0,0,1,0,0,0,0,2,0,0,0,0,0,0,0,0,1,0,0,0,0,1,0,0,1,0,1,0,1,0,0,1,0,0,0,0,0,0,0,0,0,0,2,1,1,0,0,0,0,2,0,2,1,1,0,0,0,0,0,0,1,0,0,0,0,0,0,0,0,0,1,0,0,0,0,0,0,0,0,1,0,0,1,0,0,0,0,0,0,0,0,0,0,0,0,0,2,0,0,0,0,1,1,0,1,0,1,0,0,0,0,0,2,0,0,0,0
0,0,1,0,1,1,0,0,0,0,1,0,0,0,0,0,0,0,0,0,0,0,0,0,0,0,0,0,1,0,3,0,0,1,0,0,2,0,0,0,0,0,0,1,0,3,0,0,0,0,0,1,0,0,0,0,1,0,0,2,1,1,1,2,0,1,0,0,0,0,0,0,1,0,0,0,0,1,0,0,0,0,0,0,0,0,0,1,0,1,0,0,0,1,0,0,0,0,0,0,0,0,0,1,0,0,0,1,0,0,1,0,0,3,3,0,2,0,0,0,0,1,0,0,2,0,0,1,0,0,0,0,0,0,0,1,0,0,0,0,0,1,0,0,0,3,4,0,0,1,0,0,0,0,0,0,0,0,3,0,1,0,0,0,0,1,0,1,0,0,1,0,0,0,0,0,0,0,0,0,1,2,0,1,0,0,0,0,3,2,0,1,0,0,0,0,0,0,0,1,0,1,1,4,0,0,0,0,0,0,0,0,0,2,0,0,0,0,1,0,2,0,0,0,0,0,0,0,0,0,0,0,0,0,0,1,0,0,0,0,0,1,0,1,0,1,0,0,0,0,0,0,0,0,0,0
0,0,0,0,0,0,0,0,0,0,0,0,0,1,1,0,0,0,0,1,0,0,0,1,0,1,1,1,0,0,2,0,0,0,0,0,0,1,0,0,0,0,0,0,0,0,0,0,0,0,0,1,0,0,0,0,0,0,0,0,0,0,0,0,0,1,0,0,0,1,1,0,0,0,0,1,0,0,0,0,0,0,0,0,0,0,1,0,0,0,0,1,0,1,0,0,0,0,0,0,0,0,0,0,0,1,0,0,0,0,0,1,0,0,0,0,0,0,0,0,0,1,1,0,0,0,0,3,0,1,3,0,1,0,0,2,0,1,0,1,0,0,0,0,1,1,0,1,0,0,0,2,0,0,0,0,0,0,0,0,0,0,0,0,1,0,0,0,0,0,1,0,1,0,0,0,0,0,0,0,0,0,0,1,0,0,1,1,0,0,0,4,0,0,0,0,0,0,0,1,0,0,0,0,0,0,0,0,0,1,0,0,0,0,0,0,1,0,1,0,0,1,0,0,1,1,0,0,0,0,0,0,0,0,1,0,0,4,0,0,0,0,0,0,0,1,0,0,1,0,0,0,0,0,0,1
0,0,0,1,0,1,0,0,0,3,0,0,0,0,0,1,0,1,0,0,0,0,1,0,0,0,0,0,1,0,0,1,0,0,0,0,0,0,0,0,0,0,0,0,0,0,0,0,0,0,0,2,0,0,0,0,0,1,0,2,1,1,1,2,0,2,0,0,0,0,0,0,0,0,0,0,0,0,0,0,0,0,0,0,0,2,0,0,0,1,0,0,0,0,0,0,0,0,0,0,0,0,0,0,0,0,0,0,0,0,2,0,0,2,0,0,0,2,0,0,0,2,0,0,1,0,0,0,0,0,0,0,0,0,0,0,0,0,0,1,0,1,0,0,0,0,1,0,0,0,0,0,0,1,0,0,1,0,0,0,1,0,1,0,0,0,1,2,0,0,2,0,0,0,0,0,1,0,0,0,0,2,0,2,0,0,0,0,1,1,1,2,0,0,1,0,0,1,0,0,0,0,2,0,0,0,0,0,0,0,0,0,2,0,0,0,1,0,0,0,0,0,0,0,0,0,0,0,0,0,0,0,0,1,0,2,0,0,0,0,0,2,0,2,0,1,0,0,1,0,0,0,0,0,0,0
0,0,0,0,0,0,0,0,1,1,0,1,0,0,0,0,0,0,0,0,0,0,0,0,0,0,0,0,0,0,0,0,0,0,0,0,0,0,0,0,0,0,0,0,2,0,0,0,0,0,0,2,0,0,0,0,0,0,0,0,0,2,0,2,0,2,0,0,0,1,0,0,0,0,0,0,0,0,0,0,0,0,0,0,0,1,0,0,1,2,0,0,0,0,0,0,0,0,0,0,0,0,0,1,0,0,0,0,0,0,1,0,0,1,0,0,0,0,0,0,0,1,0,0,0,0,0,0,0,0,0,0,0,0,0,0,0,0,0,0,0,0,0,1,0,0,0,0,0,0,0,0,0,0,0,0,0,1,0,0,1,0,0,0,0,0,0,1,0,0,2,0,0,0,0,0,0,0,0,0,0,2,0,2,0,0,0,0,2,0,0,2,1,0,1,0,0,0,0,0,0,0,0,0,0,0,0,0,0,0,0,0,1,0,0,0,0,0,0,0,0,0,0,0,0,0,0,0,0,0,0,0,0,0,0,2,0,0,0,0,0,2,0,2,0,2,0,0,1,0,0,0,0,0,0,0
0,0,0,1,0,1,0,0,1,3,0,1,0,0,0,0,0,0,0,0,0,0,0,0,0,0,0,0,1,0,1,0,0,1,0,0,0,0,0,0,0,0,0,1,1,0,0,1,0,0,0,1,0,1,0,0,0,1,0,0,1,1,0,2,0,1,0,0,0,0,0,0,1,0,0,0,0,1,0,0,0,0,0,0,0,1,0,1,1,1,0,0,0,0,0,0,0,0,0,0,0,0,0,0,0,0,0,1,0,0,0,0,0,1,0,0,0,0,0,0,0,2,0,0,1,0,0,2,0,0,0,0,0,0,0,0,0,0,0,0,0,0,0,0,0,0,1,0,0,0,0,0,0,0,0,0,0,0,0,0,1,0,0,0,0,1,0,1,0,0,1,0,1,0,1,0,1,0,1,0,0,2,0,1,0,0,1,1,2,1,0,1,0,0,0,0,1,0,0,1,0,0,0,0,0,0,0,0,0,0,0,0,0,0,0,0,0,0,1,0,1,0,1,0,0,0,0,0,0,0,0,0,0,1,0,1,0,0,0,0,0,1,0,1,0,1,0,1,0,0,0,0,0,0,0,1
0,0,0,1,0,0,0,0,0,0,0,0,0,0,0,0,0,0,0,0,0,0,0,0,0,0,0,0,1,0,1,0,0,1,0,0,0,0,0,0,0,0,0,1,0,0,0,0,0,0,0,1,0,0,0,0,0,1,0,0,1,1,0,2,0,1,0,0,0,0,0,0,1,0,0,0,0,1,0,0,0,0,0,0,1,0,0,1,0,1,0,0,0,1,0,0,0,0,0,1,0,0,0,0,1,0,0,0,0,0,0,0,0,0,0,0,0,0,0,0,0,2,0,0,1,0,0,0,0,0,0,0,0,0,0,1,0,1,0,0,0,0,0,0,0,0,1,0,0,2,1,0,1,1,0,0,0,0,0,0,0,0,0,0,0,1,0,1,0,0,1,0,0,0,0,0,0,0,0,0,0,2,0,1,0,0,1,0,2,1,0,1,0,0,0,0,0,0,0,2,0,0,0,0,0,0,0,0,0,0,0,0,0,0,0,0,0,0,1,0,0,0,1,1,0,0,0,0,0,0,0,0,0,0,0,1,0,0,1,0,0,1,1,1,0,1,0,1,1,0,0,0,0,0,1,0
0,0,0,0,2,1,0,0,0,0,1,0,0,0,0,0,0,0,0,0,0,0,2,0,1,0,0,1,1,0,2,0,0,1,0,0,0,0,0,0,0,0,0,1,0,0,0,0,0,0,0,0,0,0,0,0,0,0,0,0,1,0,0,1,0,2,0,0,0,0,0,0,1,0,0,0,0,1,0,2,0,0,0,0,0,0,0,1,1,0,0,0,0,0,0,0,1,0,0,0,0,0,0,0,0,0,0,0,0,0,0,0,0,1,0,0,0,0,0,0,1,0,0,0,0,1,0,0,0,0,1,0,0,0,0,2,0,0,1,0,0,0,0,0,0,1,0,1,0,0,1,0,0,0,0,0,0,0,0,0,1,1,0,0,0,2,0,0,0,0,0,0,0,0,0,0,0,0,0,0,0,1,0,0,1,0,0,0,0,0,0,0,0,0,0,0,0,0,0,1,0,0,1,1,0,0,0,0,1,1,0,0,0,0,0,0,1,0,1,1,1,0,1,0,0,0,0,0,0,0,0,0,0,0,0,0,0,1,0,1,0,0,0,0,0,1,0,0,0,0,0,0,0,1,2,0
0,0,0,0,1,0,0,0,0,4,0,2,0,0,0,0,0,0,1,0,0,0,1,0,0,0,0,0,0,0,0,1,0,0,0,0,0,0,1,0,0,0,0,0,0,0,0,0,0,1,0,2,0,0,0,0,0,0,0,0,0,2,0,2,0,5,1,0,0,1,0,0,1,2,2,0,0,0,0,0,0,0,0,0,0,2,0,0,0,4,0,0,0,0,0,1,0,0,0,0,0,0,0,0,1,0,0,1,0,0,0,0,0,2,0,0,0,0,0,0,0,2,0,0,0,0,0,0,0,0,0,0,0,0,0,0,0,0,0,0,0,0,0,0,0,0,0,0,0,0,0,0,0,0,0,0,0,0,0,0,1,0,0,0,0,0,0,1,0,0,3,0,0,0,0,0,0,0,0,0,0,2,1,2,2,0,0,0,2,0,1,2,0,0,0,0,0,0,0,0,0,0,0,0,0,0,0,0,0,0,0,0,1,0,0,0,0,0,0,0,1,0,0,0,0,0,0,0,0,0,0,0,0,0,0,2,0,0,0,0,0,2,0,2,0,2,0,0,1,0,0,0,0,0,0,1
0,0,0,0,0,0,0,0,0,0,0,1,1,1,0,0,0,0,0,0,0,0,0,0,0,1,1,0,1,0,1,0,0,1,0,0,1,0,0,0,0,0,0,1,0,0,0,2,0,0,0,0,0,3,0,0,0,0,0,0,1,0,2,1,1,0,0,0,1,1,4,0,1,0,0,1,0,2,0,0,0,0,0,0,0,0,0,1,0,0,0,1,1,1,0,0,0,1,0,0,0,0,0,0,0,1,0,0,0,0,0,1,0,0,0,0,0,0,0,2,0,0,2,0,0,0,2,1,0,1,1,0,1,0,0,0,0,0,0,2,1,2,0,0,2,1,0,0,0,0,0,0,0,0,0,1,0,0,0,0,1,0,0,0,1,1,0,1,0,0,1,0,0,0,1,0,0,0,0,0,0,1,0,0,0,1,1,0,0,0,0,0,1,0,0,0,1,0,2,1,0,1,2,1,0,0,0,0,1,3,0,1,4,0,0,0,1,0,2,0,0,0,0,0,0,0,0,0,0,0,0,0,0,1,0,0,0,3,0,0,0,1,0,0,0,1,0,0,0,0,0,0,0,2,0,2
0,0,0,0,0,0,0,0,0,1,0,1,0,0,0,0,0,0,0,0,0,0,1,0,0,0,0,0,0,0,0,0,0,0,0,0,0,0,0,0,0,0,0,0,0,0,0,0,0,2,0,2,0,0,0,0,0,0,0,1,0,2,0,2,0,2,1,0,0,0,0,0,2,0,0,0,0,0,0,0,0,0,0,0,0,0,0,0,0,2,0,0,0,0,0,0,0,0,0,0,0,1,0,0,0,0,0,0,0,0,0,0,0,2,1,0,0,0,0,0,0,3,0,0,0,0,1,0,0,1,0,0,0,0,0,0,0,0,0,0,0,0,0,0,0,0,0,0,0,1,1,0,1,0,0,0,0,0,0,0,2,0,0,0,1,0,0,1,0,0,3,0,0,0,0,0,0,0,0,0,0,2,0,2,0,0,0,0,2,0,0,2,0,0,0,0,0,0,0,0,0,0,0,0,1,0,0,0,0,0,0,0,0,0,0,0,0,0,0,0,0,0,0,0,0,0,0,0,0,0,0,0,0,0,0,2,0,0,0,0,0,2,0,2,0,2,0,0,0,0,0,0,0,0,0,1
0,0,0,0,1,0,0,0,0,0,1,0,0,0,0,0,0,0,0,0,0,0,0,0,0,0,0,0,1,0,1,0,0,1,0,0,0,0,0,0,0,0,0,1,0,0,0,2,0,0,0,1,0,0,0,0,0,0,0,0,1,1,0,2,0,2,0,0,0,0,0,0,1,0,0,0,0,1,1,1,0,0,0,0,0,0,0,1,1,1,0,0,0,0,0,1,0,0,0,0,0,0,0,0,0,0,0,0,0,0,0,0,0,0,0,0,0,0,0,0,0,1,0,0,0,0,0,1,0,0,0,0,0,0,0,2,0,0,0,0,2,1,0,1,0,0,1,0,0,0,0,0,0,0,0,0,0,0,0,0,0,0,0,0,0,1,0,0,0,0,1,0,1,0,0,0,0,0,2,0,0,2,0,1,0,0,2,0,1,1,0,1,0,0,0,0,0,0,0,1,0,0,0,0,0,0,0,0,0,0,0,0,1,0,0,0,0,1,1,1,0,0,0,0,0,0,0,0,0,0,0,0,0,0,0,1,0,0,0,0,0,1,1,1,0,1,0,0,1,0,0,0,0,0,0,0
0,0,0,0,1,0,0,0,0,1,1,0,0,0,0,1,0,0,0,0,0,0,0,0,0,0,0,0,1,0,0,1,0,1,0,0,0,0,0,0,0,0,0,0,0,0,0,0,0,0,0,2,0,0,0,0,0,0,0,0,1,1,0,2,0,3,0,0,0,1,0,0,1,0,0,0,0,1,0,0,0,0,0,0,0,1,0,1,0,1,0,0,0,0,0,0,0,0,0,0,1,0,0,0,1,0,0,0,0,0,0,0,0,0,0,0,0,0,0,0,0,1,0,0,0,0,0,1,0,0,1,0,0,0,0,1,0,0,0,1,0,0,0,0,0,0,0,0,0,0,0,0,0,0,0,0,0,0,0,0,1,0,0,0,0,1,0,1,0,1,1,0,0,0,0,0,0,0,0,0,0,2,0,1,1,0,0,0,1,0,0,1,0,0,0,0,0,0,0,0,0,0,0,0,0,1,0,0,0,0,0,0,0,0,0,0,1,0,0,0,0,0,0,0,0,0,0,0,0,0,0,0,0,0,0,1,0,0,0,0,0,1,0,2,0,1,0,0,1,0,0,0,0,0,0,0
0,0,0,0,0,0,0,0,0,1,1,0,0,0,1,0,0,0,0,0,0,0,0,0,0,0,0,0,1,0,1,0,0,1,0,1,0,0,0,0,0,1,0,1,0,0,0,1,0,0,0,1,0,0,0,0,1,0,0,0,1,1,0,2,0,1,0,0,0,0,0,0,1,0,0,0,0,1,0,0,0,0,0,1,0,1,0,1,0,1,0,0,0,1,0,0,0,0,0,0,0,0,0,0,0,0,0,0,0,0,0,0,0,1,0,0,0,0,0,2,0,1,0,0,0,0,0,1,0,0,2,0,0,0,0,1,0,0,0,0,0,1,0,0,0,0,0,0,0,0,0,0,0,0,0,0,0,0,0,0,0,0,0,0,0,1,1,2,0,0,1,0,0,0,0,0,0,1,0,0,0,3,0,1,0,0,0,0,2,1,0,1,0,0,0,0,0,0,0,1,0,0,2,2,0,0,0,0,0,2,0,0,0,0,0,0,0,0,1,0,0,0,2,0,0,0,0,0,0,0,0,0,0,0,0,1,0,0,0,0,0,1,0,1,0,1,0,0,2,0,1,0,0,0,0,0
0,0,0,0,0,0,0,0,0,3,0,1,0,0,0,1,0,0,0,0,0,0,0,0,0,0,0,0,0,0,1,0,0,0,0,0,0,0,0,0,0,0,0,0,0,0,0,0,0,2,0,2,0,0,0,0,0,0,0,1,0,1,0,2,0,2,0,0,0,0,0,0,0,0,0,1,0,0,0,0,0,0,0,1,0,0,0,0,0,2,0,0,0,0,0,0,0,0,0,0,0,1,0,0,0,0,0,0,0,0,3,0,0,3,1,0,0,2,0,0,0,2,0,0,0,0,0,3,0,0,1,0,0,0,0,0,0,0,0,0,1,0,0,0,0,0,1,0,0,0,0,1,0,0,0,0,0,0,0,0,2,0,0,0,0,0,0,3,1,1,2,0,0,0,0,0,0,0,0,0,0,2,0,2,0,0,0,0,1,0,0,2,0,0,0,0,0,0,0,0,0,0,0,0,0,0,0,0,0,0,0,0,0,0,0,0,0,0,0,0,0,0,0,0,0,0,0,0,0,0,0,0,0,0,0,2,0,1,0,0,0,2,0,2,0,2,0,0,0,0,0,0,0,0,0,0
0,0,0,0,0,0,0,0,1,2,0,0,0,0,0,2,0,0,0,0,0,0,0,0,0,0,0,0,1,0,1,0,0,1,0,0,0,0,0,0,0,0,0,1,0,0,1,0,0,0,1,1,0,0,0,0,0,0,0,1,1,1,0,2,0,1,0,0,0,0,0,0,1,0,0,0,0,1,0,0,0,0,0,0,0,1,0,1,0,1,0,0,0,1,0,0,0,0,0,2,0,0,0,0,0,0,0,0,0,0,0,0,0,1,0,0,0,0,0,0,0,1,1,0,0,0,0,0,0,0,0,0,0,0,0,1,0,0,0,0,1,0,0,0,0,0,1,0,0,0,0,0,0,0,0,0,0,0,0,0,1,0,0,0,0,1,0,1,0,0,2,0,0,0,0,0,0,0,0,0,0,2,0,1,0,0,0,0,2,0,0,1,0,0,0,0,0,0,0,2,0,0,1,1,0,0,0,0,0,0,0,0,0,0,0,0,0,0,1,0,0,0,1,0,0,0,0,0,0,0,0,0,0,1,0,1,0,0,0,0,0,1,0,1,0,0,0,0,0,0,0,0,0,0,2,1
1,0,0,0,0,1,0,0,0,6,0,1,0,0,0,0,0,0,0,0,0,1,1,0,0,0,0,0,0,0,0,1,0,0,0,1,0,0,0,0,0,0,0,0,1,0,0,0,0,5,0,2,1,0,0,0,1,0,0,0,3,2,0,2,1,3,0,1,0,0,0,0,2,1,1,0,0,0,0,0,0,0,0,0,0,3,0,0,2,3,0,0,0,1,0,0,0,0,0,1,0,0,0,0,0,0,0,0,0,0,3,0,0,5,0,0,0,0,0,0,1,4,0,0,0,0,1,0,0,0,0,0,0,0,0,0,0,0,0,0,0,0,1,0,0,0,0,0,0,1,1,0,0,0,0,0,1,0,0,0,2,0,0,0,1,0,0,2,0,0,2,0,0,0,0,0,0,0,0,0,0,2,0,2,0,0,0,0,2,1,0,2,0,0,0,0,0,1,0,0,0,0,0,0,0,0,0,0,0,0,0,0,1,0,0,0,0,0,0,0,0,0,0,0,0,0,0,0,1,0,0,0,0,1,0,2,0,0,0,0,0,2,0,2,0,1,0,0,0,0,1,1,0,0,0,0
0,0,0,0,0,0,0,0,0,3,0,1,0,0,0,3,0,0,0,0,0,0,0,0,0,0,0,0,0,0,0,0,0,0,0,0,0,0,0,0,0,0,0,0,1,0,0,0,0,1,0,2,0,0,0,0,0,0,0,0,0,2,1,2,0,2,0,0,0,1,0,0,0,0,0,0,2,0,0,0,0,0,0,0,0,1,0,0,0,3,0,0,0,0,0,0,0,0,0,0,0,0,0,0,0,0,0,0,0,0,0,0,0,2,1,0,0,1,0,0,0,1,0,1,0,0,0,1,0,0,0,0,0,0,0,0,0,0,0,0,0,0,0,0,0,0,0,0,0,0,0,0,0,0,0,0,0,0,0,0,1,0,0,0,0,0,0,2,0,0,3,0,0,0,0,0,0,0,0,0,0,2,0,2,0,0,0,0,2,0,0,3,0,0,0,0,0,0,0,0,0,0,0,0,0,0,0,0,0,0,0,0,0,0,0,0,0,0,0,0,0,0,0,0,0,0,0,0,0,0,0,0,0,0,0,2,0,0,0,0,0,2,0,2,0,2,0,0,1,0,0,0,0,0,0,0
0,0,0,0,0,1,0,0,0,4,0,1,0,0,0,3,0,0,0,0,0,0,0,0,0,0,0,0,0,0,0,0,0,0,0,0,0,0,0,0,0,0,0,0,0,0,0,0,0,0,0,2,0,0,0,0,0,0,0,0,0,2,0,2,0,2,0,0,0,1,0,0,0,1,0,0,0,0,0,0,0,1,0,0,0,3,0,1,0,3,0,0,0,0,0,0,0,0,0,0,0,0,0,0,0,0,0,1,0,0,0,0,0,0,0,0,1,0,0,0,1,1,0,0,0,0,0,1,0,0,1,0,0,0,0,0,0,0,0,0,0,1,0,1,0,0,0,0,0,0,0,3,0,0,0,0,0,0,0,0,2,0,0,0,0,0,0,0,0,0,2,0,0,0,1,0,0,0,0,0,0,2,2,2,0,0,0,0,2,0,0,5,1,1,0,0,0,0,0,0,0,0,0,1,0,1,1,0,0,0,0,1,0,0,0,0,0,0,0,0,0,0,0,0,0,0,0,0,0,0,0,0,0,1,0,2,0,0,0,0,0,2,0,2,0,2,0,0,0,0,0,0,0,0,0,1
0,0,0,0,0,0,0,0,0,6,0,0,0,0,0,5,0,0,0,0,0,0,0,0,0,0,0,0,1,0,1,0,0,1,0,0,0,0,0,0,0,0,0,1,0,0,0,0,0,0,0,1,0,0,0,0,0,0,0,0,1,1,0,2,0,1,0,0,0,0,0,0,1,1,0,0,0,1,0,0,0,0,0,0,0,1,0,1,0,1,0,0,0,1,0,0,0,0,0,3,0,0,0,0,0,0,0,0,0,0,3,0,0,6,3,1,0,2,0,0,0,1,0,0,1,0,0,1,0,0,0,0,0,0,0,1,0,0,1,0,1,2,0,0,0,0,2,0,0,0,0,0,0,0,0,0,0,0,0,0,1,0,0,0,0,1,0,4,1,0,1,0,3,0,0,0,1,0,0,0,0,2,3,1,0,0,1,0,1,0,0,1,1,0,0,0,0,0,0,2,0,0,0,0,0,0,0,0,0,2,0,0,0,0,0,0,0,0,1,0,0,1,2,0,0,0,0,0,0,0,0,0,0,0,0,1,0,0,0,0,0,1,0,1,0,4,0,0,0,0,0,0,0,1,2,0
1,0,0,0,0,1,0,0,2,6,0,0,0,0,0,1,0,0,0,0,0,0,0,1,0,0,0,0,0,0,1,0,0,0,0,0,0,0,0,0,0,0,0,0,0,0,0,0,0,2,0,2,0,0,0,0,0,1,0,0,0,2,0,2,0,2,0,0,0,0,0,0,0,0,0,0,0,0,0,0,0,0,1,0,0,2,0,0,0,3,0,0,0,0,0,0,0,0,0,3,0,0,0,0,2,0,0,0,0,0,1,1,0,4,1,0,0,0,0,0,0,2,0,0,0,0,1,2,0,0,0,0,0,0,0,0,0,0,0,0,0,0,0,0,0,0,1,0,0,0,0,0,0,1,0,0,0,0,0,0,1,0,0,0,0,0,1,4,0,0,2,0,1,0,0,0,1,0,0,0,0,2,0,2,0,0,0,0,3,1,0,2,1,0,0,0,0,0,0,0,1,0,0,0,0,0,0,0,0,0,0,0,0,0,0,0,0,0,0,0,0,0,0,0,0,0,0,0,0,0,0,0,0,0,0,2,0,0,0,0,0,2,0,2,0,2,0,0,1,0,0,0,0,0,0,0
0,0,0,0,0,0,0,0,0,1,0,0,0,0,0,0,0,0,0,0,2,0,0,0,0,0,0,0,2,0,3,0,0,2,0,0,0,0,0,0,0,0,0,2,0,0,0,0,0,0,0,0,0,0,0,0,2,0,0,0,2,0,0,2,0,0,0,0,0,0,0,0,2,1,0,0,0,3,0,1,0,0,0,0,1,0,0,2,0,0,0,0,0,2,0,0,0,0,0,1,0,0,0,0,0,0,1,0,0,0,0,0,0,0,0,0,0,0,0,0,0,0,0,0,0,0,0,0,0,0,2,0,0,1,0,2,0,0,1,0,0,0,0,0,0,2,1,0,0,0,0,0,0,0,0,0,0,0,0,0,0,0,0,0,0,2,0,0,2,0,0,0,0,0,0,0,0,0,0,0,0,2,0,0,0,0,2,0,0,0,0,0,0,0,0,0,1,0,0,2,1,0,4,5,0,0,0,0,0,0,0,0,1,0,1,0,0,0,3,0,0,0,2,1,0,0,0,0,1,0,0,0,0,0,0,0,1,0,0,0,0,0,0,0,0,0,0,0,0,0,0,0,0,0,0,0
0,0,0,1,0,1,0,0,0,0,0,0,0,1,0,0,0,0,0,0,0,0,0,0,0,0,0,0,1,0,1,0,0,1,0,0,0,0,0,0,0,0,0,1,0,0,0,0,0,0,0,1,0,1,0,0,0,1,0,0,1,1,0,6,0,1,0,0,0,0,0,0,1,0,0,0,1,1,0,0,0,0,0,0,0,1,0,1,0,2,0,0,0,1,0,0,0,0,0,0,0,0,0,0,0,0,0,1,0,0,0,0,0,0,0,0,0,1,0,0,0,3,0,0,0,0,0,1,0,0,2,0,0,0,0,0,0,0,0,0,0,2,0,0,0,0,0,0,0,0,1,0,2,1,0,0,0,0,0,0,1,0,0,0,0,1,0,0,3,1,1,0,0,1,0,0,1,1,0,0,1,3,0,1,0,0,2,0,1,1,0,1,0,0,0,0,1,0,0,2,0,0,2,3,0,0,0,0,0,0,0,0,1,0,0,0,0,0,1,0,0,0,0,1,0,0,0,0,0,0,0,0,0,1,0,1,0,0,0,0,1,1,0,1,0,2,0,1,0,0,0,0,0,0,0,0
0,0,0,0,0,0,0,0,0,2,0,0,0,1,0,1,0,0,0,0,0,0,2,0,0,0,0,2,2,1,0,0,0,1,0,0,0,0,0,0,0,0,0,1,0,0,0,4,0,1,0,1,0,0,0,0,1,0,0,1,2,0,0,2,0,3,0,0,0,0,0,0,1,0,0,0,0,1,2,0,0,0,0,0,0,2,0,1,0,0,0,0,0,0,0,0,0,0,0,0,0,0,0,0,0,1,0,0,0,0,0,0,0,2,0,0,0,0,0,1,0,2,2,0,2,0,0,1,0,0,2,0,0,0,1,0,0,0,0,0,0,0,0,0,0,1,0,0,0,1,1,0,1,0,0,0,0,0,0,0,1,0,1,0,0,1,0,2,0,0,3,0,3,0,0,0,1,0,2,0,0,2,0,2,0,1,1,0,0,1,0,1,0,0,1,0,1,0,0,2,0,0,1,0,0,0,0,0,0,0,0,0,1,0,0,0,0,0,1,0,0,0,0,0,0,0,0,0,0,0,0,0,0,0,0,1,0,0,0,0,0,1,0,1,0,3,0,0,0,0,0,0,0,0,0,0
0,0,1,0,0,0,0,1,0,1,0,1,0,0,0,0,1,0,0,0,0,0,0,0,0,0,0,0,4,1,1,0,0,1,0,0,0,0,0,1,0,0,0,1,0,0,0,0,0,0,0,1,0,0,0,0,1,0,0,0,2,0,0,2,0,1,0,0,0,0,0,0,1,0,0,0,0,1,0,0,0,0,0,0,0,1,0,1,0,0,0,0,3,1,0,0,0,0,0,0,0,0,0,0,0,0,0,0,0,0,0,0,0,0,1,0,0,0,0,0,0,1,0,0,0,0,0,1,0,0,4,0,0,0,0,1,0,0,0,0,0,0,1,1,0,0,0,0,0,0,0,0,0,0,0,1,2,0,0,1,0,0,1,0,0,1,0,0,0,0,3,0,0,1,0,1,0,0,1,0,0,2,0,1,0,0,1,0,0,0,0,1,0,0,0,0,0,0,0,1,0,4,4,5,0,0,0,0,0,2,0,0,0,0,0,1,0,0,1,0,0,0,2,0,0,0,0,0,0,0,0,0,0,0,0,1,0,0,0,0,0,1,0,1,0,1,0,0,0,0,0,0,0,0,0,0
0,0,0,0,0,0,0,0,0,0,1,0,1,0,0,0,0,0,0,0,0,0,0,0,0,0,0,0,1,0,1,0,0,1,0,1,0,0,0,0,0,0,0,1,0,0,0,0,0,0,0,1,0,0,0,1,0,0,0,0,1,1,0,2,1,3,0,0,0,0,0,0,1,0,0,0,1,1,0,0,0,0,0,0,1,0,0,1,0,1,0,0,0,1,0,0,0,0,0,0,0,0,0,0,1,0,0,0,0,0,0,0,0,0,1,0,0,0,0,0,0,1,0,0,0,0,0,1,0,0,0,0,0,0,0,1,0,0,0,0,0,0,0,0,0,0,1,0,0,0,1,0,0,0,0,0,0,0,0,0,0,0,0,0,0,1,0,0,0,0,1,0,0,0,0,0,0,0,0,0,0,2,0,1,0,0,1,0,1,0,0,1,0,0,0,0,0,0,1,1,0,0,2,2,0,0,0,2,0,2,0,0,0,0,0,0,0,0,1,0,0,0,0,0,0,0,0,0,1,0,0,0,0,0,0,1,0,0,0,0,0,1,0,1,0,1,0,0,1,0,0,0,0,0,0,0
0,1,0,0,0,0,0,0,0,4,1,0,0,0,0,2,0,0,0,0,0,0,0,0,0,0,0,0,1,0,2,1,0,1,0,1,0,0,0,0,0,0,0,1,0,0,0,0,0,0,0,1,0,0,0,1,0,1,0,0,1,1,1,3,0,1,0,0,0,0,0,0,1,0,0,0,0,1,0,0,0,0,0,0,0,2,0,1,0,2,0,0,0,1,0,0,0,0,0,0,0,0,0,2,0,0,0,1,0,0,1,0,0,4,0,0,0,0,0,0,2,2,0,0,0,0,0,0,0,0,0,0,0,0,0,1,0,0,0,0,0,0,0,0,0,0,1,0,0,0,0,0,0,0,0,0,0,0,0,0,0,0,0,0,0,1,0,0,0,0,1,0,0,0,0,0,0,0,0,0,0,2,0,1,0,0,0,0,1,0,0,1,0,0,0,0,0,0,0,2,1,0,0,0,0,1,1,0,0,0,0,0,4,0,1,0,0,0,1,0,0,0,1,2,0,0,0,2,0,0,0,1,0,1,0,1,0,0,0,0,1,1,0,1,0,0,0,2,1,0,0,0,0,0,0,1
0,0,0,0,0,0,0,0,0,2,0,0,0,0,0,1,0,0,0,0,0,0,0,0,0,0,0,0,1,0,0,0,0,0,0,0,0,0,0,0,0,0,0,0,0,0,0,0,1,0,0,3,0,0,0,0,0,0,0,0,0,2,0,2,1,2,0,0,0,0,0,0,0,0,0,0,0,0,0,0,0,1,0,1,0,0,0,0,0,2,0,0,0,0,0,0,0,0,0,0,0,0,0,0,0,0,0,0,0,0,0,0,0,2,1,0,0,0,0,0,0,2,0,0,0,0,0,1,0,0,1,0,0,0,0,0,0,0,0,0,0,2,0,1,0,0,1,0,0,0,0,2,0,0,0,0,0,0,0,0,1,0,0,0,0,0,0,1,0,0,2,0,0,0,0,0,0,0,0,0,0,2,0,2,0,0,0,0,2,0,0,3,0,0,0,0,0,0,0,0,0,0,0,0,0,0,0,0,0,0,0,0,0,0,0,0,0,0,0,0,0,0,0,0,0,0,0,0,0,0,0,0,0,0,0,2,0,0,0,0,0,2,0,2,0,3,0,0,1,0,0,0,0,0,0,1
0,0,0,0,0,0,0,0,0,1,0,0,0,0,0,1,0,0,0,0,0,0,0,0,0,0,0,0,1,0,1,1,0,1,0,0,0,0,0,0,0,0,0,1,0,0,0,1,0,1,0,1,0,0,0,0,0,0,0,0,1,1,0,2,0,1,0,0,0,0,0,0,1,0,0,0,0,1,0,0,0,0,0,0,0,0,0,1,0,0,0,0,0,0,0,0,0,0,0,0,0,0,0,0,0,0,0,0,0,0,1,0,0,1,0,0,0,0,0,0,0,1,0,0,0,0,0,1,0,0,0,0,0,0,0,0,0,0,1,0,0,1,0,0,0,1,0,0,0,0,0,0,0,0,0,0,0,0,1,0,1,0,0,0,0,1,1,0,0,0,1,0,0,0,1,0,0,0,0,0,0,2,0,1,0,0,1,0,1,0,0,1,1,0,0,0,0,1,0,1,0,0,0,0,0,0,0,0,0,1,0,0,1,0,0,0,0,0,1,0,0,0,0,0,0,0,0,0,0,0,0,0,1,0,0,1,0,0,0,0,0,1,0,1,0,1,0,0,0,0,0,0,0,0,0,0
0,0,0,0,0,0,0,0,0,3,0,3,0,0,0,0,0,0,0,0,0,0,1,0,0,0,0,0,1,0,3,0,0,1,0,0,0,0,0,0,0,0,0,1,0,0,0,2,0,0,0,1,0,0,0,0,1,0,0,0,1,1,0,2,0,2,0,0,0,0,0,0,1,1,0,0,0,1,1,0,0,0,0,0,0,2,0,1,0,2,0,0,0,0,0,0,0,0,0,0,0,0,0,0,1,0,0,0,0,0,0,0,0,1,0,0,0,0,0,0,0,1,0,1,0,0,0,2,0,0,0,0,0,1,0,0,0,0,0,0,0,1,0,0,0,0,0,0,0,1,1,0,0,0,0,0,0,0,0,0,1,0,0,0,0,1,0,1,0,0,2,0,0,0,0,0,0,0,0,0,0,2,0,1,0,0,0,0,1,0,0,1,0,0,0,0,1,0,0,2,0,0,0,0,0,0,0,0,0,1,0,0,0,0,0,0,0,0,1,0,0,0,1,0,0,0,0,0,0,0,0,0,0,1,0,1,0,0,0,0,0,1,0,1,0,1,0,0,0,0,0,0,0,0,0,1
0,0,0,0,0,0,0,0,0,1,0,0,0,2,0,1,0,0,0,0,2,0,0,0,0,0,0,0,1,0,1,1,0,1,0,0,0,0,0,0,0,0,0,1,0,0,0,1,0,0,0,2,0,0,0,0,0,0,0,0,1,1,0,2,0,1,0,0,0,0,0,0,1,0,1,0,0,1,0,0,0,0,0,0,0,0,0,1,0,1,0,0,0,0,0,0,0,0,0,0,0,0,0,0,0,0,0,0,0,0,0,0,0,0,0,0,0,0,0,0,0,1,0,0,0,0,0,0,0,0,0,0,0,0,1,0,0,0,0,0,1,3,0,0,0,1,1,0,0,0,0,1,0,0,0,0,0,0,0,0,1,0,0,0,0,1,0,1,0,0,1,0,0,0,3,0,0,0,0,0,0,2,0,1,0,0,2,0,1,0,0,2,0,0,0,0,1,0,0,1,0,0,1,2,0,0,0,0,0,3,0,0,0,0,0,1,1,0,1,0,0,0,0,0,0,0,0,0,0,0,0,0,0,0,0,1,0,0,0,0,0,1,0,1,0,1,0,0,0,0,0,0,0,0,1,0
0,0,1,0,0,0,0,0,0,3,0,1,0,0,0,1,0,0,0,0,0,0,0,0,0,1,0,0,0,0,2,0,0,0,0,1,0,0,0,0,0,0,0,0,3,0,0,0,0,2,0,1,0,0,0,0,2,0,0,1,0,1,0,1,0,1,0,0,0,1,0,0,2,0,1,0,0,0,0,0,0,0,0,0,0,1,1,0,0,1,0,0,0,0,0,1,0,0,0,0,0,0,0,0,0,0,0,0,0,0,0,0,1,0,0,0,0,0,0,0,1,0,0,0,1,1,0,0,0,0,0,0,0,0,0,0,0,0,0,0,0,0,1,0,0,0,0,0,0,0,0,1,0,0,0,0,0,0,0,0,1,0,0,0,0,0,2,2,0,0,1,0,0,0,1,0,0,0,0,0,0,1,0,1,0,0,0,0,3,0,0,1,1,0,0,0,0,0,0,1,1,0,0,0,1,0,0,0,0,1,1,0,2,0,0,0,0,0,0,0,0,0,3,0,0,0,0,0,0,0,0,0,0,1,0,1,0,2,3,0,0,2,0,1,0,0,0,0,0,0,1,1,0,0,0,0
2,0,0,0,0,0,0,0,0,3,0,0,0,0,0,1,0,0,0,0,0,0,0,0,1,0,1,0,0,0,0,0,0,0,0,0,0,2,0,0,0,0,0,0,0,2,0,0,1,0,0,1,0,0,0,0,0,0,0,4,0,1,0,1,0,1,0,0,0,0,0,0,0,0,0,0,0,0,0,0,0,0,1,0,1,1,0,1,1,1,2,0,0,0,2,0,0,0,0,0,0,0,0,0,0,0,0,1,0,0,0,0,0,1,0,0,0,0,0,0,0,1,0,0,0,0,0,2,0,0,0,0,0,2,0,0,0,0,0,0,0,0,0,0,0,0,0,0,0,0,0,0,0,0,1,0,0,0,0,0,0,0,0,2,0,0,0,1,0,0,1,0,0,0,0,0,1,0,1,0,0,2,0,1,1,0,0,0,1,0,1,1,0,1,0,0,0,0,0,0,0,0,0,0,0,0,0,0,0,0,0,0,0,0,0,0,0,0,0,0,0,0,0,0,2,0,0,0,0,0,4,0,0,0,3,1,0,0,0,0,5,1,0,1,0,1,0,0,1,0,0,0,0,0,0,0
0,0,0,0,0,0,0,0,0,1,0,1,0,0,0,1,0,0,0,0,1,1,0,0,0,0,0,0,1,0,1,0,0,0,0,0,0,0,0,0,0,0,0,0,0,0,0,0,0,0,0,2,0,0,0,0,0,0,0,0,1,1,0,2,1,2,0,0,0,1,0,0,0,0,0,0,0,1,0,0,0,0,0,0,0,0,0,0,0,2,0,0,0,0,0,0,0,0,0,0,0,0,0,0,0,0,0,0,0,0,0,0,0,1,0,0,0,1,0,0,0,2,0,0,0,0,0,1,0,1,0,0,0,0,0,0,0,0,0,0,0,0,0,0,0,0,1,0,0,0,0,0,0,0,0,0,0,0,0,0,2,0,0,0,0,0,0,1,1,1,2,0,1,0,0,0,0,0,0,0,0,2,0,2,0,0,0,0,1,0,0,2,0,0,0,0,0,0,0,0,0,0,0,0,0,0,0,0,0,0,0,0,0,0,0,0,0,0,0,0,0,0,0,0,0,0,0,0,0,0,0,0,0,0,0,1,0,0,0,0,0,2,0,2,0,1,0,0,0,0,0,0,0,0,0,0
0,0,0,0,0,0,0,0,0,2,0,0,0,0,0,0,0,0,0,0,0,0,0,0,0,0,0,0,0,0,0,0,0,0,0,0,0,0,0,0,0,0,0,0,0,0,0,0,0,0,0,2,0,0,0,0,0,1,0,0,0,2,0,2,0,2,0,0,0,0,0,0,0,0,0,1,0,0,0,0,0,1,1,0,0,0,1,0,0,2,0,0,0,0,1,1,0,0,1,0,0,0,0,1,0,0,0,0,0,0,0,0,0,3,1,0,0,0,0,0,0,2,0,0,0,0,0,2,0,0,0,0,0,0,0,0,0,0,0,0,0,0,0,0,0,0,0,0,0,0,1,0,1,0,0,0,0,0,0,0,1,0,1,0,0,0,0,2,0,0,2,0,0,0,0,0,1,0,0,0,0,5,1,2,0,0,0,0,3,3,0,2,0,0,0,0,0,1,0,0,0,0,0,0,0,0,0,0,0,0,1,0,3,0,0,0,0,0,2,0,0,0,0,0,0,0,0,0,0,0,0,0,0,0,0,3,0,0,0,0,0,2,1,2,0,2,0,0,1,0,0,0,0,0,0,0
0,0,0,0,0,0,0,0,2,0,0,0,0,0,0,0,0,0,0,0,0,1,1,0,0,0,0,0,0,0,1,0,0,0,0,1,0,0,0,0,0,0,0,0,0,0,0,0,0,2,0,2,0,0,0,0,0,0,2,0,0,0,1,2,0,3,0,0,0,0,0,0,0,0,1,0,0,1,0,1,0,0,0,0,0,2,0,0,0,1,0,0,0,0,0,1,0,0,0,1,2,0,0,0,0,0,0,0,0,0,0,0,1,1,0,1,0,0,0,0,1,2,0,0,0,0,0,0,0,0,0,0,0,1,0,0,0,0,1,0,0,0,0,0,0,0,0,0,0,0,0,0,0,0,0,0,0,0,0,0,1,0,0,0,0,0,0,5,0,0,2,0,0,0,0,0,2,0,0,0,0,2,0,2,0,0,0,0,2,0,0,3,1,0,0,0,0,0,0,2,0,0,0,0,1,0,0,1,0,0,0,0,4,0,0,0,0,0,0,1,0,0,0,0,0,0,0,0,0,0,0,0,0,1,0,2,0,0,0,0,1,2,0,2,0,2,0,0,1,0,0,1,0,0,1,2
0,1,0,1,0,1,0,0,1,1,0,0,0,2,0,0,0,0,0,0,0,0,0,0,1,0,0,2,0,0,1,0,0,0,0,0,0,0,0,0,0,0,0,0,2,0,1,0,0,0,0,1,0,0,2,0,0,1,0,0,0,1,0,1,0,1,0,0,0,2,0,0,0,0,0,0,0,0,0,0,0,0,0,0,0,3,0,0,0,1,0,0,0,0,0,3,0,1,0,1,0,1,0,0,0,0,2,0,0,0,0,0,1,1,0,0,0,0,0,0,0,2,0,0,1,0,2,1,0,0,0,0,0,0,0,0,0,0,0,0,1,0,0,0,0,0,0,0,0,0,0,0,0,0,0,0,0,0,1,0,0,0,1,0,0,0,1,0,0,0,1,0,1,1,0,1,2,0,0,0,0,1,0,1,0,0,0,0,1,1,0,1,0,0,0,0,0,0,0,0,1,0,0,0,0,0,0,0,0,0,0,0,0,0,0,0,0,0,1,0,0,0,0,0,0,0,0,0,0,0,0,0,0,1,0,1,3,0,0,0,0,1,1,1,0,1,0,0,1,0,0,0,0,0,0,2
0,0,0,0,0,0,0,0,0,1,1,0,1,0,0,0,0,0,0,0,0,0,0,1,0,0,0,0,1,0,1,0,0,1,0,0,0,0,0,0,0,0,0,1,0,0,0,0,1,0,0,1,1,0,0,0,2,0,0,0,1,1,0,2,0,1,1,0,0,2,0,0,1,0,0,0,0,1,0,2,0,1,0,0,0,2,0,1,0,2,0,0,0,1,0,0,0,0,0,0,0,0,0,0,0,0,0,1,0,0,0,0,0,1,1,0,0,0,1,0,1,1,0,0,0,0,0,1,0,0,0,0,0,0,0,1,0,0,0,0,0,0,0,0,0,0,1,0,0,0,0,0,0,0,0,0,0,0,0,0,0,1,2,0,0,1,0,1,0,0,1,1,0,0,0,0,2,0,0,0,0,2,0,1,0,0,1,0,1,2,0,1,0,0,0,0,0,0,0,1,0,0,2,1,0,0,0,0,0,0,0,0,0,0,0,0,0,0,2,0,0,0,1,0,0,0,0,0,1,0,0,0,0,0,0,2,0,0,0,0,0,1,0,1,0,1,0,0,1,0,0,0,0,0,0,0
0,0,0,0,0,0,0,0,1,2,1,1,0,0,0,1,0,0,0,0,0,1,0,0,0,0,0,0,0,0,0,0,0,0,0,0,0,0,0,0,0,0,0,0,0,0,0,0,0,0,0,2,0,0,0,0,0,0,0,0,0,2,0,2,1,2,0,0,0,1,0,0,0,0,0,0,0,0,0,1,0,0,0,0,0,3,0,0,0,2,0,0,0,0,1,0,1,0,0,0,0,0,0,0,0,0,0,2,0,0,0,0,0,1,0,0,0,0,0,0,1,1,0,0,0,0,0,1,0,0,0,0,0,0,0,0,0,0,0,0,0,0,0,0,0,0,0,0,0,0,0,0,0,0,0,0,0,0,0,0,0,0,0,0,0,0,0,1,0,1,2,0,0,0,0,0,0,0,0,1,0,2,1,2,0,0,0,0,2,0,0,2,0,0,0,0,0,0,0,0,0,0,0,0,0,0,0,0,0,0,0,0,1,0,0,0,0,0,0,0,0,0,0,0,0,0,0,0,0,0,0,0,0,0,0,2,0,0,0,0,0,2,0,2,0,2,0,0,2,0,0,0,0,0,0,0
0,0,0,0,0,0,0,1,0,3,0,1,0,0,0,1,0,0,0,1,1,1,1,0,0,0,0,0,2,0,0,1,0,1,0,0,0,0,0,0,0,0,0,0,0,0,0,0,0,0,0,2,0,1,0,0,0,0,0,0,1,1,0,2,0,2,0,0,0,0,0,0,1,0,0,0,0,1,0,1,0,0,0,0,1,1,0,0,0,1,0,0,0,0,0,0,0,0,0,1,0,0,0,0,0,0,0,1,0,1,0,0,0,2,0,0,1,0,0,0,0,2,1,0,0,0,0,1,0,0,1,0,0,1,0,0,0,0,0,0,0,0,0,0,0,0,1,0,0,0,0,0,0,0,0,0,1,0,0,0,0,0,0,0,0,1,1,2,0,1,2,0,0,0,0,0,0,0,0,0,0,2,0,1,0,0,1,0,2,0,0,1,0,0,0,0,0,0,0,0,0,0,2,1,0,0,0,0,0,0,0,0,2,1,0,0,0,0,0,0,1,0,0,0,0,0,0,0,0,0,0,0,0,0,0,2,0,0,0,0,0,1,0,1,0,2,0,0,1,0,0,0,0,0,0,1
0,0,0,0,0,3,0,0,0,4,0,0,0,0,0,3,0,0,0,0,0,0,0,0,0,0,0,0,1,0,1,0,0,0,0,0,0,0,0,0,0,1,0,0,0,1,0,0,0,0,2,3,1,0,0,1,0,0,1,0,0,2,0,2,0,2,0,0,0,0,0,0,0,0,0,0,0,0,0,0,0,0,0,0,0,1,0,0,0,2,0,0,0,0,0,0,0,0,0,0,0,1,0,0,0,0,0,0,0,0,0,1,0,1,0,0,0,0,0,0,0,2,0,0,0,2,0,2,0,0,0,0,0,0,0,0,0,0,0,0,0,0,1,0,0,0,0,0,0,1,0,2,0,0,0,0,0,0,0,0,1,0,0,0,0,0,0,1,0,0,2,0,0,0,0,0,0,0,0,1,0,2,0,2,0,0,0,0,2,2,0,2,0,0,0,0,0,1,0,0,0,0,0,0,0,0,0,0,0,0,0,0,1,0,0,0,0,0,0,0,1,0,0,0,0,0,0,0,0,0,0,0,0,0,0,2,0,0,0,0,0,2,0,2,0,2,0,0,1,0,1,0,0,0,0,0
0,0,0,0,0,1,0,0,0,1,0,1,0,0,0,0,0,0,0,0,0,0,0,0,0,0,0,0,1,0,1,0,0,1,0,0,0,0,0,0,0,0,0,1,0,0,0,0,1,0,2,1,0,0,0,0,0,2,0,0,1,1,1,2,0,1,0,0,0,0,0,0,1,0,0,0,0,1,1,1,0,0,0,0,0,2,0,1,0,2,0,0,0,1,0,0,0,0,0,0,0,0,0,0,1,0,0,0,0,0,0,0,0,0,0,0,0,1,0,0,0,1,0,2,0,0,0,0,0,0,0,0,0,0,0,1,0,0,0,0,0,0,1,0,0,0,1,0,0,0,0,0,0,0,0,0,0,0,0,0,1,0,0,0,0,1,0,0,0,0,1,0,0,0,0,0,0,0,0,0,0,2,0,1,0,0,0,0,1,0,0,1,0,0,0,0,0,0,0,3,0,0,2,2,0,0,0,0,0,0,0,0,0,0,0,0,0,0,1,0,0,0,2,0,0,0,0,0,0,0,0,2,0,0,0,1,0,0,0,0,0,1,0,1,0,1,0,0,0,0,1,0,0,0,1,1
0,0,0,0,0,0,1,0,0,5,2,1,1,1,0,1,0,0,0,0,1,0,0,0,0,0,0,0,1,0,1,0,0,1,0,0,1,0,0,0,0,0,0,1,5,1,0,0,0,0,0,2,0,0,0,0,0,0,0,0,1,1,0,2,0,1,0,0,0,0,0,0,1,1,0,0,0,1,0,0,0,0,0,0,0,0,0,1,0,1,0,0,0,1,0,0,0,0,0,2,0,0,0,0,0,0,0,0,0,0,0,0,0,1,0,0,0,0,0,0,0,0,2,0,0,0,0,0,0,0,0,0,0,0,0,1,0,0,3,0,0,1,0,0,0,1,4,0,0,2,0,1,0,0,0,0,0,0,0,0,1,0,0,0,0,1,0,1,6,0,1,0,0,0,0,0,0,0,0,0,0,2,0,1,0,0,2,0,3,0,0,1,1,0,0,0,0,1,0,2,0,0,2,1,0,0,2,0,0,1,0,0,5,1,0,0,1,0,1,0,2,0,0,2,0,0,1,0,0,0,0,0,0,0,0,1,0,0,0,1,0,1,5,1,0,1,0,4,0,0,0,0,0,0,1,0
0,0,0,0,0,0,0,0,0,2,0,1,0,0,0,2,0,0,0,0,0,0,0,0,0,0,0,0,1,0,1,0,0,1,0,0,0,0,2,0,0,0,0,1,3,0,0,0,0,0,1,1,0,0,0,0,1,1,0,1,1,0,1,3,0,1,0,0,0,0,0,0,1,0,0,0,0,1,0,0,0,0,0,0,0,1,0,1,0,0,0,0,0,1,0,0,0,0,0,0,0,0,0,0,0,0,0,0,0,0,1,0,0,2,0,0,0,0,0,0,0,1,0,0,0,0,0,1,0,0,0,0,0,0,0,1,0,0,0,0,0,0,0,0,0,0,0,0,0,0,0,0,0,0,0,0,1,0,0,0,0,0,0,0,0,1,0,1,0,0,1,0,1,0,0,0,2,0,0,0,0,2,0,1,0,0,0,0,0,0,0,1,0,0,0,0,0,0,0,1,0,1,1,1,0,0,0,0,0,0,0,0,0,0,0,0,0,0,1,0,0,0,0,0,0,0,0,0,0,0,0,0,0,0,0,1,0,0,0,0,0,1,0,1,0,1,0,0,0,0,0,0,0,0,0,0
0,0,0,0,0,1,0,0,0,3,0,2,0,0,0,0,0,0,0,0,0,0,0,0,0,0,0,0,0,0,2,0,0,0,0,0,0,0,0,0,0,0,0,0,1,0,0,0,0,0,0,2,0,0,0,0,0,0,0,0,0,2,0,2,0,2,0,0,0,1,0,0,0,0,0,0,0,0,0,0,0,0,0,0,0,4,0,0,0,3,0,0,0,0,0,0,0,0,0,0,0,0,0,0,0,0,0,0,0,0,0,0,0,0,0,0,0,0,0,0,1,1,0,0,0,0,0,1,0,0,2,0,0,0,0,0,0,0,0,1,0,0,1,0,0,0,0,0,0,0,0,0,0,0,0,0,0,0,0,0,3,0,0,0,0,0,0,0,0,0,2,0,0,0,0,0,0,0,0,0,0,2,0,2,0,0,0,0,2,0,0,3,0,0,0,0,0,1,0,2,0,0,0,0,0,0,0,0,0,0,0,1,0,0,0,0,0,0,0,0,0,0,0,0,0,0,0,0,0,0,0,0,0,2,0,2,0,0,2,0,0,2,1,2,0,1,1,0,0,0,0,0,0,0,1,0
0,0,0,1,0,1,0,0,0,1,0,1,0,0,1,0,0,0,0,0,0,0,0,0,0,0,0,0,0,0,0,1,0,0,0,0,0,0,0,0,1,0,0,0,2,0,0,0,0,2,0,2,0,0,0,0,0,1,0,1,0,2,0,2,0,2,0,0,0,0,0,0,0,0,0,0,0,0,1,0,0,0,0,2,0,7,0,0,0,5,2,0,0,0,0,0,2,0,0,0,0,0,1,1,0,0,0,0,0,0,0,0,0,1,0,0,0,0,0,0,0,3,0,0,1,0,0,1,0,0,0,0,0,0,0,0,0,0,0,1,0,0,0,1,0,0,0,0,0,0,0,0,0,0,0,0,1,0,0,0,3,0,4,0,0,0,1,4,2,0,2,0,0,1,0,0,1,5,0,0,0,2,0,4,0,0,0,0,2,2,0,2,0,0,0,0,0,0,0,0,0,0,0,0,0,0,0,0,0,0,0,0,0,0,0,1,0,1,0,0,0,0,0,0,0,0,0,0,0,0,0,0,0,0,0,2,0,0,0,0,0,2,0,2,0,2,0,0,0,0,0,0,0,0,0,0
0,0,0,0,1,0,0,0,0,4,0,4,0,0,0,0,0,0,0,0,0,0,3,0,0,0,0,0,0,0,0,1,0,0,0,0,0,0,0,0,0,0,0,0,0,0,0,0,0,0,0,2,0,0,0,0,0,0,0,0,0,2,0,2,0,2,0,0,1,0,0,0,0,0,1,0,0,0,0,0,0,0,0,0,0,4,0,0,0,3,0,0,0,0,0,1,0,0,0,2,0,1,0,1,0,0,0,0,0,0,0,1,0,2,2,0,0,0,1,0,1,2,0,1,0,0,1,2,0,0,0,1,0,0,0,2,1,0,0,2,0,0,0,1,0,0,2,0,0,0,0,0,0,0,0,0,0,0,0,0,1,0,0,0,0,0,2,1,0,0,4,0,1,0,0,0,0,0,1,0,0,2,0,2,0,0,0,0,3,0,0,2,0,0,0,0,0,0,0,0,0,0,0,0,0,0,0,0,0,0,1,0,0,0,0,0,0,0,0,0,0,1,0,0,0,0,0,1,0,0,0,0,0,0,0,2,0,0,0,0,0,2,0,2,0,2,0,0,1,0,0,0,0,0,0,0
0,0,0,0,0,0,0,0,0,0,0,0,0,0,0,0,0,0,0,0,0,0,0,0,0,0,0,0,2,0,2,0,0,2,0,0,0,0,0,0,0,0,0,2,0,0,0,1,0,0,1,0,0,0,0,0,0,1,0,1,2,0,0,2,0,0,0,0,0,0,0,0,2,0,0,0,0,2,0,0,0,0,0,0,0,0,0,2,0,0,0,0,0,1,0,0,0,0,0,0,0,0,0,0,0,0,0,0,0,0,0,0,0,0,0,0,0,0,0,1,0,0,0,0,0,0,0,0,0,0,0,0,0,0,0,1,0,0,0,0,0,0,0,0,0,2,1,0,0,0,0,0,0,0,0,0,2,0,0,0,0,0,1,0,0,2,1,0,0,0,0,0,0,0,1,0,0,0,0,0,0,2,0,0,0,0,1,0,0,0,0,0,0,0,0,0,0,0,0,2,0,0,1,1,0,0,0,0,0,0,0,0,0,0,0,0,0,0,2,0,0,0,0,0,0,0,0,0,0,0,0,1,0,0,0,0,0,0,0,0,0,1,0,0,0,0,0,1,0,0,0,0,0,0,1,0
0,0,0,0,1,0,0,0,0,2,0,0,0,0,0,0,0,0,0,0,0,2,0,1,0,0,0,0,0,0,0,1,0,0,0,0,0,0,0,0,0,0,0,0,0,0,0,0,0,0,0,2,0,0,0,0,0,0,0,0,0,2,0,2,0,2,0,0,0,0,0,0,0,0,0,0,0,0,0,0,0,1,0,0,0,1,0,0,0,2,0,0,0,0,0,0,0,0,0,0,0,0,0,0,1,0,0,0,0,0,0,1,0,2,0,0,0,0,0,0,0,2,0,0,0,0,0,2,0,0,0,0,0,0,0,0,0,0,0,0,0,0,0,0,0,0,1,0,0,0,0,0,0,0,0,0,0,1,0,0,1,0,0,0,0,0,0,1,0,0,2,0,0,0,0,0,0,1,0,0,0,2,1,2,0,0,0,0,2,1,0,2,0,1,0,0,0,1,0,0,0,0,0,0,0,0,0,0,0,0,0,0,1,0,0,0,0,0,0,0,0,0,0,0,0,0,0,0,0,0,0,0,0,0,0,2,0,0,0,0,0,2,0,2,0,2,0,0,1,0,0,0,0,0,0,0
0,0,0,0,0,0,0,0,0,0,0,1,0,0,2,1,0,0,0,0,0,0,0,0,0,0,0,0,1,0,1,2,0,1,0,0,0,0,0,0,0,0,0,1,0,0,0,1,0,0,1,1,0,1,0,0,0,1,0,0,1,1,0,2,0,1,0,0,0,0,0,0,2,0,0,0,0,1,0,0,0,1,0,0,0,2,0,1,0,1,0,0,0,0,0,0,0,0,0,0,0,0,0,0,0,0,0,0,0,0,0,0,0,0,0,0,0,0,0,0,0,0,0,0,0,0,0,0,0,0,0,0,0,0,0,1,0,0,0,0,1,0,0,0,0,0,1,0,0,0,0,0,0,0,0,0,1,0,0,0,1,0,0,0,0,1,0,1,0,0,1,0,1,0,0,0,0,0,0,0,0,2,0,1,0,0,0,0,1,0,2,1,0,0,0,0,0,0,0,2,0,0,1,1,0,2,0,0,0,0,0,0,0,0,0,0,1,0,1,0,0,0,0,0,0,0,0,0,0,0,0,0,0,0,0,1,0,0,0,0,0,1,0,1,0,1,0,0,0,0,0,0,0,0,0,0
0,0,0,0,0,1,0,0,0,3,0,1,0,0,0,3,0,0,0,0,0,0,0,0,0,0,0,0,1,0,0,0,0,0,0,0,0,0,0,0,0,0,0,0,0,1,0,0,0,0,0,2,0,0,0,0,0,0,0,1,0,2,0,2,0,2,0,0,0,0,0,0,0,0,0,0,0,2,0,0,0,0,0,0,0,2,0,0,0,3,0,0,0,0,0,0,0,0,0,0,0,0,0,0,0,0,0,0,0,0,0,0,0,0,0,0,0,0,0,0,1,2,0,0,0,1,0,1,0,0,2,0,0,0,0,0,0,0,0,0,1,0,0,0,0,0,1,0,0,0,0,2,0,0,0,0,0,0,0,0,2,0,0,0,0,0,1,0,0,0,2,1,1,0,0,0,0,0,0,0,0,2,0,2,0,0,0,0,2,0,0,3,0,0,0,0,0,0,0,0,0,0,0,0,0,0,0,0,0,0,0,0,0,0,0,0,0,0,0,0,0,0,0,0,0,0,0,0,0,0,0,0,0,0,0,2,0,0,1,0,0,2,0,2,0,3,0,0,0,0,0,0,0,0,0,1
1,0,0,0,0,0,0,0,0,1,0,0,0,0,0,1,0,0,0,0,0,0,0,0,0,0,0,0,1,0,0,0,0,1,0,0,0,0,0,0,0,0,0,0,0,0,0,0,0,0,0,2,0,0,0,0,1,0,0,0,1,1,0,2,0,2,0,0,0,0,0,0,1,0,0,0,0,1,0,0,0,0,0,0,0,3,0,0,0,2,0,0,0,0,0,0,0,0,0,0,0,0,0,0,0,0,0,0,0,0,0,0,0,1,0,0,0,0,0,0,1,2,0,0,1,0,0,2,0,0,0,0,0,0,0,0,0,0,0,0,0,0,0,1,0,0,1,0,0,1,0,0,0,0,0,0,0,0,0,0,2,0,0,0,0,0,0,2,0,1,2,0,0,0,0,0,0,0,0,0,0,2,0,1,0,0,2,0,1,0,0,1,1,0,0,0,0,0,0,0,0,0,0,1,0,0,0,0,0,0,0,1,0,0,0,0,0,0,0,0,0,0,0,0,0,0,0,0,0,0,0,0,0,0,0,2,0,0,0,0,0,1,0,2,0,2,0,0,0,0,0,0,0,0,0,1
0,0,1,0,1,0,0,0,0,0,1,0,0,0,0,0,0,0,0,3,2,0,0,0,0,1,0,0,2,1,2,0,0,2,0,0,0,0,0,0,0,0,0,2,0,0,0,0,0,0,0,0,0,0,0,0,1,0,0,0,2,0,0,3,0,1,0,0,0,2,0,0,2,0,1,0,0,2,0,0,0,0,0,0,1,0,0,2,0,0,0,0,0,2,0,0,0,0,0,0,0,0,0,0,0,0,0,0,0,0,0,0,0,0,0,0,0,0,0,1,0,0,0,0,0,0,0,0,0,0,0,0,0,0,0,2,0,0,2,1,0,0,0,0,0,3,1,0,0,1,0,1,0,0,0,0,3,0,0,0,0,0,0,0,0,2,0,1,0,0,0,0,0,1,0,0,0,0,0,0,0,2,0,0,0,1,2,0,1,0,0,0,0,0,0,0,0,0,1,7,0,0,4,3,0,0,0,0,0,2,0,0,1,0,0,0,0,0,2,0,1,0,0,2,0,0,0,0,0,0,0,0,0,0,0,0,0,0,0,0,0,0,0,0,1,0,0,2,0,0,0,0,0,0,0,0
0,0,0,0,0,0,0,0,0,4,1,1,0,0,0,0,0,0,0,0,4,0,1,0,0,0,0,2,1,0,1,1,0,1,0,0,0,0,0,0,0,0,0,1,0,0,0,2,0,0,0,1,0,0,0,0,1,0,1,1,1,1,1,2,0,3,0,0,0,0,0,0,1,1,3,0,0,1,0,0,0,0,0,0,0,3,0,1,0,1,0,0,0,0,0,1,0,0,0,1,0,0,0,0,0,0,0,0,0,0,0,0,0,0,0,0,0,0,0,0,0,1,1,0,0,0,0,1,0,0,0,0,0,0,0,0,0,0,0,0,0,2,1,0,0,0,0,0,0,0,0,0,0,0,0,1,0,0,0,0,0,1,0,0,0,1,2,2,1,0,1,1,0,0,0,0,0,0,1,0,0,2,0,1,0,0,1,0,1,0,1,1,0,0,0,0,1,0,0,1,1,0,1,2,0,1,0,0,0,2,0,0,0,0,0,0,0,1,1,0,1,0,0,0,0,0,1,0,0,0,0,0,0,0,0,1,0,0,0,0,0,1,1,1,0,1,0,0,1,0,0,0,0,0,0,0
0,0,0,0,0,0,0,0,0,3,0,1,0,0,0,2,0,0,0,0,0,0,0,0,0,0,0,0,0,0,0,1,0,0,0,0,0,0,0,0,0,0,0,0,1,0,0,0,0,1,0,2,0,0,1,0,0,0,0,1,0,2,0,2,0,2,0,0,0,0,0,0,0,0,0,0,0,0,0,0,0,0,0,1,0,2,0,0,0,2,0,0,0,0,0,0,0,0,0,0,0,0,0,0,0,0,0,0,0,0,1,0,0,1,0,0,0,0,0,0,0,2,0,0,0,0,0,2,0,0,0,0,0,0,0,0,0,0,0,0,0,0,0,1,0,0,2,0,0,0,0,0,0,0,0,0,0,0,0,0,1,0,0,0,0,0,0,0,0,0,2,0,1,0,0,0,1,0,0,0,0,2,0,2,0,0,0,0,2,0,0,2,0,0,0,0,0,0,0,0,0,0,0,0,0,0,0,0,0,0,0,0,0,0,0,0,0,0,0,0,0,0,0,0,0,0,0,0,0,0,0,0,0,0,0,2,0,0,0,0,0,2,0,2,0,3,0,0,0,0,0,0,0,0,0,1
0,0,0,0,0,0,0,0,0,2,0,0,0,0,0,0,0,0,0,0,0,0,0,1,1,0,0,0,0,0,1,1,0,0,0,0,0,0,0,0,0,0,0,0,0,0,0,0,0,0,0,2,0,0,0,0,0,0,0,0,0,2,0,2,0,2,0,0,0,0,0,0,0,0,0,0,0,0,0,0,0,1,0,1,0,1,0,0,0,2,0,0,0,0,0,0,0,0,0,0,0,0,0,0,2,0,1,1,0,1,0,0,0,0,0,0,0,2,0,0,0,2,0,0,0,0,0,2,0,0,0,0,0,0,0,0,0,0,0,0,0,0,0,0,0,0,1,0,0,0,0,1,0,0,0,0,0,0,0,0,0,0,0,0,0,0,0,0,0,0,2,0,0,0,0,0,0,0,0,0,0,2,0,2,0,0,0,0,2,0,0,2,0,0,0,0,0,0,0,0,0,0,0,0,1,0,0,0,0,0,0,1,2,0,0,0,0,0,0,0,0,0,0,0,0,0,0,0,0,0,0,0,0,0,0,2,0,0,0,0,0,2,0,2,0,1,0,0,2,0,0,0,0,0,0,1
0,0,0,0,0,0,0,0,0,1,0,0,0,0,0,1,0,0,0,0,0,0,1,0,0,0,0,0,2,0,0,0,0,1,0,1,0,0,0,0,0,0,0,0,1,0,0,0,0,0,0,2,0,0,0,0,0,0,0,0,2,0,0,2,0,2,0,0,0,1,0,0,1,1,0,0,0,1,0,0,0,0,0,0,0,2,0,1,0,0,0,0,0,0,0,0,0,0,0,1,1,0,0,0,0,0,0,1,0,0,0,0,0,2,0,0,0,0,0,0,0,2,0,0,0,0,0,1,0,0,0,0,0,0,0,0,0,0,0,0,0,0,0,0,0,0,0,0,0,0,0,0,0,0,0,0,0,0,0,0,2,0,0,0,0,1,1,1,2,0,1,0,0,0,0,0,0,0,0,0,0,2,0,1,0,0,0,0,0,0,0,1,0,0,0,0,0,0,0,1,0,0,3,2,0,0,0,0,0,0,0,0,0,0,0,0,0,1,0,0,0,0,0,0,0,0,0,0,0,0,0,0,0,0,0,1,0,0,0,0,0,1,0,2,0,1,0,0,0,0,0,0,0,0,0,1
0,0,0,0,0,0,0,0,0,4,0,3,0,0,0,0,0,0,0,0,1,0,0,0,0,0,0,3,0,1,0,1,0,0,0,0,0,0,0,0,0,0,0,0,0,0,0,0,0,0,0,2,0,0,0,0,0,0,0,0,0,2,0,2,1,2,0,0,0,0,0,0,0,3,1,0,3,0,0,0,0,1,1,0,3,5,0,0,0,3,0,0,0,0,0,1,0,0,0,0,0,0,0,0,1,0,0,0,0,0,0,0,0,2,3,0,0,1,0,0,0,2,0,0,0,0,0,1,0,0,0,1,0,0,0,0,0,0,0,0,0,0,0,0,0,0,1,0,0,2,1,1,0,0,0,0,0,0,0,0,1,0,0,0,0,0,0,1,0,0,2,0,0,0,0,0,0,0,0,0,0,2,0,2,0,0,0,0,2,3,0,2,0,1,0,0,0,2,0,1,0,0,1,0,0,0,0,0,0,0,0,1,1,0,0,0,0,0,0,0,0,0,0,0,0,0,0,0,1,0,0,0,1,0,0,2,0,0,1,0,0,2,0,2,0,2,0,0,1,0,1,0,0,0,0,2
0,0,0,0,0,0,0,0,0,1,0,0,0,0,0,0,0,0,0,0,1,0,0,0,0,0,0,0,1,0,2,0,0,1,0,0,0,0,0,0,0,0,0,1,0,0,0,1,0,0,1,1,0,0,0,0,1,1,0,0,1,1,0,2,0,1,0,0,0,1,0,0,1,0,0,0,0,1,0,0,0,0,0,0,0,3,0,1,0,1,0,0,0,0,0,0,0,0,0,0,0,0,0,0,0,0,0,0,0,0,0,0,0,1,0,0,0,0,0,0,0,1,0,0,0,0,1,0,0,0,0,0,0,0,0,0,0,0,0,0,0,0,0,0,0,0,0,0,0,0,3,0,0,0,0,0,0,0,0,0,0,0,0,0,0,1,0,1,0,0,1,0,0,0,0,0,0,0,0,0,0,2,0,1,0,0,0,0,1,0,0,1,0,0,0,0,1,0,0,4,0,0,2,3,0,0,0,0,0,0,0,0,0,0,0,0,0,0,1,0,0,0,3,0,0,0,0,0,0,0,0,3,1,0,0,1,2,0,0,0,0,1,0,1,0,1,0,0,1,0,0,0,0,0,0,0
0,0,0,0,0,0,0,0,1,4,0,2,0,0,0,0,0,0,0,0,0,2,1,0,0,0,0,0,0,0,1,0,0,0,0,0,0,0,0,0,0,0,0,0,0,0,0,0,0,0,0,2,0,0,0,0,1,0,0,0,0,2,1,2,1,2,0,0,0,1,0,0,0,1,0,0,0,0,0,0,0,0,0,0,0,2,0,0,0,2,0,0,0,0,0,0,0,0,0,0,0,1,0,0,0,0,0,0,0,0,0,0,0,3,2,1,1,0,0,0,1,1,0,0,0,0,0,1,0,0,0,0,0,0,0,0,0,0,0,0,0,0,0,1,0,0,1,0,0,2,0,0,0,0,0,0,0,0,0,0,2,0,0,0,0,1,0,1,0,0,2,0,0,0,1,0,0,0,0,0,0,2,0,2,0,0,0,1,2,0,0,2,0,0,0,0,0,0,0,0,0,0,0,0,0,0,0,0,0,0,0,0,1,0,0,0,0,0,0,0,1,0,0,0,0,0,0,0,0,0,0,2,0,0,0,2,0,0,0,0,0,2,0,2,0,2,0,0,0,0,0,0,0,0,1,0
0,0,0,0,0,0,0,0,0,2,0,0,0,0,0,1,0,0,0,0,0,0,0,0,0,0,0,0,0,0,0,0,0,0,0,0,0,0,0,0,0,0,0,0,0,0,0,0,0,0,0,2,0,0,0,0,0,0,0,0,0,2,0,2,0,2,0,0,0,0,0,0,0,2,0,0,0,0,0,0,0,0,0,0,0,1,0,0,0,2,0,0,0,0,0,1,0,0,0,3,0,0,0,0,0,0,0,0,0,0,1,0,0,3,0,0,0,0,0,0,0,2,0,0,1,0,0,1,0,1,1,0,0,0,0,0,0,0,0,0,0,0,0,0,0,0,0,0,0,0,0,0,0,0,0,0,0,0,0,0,2,0,0,0,0,0,0,1,0,0,2,0,0,0,0,0,0,0,0,0,0,2,0,2,0,0,0,0,2,0,0,2,1,1,0,0,0,0,0,0,0,0,0,0,0,0,0,0,0,0,0,0,2,0,0,0,0,0,0,0,0,0,0,0,0,0,0,0,0,0,0,0,0,0,0,2,0,0,0,0,0,2,0,2,0,2,0,0,0,0,0,0,0,0,0,1
0,0,0,0,1,0,0,0,0,6,0,2,0,0,0,0,0,0,0,0,0,3,0,0,1,0,0,0,1,0,1,1,0,1,0,0,0,0,0,0,0,0,0,1,0,0,0,0,0,1,0,1,0,0,0,0,0,0,0,0,1,1,1,2,0,2,1,0,1,0,0,0,1,0,1,0,0,2,1,0,0,0,0,0,0,1,0,1,0,1,0,2,0,1,0,0,0,0,0,0,0,1,0,0,0,0,0,0,0,0,0,0,0,2,1,0,1,0,0,0,1,1,1,0,0,0,0,1,0,0,0,0,0,0,0,1,0,0,0,0,0,1,0,0,0,0,1,0,0,0,0,0,0,0,0,0,0,0,0,0,0,0,0,1,0,1,0,0,0,0,1,0,3,0,4,0,0,0,0,0,0,2,0,1,0,0,0,0,1,0,0,1,0,0,0,0,0,0,0,2,0,0,3,4,0,3,0,1,0,3,0,1,1,1,0,0,0,0,1,0,1,0,2,0,0,0,0,0,0,0,0,0,0,0,0,1,1,0,0,0,0,1,0,1,0,1,0,0,1,0,0,0,0,0,0,0
0,0,0,0,0,0,0,0,0,2,0,0,0,0,0,2,0,0,0,0,0,0,1,0,0,0,0,0,1,0,1,0,0,1,0,0,0,0,0,0,0,0,0,0,0,0,0,1,0,0,0,1,0,0,0,0,2,0,0,0,1,1,0,2,0,2,0,1,0,0,0,0,1,0,0,0,0,1,0,0,0,0,0,0,1,1,0,0,0,1,0,0,0,0,1,0,0,0,0,0,0,0,0,0,3,0,0,0,0,0,0,0,0,2,0,0,0,0,0,0,0,2,0,0,0,0,0,1,0,0,0,0,0,0,0,0,0,0,0,0,0,1,0,0,0,0,1,0,0,0,0,0,0,1,0,0,0,0,0,0,1,0,1,0,0,1,0,2,1,0,3,0,0,0,0,0,1,0,1,0,0,2,0,1,0,0,0,0,1,0,0,1,0,0,0,0,0,0,0,1,0,0,0,1,0,0,0,0,0,2,0,0,0,0,0,1,0,0,0,0,0,0,0,1,0,0,0,0,0,0,0,0,0,0,0,1,0,0,0,0,0,1,0,2,0,1,0,0,1,0,0,0,0,0,0,0
0,0,0,0,1,0,0,0,0,5,0,1,0,0,0,2,0,0,0,0,0,0,0,1,0,0,0,0,0,0,0,0,0,0,0,0,0,0,0,0,0,0,0,0,1,0,0,0,0,0,0,2,0,0,0,0,0,0,0,0,0,2,0,2,0,2,0,0,0,0,0,0,0,0,0,0,0,0,0,0,0,0,0,0,0,3,0,0,0,3,0,0,0,0,0,0,0,0,0,0,0,0,0,0,0,0,0,1,0,0,3,0,1,3,0,0,0,0,0,0,0,2,0,0,0,0,0,1,0,0,0,0,0,0,0,0,0,0,0,0,0,0,2,1,0,0,3,0,0,0,0,2,0,0,0,0,0,3,0,0,2,0,1,0,0,0,0,1,0,0,2,1,1,0,0,0,3,0,0,0,0,2,0,2,0,0,0,0,2,1,0,2,0,0,0,0,0,0,0,0,0,0,0,0,0,2,0,0,0,0,0,0,1,0,0,0,0,0,0,0,0,0,0,0,0,0,0,0,1,0,0,0,0,0,0,3,0,0,0,0,0,2,0,2,0,2,0,0,0,0,0,0,0,0,0,0
0,0,0,0,0,0,0,0,0,1,0,0,0,0,0,1,0,0,0,0,0,0,0,0,0,0,0,0,0,0,0,0,0,0,0,0,0,0,0,0,0,0,0,0,0,1,0,0,0,0,0,3,0,0,0,0,0,0,0,0,0,2,1,3,0,2,0,0,0,0,0,0,0,0,0,0,0,0,0,0,0,1,0,0,0,1,0,0,0,2,1,0,0,0,0,0,0,0,0,0,0,0,0,0,0,0,0,0,0,0,1,0,0,0,0,0,0,0,0,0,0,2,0,0,0,0,0,2,0,0,0,0,0,0,0,0,0,0,0,0,0,0,0,0,0,0,0,0,0,0,0,0,0,0,0,0,0,0,0,0,0,0,0,0,0,0,0,0,1,0,2,0,0,0,0,0,0,1,0,0,0,3,0,2,0,0,0,0,2,0,0,2,0,0,0,0,0,0,0,0,0,0,0,0,0,0,0,0,0,0,0,0,0,0,0,0,0,0,0,0,0,0,0,0,0,0,0,0,1,0,0,0,0,0,0,2,0,0,0,0,0,2,0,2,0,2,0,0,2,0,0,0,0,0,0,0
0,0,0,0,0,0,0,0,0,1,0,0,0,0,0,1,0,0,0,0,0,0,0,0,0,0,0,0,1,0,2,0,0,1,0,0,0,0,0,0,0,0,0,1,0,0,0,0,0,0,0,1,0,0,0,0,0,0,0,1,1,1,2,3,0,2,0,0,0,0,0,0,1,0,0,0,0,1,0,1,0,0,0,0,0,0,0,1,0,1,0,0,0,1,0,0,0,0,0,0,0,0,0,0,0,0,0,0,0,0,0,0,0,0,0,0,0,0,0,0,0,1,0,0,0,0,0,0,0,0,0,0,0,0,0,1,0,0,0,0,0,0,0,0,0,0,1,0,0,0,0,0,0,0,0,0,0,0,0,0,1,0,0,0,0,1,0,0,0,0,1,0,0,0,0,0,0,0,0,0,0,2,0,1,0,1,1,0,1,0,0,1,0,0,0,0,0,0,0,1,0,0,1,1,0,0,0,0,0,0,0,0,0,0,0,0,0,0,1,0,0,0,0,1,0,0,0,0,0,0,0,0,0,1,0,1,0,0,0,0,0,1,0,1,0,2,0,0,0,0,0,0,0,0,0,0
0,0,0,0,1,0,0,0,1,4,0,0,0,0,0,3,0,0,0,0,0,0,0,0,2,0,3,0,0,0,0,1,0,0,0,0,3,0,0,0,0,0,1,0,2,0,0,0,0,3,0,2,0,0,1,0,0,0,0,0,0,2,0,2,0,3,0,1,0,0,0,0,2,0,0,0,0,0,0,0,0,0,0,1,0,2,0,0,0,3,0,0,0,0,0,0,0,0,1,0,0,0,0,0,0,0,0,0,0,0,0,0,0,2,0,0,0,0,0,0,0,2,0,0,1,0,1,2,0,1,0,0,0,0,0,0,0,0,1,0,0,0,0,1,0,0,1,0,0,2,1,0,0,0,0,0,0,0,0,0,1,0,1,0,0,0,0,1,0,0,2,4,0,0,1,0,2,0,0,0,0,2,0,2,0,0,1,0,2,1,0,2,0,0,0,0,0,0,1,0,0,0,0,0,0,1,0,0,0,0,0,0,0,0,0,0,0,0,0,0,0,0,0,0,0,0,0,0,0,0,0,0,0,0,0,2,0,0,0,2,0,2,1,2,0,2,0,0,0,0,0,0,0,0,0,2
0,0,1,0,0,0,0,0,0,2,0,0,0,0,0,1,0,0,0,0,0,6,0,0,0,0,0,0,1,1,1,0,0,1,0,0,0,0,0,0,0,0,0,1,1,0,0,0,0,0,2,1,0,0,0,0,1,0,0,0,1,1,0,2,0,2,0,0,0,0,0,0,1,0,0,0,0,1,0,2,0,0,0,0,0,3,0,1,0,1,0,0,0,1,1,0,0,0,0,0,0,0,0,0,0,0,0,0,0,0,0,0,0,3,0,0,0,0,0,0,1,1,0,0,1,1,0,1,0,0,0,0,0,0,0,1,0,0,0,0,0,0,0,0,0,0,1,0,0,0,0,0,0,0,0,0,0,0,0,0,3,2,0,1,0,1,1,3,0,0,1,2,0,0,0,0,0,0,0,0,0,2,0,1,0,0,1,0,1,0,0,1,1,0,0,0,0,2,0,3,0,0,2,2,0,0,0,0,0,0,0,0,2,1,0,0,0,0,3,0,1,3,0,2,0,0,0,0,0,0,0,0,0,0,0,2,0,0,0,0,0,1,0,1,0,2,0,0,0,0,0,0,0,0,1,0
0,0,0,0,0,0,0,0,0,2,0,1,0,0,0,0,1,0,0,0,0,0,0,0,0,0,0,0,0,0,0,0,0,0,0,0,0,0,1,2,0,0,0,0,0,0,0,1,0,2,0,1,0,1,0,0,1,0,1,1,1,1,0,1,0,1,0,0,1,0,0,0,0,0,0,0,0,0,0,0,0,1,2,0,0,1,0,0,0,1,0,0,1,0,0,0,0,0,0,1,0,0,0,0,0,0,0,0,0,0,0,0,0,1,0,0,0,0,0,0,0,1,0,0,0,0,0,1,0,0,0,0,0,0,0,0,0,0,0,0,0,0,0,0,0,0,0,0,0,0,0,0,0,0,0,0,0,0,0,0,1,0,1,0,0,0,1,0,0,0,1,0,1,0,0,0,0,0,0,0,0,1,0,1,0,0,0,0,1,0,0,1,1,0,1,0,0,0,0,0,0,0,0,2,0,0,0,0,1,0,0,0,0,0,0,0,0,0,0,2,0,0,0,0,0,0,0,0,0,0,0,0,0,0,0,2,0,0,0,0,0,2,0,1,0,1,2,0,0,0,0,0,0,0,0,2
0,0,0,0,0,0,0,0,0,0,0,0,0,1,0,0,0,0,1,0,0,1,0,0,0,0,1,0,0,0,0,0,0,0,2,0,0,0,0,2,0,1,0,0,0,0,0,0,0,3,2,0,0,0,0,0,2,0,1,1,0,0,0,0,0,1,0,0,1,3,3,0,0,0,0,1,0,0,0,0,0,2,1,0,0,0,0,0,0,0,0,0,0,2,0,0,0,0,3,0,0,3,0,0,0,1,0,0,0,0,0,1,0,0,0,0,0,0,0,0,0,0,1,0,0,0,0,1,0,1,1,0,1,0,0,0,0,1,0,0,0,0,0,0,0,3,0,1,0,0,0,0,0,0,0,0,0,0,0,0,0,0,0,0,1,0,1,0,0,0,1,0,0,0,0,0,0,0,0,0,0,0,0,0,0,0,1,0,0,0,0,0,0,0,0,0,0,2,0,0,0,0,0,0,0,1,0,0,0,0,1,0,3,0,0,3,0,0,0,0,0,1,0,0,1,0,0,0,0,1,1,0,0,0,0,1,0,3,0,0,0,0,0,0,0,0,5,0,0,0,0,0,0,2,0,1
0,0,0,1,0,0,0,0,0,3,0,1,0,0,0,0,0,0,0,0,0,0,0,1,0,0,0,0,0,0,0,1,0,0,0,0,0,0,0,0,0,0,0,0,2,0,0,0,0,2,0,2,0,0,0,0,0,0,0,1,0,2,0,2,0,2,0,0,0,0,0,0,1,0,0,0,0,0,0,0,0,1,0,0,0,3,0,0,0,2,0,0,0,0,0,0,0,0,0,0,0,0,0,0,0,0,0,0,0,0,0,0,0,0,0,0,0,0,0,0,0,2,0,0,0,0,0,1,0,0,0,0,0,0,0,0,0,0,0,0,0,0,0,0,0,0,0,0,0,0,0,0,0,0,0,0,0,0,0,0,0,0,0,0,0,0,0,0,0,0,2,0,0,0,0,0,0,2,0,0,0,3,0,2,0,0,0,0,2,0,2,2,0,0,0,0,0,0,0,0,0,0,0,0,0,0,0,0,0,0,0,0,0,0,0,0,0,0,1,0,0,0,0,0,0,0,0,0,0,0,0,0,0,0,0,2,0,0,0,1,0,2,0,2,0,2,0,0,1,0,0,0,0,0,0,0
0,0,0,0,0,0,0,0,1,1,0,1,0,0,1,0,0,0,0,0,0,0,0,0,0,1,0,0,1,0,1,0,0,1,0,0,0,0,0,0,0,0,0,1,0,0,0,0,0,1,0,1,0,0,0,0,0,0,0,0,1,1,0,2,0,1,0,0,0,1,0,0,1,0,0,0,0,3,0,0,0,0,0,0,0,3,0,1,1,1,0,0,0,1,0,1,0,0,0,0,0,1,0,0,0,0,0,0,0,0,0,0,0,1,1,1,1,0,0,0,1,1,0,0,0,0,1,1,0,0,1,0,0,0,0,1,0,0,1,1,0,0,1,0,0,0,1,0,0,0,1,0,0,0,0,0,0,0,0,0,0,0,0,0,0,1,0,0,0,0,1,0,0,0,0,0,0,0,0,0,0,2,0,1,0,0,0,0,1,0,0,1,0,1,1,0,0,0,0,1,0,0,0,1,1,0,0,0,0,2,0,1,0,0,0,0,0,0,1,0,1,0,0,0,0,0,0,1,0,0,0,0,0,0,0,1,0,0,1,0,0,2,1,1,0,2,0,0,1,0,0,0,0,0,0,0
0,0,0,0,0,0,0,0,0,1,0,0,0,0,0,0,0,0,0,0,0,0,0,0,0,0,0,0,1,0,1,0,0,0,0,0,0,0,0,0,0,0,0,0,0,0,0,0,0,0,0,2,0,0,0,0,0,1,0,0,0,2,0,2,1,2,0,0,0,0,0,0,0,1,0,0,0,0,0,1,0,0,0,0,0,1,0,0,1,2,0,0,0,0,0,0,1,0,0,0,0,0,0,0,0,0,0,1,0,0,0,0,0,0,0,0,0,0,0,0,0,3,0,0,1,0,0,2,0,0,0,0,0,0,0,0,0,0,0,0,0,0,0,0,0,0,0,0,0,0,1,0,1,1,0,0,0,0,0,0,1,0,0,0,0,0,0,1,0,0,2,0,0,0,0,0,1,0,0,0,0,2,0,2,0,0,0,0,2,1,0,2,1,0,0,0,0,0,0,0,1,0,0,0,0,0,0,0,1,0,0,0,0,0,0,0,0,0,0,0,0,0,0,0,0,0,0,0,0,0,0,0,0,0,0,2,0,0,0,0,0,2,0,2,0,2,0,0,1,0,0,0,0,0,0,0
0,0,0,0,0,0,0,1,0,0,1,0,0,1,0,0,0,0,0,0,1,1,0,2,0,0,0,0,1,0,1,0,0,1,0,0,0,0,0,0,0,0,0,1,0,0,0,0,0,0,0,1,0,1,0,0,0,0,0,0,1,1,0,2,1,3,0,0,0,0,0,0,1,0,1,0,0,1,0,0,0,0,0,0,0,0,0,1,0,1,0,0,0,1,0,0,0,0,0,0,0,0,0,0,0,0,0,0,0,0,0,0,0,0,0,0,1,0,1,0,0,1,0,0,1,0,2,1,0,0,0,0,0,2,0,1,0,2,0,1,0,1,0,0,0,1,1,0,0,0,0,0,0,0,0,0,0,0,0,0,1,0,0,0,0,1,0,0,0,0,1,0,0,0,0,0,0,0,0,0,0,2,0,1,0,0,0,0,1,0,0,1,0,0,0,0,0,0,0,3,0,0,1,0,0,1,0,1,0,0,0,0,2,0,0,0,0,0,1,0,0,0,0,0,0,0,0,0,0,0,0,0,0,0,0,1,1,0,0,0,0,2,1,1,0,2,0,1,0,0,1,1,0,0,1,0
0,0,1,0,1,0,1,0,0,6,1,0,0,2,0,0,0,0,0,0,0,0,1,0,0,0,0,0,1,1,2,2,0,1,0,1,0,0,1,0,0,0,0,1,0,0,0,0,0,1,0,1,0,0,1,1,1,0,0,1,1,1,0,3,0,3,0,0,0,0,0,0,1,0,0,0,0,1,0,0,0,0,0,0,0,3,0,1,0,2,0,0,0,1,0,0,0,0,0,3,0,0,1,0,1,0,0,0,0,0,1,0,0,4,0,0,0,0,0,0,0,2,0,0,0,0,0,0,0,0,0,0,0,0,0,0,0,0,0,0,0,1,0,0,0,0,1,1,0,0,0,0,0,0,0,0,1,0,0,0,1,0,0,0,0,1,0,3,0,0,3,0,3,0,3,0,0,0,0,0,0,2,0,1,0,0,1,0,3,0,2,1,1,0,0,0,0,0,0,1,0,0,1,1,0,0,0,0,0,2,0,0,1,0,0,1,0,0,1,0,0,0,2,1,0,0,0,0,0,0,0,0,0,0,0,1,0,1,0,0,0,1,0,1,0,1,0,0,0,0,0,0,0,0,0,1
0,0,0,0,0,0,0,0,0,1,0,1,0,0,0,0,0,0,0,0,0,2,0,0,0,0,0,0,0,0,0,0,0,0,0,0,0,0,0,0,0,0,0,0,0,0,0,0,0,0,0,2,0,0,0,0,0,0,0,0,0,2,0,2,0,2,0,0,0,0,0,0,1,0,0,0,0,0,0,0,0,0,0,0,0,1,0,0,0,1,0,0,0,0,0,0,0,0,0,0,3,0,0,0,0,0,0,0,0,0,0,0,0,2,0,0,0,0,0,0,0,2,0,0,0,1,0,2,0,0,0,0,0,0,0,0,0,0,4,0,0,0,0,0,0,0,1,0,0,1,0,0,0,0,0,0,0,0,0,0,0,0,0,0,0,0,0,0,1,0,3,0,0,0,0,0,0,0,0,0,0,2,0,2,0,0,0,0,3,0,0,3,1,0,1,0,0,0,0,0,0,0,0,0,2,0,0,0,0,0,0,1,3,3,2,0,0,0,0,0,0,0,0,0,0,0,0,0,0,0,0,0,0,2,0,3,0,0,0,0,0,2,0,2,0,2,0,0,2,0,0,0,0,0,0,1
0,0,0,0,0,0,0,0,0,0,0,0,0,0,0,0,0,0,0,0,0,0,0,0,0,0,0,0,1,0,0,1,0,1,0,0,0,0,0,0,0,0,0,1,1,0,0,0,0,0,0,1,0,0,0,0,2,0,0,0,1,1,0,2,0,1,0,0,0,1,0,0,1,0,0,0,0,1,0,0,0,0,0,0,0,1,0,2,0,1,0,0,0,1,0,0,0,0,0,0,0,0,0,0,0,0,0,0,0,0,0,0,0,1,0,0,1,0,1,0,0,0,1,0,0,0,0,0,0,0,0,0,0,0,0,0,0,0,0,0,0,0,0,0,0,0,0,0,0,0,0,0,0,0,0,0,0,0,0,0,0,0,0,2,0,1,0,0,0,1,1,0,0,0,2,0,0,0,0,0,0,2,0,2,0,0,0,0,1,0,0,1,2,0,0,0,0,0,0,1,0,0,0,0,0,0,1,0,0,1,0,1,1,0,0,0,0,0,1,0,0,0,1,1,0,0,0,0,0,0,0,0,0,0,0,1,0,0,0,0,0,1,0,1,0,3,0,0,1,0,1,0,0,0,0,0
1,0,0,0,1,0,1,0,0,0,0,0,0,1,0,0,0,0,0,0,0,2,0,0,0,0,0,0,1,0,1,1,0,1,0,2,0,0,0,0,0,0,1,1,0,0,0,0,0,0,0,1,0,0,1,0,0,0,0,0,1,1,1,2,0,1,0,0,0,0,0,0,1,0,0,0,0,1,0,1,0,1,0,1,0,1,0,1,0,2,0,0,0,1,0,0,0,0,0,0,0,0,0,0,0,0,0,0,0,0,0,0,0,1,0,0,0,0,0,0,1,1,1,0,0,1,0,1,0,0,0,0,0,0,0,0,0,0,0,0,0,1,0,0,0,1,0,0,0,0,0,0,0,0,0,0,0,0,0,0,1,0,0,0,0,1,0,0,0,1,1,0,0,0,0,0,0,0,0,0,0,2,0,1,0,0,0,0,2,0,0,1,0,0,0,0,1,0,2,1,0,0,1,0,0,0,0,0,1,1,0,0,0,0,0,0,0,0,1,0,1,0,0,0,0,1,0,0,0,0,0,0,0,0,0,2,0,2,1,0,2,1,0,1,0,1,0,1,1,0,0,0,0,0,0,0
1,0,1,0,0,0,0,0,0,0,1,0,0,1,0,0,0,0,0,0,0,0,0,0,0,0,0,0,2,0,2,0,0,2,0,0,0,0,0,0,0,0,0,2,0,0,0,1,0,0,0,0,0,1,0,0,0,0,0,0,2,0,0,2,0,1,0,0,0,0,0,0,2,0,0,0,0,2,0,0,0,0,0,0,0,0,0,2,0,0,0,0,0,1,0,0,0,0,0,1,0,0,0,0,0,0,0,0,0,2,0,0,0,0,0,0,0,0,0,0,0,0,0,0,1,0,0,0,0,0,0,0,0,0,0,2,0,0,2,0,0,0,0,0,0,0,0,0,0,1,0,0,0,0,0,0,2,0,0,0,0,0,0,0,0,2,0,0,0,0,0,0,0,0,0,0,0,0,0,0,0,2,0,0,0,0,1,0,0,0,0,0,0,0,0,0,0,0,1,2,0,0,2,3,0,0,0,1,0,3,0,0,0,0,0,0,0,0,2,0,0,0,0,0,0,0,0,0,0,0,0,0,0,0,0,0,0,0,0,0,0,0,0,0,0,0,0,0,0,0,0,0,0,0,0,0
0,2,2,0,1,0,0,0,0,0,0,0,0,0,0,0,0,0,0,0,0,0,0,0,0,0,0,0,3,1,2,0,0,2,0,0,0,0,0,0,0,0,0,2,0,0,1,0,0,0,0,0,0,0,0,0,0,0,0,0,2,0,0,2,0,0,0,0,0,0,0,0,2,1,1,0,0,2,0,0,0,0,0,0,1,0,0,2,0,0,0,0,0,2,0,0,0,0,0,1,0,0,0,0,0,0,0,0,0,0,0,0,1,0,0,0,0,1,0,0,0,0,0,0,0,0,0,0,0,0,0,0,0,0,0,1,0,0,0,0,0,1,0,0,0,1,1,0,0,0,0,0,0,0,0,0,0,0,0,0,0,0,0,0,0,2,0,0,0,0,1,0,0,1,0,0,0,0,1,0,0,2,0,0,0,0,0,0,0,0,0,0,0,1,0,0,2,0,0,3,0,0,2,3,0,0,0,1,0,3,0,0,0,0,0,0,0,0,2,0,0,0,0,0,0,0,1,0,0,0,0,0,0,0,0,0,0,0,0,0,0,0,0,0,0,0,0,1,0,0,0,0,0,0,0,0
0,0,0,0,1,0,0,0,0,0,2,0,0,0,0,0,0,0,0,0,0,0,0,0,0,1,0,0,2,1,2,0,0,2,0,0,0,0,1,0,0,0,0,2,0,0,1,0,0,0,0,0,0,0,0,1,0,0,0,0,2,0,0,2,0,0,0,0,0,0,0,0,2,0,0,0,0,2,0,0,0,0,0,0,1,0,0,2,0,0,0,0,0,2,0,0,0,0,0,1,0,0,0,0,0,0,0,0,0,0,0,0,0,0,0,0,0,1,0,0,0,0,0,0,0,0,0,0,0,0,1,0,0,0,0,2,0,0,0,0,0,1,1,0,0,0,2,0,0,0,0,0,0,0,0,0,0,0,1,0,0,0,0,0,0,2,0,0,0,0,0,0,0,1,0,0,0,0,0,0,0,2,0,0,0,0,1,0,1,0,0,0,0,0,0,0,0,0,0,2,0,1,1,1,1,0,0,0,0,1,0,0,1,0,0,0,0,0,2,0,0,0,2,0,0,0,1,0,0,0,0,0,0,0,0,0,0,0,0,0,0,0,3,0,0,0,0,0,1,0,0,0,0,0,1,0
0,0,0,0,1,4,0,0,0,0,0,0,0,0,0,0,0,0,0,0,0,0,0,0,0,1,0,0,1,1,1,0,0,1,0,0,0,0,1,2,0,1,0,1,0,0,0,0,0,1,0,1,0,0,0,1,0,0,0,0,1,1,0,2,1,2,0,0,0,0,0,0,3,1,0,0,0,1,0,0,0,0,0,0,0,1,0,1,0,1,0,0,0,1,0,0,0,0,0,0,0,1,1,2,0,0,1,0,0,0,0,0,0,1,0,0,0,0,0,5,0,2,0,0,0,1,0,2,0,0,0,0,0,0,0,1,0,0,4,0,0,1,0,1,0,1,1,0,0,0,1,0,0,0,0,2,1,0,0,1,0,0,0,0,0,1,0,2,0,0,1,0,0,0,1,0,0,0,0,0,0,2,0,1,0,0,2,0,1,0,0,1,0,0,0,0,0,0,0,1,1,1,7,9,0,0,0,0,0,8,0,0,2,0,0,0,0,0,1,1,0,0,1,0,0,0,0,0,0,0,0,0,0,0,0,1,0,0,0,2,0,3,1,1,1,1,0,0,1,1,0,0,0,0,0,0
0,0,0,0,1,0,0,0,0,5,0,1,0,0,0,0,0,0,0,0,0,0,0,0,0,0,0,0,0,0,1,1,0,0,0,0,0,0,0,0,0,0,0,0,0,0,0,0,0,0,0,2,0,0,0,0,0,0,0,1,1,2,0,2,0,2,0,0,0,1,0,0,0,0,0,0,0,0,0,0,0,0,0,0,0,1,0,1,0,2,0,0,0,0,0,0,0,0,0,4,0,0,0,0,0,0,0,0,0,0,3,0,0,3,1,0,0,0,0,0,0,1,0,0,0,0,0,1,0,0,0,0,0,0,0,0,0,0,0,0,0,0,0,0,0,0,0,0,0,0,0,0,0,0,0,0,0,0,0,0,1,0,0,0,0,0,0,2,0,0,2,0,0,0,0,0,0,1,0,0,0,2,0,2,0,0,0,0,4,0,0,2,1,0,0,0,0,0,0,1,0,0,0,0,2,0,0,0,0,0,0,0,3,0,0,0,0,0,0,0,0,1,0,0,0,0,0,0,0,0,0,0,0,0,0,3,0,0,0,0,0,2,0,2,0,1,0,0,1,0,0,0,0,0,1,1
0,0,3,0,1,1,0,0,0,2,0,0,0,0,0,0,0,0,0,0,0,2,0,2,0,1,0,0,1,0,1,0,0,1,0,0,0,0,0,0,0,0,1,1,0,1,0,1,0,0,0,1,0,2,0,1,1,0,0,1,1,1,0,2,0,2,0,0,0,0,0,0,1,1,0,1,0,4,0,0,0,0,0,0,0,1,0,1,0,1,0,0,0,0,0,0,0,0,0,0,0,0,0,0,0,0,0,0,0,0,0,0,0,0,0,0,0,0,0,0,0,1,0,0,0,0,0,1,0,0,0,0,0,0,0,0,0,0,0,0,0,0,2,0,0,0,2,0,0,0,0,0,0,0,0,0,0,0,0,0,0,0,0,0,0,1,1,2,0,0,1,0,0,0,2,0,1,1,0,1,0,2,0,1,0,0,0,0,1,0,3,1,0,0,0,0,0,0,0,1,0,2,0,0,0,0,0,0,0,0,0,0,3,0,0,0,0,0,1,0,2,0,1,0,0,0,0,0,0,0,0,0,0,0,0,1,0,0,0,0,0,1,0,1,0,1,0,0,1,0,0,0,0,0,0,0
0,0,0,0,0,0,0,0,0,2,1,1,0,0,0,0,0,0,0,0,2,0,0,0,0,0,0,2,0,0,0,1,1,0,0,0,0,1,0,1,1,0,0,0,0,0,0,0,0,1,0,2,0,0,0,0,0,0,0,0,0,2,0,2,0,2,0,0,0,0,0,0,0,0,1,0,0,0,0,0,0,1,0,0,0,0,0,0,4,3,0,0,0,0,0,2,0,0,0,0,0,0,0,1,0,0,0,0,0,0,0,0,0,5,1,0,0,0,0,0,0,3,0,0,0,0,0,0,0,0,0,0,0,0,0,0,0,0,0,0,0,0,0,0,0,0,1,0,0,0,0,0,0,0,0,0,0,0,0,0,1,0,0,0,0,0,0,2,0,0,2,0,0,0,0,0,0,0,0,0,0,2,0,2,0,0,0,0,2,0,0,2,1,0,0,0,0,1,0,0,0,0,0,0,0,0,0,0,0,0,0,0,2,0,0,0,0,0,0,0,0,0,0,0,0,0,0,1,0,0,0,0,0,0,0,2,0,0,0,0,0,2,1,2,0,2,0,0,1,0,0,0,0,0,0,0
0,0,0,0,0,0,0,0,0,1,0,1,0,0,0,0,0,0,0,0,0,0,0,0,0,0,0,0,0,0,0,0,0,0,0,0,0,0,0,0,0,0,0,0,0,1,0,0,0,1,0,2,0,0,0,0,0,0,0,0,0,2,1,2,1,2,0,0,0,0,0,0,0,0,0,0,0,0,0,0,0,0,0,0,0,1,0,0,0,2,0,0,0,0,0,0,0,0,0,0,0,1,0,0,0,0,0,0,0,0,0,0,0,1,1,0,0,0,0,0,0,2,0,0,0,0,0,2,0,0,0,0,0,0,0,0,0,0,0,0,0,0,0,0,0,0,0,0,0,0,0,0,0,0,0,0,0,0,0,0,1,0,0,0,0,0,0,0,0,0,2,0,0,0,0,0,0,0,0,0,0,2,0,2,0,0,0,0,2,0,0,2,0,0,1,0,0,0,0,0,0,0,0,0,0,1,0,0,0,0,0,0,0,1,0,0,0,0,0,0,0,0,0,0,0,0,0,0,0,0,0,0,0,0,0,2,0,0,0,0,0,2,1,2,0,2,0,0,1,0,0,0,0,0,0,0
0,0,0,0,0,0,0,0,0,6,0,0,0,0,0,3,0,0,0,0,0,4,1,0,0,0,0,0,0,0,1,0,0,0,0,0,0,0,0,0,0,0,0,0,0,0,0,0,0,0,0,2,0,0,0,0,1,0,0,3,0,2,3,2,0,2,0,0,0,0,0,0,0,0,0,0,0,0,0,0,0,0,0,0,0,2,0,0,0,2,0,0,0,0,0,1,0,0,0,0,0,1,0,0,0,0,0,0,0,0,0,0,0,4,0,0,2,0,0,0,0,2,0,0,0,0,0,0,0,0,0,0,0,0,0,0,0,1,0,0,0,0,0,0,0,0,1,0,0,1,0,0,0,0,0,0,0,0,0,0,1,0,0,0,0,0,0,2,1,0,2,0,0,0,0,0,0,0,0,0,0,2,0,2,0,0,0,0,2,1,0,2,0,0,0,0,0,0,0,2,0,0,0,0,0,0,3,0,0,0,0,0,1,2,0,0,0,0,0,0,0,0,0,0,0,0,0,0,0,0,0,0,0,0,0,2,0,0,0,0,0,2,0,2,0,2,0,0,2,0,0,0,0,0,0,0
0,0,0,0,0,1,0,0,1,1,0,0,0,0,0,0,1,0,0,0,0,0,0,2,0,0,0,0,0,0,0,0,0,0,0,0,0,0,0,0,0,0,0,0,0,0,0,0,0,0,0,2,0,0,0,0,0,2,0,2,0,1,0,2,1,2,0,0,0,0,1,0,0,0,1,2,0,0,0,1,0,0,1,0,0,3,1,0,0,1,0,0,1,0,1,0,0,0,0,0,1,0,0,0,0,0,0,0,0,0,0,0,0,0,1,0,0,0,0,0,0,4,0,0,0,0,0,1,0,0,0,0,0,0,0,0,0,0,0,0,0,0,0,0,0,0,0,0,0,0,0,0,0,0,0,0,0,0,0,0,2,0,0,0,0,0,1,3,0,0,3,0,0,0,0,0,1,0,0,0,0,2,1,3,1,0,0,0,1,2,0,3,0,0,0,0,0,0,0,0,1,0,0,0,0,2,0,0,0,0,1,0,2,0,0,1,0,0,0,0,0,1,0,0,0,1,0,0,0,0,0,0,0,0,0,4,0,3,0,0,0,2,0,2,1,2,0,0,0,2,2,0,0,0,0,0
0,0,0,1,0,0,0,0,1,2,0,0,0,0,0,1,0,0,0,0,0,0,0,0,0,0,0,0,1,0,0,0,0,1,0,0,0,0,0,0,0,0,0,0,0,0,0,0,0,0,0,2,0,0,0,0,0,0,0,0,1,1,0,2,0,2,0,0,0,0,0,0,1,0,1,0,0,1,0,0,0,0,0,1,0,2,1,0,0,2,0,0,0,0,0,0,0,0,0,1,0,0,0,0,0,0,1,0,0,0,1,0,0,0,0,0,0,0,0,0,0,2,0,0,0,0,0,2,0,0,0,0,0,0,0,0,0,0,0,2,0,0,0,0,0,0,0,0,0,0,0,0,0,0,0,0,0,0,0,0,2,0,1,0,0,1,0,2,0,0,1,0,0,0,0,0,0,2,0,0,1,2,1,2,0,1,0,0,1,0,0,1,0,0,0,0,0,0,0,0,0,0,1,1,0,0,0,0,0,0,0,0,0,0,0,0,0,1,0,0,0,0,0,0,0,0,0,0,0,0,0,0,0,0,0,2,0,0,0,0,0,2,0,1,0,2,0,0,0,0,0,0,0,0,0,3
0,0,0,0,0,0,0,0,0,0,0,0,0,0,0,0,0,0,0,0,0,1,2,0,0,0,0,0,1,0,0,0,0,0,0,0,0,0,0,0,0,0,0,0,0,0,0,0,0,0,0,2,0,0,0,0,0,0,0,0,1,1,0,2,1,2,1,1,0,0,0,0,0,0,1,0,2,0,0,0,0,0,0,0,2,0,0,0,0,2,0,0,0,0,0,0,0,0,0,0,0,0,0,0,1,0,0,0,0,0,0,1,0,1,2,1,0,1,0,0,0,2,0,0,0,1,0,2,0,0,0,1,0,0,0,0,0,0,0,0,0,0,0,1,0,0,0,0,0,2,1,1,0,0,1,0,0,1,0,0,2,0,0,0,0,0,0,0,0,0,2,0,0,0,0,0,0,0,0,0,0,2,0,2,0,0,0,0,1,1,0,2,0,0,0,0,0,0,0,0,0,0,0,0,0,0,0,0,0,0,0,0,0,0,0,0,0,0,0,0,0,0,0,0,0,1,0,0,1,0,0,0,0,0,0,2,0,0,0,0,0,2,0,2,0,2,0,0,0,0,0,0,0,0,0,0
0,0,0,0,0,0,0,0,0,6,0,1,0,0,0,0,0,0,0,0,0,1,3,0,0,0,0,0,0,0,0,0,0,0,0,0,0,0,0,0,0,1,0,0,2,0,0,0,0,1,0,2,0,0,0,0,0,0,0,1,0,2,1,2,0,2,0,0,0,1,0,0,0,0,0,0,0,0,0,0,0,0,1,0,0,0,0,0,0,2,0,0,0,0,1,1,0,0,1,0,0,2,0,1,3,0,0,0,0,0,0,0,0,6,0,0,0,0,0,0,0,1,0,1,0,0,0,0,0,0,0,0,0,0,0,0,0,0,0,0,0,0,0,0,0,0,0,0,0,1,1,0,0,0,0,0,0,0,0,0,2,0,0,0,0,0,0,3,0,0,5,0,2,0,0,0,0,1,2,0,0,2,0,2,0,0,0,0,2,0,1,2,0,0,0,0,0,0,0,0,0,0,0,0,0,0,0,0,0,0,0,0,0,0,0,0,0,0,0,0,0,0,0,0,0,0,0,0,0,0,0,0,0,0,0,2,0,0,0,0,0,2,0,2,0,2,0,0,0,0,0,0,0,0,0,0
0,0,0,0,0,0,0,0,0,0,0,0,0,0,0,0,0,0,0,0,0,0,0,1,0,0,0,0,1,0,1,0,0,1,0,0,0,0,0,0,0,0,0,1,0,0,0,0,0,0,0,1,0,0,0,0,0,0,0,0,1,1,0,2,0,1,0,0,0,2,0,0,1,0,0,0,0,2,0,1,0,0,0,0,0,1,0,1,0,1,0,0,0,1,0,0,0,0,0,0,0,0,0,0,0,0,0,0,0,0,0,0,0,0,0,0,0,0,0,0,0,0,0,0,1,0,0,0,0,0,0,0,0,0,1,1,0,0,0,0,0,0,0,0,0,1,1,0,0,0,0,0,0,0,0,0,0,0,0,0,1,0,0,0,0,1,0,1,0,0,1,0,0,0,0,0,0,0,1,0,0,2,0,1,0,0,1,0,1,0,0,1,1,0,0,0,0,0,1,1,0,0,1,1,0,1,0,0,0,0,0,0,0,0,0,0,0,0,1,0,0,0,0,0,0,0,0,1,0,0,0,0,0,0,0,1,0,0,0,0,0,1,0,1,0,0,0,0,0,0,0,0,0,0,0,0
0,0,0,0,0,1,0,0,0,1,0,1,0,0,0,0,0,0,0,0,0,0,0,0,0,0,0,0,1,0,1,0,0,1,0,0,0,0,0,0,0,0,0,1,2,0,0,1,0,0,0,1,0,0,0,0,0,0,0,0,1,1,0,2,1,1,0,0,0,0,0,0,1,1,0,0,0,1,0,0,0,0,0,1,0,2,0,1,0,2,0,0,0,0,0,0,1,0,0,0,0,0,0,0,0,0,0,1,0,0,0,0,0,0,0,0,0,0,0,0,0,1,0,0,0,0,0,1,0,0,1,0,0,0,0,2,0,0,0,0,0,1,0,0,0,0,1,0,0,1,0,0,0,0,0,0,0,0,0,0,0,0,0,0,0,1,0,0,1,0,1,0,0,0,0,0,0,0,0,0,0,2,0,1,0,0,1,0,1,0,0,1,1,0,0,0,0,0,0,1,0,0,1,1,0,0,0,0,0,0,0,0,0,0,0,0,0,0,1,0,0,0,0,0,0,0,0,0,0,0,0,0,0,0,0,1,0,0,0,0,0,1,0,1,0,1,0,0,0,0,1,0,0,0,0,1
0,0,0,1,0,1,0,0,2,3,0,0,0,0,0,0,0,0,0,0,0,1,1,2,0,0,0,1,1,0,0,0,0,0,0,0,1,0,0,0,0,0,0,0,1,0,0,0,0,0,0,2,0,0,0,0,0,1,0,0,0,2,0,2,0,2,0,0,0,1,0,0,0,0,0,0,0,0,0,0,0,0,0,0,1,2,0,1,0,3,0,0,0,0,0,1,0,0,0,0,0,0,0,0,0,0,0,0,0,0,0,0,0,0,0,0,0,0,0,0,1,2,0,0,1,0,0,1,0,0,0,0,0,0,0,0,0,1,0,0,0,0,0,0,0,0,0,0,0,1,0,0,0,0,0,0,0,0,0,0,1,0,0,0,0,0,0,0,1,0,2,0,0,0,0,0,0,0,0,0,0,2,0,2,0,0,0,0,3,1,0,2,0,0,0,0,0,0,0,0,0,0,0,0,0,0,0,0,0,0,0,0,1,0,0,0,0,0,0,0,0,0,0,0,0,0,0,0,0,0,0,0,0,0,0,2,0,0,0,0,0,2,0,2,0,3,0,0,0,0,0,0,0,0,0,0
0,0,0,0,0,2,1,0,0,1,1,1,0,0,0,1,0,0,0,0,0,0,0,0,0,0,0,2,1,0,1,0,0,1,0,0,0,0,0,0,0,0,0,1,0,0,0,1,0,0,0,1,0,0,1,0,1,0,0,0,1,1,0,2,0,1,0,0,0,0,0,0,1,0,0,0,0,1,0,0,0,0,0,0,0,0,0,1,0,1,0,0,0,0,0,0,0,0,0,0,0,0,0,0,0,0,0,0,0,0,0,0,0,1,0,0,0,0,0,0,0,1,0,0,0,1,0,0,0,0,2,0,0,0,0,1,0,0,0,0,0,1,0,0,0,0,0,0,0,1,1,1,0,0,0,0,0,0,0,0,1,0,0,0,0,1,0,0,0,0,1,0,0,0,0,0,0,0,0,0,0,2,0,1,0,0,0,0,1,0,0,1,0,0,0,0,0,0,0,1,0,0,0,1,0,0,0,0,0,0,0,0,0,0,0,0,0,0,1,0,0,0,0,1,0,0,0,0,0,0,0,1,0,0,0,1,0,0,0,0,0,1,0,1,0,1,0,0,0,1,0,0,0,0,0,2
1,0,0,0,0,0,0,0,0,3,3,0,0,0,0,1,0,0,0,0,0,0,0,1,0,1,0,0,1,0,1,0,0,1,0,0,0,0,0,0,0,0,0,1,0,0,0,0,0,0,0,1,0,0,0,0,0,0,0,2,1,1,0,2,0,3,0,0,0,0,0,0,1,0,0,0,2,1,0,0,0,0,0,0,0,2,0,1,0,1,0,0,0,1,0,0,0,0,0,0,1,0,0,0,0,1,1,0,0,0,3,0,0,3,1,0,0,1,0,0,0,2,0,0,1,1,0,1,0,0,0,0,0,0,1,1,0,0,0,0,0,1,0,0,0,1,2,0,0,0,0,0,0,0,0,0,0,0,0,0,1,0,0,0,0,1,1,1,0,0,1,0,0,0,0,0,0,0,0,0,0,2,0,1,0,0,2,0,1,0,0,1,0,0,0,2,0,0,0,1,0,0,1,3,0,1,1,0,0,4,0,0,1,0,0,0,0,0,1,0,0,0,1,0,0,0,0,0,1,0,0,0,0,0,0,1,0,0,0,0,0,1,0,1,0,1,0,0,0,0,0,0,0,0,0,0
0,0,0,0,0,0,0,0,0,2,0,1,0,0,0,0,0,0,1,0,0,3,2,1,0,0,0,0,0,0,0,1,0,0,0,0,0,1,0,0,0,0,0,1,2,0,0,0,0,0,0,2,0,0,0,0,0,0,0,0,0,1,0,2,0,3,1,0,0,0,0,0,0,1,0,0,2,0,0,0,0,0,0,0,0,4,0,1,0,2,0,0,0,0,1,1,0,0,0,0,0,0,0,0,1,0,0,0,0,0,0,1,1,1,0,0,0,1,0,0,0,0,0,0,0,1,0,1,0,0,0,2,0,0,0,0,0,0,1,1,0,0,0,1,0,1,0,1,0,0,0,0,0,3,0,0,0,0,0,0,2,0,1,0,0,0,0,1,0,1,2,1,0,0,0,0,0,0,0,0,0,1,0,1,0,0,0,1,1,0,0,2,1,0,0,0,0,0,0,0,1,0,0,0,0,0,0,0,0,0,0,0,2,0,0,0,0,0,0,0,0,0,1,0,0,0,0,0,0,0,0,0,0,0,0,2,0,0,0,0,0,2,3,2,0,2,1,0,0,0,0,0,3,0,1,0
0,0,0,1,0,0,0,0,0,1,0,1,0,0,0,0,0,0,0,0,0,0,0,0,0,0,0,0,1,0,0,0,0,0,0,0,0,0,0,0,0,0,0,0,0,0,0,0,0,0,0,2,0,0,0,0,0,1,0,0,0,2,0,2,0,2,0,0,0,0,0,0,0,0,0,0,0,0,0,0,0,0,0,1,0,1,0,0,0,2,0,0,0,0,0,0,0,0,0,0,0,0,0,0,0,0,0,0,0,0,1,1,0,2,0,0,0,0,0,0,0,2,0,0,1,0,0,3,0,0,0,0,0,1,0,0,0,0,0,0,0,0,0,0,0,0,0,0,0,0,1,0,1,0,0,0,0,0,0,0,0,0,1,0,0,0,0,0,0,0,2,0,0,1,0,0,1,0,0,0,0,2,0,2,0,0,0,0,2,1,0,2,1,0,0,0,0,0,0,0,0,0,0,0,0,0,0,0,0,0,0,0,1,0,0,0,0,0,0,0,0,0,0,0,0,0,0,0,0,0,0,0,0,0,0,2,0,0,0,0,0,2,0,2,0,2,0,0,2,0,0,0,0,0,0,0
0,0,0,0,0,0,0,0,0,1,1,0,0,0,0,0,1,0,0,0,0,0,0,0,0,0,0,0,1,0,1,0,0,1,0,0,0,0,0,0,0,0,0,1,0,0,0,0,1,2,0,1,0,0,0,0,0,0,0,0,1,1,0,2,0,1,0,0,0,0,0,0,1,0,0,0,0,1,0,0,0,0,0,0,0,0,0,1,1,1,0,0,0,1,0,1,0,0,0,1,0,1,0,0,0,0,0,0,0,0,2,0,0,2,0,0,0,0,0,0,0,1,0,0,0,0,0,0,0,0,0,0,0,0,0,0,0,0,0,0,0,0,0,0,0,1,0,0,0,0,0,0,0,0,0,0,0,0,0,0,1,0,0,0,0,1,0,1,0,0,1,0,0,0,0,0,0,0,1,0,0,2,0,1,0,0,0,0,1,0,0,1,1,0,0,0,1,0,0,3,0,0,1,1,0,0,0,0,0,1,0,0,0,0,1,0,0,0,1,0,0,0,0,1,0,0,0,0,0,0,0,0,0,0,0,1,0,0,0,0,0,1,0,1,0,1,0,0,0,0,0,0,0,0,0,0
0,0,0,0,0,0,0,1,0,2,0,1,0,1,0,0,0,0,0,0,0,0,0,0,0,0,0,0,1,0,0,0,0,1,0,0,1,0,0,0,0,0,0,1,0,0,0,0,0,0,0,1,0,0,0,0,0,1,0,0,1,1,0,2,0,2,0,0,0,0,0,0,1,1,1,0,0,2,0,0,0,0,0,0,0,1,0,1,0,2,0,0,0,1,0,0,0,0,0,0,0,0,0,0,0,0,0,0,0,0,0,0,0,0,0,0,0,0,0,0,0,1,0,0,0,0,0,1,0,0,0,0,0,1,0,1,0,1,1,0,0,0,0,0,0,0,2,0,0,0,0,1,0,0,0,0,0,0,0,0,0,0,0,0,0,1,0,1,2,0,1,0,0,0,0,0,0,0,2,0,0,2,0,1,0,0,1,0,2,0,0,1,0,0,0,0,0,0,0,1,0,0,1,1,0,0,0,0,0,0,0,0,3,0,0,0,0,0,1,0,0,0,0,1,0,0,0,0,0,0,0,0,0,0,0,1,0,0,1,0,0,1,0,1,0,1,0,0,1,0,0,0,0,0,0,0
0,0,0,0,0,0,0,0,0,5,0,3,0,0,0,0,0,0,0,0,0,2,0,0,0,0,0,0,1,0,0,1,0,1,0,0,0,0,0,0,0,0,0,0,0,0,0,0,0,1,0,2,0,0,0,0,0,0,1,0,1,1,0,2,0,2,0,1,0,0,0,0,1,0,0,0,0,1,0,0,0,0,0,0,0,2,0,0,1,1,0,0,0,0,0,0,0,0,1,0,0,3,0,0,1,0,0,0,0,0,0,0,1,2,0,0,2,0,0,0,0,2,0,0,0,0,0,2,0,0,0,0,0,0,0,0,0,0,1,0,0,0,0,0,0,0,0,0,0,0,0,0,0,0,0,0,1,0,0,0,2,0,0,0,0,0,0,1,1,0,2,0,0,0,0,0,0,0,0,1,0,2,0,1,0,0,0,0,1,0,0,1,0,0,0,0,0,0,0,1,0,0,0,0,0,1,0,0,0,0,0,1,0,0,0,0,0,0,0,0,2,0,0,0,0,0,0,0,0,0,0,0,0,0,0,2,0,0,0,0,0,1,1,2,0,2,0,1,0,0,0,0,0,0,0,0
0,0,0,0,0,0,0,0,1,0,0,0,0,0,0,0,0,0,0,0,0,0,0,0,0,0,0,0,1,0,2,2,0,1,0,0,0,0,0,0,0,0,0,1,0,0,0,1,0,0,0,1,0,0,0,0,1,0,0,0,1,1,0,2,0,3,0,0,0,0,0,0,1,2,0,0,1,1,0,0,0,0,0,0,0,1,0,1,0,1,0,0,0,0,0,0,0,0,0,0,0,0,0,0,0,0,1,0,0,0,0,1,0,0,0,0,0,1,0,0,0,1,0,0,0,0,0,0,0,0,0,0,0,0,0,1,0,0,1,0,0,0,0,0,0,0,0,0,0,0,0,0,0,1,0,0,2,0,0,0,1,0,0,0,0,1,0,1,0,0,1,0,0,0,0,0,0,0,0,0,0,2,0,2,0,0,0,0,1,0,0,1,0,0,0,0,0,0,0,1,0,0,1,1,0,0,0,0,0,0,0,0,0,0,0,0,0,0,1,0,0,0,0,0,0,0,0,0,0,0,0,0,0,0,0,1,0,0,0,0,0,1,0,1,0,1,0,1,0,0,0,0,0,0,1,1
0,0,1,1,0,0,0,0,0,3,0,0,0,0,0,1,0,0,0,0,0,0,0,0,0,0,0,0,2,0,0,0,0,0,0,0,0,0,0,0,0,0,0,0,0,0,0,0,0,1,0,2,0,0,0,0,0,0,0,0,2,0,0,2,0,2,0,0,0,1,0,0,1,0,0,1,0,0,0,0,0,0,0,0,0,2,0,0,0,0,0,0,0,0,0,0,0,0,0,1,0,0,0,0,0,0,0,1,0,0,1,0,0,3,0,0,0,1,0,0,0,2,0,0,0,0,0,2,0,0,0,0,0,0,1,0,0,0,0,0,0,0,0,0,0,0,0,0,0,0,0,1,0,0,0,0,0,0,0,0,2,1,0,0,0,0,2,2,0,1,2,0,1,0,0,0,2,0,0,0,0,2,0,1,0,0,0,0,0,1,0,2,0,0,0,0,0,0,0,0,0,0,1,0,0,0,0,0,0,1,0,0,0,0,0,0,0,0,0,0,0,0,0,0,0,0,0,0,0,0,0,0,0,0,0,2,0,0,0,0,0,2,0,2,0,2,0,0,0,0,0,0,0,0,0,0
0,0,0,0,0,0,0,0,0,1,0,0,0,0,0,1,0,0,0,0,0,2,0,1,0,0,0,0,1,0,2,0,0,1,0,0,0,0,0,0,0,0,0,1,0,0,0,1,0,0,0,1,0,0,0,0,1,0,0,0,1,1,0,2,0,1,0,0,0,0,0,0,1,0,0,0,0,1,0,0,0,0,0,0,0,0,0,1,0,1,0,0,0,0,0,0,0,0,0,0,0,0,0,0,0,0,0,1,0,1,0,0,0,0,0,0,0,0,0,0,0,1,0,0,0,1,0,1,0,0,0,0,0,0,0,1,0,0,0,0,0,1,0,0,0,0,1,0,0,0,1,0,0,0,0,0,3,0,0,0,1,0,0,0,0,1,1,1,0,0,1,0,0,0,1,0,0,0,0,0,0,2,0,1,0,0,0,0,1,0,0,1,0,0,0,0,0,0,0,3,0,0,3,3,0,0,0,0,0,3,1,0,0,0,0,0,1,0,1,0,0,0,0,0,0,0,0,0,0,0,0,0,0,0,0,1,0,0,0,0,0,1,0,1,0,0,0,0,0,0,0,0,0,0,0,1
0,0,0,0,0,0,0,0,0,1,0,1,0,0,0,0,0,0,0,0,0,0,0,0,0,0,0,0,1,0,1,1,0,1,0,0,0,0,0,0,0,0,0,1,0,0,0,0,0,0,0,1,0,0,0,0,0,0,0,0,2,1,0,2,0,3,0,0,0,1,0,0,1,0,0,1,0,1,0,0,0,0,0,0,0,3,0,2,0,1,0,0,0,1,0,0,0,1,0,0,0,0,0,0,0,0,0,0,0,0,0,0,0,0,0,0,0,1,0,1,0,0,0,0,0,0,0,0,0,0,0,0,0,0,0,1,0,0,0,0,0,0,1,0,0,1,1,0,0,0,0,0,0,0,0,0,0,0,0,0,0,0,0,0,0,1,0,0,0,0,1,0,0,0,0,0,0,0,0,0,0,2,0,1,0,0,2,0,1,0,0,1,0,0,0,0,0,0,0,2,1,0,1,1,0,0,0,0,0,0,0,0,1,1,0,0,0,0,1,0,0,0,0,1,0,0,0,0,0,0,0,0,0,0,0,1,0,0,0,0,0,1,0,1,0,0,0,0,1,0,0,0,0,0,0,0
0,0,0,0,0,1,0,0,0,1,0,1,0,0,0,1,0,0,0,0,0,0,1,0,0,0,0,0,1,0,0,0,0,0,0,0,0,0,0,0,0,0,0,0,0,0,0,0,0,0,0,2,0,0,0,0,0,0,0,0,0,2,0,2,1,2,0,0,0,0,0,0,0,0,0,0,0,0,0,0,0,1,0,1,0,1,0,0,0,2,1,0,0,0,0,0,0,0,0,0,0,0,0,0,0,0,0,0,0,0,0,1,0,0,0,0,0,0,0,0,0,2,0,0,0,0,0,2,0,0,0,0,0,0,0,0,0,0,0,0,0,0,0,0,0,0,0,0,0,1,0,0,0,0,0,0,0,0,0,0,1,0,0,0,0,0,0,1,0,0,2,0,0,0,0,0,0,0,0,0,0,2,0,2,0,0,0,0,2,0,0,2,0,0,0,0,0,0,0,0,0,0,0,0,0,0,0,0,0,0,0,0,0,0,0,0,0,0,0,0,0,0,0,0,0,0,0,0,0,0,0,0,0,0,0,2,0,0,0,0,0,2,0,2,0,2,0,0,1,0,0,0,0,0,0,0
1,0,1,0,0,0,0,0,0,1,0,1,0,0,0,0,0,0,0,0,0,0,0,0,0,0,0,0,1,0,0,0,0,1,0,0,0,0,0,0,0,0,0,1,1,0,0,1,0,0,0,1,0,0,1,0,0,0,0,1,1,1,0,2,0,2,1,0,0,0,0,0,1,2,3,0,0,1,0,0,0,0,0,0,0,1,0,1,0,2,0,0,0,0,0,0,0,0,0,0,0,0,0,0,0,0,0,0,0,2,0,0,0,0,0,0,0,1,0,0,0,0,0,0,0,0,0,1,0,0,0,0,0,0,0,0,0,0,0,0,0,0,0,0,0,0,0,0,0,0,0,0,0,0,0,0,0,0,0,0,2,0,0,0,0,1,0,1,0,0,1,0,0,0,0,0,0,0,0,0,0,2,0,1,0,0,0,0,1,0,0,1,0,0,0,0,1,0,0,1,0,1,0,0,0,0,0,0,0,0,0,0,0,0,0,0,0,0,1,1,0,0,0,0,0,0,0,0,0,0,0,1,0,0,0,1,0,0,0,0,0,1,0,1,0,2,0,0,0,0,0,0,0,0,0,1
0,0,0,0,0,0,0,0,1,1,0,1,0,0,0,0,0,0,0,0,0,0,0,0,0,0,0,0,0,0,0,0,0,0,0,0,0,0,0,0,0,0,0,0,0,0,0,0,0,0,0,2,0,0,0,0,0,0,0,0,0,2,0,2,0,2,0,0,0,0,0,0,0,0,0,0,0,0,0,0,0,0,0,0,0,1,0,0,0,2,0,0,0,0,0,0,0,0,0,0,0,0,0,0,0,0,0,0,0,0,0,0,0,0,0,0,0,0,0,0,1,1,0,0,0,0,0,1,0,0,0,0,0,0,0,0,0,0,0,0,0,0,0,1,0,0,0,0,0,1,0,0,0,0,0,0,0,0,0,0,1,0,0,0,0,0,0,1,0,1,2,0,0,0,0,0,0,1,0,0,0,2,0,2,0,0,0,0,2,0,0,2,0,0,1,0,0,0,0,0,0,0,0,0,0,2,0,0,0,0,0,0,0,0,0,0,1,0,0,0,0,0,0,0,0,0,0,0,0,0,0,0,0,0,0,3,0,0,0,0,1,2,0,2,0,2,0,0,1,0,0,0,0,0,0,0
0,0,0,0,2,0,0,0,0,2,2,0,0,1,0,0,0,0,0,0,2,3,0,3,0,0,0,0,1,1,1,1,0,1,0,0,0,1,0,1,1,0,0,1,0,0,0,0,0,0,0,1,0,0,0,0,0,0,0,0,1,1,0,2,0,3,0,0,0,4,0,0,1,0,1,0,0,1,0,0,0,0,0,0,1,1,0,2,0,1,0,0,0,1,0,0,0,0,0,0,0,3,1,0,1,0,0,0,0,1,0,0,0,2,0,0,2,1,0,0,0,1,0,0,0,0,0,1,0,0,0,0,0,0,0,0,0,0,0,0,0,0,0,1,1,0,0,0,0,0,0,0,0,0,0,0,0,0,0,0,0,0,0,0,0,1,0,1,0,0,1,0,0,1,1,0,0,0,0,0,1,2,0,1,0,0,0,0,2,0,0,1,0,0,0,0,1,0,0,1,0,1,0,3,0,0,0,0,0,1,0,0,1,0,1,1,0,0,1,0,0,0,2,0,0,0,0,0,0,0,0,0,0,0,0,0,0,0,0,0,0,1,0,1,0,0,0,0,1,0,0,0,0,0,0,0
0,0,0,0,3,0,0,0,0,4,0,0,0,1,0,0,0,0,0,0,1,3,0,0,0,0,0,0,1,0,1,2,0,1,0,0,0,0,0,0,0,0,0,0,0,1,0,0,0,0,0,2,0,0,0,0,0,0,0,1,1,1,0,2,1,2,0,0,0,0,0,0,1,0,0,0,0,1,0,0,0,0,0,0,0,0,0,0,0,2,0,0,0,0,0,0,1,0,0,0,0,0,0,0,0,0,0,0,0,0,0,0,0,1,0,0,0,1,0,0,0,5,0,0,0,0,0,0,0,1,0,0,0,0,0,0,0,0,0,0,0,0,0,0,0,0,0,0,0,0,1,0,0,0,0,0,0,0,0,0,1,0,0,0,0,1,1,2,1,0,2,0,0,0,1,0,1,0,0,0,0,2,0,1,0,0,0,0,1,0,2,1,1,0,0,0,0,0,1,0,0,0,0,0,0,0,1,0,0,0,0,0,2,0,0,0,0,0,0,0,0,0,0,0,0,0,0,0,0,0,0,0,0,0,0,2,0,0,0,0,0,1,0,1,0,2,0,0,1,0,0,0,0,0,0,1
0,0,0,0,0,0,0,0,0,0,0,2,0,0,0,1,0,0,0,0,0,2,0,1,0,0,0,0,0,0,0,2,0,0,0,0,0,2,0,0,0,1,0,2,0,0,0,0,0,0,0,2,0,0,0,0,0,0,0,0,0,2,0,2,0,2,0,0,0,0,0,0,1,0,0,0,0,0,0,0,0,2,0,2,0,2,0,0,1,2,0,0,0,0,0,0,0,0,0,0,0,0,0,1,0,0,0,0,0,0,0,0,0,1,0,0,0,0,1,0,0,2,0,0,0,0,0,2,0,0,0,0,0,0,0,0,0,0,0,0,0,0,0,0,0,0,0,0,0,0,0,0,0,0,0,0,0,0,0,0,2,0,0,0,0,0,0,1,1,0,2,0,0,0,0,0,0,0,0,0,0,2,0,2,0,0,0,0,2,0,0,2,1,0,0,0,0,0,0,0,0,0,0,0,0,0,0,0,0,0,0,1,0,0,0,1,0,0,1,0,0,0,0,0,0,0,0,0,0,0,0,0,0,0,0,2,0,0,0,0,0,2,0,2,0,2,0,0,0,0,0,0,0,0,0,0
0,0,0,0,1,0,0,0,3,3,1,0,0,0,0,1,0,0,0,3,0,1,0,1,0,3,0,0,1,1,2,1,0,1,0,0,0,0,1,0,0,0,0,1,0,0,0,0,0,0,0,1,0,0,0,1,0,0,0,1,1,1,0,2,0,1,0,0,0,0,0,0,1,0,0,0,0,1,0,0,0,0,0,0,0,4,0,1,0,1,0,0,0,0,0,0,0,0,0,0,0,0,2,0,0,0,0,0,0,0,0,0,0,0,0,0,0,1,0,4,0,2,1,0,0,0,0,2,1,0,0,0,0,0,0,0,0,3,1,3,0,0,0,0,0,3,1,0,0,0,0,1,0,0,0,0,0,0,0,0,1,0,1,0,0,1,0,2,0,0,1,0,0,0,0,0,0,0,0,0,0,2,0,1,0,0,1,0,1,0,0,1,0,0,0,0,1,0,0,1,0,0,4,3,0,0,0,0,1,0,0,1,0,0,0,0,0,0,1,0,0,0,0,3,0,0,0,0,0,0,0,1,0,0,0,1,0,0,0,0,0,1,0,1,0,1,1,4,1,0,0,0,0,0,0,0
0,0,0,0,0,0,0,0,0,3,0,0,0,1,0,0,1,0,0,0,0,0,0,0,0,0,0,0,1,0,2,1,0,1,0,0,0,0,0,0,0,0,0,1,0,0,0,1,0,0,0,1,0,0,0,0,0,0,0,0,1,1,0,2,0,1,0,0,0,0,0,0,1,0,0,0,0,1,0,0,0,0,0,0,0,1,0,1,0,1,0,0,0,0,0,1,0,0,0,1,0,0,0,0,0,0,0,0,0,0,0,0,0,0,0,0,1,0,0,0,0,2,0,0,0,0,0,0,0,0,0,2,0,0,0,0,1,0,0,0,0,0,0,0,0,0,0,0,0,0,0,0,0,0,0,0,0,0,0,0,0,0,0,0,0,1,0,3,1,0,2,0,0,0,0,0,0,0,0,0,0,2,0,1,0,0,1,0,1,0,0,1,0,0,0,0,1,0,0,1,0,0,1,1,0,0,0,0,0,0,0,0,0,0,0,0,0,0,1,0,0,0,1,0,0,0,0,0,0,0,0,0,0,0,0,1,1,0,0,0,0,1,0,1,0,1,0,0,1,0,0,0,0,0,0,0
0,0,0,0,0,0,0,0,0,0,1,0,0,0,0,0,0,0,0,0,0,0,0,0,0,0,0,0,1,0,1,0,0,1,0,0,0,0,0,0,0,0,0,1,0,0,0,2,0,1,0,0,0,2,0,0,2,0,1,0,1,0,0,1,0,2,0,0,1,1,0,0,1,0,0,0,0,1,0,0,0,1,0,0,0,0,0,1,0,0,0,0,0,0,0,0,0,0,2,0,0,0,0,0,0,0,0,0,0,0,0,0,1,0,0,0,0,0,0,0,0,0,0,0,0,0,0,0,0,0,0,0,0,0,0,0,0,0,0,0,0,0,0,0,0,0,0,0,0,0,1,0,0,0,0,0,0,0,0,0,0,0,0,1,0,1,1,0,0,0,0,0,0,0,0,0,0,0,0,0,0,1,0,0,0,0,1,0,0,0,0,0,0,0,0,0,3,0,0,2,0,1,1,2,0,0,0,0,0,2,0,1,1,0,0,2,0,0,1,1,0,0,1,0,0,0,0,0,0,0,0,0,0,0,0,1,0,1,1,0,0,0,0,0,0,0,2,0,0,0,1,0,0,0,0,0
0,0,0,0,0,0,0,0,0,3,0,2,0,0,0,1,0,0,0,0,0,0,0,1,0,0,0,0,0,0,0,0,0,0,0,0,0,0,0,0,0,0,0,0,2,0,0,0,0,1,0,2,0,0,0,0,0,0,0,1,0,2,0,2,0,2,0,0,0,0,0,0,0,0,0,0,0,0,0,0,0,0,0,0,0,2,0,0,0,2,0,0,0,0,0,0,0,0,0,1,0,0,0,0,0,0,0,0,0,1,0,0,0,0,0,0,0,0,0,0,0,2,0,0,0,0,0,1,0,0,0,0,0,0,0,0,0,0,0,0,0,0,0,0,0,0,0,0,0,0,0,0,0,0,0,0,0,0,0,0,2,0,0,0,0,0,0,1,0,0,4,0,0,0,0,0,0,0,0,0,0,2,0,2,0,0,0,0,2,0,0,2,1,0,0,0,0,0,0,0,0,0,0,0,0,0,0,0,0,0,0,0,1,0,0,0,0,0,0,1,0,0,0,0,0,0,0,0,0,0,0,0,0,0,0,2,0,0,0,1,0,2,0,2,0,2,0,0,0,0,0,0,0,0,0,1
0,0,0,0,0,0,0,0,0,2,1,0,0,0,0,0,0,0,0,0,0,0,0,0,0,0,0,0,1,0,3,2,0,1,0,0,0,0,0,0,0,0,0,1,0,0,0,0,0,0,0,1,0,0,0,0,0,0,0,0,1,1,0,2,0,2,1,0,0,0,0,0,1,2,0,0,0,1,0,0,0,0,0,0,0,2,0,1,0,1,0,0,0,1,0,0,0,0,0,0,0,0,0,0,1,0,0,0,0,0,0,0,0,1,0,0,0,1,0,0,0,1,0,0,0,0,0,1,2,0,0,0,1,0,0,0,0,0,0,1,0,0,0,1,0,0,0,0,0,0,0,0,0,0,2,0,0,0,0,0,0,0,0,0,0,1,0,2,2,0,1,0,0,0,0,0,0,0,0,0,0,2,0,1,0,0,0,0,1,0,0,1,1,0,0,1,1,0,0,1,0,1,0,0,0,0,0,0,0,0,0,0,2,0,0,0,0,0,1,0,0,0,0,0,0,0,0,0,0,0,0,0,0,0,0,1,0,0,0,0,0,1,0,1,0,1,0,0,1,0,0,0,0,0,0,0
0,0,0,0,0,0,0,0,0,4,0,0,0,0,0,0,0,0,0,0,0,0,0,0,0,0,0,0,0,0,0,0,0,0,0,1,0,0,0,1,0,0,0,0,1,0,0,0,0,2,0,2,0,0,0,0,0,1,1,0,0,2,0,2,0,2,0,0,0,0,0,0,0,0,0,1,0,0,0,0,0,0,0,0,0,0,0,0,0,2,0,0,0,0,0,0,0,0,0,2,0,0,0,0,1,0,0,0,0,0,1,0,0,4,0,0,0,0,0,0,0,2,0,0,1,0,0,1,0,0,0,0,0,0,0,0,0,0,0,0,0,0,0,0,0,0,0,0,0,0,0,0,0,0,0,0,0,0,0,0,1,0,0,0,0,0,0,3,1,1,3,0,1,0,0,0,2,0,0,0,0,2,0,2,0,0,0,0,5,0,0,2,1,0,0,0,0,1,0,1,0,0,0,0,0,0,0,0,0,0,0,0,1,0,1,0,0,1,0,0,0,0,0,0,0,0,0,0,0,0,0,0,0,0,0,2,0,0,0,0,0,2,0,2,0,2,0,0,1,0,0,0,0,0,0,0
0,0,0,0,0,0,0,0,1,3,0,0,0,0,0,0,0,0,0,0,0,0,0,0,0,0,0,0,1,0,1,0,0,1,0,0,0,0,0,1,0,0,0,1,1,0,0,0,0,0,0,1,0,0,0,0,0,1,0,0,1,1,0,2,0,1,0,0,0,0,0,0,1,0,0,0,0,1,0,0,0,0,0,1,0,1,0,1,0,1,0,0,0,1,0,0,0,0,0,0,0,0,0,0,0,0,0,0,0,0,0,0,0,0,0,0,0,0,0,0,0,1,0,0,0,0,0,1,0,0,0,0,0,0,0,1,0,0,0,0,0,0,0,0,0,0,1,0,0,0,0,0,0,0,0,0,0,0,0,0,0,0,0,0,0,1,0,0,2,0,1,0,0,0,0,0,0,0,0,0,0,2,0,1,0,0,1,0,1,0,0,1,0,0,0,0,0,0,1,1,0,0,2,2,0,0,1,0,0,1,0,1,0,0,0,0,0,0,1,0,0,0,1,0,0,0,0,0,0,0,0,0,0,0,0,1,0,0,1,0,0,1,0,1,0,1,0,0,1,0,0,0,0,0,0,1
0,0,0,0,1,0,0,0,0,4,0,2,0,0,0,1,0,0,0,0,0,2,1,0,0,0,0,0,0,0,0,1,0,0,0,1,0,0,0,0,1,0,0,0,0,0,0,0,0,1,0,3,0,0,1,0,0,3,0,3,1,2,2,2,0,2,0,0,0,0,0,0,0,1,0,0,0,0,0,0,0,0,0,0,0,1,0,0,0,2,0,0,0,0,0,0,0,0,0,0,0,0,0,0,2,0,0,0,0,0,0,1,0,4,1,0,0,1,0,0,0,3,0,0,0,0,0,1,0,0,0,0,0,0,0,0,0,0,0,0,0,0,0,0,0,0,0,0,0,0,0,0,0,0,0,0,0,0,0,0,1,0,0,0,0,0,0,2,0,0,4,0,0,0,0,0,0,0,0,1,0,2,0,2,0,0,0,0,2,0,0,2,1,0,0,0,0,0,0,0,0,0,0,0,0,0,0,0,0,0,0,0,0,0,0,0,0,0,0,0,0,0,0,0,0,0,0,0,0,0,0,0,0,0,0,3,0,0,0,0,1,2,0,2,0,2,0,0,1,0,0,0,0,0,0,1
0,0,0,0,1,1,0,0,1,4,0,1,0,2,0,0,0,0,0,0,0,0,0,1,0,0,0,0,0,0,0,0,0,0,0,0,0,0,0,0,0,0,0,0,0,0,0,0,0,0,0,2,0,0,0,0,1,0,0,2,0,2,0,2,0,2,0,0,0,1,0,0,0,0,2,0,0,0,0,0,0,0,1,0,0,3,0,0,0,3,0,0,0,0,0,0,0,0,0,0,0,0,0,0,0,0,0,0,0,0,0,0,0,0,0,0,0,0,0,0,0,2,0,0,0,0,0,2,0,0,0,0,0,0,0,0,0,0,0,0,0,0,0,0,0,0,0,0,0,0,0,0,0,0,0,0,0,0,0,0,2,1,3,0,0,0,0,2,0,0,2,0,0,0,0,0,0,3,0,0,0,2,0,3,0,0,0,0,2,1,0,2,0,0,0,0,0,0,0,0,0,0,2,0,0,0,0,0,0,0,0,0,2,0,0,0,0,0,0,0,0,0,0,0,0,0,0,0,0,0,1,0,0,0,0,2,0,0,0,0,0,2,0,2,0,2,0,0,0,0,0,0,0,0,0,0
0,0,0,0,0,0,0,0,0,0,0,1,0,0,0,0,1,0,0,0,0,0,0,0,0,0,0,0,1,0,1,0,0,1,0,0,0,0,0,0,1,0,0,1,0,0,0,3,0,1,1,1,0,0,0,0,0,0,0,0,1,1,1,2,0,1,0,0,0,1,0,1,1,2,0,0,1,1,0,0,0,0,0,0,0,1,0,2,0,2,0,0,0,0,0,0,0,0,0,1,0,0,0,0,0,0,0,0,0,0,0,0,0,0,0,0,0,0,0,0,1,0,0,0,0,0,0,0,1,0,0,0,0,0,0,1,0,0,1,0,0,1,2,0,0,0,1,0,0,0,0,0,0,0,0,0,0,0,0,0,1,0,0,0,0,1,0,0,3,0,1,0,0,0,0,0,0,0,2,0,0,2,0,1,0,0,0,0,1,0,0,1,0,0,0,0,0,0,0,3,0,0,3,3,0,0,0,0,1,3,0,0,0,0,0,0,0,0,1,0,0,0,1,1,0,0,0,0,0,0,0,1,0,0,0,1,0,0,0,0,0,1,1,1,1,0,0,0,1,0,0,0,3,0,1,0
0,0,0,0,0,0,0,0,4,5,0,2,0,0,0,0,1,0,0,0,0,1,1,0,0,0,0,0,0,0,0,0,0,0,0,0,0,0,0,0,0,0,0,0,2,0,0,0,0,0,0,2,0,0,0,0,0,0,0,1,0,2,1,2,0,2,0,0,0,0,0,0,0,0,0,0,0,0,0,0,0,0,0,0,1,3,0,0,0,3,0,0,0,0,0,1,0,0,0,0,0,0,0,0,0,0,0,0,0,0,0,0,0,0,0,0,0,1,0,0,0,2,0,0,0,0,0,2,0,0,0,0,0,0,0,1,0,0,0,0,0,0,0,0,0,0,0,0,0,0,0,0,0,0,0,0,0,0,0,0,1,0,0,0,0,0,0,1,0,0,5,0,0,0,0,0,0,2,2,0,0,2,0,2,0,0,0,0,2,0,0,2,1,0,0,0,0,0,0,0,0,0,0,1,0,0,0,0,0,0,0,0,2,0,0,0,0,0,0,1,0,0,0,0,0,0,0,0,0,0,0,0,0,0,0,2,0,0,0,0,0,2,0,2,0,1,0,0,1,0,0,0,0,0,0,0
0,0,0,0,0,0,0,0,1,4,0,5,0,0,0,0,0,0,0,0,0,0,0,0,1,0,0,0,0,0,1,2,0,0,0,0,0,0,0,0,0,0,0,0,2,0,0,0,0,0,0,2,0,0,0,0,0,0,0,3,1,2,0,2,0,2,0,0,0,1,0,0,0,1,0,0,0,0,0,0,0,0,0,0,0,3,0,0,0,3,0,0,0,0,0,0,0,0,0,0,0,0,0,0,1,0,0,1,0,0,0,0,0,2,0,0,0,0,0,0,0,2,0,0,0,0,1,0,0,0,0,0,0,0,0,0,0,0,0,0,0,0,0,0,0,0,1,0,0,0,0,0,1,0,0,0,0,0,0,0,2,0,2,0,0,0,1,3,0,0,2,0,0,0,0,0,0,0,0,0,0,2,0,2,0,0,0,0,4,0,0,2,0,0,0,0,1,0,1,1,0,0,1,0,0,1,0,0,0,0,0,0,2,0,0,0,0,0,0,0,0,0,0,0,0,0,0,0,0,0,0,0,0,0,0,2,0,0,0,0,0,2,0,2,0,2,0,0,0,0,0,0,0,0,0,0
