0,0,10,3,2,4,3,0,2,8,3,0,1,7,2,1,3,3,11,3,3,43,5,0,0,6,3,1,2,4,2,3,1,0,0,4,0,0,4,2,0,0,0,1,0,0,1,1,0,2,23,3,0,2,0,1,5,11,4,59,1,0,2,4,1,2,1,2,1,7,5,1,0,0,5,1,1,2,3,1,2,3,2,0,0,0,2,5,1,0,0,0,6,22,2,1,0,0,1,1,2,3,0,8,0,0,0,2,0,1,0,1,0,13,0,8,0,0,1,0,0,10,0,1,0,0,1,1,0,0,2,0,0,0,0,0,0,0,1,2,1,0,0,0,13,0,5,3,0,6,1,0,0,4,0,0,0,0,2,0,5,0,2,2,0,10,1,1,4,1,0,0,1,0,9,4,11,0,0,0,0,13,6,0,0,4,0,1,0,4,0,0,0,0,3,1,0,0,0,1,1,0,0,6,0,0,2,0,0,2,0,10,0,0,0,1,4,0,0,2,1,0,7,5,2,0,2,1,3,0,5,10,0,1,0,4,1,2,0,1,0,4,3,8,1,0,10,0,2,1,3,0,4,17,0,12
0,0,7,0,2,2,5,15,1,5,5,1,0,9,3,0,0,2,2,3,13,54,2,0,0,2,0,2,3,3,0,2,0,0,0,3,5,1,0,2,1,2,0,0,1,0,0,3,0,1,0,3,0,2,0,0,8,6,6,1,0,0,1,8,1,3,3,0,3,18,4,1,0,0,0,0,2,2,1,1,2,5,1,0,0,3,1,1,0,7,4,6,2,4,0,3,0,3,4,0,1,2,2,0,0,0,0,0,0,0,0,0,0,0,0,1,0,0,1,0,0,0,4,2,0,0,1,0,2,0,1,0,0,0,2,1,1,7,1,1,8,0,1,2,11,0,4,8,0,0,0,0,0,0,0,2,0,0,1,3,0,0,1,0,0,10,3,11,0,0,1,0,1,1,36,1,1,1,0,6,0,4,3,9,0,0,4,0,0,1,0,0,0,10,0,0,0,6,0,0,0,0,1,6,1,0,3,0,20,5,2,2,1,5,3,0,0,0,0,1,2,0,1,6,0,0,3,0,0,6,1,3,0,0,1,6,1,2,1,4,0,1,1,0,0,0,9,1,0,7,1,0,7,11,1,4
4,2,32,2,0,1,4,0,0,18,1,0,1,3,7,0,5,0,1,2,12,56,8,1,0,10,1,0,0,9,0,0,0,0,0,0,0,0,0,1,0,2,0,0,0,0,0,1,0,0,1,0,2,8,0,1,7,3,3,0,0,0,0,1,4,2,3,2,9,9,4,6,4,2,1,0,3,19,1,1,1,4,15,0,2,0,1,0,1,5,7,15,1,0,0,3,0,1,6,2,0,2,2,6,0,0,0,1,12,0,0,3,1,1,3,2,7,1,0,1,0,0,0,1,0,0,3,1,2,0,0,0,0,0,1,4,0,0,0,0,0,1,0,0,11,0,2,8,0,0,0,0,1,10,0,3,0,0,4,0,0,0,1,0,0,23,3,7,2,0,0,0,1,0,4,0,0,1,0,0,0,7,3,0,0,0,0,7,0,3,2,0,2,1,0,2,0,2,0,0,0,4,1,1,1,1,1,0,4,3,1,1,0,0,1,0,0,0,0,3,1,0,3,1,1,0,1,0,0,1,2,0,0,0,0,4,0,0,0,0,1,0,0,1,0,0,12,0,10,0,2,0,0,5,0,0
0,0,3,2,0,0,9,1,0,6,3,0,0,1,8,0,3,1,4,2,5,54,7,0,0,0,8,1,0,7,1,0,0,0,1,3,15,0,1,3,0,0,0,1,0,1,1,1,0,0,14,0,2,4,1,0,2,4,2,0,2,0,0,3,0,5,3,2,1,3,4,3,1,1,0,0,1,18,1,1,0,3,2,0,1,3,1,1,1,0,0,3,2,0,0,2,0,0,2,0,4,0,0,0,3,0,0,2,0,0,0,1,0,2,1,0,1,0,0,1,0,7,0,3,0,0,2,0,1,0,0,0,0,0,1,0,0,0,1,5,2,4,0,0,5,1,0,1,0,4,3,0,0,2,1,7,1,2,2,0,0,0,2,9,0,10,2,1,0,0,3,0,1,0,66,14,0,1,1,19,0,8,1,0,0,1,0,10,1,2,0,0,0,0,0,0,0,2,0,0,4,3,9,3,2,0,4,0,0,2,3,4,0,1,2,0,0,1,1,3,2,0,5,0,0,0,1,0,1,0,1,0,3,0,0,5,2,0,2,0,0,1,4,2,1,0,10,17,22,0,0,0,2,16,0,1
2,0,31,2,2,2,3,0,1,11,4,0,3,6,6,9,8,0,1,1,5,41,5,0,4,1,1,0,4,8,1,1,0,2,0,0,4,2,0,0,0,2,0,0,2,3,1,1,0,0,0,0,1,2,0,2,4,3,3,1,0,0,0,3,5,4,1,1,2,4,12,1,1,2,2,0,4,29,0,1,7,3,3,1,0,4,2,1,1,10,0,4,1,0,1,4,2,0,2,0,0,1,0,4,0,1,0,0,5,2,0,0,0,10,0,0,0,0,3,1,0,0,0,14,0,0,4,2,0,0,0,1,0,0,2,1,0,0,2,0,3,0,0,0,11,0,0,2,0,1,2,0,1,5,0,4,0,1,4,0,1,2,0,0,0,11,1,14,3,1,1,0,0,4,0,0,1,0,0,0,2,3,1,1,0,1,0,2,0,1,1,0,3,0,0,1,0,0,0,1,0,0,0,0,3,0,7,1,0,4,1,4,0,0,0,0,1,0,0,1,1,1,1,0,0,0,1,1,0,0,1,1,1,3,1,4,1,2,0,0,1,1,0,1,1,0,17,0,51,0,0,0,8,6,1,7
1,0,14,10,4,1,9,0,1,8,1,0,0,4,3,1,8,2,4,4,13,58,0,0,0,2,1,0,1,9,3,0,0,0,0,4,10,1,0,3,0,2,0,0,0,0,3,1,2,2,0,0,0,4,0,0,8,6,5,0,1,2,0,5,4,6,1,1,2,9,3,3,2,0,4,0,10,5,0,2,4,5,2,0,0,1,4,0,0,5,1,1,0,1,0,4,0,0,2,0,0,0,0,0,2,0,0,1,6,0,3,0,0,0,0,1,1,0,0,0,0,0,0,0,0,0,5,0,0,0,2,0,0,0,0,5,0,0,1,0,3,5,1,0,46,0,0,2,0,0,0,0,5,8,1,6,0,6,1,2,0,0,1,0,0,10,2,1,0,1,0,1,0,0,29,1,2,5,0,0,0,4,1,1,0,1,1,0,0,4,0,0,1,0,1,0,1,2,0,0,1,1,3,4,2,0,6,0,6,0,0,15,0,1,0,0,0,0,0,0,3,1,1,0,0,0,1,0,0,0,1,0,1,0,0,3,0,2,0,0,0,2,0,0,0,0,11,0,3,1,0,0,0,5,0,0
0,0,21,8,1,1,8,0,0,10,6,0,0,6,4,0,6,0,6,0,12,49,1,0,4,0,0,0,3,11,0,1,0,0,0,0,0,0,0,4,2,2,0,1,5,0,0,3,0,2,3,0,0,4,0,1,5,6,5,0,0,0,0,2,3,5,3,2,7,6,21,1,0,0,1,0,10,12,0,0,1,5,3,0,0,3,4,0,0,4,0,0,3,3,0,1,1,0,4,0,0,0,0,6,0,0,0,0,0,0,0,0,0,0,0,0,2,0,1,2,0,0,0,2,0,0,1,0,0,0,1,1,0,1,7,2,0,2,1,0,3,0,0,0,15,0,2,6,2,0,1,1,2,4,0,3,0,0,6,0,1,0,3,0,0,20,2,1,0,2,4,0,2,5,13,0,3,1,0,0,0,7,2,2,0,2,2,0,0,3,2,0,3,0,3,1,0,1,0,0,0,1,3,0,6,6,3,1,1,2,8,2,0,0,2,0,0,0,0,1,0,0,3,0,0,0,6,4,0,1,2,0,0,0,0,3,1,0,5,0,0,6,0,1,3,0,23,4,13,0,2,0,2,11,1,0
2,0,4,4,20,0,3,0,0,15,1,2,4,2,4,0,6,0,7,2,8,55,0,5,1,14,0,0,0,13,1,0,0,1,0,0,3,0,2,3,0,1,1,0,0,0,0,5,0,2,1,0,1,8,0,1,5,9,3,0,0,0,5,3,0,2,2,1,3,10,4,0,3,1,0,2,3,14,0,2,0,6,2,0,0,2,1,0,1,0,0,2,0,4,1,5,0,0,2,1,1,0,2,6,0,0,0,5,4,0,0,2,0,5,3,7,1,1,0,0,2,0,0,2,0,0,2,0,1,0,0,0,0,0,3,1,0,0,1,1,6,2,2,2,12,1,2,2,0,0,1,0,3,0,2,6,2,0,8,0,0,1,2,0,21,20,2,0,12,1,0,0,0,0,19,2,0,1,0,4,0,7,4,0,0,1,3,3,0,1,6,0,6,8,0,1,0,0,0,2,0,0,0,2,2,0,4,0,9,1,0,6,0,0,0,1,0,0,1,4,3,0,6,1,0,0,1,0,1,0,2,0,9,1,0,2,4,1,2,0,0,1,1,1,4,0,9,0,0,0,1,0,1,3,3,0
2,1,1,1,0,2,1,0,0,12,7,0,1,4,5,0,5,2,9,5,12,47,3,0,2,2,4,2,0,8,1,0,0,0,1,0,6,1,0,4,0,0,0,1,1,1,0,1,0,1,0,0,0,3,0,0,4,6,2,7,0,0,0,6,2,1,3,0,1,5,21,3,2,0,1,0,0,9,4,1,1,5,1,0,1,1,3,0,1,3,3,8,1,0,0,3,0,0,1,0,4,2,0,8,3,0,0,2,0,0,3,1,0,3,1,2,3,0,0,2,0,3,0,3,0,0,6,0,0,0,0,6,0,0,4,2,1,0,6,0,0,0,0,2,11,1,0,1,1,0,2,0,0,0,1,3,1,0,3,0,2,0,1,0,0,15,1,3,9,1,3,0,1,1,49,2,3,0,0,0,1,5,1,1,0,1,5,9,2,5,5,0,0,0,0,1,0,1,0,3,1,0,0,1,1,0,0,1,1,1,0,0,0,1,0,0,0,2,1,1,3,0,1,0,2,0,1,1,7,0,0,3,6,0,0,1,0,4,1,1,0,1,6,5,2,0,9,3,0,0,4,0,3,15,1,2
1,0,0,3,8,3,1,0,0,14,2,0,0,3,2,9,7,2,7,2,2,51,2,0,0,1,1,0,0,13,2,0,0,0,0,1,6,0,1,3,0,0,0,0,2,0,1,3,0,2,4,8,0,3,1,6,2,6,3,0,3,0,5,5,3,6,0,1,3,7,1,0,3,1,5,3,5,17,0,0,3,5,7,2,3,0,1,1,0,1,0,1,4,0,1,3,3,3,2,1,3,1,0,3,0,2,0,1,0,0,0,0,0,1,0,0,0,0,0,1,1,0,0,0,0,0,1,0,0,0,4,1,1,0,3,2,0,0,0,0,16,1,4,1,9,0,0,8,1,4,0,0,0,4,0,4,1,0,6,0,0,0,2,0,1,14,1,2,2,2,1,0,0,3,6,0,1,2,1,4,0,12,1,2,0,1,3,4,0,0,0,0,1,0,0,0,1,1,2,1,0,3,0,7,0,1,11,0,4,3,3,12,2,1,0,0,0,0,0,1,1,0,4,0,0,0,2,0,1,0,3,0,0,2,0,3,6,8,0,1,2,1,0,2,1,0,13,0,0,0,2,0,2,4,2,0
2,0,23,2,1,0,3,0,2,19,3,0,2,5,5,1,7,0,2,5,14,51,4,0,0,5,0,1,0,13,1,0,0,0,1,0,0,0,0,0,0,4,1,0,0,2,0,1,2,2,1,0,0,6,0,0,4,1,5,0,1,0,0,4,1,1,0,1,4,5,13,2,0,0,2,0,3,11,0,0,1,4,2,0,1,0,1,2,1,2,1,1,1,0,4,2,0,2,1,1,0,0,2,5,0,1,0,2,7,0,7,0,0,0,2,1,1,0,0,6,0,0,0,2,0,0,2,0,0,0,2,1,0,0,2,4,0,1,0,0,5,1,1,1,14,0,1,7,1,0,0,0,1,11,1,2,1,0,5,0,2,2,1,0,0,16,2,6,2,1,2,0,0,1,6,0,0,0,0,0,0,4,2,1,1,1,1,1,0,0,1,1,0,0,1,0,2,2,4,0,1,9,0,5,1,0,2,0,2,3,1,8,0,0,2,0,0,0,1,2,1,0,2,5,1,1,1,1,0,0,4,0,3,0,2,3,0,3,3,0,0,5,1,0,2,0,14,1,2,0,3,0,0,1,1,0
0,2,20,1,2,0,1,2,0,9,8,0,3,0,1,0,2,2,4,1,0,45,4,0,2,2,0,3,5,9,4,0,0,1,0,0,7,0,1,2,7,1,0,4,8,4,0,2,0,1,1,0,7,3,1,0,2,4,9,1,0,0,0,5,0,2,1,0,4,7,0,0,2,1,0,0,2,5,2,2,0,5,2,0,1,0,1,0,6,3,0,4,0,1,4,0,0,0,4,0,1,3,2,7,0,0,0,0,6,2,0,1,2,0,0,0,2,0,0,2,0,1,0,1,0,1,3,0,1,0,0,4,6,4,3,2,1,1,4,0,0,3,0,1,9,2,0,3,1,0,5,0,2,14,2,2,1,1,1,0,3,2,7,2,4,7,1,0,1,0,1,3,1,2,2,0,0,1,1,0,1,5,0,0,1,3,1,3,0,1,0,0,0,0,0,2,1,4,0,7,1,2,7,2,4,1,1,1,1,1,0,9,0,9,1,1,2,1,0,2,3,2,2,3,0,0,0,0,2,2,0,0,5,3,0,3,1,0,2,0,0,7,3,2,0,0,9,0,12,1,0,0,4,2,1,1
1,1,11,0,2,0,0,0,2,6,0,0,1,3,4,0,2,1,9,1,5,42,2,0,0,1,2,0,0,2,0,0,0,2,0,1,0,0,1,2,0,0,0,1,1,1,0,0,1,2,4,0,3,4,0,1,5,0,3,0,0,0,1,2,1,1,0,0,4,22,25,4,0,0,0,2,2,3,0,2,3,3,2,0,0,7,1,2,1,2,0,1,2,1,0,2,2,2,2,2,1,0,1,5,1,0,0,1,4,1,0,0,0,4,0,1,0,0,0,1,0,0,10,1,0,1,3,0,1,0,0,0,0,0,1,1,0,1,1,1,4,0,1,1,9,2,0,0,0,0,1,0,0,1,0,5,1,6,0,0,0,4,0,1,1,14,2,0,0,0,1,1,1,1,18,28,2,0,1,3,1,7,0,0,1,0,0,0,0,1,0,0,2,1,1,1,0,1,1,6,0,1,0,3,2,0,4,0,9,1,1,1,0,2,1,0,0,1,0,0,1,2,7,4,0,0,1,5,0,3,2,5,1,4,0,3,0,2,0,0,0,3,1,27,0,0,12,0,0,1,1,0,8,9,0,1
0,0,5,1,2,4,1,4,0,5,9,1,7,2,3,2,0,1,15,2,9,29,3,0,0,1,5,0,0,4,1,2,0,0,2,5,0,0,0,1,3,0,0,0,0,0,2,0,0,5,7,0,0,3,0,1,3,3,4,0,3,0,0,4,0,1,0,0,5,9,7,7,0,0,0,2,5,0,1,1,0,2,1,0,0,0,2,1,1,10,1,0,0,0,1,2,0,2,3,0,1,0,0,0,0,1,0,3,2,1,0,1,1,5,0,4,0,0,0,0,0,0,0,0,0,0,1,1,0,0,4,0,0,0,2,1,0,0,1,2,8,2,0,0,6,0,2,1,0,19,7,2,1,1,0,1,6,2,3,0,5,1,5,0,0,13,1,1,13,0,1,0,0,2,31,2,2,0,0,0,0,10,2,1,0,0,0,0,0,9,0,0,0,0,3,5,1,0,0,0,0,0,1,2,1,2,1,1,0,2,1,0,0,1,2,1,2,2,0,1,2,0,4,5,0,3,1,0,0,2,2,2,0,2,1,1,4,0,0,0,0,7,1,7,0,0,11,0,0,0,0,2,8,14,1,0
0,0,1,2,0,2,0,0,0,13,2,0,1,1,5,2,6,0,3,8,10,25,1,2,1,0,1,3,1,9,2,0,0,0,0,0,0,0,3,0,0,0,0,0,0,1,0,0,0,3,0,1,1,5,5,0,6,0,2,32,0,0,1,1,0,2,7,2,2,19,19,3,4,0,1,1,1,8,2,1,1,2,5,0,1,1,5,4,1,3,0,0,1,1,0,1,0,3,2,0,2,0,0,4,0,0,0,1,5,0,0,0,2,0,1,6,1,0,1,0,0,0,2,2,3,0,3,0,0,0,2,1,0,0,4,1,0,0,2,2,3,5,0,0,12,1,1,2,0,1,1,0,2,1,0,5,0,0,6,0,4,0,0,0,0,25,2,6,0,3,4,1,4,0,49,21,8,2,1,2,3,5,3,0,1,1,2,5,1,2,3,0,0,12,0,4,1,3,1,1,0,1,2,0,0,0,1,0,6,0,0,1,1,0,2,0,0,1,0,1,0,1,0,2,1,0,1,0,1,0,3,0,14,0,0,3,2,4,0,0,0,0,0,8,0,0,11,1,0,0,2,0,0,0,0,0
0,0,8,4,0,0,2,1,0,13,2,0,0,3,3,0,6,2,10,1,9,43,1,0,0,6,6,0,0,4,0,0,1,0,0,0,6,0,0,2,7,0,0,0,1,0,4,0,0,2,0,0,0,3,1,1,5,7,3,0,0,0,2,2,1,2,0,0,2,3,2,1,3,0,4,0,2,5,2,0,4,4,2,0,0,1,0,0,0,1,0,5,1,0,0,1,0,0,3,0,0,0,0,4,0,0,0,1,1,1,0,0,4,2,0,1,1,0,0,0,0,0,0,2,0,0,3,0,0,0,2,0,0,0,2,1,0,0,0,2,4,4,0,0,17,0,1,0,0,0,1,1,0,0,0,6,2,0,5,0,1,0,2,0,0,20,2,3,7,1,3,0,0,6,32,2,14,2,0,2,0,5,0,1,0,0,2,0,0,0,2,0,0,0,0,0,1,0,0,0,8,3,0,2,5,4,0,0,0,0,2,3,0,1,0,2,0,0,0,1,3,0,0,1,2,0,2,0,0,0,1,6,6,3,0,2,1,2,0,0,1,0,0,5,0,0,15,1,2,2,0,0,0,14,0,0
0,0,17,4,1,3,0,0,0,6,0,0,2,1,2,0,0,0,6,1,8,39,5,0,1,0,2,0,0,1,1,0,0,0,0,4,1,0,0,0,0,0,0,0,1,0,3,2,0,6,20,0,0,2,0,0,2,5,3,33,1,0,1,4,1,3,0,0,1,11,0,0,0,3,1,1,9,1,0,1,1,4,3,1,0,5,1,1,3,0,0,0,1,2,7,1,0,0,2,0,3,1,0,0,0,0,0,0,1,0,0,0,0,9,0,4,0,0,0,0,0,0,0,1,0,0,1,0,3,0,8,1,0,0,1,0,0,0,1,4,4,0,1,0,4,0,0,3,0,9,6,1,1,3,0,1,1,0,0,0,6,0,1,0,0,11,1,0,0,0,1,1,0,1,10,1,36,1,1,2,0,12,4,0,0,0,2,1,0,6,0,1,1,0,5,0,1,2,1,0,0,1,0,3,7,0,2,0,0,3,6,10,0,1,2,8,1,0,0,1,1,2,0,4,0,0,1,0,0,0,1,2,0,0,1,1,0,0,1,0,1,1,1,0,0,0,7,0,0,0,1,0,2,5,1,1
0,0,6,0,3,0,0,0,0,6,0,0,0,4,6,0,4,1,13,1,4,39,0,0,1,0,4,0,1,3,0,1,0,0,0,1,9,0,0,2,0,1,0,3,0,1,0,0,0,1,1,0,3,5,0,0,4,21,5,0,1,0,4,4,0,1,0,1,2,11,2,2,1,0,0,0,0,2,5,0,0,4,2,1,0,0,4,5,1,3,0,0,1,2,0,3,0,0,1,3,1,1,1,3,0,2,0,0,9,1,0,0,1,3,0,6,2,0,1,0,0,0,1,1,0,0,4,0,0,1,1,0,1,1,1,1,0,3,0,0,7,0,26,0,5,0,2,2,4,0,1,0,1,0,0,5,0,3,0,0,1,3,0,4,4,11,2,0,6,0,0,0,0,2,36,7,1,0,0,0,0,7,0,1,1,1,1,0,0,1,0,0,3,2,0,2,0,1,0,2,1,1,1,7,0,1,0,0,6,0,6,0,0,2,10,7,0,2,2,1,3,0,3,1,1,0,0,1,0,0,0,3,2,0,2,3,1,0,1,0,0,3,1,6,0,0,10,1,0,2,1,0,2,12,0,1
0,0,32,1,34,0,1,0,0,6,2,0,2,3,2,0,5,1,9,1,11,45,1,0,0,0,6,1,0,1,1,0,0,0,0,3,7,3,0,0,0,1,0,0,0,0,3,0,0,1,0,0,0,2,0,0,7,4,3,0,2,0,0,4,1,2,0,0,5,11,14,4,0,0,1,0,17,3,0,1,3,3,1,0,0,4,3,0,1,1,0,8,0,4,4,1,0,2,1,0,0,1,1,3,1,2,0,0,5,0,0,0,0,0,0,3,1,1,0,0,0,0,5,0,0,1,1,6,0,0,2,0,1,0,1,3,0,0,1,2,14,0,0,0,6,0,1,2,0,0,2,0,1,8,0,3,0,0,0,2,0,1,0,0,1,9,1,2,0,0,0,0,0,0,7,0,0,5,0,0,0,9,0,1,2,1,0,0,0,1,0,0,0,6,0,0,1,2,0,1,0,5,0,7,2,2,2,1,9,0,0,1,0,0,1,4,0,0,0,2,4,0,2,5,0,0,2,0,0,0,0,0,3,1,0,1,0,4,1,0,0,2,1,0,0,0,9,0,2,0,1,0,1,7,0,0
0,0,1,1,1,1,0,0,3,6,5,0,1,1,8,2,4,1,4,2,4,17,10,0,5,1,3,1,3,3,2,0,0,0,0,1,0,1,1,1,0,0,0,1,2,1,0,2,0,1,1,2,1,1,0,0,2,5,3,3,0,0,0,1,0,2,2,1,2,5,4,1,0,0,0,0,1,4,0,2,0,4,0,1,1,7,3,0,2,0,0,2,1,7,0,7,0,0,0,2,0,3,0,7,11,2,0,0,0,1,2,1,0,0,0,2,0,0,1,0,0,3,0,5,1,2,1,1,1,0,0,2,1,1,4,1,0,1,1,4,9,4,1,1,6,0,0,3,0,0,1,0,0,4,2,1,0,0,1,0,4,2,1,10,0,11,2,11,0,0,2,0,2,1,33,11,2,1,0,0,0,5,1,0,0,1,5,0,3,10,0,0,0,3,0,1,0,5,1,2,0,0,7,3,4,0,2,0,12,1,1,2,0,3,0,3,0,1,1,1,1,0,6,0,1,2,1,0,0,0,0,4,15,0,3,6,3,0,1,1,2,7,2,0,3,0,14,7,4,0,0,0,5,10,2,0
0,1,0,2,0,3,3,12,1,11,2,0,2,3,1,0,2,3,0,6,11,51,4,1,2,2,3,0,0,7,1,0,0,1,0,5,1,0,0,4,0,0,0,1,0,0,0,0,2,2,2,1,1,2,0,1,5,5,6,0,2,0,2,3,2,4,0,2,3,11,0,2,0,0,3,0,0,9,0,1,0,3,3,1,0,12,0,0,2,0,4,0,0,1,0,2,0,0,1,0,3,1,0,9,0,0,0,0,0,0,0,1,1,1,1,2,0,0,1,0,0,0,0,1,0,1,3,0,1,0,0,0,0,0,1,0,0,0,0,4,7,0,1,0,10,2,4,2,0,0,1,1,0,1,0,2,2,0,4,0,0,0,2,1,0,17,4,6,0,0,1,0,1,1,26,3,0,0,1,9,0,9,3,9,1,0,6,1,0,19,0,0,1,1,0,0,0,1,0,1,0,0,1,1,0,1,5,2,7,4,7,3,0,3,1,1,0,0,0,1,1,0,3,5,0,0,1,0,0,0,1,0,1,0,2,1,1,0,0,0,0,0,0,0,0,0,8,1,0,0,1,0,2,1,0,0
1,0,3,2,0,1,1,0,2,6,3,0,1,4,8,1,5,0,4,1,13,41,2,0,0,1,3,0,0,5,0,0,0,0,0,1,16,0,0,0,2,1,2,0,1,1,0,3,0,2,1,0,0,7,0,3,5,1,4,0,2,0,0,3,0,4,0,0,2,7,6,3,3,0,1,1,1,6,3,1,2,4,2,0,0,4,0,1,0,4,3,10,2,0,0,1,0,1,1,0,0,1,0,3,0,0,0,1,0,0,3,0,0,0,3,0,1,1,0,1,0,0,1,3,0,0,3,1,0,0,2,7,0,1,2,0,1,0,1,5,11,1,0,0,19,0,1,0,0,0,1,0,0,3,0,1,0,2,1,2,1,0,1,0,0,7,2,3,0,0,0,0,1,0,39,28,1,1,1,1,0,5,1,1,1,0,2,2,0,5,1,2,0,2,0,0,0,0,0,0,0,0,0,0,0,0,6,0,5,1,0,0,0,1,0,0,0,0,0,2,2,0,0,0,0,0,3,0,0,0,0,5,5,0,0,3,0,1,1,0,0,0,0,6,1,0,10,0,17,0,2,0,0,11,1,10
1,0,17,2,0,0,3,0,0,3,2,1,0,3,1,5,3,0,15,1,14,22,0,0,0,0,2,0,0,1,0,0,0,1,0,0,10,0,0,1,0,0,0,1,0,0,0,1,0,2,1,0,0,4,0,0,5,11,4,2,1,0,2,7,1,3,0,1,2,8,8,0,1,6,1,0,3,2,0,0,1,6,1,1,0,0,4,0,1,1,1,0,0,1,8,6,0,0,2,0,1,0,0,1,0,0,0,0,1,0,0,0,0,0,0,3,0,0,0,0,0,0,0,1,0,0,1,1,0,0,9,0,3,0,2,2,1,1,0,6,11,0,0,2,6,0,1,1,1,6,0,1,0,0,0,7,4,2,1,4,4,0,1,0,0,11,2,1,7,0,3,0,0,0,23,1,0,0,0,0,0,5,3,0,0,2,1,1,0,6,0,0,0,1,1,8,1,3,0,0,0,0,0,4,0,0,2,0,0,0,0,7,0,2,0,0,0,0,0,1,0,2,4,1,0,0,1,0,7,0,1,2,10,6,0,2,11,2,2,0,4,1,0,8,3,0,9,33,0,0,0,0,0,10,1,1
2,0,17,1,5,1,2,0,3,8,4,0,0,14,3,0,3,0,3,1,18,38,0,0,0,0,1,0,0,1,3,0,0,0,0,3,0,1,0,1,1,0,0,1,0,3,2,0,0,8,0,1,0,3,0,1,2,1,2,0,1,0,0,4,0,2,0,5,2,6,9,5,1,0,2,0,10,2,2,1,0,2,1,1,1,5,1,0,1,6,5,9,0,0,0,3,2,1,3,1,3,3,7,1,0,0,1,0,0,1,0,0,0,0,0,2,1,0,0,0,0,0,0,3,0,0,1,0,0,0,6,1,2,0,8,3,1,3,0,2,12,0,1,0,7,1,3,1,4,0,2,0,4,7,0,5,2,0,1,0,2,1,3,0,0,11,1,2,0,0,2,0,0,0,12,2,5,0,0,2,1,11,3,5,0,0,1,2,0,6,0,0,0,1,0,0,0,2,0,1,0,6,1,0,0,2,1,0,0,0,0,0,0,2,2,0,0,0,0,1,3,1,1,2,0,0,4,0,0,1,0,13,1,1,1,2,1,0,3,1,0,0,0,0,0,0,13,0,5,0,0,1,3,1,4,0
2,0,12,0,1,0,4,0,1,6,3,0,1,5,6,1,6,1,5,0,12,44,2,0,0,2,1,0,0,9,0,0,0,0,4,2,0,1,0,1,0,0,0,1,6,0,0,0,0,5,7,0,7,6,2,0,8,4,4,0,0,0,0,2,2,2,2,4,5,16,8,5,1,0,5,1,1,5,0,0,0,5,2,0,3,0,3,0,0,1,0,15,3,6,1,5,0,0,3,0,0,4,0,4,5,1,0,1,9,0,1,0,1,0,0,5,1,0,0,1,0,0,1,0,0,1,2,0,0,1,4,0,0,0,1,0,0,1,0,1,4,0,0,2,12,0,0,0,0,0,0,0,1,0,0,4,2,0,5,1,0,1,0,3,0,13,2,1,0,0,2,0,2,0,28,0,0,2,0,0,0,7,2,1,0,0,13,1,0,1,0,0,0,1,0,0,1,1,0,0,0,2,0,0,0,0,2,1,0,0,1,3,0,4,0,1,0,0,0,1,0,0,1,0,0,2,2,0,2,1,2,14,3,0,0,3,0,1,0,0,2,0,1,0,0,1,13,1,0,0,3,0,0,7,0,0
0,0,4,0,0,2,0,5,1,8,3,0,0,10,7,1,7,0,5,3,4,33,0,1,0,2,4,0,0,5,0,0,0,0,0,0,9,0,1,0,0,1,1,0,0,0,2,2,0,1,7,0,1,4,0,0,3,9,3,0,1,0,0,2,2,0,2,1,2,9,30,6,0,0,3,1,0,2,2,0,1,5,4,0,0,7,3,2,2,2,0,0,6,2,0,1,1,1,1,0,0,0,0,4,0,0,0,0,0,0,0,0,0,6,0,2,0,0,0,0,0,2,1,7,0,0,4,2,0,0,5,0,0,0,0,1,0,0,0,3,9,2,0,0,7,0,1,0,0,0,0,0,0,0,1,0,2,7,2,0,3,0,1,0,0,14,2,0,8,0,1,0,0,0,24,1,1,1,0,2,0,9,0,3,0,0,1,0,0,0,0,0,0,0,0,0,1,1,1,1,1,1,0,2,0,1,4,0,1,0,0,6,0,1,4,1,0,0,1,0,1,1,3,0,0,0,1,0,3,0,1,0,3,5,0,2,1,1,1,0,0,1,0,4,0,0,15,0,0,1,0,0,5,13,2,0
0,0,8,3,1,0,1,0,0,14,3,0,0,6,5,1,5,0,2,4,13,52,5,2,0,3,2,2,3,10,1,2,0,0,0,0,0,0,0,1,0,2,0,0,0,1,2,0,0,1,2,0,1,2,1,1,3,6,3,0,0,0,0,2,0,5,0,0,1,18,1,3,4,1,2,1,3,11,1,3,0,4,3,1,1,0,0,0,1,1,10,11,1,6,0,4,0,0,3,4,0,2,0,8,1,0,0,0,10,0,2,0,0,1,1,2,0,0,0,3,1,0,1,0,0,0,1,1,0,0,0,0,0,0,0,2,0,0,2,0,5,0,0,0,13,0,1,6,0,0,1,0,1,1,1,6,0,0,9,0,2,1,0,0,0,22,1,1,0,0,1,0,1,0,24,25,0,1,0,0,0,3,4,1,0,1,0,3,0,2,0,0,2,8,0,1,0,0,1,0,0,2,3,1,0,0,0,0,9,0,5,0,0,2,0,0,0,1,0,1,2,0,1,0,0,0,3,0,0,0,2,10,8,0,0,1,0,0,0,0,1,2,0,1,1,0,20,0,3,1,0,0,0,5,0,0
2,0,0,1,1,0,0,1,7,1,15,0,7,4,0,0,1,3,6,0,1,0,0,0,1,2,1,0,0,0,3,0,0,1,0,2,0,13,0,0,0,3,0,5,0,14,0,0,0,1,0,0,3,0,3,0,0,0,4,0,1,0,0,0,0,2,0,1,0,0,0,0,0,0,0,0,4,0,0,2,0,0,1,0,0,1,0,0,3,1,0,0,3,0,0,0,0,0,0,1,4,0,1,0,0,0,0,0,0,0,1,3,0,3,1,0,3,0,0,1,1,1,5,1,0,1,0,0,2,2,0,0,3,4,3,0,1,2,3,3,0,3,1,0,0,4,0,3,0,0,3,0,8,1,4,25,1,0,0,0,3,24,0,0,4,2,0,0,1,0,0,1,0,5,0,0,0,1,2,0,6,3,0,3,0,0,1,1,1,0,2,0,16,0,1,4,1,1,0,15,5,2,16,4,0,3,6,2,8,3,2,0,0,15,0,6,0,1,1,3,1,5,5,0,0,0,1,1,2,0,0,4,3,0,3,4,3,0,0,1,0,7,5,0,1,0,4,0,0,1,1,0,11,16,0,6
3,0,0,1,0,2,0,0,0,11,2,2,1,3,3,2,3,1,4,2,4,36,0,1,0,3,0,1,0,12,1,0,0,0,0,1,3,0,4,1,0,1,0,0,1,0,0,2,1,0,1,0,8,6,1,0,2,14,2,6,0,0,1,2,1,1,2,0,3,7,17,0,1,1,0,1,2,16,1,1,4,2,2,0,0,2,4,0,1,1,2,3,0,11,1,2,0,0,4,0,6,1,0,7,4,0,2,0,3,2,0,0,0,8,1,5,1,0,0,0,0,1,0,3,0,0,2,0,0,0,3,0,0,2,2,2,0,0,2,0,0,1,0,0,11,0,2,4,0,0,1,0,0,1,0,1,1,0,5,1,0,0,3,1,0,12,1,0,4,0,0,0,1,0,28,0,7,0,0,6,1,6,1,0,0,0,7,1,0,3,0,0,1,0,0,0,0,2,1,1,0,2,0,2,0,2,2,0,1,2,0,3,0,1,2,0,0,0,0,3,7,0,4,1,2,0,2,0,2,0,0,2,0,0,2,1,0,0,0,0,0,0,3,0,1,1,6,1,0,0,2,0,2,8,0,1
0,6,1,1,1,0,1,0,0,6,1,1,1,4,2,0,0,0,4,6,10,16,2,0,0,4,0,0,0,3,1,1,1,1,4,5,11,0,0,0,0,0,0,2,23,2,1,5,0,6,0,0,0,4,2,2,3,4,3,0,0,0,0,3,0,2,0,4,2,9,19,8,1,3,2,2,1,1,0,10,18,3,1,0,4,3,4,3,1,2,1,0,3,2,3,2,0,3,1,2,0,0,0,0,14,0,0,1,1,0,0,0,0,2,0,2,0,0,1,0,0,3,0,1,1,0,1,0,0,0,5,0,1,3,0,3,0,0,1,5,6,0,0,0,3,0,0,2,0,0,2,0,0,1,0,3,0,11,2,0,3,0,0,4,1,17,4,1,0,0,0,0,6,0,9,2,6,3,0,3,0,3,2,0,0,4,2,4,0,1,1,0,0,0,0,3,0,2,2,0,1,0,1,0,0,2,0,0,2,0,0,1,0,2,2,1,0,0,0,1,4,1,4,1,1,0,1,0,22,0,0,2,5,8,0,2,3,2,0,0,0,1,0,0,2,1,13,0,1,0,2,0,23,4,0,4
0,0,0,2,0,0,2,0,0,5,1,0,0,3,3,2,6,0,7,0,5,18,0,0,1,2,1,0,1,3,1,0,2,1,1,2,10,0,0,1,0,0,1,2,2,0,2,2,1,3,0,0,0,3,2,1,2,2,2,0,2,0,0,3,2,3,1,1,1,6,13,6,0,0,2,0,2,6,2,2,1,3,3,0,1,0,5,1,1,2,0,0,6,1,0,2,1,0,1,1,2,0,0,1,18,0,0,3,0,0,0,1,0,0,0,7,1,2,0,0,0,0,0,3,0,1,1,0,0,0,2,0,0,0,1,3,1,0,1,2,2,0,0,0,6,0,4,1,0,5,2,0,0,3,0,3,0,0,1,0,0,0,0,0,0,16,1,0,1,0,3,0,1,0,29,0,3,0,0,0,0,7,3,0,0,1,1,3,0,5,0,0,1,3,0,0,0,0,0,2,0,1,2,5,1,0,5,0,0,0,0,1,0,0,3,2,0,0,0,1,6,2,1,0,3,1,1,2,2,0,3,6,15,0,0,4,0,1,0,0,0,1,4,1,3,0,24,43,17,4,3,2,5,9,1,0
4,0,0,3,1,0,2,0,0,17,5,1,3,2,3,1,3,0,4,4,10,36,1,4,0,10,0,1,0,9,1,0,0,1,0,0,0,0,0,2,0,1,0,0,0,1,0,0,2,1,0,0,3,9,0,0,3,0,3,0,0,1,1,2,0,4,4,3,4,3,0,1,3,0,2,0,0,22,0,1,0,3,6,2,0,2,5,0,1,0,1,6,1,8,0,4,0,1,2,0,1,0,0,3,0,0,0,0,0,0,0,1,0,0,2,2,2,0,1,0,0,0,0,1,0,0,1,0,0,0,0,4,0,0,7,2,0,0,2,0,2,2,0,0,16,1,0,1,0,0,1,0,3,1,0,2,2,2,4,0,0,3,4,0,1,22,1,3,2,0,2,0,0,1,32,3,0,0,0,0,0,6,5,0,0,1,2,9,0,5,2,0,1,3,0,0,0,0,0,1,1,1,0,0,3,0,1,0,10,1,0,2,0,2,0,1,0,1,0,4,1,0,2,0,0,0,1,0,1,0,1,1,2,4,1,3,0,0,1,0,0,1,3,3,0,0,9,0,0,0,0,0,2,3,3,0
1,0,10,1,0,0,1,4,0,5,1,0,0,1,3,0,5,0,1,5,1,37,2,0,0,2,7,1,1,5,0,0,2,1,1,2,9,0,0,1,0,0,1,1,0,2,2,0,0,3,0,0,0,10,2,1,4,3,3,34,1,0,0,2,1,1,1,0,2,6,7,9,0,0,0,0,16,1,2,1,0,3,3,0,0,4,3,0,0,0,8,9,0,2,0,2,0,0,2,0,0,0,0,15,0,0,0,0,0,0,0,0,0,1,0,6,0,0,0,0,0,24,0,4,0,0,4,0,1,0,0,0,0,0,1,0,0,0,0,0,7,0,0,0,5,0,0,0,0,0,0,0,0,0,0,1,1,0,2,1,1,0,1,0,0,13,2,3,0,1,1,0,0,0,29,7,0,2,0,0,0,6,5,1,0,0,0,0,0,2,0,0,0,0,0,0,0,1,0,0,0,2,4,7,3,0,2,0,11,2,0,2,0,1,2,2,0,1,0,0,1,0,0,0,1,0,1,0,1,0,0,0,0,2,0,2,1,1,3,0,0,2,2,2,1,0,12,0,1,0,2,0,0,4,0,0
0,0,2,5,11,2,0,0,0,7,4,2,1,7,3,3,6,0,4,0,14,54,8,0,0,1,1,6,1,6,2,0,0,2,0,0,0,5,0,4,0,1,0,1,6,1,0,0,0,1,3,1,2,2,1,1,4,7,3,1,0,0,2,2,1,4,4,0,4,7,0,0,4,0,1,0,0,13,0,1,0,3,1,1,0,0,0,0,1,0,1,0,0,3,1,5,1,0,1,0,2,0,0,10,0,0,0,0,0,0,0,0,0,0,0,2,2,0,4,3,0,0,0,1,0,0,1,0,3,0,2,0,1,1,0,0,0,0,1,0,7,1,1,2,8,1,0,8,0,0,2,0,0,0,1,6,3,1,4,3,0,0,0,0,10,9,2,15,0,0,1,0,1,1,46,0,0,0,1,7,0,8,1,0,0,1,8,1,0,8,1,0,0,4,0,0,0,1,0,0,0,1,2,2,0,0,1,1,12,5,0,4,0,0,2,1,0,0,1,3,3,0,3,0,0,0,1,0,1,0,1,3,0,0,0,1,1,1,1,0,0,0,0,0,0,0,3,2,3,0,5,0,5,1,2,0
0,0,2,0,1,3,0,0,0,7,1,0,2,3,2,1,2,0,8,1,3,27,3,1,0,1,3,0,0,2,1,1,0,0,0,1,0,0,0,0,0,0,0,2,7,2,0,1,0,2,9,0,0,3,0,4,4,1,3,0,1,0,0,2,2,6,0,2,2,20,29,3,2,0,2,0,2,6,5,1,11,3,4,0,0,3,1,3,1,3,6,6,1,4,0,2,0,0,1,1,0,0,2,1,1,1,0,0,0,0,0,0,0,5,0,7,1,0,0,1,1,2,3,0,0,0,2,0,0,0,2,0,1,1,2,0,0,0,1,1,5,2,0,0,5,0,0,1,0,0,2,4,0,0,0,2,2,0,0,0,2,2,0,1,5,19,1,2,10,0,1,0,0,0,8,15,2,1,0,5,1,13,1,1,0,1,1,0,0,8,0,0,0,9,0,2,0,2,1,3,0,1,0,4,0,0,3,0,0,0,2,4,0,1,3,2,0,1,0,1,9,1,1,2,2,0,1,1,2,0,2,1,0,2,0,1,3,0,0,1,0,1,0,2,1,0,4,0,1,2,0,0,5,3,0,2
1,1,21,2,0,0,0,0,3,2,3,2,1,5,6,0,3,0,8,1,10,30,1,0,0,0,4,0,0,2,2,0,0,0,1,0,0,4,0,1,0,3,0,1,2,0,1,0,2,1,2,0,0,1,0,0,4,15,3,12,0,0,0,3,1,2,0,5,1,23,24,6,2,0,1,0,3,1,0,1,0,3,9,2,0,2,4,1,1,0,0,2,0,1,4,2,0,0,1,0,1,1,0,0,0,0,0,1,2,1,0,0,0,2,0,2,0,0,0,0,1,0,1,0,0,0,3,0,0,0,6,0,1,0,0,1,0,0,1,18,5,1,1,0,7,0,2,3,0,0,1,0,4,10,0,1,4,0,1,0,2,0,1,0,0,10,1,1,5,0,2,0,1,0,32,15,4,1,0,0,0,3,0,1,0,1,0,1,0,3,0,0,1,0,0,0,2,1,0,4,0,1,0,2,1,1,2,0,0,1,0,4,1,2,1,1,0,2,0,2,1,0,3,1,0,0,1,0,3,0,0,0,4,0,1,2,0,0,0,0,0,3,1,0,0,0,7,0,2,0,0,1,2,3,0,0
2,0,3,2,0,1,0,0,0,7,1,0,1,4,3,2,0,1,9,0,11,27,0,0,0,4,1,0,0,5,1,2,0,0,0,2,3,0,0,6,0,1,0,3,0,1,4,1,0,4,1,0,0,4,4,0,10,2,2,46,0,0,0,3,1,4,0,0,2,7,5,1,3,0,0,1,0,6,2,1,1,2,1,1,0,4,6,3,1,0,0,5,0,2,3,4,0,0,2,0,1,1,1,0,2,0,0,2,5,0,0,0,0,2,0,2,0,0,0,0,0,4,0,5,0,0,1,1,0,0,6,0,0,1,0,1,0,0,1,5,9,1,0,0,8,0,2,5,0,0,2,0,0,0,0,2,0,2,3,0,5,0,2,0,0,14,1,1,2,0,4,0,2,3,47,2,24,3,3,0,0,10,8,0,0,0,3,2,1,3,0,0,2,0,1,3,1,0,0,0,0,0,2,0,0,1,0,0,2,0,3,6,0,2,2,0,0,0,1,1,1,0,3,0,0,0,1,0,6,0,0,1,3,0,0,1,0,1,1,0,0,0,0,11,0,0,6,1,0,0,1,0,1,8,2,2
2,2,0,1,2,1,0,1,0,0,22,0,4,0,0,2,0,2,14,0,0,0,0,0,3,0,1,5,0,0,5,0,0,1,1,5,0,4,0,2,2,0,0,3,0,7,0,0,0,2,1,0,4,2,2,0,1,0,3,0,0,0,3,1,0,1,0,0,2,1,0,0,0,0,0,1,5,0,0,1,0,1,1,0,0,2,0,1,1,0,0,0,1,0,1,0,0,0,3,10,1,0,0,0,0,0,0,0,0,0,1,3,0,1,1,4,5,1,0,0,0,3,0,2,0,10,0,0,1,8,0,1,1,6,4,3,0,0,12,0,1,2,0,2,3,4,0,4,13,0,2,0,6,1,3,27,0,0,1,1,3,25,0,2,3,1,1,0,0,0,0,3,0,2,0,0,0,0,0,0,1,10,0,0,0,1,0,0,2,0,0,0,13,0,1,0,0,3,2,3,2,1,8,6,0,1,0,0,9,5,1,0,0,7,0,1,4,1,0,4,1,3,0,0,0,0,0,0,0,2,0,3,2,0,5,6,11,0,0,1,0,4,5,0,2,0,6,0,0,10,0,1,7,24,4,0
1,0,1,2,27,1,0,0,0,3,2,1,3,3,6,1,4,1,7,1,4,44,0,0,1,0,6,2,1,2,3,1,0,0,0,2,0,0,0,0,1,0,0,3,0,0,0,0,0,3,0,0,0,1,0,0,3,2,4,1,0,0,5,2,0,1,0,1,3,7,0,4,3,1,1,1,1,3,0,1,0,5,0,0,1,3,0,0,3,4,0,0,0,7,2,8,1,0,0,2,0,1,0,6,0,0,0,0,1,1,0,1,0,1,1,4,1,0,0,0,0,0,0,0,0,1,1,1,1,0,3,1,0,0,0,1,0,1,3,2,8,1,0,0,6,2,1,13,0,0,2,1,3,6,0,6,2,0,0,0,4,14,1,0,14,14,1,0,0,1,3,2,1,1,14,1,0,0,0,0,0,5,1,0,1,0,0,1,0,0,0,0,2,2,2,1,0,0,1,6,2,4,0,12,0,4,2,0,4,2,1,4,0,5,1,1,1,2,0,2,6,0,3,0,0,0,0,1,1,5,0,4,2,0,1,1,2,3,4,0,1,3,1,5,0,0,6,0,5,0,2,0,3,3,0,1
0,0,0,2,0,0,1,0,0,13,2,1,0,1,3,4,4,0,3,4,15,44,3,2,0,0,2,0,2,10,2,0,1,0,0,2,6,0,0,2,0,0,0,1,0,1,0,0,0,1,0,0,3,1,1,0,3,0,2,0,0,0,0,4,1,8,1,1,1,3,0,5,2,0,0,0,3,14,0,1,0,2,5,0,0,0,0,0,1,1,0,21,3,2,1,1,0,0,1,2,1,0,0,5,1,0,0,3,6,0,0,0,0,0,0,0,0,0,1,0,0,2,1,1,1,0,2,0,0,1,0,4,1,0,0,0,1,0,1,0,2,0,0,0,9,1,0,1,0,0,2,0,1,0,0,6,0,0,5,1,2,0,1,2,0,21,3,4,2,0,2,0,1,1,29,19,0,0,1,0,5,10,2,1,0,0,2,6,0,3,2,0,0,8,0,0,0,1,0,1,1,0,1,1,1,0,3,0,9,0,2,3,1,0,2,0,2,0,0,1,3,0,4,0,2,0,1,0,1,0,1,11,15,0,0,2,0,0,3,0,0,3,2,0,0,0,11,0,0,0,1,1,3,6,0,0
0,0,29,2,6,0,1,0,1,7,3,1,3,3,2,1,1,1,8,0,1,47,2,0,1,0,0,1,0,2,2,0,0,0,0,0,0,1,0,2,1,3,0,1,0,0,0,0,1,4,1,0,1,2,1,0,2,2,5,0,3,0,2,2,0,0,0,0,2,12,1,1,2,0,0,0,0,0,0,0,0,5,1,0,0,0,0,2,2,1,0,0,0,3,3,2,0,0,4,1,0,0,1,0,0,0,0,0,0,0,0,2,0,0,0,5,4,0,0,1,0,0,0,0,0,0,1,2,0,1,3,1,0,1,3,1,0,0,0,0,5,0,3,0,3,2,2,11,0,2,2,0,1,10,0,2,8,0,0,0,4,0,0,0,18,6,2,2,2,0,0,2,1,2,18,3,0,0,0,0,1,0,0,1,1,1,0,0,0,0,0,0,0,3,0,2,0,1,0,9,0,8,4,4,0,0,0,0,5,7,5,4,0,3,1,4,0,0,3,2,1,0,8,1,0,0,0,0,5,0,1,8,2,1,3,2,1,1,0,2,0,3,4,4,0,0,8,0,9,0,0,0,11,8,0,6
1,0,10,2,0,1,0,0,0,12,5,0,0,6,3,0,4,3,0,2,23,45,1,2,0,7,1,0,0,9,1,0,0,1,0,1,0,0,3,0,0,2,0,1,1,1,2,0,0,2,0,0,4,8,0,0,2,2,2,0,1,0,1,1,2,1,1,0,1,8,1,4,1,0,4,0,2,10,3,1,0,2,1,0,1,1,3,0,1,2,0,9,0,3,0,3,0,1,2,0,2,0,0,14,0,0,0,1,3,0,0,1,1,10,0,1,1,0,1,0,1,3,1,0,0,0,2,0,0,0,0,1,1,0,2,0,2,0,1,5,5,1,0,1,18,2,0,1,1,2,2,0,1,0,0,6,0,2,1,3,0,0,0,0,0,11,2,4,0,0,1,1,1,0,22,9,2,1,0,0,0,7,2,5,0,0,8,1,0,3,1,0,1,2,0,0,0,0,1,1,0,0,1,0,3,0,2,2,13,2,1,2,0,0,2,2,0,0,0,2,2,0,4,1,1,0,2,0,0,0,0,12,8,0,1,4,1,5,2,0,0,1,2,3,1,0,15,0,0,0,1,0,5,11,1,2
0,0,3,4,1,0,9,0,0,9,2,1,0,4,7,0,2,3,17,2,2,36,4,0,0,2,7,0,0,2,0,2,0,0,3,1,1,0,0,1,1,1,0,0,0,0,6,3,0,2,7,0,0,1,0,2,3,4,5,0,0,0,0,2,0,0,0,1,4,9,5,3,1,2,0,0,2,2,2,0,2,4,2,0,0,1,3,2,0,5,0,0,2,3,1,1,0,0,2,0,1,1,2,1,0,2,1,6,0,1,0,0,0,15,0,5,1,0,0,0,0,4,0,0,0,0,3,3,0,0,5,0,0,0,3,0,0,0,0,0,4,0,0,0,5,3,1,1,0,3,4,3,0,5,0,0,2,2,2,1,0,2,2,0,1,8,2,1,9,4,2,0,1,0,20,4,0,1,0,2,0,11,0,0,0,1,0,0,0,9,0,0,0,0,0,2,1,0,1,0,0,1,0,4,1,1,3,1,0,1,0,2,0,2,2,1,0,0,0,0,2,0,0,0,0,0,2,0,1,0,0,1,1,21,0,3,1,0,1,1,0,2,0,15,0,0,10,0,0,0,1,2,4,14,0,0
1,0,18,5,0,0,7,0,0,9,5,0,0,5,3,4,9,1,3,1,18,44,0,0,0,3,0,0,0,9,1,0,4,0,0,0,0,0,0,2,0,2,0,5,0,0,4,2,0,2,0,0,1,4,0,2,6,2,5,1,0,0,2,3,0,4,0,0,3,5,2,3,2,0,2,0,2,8,1,1,0,6,1,0,0,0,1,0,4,5,0,2,0,0,0,2,17,0,3,0,0,0,1,5,0,0,0,2,8,0,1,0,0,4,0,0,4,5,0,1,0,0,0,4,0,0,3,0,1,0,2,1,0,0,0,2,3,0,1,0,7,1,1,2,13,1,3,3,1,0,1,0,1,10,4,3,0,0,4,0,0,0,1,2,0,15,2,7,0,1,2,0,0,0,11,0,0,0,0,0,0,1,1,0,0,1,1,1,0,2,0,0,0,0,0,0,0,0,0,0,0,5,0,0,4,1,2,0,0,2,0,1,0,0,0,2,0,0,0,1,1,0,3,6,0,0,3,0,0,14,1,0,4,0,0,4,0,1,0,0,0,0,2,0,0,0,16,0,0,0,2,0,2,1,0,0
0,1,9,1,0,4,3,0,2,11,3,0,2,3,5,3,5,5,7,3,6,42,0,0,1,1,2,1,0,5,1,1,0,2,0,1,4,0,0,1,0,0,0,0,0,1,0,2,0,7,1,0,2,6,0,0,3,4,4,18,1,0,1,5,2,3,0,3,3,5,7,1,1,0,0,0,4,5,3,1,1,6,1,2,0,1,1,0,1,0,0,0,0,0,2,11,0,0,2,1,0,1,0,5,0,0,0,1,4,1,0,0,0,1,0,1,2,0,0,0,1,0,0,7,0,0,1,0,1,0,2,0,1,0,2,1,1,0,4,1,3,1,1,0,13,0,1,3,1,0,2,0,1,0,0,2,1,3,5,0,5,0,4,0,0,12,1,1,7,1,0,0,0,3,7,0,7,0,0,0,0,7,2,0,0,2,2,4,0,0,0,0,0,0,5,0,2,4,0,2,0,2,5,2,2,0,3,2,0,4,5,9,0,2,0,0,0,0,0,4,1,0,1,0,0,0,1,1,0,0,1,1,0,2,0,1,2,3,1,0,0,0,1,3,0,0,9,0,20,0,1,0,2,9,2,0
3,0,1,0,1,3,8,1,0,2,3,0,1,1,6,1,1,2,11,0,6,34,0,0,0,0,0,0,0,6,0,0,0,0,0,4,3,3,0,5,0,3,0,1,1,5,0,0,1,1,1,0,10,4,1,1,2,0,4,4,0,2,0,5,1,0,1,1,3,5,4,2,1,0,1,0,0,2,3,0,1,3,1,0,0,2,0,0,1,1,0,2,0,0,0,1,0,0,0,0,0,2,0,1,0,0,0,3,4,1,9,0,1,4,0,3,2,0,4,0,0,1,1,1,0,6,4,0,1,0,4,4,0,2,5,1,0,0,0,2,3,1,0,0,13,0,0,2,2,0,1,1,0,1,0,3,2,2,2,1,1,3,0,0,4,13,2,0,0,0,0,0,1,2,14,0,9,0,1,0,1,4,0,0,0,1,1,0,1,1,1,0,4,0,0,0,0,2,1,1,0,0,3,5,0,1,1,0,1,1,1,0,2,9,2,5,0,2,0,2,3,4,0,1,0,1,0,1,2,1,1,6,20,8,1,2,0,1,1,0,0,4,1,4,2,0,8,1,0,1,1,0,0,9,1,4
0,0,0,0,1,2,3,1,5,7,6,0,2,1,11,0,3,2,7,2,7,21,2,0,3,1,2,1,1,4,3,0,0,0,0,0,1,1,0,0,0,0,0,0,2,1,0,1,0,2,0,0,1,4,0,0,3,0,3,0,0,2,1,2,0,0,0,0,3,2,5,4,1,0,0,0,17,2,0,0,0,4,3,0,1,6,0,0,2,3,0,0,2,0,1,1,0,0,1,0,0,4,0,6,0,0,0,0,0,0,3,0,1,1,0,0,0,0,0,0,0,2,0,14,0,3,1,0,0,0,0,3,1,4,4,1,0,1,3,1,6,0,0,0,7,1,4,2,0,0,0,0,1,3,2,6,0,1,1,0,3,2,0,0,2,12,3,18,0,0,2,0,0,3,5,0,0,1,0,0,0,6,1,0,3,0,0,0,0,2,0,0,7,0,0,0,1,2,0,11,1,0,5,0,2,1,0,3,2,0,1,0,0,8,0,2,1,1,1,1,2,2,0,0,0,0,0,0,1,1,0,2,1,0,1,4,0,0,1,0,0,1,4,1,0,0,11,0,32,0,1,0,5,0,0,6
1,0,11,1,0,4,1,0,0,5,0,0,0,2,5,0,0,2,4,4,6,38,5,0,1,0,4,0,0,3,1,1,0,1,0,1,5,3,0,0,0,0,0,1,0,0,2,3,0,3,17,2,0,3,1,1,4,6,4,39,1,0,1,3,1,3,2,0,8,11,16,0,0,0,2,0,0,4,2,0,0,3,1,0,1,0,1,2,1,0,0,2,0,0,0,2,0,1,1,0,0,1,2,0,0,1,0,0,0,0,0,0,2,3,0,3,0,1,0,0,0,0,2,1,0,0,1,0,0,0,2,0,0,0,1,1,1,0,0,4,1,0,0,0,6,0,2,1,1,2,1,0,0,0,0,2,0,1,3,0,0,1,2,1,0,9,2,0,3,0,0,0,1,0,7,1,12,2,0,0,0,6,0,0,0,0,2,0,0,1,0,0,0,0,0,4,0,0,0,2,0,2,0,3,1,0,0,0,0,1,0,7,1,1,1,2,0,0,1,1,2,0,1,1,1,0,2,1,3,0,0,0,2,0,0,1,0,1,0,0,0,0,1,13,0,0,7,0,25,0,0,0,0,8,1,7
0,0,0,0,3,1,0,1,0,0,12,0,5,0,2,0,3,4,5,0,1,7,1,0,0,2,0,1,0,1,3,0,0,2,3,6,2,1,0,0,0,1,0,1,3,4,0,0,0,1,1,2,2,1,0,5,1,0,2,1,0,1,0,1,0,1,0,0,6,1,1,1,1,0,0,0,3,1,0,1,1,1,2,0,0,3,0,1,1,0,1,0,0,0,0,1,0,0,10,6,11,1,0,0,0,0,0,2,4,1,7,0,0,9,0,1,8,1,0,0,0,0,1,4,0,1,2,0,2,1,0,0,1,5,5,8,0,3,0,2,3,1,13,0,10,2,0,4,2,0,2,0,1,1,1,12,0,0,0,0,4,4,0,3,5,1,2,0,0,0,1,2,0,4,7,0,1,0,0,0,12,3,0,0,0,1,0,0,1,0,1,0,9,0,5,3,4,2,0,11,0,2,5,0,0,0,0,3,6,1,1,1,3,9,0,1,0,4,0,3,1,5,5,0,0,0,0,0,0,3,5,9,8,0,0,6,5,0,0,1,1,6,1,0,1,0,4,0,0,1,0,1,4,9,0,11
0,0,13,0,0,1,5,1,0,7,8,0,0,2,6,3,7,0,9,1,17,22,3,0,0,0,1,1,0,1,0,0,0,0,0,2,1,0,0,0,3,5,1,0,9,0,0,2,1,0,0,0,0,4,0,0,5,0,6,17,0,0,0,6,1,1,0,2,3,22,40,7,0,0,2,0,1,1,0,0,0,6,1,1,0,9,2,2,1,0,4,6,0,0,0,6,0,1,3,1,3,0,2,5,0,0,0,0,8,0,0,1,1,0,0,2,0,0,0,0,0,0,3,7,0,0,3,0,0,0,2,0,0,0,4,2,0,0,0,0,6,0,1,2,8,0,3,1,3,0,0,0,2,0,1,3,2,3,1,1,1,1,2,0,0,8,3,1,7,0,1,0,2,0,22,0,3,2,0,0,0,9,0,4,0,2,2,1,0,0,0,0,1,2,0,2,3,3,0,0,0,5,0,0,0,2,1,0,1,0,1,1,1,1,0,2,0,0,1,1,2,1,0,1,3,0,3,4,0,0,1,0,0,0,0,2,0,0,0,0,1,1,0,1,1,0,9,1,0,1,0,0,2,3,3,0
0,0,23,7,1,0,0,0,0,9,1,0,1,5,5,1,8,0,3,2,5,42,2,0,0,4,0,0,1,10,0,0,0,0,0,0,2,0,0,3,0,1,0,0,2,0,0,0,0,2,2,0,2,2,1,0,3,4,4,0,2,0,0,2,1,2,5,3,2,9,8,0,3,0,5,0,2,15,0,0,0,3,4,1,0,0,4,0,0,0,5,0,0,1,1,4,0,0,1,0,2,3,0,6,0,0,0,0,0,1,0,0,0,0,0,4,1,0,0,0,0,0,0,3,0,0,2,0,1,0,6,2,0,0,8,6,0,1,4,0,2,3,1,0,7,0,4,9,0,0,0,0,0,12,5,2,0,0,5,0,0,0,1,0,0,12,2,2,0,0,0,0,0,0,8,0,4,0,0,0,0,3,0,0,0,1,1,1,0,1,0,0,0,1,0,3,0,1,0,1,0,4,5,5,2,2,0,2,0,4,0,9,2,1,1,6,0,0,0,0,1,0,0,0,1,0,1,1,2,0,0,0,5,0,1,2,1,1,0,0,0,0,0,3,1,0,14,1,9,0,3,0,0,5,2,0
0,0,0,0,2,1,1,0,0,5,18,1,2,0,1,1,0,6,2,0,0,0,0,0,0,0,0,2,0,2,3,0,0,0,2,0,0,0,0,1,1,1,0,2,1,8,0,0,0,2,0,0,2,2,0,8,1,0,2,0,0,0,1,3,0,2,0,0,1,1,0,0,1,0,0,0,1,3,0,1,0,1,1,0,0,1,0,0,5,0,0,0,1,0,0,0,0,0,0,2,4,6,1,1,0,0,0,0,4,0,1,2,0,6,0,0,1,0,6,0,0,1,0,0,6,35,1,0,2,0,0,1,6,6,2,6,0,3,2,0,3,0,0,1,0,4,0,10,10,0,3,2,0,0,1,5,0,0,2,1,0,3,0,1,4,0,1,0,1,4,2,1,3,2,0,1,1,0,0,0,11,0,1,0,2,0,0,0,9,0,1,3,1,0,0,3,0,2,0,26,0,2,11,11,0,3,4,0,12,1,1,0,0,12,3,4,0,4,0,1,1,9,3,1,0,1,0,1,0,2,0,1,18,1,5,6,0,0,0,3,0,16,6,3,1,0,5,1,1,1,3,0,8,2,1,2
0,1,0,2,2,9,0,0,0,2,19,0,5,1,0,2,0,4,2,0,0,1,1,0,14,1,9,10,1,0,2,0,0,0,0,0,0,0,0,1,0,0,0,1,0,3,0,0,0,0,0,0,0,2,0,2,3,0,1,0,0,0,3,0,0,1,0,2,3,4,1,0,1,0,1,0,2,0,0,2,0,1,1,0,0,0,2,0,1,0,0,0,0,0,2,0,1,0,2,3,0,0,0,0,0,0,0,0,4,0,3,2,0,0,0,4,1,0,0,0,0,0,0,3,0,12,3,0,1,0,0,0,1,4,3,1,0,6,7,3,2,4,0,0,5,4,1,2,0,0,3,1,9,0,1,9,0,0,0,0,2,26,1,5,1,1,2,1,1,0,0,1,0,3,1,0,2,0,0,0,6,4,2,0,1,1,0,0,9,2,0,0,0,0,2,1,0,1,0,5,0,1,9,9,2,0,1,1,9,1,0,0,0,10,0,6,0,6,0,1,1,4,3,0,0,0,0,1,1,4,3,3,5,0,2,3,6,0,0,6,1,10,4,0,1,0,8,0,4,1,0,8,9,21,1,0
2,0,4,0,1,1,0,0,0,2,8,0,2,0,1,0,0,2,14,0,9,8,2,0,0,0,0,0,0,1,3,0,0,0,4,4,2,0,0,0,0,5,0,3,0,3,0,0,1,5,1,0,0,1,2,2,2,2,2,1,0,0,0,8,0,1,0,2,1,3,7,2,0,0,0,0,0,0,0,1,1,4,0,0,0,2,1,0,2,1,0,0,2,0,5,0,1,0,3,0,15,3,0,2,0,0,0,0,2,1,1,0,0,5,1,2,1,0,1,0,0,1,1,6,3,17,4,1,0,1,4,0,3,3,4,0,0,0,3,10,4,0,0,0,4,1,2,3,7,0,3,0,1,1,2,5,1,0,2,1,0,5,0,2,2,8,0,0,2,0,0,0,2,3,8,0,0,0,0,0,1,2,1,0,0,1,3,0,0,0,0,1,5,0,3,6,0,2,1,5,0,2,3,0,0,0,0,2,5,0,0,1,0,7,3,0,0,3,0,2,2,4,2,0,0,2,0,1,0,10,2,13,8,2,0,0,0,0,1,0,0,3,0,3,0,3,6,0,0,1,1,3,5,9,0,5
1,0,5,1,2,1,6,0,0,10,4,0,0,1,2,5,3,1,2,1,13,27,1,0,0,3,0,0,0,10,0,0,1,0,0,0,1,0,0,0,4,3,0,10,1,2,0,3,0,3,0,1,3,3,2,0,3,3,5,24,0,0,0,3,0,1,1,0,2,4,2,0,0,2,0,0,2,6,1,0,0,5,1,0,0,1,1,0,1,0,1,2,0,0,0,3,1,0,1,0,0,0,0,10,0,0,1,0,5,2,1,0,0,0,2,3,2,0,0,1,0,0,2,7,0,1,3,0,1,0,2,2,2,1,3,4,0,1,2,2,5,1,2,0,13,0,0,3,1,0,0,1,0,0,1,5,0,0,4,0,1,0,3,0,0,8,2,0,0,0,1,0,4,2,19,1,0,0,3,0,0,4,1,2,1,2,0,1,0,0,1,0,1,0,1,5,0,2,1,6,0,2,4,1,0,0,2,0,0,0,2,2,0,7,0,1,0,0,0,0,3,2,3,1,0,0,2,0,0,0,1,0,1,0,1,2,1,2,0,0,0,1,3,6,2,0,13,1,0,0,3,0,0,4,2,1
0,0,13,0,0,1,0,0,0,6,2,0,0,1,8,3,3,0,1,1,21,34,2,0,0,1,0,0,2,10,1,0,0,1,0,1,9,1,0,0,0,0,0,0,0,0,1,0,0,1,3,0,1,4,0,2,6,15,2,0,0,0,0,4,0,3,2,2,4,8,37,3,6,0,2,2,1,5,0,3,2,7,2,0,3,4,8,0,1,10,1,2,2,1,2,2,1,0,1,0,0,0,0,6,0,0,0,0,5,0,1,0,0,2,0,0,2,0,0,0,0,1,0,4,0,0,1,0,0,0,1,2,0,1,1,0,0,1,2,1,4,0,0,0,7,0,0,1,0,0,4,0,0,0,0,3,0,0,2,1,0,0,2,1,0,7,1,0,2,0,0,0,0,0,20,1,7,0,2,0,0,9,1,0,0,2,12,1,0,2,0,0,0,0,0,0,0,0,0,0,0,1,0,2,0,1,1,0,4,0,0,2,0,1,0,0,0,0,0,2,1,0,2,0,0,0,3,2,0,1,1,0,8,0,0,2,0,1,2,0,0,3,4,0,0,0,20,0,0,0,6,0,14,7,1,1
0,4,0,0,2,0,0,2,0,1,17,0,7,1,0,0,1,3,2,0,0,0,15,1,9,0,2,9,0,1,4,0,0,0,1,1,0,2,0,1,0,0,0,5,0,10,0,1,0,0,0,0,2,0,1,0,0,0,0,2,0,0,0,0,0,1,0,0,0,0,0,0,1,0,0,0,1,0,0,2,0,0,0,0,0,0,0,3,2,0,0,0,1,0,0,0,4,0,0,0,1,0,0,0,0,0,0,0,2,0,4,0,0,1,7,3,2,0,1,0,0,0,0,3,0,11,0,0,0,0,0,0,1,4,2,2,0,0,9,2,4,2,0,0,8,6,0,2,3,0,3,1,1,0,5,19,0,0,0,0,4,8,0,1,1,17,0,0,0,0,1,1,7,8,0,0,1,0,4,0,3,8,1,0,2,2,0,0,2,0,0,0,15,0,0,0,0,3,0,13,0,1,11,8,0,0,0,2,7,0,0,0,0,8,0,2,0,7,2,8,2,7,1,0,0,0,0,0,0,16,1,7,1,0,1,5,18,0,0,5,1,4,3,0,1,0,2,0,0,0,0,3,10,6,4,1
0,1,17,3,1,0,2,0,3,6,5,0,2,0,2,0,7,5,12,1,3,27,4,0,0,2,0,1,0,4,4,0,0,1,0,0,2,0,0,1,1,2,0,2,4,3,0,3,0,5,0,0,1,1,0,0,0,3,2,0,0,0,1,3,0,0,0,0,3,1,1,0,0,0,0,0,1,2,1,2,1,2,0,0,0,0,0,0,4,5,1,3,0,2,0,1,0,0,2,0,2,0,0,3,3,0,0,0,3,1,0,0,0,2,0,4,0,0,0,3,0,1,1,2,0,0,2,0,1,1,1,1,2,3,3,0,1,1,6,2,4,1,0,1,7,3,4,5,0,0,6,1,2,6,3,4,0,2,1,0,5,2,1,1,4,5,1,4,2,0,0,0,3,2,5,0,2,1,1,0,3,3,1,0,2,0,0,0,0,0,0,0,1,0,1,3,0,2,0,3,2,1,7,7,0,0,1,1,1,5,0,4,0,2,1,8,0,1,0,3,3,2,4,2,1,0,0,2,3,1,1,4,2,0,1,1,0,0,0,0,0,5,2,4,0,2,8,0,15,1,1,0,7,6,3,3
0,0,0,1,2,0,0,0,1,3,5,1,8,0,4,0,4,0,4,0,4,26,2,0,1,5,2,0,2,5,3,0,0,1,1,0,6,5,1,1,3,0,0,8,0,7,0,0,0,1,1,0,10,0,1,4,0,1,3,11,0,3,2,2,0,0,0,0,1,1,0,0,0,3,0,0,1,4,0,1,0,4,0,0,0,0,1,0,2,0,0,0,0,0,2,1,1,0,2,1,4,4,1,0,0,0,0,0,2,1,4,1,0,0,1,1,2,0,4,1,0,2,0,7,3,11,2,0,1,0,1,1,4,5,2,2,0,0,8,0,4,4,0,0,10,1,0,2,10,0,4,3,1,1,0,4,0,0,1,0,1,3,0,1,1,6,0,3,1,0,0,1,0,2,30,2,1,0,2,0,1,3,0,1,1,0,0,0,2,0,0,0,1,0,1,3,0,1,0,14,0,2,4,5,0,0,0,2,3,3,0,3,0,14,1,2,1,0,0,2,2,1,7,0,0,0,0,0,2,0,0,4,7,0,2,6,1,0,0,2,1,7,1,4,0,0,8,1,0,3,3,0,5,3,1,1
0,0,20,5,0,0,2,0,1,8,2,0,2,2,4,0,3,0,10,0,11,47,3,0,0,2,1,0,0,4,0,2,0,0,0,0,1,4,0,1,0,1,0,2,0,0,0,0,0,1,3,0,0,2,0,0,5,2,4,0,0,0,0,2,0,5,1,2,2,7,10,0,1,0,0,0,1,4,1,0,0,4,3,1,1,0,5,4,0,0,1,0,0,0,5,5,0,1,3,3,0,1,0,2,11,0,0,0,1,0,0,0,0,0,0,6,0,0,0,0,0,0,0,3,0,0,2,0,2,0,6,0,0,0,2,1,0,0,0,6,7,1,0,3,12,0,4,7,1,0,0,0,3,4,0,1,1,1,2,0,6,0,8,0,0,16,2,0,4,0,1,0,1,2,28,2,0,1,0,0,0,6,9,2,0,0,1,1,0,4,1,0,1,1,1,1,0,2,0,1,0,4,1,2,0,0,2,0,1,1,0,4,0,0,2,1,0,1,0,0,1,0,2,5,0,0,1,0,4,0,0,1,9,1,0,2,3,0,1,0,0,2,1,9,1,0,10,0,10,0,1,0,3,6,1,0
0,0,0,3,1,2,1,0,1,4,3,0,2,0,8,1,3,1,7,0,4,25,3,0,0,2,4,2,0,1,2,0,0,0,0,0,0,0,0,0,1,1,0,1,0,3,1,1,1,2,2,0,3,2,0,1,1,0,3,0,0,0,1,2,0,0,0,0,1,1,2,4,0,0,0,2,0,3,5,1,1,3,0,0,0,2,5,1,2,1,0,0,5,0,0,3,0,0,0,0,5,2,0,2,0,0,0,0,5,0,0,2,0,5,0,3,1,0,0,1,0,0,1,1,0,3,1,0,2,1,0,0,0,3,3,0,0,2,2,3,4,2,0,1,11,1,0,2,0,0,1,1,4,2,1,3,1,0,1,2,0,3,0,0,1,15,2,6,0,0,0,0,0,0,18,1,18,5,0,0,0,11,0,1,0,1,0,0,2,0,0,0,0,0,5,0,0,2,1,10,0,0,5,2,0,3,1,0,0,1,0,0,0,5,1,1,0,0,0,3,1,1,4,2,1,0,0,0,0,1,0,10,0,0,2,4,0,0,0,0,1,5,3,1,0,0,8,1,14,0,0,1,4,19,0,0
3,0,8,1,29,3,9,0,0,4,5,0,1,1,3,1,1,0,2,1,7,43,0,0,0,1,4,0,0,4,2,1,1,0,0,0,8,2,0,3,0,0,0,1,0,0,14,1,0,1,0,0,0,4,1,0,7,3,3,0,0,0,2,4,1,4,1,0,3,5,0,3,3,0,0,3,4,4,0,1,6,4,3,0,0,1,0,0,1,1,0,1,1,9,0,1,0,0,1,1,1,1,3,3,0,1,1,1,0,0,0,0,0,1,0,3,0,0,0,0,1,0,0,0,0,0,2,1,1,0,2,0,2,0,1,1,1,0,4,0,7,2,0,0,5,1,4,1,10,0,3,0,4,20,0,3,0,3,3,0,0,4,0,0,3,7,1,7,0,2,0,0,0,1,6,0,0,1,0,0,2,7,1,0,0,2,0,0,0,0,0,0,0,1,1,1,0,0,0,1,1,1,0,2,11,0,2,0,6,2,0,6,0,0,1,2,0,3,0,1,3,1,3,0,0,0,1,1,1,0,0,0,0,0,0,1,0,0,0,0,0,0,0,0,0,0,12,1,8,1,2,0,1,2,0,0
0,1,1,2,0,1,5,0,0,9,4,0,0,7,10,0,2,3,7,3,2,39,7,1,1,1,1,1,1,6,2,0,0,1,3,2,1,0,3,0,0,0,0,4,0,0,0,0,0,1,2,1,3,3,0,1,5,3,2,0,0,0,0,5,1,4,0,1,2,5,4,1,2,0,0,1,1,8,0,1,1,2,4,0,0,2,3,0,2,0,8,5,1,0,0,1,3,2,4,1,2,0,1,4,3,0,0,0,0,1,0,0,1,1,0,0,3,2,0,0,0,0,2,0,1,0,5,0,3,0,2,0,0,1,0,0,0,0,1,7,2,0,0,0,13,2,3,1,0,0,1,0,1,0,1,3,0,0,4,0,1,1,0,3,0,18,2,0,3,2,0,0,1,0,38,17,10,5,0,0,0,12,2,0,1,0,4,4,0,5,0,0,3,0,0,0,0,1,0,0,0,3,3,4,0,0,1,0,2,0,1,0,0,2,0,0,0,0,0,1,1,1,0,0,0,0,3,0,1,0,0,0,5,0,3,1,0,0,2,0,0,6,0,3,0,1,12,1,0,0,2,1,4,5,1,3
4,0,4,1,0,0,1,0,0,13,3,0,1,3,3,0,5,1,7,2,12,26,1,0,0,7,2,2,0,8,0,0,0,0,0,0,3,0,1,0,0,1,0,0,2,0,0,2,0,1,0,0,1,10,0,0,3,3,3,1,0,0,0,2,4,2,3,2,3,5,4,1,3,1,0,0,0,10,2,0,1,3,2,0,1,0,4,1,0,1,1,2,1,1,1,2,0,0,4,2,2,0,1,4,0,1,0,7,3,0,3,0,0,0,0,4,2,1,1,0,0,0,0,2,0,0,3,0,0,0,1,0,0,0,0,0,1,0,1,0,1,0,0,1,12,1,0,0,0,8,2,0,1,0,1,5,0,0,6,0,1,0,0,0,2,16,2,0,4,0,0,0,2,0,21,0,0,0,0,0,0,7,2,0,0,0,3,1,0,0,2,0,1,0,0,0,1,1,0,0,0,0,0,1,6,0,0,0,0,0,2,0,0,2,2,0,0,0,0,0,2,0,1,0,2,1,2,5,1,0,1,3,22,3,0,2,1,2,0,0,0,0,2,0,2,0,15,18,0,0,0,0,1,8,1,1
1,0,2,4,0,2,2,0,0,5,2,2,2,2,4,1,4,2,2,6,1,38,1,0,0,4,2,0,0,4,1,1,0,0,1,2,0,0,1,2,0,0,0,1,5,1,1,3,1,1,0,0,0,3,0,1,5,6,2,11,1,0,1,4,0,2,0,0,1,5,1,2,0,0,0,0,1,3,0,1,6,5,2,0,0,4,3,0,1,2,0,2,1,2,0,3,0,0,1,3,2,2,0,5,10,0,0,0,2,0,0,0,0,5,0,5,0,0,0,0,0,0,0,3,1,0,4,0,0,0,0,0,0,0,0,0,0,1,1,1,3,1,0,0,4,1,2,2,0,0,1,0,0,0,0,3,0,0,3,0,0,1,1,0,0,14,1,0,0,0,5,0,1,0,34,20,24,7,0,0,0,11,0,0,0,0,1,0,2,6,0,0,0,0,0,0,0,0,0,3,1,0,1,2,0,0,2,0,0,2,2,0,1,6,0,0,0,0,0,3,0,0,5,2,0,0,2,0,1,0,1,3,5,2,0,1,1,0,1,0,0,3,3,1,0,0,9,0,0,1,4,0,6,5,3,1
3,5,0,5,1,6,3,0,0,0,11,0,6,1,0,0,0,0,5,0,1,0,3,0,1,1,1,0,0,0,1,4,13,0,0,1,0,0,0,1,0,0,0,4,1,0,0,6,1,3,0,0,5,3,3,2,1,3,1,1,0,3,2,4,0,0,1,1,1,5,2,1,2,0,0,2,5,0,0,0,2,2,1,0,0,1,6,1,3,3,0,2,0,2,0,1,3,1,3,0,2,0,0,4,5,0,0,0,5,3,3,2,0,4,1,2,2,0,1,8,2,2,4,2,0,3,2,2,0,1,0,1,0,1,1,4,0,0,2,3,0,0,4,1,3,1,4,0,2,0,1,0,5,0,1,0,0,2,0,0,3,2,0,2,1,4,1,0,0,1,0,0,3,2,0,1,0,7,0,0,0,0,1,0,1,0,0,0,1,0,0,0,5,3,3,6,0,0,1,4,3,4,0,2,1,1,0,0,3,0,6,0,0,3,0,1,4,7,0,1,1,1,1,1,2,0,3,1,0,10,10,3,3,1,5,4,0,1,0,10,0,1,1,5,0,1,3,2,5,5,0,0,2,4,2,1
1,0,0,7,0,0,2,0,0,8,2,0,0,1,4,0,6,0,4,2,7,27,1,0,1,1,5,0,0,9,1,0,0,0,1,0,0,2,0,0,0,0,0,0,1,0,1,0,0,2,4,0,1,5,1,1,6,3,3,14,2,0,1,1,0,1,2,2,2,9,3,0,1,0,0,0,0,8,0,1,0,3,2,1,1,1,4,1,1,0,0,0,0,2,0,3,0,0,1,1,1,0,0,2,2,0,0,1,0,0,1,0,1,0,0,2,0,2,1,1,0,2,0,4,0,0,1,0,0,0,1,1,0,0,1,0,0,0,1,8,3,1,0,0,11,4,4,2,0,1,3,0,4,6,1,1,0,0,4,1,0,1,1,1,0,12,1,6,0,0,1,1,1,1,41,3,14,3,0,0,0,8,5,1,0,1,6,0,3,4,0,0,0,0,0,0,0,0,0,1,0,0,0,0,1,0,3,0,0,2,0,1,0,0,0,0,0,0,0,1,1,1,1,0,0,0,1,0,1,0,0,1,5,0,0,1,0,0,1,0,0,0,0,4,0,1,8,0,0,0,2,0,2,12,7,0
0,0,1,1,1,1,1,0,0,4,10,0,4,1,0,1,2,6,12,0,0,16,1,0,2,3,1,0,0,3,3,0,0,0,0,0,0,0,0,0,0,0,0,1,0,3,0,0,0,1,1,0,0,0,0,0,0,3,2,0,0,0,1,1,0,1,0,1,1,5,24,0,1,0,0,0,2,2,0,4,0,2,0,0,0,1,1,0,2,2,3,0,1,0,0,0,1,1,1,1,12,1,4,6,21,0,0,3,2,0,1,0,1,0,0,3,6,0,0,0,0,2,0,2,0,7,2,0,1,6,0,2,1,1,4,0,0,0,3,0,0,0,0,0,8,2,0,2,0,0,2,0,1,0,4,12,0,1,0,1,4,7,0,1,2,8,0,0,0,0,0,0,0,3,14,1,0,1,1,1,4,0,0,1,0,0,0,0,1,0,0,0,0,0,0,0,0,2,0,19,0,1,7,7,0,1,0,1,1,2,0,1,1,8,0,0,3,1,0,3,1,1,1,0,0,6,1,2,1,0,2,17,1,0,0,1,2,2,0,0,0,8,3,0,0,6,4,0,0,2,1,0,2,7,0,2
1,0,6,1,0,0,0,0,0,8,0,0,1,6,2,2,6,0,0,0,3,46,5,0,1,0,0,0,0,9,1,0,1,0,0,0,10,1,0,3,1,4,0,0,0,0,0,0,0,4,0,0,4,7,0,2,5,10,3,0,1,0,0,4,4,2,1,1,3,10,14,1,3,1,6,1,2,6,0,0,2,4,3,0,1,0,5,0,0,0,1,2,0,4,3,5,0,0,4,0,1,0,1,5,0,0,0,0,5,1,0,0,2,0,0,0,0,0,0,1,0,0,0,1,0,0,2,0,0,0,1,0,0,0,3,4,0,0,0,0,0,1,0,1,12,0,2,0,0,0,0,0,0,5,0,4,1,0,2,0,0,0,0,0,0,8,2,0,0,0,0,0,0,0,5,0,0,0,2,1,1,3,0,0,1,0,1,0,0,2,2,1,0,0,0,0,4,3,0,0,14,10,0,1,2,0,7,0,1,5,0,5,0,2,0,1,0,0,0,6,0,0,2,0,0,1,2,0,2,0,2,0,0,0,0,2,0,1,0,0,0,0,0,0,1,0,19,0,2,1,2,0,0,3,0,0
0,1,9,0,5,0,1,0,1,6,7,0,1,2,4,3,9,3,5,0,5,37,0,0,0,0,0,0,0,4,1,0,0,0,0,0,0,0,0,0,0,0,0,0,0,1,0,0,0,2,1,0,0,2,1,0,7,3,5,1,0,0,0,4,2,2,0,3,4,4,8,1,0,0,1,0,1,6,4,1,0,6,1,0,0,0,3,1,1,1,2,0,1,0,3,4,0,0,4,0,0,0,0,13,0,6,0,1,1,0,0,2,1,0,0,1,0,0,0,1,0,0,0,5,0,0,1,0,0,1,7,0,1,1,4,2,0,0,1,0,9,0,3,0,11,1,2,5,0,0,3,0,2,1,1,5,1,0,2,3,3,0,4,0,1,8,1,0,1,0,0,0,2,2,7,0,9,0,0,0,0,4,0,1,0,1,1,0,0,4,0,0,0,0,0,3,0,2,0,1,0,1,0,3,2,0,5,0,0,2,0,0,0,0,7,0,0,0,0,1,2,0,1,0,0,0,1,0,0,0,0,2,15,6,0,1,0,4,1,0,1,1,2,5,1,0,14,1,1,0,1,0,1,9,1,0
0,0,20,2,0,1,3,0,0,5,1,0,0,3,4,1,5,1,4,0,0,42,2,0,0,0,0,0,2,8,2,0,0,0,0,0,1,0,0,1,0,0,0,0,2,0,2,0,0,2,2,0,0,3,0,0,6,3,4,4,1,0,0,1,1,3,1,0,3,12,29,4,1,0,2,4,0,10,1,0,2,4,2,1,1,1,3,0,2,2,4,7,0,1,0,2,0,0,1,1,0,2,6,6,0,0,0,0,1,0,1,1,0,0,0,2,3,0,0,3,1,0,4,1,0,0,2,0,0,0,1,0,3,0,1,0,0,1,1,4,7,2,1,0,7,1,1,0,1,0,0,0,3,5,1,2,3,0,5,1,0,0,0,0,0,13,2,3,2,0,2,0,0,0,6,5,0,0,0,0,0,2,2,0,0,0,0,1,0,0,1,0,2,1,0,0,0,1,0,0,0,1,2,0,0,0,0,0,1,0,0,0,0,1,0,0,0,1,0,0,2,0,0,1,0,0,1,0,3,0,1,0,1,0,0,4,0,0,1,0,0,1,0,0,0,0,10,0,19,0,1,0,2,1,0,0
2,1,0,0,1,1,1,0,0,0,4,1,4,0,0,0,0,1,2,1,0,0,0,0,0,0,0,4,0,0,4,0,0,1,0,6,0,3,0,1,1,0,0,1,2,14,0,1,0,1,1,1,5,0,0,1,1,0,5,0,1,2,4,0,0,0,0,0,1,0,0,1,0,1,0,0,2,1,0,1,0,1,3,0,0,0,0,0,1,0,1,0,0,0,1,0,0,0,2,2,6,3,0,0,0,0,1,0,0,0,7,1,0,0,2,1,1,0,2,0,0,0,0,3,0,1,3,1,2,0,0,0,4,6,7,0,0,0,2,0,1,1,0,1,0,5,0,2,2,0,2,0,1,0,3,25,0,0,1,2,3,19,0,6,1,0,1,1,0,0,1,1,0,3,0,0,0,0,7,0,2,1,0,0,1,0,1,0,4,0,0,0,24,0,6,2,0,2,0,9,1,1,5,4,0,0,0,1,7,0,0,0,0,8,0,0,1,3,0,8,3,5,1,0,0,0,2,0,0,0,1,6,5,1,1,4,23,0,0,1,1,9,3,0,0,0,6,0,1,7,1,0,5,9,5,2
2,0,4,0,0,0,1,0,0,9,3,1,3,3,4,5,4,1,4,4,11,37,3,0,0,11,1,1,0,13,3,0,0,0,0,6,2,0,0,0,0,1,0,0,1,1,0,3,1,3,3,0,0,8,2,1,3,1,3,1,1,0,6,3,1,3,5,2,1,0,0,2,1,0,1,0,3,14,0,1,1,4,1,0,0,0,0,0,1,1,1,5,0,1,1,2,0,0,1,0,0,1,0,7,0,0,0,0,0,1,1,0,1,0,0,1,0,1,5,1,0,0,0,3,0,0,2,0,0,0,3,2,0,0,9,1,0,0,3,2,4,1,1,2,11,3,2,1,1,0,2,0,2,0,1,5,4,0,1,1,0,0,1,0,0,11,1,2,4,0,2,0,1,0,20,0,0,0,0,0,1,9,1,0,0,1,2,6,1,4,1,0,0,0,0,0,0,0,5,4,1,1,1,2,0,0,2,0,1,2,1,1,1,0,2,0,0,1,0,3,1,0,4,0,0,0,1,0,1,0,1,3,13,5,1,3,0,0,2,1,1,0,5,2,1,0,15,0,0,0,0,0,4,2,1,0
0,0,1,0,0,0,0,0,0,4,3,0,1,1,2,2,0,1,8,1,9,14,0,0,0,0,2,0,0,2,1,2,0,0,0,5,4,0,0,0,0,0,0,3,0,1,6,2,0,1,2,3,0,3,0,3,7,4,3,0,0,0,0,4,0,3,2,0,2,5,15,1,2,0,0,0,2,2,0,1,0,3,1,0,0,2,4,0,1,5,0,2,0,0,0,1,0,0,1,0,0,0,0,0,0,4,0,0,0,0,0,0,0,2,0,2,0,0,0,0,0,1,0,0,1,1,1,0,0,1,2,0,1,0,0,0,1,2,1,8,5,0,0,0,8,1,0,1,0,1,2,0,0,0,1,1,4,3,0,1,0,0,2,1,3,9,1,3,8,1,5,1,0,1,39,7,0,2,0,0,0,7,3,2,0,1,6,1,0,7,1,0,0,7,0,0,2,1,0,0,0,0,1,3,4,0,0,0,12,2,2,2,0,2,2,1,0,0,1,1,1,0,1,4,1,0,1,2,0,0,0,4,8,3,0,2,0,1,1,0,0,1,0,8,0,0,8,7,0,0,2,0,1,18,1,3
0,0,16,1,7,0,0,0,0,6,1,0,2,4,2,0,5,1,5,1,6,41,2,0,0,1,4,1,0,3,0,0,0,0,0,0,0,0,1,0,0,0,0,0,0,0,0,1,0,2,1,0,1,4,0,0,3,3,4,0,1,0,2,2,1,4,1,0,3,9,1,0,2,0,0,1,0,7,3,0,1,4,1,3,0,0,0,0,1,6,3,0,0,10,0,5,0,0,1,0,2,0,0,0,0,0,0,0,1,0,0,0,2,0,0,2,0,0,0,0,0,0,0,0,0,0,2,0,0,0,4,0,1,0,0,0,0,0,0,1,6,2,0,2,3,0,5,4,0,0,2,0,0,7,0,3,2,0,2,0,0,4,0,0,7,11,3,7,0,1,1,0,1,0,32,4,7,1,0,0,0,3,1,0,0,1,1,1,0,2,0,0,1,0,0,2,0,4,0,1,0,4,0,7,0,0,1,0,4,5,0,7,1,0,1,1,0,1,0,2,1,0,4,4,0,0,2,0,2,0,0,0,0,0,1,1,1,1,0,0,0,1,0,4,0,0,8,0,13,2,1,0,1,3,0,6
0,0,6,2,0,3,3,0,0,5,4,0,0,2,3,6,5,1,0,2,6,39,3,0,0,3,1,0,0,11,3,0,1,0,0,1,1,0,0,5,1,4,0,0,0,0,0,0,2,2,8,5,1,6,0,4,5,14,5,0,3,0,0,3,8,3,1,0,4,7,0,0,1,1,4,1,1,17,0,0,1,3,2,0,0,0,2,1,0,0,0,0,0,6,1,3,0,0,2,0,2,0,0,6,0,0,0,1,0,1,1,0,1,0,1,1,0,0,1,1,0,0,0,3,0,0,3,0,0,0,2,0,0,0,2,3,0,1,1,0,6,2,1,0,7,0,1,2,0,1,0,0,1,6,0,2,0,0,3,1,0,0,0,0,0,10,3,5,0,3,1,0,0,0,1,0,0,0,0,3,0,3,0,0,0,0,1,4,0,0,0,0,0,0,0,0,0,2,1,0,0,2,0,10,1,0,5,0,0,2,1,10,0,0,0,0,0,0,2,5,1,0,5,0,0,0,1,1,0,0,2,0,4,0,1,6,0,3,1,0,0,2,2,1,1,0,15,1,6,0,1,0,0,5,2,0
0,0,9,1,0,0,0,0,1,7,3,0,0,6,6,0,1,1,9,2,12,34,0,0,0,1,2,0,0,3,0,0,0,0,0,0,0,0,0,2,0,0,0,0,1,0,0,5,0,3,1,0,2,4,0,1,5,17,5,8,0,0,0,5,0,3,0,3,4,5,5,0,0,4,1,0,16,5,2,0,0,5,3,1,0,0,2,0,1,0,0,0,0,0,2,3,0,0,1,0,0,0,0,1,0,0,0,0,0,0,0,0,0,0,0,3,2,0,0,1,0,0,0,0,0,0,1,0,0,0,5,0,0,1,1,1,0,1,0,1,1,0,1,0,5,0,5,2,0,0,0,1,0,8,0,1,0,1,0,0,0,3,0,0,0,7,2,3,1,0,0,0,0,0,12,0,19,0,0,0,0,15,1,1,0,1,0,0,0,2,0,0,1,0,3,6,0,2,0,0,0,0,1,1,4,2,3,0,0,1,0,2,0,0,2,0,0,0,0,1,2,0,0,0,0,0,4,0,0,0,0,0,3,0,1,2,2,1,1,0,0,0,3,6,0,0,11,0,2,0,0,0,2,14,0,0
0,0,5,3,0,0,1,1,0,5,1,0,0,4,1,0,0,0,17,3,5,28,3,0,0,1,3,0,1,2,1,0,2,0,0,0,0,0,0,0,0,0,0,0,4,1,0,1,0,2,0,0,0,3,0,0,2,5,2,0,0,0,0,4,1,3,2,4,2,13,21,2,1,5,1,0,7,3,1,2,0,4,1,2,0,0,2,1,1,0,1,0,0,0,0,4,0,0,3,1,0,0,0,0,0,1,0,0,3,0,0,0,0,3,0,2,0,0,0,0,0,6,0,0,0,0,4,0,0,0,4,1,0,0,0,0,0,0,1,9,1,0,0,0,5,0,0,2,0,0,3,0,3,2,0,1,3,0,1,0,0,0,0,1,0,10,2,2,2,0,0,0,0,0,19,0,4,3,0,0,0,13,5,1,1,0,4,0,0,1,0,4,0,0,3,5,1,0,0,0,0,1,1,0,0,3,2,0,1,1,0,2,0,2,4,0,0,2,0,1,9,0,0,6,1,1,2,0,0,0,0,2,2,0,1,1,0,0,1,0,0,1,5,5,1,0,15,0,5,0,1,0,2,6,2,0
0,0,0,2,2,5,1,0,0,3,6,4,7,1,1,0,0,1,5,0,7,22,0,0,0,1,0,0,0,1,9,0,0,0,2,3,1,0,0,0,2,3,0,2,3,3,0,0,0,4,0,0,3,1,0,1,2,3,4,15,1,0,0,4,1,0,1,1,3,4,0,0,0,2,1,2,2,5,0,1,1,5,0,0,0,2,0,0,3,0,0,0,4,0,1,2,2,0,3,2,2,0,0,0,0,0,0,0,3,3,0,4,0,0,1,1,0,0,1,0,0,2,0,8,0,9,2,0,2,2,3,1,2,3,1,3,1,1,8,1,5,1,0,0,7,3,0,4,1,1,2,1,2,0,0,4,0,1,0,1,3,1,0,2,4,7,1,0,0,1,0,0,0,3,3,0,18,0,0,0,1,6,0,0,1,0,0,0,1,0,0,0,2,0,1,2,0,1,0,7,0,2,7,2,0,0,3,0,3,1,2,2,0,6,2,1,0,3,0,4,2,2,3,1,0,0,0,0,0,0,0,0,5,1,0,2,2,2,1,2,0,0,4,1,2,1,4,3,0,1,5,0,2,7,0,4
0,0,7,2,0,3,4,0,0,7,3,0,0,2,4,0,6,0,4,0,4,29,3,0,0,1,4,0,0,8,0,0,0,0,1,3,3,0,0,0,1,0,0,4,3,0,1,3,0,2,1,0,0,3,0,1,5,2,3,9,0,0,0,2,0,1,1,1,3,11,7,2,1,1,0,0,1,4,2,0,1,3,2,0,0,0,4,2,0,0,1,2,0,2,2,1,2,0,3,0,1,0,0,5,0,1,0,0,6,0,1,0,0,0,0,3,0,0,0,1,0,0,0,3,0,0,3,0,1,0,3,1,0,1,1,4,0,0,0,3,3,1,0,0,9,0,0,0,0,1,0,0,2,0,0,4,0,3,3,0,0,0,1,0,1,12,3,0,0,0,3,0,1,1,34,1,1,0,0,1,0,5,3,1,0,0,10,3,0,7,1,0,0,5,0,3,2,0,0,0,0,0,0,5,0,0,1,0,0,0,0,0,0,1,2,0,0,0,0,0,0,0,5,0,2,0,1,2,2,0,1,3,0,1,1,2,0,1,1,0,0,4,7,9,1,0,9,4,0,0,2,0,0,9,3,0
0,1,0,2,1,4,1,0,0,4,2,1,3,1,4,0,1,1,8,0,9,28,0,0,1,0,1,0,0,1,1,1,0,0,0,2,0,0,1,1,0,0,0,2,10,0,0,1,2,4,3,0,0,3,1,0,4,5,3,0,1,0,0,5,0,0,0,0,3,11,9,3,1,1,2,0,3,0,1,2,0,3,1,1,0,5,1,3,2,2,0,0,0,0,1,3,3,0,0,2,3,1,0,0,0,0,0,0,2,2,1,1,0,0,0,0,0,1,0,0,1,4,0,3,4,0,3,0,6,1,2,2,1,1,0,1,0,1,1,0,2,1,0,1,6,1,2,6,1,0,2,0,0,1,0,1,0,3,0,1,2,1,1,0,0,9,1,4,3,1,0,0,1,2,1,5,0,0,0,2,0,9,5,0,0,0,1,1,0,1,0,0,0,0,1,2,0,1,1,3,0,0,3,7,3,2,2,0,1,0,0,6,0,2,1,2,0,0,0,2,6,2,6,1,1,2,1,0,0,1,0,3,0,0,0,2,2,0,2,0,1,2,4,4,0,0,10,2,4,1,1,2,2,7,1,0
0,0,2,0,2,0,0,1,1,1,3,0,0,1,1,2,2,3,2,0,1,1,0,0,0,0,0,3,3,1,2,2,0,1,0,0,1,4,1,0,0,0,3,3,0,5,3,12,3,4,1,1,0,3,2,0,8,0,10,1,0,1,1,2,0,0,0,0,3,1,1,1,0,5,0,0,5,0,1,1,1,2,1,0,0,5,2,0,1,3,0,0,0,0,2,1,0,0,1,0,3,0,1,1,1,0,0,0,0,0,0,4,0,0,0,0,0,0,0,0,0,0,0,0,0,0,4,0,1,0,1,0,0,3,1,0,0,2,0,1,1,0,0,1,0,2,2,3,0,0,4,0,1,7,0,2,0,0,21,0,3,1,0,0,1,4,2,1,1,0,0,2,3,4,5,1,0,1,1,0,2,2,1,0,1,1,1,1,1,0,0,0,2,0,0,0,0,1,0,8,0,0,13,16,0,3,1,3,9,1,4,0,1,3,5,14,0,1,1,1,1,3,2,0,1,0,0,3,0,0,1,2,0,0,3,2,2,0,1,0,0,7,2,0,0,0,4,0,4,0,0,1,7,2,1,0
0,0,0,0,1,0,6,0,0,0,23,0,1,1,0,2,0,6,5,0,2,2,0,0,1,2,0,1,0,0,2,0,0,0,0,2,0,1,0,1,0,0,0,3,0,5,0,0,0,0,0,0,1,1,0,0,1,1,2,0,0,0,1,0,0,0,0,0,6,3,2,0,0,0,0,0,2,1,0,2,0,1,2,0,1,0,1,0,1,1,0,0,0,0,0,0,16,0,0,3,31,0,0,0,0,0,0,1,7,1,1,1,4,0,0,1,10,0,0,0,1,0,1,1,1,7,1,0,0,9,0,1,0,6,3,1,0,2,4,1,0,1,0,0,7,0,2,3,1,0,1,0,2,1,0,10,0,0,0,0,3,4,0,0,1,3,1,0,0,0,0,0,0,1,0,2,0,0,0,0,5,0,0,0,0,0,0,0,1,0,1,0,0,0,0,0,0,1,0,20,0,0,14,9,0,0,0,1,9,1,0,0,1,12,0,4,0,6,0,1,1,1,1,1,1,0,5,3,0,1,0,21,0,4,1,2,4,0,0,0,0,9,3,4,2,19,4,0,0,0,0,0,7,3,2,0
1,2,0,0,2,1,0,1,0,0,13,0,6,0,0,0,0,3,13,0,0,1,2,0,5,1,1,0,0,2,3,0,1,1,0,3,0,0,0,2,1,0,0,7,0,4,0,0,0,3,0,0,3,2,1,3,0,0,0,0,0,1,6,0,0,2,0,0,0,0,0,0,1,0,0,2,1,0,0,2,0,0,0,0,0,0,1,0,3,1,0,0,0,0,0,0,0,0,1,4,20,1,1,0,2,0,0,1,1,5,0,1,0,0,0,2,9,0,1,1,0,1,13,1,0,5,0,1,4,1,0,0,2,3,1,0,0,0,3,1,1,0,0,0,9,7,4,10,1,0,2,0,7,1,3,13,0,0,0,0,4,29,0,2,1,0,3,0,0,0,0,3,0,5,0,0,0,0,0,0,5,3,0,0,0,1,1,1,2,4,0,0,0,0,0,0,0,2,0,8,1,0,6,0,0,0,0,0,3,0,0,0,0,8,0,5,0,1,0,6,1,2,2,0,0,0,0,0,0,1,1,0,5,0,2,2,3,0,0,1,3,10,6,1,1,0,1,0,0,1,1,0,5,18,0,1
2,1,1,0,8,1,0,0,0,3,8,0,3,1,1,0,0,4,7,3,5,25,1,0,0,0,4,1,1,1,3,0,0,0,0,2,0,0,0,0,0,3,0,2,4,5,0,3,0,0,0,0,1,1,2,3,0,0,2,0,0,0,1,2,0,0,0,0,5,1,0,0,1,0,0,0,1,0,1,6,1,0,1,0,0,2,1,0,2,0,0,0,0,0,2,0,0,0,1,0,3,0,0,4,0,0,0,0,5,0,0,0,0,0,0,7,3,0,1,0,0,2,0,6,0,0,1,0,2,3,1,1,6,5,5,3,0,4,5,0,5,0,1,0,8,4,2,2,1,0,5,0,9,2,0,5,0,0,1,0,2,4,0,0,1,4,4,4,0,0,0,0,3,4,0,0,3,0,0,0,5,4,1,0,0,1,0,0,1,0,0,0,0,0,2,3,0,2,0,12,1,2,2,9,0,0,0,0,5,7,0,0,0,9,1,5,0,5,1,1,1,3,6,0,1,0,0,0,0,0,0,4,2,0,1,0,0,0,0,0,3,4,2,3,0,0,5,2,7,0,1,1,8,7,2,1
0,0,0,1,0,1,2,0,0,11,0,0,0,1,4,0,4,0,2,1,4,19,5,3,2,0,1,0,0,8,1,0,0,0,0,2,0,0,0,0,0,0,0,0,6,0,0,0,0,1,2,0,1,2,0,0,2,0,2,0,1,0,0,1,0,3,1,0,2,20,0,2,1,0,0,3,0,11,0,1,0,2,3,1,0,0,3,0,1,0,1,12,0,2,0,2,0,0,1,0,0,0,0,4,15,2,0,0,5,0,0,0,1,0,1,4,2,1,0,1,0,0,0,0,0,1,2,0,1,0,0,0,0,0,0,0,0,0,1,4,0,0,0,0,12,1,0,1,0,0,1,0,0,0,0,6,1,2,6,1,0,0,1,0,0,11,1,1,5,0,2,0,1,0,25,4,1,0,0,0,0,9,2,0,0,0,5,3,0,3,0,0,0,0,0,0,0,0,0,0,0,0,1,0,1,0,0,0,0,0,0,1,0,1,0,0,0,0,0,1,1,0,0,0,1,0,2,0,3,0,0,19,12,0,0,1,0,2,0,0,0,1,0,0,0,0,5,21,0,0,0,0,0,5,1,1
0,0,0,0,1,7,0,0,7,0,23,1,12,1,0,0,0,2,7,0,2,0,0,0,1,4,0,0,0,0,2,0,0,0,0,0,0,3,0,0,0,5,0,11,2,6,0,1,1,0,0,0,3,1,1,1,1,1,1,1,0,0,0,0,0,0,0,0,1,0,1,0,1,0,0,0,0,0,0,3,0,1,1,0,0,2,0,0,2,0,1,0,0,0,1,1,0,0,5,4,0,0,6,0,0,0,0,0,3,3,1,1,0,4,0,1,4,0,0,1,0,1,3,0,0,7,2,0,0,5,0,3,2,4,3,0,0,0,11,0,2,1,0,0,2,7,1,2,7,0,1,0,4,1,5,14,0,1,0,2,0,15,0,3,1,0,1,1,0,0,0,0,0,4,1,1,1,0,0,0,8,0,0,0,0,0,0,0,1,0,0,0,9,0,0,1,0,1,0,4,0,0,8,7,0,0,2,0,5,0,0,0,0,8,0,1,0,2,0,2,1,5,0,0,0,1,0,2,0,0,0,1,6,1,1,1,4,3,0,4,0,4,3,0,2,0,4,0,0,2,0,0,6,15,0,7
2,1,1,2,2,2,0,0,15,0,6,1,6,0,0,1,0,0,6,1,3,1,14,2,4,0,2,4,1,0,7,1,0,0,0,0,0,0,0,1,0,1,0,1,0,1,0,1,0,0,0,0,1,2,0,0,0,13,3,0,0,2,0,0,0,1,0,1,5,1,3,1,30,0,0,0,1,0,0,2,0,4,0,0,0,2,0,0,4,1,0,0,2,0,2,0,0,0,2,2,2,0,0,0,0,1,0,0,1,0,0,1,0,0,0,0,11,4,0,0,1,0,6,2,1,0,0,0,2,0,0,0,0,3,4,1,0,0,4,0,1,0,2,0,0,2,0,2,8,0,2,8,2,0,2,3,0,0,1,4,1,3,2,2,1,1,2,1,0,3,3,0,0,2,1,0,1,1,0,0,1,0,2,0,1,0,1,0,7,2,0,0,0,0,1,3,0,1,0,12,0,3,3,4,1,0,1,0,3,1,2,0,1,2,0,4,4,12,0,2,2,3,3,0,4,0,1,0,0,0,0,4,4,0,4,1,3,2,0,1,5,0,2,1,1,0,0,0,1,0,0,3,6,1,2,0
0,2,0,0,1,1,0,0,0,2,8,0,4,1,0,0,1,1,5,0,2,5,0,0,0,5,0,0,0,4,4,0,0,0,0,4,0,8,0,0,0,0,0,2,0,10,0,0,0,0,0,0,4,0,0,1,0,0,2,0,1,1,3,1,0,0,1,0,0,3,0,0,0,0,0,0,0,0,0,2,0,0,0,0,0,0,0,0,2,0,0,0,0,0,0,0,0,0,13,0,13,0,0,0,0,0,0,1,3,5,2,0,0,2,0,0,5,0,2,1,0,1,1,2,1,0,0,0,1,5,0,0,1,2,1,0,0,2,2,0,2,0,0,0,7,3,0,4,1,0,2,2,6,0,1,12,0,0,0,1,2,10,0,0,1,3,0,1,0,1,4,0,0,2,2,0,0,1,5,0,1,0,0,0,0,0,0,0,4,2,0,0,0,0,0,0,0,1,0,17,1,1,18,5,1,0,1,2,6,0,0,0,0,22,0,2,0,3,0,4,4,2,1,2,0,0,0,0,0,3,0,9,7,1,3,0,1,0,0,4,0,6,4,0,1,1,3,0,3,0,0,0,6,9,1,0
2,1,1,0,2,3,0,2,0,0,9,1,3,0,0,0,4,3,3,0,4,2,0,0,5,0,5,0,0,1,4,0,0,0,0,5,1,1,0,1,0,1,0,0,0,1,0,1,0,3,2,0,1,3,0,0,8,0,3,0,0,0,3,1,0,0,0,0,4,2,7,0,2,0,0,1,1,0,1,1,0,1,1,0,0,2,0,1,3,1,0,0,0,0,1,1,6,0,4,0,8,0,0,3,7,0,0,0,0,1,0,4,0,2,1,0,0,0,0,3,0,1,8,4,0,3,0,0,0,0,0,0,0,2,2,0,0,0,8,0,0,0,0,0,5,1,2,3,0,0,1,0,4,0,0,1,0,0,1,2,2,6,4,1,1,14,1,1,0,0,1,1,0,2,6,0,0,0,0,0,1,3,0,4,0,0,2,0,2,3,0,0,0,0,0,0,0,3,0,7,0,0,5,4,0,0,0,0,7,1,2,1,1,8,0,3,1,1,0,1,1,1,7,1,0,1,0,0,0,2,3,14,2,0,0,2,1,0,0,11,0,2,1,0,4,0,5,0,1,1,0,0,3,14,0,0
2,0,6,1,0,1,0,2,0,16,0,0,0,1,4,1,4,0,2,1,8,29,1,1,0,3,1,0,0,9,1,0,0,0,0,2,0,0,0,0,0,2,0,0,0,0,0,0,1,2,1,0,1,5,1,1,2,2,2,4,0,0,0,1,2,1,1,2,3,11,22,0,2,1,3,0,0,8,0,2,3,2,3,0,0,2,5,1,1,0,1,2,0,0,3,5,0,1,1,1,0,1,3,6,0,0,0,0,3,0,0,0,0,1,1,2,1,0,0,1,0,1,0,1,0,0,1,0,0,1,1,0,0,1,1,2,0,0,1,0,0,0,0,0,11,1,0,1,0,0,2,0,0,0,0,3,0,1,5,0,1,0,1,0,0,13,1,0,1,0,1,0,0,0,18,2,12,0,0,1,0,6,3,2,0,0,3,2,0,3,0,0,0,0,0,0,1,1,0,1,0,0,1,0,0,0,3,0,1,1,0,1,0,1,1,1,0,0,0,2,1,0,2,1,1,0,1,0,0,0,0,0,0,0,1,2,0,3,2,1,0,0,1,0,1,0,11,0,1,0,4,0,2,7,2,0
1,1,22,0,2,1,4,0,0,6,5,0,2,3,0,0,2,0,2,0,1,25,5,0,1,1,0,0,0,1,0,0,0,0,0,0,0,0,0,0,0,0,0,3,8,2,1,0,0,3,0,0,0,6,0,0,2,0,5,0,0,0,0,4,0,0,0,0,2,14,0,1,0,0,0,0,0,1,0,2,1,4,1,0,1,2,2,0,2,1,0,5,0,1,2,4,0,0,1,0,6,0,1,0,1,1,0,0,0,1,0,5,0,0,0,4,0,1,0,6,0,0,0,3,0,6,2,1,1,0,0,4,1,1,2,0,0,3,5,4,5,0,0,0,3,0,10,0,0,0,1,0,2,3,0,2,0,0,0,2,0,1,0,0,1,4,2,5,0,1,0,0,4,1,1,0,0,0,0,0,2,4,1,0,0,0,1,1,0,2,0,0,0,1,0,0,0,2,0,3,3,3,1,0,0,1,3,0,5,0,1,0,0,5,1,0,0,1,0,1,1,0,1,1,1,0,0,0,2,0,1,8,0,0,1,1,7,0,0,5,0,1,0,2,1,9,10,3,30,1,1,1,2,3,0,0
0,0,0,1,0,0,0,2,0,10,1,0,1,2,7,0,9,0,0,0,8,26,0,0,0,0,1,0,0,6,1,0,0,1,0,0,0,0,0,0,0,1,0,4,0,1,0,1,0,1,0,0,3,6,1,4,6,6,4,11,0,0,0,2,0,2,2,0,5,5,13,2,0,0,1,0,1,1,0,1,1,2,1,0,0,5,3,0,1,3,3,0,0,2,0,6,0,1,1,0,0,1,1,5,1,0,0,0,2,0,0,0,0,0,0,0,0,0,0,1,0,0,0,1,0,0,1,0,1,0,1,2,0,0,0,0,0,0,1,0,3,1,0,0,11,1,0,2,0,0,3,0,0,0,0,3,0,0,5,1,0,0,0,0,0,10,1,0,2,0,0,0,0,0,20,2,17,0,0,0,0,7,2,0,0,1,5,0,0,0,0,0,0,0,0,0,1,0,0,0,0,2,1,0,2,0,1,0,0,2,0,0,0,2,1,1,0,1,0,2,1,0,2,0,0,0,1,0,0,0,0,0,9,0,0,1,0,0,1,0,0,1,2,3,1,0,17,0,0,0,4,0,3,8,2,0
0,0,0,1,1,0,0,1,1,9,12,0,8,2,2,0,0,2,2,0,1,0,3,0,0,2,0,0,0,0,4,0,0,0,0,0,0,1,0,0,0,0,0,2,1,6,0,0,0,0,0,0,3,0,0,1,0,0,0,0,0,1,1,0,0,0,0,0,0,1,1,0,1,0,0,0,3,0,0,2,0,0,1,0,0,1,0,1,3,0,0,0,0,0,0,0,0,0,3,8,16,0,0,0,0,0,0,0,0,0,3,2,0,1,4,0,5,0,2,1,0,1,6,0,0,2,0,1,0,0,0,1,7,3,5,2,0,1,8,0,0,0,0,0,0,4,1,3,4,0,4,1,2,1,0,19,2,0,0,2,4,21,0,0,1,0,0,0,0,0,0,2,0,5,0,0,0,1,2,0,1,1,0,0,1,0,2,0,0,3,0,0,11,0,1,0,0,2,0,14,0,0,7,1,0,0,0,0,4,0,0,0,1,8,2,1,1,5,0,3,2,7,1,0,0,0,0,0,1,0,3,17,8,2,3,3,3,0,0,0,0,7,4,0,0,0,4,0,0,1,0,0,10,0,0,13
1,0,0,1,1,4,0,0,0,1,8,0,3,2,0,0,4,4,5,0,3,15,2,0,2,1,0,0,1,1,2,0,0,0,1,2,5,2,0,3,1,3,0,11,1,6,0,1,10,2,0,0,3,2,4,6,3,0,2,4,0,0,0,5,1,0,1,2,5,7,0,0,0,0,0,0,0,0,0,1,1,2,1,0,0,0,0,0,2,0,0,0,1,1,0,3,0,0,1,1,4,1,0,0,1,0,0,0,0,0,0,0,1,0,0,2,0,0,0,0,0,0,0,0,0,1,0,0,1,4,3,1,0,5,0,0,0,0,8,0,3,0,0,0,4,2,0,4,2,0,1,0,3,1,2,6,0,0,1,0,1,6,0,5,2,5,1,0,0,0,0,0,1,3,14,1,0,0,0,0,1,1,1,0,0,0,0,0,1,0,0,0,2,1,2,3,0,2,0,11,2,0,8,4,0,1,2,0,4,0,0,0,1,14,5,1,0,2,0,1,1,3,5,0,0,0,0,0,0,0,0,10,8,0,2,5,1,0,1,1,0,7,0,3,1,1,9,1,0,4,2,0,6,4,1,2
1,0,0,0,1,0,0,0,0,0,18,0,3,1,0,1,0,4,2,0,1,0,0,0,1,1,0,1,0,0,5,1,0,1,0,0,1,11,0,2,0,0,2,2,0,13,0,0,11,2,0,0,4,1,3,0,1,0,0,0,0,0,0,1,0,2,0,0,1,0,0,0,0,1,0,0,1,0,1,2,0,0,0,0,0,0,0,0,2,0,0,0,0,2,0,0,0,0,0,1,0,2,0,0,0,0,0,0,0,1,1,0,0,0,0,0,1,0,0,0,0,0,0,2,0,0,0,0,0,7,0,1,3,3,6,3,0,0,2,0,1,0,0,0,1,5,0,2,1,0,3,1,4,1,3,12,1,0,0,0,1,8,0,3,2,2,0,1,0,0,0,0,0,3,0,1,3,1,4,0,3,3,0,0,0,0,2,0,2,0,10,0,1,0,0,0,0,2,0,18,0,2,13,2,0,0,0,2,6,1,0,0,0,10,0,8,0,2,0,5,3,6,2,0,0,0,0,2,0,1,0,17,2,0,2,2,0,0,0,1,0,7,8,0,0,0,2,1,2,0,3,0,8,18,0,0
0,1,0,8,0,0,2,0,0,8,4,0,1,3,6,5,5,0,0,2,6,35,0,0,1,0,0,0,0,7,1,0,0,0,0,0,0,0,0,1,1,0,0,0,0,1,0,0,0,0,0,0,0,3,0,1,4,4,4,0,3,0,2,3,0,3,3,0,2,5,1,3,0,0,3,0,4,6,0,1,0,4,1,0,0,4,1,0,1,8,8,4,0,1,1,2,0,0,1,1,0,0,0,6,0,0,0,0,0,0,0,0,0,0,0,0,0,0,0,0,1,0,0,6,0,0,3,0,0,0,1,0,0,0,7,3,0,3,3,0,3,7,1,1,9,0,1,2,1,3,2,0,1,2,1,3,0,0,4,0,0,0,1,0,0,11,1,6,1,0,0,0,0,0,19,0,0,2,0,0,0,4,0,0,0,0,2,0,0,0,2,0,0,0,0,0,0,4,1,0,0,0,4,1,2,0,4,0,0,1,0,0,1,2,0,0,0,0,0,2,1,0,2,0,1,0,1,0,1,0,0,0,0,0,1,1,0,0,1,0,1,0,3,0,0,0,8,6,7,0,0,0,2,4,1,0
1,0,14,2,0,0,4,1,0,7,0,0,0,3,5,0,5,0,0,2,1,30,4,1,0,1,0,0,0,9,0,0,1,0,0,0,0,0,2,0,0,0,0,0,0,0,0,0,0,5,5,0,1,6,0,0,4,1,2,0,1,0,0,1,1,2,2,1,5,7,23,2,1,0,5,0,0,11,0,0,0,4,3,0,0,0,3,1,0,0,0,2,1,1,3,2,0,1,1,0,0,1,2,2,0,0,0,0,1,0,1,0,1,0,0,0,2,0,0,2,0,0,0,4,0,0,3,0,0,0,3,0,0,0,0,2,0,0,3,0,0,1,1,0,7,0,2,1,2,0,0,0,0,6,0,1,0,4,3,0,0,0,1,0,0,10,2,5,3,0,1,0,0,0,8,0,0,0,0,0,1,4,0,0,0,0,4,0,0,1,0,0,0,0,0,0,0,0,1,2,0,9,0,1,0,0,9,0,0,5,1,8,0,1,0,0,0,0,0,1,1,0,0,0,0,0,1,0,0,0,0,0,3,0,0,4,0,1,2,0,0,1,0,1,1,1,17,0,11,0,3,0,0,2,0,1
0,0,11,1,1,0,2,0,0,2,5,0,1,1,10,2,4,0,3,2,14,30,0,0,0,0,1,2,0,1,0,0,0,0,0,1,0,0,1,1,0,2,0,0,0,0,0,2,0,2,0,0,1,3,0,0,4,0,4,0,0,0,0,1,0,1,1,0,5,8,15,1,0,0,0,0,2,1,2,0,0,3,0,1,0,0,2,1,1,2,0,4,0,0,1,2,1,0,1,0,0,2,2,6,0,0,0,0,0,0,0,0,1,0,0,0,0,0,0,0,0,4,1,3,0,1,1,0,1,0,1,1,0,0,1,1,1,1,0,1,6,0,1,0,19,0,0,1,0,0,0,0,0,0,0,2,0,2,0,0,0,0,1,0,0,5,1,1,0,0,0,0,0,0,28,5,0,0,0,1,0,6,0,0,0,0,0,0,1,0,2,0,0,1,3,0,1,0,0,0,0,0,4,3,1,0,5,0,5,2,1,0,1,4,1,1,1,0,2,2,1,0,1,0,0,0,0,0,0,0,0,2,1,0,0,6,1,0,0,0,0,0,1,10,2,0,5,0,2,0,1,0,0,6,2,0
0,0,9,0,0,0,0,0,0,5,2,0,0,3,2,0,5,0,1,0,3,29,3,0,0,0,1,0,0,3,1,1,0,0,2,0,2,5,0,2,0,2,0,3,0,0,0,0,0,2,2,0,0,5,0,3,5,10,4,5,0,0,0,3,2,1,1,1,4,10,23,0,1,0,0,0,1,5,3,0,1,7,2,0,1,0,5,2,0,0,2,1,0,1,0,6,0,0,2,0,0,1,3,4,2,0,0,0,0,1,0,0,1,0,0,0,1,0,0,0,0,0,0,1,0,0,2,0,0,0,2,0,0,0,1,0,0,0,0,5,3,0,0,1,3,0,1,0,0,0,0,0,0,0,0,1,1,1,1,0,0,4,0,1,0,9,2,2,2,1,1,0,0,0,12,0,9,0,0,0,0,5,0,1,0,1,5,1,0,0,0,0,0,0,0,0,1,0,1,2,0,2,0,1,1,0,2,0,0,3,0,2,1,0,0,0,0,0,1,3,1,0,0,1,0,0,1,0,3,0,0,0,0,0,0,3,0,0,1,0,0,2,0,3,1,0,16,0,26,0,2,0,0,3,1,3
0,0,0,0,0,0,0,0,0,0,1,0,0,0,0,0,0,0,0,0,1,0,0,0,0,0,0,1,0,0,4,0,0,0,0,0,0,0,0,0,0,0,0,0,0,1,0,0,0,0,0,0,0,0,0,0,0,0,0,0,0,0,0,0,0,0,0,0,1,0,0,0,0,0,0,0,0,1,0,2,0,0,0,0,0,0,0,0,2,0,0,0,0,0,0,0,0,1,0,1,0,0,0,0,0,0,0,0,0,0,0,0,0,0,0,0,0,0,0,0,0,0,0,1,0,0,0,0,0,0,0,0,1,1,2,0,0,0,2,0,0,0,1,1,0,0,0,3,0,0,4,0,0,0,0,0,2,0,0,0,0,0,1,0,0,0,0,0,0,0,0,0,0,0,0,0,2,2,0,0,0,0,0,0,0,2,0,0,1,1,0,0,0,0,0,0,0,1,1,2,0,0,0,0,0,0,0,1,0,2,0,0,0,1,0,0,0,1,0,1,1,1,1,0,0,0,0,0,0,0,0,0,0,0,0,0,0,0,0,0,0,0,1,0,0,0,0,0,1,0,1,0,5,0,0,0
0,0,0,0,0,0,0,0,0,0,1,1,1,0,0,0,0,0,0,0,0,0,0,0,0,0,1,0,0,0,2,0,0,1,0,0,0,0,1,0,0,0,0,0,0,2,0,0,0,0,0,0,0,0,0,0,0,0,0,0,0,0,0,0,0,2,0,0,0,0,0,0,2,0,0,0,0,0,0,4,0,0,0,0,0,0,0,0,2,0,0,0,2,0,0,0,0,0,0,1,2,0,0,0,0,0,0,0,0,0,0,0,0,0,0,0,2,0,1,1,1,1,0,0,0,0,0,0,0,0,0,0,0,0,0,0,0,0,2,0,0,0,1,0,0,1,0,2,0,0,3,0,0,0,0,1,0,0,0,0,0,0,0,0,0,0,0,0,0,0,0,0,0,0,0,0,1,0,0,0,0,0,0,0,0,2,0,0,0,1,0,0,0,0,0,0,0,0,0,1,0,0,0,0,0,0,0,0,0,0,0,0,0,0,0,0,0,0,0,2,0,0,1,0,0,0,0,0,0,0,0,1,0,0,0,0,0,0,0,1,0,0,2,0,0,0,0,0,0,0,0,0,3,0,0,0
0,0,0,0,0,0,0,0,0,0,0,0,0,0,0,0,0,0,0,0,0,0,0,0,0,0,0,0,0,0,1,0,0,0,0,0,0,0,0,0,0,0,0,0,0,2,0,0,0,0,0,0,0,3,1,0,1,0,1,0,0,0,0,0,0,0,0,0,1,4,0,0,0,0,0,1,0,0,0,1,0,1,1,0,0,0,2,0,1,0,0,0,0,1,0,0,0,0,1,0,0,0,0,0,0,0,0,0,0,0,0,1,0,0,0,0,0,0,0,0,0,0,0,0,0,0,1,0,0,0,0,0,0,0,0,0,0,0,1,0,0,0,0,0,0,1,0,2,0,0,1,0,0,0,0,0,2,0,1,1,0,0,0,0,0,0,1,0,0,0,0,0,0,0,0,0,0,0,0,0,0,0,0,0,0,0,0,0,1,0,0,0,0,0,0,1,0,0,0,0,0,0,0,0,0,0,0,0,0,0,0,0,0,0,0,0,0,0,0,1,1,0,0,0,0,0,0,0,0,0,0,0,0,0,0,1,0,3,0,0,0,1,0,2,1,1,4,0,1,0,0,0,1,2,0,0
1,0,0,0,0,0,0,0,0,0,0,0,2,0,0,0,0,0,1,0,0,0,1,0,0,0,0,0,0,0,2,0,0,0,0,0,0,0,0,0,0,0,0,0,0,2,0,0,0,0,0,0,0,0,0,1,0,0,0,0,0,0,0,0,0,2,0,0,0,1,0,0,0,0,0,1,0,0,0,3,0,0,0,0,0,2,0,0,2,0,0,0,1,0,0,0,0,0,0,0,1,0,0,0,0,0,0,0,0,0,0,0,0,0,0,1,0,0,0,0,0,0,0,0,0,0,0,0,0,0,0,0,1,0,0,0,0,0,2,0,0,0,0,0,0,1,0,2,0,0,2,0,0,0,0,1,1,0,0,1,0,1,0,1,1,0,0,1,0,0,0,0,0,0,0,0,0,1,0,0,0,0,0,0,0,0,1,0,0,2,0,0,0,0,0,0,0,0,0,1,0,0,0,0,0,0,0,1,0,1,0,1,0,0,0,0,0,0,0,2,1,0,0,0,0,0,0,0,0,0,0,0,1,0,1,0,0,0,0,1,1,0,2,0,0,0,1,0,0,0,2,0,4,0,1,0
1,0,0,0,0,0,0,0,0,0,1,0,1,0,0,0,0,0,0,0,1,0,0,0,0,0,0,0,0,0,2,0,0,0,2,1,0,0,0,0,0,0,0,1,0,3,0,0,1,0,0,0,0,0,0,0,0,0,0,0,0,0,0,0,0,1,0,0,0,0,0,0,0,0,0,0,0,0,0,3,0,0,0,0,0,0,0,0,2,0,0,0,0,0,0,0,0,0,0,0,0,0,0,0,0,0,0,0,0,0,0,0,0,1,0,0,0,0,0,0,0,0,0,0,0,2,0,0,1,0,0,0,0,0,0,1,0,0,2,0,0,0,0,0,0,1,0,2,1,0,4,0,0,0,0,2,1,0,0,0,0,0,0,0,0,0,0,0,0,0,0,0,0,0,0,0,0,0,0,0,0,0,0,0,0,1,0,0,0,0,0,0,0,0,2,0,0,0,0,3,0,0,0,0,0,0,0,0,0,0,0,1,0,0,1,0,0,1,0,1,1,0,1,0,0,0,0,0,0,1,0,3,0,0,2,0,0,0,0,0,0,0,3,0,0,0,0,0,0,0,0,0,5,0,0,0
0,0,0,0,0,0,0,0,0,0,0,0,0,0,0,0,0,0,0,0,0,0,0,0,0,0,0,1,0,0,2,0,0,0,0,0,0,0,0,0,0,0,0,0,0,2,0,0,0,0,0,0,0,0,0,0,0,0,0,0,0,0,0,0,0,0,0,0,0,0,0,0,0,0,0,0,0,0,0,2,0,0,0,0,0,2,0,0,2,0,0,0,1,0,0,0,1,0,0,0,2,0,0,0,0,0,0,0,0,0,0,2,0,1,0,0,3,0,0,0,0,0,0,0,0,2,0,0,0,1,0,0,0,0,1,1,0,0,2,0,0,0,0,0,0,2,0,3,0,0,2,0,0,0,1,0,1,0,0,0,1,0,0,3,0,0,0,0,0,0,0,0,0,0,0,0,0,2,0,0,0,0,0,0,0,0,0,0,0,0,0,0,0,0,0,0,0,0,0,1,0,1,0,0,0,0,0,0,0,0,0,0,0,0,1,0,0,0,0,3,1,0,2,0,0,0,0,0,0,0,1,0,0,0,1,0,5,0,2,3,3,0,5,0,0,1,0,0,0,0,1,0,6,0,0,0
0,0,0,2,0,0,1,0,2,0,0,1,3,0,0,0,0,0,0,0,1,0,0,0,0,0,0,0,0,0,3,0,0,0,0,0,0,0,0,0,0,0,0,0,0,2,0,0,0,0,0,0,0,0,0,0,0,0,0,0,0,0,1,0,0,2,0,0,2,0,0,0,0,0,0,2,2,0,1,5,0,0,0,0,0,0,0,0,2,0,0,0,1,0,0,0,0,0,0,0,1,0,0,1,0,0,0,0,0,0,0,0,0,0,0,1,0,0,0,0,0,0,1,0,0,0,0,0,0,0,0,1,0,0,1,0,0,0,3,0,0,0,0,0,0,1,0,2,0,0,4,0,0,0,0,3,1,0,0,0,0,0,0,0,0,0,1,0,0,0,0,0,0,0,0,0,0,0,0,0,1,0,0,0,0,0,0,0,2,0,0,0,0,0,0,0,0,0,0,2,0,0,2,0,0,0,0,0,0,2,0,0,0,2,0,0,0,1,0,7,1,0,2,0,0,0,0,0,0,0,0,1,0,0,0,0,0,3,0,0,0,0,0,0,0,0,0,0,1,0,0,1,6,0,0,0
0,0,0,0,0,1,0,0,0,0,0,0,1,0,0,0,0,0,0,0,0,0,0,0,1,0,0,0,1,0,1,1,0,0,0,0,0,0,0,0,0,1,0,1,2,0,0,0,1,0,0,0,0,1,0,2,0,0,0,0,0,0,0,0,1,0,0,0,0,0,0,0,0,0,0,0,0,0,1,2,0,0,0,0,0,1,0,0,1,0,0,0,0,0,0,1,0,0,0,0,3,0,0,0,0,0,1,0,0,3,0,0,0,2,2,0,1,0,0,1,0,1,0,0,0,0,0,0,0,0,0,0,0,0,1,0,0,0,1,0,1,1,0,0,0,0,0,1,0,0,1,0,0,0,0,0,1,0,0,0,0,0,0,0,0,0,0,0,0,0,0,0,0,0,0,0,0,0,0,0,0,0,0,0,0,0,0,0,0,0,0,0,0,0,0,0,0,0,0,4,1,0,0,0,0,0,2,0,0,0,1,0,0,2,0,0,0,0,0,3,1,1,1,0,2,2,0,0,0,0,0,1,0,0,0,0,0,0,0,1,0,0,1,0,0,0,0,0,0,1,1,1,3,0,1,0
0,0,0,0,0,0,0,0,0,0,1,0,1,0,0,0,0,0,0,0,0,0,0,0,0,0,0,0,0,0,1,0,0,0,0,0,0,0,0,2,1,0,0,0,0,2,0,1,0,0,0,0,0,0,0,0,1,0,1,0,0,0,0,0,0,0,0,0,1,1,0,0,0,0,0,0,0,0,0,1,0,1,1,0,0,0,0,0,1,0,0,0,0,0,0,1,0,0,0,0,1,0,1,0,0,0,0,0,0,0,0,0,1,0,0,0,0,0,0,0,0,0,0,3,0,0,1,0,0,0,0,0,0,0,1,0,0,2,1,0,0,0,0,0,0,1,0,1,0,1,1,0,0,0,0,1,2,0,0,0,0,0,0,0,0,0,1,0,1,0,1,0,1,0,0,0,0,0,0,0,1,0,0,2,1,0,0,0,0,0,0,0,0,0,2,0,0,1,0,2,0,1,1,0,0,0,0,0,0,0,0,0,0,0,0,0,0,0,0,1,1,0,1,0,0,0,0,0,0,0,3,0,0,0,0,1,0,0,0,0,0,0,1,0,0,0,3,0,0,0,0,0,2,0,0,0
0,0,0,0,0,0,1,0,0,0,0,0,1,0,0,0,1,0,0,0,0,0,0,0,0,0,0,0,0,0,1,0,0,0,0,0,0,0,0,0,0,0,0,0,0,1,0,0,0,3,0,0,0,3,0,1,1,0,1,0,0,0,0,0,0,1,0,0,1,3,1,0,0,0,0,0,0,0,0,1,0,2,1,0,0,1,1,0,1,0,0,0,0,1,0,1,0,0,1,0,0,0,0,1,0,0,0,0,0,0,0,0,1,0,0,0,0,0,0,1,0,0,0,0,0,0,0,0,0,0,0,0,0,1,0,0,0,0,1,0,0,0,0,0,1,0,2,1,1,0,1,0,0,0,0,1,0,0,0,0,0,2,0,0,0,0,1,0,0,0,0,0,0,0,0,0,1,0,0,0,0,0,0,0,0,0,1,0,0,2,0,0,1,0,0,0,0,1,0,1,0,1,0,2,0,0,0,0,1,1,1,1,2,1,0,1,0,1,0,2,1,0,0,0,0,0,0,0,0,0,0,0,0,0,1,2,1,1,0,0,0,0,0,2,0,0,3,0,0,0,0,0,1,2,0,0
0,0,0,0,0,0,0,0,0,0,0,2,1,0,0,0,0,0,0,0,1,0,0,0,0,0,0,0,0,0,3,0,0,0,0,0,0,0,0,0,0,0,0,0,0,0,0,0,0,0,0,0,0,0,0,0,0,0,0,0,0,0,0,0,0,0,0,0,0,0,0,0,0,0,0,2,1,0,0,2,0,0,0,0,0,0,0,0,2,0,0,0,0,0,0,0,0,0,0,0,1,0,0,0,0,0,0,0,0,0,0,0,0,0,0,0,0,1,0,0,0,0,0,0,0,0,0,0,0,0,0,0,1,0,0,0,0,0,2,0,0,0,0,0,0,1,0,2,0,0,5,0,0,0,0,1,1,0,1,0,1,0,1,1,0,0,0,0,0,0,0,0,0,0,0,0,0,1,0,0,0,0,0,0,0,0,1,0,0,1,0,0,0,0,0,0,0,0,0,1,0,0,0,0,0,0,0,0,0,1,0,1,2,1,1,0,0,1,1,2,2,0,1,0,0,0,0,0,0,0,0,1,0,0,0,0,0,0,0,0,0,0,2,0,0,0,0,0,0,0,0,0,3,0,0,0
0,0,0,0,0,0,0,0,0,0,0,1,1,0,0,0,0,0,1,0,0,0,0,0,0,0,0,0,0,0,3,0,0,1,0,1,0,0,0,0,0,0,0,1,1,1,0,0,0,0,0,0,0,1,0,0,0,0,1,0,0,0,0,0,0,0,0,0,1,3,0,0,0,0,0,1,0,0,0,1,0,2,0,0,0,0,0,0,2,0,0,1,0,0,0,0,0,0,0,0,0,0,1,0,1,0,0,0,1,0,0,2,0,0,0,0,2,0,0,0,3,0,0,0,0,0,2,0,0,0,0,0,0,1,1,0,1,0,1,1,1,0,0,0,0,0,0,1,0,0,3,0,2,0,0,2,0,0,1,0,0,0,0,0,0,0,0,0,0,0,0,0,0,0,0,2,1,2,0,0,0,0,0,0,0,0,0,0,0,2,0,0,0,0,0,0,0,0,0,2,0,0,0,0,0,0,0,0,1,0,0,0,0,0,0,1,0,0,2,2,2,0,2,0,0,0,0,0,0,0,0,1,1,0,1,0,0,0,1,0,1,0,2,0,0,0,1,0,0,1,0,0,7,1,0,1
0,0,0,0,0,0,0,0,0,0,0,0,1,0,0,0,0,0,0,0,0,0,0,0,0,0,0,0,0,0,2,0,0,0,0,0,1,0,0,0,0,0,0,0,0,0,0,0,3,2,0,0,0,0,0,0,0,0,0,0,0,0,0,0,0,0,0,0,0,0,0,0,0,0,0,0,0,0,0,2,0,0,0,0,0,0,0,0,2,0,0,0,0,0,0,0,0,0,1,0,4,0,0,0,0,0,0,0,2,0,0,0,0,0,0,0,2,0,0,0,2,0,0,0,0,0,2,0,0,0,0,0,0,0,0,0,0,0,2,0,0,0,0,0,0,0,0,2,0,0,2,0,1,0,0,0,0,0,0,0,1,0,0,1,1,0,0,0,1,0,0,0,0,0,0,0,0,1,0,0,0,0,0,0,0,0,0,0,0,0,0,0,0,0,0,0,0,0,1,4,0,0,0,0,0,1,0,0,0,0,0,0,0,0,0,0,0,0,0,5,2,1,4,0,0,0,0,0,1,0,0,1,0,0,0,0,4,0,0,2,0,0,1,0,0,1,2,0,0,0,0,0,4,0,0,0
0,0,0,0,0,0,0,0,0,0,0,0,0,0,0,0,0,0,0,0,0,0,0,0,1,0,0,0,0,0,1,0,0,0,0,0,0,2,0,1,0,0,0,0,0,0,1,3,0,0,3,0,0,2,0,0,1,1,3,1,0,0,0,0,0,0,0,0,1,2,0,0,0,0,0,0,0,0,0,1,0,1,2,0,0,0,0,0,1,0,0,0,0,0,0,1,0,0,1,0,0,0,0,0,0,0,0,0,0,0,0,2,0,0,0,0,0,0,0,1,0,0,0,2,0,2,2,0,1,1,0,0,0,0,0,0,0,0,0,0,0,0,0,0,0,1,0,1,0,0,1,0,0,0,0,2,1,0,0,1,0,0,0,0,0,0,1,0,0,0,0,0,0,0,1,0,0,0,0,0,0,1,0,0,0,0,0,0,0,0,0,0,1,1,0,0,0,0,0,2,0,0,0,0,0,0,0,0,0,0,0,0,0,1,0,0,0,0,0,1,1,0,0,0,0,0,0,3,0,0,0,0,1,0,0,1,1,0,1,0,0,0,0,0,0,2,2,0,0,0,0,0,3,0,0,0
0,0,0,0,0,0,0,0,0,0,2,0,1,0,0,0,1,0,0,0,0,0,2,0,0,0,0,0,0,0,3,0,0,0,0,0,0,0,0,0,0,0,0,0,0,1,0,0,0,0,0,0,0,0,0,1,0,0,0,0,0,0,0,0,1,0,0,0,0,0,0,0,0,0,0,0,0,0,0,2,0,0,0,0,0,0,0,0,2,0,0,0,0,0,0,0,0,1,0,1,1,1,0,0,1,0,0,0,0,0,0,0,0,1,0,0,1,0,0,0,0,1,0,0,0,0,0,0,0,0,0,0,0,0,2,1,1,0,3,0,0,0,0,0,0,0,0,2,0,0,3,0,0,0,0,2,1,0,0,0,0,0,0,0,0,0,0,0,0,0,0,0,0,0,0,0,0,0,0,0,0,0,0,0,1,0,0,0,1,0,0,0,0,0,0,0,0,0,0,1,0,0,0,0,0,0,0,0,0,0,1,0,0,0,0,0,0,4,0,2,1,2,1,0,0,2,0,0,0,0,0,1,0,0,0,1,0,0,0,0,1,0,0,0,0,0,1,1,0,0,1,0,3,0,0,0
2,0,0,0,1,0,0,0,0,0,0,0,0,0,0,0,0,0,0,0,0,1,1,0,3,0,0,0,1,0,2,0,0,0,0,0,0,0,0,0,0,0,0,0,0,5,0,0,0,1,0,0,0,0,1,1,0,0,1,0,0,0,1,0,0,0,0,0,1,2,0,0,0,0,0,0,0,0,0,1,0,1,0,0,0,1,0,0,2,0,0,0,0,0,0,0,0,0,0,0,0,0,0,0,1,1,0,0,0,0,0,0,0,0,0,0,0,0,0,0,0,0,0,0,0,1,2,1,0,1,0,0,0,1,0,0,0,0,1,0,0,0,0,0,0,1,0,2,1,0,2,0,0,0,0,2,0,0,1,0,0,0,0,1,0,0,0,0,0,0,1,0,0,0,2,1,1,0,0,0,0,0,0,0,0,0,0,0,0,0,0,0,0,0,0,0,0,0,0,0,0,0,0,0,0,0,0,0,0,0,0,0,0,0,0,2,0,0,1,2,2,0,0,0,0,0,0,0,0,0,0,1,4,0,1,0,0,0,0,0,0,1,0,0,0,0,0,0,0,0,0,0,3,2,0,0
0,0,0,0,0,0,0,0,0,0,0,0,0,0,0,0,0,0,1,0,0,0,0,0,0,0,0,1,0,1,2,0,0,1,0,0,0,0,0,0,0,0,0,0,0,0,0,0,0,0,0,0,0,0,0,0,0,0,0,0,0,0,0,0,0,0,0,0,1,0,0,0,1,0,0,1,2,0,0,2,0,0,0,0,0,1,0,0,2,0,0,0,1,0,0,0,0,0,0,1,0,0,0,0,0,0,0,0,0,0,0,0,0,0,0,0,1,0,0,0,0,0,0,0,0,0,0,0,0,0,0,0,0,0,0,1,0,0,2,0,0,1,1,0,0,2,0,2,0,0,4,0,2,0,0,2,0,0,0,0,0,0,0,0,0,0,1,0,0,0,0,0,0,0,0,0,0,0,0,0,0,0,0,0,0,0,0,0,0,0,0,0,0,0,0,0,0,0,0,1,0,0,0,0,0,0,0,0,0,1,0,0,0,0,0,0,0,1,0,3,1,0,1,0,0,0,1,0,0,0,0,0,0,0,0,0,0,0,0,0,0,0,2,0,0,0,0,0,0,1,0,0,4,3,0,0
1,0,0,0,0,0,0,0,0,0,0,0,1,0,0,0,0,0,0,0,0,0,0,0,0,0,0,1,0,0,2,0,0,0,0,0,0,0,0,0,0,0,0,0,1,1,0,0,0,0,0,0,0,0,0,0,0,0,0,0,0,0,0,0,0,0,0,0,0,1,0,0,0,0,0,0,0,0,0,2,0,0,0,0,0,0,0,0,2,0,0,0,1,0,0,0,0,0,0,0,2,0,0,0,0,0,0,0,0,0,0,1,0,0,0,0,1,0,0,0,0,0,0,0,0,1,0,0,0,0,0,0,2,0,0,1,0,1,4,0,3,1,0,0,0,1,0,2,1,0,2,0,1,0,0,6,2,0,0,0,0,0,1,1,1,0,0,1,0,0,0,0,0,0,0,0,0,0,0,0,2,0,0,0,0,0,0,0,2,0,0,0,0,0,0,0,0,0,0,2,0,0,0,0,0,0,0,0,0,0,0,0,0,1,0,0,0,1,0,2,1,1,1,0,0,0,0,0,1,0,0,0,0,0,0,0,0,0,0,0,0,1,3,0,0,0,0,0,0,0,0,0,5,0,0,0
0,0,0,0,1,0,0,0,0,0,0,0,0,0,0,0,0,0,1,0,0,1,1,0,0,0,1,0,1,0,0,0,0,0,0,1,0,0,0,1,0,0,0,0,0,0,0,0,0,1,0,0,0,1,0,0,2,0,2,0,0,0,0,0,0,0,0,0,2,3,0,0,0,0,0,0,0,0,0,0,0,2,1,0,0,0,1,0,0,0,0,0,0,0,0,0,0,0,0,0,0,0,0,0,0,0,0,0,0,1,0,0,0,0,0,1,0,0,0,0,0,0,0,0,2,0,1,0,0,0,1,0,0,0,0,1,0,0,0,0,0,0,0,0,0,0,0,0,0,0,0,0,0,0,0,0,0,0,0,0,0,0,1,0,0,0,2,0,0,0,0,0,0,0,2,0,0,0,0,0,0,0,1,0,0,0,0,1,0,0,1,0,0,0,0,0,0,0,0,0,0,0,0,1,0,0,0,0,0,0,0,0,1,0,0,0,1,0,0,0,1,0,0,0,0,0,0,0,1,1,0,0,1,0,0,2,1,1,0,0,1,0,0,0,0,0,6,0,0,0,0,0,0,0,0,0
0,0,0,0,0,0,0,0,0,0,2,0,0,0,0,0,0,0,0,0,0,0,0,0,0,0,0,0,1,0,4,0,0,0,0,0,0,0,0,0,0,0,0,0,0,1,0,0,0,0,0,0,0,0,0,0,0,0,0,0,0,0,0,0,0,0,0,0,0,1,0,0,0,0,0,0,0,0,0,2,0,0,0,0,0,0,0,0,3,0,0,0,1,0,0,0,0,0,0,0,2,0,0,0,0,0,0,0,0,0,0,1,0,1,0,2,2,0,0,0,0,1,0,0,0,0,1,0,0,0,0,0,0,0,1,0,0,0,2,0,1,0,0,0,0,0,0,3,0,0,2,0,0,0,0,0,0,0,0,0,0,0,0,1,0,0,0,0,0,0,1,0,0,0,0,0,2,1,0,0,0,0,0,0,0,2,1,0,2,1,0,0,0,0,0,1,0,2,0,3,0,0,1,0,0,0,0,0,0,1,0,0,0,1,0,0,0,2,0,2,0,2,0,0,0,0,0,0,0,0,0,0,0,0,0,0,0,0,0,0,0,0,1,0,0,0,0,0,0,0,1,0,2,0,0,0
0,0,0,0,0,0,0,0,0,0,0,1,2,0,2,0,0,0,1,0,0,1,0,0,0,0,0,0,0,0,1,0,0,0,0,1,0,0,0,0,0,0,1,0,1,1,2,0,1,1,1,0,0,1,0,0,1,0,1,0,0,0,0,0,0,1,0,0,1,0,1,0,0,0,0,0,0,0,0,1,0,1,0,0,0,0,0,0,1,0,0,0,0,0,0,0,0,0,2,0,1,0,0,0,0,0,0,0,0,0,0,1,0,1,0,0,0,0,0,0,0,0,0,0,0,0,1,0,0,0,0,0,0,0,0,0,0,0,1,0,0,0,0,0,0,0,0,1,0,0,2,0,0,0,0,1,0,0,0,1,0,0,0,0,0,0,1,0,0,0,0,0,0,0,0,0,1,0,0,0,2,1,0,0,0,0,1,0,0,1,0,0,0,0,0,0,0,0,0,0,0,0,0,0,0,1,0,0,0,0,1,0,0,0,0,0,0,1,0,1,1,0,0,0,0,0,0,0,0,0,1,1,0,0,0,1,0,0,0,0,0,0,0,0,0,0,2,0,0,0,0,0,1,0,0,0
0,0,0,0,0,0,0,0,1,0,0,2,0,0,2,0,0,0,0,0,1,1,0,0,0,0,0,0,0,0,0,0,2,0,1,0,0,0,0,0,0,1,1,0,0,0,0,0,0,1,1,2,0,3,0,0,2,1,2,2,0,0,0,0,0,0,0,0,2,2,1,0,0,0,0,0,0,1,0,0,0,1,0,0,0,0,0,0,0,0,0,0,0,0,0,0,0,0,1,0,0,2,1,0,0,0,0,0,0,1,0,0,0,0,0,0,0,0,0,0,0,1,0,0,3,0,1,0,0,0,0,0,0,0,0,0,0,0,0,1,0,0,0,0,0,0,0,0,0,0,0,0,0,0,0,1,0,0,0,0,0,0,0,0,0,0,1,0,0,0,0,0,0,0,0,0,0,0,0,0,0,0,0,0,0,0,0,0,0,0,0,0,0,0,0,1,1,2,0,0,0,0,0,0,0,0,0,0,0,0,0,0,0,0,0,0,0,0,0,0,0,0,0,0,0,0,1,1,0,0,1,0,0,1,0,2,0,0,2,1,0,0,0,0,3,0,4,3,0,2,1,0,0,0,0,0
0,0,0,0,1,0,0,0,0,0,0,0,0,0,0,0,0,0,1,0,0,0,0,0,0,0,0,0,0,0,1,0,0,0,0,0,0,1,0,1,0,0,0,0,0,1,0,0,0,2,2,0,0,4,0,1,1,0,2,0,1,0,0,0,0,0,0,0,1,2,0,0,0,0,0,0,0,0,0,1,0,1,1,0,1,0,0,0,1,0,0,0,0,0,0,0,0,0,3,0,1,1,0,0,0,0,0,0,0,0,0,0,0,0,0,0,0,2,0,0,0,0,0,0,0,0,3,0,1,0,0,0,1,0,0,0,0,0,0,0,0,0,0,0,0,1,0,1,0,0,1,0,0,0,0,2,1,0,0,0,0,0,1,0,0,0,1,0,0,0,0,0,0,0,0,1,0,0,0,0,0,0,0,1,1,0,0,2,0,0,0,0,0,0,0,0,0,0,0,0,0,1,0,1,0,0,1,0,0,0,0,1,0,1,0,2,0,0,0,1,1,0,1,0,0,0,0,0,0,1,1,1,2,0,0,2,1,0,0,0,0,1,0,1,0,1,4,0,0,0,0,0,2,1,0,0
0,0,0,0,0,0,1,0,0,0,0,0,0,1,0,0,0,0,1,0,2,0,0,0,0,0,0,0,0,0,0,0,0,0,0,0,0,0,0,0,0,0,0,0,0,0,1,0,0,1,0,0,0,2,0,0,2,0,2,0,0,0,0,0,0,0,0,0,2,4,0,0,0,0,0,0,2,0,0,0,0,2,2,0,0,2,1,0,0,0,0,0,0,0,0,0,0,0,4,0,1,0,1,0,0,0,0,0,0,0,0,1,0,0,0,0,0,0,0,0,0,0,0,0,0,0,3,0,0,0,0,0,0,0,3,0,0,0,0,0,0,0,0,0,2,0,0,0,0,0,0,0,1,0,0,0,0,0,0,0,0,0,0,0,0,0,2,0,0,2,0,0,0,0,0,0,0,0,0,1,0,0,0,2,3,0,0,0,0,0,0,0,0,0,0,0,0,0,0,0,0,0,0,0,0,0,0,0,0,0,0,0,0,0,0,0,0,0,0,0,0,0,0,0,1,0,0,0,0,0,2,1,1,1,0,2,1,1,0,0,0,0,0,0,1,0,6,0,0,0,0,0,1,0,0,0
0,0,0,0,0,1,0,0,1,0,0,0,0,0,0,0,0,0,0,0,0,0,2,0,0,0,1,1,1,0,1,0,1,1,0,0,1,0,1,1,0,0,0,0,1,1,0,0,0,1,0,0,0,3,0,0,1,0,2,0,0,0,0,0,0,0,2,2,2,2,0,0,1,0,0,0,0,0,0,1,0,1,1,0,0,0,1,0,1,0,0,0,0,0,0,0,0,0,0,0,0,0,0,0,0,0,1,0,0,0,0,0,0,0,1,0,1,1,0,0,0,0,0,0,0,0,1,0,0,0,0,0,0,0,0,0,0,0,0,1,0,0,0,0,0,0,0,0,0,1,1,0,0,0,1,0,1,0,0,0,0,0,1,0,0,0,1,0,0,0,0,0,0,0,0,0,2,0,0,0,1,0,0,0,0,0,0,1,0,0,1,0,0,0,0,0,0,0,0,0,1,1,1,3,0,0,0,0,0,0,0,1,1,1,0,0,0,0,0,3,1,0,2,0,0,0,0,0,0,0,1,0,0,1,1,1,0,0,0,0,0,0,0,1,0,0,3,0,0,0,1,0,2,1,0,0
0,0,0,0,0,0,0,0,1,0,0,0,2,0,0,0,0,0,0,0,1,0,0,0,0,0,0,0,0,1,1,0,0,0,1,0,1,0,0,0,0,0,0,0,0,2,0,0,0,0,0,0,0,0,0,0,0,0,0,0,1,0,0,0,0,0,0,0,0,0,0,0,0,0,0,0,0,0,0,1,0,0,0,0,0,0,0,0,1,0,0,0,0,0,0,0,0,0,0,0,0,1,1,0,0,0,0,0,0,0,0,0,0,0,0,0,1,0,0,4,0,0,0,0,0,0,0,0,0,0,0,0,2,0,1,0,0,0,1,0,0,0,2,0,0,0,0,1,2,0,1,0,0,0,0,2,1,0,0,0,0,1,0,2,0,1,1,0,0,0,2,0,0,0,0,0,0,1,0,0,0,0,0,1,1,0,0,3,0,0,0,0,4,0,0,1,0,2,0,1,1,1,0,0,0,0,0,0,1,1,0,0,0,2,0,0,0,0,0,2,1,0,1,0,0,0,1,1,0,0,0,1,0,0,0,0,3,0,0,1,0,0,1,0,1,0,1,0,0,1,0,0,5,0,0,0
0,1,0,0,0,0,0,0,4,1,1,0,2,0,1,0,0,2,0,0,1,2,0,0,0,0,0,0,3,0,2,0,0,2,0,0,0,0,3,0,0,0,0,0,0,1,0,0,0,0,0,0,0,0,0,0,0,0,0,0,0,0,0,0,0,1,0,0,0,0,0,0,1,0,0,0,0,0,0,3,0,0,0,0,0,0,0,0,2,0,0,0,0,0,1,0,0,0,1,4,0,0,0,0,0,0,0,0,1,0,0,1,0,0,0,0,0,0,0,0,0,0,1,0,0,0,0,0,0,0,0,0,0,0,1,0,0,0,2,0,0,0,0,0,0,0,0,2,0,0,4,0,0,0,0,0,0,0,0,2,0,0,3,0,0,0,0,0,0,0,0,1,0,0,0,0,2,0,0,0,0,0,2,0,0,1,0,0,0,1,0,0,0,0,0,0,2,0,0,6,0,0,0,0,0,1,1,0,0,0,0,0,0,0,0,1,0,0,0,3,2,0,3,0,0,0,0,0,1,0,0,0,0,0,0,0,0,0,0,0,2,0,4,0,0,0,0,0,0,0,2,0,5,0,0,0
0,0,0,0,0,0,1,0,0,0,0,0,2,0,0,0,1,0,0,0,1,0,0,0,0,0,0,0,0,1,2,0,0,0,0,0,0,0,0,0,0,0,0,0,0,1,0,0,0,0,0,0,0,0,0,0,0,0,0,0,0,0,0,0,0,0,0,0,0,0,0,0,0,0,0,0,0,0,0,4,0,0,0,0,0,0,0,0,2,0,0,0,0,0,0,0,0,0,0,1,0,0,0,0,0,0,0,0,0,0,0,0,0,0,0,0,0,0,0,0,0,0,0,0,0,0,0,0,0,0,0,0,0,0,0,0,0,0,2,0,0,0,0,0,0,0,0,2,0,0,2,0,0,0,0,0,1,0,0,2,0,0,1,0,0,0,1,0,0,0,1,0,0,0,0,0,0,1,0,0,0,0,0,0,0,0,0,0,0,0,0,0,0,0,2,0,0,0,0,3,0,1,1,0,0,0,0,0,0,1,0,0,0,0,0,0,0,0,1,2,1,1,0,0,0,0,0,0,0,0,0,1,1,0,1,0,0,0,0,0,0,0,2,0,0,0,0,1,0,2,0,0,4,0,2,0
1,0,0,0,0,0,0,0,0,0,0,1,0,0,0,0,0,0,0,0,1,0,0,0,0,0,0,0,1,0,1,0,0,0,0,0,0,0,0,3,0,0,0,0,0,0,0,0,0,2,0,0,0,3,0,0,1,0,1,0,0,0,0,0,0,0,0,0,1,2,0,0,1,0,0,0,0,0,0,1,0,1,1,0,0,0,0,0,1,0,0,0,1,0,0,0,0,0,2,0,0,0,0,0,0,0,0,0,0,0,0,0,2,0,0,0,0,0,0,0,0,1,0,0,0,0,0,0,1,0,0,0,0,0,0,0,0,0,1,0,2,0,0,0,0,2,0,1,0,0,2,0,0,0,0,0,0,0,0,0,0,0,0,0,0,0,1,0,0,0,0,0,0,0,0,0,0,0,0,0,0,0,0,0,0,0,0,0,0,0,0,0,0,0,0,0,0,0,0,0,0,1,0,3,0,0,0,0,0,1,0,0,1,0,0,0,0,0,0,1,0,0,1,0,1,0,0,0,0,0,1,0,0,0,0,1,0,0,0,0,0,0,1,0,1,0,1,0,0,0,1,0,2,0,0,0
0,0,0,0,0,0,0,1,0,0,0,0,0,0,0,0,0,0,0,0,0,0,0,0,0,0,0,0,0,0,0,0,0,0,0,1,0,0,0,1,0,0,0,0,2,0,0,0,0,0,0,0,0,3,0,0,3,0,3,0,1,1,0,0,0,1,0,1,2,1,0,0,0,0,0,0,0,1,0,0,0,2,3,3,0,0,2,0,0,4,0,0,2,0,0,0,0,0,0,0,2,0,1,0,0,2,0,0,0,0,0,2,0,0,0,0,0,0,0,0,0,0,0,0,0,0,2,0,0,0,0,0,0,0,0,0,0,0,0,0,0,0,0,0,0,0,0,0,0,0,0,0,0,0,1,0,0,0,0,1,0,1,0,0,3,1,2,1,1,0,2,0,0,0,0,0,0,0,0,0,0,2,0,0,0,0,0,0,0,0,1,1,0,0,0,0,1,0,0,0,0,1,0,0,0,0,1,0,0,0,0,0,0,1,0,0,0,0,0,0,0,0,0,0,0,0,0,0,0,0,1,0,1,0,0,3,1,0,0,0,0,0,0,0,1,0,6,2,0,0,0,0,0,5,0,0
0,0,0,0,0,0,0,0,0,1,0,0,0,1,0,0,0,0,0,0,0,0,0,0,0,0,0,0,0,0,0,0,0,0,0,0,2,0,0,0,0,0,0,0,0,0,0,0,0,2,0,0,0,4,0,0,2,0,3,3,0,0,0,1,0,1,0,0,2,1,0,0,0,0,0,0,0,0,0,0,0,3,2,0,0,0,0,0,0,0,0,0,0,0,0,1,0,0,0,0,0,0,0,0,0,0,0,0,0,0,0,0,0,0,0,2,0,0,0,0,0,0,0,0,0,0,1,0,0,0,0,0,0,0,0,0,0,0,0,0,0,0,0,0,0,0,1,0,0,0,0,0,0,0,0,0,0,0,0,0,0,0,0,0,0,0,2,0,0,0,1,0,0,0,0,0,1,0,0,1,1,0,0,0,0,0,0,0,0,0,0,0,0,0,0,0,0,1,2,0,0,2,0,0,0,0,0,0,0,0,0,1,0,1,0,0,0,0,0,0,0,0,0,0,0,0,0,0,0,0,2,0,0,0,0,2,0,2,0,0,0,0,0,1,1,0,6,1,0,0,1,0,0,2,0,0
0,0,0,0,0,0,0,0,0,0,0,0,0,0,0,0,0,0,0,0,0,0,0,0,0,0,0,0,0,0,2,0,0,0,0,0,0,0,0,0,0,0,0,0,0,0,0,0,0,0,0,0,0,2,0,0,0,0,1,0,0,1,0,0,0,0,0,0,1,0,0,0,0,0,0,0,0,0,0,2,0,0,0,0,0,0,0,0,2,0,0,0,0,0,0,0,0,0,1,1,0,0,0,0,1,0,0,0,0,0,0,0,0,0,0,0,1,0,0,0,0,0,0,0,0,0,0,0,0,0,0,0,0,0,0,0,1,1,1,0,0,0,1,0,0,1,0,1,0,0,2,0,1,0,0,2,0,0,0,1,1,0,2,0,0,0,0,0,0,0,0,0,0,0,0,0,1,0,0,0,0,0,0,0,1,0,0,0,1,0,0,0,0,0,0,0,0,0,0,2,0,0,0,1,0,0,0,0,0,0,0,0,0,0,0,0,0,0,0,2,2,0,3,0,0,0,0,0,0,0,0,0,1,0,0,0,0,0,0,0,0,0,2,0,0,0,0,0,0,1,0,0,1,0,0,0
0,0,0,0,0,0,0,0,0,0,0,0,0,0,0,0,0,0,1,0,0,0,0,0,0,0,0,0,0,0,0,0,0,0,0,0,0,0,0,0,0,0,0,0,0,0,0,0,0,1,0,0,0,2,0,1,1,1,2,0,0,0,0,0,0,0,0,0,2,3,0,0,0,0,0,0,0,0,0,0,0,2,1,0,1,0,0,0,1,0,0,0,0,0,0,0,0,0,2,1,0,0,0,0,1,0,0,1,0,0,0,0,0,1,0,0,0,0,0,0,0,0,0,0,0,0,3,0,0,0,0,0,0,0,0,0,0,0,0,0,0,0,0,0,1,0,0,0,0,0,0,0,1,0,0,0,0,0,0,0,0,0,0,0,0,0,2,0,0,0,0,0,0,0,0,0,1,0,0,0,0,1,1,0,0,0,0,1,0,1,0,0,0,1,0,0,0,0,1,0,0,0,0,0,1,2,1,0,0,0,0,1,0,0,0,2,0,0,0,2,1,0,2,0,0,0,0,0,0,0,1,0,1,0,0,2,0,2,0,0,0,0,0,0,0,0,5,0,1,0,0,0,0,1,0,0
0,0,0,0,0,0,1,0,0,0,1,0,1,0,0,0,0,0,0,0,0,0,0,0,0,0,0,0,0,0,1,0,0,0,0,1,0,0,0,0,0,0,0,0,0,1,0,0,0,1,1,0,1,2,0,0,1,0,1,0,0,0,0,1,0,0,0,0,1,0,0,0,0,0,0,0,0,0,0,1,0,1,1,0,0,0,0,0,1,0,0,0,0,0,0,0,0,0,2,0,2,0,0,0,0,0,0,0,0,0,0,0,0,1,0,1,0,0,0,1,0,0,0,0,0,0,0,0,0,0,0,0,0,0,0,1,0,0,2,0,0,0,2,0,0,1,0,2,0,0,1,0,0,0,0,0,2,0,1,2,0,1,1,0,0,0,1,0,0,0,0,1,0,0,0,0,0,0,0,0,0,1,1,0,0,1,0,0,0,0,0,1,0,0,0,0,0,0,0,0,0,0,0,1,0,0,0,0,0,0,1,1,0,0,0,0,0,0,0,1,1,0,2,0,0,0,0,0,0,1,0,2,0,1,0,1,1,0,0,0,0,0,0,0,0,0,1,0,0,0,0,0,2,0,0,0
0,0,0,0,0,0,0,0,0,0,0,0,1,0,1,0,0,0,1,0,0,0,1,0,0,0,0,0,0,0,2,0,0,0,0,3,0,0,0,2,0,0,0,0,3,1,0,1,1,0,0,0,1,0,0,3,1,0,1,1,0,0,0,0,0,0,0,0,1,3,0,0,0,0,0,0,0,0,3,1,0,1,1,0,0,0,0,0,1,0,1,0,0,0,0,0,1,0,4,0,0,0,0,0,0,0,0,0,0,0,0,0,0,0,0,0,0,0,1,0,0,1,0,0,0,0,5,0,1,0,0,1,0,0,0,1,0,2,1,0,0,0,0,0,0,0,2,1,0,0,1,0,0,0,0,0,0,0,0,0,0,3,0,0,0,0,1,0,0,0,1,0,0,0,0,0,0,0,0,0,1,0,0,0,1,0,0,0,0,0,0,0,0,0,1,0,0,0,0,0,0,0,0,0,0,0,0,0,0,0,0,0,0,0,0,0,0,1,0,1,1,0,0,0,1,0,0,0,0,2,0,1,0,0,1,1,0,0,0,0,3,0,0,0,0,0,4,0,0,0,0,0,0,2,0,4
0,0,0,0,0,0,0,0,0,0,0,0,0,0,0,0,0,1,2,0,0,0,2,0,0,0,0,0,0,1,1,0,0,0,0,0,0,0,0,0,0,0,0,0,1,2,0,2,0,1,0,0,0,2,0,1,2,0,1,2,0,0,0,0,1,1,1,0,1,2,0,0,0,0,0,0,0,0,0,1,0,1,0,0,0,0,0,0,1,0,0,0,0,0,0,0,0,0,2,0,0,1,0,0,1,0,0,0,0,0,1,0,1,0,0,2,0,0,0,0,1,0,0,0,0,0,1,0,0,0,0,0,0,0,0,0,1,0,1,0,0,0,0,0,0,0,0,1,0,0,2,0,0,0,0,0,1,0,0,0,0,0,0,0,0,0,1,1,0,0,1,0,0,0,0,0,0,0,0,0,0,0,0,0,0,0,1,0,0,0,0,0,0,0,0,0,0,0,0,0,0,1,0,0,0,0,0,0,0,0,1,0,0,0,0,0,0,1,0,1,2,0,0,0,0,0,0,0,0,0,0,0,0,0,0,2,0,0,1,0,0,1,0,0,0,0,1,0,1,0,0,0,1,1,0,0
0,0,0,0,0,0,0,0,0,0,2,0,0,0,0,0,0,0,0,0,1,0,1,0,0,0,0,0,0,0,3,0,0,0,1,2,0,0,0,0,0,0,0,0,1,1,0,0,2,0,0,0,0,0,0,0,0,0,0,0,0,0,0,0,0,0,0,0,0,0,0,0,0,0,0,0,0,0,0,3,0,0,0,0,0,0,0,0,3,0,0,0,1,0,0,0,0,0,0,1,1,0,0,0,0,0,0,0,0,0,0,0,0,1,0,0,0,0,0,0,0,0,0,1,0,0,0,0,0,0,0,0,1,0,1,1,0,0,3,0,0,0,0,0,1,1,0,3,0,0,3,0,1,0,0,1,0,1,0,0,0,0,0,2,0,0,0,0,1,0,0,0,0,0,0,1,1,1,0,0,2,0,0,0,0,1,0,0,1,1,0,0,0,0,0,0,0,1,0,1,0,0,0,0,0,0,1,0,0,0,0,1,0,1,0,0,0,1,0,1,0,1,0,0,0,0,0,0,0,0,0,3,0,0,0,0,0,0,0,0,0,0,2,0,0,0,0,0,0,0,0,0,4,2,0,0
0,0,0,0,0,0,0,0,0,0,1,0,2,0,0,0,0,0,0,0,0,0,0,0,0,0,0,0,0,0,3,0,0,0,0,2,0,0,0,1,0,0,0,0,0,2,0,0,0,0,0,0,0,0,0,0,0,0,0,0,0,0,0,0,0,0,0,0,0,0,0,0,0,0,0,0,0,0,0,2,0,0,0,0,0,0,0,0,2,0,0,0,1,0,0,0,0,0,0,0,1,0,0,0,0,0,0,0,1,0,0,0,0,0,0,0,0,0,0,0,0,0,0,0,0,0,0,0,0,0,0,0,1,0,0,0,0,0,2,0,0,0,0,0,0,1,0,2,0,0,4,0,0,0,0,0,0,0,1,0,0,0,0,0,0,0,0,0,0,0,0,0,0,0,0,0,1,0,0,0,0,0,1,0,0,0,0,0,0,0,0,0,0,0,0,0,0,0,0,1,0,0,0,0,0,0,1,0,0,1,1,0,0,0,0,0,0,1,1,4,1,1,2,0,0,0,0,0,0,0,0,0,0,0,0,0,0,0,0,0,0,0,1,0,0,0,0,0,0,0,1,0,1,0,0,0
0,0,0,0,0,0,0,0,0,0,2,0,2,0,0,0,0,0,0,0,0,0,0,0,0,0,0,1,0,0,3,0,0,1,0,0,0,0,0,1,0,0,0,0,0,0,0,0,0,2,0,0,0,2,0,0,1,0,1,0,2,0,0,0,0,0,0,0,1,0,0,0,0,0,0,0,0,0,0,1,0,1,0,0,0,0,0,0,1,0,0,0,0,0,0,0,0,0,1,0,1,0,0,0,0,0,0,0,0,0,0,0,0,0,0,0,0,0,0,1,0,0,0,0,0,0,0,0,1,0,0,0,0,0,2,0,0,0,2,0,0,0,0,1,1,0,0,2,0,0,2,0,0,0,0,0,1,0,0,0,0,0,0,1,1,0,1,0,0,0,0,0,0,0,0,0,1,0,0,0,0,0,0,0,0,0,0,0,1,0,0,0,0,0,0,0,1,1,0,1,0,0,1,2,0,0,0,0,0,0,0,0,0,0,0,0,0,1,0,1,2,2,0,0,0,0,0,0,0,0,0,1,0,0,0,1,0,1,0,0,0,0,0,0,0,0,2,0,0,0,0,0,3,0,0,2
0,0,0,0,0,0,0,0,0,1,0,0,0,1,0,0,1,0,0,0,0,0,0,0,0,0,0,0,0,0,0,0,0,0,0,0,0,0,0,1,0,0,0,0,1,0,0,0,0,0,1,0,0,0,0,0,3,0,4,0,0,0,0,1,0,1,0,0,2,2,2,0,0,0,0,0,0,0,0,0,0,3,1,0,0,0,0,0,0,0,0,0,0,0,0,1,0,0,1,0,0,0,0,0,0,0,0,0,0,0,0,0,0,0,0,0,0,0,0,0,0,0,0,1,0,2,4,0,0,0,0,0,0,0,0,0,0,0,0,0,0,0,0,0,0,0,0,0,0,0,0,0,0,0,0,0,0,0,0,0,0,0,0,0,0,0,2,0,0,0,0,0,0,0,0,0,0,0,0,0,0,0,0,0,0,0,0,0,0,0,1,1,0,0,0,0,0,0,0,2,0,0,0,1,0,0,1,0,0,0,0,0,1,2,0,0,0,0,0,0,0,0,0,0,0,0,0,1,0,0,3,0,0,0,0,2,0,0,0,0,0,0,0,1,0,0,3,1,0,0,0,0,0,0,0,0
0,0,1,0,0,1,0,0,0,0,1,0,2,0,0,0,0,0,0,0,0,2,2,0,1,0,0,1,0,0,2,0,0,0,0,0,0,0,0,0,0,0,0,0,0,0,0,0,0,0,0,0,0,0,0,0,0,0,0,0,0,0,0,0,0,0,0,0,0,0,0,2,0,0,0,0,0,0,0,2,0,0,0,0,0,0,0,0,2,0,0,0,0,0,0,0,3,0,0,0,0,0,0,0,0,0,1,0,0,0,0,0,1,0,0,0,0,0,0,0,1,0,0,0,0,1,0,0,0,0,0,0,0,0,0,0,0,0,2,0,0,0,0,0,0,2,0,2,0,0,2,0,1,0,0,0,1,0,0,1,0,1,2,0,0,1,0,0,0,0,2,0,0,0,0,0,0,0,0,0,0,0,0,0,1,0,0,0,0,0,0,0,0,0,0,0,0,0,0,0,0,0,0,0,0,0,0,0,1,0,0,0,0,0,1,0,1,0,0,2,1,0,1,0,0,0,0,0,0,0,0,1,0,0,1,0,1,0,0,1,0,0,0,0,0,0,0,0,0,0,0,0,0,1,0,0
0,0,0,0,0,0,0,0,1,0,0,0,2,0,1,0,0,0,0,0,0,0,0,0,0,0,0,0,0,0,2,0,0,0,4,1,0,0,0,0,0,0,0,0,0,3,0,0,2,0,0,1,0,0,0,0,0,0,0,0,0,0,0,1,0,3,0,0,0,0,0,0,0,0,0,0,0,0,0,2,0,0,0,0,0,0,0,0,2,0,0,0,0,0,0,0,0,0,0,0,0,0,0,0,0,0,0,0,0,0,0,0,0,0,0,1,1,0,0,1,1,0,0,0,0,0,0,0,0,0,0,0,0,0,0,0,0,0,2,0,0,0,0,0,0,0,0,2,0,0,2,0,0,0,0,0,0,0,0,0,0,1,1,0,0,0,0,0,0,0,0,0,0,0,0,2,0,2,0,0,0,0,3,0,0,0,0,0,0,0,0,0,0,0,0,0,0,0,2,4,0,0,0,0,0,0,0,0,0,0,2,0,1,1,0,1,0,1,0,5,2,0,0,0,0,0,0,0,0,0,0,3,0,0,1,0,0,0,0,0,0,0,1,0,0,1,0,0,0,0,1,0,2,0,0,0
0,0,2,0,0,0,1,0,0,0,0,1,0,0,0,0,0,0,0,0,1,0,0,5,0,0,0,0,0,0,0,0,0,0,0,0,0,0,0,2,3,0,1,0,0,0,0,1,0,3,4,0,0,1,0,0,1,0,1,0,0,0,1,0,0,0,0,0,4,3,1,0,0,1,0,0,0,3,1,0,0,1,1,0,0,2,0,1,0,0,0,0,0,0,0,1,0,0,3,0,0,0,1,0,0,1,0,0,0,0,0,0,0,0,0,0,0,0,0,0,0,0,0,0,0,0,1,0,0,1,0,0,0,0,0,0,0,0,0,0,0,0,0,0,0,0,0,0,0,0,0,0,0,0,1,0,0,0,0,0,1,0,0,0,0,0,1,0,0,2,0,0,0,0,0,0,0,0,0,0,0,0,0,0,0,0,0,0,0,1,0,0,1,0,0,1,0,0,0,0,0,0,3,3,1,0,0,0,0,0,0,2,0,0,0,0,1,0,0,1,0,0,1,0,2,0,0,0,0,0,0,1,0,1,0,1,0,1,0,1,5,0,0,0,0,0,2,3,1,0,0,0,0,3,0,1
0,0,0,1,0,0,0,0,1,0,3,1,1,0,0,0,0,1,1,0,0,0,0,0,0,0,0,0,0,0,3,0,0,0,2,0,0,0,0,0,0,0,0,0,0,0,0,0,0,0,0,0,0,0,0,2,0,0,0,0,0,0,0,0,0,1,0,0,0,0,0,0,0,0,0,0,0,0,0,2,0,0,0,0,0,0,0,0,2,0,0,0,0,0,0,0,0,0,0,0,0,0,0,0,0,0,0,0,0,0,0,0,0,0,0,0,0,0,0,0,0,0,0,0,0,0,0,0,0,0,0,0,0,0,0,0,0,0,2,0,0,0,0,0,0,1,0,2,0,0,4,0,0,0,0,0,1,0,0,0,0,0,0,0,0,0,0,0,0,0,0,0,0,0,0,0,0,0,0,0,0,0,0,0,0,0,0,0,0,0,0,0,0,0,0,0,0,1,0,2,0,0,0,0,0,0,0,0,0,1,0,1,2,1,0,0,0,1,0,3,2,1,1,0,0,0,0,1,0,1,0,0,0,0,1,0,0,0,0,0,0,0,1,0,0,0,0,0,0,0,0,1,3,1,0,0
0,0,0,0,0,0,1,0,0,0,0,0,0,0,1,0,1,1,0,0,2,0,0,0,0,0,0,0,0,1,2,0,0,0,0,0,0,0,1,0,0,0,0,0,1,2,0,0,0,1,0,0,0,2,0,1,1,0,1,0,0,0,0,0,0,0,0,0,1,2,0,0,0,0,0,0,0,0,0,1,0,1,2,0,0,0,0,0,1,0,0,0,1,1,0,0,0,0,2,0,0,0,0,0,0,0,0,0,0,0,0,1,0,0,0,0,0,0,1,0,0,0,0,0,0,0,1,0,0,0,0,0,0,0,0,0,0,0,1,0,0,0,0,0,1,1,0,1,0,0,1,0,0,0,0,0,2,0,0,0,0,0,0,0,0,0,1,0,0,0,0,0,0,0,0,0,0,0,0,0,0,0,0,0,0,1,0,1,0,0,0,0,0,1,0,0,0,1,0,0,0,0,1,0,0,0,0,0,0,0,0,0,0,0,0,0,0,0,0,1,1,1,3,0,0,0,0,0,0,0,0,0,0,0,0,1,0,0,0,0,0,0,0,0,0,0,2,0,0,0,0,0,0,0,0,0
0,0,0,0,0,0,0,0,0,0,0,0,0,0,0,0,0,0,0,0,0,0,0,0,0,0,0,0,0,0,2,0,1,0,0,0,0,0,0,0,0,0,0,1,0,2,0,0,2,0,0,0,0,0,0,1,0,0,0,0,0,0,0,0,0,0,0,0,0,0,0,0,0,0,0,0,0,0,0,2,0,0,0,0,0,0,0,0,2,0,0,0,0,0,0,0,0,0,0,0,0,0,0,0,1,0,0,0,0,1,0,0,0,0,0,1,2,0,0,0,0,0,0,2,0,2,0,0,0,0,0,0,1,0,0,0,1,0,2,0,0,0,0,0,0,1,0,2,0,0,3,0,0,0,0,2,2,0,0,0,0,0,0,0,0,0,1,0,0,0,0,0,0,0,0,0,0,0,0,0,0,0,0,0,0,0,0,0,0,0,1,0,0,0,0,0,0,0,0,1,0,0,0,0,0,0,0,0,0,0,0,0,0,0,0,0,0,1,0,2,2,0,1,0,0,0,0,0,0,0,0,0,0,0,1,0,0,0,0,0,0,0,0,0,0,0,0,0,0,0,0,0,2,0,0,0
0,0,0,0,0,0,0,1,0,0,0,0,0,1,1,0,0,0,1,0,0,0,1,0,0,0,0,0,0,0,0,0,0,0,0,0,0,0,0,0,0,0,0,0,2,1,0,1,0,0,0,0,0,4,0,0,2,0,1,0,0,0,0,0,0,0,0,0,1,1,0,0,0,0,0,0,0,0,0,0,0,1,1,0,0,0,0,0,0,0,0,0,0,0,0,0,0,0,1,0,0,1,0,0,0,0,0,0,0,0,0,0,0,0,1,1,1,0,0,0,0,0,0,3,0,0,1,1,0,0,1,0,3,0,0,0,3,0,0,0,0,0,0,0,0,0,0,0,0,0,0,1,0,0,0,0,0,0,0,0,2,0,0,0,1,0,2,0,0,0,0,1,0,0,0,1,0,0,0,0,0,0,0,0,0,1,0,1,0,0,0,0,0,0,0,0,0,0,0,0,0,0,0,0,0,0,1,0,0,0,0,0,0,1,0,0,0,0,0,0,1,0,0,0,0,1,1,0,0,0,2,0,0,0,0,1,0,0,0,0,0,0,0,0,1,1,3,3,1,0,0,0,0,0,0,0
0,0,0,0,0,0,0,0,0,0,0,0,0,0,0,0,0,0,1,0,0,0,0,0,0,0,0,1,0,0,2,0,0,1,0,0,0,0,1,0,0,0,0,0,0,0,0,0,0,0,0,0,0,0,0,0,0,0,0,0,0,0,0,0,0,0,0,0,0,0,0,0,0,0,0,0,0,0,0,3,0,0,0,0,0,0,0,0,2,0,0,0,0,0,0,0,0,0,0,0,2,0,0,0,0,0,0,0,0,0,0,0,0,0,0,0,1,0,0,0,0,0,1,0,0,0,1,0,0,0,0,0,0,0,0,0,0,0,2,0,0,0,0,0,0,0,0,2,1,0,3,0,3,0,0,2,0,0,0,1,0,0,0,0,0,0,0,0,0,0,0,0,0,0,0,0,1,0,0,0,0,0,0,0,0,1,0,0,0,2,0,0,0,0,0,0,0,0,0,3,0,0,0,0,0,0,1,0,1,0,0,0,0,1,0,0,0,1,0,2,1,0,0,1,0,0,0,0,0,0,0,1,0,0,0,0,0,0,1,0,0,1,5,0,0,1,0,0,1,0,0,0,6,3,0,0
0,0,0,0,0,0,0,0,0,0,0,0,1,0,0,0,0,1,0,0,1,0,0,0,0,0,1,0,0,0,2,0,0,0,0,0,0,0,0,0,0,0,0,2,0,1,0,0,0,0,0,1,0,0,0,0,0,0,0,0,0,0,0,0,0,3,0,0,0,0,0,0,0,0,0,0,0,0,0,4,0,0,0,0,0,0,0,0,2,0,0,0,1,0,0,0,0,0,0,0,0,0,0,0,0,0,0,0,0,0,0,0,0,1,0,0,1,0,0,1,0,0,0,0,0,0,0,0,0,0,0,0,0,0,0,0,0,0,1,0,0,0,0,1,0,0,0,3,1,0,2,0,1,0,0,1,0,0,0,1,0,1,0,0,0,0,0,0,0,0,0,0,0,0,0,0,0,1,0,0,1,0,0,0,0,0,0,0,0,0,0,0,0,0,1,0,0,0,0,2,0,0,1,0,0,0,0,0,0,0,0,1,1,0,0,0,0,0,0,2,1,0,1,0,0,0,1,0,0,0,0,1,0,0,0,0,0,0,0,0,0,0,2,0,0,0,1,0,0,1,1,0,2,0,0,0
0,0,0,1,0,0,0,0,0,0,2,0,2,0,0,0,0,0,1,0,1,0,0,0,0,0,0,1,0,0,2,0,0,0,1,1,0,0,0,0,0,2,0,0,0,2,0,0,0,0,0,0,1,0,0,0,1,0,0,0,0,0,0,0,0,1,0,0,1,1,0,0,1,0,1,0,0,0,0,2,0,0,0,0,0,0,0,0,3,0,0,0,2,0,0,0,0,0,0,0,3,2,0,3,0,0,0,0,1,0,0,0,0,0,0,3,2,0,0,0,0,1,0,0,0,0,0,0,0,1,0,0,0,0,0,0,0,0,2,1,0,0,0,0,0,1,0,2,1,0,4,0,0,0,0,0,0,0,0,0,0,0,0,0,0,0,1,0,0,0,0,0,0,0,0,0,1,1,0,0,1,0,1,0,0,0,1,0,0,0,0,0,0,0,0,0,0,1,1,1,0,0,2,0,0,0,0,0,1,0,0,0,0,2,1,0,1,2,0,2,1,0,2,0,0,1,0,0,1,0,0,2,1,0,0,0,0,0,0,0,0,0,2,0,0,1,0,0,0,1,1,2,3,1,0,0
0,0,0,0,0,0,0,0,0,0,0,0,1,0,0,0,0,0,0,0,0,0,0,0,0,0,0,0,0,0,2,0,0,0,0,0,0,0,0,0,0,0,0,0,0,0,0,0,0,0,0,0,0,0,0,0,0,0,0,0,0,0,0,0,0,0,0,0,0,0,0,0,0,0,0,0,0,0,0,2,0,0,0,0,0,0,0,0,1,0,0,0,1,0,0,0,0,0,0,0,3,0,0,0,0,0,1,0,0,0,0,0,0,0,0,1,1,0,0,1,1,0,0,0,0,1,0,0,0,0,0,0,0,0,1,0,0,0,2,0,1,0,0,0,0,1,0,2,0,0,2,0,0,0,0,3,1,0,0,0,0,0,1,0,0,0,0,0,0,0,1,0,0,0,0,0,1,1,0,0,0,0,0,0,0,2,1,0,0,2,0,0,0,0,0,0,0,0,0,1,0,0,0,0,0,0,0,0,0,1,0,0,0,1,0,0,0,0,0,1,1,0,1,0,0,0,0,0,0,0,0,0,0,0,1,0,1,0,0,0,0,1,4,0,0,0,0,0,0,0,0,0,5,0,0,0
0,0,0,0,0,0,0,0,1,0,0,0,0,0,0,0,0,0,0,0,0,0,0,0,0,0,0,0,0,0,2,0,0,2,0,0,0,0,1,0,0,0,0,0,0,0,0,0,0,0,1,0,0,0,0,1,0,0,0,0,0,0,0,0,0,0,0,1,0,2,0,0,1,0,0,0,0,0,0,3,0,0,0,0,0,0,0,0,4,0,0,0,0,0,0,0,0,0,0,0,3,0,0,0,0,0,0,0,0,0,0,0,0,0,0,0,0,0,0,0,0,0,0,0,0,0,0,0,0,0,0,0,1,0,0,0,1,0,3,0,0,0,0,0,0,0,0,2,0,0,5,0,3,0,0,3,0,0,0,0,0,0,1,4,0,0,0,0,1,0,0,0,0,0,0,0,2,0,0,0,0,0,0,0,0,0,0,1,0,1,0,0,0,0,0,0,0,0,0,0,0,0,0,0,0,0,0,0,1,0,0,0,0,0,0,0,0,1,0,3,2,0,2,0,0,0,0,0,0,0,0,0,0,0,0,0,3,0,0,0,0,2,1,0,1,0,0,0,0,0,2,0,4,0,0,0
0,0,0,0,0,0,0,0,0,0,1,0,0,0,0,0,0,0,0,0,0,0,0,0,0,0,0,0,0,0,2,0,0,0,0,0,0,0,0,0,0,0,0,1,0,1,0,0,0,1,0,0,0,0,0,0,1,0,2,0,0,1,0,0,0,0,0,0,1,0,0,0,0,0,0,1,0,0,0,1,0,1,1,0,0,0,0,0,1,0,0,0,0,0,0,0,0,0,3,0,0,0,0,1,0,0,0,0,1,0,0,0,1,0,0,1,0,1,1,0,0,0,1,0,0,0,2,0,2,0,0,0,0,0,3,0,0,0,1,0,0,0,0,1,0,1,0,1,5,0,2,0,0,0,0,6,0,0,0,0,0,3,1,0,0,0,1,0,1,0,0,0,0,0,0,0,1,1,0,0,1,0,0,0,0,0,0,0,0,0,0,0,0,0,4,1,0,0,0,3,0,0,0,2,0,0,0,0,0,1,0,0,2,0,0,1,0,0,0,2,1,2,2,0,0,0,0,0,0,0,1,1,0,0,1,1,0,0,0,0,1,1,1,0,0,0,4,0,0,0,0,0,5,0,0,0
0,0,0,0,0,0,0,0,0,0,6,1,3,0,0,0,0,0,1,0,1,0,0,0,0,0,0,0,0,0,3,0,0,0,0,0,0,0,0,0,0,0,0,0,0,1,0,0,0,0,0,0,0,0,0,0,0,0,0,0,0,0,0,0,0,0,0,0,2,0,0,0,0,0,0,0,1,0,0,4,0,0,0,0,0,0,0,0,3,0,0,0,0,0,0,0,0,0,0,2,2,0,0,0,0,0,0,0,0,0,0,1,0,0,0,1,0,0,0,1,0,1,0,0,0,2,0,0,0,0,0,1,1,1,2,0,0,0,2,0,0,0,0,0,0,0,0,2,0,0,2,0,0,0,0,1,1,0,0,0,0,0,0,1,0,0,0,0,1,0,0,0,0,0,0,0,1,0,0,0,0,0,0,0,0,1,0,0,0,1,1,0,0,0,1,0,0,1,0,3,0,0,0,0,0,0,0,0,0,0,0,0,0,1,1,0,0,4,0,4,2,1,0,0,0,0,0,0,0,0,0,1,0,0,0,0,0,0,0,0,0,0,2,0,0,0,0,0,0,0,1,0,3,0,0,0
0,0,0,0,0,0,2,0,0,0,0,0,0,2,0,0,0,0,1,0,0,0,0,0,0,0,1,0,0,0,0,0,0,0,0,0,0,0,0,0,0,0,0,1,0,0,0,0,0,0,0,0,0,1,0,0,1,0,1,0,0,1,0,0,2,0,0,0,2,3,0,0,0,0,0,0,0,3,1,0,0,1,1,2,0,0,0,0,0,0,0,0,0,0,0,0,0,0,1,0,0,0,0,0,0,0,0,0,0,0,0,0,1,0,1,0,0,0,1,0,0,0,0,0,0,0,1,0,0,0,0,0,0,0,0,0,0,0,0,0,0,0,0,0,3,0,0,0,0,0,0,0,1,0,0,0,0,0,0,3,0,0,0,0,0,1,2,0,0,0,0,0,1,0,0,0,0,0,0,0,0,0,0,0,0,1,0,0,0,0,0,0,0,0,0,1,1,0,0,1,0,0,1,0,0,0,0,0,0,1,0,1,0,2,0,0,1,1,0,0,0,2,2,0,1,0,0,0,0,0,0,0,0,2,0,3,0,0,0,0,0,2,0,0,1,0,2,0,2,1,0,0,0,0,0,1
0,0,0,0,0,0,0,0,0,1,0,0,0,1,0,0,0,0,0,0,1,2,0,0,0,0,0,0,0,0,0,0,0,0,0,0,1,0,0,0,0,0,0,0,0,0,0,0,0,2,2,0,0,2,0,0,3,0,3,0,0,0,0,1,0,0,0,0,3,3,0,0,0,0,0,0,0,0,0,0,0,4,2,0,0,2,0,0,0,1,0,0,0,0,0,1,0,0,2,0,1,0,0,0,0,0,0,0,0,0,0,0,0,2,0,1,0,0,0,0,1,1,0,0,0,0,4,0,0,0,1,0,0,0,0,1,0,0,0,1,0,0,0,0,0,0,1,0,0,0,0,0,0,1,0,0,0,0,0,0,0,0,0,1,0,0,2,1,0,0,0,0,0,0,1,2,0,0,0,0,0,0,0,0,0,0,0,2,0,1,0,0,0,0,0,0,0,0,0,0,0,3,0,0,0,0,0,0,0,0,0,0,0,2,0,0,0,0,0,0,1,0,1,0,0,0,0,0,0,0,1,1,1,0,0,2,0,0,0,0,0,0,0,0,0,0,5,0,1,0,0,0,0,0,0,0
0,0,0,0,0,0,0,1,0,2,0,3,0,1,1,1,0,0,0,0,0,1,0,0,0,0,0,0,0,0,0,0,0,0,1,0,0,0,0,0,0,0,0,0,2,5,1,2,1,4,3,0,0,3,1,0,5,0,1,1,2,1,0,0,0,0,0,0,1,0,1,0,0,0,0,0,0,0,0,0,0,1,0,0,0,0,0,0,0,1,0,0,0,0,0,0,1,1,2,1,0,0,0,0,0,0,1,0,0,0,0,0,0,0,0,0,0,0,0,0,0,0,0,0,0,0,0,2,0,0,0,0,1,0,1,0,0,0,0,0,0,0,0,0,0,0,0,0,0,0,0,0,0,0,0,0,0,0,0,0,0,0,0,1,0,0,3,1,0,0,0,0,1,0,0,0,0,0,0,0,0,0,0,0,2,0,0,0,0,1,0,0,1,0,0,1,0,0,0,0,0,0,0,0,0,0,0,0,0,1,0,0,0,0,0,0,0,0,0,0,0,0,2,0,0,0,0,0,0,0,0,0,0,0,0,3,0,3,3,0,0,0,0,0,0,0,5,0,0,0,2,0,0,0,1,0
0,0,0,0,0,2,0,0,0,0,0,0,0,1,0,0,0,2,1,0,0,0,0,0,1,0,0,0,0,1,0,0,0,0,0,0,0,1,0,3,0,0,0,0,0,0,0,0,0,3,0,0,0,4,0,0,2,1,5,0,0,0,0,1,0,0,0,1,2,3,0,0,0,0,0,0,0,0,2,0,0,3,2,0,0,0,0,0,0,0,0,0,0,0,0,1,0,0,0,0,0,0,0,0,0,0,0,0,0,0,0,1,0,0,0,3,0,0,0,1,0,0,2,0,0,0,1,0,0,0,0,1,0,0,0,0,0,1,0,1,0,0,0,0,0,0,0,0,0,0,0,0,0,0,0,0,2,0,0,0,0,0,0,0,0,0,2,0,0,0,0,0,0,0,0,0,0,0,0,2,0,2,0,0,0,0,0,0,0,0,0,0,0,0,0,0,0,1,0,0,0,1,0,0,0,0,0,2,0,0,0,0,0,1,0,0,0,0,0,0,0,0,0,0,0,0,0,1,2,0,1,0,0,0,0,2,1,0,0,1,0,0,0,0,1,0,4,0,0,0,0,0,0,1,0,0
0,0,0,0,0,0,0,0,0,0,0,0,0,0,0,0,0,0,0,0,0,1,0,0,0,0,0,1,1,0,1,0,0,0,0,0,0,1,0,0,0,0,0,0,0,1,0,2,0,0,0,0,1,1,0,1,1,0,1,0,0,0,0,0,0,2,0,0,1,2,0,0,0,0,0,0,0,1,0,1,0,1,1,0,0,0,0,0,1,0,0,0,0,0,0,0,0,0,1,0,0,1,0,1,1,0,0,0,0,0,0,1,0,0,0,1,0,0,2,1,1,3,0,0,0,0,3,0,0,0,0,0,0,0,0,0,0,0,1,0,0,0,0,0,0,0,0,1,0,0,1,0,0,0,0,0,0,0,0,0,0,0,0,0,0,0,1,0,0,0,0,0,0,0,0,0,0,0,0,0,0,0,0,0,0,0,0,0,0,0,0,0,0,0,0,0,0,0,0,0,0,0,1,0,0,0,0,0,0,0,1,0,0,1,0,0,0,1,0,1,1,0,1,0,0,0,0,0,0,0,0,0,0,0,0,1,0,0,1,0,0,0,0,0,0,0,2,1,0,0,0,0,0,1,0,0
1,0,0,0,0,0,0,0,0,0,1,0,2,0,0,0,0,1,2,0,0,0,0,0,0,0,0,0,0,0,1,0,0,1,0,2,0,0,0,0,0,0,0,0,0,1,0,0,1,0,0,0,0,2,0,0,1,0,1,0,0,0,0,0,0,0,0,0,1,3,0,0,0,0,0,0,0,0,0,1,0,1,1,0,1,1,0,0,1,0,0,0,0,0,0,0,0,0,2,0,0,0,0,0,0,1,0,0,0,1,0,0,3,0,0,0,0,1,0,0,0,0,0,0,0,0,1,0,0,0,0,0,0,0,0,1,0,0,1,0,1,0,0,0,0,1,0,1,0,0,5,0,0,0,0,3,0,0,0,0,0,0,0,3,2,0,2,0,0,0,1,0,0,0,0,0,2,1,0,0,0,0,0,0,0,1,0,1,0,0,0,0,0,0,1,0,0,0,0,3,0,0,0,0,0,0,0,0,0,1,0,0,0,0,0,1,0,0,0,0,0,0,2,0,0,0,0,0,0,0,0,0,0,0,0,1,0,0,0,0,0,0,2,0,1,0,1,0,1,0,0,0,3,1,0,0
0,0,0,0,0,0,0,0,0,0,0,0,0,0,0,0,0,0,0,0,0,0,0,0,0,0,1,0,0,0,1,0,0,0,0,0,0,0,0,0,0,0,0,0,0,0,0,1,0,0,0,0,0,1,1,0,1,0,1,0,0,0,0,0,1,0,0,0,1,0,0,0,0,0,0,0,0,0,0,1,0,1,1,0,0,2,1,0,1,1,0,0,0,0,0,0,0,0,0,0,3,0,0,0,0,0,0,0,0,0,0,0,0,0,0,0,1,0,0,0,0,0,0,0,0,0,1,0,0,0,0,0,0,0,0,0,0,0,1,0,0,0,0,0,0,0,0,1,0,0,2,0,0,0,1,2,0,0,0,1,0,0,0,0,0,0,1,0,0,0,0,0,0,0,0,0,0,0,0,0,0,0,0,0,1,0,0,0,0,0,0,1,0,0,0,0,0,0,0,3,0,0,0,0,0,0,1,0,1,0,0,0,0,1,0,0,0,0,0,4,2,0,1,0,0,0,0,0,0,0,0,0,0,0,0,1,3,0,0,0,0,2,0,0,0,0,2,0,0,0,0,0,2,0,0,0
0,0,0,0,0,0,0,0,0,0,0,0,0,1,0,0,0,0,0,0,0,1,0,0,0,0,0,0,0,0,1,0,0,0,0,0,0,0,0,0,0,0,0,0,1,0,0,1,0,2,0,0,0,2,0,0,1,0,1,0,0,0,0,0,0,0,0,0,1,1,0,0,0,0,0,0,0,0,0,1,0,1,1,0,0,0,0,0,2,0,0,0,0,0,0,0,0,0,1,0,1,0,0,0,0,0,0,0,0,0,0,0,0,0,0,0,1,0,0,0,0,0,0,0,0,0,0,0,0,0,0,0,0,0,0,0,0,1,2,0,0,0,1,0,0,0,0,1,0,0,2,0,0,0,0,1,0,0,0,0,0,0,0,1,0,0,1,0,0,0,0,0,0,0,0,0,0,0,0,0,0,0,0,0,0,1,0,0,0,0,0,0,0,0,0,1,0,0,0,1,0,0,0,1,0,0,0,0,0,0,0,0,0,0,1,0,0,1,2,0,0,0,1,0,0,0,1,0,0,0,0,0,0,0,0,1,0,0,0,0,0,0,0,0,1,0,2,0,1,0,0,0,2,0,0,0
0,0,0,0,0,0,0,0,1,0,1,0,1,0,0,0,0,0,0,0,0,0,0,0,0,1,0,1,0,0,1,0,0,0,0,0,0,0,0,0,0,0,0,0,0,0,0,1,0,1,1,0,0,2,0,0,1,0,1,0,0,0,0,0,0,1,0,0,1,1,0,0,0,0,0,0,0,0,0,1,0,1,0,0,0,0,0,0,1,0,0,0,1,0,0,0,0,0,2,0,0,1,0,0,0,0,0,0,1,0,0,0,0,0,0,0,0,0,2,0,0,0,0,0,0,0,1,0,0,0,0,0,0,0,0,0,0,0,1,0,0,0,0,0,0,0,0,1,0,0,3,0,0,0,0,2,0,0,0,0,0,0,0,2,0,0,2,0,0,0,0,0,0,0,0,0,1,3,0,0,0,0,0,0,0,0,1,0,0,0,0,0,0,0,1,0,0,0,0,2,0,0,0,0,0,1,0,1,0,0,0,0,1,0,0,0,1,0,0,1,1,0,2,0,0,0,0,0,0,0,0,0,0,0,0,1,0,0,2,0,0,0,0,0,0,0,1,0,0,0,1,0,4,1,0,0
0,0,0,0,0,0,0,0,0,0,0,0,2,0,0,0,0,0,0,0,0,0,0,0,0,0,0,0,0,0,2,0,0,0,0,0,0,0,0,0,0,0,0,0,0,2,0,0,0,0,0,0,1,0,0,0,0,0,0,0,0,0,0,0,0,0,0,0,0,0,0,0,0,0,0,2,0,0,1,4,0,0,0,0,0,0,0,0,2,0,0,0,0,0,0,0,0,0,0,0,2,0,0,0,0,0,0,0,0,0,0,0,0,0,0,0,1,0,0,1,0,0,0,0,0,0,0,0,0,0,0,0,0,0,0,0,1,0,2,0,0,0,0,0,1,0,0,2,1,0,4,0,0,0,0,2,0,0,0,0,0,0,1,2,0,0,0,0,1,0,0,1,0,0,0,0,1,3,0,0,0,0,0,0,0,1,0,0,0,2,0,0,0,0,0,0,0,0,0,0,0,0,0,0,0,0,0,0,0,1,0,1,0,0,0,0,0,0,0,1,1,0,0,0,0,0,0,0,1,0,0,1,0,0,0,0,2,0,0,0,0,2,1,0,0,0,0,0,0,0,2,0,5,0,0,1
0,0,0,0,0,0,0,0,0,0,0,2,4,0,0,0,0,0,0,0,1,0,0,0,0,0,0,0,0,0,2,0,0,0,1,0,0,0,0,0,0,1,0,1,1,1,0,0,0,0,0,0,0,0,0,0,1,0,1,0,0,0,0,0,0,1,0,0,1,0,0,0,0,0,0,1,1,0,0,1,0,1,0,0,0,0,0,0,2,0,2,0,1,0,0,0,0,0,0,0,0,0,0,0,0,0,0,0,1,0,0,0,0,1,0,0,1,0,0,2,1,1,0,1,0,0,2,0,1,0,0,0,1,0,0,0,0,0,1,0,0,0,1,0,0,1,1,1,0,0,3,0,0,0,0,2,2,0,0,0,0,0,0,0,0,0,1,0,0,0,0,0,0,0,0,0,0,0,0,0,0,0,0,0,0,0,0,0,0,0,0,0,0,0,0,0,0,0,0,1,0,0,0,0,0,0,0,0,0,0,0,0,0,0,0,0,0,0,0,3,1,0,0,0,2,0,0,0,0,0,0,2,0,0,0,0,0,0,0,0,0,0,2,0,0,0,2,0,1,0,0,0,4,0,1,1
0,0,0,0,0,0,0,0,0,0,0,0,0,0,0,0,0,0,0,0,0,0,0,0,0,0,0,0,0,0,2,0,0,0,0,0,0,0,0,0,0,0,0,0,1,3,0,0,0,0,0,0,0,0,0,1,0,0,0,0,0,0,0,0,0,0,0,0,0,0,0,0,0,0,0,0,1,0,0,3,0,0,0,0,0,0,0,0,2,0,0,0,1,0,0,0,0,0,0,0,3,0,0,0,0,0,0,0,1,0,0,0,0,0,0,0,2,0,0,0,0,0,0,0,0,0,0,0,0,0,0,0,0,0,2,0,3,0,2,0,0,0,0,0,0,1,0,2,0,0,5,0,2,0,0,2,1,0,0,0,0,0,0,0,0,0,0,0,0,0,0,0,0,0,0,0,1,0,0,0,0,0,0,0,0,0,1,0,0,0,0,0,0,0,0,2,0,0,0,2,0,0,1,1,0,0,0,0,0,0,0,0,0,0,0,0,0,0,0,2,1,0,2,0,0,0,2,0,0,0,0,2,0,0,1,0,0,0,0,0,0,2,3,0,0,0,0,0,0,0,1,0,5,3,0,0
0,0,0,0,0,0,0,0,0,0,1,0,1,0,0,0,0,0,0,0,0,1,0,0,0,0,0,0,0,0,1,0,0,0,0,0,0,0,0,0,0,0,0,0,0,0,0,1,0,0,0,0,1,0,0,0,1,0,2,0,0,0,0,0,0,1,0,0,2,3,1,0,0,0,1,0,0,1,0,1,0,1,1,0,0,0,1,0,1,0,0,0,0,1,0,0,0,0,1,0,0,0,0,0,0,0,0,0,0,0,0,0,0,0,0,0,0,0,0,1,0,0,0,0,0,0,1,0,0,0,0,0,0,0,0,0,0,0,0,0,0,0,0,0,0,1,0,0,0,0,2,0,0,0,0,1,0,0,0,0,0,0,0,0,0,0,1,0,0,0,0,0,0,0,0,0,0,0,0,0,0,0,0,0,0,0,0,0,0,0,0,0,0,0,0,0,0,1,0,0,0,0,1,0,0,0,0,0,0,0,0,0,0,1,0,0,0,0,0,1,1,0,1,0,0,1,0,1,0,0,0,1,0,0,0,1,0,0,0,0,0,1,0,0,1,0,2,0,0,0,0,0,1,1,0,0
2,0,0,0,0,0,0,0,0,0,3,0,0,0,1,0,0,0,0,0,0,0,0,0,2,0,0,0,0,0,4,0,0,1,1,1,0,0,0,0,0,0,0,0,0,2,0,0,0,0,0,0,0,0,0,1,0,0,0,0,0,0,3,0,0,0,0,0,0,0,0,0,0,0,0,0,0,0,0,2,0,0,0,0,0,0,0,0,2,0,0,0,1,0,0,0,0,0,0,0,1,0,0,1,0,0,0,0,0,0,0,1,0,0,0,1,0,0,0,0,0,0,0,0,0,0,0,0,0,2,0,0,0,0,1,2,0,3,4,0,0,0,0,0,0,0,0,4,0,0,2,0,0,0,0,1,2,1,0,0,0,0,0,0,0,0,0,0,0,0,0,0,0,0,0,1,0,0,0,0,0,0,0,0,1,0,0,0,0,0,0,0,0,0,2,0,0,0,0,0,0,0,0,0,0,0,0,0,0,0,0,0,0,1,1,0,0,1,0,2,1,1,1,0,0,1,0,0,0,0,0,1,0,0,0,0,0,0,0,0,0,0,0,0,0,0,1,1,0,1,0,0,2,1,0,0
0,0,0,0,0,1,0,0,0,0,0,0,1,0,0,0,0,0,1,0,1,1,0,0,0,0,0,0,1,0,1,0,0,0,0,1,0,0,2,0,0,0,0,0,0,1,1,0,0,0,0,1,0,1,0,0,0,0,0,1,0,0,0,0,0,0,0,0,0,1,0,0,2,0,0,2,0,0,0,1,0,0,0,2,0,0,0,0,1,0,0,0,0,0,1,1,4,0,4,1,0,1,0,0,1,0,0,0,0,0,0,0,0,0,0,0,0,0,0,0,0,0,0,0,2,0,0,3,1,0,0,0,0,0,1,0,0,1,1,0,0,0,1,0,0,1,0,1,1,0,3,0,0,0,0,1,0,0,0,1,1,0,0,0,0,0,0,0,3,0,0,2,0,0,0,0,0,0,0,1,0,0,1,0,0,1,0,0,0,2,0,0,0,0,2,0,0,0,0,1,0,0,1,0,0,0,0,0,0,0,0,0,1,0,0,0,0,0,0,1,0,0,0,2,0,0,0,0,0,0,0,0,0,0,0,1,0,0,0,0,1,0,1,0,0,0,0,0,0,0,0,0,2,1,0,0
0,0,0,0,0,0,0,0,0,0,0,0,0,1,0,1,0,0,0,0,0,0,2,0,0,0,0,0,1,0,1,0,0,1,0,0,0,0,0,0,1,0,0,0,0,1,0,0,0,1,0,0,0,0,0,0,3,0,2,0,0,0,0,1,0,0,0,0,1,3,0,0,2,0,0,0,0,0,0,1,1,2,1,0,1,0,0,0,2,0,0,0,0,0,0,1,0,0,0,0,0,0,0,0,0,1,0,0,0,0,0,0,0,0,0,0,1,0,0,0,0,0,0,0,0,0,0,0,0,0,0,0,0,1,0,0,0,0,1,0,1,0,0,0,0,1,0,1,0,1,2,0,0,1,0,0,1,0,0,0,0,0,0,0,0,0,1,1,0,0,1,0,0,0,0,0,0,0,0,0,0,0,0,1,0,1,0,1,0,2,0,0,1,0,0,1,0,1,2,0,0,1,0,0,0,0,0,2,0,0,0,0,2,1,0,0,0,0,0,1,0,0,2,0,0,0,0,0,0,0,0,0,1,0,0,1,0,0,1,0,0,0,0,0,0,0,3,0,0,0,0,0,1,0,0,0
0,0,0,0,0,0,0,0,0,0,0,0,0,0,0,0,0,1,0,0,0,0,3,0,1,0,0,0,1,0,1,0,0,1,0,0,0,0,1,0,0,0,0,0,0,1,0,0,0,0,0,0,0,1,0,1,1,0,1,0,0,0,0,0,0,0,0,0,1,2,2,0,0,0,0,0,3,0,0,1,0,1,1,0,0,0,0,0,1,0,0,0,0,0,0,0,0,1,0,0,0,0,0,0,0,0,0,0,0,0,0,0,1,0,0,0,0,0,0,1,0,0,0,1,1,0,3,0,0,1,0,1,0,0,0,0,0,0,1,0,0,0,0,0,0,1,0,1,0,0,2,1,0,0,0,1,1,0,0,0,0,0,2,0,0,1,1,0,0,0,1,0,0,0,0,0,1,0,0,0,0,0,0,0,2,0,0,1,0,0,0,0,0,0,0,0,0,0,0,0,0,0,0,0,0,0,0,0,0,1,0,0,0,1,0,0,0,0,0,1,1,0,0,0,0,0,0,0,0,0,1,0,0,0,1,1,3,0,0,0,0,0,0,0,1,0,4,0,0,0,0,0,2,0,2,0
0,0,0,0,0,0,0,0,0,0,0,0,0,0,0,0,0,0,1,0,0,1,0,0,0,0,0,0,1,0,1,0,0,1,0,0,1,0,0,1,0,0,0,0,0,1,0,1,0,1,0,0,0,1,0,1,1,0,1,0,0,0,0,0,0,0,0,0,1,1,1,0,3,0,0,1,0,1,0,1,0,1,1,0,0,0,2,0,1,0,0,0,1,0,0,0,0,0,0,0,0,1,0,0,0,0,0,0,0,0,0,0,1,0,0,0,0,0,0,0,0,0,0,0,0,0,0,0,0,0,0,0,1,0,0,0,0,0,1,0,0,0,0,0,1,0,0,1,0,0,3,0,1,0,0,0,0,0,0,0,0,0,0,0,0,0,1,0,1,0,0,0,0,0,0,0,0,0,0,0,0,0,0,0,0,0,0,0,0,1,0,0,0,0,0,0,0,0,0,0,0,0,0,1,0,0,0,0,0,0,0,0,0,0,0,0,0,0,0,1,0,0,0,0,0,0,0,0,0,0,0,0,0,0,2,2,0,1,0,0,0,0,1,0,0,0,2,0,1,0,0,0,3,0,0,0
0,0,0,0,0,0,0,0,0,0,2,1,0,0,0,0,0,0,0,0,0,0,0,0,0,0,0,1,0,0,2,0,0,0,0,0,0,0,0,0,0,0,0,1,0,0,0,0,0,1,0,0,0,0,0,0,0,0,0,0,0,0,0,0,0,1,0,0,0,0,0,0,0,0,0,0,1,0,0,2,0,0,0,0,0,0,0,0,2,0,0,0,0,0,0,0,0,0,1,0,1,0,0,0,0,0,0,0,0,0,0,0,0,0,0,1,0,0,0,0,0,0,0,0,0,0,0,0,0,0,0,0,0,0,1,0,0,0,2,1,0,0,0,0,0,2,0,2,1,0,5,0,1,0,0,1,2,0,0,0,0,0,0,2,0,0,1,0,0,0,0,0,0,0,0,0,0,1,0,0,0,0,1,0,0,0,0,0,0,2,0,0,0,0,0,0,0,0,0,0,0,0,0,1,0,0,0,0,0,0,3,0,0,5,1,1,0,2,0,5,2,1,1,0,0,0,0,0,0,0,0,1,0,0,0,0,0,0,0,0,0,1,2,0,0,0,0,0,0,0,1,0,3,0,0,0
0,0,0,0,1,1,0,0,1,0,1,0,2,0,1,0,0,0,1,0,1,0,0,0,0,0,0,1,0,0,2,2,0,2,1,0,0,0,0,0,1,0,0,0,0,1,0,0,0,1,0,0,0,0,0,0,0,0,0,0,0,0,0,0,0,0,0,0,0,0,0,0,1,0,0,0,0,0,0,2,0,0,0,0,0,0,0,0,2,0,0,0,1,0,0,0,0,0,0,1,0,0,0,0,0,0,0,0,0,0,0,0,0,0,0,0,0,0,0,0,0,0,0,0,0,0,0,0,0,0,0,0,0,0,0,0,0,2,3,0,0,0,0,0,0,1,3,2,0,0,5,0,0,0,0,3,1,0,0,1,0,0,0,2,0,0,1,0,1,0,0,1,0,0,0,1,1,0,0,0,0,0,0,0,1,0,0,0,0,2,0,0,0,0,0,1,0,0,0,0,0,0,0,0,0,0,0,0,0,0,0,0,1,0,0,0,0,0,0,2,1,0,1,0,0,0,0,0,0,0,0,0,0,0,0,0,0,0,0,0,0,0,3,0,0,0,0,0,0,0,1,0,4,0,0,0
0,0,0,0,0,1,0,0,0,0,0,0,0,0,0,0,0,0,1,0,2,0,0,0,0,0,0,0,0,0,1,0,0,0,0,0,0,0,0,0,0,0,0,0,0,1,0,0,0,0,0,0,0,0,0,1,0,1,1,0,0,0,0,0,0,0,0,0,1,2,0,0,0,0,0,0,0,0,1,1,0,1,0,0,0,0,2,0,5,0,0,0,0,0,0,0,0,0,0,0,3,0,0,0,0,0,0,0,0,0,0,0,0,0,0,0,1,0,0,0,0,0,0,0,0,1,1,0,0,0,0,0,0,0,0,0,0,0,1,0,0,0,0,0,0,1,0,1,0,0,2,0,0,0,0,0,0,0,1,0,0,0,0,3,0,0,1,0,0,0,0,0,0,0,0,0,3,1,0,0,0,0,0,0,0,3,0,0,0,2,0,0,0,0,0,0,0,0,0,0,0,0,0,0,0,0,0,0,0,0,0,0,0,2,0,1,0,1,0,1,1,0,0,0,0,0,0,0,0,0,0,0,0,0,0,0,0,0,0,0,0,0,3,1,0,0,0,1,0,0,0,0,5,1,0,0
0,0,0,0,2,0,1,0,0,0,0,0,0,1,2,0,0,0,4,0,0,3,0,0,0,0,0,0,0,6,0,0,0,0,1,0,0,0,2,1,2,0,0,0,1,3,0,0,1,2,4,0,0,3,0,0,1,0,1,0,1,0,0,0,0,1,0,0,1,3,0,0,0,0,0,0,1,0,1,0,0,2,1,0,0,0,0,0,0,0,0,0,0,0,0,0,0,0,2,0,0,0,0,0,0,0,0,0,1,0,0,0,0,0,1,0,0,0,1,0,0,0,0,0,0,0,0,0,0,0,0,0,0,0,0,0,0,0,0,0,0,1,0,0,3,1,0,0,0,0,0,0,0,0,0,0,0,0,0,0,0,1,1,0,1,0,1,0,0,0,1,0,0,0,0,0,1,0,0,4,0,2,0,0,0,0,0,2,0,1,0,0,0,0,1,2,0,0,1,0,0,1,0,3,0,0,0,2,0,2,0,1,1,0,0,0,0,4,0,2,0,0,5,0,0,1,0,1,0,0,0,1,0,1,0,1,0,0,2,0,0,0,0,0,0,0,2,0,1,0,0,0,0,0,0,0
0,0,0,0,0,1,0,0,0,0,0,0,0,0,0,0,0,0,0,0,0,2,0,0,0,0,0,0,0,0,0,0,0,0,0,0,0,0,0,0,0,0,0,0,0,0,0,1,0,2,0,0,0,2,0,0,2,0,3,0,0,0,0,0,0,0,0,0,3,2,0,0,0,0,0,0,0,2,3,0,0,2,2,0,0,0,1,0,0,0,0,0,1,1,0,0,0,0,0,0,0,0,0,0,0,0,0,0,0,0,0,0,0,0,0,1,0,0,0,0,0,0,0,0,0,0,1,0,0,0,0,0,0,0,0,0,0,0,0,0,0,0,0,0,0,0,0,0,0,0,0,0,0,0,0,0,0,0,0,0,0,0,0,0,0,0,2,0,0,0,1,0,0,0,2,0,0,0,0,0,0,0,0,0,0,0,0,0,0,0,0,0,0,0,0,0,0,0,1,0,0,0,0,1,1,0,0,0,0,0,0,1,0,0,0,0,0,0,0,1,0,0,0,0,0,0,0,0,0,0,0,0,0,0,0,3,0,0,3,0,0,0,0,1,0,0,4,1,0,0,0,0,0,2,0,0
0,0,0,0,0,0,0,0,0,0,0,0,0,0,0,0,1,1,0,0,0,0,0,0,0,0,1,0,0,0,1,0,0,0,0,0,0,0,1,0,0,0,1,0,1,1,0,0,0,0,0,0,0,0,0,0,0,0,0,0,1,0,1,0,0,0,1,0,1,0,0,0,0,0,0,0,1,0,0,1,1,0,0,0,0,0,1,0,4,0,1,0,1,1,0,0,0,0,0,0,0,0,0,0,1,0,0,0,0,0,0,0,1,0,0,0,0,0,0,0,0,0,0,0,0,0,0,0,0,1,0,0,1,1,0,0,0,0,1,0,0,0,0,1,0,0,0,1,0,0,2,0,0,0,0,0,0,0,0,0,0,0,0,2,0,0,0,0,0,1,0,0,0,0,2,0,1,2,0,1,0,0,1,0,0,0,0,0,0,0,1,1,0,0,0,0,0,0,0,1,0,0,0,0,0,0,0,0,0,0,0,0,0,2,0,0,0,0,0,1,0,0,0,0,0,0,0,0,0,1,0,0,0,0,1,0,2,0,1,1,0,0,1,0,1,1,0,0,1,0,1,0,3,0,0,1
2,0,0,0,0,0,0,0,0,0,2,0,2,0,0,0,0,0,0,0,0,0,4,0,4,0,3,0,0,0,3,0,0,0,2,0,0,0,0,0,0,0,0,0,1,1,0,0,0,0,0,0,0,0,0,0,0,0,0,0,0,0,0,1,0,0,0,0,1,0,0,1,0,0,0,0,0,0,0,2,0,0,0,0,0,0,0,0,2,0,0,0,1,0,0,0,2,4,0,0,2,0,0,0,0,0,0,0,0,0,0,0,0,1,0,1,2,0,0,0,0,0,0,0,0,2,0,0,0,0,0,0,0,0,2,1,0,0,3,0,0,0,1,0,0,1,0,3,0,0,2,0,0,0,0,0,2,0,0,1,0,1,3,0,0,2,0,0,0,0,0,1,1,0,0,0,0,0,0,0,1,0,0,0,0,2,2,0,3,1,0,0,0,0,0,0,0,1,0,2,0,0,0,0,0,0,0,0,0,0,0,0,1,0,0,0,0,2,0,1,1,1,0,0,0,0,0,0,0,0,0,3,0,0,0,0,0,0,0,0,0,0,1,0,0,0,0,0,0,0,0,0,3,1,0,0
0,0,0,1,0,0,0,0,0,0,3,0,5,0,0,0,0,3,1,0,2,0,0,0,0,0,0,0,0,0,4,1,0,0,0,0,0,0,0,0,0,0,0,1,0,0,0,0,0,0,0,0,1,0,0,1,0,0,0,0,0,0,0,1,0,0,0,0,1,0,0,0,0,0,0,1,0,0,0,2,0,0,0,0,0,0,0,0,2,0,0,0,0,0,0,0,0,0,0,0,2,0,0,1,0,0,0,0,1,1,0,0,1,2,0,0,1,0,0,0,1,2,0,0,0,0,0,0,0,0,0,0,0,0,2,1,0,0,2,0,0,0,0,0,0,0,0,2,0,0,4,0,0,0,0,0,0,0,0,0,0,1,0,3,0,0,0,0,1,0,0,0,0,0,0,0,2,0,0,0,1,0,0,1,0,1,0,0,0,0,0,0,1,0,0,0,0,0,0,2,0,0,0,0,0,0,0,0,0,0,0,0,1,2,2,0,0,0,0,1,1,0,1,0,0,0,0,0,0,0,0,0,0,0,0,0,0,0,0,0,2,0,3,0,1,0,0,0,0,0,1,0,4,0,0,3
0,0,0,0,0,0,0,0,0,0,0,0,0,1,0,1,0,0,3,1,0,1,0,0,0,0,0,0,0,1,0,0,0,0,0,0,0,0,0,0,0,0,0,0,0,0,0,0,0,0,0,0,0,0,0,0,1,0,1,0,0,0,0,0,0,1,0,0,1,2,0,1,0,0,0,0,0,1,1,0,0,1,0,0,0,0,1,0,1,0,0,0,1,0,0,0,0,0,1,1,0,0,0,0,1,0,0,0,0,0,0,0,0,1,0,0,0,0,0,0,0,0,0,0,0,0,1,0,0,0,2,0,0,0,0,0,0,0,0,0,0,0,1,0,0,1,0,0,1,1,1,0,0,0,0,0,0,0,0,0,0,0,0,0,0,0,1,0,0,0,0,0,0,0,0,0,1,0,0,0,0,0,0,0,0,0,0,0,0,0,0,0,0,0,1,0,0,0,0,0,0,0,0,0,0,0,0,0,0,0,0,0,0,1,0,0,0,0,0,0,0,1,0,0,0,0,0,0,0,0,0,0,0,0,1,1,0,0,0,0,0,1,1,0,0,0,3,0,1,0,0,0,0,2,0,0
0,0,0,0,0,0,0,0,0,0,2,0,2,0,0,0,0,0,1,0,0,0,0,0,0,0,0,0,0,0,2,0,0,1,0,0,0,0,0,0,0,0,0,0,0,2,0,0,0,0,0,0,0,0,0,1,0,0,0,0,0,0,1,0,0,0,0,0,0,0,0,0,0,0,0,0,0,0,0,2,0,0,0,0,0,0,0,0,2,0,0,0,0,0,0,0,0,1,0,1,0,0,0,0,1,0,0,0,0,0,0,0,0,0,0,0,0,0,0,0,0,0,0,0,0,0,0,0,0,0,0,0,0,0,0,0,0,0,2,0,0,0,0,0,0,0,0,2,0,0,3,0,0,0,0,0,0,0,0,0,0,0,0,0,0,0,0,0,0,0,0,0,0,0,0,0,0,0,0,0,0,0,0,0,1,1,0,0,1,1,0,0,0,0,0,0,0,0,0,3,0,0,0,1,0,0,0,0,0,0,1,0,0,2,0,1,0,2,0,2,2,0,1,0,0,1,0,0,0,0,0,3,0,0,0,0,0,0,0,0,0,1,1,0,0,0,0,0,0,0,1,0,3,0,0,1
1,0,0,1,0,2,0,0,0,0,0,1,0,0,0,0,0,0,0,0,0,0,0,0,0,0,0,0,0,0,2,0,0,0,0,0,0,0,2,0,0,0,0,0,0,0,0,0,0,0,0,0,0,0,0,0,0,0,0,1,0,0,0,0,0,0,0,0,0,0,0,0,0,0,0,0,0,0,0,2,0,0,0,0,0,0,0,0,2,0,0,0,1,0,0,0,0,0,0,0,2,0,0,0,0,0,0,0,0,0,0,0,0,1,0,0,1,0,0,0,0,0,0,0,0,1,0,0,0,0,0,0,0,0,1,1,1,0,2,0,0,0,2,0,0,1,0,3,0,0,5,1,0,0,0,1,0,0,0,0,0,1,0,0,0,0,1,0,0,0,0,0,0,0,0,0,0,0,0,0,0,0,0,0,0,0,0,0,0,0,0,0,0,0,0,0,0,0,0,0,0,0,0,0,0,0,0,0,0,1,0,0,0,2,0,0,0,0,0,1,1,0,2,0,0,0,0,0,0,0,0,2,0,0,0,0,0,0,0,0,0,0,1,0,1,0,0,1,0,0,0,0,4,0,0,0
0,0,0,0,0,0,0,0,0,0,0,0,0,0,0,0,0,0,0,0,0,0,0,0,0,0,0,0,0,0,0,0,0,0,0,0,0,0,0,1,0,0,0,0,0,0,0,0,0,2,0,0,0,3,0,0,2,0,2,1,1,0,0,0,1,0,1,0,2,4,0,0,0,0,0,0,0,1,0,0,0,3,1,0,0,0,1,0,0,0,0,0,1,1,0,2,0,0,1,0,1,0,0,0,0,1,0,0,0,0,0,0,0,0,0,0,0,0,0,0,0,0,0,0,0,0,1,0,0,0,0,0,0,0,0,0,0,0,0,0,0,0,0,0,0,0,0,0,0,0,0,0,0,0,0,0,0,0,0,0,0,0,0,0,1,0,2,0,0,0,2,0,1,0,0,0,0,1,1,0,0,0,0,0,0,1,0,0,0,0,0,0,0,0,0,0,1,1,1,2,0,0,1,0,0,0,0,0,0,0,0,1,0,0,0,0,0,0,0,0,1,0,0,0,0,0,0,0,0,0,1,0,0,0,0,2,0,2,0,0,0,1,0,0,0,0,6,0,0,0,1,0,0,0,0,0
0,0,0,0,0,0,0,0,0,0,0,0,3,0,0,0,0,0,0,0,1,0,0,0,0,0,0,0,0,0,2,0,0,0,0,0,0,0,0,1,0,0,0,0,0,0,0,0,0,0,1,0,0,0,0,0,0,0,1,0,0,0,0,0,0,0,0,0,0,2,0,0,0,0,0,0,0,0,0,2,0,0,0,0,0,0,0,0,2,0,0,0,1,0,0,0,0,0,0,0,2,0,0,0,0,0,0,0,0,0,0,0,0,0,0,1,1,0,0,3,0,0,0,0,0,1,0,0,0,0,0,0,1,0,1,0,0,0,1,0,0,0,0,0,0,0,0,2,0,0,3,0,0,0,1,0,0,0,0,0,0,0,1,0,0,0,0,0,0,0,1,0,0,0,0,0,0,0,0,0,0,0,0,0,1,0,1,0,0,0,0,0,0,0,0,0,0,0,0,3,0,0,0,0,0,0,0,0,0,0,0,0,0,0,0,0,0,1,0,3,0,0,1,0,0,0,0,0,0,0,0,2,0,0,1,0,0,0,0,0,0,0,1,0,0,0,0,0,0,0,2,0,4,0,0,1
0,0,0,1,0,0,0,0,0,0,0,0,0,1,0,0,0,0,1,0,0,0,1,0,0,0,0,0,0,0,0,0,1,0,0,0,0,0,0,1,0,0,0,0,0,0,0,0,0,1,1,0,0,6,0,0,2,0,3,0,0,0,0,1,0,0,0,0,2,7,0,0,0,0,0,0,1,0,0,0,0,3,1,0,0,1,0,0,2,0,0,0,1,3,0,1,0,0,3,0,0,0,0,0,0,0,0,0,0,0,0,1,1,0,0,0,0,0,0,0,0,0,0,1,0,0,3,0,0,0,0,0,0,0,0,0,0,0,0,1,0,0,0,0,0,0,0,1,0,0,0,0,0,0,0,0,0,0,0,0,0,0,0,0,1,0,2,0,0,0,0,0,0,0,1,3,1,2,0,2,0,0,0,0,0,0,1,1,0,0,0,0,0,0,0,0,0,1,0,1,0,1,0,0,0,0,0,0,0,0,0,0,0,0,0,0,0,0,0,0,1,0,0,0,0,0,0,0,0,0,0,4,0,0,1,2,0,2,0,0,0,1,0,0,0,0,6,0,0,0,0,0,0,1,0,0
0,0,0,0,0,0,0,0,4,0,0,0,1,0,0,0,0,1,1,0,1,0,0,0,0,0,1,0,0,0,1,0,0,0,0,0,0,0,0,0,0,0,0,0,0,1,0,1,0,3,3,0,0,3,0,1,1,0,1,0,0,0,0,0,0,1,0,0,2,1,0,0,0,0,0,0,0,0,0,1,1,1,2,0,0,0,0,0,1,0,0,0,0,0,0,0,0,1,6,0,2,0,0,0,0,0,0,1,0,0,0,1,0,0,1,0,1,0,0,0,0,0,0,0,0,1,2,0,0,0,0,0,0,0,0,1,0,0,2,0,0,0,0,0,0,0,1,1,0,0,2,0,0,0,1,2,0,0,0,1,1,0,0,0,0,0,1,0,1,0,0,0,0,0,0,0,3,0,0,1,0,0,0,0,0,0,0,0,0,1,0,0,0,0,0,0,0,0,0,0,0,1,0,0,0,0,0,0,0,0,0,1,0,0,2,0,0,0,0,1,1,0,2,0,0,0,0,0,0,0,0,0,0,0,0,1,0,0,0,0,0,1,0,0,0,0,4,0,0,0,0,0,2,1,2,0
0,0,0,0,0,0,0,0,1,0,0,0,1,0,0,0,0,0,1,0,0,0,0,0,0,0,0,1,0,0,2,0,0,0,0,1,0,0,0,0,0,0,0,0,0,2,0,0,0,0,0,0,0,0,0,0,0,0,0,0,0,0,0,0,0,0,0,0,0,0,0,0,0,0,0,0,0,0,0,2,0,0,0,0,0,1,0,0,2,0,0,0,0,0,0,0,1,0,0,0,0,0,0,0,0,0,0,0,0,0,0,0,0,1,0,0,2,0,0,0,0,1,0,0,0,1,0,0,0,0,0,0,0,0,1,0,0,0,2,0,1,0,0,1,0,0,0,3,0,0,4,0,1,0,0,2,0,0,0,0,0,0,1,0,0,0,0,0,0,0,1,0,0,0,0,0,0,2,0,0,1,0,0,0,0,0,0,0,0,1,0,0,0,0,0,0,0,0,0,2,0,0,0,0,0,0,0,0,1,1,0,1,0,0,0,0,0,0,0,2,2,0,1,0,0,0,0,0,0,0,0,1,0,0,0,0,0,0,0,0,0,0,2,0,0,0,0,0,0,0,0,0,2,0,0,0
0,0,0,0,0,0,0,0,0,0,0,0,1,0,0,0,0,0,2,0,0,0,0,0,0,0,0,0,0,1,2,0,0,2,0,0,0,0,1,0,0,0,0,0,0,3,0,1,0,0,0,0,0,0,0,0,0,0,0,1,0,0,0,0,0,0,0,0,1,0,0,0,0,0,0,0,0,0,0,2,0,0,0,0,0,1,0,0,2,0,0,0,0,0,2,0,0,0,1,1,1,0,0,0,0,0,0,0,0,0,0,0,0,0,0,0,2,0,0,1,0,0,0,1,0,0,1,0,0,0,0,0,0,0,0,0,0,0,2,0,0,0,0,0,0,0,0,2,0,0,2,0,0,0,0,0,0,0,0,0,0,0,0,1,0,0,0,0,0,0,0,0,0,0,0,0,0,0,0,0,0,0,0,0,0,1,0,0,0,0,0,0,0,0,0,0,0,0,0,3,0,1,1,0,0,0,0,0,1,0,0,0,0,3,0,0,0,0,0,2,1,0,0,0,0,0,0,0,0,0,0,0,0,0,1,0,0,0,0,1,0,0,1,0,0,0,0,0,0,0,0,0,3,0,0,0
0,0,0,0,0,0,0,0,0,0,0,0,0,0,0,0,0,1,1,0,0,1,0,0,0,0,0,0,0,0,3,0,0,0,0,0,0,0,0,0,0,0,0,0,0,1,0,0,0,0,0,0,0,0,0,0,0,0,1,0,0,0,0,0,0,0,0,0,1,2,0,0,0,0,0,0,0,0,1,3,0,0,0,0,0,0,0,0,2,0,0,0,0,0,0,0,0,0,0,0,2,0,0,0,0,0,0,0,0,0,0,0,0,0,0,0,1,0,0,0,0,0,1,0,0,0,0,0,0,0,0,0,0,0,0,0,0,0,1,0,0,0,0,0,0,0,0,1,0,0,2,0,0,0,1,0,0,0,0,0,0,0,1,0,0,0,0,1,0,0,1,0,0,0,0,0,1,2,0,0,0,0,0,0,0,0,0,0,0,0,1,0,0,0,0,0,0,0,0,2,0,0,2,0,0,0,0,0,0,0,0,0,1,0,0,1,0,2,0,4,1,0,1,0,0,0,0,0,0,0,0,0,0,0,1,0,0,0,0,0,1,0,3,0,0,0,0,1,0,0,0,0,3,0,0,0
0,0,0,0,0,0,1,0,0,0,0,0,1,0,0,0,0,2,0,0,2,1,0,0,0,0,0,0,0,0,1,0,0,2,0,0,0,0,1,0,0,0,0,1,0,1,0,0,0,0,0,2,1,1,1,0,1,1,2,0,0,0,0,0,0,2,0,0,1,0,0,0,0,0,0,1,0,1,0,1,0,1,1,0,0,0,0,0,1,0,0,0,0,2,0,0,0,0,3,0,0,0,2,0,0,0,0,0,0,0,0,2,1,3,0,0,1,0,0,0,0,0,0,0,0,0,2,0,0,0,0,1,0,0,0,0,0,0,1,0,0,0,0,0,0,0,1,2,1,0,2,0,0,1,3,0,0,0,0,1,0,0,1,0,0,0,1,0,0,0,3,0,0,0,0,0,1,0,0,0,1,0,0,0,0,0,0,0,0,0,0,1,0,0,0,0,0,0,0,1,0,1,1,0,0,0,0,0,0,0,0,1,0,2,0,0,0,2,0,4,1,0,0,0,0,0,0,0,1,0,0,1,1,0,2,1,0,0,0,0,0,0,1,0,1,0,3,0,0,0,0,0,3,0,1,0
0,0,0,0,0,0,0,0,0,0,2,0,4,0,0,0,0,0,0,0,0,0,0,0,0,0,0,1,0,0,2,0,0,0,0,0,0,0,0,0,0,0,0,0,0,0,0,0,0,0,0,0,0,0,0,0,0,0,0,0,0,0,0,0,0,0,0,0,0,0,0,0,0,0,0,0,0,0,0,2,0,0,0,0,0,0,0,0,2,0,0,0,0,0,0,0,0,0,1,0,2,0,0,0,0,0,0,0,0,0,0,0,0,0,0,1,1,0,0,1,0,0,0,0,0,4,0,0,0,0,0,0,0,0,0,0,0,0,2,0,0,0,0,0,0,2,0,3,0,0,6,0,0,0,1,2,1,0,2,0,0,0,1,0,0,0,0,0,0,0,1,0,0,0,0,0,0,0,0,0,0,0,0,0,0,0,0,0,1,0,0,0,0,0,0,0,0,0,0,2,0,0,0,0,0,0,0,0,0,0,0,0,0,0,0,0,0,0,0,2,1,2,2,1,0,0,1,0,0,0,0,1,0,0,0,0,0,0,0,0,0,0,3,0,0,0,1,0,0,0,0,0,3,0,0,0
0,0,0,0,0,0,0,0,0,0,0,0,3,0,0,0,0,0,2,0,1,0,0,0,0,0,0,0,0,0,2,0,0,0,0,0,0,0,0,0,0,0,0,0,0,0,0,0,0,0,0,0,0,0,0,0,0,0,0,0,0,0,0,0,0,1,0,0,0,2,0,0,2,1,0,0,1,0,0,3,0,0,0,0,0,2,0,0,3,0,0,0,0,0,0,0,0,0,0,0,1,0,0,0,0,0,0,0,0,0,0,1,0,0,0,0,0,0,0,0,0,0,0,0,0,0,0,0,0,0,0,0,0,0,0,0,0,1,4,0,0,0,0,0,0,1,0,2,0,0,3,0,1,0,0,3,0,0,0,0,0,0,0,1,0,0,0,0,0,0,1,0,0,0,0,1,2,0,0,0,0,0,0,0,0,1,1,0,0,2,0,0,0,0,0,0,0,0,0,1,0,0,0,0,0,0,0,0,0,1,0,0,0,0,0,0,0,0,0,2,2,0,1,0,0,0,0,0,0,0,0,1,0,0,2,0,0,0,0,0,0,0,3,0,0,0,2,0,0,0,2,0,4,0,0,2
0,0,0,0,0,0,0,0,0,0,0,0,1,0,0,0,0,1,2,0,0,0,0,0,0,0,0,1,0,0,1,0,0,0,0,0,0,0,0,0,0,0,1,0,1,0,0,0,0,0,0,0,1,0,0,0,0,0,0,0,1,0,0,0,0,0,0,1,0,0,0,0,0,0,0,0,1,0,0,2,1,0,0,0,0,0,0,0,2,0,1,0,0,1,0,0,0,0,0,0,1,0,0,0,0,0,0,0,0,0,2,0,0,0,0,0,3,0,0,0,0,0,0,0,0,0,0,0,0,0,0,0,0,0,0,0,0,0,1,0,1,0,0,0,1,1,0,1,1,0,1,0,0,0,0,2,1,0,0,0,0,0,0,0,0,0,0,0,0,1,0,0,0,0,0,0,0,0,0,3,0,0,0,0,0,0,1,0,0,0,0,0,0,0,0,0,0,0,0,2,0,0,0,0,0,0,0,0,0,0,0,1,0,0,1,0,0,2,0,3,2,0,0,0,0,0,0,0,0,0,0,0,0,0,0,0,0,0,2,0,0,0,1,0,0,0,0,0,0,0,0,1,1,0,0,0
0,0,0,0,0,1,0,0,0,0,1,0,2,2,0,0,0,0,4,0,0,0,0,0,0,0,0,0,0,0,1,0,0,0,0,0,0,0,0,0,0,0,0,0,2,0,0,0,0,2,2,0,0,2,1,0,2,0,1,0,0,0,0,0,0,0,0,0,1,4,0,0,0,0,0,0,0,0,0,2,0,1,0,0,0,0,0,1,2,0,0,0,1,2,0,0,0,0,1,0,4,0,0,0,0,0,0,0,2,0,0,1,0,0,0,2,1,1,0,0,0,0,0,0,0,0,1,0,0,0,0,0,0,0,0,0,0,1,1,0,0,0,0,0,0,0,0,1,0,0,1,0,0,0,0,0,1,0,0,0,0,0,0,3,0,0,1,1,0,0,1,0,0,0,1,0,2,1,0,0,0,1,0,1,0,0,0,0,0,0,0,1,0,0,0,1,1,0,0,0,0,0,0,2,0,0,0,0,0,0,0,0,0,1,0,0,0,0,0,1,1,1,2,0,0,0,0,0,2,2,1,0,0,3,0,1,0,0,1,0,0,1,0,0,2,0,3,0,0,0,0,0,2,0,0,0
0,0,0,0,0,0,0,0,0,0,0,1,0,0,0,0,0,0,0,0,0,0,0,0,0,0,0,0,0,0,0,0,0,0,0,0,0,0,0,0,0,0,0,0,0,0,0,0,0,1,1,0,0,2,0,0,0,0,1,0,0,0,0,0,0,0,0,0,1,2,0,1,1,0,0,1,0,0,0,0,0,3,0,2,0,0,1,0,1,1,0,0,0,0,0,0,2,3,1,0,0,1,0,0,1,0,0,0,0,0,0,0,0,0,1,0,0,0,0,0,1,0,0,0,0,0,1,0,0,0,0,0,0,0,0,0,0,0,0,0,0,0,0,0,0,2,0,0,0,0,1,0,0,0,0,1,1,0,0,0,0,0,0,0,0,0,1,0,0,1,0,0,0,1,0,0,1,1,0,0,0,0,3,1,0,0,0,0,0,0,0,0,0,0,0,0,0,0,0,0,0,0,0,0,0,0,0,0,0,0,0,0,0,0,0,0,0,0,0,1,0,0,0,0,0,0,0,1,0,0,1,1,0,0,0,2,2,0,0,1,0,1,1,1,1,0,3,1,0,0,1,0,0,1,0,0
0,0,0,0,0,0,0,0,0,0,0,0,2,0,0,0,0,1,0,0,0,0,3,0,0,0,0,1,1,0,2,0,0,0,0,0,0,0,0,0,0,0,0,0,0,2,0,0,0,0,0,0,1,0,0,0,0,0,0,0,0,0,0,0,0,0,0,0,0,0,0,0,0,0,1,0,0,0,0,2,0,0,0,0,0,0,0,0,2,0,0,0,0,0,0,0,0,1,0,0,0,1,0,0,0,0,0,0,0,0,0,0,0,0,0,0,0,0,1,0,0,0,0,0,0,0,0,0,0,1,0,0,3,0,2,0,0,0,2,0,0,0,0,0,0,2,0,3,0,0,3,1,3,0,0,5,1,0,0,0,0,0,1,0,0,1,0,0,0,0,2,0,0,0,0,0,1,1,0,0,0,0,0,0,0,0,0,0,0,0,0,0,0,0,0,1,0,0,0,1,0,0,0,1,0,1,1,0,0,2,0,0,0,1,1,1,0,0,0,3,2,0,2,0,0,0,0,0,0,0,0,0,0,0,1,0,0,0,0,0,0,0,1,0,1,0,0,0,0,0,0,0,4,2,1,0
0,0,0,0,0,0,0,0,0,0,0,0,0,0,0,0,0,0,0,0,0,1,0,0,0,0,0,0,0,0,1,0,0,0,0,0,0,0,0,0,0,0,0,0,0,1,0,0,0,0,0,0,0,0,0,0,1,0,1,0,0,0,0,0,0,0,0,0,1,0,0,0,0,0,0,0,0,0,0,1,0,1,1,0,0,0,0,0,1,0,0,0,0,0,0,0,0,0,0,0,0,0,0,0,1,0,0,0,0,0,0,1,0,0,0,0,0,0,0,0,0,0,0,1,0,2,2,0,0,0,0,0,0,0,0,0,0,0,1,1,0,0,0,0,0,1,0,1,0,0,1,0,0,0,0,2,1,0,0,1,0,0,0,0,0,0,1,0,0,0,0,0,0,0,1,0,0,0,0,0,0,0,0,0,0,0,0,1,0,0,0,0,0,0,0,0,0,0,0,1,0,0,0,0,0,0,0,0,0,0,0,0,0,1,0,0,0,1,0,1,2,0,0,0,0,0,0,0,0,0,1,2,1,0,0,1,0,0,0,0,0,1,1,0,0,0,3,0,1,0,0,0,1,1,0,0
0,0,0,0,0,0,0,0,0,0,0,0,1,0,0,0,0,0,0,0,0,0,0,0,0,0,0,0,0,0,1,0,0,0,0,0,0,0,0,0,0,0,0,0,0,0,0,0,0,0,0,0,0,2,0,0,1,0,1,0,0,0,0,0,0,0,0,0,1,2,1,0,0,0,0,0,0,0,0,1,0,1,2,0,0,0,2,0,1,0,0,0,0,0,0,0,0,0,1,0,2,0,0,0,0,0,0,0,0,0,0,0,0,0,0,1,2,0,0,0,0,0,0,0,0,0,1,0,0,0,0,0,1,0,0,0,0,0,1,0,0,0,0,0,0,0,0,1,0,0,1,0,0,0,0,1,0,0,0,0,0,0,0,3,0,0,1,0,0,0,0,0,0,0,0,0,0,0,0,0,0,0,0,0,0,1,1,0,0,0,0,0,0,0,0,0,0,0,0,1,0,0,0,0,0,0,0,0,0,0,0,0,0,0,0,1,0,0,0,0,0,0,1,0,0,0,0,0,0,0,0,0,0,0,0,1,1,1,0,0,0,2,0,0,0,0,3,0,0,0,0,0,1,1,0,0
0,0,0,0,0,2,0,0,3,0,0,0,1,0,1,0,0,0,0,0,1,0,1,0,0,0,0,0,0,0,0,0,0,0,0,0,0,0,0,0,0,1,0,0,2,0,0,0,0,1,0,0,0,2,0,0,2,2,2,0,0,0,0,1,0,0,0,0,2,4,4,0,0,0,0,0,0,0,0,0,0,2,1,0,0,0,3,0,1,0,0,0,0,0,0,0,0,0,2,0,0,1,0,0,0,0,0,0,0,0,0,0,0,0,0,1,0,0,0,0,0,0,0,0,0,0,4,0,0,0,0,0,0,0,0,0,0,0,0,1,0,0,0,0,1,1,1,0,0,0,0,0,0,0,1,0,0,0,0,1,0,0,2,0,0,0,2,0,0,0,2,0,0,0,0,0,0,0,0,0,0,0,0,0,1,0,0,0,0,0,0,0,0,0,0,0,0,0,1,1,0,1,0,1,0,2,0,0,0,0,0,1,1,1,1,0,0,1,0,0,1,0,1,0,0,1,0,0,0,2,0,0,0,0,2,2,0,1,0,1,0,0,0,2,1,0,8,0,0,0,1,0,0,2,0,0
1,0,1,0,0,0,0,0,0,0,1,0,1,0,0,0,0,0,1,0,2,2,1,0,1,0,0,0,0,0,1,0,0,3,2,0,1,0,0,0,0,0,0,2,0,0,0,0,0,2,0,2,2,1,0,0,1,0,2,3,0,0,0,0,0,0,0,0,2,3,2,2,0,0,0,0,2,1,0,1,0,1,1,0,0,0,0,0,1,0,0,0,0,0,0,0,0,0,1,0,0,0,0,1,1,0,0,0,0,0,0,0,0,0,0,0,0,0,0,0,0,1,0,0,0,0,3,0,0,0,2,0,0,0,0,0,0,1,0,0,0,0,0,0,0,0,0,0,3,0,3,0,0,0,0,0,0,0,0,0,0,0,1,1,0,0,1,0,0,0,0,1,0,0,0,0,0,0,0,0,0,0,0,0,0,1,0,1,0,0,0,0,0,1,0,0,0,0,1,1,0,0,2,0,0,0,0,0,0,0,0,1,1,0,0,0,0,0,0,1,1,0,1,0,0,2,0,0,0,0,0,4,0,0,0,2,0,0,0,0,0,0,1,0,0,0,2,0,0,0,0,0,3,1,0,0
0,0,0,0,0,0,0,0,0,0,1,0,1,0,0,0,0,0,0,0,1,0,0,0,0,0,1,2,0,0,2,0,0,0,0,0,0,0,0,0,0,0,0,0,0,0,0,0,0,0,0,0,0,0,0,0,0,0,0,0,0,0,0,0,0,0,0,0,0,0,0,0,0,0,0,0,0,0,0,2,0,0,0,0,0,0,0,0,2,0,0,0,0,0,0,0,0,0,0,1,0,0,0,0,0,0,0,0,0,0,0,0,0,0,0,0,0,0,0,0,1,0,0,1,0,1,0,0,0,0,0,0,2,0,0,1,0,0,2,0,0,0,0,0,0,2,0,2,1,0,4,0,1,0,0,0,2,0,0,0,0,1,0,0,0,0,0,0,1,0,0,0,0,0,0,0,2,0,0,0,1,0,0,0,0,1,0,0,0,0,0,0,0,0,0,0,0,0,0,1,0,0,0,0,0,0,0,0,0,1,0,0,0,1,0,0,0,0,1,2,1,0,0,0,0,0,0,0,0,0,0,0,0,0,0,0,0,1,0,0,0,0,3,0,1,0,0,0,0,1,0,0,4,0,0,0
0,0,0,0,0,0,0,0,0,0,0,1,0,0,0,0,0,0,1,0,1,0,0,0,1,0,0,0,0,0,3,0,0,1,0,0,0,0,1,1,0,0,0,0,1,2,0,0,0,0,0,0,0,0,0,0,0,0,0,0,0,0,0,0,0,0,0,0,1,0,0,0,2,0,0,2,0,0,0,2,0,0,0,0,0,0,0,0,3,0,0,0,0,0,1,0,0,0,0,0,0,0,0,0,0,0,0,0,0,0,0,0,0,0,0,0,1,0,0,0,1,1,0,0,0,0,0,0,0,0,0,0,0,0,2,0,2,0,3,0,0,0,0,0,0,0,0,2,0,0,3,0,1,0,0,1,1,0,0,0,0,0,1,1,0,0,0,0,0,0,0,0,0,0,0,0,1,0,0,0,0,0,0,0,0,0,0,0,0,0,0,0,0,0,0,1,0,0,0,5,0,0,0,0,0,0,1,0,0,0,0,0,0,0,0,0,0,0,1,5,2,0,0,0,0,0,0,0,0,0,0,4,0,0,0,0,0,0,0,0,0,0,4,0,0,0,0,0,1,1,1,0,8,0,0,1
0,0,0,0,0,0,0,0,0,0,0,0,0,0,0,0,0,0,0,0,0,0,0,0,0,0,0,0,0,0,1,0,0,0,0,0,0,0,0,0,0,0,0,0,0,0,0,1,0,2,0,1,0,2,0,1,1,0,1,0,0,0,0,0,0,0,0,0,1,3,0,0,0,0,0,0,0,0,0,1,0,1,1,0,0,3,0,0,1,0,0,0,0,1,0,0,0,0,1,0,1,0,0,0,0,0,0,0,0,0,0,0,2,0,0,0,1,0,0,0,2,0,0,0,0,0,2,0,0,0,0,0,0,0,0,0,0,0,1,0,0,0,0,0,0,0,0,1,0,0,1,0,0,0,0,0,0,0,0,0,0,1,0,0,0,0,1,0,0,0,0,0,1,0,0,0,0,1,0,2,0,0,0,0,0,0,0,0,0,1,0,0,0,0,0,0,0,0,0,3,0,0,0,0,1,0,0,0,0,0,0,1,0,0,1,1,0,0,0,1,1,0,1,0,0,0,0,0,0,0,0,1,0,0,0,1,0,0,0,0,0,0,0,0,0,0,2,0,0,0,0,0,0,1,0,0
0,0,0,0,0,0,0,0,0,0,0,0,2,0,0,0,0,0,0,0,2,0,0,0,0,0,0,0,0,0,1,0,0,1,1,0,2,0,0,0,0,0,1,0,0,1,0,1,0,0,0,0,0,3,0,0,1,0,1,0,1,0,0,0,2,0,0,0,1,0,0,0,0,0,0,0,1,0,0,1,0,1,1,0,0,4,0,0,1,0,0,0,0,0,0,0,0,0,0,0,0,0,0,0,0,0,0,1,0,0,0,0,0,1,0,1,0,0,0,0,1,0,0,0,0,0,2,0,0,0,0,0,0,0,0,0,0,1,1,0,0,0,0,0,0,0,0,1,0,0,1,0,0,0,0,2,0,0,0,0,0,0,0,2,0,0,2,0,0,0,0,0,0,0,0,0,2,1,0,0,0,0,0,1,1,0,0,1,0,0,0,1,1,0,1,0,0,0,0,0,1,1,1,0,1,0,0,1,0,0,0,1,0,1,0,0,0,0,1,2,2,0,1,0,0,0,0,0,0,0,0,0,0,0,0,1,0,0,0,0,0,0,0,0,0,0,2,0,0,0,0,0,1,0,0,0
0,0,0,0,0,0,0,0,0,0,1,1,1,0,0,0,0,0,0,0,1,0,0,0,0,0,0,0,1,0,3,0,0,0,0,0,0,0,0,0,0,0,0,0,0,1,0,0,0,0,0,0,0,0,0,0,0,0,0,0,0,0,0,0,0,0,0,0,0,1,0,0,2,0,0,0,0,0,0,2,0,0,1,0,0,0,0,0,2,0,0,0,1,0,0,0,0,0,0,1,0,0,0,0,0,0,0,0,0,0,0,0,0,0,0,0,0,0,0,0,1,0,0,0,0,0,0,0,0,0,0,0,0,0,1,0,0,0,2,0,0,0,0,0,0,1,0,3,0,0,3,0,0,0,0,0,0,0,0,0,0,0,0,1,0,0,0,1,0,0,0,0,0,0,0,0,0,0,0,0,0,0,0,0,0,1,0,0,1,1,0,0,0,0,1,0,0,2,0,1,0,0,0,0,0,0,0,0,0,0,0,1,0,0,0,0,0,1,0,2,2,1,1,0,0,0,0,0,0,1,0,1,0,0,0,0,0,0,0,0,0,0,3,0,0,0,0,0,0,0,0,0,4,0,0,0
0,0,0,0,1,0,0,0,0,0,1,0,2,0,0,0,0,0,0,0,2,0,0,0,1,0,0,0,0,0,2,0,0,0,0,0,0,0,0,0,0,0,0,0,0,2,0,0,0,0,0,0,0,0,0,1,1,0,0,0,0,0,0,0,0,1,0,0,0,0,0,0,0,0,0,0,2,0,0,2,0,0,0,0,0,0,0,0,2,0,0,3,0,0,0,0,0,0,0,0,0,0,0,1,1,0,0,0,0,0,0,0,0,0,0,1,0,0,0,1,1,0,0,0,0,0,0,0,0,0,0,0,0,1,1,0,1,0,2,0,0,1,0,0,0,1,0,2,1,0,2,0,2,0,0,2,1,0,0,0,0,1,0,0,0,0,0,0,0,0,1,0,0,0,0,0,0,0,0,0,0,0,0,0,0,0,1,0,0,0,0,0,0,0,2,0,0,0,0,4,0,0,0,0,0,0,0,0,0,0,1,0,1,1,1,0,0,1,0,2,1,1,0,0,0,0,0,0,0,0,0,1,0,0,0,0,0,0,0,0,0,0,3,0,1,0,0,0,0,0,0,0,4,0,0,0
0,1,0,0,1,0,0,0,0,0,3,0,0,0,0,0,0,0,0,0,2,0,0,0,0,0,0,0,0,0,3,0,0,0,0,1,0,0,0,0,1,0,0,2,0,2,0,0,0,0,0,0,0,0,0,0,0,0,0,0,0,0,0,0,0,0,0,0,0,0,0,0,0,0,0,1,0,0,1,2,0,0,0,0,0,1,0,0,2,0,0,0,1,0,0,0,1,0,0,0,0,0,0,0,0,0,0,0,0,0,0,0,0,1,0,2,1,1,0,0,1,0,0,0,0,0,0,0,2,0,0,0,0,0,3,0,0,0,2,0,0,0,0,0,0,0,0,4,3,0,3,0,2,0,1,3,0,0,0,0,0,1,1,3,0,0,0,0,0,1,1,0,0,0,0,0,0,0,0,0,2,0,0,1,0,1,3,1,3,1,1,0,0,0,2,0,0,0,0,3,0,0,0,0,0,0,0,0,0,2,0,1,1,0,0,0,0,2,0,0,0,1,0,0,0,0,0,0,0,0,0,2,0,0,0,0,3,0,0,0,0,1,2,0,0,0,0,1,2,0,2,0,5,0,0,0
0,0,0,0,0,0,0,1,0,0,1,0,1,1,0,0,0,0,3,0,0,0,0,0,0,0,0,0,0,0,1,0,0,0,1,0,0,0,0,0,0,0,0,0,0,0,0,0,0,0,0,0,0,0,0,0,0,0,0,0,0,0,0,0,0,1,0,1,0,1,0,2,0,0,0,0,0,0,0,1,0,0,0,0,0,0,0,0,1,0,0,0,0,1,0,0,1,0,0,0,4,0,0,0,0,0,0,0,0,0,0,2,0,0,0,0,0,0,0,0,0,0,0,1,0,0,2,0,0,0,0,0,0,0,0,0,0,0,4,1,0,0,0,0,0,1,1,1,2,0,2,0,0,0,1,1,0,0,0,1,0,0,0,0,0,0,0,0,0,0,0,0,0,0,0,0,0,0,0,0,0,0,0,0,0,0,0,0,0,0,0,0,0,0,0,0,0,0,0,0,0,0,0,0,0,1,0,0,0,0,0,0,0,2,2,1,0,3,0,1,0,4,1,0,0,0,3,0,0,1,0,0,1,0,0,0,0,0,0,0,0,5,0,0,0,0,1,1,1,0,0,0,0,1,0,1
0,0,0,0,0,0,0,0,0,1,0,0,0,0,0,0,0,0,0,0,0,0,0,0,0,0,0,0,0,0,1,0,0,1,0,1,0,0,2,0,0,2,0,0,0,0,0,0,1,0,0,1,0,1,0,0,0,0,0,0,0,1,0,0,0,0,0,0,0,0,0,0,0,0,0,0,0,0,0,1,0,0,0,0,0,0,0,0,1,0,0,0,0,0,0,0,0,1,0,0,0,2,0,0,0,0,0,0,0,0,0,0,0,1,0,0,0,0,0,0,2,0,0,1,0,0,0,0,1,0,0,0,0,0,0,0,0,1,1,0,0,0,1,0,0,0,0,1,2,0,3,0,0,0,0,0,0,0,0,0,0,0,1,0,0,0,0,0,3,0,0,2,0,0,0,1,0,0,0,1,0,0,1,0,0,0,1,0,0,1,0,0,0,0,1,0,0,0,0,0,0,0,0,0,0,0,0,0,0,0,0,0,0,0,0,0,0,0,0,1,1,0,0,0,0,0,0,0,0,0,0,2,0,0,0,0,0,2,0,0,0,0,2,0,1,0,0,0,0,0,0,0,3,0,1,0
0,0,0,0,0,0,0,0,0,0,0,1,1,0,0,0,0,0,0,0,0,0,0,0,0,0,0,0,0,0,1,0,0,3,2,0,0,0,0,1,2,0,0,1,1,1,0,1,0,2,1,1,0,2,0,0,2,0,1,0,0,1,1,0,0,0,0,0,4,1,0,0,0,0,0,0,0,0,0,1,0,1,0,0,0,0,0,0,1,0,0,0,1,0,0,0,0,0,0,0,0,0,0,0,0,0,0,0,0,0,0,0,0,0,0,0,1,0,0,0,0,0,0,0,0,0,1,0,0,0,0,0,2,0,0,0,0,0,1,0,0,0,0,2,0,1,1,1,0,1,1,0,0,0,0,0,0,0,0,0,0,0,1,1,0,0,1,0,0,0,0,0,0,0,0,1,1,2,0,0,0,0,0,0,0,3,0,0,0,0,0,0,0,0,0,0,0,0,0,0,0,0,0,0,1,0,0,0,0,0,0,0,0,0,0,0,0,0,0,1,2,0,0,0,0,0,0,0,0,0,0,1,0,0,1,1,0,0,0,1,0,0,0,0,0,0,2,0,2,0,0,0,3,0,0,0
0,0,0,0,0,1,0,0,0,0,0,0,0,0,0,0,0,0,0,0,0,0,0,0,0,0,0,0,0,0,0,0,0,0,0,0,0,0,0,0,0,0,0,0,1,0,0,3,0,1,0,0,0,3,0,0,2,0,2,0,0,0,0,0,0,0,1,1,2,4,0,1,0,0,0,0,0,0,0,0,0,2,2,0,0,0,0,0,0,0,0,0,0,2,0,1,0,0,3,0,0,0,0,0,0,0,0,0,0,0,0,0,0,0,0,0,0,0,0,0,0,2,0,0,0,0,3,0,0,0,0,0,0,0,0,0,0,0,0,0,0,0,0,0,0,0,0,0,0,0,0,0,0,0,0,0,0,0,0,0,0,0,0,0,0,0,2,0,0,0,0,0,0,0,0,0,0,0,0,0,0,0,0,0,0,0,0,0,0,0,0,0,0,0,0,0,0,0,0,0,1,0,0,1,0,0,0,0,0,0,0,1,0,2,0,0,0,0,0,1,0,0,0,0,0,0,0,0,0,0,2,0,0,0,0,2,0,0,0,0,0,0,0,0,1,0,5,0,0,0,0,0,0,1,0,0
0,0,0,0,0,0,0,0,0,1,0,0,0,1,0,0,0,0,0,0,0,0,0,0,0,0,0,0,0,0,0,0,0,0,0,0,0,0,0,0,0,1,0,0,0,0,0,1,0,3,1,0,0,2,0,0,3,0,3,1,0,0,0,1,0,0,0,1,2,1,0,0,0,0,0,0,0,0,2,0,0,4,1,0,0,0,0,0,0,0,0,0,0,0,0,2,0,0,4,0,0,0,0,0,0,0,0,0,0,0,0,0,1,0,0,0,0,0,0,0,0,0,0,0,0,0,1,0,0,0,0,0,0,0,0,0,0,0,0,0,0,0,0,2,0,0,1,0,0,0,0,0,0,0,0,0,0,0,0,0,0,0,1,0,0,0,2,0,0,1,0,0,0,0,1,0,0,1,0,1,0,0,0,0,0,0,0,0,0,0,0,1,0,0,0,0,0,0,0,0,0,0,0,0,2,0,0,0,0,0,0,0,0,0,0,0,0,0,0,0,0,0,0,0,0,0,1,0,0,0,2,0,0,0,0,3,0,0,2,0,0,1,0,0,1,0,4,0,0,0,0,0,0,0,0,0
0,0,0,0,0,0,0,0,0,0,0,0,2,1,0,0,0,0,1,0,1,0,0,0,0,0,0,0,0,0,1,0,0,0,0,0,2,0,0,0,0,0,1,0,0,0,0,1,0,0,0,0,0,3,0,0,2,0,2,0,0,0,0,1,1,0,0,0,1,0,0,0,0,0,0,0,0,0,0,1,0,2,1,0,0,3,0,0,2,1,0,0,0,0,0,1,0,0,0,0,0,0,0,0,0,0,0,0,0,1,0,0,0,1,0,0,0,1,0,0,0,0,0,0,0,0,2,0,0,0,0,0,0,0,0,0,0,0,1,0,0,0,0,0,0,1,0,1,0,0,1,0,0,0,0,0,0,0,0,0,0,0,0,0,0,0,1,0,0,0,0,0,0,0,0,0,0,0,0,1,0,0,0,0,0,0,0,1,0,0,0,0,0,0,0,0,0,1,0,1,0,1,0,0,0,0,0,0,0,0,1,1,0,1,1,0,0,0,0,1,2,0,1,0,0,1,0,0,0,0,0,3,1,0,0,1,0,0,0,0,0,0,0,0,0,0,3,0,0,0,0,0,1,0,0,0
0,0,0,1,0,0,1,0,0,0,1,0,1,2,1,0,0,0,4,0,0,3,0,0,0,0,0,0,0,0,2,0,0,1,1,1,0,0,0,0,0,1,0,0,4,0,0,1,0,0,0,0,0,0,0,1,2,0,2,0,0,0,0,2,0,2,0,0,1,3,0,0,0,0,0,0,0,0,0,1,0,3,1,0,0,2,0,0,1,0,0,0,3,3,0,1,0,0,0,1,1,0,0,0,0,0,0,0,0,0,0,0,0,0,0,1,0,0,1,1,0,0,0,0,0,1,2,0,0,0,2,0,0,0,0,0,1,0,0,0,0,0,0,0,0,0,0,1,0,0,1,0,0,1,0,0,4,0,0,0,0,0,1,0,0,0,2,0,0,0,0,0,0,2,0,2,0,1,0,0,0,4,0,0,0,0,0,0,1,0,1,0,0,3,0,0,0,0,0,0,0,1,0,1,0,0,1,1,0,1,1,0,0,0,0,0,0,0,0,1,1,1,0,0,4,0,0,0,2,0,1,0,0,0,2,1,0,0,0,0,0,0,2,1,1,0,5,2,0,0,0,0,1,1,0,0
0,0,0,1,0,0,0,0,0,0,1,0,0,0,1,0,0,1,0,0,0,0,0,0,0,0,1,0,0,0,3,0,0,0,0,0,0,0,0,0,0,0,0,0,0,0,0,0,0,0,0,0,0,0,0,0,0,0,0,0,0,0,0,0,0,1,0,0,0,0,0,0,0,0,0,1,1,0,0,3,0,0,0,0,0,0,0,0,2,0,0,0,1,0,0,0,0,0,0,0,3,0,0,0,0,0,0,0,0,0,0,0,0,2,0,0,2,0,0,1,0,0,0,1,0,0,0,1,0,0,0,0,0,0,0,2,1,0,3,0,3,0,0,0,0,0,0,3,1,0,3,0,1,0,0,0,0,0,0,0,0,0,0,4,0,0,0,0,0,0,0,0,0,0,0,0,0,2,0,0,3,0,0,0,0,1,0,0,0,0,0,0,0,0,0,0,0,0,0,2,0,0,0,0,0,0,1,0,0,0,0,0,0,0,1,0,0,0,0,1,0,0,3,0,0,0,0,0,0,0,0,3,0,0,0,0,0,0,0,0,1,0,1,1,0,0,0,0,0,0,0,0,4,0,0,0
0,2,0,0,0,0,0,0,0,2,0,0,2,0,0,0,0,0,0,0,0,0,0,0,0,0,0,0,0,0,1,0,1,0,0,0,0,0,0,0,0,0,0,0,0,0,0,0,0,3,1,0,0,3,0,0,1,0,1,0,0,0,0,1,1,0,0,0,1,0,0,0,0,0,0,0,0,0,0,1,0,1,1,0,0,0,0,0,1,0,0,0,0,0,0,0,0,0,2,1,0,0,0,0,0,0,0,0,0,0,0,0,0,1,0,0,0,1,0,0,0,0,0,0,0,0,0,0,0,0,0,0,0,0,0,0,0,0,1,0,0,0,0,0,0,1,0,1,0,0,2,0,0,0,0,0,0,0,0,0,0,1,0,0,0,0,1,0,0,0,0,0,0,0,0,0,0,0,0,0,0,0,1,2,0,0,0,0,0,0,3,0,1,0,0,1,0,0,0,3,0,0,0,1,0,0,0,0,0,0,0,1,2,1,0,0,0,0,0,3,1,0,3,0,0,0,3,0,0,0,0,4,1,0,1,1,0,1,0,0,0,0,0,0,0,0,3,0,1,0,0,0,2,0,0,4
0,0,0,0,0,0,0,0,1,0,4,0,1,0,0,0,0,1,0,0,0,0,0,0,0,0,0,0,0,1,2,0,0,0,0,0,0,0,0,0,0,0,0,0,0,2,0,0,0,0,0,0,0,0,0,0,0,0,0,0,0,0,0,0,0,0,0,0,1,0,0,0,0,0,0,0,0,0,0,2,0,0,0,0,0,0,0,0,2,0,0,0,0,0,0,0,0,0,2,0,1,0,0,0,0,0,0,0,0,0,0,0,0,0,0,0,1,0,0,1,0,1,0,1,0,0,0,0,0,0,0,0,0,0,0,0,0,0,2,0,0,0,0,1,0,1,0,2,0,0,3,0,0,0,0,0,2,0,0,0,0,0,0,0,0,0,0,0,0,0,1,0,0,0,0,0,0,2,0,0,0,0,1,0,0,1,0,0,0,1,0,0,0,0,3,0,2,0,0,2,0,0,0,0,0,0,0,0,0,0,0,2,1,4,1,0,0,1,0,2,2,1,2,0,0,0,0,0,0,0,0,2,1,0,1,0,0,0,0,0,0,0,0,0,0,0,0,0,1,0,0,3,0,0,0,0
0,1,0,1,0,1,0,0,0,0,0,0,2,0,0,0,0,0,1,0,0,0,0,0,0,0,0,0,0,0,2,0,0,0,0,0,0,0,0,0,0,0,0,0,1,1,0,0,0,0,0,0,0,0,0,0,0,0,0,0,0,0,0,0,0,0,0,0,0,1,0,0,1,0,0,1,0,0,0,4,0,0,0,0,0,0,0,0,2,0,0,0,0,0,0,0,0,0,1,0,2,0,0,0,0,0,0,0,0,0,0,0,0,0,0,0,1,0,0,0,0,0,0,0,0,0,0,0,0,0,0,0,0,0,0,0,0,2,2,0,0,0,0,0,0,0,0,2,0,0,3,0,0,0,0,0,1,0,0,0,0,0,0,2,0,0,0,0,0,0,0,0,0,0,0,0,0,1,0,0,0,0,0,0,0,0,0,0,0,0,0,0,0,0,0,0,0,0,0,0,0,0,0,0,0,0,0,0,0,0,1,0,0,0,0,0,0,0,0,2,2,0,1,0,0,0,0,0,0,0,0,0,0,0,0,0,0,0,0,0,0,0,2,0,0,1,0,0,0,0,0,0,3,0,0,0
0,0,0,0,0,0,0,0,0,0,1,0,4,0,0,0,0,0,1,0,1,0,0,0,0,0,0,0,0,1,2,0,0,0,0,0,0,0,0,1,0,0,0,0,0,0,0,0,0,0,0,0,0,0,0,0,0,0,0,0,0,0,0,0,0,0,0,0,0,2,0,0,0,0,0,0,0,0,1,2,0,0,0,0,1,0,0,0,2,0,0,0,0,0,0,0,1,1,3,0,2,0,0,0,0,0,0,0,0,0,0,0,0,0,0,1,1,0,0,1,0,0,0,0,0,0,0,0,0,0,0,0,0,0,1,0,0,0,5,0,0,0,0,0,0,0,0,2,0,0,2,0,3,0,0,0,0,0,1,0,1,0,0,2,1,0,0,0,0,0,0,0,0,0,0,0,0,0,0,0,0,0,1,0,0,1,0,0,0,3,0,0,0,0,0,0,0,2,0,0,0,0,2,2,0,0,0,0,1,0,0,0,2,3,0,0,0,5,0,1,1,1,2,1,0,1,0,0,0,0,0,0,1,0,0,0,0,0,0,0,0,0,1,0,0,0,0,0,0,0,0,0,2,0,0,0
0,0,0,2,0,0,0,0,2,0,1,0,1,0,3,0,0,0,0,0,0,0,0,0,0,0,0,2,0,0,3,1,0,0,1,1,0,0,0,0,0,0,0,0,0,1,0,0,0,0,0,0,0,0,0,0,0,0,0,0,0,0,2,0,0,1,0,0,0,0,0,0,0,0,0,0,2,0,0,2,0,0,0,0,1,0,0,0,2,1,0,0,0,0,0,0,0,0,0,0,0,1,0,0,0,0,0,1,0,0,0,1,0,0,1,0,0,0,0,0,1,0,0,0,0,0,0,1,0,0,0,0,1,0,2,0,0,0,1,0,0,0,0,0,0,1,0,1,0,0,3,0,0,0,0,0,2,0,0,0,0,0,2,0,0,0,0,0,0,0,0,3,0,0,0,1,0,1,0,0,0,0,0,0,2,2,1,0,0,1,0,0,0,0,0,0,0,0,0,2,0,0,0,0,0,0,0,0,0,0,0,0,0,0,1,1,0,0,0,2,2,1,1,0,0,0,1,0,0,0,0,4,1,0,0,0,0,0,0,0,0,0,1,1,0,0,1,1,0,1,1,1,4,2,0,0
0,0,0,0,0,0,0,0,0,0,0,0,2,0,0,0,0,0,0,0,0,0,0,0,0,0,0,2,0,0,1,0,0,0,0,0,0,0,0,1,0,0,0,0,1,0,0,0,0,0,0,0,0,1,0,0,1,0,1,0,0,0,0,0,0,0,0,0,1,2,2,0,0,0,0,0,2,0,0,1,0,1,1,0,0,0,2,0,1,0,0,0,0,0,0,0,1,1,2,0,0,0,0,0,0,0,0,0,0,0,0,0,0,1,0,0,0,0,0,0,0,0,0,0,1,0,1,0,0,0,0,0,0,0,0,0,1,0,1,0,0,0,1,0,1,0,0,1,0,0,2,0,0,0,0,0,0,0,0,0,0,0,0,0,0,0,1,0,0,0,0,0,0,0,0,0,0,0,0,1,0,0,0,0,0,1,0,0,0,1,0,0,0,0,1,0,0,0,0,0,0,0,2,0,0,0,0,0,0,0,0,0,0,0,0,1,0,0,1,1,1,0,0,0,0,0,0,0,0,0,0,2,0,0,0,1,0,1,0,0,0,1,3,1,0,0,3,0,0,0,0,0,4,0,0,0
0,0,0,0,0,0,0,0,0,1,0,0,2,0,0,0,0,0,0,0,0,0,0,0,0,0,0,1,1,0,2,0,0,0,0,0,0,0,0,0,0,0,0,0,0,2,0,0,0,0,0,0,0,0,0,1,0,0,0,0,0,0,0,0,0,2,0,1,0,0,0,0,0,0,0,0,1,0,0,2,0,0,0,0,0,0,0,0,2,0,0,0,0,0,0,0,0,0,0,0,0,1,0,1,1,0,0,0,0,0,0,0,0,0,0,1,0,0,0,1,1,0,0,0,0,0,0,0,0,0,0,0,0,0,0,0,0,1,2,0,0,0,0,0,0,1,0,2,1,0,3,1,0,0,0,2,0,0,0,0,0,1,0,0,0,0,1,0,0,0,0,0,0,0,0,0,0,0,0,0,0,0,0,0,0,0,0,0,0,0,0,0,3,0,1,0,0,0,0,0,0,0,2,0,0,0,0,0,1,0,1,0,0,2,0,0,1,1,0,2,2,0,1,0,0,0,0,0,0,1,0,1,0,0,0,0,0,0,0,0,0,1,0,0,0,0,0,0,0,0,0,0,2,0,0,3
0,0,0,0,1,0,0,0,0,0,2,1,3,0,0,0,0,0,1,0,0,0,0,0,0,0,0,0,0,0,1,0,0,0,0,0,0,0,0,0,0,0,0,0,0,0,0,1,0,0,0,0,0,1,0,0,1,0,1,0,0,0,0,0,0,0,0,0,1,3,0,0,0,0,0,0,0,1,0,1,0,1,0,0,1,0,0,0,1,0,0,0,0,1,0,0,0,0,4,0,0,0,0,0,1,0,0,0,0,1,0,0,0,1,0,1,0,0,2,0,1,5,0,0,0,0,4,0,0,0,0,0,0,0,0,0,0,0,1,0,0,0,0,0,0,1,0,1,0,0,1,0,0,0,0,1,0,0,0,0,0,0,0,0,0,0,1,0,0,0,0,0,0,0,0,0,1,1,0,1,0,0,0,0,0,0,0,0,0,0,0,0,1,0,1,0,0,0,0,1,2,1,0,0,0,0,1,0,0,0,1,0,0,1,0,0,1,0,0,1,1,0,2,0,0,0,0,0,0,0,0,1,0,0,0,1,0,0,1,2,0,0,0,0,0,0,4,0,0,0,0,0,1,2,0,2
1,0,0,0,0,0,0,0,0,0,0,0,1,0,0,0,0,0,0,0,1,0,0,0,1,0,0,0,0,0,1,0,1,0,0,0,0,0,1,0,0,0,0,0,0,0,0,2,0,0,0,0,0,1,0,0,1,0,1,0,0,0,0,0,0,0,0,0,1,2,1,0,1,0,0,0,0,0,0,1,0,1,1,0,0,0,0,0,1,0,0,0,0,0,2,0,0,0,2,0,0,0,0,0,0,0,0,0,0,0,0,0,0,0,0,0,0,0,0,0,0,0,0,0,0,0,2,0,0,0,0,0,0,0,0,0,0,0,1,0,0,0,0,0,0,1,0,1,0,0,2,0,0,0,0,0,0,0,0,1,0,0,0,0,0,0,1,1,1,0,0,0,0,0,0,0,0,0,0,0,0,0,0,0,1,0,0,0,0,0,0,0,0,0,0,0,0,0,0,0,0,0,0,0,0,0,0,0,0,0,0,0,0,0,0,0,0,0,0,1,1,0,0,0,1,0,0,0,0,0,1,0,0,0,0,1,0,0,0,0,0,1,0,0,0,0,3,0,0,0,0,0,0,2,0,0
0,0,0,0,0,0,0,0,0,0,1,1,0,0,0,0,0,0,0,0,1,0,0,0,0,1,0,0,1,1,1,0,0,0,0,0,0,0,0,0,0,0,0,0,0,0,2,0,0,0,0,0,1,0,0,0,1,0,1,0,0,0,0,0,0,0,0,0,1,2,0,0,1,0,0,1,0,0,0,1,0,1,1,0,0,0,1,0,1,0,0,0,1,0,0,0,0,0,2,0,0,0,0,0,0,0,0,0,0,0,0,0,0,0,0,0,0,0,0,0,1,0,0,0,0,0,2,0,0,0,0,0,0,0,0,0,0,0,1,0,0,0,0,0,0,0,0,1,0,0,1,0,0,0,0,0,1,0,0,0,0,0,0,0,0,0,1,0,0,0,1,0,0,0,0,0,1,0,0,0,0,0,0,0,0,2,0,0,0,1,0,0,0,0,0,0,0,0,0,1,0,0,0,0,0,0,0,0,0,0,0,0,0,0,0,0,0,0,0,2,1,0,0,0,1,0,0,0,0,0,0,0,0,2,0,1,1,0,0,1,0,0,0,0,1,0,3,0,0,0,1,0,3,0,0,0
0,0,0,0,0,0,0,0,0,0,1,1,2,0,0,0,0,0,0,0,1,0,0,0,0,0,0,0,0,0,3,0,0,0,0,0,0,0,0,0,0,0,0,0,0,0,0,0,0,1,0,0,0,0,0,1,0,0,0,0,0,0,0,0,0,0,0,0,0,1,0,0,0,0,0,1,0,0,0,2,0,0,0,0,0,0,1,0,2,0,0,0,1,0,0,0,0,0,0,0,1,0,0,0,1,0,0,0,0,0,0,0,0,1,0,1,1,0,0,0,0,0,0,0,0,0,0,0,0,0,0,0,0,0,1,0,0,0,2,1,0,0,0,0,0,1,2,3,0,0,2,1,1,0,0,0,0,0,0,1,0,0,0,1,0,0,0,0,0,0,0,0,0,0,0,0,1,0,0,0,0,0,0,0,0,0,0,0,1,1,0,0,0,0,0,0,0,0,0,1,1,0,0,0,0,0,0,0,0,0,0,0,0,1,1,1,0,1,1,2,1,1,0,1,0,1,0,0,0,1,0,2,1,0,0,0,0,0,0,0,0,0,1,0,0,0,0,0,0,0,0,0,3,0,0,1
0,0,0,0,0,0,0,0,0,0,0,0,0,0,0,0,0,0,0,0,0,0,0,0,0,0,0,0,0,0,1,0,0,0,0,0,0,0,0,0,0,0,0,0,0,1,0,0,0,1,0,0,0,2,1,1,1,0,1,2,0,1,0,0,0,1,0,0,1,0,0,0,0,0,0,0,0,1,0,1,0,1,1,0,0,0,0,0,1,0,1,0,0,0,1,0,0,0,0,0,0,0,0,0,0,0,0,0,0,0,0,0,0,0,0,0,0,0,0,0,0,0,0,2,0,0,1,0,0,0,0,0,0,0,0,0,0,0,2,0,1,0,0,0,0,0,0,1,0,0,3,0,0,0,0,1,1,0,0,0,0,0,0,1,0,0,1,1,0,0,0,0,0,0,2,0,0,0,0,0,0,0,0,0,0,1,0,1,0,0,0,0,0,0,0,0,0,0,0,0,0,0,0,0,0,0,0,0,0,0,0,0,0,0,0,0,0,0,0,1,0,0,1,0,0,0,0,0,0,0,2,0,0,0,0,1,0,0,1,0,0,0,0,1,0,0,4,3,0,0,0,0,2,0,0,0
0,0,0,0,0,0,0,0,0,0,0,0,1,0,0,0,0,0,3,0,0,1,0,0,0,0,0,0,0,0,1,1,0,0,0,0,0,0,0,0,0,0,0,0,1,4,0,1,2,2,1,0,0,5,0,1,1,0,1,0,0,0,0,1,0,0,1,0,1,1,0,1,0,0,0,0,0,0,0,1,0,1,1,0,2,3,1,0,1,0,0,0,1,2,0,0,0,0,2,0,1,0,0,0,0,0,0,0,0,0,0,0,0,0,0,0,0,0,0,0,0,0,0,0,0,0,1,0,0,1,0,0,0,0,0,0,0,0,1,0,0,0,0,0,0,0,0,1,0,0,1,0,0,0,0,2,0,0,0,0,0,0,0,0,0,0,1,0,0,0,0,0,0,0,0,0,0,0,0,0,0,0,0,0,0,0,0,0,0,1,1,0,0,0,0,0,0,0,0,4,0,0,1,0,0,0,0,0,0,0,0,1,0,2,0,1,0,0,0,2,1,0,0,0,0,0,0,0,0,0,0,0,1,0,0,1,0,2,0,0,0,1,2,0,1,0,5,0,0,0,1,0,2,3,0,0
0,0,0,0,0,0,0,0,0,0,0,0,1,0,5,0,0,1,1,1,2,0,0,1,0,0,0,0,0,0,1,1,0,1,0,1,0,0,1,0,0,1,0,1,0,1,0,0,0,0,0,0,0,1,0,0,0,0,0,0,0,0,0,0,0,1,0,0,0,0,0,1,0,0,0,0,1,0,0,1,0,0,0,0,0,0,0,0,2,0,0,0,1,0,0,0,1,0,0,0,0,5,0,1,0,0,0,0,0,1,0,1,0,1,0,0,1,1,0,0,0,1,0,0,0,0,0,0,0,0,0,1,0,0,0,0,0,1,0,0,1,0,1,0,0,0,0,0,0,0,1,0,0,0,1,0,1,0,0,0,1,0,0,0,0,0,0,0,2,1,1,0,0,0,0,0,0,1,0,0,1,0,0,0,0,1,0,0,0,1,0,0,0,0,1,0,1,0,0,2,0,0,3,1,1,1,0,0,0,0,1,0,0,2,0,0,0,0,0,1,0,0,2,0,0,0,0,0,2,0,0,1,0,0,0,0,0,4,0,0,2,0,1,0,1,0,0,0,1,0,1,0,1,0,1,0
1,0,0,0,0,0,0,0,0,0,1,1,0,0,0,0,0,0,0,0,0,0,2,0,1,0,2,0,0,0,3,0,0,0,1,0,0,0,0,0,0,0,0,0,2,0,0,0,0,1,0,0,0,0,0,1,0,0,0,0,0,0,0,0,0,0,1,0,0,0,0,0,0,0,0,0,0,0,0,2,0,0,0,0,0,0,0,0,2,0,0,0,0,0,0,0,2,1,0,0,0,0,0,0,1,0,0,0,0,0,0,0,0,0,0,0,0,0,0,0,0,0,0,0,0,0,0,0,0,0,0,0,0,0,1,0,0,0,2,0,1,0,0,0,0,0,0,3,0,0,3,0,0,0,0,0,0,0,0,0,0,0,1,0,0,0,0,0,0,0,0,0,0,0,0,0,0,0,0,0,0,0,0,0,1,0,0,0,1,0,0,0,0,0,0,0,0,1,0,1,0,0,0,0,0,0,0,0,0,1,1,0,0,0,0,0,0,1,0,4,2,1,0,0,0,0,0,0,0,0,0,1,0,0,0,0,0,0,0,0,0,0,2,0,0,0,0,0,0,0,0,0,2,1,0,0
0,0,0,0,0,0,0,0,0,0,1,0,2,0,0,0,0,0,1,0,0,0,0,0,0,0,0,0,0,1,2,0,0,0,0,0,0,0,0,0,0,2,0,1,0,0,0,0,0,0,0,0,0,0,0,1,0,0,1,0,0,0,0,1,0,0,0,0,2,2,0,0,0,0,0,0,0,0,0,1,0,1,0,0,0,0,1,0,2,0,0,0,0,0,0,0,0,0,0,0,0,0,0,0,0,0,0,0,2,0,0,0,0,0,0,0,2,0,0,1,0,0,0,0,0,1,1,0,0,0,0,0,0,1,0,0,0,0,1,0,1,0,0,0,0,0,0,1,0,0,3,0,0,0,0,0,0,0,0,0,1,0,0,0,0,0,0,0,0,0,0,0,0,0,0,0,0,0,0,0,0,0,0,0,0,0,0,0,0,1,0,0,0,0,0,0,0,0,0,1,0,0,0,0,0,0,0,0,0,0,0,0,0,1,0,0,0,2,0,2,2,1,3,0,0,0,0,0,0,0,0,1,0,0,0,0,1,0,0,1,0,0,1,0,0,0,0,0,0,0,0,0,0,2,0,0
0,0,0,0,0,0,0,0,0,0,1,0,0,0,0,0,1,0,1,0,0,1,0,0,0,0,0,0,0,1,1,0,0,0,0,0,0,0,0,0,0,0,0,0,1,0,0,0,0,0,0,0,0,0,0,1,1,0,1,0,0,0,0,0,0,0,0,0,1,3,2,0,0,0,0,0,0,0,0,1,0,1,0,0,0,0,0,0,1,0,0,0,0,1,0,0,0,0,1,0,0,0,0,0,0,0,0,0,1,0,0,0,0,0,0,0,1,0,0,1,0,0,0,0,0,0,1,0,0,0,0,0,0,0,3,0,0,0,1,0,0,0,0,0,0,1,0,1,0,0,2,0,0,0,0,1,0,0,0,0,0,0,0,0,0,0,2,0,0,0,1,0,0,0,0,0,0,0,0,0,1,1,0,0,0,0,0,0,0,2,0,0,0,0,0,0,0,0,0,1,0,1,2,1,1,1,0,0,0,1,0,0,0,0,0,0,0,0,1,1,1,0,2,0,0,0,0,0,0,1,0,1,0,0,0,1,0,0,1,0,0,1,0,0,0,0,2,0,1,0,0,0,2,0,0,0
0,0,0,0,0,0,0,0,0,0,2,0,5,0,0,0,0,0,1,0,2,0,0,0,0,0,0,0,0,1,1,0,0,1,1,0,0,0,0,1,0,0,0,0,0,1,0,0,0,1,0,0,1,0,0,0,0,0,1,0,0,0,0,0,0,0,0,0,1,1,0,0,0,0,0,0,0,0,0,1,0,1,0,0,0,0,0,0,2,0,0,0,1,0,1,0,0,0,6,1,3,0,0,0,0,0,0,0,0,0,0,0,0,0,0,0,0,0,0,0,0,0,0,0,0,0,0,0,0,0,0,0,0,0,0,0,0,0,1,0,0,0,0,0,0,2,0,2,0,0,2,0,0,0,0,0,3,1,0,1,0,0,0,1,0,0,1,0,0,0,0,1,0,0,0,0,0,0,0,0,0,0,0,0,0,0,1,0,0,0,1,0,0,0,0,0,0,0,0,0,1,0,0,1,0,0,0,0,0,0,0,0,0,0,0,0,0,0,0,2,1,0,2,0,0,0,0,0,0,0,0,1,0,0,2,0,0,0,0,0,0,0,0,0,0,2,1,1,0,0,0,0,3,1,0,0
0,0,0,0,0,0,1,0,0,0,0,0,0,0,0,0,0,0,0,0,0,1,0,2,0,0,0,0,0,0,0,0,0,0,0,0,0,0,0,0,1,0,2,0,0,0,0,2,0,1,0,0,0,1,0,0,1,0,1,0,0,0,0,0,1,0,0,0,2,2,2,0,0,0,0,0,0,0,0,0,0,1,0,0,0,0,0,0,0,0,0,0,0,0,0,0,0,0,2,0,0,0,0,0,1,0,0,0,0,0,0,0,2,0,0,0,0,0,0,0,0,0,0,0,0,0,2,0,0,0,0,0,0,0,0,0,0,0,0,0,0,0,0,0,0,0,0,0,0,0,0,0,0,0,0,0,0,0,0,0,1,2,2,0,0,0,1,0,0,1,0,0,0,0,0,1,0,0,0,0,0,0,0,0,0,0,0,0,0,0,0,0,1,0,0,0,0,1,0,1,0,0,2,3,1,1,2,1,0,0,0,0,0,0,0,2,0,0,2,0,0,0,0,0,0,0,0,0,0,0,0,0,0,0,0,1,0,0,1,0,0,0,0,0,0,0,1,0,0,0,0,0,0,0,0,0
0,0,0,0,0,0,0,0,0,0,0,0,1,0,0,0,0,0,0,0,0,0,0,0,0,0,0,0,0,0,1,0,0,0,0,0,0,0,0,0,0,0,0,0,0,0,0,0,0,3,2,0,0,3,0,0,1,0,1,0,0,0,0,0,2,0,0,0,1,0,0,0,0,0,0,0,2,0,0,1,0,2,1,0,0,0,0,0,1,0,0,0,0,0,0,0,0,0,1,0,0,0,0,0,0,0,0,0,0,0,0,0,0,0,0,0,1,0,0,0,1,1,0,0,0,0,1,0,0,0,0,0,0,0,3,0,0,0,1,0,0,0,0,0,1,0,0,1,0,0,4,0,2,0,0,2,0,0,0,0,0,0,0,0,0,0,1,0,0,0,0,0,0,0,0,0,0,0,0,0,0,0,0,0,0,0,0,0,0,0,0,0,0,0,0,1,0,1,0,0,0,0,0,0,1,0,0,0,0,0,0,0,1,0,0,0,0,0,0,1,1,0,2,0,0,0,0,0,0,0,0,0,0,0,0,1,0,0,0,0,0,0,2,0,0,1,4,0,0,1,1,0,3,0,1,0
0,0,0,0,0,1,0,0,0,0,0,0,0,0,0,0,0,0,0,0,0,1,0,0,0,0,0,0,0,0,0,0,0,0,0,0,0,0,0,1,0,0,0,0,0,0,0,1,0,2,0,0,1,4,0,0,2,0,2,0,0,0,0,0,0,1,0,0,2,5,0,0,0,0,0,0,0,1,1,0,0,2,2,0,0,0,1,0,0,0,0,0,0,3,0,0,0,0,4,0,0,0,0,0,0,0,0,0,0,0,0,0,0,0,0,0,0,1,1,0,0,0,0,0,0,0,2,0,0,0,0,0,0,0,0,0,0,0,0,0,0,0,0,0,0,0,0,0,0,0,0,0,0,0,0,0,0,0,0,0,0,0,0,0,0,0,2,0,0,0,0,0,0,0,0,0,0,0,0,0,0,0,0,0,0,0,0,0,0,0,0,0,1,0,0,0,0,1,0,0,0,0,2,4,0,0,1,0,0,0,0,1,0,1,0,0,0,0,0,0,0,0,0,0,0,0,0,0,0,0,0,1,0,0,0,2,0,0,0,0,0,0,0,0,1,0,5,0,0,0,0,0,0,1,0,0
0,0,0,0,2,0,0,0,0,0,2,0,0,2,0,0,0,0,0,0,1,0,0,0,0,0,0,0,0,0,1,0,0,0,0,0,0,0,0,1,0,0,0,0,0,0,0,0,1,0,0,0,0,0,0,0,2,0,1,0,0,0,0,0,0,0,0,0,1,1,0,0,1,0,0,0,0,0,0,1,0,1,1,0,1,0,0,0,1,0,0,0,0,0,0,0,0,1,2,2,0,0,0,0,0,0,0,0,1,0,0,0,0,1,0,0,0,0,0,1,1,0,0,1,0,2,0,0,0,0,0,0,0,0,0,2,0,1,1,0,0,0,0,0,0,1,0,1,0,0,1,0,0,0,0,0,1,0,0,0,0,1,0,0,0,0,1,0,0,0,0,0,0,0,0,0,0,0,0,1,2,0,0,0,0,0,0,0,1,0,0,1,0,0,2,0,0,0,0,1,0,0,0,0,0,0,0,0,0,0,0,0,0,0,0,0,0,0,1,1,1,0,0,0,0,0,0,0,0,0,0,0,0,0,0,1,0,0,0,0,0,0,0,0,0,0,1,0,0,0,0,0,0,0,0,0
0,0,0,0,0,0,0,0,0,0,0,0,0,0,0,0,1,0,0,0,1,1,0,0,1,0,0,0,0,1,0,0,1,0,0,0,0,0,0,0,0,0,0,0,0,0,0,0,0,0,0,0,0,1,1,0,3,0,2,0,0,0,0,0,0,0,0,2,2,2,1,0,0,0,0,0,2,0,0,0,0,2,2,0,0,1,2,0,0,0,0,1,0,0,0,0,0,0,2,0,1,0,0,0,0,1,0,0,0,0,0,1,0,0,0,0,0,0,0,0,0,0,0,0,0,0,3,0,0,0,0,0,0,0,0,0,0,0,0,0,0,0,0,0,0,0,0,0,0,0,0,0,0,0,0,0,0,0,0,0,0,0,0,0,0,0,2,0,0,0,0,0,0,0,0,0,0,0,0,0,0,0,0,0,0,0,0,0,0,0,0,0,0,0,0,0,0,0,0,0,0,0,0,0,0,0,0,0,0,0,0,0,0,0,0,0,0,0,0,0,0,0,0,0,0,0,0,0,0,0,0,0,0,0,0,2,0,0,0,0,0,0,0,0,0,0,6,0,0,0,0,0,0,0,0,0
0,0,0,0,0,0,0,0,0,0,0,0,0,0,0,0,0,0,0,0,0,0,0,0,0,0,0,0,0,0,1,0,0,0,0,0,0,0,0,2,0,0,0,0,0,2,0,0,0,2,0,0,0,3,0,1,1,0,1,0,1,0,0,0,1,0,0,1,1,0,0,0,0,0,0,1,0,0,1,2,0,1,0,0,0,0,0,0,2,0,0,0,0,0,0,0,0,0,2,0,0,0,0,0,0,0,0,0,0,0,0,0,1,0,0,0,0,2,0,0,0,0,0,0,0,0,0,0,0,0,0,0,0,0,0,0,0,0,1,0,0,0,1,0,0,1,0,1,0,0,3,0,0,0,0,0,1,0,0,0,0,0,0,0,0,0,1,0,0,0,0,0,0,0,0,0,0,0,0,0,0,0,0,0,0,0,0,0,0,0,0,1,0,0,0,0,0,2,0,1,0,0,0,0,0,0,0,0,0,0,0,0,1,0,0,0,0,0,0,1,1,0,0,0,0,0,0,0,0,0,0,1,0,0,0,2,0,0,0,0,0,0,2,0,0,0,2,0,1,0,1,0,2,0,0,0
0,0,0,0,0,0,0,0,0,0,0,0,0,0,0,0,2,0,0,0,0,0,2,0,0,0,0,0,0,0,1,0,0,0,0,0,0,0,1,1,0,0,0,0,0,2,0,0,0,0,0,0,0,1,0,1,1,0,1,0,0,0,0,0,0,0,0,0,1,1,0,0,0,0,0,0,0,0,0,1,0,1,1,0,0,0,0,0,1,0,0,0,0,0,0,0,0,0,0,0,0,2,0,0,0,0,0,0,0,0,0,0,0,0,0,0,1,0,0,0,0,0,0,0,0,0,1,0,0,0,0,0,0,0,0,0,1,0,1,0,0,0,0,0,0,1,0,1,0,0,2,1,0,0,0,0,0,0,0,0,0,1,0,2,0,0,1,0,0,0,1,0,0,0,0,0,0,1,0,0,0,0,0,0,0,0,0,1,0,1,0,0,0,0,0,0,0,1,0,1,0,1,0,0,0,0,0,0,0,1,0,1,0,1,0,0,0,0,0,1,1,0,0,0,0,0,0,0,0,0,0,0,0,0,0,1,0,0,0,0,0,0,0,0,0,0,1,0,0,0,0,0,0,0,0,0
0,0,0,0,0,0,0,0,0,1,0,0,0,1,0,0,0,0,2,1,1,1,2,0,0,0,0,0,0,0,0,0,0,0,0,0,2,0,1,0,0,0,0,0,1,0,0,1,0,1,4,0,0,2,0,0,3,0,3,0,0,0,0,1,0,0,0,0,2,1,0,0,0,0,0,0,0,0,0,0,0,3,3,0,0,2,1,0,0,0,5,0,0,1,0,1,0,0,0,0,1,0,0,1,0,0,0,1,0,0,0,0,0,0,0,0,0,0,0,0,0,0,0,0,0,0,1,0,0,0,0,0,0,0,0,1,0,0,0,0,0,0,0,1,0,0,0,0,0,0,0,0,0,0,0,2,0,0,0,0,0,1,0,2,0,0,2,0,0,0,0,0,0,0,0,0,0,1,0,0,0,0,0,0,0,0,0,2,0,0,0,0,0,0,0,0,0,1,0,3,0,3,0,0,0,0,2,0,0,1,0,2,0,1,0,0,0,0,0,0,1,0,0,0,0,0,0,0,1,0,0,0,0,1,0,2,0,0,0,0,0,1,0,0,1,0,5,0,0,0,0,0,0,0,0,0
0,0,0,0,0,1,0,0,0,0,0,0,1,0,1,0,0,1,0,0,0,0,1,0,0,0,0,0,0,0,1,0,0,0,0,1,0,0,0,3,0,0,0,0,0,0,0,1,0,1,1,0,0,1,0,0,2,0,1,0,0,0,0,0,0,0,0,1,3,1,0,0,0,0,0,0,1,0,0,1,0,1,1,0,1,0,0,0,1,0,0,0,1,0,0,0,0,0,1,1,1,0,0,0,0,0,0,0,0,0,0,0,0,0,0,0,2,0,0,0,0,0,0,0,0,0,0,0,0,0,0,0,0,0,0,0,0,0,1,0,0,0,0,0,3,1,0,1,1,0,3,0,3,0,0,0,0,0,0,0,0,0,1,0,0,0,1,0,0,0,0,0,0,0,0,0,0,0,0,0,0,0,0,0,0,0,0,0,0,0,0,0,0,0,0,0,0,0,0,0,0,0,0,2,0,0,0,0,0,0,0,0,0,0,0,0,0,1,0,1,1,1,1,0,0,0,1,0,0,0,1,4,1,0,1,1,1,0,0,0,0,0,0,0,1,0,4,0,1,0,0,0,0,0,0,0
0,0,0,1,0,0,0,0,1,0,0,0,0,0,0,0,0,0,2,0,0,0,1,0,0,0,2,0,0,0,1,0,0,2,0,0,1,0,0,0,0,0,3,0,0,0,0,0,0,0,0,0,0,2,0,0,2,0,1,0,0,0,0,0,0,0,0,0,1,0,0,0,1,0,0,0,2,0,0,1,0,1,2,0,0,3,0,0,1,3,0,0,0,0,0,0,2,0,1,0,2,0,0,0,0,0,1,0,0,0,0,1,0,0,0,0,2,0,0,0,0,0,0,0,0,0,3,0,0,0,0,0,0,0,0,0,0,0,1,0,0,0,1,0,0,0,0,1,1,0,3,1,0,0,0,0,0,0,0,1,0,0,0,0,0,0,1,0,0,0,0,0,0,0,0,0,0,0,0,0,0,0,0,0,0,0,0,0,0,0,0,0,0,0,0,0,0,0,0,0,0,0,0,0,0,0,0,0,0,0,0,0,0,1,0,0,0,0,0,1,1,0,0,0,0,0,0,0,0,0,0,0,0,0,0,1,0,0,0,0,0,0,0,0,0,1,1,0,0,0,0,0,2,0,0,0
0,0,0,0,0,0,0,0,0,0,3,0,2,0,0,0,0,0,1,0,0,0,0,0,0,0,0,1,0,0,3,0,0,0,0,0,0,0,0,0,0,0,0,0,0,0,0,0,0,0,0,0,1,0,0,0,0,0,0,0,0,0,1,1,0,0,0,0,2,0,0,0,0,0,0,0,0,0,0,3,0,0,0,0,0,1,0,0,2,0,0,0,0,0,0,0,0,0,0,0,3,0,0,1,0,0,0,0,2,0,0,0,0,1,0,0,1,0,0,1,0,1,0,1,0,3,0,0,0,0,0,0,1,0,4,4,0,0,2,0,0,0,1,0,0,0,0,4,0,0,4,0,1,0,0,0,1,0,0,0,0,2,0,2,1,0,0,0,0,0,0,0,0,0,0,0,1,0,0,0,4,0,0,0,0,0,0,0,3,3,0,0,0,0,0,1,0,1,0,5,0,0,0,0,0,0,0,0,0,1,0,0,0,1,0,0,0,2,0,2,2,1,2,0,0,0,0,0,0,0,0,1,0,0,0,0,0,0,0,0,0,1,6,0,0,1,1,0,0,0,0,0,3,0,0,0
0,0,0,0,0,0,0,0,0,0,0,0,2,0,0,0,0,0,0,0,1,0,0,0,0,0,0,0,0,1,2,3,0,0,0,0,0,0,0,0,0,0,0,0,0,1,0,0,0,0,0,0,0,0,0,0,0,0,0,0,0,0,0,0,0,1,0,0,0,0,0,0,0,0,0,0,0,0,0,2,0,0,0,0,0,1,0,0,4,0,0,0,0,0,0,0,0,0,0,0,0,0,0,0,0,0,0,0,0,0,0,0,0,1,0,0,1,0,0,0,0,0,0,0,0,0,0,0,0,0,0,0,0,0,0,0,0,0,2,0,0,0,1,0,0,0,0,2,1,0,5,0,0,0,0,2,1,0,0,0,0,0,0,0,0,0,0,0,0,0,0,0,0,0,0,0,0,0,0,0,0,0,1,0,0,0,0,0,0,0,0,0,0,0,0,0,0,1,0,1,0,0,0,0,0,0,0,0,0,1,1,1,0,0,0,1,0,0,0,2,2,1,1,0,0,0,0,0,0,0,0,2,0,0,3,0,0,0,0,0,0,0,2,0,0,0,0,0,0,0,0,0,2,0,0,0
0,0,0,0,0,0,0,0,0,0,0,0,0,0,0,0,0,1,0,0,0,0,1,0,0,0,0,0,0,0,2,0,0,0,0,0,0,0,0,0,0,0,0,0,0,0,0,1,0,1,2,0,0,2,0,0,3,0,1,0,0,0,0,0,0,1,0,0,1,2,0,0,0,0,0,0,0,0,0,1,0,1,1,0,0,0,0,0,1,0,0,0,1,1,0,0,0,0,2,1,0,0,0,0,0,0,1,0,0,0,0,0,0,0,0,0,0,0,0,0,0,0,0,0,0,0,3,0,0,0,0,0,0,0,0,0,0,0,1,1,0,0,0,0,0,1,0,1,0,0,2,0,0,0,0,0,0,0,0,0,0,0,1,0,0,0,1,0,0,0,0,0,0,0,0,0,0,1,0,0,0,0,0,0,0,0,0,0,0,0,0,0,0,0,0,0,0,1,0,0,0,0,0,0,0,0,0,0,0,0,0,2,0,0,0,0,0,0,0,1,1,0,0,0,0,0,0,0,0,0,0,0,0,0,0,1,0,0,0,0,1,0,2,0,0,0,3,0,0,1,0,0,2,1,0,0
0,0,0,0,0,0,0,0,0,0,0,0,1,0,0,0,0,0,0,0,0,0,0,0,1,0,0,0,0,1,2,0,0,2,0,0,0,0,0,0,0,0,0,0,0,1,0,0,0,0,0,0,1,0,0,0,0,0,0,0,0,0,0,0,0,0,0,0,0,0,0,0,0,0,0,0,0,0,0,2,0,0,0,0,0,0,0,0,2,0,0,0,1,0,0,0,0,0,0,0,0,0,0,0,0,0,0,0,0,0,0,0,0,0,0,0,1,0,0,0,0,0,0,0,0,0,0,0,0,0,0,0,0,0,1,0,0,2,2,0,0,0,0,0,0,0,0,2,0,0,4,0,1,0,0,0,0,0,0,0,0,0,1,2,0,0,0,0,0,0,0,0,0,0,0,0,0,0,0,0,0,0,0,0,0,0,0,1,0,0,0,0,0,0,0,0,0,0,0,4,0,0,0,0,0,1,0,0,0,0,0,1,0,0,1,0,0,0,0,4,1,0,1,0,0,0,0,0,0,0,0,1,0,0,0,0,0,0,0,0,0,0,3,0,0,0,1,0,0,0,2,0,5,0,0,0
0,0,0,0,0,0,0,0,0,0,0,0,0,0,0,0,0,0,0,0,0,0,0,0,0,0,0,0,0,0,1,0,0,0,0,0,0,0,0,2,0,0,0,0,0,0,0,0,0,2,0,0,0,3,0,0,2,0,1,0,2,0,0,0,0,0,1,0,1,2,0,0,0,0,0,0,0,0,0,1,0,1,0,0,0,0,0,0,1,0,0,0,0,0,0,0,2,0,2,0,3,0,0,1,0,0,0,0,0,0,0,0,2,0,0,0,3,2,0,0,0,0,0,0,0,0,1,0,0,0,0,0,0,0,0,0,1,0,1,0,0,0,1,0,0,0,0,1,0,0,1,0,0,0,0,0,1,0,0,0,0,0,0,0,0,0,1,0,0,0,0,0,0,0,0,0,0,0,0,1,0,0,0,0,0,0,0,0,0,1,0,0,0,0,0,0,0,0,0,2,0,0,2,0,0,0,0,0,0,0,0,1,0,1,0,0,0,0,0,1,1,0,0,0,0,0,0,0,0,0,1,0,0,0,1,1,0,0,1,0,0,0,2,0,0,0,3,0,0,0,0,0,2,0,0,0
0,0,0,0,0,0,0,0,0,0,5,0,2,0,0,0,0,0,1,0,1,0,0,0,0,0,0,0,0,0,3,0,0,0,1,0,0,0,0,0,0,0,0,0,0,0,0,0,0,0,0,1,0,0,0,0,0,0,0,0,0,0,0,0,0,0,0,0,0,1,0,0,0,0,0,1,0,0,0,2,0,0,0,0,0,0,2,0,2,0,0,0,0,0,0,0,0,0,0,0,0,0,0,0,0,0,0,0,0,1,0,0,0,0,0,0,0,0,0,2,0,0,0,0,0,2,0,0,0,0,0,0,1,0,1,0,0,0,1,0,0,0,0,0,0,2,0,5,0,0,3,0,0,0,0,3,1,0,0,0,0,0,1,3,0,0,0,0,0,0,0,0,0,0,1,0,0,2,0,0,0,0,0,0,0,1,0,0,1,0,0,0,0,0,1,1,0,1,1,1,0,0,0,0,0,0,0,0,0,0,0,0,0,3,0,0,0,3,0,2,1,1,2,0,0,0,0,0,0,0,0,0,0,0,0,1,0,0,0,0,0,0,0,0,0,0,0,0,0,0,0,1,0,0,0,0
0,0,0,1,0,1,1,0,0,0,0,0,0,0,0,0,0,0,0,0,0,1,0,0,0,0,0,0,0,0,1,0,0,0,0,0,0,0,0,0,0,0,0,0,0,0,0,0,0,0,0,0,0,0,0,0,1,0,1,0,0,0,0,0,0,0,0,0,1,2,0,0,0,0,0,1,0,0,0,1,0,1,1,0,0,0,0,0,1,0,0,0,1,1,0,0,0,1,1,0,0,0,0,0,0,0,1,0,0,0,0,0,2,0,0,0,0,0,0,0,0,0,0,0,0,0,2,0,0,0,0,1,0,0,0,0,0,0,1,0,0,0,0,0,0,0,0,1,0,0,3,0,0,0,0,0,1,0,1,0,0,0,0,0,0,0,1,0,0,0,0,0,0,0,0,0,0,1,0,0,0,0,0,0,0,0,0,0,0,1,0,0,0,0,0,0,0,1,0,0,0,0,1,2,1,0,0,0,0,1,0,0,0,0,0,0,0,0,0,1,1,0,0,0,0,0,0,1,0,0,2,0,0,0,0,1,0,0,0,0,1,0,1,1,0,0,3,0,0,0,0,0,2,1,0,0
0,0,0,0,3,0,0,1,1,0,0,0,2,2,0,0,0,0,2,0,0,1,0,0,0,0,1,1,0,1,1,1,0,0,0,0,0,0,0,1,0,0,0,0,0,1,0,0,0,0,0,0,0,0,0,0,1,0,1,0,0,0,0,0,0,0,0,0,1,8,0,0,0,0,0,0,0,1,0,2,0,1,1,0,0,0,0,0,2,1,0,0,0,0,0,0,0,0,2,0,1,2,0,0,0,0,0,0,0,0,0,0,0,1,0,0,0,0,0,1,0,2,0,0,0,1,2,0,1,0,0,0,0,0,0,0,0,0,1,0,0,0,0,0,0,0,0,1,0,0,1,0,0,0,0,0,0,2,0,0,0,0,0,1,0,0,1,0,0,0,0,0,0,0,0,0,0,0,0,1,0,1,1,0,0,1,0,0,0,0,0,0,0,0,0,0,0,0,0,0,0,0,1,0,0,0,0,1,0,0,0,1,0,0,1,0,0,0,0,1,1,0,1,0,0,2,0,0,1,0,1,2,0,0,0,1,0,1,0,0,0,0,0,0,1,0,2,0,0,0,0,0,0,0,0,0
0,0,0,0,0,0,0,0,0,0,0,0,3,0,0,0,0,0,0,0,2,0,3,0,0,0,4,0,0,0,2,0,0,0,0,0,0,0,0,0,0,0,0,0,0,1,0,0,0,0,0,0,0,0,0,0,0,0,0,0,0,0,0,0,0,1,0,0,1,0,0,0,0,0,0,0,0,0,0,2,1,0,0,0,0,2,0,0,2,0,0,0,0,0,0,0,0,0,0,0,0,0,0,0,0,0,0,0,0,0,0,0,0,0,0,0,0,0,0,0,0,0,0,0,0,0,0,0,0,0,0,0,0,0,0,2,0,0,2,0,1,0,0,0,0,1,0,2,0,0,2,1,0,0,0,1,1,0,0,0,1,0,1,0,0,2,0,0,0,1,0,0,1,0,0,0,0,1,0,0,0,0,0,0,0,0,0,0,0,2,0,0,0,0,0,0,0,0,0,1,0,0,0,0,0,0,0,0,0,2,0,1,0,0,0,0,0,0,0,3,2,0,2,0,0,0,2,0,0,0,0,1,0,0,3,0,0,0,0,1,0,0,2,0,1,0,0,0,0,0,1,0,4,0,0,0
0,0,0,0,0,0,0,0,0,0,0,0,0,0,0,0,0,0,0,0,0,0,0,0,0,0,0,0,0,0,2,0,0,4,0,0,1,0,2,1,0,2,0,0,2,0,0,0,0,1,0,0,0,0,0,0,1,1,1,0,0,0,0,2,0,1,1,0,1,3,0,0,2,0,0,1,0,0,0,3,0,1,0,0,0,0,1,0,3,0,0,0,0,0,0,1,0,0,0,0,0,0,0,0,0,0,0,0,0,0,0,0,1,0,0,1,0,0,0,0,1,0,0,0,0,0,0,0,1,0,0,0,0,0,0,0,0,0,2,0,2,0,0,0,0,0,0,1,2,0,4,0,0,0,0,0,0,0,0,0,0,1,0,3,0,0,0,0,0,0,0,0,0,1,0,0,0,1,0,0,0,0,1,0,0,0,0,0,0,1,0,0,0,0,0,0,0,0,0,0,0,1,0,0,0,0,0,0,0,0,0,1,1,1,0,0,0,0,0,3,2,0,3,0,0,1,0,0,0,0,0,0,0,0,0,0,0,0,0,0,1,0,0,0,0,0,0,0,0,0,0,0,5,0,0,0
0,0,0,1,0,0,0,0,0,0,0,1,0,0,0,0,0,1,1,0,1,0,0,0,1,0,1,0,0,0,1,1,0,1,0,1,0,0,1,0,0,0,1,0,0,0,0,2,1,1,0,0,0,2,0,0,1,0,3,1,0,0,0,0,0,0,0,0,1,0,0,0,0,0,0,1,0,0,0,1,0,1,1,0,0,1,0,0,1,0,0,0,0,0,0,0,0,0,1,0,0,0,0,0,0,0,0,0,0,0,0,0,1,1,0,0,0,0,0,0,0,0,0,0,1,0,0,0,0,0,0,0,0,0,0,2,0,0,1,0,0,0,0,1,0,1,0,1,0,0,1,0,1,0,0,0,1,0,0,0,1,0,0,0,0,0,1,1,0,0,0,0,0,0,0,0,1,0,0,0,0,0,0,0,0,0,0,1,0,0,0,0,0,0,1,0,0,0,0,2,0,0,0,0,0,0,0,0,0,0,0,0,0,0,1,0,0,0,1,1,1,0,1,0,0,0,0,0,0,0,0,3,0,0,0,1,0,0,0,0,0,0,1,0,0,0,4,0,0,0,2,0,4,0,0,0
0,0,0,0,0,0,2,0,0,0,0,2,0,0,0,0,0,0,0,0,0,1,1,4,1,0,0,1,0,0,1,0,0,0,0,0,0,0,1,0,1,1,2,0,0,1,0,1,0,0,1,0,0,0,0,0,1,0,0,0,1,0,1,0,0,0,0,0,0,0,1,0,2,1,0,0,0,1,0,1,1,1,0,0,0,0,0,0,1,0,0,0,0,0,0,0,0,0,0,0,0,0,0,0,0,0,0,0,0,1,0,0,0,0,0,1,2,0,0,0,1,0,1,0,0,0,2,0,0,1,0,0,0,0,0,1,0,0,2,0,1,0,0,0,0,0,0,1,0,0,2,0,0,0,3,0,0,0,0,0,1,0,0,0,0,0,0,0,0,1,2,0,0,0,0,0,0,1,0,0,0,0,0,0,0,0,0,0,0,0,0,0,1,0,0,0,0,0,0,1,0,0,3,0,1,0,1,0,0,1,0,1,1,0,0,0,0,1,1,1,1,0,1,0,0,0,0,0,0,0,0,1,0,0,0,0,0,0,0,0,1,0,2,0,0,0,0,0,0,0,0,0,3,0,1,0
