7,2,1,0,2,0,0,1,5,3,2,0,4,0,1,1,0,4,0,2,0,0,2,0,3,1,16,0,6,67,0,1,1,0,2,1,1,2,2,9,0,2,1,2,1,1,0,1,2,1,2,0,1,2,1,1,1,0,3,12,0,2,0,1,7,0,3,5,0,0,1,0,3,9,3,0,1,3,0,0,5,0,0,0,2,1,4,12,1,1,3,2,0,0,21,0,10,1,2,1,1,2,1,0,1,4,4,1,1,2,1,0,0,0,4,0,0,0,7,0,2,2,0,2,1,2,0,0,0,3,0,6,2,0,0,1,4,0,1,1,0,1,0,0,1,2,3,0,9,1,7,3,1,1,4,1,1,3,2,3,0,1,5,3,1,1,5,3,0,5,0,1,7,2,4,1,0,0,4,0,2,0,1,1,1,2,0,2,1,0,2,0,9,2,0,0,0,2,9,1,0,0,2,0,0,0,13,0,2,0,1,0,3,9,5,4,0,0,1,1,0,0,0,1,0,3,0,0,5,1,0,0,0,2,0,4,0,0,2,0,0,0,1,7,2,3,2,21,2,0,69,24,2,8,0,0
2,2,5,0,31,2,1,1,18,0,1,0,6,0,3,0,1,2,0,1,0,1,0,0,1,43,8,1,8,4,0,1,2,1,0,1,4,1,0,9,0,0,1,13,2,2,4,1,1,2,0,1,7,1,1,2,2,0,0,0,0,3,0,1,3,1,0,1,0,0,2,0,0,3,0,0,1,13,0,0,2,1,0,1,5,0,11,0,2,5,8,1,0,1,4,4,3,0,3,3,1,0,2,3,1,0,0,0,1,2,4,2,1,0,1,0,0,0,2,1,1,0,0,0,1,1,0,0,0,3,0,2,0,1,0,0,2,2,0,1,0,1,1,0,1,4,1,3,4,1,4,0,0,0,4,1,0,4,6,0,1,1,1,1,0,0,2,2,3,1,10,9,0,5,2,1,0,8,0,0,3,1,2,2,0,0,0,1,6,0,0,0,9,5,0,0,1,2,17,1,2,0,0,0,2,0,1,1,0,0,5,0,0,5,2,5,2,0,4,1,0,0,14,2,0,2,0,7,0,1,2,0,2,0,3,2,1,1,9,2,1,1,1,1,1,0,0,9,1,0,37,9,0,1,2,0
2,1,29,2,0,0,5,0,1,0,3,0,0,0,0,0,1,1,1,0,0,0,3,0,0,1,7,0,1,1,0,2,2,2,2,1,3,1,0,0,3,1,2,29,38,3,0,3,3,1,1,2,1,1,3,3,1,4,0,0,0,6,13,3,2,0,0,0,0,0,0,0,0,6,0,2,1,11,0,0,0,4,0,2,1,0,11,2,1,0,1,2,1,2,6,1,2,0,0,0,0,1,0,0,1,2,0,3,0,2,0,2,3,0,1,1,0,0,0,0,1,3,0,1,0,0,0,0,0,1,0,3,4,2,1,0,0,0,1,0,0,0,0,0,2,0,8,0,0,1,0,2,0,4,8,3,0,2,2,0,4,0,2,1,3,3,0,11,4,3,2,1,0,2,0,2,5,1,0,1,0,6,1,1,0,2,10,1,5,0,1,0,4,0,8,0,3,0,4,1,0,1,0,0,1,1,0,0,1,1,2,0,0,1,3,7,0,0,0,7,1,0,5,0,2,5,2,2,1,4,1,0,1,0,3,1,1,3,14,0,0,0,1,13,3,0,1,1,0,3,56,7,4,1,1,6
2,3,1,2,12,0,2,0,2,1,2,0,6,0,1,3,1,0,10,0,0,0,2,0,1,2,14,0,8,2,0,0,1,0,1,1,1,2,1,7,1,3,0,5,1,2,0,0,3,0,2,2,1,2,1,0,0,0,0,2,0,9,2,39,0,2,1,0,0,2,1,0,1,10,0,2,3,14,0,1,0,0,0,9,2,1,4,0,3,1,1,0,0,0,3,3,4,0,0,2,3,0,2,0,3,1,2,3,1,3,0,1,3,1,1,0,0,1,6,1,1,2,0,2,1,1,1,0,2,2,1,5,3,0,0,0,2,4,0,3,2,1,0,0,1,2,2,0,0,1,4,2,2,2,3,1,0,2,2,1,0,0,6,0,0,2,1,1,1,1,7,8,0,4,1,1,4,2,0,0,0,4,2,2,1,0,2,1,6,0,1,0,3,2,1,1,2,4,6,1,1,1,1,0,1,0,5,0,2,2,1,1,0,1,1,7,1,0,1,1,5,4,5,3,0,8,0,3,5,0,0,1,0,0,2,2,1,2,5,0,0,1,2,11,1,0,0,15,0,0,68,33,0,7,1,0
1,0,3,0,1,1,1,1,0,0,4,0,2,2,1,0,0,1,0,1,1,2,0,0,0,3,12,0,2,5,0,1,3,0,0,1,1,4,0,3,1,5,0,6,1,0,0,4,1,2,0,1,0,0,3,0,1,1,1,16,1,3,5,1,0,0,0,3,3,0,0,0,2,8,0,0,1,7,2,2,1,1,0,16,3,0,7,9,0,0,0,3,0,0,10,4,3,3,4,0,0,2,1,2,1,0,0,1,9,1,2,8,0,1,1,0,0,1,2,0,1,9,0,3,0,3,0,1,0,2,0,2,4,0,2,0,5,3,2,1,5,12,2,0,1,6,9,0,0,1,0,1,0,9,5,3,1,4,2,0,0,2,11,2,2,1,3,1,9,1,0,1,3,2,2,1,5,2,0,1,2,2,2,1,1,2,1,1,1,0,2,0,0,1,2,1,2,1,1,1,5,0,2,0,0,0,0,0,8,2,1,2,0,0,0,7,0,2,1,2,1,12,0,2,0,5,4,0,1,0,1,0,0,0,4,0,1,6,15,0,1,3,4,9,1,0,0,1,1,0,66,15,0,0,0,1
8,0,0,0,0,0,1,1,0,0,0,1,0,1,1,0,8,0,0,1,0,0,0,1,1,1,12,0,3,0,0,1,3,0,0,5,7,2,0,3,2,0,0,1,1,0,0,1,0,1,4,0,0,0,0,0,0,0,1,0,0,2,1,0,1,0,1,0,0,0,0,0,1,14,0,0,3,16,1,0,1,1,0,10,1,0,8,0,0,0,1,0,3,2,13,3,4,0,0,2,0,6,0,0,0,0,0,6,0,3,0,0,0,1,4,0,0,0,1,0,2,0,0,1,1,0,2,1,0,2,0,12,3,1,3,0,11,2,0,0,3,0,0,2,2,3,1,1,0,2,1,2,0,0,2,3,0,4,5,5,1,4,7,2,2,2,1,0,7,5,13,5,1,6,2,2,2,6,0,0,1,2,4,2,0,0,2,2,0,0,1,0,1,2,4,0,4,0,10,0,0,3,2,0,0,0,15,0,0,8,3,2,1,5,1,7,0,1,5,1,0,1,0,0,0,3,2,0,2,8,2,0,0,0,1,4,1,2,12,0,0,0,3,9,0,0,2,17,0,0,60,11,2,0,1,1
10,1,0,0,5,2,4,1,1,20,1,1,3,2,0,3,0,5,0,1,0,0,0,0,0,2,22,0,0,1,1,0,5,0,1,1,1,4,2,1,1,1,0,4,0,1,0,0,2,1,1,0,0,0,2,2,1,0,2,2,0,4,5,0,2,0,1,2,0,0,0,1,2,9,0,2,1,15,2,3,2,4,1,19,2,1,9,2,1,0,0,7,3,0,7,5,5,3,1,0,0,0,0,1,1,1,4,0,0,2,1,2,0,6,3,0,0,0,3,0,2,5,0,6,0,4,3,2,1,1,0,3,4,1,0,0,4,1,0,1,5,7,0,2,1,0,2,0,0,0,3,2,0,0,9,2,1,2,2,5,0,0,4,1,1,4,14,0,2,2,0,2,0,0,2,2,3,1,1,0,5,5,3,4,0,1,0,1,0,0,3,0,1,1,1,0,2,0,4,0,1,1,0,0,3,1,1,0,3,1,0,6,0,3,0,5,3,1,0,2,4,5,2,2,0,2,1,0,2,0,5,0,0,0,2,0,0,1,6,2,0,1,2,13,0,0,5,2,1,0,61,22,1,0,2,0
45,1,1,1,23,1,4,0,4,0,2,0,3,2,0,3,6,1,0,5,0,0,1,0,0,30,6,1,2,5,0,3,2,0,2,2,1,2,2,4,5,0,0,2,0,0,0,4,3,1,0,0,1,2,1,3,0,1,0,0,0,3,6,3,1,0,0,3,0,0,1,1,1,5,0,0,0,19,0,1,3,2,2,12,2,1,6,1,0,2,1,3,0,2,8,2,5,0,0,3,0,5,2,2,0,2,0,1,0,1,0,1,1,1,1,0,0,0,0,1,1,1,0,0,0,1,0,0,0,1,0,5,6,2,1,0,1,0,1,0,3,2,0,0,5,0,2,0,1,1,3,0,0,5,10,3,0,1,6,0,1,0,1,0,0,1,1,0,0,2,9,5,0,0,0,3,0,1,1,0,0,6,0,6,0,0,18,1,2,0,0,0,1,0,1,3,2,0,2,1,1,0,0,1,0,0,2,0,1,0,1,2,0,4,3,5,0,0,1,0,3,0,0,0,0,3,1,0,2,0,4,0,0,0,4,0,1,2,14,1,0,7,0,10,2,0,0,20,2,2,60,20,0,0,0,2
2,3,1,0,0,1,6,0,0,3,1,0,1,0,0,1,0,2,4,1,1,0,0,0,0,0,9,0,3,14,1,2,1,1,1,2,2,6,2,6,1,4,0,8,0,1,1,1,1,0,1,1,2,0,1,0,4,0,2,0,0,3,1,0,7,1,5,1,0,0,1,1,1,6,0,2,0,21,0,0,0,2,0,19,2,0,14,5,0,0,0,3,3,0,5,3,3,0,1,2,0,1,0,1,0,0,0,3,2,2,0,4,3,0,1,0,1,0,2,0,1,3,0,2,1,1,0,0,1,2,0,2,7,1,0,0,3,1,0,2,3,5,7,0,1,1,2,4,0,1,1,1,0,2,5,3,0,4,4,0,0,1,7,1,4,1,31,5,1,1,4,9,2,2,0,1,4,4,0,1,0,2,0,3,1,0,3,3,0,0,1,0,3,0,1,2,3,2,5,1,0,0,3,0,1,0,2,0,0,1,4,1,0,1,0,5,2,2,1,1,0,2,2,0,0,1,2,0,0,0,3,0,0,0,1,2,2,2,13,4,2,0,1,5,1,2,0,9,1,0,62,21,0,0,0,5
5,0,0,0,5,0,1,0,0,0,0,0,2,0,0,2,0,2,0,5,0,0,0,0,1,5,8,0,0,0,0,0,3,1,0,3,2,1,0,1,0,5,4,6,0,19,0,0,0,0,1,0,0,0,2,0,0,0,29,2,0,7,2,1,3,0,0,0,0,0,0,1,0,12,0,2,1,14,0,1,1,1,1,1,3,0,10,1,1,0,0,40,0,0,9,2,13,0,1,0,0,3,0,0,1,5,0,6,7,1,1,0,0,2,2,1,0,0,8,0,2,1,0,3,0,0,6,0,0,6,0,8,4,3,4,2,3,1,2,0,2,2,0,1,4,3,2,0,0,0,1,5,3,7,6,3,0,3,2,2,0,1,1,0,1,2,0,0,0,0,3,2,0,1,2,2,1,0,0,0,0,0,0,2,0,0,2,3,2,0,0,1,0,0,0,0,0,0,2,0,0,0,1,1,0,0,1,0,5,0,1,0,0,5,2,2,1,0,0,7,2,1,2,0,0,3,2,2,2,0,5,0,0,0,1,0,0,1,6,2,1,0,0,5,0,0,0,37,2,0,49,9,2,1,0,0
12,1,0,0,0,1,3,0,3,0,0,3,1,0,0,2,0,2,0,10,0,1,1,0,1,0,5,0,0,3,0,1,1,2,1,2,4,1,0,2,0,2,0,3,1,3,0,6,0,1,8,0,0,0,1,4,0,0,0,2,0,5,4,2,0,0,0,0,1,1,0,0,3,10,0,1,0,14,0,2,1,5,0,1,4,1,6,1,0,0,0,2,1,2,3,1,6,1,1,1,0,6,0,0,1,2,0,3,1,1,0,0,0,0,5,0,0,0,2,0,3,0,1,2,1,0,2,0,0,3,0,4,6,1,0,0,2,0,0,3,5,1,2,0,0,1,5,0,0,0,5,2,0,2,9,3,2,5,17,0,0,0,2,0,0,1,0,1,0,3,0,6,0,0,0,2,3,4,0,0,1,6,3,2,3,3,3,2,4,0,4,0,0,0,0,3,3,0,13,0,0,2,1,0,2,1,0,0,1,0,2,6,1,4,0,6,1,0,0,2,1,1,0,0,4,2,9,3,5,0,11,0,0,0,1,2,0,4,12,0,0,0,0,12,0,0,0,15,2,0,56,9,0,3,1,0
7,1,0,2,0,0,2,0,0,0,0,3,0,0,0,3,0,0,0,9,1,0,0,0,0,0,9,0,1,3,0,0,1,0,1,2,8,2,0,0,0,2,0,1,0,0,0,17,1,5,1,26,0,0,3,1,0,0,1,2,0,6,6,0,2,0,0,1,0,0,3,1,3,6,0,0,3,15,2,3,0,1,0,5,3,0,5,1,1,0,0,8,1,0,11,0,11,8,1,3,1,1,1,0,0,0,1,3,1,1,1,4,1,1,3,1,0,0,1,1,1,0,0,0,0,0,0,0,2,2,1,2,7,4,2,0,4,0,4,0,0,3,0,0,1,3,11,3,0,1,1,3,0,2,3,3,0,4,4,2,2,0,1,8,0,3,3,2,0,1,0,3,0,0,0,2,3,0,2,0,0,2,0,3,1,3,1,2,1,0,0,0,0,0,0,0,3,0,5,1,3,1,0,0,0,0,3,0,2,0,4,0,0,12,2,5,0,0,0,0,3,0,0,2,0,2,0,1,0,0,3,0,0,0,2,0,3,1,6,0,0,0,1,15,0,0,2,26,2,0,59,9,0,9,0,2
1,1,1,1,7,0,1,0,0,1,4,0,1,1,0,3,0,9,1,3,0,0,1,0,0,0,10,3,5,7,0,1,1,0,0,1,3,1,4,4,5,2,0,7,13,0,3,18,3,0,1,0,2,4,2,0,4,1,2,1,0,16,1,1,0,0,0,0,1,1,0,2,0,2,0,0,1,11,0,1,0,0,1,2,1,0,9,0,2,0,2,1,0,0,2,0,1,0,0,0,1,5,0,0,1,1,0,1,0,2,0,0,0,2,1,0,0,0,0,0,1,2,1,0,1,1,0,0,0,0,32,4,0,1,0,0,3,1,0,0,1,2,0,0,4,2,3,1,0,1,11,0,0,1,5,1,1,4,7,0,3,1,2,0,0,0,2,2,0,0,2,2,0,0,2,3,1,2,0,1,1,1,0,1,0,3,1,1,0,0,2,1,16,1,0,0,6,0,12,2,3,0,1,0,0,1,3,0,1,2,2,0,0,2,0,6,1,0,0,1,1,0,1,0,0,0,2,0,2,1,1,0,3,0,1,1,0,1,7,0,0,0,3,15,1,0,1,14,0,0,58,17,1,4,0,0
0,0,0,1,11,0,0,1,0,0,48,6,0,1,0,0,0,0,0,32,1,0,0,1,1,3,0,2,2,3,0,1,1,0,0,2,1,3,17,0,2,0,1,3,13,0,1,2,5,8,13,0,5,0,38,0,1,0,0,0,0,1,0,1,0,1,0,0,0,0,0,5,0,0,0,0,1,0,0,0,0,0,0,0,0,0,2,0,0,0,1,0,0,0,0,0,0,0,6,1,0,0,0,2,9,0,0,0,0,3,1,29,0,1,0,12,0,0,0,1,0,29,1,1,0,2,0,10,1,1,0,2,0,2,0,0,0,0,4,0,4,0,0,0,7,0,2,0,0,53,7,0,0,3,2,2,0,5,0,0,7,0,0,1,0,0,8,0,1,0,1,0,0,0,0,1,1,0,0,1,0,1,0,0,3,24,0,0,6,1,0,0,0,1,0,2,1,1,2,2,0,0,2,1,0,0,0,0,0,0,0,0,0,0,0,0,0,0,1,0,0,0,0,0,0,0,1,0,1,0,2,0,0,0,3,0,0,0,0,0,0,0,0,0,0,0,1,0,2,1,0,1,0,0,0,2
2,2,0,2,5,1,3,3,22,0,1,1,3,1,0,0,0,7,0,0,0,0,1,0,8,7,13,0,4,52,1,0,2,0,0,1,1,5,0,1,0,0,0,13,0,1,2,1,1,0,5,0,0,6,0,0,2,0,0,2,0,3,1,0,6,0,0,1,0,2,2,0,4,2,1,1,1,12,0,0,2,1,0,16,5,0,9,0,0,0,0,2,0,0,2,4,4,0,0,0,1,9,0,7,0,0,4,4,1,1,1,1,0,2,2,0,0,0,1,0,1,2,0,0,0,1,1,3,0,2,0,3,3,1,0,0,1,0,1,1,5,2,0,2,2,0,1,1,2,1,6,2,0,1,9,1,2,6,2,1,0,1,0,0,0,1,12,3,1,3,4,2,3,2,2,1,8,4,0,0,1,0,1,3,0,1,1,1,0,0,0,0,4,0,1,1,3,0,5,1,1,0,1,0,0,0,0,1,0,0,1,2,2,0,1,7,2,0,0,0,1,0,0,0,1,2,3,1,4,1,2,1,0,1,1,1,0,2,12,2,1,0,0,15,0,1,5,15,0,3,60,8,1,4,1,0
0,1,0,4,33,2,3,0,1,3,1,0,4,1,0,0,0,1,2,1,1,0,1,0,0,0,6,0,2,6,0,1,2,0,0,2,2,4,6,4,8,1,0,5,0,2,0,1,3,0,0,0,2,0,0,0,1,0,0,1,0,1,2,0,1,2,0,2,0,0,0,0,1,8,1,0,0,9,0,0,3,1,1,3,5,1,18,0,0,2,1,42,0,0,14,6,0,1,1,0,0,0,0,0,0,0,0,2,0,2,0,0,0,0,1,0,0,0,4,0,1,2,0,0,0,1,0,0,1,3,0,4,3,0,2,0,2,0,4,0,0,3,1,1,2,0,1,2,1,1,4,0,0,2,4,1,1,3,4,0,1,0,4,0,2,1,0,0,3,1,1,4,0,0,0,1,2,0,0,0,1,0,0,1,0,0,1,3,1,0,1,0,1,0,0,0,0,0,3,1,0,1,0,0,2,0,3,0,0,0,0,1,3,1,0,6,0,2,0,2,3,0,0,0,0,0,7,1,3,1,3,0,0,0,2,0,3,3,6,0,0,0,1,7,0,0,0,10,0,1,54,27,0,3,0,0
0,2,2,0,4,0,1,1,2,1,0,1,4,0,0,1,2,2,0,3,0,0,0,0,0,2,11,10,1,51,0,4,2,0,0,4,1,0,5,7,1,0,1,1,0,0,0,1,0,2,13,0,2,2,3,0,4,0,0,0,9,1,0,0,4,0,0,0,0,0,0,0,0,2,0,0,1,0,0,0,1,1,0,1,2,0,4,0,0,0,2,0,0,0,19,0,1,0,1,0,2,3,0,0,0,1,0,2,0,2,0,5,1,5,2,2,0,0,1,1,2,5,0,0,0,1,0,1,0,0,0,3,0,1,0,0,7,0,0,0,0,0,0,2,0,2,2,0,1,0,8,0,2,0,2,2,0,2,4,0,0,0,3,6,1,2,16,2,0,1,0,2,21,17,0,3,1,0,1,0,1,2,6,3,0,5,0,1,0,1,2,1,2,0,0,0,0,0,1,2,0,4,1,0,0,1,1,1,4,1,0,0,0,5,6,1,0,0,2,0,0,1,0,1,0,1,1,2,1,0,0,0,1,1,3,1,2,0,0,0,0,0,7,3,0,1,3,5,0,0,58,12,0,0,0,1
4,0,0,0,1,4,2,3,53,0,0,1,0,1,0,3,10,1,0,1,5,0,0,0,1,28,9,0,10,6,1,0,2,0,0,2,2,1,0,1,2,0,0,3,0,0,0,1,0,1,0,1,2,0,0,0,0,0,4,3,0,2,1,1,0,0,0,0,0,0,0,0,1,6,0,0,1,7,2,0,0,1,0,2,4,1,6,1,2,0,0,2,0,1,3,0,4,0,0,1,0,2,0,5,1,4,1,2,0,1,0,0,0,1,2,0,0,0,2,0,2,1,1,1,2,0,0,0,0,5,0,3,1,3,1,0,1,0,0,0,1,2,1,0,0,19,1,0,0,0,3,0,2,0,5,3,0,6,5,9,0,0,3,1,1,0,2,2,0,1,0,8,0,5,0,2,3,0,2,0,1,0,1,6,0,0,0,2,1,0,0,0,6,0,0,0,0,0,7,0,0,0,2,0,4,0,2,1,0,0,0,0,0,0,0,5,2,1,0,0,0,1,0,5,0,0,0,0,9,0,0,0,0,0,1,0,0,1,9,0,1,1,0,10,0,0,2,12,0,0,60,24,0,0,3,1
31,3,1,1,0,1,3,0,8,0,1,0,1,0,2,1,2,3,2,1,0,0,4,0,1,4,9,0,1,2,0,3,1,0,0,1,3,2,3,6,0,1,2,3,0,1,5,3,1,0,0,0,1,2,0,0,0,0,0,0,0,4,0,0,2,0,0,0,0,4,1,0,0,4,1,0,2,7,0,0,0,0,0,0,2,0,13,0,2,1,1,0,2,0,18,0,5,0,3,1,0,2,2,0,0,10,3,1,0,1,2,2,1,0,1,0,0,0,0,0,1,0,0,0,1,1,0,0,0,2,1,2,0,1,0,0,2,0,1,1,3,0,0,0,3,1,1,1,0,1,2,0,0,0,3,1,1,1,5,0,1,1,2,0,0,2,0,9,0,0,6,3,0,5,2,1,2,1,0,0,0,0,2,4,0,1,1,1,1,0,1,0,5,2,0,0,2,1,23,1,1,0,2,1,0,1,0,1,0,2,2,0,0,1,0,5,1,1,2,0,0,1,13,1,6,1,8,7,0,1,7,0,0,1,4,0,0,3,0,0,0,2,5,7,0,0,1,15,2,3,55,13,0,1,1,0
4,4,0,1,5,3,3,0,43,0,3,1,7,1,0,0,0,0,1,0,5,0,1,0,1,0,13,0,6,4,0,0,2,0,0,1,1,2,1,5,1,0,0,7,2,0,3,0,1,2,1,1,1,9,1,0,6,0,0,1,0,7,0,2,2,3,1,0,1,0,0,0,0,13,1,2,2,6,0,2,2,0,0,6,3,4,8,3,0,4,0,0,0,0,5,2,15,0,0,0,1,3,1,0,0,2,2,7,0,2,0,0,0,2,6,0,0,0,4,0,1,3,0,0,5,2,1,2,4,4,1,3,1,1,1,0,4,0,0,0,1,1,4,4,0,1,1,0,1,2,1,0,2,0,5,1,0,6,2,0,1,0,3,0,1,0,3,2,1,0,1,5,1,0,0,1,2,0,0,0,0,2,1,2,0,1,0,2,1,0,1,0,2,1,1,1,1,0,10,1,4,0,1,0,0,1,3,0,0,1,0,0,0,2,0,2,0,0,0,1,2,7,0,0,0,4,1,3,3,0,1,0,1,0,2,3,1,0,16,0,0,0,1,10,0,0,0,17,0,1,56,8,0,1,0,0
6,1,1,0,40,0,1,0,5,0,1,0,3,1,0,0,0,1,5,0,2,0,2,0,2,48,6,1,2,1,0,0,1,1,0,1,4,2,1,1,0,1,0,8,1,0,12,1,1,1,0,0,0,2,0,1,0,0,0,0,0,5,2,0,0,0,1,0,0,0,0,1,1,7,0,0,2,10,1,0,0,2,0,15,2,1,1,0,3,0,5,1,2,1,2,0,5,0,1,1,0,5,1,1,0,0,5,2,0,2,1,0,3,0,2,0,0,0,1,0,1,0,0,0,0,0,0,0,1,1,0,3,5,2,0,0,6,0,0,1,0,2,1,0,1,0,1,2,0,1,2,1,3,0,6,2,0,4,2,1,0,0,1,0,0,1,2,0,0,1,5,2,0,2,1,2,0,0,1,0,0,0,0,1,0,0,0,1,1,0,0,0,8,0,0,0,1,1,4,1,0,1,0,2,1,0,2,0,0,1,1,0,0,1,2,5,1,0,0,2,2,1,0,0,0,0,2,6,0,3,1,0,1,0,2,5,0,1,11,0,0,1,3,6,1,0,0,17,0,0,47,27,0,0,0,0
1,1,0,0,4,0,1,2,6,0,1,2,0,2,0,1,2,0,2,1,1,0,1,7,2,3,13,0,2,3,0,0,2,0,0,2,2,0,0,4,3,3,0,9,0,0,0,0,2,0,0,1,2,8,0,0,0,0,1,0,0,3,0,2,1,1,4,0,0,0,2,0,3,4,0,0,1,15,0,0,1,0,0,8,2,0,7,2,6,11,0,0,1,0,20,1,6,3,3,0,0,1,1,1,0,0,0,3,0,4,1,3,0,1,2,2,0,0,0,1,2,2,0,0,0,0,0,0,2,1,20,2,3,2,1,1,2,0,1,0,0,2,1,0,2,1,1,1,0,5,3,0,2,1,3,1,1,6,3,0,1,2,2,0,2,1,0,4,1,0,3,5,0,1,1,2,0,1,2,0,0,1,0,4,0,0,0,2,6,0,4,0,6,0,0,1,0,1,8,1,2,0,1,1,0,1,4,1,0,1,3,1,0,1,0,7,2,0,4,0,2,4,1,5,1,2,2,1,4,0,0,0,0,0,4,1,2,0,10,0,0,1,0,8,0,0,0,8,3,2,58,14,0,0,0,0
1,2,0,0,6,8,3,0,0,5,3,2,6,0,2,0,1,1,0,4,2,0,0,2,3,3,13,0,6,8,1,0,1,0,0,1,1,2,1,0,0,2,0,4,0,0,0,1,1,0,0,0,1,0,0,0,0,0,4,7,0,7,0,0,3,0,0,0,1,0,1,0,2,4,0,1,0,7,0,0,0,2,0,10,3,1,13,0,3,0,0,3,1,0,5,0,4,2,7,1,0,2,0,1,0,0,6,3,3,1,1,0,0,0,1,1,3,0,0,0,1,0,0,0,1,2,0,7,1,2,1,5,1,0,0,2,1,0,1,4,0,0,2,1,4,4,6,0,0,1,1,0,0,0,3,1,3,4,12,0,3,1,2,0,2,1,4,8,0,1,2,2,2,3,1,1,0,2,0,0,2,1,11,3,1,0,1,3,3,0,1,0,2,1,0,2,0,0,7,1,1,0,0,1,0,0,2,0,0,3,2,2,0,1,7,6,1,0,1,0,1,1,1,0,0,4,2,2,1,1,0,2,1,0,3,4,2,0,12,2,0,0,1,6,0,0,0,13,0,0,58,14,0,0,1,5
5,0,1,1,56,0,1,0,0,0,1,0,0,0,1,1,9,5,2,0,0,1,2,0,0,0,12,2,5,4,1,0,1,0,0,1,2,1,0,1,0,2,0,4,12,0,0,0,1,1,0,1,0,5,0,0,2,1,0,7,0,4,0,0,2,1,0,0,0,1,0,1,0,2,0,0,1,6,0,1,0,2,0,15,1,0,12,0,1,3,2,1,0,2,4,5,0,0,0,2,4,2,0,1,1,3,2,3,1,3,0,0,0,1,1,1,0,0,3,0,1,3,1,0,1,1,0,5,0,2,3,2,1,2,0,0,2,1,0,0,1,1,0,0,2,0,1,0,0,2,1,0,0,0,3,1,1,4,5,1,1,0,1,1,0,0,6,5,2,2,5,1,0,4,3,1,2,0,2,1,3,0,1,1,1,1,4,2,4,6,1,1,3,0,0,0,2,1,2,1,2,0,0,0,0,0,1,0,2,1,1,1,0,0,2,4,0,0,1,3,2,0,0,0,3,0,0,12,0,0,5,0,1,0,2,0,0,1,10,0,0,0,4,1,0,0,1,1,0,28,39,6,0,4,0,0
1,1,0,0,0,0,2,1,9,0,0,0,2,1,2,0,0,1,0,0,0,0,0,1,0,0,10,0,2,2,0,0,1,0,0,3,2,1,1,0,0,0,1,8,6,1,0,1,1,1,0,0,0,8,0,0,0,0,0,1,0,7,5,0,0,0,1,0,1,3,2,0,0,12,3,0,0,19,3,1,1,1,0,10,7,0,6,1,6,7,0,31,2,0,4,4,6,0,2,0,1,1,0,1,2,0,3,0,0,3,2,0,0,1,2,1,0,0,0,3,2,0,1,1,1,4,0,1,0,3,0,3,2,2,1,1,7,0,0,0,3,2,1,4,1,0,0,0,0,0,0,0,4,0,4,2,1,6,3,2,2,0,0,3,0,2,1,0,1,0,7,6,1,1,2,2,2,0,1,0,0,2,0,3,0,0,3,3,5,0,6,0,0,0,1,3,1,0,11,0,1,0,1,0,0,0,4,0,5,0,2,5,0,2,2,6,1,0,2,4,6,2,4,0,0,1,4,0,2,1,0,0,0,0,2,1,1,2,10,0,0,0,0,8,0,1,0,5,0,0,54,11,1,0,2,0
3,0,0,2,10,0,1,0,0,3,0,0,3,0,0,0,0,0,0,1,1,6,0,0,2,0,16,0,0,1,0,0,1,0,0,1,1,3,0,3,0,2,1,2,0,0,0,0,0,0,0,0,0,0,0,0,0,0,0,0,0,4,3,1,1,0,0,0,1,1,0,0,2,3,0,0,1,10,0,0,6,1,2,3,3,0,10,0,0,4,1,0,0,0,7,0,1,0,0,0,0,1,0,4,0,0,2,0,0,1,0,1,0,0,2,0,0,0,4,0,2,0,0,0,0,1,0,0,3,6,0,3,2,0,0,0,3,1,3,4,2,6,1,0,2,4,0,0,0,0,2,1,0,1,4,3,0,4,4,1,0,0,4,10,1,0,3,0,2,2,11,5,0,0,0,2,1,5,0,1,2,0,2,2,0,0,1,4,5,0,3,0,10,0,0,1,2,0,5,0,0,1,2,0,0,1,4,0,2,0,2,1,0,12,1,3,0,0,1,4,2,2,4,0,0,1,0,14,3,1,0,0,0,0,0,0,0,0,11,2,0,3,1,13,0,1,0,14,2,0,54,23,1,3,0,1
4,3,0,1,4,0,3,1,47,0,3,1,7,1,0,0,1,1,0,0,0,1,1,2,0,19,8,0,1,3,0,0,1,0,0,1,1,2,0,6,0,0,0,19,8,0,1,2,2,0,3,0,0,14,1,1,3,1,2,0,0,5,3,2,0,0,1,1,0,6,1,0,0,10,1,0,0,20,2,1,0,2,3,1,3,0,7,1,1,3,0,0,0,0,14,4,3,0,1,0,0,3,0,0,0,1,0,0,0,1,0,1,0,0,1,0,0,0,2,0,1,2,0,0,0,1,0,1,0,2,0,8,5,1,0,0,3,0,0,0,0,2,2,1,1,1,3,1,0,1,4,1,1,4,7,4,0,5,0,0,0,1,0,0,0,1,0,0,0,4,0,2,0,1,1,1,1,0,0,0,0,2,0,1,1,0,3,1,0,0,1,0,10,0,2,0,4,0,10,2,2,2,1,1,0,1,1,1,0,0,0,2,0,3,2,6,2,0,0,2,3,1,3,1,1,0,1,0,2,3,1,0,0,0,4,0,0,2,6,2,0,0,3,13,1,1,1,12,2,3,56,5,0,1,0,2
0,0,1,0,15,0,0,0,1,1,48,5,0,0,1,0,1,2,0,7,0,1,1,0,5,5,0,24,9,3,0,5,0,0,0,0,2,3,20,0,39,1,2,0,0,0,0,0,2,5,14,1,2,0,9,0,0,3,0,1,1,0,0,0,0,2,2,0,0,0,0,1,0,1,1,0,1,0,0,3,0,2,1,0,1,0,2,0,0,1,3,0,2,0,2,0,0,0,0,0,0,0,0,0,2,0,1,0,2,2,0,15,5,0,1,7,0,0,1,3,0,3,0,0,0,2,0,2,1,0,0,0,0,1,3,1,0,4,0,1,2,0,1,0,2,0,2,0,5,2,3,0,8,1,0,0,0,2,0,0,16,0,1,0,1,1,7,0,1,0,0,0,2,0,1,3,2,1,0,1,0,2,3,4,1,10,0,0,6,6,0,3,0,3,0,0,2,2,0,2,0,0,3,0,0,1,1,1,0,3,0,1,0,1,2,0,0,1,1,0,0,0,0,0,0,1,4,0,3,0,4,3,1,0,3,0,1,0,0,0,0,4,4,2,0,0,1,0,1,2,0,1,0,7,0,0
2,1,1,0,0,1,8,0,1,0,2,0,0,1,0,2,0,0,0,4,2,1,0,0,0,3,4,0,2,5,0,1,2,0,0,1,1,2,1,1,0,0,1,0,0,0,0,1,1,1,11,0,0,0,1,0,2,0,0,1,0,2,4,0,4,1,0,0,0,0,0,0,2,5,0,1,1,17,0,0,4,2,0,17,1,0,7,1,0,0,0,0,1,0,2,7,8,0,0,0,0,3,1,2,1,1,5,1,0,2,0,7,0,1,3,0,2,0,0,0,1,1,0,0,2,9,1,0,0,3,0,3,6,0,0,1,4,0,2,0,2,5,1,0,1,2,3,1,0,1,3,1,0,3,4,2,0,1,3,0,4,0,1,0,2,2,26,5,1,1,2,4,0,0,4,1,0,2,0,1,2,1,0,3,1,2,10,1,5,0,3,0,4,0,0,2,4,1,3,1,0,1,1,0,1,0,3,0,2,0,13,1,0,0,0,0,1,0,1,0,3,1,0,0,0,3,2,0,1,0,1,0,1,0,3,1,0,2,5,0,0,2,0,8,0,0,0,14,1,1,49,16,0,0,0,1
0,0,0,1,3,0,2,1,3,0,0,1,1,0,0,0,1,3,0,0,0,0,0,0,0,1,16,0,3,2,0,1,2,0,0,2,3,1,8,2,1,0,0,1,0,1,4,0,2,1,0,0,0,0,1,0,2,1,0,2,0,6,2,4,2,0,0,0,0,1,0,0,1,4,4,0,0,6,1,0,0,3,0,9,2,1,1,0,6,1,1,0,1,0,6,2,3,1,1,2,4,4,0,7,0,1,2,3,3,9,0,0,0,1,3,1,0,1,1,2,20,0,0,0,1,18,0,8,3,1,4,2,4,0,1,0,4,2,0,7,7,0,4,1,2,0,0,1,1,2,5,1,0,0,4,3,4,5,3,0,1,1,4,1,2,0,1,0,1,4,2,3,1,1,1,1,1,2,0,2,1,2,6,5,0,2,3,1,0,1,0,0,10,1,1,13,1,1,17,0,0,1,1,0,0,3,6,0,0,6,1,1,3,2,4,4,2,0,2,1,1,3,1,1,0,3,4,7,1,1,0,0,0,0,1,0,1,9,10,1,0,0,3,6,3,2,1,17,4,1,30,2,0,0,3,1
1,1,19,2,3,1,1,1,1,0,1,0,0,1,0,2,3,0,2,0,1,0,0,0,0,1,14,0,1,0,2,0,1,0,0,1,2,3,5,1,1,2,0,8,0,4,2,2,0,0,1,2,0,4,3,0,0,1,1,1,0,8,1,2,3,1,0,0,0,0,0,0,2,5,0,0,3,19,1,2,0,0,1,11,1,0,10,0,3,0,0,0,0,0,4,5,5,0,2,0,4,2,3,3,1,1,0,2,2,2,0,1,0,0,4,0,0,0,2,3,1,6,0,3,1,2,0,2,4,3,0,2,0,1,2,0,9,3,2,3,6,0,0,0,0,2,0,0,0,0,4,0,1,2,2,1,1,2,4,0,1,0,9,0,0,2,0,9,0,5,3,6,0,2,1,1,8,3,1,0,0,1,1,1,1,0,0,3,7,0,2,0,1,1,0,0,3,0,9,0,2,0,0,0,5,0,3,0,3,2,1,3,0,0,0,4,0,1,0,3,0,4,5,8,0,3,0,2,1,0,2,0,1,0,4,1,0,1,8,0,0,1,1,10,0,0,2,11,0,1,44,14,0,3,2,0
1,1,1,0,7,0,4,0,0,5,10,4,0,1,0,1,0,3,0,2,6,0,0,0,0,8,4,0,4,5,1,3,1,1,0,3,0,0,3,3,14,0,1,4,2,0,0,0,0,1,4,0,0,2,4,1,1,0,2,4,0,3,3,0,1,0,1,0,0,0,2,0,0,3,1,1,0,14,4,0,4,0,0,16,7,1,5,5,0,3,0,0,0,3,6,0,0,1,0,0,1,4,0,2,3,1,6,1,0,1,0,1,1,2,2,2,0,0,2,0,2,2,0,1,3,3,0,0,0,0,27,1,4,1,0,1,0,1,0,1,0,2,2,0,1,0,2,0,0,1,2,2,1,1,4,2,1,1,0,0,8,0,2,0,0,1,2,0,0,0,0,1,0,0,1,3,0,0,0,0,2,6,0,2,3,3,0,0,3,0,0,2,0,2,0,8,0,0,0,3,0,1,2,0,1,2,1,2,0,0,0,1,1,0,1,5,1,1,0,0,1,1,0,3,0,1,0,0,1,0,2,0,1,1,3,0,1,1,7,0,2,3,6,8,0,0,1,8,1,3,47,5,4,1,1,0
0,2,1,4,1,0,0,4,3,0,2,1,0,0,1,0,4,0,14,4,0,0,0,0,4,3,16,0,3,55,0,1,1,0,0,1,3,4,0,4,1,1,0,14,3,0,3,0,1,1,1,3,0,0,0,0,1,0,0,0,0,5,2,2,0,0,1,0,0,0,0,0,1,5,0,0,0,8,0,0,0,2,0,3,3,0,5,0,3,0,0,1,0,0,5,0,6,2,0,1,0,1,2,0,0,0,0,2,0,2,0,1,1,0,1,0,1,6,5,0,1,4,0,0,0,1,1,0,0,3,0,4,2,0,0,0,0,0,0,0,0,0,0,0,0,0,2,1,9,2,2,0,0,0,2,1,0,4,2,0,0,2,1,0,0,1,10,9,1,2,4,4,17,4,1,1,1,2,0,1,0,1,3,4,0,1,0,1,4,0,0,0,4,0,0,0,0,0,5,1,1,0,0,0,2,0,0,0,0,2,0,0,1,2,0,4,0,0,4,0,0,0,0,0,0,5,2,1,1,0,2,0,2,0,0,0,0,3,3,0,0,0,2,12,0,0,0,6,0,0,45,17,0,3,0,0
2,2,0,1,5,0,3,3,5,0,3,1,4,0,1,2,1,3,1,2,0,0,3,0,0,53,7,0,3,3,0,1,1,1,0,1,2,2,0,5,2,0,0,12,1,1,0,0,1,2,2,0,1,0,3,0,0,0,0,0,0,3,3,0,2,1,0,2,0,1,6,1,2,9,0,0,1,9,0,2,2,0,0,7,13,0,18,3,4,4,0,52,1,0,4,3,7,0,0,0,0,3,1,0,1,1,1,3,1,1,0,1,0,1,1,0,0,0,2,0,1,0,0,0,0,1,2,1,0,1,0,3,3,1,2,0,2,1,0,0,1,1,0,0,1,1,1,2,2,1,2,2,0,0,3,3,0,5,6,1,0,0,1,0,0,1,2,0,0,1,5,3,0,2,1,1,4,0,1,0,1,4,2,3,0,0,0,1,1,0,0,0,0,0,0,0,1,0,1,1,1,1,0,0,0,0,3,0,0,0,0,0,0,1,0,5,0,0,0,1,1,1,0,0,0,0,5,2,0,1,1,0,0,0,6,3,1,1,6,1,0,1,2,5,0,0,1,11,0,5,54,5,1,0,0,0
2,0,0,0,1,0,0,0,0,0,1,0,0,0,0,0,2,5,2,8,2,0,0,0,0,1,13,0,1,8,0,1,3,0,0,2,3,7,1,12,0,1,1,5,3,0,1,0,1,0,1,0,3,18,1,0,0,1,0,0,0,6,1,0,1,1,1,0,1,1,0,0,0,10,0,1,0,10,0,0,0,0,0,0,5,0,4,4,3,0,0,49,0,3,8,1,3,0,0,2,1,3,0,0,0,0,0,0,0,1,0,1,0,0,2,0,0,0,2,0,1,2,0,1,0,2,0,0,0,5,0,1,4,1,2,0,3,1,1,0,1,1,0,1,3,3,1,0,0,1,9,1,0,0,3,2,0,4,4,2,0,0,0,2,0,0,3,1,0,5,3,2,0,1,4,1,1,0,1,1,2,0,2,2,0,0,0,1,3,0,0,0,12,0,0,0,0,0,10,1,0,0,2,1,0,1,2,0,4,2,0,2,1,3,0,3,0,0,2,0,1,1,12,1,0,4,0,0,1,0,1,0,0,0,1,1,0,0,5,0,0,4,1,2,1,0,0,10,2,1,49,17,3,0,0,1
6,0,1,0,2,0,1,0,10,0,4,2,0,0,0,1,3,4,0,2,1,1,0,0,0,1,10,0,2,40,0,7,1,0,0,1,1,1,1,0,4,0,0,2,0,0,0,0,1,0,2,1,0,2,0,0,0,0,0,0,0,2,0,0,2,1,0,0,0,1,0,1,2,3,0,0,1,2,0,0,2,0,0,2,2,0,17,0,0,2,0,0,0,0,7,2,3,0,1,0,0,1,0,0,0,0,0,1,1,2,0,4,0,0,2,0,0,0,0,1,1,2,0,0,0,2,0,0,0,1,0,2,0,1,0,0,1,0,0,0,1,0,0,0,2,1,1,0,0,1,3,1,0,0,2,1,0,2,5,0,0,0,0,12,0,0,33,0,0,2,11,3,0,2,1,1,2,1,0,0,0,0,0,2,0,4,6,1,8,0,0,0,7,1,0,0,1,2,16,1,1,1,2,0,0,1,3,0,7,2,2,0,0,6,3,6,0,1,7,2,1,0,0,2,0,2,6,0,4,0,3,1,1,0,2,0,1,0,11,0,2,0,0,7,0,0,1,9,0,0,56,16,0,0,0,0
2,1,4,0,2,0,1,0,0,0,0,0,1,0,0,0,2,1,0,0,0,0,0,0,0,5,15,0,0,26,0,0,1,0,0,3,2,2,0,3,3,1,1,5,0,1,2,0,0,2,0,0,0,2,3,0,7,0,0,1,0,3,1,1,1,1,2,1,1,1,0,0,5,6,0,0,0,10,0,0,0,1,2,2,4,0,8,2,4,1,1,1,1,0,1,0,6,0,1,0,2,0,2,0,1,0,1,1,0,3,0,0,0,1,2,0,0,0,2,0,2,1,0,2,0,1,0,1,0,1,0,3,0,3,1,0,2,2,0,0,0,1,0,2,3,0,1,3,2,0,1,0,0,0,6,2,2,4,4,0,1,0,1,0,0,1,59,16,0,1,1,7,39,2,1,2,6,5,0,0,0,0,2,6,2,0,0,5,0,0,2,0,1,0,0,1,0,0,4,0,0,0,0,0,0,0,4,2,1,1,0,0,0,3,0,6,0,0,0,1,0,0,1,0,0,5,1,5,2,0,1,0,0,0,0,2,1,7,12,0,0,0,1,7,0,0,0,9,0,0,60,9,0,5,1,0
0,0,0,1,5,0,0,0,1,0,3,3,1,0,0,0,0,3,0,2,1,0,0,0,0,6,5,4,5,61,4,1,1,0,0,2,0,1,9,2,12,1,1,6,4,0,3,0,7,0,7,0,2,1,9,0,0,0,0,2,3,3,0,0,1,2,0,1,0,0,0,0,2,11,0,2,0,1,0,1,1,0,1,3,1,0,5,2,2,2,2,2,0,2,1,0,9,0,0,1,0,0,0,3,1,0,0,2,1,1,0,8,1,0,1,7,1,0,4,0,1,0,0,0,0,5,1,0,0,0,0,4,0,0,0,1,1,1,1,0,0,1,3,0,0,3,1,0,0,2,2,0,0,2,5,0,1,2,1,0,13,0,3,0,1,0,4,2,5,1,1,7,0,0,0,1,1,1,0,0,4,2,0,4,1,22,0,0,0,1,1,0,3,3,0,0,0,1,1,3,0,0,1,0,3,1,1,0,1,2,0,0,1,2,1,2,0,0,1,0,2,0,0,1,0,0,1,0,5,0,3,0,0,1,1,1,0,1,6,0,0,0,3,8,0,0,1,3,0,1,54,5,0,0,0,0
6,0,1,0,3,1,0,0,3,0,2,2,0,0,2,6,0,2,0,0,0,0,1,0,0,14,8,0,8,1,0,0,1,0,1,2,1,3,0,3,0,2,1,2,0,0,2,0,1,0,4,2,0,2,3,0,0,0,1,0,0,7,0,0,3,1,0,1,0,4,2,0,1,5,1,1,3,11,1,2,3,0,2,1,1,0,3,0,1,1,1,0,0,0,12,0,2,0,0,0,0,4,2,1,0,0,0,2,0,2,0,1,1,1,2,0,0,0,1,0,1,3,0,1,2,1,0,0,0,2,0,5,0,2,0,0,4,1,0,0,0,2,1,2,4,1,4,2,0,1,3,0,0,2,4,2,3,3,12,1,0,0,1,2,0,1,2,7,1,1,7,4,0,5,6,3,2,3,1,0,0,0,0,2,0,2,0,1,5,0,0,0,5,2,2,1,7,0,8,1,5,1,0,1,1,0,0,0,1,2,5,1,4,16,4,3,0,0,2,1,0,1,0,0,0,3,1,0,1,1,1,1,2,0,2,1,0,3,1,0,0,0,7,8,0,0,0,23,1,2,49,14,0,0,6,0
3,1,0,0,3,1,2,3,42,0,5,3,1,0,1,0,0,2,14,1,9,1,0,0,2,4,6,0,2,2,1,0,1,0,0,2,2,2,0,4,3,1,1,16,7,0,0,0,4,3,0,0,1,5,0,0,5,1,0,0,0,4,1,0,3,0,1,0,2,3,0,1,1,7,1,0,0,14,0,0,0,0,0,6,2,2,13,3,1,4,1,0,1,0,9,3,3,0,0,0,0,1,0,0,0,0,1,0,0,2,0,0,4,0,3,0,0,0,2,0,1,0,0,0,1,2,1,1,2,1,0,11,3,1,0,0,2,2,1,0,1,2,0,0,0,1,1,0,0,1,1,0,2,2,5,1,0,4,1,1,0,0,0,1,2,1,0,0,3,0,3,4,2,1,2,1,3,1,0,1,1,1,1,2,1,0,1,1,2,0,0,1,4,1,0,0,1,0,8,1,3,0,0,1,0,1,1,1,1,0,1,2,1,1,0,6,0,0,1,1,5,1,0,0,0,1,0,0,0,0,1,0,0,0,6,0,1,3,10,2,0,0,0,10,1,0,1,14,0,3,56,6,0,1,0,0
10,0,0,1,4,0,0,0,8,0,0,0,0,0,3,1,0,2,0,6,1,0,0,0,0,42,14,0,6,0,0,1,1,0,0,2,3,0,0,2,0,0,1,1,1,0,0,1,0,0,4,0,0,8,0,0,1,2,0,1,0,3,1,0,0,0,0,0,0,4,2,0,0,11,0,0,0,2,1,1,3,1,0,1,4,0,5,5,9,3,0,15,0,0,25,1,4,0,1,0,0,1,1,0,0,3,2,2,0,1,1,2,0,0,2,0,0,0,0,1,2,1,0,1,0,0,0,4,0,1,0,4,0,4,0,0,1,0,1,0,3,0,2,0,0,6,1,0,0,0,8,0,0,0,7,2,1,2,9,2,0,0,0,0,2,1,1,2,1,1,0,2,0,2,0,2,0,0,0,0,1,1,0,2,0,0,0,2,1,0,0,1,0,0,1,1,0,0,7,0,0,1,0,0,0,2,3,0,2,0,0,0,0,4,3,3,0,0,0,1,0,0,0,0,0,1,1,1,0,0,0,0,1,0,1,1,1,1,2,0,0,14,0,11,3,0,0,24,0,0,54,21,0,0,2,0
7,1,3,0,34,0,2,1,28,0,3,1,2,2,1,1,5,2,6,3,4,0,0,0,1,47,7,0,4,3,0,1,1,0,1,1,2,3,0,5,2,1,0,14,4,5,1,1,3,0,0,0,1,0,0,3,1,0,0,0,0,1,2,3,1,1,0,0,0,2,1,1,1,7,0,3,0,7,0,1,0,1,1,9,1,0,7,0,1,2,2,0,1,0,4,1,4,0,1,0,0,2,0,3,0,0,4,3,0,1,0,1,0,2,1,0,0,0,3,0,1,1,0,0,0,0,0,1,1,2,1,4,0,0,0,1,2,0,1,0,0,2,0,0,0,0,1,0,0,1,6,0,0,2,4,3,1,5,3,0,1,5,1,0,1,1,0,0,1,2,1,1,0,4,2,2,0,0,0,0,0,6,1,3,1,0,3,1,0,0,2,0,8,1,1,1,0,0,4,1,1,0,1,0,0,0,1,0,0,1,0,2,0,0,0,10,1,0,1,1,1,0,0,0,0,1,3,5,0,0,2,0,1,0,5,0,1,0,15,1,0,0,2,7,0,0,0,9,2,1,51,15,0,1,0,0
1,2,8,0,7,1,4,4,0,0,48,9,1,1,1,3,0,1,0,17,1,1,0,0,0,7,0,0,8,6,1,4,1,1,0,3,0,2,17,1,1,0,0,2,3,0,1,0,5,4,11,0,3,1,8,0,1,0,0,1,1,2,0,0,0,0,1,0,0,0,2,1,1,0,0,0,0,0,1,2,1,0,3,0,1,0,5,0,3,0,3,1,2,0,1,0,0,0,1,0,0,2,0,0,2,0,0,0,1,0,0,25,5,1,0,4,0,0,0,2,0,35,0,1,1,11,0,4,0,1,1,0,1,0,0,1,0,0,0,0,0,0,0,2,0,0,3,0,0,3,3,0,0,0,6,0,0,5,1,0,3,0,0,3,0,19,5,0,0,0,1,1,0,0,5,0,0,0,0,0,1,3,3,3,2,39,0,2,0,0,2,1,0,1,0,0,1,3,0,2,0,0,7,0,0,1,0,0,4,0,0,0,2,1,0,0,1,1,0,1,0,0,1,1,0,0,2,0,3,0,1,0,2,0,1,0,0,0,0,1,0,0,5,0,0,2,1,0,0,2,0,0,0,0,0,1
4,4,0,3,4,1,3,4,0,0,2,1,0,0,0,0,1,0,0,3,0,1,1,0,0,0,6,0,1,2,0,0,1,0,2,2,1,2,4,4,1,0,0,3,2,2,0,2,3,1,1,11,1,0,3,1,9,1,0,0,0,9,4,0,3,0,0,0,1,0,0,1,3,4,1,2,0,8,2,2,0,3,1,4,1,0,7,0,2,0,1,2,1,0,7,2,4,1,0,1,1,0,0,0,1,0,4,3,0,1,0,2,2,7,3,0,0,0,1,13,3,4,1,2,0,0,5,1,1,1,0,1,4,1,3,0,1,0,3,0,3,6,1,0,3,0,4,0,0,1,3,1,0,1,6,4,0,2,4,3,0,0,3,2,0,7,2,0,3,3,2,1,0,0,3,1,0,1,0,2,1,4,1,2,1,3,3,2,3,1,6,0,0,1,1,1,2,0,1,2,1,0,0,0,0,0,1,1,0,0,1,1,0,2,0,10,2,0,0,1,4,2,0,0,2,1,2,7,1,0,1,1,1,0,0,4,1,4,11,0,3,1,2,13,0,0,0,3,1,2,43,11,0,1,1,2
8,1,0,4,0,1,4,0,0,6,3,0,1,0,1,1,1,10,0,2,0,0,0,0,0,0,6,0,4,33,0,1,4,0,0,1,1,3,0,1,1,1,1,1,0,2,0,0,2,1,2,0,0,0,2,0,3,0,0,0,0,8,3,0,3,1,0,0,0,0,0,0,0,3,0,1,0,7,0,0,1,1,3,1,5,0,11,1,1,0,0,1,0,2,6,1,0,0,0,3,0,0,0,1,2,2,0,0,0,4,1,3,0,1,1,0,0,0,0,0,1,4,0,2,0,7,0,3,0,1,0,3,4,1,1,0,1,1,0,1,1,1,0,0,0,1,3,0,1,1,0,0,0,1,3,2,3,4,1,2,0,0,5,2,0,1,41,0,0,3,1,2,14,3,1,3,4,1,0,0,1,0,5,1,0,0,1,2,4,0,1,0,2,1,1,2,5,0,6,1,1,0,3,0,1,1,1,0,0,0,0,0,0,5,3,7,0,2,0,1,1,0,4,0,0,6,4,0,0,0,1,1,0,0,0,2,1,4,5,1,2,0,1,7,0,2,1,14,1,0,54,15,0,1,0,0
7,4,1,0,0,3,1,0,0,27,0,0,3,1,0,0,0,2,0,5,2,0,0,0,0,3,12,0,5,10,1,0,1,0,0,1,2,1,0,0,0,0,0,1,0,1,0,1,0,1,0,0,0,0,0,0,0,0,0,4,0,6,1,0,0,0,0,0,0,0,0,1,4,10,0,0,1,9,0,1,1,0,0,13,4,1,8,9,1,0,0,0,0,0,0,8,2,0,0,0,2,3,2,0,0,1,2,1,1,3,0,0,0,0,7,0,0,1,1,0,2,0,0,1,0,0,1,0,2,2,0,4,1,1,0,2,7,1,0,0,6,1,3,0,1,1,3,0,0,0,0,3,0,6,4,2,1,5,3,0,0,0,3,0,5,1,21,3,1,4,9,4,1,3,0,2,1,2,0,0,0,4,0,5,0,0,2,2,1,0,6,0,1,0,0,0,1,0,6,0,0,2,1,0,0,0,1,0,2,0,1,1,0,0,0,6,0,1,0,2,0,0,0,0,0,2,2,2,0,0,5,0,0,0,3,0,1,0,7,1,0,1,1,9,0,0,0,5,2,0,55,12,0,0,0,0
0,0,0,0,10,0,0,2,13,0,41,4,1,1,0,7,1,2,0,1,0,0,0,0,0,12,3,0,25,1,0,10,0,0,0,0,1,1,0,3,0,0,1,0,1,0,0,0,1,14,8,0,0,1,0,0,0,0,0,1,0,0,0,0,1,0,0,0,1,0,1,0,0,0,0,0,0,0,0,1,1,1,0,2,3,0,1,0,0,2,0,0,0,2,5,0,0,0,2,0,1,1,2,12,1,0,1,1,0,0,0,12,0,0,2,8,0,0,1,0,1,1,0,0,1,3,0,0,0,0,0,3,0,1,0,0,1,0,1,0,0,1,1,0,7,0,1,2,0,2,0,0,7,0,1,1,3,0,0,0,10,0,4,0,1,5,7,1,2,0,0,1,0,0,0,9,0,0,0,0,0,1,0,1,1,23,0,1,4,1,2,0,0,1,1,0,2,0,2,3,0,1,1,0,1,2,2,2,1,0,1,5,2,0,0,3,0,4,0,0,1,0,1,1,0,2,1,0,6,0,1,0,1,0,5,1,0,0,0,1,0,0,3,0,0,0,2,3,3,4,35,2,2,2,0,2
11,2,0,2,2,0,2,0,5,5,1,2,0,1,0,1,1,8,16,2,0,0,1,0,0,0,2,6,0,1,3,1,0,0,0,1,3,2,1,1,4,3,0,2,2,1,5,1,2,23,1,1,12,0,1,1,0,0,2,0,1,1,0,0,3,0,0,0,0,0,1,9,1,0,0,3,0,1,0,0,0,8,1,0,0,0,1,2,0,0,0,0,3,0,0,0,3,1,0,2,0,2,0,6,1,0,0,3,13,2,1,0,1,0,1,5,0,1,3,0,2,0,2,6,3,1,0,3,1,0,0,4,2,0,2,20,1,0,0,0,3,1,4,2,1,1,0,0,1,2,0,2,1,0,0,1,0,2,1,0,1,2,2,0,4,1,1,0,1,33,2,1,6,26,0,1,1,0,0,1,2,1,0,3,0,2,1,1,2,0,3,6,0,0,1,2,0,0,0,2,0,0,0,1,6,0,0,0,1,5,1,0,0,3,2,2,0,0,0,0,9,3,0,0,5,0,0,0,1,0,1,1,0,1,5,0,1,3,0,0,2,3,0,1,0,1,0,1,0,1,0,2,0,0,0,0
0,1,1,0,5,0,1,2,2,0,23,4,3,2,0,0,1,3,0,3,0,0,1,0,0,4,10,2,3,2,0,0,0,0,0,0,1,2,20,4,2,1,0,0,3,0,0,0,8,3,10,0,0,1,19,2,0,2,0,3,0,22,0,0,0,1,3,0,0,0,0,2,3,2,0,0,1,2,2,4,0,0,0,0,2,0,2,0,0,0,4,1,1,2,1,0,13,0,6,0,1,3,0,1,2,1,0,0,1,1,0,12,1,0,2,3,0,0,2,1,2,11,1,2,0,0,0,0,0,0,0,2,3,1,0,0,3,0,2,0,0,1,0,0,0,1,1,0,0,2,1,0,2,0,0,1,1,1,1,0,3,0,3,1,0,0,8,3,0,0,2,2,1,0,4,3,0,1,0,0,0,3,2,1,1,24,0,1,2,3,1,0,1,1,0,0,1,1,1,1,0,2,2,0,0,1,3,1,2,1,0,0,1,2,1,1,1,1,0,0,0,0,1,0,0,0,3,1,2,0,3,0,1,0,3,1,1,0,3,1,0,0,5,2,0,0,1,0,0,4,41,11,0,0,0,4
4,0,6,0,3,0,0,1,2,0,2,0,0,0,0,1,1,0,10,1,0,0,3,0,2,0,8,0,2,46,0,1,1,0,1,2,1,2,2,2,0,3,0,6,3,2,0,0,0,1,0,3,0,1,0,0,0,0,0,0,0,4,0,0,0,0,0,0,0,0,0,0,0,5,0,0,0,3,0,0,0,0,1,5,3,0,4,0,1,1,0,1,1,1,2,1,5,0,0,1,0,0,0,3,0,1,0,2,1,1,1,1,0,2,2,1,0,0,1,0,1,2,0,4,2,0,0,1,1,2,1,2,0,1,0,0,3,0,1,0,2,5,0,0,3,1,3,0,0,0,1,0,0,0,1,1,0,3,5,0,0,1,2,0,0,1,54,26,0,3,6,1,3,2,0,1,11,1,0,0,1,1,0,2,0,0,1,2,0,0,2,0,16,0,0,0,2,1,2,1,1,0,0,0,2,1,1,0,0,0,0,2,0,0,1,4,1,0,0,0,1,2,7,1,0,6,8,0,1,0,1,0,0,1,3,1,0,0,6,0,0,0,5,12,0,1,0,0,0,2,52,19,0,1,0,2
0,2,4,0,8,1,2,0,0,0,46,7,0,2,0,0,0,1,0,3,1,3,0,0,0,14,2,0,6,1,1,0,1,0,2,1,4,1,6,0,3,0,2,0,2,0,0,0,2,5,6,1,0,0,5,0,2,0,2,0,0,8,0,0,5,1,0,0,0,0,0,20,2,0,0,10,0,2,0,4,1,0,0,2,6,0,7,0,6,0,7,0,0,0,4,0,0,2,0,0,0,0,0,0,5,0,3,0,1,0,1,17,1,1,1,9,0,0,0,0,1,0,1,3,0,3,2,4,0,0,0,2,0,0,1,1,0,1,2,1,0,0,2,0,0,0,1,6,0,1,1,0,10,1,0,1,0,0,0,0,15,0,3,1,0,0,15,0,1,0,1,1,3,1,0,1,0,0,4,1,2,0,0,1,0,8,1,1,6,12,0,2,1,3,2,0,2,1,2,1,1,1,3,0,1,3,1,3,1,0,0,0,7,1,0,1,0,0,0,0,0,1,1,1,0,2,4,1,3,0,5,2,0,0,2,1,0,0,4,0,0,1,1,2,1,0,3,2,1,2,0,1,2,2,0,0
1,2,5,0,5,0,5,0,0,0,8,8,0,1,1,0,0,1,0,0,1,0,3,0,0,4,8,0,3,12,1,5,1,0,2,1,0,2,8,4,14,0,1,5,2,0,5,0,3,6,12,1,1,2,1,0,2,0,1,2,0,6,0,0,0,0,0,0,0,0,1,1,0,0,0,0,1,2,0,1,0,0,0,2,1,0,9,0,0,1,1,0,0,1,7,0,1,0,0,0,2,0,0,2,6,1,0,0,0,0,1,6,4,1,1,12,1,0,0,4,1,2,2,0,1,1,2,2,1,1,0,0,1,0,0,6,2,3,6,0,4,0,1,0,0,0,6,0,0,3,3,0,0,2,3,0,0,1,0,1,17,1,1,0,1,0,56,1,0,0,0,1,4,2,2,2,0,4,2,0,1,0,2,0,2,18,2,0,0,1,0,2,0,2,1,0,0,2,1,3,0,0,2,3,3,2,3,0,0,0,0,0,0,1,1,2,0,0,0,0,0,0,0,1,0,1,1,0,2,3,3,2,0,1,1,0,0,0,5,1,0,0,0,2,0,0,1,1,0,0,35,13,0,0,0,2
1,0,0,1,21,0,1,0,0,0,37,12,0,2,0,2,0,2,1,1,0,0,0,0,0,8,3,18,4,2,0,1,0,0,0,0,1,2,2,0,10,0,0,1,0,0,2,0,9,7,13,0,1,2,3,0,2,0,1,3,3,10,0,0,1,3,1,0,0,0,0,0,0,0,1,0,0,2,0,0,1,0,0,2,1,0,4,2,1,4,1,0,1,0,2,0,0,0,3,0,1,1,0,1,5,0,2,6,0,0,1,3,0,1,1,0,0,0,1,3,1,26,0,2,21,6,0,0,0,0,0,1,0,0,5,1,0,3,2,1,0,0,1,0,2,1,2,0,0,2,3,1,8,0,3,1,2,5,0,0,10,0,2,0,5,1,8,3,3,11,0,3,0,1,0,4,3,2,0,0,0,2,3,5,1,19,0,2,0,0,0,0,0,1,0,0,1,0,0,1,0,0,1,0,0,0,1,4,0,1,0,0,0,0,0,0,0,0,0,0,0,0,0,0,0,0,4,2,5,1,2,4,0,0,1,0,3,0,2,0,0,0,1,0,1,0,1,4,0,3,2,0,0,1,0,0
0,1,0,0,1,1,0,0,1,1,2,5,3,0,0,0,0,4,0,3,0,1,1,3,0,1,11,0,2,12,2,0,2,0,0,1,3,6,4,3,0,0,0,1,0,0,0,2,2,2,1,1,1,2,0,0,2,0,1,6,0,4,0,1,1,0,0,0,0,0,0,0,0,6,0,1,0,1,0,0,0,0,0,2,3,0,4,1,1,4,0,0,0,1,2,1,5,2,3,0,0,1,0,0,0,0,1,0,1,5,0,1,0,0,1,0,0,1,0,1,1,6,1,2,0,1,2,0,1,1,0,1,0,1,1,0,3,0,0,1,1,0,0,0,3,6,4,1,0,1,1,3,1,0,2,1,2,6,9,3,0,0,6,1,0,0,15,4,2,0,7,1,0,2,3,1,1,4,0,0,0,2,4,1,0,1,2,2,1,0,0,0,4,1,4,1,4,1,4,1,0,0,1,4,4,0,3,1,2,2,1,0,1,2,2,6,0,0,1,1,1,4,0,1,0,16,1,1,2,0,1,2,0,0,2,0,0,1,10,0,0,0,1,3,0,0,1,2,0,0,48,30,0,1,1,0
0,3,0,0,21,0,0,0,0,4,48,7,1,1,0,0,0,7,3,0,1,0,0,0,1,8,0,1,3,3,0,0,0,0,2,0,0,4,3,2,0,0,1,0,0,0,0,1,4,1,10,0,0,0,0,0,1,1,0,0,0,1,1,1,3,5,10,1,0,0,1,0,1,5,0,0,0,0,0,5,1,0,0,0,8,0,8,0,5,2,0,0,0,2,3,0,0,0,1,2,0,0,0,4,13,0,0,0,0,2,1,16,2,0,2,3,0,1,0,5,1,6,1,1,1,2,2,0,0,0,0,2,0,0,1,2,2,2,2,2,3,0,0,0,1,1,4,0,0,3,0,6,16,1,0,0,2,2,0,4,7,0,3,0,2,0,6,0,0,0,4,1,0,1,0,1,2,0,1,1,1,0,1,1,3,1,4,0,9,0,1,0,1,3,2,0,2,2,2,2,3,0,2,0,0,2,11,2,1,0,0,2,0,0,0,1,0,0,0,0,2,0,1,0,1,0,0,0,1,1,3,0,1,0,4,1,1,0,0,3,0,0,4,1,1,1,1,1,2,4,1,2,0,1,0,3
1,2,0,0,1,2,7,0,1,3,1,1,0,1,0,2,0,4,1,0,1,0,0,0,0,1,8,0,2,14,1,2,2,1,1,1,2,1,2,3,2,0,0,3,0,1,0,0,1,0,7,0,0,0,2,1,3,1,0,0,0,7,1,0,4,0,1,0,1,2,2,0,1,6,0,1,1,16,1,0,0,0,0,7,4,0,19,0,1,0,2,1,0,1,12,4,7,1,3,0,2,1,1,7,2,1,1,9,0,2,0,0,0,0,4,1,0,0,2,0,1,6,0,0,0,1,1,4,0,2,1,2,2,2,0,0,1,0,1,1,0,2,2,0,1,2,2,2,0,1,5,0,0,1,4,2,0,6,6,0,0,1,1,3,0,1,1,3,0,1,2,3,0,4,1,2,3,3,0,0,1,0,1,4,0,3,0,1,3,0,1,1,5,0,0,0,2,0,6,1,1,2,1,0,1,0,2,0,0,2,0,0,1,3,0,0,0,0,0,1,1,1,1,0,0,1,5,0,2,0,0,0,0,0,2,1,2,0,16,3,0,1,2,16,0,0,3,12,1,0,53,18,0,0,0,1
4,2,1,1,2,0,1,2,0,0,5,0,0,0,0,0,7,1,1,2,0,3,1,1,0,1,6,0,3,6,1,0,1,1,0,1,3,6,0,7,0,0,0,12,7,0,0,1,5,0,7,0,1,1,0,0,1,0,1,2,0,8,2,2,3,0,0,1,0,1,0,1,2,6,0,0,6,9,5,3,1,1,3,0,3,0,7,0,1,1,0,2,0,0,7,2,2,1,0,2,0,0,0,0,0,0,3,0,0,3,0,4,0,0,2,2,0,0,1,0,1,0,0,1,0,1,0,2,2,1,0,9,2,0,0,1,1,0,0,0,0,0,0,0,4,2,1,0,0,1,5,2,1,1,4,1,3,3,6,0,0,1,0,0,0,3,10,12,0,3,2,3,0,0,1,1,2,1,0,0,1,0,2,1,3,2,1,1,1,0,2,0,11,0,4,1,0,2,6,1,0,0,2,0,0,1,1,1,1,1,4,0,0,4,1,6,0,1,3,2,1,0,3,1,1,3,2,1,1,2,4,0,1,0,2,0,0,2,5,0,1,1,1,4,0,0,2,9,0,0,51,19,0,3,1,1
0,1,0,0,14,1,2,1,4,0,34,9,0,1,0,1,0,2,0,1,2,1,0,0,12,4,4,3,2,1,0,1,1,0,1,1,3,1,9,2,2,0,1,0,0,1,5,0,3,6,9,2,1,0,5,0,0,0,0,1,0,2,0,0,2,4,0,0,0,1,0,0,0,0,7,0,0,1,0,0,0,8,4,1,1,0,3,3,2,0,6,0,0,0,2,0,1,0,0,0,1,2,0,0,3,0,2,0,0,1,0,5,0,0,2,2,0,0,0,0,1,15,0,0,0,1,0,1,0,0,0,3,0,1,0,3,1,2,1,2,2,1,1,0,0,4,1,0,0,1,1,0,7,0,0,1,0,0,1,0,20,0,2,1,0,0,4,8,1,0,0,1,1,0,0,43,1,1,0,2,0,0,1,1,1,34,0,1,4,1,0,2,0,3,2,0,5,0,0,1,1,1,2,0,0,3,4,1,1,0,1,0,0,3,5,0,0,0,2,1,1,0,0,2,0,0,1,0,1,0,2,4,0,0,1,0,0,0,0,0,0,0,1,0,0,1,3,3,0,4,0,0,0,2,0,0
3,3,1,0,0,5,4,0,1,0,0,0,0,1,0,2,0,2,0,1,0,1,0,0,1,1,9,0,1,12,1,0,3,0,0,2,1,0,1,1,0,1,0,5,0,0,0,3,1,0,0,0,1,1,2,1,2,0,0,0,0,4,4,0,1,0,0,0,0,0,0,0,1,5,0,1,0,14,1,0,1,0,3,4,8,0,12,3,2,2,0,2,1,0,3,2,7,3,1,0,1,2,0,2,2,0,0,1,0,1,0,0,1,0,2,0,0,0,3,0,2,0,1,4,0,1,0,0,0,1,0,3,5,0,2,0,2,0,1,0,1,3,3,0,0,1,3,1,5,0,1,0,0,1,3,2,1,3,3,0,2,0,1,0,0,1,42,3,2,3,1,2,2,0,0,2,0,1,0,0,2,2,0,5,0,2,0,2,10,0,2,0,1,0,0,0,1,2,3,0,3,1,0,0,1,1,5,0,3,0,7,1,0,3,0,4,1,0,0,2,6,4,0,1,0,8,5,1,7,0,0,0,0,0,2,0,1,3,9,7,1,1,0,11,0,1,1,6,0,0,55,11,0,0,2,0
0,2,1,0,1,5,0,1,3,1,4,3,1,0,2,0,0,1,0,2,0,0,1,2,0,0,12,0,4,8,0,1,2,1,1,1,1,2,2,3,3,0,0,7,1,0,2,1,1,2,4,0,0,3,0,0,0,0,2,2,0,3,1,0,5,0,1,0,0,0,0,0,1,2,1,1,0,4,0,2,0,0,0,6,5,0,13,3,0,3,0,4,0,1,8,0,7,0,0,0,0,1,2,8,0,1,0,0,1,1,0,5,3,2,1,0,0,0,0,0,2,2,0,4,0,1,0,0,0,2,0,3,0,4,2,0,1,1,0,1,0,0,0,0,1,1,13,0,0,1,4,1,1,0,6,1,2,8,3,1,1,0,1,1,0,2,6,1,1,0,7,1,4,2,1,1,2,1,0,0,2,1,5,1,1,1,0,1,2,0,5,0,10,1,2,1,1,0,13,1,1,1,2,0,3,0,1,0,7,1,2,0,0,4,7,5,0,0,2,0,0,1,2,0,0,5,3,0,3,5,0,1,0,0,2,0,1,0,7,0,0,0,0,12,0,0,0,14,4,0,57,16,1,2,1,1
0,5,0,0,0,0,3,0,4,8,3,0,0,18,0,0,1,0,4,2,0,8,1,0,0,2,0,1,2,2,3,1,1,4,4,0,0,5,0,1,3,1,4,0,0,5,8,7,1,0,1,0,0,0,2,0,0,0,0,0,0,0,0,0,1,2,1,1,0,0,0,0,1,0,1,1,0,0,0,0,7,0,0,7,9,2,3,0,0,4,0,0,0,4,0,0,0,25,0,1,5,1,0,5,2,0,1,0,0,1,0,1,0,8,20,4,2,1,0,2,0,0,0,4,2,9,3,2,2,0,0,0,1,0,1,7,0,0,0,0,1,0,1,0,0,0,5,0,0,1,0,1,0,0,3,7,0,0,0,0,11,0,0,0,5,0,1,0,0,0,2,0,3,2,1,3,0,1,6,0,1,5,1,1,4,1,0,0,2,0,15,0,0,2,0,0,0,1,1,3,0,1,3,0,1,2,0,0,2,0,1,0,2,0,0,0,0,0,0,2,0,5,0,0,1,0,1,0,3,0,3,0,0,0,3,0,4,0,0,3,0,18,19,0,0,2,0,1,0,2,0,0,0,1,0,0
3,2,0,3,1,0,0,0,0,0,2,1,0,0,1,2,0,3,0,0,1,8,0,0,0,33,13,1,14,1,0,0,3,0,0,2,5,1,0,4,12,1,0,6,1,0,0,0,1,1,1,1,2,1,2,1,0,0,10,0,0,4,0,0,1,0,0,1,3,0,2,0,1,6,0,1,2,9,0,0,3,0,1,3,3,0,12,2,5,0,1,4,1,0,4,0,4,0,0,0,0,3,0,0,0,0,1,6,0,2,0,2,0,1,4,0,0,0,1,0,1,3,0,0,0,2,0,0,0,3,0,1,1,0,0,0,6,0,0,0,1,1,0,0,1,1,2,0,0,1,1,0,1,0,2,1,0,3,3,2,0,0,5,1,1,1,0,0,1,1,6,5,0,5,0,1,4,3,0,0,1,1,1,1,0,0,2,3,1,0,0,0,0,1,1,1,2,0,6,2,2,0,1,0,0,0,1,0,0,2,1,0,1,11,0,5,1,0,1,6,2,1,1,8,0,2,1,0,0,0,2,0,0,0,1,0,2,8,6,0,0,5,2,7,2,1,2,10,0,4,32,6,0,2,2,0
2,1,1,3,4,1,2,0,4,0,1,1,0,0,1,1,2,0,0,0,0,0,1,0,0,0,14,0,2,7,0,0,1,0,0,1,1,4,0,1,3,0,2,3,0,2,0,1,2,0,4,1,1,8,1,0,3,1,1,0,0,2,1,2,4,0,0,0,0,0,0,1,3,8,0,2,0,17,0,0,4,1,0,1,5,0,6,0,2,2,0,1,1,0,2,6,5,0,0,0,0,1,3,4,0,0,2,2,0,2,0,4,0,0,2,1,1,5,0,0,1,2,0,0,0,2,0,2,1,7,1,2,6,2,1,1,3,0,0,0,1,5,0,0,0,3,7,1,1,1,5,1,2,6,8,1,2,3,10,2,1,0,1,1,0,3,3,1,3,0,3,2,1,0,1,2,0,3,1,0,0,0,3,2,4,0,1,1,1,0,2,0,8,0,0,0,1,0,9,1,0,1,1,3,1,0,4,0,0,4,0,0,0,4,3,2,0,0,4,2,0,0,2,1,0,4,0,0,0,4,1,0,1,0,1,4,0,4,14,0,0,3,0,13,0,3,1,12,1,1,46,15,0,2,1,0
1,0,2,0,8,0,2,0,2,0,3,0,1,1,1,3,0,3,0,1,0,0,0,0,0,3,9,1,1,4,0,3,1,1,0,2,2,1,4,2,8,0,0,1,0,0,0,3,2,3,1,0,0,1,0,4,0,0,4,6,1,4,4,1,1,0,0,1,0,0,2,0,3,9,0,0,0,9,0,2,4,2,1,11,2,2,8,4,1,2,1,0,1,2,5,4,4,0,4,0,0,1,0,9,0,0,0,8,0,2,0,1,2,1,4,0,0,1,1,0,1,1,0,1,0,1,2,0,0,1,2,5,0,0,0,0,3,0,2,3,3,2,0,0,0,3,1,0,0,1,1,0,0,4,4,2,0,4,2,1,4,1,3,0,4,1,2,2,0,1,1,1,0,2,1,1,0,0,0,0,0,6,0,4,1,0,6,1,7,0,1,0,2,1,0,1,0,3,2,1,0,3,1,1,2,0,2,1,0,0,0,1,1,1,0,6,0,0,0,0,0,1,2,0,0,3,5,1,0,0,1,1,0,0,2,3,0,1,10,0,0,0,1,8,0,0,4,2,1,2,42,16,0,0,0,1
0,2,0,2,4,5,2,0,0,0,4,1,1,0,1,0,0,2,2,2,0,0,0,1,0,4,11,0,3,24,0,0,2,0,0,1,1,2,0,3,2,0,0,5,0,0,0,0,3,1,2,3,1,8,0,0,0,0,0,4,0,6,0,0,1,0,1,0,1,0,0,0,0,2,0,1,1,11,0,0,2,0,0,0,3,1,6,0,0,2,0,0,2,0,13,4,2,0,0,1,0,0,1,5,0,0,1,2,0,3,0,2,0,1,2,2,0,1,2,0,1,0,0,0,0,1,0,1,6,1,0,3,0,1,1,0,3,1,2,0,2,3,1,0,1,3,1,0,0,1,0,0,0,3,4,1,0,4,4,4,2,0,2,2,1,3,40,0,3,3,1,1,0,2,0,1,1,1,1,0,3,1,6,2,1,3,2,1,3,0,4,0,2,0,0,0,0,0,6,1,0,0,0,0,0,1,5,0,1,5,2,0,0,0,0,3,0,0,1,1,0,1,1,0,0,1,3,0,2,0,2,1,1,1,2,0,1,1,3,1,0,2,1,10,0,1,0,15,1,1,35,20,0,1,0,2
1,0,2,0,12,0,0,0,10,0,43,3,0,1,2,0,2,11,0,1,1,1,0,0,0,7,2,29,4,4,0,0,0,1,0,0,1,1,12,2,0,1,0,2,3,0,0,0,9,9,4,0,2,1,4,0,0,1,0,3,0,6,0,1,0,0,0,0,0,0,0,0,2,0,0,0,0,0,0,3,1,1,1,0,1,1,8,0,1,0,1,0,3,0,0,0,0,2,2,0,0,0,0,4,11,0,0,0,0,3,0,24,1,0,1,5,0,0,0,0,1,39,0,0,0,2,0,0,0,0,0,4,0,0,3,0,0,0,0,1,2,0,0,0,0,1,3,0,0,1,4,0,0,0,0,0,0,1,0,0,5,0,2,0,0,0,5,0,3,0,0,3,0,4,0,1,3,0,1,1,0,1,0,2,1,35,0,0,0,1,0,0,0,1,0,0,2,0,0,2,1,0,2,0,0,1,1,1,0,0,0,0,0,0,0,1,0,0,0,0,0,0,0,0,0,0,0,0,7,0,1,0,0,0,5,0,0,0,2,0,0,0,0,0,0,0,1,1,0,0,2,2,0,0,0,2
3,0,6,0,0,2,2,1,0,0,1,0,0,0,0,0,0,1,0,0,0,0,0,0,0,1,8,0,1,9,0,0,2,0,1,1,1,3,0,3,2,0,1,0,1,2,0,0,1,0,1,0,0,1,0,0,1,0,0,2,0,1,1,0,1,3,3,0,0,0,0,0,2,7,0,1,0,13,1,1,1,0,0,4,2,0,13,2,1,1,1,0,0,0,8,2,5,0,1,0,0,3,0,1,0,0,0,2,0,2,0,0,0,1,3,0,0,0,1,0,1,2,0,2,0,1,0,1,0,1,0,2,7,3,0,0,1,0,0,0,0,4,1,0,0,1,1,1,3,1,6,0,0,1,3,1,0,5,1,0,1,0,5,0,1,2,37,0,5,0,2,1,15,2,0,1,3,4,0,0,1,1,1,3,0,3,1,1,2,0,3,0,0,1,1,0,0,1,7,1,1,0,5,0,2,0,3,1,0,1,2,0,0,0,0,5,0,0,0,2,1,3,0,1,0,2,5,2,2,0,3,0,0,0,1,2,2,3,9,0,0,0,1,14,0,0,1,6,1,1,48,8,0,0,0,0
2,3,0,0,2,0,4,0,6,0,2,0,3,0,0,0,0,1,0,0,1,0,0,1,3,0,12,1,12,2,0,0,1,0,0,2,3,0,1,1,0,2,2,5,0,2,0,0,1,0,3,1,1,2,7,0,0,4,7,1,0,2,0,5,0,3,3,5,0,1,0,0,0,4,0,0,0,8,2,3,2,1,1,9,1,1,7,2,3,1,0,0,0,0,1,0,7,2,0,1,0,4,0,0,0,0,0,0,1,3,0,0,0,1,8,0,0,0,1,0,2,2,0,0,0,0,0,1,1,0,1,4,3,0,0,0,4,2,0,1,2,1,1,0,0,1,0,0,0,0,3,0,2,0,8,2,0,4,3,0,1,1,1,1,0,3,2,2,0,3,0,6,0,1,1,3,2,2,1,0,0,1,0,2,0,2,1,2,1,0,2,0,8,0,0,0,2,0,11,1,0,0,3,0,0,1,3,1,0,2,2,0,0,7,1,2,1,0,2,1,1,0,0,0,0,0,1,0,5,0,2,0,0,1,0,0,1,2,8,0,1,0,2,11,2,0,0,16,2,0,49,12,0,1,0,0
0,0,3,2,12,2,1,0,1,5,42,9,2,1,0,0,0,6,1,1,1,1,0,0,0,12,8,0,4,2,0,0,0,0,2,0,3,1,11,0,1,0,0,1,0,0,0,0,3,8,7,14,1,0,3,0,2,0,1,0,0,3,0,0,3,3,0,0,0,0,1,0,0,6,1,0,1,2,0,1,3,1,0,0,3,1,3,0,1,0,2,0,1,0,1,0,1,0,0,0,1,2,1,0,1,1,0,1,1,0,0,7,0,3,1,0,0,0,0,1,2,14,0,0,0,1,2,1,0,0,0,1,0,0,0,1,3,0,1,0,4,0,2,0,1,0,1,4,0,2,0,0,10,0,0,1,0,1,1,3,8,0,0,0,0,0,4,0,1,3,3,2,0,1,0,1,0,1,1,1,1,4,1,1,1,1,1,1,5,2,0,2,0,4,0,0,5,0,4,2,1,1,1,0,0,3,2,1,1,1,0,0,0,1,0,0,0,0,0,0,0,0,0,14,1,4,7,0,3,0,5,13,1,0,2,0,1,0,1,2,0,0,5,0,2,0,1,2,1,2,1,1,0,2,0,0
23,1,0,2,2,2,1,0,0,2,2,1,0,0,0,0,0,5,1,1,0,0,2,0,0,1,7,0,2,9,4,1,1,0,0,3,1,2,0,1,1,1,0,2,0,4,1,3,2,2,1,0,1,0,0,2,0,2,0,1,1,3,4,0,2,0,0,0,0,0,1,1,2,7,0,4,1,4,0,1,1,0,1,2,2,0,7,0,4,1,1,0,2,0,2,0,2,0,1,1,0,8,0,13,1,2,0,3,0,2,2,0,0,0,2,0,0,0,1,3,1,0,0,1,0,1,1,0,0,2,0,5,1,1,0,0,0,0,1,0,2,2,0,0,1,2,2,0,0,1,1,0,0,2,4,1,0,7,6,1,0,0,0,0,2,1,11,4,0,2,6,1,1,0,0,1,0,1,0,1,2,1,0,1,2,2,0,3,4,0,1,0,3,0,0,0,3,0,7,1,1,0,1,0,1,0,0,0,0,0,2,2,0,5,0,5,0,0,0,1,0,0,0,0,6,4,3,0,0,0,1,0,2,0,1,3,0,0,5,0,0,4,0,12,0,0,1,12,0,0,44,21,0,1,0,0
0,0,0,2,13,0,1,0,0,2,47,8,1,1,1,0,0,5,1,4,0,0,0,0,0,11,0,5,2,5,0,2,0,1,0,0,2,2,3,2,2,0,1,0,0,0,0,0,2,5,6,0,3,0,5,0,1,0,0,0,0,2,0,0,3,0,0,0,0,0,0,5,0,1,0,0,2,0,1,3,0,0,1,0,2,0,2,0,0,0,0,0,1,1,1,0,0,0,2,0,2,0,1,3,2,4,0,0,3,0,2,20,1,0,0,1,0,1,0,0,0,35,1,1,0,2,3,0,3,0,0,3,1,2,1,0,0,0,0,0,2,4,0,1,0,1,2,3,0,3,3,0,12,2,0,0,0,1,0,0,22,0,0,1,0,0,7,0,0,0,2,2,1,2,0,0,0,0,5,3,0,0,0,2,0,11,0,0,7,0,0,6,0,1,0,0,0,0,0,2,0,1,3,1,0,2,0,1,0,0,0,0,0,0,0,0,0,0,0,0,0,0,0,0,0,4,2,0,3,3,3,6,1,0,1,0,0,0,1,0,1,0,2,1,1,0,1,0,0,3,0,2,1,5,1,1
0,0,3,0,12,0,1,0,2,0,48,6,3,1,2,0,0,6,1,1,2,0,0,0,0,5,2,0,1,1,0,0,1,0,0,2,1,1,15,3,19,0,1,0,2,0,0,0,2,4,6,0,1,1,5,1,0,0,0,0,0,0,0,0,0,4,0,0,0,0,0,0,0,1,0,2,0,0,0,2,0,1,1,0,4,0,2,0,1,2,3,0,0,3,0,0,1,2,8,0,0,0,1,0,4,6,0,0,1,1,2,14,0,0,1,4,0,0,0,2,1,3,0,4,0,1,0,2,0,0,0,1,2,0,0,0,1,0,1,1,7,2,1,0,2,0,1,4,0,3,3,0,14,1,0,1,2,2,0,0,19,0,1,0,0,0,7,0,1,0,3,3,3,2,0,1,4,3,0,2,0,3,0,8,1,11,0,1,6,0,2,0,0,1,2,0,3,0,1,2,0,0,5,1,1,1,0,1,0,0,1,2,0,0,0,0,0,1,0,0,1,0,0,1,0,0,4,0,2,0,1,2,2,1,2,0,0,0,0,3,0,0,2,0,1,0,1,1,0,3,0,4,0,3,0,0
4,2,3,1,0,0,2,0,0,0,2,0,0,1,1,5,1,3,1,5,2,0,1,1,0,0,6,0,1,3,0,1,2,0,1,3,1,3,0,8,7,1,1,8,0,1,0,1,4,4,2,0,1,1,0,2,1,1,2,4,1,6,0,1,5,1,1,0,1,0,2,2,10,8,0,1,0,14,0,4,3,1,1,27,2,1,8,0,1,4,1,1,2,0,0,0,0,0,2,0,0,1,0,0,0,0,1,8,1,2,1,1,0,2,3,0,0,0,2,0,1,1,0,0,1,3,0,0,0,2,0,4,3,1,0,0,2,1,0,0,2,2,0,0,0,1,2,0,0,1,1,1,0,1,2,4,1,3,1,1,2,1,1,1,0,2,1,0,0,1,0,2,1,0,3,1,0,1,0,0,0,10,0,4,0,1,11,1,1,1,0,0,0,2,1,0,0,0,6,1,2,1,0,0,0,0,1,1,1,0,0,0,0,3,0,4,0,1,0,0,0,3,3,0,0,0,3,0,1,0,2,0,1,0,2,9,1,0,13,0,1,0,0,8,0,0,1,12,1,4,43,14,1,5,0,2
1,1,36,1,2,1,0,0,11,0,4,0,7,0,1,1,0,13,0,0,0,0,1,0,0,0,8,0,7,8,0,0,1,0,0,2,1,2,0,2,0,0,1,7,0,0,1,1,1,0,0,0,0,1,0,0,0,1,0,0,0,5,0,3,0,0,0,0,1,5,0,0,1,0,0,0,0,3,1,0,2,0,0,5,2,0,13,0,2,1,0,0,2,0,6,1,5,0,1,1,0,1,0,1,0,0,2,1,0,1,0,0,0,0,4,0,0,0,2,0,1,1,0,0,2,2,0,0,2,1,3,4,0,2,3,0,4,0,0,1,5,0,0,1,0,1,1,0,0,1,2,1,0,2,4,3,1,1,0,0,0,1,1,1,1,3,3,1,0,0,2,1,7,1,1,2,1,2,0,1,1,0,0,2,0,0,2,2,0,2,3,0,6,0,0,0,2,0,10,1,4,0,1,0,1,2,1,0,0,2,1,0,0,4,1,6,0,1,0,0,0,1,1,0,0,0,3,0,2,0,2,0,0,0,2,0,0,4,8,4,1,3,4,5,1,0,0,12,0,2,48,14,0,1,0,1
2,2,0,1,8,0,2,2,1,0,36,10,0,3,1,0,0,5,2,1,0,0,0,0,5,6,0,3,3,6,0,0,0,0,1,0,0,2,5,1,12,0,2,3,1,0,2,0,10,5,11,1,2,2,10,0,1,0,1,2,0,2,0,1,1,0,0,0,0,0,0,0,0,2,1,0,0,0,0,0,1,0,1,0,2,1,6,0,1,0,4,0,0,0,0,0,2,1,0,0,2,0,0,2,4,4,0,1,0,2,2,3,3,0,0,0,0,0,0,0,0,7,0,0,0,4,0,1,0,2,0,0,0,1,1,3,0,1,0,1,0,0,1,0,1,0,2,0,0,11,4,0,3,3,0,0,0,4,0,1,30,0,11,1,4,0,3,0,0,7,0,1,0,2,1,1,0,2,1,0,0,0,2,0,2,33,2,0,2,0,0,1,0,1,1,0,1,0,1,2,0,0,1,0,1,3,1,0,2,0,0,0,0,0,0,0,0,0,0,0,1,0,0,0,0,2,0,0,17,0,5,2,0,2,2,3,0,0,1,0,1,0,2,0,3,0,1,0,1,2,0,0,0,1,1,0
0,1,0,0,2,0,3,0,0,0,2,0,1,1,0,0,1,0,0,1,0,2,0,0,0,6,4,0,1,1,0,0,1,0,1,1,3,3,0,1,2,1,1,2,0,6,0,2,1,1,9,0,0,0,0,0,0,1,18,0,1,6,4,1,1,0,0,1,0,1,5,0,1,12,0,0,1,11,0,1,0,2,0,3,3,0,6,1,3,0,0,0,0,0,1,2,13,3,0,0,0,7,0,0,0,0,1,12,1,1,1,2,0,2,1,0,0,1,9,0,1,1,0,0,2,0,2,1,1,1,0,5,2,2,1,0,1,0,0,0,0,4,2,0,1,1,2,0,1,1,1,1,7,0,5,3,0,5,4,0,1,1,1,5,1,2,1,1,0,2,0,1,0,0,3,1,1,0,0,0,1,1,0,3,0,0,1,1,0,0,1,0,0,1,0,5,2,0,0,1,0,3,2,0,0,1,1,0,1,0,2,1,1,10,1,4,2,0,0,12,1,4,0,0,0,2,0,0,2,0,0,0,0,0,3,4,0,2,11,0,0,0,1,9,0,0,1,18,3,1,39,7,0,1,1,0
0,3,1,3,13,0,2,4,0,0,46,8,2,0,0,0,0,0,0,4,0,0,9,0,0,3,1,4,13,4,0,2,0,0,0,0,0,1,4,2,0,0,1,0,0,0,1,1,1,4,13,0,1,0,1,0,0,0,0,0,0,4,0,0,3,1,0,0,0,0,0,1,1,1,1,1,0,2,0,1,2,0,0,0,1,0,3,1,1,0,1,1,0,0,2,0,0,0,0,4,6,1,0,2,5,0,0,0,1,2,1,38,1,0,3,11,0,0,0,1,1,21,2,1,0,1,0,1,0,0,0,1,3,0,0,0,0,0,0,0,0,0,0,2,0,0,3,5,1,1,2,0,2,0,0,1,1,0,0,0,6,0,7,0,0,0,9,1,0,0,0,2,0,0,1,2,2,0,0,2,0,2,0,1,1,17,1,1,0,1,2,0,0,1,1,0,0,0,0,3,1,3,1,0,1,2,1,0,1,0,0,1,3,0,3,0,0,6,0,1,0,0,0,0,0,1,0,0,4,0,2,1,0,0,2,0,0,0,0,0,0,0,1,0,0,0,1,0,1,1,2,4,3,1,0,0
4,1,5,1,1,0,3,1,0,1,3,1,1,0,0,1,1,1,2,3,1,0,0,0,0,0,12,0,2,1,1,0,1,0,0,1,2,6,4,10,0,0,0,2,0,0,0,0,2,0,1,0,0,1,2,0,0,0,0,0,0,7,0,0,0,0,0,1,1,0,0,0,1,3,1,0,0,9,1,0,0,0,0,9,1,0,8,0,0,0,1,4,0,0,3,1,4,0,0,0,0,0,0,4,1,0,0,2,1,5,0,0,2,0,1,0,0,0,11,2,1,1,0,0,0,3,0,2,0,1,0,1,0,1,5,1,6,2,0,2,4,0,1,1,4,2,1,0,0,17,0,0,0,0,2,1,9,3,4,0,0,5,1,0,0,1,2,12,3,4,3,2,0,0,1,2,1,4,0,0,1,4,2,3,7,1,1,3,2,0,0,0,2,2,4,0,2,0,2,1,0,1,0,0,0,0,0,0,1,2,3,0,0,3,0,2,0,0,0,2,1,0,1,0,0,3,5,0,1,0,1,0,1,0,4,0,1,1,8,0,0,0,2,3,1,0,2,0,1,0,40,13,0,0,4,1
2,2,0,4,2,5,2,1,1,2,3,0,0,0,0,0,0,2,0,0,1,0,0,0,0,2,10,0,1,38,1,0,1,0,0,3,3,0,0,1,0,0,0,2,0,2,2,0,0,1,0,0,0,1,0,0,9,1,3,2,0,4,2,1,4,0,0,0,0,2,0,0,2,5,0,0,0,9,1,0,1,1,0,1,2,0,5,0,3,1,0,0,0,0,1,0,4,0,1,0,0,0,0,0,0,1,3,1,0,1,0,0,0,0,2,0,0,0,0,0,2,0,0,0,0,1,1,0,1,2,0,6,0,0,0,0,6,0,1,1,3,1,0,0,0,1,2,0,4,0,0,1,0,0,3,2,1,4,3,0,0,0,0,0,2,1,28,8,0,1,4,2,18,3,0,2,0,1,0,0,3,1,1,2,0,0,0,3,8,0,0,0,2,0,0,0,2,0,4,0,1,0,1,0,0,0,1,1,2,0,2,0,0,1,2,4,0,0,0,1,1,5,0,1,0,6,2,4,1,0,0,0,3,0,1,6,0,1,8,0,0,0,0,4,0,0,1,7,0,0,43,18,0,0,2,0
2,4,0,0,1,1,4,0,1,0,1,0,1,1,0,0,0,0,1,1,9,2,2,0,0,0,13,0,2,39,1,5,1,0,0,2,2,5,2,0,0,1,0,4,0,2,1,0,2,0,0,0,0,3,0,0,0,0,0,4,0,3,1,0,1,0,1,0,0,0,1,1,1,5,0,0,0,9,1,0,0,1,1,1,2,0,7,0,0,1,1,0,2,0,8,0,9,0,0,0,0,2,0,1,0,0,3,1,0,2,0,0,0,2,3,0,0,0,0,0,2,1,0,0,0,0,0,0,1,2,0,10,2,1,1,0,2,0,0,0,0,4,4,0,1,2,0,1,3,1,3,0,0,0,4,2,1,3,4,1,0,1,0,0,1,2,15,9,0,1,1,5,0,1,0,2,2,3,0,0,0,4,2,3,0,0,5,4,1,0,2,0,3,1,1,0,1,2,8,0,0,0,1,1,0,0,5,0,1,0,1,1,0,7,1,1,0,0,3,2,0,1,0,1,2,1,1,0,2,0,2,0,0,0,0,1,2,2,5,0,0,0,0,7,0,0,0,12,1,0,40,9,0,0,0,0
1,3,3,1,0,0,2,2,4,0,3,2,1,1,0,1,2,0,0,1,2,0,0,0,1,4,15,0,3,4,1,0,2,0,0,1,0,2,6,3,3,0,1,0,1,0,0,0,1,1,4,1,2,4,10,1,0,0,0,0,0,6,0,0,0,0,1,0,0,0,0,2,1,8,2,1,1,2,0,2,2,1,0,0,7,0,5,2,0,0,1,35,1,0,3,0,0,0,1,0,0,3,2,1,2,1,4,1,4,2,0,1,5,1,2,2,1,0,0,2,2,2,0,1,0,1,1,0,0,0,0,3,0,1,0,1,5,1,0,0,4,2,0,0,2,3,1,2,0,1,0,0,0,1,2,2,2,0,1,0,0,0,6,3,0,0,3,0,1,1,2,4,0,1,2,2,0,4,0,0,1,0,1,2,0,8,1,1,1,5,0,0,1,0,0,0,0,0,5,1,0,0,1,0,0,1,2,1,1,2,1,0,0,2,0,2,0,0,5,0,0,0,0,7,0,0,1,1,3,1,0,0,0,1,0,0,0,0,6,0,0,3,7,1,0,0,1,11,2,1,30,5,0,0,2,0
3,2,0,0,3,4,0,0,3,0,0,0,0,0,3,0,2,1,3,0,0,3,1,0,0,2,15,0,1,4,0,1,1,0,0,4,1,0,0,11,0,1,0,0,0,1,0,0,0,0,5,5,0,0,1,0,1,0,2,1,0,8,38,6,0,0,0,0,0,0,0,0,5,2,0,0,1,10,0,0,0,0,0,10,4,0,5,0,0,1,0,0,1,0,0,1,2,0,0,0,0,1,1,1,0,0,0,0,0,2,0,0,0,1,2,1,0,1,0,0,1,0,0,0,0,7,0,0,0,2,2,2,0,0,0,0,2,2,0,2,1,3,0,1,1,0,0,3,0,0,1,1,1,1,2,2,0,2,1,1,0,0,2,0,2,0,0,2,0,7,6,11,0,0,0,2,0,1,21,0,0,2,2,5,1,1,0,2,0,0,1,0,3,1,0,6,0,0,4,0,1,3,2,0,0,1,0,0,0,1,0,0,0,0,0,2,0,1,0,1,3,5,5,0,0,1,3,1,1,0,0,0,0,0,1,0,0,0,5,0,0,1,0,9,0,0,0,14,0,0,10,0,0,0,1,0
0,1,0,1,4,0,3,0,0,0,23,6,0,1,3,0,2,1,1,3,2,0,0,0,0,11,4,2,5,2,0,3,0,0,0,0,1,3,1,5,26,0,0,0,0,0,1,0,3,7,11,12,3,0,3,2,0,0,0,1,0,1,0,0,0,0,4,0,0,0,0,1,0,0,0,1,1,1,0,0,0,1,0,2,1,1,3,2,1,0,2,0,0,0,3,0,0,0,0,0,0,0,0,0,0,0,1,1,0,2,0,6,0,0,1,0,0,0,1,0,0,3,0,0,1,1,0,0,0,1,0,3,0,0,0,0,0,0,1,0,0,0,0,1,0,1,3,1,0,2,1,0,0,2,1,0,0,1,0,0,21,0,2,0,0,0,12,2,0,5,1,2,0,0,1,21,0,1,1,0,0,0,0,0,0,17,2,0,1,0,0,0,0,3,4,0,0,1,2,4,0,0,3,0,0,0,1,2,0,0,0,1,33,0,1,0,0,0,0,0,3,0,0,2,0,1,3,0,2,0,4,16,0,1,3,2,0,0,6,0,0,0,2,1,0,0,1,1,1,1,27,0,0,1,0,1
1,2,2,0,5,0,1,0,2,1,1,2,2,1,1,0,6,7,1,1,3,0,0,0,1,8,12,3,1,5,0,0,3,1,1,1,2,5,3,2,1,0,0,7,3,0,0,1,1,0,3,2,0,4,0,0,0,3,0,3,1,0,0,1,0,1,0,0,2,0,0,0,0,8,0,0,0,7,0,1,0,0,0,2,1,0,11,0,5,3,0,1,0,1,7,0,8,0,0,0,0,3,0,0,0,0,0,2,1,2,0,0,1,0,4,1,0,1,1,0,1,1,0,2,0,1,0,0,0,0,0,1,1,0,3,4,2,2,0,1,2,0,1,0,0,1,2,0,0,1,0,1,2,0,2,2,3,2,3,0,0,0,5,2,0,0,2,6,1,2,4,1,0,3,0,2,0,2,0,0,0,0,0,1,0,0,8,3,2,0,2,1,3,0,2,1,2,0,5,2,0,0,2,0,1,1,1,0,0,1,0,0,0,8,0,4,0,0,2,2,0,4,1,2,0,0,2,2,5,0,1,2,1,0,5,2,0,2,3,0,0,0,2,5,0,3,1,4,1,0,45,14,0,0,0,1
35,1,0,0,1,0,2,0,2,1,2,0,0,0,1,2,18,3,1,1,0,0,0,0,0,40,5,0,1,2,0,1,1,0,0,1,1,1,5,4,1,1,0,4,0,0,0,0,1,0,0,0,1,2,1,1,0,1,3,0,0,4,1,0,2,1,0,0,0,0,1,0,1,3,0,0,1,11,0,0,1,0,1,7,2,0,13,0,2,5,0,0,0,0,4,0,1,0,0,2,0,2,1,0,0,0,3,1,0,3,4,0,1,0,1,0,0,1,3,0,1,0,1,0,0,3,0,0,0,8,0,1,0,1,0,0,2,0,1,0,1,1,0,0,0,1,2,0,0,1,1,0,0,1,4,1,0,1,6,0,0,1,0,0,0,1,0,2,0,1,4,2,0,0,1,1,0,0,0,0,0,0,1,1,0,0,2,2,1,0,0,0,2,0,0,0,0,1,5,1,1,0,2,0,0,1,2,0,0,0,0,1,1,6,3,6,0,0,1,2,1,0,0,0,0,0,0,2,2,0,1,0,0,0,1,2,0,7,6,0,1,2,5,7,0,0,1,14,1,1,41,5,0,0,0,0
0,0,0,0,4,1,0,1,4,0,19,3,0,3,0,0,0,0,1,0,0,0,1,0,0,22,1,19,3,3,4,1,1,0,1,0,1,1,5,2,15,0,0,1,2,9,1,0,0,1,7,8,0,0,3,0,1,0,0,0,0,1,0,1,1,0,0,0,0,0,1,0,0,0,0,1,0,0,0,0,0,0,0,3,2,0,1,0,0,2,0,0,0,2,2,0,0,14,0,0,0,0,0,0,1,0,1,0,0,1,0,1,0,3,1,1,0,1,0,0,1,1,0,1,0,2,0,9,0,0,0,1,0,1,0,3,0,2,0,2,0,0,1,5,2,1,0,0,0,2,0,0,2,1,0,4,0,1,0,0,23,0,0,0,1,1,9,0,0,0,0,3,0,0,1,5,0,1,0,1,1,3,4,6,1,20,3,1,2,0,11,2,0,1,0,0,0,1,1,2,0,0,3,0,0,3,0,2,0,2,2,1,0,1,0,1,0,0,0,0,0,0,0,0,0,1,0,0,7,3,1,4,0,0,1,0,1,0,0,1,0,1,15,1,0,0,1,1,0,1,0,2,0,0,0,0
0,1,3,0,16,0,1,0,0,0,34,11,1,2,2,1,0,0,0,3,0,3,0,0,0,7,0,4,4,2,0,0,0,0,0,0,1,3,4,1,0,0,1,0,0,0,2,2,7,6,12,0,0,3,10,0,2,0,0,1,5,1,0,0,0,5,1,0,0,0,0,37,1,0,0,0,4,0,1,3,0,0,3,0,0,0,7,1,1,0,1,0,0,0,1,1,0,1,1,0,1,0,0,0,2,0,0,0,1,1,0,6,1,0,1,8,0,0,1,0,0,27,0,1,2,2,0,1,1,0,1,1,0,0,2,0,0,1,0,0,2,0,1,0,1,0,2,0,0,2,2,0,9,0,0,0,0,0,3,0,10,0,4,0,1,3,6,1,1,0,0,0,0,0,0,1,0,0,2,1,0,0,0,0,1,22,2,0,1,0,0,8,0,2,0,0,0,0,0,2,1,0,2,0,0,0,0,4,0,0,0,0,0,0,0,0,0,0,0,0,0,0,0,1,0,1,0,0,2,1,6,0,0,0,1,0,0,0,1,0,0,0,0,0,0,0,2,0,0,5,0,3,0,2,0,0
1,2,26,0,15,0,2,1,1,0,2,0,0,0,1,1,0,2,0,0,0,0,0,0,0,39,6,0,4,1,0,0,2,0,0,1,3,1,1,0,1,1,0,8,0,0,3,1,1,1,0,0,1,1,2,0,0,1,0,0,0,3,0,0,0,0,2,0,0,0,0,0,0,6,0,0,2,8,0,0,0,0,0,14,3,2,11,0,1,0,1,0,1,0,1,0,5,0,0,1,1,4,1,0,3,0,1,2,1,2,1,0,0,2,1,0,0,0,2,0,1,3,0,2,0,5,0,0,0,2,0,3,2,0,0,0,6,0,0,1,0,3,0,1,1,4,1,1,0,1,5,0,0,0,2,1,0,4,2,2,1,0,0,0,0,1,1,2,0,0,1,1,9,1,1,1,0,0,0,0,0,1,0,1,0,0,1,1,0,0,0,0,0,1,0,0,0,0,1,1,0,0,0,0,1,0,0,0,0,0,0,0,1,1,0,5,2,0,0,2,0,1,1,1,0,1,1,3,0,1,2,0,0,0,2,6,0,0,9,3,0,0,0,13,0,0,0,3,1,0,39,14,0,1,0,0
0,0,2,0,12,0,3,2,1,0,25,6,2,1,2,0,1,0,1,1,0,0,0,0,0,10,0,18,3,2,0,3,0,0,1,0,3,2,3,2,19,0,1,0,0,1,0,1,2,3,10,6,1,1,7,0,1,1,0,2,0,2,0,0,2,0,7,0,0,0,1,1,1,2,0,0,2,0,0,0,1,0,2,0,3,0,8,1,2,1,1,0,1,4,0,0,0,0,0,0,1,0,0,1,1,0,0,0,1,0,0,5,0,1,0,0,0,0,1,0,0,7,0,1,1,1,0,1,0,0,0,0,2,1,0,0,0,3,0,1,0,0,1,0,0,1,3,3,0,3,1,0,5,2,0,0,1,2,3,3,21,0,1,0,0,0,6,0,0,0,1,0,0,0,2,10,1,0,0,0,2,1,3,0,2,6,4,0,3,0,0,3,2,1,0,0,0,0,7,5,1,4,1,0,0,1,0,1,1,1,0,0,1,0,0,0,0,0,0,0,0,0,1,0,0,0,0,0,1,0,3,11,0,0,3,1,1,0,0,1,1,0,1,2,3,1,1,0,0,1,0,1,0,3,3,0
1,0,6,4,13,0,1,1,0,0,3,0,1,0,0,1,3,3,3,0,0,0,0,0,0,25,11,0,2,29,0,0,1,0,0,1,1,1,4,0,1,0,0,4,8,0,2,0,1,1,0,0,0,1,2,0,0,0,0,0,1,10,0,0,0,1,0,8,0,0,0,0,0,4,1,0,0,2,0,0,0,0,0,9,1,0,10,0,0,0,3,13,1,0,3,0,0,0,0,0,0,0,0,0,1,0,0,1,0,1,0,0,0,0,2,1,0,0,0,0,1,0,0,0,0,1,0,1,0,1,0,1,0,1,1,0,3,2,0,1,0,0,0,0,2,2,1,0,1,1,2,0,0,2,0,2,1,1,2,0,0,0,2,0,0,0,5,1,0,0,9,1,0,2,0,1,1,2,0,0,0,2,1,1,0,1,0,1,0,0,0,0,2,1,0,0,0,0,8,2,0,0,0,0,0,1,1,0,1,2,1,0,0,7,1,3,0,0,3,3,0,1,10,0,0,3,6,2,0,3,1,0,3,0,3,0,0,0,6,1,0,0,1,1,0,0,0,0,0,1,28,10,0,0,0,0
2,0,0,0,2,0,6,0,0,2,1,0,0,1,0,1,0,3,2,0,5,0,0,0,1,1,10,0,1,16,0,0,1,0,0,3,1,1,0,2,2,0,0,2,0,1,0,4,1,0,0,1,0,3,0,1,1,0,0,0,0,2,3,0,3,0,0,0,0,1,1,0,3,5,0,0,0,12,0,0,1,4,3,8,1,1,10,0,0,1,0,5,2,0,1,5,3,0,0,0,0,0,0,0,0,0,2,3,0,1,0,0,1,2,1,0,0,0,0,0,1,2,0,0,0,0,0,0,0,2,0,7,4,0,1,0,2,0,4,0,1,3,1,0,0,1,1,0,3,1,5,0,0,2,5,1,0,1,6,0,0,0,0,0,0,2,11,0,1,0,2,1,2,1,0,2,0,4,0,1,1,2,0,2,0,3,4,1,1,0,1,0,7,0,0,0,2,1,9,1,0,1,0,0,0,0,0,1,0,1,1,0,0,4,0,5,3,0,0,3,1,2,0,0,0,1,3,2,3,3,1,0,0,0,3,1,0,1,7,2,0,0,1,9,1,1,0,4,1,0,37,7,0,1,1,1
3,1,0,0,1,0,1,1,0,0,1,0,3,0,0,0,2,1,0,2,0,0,0,0,1,0,10,2,1,2,0,2,5,0,0,2,1,1,1,2,0,0,0,7,7,0,1,0,3,0,4,0,0,2,1,0,0,1,0,3,0,2,1,0,0,1,0,3,0,0,0,1,0,4,1,0,0,11,1,1,0,0,0,11,2,1,11,0,1,0,0,1,0,1,6,1,4,0,0,0,0,1,0,1,2,0,1,6,0,1,0,0,1,2,3,1,0,0,15,0,2,0,0,0,0,0,0,4,0,1,0,4,0,0,1,0,3,2,0,0,1,2,5,1,2,2,0,1,0,0,1,0,0,0,2,2,0,3,3,1,0,0,5,0,0,1,8,30,0,1,3,3,0,1,1,2,1,1,0,0,0,3,1,2,1,1,1,2,1,1,1,0,3,1,1,0,2,1,0,1,0,1,1,0,0,0,2,0,3,0,1,0,0,3,3,0,0,0,1,1,3,1,1,1,0,3,1,1,2,3,0,0,0,0,4,1,0,1,4,1,0,1,3,6,0,0,0,0,0,2,40,16,0,0,0,0
4,0,0,0,2,0,3,0,1,0,3,0,0,1,3,1,0,0,0,2,1,0,1,0,0,0,11,0,3,11,0,0,1,0,0,1,3,1,0,0,1,0,0,1,2,0,0,0,2,2,1,0,0,0,0,0,3,0,0,0,0,4,0,2,2,1,0,2,0,0,0,2,0,4,1,1,0,4,0,0,0,0,0,1,1,0,6,0,0,0,2,0,1,0,2,0,10,0,0,0,2,0,3,0,0,1,0,3,0,2,0,1,0,1,5,0,0,0,0,0,2,4,0,0,0,1,0,0,0,4,0,1,0,0,0,1,1,0,0,0,2,0,0,0,0,1,3,0,1,1,1,0,0,2,4,2,0,5,3,0,0,0,0,2,0,1,29,5,0,0,4,3,0,2,2,1,1,2,0,0,1,0,1,3,0,0,3,1,2,0,2,0,6,0,1,1,1,0,6,1,1,1,2,3,1,0,0,1,0,2,1,0,0,4,0,3,0,0,0,0,1,0,1,0,1,4,2,4,1,1,2,0,0,0,1,0,0,3,9,0,0,0,2,9,0,0,7,3,0,1,41,11,1,3,0,0
0,1,0,1,12,0,1,1,2,0,3,3,1,1,0,0,0,7,1,2,1,1,0,0,0,2,11,0,5,8,0,0,1,1,0,1,0,3,2,3,4,0,0,7,0,0,0,1,3,2,4,1,0,0,3,0,2,0,0,2,0,3,1,0,1,0,0,0,0,0,0,1,1,3,0,0,1,2,0,1,1,0,1,0,3,0,3,0,1,2,0,0,0,1,10,0,1,0,0,1,2,3,1,0,0,0,0,0,0,1,0,5,0,0,1,6,0,0,0,2,2,6,0,1,1,1,0,0,4,0,1,4,3,2,3,1,2,0,0,1,5,4,2,0,0,1,1,2,0,1,0,0,0,2,3,1,1,2,1,0,0,0,0,6,0,0,3,2,0,1,6,1,0,1,0,1,0,2,0,1,5,1,0,2,1,7,1,0,1,1,1,0,1,1,1,0,0,1,4,2,0,0,2,0,2,1,2,0,0,1,1,0,0,5,1,2,0,0,0,0,1,2,0,0,2,1,2,2,2,0,2,3,1,0,0,1,2,0,1,0,1,0,2,7,0,0,1,11,0,0,42,18,1,2,0,1
0,2,6,4,18,0,2,0,0,1,46,6,0,3,2,0,0,4,1,5,1,0,0,0,0,8,1,10,2,2,0,6,0,0,0,0,3,3,15,1,1,0,0,0,0,0,0,0,2,14,8,6,0,0,1,0,1,0,1,5,0,1,0,0,0,1,6,0,0,0,1,4,0,0,0,0,6,1,0,2,0,0,0,4,1,0,6,0,2,0,1,0,1,0,0,0,0,2,0,0,0,1,0,0,2,0,0,0,1,2,4,12,1,0,0,5,0,0,0,0,0,21,0,0,0,4,0,2,0,0,0,2,0,1,0,5,2,7,2,0,1,0,3,0,1,2,2,0,0,3,2,0,7,0,3,1,1,0,0,0,7,0,1,0,0,0,10,0,0,0,0,3,0,9,1,0,0,0,0,0,0,2,0,0,2,8,2,0,1,0,0,1,0,3,0,1,1,0,0,2,0,0,1,0,0,0,0,0,1,0,0,0,0,0,2,0,0,0,0,0,0,0,0,0,0,1,1,0,4,0,4,7,0,0,4,1,0,0,0,1,0,0,2,0,0,0,1,0,0,0,0,0,0,0,0,2
0,0,0,6,3,0,1,0,0,1,26,3,4,2,1,0,0,3,0,0,1,0,0,0,0,9,2,17,2,4,0,0,1,0,1,0,0,3,6,2,17,0,2,0,0,0,0,2,2,13,7,0,2,3,1,0,1,1,2,0,0,1,0,0,0,1,0,0,0,0,0,1,0,1,0,1,1,0,0,1,0,0,1,1,3,2,5,0,3,9,2,0,0,0,1,0,0,0,3,0,0,0,0,0,1,0,0,0,0,1,0,1,0,0,0,0,0,0,0,0,0,2,0,0,0,1,0,0,1,0,0,0,2,0,0,1,1,0,0,4,1,0,2,0,1,1,2,0,0,5,3,1,3,3,6,0,0,2,0,0,21,0,10,0,4,0,4,0,1,1,0,2,0,1,0,1,1,0,1,1,0,2,4,3,1,7,3,0,3,0,0,1,0,2,0,0,0,2,1,2,1,4,1,1,0,1,0,3,0,0,0,0,0,2,0,0,0,0,0,0,0,0,0,1,1,0,0,0,4,0,2,0,0,1,3,2,1,0,0,0,0,2,2,4,5,0,1,2,0,1,22,2,1,2,0,0
0,0,0,0,14,0,0,10,1,0,34,7,1,1,3,2,0,3,0,4,3,0,0,0,5,5,1,5,2,1,0,2,2,0,1,0,2,2,3,0,0,0,2,1,23,0,0,0,2,4,16,3,0,0,6,0,0,0,1,0,0,2,0,1,0,0,3,0,0,0,0,0,0,1,0,0,1,0,0,0,1,0,0,0,3,0,4,0,1,1,0,0,0,0,6,0,0,0,0,0,0,0,1,2,2,1,0,0,0,1,1,2,2,1,2,2,1,0,1,1,1,0,1,0,1,1,0,0,0,1,0,1,0,0,0,0,3,2,0,1,1,0,1,0,3,3,1,0,0,1,3,0,23,0,0,1,1,1,0,0,11,3,1,0,8,1,8,0,0,0,0,1,2,0,2,1,0,0,0,0,0,0,0,1,4,12,2,2,5,0,1,0,0,1,0,0,2,0,0,1,0,0,1,0,0,2,7,2,0,0,0,0,1,0,0,0,0,0,0,0,0,0,0,0,0,1,0,0,2,0,1,2,1,0,2,0,0,0,2,0,1,0,0,1,0,0,1,2,1,6,1,1,0,1,0,1
2,0,1,1,0,0,6,2,1,0,1,0,1,0,1,1,2,2,0,1,3,0,0,0,0,0,5,0,1,4,0,1,2,1,0,1,1,2,0,2,0,4,0,0,0,1,0,2,2,0,0,0,0,0,0,1,0,0,2,0,0,3,3,0,0,0,0,2,0,2,0,0,1,7,0,0,0,12,1,0,1,1,1,1,3,2,8,2,2,2,2,0,0,0,7,4,8,1,1,0,1,6,0,1,1,1,4,5,1,1,0,1,0,3,3,0,0,0,1,0,1,3,0,0,0,1,0,0,1,1,0,2,6,2,2,1,3,0,1,1,0,2,1,0,0,1,1,1,1,1,2,1,0,0,4,2,0,2,1,1,1,0,1,4,0,1,0,2,3,0,4,2,0,2,0,1,0,0,0,2,0,0,2,2,1,1,1,1,0,0,0,0,10,0,1,0,0,0,8,1,0,0,2,2,0,0,5,0,0,0,1,1,0,5,2,3,1,0,0,4,1,1,2,1,1,0,2,1,0,2,0,0,0,0,1,4,0,1,6,0,0,0,0,7,0,0,0,16,1,1,40,10,0,0,0,0
0,0,1,0,1,0,1,0,0,0,2,0,0,0,0,0,0,1,4,0,1,0,1,4,0,0,5,0,2,2,1,0,1,0,0,1,1,1,0,3,6,2,4,10,7,0,3,2,4,0,1,0,0,3,2,0,0,0,1,0,0,3,0,2,1,0,0,0,0,1,0,0,1,4,2,0,1,3,0,1,3,0,2,4,1,0,9,0,1,0,1,0,0,0,1,0,4,0,1,3,0,2,1,1,0,0,3,2,0,3,0,2,0,4,4,1,0,0,10,2,1,5,0,2,0,1,0,0,1,2,18,2,0,0,0,0,2,0,1,0,0,1,0,1,0,1,1,0,0,1,0,0,0,0,2,1,0,1,4,0,0,0,0,0,1,0,0,5,0,0,2,2,0,1,0,1,4,0,0,0,0,1,0,1,0,0,0,1,1,0,0,0,11,1,0,0,0,0,4,2,4,0,1,0,0,0,0,0,1,0,0,1,0,0,0,5,0,0,0,0,0,1,0,1,0,0,2,5,5,0,1,1,0,0,1,0,0,0,5,0,0,0,1,10,0,1,1,6,0,0,38,18,0,3,0,0
1,2,1,0,12,0,1,0,0,1,41,6,1,2,1,0,0,1,0,4,1,0,0,0,0,7,2,0,10,2,0,0,0,0,0,0,1,1,5,1,28,0,0,1,0,0,0,0,4,2,11,17,0,2,5,0,1,0,0,0,0,2,0,0,3,0,5,0,0,0,0,1,0,0,0,0,1,0,0,1,0,0,0,1,2,1,4,1,0,0,1,0,0,0,1,0,0,1,0,1,0,1,0,2,7,2,1,4,4,1,0,20,1,1,1,1,1,0,0,1,1,2,1,1,0,2,1,4,1,0,0,4,0,0,0,1,0,0,0,0,1,1,0,0,0,0,1,6,0,1,1,0,7,0,0,1,0,2,0,0,7,0,0,0,0,0,4,3,1,1,1,2,0,0,0,1,1,0,0,2,0,3,2,1,0,6,2,1,5,2,0,2,0,2,0,0,0,0,0,2,0,1,1,0,0,2,1,2,2,1,0,1,0,0,0,0,0,0,0,0,0,0,0,0,0,1,2,0,2,0,4,9,0,0,1,0,2,0,2,0,0,0,2,1,0,0,1,0,0,3,1,1,0,1,0,1
0,0,0,0,0,0,0,1,2,0,2,0,0,0,0,0,0,0,0,1,0,0,1,0,1,0,0,0,2,2,0,1,0,0,0,0,0,2,0,1,0,0,0,0,0,0,0,0,2,0,1,0,0,0,0,0,0,0,0,0,0,1,0,0,0,0,0,0,0,0,0,0,1,1,0,0,0,0,0,0,0,0,1,1,0,1,4,0,0,1,3,0,0,0,0,0,0,0,0,0,1,0,0,0,0,0,2,0,1,0,0,0,0,0,0,0,0,0,0,0,0,1,0,1,0,1,0,0,0,2,0,0,0,0,0,1,0,0,0,0,0,0,0,0,0,1,2,1,0,2,3,0,0,0,0,0,0,0,0,0,0,0,0,0,0,0,0,0,2,0,0,0,0,0,2,0,0,0,0,0,0,0,0,0,1,1,0,0,0,0,0,0,0,0,0,0,0,0,0,2,0,0,0,0,0,0,0,0,0,0,0,0,0,0,0,0,0,0,0,0,0,0,0,0,0,0,0,0,0,0,1,0,0,0,1,1,0,0,0,0,0,0,0,0,0,0,0,0,0,1,0,0,0,0,0,0
0,0,0,0,0,0,0,0,0,0,0,0,0,0,0,0,0,0,0,0,1,0,0,0,0,0,3,0,1,2,0,0,0,0,0,1,0,0,0,0,0,0,0,0,0,0,0,0,0,0,0,0,0,0,0,0,0,0,0,0,0,0,0,0,0,0,0,0,0,0,0,0,0,0,0,1,1,1,0,0,1,0,0,1,3,0,0,0,0,0,0,0,0,0,0,0,0,0,0,0,1,1,0,0,0,0,0,0,0,0,0,0,0,0,2,0,0,0,0,0,1,0,0,0,0,0,0,0,0,0,0,3,0,0,0,0,1,0,0,0,0,0,1,1,0,0,0,0,0,0,0,0,0,0,0,2,0,0,1,0,0,0,0,0,0,0,0,0,1,1,0,2,0,0,1,2,0,0,0,0,0,0,0,2,0,0,0,2,0,0,0,0,0,1,1,0,2,0,0,0,0,1,0,0,0,1,1,0,2,0,0,0,0,1,0,1,0,1,0,0,1,0,0,0,0,0,0,0,0,0,0,0,0,0,0,0,0,0,0,0,0,0,0,0,0,0,0,0,0,0,1,1,0,0,0,0
0,0,0,0,1,0,1,0,0,0,1,0,0,0,0,0,0,1,0,0,0,0,0,0,0,0,2,0,1,1,0,0,0,0,0,0,0,1,0,2,0,0,0,0,0,0,0,1,1,0,0,0,0,0,0,0,0,0,0,0,0,0,1,0,0,0,0,0,0,0,1,0,0,0,0,0,0,1,1,0,1,0,0,0,0,0,1,0,0,0,0,0,0,0,0,0,0,0,0,0,0,0,0,0,0,0,1,1,0,1,0,2,0,0,1,0,0,0,0,0,1,0,0,0,0,1,0,0,0,0,0,1,0,0,0,0,0,0,0,0,0,0,0,0,0,0,1,0,0,1,0,0,0,0,0,1,0,0,0,0,0,0,0,0,1,0,0,0,1,0,0,1,0,0,1,1,0,0,0,0,0,1,0,1,0,0,0,1,0,0,1,0,0,0,0,0,0,0,0,2,0,0,0,0,0,0,1,0,1,1,0,0,0,0,0,1,0,0,0,0,1,0,0,0,0,0,0,0,1,0,0,1,0,0,2,0,0,0,0,0,0,0,0,0,0,1,0,1,0,0,2,0,0,1,0,0
0,0,0,0,0,0,1,0,0,0,1,0,0,0,0,2,0,0,0,0,0,0,0,0,0,0,2,0,2,3,0,0,0,0,0,0,0,1,0,0,0,0,0,0,0,0,0,0,1,0,1,1,0,0,0,0,2,0,1,1,0,1,0,0,0,0,0,0,0,0,0,0,0,0,0,0,0,0,0,0,1,0,0,0,1,0,0,0,0,0,0,0,1,0,0,0,0,0,0,0,1,0,0,0,0,0,0,0,0,1,0,1,1,0,1,0,0,0,1,0,1,1,1,0,0,1,0,2,0,2,0,1,0,0,0,1,0,1,0,0,0,0,0,0,0,0,1,0,0,1,2,0,0,0,0,3,0,0,0,0,0,0,0,0,0,0,0,0,0,0,0,1,0,0,0,1,0,0,0,0,0,0,0,1,1,0,0,0,0,0,0,0,0,1,0,1,0,0,0,2,0,0,1,0,0,1,0,0,0,0,0,0,0,0,0,0,0,0,0,0,0,0,0,0,0,0,0,0,1,0,2,0,0,0,1,0,0,0,0,0,0,0,0,0,0,0,0,0,0,0,2,1,0,0,0,0
1,1,0,0,0,0,0,1,0,0,2,0,1,0,1,0,0,1,0,0,0,0,0,0,0,0,2,0,1,2,0,0,0,0,0,0,0,2,1,3,3,0,0,1,0,0,0,0,1,0,0,0,0,0,0,0,0,0,0,0,0,0,0,0,0,0,0,0,0,0,1,0,0,0,0,0,0,0,0,0,0,0,1,0,1,0,1,0,0,1,0,0,0,0,0,0,0,0,0,0,0,0,0,0,0,0,0,0,0,2,0,0,0,0,1,0,0,0,0,0,1,1,0,0,0,3,1,0,1,0,0,1,0,0,0,0,0,0,0,0,0,0,0,0,0,0,2,0,0,1,0,0,0,0,0,1,0,0,1,0,0,0,0,0,0,0,1,0,0,0,0,1,0,0,0,1,0,1,0,0,1,0,0,1,0,0,0,0,0,0,0,0,0,0,0,0,1,0,1,2,0,0,0,0,0,1,0,0,0,0,0,0,0,0,0,1,0,0,0,0,0,0,2,0,0,0,0,0,0,0,1,1,0,0,0,1,0,0,0,0,0,0,0,0,0,0,1,0,0,0,1,0,0,0,0,0
0,1,0,0,0,0,2,0,2,0,3,0,0,0,1,0,0,2,0,0,0,0,0,0,0,0,0,0,2,2,0,0,0,0,0,0,0,4,0,2,2,0,0,0,0,0,0,1,2,0,1,0,0,0,2,0,0,0,0,1,0,0,0,0,0,0,0,0,0,0,0,0,1,0,1,0,0,0,0,1,1,0,0,0,0,0,6,0,0,0,1,0,1,0,1,0,0,0,0,0,0,0,0,0,0,0,0,0,0,3,0,2,0,0,0,0,0,1,0,0,0,1,0,0,0,2,0,0,0,1,0,0,1,0,0,0,0,0,0,0,1,1,0,0,0,0,2,0,0,2,2,0,0,0,1,0,0,0,0,0,0,0,2,1,0,0,0,0,0,0,0,0,0,0,1,0,0,0,0,0,0,0,0,0,0,0,0,0,0,0,0,0,0,1,0,0,0,0,0,2,0,0,1,0,0,1,0,0,0,1,0,0,0,0,0,0,0,0,0,0,0,0,0,0,0,1,1,0,0,0,1,0,0,0,2,0,0,0,0,1,0,0,1,0,0,0,0,0,0,0,0,0,0,0,0,0
0,0,1,0,1,0,0,0,5,0,2,1,0,0,0,0,1,3,0,0,0,0,0,0,0,1,5,0,1,2,0,0,1,0,0,1,1,2,0,1,0,0,0,0,0,0,0,0,1,0,3,0,0,0,1,0,0,0,0,0,1,1,0,2,2,0,0,0,0,0,2,0,0,0,0,0,0,0,0,0,0,0,0,0,1,0,1,0,0,0,2,0,1,0,1,0,0,0,0,0,0,0,0,0,0,0,0,0,0,2,0,1,0,0,1,0,0,0,0,0,1,0,0,0,0,1,0,0,0,0,0,1,0,0,0,0,1,0,0,0,0,0,0,0,0,1,1,0,0,1,0,0,0,0,0,1,1,0,0,0,0,0,0,0,0,0,0,1,0,0,0,1,0,0,1,1,0,0,0,0,0,0,0,1,0,0,0,0,0,0,0,0,0,1,0,0,0,0,0,2,0,1,1,0,0,0,0,0,0,2,0,0,0,1,0,1,1,0,0,0,0,0,0,0,0,1,2,0,1,0,0,0,0,0,2,0,0,0,1,0,0,0,0,0,0,0,0,0,0,0,4,0,1,0,0,0
0,0,0,0,2,0,3,0,2,0,6,1,0,0,1,0,0,1,0,1,0,0,0,0,0,2,0,1,3,2,0,0,0,0,0,0,0,2,0,0,2,0,0,0,0,0,0,0,2,0,4,0,0,0,2,0,0,0,0,0,0,0,0,0,0,0,0,0,0,0,0,0,0,0,0,0,0,0,0,0,0,0,0,0,0,0,2,0,0,0,1,0,0,0,0,0,0,0,0,0,0,0,0,0,0,0,0,0,0,1,0,4,1,0,0,0,0,0,0,0,0,1,0,0,0,2,0,0,0,0,0,0,0,0,0,0,0,0,0,0,0,0,0,0,0,0,2,0,0,2,1,0,0,0,0,0,0,0,0,0,0,0,0,0,0,0,0,0,0,0,0,0,0,0,0,0,0,0,0,0,0,0,0,1,0,0,1,0,0,0,0,0,0,0,0,0,0,0,0,2,0,0,3,1,0,0,0,0,0,0,0,0,0,0,1,0,0,0,0,0,0,0,0,0,1,0,0,0,0,0,2,2,0,0,3,0,0,0,0,0,0,0,0,0,0,0,0,0,0,1,0,0,0,0,0,0
0,0,0,0,1,0,0,0,1,0,0,0,0,0,0,0,1,1,0,0,0,1,1,0,0,0,3,0,3,1,0,0,0,0,0,0,1,0,0,0,1,0,0,0,0,0,0,0,1,0,0,0,1,0,0,0,0,0,0,0,0,1,0,1,0,0,0,0,0,0,0,0,0,0,0,0,0,0,0,0,0,0,0,0,2,0,0,0,1,0,1,2,1,0,0,0,0,0,0,0,0,0,0,0,0,0,0,0,0,1,0,0,0,0,1,0,0,0,0,0,0,0,0,0,0,0,0,0,1,0,1,1,1,0,0,0,0,0,0,0,0,0,0,0,1,0,0,0,0,0,1,0,0,0,0,1,0,0,0,0,0,0,1,0,1,0,0,0,0,0,1,1,0,1,0,1,0,0,0,0,1,1,1,1,0,0,1,1,0,1,0,0,1,1,0,0,1,0,0,0,0,0,0,0,0,1,0,0,0,0,0,0,1,0,0,0,2,0,0,0,1,1,0,1,0,1,0,0,1,0,0,1,0,1,0,0,0,0,0,0,0,0,0,0,0,0,0,0,0,1,0,0,0,0,0,1
2,1,0,0,2,0,1,0,0,1,2,1,0,0,0,0,0,0,0,3,1,0,0,0,0,0,3,0,3,3,0,0,0,0,1,0,0,1,0,1,1,0,0,0,0,0,0,0,1,0,2,1,0,0,0,0,0,0,0,0,0,0,0,0,0,0,0,0,0,0,0,0,0,1,0,0,0,0,0,0,0,0,0,0,1,0,2,0,0,0,0,0,0,0,1,0,0,0,0,0,1,1,0,0,0,0,1,0,0,0,0,2,0,0,1,0,0,0,0,0,0,0,0,0,0,1,0,1,0,1,0,0,0,0,0,0,1,0,0,0,0,0,0,0,0,0,3,0,0,3,1,0,0,0,0,0,0,0,0,0,1,0,0,0,0,0,0,0,0,0,0,2,0,0,3,1,0,0,0,1,1,0,0,0,2,0,1,0,0,0,0,1,0,1,0,0,0,0,0,2,0,0,1,1,0,0,0,0,0,0,0,0,1,1,0,0,0,0,0,0,0,0,0,0,0,0,1,0,0,0,1,0,0,0,0,2,0,0,0,0,0,0,0,0,0,0,0,1,0,0,2,0,0,0,0,0
0,0,1,0,0,0,1,0,1,0,2,0,0,0,0,0,1,2,0,0,0,0,0,0,0,0,0,0,3,3,0,0,0,0,0,0,0,2,0,0,1,0,0,0,0,0,0,0,2,0,0,0,0,0,1,0,0,0,0,0,0,0,0,0,0,0,1,0,0,0,0,1,0,0,0,0,0,0,0,0,0,0,0,0,0,0,2,0,0,0,1,0,1,0,0,0,0,0,0,0,0,0,0,0,0,0,0,0,1,1,0,0,0,0,0,0,0,0,0,0,0,0,0,0,0,2,0,0,0,0,0,0,0,0,0,0,0,0,0,0,0,0,0,0,0,0,2,0,0,2,1,0,0,0,0,0,0,0,0,0,0,0,0,0,0,0,1,0,0,0,1,0,0,0,1,0,0,0,0,1,0,0,0,0,0,0,0,0,0,0,0,0,0,1,0,0,0,1,0,3,0,0,0,0,0,0,0,0,0,1,0,0,0,1,0,0,0,1,1,0,0,0,0,0,0,0,1,0,1,0,2,1,0,0,3,0,0,0,0,0,0,0,0,0,0,0,0,0,0,0,0,0,0,0,0,0
0,0,3,0,0,0,1,1,2,1,1,0,0,0,0,0,0,2,0,0,0,0,0,0,0,0,1,0,2,3,0,0,1,0,0,0,0,2,1,4,6,0,1,0,0,0,0,0,2,1,1,0,0,0,0,0,2,0,0,1,0,0,1,0,0,0,0,0,0,0,1,2,0,0,2,0,0,0,1,0,0,0,3,0,0,0,5,0,0,0,2,0,0,0,0,1,0,0,0,0,0,0,0,0,0,0,0,0,1,1,0,1,0,1,0,1,0,0,0,0,0,0,0,0,0,2,0,0,0,0,0,0,0,0,0,0,0,0,0,0,0,0,0,0,0,0,2,0,0,2,1,0,0,0,0,0,0,0,0,0,1,0,0,0,0,0,1,0,1,0,0,0,0,1,0,3,0,2,0,1,0,0,0,0,0,0,0,0,0,0,0,0,0,0,0,0,0,0,0,2,0,0,0,0,0,0,1,0,0,0,0,0,0,0,0,0,0,0,0,0,0,0,0,0,0,0,0,0,1,0,0,0,0,0,1,2,0,0,0,0,0,0,0,0,0,0,1,0,1,0,0,0,0,0,0,0
0,0,0,0,0,0,0,0,0,0,3,0,0,0,1,0,0,1,0,1,0,0,0,0,0,1,2,0,2,1,0,0,1,0,0,1,0,1,0,3,3,1,0,0,0,0,0,2,1,1,0,1,0,0,0,0,0,0,0,0,0,0,0,0,0,0,0,0,0,0,0,0,0,0,0,0,0,2,0,0,0,0,0,0,0,0,2,0,0,0,0,0,1,0,0,0,0,0,0,0,0,0,0,0,0,0,0,0,0,0,1,3,0,0,1,1,0,2,0,0,1,0,0,0,0,1,0,0,0,1,0,1,1,0,0,0,2,0,0,0,0,0,1,0,0,0,1,0,0,1,0,0,0,0,0,1,0,0,1,0,0,0,0,0,0,0,1,0,0,0,0,1,0,0,0,1,0,2,0,0,0,0,1,1,0,1,0,1,0,1,0,0,0,0,0,0,0,0,0,1,0,0,0,0,0,1,1,0,0,0,0,0,0,0,0,0,0,0,0,0,0,0,0,0,0,0,1,0,1,0,1,0,0,0,1,0,0,0,1,0,0,0,0,0,0,0,0,0,0,0,2,0,0,0,0,0
0,0,0,0,1,0,1,0,0,0,6,0,0,0,1,0,0,3,0,0,0,0,0,0,0,0,0,0,3,2,0,0,0,0,0,0,0,2,2,1,0,0,0,0,0,0,0,0,3,0,3,1,0,0,2,0,0,0,0,0,0,0,0,0,0,0,2,0,0,0,0,0,0,0,1,0,0,0,0,0,0,0,0,0,0,0,3,0,0,0,0,0,0,0,0,0,0,0,0,0,0,0,0,0,0,0,0,0,0,2,0,0,0,0,0,0,0,0,0,0,0,0,0,0,0,2,0,0,0,0,0,0,0,0,0,0,0,0,0,0,0,0,0,0,0,0,2,0,0,2,0,0,0,0,0,0,0,0,0,0,0,0,0,0,0,0,2,0,0,0,0,0,0,0,0,2,0,0,0,0,0,0,0,0,0,2,0,0,0,1,2,0,0,0,0,1,0,0,0,2,0,0,1,1,0,1,0,0,0,0,0,0,1,0,1,0,0,0,0,0,0,0,0,0,0,0,1,0,0,0,1,4,0,0,2,0,0,0,0,0,0,0,0,0,0,0,0,0,0,1,0,0,0,0,0,1
0,0,0,0,0,0,0,0,0,0,0,0,0,0,0,0,0,1,0,0,0,0,0,0,0,0,3,1,3,2,0,0,0,0,0,0,0,1,0,1,0,0,0,0,0,0,0,0,1,0,1,0,0,0,0,0,0,0,0,0,0,0,0,0,0,1,0,0,0,0,0,0,1,0,0,0,0,1,0,0,1,0,1,0,0,0,2,0,0,0,0,0,0,0,0,0,0,0,0,0,0,0,0,0,0,0,0,0,0,0,0,1,0,0,1,0,0,0,2,0,2,1,0,0,0,0,0,0,0,0,0,0,0,0,0,0,0,0,0,0,0,2,0,0,0,0,1,0,0,2,1,0,0,0,0,1,0,0,0,0,0,0,1,0,0,0,1,0,0,0,0,1,0,0,0,3,0,0,0,0,0,1,0,1,0,1,1,0,0,0,0,2,0,0,0,0,1,0,0,2,0,0,1,0,0,1,1,0,0,0,0,0,0,0,0,0,0,0,0,0,0,0,0,0,0,0,0,0,1,0,1,1,0,0,1,1,0,0,0,0,0,0,0,1,0,0,0,0,0,2,0,3,0,0,0,0
0,0,0,0,2,0,0,0,0,0,4,0,0,0,0,0,0,1,0,0,0,0,0,0,0,0,2,0,3,2,0,0,0,0,1,0,0,1,0,1,0,0,0,0,0,0,0,0,1,0,2,0,0,0,0,0,0,0,0,0,0,0,0,0,0,0,0,0,0,0,0,0,0,0,0,1,0,0,0,0,0,0,0,0,0,0,1,0,0,0,0,0,0,0,0,0,0,0,0,0,1,0,0,0,0,0,0,0,0,0,0,0,0,0,1,0,0,0,0,0,0,1,0,0,0,1,0,0,0,0,0,1,0,0,0,0,0,0,0,0,0,0,0,0,0,0,1,0,0,1,0,0,0,0,0,2,0,0,0,0,1,0,1,0,1,0,2,0,0,0,0,1,1,1,1,1,0,0,0,0,0,1,0,1,0,0,1,0,0,0,0,0,0,0,1,0,4,0,0,2,0,0,1,0,0,0,1,0,2,0,0,0,0,0,0,0,0,0,0,0,0,0,0,0,0,0,0,0,2,0,1,3,0,0,2,0,0,0,0,2,0,0,0,0,1,0,1,0,1,1,0,1,0,0,0,2
0,0,0,1,0,0,0,0,0,0,2,0,0,1,0,0,1,3,0,0,0,0,0,0,0,1,0,0,3,2,1,1,0,0,0,0,0,1,0,1,0,0,0,0,0,0,0,0,1,0,1,1,0,0,0,0,1,0,0,0,0,0,0,0,0,0,0,0,0,0,0,0,0,0,0,0,0,0,0,0,0,0,2,2,0,0,1,0,0,0,1,0,0,0,0,0,1,0,0,0,0,0,0,0,0,0,0,0,0,1,0,2,0,1,0,1,0,0,0,0,0,0,0,0,0,1,0,0,0,0,0,0,0,1,0,2,0,0,0,0,0,0,0,0,0,0,2,0,0,2,1,0,0,0,0,1,0,0,0,0,0,0,0,0,0,0,1,0,0,0,0,0,0,0,1,0,0,0,0,0,0,0,0,0,0,1,0,0,0,0,0,0,0,0,0,0,0,0,0,3,0,0,0,0,0,1,0,0,0,0,0,0,0,0,0,0,0,0,1,0,0,0,0,0,0,0,0,0,0,0,1,0,0,0,2,0,0,0,0,0,0,0,0,0,0,0,0,0,0,1,0,0,0,0,0,0
1,1,1,1,1,0,1,0,1,0,3,0,0,0,0,0,1,1,1,1,0,0,0,0,0,0,3,0,2,2,1,0,0,0,0,1,0,1,0,1,0,0,0,0,0,0,0,0,1,0,0,0,0,0,1,0,0,0,0,0,0,0,0,0,0,0,0,0,0,0,0,0,0,0,0,0,0,0,0,0,0,0,0,0,0,0,2,0,0,0,1,0,1,0,2,0,0,0,0,0,0,0,0,0,0,0,0,0,0,1,0,1,0,0,1,0,0,0,0,0,1,0,0,0,0,0,0,0,0,0,0,1,0,0,0,0,1,0,0,0,0,0,0,0,0,0,1,0,0,1,1,0,0,0,0,1,0,0,2,0,0,0,0,0,0,0,1,0,0,0,0,1,0,1,0,1,0,0,0,0,0,0,0,1,0,0,0,1,0,0,0,0,0,0,0,0,0,1,0,1,0,1,0,0,0,1,1,0,1,0,0,0,0,0,0,1,0,1,2,0,1,0,0,0,0,0,1,1,1,0,0,0,0,0,0,0,0,0,0,0,0,0,0,0,0,0,0,1,0,0,3,2,0,0,0,1
0,0,0,0,0,0,0,0,0,0,1,0,1,0,0,0,0,1,0,0,0,0,0,0,0,0,2,0,2,3,0,0,0,0,0,1,0,1,0,2,0,0,0,0,2,0,0,0,1,2,0,0,0,0,1,0,0,0,0,0,0,0,0,0,0,0,0,1,0,0,0,0,0,0,0,0,0,2,0,0,0,0,0,1,1,0,2,0,0,0,1,3,0,0,0,0,0,0,0,0,0,0,0,0,0,0,0,0,0,1,0,0,0,1,1,0,0,0,0,0,1,0,0,0,0,1,0,0,0,0,0,1,0,0,0,0,0,0,0,0,0,0,0,0,0,0,1,0,0,1,1,0,0,0,0,1,0,0,0,0,0,0,0,0,0,0,0,0,1,0,0,1,0,0,0,1,0,0,0,0,0,0,0,1,0,0,0,1,0,0,0,0,0,0,0,0,0,0,0,2,0,0,0,0,0,0,0,0,0,1,0,0,0,0,0,0,0,0,0,0,0,0,0,0,0,0,1,0,1,0,0,0,0,0,0,0,0,0,1,0,1,0,0,0,0,1,0,0,0,0,1,1,0,0,0,0
0,0,0,0,0,0,2,1,0,2,4,0,3,0,0,0,2,3,0,1,0,0,0,0,0,0,0,0,2,2,0,0,0,0,0,1,0,2,0,1,2,0,0,0,0,0,0,0,2,0,0,0,0,0,0,0,0,0,0,0,0,0,0,0,0,0,0,0,0,0,0,0,0,0,0,0,0,0,0,0,0,1,0,0,1,0,4,0,0,0,2,0,0,0,0,0,0,0,0,0,0,0,0,0,0,0,0,0,0,1,0,1,0,0,0,0,0,0,0,0,0,1,0,0,0,1,0,0,0,2,0,0,0,0,2,0,0,0,0,0,0,2,0,0,0,0,3,0,0,2,2,0,0,0,0,0,0,0,0,0,0,0,1,0,0,0,0,0,0,0,0,0,0,0,1,0,0,0,0,1,0,0,0,0,0,0,0,0,0,0,0,0,0,1,0,0,1,0,0,1,0,0,1,0,0,0,0,0,0,0,0,0,0,0,0,0,0,0,0,0,0,0,0,0,0,0,0,0,0,0,1,0,0,0,0,0,0,0,0,0,0,0,0,0,0,0,0,0,0,1,0,0,0,0,0,0
0,1,0,0,0,0,0,0,2,0,2,0,0,0,0,0,0,2,0,0,0,0,0,0,0,0,0,0,3,2,0,0,0,0,0,0,0,3,0,2,0,0,0,0,0,0,0,0,2,0,1,0,0,0,0,0,0,0,0,0,0,0,0,0,0,0,0,0,0,0,0,1,0,0,0,0,0,0,0,0,0,0,0,0,0,0,4,0,0,0,0,0,1,0,0,0,0,0,0,0,0,0,0,0,0,0,0,0,0,2,0,2,0,0,0,0,0,0,0,0,0,1,0,0,0,2,0,0,0,0,0,0,1,0,0,0,0,0,0,0,0,1,0,0,1,0,2,0,0,2,0,0,0,0,0,0,0,0,0,0,0,0,0,0,0,0,1,0,0,0,0,0,0,0,1,0,0,0,0,1,0,0,0,0,0,0,0,0,0,0,1,0,0,0,0,0,0,0,0,2,0,0,2,1,0,1,0,0,0,0,0,0,0,0,0,0,0,0,0,0,0,0,0,0,0,0,1,0,1,0,1,0,0,0,0,0,1,0,0,0,0,0,0,0,1,0,0,0,0,1,0,0,0,0,0,0
0,0,0,0,0,0,0,0,0,1,1,0,0,0,0,0,0,3,0,0,0,0,0,0,0,0,2,0,3,2,0,1,0,1,0,1,0,1,0,4,1,0,1,0,1,1,0,0,1,2,2,0,0,0,0,0,0,0,0,0,0,0,0,0,0,0,0,0,0,0,0,1,0,0,0,1,0,0,0,0,0,0,2,0,1,0,4,1,0,0,0,0,1,0,0,0,0,0,0,0,0,1,0,0,0,0,0,0,0,2,0,1,0,0,1,0,0,0,0,0,1,1,0,0,0,1,0,0,0,0,0,1,0,0,0,0,0,0,0,0,0,0,0,0,0,1,1,0,0,1,0,0,0,0,0,0,0,0,0,0,0,0,0,0,0,0,1,0,0,0,0,1,0,0,1,1,0,0,0,0,0,0,0,2,0,2,0,0,0,0,0,0,0,2,0,0,0,1,0,2,0,0,2,0,0,0,1,0,1,0,0,0,0,0,0,0,0,0,0,0,0,0,0,0,0,0,0,0,2,0,0,0,0,0,0,0,0,0,1,0,0,0,0,0,0,0,0,0,0,0,0,0,0,0,0,0
0,0,0,1,0,0,1,0,0,1,1,0,0,0,0,0,0,2,0,0,0,0,0,0,0,1,2,0,2,2,0,2,0,0,1,0,0,1,1,3,4,0,0,0,0,0,0,0,1,0,1,0,0,0,2,0,0,0,0,0,0,0,0,1,0,0,0,0,0,0,0,0,0,0,0,0,0,1,0,0,0,0,0,0,1,0,4,1,0,0,2,0,1,0,0,0,0,0,0,0,0,0,0,0,0,0,0,0,0,2,0,0,0,0,1,0,0,0,0,1,1,1,0,0,0,1,0,0,0,0,0,0,0,0,0,0,0,0,0,0,0,0,0,0,0,1,2,0,0,2,1,0,0,0,0,0,0,0,0,0,0,0,0,0,0,0,1,0,1,0,0,1,0,0,0,2,0,1,0,0,0,0,1,1,0,0,0,0,0,0,0,0,0,0,0,0,0,1,0,2,0,0,1,1,0,0,1,0,0,1,0,0,1,0,0,0,0,1,0,0,0,0,0,0,0,0,0,0,2,0,1,2,0,0,0,2,1,0,1,0,0,0,0,0,0,0,0,0,0,0,1,0,0,0,0,0
0,1,0,0,1,0,0,1,0,0,2,1,0,1,0,0,0,1,0,1,1,0,0,1,0,0,0,0,2,2,0,0,0,0,0,0,0,2,0,1,2,0,0,0,0,0,0,0,2,0,1,0,0,0,1,0,0,0,0,0,0,0,0,0,0,0,0,0,0,0,0,0,0,0,0,0,0,0,0,1,0,1,1,0,2,0,5,0,1,0,0,0,0,1,0,0,0,0,0,0,0,0,0,0,0,0,0,1,0,1,0,0,0,0,0,0,0,1,0,0,0,0,0,0,0,2,0,0,0,0,0,0,0,0,0,0,0,0,0,0,1,0,0,0,1,0,2,1,0,2,0,0,0,0,0,0,0,0,0,0,2,0,1,0,0,0,0,0,0,1,0,0,0,0,0,0,0,0,0,0,0,0,0,0,1,0,0,0,0,0,0,0,0,1,0,0,0,0,1,2,0,0,2,0,0,0,0,0,0,0,0,2,0,0,0,1,0,0,0,0,0,0,0,0,0,0,0,0,0,0,2,0,0,0,1,2,0,0,0,0,0,0,0,0,0,0,1,1,0,0,0,1,0,0,2,0
0,0,0,0,0,0,0,0,0,0,0,0,1,0,0,0,1,1,0,0,0,0,0,0,0,0,6,0,2,1,1,0,1,0,0,0,0,1,0,0,0,0,0,0,0,0,0,1,0,0,0,0,0,0,0,0,0,0,0,0,0,1,0,0,0,0,0,0,0,0,0,0,0,0,0,0,0,1,0,0,1,0,0,0,1,0,1,0,0,0,0,0,0,0,0,0,0,1,0,0,0,3,0,0,1,0,0,0,0,0,0,0,0,0,2,0,1,0,0,2,1,0,0,0,0,1,0,0,1,0,0,2,0,0,0,0,1,1,0,0,0,0,0,0,0,1,0,0,0,0,0,0,0,0,0,2,0,0,2,0,0,0,0,0,0,0,0,0,0,0,0,2,0,0,2,2,0,0,0,0,0,2,0,2,0,0,0,2,0,0,0,0,0,2,0,0,1,0,0,0,0,2,0,0,0,2,0,0,4,1,0,0,0,1,0,0,0,2,0,0,1,0,0,0,0,0,0,0,0,0,0,0,0,0,0,0,1,1,0,0,0,0,0,0,0,1,0,3,0,0,2,1,0,0,0,0
3,0,0,0,2,0,0,0,0,0,3,1,0,0,0,0,0,0,0,0,0,0,0,0,0,0,4,0,2,4,0,0,0,0,0,1,1,1,0,1,1,0,0,0,0,0,0,0,1,0,1,0,0,0,0,0,0,0,1,0,0,0,0,0,0,0,0,0,0,0,0,0,0,0,0,0,0,0,0,0,0,0,0,1,2,0,1,0,0,0,0,0,0,0,1,0,0,0,0,0,0,1,0,0,0,0,0,0,0,0,1,1,0,0,1,0,0,0,0,0,1,0,0,0,0,1,0,0,0,0,0,2,0,0,0,0,0,0,0,0,0,0,1,0,0,0,1,1,0,1,0,0,0,0,0,1,0,0,1,0,1,1,0,1,0,0,2,0,0,0,0,1,3,0,1,1,0,0,0,0,0,0,0,1,0,0,1,1,0,0,0,0,0,1,0,0,0,0,1,1,0,0,1,1,0,1,1,1,1,0,0,0,0,0,0,0,0,0,0,0,0,0,0,0,0,0,0,0,1,0,1,0,0,0,0,0,0,0,2,1,0,0,0,0,0,0,0,0,0,0,3,1,0,0,0,2
0,2,0,0,0,0,3,0,0,1,2,0,0,0,0,0,0,3,0,0,1,0,0,0,0,0,0,0,2,2,0,0,0,0,0,0,0,2,0,0,5,1,0,0,0,0,0,0,2,0,1,0,0,0,1,0,2,0,0,2,0,0,0,0,0,0,0,0,1,3,0,1,4,0,0,0,0,0,0,0,2,0,0,0,0,1,7,0,0,0,2,1,0,0,0,0,0,0,0,0,1,0,0,0,0,0,1,0,0,1,0,1,0,0,0,0,0,0,0,0,0,2,0,0,0,2,0,0,0,1,0,0,0,3,0,0,0,0,0,0,0,1,0,0,0,0,2,0,0,2,1,2,0,0,0,0,0,0,2,0,0,0,0,0,0,0,2,0,1,0,0,0,0,0,1,0,0,0,1,0,0,0,0,0,0,0,0,0,0,0,0,0,0,1,0,0,0,0,0,2,0,0,1,1,0,0,0,0,1,0,0,1,0,0,1,1,0,1,0,0,0,0,0,0,0,0,0,0,0,0,1,0,0,0,1,0,0,0,0,1,0,0,0,0,0,0,0,0,0,1,0,0,0,0,0,1
0,0,0,0,0,0,0,0,0,0,1,0,0,0,0,0,0,0,0,0,0,0,0,0,0,0,2,0,2,1,0,0,0,0,0,1,1,1,0,1,2,1,0,0,0,0,0,0,1,0,2,0,0,0,0,0,0,0,0,0,0,0,0,0,0,0,0,0,0,0,0,0,0,0,0,0,0,0,1,0,0,0,0,0,1,0,2,0,0,0,1,0,0,0,0,0,0,0,0,0,0,0,0,0,0,0,0,0,0,1,1,0,0,0,1,0,0,0,0,0,1,0,0,0,0,1,0,0,0,1,0,1,0,0,0,0,0,1,0,0,0,0,0,0,0,1,1,0,0,1,1,0,0,0,0,1,0,0,0,0,0,0,0,0,0,0,1,0,0,0,0,1,0,0,0,1,0,0,0,0,0,0,0,1,0,0,0,1,0,1,0,0,0,0,1,0,1,0,0,1,0,0,0,0,0,0,0,0,1,0,0,0,0,2,2,0,0,1,0,0,0,0,0,0,0,0,1,1,0,0,1,0,0,0,1,0,0,0,0,0,0,0,0,0,0,0,0,2,0,0,1,0,0,0,0,0
1,0,0,0,0,0,0,0,0,0,0,0,1,0,0,0,0,1,0,0,0,0,0,0,0,0,3,0,1,1,0,0,2,0,0,0,0,0,0,0,0,0,0,0,0,0,0,1,0,0,0,0,0,0,1,0,0,0,0,0,0,0,0,0,0,0,0,0,0,0,0,0,0,0,0,0,0,0,0,0,0,0,0,0,1,0,1,0,0,0,0,0,0,0,1,0,0,0,0,0,0,0,0,2,1,0,0,0,0,0,0,0,0,0,2,0,0,0,0,0,1,1,0,0,0,0,0,0,0,1,0,1,0,0,0,0,1,0,0,0,0,0,0,0,0,0,0,0,0,1,0,1,0,0,0,1,0,0,0,0,0,0,0,0,0,0,0,0,0,0,0,2,0,0,2,2,0,0,0,0,0,0,1,3,0,0,0,1,0,0,0,0,0,3,0,0,0,0,0,3,0,1,1,0,0,1,0,0,2,0,0,0,0,1,0,0,0,0,0,0,0,0,0,0,0,0,0,0,1,0,1,0,0,0,1,0,0,1,1,0,0,0,0,0,0,0,0,0,0,0,0,0,0,0,0,0
0,1,1,0,0,0,2,2,0,0,1,0,1,3,1,0,0,1,1,2,1,0,0,0,0,0,1,4,1,1,0,1,0,0,0,1,0,2,0,0,0,0,0,0,2,0,0,0,2,0,3,0,0,0,1,0,0,0,0,0,0,0,0,0,0,0,0,0,0,0,0,0,2,0,0,1,0,1,0,0,1,0,1,0,2,0,1,0,0,0,0,0,1,0,0,0,0,0,1,0,0,0,0,0,1,0,0,0,0,1,0,0,0,1,1,0,0,0,0,0,1,0,0,0,0,1,0,0,0,0,0,1,0,0,0,0,0,0,0,0,0,1,0,0,0,0,1,0,0,1,0,0,0,0,0,1,0,1,0,0,0,0,1,0,0,0,5,0,1,0,0,3,0,0,0,3,0,0,0,0,0,0,0,1,0,2,0,1,0,0,1,0,0,0,0,0,0,0,0,2,0,0,0,0,0,1,0,0,0,0,0,0,0,0,0,0,0,0,0,0,0,0,0,0,0,0,0,0,0,0,1,1,0,0,1,0,0,0,1,0,0,0,0,0,0,0,0,0,0,3,1,0,0,0,0,0
0,0,2,0,0,0,1,0,0,0,1,0,0,0,0,0,0,1,0,0,0,0,0,0,0,0,3,0,2,5,0,0,0,0,0,0,0,1,0,1,0,0,0,0,0,0,0,0,0,0,0,0,0,0,0,0,0,0,0,0,0,0,0,0,0,0,0,0,1,0,0,0,0,0,0,0,1,0,0,0,1,0,0,0,2,0,0,0,0,0,1,0,0,0,0,0,2,0,0,0,0,0,0,0,0,0,0,0,0,1,0,2,0,0,2,0,0,0,1,0,1,2,0,0,0,0,0,0,0,0,0,1,0,0,0,0,0,0,1,0,0,1,0,1,0,0,0,1,0,1,0,0,0,0,0,1,0,0,0,0,0,0,0,0,0,0,1,0,0,0,0,2,1,0,1,2,0,0,0,0,0,0,1,1,0,0,1,1,0,0,0,0,0,0,0,0,1,0,1,1,0,0,1,0,0,0,1,0,0,0,0,0,0,0,0,0,0,0,0,0,0,0,0,0,0,0,0,0,1,0,1,0,0,0,0,1,0,0,0,0,0,0,0,0,0,0,1,0,1,0,1,1,0,0,0,0
0,0,0,0,0,0,1,0,0,0,1,0,0,0,0,0,0,1,0,0,0,0,0,0,0,1,1,0,2,1,0,0,0,0,0,0,0,1,0,0,2,0,0,0,0,0,0,0,1,1,1,0,0,0,0,0,1,0,0,0,0,1,0,0,0,0,0,0,0,0,0,0,0,0,0,0,0,0,1,0,0,0,1,0,1,0,1,0,0,0,0,0,0,0,0,0,0,0,0,0,1,1,0,0,0,0,1,1,1,0,0,0,0,0,1,0,0,0,0,0,1,0,0,0,0,1,0,1,0,0,0,1,0,0,0,0,0,0,0,0,0,0,0,0,0,0,1,0,0,1,0,0,0,0,0,1,0,0,0,0,0,0,1,0,0,0,0,0,0,0,0,1,0,0,0,1,0,0,0,1,0,1,0,1,0,1,0,1,0,0,1,1,0,0,0,0,0,0,0,1,0,0,0,0,0,1,0,0,1,0,0,0,0,0,0,0,0,0,1,0,0,0,0,0,0,0,0,0,0,0,0,0,0,0,0,0,0,0,0,0,0,0,0,0,0,0,0,1,0,0,0,0,0,0,0,0
0,0,0,0,1,0,1,0,0,1,4,0,0,0,0,0,1,4,0,0,0,1,0,0,0,0,0,1,2,2,0,0,0,0,0,0,0,2,1,0,0,0,0,0,0,0,0,0,2,0,0,0,0,0,2,0,0,0,0,0,0,0,0,0,0,0,0,0,0,0,0,0,1,0,0,0,0,0,0,0,0,0,0,0,0,0,4,0,0,0,2,0,0,0,0,0,0,0,0,0,0,0,0,0,0,0,0,0,0,0,0,3,1,0,0,0,0,0,0,0,0,3,0,0,0,2,0,0,0,0,0,0,0,1,0,0,0,0,0,0,0,0,0,0,0,0,2,0,0,2,1,0,0,0,0,0,0,0,0,0,1,0,0,0,0,0,1,0,0,0,0,0,0,0,1,0,0,0,0,0,0,0,0,0,0,2,0,0,0,0,0,0,0,2,0,0,0,0,0,2,0,0,0,0,0,1,0,0,0,0,0,0,0,0,0,0,0,0,0,0,0,0,0,0,0,0,0,0,0,0,2,0,0,0,2,0,0,0,0,0,0,0,0,0,0,0,1,0,1,1,0,0,0,0,0,0
0,0,0,0,1,0,1,0,0,0,1,0,0,0,1,0,0,2,0,1,0,0,0,0,0,0,1,0,2,1,0,0,0,0,0,1,1,1,1,1,1,0,0,0,0,0,0,0,1,1,1,0,0,0,0,0,0,0,0,0,1,0,0,0,0,1,0,0,0,0,0,0,1,0,0,0,0,0,1,0,0,0,0,0,2,0,1,0,0,0,0,0,0,0,0,0,0,0,0,0,0,0,0,0,0,0,0,0,0,1,0,1,0,0,1,0,0,0,0,0,1,0,0,0,0,1,0,0,0,0,1,1,0,0,0,0,0,0,1,0,0,0,0,0,0,1,1,1,0,1,1,0,0,0,1,1,0,0,0,0,0,0,0,0,0,0,1,0,1,0,0,1,0,0,1,1,0,0,0,0,0,0,0,1,0,1,0,1,0,0,0,1,0,0,0,0,0,0,0,1,0,0,0,0,0,0,0,0,1,0,0,0,0,1,0,0,0,0,0,0,0,1,0,0,0,0,0,0,1,0,1,0,0,0,1,0,0,0,1,1,0,0,0,0,0,0,0,1,0,2,0,0,0,0,1,0
0,0,0,0,0,0,2,0,1,0,5,0,0,0,1,0,0,1,0,0,0,0,0,0,0,0,0,1,2,3,0,0,0,0,0,0,0,2,3,3,1,0,1,1,2,0,1,0,2,2,3,0,1,0,0,0,0,0,1,0,0,1,0,0,0,0,0,0,0,0,0,0,0,0,0,0,0,0,0,0,0,0,0,0,1,0,5,0,0,0,0,0,0,0,0,0,0,0,0,0,0,0,0,0,0,0,0,0,0,1,0,0,2,0,0,0,0,0,0,1,0,2,0,0,0,2,0,0,0,1,0,0,2,0,0,0,0,0,0,1,0,0,0,0,0,0,2,0,0,2,1,0,0,0,1,0,0,0,0,0,2,0,0,0,0,0,3,0,0,0,0,1,0,0,0,0,0,1,0,0,0,0,0,0,0,4,0,0,0,0,2,0,0,0,0,0,0,0,0,3,0,0,2,0,0,0,0,0,0,0,0,0,0,0,3,0,0,0,0,0,0,0,0,0,0,0,1,0,0,0,1,1,0,0,0,0,0,0,0,0,0,0,0,0,0,0,0,0,0,0,0,0,0,0,0,0
0,0,0,1,0,0,1,0,0,1,1,0,0,0,0,0,0,2,0,0,1,0,0,0,0,0,1,0,1,2,0,0,0,0,0,1,0,1,0,1,0,0,1,0,0,0,1,0,1,0,1,0,0,0,0,0,0,0,0,0,0,0,0,0,0,0,0,0,0,0,0,0,0,0,0,0,0,1,0,0,1,0,0,0,2,0,1,0,0,0,1,0,1,0,0,0,1,0,0,0,1,0,0,0,1,0,1,0,1,1,0,2,0,1,1,0,0,0,0,0,1,2,0,0,0,0,0,1,0,0,0,1,0,0,0,0,0,0,0,0,1,1,0,0,1,0,1,1,0,1,1,0,0,0,0,1,0,0,1,0,0,0,0,0,0,0,1,0,1,1,0,2,0,0,0,1,0,0,0,0,0,1,1,1,0,0,0,1,0,0,0,0,0,0,0,0,0,0,0,2,0,0,2,0,0,1,0,0,0,0,0,0,0,0,0,0,0,0,0,0,0,0,0,0,0,0,0,0,0,0,0,0,0,0,0,0,0,0,0,0,0,0,0,0,0,0,0,0,0,0,0,0,0,0,0,0
0,0,0,0,1,0,0,0,0,0,3,0,0,0,0,0,0,2,0,0,0,0,0,0,0,0,0,2,2,2,0,0,0,0,0,0,1,2,0,1,0,1,0,0,0,0,0,0,2,0,1,1,0,0,0,0,1,0,0,0,0,0,0,0,0,0,0,0,0,0,0,2,0,0,0,0,0,0,0,0,0,0,0,0,0,0,5,0,0,0,1,0,0,0,0,0,0,0,1,0,0,0,0,0,0,0,0,0,0,2,0,0,0,0,0,0,0,0,0,0,0,2,0,0,0,2,0,0,0,0,0,0,0,0,0,0,0,0,1,0,0,0,0,0,0,0,2,1,0,4,1,0,0,0,0,0,0,0,0,0,0,0,1,0,0,0,0,0,0,0,0,0,0,0,0,0,0,0,1,0,0,1,0,0,0,2,0,0,0,0,0,0,0,0,0,0,0,0,0,2,0,0,1,0,0,1,0,0,0,1,0,0,0,0,1,0,0,0,0,0,0,0,0,0,0,0,0,0,2,0,3,2,0,1,3,1,0,0,0,0,0,0,0,0,1,0,0,0,0,0,0,2,0,0,0,0
0,0,0,0,0,0,1,0,1,0,4,0,1,0,0,0,0,2,0,0,0,0,0,0,0,0,0,0,3,2,0,0,0,0,0,0,0,2,0,0,0,0,0,0,0,0,0,0,2,0,0,0,0,0,0,0,0,0,0,0,0,0,0,0,0,0,0,0,0,0,0,0,1,0,0,0,0,0,0,0,0,0,0,0,0,0,3,0,0,0,1,0,0,0,0,0,0,0,0,0,0,0,0,0,0,0,0,0,1,2,0,1,0,0,0,0,0,0,0,0,0,1,0,0,0,1,0,0,0,1,0,0,0,1,0,0,0,0,0,0,0,1,0,0,0,0,2,0,0,2,1,0,0,0,0,0,0,0,0,0,1,0,0,0,0,0,0,0,0,0,0,0,0,0,0,0,0,0,0,0,0,0,0,0,0,0,0,0,0,0,0,0,0,1,0,0,0,0,0,2,0,0,0,0,0,1,0,0,0,0,0,0,0,0,0,0,0,0,0,0,0,0,0,0,0,0,0,0,0,0,2,1,0,0,2,0,0,0,0,0,0,0,0,0,0,0,0,0,0,1,0,0,0,0,0,0
0,0,0,0,2,0,0,1,0,0,0,0,0,0,0,0,0,0,0,0,0,0,0,0,0,0,4,0,0,1,0,0,0,0,0,1,1,0,0,1,0,0,0,0,0,0,0,0,0,0,0,0,0,0,0,0,0,0,0,0,0,0,0,0,0,0,0,0,0,0,1,0,0,0,0,0,0,2,0,0,0,1,2,0,2,1,0,0,0,0,0,1,0,0,0,0,2,0,0,0,0,2,0,0,0,0,1,0,0,0,0,0,0,0,2,0,0,0,2,0,1,0,0,0,0,1,0,1,0,0,0,3,1,0,0,0,1,0,0,0,0,0,0,0,0,1,0,0,0,0,0,0,0,0,0,2,0,0,0,0,0,0,0,0,0,0,0,0,0,0,0,3,0,0,0,2,0,0,0,0,0,0,0,2,0,0,0,2,0,0,0,0,0,0,0,0,1,0,0,0,0,1,0,0,0,2,2,0,1,0,0,0,0,0,0,0,0,0,0,0,0,0,0,1,0,0,0,0,0,0,0,0,0,0,0,0,0,0,0,0,0,0,0,0,0,0,0,2,0,0,2,2,0,0,0,0
0,1,0,1,1,0,1,0,0,0,1,1,0,1,0,0,0,2,0,0,0,0,0,0,0,0,1,0,1,2,0,0,0,0,1,0,0,1,0,1,0,0,0,0,0,0,1,0,1,0,0,0,0,0,0,0,0,0,0,0,0,0,0,0,0,0,0,1,0,0,0,0,0,0,0,0,0,0,0,0,0,0,0,0,2,1,2,0,0,0,0,0,0,0,0,0,0,0,0,0,0,1,0,0,0,0,0,0,0,1,0,0,0,0,1,0,0,0,0,0,1,0,0,0,0,1,0,0,0,1,0,1,0,0,0,0,0,0,0,0,0,0,0,0,0,0,1,0,0,1,0,0,0,0,0,1,0,0,0,0,0,0,0,1,0,0,0,0,0,1,0,1,0,0,1,1,0,0,0,0,0,0,0,3,0,0,0,0,0,0,0,0,0,0,0,0,0,0,0,2,0,0,1,0,0,2,1,0,0,1,0,0,0,0,0,0,0,0,0,0,0,0,1,0,0,0,0,1,1,0,1,0,0,0,1,0,0,0,0,0,0,0,0,0,0,0,0,0,0,0,0,1,0,0,0,1
0,0,0,0,1,0,0,2,0,1,2,0,0,0,0,0,0,2,0,0,0,0,0,0,1,0,0,0,2,2,1,0,0,0,0,0,0,2,0,2,0,0,0,0,1,0,0,0,2,0,2,0,0,0,0,0,0,0,0,0,0,0,0,0,0,0,0,1,0,0,0,0,1,0,0,1,0,0,0,1,0,0,0,0,0,0,3,0,0,0,0,0,0,0,0,0,0,0,0,0,0,0,0,0,0,0,0,0,0,1,0,0,0,0,0,0,0,0,0,0,0,1,0,0,0,2,0,0,0,0,0,0,0,0,0,0,0,0,0,0,0,1,0,0,0,0,2,1,0,2,0,0,0,0,1,0,0,0,0,0,1,0,0,0,0,0,0,0,0,0,0,0,0,0,0,0,0,0,0,0,0,0,1,0,0,0,0,0,0,0,0,0,0,1,0,0,0,0,0,2,0,0,0,1,0,1,0,0,0,0,0,0,0,1,0,0,0,0,0,0,0,0,0,0,0,0,0,0,0,0,2,1,1,0,1,0,0,0,0,0,0,0,0,0,0,0,0,0,0,2,0,0,0,0,0,0
0,0,0,1,1,1,0,0,0,0,0,0,0,0,0,0,0,0,0,0,0,0,1,0,0,0,3,1,0,3,0,0,0,0,0,1,1,0,1,0,0,0,0,0,0,1,0,0,0,0,0,0,0,0,0,0,1,1,0,0,0,1,1,0,0,0,0,0,0,1,0,0,0,0,0,0,0,3,0,0,0,0,0,1,1,0,0,0,0,0,0,0,1,0,0,0,1,0,1,0,3,0,1,0,1,0,0,0,0,0,1,1,0,0,1,0,0,0,0,0,1,0,0,0,0,0,0,0,0,0,2,1,0,0,0,0,0,0,0,0,0,1,0,0,0,0,1,0,1,0,0,0,0,0,1,1,0,0,0,0,0,0,1,0,0,0,0,1,0,0,0,1,0,0,2,1,0,0,0,0,1,1,1,2,1,0,0,1,0,2,0,0,0,0,0,0,0,0,1,0,0,0,0,0,0,1,1,0,1,0,0,0,0,1,0,0,0,0,0,1,0,0,0,1,0,0,0,0,0,0,1,0,0,0,0,0,1,0,0,0,0,0,0,0,0,0,0,0,0,0,1,1,0,0,1,0
0,0,0,1,1,0,1,0,1,0,1,0,2,0,0,0,0,2,0,1,0,0,0,0,0,0,4,0,2,3,1,0,1,0,1,0,0,3,0,4,0,1,0,0,0,0,0,1,1,0,0,0,0,0,0,0,0,0,0,0,0,0,0,0,0,0,0,0,0,0,0,1,0,0,0,0,0,1,0,0,0,0,0,0,2,0,2,1,0,0,1,0,0,0,0,0,2,0,0,0,1,2,0,0,0,0,0,0,1,3,0,0,0,1,1,0,0,0,0,0,1,0,0,0,0,1,0,0,0,0,0,2,0,0,0,1,1,0,0,0,0,2,0,1,0,1,1,0,0,1,1,0,0,0,0,1,0,0,0,0,1,0,0,0,0,0,0,0,0,0,0,1,0,0,2,1,0,0,1,0,0,0,0,1,0,0,0,1,0,0,0,1,0,1,0,0,0,0,0,1,0,0,0,0,0,0,1,0,2,1,1,0,0,1,0,0,0,0,0,1,0,0,0,0,0,3,0,1,0,0,1,0,0,0,1,1,2,0,0,0,0,0,0,0,0,0,0,3,0,1,0,0,0,0,0,0
0,0,0,0,0,0,2,0,1,0,2,0,0,0,0,0,0,1,0,1,0,0,0,0,0,0,0,0,2,2,0,1,1,0,0,0,0,2,0,0,0,1,0,0,0,0,0,1,1,0,1,0,0,0,0,0,0,0,0,0,0,2,0,0,0,0,0,0,0,0,0,0,0,0,0,0,0,0,0,0,0,0,0,0,0,0,1,0,0,0,1,0,0,0,0,0,0,0,0,0,0,1,0,0,0,0,0,0,0,0,0,1,0,0,0,0,0,0,0,0,0,1,0,0,0,2,0,0,0,0,0,0,0,0,0,0,0,0,0,0,0,0,0,0,1,0,2,0,0,2,0,0,0,0,0,0,0,0,0,0,0,0,0,0,0,1,2,0,0,0,0,1,0,0,0,2,0,0,0,0,0,0,0,0,0,0,0,1,1,0,0,0,0,3,0,0,0,0,0,2,0,0,2,0,0,1,0,0,0,0,0,0,0,0,0,0,0,0,0,0,0,1,0,0,0,0,0,2,1,0,1,0,0,0,0,0,1,0,0,0,0,0,0,0,0,0,0,0,0,1,0,0,0,0,0,0
0,0,0,0,0,0,0,0,0,0,1,0,0,0,0,0,0,0,0,0,0,0,0,0,0,0,2,0,1,1,0,0,0,0,0,0,0,1,0,1,0,0,0,0,0,0,0,1,1,0,0,0,0,0,0,0,0,0,0,1,0,0,0,0,0,0,1,0,0,0,0,0,0,0,2,0,0,1,0,0,1,0,0,0,1,0,1,0,0,1,0,0,0,0,0,0,0,0,0,0,0,1,0,0,0,0,0,0,0,1,0,0,1,0,1,0,0,0,0,0,1,0,0,0,0,0,0,0,0,0,0,2,0,0,0,0,0,1,2,0,0,0,0,0,0,0,1,2,0,1,0,0,0,0,0,1,1,0,0,0,1,0,0,0,0,0,0,0,1,0,0,1,0,0,1,1,0,0,0,0,0,2,1,1,0,0,0,1,0,0,0,0,0,1,0,0,0,0,0,1,0,0,1,0,0,0,0,1,0,1,0,0,0,0,0,0,0,0,0,0,0,0,0,0,0,0,0,0,1,0,0,0,0,0,3,0,0,0,0,0,0,0,0,0,0,0,0,0,0,2,1,0,0,0,0,0
0,0,1,0,0,0,1,0,1,0,1,0,0,0,0,2,0,1,0,0,0,0,0,0,0,0,1,0,2,1,0,0,0,0,0,0,0,1,0,1,0,0,0,0,0,0,0,0,1,0,1,0,0,0,0,0,0,0,0,0,0,0,0,0,0,0,0,0,0,0,1,0,0,0,0,0,0,0,0,0,0,0,0,0,2,0,2,0,0,1,0,0,0,0,0,0,0,0,0,0,0,0,0,0,1,0,0,1,1,1,0,0,0,1,1,0,0,0,1,0,1,0,0,0,0,1,0,0,0,0,0,1,0,0,0,0,0,0,0,0,0,0,0,0,0,0,1,0,0,1,0,0,0,0,0,1,0,0,0,0,0,0,0,0,0,0,0,0,1,0,0,1,1,0,0,1,0,0,0,0,0,0,0,1,0,0,0,1,0,0,0,0,0,0,0,0,0,0,0,1,0,0,0,0,0,1,2,0,1,0,0,0,0,0,0,0,0,0,1,0,0,0,0,0,0,0,0,0,1,0,1,0,0,0,0,0,0,0,0,0,0,0,0,0,0,0,0,0,0,0,0,0,0,0,0,0
0,0,0,0,0,0,1,0,0,0,3,0,1,0,1,0,0,4,0,1,0,0,0,0,0,0,0,1,3,2,0,0,0,0,0,0,0,2,0,1,0,0,0,0,1,1,0,0,2,1,2,0,0,0,2,0,0,0,0,0,0,0,0,0,0,1,0,0,0,0,0,0,1,0,0,0,0,0,0,0,0,0,1,0,0,0,1,0,0,0,0,0,0,0,0,0,0,0,0,0,1,0,0,0,0,0,1,0,0,3,0,0,0,0,0,0,0,0,0,0,0,0,0,0,0,2,0,0,0,0,0,0,0,0,0,0,0,0,0,0,0,0,0,0,0,0,2,0,0,2,0,0,0,0,0,0,0,0,0,0,0,0,0,0,0,0,3,0,0,0,0,1,0,0,0,2,0,0,0,0,0,0,0,0,0,0,0,0,0,0,0,0,0,0,0,0,2,0,0,2,0,0,1,1,0,0,1,0,0,0,0,0,0,0,0,0,0,0,0,0,0,0,0,0,0,0,0,0,0,2,2,1,0,0,2,0,0,0,0,0,0,0,0,0,0,0,0,0,0,0,0,0,0,0,0,0
1,0,0,0,2,0,0,0,0,0,2,1,0,0,0,0,0,1,0,0,0,0,0,0,0,0,1,1,1,2,0,0,0,0,0,1,0,1,1,2,3,0,0,0,0,0,0,0,1,0,2,0,0,0,1,0,0,0,1,0,0,0,0,0,0,0,0,1,0,0,0,0,0,0,0,0,0,0,0,0,0,0,0,0,1,0,5,0,0,0,1,0,0,0,1,0,0,0,0,0,0,0,0,0,0,0,0,0,0,1,1,0,0,1,1,0,0,0,0,0,1,0,0,0,0,1,0,0,0,0,0,1,0,0,0,0,0,0,0,0,0,0,0,0,0,0,1,0,0,1,1,0,0,0,0,1,0,0,0,0,0,0,0,0,0,0,1,0,0,0,0,1,0,0,0,1,0,0,0,0,0,0,0,1,0,0,0,1,0,0,0,0,0,0,0,0,0,0,0,1,0,0,1,0,0,2,1,0,0,0,0,0,0,0,0,0,0,0,0,0,0,0,0,0,0,0,0,0,2,0,0,1,0,0,0,0,0,0,2,0,0,0,0,0,1,0,0,1,0,0,1,1,0,0,0,0
0,0,0,1,0,0,0,0,0,1,5,0,0,0,0,0,0,1,0,1,0,0,0,0,0,0,0,0,2,3,0,0,0,0,0,0,0,2,0,0,0,0,0,0,0,0,0,0,2,0,2,0,0,0,1,0,0,0,0,0,0,0,0,0,0,0,0,0,0,0,0,2,0,0,0,0,0,0,0,0,0,0,0,0,1,0,2,0,0,0,0,0,0,0,0,0,0,0,0,0,0,0,0,0,0,0,0,0,0,0,0,3,0,0,0,1,0,0,0,0,0,5,0,0,0,2,0,0,0,0,0,0,0,0,0,0,0,0,0,0,0,0,0,0,0,0,2,0,0,2,0,0,0,0,0,0,0,0,0,0,1,0,1,0,0,0,2,0,0,0,0,0,0,0,0,0,0,0,0,0,0,0,0,0,0,0,0,0,0,0,0,0,0,2,0,0,0,0,0,2,0,0,2,0,0,1,0,0,0,0,0,0,0,0,0,0,0,0,0,0,0,0,0,0,0,0,0,0,0,0,2,0,0,0,0,2,0,0,0,0,0,0,0,0,0,0,0,0,0,0,0,0,0,0,0,0
0,1,1,0,1,0,0,7,0,0,5,0,1,0,1,0,1,3,0,0,0,0,0,0,0,0,0,0,2,2,0,0,0,0,0,0,0,3,0,1,0,0,0,0,3,0,0,0,2,1,4,0,0,0,2,1,0,0,0,0,0,0,0,0,0,0,2,2,0,0,0,1,1,0,0,0,0,0,0,0,0,0,0,0,0,0,3,0,1,0,2,0,0,0,0,0,0,0,1,0,0,0,0,0,0,0,0,0,0,1,0,0,0,0,0,0,0,0,0,0,0,0,0,0,0,2,0,0,0,0,0,0,0,1,0,0,0,0,0,0,1,1,0,0,0,0,2,0,0,2,1,0,0,0,0,0,0,0,1,0,1,0,0,0,0,0,4,0,0,0,0,1,0,0,0,1,2,0,0,1,0,1,0,0,0,5,0,0,0,0,0,0,0,0,0,0,0,0,0,3,0,0,0,0,0,1,0,0,0,0,0,0,0,1,0,0,0,0,0,0,0,0,1,0,0,0,1,0,0,0,1,0,0,1,1,1,0,0,1,0,0,1,0,0,0,0,0,0,0,0,0,0,0,0,0,0
0,0,0,0,1,0,0,0,0,0,5,0,0,0,0,0,0,1,0,0,0,0,0,0,0,0,0,0,4,2,0,0,0,0,0,0,0,2,0,0,2,0,0,0,0,0,0,0,2,0,3,0,0,0,0,0,0,0,0,0,0,0,0,0,0,0,1,0,0,0,0,0,0,0,0,0,0,0,0,0,0,0,0,0,0,0,3,0,0,0,2,0,0,0,1,0,0,0,0,0,0,0,0,0,2,0,1,0,0,2,0,2,0,0,0,0,0,0,0,0,0,0,0,0,0,2,0,0,0,0,0,0,0,0,0,0,0,0,0,0,0,1,0,0,0,0,2,0,0,2,1,0,0,0,0,0,0,0,0,0,0,0,0,0,0,0,1,0,0,0,0,0,0,0,0,0,0,0,0,0,0,0,0,0,1,0,0,0,0,0,1,0,0,0,0,0,0,0,0,2,0,0,0,0,0,0,1,0,0,0,0,0,0,0,0,0,0,0,0,0,0,0,0,0,0,0,0,0,0,0,2,1,0,0,2,0,1,0,0,0,0,0,0,0,0,0,0,0,0,0,0,0,0,0,0,0
0,0,0,0,2,0,1,0,0,0,4,1,0,0,0,0,1,2,0,0,0,0,0,0,0,1,0,0,2,2,0,0,0,0,0,1,0,2,2,3,1,0,0,0,0,0,0,0,2,0,4,1,0,0,1,0,1,0,0,0,0,2,0,0,0,0,0,0,0,0,0,0,0,0,0,0,0,0,0,0,0,0,0,0,0,0,2,0,0,0,1,0,0,0,1,0,0,0,0,0,0,0,0,0,0,0,0,0,1,1,0,0,0,0,1,0,0,0,0,0,0,3,0,0,0,2,0,0,0,0,0,0,0,0,0,0,0,0,0,0,0,0,0,0,0,0,2,0,0,2,1,0,0,0,0,0,0,0,0,0,1,0,0,0,0,0,1,0,0,0,0,0,0,0,0,0,0,0,0,1,0,0,0,0,0,0,1,0,0,0,0,0,0,1,0,0,0,0,0,2,0,1,1,0,0,0,0,0,0,0,0,0,0,0,0,1,0,1,1,0,0,0,0,0,0,0,1,0,0,0,1,1,0,0,1,0,1,0,0,0,0,0,0,0,0,0,0,0,0,1,0,1,0,0,0,0
0,0,0,0,2,0,1,0,1,0,8,1,0,1,0,0,0,6,0,0,1,0,0,0,0,0,0,0,3,2,0,0,0,0,1,0,0,3,1,1,1,0,0,0,0,0,0,0,2,0,6,0,0,0,2,0,0,0,0,0,0,0,0,0,0,0,0,0,0,0,1,0,0,0,0,0,0,0,0,1,0,0,0,0,0,0,2,0,2,0,1,0,1,0,0,0,1,0,0,0,0,0,1,0,0,0,0,0,0,2,0,6,1,0,0,1,0,0,0,0,0,2,0,0,0,2,0,1,0,0,0,0,0,0,0,0,0,0,0,0,0,1,0,0,0,0,2,0,0,2,1,0,0,0,0,0,0,0,0,0,1,0,0,0,1,0,3,0,0,0,0,0,1,0,0,0,0,0,0,0,2,0,0,0,0,0,1,0,0,0,0,0,0,0,0,0,0,0,0,2,0,0,1,0,0,0,0,0,0,0,0,0,0,0,0,0,0,0,0,0,0,0,0,0,0,0,2,0,0,0,1,0,0,0,2,1,0,0,1,0,0,1,1,0,0,0,0,1,0,0,0,0,0,0,0,0
0,0,0,1,0,0,0,0,0,0,0,0,0,1,0,0,0,0,0,1,0,0,0,0,1,0,5,1,1,1,0,0,0,0,0,0,0,0,0,0,0,0,0,0,0,1,0,0,0,0,0,0,1,1,0,1,0,0,1,1,0,1,0,0,1,0,0,0,0,0,0,0,0,0,0,0,0,1,0,0,0,0,0,1,1,0,0,0,1,0,0,0,0,0,0,0,2,0,0,0,0,0,0,0,1,0,1,0,0,0,0,0,0,0,2,0,0,0,1,0,0,0,0,0,0,0,0,0,0,0,0,1,1,0,0,0,0,0,0,0,0,0,0,1,0,0,0,1,0,0,0,0,0,0,0,1,0,0,0,0,0,0,0,1,0,0,3,0,0,0,0,1,1,0,0,1,0,0,0,0,0,1,0,2,0,0,0,0,0,0,0,0,0,0,0,2,1,0,1,1,0,1,4,0,0,0,3,0,1,1,0,0,0,1,0,1,1,0,0,1,2,0,0,0,0,0,0,0,0,0,0,0,0,1,1,0,0,0,0,0,0,0,0,0,1,1,0,1,0,3,2,2,0,0,0,1
1,0,0,0,2,0,0,0,1,0,3,1,0,0,0,0,0,0,0,0,0,1,0,1,0,0,1,2,1,1,0,0,0,0,0,0,0,1,2,2,0,0,0,0,0,0,0,0,1,0,2,0,0,0,0,0,0,0,0,0,0,0,0,0,0,0,0,0,0,0,0,0,0,1,0,0,0,0,0,0,0,0,0,0,0,0,1,0,0,0,0,0,0,0,1,0,2,0,0,0,0,0,0,0,1,0,0,0,0,1,0,2,0,0,1,1,0,0,0,0,1,1,0,0,0,1,0,0,0,1,0,1,0,0,0,0,0,0,0,0,0,0,0,1,0,0,1,1,0,2,0,0,0,0,0,1,0,0,0,0,2,3,0,0,0,0,3,0,0,0,1,1,0,0,0,1,0,0,0,0,0,0,0,1,0,0,1,3,0,0,0,0,0,0,0,0,0,0,0,2,0,0,1,0,0,0,1,0,0,0,0,0,0,0,0,0,0,0,0,1,0,0,0,0,1,0,1,0,1,0,1,0,0,0,0,0,0,0,0,0,0,0,0,0,0,0,0,0,1,0,1,0,0,0,0,0
0,0,1,0,1,0,0,0,0,2,4,0,0,0,1,0,0,4,0,0,0,1,0,0,0,0,0,2,2,2,0,0,0,0,0,0,0,2,0,0,0,0,0,0,0,0,0,0,2,0,0,0,0,0,3,1,1,0,0,0,0,0,0,0,0,0,0,0,0,0,0,0,2,0,0,0,0,1,0,0,0,0,0,0,0,0,1,0,0,0,2,0,0,0,0,0,0,0,0,0,2,0,0,0,0,0,0,0,0,2,0,1,0,0,0,0,0,0,0,0,0,1,0,0,0,2,0,2,0,0,0,0,0,0,0,1,0,0,0,0,2,0,1,0,0,0,2,3,0,2,0,0,0,0,4,0,0,0,0,0,1,0,0,0,0,0,0,0,0,0,0,0,0,0,0,0,0,1,0,0,0,0,0,0,0,0,1,0,0,0,0,1,0,0,0,0,2,0,0,2,0,0,1,1,0,0,0,0,0,0,0,0,0,0,0,0,0,0,0,0,0,0,0,0,0,1,1,0,1,1,2,0,0,0,2,0,0,0,1,0,0,0,1,0,0,0,0,0,0,0,0,0,0,0,0,0
4,0,1,0,0,0,0,0,2,0,0,0,1,0,0,0,0,2,0,1,0,0,2,0,0,1,7,0,2,3,1,0,0,0,2,1,1,0,0,1,0,0,0,0,0,0,0,0,0,0,0,0,0,0,0,0,0,0,0,1,0,1,0,0,0,0,0,0,0,0,0,0,1,0,0,0,0,1,0,0,1,0,0,0,0,0,0,0,0,0,0,0,1,0,0,0,1,0,0,0,0,2,0,0,1,0,0,0,0,0,0,0,0,0,2,0,0,0,1,0,3,0,0,0,0,1,0,0,0,0,0,1,0,0,0,0,0,0,0,0,0,0,0,0,0,0,0,0,0,1,1,0,0,0,0,3,0,0,1,0,0,0,0,0,0,0,1,0,1,0,0,3,0,0,0,2,0,1,0,0,0,1,0,2,0,0,0,1,1,0,0,0,1,0,0,0,0,1,1,1,0,0,0,0,0,0,2,0,4,0,0,0,0,1,0,0,1,1,0,0,1,0,0,0,0,0,0,1,1,0,1,0,0,0,1,0,0,0,1,0,0,0,0,0,0,0,0,0,0,0,0,0,0,0,0,0
0,0,0,0,0,0,0,0,0,0,0,0,0,0,0,1,0,1,1,0,0,0,0,0,0,0,1,1,0,0,0,1,0,2,0,1,1,1,0,0,0,0,0,0,0,0,0,0,2,0,0,1,0,0,0,0,0,0,0,0,0,0,0,0,0,0,0,1,0,0,0,0,1,2,0,0,0,0,0,1,0,0,0,6,3,0,0,0,0,2,0,0,0,1,0,0,0,2,0,0,0,1,0,1,1,0,0,0,0,1,0,0,0,0,1,1,0,0,0,0,1,0,0,0,1,0,0,0,1,0,0,1,0,0,0,0,0,0,0,0,0,0,0,0,0,0,1,0,0,0,0,0,0,0,0,1,0,0,0,0,0,0,0,0,0,0,1,0,0,0,0,1,1,1,0,2,0,0,0,0,0,1,0,3,0,0,0,1,0,0,0,0,0,0,0,0,0,0,0,1,2,2,0,0,0,1,0,2,1,0,4,0,2,1,0,0,0,1,0,1,1,0,0,0,0,0,0,0,1,0,0,0,1,0,0,0,2,0,0,0,0,0,0,0,1,0,0,0,0,0,0,0,0,0,0,0
0,0,0,0,1,0,0,0,0,0,2,1,0,0,0,0,0,0,1,0,0,0,0,0,0,0,0,0,1,1,1,1,0,0,0,0,0,1,0,1,0,0,0,0,0,0,0,0,1,0,1,0,0,0,0,0,0,0,0,0,0,0,0,0,0,0,0,0,0,0,0,0,0,0,0,0,0,0,0,0,0,0,0,3,0,0,1,0,1,0,0,0,0,1,1,0,1,0,0,0,0,1,0,0,0,0,0,0,0,0,0,0,1,0,2,1,0,0,0,0,0,0,0,0,1,4,0,0,0,2,0,0,0,1,0,0,0,0,0,0,0,0,2,0,0,0,2,0,0,1,0,0,0,0,0,0,0,1,0,0,1,0,0,0,0,0,0,0,0,0,0,0,0,0,0,0,0,0,0,0,0,0,0,0,0,0,0,0,0,0,1,0,0,0,0,0,0,0,0,2,0,0,1,1,0,2,0,1,0,0,0,0,1,0,0,0,0,0,0,0,0,0,0,0,0,1,0,0,1,0,1,0,0,0,0,0,0,0,0,0,0,1,1,0,0,0,0,0,0,0,0,0,0,0,0,1
0,0,1,0,0,0,0,0,0,0,5,0,1,0,1,0,2,6,0,0,0,0,0,0,0,0,1,1,4,3,0,0,0,0,0,3,0,2,0,0,1,1,0,0,0,0,0,0,1,0,1,0,0,1,0,0,0,0,0,1,0,0,0,0,0,0,0,0,0,0,0,1,0,0,0,0,0,0,0,0,0,0,0,0,0,0,3,0,0,1,2,0,1,0,0,0,0,1,0,0,0,0,0,0,0,0,0,0,0,1,0,0,0,0,1,0,0,0,0,0,0,1,0,0,0,0,0,0,0,0,0,1,0,0,0,0,0,1,0,0,0,0,0,0,0,0,1,0,0,1,2,1,0,0,0,1,0,0,0,0,0,0,0,0,0,0,2,0,0,1,0,1,0,2,1,1,0,0,0,0,0,0,0,1,0,0,0,0,0,0,1,0,1,1,0,0,0,0,0,2,0,0,0,0,0,1,1,0,0,1,0,0,0,0,0,0,0,0,2,0,0,0,0,1,0,0,0,0,1,0,1,0,0,0,1,1,0,0,0,0,0,0,0,0,0,0,0,0,0,0,0,0,0,0,0,0
0,0,0,0,3,0,0,0,0,0,4,1,0,0,2,0,0,1,0,0,0,0,0,0,0,0,0,1,3,2,0,0,0,0,0,0,0,2,0,1,2,0,0,0,0,0,0,0,2,0,2,1,0,0,2,0,0,0,0,0,0,0,0,0,0,0,0,0,0,0,0,0,0,0,0,0,0,0,0,0,0,0,0,0,0,0,2,0,0,0,0,0,0,0,3,0,0,0,0,0,0,0,0,0,0,0,0,0,0,0,0,1,0,0,0,0,0,0,0,0,0,1,0,0,0,1,0,0,0,0,0,0,0,0,0,0,0,0,0,0,0,0,0,0,0,0,2,0,0,2,0,0,0,0,0,0,0,0,0,0,0,0,0,0,0,0,0,0,0,0,0,0,0,0,0,0,1,0,0,0,0,0,0,2,0,0,1,0,0,0,0,0,0,0,0,0,1,0,0,2,0,0,1,0,0,0,0,0,0,0,0,0,0,0,0,0,0,0,1,1,0,0,0,0,0,0,0,0,0,0,2,1,0,0,1,0,1,0,0,0,0,0,0,0,0,0,0,0,0,0,0,0,0,0,0,0
0,0,0,0,0,0,0,1,0,0,2,0,0,0,0,0,0,1,0,0,0,0,0,0,0,0,1,0,1,3,0,0,0,0,0,1,1,1,0,0,1,0,0,0,0,0,0,0,1,0,1,0,0,0,0,0,0,0,0,0,0,0,0,0,0,0,0,0,0,0,0,0,0,0,0,0,0,0,0,0,0,0,0,0,2,0,0,0,0,0,0,0,0,0,0,0,0,0,0,0,0,1,0,0,0,0,0,0,0,0,0,0,0,0,1,0,0,0,0,0,1,0,0,0,0,0,0,0,0,0,0,1,0,0,0,0,0,0,0,0,0,0,0,0,0,0,1,0,0,1,1,0,0,0,0,1,0,0,0,0,0,0,0,0,0,0,1,0,0,0,0,1,0,0,0,1,0,0,0,0,0,0,2,1,0,0,0,1,0,0,0,0,0,1,0,1,1,0,0,1,0,1,0,0,0,1,0,0,2,0,0,0,0,0,0,0,0,0,0,0,1,1,0,1,0,0,0,0,0,0,1,0,1,0,0,0,0,0,1,0,0,0,0,0,0,0,0,0,0,1,0,0,1,0,0,0
0,0,0,0,1,0,0,0,0,0,0,0,0,0,0,1,0,1,0,0,0,0,0,0,0,0,4,0,0,1,0,0,2,0,0,1,0,0,0,0,0,0,0,0,0,0,0,0,0,0,0,0,0,0,0,0,0,0,0,0,0,0,0,0,0,0,0,0,0,0,0,1,0,0,0,0,0,0,0,0,0,0,0,0,1,0,0,0,0,0,0,0,0,0,0,0,0,0,1,0,0,3,0,0,2,0,0,0,0,0,0,0,0,0,3,0,1,0,0,0,2,0,0,0,0,0,0,0,1,0,1,2,0,0,0,0,0,0,0,0,0,0,0,1,0,1,0,2,0,0,0,0,0,0,0,2,0,0,2,0,0,1,0,0,0,0,0,0,0,0,0,2,0,0,2,2,0,0,0,0,0,0,0,2,0,0,0,2,0,0,0,0,0,2,0,0,1,0,0,1,0,2,2,0,0,0,0,0,2,0,0,0,0,2,0,0,0,3,0,0,0,0,0,0,0,0,0,0,0,0,0,0,0,0,0,0,0,0,0,0,0,0,0,0,0,0,0,0,0,0,1,0,0,0,0,0
0,0,0,0,1,0,0,0,0,0,2,1,0,0,0,0,0,0,1,0,0,0,0,0,0,1,3,0,2,1,0,0,1,0,0,1,0,1,0,1,2,1,0,0,0,0,0,1,1,0,1,1,0,0,0,0,0,1,0,0,0,0,0,0,0,0,0,0,0,0,0,0,0,0,0,0,0,2,0,0,0,1,0,0,0,0,0,0,0,0,0,0,0,0,1,0,0,0,0,0,0,0,0,0,0,0,0,0,0,0,0,0,0,0,1,0,0,0,0,0,0,1,0,0,0,1,0,0,0,0,0,2,0,0,0,0,0,0,0,0,0,0,0,0,0,1,1,0,0,1,0,0,0,0,0,1,0,0,0,0,0,0,0,1,0,0,0,0,0,0,0,1,0,0,1,1,0,0,0,0,0,0,0,2,0,0,0,1,0,0,0,0,0,1,0,1,1,0,0,2,0,1,1,0,0,0,1,0,3,0,0,0,0,1,0,0,0,1,0,1,0,0,0,0,0,0,0,0,1,0,1,1,0,0,0,0,1,0,1,0,0,0,0,0,0,0,0,1,0,0,0,0,0,0,0,0
0,0,0,0,0,0,1,0,0,1,6,0,0,0,0,0,0,5,0,2,0,0,0,0,0,0,0,0,3,2,0,0,1,0,0,0,0,2,0,0,0,0,0,0,0,0,0,0,2,0,2,1,0,0,1,0,0,0,0,0,0,0,0,0,0,0,1,1,0,1,0,0,1,0,0,0,0,0,0,0,0,0,0,0,0,0,3,0,1,0,2,0,1,0,0,0,0,0,0,0,1,0,0,0,0,0,0,0,0,2,0,0,1,0,0,0,0,0,0,0,0,1,0,0,0,2,0,0,0,0,0,0,0,0,0,0,0,1,0,0,0,0,0,0,1,0,2,0,0,2,2,0,0,0,0,0,0,0,0,0,0,0,0,0,1,0,2,0,1,0,0,0,0,0,0,0,0,0,0,1,0,0,1,0,0,1,0,0,0,0,1,0,0,0,0,0,0,0,0,2,0,0,0,0,0,0,0,0,0,0,0,0,0,0,0,0,0,0,0,0,0,0,0,0,0,0,1,0,0,0,3,0,0,0,1,1,0,0,0,0,0,0,0,0,0,0,0,0,0,0,0,0,0,0,1,0
0,1,1,1,0,0,1,0,0,0,1,0,1,0,0,0,0,2,0,0,0,0,0,0,0,0,1,0,1,3,1,0,1,0,0,1,0,1,0,2,3,0,0,0,0,0,0,0,1,0,2,0,0,0,1,0,1,0,0,0,0,0,0,0,0,0,0,0,0,0,0,1,0,0,0,0,0,0,0,0,0,0,1,0,0,0,1,0,0,0,1,1,1,0,0,0,0,0,0,0,1,1,0,0,0,0,0,0,0,0,0,0,0,0,1,0,0,0,0,0,1,0,0,0,0,0,0,0,0,1,0,1,0,0,0,0,0,0,0,0,0,0,0,0,0,0,1,0,0,3,0,2,0,0,1,1,0,0,1,0,1,0,1,0,0,0,1,0,0,0,0,1,0,0,1,2,0,1,0,0,1,0,0,1,0,0,0,0,0,0,0,1,0,0,0,0,0,0,0,1,0,1,0,0,1,0,0,0,1,0,0,0,0,0,0,1,0,0,0,0,1,0,0,0,0,0,1,0,1,0,1,0,0,0,0,1,0,0,0,0,0,0,1,0,0,0,0,0,1,0,1,0,0,0,0,0
0,0,0,0,1,0,0,1,0,0,4,1,0,0,0,0,0,0,0,0,0,0,0,0,0,0,0,0,2,2,0,0,0,0,0,0,0,2,0,1,4,0,0,0,0,0,0,0,2,1,2,0,0,0,2,0,0,0,0,0,0,0,0,0,0,0,0,0,0,0,0,0,0,0,0,0,0,0,0,0,0,0,0,0,0,0,2,0,0,0,0,0,0,0,0,0,0,0,0,0,0,0,0,0,0,0,0,0,0,1,0,2,0,0,0,0,0,0,0,0,0,1,0,0,0,2,0,0,0,0,0,0,0,0,0,0,0,0,0,0,0,0,0,0,0,0,2,0,0,2,0,0,0,0,0,0,0,0,0,0,1,0,0,0,0,0,1,0,0,0,0,0,0,0,0,0,0,0,0,0,0,0,0,0,0,0,0,0,0,0,0,0,0,0,0,0,0,0,0,2,0,0,0,0,0,0,0,0,0,0,0,0,0,0,0,0,0,0,0,0,0,0,0,0,0,0,2,0,1,0,2,0,1,0,1,0,0,0,0,0,0,0,0,0,0,0,0,0,0,0,0,0,0,0,0,0
0,0,0,0,0,0,0,0,0,1,2,1,0,0,1,0,1,1,1,0,0,0,0,0,0,1,3,0,3,1,0,0,0,0,0,0,0,2,0,1,0,0,0,0,0,0,0,0,2,0,1,0,0,0,0,0,0,0,0,0,0,0,0,0,0,0,0,0,0,0,1,0,0,0,0,0,0,0,0,0,0,0,0,0,2,0,1,0,1,0,0,0,0,0,0,0,0,0,0,0,0,0,0,1,0,1,0,0,0,1,0,0,1,0,1,0,0,0,0,0,1,1,0,0,0,1,0,0,0,0,0,1,0,0,0,0,0,0,0,0,0,0,0,0,0,0,1,0,0,1,0,0,0,0,0,2,0,0,0,0,0,0,1,0,0,0,0,0,0,0,0,2,0,1,0,1,0,0,0,0,0,1,2,1,0,0,0,0,0,0,0,0,1,0,0,0,1,0,2,2,0,0,0,0,0,0,0,0,0,0,0,0,0,1,0,0,0,0,0,0,0,0,0,0,0,0,0,1,2,0,1,0,0,0,3,0,0,0,2,0,0,0,1,1,0,0,0,1,1,1,2,0,0,0,0,0
0,0,0,0,0,0,0,0,0,0,7,0,0,0,0,0,2,5,0,3,0,0,0,0,0,1,1,0,3,2,0,0,0,0,0,0,0,2,0,0,0,0,0,0,0,0,0,0,2,0,4,1,1,0,3,0,0,0,0,0,1,0,0,0,0,0,0,0,0,0,0,0,1,0,1,0,0,0,0,0,0,0,0,0,0,0,5,0,0,0,0,2,1,0,0,0,0,0,0,0,0,0,0,0,0,0,0,0,0,0,0,2,0,0,0,0,0,0,0,0,0,4,0,0,1,2,0,0,0,0,0,0,0,1,0,0,0,0,0,0,0,0,0,0,0,0,2,0,0,2,2,0,0,0,0,0,0,0,0,0,0,0,0,0,0,0,3,0,0,0,0,0,0,0,1,0,0,0,0,0,0,0,0,0,1,0,0,0,0,0,1,0,0,1,0,0,0,0,0,2,0,0,1,0,0,0,0,0,0,0,0,0,0,0,0,0,0,0,0,0,0,0,0,0,0,0,1,0,0,0,2,0,0,0,1,1,0,0,0,0,0,0,0,0,0,0,1,0,0,0,0,0,0,0,0,0
0,0,0,0,0,0,2,0,1,0,2,0,0,0,0,1,2,3,0,0,0,0,0,0,0,0,3,0,1,2,0,0,0,0,1,2,0,1,0,1,0,0,0,0,0,0,0,0,1,0,0,1,0,0,0,0,1,0,0,0,0,0,0,0,0,0,2,1,0,0,0,0,0,0,0,0,0,0,1,0,0,1,0,0,1,0,3,1,0,0,0,0,2,0,0,0,0,0,0,0,1,0,0,0,2,0,1,0,1,1,0,0,0,0,1,0,0,0,0,0,0,0,0,0,0,1,0,1,0,0,0,1,0,0,0,0,0,1,0,0,0,1,0,0,0,0,1,0,0,1,2,0,0,0,0,1,0,0,1,0,0,0,0,0,0,0,0,0,0,0,0,1,0,0,2,1,0,0,0,0,0,1,0,1,0,0,0,0,0,0,1,0,0,1,0,0,1,0,1,2,0,0,0,1,0,1,0,0,1,0,0,0,0,0,0,0,0,0,0,0,0,0,0,0,0,0,0,0,0,0,0,0,0,0,0,0,0,0,0,0,0,0,0,0,0,0,0,1,0,1,0,0,0,0,0,0
0,0,0,0,2,0,0,0,0,0,1,0,0,0,0,0,0,0,0,0,2,0,0,0,0,0,2,0,1,1,0,0,1,0,0,1,0,1,0,2,0,1,0,0,0,0,0,0,1,0,0,0,0,0,0,0,1,0,0,0,0,1,0,1,0,0,0,0,0,0,0,0,0,0,0,0,0,1,0,0,0,0,0,1,1,0,1,0,0,0,1,1,0,0,0,0,0,0,0,0,1,0,0,0,0,0,0,0,0,1,0,1,1,0,1,0,0,0,0,0,1,1,0,0,0,1,0,1,0,0,0,1,0,0,0,0,0,0,0,0,0,0,0,0,0,0,1,2,0,1,2,0,0,0,0,1,0,0,0,0,0,0,0,1,0,0,0,1,2,0,0,1,0,0,1,2,0,0,1,0,0,0,0,2,1,0,1,1,0,0,0,0,0,0,0,0,2,1,0,1,0,0,1,0,0,0,1,0,0,0,0,0,0,0,0,0,0,0,1,0,0,0,0,0,0,1,0,0,1,0,1,0,1,0,2,0,0,0,1,0,0,0,0,0,0,0,1,0,0,0,1,0,0,0,0,0
1,0,0,0,0,0,0,0,0,0,3,0,0,0,0,0,0,1,0,0,0,0,0,0,0,0,0,0,3,2,0,0,0,0,0,0,0,2,0,0,2,0,0,0,0,0,0,0,2,0,1,0,0,0,0,0,0,0,0,0,0,1,0,0,0,0,0,1,0,0,0,0,0,0,0,0,0,0,0,0,0,0,0,0,0,0,3,0,0,0,3,0,0,0,0,0,0,0,0,0,0,0,0,0,1,0,0,0,0,0,0,1,0,0,0,0,1,0,0,0,0,0,0,0,0,0,0,0,0,0,0,0,0,0,0,0,0,0,0,0,0,1,0,0,0,0,2,2,0,2,3,0,0,0,0,0,0,0,0,0,0,0,1,0,1,0,1,0,0,0,0,1,0,0,1,0,0,0,0,1,0,0,0,0,0,0,0,0,0,0,0,0,0,3,0,0,0,1,2,1,0,0,0,0,0,0,0,0,0,0,0,0,0,0,0,0,0,0,0,0,0,0,0,0,0,0,0,0,0,0,2,0,0,0,2,0,0,0,0,0,0,0,0,0,0,0,0,0,0,1,0,0,0,0,0,0
0,0,0,0,1,0,1,1,0,0,2,1,0,0,0,0,0,2,0,0,0,0,0,0,0,1,0,0,3,2,0,0,0,0,0,0,0,1,0,1,1,0,0,0,0,0,0,0,2,1,3,0,0,0,0,0,0,0,0,0,0,0,1,0,0,1,0,0,0,0,0,1,0,1,1,0,0,0,0,0,0,0,0,0,0,0,2,0,0,0,0,0,1,0,0,0,0,0,0,0,0,1,0,0,0,0,0,0,1,3,0,1,0,0,0,0,0,0,0,0,0,0,0,0,0,1,0,0,0,0,2,0,0,0,0,0,0,0,0,0,0,0,0,0,0,0,2,1,0,2,0,0,1,0,0,0,0,0,0,0,0,0,2,0,1,0,2,0,0,0,0,0,0,0,0,0,0,0,0,0,0,0,0,1,0,1,0,0,0,0,0,0,0,1,0,0,0,0,0,2,0,0,1,0,0,2,0,0,1,0,0,0,1,1,0,0,1,2,1,0,0,1,0,1,0,0,0,0,1,0,2,0,0,0,0,0,0,0,0,0,0,0,0,0,0,0,0,0,0,1,0,0,0,0,0,0
0,0,0,0,1,1,0,1,1,0,3,0,0,0,0,0,1,2,0,0,0,0,0,0,0,0,3,0,2,2,0,0,0,0,0,0,0,1,0,0,1,0,0,0,0,1,0,0,1,0,1,0,0,1,1,0,0,0,0,0,0,0,0,0,0,0,0,0,0,0,1,1,0,0,0,0,0,1,0,0,0,0,0,0,0,0,2,0,0,0,2,0,0,0,0,0,0,0,0,0,2,0,0,0,0,0,0,0,0,0,0,1,0,0,1,0,0,0,0,0,1,1,0,0,0,1,0,0,0,0,0,0,0,0,0,0,2,0,0,0,0,0,0,0,0,0,1,1,0,2,2,0,0,0,0,0,0,0,0,0,0,0,1,0,1,0,1,0,1,0,0,1,0,1,0,1,0,0,0,0,0,0,0,1,0,0,0,0,0,0,1,0,0,0,0,0,0,0,0,2,0,0,1,0,0,0,0,0,1,0,0,0,1,0,0,3,0,1,0,0,0,0,0,0,0,1,1,0,1,0,0,1,1,0,0,0,1,0,1,0,0,0,0,0,0,0,0,0,0,0,1,0,0,0,0,0
0,0,0,0,2,0,1,0,0,0,1,0,0,0,0,1,1,2,0,0,0,0,0,0,0,0,1,0,4,2,0,0,0,0,0,0,0,2,0,1,0,0,0,0,0,0,0,0,1,0,2,0,0,0,0,0,1,0,0,0,1,0,0,0,0,0,0,0,0,0,0,1,0,0,0,0,0,0,0,0,0,0,0,0,0,0,5,0,0,0,2,0,1,0,0,0,0,0,0,0,0,0,0,0,0,0,0,0,1,0,0,0,1,0,1,0,0,0,0,0,1,2,0,0,0,2,0,0,0,0,0,0,0,0,0,0,0,0,0,0,0,0,0,0,0,0,3,1,0,2,2,0,0,0,0,0,0,0,0,0,0,0,0,0,0,0,0,0,0,0,1,0,0,0,0,2,0,0,0,0,0,0,0,0,0,0,1,1,0,0,0,0,0,0,0,0,0,0,0,2,0,0,1,0,0,0,0,0,0,1,0,0,0,0,0,0,0,1,1,0,0,0,0,0,0,0,1,0,1,0,0,0,0,0,0,0,0,0,1,0,0,0,0,0,0,0,0,0,0,0,2,0,0,0,0,0
1,0,0,3,2,0,0,0,1,1,0,0,0,4,0,2,0,2,0,2,0,0,0,0,0,1,4,1,2,3,0,1,0,0,0,1,1,1,0,0,3,0,0,0,0,0,0,0,0,0,2,0,0,0,0,0,0,0,0,0,0,1,0,0,0,0,0,1,0,0,1,0,0,1,0,0,0,0,0,0,0,0,0,2,1,0,0,0,0,0,0,1,0,0,0,0,3,1,0,0,2,1,0,0,1,0,0,0,0,0,0,1,0,0,1,1,1,0,0,0,1,1,0,0,0,1,0,0,0,2,0,2,0,0,0,2,0,0,0,0,0,0,0,0,0,1,1,0,0,1,1,0,0,0,0,2,0,1,1,0,0,0,0,0,0,0,3,0,0,0,1,2,0,0,1,1,0,0,0,0,1,0,1,1,0,1,0,1,1,1,0,0,0,0,0,0,0,0,0,3,0,0,0,1,0,1,1,0,1,1,1,0,0,1,0,0,0,0,0,0,0,0,0,1,0,0,0,0,2,0,1,1,0,0,1,0,0,0,0,0,0,0,2,0,0,0,0,2,0,0,1,1,0,0,0,0
1,0,0,0,0,0,1,0,1,0,1,0,0,0,0,0,0,0,0,0,0,0,0,0,0,0,2,0,2,1,0,0,0,0,0,1,0,1,0,0,0,0,0,0,0,0,0,0,1,0,1,1,0,0,0,0,0,0,0,0,0,0,0,0,0,0,0,0,0,0,0,0,0,0,0,0,0,0,0,0,1,0,0,0,0,0,2,0,0,0,2,0,0,0,1,0,1,0,0,0,0,1,0,0,0,0,0,1,0,0,0,0,0,0,1,0,0,0,0,0,1,0,0,0,0,0,0,0,0,0,0,1,0,0,0,0,0,0,0,0,0,0,0,0,0,0,1,0,0,1,0,0,0,0,0,1,0,0,0,0,0,0,0,0,0,0,1,0,0,0,0,1,0,0,0,1,0,0,0,0,0,0,0,2,0,0,0,1,0,0,0,0,0,1,1,0,3,0,0,2,0,2,1,0,0,0,1,0,1,0,0,0,0,0,0,1,0,0,0,0,0,0,0,2,0,0,0,0,0,0,1,1,0,0,1,0,1,0,0,0,0,0,0,0,0,0,0,0,0,0,1,1,0,0,0,0
1,0,0,0,0,0,0,0,0,0,0,0,1,0,0,0,1,1,0,0,0,0,0,0,0,0,4,0,1,3,0,0,1,0,0,3,1,1,0,2,0,0,0,0,0,0,0,0,1,0,2,0,0,0,1,0,1,0,0,1,0,1,0,0,0,0,0,1,0,0,0,0,0,0,0,0,0,1,0,0,0,0,0,0,1,0,1,0,0,0,0,0,2,0,0,0,0,0,0,0,0,0,0,0,0,1,0,0,0,0,0,0,0,0,1,0,0,0,0,0,1,0,0,0,0,0,0,0,0,0,0,1,0,0,0,0,0,1,0,0,0,0,0,0,0,0,1,0,0,1,1,0,0,0,0,1,0,0,1,0,1,0,0,0,0,0,2,0,1,0,0,1,1,0,0,2,0,0,0,0,1,1,0,1,0,0,1,1,0,0,0,0,0,0,0,0,0,0,0,2,0,0,0,0,0,1,1,0,1,0,0,0,0,0,0,0,0,0,1,0,0,0,0,0,0,0,0,0,0,0,1,0,0,0,1,0,0,0,0,0,0,0,0,0,0,0,0,0,0,0,0,0,0,0,0,0
0,0,0,0,0,0,0,0,0,1,3,0,0,0,1,0,0,2,0,0,0,0,0,0,0,0,0,5,2,2,0,0,0,0,0,0,0,4,0,3,0,0,1,0,1,0,0,0,2,0,0,0,0,0,0,0,0,2,0,0,0,0,0,0,0,0,0,0,0,1,0,0,5,0,0,0,0,0,1,0,0,0,0,0,1,0,4,0,0,0,0,0,0,0,0,0,0,0,1,0,0,0,1,0,1,0,0,0,0,3,0,3,1,0,0,0,0,2,0,0,0,2,0,0,0,2,0,0,1,2,0,0,0,1,0,0,0,0,0,0,0,0,0,1,1,0,2,0,0,2,2,0,0,0,0,1,0,0,0,0,1,0,0,0,0,0,0,0,0,0,0,0,3,1,1,1,0,0,0,0,0,0,0,2,1,0,1,0,0,0,0,0,0,0,1,0,1,0,1,2,0,0,1,0,0,0,0,0,0,1,0,0,0,0,1,1,0,0,0,0,0,0,0,0,0,0,0,0,1,1,2,0,0,0,0,0,0,0,1,0,0,0,0,0,0,0,0,0,0,1,0,0,0,0,0,0
0,1,0,0,0,0,0,0,0,2,1,0,0,0,0,0,2,4,0,0,0,0,0,0,0,1,3,0,2,2,0,0,0,0,0,0,0,2,0,2,0,1,1,0,0,0,0,0,1,0,0,0,0,0,0,0,1,0,0,1,0,0,0,0,0,0,0,0,0,0,0,1,0,0,1,0,0,0,0,0,0,0,0,1,3,0,7,0,0,1,0,0,2,0,0,0,0,0,0,0,0,1,0,0,0,0,2,0,0,3,0,2,0,1,1,0,0,0,0,0,1,1,0,0,0,1,0,0,0,1,0,1,0,0,0,0,0,0,0,0,0,0,0,1,0,0,1,2,0,1,0,0,0,0,1,1,0,0,0,0,0,2,0,1,0,0,0,1,0,0,0,1,0,0,2,1,0,0,0,0,0,0,0,1,1,0,0,2,0,0,0,0,0,0,0,0,0,0,0,1,0,0,1,0,0,0,0,0,0,0,0,0,0,1,0,0,0,0,0,0,0,0,1,0,0,0,0,0,1,0,1,0,0,0,1,0,0,0,1,0,0,0,0,0,0,0,0,0,0,0,1,2,0,0,0,0
0,0,0,0,0,0,1,0,0,0,0,0,0,0,0,0,0,1,2,0,0,0,0,1,0,0,2,0,2,1,0,0,0,0,0,1,0,0,0,1,0,1,0,0,0,0,0,0,0,1,0,0,0,0,0,0,0,0,1,0,0,0,0,0,0,0,0,0,0,0,0,0,0,0,0,0,0,1,1,0,0,0,0,1,1,0,0,0,0,0,0,0,0,0,0,0,0,0,0,0,0,0,0,0,0,0,0,1,0,0,0,0,0,1,2,0,0,0,1,0,1,0,0,0,0,0,0,0,0,0,0,2,0,0,0,0,0,0,0,0,0,0,0,0,0,0,0,0,0,0,0,0,0,0,0,2,0,0,0,0,0,0,0,0,0,0,0,0,0,0,0,2,0,0,0,2,0,0,0,0,0,1,0,2,0,0,0,2,0,0,0,0,0,0,0,0,0,0,0,1,0,0,0,0,0,0,1,1,0,0,0,0,0,0,0,0,0,1,0,0,0,0,0,0,0,0,0,0,2,0,0,0,0,0,0,0,1,0,1,0,0,0,0,0,0,0,0,1,0,0,1,0,0,0,0,0
0,0,0,0,1,0,0,0,0,0,2,1,1,0,0,0,0,2,0,0,0,0,0,0,0,0,1,0,2,2,0,0,0,0,0,0,0,2,0,1,0,0,0,0,0,0,0,0,1,0,2,0,1,0,0,0,0,0,0,0,0,0,0,0,0,0,0,0,0,0,0,0,0,0,0,0,0,0,0,0,0,0,0,0,0,0,3,0,0,0,0,0,1,0,1,0,0,0,0,0,0,0,0,0,0,0,0,0,0,1,0,0,0,0,1,0,0,0,0,0,1,0,0,0,0,0,0,0,0,0,0,0,0,0,0,0,0,0,0,0,0,2,0,0,0,0,2,0,0,2,1,1,0,0,0,1,0,0,1,0,1,0,0,0,0,0,1,0,0,0,0,1,0,0,0,1,0,0,0,0,0,0,0,0,0,0,0,0,0,0,0,0,0,0,0,0,1,0,1,2,0,0,2,0,0,1,0,0,0,0,0,0,0,0,0,0,0,1,2,1,0,0,0,0,0,0,0,0,0,0,0,1,1,0,2,0,0,0,0,0,0,0,0,0,0,0,0,0,0,0,0,0,0,0,0,0
0,0,0,0,0,0,0,0,0,0,0,0,0,0,0,0,0,0,0,0,0,2,0,0,0,1,3,0,2,1,0,0,1,0,0,2,1,0,0,0,0,0,0,0,0,0,0,0,0,0,0,0,0,0,0,0,0,0,0,0,0,1,0,0,0,0,0,0,0,0,0,0,0,0,0,0,0,0,0,0,0,0,0,0,2,1,0,0,0,0,0,0,0,0,0,0,0,0,0,0,0,1,0,0,0,0,0,0,0,0,1,0,0,0,2,0,0,0,0,0,2,0,0,0,0,0,0,0,0,0,0,2,0,1,0,0,1,0,0,1,0,0,1,1,0,1,0,0,0,0,0,0,0,0,0,2,0,1,3,0,0,0,0,0,0,0,0,0,0,0,0,2,0,0,0,2,0,0,0,0,0,1,0,2,0,0,2,2,0,0,0,0,0,0,0,0,1,0,0,0,0,0,0,0,0,0,1,0,1,1,0,0,0,0,0,1,0,0,0,0,0,0,0,0,0,0,0,0,0,0,0,0,0,0,1,0,0,0,0,0,0,0,0,0,0,0,0,0,0,0,1,1,0,0,0,0
0,0,0,2,2,0,2,0,2,0,3,1,1,0,0,0,0,0,0,0,0,0,0,0,0,1,2,1,3,2,0,0,0,0,0,0,0,1,0,1,0,0,0,0,0,0,0,0,1,0,2,0,0,1,0,0,0,0,0,0,1,0,0,0,0,0,0,1,0,0,0,0,0,0,0,0,0,2,0,0,0,1,0,0,1,0,3,0,0,0,1,0,0,0,2,0,0,0,0,0,0,0,0,0,0,0,0,0,0,0,0,1,0,0,1,0,0,0,0,0,1,1,0,0,0,1,0,1,0,0,0,0,0,0,0,0,0,0,0,0,0,0,0,0,0,0,1,1,0,2,0,0,0,0,0,0,0,0,0,1,1,0,0,0,0,0,1,0,0,0,0,1,0,0,0,1,0,0,0,0,0,0,0,1,0,0,0,0,0,0,0,0,0,0,0,0,0,0,0,2,1,0,3,0,0,2,0,0,0,0,0,0,0,0,0,0,0,0,0,0,0,0,0,0,0,0,0,0,0,0,0,0,0,0,0,0,0,0,0,0,0,0,0,0,0,0,0,0,0,0,0,0,0,0,0,0
0,0,1,0,1,0,0,0,0,0,0,1,0,0,0,0,0,1,0,2,0,0,0,0,0,0,2,0,0,2,1,0,1,0,0,1,1,0,0,0,0,0,0,0,0,0,0,0,1,0,0,0,0,1,0,0,0,0,0,0,0,0,0,0,1,0,0,1,0,0,0,0,0,0,0,0,0,1,0,1,0,0,0,1,0,0,0,0,1,1,0,0,1,0,0,0,1,0,0,0,0,0,0,1,0,0,0,0,0,1,0,0,0,0,1,0,0,0,0,0,1,0,0,0,0,0,0,0,1,0,0,1,0,0,0,0,0,0,0,0,0,0,0,0,0,1,0,0,0,0,0,0,0,0,0,1,0,0,0,0,0,0,0,0,0,0,0,0,2,1,0,2,1,1,0,1,0,0,0,0,1,1,1,1,1,0,0,0,0,0,0,0,0,0,0,0,0,0,1,0,0,0,0,0,0,0,1,0,1,0,0,0,0,0,0,0,0,1,1,0,0,0,0,0,0,0,0,0,0,1,0,1,1,0,0,0,0,0,0,0,0,0,0,0,0,0,0,0,1,0,0,0,0,1,0,0
1,1,0,0,0,1,0,0,2,0,1,1,0,0,0,0,1,1,2,0,0,0,0,0,2,0,3,0,1,0,0,1,0,0,1,1,0,0,0,0,1,0,1,0,1,0,1,0,0,0,0,0,1,2,0,0,0,0,0,0,0,1,0,0,0,0,0,0,1,1,0,0,0,1,0,0,1,1,0,0,0,0,0,3,1,0,0,0,1,0,0,0,0,2,2,0,0,0,0,0,0,0,0,0,0,0,0,0,0,1,0,0,0,0,2,1,0,0,0,2,1,0,0,0,1,1,0,1,0,0,0,1,0,1,0,0,0,0,0,0,0,0,1,0,2,0,2,0,0,0,0,0,0,0,0,1,0,0,0,0,0,0,0,0,0,0,0,0,0,1,0,1,0,1,0,1,0,0,0,0,0,0,3,1,0,0,0,1,0,0,0,0,0,0,1,0,0,0,2,1,0,0,1,0,0,1,1,0,0,0,0,0,0,0,0,0,0,0,0,0,1,0,0,0,0,1,0,0,2,0,0,0,0,1,1,0,2,0,0,0,0,0,0,0,0,0,0,1,0,0,2,1,0,0,0,0
0,0,0,1,0,1,1,0,1,2,1,0,0,0,0,1,1,4,0,0,0,0,0,0,5,0,3,0,1,2,0,0,2,0,0,1,1,1,0,0,0,1,0,0,0,0,0,0,1,0,0,0,0,0,0,0,0,0,0,0,0,0,0,0,0,0,0,0,0,0,0,0,1,0,0,0,0,2,0,0,0,1,0,0,1,0,3,0,0,0,2,0,0,0,1,0,1,0,0,0,0,1,0,0,0,0,0,0,0,1,0,0,0,0,1,0,0,0,0,0,0,1,0,0,0,1,0,0,0,0,0,2,0,0,0,0,0,0,0,1,0,1,0,1,0,1,1,0,0,1,1,1,0,0,0,1,0,0,0,0,0,0,0,0,0,0,1,0,1,0,0,1,0,0,0,1,0,0,0,1,0,0,1,1,1,0,0,0,0,0,0,0,0,0,0,0,1,1,1,1,0,1,0,0,0,0,1,0,2,0,1,0,0,1,0,1,0,0,1,0,2,0,0,0,0,0,0,0,1,0,1,0,0,0,1,1,0,0,0,0,0,0,0,0,0,1,0,1,0,0,0,1,0,0,0,0
0,0,0,2,0,0,1,0,0,1,4,0,0,0,0,0,0,2,0,0,0,0,0,0,0,0,0,0,2,2,0,0,0,0,0,0,0,2,0,1,3,0,0,0,0,0,0,0,2,0,1,0,0,0,1,0,1,0,0,0,2,0,0,0,0,0,0,0,0,0,0,0,0,0,0,0,0,0,0,0,0,0,0,0,0,0,2,0,0,0,2,0,0,0,0,0,0,0,0,0,0,0,0,0,0,0,0,0,0,3,0,3,0,0,0,0,0,0,0,0,0,1,0,0,0,3,0,0,0,0,0,0,0,0,0,0,0,0,0,0,0,0,0,0,0,0,2,0,0,2,1,0,0,0,0,0,0,0,0,0,1,0,0,0,0,0,2,0,0,0,0,0,0,0,0,0,0,1,0,0,0,1,0,0,0,0,0,0,0,0,0,0,0,1,0,0,0,0,0,2,0,0,0,0,0,1,0,0,0,0,0,0,0,0,0,0,0,1,0,0,0,0,0,0,0,0,0,0,0,0,0,0,0,0,0,0,0,0,0,0,0,0,0,0,0,0,0,0,0,0,0,0,0,0,0,0
0,0,0,0,2,0,0,0,0,0,2,0,0,0,1,1,0,0,1,0,0,0,0,0,0,0,0,0,2,4,0,0,0,0,0,0,0,2,0,1,0,0,0,0,0,0,0,0,1,0,0,0,0,0,0,0,0,0,0,0,0,1,0,0,0,0,0,0,0,0,0,0,0,0,0,0,0,0,0,0,0,0,1,0,0,0,3,0,0,0,0,0,0,0,0,1,0,0,0,0,0,0,0,0,0,0,0,0,0,1,0,2,1,0,0,0,0,0,0,0,0,0,0,0,0,2,0,0,0,1,0,0,0,0,0,0,0,0,0,0,1,0,0,0,0,0,2,0,0,2,1,0,0,0,0,0,0,0,0,0,1,0,0,0,0,1,2,1,0,0,0,0,0,0,1,0,0,0,0,0,0,0,0,0,0,0,1,0,1,1,0,0,0,0,0,0,1,0,0,2,0,0,1,0,0,0,0,0,0,0,0,0,0,0,0,0,0,0,0,0,0,0,0,0,0,0,1,0,1,0,2,1,0,0,0,0,0,0,0,0,0,0,0,0,0,0,1,0,0,0,0,1,0,0,0,0
0,0,0,0,0,0,0,0,0,0,5,0,0,0,1,0,0,1,0,3,0,0,0,0,0,0,0,0,3,2,0,0,0,0,0,0,0,3,0,1,1,0,0,0,0,0,0,0,2,1,1,0,0,0,0,0,0,0,0,0,0,0,0,0,0,0,0,0,0,0,0,0,0,0,0,0,0,0,0,0,0,0,0,0,0,0,2,0,0,0,1,0,0,0,0,0,0,0,0,0,0,0,0,0,0,0,0,0,0,1,0,3,0,0,0,0,0,0,0,0,0,1,0,0,0,1,0,0,0,1,0,0,0,0,0,0,0,0,0,0,0,0,0,0,0,0,2,0,0,2,3,0,0,0,0,1,0,0,0,0,0,0,0,0,0,0,0,0,0,0,0,0,0,0,0,0,0,0,0,0,0,0,0,0,0,0,0,0,0,1,0,0,0,1,0,0,0,0,0,2,0,0,1,0,0,1,0,0,0,0,0,0,0,1,0,0,0,1,0,0,0,0,0,0,0,0,1,0,1,0,2,0,0,0,2,0,0,0,0,0,0,0,0,0,0,0,0,0,0,0,0,0,0,0,0,0
0,1,0,0,0,0,0,0,0,1,2,0,0,0,0,0,2,3,2,1,0,0,0,0,0,0,3,0,2,1,0,0,0,0,0,1,0,1,0,0,0,0,0,0,0,0,0,0,1,0,1,0,0,0,1,0,0,0,0,0,0,0,0,0,0,0,0,0,0,0,0,0,0,0,0,0,0,2,1,0,0,2,0,0,2,0,5,1,0,0,3,1,1,0,0,0,0,0,0,0,0,0,0,0,2,0,0,0,0,2,0,1,0,2,1,0,0,0,0,1,1,2,0,1,0,1,0,0,0,0,0,2,0,0,0,0,0,0,0,1,0,0,0,0,0,0,1,0,0,1,0,1,0,0,0,1,0,0,1,0,0,0,0,0,0,0,0,0,3,1,0,2,0,0,1,1,0,0,0,1,0,0,1,1,0,0,0,1,0,0,1,0,0,0,0,0,0,0,0,2,0,0,0,0,0,1,0,0,1,0,0,0,0,0,0,1,0,0,0,0,1,0,0,0,0,1,0,0,0,0,1,0,0,0,1,1,0,0,3,0,0,0,0,0,0,1,2,0,0,0,4,0,0,0,0,0
1,0,1,0,0,0,0,0,0,0,2,0,0,0,0,0,3,1,0,0,0,0,0,0,0,0,3,0,1,3,1,0,0,0,0,0,0,1,0,0,0,0,0,0,0,0,0,0,2,2,0,0,0,0,1,0,0,0,0,1,0,0,0,0,0,0,0,0,0,0,0,0,0,0,0,0,0,0,0,0,0,0,0,0,1,0,1,0,0,0,0,1,0,0,0,0,0,0,0,0,0,0,0,0,0,0,0,0,0,3,0,1,1,0,1,0,0,0,0,0,1,0,0,0,0,1,0,0,0,2,0,1,0,0,0,0,3,0,0,0,0,0,0,0,0,0,1,0,0,1,0,0,0,0,0,1,0,0,0,0,1,0,0,0,0,0,2,1,0,0,0,1,1,0,0,1,0,0,0,0,0,0,0,1,0,1,0,0,0,0,0,0,0,0,0,0,0,0,0,1,0,0,0,0,0,1,0,0,1,0,0,0,0,0,0,0,0,0,0,0,0,0,0,0,0,0,0,0,0,0,1,1,0,0,1,0,0,0,0,0,0,0,0,0,0,0,0,0,0,0,3,3,0,0,0,0
0,0,2,0,1,0,0,0,0,0,1,0,0,0,0,2,1,2,1,0,0,0,0,0,0,0,3,0,1,2,0,0,1,0,0,2,0,1,0,0,0,0,0,0,0,0,0,0,1,0,0,0,0,0,0,0,1,0,0,1,0,2,0,0,0,0,0,0,0,0,0,0,0,1,0,0,0,0,0,0,0,0,0,0,1,0,2,0,0,0,1,3,0,0,0,0,0,0,0,0,1,2,0,1,0,0,0,0,0,0,0,0,0,0,2,0,0,0,0,0,1,0,0,0,0,0,0,0,0,0,0,1,0,0,0,0,0,0,0,0,0,0,0,0,0,0,1,0,0,1,2,0,0,0,0,1,0,0,0,0,0,0,0,1,0,0,0,0,1,0,0,1,0,0,1,1,0,0,0,1,0,0,0,1,0,0,0,1,0,1,0,0,0,0,0,0,0,0,0,1,0,1,1,0,0,1,0,0,1,0,0,0,0,1,0,0,0,0,0,0,0,0,0,0,0,0,0,0,1,0,0,1,0,0,0,0,1,0,0,0,0,0,0,0,0,0,0,0,0,0,3,3,0,0,2,0
0,0,1,0,0,0,0,0,1,0,4,0,1,0,0,1,0,2,0,1,0,0,0,0,1,1,0,0,1,1,0,0,0,0,0,0,0,2,1,0,0,1,0,0,0,0,0,0,1,1,2,0,0,0,0,0,0,0,0,0,1,0,0,0,0,0,1,0,0,0,0,0,0,0,0,0,0,0,0,0,0,0,0,0,0,0,0,0,1,0,1,0,0,0,0,0,0,0,0,0,0,0,0,0,0,0,0,0,0,2,0,1,0,0,0,0,0,0,0,0,0,0,0,0,0,1,0,1,0,0,1,0,0,0,0,0,0,0,0,0,0,0,0,0,0,0,2,0,1,1,0,0,0,1,0,1,0,0,0,0,0,0,0,1,0,0,0,1,0,0,0,0,0,0,0,0,0,0,0,0,0,0,1,0,1,1,0,0,0,0,0,0,0,0,0,0,0,0,0,1,0,0,2,1,0,1,0,0,0,0,0,0,0,0,0,0,0,0,0,0,0,0,0,0,0,0,1,0,0,0,2,1,0,0,2,0,0,0,0,0,0,0,0,0,0,0,0,0,0,1,0,0,0,0,0,0
0,0,0,1,0,0,1,0,0,0,4,0,0,0,2,0,0,1,0,1,1,0,0,0,0,1,0,0,2,2,0,0,0,0,0,0,0,2,0,0,0,0,0,0,2,0,0,0,2,1,2,0,0,1,0,0,1,0,0,0,0,2,0,0,0,0,0,0,0,1,0,3,1,1,0,0,0,0,0,0,0,0,0,0,0,0,4,0,0,0,1,0,0,0,0,0,0,0,0,0,1,0,0,0,0,0,0,0,0,3,0,0,0,0,0,0,0,0,0,0,0,2,0,0,0,2,0,0,0,1,0,0,0,1,0,0,0,0,0,0,0,0,0,0,1,0,2,0,0,2,2,2,0,0,0,0,0,0,0,1,1,0,0,0,0,0,3,0,2,0,0,0,0,0,1,0,0,0,0,1,0,0,1,0,0,1,0,0,0,0,0,1,0,1,0,1,0,0,0,2,0,0,1,3,0,0,0,0,2,1,0,0,0,0,2,3,0,2,0,0,0,0,0,0,0,0,0,0,1,0,1,0,0,0,2,0,0,0,1,0,0,0,0,0,0,0,0,0,0,2,0,0,0,0,0,0
0,0,0,0,1,0,0,0,0,0,1,0,0,0,0,0,0,1,1,1,0,0,0,0,0,0,2,0,2,1,0,0,0,0,0,0,0,1,0,0,0,0,0,0,0,0,0,0,1,0,0,0,0,0,0,0,0,0,0,0,0,0,0,0,0,0,0,0,0,0,0,0,0,0,1,0,0,1,0,0,1,0,0,0,2,0,4,0,0,0,2,0,1,0,0,0,0,0,0,0,0,0,0,0,0,1,0,0,0,2,0,1,1,0,1,1,0,0,0,0,1,1,0,1,0,1,0,0,0,0,0,1,0,1,0,0,0,0,0,0,0,0,0,0,0,0,1,1,0,1,0,0,0,0,0,1,0,0,2,0,0,1,0,0,0,1,0,0,0,0,0,2,0,0,0,1,0,0,0,0,0,0,0,1,0,0,0,1,0,0,0,0,0,1,0,0,1,0,0,1,0,0,2,0,0,0,0,0,0,1,0,0,0,1,0,0,0,0,0,0,0,0,0,0,0,1,1,0,2,0,1,0,0,0,0,0,0,0,1,0,0,0,0,0,0,0,0,0,0,1,0,0,0,0,0,0
0,0,0,0,0,0,0,1,0,0,1,0,0,0,0,0,0,0,0,0,1,0,0,0,0,0,1,0,1,1,0,0,1,0,0,1,1,1,0,0,0,0,0,1,0,0,0,0,1,0,0,0,0,0,0,0,0,0,0,1,0,0,0,0,0,0,0,0,0,1,0,0,1,0,0,0,0,1,0,0,1,0,0,2,1,0,1,0,0,0,1,0,0,0,0,1,0,0,0,0,1,0,0,0,1,0,0,1,0,2,0,0,0,2,1,0,0,0,0,0,1,1,0,0,0,1,0,2,0,0,1,1,0,0,0,0,0,0,0,0,0,1,0,1,0,1,1,1,0,1,1,0,1,0,0,1,0,0,1,0,0,0,0,0,0,0,0,0,1,0,0,1,0,0,0,1,0,0,0,0,0,0,0,1,0,0,1,1,0,0,0,0,0,1,0,2,1,1,0,2,0,0,0,0,0,0,0,1,0,0,1,0,0,1,0,1,0,0,2,0,0,0,0,0,0,0,0,0,1,0,1,0,1,0,1,0,0,0,2,0,0,0,0,0,0,0,1,0,0,1,4,1,0,0,0,0
0,0,0,0,1,0,1,0,0,1,2,0,0,0,0,0,0,1,0,0,0,0,0,0,0,0,0,1,2,2,0,0,0,0,0,0,0,2,0,1,0,0,0,0,0,0,0,0,2,0,1,0,0,0,0,0,0,0,0,0,0,0,0,0,0,0,0,0,0,0,0,0,0,0,1,1,0,0,0,0,0,0,0,0,0,0,2,0,0,0,1,0,0,0,0,0,0,0,0,0,0,0,0,0,0,0,0,0,0,1,0,1,0,0,0,0,0,0,0,0,0,0,0,0,0,2,0,0,0,0,0,0,0,0,0,0,0,0,0,0,0,0,0,0,0,0,2,0,0,2,1,0,0,0,0,0,0,0,0,0,1,0,1,0,0,0,0,0,0,0,0,0,0,0,0,0,0,0,0,0,0,0,0,0,0,0,0,0,0,0,0,0,0,1,0,0,1,0,1,2,0,0,0,0,0,0,0,0,0,0,0,0,0,0,0,0,0,0,0,0,0,0,0,1,0,0,0,0,3,0,2,0,0,0,2,0,0,0,0,0,0,0,0,0,1,0,0,0,0,0,0,0,0,0,0,1
1,0,0,0,0,0,0,0,0,0,0,0,0,0,0,0,0,0,0,0,1,0,0,0,0,0,2,0,2,3,0,0,1,0,0,1,0,0,0,1,0,0,0,0,0,0,0,0,0,0,0,0,0,0,0,0,0,0,1,0,0,0,0,0,0,0,0,0,0,0,0,0,0,0,0,0,0,0,0,0,0,0,0,1,1,0,2,0,0,0,0,0,0,0,0,0,0,0,0,0,0,0,0,0,0,0,0,0,0,0,1,0,0,0,2,0,0,0,0,0,1,0,0,0,0,0,0,0,0,1,0,2,0,0,0,0,0,0,0,1,0,0,1,0,0,0,0,0,1,0,0,0,0,0,0,2,0,0,1,0,0,0,0,0,0,0,1,1,0,0,0,2,0,0,0,2,0,0,0,0,0,1,0,2,0,0,0,2,0,0,0,0,0,0,0,0,0,0,0,0,0,0,0,0,0,0,1,0,0,0,0,0,0,0,0,0,0,0,0,0,0,0,0,0,0,0,0,0,1,0,0,0,0,0,0,0,0,0,3,0,0,0,0,0,0,0,0,0,0,0,2,0,0,0,0,0
0,0,1,0,2,0,1,0,1,0,6,1,1,0,0,0,0,3,0,1,0,0,0,0,0,0,0,1,6,2,0,0,0,0,0,0,0,3,0,1,2,0,0,0,1,0,0,0,2,0,4,1,0,0,0,0,2,0,0,0,0,0,0,0,0,0,0,1,0,0,0,0,2,1,0,0,0,0,0,0,0,0,0,1,2,0,2,0,0,0,1,0,0,0,1,0,0,0,0,0,0,0,0,0,0,0,0,0,1,0,1,6,1,0,0,0,0,0,0,0,0,0,0,1,0,2,1,0,0,0,0,0,1,3,0,0,0,0,0,0,0,0,0,0,1,0,3,0,0,2,2,0,0,0,0,1,0,0,0,0,0,0,1,0,0,0,2,0,0,0,0,1,0,0,0,1,0,0,0,0,0,0,1,0,0,0,1,0,0,1,0,0,0,0,0,0,0,0,0,2,0,0,0,0,0,0,0,0,0,0,0,0,0,0,0,0,0,0,0,0,0,0,0,0,0,0,0,0,1,0,1,3,1,0,0,0,0,0,0,0,0,0,0,0,0,0,0,1,0,0,0,0,0,0,0,0
0,0,1,2,2,3,1,2,0,0,5,0,1,0,0,0,0,2,0,0,0,0,0,0,0,0,0,1,2,2,0,0,1,0,0,0,0,2,1,1,3,0,0,0,0,0,0,0,2,3,4,0,0,0,3,0,1,0,0,0,0,1,0,0,1,0,0,0,0,0,1,0,1,0,0,0,0,0,0,0,0,0,0,0,0,0,3,0,0,0,1,0,0,0,0,0,0,0,0,0,1,0,0,1,0,0,0,0,1,0,0,3,0,1,0,0,0,0,1,0,0,2,0,0,0,2,0,0,0,0,0,0,0,0,0,0,0,0,1,0,0,0,0,0,0,0,2,1,0,2,2,0,0,0,0,0,0,0,0,0,0,0,0,0,0,0,1,0,0,0,1,0,0,0,0,0,0,0,0,0,0,0,0,0,1,0,1,0,2,0,0,0,0,0,0,0,1,2,0,2,0,0,1,0,1,0,0,0,0,0,0,0,0,0,0,0,0,0,1,0,0,0,0,0,0,0,1,0,0,1,1,1,0,0,0,0,2,0,0,1,0,0,0,1,0,0,0,0,0,1,0,0,0,0,0,0
0,0,0,0,0,0,1,0,1,1,3,0,0,0,1,0,1,3,0,0,0,0,0,0,0,0,0,0,2,2,0,0,0,0,0,0,0,2,0,1,0,0,0,0,0,0,0,0,2,0,0,0,0,0,0,0,0,0,0,0,0,0,0,0,0,0,0,0,0,0,0,2,1,0,0,0,0,0,0,0,0,0,1,0,0,0,3,0,1,1,3,0,0,0,0,0,0,0,0,0,0,0,0,0,0,0,0,0,0,0,0,1,0,0,0,0,0,0,0,0,0,2,0,0,0,2,0,0,0,0,0,0,0,0,0,0,0,1,0,0,0,0,0,0,0,0,2,0,0,2,2,0,0,0,0,0,0,0,0,0,0,0,0,0,0,0,1,0,0,0,0,0,0,0,0,0,0,0,0,0,0,0,0,0,0,1,0,0,0,0,0,0,0,0,0,0,0,0,0,2,0,0,0,0,0,0,0,0,0,0,0,0,0,0,0,0,0,0,0,0,0,0,0,0,0,0,0,0,0,0,2,0,0,0,2,1,0,0,1,0,0,0,0,0,0,0,1,0,0,1,0,0,0,0,0,0
0,0,0,1,0,0,1,0,0,1,2,0,0,0,0,0,0,2,0,0,0,0,0,0,0,0,3,0,1,1,0,0,2,0,0,1,1,1,0,2,0,0,0,0,0,0,0,0,1,0,3,1,0,0,1,0,2,0,0,0,0,0,0,0,0,0,0,0,0,0,0,0,0,0,0,0,0,0,0,0,0,0,0,0,0,0,4,0,0,0,2,0,0,0,0,0,1,1,0,0,0,0,0,0,0,0,1,0,1,0,1,0,0,0,1,0,0,0,0,0,1,1,0,1,0,2,0,1,0,0,0,2,0,0,0,0,1,0,1,0,0,1,0,1,0,2,1,1,0,1,2,0,0,0,0,2,0,0,1,0,0,0,0,1,0,0,0,1,0,0,0,2,0,0,1,1,0,1,0,0,1,0,0,1,0,0,0,1,0,0,0,0,0,1,0,0,1,0,0,1,0,0,0,0,0,1,0,0,1,0,0,0,0,0,0,0,0,0,0,0,0,0,0,0,0,0,0,0,0,0,0,0,1,0,0,0,0,0,0,0,0,0,0,0,0,0,0,2,1,0,0,0,0,0,0,0
0,1,2,0,0,0,1,0,1,0,1,0,0,0,2,0,0,1,0,1,0,0,0,0,0,0,1,0,2,6,0,0,0,0,0,0,0,2,0,1,1,0,0,0,1,0,0,0,1,0,0,0,0,0,0,0,0,0,0,0,0,0,0,0,0,0,0,0,0,0,0,0,0,0,0,0,0,0,0,0,0,0,0,0,0,0,3,1,0,0,0,0,0,0,0,0,0,0,0,0,0,0,0,0,0,0,0,0,1,0,0,0,0,0,1,0,0,0,1,0,0,1,0,0,0,1,0,0,0,1,0,0,0,0,0,0,0,0,0,0,0,0,0,0,0,0,3,0,0,2,1,0,0,0,0,0,0,0,0,0,0,0,0,0,0,0,0,0,0,0,0,0,0,0,1,2,0,0,0,0,0,0,0,0,0,0,0,0,0,0,0,1,0,0,1,0,0,0,0,2,0,0,1,0,0,0,0,0,0,0,0,0,0,0,0,0,0,0,0,0,0,0,0,0,0,1,0,0,0,0,1,0,0,0,1,1,0,0,0,0,0,0,1,0,0,0,0,0,0,1,0,0,0,0,1,0
0,0,0,0,0,0,0,0,2,0,2,0,0,0,1,0,1,4,0,0,0,0,0,1,0,0,0,0,2,1,0,0,0,0,0,0,0,1,0,1,0,0,0,0,0,0,0,0,1,1,0,0,1,0,0,0,0,1,0,0,0,0,0,0,0,0,0,0,0,1,0,1,1,0,0,0,0,0,0,0,0,0,0,0,0,0,4,0,1,0,1,0,2,0,0,1,0,0,0,0,0,0,0,0,0,0,1,0,0,4,0,0,0,0,0,0,0,0,0,0,0,0,0,0,0,1,0,0,1,0,1,0,0,0,0,0,0,0,0,0,0,1,1,1,0,0,1,1,0,1,0,0,0,0,1,0,0,0,0,0,0,0,2,0,1,0,0,0,0,0,0,0,0,0,0,0,0,0,0,0,0,0,0,0,0,0,0,0,0,2,0,0,0,0,0,0,0,0,0,1,0,0,0,0,0,1,0,0,0,0,0,0,1,1,0,0,2,0,0,0,0,1,0,1,0,0,0,0,1,0,1,1,0,0,1,0,0,0,0,0,1,0,1,0,1,3,0,0,0,1,0,0,0,0,0,1
0,0,1,0,0,0,1,0,1,1,2,0,0,0,0,0,0,2,0,0,0,0,0,1,0,0,0,0,2,2,0,0,0,0,1,0,1,2,0,1,0,0,0,0,0,0,0,0,2,0,1,0,0,1,1,0,3,0,0,1,0,1,0,0,0,0,0,0,0,0,0,0,0,0,1,0,0,0,0,0,0,0,0,1,0,0,3,0,0,0,1,0,0,0,0,0,0,0,0,0,2,0,0,0,0,0,0,0,0,1,0,0,0,0,0,0,0,0,0,0,0,1,0,0,0,2,0,0,0,0,0,0,0,0,0,0,0,0,0,0,0,0,0,0,0,0,2,0,0,2,3,0,0,0,1,0,0,0,1,0,0,0,0,0,0,0,0,0,0,0,0,0,0,0,0,0,0,1,0,0,0,0,0,0,0,0,0,0,0,0,1,0,0,1,0,0,0,1,0,2,0,0,0,0,0,0,0,0,0,0,0,0,0,0,0,0,0,0,0,0,0,0,0,0,0,0,1,0,0,0,0,0,0,0,0,0,0,0,0,0,0,0,0,0,0,0,0,0,0,0,0,0,0,0,0,0
0,1,0,0,1,1,0,0,0,0,0,1,0,0,0,0,0,0,0,0,0,0,0,0,0,0,5,0,0,3,0,0,0,0,0,1,0,0,0,1,0,0,0,0,0,0,0,0,0,0,0,0,0,0,0,0,0,0,0,0,0,0,0,0,0,0,0,0,0,0,0,0,0,0,0,0,0,0,1,0,1,0,0,1,4,0,1,1,0,0,0,1,2,0,0,0,0,0,0,0,0,2,0,0,3,0,0,0,0,0,0,0,0,0,2,0,3,0,2,0,2,0,0,0,0,0,0,0,0,0,0,2,0,0,0,0,0,0,0,0,0,0,1,0,0,0,0,1,0,0,0,0,0,1,0,2,0,0,0,0,0,0,0,0,0,0,0,0,2,0,0,3,0,0,0,2,0,0,0,0,0,1,0,2,1,0,1,2,0,0,0,1,0,0,0,0,0,0,0,1,0,0,0,0,0,1,1,0,0,0,0,0,0,1,0,0,0,0,0,1,1,0,0,0,0,0,0,0,1,0,0,1,0,0,0,0,0,0,1,0,0,0,0,1,0,0,0,0,0,0,0,0,0,0,0,0
0,0,1,0,0,0,2,1,2,0,6,0,0,0,0,0,0,2,0,2,0,0,0,0,0,0,4,0,3,1,0,0,1,0,0,1,1,1,2,0,0,0,0,0,0,0,0,0,1,0,3,0,0,0,1,0,0,0,0,0,0,0,0,0,0,0,0,0,0,0,0,0,0,0,0,0,0,0,0,0,0,0,0,0,1,0,1,0,0,0,1,0,0,0,0,0,0,0,0,0,0,0,0,0,1,0,0,0,0,1,0,4,0,0,1,0,0,0,0,0,1,3,0,0,0,1,0,0,0,0,0,1,1,1,0,0,0,1,0,0,0,0,1,0,0,0,1,0,0,2,0,0,0,0,1,1,0,0,2,0,2,0,0,1,0,0,4,0,0,0,0,1,0,2,1,3,0,1,0,3,0,0,0,1,0,0,0,1,0,0,1,0,0,2,0,0,0,0,1,2,0,0,1,0,0,0,0,0,1,0,0,0,0,0,0,0,0,0,0,0,0,0,0,1,0,0,1,0,1,0,1,1,0,0,1,0,1,1,1,0,0,0,1,0,0,0,0,1,0,0,1,2,0,0,0,0
0,0,0,0,3,0,1,0,2,0,6,0,0,0,0,0,0,1,0,1,0,0,0,0,0,1,0,0,2,2,0,0,0,0,0,0,0,4,1,1,0,0,0,0,0,1,0,1,2,1,3,0,0,0,1,0,0,0,0,0,0,0,0,0,0,0,0,0,0,0,0,1,0,0,0,0,0,0,0,0,0,0,0,0,0,1,3,1,0,0,0,5,0,0,0,0,0,0,0,0,0,0,0,0,0,0,0,0,0,2,0,1,0,0,0,0,0,0,0,0,0,2,0,0,0,2,0,0,0,2,0,0,0,0,0,0,0,0,1,0,1,0,0,0,0,0,2,0,0,2,2,0,0,0,0,0,0,0,0,3,0,0,0,0,0,0,0,0,0,0,0,0,0,0,1,0,0,0,0,0,0,0,0,1,0,0,0,0,0,0,0,0,0,0,0,0,0,0,0,2,0,0,0,0,0,0,0,0,0,0,0,0,0,0,0,0,0,0,0,0,0,0,0,0,0,0,0,0,0,0,2,0,0,0,1,0,0,0,0,0,0,0,0,0,0,0,0,0,0,0,0,0,0,0,0,0
0,0,1,0,0,0,1,0,1,1,1,0,1,0,0,0,0,2,0,0,0,0,0,0,0,1,1,0,1,1,0,0,2,0,0,1,1,1,0,2,0,0,0,0,0,0,0,0,1,0,1,0,0,0,0,0,0,0,0,0,0,0,0,0,0,0,0,0,0,0,0,1,0,0,0,0,0,0,0,0,0,0,0,0,0,0,3,0,0,0,1,0,0,0,1,0,0,0,0,0,1,0,0,0,0,0,0,0,0,0,1,1,0,0,1,0,0,0,0,0,1,0,0,0,0,1,0,0,0,0,0,2,0,0,0,0,0,0,0,0,0,1,1,0,0,0,1,1,0,1,0,0,0,0,0,1,0,0,1,0,1,0,0,0,0,0,0,0,0,0,0,1,0,0,1,1,0,0,0,0,0,0,0,1,0,0,0,1,0,0,0,0,0,1,0,0,0,0,0,1,0,0,0,0,0,0,0,0,0,0,0,0,0,1,0,0,0,1,0,0,0,0,0,0,0,0,0,0,1,0,1,0,0,0,1,0,0,0,1,0,0,0,0,0,0,0,0,0,0,0,0,0,0,0,0,0
0,0,1,0,0,2,2,2,0,2,1,1,0,0,0,0,0,3,0,0,0,0,0,0,0,0,1,0,2,2,0,0,1,0,0,1,2,1,0,2,0,0,0,0,0,0,0,0,1,0,1,0,0,0,0,0,0,1,0,0,0,0,0,0,0,0,0,0,0,0,0,0,1,0,0,0,0,1,0,0,1,0,0,0,0,0,4,0,0,0,0,0,0,0,0,0,1,0,0,0,1,0,0,0,1,0,0,0,0,0,0,0,0,0,1,0,0,0,1,0,1,0,0,0,0,0,0,0,0,1,0,1,0,0,0,0,0,0,0,0,0,2,0,0,0,0,1,0,0,1,1,0,0,0,0,1,0,0,0,1,1,0,1,0,0,0,1,0,0,0,0,1,0,0,1,1,0,0,1,0,0,1,1,1,1,0,0,1,0,0,1,0,0,0,0,0,1,0,0,1,0,1,1,1,0,0,1,0,1,0,0,0,0,1,0,0,0,0,0,0,0,0,0,0,0,0,0,0,0,0,0,0,0,0,0,0,0,0,0,0,0,0,0,0,0,0,0,0,0,0,0,0,0,0,0,0
0,0,0,0,0,0,0,0,0,0,0,0,0,0,0,0,0,2,0,0,0,0,0,0,0,0,2,1,2,2,0,0,1,0,0,0,0,2,0,0,0,0,0,0,0,0,0,0,2,0,1,0,0,0,1,0,0,0,0,0,0,0,0,0,0,0,0,0,0,0,0,0,0,0,0,0,0,0,0,0,0,0,0,1,0,0,2,0,0,0,1,0,0,0,0,0,0,0,0,0,0,0,0,0,0,0,0,0,0,2,0,2,0,0,0,0,0,0,0,0,0,1,0,0,0,2,0,0,0,0,0,0,1,0,0,0,0,0,0,0,0,0,0,0,0,0,2,0,0,2,0,0,0,0,1,0,0,0,0,0,1,0,1,0,0,0,1,0,0,0,0,1,0,1,0,2,0,0,0,1,0,0,0,1,0,0,0,0,0,0,1,0,0,1,0,0,0,0,1,2,0,0,2,1,0,1,0,1,0,0,0,0,0,0,1,0,0,0,0,0,0,0,0,0,0,0,0,0,0,0,1,0,0,0,0,0,0,0,0,0,0,0,0,0,1,0,0,0,0,0,0,1,0,0,0,0
1,0,0,0,0,0,0,0,2,0,3,0,0,0,0,0,0,1,0,0,0,0,0,0,0,0,2,0,1,1,0,0,0,0,0,0,0,1,1,0,0,0,0,0,0,0,0,0,1,1,0,0,0,0,2,0,0,0,0,0,0,0,0,0,0,0,0,0,0,0,0,0,0,0,0,0,0,0,0,0,0,0,0,0,3,1,1,0,0,0,0,0,0,0,1,0,0,0,0,0,1,0,0,0,0,0,0,0,0,1,0,0,1,0,1,0,0,0,0,0,0,1,0,0,0,1,0,0,0,0,0,1,0,0,0,0,0,0,0,0,0,0,0,1,0,0,1,1,0,1,0,0,0,0,0,1,0,0,0,0,0,0,1,1,0,0,1,0,0,0,0,1,0,0,0,2,0,0,0,0,0,0,0,2,0,2,0,1,0,0,0,1,0,0,1,0,0,0,0,1,0,4,0,0,0,1,1,0,3,0,0,0,1,1,0,0,0,0,0,0,0,0,0,0,0,0,0,0,1,0,1,0,0,0,1,0,0,0,0,0,0,0,0,0,0,0,0,1,0,0,0,0,0,0,0,0
0,0,1,1,4,0,0,1,0,1,0,0,1,0,0,0,0,1,0,0,0,0,0,0,0,0,1,0,1,2,0,0,0,0,1,1,1,0,0,2,0,0,0,0,0,0,0,0,0,0,1,0,0,0,0,0,1,1,0,0,0,0,0,1,0,0,0,0,0,0,1,0,0,0,0,0,0,1,0,0,0,0,0,0,1,0,0,0,0,0,0,0,0,0,0,0,0,0,0,1,0,0,1,0,0,0,0,0,0,0,1,0,0,0,1,0,0,0,0,0,1,0,0,0,2,0,1,0,0,0,0,1,0,0,0,0,2,0,0,0,0,0,0,0,1,1,1,1,0,1,0,0,0,0,0,1,0,0,0,0,0,0,0,0,0,0,0,0,0,0,1,1,0,1,0,1,0,0,0,0,0,1,1,1,1,0,0,1,0,0,0,1,0,0,0,0,1,0,0,1,0,0,1,1,0,1,0,0,0,0,0,0,0,0,0,0,0,0,0,0,0,0,0,0,0,0,1,0,1,0,0,0,0,0,2,0,0,2,0,0,0,0,0,0,0,0,0,0,0,0,0,0,0,0,0,0
0,0,0,0,0,0,0,0,1,0,2,0,2,1,0,0,0,1,1,0,1,0,0,0,0,0,3,0,1,3,0,0,0,0,0,0,0,2,0,1,0,0,0,0,1,0,0,0,1,0,0,0,0,5,0,0,0,1,0,3,0,1,0,0,0,1,0,0,0,2,0,0,1,2,0,0,0,3,0,0,0,1,0,0,2,0,1,0,0,0,0,0,0,0,0,0,0,0,0,0,2,0,0,0,1,0,0,0,1,1,0,0,0,0,1,0,0,0,0,0,1,0,0,0,0,2,1,3,0,1,0,1,0,0,0,0,4,0,0,0,0,1,0,0,0,4,1,0,0,1,0,0,0,0,1,2,0,1,0,0,0,0,0,0,0,1,2,1,0,0,0,1,0,0,1,1,0,0,0,0,0,0,2,1,0,0,0,1,0,0,0,0,0,0,0,0,0,0,0,2,0,1,1,1,0,1,1,0,2,1,0,0,0,0,0,0,0,0,0,0,1,0,0,0,0,3,0,0,1,0,1,0,0,0,1,0,0,1,0,1,0,0,1,1,0,0,0,4,0,1,8,1,0,0,0,0
0,0,0,0,0,0,0,1,1,0,5,0,0,0,0,0,0,5,0,1,1,0,0,0,0,0,0,1,4,2,0,0,0,0,0,0,0,2,0,0,0,0,0,0,0,0,0,0,2,0,2,0,0,0,0,0,0,0,0,0,1,0,0,0,0,0,0,0,0,0,0,0,1,0,0,0,1,0,0,0,0,0,0,0,1,0,6,0,0,0,0,0,0,0,0,0,0,0,0,0,0,0,0,0,0,0,0,0,0,1,0,6,0,0,0,0,0,0,0,0,0,6,0,0,0,2,0,0,0,0,1,0,0,1,0,0,0,0,2,0,0,1,0,0,0,0,2,0,0,2,0,0,0,0,0,0,0,0,0,0,0,0,0,0,0,0,1,0,0,0,0,0,0,0,1,0,0,0,0,0,0,0,0,0,0,1,0,0,0,0,0,0,0,0,0,0,0,0,0,2,0,0,1,0,0,0,0,0,0,0,0,0,0,0,0,0,0,0,0,0,0,0,0,0,0,0,0,0,0,0,2,0,0,0,0,2,0,0,0,0,0,0,0,0,0,0,1,0,0,0,0,0,0,0,0,0
0,0,0,0,0,0,1,1,0,0,0,0,3,0,1,0,0,4,0,1,0,0,1,0,0,0,3,0,1,1,0,1,1,0,0,1,1,1,2,0,0,0,0,0,0,0,0,0,1,0,1,0,0,0,0,0,0,0,0,0,0,0,0,0,0,0,0,1,0,0,0,0,0,0,0,0,2,1,0,0,0,0,0,0,1,0,1,0,0,0,0,0,0,0,0,0,0,0,0,0,1,2,0,1,0,0,2,0,0,1,0,1,1,0,1,0,0,0,0,0,1,0,0,0,0,2,0,2,0,0,0,1,0,0,1,0,2,0,2,0,1,1,0,0,0,0,1,0,0,1,1,0,1,0,0,1,0,0,0,1,1,0,0,0,0,0,2,0,0,0,0,1,0,0,0,1,0,0,0,0,1,0,0,1,0,0,0,2,0,0,0,0,0,0,0,0,0,0,0,1,0,0,1,0,0,0,0,0,1,0,0,0,0,0,0,0,0,1,0,0,0,0,0,0,0,0,0,0,0,0,1,3,0,0,1,0,0,0,0,0,0,0,0,0,0,0,0,1,0,0,0,0,0,0,0,0
0,1,0,0,0,0,1,0,2,0,1,0,2,1,0,0,1,1,0,0,1,0,0,0,0,0,0,0,2,2,1,0,0,0,0,0,0,2,0,0,1,0,0,0,0,0,0,0,2,0,3,0,0,0,1,0,0,0,0,0,0,0,0,0,0,1,0,0,0,1,0,0,0,0,2,1,0,0,1,0,0,0,0,1,0,0,1,0,0,0,0,0,0,0,0,0,0,0,0,0,0,0,0,0,0,0,0,0,0,2,0,1,0,0,0,0,0,0,0,0,0,0,0,0,0,2,0,0,0,0,0,0,0,0,0,0,0,0,0,1,0,0,0,0,1,0,2,0,0,2,0,1,0,0,0,0,0,0,0,0,2,0,0,0,0,0,3,0,0,0,0,0,0,0,1,1,0,0,0,0,0,0,2,1,0,2,2,1,0,0,1,0,0,1,0,0,0,0,0,2,0,0,1,0,0,2,0,0,0,0,0,1,0,0,0,1,0,0,0,0,0,0,0,0,0,0,0,0,0,0,1,0,0,0,1,0,1,0,0,0,0,0,0,0,0,0,0,0,0,0,0,0,0,0,0,0
0,0,0,1,0,0,1,0,1,0,2,0,0,0,0,0,0,0,0,1,0,0,0,0,0,0,0,0,2,2,0,0,0,0,0,0,0,2,0,1,2,0,0,0,1,0,0,0,2,0,1,0,0,1,0,0,2,0,0,0,0,0,0,0,0,0,0,0,0,0,0,0,0,0,1,0,0,0,0,0,0,0,0,0,0,0,2,0,0,0,0,0,0,0,0,0,0,0,0,0,1,0,0,0,0,0,0,0,0,1,0,0,0,0,0,0,0,0,0,0,0,1,0,0,0,2,0,0,0,1,0,0,0,0,0,0,0,0,0,0,0,0,0,0,0,0,2,0,0,2,1,1,0,0,0,0,0,0,0,0,0,0,0,0,0,0,0,0,0,0,0,0,0,0,1,1,0,0,0,0,0,0,0,0,0,0,0,0,0,0,0,0,0,0,0,2,0,0,0,2,0,0,1,0,0,0,0,0,0,1,0,0,0,0,0,0,0,0,0,0,0,0,1,0,0,0,1,0,0,0,1,0,0,0,0,0,0,0,0,0,0,0,0,0,0,0,0,0,0,0,0,0,0,0,0,0
0,0,1,0,3,0,0,2,0,0,7,3,0,1,1,0,0,1,0,1,0,0,0,0,0,0,0,0,3,2,0,0,0,0,0,0,0,2,0,0,5,0,0,0,0,0,0,0,2,2,4,0,0,0,1,0,0,0,0,0,0,0,0,0,0,0,0,0,0,0,0,0,1,0,0,0,0,0,0,0,0,0,0,0,0,0,2,0,0,0,0,0,0,0,2,0,0,0,0,0,0,0,0,0,1,0,0,0,0,1,0,2,0,0,1,0,0,0,0,0,0,1,0,0,0,2,0,0,0,1,0,0,0,0,0,0,0,0,0,0,0,0,0,0,1,0,2,0,0,2,2,0,0,0,0,1,1,0,1,0,0,0,0,0,1,0,3,0,0,0,0,0,0,0,0,1,0,0,0,0,0,0,0,0,1,1,0,0,0,1,0,0,0,0,0,1,0,0,0,2,0,0,0,0,0,0,0,0,0,0,0,0,0,0,0,0,0,0,0,0,0,0,0,0,0,0,1,0,0,0,2,0,0,0,1,0,0,0,0,0,0,0,0,0,0,0,0,0,0,0,0,0,0,0,0,0
0,0,0,0,0,0,3,3,0,1,2,0,2,1,0,0,1,6,0,0,1,0,0,0,0,0,2,0,2,2,0,0,0,0,0,0,0,2,0,2,0,0,1,0,0,0,1,0,2,1,0,0,1,2,2,0,0,0,0,0,0,0,0,0,0,0,0,0,0,0,0,0,0,0,0,2,0,0,0,0,0,0,0,0,0,0,2,0,0,0,1,0,0,0,0,0,0,0,1,0,0,1,1,0,0,0,0,0,0,3,0,1,0,0,0,0,0,0,1,0,1,1,0,0,0,2,0,0,0,1,0,0,0,0,0,0,0,0,0,1,0,1,0,0,0,0,2,1,0,2,0,0,0,1,2,1,0,0,0,0,0,0,0,1,0,0,2,0,0,0,0,0,0,0,0,1,0,0,0,0,0,0,0,0,0,0,0,0,0,0,0,0,0,0,0,0,0,0,1,2,0,0,0,0,0,0,0,0,0,1,0,0,0,0,0,2,0,2,0,0,0,0,0,0,0,0,0,1,1,0,2,0,0,0,2,0,0,0,0,0,0,0,0,0,0,0,0,0,0,1,0,0,0,0,0,0
0,0,0,0,1,0,0,0,0,1,3,0,0,0,0,0,0,2,0,1,0,1,0,0,0,0,0,0,3,2,0,0,0,0,0,0,0,2,0,1,2,0,2,0,0,0,0,0,2,0,1,0,0,0,0,1,0,0,0,0,0,0,0,0,0,0,0,0,0,0,0,1,1,0,0,0,0,0,0,0,0,0,1,0,0,0,5,0,0,0,1,0,1,0,0,0,0,0,0,0,0,0,1,0,1,0,0,0,0,0,0,2,0,0,0,0,0,0,0,0,0,1,0,0,0,2,0,0,0,0,0,0,0,0,0,0,0,0,0,0,0,1,0,0,0,0,2,1,0,2,0,0,0,0,0,0,0,0,0,0,0,1,0,0,0,0,1,0,0,0,0,0,0,0,1,0,0,1,0,0,1,0,0,0,0,0,0,0,0,0,0,0,0,1,0,0,0,0,1,2,0,1,1,0,0,0,0,0,0,0,0,0,0,0,0,0,0,0,0,0,0,0,0,0,0,0,1,0,1,0,2,0,0,0,0,0,0,0,0,0,0,0,0,0,0,0,1,0,0,0,0,0,0,0,0,0
0,1,0,0,0,0,0,0,0,0,3,1,0,0,0,0,0,0,1,0,0,0,0,0,0,0,2,0,2,2,0,0,0,0,0,1,0,1,0,0,0,0,0,0,0,0,0,0,2,1,0,1,0,0,0,0,0,0,2,0,0,0,0,0,0,0,0,0,0,1,0,0,1,0,0,0,0,0,0,0,0,0,0,0,0,0,0,0,0,0,0,0,2,0,0,0,0,0,0,0,0,1,0,0,1,0,0,0,0,1,0,2,0,1,1,1,0,0,0,0,1,0,0,0,0,1,0,0,0,1,0,0,0,0,0,0,0,0,0,0,0,0,0,0,0,1,1,1,0,1,0,0,0,0,1,1,0,0,0,0,0,0,0,0,0,0,0,1,2,0,0,1,0,1,2,1,0,0,0,0,0,0,0,1,0,0,0,0,0,0,0,0,0,0,0,0,0,0,1,3,0,0,1,1,0,1,0,0,0,0,0,0,0,1,0,0,0,0,0,0,0,0,0,0,0,0,0,0,0,0,1,0,0,0,0,0,1,0,2,1,0,0,0,0,0,0,0,0,0,0,1,0,0,0,0,0
0,1,0,1,1,0,1,0,0,0,2,0,0,0,0,0,0,3,3,0,0,0,0,0,0,0,4,0,3,2,0,0,0,0,0,0,1,1,1,1,0,0,1,0,0,0,0,0,1,1,1,2,0,0,0,0,0,0,0,0,0,0,0,0,0,0,0,0,0,0,0,0,0,0,0,0,0,0,0,0,1,0,0,1,1,0,1,0,0,0,0,0,0,0,0,0,1,0,0,0,0,0,0,0,0,0,0,0,0,3,0,0,1,0,1,0,0,1,2,0,1,0,0,0,0,1,0,0,0,1,1,1,0,0,0,0,0,0,0,0,0,0,0,0,0,0,1,0,0,1,0,0,0,0,0,1,0,0,2,0,0,1,0,0,0,0,0,1,0,0,0,2,0,0,0,2,0,0,0,0,0,0,0,1,0,0,0,0,0,0,1,0,1,0,0,0,0,0,1,2,0,0,0,0,0,0,2,0,0,2,0,0,0,1,0,0,0,0,0,0,0,0,0,0,0,0,0,0,2,0,1,2,0,0,2,0,0,0,0,0,0,0,0,0,0,0,0,1,0,0,1,0,0,0,0,0
0,0,0,0,0,0,0,0,0,0,1,0,0,0,0,0,1,1,0,0,0,0,0,0,1,0,1,0,2,1,0,0,0,0,0,0,0,2,0,1,0,0,0,0,0,0,0,0,1,0,0,0,0,0,0,0,0,1,0,0,0,0,0,0,0,0,0,0,0,0,0,0,0,0,0,0,0,0,1,0,1,0,0,0,1,0,2,0,0,1,0,0,0,0,0,0,1,0,0,0,0,0,0,0,1,0,0,0,0,1,0,0,0,0,1,0,0,0,2,0,1,1,0,0,0,1,0,0,0,0,0,1,0,0,0,0,0,0,0,0,0,0,0,0,0,0,1,0,0,1,1,0,0,0,0,1,0,0,0,0,0,0,0,0,0,0,0,0,0,0,0,2,0,0,1,1,0,0,0,0,0,0,0,1,0,0,0,2,0,0,0,0,0,0,0,0,0,0,0,1,0,0,0,0,0,0,1,0,0,0,0,0,0,0,0,0,0,0,0,0,0,0,0,0,0,0,0,0,1,0,1,0,0,0,1,0,0,0,1,0,0,0,0,0,0,0,1,0,0,0,1,0,0,0,0,0
0,0,0,0,0,0,1,0,0,1,1,0,2,0,0,2,1,2,1,0,0,0,0,0,0,0,1,0,2,1,0,0,0,0,0,0,0,1,0,0,0,0,0,0,0,0,0,0,1,0,0,0,0,0,0,0,0,0,0,0,0,0,0,0,0,0,0,0,0,0,0,1,1,0,0,0,0,0,0,0,1,1,0,1,2,0,2,0,0,0,1,0,0,0,0,0,0,0,0,0,2,0,0,0,0,0,0,0,1,1,0,1,0,0,1,0,0,0,1,0,1,1,0,0,0,0,0,0,0,0,0,1,0,0,0,0,0,0,0,0,0,1,0,0,0,0,1,0,0,1,2,0,0,0,0,1,0,0,0,0,0,0,0,0,0,0,0,0,1,0,0,1,0,0,0,1,0,0,0,0,0,0,0,1,0,0,1,1,0,0,0,0,0,0,0,0,0,1,0,1,0,0,1,0,0,0,0,0,0,0,0,0,0,0,0,0,0,0,1,0,0,0,0,0,0,0,0,0,1,0,0,0,0,0,0,0,0,0,1,0,0,0,0,0,0,0,0,0,0,0,1,0,0,0,0,0
0,0,1,1,1,1,1,0,0,2,2,1,0,0,0,0,1,2,0,0,0,1,0,0,0,0,0,0,2,2,0,0,0,0,0,0,0,2,0,1,0,0,0,0,0,0,0,0,2,1,1,0,0,0,0,0,0,0,0,1,0,0,0,0,0,0,0,0,0,0,0,0,0,0,0,0,0,0,0,0,0,0,0,0,0,0,4,0,0,0,2,0,0,0,0,0,0,0,0,0,0,0,0,0,1,0,0,0,0,1,0,1,0,1,0,0,0,0,0,0,1,1,0,0,0,1,0,0,0,1,0,0,0,0,0,1,0,0,0,0,0,1,0,0,0,2,2,0,0,2,0,0,0,0,0,2,0,0,0,2,0,0,0,0,0,0,0,0,0,0,0,1,0,0,1,0,0,0,0,0,0,0,0,1,0,0,0,0,0,0,2,0,0,0,0,0,0,0,0,2,0,0,0,0,0,0,0,0,0,0,0,0,0,0,0,0,0,0,0,0,0,0,0,0,0,0,0,0,0,0,2,0,0,0,2,1,0,0,0,0,0,0,0,0,0,0,0,0,0,0,0,0,0,0,0,0
0,0,3,0,1,1,0,0,0,0,2,0,0,0,0,0,0,0,0,0,0,0,0,0,0,0,2,0,2,1,0,0,0,0,0,0,0,1,0,1,2,0,0,0,0,0,0,0,1,0,1,0,0,0,0,0,1,0,0,0,0,1,0,0,0,0,0,0,0,0,0,0,0,0,0,0,0,0,0,0,0,0,0,0,1,0,1,0,0,0,0,0,0,0,1,0,0,1,0,0,0,0,0,0,0,0,0,0,0,0,1,1,0,0,1,0,0,0,0,0,1,0,0,1,0,1,0,0,0,0,0,1,0,0,0,0,0,0,0,0,0,0,0,0,0,0,1,0,0,1,0,0,0,0,0,1,0,0,0,0,0,0,0,0,0,0,2,0,0,0,0,1,1,1,0,1,0,0,0,0,0,0,0,1,0,0,0,1,0,0,0,0,0,0,0,0,0,0,0,1,0,0,0,0,0,0,0,0,0,0,0,0,0,0,0,0,0,0,0,0,0,1,0,0,0,1,3,0,2,0,1,1,0,0,0,1,0,0,1,0,0,0,0,0,0,0,0,0,0,0,2,0,0,0,0,0
1,0,1,0,0,0,0,0,0,1,1,0,0,0,0,0,1,4,0,0,0,0,0,0,0,0,2,0,3,2,0,0,2,0,1,0,0,2,0,3,0,1,0,0,2,1,0,0,1,0,1,0,1,0,0,0,1,0,0,0,0,0,0,0,0,0,0,0,0,0,0,1,0,0,0,0,0,0,0,0,0,0,0,0,0,0,3,0,0,0,1,0,1,0,3,0,0,1,0,0,0,0,0,0,1,0,1,0,0,1,0,1,0,0,1,0,0,0,0,0,1,0,0,0,0,1,0,0,0,0,0,2,1,0,0,0,0,0,0,0,0,0,0,1,0,0,1,0,0,1,1,0,1,0,0,3,0,0,0,0,0,0,0,0,1,0,3,0,0,0,0,1,3,0,1,1,0,0,1,0,0,0,1,2,0,0,0,0,0,0,0,0,1,1,0,0,0,0,0,2,0,0,1,1,0,1,0,0,0,0,0,0,0,0,0,0,0,1,0,0,0,0,0,0,0,0,0,0,0,0,1,0,0,0,1,0,0,0,2,0,0,0,0,0,0,0,0,0,0,0,2,0,0,0,0,0
0,0,0,0,0,0,1,0,0,0,3,0,0,0,0,0,0,6,1,2,0,0,0,0,0,0,0,0,2,3,2,2,0,0,1,0,0,4,0,1,0,0,0,1,0,0,0,0,2,0,2,1,1,0,0,0,0,0,0,0,0,0,0,0,0,0,0,0,0,3,0,3,1,0,0,1,0,0,0,0,0,0,1,0,0,0,7,0,0,0,0,0,6,0,0,0,0,1,0,0,0,0,0,0,0,0,0,0,0,1,0,1,1,1,0,1,0,0,0,0,0,2,0,0,0,2,0,0,0,0,0,0,0,0,0,0,0,0,0,0,0,0,0,0,0,0,2,2,0,2,0,0,0,0,0,0,0,0,0,0,1,0,0,0,0,0,0,0,0,0,0,0,0,0,1,0,0,0,0,0,1,0,0,0,0,0,0,0,0,0,0,0,0,1,0,1,0,0,0,2,0,0,2,0,0,0,0,0,1,0,0,0,0,0,0,0,0,0,0,0,0,0,0,0,0,0,1,0,0,0,2,0,0,0,0,1,0,0,0,0,0,0,0,0,0,0,0,0,0,1,0,0,0,0,0,0
1,0,0,0,0,0,0,0,0,1,2,0,0,0,0,0,0,2,0,0,0,0,0,0,0,0,0,1,2,3,0,0,0,0,0,0,0,2,0,0,1,1,0,0,0,0,0,0,2,0,1,1,0,0,0,0,1,0,0,0,0,0,0,0,0,0,0,0,0,0,0,0,0,0,0,0,0,0,0,0,0,0,0,0,0,0,1,0,0,0,1,0,0,0,0,0,0,0,0,0,0,0,0,0,0,0,0,0,0,0,0,0,0,0,0,0,0,1,1,0,0,0,0,0,0,2,0,0,0,0,0,0,0,0,0,1,0,0,0,0,0,0,1,0,0,0,2,0,0,2,0,0,0,0,0,0,0,0,0,0,0,0,2,0,0,0,0,1,0,0,0,0,0,0,0,0,0,0,0,0,1,0,0,0,0,0,1,0,0,0,0,0,0,1,0,0,1,0,0,2,0,0,0,0,0,1,0,0,0,1,0,0,0,0,0,0,0,0,1,0,0,0,0,0,0,1,0,0,1,0,2,1,1,0,2,0,0,0,0,0,0,0,0,0,1,0,1,0,0,0,0,1,0,0,0,0
0,0,0,0,0,0,1,0,0,0,3,0,0,0,0,0,0,1,0,0,0,0,0,0,0,0,1,0,3,3,0,0,0,0,0,1,0,1,0,0,2,0,1,0,0,0,0,0,1,2,3,0,0,0,1,0,0,0,0,0,0,0,0,0,0,1,0,1,0,0,0,0,0,0,0,0,0,0,0,0,0,0,0,0,0,0,1,0,0,0,0,0,0,0,0,0,0,0,0,0,0,1,0,0,0,0,0,0,0,1,0,0,1,0,1,0,0,0,0,0,1,1,0,0,0,1,0,0,0,1,0,0,0,0,0,0,0,0,0,0,0,0,0,0,0,0,1,0,0,2,0,0,0,0,0,0,0,0,0,0,0,0,1,0,0,0,2,0,0,0,0,1,0,0,0,2,0,0,0,0,0,0,0,1,0,1,0,0,0,0,0,0,0,0,0,0,0,0,0,2,0,0,1,0,0,1,0,0,0,1,0,0,0,0,0,0,0,0,0,0,0,0,0,0,0,0,0,1,1,0,1,0,0,0,1,0,0,0,0,0,0,0,0,0,0,0,0,0,0,0,1,0,0,0,0,0
0,0,0,0,0,0,0,0,1,0,2,0,0,0,0,0,0,1,0,1,0,0,0,0,0,0,2,1,1,1,0,0,0,0,1,1,0,1,0,3,2,0,0,0,0,0,0,0,1,0,1,0,0,0,0,0,0,0,0,1,0,1,0,0,0,0,0,1,0,0,0,0,0,0,0,0,0,0,0,0,1,0,0,0,1,0,2,0,0,0,1,1,0,0,1,0,0,0,0,0,0,0,0,0,0,0,0,0,0,0,0,1,0,0,1,0,0,0,1,0,1,0,0,0,0,1,0,0,0,0,0,2,0,0,0,0,0,0,0,0,1,0,0,0,0,0,1,0,0,1,0,1,0,0,0,1,0,0,1,0,0,0,0,0,0,0,0,0,1,0,0,1,0,0,0,1,0,0,0,0,0,0,0,1,1,0,0,1,0,0,0,0,0,1,0,0,0,0,1,2,0,0,0,1,0,0,0,0,1,0,0,0,0,1,0,0,0,0,1,0,0,0,0,0,0,0,0,0,0,0,2,0,0,0,1,0,0,0,1,0,0,0,0,0,0,0,0,1,0,0,1,1,0,0,0,0
0,0,0,0,0,0,1,2,0,0,1,0,1,0,2,0,0,1,0,0,0,0,0,0,0,0,1,0,2,2,0,0,1,0,0,0,1,2,0,0,0,0,0,0,1,0,0,0,1,2,1,0,0,0,1,0,0,0,0,1,0,1,0,0,0,2,0,1,0,0,1,0,0,0,2,0,0,0,2,0,0,0,1,0,0,0,2,0,0,0,0,0,0,0,0,0,0,0,0,0,0,0,0,0,0,0,0,0,0,3,0,0,0,0,1,0,0,0,0,0,1,0,0,0,0,1,0,0,0,0,0,0,0,0,0,0,0,0,0,0,2,0,0,0,1,0,2,0,0,2,2,0,0,0,0,1,0,0,1,0,1,0,0,0,0,0,0,0,0,0,0,1,0,0,2,1,0,0,0,0,0,0,0,0,0,0,0,0,0,0,0,0,0,0,0,0,0,0,0,2,0,1,0,0,0,0,1,0,1,0,0,0,0,1,0,0,0,0,0,0,0,0,0,0,0,0,0,0,0,0,2,0,0,0,1,0,0,0,0,1,0,0,0,0,0,0,0,0,0,2,0,0,0,0,2,0
0,0,0,0,1,0,1,0,0,0,1,0,0,0,0,0,0,0,0,0,0,0,0,0,0,0,1,0,1,1,0,0,1,0,0,1,0,1,0,1,0,0,0,0,0,0,0,0,1,0,1,0,0,0,0,0,0,0,0,0,0,0,0,0,0,0,0,0,0,0,0,1,0,0,0,0,0,1,0,0,0,0,2,1,2,0,1,0,0,1,0,0,0,0,1,0,0,0,0,0,0,1,0,0,0,0,0,1,0,0,0,0,0,1,1,0,0,0,0,0,1,1,0,0,0,1,0,0,0,0,0,1,0,0,0,0,0,0,0,0,0,1,0,0,0,1,1,0,0,1,0,0,0,0,0,1,0,0,1,0,0,0,0,0,0,0,0,0,1,0,0,1,0,0,0,1,0,0,0,0,0,1,0,1,0,0,0,1,0,0,0,0,0,0,0,0,0,0,0,1,0,0,2,0,0,0,0,0,0,0,1,0,0,0,0,0,0,0,0,0,0,0,0,0,0,0,0,0,3,0,1,1,0,0,0,0,1,1,1,0,0,0,0,0,0,0,0,0,0,0,1,0,0,0,1,0
0,0,2,0,0,0,0,1,0,0,0,0,0,0,0,0,0,0,0,0,0,0,1,0,0,0,4,0,2,0,1,0,1,0,0,1,1,0,0,1,0,0,0,0,0,0,0,0,0,0,0,0,0,0,0,0,0,0,0,0,0,2,0,0,0,0,0,0,0,0,0,0,0,0,0,0,0,0,0,0,1,0,0,0,0,0,0,0,1,0,0,0,0,0,0,0,0,0,0,0,1,1,0,0,0,1,1,1,0,0,0,0,0,0,2,0,1,0,1,0,2,0,0,0,0,0,0,2,0,0,0,2,0,0,0,0,0,0,0,0,0,0,0,0,0,0,0,0,0,0,0,0,0,0,0,2,0,0,0,0,0,0,0,1,1,0,0,0,1,0,0,2,0,1,0,2,0,0,0,0,0,2,0,2,1,0,0,2,0,0,1,0,0,0,0,0,0,0,0,1,0,1,0,0,0,0,0,0,2,0,0,0,0,0,0,1,0,0,0,1,0,0,0,0,0,0,1,0,1,0,0,0,0,0,0,0,0,0,1,0,0,0,0,0,0,0,0,0,0,0,2,1,0,0,0,0
0,0,0,0,0,0,0,0,0,0,2,0,0,0,1,1,0,1,0,0,0,0,0,0,0,0,1,1,2,1,0,0,0,0,0,0,0,1,0,2,2,1,1,0,0,0,1,0,1,0,1,0,0,0,0,0,0,0,0,0,0,0,0,0,0,0,0,0,0,0,0,0,0,0,0,0,0,0,0,0,1,0,1,0,2,0,2,0,0,0,1,0,0,0,0,0,0,0,0,0,0,0,0,0,0,0,0,0,0,0,0,0,0,1,1,0,0,0,1,0,1,1,0,0,0,1,0,0,0,1,0,1,0,0,0,0,0,0,0,0,1,0,0,0,0,0,1,0,0,1,1,0,0,0,0,1,0,0,0,0,0,0,0,0,0,0,2,0,0,0,0,1,0,0,1,2,0,0,0,1,0,0,0,1,0,0,0,1,0,0,0,0,0,1,0,0,0,2,0,2,0,0,1,0,0,0,0,0,1,0,0,0,0,0,2,2,0,0,0,0,0,0,0,0,0,0,0,0,0,0,0,0,0,0,0,0,0,0,1,0,0,0,0,0,0,0,0,0,0,0,1,1,1,0,0,0
0,1,0,0,0,0,2,0,1,0,1,0,3,0,0,0,1,0,0,0,0,0,0,0,0,0,0,0,2,2,0,1,0,0,1,2,0,1,0,1,1,0,0,0,1,0,0,0,1,1,1,0,0,0,1,0,1,0,0,0,0,2,0,0,0,0,0,0,0,0,0,0,0,0,0,0,0,0,0,0,0,0,0,0,0,0,1,0,0,0,1,0,0,0,0,0,0,0,0,0,1,0,0,0,0,0,0,0,0,1,0,0,0,0,0,0,0,0,0,0,0,0,0,0,0,0,0,0,0,0,0,0,0,0,0,0,0,0,0,0,0,1,0,0,0,0,2,0,0,2,0,0,0,0,0,0,1,0,0,0,1,0,1,0,0,1,1,0,0,0,0,0,0,0,0,0,0,0,0,0,1,0,0,0,0,0,0,0,0,0,0,0,0,0,0,0,0,2,0,2,0,0,0,0,0,1,0,0,0,0,0,0,0,0,0,0,1,0,1,0,0,1,0,0,0,0,0,0,0,0,2,1,0,0,1,0,0,0,0,0,0,0,0,0,0,0,0,0,0,1,0,0,0,0,0,0
0,0,0,0,1,0,0,0,0,0,2,0,0,0,0,0,0,1,0,0,0,0,0,0,0,0,1,0,1,1,0,0,0,0,0,0,0,1,0,1,0,1,1,0,0,0,0,0,1,0,1,0,0,0,0,0,0,0,0,0,0,0,0,0,0,0,0,0,0,0,0,0,0,0,0,0,0,0,0,0,1,0,0,0,1,0,1,0,0,0,0,0,0,0,0,0,0,0,0,0,0,0,0,0,0,0,0,0,0,0,0,0,0,0,1,0,0,0,0,0,1,1,0,0,0,1,0,0,0,0,0,1,0,0,0,0,0,0,0,0,0,0,0,0,0,0,2,0,0,1,0,0,0,0,0,1,0,0,1,0,0,0,0,0,0,0,0,0,0,0,0,1,0,0,0,1,0,0,0,0,0,0,0,1,0,0,1,2,1,0,1,0,0,0,0,0,0,0,0,2,0,0,0,0,0,1,1,0,0,0,0,0,0,0,0,0,0,0,0,0,0,0,0,0,0,0,0,0,2,0,1,1,0,0,1,0,0,0,2,0,0,0,0,0,0,0,1,0,0,1,1,0,0,0,0,0
1,0,1,0,0,0,0,0,0,0,2,0,0,0,0,0,0,3,0,0,0,0,0,0,0,0,0,0,2,3,0,0,0,0,0,0,0,2,0,1,2,0,0,0,0,0,0,0,2,0,1,0,0,0,0,0,2,0,0,0,0,0,0,0,0,0,0,0,0,0,0,0,1,1,0,0,0,0,0,0,0,0,0,0,0,0,4,0,0,0,2,0,0,0,0,0,0,0,0,0,0,0,1,0,0,0,0,0,0,1,0,0,1,0,0,0,0,0,0,0,0,0,0,0,0,1,0,2,0,0,0,0,1,0,0,0,0,0,0,0,0,0,0,0,0,0,2,0,0,2,2,1,0,0,0,0,0,0,1,0,0,0,0,0,0,0,0,0,1,0,0,0,0,0,0,0,0,0,0,0,0,0,1,0,0,0,0,0,0,0,0,0,0,1,0,0,0,1,0,2,0,0,1,1,0,0,0,0,0,0,0,0,0,0,0,0,0,1,2,0,0,0,0,0,0,0,0,0,0,0,0,0,0,0,0,0,0,0,0,0,0,0,0,0,0,0,0,0,0,0,0,0,0,0,0,0
0,0,0,0,1,0,1,0,0,0,3,0,0,0,0,0,0,1,0,0,0,0,0,0,0,0,0,0,2,3,0,0,0,0,0,0,0,2,0,0,0,0,0,0,0,0,0,0,2,0,0,1,0,0,0,0,1,0,0,0,0,1,0,0,0,0,0,0,0,0,0,0,0,0,0,0,0,0,0,0,0,0,0,0,0,0,2,0,0,0,1,0,0,0,0,0,0,0,0,0,0,0,0,0,0,0,0,0,0,0,0,2,1,0,0,0,0,0,0,0,0,0,0,0,0,2,0,0,0,0,0,0,0,1,0,0,0,0,0,0,0,0,0,0,0,0,2,0,0,2,1,0,0,0,0,0,0,0,0,0,0,0,0,0,0,0,1,0,0,0,1,0,0,0,0,0,0,0,0,0,0,0,0,0,0,0,0,0,0,0,0,0,0,1,0,0,0,1,0,2,0,0,1,0,0,2,0,0,0,0,0,0,0,1,0,0,0,0,0,0,0,0,0,0,0,0,0,0,1,0,2,0,0,0,1,0,0,0,0,0,0,0,0,0,0,0,0,0,0,1,0,0,0,0,0,1
0,0,1,0,1,0,0,0,0,1,0,0,0,0,0,1,0,3,0,0,0,0,0,1,0,0,5,0,2,2,0,0,0,0,0,0,0,1,0,1,0,2,0,0,0,0,1,0,1,0,0,0,0,0,0,0,0,0,0,1,0,0,0,0,0,0,0,0,0,0,0,0,0,0,1,0,0,1,0,0,0,0,0,0,5,0,1,1,0,0,0,2,0,0,0,2,0,0,0,0,0,0,0,0,1,0,0,0,0,1,1,0,0,0,2,0,0,0,0,0,2,0,0,0,0,0,0,0,0,0,0,1,0,0,0,0,1,0,0,0,0,0,0,0,0,0,1,0,0,1,1,0,0,0,0,2,0,0,0,0,0,0,2,0,0,0,0,1,0,0,1,1,0,0,1,2,0,1,0,0,0,1,0,3,0,0,0,1,0,0,0,1,0,0,0,0,0,0,1,1,0,1,0,0,0,0,1,0,3,0,0,0,0,1,0,0,0,0,0,1,1,1,1,0,0,0,1,0,2,0,1,1,0,0,1,0,0,0,0,0,0,1,0,0,0,0,0,2,0,0,1,0,0,0,0,0
0,0,0,0,0,0,0,1,0,0,1,0,0,0,0,1,0,2,0,0,0,0,0,0,0,0,2,0,2,1,0,0,0,0,0,1,0,1,0,2,1,0,1,0,0,0,0,0,1,2,1,0,0,0,0,0,0,0,0,0,0,1,0,0,0,0,0,1,0,0,0,1,0,0,0,0,1,0,0,0,0,0,1,0,0,0,4,0,0,0,0,3,1,0,0,0,0,0,0,0,0,2,0,0,0,0,0,0,0,0,1,0,0,0,1,0,0,0,0,0,0,2,0,0,0,1,0,1,0,1,0,3,0,0,0,0,2,0,0,0,0,0,0,0,1,1,1,0,0,1,0,0,0,0,0,2,0,0,3,0,0,0,0,0,0,0,0,0,0,0,0,1,0,0,0,1,0,0,0,0,0,0,0,1,0,0,0,1,0,0,0,0,0,0,0,0,0,0,0,1,0,2,0,0,0,1,0,0,0,0,0,0,0,0,0,0,0,1,0,0,1,0,0,0,0,0,0,0,1,0,1,0,0,0,1,0,1,0,0,0,0,0,0,0,0,0,0,1,0,0,0,0,0,0,1,0
0,0,0,0,0,0,0,0,0,0,3,1,1,0,0,0,0,2,0,0,0,0,0,0,0,0,0,0,3,2,0,0,0,0,0,0,0,2,0,1,1,0,0,0,0,0,0,0,2,0,0,0,0,0,0,0,0,0,0,0,0,0,0,0,0,0,0,0,0,0,1,1,0,0,0,0,0,0,0,1,0,0,0,0,0,0,4,0,0,0,1,0,1,0,0,0,0,0,0,0,0,0,0,0,0,0,0,0,0,3,0,1,0,0,0,0,0,0,1,0,0,1,0,0,0,2,0,0,0,1,0,0,0,0,0,0,0,0,0,0,0,0,0,0,0,0,2,0,0,2,1,0,0,0,0,0,0,0,0,0,0,0,0,0,0,0,0,1,0,0,0,0,0,0,2,0,0,0,0,0,0,0,0,0,0,0,0,0,0,0,0,0,0,1,1,0,2,0,0,2,0,0,2,0,0,0,3,0,0,0,0,0,0,0,0,1,0,2,0,0,0,0,0,0,0,0,0,0,1,0,0,1,0,0,1,0,0,0,0,0,0,0,0,0,0,0,0,0,0,2,0,1,0,0,0,0
0,3,0,0,0,0,1,0,1,0,1,0,0,0,0,0,1,2,0,1,0,1,2,0,0,0,1,0,1,1,0,2,0,0,1,0,0,1,0,0,0,0,1,0,1,2,0,0,1,0,3,0,0,0,2,0,0,0,0,0,0,0,0,0,0,1,0,2,0,0,0,0,2,0,0,0,1,0,0,0,0,0,1,0,1,1,2,1,1,1,1,1,0,0,0,0,0,0,0,0,0,0,0,0,0,0,2,0,0,1,0,2,0,0,0,0,0,0,0,0,1,3,0,0,0,1,0,0,1,2,1,0,0,0,0,0,0,0,0,0,0,0,0,0,0,0,1,0,0,1,2,0,0,0,0,0,0,0,0,0,0,0,3,1,1,0,4,0,1,0,0,2,0,0,0,1,0,0,0,0,0,1,0,0,0,1,1,0,0,1,0,0,1,0,0,0,0,1,0,1,0,0,0,0,0,0,0,0,0,1,0,1,1,0,0,0,2,0,0,0,1,1,0,0,0,0,0,0,0,0,1,2,0,0,1,1,0,0,0,0,2,0,0,0,0,0,0,0,0,2,1,0,0,0,2,1
1,0,0,0,0,0,1,0,0,0,2,0,0,0,0,1,0,2,1,0,0,0,0,0,0,0,1,0,1,1,0,0,0,0,0,1,1,1,0,1,0,0,0,0,0,0,0,0,1,0,0,0,0,0,0,0,0,0,0,0,0,1,0,0,0,1,0,1,0,1,0,0,1,0,0,0,0,1,0,0,0,0,0,0,0,0,1,0,0,0,0,0,0,0,0,0,0,0,0,0,0,1,0,0,0,0,0,0,0,2,0,1,1,0,1,0,0,0,0,0,1,2,0,0,0,1,0,0,0,0,0,1,0,0,0,0,0,0,0,0,0,0,0,1,0,0,1,2,0,1,1,0,0,0,0,2,0,0,0,0,0,0,0,0,0,0,0,0,0,0,0,1,0,0,0,1,0,0,0,0,0,0,0,1,0,0,0,1,0,0,0,0,0,0,0,0,1,0,0,1,0,0,1,0,0,0,0,0,0,0,0,0,0,0,0,1,0,0,0,0,0,0,0,0,0,0,0,0,0,0,1,0,0,0,0,0,0,0,0,0,1,0,0,0,0,0,1,0,0,1,1,1,0,0,0,0
0,0,0,0,0,0,1,0,0,0,0,0,0,0,0,0,0,0,0,0,0,0,0,0,0,0,2,0,0,1,0,0,1,0,0,1,0,0,0,0,0,0,0,0,0,0,0,0,1,0,0,0,0,0,0,0,0,0,0,0,0,0,0,0,1,0,0,1,0,0,1,0,0,0,0,0,0,0,0,1,0,0,0,1,0,0,0,0,1,1,0,0,0,0,0,0,0,0,0,0,0,0,1,0,1,0,0,0,0,1,0,0,0,1,1,0,0,1,0,0,1,0,0,0,0,0,0,0,1,0,0,2,1,0,0,1,0,0,0,0,0,0,0,0,0,1,0,0,0,0,0,0,0,0,0,1,0,0,0,0,1,0,0,0,0,0,0,0,0,0,0,1,0,0,1,1,0,0,0,0,1,0,1,1,1,0,0,0,0,0,0,0,0,2,0,0,0,0,1,2,0,0,0,0,0,0,1,1,1,0,0,0,0,1,0,0,0,1,0,0,0,0,1,0,0,0,0,0,2,0,0,0,0,0,0,0,2,0,0,0,0,1,1,0,1,0,0,0,0,0,1,0,0,1,0,0
0,0,0,0,1,0,0,0,0,0,1,0,0,0,0,0,0,1,0,0,0,0,0,0,0,0,2,0,1,2,0,0,0,0,0,0,0,2,0,1,0,0,0,0,1,0,0,0,1,0,1,0,0,1,0,0,1,0,0,1,0,1,0,0,0,0,0,1,0,0,0,0,0,0,0,0,0,0,0,0,0,0,0,0,1,0,1,0,0,0,1,0,0,0,0,0,0,0,0,0,0,0,0,0,0,0,0,0,0,1,0,0,0,0,1,0,0,0,0,0,1,1,0,0,0,1,0,0,0,0,0,1,0,0,0,1,0,0,0,0,0,0,1,0,0,0,1,0,0,1,1,0,1,0,0,1,0,0,1,0,0,0,0,1,0,0,0,0,0,1,0,2,1,1,1,1,0,0,0,0,0,1,0,1,0,0,0,1,0,0,0,0,0,0,0,0,1,0,0,1,0,0,0,0,0,1,2,0,0,0,0,0,0,0,0,0,0,0,1,0,0,0,0,0,0,0,0,0,1,0,0,1,0,0,0,0,0,0,0,0,0,0,0,0,0,0,0,0,1,0,0,0,0,0,0,0
0,0,1,0,0,0,1,0,0,0,2,0,0,0,1,1,0,1,0,2,0,0,0,0,0,0,2,0,1,2,0,0,1,0,0,1,0,1,0,1,2,0,0,0,0,0,0,0,1,0,1,0,0,0,0,0,0,0,0,0,0,1,0,0,0,0,0,0,0,0,0,1,0,0,0,0,0,0,0,0,0,0,0,0,1,1,1,1,0,0,0,0,0,0,0,0,0,0,0,0,0,0,0,0,0,0,0,0,0,0,0,1,0,0,2,0,0,0,0,0,0,0,0,0,0,1,0,0,0,2,0,2,0,0,0,0,1,0,0,0,0,0,0,1,0,0,1,1,0,2,0,0,0,0,0,2,0,0,2,0,1,0,0,0,0,0,1,0,0,0,0,1,0,0,1,1,0,0,0,0,0,0,0,1,0,0,0,1,0,0,0,0,0,2,0,0,0,1,0,2,0,0,0,0,0,0,0,0,1,0,0,0,0,0,0,0,0,0,0,0,0,0,1,0,0,0,0,0,0,0,0,0,0,0,1,0,0,0,0,0,0,0,0,0,1,0,0,1,0,0,0,1,0,0,0,0
0,0,0,0,0,0,0,0,0,0,5,0,0,0,1,0,0,1,0,3,0,0,0,0,0,0,1,0,5,2,0,0,0,0,0,0,0,2,0,1,0,0,0,0,1,0,1,0,2,1,2,0,0,0,0,0,0,0,0,0,0,0,0,0,0,0,0,0,0,1,0,2,1,0,0,0,0,0,0,0,0,0,0,0,1,0,3,0,0,0,0,0,0,0,0,0,0,0,0,0,0,0,0,0,0,0,2,0,0,1,0,1,2,0,0,0,0,0,0,0,0,3,0,0,0,2,0,0,0,0,0,0,0,0,0,0,0,0,1,0,1,0,0,0,0,0,2,0,0,2,0,0,0,0,0,0,0,0,0,0,0,0,1,0,0,0,3,0,0,0,0,0,0,0,0,2,0,1,0,0,0,0,0,0,0,0,0,0,0,0,0,0,0,0,0,0,0,0,0,2,0,0,1,0,0,0,1,0,0,0,0,0,0,0,0,0,0,0,0,0,0,0,0,0,0,0,1,0,0,0,2,0,0,0,2,0,0,0,0,0,0,0,0,0,0,0,0,0,0,0,3,0,0,0,0,0
0,0,0,0,0,0,0,0,0,0,0,0,0,0,0,1,0,1,0,0,0,0,0,0,0,0,3,0,1,1,0,0,0,0,0,1,0,1,0,1,0,0,0,0,0,0,0,0,1,0,0,0,0,0,0,0,0,0,0,0,0,0,0,0,0,0,0,0,0,0,0,0,0,0,0,0,0,0,0,0,1,0,0,0,1,0,2,0,0,0,1,0,1,0,0,0,0,0,0,0,0,0,1,0,0,0,0,0,0,1,0,0,0,1,1,0,0,0,1,0,1,1,0,1,0,1,0,0,0,0,0,1,0,0,0,0,0,0,0,0,0,0,0,0,0,0,1,0,0,1,0,0,0,0,0,1,0,0,0,0,0,0,0,0,0,0,0,0,0,0,0,1,0,0,0,2,0,0,0,0,0,0,0,1,0,0,0,1,0,0,0,0,0,1,0,0,0,0,0,3,0,0,0,0,0,1,0,2,0,2,0,0,0,0,0,0,0,0,0,0,0,0,1,0,0,1,0,0,1,0,1,0,0,0,2,0,0,0,1,0,0,1,0,0,0,0,0,0,0,0,2,2,0,0,0,0
0,0,0,0,0,0,1,1,0,0,2,0,1,1,1,0,0,2,0,0,1,0,0,0,0,0,0,0,2,2,0,0,0,0,0,0,0,2,0,1,2,0,0,0,2,0,2,0,2,0,1,0,0,0,1,0,2,0,0,0,0,1,0,0,0,0,0,0,0,0,1,0,0,0,0,0,0,0,0,0,0,0,1,0,0,0,4,0,0,0,1,0,0,0,0,0,0,0,0,0,1,1,0,0,0,0,0,0,0,2,0,1,0,2,0,0,0,0,0,0,0,1,0,0,0,2,0,0,0,1,0,0,0,0,0,0,0,0,0,0,0,2,0,0,0,0,2,0,0,2,3,0,0,0,0,1,0,0,0,0,0,0,0,0,0,0,3,0,0,2,0,0,0,0,1,0,0,0,0,1,0,0,1,0,0,2,0,0,0,0,0,0,0,1,0,0,0,0,0,2,0,0,0,3,0,0,0,0,0,0,0,0,2,0,0,0,0,0,0,0,0,0,0,0,0,0,0,0,0,0,0,0,0,0,1,0,0,0,0,0,0,0,0,0,0,0,0,1,0,2,0,0,0,0,0,0
1,0,0,0,0,1,1,0,0,0,2,0,0,0,0,0,0,3,0,0,0,0,0,0,0,0,0,0,2,2,0,0,0,0,0,0,0,2,0,2,4,0,0,0,0,0,1,0,2,1,1,1,0,0,2,0,1,0,0,0,0,0,0,0,0,0,0,0,0,0,0,0,0,0,0,0,0,0,0,0,0,0,0,0,0,0,1,0,0,0,2,0,0,0,0,0,0,0,0,0,1,0,0,0,0,1,0,0,1,2,1,0,0,0,0,0,0,0,0,0,0,1,0,0,0,1,0,0,0,0,0,0,0,0,0,0,0,0,0,0,0,0,0,0,0,0,2,1,0,2,1,0,0,0,0,0,0,0,0,0,0,0,0,0,1,0,0,1,0,0,0,0,0,0,0,0,0,0,0,0,1,0,0,0,0,0,0,0,0,0,0,0,0,1,1,0,3,0,0,3,0,0,0,0,0,0,0,0,0,0,0,1,1,1,0,0,0,0,2,0,0,0,1,1,0,1,1,1,0,0,1,0,1,0,1,1,0,0,0,1,0,0,0,0,0,0,0,0,0,0,0,0,0,0,0,0
0,0,0,0,0,0,1,0,0,0,1,0,0,0,1,1,0,0,0,0,0,0,0,0,0,0,1,0,1,3,0,0,1,0,0,3,0,1,0,1,0,1,0,0,0,0,1,0,1,0,0,0,0,0,0,0,2,0,0,0,0,0,0,0,0,0,0,0,0,2,0,0,0,0,1,0,0,1,1,0,0,0,0,1,2,0,4,0,0,0,0,2,0,0,0,0,0,0,0,0,2,0,0,0,0,0,0,1,0,1,0,0,0,1,2,0,0,0,0,0,1,0,0,0,0,0,0,0,0,0,0,1,0,0,0,0,1,0,0,0,0,1,0,0,0,0,1,0,0,1,1,2,0,0,0,1,0,0,1,0,0,0,0,0,0,0,0,0,0,0,0,1,0,0,0,1,0,0,0,0,0,0,0,1,1,0,0,1,0,0,1,0,0,0,0,0,0,0,2,1,0,0,0,2,0,1,0,1,0,0,0,0,1,1,1,0,0,1,0,0,0,0,0,1,0,0,0,0,1,0,0,0,0,0,2,1,0,0,1,0,0,0,0,1,0,0,1,0,0,0,2,1,0,0,0,0
0,1,0,1,0,0,3,0,1,3,2,0,0,0,0,0,1,5,1,0,0,0,0,0,0,0,0,1,2,2,0,0,1,0,1,0,0,2,0,2,3,0,0,0,0,0,0,0,2,0,0,0,0,0,1,0,2,0,0,0,0,0,0,0,0,0,0,0,0,0,0,0,0,0,0,0,0,0,0,0,0,0,0,0,0,0,2,0,0,1,2,0,0,0,0,0,0,0,0,0,2,0,0,0,0,0,1,0,0,1,0,0,0,0,0,0,0,0,0,0,0,1,0,0,0,2,0,0,0,0,0,0,0,0,0,0,0,0,0,0,1,1,0,0,0,0,3,0,0,2,1,1,0,0,0,0,0,0,0,0,0,0,0,0,1,0,0,1,0,0,0,0,0,0,0,0,0,0,0,0,0,0,0,0,0,0,0,0,0,0,0,0,0,0,0,2,0,1,0,2,0,2,0,0,0,0,0,0,0,1,0,0,1,0,0,0,0,0,0,0,0,0,0,0,0,0,0,0,0,0,1,0,0,0,1,0,0,0,0,0,0,0,0,0,1,0,0,0,0,0,0,0,0,0,0,0
0,0,0,0,0,0,1,0,0,0,4,0,1,0,2,0,0,0,0,1,0,0,0,0,0,0,0,0,2,2,0,0,0,0,0,0,0,2,0,3,3,0,1,0,0,0,0,0,2,0,1,0,0,1,1,0,0,1,0,0,0,0,0,0,0,0,0,0,0,0,0,0,0,0,2,0,0,0,0,2,0,0,0,0,0,0,7,0,0,3,1,0,0,0,0,0,0,0,0,0,0,0,0,0,0,0,0,0,0,0,0,1,2,0,0,0,0,0,0,0,0,1,0,0,0,2,0,0,0,0,0,0,0,1,0,0,0,0,0,0,0,0,0,0,0,0,2,0,0,2,1,0,0,0,0,0,0,0,1,0,0,0,0,0,0,0,1,0,0,0,0,0,0,1,2,0,0,0,0,0,0,0,0,0,0,1,0,0,0,0,0,0,0,1,0,0,0,0,0,2,0,3,0,2,0,1,0,0,1,0,0,0,1,0,1,0,0,0,0,0,0,0,0,0,0,0,0,0,0,0,2,0,0,0,1,1,0,0,0,0,0,0,0,0,0,0,1,0,0,0,0,1,0,0,1,0
