6,2,2,0,0,2,1,2,3,1,2,2,7,0,5,1,3,0,7,7,1,1,4,0,0,3,4,0,0,0,11,0,1,0,1,0,1,0,1,0,0,0,0,0,0,2,6,1,0,0,0,1,8,1,0,3,1,1,1,1,0,0,0,0,7,0,0,1,1,2,1,2,3,0,1,1,1,0,1,1,1,3,2,5,0,5,0,0,0,0,3,1,0,1,1,17,2,5,23,2,0,0,2,1,0,0,1,9,0,0,1,32,0,8,0,1,0,14,3,0,3,0,2,1,4,1,17,1,3,1,0,0,2,0,3,0,25,2,4,2,1,0,0,2,3,1,0,0,5,1,2,0,0,0,0,0,2,0,4,0,0,0,2,11,1,1,0,0,2,4,2,2,1,5,7,2,52,2,0,6,0,0,15,3,2,6,3,1,3,33,15,0,12,0,1,0,0,0,1,0,0,0,18,0,0,0,4,2,15,7,4,0,0,5,0,7,0,0,0,0,19,1,1,0,1,1,0,0,0,1,1,0,1,1,0,1,1,0,1,8,1,0,1,0,0,1,0,0,0,0,1,0,1,0,0,0
5,0,4,0,2,2,1,0,3,0,2,0,0,1,10,1,0,1,3,2,2,1,9,2,0,1,5,0,1,0,2,0,1,0,0,0,3,0,1,0,0,0,1,0,1,1,2,0,0,1,0,0,0,1,0,2,1,0,0,0,4,0,0,23,0,0,0,1,2,5,2,0,0,5,2,1,3,0,0,4,0,1,1,3,0,1,0,1,0,0,1,0,1,1,0,1,1,10,7,12,0,0,8,1,0,9,1,0,11,0,0,52,0,18,0,0,3,0,4,0,2,3,0,1,3,0,13,2,0,0,0,0,4,0,2,3,57,1,1,1,2,0,1,6,4,3,0,3,0,6,2,0,1,8,6,0,3,2,4,14,0,3,0,1,0,4,0,0,0,1,0,1,2,0,1,3,4,1,0,2,0,0,5,7,0,1,2,1,1,1,5,0,1,1,1,0,0,5,0,0,0,2,1,15,2,0,1,1,1,7,5,1,0,4,0,0,1,4,1,1,9,0,0,0,1,1,4,1,1,0,0,0,1,3,0,0,2,6,1,9,3,0,2,0,0,1,1,0,1,0,1,0,3,5,2,0
1,1,8,0,0,3,1,0,0,0,0,0,0,1,0,2,0,0,5,0,3,3,0,3,5,0,2,0,0,0,0,0,0,0,1,0,1,1,0,0,0,0,2,1,0,0,2,0,1,0,0,0,5,2,1,2,15,0,0,0,1,0,0,37,0,0,0,0,1,0,1,7,0,0,0,0,2,1,3,1,0,2,3,2,1,0,4,1,0,0,1,2,0,1,1,10,1,0,4,4,1,1,2,0,2,9,0,1,6,0,0,25,0,9,0,0,1,3,0,1,1,0,1,5,4,0,15,1,2,0,2,1,1,1,0,1,18,2,0,3,0,1,0,2,0,2,2,2,3,0,0,2,8,0,0,1,2,0,2,0,0,1,2,2,2,0,3,2,0,2,0,6,7,0,1,3,4,2,1,0,9,0,23,33,1,6,8,0,5,1,16,0,0,1,0,0,2,1,0,1,0,0,0,18,1,0,2,0,6,2,17,0,1,1,0,5,1,0,0,3,0,0,0,1,2,1,0,1,1,2,1,0,0,2,0,5,1,1,2,2,23,0,2,0,0,1,0,1,0,0,5,0,0,2,7,2
1,2,5,1,0,4,1,0,1,0,2,0,0,0,0,1,0,0,3,0,1,1,0,1,0,1,2,0,0,1,0,0,1,3,0,0,2,0,1,0,4,0,0,1,0,0,2,1,6,1,3,0,0,1,0,1,8,0,1,0,2,0,0,25,0,0,1,0,1,0,4,0,1,4,0,1,1,0,2,0,2,3,1,0,1,0,1,3,0,1,1,1,0,0,0,5,1,12,2,7,0,0,1,1,0,13,0,4,1,1,0,20,0,0,0,1,0,6,0,3,2,0,1,16,0,0,7,0,9,0,0,3,0,0,0,57,47,4,2,1,2,4,0,3,3,1,0,3,3,2,0,0,0,1,0,1,2,0,2,0,1,2,0,0,1,1,0,0,0,1,0,1,2,5,1,2,6,1,2,0,0,0,7,5,1,3,1,1,2,0,10,11,5,1,1,0,0,16,1,0,1,7,9,7,1,0,0,1,27,3,5,0,0,3,2,2,0,12,0,0,2,0,0,0,2,1,9,3,6,0,0,0,0,14,0,0,1,2,7,0,1,0,0,4,0,4,0,1,1,0,3,0,3,0,7,0
2,1,1,0,0,6,4,0,16,1,0,0,0,0,1,1,1,0,2,0,0,1,2,0,8,1,4,0,0,0,2,1,4,0,0,0,2,2,1,0,0,0,1,1,0,0,2,1,2,0,2,0,0,1,0,1,14,2,1,3,0,0,0,3,5,0,0,0,0,0,2,7,0,7,2,1,1,1,0,0,0,6,2,4,4,2,2,1,0,0,1,0,1,0,0,10,1,0,10,13,8,2,1,0,3,0,0,0,6,0,0,33,0,0,0,2,1,0,0,1,0,0,4,2,2,0,4,2,0,0,1,1,0,0,1,0,19,4,0,1,2,1,0,1,3,4,0,1,1,2,0,0,0,1,1,0,1,2,0,2,1,0,0,1,1,2,0,1,0,1,4,4,5,0,1,3,23,0,2,0,9,1,14,7,1,7,17,1,2,7,28,7,1,1,1,1,1,18,3,1,0,4,9,0,4,1,0,1,0,7,11,2,0,0,5,8,0,9,3,0,15,0,1,0,1,1,0,0,4,0,0,1,0,0,0,1,0,3,1,0,3,0,1,3,0,0,1,0,1,0,3,0,0,0,9,1
1,2,5,0,0,7,4,0,10,0,1,0,3,2,7,2,4,1,4,3,2,4,19,4,2,4,5,0,0,1,1,1,1,0,1,1,0,0,0,0,0,0,3,0,0,2,0,0,1,0,1,0,1,2,0,3,5,1,0,0,0,2,0,15,7,0,2,2,2,1,0,1,0,4,0,0,2,0,2,0,0,4,6,6,0,4,1,2,1,0,4,0,0,1,0,2,1,0,0,1,0,4,13,0,0,0,0,0,1,0,1,29,0,7,0,0,4,5,0,1,5,1,2,9,6,0,2,2,2,0,1,6,0,0,1,3,44,2,0,4,2,1,0,2,3,3,3,0,2,1,2,1,0,3,0,1,2,0,1,1,0,0,0,0,0,0,0,0,0,0,0,2,1,0,0,2,2,2,1,1,0,0,7,3,0,3,2,3,2,0,1,3,7,4,0,0,1,5,3,1,1,2,7,7,0,0,3,0,20,1,6,4,0,2,0,6,0,23,0,1,4,0,0,1,1,0,2,1,3,0,2,0,0,3,1,0,1,2,3,0,10,0,0,0,0,0,0,1,0,0,2,0,4,1,2,0
1,0,2,0,0,4,3,0,5,0,0,0,0,1,2,2,0,0,2,2,0,2,0,1,6,1,10,0,0,0,1,1,2,0,1,0,1,0,5,0,0,0,1,0,2,1,1,0,1,0,0,0,0,4,3,2,21,0,1,1,2,0,1,15,3,0,1,1,1,1,4,4,0,2,0,0,3,1,3,0,1,4,2,4,1,0,0,4,0,2,1,5,0,0,1,0,1,1,9,8,1,0,3,2,0,0,0,0,2,0,2,39,0,0,0,0,0,1,1,1,1,1,2,4,1,0,20,4,1,1,0,1,0,1,2,2,32,4,0,4,2,1,0,10,11,4,0,2,2,5,1,2,2,0,0,3,3,4,1,0,0,0,0,0,0,0,0,2,0,1,0,2,6,0,2,9,15,0,2,0,3,2,10,6,1,6,6,5,4,17,14,0,0,2,3,0,0,16,0,0,1,0,21,0,2,0,0,1,0,1,15,0,0,0,2,8,0,4,0,0,8,0,0,0,0,0,1,0,0,1,0,0,1,8,1,3,0,0,2,1,3,0,0,1,0,0,0,1,0,0,5,0,1,0,1,0
3,0,0,1,1,3,4,0,2,0,0,1,0,2,0,3,7,0,3,2,2,3,5,0,3,1,5,0,2,1,1,0,0,1,0,0,1,3,0,0,1,0,3,1,0,1,2,0,0,0,0,0,2,2,0,2,2,1,0,0,0,0,0,1,5,0,0,1,0,0,3,3,2,2,0,1,2,4,1,0,0,1,2,0,0,0,3,2,1,0,2,4,0,1,34,2,2,8,9,33,4,1,5,1,1,1,0,0,6,0,2,26,1,4,0,0,0,2,4,0,2,0,1,9,8,0,4,2,0,2,3,2,2,0,0,1,25,4,1,2,3,3,1,2,2,5,0,0,4,1,0,0,22,2,0,0,2,0,0,0,0,0,0,0,1,0,2,1,0,5,1,5,5,0,0,3,24,0,2,0,7,1,22,2,2,3,2,0,7,1,22,0,0,0,2,0,0,7,0,0,1,3,9,1,2,0,1,0,13,0,15,0,0,1,0,8,0,2,0,13,14,0,0,0,0,0,1,0,1,1,0,0,1,0,0,1,0,0,2,3,0,0,0,2,0,0,1,0,0,0,5,0,0,1,5,3
1,1,1,1,0,5,4,0,3,0,1,0,1,1,1,1,1,6,2,0,0,2,1,3,1,1,3,1,2,0,0,0,1,1,1,0,1,0,2,2,3,0,0,0,1,3,2,0,0,1,0,1,2,2,0,1,0,0,0,1,1,2,0,4,0,0,2,0,1,0,4,2,0,3,0,1,4,1,1,1,0,3,2,0,1,0,0,0,1,0,4,1,0,1,0,2,2,8,8,6,0,1,2,0,1,0,0,1,2,0,1,19,0,7,0,1,0,2,1,2,0,1,1,4,1,24,7,1,0,0,1,1,0,0,0,43,27,2,0,5,1,2,0,2,4,5,0,1,6,0,0,0,0,1,0,1,1,0,1,0,0,3,1,3,0,1,0,2,0,2,0,2,3,1,1,3,40,0,1,0,10,0,7,6,0,1,5,3,1,12,24,3,2,2,6,0,0,2,0,2,1,2,9,2,0,1,2,3,3,2,13,1,0,3,3,11,0,20,1,1,0,0,2,1,1,1,1,0,2,0,0,1,0,11,1,1,0,0,1,0,0,0,0,0,0,1,0,1,2,0,4,1,2,1,3,1
1,0,5,0,1,4,2,0,2,0,1,0,1,2,1,2,0,0,3,1,0,2,12,2,8,0,5,0,0,0,1,0,11,0,2,0,0,0,0,2,0,0,0,1,1,4,4,0,0,2,0,0,6,3,1,4,9,0,0,1,3,0,0,11,23,1,1,3,0,1,4,2,2,1,0,0,2,0,2,1,0,4,3,2,0,0,1,2,0,0,3,1,1,2,0,1,2,11,16,21,0,1,4,0,2,0,0,1,11,1,3,27,1,2,0,0,0,1,0,1,2,0,1,6,1,0,7,1,1,1,0,0,0,0,0,1,11,3,0,2,3,0,4,5,15,3,0,0,1,2,0,0,1,0,0,0,2,6,1,0,0,0,0,0,0,0,0,0,0,0,0,2,7,0,4,2,2,3,4,0,1,0,11,3,5,4,3,5,6,1,25,1,5,0,1,0,0,6,0,0,0,1,5,1,1,0,1,0,20,0,10,0,0,1,0,14,1,8,0,0,4,0,0,0,1,0,1,0,1,0,0,0,0,2,0,1,0,0,3,2,1,0,0,1,0,1,2,0,0,0,4,0,0,0,3,0
1,0,1,1,2,10,8,0,1,0,0,0,1,1,1,2,0,0,1,2,0,3,1,5,5,0,3,0,1,0,1,0,1,1,3,0,0,0,1,0,1,0,1,0,1,1,2,0,0,0,0,0,2,2,0,2,13,0,0,1,0,0,0,2,1,0,2,0,0,1,1,5,0,3,1,0,4,0,0,0,0,6,2,7,0,0,1,1,0,1,4,0,0,1,0,4,3,0,8,19,0,1,3,0,0,0,0,0,4,0,1,27,0,0,0,0,0,0,1,3,4,0,2,6,1,0,9,2,8,1,3,1,2,1,0,0,20,4,0,4,2,1,0,6,7,3,0,0,2,1,1,0,0,0,0,0,2,0,0,1,0,0,0,0,0,0,7,1,0,2,0,4,5,0,1,2,12,1,7,0,4,1,12,7,1,3,8,1,9,0,35,0,1,4,0,1,0,11,0,0,0,0,6,13,0,0,5,0,5,0,20,0,0,0,0,8,0,3,1,1,0,0,0,0,0,0,0,0,0,2,4,0,0,2,0,4,0,1,3,6,0,0,0,6,0,0,0,0,1,0,4,0,1,1,4,1
3,0,2,0,1,6,1,0,4,0,1,0,0,0,1,1,1,0,2,4,3,1,0,2,3,1,2,0,0,0,1,2,2,2,0,1,1,0,1,1,1,0,0,2,0,2,1,1,1,1,3,0,1,2,1,2,16,2,0,0,2,0,0,4,1,0,0,0,1,2,3,2,0,4,6,0,1,0,1,1,0,4,5,0,0,0,2,1,1,0,0,0,1,4,0,5,0,1,5,7,0,1,2,0,1,0,1,2,3,1,4,27,2,0,0,0,4,1,4,0,0,1,1,14,8,1,11,0,8,0,1,0,3,0,1,2,11,2,1,3,3,1,3,1,4,3,0,3,2,0,0,0,0,0,0,0,1,0,1,0,0,0,2,0,1,0,1,1,0,1,0,3,6,0,2,2,8,0,1,0,6,1,9,2,2,10,5,2,4,0,14,5,3,0,5,0,0,5,3,0,0,3,16,0,5,0,1,1,21,0,19,0,0,0,0,6,0,9,1,1,2,1,0,0,0,0,1,1,0,1,0,0,2,2,1,6,0,4,2,4,17,0,0,5,0,1,2,3,7,0,4,0,0,2,3,1
24,0,0,0,0,1,2,7,5,3,0,0,0,0,1,1,4,1,0,1,4,3,2,0,0,2,1,0,0,1,2,7,4,1,0,0,4,2,1,5,2,0,0,0,0,2,0,8,0,0,1,8,0,4,2,0,1,8,3,1,1,1,0,16,0,1,0,4,0,1,3,0,0,2,2,5,0,6,1,0,1,2,0,0,0,1,3,0,2,1,1,0,0,1,1,0,0,5,28,2,0,13,6,0,0,18,1,2,0,12,0,24,1,4,0,9,0,5,1,2,0,1,3,5,5,5,6,0,0,0,0,0,0,0,2,0,12,1,4,1,4,0,2,4,2,0,0,1,0,1,0,3,0,0,0,0,0,0,0,0,0,1,3,3,0,0,0,0,2,1,2,2,0,3,8,4,1,0,0,1,4,0,4,7,0,2,3,2,3,8,5,1,8,0,0,0,4,4,1,0,6,0,1,2,0,0,1,2,0,0,0,0,1,2,0,0,0,1,0,0,2,9,0,0,0,1,2,0,0,0,0,1,0,0,1,0,4,3,1,5,0,18,0,0,1,1,0,0,0,0,1,1,1,0,1,0
2,2,2,0,0,1,1,0,1,0,2,0,0,0,2,0,0,0,4,0,1,3,2,1,0,4,2,0,0,0,1,0,2,0,2,4,1,0,1,1,2,0,0,2,0,1,2,2,0,0,0,2,11,2,34,1,0,2,1,0,0,2,0,6,2,0,1,0,0,0,3,0,1,3,0,1,1,4,6,1,0,2,0,4,0,8,1,1,0,1,0,0,0,4,1,11,0,3,9,30,1,1,1,0,0,4,1,2,0,0,0,36,0,10,1,0,4,5,1,2,0,1,1,5,5,0,6,1,0,1,2,0,0,1,3,0,27,3,0,2,2,0,0,2,7,2,0,1,0,1,1,1,0,0,0,0,2,3,4,2,0,0,2,0,2,0,1,0,0,1,0,1,1,1,2,1,18,0,3,0,0,0,8,4,0,2,2,1,5,13,10,0,9,1,1,0,1,0,0,2,0,2,13,2,0,0,3,1,0,0,4,1,0,2,0,2,1,0,0,3,1,1,0,0,4,3,0,0,0,0,0,0,0,0,1,0,0,0,2,6,0,0,0,0,0,0,1,0,0,0,3,0,7,3,3,2
3,0,4,0,0,4,6,0,3,1,1,1,3,0,1,1,0,13,3,1,3,4,23,0,1,1,5,0,1,0,1,0,3,0,2,0,1,3,1,1,0,0,2,0,0,4,5,0,0,1,0,0,1,1,0,1,0,0,0,5,1,0,0,0,4,0,1,4,0,0,5,1,0,2,0,1,3,0,0,0,1,2,2,0,0,0,1,2,1,0,6,0,0,3,0,6,0,1,42,4,1,0,1,0,0,0,0,0,17,0,2,16,0,12,1,0,0,6,1,0,0,1,2,2,2,0,9,0,0,0,1,2,1,1,1,3,34,1,0,1,1,1,1,1,1,1,0,1,2,1,2,0,0,1,0,2,1,0,3,0,0,0,1,0,1,0,1,0,1,2,0,4,5,0,1,2,46,1,3,3,3,0,12,8,0,3,10,4,5,10,42,2,1,0,3,0,0,3,2,0,1,3,0,0,1,0,0,1,5,3,8,1,0,0,3,4,0,12,0,2,2,0,0,1,0,0,5,1,0,0,0,0,0,4,0,1,0,0,1,1,6,0,0,0,1,0,1,0,2,0,2,0,0,0,3,1
1,0,1,0,0,6,1,0,7,0,0,0,0,0,1,1,3,1,3,0,0,1,1,0,1,4,2,0,0,0,1,1,1,5,1,0,1,1,1,0,1,0,1,2,0,0,0,0,0,2,0,0,0,2,1,2,1,1,0,2,0,0,0,5,1,0,1,0,2,0,3,2,0,4,1,1,1,3,8,1,0,3,0,2,2,0,0,1,1,1,1,4,0,0,0,12,1,6,2,6,0,2,5,0,2,1,1,0,1,1,4,25,2,1,0,1,0,4,3,1,0,0,2,2,4,2,3,1,1,0,0,1,1,0,1,0,22,1,6,1,1,1,2,1,14,2,0,0,2,5,0,0,0,3,2,0,2,3,2,2,1,6,0,0,0,1,0,0,2,2,0,1,4,0,1,1,28,1,2,0,0,1,12,4,2,4,5,1,1,12,12,6,2,3,0,0,1,3,0,0,0,3,15,1,0,0,8,1,1,1,9,0,0,3,1,9,0,1,0,0,7,0,0,0,5,0,1,0,0,1,1,2,0,0,0,0,0,8,1,3,0,0,0,0,0,0,1,1,0,0,5,0,6,0,2,0
1,0,1,0,0,0,0,0,1,1,0,0,3,0,8,2,0,0,4,2,1,1,5,1,0,3,4,0,0,0,1,1,1,0,0,0,2,0,1,0,1,1,0,0,0,2,3,0,0,0,0,0,0,1,0,2,1,0,0,0,0,1,0,1,3,0,0,0,1,6,1,0,0,0,10,1,1,0,1,0,0,4,3,1,0,0,1,1,2,0,5,1,0,2,0,0,3,2,26,0,0,0,1,1,1,1,3,2,0,0,1,40,0,16,0,1,0,2,1,0,0,1,3,0,1,0,9,2,3,0,2,0,0,0,1,12,31,1,0,2,1,0,0,1,14,3,0,2,0,2,0,0,0,0,1,1,1,0,4,1,0,1,12,0,0,0,0,0,0,1,0,3,1,0,1,2,41,1,2,0,0,0,3,3,0,1,1,3,1,13,12,0,16,0,0,0,1,6,0,0,0,0,7,0,1,0,0,1,14,0,4,2,1,1,0,1,0,1,1,0,10,0,0,1,0,0,1,0,0,4,2,0,2,0,0,0,0,0,3,5,8,0,0,1,0,0,0,0,3,0,1,1,5,1,1,3
3,0,2,0,0,1,2,0,3,0,1,0,1,0,1,3,2,15,6,3,1,2,27,1,0,3,3,0,1,0,0,0,0,0,1,7,0,2,0,0,1,0,1,0,1,2,1,0,0,0,1,0,1,2,20,2,0,0,0,1,2,0,0,0,0,0,1,0,0,1,3,0,0,3,0,0,3,2,0,0,0,1,2,0,0,2,0,0,0,0,4,1,0,2,3,7,2,6,20,6,0,0,5,0,0,0,0,4,2,0,1,34,1,9,0,0,1,3,0,1,0,0,0,5,0,0,15,1,4,2,5,1,1,0,0,1,32,2,0,3,0,0,0,2,8,2,0,1,5,5,1,0,1,2,0,0,2,0,2,0,0,1,0,0,0,1,0,0,0,0,0,2,1,0,0,2,26,0,0,0,1,0,6,2,0,5,3,0,1,5,11,3,1,4,0,0,0,2,1,0,5,3,1,0,0,0,3,0,4,2,3,0,1,2,0,1,1,0,0,0,2,0,1,0,0,0,7,2,0,0,2,2,0,2,0,4,0,1,3,0,24,0,0,0,2,0,0,0,1,1,3,0,5,0,2,1
3,0,1,0,0,1,1,4,5,0,2,0,0,0,1,1,0,0,3,4,0,2,8,1,0,6,2,0,0,0,3,0,1,0,1,0,1,1,3,0,0,0,2,0,0,2,2,0,1,2,0,0,0,1,0,1,0,0,0,0,4,0,1,12,4,0,0,0,0,1,3,0,2,1,0,1,1,0,2,0,0,4,1,3,0,0,3,1,1,0,5,0,0,1,2,13,2,4,7,5,0,0,5,2,3,0,0,0,1,0,0,41,0,13,0,0,6,0,0,0,1,0,0,6,3,1,7,2,7,1,1,2,1,0,1,5,43,2,1,1,1,2,0,7,2,2,1,1,2,0,1,1,0,9,1,0,1,1,3,0,0,1,2,0,0,0,0,0,0,1,15,1,2,0,1,3,5,0,1,0,0,0,6,17,1,2,2,2,2,3,3,0,3,0,0,3,0,0,0,1,0,0,4,4,2,0,2,1,0,1,4,0,0,0,0,1,3,5,0,1,0,0,0,1,1,0,2,0,0,1,0,0,0,1,1,0,0,1,2,4,28,0,1,0,0,0,2,0,1,0,3,0,2,14,1,0
3,0,0,0,0,3,2,0,4,0,0,0,1,2,1,1,2,11,4,2,0,1,5,3,3,1,6,0,0,0,0,0,2,0,1,0,2,0,3,0,0,0,4,0,0,2,3,0,2,0,0,0,0,1,0,1,0,0,0,0,0,1,0,10,0,2,0,0,0,0,2,0,1,0,1,1,1,0,0,1,1,1,1,1,2,0,0,2,0,0,2,0,0,1,0,0,2,8,4,1,2,0,3,0,0,10,0,4,2,0,0,13,0,1,0,2,0,2,0,0,0,0,1,1,0,1,3,1,6,0,2,1,1,0,1,56,56,1,2,2,1,0,2,1,5,5,0,3,4,4,0,0,0,0,0,0,1,1,3,5,1,5,0,0,0,0,0,0,0,1,0,1,3,4,1,1,9,0,0,0,1,0,11,6,0,7,3,1,1,3,7,0,1,0,1,0,0,19,1,0,1,1,2,24,0,1,0,1,1,1,1,0,2,2,1,1,4,7,0,1,5,1,0,0,0,1,5,0,8,0,0,0,1,21,0,0,7,4,5,2,2,0,0,0,1,0,1,0,1,0,3,0,0,0,5,1
2,1,1,0,0,2,5,1,3,0,0,1,0,1,2,1,0,1,2,0,1,2,8,0,0,1,4,0,0,0,1,0,1,0,1,1,1,0,1,1,1,1,2,0,0,4,3,0,1,0,1,0,2,1,0,2,1,0,1,3,0,0,0,21,0,0,0,1,0,1,0,1,0,3,0,1,1,0,0,0,0,2,2,0,0,4,1,3,2,0,1,1,0,1,0,0,2,2,1,6,1,0,3,0,0,16,0,1,0,0,2,35,1,12,0,0,1,1,1,0,1,3,3,6,14,1,0,3,8,0,0,0,0,0,1,4,48,2,2,11,3,0,3,25,6,4,0,6,2,4,0,0,0,0,2,0,1,0,2,0,1,1,1,1,0,0,0,0,0,1,0,1,4,0,1,1,0,1,0,0,1,2,10,4,1,2,2,1,3,3,10,3,4,0,1,0,0,3,0,4,0,1,0,1,1,0,1,1,6,0,12,0,0,0,0,2,0,9,1,0,13,0,0,0,0,0,2,0,4,1,0,0,0,3,0,0,0,1,1,2,0,0,0,0,0,0,0,0,0,0,4,1,1,0,4,0
2,0,2,1,1,3,3,0,2,0,2,1,1,1,0,2,12,1,0,2,0,5,8,0,2,0,8,0,0,0,0,0,2,0,0,0,0,2,0,2,0,0,0,1,0,1,2,0,0,1,1,0,1,2,0,2,2,2,2,1,0,0,1,25,0,0,0,2,1,0,0,3,1,2,1,0,4,0,0,0,0,2,2,8,2,2,1,0,0,0,4,1,0,0,0,8,1,9,2,10,2,0,2,0,0,5,0,0,17,0,2,40,0,6,0,0,1,11,0,0,1,0,2,1,0,1,21,1,6,0,0,0,0,1,1,4,36,2,0,2,2,2,2,7,8,3,0,2,8,0,0,0,0,4,0,2,2,2,1,0,1,1,0,0,0,0,0,0,0,2,0,2,1,0,0,3,11,0,0,1,1,0,3,5,0,3,1,1,2,2,17,2,0,0,1,0,0,4,3,1,1,0,6,1,0,0,10,0,1,1,2,1,0,0,0,5,0,10,0,0,0,0,0,0,0,4,1,2,0,0,2,0,0,6,0,0,0,1,2,4,3,0,0,0,0,0,1,0,0,0,0,0,0,0,3,0
3,0,5,0,0,1,3,0,3,0,0,0,0,4,2,1,2,2,4,2,0,1,0,0,0,1,1,1,0,1,2,0,3,0,1,0,3,0,1,0,0,0,0,0,0,2,1,1,0,0,0,0,2,1,0,1,1,0,0,0,5,2,4,1,1,0,1,0,0,0,2,2,0,0,1,1,1,2,1,0,0,4,2,2,2,0,0,3,0,0,3,3,0,0,2,8,0,3,18,6,0,0,1,2,3,0,0,0,5,0,2,30,1,4,0,0,0,2,2,0,0,0,0,2,0,0,12,2,0,1,2,0,1,1,0,0,28,1,0,2,3,0,2,2,11,2,0,1,0,2,0,0,0,2,0,0,1,0,3,0,1,1,10,0,0,0,0,0,0,1,0,1,2,0,1,1,37,0,6,0,1,0,8,3,0,3,14,4,2,3,32,2,3,1,0,0,1,1,0,1,0,1,23,1,2,0,2,1,2,0,5,0,1,3,0,8,0,23,0,0,16,2,0,0,0,0,0,0,1,0,0,0,1,0,0,0,1,0,2,5,0,0,1,0,0,0,0,0,0,1,3,0,0,0,5,1
0,2,0,1,2,0,3,0,9,0,2,0,1,0,0,4,4,1,5,0,0,0,3,0,0,3,3,1,0,1,1,2,1,0,0,0,2,0,1,1,1,0,1,1,0,2,1,0,1,2,1,0,0,2,0,1,0,1,0,0,0,2,4,8,0,0,5,0,0,1,2,0,0,1,0,1,2,1,5,2,0,2,0,4,0,0,0,0,1,1,2,0,0,1,1,0,0,1,13,1,0,10,4,1,9,4,0,4,3,3,1,31,2,1,0,7,1,8,1,1,0,0,2,1,6,0,10,1,6,0,3,0,1,1,2,0,17,1,0,1,0,0,0,2,4,0,0,1,0,0,2,0,30,0,0,0,2,1,0,1,2,1,5,0,0,2,0,0,1,2,0,0,3,2,1,5,3,6,0,3,1,0,4,17,0,1,2,1,2,1,1,0,2,0,0,0,2,3,0,0,8,5,1,2,1,0,0,3,1,0,3,0,1,2,1,1,0,8,0,1,4,3,0,0,0,0,1,2,0,0,0,3,0,5,4,0,4,0,1,16,14,4,0,0,0,0,0,0,0,0,2,1,2,12,1,0
2,0,0,0,1,6,2,0,3,1,0,0,0,0,3,2,0,0,8,0,4,1,0,2,1,2,3,0,0,0,1,0,3,3,3,0,1,0,1,0,0,1,4,0,0,8,3,0,1,1,3,0,2,1,0,2,0,0,0,1,0,0,0,21,0,0,0,0,0,0,2,3,1,0,0,1,1,0,0,0,1,1,1,0,1,1,0,1,0,0,1,3,0,0,0,4,2,8,7,3,3,1,2,2,0,10,0,1,1,1,1,20,2,2,0,1,2,1,1,1,1,0,1,2,1,0,7,1,0,2,4,1,1,1,0,39,33,1,0,8,2,1,1,1,4,3,0,2,1,0,3,0,0,1,1,0,1,0,2,0,1,1,0,0,1,0,0,0,0,1,0,1,4,8,1,1,7,6,0,0,3,0,8,13,1,3,2,2,4,4,9,0,0,0,3,0,0,6,1,2,0,0,1,15,0,0,2,1,4,0,12,3,0,1,0,3,0,9,1,0,1,0,0,1,2,0,5,0,0,1,0,0,0,11,0,0,0,4,1,6,6,0,0,2,0,0,0,1,0,0,4,0,1,3,3,2
4,0,0,3,0,2,2,0,4,0,1,0,0,0,2,2,2,0,1,1,0,2,0,2,0,1,2,0,2,0,1,0,1,0,1,0,0,0,0,0,0,0,0,1,0,2,1,0,1,0,2,0,9,2,2,2,1,0,0,0,0,2,1,1,6,3,1,0,0,0,0,2,0,0,0,0,4,0,0,1,0,2,3,4,0,0,0,2,0,2,3,6,0,2,4,4,2,3,0,0,4,1,0,0,0,1,0,2,1,0,0,27,0,13,0,0,1,9,0,5,0,0,0,1,0,0,4,0,1,0,0,0,0,0,0,17,22,2,0,3,1,2,0,2,9,4,0,0,5,1,0,0,0,2,0,0,2,4,1,0,1,3,0,0,1,1,0,1,0,1,0,2,3,0,0,2,15,0,3,0,0,0,11,4,0,2,1,0,1,7,16,2,11,1,1,0,0,2,0,0,0,5,24,0,1,0,2,0,15,3,4,0,2,7,0,5,0,15,0,0,13,0,0,1,1,0,5,0,0,0,0,0,2,4,0,0,1,1,3,0,0,0,0,1,0,0,0,0,0,0,3,1,0,0,3,2
3,0,0,2,1,4,0,1,1,0,1,0,1,0,1,3,1,5,3,1,4,1,5,2,4,2,3,0,2,0,2,0,1,1,0,0,2,0,1,0,0,0,4,0,0,0,3,0,0,2,2,0,1,1,0,1,1,0,0,1,0,0,0,21,0,0,0,0,0,0,3,3,1,0,2,1,2,2,1,0,0,1,1,2,2,0,1,1,0,0,2,3,0,5,0,8,0,3,16,7,2,1,10,0,0,11,0,0,7,0,3,32,2,4,0,1,0,7,0,2,2,0,2,8,2,0,11,4,1,0,0,0,0,1,3,0,30,4,0,5,0,0,0,7,5,2,1,1,6,0,0,3,0,2,0,0,2,0,3,0,0,0,1,0,0,0,0,1,0,3,1,3,9,7,2,3,12,2,4,2,3,0,18,6,0,1,2,1,2,3,14,0,1,1,4,0,0,2,0,0,0,3,2,6,0,0,0,1,2,1,15,0,0,0,0,5,1,1,0,4,0,0,0,1,0,1,1,0,2,2,0,0,0,6,1,3,0,0,2,1,10,1,2,0,0,0,1,1,1,1,7,0,0,5,4,1
0,2,0,3,0,3,1,0,1,0,0,1,0,0,0,0,0,0,0,0,0,0,3,0,0,3,0,2,0,1,4,5,2,0,0,6,8,0,3,2,4,0,2,0,0,0,0,0,0,0,3,2,0,4,8,0,0,18,2,2,3,1,0,0,1,23,0,4,2,0,2,0,0,1,3,9,1,14,0,8,0,3,2,0,0,0,2,0,2,7,3,0,0,0,0,4,0,0,33,0,1,8,3,0,1,14,1,0,5,1,0,4,0,0,0,24,0,1,1,0,3,0,0,12,8,9,4,8,1,2,0,0,0,0,5,0,0,1,2,0,4,0,1,0,0,0,1,0,0,0,0,6,3,0,0,0,0,0,0,5,0,0,0,0,0,6,0,0,1,3,0,5,0,2,2,3,0,0,0,3,3,0,3,5,3,0,9,2,5,1,2,2,2,1,2,1,3,1,0,1,2,1,0,1,0,0,0,2,0,0,0,0,0,2,1,1,0,0,0,0,0,4,0,0,6,0,4,0,0,0,2,0,0,3,0,0,1,0,0,0,0,0,0,7,2,6,0,0,1,0,0,2,2,0,5,0
1,1,1,0,0,5,4,0,2,0,0,0,2,2,2,1,0,0,1,1,0,2,1,0,3,1,5,0,0,0,1,0,1,0,3,0,2,0,2,0,0,0,0,0,0,2,0,0,1,0,1,0,1,1,0,1,3,0,2,0,0,1,0,1,1,0,1,0,0,0,1,6,1,2,0,1,1,0,4,1,0,2,2,1,0,0,2,1,1,0,1,0,0,3,0,4,0,7,8,1,0,1,0,1,5,0,1,0,1,0,3,15,0,0,1,0,0,2,2,0,1,1,1,1,2,1,3,1,0,0,4,1,0,0,3,31,21,1,0,2,1,2,1,1,5,3,0,2,2,1,0,0,0,0,0,1,1,0,2,0,0,1,1,0,2,0,0,1,0,1,0,3,5,0,1,2,33,0,0,0,4,0,12,5,0,1,6,1,4,11,11,4,1,2,0,0,0,6,0,1,0,2,7,0,0,1,0,1,10,0,16,0,0,0,0,4,0,18,0,0,10,0,1,0,0,0,2,1,2,0,0,0,1,17,0,1,1,4,2,3,10,0,1,2,0,0,0,0,1,0,3,1,2,1,5,1
2,0,1,0,0,1,0,0,4,0,0,10,5,0,1,2,0,2,6,4,0,3,1,0,0,1,5,1,0,0,1,0,1,0,0,0,1,0,1,0,0,0,1,0,1,1,3,0,1,0,0,1,0,1,0,4,0,2,0,1,0,2,0,0,5,5,0,0,1,0,1,0,0,1,0,2,2,0,8,2,0,1,2,5,5,0,0,1,0,0,9,0,0,1,1,5,2,1,5,11,0,0,3,0,1,2,0,0,0,0,1,20,1,14,1,0,0,10,3,1,0,0,0,1,0,0,12,2,3,0,1,0,1,0,6,41,27,2,13,34,3,0,1,1,16,1,0,2,1,0,2,0,1,1,0,0,1,7,1,0,0,0,0,2,0,1,0,0,2,1,0,1,5,0,1,1,22,1,3,0,1,0,9,3,0,2,1,7,2,2,8,3,6,0,0,1,0,2,0,0,0,2,0,1,0,0,0,1,0,3,6,0,1,4,0,4,0,3,0,2,14,0,1,0,2,0,0,0,7,2,2,0,1,8,0,0,0,0,1,4,0,0,0,1,0,0,0,0,0,0,3,0,2,0,2,3
1,0,2,0,0,2,2,0,4,0,0,0,1,4,2,1,1,0,1,2,0,1,0,0,0,2,2,0,0,0,2,0,4,0,0,1,1,2,1,0,0,0,1,0,0,6,3,0,0,0,0,0,3,1,2,3,1,0,0,1,0,0,0,22,1,6,0,2,2,2,10,0,0,0,2,1,1,1,11,2,1,1,3,0,1,0,0,1,0,0,2,3,0,0,0,6,0,0,0,9,5,0,0,0,2,2,1,0,5,0,1,25,0,1,0,1,0,3,2,1,0,0,1,3,0,3,2,0,0,0,1,1,2,0,3,42,30,3,1,4,0,1,0,3,5,4,0,4,0,0,0,1,0,0,0,0,2,0,1,2,4,1,0,1,1,0,0,0,1,1,0,1,1,1,3,1,23,0,1,0,1,0,7,4,0,2,1,2,2,12,5,7,1,0,0,1,1,17,0,0,5,7,12,4,1,1,2,1,4,4,4,0,0,2,0,2,1,6,0,0,20,0,0,0,1,0,2,1,0,0,0,0,0,8,0,0,1,1,2,0,0,0,0,0,0,0,0,0,5,0,1,0,4,1,2,2
5,0,0,3,0,4,6,0,2,0,0,0,0,0,0,2,0,0,2,2,1,3,9,0,4,2,2,3,0,0,1,3,4,0,1,2,2,0,1,2,1,5,2,0,3,1,1,0,0,0,1,1,0,2,4,2,0,2,4,2,0,7,0,7,0,5,1,2,0,0,2,1,0,1,4,2,0,1,0,1,0,4,0,0,2,1,1,0,2,0,2,1,2,1,0,3,0,10,3,1,3,1,5,0,0,1,1,0,7,0,0,10,0,0,0,15,0,2,1,0,4,1,0,6,2,3,10,4,1,0,3,1,0,0,1,0,17,1,2,1,5,1,7,0,0,0,0,4,1,0,2,6,4,0,0,0,0,0,0,0,2,2,2,4,1,0,4,1,2,1,0,1,4,2,6,1,15,0,0,0,6,0,13,6,0,1,3,1,7,1,13,0,2,0,1,0,1,4,1,2,0,3,2,0,1,0,0,2,0,0,13,0,0,3,0,5,2,12,1,0,1,1,0,0,1,1,3,2,0,0,0,0,0,2,0,5,5,1,1,3,0,0,0,0,1,2,1,0,0,0,4,0,0,0,2,1
1,0,2,1,0,1,1,0,3,1,1,0,1,0,0,2,12,18,1,1,1,1,6,2,0,1,6,0,2,0,0,0,2,0,0,0,2,4,1,0,0,0,2,0,0,0,0,0,0,2,0,0,0,1,0,1,0,1,0,1,0,1,0,17,0,1,0,0,1,0,2,4,1,0,1,1,1,0,0,0,1,2,1,11,0,0,0,2,2,0,1,0,0,0,0,1,0,7,28,6,0,1,7,0,2,16,0,7,0,0,0,15,2,0,0,0,1,6,0,0,0,0,0,0,2,0,8,0,1,0,1,0,0,0,1,0,33,1,0,2,1,1,0,4,7,1,2,1,1,0,0,1,4,4,1,0,1,1,2,0,2,0,0,0,1,3,0,0,0,1,0,1,1,0,2,1,7,0,0,0,0,0,6,10,3,4,29,2,3,7,24,0,3,0,0,0,0,3,0,0,0,2,1,5,1,0,1,1,1,1,5,0,0,1,4,2,0,1,0,0,3,0,0,0,2,0,0,2,0,0,0,0,0,5,0,0,0,0,3,0,12,0,0,0,0,0,0,0,1,0,1,0,2,6,0,0
4,1,2,0,0,5,2,0,1,0,0,2,1,1,2,3,0,3,4,0,3,2,9,2,0,1,4,0,1,0,0,0,1,0,4,0,1,0,1,0,0,0,0,3,1,1,3,0,2,2,0,0,0,1,0,1,3,0,0,2,0,0,0,9,0,0,1,2,1,0,2,3,0,2,1,1,3,1,3,0,1,4,1,5,2,1,1,4,0,0,1,0,0,4,0,3,4,6,11,8,0,0,2,0,3,0,0,3,9,0,1,38,0,1,0,0,1,5,2,0,3,1,1,2,0,0,2,1,0,2,1,1,0,0,1,2,46,2,0,1,4,0,0,3,15,1,0,2,3,2,0,1,13,1,0,2,1,1,3,6,1,2,0,0,1,0,0,0,0,1,0,1,4,0,1,1,2,4,0,0,2,0,7,5,2,1,3,1,2,2,28,0,2,1,0,0,0,8,0,0,0,2,8,8,0,0,0,1,3,4,6,0,0,5,0,5,0,7,0,12,0,0,0,0,0,0,3,0,0,0,0,1,1,4,0,1,0,3,1,3,0,0,1,0,0,0,1,1,0,0,9,0,0,0,11,0
0,2,0,1,0,1,1,0,2,0,0,0,2,0,1,2,0,1,7,0,3,3,2,0,1,5,4,0,0,0,1,2,2,0,0,0,3,0,2,5,0,1,0,0,0,1,6,3,0,0,2,15,0,4,10,1,0,3,1,3,0,17,3,3,0,3,0,0,1,0,2,2,1,0,5,8,1,3,2,3,1,1,0,5,1,0,4,3,1,4,0,0,0,1,0,3,1,6,34,0,0,4,5,1,14,7,1,1,0,1,2,30,0,3,1,9,1,2,2,1,0,0,0,1,1,2,2,0,0,0,0,0,0,3,2,0,7,1,0,1,4,0,0,1,6,0,1,1,0,0,1,0,0,0,0,0,0,0,0,0,0,0,1,0,0,2,0,0,1,1,1,1,0,2,1,0,4,1,3,2,4,0,5,6,0,2,4,7,2,0,3,1,13,0,1,0,9,1,0,0,4,6,0,1,0,0,0,2,1,1,1,1,1,2,1,1,1,0,1,1,10,13,0,1,7,0,1,1,0,0,0,0,0,2,0,0,1,2,0,3,0,1,3,3,1,1,0,0,0,0,1,0,1,0,0,0
2,0,0,0,0,2,1,0,8,0,1,0,1,0,1,1,1,8,5,0,0,1,1,0,0,1,1,1,0,0,1,0,1,0,1,0,1,1,1,0,2,0,0,0,0,1,1,0,0,1,0,0,3,1,0,1,0,2,0,0,0,0,0,0,2,0,0,1,2,3,1,1,0,5,1,2,2,1,2,0,0,2,1,3,0,0,1,1,0,0,8,0,1,2,1,24,2,3,20,13,2,0,2,0,1,1,0,1,5,0,1,31,1,11,0,1,0,1,1,1,0,0,0,1,0,0,3,2,5,0,1,0,1,0,0,4,17,1,2,4,1,0,0,1,9,1,0,2,2,1,0,0,0,1,0,0,1,1,2,0,0,0,0,0,0,0,0,0,0,1,0,1,0,13,1,2,38,4,1,0,3,0,3,14,0,1,2,2,2,23,34,0,13,0,2,0,0,0,1,0,0,2,2,1,0,0,1,1,1,3,2,0,0,1,5,1,0,0,1,0,5,0,0,0,1,0,0,0,0,0,0,1,1,0,0,1,3,2,1,6,6,0,0,0,0,1,0,0,1,1,0,1,0,0,0,1
0,0,1,1,0,3,1,0,1,0,0,0,0,1,0,1,2,2,6,0,1,1,10,0,3,3,2,1,0,0,0,0,0,0,0,0,5,0,0,1,2,0,1,0,2,2,4,1,1,0,0,0,0,2,0,2,0,1,0,2,0,0,0,0,0,1,3,0,0,0,1,0,0,0,3,1,2,3,2,1,1,4,1,0,0,0,1,0,2,0,2,0,0,1,1,3,2,11,18,0,0,1,1,2,1,2,1,4,2,0,2,10,4,0,5,12,6,9,1,3,0,2,0,1,0,0,2,0,1,0,2,0,0,5,2,0,28,2,1,3,4,0,2,1,4,1,0,0,2,1,5,10,1,0,2,0,4,1,0,4,1,0,0,0,1,1,0,0,0,0,1,4,0,1,2,3,39,3,9,1,0,0,6,6,3,4,6,1,1,13,55,0,3,0,3,0,0,2,1,8,3,0,1,1,0,3,1,1,3,2,0,0,1,0,2,3,1,1,0,0,1,3,2,0,2,4,3,1,1,0,0,0,0,4,0,0,1,0,2,3,5,5,0,0,1,1,1,5,1,0,3,0,3,2,2,0
0,7,1,1,12,0,2,0,7,0,6,0,3,10,1,2,8,4,1,7,3,0,2,0,1,1,2,0,4,4,0,2,1,0,0,7,3,1,2,1,1,0,1,0,1,0,1,35,40,0,5,0,0,0,1,3,3,0,1,3,0,2,0,0,0,0,1,0,0,0,2,1,0,0,0,1,0,2,0,1,1,0,1,0,0,0,2,0,0,1,1,0,0,1,0,0,3,0,1,0,0,1,0,3,0,1,1,0,2,3,0,0,0,0,1,2,0,1,0,0,0,1,0,3,1,1,0,1,0,5,0,0,0,0,2,4,13,7,2,1,0,4,4,1,11,0,0,0,0,0,1,0,1,1,0,0,0,0,0,0,3,0,1,0,1,0,1,0,2,2,3,0,0,0,5,3,2,1,0,0,2,0,0,2,7,0,0,10,2,4,1,3,2,0,0,1,5,0,9,3,1,4,5,0,0,4,0,6,0,0,0,0,0,40,6,1,2,0,1,0,22,0,4,3,0,4,0,0,0,0,1,0,1,1,0,0,1,1,0,0,1,1,3,1,0,0,0,3,1,0,1,1,4,2,0,2
6,0,2,2,0,2,1,0,3,0,0,0,2,1,2,1,1,1,8,0,4,1,3,0,1,2,2,0,0,0,3,0,1,0,1,0,2,7,1,1,1,0,0,0,0,5,1,0,0,0,1,1,1,1,0,1,1,0,0,0,1,1,1,5,9,1,1,0,0,0,2,0,0,0,1,1,1,1,1,1,0,2,1,0,0,0,0,0,1,0,1,2,1,1,0,3,1,10,4,6,2,1,3,0,1,1,0,3,3,0,0,27,0,23,0,1,1,0,2,0,6,0,1,8,8,0,3,0,7,3,1,0,0,0,1,0,33,1,1,2,2,0,1,2,14,2,0,1,0,1,0,1,0,0,1,0,1,0,3,0,0,0,1,0,1,0,0,1,2,1,7,2,4,0,1,1,21,0,4,1,1,0,5,6,0,3,4,2,2,1,13,0,3,1,1,0,1,5,0,7,0,0,5,0,1,0,2,1,15,1,1,3,0,1,0,0,0,3,1,12,2,7,1,0,0,4,2,0,0,0,0,1,5,1,0,0,1,6,1,6,1,1,0,1,1,0,1,0,1,1,1,1,3,0,1,0
1,0,1,3,2,4,2,1,1,0,0,0,2,3,2,3,13,17,1,1,1,5,9,1,0,1,2,2,0,0,0,0,1,6,4,1,1,1,1,2,0,0,4,3,1,3,1,0,1,2,2,0,1,1,0,2,0,0,0,1,0,1,0,42,1,0,0,1,0,1,7,1,1,5,1,2,3,0,0,0,0,2,1,2,0,3,0,0,1,0,1,0,0,1,0,0,0,3,11,3,2,0,5,1,0,6,0,0,4,0,3,18,0,3,0,4,4,8,1,2,1,2,2,4,5,0,13,1,2,0,0,0,1,0,0,4,24,2,0,4,0,1,0,7,0,1,0,3,3,0,1,0,0,0,0,0,1,0,2,0,0,1,0,0,0,1,0,0,2,1,0,2,5,2,1,3,14,0,0,0,0,0,11,7,1,4,1,1,3,0,21,3,1,1,0,0,2,5,0,0,0,3,6,4,0,0,0,1,4,0,7,0,0,0,0,4,0,2,0,0,2,0,0,0,1,0,1,0,1,0,0,2,0,2,0,2,2,1,2,2,0,0,0,0,0,0,0,0,1,0,4,0,1,2,5,1
3,1,2,0,0,0,1,3,3,0,0,0,0,1,1,1,1,2,7,3,0,9,1,1,0,0,4,0,1,0,1,1,0,0,0,0,0,1,0,0,0,0,0,0,1,3,3,1,0,1,0,1,5,2,0,3,16,1,1,0,0,2,0,0,4,0,0,1,0,0,2,1,0,0,6,2,4,0,0,7,1,3,3,1,0,2,1,0,0,0,2,0,1,4,1,2,1,6,17,0,0,0,3,0,1,1,0,4,6,0,0,40,1,2,3,4,2,3,1,0,10,0,1,3,0,1,9,8,10,0,3,0,0,0,0,0,45,2,0,3,3,0,0,1,9,1,0,0,0,2,7,0,0,1,1,0,2,0,3,0,0,3,0,2,0,0,0,0,1,0,0,4,6,0,0,2,1,0,1,0,0,0,3,14,0,4,4,1,1,1,10,3,4,0,0,0,2,0,0,6,0,1,0,0,1,2,0,1,7,0,2,0,0,0,0,11,0,1,0,10,8,2,1,0,0,0,3,1,0,0,1,0,0,0,0,0,0,0,2,6,3,0,0,0,0,0,0,0,1,0,1,0,1,0,1,0
3,0,4,2,1,6,4,0,4,0,1,0,0,1,1,1,1,1,0,0,2,3,8,7,2,0,9,0,2,1,3,0,1,2,1,0,1,0,0,0,3,0,2,1,1,3,1,1,1,1,3,1,0,1,0,1,0,3,0,0,1,0,0,9,1,0,0,1,0,0,6,5,1,0,1,0,3,0,0,0,1,0,2,8,1,1,4,0,0,0,3,1,0,1,1,0,1,5,8,36,0,2,3,0,0,30,0,2,1,0,2,20,0,6,0,0,0,5,1,0,0,4,0,6,2,0,2,0,0,0,2,0,1,0,0,3,33,2,1,3,2,0,0,1,0,7,0,1,4,2,2,4,0,0,0,2,1,1,1,0,1,2,0,0,1,0,4,1,0,1,0,2,5,0,0,1,1,0,1,0,8,0,12,8,2,3,1,2,6,0,24,0,4,0,0,0,1,5,8,0,0,1,22,6,2,1,6,1,0,0,4,0,1,1,0,0,1,15,2,0,1,1,0,0,1,1,0,0,0,0,1,0,0,0,0,1,0,0,1,1,4,0,1,1,0,0,0,0,1,0,3,0,1,0,0,3
1,3,2,0,0,1,1,0,2,0,1,0,0,1,0,1,0,1,4,1,0,3,1,0,0,2,2,0,1,0,1,0,1,0,0,1,1,2,3,0,1,1,0,1,0,4,2,0,0,1,3,6,1,1,1,1,0,7,1,2,2,4,0,0,0,0,1,2,2,0,1,0,1,3,0,1,1,6,1,4,0,1,0,0,0,0,1,1,0,3,0,1,4,2,0,9,0,11,6,3,16,1,6,1,3,3,2,1,2,0,1,40,3,3,1,5,0,7,0,1,0,0,0,3,0,1,8,0,0,0,1,0,0,0,0,0,16,1,0,1,7,2,1,1,4,0,0,10,0,2,0,2,0,0,0,0,1,1,2,2,1,3,1,4,0,2,0,0,0,3,0,2,0,5,1,1,23,1,0,0,1,0,2,4,0,1,5,1,1,15,10,3,13,0,1,0,6,2,0,0,1,0,11,0,1,1,14,2,0,0,5,0,1,6,0,3,0,1,0,0,9,1,2,0,2,1,4,0,0,0,0,0,0,0,0,2,1,0,1,2,0,0,0,1,0,0,1,0,0,0,2,0,5,0,1,0
2,0,1,0,0,5,3,0,2,0,0,0,0,1,1,1,0,0,3,0,0,1,4,0,1,1,4,0,0,2,0,1,4,0,1,0,5,0,1,1,0,0,2,0,0,0,4,1,0,0,0,0,1,1,0,2,3,2,0,1,1,2,1,7,1,0,1,1,0,1,3,4,2,0,1,1,1,0,1,0,0,3,2,0,0,0,1,2,0,0,2,1,0,0,0,8,2,0,0,0,0,0,4,0,0,0,0,0,2,0,2,13,0,0,0,1,0,0,1,0,2,0,2,3,0,0,1,1,6,0,0,1,3,0,0,0,28,5,1,2,4,0,2,4,26,3,2,1,2,0,8,0,0,1,1,1,1,8,1,0,2,0,0,0,0,0,2,0,1,5,3,2,18,0,1,1,2,0,0,0,1,0,10,10,0,6,4,4,4,0,10,0,1,1,1,0,1,7,2,0,0,1,14,12,1,0,1,2,12,0,12,1,0,0,1,4,0,18,0,2,6,0,0,0,1,1,0,1,1,0,0,0,4,4,2,3,1,1,2,1,19,0,0,3,0,0,1,0,0,0,4,0,0,2,4,1
3,1,3,0,0,6,2,0,9,0,4,0,6,0,2,1,0,0,10,0,0,2,1,0,1,1,3,0,0,0,3,0,1,0,1,0,2,1,2,2,2,0,0,0,0,2,2,1,0,1,0,2,1,1,0,1,5,0,0,0,1,1,1,1,2,0,0,1,1,1,3,2,0,2,0,1,2,0,0,0,0,3,3,3,0,0,2,1,0,0,4,0,0,2,0,1,1,2,21,1,0,0,3,0,3,0,0,2,5,0,0,31,0,5,0,2,0,3,0,2,0,0,1,4,1,1,7,4,1,0,1,0,0,1,3,0,23,1,2,1,2,1,0,1,3,2,0,1,2,2,0,0,0,0,1,0,1,0,0,0,0,2,4,0,1,1,0,0,0,1,0,1,3,0,1,1,32,0,0,0,2,4,7,4,2,4,12,3,1,11,33,1,6,3,0,0,0,1,0,1,0,4,16,1,0,1,13,1,11,1,8,0,0,2,0,5,0,0,0,1,0,1,0,0,0,0,1,1,1,3,0,0,2,0,0,2,1,0,1,0,5,0,1,0,0,0,0,0,0,0,4,0,0,0,7,5
3,1,1,1,1,9,5,0,2,1,0,0,2,0,1,2,2,0,7,4,0,2,1,3,0,4,6,1,2,0,0,1,0,1,1,0,0,1,1,0,1,1,0,0,0,1,2,0,0,0,1,0,3,2,4,2,0,0,0,1,2,0,0,1,2,0,0,2,1,0,10,2,0,1,0,0,5,0,1,0,0,2,2,0,2,1,1,0,0,0,3,3,0,0,1,2,0,0,11,1,0,0,1,0,0,0,0,0,1,0,1,19,0,3,0,0,2,1,0,4,0,0,0,2,4,0,0,1,0,0,2,0,0,0,4,0,18,2,2,4,1,2,0,3,10,5,0,1,2,0,1,0,0,0,0,0,2,2,1,1,0,2,0,0,0,0,0,3,10,1,0,2,4,4,0,4,42,0,2,0,0,1,9,6,0,2,0,1,0,21,27,5,0,2,1,0,0,10,1,0,2,3,14,0,1,0,0,2,11,0,8,0,0,1,1,2,0,6,0,0,1,0,0,0,0,0,0,1,0,0,1,1,2,0,0,0,0,0,3,2,0,0,1,0,0,0,3,0,1,0,4,0,2,1,3,1
2,0,6,2,0,4,6,2,20,0,1,0,1,0,1,1,0,0,4,1,1,2,1,2,0,2,2,0,0,0,1,0,2,0,0,0,0,3,0,1,0,0,0,4,0,1,2,0,0,1,0,2,0,3,0,2,17,1,1,1,0,2,0,19,1,1,1,0,0,0,0,0,1,0,0,0,2,1,4,1,1,4,1,1,0,0,0,1,2,0,0,3,0,0,0,0,0,0,0,1,2,4,2,0,1,0,0,0,3,0,1,44,2,0,0,1,1,1,1,0,0,0,1,4,2,2,15,3,2,0,1,1,0,0,2,0,18,2,1,2,0,0,0,5,10,3,0,0,1,1,0,2,0,2,1,0,2,1,1,0,1,0,0,1,1,7,0,0,1,13,1,2,4,0,0,6,6,0,2,0,1,1,9,16,0,2,11,0,1,5,1,2,2,0,0,0,0,10,0,0,0,0,3,0,0,1,9,0,0,1,4,0,0,0,0,3,0,6,0,0,3,1,0,0,0,1,0,0,0,0,0,0,1,2,0,0,1,2,2,1,0,0,1,1,0,1,1,0,0,0,3,1,0,0,2,1
0,2,0,0,0,2,2,0,6,0,0,0,1,0,2,0,5,0,2,1,0,4,3,0,0,1,3,0,1,0,2,0,1,1,0,0,0,0,0,2,1,0,1,3,1,1,3,2,0,0,4,4,0,2,1,2,0,4,0,1,0,0,1,5,4,0,0,1,0,1,2,0,0,0,9,0,2,2,0,5,1,2,0,9,0,1,0,0,0,0,1,1,1,0,4,2,1,1,31,0,3,0,0,0,1,5,0,2,7,0,0,42,2,6,0,11,0,4,2,0,0,1,0,4,3,0,3,0,0,0,3,0,0,1,0,3,22,2,0,3,1,0,0,1,0,1,0,0,1,1,0,0,0,0,2,0,1,0,0,0,0,1,0,0,0,1,0,0,1,0,0,3,1,1,0,2,29,0,0,0,3,0,4,6,0,2,2,0,2,17,3,0,16,1,1,0,2,2,5,3,4,2,6,2,1,0,0,2,11,0,1,0,1,2,0,0,0,0,0,0,2,5,0,0,1,0,0,0,0,0,0,0,0,0,0,0,3,0,2,1,1,1,1,0,1,1,0,0,2,0,2,1,2,1,1,0
1,0,0,0,0,2,1,0,1,0,0,0,0,0,1,3,1,2,1,0,0,2,1,1,0,1,4,0,0,0,0,0,1,0,3,0,0,2,1,0,1,0,0,0,0,2,3,0,0,0,5,0,4,2,17,2,4,0,0,2,0,0,0,0,0,0,0,4,0,0,1,1,1,0,0,0,2,0,4,0,0,2,2,0,0,1,0,2,2,0,2,5,0,0,0,3,1,8,4,1,4,1,1,0,0,2,0,3,1,0,0,37,0,6,0,2,0,8,0,3,0,0,0,4,2,3,11,1,2,0,1,0,0,0,0,0,26,2,3,2,0,1,0,2,6,2,0,0,3,1,0,0,0,1,0,0,3,0,1,0,0,0,0,0,0,0,0,1,0,2,0,2,1,0,0,4,25,0,0,0,0,0,6,4,0,7,2,1,3,24,5,6,1,0,0,1,0,2,5,0,0,1,19,0,2,0,25,2,20,0,2,0,1,4,0,8,0,6,0,0,0,0,1,0,3,0,0,1,0,0,0,0,1,0,3,0,0,1,3,0,0,0,0,0,0,1,0,0,0,0,2,0,3,7,0,0
3,0,0,0,0,3,3,0,4,1,1,0,1,1,2,1,0,0,3,0,0,1,1,2,1,3,6,0,0,0,0,0,1,0,0,0,1,0,0,0,0,0,1,0,0,0,0,0,0,1,0,0,0,2,0,2,2,0,0,1,0,0,0,9,3,0,0,0,0,0,3,0,0,1,1,0,1,0,5,0,0,2,1,2,0,0,1,5,1,0,0,14,0,0,0,4,5,0,11,3,0,1,4,0,3,1,1,1,2,0,2,37,0,11,0,0,0,0,1,0,0,2,0,0,3,2,7,1,0,0,0,1,0,0,3,1,28,2,7,7,2,0,0,11,16,3,1,3,0,0,0,0,0,3,0,2,1,3,2,1,0,0,1,0,0,0,1,1,0,0,1,1,1,0,0,8,22,0,2,3,0,0,3,18,0,3,8,4,3,41,15,0,1,5,1,0,0,7,0,1,1,3,4,5,0,0,2,1,0,6,2,0,1,1,2,1,0,5,0,1,6,0,0,0,0,0,0,0,0,1,0,0,0,8,1,0,0,1,1,2,1,0,1,0,0,0,0,0,1,0,4,0,1,0,2,0
2,8,1,4,1,1,3,0,4,0,0,1,0,2,3,2,0,0,1,3,2,1,10,1,1,11,1,8,0,0,9,2,1,0,0,1,4,0,2,5,0,0,0,0,2,1,0,1,1,0,3,2,4,3,0,1,0,0,2,4,0,1,1,0,2,0,1,3,1,0,1,0,0,1,1,1,2,9,0,2,4,8,1,0,0,0,1,1,3,6,2,0,0,5,0,0,1,2,13,1,0,3,13,2,0,17,0,3,0,1,0,3,0,0,1,16,0,0,3,0,0,2,1,2,0,0,1,0,5,0,5,1,0,0,0,0,5,1,0,1,3,0,2,2,0,3,0,0,0,1,0,9,4,0,3,0,2,0,0,0,1,0,0,0,0,0,4,1,1,1,0,3,1,0,1,3,2,0,0,0,1,0,0,3,1,1,2,1,2,0,0,0,1,1,1,2,5,1,0,1,0,2,26,1,0,0,2,1,1,0,0,0,2,3,1,0,1,0,0,0,4,9,0,1,3,0,0,0,0,3,0,0,1,21,6,0,1,14,2,0,2,4,0,0,0,3,0,0,0,1,6,1,1,1,7,0
2,0,0,0,0,3,1,0,2,0,0,0,2,0,1,1,0,0,3,0,2,2,11,0,0,1,2,1,0,0,2,0,2,0,0,0,2,0,1,0,0,0,1,1,0,1,3,1,0,0,2,0,1,1,1,2,0,0,0,0,0,0,0,1,0,0,0,0,0,0,5,0,1,0,1,1,1,1,2,0,0,1,1,0,0,0,0,1,0,0,0,0,0,2,0,11,2,3,7,1,0,0,3,0,0,0,0,0,0,0,2,34,2,5,0,0,1,7,1,0,0,0,0,0,1,0,13,2,1,0,2,0,0,0,6,28,24,3,0,1,1,8,1,1,5,1,0,2,4,2,0,1,0,0,1,0,2,1,2,0,0,4,5,0,0,3,0,0,0,1,0,1,1,0,1,5,42,0,0,0,0,0,13,2,0,2,12,2,2,28,37,0,1,0,1,0,0,3,0,1,0,1,0,0,0,0,1,1,5,3,8,0,0,2,0,5,3,3,2,0,3,0,0,1,1,0,1,0,0,0,0,1,0,9,1,0,0,0,2,4,5,0,0,0,0,1,1,1,2,1,1,0,2,0,0,1
0,0,0,0,0,0,2,0,1,0,0,0,0,0,0,3,3,0,0,0,5,1,2,0,0,1,1,0,0,0,2,6,13,2,0,1,1,0,1,2,19,1,0,0,0,0,1,3,0,2,2,2,0,3,1,1,0,30,1,2,0,0,2,3,1,23,3,5,1,0,4,0,0,0,0,2,1,10,0,1,3,1,0,1,0,0,3,1,2,1,0,0,0,0,0,10,0,1,46,1,0,0,1,1,0,13,1,0,1,3,0,4,4,3,0,25,0,2,0,0,6,1,0,0,11,16,5,1,0,0,1,0,0,1,1,3,2,1,1,1,0,1,1,1,0,0,0,1,2,0,0,5,1,0,0,1,1,0,0,1,1,0,0,2,0,0,0,0,1,3,1,7,0,1,5,1,0,0,1,0,4,2,0,4,0,1,3,1,2,2,1,1,3,0,1,0,3,2,0,3,11,2,0,0,0,0,2,1,0,0,1,0,0,0,0,0,0,0,0,0,0,21,0,0,4,0,1,1,0,0,0,0,0,3,1,0,0,0,1,0,0,0,1,0,1,2,0,0,1,0,0,0,0,2,2,1
2,0,0,0,0,0,1,0,2,0,0,0,2,2,1,1,0,0,5,1,1,1,3,1,0,1,2,0,0,0,0,0,2,0,0,0,1,0,2,1,2,1,0,0,0,0,2,0,1,1,0,1,0,1,13,1,1,1,0,0,0,0,0,0,1,1,1,1,1,0,1,0,0,1,1,1,1,1,4,0,0,4,1,2,0,0,0,2,0,0,6,3,1,0,1,14,1,2,4,11,0,0,1,1,1,2,0,0,6,0,0,25,0,4,0,1,0,1,2,0,0,0,0,0,1,1,10,1,0,3,2,0,0,0,1,3,28,1,0,3,0,1,0,2,6,1,0,1,1,1,0,0,0,0,3,0,1,2,1,0,0,0,5,0,1,0,0,0,0,1,0,1,2,0,2,1,40,0,6,0,1,0,5,3,0,3,3,1,2,30,7,0,3,2,1,0,3,4,1,1,0,4,18,4,0,0,3,1,2,8,3,0,1,4,0,2,0,2,0,3,15,0,0,0,0,0,0,0,0,0,1,0,0,0,0,0,0,0,1,2,0,0,0,1,0,1,0,0,0,0,3,1,2,0,0,3
1,0,0,4,0,5,2,0,2,0,0,0,1,1,2,0,4,0,3,0,2,0,7,1,2,3,1,2,0,0,1,1,2,0,0,0,4,1,2,3,2,0,1,0,1,3,2,2,2,0,1,0,3,3,0,2,1,2,4,2,0,4,0,0,2,1,2,2,0,0,4,4,0,0,3,1,0,6,0,1,0,4,3,1,0,0,0,1,1,3,0,0,0,1,0,2,0,4,9,0,1,1,4,1,0,3,1,1,8,0,0,16,0,0,0,8,0,2,1,0,0,0,0,2,1,2,1,0,0,0,4,0,1,3,1,0,17,3,1,1,5,0,1,1,5,0,0,1,1,1,0,2,2,2,0,0,0,1,0,4,1,0,0,0,0,2,1,0,2,2,0,3,4,0,3,2,22,1,5,0,3,0,5,4,0,1,5,1,4,7,40,0,3,1,1,1,2,4,0,4,0,4,0,0,0,12,0,3,0,1,5,2,0,1,0,1,0,0,0,2,0,1,0,0,1,1,3,0,1,2,0,1,0,1,0,3,2,0,1,4,0,0,0,0,1,2,1,0,0,0,3,3,1,0,1,1
1,0,0,0,0,4,2,0,2,0,0,0,1,0,2,1,0,0,2,0,1,1,0,1,1,2,8,1,0,0,0,0,1,0,0,0,1,0,1,0,1,1,1,1,0,3,3,0,0,1,0,0,1,1,9,2,4,0,1,0,2,1,0,1,6,0,0,0,0,0,1,4,0,1,1,1,1,0,2,0,0,1,1,4,2,0,0,3,2,0,1,0,1,0,0,7,2,3,13,1,1,0,0,0,0,0,0,2,6,0,1,24,2,1,0,0,3,1,3,0,0,0,1,1,2,0,23,0,0,0,7,0,0,0,0,46,33,1,2,1,2,4,1,2,6,4,0,5,2,1,2,0,3,0,0,0,1,0,1,3,1,2,2,0,0,0,0,1,1,1,0,2,3,1,2,2,6,0,1,0,0,0,4,5,0,2,1,1,1,5,11,2,2,0,4,0,3,2,0,0,0,0,1,13,5,0,1,1,0,3,9,0,0,2,1,3,0,12,1,0,4,0,0,0,0,0,1,1,1,2,0,0,0,30,0,0,0,0,1,0,13,0,0,3,0,0,0,0,0,0,3,0,0,1,2,0
0,1,1,1,0,5,0,0,3,0,1,0,1,1,0,1,1,0,3,0,0,1,0,2,0,1,3,0,0,0,2,0,1,0,1,0,2,0,1,0,2,0,0,1,0,1,3,2,3,1,2,0,0,1,1,1,1,3,0,1,0,0,0,17,2,0,2,0,0,1,2,1,0,4,2,1,1,3,0,0,0,3,1,1,0,0,1,0,0,2,2,4,1,0,0,1,0,10,9,24,0,0,2,1,1,9,0,1,0,0,0,32,0,22,0,0,1,2,0,4,0,0,1,3,2,6,2,3,7,2,2,0,0,0,1,3,26,3,0,2,2,0,2,2,5,1,0,1,3,0,0,1,0,3,0,1,1,0,2,0,0,0,11,0,0,0,0,0,0,2,0,1,3,0,1,2,15,0,0,0,0,0,8,19,1,3,3,1,3,2,10,0,1,1,0,0,0,1,0,0,0,2,5,17,0,0,1,1,5,0,5,0,0,0,0,2,0,6,1,0,5,0,0,0,1,0,1,1,0,1,0,0,0,2,0,1,0,2,1,4,12,0,1,0,0,0,0,0,0,0,3,2,2,1,2,0
0,2,0,4,0,5,1,0,2,0,0,0,0,0,5,3,9,1,4,1,1,1,1,0,0,2,5,5,0,0,5,2,1,0,1,3,2,1,1,2,3,0,0,0,1,4,3,5,1,0,2,2,3,5,0,1,1,4,0,2,0,0,2,2,7,0,2,1,0,1,1,1,0,0,3,2,1,7,0,2,0,7,3,0,1,1,0,0,4,6,2,0,0,1,0,4,0,4,22,0,1,0,2,1,0,0,1,3,4,1,1,12,0,0,1,7,4,4,0,1,2,0,0,6,2,1,1,13,2,1,0,0,1,0,1,1,8,2,1,2,2,0,1,4,7,0,0,0,0,0,0,2,1,0,0,0,2,0,0,0,0,0,0,0,1,0,0,0,1,3,0,1,2,1,2,1,2,0,0,1,5,0,6,3,1,5,1,1,2,1,1,0,2,0,0,2,14,0,1,1,1,0,2,1,0,0,0,1,6,0,3,1,0,4,2,1,1,2,0,1,8,13,2,0,4,0,5,2,0,1,0,0,0,0,0,1,2,9,1,9,0,1,1,4,2,0,1,0,0,0,2,0,0,3,5,1
0,2,1,3,0,1,2,5,2,1,1,2,3,0,2,1,0,0,2,0,5,18,3,2,2,4,0,4,0,4,0,4,2,0,1,0,7,0,2,2,5,0,1,0,1,2,6,0,0,0,0,3,0,3,0,1,1,0,5,4,0,10,2,1,1,0,6,1,0,0,2,0,0,0,4,3,0,11,0,6,5,5,2,0,0,0,0,1,1,5,1,0,0,0,0,0,2,2,25,0,1,1,3,2,0,1,3,9,2,0,0,4,0,0,0,30,0,0,4,0,0,0,1,0,0,0,2,0,0,0,7,1,2,0,0,1,0,0,0,2,13,0,4,1,0,0,0,0,0,0,0,19,5,2,1,0,1,0,0,2,1,0,0,0,6,0,1,0,2,2,8,6,2,1,2,3,1,0,0,0,6,1,0,4,2,1,2,2,2,0,2,0,2,1,2,0,1,1,0,6,0,0,1,0,0,0,0,2,0,0,0,3,0,0,7,1,0,1,0,0,0,16,0,1,2,1,2,1,0,2,4,2,0,2,0,0,4,1,0,1,0,3,1,7,2,4,0,1,2,0,1,1,2,0,7,1
2,0,0,2,0,1,2,0,2,0,0,0,0,0,0,2,3,2,6,1,3,2,5,0,0,0,5,0,0,0,1,1,1,1,2,0,0,1,0,0,0,1,0,1,0,3,1,0,0,0,0,0,1,2,0,2,0,0,0,0,0,0,5,4,3,0,0,0,0,1,2,1,0,0,1,0,4,0,0,0,0,3,3,0,0,0,0,0,0,0,5,1,0,0,0,1,2,3,14,4,6,0,3,0,0,3,0,1,1,0,2,36,0,14,0,0,2,4,0,0,0,4,1,3,0,1,23,5,7,1,0,0,0,0,0,25,29,2,1,5,0,0,1,3,17,4,0,1,0,0,1,0,0,0,0,0,2,1,4,1,0,1,0,0,0,1,0,1,0,2,0,2,1,0,0,2,35,3,2,0,0,2,7,4,0,2,7,0,2,8,26,1,1,0,1,0,0,4,0,1,0,2,3,2,0,0,8,0,5,0,4,0,0,3,0,2,2,12,0,1,0,0,0,0,0,0,1,2,0,1,0,0,0,6,0,0,0,0,2,2,4,0,0,0,0,1,0,0,0,0,3,0,0,0,3,0
2,0,1,1,2,0,1,0,4,0,1,0,0,0,0,2,0,0,2,4,0,4,3,1,1,3,3,0,1,0,1,1,1,0,0,0,1,0,3,0,0,0,0,1,0,4,1,0,1,0,1,0,0,1,0,1,1,1,0,0,0,0,0,0,0,0,0,0,0,0,0,0,0,0,0,2,1,0,4,0,0,1,1,0,0,0,0,1,1,0,1,0,0,0,0,0,1,1,8,1,2,0,3,0,2,0,0,2,1,0,0,29,0,4,0,1,0,21,0,0,0,0,0,1,5,3,22,1,4,1,2,1,0,0,0,34,18,1,3,1,1,1,2,3,4,1,0,3,3,2,0,0,3,3,2,0,1,2,1,3,1,0,1,0,0,2,0,0,0,1,0,1,0,2,3,1,9,2,0,0,0,0,9,4,1,5,1,1,2,9,1,0,6,1,2,1,0,12,4,1,0,0,0,0,4,0,3,1,4,3,9,0,0,2,0,8,0,3,1,0,1,1,0,0,1,0,0,0,4,0,6,0,0,3,0,0,2,0,6,0,0,1,1,0,0,0,0,0,5,0,3,0,2,4,2,2
2,0,7,0,0,1,4,0,3,0,0,0,0,0,2,1,0,0,5,3,2,1,11,5,0,2,5,0,1,0,0,0,6,0,0,0,2,0,1,1,0,2,0,1,0,1,1,0,0,0,1,1,1,1,0,3,9,2,0,0,1,0,0,5,6,0,0,1,0,0,1,4,0,1,0,1,1,0,1,3,0,2,1,5,2,0,3,7,1,0,3,0,0,0,0,6,1,9,7,0,1,2,2,0,0,0,0,0,5,1,2,14,0,0,0,2,0,1,3,0,10,1,0,2,3,0,22,4,3,0,0,2,0,0,1,0,30,1,0,2,2,0,0,1,5,2,0,1,0,1,0,2,0,1,1,0,1,1,1,1,0,0,3,0,0,0,0,0,0,2,21,2,1,1,1,1,1,0,0,0,1,1,5,2,0,1,2,1,1,2,7,0,19,0,0,0,1,6,0,0,0,1,16,7,6,0,6,1,8,0,5,1,0,2,0,4,0,1,0,21,5,0,1,1,0,0,0,1,0,0,0,0,0,0,0,0,0,3,1,2,0,0,0,1,0,0,0,0,0,0,1,0,1,0,0,0
3,0,1,1,0,3,1,0,2,0,0,0,1,2,3,1,0,1,3,0,1,2,1,0,1,2,3,0,0,1,0,0,2,1,4,1,1,2,2,0,0,1,1,0,1,3,3,0,1,1,0,0,2,1,0,1,0,0,0,3,0,2,2,18,4,0,0,0,2,0,0,3,1,0,0,1,3,3,1,0,0,2,2,3,0,5,0,1,0,0,2,0,0,1,0,1,0,4,9,0,0,0,1,2,1,4,0,0,0,0,2,14,1,6,0,0,0,0,0,0,0,0,1,2,3,0,8,0,0,3,0,0,2,0,0,26,28,2,0,2,1,3,1,2,8,2,0,2,1,2,1,1,3,4,0,0,1,0,3,0,2,0,1,1,0,1,0,1,0,2,0,4,3,13,1,2,16,2,0,0,2,0,15,8,0,1,1,1,5,5,7,0,2,0,0,0,0,12,1,0,0,5,23,16,1,0,0,1,4,2,12,0,0,2,0,5,0,3,0,0,8,0,2,0,1,0,1,0,0,0,0,4,0,8,0,0,2,0,1,2,0,0,0,0,1,0,5,0,0,1,4,0,0,0,3,1
0,2,0,4,0,4,1,0,1,0,0,1,1,0,9,2,0,2,2,0,2,1,0,0,11,7,1,2,1,1,0,3,3,0,0,0,1,1,3,5,0,8,1,0,1,1,3,1,1,0,0,7,0,10,0,2,0,4,1,3,1,0,1,0,2,0,7,1,0,0,4,0,0,4,2,2,2,3,0,1,0,1,3,1,2,1,0,3,0,5,1,1,0,5,1,1,0,1,4,0,2,6,9,1,1,0,2,2,0,0,2,2,0,1,3,7,1,16,0,0,0,1,3,2,0,0,2,1,3,2,1,0,0,0,2,0,7,1,0,2,2,0,6,1,0,1,6,1,2,1,0,7,6,0,0,0,6,1,1,1,4,2,6,4,1,2,9,1,4,0,0,3,2,2,9,1,0,2,0,1,3,1,0,2,2,4,0,0,7,0,3,0,1,5,7,0,0,2,0,1,1,0,2,1,0,1,0,4,0,1,3,0,0,1,1,2,0,0,0,1,2,2,5,1,1,0,2,0,1,0,0,1,1,18,0,0,2,0,2,0,0,4,0,0,1,1,1,0,1,1,0,1,0,0,1,0
0,0,0,0,0,1,1,0,1,0,1,0,0,0,0,2,0,0,1,0,0,1,0,0,0,2,3,0,0,0,0,0,1,0,3,1,3,0,1,0,0,0,0,0,0,2,1,0,0,0,1,0,3,1,0,1,1,3,0,2,0,1,0,6,0,0,1,0,0,0,1,0,0,0,2,1,1,3,3,0,0,0,1,2,0,3,0,0,0,0,0,0,0,1,0,3,0,2,14,1,0,3,1,0,0,1,0,0,0,0,0,14,1,0,0,3,0,3,0,0,0,1,1,0,0,0,6,1,0,0,0,0,0,0,3,32,25,1,1,2,1,0,0,1,8,1,0,2,2,1,0,0,0,2,0,0,3,3,2,0,0,6,0,1,0,0,0,0,0,1,0,2,1,9,5,1,35,4,0,0,0,1,10,5,7,2,1,1,2,11,11,1,1,1,0,0,1,3,2,0,0,1,12,11,0,1,1,5,4,3,5,2,3,2,1,5,0,0,1,0,19,1,0,0,0,0,0,0,3,0,11,1,0,8,0,0,0,0,1,1,23,4,0,0,0,0,0,0,0,0,1,0,6,0,0,3
1,1,0,1,0,1,0,0,23,36,2,0,0,3,0,1,0,0,0,0,0,1,1,0,1,0,1,3,0,0,1,0,0,0,0,0,5,0,1,0,0,1,0,0,2,5,0,0,0,0,0,3,0,1,0,1,0,2,0,1,0,1,0,1,0,1,0,0,2,1,0,0,0,0,0,2,2,0,5,0,0,0,3,0,0,1,1,0,0,1,5,0,0,21,0,1,1,0,0,10,0,1,1,6,0,14,1,1,0,0,3,2,0,39,25,1,0,0,5,0,2,5,0,0,0,0,2,4,0,0,0,0,0,3,0,2,0,7,12,1,1,4,0,1,3,2,20,0,0,4,0,0,0,2,0,1,2,0,0,2,0,0,1,0,0,4,0,4,3,0,1,1,0,0,0,1,2,0,0,0,0,1,0,2,0,1,0,1,2,2,1,1,4,3,1,0,0,2,1,0,1,0,2,0,0,1,1,0,0,1,0,0,30,0,0,0,1,0,5,1,0,0,2,0,0,0,0,0,0,0,1,1,0,1,0,1,0,0,2,0,0,2,0,1,0,1,0,7,1,0,0,0,0,0,1,0
0,0,1,1,0,2,3,0,4,0,0,2,0,1,3,0,4,0,0,0,2,7,1,1,0,4,0,3,0,0,0,1,2,0,0,1,9,0,2,3,7,0,0,0,1,0,0,3,0,2,0,2,0,3,1,1,0,9,1,3,0,1,0,0,0,0,1,2,5,0,2,0,0,0,1,5,0,12,0,11,2,5,0,0,0,0,0,0,2,3,4,1,0,0,0,0,0,0,25,0,0,1,5,1,0,1,1,3,1,0,0,0,3,0,3,20,0,0,8,4,0,0,0,3,0,0,2,1,0,0,0,0,0,2,2,0,1,1,0,0,3,0,3,0,3,0,0,2,0,0,0,22,7,0,0,0,1,0,0,25,1,0,0,0,1,0,0,0,1,3,2,9,0,0,9,2,0,1,0,1,11,0,0,9,0,2,3,2,3,1,2,3,1,1,2,0,1,2,1,9,7,1,0,0,0,1,2,2,0,0,0,0,0,2,0,1,0,0,1,1,0,0,1,0,2,1,2,0,0,0,3,0,0,0,0,0,1,3,0,0,0,4,0,9,2,4,0,0,0,0,0,0,2,3,1,0
1,0,1,0,0,1,1,0,1,0,3,0,0,0,1,2,1,5,2,0,1,3,1,0,0,0,4,0,0,0,0,0,1,0,0,0,0,0,0,0,0,0,0,0,0,1,2,0,0,0,0,0,2,2,0,2,0,0,0,0,0,0,0,1,5,0,1,0,0,0,0,4,1,1,0,0,2,0,1,0,3,3,1,10,0,0,0,0,0,0,1,1,0,2,0,0,0,7,4,0,17,0,2,0,0,18,0,4,3,0,0,29,1,8,0,0,0,9,0,1,0,1,1,4,0,0,16,3,0,0,1,0,0,1,0,40,37,2,2,3,1,0,0,2,8,3,0,0,2,0,0,0,1,1,0,0,2,2,1,0,5,0,0,0,1,0,0,0,0,1,0,2,3,0,0,2,11,0,0,0,0,0,10,4,0,2,1,0,1,1,2,0,1,2,0,1,0,2,0,0,0,2,2,0,0,0,1,0,22,2,5,0,0,3,0,4,0,11,0,2,2,1,0,0,0,0,5,0,0,0,0,0,0,7,0,0,0,0,2,0,0,0,0,2,0,2,0,2,0,0,2,0,1,1,3,0
0,2,1,5,0,0,2,0,1,0,1,3,0,1,4,2,0,0,0,6,0,1,3,0,0,6,3,2,0,0,4,2,1,0,2,0,4,2,1,3,0,0,1,0,3,4,2,0,2,0,0,0,4,3,0,1,0,0,0,3,0,2,1,0,0,0,0,0,0,0,2,0,0,0,13,2,1,5,0,8,0,2,1,1,1,0,0,0,1,2,0,0,0,0,0,1,2,1,8,0,2,9,1,0,0,1,0,7,0,0,2,1,0,0,0,23,1,5,3,1,0,0,1,0,1,0,3,1,0,0,0,1,2,1,0,0,1,1,5,3,7,0,0,3,0,1,0,1,0,0,4,9,1,3,0,0,1,0,0,0,1,0,0,0,0,1,0,0,1,3,0,11,2,0,1,2,0,5,0,0,1,0,0,5,1,1,0,2,1,0,3,0,1,4,2,0,2,2,0,0,0,11,0,0,0,0,4,3,0,2,1,0,0,1,3,1,4,0,0,3,0,33,1,0,4,0,2,5,0,0,3,0,0,1,0,0,5,21,1,3,0,7,2,1,1,5,1,0,3,0,0,0,2,1,0,0
5,0,1,0,0,0,1,0,1,0,0,0,0,2,3,2,0,0,8,1,0,1,2,1,0,2,3,0,0,0,2,0,3,0,1,0,1,2,1,0,0,0,0,0,0,0,1,0,0,0,1,0,1,1,1,1,1,0,0,0,0,1,0,2,11,0,0,0,1,0,2,0,0,0,1,1,4,0,0,0,0,1,1,1,0,0,0,0,1,1,7,0,0,0,1,2,2,1,13,1,0,0,4,0,0,0,0,0,1,0,0,19,0,8,0,0,0,1,0,0,0,1,0,0,2,0,9,5,1,2,3,0,0,0,0,0,23,2,0,1,2,1,0,1,4,4,0,0,2,3,0,2,1,0,1,0,1,3,0,0,1,0,1,0,0,0,0,0,0,1,6,4,4,2,1,1,31,4,1,0,1,1,9,2,1,5,7,3,2,15,22,0,1,1,10,0,0,1,2,1,0,2,12,8,1,0,11,1,4,1,6,0,0,0,0,4,0,0,0,5,0,1,0,0,0,1,1,0,0,1,0,0,0,2,1,0,0,2,4,2,0,0,1,1,0,3,1,2,0,0,5,0,0,1,3,0
0,0,1,1,0,4,1,0,2,0,0,0,1,1,1,1,0,0,1,1,0,5,0,1,3,0,4,0,0,0,0,1,1,2,0,0,0,0,2,1,0,0,0,0,0,1,2,0,2,0,0,0,3,3,0,2,0,1,0,0,0,0,1,17,0,0,1,0,0,0,1,3,1,1,0,0,2,0,0,0,0,2,1,4,0,0,0,1,0,0,1,0,0,1,0,2,0,1,20,26,0,0,0,0,0,3,0,2,3,0,1,31,0,8,1,0,0,1,0,4,0,1,1,1,1,0,4,1,3,1,0,1,0,2,0,1,16,4,0,3,1,1,0,1,2,1,1,2,2,1,0,0,0,2,1,2,2,0,1,0,0,1,1,2,1,0,0,1,0,1,0,2,7,0,0,2,23,0,4,0,0,1,10,16,0,4,1,0,2,3,15,0,4,0,1,0,0,1,0,0,0,2,3,3,1,0,1,2,4,1,9,0,0,1,0,5,0,7,0,2,3,1,0,0,1,1,0,3,0,0,1,0,0,0,0,0,0,1,2,3,8,0,0,0,0,0,0,0,0,0,5,0,0,0,2,0
3,0,2,0,0,4,0,1,1,0,0,0,1,0,2,2,0,0,3,0,1,2,0,1,5,1,4,0,0,0,0,0,1,0,1,0,0,0,1,0,0,3,0,2,0,2,0,0,0,0,0,0,1,2,0,2,1,1,0,0,0,0,0,0,2,0,0,0,1,0,0,3,4,3,0,0,2,0,0,0,1,3,2,3,0,0,0,1,2,0,2,1,0,2,0,0,2,7,16,36,0,0,2,0,0,1,0,8,4,1,0,18,0,3,0,0,0,2,1,0,0,0,1,2,0,2,9,0,0,0,2,1,1,0,0,2,16,3,0,3,2,0,1,2,2,2,0,0,1,0,0,1,0,1,1,1,2,1,0,0,0,1,0,0,0,1,0,1,0,5,0,2,3,0,0,3,35,0,0,0,2,0,7,3,0,3,3,0,1,18,21,0,7,3,0,0,1,2,0,0,1,1,4,0,0,0,7,1,9,0,8,1,0,6,0,4,0,1,0,0,0,0,0,1,1,0,1,1,0,1,0,1,0,0,0,0,0,3,2,4,1,0,0,0,0,0,0,0,1,0,3,0,0,0,4,1
2,0,1,0,1,5,6,0,5,0,3,0,1,0,0,2,0,1,4,3,0,2,3,0,4,1,4,0,0,0,1,0,1,2,0,0,2,0,1,1,0,0,0,0,0,2,1,0,1,1,2,0,0,1,0,2,1,3,1,0,1,2,0,0,0,0,0,0,0,0,4,4,1,1,0,1,1,0,0,2,0,2,1,0,28,0,8,2,2,0,2,1,0,1,2,10,1,1,4,6,1,2,1,1,0,0,1,0,2,0,0,19,2,0,0,2,0,2,1,0,1,1,1,4,0,0,12,2,0,1,0,1,1,0,3,1,12,1,0,2,2,0,0,1,2,3,0,1,3,0,0,0,0,0,0,1,1,0,0,3,0,1,0,2,0,1,3,1,0,1,0,2,2,1,1,12,31,2,4,0,9,1,10,5,2,1,2,1,9,18,28,0,1,0,0,0,2,5,0,0,0,3,6,0,0,0,0,1,0,0,7,0,0,0,2,2,0,5,1,1,1,0,0,0,0,0,0,0,1,0,0,0,0,5,0,6,3,4,4,3,0,0,0,0,0,0,0,0,1,0,3,0,1,1,6,2
2,1,1,1,0,1,1,0,1,0,1,0,0,1,4,1,0,0,2,0,1,2,7,0,0,3,2,0,0,0,3,0,1,0,1,0,0,0,0,0,0,0,0,0,1,1,3,0,0,1,0,1,0,1,2,1,0,0,0,0,0,2,0,0,0,0,0,0,0,0,2,1,0,1,0,0,1,1,0,1,0,1,1,2,2,1,0,2,0,0,1,0,0,0,2,2,1,8,5,15,0,2,4,0,0,1,0,2,2,0,3,37,0,1,0,0,2,3,0,0,2,0,0,2,12,0,8,2,0,0,0,0,0,0,0,0,35,1,0,6,2,0,0,2,3,1,0,0,2,1,0,1,1,0,2,0,1,0,1,0,0,2,1,0,0,0,0,0,0,0,0,1,0,0,0,3,25,0,1,2,1,0,4,6,1,1,1,4,2,12,28,0,5,8,1,0,0,3,0,0,0,2,19,3,0,0,13,1,0,0,2,0,0,5,1,1,0,8,1,0,6,0,1,1,0,0,2,0,1,2,0,1,0,1,0,0,1,0,2,4,1,0,1,5,0,0,0,0,0,0,2,0,3,0,3,1
1,2,0,0,0,0,1,0,2,0,1,1,0,0,3,6,6,0,3,3,0,0,0,0,0,6,0,1,0,0,4,0,2,1,0,0,2,1,2,2,0,0,1,0,0,1,1,0,0,3,0,3,0,2,2,0,0,0,0,4,0,3,0,0,1,22,0,0,0,3,2,1,0,0,0,2,2,12,0,11,4,1,0,2,0,0,0,0,2,0,1,1,0,1,1,2,0,2,32,1,2,1,6,2,9,0,0,1,1,0,1,10,0,0,0,16,2,1,0,1,2,0,2,7,1,4,1,15,2,2,3,0,0,0,1,0,7,1,3,2,1,0,0,3,1,0,0,0,1,0,0,4,1,1,2,0,0,0,0,4,0,0,0,0,0,0,0,0,2,2,0,0,0,3,2,0,4,0,0,0,1,0,4,7,1,0,1,2,3,1,4,1,3,0,1,0,2,0,0,0,2,5,0,0,0,0,0,2,1,2,0,0,1,0,3,0,0,1,1,0,1,11,1,0,6,0,3,0,0,1,0,0,0,1,0,0,2,1,0,31,0,1,1,0,0,4,0,0,1,0,2,1,3,1,6,0
1,0,5,0,1,5,1,0,1,0,0,0,3,0,0,2,0,0,5,0,2,2,22,5,7,0,6,1,5,0,6,0,14,1,5,0,0,0,0,3,0,0,5,5,0,4,2,1,0,1,0,0,0,2,0,6,7,0,0,2,13,3,0,6,1,0,0,1,0,0,0,1,1,0,0,0,4,0,0,0,0,8,3,4,0,0,0,1,0,0,0,0,0,0,0,11,0,8,0,0,0,0,0,1,0,0,0,1,9,5,2,18,0,0,0,0,0,0,0,0,0,0,1,4,3,0,3,1,0,0,0,1,0,6,0,1,17,2,0,4,0,0,0,4,5,2,0,1,2,0,9,0,0,0,0,0,2,0,1,2,0,0,0,0,1,0,0,0,0,0,0,3,6,0,0,2,2,2,0,0,2,0,12,3,0,5,3,0,4,0,22,0,3,1,0,0,1,4,0,0,0,0,8,0,0,0,0,0,15,0,7,0,0,1,0,3,0,1,0,2,1,0,0,0,0,1,0,0,0,0,0,0,0,1,0,1,0,0,2,2,0,0,0,1,0,0,0,0,1,0,6,0,0,0,7,2
0,0,0,1,0,0,1,0,1,1,0,1,1,0,1,0,0,1,0,1,0,3,5,0,0,6,0,1,0,0,1,0,2,1,0,0,4,1,1,4,6,0,0,1,0,4,0,4,1,0,3,5,0,6,0,1,0,5,0,2,0,7,0,0,1,0,4,0,3,0,1,0,0,0,1,3,0,11,0,1,2,1,0,0,0,1,0,0,2,5,1,0,0,0,0,4,1,0,34,1,0,0,2,3,0,17,2,4,2,0,0,16,2,2,0,17,1,3,0,1,0,0,0,9,2,0,2,0,0,0,1,0,0,0,1,0,4,2,2,2,2,0,0,2,0,0,0,1,0,0,1,5,0,0,2,0,0,0,0,4,0,0,1,0,0,1,0,0,4,2,0,0,2,0,3,5,0,0,0,0,5,0,1,5,0,1,5,2,7,8,7,0,2,0,1,0,1,1,0,1,8,1,1,0,0,0,0,2,0,0,0,2,0,3,1,2,0,0,0,0,6,9,0,0,2,3,1,0,0,2,0,2,0,1,0,0,3,13,0,3,0,0,1,1,0,3,0,0,1,0,3,1,0,2,0,0
0,0,1,28,0,2,2,0,3,0,1,0,0,2,0,1,0,0,5,1,0,1,1,0,0,4,6,0,0,0,0,0,1,0,0,0,2,0,3,0,1,0,1,0,0,0,0,0,1,0,0,0,1,1,5,1,0,1,0,0,1,0,0,0,0,0,0,0,0,0,1,0,0,0,0,1,1,1,4,0,0,2,1,0,0,0,0,0,0,0,0,3,0,0,0,0,0,10,1,0,0,1,1,0,0,1,1,3,1,0,0,40,1,16,0,1,3,10,1,0,0,0,1,0,0,0,12,2,4,2,1,0,0,1,0,23,19,1,3,2,0,1,0,2,0,2,0,2,1,0,1,2,0,1,0,0,1,2,2,0,0,0,12,0,0,0,0,0,0,1,0,3,1,0,1,2,18,0,0,0,2,0,5,5,0,2,1,2,1,3,8,0,1,0,0,1,0,4,2,3,0,1,7,2,1,0,5,1,0,0,3,0,0,0,0,1,0,7,1,0,16,0,0,0,3,0,0,2,0,0,0,0,1,10,0,0,1,0,1,5,2,0,0,0,0,0,0,0,1,0,2,0,2,0,0,1
0,5,0,1,0,3,1,0,3,0,0,0,0,0,4,0,1,1,1,3,2,1,6,0,1,6,2,3,0,2,4,2,1,0,0,0,2,1,1,2,3,0,1,0,1,1,0,0,0,0,0,0,0,3,0,3,0,2,1,1,0,3,0,0,1,0,8,2,1,0,4,0,0,0,2,1,1,10,0,11,0,2,0,0,1,0,1,0,4,0,1,1,0,1,0,11,1,0,34,0,0,2,1,0,0,4,0,4,1,1,1,0,0,0,0,28,0,0,4,0,0,0,0,5,3,1,3,0,0,0,0,0,0,3,2,0,3,1,0,3,10,0,0,1,0,0,0,0,0,1,1,9,1,0,4,0,2,0,0,22,0,1,5,0,0,0,0,1,2,2,1,3,1,1,2,1,0,0,19,0,3,1,0,4,1,2,3,1,1,3,1,0,2,0,1,0,14,0,0,0,6,0,3,0,0,0,0,2,0,0,0,0,0,0,6,2,0,0,0,0,2,8,0,0,0,1,1,0,0,0,0,0,0,0,0,0,0,0,1,4,0,4,2,10,0,4,0,0,0,0,1,1,3,0,6,0
3,0,0,0,0,3,0,0,1,0,3,0,0,0,2,2,0,0,1,0,0,2,1,1,0,2,4,0,1,1,0,0,0,1,1,0,0,0,0,0,0,1,1,1,3,2,1,0,2,0,0,0,2,2,1,3,0,0,0,2,0,0,0,0,0,0,1,0,0,0,0,2,0,1,0,0,2,0,0,0,0,3,2,1,1,2,1,1,0,0,2,3,0,0,0,2,4,9,4,11,2,0,1,0,0,1,0,3,0,0,0,18,0,4,0,0,1,0,3,0,0,0,1,1,0,28,9,2,0,0,4,0,2,0,0,33,29,2,0,5,0,0,0,2,7,4,0,0,1,1,1,1,1,0,0,2,2,0,4,0,0,1,1,0,0,0,0,0,0,0,0,2,3,1,0,2,18,1,0,0,0,0,6,11,2,6,2,0,0,3,14,0,0,0,0,1,0,11,0,0,0,1,2,2,0,0,1,0,3,3,4,0,0,1,1,1,0,0,0,0,8,0,0,0,2,0,1,0,0,1,1,0,0,11,0,0,0,2,2,1,23,0,0,2,0,0,1,0,0,0,2,1,0,0,1,0
0,0,0,2,0,0,1,2,1,3,0,0,0,0,3,1,7,4,0,0,0,3,1,0,0,1,1,1,0,0,3,0,1,0,1,2,1,0,0,2,9,0,0,1,0,0,3,6,0,0,2,3,0,2,1,1,0,13,0,1,0,5,0,2,3,0,3,1,0,0,1,0,0,0,4,3,1,6,3,4,2,1,0,0,0,1,2,0,2,7,1,1,1,0,0,0,0,1,33,8,0,0,1,1,0,4,1,4,2,1,0,10,2,0,2,26,19,2,5,0,0,4,1,1,1,0,4,0,0,0,1,0,0,0,0,0,3,2,1,2,8,2,1,2,1,1,0,0,0,0,0,3,0,3,0,0,1,0,0,0,0,0,0,0,3,2,3,0,1,2,2,1,0,0,1,2,1,0,6,1,4,0,0,6,0,1,3,2,3,0,1,1,1,0,4,0,13,1,1,0,2,0,0,1,0,0,3,1,0,0,1,0,0,5,0,8,0,0,1,0,0,8,2,0,0,0,2,1,0,0,0,0,0,0,0,0,0,3,1,0,1,2,0,3,0,1,0,0,0,0,1,1,1,0,0,0
1,1,2,0,0,1,3,1,8,0,2,0,5,1,4,2,8,0,3,4,0,4,0,0,0,4,2,0,2,0,0,7,0,0,0,0,0,2,0,0,0,0,0,0,0,1,2,0,0,0,0,0,1,2,0,2,0,0,0,0,0,1,0,3,0,2,0,1,4,0,5,0,0,0,0,0,2,0,2,2,1,2,4,0,5,0,0,1,1,0,1,0,0,0,0,3,0,3,3,0,1,0,29,3,2,0,1,4,1,0,0,2,0,3,0,6,0,6,0,1,2,0,0,0,1,0,13,1,5,0,0,1,0,4,7,3,21,2,1,2,0,1,0,2,0,3,0,0,0,0,1,2,0,3,2,0,2,2,2,2,0,3,0,0,0,1,0,3,0,0,0,3,2,0,0,2,1,0,0,0,1,2,6,3,0,3,1,0,1,1,0,0,2,0,0,2,0,1,0,3,0,0,0,1,0,1,0,0,0,2,2,6,0,0,2,2,0,7,1,0,16,0,0,0,2,0,3,7,1,0,0,0,0,0,0,2,0,0,2,1,0,0,0,0,1,0,3,1,5,1,1,0,5,0,3,0
1,2,1,0,0,1,3,0,10,0,0,0,1,1,0,3,2,0,2,2,0,2,1,1,0,0,4,0,0,0,0,0,0,0,1,0,1,0,0,0,0,0,0,0,0,0,2,1,0,0,0,0,1,2,1,2,2,0,0,1,2,1,1,1,1,2,0,0,0,0,0,1,0,0,0,0,2,0,1,0,0,1,1,0,0,1,0,0,0,0,3,0,0,1,0,1,0,5,6,2,5,0,7,2,0,3,0,2,2,0,0,28,0,7,0,1,3,9,0,0,0,0,1,7,0,17,13,6,0,0,1,0,1,0,0,38,31,2,0,2,0,1,0,3,3,2,0,2,0,0,1,0,0,1,0,0,2,0,3,1,3,1,0,0,0,0,0,0,0,0,5,3,3,0,1,3,3,1,0,0,2,0,12,2,0,3,0,0,0,2,0,0,5,1,0,0,0,1,0,0,0,0,0,6,0,0,1,0,3,2,11,0,0,2,0,6,0,8,2,1,7,0,1,0,1,0,7,2,0,1,0,1,0,13,0,0,0,0,2,1,0,0,0,0,0,0,0,0,1,0,2,0,3,11,2,1
0,5,0,1,0,0,1,0,1,0,0,1,0,0,0,0,8,0,0,0,2,1,0,1,0,2,1,1,0,1,0,5,2,0,0,0,4,0,2,3,8,0,0,0,2,1,1,0,0,0,0,4,0,0,14,1,0,3,1,0,0,1,0,2,2,15,4,0,0,0,2,0,0,0,2,5,0,8,0,2,0,2,0,0,0,0,0,1,2,1,2,0,1,0,0,1,0,0,37,0,0,0,1,1,1,21,0,6,3,0,1,3,1,0,1,38,1,3,4,0,1,0,0,5,8,16,1,0,0,1,1,0,0,1,2,0,1,0,0,0,0,1,0,5,2,0,0,1,0,0,4,11,0,3,0,0,2,0,0,1,1,0,0,0,0,1,0,0,3,3,5,0,0,0,2,1,0,0,0,1,6,0,0,12,1,2,2,2,3,3,2,2,4,0,0,0,5,1,0,0,2,0,0,0,0,0,1,2,0,0,0,1,0,0,1,4,0,0,0,0,0,5,0,0,0,1,3,0,0,1,1,0,2,0,0,1,1,0,0,1,2,0,0,0,7,1,0,0,0,1,0,0,0,3,2,0
0,1,1,1,0,2,3,0,9,0,0,0,0,0,2,4,0,1,2,2,0,3,21,0,0,3,2,0,0,0,3,1,1,0,0,0,2,0,1,0,6,0,0,1,2,2,0,3,0,0,0,4,0,2,0,1,4,1,0,3,0,1,0,2,5,0,0,3,0,0,2,0,0,0,2,2,1,2,0,5,0,2,5,0,0,1,0,0,1,2,2,0,0,0,5,2,0,3,12,1,0,1,3,0,1,4,0,0,2,1,0,23,2,1,4,7,1,4,1,0,5,1,0,4,2,2,2,1,3,0,0,1,0,0,0,1,22,2,5,1,0,0,1,1,6,0,0,0,2,0,0,0,0,2,0,0,0,0,3,0,0,1,0,0,0,0,0,1,2,2,3,1,2,2,2,1,0,0,2,1,1,1,6,5,1,1,0,1,1,0,8,0,3,0,2,0,9,2,7,2,3,1,0,1,0,0,2,2,0,0,3,0,0,4,0,1,0,2,0,5,0,10,0,0,1,1,3,0,0,1,1,1,0,0,1,0,1,8,2,2,0,5,0,1,1,1,0,1,0,0,3,0,2,3,4,0
0,1,0,3,0,2,2,1,1,1,0,1,0,0,0,0,0,0,0,0,0,0,0,1,0,2,0,3,0,0,2,3,2,2,1,0,4,1,1,4,5,1,5,0,0,0,3,3,0,0,0,2,0,6,0,0,0,3,3,5,0,9,2,0,3,21,0,0,1,0,1,0,0,0,1,4,0,10,0,0,0,2,0,0,0,0,0,3,2,2,1,0,0,1,0,1,0,0,23,0,0,0,0,0,0,13,0,8,7,0,4,1,0,0,0,20,0,1,1,0,0,0,1,9,9,3,1,1,1,0,0,0,0,0,1,0,1,0,0,1,0,1,1,0,1,1,0,0,0,0,0,2,4,0,0,0,0,1,1,1,0,1,1,0,0,0,1,0,1,2,0,3,1,0,1,8,0,1,0,0,5,0,0,6,4,1,5,1,2,3,1,1,1,3,0,1,2,0,3,0,3,21,0,1,1,0,0,1,0,0,0,0,0,1,0,0,0,2,0,0,0,9,2,0,1,0,1,0,0,0,0,0,0,2,0,0,2,10,0,3,0,3,0,2,1,4,0,0,0,0,0,1,2,3,0,0
0,8,0,0,0,0,1,0,2,0,0,1,0,0,0,0,1,0,0,0,0,1,0,1,0,2,0,0,0,0,9,2,2,0,0,0,7,0,3,2,6,0,0,1,0,0,3,0,2,0,1,0,0,1,4,0,0,3,0,1,0,4,0,0,1,16,1,0,0,0,3,0,0,0,2,5,0,10,0,1,0,2,0,0,0,1,2,0,3,3,0,0,0,1,0,0,4,0,33,0,0,0,0,0,0,18,2,1,1,0,0,2,0,0,2,13,1,2,3,0,1,0,0,20,3,17,1,15,0,0,0,0,0,0,1,0,1,0,2,0,2,2,0,0,1,1,0,0,1,0,1,21,0,4,0,0,0,0,0,0,0,0,1,0,0,5,0,0,3,2,0,6,0,0,2,5,0,0,0,0,1,0,0,7,1,0,9,2,2,0,2,1,2,0,0,0,2,2,0,0,0,1,0,0,0,0,0,2,0,0,0,3,1,1,5,0,0,1,0,0,0,3,0,1,1,0,2,0,0,0,0,0,0,0,0,0,3,9,0,0,0,9,1,0,7,1,0,0,0,0,0,2,0,1,4,0
0,0,0,4,0,1,2,0,2,1,0,1,1,0,1,2,2,1,0,2,4,0,1,0,0,5,0,0,0,0,4,2,3,0,0,0,11,0,2,6,10,0,5,0,0,2,0,1,0,0,0,4,0,1,0,1,2,0,1,1,0,2,0,0,3,0,0,2,0,1,2,0,0,0,3,3,0,10,1,0,0,2,0,0,0,0,0,0,1,1,0,0,1,0,0,2,0,0,21,0,0,0,1,4,0,2,1,5,2,0,2,1,0,0,0,20,3,0,3,0,1,1,2,2,2,4,1,0,0,0,0,0,0,0,2,0,2,1,5,2,1,0,4,0,0,1,0,1,0,0,1,16,0,2,0,0,3,0,1,2,0,3,1,0,0,2,0,1,7,2,0,10,0,1,9,4,0,0,0,0,2,1,0,3,0,3,0,2,5,0,2,0,2,0,1,0,9,0,0,8,1,1,0,1,0,2,0,2,1,0,1,0,0,2,4,3,0,0,1,10,0,14,3,0,1,0,8,2,0,0,0,0,0,0,0,0,0,15,0,2,0,4,1,0,1,2,0,0,1,0,0,1,2,0,2,0
0,0,1,2,0,2,1,0,1,1,0,1,0,2,0,0,10,0,0,0,0,1,3,0,0,1,0,6,0,0,1,3,1,0,3,2,1,0,1,5,2,0,1,0,2,1,2,4,1,1,0,4,0,1,0,0,0,3,1,1,2,8,0,1,1,9,5,1,1,0,1,1,0,0,0,4,1,9,0,0,0,0,5,0,0,1,1,0,1,3,1,0,0,0,0,2,0,0,16,0,0,0,6,2,0,9,0,8,1,0,1,2,0,1,0,26,0,4,0,0,0,1,0,2,5,1,1,1,2,1,7,0,0,0,1,0,0,0,0,1,0,6,4,8,0,0,0,1,0,0,0,11,5,0,0,0,0,0,0,2,1,0,2,2,0,1,0,3,1,3,3,3,1,0,1,1,0,1,0,1,5,3,2,3,4,0,0,1,2,1,1,2,1,1,1,0,1,2,0,0,5,4,1,0,0,0,0,1,0,0,0,0,0,8,0,0,0,0,0,0,0,1,0,0,3,15,1,0,2,0,4,2,0,5,0,1,4,3,0,0,0,1,0,1,1,4,0,0,3,0,0,0,0,0,1,0
0,1,0,0,0,0,1,0,1,0,0,0,1,0,1,1,2,0,0,0,0,1,0,0,0,1,1,1,0,1,0,1,1,0,2,0,3,0,1,1,3,0,0,1,0,9,3,0,0,0,0,23,2,2,10,2,0,1,0,1,0,1,0,0,1,7,1,1,1,0,1,0,1,1,9,3,1,14,0,0,1,0,0,0,0,0,0,0,0,1,1,0,0,0,0,13,0,1,37,0,0,1,3,2,1,9,0,9,0,1,0,0,0,0,0,15,5,1,0,0,0,0,0,0,7,6,3,0,1,0,1,3,0,0,0,0,1,2,2,1,0,0,0,3,0,1,0,0,1,1,0,1,0,1,0,2,8,0,2,0,0,0,0,2,0,0,0,0,3,1,0,1,0,1,1,1,0,0,1,0,2,0,0,2,0,2,0,1,6,4,1,0,14,0,2,0,2,1,0,0,12,1,1,0,0,0,1,1,0,0,0,11,1,0,2,1,0,2,0,2,1,14,0,0,0,0,2,3,0,0,0,0,1,0,0,0,0,0,1,0,0,0,1,0,6,1,0,0,0,0,0,0,2,0,0,0
1,0,0,0,0,3,0,0,1,0,0,0,1,0,0,2,0,0,1,0,0,2,0,1,2,0,4,0,0,1,1,0,0,0,1,0,0,0,0,0,0,0,0,0,0,0,1,0,0,0,0,0,0,2,2,2,0,1,0,2,0,0,2,1,3,0,0,0,0,0,1,4,0,1,3,0,2,0,1,0,1,2,1,1,0,0,1,1,0,0,1,0,0,0,0,1,1,1,8,3,3,0,4,0,1,2,0,0,0,0,0,25,0,7,0,0,1,0,1,4,0,1,1,4,1,4,10,0,0,1,3,1,1,0,0,27,19,2,0,4,3,4,3,2,2,5,0,2,3,1,0,1,0,0,0,0,2,3,1,0,1,1,0,0,0,0,0,0,0,0,0,4,3,0,0,2,7,0,0,0,4,0,9,6,1,2,2,2,2,3,9,0,0,4,0,0,0,2,0,0,0,1,3,15,0,0,1,0,5,1,15,0,0,0,2,6,0,13,0,0,10,0,0,0,0,0,1,0,1,1,0,0,0,10,0,2,0,0,2,2,0,0,0,1,0,0,0,0,0,0,4,0,0,0,0,2
1,2,0,0,0,0,1,0,1,0,0,2,3,0,2,1,26,1,3,0,7,7,0,9,0,2,2,0,0,0,1,1,1,0,0,0,2,0,1,0,0,0,0,2,1,1,0,1,1,1,0,6,0,1,0,1,1,3,0,1,0,1,4,0,5,1,0,1,0,0,1,0,0,0,9,1,1,13,0,2,0,1,2,0,0,0,0,3,1,3,1,0,0,1,2,1,0,0,35,0,1,1,5,5,0,4,0,2,3,3,3,2,0,0,1,9,0,2,0,0,0,0,0,0,9,2,5,0,0,0,0,0,0,1,0,0,0,5,1,5,0,0,0,1,0,0,0,0,1,0,0,9,0,0,0,0,3,0,0,0,0,0,0,0,0,0,0,1,0,1,0,3,0,0,1,1,0,0,0,1,0,0,0,3,1,2,0,2,3,2,1,1,2,0,0,0,3,1,0,0,1,8,0,3,1,0,0,1,0,0,0,0,0,0,3,1,2,0,0,0,4,30,8,0,2,0,1,0,2,2,0,3,0,1,6,2,1,11,2,0,0,3,0,0,4,0,0,0,1,0,0,5,0,0,3,0
1,0,0,0,0,5,0,0,0,1,1,0,1,0,2,1,0,0,3,1,2,2,4,0,2,1,7,0,0,0,0,1,1,1,0,0,1,0,1,0,1,1,0,1,0,5,1,0,0,2,1,0,0,1,1,1,0,1,0,1,2,0,0,0,0,0,1,1,0,0,1,1,0,1,1,1,1,0,3,0,0,3,1,4,0,9,0,0,0,0,2,0,0,0,0,1,0,0,3,0,0,1,2,0,0,0,0,0,0,0,2,23,0,11,0,1,0,0,0,0,0,0,0,0,6,0,7,1,0,0,4,0,0,0,1,32,30,1,1,2,0,4,1,1,9,3,0,2,0,0,1,3,0,1,0,2,1,1,2,1,0,1,1,0,0,0,0,0,0,1,1,1,1,0,1,1,11,0,0,0,1,0,4,15,1,5,3,1,2,3,23,0,1,0,0,0,0,2,0,0,0,0,0,3,0,0,6,1,1,0,5,0,0,0,0,0,0,1,0,0,0,0,0,0,1,0,0,0,0,0,0,0,0,13,0,0,2,0,1,1,1,0,0,1,1,0,0,1,0,0,1,0,1,2,3,1
0,6,0,2,0,1,2,1,2,0,1,2,1,0,2,1,0,0,2,4,0,1,1,1,0,2,0,0,0,0,2,2,2,0,0,0,10,1,2,2,2,0,0,0,0,1,2,1,0,0,1,1,0,1,0,0,0,3,0,4,0,3,0,1,1,1,7,0,0,1,2,0,0,1,3,4,0,19,0,1,0,1,3,4,1,0,0,0,2,2,0,0,2,0,0,0,0,1,24,1,0,0,0,1,1,5,1,3,2,0,1,0,1,0,0,24,4,1,5,0,0,0,2,0,2,0,3,0,0,0,0,1,0,0,5,0,2,0,2,1,13,0,0,21,1,0,0,0,0,0,0,4,2,1,0,0,2,0,0,5,1,2,0,0,0,4,0,1,5,3,2,3,0,0,2,4,0,1,0,1,4,0,0,4,1,1,0,2,3,0,2,1,3,0,0,0,6,1,0,8,3,1,0,0,0,0,1,2,0,0,2,0,0,5,0,3,0,0,0,0,6,1,0,0,1,0,1,0,0,1,0,0,0,2,7,0,2,6,0,6,1,1,0,0,0,4,1,1,1,0,0,0,0,2,4,0
0,7,0,1,0,1,1,0,2,0,0,0,3,1,6,2,0,0,0,1,1,1,2,3,0,8,2,0,0,2,9,2,3,0,0,2,3,0,1,1,2,0,1,1,2,0,1,0,1,1,1,0,2,4,13,1,0,0,3,1,0,4,1,1,0,3,5,0,0,0,1,0,0,0,3,2,1,10,2,8,0,2,0,3,0,0,0,2,1,5,1,0,0,6,0,15,0,0,24,0,0,1,4,2,0,1,1,4,3,4,3,3,1,0,1,13,0,0,2,0,0,0,0,2,9,2,2,0,0,1,6,0,0,2,1,2,1,1,2,3,9,0,2,1,5,1,0,0,0,0,0,2,0,0,0,1,1,0,0,2,0,2,0,0,1,2,0,0,3,3,7,10,3,0,1,4,0,0,6,0,1,0,1,3,5,4,0,1,3,1,1,0,1,1,3,0,5,0,1,0,3,0,0,0,0,0,0,1,1,0,0,0,1,0,4,0,1,0,0,8,0,6,1,0,0,0,2,1,0,0,1,0,0,0,0,1,1,0,1,0,0,1,0,2,1,0,1,0,0,0,0,1,0,0,4,0
3,0,0,2,0,2,5,0,4,0,2,1,0,0,2,2,0,9,3,5,0,3,8,0,0,0,6,0,0,0,1,0,1,1,1,0,0,3,0,0,0,0,0,1,1,3,3,0,0,0,0,0,3,2,0,2,0,1,0,0,1,0,0,11,1,0,0,1,0,0,0,0,0,4,0,0,2,1,0,0,0,2,2,0,0,0,0,1,0,0,1,1,0,2,2,0,0,0,1,1,1,0,1,0,0,2,0,1,2,0,3,12,1,6,0,0,0,2,0,0,0,0,1,5,1,0,10,0,0,1,0,1,0,2,0,1,28,5,0,3,0,1,0,2,0,4,0,3,2,1,0,0,0,0,0,0,2,0,2,2,0,1,0,0,1,1,0,0,0,0,0,3,1,2,0,3,14,0,1,0,0,0,13,8,0,7,2,3,3,1,16,0,0,0,0,0,0,3,0,0,1,4,2,2,0,0,8,0,2,1,6,0,1,0,0,8,0,4,1,7,7,0,0,0,0,0,1,0,0,0,0,1,0,3,0,2,0,6,2,2,4,0,0,0,0,0,0,0,0,0,2,0,0,0,2,0
1,0,2,1,1,4,7,0,2,0,0,0,0,0,1,1,3,1,1,0,0,2,3,0,0,2,3,0,0,0,0,0,1,2,1,0,2,0,1,0,0,0,0,0,0,2,1,0,0,0,0,0,0,1,0,1,2,1,1,0,0,0,0,9,1,0,0,0,0,1,4,1,0,1,0,1,3,1,2,1,0,2,1,4,1,0,1,2,2,0,1,0,0,0,0,0,0,0,1,3,0,2,3,0,0,0,0,0,0,0,1,8,0,0,0,1,1,0,0,0,2,0,1,2,2,0,1,2,2,0,2,0,0,0,2,1,25,1,0,2,3,0,0,9,4,2,0,3,1,1,0,0,0,2,0,0,1,0,0,0,1,0,0,0,0,1,0,0,0,2,0,1,3,0,1,7,17,0,2,0,1,0,6,13,0,1,6,4,2,3,25,0,2,0,0,0,0,6,1,0,0,0,21,3,1,0,0,1,4,1,2,0,0,0,4,3,0,5,1,0,9,0,0,1,0,0,0,3,0,0,0,0,0,10,0,0,8,1,1,1,0,0,0,0,0,0,0,0,1,0,3,1,1,0,4,0
2,1,0,2,0,4,1,0,5,0,1,0,1,0,0,1,0,0,2,1,1,1,1,1,4,1,3,0,0,0,2,0,3,2,0,0,2,0,1,0,0,1,1,0,0,4,2,0,0,0,15,0,3,1,0,1,0,0,0,5,2,0,0,0,3,0,0,0,0,1,2,3,0,2,2,1,6,0,0,0,0,2,1,2,1,0,1,0,1,0,3,0,0,1,0,4,1,1,3,4,1,0,1,0,0,0,0,2,3,0,2,22,0,6,0,1,0,1,1,0,0,1,1,2,1,0,7,1,4,0,1,1,0,0,0,31,24,1,0,1,1,0,0,1,0,1,0,0,1,0,0,0,0,0,0,0,2,1,1,0,0,0,0,0,0,0,0,2,0,1,0,2,5,0,1,1,3,0,0,0,4,0,7,4,0,3,2,2,3,1,5,0,4,0,0,1,0,5,1,0,0,0,5,3,1,0,0,1,5,2,9,0,0,2,0,4,0,10,0,1,0,0,1,0,0,1,1,0,0,0,0,0,0,14,1,2,0,2,1,2,1,0,0,2,0,0,0,0,1,0,3,0,0,1,4,0
1,0,0,0,0,1,2,0,3,0,1,0,0,0,0,1,0,2,1,1,0,1,5,0,0,1,4,0,2,0,0,0,1,0,0,0,1,0,2,0,0,0,3,1,0,3,2,0,2,0,1,0,0,1,0,1,0,0,0,1,3,0,0,20,1,0,0,0,0,0,1,1,0,0,0,2,1,0,0,0,0,1,1,3,0,0,0,0,1,0,2,1,0,2,0,1,0,7,0,2,0,1,3,0,0,9,0,5,3,0,0,32,0,13,0,1,0,5,2,0,0,0,0,1,3,0,1,1,0,0,0,1,0,0,0,0,26,2,0,6,2,0,1,12,0,2,0,2,3,0,0,0,0,0,0,3,1,0,1,0,0,0,1,0,1,0,0,0,0,1,0,1,1,0,1,2,3,1,2,0,0,0,1,8,2,1,1,2,1,1,5,0,1,0,0,0,1,3,0,0,0,0,10,6,0,0,21,1,2,1,3,0,0,0,9,3,0,4,0,0,0,0,0,0,0,0,0,1,7,0,0,0,0,5,0,0,0,1,1,1,0,0,0,0,0,0,0,0,0,0,1,0,0,4,1,0
1,2,0,1,0,0,1,0,3,0,0,3,1,0,0,1,9,0,0,0,2,1,2,0,0,3,1,2,0,0,1,0,1,0,0,0,5,1,0,1,0,7,0,5,1,1,0,1,8,1,1,4,0,1,2,1,1,4,2,3,0,1,0,0,1,0,0,0,0,0,1,0,0,3,1,2,1,4,0,7,13,2,0,0,0,3,4,0,9,1,1,0,0,22,0,2,0,1,9,1,0,1,0,4,0,4,2,1,0,0,0,3,2,0,1,8,0,15,2,0,0,0,0,0,1,0,1,0,1,0,4,0,0,1,1,1,1,1,0,2,1,0,0,2,0,0,1,0,0,0,1,4,0,3,0,1,11,1,1,1,0,1,0,1,0,1,5,0,0,0,0,4,0,2,0,2,0,0,0,1,1,0,0,2,2,1,0,0,1,0,0,0,2,1,0,1,3,1,0,0,1,3,10,2,0,1,2,1,0,9,0,1,1,1,4,0,0,0,0,0,4,5,0,1,0,0,0,1,0,0,0,0,0,27,0,0,0,2,1,1,2,2,0,0,3,0,2,0,0,6,0,1,0,0,0,0
0,0,0,0,0,0,0,0,1,0,0,0,0,0,0,0,0,0,0,1,0,0,0,0,0,2,0,1,0,0,1,0,2,0,0,0,2,0,2,0,0,0,0,0,0,0,0,0,0,1,0,0,0,0,0,0,0,0,0,0,0,0,0,0,0,0,0,0,0,0,0,0,0,0,0,2,1,0,0,0,0,0,0,0,0,0,0,0,1,0,0,0,1,0,0,0,0,0,0,0,0,0,2,0,0,0,0,0,0,0,0,0,0,0,0,2,1,0,1,0,1,0,0,0,0,0,1,0,0,0,0,0,0,0,0,1,0,0,3,0,0,0,0,0,0,1,0,1,0,0,0,0,0,0,1,0,1,0,0,1,0,0,1,0,0,0,1,0,2,2,0,0,0,2,3,0,0,0,0,1,2,0,0,3,0,0,0,2,2,0,2,0,2,0,0,0,0,0,0,0,0,0,0,0,0,0,0,2,0,0,0,0,0,0,0,0,0,0,0,0,0,0,0,0,0,0,1,0,0,0,0,0,0,0,0,0,0,0,0,0,0,0,0,0,1,0,0,0,0,0,0,0,0,0,0,0
0,0,0,0,0,0,0,0,0,0,1,0,0,0,0,1,0,0,0,1,1,0,0,0,0,1,1,0,0,0,0,0,1,0,0,0,1,0,1,0,1,0,0,0,0,1,0,1,1,0,0,1,0,0,0,0,0,1,0,0,0,0,1,0,0,0,0,0,0,0,1,0,0,0,1,1,0,1,0,1,0,0,0,0,0,0,0,0,0,1,0,0,0,1,0,0,0,1,1,1,0,0,0,0,0,1,0,0,1,0,0,0,0,0,0,0,0,0,0,0,0,0,0,0,0,0,0,0,0,0,0,0,0,0,0,0,1,0,0,0,0,0,0,0,1,1,0,1,0,1,0,0,0,0,0,0,0,1,1,1,0,1,0,0,0,0,1,0,0,1,0,0,0,0,1,0,0,1,0,0,0,0,0,2,1,0,0,1,1,0,1,0,0,0,0,0,1,0,0,0,0,0,0,1,0,0,1,1,0,0,1,0,0,0,0,0,0,1,1,0,0,0,0,0,0,0,0,0,0,0,0,1,0,0,0,0,0,0,0,0,0,0,0,0,0,0,0,0,0,1,0,0,0,0,0,0
0,0,0,0,0,0,0,0,0,0,0,0,0,0,0,2,0,0,0,0,0,2,0,0,0,0,2,0,0,0,0,0,0,0,0,0,0,0,0,0,0,0,0,0,0,1,0,0,0,0,0,0,2,2,0,2,0,0,0,0,0,0,0,0,0,0,0,0,0,0,0,0,0,0,0,0,2,0,0,0,1,0,2,0,0,0,0,0,0,0,0,0,0,0,0,0,0,0,0,0,0,0,0,0,0,0,0,0,0,0,0,1,0,1,0,0,0,0,0,0,0,0,1,0,0,0,2,0,0,0,1,0,0,0,0,1,1,2,0,2,0,1,0,2,0,2,0,1,0,0,0,0,0,0,0,0,2,0,0,1,0,0,0,0,0,0,0,0,0,0,0,2,0,0,0,2,1,0,0,0,0,0,0,2,0,2,0,0,0,1,0,0,0,0,0,0,0,0,0,0,0,0,0,0,0,0,2,0,0,0,0,0,0,0,0,2,0,0,0,0,1,0,0,0,0,0,0,0,0,0,0,0,0,0,0,0,0,0,2,0,0,0,0,0,0,0,0,0,0,0,0,0,0,0,0,0
0,1,0,0,0,0,0,0,1,0,0,0,0,0,0,3,0,0,0,2,0,1,0,0,0,1,1,0,0,0,1,0,1,1,0,0,1,0,1,0,0,0,0,0,0,0,0,0,0,0,0,0,0,1,0,2,0,0,0,0,0,0,0,0,0,0,0,0,0,0,1,0,0,0,0,1,1,1,0,0,0,0,1,0,0,0,0,1,1,0,1,0,1,0,1,0,0,0,0,0,0,0,0,0,0,0,0,0,0,0,0,2,0,0,0,0,0,0,0,0,0,0,0,0,0,0,1,0,0,1,0,0,0,0,1,1,1,1,1,1,0,0,0,2,0,0,0,1,0,0,0,0,0,0,0,0,1,0,0,0,0,0,1,0,0,0,0,0,1,1,0,1,0,0,1,1,0,0,0,0,0,0,0,2,0,2,1,1,1,0,1,0,1,0,0,0,0,0,0,0,0,0,1,0,0,0,0,1,1,0,0,0,0,1,0,1,0,0,0,0,1,0,0,0,0,0,0,0,0,0,0,0,0,0,0,0,0,0,1,0,0,0,0,0,0,0,0,0,0,0,0,0,0,0,0,0
0,0,0,0,0,0,2,0,2,0,1,0,0,0,0,0,0,0,0,0,0,0,0,0,0,2,1,0,0,1,1,0,2,0,0,0,4,0,2,1,0,0,0,0,0,0,1,0,0,0,2,2,0,0,0,0,0,1,0,0,0,0,0,0,0,0,0,0,1,0,2,0,0,1,0,2,0,0,0,0,0,0,0,0,0,0,0,0,0,0,0,0,0,1,0,0,0,0,2,0,0,0,0,0,0,0,0,0,0,0,1,0,0,0,0,3,0,0,0,0,0,0,0,0,0,0,0,0,0,0,0,0,0,0,0,0,0,0,0,0,0,0,0,0,0,0,0,0,0,0,0,0,0,0,0,0,0,0,0,0,0,0,1,0,0,0,0,0,0,3,1,0,0,0,2,0,0,0,0,0,0,0,0,3,0,0,0,2,3,0,2,0,2,1,2,0,0,0,0,0,0,0,0,0,0,0,0,2,0,0,0,1,0,1,0,0,0,0,0,0,0,0,0,0,0,0,0,0,0,0,0,0,0,0,0,0,0,0,0,0,0,0,0,0,0,0,0,0,0,0,0,0,0,0,0,0
0,0,0,0,0,0,1,0,1,1,0,0,0,0,0,0,0,0,0,0,0,0,1,0,0,2,0,0,0,0,0,0,2,0,0,1,3,0,3,0,0,0,0,0,0,0,3,0,0,1,0,0,0,0,0,1,0,2,0,0,0,1,0,0,0,0,0,1,0,0,1,1,0,0,0,2,0,0,0,0,0,0,0,0,0,0,0,0,2,0,0,0,0,0,0,1,0,0,0,0,0,0,0,1,1,0,0,0,0,0,0,0,0,0,0,1,0,0,1,0,0,0,0,0,0,0,0,0,0,0,0,0,0,0,3,0,0,0,1,0,0,0,0,3,1,0,0,1,0,0,0,0,0,0,0,0,0,0,0,0,0,0,2,0,0,0,0,0,0,2,0,0,0,0,2,1,0,0,0,0,0,0,0,3,0,0,5,2,4,0,2,2,2,0,0,0,1,0,0,0,0,0,0,0,0,0,1,2,0,0,1,0,0,0,0,0,0,0,0,0,0,0,0,0,0,0,0,0,1,0,0,0,0,0,0,0,3,0,0,0,0,0,0,0,0,0,0,0,0,0,0,0,0,0,0,0
0,0,0,0,0,0,1,1,1,0,0,0,0,0,0,0,0,0,0,1,0,0,0,0,1,1,1,0,0,0,1,0,1,0,2,0,1,0,1,0,4,1,0,0,0,0,2,5,0,0,0,2,0,0,0,1,0,4,0,0,0,1,1,0,0,0,0,0,0,0,0,0,0,0,0,1,0,1,0,0,0,0,0,0,0,0,0,0,2,3,0,0,0,3,0,0,0,0,4,0,1,0,0,0,0,0,0,0,0,0,0,0,1,0,0,2,0,0,2,0,0,0,0,0,0,0,0,0,0,0,0,0,0,1,2,0,1,0,0,0,0,0,0,0,0,1,0,0,0,0,0,0,0,0,0,0,0,1,1,1,2,0,2,0,0,0,1,1,0,1,0,0,0,0,1,0,0,1,0,0,1,0,0,3,1,0,0,1,1,0,1,0,2,0,0,0,0,1,0,0,0,0,0,1,0,0,0,1,0,0,1,0,0,0,0,0,0,1,0,0,0,0,0,0,0,0,0,0,0,0,0,0,0,1,0,0,0,0,0,0,1,0,0,0,0,0,0,0,0,0,0,0,0,0,0,0
0,0,0,0,0,0,1,0,2,0,0,0,0,0,0,0,1,0,0,0,0,0,0,0,0,2,0,0,0,0,0,0,2,0,1,0,2,0,2,0,3,0,0,0,0,0,0,0,0,0,0,1,0,0,0,0,0,4,0,0,0,0,0,0,0,0,0,1,0,0,1,0,0,1,0,2,0,0,0,0,0,0,0,0,0,0,0,0,1,0,0,0,0,0,0,0,0,0,3,0,0,0,0,1,0,1,0,2,0,0,0,0,1,0,0,4,0,0,0,0,0,0,0,0,0,0,0,0,0,0,0,0,0,0,1,0,0,1,0,1,0,1,0,0,0,0,0,0,0,0,0,1,0,0,0,0,0,0,0,0,0,0,1,0,0,0,0,0,1,2,0,1,0,1,2,0,0,0,0,0,1,0,0,4,0,0,2,2,2,0,2,0,2,1,0,0,1,0,0,0,0,0,0,0,0,0,0,2,0,0,0,0,0,0,0,0,0,0,0,0,0,0,0,1,0,0,0,0,0,0,0,0,0,0,0,0,0,0,0,0,0,0,0,0,0,0,0,0,0,0,0,0,0,0,0,0
0,0,0,0,0,0,1,0,1,0,0,0,0,0,0,1,0,0,0,0,0,1,0,0,0,1,1,0,0,0,0,0,1,0,0,0,1,0,1,0,0,0,0,0,0,0,0,1,0,1,0,0,1,1,0,1,0,0,0,0,0,1,0,0,0,0,0,0,0,0,1,0,0,0,1,2,1,1,2,0,0,0,0,0,0,0,0,0,0,1,1,0,0,0,0,0,0,0,0,1,0,0,0,0,1,0,0,0,0,0,0,0,0,1,0,0,0,0,0,0,0,0,0,0,0,0,1,0,0,0,1,1,0,0,0,0,0,1,0,1,1,0,0,1,0,1,0,1,0,0,1,0,3,0,0,1,1,0,0,0,0,0,0,0,0,0,0,0,0,1,0,1,0,0,2,1,0,0,0,0,0,0,0,2,0,2,0,1,1,0,1,0,1,0,1,0,0,0,0,0,0,0,0,0,0,0,0,1,0,1,1,1,0,0,0,0,1,0,0,1,0,0,0,0,0,0,0,0,0,0,0,0,0,0,0,0,0,0,1,0,0,0,0,0,0,0,0,0,0,0,0,0,0,0,0,0
0,0,0,0,0,0,1,0,3,1,0,0,0,2,0,0,0,0,0,1,0,0,1,0,0,2,1,0,0,0,0,0,2,0,0,0,4,0,2,0,2,0,0,0,2,0,1,0,0,0,1,2,0,0,0,1,0,1,0,0,0,2,0,0,0,0,0,0,0,0,2,0,0,0,0,2,0,2,0,0,0,0,0,0,0,0,0,0,1,1,2,1,0,0,0,0,0,0,1,0,1,0,1,0,0,0,0,0,0,0,0,0,0,0,0,3,0,0,3,0,1,0,0,0,0,0,0,0,0,0,0,0,0,1,0,0,1,0,0,0,0,0,0,0,0,0,0,0,0,0,0,0,0,0,0,0,0,0,0,0,0,0,1,0,0,0,0,0,1,2,0,0,0,0,2,0,0,0,0,0,1,0,0,3,0,0,0,2,3,0,2,0,2,0,0,0,0,0,0,0,0,0,0,0,0,0,0,2,0,0,0,0,1,0,0,0,0,0,0,0,0,1,0,0,0,0,0,0,0,0,0,0,0,0,0,0,0,0,0,0,1,0,0,0,0,0,0,0,0,0,0,0,0,0,0,1
0,1,0,0,0,0,1,0,2,0,1,0,0,0,0,2,0,0,0,1,0,0,0,0,0,2,0,0,0,0,0,0,2,0,0,0,2,1,2,0,0,0,0,0,0,0,1,1,0,0,0,1,0,0,0,0,0,0,0,0,0,2,0,0,0,0,1,0,0,0,1,0,0,0,0,1,0,0,0,0,0,1,0,0,0,0,0,0,0,0,0,0,0,0,0,0,0,0,1,0,0,0,0,1,0,0,1,0,0,0,0,0,0,0,0,1,0,0,1,0,0,0,0,0,0,0,0,0,1,0,0,0,0,0,2,0,0,0,0,0,0,0,0,0,0,0,0,0,0,0,0,0,0,0,0,0,0,0,0,0,0,0,0,0,0,1,0,0,1,1,1,1,1,0,2,0,0,0,1,0,0,0,0,1,1,0,0,1,2,0,1,0,1,0,0,0,0,0,0,0,0,0,0,0,0,0,0,1,0,0,0,0,0,0,0,0,0,0,0,1,0,0,0,0,0,0,1,0,0,0,0,0,0,0,0,0,1,0,0,1,0,0,0,0,0,0,0,0,0,0,0,0,1,0,0,0
1,0,1,0,0,0,1,0,2,0,0,1,0,0,0,0,0,0,1,0,0,0,0,0,0,3,2,0,0,0,0,1,2,0,2,1,2,0,1,1,1,0,0,0,0,2,3,1,0,0,0,0,0,1,0,0,0,2,0,0,0,2,0,0,0,1,1,0,0,1,2,0,0,1,0,3,0,0,1,0,1,0,0,0,0,0,0,0,2,0,2,0,0,1,0,1,0,0,1,0,0,0,0,0,1,0,0,0,0,0,0,0,0,1,0,3,0,0,1,0,1,0,1,0,0,0,0,0,0,0,0,0,0,0,1,0,0,1,0,1,0,0,0,0,0,0,0,0,1,0,0,0,0,0,0,0,0,0,0,2,1,0,1,0,0,0,0,0,0,1,0,0,0,0,1,1,0,0,0,0,0,0,0,2,0,1,0,2,2,0,1,0,2,0,1,0,1,0,1,0,0,0,0,0,0,0,0,2,0,0,1,0,0,0,0,0,0,0,0,0,0,0,0,0,0,0,0,0,0,0,0,0,0,0,0,0,0,0,1,0,0,0,0,0,0,0,0,0,0,0,0,0,0,0,0,0
0,0,0,0,0,0,2,0,2,0,0,1,0,0,0,0,0,0,0,0,0,0,0,0,0,2,0,0,0,0,0,1,2,0,0,0,2,0,3,0,1,0,0,0,0,0,1,1,0,0,1,0,0,0,0,0,0,2,0,0,0,1,0,0,0,0,0,0,0,0,0,0,0,0,0,2,0,0,1,0,0,0,0,0,0,0,0,0,0,0,1,0,0,0,0,0,0,0,2,1,1,0,0,0,0,1,0,0,2,0,0,0,0,1,0,1,0,0,0,0,0,0,0,0,0,0,0,0,0,0,0,0,0,0,2,0,0,0,0,0,0,2,0,0,0,0,0,0,0,0,0,1,0,0,1,0,0,0,0,0,0,0,2,0,0,0,0,0,0,2,0,0,0,0,2,0,0,0,0,0,0,0,0,2,0,0,1,2,4,0,2,0,2,0,0,0,1,0,0,0,0,1,0,0,0,0,0,2,0,0,0,0,2,0,0,0,0,0,0,0,0,0,1,1,0,0,0,0,0,0,0,0,0,0,0,0,2,0,0,1,0,0,0,0,0,0,0,0,0,0,0,0,0,0,1,0
0,0,0,0,0,0,0,0,1,0,0,0,0,0,1,1,0,0,0,0,0,1,0,0,0,1,1,0,0,0,0,0,2,0,0,0,1,0,1,0,0,0,2,1,0,0,0,0,0,0,0,1,0,1,0,1,1,1,0,0,0,0,0,0,0,0,0,0,0,0,1,1,0,0,2,1,1,0,1,0,0,0,0,0,1,0,0,1,0,0,0,0,0,0,0,0,0,0,1,0,0,0,1,0,1,0,0,0,0,0,1,2,0,0,0,2,0,0,0,0,0,0,0,0,0,0,1,0,0,0,1,0,0,0,0,0,2,1,0,1,0,0,0,1,0,1,0,0,0,0,0,0,0,0,0,0,1,0,0,0,0,0,1,0,0,0,0,0,0,1,1,1,0,0,1,1,0,0,0,0,0,0,0,2,0,1,0,1,1,0,1,0,3,0,0,0,0,0,0,0,0,0,1,0,0,0,0,1,2,0,0,0,0,0,0,0,0,0,0,0,3,0,0,1,0,0,0,0,0,0,0,0,0,0,0,0,0,0,1,0,2,0,0,0,2,0,0,0,0,0,0,0,0,0,0,0
0,0,0,0,0,0,2,0,2,0,0,0,0,0,0,0,0,0,0,0,0,0,0,0,0,3,3,0,0,1,0,0,2,0,0,0,2,0,1,1,0,0,0,0,1,0,1,0,0,0,0,0,0,1,0,2,0,0,0,0,0,1,0,0,0,0,0,0,0,0,1,0,0,1,1,1,0,0,0,1,0,1,0,0,0,0,0,0,0,0,0,0,0,0,0,0,0,0,1,0,0,0,0,0,0,0,0,0,0,0,0,0,0,0,0,1,0,0,0,0,0,1,0,0,0,0,1,1,0,0,0,0,0,0,0,0,0,1,0,1,0,0,0,0,0,0,0,0,0,0,0,0,0,0,1,0,0,0,0,0,0,0,1,0,1,1,0,0,1,1,0,1,1,0,2,1,0,0,0,0,0,0,0,3,0,1,1,1,3,0,1,0,2,0,0,0,0,1,0,0,0,0,0,0,0,0,0,2,0,0,0,1,0,0,0,0,0,0,0,0,0,0,0,0,0,0,0,0,0,0,0,0,0,0,0,0,1,0,0,0,0,0,0,0,0,0,0,0,0,0,0,0,0,0,0,0
0,1,0,0,0,0,1,0,2,0,0,0,0,0,0,0,0,0,0,1,0,0,0,0,0,2,0,0,0,0,0,0,2,0,0,0,2,0,2,0,0,0,0,0,0,0,0,0,0,0,0,0,0,0,0,0,0,0,0,0,0,0,0,0,0,4,0,0,0,0,1,0,0,1,1,2,0,2,0,0,0,0,0,0,0,0,0,0,0,0,0,0,0,2,0,0,0,0,0,0,0,0,0,0,0,0,0,0,0,0,0,0,0,0,0,2,1,0,1,0,0,0,0,0,1,1,0,0,0,0,0,0,0,0,0,0,0,0,1,0,0,0,2,0,0,0,0,0,0,0,0,0,0,0,0,0,0,0,0,2,0,0,2,0,1,0,0,0,0,2,0,0,0,0,2,0,1,0,2,0,0,0,0,2,0,0,0,2,2,2,2,1,2,0,0,0,1,0,0,0,0,0,0,0,0,0,2,2,0,0,1,0,0,1,0,0,0,0,0,0,0,0,0,0,0,0,0,0,0,0,0,0,1,0,0,0,1,0,0,0,0,0,0,0,0,0,0,0,0,3,0,0,0,0,0,0
0,0,0,0,0,0,0,0,0,0,0,0,0,0,0,0,0,0,0,0,0,1,0,0,0,2,0,0,0,0,0,0,2,0,0,0,3,0,2,0,1,0,0,0,0,0,0,0,0,0,0,2,0,0,0,0,0,0,0,0,0,0,0,0,0,0,1,0,0,0,0,0,0,0,0,2,0,0,1,0,1,0,0,0,1,0,0,0,0,0,1,0,0,0,0,0,0,0,0,0,0,0,0,0,0,0,0,0,0,0,1,0,0,0,0,2,0,0,1,0,0,0,1,0,0,1,0,0,0,0,0,0,0,0,2,0,0,1,4,0,0,0,0,0,0,1,0,2,0,0,0,1,0,0,0,0,0,0,0,0,0,0,1,0,0,0,0,0,1,2,0,0,0,0,2,0,0,0,0,0,0,0,0,2,0,0,0,2,2,0,2,0,2,0,0,0,0,0,0,0,0,0,0,0,0,0,0,2,0,0,0,0,0,0,0,0,0,0,0,0,0,0,0,0,0,0,0,0,0,0,0,0,0,0,0,0,0,1,0,0,0,0,0,0,0,0,0,0,0,0,0,0,0,0,0,0
0,1,0,0,0,0,0,0,2,0,0,0,0,0,0,0,0,0,0,1,0,2,0,0,0,2,0,0,0,0,0,0,2,0,1,0,3,0,2,0,2,0,0,1,0,0,1,0,0,0,1,1,0,0,0,1,0,1,0,0,0,2,0,0,0,0,0,0,0,0,2,0,1,0,1,2,0,1,0,0,1,0,0,0,0,0,0,0,0,0,0,0,0,0,0,0,0,0,3,0,0,0,0,0,0,0,0,0,0,1,0,0,0,0,0,4,0,0,0,0,0,0,0,0,0,0,0,0,0,1,0,0,0,0,0,0,0,1,0,0,0,0,1,1,0,0,0,0,0,0,0,1,0,0,0,0,2,0,0,0,0,0,0,0,0,0,0,0,2,2,0,0,0,0,2,0,0,0,0,0,1,0,0,3,0,0,2,2,2,0,2,0,2,0,0,0,1,0,0,0,0,0,0,0,0,0,0,2,0,0,0,0,0,0,0,0,0,0,0,0,0,0,0,0,0,0,0,0,0,0,0,0,0,0,0,0,0,0,0,0,0,0,0,0,0,0,0,0,0,0,0,0,0,0,0,0
0,0,2,0,0,0,0,0,0,0,0,0,0,0,0,2,0,0,0,0,0,2,1,0,0,0,3,0,0,0,0,0,0,0,0,0,0,0,0,0,0,0,0,0,1,1,1,0,0,0,0,0,0,2,0,2,0,0,0,0,0,0,0,0,0,0,0,0,0,0,0,0,0,0,0,0,2,0,0,0,0,0,2,0,0,0,0,0,0,0,0,0,0,0,0,0,0,0,2,0,0,0,0,0,0,0,0,0,0,0,0,2,0,0,0,0,0,0,0,0,0,0,0,0,0,0,3,0,0,0,1,0,0,0,0,0,0,2,0,2,0,0,0,2,0,1,0,0,0,0,0,0,0,0,0,1,2,0,0,0,0,0,0,0,0,0,0,0,0,0,0,2,0,0,0,2,2,0,0,0,0,0,0,2,0,2,0,0,0,0,0,0,0,1,0,0,0,0,0,0,0,0,0,0,0,0,0,0,0,0,1,0,0,0,0,0,0,0,0,0,2,0,0,0,0,0,0,0,0,0,0,0,0,0,0,0,0,0,2,0,0,0,0,0,0,0,0,0,0,0,0,0,0,0,1,0
0,0,0,0,0,0,0,0,1,0,0,0,0,0,0,1,0,0,1,0,0,1,1,0,0,1,2,0,0,0,0,0,1,1,0,0,1,0,1,0,0,0,0,0,2,1,0,0,0,0,0,0,0,1,0,1,0,0,0,0,0,1,0,0,1,0,0,0,0,0,3,0,0,0,0,1,1,0,0,0,0,2,0,0,0,0,0,1,1,0,1,0,0,0,0,0,0,0,0,0,0,1,2,0,0,0,0,0,0,0,0,0,0,0,0,0,0,0,0,0,0,0,0,0,0,0,2,1,0,0,0,0,0,0,1,0,0,1,1,2,0,0,0,1,0,1,0,1,0,0,0,0,0,0,0,0,1,0,0,0,0,0,0,0,0,0,0,0,2,1,0,1,0,0,1,1,0,0,0,0,1,0,0,2,0,2,1,1,1,0,1,0,1,0,0,0,1,0,0,0,0,0,0,0,0,0,0,1,0,0,0,0,0,0,0,0,0,0,0,0,1,0,0,0,0,0,0,0,0,0,0,0,0,0,0,0,0,0,1,0,0,0,0,0,0,0,0,0,0,0,0,0,0,0,0,0
0,0,0,0,0,0,0,0,2,0,0,0,0,0,0,0,0,0,0,0,0,0,1,0,0,2,0,0,0,0,0,0,2,0,0,0,3,0,1,0,0,0,0,0,0,0,0,2,0,0,0,1,0,1,0,1,0,0,0,0,0,2,0,0,0,0,0,0,0,0,1,0,0,0,0,1,0,1,0,0,0,0,0,0,0,0,0,0,0,0,0,0,0,0,0,0,0,0,2,0,0,0,0,0,1,0,0,0,0,0,0,0,2,0,0,2,0,0,1,0,0,0,0,0,0,0,0,0,0,0,0,0,0,0,1,0,1,1,0,1,0,0,0,0,0,0,0,1,0,0,0,0,0,0,0,0,0,0,0,1,0,0,2,0,0,0,0,0,1,1,2,0,0,0,1,1,0,0,0,0,0,0,0,2,0,2,0,1,3,0,1,0,2,0,0,0,0,0,0,0,0,0,0,0,0,0,0,2,0,0,0,0,0,0,0,0,0,0,0,0,0,0,0,0,0,0,0,0,0,0,0,0,0,0,0,0,0,0,0,0,0,0,0,0,0,0,0,0,0,0,0,0,0,0,0,0
0,0,0,0,0,0,1,1,0,0,1,0,0,0,0,0,0,0,0,0,0,0,0,0,0,1,2,1,0,1,0,0,1,0,0,0,1,1,2,0,0,0,0,0,1,0,1,3,1,0,0,0,0,1,0,2,1,1,0,0,0,3,0,0,0,0,1,0,0,0,2,0,0,0,0,0,1,0,0,0,0,1,0,1,0,1,0,0,0,1,1,0,0,0,0,0,0,0,0,0,0,0,0,0,0,0,0,0,0,0,0,1,0,0,2,1,0,0,0,0,0,0,0,2,0,0,0,0,0,0,0,0,0,0,0,1,0,1,1,1,0,0,0,0,0,0,0,1,0,0,0,2,0,0,0,2,0,0,0,0,0,0,0,0,0,1,0,0,1,0,0,2,1,0,0,1,0,0,1,0,0,1,0,2,0,1,0,0,1,0,0,0,1,0,0,0,0,0,0,0,0,0,0,0,0,0,1,2,0,0,0,0,0,0,0,1,0,0,1,0,0,0,0,0,0,0,1,0,0,0,0,0,0,0,0,0,1,0,1,0,0,0,0,0,0,0,0,0,0,0,0,0,0,0,0,0
1,0,0,0,0,0,1,0,1,0,0,1,0,0,0,1,0,0,0,0,0,1,0,0,0,1,3,0,0,0,1,0,1,0,0,0,1,0,0,0,0,0,0,0,2,3,1,0,0,0,0,1,3,2,0,3,1,0,0,0,0,0,0,0,0,0,0,0,0,0,0,0,0,0,0,1,1,0,0,0,0,0,1,0,0,0,0,0,0,0,0,1,0,0,0,0,0,0,1,0,2,0,0,0,0,3,0,1,0,0,0,1,0,1,0,0,0,0,0,0,0,0,0,0,0,1,4,0,0,0,0,0,0,0,0,2,0,1,0,2,0,2,0,1,0,1,0,0,2,0,0,0,0,0,0,0,1,0,0,1,0,0,1,0,0,0,0,0,0,1,0,1,0,0,1,1,0,0,0,0,0,0,0,2,2,2,0,1,1,1,1,0,1,0,0,0,0,0,0,0,0,0,0,0,0,0,1,1,0,0,0,0,0,0,0,0,0,0,0,0,0,0,0,0,0,0,0,0,0,0,0,0,0,0,0,0,0,0,1,1,0,0,0,0,0,0,0,0,0,0,0,0,0,0,0,0
0,0,0,0,0,0,0,0,1,1,0,0,0,0,0,1,0,0,0,0,0,1,0,0,0,1,2,0,0,0,0,0,1,0,0,0,2,0,0,1,0,0,0,0,1,1,0,0,0,0,0,0,2,2,0,1,0,0,0,0,0,0,0,0,1,0,0,0,0,0,1,0,0,0,0,1,1,0,0,0,0,0,1,0,0,0,1,0,0,0,0,0,0,0,0,0,1,0,0,0,0,1,1,0,1,2,0,0,0,0,0,1,0,1,0,0,0,0,0,0,0,0,0,0,1,0,2,0,0,0,0,0,0,0,0,0,1,3,0,2,0,0,0,1,0,1,0,0,0,0,0,1,2,0,0,0,1,0,0,0,0,0,1,0,0,0,1,0,0,0,0,1,1,0,0,1,0,0,0,0,0,0,0,2,0,2,0,1,1,0,0,1,1,0,0,0,0,0,0,0,0,0,0,0,0,3,3,1,0,0,0,0,0,0,0,0,0,0,0,0,2,0,0,0,0,0,1,0,0,0,0,0,0,0,0,0,0,0,1,0,0,0,0,0,0,0,0,0,0,0,0,0,0,0,0,1
0,0,0,0,0,0,0,0,0,0,0,0,1,1,0,1,0,1,0,0,0,2,2,0,0,0,2,0,0,0,1,1,0,0,0,0,0,0,0,0,0,0,0,0,1,1,0,1,0,1,0,0,1,1,0,1,0,0,0,0,0,0,1,0,0,0,1,0,0,0,0,0,0,1,0,0,1,1,0,0,0,2,0,0,0,0,2,0,0,1,0,1,0,1,1,0,0,1,1,0,0,0,0,1,0,0,0,0,0,0,0,1,0,0,0,0,0,0,0,0,0,0,0,0,0,0,1,0,0,0,0,0,0,0,0,0,2,1,0,1,0,0,0,1,1,2,0,0,0,0,0,0,0,0,0,0,1,1,1,1,0,0,0,0,0,0,1,1,0,1,0,1,1,2,0,1,0,3,0,0,0,1,0,1,1,2,0,0,0,1,0,0,0,0,0,0,0,1,0,0,0,0,0,3,1,0,0,0,0,0,1,0,1,0,1,0,0,1,0,0,0,0,0,0,0,0,1,0,1,0,0,0,0,0,0,0,0,0,1,0,0,0,0,0,0,0,0,0,0,2,0,0,0,0,0,0
0,0,0,0,0,0,1,0,2,0,0,0,0,0,0,0,0,0,0,1,0,0,0,0,0,2,1,0,0,0,0,0,2,0,0,0,5,0,2,0,1,0,0,0,0,0,3,0,0,0,0,0,0,0,1,0,0,3,0,1,0,2,0,0,0,0,0,0,0,0,2,0,0,0,3,2,0,4,0,0,0,0,0,0,0,3,0,0,2,0,0,0,0,0,0,0,0,0,3,0,1,0,0,0,0,0,0,0,0,0,0,0,0,0,0,5,0,0,0,0,0,0,0,0,0,0,0,0,0,0,0,0,0,0,0,0,0,0,0,0,0,0,0,0,0,0,0,0,1,0,0,1,0,0,0,0,1,0,0,0,0,0,1,0,0,0,0,0,0,2,0,0,0,0,2,1,0,0,0,0,3,1,0,4,0,0,0,2,2,0,2,0,2,0,0,0,0,0,0,0,0,0,0,0,0,0,0,2,0,0,0,0,0,0,0,0,0,0,0,0,0,0,0,1,0,0,0,0,0,0,0,0,0,0,0,0,0,0,0,0,0,0,0,0,0,0,0,0,0,0,0,0,0,0,0,0
0,0,0,0,0,0,1,1,0,0,0,0,0,0,1,1,0,0,0,0,1,1,0,0,1,0,7,0,0,0,4,0,0,0,0,0,0,0,2,1,0,0,2,0,0,1,0,0,0,0,0,0,0,1,0,1,0,0,0,0,1,0,0,0,1,0,0,0,0,0,1,0,0,0,0,0,1,0,2,0,0,0,1,0,0,1,0,0,0,0,1,0,0,0,0,0,0,2,0,0,1,0,0,0,0,0,0,0,0,2,0,1,0,0,1,0,0,0,0,0,0,0,0,0,1,1,5,0,0,0,3,2,0,0,4,0,1,1,0,1,0,1,0,1,0,1,0,0,0,0,0,0,2,0,0,0,1,1,0,0,0,0,0,0,0,0,0,0,0,2,0,1,0,0,0,1,0,0,0,0,0,0,0,1,1,4,0,0,0,1,0,2,1,0,0,0,1,0,0,1,1,0,0,0,0,0,1,1,0,0,2,0,0,0,0,0,0,0,0,0,0,0,0,0,2,0,0,0,0,0,0,0,0,0,0,0,0,1,1,0,0,0,0,0,0,0,0,0,0,0,1,1,0,0,1,0
0,0,0,0,0,0,0,0,0,1,0,0,0,0,0,1,0,0,0,0,1,1,0,0,0,0,2,0,0,0,2,0,0,0,0,0,0,0,0,0,0,0,0,0,0,0,1,0,0,0,0,1,1,1,0,1,0,0,0,0,0,1,0,2,0,1,0,0,0,1,0,0,0,0,0,0,1,0,0,0,0,0,0,0,0,1,0,1,0,1,0,0,0,0,0,0,0,0,0,0,0,0,0,0,1,0,0,0,0,0,0,0,0,0,0,0,0,0,0,0,0,0,0,0,0,0,2,0,0,0,1,0,0,0,0,0,0,1,0,1,0,0,0,1,0,1,0,0,0,0,0,0,0,0,0,0,1,0,0,0,0,0,2,0,0,0,0,2,0,1,1,1,0,0,0,1,0,0,0,0,0,1,1,2,0,1,0,0,1,0,0,1,1,0,0,0,0,0,0,0,0,0,0,0,0,0,0,0,0,0,0,0,1,0,0,0,0,0,0,0,0,0,0,0,0,0,0,0,0,0,0,0,0,0,0,1,0,0,1,0,1,1,0,1,0,1,0,0,1,0,0,0,0,0,0,1
0,0,0,0,0,0,0,0,1,0,0,0,1,0,0,0,0,0,0,2,0,1,0,0,0,2,4,0,0,0,0,0,2,0,0,0,2,0,1,0,0,0,0,0,2,0,1,0,0,0,0,0,0,1,0,1,0,0,0,0,0,2,0,0,0,0,0,0,0,0,2,0,0,0,3,2,0,0,0,0,0,0,0,0,0,0,0,0,2,0,0,0,0,0,0,0,0,0,0,0,0,0,0,0,0,0,0,0,0,0,0,0,0,0,0,0,0,0,0,0,0,0,0,0,0,0,0,0,0,0,0,0,0,0,0,0,0,0,1,1,0,0,0,0,0,0,0,1,0,0,0,0,0,0,0,0,0,0,0,0,0,0,0,0,0,0,0,0,1,1,0,0,0,0,2,0,0,0,0,0,0,0,0,2,0,0,0,2,2,0,2,0,2,0,0,0,2,0,0,0,0,0,0,0,0,0,0,2,1,0,0,0,0,0,0,0,0,0,0,0,0,0,0,2,0,0,0,0,0,0,0,0,0,0,0,0,0,0,0,0,0,0,0,0,0,0,0,0,0,0,0,0,0,0,0,0
0,0,0,0,0,0,0,0,1,0,0,1,0,1,0,1,0,0,0,0,0,1,0,0,0,0,3,0,0,0,0,0,0,0,0,0,0,0,0,0,0,0,1,0,0,0,0,0,0,0,0,0,0,2,0,2,1,1,0,0,0,1,0,0,0,0,1,0,0,0,1,0,0,0,0,0,1,0,1,0,0,0,1,0,0,0,0,2,0,0,0,0,0,0,0,0,0,0,3,0,0,0,1,0,0,0,1,0,0,1,1,4,0,0,0,2,0,1,0,0,0,0,1,0,0,0,0,0,1,0,0,0,0,0,0,0,6,2,0,3,2,0,0,2,0,1,0,0,0,1,0,0,0,0,0,1,2,0,0,0,0,0,1,0,0,0,0,0,0,0,0,2,0,0,0,2,0,0,0,0,0,0,0,3,0,3,0,0,0,1,1,1,1,0,0,0,0,0,0,0,1,0,1,0,0,0,0,2,0,0,0,0,0,0,0,0,0,0,0,0,2,0,0,0,0,0,0,1,0,0,0,0,0,0,0,0,0,2,2,1,0,0,0,0,0,0,0,0,0,0,0,0,0,2,0,0
0,0,0,0,0,0,0,0,0,2,1,0,2,0,0,2,0,0,0,1,1,1,0,0,0,0,1,1,0,0,0,0,1,0,0,0,0,1,0,0,0,0,0,0,0,0,1,1,1,0,0,0,0,1,0,1,2,0,0,0,0,1,0,0,0,0,1,0,0,0,0,0,0,0,0,0,1,0,0,0,0,1,1,0,0,0,0,0,0,0,0,0,0,0,0,1,0,1,1,0,1,0,0,0,0,0,0,0,0,0,0,1,0,0,0,0,0,0,0,0,0,0,0,0,0,0,0,0,0,0,1,0,0,1,0,1,0,2,0,2,0,0,0,1,0,0,0,0,0,0,0,1,0,1,0,0,1,0,0,0,0,0,1,0,0,1,0,0,2,0,0,2,2,0,0,1,0,1,1,0,0,0,0,1,0,1,0,0,0,0,0,0,0,0,0,0,0,0,0,0,0,0,0,0,0,0,0,0,0,0,0,0,0,0,0,1,0,0,0,0,0,0,0,0,0,0,1,0,0,0,0,0,0,0,0,0,1,0,2,1,0,0,0,0,1,0,0,0,0,0,0,0,2,0,0,0
0,0,0,0,0,0,0,0,1,0,0,0,0,0,0,1,0,0,0,0,1,1,0,0,0,1,1,0,0,0,0,1,1,0,0,0,1,0,1,0,0,0,0,0,0,0,1,0,0,0,0,0,1,1,0,1,0,1,0,0,0,0,0,0,0,0,0,1,0,0,1,0,1,0,0,1,1,0,0,0,0,0,0,0,0,1,0,0,0,0,0,0,0,0,0,0,0,0,1,0,0,0,0,0,0,0,0,0,0,0,0,0,0,0,0,1,0,0,0,0,0,0,0,0,1,0,1,0,0,0,1,0,0,0,0,0,0,1,0,1,0,0,0,1,0,1,0,0,0,0,0,0,0,0,0,0,1,0,0,0,0,0,0,0,0,0,0,0,1,1,0,1,0,1,1,1,0,0,0,0,1,0,0,3,0,1,0,1,1,0,1,0,1,0,0,0,0,0,0,0,0,0,0,0,0,0,0,1,0,0,0,0,0,0,0,0,0,0,0,0,0,0,0,0,0,0,0,0,0,0,0,0,0,0,0,0,0,0,1,0,0,0,0,0,0,0,0,0,0,0,0,0,0,0,0,0
0,0,0,0,0,0,1,0,2,0,0,0,0,0,0,1,0,0,0,0,0,1,0,0,0,1,1,0,0,0,0,0,1,0,0,0,1,0,1,0,0,0,1,0,0,0,0,0,0,0,0,0,1,1,0,1,0,0,0,0,0,0,0,0,0,0,0,0,0,0,2,0,0,0,0,1,1,0,0,0,0,0,0,0,0,0,0,0,0,0,1,0,0,0,0,0,0,1,0,3,2,0,0,0,0,1,0,0,0,0,0,1,0,1,0,1,0,0,1,0,0,0,0,0,0,0,2,0,0,0,0,0,0,0,0,0,1,1,0,1,0,0,0,1,0,1,0,0,0,0,0,1,0,0,0,0,1,0,0,1,0,0,0,0,0,0,0,0,0,1,0,1,0,0,1,1,0,0,0,0,0,0,0,2,0,2,0,1,1,0,1,0,1,0,0,0,1,1,0,0,0,0,0,0,0,1,0,1,1,0,0,0,0,2,0,0,0,0,1,0,2,0,1,0,0,0,0,0,0,0,0,0,0,0,0,0,0,0,1,0,0,0,0,0,0,0,0,0,0,0,0,0,0,0,0,0
0,0,0,0,0,0,0,0,1,0,0,0,0,0,0,1,0,0,0,0,0,1,0,0,0,1,1,0,0,0,0,0,1,0,0,0,1,0,1,1,0,0,0,0,1,2,1,0,0,0,0,1,1,1,0,2,0,2,0,0,0,0,0,1,1,0,0,0,0,0,1,2,0,0,2,1,1,0,0,0,0,0,1,0,0,0,0,0,0,0,1,0,0,0,0,0,0,0,2,0,0,0,1,0,0,0,0,0,0,0,0,0,0,0,1,1,0,0,0,0,0,0,0,0,0,0,1,0,0,0,0,0,0,0,0,0,0,1,0,1,0,0,0,1,0,1,0,0,0,0,0,0,0,0,0,0,1,0,1,0,0,0,2,0,0,0,0,1,0,1,1,1,0,0,2,1,0,0,0,0,1,0,0,2,0,1,0,1,2,0,2,0,1,0,0,0,0,0,0,0,0,0,0,0,0,0,0,1,0,0,0,0,0,0,0,0,0,0,0,0,0,0,0,0,0,0,0,0,0,0,0,0,0,0,0,0,0,0,1,0,0,0,0,0,0,0,0,0,0,0,0,0,0,0,0,0
0,0,0,0,0,0,1,0,1,0,0,0,0,0,0,1,0,0,0,1,0,0,0,0,0,2,0,0,0,0,0,0,2,0,4,0,4,0,2,0,1,0,0,0,0,0,3,0,0,0,0,1,1,0,3,0,0,4,0,0,0,0,0,0,0,0,0,0,1,0,2,0,0,1,3,3,0,0,0,0,0,0,0,0,0,0,0,0,1,0,0,0,0,0,1,4,0,0,1,0,0,0,0,0,0,0,0,0,0,0,0,0,0,0,1,0,0,0,0,0,0,0,0,0,0,0,0,0,0,0,0,0,0,0,0,0,0,1,0,0,3,0,0,0,0,0,0,1,0,1,0,0,0,0,0,0,0,0,0,0,0,0,1,0,0,0,0,0,0,2,0,0,0,0,2,0,0,0,0,0,2,0,0,5,0,0,0,2,2,0,2,0,2,0,3,0,0,0,0,1,0,0,0,3,0,0,1,2,0,0,0,0,0,0,0,0,0,0,1,0,0,0,0,1,0,0,0,0,0,0,0,0,0,0,0,0,1,0,0,0,0,0,0,0,0,0,0,0,0,0,0,0,0,0,0,0
0,0,0,0,1,0,0,0,1,0,0,0,0,0,0,1,0,0,0,1,0,1,0,0,0,1,2,0,0,0,0,0,1,0,0,0,2,0,2,0,0,0,0,0,3,0,2,0,1,0,0,0,1,1,0,1,0,0,0,0,0,0,0,0,0,0,2,0,0,0,1,0,0,0,1,1,1,1,0,0,0,0,0,0,0,0,0,0,0,0,0,0,0,0,0,0,0,1,1,0,0,0,0,0,0,0,0,0,0,0,0,1,0,1,0,0,0,0,0,0,0,0,0,0,0,0,2,0,0,0,1,0,0,0,0,0,1,1,0,1,0,0,0,1,0,1,0,0,0,0,0,0,0,0,0,0,1,0,0,0,0,0,1,0,0,0,0,0,0,2,0,1,0,0,1,1,0,0,0,0,0,0,0,2,0,2,0,1,1,0,1,0,1,0,0,1,1,0,0,0,0,0,0,0,0,0,1,1,0,0,0,0,0,1,0,0,0,0,1,0,0,0,0,0,0,0,0,0,0,0,0,0,0,0,0,0,0,0,1,0,0,0,0,0,0,0,1,0,0,0,0,0,0,0,0,0
0,0,1,0,0,0,1,0,1,0,0,0,0,0,0,2,0,0,0,1,0,0,1,0,0,2,0,0,0,0,0,1,1,0,0,0,2,0,1,0,1,0,0,0,0,0,0,0,0,0,0,0,0,0,0,0,0,1,0,0,0,0,0,0,0,0,0,0,0,0,3,1,0,0,0,1,0,1,0,0,1,0,0,0,0,0,0,1,0,1,0,0,0,2,0,0,0,0,0,0,0,0,0,0,0,0,0,0,0,0,0,0,0,0,0,1,0,0,0,0,0,0,0,0,0,1,1,0,0,0,0,0,0,0,0,1,0,0,3,0,0,0,0,0,0,0,0,1,0,0,0,0,0,0,1,0,0,1,1,0,0,0,0,0,0,0,1,0,1,1,0,1,0,0,1,0,0,0,0,0,1,0,0,3,1,0,0,1,1,0,1,0,2,0,0,0,2,0,0,0,0,0,0,1,0,0,0,2,0,0,2,0,0,0,0,0,1,0,0,0,0,0,0,1,1,0,1,0,0,0,0,0,0,1,1,0,1,0,0,0,0,0,0,0,3,0,0,0,0,2,0,0,0,0,0,0
0,0,0,0,0,0,0,0,0,0,0,0,0,0,0,1,0,1,0,0,0,1,0,0,0,2,2,0,0,0,0,0,1,0,0,0,1,0,0,0,0,0,0,0,1,0,0,0,0,0,0,0,0,2,0,2,0,0,0,0,0,0,0,0,0,0,0,0,0,0,1,0,0,0,0,0,2,0,0,0,0,0,1,1,0,0,0,0,0,0,0,0,0,0,0,0,0,0,0,0,0,0,0,0,0,0,0,0,0,0,0,1,0,0,0,0,0,0,0,0,0,0,0,0,0,0,1,0,0,0,1,0,0,0,0,1,1,2,0,2,0,0,0,1,0,0,0,0,0,0,0,0,0,0,0,0,1,0,0,0,0,0,0,0,0,0,0,0,0,0,0,1,0,0,0,2,0,0,0,0,0,0,0,2,0,2,0,0,1,0,0,0,1,0,0,0,1,0,0,0,0,0,0,1,0,0,0,1,0,0,0,0,0,1,0,1,0,0,0,0,0,0,0,1,0,0,0,0,1,0,0,0,0,0,0,0,0,0,1,0,0,0,0,0,0,0,0,0,0,0,0,0,0,1,0,0
2,0,0,0,0,0,0,0,1,0,0,0,0,0,0,1,0,0,1,0,0,1,0,0,0,1,2,0,0,0,0,0,1,0,0,0,0,0,0,0,0,0,0,0,1,1,1,0,0,1,0,0,1,2,0,2,0,0,0,0,0,1,0,0,0,0,0,0,0,0,1,0,0,0,0,0,1,0,0,0,0,1,1,0,0,0,0,1,0,0,0,0,0,0,0,0,0,1,0,0,0,0,1,0,0,0,0,2,0,0,1,0,0,0,0,0,0,0,0,0,0,0,0,0,2,0,0,1,0,0,0,0,0,0,0,0,1,2,0,2,0,0,0,1,0,1,0,0,1,0,0,0,0,0,0,0,1,0,0,0,0,0,0,0,0,0,0,0,1,0,0,1,0,0,0,2,0,0,0,0,0,0,0,3,0,2,1,0,0,1,0,0,1,1,0,0,1,0,0,0,0,0,0,0,0,0,1,1,2,0,0,0,0,1,0,0,0,0,0,0,1,0,0,0,0,0,0,0,0,0,0,0,0,0,0,0,0,0,2,0,0,0,0,0,0,0,0,0,0,0,0,0,0,0,0,0
0,0,0,0,0,0,0,1,1,0,0,0,2,0,0,1,0,0,0,0,0,1,0,0,0,1,1,0,0,1,0,0,1,0,0,0,2,0,1,0,0,0,0,0,1,1,0,0,0,0,0,0,0,1,0,1,0,0,0,0,0,0,0,0,1,0,0,0,0,0,1,0,0,0,0,1,1,1,0,0,0,1,1,0,0,0,0,0,0,0,0,0,1,0,0,0,0,0,0,0,0,0,0,0,0,0,0,0,0,0,0,0,0,1,0,0,0,0,0,0,0,1,0,0,0,0,1,0,0,0,1,0,0,0,0,0,0,1,0,1,0,0,0,1,0,0,0,0,0,0,0,0,0,0,0,0,1,0,0,0,0,0,1,0,0,0,0,0,1,1,0,1,0,0,1,1,0,1,0,0,1,1,0,2,0,1,0,1,1,0,1,0,2,0,0,0,1,0,0,0,1,0,0,0,0,0,0,1,0,0,0,0,0,1,0,1,0,0,0,0,0,0,0,0,0,0,0,0,0,0,0,0,0,0,0,0,0,0,1,0,0,0,0,0,0,0,0,0,0,0,0,0,0,0,0,0
0,0,0,0,0,0,0,0,1,0,0,0,0,0,0,1,0,0,0,0,0,1,0,0,0,1,1,0,0,0,0,0,1,0,0,0,1,0,1,0,0,0,0,0,0,0,0,0,0,0,0,1,1,1,0,1,0,0,0,0,0,0,0,0,0,1,0,0,0,0,1,0,0,0,0,1,1,0,0,0,0,1,1,0,2,0,0,0,0,0,0,0,0,0,2,0,0,0,1,0,0,0,0,0,0,0,0,0,0,0,0,1,0,0,0,1,0,0,1,0,0,0,0,0,1,0,1,0,0,0,0,0,0,0,0,0,0,1,0,1,0,0,0,1,0,1,0,0,0,0,0,0,2,0,0,0,1,0,0,0,0,0,1,0,0,0,0,0,0,1,0,1,0,0,1,1,0,0,0,0,0,0,0,2,0,1,0,1,1,0,1,0,1,0,0,0,1,0,0,0,2,0,0,0,0,0,0,1,0,0,0,0,0,2,0,0,0,0,0,1,1,0,0,0,0,0,0,0,0,0,0,0,0,0,0,0,0,0,1,0,0,0,0,0,0,0,0,0,0,0,0,0,0,0,0,0
0,0,2,0,0,1,0,0,1,0,2,0,1,1,0,0,0,0,0,0,0,0,0,0,1,1,1,0,0,0,0,0,1,0,0,0,1,0,1,2,0,0,0,0,1,0,0,1,0,0,0,1,0,1,0,0,0,0,0,1,0,0,1,0,0,0,0,0,0,0,1,0,0,0,2,1,0,1,0,0,1,1,0,0,1,0,0,0,0,2,0,2,1,1,0,1,0,0,2,0,0,0,0,0,2,0,0,0,0,0,0,0,0,0,0,2,0,0,0,0,0,0,0,0,0,0,0,0,0,0,0,0,0,0,0,0,1,0,0,0,0,0,0,0,1,1,0,0,0,1,0,0,0,0,0,0,0,1,1,1,0,0,1,0,0,0,2,1,0,1,0,0,0,0,1,0,0,1,0,0,0,0,0,1,1,0,0,1,2,0,1,0,1,0,0,1,0,0,0,0,0,0,2,1,0,0,0,1,0,0,1,0,0,1,0,0,0,0,0,0,0,0,0,0,0,0,0,0,0,0,0,0,0,0,0,0,0,0,0,0,0,1,0,0,0,0,0,0,0,0,0,0,0,0,0,0
0,0,0,0,0,0,1,0,1,0,0,0,0,0,0,1,0,0,0,0,0,3,0,0,0,1,3,0,0,0,1,0,1,0,1,0,2,0,2,1,0,0,0,0,0,3,2,0,0,0,1,0,4,1,0,1,0,0,0,0,0,1,0,0,1,0,0,0,0,0,0,0,0,0,0,1,1,0,0,0,1,0,0,0,0,0,1,0,1,0,0,0,0,0,0,0,1,0,1,0,0,0,0,0,0,1,3,0,0,0,0,0,0,1,0,2,0,0,0,0,0,0,0,0,1,0,0,0,0,0,1,0,0,0,1,0,0,1,0,1,0,0,0,2,0,1,0,0,0,0,0,0,0,0,0,0,1,0,0,0,0,0,1,0,1,0,0,0,0,1,0,1,0,3,1,1,0,0,0,0,0,0,0,2,0,1,1,1,2,2,1,0,2,1,0,0,4,0,1,1,1,0,0,0,0,0,0,2,0,0,1,0,0,0,0,0,0,0,0,0,0,0,0,2,0,0,0,0,0,0,0,3,0,0,0,0,1,0,1,0,0,0,0,0,0,0,0,0,0,0,0,0,1,0,0,1
0,0,0,0,0,0,0,0,1,0,0,0,0,0,0,0,0,0,0,0,0,0,0,0,0,2,0,0,0,0,0,0,2,0,0,0,2,0,2,0,0,0,0,0,0,0,0,1,0,0,0,1,0,0,0,1,0,2,0,0,0,1,0,0,0,0,1,0,0,0,2,0,0,1,1,2,0,1,0,0,0,0,0,0,0,0,0,0,0,0,0,0,0,0,0,0,0,0,2,0,0,0,1,0,0,2,0,0,0,0,1,0,0,0,0,1,0,0,1,0,0,0,0,0,0,0,0,0,0,0,0,0,0,0,0,0,0,0,0,0,0,0,0,0,0,0,0,1,0,0,0,0,0,0,0,0,0,0,0,0,0,0,1,0,0,0,0,0,1,2,0,0,0,0,2,0,0,0,0,0,0,0,0,3,0,0,1,2,2,0,2,0,2,0,0,0,0,0,0,0,0,0,0,1,0,0,0,2,0,0,1,0,0,1,0,1,0,0,0,0,0,0,0,0,0,0,0,0,0,0,0,0,0,0,0,0,0,0,0,0,0,0,0,0,0,0,0,0,0,0,0,0,0,0,0,0
0,0,0,0,0,0,0,0,1,0,0,0,0,0,0,1,0,0,0,0,0,1,0,0,0,0,3,1,0,0,0,0,1,0,0,0,0,0,0,0,0,0,0,0,1,0,0,0,0,0,0,0,1,1,0,1,0,0,0,0,0,1,0,0,1,0,0,0,0,1,2,0,0,0,0,1,1,0,0,0,0,0,1,0,0,0,0,0,0,0,0,0,0,1,0,0,0,0,0,0,2,0,0,0,0,0,0,0,0,0,0,0,1,0,0,0,0,0,0,0,0,0,1,0,0,1,2,0,0,1,0,0,1,0,1,0,0,1,0,1,0,0,0,1,0,2,0,0,0,0,0,0,0,0,0,1,1,0,0,0,0,0,1,0,1,0,0,0,0,0,1,1,0,0,0,1,0,0,0,0,0,0,0,2,0,1,0,0,0,0,0,0,1,0,0,0,0,0,0,0,0,0,0,0,0,1,0,2,0,0,0,0,1,0,0,0,0,0,0,0,0,0,0,0,0,0,0,0,0,0,0,0,0,0,0,0,0,2,1,0,0,0,0,0,0,1,0,0,0,0,0,0,1,0,0,0
0,0,1,0,0,0,1,0,1,0,0,0,0,0,0,1,0,0,0,0,0,1,0,0,0,1,1,0,0,0,0,0,2,0,0,0,1,0,1,0,0,0,0,0,0,0,0,0,0,0,1,0,0,1,0,1,0,1,0,0,0,0,0,0,0,0,0,0,0,0,1,0,0,0,0,1,1,0,0,0,1,0,1,0,1,0,0,0,0,0,0,0,0,0,0,0,0,0,0,0,0,0,0,0,0,0,0,0,0,0,0,1,0,0,0,1,0,0,0,0,0,0,0,0,0,0,1,0,0,0,0,0,0,0,0,0,0,1,0,1,0,0,0,1,0,1,0,0,0,0,0,0,1,0,0,0,1,0,0,0,0,0,0,0,0,0,0,0,0,1,0,1,0,0,1,1,0,0,0,0,0,0,0,2,0,1,0,1,1,0,1,0,1,0,0,0,0,0,0,0,0,0,1,0,0,0,0,1,0,0,1,0,0,0,0,0,0,0,0,0,0,0,0,0,0,0,0,0,0,0,0,0,0,0,0,0,1,0,2,0,0,0,0,0,0,0,0,0,0,0,0,1,0,0,0,0
1,0,0,0,0,0,0,0,0,0,0,0,0,0,0,1,0,0,0,1,0,1,1,0,0,0,1,0,0,0,0,0,0,0,0,0,0,0,0,0,0,0,0,0,1,0,0,0,0,0,0,0,0,1,0,1,0,0,0,0,1,0,0,0,0,0,0,0,0,0,1,0,1,1,0,0,1,0,1,1,0,0,1,1,0,0,0,1,0,0,0,0,0,0,0,0,2,0,1,0,0,0,0,1,0,0,0,0,0,0,0,1,0,0,0,0,1,0,0,4,0,0,0,0,0,0,0,1,0,0,1,1,0,0,0,2,0,1,1,1,0,0,0,1,1,1,0,1,0,0,0,0,0,0,0,0,2,0,0,1,0,0,0,0,1,0,0,0,0,1,0,1,0,0,0,1,0,1,0,1,0,0,0,1,0,1,1,0,0,0,0,1,0,0,0,0,0,0,0,0,0,0,0,0,0,0,0,0,0,0,0,0,0,0,0,0,0,0,0,0,1,0,0,0,0,0,0,0,1,2,0,0,0,0,0,0,0,1,4,0,0,0,0,0,0,0,0,0,0,0,0,0,0,0,1,0
0,0,0,0,0,0,0,0,2,0,0,0,0,0,0,1,0,0,0,0,0,1,0,0,0,1,1,0,0,0,0,0,1,0,0,0,1,0,1,0,1,0,0,0,0,0,1,0,0,1,0,0,0,1,0,2,0,2,0,0,0,0,0,0,0,1,0,0,0,0,2,0,1,0,0,1,1,0,0,0,0,0,0,0,0,0,0,0,0,0,1,0,0,1,0,0,0,0,2,0,0,0,0,0,0,1,0,1,0,0,1,1,0,1,0,2,0,0,0,0,0,0,0,0,0,1,1,0,0,0,0,0,0,0,0,0,0,1,0,2,0,0,0,1,0,1,0,0,0,0,0,1,0,0,0,0,1,0,0,0,0,0,0,0,0,0,0,0,0,1,0,1,0,0,1,1,1,0,0,0,1,0,0,2,1,1,0,1,1,0,1,0,1,0,0,0,0,0,0,0,0,0,0,0,0,0,0,1,0,0,0,0,0,0,0,0,0,0,0,0,0,0,0,0,0,0,0,0,0,0,0,0,0,0,0,0,0,0,1,1,0,2,0,0,2,0,0,0,0,0,0,0,0,0,0,0
0,0,0,0,0,0,0,0,0,0,0,0,0,0,0,1,0,0,0,0,0,1,0,0,0,1,1,0,0,0,0,0,1,0,0,0,1,0,1,2,2,0,0,0,0,0,0,0,0,0,0,2,0,1,2,1,0,2,0,0,0,0,0,0,0,0,0,0,0,0,0,0,0,0,0,1,1,0,0,0,0,0,1,0,0,0,0,0,0,0,0,0,0,0,0,0,0,1,1,0,0,0,1,0,0,1,0,0,0,0,0,1,0,0,0,1,0,0,0,0,0,0,0,0,0,0,0,0,0,0,1,0,0,0,0,0,1,1,0,1,0,0,0,1,0,0,0,1,1,0,0,0,0,0,0,0,1,0,0,0,0,1,1,0,0,0,0,0,1,1,0,1,0,0,2,1,0,0,0,0,0,0,0,3,0,1,1,1,1,0,1,0,1,0,0,0,0,0,0,0,0,0,0,0,0,0,0,1,0,0,0,0,0,0,0,0,0,0,0,1,0,0,0,0,0,0,0,0,0,0,0,0,0,0,0,0,0,0,1,0,0,0,0,0,0,0,0,0,0,0,0,0,0,0,0,0
0,3,0,0,0,0,0,0,1,0,0,0,1,1,0,0,0,0,0,1,2,0,0,0,0,2,1,0,0,0,1,0,2,0,0,2,4,0,2,0,4,0,0,0,0,0,0,1,0,0,1,5,0,0,3,1,0,4,0,0,0,1,0,0,0,1,0,0,0,0,2,0,0,0,0,3,0,1,0,0,0,0,0,0,0,0,0,0,0,0,0,0,0,0,0,0,0,0,5,0,0,1,0,1,0,0,1,0,0,0,0,0,0,1,0,4,0,0,0,0,0,0,0,0,0,1,0,0,0,0,0,0,0,0,1,0,1,0,1,0,0,0,0,0,0,0,0,1,0,1,0,0,0,0,0,0,1,0,0,0,0,0,2,0,0,0,0,0,0,2,0,0,0,0,2,0,0,0,0,0,0,0,0,2,0,0,0,2,4,0,2,0,1,0,0,0,2,0,0,0,0,0,0,0,0,0,0,2,0,0,1,0,0,0,0,1,0,0,1,1,0,0,0,0,0,0,1,0,0,0,0,0,0,0,0,0,0,0,0,0,0,0,0,0,0,0,0,0,0,0,0,0,0,0,0,0
0,0,0,0,0,0,1,0,2,0,0,0,0,0,0,0,0,0,0,0,0,0,0,0,0,2,0,0,0,0,0,0,2,0,0,0,2,0,2,0,1,0,0,0,0,0,1,0,0,0,1,1,0,0,0,0,0,1,0,0,0,0,0,0,0,0,1,0,0,0,2,0,0,0,0,2,0,1,0,0,1,0,0,0,0,0,0,0,0,0,0,0,0,0,0,0,0,0,2,0,0,0,0,0,0,0,0,0,0,0,0,0,0,0,0,3,0,0,0,0,0,0,0,0,0,0,0,0,0,0,0,0,0,0,0,0,0,0,0,0,0,0,0,1,0,0,0,0,0,0,0,3,0,0,0,0,0,0,0,0,0,0,0,0,0,0,0,0,1,2,0,0,0,1,2,2,0,0,0,0,1,0,0,5,0,0,0,2,2,0,2,0,2,0,0,0,0,0,0,0,0,0,0,0,0,0,0,2,0,0,0,0,0,0,0,0,0,0,0,0,0,0,0,0,0,0,0,0,0,0,0,0,0,0,0,0,0,0,0,0,0,0,0,0,0,0,0,0,0,0,0,0,0,0,0,0
0,0,0,0,0,0,1,0,1,0,0,0,0,0,0,0,1,0,0,0,0,0,1,0,0,2,0,0,0,0,0,0,2,0,0,0,3,0,2,0,0,0,0,0,0,0,1,0,1,1,0,0,0,0,0,2,0,0,0,0,0,0,0,0,0,0,0,0,0,0,2,0,0,0,1,2,0,1,0,0,0,0,0,0,0,0,0,0,0,0,0,0,0,0,0,0,0,0,2,0,0,0,0,0,1,0,0,1,0,0,0,2,0,1,0,3,0,0,2,0,0,0,0,0,0,0,0,0,0,0,0,0,0,0,0,0,1,0,1,1,0,1,1,0,0,0,0,2,0,0,0,2,0,0,0,0,0,0,0,0,1,0,0,0,0,0,0,0,0,2,0,0,0,1,2,1,0,0,0,0,1,0,0,4,0,0,0,2,2,0,2,0,1,0,0,0,0,0,0,0,0,0,0,0,0,0,0,2,0,0,0,0,0,0,0,0,0,0,1,0,0,1,0,0,0,0,0,0,0,0,0,0,0,0,0,0,0,1,0,0,0,1,0,0,2,0,0,0,0,0,0,0,0,0,0,0
0,0,0,0,0,0,1,1,1,0,0,0,0,0,0,1,0,0,0,0,0,1,0,0,0,1,1,0,0,0,0,0,1,0,0,0,5,0,1,0,5,0,0,0,0,0,3,0,1,1,0,1,2,1,0,1,0,4,1,0,0,0,0,0,0,0,0,0,0,0,0,0,0,0,2,1,1,2,0,0,0,0,1,0,0,0,0,0,0,0,1,0,0,0,0,0,0,0,5,0,1,0,0,0,0,2,0,1,0,0,0,0,0,0,0,6,4,0,0,0,0,0,0,0,0,0,2,0,0,0,2,0,0,0,0,0,0,2,0,1,1,0,0,1,0,0,0,0,0,0,0,4,0,0,0,0,1,0,0,4,1,1,0,0,0,0,0,0,0,1,0,1,0,0,1,1,0,0,0,0,0,0,0,3,0,1,0,1,1,0,1,0,1,0,0,0,0,0,0,1,0,0,0,0,0,0,0,1,0,0,0,0,0,0,0,0,0,0,0,0,0,0,0,0,0,0,0,0,0,0,0,0,0,0,0,0,0,0,1,0,0,0,0,0,0,0,0,0,0,0,0,0,0,0,0,0
0,0,1,0,0,0,1,0,2,0,0,0,0,0,0,0,0,0,0,2,0,0,0,0,0,3,0,0,0,0,0,0,3,0,0,0,3,0,2,0,3,0,0,0,0,0,1,2,0,0,0,1,0,0,0,0,0,3,0,0,0,3,0,0,1,0,0,0,0,0,0,0,1,0,0,3,0,1,0,0,0,0,0,0,0,0,0,0,1,0,1,0,0,0,0,0,0,0,1,0,0,0,0,0,0,0,0,0,0,0,0,0,0,0,0,1,0,0,0,0,0,1,0,0,0,0,1,0,0,0,0,0,0,0,0,0,0,0,0,0,0,0,0,1,0,0,0,0,0,3,0,1,0,0,1,0,0,0,0,0,0,0,2,0,0,0,0,0,2,2,0,0,1,0,2,0,0,0,0,0,2,0,0,5,0,0,0,2,2,0,2,0,2,0,3,0,1,0,0,0,0,0,0,0,0,0,0,2,0,0,1,0,0,1,0,0,0,0,0,0,0,0,0,0,0,0,0,0,0,0,0,0,0,0,0,0,0,0,0,0,0,0,0,0,0,0,0,0,0,0,0,0,0,0,0,0
0,0,0,0,0,0,1,0,1,0,0,0,0,0,0,1,0,0,0,0,0,1,1,0,0,1,3,0,0,0,0,0,1,0,0,0,1,0,0,0,0,0,0,1,0,0,0,0,0,0,0,0,0,2,0,2,0,1,0,0,0,0,0,0,0,0,0,1,0,0,0,0,0,0,2,0,1,0,2,0,0,0,0,0,0,0,0,0,0,0,0,0,0,1,0,0,0,3,1,0,0,1,0,0,0,0,0,0,0,0,0,3,0,0,0,0,0,1,0,0,0,0,0,0,0,0,1,0,0,0,1,0,0,0,0,0,3,4,0,2,0,0,0,1,0,1,0,1,2,0,0,0,0,3,0,1,1,0,0,0,0,0,1,0,0,0,0,0,0,0,0,1,0,0,0,2,0,0,0,0,0,0,0,2,0,2,0,0,1,0,0,0,1,0,0,0,0,0,0,0,0,0,0,0,0,0,0,1,0,0,2,0,0,0,0,1,0,0,1,0,1,0,0,0,0,0,0,0,0,0,0,0,0,0,0,0,0,0,2,0,0,0,0,0,0,0,0,0,0,0,0,0,0,0,0,0
0,0,0,0,0,0,1,0,1,0,0,0,0,0,0,1,1,3,0,0,0,1,0,0,0,1,3,0,0,0,0,0,1,0,0,0,1,0,1,0,0,0,0,0,2,1,0,0,0,0,0,0,2,1,1,1,0,0,0,0,0,0,0,0,0,0,0,0,0,0,0,1,0,0,1,1,1,0,0,0,0,0,0,0,1,0,0,0,0,0,0,0,0,0,0,0,0,0,2,0,0,0,0,0,0,0,0,1,0,0,0,2,0,0,0,0,0,0,0,0,0,1,0,0,1,0,3,0,0,0,2,0,0,0,0,2,0,1,0,1,0,0,0,1,0,1,0,0,0,0,0,0,0,0,1,2,1,0,0,0,0,0,1,0,0,1,0,0,1,1,0,2,0,2,1,1,0,0,0,0,1,0,0,2,0,1,1,1,1,0,1,1,1,0,0,0,0,0,0,0,0,0,0,0,0,1,0,1,0,0,0,0,0,0,1,0,0,0,0,0,2,0,0,0,0,0,0,0,0,0,0,1,0,1,0,0,1,0,1,0,0,0,0,0,0,0,1,0,0,0,0,0,0,0,0,0
0,0,2,0,0,1,1,0,2,1,0,0,0,0,0,1,1,0,0,0,0,0,1,0,1,2,2,0,0,0,0,0,2,0,1,0,3,0,1,0,1,1,0,0,1,1,3,0,1,0,0,0,1,1,0,2,0,1,0,0,0,0,0,0,0,0,0,0,0,0,2,0,1,1,0,1,0,1,0,0,0,0,0,0,0,0,0,0,0,0,0,0,0,0,0,0,0,0,3,0,0,0,0,0,0,0,1,0,0,0,0,0,0,0,0,1,0,0,0,0,0,0,0,0,0,0,1,0,0,0,0,0,0,0,2,1,0,1,0,1,0,0,0,0,0,0,0,0,0,0,0,0,0,1,1,0,0,0,1,1,0,0,0,0,0,0,0,0,2,1,0,1,0,2,1,1,0,0,0,0,1,0,0,5,0,1,0,1,3,0,1,1,1,0,0,0,0,0,0,0,0,0,0,0,0,0,1,2,0,0,0,0,0,0,1,0,0,0,1,0,0,0,0,1,0,0,0,0,0,0,1,0,0,1,0,0,1,0,0,0,0,1,0,0,0,0,0,0,0,0,0,0,0,0,0,0
0,0,0,0,0,0,1,0,1,0,0,0,0,0,0,1,0,0,1,0,0,1,0,0,0,1,3,0,0,0,1,0,1,0,0,0,2,0,0,0,0,0,0,0,0,0,0,0,0,0,0,0,0,2,0,2,0,0,0,0,0,0,0,0,0,0,0,0,0,1,1,0,0,0,0,1,3,0,1,0,0,1,0,0,0,0,0,1,0,0,0,0,0,0,0,0,0,1,2,0,0,0,0,0,0,3,0,0,0,0,0,2,0,2,0,1,0,1,1,0,0,0,0,0,0,0,3,0,0,0,1,0,0,0,0,0,1,1,0,2,1,0,0,1,0,1,0,0,1,0,0,0,1,0,0,0,1,0,0,0,0,0,0,0,0,0,0,0,1,0,0,1,0,0,1,1,0,0,0,0,0,0,0,2,0,2,0,2,1,0,1,1,1,1,0,0,1,0,1,1,0,0,0,0,1,0,0,1,0,0,0,0,1,0,0,0,0,0,0,0,2,0,0,1,0,0,1,0,0,0,0,0,0,0,0,0,0,0,2,0,0,0,0,0,0,0,0,0,0,0,0,0,0,0,0,0
0,0,0,0,0,0,0,0,0,0,0,2,0,1,0,2,1,0,0,0,0,2,0,0,0,0,2,0,0,0,0,0,0,0,0,0,0,0,0,0,0,0,0,0,0,0,0,0,0,0,0,0,0,2,0,2,0,0,0,0,0,0,0,0,0,0,1,0,0,0,0,0,0,0,0,0,2,0,0,0,1,0,2,0,0,0,0,0,0,0,0,0,0,0,0,0,0,1,0,0,0,0,0,0,0,0,0,1,0,0,0,1,0,0,0,0,0,0,0,0,0,0,0,1,0,0,2,0,0,0,0,0,0,0,0,1,0,2,0,3,0,0,0,2,0,1,0,0,0,0,0,0,1,0,0,1,2,0,0,0,0,0,0,0,0,0,0,0,0,0,0,2,0,0,0,2,0,0,0,0,0,0,0,2,0,2,0,0,0,0,0,0,0,0,0,0,0,0,0,0,0,0,1,0,0,0,1,1,0,0,0,0,0,0,0,0,0,0,0,0,1,0,0,0,0,0,1,0,1,0,0,0,0,0,0,0,0,0,2,0,0,0,0,0,0,0,0,0,0,0,0,0,0,0,1,0
0,1,0,0,0,0,0,0,1,0,1,0,0,0,0,0,0,0,0,1,0,0,0,0,0,3,0,0,0,0,0,0,2,0,0,1,2,0,1,1,2,1,0,0,0,0,0,2,0,0,1,0,0,0,0,0,0,1,0,0,0,1,1,0,0,0,0,0,0,0,0,0,0,0,0,1,0,1,0,0,0,0,0,0,0,0,0,0,1,1,0,0,0,1,0,0,0,0,3,0,0,0,0,1,0,0,0,0,1,0,0,0,1,0,0,4,0,0,1,0,0,0,1,0,0,0,0,0,0,0,0,0,0,0,2,0,1,0,1,0,0,0,0,0,1,1,0,1,0,2,0,0,0,0,0,0,0,1,1,1,0,0,0,0,0,0,1,0,0,1,2,0,0,0,1,0,0,1,0,0,0,0,0,1,1,0,0,1,2,0,1,0,1,0,0,1,3,0,0,0,0,0,0,1,0,0,1,1,0,0,0,0,0,1,1,0,2,0,0,0,0,1,0,0,0,0,0,0,1,0,0,2,0,0,0,0,0,0,0,0,0,0,0,0,0,0,0,0,0,0,0,0,0,0,0,0
0,0,0,0,0,0,2,0,2,0,0,0,0,0,0,0,0,0,0,0,0,0,0,0,0,2,0,0,0,0,0,0,2,0,0,0,2,0,1,0,0,0,0,0,1,0,0,0,0,0,0,0,0,1,0,0,0,2,0,0,0,1,0,0,1,0,0,0,0,0,0,0,0,0,1,2,0,0,0,0,0,0,0,0,0,0,0,0,0,0,0,0,0,0,0,0,0,0,2,0,0,0,0,0,0,0,0,1,0,0,0,1,0,0,0,1,0,0,0,0,0,0,0,0,0,2,0,0,0,0,0,0,0,0,0,0,0,0,0,3,0,0,0,0,0,0,0,0,0,0,0,1,0,0,0,0,0,0,0,0,0,0,2,0,1,0,0,0,0,1,0,0,0,0,2,0,0,0,0,0,1,0,0,3,0,0,0,2,2,0,3,0,2,0,0,0,0,0,0,0,0,0,0,0,0,0,0,2,0,1,0,0,0,0,0,0,0,0,0,0,0,0,0,0,0,0,0,0,0,0,0,0,0,2,0,0,0,0,0,0,0,0,0,0,1,0,0,0,0,0,0,0,0,0,0,0
0,0,0,0,0,0,0,0,0,0,0,0,1,0,0,1,0,0,0,0,0,1,0,0,0,1,1,0,0,0,0,0,1,0,0,0,1,0,1,0,1,0,0,0,0,0,0,0,0,0,0,0,1,1,1,1,0,0,0,0,0,0,0,0,0,0,0,0,0,0,1,0,0,0,0,1,1,0,0,0,0,0,1,0,0,0,0,0,0,0,0,0,0,0,0,0,0,0,2,0,0,0,0,0,0,0,0,0,0,0,0,0,0,0,0,1,0,0,0,0,0,0,0,0,0,0,1,0,0,0,0,0,0,0,0,0,0,1,0,1,0,1,0,1,0,1,0,2,0,1,0,0,0,0,0,0,1,0,0,1,0,0,0,0,0,0,0,0,0,1,0,1,0,0,1,1,0,0,0,0,1,0,0,3,0,1,0,1,1,0,1,0,1,0,0,0,0,0,0,0,0,0,0,0,0,0,0,1,0,0,0,0,1,0,0,0,0,0,0,0,0,1,0,0,0,0,0,0,0,0,0,0,0,0,0,0,0,0,1,0,0,0,0,0,0,0,0,0,0,0,0,0,0,0,0,0
0,0,0,0,0,0,0,0,0,0,0,0,0,0,1,2,0,0,0,0,0,2,0,0,0,0,3,0,0,0,2,0,0,0,0,0,0,0,1,0,0,0,1,0,2,2,1,0,0,0,0,0,2,2,0,2,0,0,0,0,1,0,0,0,0,0,0,0,0,0,0,0,0,0,0,0,2,0,0,0,0,0,2,0,0,0,0,0,0,0,0,0,0,0,0,0,0,0,0,0,0,0,0,0,0,1,1,0,0,0,1,2,0,0,0,0,0,0,0,0,0,0,0,0,1,0,4,0,0,0,0,0,0,0,0,0,1,2,0,2,0,0,0,2,0,1,0,0,1,0,0,0,0,0,0,0,2,0,0,0,0,0,0,0,0,0,0,0,0,1,0,3,0,2,0,2,0,0,0,0,0,0,0,2,0,3,0,0,0,0,0,0,0,0,0,0,0,0,0,0,0,0,0,0,0,0,0,0,0,0,0,0,0,0,0,0,0,0,0,0,0,0,0,0,0,0,0,0,0,0,0,0,0,0,0,0,0,0,2,0,0,0,0,0,0,0,0,0,0,0,0,0,0,0,0,0
0,0,0,0,0,0,0,0,1,0,0,0,0,0,0,1,0,0,0,0,0,1,0,0,0,1,3,0,0,0,1,0,1,0,0,0,1,0,2,0,0,0,0,0,1,2,2,0,0,0,0,0,3,1,0,1,1,0,0,0,1,0,0,0,1,0,0,0,0,0,1,0,1,0,0,1,1,0,0,0,0,0,2,0,0,0,0,0,0,0,1,0,0,0,0,0,0,0,1,0,0,0,0,0,0,0,0,0,0,0,0,1,0,0,0,1,0,0,0,0,0,1,0,0,1,0,1,0,0,0,0,0,0,0,0,0,0,1,0,2,0,0,0,1,0,0,0,0,0,0,0,1,0,0,0,1,1,0,0,0,0,0,1,0,0,0,0,0,0,1,0,1,0,0,1,1,0,0,0,0,1,0,0,3,0,2,0,1,1,0,1,0,1,0,0,0,0,0,0,0,0,0,0,0,0,0,0,1,1,0,0,0,0,0,0,0,0,0,0,0,0,0,0,0,0,0,0,0,0,0,0,0,0,0,0,0,0,0,1,0,0,0,0,0,1,0,0,0,0,0,0,0,0,0,0,0
0,0,0,0,0,0,1,0,2,0,0,0,0,0,0,0,0,0,0,1,1,0,0,0,0,2,1,0,0,0,1,0,2,0,0,0,3,0,2,0,2,0,0,0,0,0,0,0,0,0,3,1,0,0,0,0,0,2,0,0,0,0,0,0,0,0,0,0,0,0,1,1,0,0,0,2,0,0,0,0,0,0,0,0,0,0,0,0,0,0,0,0,0,0,0,0,0,0,2,0,2,0,0,0,0,0,0,0,0,0,0,0,0,0,0,5,0,0,1,0,1,0,0,0,0,0,0,0,0,0,0,0,0,0,1,0,0,0,0,0,0,0,1,0,0,0,0,0,0,0,0,0,0,0,0,0,0,0,0,0,0,0,2,0,0,0,0,0,0,2,1,0,0,0,4,0,0,0,0,0,0,0,0,3,0,0,0,2,2,0,2,1,2,0,0,0,1,0,0,0,0,0,0,0,0,0,0,2,0,0,0,0,0,1,0,1,0,0,0,0,0,0,0,0,1,0,0,0,0,0,0,0,0,0,0,1,0,0,0,1,2,0,0,0,0,0,0,0,0,0,0,0,0,0,0,0
0,0,0,0,0,0,1,0,1,0,0,0,0,0,0,1,0,0,0,0,0,1,0,0,0,1,1,0,0,0,0,0,1,0,0,0,2,0,1,0,0,0,0,0,0,0,2,2,0,0,0,0,0,1,0,1,0,0,0,0,0,0,0,0,0,3,0,0,0,0,1,0,0,2,0,1,1,0,0,0,0,0,1,0,0,0,0,0,1,0,1,0,0,2,0,0,0,0,1,0,0,1,0,1,0,0,0,0,0,0,0,1,0,0,0,1,0,0,0,0,0,0,0,0,0,1,1,4,0,0,0,0,0,0,1,0,0,1,0,1,0,0,0,1,0,1,0,0,0,0,0,0,0,1,0,0,1,0,0,1,0,0,0,0,0,0,0,0,0,1,0,1,0,0,1,1,1,0,0,0,0,0,0,2,0,1,0,1,1,1,2,0,0,0,0,0,1,0,0,0,0,0,0,0,0,0,0,1,0,0,1,0,0,0,0,0,0,0,4,0,0,1,0,0,0,0,0,0,0,0,0,0,0,0,0,0,1,1,1,0,0,0,0,0,0,0,0,0,0,0,0,0,0,0,0,0
0,0,0,0,0,0,1,0,2,0,0,0,0,0,0,0,0,0,0,0,0,0,0,0,0,2,0,0,0,0,0,0,2,0,0,0,3,0,1,0,0,0,0,0,0,0,0,0,0,0,0,0,0,1,0,0,0,2,0,0,0,0,0,0,0,0,0,0,0,0,1,0,0,0,1,2,0,1,1,0,0,0,0,0,0,0,0,0,0,0,0,0,0,1,0,0,0,0,1,0,0,1,0,0,0,0,0,0,0,0,1,2,0,0,0,2,0,0,0,0,0,0,0,0,0,0,0,0,0,0,0,0,0,0,0,0,0,1,0,1,0,0,0,0,0,0,0,0,0,0,0,1,0,0,0,0,0,0,0,0,0,0,2,0,0,0,0,0,0,1,0,0,0,0,1,0,0,0,0,0,0,0,0,2,0,1,0,2,2,0,1,0,1,0,0,0,0,0,0,0,0,0,0,0,0,0,0,2,0,0,0,0,0,0,0,1,0,0,1,0,0,0,0,0,0,0,0,0,0,0,0,0,0,0,0,0,0,0,0,0,0,0,0,0,0,0,0,0,0,0,0,0,0,0,0,0
0,1,0,0,0,0,2,0,2,0,1,0,0,0,0,1,0,0,0,0,0,0,0,0,0,2,0,0,0,0,0,0,2,0,0,0,2,0,2,0,1,0,0,0,0,0,0,0,0,0,0,1,0,0,0,0,0,0,0,0,0,0,0,0,0,1,1,0,0,0,1,0,0,0,1,2,0,0,0,0,0,0,0,0,0,0,0,2,0,0,0,0,0,0,0,0,0,0,3,0,0,0,0,1,0,0,0,0,0,0,0,0,1,1,0,2,0,0,0,0,0,1,0,0,0,0,1,0,0,0,0,0,0,0,1,1,0,0,0,0,0,0,0,0,0,0,0,1,0,0,0,0,0,0,1,0,0,0,0,0,0,0,2,0,1,0,1,0,1,2,0,1,0,0,2,0,0,0,0,0,1,0,0,2,0,0,0,2,4,1,2,0,2,0,1,0,1,0,0,0,0,0,0,0,0,0,0,2,0,0,0,0,1,0,1,0,0,0,0,0,0,0,0,0,0,0,0,0,0,0,0,0,0,0,0,0,0,0,0,1,0,0,0,0,0,0,0,0,0,1,0,0,0,0,1,0
0,0,0,0,0,0,3,0,2,0,0,0,0,1,0,1,0,0,0,0,0,0,0,0,0,2,0,0,0,0,0,0,2,0,0,0,2,0,2,0,4,0,0,0,0,0,2,1,0,0,0,3,0,0,0,0,0,4,0,0,0,0,0,0,0,0,0,1,0,0,2,0,0,0,0,2,1,0,0,0,0,0,0,0,0,0,0,0,0,0,0,0,0,0,0,0,2,0,4,0,0,0,0,0,0,0,0,0,0,0,0,0,0,0,0,4,0,0,1,0,0,0,0,0,0,0,0,0,0,0,0,0,0,0,2,0,0,0,0,0,0,0,0,0,0,0,0,0,0,0,0,0,1,0,0,0,0,0,0,1,1,0,0,0,0,0,0,0,0,2,0,0,0,0,2,0,0,0,0,0,0,0,0,3,0,0,0,2,3,1,2,0,2,0,0,0,1,0,0,0,0,0,0,0,1,0,0,2,0,0,1,0,0,1,0,0,0,0,0,0,0,0,0,0,0,0,0,0,0,0,0,1,0,0,1,0,1,1,0,1,0,0,0,0,0,0,0,0,0,0,0,0,0,1,0,0
0,1,0,0,0,0,1,0,2,0,0,0,0,0,0,0,0,0,0,2,0,2,1,0,0,2,0,0,0,0,0,0,2,1,0,0,3,0,2,0,0,0,0,0,0,0,1,0,0,0,0,0,0,0,1,0,0,0,0,0,0,0,0,0,0,0,0,1,0,0,1,0,0,1,0,2,0,1,0,0,1,0,0,0,0,0,0,0,2,0,0,0,0,0,0,1,0,0,0,0,0,0,0,0,0,0,0,0,0,0,0,0,0,0,0,1,0,0,1,0,1,0,0,0,0,0,1,0,0,0,0,1,0,0,1,1,1,0,0,0,0,0,0,1,0,0,0,0,0,0,0,0,0,0,1,0,0,0,0,1,0,0,1,0,0,0,0,1,2,2,0,1,0,0,2,0,0,0,0,0,1,0,0,2,0,0,0,2,2,0,2,0,1,0,0,0,1,0,0,0,0,0,0,0,0,0,0,2,0,0,1,0,0,0,0,1,0,0,2,0,0,0,0,1,0,0,1,0,0,0,0,1,0,0,0,0,0,0,0,0,0,0,0,0,1,0,0,0,0,0,0,0,0,0,0,0
0,0,0,0,0,0,0,0,0,1,0,0,0,0,0,1,0,0,0,0,0,1,0,0,0,1,2,0,0,0,0,0,1,0,0,0,2,0,1,0,0,0,0,0,0,1,0,1,0,0,0,0,1,1,2,1,0,0,0,0,0,1,0,0,0,0,1,3,0,1,1,0,0,0,1,1,2,0,0,0,0,2,3,0,0,0,0,0,0,0,0,0,0,0,0,0,0,0,0,1,0,0,0,0,0,1,1,0,0,0,0,0,0,0,0,2,0,1,0,0,0,0,0,0,1,1,2,0,0,0,0,1,0,0,1,0,0,1,0,1,2,0,0,1,0,1,0,1,0,0,0,0,0,0,0,0,1,0,0,0,1,0,1,0,0,0,0,0,0,1,0,2,0,0,1,1,0,0,0,0,0,0,0,2,0,1,0,1,1,0,1,0,1,2,0,0,0,0,0,0,0,0,0,0,0,0,0,1,0,0,0,0,0,0,0,1,0,0,0,0,0,0,0,0,0,0,0,0,0,0,0,0,0,0,0,0,0,0,1,0,0,0,0,0,0,0,0,0,0,0,0,0,0,0,0,0
0,0,0,0,0,0,1,0,2,0,0,0,0,0,0,0,0,0,0,0,0,0,0,0,0,2,0,0,0,0,0,0,2,0,0,0,2,0,2,0,2,0,0,0,0,0,0,0,0,0,1,0,0,0,0,0,0,0,0,0,1,0,0,0,1,0,0,0,0,0,1,0,0,0,0,2,0,1,2,0,0,0,0,0,0,0,0,0,2,1,2,0,0,0,0,0,0,0,0,0,0,0,0,0,0,0,0,0,0,0,0,0,0,0,0,2,0,0,0,0,0,0,0,0,0,0,0,0,0,0,0,0,0,0,0,0,0,1,0,0,0,0,1,0,0,0,0,0,0,0,0,0,0,0,0,0,0,0,0,0,0,0,0,0,0,0,0,0,2,2,0,0,0,1,2,0,0,0,0,0,0,0,0,3,0,0,0,2,2,0,2,0,1,0,0,0,2,0,0,0,0,0,0,0,0,0,0,2,0,0,0,0,0,1,2,0,0,0,1,0,0,0,0,0,0,0,0,0,0,0,0,0,0,0,0,0,0,0,0,0,0,0,0,0,0,0,0,0,0,0,0,0,0,0,0,0
0,1,0,0,0,0,1,1,3,1,0,0,0,0,0,1,1,0,0,1,0,1,0,0,0,2,0,0,0,0,1,1,2,0,0,0,4,0,2,0,1,0,0,0,0,0,0,0,0,1,1,0,0,0,0,2,0,3,0,0,0,0,0,0,0,0,0,0,0,0,1,1,0,0,1,2,0,0,0,0,0,0,0,0,0,0,0,1,0,0,0,0,0,0,0,0,0,0,3,0,0,0,0,0,0,0,0,0,0,0,0,0,0,0,0,3,1,0,0,0,0,0,0,0,0,0,0,0,1,0,0,0,0,0,1,0,0,1,0,0,0,0,0,0,0,0,0,0,0,0,0,1,0,0,0,0,0,0,0,0,0,0,1,0,0,0,0,0,0,2,0,0,0,0,2,0,0,0,0,0,0,0,0,2,0,0,0,2,2,0,2,0,2,0,0,0,1,0,0,1,0,0,0,0,0,0,0,2,0,0,0,1,0,0,0,1,1,0,0,0,0,0,0,0,0,0,0,0,0,0,0,0,0,0,0,1,1,0,0,0,0,0,0,0,0,0,0,0,0,0,0,0,0,0,0,0
0,2,0,0,0,0,2,0,1,0,0,0,0,0,0,1,0,0,0,1,0,0,0,0,0,3,1,0,0,0,1,0,2,1,0,0,2,0,2,0,2,0,0,0,0,0,0,0,0,1,0,0,0,0,0,0,0,0,0,0,0,1,0,0,1,0,0,0,0,0,1,0,0,0,1,2,0,2,0,0,0,0,0,0,0,0,0,0,1,0,0,0,0,0,0,0,0,0,2,0,0,0,0,0,0,0,0,1,0,0,0,0,0,0,0,3,1,0,2,0,0,0,0,0,0,0,0,0,0,0,0,0,0,0,0,0,1,1,1,0,0,0,0,0,0,0,0,1,0,0,0,1,0,0,0,0,0,0,0,0,0,0,1,0,0,0,0,0,0,2,0,0,0,0,3,0,0,0,0,0,1,0,0,3,0,0,0,2,2,0,2,0,1,0,0,0,1,0,0,0,0,0,0,0,0,0,0,2,0,0,0,0,0,2,0,1,0,0,1,0,0,2,0,0,0,0,0,0,0,0,0,0,0,0,0,0,1,0,0,0,0,0,0,0,0,0,0,0,0,0,0,0,0,0,0,0
0,0,0,0,0,0,1,0,2,0,0,0,0,0,0,1,0,0,0,1,0,1,1,0,0,1,0,1,0,0,1,1,1,0,0,0,1,0,1,0,0,0,0,0,0,0,0,0,0,1,0,0,0,1,0,1,0,0,0,0,1,0,0,0,1,0,0,0,0,0,1,0,0,0,0,1,1,1,1,0,0,1,1,0,0,0,0,0,2,0,1,0,0,0,0,1,0,0,0,0,0,0,0,0,0,0,0,0,0,0,0,2,0,1,0,1,0,0,0,0,0,0,0,0,0,0,0,0,0,0,0,0,0,0,0,0,1,1,0,1,0,0,0,1,0,1,0,0,0,0,0,0,0,0,0,0,1,0,0,0,0,0,1,0,0,0,0,0,0,1,0,1,0,0,1,1,2,0,0,0,0,0,0,2,0,1,0,1,1,0,2,0,1,0,0,0,1,0,1,0,0,1,0,0,0,0,0,1,0,0,0,0,0,0,0,1,0,0,0,0,0,0,0,0,0,0,0,0,0,0,0,0,0,1,0,0,0,0,2,0,0,0,0,0,0,0,0,0,0,0,0,0,0,0,0,1
0,1,0,0,0,0,0,0,1,0,0,0,0,0,0,1,0,0,0,0,0,1,0,0,0,3,4,0,0,0,0,0,1,0,0,0,2,0,2,0,4,0,0,0,1,0,1,1,0,0,0,4,0,1,0,2,1,4,0,0,0,0,0,0,1,0,0,0,0,0,1,0,0,0,1,1,1,2,0,0,0,0,1,0,0,0,0,0,0,0,0,0,0,0,0,0,0,1,6,0,1,2,0,0,0,1,0,1,0,0,0,2,0,2,0,4,0,0,0,0,0,0,0,0,3,0,5,0,0,1,0,0,0,0,1,0,1,1,0,1,0,0,0,2,0,2,0,2,0,0,0,0,1,0,0,2,1,0,0,3,0,0,0,0,0,0,0,0,1,1,0,1,0,0,1,1,0,0,0,0,0,0,0,2,0,1,0,1,1,0,1,0,2,0,0,0,0,0,0,0,0,1,0,0,0,0,2,1,1,0,0,0,0,0,0,0,0,0,0,2,0,0,0,0,0,0,0,0,0,0,0,0,0,0,0,0,0,0,2,0,0,0,0,0,0,0,0,0,1,0,0,0,0,0,0,0
0,0,0,0,0,0,1,0,1,0,0,1,0,0,0,1,0,0,0,0,0,1,0,0,0,1,1,0,0,0,0,0,1,0,0,0,1,0,1,0,0,0,0,0,0,0,0,0,0,0,0,1,0,1,0,1,0,1,0,0,0,0,0,0,0,0,0,0,0,0,0,0,0,0,2,1,1,0,0,0,0,0,1,0,0,0,0,0,0,0,1,0,0,0,0,0,0,2,2,0,0,0,1,0,0,0,0,0,0,0,0,2,0,0,0,1,0,0,0,0,0,0,0,0,2,0,0,0,0,0,0,0,0,0,0,0,1,1,0,1,0,0,0,1,0,1,0,0,0,0,0,0,0,0,0,1,1,0,0,0,0,0,1,0,0,0,0,0,0,1,0,1,0,0,1,1,0,0,0,0,1,0,0,3,0,1,0,1,1,0,1,0,0,0,0,0,1,0,0,0,0,0,0,0,0,0,0,1,0,1,0,0,0,0,0,0,0,0,1,0,1,0,0,0,0,0,0,0,0,0,0,0,0,0,0,0,0,0,1,0,0,0,0,0,0,0,0,0,0,0,0,0,0,0,0,0
0,1,0,0,0,0,0,0,1,0,0,0,0,0,0,1,0,0,0,1,0,1,0,0,0,1,2,0,0,1,1,0,1,0,0,0,1,0,2,0,0,0,0,0,2,0,2,0,0,1,1,0,1,1,0,1,0,0,0,0,0,2,0,0,0,0,0,0,0,0,1,0,0,0,0,1,1,0,0,0,0,0,0,0,0,0,0,0,0,0,0,0,0,0,0,0,0,0,0,0,0,0,0,0,0,0,0,0,0,0,0,0,0,0,0,1,0,0,0,0,0,0,0,0,0,0,0,0,0,0,1,0,0,0,0,0,1,1,0,1,0,0,0,1,0,2,0,0,0,1,0,0,0,0,0,1,1,0,0,0,0,0,1,0,0,0,0,0,0,1,0,1,0,0,2,1,0,0,0,0,0,0,0,2,0,1,0,2,1,0,1,0,2,0,0,0,2,0,0,0,0,0,0,0,0,1,0,1,0,0,0,0,0,2,0,0,0,0,0,0,0,1,0,2,0,0,0,0,0,0,0,0,0,0,0,0,0,0,1,0,0,0,0,0,0,0,0,0,0,0,0,0,0,0,0,0
1,0,0,0,0,0,2,0,2,0,0,0,0,0,0,0,0,0,0,0,0,0,0,0,0,2,0,1,0,0,0,2,2,0,0,0,3,0,2,0,0,0,0,0,2,0,1,0,0,0,0,0,0,0,0,0,0,0,0,0,0,0,0,0,0,2,1,0,0,0,1,0,0,0,3,2,0,0,0,0,0,0,0,0,0,0,0,3,1,0,3,0,0,0,0,0,0,0,0,0,0,0,1,0,0,0,0,0,1,0,0,0,0,1,0,0,0,0,0,0,0,0,1,0,4,0,1,0,0,0,0,0,0,0,1,1,0,0,0,0,0,1,0,2,0,0,0,0,0,0,0,0,0,0,1,0,0,1,0,1,0,0,1,0,0,0,0,0,1,3,0,1,1,0,2,0,0,0,0,0,2,0,0,3,0,0,1,2,4,0,3,1,2,0,0,0,0,0,0,0,1,0,0,0,0,0,0,2,0,0,0,0,0,0,0,1,0,0,0,0,0,1,0,0,0,0,1,0,0,0,0,1,0,0,2,0,2,1,0,0,0,0,0,0,3,0,0,0,0,0,1,0,0,0,0,0
0,1,0,1,1,1,1,0,1,0,0,0,0,0,0,0,0,0,0,0,0,0,0,0,0,3,0,0,0,0,0,1,3,0,0,1,3,0,2,0,1,0,0,0,0,0,1,2,0,0,1,0,0,0,0,3,0,0,0,0,0,3,0,1,0,0,0,0,0,0,3,0,0,0,0,2,0,0,0,0,0,0,0,0,0,0,0,0,1,0,0,0,0,0,0,0,0,0,2,0,0,0,0,0,0,0,0,0,0,0,1,0,1,0,0,3,0,0,0,0,0,1,0,0,0,0,0,0,0,0,0,0,0,0,3,0,0,0,0,0,2,0,0,1,0,0,0,1,0,0,0,0,0,0,0,0,0,0,0,2,0,1,1,0,0,0,0,0,0,2,4,0,0,0,2,2,1,0,0,0,0,0,0,2,0,0,0,2,3,1,2,0,3,1,0,0,1,0,0,0,0,0,0,0,0,0,0,2,0,0,0,0,0,1,0,1,0,0,0,0,1,0,0,0,0,0,0,0,0,0,0,0,0,0,0,0,0,0,0,0,1,0,0,0,0,0,0,0,0,0,0,0,0,0,0,0
0,0,0,0,0,0,0,0,0,0,0,0,0,0,0,2,0,0,0,0,0,2,0,0,0,0,2,0,0,0,0,0,0,0,0,0,0,0,0,0,0,0,0,0,0,0,0,0,0,0,0,0,1,2,0,2,0,0,0,0,0,0,0,0,0,0,0,0,0,0,2,0,0,0,0,0,2,0,0,0,0,0,2,0,0,0,0,0,0,0,0,0,0,0,0,0,0,0,0,0,1,0,0,0,0,1,0,0,0,0,0,0,0,0,0,0,0,0,0,0,0,0,0,0,0,0,1,0,0,0,0,0,0,0,0,1,0,2,0,3,0,0,0,2,0,0,0,0,0,0,0,0,0,0,0,0,2,0,0,0,0,0,0,0,0,0,0,0,0,0,0,2,0,0,0,2,0,0,0,0,0,0,0,2,0,2,0,0,0,0,0,0,0,0,0,0,1,0,0,0,0,0,1,0,0,0,0,0,1,0,1,0,0,0,0,0,0,0,0,0,1,0,0,0,0,0,0,0,1,0,0,0,0,1,0,0,0,0,2,0,0,0,0,0,0,0,0,0,0,0,0,0,0,0,0,1
0,0,0,0,0,0,2,0,2,0,0,0,0,0,0,2,1,0,0,0,0,0,0,0,0,3,0,0,0,0,0,0,2,0,0,0,2,0,2,0,0,0,0,0,0,0,0,0,0,0,0,0,0,0,0,0,0,0,0,0,0,0,0,0,0,0,0,0,0,0,1,0,0,0,2,2,0,1,0,0,0,0,0,0,0,0,0,0,0,0,0,0,0,0,0,0,0,0,0,0,0,0,0,0,0,0,0,0,0,0,0,0,0,0,0,1,0,0,0,0,0,0,0,0,0,1,0,0,1,0,0,0,0,0,1,0,0,1,1,0,0,0,0,0,0,0,0,0,0,0,0,1,0,0,0,0,0,0,0,0,1,0,1,0,1,1,0,0,0,2,1,0,0,0,2,0,0,0,0,0,0,0,0,2,0,0,0,2,3,0,2,1,2,0,0,0,0,0,0,1,0,0,0,0,0,0,0,2,0,0,0,0,0,0,0,0,0,0,0,0,0,1,0,0,0,0,0,0,0,0,0,0,0,0,0,0,1,1,0,0,0,0,0,0,0,0,0,0,0,0,0,0,0,0,0,0
0,0,0,0,0,0,0,0,0,0,0,0,0,0,0,2,0,0,0,0,0,2,0,0,0,0,2,0,0,2,0,0,0,0,0,0,0,0,0,0,0,0,0,0,2,1,0,0,0,1,0,0,1,2,0,2,0,0,0,0,1,0,0,0,0,0,0,0,0,0,0,0,0,0,0,0,2,0,0,0,0,0,3,0,0,0,0,0,0,0,1,0,0,0,0,0,0,0,0,0,0,0,0,0,0,0,0,0,0,0,0,1,0,2,0,0,0,0,0,0,0,0,0,0,0,0,1,0,0,0,0,0,0,0,0,0,0,2,0,2,0,0,0,2,0,2,0,0,0,0,0,0,0,0,0,0,2,0,0,0,0,0,0,0,0,0,0,0,0,0,0,2,0,0,0,2,1,0,0,0,0,0,0,2,0,2,0,0,0,1,1,0,0,0,0,0,0,0,0,0,0,0,0,0,0,0,0,0,0,0,0,0,0,0,0,0,0,0,0,0,0,0,0,0,0,0,2,0,1,0,0,0,0,0,0,0,0,0,2,0,1,0,0,0,0,0,0,0,0,0,0,0,1,0,0,0
0,1,0,0,0,0,1,0,2,0,0,0,0,0,0,1,0,0,0,0,0,1,1,0,0,2,1,2,0,0,0,0,1,0,0,0,2,0,1,0,0,0,0,0,0,0,2,0,0,0,0,0,0,1,0,2,0,0,0,0,0,1,0,0,0,0,0,0,0,0,1,0,0,0,0,1,1,0,0,0,0,0,1,0,0,0,0,0,1,0,0,0,0,0,0,0,0,1,1,0,0,0,0,0,0,0,0,0,1,0,0,0,0,0,0,0,0,0,0,0,0,0,0,0,0,0,2,0,0,0,1,0,0,0,0,2,2,2,0,1,0,0,0,1,0,1,0,0,0,0,0,0,0,0,0,0,1,0,1,0,0,0,0,0,0,0,0,0,0,1,0,1,0,0,1,2,0,0,0,0,0,0,0,2,0,1,0,2,1,2,1,0,1,0,0,0,0,0,0,0,0,0,0,0,0,0,0,1,0,0,0,0,0,0,0,0,0,0,0,0,0,0,0,0,0,0,0,0,0,0,0,0,0,2,1,0,0,0,1,0,0,0,0,0,0,0,0,0,0,0,0,0,0,0,0,0
0,0,0,0,0,1,1,0,2,0,0,0,0,0,0,0,0,0,0,1,0,0,0,0,0,2,0,0,0,0,0,0,2,0,0,0,2,0,2,0,1,0,0,1,0,0,0,1,2,1,0,0,0,0,0,0,0,0,0,0,0,1,0,0,0,0,0,0,0,0,2,1,0,0,3,3,0,1,0,0,0,0,0,0,0,0,0,0,1,1,0,0,0,0,0,0,0,0,1,0,0,0,0,0,1,0,0,0,0,0,0,0,0,0,0,1,0,0,0,0,0,0,0,0,0,0,0,0,0,0,0,0,0,0,0,0,0,0,0,0,1,0,0,0,0,0,0,0,0,0,0,0,0,0,0,0,0,0,0,1,0,0,0,0,0,0,0,0,0,2,0,0,0,0,2,0,0,0,0,0,0,0,0,2,0,0,0,2,2,0,2,0,2,0,1,0,0,0,0,0,0,0,0,0,0,0,0,2,0,0,1,0,0,0,0,0,0,0,1,0,0,0,0,0,0,0,0,0,0,0,0,0,0,0,0,0,0,0,0,0,0,0,0,0,0,0,0,0,0,0,0,0,0,0,0,0
1,0,0,0,0,0,1,0,0,0,1,0,0,0,0,0,0,0,1,0,0,1,0,0,0,0,3,0,0,2,0,0,0,0,1,0,0,0,0,0,0,0,0,1,2,0,0,1,0,0,0,0,0,1,0,1,0,2,0,0,0,1,1,0,0,0,0,0,0,0,1,0,0,0,0,1,1,1,0,0,0,2,0,0,0,0,0,1,0,1,1,0,0,1,0,0,0,0,1,3,0,0,1,0,0,2,1,0,0,0,0,0,0,2,0,0,0,0,0,0,0,0,0,0,0,1,2,0,0,0,1,0,0,0,0,0,1,1,0,2,1,0,0,1,0,1,0,0,0,0,2,1,2,0,0,0,3,1,1,1,0,0,0,0,0,0,1,0,0,0,0,1,0,1,0,1,0,1,1,1,0,0,0,1,1,1,0,0,0,1,0,1,2,0,0,0,0,1,0,0,0,0,0,1,1,0,0,1,0,1,0,0,0,0,0,0,0,0,0,0,0,0,0,0,0,0,0,0,0,0,0,1,0,2,0,0,0,1,1,0,0,0,0,0,0,0,0,0,0,1,0,0,0,0,0,0
0,1,0,0,0,0,0,0,1,0,1,0,0,0,0,2,0,0,0,2,1,2,2,0,0,3,4,0,0,0,0,0,1,0,1,0,1,0,1,0,0,0,0,0,0,2,2,1,0,1,0,0,2,1,0,1,2,0,0,0,1,0,0,0,0,0,0,1,0,0,0,0,0,0,0,1,1,0,0,0,0,0,1,0,0,0,0,0,1,0,1,0,0,0,0,0,0,0,1,0,1,0,0,0,0,0,0,0,0,0,0,1,0,0,0,1,0,0,0,0,0,0,0,0,0,0,3,0,0,0,0,0,0,0,0,0,0,1,0,1,0,0,0,1,0,1,0,0,0,0,0,0,0,0,0,1,2,0,0,0,0,0,0,0,1,0,0,0,1,1,0,1,0,5,1,1,0,0,0,0,1,0,0,3,0,3,0,1,1,0,1,0,1,0,0,0,3,0,0,0,0,0,0,0,0,0,1,1,0,0,0,0,0,1,0,0,0,0,0,0,1,0,0,1,0,0,0,0,0,0,0,1,0,0,0,0,0,0,1,0,0,0,0,0,0,0,0,0,0,0,0,0,0,0,0,0
0,0,0,0,0,0,1,0,2,0,0,0,0,0,0,0,0,0,0,0,0,0,0,0,0,1,0,0,0,0,0,0,1,0,0,0,1,0,1,0,0,1,0,0,0,0,0,1,1,0,0,0,0,0,0,0,0,0,0,0,0,1,1,0,0,0,0,0,0,0,1,1,0,0,0,1,0,1,0,0,0,1,0,0,0,0,0,0,0,1,0,0,0,2,0,0,0,0,0,1,0,0,0,0,0,1,0,0,1,0,0,0,0,0,0,0,0,0,0,0,0,0,0,0,0,0,0,0,0,0,0,0,0,0,0,0,1,0,0,0,0,0,0,0,1,1,0,0,0,0,0,0,0,0,0,0,0,1,1,1,0,0,0,0,0,0,1,0,0,2,0,0,0,2,1,0,0,1,0,0,0,0,0,1,1,0,1,1,3,0,1,1,1,0,0,0,0,1,0,0,0,0,0,1,0,0,0,1,0,0,1,0,0,0,0,0,0,1,0,1,0,0,0,0,0,0,0,0,0,0,0,0,0,2,0,0,0,0,0,0,0,0,0,0,1,0,0,0,0,1,0,0,0,0,0,0
0,0,0,0,0,0,0,0,2,0,0,0,0,0,0,0,0,0,0,0,0,0,0,0,0,2,0,0,0,0,0,0,2,0,0,0,4,0,2,0,0,0,0,0,0,0,0,0,0,1,0,0,0,0,0,0,0,2,0,0,0,1,0,0,0,0,0,0,0,0,1,0,0,1,2,2,0,2,0,0,0,0,0,0,0,0,0,1,1,0,0,0,0,1,0,0,0,0,1,0,0,2,0,0,0,0,0,0,0,0,0,0,0,0,0,0,0,0,0,0,0,0,0,0,0,0,0,0,0,0,0,0,0,0,1,0,0,0,0,0,0,1,0,0,0,0,0,0,0,2,0,0,0,0,0,0,0,0,0,0,0,0,1,0,0,1,0,0,1,2,0,0,0,0,2,0,0,0,0,0,0,0,0,3,0,0,0,2,2,0,2,0,2,0,0,0,0,0,0,0,0,0,0,0,0,0,0,2,0,0,0,1,0,0,0,0,0,0,0,0,0,1,0,0,0,0,0,0,0,0,0,0,0,0,0,0,0,0,0,0,0,0,0,0,0,0,0,0,0,0,0,0,0,0,0,0
0,0,0,0,0,0,1,0,2,0,1,0,0,0,0,1,0,0,0,0,0,0,0,0,0,1,2,0,0,0,0,0,1,0,0,0,2,1,1,0,0,0,0,0,0,1,2,1,0,0,0,1,0,1,0,1,0,0,0,0,0,0,0,0,1,0,1,0,0,0,0,0,0,0,1,0,0,0,0,0,0,1,0,0,0,0,0,0,0,0,0,1,0,0,0,1,0,0,2,0,0,0,0,0,0,0,0,0,0,0,0,2,0,0,0,0,0,0,1,0,0,0,0,0,0,0,1,0,0,0,0,0,0,0,0,0,1,1,0,1,0,0,0,0,0,0,0,0,0,0,0,0,0,0,0,0,0,0,0,0,0,0,1,1,0,1,0,0,1,0,0,1,1,0,0,1,0,0,1,0,0,0,0,2,0,1,0,0,1,0,1,0,0,1,0,0,0,0,0,1,0,0,0,0,0,0,0,1,0,0,0,0,0,0,0,0,0,0,1,1,0,0,0,0,0,0,0,0,0,0,0,0,0,0,0,0,1,0,1,0,0,0,0,0,0,0,0,0,0,0,0,0,1,0,0,0
0,1,0,0,0,0,1,0,2,0,0,1,0,1,0,1,0,0,1,1,0,1,0,0,0,1,3,0,0,0,0,0,2,0,0,2,1,0,1,0,0,2,0,0,0,0,1,2,0,0,0,1,0,1,0,2,1,1,0,0,0,0,0,1,2,0,3,0,0,0,1,0,0,0,0,1,2,0,0,0,0,0,1,0,1,0,0,1,1,0,0,0,0,0,0,0,0,0,2,0,0,0,0,0,0,0,0,0,0,0,0,1,0,0,0,2,0,0,1,0,1,0,0,0,0,0,0,0,0,0,0,0,0,0,0,0,0,1,0,2,0,0,0,1,0,1,0,0,0,0,0,0,0,0,0,1,1,0,0,0,0,0,0,0,0,1,0,0,0,1,0,1,0,3,1,1,0,0,0,0,0,0,0,3,0,2,0,1,2,0,1,0,1,2,0,0,5,0,0,0,1,0,3,0,1,1,0,2,0,0,0,0,0,1,0,1,0,0,0,0,0,0,0,0,0,0,0,0,0,0,0,0,0,0,0,0,1,0,1,0,0,0,0,0,0,0,0,0,0,0,0,0,0,0,0,0
0,0,0,0,0,0,0,0,1,0,0,0,0,0,0,1,0,0,0,0,0,1,0,0,0,1,0,0,0,0,0,0,1,0,0,0,1,0,1,1,0,0,0,0,0,1,0,1,0,0,0,1,0,1,0,1,0,1,0,0,0,1,0,0,0,0,0,0,0,0,1,0,0,0,0,1,1,0,0,0,0,0,1,0,0,0,0,0,0,0,0,0,0,0,0,0,0,0,2,0,1,0,0,0,0,0,2,0,0,0,0,3,0,1,0,1,0,0,0,0,0,0,0,0,0,0,0,0,0,0,0,0,0,0,0,1,3,1,0,2,0,0,0,2,0,1,0,1,0,0,0,0,0,0,0,0,1,0,0,0,0,0,1,0,0,0,0,0,0,1,0,1,0,0,2,1,2,0,0,0,0,0,0,2,0,1,0,1,1,1,2,0,1,0,0,0,0,0,0,0,0,0,0,0,0,0,0,1,0,0,0,0,0,0,0,1,0,0,0,0,0,0,0,0,0,0,0,0,0,0,0,0,0,1,0,0,0,0,3,0,0,0,0,0,0,0,0,0,0,0,0,0,0,0,0,0
0,0,0,0,0,0,0,0,1,0,0,0,0,0,0,0,0,0,0,1,0,0,0,0,0,2,0,0,0,0,1,0,2,0,0,0,4,0,2,1,0,0,0,0,0,0,1,0,0,1,0,0,0,0,0,1,0,3,0,0,0,0,0,0,0,0,0,0,0,0,2,0,0,0,0,2,0,1,0,0,0,1,0,0,0,0,0,0,1,0,0,0,1,0,0,0,0,0,3,0,0,0,1,1,0,0,0,0,0,0,1,0,0,0,0,3,0,0,1,0,0,0,0,0,0,0,0,0,0,0,0,0,0,0,2,0,1,0,4,0,2,0,0,0,0,0,0,1,0,0,0,1,0,0,0,0,0,0,0,0,0,0,0,0,0,0,0,0,0,2,0,0,0,0,2,0,0,0,0,0,0,0,0,2,0,0,0,2,2,0,2,0,2,0,0,0,2,0,0,0,0,0,0,0,0,0,0,2,0,0,0,0,0,0,0,0,1,0,1,0,0,0,0,0,0,0,0,0,0,0,0,0,0,0,0,0,0,0,0,1,0,2,0,0,0,0,0,0,0,0,0,0,0,0,0,0
0,0,0,0,0,0,1,0,2,0,0,0,0,0,0,0,0,0,0,0,0,0,0,0,0,2,0,0,0,0,0,0,2,0,0,0,2,0,2,1,0,0,0,0,0,0,0,1,0,0,0,1,0,0,0,1,0,1,0,0,0,0,0,0,1,0,0,1,0,1,2,1,0,1,0,2,0,1,0,0,0,0,0,0,0,0,0,0,0,0,0,0,0,0,0,0,0,0,2,0,0,0,0,0,0,1,0,0,0,0,1,0,0,0,0,1,0,0,0,0,0,0,0,0,0,0,0,0,0,0,0,0,0,0,0,0,0,0,0,0,0,0,0,0,0,0,0,0,0,0,0,0,0,0,0,0,0,0,0,0,0,0,1,0,0,0,0,0,0,2,0,0,0,0,2,0,0,0,0,0,1,0,0,4,0,0,1,2,4,0,2,0,2,0,0,0,0,0,0,0,0,0,0,0,0,0,0,2,0,0,0,0,0,0,0,0,0,0,0,0,0,0,0,0,0,0,0,0,0,0,0,0,0,0,0,0,0,1,0,0,0,0,0,0,0,0,0,0,0,0,0,0,0,1,0,0
0,0,0,0,0,1,1,0,1,0,0,0,0,0,2,1,0,0,0,2,0,1,0,0,0,0,5,0,0,0,5,0,0,0,0,0,0,0,1,0,1,0,2,0,0,1,0,0,0,1,0,0,0,2,0,2,0,2,0,0,0,0,0,1,0,0,0,0,0,0,2,0,0,0,1,0,1,1,1,0,0,1,0,0,0,0,0,0,0,0,0,0,0,0,0,0,0,1,2,1,0,0,0,1,0,0,1,0,0,0,0,6,0,0,0,0,0,0,1,0,0,0,0,0,1,0,3,0,0,0,0,3,0,0,2,1,3,2,0,2,0,0,1,1,0,0,0,0,0,1,0,0,0,1,0,1,2,1,0,0,0,0,0,0,0,0,0,0,0,1,0,2,0,0,0,2,0,0,0,0,0,0,0,3,0,3,0,0,0,0,0,0,1,0,0,0,0,0,0,0,0,0,0,0,0,0,0,1,0,0,0,0,0,0,0,0,0,0,0,0,3,1,0,0,0,0,0,0,0,0,0,0,0,0,0,0,0,0,2,0,0,0,0,0,0,0,0,0,0,0,0,0,0,0,0,0
0,0,0,0,0,0,0,0,0,0,0,1,0,0,0,1,0,0,0,0,1,3,0,0,0,0,3,0,0,0,0,0,0,0,0,0,1,0,1,0,0,0,0,0,1,1,0,0,0,0,0,0,2,2,0,2,0,0,0,0,0,1,0,0,0,0,0,0,0,0,1,0,0,0,0,0,2,0,0,0,0,0,0,0,0,0,0,0,0,0,1,0,0,1,0,0,0,1,0,0,1,0,0,0,0,0,0,0,0,0,0,0,0,0,0,1,0,0,0,0,0,0,1,0,1,0,2,0,0,0,1,0,0,0,1,0,0,2,0,2,0,0,0,1,0,0,0,1,2,0,0,0,0,1,0,2,2,0,0,0,0,0,0,0,0,0,1,0,1,0,0,2,0,1,0,2,0,0,0,0,0,0,0,2,0,2,0,0,0,0,0,0,1,0,0,0,0,0,0,0,0,0,0,0,0,0,0,1,1,0,0,0,0,0,0,0,0,0,0,0,1,0,0,0,0,0,0,0,0,0,0,0,0,0,0,0,0,0,2,0,0,0,0,0,0,0,0,0,0,0,0,0,0,0,0,0
0,0,0,1,0,0,2,0,2,0,1,0,0,0,0,0,0,0,0,2,0,0,0,0,0,3,0,1,0,1,0,2,3,0,0,0,2,0,2,1,2,0,0,0,0,0,3,0,0,0,0,0,1,0,0,0,0,3,0,0,0,0,0,0,0,0,0,3,0,0,1,0,0,0,0,2,0,2,0,0,0,0,0,0,0,0,0,0,3,0,1,0,0,1,0,0,0,0,2,0,0,0,1,0,0,0,0,0,0,0,0,0,0,0,0,5,0,0,0,0,0,0,0,0,1,1,0,4,0,0,0,0,0,0,0,0,0,0,0,0,0,0,0,0,0,0,0,0,0,0,0,0,0,0,0,0,0,0,0,0,0,0,1,0,0,0,0,0,0,2,0,0,0,0,2,0,0,0,0,0,0,0,0,3,0,0,0,2,2,0,2,0,1,0,0,0,0,0,0,0,0,0,0,0,0,0,0,2,0,0,0,0,0,0,0,0,0,0,1,0,0,0,0,0,0,0,0,0,0,0,0,0,0,0,1,0,0,0,0,0,0,0,0,0,0,0,1,0,0,0,0,1,0,0,0,0
0,0,0,0,0,0,1,0,2,0,0,0,0,0,0,0,0,0,0,0,0,0,0,0,0,2,0,0,0,0,0,0,2,0,0,0,2,0,2,0,0,0,0,0,0,0,1,0,0,0,0,2,1,0,0,0,0,0,0,0,0,0,0,0,0,2,1,0,0,0,1,0,0,1,0,2,0,0,0,0,0,0,0,0,0,0,0,1,1,0,1,0,0,0,0,0,0,0,0,0,0,0,0,0,0,0,0,0,0,0,0,0,0,0,0,1,0,0,0,0,0,0,0,0,1,2,0,0,0,0,0,0,0,0,0,0,0,0,0,0,0,0,0,0,0,0,0,0,0,0,0,0,0,0,0,0,0,0,0,0,0,0,2,0,0,0,0,0,0,2,0,0,0,0,2,0,0,0,0,0,0,0,0,2,0,0,0,2,2,0,2,0,2,0,0,0,0,0,0,0,0,0,0,0,0,0,0,2,0,0,0,0,0,1,0,0,0,0,0,0,0,0,0,0,0,0,0,0,0,0,0,0,0,0,0,0,0,0,0,0,0,0,0,0,0,0,0,0,0,0,0,0,0,0,0,0
0,0,0,0,0,0,1,0,2,0,0,0,0,0,0,1,0,0,0,0,0,1,0,0,0,1,1,0,0,0,0,0,1,0,0,0,1,0,1,0,0,0,0,0,0,0,0,0,0,0,0,0,0,1,0,1,0,0,0,0,0,0,0,0,0,0,0,0,0,0,1,0,0,0,0,1,1,1,0,0,0,0,1,0,0,0,0,0,1,0,0,0,0,0,0,0,0,0,0,0,1,0,1,0,0,0,0,0,0,0,0,1,0,0,0,1,0,0,0,0,0,1,0,0,0,0,1,0,0,0,0,0,0,0,0,0,0,1,0,1,0,0,0,1,0,1,0,0,0,0,0,1,0,0,0,0,1,0,0,0,0,0,0,0,0,0,0,0,0,1,0,1,0,0,1,1,1,0,0,0,0,0,0,3,0,1,1,1,1,1,1,0,1,0,0,0,0,0,0,0,0,0,0,0,0,0,0,1,0,0,0,0,0,0,0,0,0,0,0,0,0,0,0,0,0,0,0,0,0,0,0,0,0,0,0,0,0,0,1,0,0,0,0,0,0,0,0,0,0,0,0,0,0,0,0,1
0,0,1,0,2,0,0,0,2,0,1,0,0,0,0,0,0,0,0,0,0,0,0,0,0,2,0,0,0,1,0,0,2,0,0,0,2,0,2,0,3,0,0,0,1,0,0,0,0,1,3,1,0,0,0,1,0,3,0,0,0,2,0,0,0,0,0,0,1,0,1,0,0,0,2,2,0,3,0,0,0,0,0,0,0,0,0,0,0,0,0,0,0,0,0,0,0,0,3,0,0,0,0,1,1,0,0,0,0,0,1,0,0,0,0,5,0,1,3,0,0,0,0,0,0,0,0,0,0,0,0,1,0,0,0,0,0,0,0,0,0,0,1,3,1,0,0,1,0,0,0,0,0,0,0,0,0,0,0,1,0,0,1,0,0,1,0,0,1,2,0,0,0,0,4,0,0,0,1,2,1,0,0,3,0,0,0,2,4,0,2,0,1,0,0,0,0,0,0,0,0,0,0,0,0,0,0,2,0,0,0,0,0,1,0,0,0,0,1,0,0,0,0,0,0,0,0,0,0,0,0,0,1,0,0,0,2,0,0,2,0,0,0,0,0,0,0,0,0,0,0,0,0,0,0,0
0,0,0,0,0,0,1,0,1,1,0,0,0,0,0,0,0,0,0,0,0,2,2,0,0,1,3,0,0,0,0,0,1,1,0,0,1,0,1,0,0,0,0,0,0,1,0,0,0,0,0,0,1,1,1,1,0,1,0,0,0,1,0,0,0,2,0,1,0,0,2,0,0,2,0,1,3,2,1,0,0,0,0,0,0,0,0,0,0,0,2,0,0,1,0,0,0,0,2,0,0,0,0,0,0,0,0,0,0,0,2,1,0,0,0,3,0,0,1,0,0,0,0,1,0,3,2,0,0,1,0,0,0,0,0,0,2,1,0,1,0,0,0,1,0,0,0,0,0,1,0,0,1,0,0,0,1,0,0,2,0,0,1,0,0,0,2,0,0,1,0,1,0,0,1,1,0,0,0,0,0,0,0,2,0,1,1,1,1,0,2,0,2,0,0,0,1,0,0,3,0,2,1,0,0,0,1,2,0,0,0,0,0,0,0,0,0,0,0,0,0,0,0,0,1,0,0,0,0,0,0,0,0,1,0,0,0,0,1,0,0,0,0,1,0,0,0,0,0,0,0,0,0,0,0,0
0,0,0,0,0,0,1,0,1,0,0,0,0,0,0,1,0,0,0,0,0,1,0,0,0,1,0,0,0,0,0,0,1,0,0,0,1,0,1,0,1,0,0,0,1,1,1,0,0,0,0,1,0,1,0,1,0,1,0,0,0,0,0,0,0,0,0,0,0,0,1,0,0,0,0,1,2,0,0,0,0,0,1,0,0,0,0,0,1,0,1,0,0,0,0,0,0,0,1,0,0,0,0,0,0,0,0,0,0,0,0,0,0,0,0,2,1,0,1,0,1,0,0,0,1,0,1,0,0,0,1,0,0,0,0,0,0,1,2,1,0,0,0,1,0,0,0,0,0,0,0,0,0,0,0,0,1,0,0,0,0,0,0,0,0,0,0,0,0,1,0,1,0,1,2,1,0,0,0,0,0,0,0,2,0,1,0,1,1,0,1,0,1,1,0,0,0,0,0,0,0,0,0,0,0,0,0,1,0,0,0,0,0,0,0,0,0,0,0,1,0,0,0,0,0,0,0,0,0,0,0,0,0,0,0,0,0,0,1,1,0,0,0,0,0,0,0,0,0,0,0,0,0,0,0,0
0,1,0,0,0,0,0,0,1,0,0,0,0,0,0,1,0,0,1,1,0,0,0,0,0,3,1,0,0,0,0,0,2,0,0,0,2,0,2,0,1,0,0,0,0,0,1,0,0,1,0,0,0,0,1,0,0,0,0,0,0,0,0,0,1,0,0,0,0,0,1,0,0,0,2,2,0,0,2,0,2,0,0,0,0,0,0,0,3,0,0,0,0,0,0,1,0,0,1,0,0,0,0,0,0,0,0,0,0,0,0,0,0,0,0,5,0,0,0,0,2,0,1,0,0,0,0,2,0,0,1,0,0,0,0,0,1,0,1,0,1,0,1,0,0,0,0,1,0,0,0,0,0,0,0,0,0,0,0,0,0,0,1,0,0,0,0,0,3,2,0,0,0,0,2,1,0,1,0,0,0,0,0,3,0,0,0,2,2,0,2,0,2,0,0,0,3,0,0,0,0,0,0,0,0,0,0,2,0,0,3,0,0,0,1,0,0,0,0,0,0,0,0,0,0,0,0,0,0,0,0,0,0,0,0,0,0,0,0,0,0,0,0,0,0,0,0,0,0,0,0,0,0,0,0,0
0,0,0,0,0,0,2,0,2,0,0,0,0,0,0,0,0,0,0,0,0,0,0,0,0,2,0,0,0,0,0,0,2,0,1,0,2,0,2,0,0,0,0,0,0,0,0,0,0,0,0,0,0,0,0,1,0,0,0,0,0,0,0,0,0,0,0,0,0,0,2,3,0,0,2,2,0,0,0,0,1,0,0,0,0,0,0,0,0,0,3,0,0,0,0,0,0,0,0,0,0,0,1,0,0,0,0,0,0,0,0,0,0,0,0,1,0,0,0,0,0,0,0,0,0,1,0,0,0,0,0,0,0,0,1,0,0,0,2,0,0,0,0,1,0,0,0,1,0,0,0,0,0,0,0,0,0,0,0,0,0,0,0,0,0,0,0,0,0,2,0,0,0,2,2,0,0,0,0,0,1,0,0,4,0,0,0,2,2,0,2,0,2,0,0,0,0,0,0,0,0,0,0,0,0,0,0,2,0,0,0,0,0,0,0,0,0,0,0,0,0,0,0,0,0,0,0,0,0,0,0,0,0,0,0,0,0,0,0,0,0,0,0,0,0,0,0,0,0,0,0,0,0,0,0,0
0,0,0,0,0,0,0,0,1,0,0,1,0,0,0,1,1,0,0,1,0,1,1,0,0,2,1,0,0,0,0,0,1,0,0,0,2,0,1,0,0,0,0,0,0,0,1,0,0,0,0,0,0,1,0,2,0,0,0,0,0,2,0,0,0,0,0,0,0,0,0,0,0,0,0,1,2,0,1,0,0,1,1,0,0,0,0,0,0,2,0,0,0,0,0,0,0,0,0,0,0,0,0,0,0,0,0,0,0,0,0,0,0,0,0,3,0,0,1,0,0,0,0,0,0,0,0,0,0,0,0,2,0,0,2,0,0,1,0,1,0,0,0,1,0,1,0,0,0,0,0,0,1,2,0,0,1,0,0,0,0,0,1,0,0,0,0,0,1,1,2,1,0,1,1,1,0,0,0,0,0,0,0,2,0,1,0,1,3,0,1,0,1,0,0,0,2,0,0,0,0,0,0,0,0,1,0,2,0,0,1,1,0,0,0,2,0,0,0,0,0,0,0,0,0,0,0,0,0,0,0,0,0,0,0,0,0,0,1,0,0,0,0,0,0,0,0,0,0,0,0,0,0,0,0,0
0,1,0,0,0,0,2,0,2,0,0,0,0,0,0,0,1,0,0,1,0,0,0,0,0,3,0,0,0,0,0,0,2,0,0,0,2,0,2,0,0,0,0,0,0,0,1,0,0,0,0,0,0,0,0,0,0,0,0,0,0,1,0,0,0,0,0,0,0,0,2,0,0,0,0,2,0,0,0,0,0,0,0,0,0,0,0,0,1,0,0,0,0,0,0,1,0,0,0,0,0,0,0,0,0,0,1,0,0,0,0,0,0,0,0,1,1,0,1,0,1,0,0,0,0,0,1,0,0,0,0,0,0,0,0,1,0,0,0,0,0,0,1,0,0,0,0,0,0,0,0,0,0,0,1,0,0,0,0,0,0,0,0,0,0,0,0,0,1,2,0,1,0,0,2,0,0,0,0,0,1,0,0,2,0,0,0,2,2,0,2,0,1,0,1,0,1,0,0,0,0,0,0,0,0,0,0,2,0,0,0,0,0,0,0,0,0,0,1,0,0,0,0,0,0,0,1,0,0,0,0,0,0,0,0,0,0,0,0,0,0,0,0,0,1,0,0,0,0,0,0,0,0,0,0,0
0,0,0,0,0,0,0,0,1,0,0,2,0,0,2,2,0,0,0,0,0,1,0,0,0,2,3,0,0,0,0,0,1,0,0,0,1,0,1,0,0,0,0,0,0,1,2,0,0,0,0,1,1,1,0,2,1,1,0,0,0,1,0,0,0,0,0,1,0,0,2,0,0,0,2,1,1,1,0,0,0,0,1,0,0,0,0,1,0,0,0,0,0,1,0,0,0,1,0,0,0,0,0,0,0,1,0,0,0,0,0,0,0,0,0,0,0,0,0,0,0,0,0,0,0,0,1,0,0,0,0,0,0,0,0,0,0,1,0,1,0,0,0,1,0,1,0,0,3,0,0,0,0,1,0,1,1,0,0,0,0,0,1,0,0,0,0,0,0,1,0,1,0,0,1,1,0,0,1,1,0,0,0,2,0,1,0,1,1,0,1,0,1,0,0,0,0,0,0,0,0,0,0,0,0,2,1,1,0,0,0,0,0,0,0,0,0,0,0,0,0,0,0,1,0,0,0,0,0,0,0,0,0,0,0,0,1,0,1,0,0,0,0,0,0,0,0,0,0,0,0,0,0,0,0,0
1,0,0,0,0,0,0,0,0,0,0,0,0,1,0,1,1,0,1,0,1,1,1,0,0,1,4,1,0,0,1,0,1,0,0,0,3,0,2,0,3,0,0,1,0,1,1,0,1,0,2,1,1,1,1,1,0,3,0,0,1,0,0,0,0,0,0,0,0,0,1,0,0,1,1,2,1,0,0,0,0,1,1,0,0,0,0,1,1,0,0,0,0,0,0,0,0,0,4,0,1,0,2,0,0,1,0,1,0,0,0,0,0,2,0,3,0,0,1,0,0,0,0,0,0,0,3,1,0,0,0,0,0,0,0,0,0,1,0,1,0,0,1,1,0,1,0,0,0,0,0,0,0,0,0,1,1,0,0,0,0,1,0,0,0,0,0,0,0,1,0,1,0,0,1,2,0,0,0,0,0,0,0,4,0,2,1,1,1,0,1,0,1,0,0,0,1,0,0,0,0,0,0,1,0,0,0,1,1,1,2,0,0,0,0,0,0,0,0,0,1,0,0,0,0,0,1,0,0,0,0,0,0,0,0,0,0,2,1,0,0,0,0,0,0,0,0,0,0,0,0,0,0,0,0,0
0,0,0,0,0,0,2,0,1,1,0,0,0,0,0,1,0,0,0,0,0,1,0,0,0,1,0,0,0,0,0,0,1,0,0,0,1,0,1,0,0,0,0,0,0,0,1,0,0,0,0,0,0,1,0,1,0,0,0,0,0,0,0,0,0,0,0,0,0,0,1,0,0,0,0,1,1,0,0,0,0,0,1,0,0,0,0,0,0,0,0,0,0,0,0,0,0,0,0,0,0,0,0,0,0,0,0,0,0,0,0,4,0,0,0,0,0,0,0,0,0,0,0,0,0,0,1,0,1,0,0,0,0,0,1,0,0,1,0,1,0,0,0,1,0,1,0,0,0,1,0,0,2,0,0,0,1,0,0,1,0,0,0,0,0,0,0,0,0,1,0,1,1,0,1,1,4,0,0,0,0,0,0,3,0,1,2,1,1,4,2,0,1,0,0,0,0,0,1,0,0,0,3,0,0,0,0,1,0,0,1,0,0,0,0,0,0,0,0,0,1,0,0,0,0,0,1,0,0,1,0,2,0,0,0,0,3,0,1,0,0,0,0,0,0,0,0,0,0,0,0,0,0,0,0,0
1,0,0,0,0,0,0,0,0,0,0,0,0,0,0,2,0,0,0,2,0,1,0,0,0,1,1,0,0,0,2,0,1,0,0,0,1,0,1,0,0,0,0,0,0,1,0,0,0,1,0,0,1,1,0,2,1,0,0,0,0,1,0,0,1,0,0,0,0,0,1,0,0,1,1,1,1,0,0,0,0,0,1,0,0,0,0,1,0,0,0,0,0,0,0,0,0,0,0,0,0,0,0,0,0,0,1,0,0,0,0,0,0,0,0,1,0,0,1,0,0,0,0,0,0,0,0,0,0,0,0,0,0,0,0,0,0,1,0,1,0,0,0,1,0,0,0,1,0,0,0,0,0,0,0,0,1,0,0,0,0,0,0,0,0,0,0,0,1,2,0,1,0,0,1,1,0,0,0,0,0,0,0,2,1,2,0,1,1,0,1,0,1,0,0,0,0,0,0,0,0,0,0,0,0,0,0,1,0,0,0,0,0,0,0,0,0,0,0,0,0,0,0,0,0,0,0,0,0,0,0,0,0,1,0,0,1,0,1,0,0,0,0,0,0,0,0,0,0,0,0,0,0,0,0,0
0,1,0,1,0,0,1,0,1,0,0,1,0,0,0,1,0,0,1,1,0,1,0,0,0,1,1,0,0,0,0,1,1,0,0,0,1,0,1,0,0,0,0,0,1,0,2,0,0,0,0,2,1,1,0,1,0,0,0,0,0,1,0,0,1,0,0,0,0,0,1,0,0,0,0,1,1,0,0,0,1,0,1,0,0,0,0,0,0,0,0,0,1,0,0,0,0,0,0,0,0,1,0,0,0,0,2,0,0,0,0,0,0,0,0,0,0,0,1,0,0,0,0,0,0,1,1,0,0,0,0,1,0,0,0,0,0,1,0,1,0,0,0,1,0,0,0,0,1,0,0,0,0,0,0,0,2,0,0,1,2,0,0,0,1,0,0,1,0,1,0,1,0,0,1,1,0,0,0,0,0,0,0,3,0,1,0,1,1,1,1,0,0,0,0,0,0,0,0,0,0,0,0,0,0,0,0,1,0,0,0,0,0,0,0,0,0,0,1,0,0,1,0,0,0,0,0,1,0,0,0,1,0,0,0,0,1,0,1,2,0,0,0,0,1,0,1,0,0,0,0,0,0,0,0,0
0,0,0,0,0,0,0,0,0,0,0,0,0,0,0,1,0,0,0,1,0,1,0,0,0,1,1,0,0,0,1,0,1,0,0,0,1,0,1,0,0,0,1,0,1,0,0,0,0,0,0,0,0,1,0,1,0,0,0,0,0,0,0,0,0,0,0,0,0,0,1,0,0,0,1,2,1,0,0,0,2,0,0,0,0,0,0,0,1,0,1,0,0,0,0,0,0,0,0,0,0,0,0,0,0,0,0,0,0,0,0,0,0,1,0,1,0,0,0,0,0,0,0,0,0,0,0,0,0,0,0,0,0,0,2,1,1,1,0,2,0,0,0,1,0,1,0,1,0,0,0,0,0,0,0,1,1,0,1,0,0,0,2,0,0,0,0,0,0,1,0,1,0,0,1,1,0,0,0,0,0,0,0,2,0,1,0,1,1,1,1,0,2,0,0,0,0,0,0,0,0,0,0,1,0,0,0,1,0,0,1,0,0,0,0,0,0,0,0,0,0,0,0,0,0,0,0,0,0,0,0,0,0,0,0,0,0,0,1,0,0,0,0,0,0,0,0,0,0,0,0,0,0,0,0,0
1,0,0,0,0,0,0,0,0,0,0,0,0,0,0,2,0,0,1,0,0,2,0,0,0,0,2,0,0,0,0,0,0,0,0,0,0,0,0,0,0,1,0,0,0,2,1,0,0,0,0,0,2,3,0,2,0,0,0,0,0,0,0,0,0,0,0,1,0,0,0,0,0,0,0,0,2,0,0,0,0,1,0,0,0,0,0,0,0,0,1,0,0,0,0,0,0,1,0,1,0,0,1,0,0,0,0,0,0,0,1,0,0,0,0,0,0,0,0,0,0,0,0,0,0,0,0,1,0,0,2,0,0,0,0,1,1,2,0,2,0,0,0,2,0,2,0,0,0,0,0,0,0,1,0,0,2,0,0,0,0,0,0,0,0,0,0,0,0,0,0,3,0,0,0,2,0,0,0,0,1,0,0,2,0,3,1,0,0,1,0,1,0,0,0,0,0,0,0,1,0,0,0,0,0,0,1,0,1,0,0,0,0,0,0,0,0,0,0,0,1,0,0,0,0,0,0,0,0,0,0,0,0,0,0,0,0,0,2,0,0,0,0,0,0,0,0,0,0,0,0,0,0,0,0,0
1,0,0,0,0,0,1,0,1,0,0,0,0,1,0,2,0,0,1,0,0,1,0,0,0,1,4,0,0,0,0,0,1,0,0,0,2,0,1,0,0,0,0,0,0,0,0,0,0,0,0,1,0,1,0,1,0,0,0,0,0,1,0,0,0,0,0,0,0,0,1,0,0,0,1,1,1,0,1,0,0,1,1,0,0,0,0,0,0,0,0,0,0,0,0,0,0,0,0,0,0,0,2,0,0,0,0,0,0,0,0,0,0,1,0,0,0,0,0,0,0,0,0,1,0,0,0,1,0,0,0,0,0,0,0,0,0,1,0,1,0,0,0,1,0,1,0,0,0,0,0,0,0,2,1,1,1,1,0,0,0,0,1,0,0,0,0,0,0,1,1,1,0,0,1,1,0,0,0,0,0,0,0,2,0,1,0,1,1,0,1,0,1,0,0,0,0,1,0,0,0,0,0,0,1,0,0,1,0,0,0,0,0,0,0,0,0,0,0,0,0,0,0,0,0,0,0,0,0,0,0,0,0,0,0,0,0,0,1,0,0,2,0,0,0,0,0,0,0,0,0,0,0,2,0,0
0,0,0,0,0,0,2,1,1,0,0,0,2,0,0,0,0,0,1,0,1,1,0,0,0,1,4,0,0,0,0,0,1,0,0,2,1,0,4,0,1,0,0,0,0,0,0,0,0,0,1,0,1,1,0,2,0,2,0,0,0,2,0,2,3,0,0,0,0,0,1,0,0,0,0,1,1,0,2,0,0,2,0,0,0,3,1,2,0,0,3,0,0,0,0,0,0,0,2,0,0,0,1,0,0,0,1,0,0,0,0,1,0,0,1,0,0,0,0,0,0,0,0,0,1,0,4,1,0,0,2,0,0,0,3,1,3,1,0,1,0,0,0,1,0,1,0,0,0,0,0,0,0,0,0,2,1,1,0,0,1,0,1,0,0,0,0,0,1,1,0,1,2,0,1,2,1,1,0,0,0,0,1,2,0,1,0,1,2,1,1,0,2,0,0,0,0,1,0,0,0,0,0,0,0,0,0,1,0,0,1,0,0,0,0,1,0,0,0,1,5,0,0,0,0,0,0,0,0,0,0,0,0,1,0,0,2,0,1,0,0,0,0,0,0,0,0,0,0,0,0,0,0,1,0,0
0,2,0,1,0,0,2,0,2,1,0,0,0,0,0,0,0,0,0,1,0,1,0,0,0,2,1,0,0,0,0,1,3,0,1,0,2,1,1,0,3,0,0,0,0,0,0,3,0,0,0,3,0,0,0,0,1,3,0,0,0,0,0,0,0,0,0,0,0,0,2,0,0,0,1,1,0,0,0,0,0,0,0,0,0,0,0,0,0,0,0,0,0,0,0,0,0,1,3,1,1,0,0,0,1,1,1,0,0,0,0,0,0,0,0,3,0,0,1,0,0,0,0,0,0,0,0,0,0,0,0,0,0,0,1,0,0,0,0,0,0,0,0,0,0,0,0,0,0,0,0,0,0,0,0,0,0,0,0,0,0,0,0,0,0,1,0,0,0,1,0,1,0,0,1,0,0,0,0,0,0,0,0,3,0,0,0,1,2,0,1,0,2,0,1,0,1,0,0,0,0,0,0,0,0,0,0,2,0,0,0,0,0,1,0,0,0,0,0,0,0,0,0,0,0,0,0,0,0,0,0,0,0,0,0,0,1,0,0,0,0,0,0,0,0,0,0,0,0,0,0,0,0,0,0,0
0,0,0,0,0,0,0,0,0,0,0,0,0,0,1,2,0,0,0,1,2,2,0,0,0,0,3,0,0,0,1,0,0,0,3,0,0,0,0,0,0,0,0,0,0,3,1,0,0,0,0,0,1,2,0,2,0,0,0,0,2,0,0,0,0,0,0,1,0,0,0,0,0,0,0,0,2,0,2,0,0,0,4,0,0,0,0,0,0,1,0,0,0,0,0,2,0,0,3,0,0,0,0,0,0,0,0,0,0,0,0,2,0,0,0,1,0,0,0,0,0,0,0,0,0,0,3,0,0,2,0,0,0,0,0,0,2,2,0,2,1,0,0,2,0,2,0,0,1,0,0,0,0,0,0,1,2,0,0,0,0,0,0,0,0,0,0,0,0,0,0,2,0,0,0,2,0,0,0,0,0,0,0,2,0,3,0,0,0,0,0,0,0,0,0,0,0,0,0,0,0,0,0,0,0,2,1,0,0,0,1,0,0,0,0,0,0,0,0,1,0,0,0,0,0,0,0,0,0,0,0,0,0,0,0,0,0,0,2,0,0,0,0,0,0,0,0,0,0,0,0,0,0,0,0,0
0,0,0,0,0,0,0,0,1,0,0,0,0,0,0,1,0,0,0,0,0,0,0,0,0,1,0,0,0,0,0,0,2,0,0,0,3,0,1,0,0,0,0,0,0,0,0,0,0,0,0,0,0,0,0,0,0,1,0,0,0,2,0,0,0,0,0,0,0,2,1,2,0,1,0,1,0,0,0,0,0,0,0,0,1,0,2,0,0,0,0,0,0,0,0,0,0,0,1,1,0,0,0,0,0,0,0,0,0,0,0,0,1,0,0,0,0,0,0,1,0,0,0,0,0,1,0,0,0,0,0,0,0,1,0,0,0,0,1,0,0,2,0,1,0,0,0,0,0,0,0,1,0,0,0,0,0,1,0,0,0,0,1,0,2,0,0,1,0,1,1,0,0,0,2,0,0,0,0,0,0,0,0,2,0,0,2,1,2,0,1,0,3,0,0,0,0,0,0,0,0,0,0,0,0,1,0,2,0,1,2,0,2,0,0,0,0,0,0,0,0,0,1,0,0,0,0,0,0,0,0,0,1,0,0,0,0,0,1,3,3,0,0,0,0,0,0,0,0,0,0,1,1,0,0,0
0,0,0,0,0,0,2,0,2,0,0,0,0,0,0,0,0,0,0,1,0,0,0,0,0,2,1,0,0,0,1,0,2,0,0,0,4,0,1,0,0,0,0,0,0,0,1,1,0,0,0,0,0,0,0,1,0,1,0,0,0,0,0,0,0,0,0,0,0,0,2,1,0,0,2,2,0,0,0,0,0,0,0,0,0,0,0,0,0,0,0,0,0,0,0,0,0,0,0,0,0,0,0,0,0,0,0,0,0,0,0,0,0,0,0,1,0,0,0,0,0,0,0,0,0,0,0,0,0,0,0,0,0,0,0,0,0,0,0,0,0,0,0,0,0,0,0,0,1,0,0,0,0,0,0,0,0,0,0,0,0,0,0,0,0,0,0,0,0,1,0,0,0,0,2,0,0,0,0,0,0,0,0,2,0,0,0,2,3,0,3,0,2,0,0,0,0,0,0,0,0,0,0,0,0,0,0,3,0,0,0,0,0,0,0,0,0,0,0,0,0,0,0,1,0,0,0,0,0,0,0,0,0,0,0,0,0,0,0,0,0,0,0,0,0,0,0,0,0,0,0,0,0,0,0,0
0,0,0,0,0,0,1,0,2,0,0,0,0,0,0,0,0,0,0,0,0,0,0,0,0,2,0,0,0,0,0,0,2,0,0,0,2,0,2,0,1,0,0,0,0,0,1,0,0,0,3,2,0,0,3,0,0,1,1,0,0,2,0,0,0,0,0,0,0,0,1,0,1,0,0,2,0,4,0,0,0,1,0,0,0,0,0,0,1,0,0,0,0,0,0,1,0,0,4,0,0,1,0,0,0,0,0,0,0,0,0,0,0,0,0,5,0,0,0,0,0,0,0,0,0,0,0,0,0,0,0,1,0,0,1,0,0,0,0,0,0,0,0,0,0,0,0,0,0,0,0,0,0,0,0,0,0,0,0,0,0,0,2,0,0,0,0,0,0,2,0,0,0,0,2,0,0,0,0,0,0,0,0,2,0,0,0,2,2,0,2,0,2,0,0,0,1,0,4,0,0,0,0,0,0,0,0,2,0,0,0,0,0,0,0,0,2,0,0,2,0,4,0,0,0,0,0,0,0,0,0,0,0,0,0,0,1,0,0,0,0,0,0,0,0,0,0,0,0,0,0,0,0,0,0,0
1,0,0,0,0,0,1,0,1,0,0,0,1,0,0,1,0,0,1,0,0,1,0,0,0,1,5,0,0,0,0,0,2,0,1,0,2,0,1,0,0,0,0,0,1,2,0,0,0,0,0,1,0,1,0,1,0,0,0,0,0,0,0,0,1,0,0,0,0,0,1,0,0,0,2,2,1,0,0,0,2,1,0,0,0,1,0,1,0,0,2,0,0,1,0,0,0,0,0,0,0,0,0,0,1,0,0,0,0,0,0,1,0,2,0,0,0,1,0,0,0,0,0,0,0,0,3,0,0,0,1,0,0,0,1,0,1,1,0,2,0,0,0,1,0,1,0,0,0,0,0,0,0,0,1,2,2,0,0,1,0,1,1,0,0,0,0,0,0,1,0,1,0,0,1,1,0,0,0,0,0,0,0,2,0,2,1,1,1,0,1,0,2,1,0,2,0,0,0,0,0,0,0,1,0,0,0,1,1,0,0,0,0,0,0,0,0,1,0,0,0,0,0,0,0,0,0,0,0,0,1,0,0,1,0,0,0,0,1,0,0,0,0,0,0,0,0,0,0,0,0,0,0,0,0,0
0,0,0,1,0,0,1,1,3,1,0,0,0,1,0,1,0,0,0,0,0,1,0,0,0,1,1,0,0,0,0,0,1,0,0,0,1,0,1,0,0,0,0,0,0,0,0,0,0,0,0,0,0,1,0,1,0,0,0,0,0,0,0,0,0,0,0,0,0,0,1,1,0,0,1,1,2,0,0,0,0,0,1,0,0,0,0,0,0,0,2,0,0,0,0,0,0,0,0,0,0,0,1,0,0,0,0,0,0,0,0,1,0,0,0,1,0,0,0,0,0,0,1,0,0,0,1,0,0,0,1,0,0,0,0,0,0,1,0,1,0,0,0,1,0,0,0,0,0,0,0,0,0,0,0,0,1,0,0,0,0,0,0,0,0,1,0,0,0,1,0,1,0,0,1,1,1,0,0,0,0,0,0,2,0,1,0,1,1,0,1,0,1,0,0,0,1,0,0,0,1,0,1,0,1,0,0,1,0,0,0,0,0,0,1,1,2,0,1,0,0,0,0,0,0,0,0,0,0,0,1,0,0,0,0,0,0,0,1,1,0,0,0,0,0,0,1,0,0,0,0,1,0,0,0,0
0,0,0,0,0,0,0,0,2,0,0,0,0,0,0,0,0,0,0,0,0,0,0,0,0,2,2,0,0,0,0,0,2,0,0,0,4,0,1,0,0,0,0,0,0,0,1,0,0,0,0,0,0,1,0,0,0,0,0,0,0,1,0,0,0,1,2,0,0,0,2,1,0,0,0,2,0,0,0,0,0,0,0,0,0,0,0,0,0,1,0,0,0,1,0,0,0,0,1,0,0,0,0,0,0,0,0,0,0,0,0,0,0,0,0,2,0,0,0,0,0,0,0,0,0,0,0,0,0,0,0,0,0,0,1,0,0,2,0,1,2,0,0,0,0,0,0,0,1,0,0,1,0,0,0,0,1,0,1,0,0,0,2,0,0,0,0,0,0,1,2,0,0,0,1,1,0,0,0,1,0,0,0,2,0,1,0,2,2,0,1,0,2,0,0,0,0,0,0,0,0,0,0,0,0,0,0,2,0,0,2,0,1,1,0,0,0,0,0,0,0,0,0,1,0,0,0,0,0,0,0,0,0,0,0,0,0,0,0,0,0,0,0,0,0,0,0,0,0,0,0,0,0,0,0,0
0,1,1,0,0,0,1,0,2,0,0,0,0,0,0,1,1,0,0,0,0,0,0,0,0,2,0,0,0,0,0,0,2,0,3,0,2,0,3,0,0,0,0,0,0,0,2,0,1,0,0,0,0,0,0,0,0,1,0,0,0,0,0,0,0,1,0,0,0,0,2,1,0,0,1,3,0,1,0,0,1,0,0,0,0,0,0,0,0,0,0,0,0,0,0,0,1,0,2,0,0,0,0,1,0,0,1,0,0,0,0,0,1,0,0,1,0,0,0,0,0,0,0,0,0,0,0,0,0,0,0,0,0,0,1,0,0,1,1,0,2,0,0,0,0,0,0,0,0,0,0,0,0,0,0,0,0,0,0,0,0,0,1,0,0,0,0,0,0,2,0,0,0,1,2,0,0,0,0,0,0,0,0,3,0,0,0,2,2,0,2,1,2,0,0,0,3,0,0,0,0,0,0,1,0,0,0,2,0,0,5,0,0,0,1,0,0,0,1,0,0,1,0,0,1,0,0,0,0,0,0,0,0,0,0,0,1,0,0,0,1,0,0,0,0,0,0,0,0,0,0,0,0,0,0,0
0,0,0,0,0,0,1,0,0,0,0,0,0,0,0,2,0,0,0,1,0,1,0,0,0,1,1,0,0,0,0,0,1,0,0,0,2,0,1,0,0,0,0,0,0,0,0,0,0,0,0,0,0,1,0,1,0,0,0,0,0,0,0,0,0,0,0,0,0,0,2,0,0,0,0,1,1,0,0,0,0,0,1,0,0,0,0,0,0,0,0,0,0,0,0,0,0,1,0,0,0,0,0,0,0,0,0,0,0,0,1,1,0,0,0,0,0,0,1,0,1,0,0,0,0,0,1,0,0,0,0,0,0,0,1,1,0,1,1,1,0,0,0,1,0,0,0,1,1,0,0,0,0,0,0,0,1,0,0,0,0,0,0,0,0,0,0,0,0,1,0,1,0,0,1,1,0,0,0,0,0,0,0,2,0,1,0,1,1,0,1,0,1,0,0,0,0,0,0,0,0,0,0,0,0,0,0,1,0,0,0,0,0,0,0,0,0,0,0,0,0,0,0,0,1,0,0,0,0,0,0,0,0,0,0,0,0,0,1,0,0,0,0,0,0,0,1,0,0,0,0,0,0,0,0,0
0,1,0,0,0,0,0,0,1,0,0,0,0,0,0,1,0,0,0,0,1,1,0,0,0,1,1,0,0,0,0,0,1,0,0,0,1,0,1,0,0,0,0,0,0,0,0,0,0,0,0,0,0,1,0,1,0,0,0,0,0,0,0,0,0,0,1,0,0,0,0,0,0,1,0,1,2,1,0,0,0,0,1,0,1,0,0,0,0,0,1,0,0,1,0,1,0,0,0,0,0,0,0,0,0,0,0,0,0,0,0,1,0,0,0,0,0,0,0,0,0,0,0,0,0,0,1,0,0,0,1,0,0,0,0,0,1,1,0,1,0,0,1,1,0,0,0,0,0,0,0,0,0,0,0,0,1,0,0,1,0,0,1,0,0,0,0,0,1,1,0,1,0,1,1,1,0,0,0,0,0,0,0,3,0,1,0,1,1,0,1,0,1,0,0,0,2,0,0,0,0,0,0,0,1,0,0,1,0,0,1,0,0,0,0,1,0,0,0,0,0,0,0,1,0,0,0,0,0,0,0,0,0,0,0,0,0,0,1,0,0,0,0,0,0,0,0,0,0,0,0,0,0,0,0,0
0,0,0,0,0,0,0,0,1,0,0,0,0,0,0,0,0,0,0,1,0,0,0,0,0,3,0,0,0,0,0,0,2,0,0,0,2,1,2,0,0,0,0,0,0,1,0,0,0,0,0,0,0,0,0,0,0,0,0,0,0,0,0,0,0,0,0,0,0,0,1,0,0,0,0,2,0,0,0,0,1,0,0,0,0,0,0,0,1,1,1,0,0,0,0,1,1,0,0,0,0,0,0,0,0,0,1,0,0,0,0,0,0,0,0,1,0,0,0,0,0,1,0,0,0,0,1,0,0,0,0,0,0,0,0,0,0,0,0,0,0,0,0,0,0,0,0,1,0,1,0,1,0,0,0,0,0,0,0,0,0,0,2,0,0,0,0,0,1,2,0,0,0,0,2,0,0,1,0,0,1,1,0,3,0,0,1,2,2,0,2,0,2,0,0,1,2,0,0,0,0,0,0,0,0,0,1,2,0,0,0,0,1,1,0,1,0,0,0,0,1,0,0,0,0,0,1,0,0,0,0,0,0,0,0,0,0,0,0,0,0,0,0,0,1,0,0,0,0,0,0,0,0,0,0,1
0,0,0,0,0,0,1,0,1,0,0,0,0,0,0,1,0,2,0,0,0,1,2,0,0,1,1,0,0,0,0,0,1,0,0,0,2,0,1,0,0,0,0,0,1,0,0,0,0,0,0,0,0,1,0,1,0,1,0,0,0,0,0,0,0,0,0,0,0,0,1,0,0,0,0,1,1,1,0,0,0,0,0,0,0,0,0,0,1,0,0,0,0,0,0,0,0,0,1,0,0,0,0,0,0,0,0,0,0,0,0,0,0,0,0,1,0,0,1,0,0,0,0,0,0,0,0,0,0,0,1,0,0,0,0,0,0,1,0,1,0,0,0,1,0,1,0,0,0,0,0,0,0,0,0,0,1,0,0,0,1,0,0,0,0,0,0,0,0,1,0,1,0,0,1,1,1,0,0,0,0,0,0,2,0,1,0,1,1,2,3,0,0,0,0,0,0,0,0,1,0,0,0,0,0,0,1,1,0,0,0,0,0,0,0,0,0,0,1,0,0,1,0,0,0,0,0,0,0,0,0,0,0,1,0,0,0,0,1,0,0,0,0,0,0,0,0,0,0,1,0,0,0,0,0,0
0,0,1,0,0,1,1,0,1,0,0,0,0,0,1,1,0,0,0,0,0,1,0,0,0,1,4,0,0,0,0,0,1,0,0,0,2,0,2,0,0,0,1,0,1,1,1,0,0,0,0,0,0,1,0,1,0,0,0,0,0,1,0,0,1,0,0,0,0,0,2,0,0,0,2,1,1,2,2,0,0,0,0,0,0,0,0,0,1,0,1,1,0,0,0,2,0,0,2,1,1,0,0,1,0,0,0,0,0,0,0,1,0,0,0,2,0,0,0,0,1,0,0,0,0,0,3,0,0,0,0,0,0,0,0,0,1,1,1,3,1,0,0,1,0,1,0,0,0,0,0,1,0,0,0,2,1,0,0,3,0,0,0,0,0,0,0,0,0,1,0,1,0,0,1,2,0,0,1,0,0,0,0,3,0,1,0,1,1,0,1,0,2,0,0,0,0,0,0,0,0,0,0,0,0,0,0,1,0,0,0,0,0,0,0,0,0,0,0,0,0,0,0,0,1,0,0,0,0,0,0,0,0,0,0,0,1,0,1,0,0,0,0,0,0,0,0,0,0,0,0,0,0,0,1,0
0,0,1,1,0,0,0,0,0,0,0,0,0,0,0,0,0,0,0,0,1,0,1,0,0,2,0,1,0,0,0,0,1,0,0,0,3,0,1,1,0,2,0,0,0,0,1,0,0,0,0,0,0,0,3,0,0,0,0,0,0,1,0,0,0,0,0,1,0,0,2,0,0,0,0,1,0,1,1,0,1,0,0,0,0,0,0,1,0,1,0,0,0,2,0,0,2,0,1,1,0,0,0,0,0,0,1,0,2,0,0,0,0,0,0,3,0,0,0,0,0,0,0,0,0,0,0,0,0,0,0,1,0,0,0,0,0,0,2,0,0,0,0,0,0,0,0,3,0,1,0,0,0,0,0,0,3,1,1,0,1,0,2,0,0,0,1,0,0,1,0,0,0,0,1,0,0,0,0,0,0,0,0,2,1,0,0,1,1,0,1,0,1,1,0,0,0,3,0,0,0,0,0,1,0,0,2,2,0,0,1,0,0,0,0,0,0,3,1,0,0,1,0,0,0,0,0,0,0,0,0,2,0,0,0,0,1,1,0,0,1,0,0,0,1,1,0,0,0,0,0,0,0,0,0,0
1,0,0,0,1,0,0,0,0,1,0,0,0,1,0,1,0,1,0,0,0,0,0,0,0,0,0,0,0,0,0,0,0,0,0,0,0,0,0,1,0,0,0,0,0,1,0,0,1,1,0,0,0,0,0,0,0,3,0,0,1,0,0,0,0,0,0,0,0,0,0,0,0,0,1,0,0,0,1,0,0,0,1,1,1,0,0,0,0,0,1,0,0,0,0,0,1,0,0,1,0,0,0,1,1,0,0,0,0,0,0,1,1,0,0,0,0,0,0,3,0,1,0,0,0,1,0,0,0,0,0,0,0,3,0,0,0,0,0,1,0,1,0,0,0,0,0,0,0,0,1,3,1,0,0,0,0,0,0,1,0,0,0,2,0,0,0,0,0,0,0,0,0,1,0,0,1,0,1,0,0,2,0,0,0,0,0,1,0,0,1,0,0,1,0,0,0,0,0,1,0,0,0,0,0,0,0,0,0,0,0,0,0,0,0,0,1,0,0,0,0,1,0,0,0,0,0,0,0,0,0,0,0,0,0,0,0,1,0,0,0,0,0,0,0,0,0,0,0,0,0,0,0,0,0,0
0,1,0,0,2,0,0,0,1,0,0,0,2,0,0,1,1,0,0,0,0,1,0,0,0,0,1,0,0,0,0,0,1,0,0,0,0,0,0,0,0,0,0,0,1,0,1,0,1,0,0,0,0,1,0,1,0,0,0,0,0,1,0,0,0,0,0,0,0,0,1,2,0,0,0,0,1,1,0,0,0,0,1,0,1,0,0,0,1,0,0,0,0,0,0,0,0,0,0,0,1,0,0,0,0,0,0,0,0,0,0,1,0,0,0,0,0,0,0,0,0,0,0,0,1,0,1,0,0,0,0,0,0,0,0,2,0,1,0,2,0,0,0,1,0,0,0,1,0,0,1,0,0,0,0,0,1,0,0,0,0,0,0,0,0,0,0,0,0,0,0,1,0,0,0,1,1,0,0,0,0,0,0,1,0,1,0,0,0,0,0,0,1,0,0,1,0,0,0,0,0,0,1,0,0,0,0,0,0,0,0,0,0,0,0,0,0,0,1,1,0,0,1,0,0,0,0,0,1,0,0,0,0,0,0,0,1,0,1,0,0,1,1,1,0,0,0,0,0,0,0,0,0,0,1,0
0,0,0,0,0,0,1,0,3,0,0,0,0,0,0,0,0,0,0,1,0,1,0,0,0,2,2,0,0,0,1,0,1,0,0,0,1,0,1,0,0,0,0,0,0,0,0,0,0,0,1,1,0,1,0,1,0,1,0,0,0,0,0,0,0,1,0,0,0,0,2,0,0,0,2,1,0,1,0,0,0,0,0,0,0,0,0,0,1,0,0,0,0,0,0,0,0,0,2,0,0,0,0,0,0,0,0,1,0,0,0,1,0,1,0,1,0,0,0,0,2,0,0,0,0,0,2,0,0,0,0,0,0,0,0,0,0,1,0,1,0,0,0,1,0,0,0,0,0,0,0,0,0,0,0,0,0,0,1,0,0,0,0,0,0,0,0,0,1,1,0,1,0,1,1,1,1,0,0,0,0,0,0,2,0,1,0,1,1,0,1,0,1,0,0,0,1,0,0,0,0,0,0,0,0,0,1,2,0,0,0,0,0,0,0,0,0,0,1,0,0,0,0,0,0,0,0,0,0,0,0,0,0,0,0,0,0,1,2,1,0,0,0,0,0,0,0,0,0,0,0,0,0,0,0,0
0,0,0,0,0,0,1,0,1,0,0,0,0,0,0,0,0,0,0,0,0,1,0,0,1,1,1,0,0,1,1,0,1,0,1,0,3,0,2,0,0,0,0,0,1,1,0,1,0,0,0,0,1,1,0,2,0,1,0,0,0,0,0,0,0,0,0,0,0,0,2,1,0,0,3,1,1,0,0,0,0,2,0,0,0,0,0,1,0,0,0,0,0,0,0,0,0,0,1,0,0,0,1,0,0,0,0,0,0,0,2,0,0,1,0,0,0,0,0,0,0,0,0,0,0,0,0,0,0,0,0,2,0,0,2,0,0,1,0,1,0,1,0,0,0,0,0,0,0,0,0,0,0,0,0,0,1,0,0,0,0,0,1,0,0,0,0,0,0,1,0,1,0,0,1,1,0,0,0,0,1,0,0,2,0,1,0,1,2,0,1,0,2,0,0,0,1,0,0,0,0,0,0,0,0,0,0,2,0,0,0,0,0,0,0,0,0,0,1,0,0,0,0,0,0,0,0,0,0,0,0,0,0,0,0,0,1,0,1,0,2,0,0,0,0,0,0,0,0,0,2,0,0,0,0,0
0,0,0,0,0,0,1,1,1,1,1,0,1,0,0,1,0,0,0,0,0,1,0,0,0,1,1,0,0,0,0,0,1,0,0,0,1,0,1,0,0,0,0,0,1,1,0,0,0,0,0,0,0,1,0,1,0,0,0,1,0,0,0,0,0,0,0,0,0,0,2,0,0,0,0,1,1,1,0,0,0,0,0,0,0,0,0,0,0,0,0,0,0,0,0,0,0,0,0,0,1,0,0,0,0,1,0,0,0,0,0,1,0,0,0,0,0,0,0,0,0,0,0,0,0,0,1,0,0,0,0,0,0,0,0,1,1,1,0,2,0,0,0,1,0,1,0,0,0,0,0,0,0,0,0,0,1,0,0,0,0,0,0,0,0,0,0,0,0,1,0,1,0,0,1,1,0,0,0,0,0,0,0,2,0,1,0,1,1,0,1,0,1,0,0,0,0,0,0,0,1,0,1,0,0,1,0,1,2,0,0,0,0,0,0,0,0,0,0,0,0,0,0,0,0,0,0,0,0,0,0,0,0,0,0,0,1,0,2,0,0,0,0,0,0,0,0,0,0,0,0,1,0,0,0,0
0,0,0,0,0,0,1,0,1,0,0,0,0,0,0,1,0,0,0,0,0,1,0,0,0,1,1,0,0,0,0,0,2,1,0,0,1,0,1,0,2,0,0,0,0,2,1,0,0,0,0,0,2,1,2,1,0,1,0,0,0,0,0,0,0,0,0,1,0,0,0,0,0,0,0,1,2,0,0,0,0,0,0,0,0,0,0,0,0,0,1,0,0,0,0,0,2,0,1,0,0,0,0,0,0,0,0,0,0,0,0,0,0,0,0,2,0,0,0,0,0,0,0,0,0,1,0,2,0,0,1,0,0,0,1,0,0,1,0,1,1,0,0,1,0,1,0,0,0,0,0,0,0,0,0,1,1,0,0,1,0,0,1,0,0,0,0,0,0,1,0,2,1,0,1,1,0,0,0,0,0,0,0,3,0,1,0,1,1,0,1,0,0,0,0,1,0,0,0,0,0,0,0,0,0,0,0,1,0,0,0,0,0,0,0,0,0,0,1,0,0,0,0,0,0,0,0,0,0,0,0,0,0,0,0,0,0,0,1,0,0,0,0,0,0,0,0,0,0,0,0,0,0,0,0,0
0,0,0,0,0,0,0,0,0,0,0,0,0,0,0,1,0,0,0,0,0,1,0,0,0,2,2,0,0,0,3,0,1,0,0,0,2,0,1,0,0,0,0,0,0,0,0,0,0,0,0,0,0,1,0,1,0,1,0,0,0,0,0,0,0,0,0,0,0,0,1,0,0,0,1,1,1,1,0,0,1,0,1,0,0,0,0,0,0,0,2,0,0,0,0,0,0,0,0,0,1,1,0,0,0,0,0,0,0,0,0,2,0,0,0,1,0,0,0,0,0,0,0,0,0,0,3,0,0,0,1,0,0,0,2,1,2,1,0,2,0,0,0,1,0,1,0,1,0,1,0,0,0,1,0,0,1,0,0,0,0,0,0,0,0,0,0,0,0,1,0,1,0,0,1,1,0,0,0,0,0,0,0,2,0,1,0,1,1,0,1,0,1,0,0,0,0,0,1,0,0,0,0,0,0,0,0,1,0,0,0,0,0,0,0,0,0,0,1,1,0,0,0,0,0,0,0,0,0,0,0,0,0,0,0,0,0,0,1,0,0,0,0,0,0,0,0,0,0,0,0,0,0,0,0,0
0,0,0,0,0,0,2,0,2,0,0,0,0,0,0,0,0,0,0,1,0,0,1,0,0,3,0,0,0,0,0,0,2,0,0,0,3,0,2,0,0,0,0,1,0,0,0,0,0,0,0,0,0,0,0,0,0,0,0,0,0,1,0,0,0,0,0,0,0,0,2,2,0,0,0,2,0,0,0,1,0,0,0,0,0,0,0,0,0,0,0,0,0,0,0,0,0,0,0,0,0,0,0,0,0,0,0,0,0,0,0,0,0,0,1,1,0,0,0,0,0,0,0,0,0,0,0,0,0,0,0,0,0,0,0,0,0,0,1,0,0,0,0,0,0,0,0,0,0,0,0,0,0,0,0,0,0,0,0,0,0,0,0,0,0,0,0,0,0,2,0,0,0,2,2,0,0,0,0,0,2,0,0,4,0,0,1,2,3,0,2,0,2,0,0,0,0,0,0,0,0,0,0,0,0,0,0,2,0,0,0,0,0,0,0,0,0,0,0,0,0,0,0,0,0,1,0,0,0,0,1,0,0,0,0,0,1,1,0,0,0,0,0,0,0,0,0,0,0,0,0,0,0,0,0,0
0,0,0,0,0,0,1,0,2,0,0,0,0,0,0,1,0,0,0,0,0,1,0,0,0,1,1,0,0,0,0,0,1,0,0,0,1,0,1,0,0,0,0,0,0,0,1,0,0,0,0,0,0,1,0,1,0,0,0,0,0,1,0,0,0,1,0,0,0,1,0,0,0,0,0,1,1,1,0,0,0,0,1,0,0,1,0,0,0,0,1,0,0,0,0,0,0,0,0,0,0,0,0,0,0,0,0,0,0,0,0,1,0,0,0,0,0,0,0,0,0,0,0,0,0,1,1,0,0,0,0,0,0,0,0,0,0,1,0,1,0,0,0,1,0,1,0,0,0,0,0,0,0,0,0,0,1,0,0,0,0,0,1,0,0,0,0,0,0,1,0,1,0,1,1,1,1,1,0,0,0,0,0,2,0,1,0,1,1,0,2,0,1,0,0,0,0,0,0,0,0,0,0,0,0,0,0,1,0,0,0,0,0,0,0,0,0,0,0,0,0,0,0,0,0,0,0,0,0,0,0,0,0,0,0,0,0,0,1,0,0,0,0,0,0,0,0,0,0,0,0,0,0,0,0,0
0,0,0,0,0,0,0,0,0,0,0,0,0,0,0,0,0,0,0,0,0,0,0,0,0,2,1,0,0,0,1,0,2,0,0,0,3,0,2,0,0,0,0,0,0,0,0,0,0,0,0,0,0,0,0,1,0,0,0,0,0,1,0,0,0,0,0,0,0,0,2,0,0,0,0,2,0,1,1,0,0,0,0,0,0,0,0,0,2,0,2,0,0,0,0,0,0,0,0,0,0,0,0,0,0,0,0,0,0,0,0,0,0,0,0,1,0,0,1,0,0,0,0,0,0,0,0,0,0,0,0,0,0,0,0,0,0,1,0,0,0,0,0,0,0,0,0,2,0,0,0,0,2,0,0,0,0,0,0,0,0,1,2,0,0,0,0,0,1,2,0,0,0,0,2,0,0,0,0,0,0,1,0,2,0,0,0,2,2,0,2,0,1,0,0,0,2,0,0,0,0,1,0,0,0,0,0,2,0,0,0,0,0,0,2,0,0,0,1,0,0,0,0,0,0,0,0,0,0,0,0,0,0,0,0,0,0,0,0,0,0,0,0,0,0,0,0,0,0,0,0,0,0,0,0,0
0,0,0,0,0,0,0,0,1,0,0,0,0,0,0,0,0,0,0,0,0,0,1,0,0,2,0,0,0,0,0,0,2,0,0,0,3,0,2,0,0,0,0,0,0,1,0,0,0,0,0,0,0,0,0,0,0,0,0,0,0,1,0,0,0,0,0,1,0,0,2,0,0,0,1,2,1,1,0,0,0,0,0,0,0,0,0,0,1,0,0,0,0,0,0,0,0,0,0,0,0,0,0,0,0,0,0,0,0,0,0,0,0,0,0,0,0,0,0,0,0,0,0,0,0,0,0,0,0,0,0,0,0,0,0,0,0,0,1,0,0,0,0,1,0,0,0,1,0,0,0,0,0,0,0,0,0,0,0,1,0,0,1,0,0,0,0,0,0,2,0,0,0,1,3,0,1,0,0,1,0,0,0,3,0,0,0,2,2,0,2,0,2,0,0,0,0,0,0,0,0,0,0,0,0,0,0,2,0,0,0,0,0,0,0,0,0,0,0,0,0,0,0,0,0,0,0,0,0,0,0,0,0,0,0,0,0,0,0,0,0,0,0,0,0,0,0,0,0,0,0,0,0,0,0,0
4,0,0,0,0,0,0,1,0,0,0,0,0,1,0,2,1,0,1,0,1,3,0,0,0,0,7,0,0,1,0,0,0,0,0,0,0,0,0,0,0,0,0,0,0,2,0,0,1,1,0,0,0,2,0,2,0,0,0,0,2,0,0,0,1,0,0,0,0,0,0,0,0,0,0,0,2,0,1,0,0,1,2,0,1,0,1,0,0,0,0,0,0,1,1,0,0,0,2,1,1,0,1,0,0,0,0,0,0,0,0,0,0,0,0,1,0,0,0,0,0,0,0,1,0,0,5,1,0,0,0,0,0,0,1,0,0,2,0,2,0,0,0,2,0,2,0,0,0,0,0,0,0,0,0,0,2,0,0,0,0,0,0,0,0,0,0,0,0,0,0,2,0,4,0,2,0,1,0,0,0,0,0,2,0,2,0,0,0,0,0,0,1,0,0,0,0,1,0,0,0,0,0,0,1,0,0,0,0,0,0,0,0,1,0,0,0,0,0,1,0,0,1,0,0,0,0,0,0,0,0,0,0,0,0,0,0,0,2,0,0,0,0,0,0,0,0,0,0,0,0,0,0,0,0,0
0,0,0,0,0,0,0,0,1,0,0,0,0,0,0,1,0,0,0,0,0,1,0,1,0,1,2,0,0,0,0,0,1,0,1,0,1,0,2,0,0,0,0,0,1,3,0,0,1,0,1,0,0,4,1,1,1,0,0,0,0,0,0,0,0,0,1,2,0,0,1,0,0,2,3,1,1,1,0,0,0,0,0,0,0,0,0,0,0,0,1,0,0,0,0,0,0,0,1,0,1,0,0,0,0,0,0,1,0,0,0,0,0,0,0,0,0,0,0,0,0,0,0,0,2,1,1,0,0,0,1,0,0,0,0,0,0,1,0,1,0,0,0,1,0,1,0,1,0,0,0,0,0,0,0,0,1,0,0,0,0,1,1,0,0,0,0,0,0,1,0,1,0,0,1,1,0,0,0,0,0,0,0,3,0,1,3,1,1,0,1,0,1,0,0,0,0,0,0,0,0,0,0,0,0,0,0,1,0,0,0,0,0,0,0,0,0,0,0,0,0,0,0,0,0,0,0,0,0,0,0,0,0,0,0,0,0,0,1,0,0,0,0,0,0,0,0,0,0,0,0,1,0,0,0,0
0,0,0,0,0,0,1,0,2,0,0,0,0,0,0,0,0,0,0,0,2,0,0,0,0,2,0,0,0,0,0,0,2,0,0,0,2,0,2,0,0,0,0,0,0,0,0,0,0,0,0,0,0,0,2,3,0,0,0,0,0,0,0,0,0,0,0,0,0,0,0,0,0,0,0,2,0,0,0,0,0,0,0,0,0,0,0,0,0,0,0,0,0,0,0,0,0,0,0,0,0,0,0,0,0,0,0,0,0,0,0,0,0,1,0,2,0,0,0,0,0,0,2,0,0,0,0,0,0,0,0,0,0,0,2,0,0,0,0,0,0,0,0,2,0,0,0,0,0,0,0,2,0,0,0,0,0,0,0,2,0,0,2,0,1,0,1,0,1,2,0,0,0,2,2,0,0,0,0,0,0,0,0,3,0,0,0,2,4,0,4,1,1,0,0,0,0,0,0,0,0,0,0,0,0,0,0,2,0,0,0,0,0,0,0,0,0,0,1,0,0,1,0,1,0,0,0,0,0,0,0,0,0,0,0,0,0,0,0,0,0,0,0,0,0,0,0,0,0,0,0,0,0,0,0,0
0,0,0,0,0,0,2,0,2,1,0,0,0,0,0,0,0,0,1,0,0,1,0,0,0,1,2,0,0,2,0,0,1,0,0,0,1,0,0,0,1,1,0,0,2,0,0,0,0,0,0,0,0,1,0,1,0,0,0,0,0,0,0,0,0,0,0,0,0,2,2,0,1,0,1,1,1,1,2,2,0,1,0,0,0,0,0,1,0,0,1,0,0,0,0,2,0,1,4,0,0,1,1,0,0,0,0,1,0,0,0,4,0,5,0,1,0,0,0,0,0,0,1,0,0,0,2,0,0,0,0,0,0,0,0,1,1,2,0,1,0,0,0,0,0,1,0,0,0,0,0,0,0,0,0,0,1,1,0,1,0,0,0,0,0,0,0,0,0,0,0,1,0,1,1,3,0,0,0,1,2,0,0,2,0,1,1,1,2,1,1,0,2,0,0,0,0,1,0,1,0,0,0,0,1,0,1,2,0,0,0,1,0,0,1,0,0,0,0,0,0,0,0,0,0,0,1,0,0,0,0,0,0,0,0,0,4,0,1,1,0,0,0,0,0,0,0,0,0,0,1,0,0,0,0,0
0,0,0,0,0,0,0,0,1,0,0,0,0,0,0,2,0,0,0,0,0,1,0,0,0,1,1,0,0,0,0,0,1,0,0,0,2,1,2,0,0,0,0,0,1,0,1,0,0,0,0,1,0,1,0,1,0,0,0,0,0,0,0,0,0,0,0,1,0,0,1,0,0,1,1,1,2,0,0,0,0,0,1,0,0,0,0,0,0,0,0,0,1,0,0,0,0,0,0,0,1,0,0,0,1,0,0,0,0,0,0,1,0,0,0,0,0,0,0,0,0,0,0,0,0,0,1,0,0,0,0,0,0,0,0,0,1,1,0,1,0,0,0,1,0,1,0,0,0,0,0,0,0,0,0,1,1,0,0,1,0,0,1,0,0,0,0,0,0,1,0,1,0,0,1,1,0,0,0,0,0,0,0,3,0,1,0,1,1,0,1,0,1,0,0,0,1,0,0,0,0,0,0,0,0,0,0,1,0,0,1,0,0,0,0,0,0,0,0,0,0,0,0,0,0,0,0,0,0,0,0,0,0,0,0,0,0,0,1,0,0,0,0,0,1,0,0,0,0,0,0,0,0,0,0,0
0,0,0,0,0,0,0,0,0,0,0,0,0,0,0,1,0,0,0,0,0,1,0,0,0,1,3,0,0,0,1,0,1,0,0,0,1,0,1,0,0,0,0,0,1,1,2,0,0,1,0,0,0,1,0,1,0,0,0,0,0,0,0,0,0,0,0,0,0,0,1,0,1,0,1,1,1,0,0,0,0,0,1,0,0,0,0,0,1,0,1,0,0,0,0,0,0,1,0,0,0,0,0,0,0,0,0,0,0,0,0,1,0,0,0,1,0,0,0,0,1,0,0,0,0,0,2,0,0,0,0,0,0,0,0,0,0,1,0,1,0,0,0,1,0,1,0,1,0,0,0,0,0,0,0,0,1,0,0,0,0,0,1,0,0,0,0,0,0,2,0,1,0,1,1,1,0,0,0,0,0,0,0,2,0,3,0,1,1,1,1,0,1,0,0,0,0,0,0,0,0,0,0,0,0,0,0,1,0,0,0,0,0,0,0,0,0,0,0,0,0,0,0,0,0,0,0,0,0,0,0,0,0,0,0,0,0,0,1,0,0,0,0,0,0,0,0,0,0,0,0,0,0,0,0,0
0,0,0,0,0,0,1,0,2,0,0,0,0,0,0,0,0,0,0,0,0,0,0,0,0,2,0,0,0,0,0,0,3,0,0,0,2,1,1,0,1,0,0,0,1,0,1,2,1,0,0,0,0,0,0,0,0,0,0,0,0,0,0,0,0,0,0,0,0,0,1,1,0,0,0,2,0,0,0,0,0,0,0,0,0,1,0,0,1,0,0,0,0,0,0,0,0,0,1,0,1,0,0,0,2,0,0,0,0,0,1,0,0,1,0,1,0,0,1,0,0,0,0,0,0,0,0,0,0,0,0,0,0,0,0,0,0,0,0,0,0,0,1,0,0,0,0,0,0,0,0,0,0,0,1,0,0,0,0,0,0,0,2,1,0,1,0,0,0,1,0,1,0,0,1,0,0,0,0,0,0,0,0,3,0,0,1,1,2,0,1,0,2,0,1,0,0,0,0,0,0,0,0,0,0,0,0,2,0,0,0,0,0,0,0,0,0,0,0,0,0,0,0,0,0,0,0,0,0,0,0,0,0,0,0,0,2,0,0,0,0,0,0,0,0,0,0,0,0,0,0,0,0,0,0,0
1,0,0,0,0,0,0,0,0,0,0,0,0,0,0,0,0,3,0,0,0,0,0,0,0,1,1,1,0,0,0,0,1,0,0,0,2,0,1,0,0,0,0,0,0,0,2,0,1,0,0,0,0,0,0,1,0,0,0,0,0,1,0,0,0,0,0,2,0,0,1,0,3,1,1,1,0,0,0,1,0,0,1,1,0,0,0,1,0,0,0,0,0,0,0,0,0,0,0,0,0,1,0,0,1,0,0,0,1,0,0,1,0,0,0,0,0,0,0,1,1,0,0,0,0,0,0,0,0,0,0,0,0,0,0,0,0,0,0,0,0,0,0,0,0,0,0,1,0,0,0,0,0,0,0,0,0,0,0,0,0,1,1,0,3,0,0,1,0,2,0,0,0,2,1,0,0,1,0,0,1,1,0,1,0,0,0,1,1,0,1,1,0,0,0,0,0,0,0,0,0,0,0,0,0,0,0,1,0,0,0,0,0,0,0,0,0,0,3,0,0,0,0,2,0,0,1,0,0,2,0,0,0,0,0,0,0,0,0,0,0,0,0,0,0,0,0,0,0,0,0,0,0,0,0,0
0,0,0,0,0,0,1,0,2,0,0,0,0,0,0,0,0,0,0,0,0,0,1,0,0,2,1,0,0,0,0,0,2,0,0,0,1,0,1,0,1,0,0,0,0,0,0,1,0,0,0,2,0,1,0,1,0,0,0,0,0,0,0,0,1,0,0,0,0,0,2,0,0,0,0,1,0,0,0,0,0,0,0,0,0,0,0,1,0,0,0,0,1,0,0,0,0,2,2,0,0,0,0,0,0,0,0,0,0,0,0,3,1,0,0,2,1,0,0,0,0,0,0,0,0,0,1,0,0,0,0,0,0,1,0,0,0,2,0,1,0,0,0,0,0,0,0,1,1,1,0,0,0,0,0,0,0,0,0,0,0,0,1,1,0,0,1,0,0,1,0,0,0,0,1,1,0,0,0,0,0,0,0,2,0,1,0,1,3,2,1,0,2,0,0,0,0,0,0,0,0,0,0,1,0,1,0,2,0,0,0,0,0,0,0,1,0,0,0,0,0,0,0,0,0,0,0,0,0,0,2,0,0,0,0,0,0,0,4,1,0,0,0,0,0,0,0,0,0,0,0,0,0,0,0,0
0,0,0,0,0,0,0,0,1,0,0,0,0,0,0,1,0,0,0,0,1,1,0,0,0,1,1,0,0,0,1,0,1,0,0,0,1,0,0,0,0,0,0,0,0,0,0,0,0,1,0,0,0,1,0,1,0,0,0,0,0,0,0,0,0,0,0,0,0,0,2,0,1,0,0,1,1,2,0,0,0,0,0,0,0,0,1,0,1,0,1,1,0,0,0,0,0,0,0,0,0,0,0,0,0,0,0,0,0,0,0,2,0,0,0,0,0,0,0,0,0,0,0,0,0,0,1,0,0,0,1,0,0,0,0,0,0,1,0,1,0,0,0,1,0,0,0,0,0,0,0,0,1,0,0,0,1,0,0,0,0,0,0,0,0,1,0,0,0,0,0,1,0,0,1,1,0,0,0,0,0,0,0,2,1,1,1,1,1,1,1,0,1,1,0,0,0,0,0,0,0,0,1,0,0,0,1,1,2,0,0,0,0,0,0,0,0,0,0,0,0,0,0,0,0,0,0,0,0,0,0,0,0,1,0,0,1,0,1,0,0,0,0,0,0,0,0,0,0,0,0,1,0,0,0,0
0,0,0,0,0,0,1,0,1,0,0,1,0,0,0,0,0,0,0,1,0,1,0,0,0,1,3,0,1,0,0,0,1,0,0,0,1,0,1,0,0,0,0,0,1,0,2,0,0,0,0,0,0,1,1,1,0,0,0,0,0,0,0,0,0,0,0,0,0,0,0,1,0,0,1,1,1,0,0,0,0,0,0,0,0,0,0,0,0,0,0,0,0,0,0,0,0,0,2,0,1,0,0,0,0,1,1,0,0,0,0,2,0,3,0,3,0,0,0,0,0,0,0,0,0,1,1,0,0,0,0,0,0,0,0,1,2,1,0,2,0,0,0,0,0,1,0,0,1,0,0,0,0,0,0,0,1,1,0,0,0,0,2,0,0,0,0,0,1,1,1,2,0,0,1,1,0,0,0,0,0,0,0,2,0,1,1,1,2,0,1,0,2,0,0,0,1,0,0,0,0,0,0,0,0,0,0,2,0,1,0,0,0,0,0,0,0,0,0,0,2,0,0,0,0,0,0,0,0,0,1,0,0,0,0,0,1,1,1,1,0,0,0,0,0,0,0,0,1,0,1,0,0,0,0,0
0,0,0,0,0,0,1,0,1,0,0,0,0,1,0,2,0,0,0,0,0,0,0,0,0,2,1,2,0,0,0,1,2,0,0,0,2,0,2,0,1,0,0,0,0,0,0,0,0,0,0,1,0,0,0,0,0,0,0,0,0,0,0,0,0,0,0,0,0,0,1,1,0,0,0,2,0,0,0,1,1,0,0,0,0,0,0,0,1,0,2,0,0,0,0,0,0,0,1,0,0,0,0,0,1,0,0,0,0,0,0,0,0,0,1,2,0,0,0,0,0,0,0,0,2,0,1,0,0,0,0,0,0,0,0,0,0,0,0,0,0,0,0,0,0,0,0,1,0,0,0,0,0,0,0,0,0,0,0,0,1,0,2,0,0,0,0,0,0,2,0,0,0,1,2,0,0,0,0,0,0,0,0,4,0,0,0,2,2,0,2,0,1,1,0,0,3,0,0,0,1,0,0,0,0,0,0,2,0,0,1,0,0,0,0,2,0,0,1,0,1,0,0,0,0,0,0,0,0,0,0,2,0,1,0,0,0,0,0,0,0,0,0,0,0,0,0,0,0,0,0,1,0,0,0,0
0,0,0,0,0,0,0,0,0,0,1,0,1,0,0,1,0,0,0,1,0,1,1,0,0,1,4,0,0,0,1,1,1,0,0,0,2,1,0,0,0,0,0,0,0,2,2,0,0,0,0,0,0,1,0,3,0,1,0,1,2,0,0,0,0,0,0,0,0,0,2,0,0,0,0,1,1,1,1,0,0,0,1,0,0,0,0,0,0,0,0,0,2,0,0,0,0,1,0,0,1,0,0,0,0,0,0,0,0,0,0,2,0,0,0,1,0,0,0,0,0,1,0,0,0,0,3,0,0,0,0,0,0,0,0,2,2,1,0,2,0,1,0,2,0,1,0,0,0,0,0,0,0,0,0,0,1,0,0,0,0,0,1,0,0,0,0,0,0,0,0,1,0,0,1,1,0,0,0,0,0,0,0,2,0,1,0,1,2,0,1,0,1,0,0,0,0,0,0,0,0,0,0,0,0,0,0,1,1,0,0,0,0,0,0,2,0,0,0,0,0,0,0,0,0,0,0,1,0,0,0,0,0,2,0,0,0,0,1,0,0,1,0,0,0,0,0,0,0,0,0,0,0,0,0,0
0,0,0,0,1,0,0,0,1,0,0,0,0,0,0,0,0,0,0,1,0,0,1,0,0,1,1,0,0,0,1,0,1,0,1,0,1,0,1,0,0,1,0,0,0,0,1,1,0,1,1,0,0,0,0,0,0,0,0,0,0,1,1,1,0,0,0,0,0,0,1,0,0,0,0,1,0,1,0,0,0,1,0,0,0,0,0,0,1,1,0,0,0,1,0,0,0,0,0,1,0,0,0,0,0,1,0,0,0,0,0,0,0,0,0,1,0,0,0,0,0,0,0,0,0,0,0,0,0,0,0,0,0,0,0,0,1,0,0,0,0,0,0,0,1,1,0,0,0,0,0,0,0,0,0,0,0,1,1,1,0,1,2,0,0,0,1,0,0,1,0,0,1,3,1,0,0,1,0,0,0,1,0,1,1,0,0,1,1,0,1,0,1,1,0,0,0,2,0,0,0,0,0,2,0,0,0,1,0,0,1,1,0,0,0,0,3,3,0,0,0,0,0,0,0,0,0,0,0,0,0,0,1,1,0,0,0,0,0,0,0,0,0,0,1,1,0,0,0,1,0,0,0,0,0,0
0,1,0,0,0,0,2,0,2,0,0,0,0,0,0,0,1,0,0,0,0,0,0,0,0,2,0,0,0,0,0,0,2,0,1,0,2,0,5,0,1,0,0,0,0,0,1,0,0,0,1,0,0,0,0,0,0,3,0,0,0,0,0,0,1,0,0,0,0,0,1,1,0,0,0,2,0,0,0,0,0,0,0,0,0,0,0,0,2,0,0,0,0,0,0,0,0,0,1,0,0,0,0,0,0,0,0,0,0,0,0,0,0,0,0,0,0,0,0,0,0,0,0,0,0,0,0,0,0,0,0,0,0,0,4,0,0,0,0,0,0,3,0,0,0,0,0,1,0,0,0,0,0,0,0,0,0,0,0,0,1,0,2,0,0,0,0,0,0,2,0,0,0,0,2,0,0,0,0,0,2,0,0,5,0,0,4,2,3,0,2,0,0,0,0,0,0,0,0,0,0,0,0,0,0,0,0,2,0,0,0,0,0,0,0,1,0,0,2,0,0,0,0,0,0,2,0,0,0,0,0,3,0,0,2,0,0,0,1,0,0,0,0,0,0,0,0,0,0,0,0,2,0,0,0,0
