1,0,0,2,6,12,0,0,9,64,1,0,0,2,0,2,2,0,0,1,1,0,4,3,4,0,3,4,1,1,5,0,1,0,0,0,0,1,1,2,1,1,0,1,9,2,0,1,0,1,2,2,2,0,3,0,0,2,1,11,1,2,6,2,4,4,1,0,0,0,0,0,0,0,3,0,4,1,4,0,0,2,4,1,1,4,0,0,1,2,0,2,0,3,0,2,5,0,0,2,0,2,0,1,4,1,0,3,0,3,17,3,0,51,19,0,0,0,5,1,1,1,0,2,1,0,0,1,0,0,7,4,0,0,0,0,1,0,2,4,0,3,1,6,0,0,24,0,1,5,4,4,1,19,0,2,2,30,2,4,0,0,2,1,0,4,0,4,4,1,1,1,1,0,7,0,0,0,3,1,0,1,1,1,0,0,0,0,4,2,0,2,1,0,0,0,0,2,0,0,2,0,0,1,2,0,1,0,0,0,0,0,11,4,3,0,2,0,8,12,0,0,1,0,0,0,1,1,5,0,3,1,0,3,0,2,1,0,0,0,0,1,0,5,0,54,0,15,1,3,0,0,1,1,0,0
12,0,0,2,1,2,2,0,3,59,1,0,0,1,0,2,7,1,1,2,2,0,0,2,1,0,2,0,4,0,2,8,1,0,0,0,0,2,0,0,0,0,0,0,0,0,0,1,0,0,0,2,0,0,0,0,1,1,0,3,0,1,1,2,1,5,6,0,1,1,0,0,2,0,7,0,6,2,2,0,0,11,0,0,4,11,0,1,1,2,2,2,0,22,1,2,8,2,1,0,4,1,0,3,15,6,0,2,0,1,16,2,0,52,3,0,2,0,0,1,1,3,0,1,2,2,1,4,1,0,5,1,0,0,5,0,0,0,0,0,0,2,1,1,1,0,4,0,0,2,1,3,0,8,0,0,1,13,0,1,0,0,0,3,1,7,1,4,4,0,3,10,4,2,1,0,14,48,1,0,0,2,0,1,0,0,0,0,2,16,3,2,3,1,2,0,0,0,4,1,2,0,0,0,2,0,1,1,0,1,0,0,5,4,0,0,0,0,0,1,1,7,0,0,0,0,0,0,2,0,0,0,0,0,0,1,1,1,0,2,0,1,0,1,0,2,1,3,1,0,0,2,0,0,2,0
0,0,0,1,0,1,2,3,2,27,0,1,2,0,2,11,2,1,0,3,0,0,0,2,2,1,1,0,0,0,4,2,15,0,0,1,19,0,0,0,0,2,0,0,8,0,2,0,2,0,0,10,1,1,0,4,0,5,2,16,0,2,0,2,0,21,0,0,1,0,0,0,0,0,0,0,10,0,0,0,0,36,2,1,2,8,1,0,0,6,4,0,0,12,0,0,1,0,0,0,49,0,0,0,0,7,0,1,0,0,4,3,3,36,6,0,0,11,0,4,0,3,0,0,6,1,0,4,1,0,0,0,0,5,0,1,0,1,1,0,0,0,0,3,0,0,3,0,0,3,2,1,0,23,0,2,4,0,0,1,1,0,7,3,0,6,1,3,0,0,2,0,0,1,4,0,1,8,0,0,0,2,12,2,0,2,0,0,2,2,0,2,0,0,0,0,0,1,4,0,4,0,1,1,0,2,2,0,0,4,1,0,0,2,0,1,0,0,4,0,0,0,11,2,0,1,0,0,1,0,2,0,0,0,0,2,0,0,0,1,0,2,0,2,0,2,0,3,1,0,0,0,0,0,1,1
4,1,0,3,0,1,0,9,2,24,1,3,0,2,0,23,0,0,0,3,2,0,1,0,0,0,4,2,0,0,2,2,3,1,0,0,1,1,1,0,0,0,0,0,6,10,0,1,0,27,2,4,1,2,1,0,2,5,0,4,0,3,0,1,2,1,1,0,0,2,1,0,0,0,1,0,15,4,2,0,0,1,17,0,0,5,0,1,0,7,0,2,0,0,0,2,4,2,1,0,0,8,0,3,0,2,1,2,1,2,36,3,2,63,10,5,1,6,1,0,0,2,2,1,5,2,0,4,0,0,0,0,0,1,2,0,1,0,0,0,2,2,0,1,0,2,20,1,1,2,0,16,0,12,2,0,2,7,1,1,0,0,0,2,0,5,1,6,6,0,4,3,6,2,4,1,9,0,1,0,0,1,5,1,1,1,0,1,3,1,1,5,4,1,1,0,0,3,2,3,2,0,1,0,0,0,0,0,0,0,0,0,2,1,5,3,4,0,3,0,0,1,0,0,0,1,3,2,2,0,1,0,0,1,0,2,1,1,1,0,1,2,0,1,0,2,2,4,1,1,0,1,1,2,2,1
3,2,0,2,0,4,0,3,1,21,1,3,1,6,0,22,0,1,0,4,1,3,2,0,0,1,1,0,0,0,3,0,4,0,0,1,14,1,1,0,1,1,0,0,0,2,0,3,0,0,0,8,1,0,0,5,2,1,0,0,0,3,0,1,1,1,1,1,6,0,0,0,0,0,2,0,17,0,1,0,0,2,7,0,1,7,0,0,0,2,0,0,0,28,0,2,0,0,1,4,0,0,0,0,0,3,0,1,0,2,3,0,0,28,31,4,0,4,2,0,0,2,0,3,3,0,1,4,0,0,1,0,0,4,1,1,0,1,1,0,1,0,1,3,1,1,24,2,0,7,2,2,7,19,4,4,1,0,1,29,0,0,2,2,1,10,1,1,6,0,1,1,1,0,3,1,2,1,1,0,1,1,8,2,0,3,0,2,4,11,1,1,4,3,1,0,0,6,2,2,3,0,0,0,0,2,2,0,1,0,0,2,20,4,0,0,1,0,13,3,0,0,0,1,0,1,2,0,0,1,0,0,0,1,1,3,1,0,0,1,1,1,0,1,0,1,0,6,1,0,0,0,1,2,2,0
4,0,1,0,2,0,1,0,7,40,0,0,0,0,0,3,1,0,0,13,0,0,0,1,4,0,1,0,6,0,1,1,0,1,2,0,2,0,0,2,1,1,0,0,7,1,0,0,2,0,0,3,1,0,1,0,0,3,2,2,0,2,1,2,2,2,0,1,2,0,0,0,0,0,1,1,20,0,0,0,0,14,6,0,2,1,2,0,4,4,2,0,3,7,0,0,1,0,0,0,0,0,0,4,3,3,0,1,0,0,19,0,0,57,19,2,6,3,0,5,2,6,1,1,2,2,0,2,0,0,0,0,0,4,0,3,1,0,2,0,0,3,1,5,0,1,19,0,1,3,3,13,0,14,0,1,1,4,0,3,1,1,0,2,0,2,1,3,1,0,2,0,1,5,2,2,0,0,0,0,0,4,9,2,0,0,0,0,2,10,0,2,2,0,0,0,0,2,0,1,2,0,0,1,1,0,1,0,4,0,0,1,5,1,1,0,2,0,3,2,0,0,7,2,0,4,0,1,4,2,2,0,0,1,1,3,0,1,0,5,0,2,0,2,0,16,2,0,1,0,1,0,0,0,3,2
2,0,1,2,2,6,0,6,1,25,0,4,1,1,0,9,0,0,1,2,1,1,1,1,0,0,1,0,1,0,1,1,6,3,0,0,5,0,0,0,0,0,0,0,1,1,0,2,0,0,1,9,0,0,0,3,0,4,0,0,0,4,0,4,1,2,0,0,1,1,0,0,1,1,0,0,12,1,0,1,0,7,1,1,2,7,0,0,5,3,0,1,0,11,1,2,0,0,1,23,0,1,1,0,1,11,1,0,0,0,1,2,5,38,41,0,2,7,0,0,0,3,0,2,5,2,4,2,0,1,0,1,0,3,0,1,1,3,2,0,0,3,1,4,0,1,16,0,0,10,5,3,0,20,3,1,1,1,0,18,0,0,1,3,0,7,0,2,8,0,2,0,0,0,1,0,1,0,0,0,2,2,5,2,0,1,0,0,6,13,0,2,5,1,3,2,0,9,0,5,4,0,0,0,4,0,1,0,1,0,2,0,10,3,0,0,2,2,14,0,1,0,2,1,0,4,1,1,2,1,0,0,0,0,0,2,0,0,0,0,1,2,1,2,0,2,0,4,2,0,0,4,0,0,3,2
4,0,1,6,3,3,2,4,1,36,3,0,0,0,0,12,1,0,0,2,0,1,1,2,1,0,1,2,0,1,2,2,11,0,0,1,1,1,0,0,0,0,2,1,2,0,1,3,1,1,1,4,0,0,0,2,1,2,0,4,1,3,0,2,1,1,1,0,0,3,0,1,0,0,2,0,19,1,0,0,0,3,2,0,1,5,0,0,1,6,0,0,0,4,1,0,2,1,1,1,1,0,3,1,4,10,0,4,0,0,26,1,5,40,9,2,0,15,4,1,0,3,1,2,1,1,0,4,7,2,2,0,0,7,1,0,0,0,0,1,0,3,2,3,1,2,38,0,0,5,4,9,0,30,0,0,6,9,0,1,1,0,3,2,1,9,3,1,1,1,1,1,2,0,2,0,5,0,1,0,1,1,2,1,0,2,0,0,3,2,0,1,4,0,0,4,0,0,2,0,6,0,1,0,1,9,2,1,0,8,0,1,17,4,0,2,1,4,0,2,0,2,7,3,0,2,0,0,5,0,3,0,0,0,0,1,1,0,0,1,0,1,0,1,0,1,2,1,1,0,0,0,2,0,2,0
0,0,2,2,0,2,2,5,2,25,2,0,1,3,0,21,0,0,3,1,5,7,0,4,1,1,2,0,1,3,1,5,2,1,0,1,2,2,1,0,0,2,1,1,1,5,2,3,0,0,2,6,0,1,1,4,1,5,0,1,0,1,2,1,4,0,1,0,0,0,2,0,0,1,0,0,36,0,0,1,0,2,6,1,0,3,0,0,2,4,1,1,0,1,1,1,3,2,0,0,1,0,4,1,1,1,0,2,1,1,23,2,5,39,12,1,2,7,0,0,0,2,0,3,0,2,0,0,2,1,2,0,0,2,1,0,0,0,2,1,2,0,2,0,0,2,35,0,0,8,0,4,1,13,3,0,0,3,1,2,0,0,2,2,0,6,3,2,5,2,2,3,3,1,6,3,1,0,1,0,5,2,2,2,0,0,0,0,2,0,4,2,5,4,4,2,1,5,1,3,2,4,0,0,0,2,1,0,2,0,0,1,6,0,3,3,1,0,1,1,0,1,4,2,0,2,0,0,4,1,3,0,1,0,1,1,2,0,0,3,3,8,0,2,0,2,0,0,1,1,1,0,2,0,4,2
5,0,0,1,4,3,1,0,4,43,1,0,0,0,0,21,1,1,0,0,0,34,0,3,0,0,0,0,1,0,1,2,1,1,0,0,7,0,0,0,0,3,0,2,3,0,1,2,1,0,0,7,0,2,1,0,0,4,1,2,1,1,0,2,1,3,2,0,1,0,0,0,1,2,3,0,11,3,1,0,0,9,7,0,1,5,0,1,0,2,0,0,6,7,0,0,1,0,0,0,0,0,1,3,4,8,0,1,1,5,2,1,1,33,13,0,0,1,7,0,1,4,1,2,2,1,0,5,0,2,1,0,0,0,10,1,0,0,0,0,1,1,12,7,8,2,16,0,0,0,0,2,0,28,1,3,0,9,0,1,0,0,1,3,0,8,2,0,6,0,1,1,0,0,8,1,7,0,0,0,1,2,7,1,0,4,1,0,1,1,0,1,1,0,1,1,0,1,1,2,4,0,1,5,0,6,3,0,0,1,0,0,9,3,0,0,6,0,1,3,1,1,1,0,0,2,1,0,2,0,1,2,0,0,0,1,0,0,0,0,0,1,0,1,0,1,0,0,1,0,0,0,0,0,1,0
0,0,0,0,0,2,2,6,1,39,0,4,0,0,0,17,1,1,1,4,2,1,1,0,1,0,1,0,0,0,3,0,12,0,0,0,9,0,0,0,0,1,0,3,2,1,1,1,0,0,0,7,1,0,0,6,0,2,1,0,0,2,0,2,0,2,0,0,3,0,0,0,0,0,1,0,13,3,1,2,0,10,1,0,1,7,0,1,0,4,0,1,0,7,0,0,2,5,0,4,0,0,0,0,0,17,0,5,0,0,0,0,2,2,15,1,0,4,0,1,0,4,0,2,1,1,3,3,2,5,2,0,0,5,4,0,1,1,0,0,0,2,0,3,1,1,18,0,0,4,7,1,1,30,0,5,1,0,3,7,0,0,0,0,0,7,3,2,1,0,2,0,0,0,6,0,6,0,2,0,0,2,12,2,0,2,0,0,2,3,0,7,7,1,0,0,0,1,5,3,3,0,0,0,0,3,2,0,0,1,2,1,13,0,0,1,4,1,4,1,0,0,6,3,0,6,1,0,3,1,4,1,0,1,0,3,1,1,0,2,0,2,0,2,0,2,0,8,2,0,0,0,1,1,2,0
0,0,4,4,1,4,0,0,1,46,1,0,0,2,3,18,4,2,1,3,1,0,0,2,0,0,1,0,0,0,0,1,2,0,1,2,1,2,6,4,5,4,1,0,9,0,2,1,1,0,0,9,1,3,0,5,5,3,2,0,1,12,2,4,3,0,4,0,0,1,0,2,1,1,1,0,30,4,3,0,1,8,6,2,1,3,0,1,1,3,0,2,0,2,0,3,1,2,1,1,0,2,0,0,0,8,1,0,0,2,2,3,0,12,3,0,8,2,2,0,4,0,1,6,2,1,0,1,0,0,0,0,0,2,2,1,0,1,0,0,0,0,4,0,1,0,9,0,1,4,5,1,0,19,0,2,0,0,1,0,1,0,0,2,0,7,8,1,0,0,5,1,1,1,19,2,3,2,1,0,1,2,6,3,0,2,0,0,5,4,2,3,5,0,1,4,0,2,2,2,1,0,0,0,0,3,1,0,4,0,0,1,3,0,1,1,1,1,2,0,1,4,1,2,0,2,3,0,2,3,4,0,0,1,0,1,0,1,0,1,0,2,0,2,0,2,1,7,0,1,0,3,2,0,1,0
0,4,0,0,0,1,0,0,1,50,1,0,1,3,0,3,0,0,0,0,4,7,0,3,0,0,2,2,0,2,0,4,1,0,1,2,0,0,5,2,9,10,0,0,2,1,2,0,4,2,1,9,0,2,0,0,2,2,0,2,2,22,2,1,1,1,2,0,1,0,0,3,1,0,0,0,2,1,3,6,0,4,0,1,0,2,0,0,4,3,1,6,0,4,1,1,0,1,0,1,8,0,3,0,0,14,0,0,0,0,0,7,0,11,9,1,0,1,1,2,0,1,0,19,0,0,1,2,0,0,8,1,0,2,1,2,1,1,4,13,0,0,0,1,0,0,3,1,0,2,0,6,2,3,0,1,0,0,1,1,1,0,5,1,1,4,0,1,3,0,1,1,1,0,1,2,0,7,2,1,0,4,2,6,0,0,0,5,8,1,9,1,2,9,3,1,1,4,5,3,2,3,0,1,0,0,4,0,2,0,0,2,3,0,1,0,0,0,1,0,0,5,4,0,1,15,1,2,7,0,3,0,2,0,0,1,1,2,0,3,2,1,0,1,0,1,1,0,1,0,0,7,0,0,1,1
13,0,0,1,1,1,0,0,0,47,1,0,0,0,0,7,2,0,0,3,1,1,0,6,1,0,0,1,0,0,1,0,1,0,0,6,1,2,0,0,0,1,0,0,3,1,0,4,0,8,2,3,1,1,0,0,1,3,0,0,0,4,6,1,1,1,1,0,1,0,0,0,3,0,1,0,3,1,1,0,0,1,0,0,0,4,0,0,0,1,0,0,0,0,1,1,1,0,0,24,0,0,0,2,3,4,1,2,5,0,3,0,0,40,36,0,0,0,1,1,3,1,1,2,0,1,2,3,0,1,1,4,0,5,1,0,0,1,17,2,2,4,0,0,4,0,22,0,0,8,3,4,1,8,0,1,0,2,0,0,0,0,0,0,0,5,0,5,3,0,2,1,1,0,1,0,1,3,1,2,0,2,1,1,0,0,0,0,5,3,0,4,3,4,0,8,0,4,1,0,2,0,0,0,1,1,0,0,0,0,1,2,28,1,0,0,1,0,11,0,2,1,1,1,0,1,1,0,4,0,0,2,0,3,0,1,1,0,1,0,2,1,1,1,0,2,0,5,1,0,0,0,1,0,2,0
0,0,0,1,1,4,1,5,2,42,2,2,0,0,2,7,1,2,0,1,1,1,4,1,7,2,4,0,2,0,1,5,11,0,0,0,6,1,0,0,0,1,0,0,0,5,1,1,0,0,0,4,0,2,1,1,0,1,3,7,0,1,0,1,0,1,1,0,0,2,0,0,0,0,1,0,17,0,0,0,0,7,1,1,0,4,1,0,0,5,0,0,2,5,0,1,0,0,0,1,0,0,1,0,1,8,0,6,0,0,21,1,3,54,17,2,3,8,3,0,1,2,1,0,1,0,0,3,3,0,7,0,0,11,1,1,0,0,12,0,5,0,1,1,0,3,21,0,2,7,1,1,0,23,0,1,0,15,0,0,0,1,0,3,0,6,0,3,3,0,1,2,1,0,0,1,0,4,1,1,3,1,1,1,0,1,0,0,1,1,5,2,8,2,0,0,0,6,0,3,3,0,0,0,0,1,0,0,0,0,0,0,19,4,0,0,4,1,0,0,3,0,2,1,0,2,2,3,7,2,0,0,2,1,0,1,2,1,0,1,0,1,0,1,0,12,0,0,1,0,0,3,1,0,3,4
0,3,1,0,0,3,0,0,2,10,1,3,1,1,0,2,2,0,0,0,0,9,0,3,3,1,2,3,1,0,0,1,1,1,4,2,1,1,1,1,7,13,3,0,1,0,2,0,0,0,0,3,2,2,0,0,14,1,0,5,0,6,1,1,2,1,1,0,1,0,0,3,0,0,0,8,6,0,0,0,1,4,0,1,0,1,0,0,4,8,0,3,1,0,0,1,0,2,1,0,0,0,1,0,0,7,0,0,0,0,15,4,0,27,11,0,0,0,1,1,0,2,4,7,2,0,0,8,0,0,0,2,0,1,4,0,3,0,1,2,0,0,0,0,0,0,5,1,0,2,1,3,0,10,0,3,0,0,1,2,0,2,0,1,0,14,1,6,5,1,9,1,1,2,5,3,0,2,1,1,1,6,0,3,2,0,1,1,10,5,0,2,2,9,5,4,1,3,9,3,4,0,0,0,2,0,1,0,0,0,0,0,0,0,1,1,0,1,1,0,0,4,4,0,5,4,5,1,1,2,0,0,2,1,0,1,2,1,2,1,0,2,0,1,0,5,1,1,4,0,1,1,0,0,0,6
8,1,0,0,0,2,1,0,23,50,3,0,1,1,1,2,2,0,0,0,0,0,1,0,0,0,0,0,0,0,0,1,1,0,0,0,1,1,0,0,7,1,0,0,13,0,0,3,2,3,0,2,0,0,0,0,0,5,0,3,0,1,1,1,1,1,1,0,0,2,0,0,0,0,2,1,1,0,1,0,0,1,0,0,0,1,0,0,2,2,0,1,0,3,1,1,0,0,0,0,0,0,0,6,1,7,0,1,2,0,4,3,0,55,13,0,0,1,4,6,0,3,0,0,0,1,0,2,1,0,0,1,0,0,6,0,0,0,9,13,0,5,0,5,9,0,28,0,0,3,1,3,0,5,1,3,0,2,0,4,1,1,2,0,0,1,0,3,3,1,1,1,1,0,2,0,1,0,1,0,0,1,2,1,0,0,0,0,1,1,0,1,2,0,1,0,0,9,1,3,4,0,0,1,0,1,0,1,2,11,0,0,34,0,0,0,0,0,2,2,4,0,0,0,0,0,0,0,1,0,0,1,0,6,0,1,1,1,0,1,1,1,0,1,0,4,0,1,1,0,0,5,0,0,9,1
0,5,1,1,0,4,5,0,6,33,1,0,4,1,0,1,0,0,0,0,4,4,0,1,1,0,0,0,0,0,3,2,0,0,0,2,3,0,11,0,4,7,1,0,3,7,1,1,1,0,0,2,0,1,0,0,22,1,0,3,2,34,0,4,1,2,1,0,3,0,0,0,2,1,0,0,6,0,3,1,0,3,4,0,0,1,0,0,1,5,0,3,1,0,0,3,0,1,0,22,0,0,6,4,0,1,0,0,0,0,8,2,0,35,6,0,0,4,1,1,0,3,0,13,0,0,0,0,0,0,0,2,0,2,2,11,0,1,3,6,0,2,2,0,0,0,14,0,0,4,0,2,0,6,0,2,7,1,2,2,0,0,0,0,3,5,4,4,2,0,3,0,1,0,1,1,0,0,6,0,0,2,1,3,0,4,0,0,8,3,1,2,4,5,4,0,1,3,4,1,0,1,0,5,0,0,0,0,1,0,1,0,5,0,0,0,1,1,0,0,1,2,1,0,3,0,0,0,3,1,0,1,0,0,0,1,0,0,0,2,0,3,0,1,0,0,0,5,0,0,0,5,0,0,0,2
1,0,3,2,3,2,1,0,1,50,1,1,0,0,0,3,11,1,0,0,2,1,2,0,1,0,0,0,4,0,0,10,1,0,0,0,2,2,0,0,0,1,0,0,1,2,0,1,0,0,6,3,0,0,0,0,0,4,1,0,0,3,0,1,1,1,2,2,4,1,0,0,0,1,5,3,4,1,3,0,0,34,4,0,2,0,0,1,0,3,7,4,0,15,2,4,1,0,0,1,2,2,4,2,4,10,1,0,0,0,4,1,1,51,14,0,0,0,0,0,0,6,1,1,2,3,2,6,0,0,1,0,0,0,0,2,0,1,0,1,1,0,0,0,0,0,6,0,0,4,2,3,0,9,0,0,1,0,0,2,0,0,11,0,0,4,1,5,3,6,2,2,1,1,2,0,1,8,1,1,2,1,14,2,0,0,0,3,2,9,0,1,1,0,0,0,0,0,2,1,3,0,1,0,1,2,1,0,0,0,1,0,2,1,0,0,1,0,6,0,0,1,1,0,0,1,0,0,0,0,0,0,1,1,1,1,2,0,1,2,0,1,0,1,0,1,0,2,2,0,0,0,1,0,0,2
2,0,1,4,0,1,3,0,3,33,1,1,0,0,0,2,1,0,0,1,0,0,1,0,0,0,1,0,1,0,1,0,2,0,0,0,1,1,0,0,0,0,0,1,2,1,1,1,2,7,3,5,0,0,0,0,1,3,1,11,1,1,1,1,1,2,9,0,13,0,0,0,0,1,1,0,7,2,2,0,1,2,2,1,2,2,0,0,0,2,0,0,21,8,0,3,2,0,0,1,0,2,2,1,3,6,0,1,0,0,19,2,0,57,13,0,0,4,3,0,0,2,0,1,1,1,0,8,0,0,6,0,0,2,0,2,3,1,0,0,24,2,0,2,0,1,5,0,1,2,2,19,0,11,4,0,2,8,0,13,0,0,1,0,0,3,1,5,2,0,2,2,4,0,13,1,1,0,1,0,0,1,1,1,0,0,0,1,1,3,2,7,3,0,1,0,0,1,2,1,2,1,0,0,0,2,2,1,0,2,0,0,1,1,0,0,1,1,1,2,0,0,1,2,0,0,1,0,3,2,1,0,0,3,0,2,1,0,0,2,0,3,0,4,0,2,1,2,1,1,0,8,1,0,0,0
14,0,0,1,0,2,0,0,22,45,2,0,0,0,0,8,3,0,0,10,1,0,0,0,2,0,0,1,9,0,3,1,6,0,0,0,3,2,0,1,5,0,0,0,2,4,0,1,1,6,0,9,0,1,0,0,4,2,1,12,2,1,0,2,2,4,4,0,4,0,0,3,1,0,5,0,13,0,2,0,1,3,1,0,1,3,0,0,0,2,1,0,0,12,0,1,1,0,0,1,0,0,0,1,0,5,0,0,0,0,19,10,2,38,1,0,0,5,1,0,1,3,2,1,3,0,3,2,4,0,0,0,0,2,3,4,0,0,0,1,2,1,2,1,0,1,6,0,1,0,0,5,1,9,0,0,0,0,0,0,0,0,0,4,0,9,3,4,0,1,1,1,3,2,8,1,1,7,1,1,1,1,9,1,0,1,0,0,1,5,0,6,3,0,0,0,1,1,1,0,4,0,0,0,0,0,1,0,0,0,0,1,2,2,0,0,0,0,0,0,0,0,2,1,0,2,0,0,1,0,2,0,1,0,0,1,1,0,1,1,0,1,1,1,0,1,0,0,1,0,0,3,0,0,1,0
0,11,0,1,0,4,1,1,11,14,1,0,6,1,0,13,1,1,0,0,6,1,0,4,0,0,2,8,3,0,5,2,1,0,1,3,3,3,1,1,3,3,0,0,0,12,3,0,2,0,0,3,1,2,0,1,1,2,0,3,2,4,1,2,2,3,1,0,1,0,0,2,0,0,3,4,6,0,8,2,1,2,2,5,3,0,1,0,0,5,1,6,1,0,2,1,0,0,0,0,0,0,4,0,9,2,0,0,0,1,17,0,2,32,9,1,0,5,1,0,0,1,0,18,1,2,3,5,0,0,4,0,0,2,1,1,4,0,2,7,0,0,0,0,0,0,1,1,0,1,0,1,1,2,0,0,0,0,0,2,0,5,0,0,0,2,1,6,5,0,1,1,1,2,0,7,0,0,5,0,3,3,0,6,0,2,0,0,8,0,1,3,4,3,9,1,0,1,16,0,0,0,0,0,0,1,0,0,3,0,0,1,0,1,0,2,0,2,0,1,0,3,1,1,4,4,1,1,1,1,0,1,1,1,1,1,2,1,0,3,2,2,0,2,0,0,0,0,3,2,0,9,2,0,0,3
1,0,1,2,2,2,6,0,0,48,2,0,0,0,0,2,1,3,0,0,0,32,2,0,0,0,1,0,0,0,3,3,1,0,0,0,1,2,0,0,0,0,1,0,3,2,0,2,1,1,1,5,0,0,0,2,1,2,0,8,0,1,0,1,1,1,1,0,0,0,0,0,0,0,1,0,2,1,1,4,0,1,2,0,0,6,0,0,1,1,0,2,0,1,0,0,1,1,0,10,0,2,0,0,4,13,0,1,0,4,16,0,0,53,16,0,0,4,1,0,0,5,2,1,1,2,0,4,0,0,9,0,0,4,2,1,0,0,0,0,0,0,0,4,2,4,27,0,0,2,5,4,1,7,0,0,3,1,0,0,0,0,0,0,0,3,1,6,3,0,2,1,1,0,1,0,0,0,1,0,0,1,4,1,0,0,0,0,4,8,1,1,1,0,2,0,0,2,1,3,3,0,0,0,7,0,1,0,0,0,0,1,17,0,0,0,0,1,0,2,9,1,2,0,0,0,1,0,4,1,0,2,0,4,0,2,1,1,1,1,0,1,0,1,0,1,0,11,3,0,0,2,1,0,1,0
6,3,4,0,1,0,1,0,0,0,2,0,1,4,0,0,0,0,7,1,0,1,1,0,0,2,0,0,1,4,5,2,1,1,3,0,0,3,1,0,12,0,0,1,4,4,1,2,0,0,3,0,4,21,0,0,4,0,0,0,8,1,0,10,1,0,1,0,1,0,0,9,2,2,3,0,0,9,0,3,0,1,0,1,3,0,0,1,0,1,0,0,0,1,0,1,19,0,1,6,0,1,1,1,0,0,1,0,0,1,0,0,1,16,1,0,0,4,1,17,2,2,1,1,1,0,0,2,0,0,0,0,0,5,0,2,3,0,0,0,0,1,0,0,0,2,1,1,0,0,0,0,0,0,5,3,1,0,0,0,0,1,0,0,0,2,2,2,6,0,0,1,1,0,0,0,2,0,1,0,0,1,0,11,0,6,4,1,1,0,1,1,0,9,0,2,19,0,0,4,1,1,45,39,0,0,0,0,0,1,0,0,1,0,0,1,0,1,1,0,3,0,20,0,0,0,2,0,0,8,0,0,0,0,1,0,7,0,0,1,0,2,10,0,1,1,0,0,0,0,0,0,0,1,4,0
4,2,0,3,4,2,1,0,3,40,2,3,0,0,0,12,9,0,0,0,0,1,0,1,0,0,0,1,0,0,0,0,2,0,0,2,11,1,1,0,0,1,0,1,1,2,0,1,0,15,0,5,1,0,0,0,0,4,0,18,1,1,0,1,1,2,1,0,1,1,0,0,0,0,0,0,19,2,1,0,2,19,1,0,3,4,0,1,1,4,2,3,0,4,1,1,2,4,0,0,0,4,0,0,1,2,0,1,0,0,20,3,4,48,10,1,0,16,2,0,0,2,0,1,5,3,0,3,0,0,6,0,0,2,0,2,0,0,0,0,2,0,0,6,2,0,11,0,0,0,1,5,0,11,0,0,1,0,0,1,0,0,3,0,0,5,3,5,3,3,1,2,1,1,12,1,1,0,1,0,0,1,2,1,0,0,0,0,2,6,1,2,1,4,0,0,0,4,1,2,3,0,0,0,0,0,0,0,0,0,0,0,7,1,0,0,0,0,0,2,1,0,2,1,0,1,4,0,1,2,2,0,0,0,0,1,1,0,0,2,0,2,0,1,0,1,0,0,1,0,0,0,0,0,1,1
0,0,0,2,1,1,1,0,7,49,0,2,2,3,0,3,1,1,0,0,2,2,0,2,1,0,0,0,0,0,5,0,0,0,0,0,1,0,1,0,0,1,2,0,2,0,0,0,0,1,2,5,0,0,1,0,0,1,0,3,0,2,0,2,1,2,0,1,3,1,0,0,0,0,1,0,5,2,1,0,0,0,4,0,0,3,0,6,0,3,0,0,1,0,0,0,4,1,0,4,0,0,0,0,1,7,0,1,0,0,12,6,0,40,19,2,1,5,2,0,0,8,1,0,1,4,0,3,0,1,3,0,0,3,1,1,0,0,0,12,0,0,0,6,0,1,30,0,1,4,0,6,0,8,1,1,3,1,0,9,1,0,0,1,0,5,7,12,2,1,2,0,0,1,5,1,0,7,0,0,0,4,8,2,1,1,0,1,6,4,1,5,4,0,0,3,0,1,0,0,2,0,0,0,0,1,0,0,0,0,0,0,4,1,2,0,1,0,5,0,0,1,1,0,0,0,0,0,5,1,1,0,0,2,0,2,0,0,0,0,0,2,0,2,0,1,0,1,1,0,0,0,0,0,0,1
1,2,0,2,2,6,0,3,3,47,1,1,0,0,0,14,0,1,1,0,1,1,1,3,7,1,0,0,0,3,5,1,5,0,0,0,8,1,0,0,1,0,0,1,0,8,2,1,1,1,0,7,4,1,0,2,0,9,1,19,0,1,0,1,1,1,1,0,1,1,2,1,0,0,0,0,18,0,1,0,2,14,2,1,0,4,0,1,8,6,0,2,0,5,1,2,0,5,2,4,0,0,0,0,2,9,0,0,0,0,19,1,2,35,8,0,0,9,2,0,0,2,0,1,2,1,1,3,4,0,0,0,0,6,0,0,0,0,0,0,1,0,2,4,1,3,13,0,0,6,2,7,0,28,0,0,3,0,0,0,0,0,2,4,0,10,0,6,2,0,2,1,1,1,1,0,1,1,1,0,1,1,4,1,0,1,0,0,1,1,1,1,2,1,1,1,0,4,2,0,4,0,0,1,0,2,1,0,3,1,0,0,1,0,0,0,3,0,3,0,0,1,2,2,0,3,0,0,5,0,1,1,0,0,0,3,2,0,0,1,0,1,0,1,0,1,0,4,1,0,0,0,2,1,1,0
0,9,0,1,0,6,0,1,8,0,3,0,7,1,0,1,0,1,0,0,0,0,0,13,3,2,1,9,2,0,13,5,2,0,1,1,1,3,5,0,5,15,0,0,0,8,2,2,5,0,0,0,2,2,0,0,6,0,1,1,0,6,2,1,2,1,2,0,0,0,1,3,0,1,0,3,1,0,10,2,6,6,0,0,0,1,0,1,2,3,0,6,0,0,1,1,1,0,0,0,0,3,2,1,1,0,1,0,0,0,2,0,0,0,0,0,0,8,0,0,1,0,0,22,1,1,0,10,0,0,0,0,0,1,3,2,2,1,1,4,0,0,1,0,0,0,0,4,0,0,0,4,0,0,0,0,0,0,5,0,0,0,0,0,1,2,6,9,5,0,2,2,3,0,9,4,0,0,3,0,1,0,0,2,0,0,0,3,6,0,0,0,1,10,13,3,0,4,17,7,0,2,1,0,1,0,1,0,3,0,2,1,0,4,1,1,0,0,1,2,2,8,8,0,3,4,2,1,1,2,6,1,0,0,0,0,2,0,0,3,4,0,0,1,0,1,0,0,5,0,0,0,0,0,0,9
4,0,1,3,1,1,0,0,1,35,1,1,0,0,0,16,0,0,0,3,2,6,1,0,0,0,1,0,0,0,0,0,3,0,0,0,12,1,0,0,0,0,0,0,3,0,1,1,1,1,2,5,0,0,0,2,0,1,0,4,1,1,1,1,0,1,2,0,0,1,1,0,0,0,1,0,18,0,0,0,1,1,5,0,1,5,0,1,1,2,0,0,0,3,1,0,3,2,0,1,0,1,0,2,2,0,0,2,0,1,22,5,9,32,7,0,1,13,0,0,2,3,2,0,3,1,2,2,1,1,0,0,0,1,2,1,0,0,0,0,0,1,0,5,1,0,37,0,1,2,4,6,0,21,1,0,1,3,0,1,0,0,1,1,0,5,0,0,2,2,1,1,9,1,6,0,5,0,1,0,4,1,9,2,0,1,0,0,4,3,3,1,1,2,0,0,0,3,0,4,3,0,0,1,0,0,1,1,0,0,0,0,11,2,2,0,1,1,0,3,0,0,1,1,0,1,1,0,2,0,1,0,1,0,0,1,1,0,0,1,0,1,0,1,0,1,0,1,1,0,0,0,1,0,1,0
0,5,0,2,2,3,1,2,2,35,3,0,0,2,0,2,0,5,0,0,0,0,0,9,5,0,1,0,0,3,1,3,3,0,0,1,0,1,11,0,1,0,0,0,2,0,1,2,0,2,0,1,1,0,0,0,4,2,8,5,0,3,1,1,3,0,2,0,0,3,0,0,1,4,7,0,1,0,1,0,2,3,2,2,0,1,0,0,2,3,0,4,9,0,1,2,3,1,1,0,0,0,0,2,47,6,5,0,0,0,2,1,2,32,4,1,0,1,3,0,0,2,0,4,1,1,0,1,0,0,3,0,0,10,2,1,5,0,2,1,3,2,0,1,1,4,5,0,0,3,0,2,0,12,0,0,3,0,2,0,0,1,1,4,0,5,0,6,4,0,1,2,3,0,2,5,0,1,2,4,0,4,2,6,0,4,0,2,7,2,9,3,3,3,4,1,0,3,1,0,5,3,0,7,1,5,2,1,0,0,0,0,2,1,0,0,2,0,0,1,1,3,1,2,0,1,1,0,8,0,2,1,0,0,2,2,1,0,1,2,0,2,1,2,0,0,0,1,0,1,1,14,4,0,1,1
1,1,1,0,0,6,5,0,2,32,3,3,0,0,0,2,0,0,0,0,0,0,0,1,1,0,2,1,0,1,2,0,4,1,0,0,0,1,0,0,0,1,1,1,4,6,1,1,0,41,2,3,0,0,0,0,1,2,0,6,0,1,1,3,3,2,8,0,1,1,0,0,16,0,0,1,9,2,0,0,0,8,13,0,0,2,0,0,0,2,3,0,0,2,0,2,0,2,2,0,4,10,0,5,4,0,0,7,0,0,12,0,0,55,22,0,10,1,1,0,1,1,3,0,1,3,1,4,0,0,0,0,0,0,4,1,0,0,0,1,2,0,0,2,0,1,9,0,1,1,1,6,1,13,0,0,2,6,0,10,0,0,2,0,0,3,1,7,3,3,1,1,2,0,1,1,2,0,1,1,2,1,8,1,0,0,0,1,1,1,0,1,1,0,1,0,0,1,1,3,2,0,0,0,2,0,1,0,0,0,0,0,1,0,1,0,2,1,5,1,0,0,1,0,0,1,0,2,8,0,1,0,2,1,0,2,1,0,2,0,0,2,0,1,0,1,0,1,2,0,1,0,1,0,0,0
0,0,0,1,0,2,2,5,3,20,1,3,1,0,0,16,1,2,0,0,1,0,0,2,0,0,4,0,2,0,1,1,15,0,0,14,1,1,1,0,0,0,0,0,0,2,1,2,1,0,0,6,0,1,0,3,4,3,1,3,0,1,0,2,1,1,1,0,1,1,0,0,0,0,0,0,27,1,15,1,0,1,0,0,1,0,1,2,0,6,0,0,0,0,0,2,0,2,1,1,0,1,1,0,0,4,0,2,0,0,27,1,8,29,4,0,1,10,1,1,0,2,0,1,2,0,1,3,0,1,1,1,3,5,1,0,0,0,1,0,1,1,0,2,0,2,12,0,0,2,1,7,0,20,2,0,2,12,0,0,0,0,2,5,0,9,0,10,4,0,2,1,4,0,5,2,7,0,1,0,2,1,4,1,0,4,0,1,2,1,3,1,1,0,0,1,0,1,2,1,3,0,0,0,1,1,1,0,1,3,0,0,1,1,0,0,2,0,0,1,0,0,6,2,0,2,0,1,1,0,0,0,0,0,1,1,1,0,0,2,0,1,0,1,0,1,0,0,1,0,0,0,1,0,1,0
2,1,0,1,1,2,0,0,0,28,1,0,0,3,0,7,0,4,0,0,0,3,8,1,0,1,0,0,0,0,3,4,1,0,1,1,2,2,1,0,0,0,0,0,1,0,0,1,0,0,0,1,0,0,0,0,1,1,1,10,0,2,1,1,1,2,1,0,4,0,1,0,0,0,0,0,13,0,1,0,0,23,4,0,0,2,1,0,5,3,3,1,0,9,0,0,1,0,0,2,0,0,0,1,2,17,0,0,0,1,8,1,0,41,10,0,0,6,1,0,0,6,0,0,1,3,0,2,1,0,0,0,0,3,0,1,0,0,0,0,7,0,1,1,0,1,5,0,1,5,0,2,0,4,0,0,0,8,0,4,0,0,23,1,2,4,1,8,7,5,1,5,5,0,8,0,2,4,7,0,0,3,0,1,1,0,0,1,2,6,1,1,3,0,0,0,10,2,0,0,1,0,0,0,0,2,1,1,0,0,1,3,2,0,5,0,0,0,1,1,0,1,1,1,0,0,1,4,1,0,1,1,0,3,1,1,3,4,1,0,0,1,0,3,0,6,0,0,1,0,0,0,1,1,0,0
0,8,0,3,0,4,1,3,9,40,2,0,3,2,2,8,2,0,1,0,4,14,0,1,1,0,1,7,0,0,2,4,1,0,0,1,3,2,5,0,5,8,0,0,2,16,2,2,0,1,0,3,0,1,0,0,19,1,1,3,1,25,1,2,1,0,2,1,6,0,0,0,1,0,1,0,10,0,4,0,2,3,0,3,1,1,0,0,2,1,0,4,0,4,0,1,0,1,0,0,0,0,1,0,0,2,0,0,0,0,12,1,2,13,5,1,0,2,1,0,0,0,0,9,1,3,0,0,0,0,0,3,0,2,1,3,1,0,1,0,0,2,0,0,0,2,2,2,0,0,0,3,0,7,0,0,0,12,3,2,0,0,1,1,5,4,4,4,3,0,0,2,3,0,3,2,1,3,2,0,0,1,3,1,1,0,0,5,2,1,3,2,8,5,14,1,12,4,11,3,4,3,1,0,0,0,4,0,0,1,0,1,10,0,0,0,0,1,0,3,0,0,0,0,1,1,1,0,1,1,0,0,0,3,0,0,1,0,0,2,1,1,0,0,0,0,1,0,0,0,0,0,1,0,1,2
0,14,2,0,0,4,0,1,0,1,2,0,0,1,0,2,0,10,2,0,0,4,0,1,4,0,3,1,4,0,0,2,3,1,0,1,0,3,18,0,8,8,2,0,1,0,0,2,0,0,0,1,1,0,0,0,41,0,0,0,1,23,1,0,2,2,5,2,2,0,2,0,0,6,4,1,3,0,0,1,0,5,1,4,0,0,0,2,1,4,0,1,0,0,2,2,0,3,1,1,4,0,0,0,0,2,1,0,0,0,4,0,0,1,4,0,0,0,3,1,0,1,0,31,0,2,0,3,0,0,1,1,0,1,1,4,0,0,4,11,0,0,1,0,0,0,1,1,0,0,0,2,0,1,0,1,0,0,2,1,1,0,0,0,0,7,0,3,3,0,6,2,3,1,6,0,1,1,3,1,1,2,10,1,0,0,0,21,13,0,8,0,0,4,9,1,0,0,1,3,1,0,0,0,0,0,3,0,2,0,0,5,3,0,0,0,0,0,0,5,0,4,0,0,2,8,1,3,0,0,0,0,0,2,0,1,3,1,1,8,0,0,0,0,0,0,0,0,4,0,1,4,2,0,0,0
0,0,0,2,1,4,0,2,11,47,1,0,0,1,0,4,1,0,0,0,3,1,2,3,1,7,0,0,0,1,6,0,1,0,0,0,2,1,2,1,0,1,0,0,1,0,0,1,0,2,1,1,0,0,0,0,1,4,0,7,0,3,0,1,1,1,1,0,0,0,1,2,0,0,1,1,3,1,0,0,0,5,0,0,0,2,0,0,0,1,1,1,2,2,1,2,3,2,0,4,0,0,0,3,2,20,0,1,0,0,15,1,0,52,12,1,1,0,7,6,2,2,0,3,0,2,0,4,0,1,1,0,0,4,0,0,0,0,0,6,1,0,1,1,3,2,25,0,0,8,6,3,0,9,0,0,0,3,1,4,0,0,0,0,0,2,0,2,5,1,1,2,1,0,0,1,1,0,1,0,0,2,0,1,0,0,0,0,3,1,0,2,5,0,0,1,0,5,1,0,1,0,0,1,0,0,2,1,0,0,0,0,29,1,0,0,1,1,2,0,0,0,1,0,0,1,3,0,9,0,16,1,0,0,0,1,1,0,0,0,0,1,0,1,0,1,0,2,1,0,0,0,1,0,0,0
0,3,2,2,0,3,0,2,3,36,0,0,2,0,0,1,0,0,0,0,7,4,0,2,1,0,7,0,1,0,1,3,1,0,2,1,2,1,8,3,5,3,0,0,1,11,0,0,3,0,1,3,0,0,0,0,8,1,0,5,1,5,0,2,1,1,1,1,1,0,1,1,0,2,2,0,4,0,2,2,2,2,6,2,2,5,1,0,4,5,0,2,0,0,0,5,3,3,1,4,0,0,7,1,1,9,0,0,0,2,6,10,1,52,8,0,0,0,1,2,0,1,0,5,0,3,0,3,0,0,1,1,0,3,1,2,1,0,6,3,0,3,0,0,0,0,22,1,0,6,2,1,0,5,0,0,0,0,1,1,0,0,0,2,0,7,2,2,7,2,5,2,4,0,0,0,1,1,2,2,3,4,0,2,1,0,0,0,12,3,0,2,4,6,2,0,0,2,1,0,2,3,0,0,1,0,2,0,0,0,0,0,13,0,0,0,0,0,3,0,0,2,1,1,0,1,1,2,4,2,0,1,0,0,0,1,0,0,0,2,0,2,0,2,1,22,0,0,1,0,0,2,0,0,5,1
0,3,1,0,0,4,0,4,6,1,1,1,9,1,0,1,0,0,0,0,4,2,1,2,0,3,16,7,0,0,2,1,3,1,0,5,1,1,11,0,6,19,0,0,1,1,4,1,0,0,0,1,0,0,0,0,8,0,0,0,0,5,3,1,1,1,2,0,1,0,1,0,0,1,3,1,3,2,9,6,1,8,3,5,0,1,0,1,1,3,1,6,0,0,0,1,1,11,0,0,0,0,7,0,1,0,0,0,1,2,0,0,0,0,0,0,0,6,1,0,0,1,0,25,0,0,0,6,0,0,1,0,0,3,0,6,0,0,1,3,0,1,1,0,0,0,1,3,0,0,0,2,1,2,0,0,0,1,1,0,0,7,0,2,9,3,5,4,5,0,10,3,2,0,7,9,0,0,1,0,2,7,0,3,3,1,0,1,15,0,0,3,0,10,6,0,0,3,8,7,0,1,1,3,0,0,7,0,2,0,4,1,1,3,2,1,1,2,1,2,0,7,5,0,3,4,2,5,1,0,2,0,1,1,0,1,1,1,1,1,2,1,0,1,0,1,0,0,2,0,0,0,0,0,0,0
0,2,0,0,0,1,0,0,2,0,2,0,5,2,0,2,1,0,1,0,2,2,0,0,1,3,0,2,0,0,2,1,2,0,6,7,0,5,14,9,10,10,0,0,0,0,0,3,2,1,0,3,2,0,0,0,33,0,0,0,8,25,8,0,2,0,4,0,1,0,5,0,1,0,3,0,0,0,3,0,1,2,0,3,0,0,0,3,1,2,0,1,1,0,0,4,1,10,0,0,0,0,8,0,0,0,3,0,0,0,1,0,0,1,0,7,0,9,3,1,0,2,0,41,0,0,0,8,0,0,0,1,0,3,1,3,2,1,1,8,2,0,0,0,0,0,0,3,0,0,0,1,2,1,0,1,1,0,1,0,0,0,0,0,1,2,1,3,4,0,5,2,3,0,3,4,0,0,6,0,1,0,0,0,1,1,1,6,27,0,0,2,0,3,15,0,0,2,9,5,2,1,0,0,0,0,4,0,1,0,0,3,10,1,0,1,0,1,0,3,0,2,1,0,2,1,0,0,0,3,0,0,0,1,0,0,3,0,1,2,2,0,0,0,0,0,1,0,0,1,0,6,0,0,0,1
1,6,0,2,0,2,0,1,1,35,2,0,0,1,0,20,5,0,0,0,0,0,9,1,0,0,0,0,0,0,2,2,4,0,1,0,1,1,2,1,0,0,1,0,4,6,2,2,0,1,0,4,1,0,0,0,1,3,1,13,0,3,0,1,1,1,1,0,0,1,3,0,0,0,0,0,27,1,3,1,3,17,4,0,1,1,0,2,3,5,3,1,6,0,0,0,1,0,1,2,0,1,0,2,1,5,0,1,0,0,15,4,3,35,14,0,0,9,0,0,0,1,1,0,1,2,0,7,2,0,0,1,0,4,2,0,0,0,0,0,0,1,0,1,3,3,7,0,0,1,3,2,1,14,1,0,2,0,0,2,0,0,1,2,0,7,5,4,3,1,2,1,5,0,5,0,1,0,3,0,0,1,2,1,3,2,0,1,1,5,0,1,3,0,2,0,0,2,1,1,11,0,0,0,0,3,0,0,0,1,0,1,1,0,7,0,1,0,2,4,0,0,1,0,1,1,4,1,2,0,2,3,0,0,0,1,1,0,0,3,0,3,0,1,0,1,0,1,1,0,0,0,0,2,1,1
0,2,0,0,0,0,3,0,1,0,2,0,4,0,0,1,0,0,0,0,2,0,0,2,3,0,0,18,4,0,1,3,1,1,0,3,0,1,12,0,12,14,0,1,0,8,2,5,2,3,0,1,0,0,0,0,46,0,0,1,1,32,0,3,1,0,1,0,0,0,1,0,1,0,2,0,1,1,7,0,0,1,2,4,1,0,0,1,1,2,0,1,0,0,0,1,0,0,0,0,0,0,2,0,5,0,3,0,0,0,0,1,2,0,0,0,0,1,1,0,0,0,0,8,0,0,0,7,0,0,0,0,0,3,1,4,2,0,1,0,0,1,0,0,0,2,0,2,0,0,0,0,0,1,0,1,0,0,0,0,0,0,0,1,1,2,0,1,5,0,0,2,1,0,3,1,0,2,1,0,2,4,0,2,0,1,0,6,8,0,0,1,0,1,18,0,43,3,6,6,1,2,2,2,0,1,20,0,1,1,0,0,18,0,0,0,2,0,2,1,0,1,1,0,0,0,0,2,0,9,0,0,2,3,0,0,2,0,0,1,1,0,1,0,0,0,0,5,1,0,0,21,0,0,0,0
2,0,0,1,0,1,2,2,0,36,1,0,0,0,1,12,0,2,0,1,0,0,2,0,3,1,1,0,3,0,0,1,6,0,0,0,4,1,1,0,1,2,1,0,1,2,1,2,3,3,0,4,1,0,0,4,4,4,0,15,0,1,1,3,2,1,1,0,3,1,0,0,1,0,2,0,14,0,4,2,1,4,2,0,0,1,0,0,0,3,0,2,0,0,1,1,0,1,0,1,2,0,2,2,1,7,0,1,1,0,22,5,5,32,17,1,0,10,2,1,1,7,0,0,0,3,1,3,0,1,0,0,0,10,0,0,3,0,0,0,0,0,0,5,0,1,15,0,0,1,1,10,0,12,0,0,6,1,0,0,0,0,8,0,2,4,0,7,2,0,2,1,3,2,11,2,1,4,2,3,0,2,1,1,2,1,0,1,4,1,5,2,1,2,2,0,0,3,1,2,3,4,1,0,2,2,0,1,0,6,5,1,5,2,4,1,0,0,1,3,0,0,7,3,0,4,0,1,1,3,0,0,0,3,0,1,1,2,0,3,0,1,0,1,0,1,0,0,2,0,0,3,2,0,2,0
0,14,0,1,0,0,0,1,3,0,2,0,4,0,0,2,0,0,0,0,2,15,0,13,1,0,2,2,0,0,4,1,2,0,5,3,1,2,10,1,7,8,1,0,0,2,1,2,5,0,0,2,0,0,0,0,4,0,0,0,1,14,2,0,4,2,4,0,2,0,1,1,0,2,1,3,7,0,3,0,0,5,0,2,0,1,0,1,4,6,0,5,0,0,5,4,0,4,2,0,0,2,6,2,0,1,0,0,0,0,2,3,0,0,0,6,0,0,1,1,0,0,0,40,1,0,0,5,0,0,0,1,0,3,4,2,1,2,3,6,0,0,0,0,0,0,0,1,0,0,3,1,0,2,0,0,0,0,4,0,0,1,0,0,0,3,0,4,4,0,10,2,2,0,8,5,0,0,3,1,11,3,0,1,1,0,0,0,10,1,23,1,1,10,8,2,0,1,4,1,1,4,0,6,0,0,0,0,0,4,0,1,0,1,1,0,1,0,0,0,1,8,3,0,0,0,1,3,0,0,3,0,0,2,0,0,3,0,0,1,0,1,1,0,0,3,0,2,7,0,0,1,1,0,1,2
0,1,0,4,0,4,1,2,0,24,1,0,1,2,0,7,2,0,2,1,7,0,1,3,2,1,0,0,0,2,3,2,6,0,1,0,0,1,1,0,0,0,0,0,1,1,1,1,0,0,4,3,1,1,0,0,2,7,1,0,0,3,1,1,2,2,1,0,2,0,1,3,2,0,3,0,13,1,0,0,5,16,0,0,2,6,0,0,1,2,2,0,0,2,1,1,0,0,0,1,0,4,0,1,1,14,0,0,0,1,1,2,3,31,24,0,0,7,1,0,0,4,1,3,3,1,2,4,0,0,0,1,0,15,3,0,0,1,1,0,0,0,2,3,0,0,0,0,3,3,6,0,2,15,0,2,0,2,0,4,0,0,0,0,0,6,1,0,3,2,1,2,1,0,6,2,3,0,1,0,0,1,17,1,2,4,2,0,4,12,0,3,1,0,0,0,0,0,0,0,6,0,0,0,0,0,4,0,2,0,0,0,1,0,0,1,3,3,10,1,0,0,2,1,0,2,1,0,7,0,1,0,0,2,1,1,1,0,0,1,0,1,0,1,0,2,0,1,0,0,0,1,6,5,1,2
0,4,6,0,0,9,0,1,3,30,3,0,2,1,3,6,0,0,4,0,0,0,0,5,2,1,0,1,5,0,2,1,1,0,0,3,0,1,10,0,10,4,0,0,0,1,0,6,4,0,0,1,0,2,0,0,15,3,1,0,7,8,2,1,2,1,2,0,2,0,3,6,2,0,2,2,2,0,0,1,0,4,0,2,0,1,0,0,4,5,1,1,1,1,1,3,2,6,1,0,1,1,5,0,1,2,2,0,0,0,4,1,0,0,8,2,0,1,21,0,0,0,0,11,0,1,4,1,0,0,0,1,0,3,0,0,0,0,2,1,0,0,0,5,0,0,5,1,0,2,0,2,0,9,0,1,0,0,2,10,0,5,0,0,1,5,0,8,5,1,1,3,2,4,2,2,0,0,2,9,1,1,0,3,1,0,0,1,5,0,1,2,0,12,5,2,0,4,14,1,0,1,0,0,0,0,2,0,8,2,2,2,15,0,0,1,2,2,0,2,0,4,2,0,0,1,1,1,0,1,1,0,1,0,2,0,2,0,2,1,1,0,0,0,0,3,0,2,1,0,0,2,1,0,1,3
2,1,0,1,2,3,6,1,0,4,5,0,0,1,0,2,0,0,0,0,0,0,0,0,0,0,0,0,2,6,2,9,0,3,0,0,2,3,0,1,0,0,1,2,5,4,0,2,0,1,8,1,2,1,0,0,0,3,0,0,22,1,0,2,0,1,0,0,1,0,0,2,6,0,0,1,14,9,0,4,0,0,1,0,3,2,0,1,0,1,0,0,0,1,1,0,5,4,0,4,0,0,0,0,0,0,6,3,0,0,1,0,1,6,1,0,1,1,0,4,15,1,0,0,5,2,2,0,0,0,4,0,0,0,1,3,3,0,0,1,0,2,0,0,2,3,2,0,0,0,0,0,0,1,0,1,0,0,0,2,0,1,0,2,0,1,0,1,11,1,2,0,0,1,0,0,1,0,0,0,0,3,1,1,0,21,2,4,1,0,0,1,2,0,0,0,10,0,0,2,2,1,45,28,1,0,0,0,0,1,0,0,10,0,1,1,0,5,3,0,2,0,7,29,4,0,0,0,0,0,0,2,1,0,4,2,7,1,0,0,0,1,0,1,2,1,0,0,3,0,0,0,0,0,0,0
0,17,0,1,4,2,0,0,0,1,1,0,0,1,0,1,1,0,0,0,0,0,0,1,0,0,0,0,4,0,0,1,1,0,0,7,0,2,2,0,2,12,1,0,1,0,0,1,1,0,0,2,0,3,0,0,1,0,3,0,2,7,0,1,2,1,1,0,0,0,0,13,1,1,4,27,0,0,2,0,2,18,0,1,0,1,0,0,8,3,1,14,1,1,1,1,0,6,0,0,0,1,2,0,3,1,3,1,0,0,4,6,0,0,0,0,1,6,0,0,0,1,0,23,0,0,2,9,0,0,1,0,0,1,0,1,2,2,2,0,0,0,0,1,0,0,0,0,0,0,1,7,0,0,0,0,0,0,2,0,0,7,0,0,0,2,0,5,5,0,3,1,2,0,6,6,0,8,1,3,0,2,0,2,2,0,0,0,3,0,0,4,0,23,9,0,0,3,9,1,6,0,3,0,0,1,2,0,14,0,7,0,3,0,0,0,0,1,0,0,0,8,2,0,0,0,1,1,0,0,0,1,0,0,0,1,1,0,1,1,1,1,0,1,0,1,1,0,2,0,0,0,0,8,0,3
0,0,0,1,0,1,1,0,25,45,1,0,0,1,1,3,1,0,0,2,0,0,0,1,0,0,0,3,0,0,1,1,0,0,0,1,1,0,0,1,1,0,0,0,2,1,0,0,0,7,0,3,1,0,0,0,0,1,2,3,0,3,0,2,2,6,1,0,1,0,0,0,1,0,0,1,3,0,5,0,0,5,0,1,1,4,0,0,3,2,0,0,1,3,0,0,2,0,0,1,0,0,0,2,0,3,0,2,1,7,1,1,0,37,24,0,0,0,1,0,4,3,0,0,1,0,0,3,0,2,4,0,0,6,0,0,1,0,3,1,0,4,0,0,0,1,25,0,1,4,0,8,0,9,0,0,0,1,0,3,0,0,4,2,1,4,2,10,3,0,2,0,1,1,1,0,0,4,0,1,0,2,2,3,0,0,0,1,5,5,0,2,3,4,1,0,1,5,0,0,3,0,0,0,0,3,0,0,0,4,0,0,4,0,0,0,7,1,1,1,0,1,2,0,0,0,2,0,0,0,3,3,1,3,0,1,0,0,0,1,0,2,0,1,0,16,0,8,1,1,0,0,1,0,0,0
0,4,1,0,0,1,0,0,0,2,1,2,6,1,0,1,0,2,0,0,2,2,0,5,0,0,3,5,1,0,2,1,2,1,4,3,0,1,5,1,7,12,0,0,0,1,1,2,1,0,0,1,0,0,0,2,1,0,3,0,2,13,0,1,2,6,1,1,2,1,0,1,0,0,2,0,5,0,4,0,0,5,0,2,0,3,0,1,4,4,0,5,0,0,1,1,1,3,2,0,1,0,6,2,0,0,1,1,0,0,1,0,1,0,3,1,0,5,1,0,0,1,5,36,4,0,0,9,0,0,0,2,0,1,1,1,5,2,3,7,0,0,1,0,0,0,2,1,0,0,0,2,1,1,0,1,0,0,4,4,0,5,0,1,1,2,3,3,2,0,6,1,1,0,5,2,0,2,3,0,1,9,0,3,1,1,0,25,30,0,12,1,0,6,3,1,2,2,10,2,0,0,1,0,1,0,4,0,0,2,3,0,1,1,4,0,0,0,0,0,0,6,6,0,0,0,0,4,0,0,1,0,0,0,0,1,2,0,0,1,0,1,0,1,0,6,0,0,1,0,0,0,0,0,1,6
0,2,0,2,0,4,0,0,2,32,0,0,1,0,0,4,0,0,0,1,3,0,0,2,3,1,3,0,3,0,0,1,1,0,1,2,3,0,0,0,2,1,0,0,0,2,0,1,3,0,0,6,0,1,1,0,2,4,1,5,0,6,1,2,1,2,2,0,1,0,0,0,0,0,0,0,6,1,2,2,0,4,1,4,1,2,0,0,0,3,1,2,1,6,0,2,0,0,0,0,5,1,2,1,0,4,0,0,0,0,0,3,2,45,16,0,0,1,0,0,0,2,0,12,0,0,2,2,0,0,0,0,0,4,0,1,0,1,2,3,0,0,1,0,0,0,12,0,0,7,4,3,0,7,0,0,0,0,2,9,0,0,5,1,0,7,1,1,8,0,3,1,1,0,3,2,0,13,1,0,0,2,6,2,0,0,0,0,2,4,0,2,1,1,1,2,1,2,8,3,3,0,1,0,0,0,2,0,3,2,1,5,3,0,6,1,1,4,6,0,1,3,2,0,0,7,1,1,4,3,6,1,4,1,0,2,0,0,3,8,0,2,1,3,0,1,2,0,2,0,12,4,0,8,0,1
0,3,1,0,0,4,0,0,3,0,1,0,7,0,0,1,0,0,1,0,19,0,0,0,3,0,3,4,4,0,0,1,1,0,0,0,1,2,11,0,16,8,0,1,0,0,1,3,1,0,0,5,0,2,0,0,9,0,0,0,2,3,2,1,1,1,1,0,1,1,2,5,2,0,0,0,0,0,4,0,2,1,0,0,1,0,0,0,2,1,0,2,0,0,0,2,0,2,0,3,0,4,1,0,0,0,1,0,0,0,3,2,1,4,0,0,0,11,0,0,0,1,0,16,0,1,0,17,0,0,0,0,0,1,1,1,4,1,1,0,0,0,0,0,0,0,3,3,0,0,0,2,0,1,0,0,0,0,0,0,1,1,2,0,1,2,6,10,2,0,1,1,4,6,7,6,0,1,3,0,0,1,0,9,0,0,0,0,16,0,18,1,1,2,17,1,0,4,29,7,0,0,0,0,5,3,1,0,8,0,0,0,6,0,0,1,1,1,1,0,0,5,3,0,7,0,2,0,2,2,0,0,0,1,1,1,2,0,1,1,0,1,1,1,1,5,0,3,1,1,0,7,0,1,1,4
0,10,3,0,0,3,0,2,16,0,3,0,0,1,0,3,0,0,0,0,1,0,1,4,5,0,0,0,6,0,3,6,2,0,0,4,0,2,8,9,4,12,0,0,0,25,1,3,3,1,0,0,1,0,0,2,22,0,0,0,0,13,1,1,2,1,2,0,0,0,0,0,0,0,0,0,0,0,1,0,0,4,0,2,2,1,0,0,2,0,0,1,0,1,0,2,3,1,0,0,0,0,2,0,0,3,0,0,0,0,0,14,0,0,2,1,0,0,1,2,0,0,0,35,0,1,0,7,0,0,2,5,0,2,1,3,0,2,5,6,6,1,0,0,0,0,0,2,0,0,0,1,1,1,0,1,0,0,1,1,0,1,0,1,2,6,1,7,4,0,2,3,2,3,7,3,0,1,3,6,0,3,0,2,3,1,0,0,7,0,2,2,3,26,11,0,1,2,4,1,1,0,0,0,0,0,1,0,1,0,0,2,1,0,4,1,2,0,1,0,0,7,2,1,0,0,0,4,1,2,0,0,0,2,0,1,3,0,0,1,1,0,2,0,1,0,0,7,3,0,0,15,1,1,0,0
0,17,1,0,0,1,4,1,10,3,1,2,11,1,0,1,1,0,0,0,2,4,0,9,0,0,2,15,1,0,2,8,1,0,0,6,0,1,3,0,6,15,0,0,0,11,2,2,0,1,0,1,0,0,0,0,1,0,0,1,0,10,2,1,1,14,1,0,1,0,0,0,0,1,0,1,0,0,2,0,0,4,0,6,0,1,0,0,6,1,0,10,0,0,0,1,0,2,1,0,0,0,7,3,0,0,0,6,0,0,1,1,0,3,0,0,0,9,1,2,0,1,0,37,0,1,4,2,1,0,0,2,0,1,0,2,0,0,1,5,0,0,0,0,0,0,0,1,0,1,5,1,0,0,0,0,0,0,3,0,0,0,0,2,1,2,0,3,3,0,2,1,1,0,3,0,0,0,2,0,0,1,0,1,1,0,0,0,5,0,0,2,2,7,17,2,2,2,9,4,0,2,0,0,0,0,9,0,1,0,1,1,4,1,1,1,2,3,1,1,0,1,3,0,3,11,2,1,1,0,0,0,0,1,1,1,1,0,0,10,7,2,0,1,1,1,0,0,1,0,2,10,0,1,0,0
2,0,0,1,1,3,3,0,1,24,1,0,0,1,0,5,0,0,0,0,0,0,2,3,0,0,0,0,0,0,2,0,1,0,0,0,0,1,0,0,0,0,0,0,0,0,0,1,0,0,2,1,1,0,0,0,0,1,0,3,0,2,0,2,1,3,1,0,1,0,0,0,2,0,0,0,3,0,1,0,0,1,3,0,1,1,0,0,0,2,0,1,0,4,0,1,2,0,0,19,0,0,0,4,1,13,0,1,0,0,7,0,1,43,22,2,2,0,0,5,1,9,0,0,1,0,0,1,1,0,1,0,0,4,2,0,0,2,30,0,1,1,0,3,0,1,37,0,2,14,1,1,1,6,0,2,2,0,0,2,0,0,1,0,0,4,0,1,4,0,2,2,1,0,1,1,1,0,1,0,0,1,0,1,2,0,0,0,4,6,0,2,5,1,0,0,0,2,0,0,2,0,0,0,0,0,0,0,0,0,0,4,23,1,1,0,0,0,5,0,1,1,1,0,0,2,1,0,5,0,1,0,0,1,1,1,1,0,0,1,1,2,0,2,0,2,0,4,1,0,8,0,1,0,1,0
0,1,0,3,0,0,0,0,4,4,0,0,2,3,1,9,0,0,0,0,1,0,0,1,0,0,6,0,0,0,0,3,2,0,0,1,15,0,1,2,1,5,0,0,0,6,3,0,1,0,0,5,0,3,0,5,2,3,1,0,0,2,2,2,1,1,1,0,1,1,1,1,1,0,2,1,10,0,0,1,0,2,0,2,3,1,0,0,2,1,2,2,1,2,0,3,1,1,3,0,0,0,4,1,0,12,0,1,0,4,14,0,1,17,3,5,0,6,1,2,0,1,1,11,0,0,7,2,0,1,2,2,1,3,1,0,0,0,2,0,0,6,0,2,2,1,3,2,0,2,0,2,0,16,2,2,0,0,0,0,0,0,1,0,1,5,0,2,8,0,2,2,1,2,1,1,0,0,1,0,0,1,0,2,2,1,1,0,3,1,0,2,3,6,2,1,0,5,3,1,3,0,0,1,0,1,4,0,8,0,0,0,3,0,2,1,4,1,0,0,1,2,3,0,2,2,2,7,3,0,2,1,0,0,0,0,0,5,0,1,0,2,0,1,0,22,0,3,0,0,0,4,0,0,9,2
0,2,0,1,0,2,0,1,1,34,2,0,1,1,0,11,0,1,1,0,1,0,0,1,0,4,2,0,0,0,1,2,3,0,0,0,17,1,2,2,1,5,0,1,0,4,0,3,1,2,5,7,1,0,0,1,0,4,4,3,0,3,4,1,3,0,1,0,1,0,0,0,1,0,0,1,11,0,1,0,2,2,2,0,1,1,0,0,1,1,0,0,0,2,1,0,1,1,1,0,0,0,1,1,0,5,0,1,1,0,6,0,3,16,14,0,0,10,4,0,0,2,0,0,0,1,1,0,0,3,0,0,1,2,0,1,1,0,3,5,0,17,2,2,2,1,35,1,0,6,1,10,0,8,1,1,0,1,2,1,0,1,1,5,1,1,2,3,2,0,3,2,1,2,5,2,2,1,3,0,3,2,1,2,0,2,0,1,5,3,4,4,2,2,5,4,0,3,0,0,3,1,0,1,0,0,1,1,4,3,0,0,4,0,1,0,0,0,4,1,1,2,1,1,2,1,3,0,4,0,1,0,0,1,1,1,2,0,1,3,1,2,0,1,0,2,0,1,0,0,0,8,1,0,4,3
0,14,3,2,0,4,0,0,5,2,2,0,7,0,0,3,1,0,2,0,2,5,1,3,2,1,9,0,2,1,0,2,2,0,0,3,1,2,7,0,2,5,2,0,0,0,0,2,8,0,0,2,0,5,0,0,11,0,0,0,0,13,2,0,2,0,3,0,2,2,2,3,0,1,0,1,1,2,3,4,0,3,0,4,1,0,0,1,0,0,0,4,0,0,1,1,0,4,0,12,2,1,10,0,0,1,1,0,0,1,1,1,0,0,4,0,0,5,0,7,0,0,0,33,0,0,0,8,0,0,1,0,0,3,0,2,1,1,1,7,0,0,0,0,0,0,0,4,0,0,0,1,1,0,0,0,0,0,2,0,0,0,0,0,1,3,1,5,4,0,3,2,3,0,7,0,1,0,4,0,0,0,0,5,1,0,0,0,5,0,0,0,1,6,12,0,0,2,12,2,2,0,1,0,0,0,0,0,2,0,3,3,0,0,0,14,0,2,0,0,1,11,3,0,3,14,1,1,2,5,2,0,0,1,1,0,3,0,2,13,0,0,0,0,0,0,3,0,4,0,0,10,1,0,0,4
1,0,0,1,0,1,0,0,2,38,0,5,0,3,0,6,1,2,0,1,2,0,2,4,0,1,0,27,1,0,0,0,2,0,0,0,4,0,0,0,0,0,0,0,11,1,0,0,0,26,0,5,0,0,0,0,0,2,1,2,1,2,1,2,0,2,0,0,0,0,1,0,0,0,5,0,6,1,0,0,0,6,3,0,0,8,0,0,2,3,0,1,0,6,1,0,0,0,0,1,2,0,2,0,2,10,0,2,0,0,12,1,2,32,13,0,0,7,1,0,0,3,0,0,3,0,0,2,0,0,0,0,0,2,0,0,0,0,0,0,0,0,1,2,0,0,9,0,0,4,1,3,2,10,0,1,1,13,0,0,0,1,0,2,0,4,0,4,1,1,2,0,2,0,5,0,15,0,0,0,0,2,10,2,0,1,0,0,4,2,0,2,2,0,0,0,0,0,0,0,1,0,0,0,0,4,0,0,0,0,0,0,0,1,0,0,1,0,0,1,0,0,2,1,0,1,0,0,4,3,6,0,0,1,0,2,0,0,3,0,0,2,0,2,0,3,0,11,1,0,0,0,0,0,1,4
0,12,3,0,0,3,0,0,16,0,4,0,4,2,0,2,0,0,0,0,6,0,0,3,1,2,0,0,4,1,0,7,3,1,0,0,0,2,10,6,11,22,0,1,0,23,1,2,5,0,0,5,5,3,0,4,4,0,1,0,3,23,0,0,2,0,2,0,0,0,0,0,0,0,1,0,0,0,1,0,1,2,0,1,1,0,0,0,1,0,1,1,0,0,0,2,1,0,0,0,0,3,9,0,0,0,1,0,0,0,0,0,0,0,3,0,0,6,0,1,0,0,0,9,0,0,0,7,0,0,0,1,0,2,0,1,0,0,5,6,0,0,0,0,0,0,1,4,0,0,0,2,0,0,1,0,0,0,2,0,2,0,0,1,1,2,1,11,6,0,3,3,2,5,7,7,4,2,5,1,0,0,1,3,1,1,0,0,19,0,1,1,0,15,19,3,0,3,15,3,1,1,0,0,0,0,5,1,7,0,0,0,1,0,0,0,2,1,0,1,0,1,1,1,5,0,2,2,2,2,1,0,0,0,0,0,2,1,0,2,1,0,1,0,0,0,0,5,3,0,0,2,0,0,0,8
0,0,39,1,4,5,2,0,23,53,0,1,0,0,4,4,0,0,0,2,0,36,1,3,0,0,0,3,0,0,3,0,2,0,0,0,0,0,0,0,0,0,0,0,1,0,0,1,0,1,1,4,1,0,0,1,1,2,0,11,0,2,0,2,0,2,1,0,0,1,0,0,0,0,1,0,4,2,0,1,0,4,0,0,3,1,0,1,0,3,0,1,5,3,3,0,0,0,0,2,0,0,0,1,2,7,0,1,0,0,11,2,5,46,8,0,0,3,0,0,1,3,0,0,2,0,0,2,0,0,0,0,0,3,0,0,1,0,0,0,1,8,0,3,0,1,17,1,0,7,0,5,0,9,0,1,5,6,0,2,1,0,0,1,0,4,2,5,4,1,4,0,2,0,0,0,2,0,0,0,0,2,1,2,0,0,0,0,2,3,0,4,2,0,0,0,0,4,1,0,4,0,0,0,0,0,0,0,0,0,0,0,7,0,0,0,0,0,0,0,0,0,1,1,0,0,0,0,5,0,1,1,0,0,0,3,0,0,0,1,0,2,0,2,0,2,0,12,1,0,0,0,0,0,6,0
2,2,2,2,1,5,0,0,3,43,2,0,0,0,0,8,4,0,0,1,1,0,0,4,1,0,1,0,0,3,1,0,1,0,0,0,0,1,0,0,0,0,0,0,0,1,0,1,0,1,0,3,0,1,0,0,1,1,0,1,1,1,1,1,0,5,1,0,1,0,0,2,0,7,2,0,1,2,0,0,0,1,4,0,0,0,0,0,0,1,0,1,0,0,1,1,0,0,0,34,0,2,0,1,0,2,0,1,0,0,5,3,2,43,10,0,0,2,1,0,0,1,2,4,1,1,0,2,10,0,0,0,0,1,0,4,2,3,3,4,1,0,0,3,0,0,13,0,0,0,3,9,1,15,0,0,0,8,0,0,0,0,3,2,0,7,1,6,3,0,1,1,1,0,6,1,4,3,2,0,0,1,0,1,0,1,0,0,3,2,1,2,0,0,2,0,0,2,0,3,4,1,0,0,0,0,1,0,0,0,0,0,2,1,1,0,1,0,3,2,0,0,0,0,0,1,0,0,6,0,0,1,3,0,0,1,1,0,0,1,0,3,1,4,0,1,1,0,2,0,0,4,3,0,3,0
0,2,0,2,1,3,3,0,1,28,1,0,0,0,0,1,1,4,1,0,1,0,1,6,0,0,0,0,2,3,0,2,1,0,0,0,1,1,1,0,0,0,5,0,7,0,0,1,0,0,1,2,1,0,0,1,1,2,1,1,0,2,1,1,1,1,1,0,2,0,0,0,0,0,1,0,2,1,0,3,1,8,7,0,2,2,0,0,1,1,2,2,0,5,1,0,0,0,0,0,0,0,1,2,1,4,0,0,0,0,3,2,0,32,18,1,1,0,1,0,0,2,0,2,2,3,1,2,0,0,0,0,0,1,3,1,0,7,0,0,0,0,0,0,0,0,11,0,5,2,1,25,0,5,0,0,2,36,1,4,0,0,0,0,0,3,0,3,1,3,1,6,3,1,1,0,8,0,2,0,0,1,5,1,0,2,0,0,2,3,1,1,0,2,1,10,0,1,1,0,4,1,0,0,0,2,1,0,0,0,0,1,2,0,0,0,1,1,2,1,0,0,1,1,3,0,6,0,8,0,5,1,1,0,1,1,1,0,0,1,0,2,1,1,0,2,9,22,1,3,0,1,0,0,0,1
1,0,18,0,0,4,0,4,1,41,1,8,0,0,2,10,1,2,0,1,5,27,3,1,1,0,3,0,4,0,2,0,4,0,0,0,4,1,0,0,0,0,0,5,0,2,1,1,0,0,1,8,2,1,0,0,0,2,4,7,1,1,1,1,1,1,1,0,0,0,1,0,1,0,0,0,6,1,0,2,0,4,0,0,0,2,0,0,0,2,0,2,0,0,0,5,2,0,4,3,0,0,0,2,0,5,0,1,0,0,13,4,3,39,8,0,0,9,2,0,0,2,0,0,1,0,4,6,0,0,0,0,0,6,2,1,0,0,0,0,1,0,0,4,0,1,13,0,0,3,1,2,2,11,0,0,1,0,0,1,0,2,0,1,2,5,1,3,2,1,2,1,2,0,4,0,1,0,2,0,1,1,0,1,0,1,0,0,3,12,4,3,3,1,2,0,0,4,2,1,4,0,0,0,0,1,1,0,0,0,0,3,6,0,0,0,1,0,2,0,0,1,1,1,0,3,2,1,7,0,6,0,0,1,1,2,2,0,3,1,0,1,0,1,0,1,0,2,1,0,0,1,0,0,6,0
2,0,0,2,3,0,3,1,5,3,7,1,0,0,2,0,1,0,0,1,0,5,1,0,4,0,1,0,1,1,4,3,0,1,0,2,1,2,1,3,0,0,1,1,2,3,1,0,0,0,5,1,0,0,0,1,0,0,3,2,4,1,0,2,0,1,0,0,2,0,1,27,3,0,4,5,0,2,0,8,0,0,0,0,0,4,0,1,3,1,0,0,0,1,1,0,6,1,3,1,0,0,1,0,2,4,1,1,0,1,1,0,0,3,1,0,0,3,1,0,4,1,0,7,5,1,2,4,0,0,3,0,0,1,0,1,0,0,0,1,0,0,1,0,0,1,2,0,1,0,0,0,0,0,0,0,0,0,0,0,3,0,0,1,0,1,1,0,26,0,6,0,0,1,0,0,0,0,0,1,0,3,0,1,0,21,11,13,1,0,4,1,1,0,1,1,6,0,1,3,1,0,34,28,1,5,0,0,0,0,0,0,3,1,0,0,0,5,1,2,0,0,10,0,1,0,0,0,0,0,0,0,1,0,13,1,9,1,0,1,0,2,0,1,3,1,1,0,1,1,0,1,0,1,1,0
3,6,0,2,1,2,0,0,1,44,1,0,0,0,0,7,11,0,0,0,2,1,1,10,0,0,2,0,0,0,0,0,1,0,0,0,1,1,0,3,0,2,1,1,1,0,1,1,0,0,1,1,0,0,0,0,1,1,1,2,0,1,0,1,2,2,3,0,2,0,0,0,0,4,0,0,9,5,1,0,0,1,0,0,0,2,0,0,0,2,1,1,0,3,0,0,2,0,1,0,0,3,0,3,1,1,0,0,0,0,27,0,0,48,11,0,0,2,2,0,0,1,0,0,0,5,0,3,0,0,1,0,0,0,1,0,0,1,13,0,4,0,1,0,0,0,40,0,1,3,1,13,0,15,0,0,0,2,0,2,0,0,0,0,0,4,0,2,1,0,1,1,2,0,6,0,0,0,1,0,0,1,2,3,0,0,0,0,3,1,0,2,4,2,1,0,1,3,0,2,2,0,0,2,0,0,1,0,0,0,0,2,18,0,0,0,3,0,3,2,4,3,2,0,1,0,0,1,5,0,0,2,0,0,0,2,1,0,0,1,0,1,0,2,0,1,0,2,2,0,0,0,1,0,0,3
0,18,0,0,0,0,0,1,2,2,1,0,2,1,0,3,0,0,0,0,0,9,0,0,0,0,15,6,1,0,2,1,1,0,0,3,1,1,3,0,5,5,0,1,0,1,1,1,5,0,0,1,0,1,0,0,11,0,1,0,0,10,4,1,2,2,1,1,0,0,0,0,0,0,8,2,5,2,1,3,7,2,4,2,1,2,0,3,0,4,0,9,1,2,1,3,0,0,0,3,0,1,4,0,5,0,1,0,0,0,2,0,2,2,0,1,0,0,4,0,0,1,0,23,0,1,0,5,0,0,0,2,0,1,0,1,1,2,1,9,0,1,0,0,0,0,1,0,0,1,0,3,0,1,0,0,0,0,5,0,1,0,0,0,0,2,1,3,4,0,9,1,1,0,3,3,0,0,3,4,4,1,0,2,0,0,0,0,5,0,13,4,2,7,5,1,0,1,3,3,0,0,0,0,0,0,0,0,4,0,0,0,3,0,0,0,1,1,1,1,1,5,0,0,0,4,0,3,5,5,0,0,0,5,0,1,1,0,0,3,1,1,0,2,0,12,0,12,1,0,0,4,0,0,0,4
0,9,0,0,0,3,0,13,11,0,2,0,3,1,0,1,0,0,1,0,9,0,0,3,1,1,13,5,3,1,1,2,2,0,4,6,0,2,1,1,4,8,1,0,3,34,1,5,0,0,0,2,1,5,0,0,6,0,0,0,1,9,1,0,2,0,2,0,0,0,0,0,0,0,0,0,0,0,9,0,5,12,4,0,3,2,0,0,2,1,0,2,0,1,1,2,0,4,0,0,0,0,9,0,0,0,1,0,0,0,1,1,0,0,4,0,0,7,0,0,0,0,0,17,1,0,0,3,0,0,0,0,0,1,0,1,2,0,1,6,0,1,1,2,0,0,0,0,0,1,0,4,0,1,0,0,0,1,1,0,0,0,0,0,1,6,2,4,7,0,2,4,2,0,5,8,0,0,4,0,0,0,0,1,0,0,0,0,15,0,1,0,2,9,7,3,0,1,7,3,0,1,0,0,0,0,0,0,1,1,0,0,0,0,1,0,0,0,0,1,0,5,2,2,6,0,1,2,3,2,0,0,0,1,1,0,3,2,0,2,1,1,0,0,0,0,0,0,3,0,0,0,0,0,0,5
1,2,0,0,0,1,0,1,1,44,1,0,1,0,0,17,1,0,0,1,0,3,0,3,2,0,2,1,0,1,0,1,2,0,0,0,7,1,2,0,0,0,0,0,0,1,0,1,0,9,1,3,0,2,0,0,0,1,0,13,0,3,1,1,1,1,1,0,1,2,3,0,1,0,0,0,10,1,3,0,0,1,0,1,0,6,0,1,1,4,0,0,23,0,0,1,5,0,1,1,0,0,0,1,3,1,0,0,0,0,14,6,0,42,7,3,1,7,0,0,0,2,0,2,4,0,2,3,3,0,0,0,0,1,0,0,0,1,0,1,0,0,2,2,0,4,22,0,0,1,0,9,1,9,0,0,0,5,0,0,0,0,1,3,0,6,1,8,2,0,1,1,4,1,2,0,1,0,1,0,0,1,1,1,0,1,0,0,2,1,1,7,1,1,0,0,0,0,1,1,3,0,0,0,0,1,1,0,0,3,0,0,0,1,0,1,0,0,0,0,0,0,2,0,0,1,1,1,6,0,1,0,0,1,0,2,1,0,0,0,0,1,0,1,1,1,0,1,1,0,0,1,2,1,1,0
0,0,0,0,0,1,0,0,3,1,2,2,0,0,0,1,0,0,0,1,0,0,0,0,0,0,0,2,2,0,0,2,3,0,0,0,0,2,9,2,12,16,1,0,1,0,2,1,0,0,0,4,1,2,0,0,7,0,0,0,2,10,0,1,2,1,1,0,0,0,0,7,0,1,0,0,0,0,6,4,3,1,0,2,0,3,0,0,3,2,0,3,0,0,0,3,1,3,0,1,0,3,0,0,0,0,1,1,0,0,0,0,0,0,16,1,0,10,0,0,0,1,0,17,1,9,0,1,0,0,0,0,1,1,8,1,0,1,2,3,1,1,0,0,0,0,0,3,2,0,0,2,4,3,0,0,0,1,0,0,1,0,0,4,0,2,2,6,5,0,2,1,1,5,2,0,1,2,2,0,0,1,3,6,2,0,0,0,20,0,0,3,9,0,23,0,0,3,17,1,1,0,0,0,1,3,0,0,12,0,0,0,2,1,0,0,2,0,0,0,0,9,1,1,2,0,1,1,0,6,0,1,1,0,2,1,2,2,0,1,0,1,1,1,0,1,1,0,1,0,0,13,0,0,0,1
2,0,0,4,1,5,2,0,6,35,1,0,0,0,0,1,6,0,0,4,2,4,0,1,0,0,0,0,0,0,1,0,3,0,1,1,1,0,0,0,0,0,0,1,5,0,0,1,2,0,0,5,2,0,0,0,3,6,1,1,0,1,0,1,0,2,0,0,0,0,0,0,0,0,0,0,7,1,2,2,0,2,0,0,0,2,1,0,0,1,0,1,0,3,0,1,2,0,0,9,0,0,0,2,1,11,0,2,1,0,4,1,0,18,16,1,0,4,3,0,0,5,0,3,2,0,5,3,1,0,0,0,0,1,0,1,0,0,8,0,0,1,0,5,3,0,30,0,1,11,2,7,0,10,0,1,0,0,0,5,0,0,0,0,0,5,2,3,3,3,4,0,0,0,1,0,1,1,1,2,0,2,2,1,0,1,0,1,1,3,0,1,3,1,1,1,0,5,1,0,4,0,0,0,0,3,4,0,0,0,2,0,16,2,0,0,1,0,0,4,0,0,2,4,0,2,4,1,3,0,2,1,2,0,0,2,3,0,0,0,1,1,0,1,0,1,0,0,1,0,1,1,0,0,5,1
1,0,0,1,2,2,0,2,1,41,1,0,0,0,2,14,3,4,0,0,0,7,0,1,0,0,0,0,0,0,0,3,2,0,0,0,6,1,0,0,0,3,0,0,0,0,1,0,0,0,0,3,0,0,0,0,0,2,0,3,0,2,0,3,2,1,3,0,0,0,0,0,0,0,0,1,18,1,0,1,1,12,1,0,0,3,0,0,0,2,1,1,0,7,14,3,2,0,0,0,0,0,0,0,0,7,0,2,0,1,2,0,1,29,13,0,0,5,1,0,0,2,0,0,2,1,1,3,2,0,0,0,0,1,2,0,0,2,0,0,0,0,0,2,0,1,12,0,0,4,2,3,0,15,2,0,0,0,0,6,0,0,9,0,0,5,2,11,1,0,1,0,2,0,2,0,0,3,1,1,0,2,4,2,0,3,0,0,2,2,0,2,4,1,0,2,0,0,0,0,4,0,1,0,0,1,0,1,1,0,0,0,9,0,4,0,2,0,11,0,0,0,2,1,0,1,0,0,1,0,2,1,0,0,0,1,1,1,0,0,0,2,0,1,0,1,0,0,1,0,0,0,1,1,1,0
0,1,3,0,0,1,0,0,3,0,1,0,18,1,0,1,0,0,0,0,1,5,0,1,0,1,20,0,3,0,0,1,1,0,4,3,0,1,5,0,7,6,1,0,0,1,2,2,0,0,0,3,3,0,0,1,2,1,0,0,1,8,3,1,1,3,2,0,0,0,1,1,0,0,1,1,0,2,6,8,1,9,0,2,0,0,0,0,2,3,0,2,0,0,0,2,0,4,2,3,1,0,4,1,1,0,5,0,0,0,1,0,0,0,2,0,0,6,2,1,0,2,0,7,0,0,1,4,0,0,0,0,1,2,5,4,2,0,1,8,0,0,0,0,0,0,0,2,0,1,0,3,0,3,0,1,0,0,2,1,0,0,0,0,5,4,0,10,5,0,8,1,1,2,4,0,0,0,1,0,2,7,0,5,0,4,0,0,22,0,0,1,1,5,7,3,0,3,11,3,0,0,1,0,0,1,2,0,6,3,3,2,0,0,0,1,1,0,0,1,0,9,0,0,7,0,0,2,0,0,0,0,0,0,0,1,1,1,0,1,0,1,0,1,0,6,4,1,2,0,0,1,0,0,3,8
6,3,1,1,2,1,0,1,1,17,1,1,0,1,0,14,1,3,1,1,0,0,1,1,0,3,1,0,1,0,2,1,5,0,0,0,0,1,2,0,2,1,0,0,0,0,1,1,0,0,0,2,0,1,0,2,1,2,1,0,0,4,0,1,1,1,1,0,0,0,0,0,0,0,0,0,21,0,2,0,0,1,0,0,1,4,0,0,3,1,0,0,0,2,1,0,0,3,1,0,0,1,0,0,6,9,0,0,1,0,20,0,7,28,6,0,1,7,0,4,0,2,0,1,3,0,1,2,0,1,0,0,0,6,4,0,11,0,24,1,0,1,1,1,2,1,8,0,0,11,0,7,0,19,1,0,6,10,0,0,3,0,0,4,1,6,1,1,6,1,1,2,1,1,0,1,1,0,2,0,0,2,2,1,0,1,0,1,2,4,0,1,5,0,1,2,0,2,2,0,2,1,3,0,0,2,1,1,0,3,0,2,4,1,0,1,0,1,2,2,0,2,7,2,0,3,1,3,3,0,1,0,0,0,0,1,1,0,0,1,0,1,0,1,0,2,0,1,1,0,0,9,3,0,3,0
2,0,0,1,1,2,13,0,0,30,0,4,0,0,0,7,1,0,0,2,1,0,1,1,0,0,1,1,2,0,3,0,0,0,0,2,1,0,0,0,0,0,0,1,2,1,1,0,1,0,0,1,0,0,0,0,0,2,1,3,0,1,0,1,0,2,1,0,0,0,0,0,0,0,0,0,4,1,0,0,1,1,8,0,1,2,0,0,0,2,1,0,0,5,0,0,0,1,0,23,23,0,0,0,1,6,0,0,0,0,24,0,1,38,15,0,0,0,1,0,0,22,0,1,2,3,0,1,0,0,0,0,0,6,1,0,0,1,3,0,1,0,0,0,0,0,29,0,0,7,1,9,0,3,1,0,0,5,1,2,0,0,1,2,0,2,1,7,2,0,1,1,2,0,1,0,3,2,0,0,0,2,1,1,0,0,1,0,2,1,2,3,3,0,0,6,0,0,0,0,3,0,0,0,10,2,2,2,0,0,1,0,4,1,1,0,0,1,0,0,0,1,1,0,0,0,0,0,2,0,0,0,0,0,0,1,0,0,0,0,0,1,0,1,0,1,0,1,1,0,4,0,0,0,5,3
0,2,0,1,0,2,0,0,1,21,2,0,0,0,0,2,0,0,1,0,1,0,0,1,1,0,0,1,0,0,0,2,2,0,0,1,0,1,10,0,4,2,0,0,0,2,2,1,0,1,0,1,1,0,0,0,9,1,0,8,0,12,3,0,2,0,3,0,1,0,2,2,1,0,0,0,4,1,9,0,0,3,4,0,1,0,1,0,3,3,0,3,1,4,0,1,1,1,1,0,2,0,3,0,2,4,4,0,1,0,12,3,0,19,3,1,0,0,0,0,0,0,0,7,0,0,0,4,0,0,2,0,0,3,0,0,0,0,0,0,0,0,0,0,0,0,7,1,0,0,0,1,0,6,0,0,0,5,1,0,11,2,0,2,0,6,1,0,4,0,5,1,3,0,3,2,7,0,2,0,0,4,0,3,2,2,0,5,11,0,10,1,1,0,9,0,13,2,8,0,2,2,0,0,0,0,5,0,1,1,0,0,12,0,0,0,0,0,1,2,0,3,2,0,0,0,3,0,11,1,2,0,0,0,0,0,4,0,0,3,1,1,1,0,0,3,1,5,1,1,0,7,1,0,0,1
0,8,1,0,0,3,1,1,0,1,1,1,2,4,1,2,7,0,0,0,0,2,0,1,2,0,0,0,1,0,0,1,1,1,0,0,1,0,15,1,13,5,0,1,0,5,3,0,6,1,0,3,0,3,0,1,7,0,0,0,2,10,4,1,2,1,1,0,1,1,0,12,1,1,2,1,1,2,6,2,27,1,0,0,1,0,0,1,0,2,0,2,4,1,0,2,2,2,1,1,0,3,0,0,4,5,0,0,0,0,3,2,1,1,3,0,2,2,1,2,0,0,1,10,0,1,0,2,0,0,0,0,0,1,0,3,1,2,1,3,1,0,0,0,0,0,1,0,1,0,0,0,0,1,1,0,0,0,3,0,1,0,0,0,0,1,3,3,5,2,1,1,1,4,4,1,0,0,2,0,1,1,0,2,0,0,0,0,3,0,2,1,7,0,8,1,0,5,11,5,0,0,0,1,0,2,3,0,9,0,1,4,4,1,2,0,1,0,2,5,1,2,0,4,2,0,1,1,13,0,10,2,0,3,1,2,1,3,0,1,6,1,0,3,0,1,2,0,1,1,0,3,0,5,0,0
0,5,0,0,0,6,1,0,1,34,1,0,3,0,2,1,0,0,0,1,11,4,0,0,0,0,13,0,1,0,0,2,0,0,0,3,0,0,5,0,4,1,1,0,3,2,0,0,1,2,0,1,1,5,0,1,5,3,1,1,3,6,2,0,1,0,1,0,2,1,1,1,1,1,0,1,2,0,0,0,0,8,0,0,0,0,0,0,0,2,0,2,0,1,0,1,4,1,0,2,1,0,2,0,4,10,1,0,0,0,0,1,1,5,24,3,0,0,4,5,0,3,1,9,0,0,0,2,0,1,3,0,1,2,1,6,0,0,2,2,0,1,0,3,0,1,11,0,0,6,1,2,0,6,0,1,0,0,1,0,0,2,0,1,1,4,1,5,4,0,1,1,2,0,3,3,1,0,2,0,0,1,0,2,1,0,1,0,5,1,3,2,2,9,6,2,0,2,4,3,1,0,0,0,0,0,1,0,1,0,1,0,5,0,0,0,2,0,0,3,0,5,0,0,0,0,0,1,1,0,0,0,0,0,0,0,1,2,0,1,1,1,0,0,0,4,0,8,0,0,2,1,0,0,1,1
0,1,0,0,0,2,0,1,2,39,1,0,0,0,0,9,0,0,0,2,4,0,0,1,3,1,2,0,0,2,0,1,1,1,0,0,2,1,1,1,0,0,0,0,1,0,0,2,5,0,0,3,1,0,0,0,2,2,0,0,0,3,2,2,2,1,1,0,0,1,1,2,0,0,1,0,4,1,0,0,0,2,2,0,0,3,0,0,2,1,0,1,0,3,2,1,0,4,0,17,0,4,3,0,2,2,0,0,2,0,15,1,0,44,15,1,0,0,2,0,0,11,0,1,1,1,0,1,0,0,1,0,0,1,1,3,1,0,1,0,1,1,1,4,1,1,24,0,0,4,0,6,0,8,0,5,1,1,1,3,0,0,0,0,3,3,0,0,4,0,1,1,4,0,0,0,3,0,2,0,0,1,2,1,0,2,0,1,3,0,1,4,5,0,0,0,0,5,1,0,3,0,0,1,0,0,0,0,0,0,0,0,0,2,2,0,1,0,0,1,0,0,2,0,0,0,1,0,4,1,2,3,0,2,0,1,1,1,0,1,0,1,0,1,0,0,1,7,1,0,0,0,0,1,7,0
0,1,0,0,0,0,2,0,6,1,4,0,0,0,0,2,0,0,0,0,1,0,0,1,0,0,0,0,8,0,1,1,2,1,0,3,1,1,14,20,9,13,0,1,2,0,1,1,9,0,0,0,7,1,0,0,9,1,1,0,2,10,2,1,1,0,2,0,2,0,3,0,2,0,1,0,0,1,0,0,0,2,2,3,0,1,0,0,2,0,0,3,0,1,0,2,1,0,0,0,1,0,9,0,0,0,0,1,0,2,1,6,3,0,1,0,0,0,4,1,1,0,0,38,0,0,1,6,0,0,0,0,0,2,2,2,0,0,4,5,1,1,0,2,0,1,0,0,0,0,0,2,0,1,0,0,0,0,0,0,0,0,1,1,1,2,0,5,2,1,5,3,1,0,5,0,0,3,5,0,3,1,0,2,0,0,0,1,26,0,0,3,4,5,9,0,0,4,6,1,5,2,3,3,0,1,0,0,2,1,0,0,0,0,1,0,0,1,0,0,0,7,0,0,0,0,1,5,1,4,0,0,0,1,0,0,1,2,2,2,2,0,0,0,0,0,0,15,1,0,0,9,1,0,0,0
0,12,1,0,0,5,0,0,17,9,1,0,6,0,0,1,0,0,0,0,0,0,0,2,1,0,10,3,4,0,7,1,0,0,0,2,1,1,6,0,2,6,0,0,0,0,1,3,1,1,0,1,0,2,0,1,3,0,0,0,0,12,0,1,1,2,1,0,0,0,0,0,1,0,2,0,0,1,1,0,0,1,3,0,4,3,0,0,2,1,0,1,2,2,2,1,0,2,1,1,0,2,10,3,0,0,0,0,0,1,14,0,2,16,5,0,0,3,0,1,0,1,0,20,2,0,1,5,0,1,2,0,0,0,3,3,1,0,3,7,0,0,0,5,0,0,0,0,0,0,1,1,0,4,0,0,0,5,6,0,0,0,0,0,1,1,2,4,4,0,5,2,7,0,6,6,0,2,4,0,0,2,0,4,0,0,0,0,7,7,8,1,3,4,1,0,0,1,4,3,0,0,0,0,0,1,1,0,1,0,5,1,1,1,0,0,0,0,0,3,3,6,1,0,0,0,1,2,0,0,0,0,1,0,0,1,1,1,0,1,0,1,0,1,1,1,0,8,13,0,0,6,0,0,0,1
0,2,0,1,0,1,0,3,0,38,1,4,0,1,6,1,0,0,0,0,2,5,1,1,0,1,4,2,0,0,0,1,1,0,0,2,1,0,10,1,6,3,0,0,5,1,0,0,8,2,0,2,0,0,0,0,9,1,1,3,0,16,1,1,1,11,1,1,0,1,0,1,0,0,0,2,0,1,0,0,5,1,0,1,1,4,1,2,1,3,0,0,0,1,0,1,4,27,1,0,1,4,0,0,0,1,0,1,0,1,0,0,1,5,15,0,0,0,0,0,0,1,0,9,0,1,2,2,0,0,0,1,0,1,0,1,0,0,4,7,1,0,0,0,0,0,3,0,0,0,0,0,0,1,0,0,0,0,0,6,4,1,4,3,1,0,1,3,4,0,3,1,2,0,3,1,1,0,6,0,0,2,1,5,0,0,0,4,15,0,0,1,4,11,5,0,0,1,0,1,0,0,2,0,0,0,0,0,3,0,1,1,0,0,1,0,0,0,2,3,1,2,1,0,0,0,1,1,0,0,2,0,0,0,0,1,1,0,0,1,0,1,1,2,0,3,0,3,1,0,1,1,0,0,0,1
1,13,0,4,0,2,18,1,0,4,2,0,2,2,1,1,0,0,0,10,8,0,0,2,5,0,1,0,1,0,0,1,1,0,10,1,1,1,12,0,3,13,0,0,2,0,1,0,0,1,0,1,0,1,0,0,2,2,0,0,0,4,0,1,5,18,2,0,3,0,1,3,1,0,0,1,1,0,7,0,0,6,0,0,0,1,0,4,1,2,0,10,0,1,5,1,0,0,0,0,0,0,2,1,0,0,4,0,0,0,1,0,5,0,3,2,1,2,5,1,0,4,1,1,1,0,0,1,1,0,0,6,0,0,0,1,1,1,1,0,0,0,1,0,0,0,0,1,0,0,2,1,3,35,0,0,0,0,4,0,0,0,0,3,1,1,0,2,5,0,1,1,1,0,3,0,0,3,1,1,0,2,2,3,0,0,0,0,3,1,0,1,6,0,6,0,0,0,1,1,0,0,0,0,0,0,0,0,0,0,0,0,4,0,0,0,2,0,1,0,0,8,2,0,0,0,0,1,0,5,0,0,0,0,0,1,1,0,0,1,1,1,0,1,0,1,1,0,1,0,1,0,0,0,0,0
0,12,0,0,0,2,7,0,8,10,1,18,3,2,0,3,0,3,0,0,4,2,0,2,4,0,5,2,1,0,4,1,0,0,0,2,0,1,2,3,5,9,3,0,1,0,2,0,2,0,0,3,0,0,0,0,11,1,1,0,0,18,0,1,1,1,1,0,0,0,0,0,0,0,0,0,0,0,1,0,0,2,0,0,0,1,0,2,8,3,0,5,0,1,1,1,0,4,0,0,0,0,9,1,0,0,0,0,0,0,0,0,0,32,0,2,0,0,0,0,0,2,1,25,0,4,0,1,0,0,0,3,0,1,1,1,0,0,4,5,0,1,0,1,0,0,1,0,0,0,0,2,1,5,0,0,0,0,5,0,2,1,0,0,1,2,2,6,5,0,5,1,1,0,7,2,0,0,7,0,1,1,4,2,0,0,0,0,17,1,6,1,9,2,10,0,3,2,2,4,0,0,1,0,0,1,1,0,1,1,0,1,2,0,0,0,0,1,0,0,0,3,0,1,0,0,4,1,2,0,0,0,0,0,0,2,2,1,0,1,0,1,0,1,0,1,0,0,2,0,0,2,0,1,0,0
0,25,1,0,0,1,2,0,16,0,4,0,5,2,0,2,0,0,0,0,1,0,2,0,0,2,6,6,2,0,14,1,3,1,1,2,1,2,3,1,6,12,1,0,2,1,1,3,2,0,0,2,1,2,0,0,6,1,0,0,0,11,2,0,2,4,2,0,0,0,0,0,2,0,0,0,0,0,1,0,2,2,0,1,0,1,0,0,1,2,1,4,0,0,4,1,2,1,0,0,0,0,19,1,0,0,0,1,0,2,0,0,0,0,0,0,0,0,0,0,1,0,0,28,0,1,0,2,0,0,0,0,0,1,0,3,1,0,2,5,0,0,0,0,0,0,0,0,0,0,0,6,1,1,0,0,0,0,5,0,0,0,0,1,0,2,3,3,3,1,5,2,2,1,3,9,0,1,4,0,0,0,3,1,1,0,0,1,17,0,9,2,3,2,6,0,0,0,5,7,0,0,1,0,0,0,0,0,3,0,0,2,0,0,1,1,0,0,0,1,0,1,1,0,0,2,4,1,4,0,0,0,1,0,0,1,3,1,0,8,2,0,0,0,0,3,1,1,3,0,0,2,1,0,0,6
6,1,0,1,0,3,1,0,1,36,1,0,0,1,0,9,0,1,1,2,2,0,0,1,3,0,0,5,1,0,3,2,4,0,0,4,0,1,1,1,1,0,1,0,4,0,1,1,1,0,2,5,1,0,0,0,2,1,0,4,0,4,2,1,2,1,1,3,1,1,0,1,0,1,0,2,5,1,0,0,0,14,4,1,0,2,1,0,2,1,0,0,0,11,4,0,2,0,1,0,0,0,0,1,0,3,1,0,0,0,7,3,0,17,7,0,0,1,0,2,1,4,0,0,1,0,4,1,0,0,1,0,1,4,0,2,0,0,1,2,0,1,0,0,3,0,9,0,0,1,1,4,1,8,0,1,3,20,0,4,0,1,2,2,4,5,2,3,2,0,2,1,2,0,11,1,2,0,4,0,0,1,1,1,0,0,0,3,3,7,0,1,2,1,0,1,0,0,2,1,5,0,0,0,0,1,1,0,0,0,2,1,3,0,1,0,1,0,1,1,0,0,1,0,1,0,2,1,4,0,6,3,0,0,0,1,1,1,0,0,0,1,0,1,0,0,1,3,2,0,0,0,1,0,4,0
0,11,0,0,0,5,0,0,6,21,3,0,3,1,0,7,0,0,0,0,1,0,0,4,3,0,4,5,2,0,0,3,1,0,0,1,1,1,6,0,6,5,0,0,1,6,0,1,1,8,0,3,2,2,0,0,1,1,0,4,0,9,1,0,1,0,3,0,0,1,0,0,0,0,0,0,4,0,2,0,3,2,0,2,0,0,0,0,3,1,0,3,0,0,0,2,0,0,0,0,0,0,7,2,0,1,3,0,0,0,2,6,0,19,2,0,0,3,0,0,0,0,0,4,1,0,0,1,0,0,0,0,0,1,1,1,1,0,1,0,0,0,0,0,0,0,0,1,0,0,0,2,0,8,0,0,0,0,2,2,0,0,0,0,1,5,7,4,3,0,7,2,2,3,9,4,0,3,3,0,2,1,0,2,0,0,0,0,5,1,0,0,0,4,4,2,0,4,5,3,1,2,0,0,0,1,0,0,2,0,2,2,0,0,2,0,0,0,0,5,0,2,4,1,3,0,0,1,3,1,0,2,0,1,0,1,2,3,0,10,1,1,0,0,0,1,0,0,1,0,1,0,1,0,0,11
0,8,1,1,0,0,0,0,5,0,2,0,3,0,1,2,0,0,0,0,2,0,0,0,0,0,3,3,1,0,11,1,3,0,0,0,2,2,5,0,9,15,0,0,0,5,2,2,7,0,0,1,0,0,0,0,20,0,0,0,2,19,3,0,1,0,2,0,1,0,2,5,1,3,4,0,0,3,12,0,0,2,7,4,0,0,0,1,0,1,1,4,0,0,3,3,1,2,1,0,0,0,4,0,0,0,0,0,0,4,2,1,2,0,0,2,0,8,1,0,0,0,0,28,1,1,0,8,0,0,0,0,0,2,0,2,0,0,5,2,0,0,0,0,0,0,0,1,0,0,0,0,0,0,0,0,0,0,0,0,0,0,0,2,0,2,1,2,5,0,2,2,2,0,4,3,0,0,2,0,0,3,0,0,0,0,0,0,7,0,2,1,0,9,5,1,0,3,5,9,0,0,0,0,0,0,3,0,4,0,0,3,1,0,0,0,0,0,1,1,0,3,3,0,0,5,3,0,0,6,0,0,1,1,0,0,2,0,0,5,0,0,0,0,0,0,1,9,3,0,0,1,1,0,0,0
0,7,1,0,1,1,1,2,6,9,2,0,2,1,0,2,0,0,0,0,6,1,1,1,1,0,15,1,0,1,6,1,1,0,0,1,0,2,9,1,6,10,0,0,2,10,1,1,1,0,0,1,2,3,0,0,4,1,0,0,0,19,0,1,2,0,2,0,0,0,0,1,0,0,1,0,6,0,3,4,0,11,0,0,0,1,0,0,1,3,0,3,0,0,0,2,0,2,0,0,1,0,1,0,0,2,0,5,0,0,3,0,0,8,8,0,0,2,1,0,0,0,0,7,0,1,3,0,0,0,0,3,0,1,0,5,0,1,4,6,0,0,0,1,0,0,0,1,0,3,0,3,0,1,0,0,0,0,2,1,0,1,0,1,2,2,1,0,6,0,0,3,3,0,3,3,2,0,4,0,0,2,0,0,1,1,0,0,11,0,0,0,0,18,9,0,24,2,5,3,0,2,0,1,3,0,5,1,1,2,0,1,0,0,2,2,0,0,0,0,2,2,4,0,1,0,1,1,0,1,0,0,1,0,0,0,2,1,0,2,1,0,0,0,0,0,0,0,0,0,0,1,0,0,0,0
0,14,2,0,1,2,0,0,12,0,3,0,6,0,1,2,0,0,0,0,2,1,0,2,2,2,7,2,1,0,4,1,2,0,0,1,0,5,3,0,8,9,0,0,0,1,3,2,0,0,0,3,2,0,0,0,2,0,0,0,0,14,0,0,2,1,2,0,0,0,0,1,6,0,0,0,1,0,2,0,3,2,0,0,0,0,0,0,3,0,2,4,0,1,1,3,0,0,1,0,0,0,13,0,0,0,0,0,0,1,3,0,0,1,0,0,0,5,1,2,0,2,1,15,0,1,1,2,0,0,0,0,0,1,0,5,3,0,0,5,0,1,0,2,0,0,0,3,0,0,0,1,0,2,0,0,0,0,9,0,0,0,2,0,1,2,2,8,6,0,0,2,4,4,7,0,0,0,3,0,0,0,0,4,0,0,0,1,2,0,0,0,8,2,10,1,0,9,9,8,0,0,0,0,0,0,3,0,3,1,0,0,3,1,0,1,1,2,0,0,0,2,0,0,8,1,3,1,0,2,0,0,0,0,1,1,3,1,1,1,0,0,0,0,1,5,0,0,0,2,0,4,1,0,0,7
3,2,0,2,0,1,0,1,12,38,0,0,1,0,0,2,2,0,0,1,0,0,0,0,0,0,5,1,2,1,0,2,0,0,0,2,0,1,2,0,0,3,1,0,3,1,0,0,6,0,0,2,0,3,0,0,0,2,1,2,0,3,0,3,1,1,4,0,1,0,0,0,1,0,1,0,2,3,0,1,0,0,0,0,0,2,0,0,2,2,0,0,0,0,1,1,0,10,0,0,1,0,0,0,0,0,0,0,0,0,1,0,0,31,12,0,1,0,1,0,0,9,0,4,0,1,6,1,1,1,0,0,0,0,0,1,1,0,0,11,0,1,0,0,0,0,3,0,0,3,1,2,2,3,0,0,0,0,0,5,0,2,0,0,0,2,0,1,3,0,2,0,1,1,2,2,0,16,1,0,0,2,7,2,0,0,0,1,4,4,0,3,3,6,4,1,1,2,1,3,2,0,1,0,0,0,1,0,5,0,1,3,5,3,1,0,1,0,0,0,1,3,1,0,0,0,0,0,2,0,1,0,0,0,0,14,0,0,0,2,0,4,0,2,0,3,2,0,1,0,0,0,0,0,0,1
1,0,0,1,0,0,0,0,1,35,1,0,1,0,1,10,2,0,0,4,2,0,0,6,0,0,0,0,0,0,1,0,2,0,0,0,13,1,0,0,0,0,0,0,1,0,2,1,1,2,0,10,0,0,0,4,2,2,0,3,1,2,2,3,1,1,1,0,0,1,0,0,0,0,0,0,5,0,0,0,0,1,0,0,0,2,0,1,0,1,0,0,0,3,0,1,1,0,1,0,1,0,0,0,2,0,0,1,0,6,6,7,3,20,9,0,1,13,0,0,0,2,0,0,1,0,2,5,0,1,0,2,0,1,0,0,0,0,0,10,0,2,0,3,0,1,28,0,0,2,2,14,0,22,0,0,2,1,0,1,0,0,1,2,2,3,0,3,1,0,1,1,1,0,0,0,1,1,1,0,0,1,5,1,0,1,0,2,3,1,1,1,2,0,0,0,0,1,0,1,3,1,0,1,0,1,0,0,0,1,0,0,1,0,0,0,0,0,0,2,0,0,2,0,0,2,0,0,4,0,0,3,0,0,1,4,1,0,0,2,0,1,0,1,0,8,0,1,1,0,0,0,2,0,1,1
4,0,0,0,2,2,0,0,2,25,0,0,2,1,0,0,0,0,0,3,0,0,1,1,0,0,1,0,0,0,3,0,0,0,0,0,3,0,0,0,0,3,0,0,2,0,0,0,1,1,1,2,0,0,0,0,0,2,0,2,1,2,0,2,0,5,4,0,0,2,0,0,0,1,1,0,1,0,0,0,0,23,1,0,1,3,0,2,1,3,0,0,0,8,2,0,1,1,0,4,0,1,0,3,0,3,0,3,0,0,10,0,0,41,13,0,3,2,0,0,0,4,0,0,2,1,0,2,0,0,6,0,0,0,0,1,0,1,0,0,0,0,0,1,4,0,13,0,0,0,2,10,3,4,0,0,1,0,0,12,6,0,13,0,0,3,0,2,3,0,2,1,2,0,3,1,1,0,0,0,0,2,16,2,0,0,0,3,2,3,1,20,1,1,0,0,1,4,0,1,3,1,0,0,0,0,0,0,0,1,0,1,5,0,1,0,2,0,0,0,0,0,1,0,0,0,0,0,2,0,0,0,0,0,0,3,0,0,2,0,0,4,0,2,0,2,0,0,2,0,1,0,0,0,0,2
0,1,0,0,2,3,1,0,1,37,1,0,0,0,0,21,5,1,0,2,2,6,0,0,0,0,3,0,0,0,1,0,1,0,0,0,4,1,0,0,0,0,0,0,1,0,0,3,2,0,4,5,0,0,0,0,0,1,0,1,0,2,0,3,1,1,3,0,1,0,0,0,0,0,0,0,2,0,0,0,0,2,0,0,0,2,0,0,1,2,0,0,0,1,0,0,2,1,0,2,0,0,1,0,0,3,0,1,0,2,8,0,4,26,20,0,0,11,1,0,5,2,0,1,1,1,0,2,4,0,1,0,0,2,1,3,1,1,0,5,1,4,0,2,2,1,23,0,0,5,1,8,0,7,0,0,1,1,0,0,0,0,0,0,0,3,2,6,2,2,1,2,1,0,5,1,2,0,2,0,0,1,0,1,0,1,0,0,2,3,1,1,4,1,0,0,0,1,2,2,3,0,1,0,0,0,0,0,0,1,1,0,1,2,0,0,0,0,4,0,1,0,1,0,0,1,0,0,1,0,0,0,1,1,0,1,1,0,0,0,0,1,0,1,0,1,0,0,1,0,0,1,1,0,1,0
1,1,0,0,2,7,0,0,3,2,4,2,5,4,3,8,1,3,0,0,7,1,0,2,4,0,8,1,2,0,1,1,1,1,0,0,3,3,1,0,4,4,0,2,3,4,0,2,1,2,3,1,0,0,3,1,3,0,0,19,1,1,3,0,2,5,1,1,0,1,1,1,0,0,1,1,2,1,4,0,2,1,1,0,1,0,0,0,8,0,0,0,0,0,20,1,1,0,1,0,3,1,0,3,2,0,1,0,0,0,0,1,0,0,0,22,0,3,3,0,4,1,0,2,0,0,0,0,0,1,0,0,0,4,0,1,0,0,0,0,2,1,0,1,3,0,0,0,0,0,0,1,0,0,0,3,1,0,4,0,0,1,0,4,0,1,0,0,2,1,0,1,2,0,0,0,3,0,1,0,0,3,0,0,1,3,13,0,0,0,1,0,4,2,1,1,3,2,8,0,0,0,15,0,1,2,0,0,3,0,2,1,1,0,1,0,1,0,4,6,1,0,0,0,0,0,0,5,2,0,0,6,0,0,4,1,1,0,1,1,0,2,0,0,0,7,0,0,0,7,0,0,2,1,0,0
0,0,0,1,3,2,0,0,1,32,0,1,1,0,0,3,2,0,0,0,1,8,1,5,1,0,2,0,0,0,3,1,1,0,1,0,4,0,0,0,0,0,0,0,0,1,0,0,0,1,0,3,0,0,0,3,1,1,2,2,0,2,0,3,1,2,1,0,1,0,0,0,0,0,0,0,3,0,0,0,0,0,7,0,0,5,1,0,0,3,0,2,0,2,1,0,0,0,0,5,0,0,0,3,1,5,0,1,1,0,24,0,0,43,7,0,2,7,2,0,3,6,0,1,1,1,1,4,0,0,0,0,0,2,7,2,0,0,1,0,2,2,2,3,2,0,26,0,0,2,1,0,1,14,7,0,0,0,0,1,0,0,0,0,0,2,0,4,1,0,2,1,0,0,6,0,1,0,0,0,0,2,0,2,0,0,0,0,2,3,0,2,2,1,0,0,0,9,2,0,2,0,1,0,0,0,0,1,0,0,0,0,19,0,0,1,0,0,0,0,2,0,1,0,0,0,1,0,7,1,0,0,0,0,0,2,0,1,0,1,0,2,0,2,0,2,0,6,2,0,0,1,0,0,3,1
0,0,0,1,2,0,0,0,0,3,1,0,0,1,0,1,2,0,0,0,0,0,0,0,0,2,2,0,1,0,0,0,3,0,0,2,0,1,1,0,0,5,1,2,19,18,2,3,2,0,1,2,0,0,3,0,1,0,20,0,1,0,1,0,2,1,1,2,0,1,3,0,2,0,1,2,0,0,0,0,0,3,0,0,0,0,0,0,0,0,0,0,11,1,0,0,0,1,0,0,0,0,2,0,7,7,0,0,0,0,0,0,0,0,4,0,0,1,6,0,0,0,2,1,0,1,0,1,0,1,1,1,1,2,0,0,0,4,0,0,21,0,11,0,1,1,3,1,0,0,3,2,0,11,4,0,0,0,4,13,1,0,0,0,1,1,0,2,1,5,4,1,2,0,1,1,0,1,3,0,1,0,0,0,1,0,1,1,0,0,1,0,0,0,0,2,0,0,0,1,0,7,0,0,1,0,0,0,0,0,0,0,1,0,1,0,4,0,2,4,2,0,2,1,1,0,3,0,4,1,14,30,0,0,1,1,1,3,0,2,5,1,0,1,0,0,0,1,0,0,0,0,1,0,1,4
3,1,0,1,1,2,0,0,1,5,1,0,0,0,0,2,0,0,0,3,0,0,0,0,0,0,0,0,1,0,0,0,3,0,0,0,2,1,1,0,0,0,0,0,0,2,1,1,1,0,1,5,0,0,0,1,0,3,1,1,0,2,0,1,1,2,9,1,0,0,0,1,12,0,1,0,18,0,0,0,0,12,0,0,0,1,1,0,4,3,3,0,0,5,0,3,0,0,0,0,8,5,0,0,2,7,0,0,0,0,17,1,1,34,7,0,2,4,0,0,0,2,0,1,1,2,0,5,0,0,1,0,0,4,2,1,0,0,0,1,0,0,0,3,0,2,1,0,0,5,2,0,0,9,0,1,1,13,0,3,0,0,0,0,0,3,0,0,2,0,2,2,1,0,4,0,1,1,1,0,0,1,5,3,0,1,0,0,8,7,0,1,2,0,1,0,0,2,2,0,1,0,0,1,1,1,1,0,0,0,0,0,1,0,0,0,0,1,3,2,2,0,0,1,0,2,3,0,9,0,1,0,0,5,0,10,1,0,0,0,0,1,0,1,0,1,1,0,1,0,0,0,1,0,1,0
0,1,0,1,0,5,0,3,2,34,1,0,0,0,0,13,0,2,0,2,0,0,0,0,0,1,0,0,0,0,3,0,3,0,0,0,2,1,0,0,0,2,0,0,2,0,0,1,1,0,2,3,0,0,0,2,1,2,0,0,1,1,0,1,1,1,2,0,0,0,0,0,0,0,0,0,14,1,1,0,0,10,0,2,1,7,0,0,3,2,0,1,0,4,0,1,1,0,0,0,0,0,0,0,0,0,0,3,0,0,4,1,0,5,6,2,0,5,1,0,2,1,0,1,0,0,0,1,0,4,0,0,0,2,0,0,0,0,0,0,0,1,0,1,4,0,13,0,0,2,2,2,1,11,0,1,1,0,0,9,0,0,2,2,0,5,1,16,6,2,1,2,4,0,7,1,0,0,2,4,4,1,12,1,1,1,0,2,2,8,0,3,0,2,0,1,0,1,0,1,1,0,0,0,0,1,0,2,0,0,2,0,2,1,0,0,0,0,0,1,0,0,1,1,0,2,1,0,3,1,5,4,0,1,1,7,1,0,0,3,0,2,0,1,0,2,0,1,1,0,2,1,0,0,1,6
1,1,0,1,0,1,1,0,0,34,1,0,0,0,0,7,0,0,0,0,1,0,0,0,1,0,1,0,0,0,1,0,1,0,0,0,2,1,1,0,0,0,0,0,0,1,0,1,0,0,1,1,3,0,0,1,0,2,1,7,1,2,1,1,1,1,1,0,5,0,0,0,0,0,0,0,6,0,13,15,0,10,2,0,3,3,0,0,0,1,0,0,0,1,1,0,0,0,0,0,0,0,0,0,0,5,0,0,0,0,5,0,0,32,26,0,1,0,0,0,0,2,0,3,2,0,0,1,3,2,2,0,0,1,3,0,0,0,0,0,0,6,0,0,0,0,4,0,0,2,2,12,0,3,0,0,0,2,0,2,0,0,10,1,0,3,7,5,2,0,1,1,10,0,7,1,1,0,1,3,0,4,0,1,0,0,0,0,2,2,5,1,1,0,0,0,0,2,1,0,3,0,0,0,0,2,0,0,0,0,0,0,0,1,0,0,0,2,0,1,0,0,2,0,0,0,1,0,0,1,1,2,0,0,0,1,1,0,0,1,0,1,0,1,0,1,0,0,1,0,0,0,1,0,0,1
0,6,0,0,2,1,0,0,2,0,3,0,2,2,0,1,0,0,0,2,1,1,0,1,0,0,7,0,3,2,3,1,0,2,0,2,1,0,5,1,5,5,0,1,0,1,0,0,7,0,1,3,3,2,0,0,5,0,0,0,3,3,1,1,1,0,1,0,1,0,0,0,2,1,2,0,0,2,1,0,0,1,0,1,1,0,0,1,0,0,0,2,0,2,0,1,2,3,0,0,3,3,5,1,0,1,0,0,0,0,2,0,1,0,8,0,0,4,1,0,0,0,0,3,0,3,0,0,0,1,0,0,0,0,1,2,0,0,4,0,0,1,1,2,0,2,0,0,1,1,0,1,0,0,0,1,0,0,2,1,0,8,1,0,1,1,1,0,10,1,0,1,1,1,2,4,0,0,1,0,2,2,3,0,2,2,1,2,7,0,6,1,6,2,2,0,4,3,4,3,0,0,38,3,0,0,0,0,4,3,0,0,2,2,0,1,1,1,2,0,0,3,3,8,0,5,3,1,0,0,1,30,1,0,1,0,2,0,0,1,1,0,0,0,1,0,1,1,1,0,0,2,1,0,1,1
0,0,0,0,0,0,0,0,1,0,3,0,0,0,0,2,0,0,0,0,0,0,0,0,0,1,0,0,0,0,0,0,1,0,0,0,0,2,2,0,0,0,0,0,0,0,0,1,0,0,0,0,0,0,0,0,0,0,0,0,0,1,2,0,2,0,2,0,0,0,0,0,0,0,0,0,0,0,1,0,0,2,0,1,0,0,0,0,0,1,0,0,0,0,0,0,0,0,0,0,0,0,0,0,0,0,0,0,0,0,0,0,0,0,0,0,0,0,1,0,0,1,0,0,0,0,0,0,0,0,0,0,0,1,0,1,0,0,0,0,0,0,0,0,0,0,0,0,0,0,0,0,0,1,0,0,0,0,0,0,0,0,2,0,0,2,0,0,2,0,0,2,2,0,0,0,0,0,3,0,0,0,0,0,1,0,0,2,2,0,1,1,0,0,0,0,0,0,0,1,0,0,0,0,0,0,0,0,0,0,0,0,0,0,0,0,0,0,1,0,0,0,2,0,0,0,1,1,0,0,0,0,0,0,0,0,2,1,0,2,1,0,0,0,0,1,0,0,0,0,0,0,0,0,0,1
0,3,0,0,0,0,0,0,1,0,2,0,0,0,0,2,0,0,0,0,3,0,0,0,1,0,2,0,0,0,0,0,2,0,0,0,0,2,1,0,0,0,0,0,0,0,0,2,1,0,0,0,0,0,0,0,0,0,0,0,0,1,0,0,2,0,2,0,0,0,0,0,0,0,0,0,0,0,0,0,0,2,0,0,0,0,0,0,0,0,0,0,0,0,0,2,0,0,0,0,0,0,0,0,1,0,0,0,0,0,1,0,0,0,0,0,0,0,0,0,0,0,0,0,0,0,0,0,0,0,0,0,0,0,0,0,0,0,0,0,0,0,0,0,0,0,0,0,0,0,0,0,0,0,0,0,0,0,0,0,0,0,1,0,0,2,0,0,1,0,0,2,2,0,1,0,0,0,3,0,0,0,0,0,0,0,0,0,2,0,1,0,0,0,0,0,0,0,0,2,0,0,0,1,0,0,0,0,0,0,0,0,0,0,0,0,0,0,0,1,0,0,0,0,0,0,0,0,0,0,0,0,0,0,0,0,2,0,0,0,0,0,0,0,0,0,0,0,0,0,0,0,2,0,0,0
0,0,0,0,0,0,0,0,0,2,0,0,0,0,0,0,0,0,0,0,0,0,0,2,0,0,0,0,0,0,0,0,0,0,0,0,0,0,0,0,0,0,0,0,0,0,0,0,0,0,0,2,0,0,0,0,0,0,0,0,0,2,0,2,0,2,0,0,0,0,0,0,0,0,2,0,0,0,0,2,0,0,0,0,0,2,0,0,0,2,0,0,0,0,0,0,0,0,0,0,0,0,0,0,0,1,0,0,0,0,1,0,0,2,0,0,0,2,0,0,0,2,0,0,0,0,0,1,0,0,0,0,0,0,0,0,0,0,0,0,0,0,0,0,0,0,0,0,0,0,0,0,0,0,0,0,0,0,0,0,2,0,0,0,0,0,0,2,1,0,2,0,0,0,0,0,0,0,0,0,0,2,0,2,0,0,0,0,2,0,0,2,0,0,0,0,0,0,0,0,0,0,0,0,0,0,0,0,0,0,0,0,0,0,0,0,0,0,0,0,0,0,0,0,0,0,0,1,0,0,0,0,0,0,0,2,0,0,0,0,1,2,1,2,0,2,0,0,0,0,0,0,0,0,0,1
0,2,1,0,0,0,0,0,0,0,2,0,0,0,0,2,0,0,0,0,0,0,0,0,0,0,0,0,1,0,0,1,1,0,0,0,0,1,2,0,0,0,0,0,0,0,0,1,0,0,0,0,0,0,0,0,0,0,0,0,1,2,0,0,3,0,2,0,0,0,0,0,1,2,0,0,0,0,0,0,0,2,0,0,0,0,0,0,0,0,0,0,2,0,0,1,0,0,0,0,0,0,0,0,0,0,0,1,0,1,0,0,0,0,0,0,0,0,2,0,0,0,0,1,0,0,0,0,0,0,0,0,0,0,0,0,0,0,0,0,0,4,1,0,0,0,0,0,0,0,0,1,0,0,0,0,0,0,0,0,0,0,1,0,0,1,0,0,2,0,0,2,2,0,0,0,0,0,2,0,0,1,0,1,0,0,0,0,1,0,0,0,0,0,0,0,0,0,0,1,0,0,0,0,0,0,0,0,0,0,0,0,0,0,0,0,0,0,0,1,0,0,0,0,0,0,3,0,0,0,0,0,0,0,0,0,2,0,0,0,0,0,0,0,0,0,0,0,1,0,0,0,2,0,0,0
0,2,0,0,0,0,0,0,0,2,2,0,0,0,1,2,1,0,0,0,1,0,0,0,0,0,0,0,0,0,2,1,1,0,0,0,0,1,0,0,0,2,0,0,0,0,0,1,0,0,0,0,0,0,0,0,2,0,0,0,0,3,0,0,2,0,2,0,0,0,0,0,0,0,0,0,0,0,0,0,0,3,0,0,0,0,0,0,0,1,0,0,0,0,0,1,0,0,0,0,0,0,0,0,0,0,0,0,0,0,0,0,0,0,0,0,0,1,0,0,0,0,0,0,0,0,0,0,0,0,0,1,0,0,0,0,0,0,1,0,0,0,0,0,0,1,0,0,0,0,0,2,0,0,0,0,0,0,0,0,0,0,0,0,0,2,0,0,3,0,0,2,2,0,0,0,0,0,2,0,0,1,0,1,0,0,0,1,2,0,0,0,0,1,1,0,0,0,0,0,0,1,0,0,0,0,0,0,0,0,0,1,0,0,0,0,0,0,0,0,0,0,0,0,0,0,1,0,0,0,0,0,0,0,0,0,2,0,0,1,0,0,0,0,0,0,0,0,0,0,0,0,1,0,0,0
0,1,0,0,0,0,0,0,0,0,2,0,0,0,0,2,0,0,0,0,1,0,0,1,0,0,1,1,0,0,0,0,2,1,0,0,0,2,1,0,0,0,1,0,0,0,0,2,0,0,0,1,0,0,0,0,1,0,0,0,0,1,0,0,0,0,2,0,0,0,0,1,1,1,0,0,0,0,1,0,0,2,0,0,0,0,0,1,0,0,0,0,1,0,0,1,0,0,0,0,0,0,0,0,0,0,0,0,0,0,0,0,0,1,1,0,0,0,0,0,1,2,0,0,0,0,1,0,0,0,0,0,0,0,0,0,0,1,0,0,0,0,0,0,0,0,0,0,0,0,0,0,0,0,0,0,1,0,0,0,1,0,0,0,0,2,0,0,4,0,0,2,2,0,0,0,0,0,3,0,0,0,0,1,0,0,0,0,0,0,3,1,0,0,0,0,0,0,0,0,0,1,0,0,0,0,0,0,0,0,2,0,0,1,0,0,0,0,2,1,0,0,0,0,0,0,1,0,0,0,2,0,0,0,1,0,2,0,0,2,0,1,0,0,0,0,0,0,0,0,1,1,2,0,0,1
0,6,0,0,0,0,0,0,1,0,2,0,0,0,0,3,0,0,0,0,0,0,0,2,0,0,0,0,0,0,2,0,3,0,0,1,0,2,5,0,0,0,0,0,0,0,0,2,0,0,0,2,0,0,0,0,0,0,0,0,2,5,0,0,2,2,2,0,0,0,0,0,0,0,0,0,0,0,0,0,2,2,0,0,0,0,0,0,0,0,0,0,0,0,0,1,0,0,0,0,0,0,3,0,0,0,0,0,0,0,0,0,0,0,0,0,0,0,0,0,0,0,0,0,0,0,2,0,0,0,0,0,0,0,0,0,0,0,0,0,0,0,0,0,0,0,0,0,0,0,0,0,0,0,0,0,0,0,0,0,0,0,2,0,0,2,0,0,4,0,0,2,2,0,1,0,0,0,2,0,0,0,0,1,1,1,0,0,5,0,0,0,0,1,0,0,0,0,0,0,0,1,0,0,0,0,0,0,0,0,0,0,0,0,0,0,0,0,0,2,0,1,0,0,0,0,1,0,0,0,0,0,0,0,0,0,2,0,0,1,0,0,0,0,0,0,0,0,0,0,0,0,1,0,0,1
0,4,0,0,0,0,0,0,4,0,2,0,3,0,0,0,0,0,0,0,2,0,0,0,0,0,0,0,0,0,0,0,2,0,0,0,0,2,2,0,0,0,0,0,0,0,0,2,1,0,0,0,0,0,0,0,3,0,0,0,1,5,0,0,1,0,2,0,0,0,0,0,0,0,0,0,0,0,0,1,2,2,0,0,0,0,0,0,0,0,0,0,0,0,0,0,0,0,0,0,0,0,0,0,0,0,0,0,0,0,0,0,0,0,0,0,0,0,0,0,0,0,0,3,0,0,0,0,0,0,0,0,0,0,0,0,1,0,0,0,0,0,0,0,0,0,0,0,0,0,0,0,0,0,0,0,0,0,0,0,0,0,1,0,0,2,0,0,1,0,0,2,2,0,0,0,0,0,2,0,0,0,0,0,1,0,0,0,0,0,1,0,0,1,1,0,0,0,0,1,0,1,0,0,0,0,0,0,0,0,1,0,0,0,0,1,0,0,0,1,0,0,1,0,0,0,2,0,0,0,0,0,0,0,0,0,2,0,0,1,0,0,0,0,0,0,0,0,0,0,0,0,2,0,0,0
0,0,0,0,1,0,0,0,0,2,1,0,0,0,0,1,0,0,0,0,1,1,0,0,0,0,0,0,0,0,0,1,1,0,0,0,0,1,1,0,0,0,0,0,0,0,0,1,0,0,0,1,0,0,0,0,0,0,0,0,0,2,0,1,1,1,1,1,0,0,0,0,0,0,0,0,0,0,0,0,0,1,0,0,0,1,0,0,2,1,0,0,0,0,0,3,0,0,0,0,1,0,0,0,0,0,0,0,0,0,0,0,0,0,0,0,0,0,0,0,0,2,0,0,0,1,0,0,0,0,0,0,0,0,0,0,0,0,0,0,0,0,0,0,0,0,0,0,0,0,0,0,0,0,0,0,0,0,0,0,0,0,0,0,0,2,0,1,1,0,1,1,1,0,0,0,0,1,1,0,0,1,0,1,0,0,0,0,2,0,1,1,0,0,0,2,0,0,0,0,0,0,0,0,0,1,0,1,0,0,0,0,3,0,0,0,0,1,0,0,0,1,0,0,0,0,0,0,0,0,0,0,0,0,0,1,1,0,1,0,0,1,0,1,0,1,0,0,1,0,0,0,1,0,0,0
0,4,0,0,0,0,1,0,0,0,2,0,0,1,0,2,0,0,0,0,1,0,0,0,0,2,0,0,0,0,0,1,1,0,0,0,0,1,0,0,0,0,0,0,0,0,1,1,0,0,0,0,0,0,0,0,0,0,0,0,0,2,0,0,0,0,2,0,0,0,0,0,0,0,0,0,0,0,0,0,0,3,0,0,0,0,0,0,0,2,0,0,0,0,0,1,0,0,0,0,0,0,0,0,0,0,0,0,0,0,0,0,0,0,1,0,0,0,0,0,0,0,0,0,0,0,0,0,0,0,0,0,0,0,0,0,1,0,0,0,0,1,0,0,0,0,0,0,0,1,0,1,0,0,0,3,0,0,0,0,1,0,2,0,0,1,0,1,3,0,1,1,2,0,1,0,0,0,2,0,2,1,0,3,1,0,0,0,3,0,0,1,0,2,0,1,0,0,0,2,0,0,0,0,0,0,1,0,0,0,0,0,0,0,0,1,0,0,0,1,0,0,1,0,0,0,1,0,0,0,1,0,0,0,0,0,1,0,0,2,0,1,0,0,0,0,0,0,0,0,1,0,2,0,0,0
0,0,0,0,0,0,0,0,0,0,1,0,0,0,0,2,0,0,0,1,0,0,0,0,0,0,0,0,1,0,1,0,0,1,0,0,0,0,1,0,0,0,0,1,1,0,0,2,0,0,0,1,0,0,0,0,1,0,0,0,1,0,0,1,0,1,1,0,0,1,1,0,1,0,0,1,0,1,0,0,0,0,0,0,0,1,0,1,0,0,0,0,0,1,0,0,0,0,0,0,0,0,0,0,0,1,0,0,0,0,0,0,0,0,0,0,0,0,0,0,0,0,1,0,1,0,0,0,0,1,0,0,1,0,1,1,0,0,0,0,0,1,0,0,0,1,0,1,0,0,0,1,0,0,0,0,0,0,0,0,0,0,0,0,1,1,0,0,0,0,0,0,1,0,0,0,0,0,0,0,0,1,0,0,1,0,0,0,1,0,0,0,0,0,0,0,0,0,0,1,0,0,0,1,0,0,0,0,0,2,0,0,0,0,0,1,0,0,1,0,0,0,2,0,0,0,1,0,0,0,0,1,0,0,0,0,0,1,0,1,0,0,0,0,0,0,0,0,0,0,0,0,1,0,0,0
1,0,0,0,0,0,0,2,0,4,2,0,1,0,0,2,0,0,0,0,2,0,0,0,1,1,2,0,0,1,0,0,1,0,0,0,0,1,1,0,0,0,3,0,0,0,0,1,0,2,0,0,0,0,0,0,3,0,0,0,0,2,0,0,1,0,2,0,0,0,0,0,2,0,0,0,0,0,0,0,1,2,1,0,0,2,0,0,0,1,0,0,0,0,0,2,0,0,0,0,0,0,0,0,0,0,0,0,0,0,0,0,0,4,0,0,0,0,0,0,0,0,0,0,0,0,0,0,0,0,0,0,0,0,0,0,0,0,0,0,0,0,0,0,0,0,0,0,0,0,0,0,0,0,0,0,0,0,0,0,0,0,1,0,1,1,0,1,4,0,0,1,2,0,1,0,0,0,4,0,1,1,0,1,0,0,0,1,2,0,1,1,0,0,0,0,0,0,0,0,0,2,0,0,0,1,0,0,0,0,1,1,0,0,0,0,0,0,0,2,0,0,0,0,0,0,1,0,0,0,0,0,0,0,0,0,1,0,0,1,0,0,0,1,0,0,0,0,0,0,0,0,2,0,0,0
0,2,0,0,0,0,0,0,0,0,2,0,0,0,0,2,0,0,0,0,2,0,0,0,0,0,0,0,0,0,0,1,3,0,0,0,0,2,1,0,0,0,0,0,0,0,0,2,0,0,1,0,1,1,0,1,2,0,0,0,0,1,0,0,2,1,2,0,0,0,0,0,1,1,0,0,0,0,0,0,0,2,0,0,0,0,0,1,0,0,1,1,0,0,1,0,0,0,0,0,0,0,0,0,1,1,0,0,0,0,0,0,0,0,0,0,1,0,0,0,0,2,0,2,0,0,0,0,0,1,0,0,0,0,1,0,0,0,0,0,0,0,0,0,0,0,0,0,0,0,0,1,0,0,0,0,0,1,0,0,0,0,1,0,0,2,0,0,3,0,0,2,2,0,1,0,0,0,2,0,0,0,0,0,0,0,0,0,0,0,0,0,0,0,0,0,0,0,0,0,0,1,1,0,0,0,0,0,0,0,1,0,0,0,0,0,0,0,0,2,0,0,1,0,0,0,1,0,0,0,0,0,0,0,0,0,2,0,0,0,0,0,0,0,0,0,0,0,0,0,0,0,2,0,0,0
0,1,0,0,0,0,0,0,0,3,1,0,0,1,0,1,0,0,0,0,1,0,0,0,0,0,0,0,0,0,0,0,0,0,0,0,0,0,0,0,0,1,0,0,0,0,0,0,0,1,0,1,0,0,0,0,0,0,0,0,0,2,0,1,0,1,1,0,0,0,0,0,0,0,0,0,0,0,0,0,0,1,0,0,1,0,0,0,1,2,0,0,0,0,0,1,0,0,0,0,0,2,1,1,0,0,0,0,0,0,0,0,0,4,2,0,0,0,0,0,1,3,0,1,0,0,0,0,0,0,0,0,0,0,0,0,0,0,0,0,0,1,0,0,0,1,0,0,0,1,0,0,0,0,0,0,0,0,1,0,0,0,0,0,0,0,0,2,0,0,1,1,1,1,0,0,0,0,1,0,0,2,0,2,0,0,0,0,4,0,0,1,1,0,0,0,0,0,0,0,0,0,0,0,0,0,0,0,0,0,0,0,1,0,0,0,0,0,1,0,0,0,0,0,0,0,0,0,0,0,1,0,0,0,0,1,1,0,0,1,1,1,0,1,0,1,0,0,3,0,0,0,1,0,0,0
0,1,0,1,0,1,0,0,0,1,1,0,0,1,0,1,0,0,0,0,0,0,0,0,0,0,1,0,0,0,1,0,1,0,0,0,0,1,0,0,0,1,0,0,0,0,0,1,0,1,0,1,1,0,0,0,1,1,0,0,0,1,0,1,0,1,1,0,0,0,0,0,1,0,0,0,0,0,1,0,0,1,1,0,0,1,0,0,0,1,0,0,0,0,0,1,0,0,0,0,0,0,0,1,1,0,0,0,0,0,1,0,0,1,0,0,0,0,0,0,0,2,0,0,1,0,0,1,0,0,0,0,0,0,0,0,0,0,0,0,0,0,0,0,0,0,0,0,0,0,0,0,0,0,0,0,0,0,0,0,0,0,0,0,0,1,0,0,0,0,1,1,1,0,0,0,1,0,1,0,0,1,0,1,0,0,0,0,1,2,0,1,0,0,0,0,0,0,1,1,0,0,0,0,1,1,1,0,0,0,0,0,0,0,0,0,0,0,0,0,0,0,0,0,0,0,0,0,0,0,0,0,0,0,0,1,1,0,1,1,0,1,0,1,0,1,0,0,1,0,0,0,1,0,1,0
0,2,0,0,0,0,1,0,1,0,2,0,0,1,0,2,0,0,0,0,1,0,1,0,1,0,0,0,0,0,0,0,2,0,0,0,0,2,0,0,1,0,0,0,0,1,1,3,0,0,0,0,1,1,0,0,2,0,0,0,1,2,0,0,0,0,2,0,0,0,0,0,0,0,0,0,0,0,0,0,2,2,0,0,0,1,0,0,0,1,0,0,0,0,0,2,0,0,0,0,0,0,0,0,0,0,0,0,0,0,2,0,0,1,1,0,0,0,1,0,0,0,0,0,0,0,0,0,0,0,0,0,0,0,0,0,0,0,0,0,0,1,0,0,0,0,0,0,0,0,0,0,0,0,0,0,0,0,0,0,0,0,0,0,1,2,0,0,2,0,0,2,2,0,0,1,0,0,4,0,0,0,0,0,0,0,0,0,0,0,0,0,1,0,1,0,0,0,1,0,0,0,0,1,0,0,0,1,0,0,1,0,0,0,0,0,0,0,0,0,0,0,0,0,0,0,0,1,0,0,0,0,0,0,0,0,2,0,0,2,0,0,0,0,0,0,0,0,0,0,0,0,2,0,0,0
0,1,0,0,0,0,0,0,0,0,2,0,0,0,0,0,0,0,0,0,0,0,0,0,0,0,0,0,0,0,0,0,2,0,0,0,0,2,2,0,0,0,0,0,0,0,0,2,0,0,0,0,0,0,0,0,2,0,0,0,0,2,0,0,3,0,2,0,0,0,0,0,0,0,0,0,0,0,0,0,0,2,0,0,0,2,0,0,0,1,0,0,1,0,0,2,0,0,0,0,0,0,1,0,0,0,0,0,0,0,0,0,0,0,1,0,0,0,0,0,0,0,0,2,0,0,0,0,0,0,0,0,0,0,0,1,1,0,0,0,0,0,0,0,0,0,0,0,0,0,0,0,0,0,0,1,0,0,1,0,0,0,1,0,0,2,1,0,1,0,0,2,2,0,0,0,0,0,2,0,0,0,0,0,0,0,0,0,0,0,0,0,0,0,0,0,0,0,0,1,0,0,0,0,0,0,0,0,0,0,0,0,0,0,0,0,0,0,0,1,0,0,2,0,0,0,1,0,0,0,0,0,0,0,0,0,2,0,0,1,0,0,0,0,0,0,0,0,0,0,0,0,1,0,0,0
0,2,0,0,0,0,0,0,2,2,1,2,0,0,0,3,0,0,0,0,3,0,0,0,0,0,1,1,0,0,1,0,1,0,0,0,0,1,1,0,0,1,0,0,0,0,0,2,0,0,0,1,1,0,0,0,0,0,0,0,0,2,0,1,1,1,1,0,0,0,0,0,0,0,0,0,0,0,0,0,0,1,0,1,0,1,0,0,0,1,0,0,0,0,0,0,0,0,0,0,0,0,1,0,0,0,0,0,0,0,0,0,0,1,0,0,0,0,0,0,0,1,0,2,0,0,0,1,0,0,0,0,0,0,0,0,0,1,0,0,0,0,0,0,0,0,1,0,0,0,0,0,0,0,0,0,0,0,0,0,1,0,0,0,0,1,0,0,1,0,1,1,1,0,0,0,0,0,1,0,0,1,0,1,0,0,0,0,2,0,1,1,0,0,0,0,0,0,0,1,0,1,0,0,0,1,0,0,0,0,0,0,1,1,0,0,0,0,0,0,0,0,0,0,0,0,1,0,0,0,0,0,0,0,1,1,1,0,0,1,0,1,0,1,0,1,0,1,1,0,0,0,0,0,0,0
0,0,0,0,0,0,0,0,0,1,0,1,0,0,1,1,0,0,0,0,0,2,0,0,0,0,0,0,0,0,1,0,0,0,0,0,0,0,0,0,0,0,0,0,1,0,0,0,0,0,0,2,0,0,0,0,0,0,0,0,0,2,0,2,0,2,0,0,0,1,0,0,0,0,0,0,0,0,0,0,0,0,0,0,0,1,0,0,1,2,0,0,0,0,0,0,0,0,0,0,0,0,0,0,0,0,0,0,0,0,2,0,0,2,0,0,1,0,0,0,1,2,0,0,0,0,0,1,0,0,0,0,0,0,0,0,0,0,0,0,0,0,0,1,0,0,2,0,0,0,1,0,0,0,0,0,0,1,0,0,1,0,0,0,0,0,0,0,0,0,2,0,0,0,0,0,0,0,0,0,0,2,0,2,0,0,0,0,2,0,0,2,0,0,0,0,0,0,0,0,0,0,0,0,0,0,0,0,0,0,0,0,0,0,0,0,0,0,0,0,0,0,0,0,0,0,0,0,0,0,0,0,0,0,0,1,0,0,0,0,0,2,0,2,0,1,0,0,1,0,1,0,0,0,1,1
0,0,0,0,0,0,0,0,0,1,1,1,0,0,0,0,0,0,0,0,0,0,0,0,0,0,0,0,0,0,0,1,1,0,0,0,0,1,1,0,0,0,0,0,1,0,0,1,0,0,0,2,1,0,0,0,0,1,0,0,0,1,0,1,1,1,1,0,0,0,0,0,0,0,0,1,0,0,1,0,0,1,0,1,0,1,0,0,0,1,0,0,0,0,1,0,0,0,0,0,0,1,0,0,0,0,0,0,0,0,0,0,0,0,0,1,0,0,1,0,0,0,0,0,0,0,0,0,0,0,0,0,0,1,0,1,1,0,0,0,0,0,0,0,0,1,0,0,0,0,1,0,1,4,0,0,0,0,0,0,1,0,0,0,0,1,0,1,2,0,2,1,1,0,0,1,0,0,2,0,0,1,0,1,0,0,0,0,1,1,0,1,0,0,0,0,0,0,0,0,0,0,0,0,0,0,0,0,0,0,0,0,0,0,0,0,0,0,0,0,0,0,0,0,0,0,1,0,0,0,1,0,0,0,0,1,1,0,0,1,0,1,0,1,0,1,0,0,0,0,0,1,0,0,0,0
0,0,0,0,0,0,0,0,0,2,1,1,0,0,0,1,0,0,0,0,0,0,0,0,0,0,1,0,0,0,0,1,1,0,0,0,0,1,0,1,0,0,0,0,0,0,0,1,0,0,0,1,0,0,0,0,1,0,0,0,0,1,1,1,0,1,1,0,0,0,0,0,0,0,0,0,0,0,0,0,0,1,0,0,0,2,0,0,1,1,0,0,0,0,0,2,0,0,1,1,0,0,0,0,0,0,0,0,0,0,0,0,0,1,0,0,0,0,0,0,0,1,0,0,0,0,0,0,0,0,0,0,0,0,1,0,0,1,0,0,0,0,0,0,0,0,0,0,1,0,0,0,0,0,0,0,0,0,0,0,1,0,0,0,0,1,0,0,1,0,1,1,1,0,0,0,0,0,1,0,0,1,0,1,0,0,0,0,1,0,1,1,0,0,0,0,0,0,0,1,0,0,0,0,0,0,0,0,0,0,0,1,2,0,0,0,0,0,0,0,0,0,0,0,0,0,0,0,0,0,0,0,0,0,0,1,1,0,0,1,0,1,0,1,0,0,0,0,0,0,0,0,1,0,1,1
2,1,2,0,0,1,0,0,0,2,0,0,0,0,0,2,0,0,1,0,0,2,0,0,2,0,0,0,0,0,0,0,0,0,0,0,1,0,0,0,0,0,0,0,0,2,2,0,1,3,0,1,0,0,0,0,0,0,0,0,0,1,0,1,1,0,0,0,0,1,0,0,0,0,0,0,0,0,0,0,0,0,1,0,1,1,0,0,0,1,0,0,0,0,0,0,0,0,0,0,1,0,0,0,0,0,0,0,0,0,1,1,0,1,0,0,0,0,0,0,0,0,0,0,0,0,1,0,0,0,0,0,0,2,0,0,1,0,0,0,0,0,0,1,0,0,0,0,0,0,0,0,0,1,1,0,0,0,0,0,0,0,1,1,0,0,0,0,0,0,1,0,0,0,0,0,1,0,0,0,0,2,0,2,0,0,0,0,2,0,1,1,1,0,0,0,0,0,0,0,0,0,1,0,0,0,0,0,0,0,0,0,0,0,0,0,0,0,0,2,0,0,0,0,0,0,0,1,0,0,0,0,0,2,0,1,0,0,0,1,4,1,1,1,0,0,0,0,0,0,0,0,0,0,0,0
0,0,0,0,0,0,0,0,1,4,2,4,0,0,0,1,0,0,0,0,1,0,0,1,0,0,1,3,0,0,0,0,0,0,0,0,0,0,0,0,0,0,0,0,0,0,1,0,0,0,1,1,0,0,0,0,1,0,0,1,0,2,0,2,0,1,1,0,0,0,0,0,0,1,1,0,0,0,0,0,0,0,0,0,0,1,0,0,0,3,0,0,0,0,0,1,0,0,0,0,0,0,0,0,0,0,0,0,0,0,2,2,0,3,0,0,0,0,0,0,0,1,0,2,0,0,0,1,0,0,0,0,0,0,0,0,0,0,0,0,0,0,0,0,0,0,1,0,0,0,0,0,0,0,0,0,0,0,0,0,1,0,0,0,1,0,0,1,0,0,2,0,2,0,0,0,0,0,0,0,0,2,0,3,0,0,0,0,2,0,0,2,0,1,0,0,0,0,1,0,0,0,0,0,0,0,0,0,0,0,0,1,3,0,1,0,0,0,0,0,0,0,0,0,0,0,0,0,1,0,0,0,0,0,0,1,0,0,0,1,0,2,0,2,0,1,0,0,0,0,0,0,1,0,0,0
0,0,0,0,0,0,0,0,0,2,1,0,0,0,1,1,0,0,0,0,0,0,0,0,0,0,0,0,0,0,0,0,1,1,0,0,0,1,0,0,0,0,0,0,0,0,0,1,0,0,0,1,1,0,0,0,0,0,0,0,0,1,0,1,1,1,1,0,0,0,0,0,0,0,1,0,0,0,0,0,1,1,0,0,0,2,0,0,1,2,0,0,0,0,1,0,3,0,0,0,0,0,0,0,0,0,0,0,0,0,0,0,0,1,0,0,0,0,0,0,0,1,1,0,0,0,0,3,0,0,0,0,0,0,0,0,0,0,0,0,0,0,0,0,0,0,0,0,0,0,0,1,0,0,0,0,0,0,0,0,1,0,0,0,0,1,0,2,3,0,1,1,1,0,1,0,0,2,1,0,0,1,1,1,0,0,0,0,3,0,2,1,0,0,0,2,0,0,0,0,0,0,0,0,0,0,0,0,0,0,0,0,2,0,0,0,0,0,1,0,0,0,0,0,0,0,1,0,0,0,0,0,0,0,0,1,1,0,1,1,0,1,0,1,0,1,0,0,0,0,0,0,0,0,1,0
0,0,0,0,0,0,0,0,0,2,1,1,0,1,0,2,0,0,0,0,0,0,0,1,0,0,0,0,0,0,1,0,1,0,0,0,0,1,1,0,1,0,0,0,0,0,0,1,0,0,0,1,1,0,0,0,0,0,0,0,0,1,0,1,1,1,1,0,0,0,0,0,0,1,1,0,0,0,0,0,0,1,0,0,0,1,0,0,0,1,0,0,0,0,0,0,0,0,0,1,0,0,2,0,0,0,0,0,0,0,2,0,0,1,0,0,0,0,0,0,1,1,0,0,1,0,0,1,0,0,0,0,0,0,0,0,0,0,0,0,0,0,0,0,0,0,0,0,0,0,0,0,0,0,0,0,0,0,0,0,2,0,0,0,0,1,1,1,2,0,2,1,1,0,1,0,0,0,3,0,0,1,0,2,0,0,0,0,3,0,0,1,0,0,0,0,0,0,0,3,0,0,0,1,0,0,0,0,0,0,0,0,1,0,0,0,0,2,0,2,0,0,0,0,0,0,1,0,0,0,3,0,0,0,1,2,1,0,0,0,0,1,0,1,0,0,0,0,0,0,0,0,1,0,1,1
0,6,0,0,0,0,0,0,1,0,2,0,3,0,0,4,0,0,0,0,0,0,0,0,0,0,0,0,0,0,0,2,2,0,0,0,0,2,3,0,0,0,0,0,0,2,1,2,0,0,0,2,0,0,0,0,4,0,0,0,0,2,0,0,2,0,2,0,0,0,0,0,0,0,0,0,0,0,0,0,0,2,0,0,0,0,0,0,0,0,0,0,0,0,0,2,0,0,0,0,0,0,0,0,0,0,0,0,0,0,0,0,0,0,0,0,0,0,0,0,0,0,0,0,0,0,0,0,0,0,0,0,0,0,0,0,0,0,0,0,0,0,0,0,0,0,0,0,0,0,0,0,0,0,0,0,0,0,0,0,0,0,0,0,1,2,0,2,3,0,1,2,2,0,0,0,0,0,2,0,0,0,0,0,0,0,0,1,2,0,0,0,0,2,2,0,0,0,1,0,0,1,0,0,0,0,0,0,0,0,0,0,0,0,0,0,0,0,0,1,0,3,0,0,0,0,0,0,0,0,0,0,0,0,0,0,3,0,0,1,0,0,0,0,0,0,0,0,0,0,0,0,1,1,0,0
0,2,0,0,0,0,0,0,1,0,1,0,0,0,0,2,0,0,0,0,0,0,0,2,1,0,0,0,1,0,0,0,1,0,0,0,0,2,0,0,0,0,0,0,1,1,0,1,0,0,0,0,1,1,0,0,0,0,1,0,0,0,0,0,3,1,1,0,0,1,4,0,0,0,1,1,0,0,0,0,0,1,0,0,0,1,2,0,1,0,0,0,0,1,0,0,0,0,0,0,0,0,0,0,0,2,0,0,3,1,0,0,0,0,0,0,0,0,1,0,0,0,1,0,0,0,0,0,0,1,1,0,1,0,1,1,0,2,1,0,0,0,0,0,0,1,0,1,0,0,0,3,0,0,0,0,2,1,1,0,0,0,0,0,1,1,0,0,1,0,0,1,1,0,0,0,0,0,1,0,0,0,0,0,0,1,0,1,1,0,1,0,0,1,0,0,1,0,2,0,0,0,0,0,0,0,0,0,0,0,0,0,0,0,0,0,0,0,1,2,0,0,2,0,0,0,2,0,0,0,0,0,1,0,0,0,1,4,0,1,0,0,1,0,1,1,0,0,1,0,0,0,1,0,0,1
0,0,0,0,0,0,1,0,1,2,1,1,0,0,0,1,0,0,0,0,1,0,0,1,0,0,0,0,0,0,0,1,1,0,0,0,0,1,1,0,0,0,0,0,1,0,0,1,0,0,0,1,0,0,0,0,1,0,0,0,0,1,0,1,0,1,1,0,0,0,0,0,0,0,0,0,0,0,0,0,0,1,0,0,0,0,0,0,1,1,0,0,0,0,0,1,0,0,0,0,0,0,0,0,0,0,0,0,0,0,0,0,0,1,0,0,0,0,1,0,0,1,0,0,0,0,0,0,0,0,0,0,0,0,0,0,0,0,0,0,0,0,1,2,0,0,0,0,0,0,0,0,1,0,0,0,0,0,0,0,1,0,0,0,0,2,0,0,1,0,1,1,1,0,0,0,1,0,1,0,0,1,0,1,0,0,0,1,2,1,0,1,0,0,0,0,0,0,0,0,0,0,0,0,0,0,0,0,0,0,0,0,0,0,0,0,0,0,0,0,0,0,0,0,0,0,0,0,0,0,0,0,0,0,0,1,1,0,0,1,0,1,0,1,0,0,0,0,0,0,0,0,1,0,1,1
0,1,0,0,0,0,0,0,0,0,2,1,0,0,0,2,0,0,0,0,0,0,0,0,0,0,0,0,0,0,0,0,1,0,0,0,0,1,0,0,0,0,0,0,0,0,0,1,0,0,0,0,0,0,0,0,0,0,0,0,0,1,1,0,2,0,2,0,0,0,0,0,0,0,2,0,0,0,0,0,0,2,0,0,0,0,0,0,0,1,0,0,0,0,0,1,0,0,0,0,0,0,0,0,1,0,0,1,0,0,1,0,0,0,0,0,0,0,2,0,0,0,0,0,0,0,0,0,0,0,0,0,0,0,0,0,1,0,0,1,0,0,0,0,0,0,0,0,0,0,0,0,0,0,0,0,0,0,0,0,0,0,0,0,0,1,0,0,3,0,0,2,2,0,2,0,0,0,2,0,1,1,0,1,1,0,0,0,1,0,0,0,0,0,1,0,0,0,0,0,0,1,0,0,0,0,0,0,0,0,0,0,0,0,0,0,0,1,0,1,0,0,1,0,0,0,1,0,0,0,0,0,0,0,0,0,2,0,0,0,0,0,0,0,0,0,0,0,0,0,0,0,2,0,0,1
0,5,0,1,0,0,0,0,0,0,1,0,0,0,0,3,0,0,0,0,1,0,1,0,0,0,0,0,0,0,0,0,1,0,0,1,1,1,3,0,0,0,0,0,0,0,0,1,1,0,0,2,0,0,0,0,1,0,0,0,0,7,0,1,1,4,1,0,0,0,0,0,2,0,0,0,1,0,0,0,1,1,0,0,1,1,0,0,1,1,0,0,0,0,0,0,0,0,0,0,0,0,0,0,1,0,0,0,0,0,0,0,0,0,1,0,0,0,0,0,0,1,0,0,0,0,0,1,0,0,0,0,0,0,0,0,0,1,0,1,0,0,0,0,0,0,0,0,0,0,1,0,0,0,0,0,2,0,0,0,0,0,0,0,0,1,0,0,2,0,1,1,1,0,0,0,0,0,1,0,0,1,0,2,0,0,0,3,4,0,0,2,0,1,0,0,2,0,0,0,0,0,0,0,0,0,0,0,0,0,0,0,0,0,0,0,0,0,0,0,0,0,0,0,0,0,1,0,1,0,0,0,0,0,0,1,1,0,0,1,0,1,0,1,0,1,0,0,1,0,0,0,1,0,0,0
0,0,0,0,0,0,0,0,0,1,0,0,0,0,0,1,0,0,0,0,0,0,0,0,0,0,0,0,0,0,0,0,0,0,0,0,0,0,0,0,0,0,0,0,0,0,0,0,1,1,0,2,0,0,0,0,0,1,0,0,0,2,0,2,0,2,0,0,0,0,0,0,0,0,0,1,0,0,0,0,0,0,3,0,1,2,0,0,0,1,0,0,0,0,1,1,0,0,0,2,0,0,0,0,0,0,0,0,0,0,0,0,0,1,0,0,0,0,0,0,0,2,0,0,0,0,0,1,0,0,1,0,0,0,0,0,0,0,0,0,0,0,1,0,0,0,0,0,0,0,1,0,0,0,0,0,0,0,0,0,1,0,0,0,0,0,1,1,0,0,2,0,0,0,0,0,0,0,0,0,0,2,1,2,0,0,0,0,3,2,0,2,1,0,0,0,0,0,0,0,0,0,0,0,0,0,0,0,0,0,0,0,0,0,0,0,1,0,0,1,0,0,0,0,0,0,0,0,0,0,0,0,0,0,0,2,0,0,0,0,0,2,0,2,0,4,0,0,1,0,0,0,0,0,0,1
0,1,0,0,0,0,1,0,0,1,1,0,0,0,0,1,0,0,0,0,0,0,0,1,0,0,0,0,0,0,0,0,1,0,0,0,0,1,0,0,0,0,0,0,0,0,0,1,0,1,0,1,1,0,0,0,0,0,0,0,0,2,0,1,1,1,1,0,0,0,0,0,0,0,0,0,0,0,0,0,0,1,0,0,0,1,0,0,0,1,0,0,0,0,0,0,0,0,0,0,0,0,1,0,0,0,0,1,0,0,0,0,0,0,0,0,1,0,0,0,0,1,0,1,0,0,0,1,0,0,0,0,0,0,0,0,0,0,0,0,0,0,0,0,0,0,0,0,0,0,0,0,0,0,0,0,0,0,0,0,0,0,0,0,0,1,0,0,1,0,1,1,1,0,0,0,0,0,1,0,0,1,0,1,0,0,0,0,2,0,0,1,0,0,0,0,0,0,0,0,0,0,0,0,0,1,0,0,0,0,0,0,0,0,0,0,0,0,0,0,1,0,0,0,0,0,1,0,0,0,0,0,0,0,0,1,1,0,0,0,0,1,0,1,0,1,0,0,1,0,0,0,1,0,0,0
0,0,0,0,0,0,0,0,0,4,0,1,0,0,0,0,0,0,0,0,0,0,0,0,0,0,0,3,0,0,0,0,0,0,0,0,0,0,0,0,0,0,0,0,1,0,0,0,0,3,0,1,1,0,0,0,0,0,0,2,0,3,0,2,0,1,1,0,0,0,0,0,0,0,0,0,0,0,0,0,0,0,0,0,0,2,0,0,0,2,0,0,0,0,0,1,0,0,0,0,0,1,0,0,1,0,0,1,0,0,2,0,0,3,1,0,0,0,0,0,0,2,0,2,0,0,0,0,0,0,0,0,0,0,0,0,0,0,0,0,0,0,0,0,0,0,1,0,0,1,0,0,0,0,0,0,0,0,0,0,1,0,0,0,0,0,0,0,1,0,2,0,0,0,0,0,0,0,0,0,0,2,0,2,0,0,0,0,2,0,0,2,0,0,0,0,0,0,0,0,0,0,0,0,0,0,0,0,0,0,0,0,0,0,0,0,0,0,0,0,0,0,0,0,0,0,1,0,0,0,0,0,0,0,0,1,0,0,0,1,0,2,0,2,0,1,0,0,0,0,0,0,1,0,0,0
0,1,0,0,1,0,0,0,1,1,1,1,0,0,0,1,0,0,0,0,1,0,0,0,0,0,0,0,0,0,0,0,1,0,0,0,0,1,0,0,0,0,0,0,0,0,0,1,0,0,0,1,0,2,0,0,2,0,0,0,0,4,0,3,1,1,1,0,0,0,0,0,0,0,0,0,0,0,0,0,0,2,0,0,0,1,0,0,1,1,0,0,0,0,0,1,0,0,0,0,0,0,0,0,0,0,0,0,0,0,0,0,0,0,0,0,0,0,0,0,0,1,0,0,0,0,0,1,0,0,0,1,0,0,0,2,0,0,0,0,0,0,0,0,0,0,0,0,0,0,0,0,0,0,0,0,0,0,2,0,1,0,0,0,0,1,0,0,0,0,1,1,1,0,0,0,0,0,1,0,0,1,0,1,0,0,0,0,1,0,0,1,0,1,0,0,1,0,0,0,0,0,0,0,0,1,0,0,0,0,0,0,1,2,0,0,0,0,0,0,0,0,0,0,0,0,0,0,0,0,1,0,0,0,0,1,1,0,1,1,0,1,0,1,0,1,0,0,0,0,0,0,1,0,0,0
0,1,0,0,0,0,0,0,1,0,1,1,0,0,0,1,0,0,0,0,0,0,0,1,0,0,1,0,0,0,0,1,1,0,0,0,0,1,0,3,0,0,0,0,0,0,0,1,0,0,0,1,0,1,0,0,0,0,0,0,0,4,0,1,0,1,1,0,0,0,0,0,0,2,0,0,0,0,0,0,0,1,2,1,0,0,0,0,0,3,0,0,0,0,0,0,0,0,0,0,0,0,0,0,1,0,0,0,0,0,0,0,1,2,0,1,0,0,0,0,0,1,0,0,0,0,0,1,0,0,1,0,0,0,0,0,1,0,0,0,0,0,0,0,0,0,0,0,0,0,0,0,0,0,0,0,0,0,0,0,1,0,0,0,0,1,0,0,3,0,2,1,3,0,1,0,0,0,4,1,0,1,0,1,0,0,0,1,4,0,0,1,0,2,0,0,2,0,0,2,1,0,0,1,0,0,0,0,0,0,0,0,1,0,3,0,0,0,0,0,0,0,0,0,0,1,1,0,0,0,0,0,0,0,0,1,1,0,0,1,0,1,0,2,0,1,0,0,0,0,0,0,1,0,0,0
0,1,0,1,0,0,0,0,0,2,1,0,0,0,0,2,1,0,0,0,0,0,0,0,0,0,1,0,0,0,1,1,1,0,0,0,0,1,0,0,0,0,0,0,0,0,0,1,0,0,0,2,0,0,0,0,1,0,0,1,0,1,1,1,1,0,1,0,0,0,0,0,0,3,1,0,0,0,0,0,0,1,0,0,0,3,0,0,0,1,0,0,0,0,0,1,0,0,0,0,0,0,0,0,0,0,0,0,0,0,0,0,0,2,0,0,0,0,1,0,1,1,0,0,0,0,0,0,0,0,1,0,0,0,0,0,0,0,0,0,0,0,1,0,0,0,1,0,0,0,0,0,0,0,0,0,0,0,0,0,0,0,1,0,0,1,0,0,1,1,1,1,1,0,0,0,0,0,1,0,0,1,0,1,0,0,0,0,2,0,0,1,0,0,0,0,0,0,0,0,0,1,0,0,0,0,0,0,0,0,0,0,0,0,0,0,0,0,0,0,0,0,0,0,0,0,0,0,0,0,0,0,0,0,0,1,1,0,0,1,0,1,1,1,0,0,0,0,0,0,0,0,3,0,0,0
0,2,0,0,0,0,0,0,2,1,2,0,1,0,0,1,0,0,0,0,0,0,0,0,0,0,1,0,0,0,1,0,1,0,0,0,0,2,1,0,0,0,0,0,0,0,0,1,0,0,0,0,1,0,0,0,2,0,0,0,0,2,1,0,2,0,2,0,0,0,1,0,0,0,0,0,0,0,1,0,0,2,0,1,0,1,0,0,0,1,0,1,1,0,0,1,0,0,0,0,0,0,0,0,0,0,0,0,0,0,0,0,0,0,0,1,0,0,1,0,0,0,0,1,0,0,0,0,0,0,0,0,0,1,0,1,0,0,1,1,0,0,0,0,0,0,0,0,0,0,0,0,0,1,0,0,0,0,0,0,0,0,1,0,0,3,0,0,4,0,0,2,2,0,0,0,0,0,2,0,0,0,0,0,0,0,0,3,2,0,2,0,0,0,0,0,0,0,0,0,0,0,0,0,0,0,0,0,0,0,0,0,0,0,0,0,0,0,0,0,0,0,1,0,0,0,1,1,0,0,0,0,0,0,0,0,2,0,0,1,0,0,0,0,0,0,0,0,0,0,0,0,1,0,0,0
0,0,0,0,0,0,0,0,0,0,1,1,0,0,0,0,0,0,0,0,0,0,0,0,0,0,0,0,0,0,0,0,0,0,0,0,0,0,1,0,0,1,0,0,1,0,0,0,0,0,0,0,0,1,0,0,0,0,0,0,0,1,0,1,1,0,1,0,0,0,0,0,0,0,0,0,0,0,0,1,0,0,0,1,0,1,1,0,0,1,0,0,0,0,0,0,1,0,0,0,0,2,0,0,0,0,0,0,0,0,0,0,0,1,0,0,0,0,0,0,0,0,0,1,0,0,0,1,1,0,0,0,0,0,0,0,1,1,0,0,1,0,1,0,0,0,0,0,0,0,0,0,0,0,0,0,0,0,0,1,0,0,0,0,0,0,0,0,1,0,1,0,1,1,0,0,0,0,0,1,0,1,1,1,0,0,0,0,1,0,0,2,0,0,1,0,0,0,0,0,0,0,1,0,0,0,0,1,0,2,0,0,0,0,0,0,0,0,0,0,0,0,1,0,0,0,0,0,0,0,0,0,0,0,0,0,0,0,0,0,0,1,1,0,0,0,0,0,0,0,0,0,1,0,0,1
0,0,0,0,0,0,0,0,0,0,2,0,0,0,0,2,0,0,0,0,0,0,0,0,0,0,0,0,0,0,0,1,2,0,0,0,0,2,2,0,1,0,0,0,0,0,0,2,0,0,0,1,0,0,0,0,0,0,0,0,0,2,0,0,2,0,2,0,0,0,0,0,0,0,0,0,0,0,0,0,0,2,0,1,0,0,0,0,0,0,0,0,0,0,0,0,0,0,0,0,0,0,0,0,0,0,0,0,0,0,0,0,1,0,0,0,0,0,2,0,0,0,0,2,0,0,0,0,0,0,0,0,0,1,0,1,0,0,2,0,0,0,0,0,0,1,0,0,0,0,0,0,0,1,0,0,0,0,0,0,0,0,0,0,0,3,0,0,2,0,0,2,2,0,0,1,0,0,4,0,1,0,0,0,1,0,0,0,1,0,0,0,0,1,0,0,0,0,0,0,0,0,0,0,0,1,0,0,0,0,1,0,0,0,0,0,0,0,0,0,0,0,0,0,0,0,2,1,0,0,1,0,0,0,0,0,2,1,0,2,0,0,0,0,0,0,0,0,0,0,0,0,0,0,0,0
0,0,0,0,0,0,0,0,0,0,1,1,0,0,0,2,0,0,0,0,1,0,0,1,0,0,0,0,0,0,0,0,1,0,0,0,0,1,0,0,0,0,0,0,0,0,1,1,0,0,0,1,0,0,0,0,0,0,0,0,0,2,0,1,1,1,1,0,0,0,0,0,0,0,0,1,0,0,0,0,1,1,0,1,0,1,0,0,0,1,0,0,0,0,0,0,0,0,0,0,0,0,0,0,0,0,0,0,0,0,0,0,0,0,0,0,0,0,0,0,0,1,0,0,0,0,0,0,0,0,0,0,0,1,0,1,0,0,1,0,0,0,0,0,0,0,0,0,0,0,0,0,0,1,0,0,0,0,0,0,1,0,0,0,0,1,0,1,2,0,2,2,1,0,0,0,0,0,1,0,0,1,0,1,0,0,0,0,1,0,0,1,0,0,0,0,0,0,0,0,0,0,0,0,0,0,0,0,0,0,0,0,0,0,0,0,0,0,0,0,0,0,0,0,0,0,1,0,0,0,1,0,0,0,0,1,1,0,1,0,0,1,2,1,0,1,0,0,0,0,0,1,1,0,0,1
0,0,0,0,0,0,0,0,0,0,1,0,0,0,0,1,0,0,0,0,0,0,0,0,0,0,0,0,1,0,0,2,1,0,0,0,0,1,0,0,1,0,0,0,0,0,0,1,0,0,0,1,0,0,0,0,0,0,0,0,0,1,0,1,1,2,1,0,0,0,0,0,1,0,0,0,0,0,0,0,0,2,0,0,0,2,0,0,0,1,0,0,0,0,0,0,0,0,0,0,0,0,0,1,0,0,0,0,0,0,0,0,0,2,0,0,0,0,0,0,0,2,0,0,0,0,0,1,0,0,0,0,0,0,0,0,0,0,0,0,0,0,0,0,0,0,0,0,0,1,0,0,0,0,0,0,0,0,0,0,1,0,0,0,0,1,0,1,1,0,1,1,1,0,0,0,0,1,1,0,0,1,0,1,0,0,0,0,1,0,0,1,0,0,1,0,0,0,0,0,0,1,0,0,1,0,0,0,0,0,0,0,1,0,0,0,0,0,0,1,0,1,0,0,0,1,1,0,0,0,0,0,0,0,0,1,1,0,0,1,0,1,0,1,0,1,0,0,0,0,0,0,0,0,0,0
0,3,0,0,3,0,0,0,1,0,2,0,0,0,0,2,0,0,0,0,1,0,0,0,0,0,1,0,0,0,1,0,2,0,0,0,0,2,0,0,0,0,0,0,0,0,0,2,0,0,0,0,0,0,0,0,0,0,0,0,0,1,0,0,2,0,2,0,0,0,0,0,0,0,0,0,0,0,0,0,1,3,0,0,0,0,0,0,0,1,0,1,0,0,0,0,0,0,0,0,0,0,0,1,0,0,0,0,0,0,0,0,0,0,0,0,0,0,0,0,0,0,0,0,0,0,0,0,0,0,0,0,0,0,1,1,0,0,0,0,0,0,0,0,1,1,0,0,0,0,0,1,0,0,0,0,0,1,0,0,0,0,0,0,2,2,2,0,2,0,0,2,2,0,0,0,0,0,2,0,0,0,0,0,0,0,0,0,0,0,0,0,0,2,2,0,0,1,0,0,0,0,1,0,0,0,0,0,0,0,0,0,0,0,0,0,0,2,0,3,0,0,1,0,0,0,1,0,0,0,0,0,0,0,0,0,2,0,2,0,0,0,0,0,0,0,0,0,0,0,0,0,3,0,0,0
0,0,0,0,0,0,0,0,3,0,1,2,0,0,0,1,0,0,0,0,1,0,0,0,0,0,0,1,0,0,0,1,1,2,0,0,0,1,2,0,1,0,0,0,0,0,2,1,0,1,0,1,0,0,0,0,0,0,0,2,0,1,0,1,3,1,1,1,2,0,0,0,0,0,1,0,0,0,0,0,0,1,0,1,0,2,0,0,0,2,0,0,0,0,0,2,0,0,0,0,0,0,0,0,0,0,0,0,0,0,1,0,0,0,0,0,0,0,1,0,0,1,0,0,0,0,0,0,0,0,0,0,0,0,0,0,0,0,0,0,0,0,0,0,0,0,0,0,0,0,0,0,0,0,0,0,0,0,0,0,1,1,2,0,0,1,0,3,3,0,1,1,1,0,0,0,1,0,1,0,0,1,0,1,0,0,0,1,1,0,2,1,0,1,3,0,0,3,0,0,0,2,1,0,0,1,0,0,0,0,0,0,2,0,0,0,0,2,0,0,0,0,0,0,0,0,0,0,0,0,0,0,0,0,0,1,1,0,0,1,1,1,0,1,0,1,1,0,0,0,0,0,1,0,0,3
1,0,0,0,0,0,0,0,0,0,1,0,0,1,1,1,0,0,0,0,1,0,0,0,0,0,1,0,3,0,0,0,1,0,0,0,0,1,1,0,0,0,0,0,0,0,0,1,0,0,0,0,0,0,0,0,0,0,0,0,0,1,0,0,2,0,1,0,0,1,1,0,1,0,0,1,0,0,0,0,0,1,0,0,0,0,0,0,0,0,0,1,0,1,0,0,0,0,0,0,0,0,0,0,0,0,0,0,0,0,0,0,0,0,0,0,0,0,0,0,0,0,1,0,0,0,0,1,0,1,1,0,1,0,0,0,0,0,0,0,0,0,0,0,0,1,3,0,0,0,0,0,0,0,0,0,0,1,0,0,0,0,0,0,1,1,0,0,0,0,1,1,1,0,0,0,0,0,1,0,0,0,0,0,0,0,1,0,1,0,0,0,0,0,0,0,0,0,0,1,0,0,0,0,0,0,1,0,0,0,0,0,0,0,0,0,0,0,0,1,0,0,0,0,0,0,2,0,0,0,0,1,0,0,0,0,2,3,0,1,0,0,0,0,1,0,0,0,0,0,0,0,0,0,0,0
0,0,0,0,0,0,0,0,0,3,2,2,0,0,0,1,0,0,0,0,1,0,0,0,0,0,0,1,0,0,0,1,1,0,0,0,0,1,0,0,0,0,0,0,0,0,0,1,0,0,0,1,0,0,0,0,0,0,0,0,0,1,0,1,1,1,1,0,0,1,0,0,0,0,0,0,0,0,0,0,0,1,1,0,0,2,0,1,1,2,0,0,0,0,0,1,0,0,1,0,0,0,0,0,1,0,0,0,0,0,0,0,1,0,0,0,0,0,0,0,0,1,0,0,0,0,0,1,0,1,0,0,0,0,0,0,0,0,0,0,0,0,0,0,0,0,0,0,0,0,0,0,0,0,0,0,0,0,1,0,0,0,0,0,0,1,0,0,0,0,2,1,1,0,0,0,0,0,1,0,0,1,0,1,0,0,0,0,1,0,0,1,0,0,0,0,0,0,0,0,0,0,0,0,0,0,0,0,0,0,0,0,1,0,0,0,0,0,0,0,0,0,0,0,0,0,0,0,0,0,0,0,0,0,1,0,1,0,1,1,0,1,0,1,0,0,0,1,1,0,0,0,0,0,0,0
0,0,0,0,0,0,0,0,1,0,1,0,0,0,0,1,0,0,0,0,1,0,0,0,0,0,0,0,0,0,0,0,0,0,1,0,0,0,1,0,0,0,0,0,0,0,0,0,0,0,0,0,0,1,0,0,0,0,0,0,0,2,0,1,0,0,2,1,0,0,0,0,0,0,0,0,0,0,0,1,0,0,0,0,0,1,1,0,0,1,1,0,0,0,0,1,1,0,1,0,0,2,0,0,0,0,0,0,0,0,1,0,0,0,0,0,0,0,0,0,0,0,0,0,0,0,0,2,1,0,0,0,0,0,0,0,0,1,0,0,0,0,1,0,0,0,0,0,0,0,0,0,0,0,0,0,0,0,0,0,0,0,0,0,0,0,0,0,2,0,1,0,2,0,0,1,0,0,0,1,0,2,0,1,0,0,0,0,1,0,0,1,0,0,1,0,1,0,0,0,0,0,0,0,0,0,0,0,0,0,0,0,0,0,0,0,0,0,0,0,0,0,0,0,0,0,0,0,0,0,0,0,0,0,0,0,0,0,0,1,0,1,1,0,0,0,0,0,0,0,0,0,2,0,0,0
0,1,0,0,1,0,0,0,0,2,1,0,0,0,0,2,1,0,0,0,1,0,0,0,0,0,0,0,1,0,0,0,1,0,0,0,0,1,0,0,1,0,0,0,0,0,0,2,0,1,0,1,0,0,0,0,0,0,0,0,1,2,0,1,0,1,1,0,0,0,0,0,1,0,1,0,1,0,0,0,0,1,0,1,0,0,0,0,0,1,0,0,0,0,0,1,0,0,0,0,0,2,0,0,0,0,0,1,0,0,0,0,0,2,0,0,0,0,0,0,0,2,0,1,0,0,1,0,0,0,0,0,0,0,0,0,0,0,0,0,0,0,0,0,0,0,0,0,0,0,0,1,0,0,0,0,0,0,0,0,1,0,0,0,0,1,0,1,1,0,1,1,1,0,0,0,0,0,1,0,0,1,0,1,0,0,0,0,1,0,0,1,0,0,0,0,0,0,0,1,0,0,0,0,0,1,0,0,0,0,0,0,2,1,0,0,0,0,0,0,0,0,0,0,0,0,0,0,0,0,0,0,0,0,0,1,1,0,0,1,0,1,0,1,0,1,0,0,0,0,0,0,1,0,0,0
0,3,0,0,0,0,0,0,2,1,1,0,0,0,0,3,0,0,0,0,1,0,0,0,0,0,1,0,0,0,4,0,1,0,0,0,0,1,1,0,0,0,0,0,0,0,0,1,0,0,0,1,0,0,0,0,0,0,0,0,0,2,0,1,0,1,1,0,0,0,0,0,0,0,0,0,0,0,0,0,0,1,0,0,0,0,0,0,0,1,0,0,0,0,0,0,0,0,0,0,0,0,1,0,0,0,0,1,0,0,0,0,0,1,0,0,0,0,0,0,0,1,0,1,0,0,0,1,0,0,0,0,0,0,0,0,0,0,0,0,0,0,0,0,0,0,0,0,0,0,0,0,0,0,0,0,0,0,0,0,1,0,0,0,0,1,0,1,4,1,1,1,1,0,0,0,0,0,1,0,0,1,0,1,0,0,0,0,3,0,0,1,0,0,0,1,0,0,0,0,0,0,0,0,0,0,0,0,0,0,0,0,0,0,0,0,0,0,1,1,0,1,0,0,0,0,1,0,0,0,0,0,0,0,0,1,1,0,0,1,0,1,0,1,0,1,0,0,0,0,0,0,1,0,0,0
0,2,0,0,0,0,0,0,0,1,1,0,0,0,0,0,0,0,0,0,0,0,0,0,0,0,2,0,0,0,1,0,1,0,0,0,0,1,1,0,1,0,0,0,0,0,0,1,0,0,0,1,0,0,0,0,1,0,0,0,0,3,0,1,1,1,1,0,0,0,0,0,0,0,0,0,0,0,0,0,0,1,0,0,0,0,0,0,0,1,0,0,0,0,0,1,0,0,0,0,0,1,0,0,0,0,0,0,0,0,0,0,0,1,0,0,0,0,0,0,0,1,0,0,0,0,0,0,0,0,0,0,0,0,1,0,0,0,0,0,0,0,0,1,0,0,0,0,0,0,0,0,0,0,0,0,0,0,0,0,1,0,1,0,0,1,0,1,0,0,1,1,1,0,0,0,0,0,2,0,1,1,0,1,0,0,0,2,4,0,0,1,0,0,0,0,0,0,0,0,0,0,0,0,0,0,0,0,0,0,0,0,0,0,0,0,0,0,0,0,0,0,0,0,0,0,1,0,0,0,0,0,0,0,0,1,1,0,0,0,0,1,0,1,0,1,0,0,0,0,0,0,1,0,0,1
0,0,0,0,0,0,0,0,0,0,1,1,0,0,0,1,0,0,0,0,1,0,2,0,0,0,0,0,0,0,0,0,1,2,0,0,0,1,1,0,0,0,0,0,0,0,3,1,1,0,0,0,6,0,0,1,1,2,0,0,0,0,0,0,1,0,1,0,0,0,1,0,1,0,0,0,0,1,1,1,0,1,1,1,0,0,0,1,0,0,0,0,0,0,0,1,0,0,1,0,0,1,0,0,0,0,0,0,0,0,0,0,0,0,0,0,0,0,0,1,0,0,0,0,0,1,0,0,0,0,2,1,0,0,0,0,0,0,1,0,0,2,0,0,0,0,1,0,0,0,1,1,0,1,1,0,1,1,3,1,0,0,0,1,2,1,0,0,1,0,2,1,4,0,3,0,1,1,1,0,0,0,0,0,0,0,1,0,0,0,3,2,0,0,1,0,0,0,0,0,0,0,0,1,0,0,0,0,0,0,0,0,1,0,0,0,0,0,0,2,0,1,0,0,0,0,1,0,0,2,1,0,0,0,0,0,1,0,0,0,0,0,0,0,1,0,0,0,0,0,0,0,1,0,0,0
0,3,0,0,0,0,0,0,3,0,2,0,1,0,0,1,0,0,0,0,2,0,0,0,0,0,2,0,0,0,0,0,2,0,0,0,0,2,0,0,0,0,0,0,0,0,0,2,0,0,0,0,0,0,0,0,0,0,0,0,0,0,0,0,2,0,2,0,0,0,0,0,0,0,0,0,0,0,0,0,0,2,0,0,0,0,0,0,0,0,0,0,0,0,0,1,0,0,0,0,0,0,0,0,0,0,0,0,0,0,0,0,0,0,0,0,0,0,0,0,0,0,0,1,0,0,0,0,0,0,0,0,0,0,0,0,0,0,0,0,0,0,0,0,0,0,0,0,0,0,0,0,0,0,0,0,0,0,0,0,0,0,1,0,0,2,0,0,1,0,1,2,2,0,0,0,0,0,2,0,0,0,0,0,0,0,0,0,2,0,2,1,0,2,0,0,0,0,1,1,0,0,1,0,0,0,0,0,0,0,0,0,0,0,0,0,0,0,0,1,0,0,0,0,0,0,1,0,1,0,0,0,0,0,0,0,2,0,0,1,0,0,0,0,0,0,0,0,0,0,0,0,1,0,0,0
0,3,0,1,0,0,0,0,2,0,2,0,3,2,0,3,0,0,0,0,2,0,0,0,0,0,1,0,0,0,0,0,2,0,0,0,0,2,3,0,0,0,0,0,0,0,0,2,1,0,0,0,0,0,0,0,0,0,0,0,0,0,0,0,1,0,2,0,0,0,0,0,0,0,0,0,0,0,0,0,1,2,0,0,0,0,0,0,0,0,0,0,0,0,0,1,0,0,2,0,0,0,0,0,0,1,0,0,0,0,1,1,0,0,0,0,0,0,2,0,1,0,0,0,0,0,0,0,0,0,0,0,0,0,0,0,0,0,0,0,0,0,0,0,0,0,0,0,0,0,0,0,0,0,0,0,0,0,0,0,0,0,0,0,0,3,0,0,3,0,0,2,2,0,0,0,0,0,2,0,0,0,0,1,0,0,0,0,1,0,0,0,0,0,0,0,0,0,0,0,0,0,0,0,0,0,0,0,0,0,2,0,0,0,0,0,0,0,0,1,0,1,0,0,0,0,1,0,1,0,0,0,0,0,0,0,2,0,0,2,0,0,0,0,0,0,0,0,2,0,0,0,2,0,0,0
0,2,0,0,0,0,0,0,5,1,1,1,0,0,1,1,0,0,0,0,2,0,0,0,0,0,6,2,0,0,0,0,1,0,0,0,0,2,3,0,0,0,0,0,0,2,0,1,0,0,0,1,0,0,0,0,0,0,0,0,0,3,2,1,1,1,1,0,0,0,0,1,0,0,0,0,0,0,0,0,0,2,1,0,1,2,0,0,1,2,0,0,0,0,0,0,0,0,0,0,0,0,2,0,0,0,0,0,0,0,1,0,0,0,0,0,0,0,0,0,0,1,0,4,0,0,0,0,0,0,0,0,0,0,1,0,0,0,0,0,0,0,0,0,0,0,0,0,0,0,0,0,0,0,0,0,0,0,0,0,1,0,0,0,0,3,0,0,1,0,2,1,1,0,0,0,0,0,3,0,0,1,0,1,1,0,0,0,6,0,0,1,0,0,0,0,0,0,1,0,2,0,0,0,0,0,0,0,0,0,0,0,0,0,0,0,0,0,0,1,0,1,0,0,0,0,1,0,0,1,0,0,0,0,0,1,1,0,0,1,0,1,0,1,0,1,0,1,0,0,0,0,0,0,0,0
0,2,0,0,0,0,0,0,1,0,2,0,2,0,0,2,0,0,0,0,2,0,0,0,0,0,0,1,0,0,0,0,3,0,0,0,0,2,3,0,0,0,0,0,0,0,1,2,0,0,0,1,0,0,0,0,0,0,0,0,0,3,0,0,2,0,2,0,0,0,0,0,0,0,0,0,0,0,0,0,1,2,0,0,0,0,0,0,0,0,0,0,0,0,0,0,0,0,0,0,0,0,1,0,0,0,0,0,0,0,2,0,0,0,0,0,0,0,2,0,0,0,0,2,0,0,0,0,0,0,0,0,0,0,0,0,0,0,0,1,0,0,0,0,0,0,1,0,0,0,0,0,0,0,0,0,0,0,0,0,0,0,0,0,0,3,0,0,4,0,0,2,2,0,0,0,0,0,2,0,0,0,0,0,2,0,0,0,4,0,3,1,0,3,0,0,0,0,0,3,0,1,0,0,0,0,0,0,0,0,0,0,0,0,0,0,0,0,0,0,0,0,1,0,0,0,2,0,0,0,0,0,0,0,0,0,2,0,0,2,0,0,0,0,0,0,0,0,0,0,0,0,0,0,0,0
0,0,0,0,0,0,0,0,0,5,0,2,0,0,1,2,0,0,0,0,2,0,0,0,0,0,0,0,0,0,2,0,0,0,0,0,0,0,0,0,0,0,0,0,1,0,0,0,0,1,0,2,0,0,0,0,0,0,0,0,0,2,0,2,0,2,0,0,0,0,0,0,0,0,0,0,0,0,0,0,0,0,0,0,0,1,0,0,0,2,0,0,0,0,0,0,0,0,0,0,0,0,0,0,0,0,0,0,0,0,0,0,0,0,0,0,0,1,0,0,0,2,0,0,0,0,0,0,1,0,0,0,0,0,0,0,0,0,0,0,0,1,0,0,0,0,0,0,0,1,0,0,0,1,0,0,0,0,0,0,1,0,0,0,0,0,0,1,0,0,2,0,0,0,0,0,0,0,0,0,0,2,0,2,0,0,0,0,2,1,0,2,1,1,0,0,0,0,0,1,0,0,0,0,0,0,0,0,0,1,0,0,3,0,0,0,0,0,0,0,0,0,0,0,0,0,0,0,2,2,0,0,0,1,0,2,0,1,0,0,0,2,0,2,0,1,1,0,1,0,1,0,1,0,0,1
0,0,0,0,0,0,0,0,0,2,1,0,0,0,0,2,0,0,0,0,2,0,2,0,1,0,0,1,0,0,0,0,1,0,0,0,0,1,0,0,0,0,0,0,0,0,0,1,0,0,0,1,0,0,0,0,0,0,0,0,0,1,0,1,0,1,1,0,0,0,0,0,0,0,1,0,0,0,1,0,0,3,0,1,0,2,1,0,0,2,0,0,0,0,1,1,0,0,0,0,0,0,0,0,2,0,0,0,0,0,3,0,0,2,0,0,0,0,0,0,0,1,0,0,0,0,0,1,0,0,0,0,0,1,0,1,0,0,1,0,0,0,0,0,0,0,2,0,0,0,0,0,0,1,0,0,0,0,0,0,1,0,0,0,0,1,0,0,2,0,2,1,1,0,0,0,0,2,1,0,0,1,0,4,0,1,0,0,1,0,1,1,0,0,0,0,0,0,0,0,0,0,0,0,0,1,0,0,0,0,0,0,0,1,0,0,0,0,0,0,0,0,0,0,0,0,0,1,0,0,0,0,0,0,0,2,1,0,0,1,0,1,0,1,0,1,0,0,0,0,0,0,1,0,0,2
0,0,1,0,0,0,0,0,0,2,1,1,3,0,0,1,0,0,0,0,0,1,0,2,0,0,3,0,0,0,0,0,1,0,0,0,0,1,2,0,0,0,0,0,1,0,0,1,0,0,0,1,1,0,0,0,2,0,0,0,0,1,0,1,1,1,1,0,0,1,0,0,0,0,0,0,0,0,1,0,0,1,0,1,0,3,1,0,0,2,0,0,0,0,0,0,0,0,0,0,0,0,0,0,0,0,0,0,0,0,0,0,0,0,0,0,0,0,0,0,0,0,0,0,0,0,0,0,0,0,0,0,0,1,0,1,0,0,1,0,0,0,0,0,0,0,0,0,0,0,0,0,0,0,0,0,0,0,0,0,0,0,0,0,3,2,0,2,4,0,1,1,1,0,0,0,0,0,2,1,0,2,0,1,0,0,0,1,2,0,1,1,1,0,0,0,1,0,0,0,0,4,0,0,0,0,0,0,0,0,0,1,2,0,0,0,0,0,0,0,0,1,0,0,0,0,1,1,0,0,0,0,0,0,0,1,1,1,0,1,0,1,0,1,0,1,0,0,1,0,0,0,0,0,0,0
5,1,0,0,2,0,0,0,0,5,1,0,0,0,0,0,1,0,0,0,0,5,0,0,0,0,0,0,0,0,0,0,0,0,0,0,0,0,0,0,0,0,0,0,0,0,0,0,0,0,0,1,0,0,0,0,0,1,0,2,0,2,0,1,1,1,1,0,0,0,0,0,0,0,0,0,0,0,0,0,0,1,0,0,0,0,0,0,0,2,0,0,0,0,0,0,0,0,0,0,0,0,0,1,1,0,0,0,0,0,0,0,0,3,0,0,0,0,0,0,0,1,0,0,3,0,0,0,0,0,0,0,0,0,0,0,1,0,0,0,0,0,0,0,0,0,0,0,0,0,0,0,0,0,0,0,0,1,0,0,0,0,0,0,0,0,1,1,1,0,1,1,1,0,0,0,0,1,1,0,0,2,0,2,1,0,0,0,2,0,0,1,0,0,0,0,0,0,1,1,0,1,1,0,0,0,0,0,0,0,0,1,5,0,0,0,0,0,0,1,0,0,1,0,0,0,1,0,0,0,0,0,0,0,0,1,1,0,0,0,0,1,0,1,0,1,0,0,1,0,0,0,1,0,0,0
0,1,0,0,0,0,0,0,0,2,1,0,0,0,0,2,0,0,0,0,0,0,1,1,0,0,0,0,0,0,0,1,1,0,0,0,0,1,0,0,0,0,0,0,0,1,1,1,0,0,0,1,0,0,0,0,0,0,0,0,0,1,0,1,1,1,1,0,0,1,0,0,0,0,0,0,0,0,0,0,0,1,0,0,0,0,0,1,0,1,0,0,0,0,0,1,0,0,0,0,0,0,0,0,1,0,0,0,0,0,1,0,0,2,0,0,0,0,0,0,0,0,0,0,0,0,0,0,0,0,0,0,0,0,0,0,0,0,0,0,0,0,0,0,0,0,0,0,0,0,0,0,0,0,0,0,0,0,0,0,1,0,0,0,0,1,0,2,1,0,2,1,2,0,0,0,0,0,1,0,0,1,0,1,0,0,0,0,1,0,2,1,0,0,0,0,0,0,0,0,0,0,0,0,1,0,0,1,0,0,0,0,0,0,0,0,0,0,0,0,0,0,0,0,0,0,0,0,0,0,0,0,0,0,0,1,2,0,0,0,0,1,0,1,0,1,0,0,0,0,0,0,1,1,0,0
0,1,0,0,0,0,0,0,0,1,1,0,0,0,0,1,0,0,0,0,0,0,0,0,0,0,0,0,0,0,0,2,1,0,0,0,1,1,4,0,0,0,0,0,0,1,0,1,0,0,0,1,0,0,0,0,2,0,0,0,1,3,3,1,2,2,1,0,0,0,0,0,0,0,0,1,0,0,0,0,1,1,0,0,0,2,0,0,0,1,0,1,0,0,0,1,0,0,0,0,0,0,1,0,0,0,0,0,0,0,1,0,0,0,0,0,0,0,2,0,1,1,0,1,0,0,0,1,0,0,0,4,0,0,0,0,0,0,0,2,0,0,0,1,0,0,0,0,0,0,0,1,0,0,0,0,0,0,3,0,1,0,1,0,1,1,0,1,0,0,1,1,1,0,0,0,0,0,2,0,0,1,0,2,0,0,0,0,1,0,0,1,0,0,0,0,0,0,0,0,0,0,0,0,1,0,0,0,0,0,0,0,0,0,0,0,0,0,0,0,0,0,0,0,0,0,0,0,0,0,0,0,0,0,0,1,1,0,0,0,0,1,0,1,0,1,0,0,0,0,0,0,1,0,0,0
0,2,1,0,0,0,0,0,2,0,3,0,2,2,0,2,0,0,0,0,2,0,0,0,0,1,0,0,0,0,0,0,2,0,1,0,0,2,0,0,0,0,0,0,0,0,1,2,0,0,0,0,0,1,0,0,0,0,0,0,0,2,0,0,1,0,2,0,0,0,0,0,0,0,1,0,0,0,0,0,0,2,0,0,0,0,0,0,0,0,0,0,0,0,0,1,0,0,0,0,0,0,0,0,0,0,0,0,0,0,0,0,0,0,0,0,0,0,0,0,0,0,0,1,0,0,0,0,0,0,0,0,0,0,0,0,0,0,0,0,0,0,0,0,0,0,0,0,0,0,0,0,0,0,0,0,0,0,0,0,0,0,0,0,0,2,0,0,3,0,0,2,2,0,0,0,0,0,2,0,0,0,0,0,0,0,0,0,0,0,0,1,0,0,0,0,0,0,0,0,0,0,1,0,0,0,0,0,0,0,0,0,0,0,0,0,0,0,0,0,0,0,1,0,0,0,0,0,0,0,0,0,0,0,0,0,2,0,0,1,0,0,0,0,0,0,0,0,1,0,0,0,2,0,0,0
0,1,0,0,0,0,0,0,1,0,2,1,0,0,0,1,0,0,0,0,0,0,0,0,0,0,0,0,0,0,0,1,1,0,0,0,0,1,1,0,0,0,0,0,0,0,0,1,0,0,0,1,0,0,0,0,1,0,0,0,0,2,0,1,1,1,1,0,0,0,0,0,0,0,0,0,0,0,0,0,0,1,0,0,0,1,0,0,0,1,0,0,0,0,0,0,0,0,0,0,0,0,0,0,0,0,0,0,0,0,0,0,0,0,0,0,0,0,0,0,0,0,0,1,0,0,0,0,0,0,0,0,0,0,0,0,0,0,0,0,0,0,0,0,0,0,0,0,0,0,0,0,0,0,0,0,0,0,0,0,1,0,0,0,0,1,0,1,0,0,1,1,1,0,0,0,0,0,1,0,0,2,0,1,0,0,0,0,1,0,0,1,0,0,0,0,0,0,0,2,0,0,0,0,0,1,0,0,0,0,1,0,1,0,0,0,1,0,0,0,0,0,1,0,0,0,0,0,0,0,0,0,0,0,0,1,1,0,0,1,0,1,0,1,0,1,0,0,0,0,0,0,0,0,0,0
0,1,0,0,0,0,3,0,0,1,0,2,0,0,0,0,0,0,0,0,0,0,0,4,1,0,0,0,1,0,0,0,0,0,0,0,0,0,0,0,1,0,1,0,1,0,0,1,0,0,1,1,0,0,0,0,1,0,0,0,0,1,1,1,0,1,0,1,1,0,1,0,1,1,1,0,0,0,0,0,0,0,0,0,0,1,0,0,0,1,0,0,0,0,0,0,0,0,0,0,0,0,0,0,1,0,0,0,0,0,0,0,0,0,0,0,0,0,0,0,0,1,0,0,0,0,0,0,0,0,0,0,0,0,0,0,0,0,0,0,0,0,0,0,0,0,0,0,0,0,0,1,0,0,1,0,0,0,0,0,1,0,0,0,0,0,0,0,0,1,2,0,0,0,0,0,0,0,0,0,0,1,0,1,0,0,0,0,1,0,0,1,1,0,0,0,0,0,0,1,0,0,4,0,1,0,0,0,0,1,0,0,1,0,0,0,0,0,0,0,0,0,0,0,0,0,0,0,2,0,0,0,1,0,1,1,0,0,0,0,2,1,0,1,0,0,0,0,1,0,1,0,0,0,0,0
0,1,0,0,0,1,0,0,2,2,1,2,1,1,0,1,0,0,0,0,0,0,0,0,0,0,0,0,0,0,0,0,1,0,1,0,0,1,1,0,0,0,0,0,0,0,0,1,0,0,0,1,0,0,0,0,0,0,0,0,0,2,1,1,1,1,1,0,0,0,0,0,0,1,1,0,0,0,0,1,1,1,0,0,0,3,0,0,0,2,0,0,0,0,0,0,0,0,0,0,0,0,0,0,2,0,0,1,0,0,0,0,0,0,0,0,0,0,0,0,1,1,0,1,0,0,0,1,0,0,0,0,0,0,0,0,0,0,0,0,0,1,0,0,0,0,0,0,0,0,0,0,0,0,0,1,0,0,0,0,1,1,1,0,0,1,0,1,0,0,1,1,1,0,0,0,0,0,1,0,0,1,0,1,0,0,0,0,1,0,0,1,0,0,0,0,0,0,0,0,0,0,0,0,0,0,0,0,0,0,0,0,0,0,0,0,0,0,0,0,0,0,0,0,0,0,1,0,0,0,0,0,0,0,0,1,1,0,0,0,0,1,0,1,0,1,0,0,0,0,0,0,1,0,0,0
0,3,0,0,0,0,1,0,1,0,2,0,0,1,0,1,0,0,0,0,1,0,1,0,0,0,0,0,0,0,1,0,2,0,0,0,0,2,2,0,0,0,0,0,0,0,0,2,0,0,0,0,0,0,0,0,1,0,0,0,0,3,0,0,2,0,2,0,0,0,0,2,1,0,0,0,1,1,0,0,0,2,0,0,0,1,0,0,0,1,0,0,0,0,1,2,0,0,0,0,0,0,0,0,0,0,0,0,0,0,0,0,0,0,0,0,0,0,0,0,0,0,0,0,0,0,0,0,0,0,0,0,0,0,0,1,0,0,0,0,0,0,0,0,0,1,0,0,0,0,0,0,0,0,0,0,0,0,1,0,1,0,1,0,0,2,0,0,2,0,0,2,2,0,0,0,1,0,2,0,1,0,0,1,0,0,0,0,1,0,0,0,0,0,0,0,0,0,0,2,0,0,0,0,0,0,0,0,0,0,0,0,0,0,0,2,0,0,0,1,0,0,0,0,0,0,1,0,0,0,0,0,0,0,0,0,2,0,0,1,0,0,0,1,0,0,0,1,0,0,0,0,2,0,0,0
0,0,0,0,0,0,0,0,0,4,0,1,0,0,1,0,0,0,0,0,0,0,0,0,0,0,0,1,0,0,1,1,0,0,0,0,0,0,0,0,0,0,0,0,0,3,1,0,1,0,0,1,0,0,0,0,2,0,0,1,1,1,0,1,0,1,0,0,0,0,0,0,0,0,0,0,0,0,4,0,0,0,0,0,0,4,0,0,0,1,0,0,1,0,0,0,0,1,0,0,2,0,0,0,0,0,1,0,0,0,1,0,0,1,0,0,0,0,0,0,0,1,0,0,0,0,0,1,0,0,1,0,0,0,0,0,0,0,0,0,0,0,0,0,0,0,0,0,0,0,0,0,0,0,0,0,1,0,0,0,1,0,0,1,0,0,1,0,0,0,1,0,0,0,0,0,4,0,0,0,0,2,1,4,0,0,0,0,1,1,1,1,1,0,0,2,0,0,0,0,1,0,0,0,0,0,0,0,0,0,0,1,0,0,0,0,0,0,0,0,0,0,0,0,0,0,0,0,0,0,0,0,0,0,0,2,0,0,0,0,1,1,0,1,0,1,0,0,0,0,0,0,0,0,0,0
0,1,0,0,0,0,0,0,0,0,2,0,0,0,0,1,0,0,0,0,0,0,0,0,0,0,0,0,0,0,0,0,2,0,0,0,0,2,1,1,0,0,0,0,0,0,0,2,0,0,0,0,1,0,0,0,0,0,0,0,0,2,0,0,1,0,2,0,0,0,0,0,0,0,0,0,0,0,0,0,0,2,0,0,0,0,0,0,0,0,0,0,0,0,0,1,0,0,0,0,0,0,0,0,0,0,0,0,0,0,0,0,0,0,0,0,0,0,0,0,0,0,0,0,0,0,0,0,0,0,0,0,0,0,0,0,0,0,0,1,0,0,0,0,0,0,0,0,0,0,0,1,0,0,0,0,0,0,0,0,0,0,0,0,0,2,0,0,2,0,2,2,2,0,0,0,0,0,2,0,0,0,0,0,0,0,0,0,2,0,0,0,0,1,0,0,0,0,0,0,0,0,1,0,0,0,0,0,0,0,0,0,0,0,0,0,0,0,0,1,0,1,1,0,0,0,1,0,0,0,0,0,0,0,0,0,2,0,0,1,0,0,0,0,0,0,0,0,0,0,0,0,2,0,0,0
0,0,0,0,0,0,0,0,1,0,2,0,0,0,0,3,0,0,0,0,1,0,0,0,0,0,0,0,2,0,0,0,2,1,0,1,1,2,0,1,1,0,0,0,0,0,0,2,0,0,0,0,1,0,0,0,1,0,0,0,0,4,0,0,0,0,2,0,0,0,0,0,0,0,1,0,0,0,1,0,0,2,0,1,0,1,0,0,0,1,0,0,0,0,0,2,0,0,0,0,0,0,1,0,0,0,0,1,0,0,0,0,0,0,0,0,0,0,0,0,0,1,0,0,0,0,0,0,0,0,0,0,0,1,0,1,0,0,1,2,0,0,0,0,0,0,0,0,0,0,1,3,0,0,0,0,0,0,0,0,0,0,0,0,0,2,0,0,2,0,0,2,2,0,0,0,0,0,3,0,0,0,0,0,0,0,0,0,0,0,0,0,0,0,0,0,0,0,0,0,0,0,1,0,0,0,0,0,0,0,0,0,0,0,0,0,0,0,0,0,0,0,0,0,0,0,0,1,0,0,0,0,0,0,0,0,3,1,0,2,0,0,1,0,0,0,0,0,0,0,0,0,3,0,0,0
0,4,0,0,0,0,0,0,0,0,2,0,0,0,0,2,0,0,0,0,0,0,0,1,0,0,4,0,0,0,0,1,2,0,0,1,0,2,2,2,2,0,0,0,0,1,0,2,0,0,0,0,1,0,0,0,2,0,0,0,0,5,0,0,2,0,2,1,0,0,0,0,0,0,0,0,0,0,0,0,0,2,0,0,0,1,0,0,0,1,0,0,0,0,0,1,0,0,0,0,0,0,1,0,0,0,0,0,0,0,0,0,1,0,0,0,0,0,1,0,0,0,0,0,0,0,0,0,0,0,0,0,0,0,0,0,0,0,0,1,0,0,0,0,0,0,0,0,0,0,0,1,0,0,0,0,0,0,1,0,0,0,0,0,0,2,1,0,2,0,0,2,2,0,0,0,0,0,3,0,0,0,0,1,0,0,2,1,1,0,0,0,0,2,0,0,0,0,1,0,0,0,1,0,0,0,0,0,0,0,0,0,0,0,0,2,0,0,0,1,0,0,0,0,0,0,0,0,0,0,0,0,0,0,0,0,2,0,0,0,0,0,0,0,0,0,0,0,0,0,0,0,2,0,0,0
0,3,0,0,0,0,0,0,0,0,2,0,0,0,0,1,0,0,0,0,2,0,1,0,0,0,0,0,0,0,0,0,2,0,0,0,0,2,1,0,0,0,0,0,0,0,2,2,0,0,0,0,0,0,0,0,1,0,0,0,1,2,0,0,3,0,2,0,0,0,0,0,1,0,0,0,0,0,0,0,0,2,0,1,0,0,0,0,0,0,0,0,0,0,0,1,0,0,1,0,0,0,0,0,0,0,0,0,0,0,0,0,0,0,0,0,1,0,1,0,0,0,0,0,1,0,1,0,0,0,0,0,0,1,0,1,1,0,1,0,0,2,0,0,0,0,0,0,0,0,0,0,0,1,0,1,0,1,0,0,0,0,1,0,1,2,0,0,3,0,0,2,2,0,0,0,0,0,3,0,0,0,0,0,1,0,0,0,0,0,0,0,0,0,1,0,0,0,0,0,1,0,0,0,0,0,0,0,0,0,0,0,0,0,0,0,0,0,0,1,0,0,3,0,0,0,1,0,0,0,0,0,0,0,0,0,2,0,0,1,0,0,0,0,0,0,0,0,0,0,0,0,1,0,0,0
0,0,0,2,0,0,0,0,1,0,2,0,0,0,0,2,0,1,0,0,1,1,0,0,0,0,1,0,0,0,0,1,1,0,0,0,0,1,0,0,0,0,0,0,0,0,0,1,0,0,0,0,0,0,0,0,0,0,0,0,0,2,1,0,2,0,2,0,0,0,0,1,0,0,0,0,0,0,0,0,0,2,0,0,0,0,0,0,0,1,0,0,0,0,0,2,0,0,0,0,0,0,0,0,0,0,0,0,0,1,1,0,0,0,1,0,0,0,2,0,0,0,0,1,0,0,0,0,0,0,0,0,0,0,0,0,0,0,0,1,0,0,0,0,0,0,0,0,0,0,0,0,0,0,0,0,0,0,0,0,2,0,0,0,1,1,0,1,1,0,0,2,2,0,0,0,0,0,2,0,0,1,0,1,0,0,0,0,1,0,1,0,0,1,1,0,1,0,0,0,0,0,0,0,0,0,0,0,0,0,0,1,0,0,0,0,0,1,0,0,1,0,0,0,0,3,0,0,0,0,0,0,0,0,2,0,2,1,3,1,0,0,0,0,0,1,0,0,0,0,0,0,1,0,1,0
0,0,0,0,0,0,0,0,0,0,2,0,0,0,0,1,0,0,0,0,1,0,0,0,0,0,1,0,0,0,0,0,2,0,0,0,0,2,2,0,1,0,0,0,1,0,0,2,0,0,0,1,1,0,0,0,0,0,0,0,1,1,0,0,2,0,2,0,0,0,0,0,0,0,0,0,0,0,0,0,0,2,0,0,0,0,0,0,0,0,0,0,0,0,0,0,0,0,0,0,0,0,0,0,0,0,0,0,0,0,1,0,0,0,0,0,0,0,0,0,0,0,0,0,0,0,0,0,0,0,0,0,0,0,0,0,1,0,2,0,0,0,0,0,0,0,0,0,0,0,0,0,0,0,0,0,0,1,0,0,0,0,0,1,0,2,2,0,1,0,0,2,2,0,0,0,0,0,3,0,0,0,0,0,1,0,0,0,1,0,1,0,0,1,0,0,0,0,1,1,0,1,0,0,0,0,0,0,0,0,0,0,0,0,0,0,0,0,0,0,0,0,0,0,0,0,2,0,0,0,0,0,0,0,0,0,2,0,0,1,0,0,0,0,0,0,0,0,0,0,0,0,1,0,0,0
0,1,0,0,0,0,0,0,0,0,2,0,0,0,0,1,0,0,0,0,1,0,0,0,0,0,0,1,0,0,2,0,1,2,0,0,0,1,0,0,1,0,0,0,1,1,1,1,0,0,0,0,0,0,1,0,2,0,0,0,0,2,0,0,0,0,1,0,0,0,0,0,0,0,0,0,0,1,0,0,0,1,0,0,0,0,0,0,0,0,0,0,0,1,0,0,2,0,1,0,0,0,0,0,0,0,2,0,0,0,0,0,1,0,0,2,0,0,0,0,0,0,0,0,0,0,1,0,0,0,0,0,0,0,0,0,0,0,2,0,0,0,0,2,0,0,0,0,0,0,0,0,0,0,1,0,0,0,1,0,0,0,0,0,0,2,1,0,0,2,0,1,2,0,0,0,2,0,1,0,0,0,0,1,0,2,0,0,1,0,0,0,0,1,3,0,0,0,0,1,0,0,0,0,0,0,0,0,0,0,0,0,0,0,0,0,0,2,2,1,0,0,0,0,0,1,1,0,0,0,0,0,0,0,0,0,1,0,0,1,0,0,0,0,0,0,0,0,0,0,0,0,2,0,0,0
0,0,0,0,0,0,0,0,1,0,2,0,0,0,0,2,0,0,0,0,0,0,0,0,0,0,0,0,0,0,0,1,2,0,0,0,0,2,1,0,0,0,0,0,0,0,0,2,0,0,0,0,0,2,0,0,0,0,0,0,1,1,0,0,2,0,2,0,1,0,0,1,0,0,0,0,0,0,0,0,1,2,0,0,0,3,0,0,0,0,0,1,0,0,0,0,0,0,1,0,0,0,1,0,1,0,0,1,0,0,1,0,0,0,0,0,0,1,1,0,0,0,0,0,0,0,0,0,0,0,0,1,0,0,0,0,0,0,0,1,0,0,0,0,0,0,0,0,0,0,0,1,0,0,0,0,0,0,0,1,0,0,0,0,2,2,0,0,1,0,0,2,2,0,0,0,0,0,3,0,1,0,0,0,1,0,0,0,3,0,0,0,0,1,1,0,0,0,1,0,0,0,0,0,1,0,0,0,0,0,0,0,0,0,0,0,0,0,0,0,0,1,1,0,0,0,1,0,0,0,1,0,0,0,0,0,2,0,0,0,0,0,0,0,0,0,0,0,0,0,0,1,2,0,0,1
0,3,0,0,0,0,0,0,2,0,2,0,0,2,0,3,0,0,0,0,1,0,0,0,0,0,0,0,0,0,0,0,2,0,0,0,0,2,1,0,0,0,0,0,0,0,0,2,0,0,0,0,0,0,0,0,1,0,0,0,1,0,0,0,1,0,2,0,0,0,0,0,0,0,0,0,0,0,0,0,0,2,0,0,0,0,0,0,0,0,0,0,0,0,0,1,0,0,0,0,0,0,0,0,0,0,0,0,0,0,0,0,0,0,0,0,0,0,1,0,0,0,0,1,0,0,0,0,0,0,0,0,0,0,0,0,0,0,0,0,0,0,0,0,0,0,0,0,0,0,0,0,0,0,0,0,0,0,0,0,0,0,1,0,0,2,1,0,2,0,1,2,3,0,1,0,0,0,4,0,2,0,0,0,0,0,0,0,2,0,2,0,0,0,0,0,0,0,0,0,0,0,0,0,0,0,1,0,0,0,0,0,0,0,0,0,0,0,0,1,0,1,0,0,0,0,1,0,1,0,0,0,0,0,0,0,2,0,0,2,0,0,0,0,0,0,0,0,0,0,0,0,1,0,0,1
0,4,0,0,0,0,0,0,0,3,1,3,2,1,0,1,0,0,0,0,1,0,0,1,1,0,1,1,0,0,0,0,2,0,0,0,0,1,1,0,0,0,0,0,0,0,0,1,1,0,1,1,0,0,0,0,3,0,0,0,0,6,0,1,1,1,1,0,0,1,0,0,0,0,0,0,0,0,0,0,0,1,0,0,0,2,0,2,0,2,0,0,0,0,0,0,0,0,0,0,0,1,0,0,0,0,0,0,0,0,0,1,0,0,0,0,0,0,0,0,0,0,0,2,0,0,0,0,0,0,0,1,0,0,0,0,0,0,0,2,0,0,0,0,0,0,2,0,0,0,0,1,0,1,0,0,0,1,2,0,1,0,0,1,0,1,0,2,2,0,1,1,1,0,0,0,0,1,1,0,0,1,0,1,0,0,0,0,4,1,3,1,0,4,0,1,0,1,0,0,1,0,1,0,0,4,0,0,1,0,0,0,3,0,0,1,1,0,0,2,0,0,0,0,0,0,1,0,0,0,0,0,0,0,0,0,1,0,0,0,0,1,0,1,0,0,0,0,0,0,1,0,1,0,0,0
0,1,0,0,0,0,0,0,1,1,2,0,0,0,0,2,0,0,0,0,2,0,0,0,0,0,0,0,0,0,0,0,1,0,0,0,0,2,1,0,0,0,0,0,0,0,0,1,0,0,0,1,0,0,0,0,0,0,0,0,0,4,0,0,1,0,2,0,0,0,0,0,0,0,0,0,0,0,2,0,2,2,1,0,0,0,0,0,0,0,0,0,0,0,0,0,0,0,0,0,0,0,0,0,0,0,0,0,0,0,0,0,0,0,0,0,0,0,0,0,0,0,0,0,0,0,0,0,0,0,0,0,0,0,0,0,0,0,0,0,0,0,0,0,0,0,0,0,0,0,0,0,0,0,0,0,0,0,0,0,0,0,0,0,2,2,0,0,3,0,0,2,2,0,0,0,0,0,2,0,0,0,0,0,1,0,0,0,3,0,0,0,0,0,0,0,0,0,0,0,0,0,0,0,0,0,0,0,0,0,0,0,0,0,0,0,0,0,0,1,0,0,1,0,0,0,2,0,0,0,0,0,0,0,0,0,2,0,0,1,0,0,0,0,0,0,0,0,1,0,0,0,2,0,0,0
0,2,0,0,0,0,0,0,0,0,2,0,2,0,0,2,0,0,0,0,0,0,0,0,0,0,0,0,0,0,0,0,2,0,0,0,0,2,2,0,0,0,0,0,0,0,0,2,0,0,0,1,1,0,0,0,1,0,0,0,0,2,0,0,2,1,2,0,0,0,0,0,1,0,0,0,0,0,0,0,0,2,0,0,0,1,0,0,0,0,0,0,0,0,0,1,0,0,0,0,0,0,0,0,0,0,0,2,0,0,0,0,0,0,0,0,0,0,3,0,0,0,0,0,0,0,0,0,0,0,0,0,0,0,0,0,0,0,0,0,0,0,0,0,0,0,0,0,0,0,0,0,0,0,0,0,0,0,0,0,0,0,0,0,2,2,0,0,2,0,0,2,3,0,0,0,0,0,3,0,1,0,0,1,0,0,0,1,1,0,0,0,0,0,0,0,0,0,0,0,0,0,1,0,0,0,0,0,0,0,0,0,0,0,0,0,0,0,0,1,0,0,1,0,0,0,0,0,0,0,0,0,0,0,0,0,2,0,0,1,1,0,0,1,0,0,0,0,0,0,0,1,1,0,0,0
0,0,0,0,0,1,0,0,0,0,2,0,0,0,0,3,0,0,0,0,1,0,1,0,0,1,0,0,1,0,0,0,2,0,0,0,0,3,0,0,0,0,0,0,0,0,0,2,0,0,0,0,1,0,0,0,1,0,0,0,0,0,0,0,2,2,2,0,1,0,0,1,2,0,0,0,1,0,1,0,2,2,0,1,0,0,0,0,0,0,0,0,0,0,0,1,0,0,1,2,0,0,0,4,0,0,0,0,0,0,0,0,0,0,0,0,1,0,1,0,0,0,0,0,0,1,1,0,0,0,0,0,0,1,1,1,0,0,1,0,0,2,0,0,0,0,1,0,0,0,0,0,0,0,0,0,0,0,0,0,0,0,0,0,0,2,0,0,4,1,0,2,2,0,0,0,0,0,2,0,0,0,0,0,0,0,0,1,2,0,2,0,0,0,0,0,3,0,0,1,0,1,0,0,0,0,0,0,0,0,0,0,1,1,0,0,0,0,0,0,2,0,1,0,0,3,0,1,0,0,2,0,0,0,1,0,2,1,1,2,0,0,0,0,0,0,0,0,0,0,0,0,0,0,0,0
0,0,0,0,0,0,0,0,0,0,2,0,0,0,0,2,0,0,0,0,0,0,0,0,1,0,0,0,0,0,0,1,2,0,0,0,0,2,0,0,2,0,0,0,0,0,0,2,1,1,1,0,0,0,0,0,1,0,0,0,0,2,0,0,3,1,2,0,0,0,1,2,2,0,0,0,0,0,0,0,1,3,0,0,0,0,0,1,0,0,0,0,0,0,0,1,0,0,0,0,0,0,0,0,0,0,0,0,0,0,0,0,0,0,0,0,0,0,0,0,0,0,0,0,0,0,0,0,0,0,1,2,0,0,0,0,0,0,0,1,0,0,0,0,0,0,0,0,0,0,0,0,0,1,0,0,0,2,2,0,0,0,0,0,0,3,0,0,3,0,0,2,3,0,1,0,0,0,2,0,0,0,0,2,0,0,0,2,2,0,3,1,0,2,0,0,0,0,0,0,0,0,0,0,0,0,0,0,0,0,1,0,0,2,0,0,0,0,1,2,0,0,0,0,0,0,1,0,0,0,1,0,0,0,0,0,2,0,2,1,0,0,0,1,0,0,0,0,0,0,0,1,1,0,0,0
0,0,0,0,0,0,0,0,0,2,0,0,0,0,0,1,0,0,0,0,1,0,0,0,0,0,0,0,0,0,0,0,0,0,0,0,0,0,0,0,0,0,1,0,0,0,0,0,0,0,0,2,0,0,0,0,0,0,0,0,0,2,0,2,1,1,0,0,0,0,0,0,0,0,0,0,0,0,0,0,0,0,0,0,0,0,0,0,0,2,0,0,0,0,0,0,0,0,0,0,0,0,0,0,0,0,0,0,0,0,0,0,0,0,0,0,0,0,0,0,0,2,0,0,0,0,0,1,0,0,0,0,0,0,0,0,0,0,0,0,0,0,0,1,0,0,1,0,0,0,0,1,0,0,0,0,0,0,0,0,0,0,0,0,0,0,0,2,1,0,2,0,0,0,0,0,0,1,0,0,0,2,0,2,0,0,0,0,2,0,1,3,1,0,0,0,0,0,0,0,0,0,1,0,0,0,0,0,0,0,0,0,0,0,0,0,0,0,0,0,0,0,0,0,0,0,0,0,0,0,0,0,0,0,0,2,0,0,0,0,0,2,0,2,0,1,0,0,1,0,0,0,1,0,0,0
0,1,0,0,0,0,0,0,1,0,2,0,0,0,0,2,0,0,0,0,2,0,0,0,0,0,0,0,0,0,0,0,2,0,0,0,0,2,0,0,2,0,0,0,0,0,0,2,0,0,0,0,0,1,0,0,2,0,0,0,0,3,0,0,2,0,2,0,0,0,0,0,0,0,1,0,0,0,0,0,0,2,0,0,0,0,0,0,0,0,0,1,0,0,0,2,0,0,0,0,0,0,0,0,0,0,0,0,0,0,0,0,0,0,0,0,0,0,0,0,0,0,0,1,0,0,0,0,0,0,0,1,0,0,0,0,0,0,0,0,0,0,0,0,0,0,0,0,0,0,0,1,0,0,0,0,0,0,0,0,0,0,0,0,0,2,0,0,2,0,0,2,2,1,0,0,0,0,2,0,0,0,0,0,0,0,0,0,0,0,0,0,0,0,1,0,0,0,0,1,0,0,0,0,0,0,0,0,0,0,0,0,0,0,0,0,0,0,0,0,0,0,0,0,0,0,0,0,0,0,0,0,0,0,0,0,2,0,0,1,0,1,0,0,1,0,0,0,0,0,0,0,3,0,0,0
0,0,0,0,0,0,0,0,0,1,1,0,0,0,0,2,0,0,0,0,1,0,0,0,1,0,0,0,0,0,1,0,1,0,0,0,0,1,1,0,0,0,0,0,0,0,0,1,0,1,0,1,0,0,0,0,1,1,0,1,0,1,0,1,1,1,1,0,0,0,0,0,0,0,0,0,0,0,0,0,0,1,0,0,0,0,0,0,0,0,0,0,0,0,0,0,0,0,0,0,0,0,0,0,0,0,0,0,0,0,0,0,0,1,0,0,0,0,0,0,0,1,0,0,0,0,0,1,0,0,0,0,0,0,0,0,0,0,0,0,0,0,0,0,0,0,0,0,0,0,0,0,0,0,0,0,0,0,0,0,1,0,0,0,1,1,0,1,1,0,1,1,1,0,0,0,0,0,1,0,0,1,0,1,0,0,0,2,1,1,0,1,0,0,1,0,2,0,0,2,0,0,0,0,0,0,0,0,0,0,0,0,0,0,0,0,0,0,0,1,0,0,0,0,0,0,1,0,0,0,0,0,0,0,0,1,1,0,0,0,0,1,0,1,0,1,0,0,0,1,0,0,1,0,0,1
0,1,0,0,0,0,1,0,2,0,2,0,2,0,0,2,0,0,0,0,0,0,0,0,0,0,0,0,0,0,0,1,2,0,0,0,0,2,3,0,1,0,0,0,0,1,0,2,0,0,0,1,0,0,0,0,0,0,0,0,0,3,0,0,2,0,2,0,0,0,0,0,0,0,0,0,0,0,0,0,1,2,0,0,0,0,0,0,0,1,0,0,0,0,0,0,0,0,0,0,0,0,0,0,0,0,0,0,0,0,0,0,0,0,0,0,0,0,0,0,0,0,0,2,0,0,0,0,0,0,0,0,0,0,0,0,0,1,0,0,0,0,0,0,0,0,0,0,0,0,0,0,0,0,0,0,0,0,0,0,0,1,0,0,1,2,0,0,1,0,0,3,2,0,1,0,0,0,2,0,0,0,0,0,0,0,0,0,0,0,0,1,0,0,1,0,0,0,0,0,0,0,0,0,0,0,0,0,0,0,1,0,0,0,0,0,0,1,0,2,0,0,0,0,0,0,3,0,1,0,0,0,0,0,0,0,2,0,0,0,0,0,0,0,0,0,0,0,0,0,0,0,2,0,0,0
0,0,0,0,0,0,0,0,1,0,2,0,0,1,0,2,0,0,0,0,1,0,0,0,0,0,1,0,0,0,0,0,2,0,0,0,1,2,1,0,0,0,0,0,0,0,0,2,0,0,0,0,0,0,0,0,2,0,0,0,0,1,0,0,2,0,2,0,0,0,0,0,0,0,0,0,0,0,0,0,0,2,0,0,0,0,0,0,0,0,0,0,0,0,0,0,0,0,0,0,0,0,0,0,0,0,0,0,0,0,0,0,0,0,0,0,0,0,0,0,0,0,0,0,0,0,0,0,0,0,0,0,0,0,0,0,0,0,0,0,0,0,0,0,0,0,0,0,0,0,0,0,0,0,0,0,0,0,0,0,0,0,0,0,0,4,0,0,1,0,0,2,2,0,0,0,0,0,2,0,0,0,0,1,1,0,0,0,1,0,1,0,0,1,0,0,0,0,0,0,0,0,0,0,0,0,0,1,0,0,0,0,0,0,0,0,0,0,0,2,0,0,0,0,0,0,2,0,0,0,0,0,0,0,0,0,2,0,0,1,0,0,2,0,0,0,1,0,2,0,0,0,2,0,0,0
0,0,0,1,0,1,0,0,0,6,0,1,0,0,0,1,1,0,0,1,0,0,0,1,1,0,0,1,0,0,0,1,0,0,0,0,0,0,0,0,0,0,0,0,0,0,0,0,0,2,0,2,1,0,0,0,0,1,0,3,0,2,0,2,1,2,0,0,0,1,0,0,0,0,0,1,0,3,0,0,0,0,0,0,0,3,0,1,0,2,0,0,0,0,1,0,0,0,0,0,0,0,0,0,0,0,0,0,0,0,1,0,0,2,0,1,0,0,0,0,0,2,0,1,0,0,0,1,0,0,0,0,0,0,0,0,0,0,0,0,0,0,0,0,0,0,0,0,0,0,0,0,0,0,0,0,0,0,0,0,2,0,2,0,0,0,0,1,0,0,5,0,0,0,0,0,1,1,0,0,0,2,1,3,0,0,0,1,2,1,2,2,0,0,0,0,0,0,0,0,0,1,0,0,0,0,0,0,0,0,0,0,0,0,0,0,0,0,0,0,0,0,0,0,0,0,0,1,1,0,0,0,0,0,0,1,0,1,0,0,0,2,0,2,0,1,0,0,0,0,0,0,0,0,0,0
0,2,0,0,0,0,0,0,0,3,1,2,0,1,0,1,0,0,0,0,0,0,1,2,0,1,0,0,0,0,1,0,1,0,0,0,0,1,1,0,2,0,0,0,0,0,0,1,0,0,0,1,0,0,0,0,1,0,0,0,0,1,0,1,2,1,1,0,0,0,0,0,0,0,0,0,0,0,0,0,0,2,0,0,0,1,0,0,0,1,0,0,0,0,0,0,0,0,0,0,0,0,0,0,2,0,0,0,0,0,2,0,2,1,0,0,0,3,3,0,0,1,0,0,0,1,0,1,0,0,0,1,0,0,0,0,0,0,0,2,0,0,0,0,0,0,1,0,0,0,0,0,0,0,0,0,0,0,0,1,0,0,0,0,0,1,1,1,2,0,1,1,1,0,0,0,0,0,1,0,0,1,0,1,1,0,0,2,1,0,0,1,0,0,0,0,0,0,0,2,0,0,0,0,0,0,0,0,0,0,0,0,3,1,0,0,0,0,0,0,1,0,3,0,0,0,1,0,0,0,0,0,0,0,0,1,1,0,0,1,0,1,0,1,0,1,0,0,1,0,0,0,0,0,0,0
0,0,0,0,0,0,0,0,0,0,2,0,1,0,0,2,0,0,0,0,1,0,0,0,0,0,1,0,0,0,0,0,2,0,0,0,0,2,2,0,0,0,0,0,0,0,0,2,0,0,0,0,0,0,0,0,1,0,0,0,0,1,1,0,2,0,2,0,0,0,0,0,0,0,0,0,0,0,2,0,0,2,1,0,0,0,0,0,0,0,0,0,0,0,1,1,0,0,0,0,0,0,0,0,0,0,0,0,0,0,0,0,0,0,0,0,0,0,0,0,0,0,0,0,0,0,0,0,0,0,0,0,0,0,0,0,0,0,0,1,0,0,0,0,0,0,1,0,0,0,0,1,0,0,0,0,0,0,0,0,0,0,0,0,1,2,0,0,2,0,0,2,2,0,0,0,0,0,2,0,0,0,0,0,1,0,0,1,1,0,0,1,0,0,0,0,0,0,0,1,0,0,0,1,0,0,1,0,0,0,0,0,0,0,0,0,0,0,0,1,0,0,0,0,0,0,1,0,0,0,0,0,0,0,0,0,2,0,0,0,0,0,0,0,0,0,0,0,0,0,0,0,2,0,0,0
0,2,0,0,0,0,0,0,1,0,2,0,0,0,0,2,0,0,0,0,1,0,0,0,0,0,0,0,0,0,0,1,2,0,0,0,0,2,2,0,0,0,1,0,0,0,1,2,0,0,0,2,0,0,0,0,0,0,0,0,0,0,0,0,1,0,2,0,0,0,0,1,0,0,0,0,0,0,0,0,0,2,0,0,0,0,0,0,0,0,0,0,0,0,0,0,0,0,0,0,0,0,0,0,0,0,0,1,0,0,0,0,0,0,0,0,0,0,0,0,1,0,0,0,0,0,0,0,0,0,0,0,0,0,0,0,0,0,0,0,0,0,0,0,0,0,0,0,0,0,0,0,0,0,0,0,0,0,0,0,0,0,0,0,0,2,0,0,1,0,1,2,2,0,0,0,0,0,2,0,0,0,0,0,1,0,0,0,2,0,0,0,0,0,1,0,1,0,0,0,0,0,0,0,0,0,0,0,0,0,0,0,0,0,0,0,0,0,0,2,0,2,0,1,0,0,2,0,0,0,0,0,0,0,0,0,2,0,0,1,0,0,0,0,0,0,0,0,0,0,0,0,2,0,0,0
0,0,0,0,0,0,0,0,0,3,1,1,0,0,0,2,0,0,0,0,0,0,0,0,0,0,1,0,0,0,0,0,0,0,0,0,0,0,2,0,0,0,0,0,1,0,0,0,0,1,0,1,0,1,0,0,0,0,0,0,0,2,0,2,1,1,1,0,0,0,0,0,0,0,0,0,0,0,0,0,0,0,0,0,0,1,0,1,0,2,0,0,0,0,0,0,0,0,0,1,0,0,0,0,0,0,0,0,0,0,0,0,0,1,0,0,0,0,0,0,0,1,0,0,0,0,0,1,0,0,0,0,0,0,0,0,0,0,0,0,0,0,0,0,0,0,0,0,0,0,0,0,0,0,0,0,0,0,0,0,1,0,0,0,1,0,1,1,1,0,2,0,1,0,0,0,0,0,0,0,0,2,0,2,0,0,0,0,4,0,0,2,0,0,0,0,0,0,0,0,0,0,1,0,1,0,0,0,0,0,0,0,1,0,0,0,0,0,0,0,0,0,1,0,0,0,0,0,0,0,0,0,0,0,0,0,0,0,0,0,0,2,0,1,0,0,0,0,0,0,0,0,1,0,0,1
0,4,0,0,0,0,0,0,0,0,2,0,0,1,0,3,0,0,0,0,0,1,0,0,0,0,0,0,0,0,0,1,3,0,0,0,0,2,2,0,1,0,0,0,0,2,1,3,0,0,0,1,1,0,0,0,0,0,0,0,0,2,0,0,3,0,2,0,0,0,0,0,0,0,0,0,0,0,0,0,1,2,0,0,0,1,0,0,0,0,0,0,0,0,0,1,0,0,0,0,0,0,0,0,0,0,0,0,0,1,0,0,0,0,1,0,0,0,1,0,0,0,0,0,0,0,0,0,0,0,0,0,0,0,0,1,0,0,0,2,0,0,0,0,0,0,0,0,0,0,0,0,0,0,0,0,0,0,2,0,0,0,0,0,0,2,1,1,6,0,0,2,2,0,0,0,1,0,3,0,1,0,0,1,1,0,0,4,1,0,0,0,0,2,2,1,0,0,1,1,0,0,1,0,0,0,0,0,0,0,0,0,0,0,1,1,0,0,0,2,0,2,0,0,0,0,0,0,0,0,1,0,0,0,0,0,2,0,0,1,0,0,1,0,0,0,0,0,0,0,0,1,1,1,0,0
0,0,0,0,0,0,0,0,0,3,1,0,0,0,0,3,0,0,0,0,0,0,0,0,0,0,0,0,0,0,3,0,1,0,0,0,0,1,1,0,0,0,0,0,0,0,0,1,0,3,0,1,2,1,0,0,0,0,0,0,0,2,0,1,1,1,1,0,0,0,0,0,0,0,0,0,0,0,0,0,0,1,0,0,0,0,0,0,0,0,0,0,0,0,0,0,0,0,0,0,0,0,0,0,0,0,0,0,0,0,0,0,0,3,0,0,0,0,0,0,0,1,0,0,0,1,0,1,0,0,0,0,0,0,0,0,0,0,0,1,0,0,0,0,0,0,0,0,0,0,0,0,0,0,0,0,0,0,1,0,1,0,0,0,0,1,0,3,1,0,1,1,1,0,0,0,0,0,1,0,0,1,0,1,0,0,0,0,3,2,0,2,0,1,0,0,0,0,0,0,0,0,0,0,0,0,0,0,0,0,0,0,0,0,0,0,0,0,0,0,0,0,0,0,0,0,1,0,0,0,0,0,0,0,0,1,1,0,0,0,1,1,0,1,0,1,0,0,0,0,0,0,1,0,0,0
0,4,0,0,0,0,0,0,0,0,2,0,0,0,0,2,0,0,0,0,2,0,0,0,0,0,0,0,0,0,0,0,2,0,0,0,0,2,3,1,3,0,0,0,0,0,0,2,0,0,0,0,1,1,0,0,1,0,0,0,1,3,0,0,2,0,2,0,0,0,0,0,0,0,0,0,0,0,0,0,0,2,0,0,0,0,0,0,0,0,0,0,0,0,0,1,0,0,0,0,0,0,0,0,0,0,0,0,0,0,1,0,0,0,0,0,0,0,1,0,0,0,0,1,0,0,0,0,0,0,0,0,0,0,0,0,1,0,0,0,0,0,0,0,0,0,0,0,0,0,0,0,0,0,0,0,0,0,0,0,0,0,0,0,0,2,0,0,1,0,0,2,2,0,1,0,0,0,3,0,0,0,0,1,0,0,0,0,2,0,1,0,0,3,2,0,0,0,0,0,0,0,0,0,0,0,0,0,0,0,0,0,0,0,0,0,0,0,0,1,0,1,0,0,0,0,1,0,0,0,0,0,0,0,0,0,2,0,0,0,0,0,0,0,1,1,0,0,0,0,0,0,2,0,0,2
0,1,0,0,0,0,0,0,1,0,2,0,1,0,0,2,0,0,0,0,2,0,0,0,0,0,1,0,0,0,0,0,2,0,0,0,0,2,0,0,0,0,0,0,0,0,0,2,0,0,0,0,0,0,0,0,2,0,0,0,0,3,0,0,1,0,2,0,0,0,0,0,0,0,0,0,0,0,0,0,0,2,0,0,0,0,0,0,0,0,0,0,0,0,0,0,0,0,0,0,0,0,0,0,0,0,0,0,0,0,0,0,0,0,0,0,0,0,0,0,0,0,0,0,0,0,0,0,0,0,0,0,0,0,0,0,0,0,0,0,0,0,0,0,0,0,0,0,0,0,1,2,0,0,0,0,0,0,1,0,0,0,0,0,0,2,1,0,2,0,0,2,2,0,0,0,0,0,2,0,0,0,0,0,0,0,0,0,1,0,0,0,0,2,0,0,0,0,0,2,0,0,1,0,0,0,0,0,0,0,1,0,0,0,0,0,0,0,0,0,0,0,2,0,0,0,1,0,0,0,0,0,0,0,0,0,2,0,0,1,0,0,0,0,0,0,0,0,0,0,0,0,2,0,0,0
0,8,0,1,0,0,0,0,2,0,2,0,1,0,0,3,1,0,0,0,0,0,0,0,0,0,0,0,1,0,0,0,2,0,0,0,0,2,3,0,0,0,0,0,0,0,0,2,0,0,0,1,0,0,0,0,1,0,0,0,0,3,0,0,1,0,2,0,0,0,0,0,0,0,0,0,0,0,0,0,0,2,0,0,0,2,0,0,0,0,0,0,0,0,0,1,0,0,1,0,0,0,2,0,0,0,0,1,0,0,0,0,0,0,0,0,0,0,1,0,0,0,0,1,0,0,0,0,0,0,0,0,0,0,0,4,0,0,1,3,0,0,0,0,0,0,0,0,0,0,0,3,0,0,0,0,0,1,0,0,0,0,1,0,0,2,0,0,2,0,1,2,2,0,0,0,0,0,2,0,1,0,0,1,1,0,0,0,2,0,1,0,0,2,3,0,0,0,0,0,0,0,0,0,0,0,0,0,0,0,0,0,0,0,0,0,0,1,0,6,0,0,1,0,0,0,1,0,0,0,0,0,0,0,0,0,2,0,0,2,0,0,0,0,0,0,0,0,0,0,0,0,1,0,0,0
0,0,0,0,0,0,0,0,0,4,1,0,0,0,0,0,0,0,0,0,0,0,0,0,0,0,0,0,0,0,0,0,0,0,0,0,0,0,0,0,0,0,0,0,0,0,0,0,0,0,0,1,0,0,0,0,0,0,0,0,0,2,0,1,1,1,1,0,0,0,0,0,0,0,0,0,0,0,0,0,0,1,0,0,0,3,0,0,0,2,0,0,0,0,0,1,0,0,0,0,0,0,0,0,2,0,0,2,0,0,1,0,0,2,0,0,0,0,1,0,0,1,0,0,0,0,0,1,0,0,0,0,0,0,0,0,0,0,0,0,0,0,0,0,0,0,1,0,0,0,0,0,0,1,0,0,0,0,0,0,1,0,1,0,0,0,0,2,1,0,4,0,1,0,1,0,0,0,2,0,0,2,0,3,0,0,0,1,3,0,1,2,0,0,0,0,0,0,0,0,0,1,0,0,0,0,0,0,0,0,0,0,0,0,0,0,0,0,0,0,0,0,0,0,0,0,1,0,0,0,0,0,0,0,0,1,0,0,0,0,0,2,0,1,0,1,0,0,0,0,0,0,1,0,0,0
0,1,0,0,0,0,0,0,2,0,2,0,0,0,0,2,0,0,0,0,1,0,0,2,0,0,0,0,0,0,0,0,3,0,0,0,0,2,2,0,0,0,1,0,0,1,0,2,0,0,0,0,1,0,0,0,0,0,0,0,0,3,1,0,2,0,2,0,0,0,0,1,0,0,0,0,0,0,4,0,0,2,1,0,0,0,0,0,0,0,0,0,0,0,0,3,0,0,0,1,0,0,0,0,0,0,0,0,0,0,0,0,1,0,0,0,0,0,0,0,0,0,0,3,0,0,0,0,0,0,0,0,0,0,0,0,0,0,0,0,0,0,0,0,0,0,0,0,0,0,0,0,0,0,0,0,0,0,0,0,0,0,1,0,1,2,0,0,0,0,0,2,2,0,0,0,0,0,2,0,0,0,0,0,0,0,0,0,0,0,0,0,1,0,1,0,0,0,1,2,0,0,0,0,0,0,3,0,0,0,0,0,0,0,0,0,0,1,1,0,0,0,1,0,0,2,0,0,0,0,0,0,0,0,2,0,2,0,2,2,0,0,1,0,0,1,0,0,0,0,0,0,0,0,0,1
0,1,0,0,0,0,0,0,1,0,2,0,0,0,0,2,0,0,0,0,3,0,0,0,0,0,0,0,0,0,0,0,2,0,0,0,0,2,1,0,0,0,0,0,0,0,0,2,0,0,0,0,0,0,0,0,0,0,0,0,0,1,0,0,1,0,2,0,0,0,0,0,0,0,1,0,0,0,0,0,0,2,0,0,0,0,0,0,0,0,0,0,0,0,0,2,0,0,0,0,0,0,0,0,0,0,0,0,0,0,1,0,0,0,0,0,0,0,0,0,0,0,0,1,0,0,0,0,0,0,0,0,0,0,0,0,0,0,0,0,0,0,0,0,0,0,0,0,0,0,0,0,0,0,0,0,0,0,0,0,0,0,0,0,0,2,0,0,1,0,0,2,2,0,0,0,0,0,3,0,0,0,0,0,0,0,0,0,0,0,0,0,0,0,1,0,0,0,0,0,0,0,0,0,0,0,0,0,0,0,0,0,0,0,0,0,0,0,1,0,0,0,0,0,0,1,1,1,0,0,0,0,0,0,0,0,2,0,0,3,0,0,0,0,0,0,0,0,0,0,0,0,1,0,0,0
0,0,0,0,0,0,0,0,0,1,1,0,1,1,0,2,0,0,0,0,1,0,0,1,0,0,1,0,0,0,1,0,1,0,0,0,0,1,1,0,0,0,0,0,0,0,0,1,0,0,0,1,0,0,0,0,1,0,0,0,0,1,0,1,1,1,1,0,0,0,0,0,0,0,0,0,0,0,0,0,0,1,0,0,0,0,0,0,0,1,0,0,0,0,0,0,0,0,0,0,0,0,0,0,0,0,0,0,0,0,1,0,0,1,0,0,0,0,0,0,0,1,0,1,0,0,0,2,0,0,0,0,0,0,0,0,0,0,0,0,0,0,0,0,0,0,1,0,0,0,0,0,0,0,0,0,0,0,0,0,1,0,0,0,0,1,0,0,0,0,1,1,1,0,0,0,0,0,1,0,0,1,0,1,0,0,0,0,1,0,0,1,0,0,0,0,0,0,0,1,0,0,0,0,0,0,0,0,0,0,0,0,0,0,0,0,0,0,0,0,0,0,0,0,0,0,1,0,0,0,0,0,0,0,0,1,1,0,0,1,0,1,0,1,0,1,0,0,0,0,0,0,0,0,0,0
0,5,2,0,1,0,0,0,4,1,2,0,0,1,0,4,1,0,0,2,2,0,0,0,0,0,0,0,0,0,0,1,2,0,0,0,0,2,1,0,2,0,0,0,0,0,1,2,0,0,1,0,0,0,0,0,1,0,0,0,0,4,0,0,1,0,2,0,0,0,0,0,2,0,0,0,0,0,0,0,0,2,0,0,0,0,0,0,0,0,0,0,0,0,0,2,0,0,0,0,0,0,0,0,0,0,0,0,0,0,0,0,0,0,0,0,0,0,0,0,0,0,0,1,0,0,0,0,0,0,2,0,0,0,1,0,0,0,0,1,0,0,0,0,0,0,0,0,0,0,0,0,0,0,0,0,0,0,0,1,0,0,0,2,0,2,0,0,3,0,0,2,3,1,1,0,0,0,2,0,0,0,0,0,1,0,0,1,3,0,0,0,0,0,1,1,2,0,0,3,0,2,0,0,0,0,0,0,0,0,0,0,0,0,0,0,0,0,0,0,0,0,0,0,0,0,1,0,1,0,0,0,0,0,0,0,2,0,0,1,0,0,0,0,0,0,0,0,0,0,1,0,2,0,0,1
0,1,0,0,0,0,0,0,0,2,3,0,0,0,0,4,0,0,0,0,1,0,0,0,0,0,0,0,0,0,0,1,1,0,0,0,0,1,0,2,1,0,0,0,0,1,1,1,0,0,0,0,0,0,0,0,2,0,0,0,1,4,0,0,3,1,2,0,1,0,0,1,0,0,0,0,1,0,0,0,0,4,0,0,1,4,0,0,0,3,0,0,0,0,0,1,0,0,0,0,0,0,0,0,0,0,0,0,0,1,1,0,0,0,0,0,0,2,3,0,0,0,0,2,0,0,0,0,0,0,0,0,0,0,0,0,0,0,0,0,0,0,0,0,0,0,1,0,0,0,0,1,0,0,0,0,0,1,0,1,0,0,0,0,1,1,2,0,2,0,0,1,2,0,0,0,0,0,4,1,0,1,0,1,0,0,1,0,1,0,0,1,0,0,0,0,0,1,0,0,1,0,1,0,0,0,0,0,0,0,0,1,2,0,0,0,0,3,0,1,0,1,0,0,0,0,0,0,0,0,0,0,0,0,0,0,1,0,0,0,0,1,0,0,0,0,0,0,0,0,0,0,2,0,0,0
0,0,0,0,0,0,0,0,0,0,2,0,0,0,0,2,0,0,0,0,0,0,0,0,0,0,0,0,0,0,0,1,1,0,0,0,0,1,2,0,0,0,0,0,0,0,0,1,0,0,0,0,1,0,0,0,0,0,0,0,0,2,2,1,1,0,2,0,0,0,0,0,0,0,0,0,0,0,0,0,0,1,0,0,0,1,0,0,0,1,0,0,0,0,0,0,0,0,0,0,0,0,0,0,0,0,0,0,1,0,0,0,0,0,0,0,0,0,0,0,1,0,0,1,0,0,0,0,0,0,0,0,0,0,0,0,0,0,0,1,0,0,0,0,0,0,0,0,0,0,0,0,0,0,0,0,0,0,0,0,0,0,1,0,0,1,0,0,1,0,1,1,2,1,0,0,0,0,3,0,0,1,0,3,0,0,0,1,2,0,0,1,0,0,0,0,0,0,0,1,0,0,0,0,0,0,0,0,0,0,0,0,0,0,0,0,0,0,0,0,0,0,0,0,0,0,2,0,0,0,1,0,0,0,0,0,1,0,0,1,0,1,0,0,0,0,0,0,0,0,0,0,2,0,0,2
0,0,0,0,0,0,0,0,0,0,2,0,0,0,0,2,0,0,0,0,0,0,0,0,0,0,0,0,0,0,0,0,2,0,0,0,0,2,2,0,2,0,0,0,0,0,0,2,0,0,0,0,0,0,0,0,3,0,0,0,2,2,0,0,2,0,2,0,0,0,0,0,0,0,0,0,0,0,2,0,0,2,0,0,0,1,1,0,0,0,0,0,0,0,0,1,0,0,1,0,0,0,0,0,0,0,0,1,0,0,2,0,1,0,0,0,0,0,2,0,0,0,0,1,0,0,0,0,0,0,0,0,0,0,0,0,0,0,1,0,0,0,0,0,0,0,0,0,0,0,0,0,0,0,0,0,0,1,0,1,1,0,2,0,0,2,1,0,3,0,0,2,2,0,1,0,0,0,2,0,0,0,0,2,1,0,0,2,1,0,0,0,0,0,0,0,0,0,0,1,0,0,0,0,0,1,1,0,0,0,0,0,0,0,0,0,0,1,1,2,1,1,0,0,0,0,1,0,0,0,0,0,0,0,0,0,2,0,0,2,0,0,0,0,0,0,0,1,0,0,0,0,0,0,0,0
0,0,0,0,0,0,0,0,0,0,3,0,0,0,0,2,0,0,0,0,1,0,0,0,1,0,0,1,0,0,0,1,2,0,0,0,0,2,0,0,1,0,0,0,0,0,0,2,0,0,0,0,0,0,0,0,0,0,0,0,0,1,1,0,2,0,2,0,0,0,0,0,0,0,0,0,0,0,0,0,0,2,0,0,0,0,0,0,0,0,0,0,0,0,0,1,0,0,0,0,0,0,0,0,0,0,0,1,0,0,0,0,0,0,0,0,0,0,0,0,0,1,1,2,0,0,0,0,0,0,0,0,0,0,0,0,0,0,0,0,0,0,0,0,0,0,0,0,0,0,0,0,0,0,0,0,0,0,0,0,0,0,0,0,0,2,0,0,2,0,1,2,2,0,0,0,0,0,2,0,0,0,0,0,0,0,0,2,1,0,1,0,0,0,0,0,0,0,0,1,0,0,0,0,0,1,0,0,0,0,0,0,0,0,0,0,0,0,0,3,0,0,0,1,0,0,1,0,0,0,0,0,0,0,0,0,2,0,0,0,0,0,0,0,0,0,0,0,0,0,0,0,2,0,0,0
0,0,0,0,0,0,0,0,0,1,1,0,0,0,0,1,0,0,0,0,0,0,0,0,0,0,0,0,0,0,0,0,1,0,0,0,0,1,0,0,0,0,0,0,0,0,0,1,0,0,0,1,0,0,0,0,0,0,0,0,0,1,0,1,3,1,1,1,0,0,0,1,0,0,0,0,0,0,0,0,0,2,0,1,0,2,0,0,0,1,1,0,0,0,1,1,0,0,0,0,1,0,0,0,0,0,0,0,0,0,1,0,0,1,0,0,1,0,2,0,0,2,0,0,0,0,0,1,0,0,0,1,0,0,0,0,0,0,0,0,0,0,0,0,0,1,0,0,0,0,0,0,0,0,0,0,0,0,1,1,0,0,0,0,0,1,0,0,0,0,1,1,1,0,0,0,0,1,1,0,0,1,1,1,1,0,0,1,1,1,1,1,0,0,0,0,0,0,0,0,0,2,0,0,0,0,0,0,0,0,0,0,0,0,0,0,0,0,0,1,0,0,0,0,0,0,1,0,0,0,1,0,0,0,0,1,1,0,0,1,2,1,1,1,0,2,0,0,1,0,0,1,0,0,0,2
0,0,0,0,0,0,0,0,0,0,2,0,0,1,0,3,0,0,0,0,0,0,0,0,1,0,0,0,0,0,0,0,2,0,0,0,0,2,2,0,0,0,0,0,0,0,0,2,0,0,0,0,1,0,0,0,0,0,0,0,1,0,0,0,1,0,2,0,0,0,0,0,0,0,0,0,0,0,1,0,0,2,0,1,0,0,0,0,0,0,0,0,0,0,0,0,0,0,0,0,0,0,0,0,0,0,0,0,0,0,0,0,0,0,0,0,0,0,0,0,0,0,0,0,0,0,0,0,0,0,0,0,0,1,0,1,0,0,1,0,0,1,0,0,0,0,1,0,0,0,0,0,0,0,0,0,0,0,0,0,0,0,0,1,1,3,0,0,2,0,0,2,2,0,0,0,0,0,3,0,0,0,0,0,0,0,0,0,1,0,0,0,0,0,0,0,0,0,0,0,0,1,0,0,0,1,0,0,0,0,0,0,0,0,0,0,0,0,0,0,0,0,1,0,0,0,2,1,0,0,0,0,0,0,0,0,2,1,0,2,0,0,0,0,0,0,0,0,0,0,0,0,1,0,0,0
0,1,1,0,0,0,0,0,2,2,1,1,0,0,0,1,0,0,0,0,0,0,1,0,0,0,0,0,0,0,0,1,1,0,0,0,0,1,0,0,0,0,0,0,0,0,0,1,0,0,0,2,0,0,0,0,1,0,0,0,0,1,0,1,1,1,1,0,0,0,1,0,0,1,1,0,0,0,0,0,0,2,0,0,0,2,0,0,0,3,0,0,0,0,0,1,0,0,2,0,0,0,0,0,0,0,0,0,0,0,0,0,0,1,0,1,0,0,2,0,0,1,0,0,0,1,1,1,0,1,0,0,0,0,1,0,0,1,0,0,0,0,0,0,0,0,0,0,0,0,0,0,0,0,0,0,0,0,0,0,1,0,1,0,0,1,0,0,1,0,3,1,1,1,1,0,0,0,1,0,0,1,0,2,0,0,0,0,2,0,0,1,0,0,1,0,0,0,0,0,0,0,0,0,0,0,0,0,0,0,0,0,1,0,0,0,0,0,0,0,0,0,0,0,0,0,0,0,0,0,0,0,0,0,0,1,1,0,0,0,0,1,0,1,0,1,0,0,0,0,0,0,1,0,0,0
0,5,0,1,1,0,0,0,2,3,1,2,0,0,0,2,0,0,0,0,1,0,0,2,0,0,5,0,0,0,3,0,1,0,0,0,0,1,3,0,0,0,0,0,0,0,0,1,0,0,0,1,1,0,0,0,0,1,0,1,0,5,1,1,2,0,1,0,0,0,0,1,0,0,1,0,2,0,0,0,0,1,0,1,0,2,0,1,0,2,0,0,0,0,0,0,0,0,0,1,0,0,0,0,0,0,0,1,0,0,0,0,1,0,0,0,0,1,0,0,0,1,0,2,1,0,0,0,0,0,0,0,0,0,0,0,0,0,0,0,0,0,0,0,0,0,0,0,0,1,1,0,1,0,0,0,0,1,1,1,0,0,0,0,0,2,0,1,2,0,3,1,1,0,0,0,0,0,1,0,0,1,0,1,0,0,0,0,5,1,0,1,0,0,0,0,0,0,0,0,0,0,1,0,0,0,0,0,0,0,0,0,0,0,0,0,0,0,0,0,0,0,1,0,0,0,0,0,0,0,0,0,1,0,0,0,1,0,0,2,0,1,0,1,0,1,0,0,0,0,0,1,0,0,0,1
0,0,0,0,0,0,0,0,1,0,2,0,0,2,0,2,0,4,0,0,1,1,0,0,0,0,3,0,0,0,1,0,2,1,0,0,0,1,1,1,0,0,0,0,0,4,0,1,1,0,0,0,0,0,0,0,0,0,0,0,0,0,0,0,1,0,2,0,0,0,0,0,1,0,0,0,0,0,0,1,0,2,0,1,0,0,0,0,0,0,0,0,0,0,0,1,0,0,1,0,0,0,0,0,0,0,0,0,0,0,0,0,0,0,0,1,0,0,0,0,0,0,0,2,0,0,0,0,0,0,0,0,0,0,0,0,0,0,0,0,0,0,0,0,0,0,0,0,0,0,0,0,0,0,0,0,0,0,1,0,0,0,0,0,0,1,0,0,1,0,0,1,2,0,1,0,0,1,2,0,0,0,0,0,0,0,0,0,0,0,0,0,0,3,0,0,0,0,0,1,2,1,1,0,0,0,0,0,0,0,2,0,0,0,0,0,0,0,1,1,0,0,1,0,0,0,0,0,0,2,1,0,0,0,0,0,1,0,0,1,0,0,0,0,0,0,0,0,0,0,0,0,2,0,0,0
0,0,0,0,0,0,0,0,0,1,1,1,0,0,0,1,0,0,0,0,0,0,0,0,0,0,0,0,0,0,0,0,2,0,0,0,0,1,0,0,0,0,0,0,2,1,1,1,0,0,0,2,0,0,0,0,2,0,0,0,0,1,1,1,0,1,1,0,0,0,0,0,0,0,1,0,0,0,0,0,0,1,0,0,0,1,0,0,0,1,0,0,0,0,0,0,0,0,0,0,0,1,0,0,0,0,0,0,0,0,0,0,0,0,0,0,0,0,1,0,0,3,0,0,0,0,1,0,0,0,0,0,0,0,0,0,0,0,0,0,0,0,1,0,0,0,0,0,0,0,0,0,0,0,0,0,0,0,0,0,1,0,0,0,0,1,0,0,2,0,1,1,1,0,0,0,0,0,1,0,0,1,0,1,0,0,0,0,1,0,1,1,0,0,1,0,0,0,0,1,0,0,0,0,0,0,0,0,0,0,0,0,0,0,0,0,0,0,0,0,0,0,0,0,0,0,0,0,0,0,0,0,0,0,1,1,1,0,0,1,0,1,0,1,1,1,0,0,0,0,0,0,1,0,0,0
0,0,0,0,0,0,0,0,0,1,1,1,0,0,0,2,0,0,0,0,0,0,0,0,0,0,0,0,0,0,0,0,1,0,0,0,0,1,0,0,0,0,0,0,0,0,0,1,0,0,0,1,0,0,0,0,0,0,0,0,1,1,0,1,2,2,1,0,0,0,0,0,0,0,0,1,0,0,0,0,0,1,0,0,0,3,1,0,0,1,0,0,0,0,0,1,0,0,2,0,0,0,0,0,0,0,0,0,0,0,0,0,0,0,0,1,0,0,2,0,0,2,0,0,0,0,0,1,0,0,0,1,0,0,0,0,0,1,0,0,0,0,0,0,1,0,0,0,0,0,0,1,0,0,0,1,0,1,0,0,1,0,2,0,0,1,0,0,2,0,2,1,2,1,0,0,0,0,1,0,1,1,0,1,1,0,0,0,1,0,1,1,0,0,1,0,0,0,0,0,0,0,0,0,0,0,0,0,0,0,0,2,1,0,0,0,0,1,0,0,0,0,1,0,0,0,1,0,0,0,0,0,0,0,0,1,1,0,0,0,0,1,0,1,0,1,0,0,0,0,0,0,1,0,0,0
0,0,0,0,0,0,0,0,0,3,0,1,0,0,0,0,0,0,0,0,0,0,2,0,0,0,0,0,0,0,0,0,0,0,0,0,0,0,0,0,0,0,0,0,0,0,0,0,0,0,0,2,0,0,0,0,0,0,0,0,1,2,0,2,0,2,0,0,0,1,0,0,0,0,0,0,0,0,0,0,0,0,0,0,0,2,0,1,0,2,0,0,0,0,0,0,0,0,0,0,0,0,0,0,2,0,0,1,0,0,0,0,0,2,0,0,0,0,0,0,0,1,0,0,0,0,0,1,0,0,0,0,0,0,0,0,0,0,0,0,0,0,0,0,0,0,0,0,0,0,0,0,0,0,0,0,0,0,0,0,1,0,0,0,0,0,0,1,0,0,4,0,1,0,1,1,0,0,0,0,0,2,0,2,0,0,0,0,2,0,1,2,0,0,0,0,0,0,0,0,0,0,0,0,0,0,0,0,0,0,0,0,0,0,0,0,0,0,0,0,0,0,0,0,0,0,0,0,0,0,1,0,0,0,0,2,0,0,0,0,0,2,0,2,0,0,0,0,1,0,0,0,0,0,1,1
0,0,0,0,0,1,0,0,0,2,0,0,0,0,0,0,0,0,0,0,0,0,0,0,0,0,0,0,0,0,0,0,0,0,0,0,0,0,0,0,0,0,0,0,0,0,0,0,0,0,0,2,0,0,0,0,0,1,0,0,0,2,1,2,0,2,0,0,0,1,0,0,0,0,0,0,0,1,0,1,1,0,0,0,0,2,0,1,0,2,0,0,0,0,0,0,0,0,1,0,0,0,0,0,0,0,0,2,0,0,1,0,0,2,1,0,0,0,0,0,0,2,0,0,1,0,0,1,0,0,0,0,0,0,0,0,0,0,0,0,0,0,0,0,0,0,0,0,0,0,0,0,1,0,0,1,0,0,0,0,1,1,0,0,0,0,0,1,0,0,2,0,0,0,0,0,0,0,0,0,0,2,0,2,0,0,0,0,3,2,0,2,0,0,0,0,0,1,0,0,0,0,0,0,0,0,0,0,0,0,0,0,1,0,0,0,0,0,0,1,1,0,0,0,0,0,0,0,0,0,0,0,0,0,0,2,0,0,0,0,0,2,0,2,0,2,0,0,1,0,0,0,0,0,0,0
0,0,0,1,0,1,1,0,0,2,0,1,0,0,0,0,1,0,0,0,0,0,0,0,0,0,0,0,0,0,0,0,1,0,0,0,0,0,0,0,0,1,0,0,0,0,0,0,0,0,0,2,0,0,0,0,0,1,0,0,0,2,0,2,0,2,0,0,0,0,0,0,1,0,0,1,0,0,0,0,0,1,0,1,0,1,0,0,0,2,0,0,0,0,0,2,0,0,0,0,0,0,0,0,0,0,0,0,0,0,0,0,0,1,0,0,0,0,0,0,0,2,0,0,0,0,0,2,0,0,0,0,0,0,0,0,0,0,0,1,0,0,0,0,0,0,0,0,0,0,1,0,1,0,0,0,0,0,0,0,1,0,1,0,0,0,0,0,0,0,2,0,0,0,0,0,1,0,0,0,0,3,0,2,0,0,0,0,2,1,0,2,1,0,0,0,0,0,0,0,0,1,0,0,0,0,0,0,0,0,0,0,1,0,0,0,0,0,1,0,0,0,0,0,0,0,0,0,0,1,0,0,0,0,0,2,0,0,0,0,0,2,0,2,0,2,0,0,1,0,0,0,0,0,0,0
0,0,0,1,0,1,0,0,0,9,1,1,0,0,0,1,1,0,0,0,1,0,0,1,0,0,0,0,0,0,0,0,2,0,0,0,0,1,0,0,0,0,1,1,0,0,1,1,0,0,0,3,0,2,0,0,0,1,0,2,2,3,0,1,0,1,2,0,0,1,0,0,0,0,0,0,0,1,0,0,0,1,0,0,2,3,1,1,0,1,0,0,0,0,0,0,0,0,0,0,0,2,0,1,2,1,0,0,0,0,3,0,0,8,1,0,0,0,0,0,0,1,2,0,0,0,0,1,0,0,0,1,0,0,0,0,0,0,0,0,0,0,2,0,0,0,2,0,0,0,1,0,1,1,0,0,0,0,0,0,1,0,0,0,0,2,0,0,1,0,1,1,1,0,0,0,0,0,1,0,0,1,0,1,0,0,0,0,1,2,0,1,2,2,0,0,0,1,0,1,0,0,0,0,1,2,0,0,0,0,0,0,5,0,0,0,1,1,1,0,1,0,0,0,0,0,1,0,0,0,0,0,0,0,0,0,1,0,0,1,0,1,0,1,0,0,0,0,0,0,0,0,1,0,0,0
0,4,0,1,0,2,0,0,0,0,1,0,0,0,0,2,0,1,0,0,0,0,0,0,0,0,3,0,0,0,0,0,1,1,0,0,0,1,3,0,0,0,0,0,0,1,0,1,0,0,0,0,0,1,0,1,0,0,0,0,0,3,0,0,3,0,1,0,1,0,0,0,1,0,0,0,0,1,0,1,0,1,1,1,0,0,0,2,0,0,0,0,0,0,0,0,0,0,0,0,0,1,1,0,0,0,0,0,0,0,0,0,0,0,0,0,0,0,0,1,0,0,0,2,0,1,0,0,0,0,0,0,0,0,0,1,0,0,0,1,0,0,0,0,0,0,0,0,0,0,0,0,0,0,0,0,0,0,0,0,0,0,0,0,1,1,0,0,0,0,0,1,1,1,0,0,0,1,1,0,0,0,0,2,0,0,0,0,2,0,1,1,0,1,0,0,0,0,0,0,0,0,0,0,0,0,0,0,0,0,1,1,0,0,0,0,0,0,0,0,0,0,0,0,0,0,1,0,0,2,0,0,0,0,0,0,1,0,2,0,1,0,0,0,0,0,0,0,0,0,0,0,1,0,0,0
0,0,0,0,0,0,0,0,0,0,1,0,0,0,0,1,0,1,0,0,1,0,0,0,0,0,0,0,0,0,0,1,0,0,0,0,0,0,0,1,0,0,0,0,5,0,0,0,0,0,0,1,1,0,0,0,0,0,0,1,0,1,0,1,2,1,1,0,0,3,0,0,0,0,0,0,1,3,0,1,0,1,0,1,1,0,0,1,0,2,0,0,0,0,0,0,0,0,2,0,0,0,0,0,0,0,0,0,0,0,0,0,0,0,0,0,0,0,0,0,0,0,0,0,0,0,0,0,0,0,0,0,0,0,0,0,0,0,0,0,0,0,0,0,0,0,0,0,0,0,0,0,0,0,0,0,0,0,0,0,0,0,0,1,0,0,2,1,2,0,1,0,1,0,0,2,0,0,1,0,0,2,0,1,0,0,0,0,4,1,0,1,0,3,1,3,0,0,0,0,0,0,0,0,0,3,0,0,0,0,0,0,0,0,0,0,0,0,0,0,1,0,0,0,0,0,2,0,0,0,0,0,0,0,0,1,0,0,0,1,0,1,0,1,1,1,1,0,0,0,1,0,1,0,0,2
0,3,0,0,0,0,0,0,0,0,2,1,0,0,0,3,0,1,0,0,4,0,0,0,0,0,1,0,0,0,1,0,3,0,0,0,0,2,0,0,1,0,0,0,0,0,0,2,0,0,0,0,0,0,0,0,0,0,0,0,0,2,0,0,1,0,2,0,0,0,0,0,1,0,0,0,0,0,0,0,0,2,0,0,0,0,0,0,0,0,0,3,0,0,1,0,0,0,0,0,0,0,0,0,0,0,0,0,0,0,0,0,0,0,0,0,0,0,0,0,0,0,0,1,0,0,0,0,0,1,0,0,0,0,0,0,0,0,0,2,0,0,0,0,0,0,0,0,0,0,0,1,0,0,0,0,0,0,0,0,0,0,0,0,0,3,0,0,2,0,0,2,2,0,0,0,0,0,2,0,0,0,0,0,0,1,0,1,1,0,0,0,0,2,0,0,0,0,0,0,0,0,0,0,0,0,0,0,0,0,0,2,0,0,0,0,0,0,0,0,0,0,0,0,0,0,2,0,0,0,0,0,0,0,0,0,2,0,1,1,0,0,2,0,0,0,0,0,0,0,0,0,5,0,0,0
0,1,0,0,0,0,0,0,0,0,2,0,0,0,0,3,0,0,0,0,0,0,0,0,0,0,0,0,0,0,0,0,2,0,0,0,0,2,1,0,0,0,0,0,0,0,0,2,0,0,0,0,1,0,0,0,0,0,0,0,0,1,0,0,2,0,2,0,0,0,0,0,0,0,0,0,0,0,0,0,0,2,0,0,0,0,0,0,0,0,0,0,0,0,0,1,0,0,1,0,0,0,0,0,0,0,0,1,0,0,0,0,0,0,0,0,1,0,1,0,0,0,0,0,0,0,0,0,0,0,0,0,0,0,0,1,0,0,0,0,0,0,0,0,0,0,0,0,0,0,0,0,0,0,0,0,0,1,1,0,0,0,0,1,1,2,0,0,2,0,0,2,2,0,0,0,0,0,2,0,0,0,0,0,0,0,0,0,1,0,0,1,0,0,0,0,0,0,0,0,0,0,0,0,0,0,0,0,0,0,0,0,0,0,0,0,0,0,0,0,0,0,0,0,0,0,1,0,0,0,0,0,0,0,0,0,2,0,0,1,0,0,0,0,0,0,0,0,0,0,0,0,1,0,0,0
0,4,0,0,0,0,0,0,1,0,2,0,0,0,0,3,0,0,0,0,4,0,0,0,0,0,2,0,0,0,0,0,2,0,0,0,0,3,1,0,2,0,0,0,0,0,0,2,0,0,0,0,0,0,0,0,1,0,0,0,0,1,0,0,1,0,2,0,0,1,0,0,0,0,0,1,0,0,0,0,0,2,0,0,0,0,0,0,0,0,0,0,3,0,0,1,0,0,0,0,0,0,0,0,0,0,0,0,0,0,0,2,0,0,0,0,0,0,0,0,0,0,0,3,0,0,0,0,0,0,0,0,0,0,0,0,0,0,0,1,0,0,0,0,0,0,0,0,0,0,0,1,0,0,0,0,0,0,0,0,0,0,0,0,0,2,0,0,1,0,1,2,2,0,0,0,0,0,2,0,0,0,0,0,0,0,0,0,3,0,1,0,0,2,1,0,0,0,2,2,0,0,0,0,0,0,0,0,0,0,1,1,0,0,0,0,0,0,1,3,0,1,0,0,0,0,1,0,0,0,0,0,0,0,0,0,2,0,0,1,0,0,0,0,0,0,0,0,0,0,0,0,2,0,0,0
0,0,0,0,0,0,0,0,0,2,3,1,0,0,0,1,0,0,0,0,1,0,0,0,0,1,1,0,0,0,0,0,2,0,0,1,0,2,2,0,2,0,0,0,0,0,0,1,0,0,0,0,1,0,0,0,0,0,0,1,0,3,0,0,2,2,2,0,0,0,0,0,0,0,0,0,0,0,2,0,0,2,0,1,0,1,0,1,0,1,0,0,0,0,0,1,0,0,0,0,0,0,1,0,0,0,0,0,0,0,0,0,0,0,0,0,0,0,0,0,0,0,0,0,0,0,0,0,0,0,0,0,0,1,0,4,0,0,1,1,0,0,0,0,0,0,0,0,0,0,0,0,0,0,0,0,0,2,0,0,0,0,0,0,0,2,0,0,2,0,0,2,2,0,0,0,0,0,2,0,0,1,0,1,0,0,0,0,1,1,0,0,0,2,0,0,1,0,0,2,0,1,0,0,0,1,1,0,0,0,0,0,0,0,0,1,0,3,0,1,0,0,1,0,0,0,1,1,0,0,0,0,0,0,0,0,2,1,0,1,1,0,0,0,0,0,0,0,0,0,0,0,3,0,0,0
0,0,0,0,0,0,0,0,0,1,1,0,0,1,0,2,0,0,0,0,0,0,0,0,0,0,1,0,0,0,1,1,1,0,0,0,0,1,0,0,0,0,0,0,0,0,0,1,0,0,1,1,0,0,0,0,0,0,0,0,0,2,0,1,2,2,1,0,0,0,0,0,0,0,0,0,0,0,0,0,0,1,0,0,0,0,0,0,0,2,0,0,0,0,0,0,0,0,0,0,0,0,0,0,0,0,0,0,0,0,1,0,0,1,0,0,0,0,1,0,1,1,0,0,0,0,0,1,0,0,1,2,0,0,0,0,0,0,1,1,0,0,0,0,0,0,0,0,0,0,0,0,0,0,0,0,0,0,0,0,0,0,0,0,0,1,1,0,2,0,1,1,1,0,1,0,0,0,1,0,0,1,0,2,0,0,0,1,1,0,0,1,1,1,0,0,0,0,0,1,0,0,0,0,0,0,0,0,0,0,0,0,0,0,0,0,0,0,0,0,0,0,2,0,0,0,1,0,0,0,0,0,0,0,0,1,1,0,0,1,0,1,0,1,0,2,0,0,0,0,0,0,0,0,1,0
0,2,0,0,0,0,0,0,0,0,2,0,0,0,0,3,0,0,0,0,0,0,0,0,0,0,0,0,0,0,0,2,2,0,0,0,0,2,0,0,0,0,0,0,0,2,1,2,0,0,0,1,0,0,0,0,0,0,0,0,0,1,0,0,1,0,2,0,0,0,0,1,0,0,0,0,0,0,0,0,2,2,0,0,0,0,0,0,0,1,0,0,0,0,0,2,0,0,0,0,0,0,0,0,0,0,0,0,0,0,0,0,0,0,0,0,0,0,0,0,0,0,0,0,0,0,0,0,0,0,0,0,0,0,1,0,0,0,0,0,0,0,0,0,0,0,0,0,0,0,0,0,0,0,0,0,0,0,1,0,1,0,0,0,0,2,0,1,3,0,0,2,2,1,0,0,0,0,2,0,0,0,0,0,0,0,0,0,2,0,0,0,0,1,1,1,0,0,0,0,0,0,0,0,0,0,0,0,0,0,0,0,0,0,0,0,0,0,0,1,0,1,0,0,0,0,1,0,0,0,1,0,0,0,0,0,3,0,1,1,0,0,0,0,0,0,0,0,0,0,0,0,2,1,0,0
0,2,0,0,0,0,0,0,0,0,2,0,0,0,0,2,0,0,0,0,1,0,0,1,0,1,2,0,0,0,0,0,3,0,0,0,0,2,0,3,1,0,0,0,1,0,0,2,0,0,0,0,0,0,0,0,0,0,0,0,0,2,0,0,1,0,2,0,0,0,0,0,0,0,0,0,0,0,0,0,2,2,0,0,0,0,0,0,0,0,0,0,0,0,0,0,0,0,0,0,0,0,1,0,0,0,0,0,0,0,1,0,0,0,0,0,0,0,0,0,0,1,0,1,0,0,0,0,0,0,0,0,0,0,0,0,0,0,0,0,0,0,0,0,0,0,0,0,0,0,0,0,0,0,0,0,0,0,0,0,2,0,0,0,0,3,0,0,2,0,1,2,2,0,0,0,0,0,2,0,0,1,0,2,1,1,0,1,3,0,0,0,0,1,0,1,0,0,0,0,0,2,0,0,0,0,0,0,0,0,0,0,0,1,0,0,0,0,1,1,0,1,2,1,0,0,1,0,0,0,0,0,0,0,0,0,2,0,1,1,0,0,1,0,0,0,0,0,2,0,0,0,2,0,0,0
0,0,0,0,0,0,0,0,0,1,1,1,0,0,0,1,0,0,0,0,0,0,0,0,0,0,0,0,0,0,0,0,1,0,0,0,0,1,0,0,0,0,0,0,0,0,0,1,0,0,0,1,0,0,0,0,0,0,0,0,0,1,0,1,2,1,1,0,0,1,0,0,0,0,0,0,0,0,0,0,0,1,0,0,0,0,0,1,0,2,0,0,0,0,0,1,0,0,0,0,0,0,0,0,0,0,0,0,0,0,0,0,0,1,0,0,0,0,0,0,0,0,0,0,0,0,0,0,0,0,0,0,0,0,0,0,0,0,0,0,0,0,0,0,0,0,0,0,0,0,0,1,0,0,0,1,0,0,1,0,1,0,0,0,0,1,0,0,1,0,2,1,2,0,0,0,0,0,2,0,0,1,0,2,0,0,0,0,1,0,0,1,0,0,0,0,0,0,0,0,0,0,0,0,0,0,0,0,0,0,0,0,0,0,0,0,0,0,0,0,0,0,0,0,0,0,1,0,0,0,1,0,0,0,1,1,1,0,0,1,0,1,0,1,0,1,0,0,0,0,0,0,0,0,0,0
1,0,0,0,0,0,0,1,0,1,1,1,1,0,0,2,0,0,0,0,0,0,0,0,0,0,1,0,0,0,0,0,1,0,0,0,0,1,0,0,0,0,0,0,0,0,0,1,0,0,0,1,0,0,0,0,0,0,0,0,0,1,0,1,1,1,1,0,0,0,0,0,0,0,0,0,0,0,0,0,0,1,0,0,0,0,0,0,0,1,0,0,0,0,0,0,0,0,0,0,0,0,0,0,0,0,0,0,0,0,1,0,0,1,0,0,0,1,1,0,0,1,0,0,0,0,0,1,0,0,0,0,0,0,0,0,0,0,0,0,0,0,0,0,0,0,0,0,0,0,0,0,0,0,0,0,0,0,0,0,0,0,0,0,0,1,1,0,2,0,1,1,1,0,0,0,0,0,1,0,1,1,0,1,1,0,0,1,1,0,0,1,0,0,0,0,0,0,0,0,0,0,1,0,0,0,0,0,0,0,1,1,0,0,0,0,0,0,0,1,0,0,0,0,0,0,2,0,0,0,0,0,0,0,0,1,1,0,0,0,0,1,1,1,0,1,0,1,1,0,0,0,1,0,0,0
0,0,0,0,0,0,0,0,0,0,2,0,0,0,0,1,0,0,0,0,1,0,0,0,0,0,1,0,0,0,0,0,2,0,1,0,0,2,0,0,0,0,0,0,0,0,1,2,0,0,0,0,0,0,0,0,1,0,0,0,0,0,0,0,3,0,2,0,0,0,0,0,0,0,0,1,0,0,0,0,0,2,0,1,0,0,0,0,0,0,0,0,0,0,0,1,0,0,1,0,0,0,0,0,0,0,0,1,0,0,0,0,0,0,0,0,0,0,1,0,0,0,0,0,0,0,0,0,0,0,0,0,0,1,0,1,0,0,1,0,0,0,0,0,0,0,1,0,0,0,0,0,0,2,0,0,0,0,0,0,1,0,1,1,0,2,1,0,4,0,0,3,2,0,0,0,0,0,2,0,0,0,0,0,0,0,0,2,0,0,1,2,0,0,0,0,0,0,0,1,0,1,0,0,0,0,1,0,0,0,0,0,0,0,0,0,0,0,0,0,0,0,0,0,0,0,2,0,0,0,0,0,0,0,0,0,2,0,0,1,0,0,0,0,0,0,0,0,0,0,0,0,1,0,0,0
0,0,0,0,0,0,0,0,0,0,0,0,0,0,0,0,0,0,0,0,0,1,0,0,0,0,0,0,0,0,0,0,0,0,0,1,0,0,0,0,0,0,0,0,0,0,0,0,1,0,0,1,1,0,0,0,1,0,1,0,0,1,0,1,0,1,0,0,1,2,1,0,0,0,0,0,0,1,0,0,0,1,1,0,0,1,1,0,0,1,0,0,0,1,0,0,0,0,1,0,0,0,0,0,0,0,0,0,0,0,2,0,0,0,0,0,0,0,0,0,0,1,0,0,0,1,1,0,0,0,0,0,0,0,0,0,1,0,0,0,0,0,0,0,0,0,0,0,1,1,0,0,0,0,0,0,0,2,0,0,1,0,0,0,0,0,1,1,0,0,1,0,0,0,0,0,0,0,0,0,0,1,0,1,0,0,0,0,1,0,0,1,0,0,0,0,0,0,0,0,0,0,0,2,1,0,0,0,0,0,0,0,1,0,0,0,0,0,0,0,0,0,0,0,0,0,0,1,0,0,0,0,0,0,0,2,0,0,0,0,1,1,0,1,0,2,2,0,0,0,0,0,0,1,1,0
1,3,0,0,0,0,0,0,3,4,1,3,0,0,0,2,0,0,0,0,1,1,0,1,0,0,0,0,0,0,0,0,1,0,0,0,0,1,0,0,0,0,1,0,1,0,0,1,0,0,0,1,0,0,0,0,2,0,0,0,0,2,0,1,0,1,1,0,0,0,0,0,3,1,0,0,0,0,0,1,1,1,0,0,0,4,0,0,0,1,0,0,0,0,0,1,0,0,0,0,0,0,0,0,0,0,0,0,0,0,0,0,0,1,0,0,0,0,0,0,1,1,0,0,0,0,0,0,0,0,0,0,0,0,0,0,0,0,0,0,0,0,0,0,0,0,0,0,0,0,0,1,0,0,0,0,0,0,0,0,1,0,0,0,0,1,0,0,2,0,2,1,1,0,0,0,1,0,1,0,0,1,1,1,0,0,0,0,3,0,0,1,0,1,3,0,0,0,0,2,0,0,0,0,0,0,0,0,0,0,0,0,1,0,0,0,0,0,1,0,0,1,0,0,0,0,0,3,0,0,0,0,0,0,0,1,1,0,0,1,0,1,1,1,0,1,0,0,0,0,0,0,1,0,0,1
0,3,0,0,0,0,0,0,0,3,2,0,0,0,0,2,0,0,0,0,0,4,0,2,0,0,0,0,0,0,2,0,2,0,0,0,0,1,0,1,1,0,0,0,0,0,0,1,0,0,0,1,0,0,0,0,0,0,0,0,0,1,0,1,5,0,2,1,0,0,0,0,0,0,0,0,0,0,0,0,1,1,0,0,0,4,0,0,0,1,0,0,0,0,0,0,0,0,1,0,0,0,0,0,0,0,0,0,0,0,0,0,0,2,0,0,0,0,0,0,0,0,0,0,0,1,0,0,0,0,0,1,0,0,0,0,0,0,0,1,0,0,0,1,0,0,0,0,0,0,0,0,0,2,0,0,0,0,2,0,0,0,1,0,0,1,0,0,4,0,1,1,2,0,0,0,0,0,1,0,0,1,1,2,0,0,0,3,2,0,1,1,0,0,0,0,0,0,0,0,0,0,0,1,0,0,0,0,0,0,0,0,2,0,0,0,0,1,0,0,0,0,1,0,0,0,1,0,0,0,0,0,0,0,0,0,1,0,0,0,0,1,0,0,0,0,1,0,0,0,0,2,2,0,0,0
0,1,0,0,0,0,0,0,0,0,2,0,0,0,1,2,0,0,0,0,1,0,0,0,1,0,1,0,0,0,1,0,2,0,0,0,0,2,0,0,0,0,0,0,0,0,0,2,0,0,0,0,0,0,0,0,0,0,0,0,0,1,0,0,1,0,2,0,0,0,0,0,0,0,0,0,0,0,1,0,0,2,0,1,0,0,0,0,0,0,0,0,0,0,0,1,0,0,0,0,0,0,0,0,0,0,0,0,0,0,0,0,0,0,0,0,0,0,0,0,0,0,0,0,0,0,0,0,0,0,0,0,0,1,0,1,0,0,1,0,0,0,0,0,0,0,0,0,0,0,0,0,0,1,0,0,0,0,0,0,0,0,0,0,0,2,0,0,3,1,0,2,2,0,0,0,0,0,2,0,0,0,0,1,1,0,0,0,1,0,0,0,0,0,0,0,0,0,0,0,0,0,0,0,0,0,0,0,0,0,0,0,0,0,0,0,0,0,0,1,0,0,0,0,0,1,1,1,0,0,0,0,0,0,1,0,2,0,1,2,0,0,0,0,0,0,0,0,0,0,0,0,2,0,0,0
0,1,0,1,0,0,0,0,0,1,1,0,1,0,0,1,0,0,0,0,1,0,0,0,0,0,0,0,0,0,0,0,1,0,0,0,0,1,0,0,0,0,0,0,0,0,0,1,0,0,0,1,0,0,0,0,1,0,0,0,0,2,0,1,0,1,1,0,0,1,0,0,0,0,0,0,0,0,0,0,0,1,0,0,0,0,0,1,0,1,0,0,0,0,0,0,0,0,0,1,0,1,0,0,0,0,0,0,0,0,0,0,0,1,0,1,0,0,0,0,0,0,0,0,0,0,0,1,0,0,0,0,0,0,0,0,0,0,0,1,0,0,0,0,0,0,0,0,0,0,1,1,0,0,0,0,0,0,1,0,0,0,0,0,0,1,0,1,0,0,2,1,1,0,0,0,0,0,1,0,0,1,0,1,0,0,0,0,2,0,0,1,0,2,0,0,0,0,0,0,0,0,0,0,0,0,0,0,0,0,2,0,0,0,0,0,0,0,0,0,0,0,0,0,0,0,1,0,0,0,0,0,0,0,0,1,1,0,0,1,1,1,0,1,0,1,0,0,1,0,0,0,1,0,0,0
1,2,0,0,0,1,0,0,0,2,1,1,0,0,0,1,0,0,0,0,0,0,0,0,1,0,0,0,0,0,1,0,1,0,0,0,0,1,1,0,0,0,0,0,0,0,0,1,0,0,0,1,0,0,0,0,0,0,0,0,0,2,0,1,1,1,1,0,0,0,0,0,0,0,0,0,0,0,0,0,0,1,0,0,0,1,0,0,0,1,0,0,0,0,0,0,0,0,0,0,0,0,0,0,1,0,0,0,0,0,1,0,0,1,1,0,0,0,0,0,0,1,0,0,0,0,0,1,0,0,0,0,0,0,0,0,1,0,0,1,0,0,0,0,0,0,0,0,0,1,0,0,0,0,0,0,0,0,0,0,1,0,0,0,0,1,1,1,1,0,1,1,1,0,0,0,0,0,1,0,1,1,0,1,1,0,0,0,2,0,0,1,1,1,1,0,0,0,0,1,0,0,0,0,0,0,1,0,0,0,0,0,0,0,0,0,0,0,0,1,0,0,0,0,0,0,1,0,0,0,0,0,0,0,0,1,1,0,0,1,0,1,0,1,0,1,0,0,0,0,0,0,0,0,1,0
0,1,0,1,0,0,0,0,0,0,2,1,0,0,0,2,0,0,0,0,1,0,0,0,0,0,0,0,0,0,0,0,1,0,0,0,0,2,0,0,2,0,0,0,1,0,0,1,0,0,0,0,0,0,0,0,2,0,0,0,0,4,0,0,3,0,2,0,0,0,0,1,0,0,1,1,0,0,0,0,0,2,0,0,0,1,0,0,0,2,0,0,1,0,0,2,0,0,0,0,0,0,0,0,0,0,0,0,0,0,0,0,0,0,0,0,0,0,0,0,0,0,0,0,0,0,0,0,0,0,0,0,0,0,0,1,0,0,0,1,0,0,0,0,0,1,0,0,0,0,0,1,0,0,0,0,0,0,1,0,0,0,0,0,0,1,0,0,3,0,0,1,2,0,0,0,0,0,2,0,0,1,0,1,0,0,0,0,4,0,0,1,0,2,0,0,0,0,0,0,0,0,0,0,0,0,1,0,0,0,0,0,0,0,0,0,0,0,0,1,0,0,0,0,0,0,0,0,0,0,3,0,0,0,0,0,1,0,0,2,2,1,0,0,0,0,0,0,0,0,0,0,1,0,0,0
0,0,0,0,1,0,0,0,0,2,2,1,0,0,0,2,0,0,0,0,0,0,0,0,0,0,0,0,0,0,1,0,1,0,0,0,0,1,0,0,0,0,0,0,2,0,1,1,0,0,0,1,0,0,0,0,0,0,0,0,0,1,0,2,1,1,1,0,0,0,0,0,0,0,0,0,0,0,0,0,0,1,0,0,0,1,0,0,0,1,0,0,0,0,0,0,0,0,0,0,0,0,0,0,0,0,0,0,0,0,2,0,0,0,0,0,0,0,0,0,0,1,0,0,0,0,0,0,0,0,0,0,0,0,0,0,0,0,0,0,0,0,0,0,0,0,1,0,0,0,0,1,0,0,0,0,0,0,0,0,1,0,1,0,1,1,0,0,1,0,1,1,1,0,0,0,0,1,1,0,0,1,0,2,0,0,0,1,1,0,0,1,0,0,0,0,0,0,0,0,0,0,1,0,0,0,0,0,0,0,0,0,0,0,0,0,0,0,0,0,0,0,1,0,0,0,0,0,0,0,0,0,0,0,0,2,1,0,0,1,0,1,0,1,0,0,0,0,1,0,0,0,0,0,1,0
0,0,0,0,0,0,0,0,0,1,1,0,0,0,0,1,0,0,0,0,0,0,0,0,0,0,0,0,0,0,0,0,1,0,0,0,0,1,0,0,0,0,0,0,0,0,0,1,0,0,0,1,0,0,0,0,0,0,0,0,0,3,0,1,1,1,1,0,0,1,0,0,0,0,0,1,0,0,2,0,0,1,1,0,0,2,0,0,0,2,0,0,0,0,0,0,0,0,0,0,0,0,0,0,0,0,0,2,0,0,0,0,0,1,0,0,0,0,0,0,0,1,0,0,0,0,0,1,0,0,0,0,0,0,0,0,0,0,0,0,0,0,0,0,0,0,0,0,0,0,0,0,0,0,0,0,0,0,0,0,1,1,1,0,0,1,3,2,0,1,1,1,1,0,0,0,0,0,1,0,0,1,0,1,0,0,0,0,3,0,0,1,1,2,0,0,0,0,1,2,0,0,0,0,0,0,2,0,0,0,0,0,0,0,0,0,0,0,0,0,0,0,0,0,0,0,1,0,0,0,0,0,0,0,0,1,1,0,0,0,0,1,0,1,0,1,0,0,0,0,0,0,1,0,0,0
0,1,0,0,0,0,0,0,0,3,1,2,1,0,0,2,0,0,0,0,0,0,0,0,0,0,0,0,0,0,0,1,1,0,0,0,0,1,1,0,0,0,0,0,0,0,0,1,0,0,0,1,0,0,0,0,0,0,0,0,0,2,0,1,1,1,1,0,0,0,0,0,0,0,1,0,0,0,0,0,0,1,0,0,0,1,0,0,0,1,0,0,0,0,0,0,0,0,0,0,0,0,0,0,2,0,0,0,0,0,0,0,0,3,0,1,0,0,0,0,0,1,0,0,0,0,0,1,0,0,0,0,0,0,0,0,0,0,0,0,0,0,0,0,0,0,0,0,0,0,2,1,0,0,0,0,0,0,0,0,1,0,0,0,0,1,0,0,1,0,3,1,2,0,0,0,0,0,2,0,0,1,0,1,0,0,0,0,2,0,0,1,0,0,0,0,0,0,0,0,0,0,0,0,0,0,0,0,0,0,0,0,0,0,0,0,0,0,0,0,0,1,0,0,0,0,1,0,1,0,0,0,0,1,0,1,1,0,0,0,0,1,0,1,0,1,0,0,0,0,0,0,1,0,0,1
1,0,0,0,0,0,0,0,2,3,0,0,1,0,0,0,0,0,0,0,0,0,0,1,0,0,0,1,0,0,0,0,0,2,0,0,0,2,0,0,0,0,0,0,0,0,0,0,1,0,0,2,0,0,0,0,0,0,0,1,0,1,0,1,1,1,0,0,0,1,0,0,0,0,0,0,0,0,0,0,0,0,1,0,1,1,0,1,1,1,0,0,0,0,0,0,0,0,1,0,0,0,0,1,0,0,1,0,0,0,0,0,0,1,0,0,0,0,0,0,0,1,0,0,0,0,0,1,0,0,0,0,0,1,0,0,0,0,0,0,0,0,0,0,0,0,1,0,0,0,0,1,0,0,0,0,0,0,0,0,0,0,0,1,0,0,0,0,0,1,1,0,0,0,0,0,1,0,1,0,0,2,0,1,0,0,1,1,1,0,1,1,0,0,0,0,0,1,0,1,0,0,0,0,0,0,0,0,0,0,0,0,0,0,0,0,0,0,1,0,0,0,0,0,0,0,0,0,0,0,0,0,0,0,0,0,0,0,0,0,0,1,0,1,0,0,0,0,1,0,0,0,0,0,0,0
0,0,0,0,0,0,0,0,0,1,2,0,0,1,0,1,0,0,0,0,1,0,0,0,1,1,0,0,1,0,1,0,1,1,0,0,0,1,0,0,0,0,0,1,0,0,1,1,0,0,0,1,0,0,0,0,0,0,0,0,1,0,0,1,1,1,1,0,0,0,0,0,1,0,1,0,0,1,0,0,0,1,0,0,0,0,0,1,0,0,0,0,0,1,0,1,0,0,0,0,0,0,0,0,0,0,0,0,0,0,0,0,0,0,0,0,0,0,0,0,0,0,0,0,0,0,0,0,0,0,0,0,0,0,0,1,0,0,0,0,0,0,0,0,0,0,1,0,0,0,0,0,0,0,0,0,0,0,0,0,0,0,0,0,0,2,0,0,1,0,0,1,1,0,0,0,0,0,1,0,0,1,0,0,0,0,1,0,0,0,0,0,0,0,0,1,0,0,0,1,0,0,1,1,0,0,0,0,1,0,0,0,0,0,0,0,0,0,1,0,0,0,0,1,0,0,0,0,0,0,0,0,0,0,0,0,1,0,0,1,0,0,0,0,0,0,0,0,0,0,0,0,0,0,0,0
0,1,0,0,0,0,0,0,0,0,3,0,0,0,0,2,0,0,0,0,2,0,0,0,0,0,0,0,0,0,1,0,2,0,0,0,0,2,1,0,2,0,0,0,0,0,0,2,0,0,0,2,0,0,0,0,0,0,0,0,0,1,0,0,1,0,2,0,0,0,0,0,0,0,0,1,0,0,0,0,0,2,0,0,0,0,0,0,0,0,0,0,0,0,0,2,0,0,0,0,0,0,0,0,0,0,0,0,0,0,0,0,0,0,0,0,0,0,0,0,0,0,0,0,0,0,0,0,0,0,0,0,0,0,0,0,1,0,2,0,0,0,0,0,0,0,0,0,0,0,0,1,0,0,0,0,0,0,0,0,0,0,2,0,0,2,2,0,2,0,0,2,3,1,0,0,0,0,3,0,0,0,0,0,0,0,0,0,0,0,0,0,0,0,0,0,0,0,0,0,0,0,0,0,0,0,0,0,0,0,0,0,0,0,0,0,0,0,0,1,0,0,0,0,0,0,0,0,0,0,0,0,0,0,0,0,2,0,0,2,0,0,0,0,0,0,0,0,0,0,0,0,1,0,0,0
1,1,1,0,0,0,0,1,0,0,2,0,0,0,0,2,0,0,0,0,1,0,0,0,0,0,1,0,0,0,0,1,2,0,0,0,0,2,1,0,0,0,0,0,0,0,0,2,0,0,0,0,1,0,0,0,1,0,0,0,0,0,0,0,1,0,2,0,0,0,0,0,0,0,0,0,0,0,0,0,0,2,0,0,0,0,0,0,0,0,0,0,0,0,0,1,0,0,0,0,0,0,0,0,0,0,0,0,0,0,0,0,0,0,0,0,0,0,0,0,0,0,0,0,0,0,0,0,0,0,0,0,0,0,0,0,0,0,0,0,0,0,0,0,0,0,0,0,0,0,0,0,0,0,0,0,0,0,0,0,0,0,0,0,0,2,0,1,0,0,0,2,2,0,0,0,0,0,2,0,0,0,0,0,0,0,0,0,0,0,1,0,0,0,1,0,0,0,0,0,0,0,0,1,0,1,0,0,0,0,0,0,0,0,0,0,0,0,0,0,0,1,1,0,0,0,1,1,0,0,0,0,0,0,0,0,2,0,0,2,0,0,0,0,0,0,0,0,0,0,0,0,1,0,0,0
0,0,0,0,0,0,0,0,0,2,2,0,0,0,0,0,0,0,0,0,0,0,0,0,0,0,0,0,1,0,1,0,0,1,0,0,0,0,0,0,0,0,0,1,0,0,0,3,1,0,0,1,3,0,0,1,0,2,0,0,2,1,0,2,0,1,0,0,0,1,0,0,1,0,0,1,0,1,0,1,0,0,1,0,0,2,0,1,0,1,0,0,0,0,1,1,0,0,0,0,0,0,0,0,1,0,0,0,0,0,0,0,0,0,0,0,0,1,1,0,0,0,0,0,2,1,0,0,0,0,1,0,0,0,0,1,1,0,0,0,0,2,0,3,0,0,1,0,0,0,1,0,1,0,0,2,1,0,0,0,1,0,0,0,0,1,1,0,0,3,5,0,0,0,0,0,1,0,0,0,0,6,0,1,0,0,0,0,1,1,0,1,0,0,0,0,0,0,0,1,0,1,0,0,0,0,0,0,0,1,0,0,0,1,0,0,0,0,1,0,0,0,0,0,0,0,0,0,0,0,0,0,0,0,0,1,0,0,0,0,0,1,0,1,0,1,0,0,0,0,0,0,0,0,0,0
0,0,0,0,0,0,0,0,0,1,1,1,2,1,0,1,0,0,0,0,1,0,0,0,0,0,3,0,0,0,3,0,1,0,0,0,0,1,0,3,0,0,0,0,0,0,0,1,0,0,0,1,0,0,0,0,0,0,0,0,1,4,0,1,2,1,1,1,0,0,0,0,0,0,0,0,1,0,0,0,0,1,0,0,0,2,0,0,0,2,0,0,0,0,0,0,0,0,0,0,0,0,0,0,0,0,0,1,0,0,0,0,0,0,0,0,0,1,0,0,1,1,0,0,0,0,0,0,0,1,0,0,0,0,0,0,0,0,0,2,0,0,0,0,0,0,0,0,0,0,1,0,0,0,0,0,0,0,0,0,2,0,0,0,0,1,0,1,1,0,1,1,1,0,0,0,0,0,1,0,0,1,0,1,0,0,0,0,3,0,0,1,0,0,0,0,0,0,0,1,0,0,0,0,0,0,0,0,0,0,0,0,0,0,0,0,0,0,0,0,0,0,0,0,0,0,1,0,0,0,0,0,0,0,0,1,1,0,0,0,0,1,0,1,0,1,0,0,1,0,0,0,1,0,0,2
0,0,0,0,0,0,0,0,0,0,1,0,0,1,0,1,0,0,0,0,1,0,0,0,0,0,0,0,0,0,0,0,1,0,0,1,0,2,0,1,0,0,0,0,1,1,0,1,0,0,1,0,0,0,0,0,0,2,2,0,1,0,0,0,2,0,1,0,0,0,0,0,1,0,4,0,0,0,0,0,0,1,1,0,0,0,0,0,0,2,0,0,0,0,0,1,0,0,0,0,1,0,0,0,0,0,0,0,0,0,0,0,0,0,0,0,0,0,0,1,0,0,0,0,0,0,1,0,0,0,0,0,0,0,1,0,1,0,2,0,0,1,0,1,1,0,0,0,0,0,0,2,0,0,0,0,0,0,0,0,0,0,0,2,0,1,0,0,1,0,0,1,1,1,0,0,0,0,2,0,0,0,0,0,0,0,0,0,0,1,0,0,0,0,0,0,0,0,0,0,0,0,0,0,0,1,0,0,0,0,0,0,0,0,0,0,0,0,0,0,0,1,0,0,0,0,2,0,0,0,1,0,0,0,0,0,1,1,1,1,0,0,0,2,0,0,0,0,0,0,0,0,0,0,0,0
0,1,1,0,0,0,0,1,1,0,3,0,0,0,0,1,0,0,0,0,3,0,0,0,0,1,3,1,0,0,1,0,2,0,0,2,0,2,2,0,0,0,0,0,0,0,0,3,0,0,0,0,0,0,0,0,0,0,1,0,0,2,2,0,2,0,2,0,0,0,0,0,0,0,0,0,0,0,1,0,0,2,0,1,0,0,0,0,0,0,0,0,0,0,0,0,0,0,0,0,0,1,1,0,0,0,0,0,0,0,1,1,0,0,2,0,0,0,0,0,0,0,0,3,0,0,0,0,0,0,2,0,0,1,0,1,1,0,0,2,0,0,0,0,0,0,0,0,0,0,0,4,0,1,0,0,0,0,0,0,0,0,0,0,0,3,0,0,4,0,0,2,2,0,0,2,0,0,2,0,0,0,0,0,1,0,0,4,7,0,4,1,0,0,0,0,0,0,0,1,0,0,1,0,0,0,0,0,0,0,0,0,0,0,0,0,0,0,0,1,0,0,0,0,0,0,1,1,0,0,0,0,0,0,0,0,2,1,0,1,0,0,0,0,0,0,0,0,0,0,0,0,1,0,0,0
0,0,0,0,0,0,0,0,0,1,1,1,0,0,0,2,0,0,0,0,1,0,0,0,0,0,1,0,0,0,2,0,1,0,0,0,0,1,0,0,0,0,0,0,2,0,0,1,0,0,1,1,0,0,0,0,0,0,0,0,0,1,0,1,1,1,1,0,0,0,0,0,0,0,0,0,0,0,0,0,0,1,0,0,0,1,0,0,0,1,0,0,0,0,0,0,0,0,1,0,0,0,0,0,0,0,0,0,0,0,0,0,0,0,0,0,0,0,0,0,0,1,0,0,0,0,0,1,0,0,0,0,0,0,0,0,0,0,0,0,0,0,0,0,0,0,0,0,0,0,1,0,0,0,0,0,0,0,0,0,0,0,0,0,0,1,0,0,2,0,1,1,1,0,1,0,0,0,3,0,0,1,0,1,0,0,0,2,2,0,0,1,0,1,0,0,0,0,0,1,0,0,0,0,0,0,0,0,0,0,0,0,0,0,0,0,0,0,0,0,0,0,0,0,0,0,1,0,0,0,0,0,0,0,0,1,1,0,1,0,0,1,0,1,0,1,0,0,0,0,0,0,2,0,0,0
0,1,0,0,0,0,0,0,1,2,1,1,0,0,0,0,0,0,0,0,0,0,0,0,0,0,0,0,0,0,1,0,1,0,0,0,0,1,0,0,0,0,0,0,0,0,0,1,0,0,0,1,0,0,0,0,0,0,0,0,0,1,1,1,1,1,1,0,0,0,0,0,0,1,2,0,0,0,0,0,0,1,0,0,0,2,0,0,0,2,0,0,0,0,0,1,0,0,0,0,0,0,0,0,0,0,0,0,0,0,0,0,0,0,0,0,0,0,0,0,0,1,0,0,0,0,0,1,0,0,0,0,0,0,0,0,0,0,0,0,0,0,1,0,0,0,1,0,0,0,0,0,0,0,0,0,0,0,0,0,0,0,1,0,0,1,0,0,1,0,1,1,1,0,1,0,0,0,1,0,0,1,0,1,0,0,0,0,1,0,0,1,0,0,0,0,0,0,0,0,0,0,1,0,0,0,0,0,0,0,0,0,1,0,0,0,0,0,1,1,1,0,1,0,0,0,0,0,0,0,0,0,0,0,0,1,1,0,0,0,0,1,0,1,0,1,0,0,1,0,0,1,1,0,0,0
0,0,0,0,0,0,0,0,0,0,2,0,0,0,0,2,0,0,0,0,0,0,0,0,0,0,0,0,1,0,0,2,1,0,0,0,0,1,1,0,0,0,0,0,0,0,0,2,0,0,0,0,0,0,0,0,1,0,0,0,1,2,0,0,3,0,2,0,0,0,0,0,1,0,1,0,0,1,0,0,0,2,0,1,0,1,0,0,0,0,0,0,0,0,0,1,0,0,0,0,0,0,0,0,0,1,0,0,0,0,0,0,0,0,0,1,0,0,0,1,0,0,0,1,0,0,0,0,0,0,0,0,0,0,0,0,0,0,0,0,0,0,0,0,0,0,0,0,0,0,0,0,0,0,0,0,0,0,0,0,0,0,0,0,0,2,0,0,2,0,0,2,2,0,0,0,0,0,2,0,0,0,0,0,0,0,0,1,0,0,0,0,0,0,0,0,0,0,0,1,0,0,0,0,0,0,0,0,0,0,1,0,0,0,0,0,0,0,0,2,0,0,0,0,0,0,1,0,0,0,0,0,0,0,0,0,2,0,0,0,0,0,1,0,0,0,0,0,1,0,0,0,2,0,0,1
0,2,0,0,0,0,0,0,0,2,2,1,0,1,0,1,0,0,0,0,1,0,0,0,0,0,0,0,0,0,3,0,1,0,0,0,0,1,0,0,0,0,0,0,0,0,0,1,0,0,0,1,0,0,0,0,2,0,0,0,0,3,0,1,1,1,1,0,0,1,0,0,0,0,1,0,0,0,0,0,0,1,0,2,1,2,0,1,0,2,0,0,0,0,0,1,0,0,0,0,0,0,0,0,0,0,1,0,0,0,0,0,1,0,0,0,0,0,0,1,0,0,0,0,0,0,0,0,0,0,0,0,0,0,0,1,0,0,0,0,0,0,0,0,0,0,0,0,0,0,1,0,0,0,0,0,0,0,0,0,1,0,0,0,2,1,0,0,2,0,1,1,1,0,0,0,0,0,1,0,0,1,0,1,0,0,0,0,2,0,0,1,0,0,0,0,0,0,0,0,0,0,0,0,0,0,0,0,0,0,0,0,0,0,0,0,0,0,0,0,0,0,0,0,0,0,0,0,0,0,0,0,0,0,0,1,1,0,0,0,0,1,0,1,0,1,0,0,0,0,0,0,1,0,0,0
0,3,0,0,0,0,0,0,0,0,2,0,0,0,0,2,0,0,0,0,2,0,0,0,0,0,0,0,0,0,0,0,2,0,0,0,0,2,1,0,1,0,0,0,0,0,1,2,0,0,0,0,0,0,0,0,2,0,1,0,0,4,0,0,2,0,2,0,0,0,0,0,0,0,0,0,0,0,1,0,3,2,0,0,0,0,0,0,0,1,0,0,0,1,1,1,0,0,0,0,0,0,0,0,0,0,0,0,0,0,0,0,0,0,0,0,0,0,0,0,0,0,0,0,0,0,0,0,0,0,0,0,0,1,0,1,0,0,0,0,0,0,0,0,0,0,0,0,0,0,0,0,0,0,0,0,0,0,1,0,0,0,1,0,0,3,0,0,2,0,0,2,2,0,0,0,0,0,2,0,0,0,0,0,0,0,0,0,2,0,1,0,0,3,0,0,0,1,0,2,0,0,0,0,0,1,3,0,0,0,0,0,0,0,0,0,0,0,0,0,0,0,0,0,0,0,1,0,0,0,0,0,0,0,0,0,2,0,0,0,0,0,0,0,0,0,0,0,0,0,0,0,2,0,0,0
0,0,0,0,0,0,0,0,0,2,1,1,0,0,0,2,0,0,0,0,0,0,1,0,1,0,0,0,0,0,0,0,1,0,0,0,0,1,0,0,0,0,0,0,0,0,0,1,0,0,0,1,0,0,0,0,0,0,0,0,0,1,0,1,1,1,1,0,0,0,0,0,0,0,0,0,0,0,0,0,0,1,0,0,0,1,0,0,0,1,0,0,0,0,0,0,0,0,0,0,0,0,0,0,0,0,0,0,0,0,0,0,0,0,0,0,0,0,0,0,0,1,0,0,0,0,0,0,0,0,0,0,0,0,0,0,0,1,0,0,0,0,0,0,0,0,0,0,0,1,0,0,0,0,0,0,0,0,0,0,1,0,1,0,0,1,0,1,1,0,1,1,1,0,1,0,1,1,1,0,0,1,0,1,0,0,0,0,2,1,0,1,0,0,0,0,0,0,1,0,0,0,0,0,0,0,0,0,0,0,0,0,1,0,0,0,0,0,0,1,0,0,0,0,0,0,1,0,2,0,0,0,0,0,0,1,1,0,0,0,0,1,0,1,0,1,0,0,0,0,0,1,1,0,0,2
0,1,0,0,0,0,0,0,0,3,1,1,0,1,0,2,0,0,0,0,0,0,1,0,0,0,0,0,0,0,0,1,1,0,0,0,0,1,0,0,1,0,0,0,0,0,0,1,0,1,0,1,0,0,0,0,0,0,0,2,1,1,1,1,1,1,1,0,0,0,0,0,0,0,0,2,0,0,0,0,0,2,0,0,0,1,0,0,0,3,0,0,0,0,0,0,0,0,3,0,0,0,0,0,2,0,0,0,0,0,0,1,0,2,0,0,0,0,0,0,0,2,0,0,0,0,0,0,0,0,0,0,0,0,1,0,0,0,0,1,0,0,0,0,0,1,0,0,0,0,0,0,0,0,0,0,0,0,0,0,1,0,0,0,0,1,0,2,3,0,3,1,2,0,0,0,0,0,1,0,0,1,0,2,1,0,0,0,1,0,0,1,0,0,1,0,0,0,0,0,0,0,0,0,0,0,0,0,0,0,1,0,0,0,0,0,0,1,0,2,0,0,0,0,0,0,1,0,0,0,0,0,0,0,0,1,1,0,0,0,0,1,0,1,0,1,0,0,0,0,0,0,1,0,0,1
0,0,0,0,0,0,0,0,0,0,2,0,0,0,0,2,0,0,0,0,2,0,0,0,0,0,0,0,0,0,0,0,3,1,0,0,0,2,0,0,1,0,0,0,0,0,0,2,0,0,0,0,0,0,0,0,1,0,0,0,0,2,0,0,2,0,2,0,0,0,0,0,0,0,0,0,0,0,0,0,0,2,0,0,0,1,0,0,0,0,0,0,0,0,0,2,0,0,0,1,0,0,0,0,0,0,0,0,0,0,0,0,0,0,0,0,0,0,2,0,0,0,0,0,0,0,0,0,0,0,0,0,0,0,0,0,0,0,0,2,0,0,0,0,0,0,0,0,0,0,0,1,0,0,0,0,0,0,0,0,0,0,0,0,1,2,0,0,3,0,0,2,2,0,0,0,0,0,3,0,0,0,0,2,0,0,0,2,3,0,0,0,0,0,0,0,0,1,0,1,0,0,0,1,0,0,0,0,0,0,0,1,0,0,0,1,0,0,1,1,0,0,1,0,0,2,0,0,0,0,0,0,0,0,0,1,3,0,1,1,0,0,0,0,0,0,0,0,0,0,0,1,1,0,0,1
0,2,0,0,0,0,0,0,0,3,1,1,0,0,0,3,1,0,0,0,0,0,1,0,1,2,0,0,0,0,0,0,1,0,0,0,0,1,0,0,0,0,0,0,0,0,0,1,0,0,0,1,1,0,0,0,1,0,0,0,0,1,0,1,1,1,1,0,0,1,0,0,0,0,0,0,0,1,0,0,0,1,0,1,0,1,0,1,0,1,0,0,0,0,0,1,0,0,0,0,0,0,0,0,0,0,0,0,0,0,0,0,1,2,0,0,0,0,1,0,0,1,0,0,0,0,0,1,0,0,0,0,0,0,0,0,1,0,0,0,0,1,1,0,0,0,2,0,0,0,0,3,0,0,0,0,0,1,0,0,0,0,0,0,0,2,0,1,2,0,2,1,3,0,1,0,0,0,2,0,0,1,0,1,0,0,0,0,1,0,0,1,0,0,1,0,0,0,0,0,0,0,0,0,0,0,0,1,0,0,1,1,0,0,0,0,0,1,0,0,0,0,1,0,0,0,0,1,0,0,0,0,0,0,0,0,1,0,0,1,0,1,0,1,0,0,0,0,1,0,1,0,0,0,0,0
0,1,0,0,0,0,0,0,0,0,2,0,0,0,0,2,0,0,0,0,0,0,0,0,0,0,0,0,0,0,1,0,2,0,0,0,0,2,0,0,1,0,0,0,0,0,0,2,0,0,0,0,0,0,0,0,2,0,0,0,0,0,0,0,2,0,2,0,0,0,0,0,0,1,0,0,0,0,0,0,0,2,0,0,0,0,0,0,0,0,0,1,0,0,1,1,0,0,0,0,0,0,0,0,0,0,0,0,0,0,2,0,0,1,0,0,0,0,1,0,0,0,0,0,0,0,0,0,0,0,0,0,0,0,0,0,0,0,0,0,0,0,0,0,0,0,0,0,0,0,0,0,0,0,0,0,0,0,0,0,1,0,0,0,0,3,0,0,5,0,0,2,2,1,1,0,0,0,3,1,0,0,0,1,0,0,0,4,0,0,1,0,0,0,0,0,0,0,0,0,0,2,1,0,0,0,0,0,0,0,0,0,0,0,0,0,0,1,0,4,0,0,0,0,0,0,1,0,1,0,0,0,0,0,0,0,2,0,0,0,0,0,1,0,0,0,0,0,3,0,0,0,2,0,0,0
0,3,0,1,0,0,0,0,0,0,2,0,0,0,0,3,0,0,0,0,0,0,0,0,0,0,0,0,0,0,0,0,4,0,0,0,0,2,2,1,0,0,1,0,0,0,0,2,0,0,0,1,2,0,0,1,1,0,0,0,0,3,0,0,1,0,2,0,0,0,0,0,0,0,0,0,0,0,0,0,0,2,0,0,0,0,0,0,0,0,0,0,0,0,0,1,0,0,0,0,0,0,0,0,1,0,0,0,0,0,0,1,0,0,0,0,0,0,2,0,0,1,0,0,0,0,0,2,0,0,0,0,0,0,2,0,0,0,0,0,0,0,0,0,0,0,0,0,0,0,0,0,0,0,0,0,0,0,0,0,0,0,0,0,0,2,0,0,2,0,0,2,2,0,0,0,1,0,2,1,0,0,0,1,0,0,0,2,2,0,3,0,0,1,0,0,0,0,0,1,0,0,0,0,0,0,0,0,0,0,0,1,0,0,0,1,0,0,0,1,0,0,0,0,0,0,1,1,0,0,2,0,0,0,0,0,2,0,0,1,0,0,0,0,0,0,0,0,0,0,1,0,2,1,0,0
