9,0,0,1,2,1,1,0,0,2,1,1,0,2,2,3,1,2,0,3,10,0,2,0,4,1,18,2,2,0,0,0,0,10,6,10,8,2,6,9,0,2,1,8,8,1,8,3,9,4,2,1,2,11,1,3,2,4,1,28,0,0,2,1,0,4,1,15,0,5,1,1,0,0,0,2,5,9,0,0,1,3,7,0,2,0,0,2,5,3,5,1,0,1,42,1,0,3,0,0,0,4,0,2,5,3,0,0,1,0,2,2,0,0,1,25,0,0,8,0,2,3,2,0,0,1,0,3,0,1,2,1,1,5,0,1,2,0,0,1,0,3,0,0,2,6,1,1,0,0,0,1,0,4,0,2,1,0,2,0,1,0,4,3,1,0,1,0,1,0,2,0,0,1,0,0,2,0,0,0,1,2,0,1,1,1,8,0,0,0,1,0,1,7,1,0,5,1,21,6,0,0,30,0,7,1,1,0,0,9,0,0,1,0,5,9,0,0,1,5,0,0,0,0,0,1,21,8,0,1,7,0,4,0,1,1,0,3,0,0,2,2,0,0,0,4,1,0,1,7,2,0,4,5,0,4
4,0,0,0,4,4,0,0,0,1,1,3,2,2,11,9,2,2,0,5,5,8,0,1,2,1,11,14,3,0,0,0,3,4,0,0,0,0,2,0,0,0,1,1,11,1,34,12,1,16,0,0,0,2,4,2,0,0,0,46,0,0,1,8,0,3,1,0,1,2,1,2,0,0,2,1,3,1,0,5,2,5,1,0,1,0,11,4,2,0,2,0,5,9,52,1,7,4,0,0,0,6,0,3,1,6,0,0,1,0,0,8,0,0,0,18,0,0,6,1,4,0,1,2,0,1,0,1,0,2,1,3,2,3,1,1,0,0,1,1,0,1,0,0,2,1,0,0,0,0,0,7,0,3,0,0,0,1,1,2,1,0,0,2,1,0,0,2,0,1,3,0,0,1,0,0,5,0,0,0,1,3,0,1,0,2,13,1,0,2,1,0,1,2,7,0,0,2,3,4,0,0,12,0,6,2,0,0,2,0,0,0,2,0,3,2,2,0,0,3,0,0,0,0,3,1,0,5,0,0,0,3,1,0,1,0,5,1,0,0,0,2,0,1,0,7,0,0,2,2,0,1,0,0,0,0
3,0,2,0,1,14,0,0,0,4,0,12,0,1,0,4,4,1,0,3,1,0,0,1,0,0,19,0,5,1,0,1,0,1,2,0,9,1,0,6,0,0,2,5,8,1,3,0,3,42,0,0,1,0,10,1,4,0,1,47,0,7,0,0,0,0,0,0,0,0,0,0,2,0,6,2,0,2,0,0,0,3,4,0,4,1,8,2,8,0,0,5,0,0,18,0,0,1,0,0,0,0,0,1,1,1,2,0,0,0,2,0,0,0,0,40,0,0,10,3,6,1,3,0,1,0,0,0,0,1,0,0,0,7,0,2,0,0,0,0,1,1,0,6,1,0,1,1,0,1,2,1,5,4,1,0,0,1,1,1,1,0,1,4,0,0,6,0,0,1,5,1,1,2,0,0,6,0,1,0,1,3,1,1,0,1,15,0,0,1,2,0,3,7,3,0,3,7,6,0,0,0,20,1,6,0,0,0,11,1,0,6,1,0,2,3,3,0,3,0,0,0,1,1,0,0,0,1,0,3,1,4,0,0,1,0,1,2,0,1,1,1,0,0,0,6,0,0,0,0,0,0,6,0,0,0
8,0,0,2,1,5,2,1,0,1,3,3,1,2,5,10,0,1,0,0,28,0,0,0,4,0,7,0,7,1,0,0,1,1,1,3,3,4,1,0,0,8,2,0,7,0,0,0,9,16,0,0,0,2,0,1,0,0,0,20,0,2,0,1,0,0,1,0,0,9,1,0,0,1,1,7,0,2,5,0,0,1,4,0,5,0,3,2,6,0,2,1,12,1,58,0,6,2,0,2,1,2,0,1,15,2,0,1,0,1,0,0,0,0,0,45,2,1,10,0,3,5,1,0,0,3,0,1,0,2,2,1,1,3,1,2,0,4,0,0,0,1,0,1,0,1,0,0,0,0,1,1,2,0,1,4,0,0,1,2,3,0,0,1,3,1,1,4,0,0,3,0,0,1,0,0,3,0,0,0,0,1,1,0,0,0,12,0,0,2,1,1,2,2,0,0,2,4,10,0,0,2,15,0,5,1,0,1,2,0,0,1,4,0,6,0,1,0,3,3,0,1,3,0,5,1,31,6,1,3,0,1,2,0,1,1,0,1,1,0,1,2,0,1,2,6,0,2,0,1,0,2,6,0,1,1
1,0,2,0,1,12,0,0,0,1,0,4,0,1,3,3,4,2,0,0,1,0,0,0,1,1,2,2,3,0,0,0,1,5,1,0,3,2,2,3,0,0,0,0,12,1,0,0,1,0,1,1,0,1,0,3,0,0,0,4,0,4,1,0,0,0,0,0,0,1,2,2,1,0,0,1,2,0,1,0,0,0,1,0,1,0,1,0,0,1,0,0,1,1,8,1,2,0,0,0,0,0,1,2,5,1,0,0,2,0,1,10,6,0,3,50,13,0,8,2,7,7,4,1,0,2,1,0,1,1,3,0,2,7,0,0,1,1,0,2,0,0,2,0,1,2,2,1,3,0,2,1,1,1,1,0,1,0,2,1,2,0,1,4,1,1,1,1,2,2,2,4,0,2,1,1,20,0,0,1,16,3,0,3,0,1,18,4,1,1,2,1,5,0,3,3,2,9,41,2,2,1,13,0,4,1,0,0,2,4,0,1,0,0,3,3,2,3,3,0,2,4,3,1,6,0,0,2,1,2,3,3,0,0,2,0,0,3,0,0,1,1,0,0,2,29,0,1,0,11,2,2,19,0,5,2
2,0,5,0,3,2,0,0,0,2,0,5,2,0,0,6,3,1,0,0,4,0,0,2,3,0,2,11,6,2,0,0,0,7,2,2,5,2,4,1,1,5,1,0,12,1,1,0,6,0,0,0,0,0,3,2,1,0,6,30,0,3,0,3,0,2,2,0,0,1,1,0,0,0,0,0,7,3,3,0,1,5,4,0,2,0,0,0,10,0,0,3,1,0,46,3,1,1,4,0,1,0,0,6,4,0,2,0,0,1,1,4,0,1,0,38,0,0,7,0,3,3,0,0,0,1,0,0,0,1,0,0,0,6,0,0,0,0,0,0,1,0,0,0,0,0,0,1,2,0,2,0,0,2,3,1,3,2,2,0,0,0,0,2,0,0,8,4,0,0,5,0,0,3,0,0,3,0,1,0,2,4,0,3,0,2,18,2,0,0,2,0,5,4,7,0,3,5,18,1,3,0,17,0,8,1,0,13,4,0,0,0,2,1,5,5,0,0,1,0,0,0,2,0,1,0,0,2,3,0,0,0,0,0,3,0,0,0,2,0,0,1,0,4,1,10,1,0,0,0,0,2,5,0,3,1
1,0,2,0,9,2,1,1,0,4,0,6,1,1,0,1,11,4,0,0,1,0,1,1,2,1,4,0,9,0,0,0,0,3,4,0,0,0,1,0,0,1,1,1,5,0,0,0,1,1,0,2,0,0,1,1,0,2,0,8,0,2,2,1,0,0,0,0,0,1,5,0,0,0,0,1,1,0,2,2,1,0,2,0,4,2,4,0,2,1,1,3,0,1,14,2,0,2,3,1,0,2,1,2,5,0,0,0,0,0,6,0,0,0,3,50,1,2,8,0,5,13,10,0,25,2,0,1,1,1,3,0,1,6,0,3,0,0,0,1,2,1,1,3,5,2,4,2,2,0,4,4,1,1,1,0,0,0,2,1,3,0,0,2,2,0,0,0,0,1,2,0,0,1,0,0,5,0,1,2,14,4,0,1,0,0,9,0,0,2,2,0,6,0,5,3,2,4,43,1,1,4,21,0,5,2,17,1,0,0,0,0,1,2,3,8,2,2,2,0,0,5,2,0,3,0,0,2,0,3,0,3,0,2,0,0,0,7,3,0,0,0,1,1,0,12,0,0,3,1,0,0,7,3,2,3
12,0,0,0,1,6,0,0,3,3,0,11,0,1,1,4,0,2,0,1,3,0,0,1,3,1,10,3,7,1,0,1,1,3,1,0,10,1,1,1,3,0,2,13,13,0,4,2,1,0,1,2,0,1,0,5,3,0,0,43,0,4,2,0,0,1,0,0,0,8,2,0,4,1,7,1,0,3,18,0,0,1,6,1,5,1,8,3,14,0,0,0,0,1,34,0,0,2,0,0,1,1,0,4,4,0,0,1,1,0,1,0,0,0,0,33,0,0,10,1,4,0,6,0,1,0,0,1,1,2,1,1,1,9,0,2,2,2,0,1,0,0,0,6,1,1,0,1,0,1,3,0,1,16,0,1,0,1,2,0,0,0,4,2,1,0,8,2,0,1,5,0,0,3,0,0,3,1,3,0,1,3,1,0,0,3,20,2,1,1,2,0,3,8,3,0,5,2,3,2,0,1,15,0,2,3,1,0,3,3,2,6,0,0,2,2,2,2,6,5,0,0,9,2,0,1,0,1,0,0,0,3,0,0,0,0,0,3,1,0,0,0,0,0,0,1,1,0,0,2,0,1,1,1,0,3
1,0,0,1,2,2,0,1,0,1,10,6,0,1,1,1,1,2,0,0,10,2,0,0,2,0,3,1,7,0,0,0,3,1,0,1,5,4,1,0,0,1,1,5,14,0,9,1,4,6,0,2,0,1,1,5,0,0,0,31,0,0,2,0,0,2,1,9,0,4,4,0,0,1,0,1,0,0,9,5,3,0,3,0,1,0,0,2,10,0,2,3,11,6,33,3,1,3,1,0,0,1,0,2,6,1,0,1,0,0,0,2,0,1,1,43,2,5,8,0,6,6,3,0,0,4,1,3,0,3,2,0,1,3,1,1,0,0,0,0,1,0,1,2,3,1,1,1,0,1,1,2,0,4,1,0,0,0,1,1,1,0,2,3,1,0,2,0,0,0,5,0,0,1,0,0,14,0,0,0,10,2,0,1,0,0,25,0,0,1,1,1,3,1,3,0,7,2,16,1,0,0,11,0,5,0,3,0,1,7,2,1,1,0,3,1,7,0,2,3,1,1,1,2,0,1,1,1,0,0,0,0,1,0,4,0,0,2,0,0,0,5,0,0,1,7,1,0,0,3,0,0,0,0,1,2
2,1,1,0,5,15,0,0,0,0,0,9,0,1,7,0,3,1,0,1,0,0,0,1,14,1,9,2,5,0,0,1,1,2,4,1,2,1,1,0,0,9,2,1,7,2,1,0,1,0,1,1,0,4,0,2,1,1,2,22,0,2,2,1,0,2,2,0,0,0,1,2,5,0,2,0,2,2,1,2,0,4,4,1,2,1,6,2,1,0,2,0,2,0,21,0,0,4,0,1,0,1,2,7,3,11,0,2,5,0,0,0,4,2,3,45,1,1,5,1,5,3,0,6,0,1,0,1,0,0,1,2,1,6,1,1,0,1,1,5,0,0,3,0,1,0,2,1,1,0,2,1,5,1,3,0,0,1,1,2,0,0,0,2,0,1,7,7,0,1,3,0,1,0,0,0,2,1,1,0,3,4,0,0,1,0,10,2,0,1,1,0,4,6,0,0,3,1,7,5,0,0,14,2,0,1,0,1,0,0,1,3,2,1,1,5,4,0,4,1,1,0,1,1,0,0,3,3,4,3,2,3,0,4,1,0,1,5,1,0,0,0,1,2,0,5,2,2,2,4,0,1,9,2,3,3
3,0,0,0,3,9,0,0,0,2,0,10,2,1,0,1,4,3,0,0,0,0,0,0,6,1,9,1,7,1,0,0,3,5,1,0,12,2,3,3,0,1,1,4,4,0,0,0,3,1,2,3,0,2,1,3,1,0,0,19,2,4,2,0,0,0,0,0,0,0,0,0,0,0,3,0,2,0,1,0,1,0,6,0,10,0,6,2,3,0,0,0,0,0,2,0,0,0,0,1,0,0,0,2,3,7,2,2,1,0,0,6,0,0,0,50,0,0,9,0,10,7,6,0,1,1,1,0,0,0,0,1,3,10,0,0,1,0,0,0,0,2,0,1,0,0,0,0,1,1,3,0,2,2,1,0,0,1,1,0,5,1,0,3,2,0,3,2,0,1,10,0,1,2,0,0,8,0,2,0,16,4,1,2,1,1,21,1,0,0,3,0,5,0,4,0,2,2,26,1,0,0,9,1,2,3,2,0,1,3,0,5,2,0,2,9,1,1,6,0,2,5,4,5,1,0,0,0,0,0,0,0,0,0,0,0,0,0,0,0,2,3,0,1,0,5,0,2,0,0,0,3,3,1,1,1
1,0,0,0,2,14,0,1,0,2,2,3,3,4,3,4,2,2,0,1,1,2,2,3,13,1,18,0,9,0,0,2,0,7,5,0,19,10,4,4,0,7,1,2,5,9,0,0,4,0,0,1,0,0,0,13,0,0,1,14,0,0,1,0,0,2,0,0,0,0,0,0,1,0,2,0,0,4,6,2,2,0,10,4,2,0,4,0,6,0,1,6,0,0,23,2,0,1,1,0,0,0,1,3,5,12,0,0,1,1,0,4,0,0,0,34,1,0,6,0,7,1,2,0,1,2,0,1,0,1,1,1,0,5,0,1,0,0,0,0,0,1,1,2,8,0,1,2,0,2,3,3,1,2,0,0,0,0,3,0,4,1,1,3,1,0,0,0,0,0,4,2,0,1,0,0,3,0,1,0,1,4,1,3,4,1,11,3,0,1,3,0,5,0,6,0,5,2,7,5,0,1,15,0,1,1,1,0,1,1,0,2,2,0,1,7,1,1,8,0,0,1,0,0,0,0,0,0,0,0,0,0,2,0,0,0,2,1,3,1,1,3,0,0,0,1,4,0,2,0,0,1,1,1,1,0
5,0,1,0,2,3,0,0,0,5,0,3,1,0,5,1,11,1,0,1,3,0,0,2,5,0,10,4,3,0,0,0,1,2,1,1,11,1,1,2,0,2,0,9,4,0,28,1,3,36,1,2,0,8,1,1,0,1,2,32,16,0,1,0,0,4,1,3,0,0,0,0,0,0,0,0,0,1,0,0,0,0,2,3,2,0,5,4,4,0,0,1,6,13,32,0,1,0,1,0,0,5,1,1,1,1,0,0,1,0,0,1,0,0,0,24,0,0,5,0,4,0,0,1,0,1,0,0,0,0,0,0,2,6,1,0,0,1,0,0,0,0,2,0,0,0,1,0,0,0,1,1,0,6,1,0,0,0,1,1,0,0,0,2,0,0,0,0,0,1,4,0,0,1,0,0,3,0,1,0,0,2,0,1,1,0,10,0,1,0,2,0,1,6,2,0,2,2,25,4,0,0,19,0,7,2,1,0,1,0,0,1,1,0,3,3,1,1,0,1,0,0,0,0,3,1,2,2,0,0,0,6,0,0,0,0,0,0,0,2,1,3,0,0,0,5,0,0,0,9,0,0,1,2,0,0
3,0,0,0,3,7,0,2,0,2,0,2,0,1,2,2,2,1,2,0,8,2,0,0,3,0,5,7,0,0,0,0,0,4,0,2,8,4,1,0,0,0,0,6,8,4,0,1,4,10,0,2,0,3,0,4,0,3,0,17,0,0,1,0,0,0,0,0,0,2,2,0,1,1,0,30,0,2,0,0,0,1,2,0,1,1,3,2,7,0,0,5,0,1,33,0,0,0,1,0,0,5,1,1,2,0,0,0,1,0,1,1,0,0,0,20,0,0,8,0,3,1,1,0,0,0,0,2,0,1,1,0,4,6,1,0,0,0,0,0,0,0,1,0,0,1,2,0,0,0,0,1,0,1,0,0,0,0,2,0,2,0,0,7,1,0,1,1,2,1,2,0,0,1,0,0,2,0,0,0,0,2,0,0,0,0,14,0,0,0,1,0,1,1,1,0,7,0,30,6,0,7,17,0,4,0,0,0,0,16,0,0,0,0,0,6,3,0,2,6,0,1,1,0,0,1,1,9,0,1,1,14,2,0,3,0,0,3,1,1,1,1,0,0,0,15,0,1,0,21,1,0,1,5,0,0
1,0,0,0,1,9,0,0,2,1,5,4,0,1,0,4,1,1,0,1,3,1,0,4,2,0,6,0,5,0,1,0,0,0,0,2,7,2,3,2,0,2,2,16,19,5,8,0,3,10,2,5,0,2,0,1,0,0,4,47,0,2,2,0,0,2,3,1,0,2,2,0,0,0,1,1,2,1,5,0,0,3,5,2,1,0,2,6,8,0,0,28,0,3,41,0,4,0,1,1,0,3,0,1,20,2,0,0,0,0,0,1,0,0,1,28,0,2,6,0,4,0,6,0,1,1,0,1,0,1,1,2,1,5,0,2,0,0,0,0,0,0,0,1,0,5,0,0,0,0,2,1,2,2,0,1,1,0,1,3,1,0,1,3,2,0,0,1,3,0,1,0,0,1,0,0,2,1,6,0,1,1,0,0,0,1,28,1,0,3,1,0,2,6,3,0,2,4,6,0,1,0,20,0,9,0,0,0,4,1,0,1,1,0,3,1,4,1,2,0,1,0,4,0,0,0,0,4,0,2,1,1,0,0,3,0,0,3,1,0,0,1,0,0,0,4,0,1,1,6,0,0,3,0,2,1
4,0,1,0,2,1,3,0,0,5,2,6,0,2,0,1,4,1,0,2,2,0,0,0,0,0,8,0,9,0,0,0,0,4,0,4,7,2,1,0,0,0,2,3,8,3,1,2,5,1,1,2,0,0,0,7,0,0,3,30,0,2,2,0,0,0,0,0,0,5,0,0,4,0,0,0,0,1,1,0,2,1,5,0,2,0,1,2,8,1,0,0,2,0,34,0,10,7,0,0,1,1,0,2,5,0,1,1,0,0,2,0,0,0,0,45,0,0,9,2,5,6,2,0,4,1,0,0,0,0,0,1,0,7,0,1,0,0,0,2,0,3,0,0,1,0,0,0,0,0,1,0,1,3,1,5,1,1,1,0,3,0,2,4,0,0,0,1,0,2,0,0,0,1,0,0,3,0,0,0,4,3,0,2,1,0,8,0,0,1,2,0,5,5,4,1,4,6,15,2,0,4,16,0,2,0,0,0,0,3,1,3,3,0,1,4,3,0,0,1,0,0,2,1,5,0,1,3,0,0,0,0,1,0,2,0,0,1,3,0,0,3,0,0,0,5,0,1,0,0,0,0,1,0,2,0
2,0,0,0,1,9,1,1,0,3,1,1,1,3,8,2,0,1,1,0,15,0,0,0,9,0,5,5,2,0,0,0,0,2,0,2,3,1,4,14,0,2,0,16,4,2,8,1,1,0,1,1,3,0,2,3,0,1,0,10,0,0,0,0,0,5,4,0,0,3,1,0,0,0,0,1,0,10,0,0,0,1,3,1,1,0,6,0,14,0,0,0,0,1,47,1,0,1,2,0,0,5,1,1,4,5,0,0,0,0,6,0,0,0,0,14,0,0,3,0,0,0,1,0,0,1,0,1,0,1,3,1,2,6,1,0,0,0,1,0,0,0,0,0,0,2,1,1,0,0,0,1,2,3,0,4,1,1,7,0,0,0,0,13,1,2,2,0,0,0,1,0,0,1,0,0,1,0,0,0,0,2,0,0,2,2,3,3,0,0,1,0,1,1,0,3,5,5,0,9,0,0,26,0,1,0,3,0,0,11,0,0,0,0,1,14,1,2,0,2,0,5,0,0,5,1,0,14,0,0,0,4,1,1,0,0,0,1,1,0,0,0,0,0,0,4,0,0,0,19,1,0,0,1,0,1
6,2,3,1,0,0,0,2,4,0,0,1,0,2,5,0,3,0,2,6,4,1,0,0,4,0,2,0,0,0,1,0,0,8,1,0,24,0,0,3,0,2,0,1,6,3,0,2,2,0,2,3,0,1,3,0,0,6,29,2,1,0,0,2,2,0,21,3,0,1,1,1,2,2,3,6,0,1,1,2,2,2,0,1,1,0,2,3,3,1,0,0,5,1,22,1,0,2,4,1,1,0,0,1,3,5,1,3,0,2,0,0,0,0,1,5,2,1,4,0,5,0,1,2,1,0,0,2,1,3,5,1,6,7,0,3,0,1,0,2,28,0,6,0,5,4,1,0,0,0,1,0,0,6,14,0,0,0,0,19,1,2,2,0,1,5,0,2,0,3,1,0,0,1,0,3,1,0,3,0,1,0,0,0,0,0,7,0,0,1,0,0,0,7,0,0,0,1,0,1,0,0,3,0,1,0,0,1,0,1,2,1,0,1,1,1,2,0,0,4,2,1,0,0,0,0,2,13,1,5,3,11,0,0,1,0,0,3,1,0,4,0,2,2,0,1,1,1,3,6,0,0,0,1,2,1
1,0,3,0,7,3,0,1,0,5,1,3,3,4,3,2,1,3,0,0,1,0,0,0,1,0,5,6,2,1,0,1,1,0,1,0,4,0,4,1,0,3,2,5,3,0,14,2,1,1,0,1,0,0,6,2,1,0,1,44,0,1,1,0,0,0,0,0,0,1,1,0,0,0,3,1,1,1,1,1,2,5,2,0,1,0,10,0,11,0,0,0,0,1,43,0,0,1,1,0,0,3,0,2,0,1,3,0,5,1,1,0,0,0,1,25,0,1,6,2,4,0,1,1,0,0,0,1,0,1,1,0,1,3,0,0,0,0,0,1,0,0,0,1,2,1,0,1,0,0,0,3,1,1,1,1,0,0,1,2,1,0,1,3,1,0,0,2,0,0,2,0,0,3,0,0,3,0,0,0,1,3,2,1,0,1,5,0,3,0,1,0,2,3,3,0,2,0,16,9,0,1,16,0,2,0,2,0,1,0,0,1,1,0,4,7,1,0,0,0,0,5,2,1,0,1,0,4,1,0,1,0,3,0,0,0,0,3,3,0,7,0,0,5,0,19,1,0,0,1,0,7,6,11,2,2
5,0,1,0,1,9,0,0,0,3,0,3,0,1,7,3,0,2,0,2,12,0,1,0,1,1,5,6,3,0,0,1,0,2,0,0,13,0,0,0,0,2,1,5,9,0,4,0,1,52,1,2,0,1,0,1,1,0,2,28,1,4,2,1,1,0,0,1,0,9,0,0,0,0,1,2,0,1,1,0,1,4,2,0,8,0,1,1,10,0,4,10,2,1,16,0,0,1,0,0,0,1,0,3,2,1,0,0,2,0,2,15,1,0,0,35,0,0,8,2,1,1,1,1,0,1,0,1,1,1,1,2,1,3,0,0,0,2,0,1,0,1,1,0,0,1,0,1,0,0,1,1,0,3,0,0,0,0,2,0,2,0,0,1,1,0,0,0,0,1,3,0,2,1,0,0,6,1,1,2,2,3,3,0,0,8,18,0,1,0,1,1,1,2,4,0,4,1,5,3,0,0,13,0,4,0,1,0,0,0,0,0,0,0,3,1,2,0,0,1,0,0,2,0,8,0,2,1,12,0,1,0,1,0,13,0,0,2,1,0,1,1,0,0,0,7,1,0,0,1,0,0,6,2,0,1
1,0,0,0,2,3,0,0,0,1,0,5,0,1,3,5,1,2,0,0,3,0,0,1,2,0,9,3,7,0,0,0,0,3,1,0,2,4,5,0,2,10,0,3,5,0,42,1,2,2,0,2,0,0,0,2,3,0,0,33,0,0,0,3,0,6,1,0,0,2,0,2,1,1,2,0,0,11,0,0,0,1,3,1,1,0,1,0,2,0,1,0,2,1,30,0,0,1,0,1,1,1,0,3,1,6,0,0,0,0,0,1,0,0,2,36,1,0,5,0,3,0,1,0,0,0,0,0,0,1,1,0,1,3,0,0,0,0,0,0,0,1,1,1,2,1,0,0,0,0,2,1,1,2,0,0,0,0,1,0,0,0,0,1,1,1,16,0,0,1,3,0,0,2,0,0,8,0,2,0,2,2,0,0,0,0,17,1,0,0,2,0,5,5,5,0,4,2,9,4,0,0,13,0,3,1,1,0,0,0,0,0,0,0,1,5,2,2,2,1,0,3,3,0,7,0,0,3,0,1,0,14,0,0,1,1,0,2,0,0,2,2,0,0,0,1,0,0,0,3,0,2,1,2,6,1
0,4,0,1,2,1,3,1,2,1,1,1,0,3,1,0,1,0,0,0,0,1,0,2,0,1,4,0,1,0,0,0,0,1,0,1,0,3,0,0,0,2,0,1,0,17,0,5,3,19,1,0,1,1,0,0,0,1,14,6,1,0,0,0,0,1,0,2,0,1,9,0,0,0,1,2,1,0,1,0,0,0,1,0,0,0,2,1,0,0,0,0,8,1,0,2,0,6,0,2,0,3,3,0,5,2,0,0,7,1,3,8,1,0,2,2,0,2,2,1,0,3,6,1,3,0,0,3,1,2,12,2,3,5,2,1,0,1,10,2,1,0,0,0,5,1,0,1,0,1,0,2,0,7,5,0,1,1,3,5,4,2,2,0,2,7,0,3,0,3,5,0,0,1,0,6,1,2,3,0,1,1,0,0,0,1,5,4,3,1,0,1,0,8,1,1,4,6,0,0,0,1,0,1,0,0,1,6,2,0,1,0,0,1,7,0,4,3,1,1,0,0,0,0,2,2,0,0,3,5,18,40,1,0,0,1,5,9,1,0,5,2,6,2,2,0,2,5,1,0,0,1,2,1,5,11
1,0,0,0,2,5,0,0,1,1,3,2,0,1,1,4,2,3,0,0,9,0,0,0,4,0,6,3,7,1,0,0,0,0,0,1,4,3,0,4,0,0,0,7,10,2,1,0,1,0,0,2,0,1,0,5,0,1,1,36,0,1,0,4,0,0,0,1,0,3,1,0,0,2,1,21,0,0,2,16,1,0,5,2,1,0,10,1,21,0,0,3,0,1,39,1,1,1,0,2,0,1,0,3,3,3,0,0,0,0,0,8,0,0,0,24,0,1,3,4,0,9,1,0,0,1,0,1,1,3,1,1,1,3,0,0,0,1,0,0,0,1,3,0,1,1,0,0,0,0,1,1,1,3,0,8,0,2,1,1,0,1,5,6,1,0,0,0,0,1,3,0,0,1,0,0,3,1,0,0,3,3,0,0,1,2,18,1,0,0,1,1,1,6,2,1,0,3,4,3,2,0,13,0,8,0,0,0,0,0,0,0,0,0,3,5,1,0,2,0,0,0,1,0,0,1,0,10,0,0,2,1,0,1,2,0,1,3,2,0,5,0,0,0,0,1,0,0,1,8,0,0,1,1,0,0
4,0,1,0,1,0,2,0,1,2,0,2,0,2,2,1,6,3,0,1,0,0,0,0,0,1,4,4,2,0,0,0,0,1,0,0,4,1,0,0,0,0,3,0,8,1,4,1,2,27,1,4,0,0,1,1,1,0,0,12,2,1,0,0,0,0,4,0,1,1,2,1,1,0,1,2,0,0,2,2,2,1,1,1,1,1,8,2,2,6,0,1,0,1,26,4,0,1,0,0,0,1,0,1,0,0,2,0,0,0,0,0,0,0,2,21,0,0,6,2,1,6,1,0,0,2,0,1,0,1,2,0,2,2,0,1,0,0,1,0,1,1,1,1,0,1,0,6,0,0,0,1,0,0,0,1,2,0,2,2,0,0,1,3,1,0,2,0,0,0,2,0,1,2,0,0,2,0,0,0,0,1,0,8,0,0,14,2,0,0,2,0,3,5,5,3,1,4,26,3,2,1,13,2,2,0,9,1,8,0,12,1,8,0,1,10,2,0,9,0,3,2,0,0,4,2,1,4,0,0,0,10,2,3,0,0,2,3,0,0,0,0,1,1,0,14,0,1,0,8,0,0,3,3,0,2
1,5,0,0,0,0,0,1,0,2,0,2,0,3,1,2,4,0,0,0,0,1,0,0,0,0,3,1,0,0,0,0,0,3,0,3,5,2,0,3,0,1,2,4,0,25,0,1,5,2,0,1,0,2,0,1,0,0,38,16,1,3,24,1,3,0,0,7,0,1,1,1,0,0,1,1,0,2,1,0,0,2,1,1,1,1,0,0,1,1,0,0,11,1,0,2,0,1,0,1,0,3,2,0,8,7,0,0,2,2,0,5,0,0,3,9,0,2,3,0,2,0,5,2,0,0,0,2,0,2,14,5,2,5,2,7,0,0,0,5,4,1,18,1,1,7,2,2,0,0,0,0,1,12,7,0,0,0,0,5,0,0,0,1,1,3,0,2,0,5,3,0,1,0,0,0,1,0,2,2,4,2,0,4,0,1,2,0,1,3,1,2,0,1,0,0,0,3,0,2,0,0,1,4,0,0,0,0,0,0,0,0,0,0,0,0,4,0,2,0,0,0,0,0,0,2,3,0,2,0,10,9,0,6,2,3,3,5,3,2,2,0,8,9,1,0,3,2,3,0,1,1,2,2,4,3
7,0,1,1,1,3,0,0,0,2,1,2,1,1,0,3,3,1,1,1,16,0,0,1,6,2,11,2,3,0,0,0,0,0,1,1,8,0,1,0,1,1,1,0,5,0,6,1,7,0,0,1,0,0,0,2,0,0,0,4,0,0,0,0,0,12,1,14,0,0,0,0,0,0,1,0,0,4,0,2,0,1,6,2,2,0,1,4,10,0,8,11,3,4,32,4,3,3,0,1,0,3,0,1,3,2,0,0,0,0,0,1,0,0,1,24,0,2,6,0,6,0,0,0,0,0,0,0,0,0,0,1,0,7,1,0,0,0,0,0,0,1,2,1,0,1,0,0,0,0,2,0,0,3,1,0,2,1,1,0,0,0,1,2,0,0,0,0,0,0,0,0,0,1,0,0,2,0,1,0,0,3,0,0,0,0,14,1,0,0,2,0,2,3,3,0,2,1,31,1,0,0,16,0,3,0,1,0,6,0,0,3,0,0,1,0,2,0,0,4,0,4,0,0,1,0,2,2,0,0,0,15,1,0,1,0,1,1,3,1,1,1,0,1,0,9,0,0,0,11,0,0,4,0,3,0
5,0,1,0,1,6,0,0,2,2,2,6,2,0,1,3,5,2,0,0,4,0,0,0,0,0,9,1,9,0,1,0,0,0,0,2,9,0,1,1,0,2,1,4,11,4,0,5,7,44,0,0,0,3,5,9,0,2,0,45,0,7,0,0,0,1,0,1,0,1,2,0,0,0,0,0,3,2,3,0,0,2,2,0,2,0,2,0,5,0,0,0,0,0,35,1,1,2,1,0,0,2,0,3,5,0,0,0,0,0,0,1,1,1,1,32,0,1,13,4,8,1,4,0,1,0,0,0,0,4,0,1,0,4,0,0,0,1,0,0,0,0,0,3,1,0,0,0,1,1,2,1,2,2,1,0,0,1,2,1,1,0,6,4,0,0,0,1,0,1,2,3,0,3,0,0,8,0,1,0,0,4,0,0,3,1,18,1,0,1,2,0,4,9,4,0,2,5,14,2,0,0,17,0,4,0,2,0,3,0,0,1,1,0,1,4,1,3,0,1,0,0,1,0,0,2,0,0,0,0,0,0,1,0,3,0,0,0,0,0,2,2,0,0,0,3,0,0,0,0,0,1,3,0,0,0
0,14,0,1,3,0,0,1,0,1,0,2,0,2,2,1,2,0,0,0,0,0,1,0,1,0,4,0,0,0,0,0,0,0,0,0,2,0,0,0,0,0,1,3,5,18,0,9,4,1,0,2,0,2,2,1,0,0,23,9,0,0,2,0,0,0,2,9,0,3,9,0,5,0,0,4,0,0,1,0,0,3,1,0,2,0,0,1,0,1,1,21,12,2,0,2,0,1,0,0,0,0,0,0,10,7,0,0,1,0,0,1,0,3,2,2,2,2,6,0,3,1,2,4,0,4,0,2,0,8,8,0,4,8,1,6,1,2,0,2,0,3,10,0,9,2,1,5,2,0,1,0,0,8,3,0,0,0,0,13,0,1,0,0,2,4,0,1,0,3,3,0,0,0,0,1,0,0,1,0,1,0,1,0,0,0,2,0,0,0,0,0,0,4,0,1,0,2,0,2,0,5,1,6,1,0,0,0,0,0,5,0,0,0,8,0,4,0,3,0,4,1,0,0,0,2,3,0,2,2,18,11,0,0,2,0,0,5,2,2,10,0,2,3,0,1,1,2,0,0,0,1,0,0,1,3
8,1,0,0,1,3,0,0,1,1,0,5,0,0,6,2,4,2,0,0,11,1,0,2,9,0,5,4,8,0,0,5,2,3,0,0,7,5,0,4,0,2,4,2,3,0,0,1,2,4,0,1,0,5,0,0,0,0,0,11,0,1,1,0,0,1,0,4,0,1,0,0,3,0,2,1,0,0,2,3,2,0,8,1,2,2,3,1,3,0,4,17,2,0,26,0,2,1,1,1,0,1,1,1,1,2,1,0,1,0,0,12,2,1,7,40,0,1,9,5,7,2,5,2,0,1,0,0,1,0,0,1,1,5,0,1,0,0,0,0,0,0,0,2,2,1,0,0,0,0,1,6,1,4,0,1,0,0,2,2,0,0,1,2,2,1,4,2,0,0,4,0,0,1,0,0,3,0,0,0,0,2,0,1,0,0,17,0,2,1,1,0,5,1,0,0,2,2,16,4,0,1,15,0,1,0,1,0,0,2,1,5,0,0,2,1,1,0,4,1,0,3,1,1,1,0,0,3,0,0,0,0,1,0,0,0,0,2,0,0,0,0,0,0,0,0,0,0,0,3,0,0,1,0,0,0
5,2,0,1,2,7,0,1,0,2,1,7,0,0,6,1,4,1,0,1,0,0,0,5,2,0,13,0,2,0,0,0,0,2,1,1,0,0,1,2,0,1,0,4,9,5,12,0,4,1,4,2,0,2,0,2,0,4,0,9,0,1,0,0,0,0,2,17,0,9,1,0,0,0,2,2,1,4,1,0,1,0,3,0,2,0,4,1,18,0,0,2,18,1,24,7,0,0,0,1,0,1,0,2,2,3,0,0,1,0,1,0,0,0,0,11,0,2,2,0,2,0,1,1,0,0,0,1,0,4,7,0,1,6,0,1,1,2,0,1,0,0,2,0,0,2,0,1,0,0,2,2,1,15,3,0,0,1,1,0,3,0,0,12,1,0,0,2,0,0,2,0,0,2,1,0,1,0,4,0,1,3,1,1,0,0,18,3,1,0,2,0,3,3,2,0,0,2,15,3,0,0,27,0,6,0,3,1,0,0,2,0,0,0,3,7,4,1,1,3,0,3,1,0,0,1,3,11,13,0,0,0,1,0,3,0,0,4,3,0,0,0,0,1,0,5,0,0,0,20,0,0,1,3,0,1
1,0,0,0,4,4,0,0,1,2,0,3,5,2,6,5,5,1,0,0,13,0,0,3,4,0,7,0,5,0,0,0,1,1,0,0,6,4,0,0,0,4,2,0,8,1,1,0,3,34,1,2,0,1,0,11,0,0,0,12,1,6,5,0,1,0,1,0,1,1,3,0,0,0,0,34,0,2,5,1,1,0,7,5,1,1,0,0,5,0,0,1,1,1,47,5,0,1,0,0,0,4,1,1,12,3,0,0,0,0,0,0,0,0,2,17,0,0,6,0,1,1,1,1,0,3,0,0,1,1,2,0,1,6,0,0,0,0,0,0,0,1,0,0,1,1,1,0,1,0,0,1,1,6,0,3,0,0,1,1,1,0,0,1,2,0,0,2,0,0,1,0,0,1,0,0,3,0,0,0,0,2,0,4,0,1,7,0,0,0,1,1,1,4,4,0,2,2,9,4,0,1,18,0,6,0,0,1,5,0,13,0,0,0,0,1,4,0,0,0,0,1,1,0,1,1,0,4,1,1,1,0,1,0,3,0,0,4,4,2,1,1,0,0,0,4,0,0,3,1,0,0,6,0,2,1
7,0,1,0,1,5,0,0,1,1,3,9,1,1,0,2,7,1,0,0,4,1,0,0,2,0,12,3,8,0,0,1,0,1,0,0,4,2,0,0,1,2,0,8,14,0,3,3,1,7,0,5,1,1,0,0,0,0,0,38,5,1,2,0,0,2,2,0,0,6,1,0,0,0,4,1,0,0,3,0,0,0,2,0,2,0,0,4,11,0,6,0,0,1,24,0,0,5,0,0,1,0,0,2,2,3,0,0,1,0,1,2,2,0,0,36,0,0,12,0,7,0,3,0,1,0,0,3,0,2,1,1,1,7,0,0,0,0,0,0,0,2,0,4,1,1,0,1,0,1,2,0,1,9,1,0,0,0,2,0,0,0,0,1,3,0,0,0,0,0,7,0,0,1,0,0,7,0,0,3,4,3,2,2,1,1,19,0,0,3,1,0,3,4,2,0,4,2,1,2,0,0,12,0,1,1,0,0,0,3,1,6,0,0,5,1,1,1,1,0,1,0,4,2,1,0,0,1,0,0,0,0,0,0,0,0,0,2,1,0,2,0,0,0,0,1,0,0,0,2,0,0,1,3,0,1
1,6,0,2,2,1,1,1,6,1,3,3,0,1,4,2,1,2,0,0,9,0,1,1,5,0,2,2,3,0,1,0,0,0,1,0,12,1,0,1,0,1,0,9,5,0,6,0,2,50,2,0,1,6,0,7,0,1,1,44,0,0,1,0,0,0,0,0,0,2,0,0,0,0,2,1,0,0,1,0,0,3,1,0,1,0,5,0,3,0,0,0,1,3,25,0,0,1,0,0,0,0,0,1,0,0,3,0,1,0,0,0,1,0,0,26,0,0,3,6,1,1,1,0,0,2,0,1,0,1,1,0,1,5,0,0,0,0,0,0,1,1,0,0,0,2,1,1,1,0,0,1,1,1,1,0,0,0,1,1,0,0,0,2,3,0,0,2,0,0,2,0,0,2,0,0,1,0,0,0,1,2,1,0,1,0,17,0,1,1,1,0,4,9,0,0,1,4,13,0,1,0,25,1,21,1,0,1,5,0,0,0,0,1,3,5,4,0,1,3,0,0,0,1,0,1,2,2,0,0,0,0,0,0,0,0,0,2,0,0,0,0,0,0,0,5,0,0,0,0,0,1,0,2,0,3
7,1,0,0,3,2,0,0,0,1,1,2,0,0,9,2,2,3,0,1,0,0,0,2,7,2,3,0,3,1,0,0,2,9,0,1,2,1,3,0,0,4,2,10,10,2,27,0,1,4,6,1,0,8,0,6,0,0,0,43,0,1,1,0,2,2,0,1,0,6,2,0,1,0,0,0,0,4,1,1,0,0,8,1,5,0,5,2,3,0,0,0,4,0,26,0,0,1,0,0,0,1,0,2,3,4,0,1,0,0,0,2,0,0,10,45,2,0,8,1,6,1,1,3,0,1,0,0,1,0,0,0,0,5,0,0,0,0,0,0,1,0,0,1,5,0,0,0,0,0,4,3,3,1,0,0,3,1,2,1,1,0,0,1,0,0,13,0,0,1,4,0,0,1,0,0,4,1,0,0,5,3,0,0,0,1,25,0,0,1,1,0,4,8,2,0,5,0,11,4,0,0,11,0,4,0,0,0,0,0,0,1,2,0,3,0,3,1,2,0,0,1,1,0,3,0,0,3,0,4,0,1,0,0,0,0,0,0,2,0,0,0,0,0,0,1,1,0,0,2,0,0,1,0,0,0
3,2,0,0,1,4,0,1,0,1,0,0,1,2,3,1,3,0,0,0,4,1,0,0,1,1,2,0,0,1,0,0,1,1,0,1,2,0,0,0,0,1,3,3,1,1,0,1,4,9,0,1,0,4,0,0,1,0,28,3,1,2,7,0,3,0,0,6,1,2,2,3,8,0,1,10,0,0,1,1,2,3,1,0,0,0,4,0,0,13,8,0,14,2,0,0,0,1,0,0,0,0,0,0,3,6,0,1,0,1,1,1,1,0,2,3,1,2,4,0,0,0,7,0,0,0,0,3,0,4,3,0,2,0,2,2,0,3,1,2,15,0,8,0,5,2,8,1,0,0,13,6,0,6,6,0,4,3,14,8,2,5,0,3,2,2,0,1,1,3,2,0,1,0,1,0,0,1,2,1,1,2,1,3,0,2,2,1,1,2,5,2,1,1,0,0,0,1,3,0,0,0,0,2,0,0,0,0,6,0,0,1,1,0,4,3,0,0,2,0,7,0,0,0,0,0,3,0,3,5,5,2,0,0,0,2,4,12,1,0,0,0,3,1,1,2,4,3,0,2,0,1,0,8,1,5
1,0,0,0,1,4,0,2,2,2,0,1,0,1,3,3,2,1,0,0,1,0,0,0,3,0,2,1,1,0,0,0,0,1,0,1,9,0,2,1,0,0,0,5,11,1,6,0,2,16,0,1,0,2,0,1,0,3,2,41,0,0,5,0,0,10,0,7,0,10,0,0,0,0,0,1,0,2,1,0,0,0,7,0,2,2,5,5,15,0,0,20,0,2,47,2,1,0,0,0,0,1,1,2,2,2,0,0,0,0,1,0,0,0,1,18,0,0,3,0,2,0,2,0,0,0,0,1,0,1,3,0,1,4,0,0,1,0,0,0,1,0,0,0,1,2,0,0,0,0,0,1,0,5,1,3,1,0,1,0,0,0,1,1,1,0,0,0,0,1,2,0,0,1,0,0,1,1,0,0,3,3,0,0,0,0,26,4,0,0,1,0,1,1,1,0,3,0,19,0,0,0,6,0,2,0,0,0,2,2,3,1,0,0,0,5,1,0,1,0,0,1,1,0,2,0,0,7,3,0,0,2,1,0,9,0,0,1,1,0,0,0,0,1,0,5,1,0,0,14,0,0,9,1,0,1
22,0,0,0,1,5,0,0,0,2,8,1,3,0,0,3,0,1,3,1,16,2,0,0,0,1,0,2,0,0,0,0,0,0,0,1,1,3,2,4,0,0,1,7,18,3,0,2,2,19,0,2,0,1,0,4,0,3,0,31,0,0,1,0,1,0,1,1,0,1,0,0,0,1,0,0,2,0,0,3,1,4,8,0,5,0,6,0,14,0,13,9,4,0,35,0,0,1,0,3,0,3,0,3,6,2,0,1,0,0,3,0,0,0,0,41,0,0,6,1,2,10,0,0,0,3,0,0,0,0,1,0,0,4,0,0,0,0,0,0,0,0,0,0,0,0,1,0,0,0,1,0,0,2,1,0,1,0,1,0,0,0,1,7,1,0,0,0,1,1,1,0,0,2,0,0,4,0,0,0,1,3,0,1,1,0,28,0,0,1,3,0,2,0,4,0,2,2,7,3,3,0,16,0,4,0,2,0,2,2,1,0,0,0,3,3,1,0,2,0,0,0,0,0,3,0,0,11,0,0,0,2,0,0,0,0,0,0,2,0,1,2,1,0,0,6,1,0,0,15,1,0,1,1,0,0
1,19,0,1,4,0,1,0,0,3,0,0,0,1,1,0,7,0,0,8,0,1,2,0,0,0,2,0,0,1,0,0,0,0,0,6,0,1,0,0,0,0,1,3,1,18,0,8,4,12,0,0,0,2,3,0,0,0,21,8,2,1,0,2,2,0,0,8,1,1,3,0,2,0,0,3,0,1,2,0,4,7,2,0,1,0,4,0,3,0,0,6,11,3,0,6,0,2,0,0,1,1,1,0,5,5,1,0,0,0,1,0,0,0,2,1,0,2,5,0,2,0,1,2,0,0,0,4,6,4,8,6,2,6,1,20,0,0,2,0,0,2,12,0,3,1,0,0,0,0,0,0,0,9,2,0,0,0,0,11,0,1,0,2,1,2,0,3,2,2,5,0,1,0,0,0,1,0,3,0,3,1,0,1,0,0,1,0,0,0,1,1,2,11,0,0,0,1,0,0,0,3,0,0,0,0,0,0,1,0,0,3,0,1,7,3,0,1,4,3,2,0,2,2,1,2,3,1,10,1,17,17,0,0,2,0,1,3,0,0,0,0,1,8,0,1,3,1,2,0,0,0,0,3,3,1
3,0,1,0,2,3,0,0,0,1,1,0,0,1,4,2,1,2,0,0,0,0,0,0,1,0,1,6,1,1,0,0,1,3,4,0,7,1,4,1,0,8,2,20,4,3,12,4,4,0,3,1,0,5,0,3,0,1,1,40,0,4,5,1,0,2,1,0,0,1,2,0,0,0,0,1,0,3,1,0,1,4,6,1,1,0,6,4,8,0,0,0,0,1,34,0,1,1,0,0,0,2,0,3,4,1,0,0,4,0,0,2,0,0,1,25,0,1,5,2,5,2,1,1,0,0,0,0,0,1,3,3,2,6,0,0,1,0,0,0,0,1,1,0,2,1,0,0,1,0,0,1,0,6,2,0,0,1,4,0,0,0,0,4,2,0,18,0,1,0,2,0,0,1,1,0,2,0,0,0,0,2,3,1,0,5,16,7,1,3,2,0,1,6,2,0,2,2,8,6,0,0,12,0,2,2,1,0,7,0,0,0,3,0,1,0,1,0,0,0,0,2,0,0,1,1,0,8,0,0,0,0,1,0,0,0,0,2,2,0,0,0,0,0,0,6,0,0,0,0,0,0,3,1,1,2
9,0,0,0,1,11,0,0,0,1,0,5,0,1,0,6,2,1,0,0,5,0,1,0,5,0,9,1,7,0,0,0,0,1,1,0,4,0,2,1,0,0,1,0,13,1,3,6,3,46,0,1,0,1,0,5,0,0,1,45,0,5,3,0,0,0,0,0,0,1,5,0,0,4,4,1,1,1,12,0,0,1,2,1,1,0,4,0,1,0,4,0,0,1,33,2,1,0,2,0,0,0,0,1,8,3,0,1,0,0,0,0,0,0,0,32,1,0,12,0,6,0,3,0,0,0,1,1,1,1,1,0,2,5,0,0,0,0,0,1,0,0,0,1,0,1,0,1,0,0,3,1,1,5,1,1,0,0,2,1,2,0,2,1,1,0,0,2,0,1,1,0,0,1,0,0,2,1,1,1,2,2,1,1,3,1,16,0,0,4,1,0,2,4,3,0,2,0,2,1,0,0,20,0,3,1,0,0,2,0,0,0,1,0,1,2,1,0,1,0,1,2,0,0,0,0,8,0,1,0,2,0,0,0,1,0,0,4,0,1,2,0,0,0,0,3,0,0,0,0,0,0,3,0,0,3
4,0,0,1,2,16,0,0,0,3,5,3,0,0,1,5,0,3,0,0,1,0,0,0,4,3,19,2,1,0,0,0,0,1,3,0,13,2,2,4,0,4,2,8,7,5,2,6,2,0,0,2,0,0,0,2,0,1,1,35,0,0,0,1,0,2,2,3,0,1,0,5,0,0,2,1,0,5,1,5,1,2,3,0,3,1,3,6,4,0,1,0,5,0,27,0,0,1,0,1,1,0,1,3,1,1,1,0,0,0,1,3,1,0,0,24,1,0,0,0,0,3,0,0,2,3,0,2,0,0,0,0,0,5,0,0,0,1,1,0,2,0,0,1,1,0,1,1,2,1,4,1,0,9,5,1,0,0,1,2,0,2,0,4,0,0,7,2,0,0,1,0,1,0,0,1,2,0,0,0,3,5,2,0,0,1,9,1,0,1,2,0,1,17,0,0,3,1,0,0,0,0,16,0,0,1,0,0,0,1,0,2,3,0,2,5,6,3,3,1,0,0,1,0,1,2,1,4,0,0,5,3,0,1,2,0,0,0,0,0,4,0,0,1,0,1,4,0,3,0,0,1,4,0,0,1
8,0,0,1,2,1,2,3,0,1,0,12,0,2,4,1,1,2,0,0,10,2,0,0,1,2,6,9,5,1,0,2,3,1,1,0,2,1,0,0,0,0,4,7,7,0,20,0,2,34,4,4,0,8,0,0,0,0,0,46,2,1,4,2,0,0,0,0,1,1,3,0,1,1,5,3,0,0,9,0,0,2,1,0,1,0,2,1,2,0,3,0,1,1,8,2,0,1,3,0,0,1,0,1,4,0,0,0,1,0,0,3,2,0,0,32,0,0,5,1,4,0,5,0,1,2,0,1,0,6,3,0,2,5,0,0,0,0,0,0,1,1,0,2,1,1,2,1,0,1,3,1,1,2,0,0,0,0,1,0,0,0,0,2,1,0,0,0,0,1,5,0,3,1,0,0,4,0,3,0,0,1,0,2,0,2,10,0,0,1,1,0,3,8,4,0,1,2,22,3,0,0,12,0,8,1,1,0,3,0,0,3,1,0,4,3,1,0,0,1,0,2,2,1,0,0,15,1,0,0,0,2,1,1,2,0,0,2,1,0,0,2,0,0,0,8,0,2,1,0,0,0,1,1,0,1
3,2,1,2,2,0,0,2,1,1,1,2,1,1,1,2,3,0,0,1,1,0,0,0,7,3,1,0,1,0,0,1,1,0,0,1,2,0,0,2,0,0,1,2,3,3,1,3,2,2,4,2,0,4,3,0,1,4,11,12,0,0,5,1,2,0,13,1,0,5,0,0,8,0,0,2,1,0,7,0,0,0,1,0,2,1,2,4,9,2,9,3,3,0,44,0,0,1,0,2,1,1,1,2,1,1,0,2,0,1,0,2,2,0,0,10,0,1,2,0,0,1,3,0,0,0,0,4,2,1,1,1,0,5,0,10,0,2,0,0,1,3,5,6,1,2,1,0,0,0,1,3,0,11,13,0,1,0,0,1,3,2,0,2,1,1,0,2,0,2,3,0,0,0,0,2,3,0,1,0,1,2,0,0,0,1,16,2,2,0,2,0,0,1,0,0,0,0,2,0,0,0,8,1,1,0,1,0,4,0,1,0,0,0,0,0,0,0,0,3,0,0,2,2,2,0,2,10,0,3,4,3,1,0,7,0,2,4,2,4,0,0,5,4,0,4,1,1,1,15,1,1,1,0,5,1
4,0,0,0,6,5,2,5,2,1,2,11,1,1,3,5,6,2,0,1,3,17,0,1,2,0,8,0,7,0,0,0,0,2,7,0,8,1,0,3,0,1,0,0,4,0,0,0,2,1,0,0,0,1,0,1,0,0,0,8,1,3,2,0,0,0,2,1,0,1,1,1,0,0,3,1,0,2,2,0,2,0,3,0,5,2,10,1,0,0,0,0,0,1,14,0,0,2,3,0,0,0,0,6,3,5,3,0,0,0,5,4,0,0,1,41,0,0,5,0,6,1,5,0,1,0,0,1,0,2,1,1,1,13,0,0,0,0,0,0,0,0,1,1,1,1,0,0,2,1,2,2,3,2,0,0,0,0,2,0,1,0,0,3,1,0,5,0,2,1,5,0,0,1,0,0,1,0,1,0,1,5,3,3,0,0,12,0,0,0,1,0,4,0,3,1,2,4,24,3,1,2,21,0,7,0,1,0,0,0,6,4,1,0,2,11,7,1,0,0,0,0,0,0,0,1,0,1,0,2,0,2,2,0,0,0,0,3,1,0,0,2,0,0,0,7,0,0,1,0,0,0,1,0,1,1
1,0,0,0,2,6,0,0,0,1,0,4,0,4,0,5,0,3,0,1,3,1,0,0,11,0,7,0,6,1,0,0,1,4,0,2,10,0,5,3,0,0,0,13,2,0,1,0,1,1,6,1,0,0,11,2,0,3,1,9,0,1,1,0,0,1,2,3,0,3,3,0,0,0,0,1,2,0,0,0,1,0,4,1,1,0,0,1,0,0,0,1,0,1,8,1,0,6,1,0,1,3,0,4,1,0,0,0,1,0,4,1,2,0,1,39,0,0,8,0,9,17,2,0,0,0,0,1,0,2,4,0,2,6,0,1,0,1,0,0,0,0,0,1,3,3,0,1,0,0,2,2,1,2,2,0,1,0,2,0,2,0,2,8,1,0,0,1,0,2,2,0,0,1,0,1,9,0,1,3,11,4,0,0,0,2,11,2,0,0,2,0,3,0,5,2,3,3,35,2,1,0,9,0,1,3,1,1,2,2,0,1,2,0,5,10,0,0,9,1,0,1,0,0,0,0,1,2,0,0,0,0,0,0,0,0,0,2,1,0,3,3,0,0,1,10,0,0,0,3,0,4,5,1,3,1
3,0,0,0,1,5,0,0,0,2,1,5,0,3,1,2,1,1,1,0,2,0,0,0,2,0,1,2,7,1,0,1,1,3,0,0,4,1,3,0,0,2,0,4,7,5,1,0,3,2,0,3,0,1,1,2,0,0,0,31,0,1,5,0,0,0,0,0,0,1,0,0,11,0,0,0,2,0,13,2,1,4,5,2,2,1,0,0,14,0,0,3,4,0,31,0,2,0,0,2,0,9,0,3,2,1,0,0,0,0,0,10,0,0,0,34,1,0,6,0,4,0,0,0,0,4,0,0,0,0,1,1,0,5,0,0,0,0,1,0,0,1,0,0,1,0,0,0,0,0,0,2,0,0,1,2,3,2,2,2,0,0,6,5,0,0,0,2,0,0,0,1,0,1,0,0,4,3,0,1,0,2,0,2,0,2,24,4,1,1,2,0,4,2,6,0,3,0,1,3,0,0,20,0,2,3,0,1,1,0,3,2,0,0,2,0,1,0,1,0,0,0,2,0,3,2,0,5,1,1,0,3,1,0,1,0,0,0,1,0,3,4,0,3,0,2,0,0,0,10,0,0,1,1,0,0
2,0,3,1,5,0,0,1,0,2,0,2,6,0,1,0,7,0,0,0,0,0,0,0,0,2,3,4,4,0,0,0,0,3,0,0,0,3,1,0,0,0,1,1,1,3,0,0,3,2,0,1,0,1,0,0,1,0,0,3,0,1,4,1,0,0,0,1,1,0,1,2,5,1,0,1,0,0,1,0,3,0,2,0,3,2,1,0,0,3,0,0,2,1,3,3,1,0,0,0,0,0,2,1,3,0,0,0,2,0,1,0,0,0,1,35,1,0,7,0,2,0,4,0,0,0,0,2,1,4,3,0,2,2,3,0,2,3,1,0,0,2,11,1,1,5,7,0,2,2,0,1,0,1,1,1,0,0,1,2,0,0,0,6,1,7,1,0,0,12,1,0,0,0,0,4,8,1,0,5,27,3,0,1,0,3,1,0,1,1,2,1,1,1,0,0,1,3,22,0,2,0,9,1,0,1,0,0,1,0,1,0,0,1,3,2,3,0,0,0,0,0,2,6,0,2,3,0,3,1,10,2,2,6,1,0,2,4,1,0,1,2,0,8,0,10,0,10,0,5,0,0,4,0,2,1
1,0,1,0,1,3,1,1,0,2,2,1,9,0,0,2,1,1,0,0,2,0,0,1,3,0,1,0,1,0,0,0,0,3,0,2,2,3,6,2,0,3,0,9,6,3,18,0,2,8,4,2,0,0,3,3,0,0,2,21,0,0,3,14,0,5,1,4,0,1,0,0,0,0,0,0,0,6,1,0,0,0,3,2,1,0,1,3,6,0,0,3,3,8,36,3,0,0,0,0,0,2,1,1,0,1,0,0,0,0,0,0,2,0,0,12,0,2,5,0,3,1,1,0,0,0,0,1,0,1,1,1,2,5,1,0,0,0,1,0,1,1,0,0,0,1,0,0,0,0,0,0,0,0,0,0,0,1,2,0,1,0,4,3,1,0,0,0,0,0,1,0,0,1,0,0,3,0,0,0,0,2,0,0,0,0,6,2,0,3,1,0,1,4,4,1,3,3,31,1,0,0,20,0,8,0,0,0,2,8,3,0,3,0,0,7,1,0,0,5,0,1,0,0,4,0,0,2,0,0,2,1,0,0,2,0,0,2,1,1,1,1,0,0,0,11,0,0,2,1,0,0,4,4,0,1
3,16,0,9,0,5,0,3,0,3,0,0,0,6,1,0,5,1,0,2,1,3,0,0,0,0,3,0,0,0,0,0,1,1,1,0,7,0,0,0,0,0,0,3,0,12,1,3,4,0,0,3,0,4,5,0,1,1,14,0,0,2,5,1,3,0,5,8,0,1,1,0,10,0,0,4,0,0,0,0,0,2,4,1,1,0,5,2,1,0,0,5,5,2,0,2,0,5,0,0,0,4,1,0,4,4,2,0,3,0,0,1,1,0,1,1,0,0,6,0,5,0,2,2,0,1,0,6,2,2,6,1,3,6,3,3,0,1,0,0,0,0,7,1,7,1,0,1,0,1,1,0,0,12,11,0,7,2,0,1,0,3,0,1,1,4,0,1,1,0,1,0,1,0,1,4,1,1,1,0,0,1,0,1,0,1,2,0,0,0,1,0,5,18,0,0,4,2,0,0,0,6,1,6,0,1,0,1,3,0,3,0,1,4,4,4,0,0,5,0,2,1,1,7,0,1,0,1,1,3,13,1,0,2,0,1,1,7,1,0,6,0,5,1,1,1,3,1,2,0,0,0,0,0,1,1
2,0,0,1,2,2,0,0,1,2,0,3,1,2,0,2,0,2,0,0,1,1,0,0,2,0,2,2,3,0,0,0,0,0,0,0,8,1,2,1,0,0,1,0,1,2,14,0,3,38,0,0,0,4,0,2,0,0,0,14,0,1,1,0,0,0,0,4,0,0,0,0,0,0,0,1,0,0,1,3,0,1,2,1,5,0,1,1,0,0,1,10,11,5,13,4,2,4,0,0,0,1,0,4,1,0,0,0,0,0,0,2,1,0,4,31,1,0,4,1,2,6,1,0,0,2,0,0,0,0,0,0,0,6,0,0,0,0,0,1,0,2,4,0,2,0,1,0,1,0,1,3,0,1,2,1,2,0,2,3,0,0,1,4,1,0,0,0,1,1,4,0,0,1,0,0,6,0,0,0,0,5,0,0,2,3,17,3,0,0,2,0,3,1,3,0,4,7,28,6,0,10,14,0,1,0,10,0,7,1,3,0,4,0,2,6,2,2,1,1,0,1,0,0,4,1,0,13,0,0,0,8,0,0,0,2,0,0,1,1,0,2,0,0,0,10,1,0,0,7,0,0,5,1,1,0
2,0,2,0,1,6,0,0,0,2,13,4,0,0,2,2,4,1,0,2,3,0,0,1,0,3,6,1,3,0,0,0,1,0,5,0,15,3,6,3,0,9,0,8,6,1,0,0,2,0,0,2,0,0,4,1,0,0,0,25,1,0,1,0,0,0,1,0,0,1,0,0,0,0,1,1,0,1,3,2,0,3,5,2,2,2,3,1,14,0,1,5,0,0,23,0,0,0,0,1,0,0,0,1,5,5,2,0,0,0,0,14,4,0,0,36,1,2,7,0,5,0,4,0,0,1,0,0,0,1,0,2,1,10,0,0,0,0,0,0,0,0,0,3,1,0,0,0,0,1,2,0,2,1,0,0,0,0,3,2,0,0,1,3,0,0,6,0,0,1,1,1,0,1,0,0,3,0,0,0,0,2,0,4,1,4,14,4,0,1,2,4,4,0,7,0,5,2,10,3,0,0,13,0,2,1,0,0,0,3,0,1,0,0,4,3,1,1,1,0,2,2,0,1,0,0,0,3,3,0,0,0,0,0,0,0,0,1,0,0,1,1,1,0,1,1,0,1,0,3,1,1,2,0,2,0
3,3,0,16,0,1,0,4,0,2,2,0,0,2,8,2,10,0,0,5,0,0,0,0,0,3,2,0,0,1,0,0,0,0,0,1,2,2,0,4,0,0,1,4,1,0,1,2,1,1,0,0,0,3,2,0,1,0,12,1,2,1,0,1,0,1,0,0,0,3,3,1,15,0,2,4,0,3,3,0,3,2,2,0,0,0,4,0,0,0,0,0,6,2,1,1,0,0,0,4,0,0,0,2,5,5,0,10,4,0,0,1,1,0,3,1,0,1,11,0,5,0,20,6,0,0,0,7,0,2,4,1,2,1,0,27,0,4,7,5,0,1,2,0,9,4,0,1,2,0,0,2,0,7,7,0,0,0,1,8,0,6,0,1,2,8,3,3,1,3,4,0,0,2,1,0,0,0,2,1,2,1,1,1,0,6,2,0,2,5,0,4,0,1,0,0,0,0,1,0,0,0,0,2,1,0,0,0,1,0,6,0,0,0,1,0,4,1,0,0,1,0,1,0,0,0,3,0,1,0,14,25,1,0,1,0,1,7,1,0,0,0,0,8,3,1,0,2,1,0,2,0,0,2,2,2
5,9,1,4,0,5,2,0,0,3,10,0,0,0,0,3,0,0,3,2,0,2,0,0,3,1,2,0,4,0,4,3,5,0,0,1,2,0,1,0,1,0,0,2,2,2,4,1,2,3,0,0,2,5,4,2,0,4,0,2,4,4,0,0,0,2,0,1,0,0,0,1,5,0,0,2,2,1,0,0,9,6,1,0,1,2,2,0,10,1,1,1,0,4,8,0,10,1,3,0,1,1,0,1,1,3,0,1,3,0,3,1,1,8,2,2,1,1,4,10,5,3,3,2,0,6,0,1,1,0,1,2,1,1,0,1,3,1,0,7,0,0,4,1,1,1,3,1,0,3,2,0,2,2,1,2,3,2,0,3,0,1,2,2,1,3,0,0,1,0,1,0,0,6,0,5,1,6,0,0,0,6,3,2,1,0,3,0,0,0,3,15,3,0,7,5,0,1,0,1,0,1,1,0,3,1,1,0,0,2,6,2,1,0,1,1,5,7,0,0,0,3,0,1,2,1,1,0,0,0,7,0,1,1,0,1,0,4,1,3,0,2,1,1,0,1,0,0,3,20,3,0,0,2,4,0
12,0,0,9,1,1,0,0,0,2,0,0,0,2,8,1,4,0,1,3,2,2,0,0,0,5,3,0,0,0,0,3,0,1,0,1,1,0,0,1,0,1,0,3,7,1,0,2,3,0,2,1,0,3,0,0,0,1,9,15,0,0,1,0,2,0,7,0,0,2,3,0,9,0,0,3,0,0,0,0,0,2,6,0,1,0,0,0,4,2,0,12,1,1,25,4,0,3,0,0,0,1,0,1,2,0,0,0,0,0,2,1,1,0,1,17,0,2,2,0,3,1,3,6,0,0,0,10,0,5,3,2,4,4,0,8,11,0,2,1,1,1,7,0,5,2,2,1,1,1,0,0,1,6,0,2,1,0,0,2,0,1,0,7,2,2,0,1,0,1,2,0,0,0,0,0,1,0,0,1,0,1,0,0,0,3,10,0,0,0,1,1,1,0,1,0,0,0,3,3,0,0,13,0,0,1,0,0,1,4,9,1,1,0,1,1,0,4,2,1,1,0,0,1,0,0,0,1,1,2,1,0,0,0,3,0,3,5,1,0,0,0,1,4,0,2,0,1,2,12,1,0,3,0,0,5
0,1,0,6,0,0,1,0,0,0,0,2,1,7,6,0,4,6,3,12,0,1,3,0,0,2,2,1,1,0,1,0,4,2,0,0,7,0,0,4,0,0,0,3,1,9,2,2,5,1,0,0,0,1,0,0,0,1,3,0,2,0,0,1,0,0,0,0,1,2,1,2,1,0,0,2,1,0,0,2,0,2,0,0,0,0,2,2,1,0,0,0,0,1,0,3,0,2,0,3,1,2,1,0,6,0,0,0,1,2,0,1,0,1,2,0,6,2,4,0,0,0,7,2,1,0,0,3,1,1,4,0,2,1,1,33,0,0,3,26,0,0,7,0,3,2,3,3,0,0,1,0,0,5,0,1,0,1,0,0,0,1,0,0,5,8,0,3,0,6,2,4,1,1,1,2,0,1,6,0,1,0,0,0,3,2,1,0,0,0,0,3,0,12,0,0,5,1,0,4,0,0,0,4,1,0,1,0,2,0,6,0,1,1,3,2,2,1,1,2,3,0,9,2,0,2,0,0,0,0,16,6,0,0,1,0,1,3,3,4,0,0,4,10,1,3,3,2,0,0,0,0,2,1,3,1
3,0,6,0,1,10,0,0,0,3,3,4,1,1,3,2,2,5,0,0,8,0,1,1,12,1,4,1,4,0,0,1,1,1,0,0,3,3,1,5,0,0,0,3,12,2,0,0,1,2,2,1,0,0,0,5,2,2,0,12,0,1,0,0,0,0,1,1,0,1,2,1,2,0,2,1,1,2,8,0,0,2,4,1,1,2,4,0,2,0,0,25,0,1,15,0,0,0,2,0,0,0,0,2,0,0,0,0,0,0,0,27,1,0,1,33,0,0,2,1,4,3,6,0,0,2,0,1,0,2,1,1,1,4,1,1,0,0,0,0,0,0,0,0,1,3,0,0,1,0,1,1,1,1,1,0,0,0,2,2,2,0,2,2,1,0,0,0,0,1,2,0,1,2,2,0,4,1,0,1,10,2,0,0,1,1,16,3,1,0,1,2,3,0,1,0,1,3,20,6,0,0,17,0,3,1,3,3,1,0,1,1,0,0,4,2,3,0,2,0,1,1,1,0,0,4,0,3,2,0,0,3,1,0,0,0,0,3,0,0,2,0,0,2,0,5,0,0,0,14,0,0,3,0,0,1
1,3,0,0,3,5,0,4,2,0,5,0,0,4,2,0,4,0,0,0,1,0,0,4,2,1,4,0,0,0,0,0,2,1,0,3,10,0,0,1,0,0,1,3,0,11,0,6,4,2,0,2,0,4,0,0,2,0,25,20,0,1,0,0,2,0,3,9,0,2,4,1,13,5,0,3,0,0,0,2,2,0,1,0,0,4,0,1,0,1,0,5,7,7,0,0,1,3,0,0,1,0,0,0,7,7,0,0,1,0,4,0,1,0,3,3,0,3,6,0,2,4,3,3,0,0,0,2,0,3,3,0,2,3,0,12,1,1,3,1,2,0,16,0,3,9,3,2,0,1,0,0,0,5,6,0,1,0,0,10,3,1,0,0,2,7,0,2,0,3,7,0,1,0,0,1,0,0,2,0,1,1,0,0,0,1,2,0,0,0,0,3,0,1,0,0,0,0,1,0,0,0,0,0,0,0,0,0,1,0,5,3,0,1,5,0,2,0,2,1,3,0,1,1,0,0,0,0,4,2,17,0,0,0,5,1,2,6,1,1,5,1,4,2,0,0,7,2,1,0,0,0,0,3,2,2
3,2,0,0,3,5,0,0,0,2,2,3,0,1,1,1,1,1,0,1,4,0,0,1,0,0,2,1,2,0,0,0,0,4,3,0,14,4,3,9,0,8,0,0,9,8,1,0,2,0,1,3,0,3,0,5,1,1,1,27,0,1,1,0,0,0,0,4,0,0,2,3,0,1,0,0,1,0,1,1,2,0,2,1,2,0,5,1,10,0,5,1,0,0,26,0,0,1,0,0,0,2,2,2,3,3,1,0,1,2,2,3,0,0,0,25,2,1,5,0,3,0,0,0,1,0,0,1,0,0,0,0,1,10,1,2,2,1,0,1,3,0,2,1,1,0,1,1,0,0,1,0,1,5,0,0,1,0,1,0,0,0,2,5,0,0,3,2,0,1,1,0,0,0,0,0,8,0,1,0,1,2,0,2,0,1,16,0,0,0,2,0,2,3,1,1,2,2,12,2,1,1,11,0,7,0,0,0,0,0,1,0,3,0,1,7,1,0,3,1,1,1,0,0,0,2,1,2,0,0,2,2,0,1,2,0,0,0,1,0,0,2,0,1,0,4,0,1,1,7,0,0,4,1,5,5
3,0,1,2,0,0,0,3,0,1,1,2,0,2,9,0,6,0,1,2,0,0,0,0,0,1,1,0,0,2,1,0,2,0,0,11,8,0,0,3,0,1,2,2,1,15,0,8,3,0,0,1,0,0,3,1,2,1,11,0,2,2,1,3,0,0,0,3,1,1,5,1,1,0,0,2,0,1,2,0,2,4,0,0,0,0,2,0,0,0,0,0,3,1,0,3,2,1,1,2,2,0,2,4,10,5,1,7,7,0,0,0,1,0,4,1,0,1,5,4,0,2,21,7,0,4,0,6,1,1,3,5,1,0,1,23,2,1,4,6,0,0,0,0,7,1,2,3,0,0,0,0,0,5,1,0,0,0,0,0,0,0,0,0,2,3,0,7,0,5,2,1,1,2,0,1,0,1,3,0,2,0,0,2,0,3,1,0,1,1,0,3,0,1,1,0,0,0,0,1,0,0,0,5,1,1,0,0,1,0,9,0,1,0,4,1,8,3,0,0,2,1,0,2,0,1,2,0,1,3,10,30,0,0,3,2,3,5,1,0,0,2,4,6,0,1,8,3,2,0,1,0,0,2,2,1
1,0,1,0,2,11,0,0,1,1,0,3,0,3,0,3,1,4,0,0,7,0,0,3,2,1,5,2,3,0,0,0,0,0,0,2,8,0,2,1,0,3,2,15,7,1,4,0,2,6,8,2,0,1,2,7,1,3,1,26,0,0,2,1,0,0,2,2,0,0,0,0,0,0,2,0,0,5,0,7,1,0,7,1,2,0,7,1,13,0,0,0,0,0,40,2,1,1,0,0,0,0,0,2,1,2,0,0,0,0,0,9,2,1,0,27,0,0,8,0,6,10,2,0,0,2,0,0,1,1,1,0,2,8,0,0,0,1,1,0,0,1,0,0,0,0,0,0,0,0,0,2,0,5,1,0,0,0,2,1,0,0,0,6,0,0,0,0,0,0,2,0,0,2,0,0,2,0,0,0,0,1,0,0,0,3,23,0,0,0,2,0,1,1,1,0,2,2,22,1,0,0,17,0,1,0,2,0,0,4,6,0,2,0,4,7,6,0,3,3,0,0,0,0,0,1,0,2,0,0,0,1,0,0,9,1,0,1,0,1,1,1,0,0,0,3,0,1,0,3,0,1,5,0,0,1
17,0,2,0,1,3,0,0,0,1,4,2,1,1,1,2,1,2,0,0,9,1,0,8,1,1,9,6,1,0,0,1,0,2,0,0,5,2,1,0,2,1,1,0,4,7,1,7,1,3,2,3,0,3,0,1,0,0,0,0,0,1,0,0,0,0,0,1,0,1,3,0,0,0,0,3,0,0,2,0,1,0,7,1,1,1,0,0,4,0,8,3,12,1,22,0,0,2,0,0,0,4,0,2,2,0,0,0,0,0,1,1,3,0,0,20,1,0,7,0,2,1,1,0,0,0,0,1,0,1,10,1,1,6,0,1,0,0,0,1,1,0,0,0,3,1,0,1,2,0,0,4,0,11,3,0,0,2,1,1,0,0,0,1,1,0,0,0,0,0,2,0,0,1,0,0,15,0,1,0,2,3,0,0,1,0,12,2,0,0,3,1,1,1,1,0,2,1,10,2,0,2,15,0,2,0,0,0,0,2,5,0,0,0,1,0,1,0,0,0,0,1,3,0,3,0,2,4,1,0,0,0,2,1,5,0,0,3,0,1,0,1,0,0,1,9,0,0,0,7,0,0,6,3,3,1
17,0,0,0,5,19,0,0,1,1,0,5,2,1,0,3,2,2,1,0,6,0,0,0,1,0,9,2,3,0,0,0,1,5,0,0,4,0,0,4,0,1,0,10,9,0,0,1,1,0,0,0,0,1,0,1,0,0,1,19,0,0,2,0,0,5,0,0,0,1,1,2,2,0,1,1,0,1,0,1,0,0,1,3,1,0,3,0,3,0,6,0,0,1,27,1,0,0,0,0,1,0,0,2,1,3,1,0,0,0,0,2,0,0,0,9,2,0,1,6,0,1,1,1,0,0,0,1,0,3,3,0,1,4,0,0,0,0,0,4,1,0,1,7,0,1,0,1,1,0,1,0,0,5,0,0,0,0,3,0,0,0,0,3,1,2,7,22,5,1,2,2,0,2,0,0,2,0,2,1,0,3,17,0,0,1,14,2,0,0,1,2,1,9,2,0,3,3,1,1,0,1,15,0,4,2,1,1,0,0,0,0,1,1,2,2,2,6,0,0,0,1,1,0,2,0,1,0,0,0,1,0,0,0,1,0,0,1,2,2,1,0,0,0,0,20,0,0,2,0,0,2,8,0,7,1
1,0,0,0,1,6,1,1,1,2,0,3,0,1,0,4,7,1,5,0,11,0,0,0,0,0,16,4,5,0,0,0,1,0,2,1,8,0,0,1,0,1,2,3,11,5,2,0,1,14,0,1,0,1,8,2,1,0,1,18,0,3,1,0,2,0,1,0,0,2,3,1,0,2,1,1,0,1,6,0,0,5,3,0,1,0,3,2,4,0,0,9,0,1,40,1,3,2,0,1,0,5,0,1,4,3,0,0,0,2,0,4,1,0,2,30,2,0,7,6,6,1,3,0,0,0,0,1,0,2,1,0,1,6,0,0,2,0,0,2,1,2,3,1,3,1,0,1,1,0,2,1,1,2,0,7,2,0,1,5,1,0,2,1,2,0,0,0,0,0,2,0,0,1,0,0,2,0,0,0,0,3,0,1,1,5,14,0,0,0,1,0,3,2,2,1,1,2,0,0,0,2,19,1,8,0,0,0,0,1,1,0,1,0,4,1,4,1,5,2,0,1,1,0,0,1,0,5,0,1,3,0,0,0,0,0,0,4,0,0,2,0,0,0,1,1,0,0,0,5,0,1,0,0,1,1
2,0,0,2,1,2,0,0,2,2,0,13,0,1,4,1,1,2,1,0,4,2,0,0,3,0,3,2,7,0,0,1,0,1,0,0,8,2,1,2,0,0,2,2,8,3,0,2,2,1,5,0,0,2,0,1,0,1,1,28,1,1,12,2,2,1,2,0,1,0,0,4,2,0,2,8,0,0,15,1,1,1,2,1,3,0,3,1,3,0,2,1,1,0,14,0,1,0,0,1,1,0,2,1,7,0,0,0,1,0,0,3,0,2,1,33,0,3,6,0,4,1,4,2,1,5,0,1,1,2,0,0,0,5,1,0,0,0,0,0,0,0,1,2,1,0,1,0,0,0,0,1,2,5,1,1,2,1,1,0,0,0,1,5,0,1,0,6,1,0,5,0,1,1,0,0,4,0,1,0,0,2,0,1,0,0,14,1,0,2,2,0,2,3,2,1,2,1,1,2,0,0,12,0,2,0,0,0,0,0,0,1,2,0,1,0,2,1,2,1,1,1,4,4,0,1,2,3,0,0,5,0,1,1,0,0,2,1,0,0,1,1,0,1,0,4,0,2,0,6,0,1,1,2,1,1
3,0,4,0,0,1,8,0,0,1,0,1,0,2,1,1,1,1,0,0,5,3,0,3,1,0,7,2,0,0,0,0,0,1,0,3,6,0,2,0,0,2,1,7,8,0,2,0,1,36,1,2,0,1,1,1,1,0,1,18,0,4,0,0,1,0,0,1,1,1,1,0,1,2,1,1,0,0,4,0,1,1,3,1,1,0,4,0,5,0,0,8,0,1,34,8,0,1,0,0,0,5,0,1,0,1,0,0,0,0,0,2,0,0,0,16,0,0,6,2,4,0,1,2,0,0,0,1,0,1,3,1,2,3,0,0,0,0,0,3,0,0,2,1,4,1,2,1,1,0,0,4,0,19,2,9,0,0,1,0,0,0,0,1,2,0,4,0,0,0,1,0,0,1,0,0,1,1,0,0,2,1,0,1,0,1,16,1,0,0,1,0,1,2,3,0,5,2,4,3,0,3,16,2,2,2,0,0,0,0,4,0,1,0,1,3,1,1,0,0,0,0,0,0,3,0,0,7,2,0,2,2,0,0,6,0,0,3,1,0,0,2,0,1,0,9,1,0,0,10,0,0,1,1,3,1
1,4,2,1,0,2,2,3,1,1,0,0,5,2,4,2,13,0,0,11,2,3,0,1,0,0,4,0,0,3,1,1,1,9,1,0,0,0,4,2,0,0,1,2,2,0,0,4,1,5,0,1,0,1,2,0,1,0,12,2,1,1,28,0,0,0,0,7,0,1,1,0,1,0,0,1,0,0,2,0,0,0,1,1,2,0,1,0,3,10,6,2,11,1,2,0,0,3,0,3,0,0,1,0,2,3,0,0,0,1,0,0,0,0,2,1,0,3,2,1,1,0,16,5,0,0,0,6,0,7,2,0,4,2,0,30,5,0,0,1,3,1,0,0,3,2,3,1,0,0,0,1,0,26,5,0,0,0,0,12,1,1,0,1,1,7,1,1,0,1,3,0,0,0,0,2,1,0,1,0,1,1,0,0,0,0,1,0,0,0,1,0,0,0,0,0,0,0,0,0,1,0,1,0,0,0,1,0,0,1,2,0,0,0,6,2,0,0,1,0,0,0,0,0,0,0,1,0,1,0,7,3,0,0,2,1,0,4,0,0,0,0,1,5,0,0,3,1,2,0,0,0,1,2,3,2
2,0,0,1,1,0,1,0,1,0,0,0,0,4,5,0,7,0,0,16,0,0,0,0,0,0,7,0,0,1,0,0,0,0,0,5,2,1,0,0,0,0,0,2,0,10,0,8,3,4,4,1,0,2,0,0,0,0,13,0,0,1,2,1,2,0,0,1,0,2,4,0,1,0,1,2,0,2,0,0,2,3,0,0,0,0,0,0,1,0,0,0,8,2,0,2,0,2,0,0,0,0,3,0,6,4,0,2,1,2,2,0,0,0,2,0,0,4,4,1,1,0,8,4,0,0,0,3,0,3,9,4,3,1,0,20,0,1,0,0,4,0,0,0,1,2,0,1,0,2,0,0,0,11,2,0,0,0,0,6,0,0,0,0,2,1,0,1,0,2,3,1,1,0,1,1,0,1,2,0,1,0,0,0,0,1,2,0,1,0,0,3,0,13,0,1,0,0,0,2,0,2,0,0,1,0,1,0,1,0,0,1,0,0,5,0,6,0,2,1,1,0,0,0,1,0,4,0,2,1,11,40,0,0,1,0,2,8,2,2,3,6,6,10,2,0,2,5,2,1,0,1,0,4,2,4
1,0,0,0,2,7,0,1,0,1,0,2,0,1,1,5,2,1,0,0,1,0,0,4,1,0,4,1,3,0,0,0,0,2,0,0,8,1,0,0,0,0,0,0,5,1,8,2,2,7,2,1,0,2,1,0,2,0,0,18,0,4,1,1,0,3,0,25,0,4,1,0,0,0,1,0,0,1,0,0,1,0,1,0,7,0,1,0,8,0,0,5,3,0,35,3,5,1,0,0,0,4,2,1,5,0,0,0,0,0,0,0,0,3,0,21,0,0,5,0,4,0,1,1,0,0,0,1,0,1,2,2,3,8,0,0,0,1,0,0,0,0,1,1,0,1,0,0,0,2,1,1,1,4,1,0,0,0,1,1,1,0,0,1,0,0,0,0,0,0,1,0,0,1,0,0,7,0,0,0,0,1,0,0,0,3,13,0,0,0,1,1,3,11,2,0,1,1,26,0,0,0,20,0,11,0,1,0,4,0,4,0,0,0,4,0,3,2,1,5,1,0,1,0,0,0,0,2,3,0,0,1,0,0,0,0,0,2,0,0,0,1,0,7,0,3,2,2,0,0,0,0,2,0,0,1
0,0,1,8,1,0,0,0,0,2,0,0,0,4,2,1,5,0,0,0,1,2,0,0,1,0,5,0,1,0,0,0,0,4,0,1,0,3,0,5,0,0,2,3,0,1,7,0,4,5,0,4,0,0,0,0,0,0,9,0,0,1,6,1,2,3,0,0,0,2,7,11,0,0,0,1,2,0,0,0,0,6,1,1,1,0,0,0,0,0,1,0,12,3,0,1,0,0,0,0,3,1,2,0,8,6,1,0,0,0,1,0,1,0,5,8,3,1,3,0,1,0,9,2,3,0,0,6,0,1,3,0,2,4,1,0,0,0,1,8,1,0,2,0,4,1,0,2,0,1,0,0,1,4,9,0,0,0,0,0,0,0,0,1,1,3,2,1,0,3,2,2,0,0,1,0,1,0,1,0,0,0,0,1,1,0,1,0,0,3,1,0,0,11,1,0,26,1,0,1,0,0,0,2,0,0,3,0,0,0,0,3,4,0,1,0,2,3,0,0,4,0,0,5,0,1,1,2,18,4,13,0,0,3,1,0,2,8,2,2,7,0,3,0,2,1,5,3,0,0,0,0,1,5,1,2
1,0,0,0,2,6,0,0,0,1,0,7,1,2,0,4,3,5,0,0,0,1,0,0,3,0,6,0,6,1,0,0,0,1,0,0,14,0,2,2,0,3,0,16,5,2,0,1,1,1,2,1,0,0,4,3,0,1,1,32,0,2,1,0,0,0,0,2,0,1,2,0,0,0,1,1,0,1,5,2,0,1,3,7,5,0,8,0,7,0,0,5,0,2,23,0,0,1,2,5,1,4,0,4,1,0,2,0,0,0,1,1,1,1,0,30,5,4,3,0,1,3,1,0,1,0,0,1,0,1,1,1,2,2,0,0,0,1,0,0,0,0,0,0,3,1,1,0,0,0,4,4,1,1,0,5,2,1,2,0,0,0,3,6,1,0,8,0,0,0,3,1,0,1,0,0,6,0,0,0,1,5,0,1,1,5,12,8,0,0,1,0,1,0,3,0,1,2,3,0,1,0,9,0,1,1,0,0,0,4,0,1,0,0,0,1,0,0,4,0,0,4,0,1,0,1,0,3,0,0,0,0,0,0,0,0,0,3,0,0,0,0,0,0,0,1,0,0,0,4,0,0,1,0,0,1
1,0,0,0,1,10,0,0,0,2,1,4,0,2,3,3,2,1,0,0,1,0,0,0,5,0,6,0,6,0,0,0,0,2,0,1,6,0,1,0,0,1,1,8,4,1,9,0,5,29,0,1,0,0,1,2,1,0,1,23,0,0,1,0,0,0,1,0,0,0,0,1,0,1,0,0,0,0,1,0,0,0,3,0,2,0,4,1,4,0,0,2,0,13,23,1,3,0,0,0,0,3,0,1,2,4,0,0,0,0,0,0,0,0,3,23,0,0,4,1,5,2,4,0,0,1,0,1,0,0,1,0,1,7,0,0,0,0,0,0,0,0,1,3,3,0,0,0,1,0,1,1,3,4,0,0,0,1,1,1,0,1,0,3,0,0,0,0,0,0,0,0,0,1,0,0,2,0,0,0,0,2,0,0,1,0,8,0,0,0,2,1,4,3,0,0,1,4,24,0,0,0,12,2,2,0,4,0,13,0,3,0,0,0,4,2,0,1,2,1,1,0,2,0,1,0,1,0,0,0,1,1,0,0,2,0,0,0,0,0,1,1,0,1,0,6,2,0,2,0,0,2,2,1,5,0
2,0,0,0,2,0,0,2,1,3,0,0,0,2,0,0,7,0,0,3,1,0,0,0,0,1,2,0,0,0,0,1,0,1,0,0,6,0,0,1,0,0,1,2,0,8,2,0,4,7,1,1,0,0,1,3,0,0,6,2,1,1,2,0,6,0,0,7,0,1,0,3,7,0,0,1,0,1,0,1,1,3,2,0,6,0,0,1,0,0,3,0,14,1,4,0,0,2,2,2,0,0,0,0,6,6,0,0,0,0,7,0,2,0,3,3,0,3,5,0,4,3,2,6,1,0,0,3,0,4,7,3,3,1,1,23,0,0,1,3,1,1,5,0,4,2,2,2,0,0,0,0,0,10,3,0,1,0,0,1,0,1,2,2,2,2,0,3,0,3,3,2,2,0,0,0,1,0,3,0,2,2,1,0,0,0,3,0,0,0,2,0,0,3,1,0,1,1,0,6,0,0,0,0,0,0,0,0,1,0,0,4,0,2,2,1,2,0,0,0,0,0,1,4,0,6,0,0,6,1,13,1,1,0,5,1,4,9,0,2,0,0,8,4,0,0,2,4,1,8,0,6,4,1,2,1
1,0,0,0,1,2,2,2,0,1,12,12,0,4,2,3,6,3,0,1,0,0,0,0,4,0,3,0,6,2,1,1,0,5,2,0,5,4,4,0,0,0,0,8,16,2,0,0,1,1,2,1,0,3,0,1,0,0,3,34,0,0,2,0,0,0,1,0,0,1,3,0,0,0,3,1,0,0,9,0,1,0,1,0,3,0,1,2,1,0,4,0,2,1,8,0,0,0,0,0,0,0,4,4,13,3,0,1,0,0,1,2,0,0,1,31,0,0,5,2,7,0,8,1,5,3,0,0,2,3,2,0,3,6,0,1,3,0,0,1,3,2,0,1,3,1,2,1,0,0,4,1,0,3,2,0,1,0,1,1,0,0,0,4,1,0,2,0,0,0,4,3,0,2,0,0,7,0,2,0,1,2,0,2,0,5,22,0,0,5,2,0,4,2,1,1,0,3,2,4,0,0,9,0,8,1,0,0,0,0,1,1,0,0,1,1,2,2,1,0,0,0,2,3,2,0,0,5,3,0,0,0,0,0,0,0,1,3,0,0,2,0,0,0,0,1,0,1,0,2,0,0,1,2,0,1
10,0,0,0,1,0,1,2,0,1,4,1,1,1,6,1,0,3,2,0,4,0,0,3,2,0,3,2,1,0,0,0,0,1,1,1,0,0,1,0,0,2,1,5,12,0,6,0,1,4,1,2,0,0,0,0,0,0,2,35,0,3,4,0,0,0,0,0,0,8,1,0,0,0,0,8,0,1,4,3,1,8,3,0,1,0,3,2,4,0,3,2,8,1,34,3,0,2,0,0,0,0,0,2,2,1,0,0,0,0,1,1,6,0,1,20,0,0,4,1,2,0,1,0,0,0,0,2,0,1,1,2,2,4,0,0,1,1,0,0,0,0,0,0,1,1,0,0,0,0,0,1,0,4,0,1,0,0,5,0,0,0,2,1,1,0,0,0,0,0,3,0,0,1,0,0,2,0,0,1,0,3,1,0,0,1,15,0,0,3,1,0,1,1,5,0,2,0,15,3,0,0,16,2,3,0,2,0,1,1,0,0,2,0,2,0,2,0,0,3,0,0,0,0,5,0,3,2,1,0,2,1,0,0,2,0,0,3,3,0,0,1,0,1,0,14,0,0,2,8,0,0,1,3,0,0
2,0,0,0,3,0,0,1,0,5,0,0,0,2,0,0,4,1,0,0,0,0,2,0,0,1,1,0,0,1,0,0,0,1,1,0,0,0,1,1,0,1,2,1,1,3,2,3,2,3,0,2,0,2,0,0,1,1,15,27,1,0,13,0,5,0,0,7,1,3,6,6,4,0,0,2,0,0,2,1,0,6,0,8,0,2,1,1,0,0,0,2,23,2,2,0,1,0,0,0,0,0,0,2,4,6,0,0,1,0,0,0,3,0,0,9,0,1,5,0,4,0,10,1,0,0,1,2,1,2,5,1,3,1,3,0,0,1,0,1,1,0,0,0,0,4,0,2,0,0,10,0,0,8,9,0,1,0,15,9,0,1,0,0,2,4,0,1,0,1,2,1,0,0,0,0,1,0,1,0,1,2,0,0,0,0,2,0,0,0,0,1,0,2,0,0,0,1,0,0,0,0,2,1,0,4,1,0,0,0,0,2,1,1,2,2,7,1,2,0,1,3,1,1,0,1,3,2,3,0,6,12,0,0,3,1,0,7,0,1,1,10,2,1,0,1,1,1,4,1,1,0,0,1,1,3
1,0,3,0,2,17,0,1,0,1,0,7,0,2,5,1,2,1,0,0,0,0,0,0,5,0,1,0,3,0,1,1,0,2,4,1,5,1,1,0,3,2,0,3,3,3,2,0,3,0,0,1,1,2,0,0,1,0,2,18,0,1,13,0,0,0,0,0,0,2,6,4,0,0,0,0,5,0,0,0,2,3,1,0,2,1,2,0,0,0,0,0,2,0,6,0,0,0,0,1,0,0,4,2,7,15,0,1,2,1,0,1,0,0,1,39,0,1,2,0,3,2,5,2,0,1,1,1,0,2,2,0,0,6,0,0,0,0,2,4,0,1,0,1,1,3,1,1,0,0,1,3,0,2,13,0,1,0,1,0,0,0,0,4,0,4,7,5,1,0,2,2,2,0,0,2,6,0,0,0,0,2,0,1,2,0,9,0,0,2,2,1,1,1,2,1,1,4,3,2,0,0,6,3,1,0,1,0,0,0,0,2,1,0,3,1,1,0,1,0,0,0,1,2,1,0,3,0,7,0,3,9,0,2,2,0,0,2,0,1,0,1,0,4,0,1,3,4,0,2,0,1,3,3,3,2
2,0,0,5,2,1,1,0,2,2,0,2,9,2,0,1,5,0,1,0,0,0,1,0,0,8,3,0,1,0,0,0,0,3,0,0,3,1,1,0,0,0,0,3,3,4,0,5,3,3,0,1,0,0,1,0,0,1,11,2,1,0,0,1,1,0,1,3,0,1,3,0,6,0,2,2,0,0,0,0,1,1,2,0,2,0,1,0,0,3,0,0,5,1,1,1,0,0,0,6,0,0,0,1,4,3,0,1,3,0,0,1,0,0,3,4,2,3,3,0,3,2,2,1,0,0,0,9,2,1,7,5,1,3,3,19,2,0,2,2,5,0,13,1,3,2,2,1,0,1,0,0,0,4,4,0,0,0,0,2,0,0,1,1,1,9,0,3,0,1,3,0,0,0,0,0,1,0,2,0,2,2,0,0,1,2,3,0,0,0,1,6,0,0,0,0,0,2,0,0,0,0,0,2,0,0,0,0,0,0,10,10,1,0,4,2,4,0,1,0,1,0,4,0,0,1,3,2,12,0,16,1,0,0,0,1,1,5,1,0,0,3,0,3,0,0,7,1,1,3,1,0,0,1,4,1
2,0,0,1,1,2,0,0,1,1,0,1,0,3,1,2,0,1,0,1,8,0,0,0,4,0,3,3,1,0,0,0,3,0,0,0,1,0,1,5,0,0,1,3,5,2,0,0,2,1,0,0,0,1,0,0,0,2,0,3,0,0,0,0,1,0,0,0,0,1,1,0,0,1,0,11,0,0,0,8,0,0,3,0,3,0,1,4,12,0,8,34,2,1,26,1,0,0,0,0,0,4,0,1,2,0,0,0,0,0,2,1,1,0,2,17,0,0,4,0,4,0,1,1,0,1,0,1,0,1,2,1,1,4,0,0,0,0,1,0,0,1,0,0,1,1,0,1,0,0,0,0,0,6,1,0,0,0,2,0,1,0,0,9,1,0,1,0,0,0,1,1,0,1,0,0,3,0,0,0,0,2,0,0,4,4,13,2,0,2,1,1,1,0,5,0,1,2,19,7,0,0,17,0,2,0,3,0,1,1,13,0,1,0,0,3,2,0,4,4,0,1,0,0,0,1,0,10,0,0,0,0,1,0,2,0,0,2,0,0,0,2,0,1,0,4,0,0,1,7,1,0,3,1,1,4
1,0,1,5,3,1,0,2,0,1,0,2,0,2,12,4,27,0,2,2,0,0,1,0,0,4,3,0,0,0,0,0,1,0,0,8,1,0,0,6,0,0,0,2,1,5,3,4,3,2,1,0,0,1,3,0,0,0,24,0,1,0,3,0,0,0,0,1,0,1,0,3,10,0,2,3,0,0,0,0,0,3,7,0,2,0,0,0,1,0,0,3,5,1,1,1,0,3,0,0,0,0,4,0,4,4,0,0,1,0,0,1,1,1,3,2,0,1,7,0,2,2,10,2,0,0,0,7,1,2,6,0,6,3,3,32,0,0,0,0,5,0,1,0,5,2,3,0,0,0,0,0,0,8,24,0,0,0,0,4,0,0,1,1,1,8,4,5,1,5,3,0,2,1,0,0,1,1,2,1,1,0,0,0,0,2,2,0,0,2,1,0,0,0,0,1,1,1,0,1,0,0,2,0,1,0,0,0,1,0,6,0,1,0,0,2,0,2,0,0,0,2,5,4,0,1,0,0,0,0,2,1,0,2,1,0,0,3,0,0,0,0,0,0,0,0,0,1,2,0,1,0,0,1,2,2
7,0,2,0,1,1,0,0,0,2,0,2,3,1,0,2,1,1,0,0,9,0,1,0,0,0,3,7,3,0,0,0,1,2,0,0,4,1,2,2,0,1,0,2,7,1,4,3,2,15,0,1,0,0,0,0,0,0,1,10,0,0,1,0,0,0,0,0,2,3,0,0,0,1,1,0,2,1,0,1,2,1,3,1,2,1,4,0,17,0,1,31,1,0,35,0,0,0,0,0,0,1,0,1,0,0,0,0,0,0,0,5,0,0,0,19,0,0,4,0,5,0,0,0,0,1,0,1,0,0,1,0,0,6,0,0,0,0,0,1,0,0,0,1,1,0,0,0,0,0,1,1,3,0,2,2,0,1,1,1,3,1,1,3,1,1,0,0,1,3,2,0,0,2,0,0,5,0,1,0,0,4,0,0,1,0,22,2,0,1,4,0,2,1,0,0,3,3,12,0,0,1,17,0,4,1,0,1,1,7,4,0,1,0,3,0,1,2,1,6,0,1,0,0,2,0,0,2,0,2,0,0,0,0,4,0,0,0,0,0,8,2,0,5,0,2,0,0,0,3,0,0,2,2,1,0
3,1,0,1,2,0,0,2,0,4,0,0,0,2,5,0,22,0,0,0,0,0,0,0,0,1,2,0,1,1,0,1,1,0,0,5,0,0,0,1,0,0,0,1,0,3,3,0,1,3,0,2,0,1,1,0,0,0,4,0,0,2,6,4,1,0,0,1,0,1,5,1,11,0,0,2,0,1,2,0,0,1,3,0,3,0,0,0,0,0,1,0,1,1,0,0,0,0,0,3,0,2,0,0,2,4,0,7,1,0,0,0,0,0,1,0,0,2,1,1,0,0,1,0,0,0,0,2,1,1,3,2,2,4,0,2,18,5,4,1,11,0,8,0,5,1,10,0,0,0,0,0,0,10,25,0,8,1,2,8,2,2,1,2,1,4,1,1,1,1,1,0,0,0,1,0,2,0,1,0,0,2,0,0,0,2,1,0,1,3,1,0,2,0,0,0,0,0,0,2,0,0,0,0,0,3,0,0,3,0,3,1,0,2,4,6,0,0,1,1,3,1,0,1,1,2,2,0,5,0,6,3,7,3,2,0,3,5,0,1,2,1,0,11,1,1,4,2,3,0,2,0,0,0,1,4
27,0,0,3,0,0,0,1,0,1,5,0,1,1,1,4,7,4,0,2,2,0,0,1,0,1,3,0,0,0,0,2,1,0,0,3,0,0,0,0,11,1,0,1,1,2,0,1,2,0,1,3,1,3,0,0,1,0,25,12,0,0,2,1,0,0,0,0,1,1,1,0,0,0,0,1,0,0,1,0,0,1,1,0,1,0,2,0,0,0,0,0,0,1,0,2,0,3,0,1,0,0,1,1,2,3,1,1,0,1,0,0,0,0,2,3,0,2,4,0,0,0,2,0,1,0,0,1,0,2,1,2,3,1,0,0,1,1,0,2,0,2,1,0,4,1,1,1,0,0,1,0,2,0,1,4,0,3,1,2,0,1,0,2,1,1,0,1,2,5,1,0,3,0,1,0,1,0,1,0,0,1,0,2,0,1,1,1,0,4,1,5,4,1,2,0,2,0,2,0,0,3,1,1,2,1,0,0,0,0,0,0,8,0,11,0,3,2,1,0,0,0,0,2,2,0,0,3,7,2,11,2,1,0,3,1,0,5,0,0,7,8,0,0,8,0,0,1,3,3,3,0,5,3,1,6
5,4,0,0,1,0,0,4,0,1,1,0,0,3,3,1,2,0,0,0,2,0,0,1,1,1,2,1,0,0,0,0,1,1,1,31,1,3,3,1,0,0,0,4,4,3,1,1,8,6,0,1,0,2,1,2,0,0,41,7,0,0,2,0,0,0,1,6,1,1,1,0,2,0,0,1,0,1,1,2,0,2,1,8,1,0,0,0,2,2,0,0,13,1,1,0,1,0,0,0,1,2,1,0,6,3,1,18,4,0,0,2,1,0,4,0,1,1,6,1,0,0,5,2,0,0,1,3,0,1,2,1,3,1,0,4,1,2,0,1,1,0,1,0,4,1,2,1,0,1,0,0,0,4,19,9,0,4,3,2,0,0,0,1,3,1,0,2,0,6,2,0,3,1,0,1,1,1,1,6,1,1,0,1,1,2,1,0,4,0,2,1,2,5,0,0,0,1,1,0,1,0,0,0,1,0,0,0,1,0,0,0,0,0,2,0,3,0,3,0,1,0,4,0,0,0,1,1,2,0,12,1,1,0,0,1,2,3,0,0,0,1,1,1,0,1,0,0,3,0,0,0,0,1,1,1
0,12,0,0,0,0,0,4,0,2,0,0,0,3,0,2,5,0,0,0,0,0,3,0,0,0,1,0,0,2,0,0,0,0,0,5,4,0,1,0,0,3,0,0,1,24,0,4,0,2,2,1,0,1,0,0,0,0,36,1,0,0,36,0,0,1,0,1,1,2,3,1,2,0,0,3,0,0,10,3,0,2,0,0,0,0,0,6,0,2,0,2,5,2,0,1,0,0,0,5,1,0,5,0,5,3,0,2,3,0,0,0,0,0,2,0,0,1,1,0,0,0,2,1,0,0,0,2,0,3,11,4,2,0,1,1,1,2,1,1,1,0,0,0,0,2,0,1,0,0,0,1,0,10,0,0,0,3,0,3,0,1,0,0,2,5,1,2,0,3,3,1,0,0,0,1,0,2,1,0,0,0,0,0,0,0,2,0,0,1,0,0,1,4,0,0,0,4,0,0,0,0,0,3,0,0,1,0,1,2,5,0,1,0,9,1,2,0,0,0,1,0,0,0,0,0,0,0,2,2,8,23,0,0,3,2,0,7,0,0,0,3,5,10,0,2,6,1,1,0,0,0,0,1,1,4
4,0,0,0,1,1,0,2,0,0,4,4,0,1,1,1,1,1,0,1,0,0,6,0,1,0,4,7,3,0,0,2,2,2,1,0,4,2,1,0,0,3,0,5,14,5,6,6,3,2,6,0,2,1,0,0,1,0,8,29,0,0,4,0,0,0,3,2,2,1,2,3,6,0,1,1,0,2,0,2,0,1,2,2,1,0,6,0,5,1,3,0,4,1,15,0,0,3,0,0,0,0,0,2,0,0,0,0,0,0,0,2,0,0,1,11,0,2,7,0,4,0,1,0,0,1,0,2,1,1,5,0,1,3,1,1,0,1,0,0,0,0,0,0,0,1,0,4,0,5,0,1,0,1,3,3,1,0,1,3,0,0,0,1,1,1,5,0,0,0,2,0,2,0,0,0,3,0,1,0,1,1,0,0,0,1,10,3,0,0,1,0,2,4,0,0,1,2,5,1,0,0,11,2,0,0,1,1,3,0,0,1,0,0,2,4,2,0,0,7,2,1,1,2,4,0,0,5,0,0,2,8,0,0,3,0,2,1,1,0,0,4,0,2,0,4,0,1,1,0,1,0,1,3,0,2
0,0,0,0,4,0,0,1,0,1,0,0,0,4,2,0,2,0,0,0,0,0,1,0,0,0,3,0,1,0,0,0,1,0,0,12,5,3,0,1,0,0,1,3,0,24,0,2,4,0,0,1,0,0,1,0,0,0,28,1,1,1,3,0,2,0,0,3,1,2,3,5,0,0,0,2,0,1,1,0,0,4,0,0,1,0,0,0,0,0,0,6,16,2,0,0,0,0,0,0,1,0,3,0,10,5,0,6,1,0,3,3,0,0,3,0,0,1,5,0,0,0,6,2,1,0,0,1,0,2,6,0,3,1,0,0,0,0,0,0,3,0,5,0,1,2,0,0,0,0,0,1,0,15,5,0,0,0,0,13,0,1,0,0,2,3,0,1,0,5,3,0,1,0,0,3,0,0,1,1,0,0,0,0,0,0,2,0,0,0,0,1,0,0,0,0,0,2,0,1,0,0,0,3,2,0,0,0,0,0,1,0,0,0,0,0,3,0,2,0,0,0,0,0,0,0,7,0,5,2,8,25,0,0,2,0,1,6,1,0,2,1,4,14,0,0,2,1,1,0,0,0,0,1,1,2
0,25,0,4,1,0,2,2,0,4,0,0,0,3,0,4,4,0,0,10,0,0,1,0,0,3,5,0,0,1,0,0,1,0,0,3,0,1,0,7,0,2,1,2,1,15,1,1,1,0,1,0,0,0,0,0,0,0,4,0,0,0,0,0,0,0,0,8,0,1,3,1,1,0,0,1,2,0,2,0,0,2,0,0,0,3,0,3,0,0,0,2,9,1,0,2,0,4,0,1,0,0,0,0,4,3,0,0,8,0,0,0,1,1,1,0,0,1,2,1,0,0,8,2,0,0,0,14,0,1,3,0,1,4,2,7,1,0,0,3,5,0,18,0,8,7,0,0,0,0,0,1,0,9,3,0,0,0,0,3,0,0,0,0,3,7,0,1,1,2,2,0,1,0,0,0,0,1,1,0,0,0,0,0,0,0,2,0,1,0,0,4,1,8,0,0,0,0,0,0,0,0,0,0,0,0,0,0,0,1,7,0,0,0,0,2,0,1,0,0,1,0,1,2,0,0,0,0,2,6,12,18,1,3,2,0,2,6,0,0,5,0,3,6,0,3,2,1,2,0,1,0,0,2,1,2
0,0,0,0,3,0,3,2,0,0,0,2,0,3,8,0,8,0,1,0,0,2,0,0,0,0,4,1,0,2,1,0,1,3,0,0,0,2,0,0,0,0,0,2,0,10,1,1,1,7,0,2,0,2,1,0,0,0,24,0,0,0,2,2,0,1,0,2,1,2,2,1,1,0,0,1,0,0,0,1,1,3,0,2,0,0,1,0,0,0,0,0,5,1,2,1,0,4,0,3,3,0,4,0,5,5,1,0,6,1,1,3,0,0,1,1,1,1,6,0,2,1,6,0,1,0,0,3,0,2,4,0,3,1,2,0,2,1,2,0,5,1,1,0,1,2,7,1,0,0,0,0,0,1,1,0,0,0,0,2,0,0,0,0,1,1,0,1,1,1,4,0,1,0,0,0,0,0,1,0,1,0,0,0,0,0,1,0,0,0,1,0,0,22,0,0,0,1,1,0,0,0,0,2,0,2,1,0,8,0,2,7,3,0,8,3,1,1,0,1,0,0,7,1,0,0,1,0,4,0,10,36,0,0,1,0,0,7,0,0,1,3,2,12,0,2,2,1,1,0,1,0,0,3,2,7
0,1,0,2,0,0,1,1,3,0,0,0,2,2,0,0,1,0,0,0,0,0,4,0,7,1,2,0,1,0,0,0,0,0,0,5,1,1,1,1,0,0,1,2,0,15,0,0,1,1,0,1,0,0,0,0,1,0,10,3,1,0,8,1,1,0,0,1,0,2,3,7,2,0,3,1,0,0,1,1,0,2,2,0,0,0,0,2,0,0,0,0,3,1,1,4,0,4,0,7,0,1,2,2,4,7,0,7,1,1,0,1,1,0,4,1,0,1,5,2,0,0,2,8,0,6,0,2,1,3,6,2,2,5,0,0,0,1,0,0,1,0,2,0,0,7,0,0,0,0,0,2,1,8,14,0,4,2,1,0,0,1,1,2,2,3,0,1,0,1,2,2,4,0,0,3,0,1,1,0,1,0,1,0,0,2,2,2,1,1,0,3,0,8,1,2,5,2,0,1,0,11,0,2,1,0,0,0,0,0,2,0,0,0,0,0,1,0,0,4,0,0,9,1,0,0,4,0,0,1,5,6,1,0,4,0,2,5,1,3,2,1,2,3,0,2,1,1,2,0,5,0,0,0,1,3
1,0,0,2,1,5,0,0,0,2,0,2,0,0,2,3,0,2,1,0,4,0,0,0,6,1,0,2,2,0,0,0,0,2,1,1,1,3,2,0,0,0,1,0,6,1,18,2,3,10,0,3,0,1,2,1,0,1,3,24,0,0,0,15,1,0,0,1,1,1,0,1,0,0,0,0,2,0,0,4,0,0,3,0,2,0,3,1,0,0,0,19,1,0,26,4,0,1,0,2,0,0,0,2,0,0,0,0,0,0,0,1,0,0,0,7,1,1,3,0,0,2,0,0,1,0,0,1,0,1,0,0,4,7,1,0,0,0,0,0,0,1,2,0,2,0,3,0,0,1,1,1,0,1,2,0,1,0,1,1,0,0,2,4,1,0,0,0,0,0,2,0,0,0,0,0,3,0,0,1,2,3,0,1,0,0,15,2,0,0,4,0,1,1,3,0,4,1,14,1,1,0,8,0,0,2,0,0,1,0,0,0,1,0,1,0,0,0,0,2,1,1,0,1,0,1,2,0,0,0,0,13,0,1,1,1,1,0,0,0,0,3,0,0,1,4,1,0,0,3,1,1,4,0,2,1
3,0,1,0,1,5,0,0,0,1,0,7,0,1,3,1,6,2,0,2,1,0,0,0,3,0,4,1,6,0,0,0,0,0,0,0,8,2,0,2,0,2,1,1,4,1,4,1,1,2,1,1,0,0,0,0,0,1,0,2,0,1,0,0,0,0,1,1,0,2,2,0,0,0,3,1,0,0,0,2,0,0,6,1,3,0,0,2,4,0,0,29,0,1,19,0,0,0,0,0,0,2,0,1,0,3,1,0,0,0,1,10,1,0,0,22,0,0,5,1,5,3,5,0,1,1,0,1,0,2,1,0,1,3,0,0,0,0,0,1,0,0,0,2,0,3,0,1,0,1,1,0,3,2,0,0,0,0,1,0,0,0,0,3,2,0,0,0,0,1,3,0,0,1,0,0,5,0,1,0,7,2,0,0,0,0,10,0,0,1,1,0,3,1,1,0,10,3,27,1,0,0,14,0,2,0,3,0,2,0,2,1,0,0,3,0,2,0,4,1,0,0,1,0,4,0,0,2,1,0,0,2,0,0,1,0,0,3,2,0,0,2,0,0,0,1,0,0,2,7,0,0,0,0,0,2
2,0,0,6,2,0,0,3,0,2,0,1,0,5,6,2,4,2,1,0,2,0,0,0,0,0,1,0,0,2,0,1,0,3,0,8,0,1,0,2,1,0,0,1,0,2,0,0,2,23,0,1,0,3,0,0,0,0,20,15,0,0,1,0,0,0,1,3,0,1,4,0,1,0,0,1,1,1,0,2,0,0,1,0,1,11,0,0,2,2,0,7,2,1,0,0,0,0,0,1,0,0,0,2,2,0,0,0,14,1,0,0,0,0,1,17,0,0,1,0,0,0,6,0,0,1,0,4,0,3,4,0,1,3,1,8,0,0,0,1,1,2,4,1,1,2,0,0,0,0,0,1,0,3,1,0,0,0,0,2,0,0,0,1,1,8,0,6,2,1,2,0,1,0,0,1,2,0,1,0,1,2,0,0,0,0,1,10,0,0,1,1,0,1,0,0,2,1,5,0,0,0,6,1,0,0,0,0,0,0,8,7,0,0,7,0,1,5,0,1,0,0,0,2,0,3,4,1,7,0,9,1,0,3,1,0,0,8,0,0,4,2,1,7,0,1,2,1,1,2,0,0,2,0,2,1
1,0,2,0,1,7,0,0,0,1,0,4,0,1,2,4,1,1,0,1,0,1,0,0,4,0,3,2,2,0,0,0,0,0,0,0,4,4,1,0,0,0,2,4,4,1,1,0,2,5,1,1,0,0,2,1,0,0,2,8,0,0,0,1,0,0,0,0,0,1,1,0,2,0,0,1,0,0,2,0,0,1,3,0,1,1,0,0,3,0,0,14,0,1,20,0,1,0,0,0,0,4,2,2,0,2,0,0,2,0,1,26,0,1,1,29,0,0,2,0,4,5,1,0,0,1,0,1,0,2,2,1,1,4,0,0,1,0,2,0,0,0,0,0,1,0,0,0,3,0,0,0,3,0,0,0,0,0,2,0,0,0,0,2,1,0,0,0,0,0,0,0,1,1,0,0,4,0,1,0,0,2,1,0,0,1,12,0,0,0,1,0,2,1,2,0,4,2,23,3,0,1,11,0,2,0,1,2,7,0,0,1,0,0,3,0,2,0,3,0,0,0,1,0,3,2,0,3,0,0,0,2,1,1,0,0,0,2,2,0,0,0,0,8,0,2,1,0,0,6,0,0,2,2,0,1
2,0,0,1,0,0,0,0,0,0,0,1,0,4,2,1,8,0,0,0,0,0,1,0,0,1,2,0,0,0,0,2,0,0,1,0,6,0,0,0,0,0,1,2,1,13,2,4,2,5,1,0,0,1,0,1,0,0,7,0,1,0,2,0,2,3,0,0,0,2,2,1,6,0,0,4,0,1,2,1,1,1,0,0,0,0,2,0,0,3,5,0,10,3,0,2,0,3,0,5,0,1,1,0,7,2,0,1,0,0,0,1,1,0,5,4,0,4,3,0,0,0,2,3,0,0,0,3,0,6,7,2,3,6,1,11,1,0,1,1,2,0,11,0,5,8,1,2,0,0,0,0,1,11,16,0,13,0,0,0,1,2,1,0,2,2,0,2,0,2,2,0,1,0,1,0,0,1,3,0,3,2,0,0,0,4,3,0,0,1,0,0,0,0,1,0,0,1,0,1,0,0,0,1,0,0,1,0,1,0,0,0,0,0,2,0,1,1,0,0,1,0,0,3,0,0,0,1,0,0,14,9,0,0,1,1,2,12,1,1,5,0,1,1,0,0,0,4,5,5,0,0,1,1,3,4
1,0,0,2,0,0,0,0,0,1,0,1,0,2,3,2,1,0,0,0,3,0,0,0,3,1,3,0,0,0,1,1,0,3,0,3,0,3,0,5,0,1,2,2,3,8,2,1,3,3,3,1,0,2,0,1,0,0,37,0,0,1,2,0,0,0,1,1,2,1,1,1,2,0,0,1,0,0,1,0,0,5,2,0,1,0,0,0,0,0,0,0,4,1,0,1,0,2,0,0,0,0,1,0,4,3,0,0,0,1,0,0,1,0,3,0,0,2,3,0,3,0,7,8,0,2,0,4,0,1,3,2,2,2,1,26,0,10,0,0,29,0,9,0,5,7,3,0,0,0,0,0,0,15,8,0,0,1,0,1,1,2,0,1,1,3,0,1,0,2,2,0,1,0,0,0,1,1,1,1,0,1,0,0,0,0,1,0,0,0,1,0,0,1,0,0,0,1,1,1,0,1,3,0,0,0,0,0,0,0,4,0,3,0,0,0,4,1,0,0,0,0,0,4,1,0,0,1,5,3,17,5,0,1,3,0,1,5,0,0,6,0,1,0,0,1,3,1,3,2,0,0,0,3,1,3
1,0,0,1,2,0,0,0,0,4,0,0,0,1,0,0,2,0,0,0,0,0,0,0,0,1,2,0,1,0,0,0,2,1,0,2,0,1,2,0,0,5,0,2,19,19,2,2,3,0,1,3,0,0,3,0,1,0,20,0,1,0,2,0,1,1,0,2,1,1,3,0,2,0,1,2,1,0,0,0,0,2,2,0,1,0,0,0,1,0,0,0,11,1,0,0,0,1,0,0,0,0,2,0,7,7,0,0,0,0,0,0,0,0,4,0,0,1,5,0,0,0,2,1,0,1,0,1,0,1,1,1,1,5,0,0,0,4,0,0,21,0,12,0,1,1,3,1,0,0,3,2,0,11,5,0,0,0,4,13,1,0,0,1,1,0,0,2,0,5,4,0,0,0,0,1,1,1,2,0,1,1,0,0,0,0,1,0,0,0,1,0,0,0,0,0,0,0,0,1,0,7,0,0,1,0,0,0,0,0,0,0,1,0,1,0,4,0,2,3,2,0,1,1,1,0,2,0,4,2,13,31,0,0,1,1,0,3,1,1,5,1,0,1,0,0,0,1,0,0,0,0,4,0,1,3
1,0,3,0,5,4,0,0,5,1,22,5,0,1,7,2,4,2,0,1,11,20,0,0,11,0,4,4,4,0,0,0,0,3,0,0,2,0,0,0,0,0,1,0,8,0,0,0,1,3,0,0,0,0,0,0,0,1,0,13,0,1,1,2,0,0,0,0,0,1,1,0,0,0,0,12,2,1,3,0,0,3,1,1,1,0,4,0,0,0,0,2,0,1,14,0,0,0,0,0,0,0,0,3,6,1,1,0,0,0,1,0,0,0,0,22,0,0,4,1,5,0,2,0,0,0,0,1,0,1,2,0,1,2,0,0,0,0,0,0,0,0,0,0,1,1,0,1,1,0,1,2,0,1,0,0,0,0,1,0,0,0,3,2,1,0,11,0,0,0,2,0,0,1,0,0,3,0,0,0,1,2,1,2,0,0,21,0,0,2,1,0,3,3,2,0,3,1,4,3,0,0,12,0,1,1,1,0,0,0,0,0,0,0,1,0,1,0,0,0,0,0,0,0,1,0,0,0,0,0,3,1,0,0,0,0,0,3,0,0,0,0,0,0,0,4,0,0,0,0,0,0,10,2,0,1
1,0,0,1,1,19,1,1,0,1,0,5,0,2,2,2,3,1,0,0,0,0,0,0,4,0,4,0,5,3,0,0,2,7,1,0,4,4,2,0,0,1,0,1,4,0,0,0,1,0,0,3,0,1,1,0,1,2,0,2,3,0,1,0,0,1,2,1,0,1,2,2,0,0,0,1,1,1,4,0,1,0,4,0,3,0,1,0,3,0,0,7,0,4,17,2,0,0,0,0,0,0,0,1,4,2,0,0,2,0,0,2,1,0,1,32,0,3,4,1,3,0,5,0,0,0,0,1,0,1,1,0,1,7,0,0,0,1,0,1,0,0,0,0,0,1,0,1,0,0,2,1,3,3,0,0,0,0,1,0,0,0,0,2,2,0,0,0,0,0,5,0,0,1,0,0,1,0,0,1,2,2,0,3,1,1,14,0,0,0,2,0,3,3,1,0,3,3,22,1,1,0,9,0,5,1,3,0,2,0,0,2,2,0,4,2,1,2,1,5,0,1,0,0,0,0,0,0,0,0,0,3,0,0,0,0,0,2,0,1,3,2,0,1,0,2,0,0,5,2,0,0,4,0,3,1
1,0,1,0,1,0,0,0,0,1,0,1,0,2,1,3,0,1,0,0,2,0,0,0,4,0,3,1,1,0,0,0,1,3,0,0,11,1,2,0,0,1,0,3,4,0,11,0,1,31,0,2,0,5,5,1,0,0,0,35,6,2,1,2,0,0,0,0,0,2,1,0,0,0,1,1,0,0,0,0,0,2,1,0,1,0,1,2,9,0,0,0,1,1,7,1,0,0,1,0,0,1,0,1,0,6,0,0,0,0,0,1,0,0,0,23,0,0,2,0,0,0,1,0,0,0,0,1,0,1,2,0,3,5,0,0,0,2,0,1,0,0,0,0,2,1,0,1,0,0,1,2,0,0,1,0,0,0,1,1,3,0,0,2,1,0,0,0,0,2,3,0,0,1,0,0,4,0,0,0,0,2,1,0,0,2,12,0,0,0,1,0,1,3,1,0,2,1,21,3,1,0,11,0,7,0,3,0,2,0,0,0,0,0,1,0,0,0,0,0,0,0,0,0,1,0,10,2,0,0,0,0,0,0,0,0,1,1,1,0,0,0,0,1,0,5,0,0,0,0,0,0,3,0,0,1
1,0,0,8,0,9,1,3,0,2,3,0,0,2,0,0,3,0,0,0,0,0,0,0,0,0,1,0,0,0,0,0,0,1,0,1,1,4,2,0,0,0,2,2,2,8,0,4,4,14,0,0,0,1,0,0,1,0,23,0,1,0,11,0,0,1,0,2,0,2,1,1,2,0,1,1,0,0,3,7,0,2,1,0,1,0,0,0,2,0,0,0,8,1,2,2,0,2,0,1,2,3,5,0,4,2,0,1,4,0,1,1,0,0,4,9,0,1,1,0,2,0,8,2,0,0,0,4,0,1,10,1,1,2,0,21,0,0,1,2,5,0,0,0,6,1,1,0,0,0,0,0,0,4,8,0,0,0,0,2,0,1,5,2,1,3,0,2,0,2,3,0,0,0,0,2,1,0,2,2,1,1,0,0,0,1,1,0,0,3,1,0,1,2,0,0,0,3,0,0,0,0,1,3,0,0,0,0,0,0,6,2,0,0,1,2,2,1,1,0,0,0,0,1,0,0,0,0,4,0,7,0,0,0,2,0,0,3,0,0,6,2,3,0,0,1,2,5,1,3,0,1,0,1,2,3
0,0,0,0,0,0,1,0,0,0,0,0,0,3,0,0,0,0,0,0,0,0,0,0,0,0,1,0,0,0,0,0,0,0,0,0,0,0,0,0,0,0,0,0,0,0,0,0,0,0,0,0,0,0,0,0,0,0,0,0,0,0,0,0,0,0,0,0,0,2,3,0,1,0,0,2,0,0,0,0,0,0,0,0,0,0,0,0,0,0,0,0,0,2,0,0,0,0,0,0,0,1,0,0,0,1,0,0,0,0,0,1,0,0,1,0,0,0,0,0,0,0,2,0,0,0,0,1,0,2,2,0,2,0,0,0,0,0,0,1,0,0,0,0,1,1,0,2,0,0,0,0,0,4,1,0,0,0,0,0,0,0,0,0,2,0,0,1,0,0,2,0,0,0,0,0,0,0,1,0,0,1,0,0,0,0,2,0,0,0,0,0,0,0,0,0,0,0,0,0,0,0,0,0,0,0,0,0,1,0,0,0,0,0,0,0,0,0,0,0,0,1,0,0,0,1,0,1,0,0,0,0,0,0,1,0,1,4,0,0,0,0,0,0,0,1,0,1,1,0,0,0,0,1,1,2
0,1,0,0,0,0,0,0,0,0,0,1,0,2,0,0,0,0,0,0,0,0,0,0,0,0,2,0,0,1,0,0,0,0,0,0,0,0,0,0,0,0,0,0,0,0,0,0,0,0,0,0,0,0,0,0,0,0,1,0,0,0,1,0,0,0,0,0,1,2,1,0,0,0,0,2,0,0,0,0,0,0,0,0,0,0,0,0,0,0,0,0,0,2,0,0,0,0,0,0,0,1,0,0,0,2,0,0,0,0,0,0,0,0,0,1,0,0,0,0,0,0,2,0,0,0,0,2,0,2,3,0,1,0,1,1,0,1,0,2,0,0,0,0,1,2,0,2,0,0,0,1,0,0,0,0,0,0,0,0,0,0,0,0,2,0,0,0,0,0,2,0,0,0,0,0,0,0,0,0,0,0,0,0,0,0,1,0,0,0,0,0,0,0,0,1,0,0,0,0,0,0,0,0,0,0,0,0,1,0,0,0,0,0,0,0,0,0,0,0,0,1,0,0,0,0,0,0,0,0,0,0,0,0,0,0,0,4,0,0,0,0,0,0,0,0,0,0,1,0,0,0,0,0,0,1
1,2,0,0,2,0,0,1,0,0,0,0,0,2,0,0,0,0,0,0,0,0,0,0,0,0,1,0,0,0,0,0,0,0,0,1,0,0,0,0,0,0,1,0,0,0,0,0,0,0,0,0,0,0,0,0,0,0,0,0,0,0,0,0,0,0,0,0,0,2,3,0,0,0,0,2,0,0,1,0,0,0,0,0,0,0,0,0,0,0,0,0,0,2,0,0,0,0,0,0,0,0,0,0,0,0,0,0,0,0,0,1,0,0,0,0,0,0,0,0,0,0,2,0,0,0,0,3,0,2,3,0,2,0,0,0,0,1,0,0,0,0,0,0,1,2,0,0,0,0,0,0,0,0,0,0,0,0,0,0,0,0,0,0,2,0,1,0,0,0,1,0,0,0,0,0,0,0,0,0,0,0,0,0,0,0,2,0,0,0,0,0,0,0,0,0,0,0,0,0,0,0,0,0,0,0,0,0,0,0,0,0,0,0,0,0,0,0,0,0,0,0,0,0,0,0,0,0,0,0,0,1,1,0,0,0,0,5,0,0,0,0,0,0,0,0,0,0,1,0,0,0,0,0,0,4
2,0,0,0,0,0,0,0,0,2,0,0,0,0,1,0,0,0,1,0,2,0,0,4,3,0,1,0,1,0,0,0,0,1,0,0,0,1,0,0,0,0,0,0,0,0,0,0,2,0,0,2,0,0,0,0,0,0,0,1,2,0,0,0,0,0,1,0,0,0,0,0,0,0,0,0,0,0,2,0,0,0,2,0,2,0,0,0,0,0,0,0,0,0,0,2,0,0,0,0,0,0,0,0,0,0,0,0,0,0,0,0,0,0,0,0,0,0,0,0,0,1,0,0,0,0,0,0,0,0,0,0,0,4,0,0,0,0,0,1,0,0,0,0,0,0,0,0,0,0,1,1,0,0,1,0,0,0,0,0,0,1,0,2,0,0,0,0,0,0,0,0,0,0,0,0,2,0,0,0,0,2,0,0,0,0,0,0,0,0,2,0,0,0,0,0,1,0,0,2,0,0,1,0,0,0,0,0,0,0,0,0,0,0,0,0,0,0,0,0,0,0,0,0,0,1,0,0,0,0,0,0,0,0,0,0,0,0,0,0,4,0,0,0,0,0,0,1,0,1,0,0,0,0,0,0
0,0,0,0,0,0,0,0,0,0,0,0,0,2,0,0,0,0,0,0,0,0,0,0,0,0,2,0,0,0,0,0,0,0,0,1,0,0,0,0,0,0,1,0,0,0,1,0,0,0,0,0,0,0,0,0,0,0,0,0,0,0,0,0,1,0,0,0,0,2,3,0,1,0,0,1,0,0,0,0,0,0,0,0,1,0,0,0,0,0,0,0,1,1,0,0,0,0,0,0,0,0,0,0,0,0,0,0,0,0,0,1,0,0,0,1,0,0,0,0,0,0,2,0,0,0,0,3,0,2,5,0,2,0,0,0,0,1,0,1,0,0,0,0,2,2,0,1,0,0,0,0,0,0,0,0,0,0,0,2,0,0,0,2,1,0,0,0,0,0,1,0,0,0,0,0,1,0,0,0,0,0,0,0,0,0,2,0,0,0,0,0,0,0,0,0,0,0,0,0,0,0,1,0,0,0,0,0,0,0,0,0,0,0,0,0,0,0,0,0,0,0,0,0,0,0,0,2,0,0,1,0,1,0,1,0,0,5,0,0,1,0,0,0,0,1,0,0,0,0,0,0,0,0,0,1
0,0,0,0,0,0,1,1,0,0,0,0,0,2,0,0,0,0,0,0,0,0,0,0,0,0,1,0,0,0,0,0,0,0,1,0,0,0,0,0,0,0,0,0,0,0,0,0,0,0,0,2,0,0,0,0,0,0,0,0,0,0,1,0,0,0,0,0,0,3,3,0,0,0,0,2,0,0,0,0,0,1,0,0,0,0,0,0,0,0,0,0,0,3,0,0,0,0,0,0,0,0,0,0,0,1,0,0,0,0,0,1,0,0,0,0,0,0,0,0,0,2,2,1,0,0,0,2,0,2,6,0,2,0,0,0,4,0,0,2,0,0,0,0,0,3,1,2,0,0,0,0,0,1,0,0,0,0,0,1,3,0,0,0,2,0,1,0,0,0,2,0,0,0,0,0,0,0,0,0,1,0,0,0,0,0,2,0,0,0,0,0,0,0,0,0,0,0,0,0,0,0,0,0,0,0,0,0,0,0,0,0,0,0,0,0,0,0,0,0,0,0,0,0,0,0,1,0,0,0,0,0,0,0,0,0,0,5,0,0,0,0,0,0,0,0,1,0,1,0,1,0,0,4,0,2
0,0,0,0,1,0,0,1,0,0,0,1,0,2,0,0,0,0,0,0,0,0,0,0,0,1,2,0,0,0,0,0,0,0,0,0,0,0,0,0,0,0,0,0,0,0,0,0,0,0,0,0,0,0,0,0,0,0,0,0,1,0,2,0,0,0,0,0,0,2,4,0,0,0,0,2,0,0,0,0,0,0,0,4,0,0,0,0,0,0,0,0,0,2,1,0,0,0,0,0,0,1,0,0,0,2,0,3,0,0,0,0,0,0,0,0,0,0,0,0,0,0,3,0,0,0,0,1,2,2,6,0,2,0,0,1,0,1,0,2,0,0,0,0,4,2,1,2,0,0,0,1,0,0,0,0,0,0,0,0,0,0,0,0,2,0,0,0,0,0,2,0,0,0,0,0,0,0,0,0,0,0,0,0,0,0,2,0,0,0,0,1,0,0,0,0,0,0,0,0,0,0,0,0,0,0,0,0,0,0,0,0,0,0,0,0,0,0,0,0,0,1,0,0,1,2,0,0,0,0,1,0,0,0,3,0,0,6,0,0,0,0,0,0,0,1,0,0,1,0,0,0,0,3,0,0
1,0,0,0,0,0,0,1,0,0,0,1,0,2,0,0,0,0,0,0,0,0,0,0,0,0,2,0,0,0,0,0,0,0,1,2,0,0,0,0,0,0,1,0,1,0,0,0,0,0,0,1,1,0,0,0,0,0,3,0,0,0,2,0,0,0,0,0,0,2,2,0,0,0,0,2,0,0,0,0,0,0,0,0,0,0,0,0,0,0,0,0,0,2,0,0,0,0,0,0,0,0,0,0,0,2,0,1,0,0,0,1,0,0,0,0,0,0,0,0,0,0,2,0,0,0,0,2,0,2,5,0,2,0,1,3,0,0,0,0,1,0,0,0,0,2,0,1,0,0,0,0,0,1,2,0,0,0,0,0,0,0,0,0,2,0,0,0,0,0,1,0,0,0,0,0,0,0,0,0,0,0,0,0,0,0,1,0,0,0,0,1,0,0,0,0,0,0,0,0,0,0,0,0,0,0,0,0,0,0,0,0,0,0,0,0,0,0,0,0,0,0,0,0,0,0,0,0,0,0,0,1,0,0,0,0,0,5,0,0,0,0,1,1,0,0,0,0,1,0,0,0,0,1,0,2
1,0,0,0,0,1,0,0,0,1,0,0,0,1,0,0,0,0,0,0,1,0,0,2,0,0,3,0,1,0,0,0,0,0,0,0,0,0,1,0,0,0,0,0,0,0,1,0,1,0,0,0,0,0,0,1,0,0,0,0,0,0,0,0,0,0,0,1,1,1,1,0,0,0,0,1,0,0,0,0,1,0,1,0,1,0,0,0,0,0,0,0,1,2,0,0,0,0,0,0,0,0,0,0,0,1,0,0,0,0,0,0,0,0,0,0,0,0,0,0,0,0,1,0,0,0,0,1,0,1,1,1,1,3,1,0,0,0,0,1,0,0,0,0,1,1,0,1,0,0,1,0,0,0,1,0,0,0,0,2,0,0,0,3,1,0,0,0,0,0,1,0,0,0,0,0,1,0,0,0,0,1,0,0,0,0,1,1,0,0,1,0,1,0,0,1,0,0,0,0,0,0,0,0,0,0,0,0,0,0,0,0,0,0,0,0,0,0,0,0,0,1,0,0,0,0,0,2,0,0,0,1,0,1,0,0,0,1,0,0,0,0,0,0,0,0,0,0,0,0,0,0,0,0,0,1
0,0,0,0,0,0,2,2,0,0,0,0,0,1,1,0,0,0,0,0,0,0,0,0,0,1,1,0,0,0,0,1,0,0,0,0,0,0,0,0,0,0,2,0,1,0,0,0,0,0,0,0,0,0,1,0,0,0,0,0,0,0,1,0,0,0,0,0,1,1,3,0,1,0,1,1,0,0,0,0,1,0,0,0,1,0,0,0,0,0,0,0,0,1,1,0,0,0,0,0,0,0,0,0,1,2,0,1,0,0,0,0,0,0,0,1,0,0,0,1,1,0,4,1,0,0,0,2,0,2,6,0,2,3,0,0,0,1,0,1,0,0,0,0,3,1,0,2,0,0,0,0,0,0,0,0,0,2,0,0,0,0,0,1,1,1,0,0,0,0,1,0,0,0,0,0,1,0,0,0,0,0,0,0,0,0,2,0,0,0,1,1,0,0,0,0,0,0,0,0,0,0,0,0,0,0,0,0,0,0,0,0,0,0,0,0,0,0,0,0,0,0,0,0,0,1,0,0,0,0,1,0,0,0,0,0,0,4,0,0,0,0,0,0,0,0,0,0,1,0,0,0,0,0,0,1
0,0,0,0,0,0,1,0,0,0,0,0,0,2,0,0,0,0,0,0,0,0,0,0,0,0,1,0,0,0,0,0,0,0,0,0,0,0,0,0,0,0,0,0,0,0,0,0,0,1,0,1,0,1,0,0,1,0,2,0,0,0,1,0,0,0,0,0,1,2,1,0,0,0,0,1,0,0,0,0,0,1,1,0,0,0,0,0,0,0,0,0,1,1,0,0,0,0,1,0,0,0,0,0,0,2,0,0,0,0,0,0,0,0,0,0,0,0,0,0,0,0,1,1,0,0,2,1,0,1,1,0,1,0,0,0,0,0,0,0,0,0,0,0,1,1,0,0,0,0,0,0,0,0,0,0,0,1,0,0,0,0,0,0,1,0,1,0,0,0,1,0,0,0,0,0,0,0,0,0,0,0,0,0,0,0,0,0,0,0,0,0,0,0,0,0,1,0,0,0,0,0,0,2,0,0,0,0,0,0,0,0,0,0,0,1,0,0,0,0,0,1,2,0,0,0,0,0,0,0,0,0,0,0,0,1,0,3,0,0,0,1,0,0,0,0,3,0,3,0,0,0,0,0,0,1
1,0,0,0,0,0,0,0,0,0,0,0,0,1,1,0,0,0,0,0,0,0,0,0,0,0,2,0,0,0,0,0,0,0,0,0,0,1,0,0,0,0,0,0,0,0,0,4,0,0,1,1,0,0,1,0,0,0,2,1,0,0,0,0,0,1,0,0,1,1,3,0,0,0,0,0,0,0,0,0,0,0,0,0,1,0,0,0,2,0,0,2,0,1,0,0,0,2,0,0,0,2,0,0,0,1,1,1,0,0,0,1,0,0,0,0,0,0,0,0,0,0,2,1,0,0,1,3,0,2,3,0,2,1,0,0,0,0,0,1,0,0,0,0,1,3,0,1,0,0,0,0,0,0,0,0,1,0,0,0,1,0,0,1,1,0,0,0,0,0,2,0,0,0,0,0,1,0,0,0,0,0,0,0,0,0,2,0,0,0,2,0,0,0,0,0,0,1,0,0,0,0,0,0,0,0,0,0,1,0,2,0,0,0,0,1,0,0,1,0,0,1,1,0,0,1,0,1,0,0,0,0,0,0,1,0,0,6,0,0,0,0,0,0,0,0,0,0,0,0,0,0,0,0,0,3
0,0,0,0,0,0,0,1,0,0,0,0,0,2,0,0,0,0,0,0,0,0,0,0,0,0,2,0,0,0,0,0,0,0,1,0,0,0,0,0,0,0,0,0,0,0,0,0,0,0,0,1,0,0,0,0,0,0,0,0,0,0,0,0,0,1,0,0,0,2,3,0,0,0,0,3,0,0,0,0,0,0,0,0,0,0,0,0,0,0,0,0,1,2,0,0,0,0,0,1,0,0,0,0,0,1,0,0,0,0,0,0,0,0,0,0,0,0,0,0,0,1,2,0,0,0,0,4,0,2,3,0,2,0,0,0,0,0,1,2,2,0,1,0,1,2,1,1,0,0,0,0,0,0,3,0,0,0,0,0,0,0,0,0,2,0,0,0,0,0,2,0,0,0,0,0,0,0,0,0,0,0,0,0,0,0,2,0,0,0,0,0,0,0,0,0,0,0,0,0,0,0,0,0,0,0,0,0,1,0,0,0,0,0,0,1,0,0,0,0,0,0,0,0,0,0,1,0,0,0,0,0,0,0,0,0,1,7,0,0,0,0,1,0,0,1,1,0,0,0,0,0,0,0,0,3
1,0,0,1,0,1,0,1,0,1,0,0,0,1,2,0,0,0,0,0,3,0,0,0,2,0,1,0,0,0,0,1,0,0,1,2,0,0,0,0,0,0,1,0,0,0,0,0,1,0,0,0,0,0,0,0,0,0,2,1,0,0,0,0,0,0,0,0,0,1,2,0,0,0,0,1,0,1,2,0,0,0,1,0,1,0,0,0,0,0,0,0,0,1,1,0,0,0,0,0,0,0,0,0,0,0,0,0,0,0,0,0,0,0,0,1,0,0,0,0,0,0,1,0,0,0,0,1,0,1,1,0,1,3,0,0,0,0,0,1,0,0,0,1,0,1,0,1,0,0,0,0,0,0,1,0,0,1,0,2,0,0,0,2,1,0,0,0,0,0,0,0,0,0,0,0,1,0,0,0,0,1,0,0,2,0,1,0,0,0,1,0,1,0,0,0,0,0,1,2,0,0,3,0,0,0,0,0,0,0,0,0,0,0,0,0,0,0,0,0,0,0,0,0,0,0,0,0,0,0,0,0,0,0,0,0,0,2,0,0,0,0,0,0,0,1,0,0,0,0,0,0,0,0,1,1
1,0,2,0,1,0,0,0,0,1,0,0,0,1,0,1,0,1,0,0,2,0,0,0,0,0,3,0,0,0,0,0,1,0,0,0,0,0,0,0,0,0,0,0,0,1,0,0,1,0,0,0,0,0,0,0,0,0,0,0,0,0,0,0,0,0,0,1,0,1,1,0,0,0,0,1,0,0,0,0,0,0,1,0,1,0,0,0,1,0,0,0,0,1,0,0,0,0,0,0,0,0,0,1,0,0,0,0,0,0,1,0,0,0,0,1,1,0,0,0,0,0,1,0,0,0,1,2,0,1,1,0,1,3,0,0,0,0,0,0,0,0,0,0,0,1,0,0,0,0,1,1,1,0,1,0,0,0,0,2,0,0,0,2,1,0,1,0,0,0,1,0,0,0,0,0,1,0,0,0,0,2,0,0,0,0,1,0,0,0,1,0,0,0,0,0,0,0,0,0,0,0,0,0,0,0,0,0,0,0,0,0,0,0,0,0,0,0,0,0,0,0,0,0,0,0,0,2,0,0,0,0,1,0,0,0,0,2,0,0,0,0,0,0,0,0,0,1,0,2,0,0,0,0,0,1
0,0,0,0,0,0,0,0,0,0,0,0,0,3,0,0,0,0,0,0,0,0,0,0,0,0,1,0,0,0,0,0,0,0,0,2,0,0,1,0,0,0,0,0,0,0,0,0,0,0,0,0,0,0,0,0,0,0,2,0,0,0,1,0,0,1,0,0,1,2,3,0,0,0,0,2,0,0,0,0,0,0,0,0,0,0,0,0,0,0,0,0,0,2,0,0,0,0,0,0,0,1,0,0,0,2,0,0,0,0,0,0,0,0,0,0,0,0,0,0,0,0,2,0,0,0,0,2,0,2,2,0,3,0,0,0,1,0,0,0,0,0,0,0,0,2,0,0,0,0,0,0,0,3,0,0,0,0,0,0,0,0,0,0,2,0,0,0,0,0,2,0,0,0,0,0,0,1,0,0,0,0,0,0,0,0,2,0,0,0,0,0,0,0,0,0,0,0,0,0,0,0,0,0,0,0,0,0,0,0,0,0,2,0,0,2,0,0,0,0,0,0,0,0,0,0,0,0,0,1,3,1,0,0,0,0,0,7,0,0,0,0,0,0,0,3,0,0,1,0,0,0,0,0,0,4
0,0,0,0,0,0,1,0,0,0,0,0,0,3,0,0,0,0,0,0,0,0,0,0,0,0,2,0,0,0,0,0,0,0,0,0,0,0,0,0,0,0,0,0,0,0,0,0,0,0,0,0,0,0,0,0,0,0,1,0,0,0,0,0,0,0,0,0,0,2,1,0,0,0,0,2,0,0,0,0,0,0,0,0,0,0,0,0,0,0,0,0,0,2,0,0,0,0,0,0,0,2,0,0,0,1,0,0,1,0,0,0,0,0,0,0,1,0,0,0,0,0,2,0,0,0,0,2,0,2,4,0,2,0,0,0,0,0,0,0,1,0,0,0,0,2,0,1,0,0,0,0,0,0,0,0,0,0,0,2,0,0,0,0,2,0,0,0,0,0,2,0,0,0,0,0,0,0,0,0,0,0,0,0,0,0,1,0,0,0,0,0,0,1,0,0,0,0,0,0,0,0,0,0,0,0,0,0,0,0,0,0,0,0,0,0,0,0,0,0,0,0,0,0,0,0,0,0,0,0,0,2,0,0,0,0,0,5,0,2,0,0,0,0,0,0,0,1,3,0,0,0,0,0,0,0
0,0,0,0,1,1,0,0,0,0,0,0,0,1,0,0,0,0,0,0,0,0,0,0,0,1,0,0,0,0,0,0,0,0,0,0,0,1,0,0,0,0,0,0,0,0,1,0,0,0,1,0,0,0,0,0,1,0,2,0,0,0,0,0,0,0,0,0,0,2,2,1,0,0,0,2,0,0,0,0,0,0,0,0,0,0,1,0,0,0,0,1,0,2,0,0,0,0,0,0,0,0,1,0,0,1,0,1,0,0,0,0,0,0,0,0,0,0,0,0,0,0,2,0,0,0,0,3,0,2,6,2,2,0,0,1,0,0,0,0,0,0,0,0,0,1,0,1,0,0,0,0,0,2,1,0,0,0,0,1,0,0,0,0,2,0,0,0,0,0,2,0,0,0,0,0,0,0,0,0,0,0,0,0,0,0,2,0,0,0,0,0,0,0,0,0,0,0,0,0,0,0,0,0,0,0,0,0,0,0,0,0,0,0,0,1,0,0,0,0,0,0,0,0,0,0,0,0,0,0,0,1,0,0,3,0,0,6,0,0,0,0,0,0,0,0,1,0,2,0,0,0,0,2,0,2
2,0,0,0,0,0,0,0,0,2,1,0,0,0,0,0,0,0,0,0,0,0,0,0,0,0,0,0,0,0,0,0,0,1,1,1,0,1,0,0,0,0,0,1,1,0,0,0,2,1,0,1,0,0,0,0,0,0,0,2,0,0,0,0,0,0,0,0,0,0,0,0,0,0,0,0,0,0,0,0,0,0,2,0,2,0,0,0,0,0,0,1,0,0,2,0,0,0,0,0,0,0,0,0,0,0,0,0,0,0,0,0,0,0,0,2,0,0,0,0,0,1,0,0,0,0,0,0,0,0,0,0,0,3,0,0,0,0,0,1,1,0,0,0,0,0,2,0,0,0,0,0,0,1,1,2,0,0,0,0,0,0,0,2,1,0,0,0,0,0,0,0,0,0,0,0,2,0,0,0,0,2,0,0,0,0,0,0,0,0,2,0,0,2,0,0,0,1,0,1,0,0,0,0,0,0,0,0,0,0,0,0,0,1,0,0,0,0,0,0,0,0,0,0,0,1,0,0,0,0,0,0,0,0,1,0,0,0,0,0,0,0,0,1,0,0,0,1,0,0,0,0,0,0,0,0
1,0,2,0,1,0,1,0,0,1,1,0,0,1,0,1,0,1,0,0,0,0,0,1,0,0,1,0,0,0,0,0,0,0,0,0,0,0,0,0,0,0,1,0,0,0,0,0,1,0,0,0,0,0,0,0,0,0,0,0,0,0,0,0,0,0,0,0,0,1,1,0,0,0,0,1,0,0,0,0,0,0,1,0,1,0,0,0,1,0,0,0,0,1,0,0,0,0,0,0,0,0,0,1,0,0,0,2,1,0,0,1,0,0,1,0,0,0,0,0,0,0,1,0,0,1,0,1,0,1,1,0,1,1,0,0,0,0,0,1,0,0,0,0,0,1,0,0,0,0,0,0,0,1,1,0,0,0,0,0,0,0,0,2,1,0,0,1,0,0,1,0,0,0,0,0,1,0,1,0,1,2,0,1,0,0,1,0,0,0,1,0,0,0,0,0,0,0,0,0,0,0,0,0,0,0,0,0,0,0,0,0,0,0,0,1,0,0,0,0,0,0,0,0,0,0,0,0,0,0,0,0,0,0,1,0,0,2,1,0,0,0,0,0,0,2,0,1,2,0,0,0,0,2,1,0
0,0,1,1,0,0,0,0,0,0,0,0,0,1,0,0,0,0,0,0,0,0,0,0,1,0,2,0,0,0,0,0,0,0,0,0,0,0,0,0,0,0,1,0,0,1,0,0,0,0,0,0,0,0,0,0,0,0,0,0,0,0,0,0,0,0,0,0,0,1,1,0,0,0,0,2,0,0,0,0,1,0,0,0,1,0,0,0,0,0,0,0,0,1,0,0,0,0,0,0,0,0,0,0,0,0,0,1,0,0,0,1,0,0,0,1,0,0,0,0,1,0,2,0,0,0,0,3,0,2,3,0,2,1,0,1,0,0,0,0,0,0,0,0,0,2,0,0,0,0,0,0,0,0,0,0,0,0,0,1,0,0,0,2,1,0,0,0,0,0,1,0,0,0,0,0,1,0,0,0,0,0,0,0,0,0,2,1,0,0,1,1,0,0,0,0,0,0,1,0,0,0,1,0,0,0,0,0,0,0,0,0,0,0,0,0,0,0,0,0,0,0,0,0,0,0,2,0,0,0,0,0,0,0,0,0,0,3,0,0,1,0,0,0,0,0,0,0,1,0,0,0,0,0,0,1
1,2,0,0,0,0,1,1,0,1,0,0,0,1,0,0,0,0,0,0,0,0,0,1,0,0,3,0,0,0,0,0,0,1,0,0,0,3,0,0,0,0,0,0,1,0,1,0,1,0,0,0,0,0,0,0,0,0,0,1,0,0,0,0,0,0,0,0,0,1,1,0,0,0,0,1,0,0,0,0,0,0,1,0,1,0,0,0,1,0,0,1,1,1,1,0,0,0,0,0,0,0,0,1,0,1,1,0,0,0,0,2,0,0,0,0,0,0,0,0,0,2,1,0,0,0,0,3,0,1,1,0,1,4,0,0,0,0,0,1,1,0,0,1,0,1,1,0,0,0,0,1,0,0,3,0,0,0,0,2,0,0,0,1,1,0,0,0,0,0,1,0,0,0,0,0,1,0,0,0,0,1,0,0,1,0,1,0,0,0,1,0,0,0,0,0,0,0,0,0,0,0,0,0,0,0,0,0,0,0,1,0,1,0,0,0,0,0,0,0,0,0,0,0,0,0,0,0,0,0,0,0,0,0,0,0,0,3,0,0,0,0,0,0,0,0,0,0,0,0,0,0,0,0,0,1
1,0,0,0,0,0,0,0,0,1,1,0,0,1,1,0,0,0,0,1,0,0,0,0,0,0,2,0,0,0,0,0,1,0,0,1,0,3,0,0,0,0,0,1,2,1,1,1,1,1,0,1,0,3,0,1,0,0,0,1,0,1,0,0,0,0,0,1,0,0,1,0,0,0,0,0,0,0,0,0,0,0,1,0,2,0,0,0,0,0,0,0,0,0,0,0,0,0,0,0,0,0,0,0,0,0,0,0,0,0,0,1,0,0,0,1,0,0,0,0,0,1,1,0,0,0,0,1,0,1,1,0,1,5,1,0,0,0,0,1,0,0,0,0,0,0,0,0,0,0,0,0,0,0,1,0,0,0,0,0,0,0,0,3,0,0,0,0,0,0,1,0,0,0,0,0,2,0,0,0,0,1,0,0,2,0,3,0,0,0,4,0,0,2,0,0,0,0,0,0,0,0,0,0,0,0,0,0,0,0,1,0,0,0,0,0,0,0,0,0,0,0,0,0,0,1,3,0,0,0,1,3,0,0,0,0,0,1,0,0,0,0,0,0,0,1,1,0,0,0,0,0,1,0,0,0
1,0,0,0,0,0,0,1,0,1,0,0,0,1,0,0,0,0,0,0,0,0,0,0,0,0,2,0,0,0,0,0,0,0,0,0,0,0,0,0,0,0,0,0,0,0,0,0,2,0,0,0,0,0,0,0,0,0,0,0,0,1,3,0,0,0,0,0,0,1,3,0,0,0,0,1,2,0,1,0,0,0,1,0,1,1,1,0,0,0,0,1,1,1,0,0,0,0,0,0,0,0,0,0,0,0,0,0,1,0,0,0,0,0,0,1,0,0,0,0,0,0,1,0,0,0,0,1,0,1,1,0,1,1,0,0,0,1,0,0,0,0,4,0,0,1,0,0,0,0,0,0,0,2,1,0,2,0,0,0,0,0,0,2,1,0,0,0,0,0,1,0,0,0,0,0,1,0,0,0,0,2,1,0,0,0,1,0,0,1,1,0,0,1,0,0,0,0,0,0,0,0,1,0,0,0,0,0,0,0,0,0,0,0,1,0,0,0,0,0,0,0,1,0,0,0,0,0,0,0,2,2,0,1,0,0,0,2,0,0,1,0,0,1,0,0,0,0,1,0,0,0,1,0,0,0
1,1,0,0,0,0,1,1,0,1,0,0,0,0,0,0,0,0,0,0,1,0,0,0,2,0,1,0,0,0,0,0,0,0,0,0,0,2,3,0,0,0,0,0,0,0,0,0,1,0,0,3,0,1,0,0,0,0,0,0,1,0,0,0,0,0,0,0,0,0,1,0,0,0,0,1,0,0,0,0,0,1,1,1,2,0,0,0,3,0,0,1,0,0,0,0,0,0,0,0,0,0,0,0,0,0,0,0,0,1,0,0,0,0,0,0,0,0,0,0,0,0,1,0,0,0,0,1,0,1,3,0,1,5,0,0,0,0,0,0,0,0,0,0,0,0,0,0,1,0,0,0,0,0,1,0,0,0,0,0,0,0,0,2,0,0,0,0,0,0,2,0,0,0,0,0,2,0,0,0,0,1,0,0,1,0,1,0,0,0,2,0,0,2,0,1,0,0,0,1,0,0,1,0,0,0,0,0,0,0,0,0,0,0,0,0,0,0,0,0,0,3,1,0,1,0,0,0,0,1,0,0,0,0,0,0,1,2,0,0,2,0,0,0,1,0,1,1,1,0,0,0,2,1,0,0
0,0,0,0,0,0,0,0,0,0,0,0,0,2,0,0,0,0,0,0,0,0,0,0,0,0,2,0,0,0,0,0,0,0,0,0,0,0,0,0,0,0,1,0,0,0,0,0,0,0,0,0,0,0,0,0,0,0,0,0,0,0,2,2,0,0,0,0,0,2,3,0,1,0,0,2,0,0,0,0,0,0,0,0,0,0,0,0,0,0,0,0,0,2,0,0,0,0,0,0,0,2,0,0,0,1,0,0,0,0,0,0,0,0,0,0,0,0,0,0,0,0,2,0,0,0,0,2,0,2,7,0,3,0,0,3,0,1,0,1,0,0,3,0,0,2,0,1,0,0,0,2,0,0,0,0,0,0,0,0,0,0,0,0,2,0,0,0,0,0,1,0,0,0,0,0,0,0,0,0,0,0,0,0,0,0,1,0,0,0,0,1,0,0,0,0,0,0,2,0,0,0,0,1,0,0,0,0,0,0,0,0,0,0,0,1,0,0,0,0,0,0,0,0,0,0,1,0,0,0,4,2,0,0,0,0,1,7,0,0,0,0,0,0,0,0,0,0,0,2,0,0,0,2,0,1
0,0,0,0,0,0,0,0,0,0,0,0,0,1,0,0,0,0,0,0,0,0,0,2,0,0,1,0,0,0,0,0,0,0,0,0,0,0,0,0,2,0,0,0,0,0,0,0,0,0,0,0,0,0,1,0,0,0,0,0,0,0,0,0,0,0,0,0,2,1,2,0,2,1,0,1,0,0,0,0,0,0,0,0,0,0,0,0,3,0,0,1,0,2,0,0,0,0,0,0,0,1,0,0,0,4,0,0,0,0,0,1,0,0,2,0,0,0,2,0,0,0,2,0,0,0,0,2,1,2,2,0,2,0,0,1,0,1,1,4,1,0,0,0,1,3,0,3,0,0,0,2,1,0,0,0,1,0,0,0,0,0,0,0,1,1,4,0,0,1,2,0,0,0,0,0,0,0,0,0,0,0,0,0,0,0,2,0,0,0,0,0,0,1,0,0,0,0,1,0,0,0,0,0,0,1,0,0,0,1,0,0,0,0,0,1,0,0,1,0,0,1,1,0,0,0,1,0,0,0,0,1,1,0,0,0,0,4,1,1,1,0,1,0,0,1,0,0,2,0,0,0,0,0,0,1
0,0,0,0,0,0,1,0,0,0,0,0,0,2,0,0,1,0,0,0,0,0,0,0,0,0,2,0,0,0,0,0,0,0,0,0,0,0,0,2,0,0,0,0,1,0,3,0,0,0,0,0,0,0,0,0,0,0,0,0,0,0,1,0,0,0,0,0,0,2,3,0,0,0,0,2,0,0,0,0,1,1,0,0,0,0,0,0,0,0,0,1,0,2,0,0,0,0,0,0,0,0,0,0,0,2,0,0,0,0,0,2,0,0,0,0,0,0,1,0,0,0,2,0,0,0,0,2,0,2,2,0,2,0,0,0,0,0,0,0,0,0,0,0,0,2,0,1,0,0,0,0,0,0,0,0,0,0,0,0,0,0,0,0,2,0,0,0,0,0,2,0,0,0,0,0,0,0,0,0,0,0,0,0,0,0,1,0,0,0,0,0,0,0,0,0,0,0,0,0,0,0,0,0,0,0,0,0,0,0,0,0,0,0,0,0,0,0,0,0,0,0,0,0,0,0,0,0,0,0,0,0,0,0,0,0,0,4,0,0,0,0,0,0,0,0,0,0,0,0,0,0,0,2,0,2
0,0,0,0,0,0,0,0,0,0,0,0,0,2,0,0,0,0,0,0,0,0,0,0,0,0,2,0,0,0,0,0,0,0,0,0,0,0,0,0,0,0,0,0,0,0,0,0,0,0,0,0,0,0,0,0,0,0,0,0,0,0,0,0,0,0,0,0,0,2,3,0,0,0,0,2,0,0,0,0,0,0,0,0,0,0,0,0,1,0,0,0,0,2,0,0,0,0,0,0,0,0,0,0,0,1,0,0,0,0,0,1,0,0,0,0,0,0,0,0,0,0,2,1,0,0,0,2,0,2,2,0,2,0,1,0,0,3,0,1,0,0,0,0,0,2,0,3,0,0,0,2,0,0,0,0,0,0,0,0,0,0,0,0,2,0,0,0,0,0,2,0,0,0,0,0,0,0,0,0,0,0,0,0,0,0,2,0,0,0,0,0,0,0,0,0,0,0,2,0,0,0,0,0,0,0,0,0,0,0,0,0,0,0,0,1,0,0,0,1,0,0,1,0,0,0,0,0,0,0,0,0,0,0,0,0,0,5,0,0,0,0,0,0,0,0,0,0,0,0,0,0,0,0,0,1
1,0,0,0,0,0,0,0,0,1,1,0,0,1,2,0,0,1,0,0,0,0,0,0,0,1,2,0,0,0,0,0,1,0,0,1,0,0,0,0,0,0,0,0,1,1,0,0,1,0,0,0,0,0,0,1,0,0,0,1,0,0,0,0,1,0,0,0,0,1,2,0,1,0,0,1,0,0,1,4,0,0,1,0,1,0,0,0,0,0,0,0,0,2,0,1,0,0,0,0,0,0,0,0,0,0,0,0,0,0,0,0,0,0,0,0,0,0,0,0,0,0,1,0,0,0,0,1,0,1,1,0,1,1,0,0,0,1,0,0,0,0,0,0,0,1,0,0,0,0,0,0,0,0,1,0,0,1,3,3,0,0,0,1,1,4,0,0,0,0,4,0,0,0,2,0,1,0,0,0,0,1,0,0,1,1,1,0,1,0,1,0,1,0,0,0,0,0,0,0,0,0,0,0,0,0,0,0,0,0,0,0,0,0,0,0,0,0,0,0,0,0,0,0,0,1,1,0,0,0,0,2,0,0,0,0,0,6,0,0,0,0,1,3,2,1,0,0,0,0,0,0,0,0,1,1
4,0,0,0,1,0,0,0,0,2,0,0,0,0,0,2,0,1,0,0,1,0,0,0,0,0,0,1,0,0,0,1,0,0,0,0,0,0,0,0,0,0,0,0,0,0,0,0,2,0,1,0,0,0,0,1,0,0,0,0,0,0,0,0,0,0,0,0,0,0,0,0,0,0,0,0,0,0,0,0,0,1,2,0,2,0,0,0,2,0,1,0,0,0,0,0,0,0,0,0,0,0,0,1,0,0,0,2,1,0,0,1,0,0,0,2,0,0,0,0,0,0,0,0,0,0,0,0,0,0,0,0,1,2,0,0,0,0,0,0,0,0,0,0,0,0,0,0,0,0,0,2,1,0,2,0,0,0,0,1,0,0,2,4,0,0,0,0,0,0,0,0,1,0,1,0,2,0,0,0,0,3,0,1,0,0,0,0,0,0,2,0,1,1,0,0,0,1,0,1,0,0,1,0,0,0,0,0,0,0,0,0,0,0,0,0,0,0,0,0,0,0,0,0,1,0,0,0,0,0,0,0,0,0,0,0,0,0,0,0,0,0,0,0,0,0,0,0,0,0,0,0,1,0,0,0
1,0,0,0,0,0,0,0,0,1,0,0,0,1,0,0,0,0,0,0,0,0,0,0,0,0,2,0,0,0,0,0,0,0,0,0,0,1,1,0,0,0,0,0,0,0,0,0,1,0,0,1,0,0,0,0,0,0,0,0,0,0,0,0,0,0,1,0,0,1,1,0,0,0,0,1,0,0,0,0,0,0,1,0,1,0,0,0,0,0,0,0,0,1,0,0,0,0,0,0,0,0,0,0,0,0,0,0,0,0,0,1,0,0,0,0,0,0,0,0,0,0,1,0,0,0,0,2,1,1,1,0,1,2,0,0,0,0,0,1,0,0,0,0,1,1,0,0,0,0,0,0,0,0,1,0,0,0,0,1,0,0,0,1,1,1,0,0,0,0,1,0,0,0,1,0,1,0,0,0,0,0,0,0,0,1,1,0,0,0,1,0,0,0,0,0,0,0,0,0,0,0,0,0,0,0,0,0,0,0,0,0,0,0,0,0,0,0,0,0,0,0,0,0,0,2,0,0,0,0,0,1,0,0,0,0,0,2,0,0,0,0,0,0,0,0,1,0,1,0,0,0,0,0,0,1
1,0,0,0,0,0,0,0,0,2,0,0,0,0,1,1,1,0,0,0,0,0,0,1,0,0,1,0,0,0,0,0,0,0,0,0,0,2,0,0,0,0,0,0,1,0,1,0,2,2,0,2,0,0,0,1,0,0,0,2,0,0,0,0,0,1,0,0,0,0,0,0,0,0,0,0,0,0,0,0,0,0,2,0,2,0,0,0,2,0,0,0,0,0,0,0,0,0,1,0,0,0,0,0,0,0,1,0,0,0,0,1,0,0,0,0,0,0,0,0,0,0,0,0,0,0,0,1,1,0,0,0,0,4,0,0,0,0,0,1,1,0,1,0,0,0,0,0,0,0,0,0,0,0,1,0,0,0,0,0,0,0,0,2,0,0,0,0,0,0,1,0,0,0,0,0,2,0,0,0,0,1,0,0,1,0,2,0,0,0,2,0,0,0,0,0,0,1,0,0,0,0,3,0,0,0,0,0,0,1,3,0,0,0,0,0,1,0,0,0,0,0,0,0,0,1,0,0,0,0,0,0,0,0,0,0,0,0,0,0,0,0,0,0,0,0,1,1,0,0,0,0,0,0,0,0
0,0,0,0,0,0,0,1,0,1,0,0,0,1,1,0,2,0,0,0,0,0,0,0,0,0,2,0,0,0,0,0,0,0,0,0,0,2,0,0,0,0,1,0,0,0,1,0,1,0,0,1,0,0,0,1,0,0,0,0,0,1,0,0,1,0,0,0,0,1,2,0,0,0,0,1,0,0,2,0,0,0,1,2,3,0,0,0,0,0,1,0,0,1,0,0,0,0,0,1,0,0,0,0,0,0,0,0,0,0,0,0,0,0,0,0,0,0,0,0,0,0,1,0,0,0,0,5,1,1,1,0,1,2,0,0,0,1,0,0,0,0,0,0,0,1,0,0,0,0,0,0,0,0,1,0,0,0,0,0,0,0,0,2,1,0,0,0,0,0,1,0,0,0,0,0,1,0,0,0,0,0,0,0,0,0,2,0,0,0,1,0,0,0,0,1,0,0,0,0,0,0,0,0,0,0,0,0,0,0,0,0,1,0,0,0,0,0,0,0,0,1,0,1,0,0,0,0,0,1,0,0,0,0,0,0,0,3,0,0,0,0,0,0,0,0,0,0,0,0,0,0,0,0,0,1
1,2,0,0,0,0,0,0,0,1,0,0,0,1,3,0,0,0,0,0,3,0,2,1,0,0,2,0,0,0,0,0,0,0,0,1,3,2,0,0,0,0,0,0,0,0,0,2,1,0,0,1,0,0,0,3,0,1,0,0,0,0,0,0,0,0,0,0,0,1,0,0,0,0,0,1,0,0,0,0,0,0,1,0,1,1,0,0,1,0,3,0,0,1,0,0,0,2,0,0,0,2,0,0,0,0,0,0,0,1,0,2,0,0,0,2,0,0,0,0,0,0,1,0,0,0,0,3,0,1,1,0,1,2,0,0,0,0,0,1,0,0,0,0,2,1,1,0,0,0,0,0,0,0,4,0,2,0,0,2,0,0,0,2,1,0,0,0,0,0,1,0,0,0,0,0,1,0,0,0,0,1,0,0,0,0,1,0,0,0,1,0,0,0,0,0,0,0,0,0,0,0,0,0,0,0,0,0,0,0,0,0,0,0,0,0,0,0,0,0,0,0,0,0,0,0,3,0,0,0,0,0,0,0,0,0,0,2,0,0,3,0,0,0,0,0,0,0,0,0,0,0,0,0,0,1
1,0,0,0,0,0,0,0,0,1,0,0,0,1,0,0,0,0,0,0,0,0,0,0,0,0,2,0,0,0,0,0,0,1,0,0,0,2,0,0,0,0,1,1,0,2,0,0,2,0,0,0,0,2,0,2,0,0,0,0,0,0,0,0,0,0,0,0,0,1,0,0,0,0,0,1,0,0,0,0,0,0,1,0,1,0,0,0,1,0,0,0,0,1,0,0,0,0,0,0,0,0,0,0,0,0,0,0,0,0,0,0,0,0,0,0,0,0,0,0,0,0,1,0,0,0,0,1,0,1,1,0,1,3,0,0,0,0,0,0,0,0,0,0,1,1,0,1,0,0,0,2,0,0,1,0,0,2,0,0,1,0,0,1,1,0,0,0,0,0,0,0,1,0,0,0,1,0,0,0,0,1,0,0,0,0,1,0,0,0,1,2,0,0,0,0,0,0,0,2,0,0,1,0,0,0,0,0,0,0,0,0,0,0,0,0,0,0,2,0,0,2,0,0,0,0,1,1,0,0,1,0,0,0,0,0,0,2,0,0,0,0,0,0,0,0,0,0,0,1,0,0,1,0,0,0
0,0,0,0,0,0,0,0,0,0,0,1,0,2,0,0,0,0,0,0,0,0,0,0,0,0,2,0,0,0,0,0,0,0,0,0,0,1,0,0,0,0,0,0,0,0,0,0,0,0,1,1,0,0,0,0,0,0,1,2,1,0,3,0,0,0,0,0,0,2,1,0,0,0,0,1,0,0,0,0,0,0,0,0,1,0,0,0,0,0,0,0,0,1,1,0,0,0,0,0,0,0,0,0,0,1,0,0,0,0,0,2,0,0,1,0,0,1,0,0,0,0,2,0,0,0,0,4,0,2,3,0,2,1,0,1,0,0,1,2,0,0,0,0,0,2,0,0,1,0,0,0,0,1,0,0,0,0,0,0,0,0,0,1,2,0,0,1,0,0,2,0,0,0,0,1,1,0,1,0,0,0,0,0,0,0,2,0,0,0,0,0,0,0,0,0,0,0,0,1,0,0,0,0,0,0,0,0,0,0,0,0,0,0,0,0,0,0,1,0,0,0,0,0,0,0,0,0,0,0,1,0,0,0,1,0,0,3,0,0,0,0,0,0,0,1,0,1,0,0,0,0,0,0,1,2
0,0,0,0,0,0,0,0,0,0,0,0,0,2,0,0,0,0,0,0,0,0,0,0,0,0,2,0,0,0,0,0,0,0,0,0,0,0,0,0,0,0,0,0,0,0,0,0,0,0,0,0,0,0,0,0,0,0,0,0,0,0,0,0,0,0,0,0,0,2,2,0,1,0,0,2,0,0,0,0,0,0,0,0,0,0,0,0,0,0,0,1,0,2,0,0,0,0,0,0,0,0,0,0,0,1,0,1,0,0,0,1,0,0,0,0,0,0,0,0,0,0,2,0,0,0,0,3,0,2,4,0,2,0,0,0,0,0,0,1,0,0,0,0,1,2,0,1,0,0,0,0,0,0,0,0,0,0,0,0,0,0,0,0,2,0,0,0,0,0,2,0,0,0,0,0,0,0,0,0,0,0,0,0,0,0,2,0,0,0,0,0,0,0,0,0,0,0,0,0,0,0,0,0,0,0,0,0,0,0,0,0,0,0,0,0,0,0,0,0,0,1,0,0,0,0,0,0,0,0,0,1,0,0,0,0,0,3,0,0,0,0,0,0,0,0,0,0,1,0,0,0,0,0,0,1
0,0,0,0,1,0,1,0,0,0,0,0,0,1,2,0,2,0,0,0,0,0,0,0,0,0,1,0,0,0,0,0,0,0,0,0,0,0,0,1,0,0,0,0,0,0,0,0,1,0,0,1,0,0,0,0,0,0,0,0,0,0,2,0,0,0,0,1,1,1,1,1,1,0,0,1,0,0,0,0,0,0,1,0,1,0,0,0,0,0,0,0,0,1,1,1,0,0,0,0,0,0,0,0,0,0,0,0,0,0,0,0,0,0,1,0,0,1,0,0,0,0,1,0,0,1,0,2,0,1,2,0,1,2,0,0,0,0,0,0,0,0,0,0,1,1,0,0,0,1,0,0,0,1,2,0,0,1,0,0,0,0,0,1,1,0,0,1,0,0,2,0,0,0,0,0,1,0,1,0,0,0,0,0,0,0,2,0,0,0,1,0,0,0,0,0,0,0,0,0,0,0,0,0,0,0,0,0,0,0,0,0,0,0,0,1,0,0,0,0,0,0,0,0,0,0,0,0,0,0,0,0,0,0,0,0,0,3,0,0,0,0,0,0,0,0,0,2,1,0,0,0,0,0,1,2
2,0,0,0,1,0,0,0,0,2,0,0,0,0,0,1,0,1,0,0,2,0,0,0,1,0,0,0,0,0,0,1,0,0,1,0,0,1,0,0,0,0,1,1,0,1,0,0,2,0,0,1,0,0,1,0,0,0,0,0,0,0,0,0,0,0,0,0,0,0,0,0,0,0,0,0,0,0,0,0,0,0,2,0,2,0,0,0,2,0,0,0,0,0,0,0,0,0,0,0,0,0,0,1,0,0,0,0,0,2,0,0,0,0,0,0,0,0,0,0,0,0,0,0,1,0,0,0,0,0,0,0,0,4,0,0,0,0,0,0,0,0,0,0,0,0,0,0,0,0,1,1,0,0,2,0,0,0,0,3,0,0,0,3,0,0,0,0,0,0,0,0,0,0,0,0,2,0,0,0,0,3,0,0,1,0,0,0,0,0,2,0,1,0,0,0,0,0,0,0,1,0,0,0,0,0,0,0,0,0,0,0,0,1,0,0,0,0,0,0,0,0,0,1,0,0,0,0,0,0,0,0,0,0,0,0,0,0,0,0,0,0,0,0,0,0,0,0,0,0,0,0,0,0,0,0
0,0,0,0,0,0,0,0,0,0,0,0,1,1,0,0,0,0,0,0,0,0,0,0,0,1,1,0,0,0,0,0,1,1,0,0,0,0,0,0,0,0,0,0,0,0,0,0,0,0,0,0,0,0,0,1,0,0,0,0,0,0,0,0,0,0,0,0,0,1,1,0,1,2,1,1,0,0,0,1,0,0,1,1,0,0,0,1,0,0,0,0,0,1,0,1,1,0,0,0,0,0,0,0,0,0,0,0,0,0,0,0,0,0,0,1,2,0,0,1,0,0,1,1,0,0,0,1,0,1,2,1,1,1,0,0,0,0,0,0,0,0,0,0,1,2,0,0,0,0,0,0,0,0,0,0,0,0,0,0,0,0,0,0,1,0,0,0,0,1,1,0,0,0,0,0,0,1,0,0,0,0,0,0,0,0,1,0,0,0,0,0,0,0,0,0,0,2,0,0,0,0,1,0,0,0,2,0,0,0,0,0,0,0,0,0,0,0,0,0,0,1,0,0,0,0,0,0,0,2,0,0,3,0,0,0,0,2,0,0,0,0,0,0,0,0,0,0,0,0,0,0,0,0,0,1
0,0,0,0,0,0,0,0,0,0,0,0,0,2,0,0,0,0,0,0,0,0,0,0,0,1,2,0,0,0,0,0,0,0,2,0,0,0,0,1,0,0,0,0,0,0,0,0,0,0,0,1,0,0,0,0,0,0,1,0,0,0,0,0,0,0,0,0,0,2,2,0,0,0,1,1,0,0,0,0,0,0,0,1,0,0,0,0,0,0,0,0,0,2,0,0,0,0,0,0,0,0,0,0,0,0,0,0,1,0,0,0,0,0,0,0,0,0,0,0,1,2,4,0,0,0,0,3,0,2,2,0,2,0,2,0,0,3,0,1,0,0,0,0,0,2,0,1,0,0,0,3,0,1,0,0,0,0,1,0,0,0,0,0,2,0,0,0,0,0,2,0,0,0,0,0,0,0,0,0,0,0,0,0,0,0,2,0,0,0,0,0,0,0,0,0,0,0,2,0,0,0,0,0,0,0,0,1,0,0,0,1,0,0,0,1,0,0,0,0,0,0,0,0,0,0,0,0,0,0,1,0,0,0,0,0,0,4,1,0,0,0,0,0,1,1,0,0,1,0,0,0,0,0,0,2
0,0,0,0,0,0,0,0,0,0,1,0,2,0,0,0,0,1,0,0,2,0,1,0,0,0,0,0,0,0,1,0,1,0,2,2,0,0,1,0,0,0,0,0,0,4,0,0,0,0,0,0,0,1,0,1,0,0,0,0,0,0,0,0,0,1,0,0,0,1,1,0,0,1,0,0,0,0,0,1,0,0,0,0,0,0,0,0,1,0,0,0,0,1,0,1,0,0,0,0,0,0,0,1,0,3,0,0,0,1,0,0,0,0,0,0,0,2,0,0,3,0,2,0,0,0,0,2,0,1,1,0,1,1,0,0,0,1,1,1,0,0,0,0,0,1,0,2,0,0,1,0,0,0,3,1,1,1,0,0,0,0,1,3,1,0,0,0,0,0,1,0,0,0,0,0,1,1,4,0,0,0,0,0,0,0,1,0,0,1,0,0,0,0,0,0,1,0,0,2,0,0,0,0,0,1,0,0,2,0,1,0,0,0,0,2,0,0,1,1,1,0,0,0,0,0,0,0,0,0,0,0,0,0,1,0,0,2,0,0,0,0,1,0,1,0,0,0,0,0,0,0,3,0,0,3
0,0,0,2,0,0,1,1,0,0,0,0,0,1,0,0,0,2,0,0,0,0,0,2,0,0,1,1,0,0,2,0,0,1,0,0,0,0,0,0,0,0,0,0,0,0,1,0,0,0,0,1,0,0,1,0,1,0,0,0,0,0,0,0,0,0,0,0,0,1,1,0,1,0,0,2,0,0,1,0,0,0,0,0,0,0,0,0,0,0,0,0,1,1,0,0,0,0,0,0,0,0,0,1,0,0,2,0,0,0,0,0,0,0,0,0,1,0,0,0,0,0,1,0,0,0,0,1,0,1,2,0,1,0,0,0,0,0,0,0,1,0,0,0,0,1,0,1,0,0,0,0,0,0,0,0,0,0,1,0,0,0,0,0,1,0,1,0,0,0,1,0,1,0,0,0,0,0,0,0,0,0,0,0,0,0,1,0,0,0,0,0,0,0,0,0,0,0,0,0,0,0,0,0,0,0,0,0,0,0,0,0,0,1,0,0,0,0,2,0,0,0,0,0,1,2,0,0,1,0,0,0,1,0,0,0,0,2,0,0,0,0,0,0,0,0,0,0,0,0,0,0,0,0,0,1
1,0,1,0,0,0,0,0,0,1,0,0,0,1,0,0,0,0,0,0,1,0,0,0,0,0,1,0,0,0,0,0,1,0,2,0,0,0,0,0,0,0,1,0,0,0,0,0,1,0,0,0,0,2,0,0,0,0,0,0,0,0,0,0,0,0,0,0,0,1,1,0,0,0,0,0,0,2,0,0,0,0,1,0,1,0,1,2,2,0,0,0,0,0,0,0,0,0,0,0,0,0,0,0,0,0,0,0,0,0,0,0,0,0,0,0,0,0,0,0,0,0,1,0,0,0,0,1,0,1,2,0,1,2,0,0,0,0,0,0,1,0,0,0,0,1,0,0,0,0,0,1,0,0,2,0,0,2,0,0,0,0,0,2,0,0,0,0,0,0,0,0,0,0,1,1,1,1,0,0,0,1,0,1,1,0,1,0,0,0,1,0,0,0,0,0,0,0,0,0,0,0,0,0,0,0,0,1,0,0,0,0,0,0,0,0,0,0,0,0,0,0,0,0,0,1,0,0,0,0,0,0,0,0,0,0,0,1,0,0,0,0,1,0,0,0,0,0,0,0,0,0,1,0,0,1
0,1,0,0,0,0,0,0,0,0,0,0,0,0,0,0,0,0,0,0,0,0,0,0,0,1,2,0,0,0,0,0,0,0,0,0,0,0,0,0,0,0,0,0,1,0,0,0,1,0,0,0,0,0,0,1,0,0,0,1,0,0,0,0,0,0,0,0,0,3,1,0,0,0,0,1,0,0,0,0,0,0,1,0,2,0,0,0,0,0,1,0,0,1,0,0,0,0,0,0,0,0,0,0,0,0,0,0,0,0,0,1,0,0,0,0,0,0,0,0,0,0,1,0,0,0,0,2,0,1,3,1,2,1,0,0,0,0,0,0,0,0,0,0,0,1,0,1,0,0,0,0,0,0,1,0,0,0,0,0,0,0,0,1,1,0,0,0,0,0,2,0,0,0,0,0,1,0,0,0,0,0,0,0,0,0,2,0,0,0,1,0,0,0,0,0,0,0,0,0,0,0,0,0,0,0,0,0,0,0,0,0,0,0,0,0,0,0,0,0,0,1,0,0,0,0,1,0,0,0,0,0,0,0,0,0,0,1,0,0,0,0,0,0,0,1,0,0,0,0,0,0,0,1,0,2
1,0,0,1,0,0,1,2,2,1,0,0,0,0,1,0,0,0,0,0,2,0,0,0,0,0,1,2,0,0,0,0,0,0,1,0,0,0,0,0,0,0,0,0,0,0,0,0,1,0,0,1,0,0,0,0,0,0,0,0,0,0,1,0,0,0,0,0,0,2,0,0,0,0,0,1,0,0,0,0,0,0,1,0,1,0,0,0,0,0,0,0,0,2,0,0,0,0,0,0,0,0,0,0,0,0,0,0,0,0,0,0,0,0,0,0,0,0,0,0,0,0,1,0,0,1,0,3,0,1,3,0,1,2,0,0,0,0,0,0,0,1,0,0,0,1,1,0,0,0,1,0,0,0,1,0,0,0,0,3,0,0,0,1,1,0,0,0,0,0,1,0,0,0,0,0,1,0,0,0,0,1,0,0,0,0,1,0,0,0,1,0,2,0,0,0,0,2,0,0,0,0,2,0,0,0,0,0,0,0,0,0,0,0,0,0,0,0,0,0,0,0,0,0,1,0,0,2,0,0,0,0,0,0,0,0,0,1,0,0,0,0,0,0,0,0,0,0,0,1,0,0,0,0,0,1
0,0,0,1,0,0,0,0,0,0,0,1,0,2,0,0,0,0,0,0,0,0,0,0,0,0,2,0,0,0,0,0,0,0,0,1,0,1,0,0,0,0,0,0,0,1,0,0,0,0,0,0,0,0,0,0,0,0,1,0,0,0,2,0,0,0,0,1,0,2,1,0,0,0,0,1,0,0,0,0,0,0,0,0,0,0,0,0,0,0,0,0,0,2,0,0,0,0,0,0,0,0,0,0,0,2,0,1,0,1,0,1,0,0,0,2,0,0,0,0,0,0,2,0,0,0,0,2,0,2,5,1,2,0,0,0,0,0,0,1,1,0,0,0,0,2,0,1,0,0,0,0,0,0,1,0,0,0,0,0,0,0,1,0,2,0,0,0,0,0,2,0,0,0,0,0,0,1,0,0,0,0,0,1,0,0,2,0,0,0,0,0,0,0,0,0,0,0,0,0,0,0,0,1,0,0,0,0,0,0,0,0,0,0,0,0,0,0,1,0,0,0,0,0,0,0,1,0,0,0,1,1,0,0,0,0,0,2,0,0,0,0,0,0,0,0,0,0,0,0,0,0,0,0,0,2
1,2,0,0,0,0,0,0,0,1,0,0,0,1,0,0,0,0,0,0,1,0,0,0,0,0,0,0,0,0,0,0,0,0,0,0,0,0,0,0,0,0,0,0,0,1,0,1,1,0,0,0,0,1,0,0,0,0,0,0,0,0,0,0,0,0,0,0,0,1,1,0,0,0,0,1,0,0,0,0,0,0,1,0,1,0,0,0,0,0,0,0,0,1,0,0,0,0,0,0,0,0,0,0,0,0,0,0,1,0,0,0,0,0,0,0,0,0,0,0,0,0,1,0,0,0,0,2,0,1,2,0,1,1,0,0,0,1,0,1,0,0,0,0,0,2,0,0,0,0,0,0,0,0,1,0,0,0,0,0,0,0,0,1,1,0,0,0,0,0,1,0,1,0,0,0,1,0,0,0,0,1,0,0,1,0,1,0,0,0,1,1,0,1,0,0,0,0,0,1,0,0,1,0,0,0,0,0,0,0,0,0,0,0,0,0,0,0,1,0,0,0,0,0,0,0,0,0,0,0,0,1,0,0,0,0,1,2,0,1,0,0,0,2,1,0,1,0,1,0,0,0,1,0,0,1
0,3,0,2,0,0,0,1,0,0,0,0,0,3,4,1,2,0,0,0,0,0,1,0,0,0,2,1,6,0,0,0,0,0,0,0,0,0,0,0,0,0,0,0,0,0,0,0,0,0,0,0,0,0,0,0,0,0,0,0,0,0,0,0,0,0,0,0,0,2,2,0,0,0,0,2,0,0,0,0,0,0,0,0,0,0,0,1,0,0,0,1,0,2,0,0,0,0,0,0,0,1,0,0,0,1,0,0,0,0,0,0,0,0,0,0,0,0,0,0,0,0,2,1,0,0,0,3,1,2,6,0,2,0,0,0,0,1,0,1,0,0,1,0,0,3,1,1,0,0,0,2,0,2,0,0,0,0,0,0,0,0,1,0,2,1,0,0,0,0,3,1,0,0,0,0,0,0,0,0,0,0,0,0,0,0,2,0,0,1,0,0,0,0,0,0,0,0,0,0,0,0,0,2,0,0,0,0,0,0,0,0,0,0,0,0,0,0,0,0,0,0,0,0,0,0,0,0,0,0,1,1,0,0,1,0,0,8,0,0,0,0,0,0,0,1,0,0,3,0,0,0,0,0,0,1
1,0,0,0,1,0,0,0,0,0,0,0,0,2,0,0,0,0,0,0,0,0,0,0,0,1,1,0,1,0,0,0,0,0,0,0,0,0,0,0,0,0,0,0,0,0,0,0,0,0,0,0,0,0,0,0,0,0,1,0,0,0,1,0,0,0,0,0,0,2,3,0,0,0,0,2,0,0,0,0,0,0,0,0,0,0,0,0,0,0,0,0,0,2,0,0,0,0,0,0,0,0,0,0,0,1,0,0,0,0,0,0,0,0,0,0,0,0,0,0,0,0,2,0,0,0,0,2,0,2,5,1,2,0,2,0,0,0,0,0,0,0,0,0,0,2,0,1,0,0,0,0,0,1,0,0,0,0,0,0,0,0,0,0,2,0,0,0,0,0,2,0,0,0,0,0,0,0,0,0,0,0,0,0,0,0,2,0,0,0,0,0,0,0,0,0,0,0,0,0,0,0,0,0,0,0,0,0,0,0,0,0,0,0,0,0,0,0,0,0,0,0,0,0,0,0,0,0,0,0,1,1,0,0,0,0,0,5,0,0,0,0,0,0,0,0,0,0,0,1,0,0,0,0,0,3
0,0,0,0,0,0,1,0,0,0,0,1,0,3,0,0,1,0,0,0,0,0,0,0,0,0,1,0,0,0,0,0,0,0,0,0,0,0,0,0,0,0,0,0,0,2,1,0,0,0,0,0,0,0,0,0,0,0,3,0,0,0,3,0,0,0,0,0,0,2,2,0,0,0,0,3,0,0,0,0,0,0,0,0,0,0,0,0,0,0,0,0,0,2,0,1,0,0,0,0,0,1,0,0,0,1,0,0,0,0,0,0,0,0,0,3,0,0,0,0,0,0,2,0,0,0,0,1,0,2,5,0,2,1,1,0,0,0,0,1,1,0,2,0,0,3,0,1,0,0,0,0,0,3,2,0,0,0,0,0,0,0,0,0,2,0,0,0,0,0,2,0,0,0,0,0,0,0,0,0,0,0,0,0,0,0,0,0,0,0,0,0,0,0,0,0,0,0,0,0,0,0,0,0,0,1,0,0,0,0,0,0,0,0,0,1,0,0,0,0,0,0,0,0,0,0,0,0,0,0,0,0,0,0,0,0,0,4,0,0,0,0,0,0,0,0,0,0,0,0,0,0,0,2,0,2
1,0,0,0,2,0,1,0,0,1,0,2,0,1,0,0,0,0,0,0,0,0,0,0,2,0,1,0,0,0,0,0,0,1,0,0,0,1,0,0,0,0,0,0,0,1,0,0,1,0,0,0,0,0,0,0,0,0,1,0,0,0,0,0,0,0,0,0,0,1,1,0,0,0,0,1,0,0,0,0,0,0,1,0,1,0,0,1,0,0,0,0,1,1,3,0,0,0,0,0,0,0,0,0,0,1,0,0,0,0,0,0,0,0,0,0,0,0,0,0,0,0,1,0,0,0,0,1,0,1,7,0,1,3,0,5,0,0,0,1,2,0,0,0,0,1,0,1,0,0,0,0,0,3,1,0,0,0,0,0,0,0,0,2,1,0,0,0,0,0,1,0,0,0,0,0,1,0,0,0,0,1,0,0,1,0,0,0,0,0,1,0,0,4,0,0,0,1,0,0,1,0,1,1,0,0,0,0,0,0,0,0,0,0,0,0,0,0,0,1,0,2,0,0,0,1,4,1,1,1,2,2,1,0,0,0,0,2,0,0,1,0,0,3,0,0,0,0,0,0,0,0,1,0,0,1
0,0,0,0,0,0,2,0,0,0,0,1,0,2,0,0,0,1,0,0,0,0,0,0,0,0,2,0,0,0,0,0,0,0,0,0,0,0,0,0,0,0,0,0,0,0,1,0,0,1,0,0,0,0,0,0,0,0,0,0,0,0,1,0,0,0,0,1,0,2,4,0,0,0,0,2,0,0,0,0,2,0,0,0,0,0,0,0,0,0,0,0,0,2,0,0,0,0,0,0,0,0,0,0,0,0,0,0,0,0,0,0,0,0,1,0,0,1,0,0,0,0,2,0,0,0,0,2,0,2,5,1,2,0,1,2,0,0,0,0,0,0,0,0,2,2,0,2,0,0,0,0,0,2,2,0,0,0,0,0,0,0,0,0,2,0,0,0,0,0,2,0,0,0,0,0,0,0,1,0,1,0,0,1,0,0,2,0,0,0,0,0,0,0,0,0,0,0,0,0,0,0,0,0,0,0,0,0,0,0,0,0,0,0,0,0,0,0,0,0,0,0,0,0,0,0,1,0,0,0,0,1,0,0,1,0,0,6,0,0,0,0,0,0,2,0,0,1,0,0,0,0,0,1,1,4
1,0,0,0,0,1,0,0,4,2,0,0,0,1,0,0,0,0,0,0,3,0,0,0,3,0,1,2,0,0,0,0,0,0,0,0,0,0,0,0,0,0,0,0,1,0,0,1,1,0,0,0,0,0,0,0,0,0,0,2,0,0,0,0,0,0,0,0,0,0,2,0,1,0,0,0,0,0,0,0,0,0,1,0,2,0,0,0,0,0,0,0,0,0,0,0,0,0,0,0,0,0,0,1,0,1,0,0,0,0,0,0,0,0,0,0,0,0,1,0,0,0,1,0,0,0,0,0,1,1,1,0,0,3,0,0,0,0,0,0,0,0,0,0,0,1,3,1,0,0,0,0,0,1,1,0,0,0,0,0,0,0,0,3,0,0,0,0,0,0,1,0,0,0,0,0,2,0,0,0,0,1,0,0,0,0,1,0,0,0,2,0,0,0,0,0,1,1,0,2,0,0,3,0,0,0,0,0,0,0,0,0,0,0,0,0,0,0,0,0,1,1,0,0,2,0,0,1,0,0,0,0,0,1,0,0,0,2,0,0,0,0,0,0,0,0,0,0,0,0,0,0,0,0,0,1
2,0,1,0,1,0,0,1,0,2,0,0,0,0,0,1,0,1,1,0,1,0,0,0,0,0,1,0,0,0,0,0,0,0,0,0,4,2,1,0,0,0,0,0,0,0,0,0,2,4,0,1,0,0,0,0,0,0,0,4,0,1,0,0,0,0,0,0,0,0,0,0,0,0,0,0,0,2,0,0,0,0,2,1,2,0,0,0,0,0,0,0,1,0,4,0,0,0,0,0,0,0,0,1,0,0,0,0,0,0,0,0,0,0,0,1,0,0,0,0,0,0,0,0,0,0,0,0,0,0,0,0,0,3,0,0,0,0,0,0,0,0,0,0,0,0,1,0,0,0,0,2,1,0,1,5,0,0,0,1,0,0,0,2,0,0,0,0,0,0,0,0,1,1,0,0,2,0,0,0,0,3,0,1,0,0,1,0,0,0,2,0,0,0,0,0,0,1,0,0,0,0,0,0,0,0,0,0,0,0,0,0,0,0,0,0,0,0,0,0,0,0,0,0,2,0,0,1,0,0,0,0,0,0,3,0,0,0,0,0,1,0,0,0,0,0,0,0,0,0,0,0,0,0,0,0
0,1,0,0,0,0,1,0,0,0,1,0,0,3,0,0,1,0,0,0,0,0,0,0,2,0,2,0,0,1,0,0,0,0,0,0,0,1,0,0,0,0,0,0,0,0,0,0,1,0,0,1,0,0,0,0,0,0,0,0,0,0,1,0,0,0,0,1,1,1,2,0,0,0,0,0,0,0,0,0,0,0,0,0,1,0,0,0,0,0,0,0,0,1,0,2,0,0,0,0,0,0,0,0,0,0,0,0,0,0,0,0,0,0,0,0,0,1,0,0,0,0,2,0,0,0,0,2,0,1,4,0,1,3,2,1,0,0,2,2,0,0,0,0,1,3,0,3,0,0,0,0,0,0,1,0,0,0,0,0,2,0,0,1,0,0,0,1,0,0,2,0,0,0,0,0,1,0,0,0,0,0,0,1,0,0,2,0,0,0,3,0,0,0,0,0,0,0,0,0,1,0,0,0,0,0,0,0,0,0,0,0,1,0,0,1,0,1,0,0,0,2,0,0,0,1,1,0,0,0,0,0,0,0,0,0,3,3,0,0,1,0,1,0,0,1,0,1,0,0,0,0,1,0,1,1
2,0,0,0,0,0,0,0,0,1,0,0,0,1,2,1,1,1,0,0,4,0,0,0,1,0,1,2,0,0,0,0,0,0,0,0,0,0,0,0,0,0,0,0,0,0,0,2,1,0,0,0,0,0,0,0,0,0,0,0,0,0,0,0,0,0,0,0,0,1,1,0,0,0,0,1,0,0,0,0,0,0,1,0,1,0,0,2,1,0,0,0,0,1,0,0,0,1,0,0,0,0,0,1,0,1,0,0,0,0,0,0,0,0,0,0,0,0,0,0,0,0,1,0,0,0,0,1,0,1,1,0,1,2,0,0,0,0,0,1,0,0,0,0,1,1,1,0,0,0,0,0,0,0,0,0,0,0,0,2,0,0,0,2,1,0,0,0,0,0,1,0,0,0,0,0,1,0,0,0,0,1,0,0,1,2,1,3,0,0,1,0,2,3,0,0,0,0,0,2,0,0,1,1,0,0,0,0,0,0,0,0,1,0,0,0,0,0,0,0,0,0,0,0,0,2,1,1,0,0,0,0,0,0,0,0,0,2,0,0,0,0,0,0,0,0,1,0,1,1,0,0,1,1,0,0
1,0,0,0,0,0,0,0,0,1,0,0,0,1,0,0,0,0,0,0,1,0,0,0,1,0,1,0,0,0,0,0,0,0,1,0,0,1,0,0,0,0,1,0,0,0,0,0,1,0,0,0,0,0,0,0,0,0,0,0,0,0,0,1,0,0,0,0,0,2,1,0,0,0,0,1,0,0,0,0,0,0,1,0,1,0,0,0,1,0,2,0,1,1,1,0,0,0,0,0,0,0,0,0,1,0,1,0,0,0,0,1,0,0,0,3,0,0,0,0,0,0,1,0,0,0,0,1,0,1,2,0,1,2,0,0,0,0,0,0,0,0,1,1,0,1,0,0,0,0,0,0,0,0,1,0,0,1,0,0,0,0,0,2,1,0,0,0,0,0,0,0,0,0,0,0,1,0,0,0,0,1,0,0,0,0,1,0,0,0,1,1,0,0,0,0,0,0,0,0,0,0,1,0,0,0,0,0,0,0,0,0,0,0,0,0,0,0,0,0,0,0,0,0,0,0,1,0,0,0,1,1,0,0,0,0,0,2,0,0,0,0,0,0,0,0,0,0,0,0,0,0,0,0,0,0
1,0,0,0,0,0,2,0,0,1,1,1,0,3,1,0,1,0,0,0,0,0,0,0,0,0,1,0,0,0,0,0,0,0,0,0,1,0,0,0,0,0,0,1,0,0,1,0,1,0,0,0,0,0,0,0,0,0,2,0,0,0,0,0,0,0,0,0,0,1,0,0,0,0,0,2,0,0,0,0,0,1,1,0,1,0,0,0,1,0,0,0,0,1,0,0,0,0,0,0,0,1,0,0,1,2,2,0,0,0,0,0,0,0,0,0,0,0,0,0,2,0,1,2,0,0,0,2,1,1,3,1,1,2,0,0,0,0,0,0,2,0,0,0,1,1,0,0,0,0,0,0,0,0,3,0,0,1,0,0,0,0,0,1,1,0,0,0,0,0,1,0,0,0,0,0,1,0,0,0,0,1,0,0,0,0,1,1,0,0,1,0,0,1,0,0,0,0,0,0,0,1,0,0,0,0,0,0,0,0,0,0,0,0,0,2,0,0,0,3,0,1,0,0,0,0,0,1,0,0,0,1,0,0,0,0,0,3,0,0,0,0,0,1,0,0,0,0,1,0,0,0,0,0,0,1
0,0,0,0,0,0,0,2,0,0,0,0,0,2,0,0,0,0,0,0,0,1,0,1,0,0,1,0,0,0,0,0,0,0,1,0,0,0,0,0,0,0,0,0,0,1,0,0,1,0,0,0,1,0,0,0,0,0,2,0,0,0,2,0,0,0,0,0,0,2,3,0,0,0,0,2,0,0,0,0,0,0,0,0,0,0,0,0,0,0,0,0,0,2,0,0,0,0,0,0,0,0,0,0,0,0,0,0,0,0,0,0,0,0,0,0,0,0,0,0,0,0,2,0,0,0,0,2,0,2,4,0,2,0,0,1,0,0,0,0,0,0,0,0,0,2,0,0,0,0,0,0,0,1,2,0,0,0,0,0,0,0,0,0,2,0,0,0,0,0,2,0,0,0,0,0,0,0,0,0,0,0,0,0,0,0,2,0,0,0,0,0,0,0,0,0,0,2,0,0,0,0,0,0,0,0,0,0,0,0,0,0,0,0,0,0,0,0,0,0,0,0,0,0,0,0,0,0,0,0,1,0,0,0,0,0,0,3,0,0,0,0,0,0,0,0,0,0,0,0,0,0,0,0,0,2
1,1,0,0,0,0,0,0,0,1,0,0,0,2,0,0,0,0,0,0,0,0,0,0,2,0,1,0,0,0,0,0,0,0,0,0,0,0,0,0,0,0,0,0,0,0,1,0,1,0,0,0,0,0,0,0,0,0,1,0,0,0,1,0,0,0,0,0,0,1,0,0,0,0,0,1,0,0,0,0,0,0,1,0,1,0,0,0,0,0,0,0,0,1,0,0,0,0,0,0,0,0,0,0,0,0,0,0,0,0,0,0,0,0,0,0,0,0,0,0,0,0,1,0,0,0,0,1,0,1,2,0,1,2,0,0,0,0,0,0,1,0,0,0,0,1,1,0,0,0,0,0,0,1,1,0,0,0,0,0,0,0,0,2,1,0,0,0,0,0,1,0,0,1,0,0,1,0,0,0,0,1,0,0,0,0,0,0,0,0,1,1,0,0,0,0,0,0,0,0,1,0,0,0,0,0,0,0,0,0,0,0,0,0,0,0,0,0,0,0,0,0,0,0,0,0,0,1,0,0,0,1,0,1,0,0,0,2,0,0,1,0,0,0,0,0,0,0,0,0,0,0,0,1,0,1
1,0,0,0,1,0,1,0,0,1,0,1,0,0,0,0,0,0,0,0,0,0,0,0,0,1,0,0,0,0,0,0,0,1,0,0,0,1,2,0,0,0,1,1,0,0,0,0,1,0,0,1,0,0,0,0,0,0,0,0,0,0,0,0,0,0,0,0,0,1,3,0,0,0,0,1,0,0,1,0,0,0,1,1,1,1,0,0,0,0,0,0,0,1,0,0,0,0,0,0,0,0,0,0,0,1,0,0,0,0,0,0,0,0,0,0,0,0,0,0,0,0,1,0,0,0,0,1,0,1,4,1,1,2,0,0,0,1,0,0,0,0,0,0,2,1,1,1,0,0,0,0,0,1,2,0,0,0,0,0,0,0,0,1,1,0,0,0,0,0,0,0,0,0,0,0,1,0,0,0,0,1,0,0,1,0,1,0,0,0,1,1,0,0,0,0,0,0,0,0,0,0,0,0,0,0,0,0,0,0,0,0,0,0,0,2,0,0,0,0,0,1,0,0,0,1,0,0,0,0,0,0,0,0,0,0,0,2,0,0,0,0,0,1,0,0,0,0,1,0,0,0,1,0,0,1
0,0,0,0,1,0,2,0,0,0,0,0,0,2,1,0,1,0,0,0,0,0,0,0,0,0,2,0,0,1,0,0,0,0,0,0,0,0,0,1,0,0,0,0,0,1,0,0,0,0,1,0,0,0,0,0,0,0,1,0,0,0,3,1,0,0,0,0,0,2,2,0,0,0,0,1,0,0,0,0,0,1,0,0,0,0,0,0,0,0,0,0,0,2,0,0,0,0,0,0,0,1,0,0,1,1,0,0,0,0,0,0,0,0,0,0,0,0,0,0,0,0,2,0,0,0,0,1,1,2,3,0,3,0,0,0,0,1,0,0,0,0,0,0,0,2,0,0,0,0,1,1,0,0,1,0,1,0,0,0,0,0,0,0,2,0,0,0,0,0,2,0,0,0,0,0,0,0,0,0,0,0,0,0,0,0,2,0,0,0,0,0,0,0,0,0,0,0,0,0,0,0,0,0,0,0,0,0,0,0,0,1,0,0,0,0,0,0,0,0,0,0,0,0,0,0,0,0,0,0,0,1,0,0,0,0,0,4,0,0,0,0,0,0,0,0,0,0,0,0,0,0,0,0,0,4
0,2,0,0,0,0,0,0,0,0,0,0,0,2,0,0,0,0,0,0,0,0,0,0,0,2,2,0,0,0,0,0,0,0,0,0,0,0,0,0,0,0,1,0,0,0,0,0,0,0,0,0,0,0,0,0,0,0,1,0,0,0,0,0,1,0,0,0,0,2,2,0,0,0,0,2,0,0,2,0,0,0,0,0,0,0,0,0,1,0,1,0,0,2,0,0,0,0,0,1,0,0,0,0,0,1,0,0,1,0,0,0,0,0,0,0,2,0,0,0,0,0,2,0,0,0,0,3,0,2,3,0,2,0,0,0,0,1,0,1,2,0,0,0,2,4,0,2,0,0,0,0,0,3,0,0,0,0,0,0,0,0,0,0,2,0,0,0,0,0,1,0,0,0,0,0,0,0,0,0,0,0,0,0,0,0,1,0,0,0,0,2,0,0,0,0,0,0,0,0,0,0,0,0,0,0,0,0,1,0,0,0,0,0,0,0,0,0,0,0,0,0,0,0,0,0,1,0,0,0,0,0,0,0,0,0,0,5,0,0,0,0,0,1,0,0,0,0,0,0,0,0,0,1,0,2
0,0,0,0,0,0,0,0,0,1,0,0,0,2,0,0,0,0,0,0,0,0,0,0,0,0,2,0,0,0,0,0,0,0,0,0,0,0,0,0,0,0,0,0,0,0,0,0,0,0,0,0,0,0,0,0,0,0,1,0,0,0,1,0,0,0,0,2,0,2,2,0,0,0,0,2,0,0,0,0,0,0,0,0,0,0,0,0,0,0,0,0,0,2,0,0,0,0,0,0,0,0,0,0,0,1,0,0,0,1,0,0,0,0,0,1,0,0,0,0,0,0,2,1,0,0,0,2,0,2,5,0,2,0,0,0,0,0,0,1,2,0,1,0,1,2,0,0,0,0,3,0,0,0,1,0,0,0,2,0,0,0,0,0,2,0,0,0,0,0,2,0,0,0,0,0,0,0,0,0,0,0,0,0,0,0,2,0,0,0,0,0,0,0,0,0,0,1,0,0,0,0,0,0,0,0,0,0,0,0,0,0,0,0,0,1,0,0,2,0,0,2,0,0,0,0,1,0,0,0,0,0,0,0,0,0,0,6,1,0,0,3,0,0,0,0,0,0,0,0,0,0,0,1,0,1
0,0,0,0,0,0,0,0,0,0,0,0,0,2,0,0,0,0,0,0,0,0,0,0,0,0,2,0,0,0,0,0,0,0,0,0,0,0,0,0,0,0,0,0,0,0,0,0,0,0,0,0,0,0,0,0,0,0,0,0,0,0,0,0,0,0,0,0,0,2,2,0,0,0,0,2,0,0,0,0,0,0,0,0,0,0,0,0,0,0,0,0,0,2,0,0,0,0,0,0,0,0,0,0,1,1,0,0,0,0,0,1,0,0,0,0,0,0,0,0,0,0,2,0,0,0,0,2,0,2,3,0,2,0,0,0,0,0,0,0,0,0,1,0,0,2,0,1,0,0,0,0,0,0,0,0,0,0,0,0,0,0,0,0,2,0,0,0,0,0,2,0,0,0,0,0,0,1,0,0,0,0,0,0,0,0,2,0,0,0,0,1,0,0,0,0,0,0,0,0,0,0,0,0,0,0,0,0,0,0,0,0,0,0,0,0,0,0,0,0,0,0,0,0,0,0,0,0,0,0,2,0,0,0,0,0,0,4,0,0,0,0,0,0,1,0,0,0,0,0,0,0,0,1,0,2
0,0,0,0,0,0,0,3,0,0,0,0,0,4,3,0,0,0,0,0,0,0,0,0,0,0,2,0,0,0,0,0,0,0,1,1,0,0,0,0,0,0,0,0,0,0,0,0,0,0,0,0,0,0,0,0,0,0,0,0,0,0,0,0,1,0,0,1,0,2,3,0,0,0,0,1,0,1,0,0,0,0,0,0,0,0,1,0,0,0,0,0,0,3,0,0,0,0,0,0,1,0,0,0,0,0,0,1,0,0,0,1,0,0,1,0,0,0,0,0,0,0,2,0,0,0,0,3,0,2,2,0,3,0,0,1,0,0,1,1,0,1,0,0,0,2,0,0,0,0,0,0,0,0,0,0,0,0,0,2,0,0,0,0,2,0,0,1,0,0,2,0,0,0,0,0,0,0,1,0,0,0,0,0,0,1,2,0,0,0,0,0,0,0,0,0,0,0,0,1,0,0,0,0,0,0,0,1,0,0,1,0,0,0,0,0,0,0,0,0,0,0,0,0,0,0,0,0,0,0,0,0,0,0,0,0,0,4,0,0,0,0,1,0,0,2,0,1,0,0,0,0,0,0,1,0
0,4,0,0,1,0,2,1,0,0,0,0,0,2,0,0,0,0,0,0,0,4,0,0,0,0,1,0,0,0,0,0,0,0,0,0,0,0,0,0,0,0,0,0,0,0,0,0,0,0,0,0,0,0,0,0,0,0,0,0,0,0,0,0,0,1,0,0,0,2,2,0,0,0,0,2,0,0,0,0,0,1,0,0,0,0,0,0,1,0,0,0,0,2,0,0,0,0,0,0,0,0,0,0,0,0,0,0,0,0,0,0,0,0,0,0,0,0,0,0,0,0,2,0,0,0,0,2,0,2,5,1,2,0,0,0,0,1,0,0,1,0,0,0,1,2,0,0,0,0,0,0,0,0,0,0,0,0,0,0,0,0,0,0,2,1,0,0,0,0,5,0,0,0,1,0,0,0,0,0,0,0,0,0,0,0,2,0,0,0,0,2,0,0,0,0,0,0,0,0,1,0,0,0,0,0,0,1,0,0,0,0,0,0,1,2,0,0,0,0,0,0,0,0,0,0,0,0,0,0,0,1,0,0,0,0,2,5,0,0,0,0,1,4,0,0,0,0,1,0,0,0,0,1,0,2
0,1,0,0,0,0,1,0,0,0,0,0,0,1,0,0,0,1,0,0,0,0,0,0,0,0,1,0,0,0,0,0,0,0,0,0,0,0,0,0,0,0,0,0,1,0,0,0,0,0,0,0,0,0,0,0,0,0,1,0,1,0,0,0,0,0,0,0,0,2,1,0,0,0,0,2,0,0,0,0,0,0,0,0,0,0,0,0,0,0,0,0,0,2,0,0,0,0,0,0,0,0,0,1,0,2,0,0,0,0,0,0,0,0,1,0,0,1,1,0,0,0,2,0,0,0,0,2,0,2,2,0,2,0,2,1,0,1,0,1,0,1,0,0,0,3,0,0,0,0,0,1,0,0,0,0,0,0,0,0,0,0,0,0,2,0,0,1,0,0,2,0,0,0,0,0,0,0,1,0,0,0,0,0,0,0,2,0,0,0,0,0,0,0,0,0,0,0,1,0,0,0,0,0,1,0,0,0,0,0,0,1,1,1,0,0,2,0,1,0,0,0,1,0,0,0,0,0,0,0,0,0,0,0,0,0,0,6,0,0,0,0,0,0,0,2,0,1,2,0,0,0,0,1,1,1
0,0,0,0,1,0,1,2,0,0,0,0,0,2,1,0,2,0,0,0,1,0,0,0,1,0,2,0,0,0,0,0,0,0,0,0,0,0,0,0,0,0,0,0,0,0,0,0,0,0,0,0,0,0,0,0,0,0,0,2,0,0,0,0,0,0,0,0,0,1,2,0,0,0,0,1,0,0,0,0,0,0,0,0,1,0,0,0,0,0,0,1,0,1,0,0,0,0,0,0,0,0,0,0,0,1,0,0,0,0,0,2,0,0,0,0,0,0,0,0,0,0,2,1,0,0,0,2,0,2,2,0,2,2,0,0,2,0,0,0,0,0,0,0,1,1,0,1,0,0,0,0,0,1,1,0,1,0,1,0,0,0,0,1,2,0,0,0,0,0,2,0,0,0,0,0,1,0,0,0,0,0,0,0,0,0,3,0,0,0,1,0,0,0,0,0,0,1,0,0,0,0,0,0,0,0,0,0,0,0,0,0,1,0,0,0,0,0,0,0,0,0,0,0,0,0,0,0,0,0,0,0,0,0,1,0,0,3,0,0,0,0,0,0,0,0,1,0,2,0,0,0,0,2,0,4
1,0,0,0,0,0,0,0,0,1,0,0,0,1,0,0,0,0,0,0,0,0,0,0,0,0,1,0,0,0,0,0,0,0,0,1,0,1,2,1,0,0,1,0,0,1,0,0,1,0,0,1,0,0,1,1,0,0,0,1,0,0,0,0,0,0,0,0,0,1,2,0,0,0,0,1,0,0,0,0,0,0,1,0,1,0,0,0,1,0,0,0,0,1,0,0,0,0,0,0,0,0,0,0,0,2,0,0,0,0,0,1,0,0,0,0,0,0,0,2,1,0,1,0,0,1,0,1,0,1,1,0,1,1,0,0,0,0,0,0,0,0,0,0,0,1,0,0,0,0,0,0,0,0,0,0,0,0,0,0,0,0,0,1,1,0,0,0,0,0,0,0,0,0,0,0,1,0,0,0,0,1,0,0,1,0,1,0,0,0,1,0,0,0,0,0,1,0,0,0,0,0,1,0,0,0,0,0,0,0,1,0,0,0,0,1,0,0,0,0,0,0,0,0,0,0,0,0,0,0,0,0,0,0,0,0,0,3,0,0,0,0,0,0,0,1,0,0,0,0,0,0,0,2,0,1
1,0,0,0,3,0,0,1,0,1,0,1,0,1,0,0,0,0,0,0,0,0,0,0,0,0,0,0,0,0,0,0,0,0,0,0,0,0,0,0,0,0,0,0,1,0,0,0,1,0,0,0,0,0,0,0,0,0,0,1,0,1,1,0,0,0,0,0,0,1,2,0,0,0,1,1,1,0,0,0,0,0,1,0,1,0,0,0,1,0,0,0,0,1,0,0,0,0,0,1,0,0,0,0,0,1,0,0,0,0,0,0,0,0,0,0,0,0,0,0,0,0,1,0,0,0,0,1,0,1,4,0,1,2,0,0,0,0,0,0,0,0,0,0,1,1,2,1,0,0,0,0,0,2,2,0,0,0,0,2,0,0,0,2,1,0,0,0,0,0,1,0,0,1,1,0,1,1,0,0,0,1,0,0,0,0,1,0,0,0,1,0,0,1,0,0,0,0,0,1,0,0,2,0,0,0,0,0,0,0,0,0,0,0,0,0,1,0,0,0,0,0,0,0,1,0,0,2,0,0,0,2,0,0,0,0,0,1,0,0,1,0,0,1,0,0,0,0,0,1,0,0,0,0,0,1
0,0,0,0,1,0,1,0,0,0,0,1,0,4,0,1,3,0,0,0,0,0,0,0,0,0,1,0,0,1,0,0,0,1,0,0,0,0,0,0,0,0,0,0,0,0,0,0,0,0,0,1,0,0,0,0,0,0,0,0,0,0,2,0,0,0,0,0,0,2,3,0,0,0,0,2,0,0,2,0,0,0,0,0,0,0,0,0,0,0,0,1,0,2,0,0,0,0,0,0,0,0,0,0,0,1,0,0,0,0,0,0,0,0,0,0,0,0,0,0,0,0,2,0,0,0,0,2,0,2,3,0,2,0,0,0,0,0,0,0,0,0,0,0,0,2,0,0,0,0,0,0,1,0,0,0,0,0,0,0,0,0,0,0,1,0,0,0,0,0,2,0,0,0,0,0,0,0,0,0,0,0,0,0,0,1,1,0,0,0,0,0,0,0,0,0,0,1,0,0,0,0,0,0,0,2,0,0,2,0,0,0,3,0,0,3,0,0,0,0,0,0,0,0,0,0,0,0,0,0,2,0,0,0,1,0,0,5,0,0,0,0,0,0,0,0,0,0,1,1,0,0,0,0,0,2
1,0,0,2,0,0,2,0,0,1,0,0,0,2,0,0,0,0,0,0,2,1,0,0,0,0,0,1,0,0,0,0,0,0,0,0,0,0,0,0,0,0,0,0,1,0,0,0,1,0,0,0,0,0,1,0,0,0,0,2,0,0,0,0,0,0,0,0,0,1,2,0,0,0,0,3,0,0,0,0,0,0,1,0,1,0,0,0,3,0,0,1,0,1,1,0,0,0,0,0,0,0,0,0,0,1,0,0,0,0,0,0,0,0,0,0,0,0,0,0,0,0,1,0,0,0,0,1,0,1,1,0,1,0,0,0,0,0,0,1,0,0,0,0,0,1,1,1,0,0,0,0,0,2,0,0,0,0,0,0,0,0,0,1,1,0,0,0,0,0,1,0,0,0,0,0,1,0,0,0,0,1,0,0,1,0,1,0,0,0,1,0,0,1,0,0,1,0,0,0,0,0,2,0,1,0,0,0,0,0,0,0,0,0,0,0,0,0,0,0,0,0,0,0,0,0,0,0,0,0,0,0,0,0,0,0,0,2,0,1,0,0,0,0,0,1,0,0,2,0,0,0,0,0,0,2
1,0,1,0,3,0,0,1,0,1,0,0,0,1,1,0,0,0,0,0,1,0,0,1,2,1,2,0,0,0,0,0,0,1,1,1,0,2,1,0,0,0,0,2,0,0,0,0,1,0,1,1,0,1,0,0,0,1,1,1,0,0,0,0,0,0,0,0,0,1,2,0,0,0,0,2,0,1,0,0,0,0,2,1,1,1,0,0,1,0,0,0,0,1,0,0,0,0,0,1,0,0,0,1,1,2,0,1,2,0,0,0,0,0,0,2,0,1,0,0,0,0,1,0,0,0,0,1,0,1,2,0,1,4,0,2,0,0,0,0,2,0,0,0,0,2,4,1,0,0,0,0,0,1,5,0,0,1,0,0,0,0,0,1,1,0,0,0,0,0,1,0,0,0,0,0,1,0,0,0,0,1,0,0,0,0,1,0,0,0,1,0,0,0,0,0,0,0,0,0,0,0,0,1,0,0,0,0,0,0,0,0,0,0,0,2,0,0,1,0,0,0,0,0,0,2,0,2,0,0,0,1,0,4,0,0,0,2,0,0,0,0,0,2,0,0,1,0,2,1,0,0,0,0,0,1
0,1,0,0,0,0,0,0,0,0,0,0,0,1,0,0,0,0,0,0,0,0,0,0,0,0,2,0,0,0,0,0,0,0,0,0,0,0,0,0,0,0,0,0,0,0,0,0,0,0,0,0,0,0,0,0,0,0,1,0,0,0,1,0,0,0,0,1,0,2,1,0,0,0,0,2,0,0,0,0,0,0,0,0,0,0,0,0,0,0,0,0,0,2,0,0,0,0,0,0,0,0,0,0,0,1,0,0,1,0,0,0,0,0,0,0,0,0,0,0,0,0,2,0,0,0,0,2,0,2,4,0,2,0,2,0,0,0,0,0,0,1,0,0,3,2,0,1,0,0,0,0,0,1,2,0,0,0,0,0,0,0,0,0,2,0,0,0,0,0,2,0,0,0,0,0,0,0,0,0,0,0,0,0,0,0,1,0,0,0,0,1,0,0,0,0,0,0,0,0,0,0,0,0,0,0,0,0,0,0,0,0,0,0,0,0,0,0,0,0,0,0,0,0,0,0,0,0,0,0,0,1,0,0,0,0,0,5,0,0,0,0,0,0,0,0,0,0,2,0,0,0,0,0,0,2
0,0,0,0,0,0,0,0,0,0,0,0,0,4,0,0,2,0,1,0,0,0,0,0,0,2,1,0,0,0,0,0,0,0,0,0,0,0,0,0,0,0,0,0,0,0,0,0,0,0,0,0,0,0,0,0,0,0,0,0,0,0,0,0,0,0,0,0,0,2,3,0,1,0,0,2,0,0,0,0,0,0,0,0,0,0,0,0,1,0,0,0,0,2,0,0,0,0,0,0,0,0,0,0,0,1,0,0,0,0,0,1,0,0,0,0,0,0,0,0,0,0,2,0,0,0,0,2,0,2,5,0,2,0,1,0,0,0,0,0,0,1,0,0,0,2,1,2,0,0,0,0,0,2,1,0,0,0,0,0,0,0,0,0,2,0,0,0,0,0,2,0,0,0,0,0,0,0,0,0,0,1,0,0,0,0,1,0,0,0,0,0,0,0,0,0,0,0,0,0,0,0,0,0,0,0,0,0,0,0,0,0,0,0,0,1,0,0,0,0,0,2,1,0,0,0,0,0,0,0,0,0,0,0,0,0,0,4,0,0,0,0,0,0,0,0,0,0,3,0,0,0,0,0,0,1
0,0,0,0,0,0,0,0,0,1,0,0,0,1,1,0,0,0,0,0,0,0,0,0,0,0,1,0,1,2,0,0,0,0,1,0,0,0,0,0,0,0,0,0,0,0,0,0,0,0,0,0,0,0,0,0,0,0,0,0,0,0,0,0,0,0,0,0,0,1,5,0,0,4,0,1,0,0,1,0,0,0,0,0,1,1,2,0,0,0,0,0,1,3,0,0,0,0,0,1,0,1,0,0,0,0,0,1,1,0,0,0,0,1,2,0,0,1,0,0,0,0,1,1,0,0,0,2,0,1,1,1,1,1,1,0,0,0,1,0,2,0,0,0,1,4,0,0,0,0,0,0,0,2,0,0,0,0,0,1,0,0,3,0,1,0,1,1,0,0,4,0,0,0,0,0,1,0,1,0,0,1,0,0,1,0,1,0,0,1,0,1,0,0,1,1,0,0,0,0,0,0,0,0,0,0,0,0,0,0,0,1,0,0,0,1,0,0,0,1,0,0,1,0,0,1,0,1,0,0,0,0,0,0,0,0,0,6,0,1,0,0,0,1,0,2,0,1,0,0,0,0,1,0,1,1
0,0,0,0,0,0,0,0,0,0,0,0,0,2,1,0,1,0,0,0,0,0,0,1,0,0,1,1,0,0,1,0,0,0,0,0,0,0,0,0,0,0,0,0,0,0,1,0,0,2,0,0,0,0,1,0,0,0,0,0,0,0,0,0,0,0,0,0,0,1,1,0,0,0,0,1,0,1,0,0,0,0,0,1,0,0,0,1,0,0,0,0,0,2,0,0,0,0,0,0,0,0,0,0,2,0,6,0,0,1,0,0,0,0,1,0,5,0,0,0,0,0,1,0,0,0,6,2,0,1,3,0,1,0,0,0,0,1,1,0,0,1,0,2,0,1,0,0,0,0,0,0,0,0,2,0,3,2,1,0,0,0,1,0,2,0,1,0,0,0,1,0,1,0,0,0,0,0,0,0,0,0,0,2,0,0,1,0,0,0,0,0,0,0,2,0,0,0,0,0,0,0,0,0,0,0,0,0,0,0,0,0,0,0,0,0,0,0,0,0,0,0,0,0,0,1,0,0,2,0,0,0,2,1,0,0,0,2,0,0,1,0,0,0,0,0,1,1,2,0,0,0,0,0,0,1
2,0,0,0,0,0,0,0,0,2,0,0,0,0,0,0,0,0,0,0,0,0,0,0,0,0,0,0,0,0,0,0,0,0,0,0,0,0,0,0,0,0,0,0,1,0,0,0,2,0,0,0,0,0,1,0,0,0,0,0,0,0,0,0,0,0,0,0,0,0,0,0,0,0,0,0,0,0,1,0,0,0,2,0,2,1,0,0,0,0,0,0,0,0,1,0,0,0,0,0,0,0,0,0,0,0,1,0,0,0,0,1,0,0,0,0,0,0,0,0,0,0,0,0,0,0,0,0,0,0,0,1,0,3,0,0,0,0,0,0,0,0,0,0,0,0,0,0,0,0,0,0,0,0,2,0,0,1,0,0,0,0,0,3,0,0,0,0,0,0,0,0,1,0,0,0,2,0,0,0,0,2,0,0,0,0,1,0,0,0,2,0,0,3,0,0,0,0,2,0,0,0,0,0,0,0,0,0,0,0,2,0,0,0,0,0,0,0,0,2,0,0,0,0,0,0,0,0,0,0,0,2,0,2,0,0,0,0,0,0,0,0,0,0,0,0,0,0,0,0,0,0,0,0,0,0
0,0,0,0,1,0,0,1,0,0,0,1,0,2,1,0,0,0,0,0,0,0,0,0,0,0,1,0,0,0,0,0,1,0,1,0,0,0,0,0,0,0,0,0,0,0,0,0,0,0,0,0,0,0,0,0,0,0,0,0,0,0,0,0,0,0,0,0,1,2,2,0,0,0,0,2,0,0,0,0,0,0,0,1,0,0,0,0,0,0,0,0,1,2,0,0,0,0,0,0,0,1,0,0,0,0,0,0,0,0,0,0,0,0,0,0,1,0,0,0,0,0,2,0,0,0,0,3,0,2,2,0,2,0,0,0,0,0,0,0,0,0,0,0,0,2,0,0,0,0,0,0,0,0,1,0,0,0,0,0,0,0,1,0,2,0,0,0,0,0,2,0,0,0,0,0,0,0,0,0,0,0,0,0,0,1,2,0,0,0,0,0,0,0,0,0,0,0,0,0,0,0,0,0,0,0,0,0,0,0,0,1,0,0,1,0,0,0,0,0,0,0,0,0,0,0,0,0,0,0,1,1,0,0,0,0,0,5,0,0,0,0,0,0,0,0,0,0,0,0,0,0,0,0,0,3
1,0,0,0,0,0,0,1,0,1,0,0,0,1,0,0,0,0,0,0,1,0,0,0,0,1,1,0,1,0,0,0,0,0,1,0,0,1,0,0,0,0,0,0,0,2,0,0,1,0,0,0,0,0,1,0,0,0,0,1,0,0,0,0,0,0,0,0,0,1,2,0,2,0,0,1,0,0,0,0,0,0,1,1,1,0,0,0,1,0,0,0,0,1,1,0,0,0,0,0,0,0,0,0,0,0,0,0,0,0,0,0,0,0,0,0,0,0,0,0,0,0,1,0,0,0,0,1,0,1,1,0,1,1,0,0,0,0,0,1,0,0,0,0,0,1,0,1,0,0,0,0,0,0,2,0,0,0,0,0,0,0,0,1,1,0,1,0,0,0,1,0,1,0,0,0,1,0,0,0,0,1,0,0,1,0,1,0,0,0,1,0,0,0,0,0,0,0,0,1,0,0,1,0,0,0,0,0,0,0,0,0,0,0,0,1,0,0,0,0,0,2,0,0,0,1,0,0,0,0,0,0,0,0,0,0,0,1,0,0,0,0,0,0,0,0,0,0,0,0,0,0,0,0,0,1
0,0,0,0,0,0,1,0,0,0,0,0,0,2,0,0,2,1,0,0,0,0,0,0,0,0,1,1,0,0,0,0,0,1,0,0,0,0,0,0,0,0,0,0,0,0,0,0,0,0,0,0,0,0,0,1,0,0,0,0,0,0,0,0,0,1,0,1,0,1,1,0,4,0,0,1,0,0,0,1,0,0,1,2,0,0,0,1,2,0,2,0,0,1,0,1,0,0,0,0,0,0,0,0,0,1,0,0,0,0,0,0,0,0,0,0,0,0,0,1,0,0,1,2,0,0,0,1,0,1,1,0,1,0,0,0,0,0,1,0,2,0,0,0,0,1,0,0,0,0,0,0,0,0,0,0,0,0,0,0,0,0,0,0,1,0,0,0,0,0,1,0,0,1,0,0,0,1,0,0,0,0,0,0,0,0,1,0,0,0,0,0,0,0,0,2,0,0,1,0,0,0,0,1,0,0,0,0,0,0,0,0,0,0,0,0,2,1,3,0,0,0,0,0,0,0,0,0,0,1,0,0,0,0,0,0,0,3,1,0,0,0,0,0,1,0,0,0,0,0,0,0,0,0,0,0
1,0,0,0,0,0,0,0,0,0,0,1,0,1,0,0,0,0,0,0,0,0,0,0,0,0,1,0,0,0,0,0,0,0,0,0,0,0,0,0,0,0,0,0,0,0,0,0,0,0,0,0,0,0,0,0,0,0,0,0,0,0,0,0,0,0,0,1,0,2,3,0,0,0,0,2,0,0,0,0,0,0,1,0,0,0,0,0,1,0,0,0,1,2,0,0,0,0,0,0,0,1,0,0,0,1,0,0,0,0,0,1,0,0,0,0,0,0,0,0,0,0,2,0,0,0,0,1,0,3,3,2,2,0,0,0,0,0,0,0,0,1,0,0,3,2,0,2,0,0,0,0,0,1,0,0,0,0,0,0,0,0,0,0,2,0,0,0,0,0,2,0,0,0,0,0,0,0,0,0,0,0,0,0,0,0,2,0,0,0,0,0,0,0,0,0,0,1,0,0,0,0,0,0,0,0,0,0,0,0,0,0,0,0,0,1,0,0,0,0,0,0,0,0,0,0,0,0,0,0,0,0,0,0,0,0,0,4,0,0,0,0,0,0,0,0,0,0,0,0,0,0,0,0,0,2
2,0,0,0,1,1,0,0,0,2,0,0,0,0,2,1,1,1,0,0,2,0,0,1,0,0,1,0,0,0,0,0,1,0,0,0,1,2,0,0,0,0,0,0,0,2,2,0,2,3,0,1,1,0,0,0,0,0,0,3,0,0,0,0,0,0,0,1,0,0,0,0,0,0,0,0,0,1,1,0,0,0,2,0,2,0,0,1,1,0,0,0,1,0,1,0,0,0,0,0,0,0,0,1,0,0,0,0,0,0,0,0,0,0,0,0,0,0,0,0,0,0,0,0,0,0,0,0,0,0,0,1,0,4,0,0,0,1,0,0,0,0,2,2,0,0,0,0,0,0,0,1,0,2,3,0,0,0,0,2,1,0,0,2,0,0,0,0,0,0,0,0,0,0,0,0,2,0,0,0,0,2,0,0,0,0,0,0,0,0,2,0,0,2,0,0,0,0,0,0,0,0,0,0,0,0,0,0,0,0,0,0,0,0,0,0,0,0,0,2,0,0,0,0,1,0,0,0,0,1,0,2,0,0,0,0,0,0,5,0,0,0,0,0,0,1,0,1,0,1,0,0,0,0,0,0
1,0,2,1,0,1,1,0,0,2,0,0,0,0,0,0,1,0,1,0,0,0,0,0,1,2,1,1,0,0,0,0,0,0,0,0,0,3,0,0,0,0,0,0,0,0,0,1,1,0,2,2,0,1,0,0,0,0,0,0,0,0,0,0,0,0,0,0,0,1,1,1,0,0,0,0,0,0,0,0,0,0,1,0,1,1,0,0,2,0,0,1,0,0,0,0,0,0,0,0,0,0,0,1,0,0,0,0,0,1,0,1,1,0,0,0,1,0,0,1,0,0,0,1,0,1,0,0,1,0,2,1,0,4,0,0,0,0,0,0,0,0,0,1,0,0,2,0,1,0,0,1,0,1,1,0,0,0,0,0,2,0,0,3,0,0,0,0,0,0,0,0,0,1,0,0,1,0,0,0,0,2,0,2,3,0,0,0,1,0,1,0,0,0,0,0,1,0,0,0,0,0,2,0,1,0,0,1,0,0,0,0,0,0,0,0,0,0,0,0,1,1,0,0,0,3,0,0,0,0,0,0,0,2,0,0,0,0,0,0,0,0,0,0,1,0,1,1,0,0,0,0,0,0,0,0
0,1,0,0,1,0,1,0,0,0,0,0,1,2,0,0,1,0,0,0,0,0,1,0,0,0,2,0,0,0,0,0,0,0,0,0,0,0,0,0,0,0,0,0,0,0,0,0,0,0,0,0,0,0,0,0,0,0,0,0,0,0,0,0,0,0,0,1,0,2,2,0,0,0,0,2,0,0,0,0,0,0,0,0,0,0,0,0,0,0,0,0,1,2,0,0,0,0,0,0,0,1,0,0,0,0,0,1,0,0,0,1,0,0,0,0,0,0,0,0,0,0,2,0,0,0,0,3,0,2,3,0,2,0,0,0,0,0,0,0,0,0,1,0,0,2,0,0,0,0,0,0,0,1,0,0,0,0,0,0,0,0,0,0,2,0,0,0,0,0,4,0,0,0,0,0,0,0,0,0,0,0,0,0,0,0,1,0,0,0,0,0,0,0,0,0,0,0,0,0,0,0,0,0,0,0,0,0,0,0,0,0,0,0,0,1,0,0,0,0,0,1,0,0,0,0,0,0,0,0,0,1,0,0,0,0,0,5,0,0,0,0,0,0,0,0,0,0,0,0,0,0,0,0,0,2
1,0,0,0,0,0,0,1,0,1,0,2,0,1,0,0,0,0,0,0,0,0,0,1,3,0,4,0,0,0,0,0,0,0,0,0,0,0,0,0,0,0,0,0,2,0,0,0,1,0,0,0,0,0,0,1,0,0,0,2,0,0,0,0,0,0,0,0,0,1,0,0,0,0,0,1,0,0,0,0,0,0,1,0,1,0,0,0,0,0,0,0,0,1,0,0,0,0,1,0,0,0,0,0,0,0,0,0,0,1,0,1,0,0,0,0,1,0,0,0,0,0,1,0,0,0,0,1,0,1,1,0,1,2,0,0,0,0,0,0,0,0,0,0,0,1,0,0,0,0,0,0,0,2,0,0,0,1,0,0,0,0,0,1,1,0,2,0,0,0,1,0,0,0,0,0,1,0,0,0,0,1,0,0,0,0,1,0,0,0,1,0,0,0,0,0,0,0,0,1,0,1,0,0,1,0,0,0,0,0,0,0,0,1,0,1,0,0,0,0,0,1,0,0,0,0,0,0,0,0,0,0,0,0,0,0,0,1,0,0,0,0,0,0,0,0,0,0,0,0,0,0,0,0,0,0
1,0,0,1,0,0,0,0,0,0,0,0,0,1,1,0,0,0,0,0,0,0,0,0,3,0,2,0,0,0,0,0,0,0,0,0,0,0,0,0,0,0,0,0,0,0,0,0,1,0,0,0,0,0,0,0,0,0,0,0,0,0,0,0,0,0,0,0,0,1,1,0,0,0,0,1,0,0,0,0,0,0,0,0,1,0,0,0,0,0,0,0,0,1,0,0,0,0,0,0,0,0,0,0,1,0,0,0,0,0,0,0,0,0,0,0,0,0,0,0,0,0,2,0,0,0,0,2,0,1,5,1,2,2,0,0,0,0,0,0,0,0,0,0,1,2,2,1,0,0,0,0,0,0,1,0,0,0,0,0,0,0,0,1,1,0,0,0,0,0,2,0,0,0,0,0,1,0,0,0,0,0,0,0,0,0,1,0,0,0,1,1,0,0,0,0,0,0,0,1,0,0,0,0,0,0,0,0,0,0,0,0,0,0,0,0,0,0,0,0,0,0,0,0,0,0,0,1,0,0,0,0,0,0,0,0,0,1,0,0,2,0,0,0,0,0,0,0,1,1,0,0,0,1,0,2
1,2,0,0,0,0,1,0,0,1,2,0,0,1,0,0,0,0,0,0,0,0,0,0,0,0,2,0,0,0,0,0,0,0,0,1,0,0,0,0,0,0,0,0,2,3,0,0,1,0,0,0,0,0,0,2,1,0,0,3,0,0,0,0,0,0,0,0,0,1,5,0,2,0,0,1,0,0,1,1,0,1,2,0,1,0,0,0,0,0,0,3,0,1,0,1,0,0,1,0,0,1,0,0,0,0,0,0,0,0,0,0,0,0,0,2,0,0,0,0,0,0,1,0,0,0,0,2,0,1,2,0,1,1,0,0,0,1,0,1,0,0,0,0,0,1,0,1,0,0,0,1,0,1,1,0,3,1,0,0,0,1,1,2,1,0,1,0,0,0,4,0,0,0,0,0,1,0,0,0,0,1,0,0,1,1,1,0,0,0,1,0,0,0,0,0,0,1,2,0,0,0,0,0,1,0,0,0,0,0,0,0,0,0,0,0,0,0,0,0,0,1,0,0,0,0,0,0,0,0,0,0,0,0,0,0,0,3,0,0,0,0,0,0,0,3,1,0,0,0,0,0,0,0,0,2
2,0,0,2,0,0,0,1,0,1,0,0,0,2,0,0,0,0,0,0,1,1,1,0,0,2,1,2,0,0,1,0,0,0,0,0,0,0,0,0,0,0,0,0,0,0,0,0,1,0,0,0,0,0,0,0,0,0,0,0,0,0,0,0,0,0,0,0,0,1,0,0,0,0,0,0,0,1,0,0,0,0,1,0,1,0,0,0,0,0,0,0,0,0,0,0,1,0,0,0,0,0,0,0,0,0,1,1,1,0,0,1,0,0,0,1,0,0,0,0,0,0,1,0,0,0,0,2,0,1,1,1,1,2,0,0,0,0,0,0,0,0,0,0,0,1,0,0,0,0,0,0,0,1,1,0,0,0,0,0,0,0,2,1,0,0,0,0,0,2,1,0,0,0,0,0,1,0,0,0,0,1,0,0,1,0,1,1,0,0,1,2,0,0,0,0,1,1,0,0,0,0,1,0,0,0,0,0,0,0,0,0,0,0,0,0,0,0,0,0,0,0,0,0,1,0,0,1,0,0,0,1,0,0,1,0,0,1,0,0,0,0,0,0,0,0,0,0,0,1,0,0,0,0,0,1
1,0,0,1,0,1,0,0,0,1,0,0,0,2,2,0,0,0,0,0,0,0,0,1,2,0,1,0,0,0,0,0,0,0,0,0,0,3,2,0,0,0,0,0,1,0,0,0,1,0,0,2,0,0,0,0,0,0,0,3,0,0,0,0,0,0,0,0,0,1,0,0,0,0,1,1,0,0,0,0,0,0,1,0,1,0,0,0,0,0,0,0,0,1,0,0,0,0,0,1,0,0,0,0,0,1,0,0,0,1,0,0,0,0,1,1,0,0,0,1,0,0,1,0,0,0,0,0,0,1,1,0,1,3,1,0,0,0,0,0,0,0,0,0,0,1,0,0,0,0,0,0,0,1,1,0,0,0,0,0,0,0,0,1,1,0,0,0,0,0,1,0,0,0,0,0,1,0,0,0,0,1,0,0,1,0,1,0,0,0,1,0,0,0,0,0,0,0,0,2,0,0,1,0,0,0,0,0,0,0,0,0,1,2,0,0,1,0,0,0,0,0,0,0,0,0,0,1,0,0,0,0,0,0,0,0,0,2,0,0,1,0,0,1,0,0,0,0,2,2,0,0,0,0,0,1
0,0,0,0,0,0,0,1,0,0,0,0,0,2,1,0,1,0,0,0,0,0,0,0,0,0,2,0,0,0,0,0,0,0,0,0,0,0,0,0,0,0,0,0,0,0,0,0,0,0,0,0,0,0,0,0,0,0,0,0,0,0,0,0,0,0,0,0,0,2,2,0,0,0,0,2,0,0,0,1,0,0,0,0,0,0,0,0,0,0,0,0,0,2,0,0,0,0,0,0,0,1,0,0,0,1,0,1,0,1,0,1,0,0,0,0,0,0,0,0,0,0,2,0,0,0,0,3,0,2,4,0,2,0,0,1,0,0,0,0,0,0,0,0,1,2,0,0,0,0,0,0,0,0,0,0,0,0,0,0,0,0,0,0,2,0,0,0,0,0,2,0,0,0,0,0,0,0,0,0,0,0,0,0,0,0,2,0,0,0,0,1,0,0,0,0,0,0,0,0,0,0,0,0,0,0,0,0,0,0,0,0,0,0,0,0,0,0,0,0,0,0,0,0,0,0,0,0,0,0,1,0,0,0,0,0,0,5,0,0,0,0,1,0,0,0,0,1,1,0,0,0,0,0,0,2
1,0,0,0,1,0,1,1,0,1,0,0,0,1,0,0,1,0,0,0,0,0,0,0,0,0,1,1,0,0,0,0,0,0,0,0,0,2,2,0,0,0,0,0,0,0,0,0,1,0,0,2,0,0,0,0,0,0,1,0,0,0,0,0,0,0,0,0,0,1,1,0,0,0,0,1,0,0,1,0,0,0,1,0,1,0,0,0,0,0,0,1,0,1,0,0,0,0,0,0,0,0,0,0,0,0,1,0,4,2,1,0,1,0,0,3,0,0,0,0,0,0,1,0,1,0,0,1,1,1,4,0,1,3,0,1,0,0,1,0,0,0,3,0,0,1,1,0,0,0,0,1,0,0,3,0,0,0,0,0,0,0,0,1,1,1,1,0,0,0,1,0,1,0,0,0,1,0,0,0,0,1,0,0,1,0,0,0,0,0,1,0,0,0,0,0,0,0,0,3,0,0,4,0,1,0,0,0,0,0,0,0,0,0,0,1,1,0,0,0,0,0,0,0,0,0,0,1,0,0,0,1,0,1,0,0,2,2,0,0,0,0,0,1,0,1,0,0,1,0,0,0,1,3,0,1
1,0,0,0,0,0,1,0,0,0,0,0,0,2,0,0,0,0,0,0,0,0,0,0,0,1,2,0,0,0,0,0,0,0,0,0,0,0,0,0,0,0,1,0,0,0,0,0,0,0,0,0,0,0,0,0,0,0,0,0,0,0,0,0,0,0,0,0,0,2,3,0,0,0,0,2,0,0,0,0,0,0,0,0,0,0,0,0,0,0,0,0,0,2,0,0,0,0,0,0,0,2,0,0,0,2,0,0,0,0,0,1,0,0,0,0,0,0,0,0,0,0,2,0,0,0,1,2,0,2,4,0,2,0,0,0,0,0,0,2,0,0,0,0,2,2,0,2,0,0,0,0,0,1,0,0,0,0,0,0,1,0,0,0,2,0,0,0,0,0,1,0,0,0,0,0,0,0,0,0,0,0,0,0,0,0,1,0,0,0,2,0,0,0,0,0,0,0,0,0,0,0,1,0,0,0,0,0,0,0,0,0,0,0,0,0,1,0,0,0,0,0,0,0,0,0,0,0,0,0,0,1,1,0,0,0,0,5,0,0,0,0,0,0,0,0,0,0,0,0,0,0,0,2,0,2
0,3,0,0,1,0,0,0,0,0,0,1,0,2,0,0,1,0,0,0,0,0,0,0,0,0,2,0,0,0,0,0,0,0,0,0,0,0,0,0,0,0,0,0,0,0,0,0,0,0,0,0,0,0,0,0,0,0,0,0,0,0,0,0,0,0,0,1,0,2,2,0,0,0,1,2,0,0,0,0,0,0,0,0,0,0,0,0,0,0,0,1,0,2,0,0,0,0,0,0,0,0,0,1,1,3,0,0,0,0,0,0,0,0,0,0,0,0,0,1,0,0,2,1,0,0,0,3,0,3,5,0,2,0,0,0,0,0,0,1,0,0,0,0,1,2,0,2,0,1,0,0,0,2,1,0,0,0,0,0,0,0,0,0,2,2,0,0,0,0,2,0,0,0,0,0,0,0,0,0,0,0,0,0,0,0,2,0,0,0,0,1,0,0,0,0,0,0,0,0,0,0,0,0,0,0,0,0,0,0,0,0,1,0,0,0,1,0,0,0,0,0,0,0,0,0,0,0,0,0,3,3,0,0,0,0,0,4,0,0,0,0,0,1,0,1,0,0,0,1,0,0,0,0,0,3
1,0,0,0,0,0,1,0,0,1,0,0,0,1,0,0,0,0,0,0,0,0,0,0,0,0,1,0,0,0,0,0,0,0,0,0,0,0,0,0,0,0,0,0,0,0,0,0,1,1,0,0,0,0,0,1,0,0,0,2,0,0,0,0,0,0,0,0,1,1,1,0,0,0,0,1,0,0,0,0,0,0,1,0,1,0,0,1,0,0,0,0,0,1,1,2,0,0,0,0,0,1,0,0,0,1,0,0,0,0,0,0,0,0,0,1,0,0,0,0,0,0,1,0,0,0,0,1,0,1,1,0,1,1,0,0,0,0,0,1,0,0,0,0,0,1,0,0,0,0,1,0,0,0,1,0,0,0,0,0,0,0,0,1,1,0,0,0,0,0,1,0,0,1,0,0,1,0,0,0,0,1,0,0,0,0,1,0,0,0,1,0,0,0,0,0,0,0,0,0,0,0,0,0,0,0,0,0,0,0,0,0,0,0,0,0,0,0,0,0,0,0,0,0,0,0,1,0,0,0,0,1,0,0,0,0,0,2,0,0,0,0,0,0,0,0,0,0,0,0,0,0,0,0,0,2
1,1,0,0,0,0,0,0,0,1,0,0,0,1,0,0,0,0,0,0,0,0,0,0,0,0,1,0,0,0,0,0,0,0,1,0,0,0,0,0,0,0,0,0,1,0,0,0,1,0,0,0,0,0,0,0,0,0,0,1,0,0,0,0,0,0,0,0,0,1,1,0,0,0,0,1,0,0,0,0,0,0,1,0,1,0,0,0,2,0,0,2,0,1,1,0,0,0,0,0,0,0,0,0,0,0,0,0,0,0,0,0,0,0,0,0,0,0,0,0,0,0,1,0,0,0,0,1,0,1,2,0,1,1,0,2,0,0,0,0,0,0,1,1,0,1,0,1,0,0,0,0,0,0,0,0,0,0,0,0,0,0,0,1,1,0,0,0,0,0,1,0,0,0,0,0,1,0,0,0,0,1,0,0,1,0,1,0,0,0,1,0,0,1,0,0,2,0,0,0,0,0,1,0,0,0,0,0,0,0,0,0,0,0,0,0,0,0,0,0,0,0,0,0,0,0,0,0,0,0,1,0,0,0,0,0,0,2,0,0,0,0,0,0,0,0,0,0,0,0,0,0,0,0,0,0
1,0,2,0,3,0,0,0,0,1,1,0,1,1,0,0,0,0,0,0,0,0,0,1,0,0,2,1,0,0,0,0,0,1,0,0,0,0,0,0,0,1,1,0,2,0,0,0,1,0,0,1,0,0,0,0,0,0,0,3,0,0,1,1,0,0,0,0,0,1,3,0,0,0,0,2,0,0,0,0,0,0,1,0,1,1,0,0,4,0,0,0,0,1,2,0,0,0,0,0,0,0,0,0,0,0,1,0,0,0,0,0,0,0,0,0,0,0,0,0,0,0,1,0,0,0,0,1,0,1,2,0,4,1,0,0,0,0,0,0,0,0,0,0,0,1,0,0,0,0,0,0,0,0,1,0,0,0,2,2,0,0,0,1,1,0,0,0,0,0,1,0,1,0,0,0,3,0,0,0,0,1,0,0,1,1,2,0,0,0,1,1,0,3,0,1,0,1,1,4,0,0,4,0,0,0,0,0,0,0,0,0,0,0,0,0,0,0,0,0,0,0,0,0,0,0,1,0,0,0,0,0,0,1,0,0,0,4,0,0,0,0,0,0,0,1,0,0,0,1,0,0,0,0,0,1
2,0,0,0,0,0,0,0,0,2,0,0,0,0,0,0,0,0,0,0,0,0,0,0,0,0,0,0,0,0,0,0,0,2,1,0,0,4,0,1,0,0,0,1,2,1,0,0,2,2,0,3,0,0,1,0,0,0,0,2,0,0,1,0,0,0,3,0,0,1,0,0,0,0,0,0,0,2,0,1,0,0,3,0,2,0,0,0,3,0,0,0,2,0,3,0,0,0,0,0,0,0,0,0,0,0,0,1,0,0,0,1,0,0,0,1,0,0,0,0,0,1,0,0,0,0,0,0,0,0,0,0,0,4,0,0,0,0,0,0,0,0,1,0,0,0,0,0,0,0,0,1,0,0,1,0,0,0,0,0,0,0,0,4,0,0,0,4,0,0,0,0,0,0,0,0,3,0,0,0,0,2,0,1,0,1,1,1,0,0,2,0,0,0,0,0,0,1,0,0,0,0,1,0,1,0,0,0,1,0,0,0,0,0,0,0,0,0,0,0,0,0,0,0,3,0,0,2,0,0,0,3,0,0,0,0,1,0,0,0,0,0,0,0,1,1,0,0,1,2,0,0,0,1,0,0
0,0,0,0,0,0,1,0,0,0,0,0,0,3,0,0,1,0,0,0,0,0,0,0,0,0,1,0,0,0,0,0,0,0,0,0,0,0,0,0,0,0,0,0,0,0,0,0,0,0,1,0,0,0,0,0,2,0,0,0,0,0,0,0,0,0,0,0,0,2,1,0,1,0,0,2,0,0,0,0,0,0,0,0,0,0,0,0,0,0,0,0,0,2,0,0,0,0,0,0,0,0,0,0,0,1,0,0,0,0,0,0,0,0,0,0,0,0,0,0,0,0,2,1,0,0,0,3,0,2,4,0,2,0,0,0,0,0,0,1,0,0,0,0,1,2,0,1,0,1,0,0,0,2,1,0,0,0,0,1,0,0,0,0,2,0,0,0,0,0,2,0,0,0,0,0,0,0,0,0,0,0,0,0,0,0,2,0,0,0,0,0,0,0,0,0,0,0,0,0,0,0,0,0,0,0,0,0,0,0,0,0,0,0,0,0,0,0,0,0,0,1,0,0,0,0,0,0,0,0,0,0,0,0,0,0,0,4,0,0,0,0,0,0,0,0,0,0,0,0,1,0,0,0,0,2
0,0,0,0,1,0,1,0,0,0,0,0,0,2,0,0,0,0,0,0,0,0,0,0,0,0,1,1,0,1,1,0,0,1,1,0,0,0,0,0,0,0,0,0,0,0,1,1,0,0,0,0,0,0,1,0,0,1,0,0,0,0,0,0,0,0,0,1,0,1,3,0,0,0,0,1,0,0,0,0,0,0,0,2,0,0,0,0,0,0,0,0,0,1,0,0,0,0,0,0,0,0,0,0,0,1,4,0,0,0,0,2,0,0,0,0,0,0,0,0,0,1,1,0,0,0,1,2,0,1,2,0,1,0,0,0,0,0,2,0,1,1,0,2,0,1,0,0,0,0,1,0,1,0,1,0,0,0,1,0,0,0,0,0,1,0,0,0,1,0,2,0,1,0,0,0,0,0,0,0,0,0,0,0,0,0,2,0,0,0,0,0,0,0,1,0,0,0,0,1,0,0,0,0,0,0,0,0,0,0,1,0,2,0,0,1,2,0,0,0,0,1,0,0,0,0,1,0,0,0,1,1,0,0,0,0,2,4,0,2,0,0,0,0,0,0,0,0,1,0,0,0,0,2,0,0
0,0,0,0,0,0,0,1,0,0,0,0,0,2,0,0,0,0,0,0,0,0,0,0,0,1,2,0,0,0,0,0,0,0,0,0,0,0,0,0,0,0,0,0,0,0,1,0,0,0,0,1,0,0,0,0,0,0,0,0,0,0,0,0,0,0,0,0,0,2,3,0,1,0,0,2,0,0,0,0,0,0,0,0,0,0,1,0,0,0,0,0,0,3,0,0,0,0,0,0,0,0,0,0,0,0,0,1,0,1,0,0,0,0,0,0,0,0,0,0,0,0,2,0,0,0,0,2,0,2,2,0,2,0,0,0,0,0,0,0,0,0,0,0,0,3,0,1,0,0,0,0,0,0,0,0,0,0,0,0,0,0,3,0,2,0,0,0,0,0,2,0,0,0,0,0,0,0,1,0,0,0,0,0,0,0,2,0,1,0,0,0,0,0,0,1,0,0,0,0,0,1,0,0,0,0,0,0,1,0,0,0,0,0,0,0,0,0,0,0,0,2,0,0,0,0,0,0,0,0,0,0,0,0,0,0,0,2,0,0,0,0,0,0,0,0,0,0,0,0,0,0,0,0,0,2
1,0,3,0,0,0,2,0,0,1,0,0,0,2,0,0,0,0,0,0,3,1,0,0,0,0,3,0,0,0,0,1,0,0,0,0,0,0,0,0,0,0,0,0,0,0,0,0,1,0,0,0,0,0,0,0,0,0,0,0,0,0,0,0,0,0,0,0,0,1,3,0,0,0,0,1,0,0,0,0,0,0,1,0,1,0,1,0,0,0,1,1,0,1,0,0,0,0,0,0,0,0,0,0,0,1,0,0,0,0,1,0,0,0,0,0,0,0,0,0,0,0,1,1,0,0,0,2,0,1,3,0,1,3,0,0,1,0,0,1,0,0,2,0,0,1,0,1,0,0,1,0,0,1,1,0,1,0,0,0,0,0,0,1,1,0,0,0,0,0,1,0,0,0,0,0,1,0,0,0,0,1,0,1,1,2,1,0,0,0,1,0,0,0,0,0,0,0,0,0,0,0,0,0,0,0,0,0,0,0,0,0,0,0,1,0,0,0,0,0,0,0,0,1,0,0,0,1,0,0,0,0,0,1,0,0,1,2,0,0,0,0,0,0,0,0,0,0,0,0,0,0,0,0,0,1
0,0,0,0,0,0,1,0,0,0,0,0,0,1,0,0,1,0,0,0,0,0,0,0,0,0,1,0,0,0,0,0,0,0,0,0,0,0,0,0,0,0,0,0,0,0,1,0,0,0,1,0,0,0,0,0,0,0,0,0,0,0,0,0,0,0,0,1,0,2,1,0,0,0,0,2,0,0,0,0,0,0,0,0,0,0,0,0,0,0,0,0,0,2,0,0,0,0,0,0,0,0,0,0,0,0,0,0,0,0,0,0,0,0,1,0,0,0,0,0,0,0,2,0,0,0,0,2,0,2,2,0,2,0,2,1,0,0,0,2,0,0,0,0,1,3,0,1,0,0,0,0,0,0,0,0,0,0,0,0,0,0,0,0,2,0,0,1,0,0,2,0,0,0,0,0,0,0,1,0,0,0,0,0,0,0,2,0,0,0,0,0,0,0,0,0,0,0,0,0,0,0,0,0,0,0,0,0,0,0,0,0,0,0,0,2,0,0,0,0,0,0,0,0,0,0,0,0,0,0,0,0,0,0,0,0,0,5,0,0,0,0,0,0,1,1,0,1,0,0,0,0,0,0,1,2
1,0,0,0,2,2,0,1,0,1,0,0,0,2,0,0,0,0,0,0,1,0,0,0,0,0,1,0,0,0,0,0,0,1,2,1,0,2,0,0,0,0,1,0,0,0,0,3,1,0,0,2,0,1,1,0,0,0,0,0,0,0,0,1,1,0,0,2,0,2,1,0,1,0,0,1,0,1,0,0,0,0,2,0,1,0,0,0,0,0,0,0,1,1,0,0,0,3,0,0,0,0,0,1,0,0,1,0,0,0,0,1,0,0,0,0,0,0,0,0,0,0,1,0,0,0,0,1,0,1,2,0,1,2,0,1,0,0,0,0,0,0,0,0,0,1,0,1,0,0,0,0,0,0,1,0,0,0,0,0,0,0,0,2,1,0,0,0,0,0,0,0,0,0,0,0,1,0,0,0,0,1,0,0,0,0,1,0,0,0,1,1,0,0,0,0,0,0,0,0,0,0,1,0,0,0,0,0,0,0,0,0,0,1,0,0,0,0,0,0,0,0,0,0,0,0,0,0,0,0,0,0,0,0,0,0,0,2,0,0,0,0,0,0,0,1,0,0,0,0,0,0,0,0,0,0
1,3,0,0,1,0,0,1,0,1,0,0,0,1,0,1,0,1,0,0,0,0,0,0,0,0,1,0,0,0,0,0,2,0,0,0,0,1,2,0,0,0,0,1,0,2,1,0,1,1,2,2,0,2,0,1,0,0,2,0,1,0,0,0,0,0,0,0,1,1,2,0,0,0,2,2,0,0,0,1,0,0,1,0,1,1,0,0,1,0,0,2,0,1,3,0,0,0,0,0,0,0,0,1,1,2,1,0,0,0,0,0,0,0,0,1,0,0,0,0,0,0,1,0,0,0,0,0,0,1,4,2,1,3,0,1,0,0,0,1,2,0,0,0,3,1,0,0,0,0,0,1,0,1,1,0,0,1,0,1,0,0,0,1,1,0,0,0,0,0,1,0,0,0,0,0,1,0,0,0,0,1,0,0,0,0,1,1,0,0,1,0,0,0,0,0,0,0,0,0,0,0,0,0,0,0,0,0,0,0,0,0,0,0,0,0,0,0,0,0,0,0,0,0,0,0,0,2,0,0,0,3,0,0,1,0,0,2,1,0,0,0,0,2,0,1,0,0,0,0,0,0,1,0,0,1
0,0,0,0,0,0,0,2,0,0,0,2,0,2,4,0,0,0,0,0,0,1,0,0,0,0,2,0,0,0,0,0,0,0,0,0,0,0,0,0,0,0,0,0,0,0,0,0,0,0,0,1,0,0,0,0,0,0,0,0,0,0,0,0,0,0,0,0,0,2,1,0,0,0,0,2,0,0,0,0,0,0,0,0,0,0,0,0,0,0,0,0,0,2,0,0,0,0,0,0,0,0,0,0,0,0,0,0,2,0,0,0,0,0,0,0,1,0,0,0,0,0,2,0,0,0,0,2,0,2,4,0,2,1,0,0,0,0,0,0,0,0,0,0,0,2,1,1,0,1,0,0,0,0,0,0,0,0,0,0,0,0,0,0,2,0,0,1,0,0,2,0,0,0,0,0,0,0,0,0,0,0,0,0,0,0,2,0,0,1,0,2,0,0,0,0,0,0,0,0,0,0,0,0,0,0,0,0,1,0,0,0,0,0,0,0,0,0,0,0,0,1,0,0,0,0,0,2,0,0,2,4,0,0,0,0,0,6,0,0,0,0,0,2,0,0,0,0,1,0,0,0,0,0,0,1
0,0,0,0,0,0,1,0,0,0,0,0,0,2,0,0,1,0,0,0,0,0,1,0,0,0,1,0,0,0,1,0,0,0,0,0,0,0,0,0,0,0,0,0,0,0,0,0,0,0,0,0,0,0,0,0,0,0,0,0,0,0,0,0,0,0,0,0,0,2,3,0,0,0,0,2,0,0,0,0,0,0,0,0,0,0,1,0,0,0,0,1,0,2,0,0,0,1,0,0,0,0,0,0,0,1,0,0,0,0,0,0,0,0,0,0,1,0,0,0,0,0,2,0,0,0,0,3,0,2,2,0,2,0,0,2,0,1,0,2,0,0,0,0,0,2,0,1,0,0,0,0,0,1,1,0,0,0,0,0,0,0,0,0,2,0,0,0,0,0,2,0,0,0,0,0,0,0,0,0,0,0,0,0,0,0,2,0,0,0,0,0,0,0,0,0,0,0,0,0,0,0,0,0,0,0,0,0,0,0,0,0,1,0,0,0,0,0,0,0,0,0,0,0,0,0,0,0,0,0,0,0,0,0,0,0,0,3,0,1,0,0,0,0,0,0,0,0,0,0,0,0,0,0,0,3
1,0,0,0,0,0,1,0,0,1,0,1,0,2,0,1,0,0,0,0,0,0,0,0,0,2,2,0,0,0,0,0,1,1,1,0,0,2,2,0,0,0,0,0,0,0,0,0,1,0,0,0,0,0,0,0,0,0,0,0,0,0,0,0,0,0,0,0,0,2,3,0,0,0,0,1,0,0,0,0,0,0,1,0,1,0,0,1,0,0,0,0,0,1,0,0,0,0,0,0,0,0,0,0,0,0,1,0,0,1,0,1,0,0,0,1,0,0,0,0,0,0,1,0,0,0,0,1,0,1,2,0,1,2,0,0,0,0,0,1,0,0,1,0,0,1,0,0,0,0,1,0,1,1,1,0,0,0,0,0,0,0,0,1,1,0,0,0,0,0,1,0,0,0,0,0,1,0,0,0,0,1,0,0,0,0,1,0,0,0,1,0,0,0,0,0,0,0,0,0,0,1,0,0,0,2,0,0,0,0,0,0,2,0,0,2,0,0,1,0,0,0,0,0,0,0,0,0,0,0,0,0,0,0,0,0,1,4,0,0,0,0,0,0,0,0,0,1,1,0,0,1,0,0,0,1
1,1,0,0,0,0,1,0,0,1,0,0,0,0,1,0,0,0,0,0,2,0,0,0,0,0,0,0,0,0,0,0,0,0,1,0,0,1,1,0,0,0,0,0,0,0,0,0,2,0,0,1,0,0,0,0,0,0,0,1,0,0,0,0,0,0,0,0,0,1,0,0,0,0,0,0,0,0,0,0,0,0,2,0,2,0,0,0,0,0,1,0,1,0,0,0,0,0,0,0,0,1,0,0,0,0,2,0,0,0,0,2,0,0,0,2,0,0,0,0,0,0,0,1,0,0,0,1,0,0,2,0,1,4,0,0,0,0,0,0,0,0,2,0,0,0,0,0,0,0,0,0,0,1,2,0,0,0,0,0,0,0,0,2,0,0,0,0,0,0,1,0,0,0,0,0,2,0,0,0,0,1,0,0,0,0,1,0,0,0,2,0,0,2,0,0,0,1,0,0,0,0,1,0,0,0,0,0,0,0,0,0,0,0,0,0,0,0,0,0,0,0,0,0,0,0,0,0,0,0,0,1,0,0,0,0,0,0,0,0,0,0,0,0,0,0,0,0,0,0,0,0,0,0,0,0
2,0,0,0,1,0,0,0,0,2,0,0,0,0,0,2,0,1,0,0,1,0,0,0,0,0,1,0,0,0,0,0,1,1,0,0,0,2,0,0,0,0,0,0,0,0,0,1,2,0,0,0,0,0,0,0,0,0,0,0,0,0,0,0,0,0,1,0,0,0,0,0,0,0,0,0,0,0,0,0,0,0,2,0,2,1,0,0,0,0,0,0,0,0,0,0,0,1,0,0,0,0,0,1,0,0,0,0,0,0,0,0,0,0,0,1,0,0,0,0,0,0,0,0,0,0,0,0,0,0,0,0,0,3,0,0,0,0,0,0,0,0,0,0,0,0,1,0,0,0,0,1,0,0,2,0,0,0,0,1,0,0,0,3,0,0,0,0,0,1,0,0,0,0,0,0,2,0,0,0,0,3,0,0,2,0,1,0,0,0,2,0,0,0,0,0,1,1,1,0,2,0,2,0,0,0,0,0,0,0,0,0,1,0,0,1,0,0,1,0,0,1,0,0,1,0,0,0,0,0,0,0,0,1,0,0,0,0,0,0,0,0,0,0,0,0,0,2,1,0,0,0,0,0,0,0
1,0,3,0,1,0,0,0,0,1,0,0,0,1,0,1,1,1,0,0,2,0,0,0,0,0,3,0,0,0,0,0,0,0,0,0,0,0,0,1,0,0,1,0,0,1,0,0,1,0,0,0,0,0,0,0,0,1,0,0,0,0,0,0,0,0,1,0,1,0,0,0,0,0,0,2,0,0,0,0,0,0,1,0,1,0,0,0,0,0,0,0,0,0,0,0,0,0,0,0,0,0,0,2,0,0,0,0,0,0,1,0,0,0,0,0,0,0,0,1,0,1,0,0,0,0,0,1,0,0,0,0,0,3,0,0,1,0,0,0,0,0,1,0,0,0,0,1,0,0,1,1,0,0,1,0,0,0,0,1,0,1,0,2,0,0,0,0,0,0,0,0,0,2,0,0,2,0,1,0,0,2,0,0,0,0,0,0,0,0,1,0,0,0,0,0,0,0,0,0,0,0,0,0,0,0,0,0,0,0,0,1,0,0,0,0,0,0,0,0,0,2,0,0,0,0,2,2,0,0,0,0,0,0,0,0,0,1,0,0,0,0,0,0,0,0,1,0,0,1,0,0,0,0,0,1
1,2,1,0,1,1,1,2,0,1,0,2,0,1,4,1,2,1,0,2,0,0,0,0,0,0,4,0,0,0,0,0,0,0,2,0,0,0,0,0,0,0,0,2,0,0,0,0,1,0,0,0,0,0,0,1,1,0,0,0,0,0,1,0,0,0,0,0,0,1,2,0,0,0,0,1,0,0,0,4,0,0,2,0,1,1,0,0,1,0,0,1,0,1,5,0,0,0,0,0,0,2,0,1,0,0,0,0,1,0,0,0,0,0,0,0,0,0,2,0,0,0,1,0,0,0,0,1,0,1,1,1,1,1,1,0,0,1,0,1,0,0,2,0,0,2,0,0,0,0,0,2,0,6,1,0,0,0,0,1,0,0,0,1,1,0,0,0,0,0,1,0,0,0,0,0,1,0,0,0,0,2,0,0,0,0,1,0,0,0,1,0,0,3,0,0,1,1,0,2,0,0,4,0,0,0,0,0,0,0,0,0,0,0,0,0,0,0,1,1,0,0,0,0,2,0,0,1,0,0,0,0,1,0,0,0,0,3,0,1,0,0,0,0,0,1,0,0,1,4,0,0,0,0,0,0
1,4,0,0,0,0,1,0,0,1,0,0,0,2,0,0,0,0,1,0,0,0,0,0,0,0,1,0,0,0,0,0,0,0,0,0,0,0,0,0,0,0,0,0,1,0,0,0,0,0,0,0,0,0,0,0,0,1,2,0,0,0,0,0,0,1,1,0,0,2,2,0,0,0,0,2,0,0,0,0,0,0,0,0,0,0,0,0,0,0,0,0,1,2,0,0,0,0,0,0,0,0,0,0,0,0,0,0,0,0,0,0,0,0,0,0,0,0,0,0,0,0,3,0,0,0,0,3,0,2,4,0,0,0,0,0,0,3,0,0,1,1,0,0,0,2,1,0,0,0,0,1,0,1,2,0,0,2,0,0,0,0,0,0,2,0,1,0,0,0,2,0,0,0,0,0,0,0,0,0,0,0,0,0,0,0,2,0,0,1,0,0,0,0,0,0,0,0,0,0,0,0,0,0,0,0,0,0,0,0,0,0,0,0,0,0,0,0,0,0,0,0,0,0,0,0,0,0,1,0,0,2,0,0,0,0,0,5,0,0,0,0,0,1,0,0,1,0,0,0,0,0,0,0,0,2
1,0,1,0,0,0,0,1,0,1,0,0,0,1,3,0,0,0,0,0,0,0,0,0,0,0,2,0,0,0,0,0,0,0,1,1,2,1,0,0,0,0,1,0,0,0,0,0,1,0,0,2,0,0,0,0,0,0,0,0,0,0,0,0,0,0,1,0,0,1,2,0,1,0,1,1,0,0,0,0,0,0,3,0,1,0,0,0,0,0,0,0,1,1,0,0,0,1,0,1,0,0,1,0,0,0,0,0,0,0,0,0,0,0,0,0,0,0,0,0,0,0,1,0,0,0,0,1,1,1,1,0,1,3,0,0,0,0,0,0,0,0,1,0,0,1,2,0,0,0,0,0,0,0,1,0,0,0,0,0,0,0,0,2,1,0,0,1,0,0,1,0,0,0,0,0,2,0,0,0,0,1,0,0,2,2,1,0,0,0,1,0,0,0,0,0,0,0,0,0,0,0,0,0,0,0,0,0,0,0,0,0,0,0,0,0,0,0,0,0,0,0,0,0,0,0,0,0,0,0,0,0,1,4,0,0,4,3,0,0,0,0,0,0,0,0,0,3,0,0,1,0,0,0,0,1
0,1,1,1,0,0,0,2,0,0,0,0,0,2,1,0,1,0,0,0,0,0,0,0,0,0,2,0,0,0,0,0,0,0,0,0,0,0,0,0,0,0,0,0,0,1,0,0,0,0,0,0,0,0,0,0,0,0,0,0,0,0,1,0,1,1,0,1,0,2,4,0,0,0,0,2,0,0,0,0,0,0,0,0,0,0,0,0,0,0,0,0,0,2,0,0,0,0,0,0,0,0,0,0,0,0,0,0,0,0,0,0,0,0,0,0,0,0,0,0,0,0,2,0,0,0,0,2,3,2,4,0,2,0,0,0,0,1,0,0,0,0,1,0,0,2,0,0,0,0,0,1,0,1,1,0,2,0,0,1,0,0,0,0,2,0,0,0,0,2,2,0,1,0,1,0,0,0,0,0,0,0,0,0,0,0,2,0,0,0,0,0,0,0,0,0,0,0,1,0,0,1,0,0,0,0,0,0,0,0,0,0,0,0,0,0,0,0,0,0,0,0,0,0,0,1,0,0,0,0,0,0,0,0,0,0,0,6,0,0,0,0,0,0,0,1,0,0,0,0,0,0,0,1,0,0
0,0,0,0,0,0,0,1,0,0,0,0,0,2,0,0,0,0,0,0,0,0,0,0,0,0,2,0,0,0,0,0,0,0,0,0,0,0,0,0,0,0,0,0,0,0,0,0,0,0,0,0,0,0,0,0,0,0,0,0,0,0,0,0,0,1,0,0,0,2,1,0,0,0,0,2,0,0,0,0,0,0,0,0,0,0,0,0,0,0,0,0,0,2,0,0,0,0,0,0,0,0,0,0,0,1,0,0,0,0,0,0,0,0,0,1,0,0,0,0,0,0,2,1,0,0,0,2,0,2,3,0,2,0,0,0,0,1,1,1,0,0,0,0,1,2,0,1,0,0,0,0,0,0,0,0,0,0,0,0,0,0,0,0,2,0,0,0,0,0,2,0,0,0,0,0,0,0,0,0,0,0,0,0,0,0,1,0,0,0,0,0,0,0,0,0,0,0,0,0,0,0,0,0,0,0,0,0,0,0,0,0,0,0,0,0,0,0,0,0,0,0,0,0,0,0,0,0,0,0,0,0,0,0,0,0,0,3,0,0,0,0,0,0,0,0,0,0,1,0,0,0,0,3,0,2
2,4,0,0,0,0,1,1,0,0,0,0,0,0,3,0,1,0,0,0,1,1,1,0,0,0,1,0,1,0,0,0,0,0,0,0,0,0,0,2,0,0,0,0,0,0,0,0,0,0,0,0,0,1,0,0,1,0,1,0,0,0,0,0,0,0,0,0,1,3,3,0,0,0,0,1,0,0,0,0,0,1,1,0,0,0,0,0,0,0,0,0,0,1,0,0,0,0,2,0,0,0,0,0,0,0,0,1,1,0,0,0,2,0,0,3,0,2,0,0,0,0,1,0,0,0,2,1,0,1,3,0,1,0,0,0,0,0,0,1,0,0,3,0,0,1,0,0,0,0,0,0,0,0,0,0,1,0,0,0,0,0,0,0,1,0,1,0,0,0,1,0,0,0,0,0,0,0,0,0,0,0,0,0,0,0,1,0,0,0,0,0,0,0,0,0,0,0,0,1,0,0,0,2,0,0,0,0,0,0,0,0,0,0,0,0,0,0,0,0,0,0,0,0,0,0,0,1,0,0,3,0,0,0,0,1,0,3,0,0,0,0,0,1,0,0,1,0,2,0,0,0,0,1,0,1
0,0,0,0,2,0,0,1,0,0,0,0,0,2,0,0,0,0,0,0,1,0,0,0,1,1,2,0,0,0,0,0,0,1,0,0,0,0,0,0,0,0,0,0,0,1,0,0,0,0,0,0,0,0,0,0,0,0,0,0,0,0,0,0,0,0,0,1,0,2,3,0,1,0,0,0,0,2,1,0,0,0,0,0,2,0,0,0,2,0,0,0,0,0,0,0,0,0,0,0,0,0,0,1,0,0,0,0,0,0,0,0,0,0,0,0,0,0,0,0,0,0,2,0,0,0,0,2,0,2,5,0,2,1,2,0,0,0,2,0,0,0,0,0,1,2,0,0,0,1,0,1,0,0,0,0,0,0,0,0,0,0,0,1,0,0,0,1,0,0,2,0,0,0,0,0,1,1,0,0,0,0,0,0,0,0,2,0,0,0,0,1,0,2,0,0,0,0,0,0,0,0,0,0,0,0,1,0,0,0,1,1,1,0,0,0,0,0,0,0,1,2,0,1,1,0,1,1,0,1,0,0,0,0,0,0,0,5,0,0,0,1,0,0,0,1,1,1,0,0,0,0,0,0,1,5
1,0,0,0,0,0,0,0,0,1,0,0,0,1,0,0,1,0,0,0,0,0,0,0,0,0,1,0,0,0,0,0,0,0,0,0,0,0,0,0,0,0,0,0,1,0,1,0,1,1,0,0,0,0,0,0,0,0,0,1,0,1,0,0,0,0,0,0,0,1,2,0,1,0,1,1,0,0,0,0,0,0,1,0,1,0,0,0,2,0,0,2,0,1,1,0,0,0,0,0,0,0,0,0,0,0,0,0,0,0,0,1,0,0,0,1,0,0,0,0,0,0,1,0,0,0,0,1,0,1,1,0,1,1,0,0,0,0,0,0,0,0,0,0,0,1,0,0,0,0,1,0,0,0,1,0,1,0,0,0,0,0,3,1,1,0,1,0,0,0,1,0,0,0,0,0,1,0,0,0,0,1,0,2,0,0,1,0,0,0,1,0,0,1,0,0,0,0,0,0,0,0,2,0,0,1,0,0,0,0,1,1,0,0,0,0,0,0,0,1,0,1,0,0,0,0,1,0,0,0,0,0,0,0,0,0,0,2,0,0,0,0,0,0,0,1,0,0,0,0,0,0,0,0,0,2
0,0,0,0,0,0,0,0,0,0,2,0,0,2,0,0,0,0,0,0,0,0,0,0,0,0,2,0,0,0,0,0,2,0,0,0,0,0,0,0,0,0,1,0,1,0,0,0,0,1,0,0,0,0,0,0,0,0,0,1,0,0,1,0,0,0,0,0,0,1,2,0,1,0,0,1,0,0,1,0,0,0,1,0,1,0,0,0,0,0,0,0,0,1,0,1,0,0,1,0,0,0,0,0,0,0,0,0,0,0,0,0,0,0,0,1,0,1,0,0,0,0,2,0,0,0,0,2,0,1,2,0,2,2,0,0,0,0,0,1,0,0,2,0,0,1,0,1,0,0,0,0,0,0,1,0,1,1,0,0,0,0,0,1,1,0,0,0,0,0,1,0,0,0,0,0,1,0,0,0,0,0,0,0,0,0,1,0,0,0,1,1,0,0,0,0,0,0,0,0,0,0,0,0,0,0,0,0,0,0,0,0,0,0,0,0,0,0,0,0,0,0,0,0,0,0,1,0,0,1,1,1,0,0,0,0,0,5,0,0,0,0,0,0,0,2,0,0,0,0,0,0,0,0,0,1
0,1,0,0,0,0,0,1,0,0,1,0,0,2,0,0,0,0,0,0,0,0,0,0,0,0,2,0,0,1,0,0,1,0,0,2,0,0,0,0,0,0,0,0,0,0,2,0,0,1,0,1,0,0,0,0,0,0,1,1,0,0,1,0,0,0,0,0,0,2,5,0,0,0,0,2,0,0,0,0,0,0,0,0,0,0,0,0,2,0,0,0,0,2,0,0,0,0,0,0,0,0,0,0,0,0,0,0,0,0,0,0,0,0,0,0,1,0,0,0,0,0,2,0,0,0,0,2,0,2,5,0,2,0,0,0,0,0,0,1,0,0,0,0,1,2,1,1,0,0,0,0,0,1,0,0,3,0,0,0,0,0,0,0,2,0,0,0,0,0,2,0,0,0,0,0,0,0,0,0,0,0,0,0,0,0,2,0,0,0,0,0,0,0,0,0,0,0,0,0,0,0,0,0,0,0,0,0,0,0,0,0,0,0,0,0,0,0,0,0,0,0,0,0,3,2,1,0,0,2,1,0,0,0,0,0,0,7,0,0,0,0,1,0,0,0,0,0,1,0,0,0,0,0,0,1
1,0,0,0,2,0,1,1,0,1,0,0,0,1,0,0,0,0,0,0,2,0,1,1,0,0,1,0,0,0,1,0,0,0,0,0,0,1,0,0,0,0,0,0,0,0,0,1,1,0,0,0,0,0,0,0,0,0,0,0,0,1,0,0,0,0,0,0,0,1,1,0,0,0,0,1,0,0,0,0,0,0,1,0,1,0,0,0,1,0,0,0,0,1,0,0,0,2,0,0,0,0,0,0,0,1,1,0,0,0,0,0,0,0,0,2,0,0,0,0,0,0,1,0,0,0,0,1,0,1,1,0,1,1,0,0,0,0,0,0,0,0,0,0,0,1,0,0,0,0,0,0,0,0,1,0,0,0,0,0,0,0,0,2,1,0,1,0,0,0,1,0,0,0,0,0,1,0,0,0,0,1,0,0,0,0,1,0,0,0,1,0,0,0,0,0,0,0,0,0,0,0,0,0,0,0,0,0,0,0,0,0,0,0,0,0,0,0,0,0,0,0,0,0,0,0,0,0,0,0,0,0,0,0,0,0,0,1,0,0,0,0,0,0,0,0,0,0,0,0,0,0,0,0,0,0
1,0,0,0,0,0,1,0,0,1,0,0,0,2,0,0,0,0,0,0,0,0,0,0,2,0,1,0,0,0,0,0,0,0,0,0,0,0,0,0,0,0,0,0,1,0,0,0,1,0,0,0,0,1,0,0,0,0,0,1,0,0,2,0,0,0,0,0,0,1,2,0,0,0,0,1,0,0,0,0,0,1,1,0,1,1,0,0,0,0,0,0,0,1,0,0,0,0,0,0,0,1,0,0,0,1,0,0,0,0,0,1,0,0,0,0,0,0,0,0,0,0,1,0,0,0,0,1,0,1,1,0,1,2,0,0,0,0,0,0,0,0,0,0,0,2,0,0,0,0,0,0,0,2,1,0,0,0,0,0,0,0,0,2,1,0,0,2,0,0,1,0,0,0,0,0,1,0,0,0,0,1,0,0,0,0,1,0,0,0,1,0,0,0,0,0,0,0,0,0,0,0,0,0,0,0,0,0,0,0,0,0,0,0,0,0,0,0,0,0,0,1,1,0,0,0,0,0,0,0,0,0,0,0,0,0,0,3,0,2,0,0,0,0,0,0,0,0,0,0,0,0,0,1,0,0
0,0,0,0,0,0,0,0,0,0,0,0,0,2,0,0,0,0,0,0,0,0,0,0,0,0,1,0,0,0,0,0,0,0,0,0,1,0,0,0,0,0,1,0,0,0,0,0,0,0,0,1,0,0,0,0,0,0,0,0,0,0,0,0,0,0,0,0,0,2,3,1,0,0,0,2,0,0,0,0,0,0,0,0,0,0,0,0,0,0,0,0,1,2,0,0,0,0,0,1,0,1,0,0,0,1,0,0,0,0,0,0,0,0,1,0,0,1,1,0,0,0,2,0,0,0,0,2,0,2,2,1,2,0,0,1,0,0,0,0,0,0,1,0,1,2,0,1,0,0,0,0,0,0,0,0,0,0,0,0,1,0,0,0,2,0,0,1,0,0,2,0,0,0,0,0,0,0,1,0,1,0,0,0,0,0,2,0,0,0,0,0,0,0,0,0,0,0,0,0,0,0,0,0,0,0,0,0,0,0,0,0,0,0,0,1,0,0,0,0,0,1,0,0,0,0,0,0,0,0,0,0,0,0,0,0,0,5,0,1,0,0,0,0,0,0,0,1,0,0,0,0,0,1,1,3
1,0,0,0,0,1,0,0,0,1,1,0,0,1,0,0,0,0,0,0,1,0,0,0,0,0,1,0,0,0,0,0,0,0,0,0,0,0,0,0,0,0,0,0,0,0,0,0,1,0,0,0,0,0,0,0,0,0,0,0,0,0,0,0,0,0,1,0,0,1,1,0,0,0,0,1,0,0,0,0,0,0,1,0,1,0,0,0,0,0,0,1,0,1,2,1,0,0,0,0,0,0,0,0,0,1,0,0,0,0,0,0,1,1,0,0,0,0,0,0,0,0,1,0,0,0,0,1,0,1,2,0,1,2,0,0,0,0,0,0,0,1,0,0,0,1,1,1,0,0,0,0,0,0,2,0,0,0,0,1,0,0,0,2,1,0,0,0,0,0,1,0,0,0,0,0,1,0,0,0,0,1,0,0,0,0,3,0,0,0,1,0,2,0,0,0,0,0,0,0,0,0,0,0,0,0,0,0,0,1,0,0,0,0,0,0,0,0,0,0,0,0,0,0,0,0,0,0,0,0,1,0,0,0,0,0,0,2,0,0,0,0,0,0,0,0,1,0,0,1,0,0,0,0,0,1
1,0,0,0,0,0,0,0,0,1,0,0,0,1,0,0,0,0,0,0,0,0,0,0,2,0,3,0,0,0,0,0,0,0,0,0,0,1,0,0,0,0,0,0,0,3,0,0,1,0,0,1,0,0,0,0,0,0,3,1,0,0,1,0,0,0,0,0,0,1,0,0,0,0,0,2,0,0,0,0,1,0,1,0,1,0,1,0,0,0,0,0,0,1,0,0,0,0,0,0,0,0,0,0,0,1,0,0,0,1,0,0,0,0,0,1,0,0,0,0,1,0,1,0,0,0,0,1,1,1,2,0,1,4,0,3,0,0,0,1,3,0,3,0,2,1,1,0,0,0,0,0,0,0,3,0,0,0,0,0,0,0,0,1,1,0,0,0,0,0,1,0,0,0,0,0,1,0,0,0,0,1,0,1,1,0,1,0,0,0,1,0,0,0,0,0,0,0,0,0,0,2,1,0,0,0,0,0,0,0,0,0,1,0,0,0,0,0,0,0,1,0,0,0,0,0,0,1,1,0,3,2,0,0,0,0,0,2,1,0,1,0,0,0,0,0,1,0,0,0,0,0,1,0,0,2
0,2,0,0,0,0,1,0,0,0,1,0,0,2,0,0,0,2,0,0,0,0,0,0,1,1,2,0,0,1,1,0,0,0,0,0,0,0,0,0,0,0,0,0,2,0,0,0,0,1,1,0,0,0,0,0,0,0,0,0,0,0,1,0,0,0,0,0,0,2,6,0,1,0,0,2,0,0,0,0,0,0,0,0,0,0,0,0,0,0,0,1,0,2,0,0,0,0,0,1,0,1,0,0,0,1,0,0,0,0,0,1,0,0,0,0,0,0,0,0,0,0,2,0,0,0,0,1,1,2,3,0,2,0,0,0,1,1,0,1,1,0,0,1,0,2,1,1,1,0,2,0,0,0,0,0,1,0,2,0,0,0,0,0,2,0,0,0,0,0,2,0,0,0,0,0,0,0,0,0,0,0,0,0,0,0,2,0,0,0,0,0,0,0,0,0,0,0,1,0,0,0,0,0,1,0,0,0,0,0,0,0,0,1,1,0,0,0,0,0,0,3,0,1,1,0,1,0,1,0,0,0,0,0,0,0,0,6,0,0,0,0,0,0,0,0,0,0,0,0,0,0,0,0,0,2
0,0,0,0,0,0,0,1,0,0,0,0,0,2,0,0,0,0,0,0,0,0,0,0,0,0,2,0,0,0,0,0,0,0,0,1,0,0,0,0,0,1,0,0,0,0,0,0,0,0,0,0,0,0,0,0,0,0,1,0,0,1,0,0,0,0,0,1,0,2,2,0,0,1,0,2,0,0,0,0,0,0,0,0,0,0,0,0,0,0,0,0,0,3,0,0,0,0,0,0,0,0,0,0,0,1,0,0,0,0,0,0,0,0,1,0,0,0,0,0,0,0,2,1,0,0,0,2,0,2,3,0,2,0,0,0,0,0,0,1,0,0,0,0,0,2,0,0,0,0,0,0,0,0,1,0,0,0,0,0,0,0,0,0,2,0,0,1,0,0,2,0,0,0,0,0,0,0,1,0,0,0,0,0,0,0,2,0,0,0,0,0,0,0,0,0,0,0,0,0,0,0,0,0,0,0,0,0,0,0,0,0,0,0,0,0,0,0,0,0,0,0,0,0,0,1,0,0,0,0,0,0,0,0,0,0,0,3,0,0,0,0,0,0,0,2,0,1,0,0,0,0,0,0,1,2
2,2,0,0,0,0,0,2,0,1,0,0,0,1,0,0,0,0,0,0,1,0,0,1,0,0,1,1,0,0,1,0,0,0,0,0,0,0,0,0,0,0,0,0,0,0,0,0,1,0,0,0,0,0,0,0,0,0,0,0,0,0,0,0,0,0,0,0,0,1,0,0,0,0,0,0,0,0,0,0,0,0,1,0,1,0,0,0,2,0,0,2,0,0,1,0,2,0,1,0,0,0,0,0,0,0,2,0,0,0,0,0,0,0,0,1,0,0,0,0,0,0,1,0,0,0,0,2,0,1,2,0,1,1,0,1,0,0,0,0,0,0,1,0,0,1,1,0,0,0,1,0,0,2,1,0,0,0,0,0,0,0,0,1,0,0,0,0,0,0,1,0,0,0,0,0,1,0,0,0,0,1,0,0,0,0,1,0,0,0,1,0,0,1,0,0,1,0,0,0,0,0,1,0,0,0,0,0,0,0,0,0,0,0,0,0,0,0,0,0,0,0,0,0,0,0,0,0,0,0,0,0,0,1,0,0,0,1,0,0,0,0,0,0,0,0,0,0,0,1,0,0,0,0,0,0
2,0,0,0,0,0,0,0,0,2,0,0,0,0,0,0,0,0,0,0,0,0,0,0,2,0,0,0,0,0,0,0,0,2,0,1,0,1,1,0,1,0,0,0,1,1,0,0,2,0,1,1,0,2,1,0,0,0,0,3,0,0,1,0,0,0,0,0,0,0,0,0,0,0,0,0,0,0,2,0,0,0,2,0,2,2,0,0,2,0,0,0,0,0,0,0,0,0,0,0,0,0,0,0,0,0,0,0,0,0,0,0,0,0,0,0,0,0,0,0,0,0,0,0,0,0,0,0,0,0,0,0,0,3,0,0,0,0,0,1,0,0,0,0,0,0,0,0,0,0,0,0,0,0,2,0,0,0,0,0,0,1,0,3,0,0,0,0,0,0,0,0,0,0,0,0,2,0,0,0,0,2,0,0,1,0,2,0,0,0,2,0,0,1,0,0,0,0,1,1,0,0,2,0,0,0,0,0,0,0,0,0,0,0,0,0,0,0,0,0,0,0,0,0,0,0,0,1,0,1,0,0,0,1,0,0,0,0,0,0,0,0,0,0,0,0,0,0,0,1,0,0,1,0,0,0
0,0,0,0,0,0,0,1,1,1,0,0,0,1,0,0,0,0,0,0,0,0,0,0,0,0,2,0,0,0,0,0,0,0,1,0,0,1,0,0,0,0,1,1,0,0,0,0,1,0,0,1,0,0,0,0,0,0,0,0,1,0,0,0,1,0,0,0,0,1,3,0,0,0,0,2,0,0,2,0,0,0,1,0,1,0,0,0,1,0,0,0,0,2,0,0,0,0,0,3,0,0,0,0,0,0,0,0,0,0,0,1,0,0,0,0,0,0,0,0,0,0,2,2,0,0,0,3,0,1,3,0,1,2,0,0,0,0,0,0,0,0,0,0,0,1,0,0,0,0,0,0,0,0,2,0,1,0,0,0,0,0,1,1,1,0,0,0,0,0,1,1,1,0,0,0,1,0,0,0,0,0,0,0,0,1,1,0,0,0,1,0,0,1,0,1,0,0,0,0,0,0,0,0,0,0,0,1,0,0,0,0,0,0,0,0,1,0,0,0,0,0,0,0,0,0,0,0,0,0,0,0,0,0,0,0,1,3,0,0,0,0,0,0,1,2,0,0,0,0,0,0,0,0,0,2
1,0,0,0,0,0,0,0,0,1,0,0,0,1,0,0,0,0,0,0,0,0,0,0,0,0,1,0,0,0,0,0,0,0,0,0,0,2,2,0,0,0,0,0,1,0,0,0,1,0,0,2,0,0,2,0,0,0,0,2,0,0,0,0,0,0,0,0,0,1,1,0,0,0,0,1,0,0,0,0,0,0,1,0,1,0,0,0,0,0,0,0,0,1,1,0,0,0,0,0,0,0,0,1,0,1,0,0,0,1,0,0,0,0,0,0,0,0,0,0,0,0,1,0,0,0,0,1,0,1,2,1,1,2,0,0,0,0,0,1,0,0,0,0,1,1,0,1,0,0,0,0,0,0,1,0,0,0,0,0,0,0,0,1,1,0,0,0,0,0,1,0,0,0,0,0,1,0,0,0,0,1,0,0,1,0,1,0,0,0,1,0,0,0,0,0,0,1,1,1,0,0,1,0,0,0,0,0,0,0,0,0,0,0,0,0,0,0,0,0,0,1,0,0,0,0,0,0,0,0,0,0,0,0,0,0,0,1,0,0,0,0,0,0,0,0,1,0,0,0,0,0,0,0,0,1
0,0,1,0,1,0,1,0,0,0,0,0,0,3,0,0,0,0,0,0,0,0,0,0,0,0,2,0,0,0,0,0,0,0,0,0,0,0,0,0,0,0,0,0,0,0,0,0,0,0,0,0,0,0,0,0,0,0,0,2,0,0,0,0,0,0,0,0,0,2,2,0,0,0,0,2,0,0,0,0,0,0,0,0,0,1,0,0,0,0,0,0,0,2,0,0,0,0,0,0,0,0,0,0,0,1,0,0,0,0,0,1,0,0,0,0,0,0,1,0,1,0,2,0,0,0,0,2,0,2,4,0,2,1,0,0,0,0,0,0,1,0,0,0,0,2,0,0,0,0,0,0,0,0,0,0,0,0,0,0,0,0,0,0,2,0,1,0,0,0,2,0,0,0,0,0,1,0,0,0,0,0,0,0,0,0,2,0,0,0,0,0,0,0,0,0,0,1,0,0,0,0,0,0,0,0,0,0,0,0,0,0,1,0,0,1,0,0,0,0,0,0,0,0,0,0,2,0,1,0,0,2,0,0,0,0,0,5,0,0,0,0,0,0,0,0,0,0,1,0,0,0,0,0,0,3
0,1,0,0,1,0,1,0,0,1,0,0,0,1,0,0,0,0,0,1,1,0,0,0,0,0,2,1,0,0,0,0,0,0,0,0,0,0,0,0,0,0,0,0,0,0,0,0,1,0,0,1,0,0,0,0,0,0,0,0,0,0,0,1,0,0,0,0,0,1,1,0,0,0,0,2,0,0,0,0,0,0,1,0,1,0,0,0,0,0,0,0,0,1,0,0,0,0,0,0,0,0,0,0,1,1,0,0,2,3,0,1,0,0,0,1,0,0,0,0,0,0,1,0,0,0,0,2,0,1,1,0,1,3,0,0,0,0,0,0,0,0,3,0,0,2,0,0,0,0,0,0,0,0,1,0,0,0,0,0,0,0,0,1,1,0,0,0,0,0,1,0,0,0,0,0,1,0,0,0,0,1,0,0,1,0,1,0,0,0,1,0,0,2,0,0,0,1,0,1,0,0,2,0,0,0,0,0,0,0,0,0,1,0,0,0,0,0,0,0,0,0,0,0,0,1,0,0,0,0,1,0,0,0,0,0,0,2,0,0,0,0,0,0,0,0,0,0,0,0,0,0,0,0,0,1
0,0,0,0,0,0,0,0,0,0,0,0,0,2,0,0,0,0,0,0,0,0,0,0,0,0,2,0,0,0,0,0,0,0,0,0,0,0,0,0,0,0,0,0,0,0,0,0,0,0,0,0,0,0,0,0,0,0,0,0,0,0,0,0,0,0,0,0,0,2,2,0,0,0,0,2,0,0,0,0,0,0,0,0,0,0,1,0,0,0,0,0,1,2,0,0,0,0,0,0,0,1,0,0,0,1,0,0,0,0,0,0,0,0,0,0,0,0,0,0,0,0,2,0,0,0,0,4,0,2,5,1,2,0,0,0,0,0,0,0,0,0,0,1,0,2,0,2,0,0,0,0,0,0,2,0,0,0,0,1,0,0,0,0,2,0,0,0,0,0,2,0,0,0,0,0,0,0,0,0,0,0,0,0,0,1,1,0,0,0,0,0,0,0,0,0,0,0,0,0,0,0,0,0,0,0,0,0,0,0,0,0,0,0,0,0,0,0,0,0,0,1,0,0,0,0,0,0,1,0,0,0,0,0,0,0,0,4,0,0,0,0,0,0,0,0,0,0,1,0,0,0,0,1,0,2
1,0,0,0,0,0,0,0,0,1,0,0,0,1,0,0,0,0,0,0,0,0,0,0,2,0,1,0,0,0,0,0,0,1,0,0,0,1,2,0,0,1,0,0,1,0,0,0,2,0,0,0,0,0,1,1,0,0,0,1,0,0,0,0,0,0,0,0,0,1,1,0,0,0,0,1,0,0,0,0,0,0,1,0,1,0,0,0,1,0,0,0,0,1,0,0,0,0,0,0,0,0,0,0,0,0,0,0,0,0,0,0,0,0,0,0,0,0,0,0,0,0,1,0,0,0,0,1,0,1,1,0,1,2,0,0,0,0,0,0,0,0,0,0,0,1,0,0,0,0,0,0,0,0,2,0,0,0,0,0,0,0,0,1,1,0,0,0,0,0,1,0,0,0,0,0,1,0,0,0,0,1,0,0,0,0,1,0,0,0,1,0,0,0,0,0,0,0,0,0,0,0,0,0,0,0,0,0,0,0,0,0,0,0,0,0,1,0,0,0,0,0,1,0,0,0,0,0,0,0,1,0,0,0,0,0,0,2,0,0,0,0,0,1,0,0,0,0,0,0,0,0,0,0,0,1
0,0,0,0,0,0,0,0,0,0,0,0,0,1,0,0,0,0,0,1,0,0,0,0,0,0,1,0,0,0,0,0,0,0,0,0,0,0,0,0,0,0,0,0,0,0,0,0,1,0,0,0,0,0,0,0,0,0,0,0,0,0,0,0,0,0,0,0,0,1,1,0,0,0,0,1,0,0,0,0,0,0,1,0,1,0,0,0,0,0,0,0,0,1,0,0,0,0,0,0,0,0,1,0,0,1,0,0,0,0,0,1,0,0,0,0,0,0,0,0,0,2,1,0,0,0,0,2,0,1,2,0,1,1,0,0,0,1,0,1,0,0,0,0,0,1,2,1,0,0,0,0,0,2,0,0,0,0,0,0,0,0,0,1,1,0,0,0,0,0,2,1,0,0,0,0,1,0,0,0,0,0,0,0,0,0,2,0,0,0,1,0,0,0,0,0,1,0,1,0,1,0,0,0,0,1,0,0,0,0,0,0,1,0,0,1,0,0,0,0,0,0,0,0,0,1,0,0,0,0,1,0,0,1,0,0,0,1,0,0,0,0,0,1,0,1,0,1,0,0,1,0,0,0,0,2
0,0,0,0,2,0,0,0,0,0,0,0,0,2,0,0,0,0,0,0,0,0,0,0,0,0,2,0,0,0,0,0,0,0,0,0,0,0,0,0,0,0,1,0,0,0,0,0,0,0,0,0,0,0,0,0,0,0,0,0,0,0,0,0,0,0,0,0,0,2,2,0,1,0,1,2,0,0,0,0,0,0,0,0,0,0,0,0,0,0,0,0,0,2,0,0,0,0,0,0,0,0,0,0,0,0,0,0,0,0,0,0,0,0,0,0,0,0,0,0,0,0,2,0,0,0,0,2,0,2,3,0,2,0,0,0,0,0,0,0,0,0,0,0,1,2,0,2,0,0,0,0,0,0,0,0,0,0,0,0,0,0,0,0,2,0,0,0,0,0,1,0,0,0,0,0,0,0,0,0,0,0,0,0,0,0,2,0,0,0,0,0,0,0,0,0,0,0,0,0,0,0,0,0,0,0,0,0,0,0,0,0,0,0,0,0,0,0,0,0,0,1,0,0,0,0,0,0,0,0,1,0,0,0,0,0,0,4,0,0,0,0,0,0,0,1,0,0,1,0,0,0,0,1,0,1
2,0,1,0,1,0,0,0,0,2,0,0,0,0,0,1,3,1,0,0,1,0,0,0,2,0,2,0,0,0,0,0,0,0,0,0,0,0,3,0,0,1,0,0,0,2,0,0,2,0,0,0,0,0,4,1,0,0,0,0,0,0,0,0,0,0,0,0,0,0,0,0,0,0,0,0,0,0,0,0,0,0,2,0,2,0,0,0,0,0,0,0,0,0,0,0,0,0,0,1,0,0,0,1,0,0,0,0,3,0,0,1,0,1,0,1,0,0,0,0,0,2,0,0,0,1,0,1,0,0,0,1,0,3,0,1,0,0,0,2,0,0,0,1,0,0,0,0,0,0,0,1,0,2,3,5,0,0,0,0,0,0,0,3,0,0,0,0,0,0,0,0,0,1,0,0,2,0,0,0,0,3,0,0,1,0,0,0,0,0,4,0,0,1,0,0,0,1,0,0,0,0,0,0,0,0,0,0,0,0,0,0,0,0,0,0,0,0,0,0,0,0,0,0,0,1,0,1,0,0,0,0,0,0,0,0,0,0,0,0,3,0,0,0,1,0,0,0,0,1,0,0,1,0,0,0
1,0,0,1,0,0,1,0,0,1,0,0,0,0,0,0,0,0,0,0,0,0,0,3,0,0,0,0,0,0,0,0,1,0,0,0,0,2,2,0,1,0,0,0,0,1,0,1,1,0,0,2,0,0,0,0,0,0,1,0,0,0,0,0,0,0,0,0,0,0,2,0,1,0,0,0,3,0,1,0,1,0,1,0,1,0,0,2,0,0,0,0,0,0,0,0,0,0,0,0,0,0,0,0,0,1,0,0,0,1,0,0,0,0,0,1,1,0,0,0,0,0,1,0,0,0,0,0,0,0,0,0,0,2,0,0,0,0,0,0,0,0,0,0,0,0,0,0,0,0,0,0,0,0,0,0,0,0,0,0,1,0,0,1,0,0,0,0,0,1,1,0,0,0,1,0,1,1,0,0,0,1,0,0,2,0,0,0,0,0,1,0,1,0,0,0,0,2,0,1,0,0,2,0,1,3,1,0,0,0,0,0,2,0,0,0,0,0,0,1,1,0,1,2,0,1,0,0,0,0,0,0,0,0,0,0,0,0,0,1,1,0,0,0,0,0,0,2,0,0,0,0,0,0,0,0
1,2,3,0,1,0,0,1,0,1,0,0,0,1,0,0,0,1,0,0,0,1,0,0,0,0,0,0,1,0,0,0,0,0,0,0,0,0,0,0,0,0,0,0,0,0,0,0,1,0,0,0,0,0,0,0,0,0,0,0,0,0,0,0,0,0,0,0,0,1,2,0,0,0,0,1,0,0,0,0,0,0,1,0,1,0,0,0,0,0,0,0,0,1,0,0,0,0,0,0,0,0,0,0,0,0,0,0,0,0,0,0,0,0,0,0,0,0,0,0,0,0,1,0,0,0,0,0,1,1,2,0,1,3,0,0,0,0,0,0,1,0,1,0,0,1,0,1,0,0,0,1,0,0,1,0,0,0,0,0,0,0,0,3,1,0,0,0,0,0,1,0,0,0,0,0,1,0,0,0,0,1,0,1,0,1,1,0,0,0,1,0,0,0,0,0,0,0,0,1,0,0,0,0,0,0,0,0,1,0,0,0,0,0,0,2,0,0,0,0,0,2,1,0,0,0,0,1,0,0,0,1,1,0,0,0,0,2,0,1,0,0,0,0,0,3,0,0,0,0,0,0,0,0,0,1
0,1,0,0,1,4,0,0,0,1,0,0,2,1,0,0,0,1,0,0,1,2,0,0,0,0,1,0,0,1,0,0,0,0,0,0,0,2,0,0,0,0,1,0,0,0,4,0,1,0,0,1,0,0,1,0,0,0,0,0,0,0,0,0,0,0,0,0,0,1,3,0,2,0,0,1,0,0,0,0,0,0,1,0,1,0,0,2,1,0,0,0,5,1,1,0,0,0,0,0,0,4,0,2,0,0,1,2,0,0,0,1,0,0,0,1,0,0,0,0,0,0,1,0,0,0,0,4,0,1,2,1,1,2,0,0,1,0,0,0,0,0,1,0,0,1,0,2,0,0,0,1,0,0,2,0,0,0,0,1,0,0,0,1,1,0,0,0,0,0,1,0,0,0,0,0,2,0,0,0,0,0,0,0,0,0,2,0,0,0,1,0,0,0,0,0,0,1,0,3,0,0,0,0,0,0,0,0,0,0,0,0,0,0,0,0,0,0,0,1,0,0,0,0,0,1,0,1,0,1,0,2,0,0,0,0,0,3,0,0,0,0,1,0,0,1,0,0,1,2,0,0,0,0,0,1
1,1,0,0,0,0,2,1,0,1,0,0,0,1,0,0,0,0,0,0,0,0,0,1,1,0,1,0,0,0,0,0,0,0,0,0,0,2,0,0,0,0,0,0,0,0,0,0,1,0,0,1,0,0,0,0,0,0,0,1,0,0,2,0,0,0,1,0,0,1,2,0,2,0,0,1,0,0,0,0,0,0,1,0,1,0,0,0,0,0,0,0,0,1,0,0,0,0,0,0,0,0,0,0,0,0,0,1,0,0,0,1,0,0,0,0,0,0,0,0,0,0,1,0,0,0,0,1,0,1,1,0,1,2,3,1,0,0,0,0,0,0,0,0,0,1,0,0,0,0,0,0,0,0,1,0,1,1,0,0,0,0,0,1,1,0,0,0,0,0,1,0,0,0,0,0,1,0,0,0,0,1,0,0,1,0,1,0,0,0,1,0,0,0,0,0,0,0,0,1,0,0,1,0,0,0,0,0,0,0,0,0,1,0,0,0,0,0,0,0,0,0,0,0,0,0,0,0,0,0,0,0,0,0,0,0,0,1,0,0,0,0,0,0,0,0,0,0,0,0,0,0,0,0,0,0
1,0,0,0,0,0,0,0,0,1,0,0,0,1,0,0,0,0,0,0,0,0,0,0,0,0,1,0,0,0,0,0,0,0,0,0,0,1,2,0,0,0,1,0,0,1,0,0,1,0,0,0,0,1,0,0,0,0,0,0,0,0,0,0,0,0,0,0,0,1,1,0,0,0,0,1,0,0,0,0,0,0,1,0,1,0,0,0,0,0,0,0,0,1,0,1,0,0,1,0,0,0,0,0,0,1,1,0,0,1,0,0,0,0,0,0,0,0,0,0,0,0,1,0,0,0,0,1,0,1,1,0,1,3,0,0,0,1,0,2,0,0,0,0,0,1,0,1,0,0,0,1,0,0,1,0,0,1,0,0,0,0,0,1,1,0,0,0,0,0,1,0,0,0,0,0,1,0,0,0,0,1,0,0,1,0,1,0,0,0,1,0,0,0,0,0,0,0,0,1,0,0,1,0,0,0,0,0,0,0,0,0,0,0,0,0,0,0,0,0,0,0,0,0,1,1,0,0,0,0,0,0,0,0,0,0,0,2,0,0,0,0,0,0,0,0,1,0,0,0,0,0,1,0,0,2
0,0,0,0,0,0,0,0,0,0,0,0,0,2,0,0,0,0,0,0,0,0,0,0,0,0,1,0,0,0,0,0,0,0,0,0,0,2,0,0,0,0,0,0,0,0,1,0,1,0,0,0,0,0,0,0,0,0,0,0,0,0,0,0,0,0,0,1,0,0,0,0,0,0,0,0,0,1,0,0,0,0,0,0,1,0,0,0,0,0,0,1,0,0,0,0,0,0,0,0,0,0,0,0,0,0,0,0,0,0,0,0,2,0,2,0,0,0,0,0,0,0,2,0,0,0,0,2,0,2,2,0,2,1,0,0,0,0,0,3,0,0,0,0,2,2,0,1,0,0,0,0,0,2,1,0,0,0,0,0,0,0,0,0,0,0,0,0,0,0,2,0,0,0,0,0,1,0,0,0,0,0,0,0,0,0,2,0,0,0,1,0,0,0,0,0,1,0,0,1,0,0,1,0,0,0,0,0,0,0,0,0,0,0,0,0,0,0,0,0,0,0,0,0,2,0,1,0,0,0,2,0,0,0,0,0,0,1,0,0,0,0,0,0,1,0,0,0,1,1,0,0,0,0,0,1
1,0,0,0,0,0,0,1,0,1,0,0,0,1,0,0,0,0,0,1,0,0,0,0,0,0,2,0,0,0,0,0,1,0,1,0,0,2,0,0,0,0,0,0,2,0,1,0,1,0,0,0,0,1,0,0,0,0,2,0,0,0,0,0,0,0,0,0,0,1,0,0,0,0,0,1,0,0,0,0,0,0,1,0,1,0,0,0,0,0,0,0,0,1,0,0,0,0,0,0,0,0,0,0,0,0,1,0,0,1,0,0,0,0,0,0,0,0,0,0,0,2,1,0,0,0,0,1,0,1,2,0,1,3,0,0,0,0,0,0,0,0,0,0,0,1,3,1,0,1,0,0,0,0,3,0,0,0,0,0,0,0,0,1,1,0,0,0,0,0,1,0,0,0,0,0,1,0,0,0,0,1,0,0,0,0,1,0,1,0,1,0,1,0,0,0,0,0,0,0,0,0,0,0,0,0,0,0,0,0,0,0,0,0,0,0,0,0,0,0,0,2,0,0,0,1,0,0,0,0,0,0,0,0,0,0,0,1,0,0,2,0,0,2,0,0,0,0,0,0,0,0,1,0,0,1
2,0,0,0,0,0,0,0,0,0,0,0,0,2,0,0,0,0,0,0,0,0,0,0,0,0,2,0,0,0,0,0,0,0,0,0,0,0,0,0,0,0,1,0,0,0,0,0,0,0,0,0,0,0,0,0,0,0,0,0,0,0,0,0,0,0,0,1,0,2,3,0,0,0,0,2,0,0,0,0,0,0,0,0,0,0,0,0,0,0,0,0,0,2,0,0,0,0,0,0,0,0,0,0,0,1,0,0,0,0,0,0,0,0,1,0,0,1,0,0,0,0,3,0,0,0,0,1,1,2,5,0,2,0,0,3,0,0,0,0,0,0,0,0,4,2,0,1,0,0,0,1,0,3,1,0,0,0,0,0,0,0,0,0,2,0,0,0,0,0,1,0,0,0,0,0,0,1,0,0,0,0,0,0,0,0,2,0,0,0,0,0,0,0,0,0,0,0,0,0,0,0,0,0,0,0,0,0,0,0,0,0,0,0,0,1,0,0,0,0,0,0,0,0,0,0,3,0,0,0,0,0,0,0,0,0,0,4,0,0,0,0,0,2,3,1,0,0,1,0,0,0,0,0,1,1
1,0,0,0,0,0,0,1,0,1,0,0,0,1,1,0,0,0,0,0,1,0,0,1,2,0,1,0,0,0,0,0,0,0,0,0,0,0,0,0,0,0,0,0,0,0,0,0,1,0,0,0,0,0,0,0,0,0,0,0,0,0,0,0,0,0,0,0,0,1,1,0,0,0,0,1,0,0,0,0,0,0,1,0,1,0,0,0,1,0,0,0,0,1,1,0,0,0,0,0,0,0,0,0,0,1,0,0,0,0,0,1,0,0,0,0,0,0,0,0,0,0,1,0,0,0,0,1,0,1,1,2,1,2,0,0,0,0,0,1,0,0,0,0,0,1,0,0,0,0,0,0,0,2,1,0,0,0,0,0,0,0,1,1,1,0,0,0,0,0,1,0,0,0,0,0,1,0,0,0,1,1,0,0,0,0,1,0,0,0,1,1,0,0,0,0,1,0,0,2,0,0,2,0,0,0,0,0,0,0,0,0,0,0,0,1,0,0,0,0,0,1,0,0,0,0,0,0,0,0,0,0,0,0,0,0,0,1,0,0,2,0,0,0,0,0,0,0,0,0,0,0,0,0,0,1
1,0,0,0,0,2,1,0,0,1,0,0,0,1,4,0,0,0,0,0,1,0,0,0,0,0,0,0,0,0,0,0,0,0,0,0,0,1,0,0,0,0,0,0,0,2,4,0,1,0,0,1,0,0,2,0,0,0,0,0,0,0,0,1,0,0,0,0,0,1,3,0,0,0,0,1,0,1,0,0,0,0,1,0,1,1,0,0,0,0,0,0,0,1,0,0,0,0,0,1,0,0,0,0,0,0,0,0,0,0,0,0,0,0,0,0,0,0,0,0,0,2,1,0,0,0,0,1,0,1,1,0,1,2,0,0,0,2,0,2,0,0,2,0,0,1,0,1,0,0,1,3,0,2,0,0,0,1,0,0,0,0,0,1,1,0,0,0,0,0,1,0,0,0,0,0,1,0,0,0,0,1,0,0,0,0,0,0,0,0,1,0,0,1,0,0,1,0,0,1,0,0,1,0,0,0,0,0,0,0,0,0,0,0,0,0,0,1,0,0,0,0,0,0,0,0,0,1,0,0,0,0,0,1,0,0,0,3,0,0,0,0,1,0,0,0,0,0,1,2,0,0,0,1,0,1
0,0,0,0,0,0,0,0,0,0,0,0,0,1,0,0,0,0,0,0,0,0,0,0,0,0,2,0,0,0,0,0,0,0,0,0,0,0,0,0,0,0,0,0,0,0,0,0,0,1,0,0,0,0,0,0,0,0,0,0,0,1,2,0,0,0,0,0,0,3,5,0,0,0,1,2,0,0,0,1,0,0,0,0,0,1,1,0,0,0,0,0,0,4,0,1,0,0,0,0,0,0,0,0,1,3,0,0,0,1,0,0,0,0,0,0,0,0,0,0,0,0,2,0,0,0,0,3,0,2,3,0,2,0,0,0,0,1,0,0,0,0,0,0,0,2,0,1,0,0,0,0,0,0,0,0,0,0,0,0,0,0,0,0,2,1,0,0,0,0,3,0,0,0,0,0,0,0,0,0,0,0,0,0,0,0,1,0,0,0,0,0,0,0,0,1,0,0,0,0,0,0,0,0,0,0,0,0,1,0,0,0,1,0,0,0,0,0,0,0,0,1,0,0,0,0,0,0,1,1,0,0,0,0,0,0,0,6,0,0,0,0,0,0,0,1,0,0,1,0,0,0,0,1,1,2
1,0,0,0,0,0,0,0,0,1,0,0,0,1,2,0,0,0,0,0,0,0,0,2,2,1,1,0,0,0,0,0,0,1,1,0,0,1,0,0,0,0,0,0,0,0,0,0,1,1,0,3,0,0,0,0,0,0,0,1,1,0,1,0,0,0,0,0,0,1,2,0,0,0,0,0,0,0,0,0,0,0,1,0,1,0,0,0,0,0,0,0,0,1,0,0,0,0,0,0,0,0,0,0,0,0,0,0,1,0,0,1,1,0,0,0,0,0,0,0,0,0,1,0,0,0,0,1,0,1,1,1,1,2,0,3,0,2,0,2,0,0,0,0,0,0,0,2,0,0,0,1,0,0,1,0,0,0,0,0,0,0,0,1,1,0,0,0,0,0,1,0,0,0,0,0,2,0,0,0,0,1,0,0,1,0,2,0,0,0,1,0,0,0,0,0,2,0,2,2,0,1,2,0,0,0,0,0,0,0,0,0,0,0,0,1,0,0,0,0,0,0,0,0,0,1,0,0,0,0,0,0,0,0,0,0,0,3,0,0,1,0,0,1,0,0,0,0,2,1,0,0,0,0,0,1
1,1,0,0,0,0,0,0,0,1,0,0,0,1,0,0,0,0,0,0,0,0,0,0,0,1,1,0,0,0,0,0,1,1,0,0,0,1,0,0,0,0,0,0,0,0,0,0,1,0,0,1,0,0,0,0,0,0,0,0,0,0,0,0,0,0,0,0,0,1,4,0,0,0,0,2,0,0,0,0,0,0,1,0,1,0,0,0,0,0,0,0,1,1,0,0,0,0,0,0,0,0,0,0,0,1,2,0,0,1,0,0,0,0,0,0,0,0,0,0,0,2,1,0,0,0,0,1,0,1,1,0,1,3,0,0,0,0,0,0,0,0,0,0,0,2,0,0,0,0,1,0,0,0,1,0,1,0,0,0,1,0,0,1,1,0,0,0,0,0,1,0,0,0,0,0,1,0,0,0,0,1,0,0,1,2,1,0,0,0,1,1,0,0,0,0,0,0,0,0,0,3,0,0,0,0,0,0,2,0,0,0,1,0,0,1,1,0,1,0,0,0,0,0,0,0,1,0,0,0,0,0,0,0,0,0,0,4,0,1,0,0,0,0,0,0,1,0,0,0,0,0,1,0,0,2
0,2,0,2,0,0,1,2,0,0,0,0,1,1,0,0,0,0,0,0,0,0,0,0,0,0,1,0,0,0,1,0,0,0,1,1,0,0,0,0,0,0,0,0,1,1,0,0,0,0,0,0,0,0,0,0,0,0,0,0,0,0,0,0,0,1,0,0,1,1,2,0,0,0,0,1,0,0,0,2,0,0,0,0,0,0,0,0,0,0,0,0,0,1,0,0,0,0,1,0,0,0,0,0,0,1,0,0,0,1,0,0,0,0,0,0,1,0,0,0,0,1,1,0,0,0,0,2,1,1,2,0,2,1,0,0,0,0,1,0,0,0,0,0,0,1,0,2,0,0,1,0,0,0,2,0,0,0,0,0,0,0,0,1,1,0,0,0,0,0,2,0,0,0,0,0,0,0,0,0,0,0,0,0,0,0,0,0,0,0,0,0,0,0,0,0,0,0,0,2,0,4,0,0,0,0,0,0,0,0,0,0,1,0,0,0,0,1,0,4,0,2,1,0,0,1,0,0,0,1,0,1,0,0,0,0,1,2,0,0,0,0,2,0,0,0,0,0,0,0,0,0,3,2,0,2
