0,0,2,2,0,4,0,4,2,0,1,1,0,0,0,1,0,1,1,0,0,0,0,0,0,17,0,0,1,0,3,0,0,0,0,2,0,8,2,0,0,0,2,0,1,5,0,0,5,1,1,0,0,0,0,2,0,2,2,0,0,2,0,0,0,2,2,1,0,4,1,0,0,6,2,1,0,1,16,7,3,2,6,1,8,0,5,0,1,0,0,2,1,0,1,2,1,0,1,0,1,0,5,0,1,0,10,31,5,2,2,1,5,2,2,1,1,7,61,1,3,0,3,0,2,0,8,1,1,2,1,9,1,6,1,0,2,0,2,2,4,0,0,0,1,0,2,0,0,0,0,2,6,0,0,3,1,5,1,0,4,0,1,0,5,0,1,0,0,1,1,0,0,1,2,3,8,1,4,0,5,0,0,2,0,1,0,0,1,23,1,0,1,2,1,1,0,0,8,0,3,1,2,8,0,1,5,7,18,6,8,12,0,1,1,6,0,0,4,54,0,7,0,2,3,0,0,0,12,0,0,0,0,1,43,1,0,1,1,0,0,0,4,0,1,5,2,0,0,2,1,0,0,1,0,3
0,0,1,0,0,7,0,0,1,0,1,1,0,0,2,0,1,1,0,0,0,1,0,1,0,2,0,0,2,0,0,0,1,0,0,5,3,2,1,3,0,0,3,0,3,0,1,2,4,0,0,0,0,1,2,2,1,18,0,0,0,3,0,1,0,0,0,0,0,1,1,2,0,1,1,2,1,0,9,2,1,2,4,0,12,8,4,11,0,0,0,0,0,0,0,1,0,3,1,0,1,1,1,0,0,4,1,0,1,0,2,1,4,1,1,1,1,2,3,0,4,0,0,0,0,0,3,1,23,7,6,0,0,0,4,0,12,0,0,1,1,0,0,0,0,14,3,0,0,0,0,1,1,0,0,0,0,6,0,0,1,0,2,1,1,1,20,0,6,0,0,8,1,2,1,3,3,1,0,3,0,0,2,1,1,2,36,1,0,65,3,0,2,0,19,0,6,3,3,0,8,3,0,0,1,0,0,1,4,6,4,4,0,1,1,2,0,0,2,1,0,5,4,3,0,0,0,3,17,1,1,29,1,0,19,0,1,7,0,1,1,0,0,0,2,1,2,0,0,0,0,1,0,1,0,0
1,1,2,0,0,20,0,0,2,0,6,0,1,0,0,4,3,2,2,0,7,1,0,4,2,0,0,0,4,0,11,1,1,0,1,16,1,6,2,4,0,0,0,0,0,2,0,0,0,17,0,0,1,0,0,1,0,2,0,3,2,0,6,3,0,2,1,1,0,2,12,0,1,2,2,0,2,2,11,1,2,0,0,0,14,7,8,5,1,0,0,0,0,0,0,1,0,1,0,0,0,1,1,1,0,1,2,10,1,5,0,1,5,0,1,2,2,0,8,3,18,0,4,1,7,0,1,1,27,3,0,10,0,0,3,0,1,0,0,0,0,1,0,2,1,3,1,0,0,1,0,0,0,0,2,0,0,5,1,0,4,0,0,0,0,0,2,0,1,0,1,0,3,2,3,0,18,3,1,1,0,0,0,0,0,0,18,11,0,52,2,1,0,4,0,0,0,1,0,0,3,0,1,3,0,1,10,0,2,1,0,1,0,0,1,3,2,0,3,0,0,2,1,2,1,1,3,4,2,2,3,3,0,1,1,0,1,17,0,2,2,1,0,0,0,0,1,1,0,0,3,0,2,3,0,1
0,2,1,6,2,0,0,0,2,4,1,2,0,0,0,3,0,1,1,1,2,0,0,0,0,0,1,1,1,1,10,1,1,1,0,3,0,6,1,5,0,0,0,0,1,2,3,0,0,6,1,0,2,0,0,5,0,0,1,0,2,2,0,1,3,1,0,0,0,0,1,0,0,1,1,0,0,1,14,2,1,6,1,1,8,0,6,10,1,1,0,0,0,0,0,1,5,3,0,3,0,2,2,0,0,0,21,9,7,1,0,0,6,0,0,1,0,0,4,0,1,0,0,1,1,1,0,1,22,1,1,0,0,0,1,1,6,0,0,1,1,0,0,1,0,6,1,0,2,0,0,0,2,0,1,0,2,0,1,1,6,3,0,1,1,1,10,1,0,1,3,0,0,1,0,1,2,2,0,2,4,0,1,0,5,0,14,3,0,70,2,0,1,5,5,8,12,1,3,1,16,5,5,6,0,0,5,4,25,3,0,1,0,2,53,4,0,1,5,5,1,2,5,1,2,0,2,4,6,0,0,2,0,0,1,0,0,2,0,4,0,1,0,1,1,1,0,0,0,0,1,0,0,3,0,0
0,0,1,0,0,0,0,0,2,0,1,0,0,2,0,3,0,1,3,0,1,1,0,3,2,0,1,0,1,2,3,0,1,0,1,7,1,0,1,2,4,0,9,0,3,0,0,1,0,2,0,0,0,0,2,1,2,11,2,0,4,1,4,10,2,6,0,0,0,1,4,1,7,8,2,0,1,1,5,2,1,36,0,3,4,0,9,2,0,3,1,0,0,0,0,4,0,1,0,3,2,7,8,1,2,0,8,11,7,4,0,0,7,2,0,2,4,1,2,0,1,0,1,2,0,0,2,1,0,2,1,0,0,0,4,0,0,0,1,1,1,0,0,0,0,0,1,0,0,0,0,0,2,0,0,0,2,0,1,0,3,0,1,4,3,1,1,3,18,8,1,5,3,1,0,1,5,2,0,6,4,1,0,0,2,3,0,1,2,61,2,2,1,0,0,1,2,0,0,4,0,1,0,4,2,0,10,0,1,42,0,1,0,4,0,3,1,2,2,2,1,3,2,1,4,2,2,3,2,0,3,11,0,0,0,0,0,0,6,0,1,8,0,2,1,0,2,0,8,0,4,0,0,3,0,2
0,4,2,0,0,0,3,0,2,0,2,0,0,0,1,0,1,3,8,3,0,3,3,1,0,2,1,0,2,0,4,0,3,0,0,9,6,2,3,5,3,0,0,0,2,2,0,0,0,0,0,0,6,3,9,4,5,16,2,1,4,0,0,6,2,0,0,1,0,0,2,2,0,7,2,0,0,2,11,3,0,14,1,3,8,0,6,2,1,10,0,3,0,0,1,0,0,1,1,0,0,2,3,0,0,1,4,3,0,1,1,0,4,3,3,0,0,7,1,1,2,0,0,1,0,2,2,1,1,0,0,1,0,0,3,0,2,0,0,4,1,2,0,3,0,2,3,0,2,7,0,3,2,0,1,2,0,4,0,0,3,1,2,9,3,1,3,0,0,18,0,0,1,3,8,1,5,4,2,1,3,1,9,1,5,3,1,0,1,63,1,0,0,2,0,0,0,0,6,0,0,1,6,6,0,0,8,1,2,6,0,4,1,0,3,2,0,0,3,1,1,2,1,2,2,1,2,4,5,0,1,0,0,0,0,0,0,1,0,0,0,1,2,4,0,3,1,0,6,0,0,1,0,0,0,11
0,0,3,0,1,0,1,0,3,0,2,1,1,0,0,0,0,2,1,0,1,0,1,1,1,0,0,0,3,0,3,3,2,0,0,16,3,4,2,2,5,0,7,2,0,7,0,1,3,1,0,0,0,1,0,7,4,6,1,0,0,5,3,3,3,0,0,0,0,0,3,1,0,16,2,1,1,1,8,2,2,10,0,0,13,2,8,0,0,1,0,0,0,0,0,0,2,3,0,9,0,0,8,0,3,0,0,21,0,2,6,0,20,1,3,1,2,2,4,0,1,1,1,2,0,3,3,1,0,2,2,0,2,0,1,1,0,1,0,0,1,0,0,0,1,1,2,0,0,2,1,0,1,2,2,1,1,0,1,0,5,1,1,8,3,2,3,1,8,2,1,1,0,6,2,3,9,0,1,1,2,1,2,2,1,1,5,3,0,62,7,1,1,3,1,0,0,0,3,2,1,3,0,3,0,0,11,0,2,10,0,2,0,0,0,3,0,0,2,0,0,5,0,2,0,0,1,6,3,1,1,14,0,1,1,0,1,0,29,6,0,0,0,0,0,1,3,0,1,0,3,2,0,2,0,6
0,0,5,2,0,2,0,0,2,0,6,0,0,0,0,4,0,1,3,0,2,0,0,2,2,0,0,1,2,3,5,0,1,0,1,11,1,3,2,0,1,0,3,0,0,0,1,0,0,2,0,0,2,0,0,4,1,6,1,0,1,0,1,2,0,2,0,0,3,0,14,0,0,19,1,1,0,2,16,0,1,2,0,1,9,2,11,1,0,1,1,2,0,0,1,0,1,1,0,10,1,2,4,1,0,1,15,25,5,1,0,0,6,0,2,4,0,1,1,1,1,1,4,0,0,0,2,1,4,0,1,1,1,3,2,0,1,0,24,1,1,0,0,1,0,19,2,0,1,0,0,0,1,0,1,2,2,21,0,0,4,1,1,4,2,0,1,1,0,0,0,1,2,1,0,4,12,0,1,1,7,0,2,0,1,1,0,10,0,46,1,0,1,5,1,0,8,0,1,0,9,0,0,5,0,0,12,1,10,45,0,2,0,2,1,1,0,0,2,0,0,2,0,6,2,0,5,5,6,0,1,0,0,2,5,0,0,1,0,3,3,0,0,0,1,1,1,1,0,0,1,0,2,2,0,0
0,0,3,2,3,4,0,3,8,0,3,0,2,2,0,2,0,3,0,0,6,2,0,2,1,1,0,1,0,4,1,0,4,2,0,5,0,4,0,0,2,1,4,4,3,0,0,0,1,8,0,3,1,2,1,6,0,3,5,4,0,1,0,2,3,0,0,0,1,1,4,0,0,3,2,0,1,6,1,1,2,0,2,1,4,0,9,3,0,0,0,2,1,1,0,0,1,0,1,1,0,4,2,1,2,0,8,9,2,0,9,2,1,0,2,6,2,1,7,1,2,0,1,0,0,2,3,0,1,1,3,2,0,13,4,0,4,0,0,4,0,1,0,1,0,0,1,2,0,0,12,5,6,0,3,5,11,0,0,0,2,0,2,1,0,1,3,0,3,1,6,2,0,3,0,0,1,1,1,7,2,0,2,5,1,0,1,1,1,50,1,0,2,0,0,13,0,0,0,4,0,4,2,8,0,0,15,1,2,0,0,4,3,10,41,1,0,5,2,0,0,5,0,0,0,1,0,4,4,1,0,0,5,0,5,1,0,0,1,0,3,3,1,0,3,2,4,2,0,0,0,0,0,1,1,6
0,0,2,0,0,1,1,0,3,0,2,1,0,0,0,0,2,2,5,0,1,1,0,0,0,0,0,0,5,1,4,0,1,0,1,11,1,1,3,10,0,0,3,0,0,6,0,0,1,5,0,0,0,1,4,5,0,1,1,0,0,3,0,1,4,0,0,1,1,0,1,1,0,30,2,2,2,1,9,1,3,3,7,1,12,0,5,29,0,0,0,2,0,0,0,1,0,1,1,0,0,1,5,0,0,2,14,13,6,1,0,1,5,2,0,1,0,8,25,2,11,1,2,0,0,2,0,2,1,1,0,2,1,7,2,0,1,0,0,0,0,0,0,1,0,3,3,0,0,1,0,0,0,0,2,0,0,0,1,1,2,3,0,0,4,2,3,0,1,1,1,0,1,3,1,2,8,5,4,4,10,0,7,3,1,2,2,3,1,50,1,0,0,0,0,0,0,0,1,2,0,0,1,3,0,0,3,1,4,5,0,1,0,0,0,2,1,0,2,0,0,1,0,2,2,0,0,2,9,1,1,2,0,0,6,1,1,0,4,1,1,10,1,0,0,1,7,0,0,0,10,0,0,2,1,2
0,0,6,0,0,0,0,0,2,0,5,0,0,0,0,3,0,3,0,0,2,1,0,5,1,0,0,0,1,0,0,0,1,2,0,18,1,4,2,3,2,0,6,0,1,2,0,0,1,1,0,1,0,0,0,20,1,1,1,1,0,0,1,2,5,14,0,0,0,0,5,0,0,24,2,0,0,0,11,1,0,0,0,0,16,0,9,1,0,0,1,1,0,0,0,0,1,1,0,1,0,0,9,0,0,0,0,17,0,1,1,0,7,0,1,3,1,4,2,0,0,1,1,2,0,1,2,1,0,2,1,1,0,2,3,1,0,1,0,0,0,0,0,0,0,1,2,0,0,0,0,0,1,0,1,0,0,0,1,0,7,0,0,0,2,1,3,0,1,1,2,1,0,3,1,1,7,5,5,1,3,0,7,0,2,0,2,5,0,40,11,1,0,1,1,0,0,0,0,0,0,0,5,6,0,0,15,0,2,16,0,4,0,0,1,2,0,0,4,0,1,1,5,2,1,0,1,0,2,0,0,16,0,3,1,0,0,13,16,5,1,0,0,0,0,2,1,0,0,0,2,4,0,1,0,24
0,0,3,1,0,0,0,0,2,0,2,0,0,0,0,0,1,1,1,0,3,1,1,1,1,0,1,0,4,0,2,0,0,0,1,11,5,7,3,8,3,0,1,0,0,2,0,0,1,1,0,0,2,0,3,24,7,1,2,0,0,1,8,0,2,0,0,1,2,1,4,0,1,17,2,0,0,2,9,0,2,0,0,0,5,2,8,0,1,1,0,1,0,0,0,1,0,1,0,0,0,2,11,0,1,1,11,21,1,2,1,1,3,0,1,2,1,3,3,0,1,1,0,2,1,0,3,1,0,0,1,0,0,1,1,1,0,0,0,1,0,0,0,0,0,0,1,0,0,0,1,1,1,0,1,0,0,0,0,0,1,1,2,0,3,8,2,1,0,1,0,0,2,2,4,1,9,1,0,0,13,0,13,0,2,3,2,3,1,56,3,0,1,0,1,0,0,0,1,0,1,0,0,1,0,0,6,0,2,4,1,6,0,1,2,2,0,0,3,0,0,2,0,2,0,0,1,0,9,1,4,0,1,0,1,0,0,24,3,0,2,5,0,0,0,0,3,0,1,0,5,1,1,10,0,47
1,0,4,4,0,10,0,1,1,0,2,0,2,0,0,0,1,1,1,0,0,0,1,0,0,15,1,0,1,1,2,1,1,0,0,10,1,3,1,2,0,0,1,0,2,0,0,3,3,1,0,0,0,0,1,8,0,20,1,0,1,1,1,0,0,12,0,2,1,1,1,0,0,14,1,1,0,2,8,1,2,7,3,1,14,1,6,2,0,0,0,1,0,0,0,0,0,1,0,0,1,0,3,1,0,1,2,2,2,3,6,4,2,1,5,1,5,2,3,0,3,0,0,0,0,0,2,1,10,3,1,7,0,1,3,1,5,1,0,1,0,0,0,0,0,6,1,2,2,0,0,1,1,0,0,0,3,4,1,0,2,0,0,1,1,1,1,8,0,0,2,0,1,3,4,6,6,1,1,0,3,0,3,1,1,0,5,1,0,54,3,0,11,0,2,0,15,0,2,2,0,1,3,4,1,0,4,0,2,3,0,4,0,4,0,1,5,1,2,0,0,2,0,2,1,0,0,2,14,0,1,0,0,2,28,0,0,0,0,0,0,0,2,1,1,3,1,1,0,0,0,0,1,0,0,1
0,0,1,0,0,1,1,0,3,0,1,12,0,0,0,0,0,1,0,1,0,0,0,0,0,2,0,2,1,0,0,0,1,0,2,12,0,3,1,0,0,0,1,0,5,0,0,1,0,0,1,5,0,0,0,7,4,11,0,1,0,3,0,14,1,4,0,0,0,4,4,2,1,11,1,7,1,1,6,0,0,1,5,5,21,8,4,0,0,0,0,2,1,0,1,1,1,0,0,1,0,0,6,0,1,0,2,10,1,2,3,1,3,0,6,3,2,3,15,0,0,0,0,0,0,0,2,1,0,1,1,2,0,2,1,0,2,0,0,1,1,0,0,1,0,3,1,0,0,0,0,0,1,0,0,0,0,8,1,0,7,0,0,0,10,2,1,0,0,1,1,0,1,1,1,1,17,2,0,1,4,0,2,2,0,0,0,1,5,34,1,0,2,0,0,1,0,0,2,2,8,1,0,2,0,0,0,2,8,2,1,2,0,0,0,2,1,0,3,1,0,1,1,2,0,0,0,1,10,1,7,3,0,1,10,1,0,1,41,0,0,0,0,0,2,6,1,0,1,0,1,2,0,0,0,21
0,0,1,1,0,2,0,0,1,0,2,4,0,1,0,0,1,1,2,2,1,3,0,0,1,3,0,0,1,0,2,0,0,0,0,13,3,8,1,0,2,1,1,0,1,0,0,2,2,2,0,1,1,1,3,4,0,3,1,0,1,2,1,2,1,1,0,0,0,0,5,0,9,5,1,5,0,1,6,8,1,4,3,0,23,1,5,5,0,0,0,0,0,1,0,2,1,3,0,4,0,1,3,0,9,0,3,24,2,4,3,1,12,0,2,0,1,7,12,0,1,0,0,1,0,0,1,2,21,0,2,5,1,0,4,0,1,12,0,0,4,0,0,2,0,12,2,0,2,0,0,0,1,0,1,0,0,5,0,1,3,2,0,2,0,2,3,2,1,2,2,1,0,3,1,1,3,2,0,1,0,0,4,3,0,0,1,3,0,15,1,0,1,1,6,1,2,5,0,1,2,0,2,8,1,1,23,1,4,9,0,5,0,1,3,5,1,0,1,10,1,7,1,2,6,1,1,0,10,4,2,0,0,4,40,0,0,0,0,0,1,1,0,4,1,4,2,1,0,1,0,2,0,4,2,1
0,2,1,0,0,1,0,0,1,0,1,0,0,1,0,0,0,2,1,0,0,0,0,0,0,3,0,0,1,0,5,0,1,0,0,14,4,6,2,9,0,0,3,0,2,2,0,2,0,1,0,0,0,1,2,2,0,13,0,1,0,0,2,1,0,0,0,3,0,0,7,2,15,10,1,0,0,1,8,0,1,0,1,2,8,0,6,1,0,2,0,1,0,0,1,1,0,0,0,7,0,1,2,0,0,3,13,21,2,2,2,0,0,0,0,1,2,1,0,1,1,0,0,0,0,0,1,1,29,1,1,6,0,11,1,1,3,0,3,1,4,0,0,2,0,1,1,0,2,1,0,0,1,0,1,1,1,7,1,1,9,2,0,0,0,1,6,7,2,1,0,4,0,1,0,1,7,1,1,2,4,0,1,0,0,0,6,1,0,42,2,0,1,0,2,0,9,1,6,0,5,0,0,3,0,0,9,4,11,0,0,5,0,1,2,2,2,0,2,3,1,0,2,3,0,1,4,1,4,1,0,0,0,2,0,0,0,4,0,2,0,0,0,0,1,0,1,0,0,0,0,0,0,0,0,0
1,0,1,0,0,1,0,0,1,0,1,5,0,0,0,0,0,1,0,0,0,1,0,0,0,4,0,0,1,6,0,0,5,0,0,1,0,1,1,9,0,2,3,1,0,1,2,2,1,0,0,0,1,0,4,4,8,15,1,0,0,0,1,1,0,2,0,2,6,1,1,0,1,2,1,3,4,0,4,7,0,0,0,0,14,1,1,1,2,1,0,3,0,0,0,0,0,0,0,0,1,0,0,0,0,0,3,22,1,0,0,0,1,0,1,1,0,3,6,3,1,2,0,0,0,0,1,1,1,2,1,0,0,0,1,1,0,0,0,2,3,0,0,2,1,0,2,0,0,2,3,0,2,0,0,1,0,1,1,1,0,0,0,0,9,1,1,1,1,1,0,0,0,4,0,0,7,0,0,0,9,0,2,3,2,0,0,0,0,36,2,1,1,1,1,0,0,0,14,0,10,5,0,4,0,3,0,1,13,14,1,2,0,0,29,1,3,0,2,25,0,0,0,2,0,2,0,1,11,1,0,4,15,1,9,0,6,1,3,0,0,0,0,0,1,2,1,0,0,0,6,0,0,0,0,18
1,1,6,0,0,1,0,0,2,3,2,15,7,0,0,0,3,2,0,2,0,0,0,0,0,2,0,0,1,0,3,0,0,1,2,8,2,5,3,10,0,0,2,0,0,0,0,0,1,0,1,0,0,2,0,6,1,7,2,0,1,1,0,2,3,0,0,2,0,1,5,0,0,8,2,7,0,1,4,2,2,3,0,5,15,1,5,1,0,0,0,0,0,0,1,0,1,0,0,0,0,0,1,0,0,3,24,26,0,2,5,0,2,0,0,0,0,6,2,0,6,1,0,1,0,0,4,3,2,0,0,2,0,2,3,0,0,3,0,1,2,0,0,0,0,6,2,0,0,0,0,1,1,0,1,0,0,4,0,2,9,1,0,0,0,1,3,0,1,2,0,0,1,2,0,1,4,1,4,0,4,2,3,1,0,0,3,1,0,33,8,1,0,2,1,0,0,1,0,1,0,1,3,5,0,0,11,2,10,11,0,0,0,0,7,2,0,0,2,0,0,5,2,2,0,0,0,0,11,0,1,2,0,4,14,0,1,1,6,0,0,0,5,1,1,1,1,0,0,5,1,0,0,0,0,24
0,1,1,0,0,0,0,1,1,0,1,0,0,1,0,1,0,1,1,0,0,0,1,1,0,1,0,0,2,0,1,0,1,0,0,5,0,3,1,1,0,0,2,0,4,0,0,2,2,2,0,0,1,0,1,4,0,12,0,0,1,3,7,25,0,9,0,0,0,0,2,1,0,12,1,1,1,0,8,1,0,4,3,0,14,3,4,1,0,0,0,3,0,0,0,0,0,0,0,1,0,0,2,0,2,1,0,4,2,0,0,0,1,0,7,1,1,3,1,0,1,0,0,1,0,0,3,1,13,2,1,0,0,1,12,0,4,0,0,1,2,1,1,0,0,0,2,0,1,1,0,0,4,0,0,0,0,1,2,3,1,0,0,1,0,0,7,0,0,0,1,0,1,1,1,1,2,2,0,1,2,1,1,2,0,2,19,2,5,48,2,0,1,1,0,1,1,7,4,0,2,0,0,4,0,0,13,0,2,31,1,3,0,0,1,5,0,0,2,2,0,11,0,2,0,0,0,1,19,0,0,0,0,1,28,0,3,5,0,0,1,0,0,0,1,2,2,0,1,0,1,1,3,2,0,0
0,0,1,0,1,1,0,0,1,0,1,3,0,0,0,0,1,1,0,0,0,0,0,0,0,1,0,0,1,1,2,0,2,0,0,8,1,3,1,1,0,0,4,0,0,0,0,0,0,2,2,0,1,1,0,0,0,1,0,0,3,2,1,0,1,1,0,0,0,2,1,0,1,2,2,1,0,1,5,3,1,8,0,0,28,0,4,12,0,1,0,2,0,0,0,0,1,3,0,0,2,0,0,1,2,6,4,2,2,3,1,0,1,0,7,2,2,3,3,1,1,0,0,0,0,0,6,1,40,0,4,1,0,1,1,3,2,0,5,1,1,0,0,4,0,1,2,0,1,2,0,0,1,0,2,1,1,1,2,0,6,2,1,1,0,1,2,2,5,1,1,1,1,2,6,0,0,1,2,2,8,0,0,2,0,1,8,1,0,48,2,0,1,1,2,3,1,1,0,3,10,2,6,7,0,0,7,1,10,0,1,2,0,3,33,1,0,0,11,0,0,4,6,1,3,0,3,1,5,1,0,0,0,0,6,0,2,0,5,4,1,0,0,1,1,1,2,0,0,0,1,0,0,1,0,27
1,1,1,0,0,4,1,0,2,2,1,0,0,0,0,0,0,1,0,0,1,0,1,3,1,2,0,0,2,0,2,0,4,0,0,8,2,4,1,4,0,1,0,0,1,1,0,3,0,0,2,0,0,0,2,1,0,3,2,1,1,0,1,4,5,0,0,0,6,2,2,0,0,1,1,1,1,1,11,1,2,1,3,0,7,0,8,16,0,0,1,0,0,0,0,0,0,0,0,3,1,0,3,2,0,0,3,0,3,1,3,1,0,2,0,1,12,2,0,2,2,2,2,0,0,1,3,1,13,0,1,0,0,0,1,1,3,1,0,1,0,0,0,0,1,7,1,0,0,1,0,0,1,1,1,0,1,3,1,1,2,0,1,0,1,2,4,4,0,1,2,1,2,2,0,4,7,5,0,1,0,0,2,3,2,1,2,2,1,56,1,1,2,0,43,0,12,1,3,0,8,1,3,4,1,2,2,0,2,0,0,3,1,0,0,1,0,0,3,1,0,2,4,1,0,0,1,1,11,2,0,0,1,1,16,0,0,1,0,2,0,0,0,0,1,0,5,0,3,0,2,0,2,1,3,9
0,0,1,8,0,7,0,0,1,0,1,0,0,0,1,0,1,1,2,0,0,0,0,0,0,1,1,0,2,0,3,0,1,0,2,1,1,3,1,1,1,0,0,0,3,0,0,0,0,0,0,0,0,0,2,3,0,0,2,1,3,0,2,3,2,2,0,0,0,0,1,0,0,4,1,2,1,1,5,2,4,2,0,0,8,1,6,8,0,0,0,0,1,0,1,0,0,0,0,5,0,0,1,0,0,1,21,1,7,2,1,0,5,0,4,3,1,0,16,0,1,1,0,0,0,0,3,1,48,2,1,5,0,0,3,2,6,0,0,2,2,0,1,1,0,1,3,0,1,4,0,1,1,1,0,0,0,4,0,6,1,1,1,3,0,3,2,10,1,0,4,0,1,4,0,1,3,3,1,1,4,0,5,1,0,1,7,0,1,54,1,1,1,0,4,2,6,0,0,1,3,1,0,5,0,0,8,0,3,4,0,4,1,0,3,1,0,2,2,0,1,0,0,1,1,1,1,6,6,1,0,1,0,2,27,3,0,0,0,3,1,2,2,0,1,3,5,1,1,0,1,1,0,0,1,0
0,0,1,0,0,1,0,0,7,0,2,2,1,0,0,0,0,4,0,0,2,0,0,1,0,0,0,0,2,2,5,0,0,0,0,3,2,2,2,0,0,1,0,0,1,1,1,0,0,1,0,3,0,0,0,0,0,3,0,4,0,1,0,0,0,0,0,1,4,0,0,0,0,8,3,3,0,1,5,0,2,0,1,0,9,0,4,1,1,0,0,0,0,0,0,0,0,2,2,0,0,1,3,0,1,2,19,32,4,1,2,1,4,0,0,0,4,3,14,0,2,0,0,2,1,0,1,0,2,1,2,0,0,32,0,0,2,4,0,0,1,0,0,0,0,1,1,1,1,0,0,1,1,1,1,0,0,8,0,2,11,1,2,1,8,1,2,1,5,0,0,0,1,1,3,2,3,0,4,2,10,0,0,1,1,1,0,2,2,43,1,1,0,0,2,3,1,0,0,1,0,3,3,8,0,0,1,1,2,2,1,0,1,1,0,1,0,1,3,3,0,0,1,2,0,0,2,1,6,0,0,0,0,1,33,0,0,0,2,1,0,1,0,0,3,1,2,0,0,0,0,0,10,0,42,3
0,1,1,3,0,10,0,0,1,0,1,1,1,0,0,0,0,1,1,0,1,2,0,2,0,5,0,0,1,1,3,0,1,0,0,3,0,1,2,1,1,0,0,0,1,0,0,1,0,1,0,0,0,0,1,0,0,2,2,0,0,1,0,3,1,1,0,0,0,0,3,2,1,3,2,1,3,0,5,0,0,9,4,0,9,0,2,10,0,0,0,0,0,0,0,0,0,2,0,4,0,0,1,0,3,0,1,19,1,0,0,0,9,1,14,2,5,6,0,0,1,3,0,0,0,1,1,2,2,1,4,4,0,0,2,0,6,0,7,1,3,0,0,0,0,2,4,0,0,1,0,1,1,0,0,0,1,1,4,4,1,0,0,2,11,2,2,1,0,0,1,0,0,5,4,3,4,0,2,0,1,0,0,10,0,0,21,0,0,43,5,0,1,1,15,1,1,1,11,2,6,7,2,1,0,1,2,1,4,30,0,4,1,0,1,1,2,0,2,0,0,3,0,2,1,0,0,2,6,0,5,0,0,0,0,0,0,14,2,4,0,0,0,1,1,1,0,0,0,0,4,0,2,0,0,2
0,1,2,0,0,0,0,1,1,0,2,0,0,0,0,0,1,1,1,0,1,0,0,0,0,0,0,0,2,0,4,0,1,0,0,10,0,1,1,0,0,0,2,0,5,1,0,0,0,2,0,0,0,1,0,0,0,1,0,0,0,0,1,2,1,0,0,0,0,0,5,1,0,3,2,1,1,1,8,0,1,0,2,0,14,6,9,5,0,1,0,0,1,0,1,0,0,5,0,0,0,0,0,1,0,1,0,5,1,1,1,2,5,0,8,3,2,3,4,0,2,3,0,1,2,0,2,1,43,1,1,2,0,0,2,1,5,1,0,1,2,0,2,5,0,2,1,0,0,1,0,0,0,0,1,0,1,0,1,6,5,1,3,1,3,0,1,0,0,0,2,0,1,1,3,0,6,5,0,2,2,0,1,9,0,3,13,2,1,41,7,0,1,3,3,2,0,1,1,0,19,0,1,3,0,0,9,2,3,0,0,1,0,4,33,1,0,0,4,1,1,1,3,1,0,0,0,1,4,0,0,23,0,1,0,0,0,0,3,1,0,1,1,0,1,2,2,1,0,0,1,8,0,1,0,18
0,0,3,0,2,3,1,6,9,0,2,0,0,1,2,0,0,4,2,0,0,1,1,2,1,4,0,0,0,4,2,0,3,2,1,4,0,7,1,0,2,0,2,0,1,0,2,0,0,5,0,0,1,1,0,0,2,10,1,1,0,1,0,2,0,0,3,0,0,0,1,0,0,7,2,0,2,0,3,1,0,3,6,0,8,0,5,2,0,1,0,0,3,0,1,0,1,1,0,1,0,7,3,3,1,1,22,6,1,0,20,1,1,0,0,1,5,4,9,1,0,0,0,1,0,1,4,2,4,1,2,0,1,2,4,0,1,1,0,1,2,0,0,4,0,2,1,1,5,0,0,0,2,0,2,3,1,2,0,2,1,0,0,0,1,0,2,0,3,0,0,1,1,3,0,0,2,1,0,0,0,0,0,5,3,0,0,0,0,21,1,0,1,6,2,5,0,1,7,1,1,2,0,10,0,0,5,1,3,0,0,3,0,7,10,3,4,5,8,3,1,2,2,1,0,3,0,1,8,0,0,1,1,1,21,0,0,0,3,2,2,0,1,3,0,2,0,2,0,0,0,0,1,0,0,1
0,0,1,4,0,0,0,0,1,0,1,0,0,1,2,2,0,1,1,1,1,0,0,1,0,4,0,0,2,0,1,2,1,0,1,15,3,3,1,1,0,0,3,0,2,4,0,1,1,1,0,2,0,0,1,3,0,3,0,1,2,6,3,3,3,5,0,0,0,1,8,0,1,3,3,1,1,1,9,6,2,0,0,0,10,5,8,7,0,0,0,0,0,0,0,0,0,0,0,1,0,1,2,0,0,0,1,11,1,1,1,1,6,2,20,3,2,3,1,3,0,0,0,0,0,0,2,1,52,1,1,4,0,0,2,0,0,0,0,1,1,0,4,1,0,20,2,0,1,0,0,0,2,0,2,1,2,3,2,0,9,0,0,4,2,0,3,0,1,4,2,4,0,1,0,1,4,2,3,1,1,0,0,0,1,1,6,5,0,41,1,0,2,1,0,1,3,2,0,6,2,0,0,3,0,0,11,0,8,3,0,6,0,0,0,1,2,0,2,0,0,2,1,1,1,0,5,3,5,4,1,0,0,1,27,1,4,1,0,2,2,1,0,0,3,1,2,2,0,0,1,0,2,1,0,2
0,5,3,0,2,3,0,7,7,11,1,0,1,0,1,1,0,6,0,1,3,1,4,0,0,0,0,0,0,10,1,0,12,0,0,0,0,1,0,0,0,0,4,1,5,0,0,0,0,17,0,1,2,0,0,0,1,1,1,2,2,1,0,0,2,2,1,0,0,1,2,0,0,2,1,0,0,2,0,0,1,0,10,0,1,0,9,9,0,0,2,0,4,0,1,1,1,0,4,0,3,0,6,0,4,3,0,0,5,0,9,1,0,0,1,3,0,5,3,2,0,0,0,12,0,1,2,0,0,1,2,0,0,1,11,0,1,0,0,2,2,2,0,3,0,7,1,0,4,0,0,2,8,0,8,1,35,0,0,1,1,0,5,1,1,0,0,1,1,0,0,1,0,4,0,0,1,0,0,0,0,0,0,0,0,4,3,0,0,0,0,0,2,0,0,23,0,0,0,1,0,0,1,6,0,0,1,1,0,2,0,3,0,30,0,1,0,8,6,0,0,6,1,6,1,1,1,8,2,0,0,0,2,0,10,0,0,0,0,0,0,0,0,0,4,1,0,2,0,0,0,0,0,0,0,8
0,0,3,0,0,1,0,0,2,0,1,0,0,0,0,0,0,1,2,0,0,1,1,2,1,2,0,0,1,0,4,0,1,1,0,4,3,8,1,1,2,1,4,0,0,2,0,0,1,0,0,0,1,1,0,14,0,5,0,1,0,3,2,0,1,0,0,1,1,0,2,0,0,22,1,1,0,1,7,3,1,1,1,0,7,1,5,0,1,2,0,0,0,0,1,0,0,1,0,7,0,6,9,0,3,0,7,4,1,3,2,0,12,2,0,2,0,2,2,0,1,0,0,2,0,0,2,1,0,3,1,1,0,16,1,0,2,0,0,1,0,0,0,0,0,1,2,0,0,2,1,1,1,0,1,0,1,1,0,0,2,0,0,3,7,0,1,0,1,0,0,0,4,1,2,0,6,3,3,3,8,0,6,0,0,2,1,1,0,43,2,2,2,1,0,4,0,1,6,0,1,0,1,6,1,0,6,1,23,2,4,1,0,4,47,5,0,0,2,2,0,0,0,7,0,0,1,1,5,0,1,0,0,0,0,0,0,0,0,0,0,0,0,0,2,0,1,0,0,5,0,0,0,0,0,1
0,2,1,1,3,26,0,0,2,0,3,8,1,0,0,0,1,1,1,0,0,2,0,1,0,18,0,2,2,2,19,0,8,0,1,2,0,0,1,0,1,0,1,0,1,0,0,1,0,0,0,0,1,0,0,1,0,5,0,0,0,0,0,1,2,0,1,0,1,1,4,0,0,2,3,1,0,1,9,0,2,0,4,0,8,1,3,0,0,0,1,0,0,0,0,0,0,0,1,0,4,2,2,3,5,0,8,5,2,1,3,1,2,0,0,3,4,4,1,0,1,0,0,0,0,1,1,2,1,4,1,3,0,1,1,1,2,0,1,2,1,0,0,0,0,1,1,1,1,0,2,10,2,0,0,1,0,10,3,1,0,0,1,1,4,4,4,1,1,2,0,0,0,3,0,0,8,1,0,3,3,1,2,2,0,1,0,1,0,15,0,1,1,1,2,0,0,40,8,1,0,6,10,7,0,1,0,1,6,8,0,2,0,0,46,4,1,0,2,0,1,2,4,2,2,0,0,1,16,1,0,0,0,2,27,0,1,2,0,3,3,0,0,0,1,2,1,0,1,0,0,0,2,1,0,0
0,0,2,0,1,2,0,0,3,4,4,0,1,5,0,0,0,4,0,0,3,0,0,0,0,1,0,2,0,5,2,0,2,1,0,4,1,0,1,1,1,0,5,2,6,1,1,0,1,1,0,1,0,0,0,5,1,9,1,1,1,2,0,3,1,0,0,0,0,2,1,0,0,9,2,0,2,1,4,0,0,7,4,2,9,0,2,2,0,0,1,0,1,0,0,2,3,1,1,0,0,1,0,0,7,1,18,1,2,1,8,2,0,1,1,6,1,1,5,0,3,1,16,1,0,1,2,0,7,0,2,4,0,0,6,0,1,1,0,3,1,1,0,5,0,2,1,0,1,9,2,2,1,0,5,1,11,1,0,5,1,0,4,0,2,0,1,1,8,2,3,4,1,3,0,2,1,0,0,0,6,0,2,3,1,0,9,0,0,36,0,0,2,0,3,4,0,0,4,1,16,0,1,9,0,0,6,1,1,3,0,2,1,3,28,3,4,1,2,1,0,3,0,0,0,2,2,1,7,0,0,0,0,0,10,1,0,2,0,0,0,0,0,1,3,1,1,2,0,0,0,0,0,4,0,2
0,0,4,2,0,0,2,0,2,0,4,0,0,0,0,2,0,2,1,0,1,3,0,2,2,0,0,0,2,0,5,0,0,0,1,6,1,2,2,0,2,0,3,0,0,0,0,0,0,1,0,0,2,1,0,2,0,1,0,0,1,1,2,4,2,0,0,0,1,1,6,0,1,8,2,1,1,3,12,2,6,1,0,0,9,3,11,6,0,0,0,0,0,0,0,2,0,1,0,9,1,0,0,0,0,1,4,9,3,2,0,1,2,1,4,0,0,1,1,2,3,6,1,2,0,0,2,1,23,4,0,2,1,1,2,1,0,0,0,0,5,1,0,0,0,1,2,0,1,2,0,3,0,0,2,2,4,5,0,0,3,0,2,0,0,0,2,2,1,1,3,0,1,2,3,7,12,6,0,2,4,0,1,0,0,1,0,10,0,46,0,1,0,0,0,0,2,0,1,2,0,0,0,5,0,0,7,0,2,1,0,1,0,0,0,5,0,0,2,1,0,3,0,8,3,0,3,0,2,8,1,0,0,1,25,4,0,0,0,6,5,2,0,0,0,2,2,1,5,0,1,0,1,3,0,0
0,0,1,4,0,12,0,0,2,1,1,0,0,0,0,0,1,1,0,0,1,0,1,0,0,0,0,0,1,1,6,0,1,0,0,6,0,6,1,2,0,0,0,2,6,0,0,0,0,1,0,0,1,0,3,3,1,1,0,0,0,4,2,1,10,9,0,0,1,0,2,2,0,4,1,0,0,2,4,0,2,5,0,0,16,2,2,5,1,1,0,0,0,0,2,0,3,1,0,1,0,0,1,0,0,0,4,14,1,3,2,0,4,0,3,3,6,1,6,0,2,1,1,1,0,0,1,1,40,3,1,5,0,24,1,0,10,2,4,5,4,1,0,1,1,0,4,0,1,1,0,3,3,0,0,0,1,0,2,2,3,0,1,4,3,4,1,0,1,0,1,0,0,1,1,0,1,0,2,0,5,1,1,0,2,1,5,1,0,18,2,0,3,5,3,0,1,1,1,0,5,1,3,5,0,0,12,1,6,0,1,9,0,1,0,1,0,0,2,20,0,2,5,1,0,0,0,1,1,1,0,0,1,0,0,1,0,0,0,0,0,1,1,0,1,2,1,0,0,0,1,0,0,1,0,3
0,2,0,2,0,6,0,9,4,0,3,2,1,2,2,2,0,2,1,0,5,0,3,0,0,0,0,1,3,18,8,1,5,1,2,1,3,1,1,0,3,0,13,1,0,0,1,0,1,0,0,1,2,3,0,2,2,3,39,30,0,4,2,1,1,0,1,0,0,0,2,0,0,6,1,0,3,0,2,0,1,0,2,1,0,2,2,2,3,1,1,0,0,1,1,1,2,0,0,0,0,0,2,0,5,0,2,1,2,0,3,0,1,0,4,3,0,6,4,6,0,0,0,7,1,1,5,0,3,0,7,1,0,0,2,1,2,0,0,2,3,6,0,3,0,1,1,3,0,0,0,4,4,0,5,7,11,0,3,1,1,0,4,0,0,4,0,1,0,1,3,6,1,1,0,1,1,0,0,1,0,0,0,0,2,2,3,1,1,0,1,1,2,0,0,26,0,0,0,2,9,0,2,1,0,1,4,1,0,0,0,5,0,12,1,1,1,16,18,0,0,0,4,0,1,0,1,2,3,4,0,0,1,0,5,0,0,1,0,0,0,0,0,0,5,1,2,6,0,1,0,2,0,0,0,1
1,0,2,2,0,6,0,1,5,1,2,4,0,0,0,0,0,2,0,0,2,0,1,0,0,4,0,0,0,8,0,1,6,3,0,1,1,0,0,0,0,3,9,3,0,0,1,1,0,0,2,3,0,0,2,16,5,19,1,1,0,1,0,3,2,2,0,0,0,4,2,0,0,10,2,0,1,0,0,4,0,0,7,1,7,3,8,0,0,1,0,1,0,0,3,0,1,0,0,0,0,1,1,2,2,0,2,3,2,1,27,1,1,2,0,2,0,3,2,0,1,0,0,0,0,1,7,0,2,0,5,4,0,0,10,0,3,0,2,3,0,0,0,0,0,2,0,0,0,0,1,0,3,0,1,4,3,0,0,2,3,0,0,3,1,0,3,5,4,4,8,6,0,3,1,1,1,0,1,0,0,0,1,1,1,1,0,0,0,27,0,1,2,0,0,4,0,0,3,2,0,0,7,11,0,0,3,4,3,8,0,3,1,16,4,0,2,6,8,1,0,6,2,0,0,0,0,4,9,0,0,0,0,0,1,0,0,0,0,0,1,0,0,0,5,0,2,8,0,4,0,0,0,0,0,2
0,2,1,2,0,5,0,6,6,0,2,0,0,0,1,0,0,2,0,1,0,0,0,6,1,0,0,0,0,3,0,0,12,1,0,2,2,0,0,0,0,0,1,1,0,0,0,0,0,0,0,4,1,0,0,0,1,2,0,8,0,2,0,1,0,0,1,0,2,0,3,0,0,4,14,0,0,1,1,8,3,0,3,0,2,0,4,7,0,0,0,0,2,0,0,0,3,0,0,0,0,2,2,0,2,0,7,1,2,0,11,0,0,0,0,3,0,1,2,0,0,0,0,3,0,0,5,0,0,0,2,1,0,0,14,0,0,1,0,2,1,0,0,7,1,0,2,1,2,0,3,0,4,0,15,1,37,0,0,2,1,0,0,0,0,1,0,0,1,4,1,4,0,3,0,0,1,0,0,1,0,0,0,0,1,4,1,0,0,1,0,0,2,0,0,22,0,1,0,1,1,0,2,11,0,0,3,5,0,0,1,2,0,40,2,0,0,8,17,0,1,36,3,0,0,0,0,7,0,0,0,2,0,0,5,0,0,1,0,0,0,0,0,0,6,0,4,5,0,0,0,0,0,8,0,5
0,0,2,3,0,3,0,0,2,0,2,6,0,0,0,0,1,3,0,0,1,0,0,0,0,0,0,0,1,1,5,0,0,0,0,5,1,0,2,0,1,0,3,0,0,1,0,1,0,0,1,0,1,0,0,1,0,0,0,0,0,0,1,0,0,0,1,0,0,0,2,0,0,2,2,2,1,0,8,8,0,2,1,0,19,0,2,1,0,0,0,2,2,0,1,0,9,3,0,0,0,0,2,0,0,2,3,14,2,0,0,0,4,0,1,0,0,4,25,2,1,0,0,1,0,0,1,1,9,2,0,0,1,33,3,1,2,2,0,1,1,0,0,1,0,0,3,0,1,0,0,0,1,0,1,0,0,0,1,0,7,0,1,0,9,7,2,0,3,2,5,0,0,6,1,0,2,0,1,0,7,1,3,1,0,0,2,0,0,56,1,4,0,2,1,0,0,0,5,0,3,4,7,3,3,0,2,0,12,1,1,0,0,5,19,5,0,0,3,0,0,15,4,2,0,0,3,1,10,0,1,10,3,2,14,0,0,0,6,2,4,1,0,1,1,1,1,1,1,0,0,4,0,0,0,17
0,3,1,2,0,3,0,8,10,0,7,0,0,1,0,1,0,5,0,0,1,1,1,0,0,1,0,0,0,8,1,0,3,1,1,2,2,2,0,0,1,0,0,6,0,1,2,0,0,0,0,2,0,1,2,2,0,4,0,10,0,0,0,1,3,1,1,0,0,0,2,0,0,4,1,0,1,0,5,0,0,2,3,3,5,1,4,1,0,1,0,0,0,0,1,0,1,1,1,0,0,4,5,1,1,7,1,0,2,0,7,0,0,0,1,5,0,3,2,0,0,0,1,7,0,3,5,0,0,2,2,1,0,3,8,0,2,0,1,2,2,6,0,3,0,7,1,0,0,0,0,10,9,0,5,4,50,0,0,2,0,0,1,1,2,8,0,0,1,2,0,2,0,0,0,2,2,0,1,0,1,0,0,0,1,3,2,1,0,0,0,0,2,0,16,18,0,0,1,1,0,1,0,10,0,0,0,0,0,0,0,5,0,16,0,0,0,19,4,8,0,26,1,0,0,0,0,3,4,1,1,0,0,1,4,0,0,0,1,0,0,0,0,0,6,0,0,2,0,0,0,0,0,2,0,7
0,0,1,0,0,1,0,0,1,0,1,0,0,0,0,1,1,3,3,0,0,1,0,0,0,1,1,0,2,0,0,0,0,2,2,6,0,4,2,2,0,0,0,0,1,3,1,1,1,0,0,0,1,1,1,2,1,1,1,0,1,0,0,5,0,6,0,0,3,1,0,1,0,19,1,1,1,0,9,0,1,1,5,0,17,0,2,0,1,4,0,4,0,0,0,0,0,1,0,0,0,1,0,0,2,1,1,20,0,4,0,1,2,0,1,2,0,5,5,2,0,0,0,0,0,0,2,1,11,2,1,0,0,0,1,5,4,2,0,3,2,0,0,1,0,6,2,0,0,0,1,0,0,0,1,0,1,2,4,0,5,0,1,1,6,2,1,1,1,0,0,3,1,3,1,2,4,0,1,3,6,0,2,3,1,2,0,1,1,47,3,1,1,2,5,0,3,1,1,0,7,5,1,1,0,0,15,7,8,51,4,3,0,0,0,3,1,1,3,0,0,2,5,1,1,1,1,1,7,0,0,0,2,2,3,0,0,1,1,0,0,1,0,0,0,2,2,0,0,0,1,4,2,0,1,4
0,2,2,6,0,7,0,1,1,0,1,0,2,0,0,0,1,1,0,0,0,0,0,2,0,4,1,0,1,2,3,0,1,0,0,6,0,2,1,1,3,0,5,0,2,0,0,0,1,0,0,2,5,2,1,1,0,2,0,1,1,2,5,0,3,0,0,1,3,0,4,1,2,1,3,0,0,1,13,2,1,3,0,0,16,2,7,11,0,0,0,0,0,0,2,0,0,1,0,5,0,1,4,2,0,0,15,0,6,3,3,1,2,0,15,1,1,1,2,1,0,0,2,0,0,0,1,1,48,1,1,0,0,0,2,0,2,0,1,1,2,0,0,1,2,3,3,0,0,0,0,5,1,0,2,0,2,0,0,2,7,1,1,1,1,0,2,2,0,2,0,1,0,1,2,2,6,1,2,0,1,0,2,2,5,0,0,9,0,35,0,0,1,0,0,2,0,5,0,1,2,1,3,4,0,3,14,2,3,6,2,1,0,0,2,1,1,0,2,0,1,1,0,2,1,0,2,1,4,4,0,1,0,2,3,1,0,0,0,3,0,4,2,2,1,1,6,1,0,1,2,0,0,0,0,20
0,5,2,1,1,3,0,9,8,0,17,1,0,3,0,5,0,9,0,0,2,1,0,0,0,0,0,1,0,36,2,1,2,1,0,4,2,0,1,0,9,0,7,0,1,0,1,0,0,7,0,1,14,0,0,1,2,2,7,16,1,7,0,2,1,0,0,0,0,1,1,1,0,3,2,1,0,0,5,1,0,0,2,0,0,0,1,4,0,0,0,0,0,0,0,0,2,1,0,0,0,0,3,0,1,3,0,1,1,0,12,0,0,0,7,3,0,3,4,1,0,0,0,2,0,4,4,0,0,0,1,1,0,1,2,0,3,2,0,11,3,2,0,3,0,3,1,0,1,0,0,10,2,0,11,0,41,1,1,8,1,0,0,0,0,2,1,0,1,2,3,5,0,1,0,0,2,1,0,1,0,0,0,1,1,2,1,0,1,2,0,0,1,0,0,11,0,0,0,1,1,0,20,0,0,0,2,0,1,0,0,2,0,24,0,1,0,1,9,0,0,0,0,2,0,0,0,2,0,1,0,0,0,0,2,0,0,0,0,0,0,0,0,0,1,3,2,0,0,0,0,2,0,0,1,0
0,0,2,0,0,3,0,0,1,0,3,2,1,0,0,7,2,2,0,0,2,1,1,2,2,0,0,0,1,0,1,1,1,0,0,5,1,1,1,0,1,0,1,0,1,1,0,0,3,0,3,0,0,1,0,1,0,1,2,1,3,1,1,0,2,3,0,0,0,0,4,0,1,3,3,0,1,2,6,1,2,2,1,2,13,0,7,14,0,1,0,0,0,0,0,0,1,2,0,32,0,0,2,0,0,0,6,4,1,2,0,1,11,1,9,2,3,2,10,0,1,7,1,0,0,0,2,1,38,0,2,2,0,0,1,1,5,0,0,2,0,0,0,0,0,18,2,0,1,2,1,1,1,0,3,0,0,3,1,2,4,0,0,3,0,1,1,0,0,2,1,0,1,1,0,2,1,0,0,1,3,1,1,0,0,1,4,6,1,35,0,0,2,0,28,1,6,2,0,1,5,1,6,6,0,0,19,2,3,8,1,1,0,2,0,1,0,1,2,6,0,3,6,1,2,1,1,1,1,1,2,0,0,1,17,2,0,1,0,1,2,0,0,0,1,1,1,0,0,0,2,3,0,0,0,0
0,0,2,1,0,2,0,0,3,2,3,2,1,0,4,1,1,1,1,0,0,2,0,9,0,0,0,1,0,8,0,0,3,3,0,2,1,0,1,1,0,0,7,0,3,0,4,0,4,8,0,1,0,0,0,7,1,15,1,5,0,1,0,0,3,1,0,0,2,1,2,3,0,6,3,2,1,2,0,4,0,2,3,3,12,1,9,0,0,0,0,0,0,1,0,0,1,1,0,0,1,0,0,0,1,0,1,8,4,5,11,1,0,0,2,3,0,4,15,2,1,1,0,2,0,1,5,0,3,1,2,2,0,0,0,0,0,1,0,3,0,3,0,1,0,0,4,0,0,0,0,3,5,0,0,2,3,5,0,0,2,0,0,0,2,1,1,0,0,0,0,3,0,6,2,0,1,0,0,0,2,0,3,0,0,2,0,0,1,25,1,0,4,0,2,4,0,1,4,1,13,0,5,9,0,0,4,1,2,1,1,2,0,3,0,5,0,10,6,12,1,5,1,1,0,1,0,1,4,0,0,2,1,0,5,0,0,2,15,0,1,1,2,0,5,2,1,1,0,0,3,0,0,4,0,14
1,0,3,0,0,1,0,1,6,1,2,0,1,2,0,3,1,3,3,0,5,2,1,1,0,0,0,0,2,4,7,2,1,0,0,5,0,2,1,3,0,0,0,0,0,4,2,0,0,1,0,1,0,0,0,10,20,3,0,0,0,1,0,3,2,11,1,0,1,0,5,0,0,12,1,0,11,1,6,1,1,3,0,0,13,1,8,1,1,0,0,0,0,0,0,0,4,1,0,5,1,2,0,0,4,1,2,9,1,2,0,1,6,0,7,1,1,0,2,1,1,1,0,3,2,2,2,0,0,0,1,0,0,1,0,2,1,2,0,2,1,1,0,0,2,0,0,1,1,1,1,2,1,1,1,0,1,2,1,1,10,1,5,1,1,1,1,1,0,0,0,0,0,2,1,1,8,4,0,1,6,1,2,0,0,3,0,4,1,32,6,2,2,4,0,3,0,0,8,3,3,1,4,3,1,0,9,0,1,0,1,2,4,3,1,2,1,4,3,2,1,7,1,3,2,0,1,2,3,1,5,0,0,0,3,0,0,6,0,2,0,1,0,0,1,0,3,0,0,0,2,4,0,8,0,2
0,0,1,1,0,1,0,0,3,0,1,0,3,0,0,0,0,1,0,0,0,0,0,0,0,1,0,0,1,1,2,1,1,0,1,11,2,1,2,0,2,0,2,0,1,5,0,0,2,1,1,0,2,1,2,7,0,0,0,1,0,2,0,0,2,2,0,2,0,0,4,0,0,12,1,6,2,1,8,1,0,6,0,2,15,1,9,0,0,0,0,2,3,0,1,0,0,1,0,1,2,0,2,0,1,3,0,29,3,2,2,0,2,0,3,1,6,4,13,0,0,0,0,1,0,0,7,1,0,0,1,1,0,6,3,0,0,6,1,1,3,0,0,0,0,2,3,2,0,1,0,0,2,0,0,1,0,0,1,0,4,0,1,2,6,5,1,0,3,0,2,0,1,3,1,5,6,4,0,1,3,0,1,2,0,2,0,0,2,49,1,1,1,5,0,0,0,0,1,0,0,0,2,1,0,0,9,0,2,8,0,2,0,3,3,3,1,0,8,1,0,3,1,2,2,0,1,2,7,0,0,7,1,0,1,0,0,4,10,1,3,2,1,0,1,0,3,1,1,0,6,8,1,2,0,23
0,0,2,0,0,0,0,0,2,0,2,3,0,0,0,1,0,2,1,2,0,1,0,5,2,0,2,0,2,0,0,0,0,0,0,5,3,2,4,2,1,0,3,0,2,2,0,0,0,1,0,0,1,0,2,3,0,2,1,0,0,3,0,1,1,0,1,0,0,5,2,0,0,28,2,5,3,2,7,4,1,0,0,0,7,0,6,1,1,2,0,0,0,0,1,0,0,2,0,2,0,0,2,0,2,0,7,26,2,2,0,0,3,1,2,1,2,4,10,0,1,2,0,0,0,1,0,1,0,0,1,0,0,0,3,0,0,0,0,0,0,0,0,2,0,1,2,0,1,0,0,0,1,0,0,0,0,1,1,0,12,0,0,2,2,16,2,0,0,0,2,0,0,3,0,1,1,0,0,2,10,0,5,1,2,0,1,3,9,48,4,2,2,3,1,0,0,4,0,0,3,0,8,4,0,1,17,0,6,4,0,0,0,0,2,4,0,1,4,1,0,3,2,2,0,0,2,0,3,0,0,16,0,0,0,0,0,1,4,0,4,5,0,2,0,0,1,0,0,0,0,0,0,0,0,12
0,1,2,1,0,0,0,1,3,1,2,0,0,0,0,0,1,2,1,0,3,1,1,0,0,0,0,0,1,0,3,2,1,2,1,4,1,0,2,3,0,0,3,0,1,1,1,1,0,1,0,0,2,0,0,2,0,10,3,0,1,2,1,6,2,3,1,0,0,1,2,2,0,5,3,0,1,3,14,2,5,15,0,1,6,0,6,0,1,0,0,0,0,0,1,0,0,3,0,7,0,2,2,0,2,0,0,18,4,2,0,38,7,1,2,0,3,0,1,2,0,0,0,0,9,0,2,2,0,0,1,0,0,0,1,0,0,0,1,1,0,0,0,0,1,1,1,0,0,7,0,1,0,0,1,0,1,0,3,3,5,0,0,0,1,0,2,2,10,1,2,0,0,3,2,2,3,1,0,1,7,1,2,2,0,0,0,2,0,49,2,0,20,3,0,0,0,0,0,1,0,1,0,4,1,2,5,0,2,0,1,3,0,2,0,2,1,0,2,0,0,1,1,2,0,0,1,0,2,0,1,0,0,1,0,0,0,3,1,4,0,0,0,0,0,0,1,0,0,5,1,0,1,2,0,0
0,0,4,5,0,1,0,1,5,4,2,0,0,1,0,2,0,2,0,1,0,0,0,0,0,9,0,0,0,1,2,0,0,2,0,4,1,0,2,2,0,0,0,0,0,0,1,0,0,5,0,1,0,0,0,3,0,1,0,2,0,4,0,0,0,2,0,0,0,0,0,1,0,7,3,0,0,3,6,1,0,9,1,2,5,0,3,2,1,3,0,0,0,3,1,0,0,0,2,0,0,3,4,0,1,1,5,8,1,1,10,1,1,0,0,1,3,5,46,1,1,0,0,0,0,0,2,0,1,0,2,2,0,2,2,0,1,1,0,1,0,0,0,1,0,0,1,0,1,0,0,0,2,0,0,0,0,2,0,0,0,1,1,1,0,3,3,2,0,2,0,0,0,4,1,0,1,0,1,0,3,0,2,1,0,2,1,1,0,31,0,0,4,1,0,4,0,2,8,1,2,0,0,9,0,4,1,0,1,9,0,0,0,3,3,4,1,6,3,42,0,4,2,2,0,1,0,0,17,4,1,0,0,1,9,0,1,0,1,0,0,0,1,3,1,4,0,2,0,0,2,1,0,0,0,1
0,0,1,1,0,7,0,5,13,1,2,0,0,0,0,0,0,6,0,1,0,0,0,0,0,2,0,0,0,21,3,0,4,1,0,1,0,1,1,0,1,0,5,1,10,0,4,0,1,0,3,3,1,0,1,1,3,0,0,4,0,3,0,0,0,0,0,0,0,0,1,1,0,6,3,0,2,0,0,1,0,0,4,0,2,0,3,4,0,2,1,2,2,0,1,3,1,0,0,0,0,2,6,0,4,0,1,0,1,1,25,3,0,0,0,4,3,3,2,0,0,0,10,33,0,2,9,1,0,0,1,28,0,2,2,0,0,0,1,5,2,0,0,3,0,1,1,2,0,0,3,1,8,1,9,2,2,1,0,4,0,0,0,1,1,0,1,0,2,1,0,0,0,5,0,0,3,0,1,0,0,0,0,1,0,0,3,0,1,2,0,0,2,0,1,8,0,0,0,1,1,0,1,11,1,0,2,3,1,0,0,2,1,12,1,1,0,12,5,0,0,0,2,5,0,7,0,7,1,1,0,0,0,1,6,0,0,0,0,1,0,0,0,0,6,0,1,3,1,0,0,0,1,0,0,9
0,0,2,0,0,14,0,0,2,0,2,4,0,0,0,0,0,1,0,1,0,0,1,2,0,1,0,0,3,0,2,4,1,0,0,5,2,4,2,0,0,4,4,0,6,0,1,0,0,5,0,0,0,0,0,9,0,12,0,0,3,0,2,6,0,7,0,0,1,0,5,1,0,7,2,0,1,0,7,1,1,3,1,3,15,7,5,3,1,0,0,1,0,0,1,0,2,13,0,2,0,2,0,0,7,3,3,17,1,3,8,0,12,1,0,2,2,0,2,0,1,1,0,1,0,0,2,1,10,3,0,0,0,9,2,0,7,0,0,1,1,0,0,0,0,0,3,0,0,1,1,1,0,0,1,0,0,0,3,1,0,0,2,1,2,1,5,0,6,0,5,3,1,4,1,1,1,1,1,1,2,1,2,0,0,2,14,2,0,47,4,0,1,0,0,1,0,8,7,6,9,0,0,5,1,0,4,0,4,0,0,0,0,0,1,4,1,0,2,0,0,2,3,2,1,0,0,0,7,3,4,0,0,1,0,0,0,0,1,4,1,0,0,0,0,0,3,1,2,0,2,0,0,3,0,0
0,2,2,0,0,8,0,8,8,0,8,0,0,0,0,0,1,10,0,1,1,1,0,0,0,0,0,0,0,27,2,0,1,1,0,3,1,1,1,0,1,1,0,1,4,0,4,0,0,3,0,1,2,0,2,1,1,2,1,0,0,1,1,0,1,0,3,0,1,0,2,0,0,1,1,0,1,1,5,1,1,0,2,1,0,0,1,4,0,2,0,0,0,0,1,0,1,3,1,0,0,3,1,1,1,0,3,0,1,0,9,0,1,0,0,2,1,5,4,0,2,0,0,1,0,0,1,0,1,0,1,1,0,2,1,0,2,3,3,4,2,1,0,13,1,0,1,0,1,0,7,2,1,0,18,0,24,0,0,2,3,0,5,2,0,0,1,0,1,1,1,6,1,1,0,1,0,0,1,9,4,0,1,4,0,2,2,0,0,7,2,0,1,0,0,15,0,0,1,3,0,3,0,5,0,0,6,1,1,0,0,1,0,9,3,1,0,9,9,8,0,9,0,2,0,1,0,12,0,3,0,0,0,0,11,0,1,0,1,0,0,0,0,3,1,3,2,8,1,1,0,0,0,16,0,0
0,0,0,0,0,3,0,2,2,0,0,0,0,2,1,0,0,3,0,0,0,0,0,0,0,0,0,0,0,4,0,0,5,2,1,3,2,0,0,0,2,0,8,5,0,2,1,0,0,0,1,0,2,1,0,1,1,0,9,0,0,0,0,1,2,1,2,2,2,2,5,1,0,7,3,0,0,24,2,6,0,0,1,2,2,1,2,2,0,2,0,0,0,3,8,0,3,2,0,0,0,3,0,0,0,0,1,3,2,0,31,1,0,0,1,2,0,4,1,2,0,0,0,0,1,7,3,2,2,3,2,1,0,3,4,2,1,0,1,5,2,0,0,0,0,0,2,7,1,0,11,0,2,0,1,0,19,1,0,1,1,0,0,2,0,3,9,0,1,3,0,2,0,0,0,1,0,0,1,0,0,0,1,2,3,3,0,0,0,0,0,1,5,1,0,29,0,0,0,2,0,0,0,12,1,0,7,2,0,2,0,2,0,23,3,0,4,6,5,2,0,50,0,0,0,0,0,3,0,0,0,0,2,1,1,6,0,0,1,0,0,0,0,0,2,1,0,8,1,0,0,0,0,3,0,0
0,0,1,0,1,1,0,7,9,0,3,0,0,0,0,0,0,3,0,0,3,1,0,1,0,0,0,0,1,6,3,0,3,2,0,0,1,0,1,1,10,0,3,2,1,0,0,1,0,4,0,5,1,0,0,3,0,1,12,25,0,3,1,1,1,0,1,0,0,0,2,0,0,3,4,0,0,0,0,4,0,0,0,2,0,0,1,2,0,1,0,1,0,0,0,0,0,1,0,0,2,0,2,1,6,0,0,34,4,0,2,0,0,0,6,4,0,1,2,0,0,0,0,43,0,3,3,0,2,0,2,0,0,3,11,1,3,0,0,2,0,0,0,2,0,26,1,0,0,1,0,3,8,0,3,2,21,0,0,2,0,0,0,2,0,0,1,1,0,1,0,0,1,3,0,0,3,1,0,0,0,0,0,0,6,0,0,1,1,3,0,4,2,0,1,18,0,0,0,1,0,0,0,3,0,0,2,1,1,5,0,2,0,13,4,1,0,19,2,0,0,1,1,1,0,0,2,3,3,1,0,0,0,0,5,0,0,0,0,0,0,0,1,2,1,1,1,1,0,1,0,0,0,0,0,2
0,0,1,0,0,6,0,0,4,2,2,8,0,0,0,1,0,1,0,0,1,0,0,3,2,3,0,1,0,2,5,0,3,0,0,3,1,0,1,0,0,1,2,2,2,0,0,0,0,5,0,1,0,0,0,4,1,6,1,0,4,2,0,0,1,2,0,1,1,0,2,0,1,4,2,2,2,6,1,1,0,3,3,0,11,4,4,1,0,0,0,2,1,1,1,0,2,4,0,0,1,0,0,2,2,1,9,17,2,1,10,1,0,0,4,5,1,2,1,0,0,0,0,2,0,0,4,0,0,0,2,0,1,0,0,0,0,0,0,2,2,0,0,1,1,0,0,0,1,0,0,0,1,0,2,0,0,2,1,1,4,0,1,1,7,0,7,0,5,1,1,1,0,2,0,0,3,1,0,0,4,0,0,0,1,0,0,0,0,43,2,0,3,0,3,3,0,1,7,2,1,1,1,10,0,0,4,1,1,0,0,1,0,5,2,2,4,9,6,1,0,6,0,1,0,4,1,3,6,1,0,0,0,1,5,0,0,0,23,1,0,0,0,0,7,2,4,0,3,0,0,0,0,2,0,8
0,0,3,3,0,2,0,0,6,2,0,0,1,0,0,1,0,3,0,1,10,0,0,0,1,0,0,0,1,9,3,1,1,0,0,2,4,0,0,0,0,0,1,0,0,0,0,0,1,0,0,1,0,1,0,1,0,0,0,0,0,2,0,2,0,0,0,2,2,1,2,1,0,5,2,0,1,0,2,4,1,1,3,0,7,0,6,3,0,0,0,0,0,1,2,0,1,2,1,2,1,1,1,2,1,0,3,5,2,0,15,0,5,0,0,2,2,2,16,21,1,0,2,0,2,1,2,0,5,0,3,3,0,1,0,0,4,0,0,2,1,0,0,2,0,0,0,1,2,1,0,1,5,0,1,0,2,0,2,0,3,0,3,0,1,7,7,1,1,9,0,2,0,0,1,0,0,0,0,3,3,0,0,0,3,1,2,2,2,17,0,0,2,0,0,10,0,0,0,2,1,0,0,15,0,0,19,2,2,1,0,2,0,7,1,3,0,9,5,0,0,16,1,0,2,3,0,4,5,0,0,0,1,0,9,3,0,0,1,0,0,1,2,3,2,0,4,6,2,1,0,0,1,0,0,2
1,1,1,1,0,2,0,1,4,1,1,0,1,0,0,0,0,3,3,0,1,1,0,5,0,3,0,0,0,5,0,1,1,0,0,4,2,1,1,1,1,1,1,0,1,0,0,1,1,0,0,0,2,1,0,12,1,2,0,0,0,1,0,7,2,3,5,2,2,1,1,0,0,1,3,0,1,3,3,2,1,0,1,1,18,2,5,3,0,4,1,0,0,0,0,0,0,5,2,4,2,0,3,1,0,0,14,1,3,2,8,1,9,0,1,2,0,2,2,0,1,2,0,2,0,0,3,0,0,4,1,0,0,3,6,0,0,1,2,6,0,4,2,0,0,0,0,6,1,0,4,1,4,0,1,1,5,0,0,3,2,0,3,0,1,1,2,3,2,1,0,2,0,2,1,2,2,4,3,2,1,0,1,3,0,0,0,0,1,19,2,1,2,1,1,6,0,3,0,3,1,0,2,11,1,0,8,0,1,7,0,5,1,3,48,2,0,7,2,2,1,3,1,1,0,1,0,1,4,0,0,2,1,2,1,0,0,1,6,2,2,0,2,2,1,1,1,1,2,0,0,0,0,0,0,19
0,0,1,0,0,15,1,0,1,0,1,2,0,1,2,0,3,1,0,1,1,0,0,4,0,3,1,0,3,0,2,2,1,0,0,9,1,3,2,0,2,0,2,0,0,3,0,0,1,0,0,0,0,0,1,2,3,2,0,0,4,1,5,0,2,7,0,0,1,0,4,1,0,15,1,2,2,1,8,1,2,3,5,1,12,4,6,2,0,0,2,1,0,0,0,0,0,4,0,2,0,1,5,1,0,0,1,18,1,3,1,0,3,0,2,3,0,1,5,0,0,1,1,0,1,0,4,1,6,1,1,0,1,0,2,0,2,0,0,1,2,0,0,0,2,0,2,2,0,0,0,1,1,0,3,0,0,1,1,0,4,0,0,2,9,0,4,2,0,0,3,0,0,1,1,2,6,2,3,1,2,1,1,0,1,1,12,1,1,51,0,2,1,0,0,3,1,1,0,1,0,0,1,1,5,2,4,0,8,1,0,1,1,0,5,2,1,1,2,0,1,1,0,1,0,0,0,1,7,0,0,6,0,1,1,1,1,11,7,0,3,0,0,1,2,1,2,7,4,0,1,0,5,0,0,10
0,6,3,0,0,11,0,11,6,1,10,0,0,0,2,1,0,10,0,1,4,3,0,0,1,2,0,0,2,20,2,0,2,0,0,3,1,1,1,1,6,0,5,2,2,0,1,0,0,1,0,2,1,1,0,1,0,1,0,2,0,2,1,0,1,1,0,0,0,0,1,0,0,2,1,0,0,0,1,2,2,0,20,0,2,0,2,1,1,2,0,0,0,0,0,0,2,1,1,0,0,0,1,2,0,0,9,0,4,0,7,0,0,0,0,1,0,8,3,0,0,0,0,15,0,0,1,3,0,0,2,0,0,2,6,0,2,0,0,3,0,1,0,15,0,0,1,0,1,3,1,0,1,0,12,2,20,0,0,0,4,0,3,1,0,1,2,1,2,0,10,4,0,3,0,1,0,0,1,0,1,0,1,7,0,0,2,0,0,4,1,0,1,0,0,19,0,0,0,1,0,2,0,3,0,0,4,3,3,1,0,1,0,11,2,3,2,12,4,4,0,2,0,5,0,2,0,3,2,0,0,0,0,0,6,0,0,0,0,0,0,0,0,1,4,1,0,3,1,0,1,1,2,1,0,2
0,1,5,2,0,1,0,1,10,0,1,0,0,0,0,0,0,7,0,0,9,0,0,0,0,0,0,0,0,18,0,0,1,2,0,4,2,0,0,2,1,0,7,0,5,0,0,1,0,17,0,1,2,0,0,1,3,1,7,0,2,2,0,9,6,0,1,2,3,2,5,0,0,3,2,0,0,1,4,4,2,0,1,2,7,0,7,4,2,0,0,0,0,3,3,0,1,1,0,2,1,3,1,0,0,0,9,0,2,0,11,0,1,0,0,2,0,3,6,7,0,0,0,0,3,0,2,0,2,0,3,1,0,22,15,0,0,0,0,2,0,1,0,0,0,0,1,7,0,1,3,1,2,0,2,1,5,1,0,4,0,0,3,0,1,2,2,1,1,2,0,2,0,0,1,0,1,0,0,0,1,0,0,1,4,1,0,1,0,24,0,0,3,0,0,16,0,1,0,2,0,1,1,3,0,0,3,2,0,0,0,7,1,4,36,1,0,5,4,0,1,10,0,1,1,1,0,2,4,2,0,0,0,0,5,2,0,1,0,0,0,0,0,1,1,1,2,1,1,1,0,0,1,1,0,0
0,2,3,1,0,0,0,1,1,0,1,1,0,0,2,1,4,6,1,0,0,0,0,0,0,8,1,0,1,2,2,1,1,0,0,9,0,3,1,4,0,1,1,0,1,6,0,0,3,0,0,0,2,0,2,2,8,8,0,1,1,1,0,0,0,0,0,0,2,0,1,0,0,10,2,1,3,0,6,3,2,2,3,0,19,0,5,2,0,3,1,1,0,0,0,0,0,1,0,0,0,0,1,0,1,0,0,28,1,5,1,0,5,0,2,3,1,1,5,1,2,1,0,0,0,0,1,1,2,1,1,0,0,6,1,0,1,1,0,2,1,1,0,0,0,0,1,1,1,1,0,0,1,0,0,0,2,1,0,1,2,1,0,1,8,1,2,6,7,1,1,0,0,1,0,1,3,0,0,0,2,0,0,3,2,0,6,1,4,51,0,1,1,1,3,2,1,0,1,0,1,2,0,9,0,0,16,1,8,6,0,1,0,3,24,2,0,1,3,0,0,2,0,2,3,0,2,1,12,0,0,0,1,3,0,0,0,6,4,2,1,0,0,0,1,2,2,0,2,0,1,1,0,2,0,24
0,0,1,0,0,0,0,4,2,0,0,0,0,0,0,3,0,4,0,0,0,0,0,2,0,0,0,4,0,5,1,0,6,0,2,0,0,1,1,1,0,5,2,0,0,0,1,0,2,30,0,4,5,0,1,8,3,4,3,2,0,4,4,0,5,2,0,0,0,3,2,1,0,3,2,0,2,37,2,0,0,0,6,0,2,0,3,3,0,1,0,0,3,5,1,0,0,0,0,0,1,1,3,1,6,4,0,0,2,0,24,2,0,0,0,2,1,2,2,1,0,0,0,11,0,2,5,0,0,1,2,1,2,1,12,0,0,0,0,2,1,0,0,3,0,1,0,1,2,0,0,5,3,3,9,2,3,0,0,0,0,0,0,1,0,0,2,0,0,0,0,1,0,0,0,2,0,0,0,0,1,1,0,12,0,6,1,0,0,1,0,0,2,0,0,8,0,0,0,2,0,2,0,5,1,0,2,2,0,0,0,2,0,18,0,0,3,10,2,3,2,5,0,0,0,4,0,6,0,0,0,0,0,1,1,0,0,0,0,0,0,0,0,0,3,3,1,1,0,0,0,1,0,0,0,0
0,1,1,4,0,0,2,0,5,0,1,0,1,0,0,0,0,1,0,2,0,1,0,0,0,0,0,0,2,2,13,2,2,0,1,1,0,2,1,9,0,0,0,0,3,6,2,1,0,0,0,0,1,1,3,0,0,10,0,0,0,2,5,3,0,8,0,0,0,1,1,0,0,1,1,1,0,0,3,1,1,0,2,0,11,1,1,5,1,1,1,1,1,0,0,0,0,1,0,0,0,0,1,0,0,0,12,3,1,0,0,0,2,0,0,4,1,0,4,0,7,0,0,0,1,0,0,1,0,1,3,0,0,2,1,1,0,0,0,1,1,0,1,1,1,7,1,0,0,2,0,1,1,0,1,0,3,7,2,1,0,1,1,3,4,4,1,0,4,3,0,2,0,5,4,3,5,0,8,2,2,2,1,1,0,2,2,2,2,46,1,1,1,4,0,1,0,0,14,7,2,0,0,5,0,0,2,0,1,41,0,1,0,1,0,1,1,0,2,1,1,3,0,14,0,0,0,1,4,2,1,1,0,0,15,0,1,14,0,0,0,0,0,0,1,2,2,0,0,0,1,0,0,1,0,0
0,1,1,2,0,2,0,0,1,0,2,0,0,2,0,0,0,1,1,0,2,0,1,2,0,0,0,0,3,0,5,0,2,3,0,12,4,3,1,4,1,0,1,1,5,3,1,0,2,1,0,0,1,1,2,1,0,12,2,0,1,5,0,2,0,0,0,0,0,0,1,1,3,3,1,1,0,1,8,3,1,1,0,0,14,0,7,4,6,0,1,0,1,0,0,2,0,2,0,1,3,1,4,1,0,1,6,13,1,1,1,1,0,1,1,2,2,1,0,1,1,0,0,2,2,0,1,1,2,1,3,2,0,0,1,0,2,0,1,1,0,2,0,1,0,1,1,0,0,0,0,1,1,0,1,0,2,1,0,0,9,0,0,0,4,3,2,0,0,0,1,0,1,1,2,0,3,1,0,0,4,0,2,3,1,0,27,2,0,44,4,0,1,0,1,5,1,0,0,1,0,0,1,8,0,0,11,0,13,4,0,2,0,0,34,1,0,0,2,0,0,3,0,3,0,4,4,4,6,0,0,0,1,2,7,0,1,0,5,3,2,0,0,0,1,1,1,1,0,1,1,3,0,0,0,20
0,0,5,1,0,1,0,0,2,0,5,0,0,0,0,5,0,2,1,0,2,0,1,2,1,1,1,0,2,0,6,0,1,0,0,4,1,5,2,1,2,0,2,0,0,1,0,1,0,0,0,0,0,0,0,13,0,12,0,0,0,0,0,5,2,0,0,0,0,0,7,0,0,18,2,0,0,1,10,3,0,2,1,0,6,6,8,1,1,0,0,8,1,0,2,2,0,0,0,1,0,1,0,4,2,0,10,11,0,2,1,0,5,0,1,0,1,0,2,0,1,2,1,1,0,0,0,1,0,0,0,0,0,0,3,0,0,0,0,0,0,0,0,0,0,2,2,0,0,6,1,1,0,0,1,0,0,1,1,1,2,4,0,2,1,0,3,0,1,0,0,0,0,2,1,1,6,2,1,2,8,1,5,0,1,0,0,7,1,24,0,0,0,0,40,2,1,1,8,0,12,2,2,3,0,0,6,0,7,6,0,0,0,0,0,2,0,0,2,0,0,9,1,11,2,1,1,0,2,0,1,0,0,1,2,0,0,0,1,4,1,1,0,0,2,0,0,0,8,0,0,1,0,0,0,3
0,0,1,1,0,0,1,0,3,2,1,0,0,0,0,1,0,1,0,0,0,0,0,0,0,0,0,0,1,1,1,0,1,0,0,4,0,2,1,3,2,1,0,0,3,0,0,2,0,0,1,0,0,1,1,4,0,19,0,0,0,1,6,4,0,3,0,0,1,0,1,0,1,5,1,1,0,0,2,1,8,2,0,0,5,1,4,6,0,2,0,0,0,0,0,1,0,0,0,3,0,0,1,0,0,0,5,8,1,2,2,1,2,0,7,1,2,1,3,1,0,1,0,0,0,2,1,1,10,5,1,5,0,3,2,0,5,0,0,1,0,0,1,0,1,0,2,0,0,0,0,1,1,0,0,0,3,2,1,4,2,3,0,1,2,1,5,0,0,0,3,0,2,3,0,0,12,1,0,1,5,2,1,1,0,0,6,4,0,46,1,0,1,1,1,3,0,0,8,1,3,3,2,7,0,0,3,0,13,4,0,2,1,2,39,5,1,0,2,3,1,4,0,1,0,0,1,2,11,0,0,0,0,2,26,0,3,0,1,3,0,0,0,0,1,1,0,0,0,0,0,0,0,0,0,0
0,0,0,0,2,2,1,4,10,3,0,1,0,0,0,3,0,1,0,0,3,0,2,3,0,0,0,0,0,7,1,1,15,2,0,1,1,1,0,0,0,0,4,0,0,0,1,0,0,0,0,5,4,1,2,2,1,0,0,0,0,4,0,1,0,0,1,0,0,0,3,0,0,4,8,0,0,1,2,17,1,0,4,0,0,0,2,5,0,0,0,0,0,2,0,0,2,0,0,0,0,1,5,0,3,0,0,0,4,0,2,2,0,0,2,5,0,1,1,0,0,0,0,0,0,2,3,0,0,1,2,1,0,0,0,0,0,0,0,5,0,0,0,0,0,5,0,0,0,0,0,0,7,0,1,2,10,0,0,2,2,0,1,0,2,1,5,0,0,1,1,0,0,2,0,0,0,0,0,0,0,0,0,0,2,9,0,0,0,0,0,0,2,0,0,11,1,0,1,1,0,0,0,35,0,0,1,5,0,1,0,2,1,33,0,1,0,18,14,4,0,44,0,1,0,1,1,6,3,0,0,0,0,3,2,0,0,1,1,0,0,0,0,0,2,0,1,1,5,0,0,0,0,2,0,1
0,0,0,1,0,2,0,9,6,15,3,0,0,1,0,1,0,14,0,0,2,0,0,0,0,0,0,0,0,5,1,0,3,0,0,0,1,2,1,0,0,0,5,0,0,0,0,0,0,0,0,1,4,1,0,0,0,1,1,0,0,5,0,0,2,1,0,1,0,0,4,0,0,2,0,0,1,13,0,0,3,0,1,0,1,0,5,7,0,2,0,2,0,1,0,0,2,0,0,1,0,0,2,2,3,0,0,0,2,1,9,2,0,0,0,4,1,10,3,7,0,0,0,1,1,3,2,0,0,1,3,0,0,0,14,0,4,0,0,2,1,1,1,1,0,0,2,2,0,0,1,5,3,0,8,0,33,0,0,0,1,0,2,0,2,0,1,1,0,2,1,3,0,0,0,1,2,0,1,2,1,1,0,14,0,1,4,0,0,1,0,0,2,0,0,26,0,0,0,1,0,3,0,16,0,0,2,1,0,0,0,2,0,20,0,0,0,8,2,0,0,25,3,0,0,1,0,4,1,0,0,0,0,0,6,0,0,0,0,0,0,0,0,0,2,1,0,4,0,0,0,0,0,0,0,0
0,1,2,1,1,3,0,0,2,0,2,0,0,0,0,0,0,2,1,0,0,0,0,0,0,6,0,0,1,0,2,0,1,0,0,8,0,4,2,0,0,0,1,0,0,1,0,0,0,0,0,0,1,0,0,3,0,2,0,0,0,3,1,0,0,0,0,1,0,0,1,0,2,1,3,0,0,1,11,2,3,2,0,0,12,0,6,3,0,0,0,0,0,0,1,0,0,1,0,1,1,0,2,0,0,0,2,0,0,2,1,0,3,0,0,2,0,2,4,0,0,0,0,0,1,0,1,1,23,0,0,1,0,3,1,0,2,0,0,0,4,1,0,1,0,8,4,0,0,0,0,0,0,0,1,0,0,9,0,1,3,0,0,0,1,1,3,0,0,0,1,4,0,2,0,4,4,2,1,2,3,0,0,1,0,0,12,1,0,46,0,0,0,3,3,8,6,0,5,0,2,0,0,6,0,0,5,0,9,4,0,0,0,12,32,3,1,0,6,0,0,0,3,3,2,0,0,0,11,0,0,0,0,2,30,0,0,0,0,3,0,0,1,1,0,2,1,0,0,1,0,3,3,0,1,2
0,6,1,2,0,9,0,11,24,0,6,0,0,0,0,1,2,10,1,1,1,0,0,0,1,1,0,0,0,37,1,0,2,0,0,2,1,1,1,1,6,0,0,5,5,0,0,1,1,1,0,0,1,2,0,0,0,0,0,4,0,2,0,0,3,1,4,0,0,3,1,0,0,3,1,0,0,0,0,0,5,0,9,1,3,0,1,1,0,1,2,5,0,0,0,0,0,7,0,0,0,3,1,1,0,0,1,0,3,0,5,0,2,0,1,2,0,5,3,0,0,0,0,0,0,0,1,0,0,1,1,0,0,3,1,0,0,0,0,1,1,0,0,5,1,1,1,1,0,0,2,6,4,0,16,0,5,1,0,1,1,0,3,1,3,1,1,0,0,2,10,11,1,1,0,1,2,0,0,1,0,1,0,25,1,2,3,1,1,0,0,0,1,0,0,10,0,2,0,2,0,1,0,1,0,0,1,0,1,0,2,2,2,8,2,3,0,0,2,0,2,1,0,2,0,2,0,2,0,0,0,0,1,1,7,1,0,0,0,1,0,0,5,0,1,1,2,0,2,0,0,0,0,3,0,3
0,7,0,0,0,2,0,6,2,0,2,0,0,2,0,1,0,4,0,0,4,0,1,0,0,0,0,2,0,12,0,0,3,0,0,0,3,2,0,0,3,1,4,0,0,0,2,0,1,1,2,1,2,1,2,3,1,1,2,1,0,0,5,3,0,0,4,1,0,1,2,0,0,5,2,0,0,2,3,4,0,0,1,0,0,0,2,3,1,1,0,0,1,0,0,0,2,1,0,2,0,2,2,2,2,0,2,0,2,0,16,0,0,0,0,5,0,6,5,0,0,1,0,0,0,1,2,0,1,1,4,2,1,2,4,0,2,2,0,4,0,1,0,0,2,1,0,2,0,0,1,1,11,1,14,1,7,1,1,0,2,0,1,0,3,3,0,1,0,8,0,3,0,4,0,0,0,0,1,0,1,0,0,0,1,2,6,0,3,0,0,0,3,0,0,13,1,2,0,1,1,0,5,11,0,0,0,1,0,2,1,3,0,15,9,3,0,9,7,8,0,10,0,3,3,0,0,15,4,0,0,0,0,1,6,0,0,1,0,0,0,1,0,0,8,0,3,1,4,0,0,0,0,3,0,1
0,0,3,0,0,7,0,0,2,0,2,0,0,1,2,0,0,3,0,0,1,0,1,1,0,4,0,0,2,0,6,0,1,0,1,17,4,4,2,3,2,0,2,0,0,2,0,1,3,0,0,0,0,0,0,9,0,1,0,0,1,1,0,1,4,1,0,0,0,2,4,1,1,20,2,2,0,2,8,3,1,1,0,0,15,5,4,0,0,0,0,1,0,1,0,0,1,2,0,0,0,1,0,0,1,2,1,10,1,2,7,0,3,1,0,2,1,2,8,0,1,0,0,2,0,0,0,3,2,0,0,5,0,5,2,0,4,0,0,0,0,0,0,1,0,1,2,0,0,0,0,1,1,0,2,0,0,3,0,1,3,0,0,1,3,1,6,4,2,0,2,1,1,5,0,1,5,3,5,0,3,0,2,1,0,0,8,2,0,39,4,1,0,0,0,0,0,0,0,1,0,0,0,5,0,0,8,1,3,0,0,1,0,1,1,7,0,0,2,10,0,2,0,2,0,0,0,0,3,2,2,1,0,2,0,0,3,0,0,3,0,0,1,0,1,1,1,0,0,0,0,2,0,0,0,6
0,2,2,0,0,5,0,8,7,14,2,1,0,1,0,0,0,3,0,0,4,1,1,0,0,0,0,0,1,13,2,0,3,0,1,0,0,1,1,0,1,0,3,0,3,0,0,0,0,1,0,3,0,1,3,0,0,0,0,0,0,3,0,0,4,1,2,0,0,1,1,0,0,2,7,0,0,2,2,2,5,0,7,0,10,0,2,1,0,2,1,1,0,2,0,1,0,0,0,1,0,0,3,0,2,0,1,0,1,0,4,2,3,0,1,1,3,4,5,2,0,0,0,0,0,1,7,0,1,0,1,3,0,2,3,0,2,0,0,3,2,0,0,0,0,0,1,11,0,0,0,5,15,0,6,2,21,1,0,1,2,0,2,0,0,3,1,0,1,3,1,2,0,1,0,0,0,0,0,0,0,0,0,0,2,0,4,1,0,2,0,0,1,0,0,17,0,0,0,5,0,2,1,8,0,0,1,2,1,0,0,2,0,6,1,1,0,10,9,0,0,22,4,1,0,10,0,8,4,0,0,0,0,1,6,1,0,0,0,1,0,0,1,0,2,1,4,6,0,0,0,0,0,0,0,0
1,0,4,1,1,0,0,0,1,0,2,1,0,0,0,3,0,1,1,0,4,2,0,0,1,0,0,0,3,1,1,0,1,0,0,4,2,5,1,0,2,0,3,0,2,2,1,0,1,4,0,0,0,0,0,0,0,2,0,0,0,3,0,3,3,1,0,0,0,2,2,1,0,28,5,0,0,2,11,3,1,0,0,0,9,3,9,1,0,0,0,0,0,0,0,1,0,10,1,5,1,0,0,0,0,0,3,8,3,2,0,5,1,0,1,2,1,3,7,0,11,4,2,0,0,0,1,1,0,1,1,0,0,0,5,1,1,0,0,2,0,0,0,1,0,0,2,0,0,0,0,1,1,0,1,0,5,0,1,2,9,1,2,1,2,1,1,2,4,1,1,1,1,2,1,2,4,1,0,0,2,0,0,1,1,0,0,8,0,36,0,0,1,0,1,0,0,2,0,0,0,1,4,2,3,0,8,2,1,2,0,1,0,4,0,1,0,1,2,0,0,1,0,4,1,0,6,2,3,0,1,0,0,3,13,0,0,0,0,1,2,1,0,0,1,1,3,0,32,0,2,0,0,39,0,0
0,0,2,11,0,1,0,2,1,1,1,2,0,0,0,0,0,2,2,1,0,0,1,1,0,1,0,0,2,0,2,1,1,0,0,2,0,0,1,0,0,0,0,0,2,2,0,0,0,2,0,0,2,0,0,1,1,6,1,0,0,0,0,8,0,2,1,0,0,0,2,2,0,6,1,2,0,0,2,2,1,3,0,0,13,2,4,4,0,2,0,0,0,0,0,0,0,2,0,0,0,0,2,0,0,0,1,16,3,0,0,0,2,0,1,2,1,4,11,1,0,0,0,1,0,0,2,1,26,0,1,1,0,3,3,1,10,0,5,1,2,3,1,0,1,1,1,0,1,1,0,2,1,0,1,1,0,9,2,0,3,0,0,1,0,0,7,4,0,2,0,2,2,2,2,0,3,1,0,1,3,0,2,2,0,0,18,1,3,42,1,1,4,0,2,2,3,0,2,2,10,1,1,3,1,1,4,0,2,10,0,1,0,2,2,2,0,0,2,2,0,5,0,2,0,0,1,1,6,0,0,1,0,2,0,1,1,0,2,1,1,0,0,1,1,1,2,0,3,1,1,0,0,0,0,12
0,0,4,0,0,11,0,6,5,3,10,1,0,1,0,2,0,5,0,0,4,0,1,0,0,0,1,0,0,14,4,0,4,1,1,3,1,0,0,0,7,0,8,3,0,0,0,0,1,5,3,3,6,0,0,4,0,4,5,19,3,5,0,3,2,1,2,0,0,1,3,0,0,3,3,0,0,1,5,1,0,0,0,1,4,0,3,0,1,1,0,0,2,2,0,0,1,1,0,0,1,1,1,0,2,6,2,0,7,0,18,0,0,0,5,3,1,6,2,4,0,0,0,0,0,2,1,0,0,0,3,0,0,0,3,0,0,1,0,3,0,0,0,2,1,0,1,0,0,0,0,1,2,0,12,4,26,0,0,4,0,0,1,1,0,0,0,1,1,1,0,3,0,1,0,1,0,1,0,1,1,0,0,0,1,4,2,1,0,0,3,1,2,0,0,12,0,0,0,3,0,3,3,1,0,0,2,0,0,2,0,2,0,10,2,8,0,1,3,1,0,5,2,3,3,0,0,2,0,0,0,0,0,0,6,0,1,0,2,1,1,0,0,0,3,3,0,0,0,0,0,0,0,2,0,2
0,0,1,0,0,0,0,0,1,0,1,0,0,0,0,0,0,1,3,0,1,1,0,0,1,1,0,0,2,1,1,0,4,0,0,11,1,8,1,31,0,0,0,0,0,4,0,0,0,3,0,0,0,0,2,4,0,1,0,3,1,3,2,0,4,8,0,1,0,2,5,0,0,3,1,0,1,1,10,0,0,0,8,0,23,0,6,11,1,0,0,1,1,0,1,0,0,2,2,0,1,0,2,0,1,0,2,4,7,3,0,1,3,0,0,4,1,4,13,1,12,0,0,6,0,1,2,2,0,0,1,0,0,0,1,1,0,3,0,1,0,0,0,2,0,0,2,0,0,0,1,1,1,0,2,0,2,0,0,0,2,0,0,0,3,0,1,0,0,2,0,0,0,1,3,4,3,3,1,1,8,2,2,2,2,0,5,2,0,36,1,1,1,1,0,2,0,0,0,2,0,0,1,2,0,0,7,0,1,0,0,3,0,1,0,1,0,1,2,0,0,1,0,2,0,1,2,1,1,0,0,6,0,0,0,0,0,1,0,2,3,5,1,0,1,1,1,0,2,0,3,1,2,0,0,27
0,1,0,0,0,6,0,4,2,0,0,1,0,0,0,1,0,2,1,0,4,0,2,0,0,0,0,1,0,16,2,0,3,1,0,1,1,0,0,0,0,1,1,0,0,0,1,0,1,14,0,3,1,2,1,3,0,3,0,0,0,0,0,1,1,0,0,0,0,4,2,0,0,4,7,0,0,10,2,5,2,0,2,0,1,0,2,6,0,1,0,0,0,0,0,0,3,0,0,0,0,2,2,1,2,4,0,0,2,0,2,0,0,0,5,4,1,2,3,0,0,0,0,5,0,1,4,0,0,0,2,1,0,0,14,0,0,2,0,2,0,0,0,0,0,1,1,2,0,0,4,2,4,0,6,0,10,0,0,4,0,0,1,0,4,1,0,0,0,3,0,0,1,1,2,1,0,0,1,0,0,0,0,1,0,4,0,0,0,0,0,0,3,0,0,16,0,2,5,1,0,0,0,23,0,0,1,2,0,3,0,2,0,13,2,3,0,16,9,0,0,22,0,0,0,0,0,8,0,2,0,0,0,1,4,0,0,0,2,0,0,0,1,0,3,2,0,14,1,0,0,0,0,7,0,0
0,0,1,0,0,0,0,4,1,0,1,11,0,0,0,0,3,1,0,0,0,0,1,0,0,0,0,0,1,1,9,0,1,0,0,3,1,1,1,1,1,0,0,0,1,16,0,0,0,0,0,1,0,0,0,8,0,21,0,0,0,0,1,2,1,1,0,0,1,0,2,1,0,2,1,2,2,1,8,1,2,4,1,2,10,0,3,4,1,2,0,0,1,0,2,0,1,2,0,3,0,0,1,0,1,0,0,8,1,1,0,0,9,0,0,3,1,1,7,4,0,4,0,1,0,0,3,1,0,0,1,0,0,0,1,0,0,0,0,4,1,0,0,0,0,0,1,0,0,0,1,1,1,0,1,0,0,1,1,0,2,0,0,3,11,1,1,0,1,0,4,0,0,1,0,3,2,1,0,0,5,0,1,2,0,0,7,4,1,47,0,1,2,1,0,4,1,0,1,0,2,2,0,2,0,0,3,2,20,0,0,1,0,9,34,4,0,0,3,0,0,2,0,1,1,0,0,1,6,1,0,0,0,0,0,0,0,2,2,0,0,0,0,0,1,2,0,0,1,0,0,0,1,0,0,0
0,2,1,1,0,2,0,5,3,0,4,0,0,0,0,0,0,4,0,0,1,7,0,3,0,0,0,0,0,13,1,0,3,0,0,1,1,0,1,0,0,0,3,0,0,0,1,0,0,2,0,0,0,0,0,2,0,4,3,0,0,0,0,2,1,0,0,0,0,1,1,0,0,3,5,0,0,9,2,16,0,1,8,0,2,0,3,3,0,4,0,1,1,2,1,1,2,0,0,1,0,0,0,0,1,0,0,0,4,0,3,0,0,0,0,2,1,3,6,0,0,0,1,1,0,2,2,1,1,0,2,2,2,8,11,0,3,1,3,2,4,2,1,0,0,0,2,2,0,0,1,2,2,0,11,0,14,0,0,0,0,0,5,1,4,1,1,1,3,1,1,0,0,2,0,2,0,0,2,0,3,0,1,2,0,1,5,0,0,3,0,1,1,0,0,7,0,1,0,1,2,0,0,22,0,1,1,1,1,3,0,1,0,6,2,2,2,10,15,2,0,33,0,2,0,1,0,1,0,1,0,0,0,3,6,0,0,0,1,0,0,0,5,1,2,0,0,6,3,1,0,0,0,9,0,3
0,0,2,0,1,0,0,1,2,0,3,1,0,0,0,0,0,2,0,0,0,0,0,0,0,0,1,0,1,0,0,0,1,0,0,7,1,5,2,0,0,0,5,0,3,2,1,1,0,1,0,0,0,0,0,3,0,4,0,2,0,0,2,0,2,0,0,1,0,2,1,1,0,0,3,0,0,0,7,2,1,0,1,0,12,0,5,0,0,0,3,0,0,0,0,0,0,2,0,0,0,0,0,0,0,0,1,9,0,2,1,0,3,0,0,2,0,2,7,0,1,0,0,0,0,0,1,1,2,2,0,1,0,1,2,0,0,0,0,0,0,0,0,0,0,1,3,0,0,0,0,1,0,0,0,0,0,2,0,0,3,0,0,5,3,5,4,4,1,0,4,0,0,2,0,0,4,3,0,0,8,1,0,1,0,0,12,5,0,49,0,2,0,1,0,14,0,0,6,2,7,0,1,2,0,0,9,2,14,2,0,2,1,0,38,2,0,1,2,2,0,2,0,2,1,0,0,0,9,0,0,1,0,3,34,0,0,0,16,0,0,0,0,3,0,1,1,0,0,0,0,1,0,0,0,0
0,4,3,1,0,2,0,3,16,3,3,6,0,1,0,0,1,2,0,0,2,1,1,0,0,6,1,0,1,2,2,0,0,0,0,3,0,0,2,1,0,0,1,1,3,0,1,0,0,0,0,0,1,1,0,6,1,9,0,0,0,2,1,3,6,1,0,1,1,3,1,4,0,3,2,0,0,0,4,3,2,10,4,2,14,0,2,1,0,0,1,0,1,0,0,0,0,0,0,0,0,0,1,0,2,0,2,6,0,0,1,0,1,1,2,0,3,6,8,0,0,0,0,0,0,0,2,0,0,0,0,2,0,5,4,0,1,1,2,3,1,0,0,0,0,1,2,0,2,0,1,0,1,0,1,0,1,2,2,1,2,2,1,1,2,0,3,0,0,0,2,0,0,4,0,0,0,2,0,0,4,1,5,2,2,0,0,0,0,41,4,1,1,1,0,0,0,0,2,1,0,2,4,4,0,0,0,4,15,3,0,2,0,4,8,2,0,3,3,1,1,0,0,2,0,1,0,1,5,0,1,0,0,1,20,0,0,0,1,1,0,0,0,0,1,2,1,3,0,0,1,1,1,1,0,1
5,0,2,1,6,1,1,2,2,0,2,8,0,0,1,0,1,3,3,0,1,0,5,5,1,0,0,0,2,0,4,0,3,0,0,14,0,1,2,2,1,2,2,1,0,8,0,4,1,3,0,1,1,1,0,0,0,0,1,0,1,1,1,1,0,1,0,0,0,0,0,0,0,9,2,0,2,1,24,0,0,7,0,2,8,0,1,0,0,0,0,2,0,1,1,0,0,2,0,0,1,3,0,0,1,0,2,0,0,3,0,0,2,0,0,0,2,8,2,0,1,0,0,1,1,0,0,1,0,1,0,0,0,2,2,1,0,0,0,0,1,2,0,1,0,2,7,1,0,0,0,0,0,0,0,0,0,0,2,0,1,2,1,8,0,0,2,0,2,0,1,0,0,2,0,4,0,0,0,1,3,4,4,0,0,0,1,2,0,7,1,0,0,1,1,2,0,1,2,1,2,7,2,3,2,0,5,0,2,33,3,2,0,0,3,3,0,0,2,0,0,4,0,3,0,0,2,0,3,0,2,1,4,2,8,1,0,0,0,0,1,0,2,0,1,1,1,0,0,0,3,0,0,0,0,1
0,0,1,0,0,4,0,1,8,0,0,0,0,0,0,0,0,4,0,0,1,0,0,0,0,0,0,0,0,7,1,0,1,0,0,3,0,0,0,0,2,1,0,2,0,0,0,0,0,1,0,2,1,1,0,0,0,5,1,4,0,2,1,1,1,0,0,0,0,0,2,0,1,2,1,0,1,4,2,0,0,6,5,0,2,0,2,1,0,0,0,0,2,1,1,0,1,1,0,2,0,2,0,2,6,4,1,10,2,0,30,2,0,0,0,2,2,3,6,0,0,0,0,15,0,0,2,0,0,0,2,0,0,0,12,0,0,0,0,2,1,0,1,1,0,0,0,2,5,12,2,4,4,0,1,9,15,1,0,3,3,0,1,0,0,0,0,0,0,0,2,0,2,0,0,0,1,0,0,0,0,0,0,7,2,1,1,0,0,24,0,0,2,1,0,12,0,0,1,1,0,3,0,6,0,0,7,2,5,11,1,2,0,6,28,0,0,3,4,0,1,2,3,4,0,0,0,1,7,0,0,0,0,0,8,1,0,1,2,0,3,0,0,0,3,1,1,1,0,0,0,0,0,2,0,1
0,0,0,0,0,12,0,4,16,1,2,0,0,1,0,0,0,2,1,0,1,1,2,1,0,3,0,0,0,17,0,0,2,0,0,1,0,0,0,0,0,0,0,0,0,0,1,0,0,0,0,5,2,0,1,0,0,0,1,0,0,1,1,1,1,0,1,0,0,0,2,0,0,3,3,0,2,2,0,3,2,0,2,0,0,0,2,2,0,5,1,0,0,0,1,0,1,0,0,0,1,0,1,0,3,0,0,0,4,0,2,1,0,0,0,4,1,2,4,0,0,0,1,0,0,7,3,0,1,0,2,0,0,3,37,2,2,0,0,3,0,0,1,0,0,0,0,3,0,0,1,7,12,0,5,1,36,0,1,1,0,0,0,0,3,0,0,0,1,0,0,0,0,2,3,1,3,0,0,0,1,0,0,3,0,1,0,0,0,0,0,0,2,0,0,15,0,0,0,1,0,1,0,10,2,0,0,3,0,1,0,2,0,39,0,0,0,15,5,2,2,2,4,1,1,0,0,2,5,0,0,1,0,1,5,0,0,0,0,2,0,0,0,1,3,4,1,1,0,0,0,0,0,0,1,6
0,0,1,1,0,0,0,1,1,0,1,0,0,0,0,0,0,2,1,0,1,0,0,0,0,0,0,0,1,0,2,0,1,0,0,3,0,0,3,1,0,0,0,0,0,3,0,0,0,0,0,0,0,0,0,0,0,9,0,0,0,0,0,0,0,4,0,0,0,0,4,0,0,5,1,5,1,0,7,1,1,6,0,0,17,0,4,15,0,0,0,1,0,0,0,0,0,5,0,1,0,0,0,1,1,0,1,3,1,1,1,0,4,0,3,1,3,5,19,0,7,0,0,1,0,1,5,1,0,2,3,4,0,1,2,1,2,1,0,1,2,0,0,0,0,14,1,0,0,3,0,0,1,0,0,0,2,17,1,3,3,0,0,6,1,3,1,0,0,0,0,0,0,2,0,4,5,0,4,1,3,0,0,2,0,0,1,0,0,34,0,0,1,4,0,0,0,0,1,0,2,0,2,8,0,0,1,1,4,29,1,3,0,2,0,1,2,0,2,0,0,1,0,5,0,0,1,2,6,0,0,14,0,0,5,0,0,13,0,2,2,0,1,0,2,4,1,0,0,0,0,0,1,0,0,0
0,1,1,0,0,6,0,6,3,7,2,0,0,0,0,1,0,2,0,0,3,0,0,0,1,0,0,0,0,8,1,1,6,0,0,3,1,2,1,0,0,0,1,0,0,2,0,0,0,1,0,6,0,1,0,2,0,2,0,0,0,0,0,1,4,0,0,0,0,1,1,0,0,1,3,0,0,4,0,1,1,0,6,0,0,0,1,1,0,0,0,0,0,0,0,0,0,0,0,0,0,0,2,0,0,11,1,0,1,0,22,0,0,0,0,3,2,12,4,0,0,0,8,0,0,0,1,0,2,0,1,0,0,0,26,0,2,1,0,2,1,0,0,0,0,1,1,0,0,5,4,3,4,0,8,3,37,0,0,0,5,0,1,0,0,1,1,0,1,1,0,2,0,5,0,0,0,1,1,0,0,0,0,0,0,3,2,0,0,1,0,0,2,0,0,11,1,0,0,2,0,0,0,2,0,0,4,1,1,0,0,1,0,14,0,2,0,13,2,0,0,0,1,4,0,0,1,2,1,2,0,0,0,2,7,1,0,0,0,2,0,0,0,1,2,4,1,3,1,0,0,0,12,0,0,0
0,2,0,1,0,4,0,4,8,0,6,0,0,1,0,0,0,11,0,0,0,1,2,0,0,0,0,0,0,2,1,0,2,2,0,6,1,0,0,0,2,0,2,1,10,0,1,0,0,0,0,0,1,1,2,0,0,1,4,2,0,1,0,0,5,1,2,1,0,2,2,0,0,2,5,1,1,0,0,0,0,0,5,1,4,0,3,8,0,0,0,0,0,2,0,0,0,3,0,0,0,1,1,1,0,2,4,0,3,0,4,2,0,1,1,2,0,5,1,0,0,0,1,8,0,0,4,0,3,2,1,0,2,1,5,0,2,0,0,4,0,0,0,0,0,5,0,1,0,0,30,1,10,0,8,0,19,0,0,7,0,0,1,0,1,2,0,0,1,1,0,0,0,1,0,0,0,0,1,0,0,0,0,2,0,1,2,0,0,3,0,0,4,0,1,21,0,0,0,1,0,0,0,12,0,0,2,2,0,1,0,1,0,26,0,3,0,6,9,0,1,0,0,1,0,0,0,2,5,0,1,1,0,0,2,0,0,2,2,0,0,0,0,0,3,0,0,2,0,0,0,0,0,9,0,0
0,0,0,0,1,0,0,9,6,8,5,0,0,2,0,0,0,3,1,0,5,0,0,2,0,0,0,0,0,5,0,0,2,3,0,7,0,2,0,1,0,0,11,0,0,0,0,2,2,0,0,1,0,0,1,0,3,2,10,9,5,0,1,2,3,1,1,0,0,0,2,0,0,2,0,1,1,0,1,0,1,0,5,0,1,0,4,5,1,1,1,1,0,0,1,0,1,0,0,4,0,1,3,0,1,0,0,20,2,1,7,0,0,0,6,4,2,3,2,10,0,0,0,0,0,2,5,0,0,10,2,0,0,0,9,0,1,0,0,5,0,0,0,1,0,0,1,0,1,0,1,3,6,0,12,1,20,0,0,1,0,0,1,0,1,0,0,0,0,0,0,0,0,0,0,0,1,0,0,0,0,0,0,1,2,0,1,1,0,0,0,0,2,0,1,19,3,0,0,1,1,0,2,3,0,0,3,0,0,1,0,3,0,11,0,0,0,8,10,0,0,2,3,0,0,0,0,2,5,3,0,0,0,0,1,0,0,0,0,1,0,0,2,0,3,2,3,2,0,0,0,0,6,3,0,2
0,0,1,1,0,7,0,5,5,0,1,0,0,0,0,1,0,6,0,2,2,0,2,4,0,0,0,0,1,9,1,0,4,3,0,0,1,2,0,0,0,0,0,2,0,0,0,0,0,0,0,3,0,2,1,0,1,3,2,0,0,1,0,2,2,0,2,0,0,2,3,0,0,3,1,0,0,0,1,0,1,0,1,0,0,0,3,1,0,0,0,0,1,1,1,0,0,0,1,1,0,0,1,1,3,4,3,0,3,0,10,1,2,0,0,2,2,8,7,0,1,0,0,3,0,4,3,0,0,0,3,1,0,0,23,0,1,0,0,2,0,0,0,0,0,0,0,0,0,11,10,1,5,1,5,7,26,0,0,0,2,0,1,1,0,0,0,1,0,0,0,6,1,1,0,0,2,0,0,3,0,1,0,1,0,5,2,0,1,0,1,0,2,2,0,17,0,2,0,3,0,2,3,1,0,0,9,2,1,1,0,2,0,11,1,0,0,4,10,3,1,1,1,0,0,0,3,2,2,1,0,0,0,0,8,0,0,0,2,0,0,1,0,0,3,3,0,0,1,0,0,0,0,2,0,2
0,0,1,0,0,3,0,1,3,0,1,1,0,0,0,1,0,1,0,0,0,0,1,2,1,0,0,0,1,2,2,0,1,0,0,2,1,6,1,2,6,0,0,0,7,0,3,0,0,1,0,1,1,0,0,6,2,20,0,0,0,1,2,1,0,1,0,2,1,0,1,1,1,2,1,2,0,0,4,0,0,6,1,2,4,0,2,5,1,0,1,0,0,0,2,0,0,1,1,0,0,0,1,0,1,0,0,0,1,0,15,0,3,0,0,1,8,0,9,0,0,0,0,2,0,0,2,1,13,0,1,0,0,2,1,0,10,0,9,0,0,0,0,0,0,5,2,3,0,0,3,1,2,1,0,1,0,2,1,1,0,0,0,0,2,0,6,1,6,1,1,2,0,1,4,2,3,0,0,0,1,0,4,1,0,0,6,0,0,39,5,0,1,1,18,0,0,0,11,1,2,0,0,0,1,0,4,1,1,0,0,1,0,1,2,1,0,0,2,5,0,0,0,1,0,0,0,1,5,1,0,0,0,0,0,0,0,0,0,1,0,1,1,0,1,0,1,0,1,0,1,0,0,0,0,2
0,0,1,0,0,0,0,0,1,0,1,0,2,0,0,1,0,1,0,0,1,0,1,1,0,0,0,0,2,1,1,0,1,0,0,12,3,6,1,0,2,0,1,0,0,0,0,0,0,0,0,0,1,0,0,2,2,4,0,0,0,0,4,0,0,7,0,0,2,0,7,1,0,2,1,0,1,1,5,6,2,1,2,1,2,0,10,0,0,2,0,0,0,0,0,2,1,0,0,0,2,0,1,0,0,0,1,0,1,1,7,0,8,1,2,1,0,2,0,1,1,0,0,0,1,0,2,1,0,5,2,0,0,12,1,1,1,0,0,1,0,0,0,1,1,2,1,1,5,3,1,0,1,0,1,0,2,1,1,0,0,1,0,0,6,1,1,4,0,0,0,0,0,1,0,1,14,3,0,1,2,0,3,0,0,0,0,2,0,25,0,1,1,0,0,2,0,0,1,0,1,0,4,3,1,7,9,0,5,8,0,1,0,1,35,1,0,0,2,2,0,0,1,1,1,0,2,1,3,0,0,0,0,0,24,0,1,0,1,4,0,1,0,3,1,2,1,0,2,1,3,2,0,1,0,0
0,0,2,0,0,9,0,0,2,0,2,1,0,1,0,0,3,2,0,0,0,0,2,6,0,1,0,0,1,0,5,2,1,0,0,1,0,12,2,7,0,0,1,0,0,1,0,0,1,2,0,0,1,0,0,3,1,17,0,0,1,1,2,0,0,3,0,0,9,0,1,6,0,0,2,1,0,0,8,1,5,14,2,0,9,0,1,0,2,1,0,0,0,0,0,5,3,1,0,0,0,0,1,0,1,1,1,2,2,1,2,1,3,0,0,1,0,1,7,6,1,2,0,2,3,0,3,1,1,0,0,0,0,1,2,0,2,0,0,0,0,1,0,0,0,0,4,0,0,0,1,1,0,1,0,0,2,0,0,0,0,1,1,1,4,2,3,0,2,0,1,0,0,2,4,0,6,1,0,1,4,0,0,2,0,1,15,2,0,44,0,1,0,1,1,1,0,0,1,3,14,1,1,2,0,1,1,0,3,3,0,0,0,1,29,2,0,1,2,0,0,2,2,2,0,0,0,0,0,1,0,0,0,0,3,0,0,0,3,0,1,0,0,0,0,0,1,0,0,0,0,0,0,0,0,2
0,0,1,0,0,1,0,0,1,0,1,0,0,0,0,0,0,1,0,0,0,0,1,0,0,1,0,0,1,1,1,0,1,0,0,5,4,2,1,1,1,0,0,0,3,0,0,0,1,1,0,0,0,0,1,6,0,0,0,0,0,0,0,6,3,0,0,1,0,1,2,0,0,2,1,0,0,2,6,2,1,0,0,0,12,0,6,0,1,0,0,0,2,0,0,1,0,2,0,0,1,0,1,0,0,0,3,2,1,2,6,0,3,0,1,1,0,2,1,6,0,1,0,0,0,0,1,1,2,0,1,1,0,23,1,0,3,0,1,1,2,0,2,0,0,1,2,0,0,0,0,0,1,0,1,3,1,1,1,0,3,0,0,1,2,1,1,0,0,0,1,0,0,1,0,0,1,4,0,1,5,1,4,2,0,0,9,1,0,29,1,0,1,0,2,3,0,0,0,0,3,2,0,6,0,0,7,0,6,7,0,4,0,1,35,7,0,0,2,0,0,2,1,1,0,0,0,1,6,1,0,0,1,0,3,0,0,0,8,2,0,0,0,0,1,2,1,0,1,0,1,1,0,0,0,20
1,3,1,0,0,6,0,9,8,0,1,4,0,0,0,1,0,12,1,0,2,2,0,12,0,0,0,0,0,11,2,0,2,0,0,2,1,0,0,0,1,4,3,1,0,0,3,0,1,0,0,0,0,2,1,3,0,3,3,3,0,0,1,0,1,3,1,1,0,2,2,0,0,5,4,0,1,0,5,1,5,0,6,1,5,0,2,7,0,2,0,1,0,1,0,0,2,1,0,0,0,2,5,3,0,0,2,0,2,11,4,2,0,0,2,3,1,2,2,2,0,0,0,3,0,0,4,0,0,0,2,0,0,0,1,0,3,0,1,5,1,0,0,0,0,0,0,0,0,0,1,5,3,0,6,0,4,0,0,0,0,0,4,0,1,1,0,1,2,1,0,1,0,1,0,1,0,0,0,1,0,0,1,0,1,0,2,0,1,1,0,0,2,0,0,18,0,0,0,1,0,0,1,3,0,0,1,6,0,0,0,2,0,16,1,1,0,2,4,2,2,10,11,0,0,6,0,9,7,0,0,0,2,1,7,0,0,1,0,0,0,0,0,0,6,1,4,1,0,0,0,0,0,0,0,1
0,4,1,0,0,5,0,7,11,0,5,0,0,0,0,4,1,8,0,0,2,1,1,1,0,1,0,0,1,20,2,0,8,0,0,0,0,0,1,2,2,0,11,1,4,0,0,0,0,0,0,2,3,0,1,4,0,2,0,1,1,4,0,0,0,0,0,0,0,0,2,0,0,1,11,2,0,0,3,3,0,0,3,0,0,0,1,4,0,0,0,0,0,0,1,0,1,0,0,0,0,1,0,1,1,0,0,0,1,0,8,0,0,0,0,1,0,4,4,2,0,0,0,0,0,1,1,2,1,0,2,0,0,1,18,0,2,0,0,1,0,0,0,1,0,1,1,6,0,0,4,2,1,0,12,1,6,0,0,0,0,0,1,0,0,0,2,0,0,0,1,7,1,4,0,0,2,0,0,0,0,0,4,6,5,0,2,0,0,4,2,0,1,0,0,19,0,2,1,2,0,1,0,5,0,0,2,1,1,0,0,1,0,8,10,1,0,5,19,0,4,19,2,1,2,0,0,2,0,0,0,0,0,0,3,0,0,1,1,0,0,0,0,0,2,0,5,7,0,0,0,0,0,4,0,2
0,1,2,0,0,0,0,0,2,0,3,1,2,0,0,1,0,2,1,0,1,4,0,0,0,2,0,0,2,0,1,0,1,0,0,7,2,2,2,0,0,3,2,0,0,1,0,1,0,7,0,0,4,0,0,0,0,1,0,0,0,1,0,0,0,0,0,0,0,1,3,0,1,8,2,3,0,2,17,3,1,0,1,0,11,1,5,7,0,0,0,0,0,0,0,0,0,1,0,0,0,0,0,0,0,1,6,6,0,2,2,0,0,0,1,0,0,2,1,2,1,0,0,1,0,0,0,1,25,2,1,10,0,0,3,0,0,0,0,0,1,0,0,0,0,5,4,0,1,1,0,0,0,0,4,0,1,1,0,3,3,0,0,1,1,0,2,0,0,0,0,0,1,2,4,0,4,0,1,1,2,0,1,1,0,0,0,1,0,21,2,0,1,0,0,0,11,1,0,2,0,0,0,7,0,1,7,2,3,3,0,4,0,0,0,4,3,0,2,0,2,0,0,2,1,0,3,0,6,9,0,0,0,1,26,2,0,6,0,0,0,0,0,3,0,2,2,0,0,1,1,0,0,2,0,2
0,0,2,0,1,0,0,0,2,0,2,1,0,1,0,0,1,2,2,0,0,2,2,1,0,1,0,0,1,0,3,0,2,0,0,6,1,1,2,16,0,1,0,0,2,7,0,0,0,0,0,0,2,0,0,11,0,12,1,0,6,1,0,14,2,1,0,0,4,0,2,0,2,7,2,0,1,1,8,0,4,4,2,0,3,0,4,1,1,0,0,0,0,0,1,0,4,6,0,2,0,0,1,0,0,0,7,11,1,2,0,0,1,0,0,1,2,0,28,0,11,1,0,0,0,0,0,2,0,0,0,0,0,0,2,0,0,0,0,0,0,0,0,0,0,0,2,0,0,0,0,0,0,0,1,0,1,0,0,0,2,2,1,3,2,0,2,0,10,0,0,0,0,2,0,0,2,1,0,1,0,0,1,2,2,1,14,1,0,28,4,0,0,1,3,0,0,0,2,0,1,0,0,3,0,0,4,0,4,1,0,7,0,0,0,3,0,0,2,0,0,5,0,2,0,0,1,1,0,1,1,0,0,1,0,0,0,1,0,1,1,0,0,0,0,0,1,0,0,0,0,0,0,3,0,0
0,0,2,0,0,0,1,0,1,0,1,0,0,0,0,0,0,1,0,0,0,1,0,2,0,0,0,0,1,1,3,1,1,1,0,7,1,1,1,3,4,0,2,0,0,0,1,0,0,3,1,0,1,0,1,11,0,0,0,1,1,4,1,0,1,3,0,2,0,0,5,1,0,5,1,1,0,2,6,0,1,3,2,0,11,1,5,2,0,1,0,0,0,0,0,0,0,3,0,0,0,0,0,1,0,0,0,1,1,1,15,2,3,0,0,1,0,6,8,2,0,1,0,0,0,0,2,1,0,2,1,4,0,0,1,0,0,1,0,1,1,1,0,3,0,2,1,1,0,1,0,0,2,0,1,0,0,3,0,0,1,0,0,0,1,0,4,1,6,0,0,0,0,1,1,1,3,2,1,1,4,0,1,1,3,0,2,0,0,38,3,0,1,0,0,0,0,0,3,3,0,0,0,7,1,0,9,1,2,6,0,2,0,0,38,3,0,1,3,0,0,1,2,1,1,0,2,1,3,0,0,0,0,1,10,1,1,2,0,0,0,1,0,0,1,2,1,1,2,2,1,1,0,1,0,2
0,0,1,0,0,8,1,0,4,0,2,0,0,0,0,1,0,1,0,0,1,0,0,0,0,6,0,0,0,2,1,0,1,0,0,1,1,3,1,0,1,0,0,0,1,0,1,0,5,6,0,1,2,2,0,4,0,0,3,9,0,1,3,0,2,2,0,0,0,0,1,0,1,3,1,0,0,0,3,0,2,0,1,1,12,2,2,3,0,1,0,0,0,0,0,0,1,1,1,0,2,0,4,0,1,0,5,4,3,1,9,0,5,1,6,2,3,3,4,0,1,0,0,2,1,0,3,0,22,1,2,6,0,0,4,0,3,1,1,2,0,0,0,7,0,6,4,0,0,0,0,0,4,0,2,0,6,0,0,2,0,0,0,0,2,0,2,0,0,2,0,0,0,1,0,0,1,0,0,0,4,0,2,1,0,1,0,0,0,20,1,2,2,0,1,1,1,1,0,2,0,1,0,3,0,0,4,2,1,3,0,2,0,6,0,1,0,7,3,1,0,1,4,0,0,0,0,1,2,2,0,0,0,1,0,1,0,0,0,0,0,0,5,2,1,2,3,3,0,0,0,0,1,1,0,2
0,4,2,2,0,4,0,4,7,0,2,1,0,10,0,0,0,4,0,0,1,0,0,0,0,1,0,0,0,4,2,0,2,0,0,1,2,2,2,0,0,0,1,1,0,0,1,0,0,2,0,0,1,3,0,2,0,0,2,2,0,0,1,2,4,0,0,0,0,0,1,0,0,5,2,0,1,0,3,1,2,0,2,0,0,0,1,0,0,4,0,0,2,0,1,2,0,2,0,0,0,3,2,0,0,0,0,0,2,0,3,0,0,0,0,2,0,4,2,2,0,0,0,0,0,6,1,0,0,0,3,1,0,4,12,0,1,0,0,3,1,1,0,0,0,1,1,3,0,0,35,6,8,0,11,1,29,0,4,1,2,0,1,0,0,1,1,0,0,2,1,1,1,1,0,0,2,0,0,2,0,0,0,0,9,1,3,0,2,1,1,0,1,0,0,7,0,0,0,1,0,0,0,6,0,0,1,1,1,0,0,2,0,18,5,1,0,5,2,1,2,14,0,1,3,0,0,2,0,0,0,1,1,0,8,0,0,0,0,0,0,1,0,0,2,0,2,0,0,0,0,2,0,0,0,0
0,0,1,0,0,0,0,1,0,0,0,0,0,0,0,0,0,0,0,0,0,0,0,0,0,0,0,0,0,0,0,0,2,0,0,0,0,0,0,1,0,0,0,0,0,0,0,0,0,0,0,0,0,0,0,0,0,0,0,0,0,0,0,0,0,0,0,0,0,0,2,0,0,2,0,0,0,0,0,0,0,0,0,0,0,0,3,0,0,2,0,0,0,0,1,0,0,0,0,0,1,0,1,0,1,0,0,0,2,0,0,0,0,0,2,2,0,0,0,0,0,0,0,0,0,0,3,0,0,1,2,0,0,0,0,0,0,0,0,2,0,0,0,0,0,0,1,1,0,0,0,0,2,0,0,0,0,0,0,0,0,0,0,0,0,0,0,1,0,0,0,2,1,0,0,1,0,0,0,0,0,0,0,0,0,0,0,0,1,0,0,0,2,0,0,0,0,0,0,0,0,0,2,3,0,0,0,0,0,0,1,2,0,3,0,0,0,0,2,0,0,0,0,0,0,0,0,2,0,0,0,0,0,0,0,1,0,0,0,0,0,0,0,0,2,0,0,1,0,0,0,0,0,0,1,0
0,0,0,0,0,0,0,0,1,0,1,0,0,0,0,2,0,0,0,1,0,1,0,0,0,0,0,1,0,0,0,0,2,0,1,1,0,0,0,0,0,0,0,0,0,0,0,0,0,0,0,0,0,0,0,0,0,0,0,0,0,0,0,0,0,0,0,0,0,0,2,1,0,2,0,0,0,0,0,0,0,0,0,0,0,1,3,0,0,0,0,0,0,0,0,0,0,0,0,0,0,0,0,0,0,0,0,0,2,0,1,1,0,0,0,1,0,0,0,0,1,0,0,0,0,0,2,0,0,0,2,0,1,0,1,0,0,0,0,2,0,0,0,0,0,0,0,0,0,0,0,1,2,0,0,0,0,0,0,1,0,0,0,0,0,0,0,0,0,0,1,0,0,0,0,0,0,0,0,0,0,0,0,1,0,0,0,0,0,0,0,0,2,0,0,1,0,0,0,0,0,0,1,0,0,0,0,0,0,0,0,2,0,2,0,0,0,1,2,0,0,1,0,0,0,0,0,2,0,0,0,0,0,0,0,0,0,0,0,0,0,0,0,0,2,0,0,0,0,0,0,0,0,0,0,0
0,0,1,0,0,1,0,0,1,0,1,1,0,0,0,0,0,1,0,0,0,1,0,1,0,0,0,0,0,0,1,0,3,0,1,1,0,0,1,0,0,0,0,0,0,0,0,0,0,0,0,0,0,0,0,0,0,0,0,0,0,0,0,0,0,0,0,0,0,0,1,0,0,1,1,0,0,0,0,0,0,0,0,0,0,0,1,0,0,0,0,0,0,0,0,0,0,0,0,0,0,0,0,0,0,0,0,0,1,0,0,0,0,0,0,1,0,0,0,0,0,0,0,0,0,0,1,0,0,0,1,2,0,0,2,0,0,0,0,1,1,0,0,0,0,0,1,0,0,2,0,0,1,0,0,0,1,0,0,1,0,0,1,0,0,0,1,0,0,0,0,0,0,1,0,0,1,0,0,0,0,0,0,0,0,0,0,0,0,2,0,0,1,0,0,0,0,0,0,0,0,0,0,0,0,0,0,0,1,0,0,1,0,0,0,1,0,0,2,0,0,1,0,1,0,0,0,2,1,0,0,0,0,0,0,1,0,0,0,0,0,0,0,0,1,0,0,0,0,0,0,0,0,0,0,2
0,1,0,0,0,0,0,1,0,0,2,0,1,1,0,1,1,0,0,0,0,0,0,0,0,0,0,0,1,0,0,0,1,0,0,2,0,0,0,0,0,0,0,0,0,0,0,0,0,2,0,0,0,0,0,3,0,0,0,0,0,0,0,1,0,0,0,0,0,0,1,0,1,1,0,0,0,0,0,0,0,0,0,0,0,1,1,0,1,0,0,0,0,0,0,0,0,0,0,0,0,0,0,2,0,0,0,1,1,0,0,0,0,0,0,1,0,0,0,0,0,0,0,0,0,0,1,0,0,2,1,1,0,0,0,0,2,1,0,2,2,1,0,0,0,0,0,0,1,0,1,0,1,1,0,0,2,0,0,0,0,0,0,0,0,1,0,1,0,0,1,0,0,0,0,0,0,0,0,0,1,0,0,1,0,0,0,0,0,0,0,0,1,0,1,0,0,0,1,0,0,0,0,0,0,0,0,0,0,0,0,1,1,0,0,0,1,0,2,0,0,1,0,0,0,0,0,1,0,0,0,0,0,0,0,0,0,0,0,0,0,0,0,0,1,0,0,0,0,0,0,0,0,0,0,0
0,0,1,0,0,0,0,1,2,0,0,0,0,0,0,0,0,0,0,0,1,0,0,0,0,0,0,0,0,1,0,0,1,0,0,1,0,0,1,0,0,0,0,0,0,0,0,0,0,0,0,0,0,0,0,1,0,1,1,2,0,0,0,0,0,0,0,0,0,0,2,0,0,1,1,0,0,0,0,0,0,0,0,0,0,1,2,2,0,0,0,0,0,0,0,0,0,0,0,0,0,0,0,0,0,0,0,0,2,0,3,0,0,1,0,1,0,1,0,0,0,0,0,0,0,0,2,0,0,1,2,0,0,1,0,0,0,0,0,2,0,0,0,0,0,0,0,0,0,0,0,0,1,0,0,0,2,0,0,0,0,0,0,0,0,0,1,0,0,0,0,0,0,1,0,0,0,0,0,0,1,0,1,0,0,0,0,0,0,2,0,0,2,0,0,1,0,0,1,0,0,1,0,0,0,0,0,1,0,0,0,1,0,1,0,1,0,0,2,0,0,0,0,0,0,0,0,1,1,0,0,0,0,0,0,0,0,0,1,0,0,0,0,0,1,1,0,0,0,0,0,0,0,0,0,0
0,0,0,0,0,0,0,0,0,0,0,1,3,0,1,0,0,0,0,2,0,1,0,3,0,1,0,0,0,0,0,0,1,0,2,1,0,0,0,0,0,0,0,1,0,0,0,0,1,0,0,0,0,0,0,0,0,0,0,0,0,0,1,0,1,0,0,1,0,0,2,0,2,1,0,0,0,0,0,1,0,0,0,1,0,0,1,0,1,3,0,0,0,0,0,0,0,0,0,0,0,0,0,1,0,0,1,0,1,0,0,0,0,0,0,1,0,0,1,0,0,0,0,1,0,0,2,0,2,0,1,0,0,0,0,0,1,0,0,1,0,0,0,1,0,1,0,0,0,0,0,0,1,0,1,0,1,0,0,0,0,1,0,0,0,0,0,0,0,1,0,1,0,0,0,0,0,0,0,0,1,0,1,0,1,0,0,0,0,0,0,1,1,0,0,0,0,0,1,0,0,0,2,1,0,0,0,1,0,0,0,1,0,0,0,0,0,1,1,0,0,0,0,0,1,1,0,1,0,0,1,0,1,0,0,0,0,0,0,0,0,1,0,0,3,1,0,0,0,0,0,0,0,1,1,1
0,0,1,0,0,0,0,0,4,0,1,0,1,0,0,0,0,1,0,0,0,2,0,0,0,0,0,0,0,1,0,0,1,0,0,0,0,0,1,2,0,0,0,0,0,0,2,0,0,0,0,2,0,0,0,2,0,0,0,0,0,0,0,0,0,0,0,0,0,0,1,1,0,1,1,0,0,1,0,0,0,0,1,0,0,1,1,0,0,0,0,0,0,0,0,0,0,0,0,0,0,0,0,0,0,0,0,0,1,0,1,0,0,0,0,1,0,1,0,0,0,0,0,0,0,0,2,0,0,1,1,0,0,2,4,0,0,0,0,1,0,0,0,0,0,0,0,0,3,0,0,0,1,0,0,1,4,0,0,0,0,0,0,0,0,0,2,0,0,0,0,1,0,1,0,0,0,0,0,0,0,0,2,1,0,0,0,0,0,2,2,0,1,0,0,0,0,0,0,0,0,0,0,2,0,0,0,0,1,0,0,1,0,4,0,1,0,4,2,2,0,0,0,1,0,0,0,1,0,0,0,0,0,0,0,0,0,0,0,0,0,0,0,0,1,0,0,0,0,0,0,0,0,0,0,3
0,0,1,0,0,0,0,0,1,0,1,0,1,0,0,0,0,1,0,0,0,0,0,0,0,0,0,0,0,2,0,0,1,0,0,1,0,1,1,0,0,0,0,1,0,0,0,0,0,0,0,0,0,0,0,0,0,1,0,0,0,0,0,0,0,0,0,0,0,0,1,0,0,1,1,1,1,0,1,0,0,0,0,0,0,0,1,0,0,0,0,0,0,1,1,0,0,0,0,0,0,0,0,0,0,0,0,0,1,0,0,0,0,0,0,1,0,1,0,0,0,0,0,0,0,0,1,1,0,0,1,0,0,0,3,0,0,0,0,1,0,0,2,0,0,0,1,0,0,0,0,0,1,0,0,0,0,0,0,0,0,0,0,0,0,0,1,0,0,0,0,0,0,1,0,0,0,0,1,0,0,0,0,1,0,0,0,1,0,2,0,0,1,0,0,2,0,1,0,0,0,0,1,2,0,0,0,0,1,1,0,1,0,3,0,1,0,0,2,0,1,2,0,1,0,0,1,1,0,0,0,0,0,0,2,0,0,0,1,0,0,0,0,0,1,1,0,0,1,0,0,1,0,0,0,0
0,0,1,0,0,0,0,0,1,0,1,0,0,0,0,0,0,1,0,0,0,0,0,0,0,0,0,0,1,0,1,0,1,0,0,0,0,0,1,0,0,0,1,0,0,0,0,0,0,0,0,0,0,0,0,0,0,0,0,0,0,0,0,0,0,0,0,0,0,0,1,0,0,1,1,0,1,1,1,0,0,0,0,0,1,0,1,0,0,0,0,0,0,0,0,0,0,0,0,0,0,0,0,0,0,0,0,0,1,0,1,1,0,0,0,1,0,1,0,0,1,0,0,0,0,0,1,0,0,1,1,0,0,2,1,0,0,0,3,1,1,0,0,0,0,1,1,0,0,0,0,0,1,0,0,1,1,0,0,0,0,0,0,0,0,0,2,0,2,0,0,0,0,1,1,0,0,0,0,0,2,0,0,0,0,0,0,0,0,0,0,0,1,0,0,0,0,0,1,0,0,0,0,0,0,0,0,0,1,0,0,1,0,2,0,1,1,0,2,0,0,0,0,1,1,0,0,1,0,0,1,0,0,0,0,1,0,0,0,0,0,0,0,0,1,0,0,1,0,0,0,0,0,0,0,0
0,0,3,0,0,0,0,0,2,0,2,0,0,0,0,0,0,1,0,0,0,0,0,0,0,0,0,0,0,0,0,0,0,0,1,1,0,1,3,0,0,0,0,0,0,2,0,0,1,0,2,0,0,0,0,0,0,0,0,0,0,0,0,0,1,0,1,0,0,1,0,0,0,0,2,0,0,0,1,0,0,0,1,0,0,0,1,0,0,0,0,0,1,0,0,2,1,0,0,0,0,0,0,0,3,0,1,1,1,0,1,0,0,1,0,1,0,2,2,0,0,0,0,0,0,0,1,0,0,0,0,0,0,0,1,0,0,0,0,1,0,0,0,0,0,0,1,0,0,1,0,0,0,0,0,0,0,0,0,0,1,0,0,0,0,0,2,0,0,2,1,0,0,2,0,0,0,0,1,0,0,0,0,1,0,0,0,0,0,2,1,0,1,0,0,0,0,0,0,1,0,0,0,0,0,0,0,0,2,1,1,0,0,0,1,2,0,0,2,0,0,0,0,2,0,0,0,0,0,0,0,0,0,2,2,0,0,0,0,0,1,0,0,0,0,0,0,0,0,0,0,0,0,0,0,0
0,0,0,0,0,0,0,0,0,0,0,0,1,0,0,0,0,0,0,0,0,0,0,0,0,0,0,0,0,1,0,0,2,0,1,2,0,0,0,0,0,0,0,1,0,0,0,0,0,0,0,0,0,0,0,0,0,0,1,0,0,0,0,0,0,0,0,0,0,0,2,0,0,2,0,0,0,0,0,0,1,0,1,0,1,2,2,0,0,0,0,0,0,0,0,0,1,0,0,0,0,0,1,1,0,0,0,0,2,0,0,0,0,1,0,2,0,0,0,0,0,0,0,0,0,0,2,0,0,0,2,0,0,1,1,0,0,0,0,3,0,0,0,0,1,0,0,0,0,0,0,0,2,0,0,0,1,0,0,0,0,0,0,0,0,0,0,0,0,1,0,0,0,0,0,0,0,0,0,0,0,0,0,0,0,0,0,0,0,0,0,0,2,0,0,0,0,0,0,0,0,0,1,0,0,0,0,0,0,0,0,2,0,0,0,0,0,1,2,0,0,0,0,0,0,0,1,2,1,0,0,0,0,0,0,0,0,0,0,0,0,0,0,0,2,0,0,0,0,0,0,0,0,0,0,0
0,0,0,0,0,0,0,0,0,0,1,1,0,0,0,0,0,0,0,0,0,0,0,1,0,0,0,0,0,0,2,0,2,0,0,1,0,0,0,0,0,0,1,0,0,0,0,0,0,0,0,0,0,0,0,0,0,0,0,2,0,0,0,0,0,0,0,0,0,0,2,1,0,2,0,0,0,1,0,0,0,0,0,0,0,1,3,0,0,1,0,0,0,0,0,0,1,0,0,1,0,0,0,1,0,0,0,0,2,0,2,0,0,0,1,2,3,0,1,0,0,0,1,1,0,0,2,0,0,1,2,0,0,0,3,0,2,0,0,3,0,0,0,0,0,0,0,0,0,2,0,0,2,1,0,0,3,0,0,2,0,0,0,0,0,0,0,0,0,0,0,0,0,0,0,0,0,0,0,0,0,0,0,0,0,0,0,0,0,0,0,0,2,0,0,0,0,0,0,1,1,0,0,0,0,0,0,0,0,0,0,2,0,4,0,0,0,1,2,0,0,2,0,0,0,2,0,2,0,0,0,0,1,0,0,1,0,0,1,0,0,0,0,0,2,1,0,0,0,0,0,0,0,0,0,2
0,0,1,0,0,0,0,0,2,0,1,0,1,0,1,1,0,0,0,1,0,1,0,0,0,0,1,0,0,0,0,0,0,0,0,1,0,0,1,0,1,0,0,0,0,0,0,0,0,0,0,0,1,1,0,1,0,0,0,0,1,0,0,1,0,0,0,0,0,0,0,0,0,0,1,1,1,0,0,0,0,1,2,0,0,0,0,0,0,0,0,0,0,0,0,1,0,0,1,0,0,0,0,0,0,0,0,0,1,0,0,2,0,0,0,1,0,1,0,0,0,0,0,0,0,1,3,0,0,0,1,0,0,1,0,0,1,1,0,2,0,0,0,1,0,0,1,0,0,0,1,0,0,0,0,1,1,0,0,1,0,0,0,0,0,0,1,0,0,1,0,1,0,1,0,1,0,0,0,0,0,0,0,1,0,1,0,0,0,0,0,0,1,0,0,0,0,0,0,0,0,1,0,0,0,0,0,1,0,0,0,0,0,0,0,1,1,0,1,1,1,1,0,1,0,0,0,1,0,0,0,0,0,0,2,0,0,0,3,0,0,1,0,0,0,0,0,0,0,0,0,0,0,0,1,0
0,0,0,0,0,0,0,0,2,0,0,0,0,0,0,0,0,0,0,0,1,0,0,0,1,0,0,0,0,1,0,0,3,0,0,1,0,0,0,0,0,0,0,0,0,0,0,1,0,0,0,0,0,0,0,1,2,0,0,0,0,0,0,0,0,0,0,0,0,0,2,0,0,2,1,0,0,0,0,3,0,0,4,0,0,2,2,0,0,1,0,0,0,0,0,0,0,0,0,0,0,0,0,0,0,0,0,0,2,0,0,0,0,0,1,1,0,0,0,0,0,0,0,0,0,0,2,0,0,1,2,0,0,0,2,1,0,0,0,2,0,0,0,0,0,0,0,0,0,2,0,2,2,0,1,0,0,0,0,1,0,0,0,0,0,0,0,0,0,0,0,0,0,0,0,0,0,0,0,0,0,0,0,0,0,0,0,0,0,0,0,0,2,0,0,1,0,0,0,0,0,0,0,0,0,0,0,1,0,0,0,2,0,3,0,0,0,1,2,0,0,1,0,0,0,0,0,2,3,0,0,0,0,0,0,0,0,0,0,0,0,0,0,0,2,0,0,0,0,0,0,0,0,0,0,0
0,0,2,0,0,0,0,1,1,0,1,0,1,0,0,0,0,2,1,0,0,0,0,0,0,0,0,0,0,0,0,0,2,0,0,0,0,0,1,0,0,0,1,0,0,0,0,0,0,0,0,0,0,0,0,0,0,0,1,0,0,0,0,1,0,0,0,0,0,0,1,0,0,1,2,1,0,0,1,0,0,0,1,0,0,1,2,1,0,0,1,0,0,0,0,0,0,0,0,0,0,0,0,0,0,0,0,0,1,0,0,1,0,0,1,1,0,0,0,0,0,0,0,0,0,1,1,0,0,1,1,0,0,1,1,0,0,0,0,1,0,1,0,0,0,0,1,0,0,0,0,0,0,0,0,0,0,1,0,1,0,0,0,0,0,0,1,0,0,0,0,0,0,1,0,0,0,0,0,0,0,0,0,0,0,0,0,0,0,0,0,0,1,0,0,1,0,0,0,0,0,0,0,1,0,0,0,0,1,0,0,1,0,1,0,1,0,0,2,0,0,1,0,2,0,0,0,2,0,0,0,0,0,0,0,0,0,0,1,1,0,0,0,0,1,0,0,0,0,0,0,0,2,0,0,1
0,0,1,0,0,0,0,0,1,0,1,0,0,0,0,0,0,0,0,0,0,0,0,0,0,0,0,0,0,0,0,0,1,0,0,0,0,0,1,0,0,0,0,1,0,0,0,1,0,0,0,1,0,0,1,1,1,0,1,0,0,1,0,0,0,0,0,0,0,0,1,0,0,1,3,0,0,0,0,0,0,0,1,0,0,0,1,0,0,0,0,0,0,0,0,0,0,0,0,0,0,0,0,0,0,0,0,0,2,0,0,1,0,0,1,2,1,1,0,1,0,1,0,0,0,0,2,0,0,2,1,0,0,0,0,0,0,0,0,2,1,0,0,0,0,0,0,0,0,0,0,0,2,0,0,0,0,0,0,0,0,0,0,0,0,0,1,0,0,0,2,0,0,1,0,1,0,0,0,0,0,0,0,0,0,0,0,0,0,1,0,0,2,0,0,2,0,0,1,0,0,0,0,0,0,0,1,0,0,0,0,1,0,2,0,1,0,0,3,1,0,0,1,1,0,1,0,4,0,0,0,0,0,0,0,0,0,0,0,0,0,0,0,0,1,0,1,2,1,0,0,0,0,0,0,0
0,0,0,0,0,0,0,0,0,0,0,0,0,0,0,0,0,0,0,0,0,0,0,0,0,0,0,0,0,0,0,0,2,0,0,3,0,0,0,0,0,0,0,0,0,0,0,0,1,0,0,0,0,0,0,0,0,0,1,0,0,0,0,0,0,0,0,0,0,0,2,0,0,2,0,0,1,0,0,0,0,0,0,0,0,0,2,0,0,0,0,0,0,0,2,0,0,0,0,0,0,0,2,0,0,0,0,0,2,0,0,0,0,0,0,2,1,0,0,0,0,0,0,0,0,0,2,0,0,0,2,0,0,0,0,0,0,0,0,4,0,0,0,0,1,0,0,0,0,0,0,0,2,0,0,0,2,0,0,0,0,0,0,0,0,0,0,0,0,0,0,0,0,0,0,0,0,0,0,0,0,0,0,0,0,0,0,0,0,0,0,0,2,0,0,1,0,0,0,0,1,0,0,0,0,0,0,0,0,0,0,2,0,2,0,0,0,1,2,0,0,0,2,0,0,0,0,2,0,0,0,0,0,0,0,0,0,0,1,0,0,0,0,0,2,1,0,0,0,0,0,1,0,0,0,0
0,0,0,0,0,0,0,0,0,0,0,0,0,0,0,2,0,0,0,0,0,1,0,0,0,0,0,1,0,2,0,0,2,0,1,0,0,0,0,0,0,0,0,1,0,0,0,0,0,1,0,0,0,0,0,0,0,0,2,0,0,0,0,0,0,0,0,1,0,0,2,0,0,2,0,0,0,0,0,0,0,0,0,0,1,1,2,1,0,3,0,0,0,1,0,0,0,0,0,0,0,0,0,0,1,0,0,0,2,0,2,1,0,0,0,1,0,2,0,0,0,1,0,0,0,1,1,0,0,0,2,0,0,0,0,0,0,0,0,3,0,0,0,0,0,0,0,0,0,0,0,0,2,0,0,0,1,0,0,1,0,0,0,0,0,0,0,0,0,1,0,0,0,0,0,0,0,0,0,0,0,0,0,0,0,0,0,0,0,0,0,0,2,0,0,3,0,0,0,0,0,0,0,1,0,0,0,0,0,0,0,2,0,4,0,0,1,2,2,0,0,2,0,0,0,0,0,2,0,0,0,0,0,0,0,0,0,0,0,0,0,0,0,0,2,0,0,0,0,0,0,0,0,0,0,0
0,0,2,0,0,0,0,0,2,0,2,0,0,0,0,0,0,2,0,0,0,0,0,0,0,0,1,0,0,0,1,0,1,0,0,1,0,0,2,0,0,0,1,0,0,0,0,0,0,0,0,0,0,0,0,1,0,1,0,0,0,0,0,0,0,0,0,0,0,0,0,0,0,0,2,0,0,0,0,0,0,1,0,0,0,0,0,0,0,1,0,0,0,0,0,0,0,0,0,0,0,0,0,0,1,0,0,0,0,0,0,0,0,0,1,0,0,1,1,0,0,0,0,0,0,0,0,0,1,2,0,2,0,2,2,0,0,0,0,0,0,0,0,0,0,0,2,0,0,0,0,0,0,0,0,0,0,0,0,0,0,0,1,0,0,0,3,0,0,0,0,0,0,2,0,0,0,0,0,0,1,0,1,1,0,0,0,0,0,2,0,0,0,0,0,0,0,0,0,0,0,0,0,0,0,0,0,0,2,0,0,0,0,0,0,2,0,0,2,0,0,0,0,2,0,0,0,0,0,0,0,0,0,0,0,0,0,0,0,0,0,0,0,0,0,0,0,0,0,0,0,0,0,0,0,1
0,0,0,0,0,0,0,1,0,0,0,0,2,0,0,0,0,0,0,0,0,0,0,0,0,0,1,0,0,1,0,0,2,0,0,0,0,0,0,0,0,0,0,0,0,0,0,0,0,1,0,0,0,0,0,0,0,1,0,0,0,0,0,0,0,0,0,0,0,0,2,0,1,2,0,0,0,0,0,0,0,0,0,0,0,0,3,0,0,0,0,0,0,0,0,1,0,0,0,0,2,0,1,0,1,0,0,0,2,0,0,0,0,0,0,1,0,0,0,2,0,0,0,1,0,0,2,0,0,2,2,0,0,0,0,0,0,0,0,1,2,0,0,0,0,0,2,1,0,0,0,0,2,0,0,0,1,0,0,0,0,0,0,1,0,0,0,1,0,0,0,0,0,0,0,1,0,0,0,0,0,0,0,0,0,0,0,0,0,0,0,0,2,0,0,0,0,0,0,0,0,0,1,2,0,0,0,0,0,0,0,2,0,2,0,0,0,0,2,0,0,0,0,0,0,0,0,2,1,0,0,0,0,1,0,0,0,0,0,0,0,0,0,0,2,0,0,0,0,0,0,0,1,0,0,0
0,0,0,0,0,0,0,0,0,0,0,1,0,0,0,0,0,0,0,0,0,0,0,0,0,0,0,0,0,0,0,0,2,0,0,0,0,0,0,0,0,0,0,0,0,0,0,0,0,0,0,0,0,0,0,0,0,0,0,0,0,0,0,0,0,0,0,0,0,0,2,0,0,2,0,0,0,1,1,0,1,0,1,0,0,1,2,0,0,0,0,0,0,0,0,0,0,0,0,0,1,0,1,0,0,0,0,0,2,0,2,0,0,0,0,2,0,1,0,0,1,0,0,0,0,0,2,0,1,0,2,0,0,0,0,0,0,0,0,3,0,0,0,0,0,0,0,0,0,0,0,0,2,0,1,0,0,0,0,0,0,0,0,0,0,0,0,0,0,0,0,0,0,0,0,2,0,0,0,0,0,0,0,0,0,1,0,0,0,0,0,0,2,0,0,0,0,0,0,1,0,0,0,0,0,0,0,0,0,0,0,2,0,3,0,0,1,0,2,0,0,2,0,0,0,0,0,2,0,0,0,0,0,0,0,0,0,0,0,0,0,0,0,0,3,0,0,0,0,0,0,0,0,0,0,0
0,0,2,0,0,0,0,0,2,0,0,0,1,0,0,0,0,0,0,0,0,0,0,0,0,0,0,0,0,0,0,0,1,0,0,1,0,0,0,1,0,0,0,0,0,1,0,0,0,0,0,0,0,0,0,1,0,0,0,0,0,0,0,2,0,0,0,0,0,0,2,0,0,2,1,0,0,0,0,0,0,0,1,0,0,0,1,0,0,0,0,0,0,0,0,0,0,0,0,0,0,0,2,0,0,0,0,0,2,0,1,2,0,0,0,2,1,0,0,0,0,1,0,1,0,0,2,0,0,1,2,0,0,1,0,0,0,0,0,2,0,0,0,0,0,1,0,0,0,0,0,0,1,0,0,0,2,2,0,1,0,0,0,2,0,1,1,0,0,0,0,1,0,0,0,0,0,0,0,0,0,0,0,0,0,0,0,0,0,1,0,0,2,0,0,0,0,0,0,0,0,0,1,0,0,0,0,0,0,0,0,2,0,4,1,1,1,0,2,0,0,0,0,1,0,0,0,1,0,0,0,0,0,0,0,1,0,0,0,0,0,0,0,0,1,1,0,1,0,0,0,0,0,0,0,0
0,0,2,0,0,2,0,0,3,0,1,0,0,0,0,0,0,1,1,0,0,1,0,0,0,3,0,0,0,1,3,0,1,0,0,1,0,1,2,0,0,0,0,0,0,1,0,0,0,1,3,0,0,0,0,0,0,2,0,0,0,0,0,0,0,0,0,0,0,0,1,0,0,1,2,0,0,0,0,0,0,0,1,0,0,0,0,0,0,0,0,0,0,0,0,0,0,0,0,0,0,0,0,0,0,0,0,0,1,0,0,0,0,0,0,1,0,1,0,0,0,0,0,0,0,0,1,0,1,1,1,0,0,0,2,0,0,0,0,1,0,0,0,0,0,0,1,1,0,0,0,0,1,0,0,0,0,0,0,0,0,0,0,1,0,0,1,0,0,0,0,0,2,2,0,0,1,0,0,0,0,0,0,1,0,0,0,0,0,1,0,0,1,0,0,1,0,0,0,0,0,0,0,0,0,0,0,1,1,2,1,1,0,1,2,2,0,0,2,0,2,0,0,1,0,0,0,1,0,0,0,0,0,0,1,0,0,0,0,0,1,0,0,0,0,0,0,0,0,1,0,1,0,0,0,0
0,0,1,0,0,0,0,0,1,0,2,0,0,0,0,1,0,1,0,1,0,0,1,0,0,1,0,0,0,0,0,1,1,0,1,1,0,0,2,0,0,0,0,1,0,3,0,0,0,0,0,0,0,0,0,0,1,0,0,0,1,0,1,0,0,0,0,0,0,0,1,0,0,1,1,0,0,0,2,0,0,0,1,0,0,1,1,0,0,0,0,0,0,0,0,0,0,1,0,0,1,0,0,0,0,0,0,0,1,0,0,0,1,2,0,2,0,1,0,0,0,0,0,0,0,1,3,1,0,0,1,0,0,0,1,0,0,0,0,1,0,0,0,0,0,0,0,0,0,3,0,0,1,0,0,0,2,0,0,0,0,0,0,0,0,0,1,0,0,0,0,1,0,1,0,0,0,0,0,0,0,0,1,1,0,0,0,0,0,0,0,0,1,0,0,0,0,0,1,0,0,1,0,0,0,0,0,0,1,0,0,1,0,1,0,1,0,0,2,0,0,0,0,1,0,0,0,1,0,0,0,0,0,1,0,0,0,0,0,0,0,0,0,0,1,0,0,1,0,0,0,0,0,0,0,0
0,0,2,0,0,0,0,0,2,1,3,0,0,0,0,1,0,1,0,0,0,0,0,0,0,0,0,0,0,0,0,0,1,0,0,2,0,0,4,0,0,0,1,0,0,2,0,0,1,0,3,0,0,0,0,0,0,0,0,0,0,0,0,0,0,0,2,0,0,0,0,1,0,0,2,0,0,1,0,0,0,0,2,1,0,0,0,0,3,0,1,0,0,0,0,0,0,1,0,0,0,0,0,0,0,0,0,0,0,0,0,0,0,1,1,0,0,3,2,0,0,1,1,0,0,0,0,0,0,0,0,0,0,0,2,0,0,0,0,0,0,0,0,0,0,0,2,0,0,0,0,0,0,0,0,0,0,1,0,0,0,0,1,1,0,0,2,0,0,0,0,0,0,2,0,0,0,0,0,0,0,0,0,1,0,0,0,0,0,1,0,0,0,0,0,0,0,0,0,0,0,0,0,1,0,0,0,0,2,0,0,0,0,0,0,2,0,0,2,0,0,0,0,2,1,0,0,0,0,0,0,0,0,0,2,1,0,0,1,0,2,0,2,0,0,0,0,0,0,0,0,0,0,0,0,2
0,0,0,0,0,0,0,0,3,0,1,0,0,0,0,1,0,0,0,0,0,0,0,0,0,0,0,0,0,4,0,0,2,0,2,0,0,0,0,0,0,0,0,1,0,0,0,0,0,0,0,0,0,0,0,0,0,0,0,1,0,0,0,0,0,0,0,0,0,0,2,1,0,2,0,0,0,0,0,0,0,0,0,0,0,2,2,0,0,0,0,0,0,0,0,0,0,0,0,0,0,0,0,0,0,0,0,0,2,0,4,1,0,0,1,2,0,2,0,3,0,0,0,0,0,0,2,0,0,1,2,0,0,0,0,0,0,0,0,2,0,0,1,0,0,0,0,0,0,0,0,0,2,0,0,0,3,0,0,0,1,0,0,0,0,0,0,0,0,0,0,0,0,0,0,0,0,0,0,0,0,0,0,0,0,0,0,0,0,0,0,0,2,0,0,3,0,0,0,1,0,0,0,3,0,0,1,0,0,0,0,2,0,3,0,0,0,0,2,0,0,3,0,0,0,0,0,2,0,0,0,0,0,0,0,0,0,0,0,0,1,0,0,0,4,0,0,0,0,0,0,0,0,0,0,0
0,0,1,0,0,0,0,1,2,0,1,1,0,0,0,0,0,1,0,0,0,0,0,1,0,0,0,0,0,0,3,0,4,0,0,2,0,0,2,0,0,0,0,0,1,1,0,0,1,0,0,1,0,0,0,0,0,0,0,0,0,0,0,1,0,0,0,0,1,0,1,0,0,1,5,1,0,0,1,0,0,0,3,0,0,1,1,0,0,0,0,0,1,0,4,0,1,0,0,0,0,0,0,0,2,0,0,0,1,0,0,0,0,2,0,1,0,2,0,0,2,0,0,0,0,0,1,0,0,1,1,0,0,0,1,0,1,1,0,2,0,0,0,0,1,0,2,0,0,0,0,1,1,0,0,2,0,0,0,0,0,0,1,0,0,0,1,0,0,0,0,0,0,1,0,1,0,0,0,0,0,0,0,1,0,0,0,0,0,0,0,0,1,0,0,0,0,0,0,0,0,0,1,1,0,0,0,0,3,0,0,1,0,1,0,1,0,0,2,0,0,1,1,1,0,0,0,1,0,0,0,0,1,0,0,0,0,0,1,1,2,0,0,0,1,0,0,0,0,0,0,0,0,0,0,0
0,0,1,0,0,0,0,0,1,0,1,0,0,0,0,0,0,1,0,0,0,0,0,2,0,0,0,0,0,1,0,0,1,0,0,0,0,0,1,0,0,0,0,0,0,0,0,0,0,0,0,0,0,0,0,0,0,0,0,0,0,0,0,0,0,0,0,0,0,0,1,0,0,1,1,0,0,0,0,0,0,0,0,0,0,1,1,0,0,0,0,0,0,0,0,0,0,0,0,0,0,0,0,0,0,0,0,0,2,0,1,0,0,1,0,2,0,0,0,0,0,0,0,0,0,0,2,0,0,2,1,0,0,0,0,0,0,0,0,3,0,1,0,0,0,0,0,0,1,0,0,1,1,0,0,0,1,0,0,0,0,0,0,0,0,0,1,0,0,0,1,0,0,1,0,0,1,0,0,0,0,0,0,1,1,0,0,0,0,2,0,0,2,0,0,0,0,0,0,0,0,0,0,0,0,0,0,0,0,0,0,1,0,1,0,1,0,0,2,0,0,0,1,1,0,0,0,1,0,1,0,0,0,0,0,0,0,0,0,0,0,0,0,0,1,0,0,0,0,0,0,2,0,0,0,1
0,0,1,0,0,0,0,0,0,0,0,0,1,0,0,0,0,0,0,0,0,2,0,0,0,1,0,0,0,0,0,0,2,0,0,0,0,0,0,0,0,0,0,0,0,0,0,0,0,0,0,0,0,0,0,0,0,0,0,0,0,0,0,0,0,0,0,0,0,0,2,0,0,2,1,0,0,0,0,0,0,0,2,0,0,2,3,0,0,1,0,0,0,0,0,0,0,0,0,0,1,0,0,0,0,0,0,0,2,0,0,1,0,0,0,2,2,2,0,0,0,1,0,0,0,0,1,0,0,1,2,0,0,0,0,2,0,0,0,2,1,0,0,0,0,0,0,0,0,1,0,0,1,0,0,0,2,0,0,0,0,0,0,2,0,0,0,0,0,0,0,1,0,0,0,0,0,0,0,0,0,0,0,0,0,0,0,0,0,0,0,0,2,0,0,0,0,0,0,0,0,0,0,0,0,0,0,0,0,0,0,2,0,0,0,0,0,0,2,0,0,0,0,0,0,0,0,1,0,0,0,0,0,0,0,0,0,0,0,0,0,0,0,0,2,0,0,0,0,0,0,0,0,0,0,0
0,0,2,0,0,0,0,0,5,0,1,0,0,0,0,0,0,1,0,0,0,0,0,0,0,0,0,0,1,0,1,0,2,0,0,1,0,0,1,0,0,0,0,0,0,0,0,0,0,0,0,0,0,0,0,0,0,0,2,0,0,0,0,0,0,0,0,1,0,0,2,0,0,1,1,0,0,0,1,0,0,0,2,0,0,0,1,2,0,0,0,0,0,0,0,0,1,0,0,0,0,0,0,0,1,0,0,0,1,1,0,0,0,0,2,1,0,0,0,0,0,0,0,0,0,0,2,0,0,0,1,0,0,0,1,1,0,0,0,1,0,0,0,0,0,0,1,0,0,0,0,0,1,0,0,0,0,0,0,0,0,0,0,0,0,0,1,0,0,0,0,0,0,3,0,0,0,0,0,0,0,0,0,0,0,0,0,0,0,0,1,0,1,0,0,0,0,0,0,0,1,0,0,4,0,0,0,0,2,0,0,1,0,2,0,1,2,3,2,0,0,0,0,2,1,0,0,1,0,0,0,1,0,0,0,0,0,0,1,5,0,0,0,0,1,1,0,1,0,3,0,0,4,0,0,0
0,0,2,0,0,0,0,1,2,0,2,0,0,0,0,0,0,3,0,0,0,0,0,0,0,0,0,0,1,0,0,0,2,0,0,2,0,0,2,0,0,0,1,0,0,0,0,0,0,0,0,0,0,0,0,0,0,0,0,0,0,0,0,0,1,0,1,0,0,0,1,0,0,0,2,0,0,0,1,0,0,0,0,0,0,0,0,0,0,0,0,0,0,0,0,0,0,0,0,0,0,0,0,0,0,0,0,0,0,0,1,0,0,0,0,0,1,0,2,0,1,0,0,1,0,0,0,0,0,0,0,0,0,1,2,0,0,0,0,0,0,1,1,0,0,0,2,0,0,0,0,0,1,0,0,0,1,0,0,0,0,0,0,0,0,0,2,0,0,0,0,0,0,2,0,0,0,0,0,0,0,0,0,0,0,0,0,0,0,1,0,0,0,0,1,0,0,0,0,0,1,0,1,0,1,0,1,0,2,0,0,0,0,0,0,3,0,0,2,1,0,1,2,2,0,0,0,0,0,0,0,0,0,0,1,0,0,0,1,0,0,0,0,0,0,0,0,0,0,0,0,0,0,0,0,0
0,1,1,0,0,0,0,0,1,0,1,0,0,0,0,0,0,1,0,0,0,0,0,0,0,0,0,0,0,0,0,0,1,0,0,0,0,0,1,0,0,0,0,0,0,0,0,0,0,0,0,0,0,0,0,0,0,0,1,0,0,0,0,0,0,0,0,0,0,1,1,0,0,1,1,0,0,0,1,0,0,0,0,0,0,0,1,0,0,0,0,0,1,0,1,0,0,0,0,0,0,0,0,0,0,0,0,0,1,0,0,0,0,0,1,1,0,0,0,0,0,0,0,0,0,1,2,1,0,1,1,0,0,0,1,0,0,0,0,1,0,0,0,1,0,0,1,0,1,0,0,0,1,0,0,0,1,0,0,0,0,0,0,0,0,0,1,0,0,0,1,0,0,1,0,0,0,0,0,0,0,0,0,0,0,0,0,0,0,1,0,0,1,0,0,1,0,0,0,0,0,0,0,0,0,0,0,0,1,0,0,1,0,1,0,1,0,1,2,0,0,0,0,1,0,0,0,1,0,0,0,0,0,0,0,0,0,0,0,0,0,0,0,0,1,0,0,0,0,0,0,0,0,0,0,0
0,0,1,0,0,0,0,1,1,0,1,0,0,0,0,0,0,2,0,0,0,0,0,0,0,0,0,0,0,0,0,0,1,0,0,0,0,0,1,0,0,0,0,0,0,0,0,0,0,0,0,1,0,0,0,0,0,1,0,0,0,0,0,0,0,0,0,0,0,0,1,0,0,1,1,0,0,0,0,0,0,0,0,0,1,0,1,0,0,0,0,0,0,0,0,0,0,0,0,0,0,0,0,0,3,0,0,0,1,0,0,0,0,0,0,1,0,2,0,0,1,0,0,0,0,0,1,1,0,1,2,0,0,0,1,0,0,0,0,1,0,0,0,0,0,0,1,0,0,0,0,0,1,0,0,0,0,1,0,0,0,0,0,0,0,0,1,1,0,0,0,0,0,1,0,1,1,0,0,0,0,0,0,1,0,0,0,2,0,2,0,0,1,0,0,0,0,0,2,0,0,0,0,0,0,0,0,0,2,0,1,1,0,2,2,1,0,0,2,0,0,1,0,1,0,0,0,1,0,0,0,0,0,0,0,0,0,0,0,0,0,0,0,1,1,0,0,0,0,0,0,0,0,0,0,2
0,0,1,0,0,0,0,0,1,0,1,0,0,0,0,0,0,1,0,0,0,0,0,0,0,0,0,0,1,0,0,0,2,0,0,1,0,0,1,0,0,0,1,0,0,0,0,1,0,0,0,0,0,0,1,0,1,0,0,0,0,0,0,0,0,0,0,0,0,0,1,0,0,1,1,0,0,0,0,0,0,0,1,0,0,1,1,1,0,0,0,0,0,0,0,0,0,0,0,0,0,0,0,0,0,0,0,0,1,0,0,0,0,0,2,1,1,1,0,0,0,0,0,0,0,0,1,0,2,0,1,0,0,0,1,0,0,0,0,3,0,0,0,1,0,1,1,0,2,1,1,0,1,0,0,0,0,0,0,0,0,0,0,0,1,0,1,0,0,0,0,0,0,1,0,0,0,0,0,0,0,0,0,0,0,0,0,0,0,1,0,0,1,0,0,0,0,0,0,0,1,0,0,1,0,0,0,1,1,0,0,1,0,1,0,1,0,0,2,0,0,0,0,1,0,0,0,1,3,0,0,0,0,0,0,0,0,0,0,1,0,0,0,0,2,0,0,0,0,0,0,0,0,0,0,0
0,0,0,0,0,0,0,1,0,0,0,0,0,0,0,0,0,1,0,0,0,1,0,1,0,0,0,0,0,0,0,0,3,0,0,0,0,0,0,0,0,0,0,0,0,0,0,0,0,0,0,0,0,0,0,0,3,0,0,1,0,1,0,0,0,0,0,1,1,1,2,0,0,2,0,0,0,1,0,0,0,0,0,0,0,0,4,0,0,0,0,1,0,0,0,0,0,0,0,0,1,1,0,0,0,0,0,0,2,0,2,2,0,0,0,2,0,1,0,0,0,0,0,0,0,2,2,0,0,1,2,0,1,0,0,0,0,0,0,2,1,0,0,0,0,0,0,0,0,0,1,0,2,0,1,2,1,0,0,1,0,0,0,0,1,0,0,0,0,1,1,0,0,0,1,1,0,0,0,0,0,0,0,0,0,0,0,0,0,0,0,0,2,0,0,1,0,0,0,0,0,0,0,2,0,0,0,1,0,0,0,2,0,3,0,0,2,1,2,0,1,3,0,2,0,1,0,2,0,0,0,0,0,0,0,0,0,0,0,0,0,0,0,0,2,0,0,0,0,0,1,0,0,0,0,0
0,0,1,0,0,1,0,0,1,0,1,0,0,1,0,0,0,1,0,0,0,0,0,1,0,0,1,0,1,0,1,0,0,0,0,1,0,0,1,0,0,0,0,0,0,0,0,0,0,0,1,1,0,0,0,0,0,0,0,0,0,1,0,1,0,1,0,0,0,1,0,0,0,0,1,0,0,0,0,0,0,0,2,0,1,0,0,0,0,1,1,0,0,0,0,0,1,0,0,0,0,0,0,0,0,0,0,0,0,0,0,0,0,0,0,0,0,2,1,0,0,2,0,0,0,0,0,1,0,0,0,0,0,0,1,0,0,1,0,0,0,0,0,0,0,0,1,0,0,1,0,0,0,0,0,0,0,0,0,0,0,0,0,1,0,0,1,0,0,0,1,0,1,1,1,0,0,0,0,0,0,1,0,1,0,0,0,0,1,1,0,1,0,0,0,0,0,0,0,1,0,0,0,0,0,0,0,1,1,1,0,0,0,0,1,1,0,0,2,0,0,0,0,1,0,0,0,0,0,0,0,0,0,0,0,1,0,0,1,0,0,1,0,1,0,1,0,0,1,1,0,0,0,0,0,2
0,0,0,0,0,0,0,1,1,2,1,1,0,0,1,1,0,0,1,0,0,2,0,0,0,0,0,0,0,1,0,0,1,0,2,0,0,0,0,0,0,0,0,0,0,3,0,0,1,0,1,0,0,0,0,1,2,0,2,0,1,1,0,0,0,0,0,0,0,0,2,0,0,1,0,0,0,0,0,0,0,0,0,0,0,0,1,0,0,0,0,0,2,0,0,0,0,1,0,0,0,1,0,0,0,0,1,0,1,0,0,0,0,0,0,1,0,1,0,0,0,1,1,0,0,0,1,0,0,0,1,0,1,0,2,0,0,0,0,1,0,0,0,1,0,0,0,0,0,0,0,0,1,0,0,0,0,0,0,0,0,0,0,0,1,0,0,1,0,0,0,1,0,0,0,0,0,0,0,0,0,0,0,2,0,0,0,0,0,1,1,0,2,0,0,1,0,0,0,0,0,0,1,0,0,0,0,0,0,1,0,1,0,2,0,0,0,0,1,0,0,0,0,0,0,0,0,1,0,1,0,0,1,0,0,1,0,0,0,0,0,0,0,0,1,0,1,1,0,0,0,0,0,0,0,0
0,0,0,0,0,0,0,0,0,0,1,0,1,0,0,0,0,0,0,0,0,0,0,1,0,0,0,0,0,0,0,0,2,0,0,2,0,0,1,0,0,0,1,0,0,0,0,0,0,0,0,0,0,0,0,0,0,0,0,0,0,0,1,0,0,0,0,0,0,0,2,0,0,2,0,0,0,1,0,0,0,0,1,0,0,0,2,1,0,0,0,0,0,0,0,0,0,0,0,0,0,1,0,0,0,0,0,0,2,0,0,0,0,0,0,2,0,2,0,0,1,0,0,0,0,0,2,0,0,0,2,0,0,0,0,0,0,0,0,2,0,0,0,0,0,0,0,0,0,0,0,0,2,0,0,0,0,0,0,0,0,0,0,0,0,0,0,0,0,0,0,0,0,0,0,0,0,0,0,0,0,0,0,0,0,0,0,0,0,0,0,0,2,0,0,0,0,0,0,0,0,0,1,0,0,0,0,0,0,0,0,2,0,0,0,0,0,0,2,0,0,0,0,0,0,0,0,2,1,0,0,0,0,0,0,0,0,0,0,0,0,0,0,0,2,0,0,0,0,0,0,0,0,0,0,1
0,0,1,0,0,0,0,1,2,0,1,0,1,0,0,0,0,1,0,0,0,0,0,1,0,0,0,0,0,1,0,0,1,0,0,0,0,0,1,0,0,0,0,0,0,0,0,0,0,0,0,0,0,0,0,0,0,0,0,0,0,0,0,0,0,0,0,0,0,0,1,0,0,1,1,0,0,0,1,0,0,0,0,0,0,1,1,0,0,0,1,0,0,0,0,0,0,0,0,0,0,0,0,0,0,0,0,0,1,0,0,0,0,0,0,1,0,2,0,0,1,0,0,1,0,0,1,0,0,1,1,0,1,0,2,0,0,1,0,1,1,0,0,1,0,0,1,1,1,1,0,0,2,0,0,0,0,0,0,0,0,0,0,0,1,1,1,0,0,0,0,0,0,1,0,1,0,0,1,0,1,0,0,1,0,0,0,0,0,1,0,0,1,0,0,0,0,0,0,0,0,0,0,1,0,0,0,0,1,0,0,1,0,2,0,1,0,0,2,0,0,0,1,1,0,0,0,1,0,0,0,0,0,1,0,0,0,0,0,0,0,0,0,0,1,0,0,0,0,0,0,0,0,0,0,1
0,0,1,0,1,0,0,0,1,0,1,0,0,0,0,0,0,1,0,0,0,0,0,0,0,0,0,0,0,0,0,0,1,0,0,1,0,0,1,0,0,0,1,0,0,0,1,1,0,0,0,0,0,0,0,0,2,0,1,0,1,0,0,1,0,0,0,0,0,0,1,1,0,1,1,0,0,0,1,1,0,0,1,0,0,0,1,0,0,0,0,0,0,0,0,0,0,0,0,0,0,0,0,0,0,0,0,0,1,1,0,0,0,0,1,1,0,0,0,0,0,0,0,0,0,0,1,0,0,0,1,0,0,0,1,0,0,0,0,1,0,0,1,0,0,0,1,1,0,0,0,0,1,0,0,0,0,1,0,0,0,0,0,0,0,0,1,0,0,0,0,0,0,1,0,0,0,0,0,0,0,0,0,1,0,0,0,0,0,0,0,0,1,0,1,1,0,0,0,0,0,0,0,0,0,0,0,0,1,0,0,1,0,0,1,1,0,0,2,0,0,0,0,1,0,0,0,1,0,0,0,0,0,1,1,0,0,0,1,0,0,0,1,0,1,0,0,0,0,0,0,0,0,0,0,0
0,0,0,0,0,0,0,0,0,0,0,0,0,0,0,0,0,0,0,0,0,0,0,0,0,0,0,0,0,0,0,0,2,0,0,0,1,0,0,0,0,0,0,0,0,0,0,0,0,0,0,0,0,0,0,0,1,0,0,0,0,1,1,0,0,0,0,0,0,0,2,0,0,2,0,0,0,0,0,0,0,0,0,0,0,1,2,0,0,1,0,0,0,0,0,0,0,0,0,0,0,0,0,0,0,0,0,0,2,2,1,0,0,0,0,2,0,1,0,0,0,0,0,1,0,0,2,1,0,1,2,0,0,0,0,0,0,0,0,2,0,0,0,0,0,0,0,0,0,0,0,0,2,0,0,0,0,0,0,0,0,0,0,2,0,0,0,0,0,0,0,0,0,0,0,0,0,0,0,0,0,0,0,0,1,0,0,0,0,0,0,0,2,0,0,1,0,0,0,0,1,0,0,0,0,0,0,0,0,0,0,2,0,0,0,0,1,0,2,0,0,0,1,0,0,3,0,3,0,0,0,0,0,0,0,0,0,0,0,2,0,0,0,0,2,0,0,0,0,0,0,0,0,0,0,0
0,0,1,0,0,0,0,0,1,0,2,2,0,0,0,0,0,1,0,0,0,1,0,0,0,1,0,0,1,0,1,0,2,0,0,1,0,0,1,0,0,0,1,0,0,0,0,0,1,0,0,0,0,0,0,0,0,1,0,0,0,1,0,0,0,0,1,0,1,0,1,0,0,1,1,0,0,0,1,0,0,1,0,0,0,0,1,0,0,0,0,0,0,0,0,0,0,0,0,0,1,0,0,0,0,0,0,0,1,0,0,1,0,0,0,1,2,0,0,0,0,0,0,0,0,0,1,0,0,0,1,0,0,0,1,0,0,0,0,1,1,0,0,0,0,1,1,0,0,0,0,0,1,0,0,0,1,1,0,0,0,0,0,3,0,0,1,0,1,0,0,0,0,1,0,0,1,0,0,0,2,0,0,0,0,0,0,0,0,2,1,0,1,0,0,0,0,0,1,0,0,0,0,0,0,0,0,0,1,0,0,1,0,0,1,1,0,0,2,2,0,0,0,1,0,0,0,1,0,0,1,1,0,1,0,0,0,0,0,1,0,0,0,0,1,0,0,0,0,0,0,0,0,0,0,0
0,0,1,0,0,1,0,0,1,0,2,0,0,0,0,0,0,1,1,0,0,0,1,3,0,0,0,0,0,0,4,0,2,0,0,0,0,0,1,0,0,0,1,0,0,0,0,0,0,0,1,0,0,0,0,0,0,0,0,0,0,0,0,0,0,0,0,0,0,0,1,1,0,1,1,0,0,0,0,0,3,0,2,0,1,4,1,0,0,0,0,0,0,0,0,0,0,0,0,0,2,0,1,1,1,0,0,0,1,0,1,0,0,0,0,1,0,5,0,0,0,0,0,0,0,0,1,0,0,2,1,0,0,0,3,0,1,2,0,2,2,0,0,1,0,1,1,0,1,0,0,2,1,1,0,0,1,0,0,1,0,0,0,1,0,0,1,0,0,0,0,1,0,1,0,0,0,0,0,0,0,0,0,1,0,0,0,0,0,0,0,0,1,0,2,0,0,0,1,0,0,0,0,0,0,0,0,0,1,2,0,1,0,0,0,1,0,0,2,0,0,0,0,1,0,0,0,2,0,0,0,0,0,0,1,1,0,0,0,0,0,0,0,0,1,0,0,1,0,1,0,0,0,0,0,0
0,0,0,0,0,0,0,0,0,0,0,0,1,0,0,0,0,0,0,0,0,0,0,0,0,0,0,0,0,1,0,0,2,0,0,0,0,0,0,0,0,0,0,0,0,0,0,0,0,0,0,0,0,0,0,0,1,0,0,0,0,0,0,0,0,0,0,0,0,0,2,0,0,2,0,0,0,0,0,0,0,0,1,0,0,0,2,0,0,0,0,0,0,0,0,0,0,0,0,0,0,0,0,0,0,0,0,0,2,0,0,0,0,0,2,2,0,0,0,0,0,0,2,0,0,0,2,0,0,1,2,0,0,0,1,0,0,0,0,2,0,0,0,0,0,0,0,0,0,0,0,0,2,0,0,0,0,0,0,0,0,0,0,0,0,0,0,0,0,0,0,0,0,0,0,0,0,0,0,0,0,0,0,0,0,0,0,0,0,0,0,0,2,0,0,2,0,0,2,0,1,0,1,2,0,0,0,0,1,0,0,2,0,1,0,0,1,0,2,1,0,0,0,0,0,0,0,2,0,0,0,0,0,1,0,0,0,0,0,1,0,0,0,0,3,1,0,0,0,0,0,0,0,0,0,0
0,0,1,0,0,0,0,0,1,0,1,2,0,0,0,0,0,1,0,0,0,0,0,1,0,0,0,0,1,1,0,0,2,0,1,0,0,0,1,0,1,0,0,0,0,0,0,0,0,0,0,0,1,0,0,0,0,0,0,0,0,0,0,0,0,0,0,0,0,0,1,0,0,1,2,0,0,1,0,0,0,0,0,1,0,1,2,1,0,0,0,0,0,0,0,0,0,0,0,0,0,0,0,0,0,0,0,0,1,0,0,0,0,0,0,2,0,0,0,0,0,0,0,0,0,2,1,0,0,0,1,0,0,0,1,0,0,0,0,1,0,0,0,0,0,0,1,0,0,0,0,0,1,0,0,0,0,0,0,0,0,0,0,0,0,0,1,0,0,0,0,0,0,1,0,0,0,0,0,0,0,0,0,0,0,0,0,0,0,0,0,0,1,0,0,0,0,0,0,0,1,0,0,0,0,0,0,0,1,0,0,1,0,0,0,1,0,0,2,0,0,0,0,1,0,0,2,3,1,0,0,0,0,1,2,0,0,0,0,0,0,0,0,0,1,0,0,0,0,0,0,0,0,0,0,0
0,0,1,0,0,0,0,0,1,0,1,0,1,0,0,0,0,1,0,0,0,0,0,0,0,0,0,0,0,1,1,0,2,0,0,2,1,0,1,0,0,0,0,0,1,0,0,0,1,1,0,0,0,0,0,0,0,0,0,0,0,0,0,0,0,0,0,0,0,0,1,1,0,1,1,0,0,0,0,0,0,0,0,0,0,0,1,0,0,0,0,0,0,0,0,0,0,0,0,0,0,0,0,0,0,0,0,0,1,0,0,0,0,0,0,1,0,0,0,0,0,0,0,0,0,0,1,0,0,0,1,0,0,0,1,0,0,0,0,1,0,0,0,0,1,0,1,0,0,0,0,0,1,0,0,0,1,0,0,0,0,0,0,0,0,0,1,0,0,0,0,0,0,1,0,0,0,0,0,0,0,1,0,0,0,0,0,0,0,1,0,0,1,0,0,0,0,0,0,0,0,0,1,0,0,0,0,0,1,0,0,1,0,1,0,1,0,0,2,2,0,0,0,1,0,0,0,1,0,0,0,0,0,0,0,0,0,0,0,0,0,0,0,0,1,0,0,0,0,0,0,0,0,0,0,0
0,0,0,0,0,0,0,1,3,0,0,0,0,0,0,0,0,0,0,0,1,0,0,0,0,0,1,0,0,0,0,0,2,0,0,0,0,0,0,0,0,0,1,0,1,0,0,0,0,0,0,0,0,0,0,0,0,0,0,0,0,0,0,0,0,0,0,0,0,0,2,0,0,2,0,0,0,2,0,0,1,0,3,0,0,0,2,1,0,0,0,0,0,0,0,0,0,0,0,0,0,0,0,0,0,0,0,0,2,0,0,1,0,0,0,2,0,0,0,0,0,0,0,1,0,2,2,0,0,0,2,0,0,0,0,0,0,0,0,2,0,0,0,0,0,0,1,0,0,1,0,0,2,0,1,1,0,0,0,1,0,0,0,0,0,0,0,0,0,0,0,1,0,0,0,0,0,0,0,0,0,0,0,0,0,0,0,0,0,0,0,0,2,0,0,0,0,0,0,0,1,0,0,0,1,0,0,0,0,0,0,2,0,1,0,0,0,1,2,0,1,0,0,0,0,1,0,4,0,0,0,0,0,0,0,0,0,1,0,0,0,0,0,0,2,0,0,0,0,0,0,0,0,0,0,0
0,0,1,0,0,1,0,0,1,0,2,1,0,0,0,0,0,1,0,0,0,0,0,0,0,0,0,0,0,1,0,0,2,0,0,1,1,0,1,0,0,0,0,0,0,0,0,1,0,0,0,0,0,0,0,0,0,0,0,0,0,0,0,0,0,0,0,0,0,0,1,0,0,1,1,0,0,0,0,0,0,0,1,0,0,0,1,0,0,0,0,0,0,0,1,0,1,0,0,0,0,1,0,0,0,0,0,0,1,0,0,1,0,0,0,1,0,0,0,0,0,0,0,0,0,0,1,0,0,4,1,0,0,1,4,0,0,0,0,0,0,0,0,0,0,0,1,0,0,0,1,0,1,0,0,0,3,1,0,0,0,0,0,1,0,0,1,0,0,0,0,0,0,1,0,0,0,0,0,0,0,0,0,0,0,0,0,0,0,1,0,0,1,0,0,2,0,0,0,0,0,0,0,0,0,0,0,0,1,0,0,1,0,2,0,1,0,0,2,0,2,1,0,1,0,0,0,1,0,0,0,0,0,0,1,0,0,0,0,0,0,0,0,0,1,0,0,0,0,0,0,0,0,0,0,0
0,0,1,0,0,0,0,0,1,0,1,0,0,0,0,0,0,1,0,0,0,0,0,0,0,0,0,0,0,0,0,0,2,0,0,0,0,0,1,0,0,0,1,0,0,0,0,0,0,0,0,0,0,0,0,0,1,0,0,0,0,0,0,0,0,0,0,0,0,1,1,0,0,1,1,0,0,0,0,0,0,0,0,0,0,0,1,1,0,0,0,0,0,0,0,0,0,0,0,0,1,0,0,0,0,0,0,0,1,0,1,0,0,0,0,1,0,0,1,0,0,0,0,0,0,0,1,0,1,0,1,0,0,0,2,0,0,0,0,1,0,0,0,0,0,0,1,0,0,0,0,0,2,0,0,0,2,0,0,0,0,0,0,1,0,0,1,0,0,0,0,0,0,1,0,0,0,0,1,0,0,0,0,0,0,0,0,0,0,1,0,0,1,0,1,1,0,0,0,0,0,0,0,2,0,0,0,0,2,1,0,1,0,2,0,1,0,1,2,0,0,1,0,1,0,0,0,1,0,0,0,0,0,0,0,0,0,0,0,0,0,0,0,0,1,0,0,0,0,0,0,0,0,0,0,1
0,1,0,0,0,0,0,0,1,0,1,0,1,1,0,0,1,0,0,0,0,0,0,0,0,0,0,0,1,1,0,0,1,0,1,0,0,0,0,0,0,0,0,0,0,0,0,0,0,0,0,0,0,0,0,0,0,0,1,0,0,0,0,1,0,0,0,0,1,1,1,0,0,1,0,0,1,0,0,0,0,0,3,1,1,0,1,0,0,0,0,0,0,0,0,0,0,0,0,0,0,0,0,0,0,0,0,0,1,0,0,0,0,0,0,2,0,0,0,0,0,0,0,0,0,0,1,0,0,1,1,0,0,0,0,0,0,0,1,3,0,0,0,0,0,0,0,0,0,2,1,0,4,0,0,2,1,0,0,1,0,0,0,0,1,2,1,0,0,0,0,0,0,0,1,0,1,0,0,0,1,0,0,1,0,0,0,0,0,1,0,1,1,0,0,1,0,0,1,1,5,0,0,2,0,0,0,2,0,0,0,1,0,2,2,0,5,0,1,0,0,1,0,0,0,1,0,1,0,0,0,0,0,0,0,0,0,1,1,0,0,0,0,0,2,1,0,0,0,0,0,0,5,0,0,5
0,0,0,0,0,0,0,0,0,0,1,0,0,0,0,0,0,0,0,0,0,0,0,1,0,0,0,0,0,3,0,0,2,0,0,2,0,0,0,0,0,0,0,0,0,0,0,0,0,0,0,0,0,0,0,0,0,0,0,0,0,0,0,0,0,0,0,0,0,0,2,0,0,2,0,0,0,0,0,2,0,0,0,0,0,0,2,0,0,1,0,0,0,0,0,0,0,0,0,0,0,0,0,0,0,0,0,0,2,0,0,0,0,0,1,2,0,0,0,0,0,0,0,0,0,0,1,0,0,0,2,0,0,0,1,0,0,0,0,2,0,0,0,0,0,0,0,0,0,0,1,0,2,0,0,0,2,0,0,1,0,0,0,0,0,0,0,0,0,0,0,0,0,0,0,0,0,0,0,0,0,0,0,0,0,0,0,0,0,0,0,0,2,0,0,3,0,0,0,0,0,0,0,2,0,0,0,0,0,0,0,2,0,3,0,0,0,1,2,0,0,2,0,0,0,0,0,2,0,0,0,0,0,0,0,0,0,0,0,0,0,0,0,0,2,0,0,0,0,0,0,0,0,0,0,0
0,0,0,0,0,0,0,0,0,0,0,0,1,0,0,0,0,0,0,0,0,1,0,0,0,0,0,0,1,2,0,0,2,0,0,1,0,0,0,0,0,0,0,1,0,0,0,0,0,0,0,0,0,1,0,0,0,0,0,0,0,0,0,0,0,0,0,0,0,0,2,0,0,2,0,0,1,0,0,0,1,0,0,0,0,1,2,0,0,1,0,0,0,0,0,0,1,2,0,0,2,0,0,0,0,0,0,0,2,0,0,2,0,0,1,2,0,1,0,0,0,0,0,0,0,0,1,0,0,1,2,0,0,0,0,0,0,0,0,3,1,0,0,1,0,0,0,3,0,0,0,0,2,1,0,0,0,0,0,0,0,0,0,0,0,0,0,1,0,0,0,0,0,0,0,0,0,0,0,0,0,0,0,0,0,0,0,0,0,0,0,0,2,0,0,3,0,0,0,0,0,0,2,0,0,0,0,0,0,0,0,2,0,3,0,0,0,1,2,0,1,1,0,0,0,0,0,2,0,1,0,0,0,0,0,0,0,0,0,0,0,0,0,0,3,0,0,0,0,0,0,0,0,0,0,0
0,0,0,0,0,0,0,0,1,0,1,0,0,0,0,0,0,0,0,0,0,0,0,1,0,0,0,0,1,3,2,0,4,0,0,1,0,0,0,0,0,0,0,0,0,0,0,0,0,0,0,0,0,0,0,0,0,1,0,0,0,0,0,0,0,0,0,0,0,0,3,0,2,2,0,0,1,0,0,0,1,0,0,0,0,2,2,0,2,1,0,0,0,0,0,0,0,0,0,0,0,1,1,0,0,0,0,0,2,0,0,0,0,1,0,2,1,0,0,0,0,0,0,2,0,0,1,0,0,0,2,0,0,0,4,0,0,0,0,2,0,0,0,0,0,0,0,0,0,1,0,0,4,0,0,0,1,0,0,0,0,0,0,0,0,0,0,0,0,0,0,0,0,0,0,0,0,0,0,0,0,0,0,0,0,0,0,0,0,0,0,0,2,0,0,5,0,1,0,0,0,0,0,4,0,0,0,0,0,0,0,2,0,6,0,0,0,0,2,0,0,5,5,0,0,0,0,2,0,0,0,0,0,0,1,0,0,0,1,0,0,0,0,0,3,0,0,1,0,0,0,0,0,0,0,0
0,0,0,0,1,0,0,0,0,0,0,0,0,0,0,0,0,0,0,0,0,0,0,1,0,0,0,0,0,3,0,0,2,0,0,1,1,0,0,0,0,1,0,0,0,0,0,0,0,0,0,0,0,0,0,0,0,0,0,0,0,1,1,0,0,0,0,0,0,0,2,0,1,2,0,0,0,2,0,1,1,0,0,0,1,0,2,0,0,0,0,0,0,0,0,0,0,0,0,0,1,0,1,1,0,0,0,0,2,0,2,1,0,0,0,2,0,1,0,0,1,0,0,0,0,0,2,0,0,0,2,0,1,0,0,0,0,0,0,2,0,0,0,0,0,0,0,2,0,1,0,0,3,0,0,1,0,0,2,0,0,0,0,0,0,0,0,0,0,0,0,0,0,0,0,0,0,0,0,0,0,0,0,0,0,0,0,0,0,0,0,0,2,0,0,3,0,0,0,0,0,0,0,4,0,0,0,0,0,0,0,2,0,4,0,2,0,1,2,0,0,3,0,0,0,0,0,2,0,0,0,1,0,0,0,0,0,0,0,0,0,0,0,0,2,0,0,0,0,0,0,0,0,0,0,0
0,1,0,1,0,0,0,1,0,0,0,0,1,0,0,0,0,0,0,0,0,0,0,0,0,0,1,1,0,1,0,0,1,0,1,0,0,0,0,0,0,0,0,0,0,0,2,0,0,0,0,0,0,0,0,0,0,0,0,0,0,0,0,0,0,0,0,0,1,0,2,2,0,3,0,0,0,0,0,0,1,0,0,0,0,0,2,0,0,1,0,0,0,0,0,0,0,1,0,0,0,0,0,0,0,1,0,0,2,0,2,2,0,0,0,2,0,2,0,0,0,0,0,1,0,0,3,0,0,1,2,0,0,0,0,0,0,0,1,2,0,0,0,0,0,0,0,0,0,0,0,0,1,0,0,0,2,0,0,0,0,0,0,0,0,0,0,0,0,0,0,0,0,0,0,0,0,0,0,0,1,0,0,0,0,0,0,0,0,0,0,0,2,0,0,2,0,1,0,0,0,0,0,0,0,0,1,0,0,0,0,2,0,2,0,0,1,0,2,0,0,1,0,0,0,0,0,1,0,0,0,0,0,0,0,0,0,0,0,0,0,0,0,0,1,0,0,1,6,0,0,0,0,0,0,0
0,1,0,0,0,0,0,2,0,0,0,0,0,0,0,0,0,1,0,0,0,0,0,3,0,0,0,0,0,0,0,0,2,0,0,0,0,0,0,0,0,0,0,0,2,0,0,0,0,0,0,0,1,0,0,0,0,0,1,0,0,0,0,1,0,0,0,0,0,0,2,0,0,2,0,0,0,1,0,0,0,0,1,0,2,0,2,0,0,0,0,0,0,0,0,0,1,1,0,0,0,0,0,1,0,0,0,0,2,0,1,1,0,0,0,3,2,0,0,0,0,0,0,1,0,0,3,0,0,1,2,0,0,0,0,0,1,0,0,2,1,0,0,0,0,1,1,0,0,0,0,0,2,0,2,0,0,0,0,0,0,0,0,0,0,0,0,0,1,0,0,0,0,1,0,0,0,1,0,0,0,0,0,0,0,0,0,0,0,0,0,0,2,0,0,2,0,0,0,0,1,0,3,0,0,0,0,0,0,0,0,2,0,3,0,0,0,0,2,0,0,0,0,0,0,0,0,4,0,0,0,0,0,1,0,0,0,0,0,0,0,0,0,0,2,0,1,0,0,0,0,0,0,1,0,0
0,0,1,0,0,0,0,0,1,0,0,0,0,0,0,1,0,0,0,0,0,0,0,0,0,0,0,0,0,1,1,0,1,1,0,0,1,1,0,0,0,0,0,0,0,0,0,0,0,0,0,0,0,0,0,0,0,0,0,0,0,0,1,0,0,0,0,1,0,2,2,0,0,2,1,0,0,0,0,0,2,0,0,0,0,2,3,0,0,0,0,0,0,1,0,0,1,0,0,0,3,0,0,0,0,0,0,0,2,0,0,0,0,0,0,2,0,0,0,0,1,0,0,0,0,0,3,0,0,2,2,0,0,0,2,0,0,2,0,2,1,0,0,0,0,0,1,1,0,0,0,0,1,0,0,0,3,0,0,0,0,1,0,1,0,0,0,0,0,0,0,0,1,0,0,0,0,0,0,0,0,0,0,0,0,0,0,0,1,0,0,0,2,0,0,2,0,0,0,0,0,1,4,0,0,0,0,0,0,0,1,2,0,4,0,0,0,0,3,1,0,2,0,0,0,0,0,1,0,0,0,0,0,0,0,0,0,0,0,0,0,0,0,0,2,0,1,0,0,0,2,0,0,1,0,0
0,0,1,2,0,2,0,0,1,0,1,0,0,1,0,0,0,0,0,0,0,1,0,1,0,0,0,0,1,0,1,0,1,0,1,0,0,0,1,0,0,0,1,0,0,0,0,0,0,0,0,0,0,0,0,0,0,1,0,0,0,1,0,0,0,0,0,0,2,0,1,0,0,1,1,1,0,0,1,0,0,0,1,0,1,1,1,0,0,0,0,0,0,0,1,0,1,0,0,0,0,0,0,0,0,1,0,0,1,0,0,0,0,0,1,1,0,0,0,0,0,1,0,0,0,0,2,0,1,0,1,0,0,5,1,0,1,0,0,2,0,0,0,0,0,1,1,0,0,0,0,0,1,0,0,0,0,0,0,0,0,0,0,1,0,0,2,0,0,0,0,0,0,1,0,0,0,1,0,0,2,0,0,1,0,0,2,0,0,4,1,0,1,1,0,0,0,0,0,0,0,0,0,0,0,0,0,0,2,2,0,1,0,0,0,1,0,0,2,0,0,0,0,1,0,0,0,1,0,0,0,0,0,0,0,0,0,0,0,0,0,0,0,0,1,0,0,0,0,0,0,0,0,0,0,0
0,1,0,0,0,0,0,0,1,0,1,0,1,0,0,0,0,0,0,0,0,0,0,0,1,0,0,0,0,0,0,0,1,0,1,1,0,0,0,0,0,0,0,0,0,0,0,0,0,0,0,0,0,0,0,0,0,0,0,0,0,0,0,0,0,0,0,0,0,0,1,0,0,1,0,0,0,0,0,0,0,0,0,0,0,1,1,0,0,0,0,0,0,0,0,0,0,0,0,0,0,0,0,0,0,0,0,0,2,0,1,3,0,0,1,2,0,1,0,1,0,0,0,0,0,0,2,0,0,1,1,0,0,0,1,0,0,0,0,2,0,0,0,1,1,0,0,0,0,0,2,0,1,0,0,0,1,0,0,0,1,0,0,0,0,1,1,0,0,0,0,0,2,0,0,0,0,0,0,0,1,0,0,0,0,0,0,0,0,0,0,0,2,0,0,1,0,0,1,1,0,0,0,1,0,0,0,0,0,0,0,1,0,0,0,0,1,0,3,0,0,1,0,0,0,0,0,1,0,0,0,0,0,0,0,0,0,0,0,0,0,0,0,0,1,0,0,0,0,0,0,0,0,0,0,0
0,0,2,0,0,0,0,1,1,0,2,0,2,0,0,0,1,1,0,0,0,0,0,0,0,0,0,0,0,1,0,0,2,0,0,0,0,0,1,0,0,0,0,0,0,0,2,0,0,0,0,0,0,0,0,0,0,0,0,0,0,0,0,0,0,0,0,0,0,0,1,0,0,1,1,0,1,0,0,0,0,1,1,0,0,0,1,0,0,0,0,2,0,0,1,0,0,0,0,0,0,0,2,1,0,0,0,0,1,0,0,0,1,0,0,1,0,1,0,0,1,0,0,2,0,0,1,0,0,0,1,0,0,0,1,0,0,0,0,1,0,0,0,0,0,2,1,0,0,0,0,0,1,0,0,0,0,2,0,0,0,0,0,0,0,0,1,1,0,0,0,0,0,1,0,1,0,0,0,0,0,0,0,0,0,0,0,0,0,0,0,0,1,0,0,1,0,0,0,0,0,1,1,0,0,0,0,1,1,1,0,1,0,3,0,1,0,2,2,1,0,1,1,1,0,0,0,1,2,0,0,0,0,0,2,0,0,0,1,0,0,0,0,1,1,1,0,0,0,1,0,0,0,0,0,0
0,0,0,0,0,0,0,0,0,0,0,0,0,0,0,0,0,0,0,0,0,0,0,0,0,0,0,0,0,0,0,0,3,0,0,1,0,0,0,0,0,0,0,1,0,0,0,0,0,0,0,0,0,0,0,0,0,0,0,0,0,0,0,0,0,0,1,0,0,0,2,0,0,2,0,0,0,0,0,0,0,0,0,0,0,0,3,0,0,0,0,0,0,0,0,0,1,0,0,0,0,0,0,0,0,0,0,0,2,0,0,1,0,0,0,2,0,0,0,0,0,0,0,0,0,0,2,0,0,1,2,0,0,0,0,0,0,0,0,2,0,0,0,0,0,0,0,0,0,0,1,0,2,0,0,0,2,0,0,0,0,0,0,0,0,0,0,0,0,0,0,1,0,0,0,0,1,0,0,0,1,0,0,0,0,0,0,0,0,0,0,1,2,0,0,3,0,0,0,0,0,0,0,1,0,0,0,0,0,0,0,2,0,2,0,0,0,1,2,0,1,0,0,0,0,0,0,2,0,0,0,0,0,1,0,0,0,0,0,0,0,0,0,0,2,0,0,0,1,1,0,0,0,0,0,0
0,0,1,0,0,0,0,0,1,0,1,0,0,0,0,0,0,1,0,0,0,0,0,0,0,0,0,0,0,0,0,0,1,0,0,0,0,0,1,0,0,0,0,0,0,0,0,0,0,0,0,0,0,0,0,0,0,0,0,0,0,0,0,0,0,0,0,0,0,0,1,0,0,1,1,1,0,1,0,0,0,0,0,0,0,0,1,0,0,1,0,0,0,1,0,0,0,1,0,0,0,0,0,0,0,0,0,0,1,0,0,0,0,0,0,1,0,1,0,0,0,0,0,0,0,0,1,0,0,0,1,0,0,0,1,0,0,0,0,1,0,0,0,0,0,0,1,1,0,0,0,0,1,0,0,0,1,0,0,0,0,0,0,0,0,0,1,0,0,0,0,0,0,1,0,0,0,0,0,0,0,0,0,0,0,0,0,0,0,0,0,0,1,0,0,1,0,0,0,0,2,1,0,1,0,0,0,0,1,0,0,1,0,1,0,1,0,0,2,0,0,1,0,1,0,0,0,1,0,0,0,0,0,0,0,0,0,0,0,0,0,0,1,0,1,0,0,0,0,0,2,0,0,0,0,1
0,0,2,0,0,0,0,0,2,0,2,0,0,0,0,0,0,2,0,0,0,0,0,0,0,1,0,0,0,0,0,0,2,0,0,0,0,0,2,0,0,0,1,0,0,1,0,0,2,0,0,0,0,0,0,1,0,0,0,0,0,0,0,0,0,0,1,0,0,1,0,0,0,0,3,0,0,0,0,0,0,0,2,0,0,0,0,0,0,0,0,0,0,0,0,0,0,0,0,0,0,0,0,0,0,0,0,0,0,0,0,0,0,0,1,0,0,1,1,0,0,0,0,0,0,0,0,0,0,0,0,0,0,0,2,0,0,0,0,0,0,0,0,0,0,0,2,0,0,0,0,0,0,0,0,0,0,0,0,0,0,0,0,2,0,0,3,0,0,0,0,0,0,2,0,0,1,0,0,0,0,0,2,1,0,0,0,0,0,3,2,0,0,0,1,0,0,0,0,0,0,0,0,1,0,0,0,0,3,1,0,0,0,0,0,2,0,0,2,0,0,0,0,2,0,0,0,0,0,0,0,0,1,0,0,0,0,0,0,0,0,0,0,0,0,0,0,0,0,0,0,0,0,0,0,3
1,1,1,0,0,0,0,0,1,0,1,0,0,0,0,0,0,1,0,0,0,0,0,0,0,0,0,0,0,2,0,0,2,0,1,2,0,0,2,1,0,0,0,0,0,0,0,0,0,0,1,0,0,0,0,0,0,1,0,0,0,0,1,0,0,0,0,0,0,2,2,1,0,0,1,0,0,0,1,0,0,0,1,0,0,1,1,2,0,0,0,0,1,0,0,0,0,0,0,0,0,0,0,0,1,0,0,0,1,0,0,0,0,1,1,0,0,3,0,0,0,0,0,0,0,0,0,0,0,0,0,0,0,0,2,0,0,0,0,0,0,0,0,0,0,0,1,0,2,0,0,0,1,0,0,0,0,0,0,0,0,0,0,0,0,0,1,0,0,0,1,0,0,1,0,0,1,0,0,0,0,0,0,0,0,0,0,0,0,0,0,0,0,0,1,2,0,0,0,0,0,0,0,0,0,0,0,0,1,0,0,0,0,0,0,1,0,0,1,1,0,0,1,1,0,1,0,1,0,0,0,0,0,0,1,0,0,0,0,0,1,0,0,0,0,0,0,0,0,1,1,0,0,0,0,0
0,0,0,0,0,0,0,0,1,1,0,0,0,0,0,1,0,0,0,1,0,1,0,0,0,1,0,0,0,1,0,0,1,0,0,1,0,0,0,0,0,0,0,0,0,0,0,0,0,0,0,1,0,0,0,0,0,0,0,0,0,1,0,1,0,1,1,0,0,0,1,0,0,1,0,0,0,0,0,0,0,0,0,0,0,0,1,0,0,1,0,0,0,0,0,0,0,0,0,0,0,0,1,0,0,0,0,0,1,0,3,1,0,0,0,1,0,3,0,0,0,1,0,0,0,0,1,1,1,0,1,0,0,0,0,0,0,0,0,1,0,0,0,0,1,0,0,3,0,1,0,0,1,0,0,1,0,0,0,0,0,0,0,0,0,0,0,0,0,0,1,0,0,0,0,0,0,0,0,0,0,1,0,1,0,0,0,0,1,0,0,1,2,1,0,1,0,0,0,0,0,0,1,2,0,0,0,0,0,0,0,1,0,2,0,1,0,2,1,0,0,0,0,0,0,0,1,2,0,1,0,0,0,0,0,1,0,0,0,0,0,1,0,1,1,1,1,0,1,0,0,0,0,0,1,0
1,1,1,0,0,0,0,0,1,0,2,0,1,0,1,0,1,1,0,0,0,0,0,2,1,0,0,0,1,0,0,0,0,0,0,0,0,0,1,1,0,0,0,0,0,0,0,0,0,0,1,0,0,0,0,0,0,0,0,0,0,0,0,1,0,0,0,0,3,0,1,0,0,0,1,0,0,0,0,0,0,0,0,1,0,0,0,0,0,0,0,0,0,0,0,0,0,0,0,0,0,1,0,0,0,0,0,0,0,0,0,0,0,0,0,0,0,0,0,0,0,0,1,0,2,0,0,0,0,1,0,1,0,1,1,0,0,1,1,0,0,0,0,2,0,0,2,0,0,0,2,0,0,0,0,0,1,0,0,0,0,1,0,0,0,1,1,1,0,0,2,0,0,1,0,0,0,0,0,0,1,0,0,4,0,0,0,0,0,1,1,4,0,0,0,0,0,0,1,0,0,0,0,0,0,0,0,0,1,0,0,0,0,0,1,1,1,0,3,0,0,2,0,2,0,0,0,0,0,0,0,0,0,0,0,0,0,0,0,0,0,0,0,0,0,0,0,0,0,0,0,0,0,0,0,1
0,0,1,0,0,0,0,0,2,0,1,0,0,1,0,0,0,0,0,0,0,1,0,0,0,0,0,0,0,1,0,0,0,0,0,0,0,0,1,0,0,0,0,0,0,0,0,0,0,0,0,0,0,0,0,0,1,3,0,0,0,0,0,1,0,0,0,0,0,0,2,0,0,1,2,0,0,0,0,0,0,0,0,0,0,0,0,0,0,0,0,0,0,0,0,0,0,0,0,0,1,0,0,0,0,0,0,0,2,0,1,1,0,0,0,2,0,0,1,1,0,0,0,0,0,0,2,0,0,0,2,0,0,0,0,0,0,0,0,1,0,0,0,0,0,0,0,0,0,0,0,0,0,0,0,0,0,0,0,1,0,1,0,1,0,0,1,0,0,0,0,0,0,1,0,0,0,0,1,0,0,0,1,0,0,0,0,0,0,1,0,0,2,0,0,0,0,0,0,0,1,0,0,0,0,0,0,0,0,0,0,0,0,0,0,1,0,0,1,0,0,2,0,0,0,0,0,0,0,0,0,0,0,0,0,0,0,1,0,0,0,0,0,0,0,0,0,0,0,0,0,0,0,0,0,0
0,0,0,0,0,0,0,0,1,0,0,0,0,0,0,0,0,0,0,0,0,0,0,0,0,0,0,0,0,0,0,0,2,0,0,0,0,0,0,0,0,1,0,0,3,0,1,0,0,0,0,2,0,0,0,0,0,0,0,0,0,0,0,0,0,0,0,0,0,0,2,0,0,2,0,0,0,2,1,0,0,0,1,0,0,1,2,0,0,1,0,0,0,0,0,0,0,1,0,0,0,0,0,1,0,0,0,0,2,0,1,2,0,1,0,2,0,0,0,0,0,0,0,2,0,0,2,0,0,0,2,0,0,0,0,0,0,0,0,2,1,0,0,0,0,0,0,0,0,1,0,0,2,0,0,0,0,0,0,0,0,0,0,0,0,0,0,0,0,0,0,0,0,0,0,0,0,0,0,0,0,0,0,0,0,0,0,0,0,0,0,0,2,0,0,0,1,0,0,0,0,0,0,1,0,0,0,0,0,0,0,2,0,3,0,0,2,1,2,0,0,0,1,0,0,2,0,6,0,0,0,1,0,0,0,0,0,0,0,0,0,0,0,0,2,0,0,0,0,0,0,0,1,0,0,1
1,0,1,0,0,0,0,0,1,0,2,0,0,0,1,0,0,1,0,0,0,0,0,0,0,1,1,0,0,0,1,0,1,0,0,0,0,0,1,1,0,0,1,0,1,0,0,1,1,1,2,1,0,0,0,0,0,2,0,0,0,0,0,2,0,0,1,0,0,1,0,0,0,0,1,0,0,0,2,0,0,0,0,1,1,0,0,0,0,0,0,0,0,0,0,2,0,0,0,1,0,0,0,0,1,0,0,0,0,0,0,1,0,1,0,0,0,1,4,0,0,0,0,0,0,0,0,0,0,0,0,0,0,2,1,0,1,0,2,0,0,0,0,0,0,0,1,0,0,0,0,0,0,0,0,0,1,0,0,0,0,0,1,1,0,0,1,0,0,1,0,0,0,1,1,0,0,0,0,0,0,0,0,0,0,0,1,0,0,2,0,1,0,0,1,0,0,0,1,0,0,0,0,0,0,0,0,0,1,3,0,0,0,0,0,1,0,0,1,0,0,0,0,1,0,0,0,1,0,0,2,0,0,0,0,1,0,0,2,0,0,0,0,0,0,0,0,0,0,1,0,0,0,0,0,3
0,1,0,0,0,2,0,0,0,0,0,0,1,2,0,0,0,1,0,0,0,0,0,1,0,0,0,0,0,0,2,0,2,1,1,2,1,0,0,0,0,0,0,0,0,0,1,0,0,0,0,1,0,0,0,0,0,1,0,0,0,0,1,0,0,0,0,0,0,0,2,1,1,2,0,0,0,0,1,0,1,0,0,0,0,2,2,0,0,1,0,0,1,0,0,0,0,0,0,0,0,0,1,0,0,0,0,0,2,0,0,0,0,0,0,3,0,1,0,0,0,0,0,0,0,0,1,0,0,0,2,0,0,0,0,0,0,0,0,2,1,2,0,0,0,0,0,0,0,0,0,1,2,0,0,0,0,0,0,0,0,0,0,1,0,0,0,1,0,0,0,0,0,0,0,1,0,0,1,0,0,0,0,0,0,0,0,0,0,0,0,1,2,0,0,0,0,0,0,0,0,0,0,0,0,0,0,0,0,0,0,2,0,0,0,0,0,0,2,0,0,0,0,0,0,0,1,2,0,0,0,0,0,0,0,0,0,0,1,1,0,0,0,0,2,0,1,0,0,0,0,0,0,0,0,0
0,1,0,0,0,0,0,1,0,0,0,1,0,0,0,1,0,0,0,0,0,0,0,3,0,1,0,0,0,0,0,0,2,0,0,1,0,0,0,1,0,0,0,0,0,0,0,0,0,0,1,0,0,0,0,0,0,0,0,0,0,0,0,0,0,0,0,0,0,0,2,0,0,2,1,0,0,0,0,0,0,0,1,0,0,1,4,0,0,0,0,0,0,1,0,0,0,0,0,0,1,1,0,0,0,0,0,0,2,0,0,0,0,0,0,2,0,1,0,0,0,0,0,1,0,1,2,0,0,0,2,0,0,0,1,0,1,0,0,4,0,0,0,0,0,0,0,0,1,0,0,0,2,0,0,0,0,1,0,0,0,0,0,0,0,0,0,1,0,0,0,1,0,2,0,1,0,0,0,0,0,0,0,0,0,0,0,0,0,0,0,0,2,0,0,1,0,0,0,0,0,0,0,0,0,0,0,1,0,0,0,2,0,0,0,0,0,0,2,0,0,1,0,0,0,2,0,3,1,0,0,0,0,0,0,0,0,0,0,0,0,0,0,0,2,0,0,0,0,2,0,0,0,0,0,0
0,0,0,0,0,0,0,0,0,0,0,0,0,0,0,2,0,0,0,0,0,0,0,0,0,0,0,1,0,1,1,0,2,0,0,1,0,0,0,0,0,0,0,0,0,0,1,0,1,0,0,1,0,0,0,0,0,0,0,0,0,0,0,1,0,0,0,0,0,0,2,0,0,2,0,0,0,0,0,1,1,0,0,0,0,0,2,0,0,0,0,0,0,0,0,0,0,0,0,0,0,0,0,0,0,0,0,0,2,0,0,0,0,0,0,1,0,0,0,0,0,0,0,0,0,0,2,0,0,1,2,0,0,1,0,0,0,0,1,0,1,1,0,0,0,0,0,0,0,0,0,0,2,0,0,0,1,0,0,0,0,0,0,0,1,0,0,1,0,0,0,0,0,0,0,0,0,0,1,0,0,0,0,0,0,0,0,0,0,0,0,0,2,0,0,1,0,0,0,0,0,0,0,1,0,0,0,0,0,0,0,2,0,1,0,0,0,1,2,0,0,0,0,0,0,0,0,2,0,0,0,0,0,1,0,0,0,0,0,0,0,0,0,0,2,0,0,0,1,0,0,0,2,0,0,0
0,0,2,0,0,0,0,0,0,0,0,0,0,0,0,0,0,0,0,0,0,2,0,0,0,0,0,0,0,3,0,0,2,0,1,0,0,0,0,0,0,0,1,0,0,0,0,0,1,0,0,0,0,0,0,0,1,1,0,0,0,0,0,0,0,0,0,0,0,0,2,0,0,2,1,0,0,0,0,0,0,0,1,0,2,0,2,1,0,2,0,0,0,0,0,0,0,0,0,1,0,0,0,2,0,0,0,0,2,0,0,1,0,0,0,3,1,1,0,1,0,0,0,0,0,0,1,0,0,0,2,0,0,0,1,0,0,0,0,3,0,0,0,0,0,0,0,0,0,0,0,0,1,0,0,0,1,0,0,0,0,0,0,0,0,0,0,0,0,1,0,0,1,0,0,0,0,0,0,0,2,0,0,2,0,0,0,0,0,0,0,0,3,0,0,2,0,0,0,0,1,0,0,2,0,0,0,1,0,0,0,2,0,1,0,0,0,1,2,0,0,0,0,0,0,0,0,1,0,0,0,0,0,0,0,0,0,0,0,0,0,0,0,0,2,0,0,0,0,0,0,0,0,0,0,0
3,0,0,0,0,0,0,0,1,1,0,0,0,0,0,0,0,1,0,0,1,0,0,0,0,0,0,0,2,0,0,0,1,0,0,0,0,0,1,0,0,0,0,0,0,0,2,0,0,0,0,0,0,1,0,0,2,0,0,0,0,0,0,0,0,0,0,0,0,0,1,0,0,1,0,0,0,0,0,1,0,0,0,0,0,1,2,0,0,3,0,0,0,0,0,0,1,0,0,0,1,2,0,0,0,0,0,0,2,0,0,0,0,0,0,2,0,0,0,1,1,0,0,0,0,1,1,0,0,1,1,0,1,0,0,0,0,1,0,1,0,0,1,0,0,0,0,1,0,1,0,0,1,0,0,0,1,0,0,1,0,0,0,0,0,0,0,0,0,0,0,0,0,0,0,0,0,0,0,0,0,1,0,0,0,0,0,0,0,2,0,0,2,0,1,1,0,0,0,0,0,0,1,0,0,0,0,0,1,0,0,1,1,1,0,0,0,1,3,0,0,0,0,1,0,0,0,1,0,0,0,0,0,0,0,0,0,1,1,0,0,0,0,0,1,0,0,2,1,0,0,0,0,0,0,0
0,0,1,0,0,0,0,0,1,0,1,0,1,0,0,1,0,1,0,0,0,1,0,0,0,0,0,0,0,1,0,0,1,0,0,3,0,0,1,0,0,0,0,0,0,0,1,0,0,0,0,0,0,0,0,0,0,0,0,0,0,0,0,0,0,0,0,0,0,0,1,0,0,1,1,0,0,0,0,0,0,0,0,0,0,0,1,0,0,0,0,0,1,0,1,0,0,1,0,0,0,0,0,1,2,0,0,0,1,0,0,1,0,0,2,1,0,0,1,0,0,0,0,0,0,0,1,0,0,0,1,1,0,0,1,0,0,0,0,1,1,0,0,0,0,0,1,0,0,1,0,0,1,0,0,0,0,0,0,0,0,0,0,0,0,0,1,0,0,1,0,0,0,1,0,0,0,0,0,0,0,0,0,0,0,0,1,0,0,2,1,0,1,0,1,0,0,0,0,0,0,0,1,0,0,0,0,0,1,0,0,1,0,0,0,1,0,1,3,0,0,1,0,2,0,0,0,1,0,0,0,0,0,0,0,0,0,0,0,1,0,0,0,0,1,0,0,0,0,0,0,0,0,0,0,2
0,1,1,0,0,0,0,0,1,0,1,0,0,0,0,0,0,1,0,0,0,0,0,0,0,1,0,0,0,0,0,0,2,1,0,1,0,0,1,0,0,0,0,0,1,0,1,0,0,0,0,0,1,0,0,5,3,0,0,0,0,0,0,0,0,0,0,1,0,0,1,1,0,1,1,1,0,0,2,0,0,0,1,0,1,0,1,1,0,0,0,0,0,0,0,1,0,0,0,0,0,0,1,0,0,0,0,0,2,0,0,0,0,0,2,3,0,1,0,0,0,0,0,0,0,0,1,0,0,2,1,0,0,0,1,0,1,0,0,1,0,0,0,1,0,1,2,0,1,0,0,0,1,0,1,0,5,1,0,1,0,0,0,0,0,0,2,0,0,0,1,0,0,1,0,0,0,0,0,0,0,0,3,1,0,0,0,0,0,3,0,0,1,1,1,1,1,0,0,0,0,1,0,6,0,0,0,1,1,3,0,1,0,3,1,1,0,0,2,0,0,4,0,1,0,0,0,1,1,0,0,0,0,0,2,0,0,0,1,0,0,0,0,0,1,0,0,0,0,0,0,0,0,0,0,0
0,0,1,0,0,1,0,0,1,1,2,0,0,0,0,0,0,1,0,0,0,0,0,1,0,0,0,0,0,1,1,0,1,0,0,1,0,0,1,0,0,0,0,0,0,1,0,0,0,0,0,0,0,0,0,0,0,0,0,0,0,0,0,0,0,0,0,0,0,0,1,0,0,1,1,0,0,0,0,0,0,0,0,0,0,0,1,0,0,0,0,0,0,0,1,0,0,0,0,0,0,0,0,0,0,0,0,0,1,0,0,1,0,0,1,1,0,0,0,0,0,0,0,0,0,0,1,0,0,1,1,0,0,0,2,0,0,0,0,1,2,0,0,0,0,0,1,0,0,0,1,0,1,0,0,0,0,0,0,0,0,0,0,0,0,0,1,0,0,0,2,0,0,1,0,1,0,0,0,0,0,0,0,0,0,0,0,0,0,2,0,0,1,0,0,1,0,0,0,0,0,0,0,0,0,0,0,0,1,2,0,1,0,1,0,1,0,0,2,0,0,0,0,2,0,0,0,1,0,0,0,0,0,0,1,0,0,0,0,0,0,0,0,0,1,0,0,0,0,0,0,0,0,0,0,0
0,0,2,0,0,0,0,0,2,0,1,0,2,0,0,0,1,1,0,0,0,0,0,0,0,0,0,0,1,1,0,0,0,0,0,0,0,0,1,1,0,0,0,0,0,0,0,0,0,0,0,0,0,0,0,1,0,0,0,0,0,0,0,0,0,0,0,0,0,1,2,0,0,1,2,0,0,0,0,0,0,0,0,0,0,0,0,0,0,0,0,0,0,1,1,0,0,0,0,0,0,0,0,0,0,0,0,0,1,0,0,0,0,0,0,1,1,1,1,0,1,0,0,0,0,0,1,0,0,1,1,0,0,0,1,0,0,0,0,1,0,0,0,0,0,0,1,0,0,0,0,0,0,0,0,0,0,0,0,0,0,0,0,0,0,1,2,0,0,0,1,0,0,1,0,0,0,0,0,0,0,1,1,2,0,0,0,0,0,2,2,0,1,0,0,0,0,0,0,0,0,0,0,0,0,0,0,0,1,1,0,1,0,1,0,2,0,0,2,0,0,0,0,1,0,0,0,0,0,0,0,0,0,1,0,0,0,0,1,0,0,0,1,0,0,0,0,1,0,0,0,0,0,0,0,3
0,0,1,0,0,0,0,0,1,0,1,0,0,0,0,0,0,1,0,0,0,0,0,0,0,0,0,0,1,0,0,0,1,0,0,0,1,0,1,0,0,0,0,0,1,0,1,0,1,0,0,0,0,0,0,0,0,0,1,0,0,0,0,1,0,0,0,0,0,0,1,0,0,1,1,0,0,0,0,0,0,0,0,0,0,3,3,0,1,0,0,0,0,0,0,2,0,1,0,0,0,0,0,0,2,0,0,0,1,0,2,3,0,0,0,1,5,0,0,1,1,1,0,1,0,2,1,0,0,0,1,0,0,0,1,0,0,0,0,1,0,0,0,0,2,3,1,0,0,0,0,0,1,0,0,0,0,1,0,0,0,0,0,2,0,0,1,0,0,1,0,1,0,1,0,0,1,0,0,0,0,0,0,0,0,0,0,0,0,1,0,0,1,0,2,0,0,2,1,0,0,0,0,0,0,0,0,1,1,1,0,1,0,0,0,1,0,0,2,0,0,0,0,1,1,2,0,4,0,0,0,0,0,1,1,1,0,1,0,0,0,0,1,0,1,0,0,0,3,0,0,0,0,0,0,0
0,0,0,0,0,0,0,0,1,0,0,0,3,0,0,0,0,0,0,0,0,2,0,2,0,0,0,0,0,3,0,0,2,0,0,0,0,0,0,0,0,0,2,1,0,0,0,0,0,0,2,1,0,0,0,0,0,0,0,0,0,0,0,0,0,0,0,0,0,0,2,0,0,2,0,0,2,0,1,0,2,0,1,0,0,2,2,2,0,0,0,0,0,0,0,0,0,0,0,0,0,0,2,1,0,0,0,0,2,1,0,1,0,1,0,2,0,0,0,0,1,1,0,2,0,0,3,0,0,1,2,0,0,0,0,0,0,0,0,2,0,0,0,0,1,0,0,0,0,0,0,0,2,0,1,1,0,0,0,1,0,0,0,0,1,0,1,0,0,2,0,0,0,0,0,0,0,0,0,0,0,0,0,1,0,0,0,0,0,0,0,0,2,0,0,0,0,1,0,0,0,0,1,2,0,0,0,0,0,0,1,2,0,3,0,0,0,1,2,0,0,0,0,0,0,0,0,2,0,0,0,0,0,0,0,0,0,0,0,0,0,0,0,0,2,0,0,0,1,0,0,0,0,0,0,0
0,0,2,0,0,0,0,0,2,0,2,0,0,0,0,0,0,2,0,0,0,0,0,0,0,1,0,0,1,0,1,0,1,0,0,0,0,0,2,0,0,0,1,0,0,0,0,0,0,0,0,0,0,0,0,0,0,0,0,0,0,0,0,0,0,0,0,0,0,0,0,0,0,0,2,0,0,0,0,0,0,0,0,0,0,0,0,0,0,0,0,0,0,0,0,0,0,0,0,0,0,0,0,0,0,0,0,0,0,0,0,0,0,0,0,0,0,0,0,0,0,0,0,0,0,0,0,0,0,0,0,0,0,0,3,0,0,0,0,0,0,0,0,0,0,1,2,1,0,1,0,0,0,0,0,0,0,0,0,0,0,0,0,0,0,0,2,0,0,0,0,0,0,2,0,0,0,0,0,0,0,0,0,0,0,0,1,0,0,2,0,0,0,0,0,0,0,0,0,0,0,0,0,0,0,0,1,0,2,0,0,0,0,0,2,2,0,0,3,0,0,0,1,2,0,0,0,0,0,0,0,0,0,0,2,0,0,0,0,0,0,0,0,0,0,0,0,0,0,0,1,0,0,0,0,0
0,0,1,0,0,0,0,1,2,0,1,0,0,0,0,1,0,1,0,0,1,0,0,0,0,0,0,0,1,1,0,0,1,0,0,0,0,0,1,0,0,0,1,0,0,0,0,0,0,0,0,0,0,0,0,0,0,0,1,0,0,0,0,1,0,0,0,0,0,0,1,0,0,1,1,1,0,0,0,0,0,1,0,0,0,0,1,0,0,0,0,0,0,0,0,0,0,0,0,0,0,0,1,0,0,0,0,1,1,0,0,1,0,0,1,1,0,1,0,0,0,0,0,0,0,0,1,0,0,0,1,0,0,0,1,0,1,0,0,1,0,1,0,0,0,1,1,0,0,0,0,0,1,0,0,0,0,0,0,0,0,0,0,0,0,0,1,0,0,0,0,0,0,1,0,0,0,0,0,0,0,0,0,0,0,0,0,0,0,1,0,0,1,1,0,1,0,0,0,0,0,0,0,0,0,0,0,0,1,1,0,1,0,0,0,1,0,1,2,0,0,1,0,1,0,0,0,1,0,0,0,0,0,0,0,0,0,0,1,0,0,0,0,0,1,0,0,1,0,0,0,0,0,0,0,0
0,0,2,0,0,0,0,0,2,0,2,0,0,0,0,0,0,2,0,0,0,0,0,0,0,0,0,0,0,0,0,0,1,0,2,0,0,0,2,0,0,0,2,0,0,1,0,0,1,0,0,0,0,0,0,0,0,0,0,0,0,0,0,0,0,0,0,0,0,0,0,0,0,0,2,0,0,0,0,0,0,0,0,0,0,0,0,0,0,0,0,0,0,0,0,0,0,0,0,0,0,0,0,0,1,0,0,0,0,0,0,0,0,0,0,0,0,0,0,0,0,0,0,0,0,0,0,0,0,0,0,0,0,1,2,0,0,0,0,0,0,0,0,0,0,2,2,0,0,0,1,0,0,0,0,0,0,2,0,0,0,0,0,0,0,0,2,0,0,0,1,0,0,2,0,0,0,0,0,0,0,1,0,1,0,0,2,0,0,1,0,0,0,2,1,0,0,0,0,1,0,0,0,0,0,0,0,0,2,1,0,0,0,0,0,2,0,0,3,0,0,1,0,2,0,0,0,0,0,0,0,0,0,0,1,0,0,0,0,0,0,0,0,0,0,0,0,0,0,0,0,0,0,0,0,0
0,0,0,0,0,0,0,0,0,0,1,0,0,0,0,0,0,0,0,0,0,1,0,0,0,0,0,0,0,2,0,0,3,0,0,2,0,0,0,0,0,0,0,1,0,0,0,0,0,0,0,0,0,0,0,0,1,0,0,0,0,0,0,0,0,1,0,0,0,1,2,0,0,2,0,0,0,0,0,0,0,0,0,0,0,0,2,0,0,2,0,0,1,0,0,0,0,0,0,0,0,0,0,0,0,0,0,0,2,0,0,0,0,0,0,1,0,1,0,0,0,0,0,0,0,0,1,0,0,1,2,0,0,0,0,0,0,0,0,3,1,0,0,0,0,0,0,0,0,0,0,0,2,0,0,0,1,0,0,0,1,1,0,1,0,0,0,1,0,1,0,0,0,0,0,1,0,0,0,0,0,0,0,1,0,0,0,0,0,0,0,0,2,0,0,1,0,0,0,0,0,0,0,1,0,0,0,0,0,0,0,2,0,3,0,0,0,0,2,0,2,0,0,0,0,0,0,2,1,0,0,0,0,0,0,0,0,0,0,0,0,0,0,0,2,1,1,0,0,0,0,0,0,0,0,0
0,0,1,0,0,0,0,0,1,0,1,0,0,0,0,1,0,1,0,0,0,0,0,1,0,1,0,0,0,1,1,0,1,0,0,0,0,0,1,0,0,0,0,0,0,0,0,0,0,0,1,0,0,0,0,0,0,0,0,0,0,0,0,0,0,0,0,0,0,0,1,0,0,1,1,0,0,1,0,0,0,0,0,0,0,0,1,0,0,0,0,0,0,0,0,0,0,0,0,0,0,0,0,0,0,0,0,0,1,0,0,0,0,0,0,1,0,0,0,0,0,0,0,0,0,0,1,0,0,0,1,2,0,1,1,0,0,0,0,1,0,0,0,0,0,0,1,1,0,0,0,0,1,0,0,0,2,0,0,1,0,0,0,0,0,0,1,0,0,0,0,0,0,1,0,0,1,0,0,0,0,0,0,1,0,0,0,0,0,1,0,0,1,0,0,1,0,0,0,0,1,0,0,1,0,0,0,0,2,1,0,1,0,1,0,1,0,0,2,0,0,1,0,1,0,0,0,1,0,0,0,0,0,0,2,1,0,0,0,0,0,0,0,0,1,0,0,0,0,0,0,0,0,0,0,0
0,0,2,0,0,1,0,0,2,0,2,0,0,0,0,0,0,2,0,0,0,0,1,0,0,1,0,0,0,0,1,0,1,0,0,0,0,1,2,0,0,0,0,0,1,0,0,0,0,0,0,0,0,0,0,0,1,0,0,0,0,0,0,0,0,0,0,0,0,0,0,0,2,0,2,0,0,0,0,0,0,0,0,0,0,0,0,0,0,0,0,0,0,1,1,2,0,0,0,0,0,0,0,0,0,0,0,0,0,1,0,0,0,0,0,0,0,0,0,0,0,0,0,0,0,0,0,1,3,0,0,0,0,0,1,0,2,0,0,2,4,0,0,0,0,2,2,2,0,0,0,0,0,0,0,0,0,2,1,0,0,0,2,0,0,0,2,1,0,0,0,0,0,2,0,0,1,0,0,0,1,0,0,0,0,0,1,0,0,3,0,0,0,0,0,1,0,0,0,0,0,0,0,0,0,0,0,0,2,2,0,2,0,3,2,2,0,0,2,0,0,1,0,2,0,0,0,0,0,0,0,0,0,1,2,0,0,0,0,0,0,0,0,0,0,0,1,0,0,0,0,0,0,0,0,3
0,0,1,0,0,0,0,1,2,0,2,1,0,0,0,1,0,1,0,0,0,0,0,0,0,2,0,0,0,1,2,0,2,0,1,1,0,0,1,1,0,0,0,0,0,0,0,0,0,0,0,0,0,0,0,1,0,0,0,1,0,0,0,0,0,1,0,0,0,0,1,0,0,1,1,0,0,1,0,0,1,0,0,0,0,1,1,0,0,1,0,0,0,0,0,0,0,0,0,0,0,0,0,0,0,0,0,0,1,0,3,0,0,0,0,1,0,4,0,0,1,0,0,1,0,0,0,0,0,1,1,0,0,0,2,0,0,2,0,3,0,0,0,1,0,0,1,0,1,0,1,0,1,0,0,0,0,0,0,1,0,0,0,0,0,0,2,0,0,0,1,0,0,1,0,1,2,0,2,0,1,0,1,1,0,0,0,0,0,3,2,0,1,0,0,0,0,0,0,0,0,0,0,0,0,0,0,0,1,1,0,1,0,1,0,1,0,0,2,0,0,0,0,1,0,0,0,1,0,0,0,0,0,1,0,0,0,0,0,0,0,0,0,0,1,0,0,0,0,0,1,0,0,0,0,1
0,0,0,0,0,0,0,0,0,0,0,0,0,0,0,0,0,0,0,0,0,1,0,1,0,0,0,0,0,2,1,0,3,0,0,1,0,0,0,0,0,0,0,0,0,0,0,0,0,0,0,0,0,0,0,0,0,0,0,0,0,0,0,0,0,0,0,0,0,0,2,0,0,2,0,0,0,0,0,0,0,0,1,0,0,1,2,1,0,0,0,0,0,0,0,0,0,0,0,0,1,0,0,0,0,0,0,0,2,0,0,0,0,0,0,2,0,1,0,0,1,0,0,0,0,0,2,0,0,1,2,0,0,1,0,0,0,0,0,1,0,0,0,0,0,0,0,0,0,0,0,0,2,0,0,0,3,0,0,0,0,0,0,0,0,0,0,0,0,0,0,0,0,0,0,0,0,0,0,0,0,0,0,0,0,0,0,0,0,0,0,0,2,0,0,1,0,0,0,0,0,0,2,1,1,0,0,0,0,0,0,2,0,3,0,0,0,0,2,0,0,1,0,0,0,0,0,2,0,0,0,0,0,0,0,0,0,0,0,0,0,0,0,0,2,0,0,0,0,0,0,0,0,0,0,0
0,0,0,0,0,1,0,0,0,0,0,0,0,0,0,0,0,0,0,0,0,0,0,0,0,0,0,0,0,1,0,0,2,0,2,0,0,0,0,0,0,0,0,0,0,0,0,0,0,0,0,0,0,0,0,0,1,0,0,0,0,0,0,0,0,0,0,0,0,0,2,0,0,2,0,0,0,0,0,0,0,0,0,0,0,0,3,0,0,1,0,0,0,0,1,0,0,0,0,0,1,0,0,0,1,0,0,0,2,0,2,1,0,0,0,2,0,1,0,0,0,0,0,1,0,0,1,0,0,0,2,0,0,0,0,0,0,0,0,2,0,0,0,0,0,0,0,0,0,0,0,0,2,0,0,0,0,0,0,0,0,0,0,0,0,0,0,0,0,0,1,0,0,0,0,0,0,0,0,0,0,0,0,0,0,0,0,0,0,0,0,0,2,0,0,2,0,0,0,1,1,0,0,0,0,0,2,0,0,0,0,2,0,0,0,0,0,0,2,0,0,1,0,0,0,0,0,2,0,0,0,0,1,0,0,0,0,0,0,0,1,0,0,0,3,0,0,1,0,0,0,0,0,0,0,0
0,0,1,0,0,0,0,0,1,0,0,0,0,0,0,0,0,0,0,0,0,0,0,0,0,0,0,0,0,2,0,0,1,0,0,1,0,0,0,0,0,0,0,0,0,0,0,0,0,0,0,0,0,0,0,1,0,0,1,0,0,0,0,0,0,0,0,0,0,0,2,0,0,2,1,0,0,0,0,1,0,0,0,0,0,0,2,0,0,0,0,0,0,0,0,0,0,0,0,0,1,0,0,0,0,0,0,0,2,0,2,1,0,0,0,2,0,0,1,0,0,0,0,0,0,0,2,0,0,0,2,0,0,0,0,0,0,0,0,2,1,1,0,0,0,0,0,0,0,0,0,0,1,0,0,0,0,0,0,0,0,0,0,0,0,0,0,0,0,0,0,0,0,0,0,0,0,0,0,0,0,0,1,0,0,0,0,0,0,1,0,0,2,0,0,2,0,0,0,0,0,0,0,3,0,0,0,0,0,0,0,2,0,3,0,0,0,0,3,0,0,1,0,0,0,0,0,1,0,0,0,0,0,0,0,0,0,0,0,0,0,0,0,0,1,0,0,0,0,1,0,0,0,0,0,1
0,0,2,0,0,0,0,2,1,0,1,1,1,0,0,0,0,1,0,0,0,0,0,0,0,0,0,0,1,1,1,0,3,0,0,0,0,0,1,0,0,0,0,0,0,0,0,0,1,0,0,0,0,0,0,0,0,0,0,0,0,0,0,0,0,0,0,0,0,0,3,1,0,1,1,0,0,0,3,0,1,0,0,0,0,0,3,0,0,0,0,0,0,0,0,0,0,1,0,0,1,0,0,0,4,0,0,2,1,0,2,0,0,0,2,1,0,1,1,0,0,0,0,0,0,0,1,0,0,0,1,0,0,0,1,0,0,0,0,1,0,0,0,0,0,0,1,0,0,0,0,0,1,0,0,0,1,0,0,0,0,0,0,0,0,0,1,0,0,0,0,0,0,3,0,0,1,0,1,0,1,0,0,1,1,1,0,2,0,2,2,0,3,0,0,1,0,0,0,1,0,0,2,1,1,0,0,0,1,1,0,1,0,0,0,1,1,1,2,0,0,0,0,1,0,0,0,1,1,0,1,0,0,0,0,0,0,0,0,1,0,0,0,0,1,1,0,0,1,0,0,0,0,0,0,2
0,0,1,0,0,0,0,0,1,0,1,0,0,0,0,0,0,1,0,0,0,0,0,0,0,0,0,0,0,0,0,0,1,0,0,0,0,0,1,0,0,0,0,0,0,0,0,0,0,0,0,0,0,0,0,0,0,0,0,0,0,1,0,0,0,0,0,0,0,0,1,0,0,1,1,0,1,0,1,0,0,0,1,0,1,0,1,0,0,0,0,0,0,0,0,0,0,0,0,0,0,0,0,0,2,0,0,0,1,0,1,0,0,0,0,1,0,0,3,0,0,0,0,0,0,0,1,1,0,0,1,0,0,0,1,0,0,0,0,1,0,0,0,0,0,0,1,0,0,0,0,1,2,0,0,2,1,0,0,1,0,0,0,0,0,0,1,0,0,0,0,0,0,1,0,0,0,0,0,0,0,0,0,1,0,0,3,0,0,3,2,0,1,0,0,0,0,0,0,0,0,0,0,0,0,0,0,0,1,0,0,1,0,1,0,1,1,0,2,0,0,1,0,1,0,0,0,1,0,0,0,0,1,0,3,0,0,0,0,0,0,0,0,0,1,0,0,0,1,0,0,0,0,0,0,0
0,0,0,0,0,0,0,0,1,0,0,0,1,0,0,2,0,0,0,0,1,1,0,0,0,0,0,0,0,3,0,0,2,0,0,0,0,0,0,0,0,0,0,0,0,0,0,0,0,0,0,0,0,0,0,1,1,0,0,0,0,0,0,0,0,0,0,0,0,0,2,0,0,2,0,0,0,0,2,0,0,0,0,0,1,1,2,2,0,0,0,0,0,0,0,0,0,0,0,0,0,0,0,1,0,0,0,0,2,0,0,0,0,0,0,1,0,1,0,0,0,0,0,0,0,0,2,0,0,4,2,1,0,0,0,0,0,0,2,2,0,0,0,0,1,0,0,0,0,0,0,1,2,0,0,0,0,0,0,1,0,0,0,0,0,0,0,1,0,1,0,0,0,0,0,1,0,0,1,0,0,0,0,0,0,0,0,0,0,0,0,0,3,0,0,1,0,0,0,0,1,0,0,3,0,0,0,0,0,0,0,2,0,3,0,0,0,0,2,0,0,1,0,0,0,0,0,2,0,0,0,0,0,0,0,0,0,0,0,0,0,0,0,0,2,0,0,0,0,0,0,0,0,0,0,0
0,0,0,0,0,0,0,1,0,0,0,0,0,0,0,0,0,0,0,0,0,0,0,0,0,0,0,0,0,1,1,0,2,0,0,0,0,0,0,0,0,0,1,0,0,0,0,0,0,1,0,0,0,0,0,0,0,0,1,0,0,0,1,0,0,0,0,0,0,0,2,0,0,2,0,0,0,2,0,1,0,0,1,0,0,0,2,0,0,0,0,0,0,1,0,0,0,0,0,0,1,0,0,0,0,0,0,0,2,0,0,0,0,0,0,2,0,0,0,0,0,0,0,0,0,0,2,0,0,0,2,0,0,0,0,0,0,0,0,3,0,0,0,0,0,0,0,0,0,0,0,0,2,0,0,0,1,0,0,0,0,0,0,0,0,0,0,0,0,0,0,0,0,0,0,0,0,0,0,0,0,0,0,0,0,0,0,0,0,0,0,0,2,0,0,1,0,0,0,1,0,0,0,2,0,0,0,0,0,0,0,2,0,1,0,0,1,0,2,0,0,2,0,1,0,0,0,2,0,0,0,0,0,0,0,0,0,0,0,0,0,0,0,0,3,0,0,0,0,0,0,0,0,0,0,1
0,0,0,0,0,0,0,0,0,0,0,3,1,0,0,1,1,0,0,0,0,4,0,0,0,0,0,0,0,2,0,0,2,0,1,2,3,0,0,0,0,0,0,0,0,0,0,0,0,0,0,0,0,0,0,2,0,0,0,0,1,0,0,0,0,0,0,0,0,1,2,2,0,3,3,0,0,0,0,1,0,0,1,0,0,1,2,0,0,0,0,0,0,0,2,0,0,0,0,0,3,0,0,0,0,0,0,0,2,0,0,0,0,1,0,2,0,1,0,0,0,0,0,0,0,0,2,0,0,0,2,1,0,0,1,0,0,0,0,2,0,0,0,0,0,0,0,0,0,0,0,0,2,0,0,0,3,0,0,0,0,1,0,0,0,0,0,0,0,0,0,0,0,0,0,0,0,0,0,0,0,1,0,1,0,0,0,0,0,0,0,0,2,0,0,1,0,0,0,0,1,0,0,3,0,0,0,1,0,0,0,2,0,4,0,0,2,2,2,0,0,0,0,0,0,0,2,2,0,0,0,0,0,1,0,0,0,0,2,0,0,0,0,0,2,0,0,0,0,0,0,0,0,0,0,1
0,0,2,0,0,0,0,0,2,0,1,0,1,0,0,1,0,1,0,0,0,0,0,0,0,1,0,1,0,1,1,0,1,0,0,0,0,0,2,0,0,0,1,0,0,0,0,0,0,0,0,0,0,0,0,1,0,0,0,0,0,0,0,0,0,0,0,0,0,0,1,0,0,0,2,0,0,0,0,0,0,0,0,0,0,0,0,0,0,0,0,0,0,1,0,0,0,0,0,0,0,0,0,0,0,0,0,0,1,0,2,0,0,0,0,0,0,1,1,0,1,0,0,0,0,0,2,0,0,0,1,1,0,0,1,0,0,0,0,1,0,0,0,0,0,0,1,0,0,0,1,0,0,0,0,0,1,1,0,0,0,0,0,0,0,0,2,0,0,0,0,0,0,2,0,0,0,0,0,0,0,0,1,0,0,0,0,0,0,1,0,0,1,0,0,0,0,0,0,0,0,0,1,1,0,0,0,0,2,2,0,0,0,0,0,3,0,0,2,0,0,0,0,1,0,0,0,0,0,1,0,0,0,0,2,0,0,0,0,0,0,0,0,0,0,0,0,0,0,2,0,1,0,0,0,2
0,0,1,0,0,0,1,1,1,0,1,0,0,1,0,0,0,1,0,0,0,2,0,0,0,1,0,0,0,2,1,1,2,0,0,1,0,0,1,0,0,0,0,0,0,0,2,0,0,1,0,0,0,0,0,0,0,0,0,0,0,0,0,0,0,0,0,0,0,1,1,0,0,1,1,0,0,0,0,0,0,0,0,0,0,1,2,0,1,0,0,0,0,0,0,0,0,1,0,0,0,0,0,0,0,0,0,0,1,0,1,1,0,0,0,1,0,1,0,0,1,0,0,0,0,1,2,0,0,1,1,2,0,0,0,0,0,0,0,1,1,0,2,0,0,1,1,0,0,0,0,0,1,0,0,0,0,2,0,0,0,0,0,1,0,0,1,0,0,0,1,0,0,1,0,1,0,0,0,0,0,0,0,0,0,0,0,0,0,5,0,0,1,0,0,0,0,0,0,0,0,0,0,0,0,0,0,0,1,1,0,1,0,0,0,1,1,0,2,0,0,0,0,2,0,1,0,2,0,0,0,0,0,0,0,0,0,0,0,0,0,0,0,0,1,0,0,0,0,0,0,0,0,0,0,4
0,0,1,0,0,0,0,0,1,0,2,0,0,0,0,0,0,1,0,0,0,0,0,0,0,0,0,0,0,0,0,0,2,0,0,1,1,0,1,0,0,0,0,0,0,0,0,0,0,0,0,0,0,0,0,0,0,0,0,0,0,0,0,0,0,0,0,0,0,0,1,0,0,1,1,0,0,0,0,0,0,0,0,0,0,0,1,1,0,0,0,0,0,0,0,0,0,0,0,0,1,0,0,0,0,0,0,0,1,0,0,0,0,0,1,1,0,0,0,0,0,0,0,0,0,0,1,0,1,1,1,0,0,0,1,0,1,0,0,1,1,0,0,0,0,0,1,0,0,0,0,0,1,0,0,0,1,0,0,0,0,0,1,0,0,0,1,0,0,0,0,0,0,1,0,0,0,0,0,0,0,0,0,0,0,0,0,0,0,0,0,0,1,0,0,1,0,0,0,0,0,0,0,0,0,0,0,0,1,0,1,1,0,0,0,1,0,0,2,0,0,0,1,1,0,0,1,1,0,0,0,0,0,0,0,0,0,0,0,0,0,0,0,0,1,0,0,0,0,0,0,0,1,0,1,0
0,0,1,0,0,0,0,0,1,0,1,0,0,1,0,0,0,1,0,0,0,0,0,0,0,0,0,0,0,0,1,1,1,0,0,0,0,0,1,1,0,0,0,0,0,1,0,0,0,0,0,0,0,0,0,0,0,1,0,0,1,0,0,0,0,0,0,0,1,0,0,0,0,0,3,0,0,0,0,0,0,0,0,0,0,0,0,2,0,0,0,0,0,0,1,0,0,0,2,0,0,0,0,0,0,0,0,0,0,0,0,0,0,0,0,0,0,0,1,1,0,0,0,0,0,0,0,0,0,0,0,0,1,1,1,0,0,0,0,0,0,0,0,0,0,0,1,0,0,0,1,0,0,0,0,0,0,0,0,0,0,1,0,0,0,0,1,0,0,0,0,0,0,2,0,0,1,0,1,0,0,0,0,0,0,0,0,0,0,1,0,0,0,0,0,0,0,2,0,0,0,1,0,0,0,0,0,0,1,0,0,0,0,0,0,1,0,0,1,0,0,1,0,1,0,0,0,0,0,0,0,0,0,0,1,0,1,1,0,0,0,0,0,0,0,1,0,0,0,0,0,0,0,0,0,0
0,0,0,0,0,0,0,0,0,0,0,0,0,0,0,0,0,0,0,0,0,0,0,0,0,0,0,0,1,0,1,0,1,1,0,0,0,0,0,0,0,0,0,1,0,0,0,0,0,0,0,0,0,0,0,1,0,0,1,0,1,0,1,2,0,1,0,0,0,0,1,1,1,1,0,0,0,1,0,1,1,0,2,0,4,3,1,2,0,0,0,0,0,1,0,0,0,0,0,0,0,0,0,0,0,0,0,0,1,1,0,0,0,0,1,1,1,1,0,0,0,2,0,0,1,0,1,0,0,0,1,0,0,0,0,1,0,0,1,1,0,0,0,0,0,2,1,0,0,0,0,0,1,1,2,0,3,0,0,0,0,0,0,0,0,1,0,0,0,1,0,0,0,0,0,0,0,0,4,0,0,1,0,0,1,0,2,0,0,0,0,2,1,0,0,0,1,0,0,1,1,0,4,4,0,0,0,0,0,4,0,1,0,1,0,0,0,0,2,0,0,1,0,0,0,0,0,1,0,0,1,0,0,0,0,1,0,0,0,0,2,0,0,0,1,0,1,0,0,0,0,0,0,0,0,0
0,1,1,1,0,0,0,0,2,0,2,1,0,0,0,0,0,1,0,0,0,0,0,0,0,0,0,0,0,0,0,0,1,2,0,1,0,0,1,1,0,0,2,0,1,0,0,0,0,4,0,0,0,0,0,0,0,0,0,1,0,1,0,6,0,0,0,0,0,0,1,1,0,1,1,0,0,2,0,0,0,0,0,0,0,0,1,0,0,0,0,0,0,0,0,0,0,0,0,0,0,0,0,1,0,0,0,0,1,0,0,1,0,0,0,1,0,0,0,0,0,0,0,0,0,1,2,0,2,1,1,0,0,2,1,0,1,0,0,1,0,0,0,0,0,0,1,0,0,0,0,0,1,0,0,0,0,0,0,0,1,0,0,0,1,0,1,0,0,0,0,0,0,1,0,2,0,0,0,0,0,0,0,1,0,0,0,0,0,2,0,0,1,0,2,1,0,0,0,0,0,0,0,0,0,0,0,0,1,2,0,1,0,1,2,1,1,0,2,2,0,5,0,1,1,0,0,1,0,0,0,0,0,0,2,1,0,0,0,1,0,0,0,1,1,0,0,0,0,0,0,0,1,0,0,0
0,0,2,0,0,0,0,0,1,0,0,0,1,1,0,0,0,0,0,0,0,0,0,0,0,0,0,0,0,0,0,0,2,1,0,1,0,0,0,1,0,0,0,0,0,0,0,0,0,0,0,0,0,0,0,0,0,0,0,0,0,0,0,0,0,0,0,0,0,0,2,0,0,2,0,0,1,0,0,0,0,0,0,0,0,0,2,0,0,0,0,0,0,0,0,0,0,0,0,0,0,0,0,1,0,0,0,0,2,0,1,0,0,0,1,2,0,2,0,0,2,0,0,0,0,0,2,0,0,1,2,0,0,0,0,0,0,0,0,2,0,0,0,0,0,0,0,0,0,0,0,0,2,0,0,0,0,0,0,0,0,0,1,0,0,0,0,0,0,0,0,0,0,0,0,1,0,0,0,0,0,0,0,0,0,0,0,0,0,0,0,0,2,0,0,0,0,0,0,0,0,0,1,0,0,0,0,0,0,0,0,2,0,2,0,0,0,1,2,0,0,0,0,0,0,0,0,2,0,0,0,0,0,0,0,0,0,0,0,0,0,0,0,0,2,1,0,1,0,0,0,0,1,0,0,0
0,0,0,0,0,1,0,2,0,0,1,1,0,0,0,1,0,0,0,0,0,3,0,4,0,0,0,0,0,0,2,0,2,0,0,1,0,0,0,0,0,0,0,0,0,0,1,0,0,0,0,0,0,0,0,0,0,0,0,0,0,0,0,0,0,0,0,0,0,0,2,3,0,2,0,0,0,0,0,0,0,0,0,0,0,2,2,0,0,3,0,0,0,0,0,0,0,0,0,0,0,0,0,0,0,0,0,0,2,0,3,2,0,0,0,2,0,0,0,0,1,0,0,0,0,0,1,0,0,1,2,0,0,0,0,0,0,0,1,2,0,0,0,0,0,0,0,0,0,0,0,0,2,0,0,0,0,0,1,0,0,0,0,0,1,0,0,1,0,0,0,0,0,0,0,1,0,0,2,0,0,0,0,1,0,0,0,0,0,0,0,0,2,0,0,1,0,0,0,0,0,0,0,0,0,0,0,0,0,0,0,2,0,2,0,0,0,0,2,0,0,1,0,0,0,0,0,2,0,0,0,0,0,1,0,0,0,0,0,0,0,0,2,0,2,0,0,0,2,0,0,1,1,0,0,0
0,0,1,0,0,0,0,0,1,0,1,0,0,0,0,0,0,1,0,0,0,0,0,0,0,0,0,0,0,0,1,0,2,0,0,0,0,0,1,0,0,0,1,0,0,0,0,0,0,0,0,0,0,0,0,0,1,0,0,0,0,0,0,1,0,0,0,0,0,0,1,0,0,1,1,0,0,0,0,0,0,0,0,0,0,0,1,0,0,0,0,0,0,0,0,0,0,0,0,0,1,0,0,0,0,0,0,0,1,0,1,0,0,0,1,1,2,0,0,0,0,0,0,0,0,0,3,0,0,0,1,0,0,0,1,0,0,0,0,1,0,0,0,0,0,0,1,0,0,0,0,0,1,0,0,0,2,0,0,0,0,0,0,1,0,0,1,0,0,0,0,0,0,1,0,0,0,0,0,0,0,0,0,0,0,0,0,0,0,0,0,0,1,0,1,0,0,0,0,0,0,0,1,1,0,0,0,1,1,0,0,1,0,2,1,1,2,0,2,0,0,0,0,1,0,0,0,1,0,0,0,0,0,0,1,0,0,0,0,0,0,0,0,0,2,0,1,0,0,0,0,0,0,0,0,0
0,0,1,0,0,1,1,1,1,0,1,0,1,0,0,0,0,1,0,0,0,0,0,2,0,0,0,0,1,0,1,0,1,0,0,0,0,0,1,0,0,0,0,0,0,1,0,0,0,0,0,0,0,0,0,0,0,0,0,0,0,0,0,2,0,0,0,0,0,0,1,0,0,1,1,1,1,2,0,0,2,0,2,0,0,2,2,0,0,0,0,0,0,0,0,0,1,0,0,0,0,0,1,0,1,0,0,1,1,0,0,0,0,0,0,1,2,2,0,0,2,0,0,0,0,0,1,0,0,1,1,0,0,0,1,0,0,0,0,1,0,0,0,0,1,0,1,2,0,0,0,0,1,0,0,0,0,0,0,0,0,0,0,0,0,0,1,0,0,0,0,0,0,1,0,0,0,0,0,0,0,0,0,0,0,0,0,0,0,0,0,0,1,0,0,0,0,0,0,0,1,0,1,1,0,0,0,0,1,0,0,1,0,1,0,1,0,0,2,0,0,2,0,2,0,0,0,1,0,0,0,0,0,0,0,0,0,0,0,0,0,0,0,0,1,0,0,0,0,0,0,0,0,0,0,0
0,0,0,1,0,1,0,0,0,0,0,0,0,0,0,0,0,0,0,0,0,0,0,1,0,0,0,0,0,1,0,0,2,0,1,1,1,0,0,0,0,0,0,0,0,0,0,0,0,0,0,1,0,0,0,0,1,1,0,0,0,1,0,0,0,0,0,1,0,0,2,0,0,2,0,0,0,0,0,0,0,0,0,0,0,1,2,0,0,1,0,0,0,0,0,1,0,0,0,0,2,0,0,0,0,0,0,0,2,0,0,0,0,0,0,2,0,0,0,1,0,0,0,0,0,0,3,0,0,1,2,0,0,0,0,0,0,0,0,1,1,0,0,0,0,0,0,1,0,0,0,0,2,0,0,0,1,0,0,0,0,0,0,0,0,0,0,1,0,0,0,0,0,0,0,0,0,0,0,0,0,0,0,0,0,0,0,0,0,0,0,0,1,0,0,0,0,0,0,0,0,0,0,0,0,0,0,0,0,0,0,2,0,0,0,0,0,0,2,0,0,0,0,0,0,0,0,2,0,0,0,1,1,1,0,0,0,0,0,0,0,0,0,0,2,0,0,1,0,0,0,0,0,0,0,0
0,0,2,0,0,0,0,0,2,0,2,0,1,0,0,1,0,2,0,0,0,0,1,2,0,2,0,0,2,0,2,0,1,0,0,0,0,0,2,0,0,0,0,0,0,0,0,0,0,0,0,0,0,0,0,0,0,0,0,0,0,0,0,0,0,0,0,0,0,0,0,0,0,0,2,1,1,0,1,0,0,0,0,0,1,0,0,0,0,0,0,0,0,0,0,0,0,0,0,0,0,0,0,0,1,0,0,0,0,0,0,0,0,0,0,0,0,1,0,0,0,0,0,0,0,1,1,1,0,0,0,1,0,1,2,0,0,0,0,0,1,0,0,0,0,0,2,0,0,0,1,0,0,0,0,0,0,1,0,0,0,0,0,0,0,0,2,0,0,0,0,0,0,3,0,0,0,0,0,0,0,1,0,0,0,0,0,0,0,0,0,0,0,0,0,0,0,0,1,0,0,0,0,0,2,0,0,0,5,2,0,1,0,0,0,2,0,0,2,0,0,0,0,2,0,0,0,0,0,0,0,0,0,0,2,1,0,0,1,0,1,0,0,0,0,1,0,0,0,1,0,0,0,0,0,0
0,0,1,0,0,2,0,0,1,0,2,0,0,0,1,0,0,1,0,0,0,0,0,1,0,0,0,0,0,3,2,0,3,0,0,3,0,0,1,0,0,0,2,0,0,0,0,0,1,0,0,0,0,0,0,0,0,0,0,0,0,0,0,0,0,0,0,0,0,1,1,1,0,1,1,0,0,0,0,0,0,0,1,0,1,2,1,2,0,0,0,0,0,0,1,0,0,0,0,0,0,0,0,0,0,0,0,1,1,0,1,0,0,0,0,1,0,0,0,0,0,0,0,2,0,1,1,0,0,1,1,0,0,0,5,0,0,0,0,3,0,1,0,0,1,0,1,0,0,0,0,0,1,0,2,0,0,0,6,0,0,0,0,1,0,0,1,0,0,0,1,0,0,1,1,0,0,0,0,0,0,0,0,1,0,0,0,0,0,0,0,0,1,0,0,2,0,0,0,1,1,1,0,1,0,0,0,2,1,1,1,1,0,5,0,1,0,0,2,0,0,0,3,1,0,0,0,1,0,0,0,0,0,0,0,0,0,0,1,0,0,0,0,0,1,0,0,0,0,0,0,0,0,0,0,3
0,0,0,0,0,1,0,0,2,0,0,0,0,0,0,0,0,0,0,0,0,0,0,0,0,0,0,0,0,1,0,0,3,0,0,0,0,0,0,0,0,0,0,0,0,0,0,0,0,0,0,0,0,0,0,0,1,0,0,0,0,0,0,0,0,0,0,0,0,1,2,0,0,2,0,0,0,0,0,0,0,0,0,0,0,0,2,0,0,0,0,0,0,0,0,0,0,0,0,0,1,0,1,0,0,0,0,1,2,0,0,0,0,0,2,3,1,0,0,1,0,0,0,0,0,0,2,0,0,0,2,0,0,0,0,0,0,0,4,2,0,0,0,0,0,0,0,0,0,0,0,0,2,0,0,0,0,0,1,1,0,0,0,0,0,0,0,0,0,0,0,0,0,0,0,0,0,0,1,0,0,0,0,0,0,0,0,0,0,0,0,0,2,0,0,4,0,0,0,0,2,0,1,5,0,0,0,2,0,0,0,2,0,1,0,0,0,3,2,0,0,1,0,0,0,0,0,2,0,0,0,0,0,0,0,0,0,0,0,0,0,0,0,0,3,0,0,0,0,0,0,0,0,0,0,0
0,0,1,0,0,0,0,0,1,0,1,0,1,0,0,0,0,1,0,0,0,0,0,0,0,0,0,0,0,0,1,0,2,0,0,1,0,0,1,0,0,0,1,0,0,0,0,0,0,0,0,0,0,0,0,0,0,0,0,0,0,0,0,0,0,0,0,0,0,0,1,0,0,1,1,0,0,0,0,0,1,0,1,0,0,1,1,0,0,0,0,0,0,0,0,0,0,0,0,0,0,0,0,0,1,0,1,0,1,0,0,1,0,0,0,1,0,3,0,0,0,0,0,0,1,0,1,0,0,0,1,0,0,0,1,0,0,1,0,1,0,0,0,0,0,0,1,0,0,0,0,0,1,0,0,0,0,0,0,0,0,0,0,1,0,0,1,0,0,0,0,0,0,1,0,0,1,0,0,0,0,0,1,0,0,0,0,0,0,1,0,0,1,0,0,1,0,0,0,0,0,0,0,0,0,0,0,0,1,0,0,1,0,0,0,1,0,0,2,1,0,2,1,1,0,0,0,1,0,0,0,0,0,0,0,0,0,0,0,0,1,0,0,0,1,0,0,0,0,0,0,0,0,0,0,1
0,0,1,0,0,0,0,0,1,0,1,0,0,0,1,0,0,0,0,0,0,0,0,0,0,1,0,0,0,1,0,0,1,1,1,1,0,0,0,2,0,0,0,0,0,0,0,0,0,0,0,0,0,0,0,0,0,0,0,0,0,0,0,0,0,0,0,0,0,0,2,0,0,2,1,0,0,0,0,0,0,0,0,0,0,0,1,0,0,1,0,0,0,0,0,0,0,0,0,0,2,0,0,0,0,0,0,0,2,1,0,1,1,0,0,2,0,2,0,0,1,0,0,1,0,0,1,0,0,0,2,1,0,0,0,0,2,0,1,2,2,0,0,0,0,0,0,1,1,0,0,0,1,0,0,0,0,0,0,2,0,0,0,1,0,0,0,0,0,0,0,0,0,1,0,0,0,0,0,0,0,0,1,0,0,0,0,0,0,0,0,0,2,0,0,1,0,0,0,0,1,0,0,1,0,0,0,0,0,0,1,2,0,0,0,1,0,0,2,0,0,0,0,1,0,1,3,1,0,0,0,0,0,0,0,0,0,0,0,0,0,0,0,0,2,0,0,0,0,0,0,0,0,0,0,2
0,0,2,0,0,0,0,0,2,0,1,0,1,0,0,0,0,1,0,0,0,0,0,0,0,1,0,0,1,1,0,0,1,0,0,1,1,0,2,0,0,0,1,0,0,0,0,0,0,0,0,0,0,0,0,0,0,0,0,0,0,0,0,0,0,0,0,0,0,0,1,0,0,0,2,0,0,0,0,0,0,0,0,0,0,0,0,0,0,0,0,0,0,0,0,0,0,0,0,0,1,0,0,0,0,0,0,0,1,0,0,0,0,0,0,1,0,1,1,0,0,0,0,0,0,0,2,0,1,0,1,0,0,0,1,0,0,1,0,1,0,0,0,0,1,0,1,0,0,0,0,0,0,0,0,0,0,0,0,0,0,0,0,0,0,0,2,0,0,0,0,0,0,2,0,0,0,0,0,0,0,0,0,0,0,0,0,0,0,2,0,0,1,0,0,0,0,0,0,0,0,0,0,1,0,0,0,0,1,0,0,0,0,2,0,2,0,1,2,1,0,0,0,1,0,0,0,0,0,0,0,0,0,1,0,0,0,0,0,0,0,0,0,0,0,0,0,0,0,0,0,1,0,0,0,3
0,0,1,0,0,0,0,0,1,0,1,0,0,0,0,0,0,1,0,0,0,0,0,1,0,0,0,0,0,0,0,0,1,0,1,1,0,0,1,0,0,0,3,0,0,0,1,0,0,1,1,0,0,0,0,0,2,0,0,0,0,1,0,0,0,0,0,0,0,0,1,1,0,1,1,0,0,0,0,0,0,0,0,0,0,0,1,0,0,0,0,0,0,0,0,0,0,0,0,0,0,0,0,0,0,0,0,0,1,0,0,0,0,0,0,1,0,0,0,1,0,0,0,0,0,1,1,0,0,0,2,0,0,0,1,0,0,0,0,1,0,0,0,0,0,0,1,0,0,1,0,0,3,0,0,0,0,0,0,0,0,0,0,0,1,0,1,0,0,2,1,0,0,1,0,0,0,0,0,0,0,0,0,1,0,1,0,0,0,0,0,0,1,0,0,1,0,0,0,0,1,0,0,1,0,0,0,0,1,0,0,1,0,2,0,1,0,0,2,0,0,0,1,1,0,0,0,1,0,0,0,0,0,0,0,0,0,0,0,0,0,0,0,0,1,0,0,0,1,1,0,0,0,0,0,2
0,0,1,0,0,2,1,1,1,0,1,0,0,0,0,0,0,1,0,0,1,0,0,0,0,0,0,0,1,0,0,0,1,0,0,2,0,0,1,0,0,0,0,1,0,0,0,0,0,0,0,0,0,0,0,0,0,1,0,0,0,0,0,2,0,0,0,0,1,0,1,0,0,1,1,0,0,0,0,0,0,0,0,0,0,0,1,0,0,0,0,0,0,0,1,0,0,0,0,0,0,0,0,0,0,0,0,0,1,0,0,0,0,0,0,1,0,0,0,0,1,0,0,1,0,1,1,0,0,2,1,0,0,0,1,0,0,0,0,2,0,0,0,0,1,0,1,0,0,0,0,0,1,0,0,0,0,0,0,0,0,0,0,1,1,0,1,0,0,0,0,0,0,1,0,0,0,0,0,0,0,0,0,0,0,0,0,0,0,0,0,0,1,1,0,0,0,1,0,0,0,0,0,0,1,0,0,0,1,0,0,1,0,0,0,1,0,0,2,0,0,2,1,1,0,0,0,1,2,0,1,0,0,0,0,1,0,0,0,0,0,0,0,0,1,0,1,0,0,0,0,0,0,0,0,1
0,0,1,0,0,0,0,0,1,0,1,2,0,0,0,0,0,1,0,0,0,0,0,0,0,1,0,0,0,1,2,0,2,0,0,3,0,0,1,0,0,1,1,0,0,0,0,1,0,0,0,0,0,0,0,0,1,3,0,0,0,0,0,0,1,0,0,0,0,0,2,1,0,1,1,0,2,0,3,0,0,0,1,0,0,0,1,1,0,0,0,0,0,0,0,0,1,0,0,0,0,0,0,0,0,0,0,1,1,0,0,1,0,0,0,2,0,1,0,0,1,0,1,0,0,0,1,0,2,0,3,0,0,0,0,2,1,0,0,2,0,0,0,0,0,0,1,0,0,0,0,0,2,0,0,0,0,2,1,0,0,0,0,0,0,0,1,3,0,0,0,0,0,1,0,0,1,0,0,0,1,0,0,2,0,0,0,1,0,8,0,0,2,0,0,1,0,0,0,0,1,2,0,0,0,0,0,1,1,0,0,1,0,4,0,1,4,0,2,0,0,3,0,2,0,0,0,1,3,0,0,0,0,0,4,0,0,0,1,2,0,0,0,0,1,0,1,0,0,0,0,0,1,0,0,0
0,0,0,0,0,0,0,0,0,0,0,0,0,0,0,0,0,0,0,0,0,0,0,0,0,0,0,0,0,0,0,0,2,0,0,1,0,0,0,0,0,0,0,0,0,0,0,0,0,0,0,0,0,0,0,2,0,0,0,1,0,0,1,0,0,0,0,0,0,0,2,0,0,2,0,0,0,0,0,0,1,0,0,0,0,1,2,1,0,0,0,0,0,0,0,0,0,0,0,0,1,0,1,1,0,0,0,0,2,0,0,0,1,0,1,2,0,0,0,0,0,0,0,1,0,0,2,0,3,1,2,0,0,1,0,0,0,0,0,3,0,0,0,0,0,1,0,0,0,0,0,0,2,0,0,0,2,0,0,0,0,0,0,0,0,0,2,0,0,0,0,1,0,1,0,0,0,0,0,0,0,0,0,0,0,0,0,0,0,0,0,0,2,0,0,1,0,0,0,0,0,0,1,3,0,0,0,0,0,0,0,2,0,4,0,0,0,1,2,0,0,2,0,0,0,0,0,2,0,0,0,0,0,0,0,0,0,0,0,1,0,0,0,0,2,0,0,0,0,1,0,0,0,1,0,0
1,0,1,0,0,0,0,0,1,0,1,0,0,0,0,0,0,1,0,0,0,0,0,0,0,0,0,0,0,0,0,0,2,0,0,1,0,0,1,0,0,2,2,1,0,0,1,0,0,0,0,0,0,0,0,0,0,0,0,1,0,0,0,0,0,0,0,0,0,1,1,0,0,2,1,0,0,0,0,0,0,0,1,0,0,1,1,0,1,0,0,0,2,0,0,0,0,0,0,0,0,0,0,0,0,0,0,0,1,0,2,1,0,1,0,1,1,3,0,0,0,0,0,0,0,2,1,0,0,0,1,0,0,0,1,0,0,0,0,1,1,0,0,1,0,0,1,0,1,0,0,0,1,0,0,0,0,0,0,0,0,0,0,0,1,0,1,0,0,0,1,2,0,1,0,0,0,0,0,0,0,0,0,3,0,0,0,0,0,0,0,0,1,0,0,1,0,0,0,0,2,1,1,2,0,0,0,0,1,0,0,1,0,3,0,1,0,2,2,0,1,0,0,1,0,0,0,2,0,0,0,0,0,0,0,0,0,0,0,0,0,0,0,0,1,0,0,0,0,0,0,0,0,0,0,0
0,0,0,0,0,0,0,1,1,0,0,1,0,0,0,0,0,0,0,0,0,0,0,0,0,0,0,0,0,1,0,0,3,0,1,0,0,0,0,0,0,0,0,0,0,0,0,0,0,0,0,0,0,0,0,0,0,0,0,1,0,0,0,0,0,0,0,0,0,0,2,0,0,2,0,0,1,1,0,0,0,0,2,0,0,1,3,0,0,2,0,0,0,0,1,0,0,0,0,0,2,0,0,0,0,0,0,0,2,0,1,0,0,0,1,2,0,1,0,0,0,0,1,1,0,0,2,0,0,1,2,0,0,0,0,1,0,0,0,2,0,0,0,0,0,1,0,0,0,0,0,0,2,0,0,2,3,0,0,0,0,0,0,1,0,0,0,0,0,0,0,0,1,0,0,0,0,0,0,0,0,0,0,0,0,0,0,0,0,0,1,1,2,0,0,0,0,0,0,0,1,0,0,0,0,0,0,0,0,0,0,2,0,0,0,0,0,0,2,0,0,0,0,0,0,0,0,2,0,0,0,0,0,0,0,0,0,0,0,0,0,0,0,0,3,1,0,0,2,0,0,0,0,0,0,2
0,1,2,0,0,0,0,0,0,0,0,0,0,0,0,0,0,0,0,0,0,1,0,0,0,0,0,0,0,0,0,0,2,0,1,1,0,0,0,0,0,0,0,0,0,0,0,0,0,0,0,0,0,0,0,0,1,0,0,0,0,0,0,0,0,0,0,0,0,0,2,0,0,2,2,0,0,0,0,0,0,0,0,0,0,0,2,0,0,1,0,0,0,0,0,0,1,0,0,0,0,0,0,0,0,0,0,0,2,0,0,0,0,0,0,2,0,1,0,0,0,0,0,0,0,0,2,0,0,0,2,1,0,0,0,1,0,0,0,2,0,0,0,0,0,0,0,0,0,1,0,0,0,0,0,0,0,0,0,0,0,0,0,0,0,0,0,0,0,0,0,0,0,0,1,0,0,0,0,0,0,0,0,0,0,0,0,0,0,0,0,0,1,0,0,0,0,0,0,0,1,0,0,1,0,0,0,0,0,0,0,2,0,1,0,0,1,0,2,0,0,1,0,0,0,0,0,0,0,0,0,0,0,0,0,0,0,0,1,0,0,0,0,0,2,0,0,0,0,0,0,0,1,0,0,0
0,0,0,0,0,0,0,1,1,0,0,0,0,0,0,0,0,0,0,0,0,0,0,0,0,0,0,0,0,0,0,0,2,0,0,0,0,0,0,0,0,0,0,0,0,0,0,0,0,0,0,0,0,0,0,0,1,0,0,0,0,0,0,4,0,1,0,0,0,0,2,0,0,4,0,0,2,0,1,0,0,0,1,0,0,1,2,2,0,0,0,0,0,0,0,0,0,0,0,0,0,0,0,0,0,0,0,0,2,0,0,0,0,0,0,1,0,0,0,0,1,0,0,0,0,0,2,0,1,0,2,2,0,0,0,0,0,0,0,2,0,0,0,0,0,0,0,0,0,1,0,0,2,0,0,0,6,0,0,2,0,0,0,0,0,0,0,0,0,0,0,0,0,0,0,0,0,0,0,0,0,0,0,0,0,0,0,0,0,0,0,0,3,0,0,4,0,0,0,1,0,0,1,0,0,0,0,2,0,0,0,2,0,2,0,0,0,3,2,0,0,3,0,0,0,0,0,2,0,0,0,0,0,0,0,0,0,0,0,0,0,0,0,0,2,0,1,2,0,0,0,0,1,0,0,0
0,0,1,0,0,1,1,0,2,0,1,0,0,0,0,0,0,1,0,1,0,0,0,0,0,1,0,0,1,0,1,0,0,0,0,0,0,0,1,0,0,1,0,0,1,0,1,0,0,0,0,0,0,0,0,0,0,0,0,0,0,0,0,0,1,0,0,0,0,0,2,1,0,0,1,1,0,1,0,0,0,0,1,0,1,0,0,0,0,0,0,0,0,0,0,0,0,0,0,0,0,0,0,1,0,0,0,0,1,1,0,1,0,1,0,1,0,0,0,0,0,0,0,1,0,1,1,0,2,0,1,0,0,0,1,0,2,0,1,1,0,0,0,0,0,0,2,0,0,2,0,0,1,0,0,0,0,0,0,1,0,0,0,1,0,1,2,2,1,1,0,0,0,1,1,0,0,0,0,0,0,1,3,2,0,0,0,0,1,4,0,0,2,0,0,1,1,0,0,0,1,0,0,0,0,0,0,1,1,0,0,0,0,1,0,1,1,0,1,0,0,0,0,1,0,0,0,0,1,0,0,0,0,0,0,0,0,0,0,0,1,0,1,0,0,0,2,0,0,0,0,0,0,0,0,3
0,0,1,0,0,0,0,1,0,0,0,0,1,0,0,0,0,0,0,0,0,0,0,1,0,0,0,0,0,2,0,0,2,0,0,0,0,0,0,0,0,0,0,0,0,0,0,0,0,0,0,0,0,0,0,0,0,0,0,0,0,0,0,0,0,0,0,0,0,0,2,0,0,2,0,0,0,0,0,1,2,0,0,0,0,1,2,0,0,0,0,0,0,0,0,0,0,0,1,0,1,0,1,0,0,0,0,0,2,0,0,1,0,1,0,2,4,0,0,0,2,0,0,0,0,0,2,0,0,0,2,0,0,0,0,0,0,0,0,3,0,0,0,0,0,0,0,0,0,0,0,0,2,0,0,0,2,0,0,0,0,0,0,0,1,0,0,0,0,0,0,0,0,0,0,0,0,0,0,0,0,0,0,0,0,0,0,0,0,0,0,0,2,0,0,1,0,0,0,1,0,0,1,1,0,0,0,0,0,0,0,2,0,1,0,0,0,0,2,0,0,1,0,0,0,0,0,2,1,0,0,0,0,0,0,1,0,0,0,0,0,0,1,0,2,0,0,0,0,0,0,0,0,0,0,0
0,0,1,0,0,0,0,0,1,0,0,0,0,0,0,0,0,0,0,0,0,0,0,0,0,0,0,0,0,1,0,0,1,0,0,0,0,0,0,0,0,0,0,1,0,0,0,0,0,0,0,0,0,0,0,0,0,0,0,0,0,1,0,0,0,0,1,0,0,0,2,0,0,2,1,0,1,0,2,0,0,0,0,0,0,1,1,0,0,0,0,0,0,0,1,0,0,0,0,0,1,0,1,0,2,0,0,1,2,0,1,1,0,2,1,2,1,2,0,0,0,0,0,0,0,0,2,0,0,0,2,0,0,1,2,0,0,0,1,2,0,0,0,0,1,0,0,0,0,0,0,0,1,0,0,0,0,0,0,0,1,0,0,0,0,0,0,0,0,0,0,0,0,1,0,0,0,0,0,0,0,0,0,0,0,0,0,0,0,0,1,0,2,0,0,0,0,0,0,1,0,0,0,0,0,0,0,0,0,0,0,2,0,0,0,1,0,0,2,0,0,0,0,0,0,0,0,1,0,0,0,0,1,1,0,1,0,0,0,0,0,0,0,0,1,0,0,1,0,0,0,0,0,0,0,0
0,0,0,1,0,0,0,0,0,0,1,0,0,0,0,0,0,0,0,0,0,0,0,0,0,0,0,0,0,1,0,0,2,0,0,0,0,0,0,0,0,0,0,0,0,0,0,0,0,0,0,0,0,0,0,0,0,0,0,0,0,0,0,0,0,0,0,0,0,0,2,0,0,2,0,0,0,0,1,1,0,1,0,0,1,3,2,0,0,0,0,0,0,0,0,0,0,0,0,0,0,0,0,0,0,0,0,0,2,0,1,0,0,0,1,2,0,0,0,0,0,0,0,3,0,0,3,0,0,1,2,0,0,0,4,0,0,0,0,2,0,0,0,0,0,2,0,0,0,0,0,1,2,0,0,1,4,0,0,0,0,0,0,0,0,0,0,0,0,1,0,0,0,0,0,0,0,0,0,0,0,0,0,1,0,0,0,0,0,0,0,0,2,0,0,2,0,0,0,0,1,0,0,0,0,0,0,1,0,0,0,2,0,4,0,0,0,0,2,0,1,0,0,0,0,0,0,2,2,0,0,1,0,2,0,0,0,0,0,1,0,0,0,0,2,2,0,0,0,0,0,0,0,0,0,2
0,0,1,0,0,0,0,0,1,0,1,0,0,0,0,0,0,1,0,0,0,0,0,0,0,0,0,0,0,0,0,0,2,0,0,0,0,0,1,0,0,0,1,0,0,0,0,0,0,0,0,0,0,0,0,0,0,0,0,0,0,0,0,0,0,0,0,0,0,0,1,0,1,1,1,0,1,0,0,0,0,0,0,0,0,0,1,0,0,0,0,0,0,0,0,1,0,0,0,0,0,0,1,0,0,0,0,0,1,0,0,0,0,1,0,1,0,0,1,0,0,0,0,0,0,0,2,0,0,1,1,0,0,0,1,0,0,0,0,1,0,0,0,0,0,0,1,0,1,0,0,0,1,0,0,0,1,0,0,0,0,0,0,0,0,0,1,0,0,0,0,0,0,1,0,1,0,0,0,0,1,0,0,0,0,0,0,0,0,1,0,0,1,0,0,0,0,0,0,0,0,0,0,0,0,0,0,0,2,0,0,1,0,0,1,1,1,0,2,0,0,0,0,1,0,0,0,1,0,0,0,0,0,0,1,0,0,0,0,0,0,0,0,0,1,0,0,0,0,0,0,0,0,0,0,0
0,1,1,0,0,1,0,0,1,2,1,0,0,0,0,0,0,2,0,0,1,1,0,0,0,0,0,0,0,0,1,0,1,0,0,1,1,0,1,0,0,1,0,0,0,0,0,0,0,0,1,0,0,0,0,1,0,0,0,1,0,0,0,0,0,0,0,1,2,0,0,1,0,1,1,0,0,0,0,0,0,0,0,0,0,0,0,0,1,0,0,0,0,0,1,0,0,0,0,0,0,0,0,0,0,0,0,0,0,1,0,0,0,0,0,0,0,0,0,0,0,0,0,0,1,0,0,0,0,0,1,0,0,0,1,0,1,0,0,0,0,0,0,0,0,0,1,0,0,0,0,0,0,0,0,0,0,0,0,0,1,1,0,0,0,1,2,0,0,0,0,0,0,1,1,0,1,0,0,1,0,0,1,0,0,0,0,1,0,1,1,0,0,0,0,0,0,0,0,0,0,0,0,0,0,1,0,0,1,0,0,0,0,0,0,1,0,0,2,0,1,0,0,1,0,0,0,1,0,0,0,0,0,0,0,0,0,0,0,0,0,1,0,0,0,0,0,0,0,0,0,0,0,0,0,0
0,0,0,0,0,0,0,1,0,0,1,0,0,0,0,0,0,0,0,0,0,0,0,0,0,0,0,0,0,0,1,0,2,0,0,1,1,0,0,0,0,0,0,0,0,0,1,0,0,0,0,0,0,0,0,0,0,0,1,0,0,0,0,1,0,0,1,0,0,0,2,0,0,2,0,0,0,0,1,1,0,0,0,0,0,2,2,0,0,0,0,0,0,0,0,0,0,0,0,0,0,0,0,1,0,0,0,0,2,1,0,1,0,0,1,2,3,1,0,0,0,0,0,0,0,0,2,0,0,1,2,0,0,0,0,0,0,0,2,1,0,0,0,0,0,0,0,0,0,0,0,0,2,0,0,0,1,0,0,0,0,0,0,0,0,0,0,0,0,0,0,0,0,0,0,0,0,0,0,0,0,0,0,0,0,0,0,0,0,0,0,0,2,0,0,1,1,0,0,0,1,0,0,1,0,0,0,0,0,0,0,2,0,1,0,0,0,0,2,0,0,1,0,1,0,0,0,2,0,0,0,0,0,2,0,0,0,0,0,0,0,0,0,0,3,0,0,0,0,0,0,0,0,0,0,0
0,0,1,0,0,0,0,0,1,0,1,1,0,0,0,0,0,1,0,0,0,0,0,0,0,0,0,0,0,1,1,0,2,0,0,1,0,0,1,0,0,0,1,0,0,0,0,0,0,0,0,0,0,0,0,0,0,0,0,0,0,0,0,0,0,0,0,0,0,0,1,0,0,1,1,0,0,0,0,1,1,0,0,0,0,0,1,0,0,0,0,0,0,0,0,0,0,0,0,0,1,0,0,0,0,0,0,0,1,0,0,0,0,0,0,1,0,0,2,0,0,0,0,0,0,0,1,0,1,0,1,0,0,1,1,0,0,0,0,1,0,2,0,0,0,0,1,0,0,0,0,0,1,0,0,0,1,0,0,0,0,0,0,0,0,0,1,0,2,0,0,0,0,1,0,0,0,0,0,0,2,0,0,1,0,0,1,0,0,1,0,0,1,0,0,1,0,0,0,0,0,0,0,1,0,0,0,0,1,0,0,1,0,1,0,1,0,0,2,0,0,1,0,1,0,0,0,1,0,0,0,0,0,0,0,0,0,0,0,0,0,0,0,0,1,0,0,0,0,0,0,0,0,0,0,0
0,0,1,0,0,3,2,0,1,0,2,0,0,0,0,0,0,1,0,0,0,1,0,0,0,1,0,0,0,0,3,0,2,0,1,2,0,0,1,0,0,0,0,0,0,0,0,1,0,0,0,1,0,0,0,0,0,0,0,0,0,0,0,1,0,0,1,0,0,0,1,0,0,1,2,0,0,1,0,0,0,1,1,0,0,1,1,0,0,0,0,0,0,0,1,0,0,0,0,0,0,0,0,0,0,0,0,0,1,0,4,1,0,0,0,1,1,0,0,0,2,0,0,0,0,0,1,0,0,1,1,0,0,0,1,0,1,0,0,1,2,0,0,0,0,0,1,0,0,0,1,0,1,0,0,0,3,0,0,0,0,0,0,0,0,1,1,0,0,0,0,0,0,1,0,0,0,0,0,0,1,0,0,0,0,0,0,0,0,4,0,0,1,0,0,3,0,0,0,0,0,0,0,0,0,0,1,0,1,0,0,1,0,0,0,1,0,0,2,0,0,3,0,1,0,0,0,1,0,0,0,0,0,0,0,0,0,0,0,0,0,0,1,0,1,0,0,1,0,0,1,0,0,0,0,2
0,2,0,1,0,0,0,2,1,1,1,0,0,0,0,0,0,0,0,0,0,0,0,0,0,0,0,0,0,1,0,0,2,0,1,0,0,0,0,0,0,0,3,0,0,0,0,0,0,0,0,0,0,0,0,0,2,0,1,0,0,0,1,0,0,0,0,0,0,0,3,0,0,2,0,0,1,0,0,0,1,0,0,0,0,1,3,0,0,0,0,0,0,0,0,0,0,0,0,0,0,0,1,0,0,0,0,0,2,0,2,1,0,2,1,2,0,2,0,0,2,0,0,0,0,0,2,0,0,2,2,0,0,0,1,0,1,1,1,2,0,0,0,0,0,0,0,0,0,0,1,0,2,0,0,1,0,0,0,0,0,0,0,0,0,0,0,0,0,0,0,0,0,0,0,0,0,0,0,0,0,0,0,1,0,0,0,0,0,0,0,0,3,0,0,0,0,1,0,0,0,0,3,0,0,0,0,0,0,0,0,2,0,1,1,0,0,1,2,1,0,1,0,0,1,1,0,2,0,0,0,0,0,0,0,1,0,0,1,0,1,0,0,0,2,1,0,0,0,0,0,0,0,0,0,0
0,0,0,0,0,0,0,0,0,0,1,1,0,0,0,0,0,0,0,0,1,0,1,0,0,0,0,0,0,1,0,0,1,0,0,1,0,0,0,0,0,0,0,0,1,0,1,0,0,0,0,0,0,0,0,0,0,0,0,0,0,0,0,1,0,1,0,0,0,0,2,1,0,2,0,0,0,0,1,0,0,0,0,0,0,0,1,1,2,0,0,1,0,0,0,0,0,0,0,0,0,0,0,0,0,0,0,0,2,0,0,0,0,0,0,1,0,0,0,0,0,0,0,0,1,0,2,0,0,0,2,0,0,0,0,0,0,0,0,1,0,0,0,0,0,0,0,0,0,0,0,0,1,0,0,0,0,0,0,0,0,0,0,0,0,2,0,0,0,0,0,0,0,0,0,0,0,0,0,0,0,0,0,1,0,0,0,0,1,1,0,0,3,0,0,1,1,1,0,0,0,0,0,0,0,0,0,0,0,0,0,2,0,0,0,0,0,0,1,0,0,0,0,0,0,1,1,2,0,0,0,0,0,0,0,0,0,0,0,0,0,0,0,0,1,0,1,0,1,1,0,1,0,1,0,0
0,0,1,0,0,0,0,1,3,0,1,0,0,0,0,0,0,0,0,0,0,0,0,0,0,0,0,1,0,1,0,0,1,0,0,0,0,0,1,0,0,0,0,0,0,0,0,0,0,0,0,0,0,0,0,0,0,0,0,0,0,0,0,0,0,0,0,0,0,0,1,0,0,1,1,0,0,1,0,0,0,0,1,0,0,0,1,0,0,0,0,0,0,0,0,0,0,0,0,0,0,0,0,0,0,0,0,0,2,0,1,0,0,0,0,1,0,0,0,0,0,0,0,0,0,0,2,0,0,1,1,0,0,0,0,0,0,0,0,2,0,0,0,0,0,0,0,0,0,1,0,0,1,0,0,1,0,1,0,0,0,0,0,0,0,0,1,0,0,0,0,0,0,1,0,0,0,0,0,0,0,0,0,0,0,0,1,0,0,1,0,0,2,0,0,1,0,0,0,0,0,0,0,1,0,0,0,0,0,0,0,1,0,1,0,1,0,0,2,0,0,1,0,1,0,1,0,1,1,0,0,0,0,0,1,0,0,0,1,0,0,0,0,0,1,3,0,0,0,0,0,0,2,0,0,0
0,0,1,0,0,1,0,0,1,0,1,0,1,0,0,2,0,1,0,0,0,1,0,1,0,0,0,1,1,0,0,0,2,0,0,1,0,0,1,0,0,0,0,0,0,0,0,0,1,0,0,0,0,0,0,2,0,0,0,0,0,0,0,0,0,0,0,0,0,0,1,1,0,1,1,0,0,0,0,0,0,0,0,0,1,1,1,0,0,1,0,0,0,0,0,0,0,0,0,0,0,0,0,0,0,0,0,0,1,0,1,1,0,0,0,0,0,1,0,1,0,0,0,0,0,0,1,0,0,0,1,0,0,0,1,0,0,0,0,1,0,0,0,0,0,0,1,0,0,0,0,0,1,0,0,0,1,0,0,0,0,0,0,0,0,0,1,0,0,0,0,0,0,1,0,0,0,0,0,0,0,0,0,0,0,0,0,0,0,2,1,0,1,0,0,1,0,0,0,0,0,0,2,0,0,0,0,0,1,1,0,1,0,1,1,1,0,0,2,0,0,0,0,1,0,0,0,1,0,0,0,0,0,0,2,0,0,0,1,1,0,0,0,1,1,0,0,0,0,0,0,0,0,0,0,0
0,0,1,2,0,0,0,1,1,0,1,0,0,0,0,0,0,0,0,0,0,0,0,0,0,0,0,0,0,0,0,0,2,0,1,0,0,0,1,0,0,0,0,0,1,0,0,0,0,0,0,0,0,0,0,0,0,0,0,0,0,0,0,0,0,0,0,0,0,0,1,0,0,1,1,0,0,0,0,0,0,0,0,0,0,1,2,0,0,0,0,0,0,0,0,0,0,0,0,0,1,0,0,0,0,0,0,0,2,0,1,0,0,0,0,1,0,2,0,0,1,0,0,0,0,0,2,0,0,0,1,0,0,0,0,0,0,0,0,2,0,0,0,0,0,0,0,0,1,1,0,0,1,0,0,1,3,0,0,0,0,0,0,0,0,0,1,0,0,0,0,0,0,1,0,0,0,0,0,0,0,1,0,0,0,0,0,0,0,1,0,0,2,0,0,0,0,1,0,0,1,0,0,0,0,0,0,1,0,1,0,1,0,5,0,1,3,0,2,0,0,1,0,1,1,0,0,1,3,0,0,0,0,0,0,0,0,0,0,1,0,0,0,0,4,0,0,0,0,0,0,0,1,0,0,0
0,0,0,0,0,0,0,0,1,0,0,1,0,0,0,0,0,0,0,0,0,0,0,0,0,0,0,0,0,1,0,1,2,0,0,0,0,0,0,0,0,0,0,0,0,0,0,0,0,0,0,0,0,0,0,0,0,0,0,0,0,0,0,0,0,0,0,0,0,0,2,0,0,2,0,0,0,0,0,0,0,0,0,0,0,0,2,0,0,0,0,0,0,0,0,0,2,0,0,0,2,0,1,0,0,0,0,0,2,0,0,2,0,0,0,2,2,0,0,0,2,1,0,0,0,0,2,0,0,0,2,0,0,0,0,0,0,0,0,2,0,1,0,0,0,0,0,0,0,0,0,0,2,0,0,0,1,0,0,0,0,0,0,0,0,0,0,0,0,0,0,0,0,0,0,0,0,0,0,0,0,0,0,1,0,0,0,0,0,0,0,0,2,0,0,2,0,0,0,1,0,0,2,0,0,0,0,0,0,0,0,2,0,1,0,0,0,0,2,0,0,0,0,0,0,0,0,2,0,0,0,0,0,0,0,0,0,0,0,0,0,0,0,0,2,0,0,1,0,0,0,0,0,0,0,0
0,0,1,0,0,0,0,0,1,0,1,0,0,0,0,0,0,1,0,0,0,0,0,0,0,0,0,0,0,0,0,0,2,0,0,0,0,0,1,0,0,0,0,0,0,0,0,0,0,0,1,0,0,0,0,0,0,0,0,0,0,0,0,0,0,0,0,0,0,0,1,0,0,1,2,0,0,0,2,0,0,0,0,0,0,0,1,0,0,0,0,0,0,0,0,0,0,0,0,0,1,0,1,0,0,0,0,0,1,0,0,0,0,0,0,1,0,0,0,0,0,0,0,0,0,0,1,0,0,0,1,0,0,0,2,0,0,0,0,1,0,0,0,1,0,0,1,0,2,0,0,0,1,0,0,0,2,0,0,1,0,1,0,1,0,0,1,0,1,0,2,0,0,1,0,0,0,0,0,0,1,1,0,2,0,0,0,0,0,0,0,0,1,0,0,1,0,0,0,0,0,0,0,2,0,0,0,0,1,0,0,1,0,2,0,1,0,0,2,0,0,1,0,2,0,0,0,1,0,0,0,0,0,0,0,0,0,0,0,0,0,0,0,0,1,1,0,1,0,0,0,0,0,0,0,3
0,0,3,0,0,0,0,0,2,0,1,1,0,0,1,0,0,1,0,0,0,1,0,0,1,0,0,0,0,1,1,0,1,0,0,2,0,0,1,0,0,0,0,0,0,0,0,0,0,0,0,0,0,0,0,1,0,0,0,0,0,0,1,1,0,0,0,0,0,0,1,0,0,1,2,0,0,0,0,0,0,0,0,0,0,0,1,0,0,0,0,0,0,0,0,0,0,0,0,0,0,0,0,0,0,0,0,0,1,0,0,0,0,0,0,1,0,0,0,0,0,0,0,0,0,0,1,0,0,0,1,0,0,0,1,0,0,0,1,2,0,0,0,0,0,0,1,0,0,0,0,0,0,0,0,0,2,0,0,0,0,0,0,0,0,0,1,0,0,0,0,0,0,1,0,0,1,0,0,0,0,0,1,1,0,0,0,0,0,4,1,0,1,0,0,0,0,0,2,0,0,0,0,0,0,0,0,0,1,0,0,1,0,1,0,1,0,2,3,0,0,0,0,1,0,0,0,0,0,0,0,0,0,0,0,0,0,0,1,0,0,0,0,0,0,0,0,0,0,0,0,0,1,0,0,3
0,0,0,0,0,0,0,0,0,0,0,0,1,0,0,0,0,0,0,0,0,0,0,0,0,0,0,0,0,0,1,1,2,0,0,0,0,0,0,0,0,0,0,0,0,0,0,0,0,0,0,0,0,0,0,0,0,0,0,0,0,0,0,0,0,0,0,0,0,0,2,0,0,2,0,0,0,0,0,0,0,0,0,0,0,1,2,0,0,0,0,0,0,0,0,0,1,2,0,0,0,0,0,0,0,0,0,0,2,0,2,2,0,0,0,2,0,1,0,0,1,1,0,0,0,1,3,0,0,1,2,0,0,0,0,0,0,0,0,2,0,0,0,0,0,0,0,0,0,0,0,0,2,0,0,0,0,0,0,0,0,1,0,0,0,0,0,1,0,0,0,0,0,0,0,1,0,0,0,0,0,0,0,0,0,0,0,0,0,0,0,0,2,0,0,0,0,0,0,0,0,0,1,0,1,0,0,0,0,0,0,2,0,2,0,0,1,0,2,0,0,0,0,0,0,0,0,2,0,0,0,0,0,0,0,0,0,0,0,0,0,0,0,0,2,1,0,0,0,0,0,0,0,0,0,0
0,0,1,0,0,0,0,0,1,0,1,0,0,0,0,0,0,1,0,0,0,0,0,0,0,0,0,0,1,0,0,0,1,0,0,0,0,0,1,0,0,0,1,0,0,1,0,0,1,0,0,0,0,0,1,1,0,0,0,0,0,0,0,0,0,0,1,0,0,0,1,0,0,1,1,0,0,0,0,0,0,0,0,0,0,0,1,0,0,0,0,0,0,0,0,0,0,0,0,0,0,0,0,0,0,0,0,0,1,0,0,0,0,0,0,1,0,0,0,0,0,0,0,0,0,0,1,0,0,0,1,0,0,0,1,0,0,0,0,1,0,0,1,0,1,0,1,0,0,0,0,0,1,0,0,0,0,0,0,0,0,0,0,0,0,0,1,0,0,0,0,0,0,1,0,0,1,0,0,0,0,0,1,0,0,0,0,0,0,1,0,0,1,0,0,0,0,0,0,1,0,0,0,0,0,0,0,0,1,0,0,1,0,0,1,1,0,0,2,0,0,0,0,1,0,0,0,2,0,0,0,0,0,1,0,0,0,0,1,0,0,0,0,0,1,0,0,0,1,0,0,0,0,0,0,1
0,0,0,0,0,0,0,0,0,0,0,0,2,0,0,0,0,0,0,0,0,1,1,1,0,0,0,0,0,0,0,0,1,0,0,2,0,0,0,0,0,0,0,0,0,0,0,0,0,2,0,0,0,2,0,0,1,0,1,0,2,0,0,0,0,0,0,0,1,1,1,0,0,1,0,0,0,0,0,0,0,1,0,0,0,0,1,0,0,1,0,0,1,0,0,0,0,0,2,0,0,0,0,0,0,0,0,0,2,0,0,0,0,1,0,1,2,0,0,0,0,0,0,0,0,0,4,0,1,1,1,0,0,0,0,0,1,0,1,1,0,0,0,0,0,0,0,0,0,0,0,0,1,0,0,0,2,0,0,0,0,0,0,0,0,0,1,0,0,0,0,0,0,0,0,0,0,0,0,0,0,0,0,0,0,0,0,0,0,0,0,0,1,0,0,0,0,0,0,0,0,0,0,0,0,0,0,0,0,0,0,1,0,0,0,0,0,0,1,0,0,0,0,0,0,0,0,1,0,0,0,0,0,0,0,1,0,0,1,0,0,0,0,0,1,0,2,0,1,0,0,0,0,0,0,0
0,0,0,0,0,0,0,0,0,0,0,0,0,0,0,0,0,0,0,1,0,0,0,1,0,0,0,0,0,0,0,0,2,0,1,0,1,0,1,0,0,0,0,0,0,0,0,0,0,0,0,0,0,0,0,0,0,0,0,0,0,0,0,0,0,0,0,0,0,0,2,0,0,2,0,0,0,0,0,0,0,0,0,0,0,1,2,0,0,0,0,0,0,0,0,0,1,0,0,0,1,0,0,0,0,0,0,0,2,0,0,0,0,0,0,2,0,0,0,0,1,0,0,0,0,0,2,0,1,1,2,0,0,0,0,0,0,0,0,2,0,0,0,0,0,0,0,0,0,0,0,0,2,0,0,0,0,0,0,0,0,0,0,0,0,0,0,0,0,0,0,0,0,0,0,0,0,0,0,0,0,0,0,0,0,0,0,0,0,0,0,0,2,0,0,1,0,0,0,0,0,0,1,0,0,0,0,0,0,0,0,2,0,0,0,0,0,1,2,0,0,0,0,0,0,0,0,2,0,0,0,0,0,0,0,0,0,0,1,0,1,0,0,0,3,0,0,0,0,0,0,1,0,0,0,0
0,0,2,0,0,1,0,0,3,0,2,0,0,0,0,0,0,1,0,0,0,0,0,0,0,0,0,0,1,0,1,0,0,0,0,1,1,0,2,0,0,0,0,0,4,0,1,0,0,0,0,0,1,0,2,0,0,0,0,0,0,0,0,0,0,0,0,0,0,1,1,0,0,0,2,1,0,0,0,0,0,0,2,0,0,0,0,0,0,0,0,0,0,0,0,0,0,0,0,0,0,0,0,0,0,0,0,0,1,0,0,0,0,0,0,1,0,0,0,0,1,1,0,1,1,0,1,0,0,0,0,0,0,1,1,0,0,0,0,1,0,0,0,0,0,0,2,1,0,0,0,0,0,0,1,0,0,1,0,0,0,0,0,0,0,1,2,0,0,1,0,0,2,2,0,0,2,0,0,0,0,0,0,0,0,0,0,0,0,1,1,0,1,0,1,0,0,0,1,0,0,0,0,0,1,1,0,0,1,0,2,1,0,0,0,2,0,1,2,0,0,1,0,2,0,0,0,0,0,0,0,0,0,0,1,0,0,0,1,3,0,0,1,0,0,0,1,0,2,0,1,0,0,0,0,4
0,0,0,0,0,0,0,0,0,0,0,0,1,0,0,0,0,0,0,0,0,1,0,0,0,0,0,0,0,1,0,0,2,0,1,1,0,0,0,0,0,0,0,0,0,0,0,0,0,0,0,0,0,0,0,0,0,0,0,0,0,0,0,0,0,1,0,0,0,0,2,0,0,3,1,1,0,0,0,0,2,0,0,0,0,0,2,0,0,0,0,0,0,0,0,0,0,0,0,0,0,0,1,0,0,0,0,1,2,0,0,1,0,0,2,2,1,1,0,0,1,0,0,0,0,0,2,0,1,0,2,0,0,0,0,0,1,0,3,3,1,0,0,0,0,0,0,0,0,0,0,0,3,0,1,0,2,0,0,0,0,0,0,0,0,0,1,1,0,1,0,0,0,1,0,1,0,0,0,0,0,0,0,0,0,0,0,0,0,0,0,1,2,1,0,0,0,0,0,0,3,0,0,0,0,0,0,0,0,1,0,2,0,0,0,0,0,0,2,0,0,0,0,0,0,0,0,2,0,0,0,0,0,0,0,0,1,0,0,0,0,0,0,0,2,0,0,0,0,0,0,0,0,0,0,0
0,0,0,0,0,0,0,0,0,0,1,0,1,0,0,0,0,0,0,0,0,0,0,0,0,0,0,0,0,0,0,0,2,0,0,1,0,0,0,0,0,0,0,0,0,0,0,0,0,0,0,0,0,0,1,0,0,0,0,0,0,0,1,2,0,1,0,0,0,0,2,0,0,2,0,0,0,0,0,0,0,0,1,0,0,1,3,0,0,0,0,0,0,0,0,1,0,0,0,0,0,0,4,0,1,0,0,0,2,0,1,0,0,0,2,3,0,0,0,0,0,0,0,0,0,0,2,0,0,0,2,0,0,0,0,0,0,0,0,2,1,0,0,0,0,0,0,0,0,0,0,0,2,0,0,0,1,0,0,0,0,0,0,0,0,0,0,0,0,0,0,0,0,0,0,0,0,0,0,0,0,0,0,1,0,0,0,0,0,0,0,0,2,0,0,1,0,0,0,0,0,0,2,0,0,0,0,1,0,0,0,2,0,0,0,0,0,0,2,0,0,2,0,0,0,0,0,4,0,0,0,0,0,0,0,0,0,0,0,0,0,0,0,0,3,0,0,0,0,0,0,0,0,0,0,1
0,1,0,0,0,0,1,0,1,0,1,0,1,1,0,0,1,0,0,2,0,0,0,1,0,1,0,0,2,0,0,1,1,0,4,0,1,0,1,0,1,0,0,0,0,0,0,0,0,0,0,0,0,0,0,0,0,0,0,0,0,0,0,1,0,0,0,0,1,1,1,0,1,0,1,1,0,1,0,2,0,0,0,0,0,0,0,0,0,0,0,0,0,0,0,2,1,0,0,0,2,0,0,0,0,0,0,1,0,0,0,2,0,0,0,1,0,0,0,0,0,0,1,0,0,0,1,0,0,1,0,0,0,0,0,0,0,0,0,0,0,0,0,0,0,0,0,0,0,0,1,0,0,0,0,0,1,0,0,0,0,0,0,1,0,1,1,1,0,1,3,0,3,0,1,2,0,0,0,0,2,0,1,2,0,0,1,1,1,1,1,0,1,0,1,0,0,3,1,0,1,0,0,0,1,0,0,1,0,1,0,1,0,0,1,0,1,0,3,1,0,3,1,0,0,0,0,0,0,0,0,3,0,1,0,0,3,1,0,1,0,0,2,1,0,0,0,0,0,0,1,0,0,0,0,0
0,0,1,0,0,0,0,1,1,0,1,0,0,0,0,0,0,1,0,0,0,0,0,1,0,0,0,0,0,0,0,0,1,0,0,2,0,0,1,0,0,0,0,0,0,0,0,0,1,0,0,0,0,0,0,1,0,0,0,0,0,0,0,0,0,0,1,0,0,0,1,1,0,1,1,0,0,0,0,0,1,0,1,0,0,1,1,0,0,0,0,0,0,0,1,0,0,0,0,1,0,1,0,0,0,0,0,0,1,0,1,0,0,0,0,1,0,1,1,0,0,0,0,0,0,0,1,0,0,0,1,0,0,0,1,0,0,0,0,1,0,0,0,0,0,0,1,0,0,0,0,0,1,0,0,0,0,0,0,0,0,0,0,0,0,0,2,0,0,0,0,0,0,1,0,0,0,0,0,0,0,0,1,1,0,0,0,0,0,1,1,0,1,0,0,0,0,0,0,0,0,0,1,0,0,0,0,0,2,0,0,1,0,1,0,1,0,0,2,0,0,1,0,1,0,0,0,1,0,0,0,1,0,0,0,0,0,0,0,0,0,0,0,0,1,0,0,0,0,0,0,0,0,0,0,0
0,0,1,0,0,0,0,0,1,0,1,0,0,1,0,0,0,1,0,0,0,1,0,0,0,0,0,0,0,0,0,0,1,0,0,0,0,0,1,0,0,0,1,0,0,1,0,0,1,0,0,0,0,0,0,0,0,0,0,0,0,0,0,0,0,0,0,0,0,0,1,0,0,1,1,0,0,0,1,0,0,0,1,0,0,0,1,0,0,0,0,0,0,0,0,0,0,0,0,0,0,0,0,0,0,0,0,0,1,0,0,0,0,0,0,1,1,1,0,0,0,0,0,0,0,0,1,0,0,0,1,0,0,0,1,1,0,0,0,1,0,0,0,0,0,0,1,0,0,0,0,0,1,0,0,0,1,1,0,0,0,0,1,1,0,0,1,0,0,0,1,0,0,1,0,0,1,0,1,0,0,0,0,0,1,1,1,0,0,2,0,0,1,0,0,0,0,0,0,0,1,0,0,0,0,0,0,0,1,0,0,1,0,0,0,1,0,0,2,0,0,0,0,1,0,0,0,1,0,0,0,0,0,0,0,0,0,0,1,0,1,0,0,0,1,0,0,0,0,0,0,0,0,0,0,2
0,0,0,0,0,0,0,0,0,0,0,0,0,0,0,0,0,0,0,0,0,0,0,0,0,0,0,0,0,0,0,0,2,0,0,0,0,0,0,0,0,0,0,0,0,0,0,0,0,0,0,0,0,0,0,1,0,0,0,0,0,0,0,0,0,0,0,0,0,0,2,1,0,2,1,0,1,0,0,0,0,0,0,0,0,1,3,1,0,1,0,0,0,0,0,0,0,0,0,0,2,0,1,0,0,0,0,0,2,0,1,1,0,0,0,2,0,0,0,0,0,0,0,0,0,0,3,0,0,0,2,0,0,0,0,0,0,0,0,2,0,0,0,0,0,0,0,0,0,0,0,0,2,0,0,0,2,0,0,0,0,0,0,0,0,0,0,0,0,0,0,0,0,0,0,1,0,0,0,0,0,0,0,0,0,0,0,0,0,0,0,0,2,0,0,0,0,0,0,0,0,0,0,1,0,0,0,0,0,0,0,2,0,3,0,0,1,1,2,2,0,1,0,0,0,0,0,2,0,0,0,0,0,0,0,0,0,0,0,0,0,0,0,0,2,0,0,0,0,0,0,0,0,0,0,0
0,0,0,0,0,0,0,0,0,0,0,0,1,1,0,0,0,0,0,0,0,0,0,0,0,0,1,0,0,0,0,0,1,0,2,0,0,0,0,0,0,0,0,0,0,0,0,1,0,0,0,0,0,0,0,0,1,0,0,0,0,0,1,0,0,0,0,0,0,0,1,0,0,1,0,0,0,1,0,0,0,0,0,0,0,0,2,0,0,2,0,0,2,1,0,0,0,0,0,0,0,0,0,0,0,1,0,0,1,0,0,0,0,0,0,1,0,0,0,0,0,0,0,0,0,0,1,0,1,0,1,0,0,0,0,0,2,0,0,1,0,0,0,0,1,1,0,0,1,0,0,0,1,0,0,1,1,1,1,1,0,0,0,1,0,0,1,1,1,0,0,0,0,0,0,0,0,1,0,0,0,0,0,0,1,0,0,0,0,0,0,0,1,0,0,0,0,1,0,0,0,0,2,2,0,0,0,1,0,0,2,1,0,2,0,1,0,1,1,0,0,1,0,0,0,0,0,1,0,0,0,0,0,0,0,0,0,1,0,0,0,0,0,0,2,0,0,0,0,0,1,0,0,0,0,0
0,0,1,0,0,0,0,0,5,0,0,0,0,0,0,0,0,0,1,0,0,0,0,1,0,0,0,1,0,1,0,0,1,0,0,0,0,0,0,1,0,0,0,0,0,0,0,0,0,0,0,0,0,0,0,0,0,0,1,0,0,0,1,0,0,1,0,0,0,0,2,1,0,2,2,0,0,0,0,0,0,0,0,0,1,1,3,0,0,1,0,0,0,0,0,0,1,0,0,0,0,0,0,0,0,0,0,0,2,0,0,0,0,0,0,1,0,0,0,0,0,0,0,0,0,0,2,0,0,1,2,0,0,0,1,0,0,1,0,3,0,0,0,0,0,0,0,0,0,0,0,0,1,0,0,0,1,0,1,0,0,0,0,0,0,0,0,0,0,0,0,0,0,0,0,0,0,0,0,0,0,0,0,0,0,0,0,0,0,3,0,0,2,0,0,1,0,0,0,0,0,0,0,0,0,0,0,1,1,0,0,2,0,1,0,0,0,1,3,0,0,2,0,0,0,0,0,1,1,0,0,0,0,0,0,0,0,0,1,0,0,0,0,0,1,0,0,1,0,0,0,0,1,0,0,4
0,0,2,0,0,0,0,0,2,0,1,0,0,0,0,0,0,1,0,0,0,0,0,0,0,0,0,0,0,0,0,0,1,0,0,1,0,0,1,1,0,0,1,0,0,0,0,0,1,0,0,0,0,1,0,2,2,1,0,0,0,0,0,0,0,0,0,0,0,0,1,0,0,1,2,0,0,0,0,1,0,0,0,0,1,0,2,0,0,1,0,0,0,0,0,0,0,0,0,0,0,0,0,0,0,0,0,0,1,0,0,1,0,0,0,1,0,0,2,0,1,0,0,0,0,0,0,0,0,0,1,0,0,0,1,0,0,0,0,1,0,0,0,0,0,0,1,0,0,0,0,0,0,0,0,0,0,0,0,0,0,0,0,0,0,0,1,0,0,1,1,0,0,1,0,0,0,0,0,0,1,0,1,0,0,0,0,0,0,2,0,0,1,0,0,0,0,0,0,0,0,0,0,0,0,0,0,0,1,0,0,1,0,0,0,1,0,0,3,0,0,0,0,1,0,0,0,0,0,0,0,0,0,0,1,0,0,0,1,0,0,0,0,0,0,0,0,0,0,0,0,0,0,0,0,1
0,0,0,0,0,0,0,0,0,0,0,1,0,0,0,0,0,0,0,0,2,0,0,0,0,0,1,1,0,0,2,0,1,0,1,1,0,0,0,1,0,0,0,1,0,0,0,0,0,0,0,0,0,0,1,1,0,0,0,0,0,0,0,1,0,0,0,0,0,0,1,0,0,1,0,0,0,0,0,0,1,0,1,0,0,2,1,0,0,0,0,0,0,0,0,0,1,2,0,0,1,0,0,0,0,0,0,0,1,0,0,1,0,0,0,0,0,2,0,0,0,0,0,0,0,0,2,0,1,0,1,0,0,0,0,3,0,0,3,2,1,0,0,0,0,0,0,2,0,0,0,0,1,0,0,1,0,0,0,1,0,0,0,2,0,1,1,0,0,0,0,0,0,0,0,0,0,0,0,2,0,0,1,0,0,1,0,0,1,1,0,0,3,1,0,0,1,0,0,0,0,0,1,0,0,0,0,0,0,0,0,1,0,2,0,0,1,0,1,0,0,2,0,0,2,0,0,1,0,0,0,0,0,0,0,0,0,0,0,0,0,0,0,0,1,0,1,0,1,0,0,2,0,0,1,0
0,0,0,0,0,0,0,1,0,0,0,0,0,0,0,1,0,0,0,0,0,0,0,0,0,0,0,0,0,0,0,0,2,0,0,2,0,0,0,0,0,0,0,0,2,0,0,0,0,0,0,0,0,0,0,0,0,0,0,0,0,0,0,0,0,0,0,0,0,1,2,0,0,2,0,0,0,0,0,0,0,0,1,0,0,0,2,0,1,0,0,0,0,0,0,0,0,0,0,0,1,0,0,0,0,0,0,1,2,0,1,3,0,1,0,2,1,0,0,1,0,0,0,1,0,0,3,0,0,3,3,0,0,0,1,0,0,0,0,3,0,0,0,0,0,0,0,0,0,0,0,0,2,0,0,0,4,0,0,0,0,0,0,0,0,0,0,0,0,0,0,1,0,0,0,0,0,1,0,0,0,0,0,0,0,0,0,0,0,0,0,0,2,0,0,0,0,0,0,0,1,0,1,0,1,0,0,0,0,1,1,2,0,2,0,0,0,1,2,0,0,1,0,0,0,0,0,2,0,0,0,0,0,0,0,0,0,0,0,0,0,0,0,0,2,1,0,0,0,0,0,0,0,0,0,0
0,0,1,0,0,0,0,1,1,0,1,0,0,0,0,0,0,1,0,2,0,0,0,0,0,1,0,0,0,0,0,0,1,0,0,0,0,0,1,0,0,0,0,0,0,0,0,0,2,2,0,0,0,0,0,3,0,2,0,0,0,0,0,0,1,0,0,0,0,0,1,0,0,0,1,0,1,0,0,1,0,0,0,1,0,0,0,0,1,1,0,0,0,0,1,0,0,0,0,0,0,0,0,1,1,1,0,1,0,0,0,0,0,1,0,0,0,0,0,0,0,0,0,0,0,0,0,0,1,1,0,1,0,0,1,0,0,0,0,0,0,0,2,0,0,1,1,0,0,0,0,0,0,0,0,4,0,0,0,0,0,0,0,0,0,0,2,0,0,0,0,0,0,1,0,0,0,0,0,0,1,0,4,1,1,0,2,0,0,3,1,0,0,0,0,0,0,0,1,0,0,0,0,0,0,0,1,0,1,0,0,0,0,0,2,1,1,1,1,0,0,0,2,1,0,0,0,0,0,0,0,0,0,1,2,0,0,0,0,0,0,0,0,0,3,0,0,0,0,0,0,0,0,1,0,0
0,0,0,0,0,0,0,1,0,0,0,0,0,0,0,2,0,0,0,0,0,1,0,1,0,0,0,0,0,0,0,0,2,1,1,2,0,0,0,0,0,0,0,0,0,0,0,0,0,0,0,0,0,0,0,1,0,2,0,0,0,0,0,0,0,0,0,0,0,0,2,0,0,2,0,0,0,0,0,0,0,0,0,0,0,0,2,0,0,1,0,0,0,0,0,0,0,0,0,0,2,0,0,0,0,0,0,0,2,0,2,3,0,0,1,2,0,1,0,0,0,0,0,0,0,0,1,0,0,1,2,0,0,0,0,1,0,1,0,2,0,0,0,0,1,0,0,0,0,0,0,0,2,0,0,0,3,0,0,0,0,0,0,0,0,0,0,0,0,1,0,0,0,0,0,0,0,0,0,0,0,0,0,0,0,0,0,0,1,0,0,0,2,0,0,0,0,1,0,0,0,0,1,0,0,0,0,0,0,0,0,2,0,3,0,0,0,0,2,2,2,1,0,0,0,0,0,2,0,0,0,0,0,0,0,0,0,0,0,1,0,0,0,0,2,0,0,0,0,0,0,0,0,0,1,0
0,0,0,0,0,0,0,0,0,0,0,0,1,0,0,0,0,1,0,0,0,0,0,1,0,1,0,0,0,0,0,0,2,0,0,0,0,0,0,0,0,0,0,0,0,0,0,0,0,0,0,0,0,0,0,0,0,0,0,0,0,0,0,0,0,0,0,0,0,0,2,0,0,2,0,0,0,0,0,0,0,0,0,0,0,0,2,0,0,0,0,0,0,0,0,0,0,0,0,0,4,0,0,0,1,0,0,1,2,0,3,3,0,0,0,3,0,2,0,0,1,0,0,3,0,0,2,0,0,0,2,0,0,0,0,0,0,0,1,2,1,0,0,1,0,0,0,0,0,0,0,0,2,0,0,0,3,0,0,0,0,0,0,1,0,0,0,0,0,0,0,0,0,0,1,0,0,0,0,0,0,0,0,0,0,0,0,0,0,0,0,0,2,0,0,0,0,0,0,0,1,0,2,1,0,0,0,3,2,0,0,2,0,4,0,0,0,0,2,0,0,0,0,0,0,0,0,2,0,0,0,0,0,0,0,0,0,0,1,0,0,0,0,0,4,0,0,0,0,0,1,0,0,0,0,2
